topic,source_header_ns,published_ns
/control/command/control_cmd/debug/published_time,29799360577,1785836201622827905
/control/command/control_cmd/debug/published_time,29849360578,1785836201674472571
/control/command/control_cmd/debug/published_time,29899360579,1785836201723178182
/control/command/control_cmd/debug/published_time,29949360580,1785836201773537720
/control/command/control_cmd/debug/published_time,29999360580,1785836201824206140
/control/command/control_cmd/debug/published_time,30049360581,1785836201873238328
/control/command/control_cmd/debug/published_time,30099360582,1785836201923468242
/control/command/control_cmd/debug/published_time,30149360583,1785836201973535255
/control/command/control_cmd/debug/published_time,30199360583,1785836202023458471
/control/command/control_cmd/debug/published_time,30249360584,1785836202075209563
/control/command/control_cmd/debug/published_time,30299360585,1785836202123531026
/control/command/control_cmd/debug/published_time,30349360586,1785836202173700869
/control/command/control_cmd/debug/published_time,30399360586,1785836202223882183
/control/command/control_cmd/debug/published_time,30449360587,1785836202275096860
/control/command/control_cmd/debug/published_time,30499360588,1785836202323965137
/control/command/control_cmd/debug/published_time,30549360589,1785836202374087589
/control/command/control_cmd/debug/published_time,30599360589,1785836202424607822
/control/command/control_cmd/debug/published_time,30649360590,1785836202474733184
/control/command/control_cmd/debug/published_time,30699360591,1785836202524402677
/control/command/control_cmd/debug/published_time,30749360592,1785836202575016691
/control/command/control_cmd/debug/published_time,30799360592,1785836202625272713
/control/command/control_cmd/debug/published_time,30849360593,1785836202674998200
/control/command/control_cmd/debug/published_time,30899360594,1785836202724612272
/control/command/control_cmd/debug/published_time,30949360594,1785836202774864926
/control/command/control_cmd/debug/published_time,30999360595,1785836202825031460
/control/command/control_cmd/debug/published_time,31049360596,1785836202875303625
/control/command/control_cmd/debug/published_time,31099360597,1785836202925210182
/control/command/control_cmd/debug/published_time,31149360597,1785836202975341703
/control/command/control_cmd/debug/published_time,31199360598,1785836203025177867
/control/command/control_cmd/debug/published_time,31249360599,1785836203075332870
/control/command/control_cmd/debug/published_time,31299360600,1785836203126259801
/control/command/control_cmd/debug/published_time,31349360600,1785836203176121754
/control/command/control_cmd/debug/published_time,31399360601,1785836203225796262
/control/command/control_cmd/debug/published_time,31449360602,1785836203275428519
/control/command/control_cmd/debug/published_time,31499360603,1785836203326178582
/control/command/control_cmd/debug/published_time,31549360603,1785836203377387201
/control/command/control_cmd/debug/published_time,31599360604,1785836203426327291
/control/command/control_cmd/debug/published_time,31649360605,1785836203476374446
/control/command/control_cmd/debug/published_time,31699360606,1785836203526105309
/control/command/control_cmd/debug/published_time,31749360606,1785836203576339262
/control/command/control_cmd/debug/published_time,31799360607,1785836203626302662
/control/command/control_cmd/debug/published_time,31849360608,1785836203677326339
/control/command/control_cmd/debug/published_time,31899360609,1785836203726154462
/control/command/control_cmd/debug/published_time,31949360609,1785836203776425184
/control/command/control_cmd/debug/published_time,31999360610,1785836203826665267
/control/command/control_cmd/debug/published_time,32049360611,1785836203876838925
/control/command/control_cmd/debug/published_time,32099360612,1785836203926819053
/control/command/control_cmd/debug/published_time,32149360612,1785836203977027696
/control/command/control_cmd/debug/published_time,32199360613,1785836204027029139
/control/command/control_cmd/debug/published_time,32249360614,1785836204077390133
/control/command/control_cmd/debug/published_time,32299360615,1785836204127764559
/control/command/control_cmd/debug/published_time,32349360615,1785836204177587183
/control/command/control_cmd/debug/published_time,32399360616,1785836204227295713
/control/command/control_cmd/debug/published_time,32449360617,1785836204277560564
/control/command/control_cmd/debug/published_time,32499360618,1785836204328024244
/control/command/control_cmd/debug/published_time,32549360618,1785836204377914985
/control/command/control_cmd/debug/published_time,32599360619,1785836204428197389
/control/command/control_cmd/debug/published_time,32649360620,1785836204478447255
/control/command/control_cmd/debug/published_time,32699360621,1785836204527732477
/control/command/control_cmd/debug/published_time,32749360621,1785836204578681988
/control/command/control_cmd/debug/published_time,32799360622,1785836204628365985
/control/command/control_cmd/debug/published_time,32849360623,1785836204678480814
/control/command/control_cmd/debug/published_time,32899360624,1785836204728457390
/control/command/control_cmd/debug/published_time,32949360624,1785836204779071571
/control/command/control_cmd/debug/published_time,32999360625,1785836204828652173
/control/command/control_cmd/debug/published_time,33049360626,1785836204878442384
/control/command/control_cmd/debug/published_time,33099360627,1785836204928537303
/control/command/control_cmd/debug/published_time,33149360627,1785836204978555429
/control/command/control_cmd/debug/published_time,33199360628,1785836205029439556
/control/command/control_cmd/debug/published_time,33249360629,1785836205079150435
/control/command/control_cmd/debug/published_time,33299360630,1785836205128938082
/control/command/control_cmd/debug/published_time,33349360630,1785836205179413129
/control/command/control_cmd/debug/published_time,33399360631,1785836205229432597
/control/command/control_cmd/debug/published_time,33449360632,1785836205279421427
/control/command/control_cmd/debug/published_time,33499360632,1785836205329438709
/control/command/control_cmd/debug/published_time,33549360633,1785836205379889782
/control/command/control_cmd/debug/published_time,33599360634,1785836205429723292
/control/command/control_cmd/debug/published_time,33649360635,1785836205479510229
/control/command/control_cmd/debug/published_time,33699360635,1785836205530233990
/control/command/control_cmd/debug/published_time,33749360636,1785836205580033780
/control/command/control_cmd/debug/published_time,33799360637,1785836205629872660
/control/command/control_cmd/debug/published_time,33849360638,1785836205679958886
/control/command/control_cmd/debug/published_time,33899360638,1785836205729999857
/control/command/control_cmd/debug/published_time,33949360639,1785836205779755108
/control/command/control_cmd/debug/published_time,33999360640,1785836205830782559
/control/command/control_cmd/debug/published_time,34049360641,1785836205880263055
/control/command/control_cmd/debug/published_time,34099360641,1785836205930124128
/control/command/control_cmd/debug/published_time,34149360642,1785836205980673646
/control/command/control_cmd/debug/published_time,34199360643,1785836206030366100
/control/command/control_cmd/debug/published_time,34249360644,1785836206080976461
/control/command/control_cmd/debug/published_time,34299360644,1785836206131236476
/control/command/control_cmd/debug/published_time,34349360645,1785836206181474615
/control/command/control_cmd/debug/published_time,34399360646,1785836206230848636
/control/command/control_cmd/debug/published_time,34449360647,1785836206280485976
/control/command/control_cmd/debug/published_time,34499360647,1785836206331090318
/control/command/control_cmd/debug/published_time,34549360648,1785836206381318872
/control/command/control_cmd/debug/published_time,34599360649,1785836206431846451
/control/command/control_cmd/debug/published_time,34649360650,1785836206481916952
/control/command/control_cmd/debug/published_time,34699360650,1785836206531593535
/control/command/control_cmd/debug/published_time,34749360651,1785836206582434771
/control/command/control_cmd/debug/published_time,34799360652,1785836206632166125
/control/command/control_cmd/debug/published_time,34849360653,1785836206681629682
/control/command/control_cmd/debug/published_time,34899360653,1785836206731458515
/control/command/control_cmd/debug/published_time,34949360654,1785836206781612164
/control/command/control_cmd/debug/published_time,34999360655,1785836206831566992
/control/command/control_cmd/debug/published_time,35049360656,1785836206882215934
/control/command/control_cmd/debug/published_time,35099360656,1785836206931982826
/control/command/control_cmd/debug/published_time,35149360657,1785836206981819680
/control/command/control_cmd/debug/published_time,35199360658,1785836207031924427
/control/command/control_cmd/debug/published_time,35249360659,1785836207082797636
/control/command/control_cmd/debug/published_time,35299360659,1785836207131920464
/control/command/control_cmd/debug/published_time,35349360660,1785836207182308661
/control/command/control_cmd/debug/published_time,35399360661,1785836207232634397
/control/command/control_cmd/debug/published_time,35449360662,1785836207282607010
/control/command/control_cmd/debug/published_time,35499360662,1785836207332852533
/control/command/control_cmd/debug/published_time,35549360663,1785836207382862174
/control/command/control_cmd/debug/published_time,35599360664,1785836207433241265
/control/command/control_cmd/debug/published_time,35649360665,1785836207482850116
/control/command/control_cmd/debug/published_time,35699360665,1785836207533342849
/control/command/control_cmd/debug/published_time,35749360666,1785836207583554785
/control/command/control_cmd/debug/published_time,35799360667,1785836207633549312
/control/command/control_cmd/debug/published_time,35849360668,1785836207682845317
/control/command/control_cmd/debug/published_time,35899360668,1785836207732917230
/control/command/control_cmd/debug/published_time,35949360669,1785836207784022250
/control/command/control_cmd/debug/published_time,35999360670,1785836207834653535
/control/command/control_cmd/debug/published_time,36049360670,1785836207883202721
/control/command/control_cmd/debug/published_time,36099360671,1785836207933454714
/control/command/control_cmd/debug/published_time,36149360672,1785836207983248643
/control/command/control_cmd/debug/published_time,36199360673,1785836208033437543
/control/command/control_cmd/debug/published_time,36249360673,1785836208083814315
/control/command/control_cmd/debug/published_time,36299360674,1785836208134384108
/control/command/control_cmd/debug/published_time,36349360675,1785836208184208415
/control/command/control_cmd/debug/published_time,36399360676,1785836208234094237
/control/command/control_cmd/debug/published_time,36449360676,1785836208284334094
/control/command/control_cmd/debug/published_time,36499360677,1785836208333985553
/control/command/control_cmd/debug/published_time,36549360678,1785836208384209368
/control/command/control_cmd/debug/published_time,36599360679,1785836208435164590
/control/command/control_cmd/debug/published_time,36649360679,1785836208484273409
/control/command/control_cmd/debug/published_time,36699360680,1785836208535008249
/control/command/control_cmd/debug/published_time,36749360681,1785836208585075395
/control/command/control_cmd/debug/published_time,36799360682,1785836208635493599
/control/command/control_cmd/debug/published_time,36849360682,1785836208685664634
/control/command/control_cmd/debug/published_time,36899360683,1785836208735211161
/control/command/control_cmd/debug/published_time,36949360684,1785836208785145923
/control/command/control_cmd/debug/published_time,36999360685,1785836208835398523
/control/command/control_cmd/debug/published_time,37049360685,1785836208886091124
/control/command/control_cmd/debug/published_time,37099360686,1785836208935481417
/control/command/control_cmd/debug/published_time,37149360687,1785836208985836076
/control/command/control_cmd/debug/published_time,37199360688,1785836209036702919
/control/command/control_cmd/debug/published_time,37249360688,1785836209085849187
/control/command/control_cmd/debug/published_time,37299360689,1785836209136654753
/control/command/control_cmd/debug/published_time,37349360690,1785836209185723257
/control/command/control_cmd/debug/published_time,37399360691,1785836209236015940
/control/command/control_cmd/debug/published_time,37449360691,1785836209285930292
/control/command/control_cmd/debug/published_time,37499360692,1785836209336112211
/control/command/control_cmd/debug/published_time,37549360693,1785836209386850542
/control/command/control_cmd/debug/published_time,37599360694,1785836209436326476
/control/command/control_cmd/debug/published_time,37649360694,1785836209486590893
/control/command/control_cmd/debug/published_time,37699360695,1785836209536413100
/control/command/control_cmd/debug/published_time,37749360696,1785836209587254121
/control/command/control_cmd/debug/published_time,37799360697,1785836209637410344
/control/command/control_cmd/debug/published_time,37849360697,1785836209686931445
/control/command/control_cmd/debug/published_time,37899360698,1785836209737197856
/control/command/control_cmd/debug/published_time,37949360699,1785836209788310702
/control/command/control_cmd/debug/published_time,37999360700,1785836209837109776
/control/command/control_cmd/debug/published_time,38049360700,1785836209886914830
/control/command/control_cmd/debug/published_time,38099360701,1785836209937441955
/control/command/control_cmd/debug/published_time,38149360702,1785836209987678420
/control/command/control_cmd/debug/published_time,38199360703,1785836210037700163
/control/command/control_cmd/debug/published_time,38249360703,1785836210087850710
/control/command/control_cmd/debug/published_time,38299360704,1785836210137929372
/control/command/control_cmd/debug/published_time,38349360705,1785836210191013398
/control/command/control_cmd/debug/published_time,38399360706,1785836210238212397
/control/command/control_cmd/debug/published_time,38449360706,1785836210289206250
/control/command/control_cmd/debug/published_time,38499360707,1785836210338404136
/control/command/control_cmd/debug/published_time,38549360708,1785836210387901031
/control/command/control_cmd/debug/published_time,38599360708,1785836210438826161
/control/command/control_cmd/debug/published_time,38649360709,1785836210488703019
/control/command/control_cmd/debug/published_time,38699360710,1785836210538617202
/control/command/control_cmd/debug/published_time,38749360711,1785836210588628019
/control/command/control_cmd/debug/published_time,38799360711,1785836210639060633
/control/command/control_cmd/debug/published_time,38849360712,1785836210689647395
/control/command/control_cmd/debug/published_time,38899360713,1785836210739300699
/control/command/control_cmd/debug/published_time,38949360714,1785836210789604477
/control/command/control_cmd/debug/published_time,38999360714,1785836210839295530
/control/command/control_cmd/debug/published_time,39049360715,1785836210888842614
/control/command/control_cmd/debug/published_time,39099360716,1785836210939341080
/control/command/control_cmd/debug/published_time,39149360717,1785836210989319154
/control/command/control_cmd/debug/published_time,39199360717,1785836211039039261
/control/command/control_cmd/debug/published_time,39249360718,1785836211090357180
/control/command/control_cmd/debug/published_time,39299360719,1785836211140019200
/control/command/control_cmd/debug/published_time,39349360720,1785836211189942640
/control/command/control_cmd/debug/published_time,39399360720,1785836211239680304
/control/command/control_cmd/debug/published_time,39449360721,1785836211289410035
/control/command/control_cmd/debug/published_time,39499360722,1785836211339934113
/control/command/control_cmd/debug/published_time,39549360723,1785836211390286164
/control/command/control_cmd/debug/published_time,39599360723,1785836211440827912
/control/command/control_cmd/debug/published_time,39649360724,1785836211489716229
/control/command/control_cmd/debug/published_time,39699360725,1785836211540180622
/control/command/control_cmd/debug/published_time,39749360726,1785836211590871301
/control/command/control_cmd/debug/published_time,39799360726,1785836211640468774
/control/command/control_cmd/debug/published_time,39849360727,1785836211690731590
/control/command/control_cmd/debug/published_time,39899360728,1785836211740759050
/control/command/control_cmd/debug/published_time,39949360729,1785836211791174759
/control/command/control_cmd/debug/published_time,39999360729,1785836211840897041
/control/command/control_cmd/debug/published_time,40049360730,1785836211891459985
/control/command/control_cmd/debug/published_time,40099360731,1785836211940917972
/control/command/control_cmd/debug/published_time,40149360732,1785836211991909156
/control/command/control_cmd/debug/published_time,40199360732,1785836212041703708
/control/command/control_cmd/debug/published_time,40249360733,1785836212091952783
/control/command/control_cmd/debug/published_time,40299360734,1785836212141759264
/control/command/control_cmd/debug/published_time,40349360735,1785836212191936386
/control/command/control_cmd/debug/published_time,40399360735,1785836212241864497
/control/command/control_cmd/debug/published_time,40449360736,1785836212292170301
/control/command/control_cmd/debug/published_time,40499360737,1785836212342490826
/control/command/control_cmd/debug/published_time,40549360738,1785836212392077259
/control/command/control_cmd/debug/published_time,40599360738,1785836212442863121
/control/command/control_cmd/debug/published_time,40649360739,1785836212492993701
/control/command/control_cmd/debug/published_time,40699360740,1785836212543164327
/control/command/control_cmd/debug/published_time,40749360741,1785836212593285022
/control/command/control_cmd/debug/published_time,40799360741,1785836212642768033
/control/command/control_cmd/debug/published_time,40849360742,1785836212695792025
/control/command/control_cmd/debug/published_time,40899360743,1785836212743066064
/control/command/control_cmd/debug/published_time,40949360744,1785836212793433572
/control/command/control_cmd/debug/published_time,40999360744,1785836212843599963
/control/command/control_cmd/debug/published_time,41049360745,1785836212893502742
/control/command/control_cmd/debug/published_time,41099360746,1785836212943475143
/control/command/control_cmd/debug/published_time,41149360746,1785836212993938183
/control/command/control_cmd/debug/published_time,41199360747,1785836213044045192
/control/command/control_cmd/debug/published_time,41249360748,1785836213093782345
/control/command/control_cmd/debug/published_time,41299360749,1785836213144107647
/control/command/control_cmd/debug/published_time,41349360749,1785836213194048005
/control/command/control_cmd/debug/published_time,41399360750,1785836213244362348
/control/command/control_cmd/debug/published_time,41449360751,1785836213294210465
/control/command/control_cmd/debug/published_time,41499360752,1785836213345340143
/control/command/control_cmd/debug/published_time,41549360752,1785836213394661390
/control/command/control_cmd/debug/published_time,41599360753,1785836213444740451
/control/command/control_cmd/debug/published_time,41649360754,1785836213494992872
/control/command/control_cmd/debug/published_time,41699360755,1785836213545060385
/control/command/control_cmd/debug/published_time,41749360755,1785836213595779339
/control/command/control_cmd/debug/published_time,41799360756,1785836213644900105
/control/command/control_cmd/debug/published_time,41849360757,1785836213694776051
/control/command/control_cmd/debug/published_time,41899360758,1785836213745358490
/control/command/control_cmd/debug/published_time,41949360758,1785836213794634280
/control/command/control_cmd/debug/published_time,41999360759,1785836213845292432
/control/command/control_cmd/debug/published_time,42049360760,1785836213895370944
/control/command/control_cmd/debug/published_time,42099360761,1785836213945512979
/control/command/control_cmd/debug/published_time,42149360761,1785836213995597786
/control/command/control_cmd/debug/published_time,42199360762,1785836214045227511
/control/command/control_cmd/debug/published_time,42249360763,1785836214095249459
/control/command/control_cmd/debug/published_time,42299360764,1785836214146106982
/control/command/control_cmd/debug/published_time,42349360764,1785836214195723972
/control/command/control_cmd/debug/published_time,42399360765,1785836214245837680
/control/command/control_cmd/debug/published_time,42449360766,1785836214295636697
/control/command/control_cmd/debug/published_time,42499360767,1785836214346002459
/control/command/control_cmd/debug/published_time,42549360767,1785836214396412231
/control/command/control_cmd/debug/published_time,42599360768,1785836214446693735
/control/command/control_cmd/debug/published_time,42649360769,1785836214496225070
/control/command/control_cmd/debug/published_time,42699360770,1785836214546317118
/control/command/control_cmd/debug/published_time,42749360770,1785836214596379684
/control/command/control_cmd/debug/published_time,42799360771,1785836214647245330
/control/command/control_cmd/debug/published_time,42849360772,1785836214698198129
/control/command/control_cmd/debug/published_time,42899360773,1785836214747161353
/control/command/control_cmd/debug/published_time,42949360773,1785836214797076332
/control/command/control_cmd/debug/published_time,42999360774,1785836214847075058
/control/command/control_cmd/debug/published_time,43049360775,1785836214897243459
/control/command/control_cmd/debug/published_time,43099360776,1785836214947768465
/control/command/control_cmd/debug/published_time,43149360776,1785836214996901732
/control/command/control_cmd/debug/published_time,43199360777,1785836215046919057
/control/command/control_cmd/debug/published_time,43249360778,1785836215097440044
/control/command/control_cmd/debug/published_time,43299360779,1785836215147774336
/control/command/control_cmd/debug/published_time,43349360779,1785836215197559870
/control/command/control_cmd/debug/published_time,43399360780,1785836215248517372
/control/command/control_cmd/debug/published_time,43449360781,1785836215297382684
/control/command/control_cmd/debug/published_time,43499360781,1785836215348290997
/control/command/control_cmd/debug/published_time,43549360782,1785836215397743560
/control/command/control_cmd/debug/published_time,43599360783,1785836215448409551
/control/command/control_cmd/debug/published_time,43649360784,1785836215498404487
/control/command/control_cmd/debug/published_time,43699360784,1785836215548030875
/control/command/control_cmd/debug/published_time,43749360785,1785836215599243695
/control/command/control_cmd/debug/published_time,43799360786,1785836215648553915
/control/command/control_cmd/debug/published_time,43849360787,1785836215698839348
/control/command/control_cmd/debug/published_time,43899360787,1785836215749098167
/control/command/control_cmd/debug/published_time,43949360788,1785836215798890110
/control/command/control_cmd/debug/published_time,43999360789,1785836215848845751
/control/command/control_cmd/debug/published_time,44049360790,1785836215899164446
/control/command/control_cmd/debug/published_time,44099360790,1785836215949833787
/control/command/control_cmd/debug/published_time,44149360791,1785836215999577728
/control/command/control_cmd/debug/published_time,44199360792,1785836216049539609
/control/command/control_cmd/debug/published_time,44249360793,1785836216099292979
/control/command/control_cmd/debug/published_time,44299360793,1785836216149640175
/control/command/control_cmd/debug/published_time,44349360794,1785836216200154266
/control/command/control_cmd/debug/published_time,44399360795,1785836216249716743
/control/command/control_cmd/debug/published_time,44449360796,1785836216300093552
/control/command/control_cmd/debug/published_time,44499360796,1785836216350327178
/control/command/control_cmd/debug/published_time,44549360797,1785836216400035309
/control/command/control_cmd/debug/published_time,44599360798,1785836216450758235
/control/command/control_cmd/debug/published_time,44649360799,1785836216500503635
/control/command/control_cmd/debug/published_time,44699360799,1785836216550097131
/control/command/control_cmd/debug/published_time,44749360800,1785836216600634622
/control/command/control_cmd/debug/published_time,44799360801,1785836216650214199
/control/command/control_cmd/debug/published_time,44849360802,1785836216701228836
/control/command/control_cmd/debug/published_time,44899360802,1785836216750583277
/control/command/control_cmd/debug/published_time,44949360803,1785836216800804684
/control/command/control_cmd/debug/published_time,44999360804,1785836216851429121
/control/command/control_cmd/debug/published_time,45049360805,1785836216901927108
/control/command/control_cmd/debug/published_time,45099360805,1785836216951006005
/control/command/control_cmd/debug/published_time,45149360806,1785836217001767907
/control/command/control_cmd/debug/published_time,45199360807,1785836217051485234
/control/command/control_cmd/debug/published_time,45249360808,1785836217101146095
/control/command/control_cmd/debug/published_time,45299360808,1785836217152330339
/control/command/control_cmd/debug/published_time,45349360809,1785836217201381098
/control/command/control_cmd/debug/published_time,45399360810,1785836217251277886
/control/command/control_cmd/debug/published_time,45449360811,1785836217301260046
/control/command/control_cmd/debug/published_time,45499360811,1785836217352095612
/control/command/control_cmd/debug/published_time,45549360812,1785836217401613314
/control/command/control_cmd/debug/published_time,45599360813,1785836217452093327
/control/command/control_cmd/debug/published_time,45649360814,1785836217501278648
/control/command/control_cmd/debug/published_time,45699360814,1785836217551583073
/control/command/control_cmd/debug/published_time,45749360815,1785836217602156807
/control/command/control_cmd/debug/published_time,45799360816,1785836217652656386
/control/command/control_cmd/debug/published_time,45849360817,1785836217701874160
/control/command/control_cmd/debug/published_time,45899360817,1785836217752220922
/control/command/control_cmd/debug/published_time,45949360818,1785836217802494106
/control/command/control_cmd/debug/published_time,45999360819,1785836217852343812
/control/command/control_cmd/debug/published_time,46049360819,1785836217903070585
/control/command/control_cmd/debug/published_time,46099360820,1785836217952464817
/control/command/control_cmd/debug/published_time,46149360821,1785836218002563797
/control/command/control_cmd/debug/published_time,46199360822,1785836218053136701
/control/command/control_cmd/debug/published_time,46249360822,1785836218102526513
/control/command/control_cmd/debug/published_time,46299360823,1785836218153247195
/control/command/control_cmd/debug/published_time,46349360824,1785836218203159546
/control/command/control_cmd/debug/published_time,46399360825,1785836218252968652
/control/command/control_cmd/debug/published_time,46449360825,1785836218303404590
/control/command/control_cmd/debug/published_time,46499360826,1785836218353780946
/control/command/control_cmd/debug/published_time,46549360827,1785836218402996581
/control/command/control_cmd/debug/published_time,46599360828,1785836218453205623
/control/command/control_cmd/debug/published_time,46649360828,1785836218503395159
/control/command/control_cmd/debug/published_time,46699360829,1785836218553436853
/control/command/control_cmd/debug/published_time,46749360830,1785836218603302215
/control/command/control_cmd/debug/published_time,46799360831,1785836218653475391
/control/command/control_cmd/debug/published_time,46849360831,1785836218703522662
/control/command/control_cmd/debug/published_time,46899360832,1785836218753852262
/control/command/control_cmd/debug/published_time,46949360833,1785836218804564164
/control/command/control_cmd/debug/published_time,46999360834,1785836218854093110
/control/command/control_cmd/debug/published_time,47049360834,1785836218904117433
/control/command/control_cmd/debug/published_time,47099360835,1785836218954095223
/control/command/control_cmd/debug/published_time,47149360836,1785836219004731081
/control/command/control_cmd/debug/published_time,47199360837,1785836219053974468
/control/command/control_cmd/debug/published_time,47249360837,1785836219104898242
/control/command/control_cmd/debug/published_time,47299360838,1785836219154612813
/control/command/control_cmd/debug/published_time,47349360839,1785836219204519700
/control/command/control_cmd/debug/published_time,47399360840,1785836219255173716
/control/command/control_cmd/debug/published_time,47449360840,1785836219305076908
/control/command/control_cmd/debug/published_time,47499360841,1785836219354818522
/control/command/control_cmd/debug/published_time,47549360842,1785836219405242196
/control/command/control_cmd/debug/published_time,47599360843,1785836219454953117
/control/command/control_cmd/debug/published_time,47649360843,1785836219505006262
/control/command/control_cmd/debug/published_time,47699360844,1785836219555347513
/control/command/control_cmd/debug/published_time,47749360845,1785836219605105505
/control/command/control_cmd/debug/published_time,47799360846,1785836219655280880
/control/command/control_cmd/debug/published_time,47849360846,1785836219705313224
/control/command/control_cmd/debug/published_time,47899360847,1785836219755418352
/control/command/control_cmd/debug/published_time,47949360848,1785836219806162254
/control/command/control_cmd/debug/published_time,47999360849,1785836219855115899
/control/command/control_cmd/debug/published_time,48049360849,1785836219905641580
/control/command/control_cmd/debug/published_time,48099360850,1785836219957229461
/control/command/control_cmd/debug/published_time,48149360851,1785836220005496577
/control/command/control_cmd/debug/published_time,48199360852,1785836220055462751
/control/command/control_cmd/debug/published_time,48249360852,1785836220106007723
/control/command/control_cmd/debug/published_time,48299360853,1785836220155902927
/control/command/control_cmd/debug/published_time,48349360854,1785836220206394017
/control/command/control_cmd/debug/published_time,48399360855,1785836220256228293
/control/command/control_cmd/debug/published_time,48449360855,1785836220306395943
/control/command/control_cmd/debug/published_time,48499360856,1785836220356546896
/control/command/control_cmd/debug/published_time,48549360857,1785836220406382670
/control/command/control_cmd/debug/published_time,48599360857,1785836220456356416
/control/command/control_cmd/debug/published_time,48649360858,1785836220506879383
/control/command/control_cmd/debug/published_time,48699360859,1785836220557055879
/control/command/control_cmd/debug/published_time,48749360860,1785836220606401998
/control/command/control_cmd/debug/published_time,48799360860,1785836220656963740
/control/command/control_cmd/debug/published_time,48849360861,1785836220707804690
/control/command/control_cmd/debug/published_time,48899360862,1785836220757350662
/control/command/control_cmd/debug/published_time,48949360863,1785836220806822170
/control/command/control_cmd/debug/published_time,48999360863,1785836220857094704
/control/command/control_cmd/debug/published_time,49049360864,1785836220907060776
/control/command/control_cmd/debug/published_time,49099360865,1785836220957045899
/control/command/control_cmd/debug/published_time,49149360866,1785836221007527058
/control/command/control_cmd/debug/published_time,49199360866,1785836221058168282
/control/command/control_cmd/debug/published_time,49249360867,1785836221107620346
/control/command/control_cmd/debug/published_time,49299360868,1785836221157962580
/control/command/control_cmd/debug/published_time,49349360869,1785836221207545078
/control/command/control_cmd/debug/published_time,49399360869,1785836221257617529
/control/command/control_cmd/debug/published_time,49449360870,1785836221307756657
/control/command/control_cmd/debug/published_time,49499360871,1785836221358344329
/control/command/control_cmd/debug/published_time,49549360872,1785836221408127781
/control/command/control_cmd/debug/published_time,49599360872,1785836221459223699
/control/command/control_cmd/debug/published_time,49649360873,1785836221509065923
/control/command/control_cmd/debug/published_time,49699360874,1785836221558224781
/control/command/control_cmd/debug/published_time,49749360875,1785836221608468853
/control/command/control_cmd/debug/published_time,49799360875,1785836221658760236
/control/command/control_cmd/debug/published_time,49849360876,1785836221708611745
/control/command/control_cmd/debug/published_time,49899360877,1785836221758789085
/control/command/control_cmd/debug/published_time,49949360878,1785836221809745580
/control/command/control_cmd/debug/published_time,49999360878,1785836221858913723
/control/command/control_cmd/debug/published_time,50049360879,1785836221909164103
/control/command/control_cmd/debug/published_time,50099360880,1785836221959275806
/control/command/control_cmd/debug/published_time,50149360881,1785836222009730677
/control/command/control_cmd/debug/published_time,50199360881,1785836222059129029
/control/command/control_cmd/debug/published_time,50249360882,1785836222109355545
/control/command/control_cmd/debug/published_time,50299360883,1785836222159622066
/control/command/control_cmd/debug/published_time,50349360884,1785836222209505660
/control/command/control_cmd/debug/published_time,50399360884,1785836222259654582
/control/command/control_cmd/debug/published_time,50449360885,1785836222310008391
/control/command/control_cmd/debug/published_time,50499360886,1785836222359538936
/control/command/control_cmd/debug/published_time,50549360887,1785836222409574018
/control/command/control_cmd/debug/published_time,50599360887,1785836222460367624
/control/command/control_cmd/debug/published_time,50649360888,1785836222510042194
/control/command/control_cmd/debug/published_time,50699360889,1785836222560761469
/control/command/control_cmd/debug/published_time,50749360890,1785836222610223700
/control/command/control_cmd/debug/published_time,50799360890,1785836222660053599
/control/command/control_cmd/debug/published_time,50849360891,1785836222710774728
/control/command/control_cmd/debug/published_time,50899360892,1785836222760720015
/control/command/control_cmd/debug/published_time,50949360893,1785836222811133891
/control/command/control_cmd/debug/published_time,50999360893,1785836222860752597
/control/command/control_cmd/debug/published_time,51049360894,1785836222910784737
/control/command/control_cmd/debug/published_time,51099360895,1785836222961123776
/control/command/control_cmd/debug/published_time,51149360895,1785836223011064957
/control/command/control_cmd/debug/published_time,51199360896,1785836223061061683
/control/command/control_cmd/debug/published_time,51249360897,1785836223111815409
/control/command/control_cmd/debug/published_time,51299360898,1785836223161405845
/control/command/control_cmd/debug/published_time,51349360898,1785836223211624479
/control/command/control_cmd/debug/published_time,51399360899,1785836223262612182
/control/command/control_cmd/debug/published_time,51449360900,1785836223311474013
/control/command/control_cmd/debug/published_time,51499360901,1785836223361775019
/control/command/control_cmd/debug/published_time,51549360901,1785836223412038874
/control/command/control_cmd/debug/published_time,51599360902,1785836223462201748
/control/command/control_cmd/debug/published_time,51649360903,1785836223512276522
/control/command/control_cmd/debug/published_time,51699360904,1785836223562277458
/control/command/control_cmd/debug/published_time,51749360904,1785836223612389013
/control/command/control_cmd/debug/published_time,51799360905,1785836223662175487
/control/command/control_cmd/debug/published_time,51849360906,1785836223713420846
/control/command/control_cmd/debug/published_time,51899360907,1785836223762505558
/control/command/control_cmd/debug/published_time,51949360907,1785836223812620182
/control/command/control_cmd/debug/published_time,51999360908,1785836223862851411
/control/command/control_cmd/debug/published_time,52049360909,1785836223912688456
/control/command/control_cmd/debug/published_time,52099360910,1785836223963078798
/control/command/control_cmd/debug/published_time,52149360910,1785836224013637480
/control/command/control_cmd/debug/published_time,52199360911,1785836224063325925
/control/command/control_cmd/debug/published_time,52249360912,1785836224113452330
/control/command/control_cmd/debug/published_time,52299360913,1785836224163715888
/control/command/control_cmd/debug/published_time,52349360913,1785836224213510839
/control/command/control_cmd/debug/published_time,52399360914,1785836224263552328
/control/command/control_cmd/debug/published_time,52449360915,1785836224315146017
/control/command/control_cmd/debug/published_time,52499360916,1785836224363899435
/control/command/control_cmd/debug/published_time,52549360916,1785836224413504623
/control/command/control_cmd/debug/published_time,52599360917,1785836224463969909
/control/command/control_cmd/debug/published_time,52649360918,1785836224514039958
/control/command/control_cmd/debug/published_time,52699360919,1785836224564014751
/control/command/control_cmd/debug/published_time,52749360919,1785836224613938102
/control/command/control_cmd/debug/published_time,52799360920,1785836224664987256
/control/command/control_cmd/debug/published_time,52849360921,1785836224715038411
/control/command/control_cmd/debug/published_time,52899360922,1785836224764411924
/control/command/control_cmd/debug/published_time,52949360922,1785836224814739109
/control/command/control_cmd/debug/published_time,52999360923,1785836224864344732
/control/command/control_cmd/debug/published_time,53049360924,1785836224914486792
/control/command/control_cmd/debug/published_time,53099360925,1785836224965251840
/control/command/control_cmd/debug/published_time,53149360925,1785836225015688310
/control/command/control_cmd/debug/published_time,53199360926,1785836225065154898
/control/command/control_cmd/debug/published_time,53249360927,1785836225115603777
/control/command/control_cmd/debug/published_time,53299360928,1785836225164911113
/control/command/control_cmd/debug/published_time,53349360928,1785836225215885302
/control/command/control_cmd/debug/published_time,53399360929,1785836225265509382
/control/command/control_cmd/debug/published_time,53449360930,1785836225315671411
/control/command/control_cmd/debug/published_time,53499360931,1785836225365407979
/control/command/control_cmd/debug/published_time,53549360931,1785836225416662889
/control/command/control_cmd/debug/published_time,53599360932,1785836225466292007
/control/command/control_cmd/debug/published_time,53649360933,1785836225516035343
/control/command/control_cmd/debug/published_time,53699360933,1785836225566469499
/control/command/control_cmd/debug/published_time,53749360934,1785836225616653266
/control/command/control_cmd/debug/published_time,53799360935,1785836225666591351
/control/command/control_cmd/debug/published_time,53849360936,1785836225716513338
/control/command/control_cmd/debug/published_time,53899360936,1785836225766377190
/control/command/control_cmd/debug/published_time,53949360937,1785836225816964023
/control/command/control_cmd/debug/published_time,53999360938,1785836225867112286
/control/command/control_cmd/debug/published_time,54049360939,1785836225916563639
/control/command/control_cmd/debug/published_time,54099360939,1785836225966861780
/control/command/control_cmd/debug/published_time,54149360940,1785836226017263722
/control/command/control_cmd/debug/published_time,54199360941,1785836226066894599
/control/command/control_cmd/debug/published_time,54249360942,1785836226117993114
/control/command/control_cmd/debug/published_time,54299360942,1785836226167256640
/control/command/control_cmd/debug/published_time,54349360943,1785836226217692268
/control/command/control_cmd/debug/published_time,54399360944,1785836226267460676
/control/command/control_cmd/debug/published_time,54449360945,1785836226317513455
/control/command/control_cmd/debug/published_time,54499360945,1785836226367415564
/control/command/control_cmd/debug/published_time,54549360946,1785836226418305034
/control/command/control_cmd/debug/published_time,54599360947,1785836226468561965
/control/command/control_cmd/debug/published_time,54649360948,1785836226517955562
/control/command/control_cmd/debug/published_time,54699360948,1785836226568381581
/control/command/control_cmd/debug/published_time,54749360949,1785836226618306319
/control/command/control_cmd/debug/published_time,54799360950,1785836226668060294
/control/command/control_cmd/debug/published_time,54849360951,1785836226718067365
/control/command/control_cmd/debug/published_time,54899360951,1785836226768271940
/control/command/control_cmd/debug/published_time,54949360952,1785836226818345515
/control/command/control_cmd/debug/published_time,54999360953,1785836226868517292
/control/command/control_cmd/debug/published_time,55049360954,1785836226918516764
/control/command/control_cmd/debug/published_time,55099360954,1785836226968050695
/control/command/control_cmd/debug/published_time,55149360955,1785836227018867819
/control/command/control_cmd/debug/published_time,55199360956,1785836227069308886
/control/command/control_cmd/debug/published_time,55249360957,1785836227118430663
/control/command/control_cmd/debug/published_time,55299360957,1785836227168889849
/control/command/control_cmd/debug/published_time,55349360958,1785836227218620311
/control/command/control_cmd/debug/published_time,55399360959,1785836227268998956
/control/command/control_cmd/debug/published_time,55449360960,1785836227318581985
/control/command/control_cmd/debug/published_time,55499360960,1785836227369237140
/control/command/control_cmd/debug/published_time,55549360961,1785836227419320624
/control/command/control_cmd/debug/published_time,55599360962,1785836227470341830
/control/command/control_cmd/debug/published_time,55649360963,1785836227519077083
/control/command/control_cmd/debug/published_time,55699360963,1785836227569091315
/control/command/control_cmd/debug/published_time,55749360964,1785836227620014359
/control/command/control_cmd/debug/published_time,55799360965,1785836227670069112
/control/command/control_cmd/debug/published_time,55849360966,1785836227719531019
/control/command/control_cmd/debug/published_time,55899360966,1785836227770034801
/control/command/control_cmd/debug/published_time,55949360967,1785836227819615454
/control/command/control_cmd/debug/published_time,55999360968,1785836227870059070
/control/command/control_cmd/debug/published_time,56049360969,1785836227920134390
/control/command/control_cmd/debug/published_time,56099360969,1785836227970418888
/control/command/control_cmd/debug/published_time,56149360970,1785836228020507959
/control/command/control_cmd/debug/published_time,56199360971,1785836228071103326
/control/command/control_cmd/debug/published_time,56249360971,1785836228120449689
/control/command/control_cmd/debug/published_time,56299360972,1785836228170361987
/control/command/control_cmd/debug/published_time,56349360973,1785836228220911656
/control/command/control_cmd/debug/published_time,56399360974,1785836228270515998
/control/command/control_cmd/debug/published_time,56449360974,1785836228320732726
/control/command/control_cmd/debug/published_time,56499360975,1785836228371089099
/control/command/control_cmd/debug/published_time,56549360976,1785836228421533589
/control/command/control_cmd/debug/published_time,56599360977,1785836228471066338
/control/command/control_cmd/debug/published_time,56649360977,1785836228521230012
/control/command/control_cmd/debug/published_time,56699360978,1785836228571483306
/control/command/control_cmd/debug/published_time,56749360979,1785836228622204506
/control/command/control_cmd/debug/published_time,56799360980,1785836228671737171
/control/command/control_cmd/debug/published_time,56849360980,1785836228721887267
/control/command/control_cmd/debug/published_time,56899360981,1785836228771533025
/control/command/control_cmd/debug/published_time,56949360982,1785836228821405859
/control/command/control_cmd/debug/published_time,56999360983,1785836228871644545
/control/command/control_cmd/debug/published_time,57049360983,1785836228922387646
/control/command/control_cmd/debug/published_time,57099360984,1785836228972148203
/control/command/control_cmd/debug/published_time,57149360985,1785836229022365545
/control/command/control_cmd/debug/published_time,57199360986,1785836229072713254
/control/command/control_cmd/debug/published_time,57249360986,1785836229122246944
/control/command/control_cmd/debug/published_time,57299360987,1785836229173108824
/control/command/control_cmd/debug/published_time,57349360988,1785836229222521114
/control/command/control_cmd/debug/published_time,57399360989,1785836229272662041
/control/command/control_cmd/debug/published_time,57449360989,1785836229322571954
/control/command/control_cmd/debug/published_time,57499360990,1785836229373367857
/control/command/control_cmd/debug/published_time,57549360991,1785836229423648846
/control/command/control_cmd/debug/published_time,57599360992,1785836229473387446
/control/command/control_cmd/debug/published_time,57649360992,1785836229523712423
/control/command/control_cmd/debug/published_time,57699360993,1785836229573399336
/control/command/control_cmd/debug/published_time,57749360994,1785836229623273231
/control/command/control_cmd/debug/published_time,57799360995,1785836229673643526
/control/command/control_cmd/debug/published_time,57849360995,1785836229723354829
/control/command/control_cmd/debug/published_time,57899360996,1785836229773620026
/control/command/control_cmd/debug/published_time,57949360997,1785836229823826602
/control/command/control_cmd/debug/published_time,57999360998,1785836229873864654
/control/command/control_cmd/debug/published_time,58049360998,1785836229924297899
/control/command/control_cmd/debug/published_time,58099360999,1785836229974414065
/control/command/control_cmd/debug/published_time,58149361000,1785836230024094653
/control/command/control_cmd/debug/published_time,58199361001,1785836230074820712
/control/command/control_cmd/debug/published_time,58249361001,1785836230124443753
/control/command/control_cmd/debug/published_time,58299361002,1785836230174817960
/control/command/control_cmd/debug/published_time,58349361003,1785836230224347874
/control/command/control_cmd/debug/published_time,58399361004,1785836230275030678
/control/command/control_cmd/debug/published_time,58449361004,1785836230325404431
/control/command/control_cmd/debug/published_time,58499361005,1785836230375018144
/control/command/control_cmd/debug/published_time,58549361006,1785836230424712274
/control/command/control_cmd/debug/published_time,58599361007,1785836230475557191
/control/command/control_cmd/debug/published_time,58649361007,1785836230525453516
/control/command/control_cmd/debug/published_time,58699361008,1785836230575134009
/control/command/control_cmd/debug/published_time,58749361009,1785836230626174977
/control/command/control_cmd/debug/published_time,58799361009,1785836230675603089
/control/command/control_cmd/debug/published_time,58849361010,1785836230726416690
/control/command/control_cmd/debug/published_time,58899361011,1785836230775410670
/control/command/control_cmd/debug/published_time,58949361012,1785836230825814909
/control/command/control_cmd/debug/published_time,58999361012,1785836230875093813
/control/command/control_cmd/debug/published_time,59049361013,1785836230926612859
/control/command/control_cmd/debug/published_time,59099361014,1785836230975684690
/control/command/control_cmd/debug/published_time,59149361015,1785836231025732817
/control/command/control_cmd/debug/published_time,59199361015,1785836231076630146
/control/command/control_cmd/debug/published_time,59249361016,1785836231126417673
/control/command/control_cmd/debug/published_time,59299361017,1785836231176633831
/control/command/control_cmd/debug/published_time,59349361018,1785836231226482215
/control/command/control_cmd/debug/published_time,59399361018,1785836231276990735
/control/command/control_cmd/debug/published_time,59449361019,1785836231326862567
/control/command/control_cmd/debug/published_time,59499361020,1785836231376521501
/control/command/control_cmd/debug/published_time,59549361021,1785836231427146228
/control/command/control_cmd/debug/published_time,59599361021,1785836231477341174
/control/command/control_cmd/debug/published_time,59649361022,1785836231527287996
/control/command/control_cmd/debug/published_time,59699361023,1785836231577827892
/control/command/control_cmd/debug/published_time,59749361024,1785836231628378912
/control/command/control_cmd/debug/published_time,59799361024,1785836231677540759
/control/command/control_cmd/debug/published_time,59849361025,1785836231727571990
/control/command/control_cmd/debug/published_time,59899361026,1785836231777641541
/control/command/control_cmd/debug/published_time,59949361027,1785836231827835857
/control/command/control_cmd/debug/published_time,59999361027,1785836231877896038
/control/command/control_cmd/debug/published_time,60049361028,1785836231927484936
/control/command/control_cmd/debug/published_time,60099361029,1785836231977868528
/control/command/control_cmd/debug/published_time,60149361030,1785836232027692754
/control/command/control_cmd/debug/published_time,60199361030,1785836232078191922
/control/command/control_cmd/debug/published_time,60249361031,1785836232128505274
/control/command/control_cmd/debug/published_time,60299361032,1785836232178547693
/control/command/control_cmd/debug/published_time,60349361033,1785836232228475231
/control/command/control_cmd/debug/published_time,60399361033,1785836232278814047
/control/command/control_cmd/debug/published_time,60449361034,1785836232328905593
/control/command/control_cmd/debug/published_time,60499361035,1785836232378736467
/control/command/control_cmd/debug/published_time,60549361036,1785836232428991334
/control/command/control_cmd/debug/published_time,60599361036,1785836232479233122
/control/command/control_cmd/debug/published_time,60649361037,1785836232529273855
/control/command/control_cmd/debug/published_time,60699361038,1785836232578976746
/control/command/control_cmd/debug/published_time,60749361039,1785836232629113662
/control/command/control_cmd/debug/published_time,60799361039,1785836232679406487
/control/command/control_cmd/debug/published_time,60849361040,1785836232729154211
/control/command/control_cmd/debug/published_time,60899361041,1785836232780494087
/control/command/control_cmd/debug/published_time,60949361042,1785836232829464061
/control/command/control_cmd/debug/published_time,60999361042,1785836232880283791
/control/command/control_cmd/debug/published_time,61049361043,1785836232930597559
/control/command/control_cmd/debug/published_time,61099361044,1785836232979752511
/control/command/control_cmd/debug/published_time,61149361045,1785836233031233540
/control/command/control_cmd/debug/published_time,61199361045,1785836233080211424
/control/command/control_cmd/debug/published_time,61249361046,1785836233130311925
/control/command/control_cmd/debug/published_time,61299361047,1785836233180388863
/control/command/control_cmd/debug/published_time,61349361047,1785836233230443724
/control/command/control_cmd/debug/published_time,61399361048,1785836233280391887
/control/command/control_cmd/debug/published_time,61449361049,1785836233330091006
/control/command/control_cmd/debug/published_time,61499361050,1785836233380378219
/control/command/control_cmd/debug/published_time,61549361050,1785836233430977608
/control/command/control_cmd/debug/published_time,61599361051,1785836233480419664
/control/command/control_cmd/debug/published_time,61649361052,1785836233530582539
/control/command/control_cmd/debug/published_time,61699361053,1785836233581309988
/control/command/control_cmd/debug/published_time,61749361053,1785836233631209736
/control/command/control_cmd/debug/published_time,61799361054,1785836233682641591
/control/command/control_cmd/debug/published_time,61849361055,1785836233731188243
/control/command/control_cmd/debug/published_time,61899361056,1785836233781312761
/control/command/control_cmd/debug/published_time,61949361056,1785836233831870217
/control/command/control_cmd/debug/published_time,61999361057,1785836233881358411
/control/command/control_cmd/debug/published_time,62049361058,1785836233931650710
/control/command/control_cmd/debug/published_time,62099361059,1785836233981197328
/control/command/control_cmd/debug/published_time,62149361059,1785836234032014930
/control/command/control_cmd/debug/published_time,62199361060,1785836234081660894
/control/command/control_cmd/debug/published_time,62249361061,1785836234131474153
/control/command/control_cmd/debug/published_time,62299361062,1785836234182189688
/control/command/control_cmd/debug/published_time,62349361062,1785836234231760723
/control/command/control_cmd/debug/published_time,62399361063,1785836234281939975
/control/command/control_cmd/debug/published_time,62449361064,1785836234332094347
/control/command/control_cmd/debug/published_time,62499361065,1785836234382259936
/control/command/control_cmd/debug/published_time,62549361065,1785836234432449423
/control/command/control_cmd/debug/published_time,62599361066,1785836234482673081
/control/command/control_cmd/debug/published_time,62649361067,1785836234532570146
/control/command/control_cmd/debug/published_time,62699361068,1785836234582535268
/control/command/control_cmd/debug/published_time,62749361068,1785836234632534765
/control/command/control_cmd/debug/published_time,62799361069,1785836234683126910
/control/command/control_cmd/debug/published_time,62849361070,1785836234733235502
/control/command/control_cmd/debug/published_time,62899361071,1785836234783000327
/control/command/control_cmd/debug/published_time,62949361071,1785836234833261490
/control/command/control_cmd/debug/published_time,62999361072,1785836234883283855
/control/command/control_cmd/debug/published_time,63049361073,1785836234933159793
/control/command/control_cmd/debug/published_time,63099361074,1785836234983778306
/control/command/control_cmd/debug/published_time,63149361074,1785836235033955601
/control/command/control_cmd/debug/published_time,63199361075,1785836235083688312
/control/command/control_cmd/debug/published_time,63249361076,1785836235134200216
/control/command/control_cmd/debug/published_time,63299361077,1785836235183710252
/control/command/control_cmd/debug/published_time,63349361077,1785836235233511315
/control/command/control_cmd/debug/published_time,63399361078,1785836235284229478
/control/command/control_cmd/debug/published_time,63449361079,1785836235334647001
/control/command/control_cmd/debug/published_time,63499361080,1785836235383878835
/control/command/control_cmd/debug/published_time,63549361080,1785836235434218770
/control/command/control_cmd/debug/published_time,63599361081,1785836235484731499
/control/command/control_cmd/debug/published_time,63649361082,1785836235534597510
/control/command/control_cmd/debug/published_time,63699361083,1785836235584889448
/control/command/control_cmd/debug/published_time,63749361083,1785836235634761140
/control/command/control_cmd/debug/published_time,63799361084,1785836235684916682
/control/command/control_cmd/debug/published_time,63849361085,1785836235734861706
/control/command/control_cmd/debug/published_time,63899361085,1785836235785692742
/control/command/control_cmd/debug/published_time,63949361086,1785836235835185411
/control/command/control_cmd/debug/published_time,63999361087,1785836235884912511
/control/command/control_cmd/debug/published_time,64049361088,1785836235935802504
/control/command/control_cmd/debug/published_time,64099361088,1785836235985369595
/control/command/control_cmd/debug/published_time,64149361089,1785836236035280917
/control/command/control_cmd/debug/published_time,64199361090,1785836236085992527
/control/command/control_cmd/debug/published_time,64249361091,1785836236136080408
/control/command/control_cmd/debug/published_time,64299361091,1785836236185440364
/control/command/control_cmd/debug/published_time,64349361092,1785836236235633900
/control/command/control_cmd/debug/published_time,64399361093,1785836236285909086
/control/command/control_cmd/debug/published_time,64449361094,1785836236336483767
/control/command/control_cmd/debug/published_time,64499361094,1785836236385888825
/control/command/control_cmd/debug/published_time,64549361095,1785836236435797542
/control/command/control_cmd/debug/published_time,64599361096,1785836236486458256
/control/command/control_cmd/debug/published_time,64649361097,1785836236535911982
/control/command/control_cmd/debug/published_time,64699361097,1785836236585869583
/control/command/control_cmd/debug/published_time,64749361098,1785836236636809917
/control/command/control_cmd/debug/published_time,64799361099,1785836236686800619
/control/command/control_cmd/debug/published_time,64849361100,1785836236736528453
/control/command/control_cmd/debug/published_time,64899361100,1785836236787359546
/control/command/control_cmd/debug/published_time,64949361101,1785836236838063447
/control/command/control_cmd/debug/published_time,64999361102,1785836236887265385
/control/command/control_cmd/debug/published_time,65049361103,1785836236937416984
/control/command/control_cmd/debug/published_time,65099361103,1785836236987546745
/control/command/control_cmd/debug/published_time,65149361104,1785836237036945628
/control/command/control_cmd/debug/published_time,65199361105,1785836237087777292
/control/command/control_cmd/debug/published_time,65249361106,1785836237138344152
/control/command/control_cmd/debug/published_time,65299361106,1785836237188123782
/control/command/control_cmd/debug/published_time,65349361107,1785836237238568306
/control/command/control_cmd/debug/published_time,65399361108,1785836237288086686
/control/command/control_cmd/debug/published_time,65449361109,1785836237337706112
/control/command/control_cmd/debug/published_time,65499361109,1785836237388440787
/control/command/control_cmd/debug/published_time,65549361110,1785836237438876933
/control/command/control_cmd/debug/published_time,65599361111,1785836237488001623
/control/command/control_cmd/debug/published_time,65649361112,1785836237538330559
/control/command/control_cmd/debug/published_time,65699361112,1785836237588299809
/control/command/control_cmd/debug/published_time,65749361113,1785836237639238846
/control/command/control_cmd/debug/published_time,65799361114,1785836237688218264
/control/command/control_cmd/debug/published_time,65849361115,1785836237738917921
/control/command/control_cmd/debug/published_time,65899361115,1785836237788683655
/control/command/control_cmd/debug/published_time,65949361116,1785836237838965903
/control/command/control_cmd/debug/published_time,65999361117,1785836237888634345
/control/command/control_cmd/debug/published_time,66049361118,1785836237939058029
/control/command/control_cmd/debug/published_time,66099361118,1785836237988833691
/control/command/control_cmd/debug/published_time,66149361119,1785836238039376720
/control/command/control_cmd/debug/published_time,66199361120,1785836238089730683
/control/command/control_cmd/debug/published_time,66249361121,1785836238139111781
/control/command/control_cmd/debug/published_time,66299361121,1785836238189207049
/control/command/control_cmd/debug/published_time,66349361122,1785836238239409170
/control/command/control_cmd/debug/published_time,66399361123,1785836238290148738
/control/command/control_cmd/debug/published_time,66449361123,1785836238339392713
/control/command/control_cmd/debug/published_time,66499361124,1785836238390469387
/control/command/control_cmd/debug/published_time,66549361125,1785836238439442271
/control/command/control_cmd/debug/published_time,66599361126,1785836238490246436
/control/command/control_cmd/debug/published_time,66649361126,1785836238540300591
/control/command/control_cmd/debug/published_time,66699361127,1785836238590703662
/control/command/control_cmd/debug/published_time,66749361128,1785836238639851843
/control/command/control_cmd/debug/published_time,66799361129,1785836238690517086
/control/command/control_cmd/debug/published_time,66849361129,1785836238740260931
/control/command/control_cmd/debug/published_time,66899361130,1785836238790334698
/control/command/control_cmd/debug/published_time,66949361131,1785836238840612259
/control/command/control_cmd/debug/published_time,66999361132,1785836238890695701
/control/command/control_cmd/debug/published_time,67049361132,1785836238940694000
/control/command/control_cmd/debug/published_time,67099361133,1785836238990385675
/control/command/control_cmd/debug/published_time,67149361134,1785836239041183828
/control/command/control_cmd/debug/published_time,67199361135,1785836239091247334
/control/command/control_cmd/debug/published_time,67249361135,1785836239141456671
/control/command/control_cmd/debug/published_time,67299361136,1785836239191280894
/control/command/control_cmd/debug/published_time,67349361137,1785836239241630039
/control/command/control_cmd/debug/published_time,67399361138,1785836239291555098
/control/command/control_cmd/debug/published_time,67449361138,1785836239341296239
/control/command/control_cmd/debug/published_time,67499361139,1785836239391592988
/control/command/control_cmd/debug/published_time,67549361140,1785836239441707136
/control/command/control_cmd/debug/published_time,67599361141,1785836239492327331
/control/command/control_cmd/debug/published_time,67649361141,1785836239541872192
/control/command/control_cmd/debug/published_time,67699361142,1785836239591448363
/control/command/control_cmd/debug/published_time,67749361143,1785836239641839028
/control/command/control_cmd/debug/published_time,67799361144,1785836239692014329
/control/command/control_cmd/debug/published_time,67849361144,1785836239741723538
/control/command/control_cmd/debug/published_time,67899361145,1785836239792038889
/control/command/control_cmd/debug/published_time,67949361146,1785836239842211513
/control/command/control_cmd/debug/published_time,67999361147,1785836239891964830
/control/command/control_cmd/debug/published_time,68049361147,1785836239943543138
/control/command/control_cmd/debug/published_time,68099361148,1785836239992651561
/control/command/control_cmd/debug/published_time,68149361149,1785836240042888500
/control/command/control_cmd/debug/published_time,68199361150,1785836240092547005
/control/command/control_cmd/debug/published_time,68249361150,1785836240142796874
/control/command/control_cmd/debug/published_time,68299361151,1785836240193015610
/control/command/control_cmd/debug/published_time,68349361152,1785836240243043111
/control/command/control_cmd/debug/published_time,68399361153,1785836240292957972
/control/command/control_cmd/debug/published_time,68449361153,1785836240343201897
/control/command/control_cmd/debug/published_time,68499361154,1785836240393271103
/control/command/control_cmd/debug/published_time,68549361155,1785836240443733572
/control/command/control_cmd/debug/published_time,68599361156,1785836240493529006
/control/command/control_cmd/debug/published_time,68649361156,1785836240543392824
/control/command/control_cmd/debug/published_time,68699361157,1785836240593476538
/control/command/control_cmd/debug/published_time,68749361158,1785836240646141223
/control/command/control_cmd/debug/published_time,68799361158,1785836240694405919
/control/command/control_cmd/debug/published_time,68849361159,1785836240743899334
/control/command/control_cmd/debug/published_time,68899361160,1785836240793791926
/control/command/control_cmd/debug/published_time,68949361161,1785836240843838018
/control/command/control_cmd/debug/published_time,68999361161,1785836240894423981
/control/command/control_cmd/debug/published_time,69049361162,1785836240944128091
/control/command/control_cmd/debug/published_time,69099361163,1785836240994875160
/control/command/control_cmd/debug/published_time,69149361164,1785836241045185098
/control/command/control_cmd/debug/published_time,69199361164,1785836241094498378
/control/command/control_cmd/debug/published_time,69249361165,1785836241144472413
/control/command/control_cmd/debug/published_time,69299361166,1785836241194897885
/control/command/control_cmd/debug/published_time,69349361167,1785836241245119689
/control/command/control_cmd/debug/published_time,69399361167,1785836241295440317
/control/command/control_cmd/debug/published_time,69449361168,1785836241344987354
/control/command/control_cmd/debug/published_time,69499361169,1785836241394901427
/control/command/control_cmd/debug/published_time,69549361170,1785836241445497042
/control/command/control_cmd/debug/published_time,69599361170,1785836241495954472
/control/command/control_cmd/debug/published_time,69649361171,1785836241545730980
/control/command/control_cmd/debug/published_time,69699361172,1785836241595660588
/control/command/control_cmd/debug/published_time,69749361173,1785836241645793041
/control/command/control_cmd/debug/published_time,69799361173,1785836241695831242
/control/command/control_cmd/debug/published_time,69849361174,1785836241746128480
/control/command/control_cmd/debug/published_time,69899361175,1785836241796336625
/control/command/control_cmd/debug/published_time,69949361176,1785836241846074349
/control/command/control_cmd/debug/published_time,69999361176,1785836241896607065
/control/command/control_cmd/debug/published_time,70049361177,1785836241946975463
/control/command/control_cmd/debug/published_time,70099361178,1785836241996458726
/control/command/control_cmd/debug/published_time,70149361179,1785836242046401456
/control/command/control_cmd/debug/published_time,70199361179,1785836242096434946
/control/command/control_cmd/debug/published_time,70249361180,1785836242147849804
/control/command/control_cmd/debug/published_time,70299361181,1785836242196430828
/control/command/control_cmd/debug/published_time,70349361182,1785836242246823288
/control/command/control_cmd/debug/published_time,70399361182,1785836242296635198
/control/command/control_cmd/debug/published_time,70449361183,1785836242346647420
/control/command/control_cmd/debug/published_time,70499361184,1785836242396836533
/control/command/control_cmd/debug/published_time,70549361185,1785836242447876902
/control/command/control_cmd/debug/published_time,70599361185,1785836242497025918
/control/command/control_cmd/debug/published_time,70649361186,1785836242547263391
/control/command/control_cmd/debug/published_time,70699361187,1785836242596930885
/control/command/control_cmd/debug/published_time,70749361188,1785836242647557483
/control/command/control_cmd/debug/published_time,70799361188,1785836242697924153
/control/command/control_cmd/debug/published_time,70849361189,1785836242747800474
/control/command/control_cmd/debug/published_time,70899361190,1785836242797588732
/control/command/control_cmd/debug/published_time,70949361191,1785836242847252573
/control/command/control_cmd/debug/published_time,70999361191,1785836242897825983
/control/command/control_cmd/debug/published_time,71049361192,1785836242948293235
/control/command/control_cmd/debug/published_time,71099361193,1785836242998037495
/control/command/control_cmd/debug/published_time,71149361194,1785836243048438013
/control/command/control_cmd/debug/published_time,71199361194,1785836243099255585
/control/command/control_cmd/debug/published_time,71249361195,1785836243148404639
/control/command/control_cmd/debug/published_time,71299361196,1785836243198497424
/control/command/control_cmd/debug/published_time,71349361196,1785836243248562633
/control/command/control_cmd/debug/published_time,71399361197,1785836243299008807
/control/command/control_cmd/debug/published_time,71449361198,1785836243349058390
/control/command/control_cmd/debug/published_time,71499361199,1785836243399293667
/control/command/control_cmd/debug/published_time,71549361199,1785836243449231974
/control/command/control_cmd/debug/published_time,71599361200,1785836243499305171
/control/command/control_cmd/debug/published_time,71649361201,1785836243549258621
/control/command/control_cmd/debug/published_time,71699361202,1785836243599986764
/control/command/control_cmd/debug/published_time,71749361202,1785836243649598601
/control/command/control_cmd/debug/published_time,71799361203,1785836243699269589
/control/command/control_cmd/debug/published_time,71849361204,1785836243749581431
/control/command/control_cmd/debug/published_time,71899361205,1785836243799643236
/control/command/control_cmd/debug/published_time,71949361205,1785836243849718359
/control/command/control_cmd/debug/published_time,71999361206,1785836243899612484
/control/command/control_cmd/debug/published_time,72049361207,1785836243949876411
/control/command/control_cmd/debug/published_time,72099361208,1785836244000064334
/control/command/control_cmd/debug/published_time,72149361208,1785836244050136563
/control/command/control_cmd/debug/published_time,72199361209,1785836244100099956
/control/command/control_cmd/debug/published_time,72249361210,1785836244150782031
/control/command/control_cmd/debug/published_time,72299361211,1785836244200717238
/control/command/control_cmd/debug/published_time,72349361211,1785836244250941384
/control/command/control_cmd/debug/published_time,72399361212,1785836244300211645
/control/command/control_cmd/debug/published_time,72449361213,1785836244350732092
/control/command/control_cmd/debug/published_time,72499361214,1785836244400462278
/control/command/control_cmd/debug/published_time,72549361214,1785836244450666938
/control/command/control_cmd/debug/published_time,72599361215,1785836244501465444
/control/command/control_cmd/debug/published_time,72649361216,1785836244550435818
/control/command/control_cmd/debug/published_time,72699361217,1785836244601136765
/control/command/control_cmd/debug/published_time,72749361217,1785836244651499092
/control/command/control_cmd/debug/published_time,72799361218,1785836244701031910
/control/command/control_cmd/debug/published_time,72849361219,1785836244751101123
/control/command/control_cmd/debug/published_time,72899361220,1785836244801973699
/control/command/control_cmd/debug/published_time,72949361220,1785836244851776915
/control/command/control_cmd/debug/published_time,72999361221,1785836244901823546
/control/command/control_cmd/debug/published_time,73049361222,1785836244951481446
/control/command/control_cmd/debug/published_time,73099361223,1785836245001529385
/control/command/control_cmd/debug/published_time,73149361223,1785836245052032810
/control/command/control_cmd/debug/published_time,73199361224,1785836245101943687
/control/command/control_cmd/debug/published_time,73249361225,1785836245152684633
/control/command/control_cmd/debug/published_time,73299361226,1785836245201947781
/control/command/control_cmd/debug/published_time,73349361226,1785836245252722660
/control/command/control_cmd/debug/published_time,73399361227,1785836245302033421
/control/command/control_cmd/debug/published_time,73449361228,1785836245352385521
/control/command/control_cmd/debug/published_time,73499361229,1785836245402482333
/control/command/control_cmd/debug/published_time,73549361229,1785836245452392761
/control/command/control_cmd/debug/published_time,73599361230,1785836245503162795
/control/command/control_cmd/debug/published_time,73649361231,1785836245552991515
/control/command/control_cmd/debug/published_time,73699361232,1785836245603046591
/control/command/control_cmd/debug/published_time,73749361232,1785836245653495320
/control/command/control_cmd/debug/published_time,73799361233,1785836245703345191
/control/command/control_cmd/debug/published_time,73849361234,1785836245753004569
/control/command/control_cmd/debug/published_time,73899361234,1785836245803520960
/control/command/control_cmd/debug/published_time,73949361235,1785836245853239796
/control/command/control_cmd/debug/published_time,73999361236,1785836245903529084
/control/command/control_cmd/debug/published_time,74049361237,1785836245954050317
/control/command/control_cmd/debug/published_time,74099361237,1785836246003663568
/control/command/control_cmd/debug/published_time,74149361238,1785836246054044310
/control/command/control_cmd/debug/published_time,74199361239,1785836246103719111
/control/command/control_cmd/debug/published_time,74249361240,1785836246154418723
/control/command/control_cmd/debug/published_time,74299361240,1785836246204053798
/control/command/control_cmd/debug/published_time,74349361241,1785836246253784165
/control/command/control_cmd/debug/published_time,74399361242,1785836246304073357
/control/command/control_cmd/debug/published_time,74449361243,1785836246355927976
/control/command/control_cmd/debug/published_time,74499361243,1785836246405129848
/control/command/control_cmd/debug/published_time,74549361244,1785836246454644908
/control/command/control_cmd/debug/published_time,74599361245,1785836246504532229
/control/command/control_cmd/debug/published_time,74649361246,1785836246555336902
/control/command/control_cmd/debug/published_time,74699361246,1785836246604905415
/control/command/control_cmd/debug/published_time,74749361247,1785836246654818557
/control/command/control_cmd/debug/published_time,74799361248,1785836246704688738
/control/command/control_cmd/debug/published_time,74849361249,1785836246754963630
/control/command/control_cmd/debug/published_time,74899361249,1785836246804933427
/control/command/control_cmd/debug/published_time,74949361250,1785836246855313217
/control/command/control_cmd/debug/published_time,74999361251,1785836246905122800
/control/command/control_cmd/debug/published_time,75049361252,1785836246955321660
/control/command/control_cmd/debug/published_time,75099361252,1785836247005770582
/control/command/control_cmd/debug/published_time,75149361253,1785836247055762663
/control/command/control_cmd/debug/published_time,75199361254,1785836247105375983
/control/command/control_cmd/debug/published_time,75249361255,1785836247155587032
/control/command/control_cmd/debug/published_time,75299361255,1785836247206122237
/control/command/control_cmd/debug/published_time,75349361256,1785836247256937634
/control/command/control_cmd/debug/published_time,75399361257,1785836247305860758
/control/command/control_cmd/debug/published_time,75449361258,1785836247356158368
/control/command/control_cmd/debug/published_time,75499361258,1785836247406049857
/control/command/control_cmd/debug/published_time,75549361259,1785836247456348396
/control/command/control_cmd/debug/published_time,75599361260,1785836247506749664
/control/command/control_cmd/debug/published_time,75649361261,1785836247555949007
/control/command/control_cmd/debug/published_time,75699361261,1785836247607076501
/control/command/control_cmd/debug/published_time,75749361262,1785836247656273585
/control/command/control_cmd/debug/published_time,75799361263,1785836247706205858
/control/command/control_cmd/debug/published_time,75849361264,1785836247756658230
/control/command/control_cmd/debug/published_time,75899361264,1785836247806671853
/control/command/control_cmd/debug/published_time,75949361265,1785836247857202963
/control/command/control_cmd/debug/published_time,75999361266,1785836247907242641
/control/command/control_cmd/debug/published_time,76049361267,1785836247957956961
/control/command/control_cmd/debug/published_time,76099361267,1785836248007551561
/control/command/control_cmd/debug/published_time,76149361268,1785836248057412813
/control/command/control_cmd/debug/published_time,76199361269,1785836248107835153
/control/command/control_cmd/debug/published_time,76249361270,1785836248157800940
/control/command/control_cmd/debug/published_time,76299361270,1785836248207874841
/control/command/control_cmd/debug/published_time,76349361271,1785836248257541957
/control/command/control_cmd/debug/published_time,76399361272,1785836248307562585
/control/command/control_cmd/debug/published_time,76449361272,1785836248358164072
/control/command/control_cmd/debug/published_time,76499361273,1785836248408006172
/control/command/control_cmd/debug/published_time,76549361274,1785836248458253530
/control/command/control_cmd/debug/published_time,76599361275,1785836248508845683
/control/command/control_cmd/debug/published_time,76649361275,1785836248558777407
/control/command/control_cmd/debug/published_time,76699361276,1785836248608847092
/control/command/control_cmd/debug/published_time,76749361277,1785836248659243999
/control/command/control_cmd/debug/published_time,76799361278,1785836248708838415
/control/command/control_cmd/debug/published_time,76849361278,1785836248760013128
/control/command/control_cmd/debug/published_time,76899361279,1785836248809119261
/control/command/control_cmd/debug/published_time,76949361280,1785836248858839361
/control/command/control_cmd/debug/published_time,76999361281,1785836248909367903
/control/command/control_cmd/debug/published_time,77049361281,1785836248959825133
/control/command/control_cmd/debug/published_time,77099361282,1785836249009977954
/control/command/control_cmd/debug/published_time,77149361283,1785836249059478719
/control/command/control_cmd/debug/published_time,77199361284,1785836249110123417
/control/command/control_cmd/debug/published_time,77249361284,1785836249159241835
/control/command/control_cmd/debug/published_time,77299361285,1785836249209574345
/control/command/control_cmd/debug/published_time,77349361286,1785836249259420572
/control/command/control_cmd/debug/published_time,77399361287,1785836249309799545
/control/command/control_cmd/debug/published_time,77449361287,1785836249359496371
/control/command/control_cmd/debug/published_time,77499361288,1785836249410461116
/control/command/control_cmd/debug/published_time,77549361289,1785836249460496462
/control/command/control_cmd/debug/published_time,77599361290,1785836249510648198
/control/command/control_cmd/debug/published_time,77649361290,1785836249560767291
/control/command/control_cmd/debug/published_time,77699361291,1785836249610083179
/control/command/control_cmd/debug/published_time,77749361292,1785836249661500643
/control/command/control_cmd/debug/published_time,77799361293,1785836249710644548
/control/command/control_cmd/debug/published_time,77849361293,1785836249760508315
/control/command/control_cmd/debug/published_time,77899361294,1785836249810650063
/control/command/control_cmd/debug/published_time,77949361295,1785836249860383987
/control/command/control_cmd/debug/published_time,77999361296,1785836249911525280
/control/command/control_cmd/debug/published_time,78049361296,1785836249960796342
/control/command/control_cmd/debug/published_time,78099361297,1785836250011472420
/control/command/control_cmd/debug/published_time,78149361298,1785836250061501652
/control/command/control_cmd/debug/published_time,78199361299,1785836250111536883
/control/command/control_cmd/debug/published_time,78249361299,1785836250160994995
/control/command/control_cmd/debug/published_time,78299361300,1785836250211192230
/control/command/control_cmd/debug/published_time,78349361301,1785836250260925826
/control/command/control_cmd/debug/published_time,78399361302,1785836250311418243
/control/command/control_cmd/debug/published_time,78449361302,1785836250361459140
/control/command/control_cmd/debug/published_time,78499361303,1785836250411610595
/control/command/control_cmd/debug/published_time,78549361304,1785836250461382256
/control/command/control_cmd/debug/published_time,78599361305,1785836250512181532
/control/command/control_cmd/debug/published_time,78649361305,1785836250561550571
/control/command/control_cmd/debug/published_time,78699361306,1785836250611991462
/control/command/control_cmd/debug/published_time,78749361307,1785836250661922814
/control/command/control_cmd/debug/published_time,78799361308,1785836250711900345
/control/command/control_cmd/debug/published_time,78849361308,1785836250762298199
/control/command/control_cmd/debug/published_time,78899361309,1785836250812955784
/control/command/control_cmd/debug/published_time,78949361310,1785836250863209924
/control/command/control_cmd/debug/published_time,78999361310,1785836250914098858
/control/command/control_cmd/debug/published_time,79049361311,1785836250962767881
/control/command/control_cmd/debug/published_time,79099361312,1785836251013107306
/control/command/control_cmd/debug/published_time,79149361313,1785836251063399940
/control/command/control_cmd/debug/published_time,79199361313,1785836251114226377
/control/command/control_cmd/debug/published_time,79249361314,1785836251163190011
/control/command/control_cmd/debug/published_time,79299361315,1785836251213857722
/control/command/control_cmd/debug/published_time,79349361316,1785836251263415252
/control/command/control_cmd/debug/published_time,79399361316,1785836251313517630
/control/command/control_cmd/debug/published_time,79449361317,1785836251363093723
/control/command/control_cmd/debug/published_time,79499361318,1785836251413798465
/control/command/control_cmd/debug/published_time,79549361319,1785836251463547963
/control/command/control_cmd/debug/published_time,79599361319,1785836251514336129
/control/command/control_cmd/debug/published_time,79649361320,1785836251564063560
/control/command/control_cmd/debug/published_time,79699361321,1785836251614325097
/control/command/control_cmd/debug/published_time,79749361322,1785836251664299041
/control/command/control_cmd/debug/published_time,79799361322,1785836251714409617
/control/command/control_cmd/debug/published_time,79849361323,1785836251764579206
/control/command/control_cmd/debug/published_time,79899361324,1785836251814673913
/control/command/control_cmd/debug/published_time,79949361325,1785836251865025492
/control/command/control_cmd/debug/published_time,79999361325,1785836251914252139
/control/command/control_cmd/debug/published_time,80049361326,1785836251964524594
/control/command/control_cmd/debug/published_time,80099361327,1785836252015179802
/control/command/control_cmd/debug/published_time,80149361328,1785836252065039835
/control/command/control_cmd/debug/published_time,80199361328,1785836252114792781
/control/command/control_cmd/debug/published_time,80249361329,1785836252164853403
/control/command/control_cmd/debug/published_time,80299361330,1785836252215345407
/control/command/control_cmd/debug/published_time,80349361331,1785836252265540440
/control/command/control_cmd/debug/published_time,80399361331,1785836252315577311
/control/command/control_cmd/debug/published_time,80449361332,1785836252365335896
/control/command/control_cmd/debug/published_time,80499361333,1785836252415117244
/control/command/control_cmd/debug/published_time,80549361334,1785836252466385535
/control/command/control_cmd/debug/published_time,80599361334,1785836252515853999
/control/command/control_cmd/debug/published_time,80649361335,1785836252565507851
/control/command/control_cmd/debug/published_time,80699361336,1785836252615209468
/control/command/control_cmd/debug/published_time,80749361337,1785836252665472361
/control/command/control_cmd/debug/published_time,80799361337,1785836252715638375
/control/command/control_cmd/debug/published_time,80849361338,1785836252765870753
/control/command/control_cmd/debug/published_time,80899361339,1785836252815668822
/control/command/control_cmd/debug/published_time,80949361340,1785836252866880960
/control/command/control_cmd/debug/published_time,80999361340,1785836252916163646
/control/command/control_cmd/debug/published_time,81049361341,1785836252966366007
/control/command/control_cmd/debug/published_time,81099361342,1785836253016784759
/control/command/control_cmd/debug/published_time,81149361343,1785836253066650254
/control/command/control_cmd/debug/published_time,81199361343,1785836253116291754
/control/command/control_cmd/debug/published_time,81249361344,1785836253166634438
/control/command/control_cmd/debug/published_time,81299361345,1785836253216741732
/control/command/control_cmd/debug/published_time,81349361346,1785836253266829724
/control/command/control_cmd/debug/published_time,81399361346,1785836253317227515
/control/command/control_cmd/debug/published_time,81449361347,1785836253366765883
/control/command/control_cmd/debug/published_time,81499361348,1785836253417187735
/control/command/control_cmd/debug/published_time,81549361348,1785836253467266813
/control/command/control_cmd/debug/published_time,81599361349,1785836253517584145
/control/command/control_cmd/debug/published_time,81649361350,1785836253566885083
/control/command/control_cmd/debug/published_time,81699361351,1785836253617741504
/control/command/control_cmd/debug/published_time,81749361351,1785836253667523434
/control/command/control_cmd/debug/published_time,81799361352,1785836253717642824
/control/command/control_cmd/debug/published_time,81849361353,1785836253767209261
/control/command/control_cmd/debug/published_time,81899361354,1785836253817887363
/control/command/control_cmd/debug/published_time,81949361354,1785836253867884452
/control/command/control_cmd/debug/published_time,81999361355,1785836253917894454
/control/command/control_cmd/debug/published_time,82049361356,1785836253968704893
/control/command/control_cmd/debug/published_time,82099361357,1785836254017886035
/control/command/control_cmd/debug/published_time,82149361357,1785836254068482513
/control/command/control_cmd/debug/published_time,82199361358,1785836254118449676
/control/command/control_cmd/debug/published_time,82249361359,1785836254168782573
/control/command/control_cmd/debug/published_time,82299361360,1785836254218455915
/control/command/control_cmd/debug/published_time,82349361360,1785836254269210001
/control/command/control_cmd/debug/published_time,82399361361,1785836254318921759
/control/command/control_cmd/debug/published_time,82449361362,1785836254368730264
/control/command/control_cmd/debug/published_time,82499361363,1785836254419676685
/control/command/control_cmd/debug/published_time,82549361363,1785836254468560834
/control/command/control_cmd/debug/published_time,82599361364,1785836254520162125
/control/command/control_cmd/debug/published_time,82649361365,1785836254569418834
/control/command/control_cmd/debug/published_time,82699361366,1785836254619458123
/control/command/control_cmd/debug/published_time,82749361366,1785836254670083830
/control/command/control_cmd/debug/published_time,82799361367,1785836254719897262
/control/command/control_cmd/debug/published_time,82849361368,1785836254769078201
/control/command/control_cmd/debug/published_time,82899361369,1785836254819578324
/control/command/control_cmd/debug/published_time,82949361369,1785836254869144487
/control/command/control_cmd/debug/published_time,82999361370,1785836254919418450
/control/command/control_cmd/debug/published_time,83049361371,1785836254970095447
/control/command/control_cmd/debug/published_time,83099361372,1785836255019639149
/control/command/control_cmd/debug/published_time,83149361372,1785836255069598503
/control/command/control_cmd/debug/published_time,83199361373,1785836255120008087
/control/command/control_cmd/debug/published_time,83249361374,1785836255169917043
/control/command/control_cmd/debug/published_time,83299361375,1785836255220107993
/control/command/control_cmd/debug/published_time,83349361375,1785836255270739996
/control/command/control_cmd/debug/published_time,83399361376,1785836255320407066
/control/command/control_cmd/debug/published_time,83449361377,1785836255370380331
/control/command/control_cmd/debug/published_time,83499361378,1785836255420515986
/control/command/control_cmd/debug/published_time,83549361378,1785836255471203105
/control/command/control_cmd/debug/published_time,83599361379,1785836255521370689
/control/command/control_cmd/debug/published_time,83649361380,1785836255570901569
/control/command/control_cmd/debug/published_time,83699361381,1785836255621051475
/control/command/control_cmd/debug/published_time,83749361381,1785836255670720664
/control/command/control_cmd/debug/published_time,83799361382,1785836255721087734
/control/command/control_cmd/debug/published_time,83849361383,1785836255771796822
/control/command/control_cmd/debug/published_time,83899361384,1785836255822277012
/control/command/control_cmd/debug/published_time,83949361384,1785836255873271343
/control/command/control_cmd/debug/published_time,83999361385,1785836255921219582
/control/command/control_cmd/debug/published_time,84049361386,1785836255971591232
/control/command/control_cmd/debug/published_time,84099361386,1785836256021728840
/control/command/control_cmd/debug/published_time,84149361387,1785836256072350310
/control/command/control_cmd/debug/published_time,84199361388,1785836256121842911
/control/command/control_cmd/debug/published_time,84249361389,1785836256171836997
/control/command/control_cmd/debug/published_time,84299361389,1785836256223033514
/control/command/control_cmd/debug/published_time,84349361390,1785836256271976055
/control/command/control_cmd/debug/published_time,84399361391,1785836256322853545
/control/command/control_cmd/debug/published_time,84449361392,1785836256373495914
/control/command/control_cmd/debug/published_time,84499361392,1785836256422189429
/control/command/control_cmd/debug/published_time,84549361393,1785836256472499249
/control/command/control_cmd/debug/published_time,84599361394,1785836256523291103
/control/command/control_cmd/debug/published_time,84649361395,1785836256572895847
/control/command/control_cmd/debug/published_time,84699361395,1785836256623837140
/control/command/control_cmd/debug/published_time,84749361396,1785836256673649495
/control/command/control_cmd/debug/published_time,84799361397,1785836256722933526
/control/command/control_cmd/debug/published_time,84849361398,1785836256773853279
/control/command/control_cmd/debug/published_time,84899361398,1785836256823122658
/control/command/control_cmd/debug/published_time,84949361399,1785836256873285777
/control/command/control_cmd/debug/published_time,84999361400,1785836256923599840
/control/command/control_cmd/debug/published_time,85049361401,1785836256973032511
/control/command/control_cmd/debug/published_time,85099361401,1785836257024164094
/control/command/control_cmd/debug/published_time,85149361402,1785836257073625348
/control/command/control_cmd/debug/published_time,85199361403,1785836257123743571
/control/command/control_cmd/debug/published_time,85249361404,1785836257173284385
/control/command/control_cmd/debug/published_time,85299361404,1785836257224011685
/control/command/control_cmd/debug/published_time,85349361405,1785836257273998869
/control/command/control_cmd/debug/published_time,85399361406,1785836257324137489
/control/command/control_cmd/debug/published_time,85449361407,1785836257374529160
/control/command/control_cmd/debug/published_time,85499361407,1785836257425065102
/control/command/control_cmd/debug/published_time,85549361408,1785836257474266132
/control/command/control_cmd/debug/published_time,85599361409,1785836257525066595
/control/command/control_cmd/debug/published_time,85649361410,1785836257574436555
/control/command/control_cmd/debug/published_time,85699361410,1785836257624686384
/control/command/control_cmd/debug/published_time,85749361411,1785836257674747548
/control/command/control_cmd/debug/published_time,85799361412,1785836257725093288
/control/command/control_cmd/debug/published_time,85849361413,1785836257774675592
/control/command/control_cmd/debug/published_time,85899361413,1785836257824926932
/control/command/control_cmd/debug/published_time,85949361414,1785836257874704164
/control/command/control_cmd/debug/published_time,85999361415,1785836257924880686
/control/command/control_cmd/debug/published_time,86049361416,1785836257975623800
/control/command/control_cmd/debug/published_time,86099361416,1785836258025665339
/control/command/control_cmd/debug/published_time,86149361417,1785836258076261752
/control/command/control_cmd/debug/published_time,86199361418,1785836258125330760
/control/command/control_cmd/debug/published_time,86249361419,1785836258175380392
/control/command/control_cmd/debug/published_time,86299361419,1785836258225278658
/control/command/control_cmd/debug/published_time,86349361420,1785836258275384502
/control/command/control_cmd/debug/published_time,86399361421,1785836258325570241
/control/command/control_cmd/debug/published_time,86449361422,1785836258375550904
/control/command/control_cmd/debug/published_time,86499361422,1785836258426262571
/control/command/control_cmd/debug/published_time,86549361423,1785836258475948035
/control/command/control_cmd/debug/published_time,86599361424,1785836258526510125
/control/command/control_cmd/debug/published_time,86649361424,1785836258576287182
/control/command/control_cmd/debug/published_time,86699361425,1785836258626458178
/control/command/control_cmd/debug/published_time,86749361426,1785836258675919687
/control/command/control_cmd/debug/published_time,86799361427,1785836258726691183
/control/command/control_cmd/debug/published_time,86849361427,1785836258776763719
/control/command/control_cmd/debug/published_time,86899361428,1785836258826142612
/control/command/control_cmd/debug/published_time,86949361429,1785836258876809958
/control/command/control_cmd/debug/published_time,86999361430,1785836258927270508
/control/command/control_cmd/debug/published_time,87049361430,1785836258977119050
/control/command/control_cmd/debug/published_time,87099361431,1785836259027566613
/control/command/control_cmd/debug/published_time,87149361432,1785836259077809328
/control/command/control_cmd/debug/published_time,87199361433,1785836259127168579
/control/command/control_cmd/debug/published_time,87249361433,1785836259177630813
/control/command/control_cmd/debug/published_time,87299361434,1785836259227393880
/control/command/control_cmd/debug/published_time,87349361435,1785836259277466109
/control/command/control_cmd/debug/published_time,87399361436,1785836259327966764
/control/command/control_cmd/debug/published_time,87449361436,1785836259377389528
/control/command/control_cmd/debug/published_time,87499361437,1785836259427597176
/control/command/control_cmd/debug/published_time,87549361438,1785836259477973608
/control/command/control_cmd/debug/published_time,87599361439,1785836259528482915
/control/command/control_cmd/debug/published_time,87649361439,1785836259578267245
/control/command/control_cmd/debug/published_time,87699361440,1785836259628441442
/control/command/control_cmd/debug/published_time,87749361441,1785836259677911775
/control/command/control_cmd/debug/published_time,87799361442,1785836259728357824
/control/command/control_cmd/debug/published_time,87849361442,1785836259778191156
/control/command/control_cmd/debug/published_time,87899361443,1785836259828311134
/control/command/control_cmd/debug/published_time,87949361444,1785836259879138042
/control/command/control_cmd/debug/published_time,87999361445,1785836259929185851
/control/command/control_cmd/debug/published_time,88049361445,1785836259978817062
/control/command/control_cmd/debug/published_time,88099361446,1785836260028459944
/control/command/control_cmd/debug/published_time,88149361447,1785836260078801412
/control/command/control_cmd/debug/published_time,88199361448,1785836260129207481
/control/command/control_cmd/debug/published_time,88249361448,1785836260179168765
/control/command/control_cmd/debug/published_time,88299361449,1785836260228912605
/control/command/control_cmd/debug/published_time,88349361450,1785836260279619480
/control/command/control_cmd/debug/published_time,88399361451,1785836260328839068
/control/command/control_cmd/debug/published_time,88449361451,1785836260379235127
/control/command/control_cmd/debug/published_time,88499361452,1785836260429490485
/control/command/control_cmd/debug/published_time,88549361453,1785836260479864573
/control/command/control_cmd/debug/published_time,88599361454,1785836260530423988
/control/command/control_cmd/debug/published_time,88649361454,1785836260579211648
/control/command/control_cmd/debug/published_time,88699361455,1785836260629951821
/control/command/control_cmd/debug/published_time,88749361456,1785836260680082364
/control/command/control_cmd/debug/published_time,88799361457,1785836260729992727
/control/command/control_cmd/debug/published_time,88849361457,1785836260779830335
/control/command/control_cmd/debug/published_time,88899361458,1785836260830602484
/control/command/control_cmd/debug/published_time,88949361459,1785836260880374065
/control/command/control_cmd/debug/published_time,88999361460,1785836260930267451
/control/command/control_cmd/debug/published_time,89049361460,1785836260980745402
/control/command/control_cmd/debug/published_time,89099361461,1785836261031035906
/control/command/control_cmd/debug/published_time,89149361462,1785836261080354720
/control/command/control_cmd/debug/published_time,89199361462,1785836261130601191
/control/command/control_cmd/debug/published_time,89249361463,1785836261180549398
/control/command/control_cmd/debug/published_time,89299361464,1785836261230481034
/control/command/control_cmd/debug/published_time,89349361465,1785836261281332903
/control/command/control_cmd/debug/published_time,89399361465,1785836261331336549
/control/command/control_cmd/debug/published_time,89449361466,1785836261381348777
/control/command/control_cmd/debug/published_time,89499361467,1785836261431267403
/control/command/control_cmd/debug/published_time,89549361468,1785836261481150014
/control/command/control_cmd/debug/published_time,89599361468,1785836261531454407
/control/command/control_cmd/debug/published_time,89649361469,1785836261582229880
/control/command/control_cmd/debug/published_time,89699361470,1785836261632039499
/control/command/control_cmd/debug/published_time,89749361471,1785836261682168869
/control/command/control_cmd/debug/published_time,89799361471,1785836261732340717
/control/command/control_cmd/debug/published_time,89849361472,1785836261783355943
/control/command/control_cmd/debug/published_time,89899361473,1785836261832100260
/control/command/control_cmd/debug/published_time,89949361474,1785836261882665559
/control/command/control_cmd/debug/published_time,89999361474,1785836261932793924
/control/command/control_cmd/debug/published_time,90049361475,1785836261982787188
/control/command/control_cmd/debug/published_time,90099361476,1785836262032781828
/control/command/control_cmd/debug/published_time,90149361477,1785836262083660249
/control/command/control_cmd/debug/published_time,90199361477,1785836262133045489
/control/command/control_cmd/debug/published_time,90249361478,1785836262183169298
/control/command/control_cmd/debug/published_time,90299361479,1785836262232976187
/control/command/control_cmd/debug/published_time,90349361480,1785836262283099030
/control/command/control_cmd/debug/published_time,90399361480,1785836262333386143
/control/command/control_cmd/debug/published_time,90449361481,1785836262383076385
/control/command/control_cmd/debug/published_time,90499361482,1785836262433438283
/control/command/control_cmd/debug/published_time,90549361483,1785836262483667351
/control/command/control_cmd/debug/published_time,90599361483,1785836262534458779
/control/command/control_cmd/debug/published_time,90649361484,1785836262583665282
/control/command/control_cmd/debug/published_time,90699361485,1785836262633750704
/control/command/control_cmd/debug/published_time,90749361486,1785836262684484505
/control/command/control_cmd/debug/published_time,90799361486,1785836262733800249
/control/command/control_cmd/debug/published_time,90849361487,1785836262783876437
/control/command/control_cmd/debug/published_time,90899361488,1785836262834156715
/control/command/control_cmd/debug/published_time,90949361489,1785836262883875224
/control/command/control_cmd/debug/published_time,90999361489,1785836262934443086
/control/command/control_cmd/debug/published_time,91049361490,1785836262984235843
/control/command/control_cmd/debug/published_time,91099361491,1785836263034531515
/control/command/control_cmd/debug/published_time,91149361492,1785836263084578672
/control/command/control_cmd/debug/published_time,91199361492,1785836263135299336
/control/command/control_cmd/debug/published_time,91249361493,1785836263184159972
/control/command/control_cmd/debug/published_time,91299361494,1785836263235152687
/control/command/control_cmd/debug/published_time,91349361495,1785836263284760753
/control/command/control_cmd/debug/published_time,91399361495,1785836263334597409
/control/command/control_cmd/debug/published_time,91449361496,1785836263384850411
/control/command/control_cmd/debug/published_time,91499361497,1785836263434947887
/control/command/control_cmd/debug/published_time,91549361498,1785836263484913779
/control/command/control_cmd/debug/published_time,91599361498,1785836263535126457
/control/command/control_cmd/debug/published_time,91649361499,1785836263585452207
/control/command/control_cmd/debug/published_time,91699361500,1785836263635503261
/control/command/control_cmd/debug/published_time,91749361500,1785836263685607482
/control/command/control_cmd/debug/published_time,91799361501,1785836263735951868
/control/command/control_cmd/debug/published_time,91849361502,1785836263785384381
/control/command/control_cmd/debug/published_time,91899361503,1785836263835601769
/control/command/control_cmd/debug/published_time,91949361503,1785836263885559721
/control/command/control_cmd/debug/published_time,91999361504,1785836263935513607
/control/command/control_cmd/debug/published_time,92049361505,1785836263986009427
/control/command/control_cmd/debug/published_time,92099361506,1785836264035958263
/control/command/control_cmd/debug/published_time,92149361506,1785836264086638231
/control/command/control_cmd/debug/published_time,92199361507,1785836264136189810
/control/command/control_cmd/debug/published_time,92249361508,1785836264186584796
/control/command/control_cmd/debug/published_time,92299361509,1785836264236446069
/control/command/control_cmd/debug/published_time,92349361509,1785836264286283653
/control/command/control_cmd/debug/published_time,92399361510,1785836264336886416
/control/command/control_cmd/debug/published_time,92449361511,1785836264386414283
/control/command/control_cmd/debug/published_time,92499361512,1785836264436782764
/control/command/control_cmd/debug/published_time,92549361512,1785836264486709774
/control/command/control_cmd/debug/published_time,92599361513,1785836264537981712
/control/command/control_cmd/debug/published_time,92649361514,1785836264587868428
/control/command/control_cmd/debug/published_time,92699361515,1785836264637578877
/control/command/control_cmd/debug/published_time,92749361515,1785836264689084870
/control/command/control_cmd/debug/published_time,92799361516,1785836264737790407
/control/command/control_cmd/debug/published_time,92849361517,1785836264787443962
/control/command/control_cmd/debug/published_time,92899361518,1785836264838347486
/control/command/control_cmd/debug/published_time,92949361518,1785836264888360377
/control/command/control_cmd/debug/published_time,92999361519,1785836264937986842
/control/command/control_cmd/debug/published_time,93049361520,1785836264987619539
/control/command/control_cmd/debug/published_time,93099361521,1785836265038200770
/control/command/control_cmd/debug/published_time,93149361521,1785836265087642663
/control/command/control_cmd/debug/published_time,93199361522,1785836265138692870
/control/command/control_cmd/debug/published_time,93249361523,1785836265189788009
/control/command/control_cmd/debug/published_time,93299361524,1785836265239089177
/control/command/control_cmd/debug/published_time,93349361524,1785836265288105230
/control/command/control_cmd/debug/published_time,93399361525,1785836265338873353
/control/command/control_cmd/debug/published_time,93449361526,1785836265388590055
/control/command/control_cmd/debug/published_time,93499361527,1785836265438558299
/control/command/control_cmd/debug/published_time,93549361527,1785836265488937812
/control/command/control_cmd/debug/published_time,93599361528,1785836265539853937
/control/command/control_cmd/debug/published_time,93649361529,1785836265588687129
/control/command/control_cmd/debug/published_time,93699361530,1785836265639418276
/control/command/control_cmd/debug/published_time,93749361530,1785836265689420650
/control/command/control_cmd/debug/published_time,93799361531,1785836265740099056
/control/command/control_cmd/debug/published_time,93849361532,1785836265789690649
/control/command/control_cmd/debug/published_time,93899361533,1785836265839517571
/control/command/control_cmd/debug/published_time,93949361533,1785836265889619559
/control/command/control_cmd/debug/published_time,93999361534,1785836265940350644
/control/command/control_cmd/debug/published_time,94049361535,1785836265990000173
/control/command/control_cmd/debug/published_time,94099361535,1785836266040107663
/control/command/control_cmd/debug/published_time,94149361536,1785836266090106658
/control/command/control_cmd/debug/published_time,94199361537,1785836266140137397
/control/command/control_cmd/debug/published_time,94249361538,1785836266189599405
/control/command/control_cmd/debug/published_time,94299361538,1785836266240073663
/control/command/control_cmd/debug/published_time,94349361539,1785836266290188645
/control/command/control_cmd/debug/published_time,94399361540,1785836266340407669
/control/command/control_cmd/debug/published_time,94449361541,1785836266390899870
/control/command/control_cmd/debug/published_time,94499361541,1785836266440385490
/control/command/control_cmd/debug/published_time,94549361542,1785836266490681954
/control/command/control_cmd/debug/published_time,94599361543,1785836266541218152
/control/command/control_cmd/debug/published_time,94649361544,1785836266590777559
/control/command/control_cmd/debug/published_time,94699361544,1785836266641468699
/control/command/control_cmd/debug/published_time,94749361545,1785836266692094043
/control/command/control_cmd/debug/published_time,94799361546,1785836266740668898
/control/command/control_cmd/debug/published_time,94849361547,1785836266791330694
/control/command/control_cmd/debug/published_time,94899361547,1785836266840723687
/control/command/control_cmd/debug/published_time,94949361548,1785836266891382255
/control/command/control_cmd/debug/published_time,94999361549,1785836266941830277
/control/command/control_cmd/debug/published_time,95049361550,1785836266991032090
/control/command/control_cmd/debug/published_time,95099361550,1785836267041952893
/control/command/control_cmd/debug/published_time,95149361551,1785836267091935317
/control/command/control_cmd/debug/published_time,95199361552,1785836267142110638
/control/command/control_cmd/debug/published_time,95249361553,1785836267191804087
/control/command/control_cmd/debug/published_time,95299361553,1785836267242162892
/control/command/control_cmd/debug/published_time,95349361554,1785836267292321664
/control/command/control_cmd/debug/published_time,95399361555,1785836267342316436
/control/command/control_cmd/debug/published_time,95449361556,1785836267392561749
/control/command/control_cmd/debug/published_time,95499361556,1785836267443010555
/control/command/control_cmd/debug/published_time,95549361557,1785836267492598555
/control/command/control_cmd/debug/published_time,95599361558,1785836267542747918
/control/command/control_cmd/debug/published_time,95649361559,1785836267592564666
/control/command/control_cmd/debug/published_time,95699361559,1785836267642770002
/control/command/control_cmd/debug/published_time,95749361560,1785836267692914345
/control/command/control_cmd/debug/published_time,95799361561,1785836267743547516
/control/command/control_cmd/debug/published_time,95849361562,1785836267793072995
/control/command/control_cmd/debug/published_time,95899361562,1785836267843286012
/control/command/control_cmd/debug/published_time,95949361563,1785836267892987119
/control/command/control_cmd/debug/published_time,95999361564,1785836267943178093
/control/command/control_cmd/debug/published_time,96049361565,1785836267992997685
/control/command/control_cmd/debug/published_time,96099361565,1785836268043487005
/control/command/control_cmd/debug/published_time,96149361566,1785836268093085141
/control/command/control_cmd/debug/published_time,96199361567,1785836268143789462
/control/command/control_cmd/debug/published_time,96249361568,1785836268194151064
/control/command/control_cmd/debug/published_time,96299361568,1785836268243905691
/control/command/control_cmd/debug/published_time,96349361569,1785836268293791569
/control/command/control_cmd/debug/published_time,96399361570,1785836268343830981
/control/command/control_cmd/debug/published_time,96449361571,1785836268394091160
/control/command/control_cmd/debug/published_time,96499361571,1785836268444225145
/control/command/control_cmd/debug/published_time,96549361572,1785836268494288689
/control/command/control_cmd/debug/published_time,96599361573,1785836268544275618
/control/command/control_cmd/debug/published_time,96649361573,1785836268594211279
/control/command/control_cmd/debug/published_time,96699361574,1785836268644670471
/control/command/control_cmd/debug/published_time,96749361575,1785836268694966400
/control/command/control_cmd/debug/published_time,96799361576,1785836268745252277
/control/command/control_cmd/debug/published_time,96849361576,1785836268794875531
/control/command/control_cmd/debug/published_time,96899361577,1785836268845169234
/control/command/control_cmd/debug/published_time,96949361578,1785836268895632806
/control/command/control_cmd/debug/published_time,96999361579,1785836268945504799
/control/command/control_cmd/debug/published_time,97049361579,1785836268995500819
/control/command/control_cmd/debug/published_time,97099361580,1785836269045517850
/control/command/control_cmd/debug/published_time,97149361581,1785836269095723278
/control/command/control_cmd/debug/published_time,97199361582,1785836269146344379
/control/command/control_cmd/debug/published_time,97249361582,1785836269195300735
/control/command/control_cmd/debug/published_time,97299361583,1785836269245750282
/control/command/control_cmd/debug/published_time,97349361584,1785836269296242506
/control/command/control_cmd/debug/published_time,97399361585,1785836269345947379
/control/command/control_cmd/debug/published_time,97449361585,1785836269395776357
/control/command/control_cmd/debug/published_time,97499361586,1785836269446203079
/control/command/control_cmd/debug/published_time,97549361587,1785836269495908171
/control/command/control_cmd/debug/published_time,97599361588,1785836269546442586
/control/command/control_cmd/debug/published_time,97649361588,1785836269596535344
/control/command/control_cmd/debug/published_time,97699361589,1785836269646939016
/control/command/control_cmd/debug/published_time,97749361590,1785836269696850765
/control/command/control_cmd/debug/published_time,97799361591,1785836269747036955
/control/command/control_cmd/debug/published_time,97849361591,1785836269796440393
/control/command/control_cmd/debug/published_time,97899361592,1785836269847332673
/control/command/control_cmd/debug/published_time,97949361593,1785836269896572045
/control/command/control_cmd/debug/published_time,97999361594,1785836269946953758
/control/command/control_cmd/debug/published_time,98049361594,1785836269997507789
/control/command/control_cmd/debug/published_time,98099361595,1785836270047461243
/control/command/control_cmd/debug/published_time,98149361596,1785836270097300880
/control/command/control_cmd/debug/published_time,98199361597,1785836270147293819
/control/command/control_cmd/debug/published_time,98249361597,1785836270197919126
/control/command/control_cmd/debug/published_time,98299361598,1785836270246755884
/control/command/control_cmd/debug/published_time,98349361599,1785836270297575991
/control/command/control_cmd/debug/published_time,98399361600,1785836270347549478
/control/command/control_cmd/debug/published_time,98449361600,1785836270397849218
/control/command/control_cmd/debug/published_time,98499361601,1785836270447590150
/control/command/control_cmd/debug/published_time,98549361602,1785836270497303662
/control/command/control_cmd/debug/published_time,98599361603,1785836270548449275
/control/command/control_cmd/debug/published_time,98649361603,1785836270598452910
/control/command/control_cmd/debug/published_time,98699361604,1785836270649206463
/control/command/control_cmd/debug/published_time,98749361605,1785836270698049721
/control/command/control_cmd/debug/published_time,98799361606,1785836270748563086
/control/command/control_cmd/debug/published_time,98849361606,1785836270798217261
/control/command/control_cmd/debug/published_time,98899361607,1785836270848352095
/control/command/control_cmd/debug/published_time,98949361608,1785836270898837223
/control/command/control_cmd/debug/published_time,98999361609,1785836270948972015
/control/command/control_cmd/debug/published_time,99049361609,1785836270999143518
/control/command/control_cmd/debug/published_time,99099361610,1785836271048771737
/control/command/control_cmd/debug/published_time,99149361611,1785836271100126469
/control/command/control_cmd/debug/published_time,99199361611,1785836271149638015
/control/command/control_cmd/debug/published_time,99249361612,1785836271199901984
/control/command/control_cmd/debug/published_time,99299361613,1785836271249077827
/control/command/control_cmd/debug/published_time,99349361614,1785836271299161320
/control/command/control_cmd/debug/published_time,99399361614,1785836271349763992
/control/command/control_cmd/debug/published_time,99449361615,1785836271400201479
/control/command/control_cmd/debug/published_time,99499361616,1785836271450071137
/control/command/control_cmd/debug/published_time,99549361617,1785836271500018828
/control/command/control_cmd/debug/published_time,99599361617,1785836271550435917
/control/command/control_cmd/debug/published_time,99649361618,1785836271600098941
/control/command/control_cmd/debug/published_time,99699361619,1785836271651141406
/control/command/control_cmd/debug/published_time,99749361620,1785836271700251787
/control/command/control_cmd/debug/published_time,99799361620,1785836271749924313
/control/command/control_cmd/debug/published_time,99849361621,1785836271800389862
/control/command/control_cmd/debug/published_time,99899361622,1785836271850497198
/control/command/control_cmd/debug/published_time,99949361623,1785836271900052514
/control/command/control_cmd/debug/published_time,99999361623,1785836271950952401
/control/command/control_cmd/debug/published_time,100049361624,1785836272000399462
/control/command/control_cmd/debug/published_time,100099361625,1785836272050767052
/control/command/control_cmd/debug/published_time,100149361626,1785836272100625458
/control/command/control_cmd/debug/published_time,100199361626,1785836272151279452
/control/command/control_cmd/debug/published_time,100249361627,1785836272200745855
/control/command/control_cmd/debug/published_time,100299361628,1785836272251083375
/control/command/control_cmd/debug/published_time,100349361629,1785836272301510711
/control/command/control_cmd/debug/published_time,100399361629,1785836272351192166
/control/command/control_cmd/debug/published_time,100449361630,1785836272401229116
/control/command/control_cmd/debug/published_time,100499361631,1785836272451381730
/control/command/control_cmd/debug/published_time,100549361632,1785836272502708063
/control/command/control_cmd/debug/published_time,100599361632,1785836272552621231
/control/command/control_cmd/debug/published_time,100649361633,1785836272602015795
/control/command/control_cmd/debug/published_time,100699361634,1785836272651982791
/control/command/control_cmd/debug/published_time,100749361635,1785836272702616285
/control/command/control_cmd/debug/published_time,100799361635,1785836272751953142
/control/command/control_cmd/debug/published_time,100849361636,1785836272802672256
/control/command/control_cmd/debug/published_time,100899361637,1785836272852683848
/control/command/control_cmd/debug/published_time,100949361638,1785836272902153769
/control/command/control_cmd/debug/published_time,100999361638,1785836272952328967
/control/command/control_cmd/debug/published_time,101049361639,1785836273002310477
/control/command/control_cmd/debug/published_time,101099361640,1785836273052965102
/control/command/control_cmd/debug/published_time,101149361641,1785836273102623871
/control/command/control_cmd/debug/published_time,101199361641,1785836273153250855
/control/command/control_cmd/debug/published_time,101249361642,1785836273203149120
/control/command/control_cmd/debug/published_time,101299361643,1785836273252902457
/control/command/control_cmd/debug/published_time,101349361644,1785836273303284333
/control/command/control_cmd/debug/published_time,101399361644,1785836273353665333
/control/command/control_cmd/debug/published_time,101449361645,1785836273403553510
/control/command/control_cmd/debug/published_time,101499361646,1785836273453455464
/control/command/control_cmd/debug/published_time,101549361647,1785836273503640688
/control/command/control_cmd/debug/published_time,101599361647,1785836273553863737
/control/command/control_cmd/debug/published_time,101649361648,1785836273604474246
/control/command/control_cmd/debug/published_time,101699361649,1785836273654302606
/control/command/control_cmd/debug/published_time,101749361649,1785836273703943416
/control/command/control_cmd/debug/published_time,101799361650,1785836273754274814
/control/command/control_cmd/debug/published_time,101849361651,1785836273804623003
/control/command/control_cmd/debug/published_time,101899361652,1785836273854237814
/control/command/control_cmd/debug/published_time,101949361652,1785836273904621666
/control/command/control_cmd/debug/published_time,101999361653,1785836273954674981
/control/command/control_cmd/debug/published_time,102049361654,1785836274004773952
/control/command/control_cmd/debug/published_time,102099361655,1785836274055080411
/control/command/control_cmd/debug/published_time,102149361655,1785836274105158810
/control/command/control_cmd/debug/published_time,102199361656,1785836274155299023
/control/command/control_cmd/debug/published_time,102249361657,1785836274206831188
/control/command/control_cmd/debug/published_time,102299361658,1785836274255377478
/control/command/control_cmd/debug/published_time,102349361658,1785836274305177549
/control/command/control_cmd/debug/published_time,102399361659,1785836274355373519
/control/command/control_cmd/debug/published_time,102449361660,1785836274405094325
/control/command/control_cmd/debug/published_time,102499361661,1785836274455159921
/control/command/control_cmd/debug/published_time,102549361661,1785836274506071393
/control/command/control_cmd/debug/published_time,102599361662,1785836274556059440
/control/command/control_cmd/debug/published_time,102649361663,1785836274605868621
/control/command/control_cmd/debug/published_time,102699361664,1785836274656052038
/control/command/control_cmd/debug/published_time,102749361664,1785836274706369178
/control/command/control_cmd/debug/published_time,102799361665,1785836274755789565
/control/command/control_cmd/debug/published_time,102849361666,1785836274806308619
/control/command/control_cmd/debug/published_time,102899361667,1785836274856413138
/control/command/control_cmd/debug/published_time,102949361667,1785836274906535951
/control/command/control_cmd/debug/published_time,102999361668,1785836274956634825
/control/command/control_cmd/debug/published_time,103049361669,1785836275007132994
/control/command/control_cmd/debug/published_time,103099361670,1785836275056816707
/control/command/control_cmd/debug/published_time,103149361670,1785836275106568681
/control/command/control_cmd/debug/published_time,103199361671,1785836275157504412
/control/command/control_cmd/debug/published_time,103249361672,1785836275206790243
/control/command/control_cmd/debug/published_time,103299361673,1785836275257003892
/control/command/control_cmd/debug/published_time,103349361673,1785836275307467012
/control/command/control_cmd/debug/published_time,103399361674,1785836275356795690
/control/command/control_cmd/debug/published_time,103449361675,1785836275406779188
/control/command/control_cmd/debug/published_time,103499361676,1785836275457310144
/control/command/control_cmd/debug/published_time,103549361676,1785836275508047586
/control/command/control_cmd/debug/published_time,103599361677,1785836275558393218
/control/command/control_cmd/debug/published_time,103649361678,1785836275607733807
/control/command/control_cmd/debug/published_time,103699361679,1785836275657622469
/control/command/control_cmd/debug/published_time,103749361679,1785836275707701218
/control/command/control_cmd/debug/published_time,103799361680,1785836275758730944
/control/command/control_cmd/debug/published_time,103849361681,1785836275809181915
/control/command/control_cmd/debug/published_time,103899361682,1785836275858927839
/control/command/control_cmd/debug/published_time,103949361682,1785836275908234210
/control/command/control_cmd/debug/published_time,103999361683,1785836275958310753
/control/command/control_cmd/debug/published_time,104049361684,1785836276008998887
/control/command/control_cmd/debug/published_time,104099361685,1785836276058944369
/control/command/control_cmd/debug/published_time,104149361685,1785836276109317586
/control/command/control_cmd/debug/published_time,104199361686,1785836276159200855
/control/command/control_cmd/debug/published_time,104249361687,1785836276208159031
/control/command/control_cmd/debug/published_time,104299361687,1785836276258823215
/control/command/control_cmd/debug/published_time,104349361688,1785836276308365148
/control/command/control_cmd/debug/published_time,104399361689,1785836276358808449
/control/command/control_cmd/debug/published_time,104449361690,1785836276408641971
/control/command/control_cmd/debug/published_time,104499361690,1785836276459475245
/control/command/control_cmd/debug/published_time,104549361691,1785836276509879456
/control/command/control_cmd/debug/published_time,104599361692,1785836276559065104
/control/command/control_cmd/debug/published_time,104649361693,1785836276609412018
/control/command/control_cmd/debug/published_time,104699361693,1785836276660050977
/control/command/control_cmd/debug/published_time,104749361694,1785836276709867653
/control/command/control_cmd/debug/published_time,104799361695,1785836276760284724
/control/command/control_cmd/debug/published_time,104849361696,1785836276810936556
/control/command/control_cmd/debug/published_time,104899361696,1785836276860151523
/control/command/control_cmd/debug/published_time,104949361697,1785836276910436347
/control/command/control_cmd/debug/published_time,104999361698,1785836276960737160
/control/command/control_cmd/debug/published_time,105049361699,1785836277010394089
/control/command/control_cmd/debug/published_time,105099361699,1785836277060932624
/control/command/control_cmd/debug/published_time,105149361700,1785836277110721898
/control/command/control_cmd/debug/published_time,105199361701,1785836277161770430
/control/command/control_cmd/debug/published_time,105249361702,1785836277211410472
/control/command/control_cmd/debug/published_time,105299361702,1785836277261493024
/control/command/control_cmd/debug/published_time,105349361703,1785836277311816489
/control/command/control_cmd/debug/published_time,105399361704,1785836277361420341
/control/command/control_cmd/debug/published_time,105449361705,1785836277411371928
/control/command/control_cmd/debug/published_time,105499361705,1785836277461871074
/control/command/control_cmd/debug/published_time,105549361706,1785836277511428824
/control/command/control_cmd/debug/published_time,105599361707,1785836277562223939
/control/command/control_cmd/debug/published_time,105649361708,1785836277612142862
/control/command/control_cmd/debug/published_time,105699361708,1785836277663221516
/control/command/control_cmd/debug/published_time,105749361709,1785836277711787111
/control/command/control_cmd/debug/published_time,105799361710,1785836277762308079
/control/command/control_cmd/debug/published_time,105849361711,1785836277811908747
/control/command/control_cmd/debug/published_time,105899361711,1785836277862752603
/control/command/control_cmd/debug/published_time,105949361712,1785836277912172220
/control/command/control_cmd/debug/published_time,105999361713,1785836277962056132
/control/command/control_cmd/debug/published_time,106049361714,1785836278013023872
/control/command/control_cmd/debug/published_time,106099361714,1785836278062359896
/control/command/control_cmd/debug/published_time,106149361715,1785836278113086187
/control/command/control_cmd/debug/published_time,106199361716,1785836278163161026
/control/command/control_cmd/debug/published_time,106249361717,1785836278213093752
/control/command/control_cmd/debug/published_time,106299361717,1785836278263012074
/control/command/control_cmd/debug/published_time,106349361718,1785836278312819892
/control/command/control_cmd/debug/published_time,106399361719,1785836278363136248
/control/command/control_cmd/debug/published_time,106449361720,1785836278412992889
/control/command/control_cmd/debug/published_time,106499361720,1785836278463964484
/control/command/control_cmd/debug/published_time,106549361721,1785836278513343946
/control/command/control_cmd/debug/published_time,106599361722,1785836278564115312
/control/command/control_cmd/debug/published_time,106649361723,1785836278613363490
/control/command/control_cmd/debug/published_time,106699361723,1785836278663989978
/control/command/control_cmd/debug/published_time,106749361724,1785836278713734366
/control/command/control_cmd/debug/published_time,106799361725,1785836278764380610
/control/command/control_cmd/debug/published_time,106849361725,1785836278814945060
/control/command/control_cmd/debug/published_time,106899361726,1785836278864052341
/control/command/control_cmd/debug/published_time,106949361727,1785836278914306802
/control/command/control_cmd/debug/published_time,106999361728,1785836278963959416
/control/command/control_cmd/debug/published_time,107049361728,1785836279014962501
/control/command/control_cmd/debug/published_time,107099361729,1785836279064584402
/control/command/control_cmd/debug/published_time,107149361730,1785836279114118828
/control/command/control_cmd/debug/published_time,107199361731,1785836279164749225
/control/command/control_cmd/debug/published_time,107249361731,1785836279214524554
/control/command/control_cmd/debug/published_time,107299361732,1785836279265010267
/control/command/control_cmd/debug/published_time,107349361733,1785836279314802169
/control/command/control_cmd/debug/published_time,107399361734,1785836279365205806
/control/command/control_cmd/debug/published_time,107449361734,1785836279415831674
/control/command/control_cmd/debug/published_time,107499361735,1785836279465054063
/control/command/control_cmd/debug/published_time,107549361736,1785836279514845037
/control/command/control_cmd/debug/published_time,107599361737,1785836279565093145
/control/command/control_cmd/debug/published_time,107649361737,1785836279615033612
/control/command/control_cmd/debug/published_time,107699361738,1785836279665441102
/control/command/control_cmd/debug/published_time,107749361739,1785836279715534947
/control/command/control_cmd/debug/published_time,107799361740,1785836279765926750
/control/command/control_cmd/debug/published_time,107849361740,1785836279815779137
/control/command/control_cmd/debug/published_time,107899361741,1785836279865681898
/control/command/control_cmd/debug/published_time,107949361742,1785836279916287300
/control/command/control_cmd/debug/published_time,107999361743,1785836279965699236
/control/command/control_cmd/debug/published_time,108049361743,1785836280016149128
/control/command/control_cmd/debug/published_time,108099361744,1785836280065884944
/control/command/control_cmd/debug/published_time,108149361745,1785836280116057413
/control/command/control_cmd/debug/published_time,108199361746,1785836280167103017
/control/command/control_cmd/debug/published_time,108249361746,1785836280216241758
/control/command/control_cmd/debug/published_time,108299361747,1785836280266363209
/control/command/control_cmd/debug/published_time,108349361748,1785836280315604932
/control/command/control_cmd/debug/published_time,108399361749,1785836280366954083
/control/command/control_cmd/debug/published_time,108449361749,1785836280417033180
/control/command/control_cmd/debug/published_time,108499361750,1785836280466704817
/control/command/control_cmd/debug/published_time,108549361751,1785836280517039228
/control/command/control_cmd/debug/published_time,108599361752,1785836280566733019
/control/command/control_cmd/debug/published_time,108649361752,1785836280617286593
/control/command/control_cmd/debug/published_time,108699361753,1785836280666820338
/control/command/control_cmd/debug/published_time,108749361754,1785836280716929256
/control/command/control_cmd/debug/published_time,108799361755,1785836280767025629
/control/command/control_cmd/debug/published_time,108849361755,1785836280817104791
/control/command/control_cmd/debug/published_time,108899361756,1785836280867143064
/control/command/control_cmd/debug/published_time,108949361757,1785836280917975962
/control/command/control_cmd/debug/published_time,108999361758,1785836280968267641
/control/command/control_cmd/debug/published_time,109049361758,1785836281017945007
/control/command/control_cmd/debug/published_time,109099361759,1785836281067160380
/control/command/control_cmd/debug/published_time,109149361760,1785836281117758519
/control/command/control_cmd/debug/published_time,109199361761,1785836281167929503
/control/command/control_cmd/debug/published_time,109249361761,1785836281218089712
/control/command/control_cmd/debug/published_time,109299361762,1785836281268254744
/control/command/control_cmd/debug/published_time,109349361763,1785836281317971828
/control/command/control_cmd/debug/published_time,109399361763,1785836281367925884
/control/command/control_cmd/debug/published_time,109449361764,1785836281418038412
/control/command/control_cmd/debug/published_time,109499361765,1785836281468593402
/control/command/control_cmd/debug/published_time,109549361766,1785836281518680217
/control/command/control_cmd/debug/published_time,109599361766,1785836281568631528
/control/command/control_cmd/debug/published_time,109649361767,1785836281618085830
/control/command/control_cmd/debug/published_time,109699361768,1785836281669262993
/control/command/control_cmd/debug/published_time,109749361769,1785836281719336474
/control/command/control_cmd/debug/published_time,109799361769,1785836281768832657
/control/command/control_cmd/debug/published_time,109849361770,1785836281819291171
/control/command/control_cmd/debug/published_time,109899361771,1785836281870414366
/control/command/control_cmd/debug/published_time,109949361772,1785836281920310195
/control/command/control_cmd/debug/published_time,109999361772,1785836281969325101
/control/command/control_cmd/debug/published_time,110049361773,1785836282018955915
/control/command/control_cmd/debug/published_time,110099361774,1785836282069138800
/control/command/control_cmd/debug/published_time,110149361775,1785836282119438985
/control/command/control_cmd/debug/published_time,110199361775,1785836282169411726
/control/command/control_cmd/debug/published_time,110249361776,1785836282219571227
/control/command/control_cmd/debug/published_time,110299361777,1785836282269428613
/control/command/control_cmd/debug/published_time,110349361778,1785836282319209474
/control/command/control_cmd/debug/published_time,110399361778,1785836282369639977
/control/command/control_cmd/debug/published_time,110449361779,1785836282420378128
/control/command/control_cmd/debug/published_time,110499361780,1785836282469277111
/control/command/control_cmd/debug/published_time,110549361781,1785836282520194881
/control/command/control_cmd/debug/published_time,110599361781,1785836282570373940
/control/command/control_cmd/debug/published_time,110649361782,1785836282620721194
/control/command/control_cmd/debug/published_time,110699361783,1785836282670652721
/control/command/control_cmd/debug/published_time,110749361784,1785836282720678363
/control/command/control_cmd/debug/published_time,110799361784,1785836282770433221
/control/command/control_cmd/debug/published_time,110849361785,1785836282822018275
/control/command/control_cmd/debug/published_time,110899361786,1785836282871029288
/control/command/control_cmd/debug/published_time,110949361787,1785836282921311346
/control/command/control_cmd/debug/published_time,110999361787,1785836282971571447
/control/command/control_cmd/debug/published_time,111049361788,1785836283022574897
/control/command/control_cmd/debug/published_time,111099361789,1785836283072176997
/control/command/control_cmd/debug/published_time,111149361790,1785836283122465036
/control/command/control_cmd/debug/published_time,111199361790,1785836283171782247
/control/command/control_cmd/debug/published_time,111249361791,1785836283221960399
/control/command/control_cmd/debug/published_time,111299361792,1785836283272386197
/control/command/control_cmd/debug/published_time,111349361793,1785836283322561201
/control/command/control_cmd/debug/published_time,111399361793,1785836283373214376
/control/command/control_cmd/debug/published_time,111449361794,1785836283422300778
/control/command/control_cmd/debug/published_time,111499361795,1785836283472276262
/control/command/control_cmd/debug/published_time,111549361796,1785836283522754526
/control/command/control_cmd/debug/published_time,111599361796,1785836283573029294
/control/command/control_cmd/debug/published_time,111649361797,1785836283622611796
/control/command/control_cmd/debug/published_time,111699361798,1785836283673718952
/control/command/control_cmd/debug/published_time,111749361799,1785836283723531778
/control/command/control_cmd/debug/published_time,111799361799,1785836283773382108
/control/command/control_cmd/debug/published_time,111849361800,1785836283823698374
/control/command/control_cmd/debug/published_time,111899361801,1785836283874089710
/control/command/control_cmd/debug/published_time,111949361801,1785836283923231639
/control/command/control_cmd/debug/published_time,111999361802,1785836283974444258
/control/command/control_cmd/debug/published_time,112049361803,1785836284024305219
/control/command/control_cmd/debug/published_time,112099361804,1785836284073554933
/control/command/control_cmd/debug/published_time,112149361804,1785836284123996322
/control/command/control_cmd/debug/published_time,112199361805,1785836284173728200
/control/command/control_cmd/debug/published_time,112249361806,1785836284224365290
/control/command/control_cmd/debug/published_time,112299361807,1785836284274260872
/control/command/control_cmd/debug/published_time,112349361807,1785836284324169856
/control/command/control_cmd/debug/published_time,112399361808,1785836284374360811
/control/command/control_cmd/debug/published_time,112449361809,1785836284425212086
/control/command/control_cmd/debug/published_time,112499361810,1785836284474650699
/control/command/control_cmd/debug/published_time,112549361810,1785836284524230832
/control/command/control_cmd/debug/published_time,112599361811,1785836284574756129
/control/command/control_cmd/debug/published_time,112649361812,1785836284624101909
/control/command/control_cmd/debug/published_time,112699361813,1785836284675103794
/control/command/control_cmd/debug/published_time,112749361813,1785836284724409511
/control/command/control_cmd/debug/published_time,112799361814,1785836284775536601
/control/command/control_cmd/debug/published_time,112849361815,1785836284824719121
/control/command/control_cmd/debug/published_time,112899361816,1785836284874960622
/control/command/control_cmd/debug/published_time,112949361816,1785836284925217529
/control/command/control_cmd/debug/published_time,112999361817,1785836284974880762
/control/command/control_cmd/debug/published_time,113049361818,1785836285025482497
/control/command/control_cmd/debug/published_time,113099361819,1785836285076196952
/control/command/control_cmd/debug/published_time,113149361819,1785836285126333934
/control/command/control_cmd/debug/published_time,113199361820,1785836285176224397
/control/command/control_cmd/debug/published_time,113249361821,1785836285225603889
/control/command/control_cmd/debug/published_time,113299361822,1785836285275746050
/control/command/control_cmd/debug/published_time,113349361822,1785836285326540501
/control/command/control_cmd/debug/published_time,113399361823,1785836285376547513
/control/command/control_cmd/debug/published_time,113449361824,1785836285426445265
/control/command/control_cmd/debug/published_time,113499361825,1785836285476779579
/control/command/control_cmd/debug/published_time,113549361825,1785836285526358327
/control/command/control_cmd/debug/published_time,113599361826,1785836285576606225
/control/command/control_cmd/debug/published_time,113649361827,1785836285627266423
/control/command/control_cmd/debug/published_time,113699361828,1785836285677982033
/control/command/control_cmd/debug/published_time,113749361828,1785836285726988645
/control/command/control_cmd/debug/published_time,113799361829,1785836285777280417
/control/command/control_cmd/debug/published_time,113849361830,1785836285827574853
/control/command/control_cmd/debug/published_time,113899361831,1785836285877786724
/control/command/control_cmd/debug/published_time,113949361831,1785836285928002540
/control/command/control_cmd/debug/published_time,113999361832,1785836285977921596
/control/command/control_cmd/debug/published_time,114049361833,1785836286027929825
/control/command/control_cmd/debug/published_time,114099361834,1785836286078249338
/control/command/control_cmd/debug/published_time,114149361834,1785836286128455386
/control/command/control_cmd/debug/published_time,114199361835,1785836286178665101
/control/command/control_cmd/debug/published_time,114249361836,1785836286228428092
/control/command/control_cmd/debug/published_time,114299361837,1785836286278185288
/control/command/control_cmd/debug/published_time,114349361837,1785836286328675586
/control/command/control_cmd/debug/published_time,114399361838,1785836286378281918
/control/command/control_cmd/debug/published_time,114449361839,1785836286428672924
/control/command/control_cmd/debug/published_time,114499361839,1785836286478637126
/control/command/control_cmd/debug/published_time,114549361840,1785836286528705492
/control/command/control_cmd/debug/published_time,114599361841,1785836286579858890
/control/command/control_cmd/debug/published_time,114649361842,1785836286629784094
/control/command/control_cmd/debug/published_time,114699361842,1785836286679944304
/control/command/control_cmd/debug/published_time,114749361843,1785836286729728269
/control/command/control_cmd/debug/published_time,114799361844,1785836286779455634
/control/command/control_cmd/debug/published_time,114849361845,1785836286829564291
/control/command/control_cmd/debug/published_time,114899361845,1785836286880170190
/control/command/control_cmd/debug/published_time,114949361846,1785836286930248487
/control/command/control_cmd/debug/published_time,114999361847,1785836286980158215
/control/command/control_cmd/debug/published_time,115049361848,1785836287030452430
/control/command/control_cmd/debug/published_time,115099361848,1785836287080683775
/control/command/control_cmd/debug/published_time,115149361849,1785836287130466646
/control/command/control_cmd/debug/published_time,115199361850,1785836287180601013
/control/command/control_cmd/debug/published_time,115249361851,1785836287230374831
/control/command/control_cmd/debug/published_time,115299361851,1785836287280364923
/control/command/control_cmd/debug/published_time,115349361852,1785836287330295474
/control/command/control_cmd/debug/published_time,115399361853,1785836287380759030
/control/command/control_cmd/debug/published_time,115449361854,1785836287431658038
/control/command/control_cmd/debug/published_time,115499361854,1785836287481419961
/control/command/control_cmd/debug/published_time,115549361855,1785836287531007940
/control/command/control_cmd/debug/published_time,115599361856,1785836287581332833
/control/command/control_cmd/debug/published_time,115649361857,1785836287632170885
/control/command/control_cmd/debug/published_time,115699361857,1785836287681171890
/control/command/control_cmd/debug/published_time,115749361858,1785836287731501734
/control/command/control_cmd/debug/published_time,115799361859,1785836287782104911
/control/command/control_cmd/debug/published_time,115849361860,1785836287831845111
/control/command/control_cmd/debug/published_time,115899361860,1785836287881692972
/control/command/control_cmd/debug/published_time,115949361861,1785836287931715035
/control/command/control_cmd/debug/published_time,115999361862,1785836287982329186
/control/command/control_cmd/debug/published_time,116049361863,1785836288031951253
/control/command/control_cmd/debug/published_time,116099361863,1785836288082267040
/control/command/control_cmd/debug/published_time,116149361864,1785836288132668305
/control/command/control_cmd/debug/published_time,116199361865,1785836288182435489
/control/command/control_cmd/debug/published_time,116249361866,1785836288232322171
/control/command/control_cmd/debug/published_time,116299361866,1785836288282402526
/control/command/control_cmd/debug/published_time,116349361867,1785836288334045788
/control/command/control_cmd/debug/published_time,116399361868,1785836288383220924
/control/command/control_cmd/debug/published_time,116449361869,1785836288432390385
/control/command/control_cmd/debug/published_time,116499361869,1785836288483618885
/control/command/control_cmd/debug/published_time,116549361870,1785836288533625282
/control/command/control_cmd/debug/published_time,116599361871,1785836288584405962
/control/command/control_cmd/debug/published_time,116649361872,1785836288633529550
/control/command/control_cmd/debug/published_time,116699361872,1785836288683751967
/control/command/control_cmd/debug/published_time,116749361873,1785836288734058074
/control/command/control_cmd/debug/published_time,116799361874,1785836288784057233
/control/command/control_cmd/debug/published_time,116849361874,1785836288833714531
/control/command/control_cmd/debug/published_time,116899361875,1785836288883695052
/control/command/control_cmd/debug/published_time,116949361876,1785836288934727396
/control/command/control_cmd/debug/published_time,116999361877,1785836288984215536
/control/command/control_cmd/debug/published_time,117049361877,1785836289034421328
/control/command/control_cmd/debug/published_time,117099361878,1785836289084114764
/control/command/control_cmd/debug/published_time,117149361879,1785836289134497685
/control/command/control_cmd/debug/published_time,117199361880,1785836289184681042
/control/command/control_cmd/debug/published_time,117249361880,1785836289234632523
/control/command/control_cmd/debug/published_time,117299361881,1785836289285511279
/control/command/control_cmd/debug/published_time,117349361882,1785836289334646316
/control/command/control_cmd/debug/published_time,117399361883,1785836289384874575
/control/command/control_cmd/debug/published_time,117449361883,1785836289434593054
/control/command/control_cmd/debug/published_time,117499361884,1785836289485083950
/control/command/control_cmd/debug/published_time,117549361885,1785836289534899543
/control/command/control_cmd/debug/published_time,117599361886,1785836289585184048
/control/command/control_cmd/debug/published_time,117649361886,1785836289635070599
/control/command/control_cmd/debug/published_time,117699361887,1785836289685807622
/control/command/control_cmd/debug/published_time,117749361888,1785836289735898577
/control/command/control_cmd/debug/published_time,117799361889,1785836289785955102
/control/command/control_cmd/debug/published_time,117849361889,1785836289835417297
/control/command/control_cmd/debug/published_time,117899361890,1785836289885781541
/control/command/control_cmd/debug/published_time,117949361891,1785836289936470337
/control/command/control_cmd/debug/published_time,117999361892,1785836289986112208
/control/command/control_cmd/debug/published_time,118049361892,1785836290035795668
/control/command/control_cmd/debug/published_time,118099361893,1785836290086128195
/control/command/control_cmd/debug/published_time,118149361894,1785836290136912162
/control/command/control_cmd/debug/published_time,118199361895,1785836290186045964
/control/command/control_cmd/debug/published_time,118249361895,1785836290236541994
/control/command/control_cmd/debug/published_time,118299361896,1785836290286151655
/control/command/control_cmd/debug/published_time,118349361897,1785836290336000092
/control/command/control_cmd/debug/published_time,118399361898,1785836290386457072
/control/command/control_cmd/debug/published_time,118449361898,1785836290436479551
/control/command/control_cmd/debug/published_time,118499361899,1785836290486782168
/control/command/control_cmd/debug/published_time,118549361900,1785836290538119867
/control/command/control_cmd/debug/published_time,118599361901,1785836290587479597
/control/command/control_cmd/debug/published_time,118649361901,1785836290637246976
/control/command/control_cmd/debug/published_time,118699361902,1785836290687474886
/control/command/control_cmd/debug/published_time,118749361903,1785836290737085277
/control/command/control_cmd/debug/published_time,118799361904,1785836290787347364
/control/command/control_cmd/debug/published_time,118849361904,1785836290837771463
/control/command/control_cmd/debug/published_time,118899361905,1785836290887370789
/control/command/control_cmd/debug/published_time,118949361906,1785836290937501277
/control/command/control_cmd/debug/published_time,118999361907,1785836290987700093
/control/command/control_cmd/debug/published_time,119049361907,1785836291038085016
/control/command/control_cmd/debug/published_time,119099361908,1785836291088897041
/control/command/control_cmd/debug/published_time,119149361909,1785836291137715965
/control/command/control_cmd/debug/published_time,119199361910,1785836291188040323
/control/command/control_cmd/debug/published_time,119249361910,1785836291238483404
/control/command/control_cmd/debug/published_time,119299361911,1785836291289135591
/control/command/control_cmd/debug/published_time,119349361912,1785836291338454093
/control/command/control_cmd/debug/published_time,119399361912,1785836291389113268
/control/command/control_cmd/debug/published_time,119449361913,1785836291438631762
/control/command/control_cmd/debug/published_time,119499361914,1785836291489231937
/control/command/control_cmd/debug/published_time,119549361915,1785836291539435994
/control/command/control_cmd/debug/published_time,119599361915,1785836291589494533
/control/command/control_cmd/debug/published_time,119649361916,1785836291640034681
/control/command/control_cmd/debug/published_time,119699361917,1785836291688902151
/control/command/control_cmd/debug/published_time,119749361918,1785836291738927670
/control/command/control_cmd/debug/published_time,119799361918,1785836291789458954
/control/command/control_cmd/debug/published_time,119849361919,1785836291839108284
/control/command/control_cmd/debug/published_time,119899361920,1785836291889124576
/control/command/control_cmd/debug/published_time,119949361921,1785836291939425358
/control/command/control_cmd/debug/published_time,119999361921,1785836291990174466
/control/command/control_cmd/debug/published_time,120049361922,1785836292039350947
/control/command/control_cmd/debug/published_time,120099361923,1785836292089751107
/control/command/control_cmd/debug/published_time,120149361924,1785836292140089637
/control/command/control_cmd/debug/published_time,120199361924,1785836292189997603
/control/command/control_cmd/debug/published_time,120249361925,1785836292239803668
/control/command/control_cmd/debug/published_time,120299361926,1785836292289963305
/control/command/control_cmd/debug/published_time,120349361927,1785836292339944619
/control/command/control_cmd/debug/published_time,120399361927,1785836292390230700
/control/command/control_cmd/debug/published_time,120449361928,1785836292440685865
/control/command/control_cmd/debug/published_time,120499361929,1785836292490576951
/control/command/control_cmd/debug/published_time,120549361930,1785836292540148583
/control/command/control_cmd/debug/published_time,120599361930,1785836292590812002
/control/command/control_cmd/debug/published_time,120649361931,1785836292640854271
/control/command/control_cmd/debug/published_time,120699361932,1785836292690446956
/control/command/control_cmd/debug/published_time,120749361933,1785836292740574377
/control/command/control_cmd/debug/published_time,120799361933,1785836292791030234
/control/command/control_cmd/debug/published_time,120849361934,1785836292840835228
/control/command/control_cmd/debug/published_time,120899361935,1785836292891107078
/control/command/control_cmd/debug/published_time,120949361936,1785836292941312222
/control/command/control_cmd/debug/published_time,120999361936,1785836292991697462
/control/command/control_cmd/debug/published_time,121049361937,1785836293042022611
/control/command/control_cmd/debug/published_time,121099361938,1785836293091502934
/control/command/control_cmd/debug/published_time,121149361939,1785836293141690905
/control/command/control_cmd/debug/published_time,121199361939,1785836293191855836
/control/command/control_cmd/debug/published_time,121249361940,1785836293242487498
/control/command/control_cmd/debug/published_time,121299361941,1785836293291761077
/control/command/control_cmd/debug/published_time,121349361942,1785836293342333875
/control/command/control_cmd/debug/published_time,121399361942,1785836293391608535
/control/command/control_cmd/debug/published_time,121449361943,1785836293442648091
/control/command/control_cmd/debug/published_time,121499361944,1785836293492146611
/control/command/control_cmd/debug/published_time,121549361945,1785836293541932251
/control/command/control_cmd/debug/published_time,121599361945,1785836293592714815
/control/command/control_cmd/debug/published_time,121649361946,1785836293643409726
/control/command/control_cmd/debug/published_time,121699361947,1785836293692424054
/control/command/control_cmd/debug/published_time,121749361948,1785836293742664103
/control/command/control_cmd/debug/published_time,121799361948,1785836293792353446
/control/command/control_cmd/debug/published_time,121849361949,1785836293844076332
/control/command/control_cmd/debug/published_time,121899361950,1785836293893425028
/control/command/control_cmd/debug/published_time,121949361950,1785836293944010650
/control/command/control_cmd/debug/published_time,121999361951,1785836293992689343
/control/command/control_cmd/debug/published_time,122049361952,1785836294043838910
/control/command/control_cmd/debug/published_time,122099361953,1785836294094240413
/control/command/control_cmd/debug/published_time,122149361953,1785836294143953813
/control/command/control_cmd/debug/published_time,122199361954,1785836294194869513
/control/command/control_cmd/debug/published_time,122249361955,1785836294244442564
/control/command/control_cmd/debug/published_time,122299361956,1785836294293431650
/control/command/control_cmd/debug/published_time,122349361956,1785836294344523164
/control/command/control_cmd/debug/published_time,122399361957,1785836294394320155
/control/command/control_cmd/debug/published_time,122449361958,1785836294443737433
/control/command/control_cmd/debug/published_time,122499361959,1785836294494842091
/control/command/control_cmd/debug/published_time,122549361959,1785836294544125868
/control/command/control_cmd/debug/published_time,122599361960,1785836294594936950
/control/command/control_cmd/debug/published_time,122649361961,1785836294644904013
/control/command/control_cmd/debug/published_time,122699361962,1785836294694510874
/control/command/control_cmd/debug/published_time,122749361962,1785836294745015847
/control/command/control_cmd/debug/published_time,122799361963,1785836294795202217
/control/command/control_cmd/debug/published_time,122849361964,1785836294844823462
/control/command/control_cmd/debug/published_time,122899361965,1785836294895188823
/control/command/control_cmd/debug/published_time,122949361965,1785836294946560993
/control/command/control_cmd/debug/published_time,122999361966,1785836294995929899
/control/command/control_cmd/debug/published_time,123049361967,1785836295045039930
/control/command/control_cmd/debug/published_time,123099361968,1785836295095454534
/control/command/control_cmd/debug/published_time,123149361968,1785836295145588462
/control/command/control_cmd/debug/published_time,123199361969,1785836295195041635
/control/command/control_cmd/debug/published_time,123249361970,1785836295245104167
/control/command/control_cmd/debug/published_time,123299361971,1785836295296812611
/control/command/control_cmd/debug/published_time,123349361971,1785836295349055562
/control/command/control_cmd/debug/published_time,123399361972,1785836295396216427
/control/command/control_cmd/debug/published_time,123449361973,1785836295445689982
/control/command/control_cmd/debug/published_time,123499361974,1785836295495601785
/control/command/control_cmd/debug/published_time,123549361974,1785836295546139351
/control/command/control_cmd/debug/published_time,123599361975,1785836295596765999
/control/command/control_cmd/debug/published_time,123649361976,1785836295647069827
/control/command/control_cmd/debug/published_time,123699361977,1785836295696318895
/control/command/control_cmd/debug/published_time,123749361977,1785836295747113845
/control/command/control_cmd/debug/published_time,123799361978,1785836295796395986
/control/command/control_cmd/debug/published_time,123849361979,1785836295846588258
/control/command/control_cmd/debug/published_time,123899361980,1785836295896688927
/control/command/control_cmd/debug/published_time,123949361980,1785836295947744138
/control/command/control_cmd/debug/published_time,123999361981,1785836295997668806
/control/command/control_cmd/debug/published_time,124049361982,1785836296046905860
/control/command/control_cmd/debug/published_time,124099361983,1785836296096910650
/control/command/control_cmd/debug/published_time,124149361983,1785836296146979696
/control/command/control_cmd/debug/published_time,124199361984,1785836296197475305
/control/command/control_cmd/debug/published_time,124249361985,1785836296247625550
/control/command/control_cmd/debug/published_time,124299361986,1785836296297243402
/control/command/control_cmd/debug/published_time,124349361986,1785836296347831195
/control/command/control_cmd/debug/published_time,124399361987,1785836296397778070
/control/command/control_cmd/debug/published_time,124449361988,1785836296448779800
/control/command/control_cmd/debug/published_time,124499361988,1785836296498265160
/control/command/control_cmd/debug/published_time,124549361989,1785836296548871194
/control/command/control_cmd/debug/published_time,124599361990,1785836296598868617
/control/command/control_cmd/debug/published_time,124649361991,1785836296648374586
/control/command/control_cmd/debug/published_time,124699361991,1785836296698720608
/control/command/control_cmd/debug/published_time,124749361992,1785836296749303887
/control/command/control_cmd/debug/published_time,124799361993,1785836296798585662
/control/command/control_cmd/debug/published_time,124849361994,1785836296850143337
/control/command/control_cmd/debug/published_time,124899361994,1785836296899364216
/control/command/control_cmd/debug/published_time,124949361995,1785836296949290027
/control/command/control_cmd/debug/published_time,124999361996,1785836296999407237
/control/command/control_cmd/debug/published_time,125049361997,1785836297049512081
/control/command/control_cmd/debug/published_time,125099361997,1785836297099358954
/control/command/control_cmd/debug/published_time,125149361998,1785836297149528589
/control/command/control_cmd/debug/published_time,125199361999,1785836297199663289
/control/command/control_cmd/debug/published_time,125249362000,1785836297250225022
/control/command/control_cmd/debug/published_time,125299362000,1785836297300106403
/control/command/control_cmd/debug/published_time,125349362001,1785836297351031633
/control/command/control_cmd/debug/published_time,125399362002,1785836297399898136
/control/command/control_cmd/debug/published_time,125449362003,1785836297450626199
/control/command/control_cmd/debug/published_time,125499362003,1785836297500791703
/control/command/control_cmd/debug/published_time,125549362004,1785836297550413954
/control/command/control_cmd/debug/published_time,125599362005,1785836297600568867
/control/command/control_cmd/debug/published_time,125649362006,1785836297650613413
/control/command/control_cmd/debug/published_time,125699362006,1785836297700565844
/control/command/control_cmd/debug/published_time,125749362007,1785836297750337782
/control/command/control_cmd/debug/published_time,125799362008,1785836297801244257
/control/command/control_cmd/debug/published_time,125849362009,1785836297850698820
/control/command/control_cmd/debug/published_time,125899362009,1785836297900474583
/control/command/control_cmd/debug/published_time,125949362010,1785836297951478446
/control/command/control_cmd/debug/published_time,125999362011,1785836298001061401
/control/command/control_cmd/debug/published_time,126049362012,1785836298051294401
/control/command/control_cmd/debug/published_time,126099362012,1785836298101375074
/control/command/control_cmd/debug/published_time,126149362013,1785836298151427488
/control/command/control_cmd/debug/published_time,126199362014,1785836298201495214
/control/command/control_cmd/debug/published_time,126249362015,1785836298251414744
/control/command/control_cmd/debug/published_time,126299362015,1785836298301500468
/control/command/control_cmd/debug/published_time,126349362016,1785836298351696149
/control/command/control_cmd/debug/published_time,126399362017,1785836298401490324
/control/command/control_cmd/debug/published_time,126449362018,1785836298451644747
/control/command/control_cmd/debug/published_time,126499362018,1785836298502586082
/control/command/control_cmd/debug/published_time,126549362019,1785836298552296982
/control/command/control_cmd/debug/published_time,126599362020,1785836298602920226
/control/command/control_cmd/debug/published_time,126649362021,1785836298652677168
/control/command/control_cmd/debug/published_time,126699362021,1785836298702056722
/control/command/control_cmd/debug/published_time,126749362022,1785836298753092136
/control/command/control_cmd/debug/published_time,126799362023,1785836298802346760
/control/command/control_cmd/debug/published_time,126849362024,1785836298852497853
/control/command/control_cmd/debug/published_time,126899362024,1785836298902683788
/control/command/control_cmd/debug/published_time,126949362025,1785836298952521191
/control/command/control_cmd/debug/published_time,126999362026,1785836299004503477
/control/command/control_cmd/debug/published_time,127049362026,1785836299053262266
/control/command/control_cmd/debug/published_time,127099362027,1785836299102857331
/control/command/control_cmd/debug/published_time,127149362028,1785836299152952240
/control/command/control_cmd/debug/published_time,127199362029,1785836299203203250
/control/command/control_cmd/debug/published_time,127249362029,1785836299253025506
/control/command/control_cmd/debug/published_time,127299362030,1785836299303502108
/control/command/control_cmd/debug/published_time,127349362031,1785836299353644289
/control/command/control_cmd/debug/published_time,127399362032,1785836299403460601
/control/command/control_cmd/debug/published_time,127449362032,1785836299454396170
/control/command/control_cmd/debug/published_time,127499362033,1785836299503807839
/control/command/control_cmd/debug/published_time,127549362034,1785836299554370129
/control/command/control_cmd/debug/published_time,127599362035,1785836299604306669
/control/command/control_cmd/debug/published_time,127649362035,1785836299653752099
/control/command/control_cmd/debug/published_time,127699362036,1785836299704224810
/control/command/control_cmd/debug/published_time,127749362037,1785836299755077254
/control/command/control_cmd/debug/published_time,127799362038,1785836299804780338
/control/command/control_cmd/debug/published_time,127849362038,1785836299854870461
/control/command/control_cmd/debug/published_time,127899362039,1785836299904633830
/control/command/control_cmd/debug/published_time,127949362040,1785836299955074075
/control/command/control_cmd/debug/published_time,127999362041,1785836300004542058
/control/command/control_cmd/debug/published_time,128049362041,1785836300054799039
/control/command/control_cmd/debug/published_time,128099362042,1785836300105302224
/control/command/control_cmd/debug/published_time,128149362043,1785836300154947828
/control/command/control_cmd/debug/published_time,128199362044,1785836300205225394
/control/command/control_cmd/debug/published_time,128249362044,1785836300255435415
/control/command/control_cmd/debug/published_time,128299362045,1785836300306163745
/control/command/control_cmd/debug/published_time,128349362046,1785836300356037625
/control/command/control_cmd/debug/published_time,128399362047,1785836300405602727
/control/command/control_cmd/debug/published_time,128449362047,1785836300456275802
/control/command/control_cmd/debug/published_time,128499362048,1785836300506121907
/control/command/control_cmd/debug/published_time,128549362049,1785836300556451204
/control/command/control_cmd/debug/published_time,128599362050,1785836300606261415
/control/command/control_cmd/debug/published_time,128649362050,1785836300656684641
/control/command/control_cmd/debug/published_time,128699362051,1785836300706124139
/control/command/control_cmd/debug/published_time,128749362052,1785836300756389914
/control/command/control_cmd/debug/published_time,128799362053,1785836300806632758
/control/command/control_cmd/debug/published_time,128849362053,1785836300856295686
/control/command/control_cmd/debug/published_time,128899362054,1785836300906828541
/control/command/control_cmd/debug/published_time,128949362055,1785836300956529911
/control/command/control_cmd/debug/published_time,128999362056,1785836301006781033
/control/command/control_cmd/debug/published_time,129049362056,1785836301056835779
/control/command/control_cmd/debug/published_time,129099362057,1785836301106872769
/control/command/control_cmd/debug/published_time,129149362058,1785836301158135124
/control/command/control_cmd/debug/published_time,129199362059,1785836301207074882
/control/command/control_cmd/debug/published_time,129249362059,1785836301257666586
/control/command/control_cmd/debug/published_time,129299362060,1785836301307320274
/control/command/control_cmd/debug/published_time,129349362061,1785836301357809437
/control/command/control_cmd/debug/published_time,129399362062,1785836301408149308
/control/command/control_cmd/debug/published_time,129449362062,1785836301457604022
/control/command/control_cmd/debug/published_time,129499362063,1785836301507604090
/control/command/control_cmd/debug/published_time,129549362064,1785836301557801775
/control/command/control_cmd/debug/published_time,129599362064,1785836301608551064
/control/command/control_cmd/debug/published_time,129649362065,1785836301658167800
/control/command/control_cmd/debug/published_time,129699362066,1785836301708471548
/control/command/control_cmd/debug/published_time,129749362067,1785836301758384096
/control/command/control_cmd/debug/published_time,129799362067,1785836301808296710
/control/command/control_cmd/debug/published_time,129849362068,1785836301858207123
/control/command/control_cmd/debug/published_time,129899362069,1785836301908613474
/control/command/control_cmd/debug/published_time,129949362070,1785836301959137174
/control/command/control_cmd/debug/published_time,129999362070,1785836302008969464
/control/command/control_cmd/debug/published_time,130049362071,1785836302059527966
/control/command/control_cmd/debug/published_time,130099362072,1785836302108824568
/control/command/control_cmd/debug/published_time,130149362073,1785836302159483440
/control/command/control_cmd/debug/published_time,130199362073,1785836302209325815
/control/command/control_cmd/debug/published_time,130249362074,1785836302259140994
/control/command/control_cmd/debug/published_time,130299362075,1785836302309405107
/control/command/control_cmd/debug/published_time,130349362076,1785836302359816377
/control/command/control_cmd/debug/published_time,130399362076,1785836302410253141
/control/command/control_cmd/debug/published_time,130449362077,1785836302459702158
/control/command/control_cmd/debug/published_time,130499362078,1785836302509944776
/control/command/control_cmd/debug/published_time,130549362079,1785836302560574105
/control/command/control_cmd/debug/published_time,130599362079,1785836302610320524
/control/command/control_cmd/debug/published_time,130649362080,1785836302660432645
/control/command/control_cmd/debug/published_time,130699362081,1785836302710419512
/control/command/control_cmd/debug/published_time,130749362082,1785836302760076753
/control/command/control_cmd/debug/published_time,130799362082,1785836302810747861
/control/command/control_cmd/debug/published_time,130849362083,1785836302860554472
/control/command/control_cmd/debug/published_time,130899362084,1785836302910418788
/control/command/control_cmd/debug/published_time,130949362085,1785836302960488176
/control/command/control_cmd/debug/published_time,130999362085,1785836303010511005
/control/command/control_cmd/debug/published_time,131049362086,1785836303060740597
/control/command/control_cmd/debug/published_time,131099362087,1785836303111246553
/control/command/control_cmd/debug/published_time,131149362088,1785836303161800455
/control/command/control_cmd/debug/published_time,131199362088,1785836303210853032
/control/command/control_cmd/debug/published_time,131249362089,1785836303261780913
/control/command/control_cmd/debug/published_time,131299362090,1785836303310676273
/control/command/control_cmd/debug/published_time,131349362091,1785836303360978833
/control/command/control_cmd/debug/published_time,131399362091,1785836303411065876
/control/command/control_cmd/debug/published_time,131449362092,1785836303461222855
/control/command/control_cmd/debug/published_time,131499362093,1785836303511830856
/control/command/control_cmd/debug/published_time,131549362094,1785836303561418248
/control/command/control_cmd/debug/published_time,131599362094,1785836303611940947
/control/command/control_cmd/debug/published_time,131649362095,1785836303661660088
/control/command/control_cmd/debug/published_time,131699362096,1785836303712154497
/control/command/control_cmd/debug/published_time,131749362097,1785836303761765078
/control/command/control_cmd/debug/published_time,131799362097,1785836303813157579
/control/command/control_cmd/debug/published_time,131849362098,1785836303861904435
/control/command/control_cmd/debug/published_time,131899362099,1785836303912303355
/control/command/control_cmd/debug/published_time,131949362100,1785836303963219476
/control/command/control_cmd/debug/published_time,131999362100,1785836304012588012
/control/command/control_cmd/debug/published_time,132049362101,1785836304062722335
/control/command/control_cmd/debug/published_time,132099362102,1785836304112770672
/control/command/control_cmd/debug/published_time,132149362102,1785836304162851111
/control/command/control_cmd/debug/published_time,132199362103,1785836304213341837
/control/command/control_cmd/debug/published_time,132249362104,1785836304263028611
/control/command/control_cmd/debug/published_time,132299362105,1785836304313175897
/control/command/control_cmd/debug/published_time,132349362105,1785836304362670395
/control/command/control_cmd/debug/published_time,132399362106,1785836304412954324
/control/command/control_cmd/debug/published_time,132449362107,1785836304463482273
/control/command/control_cmd/debug/published_time,132499362108,1785836304513256818
/control/command/control_cmd/debug/published_time,132549362108,1785836304563280739
/control/command/control_cmd/debug/published_time,132599362109,1785836304614034890
/control/command/control_cmd/debug/published_time,132649362110,1785836304663584983
/control/command/control_cmd/debug/published_time,132699362111,1785836304713503050
/control/command/control_cmd/debug/published_time,132749362111,1785836304764132758
/control/command/control_cmd/debug/published_time,132799362112,1785836304814093872
/control/command/control_cmd/debug/published_time,132849362113,1785836304863918067
/control/command/control_cmd/debug/published_time,132899362114,1785836304914830394
/control/command/control_cmd/debug/published_time,132949362114,1785836304964292004
/control/command/control_cmd/debug/published_time,132999362115,1785836305014769405
/control/command/control_cmd/debug/published_time,133049362116,1785836305065111294
/control/command/control_cmd/debug/published_time,133099362117,1785836305114591782
/control/command/control_cmd/debug/published_time,133149362117,1785836305164553757
/control/command/control_cmd/debug/published_time,133199362118,1785836305216031253
/control/command/control_cmd/debug/published_time,133249362119,1785836305265411521
/control/command/control_cmd/debug/published_time,133299362120,1785836305315380845
/control/command/control_cmd/debug/published_time,133349362120,1785836305366077725
/control/command/control_cmd/debug/published_time,133399362121,1785836305416033476
/control/command/control_cmd/debug/published_time,133449362122,1785836305465272751
/control/command/control_cmd/debug/published_time,133499362123,1785836305515948552
/control/command/control_cmd/debug/published_time,133549362123,1785836305565340512
/control/command/control_cmd/debug/published_time,133599362124,1785836305616260294
/control/command/control_cmd/debug/published_time,133649362125,1785836305665820523
/control/command/control_cmd/debug/published_time,133699362126,1785836305715655881
/control/command/control_cmd/debug/published_time,133749362126,1785836305766040394
/control/command/control_cmd/debug/published_time,133799362127,1785836305816400505
/control/command/control_cmd/debug/published_time,133849362128,1785836305865984578
/control/command/control_cmd/debug/published_time,133899362129,1785836305916006493
/control/command/control_cmd/debug/published_time,133949362129,1785836305966411024
/control/command/control_cmd/debug/published_time,133999362130,1785836306016674236
/control/command/control_cmd/debug/published_time,134049362131,1785836306066417115
/control/command/control_cmd/debug/published_time,134099362132,1785836306116249257
/control/command/control_cmd/debug/published_time,134149362132,1785836306166232640
/control/command/control_cmd/debug/published_time,134199362133,1785836306216387040
/control/command/control_cmd/debug/published_time,134249362134,1785836306266116579
/control/command/control_cmd/debug/published_time,134299362135,1785836306316496944
/control/command/control_cmd/debug/published_time,134349362135,1785836306366170496
/control/command/control_cmd/debug/published_time,134399362136,1785836306416917746
/control/command/control_cmd/debug/published_time,134449362137,1785836306467475837
/control/command/control_cmd/debug/published_time,134499362138,1785836306516799259
/control/command/control_cmd/debug/published_time,134549362138,1785836306567258881
/control/command/control_cmd/debug/published_time,134599362139,1785836306617296875
/control/command/control_cmd/debug/published_time,134649362140,1785836306666995555
/control/command/control_cmd/debug/published_time,134699362140,1785836306718256613
/control/command/control_cmd/debug/published_time,134749362141,1785836306767273560
/control/command/control_cmd/debug/published_time,134799362142,1785836306817462587
/control/command/control_cmd/debug/published_time,134849362143,1785836306867566968
/control/command/control_cmd/debug/published_time,134899362143,1785836306917603171
/control/command/control_cmd/debug/published_time,134949362144,1785836306967585256
/control/command/control_cmd/debug/published_time,134999362145,1785836307019194984
/control/command/control_cmd/debug/published_time,135049362146,1785836307068202976
/control/command/control_cmd/debug/published_time,135099362146,1785836307118619533
/control/command/control_cmd/debug/published_time,135149362147,1785836307168656461
/control/command/control_cmd/debug/published_time,135199362148,1785836307218479464
/control/command/control_cmd/debug/published_time,135249362149,1785836307268251789
/control/command/control_cmd/debug/published_time,135299362149,1785836307318692852
/control/command/control_cmd/debug/published_time,135349362150,1785836307368498398
/control/command/control_cmd/debug/published_time,135399362151,1785836307419671443
/control/command/control_cmd/debug/published_time,135449362152,1785836307469254562
/control/command/control_cmd/debug/published_time,135499362152,1785836307518916011
/control/command/control_cmd/debug/published_time,135549362153,1785836307569222583
/control/command/control_cmd/debug/published_time,135599362154,1785836307619825036
/control/command/control_cmd/debug/published_time,135649362155,1785836307670173847
/control/command/control_cmd/debug/published_time,135699362155,1785836307720146125
/control/command/control_cmd/debug/published_time,135749362156,1785836307771000778
/control/command/control_cmd/debug/published_time,135799362157,1785836307819712291
/control/command/control_cmd/debug/published_time,135849362158,1785836307869829073
/control/command/control_cmd/debug/published_time,135899362158,1785836307920035571
/control/command/control_cmd/debug/published_time,135949362159,1785836307969916909
/control/command/control_cmd/debug/published_time,135999362160,1785836308020387693
/control/command/control_cmd/debug/published_time,136049362161,1785836308070618470
/control/command/control_cmd/debug/published_time,136099362161,1785836308120443105
/control/command/control_cmd/debug/published_time,136149362162,1785836308170910254
/control/command/control_cmd/debug/published_time,136199362163,1785836308220629815
/control/command/control_cmd/debug/published_time,136249362164,1785836308270399640
/control/command/control_cmd/debug/published_time,136299362164,1785836308320530466
/control/command/control_cmd/debug/published_time,136349362165,1785836308370882960
/control/command/control_cmd/debug/published_time,136399362166,1785836308421638666
/control/command/control_cmd/debug/published_time,136449362167,1785836308470910530
/control/command/control_cmd/debug/published_time,136499362167,1785836308521600760
/control/command/control_cmd/debug/published_time,136549362168,1785836308570927261
/control/command/control_cmd/debug/published_time,136599362169,1785836308621698550
/control/command/control_cmd/debug/published_time,136649362170,1785836308672015047
/control/command/control_cmd/debug/published_time,136699362170,1785836308720905644
/control/command/control_cmd/debug/published_time,136749362171,1785836308771365786
/control/command/control_cmd/debug/published_time,136799362172,1785836308821397638
/control/command/control_cmd/debug/published_time,136849362173,1785836308871631125
/control/command/control_cmd/debug/published_time,136899362173,1785836308921308348
/control/command/control_cmd/debug/published_time,136949362174,1785836308971526571
/control/command/control_cmd/debug/published_time,136999362175,1785836309021655382
/control/command/control_cmd/debug/published_time,137049362176,1785836309072148024
/control/command/control_cmd/debug/published_time,137099362176,1785836309122788114
/control/command/control_cmd/debug/published_time,137149362177,1785836309172901144
/control/command/control_cmd/debug/published_time,137199362178,1785836309222846120
/control/command/control_cmd/debug/published_time,137249362178,1785836309272418703
/control/command/control_cmd/debug/published_time,137299362179,1785836309322412218
/control/command/control_cmd/debug/published_time,137349362180,1785836309373196088
/control/command/control_cmd/debug/published_time,137399362181,1785836309423431768
/control/command/control_cmd/debug/published_time,137449362181,1785836309473313528
/control/command/control_cmd/debug/published_time,137499362182,1785836309523137877
/control/command/control_cmd/debug/published_time,137549362183,1785836309573606906
/control/command/control_cmd/debug/published_time,137599362184,1785836309624200547
/control/command/control_cmd/debug/published_time,137649362184,1785836309673247999
/control/command/control_cmd/debug/published_time,137699362185,1785836309724061294
/control/command/control_cmd/debug/published_time,137749362186,1785836309773423855
/control/command/control_cmd/debug/published_time,137799362187,1785836309824046833
/control/command/control_cmd/debug/published_time,137849362187,1785836309873553084
/control/command/control_cmd/debug/published_time,137899362188,1785836309924268834
/control/command/control_cmd/debug/published_time,137949362189,1785836309973884131
/control/command/control_cmd/debug/published_time,137999362190,1785836310024061256
/control/command/control_cmd/debug/published_time,138049362190,1785836310076399038
/control/command/control_cmd/debug/published_time,138099362191,1785836310124293130
/control/command/control_cmd/debug/published_time,138149362192,1785836310174112558
/control/command/control_cmd/debug/published_time,138199362193,1785836310224335941
/control/command/control_cmd/debug/published_time,138249362193,1785836310274529969
/control/command/control_cmd/debug/published_time,138299362194,1785836310324708658
/control/command/control_cmd/debug/published_time,138349362195,1785836310374341119
/control/command/control_cmd/debug/published_time,138399362196,1785836310424505825
/control/command/control_cmd/debug/published_time,138449362196,1785836310474728193
/control/command/control_cmd/debug/published_time,138499362197,1785836310524538592
/control/command/control_cmd/debug/published_time,138549362198,1785836310575191596
/control/command/control_cmd/debug/published_time,138599362199,1785836310625488213
/control/command/control_cmd/debug/published_time,138649362199,1785836310676211947
/control/command/control_cmd/debug/published_time,138699362200,1785836310724966934
/control/command/control_cmd/debug/published_time,138749362201,1785836310775136096
/control/command/control_cmd/debug/published_time,138799362202,1785836310825456098
/control/command/control_cmd/debug/published_time,138849362202,1785836310875267288
/control/command/control_cmd/debug/published_time,138899362203,1785836310925407755
/control/command/control_cmd/debug/published_time,138949362204,1785836310975442664
/control/command/control_cmd/debug/published_time,138999362205,1785836311025521536
/control/command/control_cmd/debug/published_time,139049362205,1785836311076000383
/control/command/control_cmd/debug/published_time,139099362206,1785836311126248106
/control/command/control_cmd/debug/published_time,139149362207,1785836311175940729
/control/command/control_cmd/debug/published_time,139199362208,1785836311226035743
/control/command/control_cmd/debug/published_time,139249362208,1785836311275767929
/control/command/control_cmd/debug/published_time,139299362209,1785836311326983491
/control/command/control_cmd/debug/published_time,139349362210,1785836311376103253
/control/command/control_cmd/debug/published_time,139399362211,1785836311426864635
/control/command/control_cmd/debug/published_time,139449362211,1785836311476721393
/control/command/control_cmd/debug/published_time,139499362212,1785836311526279066
/control/command/control_cmd/debug/published_time,139549362213,1785836311576172653
/control/command/control_cmd/debug/published_time,139599362214,1785836311627204396
/control/command/control_cmd/debug/published_time,139649362214,1785836311676524523
/control/command/control_cmd/debug/published_time,139699362215,1785836311728080326
/control/command/control_cmd/debug/published_time,139749362216,1785836311777690480
/control/command/control_cmd/debug/published_time,139799362216,1785836311826883854
/control/command/control_cmd/debug/published_time,139849362217,1785836311877237475
/control/command/control_cmd/debug/published_time,139899362218,1785836311927370319
/control/command/control_cmd/debug/published_time,139949362219,1785836311977503226
/control/command/control_cmd/debug/published_time,139999362219,1785836312027740247
/control/command/control_cmd/debug/published_time,140049362220,1785836312078220702
/control/command/control_cmd/debug/published_time,140099362221,1785836312127806133
/control/command/control_cmd/debug/published_time,140149362222,1785836312177920233
/control/command/control_cmd/debug/published_time,140199362222,1785836312227768295
/control/command/control_cmd/debug/published_time,140249362223,1785836312278248295
/control/command/control_cmd/debug/published_time,140299362224,1785836312327673916
/control/command/control_cmd/debug/published_time,140349362225,1785836312378250541
/control/command/control_cmd/debug/published_time,140399362225,1785836312428675507
/control/command/control_cmd/debug/published_time,140449362226,1785836312478614653
/control/command/control_cmd/debug/published_time,140499362227,1785836312528551150
/control/command/control_cmd/debug/published_time,140549362228,1785836312577977064
/control/command/control_cmd/debug/published_time,140599362228,1785836312628406220
/control/command/control_cmd/debug/published_time,140649362229,1785836312678280594
/control/command/control_cmd/debug/published_time,140699362230,1785836312729170605
/control/command/control_cmd/debug/published_time,140749362231,1785836312778626146
/control/command/control_cmd/debug/published_time,140799362231,1785836312829306306
/control/command/control_cmd/debug/published_time,140849362232,1785836312879756736
/control/command/control_cmd/debug/published_time,140899362233,1785836312929195607
/control/command/control_cmd/debug/published_time,140949362234,1785836312979460616
/control/command/control_cmd/debug/published_time,140999362234,1785836313029032278
/control/command/control_cmd/debug/published_time,141049362235,1785836313079427400
/control/command/control_cmd/debug/published_time,141099362236,1785836313129709155
/control/command/control_cmd/debug/published_time,141149362237,1785836313180367677
/control/command/control_cmd/debug/published_time,141199362237,1785836313230105697
/control/command/control_cmd/debug/published_time,141249362238,1785836313279866239
/control/command/control_cmd/debug/published_time,141299362239,1785836313329970397
/control/command/control_cmd/debug/published_time,141349362240,1785836313380056445
/control/command/control_cmd/debug/published_time,141399362240,1785836313430780256
/control/command/control_cmd/debug/published_time,141449362241,1785836313480164479
/control/command/control_cmd/debug/published_time,141499362242,1785836313529980542
/control/command/control_cmd/debug/published_time,141549362243,1785836313580520649
/control/command/control_cmd/debug/published_time,141599362243,1785836313630889355
/control/command/control_cmd/debug/published_time,141649362244,1785836313680259566
/control/command/control_cmd/debug/published_time,141699362245,1785836313730650593
/control/command/control_cmd/debug/published_time,141749362246,1785836313781804707
/control/command/control_cmd/debug/published_time,141799362246,1785836313830954386
/control/command/control_cmd/debug/published_time,141849362247,1785836313880592751
/control/command/control_cmd/debug/published_time,141899362248,1785836313931962699
/control/command/control_cmd/debug/published_time,141949362249,1785836313982372672
/control/command/control_cmd/debug/published_time,141999362249,1785836314031596435
/control/command/control_cmd/debug/published_time,142049362250,1785836314081269951
/control/command/control_cmd/debug/published_time,142099362251,1785836314131450199
/control/command/control_cmd/debug/published_time,142149362251,1785836314182023004
/control/command/control_cmd/debug/published_time,142199362252,1785836314231447631
/control/command/control_cmd/debug/published_time,142249362253,1785836314281517312
/control/command/control_cmd/debug/published_time,142299362254,1785836314331070936
/control/command/control_cmd/debug/published_time,142349362254,1785836314381245848
/control/command/control_cmd/debug/published_time,142399362255,1785836314431543623
/control/command/control_cmd/debug/published_time,142449362256,1785836314481876989
/control/command/control_cmd/debug/published_time,142499362257,1785836314532338994
/control/command/control_cmd/debug/published_time,142549362257,1785836314581830589
/control/command/control_cmd/debug/published_time,142599362258,1785836314632805198
/control/command/control_cmd/debug/published_time,142649362259,1785836314682648128
/control/command/control_cmd/debug/published_time,142699362260,1785836314732953777
/control/command/control_cmd/debug/published_time,142749362260,1785836314782262000
/control/command/control_cmd/debug/published_time,142799362261,1785836314832379425
/control/command/control_cmd/debug/published_time,142849362262,1785836314883096711
/control/command/control_cmd/debug/published_time,142899362263,1785836314932440490
/control/command/control_cmd/debug/published_time,142949362263,1785836314983294602
/control/command/control_cmd/debug/published_time,142999362264,1785836315033215232
/control/command/control_cmd/debug/published_time,143049362265,1785836315083406373
/control/command/control_cmd/debug/published_time,143099362266,1785836315133288667
/control/command/control_cmd/debug/published_time,143149362266,1785836315183119315
/control/command/control_cmd/debug/published_time,143199362267,1785836315233505990
/control/command/control_cmd/debug/published_time,143249362268,1785836315283399804
/control/command/control_cmd/debug/published_time,143299362269,1785836315332781483
/control/command/control_cmd/debug/published_time,143349362269,1785836315383270509
/control/command/control_cmd/debug/published_time,143399362270,1785836315433209010
/control/command/control_cmd/debug/published_time,143449362271,1785836315483107614
/control/command/control_cmd/debug/published_time,143499362272,1785836315533521085
/control/command/control_cmd/debug/published_time,143549362272,1785836315583832237
/control/command/control_cmd/debug/published_time,143599362273,1785836315634340843
/control/command/control_cmd/debug/published_time,143649362274,1785836315684316151
/control/command/control_cmd/debug/published_time,143699362275,1785836315733949612
/control/command/control_cmd/debug/published_time,143749362275,1785836315784436341
/control/command/control_cmd/debug/published_time,143799362276,1785836315833860185
/control/command/control_cmd/debug/published_time,143849362277,1785836315883979409
/control/command/control_cmd/debug/published_time,143899362278,1785836315933974706
/control/command/control_cmd/debug/published_time,143949362278,1785836315984396527
/control/command/control_cmd/debug/published_time,143999362279,1785836316034067923
/control/command/control_cmd/debug/published_time,144049362280,1785836316085134628
/control/command/control_cmd/debug/published_time,144099362281,1785836316135031399
/control/command/control_cmd/debug/published_time,144149362281,1785836316184968346
/control/command/control_cmd/debug/published_time,144199362282,1785836316234991085
/control/command/control_cmd/debug/published_time,144249362283,1785836316286180531
/control/command/control_cmd/debug/published_time,144299362284,1785836316334801236
/control/command/control_cmd/debug/published_time,144349362284,1785836316384861693
/control/command/control_cmd/debug/published_time,144399362285,1785836316435668745
/control/command/control_cmd/debug/published_time,144449362286,1785836316484815384
/control/command/control_cmd/debug/published_time,144499362287,1785836316534849215
/control/command/control_cmd/debug/published_time,144549362287,1785836316585381495
/control/command/control_cmd/debug/published_time,144599362288,1785836316635668484
/control/command/control_cmd/debug/published_time,144649362289,1785836316685585298
/control/command/control_cmd/debug/published_time,144699362289,1785836316735921033
/control/command/control_cmd/debug/published_time,144749362290,1785836316785177022
/control/command/control_cmd/debug/published_time,144799362291,1785836316835780542
/control/command/control_cmd/debug/published_time,144849362292,1785836316886121869
/control/command/control_cmd/debug/published_time,144899362292,1785836316936020804
/control/command/control_cmd/debug/published_time,144949362293,1785836316986447294
/control/command/control_cmd/debug/published_time,144999362294,1785836317036475319
/control/command/control_cmd/debug/published_time,145049362295,1785836317086957159
/control/command/control_cmd/debug/published_time,145099362295,1785836317135940191
/control/command/control_cmd/debug/published_time,145149362296,1785836317186446586
/control/command/control_cmd/debug/published_time,145199362297,1785836317237083888
/control/command/control_cmd/debug/published_time,145249362298,1785836317286512011
/control/command/control_cmd/debug/published_time,145299362298,1785836317337228861
/control/command/control_cmd/debug/published_time,145349362299,1785836317388015736
/control/command/control_cmd/debug/published_time,145399362300,1785836317437246325
/control/command/control_cmd/debug/published_time,145449362301,1785836317486710013
/control/command/control_cmd/debug/published_time,145499362301,1785836317537418300
/control/command/control_cmd/debug/published_time,145549362302,1785836317587570904
/control/command/control_cmd/debug/published_time,145599362303,1785836317637088013
/control/command/control_cmd/debug/published_time,145649362304,1785836317687629001
/control/command/control_cmd/debug/published_time,145699362304,1785836317737804259
/control/command/control_cmd/debug/published_time,145749362305,1785836317787519786
/control/command/control_cmd/debug/published_time,145799362306,1785836317837567544
/control/command/control_cmd/debug/published_time,145849362307,1785836317888008786
/control/command/control_cmd/debug/published_time,145899362307,1785836317938539535
/control/command/control_cmd/debug/published_time,145949362308,1785836317987897733
/control/command/control_cmd/debug/published_time,145999362309,1785836318037567471
/control/command/control_cmd/debug/published_time,146049362310,1785836318087803756
/control/command/control_cmd/debug/published_time,146099362310,1785836318138314460
/control/command/control_cmd/debug/published_time,146149362311,1785836318187897547
/control/command/control_cmd/debug/published_time,146199362312,1785836318238690437
/control/command/control_cmd/debug/published_time,146249362313,1785836318288306403
/control/command/control_cmd/debug/published_time,146299362313,1785836318338072646
/control/command/control_cmd/debug/published_time,146349362314,1785836318388164418
/control/command/control_cmd/debug/published_time,146399362315,1785836318439682997
/control/command/control_cmd/debug/published_time,146449362316,1785836318488604783
/control/command/control_cmd/debug/published_time,146499362316,1785836318538751214
/control/command/control_cmd/debug/published_time,146549362317,1785836318588518711
/control/command/control_cmd/debug/published_time,146599362318,1785836318639205638
/control/command/control_cmd/debug/published_time,146649362319,1785836318690455081
/control/command/control_cmd/debug/published_time,146699362319,1785836318739681275
/control/command/control_cmd/debug/published_time,146749362320,1785836318789201446
/control/command/control_cmd/debug/published_time,146799362321,1785836318839141112
/control/command/control_cmd/debug/published_time,146849362322,1785836318889863970
/control/command/control_cmd/debug/published_time,146899362322,1785836318939462756
/control/command/control_cmd/debug/published_time,146949362323,1785836318989864946
/control/command/control_cmd/debug/published_time,146999362324,1785836319039740696
/control/command/control_cmd/debug/published_time,147049362325,1785836319090105886
/control/command/control_cmd/debug/published_time,147099362325,1785836319139817236
/control/command/control_cmd/debug/published_time,147149362326,1785836319191038075
/control/command/control_cmd/debug/published_time,147199362327,1785836319239939406
/control/command/control_cmd/debug/published_time,147249362327,1785836319290164697
/control/command/control_cmd/debug/published_time,147299362328,1785836319340198174
/control/command/control_cmd/debug/published_time,147349362329,1785836319390238484
/control/command/control_cmd/debug/published_time,147399362330,1785836319440155015
/control/command/control_cmd/debug/published_time,147449362330,1785836319490443366
/control/command/control_cmd/debug/published_time,147499362331,1785836319540702277
/control/command/control_cmd/debug/published_time,147549362332,1785836319591252256
/control/command/control_cmd/debug/published_time,147599362333,1785836319641048319
/control/command/control_cmd/debug/published_time,147649362333,1785836319691775527
/control/command/control_cmd/debug/published_time,147699362334,1785836319741336633
/control/command/control_cmd/debug/published_time,147749362335,1785836319791348088
/control/command/control_cmd/debug/published_time,147799362336,1785836319841042185
/control/command/control_cmd/debug/published_time,147849362336,1785836319891108531
/control/command/control_cmd/debug/published_time,147899362337,1785836319941375452
/control/command/control_cmd/debug/published_time,147949362338,1785836319991383205
/control/command/control_cmd/debug/published_time,147999362339,1785836320042065043
/control/command/control_cmd/debug/published_time,148049362339,1785836320092052381
/control/command/control_cmd/debug/published_time,148099362340,1785836320141639032
/control/command/control_cmd/debug/published_time,148149362341,1785836320191841970
/control/command/control_cmd/debug/published_time,148199362342,1785836320241895914
/control/command/control_cmd/debug/published_time,148249362342,1785836320292191816
/control/command/control_cmd/debug/published_time,148299362343,1785836320342191926
/control/command/control_cmd/debug/published_time,148349362344,1785836320392634481
/control/command/control_cmd/debug/published_time,148399362345,1785836320442054061
/control/command/control_cmd/debug/published_time,148449362345,1785836320492612881
/control/command/control_cmd/debug/published_time,148499362346,1785836320543075780
/control/command/control_cmd/debug/published_time,148549362347,1785836320592517561
/control/command/control_cmd/debug/published_time,148599362348,1785836320642725165
/control/command/control_cmd/debug/published_time,148649362348,1785836320693230294
/control/command/control_cmd/debug/published_time,148699362349,1785836320743631543
/control/command/control_cmd/debug/published_time,148749362350,1785836320793660263
/control/command/control_cmd/debug/published_time,148799362351,1785836320842619354
/control/command/control_cmd/debug/published_time,148849362351,1785836320893071564
/control/command/control_cmd/debug/published_time,148899362352,1785836320947223134
/control/command/control_cmd/debug/published_time,148949362353,1785836320992930717
/control/command/control_cmd/debug/published_time,148999362354,1785836321043849925
/control/command/control_cmd/debug/published_time,149049362354,1785836321093439332
/control/command/control_cmd/debug/published_time,149099362355,1785836321143581771
/control/command/control_cmd/debug/published_time,149149362356,1785836321193728744
/control/command/control_cmd/debug/published_time,149199362357,1785836321243515655
/control/command/control_cmd/debug/published_time,149249362357,1785836321293964556
/control/command/control_cmd/debug/published_time,149299362358,1785836321344609344
/control/command/control_cmd/debug/published_time,149349362359,1785836321393703934
/control/command/control_cmd/debug/published_time,149399362360,1785836321444856632
/control/command/control_cmd/debug/published_time,149449362360,1785836321494554690
/control/command/control_cmd/debug/published_time,149499362361,1785836321544466396
/control/command/control_cmd/debug/published_time,149549362362,1785836321594493422
/control/command/control_cmd/debug/published_time,149599362363,1785836321644535243
/control/command/control_cmd/debug/published_time,149649362363,1785836321694288450
/control/command/control_cmd/debug/published_time,149699362364,1785836321745085752
/control/command/control_cmd/debug/published_time,149749362365,1785836321795410303
/control/command/control_cmd/debug/published_time,149799362365,1785836321845290038
/control/command/control_cmd/debug/published_time,149849362366,1785836321894995490
/control/command/control_cmd/debug/published_time,149899362367,1785836321945070175
/control/command/control_cmd/debug/published_time,149949362368,1785836321995444577
/control/command/control_cmd/debug/published_time,149999362368,1785836322045282871
/control/command/control_cmd/debug/published_time,150049362369,1785836322095180867
/control/command/control_cmd/debug/published_time,150099362370,1785836322145173711
/control/command/control_cmd/debug/published_time,150149362371,1785836322195469417
/control/command/control_cmd/debug/published_time,150199362371,1785836322245817308
/control/command/control_cmd/debug/published_time,150249362372,1785836322295317543
/control/command/control_cmd/debug/published_time,150299362373,1785836322345477959
/control/command/control_cmd/debug/published_time,150349362374,1785836322395340125
/control/command/control_cmd/debug/published_time,150399362374,1785836322445526585
/control/command/control_cmd/debug/published_time,150449362375,1785836322495598076
/control/command/control_cmd/debug/published_time,150499362376,1785836322546037908
/control/command/control_cmd/debug/published_time,150549362377,1785836322595768668
/control/command/control_cmd/debug/published_time,150599362377,1785836322646411439
/control/command/control_cmd/debug/published_time,150649362378,1785836322696074392
/control/command/control_cmd/debug/published_time,150699362379,1785836322746761823
/control/command/control_cmd/debug/published_time,150749362380,1785836322796394863
/control/command/control_cmd/debug/published_time,150799362380,1785836322846499590
/control/command/control_cmd/debug/published_time,150849362381,1785836322897166112
/control/command/control_cmd/debug/published_time,150899362382,1785836322946174157
/control/command/control_cmd/debug/published_time,150949362383,1785836322996528593
/control/command/control_cmd/debug/published_time,150999362383,1785836323046593734
/control/command/control_cmd/debug/published_time,151049362384,1785836323097172051
/control/command/control_cmd/debug/published_time,151099362385,1785836323146583227
/control/command/control_cmd/debug/published_time,151149362386,1785836323197002650
/control/command/control_cmd/debug/published_time,151199362386,1785836323247022544
/control/command/control_cmd/debug/published_time,151249362387,1785836323297861546
/control/command/control_cmd/debug/published_time,151299362388,1785836323347133675
/control/command/control_cmd/debug/published_time,151349362389,1785836323397093399
/control/command/control_cmd/debug/published_time,151399362389,1785836323447514769
/control/command/control_cmd/debug/published_time,151449362390,1785836323497443135
/control/command/control_cmd/debug/published_time,151499362391,1785836323547701765
/control/command/control_cmd/debug/published_time,151549362392,1785836323597679809
/control/command/control_cmd/debug/published_time,151599362392,1785836323648361918
/control/command/control_cmd/debug/published_time,151649362393,1785836323697970221
/control/command/control_cmd/debug/published_time,151699362394,1785836323747812595
/control/command/control_cmd/debug/published_time,151749362395,1785836323798917284
/control/command/control_cmd/debug/published_time,151799362395,1785836323848669992
/control/command/control_cmd/debug/published_time,151849362396,1785836323898126660
/control/command/control_cmd/debug/published_time,151899362397,1785836323949848899
/control/command/control_cmd/debug/published_time,151949362398,1785836323998390138
/control/command/control_cmd/debug/published_time,151999362398,1785836324048239514
/control/command/control_cmd/debug/published_time,152049362399,1785836324098515083
/control/command/control_cmd/debug/published_time,152099362400,1785836324148544516
/control/command/control_cmd/debug/published_time,152149362401,1785836324198779711
/control/command/control_cmd/debug/published_time,152199362401,1785836324248763931
/control/command/control_cmd/debug/published_time,152249362402,1785836324299860122
/control/command/control_cmd/debug/published_time,152299362403,1785836324349195498
/control/command/control_cmd/debug/published_time,152349362403,1785836324399000255
/control/command/control_cmd/debug/published_time,152399362404,1785836324449326366
/control/command/control_cmd/debug/published_time,152449362405,1785836324499437545
/control/command/control_cmd/debug/published_time,152499362406,1785836324549825624
/control/command/control_cmd/debug/published_time,152549362406,1785836324599896275
/control/command/control_cmd/debug/published_time,152599362407,1785836324649853405
/control/command/control_cmd/debug/published_time,152649362408,1785836324699297159
/control/command/control_cmd/debug/published_time,152699362409,1785836324750549222
/control/command/control_cmd/debug/published_time,152749362409,1785836324799665693
/control/command/control_cmd/debug/published_time,152799362410,1785836324850475567
/control/command/control_cmd/debug/published_time,152849362411,1785836324899874689
/control/command/control_cmd/debug/published_time,152899362412,1785836324949810240
/control/command/control_cmd/debug/published_time,152949362412,1785836324999917078
/control/command/control_cmd/debug/published_time,152999362413,1785836325050657126
/control/command/control_cmd/debug/published_time,153049362414,1785836325100960643
/control/command/control_cmd/debug/published_time,153099362415,1785836325151160899
/control/command/control_cmd/debug/published_time,153149362415,1785836325200878477
/control/command/control_cmd/debug/published_time,153199362416,1785836325250608547
/control/command/control_cmd/debug/published_time,153249362417,1785836325300999237
/control/command/control_cmd/debug/published_time,153299362418,1785836325350910773
/control/command/control_cmd/debug/published_time,153349362418,1785836325401961486
/control/command/control_cmd/debug/published_time,153399362419,1785836325452022087
/control/command/control_cmd/debug/published_time,153449362420,1785836325501908958
/control/command/control_cmd/debug/published_time,153499362421,1785836325551509068
/control/command/control_cmd/debug/published_time,153549362421,1785836325600717420
/control/command/control_cmd/debug/published_time,153599362422,1785836325652081895
/control/command/control_cmd/debug/published_time,153649362423,1785836325700877359
/control/command/control_cmd/debug/published_time,153699362424,1785836325751358327
/control/command/control_cmd/debug/published_time,153749362424,1785836325802467150
/control/command/control_cmd/debug/published_time,153799362425,1785836325851362445
/control/command/control_cmd/debug/published_time,153849362426,1785836325901417464
/control/command/control_cmd/debug/published_time,153899362427,1785836325951795416
/control/command/control_cmd/debug/published_time,153949362427,1785836326002080347
/control/command/control_cmd/debug/published_time,153999362428,1785836326052216754
/control/command/control_cmd/debug/published_time,154049362429,1785836326103003500
/control/command/control_cmd/debug/published_time,154099362430,1785836326152727557
/control/command/control_cmd/debug/published_time,154149362430,1785836326202596763
/control/command/control_cmd/debug/published_time,154199362431,1785836326252297039
/control/command/control_cmd/debug/published_time,154249362432,1785836326302736444
/control/command/control_cmd/debug/published_time,154299362433,1785836326352754914
/control/command/control_cmd/debug/published_time,154349362433,1785836326402251700
/control/command/control_cmd/debug/published_time,154399362434,1785836326452703185
/control/command/control_cmd/debug/published_time,154449362435,1785836326502675213
/control/command/control_cmd/debug/published_time,154499362436,1785836326553863564
/control/command/control_cmd/debug/published_time,154549362436,1785836326602591341
/control/command/control_cmd/debug/published_time,154599362437,1785836326653694041
/control/command/control_cmd/debug/published_time,154649362438,1785836326702814060
/control/command/control_cmd/debug/published_time,154699362439,1785836326752983458
/control/command/control_cmd/debug/published_time,154749362439,1785836326803395026
/control/command/control_cmd/debug/published_time,154799362440,1785836326854011250
/control/command/control_cmd/debug/published_time,154849362441,1785836326902970739
/control/command/control_cmd/debug/published_time,154899362441,1785836326953627131
/control/command/control_cmd/debug/published_time,154949362442,1785836327003493919
/control/command/control_cmd/debug/published_time,154999362443,1785836327053600816
/control/command/control_cmd/debug/published_time,155049362444,1785836327103449152
/control/command/control_cmd/debug/published_time,155099362444,1785836327154387717
/control/command/control_cmd/debug/published_time,155149362445,1785836327204187611
/control/command/control_cmd/debug/published_time,155199362446,1785836327254050036
/control/command/control_cmd/debug/published_time,155249362447,1785836327304845962
/control/command/control_cmd/debug/published_time,155299362447,1785836327354240361
/control/command/control_cmd/debug/published_time,155349362448,1785836327405138805
/control/command/control_cmd/debug/published_time,155399362449,1785836327454668966
/control/command/control_cmd/debug/published_time,155449362450,1785836327504317816
/control/command/control_cmd/debug/published_time,155499362450,1785836327555548988
/control/command/control_cmd/debug/published_time,155549362451,1785836327605875839
/control/command/control_cmd/debug/published_time,155599362452,1785836327654973015
/control/command/control_cmd/debug/published_time,155649362453,1785836327705313807
/control/command/control_cmd/debug/published_time,155699362453,1785836327755114986
/control/command/control_cmd/debug/published_time,155749362454,1785836327804702273
/control/command/control_cmd/debug/published_time,155799362455,1785836327855130280
/control/command/control_cmd/debug/published_time,155849362456,1785836327905804453
/control/command/control_cmd/debug/published_time,155899362456,1785836327955822959
/control/command/control_cmd/debug/published_time,155949362457,1785836328005760324
/control/command/control_cmd/debug/published_time,155999362458,1785836328055410201
/control/command/control_cmd/debug/published_time,156049362459,1785836328106383440
/control/command/control_cmd/debug/published_time,156099362459,1785836328156496088
/control/command/control_cmd/debug/published_time,156149362460,1785836328205640721
/control/command/control_cmd/debug/published_time,156199362461,1785836328256056311
/control/command/control_cmd/debug/published_time,156249362462,1785836328305798060
/control/command/control_cmd/debug/published_time,156299362462,1785836328356458270
/control/command/control_cmd/debug/published_time,156349362463,1785836328406369179
/control/command/control_cmd/debug/published_time,156399362464,1785836328456496464
/control/command/control_cmd/debug/published_time,156449362465,1785836328508330073
/control/command/control_cmd/debug/published_time,156499362465,1785836328557365781
/control/command/control_cmd/debug/published_time,156549362466,1785836328607552841
/control/command/control_cmd/debug/published_time,156599362467,1785836328657348962
/control/command/control_cmd/debug/published_time,156649362468,1785836328706632129
/control/command/control_cmd/debug/published_time,156699362468,1785836328758010545
/control/command/control_cmd/debug/published_time,156749362469,1785836328808022858
/control/command/control_cmd/debug/published_time,156799362470,1785836328857327320
/control/command/control_cmd/debug/published_time,156849362471,1785836328907418592
/control/command/control_cmd/debug/published_time,156899362471,1785836328957965344
/control/command/control_cmd/debug/published_time,156949362472,1785836329008026811
/control/command/control_cmd/debug/published_time,156999362473,1785836329057477588
/control/command/control_cmd/debug/published_time,157049362474,1785836329107916336
/control/command/control_cmd/debug/published_time,157099362474,1785836329157889340
/control/command/control_cmd/debug/published_time,157149362475,1785836329208748932
/control/command/control_cmd/debug/published_time,157199362476,1785836329258099825
/control/command/control_cmd/debug/published_time,157249362477,1785836329307827033
/control/command/control_cmd/debug/published_time,157299362477,1785836329358767359
/control/command/control_cmd/debug/published_time,157349362478,1785836329408241636
/control/command/control_cmd/debug/published_time,157399362479,1785836329458470523
/control/command/control_cmd/debug/published_time,157449362479,1785836329508607006
/control/command/control_cmd/debug/published_time,157499362480,1785836329559241975
/control/command/control_cmd/debug/published_time,157549362481,1785836329608860169
/control/command/control_cmd/debug/published_time,157599362482,1785836329659997091
/control/command/control_cmd/debug/published_time,157649362482,1785836329709747281
/control/command/control_cmd/debug/published_time,157699362483,1785836329759556566
/control/command/control_cmd/debug/published_time,157749362484,1785836329808955617
/control/command/control_cmd/debug/published_time,157799362485,1785836329859514341
/control/command/control_cmd/debug/published_time,157849362485,1785836329909266461
/control/command/control_cmd/debug/published_time,157899362486,1785836329959871693
/control/command/control_cmd/debug/published_time,157949362487,1785836330009480956
/control/command/control_cmd/debug/published_time,157999362488,1785836330059643656
/control/command/control_cmd/debug/published_time,158049362488,1785836330110218778
/control/command/control_cmd/debug/published_time,158099362489,1785836330159799359
/control/command/control_cmd/debug/published_time,158149362490,1785836330210308264
/control/command/control_cmd/debug/published_time,158199362491,1785836330260052514
/control/command/control_cmd/debug/published_time,158249362491,1785836330310678458
/control/command/control_cmd/debug/published_time,158299362492,1785836330359946093
/control/command/control_cmd/debug/published_time,158349362493,1785836330410849909
/control/command/control_cmd/debug/published_time,158399362494,1785836330460966962
/control/command/control_cmd/debug/published_time,158449362494,1785836330510443845
/control/command/control_cmd/debug/published_time,158499362495,1785836330562361090
/control/command/control_cmd/debug/published_time,158549362496,1785836330610719100
/control/command/control_cmd/debug/published_time,158599362497,1785836330661324385
/control/command/control_cmd/debug/published_time,158649362497,1785836330711769991
/control/command/control_cmd/debug/published_time,158699362498,1785836330761874176
/control/command/control_cmd/debug/published_time,158749362499,1785836330811588989
/control/command/control_cmd/debug/published_time,158799362500,1785836330861783334
/control/command/control_cmd/debug/published_time,158849362500,1785836330911931873
/control/command/control_cmd/debug/published_time,158899362501,1785836330962540777
/control/command/control_cmd/debug/published_time,158949362502,1785836331012351730
/control/command/control_cmd/debug/published_time,158999362503,1785836331062556650
/control/command/control_cmd/debug/published_time,159049362503,1785836331112148479
/control/command/control_cmd/debug/published_time,159099362504,1785836331162493300
/control/command/control_cmd/debug/published_time,159149362505,1785836331212857969
/control/command/control_cmd/debug/published_time,159199362506,1785836331262290671
/control/command/control_cmd/debug/published_time,159249362506,1785836331312650307
/control/command/control_cmd/debug/published_time,159299362507,1785836331362962169
/control/command/control_cmd/debug/published_time,159349362508,1785836331412836243
/control/command/control_cmd/debug/published_time,159399362509,1785836331462670560
/control/command/control_cmd/debug/published_time,159449362509,1785836331514190780
/control/command/control_cmd/debug/published_time,159499362510,1785836331562768093
/control/command/control_cmd/debug/published_time,159549362511,1785836331613089675
/control/command/control_cmd/debug/published_time,159599362512,1785836331663916238
/control/command/control_cmd/debug/published_time,159649362512,1785836331713302559
/control/command/control_cmd/debug/published_time,159699362513,1785836331763668662
/control/command/control_cmd/debug/published_time,159749362514,1785836331813605598
/control/command/control_cmd/debug/published_time,159799362515,1785836331863592470
/control/command/control_cmd/debug/published_time,159849362515,1785836331913670653
/control/command/control_cmd/debug/published_time,159899362516,1785836331963848683
/control/command/control_cmd/debug/published_time,159949362517,1785836332013813731
/control/command/control_cmd/debug/published_time,159999362517,1785836332064812015
/control/command/control_cmd/debug/published_time,160049362518,1785836332114230676
/control/command/control_cmd/debug/published_time,160099362519,1785836332164284230
/control/command/control_cmd/debug/published_time,160149362520,1785836332214967624
/control/command/control_cmd/debug/published_time,160199362520,1785836332264747348
/control/command/control_cmd/debug/published_time,160249362521,1785836332314315130
/control/command/control_cmd/debug/published_time,160299362522,1785836332364901890
/control/command/control_cmd/debug/published_time,160349362523,1785836332414799171
/control/command/control_cmd/debug/published_time,160399362523,1785836332464936147
/control/command/control_cmd/debug/published_time,160449362524,1785836332515253447
/control/command/control_cmd/debug/published_time,160499362525,1785836332565615986
/control/command/control_cmd/debug/published_time,160549362526,1785836332615412005
/control/command/control_cmd/debug/published_time,160599362526,1785836332666201861
/control/command/control_cmd/debug/published_time,160649362527,1785836332716550847
/control/command/control_cmd/debug/published_time,160699362528,1785836332766200525
/control/command/control_cmd/debug/published_time,160749362529,1785836332816042199
/control/command/control_cmd/debug/published_time,160799362529,1785836332866215922
/control/command/control_cmd/debug/published_time,160849362530,1785836332916319826
/control/command/control_cmd/debug/published_time,160899362531,1785836332966769818
/control/command/control_cmd/debug/published_time,160949362532,1785836333015783324
/control/command/control_cmd/debug/published_time,160999362532,1785836333066034968
/control/command/control_cmd/debug/published_time,161049362533,1785836333116254080
/control/command/control_cmd/debug/published_time,161099362534,1785836333166098044
/control/command/control_cmd/debug/published_time,161149362535,1785836333216483775
/control/command/control_cmd/debug/published_time,161199362535,1785836333266621371
/control/command/control_cmd/debug/published_time,161249362536,1785836333316747430
/control/command/control_cmd/debug/published_time,161299362537,1785836333366079836
/control/command/control_cmd/debug/published_time,161349362538,1785836333416484097
/control/command/control_cmd/debug/published_time,161399362538,1785836333467121193
/control/command/control_cmd/debug/published_time,161449362539,1785836333517623248
/control/command/control_cmd/debug/published_time,161499362540,1785836333566896840
/control/command/control_cmd/debug/published_time,161549362541,1785836333616664924
/control/command/control_cmd/debug/published_time,161599362541,1785836333667587831
/control/command/control_cmd/debug/published_time,161649362542,1785836333717957746
/control/command/control_cmd/debug/published_time,161699362543,1785836333767875927
/control/command/control_cmd/debug/published_time,161749362544,1785836333817761686
/control/command/control_cmd/debug/published_time,161799362544,1785836333867830647
/control/command/control_cmd/debug/published_time,161849362545,1785836333917985284
/control/command/control_cmd/debug/published_time,161899362546,1785836333967463955
/control/command/control_cmd/debug/published_time,161949362547,1785836334017635869
/control/command/control_cmd/debug/published_time,161999362547,1785836334068022508
/control/command/control_cmd/debug/published_time,162049362548,1785836334118119344
/control/command/control_cmd/debug/published_time,162099362549,1785836334168405450
/control/command/control_cmd/debug/published_time,162149362550,1785836334217795799
/control/command/control_cmd/debug/published_time,162199362550,1785836334268650554
/control/command/control_cmd/debug/published_time,162249362551,1785836334318712160
/control/command/control_cmd/debug/published_time,162299362552,1785836334369594472
/control/command/control_cmd/debug/published_time,162349362553,1785836334418375053
/control/command/control_cmd/debug/published_time,162399362553,1785836334469086618
/control/command/control_cmd/debug/published_time,162449362554,1785836334518517461
/control/command/control_cmd/debug/published_time,162499362555,1785836334569023329
/control/command/control_cmd/debug/published_time,162549362555,1785836334619154146
/control/command/control_cmd/debug/published_time,162599362556,1785836334669056258
/control/command/control_cmd/debug/published_time,162649362557,1785836334719068277
/control/command/control_cmd/debug/published_time,162699362558,1785836334769952637
/control/command/control_cmd/debug/published_time,162749362558,1785836334819021563
/control/command/control_cmd/debug/published_time,162799362559,1785836334868785328
/control/command/control_cmd/debug/published_time,162849362560,1785836334919306974
/control/command/control_cmd/debug/published_time,162899362561,1785836334969461794
/control/command/control_cmd/debug/published_time,162949362561,1785836335019289728
/control/command/control_cmd/debug/published_time,162999362562,1785836335069823698
/control/command/control_cmd/debug/published_time,163049362563,1785836335119677219
/control/command/control_cmd/debug/published_time,163099362564,1785836335170030192
/control/command/control_cmd/debug/published_time,163149362564,1785836335219504413
/control/command/control_cmd/debug/published_time,163199362565,1785836335270029266
/control/command/control_cmd/debug/published_time,163249362566,1785836335319868570
/control/command/control_cmd/debug/published_time,163299362567,1785836335370269717
/control/command/control_cmd/debug/published_time,163349362567,1785836335421534131
/control/command/control_cmd/debug/published_time,163399362568,1785836335470561570
/control/command/control_cmd/debug/published_time,163449362569,1785836335520488380
/control/command/control_cmd/debug/published_time,163499362570,1785836335570692825
/control/command/control_cmd/debug/published_time,163549362570,1785836335620921144
/control/command/control_cmd/debug/published_time,163599362571,1785836335670676271
/control/command/control_cmd/debug/published_time,163649362572,1785836335720563439
/control/command/control_cmd/debug/published_time,163699362573,1785836335771085142
/control/command/control_cmd/debug/published_time,163749362573,1785836335820789518
/control/command/control_cmd/debug/published_time,163799362574,1785836335871086038
/control/command/control_cmd/debug/published_time,163849362575,1785836335921212032
/control/command/control_cmd/debug/published_time,163899362576,1785836335971452075
/control/command/control_cmd/debug/published_time,163949362576,1785836336022247127
/control/command/control_cmd/debug/published_time,163999362577,1785836336072016200
/control/command/control_cmd/debug/published_time,164049362578,1785836336121508357
/control/command/control_cmd/debug/published_time,164099362579,1785836336171736925
/control/command/control_cmd/debug/published_time,164149362579,1785836336222352611
/control/command/control_cmd/debug/published_time,164199362580,1785836336271935543
/control/command/control_cmd/debug/published_time,164249362581,1785836336321787212
/control/command/control_cmd/debug/published_time,164299362582,1785836336371600172
/control/command/control_cmd/debug/published_time,164349362582,1785836336421920958
/control/command/control_cmd/debug/published_time,164399362583,1785836336472185410
