clock_ns,arrival_system_ns
33660024623,1785828027941469663
33710024623,1785828027991727881
33760024624,1785828028041193860
33810024625,1785828028091932596
33860024626,1785828028143150344
33910024626,1785828028191709693
33960024627,1785828028286605065
34010024628,1785828028292747936
34060024629,1785828028341633650
34110024629,1785828028392132466
34160024630,1785828028456298051
34210024631,1785828028491652575
34260024632,1785828028541836085
34310024632,1785828028591311007
34360024633,1785828028641496856
34410024634,1785828028692205090
34460024635,1785828028741775424
34510024635,1785828028791913340
34560024636,1785828028841978868
34610024637,1785828028891714403
34660024638,1785828028942063020
34710024638,1785828028992319356
34760024639,1785828029041696674
34810024640,1785828029091666131
34860024640,1785828029141986263
34910024641,1785828029191690427
34960024642,1785828029241969773
35010024643,1785828029292139234
35060024643,1785828029342294537
35110024644,1785828029391542684
35160024645,1785828029442156859
35210024646,1785828029491760999
35260024646,1785828029541622335
35310024647,1785828029591734333
35360024648,1785828029641701876
35410024649,1785828029691379053
35460024649,1785828029742120753
35510024650,1785828029792038616
35560024651,1785828029842173285
35610024652,1785828029892014185
35660024652,1785828029942035475
35710024653,1785828029992096286
35760024654,1785828030041692515
35810024655,1785828030092077790
35860024655,1785828030142138131
35910024656,1785828030192237038
35960024657,1785828030241714871
36010024658,1785828030292119611
36060024658,1785828030341718336
36110024659,1785828030391217586
36160024660,1785828030441336757
36210024661,1785828030491575616
36260024661,1785828030541397326
36310024662,1785828030591519490
36360024663,1785828030642063610
36410024664,1785828030691421218
36460024664,1785828030741399669
36510024665,1785828030791393373
36560024666,1785828030841488380
36610024667,1785828030891533514
36660024667,1785828030941956680
36710024668,1785828030991775490
36760024669,1785828031041736705
36810024670,1785828031092006971
36860024670,1785828031141932101
36910024671,1785828031192056847
36960024672,1785828031241714097
37010024673,1785828031291959278
37060024673,1785828031342282214
37110024674,1785828031391453307
37160024675,1785828031441594711
37210024676,1785828031491928782
37260024676,1785828031541403466
37310024677,1785828031591135205
37360024678,1785828031641067419
37410024678,1785828031691654260
37460024679,1785828031741609416
37510024680,1785828031791766099
37560024681,1785828031841838434
37610024681,1785828031891710289
37660024682,1785828031941840986
37710024683,1785828031992250997
37760024684,1785828032041860264
37810024684,1785828032091779433
37860024685,1785828032141904780
37910024686,1785828032191741514
37960024687,1785828032241793094
38010024687,1785828032291972154
38060024688,1785828032341150627
38110024689,1785828032391863424
38160024690,1785828032441520447
38210024690,1785828032491819394
38260024691,1785828032541906131
38310024692,1785828032591958400
38360024693,1785828032641816175
38410024693,1785828032691543245
38460024694,1785828032741359522
38510024695,1785828032791476097
38560024696,1785828032841665468
38610024696,1785828032891806030
38660024697,1785828032941714406
38710024698,1785828032991671801
38760024699,1785828033041604391
38810024699,1785828033092009101
38860024700,1785828033141468583
38910024701,1785828033191752051
38960024702,1785828033241423075
39010024702,1785828033291623170
39060024703,1785828033341510077
39110024704,1785828033391318606
39160024705,1785828033441682652
39210024705,1785828033491851794
39260024706,1785828033541785987
39310024707,1785828033591159971
39360024708,1785828033641746747
39410024708,1785828033691852599
39460024709,1785828033741935819
39510024710,1785828033791487970
39560024711,1785828033842958719
39610024711,1785828033891727590
39660024712,1785828033941917907
39710024713,1785828033991024590
39760024713,1785828034041571964
39810024714,1785828034091545883
39860024715,1785828034141344798
39910024716,1785828034191771899
39960024716,1785828034242132014
40010024717,1785828034291829772
40060024718,1785828034341511121
40110024719,1785828034391803930
40160024719,1785828034441460269
40210024720,1785828034491864337
40260024721,1785828034541204255
40310024722,1785828034591086528
40360024722,1785828034641068336
40410024723,1785828034691857912
40460024724,1785828034741668572
40510024725,1785828034791785486
40560024725,1785828034841817323
40610024726,1785828034892018753
40660024727,1785828034942075173
40710024728,1785828034991991352
40760024728,1785828035042134496
40810024729,1785828035091627128
40860024730,1785828035141971507
40910024731,1785828035191775018
40960024731,1785828035241745048
41010024732,1785828035292317526
41060024733,1785828035341911797
41110024734,1785828035391031249
41160024734,1785828035442742356
41210024735,1785828035491625132
41260024736,1785828035541937489
41310024737,1785828035591795816
41360024737,1785828035641802372
41410024738,1785828035691755394
41460024739,1785828035741866405
41510024740,1785828035792544090
41560024740,1785828035841952852
41610024741,1785828035891975907
41660024742,1785828035941717343
41710024743,1785828035991373783
41760024743,1785828036041718370
41810024744,1785828036091430996
41860024745,1785828036141364287
41910024746,1785828036191507037
41960024746,1785828036242015564
42010024747,1785828036291468474
42060024748,1785828036341365916
42110024749,1785828036391557561
42160024749,1785828036441413120
42210024750,1785828036491591792
42260024751,1785828036541351886
42310024751,1785828036591460507
42360024752,1785828036641975472
42410024753,1785828036691667346
42460024754,1785828036742074907
42510024754,1785828036792216215
42560024755,1785828036841640672
42610024756,1785828036891240434
42660024757,1785828036941602624
42710024757,1785828036991340103
42760024758,1785828037041255980
42810024759,1785828037091917329
42860024760,1785828037141768018
42910024760,1785828037191686682
42960024761,1785828037241418062
43010024762,1785828037291775542
43060024763,1785828037341550950
43110024763,1785828037391652969
43160024764,1785828037441496041
43210024765,1785828037491437946
43260024766,1785828037541263475
43310024766,1785828037591141713
43360024767,1785828037641774798
43410024768,1785828037691513556
43460024769,1785828037741746051
43510024769,1785828037791712164
43560024770,1785828037841815270
43610024771,1785828037891446188
43660024772,1785828037941804740
43710024772,1785828037991516650
43760024773,1785828038041640951
43810024774,1785828038091759362
43860024775,1785828038141919308
43910024775,1785828038192057563
43960024776,1785828038242158268
44010024777,1785828038291869489
44060024778,1785828038341809159
44110024778,1785828038391736782
44160024779,1785828038441243643
44210024780,1785828038492055083
44260024781,1785828038541638662
44310024781,1785828038592067316
44360024782,1785828038642044339
44410024783,1785828038692201420
44460024784,1785828038741773394
44510024784,1785828038791938024
44560024785,1785828038842178422
44610024786,1785828038892117471
44660024787,1785828038942015520
44710024787,1785828038991863640
44760024788,1785828039041439908
44810024789,1785828039092113170
44860024789,1785828039141817552
44910024790,1785828039192050696
44960024791,1785828039241589368
45010024792,1785828039291627276
45060024792,1785828039341519605
45110024793,1785828039391762305
45160024794,1785828039441524507
45210024795,1785828039491303927
45260024795,1785828039541609215
45310024796,1785828039591358255
45360024797,1785828039641445919
45410024798,1785828039691402351
45460024798,1785828039741292270
45510024799,1785828039791417279
45560024800,1785828039841364854
45610024801,1785828039891573363
45660024801,1785828039941867146
45710024802,1785828039991503000
45760024803,1785828040041648872
45810024804,1785828040091919310
45860024804,1785828040141692469
45910024805,1785828040191918842
45960024806,1785828040241606871
46010024807,1785828040291089839
46060024807,1785828040341120626
46110024808,1785828040391411126
46160024809,1785828040441567681
46210024810,1785828040491202261
46260024810,1785828040541307265
46310024811,1785828040591181130
46360024812,1785828040641071247
46410024813,1785828040691681876
46460024813,1785828040741471329
46510024814,1785828040791474573
46560024815,1785828040842018784
46610024816,1785828040891446327
46660024816,1785828040941814493
46710024817,1785828040991737373
46760024818,1785828041041438746
46810024819,1785828041091679233
46860024819,1785828041141304918
46910024820,1785828041191852082
46960024821,1785828041241666697
47010024822,1785828041292027032
47060024822,1785828041341781655
47110024823,1785828041391682465
47160024824,1785828041441600490
47210024825,1785828041491476047
47260024825,1785828041541473159
47310024826,1785828041591854229
47360024827,1785828041641566955
47410024827,1785828041691677547
47460024828,1785828041741620433
47510024829,1785828041791922025
47560024830,1785828041841813478
47610024830,1785828041891865160
47660024831,1785828041941798868
47710024832,1785828041991391141
47760024833,1785828042041419623
47810024833,1785828042091775471
47860024834,1785828042142223197
47910024835,1785828042192096047
47960024836,1785828042241585063
48010024836,1785828042291783185
48060024837,1785828042342034146
48110024838,1785828042391318274
48160024839,1785828042441563647
48210024839,1785828042491474395
48260024840,1785828042541749964
48310024841,1785828042591806584
48360024842,1785828042641431818
48410024842,1785828042691937666
48460024843,1785828042741934634
48510024844,1785828042792324797
48560024845,1785828042841950904
48610024845,1785828042891802217
48660024846,1785828042941871174
48710024847,1785828042991980829
48760024848,1785828043041803062
48810024848,1785828043091746492
48860024849,1785828043141807953
48910024850,1785828043192024468
48960024851,1785828043242034313
49010024851,1785828043292109220
49060024852,1785828043341783132
49110024853,1785828043392515188
49160024854,1785828043442269405
49210024854,1785828043491339332
49260024855,1785828043541350183
49310024856,1785828043591441228
49360024857,1785828043641058017
49410024857,1785828043692246062
49460024858,1785828043741855886
49510024859,1785828043791689375
49560024860,1785828043842038729
49610024860,1785828043891500343
49660024861,1785828043941963662
49710024862,1785828043991832255
49760024863,1785828044041518987
49810024863,1785828044091780959
49860024864,1785828044141997877
49910024865,1785828044191920160
49960024865,1785828044241955664
50010024866,1785828044291247443
50060024867,1785828044341387533
50110024868,1785828044391346976
50160024868,1785828044441689279
50210024869,1785828044491293260
50260024870,1785828044541460250
50310024871,1785828044592054890
50360024871,1785828044641666794
50410024872,1785828044691975860
50460024873,1785828044741493916
50510024874,1785828044791676214
50560024874,1785828044841613006
50610024875,1785828044891902676
50660024876,1785828044941520128
50710024877,1785828044991497239
50760024877,1785828045041553039
50810024878,1785828045091811283
50860024879,1785828045141611351
50910024880,1785828045191787178
50960024880,1785828045241650111
51010024881,1785828045291533364
51060024882,1785828045341515647
51110024883,1785828045391193014
51160024883,1785828045441715317
51210024884,1785828045491938537
51260024885,1785828045541705368
51310024886,1785828045591522762
51360024886,1785828045641643035
51410024887,1785828045691611269
51460024888,1785828045741866388
51510024889,1785828045792043360
51560024889,1785828045841703066
51610024890,1785828045891739743
51660024891,1785828045941885758
51710024892,1785828045991867176
51760024892,1785828046041290658
51810024893,1785828046091407347
51860024894,1785828046141333424
51910024895,1785828046191519258
51960024895,1785828046241590052
52010024896,1785828046291319990
52060024897,1785828046341648430
52110024898,1785828046391562253
52160024898,1785828046441710452
52210024899,1785828046491534366
52260024900,1785828046541494151
52310024901,1785828046591147385
52360024901,1785828046641067495
52410024902,1785828046692012393
52460024903,1785828046741362917
52510024903,1785828046792287485
52560024904,1785828046842167458
52610024905,1785828046892088910
52660024906,1785828046941832836
52710024906,1785828046991403751
52760024907,1785828047041407396
52810024908,1785828047092023839
52860024909,1785828047141707570
52910024909,1785828047191475064
52960024910,1785828047241663163
53010024911,1785828047291632041
53060024912,1785828047341606266
53110024912,1785828047392735050
53160024913,1785828047441396394
53210024914,1785828047491853648
53260024915,1785828047542305817
53310024915,1785828047591990047
53360024916,1785828047641388693
53410024917,1785828047691762871
53460024918,1785828047741491602
53510024918,1785828047791671454
53560024919,1785828047841450947
53610024920,1785828047891685705
53660024921,1785828047941571047
53710024921,1785828047991634784
53760024922,1785828048041864370
53810024923,1785828048092317217
53860024924,1785828048141587780
53910024924,1785828048191443804
53960024925,1785828048241059367
54010024926,1785828048291089443
54060024927,1785828048341118026
54110024927,1785828048391732435
54160024928,1785828048441522553
54210024929,1785828048491229163
54260024930,1785828048541477460
54310024930,1785828048591613441
54360024931,1785828048641573793
54410024932,1785828048691621521
54460024933,1785828048741839522
54510024933,1785828048791729594
54560024934,1785828048841810660
54610024935,1785828048891601990
54660024936,1785828048941418681
54710024936,1785828048991648950
54760024937,1785828049041588968
54810024938,1785828049091507839
54860024939,1785828049141730315
54910024939,1785828049191468555
54960024940,1785828049241647690
55010024941,1785828049291521583
55060024941,1785828049341455948
55110024942,1785828049391537292
55160024943,1785828049441349045
55210024944,1785828049491474848
55260024944,1785828049541230341
55310024945,1785828049591518191
55360024946,1785828049641090577
55410024947,1785828049691789858
55460024947,1785828049741414228
55510024948,1785828049791730140
55560024949,1785828049841387660
55610024950,1785828049892205675
55660024950,1785828049941577423
55710024951,1785828049991988573
55760024952,1785828050041325889
55810024953,1785828050091518966
55860024953,1785828050141798225
55910024954,1785828050191694250
55960024955,1785828050241705458
56010024956,1785828050291498004
56060024956,1785828050341532726
56110024957,1785828050391087649
56160024958,1785828050441517765
56210024959,1785828050491307330
56260024959,1785828050541386926
56310024960,1785828050591948599
56360024961,1785828050641400100
56410024962,1785828050691721216
56460024962,1785828050741950731
56510024963,1785828050791874496
56560024964,1785828050841617261
56610024965,1785828050891925201
56660024965,1785828050941729847
56710024966,1785828050991916974
56760024967,1785828051041707702
56810024968,1785828051091720828
56860024968,1785828051141723612
56910024969,1785828051191562327
56960024970,1785828051242162327
57010024971,1785828051291680096
57060024971,1785828051342051460
57110024972,1785828051392020806
57160024973,1785828051442106655
57210024974,1785828051491514452
57260024974,1785828051542163978
57310024975,1785828051592071020
57360024976,1785828051641797330
57410024977,1785828051691752559
57460024977,1785828051742004170
57510024978,1785828051791764424
57560024979,1785828051841431255
57610024979,1785828051891734248
57660024980,1785828051941787251
57710024981,1785828051991532981
57760024982,1785828052041779393
57810024982,1785828052092253971
57860024983,1785828052141517354
57910024984,1785828052191583517
57960024985,1785828052241551506
58010024985,1785828052291694966
58060024986,1785828052341220165
58110024987,1785828052391476556
58160024988,1785828052441587444
58210024988,1785828052492090429
58260024989,1785828052541271148
58310024990,1785828052591049838
58360024991,1785828052641081701
58410024991,1785828052691536393
58460024992,1785828052741659482
58510024993,1785828052792214861
58560024994,1785828052841245502
58610024994,1785828052891611360
58660024995,1785828052941775436
58710024996,1785828052991608558
58760024997,1785828053041572416
58810024997,1785828053091519273
58860024998,1785828053141647903
58910024999,1785828053192094841
58960025000,1785828053241687946
59010025000,1785828053291641897
59060025001,1785828053341435292
59110025002,1785828053391794077
59160025003,1785828053442296990
59210025003,1785828053491443308
59260025004,1785828053541616071
59310025005,1785828053591689261
59360025006,1785828053641792940
59410025006,1785828053691838209
59460025007,1785828053741753546
59510025008,1785828053791844202
59560025009,1785828053841827801
59610025009,1785828053891502556
59660025010,1785828053942172215
59710025011,1785828053992066342
59760025012,1785828054042062549
59810025012,1785828054092195142
59860025013,1785828054141750752
59910025014,1785828054191979583
59960025015,1785828054242046530
60010025015,1785828054291732010
60060025016,1785828054342134197
60110025017,1785828054391688167
60160025017,1785828054441329562
60210025018,1785828054491539818
60260025019,1785828054542522576
60310025020,1785828054591781235
60360025020,1785828054641575009
60410025021,1785828054691662243
60460025022,1785828054741357377
60510025023,1785828054792117005
60560025023,1785828054841938456
60610025024,1785828054891532240
60660025025,1785828054941860433
60710025026,1785828054992040247
60760025026,1785828055041589664
60810025027,1785828055091378010
60860025028,1785828055141865541
60910025029,1785828055191830051
60960025029,1785828055241694749
61010025030,1785828055291937730
61060025031,1785828055341447406
61110025032,1785828055391279558
61160025032,1785828055441308821
61210025033,1785828055491911102
61260025034,1785828055541158535
61310025035,1785828055591242604
61360025035,1785828055641076472
61410025036,1785828055691784982
61460025037,1785828055741098358
61510025038,1785828055791872042
61560025038,1785828055841688350
61610025039,1785828055892002113
61660025040,1785828055941992504
61710025041,1785828055991788657
61760025041,1785828056041693869
61810025042,1785828056091712733
61860025043,1785828056141654055
61910025044,1785828056191666452
61960025044,1785828056241101619
62010025045,1785828056291572678
62060025046,1785828056341521609
62110025047,1785828056391249100
62160025047,1785828056441676391
62210025048,1785828056491716189
62260025049,1785828056541461131
62310025050,1785828056591999300
62360025050,1785828056641781457
62410025051,1785828056691747086
62460025052,1785828056741883388
62510025053,1785828056791923444
62560025053,1785828056841933566
62610025054,1785828056891690365
62660025055,1785828056942162864
62710025055,1785828056991738289
62760025056,1785828057041215169
62810025057,1785828057092158038
62860025058,1785828057141400726
62910025058,1785828057191542028
62960025059,1785828057241695448
63010025060,1785828057291695036
63060025061,1785828057341867423
63110025061,1785828057391683221
63160025062,1785828057441524132
63210025063,1785828057491288940
63260025064,1785828057541613888
63310025064,1785828057591712268
63360025065,1785828057641925683
63410025066,1785828057692053444
63460025067,1785828057742142998
63510025067,1785828057792191219
63560025068,1785828057842136307
63610025069,1785828057892390991
63660025070,1785828057941559688
63710025070,1785828057992178483
63760025071,1785828058042313848
63810025072,1785828058092120281
63860025073,1785828058142229835
63910025073,1785828058191721139
63960025074,1785828058241708050
64010025075,1785828058291451184
64060025076,1785828058341949292
64110025076,1785828058391348607
64160025077,1785828058441616120
64210025078,1785828058491622074
64260025079,1785828058541321580
64310025079,1785828058591446462
64360025080,1785828058641450150
64410025081,1785828058691558526
64460025082,1785828058741577250
64510025082,1785828058791610118
64560025083,1785828058841874402
64610025084,1785828058891524193
64660025085,1785828058941592438
64710025085,1785828058991696383
64760025086,1785828059041674149
64810025087,1785828059091649865
64860025088,1785828059141551693
64910025088,1785828059191968139
64960025089,1785828059241706414
65010025090,1785828059291460572
65060025090,1785828059341444927
65110025091,1785828059391352748
65160025092,1785828059441742417
65210025093,1785828059491332232
65260025093,1785828059541733721
65310025094,1785828059591569597
65360025095,1785828059641827965
65410025096,1785828059691782435
65460025096,1785828059741737139
65510025097,1785828059791502535
65560025098,1785828059841526729
65610025099,1785828059891441791
65660025099,1785828059941475810
65710025100,1785828059991720101
65760025101,1785828060041707141
65810025102,1785828060091487033
65860025102,1785828060141727434
65910025103,1785828060191702285
65960025104,1785828060241568394
66010025105,1785828060291582068
66060025105,1785828060341611441
66110025106,1785828060391827146
66160025107,1785828060441704895
66210025108,1785828060491744859
66260025108,1785828060541776962
66310025109,1785828060591765774
66360025110,1785828060641667327
66410025111,1785828060691943226
66460025111,1785828060741760286
66510025112,1785828060792836473
66560025113,1785828060841975969
66610025114,1785828060892036666
66660025114,1785828060941593911
66710025115,1785828060992170984
66760025116,1785828061041722106
66810025117,1785828061091624196
66860025117,1785828061141868035
66910025118,1785828061191940170
66960025119,1785828061242177974
67010025120,1785828061291539248
67060025120,1785828061341900116
67110025121,1785828061391251736
67160025122,1785828061441175737
67210025123,1785828061491714666
67260025123,1785828061541627040
67310025124,1785828061591049778
67360025125,1785828061641101753
67410025126,1785828061691416166
67460025126,1785828061741919736
67510025127,1785828061791624637
67560025128,1785828061841592427
67610025128,1785828061891969147
67660025129,1785828061941546908
67710025130,1785828061992070681
67760025131,1785828062041678571
67810025131,1785828062091604908
67860025132,1785828062142055594
67910025133,1785828062191856862
67960025134,1785828062241863604
68010025134,1785828062291553417
68060025135,1785828062341468760
68110025136,1785828062391825393
68160025137,1785828062441455154
68210025137,1785828062491771357
68260025138,1785828062541380997
68310025139,1785828062591912090
68360025140,1785828062641817572
68410025140,1785828062691823709
68460025141,1785828062741850183
68510025142,1785828062791793656
68560025143,1785828062842030813
68610025143,1785828062891774909
68660025144,1785828062941829976
68710025145,1785828062991594320
68760025146,1785828063041827106
68810025146,1785828063091679328
68860025147,1785828063142134348
68910025148,1785828063192110338
68960025149,1785828063242015277
69010025149,1785828063291797317
69060025150,1785828063342061865
69110025151,1785828063391352673
69160025152,1785828063441345784
69210025152,1785828063491798012
69260025153,1785828063541379007
69310025154,1785828063591718770
69360025155,1785828063641850048
69410025155,1785828063691683243
69460025156,1785828063742058570
69510025157,1785828063791768224
69560025158,1785828063841686008
69610025158,1785828063891830424
69660025159,1785828063941975012
69710025160,1785828063991582467
69760025161,1785828064041596575
69810025161,1785828064091499597
69860025162,1785828064141548102
69910025163,1785828064191353033
69960025164,1785828064241046484
70010025164,1785828064291053720
70060025165,1785828064341122145
70110025166,1785828064391823757
70160025166,1785828064441616265
70210025167,1785828064491750205
70260025168,1785828064541296725
70310025169,1785828064591339973
70360025169,1785828064641047516
70410025170,1785828064691740209
70460025171,1785828064741935449
70510025172,1785828064791553964
70560025172,1785828064841510404
70610025173,1785828064891777131
70660025174,1785828064941729382
70710025175,1785828064991618853
70760025175,1785828065041383608
70810025176,1785828065091606610
70860025177,1785828065142223812
70910025178,1785828065191557525
70960025178,1785828065242034243
71010025179,1785828065291361588
71060025180,1785828065341980955
71110025181,1785828065391647419
71160025181,1785828065441739480
71210025182,1785828065491940463
71260025183,1785828065541885586
71310025184,1785828065591425803
71360025184,1785828065641749040
71410025185,1785828065691729688
71460025186,1785828065741900169
71510025187,1785828065791803835
71560025187,1785828065841316453
71610025188,1785828065891641558
71660025189,1785828065941987330
71710025190,1785828065991784803
71760025190,1785828066041563529
71810025191,1785828066091508648
71860025192,1785828066141576482
71910025193,1785828066192276176
71960025193,1785828066242012554
72010025194,1785828066291211945
72060025195,1785828066341451676
72110025196,1785828066391364101
72160025196,1785828066441694262
72210025197,1785828066491586160
72260025198,1785828066541797053
72310025199,1785828066591844091
72360025199,1785828066641793230
72410025200,1785828066691559783
72460025201,1785828066741714690
72510025202,1785828066791565655
72560025202,1785828066841566451
72610025203,1785828066891595273
72660025204,1785828066941712809
72710025204,1785828066992324125
72760025205,1785828067041607353
72810025206,1785828067091745674
72860025207,1785828067141788564
72910025207,1785828067191799791
72960025208,1785828067241482330
73010025209,1785828067291376715
73060025210,1785828067341669200
73110025210,1785828067392017159
73160025211,1785828067441391248
73210025212,1785828067491835530
73260025213,1785828067541281613
73310025213,1785828067591032190
73360025214,1785828067641197074
73410025215,1785828067691480852
73460025216,1785828067742290655
73510025216,1785828067792015491
73560025217,1785828067841756297
73610025218,1785828067891734973
73660025219,1785828067941374962
73710025219,1785828067991729634
73760025220,1785828068041941965
73810025221,1785828068092635289
73860025222,1785828068141643184
73910025222,1785828068191815650
73960025223,1785828068241878440
74010025224,1785828068292127508
74060025225,1785828068341268092
74110025225,1785828068391788494
74160025226,1785828068441810605
74210025227,1785828068491743372
74260025228,1785828068541943474
74310025228,1785828068591748981
74360025229,1785828068641661846
74410025230,1785828068691470473
74460025231,1785828068741925098
74510025231,1785828068791751897
74560025232,1785828068841364037
74610025233,1785828068891798754
74660025234,1785828068941460475
74710025234,1785828068991762981
74760025235,1785828069041809592
74810025236,1785828069091391962
74860025237,1785828069141962245
74910025237,1785828069191887844
74960025238,1785828069241485135
75010025239,1785828069291853896
75060025240,1785828069341547264
75110025240,1785828069391436047
75160025241,1785828069441857753
75210025242,1785828069491590812
75260025242,1785828069541810394
75310025243,1785828069591434315
75360025244,1785828069641383626
75410025245,1785828069691793765
75460025245,1785828069741804516
75510025246,1785828069792004063
75560025247,1785828069841659679
75610025248,1785828069891476302
75660025248,1785828069941383751
75710025249,1785828069991399378
75760025250,1785828070041614067
75810025251,1785828070091944843
75860025251,1785828070141715929
75910025252,1785828070191934586
75960025253,1785828070241821151
76010025254,1785828070291645715
76060025254,1785828070341384435
76110025255,1785828070391572697
76160025256,1785828070441303050
76210025257,1785828070491809002
76260025257,1785828070541065152
76310025258,1785828070591015254
76360025259,1785828070641302497
76410025260,1785828070691435253
76460025260,1785828070741324980
76510025261,1785828070792060884
76560025262,1785828070841580476
76610025263,1785828070891766386
76660025263,1785828070941617344
76710025264,1785828070992189925
76760025265,1785828071041752966
76810025266,1785828071092076698
76860025266,1785828071142098721
76910025267,1785828071192430563
76960025268,1785828071242082044
77010025269,1785828071292055272
77060025269,1785828071341389458
77110025270,1785828071392053565
77160025271,1785828071441997004
77210025272,1785828071491971913
77260025272,1785828071541754199
77310025273,1785828071591623595
77360025274,1785828071641627442
77410025275,1785828071691925138
77460025275,1785828071741916440
77510025276,1785828071791726456
77560025277,1785828071841773430
77610025278,1785828071891907661
77660025278,1785828071941883255
77710025279,1785828071991475534
77760025280,1785828072041969149
77810025280,1785828072091787778
77860025281,1785828072142104570
77910025282,1785828072191730105
77960025283,1785828072241032379
78010025283,1785828072291182648
78060025284,1785828072341263002
78110025285,1785828072391516249
78160025286,1785828072441652303
78210025286,1785828072491259428
78260025287,1785828072541943676
78310025288,1785828072591467152
78360025289,1785828072641416046
78410025289,1785828072691742225
78460025290,1785828072741706359
78510025291,1785828072791725652
78560025292,1785828072841887037
78610025292,1785828072891729301
78660025293,1785828072941666985
78710025294,1785828072991546598
78760025295,1785828073041572028
78810025295,1785828073091987784
78860025296,1785828073142005441
78910025297,1785828073191713950
78960025298,1785828073241542645
79010025298,1785828073292083963
79060025299,1785828073341254124
79110025300,1785828073392078403
79160025301,1785828073441494999
79210025301,1785828073491990772
79260025302,1785828073541073909
79310025303,1785828073591039072
79360025304,1785828073641222198
79410025304,1785828073691695646
79460025305,1785828073741694725
79510025306,1785828073791669686
79560025307,1785828073841753630
79610025307,1785828073891983504
79660025308,1785828073941599992
79710025309,1785828073992045368
79760025310,1785828074041715271
79810025310,1785828074092071802
79860025311,1785828074141651188
79910025312,1785828074192036351
79960025313,1785828074241561330
80010025313,1785828074292022229
80060025314,1785828074341986550
80110025315,1785828074391626292
80160025316,1785828074442335188
80210025316,1785828074491587691
80260025317,1785828074542115150
80310025318,1785828074592297678
80360025318,1785828074641798693
80410025319,1785828074692015680
80460025320,1785828074741908585
80510025321,1785828074791807709
80560025321,1785828074841932281
80610025322,1785828074892114704
80660025323,1785828074941724507
80710025324,1785828074992323088
80760025324,1785828075041362801
80810025325,1785828075091616051
80860025326,1785828075141986213
80910025327,1785828075191697633
80960025327,1785828075241706351
81010025328,1785828075291694565
81060025329,1785828075341578941
81110025330,1785828075392144675
81160025330,1785828075442189785
81210025331,1785828075492026064
81260025332,1785828075541969666
81310025333,1785828075591159642
81360025333,1785828075641651227
81410025334,1785828075691798318
81460025335,1785828075741683406
81510025336,1785828075791570280
81560025336,1785828075842262768
81610025337,1785828075891343117
81660025338,1785828075941518716
81710025339,1785828075991478300
81760025339,1785828076041622058
81810025340,1785828076092254195
81860025341,1785828076142148515
81910025342,1785828076191387918
81960025342,1785828076242152844
82010025343,1785828076291649015
82060025344,1785828076341592170
82110025345,1785828076391835938
82160025345,1785828076441867108
82210025346,1785828076491495637
82260025347,1785828076541072444
82310025348,1785828076591044003
82360025348,1785828076641203678
82410025349,1785828076691906116
82460025350,1785828076741558678
82510025351,1785828076791512229
82560025351,1785828076841713360
82610025352,1785828076891606412
82660025353,1785828076941621828
82710025354,1785828076991496128
82760025354,1785828077041344928
82810025355,1785828077091573873
82860025356,1785828077141933860
82910025356,1785828077191751296
82960025357,1785828077241528518
83010025358,1785828077291979844
83060025359,1785828077341700995
83110025359,1785828077391259104
83160025360,1785828077441547059
83210025361,1785828077491887395
83260025362,1785828077541788143
83310025362,1785828077591685856
83360025363,1785828077642019838
83410025364,1785828077691596210
83460025365,1785828077742077417
83510025365,1785828077791984563
83560025366,1785828077841717778
83610025367,1785828077892037370
83660025368,1785828077941903685
83710025368,1785828077991685468
83760025369,1785828078042043289
83810025370,1785828078091859013
83860025371,1785828078141694426
83910025371,1785828078191647739
83960025372,1785828078241705235
84010025373,1785828078291333167
84060025374,1785828078341530800
84110025374,1785828078392095392
84160025375,1785828078441561161
84210025376,1785828078491690523
84260025377,1785828078541677494
84310025377,1785828078592021048
84360025378,1785828078641927311
84410025379,1785828078691774024
84460025380,1785828078741416991
84510025380,1785828078791537530
84560025381,1785828078842016585
84610025382,1785828078891906567
84660025383,1785828078941658255
84710025383,1785828078991996331
84760025384,1785828079041989179
84810025385,1785828079091490836
84860025386,1785828079141696854
84910025386,1785828079191072064
84960025387,1785828079241787734
85010025388,1785828079291743400
85060025389,1785828079342006658
85110025389,1785828079391627179
85160025390,1785828079442016835
85210025391,1785828079491774779
85260025392,1785828079541164178
85310025392,1785828079591012168
85360025393,1785828079641191190
85410025394,1785828079691610743
85460025394,1785828079741676950
85510025395,1785828079791785420
85560025396,1785828079841858804
85610025397,1785828079892146370
85660025397,1785828079941788439
85710025398,1785828079992248924
85760025399,1785828080042074463
85810025400,1785828080091749624
85860025400,1785828080142617934
85910025401,1785828080191334054
85960025402,1785828080241027758
86010025403,1785828080291612623
86060025403,1785828080341234960
86110025404,1785828080391028015
86160025405,1785828080441760419
86210025406,1785828080491599971
86260025406,1785828080541455256
86310025407,1785828080591770575
86360025408,1785828080641189825
86410025409,1785828080691337018
86460025409,1785828080741607882
86510025410,1785828080792608577
86560025411,1785828080841648530
86610025412,1785828080891422981
86660025412,1785828080941705347
86710025413,1785828080991624846
86760025414,1785828081041630549
86810025415,1785828081091751456
86860025415,1785828081141393085
86910025416,1785828081191656588
86960025417,1785828081241755686
87010025418,1785828081291579347
87060025418,1785828081341527289
87110025419,1785828081391940709
87160025420,1785828081441500581
87210025421,1785828081491744404
87260025421,1785828081541771521
87310025422,1785828081591699770
87360025423,1785828081641461303
87410025424,1785828081691675669
87460025424,1785828081741676510
87510025425,1785828081792033011
87560025426,1785828081841468288
87610025427,1785828081891427906
87660025427,1785828081941702484
87710025428,1785828081991281639
87760025429,1785828082041749354
87810025430,1785828082091447918
87860025430,1785828082141839021
87910025431,1785828082191785573
87960025432,1785828082241996674
88010025432,1785828082291577263
88060025433,1785828082341974889
88110025434,1785828082391322490
88160025435,1785828082441667321
88210025435,1785828082492032846
88260025436,1785828082541129051
88310025437,1785828082591465697
88360025438,1785828082641063712
88410025438,1785828082691634004
88460025439,1785828082741675877
88510025440,1785828082792224618
88560025441,1785828082842107262
88610025441,1785828082891451817
88660025442,1785828082941478323
88710025443,1785828082991407240
88760025444,1785828083041532459
88810025444,1785828083091355878
88860025445,1785828083142161630
88910025446,1785828083191777229
88960025447,1785828083241899844
89010025447,1785828083291407766
89060025448,1785828083341560396
89110025449,1785828083391691281
89160025450,1785828083441757730
89210025450,1785828083491398193
89260025451,1785828083541428978
89310025452,1785828083592332448
89360025453,1785828083641609322
89410025453,1785828083691606654
89460025454,1785828083741437834
89510025455,1785828083791577066
89560025456,1785828083841778045
89610025456,1785828083891707647
89660025457,1785828083941415879
89710025458,1785828083991524257
89760025459,1785828084041562737
89810025459,1785828084091503436
89860025460,1785828084141589927
89910025461,1785828084191889805
89960025462,1785828084241766035
90010025462,1785828084292053198
90060025463,1785828084341421165
90110025464,1785828084391504697
90160025465,1785828084441347231
90210025465,1785828084491885557
90260025466,1785828084541646087
90310025467,1785828084591400736
90360025467,1785828084641733707
90410025468,1785828084691883348
90460025469,1785828084741413450
90510025470,1785828084791720483
90560025470,1785828084841952232
90610025471,1785828084891797194
90660025472,1785828084941494090
90710025473,1785828084991549232
90760025473,1785828085041467513
90810025474,1785828085091726980
90860025475,1785828085141449952
90910025476,1785828085192253670
90960025476,1785828085241916636
91010025477,1785828085291641065
91060025478,1785828085341516274
91110025479,1785828085391673500
91160025479,1785828085442443596
91210025480,1785828085491793398
91260025481,1785828085541328864
91310025482,1785828085591004336
91360025482,1785828085641043221
91410025483,1785828085691576554
91460025484,1785828085741877879
91510025485,1785828085791772791
91560025485,1785828085841921704
91610025486,1785828085892073287
91660025487,1785828085941986485
91710025488,1785828085992183642
91760025488,1785828086041336451
91810025489,1785828086091214063
91860025490,1785828086141185129
91910025491,1785828086191744818
91960025491,1785828086241394390
92010025492,1785828086291878877
92060025493,1785828086341299291
92110025494,1785828086391794119
92160025494,1785828086441876259
92210025495,1785828086492013155
92260025496,1785828086542144782
92310025497,1785828086591697333
92360025497,1785828086641079698
92410025498,1785828086691447474
92460025499,1785828086741987284
92510025500,1785828086791177819
92560025500,1785828086841879978
92610025501,1785828086892136587
92660025502,1785828086942181917
92710025503,1785828086991784231
92760025503,1785828087042121670
92810025504,1785828087091846639
92860025505,1785828087142046485
92910025505,1785828087192006956
92960025506,1785828087242143944
93010025507,1785828087292292016
93060025508,1785828087342204948
93110025508,1785828087391946582
93160025509,1785828087441519095
93210025510,1785828087492113053
93260025511,1785828087541715192
93310025511,1785828087592184955
93360025512,1785828087642066232
93410025513,1785828087691803842
93460025514,1785828087741862100
93510025514,1785828087791746455
93560025515,1785828087841312592
93610025516,1785828087891868079
93660025517,1785828087942173536
93710025517,1785828087992062645
93760025518,1785828088041794358
93810025519,1785828088091445392
93860025520,1785828088141882103
93910025520,1785828088191543130
93960025521,1785828088240998487
94010025522,1785828088291544080
94060025523,1785828088341649562
94110025523,1785828088391159885
94160025524,1785828088441674492
94210025525,1785828088491049219
94260025526,1785828088541493924
94310025526,1785828088591033837
94360025527,1785828088641176087
94410025528,1785828088691523459
94460025529,1785828088741618229
94510025529,1785828088791486604
94560025530,1785828088842105957
94610025531,1785828088891631823
94660025532,1785828088941757116
94710025532,1785828088991730743
94760025533,1785828089041592423
94810025534,1785828089091679518
94860025535,1785828089141804186
94910025535,1785828089191647514
94960025536,1785828089241610947
95010025537,1785828089291694083
95060025538,1785828089341567035
95110025538,1785828089391737225
95160025539,1785828089441791523
95210025540,1785828089491152516
95260025541,1785828089543443411
95310025541,1785828089592008798
95360025542,1785828089641798642
95410025543,1785828089691744824
95460025543,1785828089741614951
95510025544,1785828089791615268
95560025545,1785828089841669011
95610025546,1785828089892215994
95660025546,1785828089941656996
95710025547,1785828089991468062
95760025548,1785828090042135096
95810025549,1785828090091788582
95860025549,1785828090141117530
95910025550,1785828090191622606
95960025551,1785828090241356955
96010025552,1785828090292309324
96060025552,1785828090341963945
96110025553,1785828090391236589
96160025554,1785828090442868560
96210025555,1785828090491686088
96260025555,1785828090541523821
96310025556,1785828090591688769
96360025557,1785828090641804654
96410025558,1785828090691665826
96460025558,1785828090741558624
96510025559,1785828090791643074
96560025560,1785828090841740369
96610025561,1785828090891565963
96660025561,1785828090941658121
96710025562,1785828090991386030
96760025563,1785828091041668902
96810025564,1785828091091784823
96860025564,1785828091141619019
96910025565,1785828091191707979
96960025566,1785828091242043924
97010025567,1785828091292023606
97060025567,1785828091341732819
97110025568,1785828091391435200
97160025569,1785828091441948214
97210025570,1785828091491622686
97260025570,1785828091541204847
97310025571,1785828091591643252
97360025572,1785828091641297548
97410025573,1785828091692425100
97460025573,1785828091741909318
97510025574,1785828091792012239
97560025575,1785828091842097694
97610025576,1785828091892072311
97660025576,1785828091942043764
97710025577,1785828091992160074
97760025578,1785828092042053946
97810025579,1785828092091812125
97860025579,1785828092141607328
97910025580,1785828092191326204
97960025581,1785828092241330544
98010025581,1785828092291593153
98060025582,1785828092341654808
98110025583,1785828092391342389
98160025584,1785828092441588680
98210025584,1785828092491288802
98260025585,1785828092541500378
98310025586,1785828092591393855
98360025587,1785828092641607559
98410025587,1785828092691551407
98460025588,1785828092741505987
98510025589,1785828092791808931
98560025590,1785828092842198772
98610025590,1785828092892057679
98660025591,1785828092941610062
98710025592,1785828092991545083
98760025593,1785828093041972898
98810025593,1785828093091835957
98860025594,1785828093141541100
98910025595,1785828093191483047
98960025596,1785828093241728251
99010025596,1785828093292257190
99060025597,1785828093341341255
99110025598,1785828093391523422
99160025599,1785828093441904760
99210025599,1785828093491032260
99260025600,1785828093541423337
99310025601,1785828093591256224
99360025602,1785828093641701998
99410025602,1785828093691403635
99460025603,1785828093741465979
99510025604,1785828093791556514
99560025605,1785828093841606330
99610025605,1785828093891571525
99660025606,1785828093941621517
99710025607,1785828093991840229
99760025608,1785828094041522020
99810025608,1785828094091335137
99860025609,1785828094141659484
99910025610,1785828094192131447
99960025611,1785828094241432296
100010025611,1785828094291507909
100060025612,1785828094341429832
100110025613,1785828094391435899
100160025614,1785828094441385607
100210025614,1785828094491591185
100260025615,1785828094541156384
100310025616,1785828094591025159
100360025617,1785828094641254860
100410025617,1785828094691422504
100460025618,1785828094741725513
100510025619,1785828094791611836
100560025619,1785828094841859244
100610025620,1785828094891454572
100660025621,1785828094941770874
100710025622,1785828094991761528
100760025622,1785828095041756230
100810025623,1785828095092434469
100860025624,1785828095142030867
100910025625,1785828095191859814
100960025625,1785828095241720603
101010025626,1785828095292149282
101060025627,1785828095341978532
101110025628,1785828095391833439
101160025628,1785828095441759253
101210025629,1785828095491373353
101260025630,1785828095542018221
101310025631,1785828095592033027
101360025631,1785828095641882791
101410025632,1785828095691678153
101460025633,1785828095741913232
101510025634,1785828095792592178
101560025634,1785828095841977995
101610025635,1785828095892209745
101660025636,1785828095941846705
101710025637,1785828095991405106
101760025637,1785828096041824832
101810025638,1785828096091822254
101860025639,1785828096141538491
101910025640,1785828096192183829
101960025640,1785828096240972253
102010025641,1785828096291469814
102060025642,1785828096341199019
102110025643,1785828096391085739
102160025643,1785828096441440096
102210025644,1785828096491511866
102260025645,1785828096541784277
102310025646,1785828096591542550
102360025646,1785828096641588412
102410025647,1785828096691529118
102460025648,1785828096741381240
102510025649,1785828096792029974
102560025649,1785828096841751741
102610025650,1785828096891848228
102660025651,1785828096941804804
102710025652,1785828096991778287
102760025652,1785828097041341641
102810025653,1785828097091684062
102860025654,1785828097141836973
102910025655,1785828097191834893
102960025655,1785828097241603887
103010025656,1785828097291766129
103060025657,1785828097341682409
103110025657,1785828097391564406
103160025658,1785828097441393756
103210025659,1785828097491680576
103260025660,1785828097541171944
103310025660,1785828097591025704
103360025661,1785828097641058700
103410025662,1785828097691901252
103460025663,1785828097741538694
103510025663,1785828097791533449
103560025664,1785828097841478280
103610025665,1785828097891642963
103660025666,1785828097941605542
103710025666,1785828097991197109
103760025667,1785828098041644119
103810025668,1785828098091866324
103860025669,1785828098141903261
103910025669,1785828098192211579
103960025670,1785828098242052505
104010025671,1785828098291750762
104060025672,1785828098341802469
104110025672,1785828098391259763
104160025673,1785828098441227933
104210025674,1785828098491313947
104260025675,1785828098541279642
104310025675,1785828098591848829
104360025676,1785828098641926341
104410025677,1785828098691421790
104460025678,1785828098741292298
104510025678,1785828098791562228
104560025679,1785828098842578744
104610025680,1785828098891776390
104660025681,1785828098942060831
104710025681,1785828098991768315
104760025682,1785828099041703076
104810025683,1785828099092288750
104860025684,1785828099141504324
104910025684,1785828099192279720
104960025685,1785828099241971046
105010025686,1785828099292021291
105060025687,1785828099341902564
105110025687,1785828099391448805
105160025688,1785828099443045512
105210025689,1785828099491486866
105260025690,1785828099541557412
105310025690,1785828099591348577
105360025691,1785828099641663057
105410025692,1785828099692416234
105460025693,1785828099741450878
105510025693,1785828099791778837
105560025694,1785828099841666015
105610025695,1785828099891613712
105660025695,1785828099941513485
105710025696,1785828099991814534
105760025697,1785828100041196627
105810025698,1785828100091386556
105860025698,1785828100141746948
105910025699,1785828100191414647
105960025700,1785828100241711805
106010025701,1785828100292037861
106060025701,1785828100341765792
106110025702,1785828100391291917
106160025703,1785828100441443271
106210025704,1785828100491789304
106260025704,1785828100540998614
106310025705,1785828100591027079
106360025706,1785828100641167286
106410025707,1785828100692075288
106460025707,1785828100741871725
106510025708,1785828100791804427
106560025709,1785828100841800737
106610025710,1785828100891934149
106660025710,1785828100941809249
106710025711,1785828100991616530
106760025712,1785828101041734990
106810025713,1785828101091916311
106860025713,1785828101141876601
106910025714,1785828101191881783
106960025715,1785828101241844002
107010025716,1785828101291606787
107060025716,1785828101341322047
107110025717,1785828101391641706
107160025718,1785828101441521429
107210025719,1785828101491308820
107260025719,1785828101541447734
107310025720,1785828101591165978
107360025721,1785828101641652860
107410025722,1785828101691826245
107460025722,1785828101741210076
107510025723,1785828101791789174
107560025724,1785828101841939614
107610025725,1785828101891653164
107660025725,1785828101941736442
107710025726,1785828101991423802
107760025727,1785828102041778852
107810025728,1785828102091591642
107860025728,1785828102141761529
107910025729,1785828102191742996
107960025730,1785828102241758312
108010025731,1785828102291820506
108060025731,1785828102341948858
108110025732,1785828102391234191
108160025733,1785828102442062219
108210025733,1785828102492088692
108260025734,1785828102541640815
108310025735,1785828102591700241
108360025736,1785828102641578720
108410025736,1785828102691569948
108460025737,1785828102741303791
108510025738,1785828102791965976
108560025739,1785828102841494513
108610025739,1785828102891790391
108660025740,1785828102941603197
108710025741,1785828102991545858
108760025742,1785828103041439267
108810025742,1785828103091620631
108860025743,1785828103141466065
108910025744,1785828103191585097
108960025745,1785828103241744486
109010025745,1785828103291517439
109060025746,1785828103341404777
109110025747,1785828103391553915
109160025748,1785828103441555950
109210025748,1785828103492211011
109260025749,1785828103541207126
109310025750,1785828103591024050
109360025751,1785828103641058184
109410025751,1785828103691531342
109460025752,1785828103741733912
109510025753,1785828103792016107
109560025754,1785828103841970533
109610025754,1785828103891906018
109660025755,1785828103941399422
109710025756,1785828103991793693
109760025757,1785828104041472546
109810025757,1785828104091535627
109860025758,1785828104141599540
109910025759,1785828104191500963
109960025760,1785828104240984205
110010025760,1785828104291905011
110060025761,1785828104341125798
110110025762,1785828104391028216
110160025763,1785828104441567331
110210025763,1785828104491600156
110260025764,1785828104541479432
110310025765,1785828104591410349
110360025766,1785828104641773801
110410025766,1785828104691959507
110460025767,1785828104741999424
110510025768,1785828104792520688
110560025769,1785828104842000945
110610025769,1785828104892154477
110660025770,1785828104942050981
110710025771,1785828104991808493
110760025771,1785828105042450132
110810025772,1785828105092172535
110860025773,1785828105141579657
110910025774,1785828105191303734
110960025774,1785828105241468040
111010025775,1785828105291902806
111060025776,1785828105341755938
111110025777,1785828105391602053
111160025777,1785828105441495208
111210025778,1785828105491383966
111260025779,1785828105541833103
111310025780,1785828105591618114
111360025780,1785828105641326064
111410025781,1785828105691409301
111460025782,1785828105741582922
111510025783,1785828105791924031
111560025783,1785828105842004042
111610025784,1785828105891679376
111660025785,1785828105941795184
111710025786,1785828105991848447
111760025786,1785828106041673529
111810025787,1785828106092159226
111860025788,1785828106141780481
111910025789,1785828106191880853
111960025789,1785828106241210799
112010025790,1785828106291491296
112060025791,1785828106341839867
112110025792,1785828106391887623
112160025792,1785828106441224897
112210025793,1785828106491791701
112260025794,1785828106541190360
112310025795,1785828106590999522
112360025795,1785828106641024826
112410025796,1785828106692102650
112460025797,1785828106741670992
112510025798,1785828106791795480
112560025798,1785828106841735563
112610025799,1785828106891675553
112660025800,1785828106941707016
112710025801,1785828106991462881
112760025801,1785828107041444874
112810025802,1785828107091523628
112860025803,1785828107141594657
112910025804,1785828107191613150
112960025804,1785828107241541699
113010025805,1785828107291814853
113060025806,1785828107341539025
113110025807,1785828107391317297
113160025807,1785828107441939574
113210025808,1785828107491539455
113260025809,1785828107541577429
113310025809,1785828107591681492
113360025810,1785828107641733709
113410025811,1785828107691600675
113460025812,1785828107741479084
113510025812,1785828107791595604
113560025813,1785828107841727497
113610025814,1785828107891650313
113660025815,1785828107941731903
113710025815,1785828107991702313
113760025816,1785828108041622889
113810025817,1785828108091465331
113860025818,1785828108141449462
113910025818,1785828108191539625
113960025819,1785828108241491073
114010025820,1785828108291544203
114060025821,1785828108341394630
114110025821,1785828108391720992
114160025822,1785828108441669515
114210025823,1785828108492109155
114260025824,1785828108541780592
114310025824,1785828108591424038
114360025825,1785828108641408008
114410025826,1785828108691631400
114460025827,1785828108741514496
114510025827,1785828108791341694
114560025828,1785828108841695601
114610025829,1785828108892113462
114660025830,1785828108941619642
114710025830,1785828108992038760
114760025831,1785828109041866688
114810025832,1785828109092147702
114860025833,1785828109142038463
114910025833,1785828109192053876
114960025834,1785828109242029651
115010025835,1785828109291925254
115060025836,1785828109342060419
115110025836,1785828109391642735
115160025837,1785828109441469515
115210025838,1785828109491538776
115260025839,1785828109541507925
115310025839,1785828109591019419
115360025840,1785828109641152179
115410025841,1785828109691484923
115460025842,1785828109741322786
115510025842,1785828109791822523
115560025843,1785828109841295123
115610025844,1785828109891403267
115660025844,1785828109941592744
115710025845,1785828109991570752
115760025846,1785828110041482998
115810025847,1785828110091690010
115860025847,1785828110141760741
115910025848,1785828110191594404
115960025849,1785828110241885145
116010025850,1785828110291839771
116060025850,1785828110341728247
116110025851,1785828110391359361
116160025852,1785828110441561865
116210025853,1785828110491781161
116260025853,1785828110541493478
116310025854,1785828110591403716
116360025855,1785828110642036834
116410025856,1785828110691790326
116460025856,1785828110741469941
116510025857,1785828110791425320
116560025858,1785828110841788833
116610025859,1785828110891950235
116660025859,1785828110941767476
116710025860,1785828110991838265
116760025861,1785828111041469487
116810025862,1785828111091748399
116860025862,1785828111141385923
116910025863,1785828111191469531
116960025864,1785828111241603514
117010025865,1785828111292006279
117060025865,1785828111341824759
117110025866,1785828111392009477
117160025867,1785828111441658522
117210025868,1785828111492286410
117260025868,1785828111541309000
117310025869,1785828111591816257
117360025870,1785828111641823362
117410025871,1785828111691466185
117460025871,1785828111741665556
117510025872,1785828111792014704
117560025873,1785828111841845018
117610025874,1785828111891777062
117660025874,1785828111941852163
117710025875,1785828111991648727
117760025876,1785828112041697716
117810025877,1785828112091485797
117860025877,1785828112141454926
117910025878,1785828112191471114
117960025879,1785828112241027277
118010025880,1785828112291432879
118060025880,1785828112341018500
118110025881,1785828112390990572
118160025882,1785828112441486665
118210025882,1785828112491399365
118260025883,1785828112541032290
118310025884,1785828112591059644
118360025885,1785828112641050623
118410025885,1785828112692064662
118460025886,1785828112741573131
118510025887,1785828112792166663
118560025888,1785828112841710148
118610025888,1785828112892038389
118660025889,1785828112941717724
118710025890,1785828112991654556
118760025891,1785828113041567649
118810025891,1785828113092099045
118860025892,1785828113141867039
118910025893,1785828113191921167
118960025894,1785828113242032362
119010025894,1785828113291762560
119060025895,1785828113341411951
119110025896,1785828113391691160
119160025897,1785828113441289965
119210025897,1785828113492038853
119260025898,1785828113541476493
119310025899,1785828113592081875
119360025900,1785828113642003328
119410025900,1785828113692118252
119460025901,1785828113742358282
119510025902,1785828113791700526
119560025903,1785828113842124908
119610025903,1785828113892170051
119660025904,1785828113941951730
119710025905,1785828113991942447
119760025906,1785828114042012543
119810025906,1785828114091994493
119860025907,1785828114141845478
119910025908,1785828114192033436
119960025909,1785828114242167150
120010025909,1785828114291970417
120060025910,1785828114341757221
120110025911,1785828114391441885
120160025912,1785828114441700733
120210025912,1785828114491705958
120260025913,1785828114541822894
120310025914,1785828114591252684
120360025915,1785828114641642478
120410025915,1785828114691612148
120460025916,1785828114741729537
120510025917,1785828114791745786
120560025918,1785828114841607212
120610025918,1785828114891919825
120660025919,1785828114941764884
120710025920,1785828114991855381
120760025920,1785828115041663721
120810025921,1785828115091584147
120860025922,1785828115141778006
120910025923,1785828115191402321
120960025923,1785828115241564222
121010025924,1785828115291615674
121060025925,1785828115341523155
121110025926,1785828115391149388
121160025926,1785828115441234522
121210025927,1785828115491805879
121260025928,1785828115541501895
121310025929,1785828115591021135
121360025929,1785828115641046050
121410025930,1785828115691668888
121460025931,1785828115741355177
121510025932,1785828115791626728
121560025932,1785828115841561405
121610025933,1785828115891872532
121660025934,1785828115941301765
121710025935,1785828115991696430
121760025935,1785828116042129093
121810025936,1785828116091864641
121860025937,1785828116141919057
121910025938,1785828116192100035
121960025938,1785828116241420748
122010025939,1785828116291822788
122060025940,1785828116341857797
122110025941,1785828116391760185
122160025941,1785828116442186253
122210025942,1785828116491532997
122260025943,1785828116541834154
122310025944,1785828116591701045
122360025944,1785828116642040991
122410025945,1785828116692146803
122460025946,1785828116742094723
122510025947,1785828116791212547
122560025947,1785828116841734505
122610025948,1785828116891432432
122660025949,1785828116941747697
122710025950,1785828116991611011
122760025950,1785828117041991103
122810025951,1785828117091694632
122860025952,1785828117142008432
122910025953,1785828117191618916
122960025953,1785828117241612221
123010025954,1785828117291503397
123060025955,1785828117341931150
123110025956,1785828117391389345
123160025956,1785828117441533294
123210025957,1785828117491294635
123260025958,1785828117541739138
123310025958,1785828117591590928
123360025959,1785828117641612952
123410025960,1785828117691854344
123460025961,1785828117742038216
123510025961,1785828117791671664
123560025962,1785828117842433814
123610025963,1785828117892231145
123660025964,1785828117941662520
123710025964,1785828117991515664
123760025965,1785828118041997577
123810025966,1785828118091749160
123860025967,1785828118141706971
123910025967,1785828118191771058
123960025968,1785828118241831907
124010025969,1785828118291366520
124060025970,1785828118341491252
124110025970,1785828118391886528
124160025971,1785828118441941692
124210025972,1785828118492703627
124260025973,1785828118541731979
124310025973,1785828118591022346
124360025974,1785828118641133093
124410025975,1785828118691294079
124460025976,1785828118741624243
124510025976,1785828118791875600
124560025977,1785828118841755969
124610025978,1785828118891597598
124660025979,1785828118941765955
124710025979,1785828118991707096
124760025980,1785828119041415524
124810025981,1785828119091452941
124860025982,1785828119141415642
124910025982,1785828119191750549
124960025983,1785828119241579446
125010025984,1785828119291495034
125060025985,1785828119341339921
125110025985,1785828119391397099
125160025986,1785828119441490855
125210025987,1785828119491658863
125260025988,1785828119541377504
125310025988,1785828119591835831
125360025989,1785828119641722358
125410025990,1785828119692057179
125460025991,1785828119741741457
125510025991,1785828119791964763
125560025992,1785828119841769389
125610025993,1785828119891880201
125660025994,1785828119941592755
125710025994,1785828119991662437
125760025995,1785828120041794336
125810025996,1785828120091845446
125860025996,1785828120141758271
125910025997,1785828120191708033
125960025998,1785828120240986725
126010025999,1785828120291975745
126060025999,1785828120340990273
126110026000,1785828120391377957
126160026001,1785828120441235491
126210026002,1785828120491148444
126260026002,1785828120542131520
126310026003,1785828120591621893
126360026004,1785828120641438403
126410026005,1785828120691642556
126460026005,1785828120741488349
126510026006,1785828120791720000
126560026007,1785828120841763570
126610026008,1785828120891957956
126660026008,1785828120941686155
126710026009,1785828120991671094
126760026010,1785828121041350990
126810026011,1785828121091768547
126860026011,1785828121141476026
126910026012,1785828121191455572
126960026013,1785828121241558122
127010026014,1785828121291767549
127060026014,1785828121341170783
127110026015,1785828121391190106
127160026016,1785828121441101986
127210026017,1785828121491778731
127260026017,1785828121541013103
127310026018,1785828121591100800
127360026019,1785828121641442854
127410026020,1785828121691740989
127460026020,1785828121741418502
127510026021,1785828121792072225
127560026022,1785828121841443952
127610026023,1785828121891882333
127660026023,1785828121941596959
127710026024,1785828121991896123
127760026025,1785828122041819258
127810026026,1785828122091585892
127860026026,1785828122141444407
127910026027,1785828122191492401
127960026028,1785828122241488540
128010026029,1785828122292174137
128060026029,1785828122341955402
128110026030,1785828122391170276
128160026031,1785828122441582127
128210026032,1785828122491695220
128260026032,1785828122541460670
128310026033,1785828122591789067
128360026034,1785828122641516298
128410026034,1785828122691554650
128460026035,1785828122741644376
128510026036,1785828122792250111
128560026037,1785828122841561063
128610026037,1785828122891548855
128660026038,1785828122941751283
128710026039,1785828122991521861
128760026040,1785828123041748950
128810026040,1785828123091425020
128860026041,1785828123141407877
128910026042,1785828123191628385
128960026043,1785828123241828357
129010026043,1785828123291695403
129060026044,1785828123341436740
129110026045,1785828123391541335
129160026046,1785828123441370176
129210026046,1785828123491833868
129260026047,1785828123541646347
129310026048,1785828123591551741
129360026049,1785828123641370098
129410026049,1785828123691488193
129460026050,1785828123741494842
129510026051,1785828123791710932
129560026052,1785828123841843269
129610026052,1785828123891816490
129660026053,1785828123941791287
129710026054,1785828123991671430
129760026055,1785828124041404120
129810026055,1785828124091971908
129860026056,1785828124141527914
129910026057,1785828124191710816
129960026058,1785828124241533494
130010026058,1785828124291435804
130060026059,1785828124341593962
130110026060,1785828124391303097
130160026061,1785828124441492480
130210026061,1785828124491593711
130260026062,1785828124541441588
130310026063,1785828124591013492
130360026064,1785828124641132500
130410026064,1785828124691719738
130460026065,1785828124741266956
130510026066,1785828124792035921
130560026067,1785828124841975148
130610026067,1785828124892047454
130660026068,1785828124942173408
130710026069,1785828124991435801
130760026070,1785828125041469178
130810026070,1785828125092102827
130860026071,1785828125142037184
130910026072,1785828125192050264
130960026072,1785828125241338790
131010026073,1785828125292119707
131060026074,1785828125341950912
131110026075,1785828125392050432
131160026075,1785828125442310036
131210026076,1785828125491749779
131260026077,1785828125541664745
131310026078,1785828125591425911
131360026078,1785828125641675709
131410026079,1785828125691651000
131460026080,1785828125741674596
131510026081,1785828125792026812
131560026081,1785828125842021013
131610026082,1785828125891977754
131660026083,1785828125941378453
131710026084,1785828125991564838
131760026084,1785828126041741652
131810026085,1785828126091928376
131860026086,1785828126141867251
131910026087,1785828126191839933
131960026087,1785828126241673792
132010026088,1785828126291329406
132060026089,1785828126342618416
132110026090,1785828126391763650
132160026090,1785828126441917498
132210026091,1785828126492228771
132260026092,1785828126542088426
132310026093,1785828126591586707
132360026093,1785828126641226404
132410026094,1785828126691757879
132460026095,1785828126741800985
132510026096,1785828126792019471
132560026096,1785828126841722534
132610026097,1785828126892004002
132660026098,1785828126942102302
132710026099,1785828126991814282
132760026099,1785828127041375280
132810026100,1785828127091739963
132860026101,1785828127142128921
132910026102,1785828127191833049
132960026102,1785828127241896059
133010026103,1785828127291873430
133060026104,1785828127341686192
133110026105,1785828127391867015
133160026105,1785828127441561561
133210026106,1785828127491698703
133260026107,1785828127541010505
133310026108,1785828127591309307
133360026108,1785828127640977103
133410026109,1785828127691569470
133460026110,1785828127741469037
133510026110,1785828127791468727
133560026111,1785828127841657137
133610026112,1785828127891631313
133660026113,1785828127941408783
133710026113,1785828127991966994
133760026114,1785828128041957713
133810026115,1785828128091850437
133860026116,1785828128141807189
133910026116,1785828128191363402
133960026117,1785828128240985093
134010026118,1785828128291093709
134060026119,1785828128340984834
134110026119,1785828128391378963
134160026120,1785828128441341081
134210026121,1785828128491615627
134260026122,1785828128541898670
134310026122,1785828128592098180
134360026123,1785828128641728324
134410026124,1785828128691556683
134460026125,1785828128741688595
134510026125,1785828128792005631
134560026126,1785828128842158081
134610026127,1785828128891897834
134660026128,1785828128941635481
134710026128,1785828128991793505
134760026129,1785828129041521482
134810026130,1785828129091421089
134860026131,1785828129141548805
134910026131,1785828129191668230
134960026132,1785828129241359996
135010026133,1785828129291797377
135060026134,1785828129341372022
135110026134,1785828129392020047
135160026135,1785828129441478125
135210026136,1785828129491571427
135260026137,1785828129541265424
135310026137,1785828129591585776
135360026138,1785828129641623789
135410026139,1785828129691967397
135460026140,1785828129741392080
135510026140,1785828129791954208
135560026141,1785828129841673964
135610026142,1785828129891684204
135660026143,1785828129941387207
135710026143,1785828129991480437
135760026144,1785828130041625571
135810026145,1785828130091465353
135860026146,1785828130141690559
135910026146,1785828130191745798
135960026147,1785828130241684832
136010026148,1785828130291176757
136060026148,1785828130341165249
136110026149,1785828130391222365
136160026150,1785828130441304438
136210026151,1785828130491479919
136260026151,1785828130541046860
136310026152,1785828130591126400
136360026153,1785828130641324717
136410026154,1785828130691581411
136460026154,1785828130741386975
136510026155,1785828130791338181
136560026156,1785828130841422108
136610026157,1785828130891461959
136660026157,1785828130941658475
136710026158,1785828130991475614
136760026159,1785828131041437237
136810026160,1785828131091907481
136860026160,1785828131141667928
136910026161,1785828131191677139
136960026162,1785828131241743770
137010026163,1785828131291563691
137060026163,1785828131341222824
137110026164,1785828131391216440
137160026165,1785828131441393887
137210026166,1785828131491523838
137260026166,1785828131541408767
137310026167,1785828131591500189
137360026168,1785828131641356044
137410026169,1785828131691704196
137460026169,1785828131741608509
137510026170,1785828131791147227
137560026171,1785828131841600850
137610026172,1785828131891825417
137660026172,1785828131941621334
137710026173,1785828131991634813
137760026174,1785828132041480726
137810026175,1785828132091386583
137860026175,1785828132141642853
137910026176,1785828132191389129
137960026177,1785828132241756027
138010026178,1785828132291841950
138060026178,1785828132341409591
138110026179,1785828132391556620
138160026180,1785828132441418130
138210026181,1785828132491595184
138260026181,1785828132541583383
138310026182,1785828132591617229
138360026183,1785828132641354600
138410026183,1785828132691518787
138460026184,1785828132741598211
138510026185,1785828132791471060
138560026186,1785828132841491576
138610026186,1785828132891573122
138660026187,1785828132941567916
138710026188,1785828132991419718
138760026189,1785828133041276272
138810026189,1785828133091379089
138860026190,1785828133141435775
138910026191,1785828133191610585
138960026192,1785828133241575350
139010026192,1785828133291622891
139060026193,1785828133341633106
139110026194,1785828133391141237
139160026195,1785828133441361125
139210026195,1785828133491734443
139260026196,1785828133540984453
139310026197,1785828133591019518
139360026198,1785828133641840479
139410026198,1785828133691796947
139460026199,1785828133742111960
139510026200,1785828133791911865
139560026201,1785828133841862073
139610026201,1785828133892071668
139660026202,1785828133941620906
139710026203,1785828133991755580
139760026204,1785828134041590926
139810026204,1785828134091447647
139860026205,1785828134141279678
139910026206,1785828134191748880
139960026207,1785828134241389846
140010026207,1785828134291439864
140060026208,1785828134341411177
140110026209,1785828134391824357
140160026210,1785828134441819424
140210026210,1785828134491666848
140260026211,1785828134541746968
140310026212,1785828134591683294
140360026213,1785828134641340179
140410026213,1785828134691835440
140460026214,1785828134741305696
140510026215,1785828134791691438
140560026216,1785828134841274321
140610026216,1785828134891913678
140660026217,1785828134941636600
140710026218,1785828134991753345
140760026219,1785828135041963377
140810026219,1785828135091962178
140860026220,1785828135142084007
140910026221,1785828135192138186
140960026221,1785828135241719673
141010026222,1785828135291781720
141060026223,1785828135341933384
141110026224,1785828135391526786
141160026224,1785828135441991008
141210026225,1785828135491789719
141260026226,1785828135542071784
141310026227,1785828135592337434
141360026227,1785828135641431340
141410026228,1785828135691796581
141460026229,1785828135741688373
141510026230,1785828135791991627
141560026230,1785828135841831858
141610026231,1785828135892598198
141660026232,1785828135942180703
141710026233,1785828135991690925
141760026233,1785828136041804322
141810026234,1785828136091715838
141860026235,1785828136141760621
141910026236,1785828136191791394
141960026236,1785828136240972252
142010026237,1785828136291377111
142060026238,1785828136340968678
142110026239,1785828136391143807
142160026239,1785828136441616672
142210026240,1785828136491526682
142260026241,1785828136541565880
142310026242,1785828136591423405
142360026242,1785828136641653942
142410026243,1785828136691869925
142460026244,1785828136742621974
142510026245,1785828136791984031
142560026245,1785828136841699867
142610026246,1785828136891469596
142660026247,1785828136942232240
142710026248,1785828136991540376
142760026248,1785828137041915809
142810026249,1785828137091838938
142860026250,1785828137141557110
142910026251,1785828137191734872
142960026251,1785828137241938825
143010026252,1785828137291322934
143060026253,1785828137341683436
143110026254,1785828137391473867
143160026254,1785828137441462480
143210026255,1785828137492050462
143260026256,1785828137541652362
143310026257,1785828137591437272
143360026257,1785828137641425295
143410026258,1785828137691822469
143460026259,1785828137741609422
143510026259,1785828137791623766
143560026260,1785828137841870742
143610026261,1785828137891838798
143660026262,1785828137941723219
143710026262,1785828137991610814
143760026263,1785828138041437585
143810026264,1785828138091386820
143860026265,1785828138141263993
143910026265,1785828138191417050
143960026266,1785828138241596027
144010026267,1785828138291585962
144060026268,1785828138341103020
144110026268,1785828138391150652
144160026269,1785828138441443102
144210026270,1785828138491127703
144260026271,1785828138541570350
144310026271,1785828138591416046
144360026272,1785828138641370804
144410026273,1785828138691600518
144460026274,1785828138741570859
144510026274,1785828138791407488
144560026275,1785828138841589675
144610026276,1785828138891766734
144660026277,1785828138941712378
144710026277,1785828138992077225
144760026278,1785828139041558873
144810026279,1785828139091643836
144860026280,1785828139141949433
144910026280,1785828139191653949
144960026281,1785828139241627070
145010026282,1785828139291595499
145060026283,1785828139341347235
145110026283,1785828139391941109
145160026284,1785828139441665822
145210026285,1785828139491724830
145260026286,1785828139541321786
145310026286,1785828139591021810
145360026287,1785828139641005821
145410026288,1785828139691583828
145460026289,1785828139741664095
145510026289,1785828139791380771
145560026290,1785828139841742557
145610026291,1785828139891559154
145660026292,1785828139941518701
145710026292,1785828139991595435
145760026293,1785828140041471868
145810026294,1785828140091439929
145860026295,1785828140141605727
145910026295,1785828140191456784
145960026296,1785828140241798051
146010026297,1785828140292107433
146060026297,1785828140341918482
146110026298,1785828140391631499
146160026299,1785828140441298373
146210026300,1785828140491289753
146260026300,1785828140541530628
146310026301,1785828140591766283
146360026302,1785828140641735772
146410026303,1785828140691793994
146460026303,1785828140741662624
146510026304,1785828140791604511
146560026305,1785828140841451198
146610026306,1785828140891490392
146660026306,1785828140941637619
146710026307,1785828140991460571
146760026308,1785828141041363205
146810026309,1785828141091878065
146860026309,1785828141141438100
146910026310,1785828141191498368
146960026311,1785828141241445129
147010026312,1785828141291764394
147060026312,1785828141341540479
147110026313,1785828141391625673
147160026314,1785828141441639504
147210026315,1785828141491594032
147260026315,1785828141541446585
147310026316,1785828141591487616
147360026317,1785828141641668045
147410026318,1785828141692358989
147460026318,1785828141741429940
147510026319,1785828141791438117
147560026320,1785828141841876094
147610026321,1785828141891498563
147660026321,1785828141941592771
147710026322,1785828141991672733
147760026323,1785828142042016844
147810026324,1785828142091885790
147860026324,1785828142141807255
147910026325,1785828142191784477
147960026326,1785828142241710071
148010026327,1785828142291332845
148060026327,1785828142341286619
148110026328,1785828142391582662
148160026329,1785828142441702199
148210026330,1785828142491286713
148260026330,1785828142541966777
148310026331,1785828142591155129
148360026332,1785828142640977996
148410026333,1785828142692026823
148460026333,1785828142741148910
148510026334,1785828142792105467
148560026335,1785828142841746978
148610026335,1785828142891712800
148660026336,1785828142942071671
148710026337,1785828142991496599
148760026338,1785828143041993909
148810026338,1785828143092184985
148860026339,1785828143142068630
148910026340,1785828143192686305
148960026341,1785828143242061308
149010026341,1785828143292169880
149060026342,1785828143341630324
149110026343,1785828143391719409
149160026344,1785828143441664573
149210026344,1785828143491703183
149260026345,1785828143541621803
149310026346,1785828143591673870
149360026347,1785828143641741481
149410026347,1785828143691496851
149460026348,1785828143741252175
149510026349,1785828143791801884
149560026350,1785828143841718020
149610026350,1785828143891759468
149660026351,1785828143941653233
149710026352,1785828143991694765
149760026353,1785828144041695293
149810026353,1785828144092000193
149860026354,1785828144141649295
149910026355,1785828144192133816
149960026356,1785828144240966496
150010026356,1785828144291293505
150060026357,1785828144340963189
150110026358,1785828144391331484
150160026359,1785828144441761204
150210026359,1785828144491313351
150260026360,1785828144541409548
150310026361,1785828144591565689
150360026362,1785828144641640178
150410026362,1785828144691540760
150460026363,1785828144741393330
150510026364,1785828144791900165
150560026365,1785828144841770158
150610026365,1785828144891853389
150660026366,1785828144941568214
150710026367,1785828144991818369
150760026368,1785828145041745216
150810026368,1785828145091484157
150860026369,1785828145141324667
150910026370,1785828145191760134
150960026371,1785828145241593300
151010026371,1785828145291580738
151060026372,1785828145341894560
151110026373,1785828145391691371
151160026373,1785828145441901622
151210026374,1785828145491400375
151260026375,1785828145542236402
151310026376,1785828145591104936
151360026376,1785828145640974223
151410026377,1785828145691392363
151460026378,1785828145741473256
151510026379,1785828145791292340
151560026379,1785828145841460852
151610026380,1785828145891687863
151660026381,1785828145941512468
151710026382,1785828145991477972
151760026382,1785828146041450317
151810026383,1785828146091496625
151860026384,1785828146141647467
151910026385,1785828146191312756
151960026385,1785828146241357959
152010026386,1785828146291587692
152060026387,1785828146341179532
152110026388,1785828146391151905
152160026388,1785828146441646441
152210026389,1785828146491065022
152260026390,1785828146541358050
152310026391,1785828146591604260
152360026391,1785828146641713293
152410026392,1785828146691653867
152460026393,1785828146741424967
152510026394,1785828146791691567
152560026394,1785828146841533399
152610026395,1785828146891937557
152660026396,1785828146941736610
152710026397,1785828146991653812
152760026397,1785828147041191257
152810026398,1785828147091175507
152860026399,1785828147141312974
152910026400,1785828147191725656
152960026400,1785828147241764634
153010026401,1785828147291636017
153060026402,1785828147341453936
153110026403,1785828147391193454
153160026403,1785828147441619336
153210026404,1785828147491903006
153260026405,1785828147541686365
153310026406,1785828147591509609
153360026406,1785828147641529281
153410026407,1785828147691460762
153460026408,1785828147741644778
153510026409,1785828147791679509
153560026409,1785828147841386115
153610026410,1785828147891666884
153660026411,1785828147941458458
153710026411,1785828147991405567
153760026412,1785828148041468028
153810026413,1785828148091245664
153860026414,1785828148142003311
153910026414,1785828148191598931
153960026415,1785828148241691215
154010026416,1785828148291395644
154060026417,1785828148341717332
154110026417,1785828148391201171
154160026418,1785828148441952689
154210026419,1785828148491827770
154260026420,1785828148540966320
154310026420,1785828148591043599
154360026421,1785828148641035880
154410026422,1785828148691856880
154460026423,1785828148742120505
154510026423,1785828148791831088
154560026424,1785828148841730088
154610026425,1785828148891529581
154660026426,1785828148941987308
154710026426,1785828148992127996
154760026427,1785828149041425735
154810026428,1785828149092204135
154860026429,1785828149141294698
154910026429,1785828149191458342
154960026430,1785828149241527092
155010026431,1785828149291402635
155060026432,1785828149341259320
155110026432,1785828149391205439
155160026433,1785828149441715187
155210026434,1785828149491703955
155260026435,1785828149542053525
155310026435,1785828149592126853
155360026436,1785828149641811679
155410026437,1785828149692215248
155460026438,1785828149741959885
155510026438,1785828149791676773
155560026439,1785828149841612162
155610026440,1785828149891657844
155660026441,1785828149941694293
155710026441,1785828149992052450
155760026442,1785828150041717082
155810026443,1785828150091724098
155860026444,1785828150141562322
155910026444,1785828150191767039
155960026445,1785828150241834077
156010026446,1785828150291669157
156060026447,1785828150341537092
156110026447,1785828150391170107
156160026448,1785828150442298994
156210026449,1785828150491447865
156260026449,1785828150541815157
156310026450,1785828150591887660
156360026451,1785828150641138584
156410026452,1785828150691496125
156460026452,1785828150741399857
156510026453,1785828150791460190
156560026454,1785828150841279954
156610026455,1785828150891393013
156660026455,1785828150941533240
156710026456,1785828150991366302
156760026457,1785828151041649993
156810026458,1785828151091370506
156860026458,1785828151141388518
156910026459,1785828151191427268
156960026460,1785828151241435183
157010026461,1785828151291811039
157060026461,1785828151341525974
157110026462,1785828151391179303
157160026463,1785828151441811862
157210026464,1785828151491646140
157260026464,1785828151541270029
157310026465,1785828151591699884
157360026466,1785828151641156071
157410026467,1785828151691588223
157460026467,1785828151741734577
157510026468,1785828151791542613
157560026469,1785828151841475839
157610026470,1785828151891763932
157660026470,1785828151941149711
157710026471,1785828151992009541
157760026472,1785828152041134342
157810026473,1785828152091149211
157860026473,1785828152142395381
157910026474,1785828152191754585
157960026475,1785828152241783459
158010026476,1785828152291310291
158060026476,1785828152340952292
158110026477,1785828152390949119
158160026478,1785828152441990784
158210026479,1785828152491680233
158260026479,1785828152541443587
158310026480,1785828152591276061
158360026481,1785828152641420671
158410026482,1785828152691619151
158460026482,1785828152741769062
158510026483,1785828152791506614
158560026484,1785828152841377405
158610026485,1785828152891654037
158660026485,1785828152941479100
158710026486,1785828152991372968
158760026487,1785828153041382828
158810026487,1785828153092093749
158860026488,1785828153141724349
158910026489,1785828153191439219
158960026490,1785828153241503740
159010026490,1785828153291639721
159060026491,1785828153341399981
159110026492,1785828153391151287
159160026493,1785828153441327175
159210026493,1785828153492229871
159260026494,1785828153541859726
159310026495,1785828153591458547
159360026496,1785828153641539067
159410026496,1785828153691456298
159460026497,1785828153741828011
159510026498,1785828153791697335
159560026499,1785828153841650141
159610026499,1785828153891699461
159660026500,1785828153941579641
159710026501,1785828153991460148
159760026502,1785828154041790463
159810026502,1785828154091384240
159860026503,1785828154141587525
159910026504,1785828154191583269
159960026505,1785828154241581940
160010026505,1785828154291730512
160060026506,1785828154341700244
160110026507,1785828154391516741
160160026508,1785828154441425687
160210026508,1785828154491587987
160260026509,1785828154540981581
160310026510,1785828154591078504
160360026511,1785828154642056557
160410026511,1785828154691505625
160460026512,1785828154741532341
160510026513,1785828154791425615
160560026514,1785828154841276264
160610026514,1785828154891472975
160660026515,1785828154941530189
160710026516,1785828154992107386
160760026517,1785828155041677911
160810026517,1785828155091939635
160860026518,1785828155141621962
160910026519,1785828155191774354
160960026520,1785828155241447115
161010026520,1785828155291435974
161060026521,1785828155341619443
161110026522,1785828155391264243
161160026523,1785828155441273313
161210026523,1785828155491505904
161260026524,1785828155541672137
161310026525,1785828155591428538
161360026525,1785828155641376988
161410026526,1785828155691625625
161460026527,1785828155741844793
161510026528,1785828155791468306
161560026528,1785828155841563928
161610026529,1785828155891637456
161660026530,1785828155941992590
161710026531,1785828155991558929
161760026531,1785828156042022190
161810026532,1785828156091934554
161860026533,1785828156141419142
161910026534,1785828156192067882
161960026534,1785828156241785583
162010026535,1785828156291670455
162060026536,1785828156341216111
162110026537,1785828156391234083
162160026537,1785828156441676263
162210026538,1785828156491884425
162260026539,1785828156541733939
162310026540,1785828156592128128
162360026540,1785828156641212145
162410026541,1785828156691463459
162460026542,1785828156742007411
162510026543,1785828156791605714
162560026543,1785828156841583223
162610026544,1785828156891600807
162660026545,1785828156941207916
162710026546,1785828156991521863
162760026546,1785828157041684350
162810026547,1785828157091424121
162860026548,1785828157141556728
162910026549,1785828157191493023
162960026549,1785828157241673457
163010026550,1785828157291403607
163060026551,1785828157341467985
163110026552,1785828157391292308
163160026552,1785828157441427588
163210026553,1785828157491397557
163260026554,1785828157540968013
163310026555,1785828157591020140
163360026555,1785828157641313905
163410026556,1785828157691554654
163460026557,1785828157741302556
163510026558,1785828157791348188
163560026558,1785828157841551134
163610026559,1785828157891643752
163660026560,1785828157941784942
163710026560,1785828157991392915
163760026561,1785828158041273566
163810026562,1785828158091594151
163860026563,1785828158141635404
163910026563,1785828158191384344
163960026564,1785828158241850683
164010026565,1785828158291621258
164060026566,1785828158341151556
164110026566,1785828158391851879
164160026567,1785828158441114085
164210026568,1785828158491118408
164260026569,1785828158541681773
164310026569,1785828158591807461
164360026570,1785828158641640638
164410026571,1785828158692375602
164460026572,1785828158741381362
164510026572,1785828158791213241
164560026573,1785828158841600842
164610026574,1785828158891497116
164660026575,1785828158941727909
164710026575,1785828158991351613
164760026576,1785828159041588540
164810026577,1785828159091739790
164860026578,1785828159141986451
164910026578,1785828159192092109
164960026579,1785828159241386462
165010026580,1785828159292128641
165060026581,1785828159341785044
165110026581,1785828159391708351
165160026582,1785828159441770687
165210026583,1785828159491793786
165260026584,1785828159541154228
165310026584,1785828159591532393
165360026585,1785828159641566449
165410026586,1785828159691851658
165460026587,1785828159741601616
165510026587,1785828159791657529
165560026588,1785828159841694015
165610026589,1785828159891878803
165660026590,1785828159941644536
165710026590,1785828159991692647
165760026591,1785828160041650358
165810026592,1785828160091367669
165860026593,1785828160141310520
165910026593,1785828160191178922
165960026594,1785828160240957124
166010026595,1785828160291537380
166060026596,1785828160341098067
166110026596,1785828160391118965
166160026597,1785828160442188974
166210026598,1785828160491213251
166260026598,1785828160541512178
166310026599,1785828160591133633
166360026600,1785828160641019924
166410026601,1785828160691906047
166460026601,1785828160741723804
166510026602,1785828160791961100
166560026603,1785828160841610527
166610026604,1785828160891380786
166660026604,1785828160942099026
166710026605,1785828160991839236
166760026606,1785828161041861419
166810026607,1785828161091734439
166860026607,1785828161141876808
166910026608,1785828161191811699
166960026609,1785828161241964244
167010026610,1785828161291788452
167060026610,1785828161341870204
167110026611,1785828161391987932
167160026612,1785828161441953585
167210026613,1785828161492192594
167260026613,1785828161541860533
167310026614,1785828161591610915
167360026615,1785828161641906428
167410026616,1785828161691656778
167460026616,1785828161741663945
167510026617,1785828161791766656
167560026618,1785828161841822970
167610026619,1785828161891721204
167660026619,1785828161941363316
167710026620,1785828161991499332
167760026621,1785828162041112784
167810026622,1785828162091359370
167860026622,1785828162141713120
167910026623,1785828162191749996
167960026624,1785828162241420343
168010026625,1785828162292390105
168060026625,1785828162341123910
168110026626,1785828162391964548
168160026627,1785828162441174514
168210026628,1785828162491430125
168260026628,1785828162541321863
168310026629,1785828162591391890
168360026630,1785828162641336347
168410026631,1785828162691849310
168460026631,1785828162741721160
168510026632,1785828162791586886
168560026633,1785828162841195564
168610026634,1785828162891556002
168660026634,1785828162941387625
168710026635,1785828162991656324
168760026636,1785828163041615869
168810026636,1785828163091413632
168860026637,1785828163141431395
168910026638,1785828163191727663
168960026639,1785828163241579339
169010026639,1785828163291529880
169060026640,1785828163341134733
169110026641,1785828163391575992
169160026642,1785828163441315947
169210026642,1785828163491695891
169260026643,1785828163540946444
169310026644,1785828163591004824
169360026645,1785828163640952771
169410026645,1785828163692145438
169460026646,1785828163741341631
169510026647,1785828163791749314
169560026648,1785828163841358947
169610026648,1785828163891725181
169660026649,1785828163941805851
169710026650,1785828163991706111
169760026651,1785828164041466359
169810026651,1785828164091727847
169860026652,1785828164141567749
169910026653,1785828164191690465
169960026654,1785828164241468207
170010026654,1785828164291532567
170060026655,1785828164341579351
170110026656,1785828164391430970
170160026657,1785828164441206453
170210026657,1785828164491800557
170260026658,1785828164541785697
170310026659,1785828164591380614
170360026660,1785828164641985776
170410026660,1785828164691954126
170460026661,1785828164742080677
170510026662,1785828164791715581
170560026663,1785828164841650801
170610026663,1785828164891964412
170660026664,1785828164941570127
170710026665,1785828164991413163
170760026666,1785828165041668494
170810026666,1785828165091766387
170860026667,1785828165141460948
170910026668,1785828165192013223
170960026669,1785828165241665856
171010026669,1785828165291399711
171060026670,1785828165341601250
171110026671,1785828165391203668
171160026672,1785828165441421731
171210026672,1785828165491562214
171260026673,1785828165541366474
171310026674,1785828165591332551
171360026674,1785828165641245918
171410026675,1785828165691786424
171460026676,1785828165741609926
171510026677,1785828165791338761
171560026677,1785828165841349937
171610026678,1785828165891823206
171660026679,1785828165941630938
171710026680,1785828165991499958
171760026680,1785828166041827662
171810026681,1785828166091832674
171860026682,1785828166141448127
171910026683,1785828166192083054
171960026683,1785828166241845860
172010026684,1785828166292158996
172060026685,1785828166341372410
172110026686,1785828166391456243
172160026686,1785828166441149553
172210026687,1785828166491899233
172260026688,1785828166541486784
172310026689,1785828166591556891
172360026689,1785828166640947175
172410026690,1785828166691442909
172460026691,1785828166741409291
172510026692,1785828166791610852
172560026692,1785828166841454306
172610026693,1785828166891715933
172660026694,1785828166941290503
172710026695,1785828166991755502
172760026695,1785828167041783545
172810026696,1785828167092032570
172860026697,1785828167141483712
172910026698,1785828167191336557
172960026698,1785828167241357459
173010026699,1785828167291058008
173060026700,1785828167341523480
173110026701,1785828167391525246
173160026701,1785828167441648559
173210026702,1785828167491613405
173260026703,1785828167541552078
173310026704,1785828167591355972
173360026704,1785828167641552136
173410026705,1785828167692093228
173460026706,1785828167741940451
173510026707,1785828167791796442
173560026707,1785828167841587343
173610026708,1785828167891543824
173660026709,1785828167941863304
173710026710,1785828167991515171
173760026710,1785828168042001530
173810026711,1785828168091585617
173860026712,1785828168141767546
173910026712,1785828168191876946
173960026713,1785828168240963527
174010026714,1785828168291262408
174060026715,1785828168340952109
174110026715,1785828168390942431
174160026716,1785828168441582818
174210026717,1785828168490961105
174260026718,1785828168541875411
174310026718,1785828168592012650
174360026719,1785828168641804568
174410026720,1785828168692031926
174460026721,1785828168741991692
174510026721,1785828168791900152
174560026722,1785828168841938606
174610026723,1785828168891972229
174660026724,1785828168941756770
174710026724,1785828168991384636
174760026725,1785828169041550390
174810026726,1785828169091636929
174860026727,1785828169141500625
174910026727,1785828169191830580
174960026728,1785828169241371342
175010026729,1785828169291743414
175060026730,1785828169342071429
175110026730,1785828169391624106
175160026731,1785828169441582273
175210026732,1785828169491439877
175260026733,1785828169541001429
175310026733,1785828169591539942
175360026734,1785828169641315982
175410026735,1785828169691623266
175460026736,1785828169741377366
175510026736,1785828169791752033
175560026737,1785828169841956608
175610026738,1785828169891460413
175660026739,1785828169941807224
175710026739,1785828169991648769
175760026740,1785828170041550825
175810026741,1785828170091622423
175860026742,1785828170142013578
175910026742,1785828170191615301
175960026743,1785828170241669062
176010026744,1785828170292303437
176060026745,1785828170341604096
176110026745,1785828170391455229
176160026746,1785828170441483007
176210026747,1785828170491285741
176260026748,1785828170541067364
176310026748,1785828170591391963
176360026749,1785828170641819837
176410026750,1785828170691855549
176460026750,1785828170742006921
176510026751,1785828170791877007
176560026752,1785828170841963608
176610026753,1785828170891965900
176660026753,1785828170942038160
176710026754,1785828170992075243
176760026755,1785828171041670277
176810026756,1785828171092090573
176860026756,1785828171142099591
176910026757,1785828171191760799
176960026758,1785828171242080644
177010026759,1785828171291426856
177060026759,1785828171341686235
177110026760,1785828171391637540
177160026761,1785828171441411686
177210026762,1785828171491992692
177260026762,1785828171541777423
177310026763,1785828171591798960
177360026764,1785828171641240143
177410026765,1785828171691663536
177460026765,1785828171741616619
177510026766,1785828171791870027
177560026767,1785828171841730360
177610026768,1785828171892037687
177660026768,1785828171941962387
177710026769,1785828171992009856
177760026770,1785828172041750100
177810026771,1785828172092481905
177860026771,1785828172141705596
177910026772,1785828172191850707
177960026773,1785828172242057616
178010026774,1785828172291929349
178060026774,1785828172341955343
178110026775,1785828172391817181
178160026776,1785828172441382756
178210026777,1785828172491297082
178260026777,1785828172541413366
178310026778,1785828172591226316
178360026779,1785828172640948062
178410026780,1785828172691968526
178460026780,1785828172741744379
178510026781,1785828172792007053
178560026782,1785828172841246676
178610026783,1785828172891679546
178660026783,1785828172941552129
178710026784,1785828172991647543
178760026785,1785828173042530703
178810026786,1785828173091957796
178860026786,1785828173141861152
178910026787,1785828173192103755
178960026788,1785828173241972480
179010026788,1785828173292017367
179060026789,1785828173341997051
179110026790,1785828173391203804
179160026791,1785828173441080279
179210026791,1785828173491974763
179260026792,1785828173541737392
179310026793,1785828173591268909
179360026794,1785828173641336319
179410026794,1785828173691879335
179460026795,1785828173741580971
179510026796,1785828173791564039
179560026797,1785828173841543630
179610026797,1785828173891495093
179660026798,1785828173941499780
179710026799,1785828173991888330
179760026800,1785828174041864509
179810026800,1785828174091608152
179860026801,1785828174141185637
179910026802,1785828174191840207
179960026803,1785828174241401378
180010026803,1785828174291618736
180060026804,1785828174341704169
180110026805,1785828174391145383
180160026806,1785828174441319479
180210026806,1785828174491305698
180260026807,1785828174541719808
180310026808,1785828174591869701
180360026809,1785828174642011747
180410026809,1785828174691864736
180460026810,1785828174741803840
180510026811,1785828174792114427
180560026812,1785828174841334421
180610026812,1785828174891507775
180660026813,1785828174941749700
180710026814,1785828174991732626
180760026815,1785828175041948095
180810026815,1785828175091735002
180860026816,1785828175141691551
180910026817,1785828175191725978
180960026818,1785828175241287029
181010026818,1785828175291623723
181060026819,1785828175341572946
181110026820,1785828175391511402
181160026821,1785828175441913698
181210026821,1785828175491961890
181260026822,1785828175540943933
181310026823,1785828175591038130
181360026824,1785828175640943675
181410026824,1785828175692011860
181460026825,1785828175741631460
181510026826,1785828175791917465
181560026826,1785828175841625730
181610026827,1785828175891972827
181660026828,1785828175941934026
181710026829,1785828175992390132
181760026829,1785828176041922650
181810026830,1785828176091511308
181860026831,1785828176141303461
181910026832,1785828176191415360
181960026832,1785828176240965162
182010026833,1785828176291521919
182060026834,1785828176340939186
182110026835,1785828176390933136
182160026835,1785828176441719176
182210026836,1785828176491819995
182260026837,1785828176541113444
182310026838,1785828176591971484
182360026838,1785828176641600626
182410026839,1785828176691502421
182460026840,1785828176741586510
182510026841,1785828176791753232
182560026841,1785828176841956053
182610026842,1785828176892034654
182660026843,1785828176941710190
182710026844,1785828176991742953
182760026844,1785828177041658375
182810026845,1785828177091654045
182860026846,1785828177141505972
182910026847,1785828177191922100
182960026847,1785828177241651725
183010026848,1785828177291723175
183060026849,1785828177341404874
183110026850,1785828177391763878
183160026850,1785828177441376606
183210026851,1785828177491406607
183260026852,1785828177540998014
183310026853,1785828177591157565
183360026853,1785828177641392006
183410026854,1785828177691383018
183460026855,1785828177741236999
183510026856,1785828177791600633
183560026856,1785828177841090105
183610026857,1785828177891251856
183660026858,1785828177941561879
183710026859,1785828177991331483
183760026859,1785828178041397162
183810026860,1785828178092160667
183860026861,1785828178141396348
183910026862,1785828178191674179
183960026862,1785828178241853627
184010026863,1785828178291698661
184060026864,1785828178341141994
184110026864,1785828178391097427
184160026865,1785828178441783003
184210026866,1785828178491269036
184260026867,1785828178540971663
184310026867,1785828178591257702
184360026868,1785828178641625734
184410026869,1785828178691393734
184460026870,1785828178741196058
184510026870,1785828178791538743
184560026871,1785828178841562119
184610026872,1785828178891483118
184660026873,1785828178942070416
184710026873,1785828178992039925
184760026874,1785828179041899148
184810026875,1785828179091882283
184860026876,1785828179141553848
184910026876,1785828179191865171
184960026877,1785828179241394159
185010026878,1785828179291500493
185060026879,1785828179342104544
185110026879,1785828179391305900
185160026880,1785828179441976280
185210026881,1785828179492148323
185260026882,1785828179541972570
185310026882,1785828179591292458
185360026883,1785828179641179158
185410026884,1785828179691808555
185460026885,1785828179741419406
185510026885,1785828179791707675
185560026886,1785828179841886424
185610026887,1785828179891957612
185660026888,1785828179941452400
185710026888,1785828179991215595
185760026889,1785828180041175757
185810026890,1785828180091457816
185860026891,1785828180141750672
185910026891,1785828180191583918
185960026892,1785828180241766771
186010026893,1785828180291974736
186060026894,1785828180341869269
186110026894,1785828180392043264
186160026895,1785828180441521156
186210026896,1785828180491583169
186260026897,1785828180541396640
186310026897,1785828180591515483
186360026898,1785828180641341165
186410026899,1785828180691844564
186460026900,1785828180741390072
186510026900,1785828180791728573
186560026901,1785828180841433031
186610026902,1785828180891500490
186660026902,1785828180941644174
186710026903,1785828180991948860
186760026904,1785828181041387943
186810026905,1785828181091521748
186860026905,1785828181142246758
186910026906,1785828181191691146
186960026907,1785828181241377181
187010026908,1785828181292194476
187060026908,1785828181342601013
187110026909,1785828181391531788
187160026910,1785828181441272501
187210026911,1785828181491614284
