topic,header_stamp_ns,arrival_system_ns,arrival_steady_ns,clock_ns,size_bytes
/localization/kinematic_state,22094675602,1785852758826168392,78001595278558,-1,0
/sensing/lidar/top/pointcloud_raw_ex,22094675602,1785852758830816590,78001599926415,-1,240696
/localization/pose_estimator/pose_with_covariance,22094675602,1785852758833154306,78001602264178,-1,0
/localization/kinematic_state,22144675603,1785852758875841378,78001644951498,-1,0
/localization/kinematic_state,22194675603,1785852758925533246,78001694643216,-1,0
/control/command/control_cmd,22194675603,1785852758925541743,78001694651352,-1,80
/sensing/lidar/top/pointcloud_raw_ex,22194675603,1785852758932227223,78001701337462,-1,242104
/localization/pose_estimator/pose_with_covariance,22194675603,1785852758934717180,78001703827098,-1,0
/control/command/control_cmd,22244675604,1785852758975089829,78001744200165,-1,80
/localization/kinematic_state,22244675604,1785852758976033375,78001745143140,-1,0
/localization/kinematic_state,22294675605,1785852759025200233,78001794310182,-1,0
/sensing/lidar/top/pointcloud_raw_ex,22294675605,1785852759030418932,78001799528833,-1,242680
/localization/pose_estimator/pose_with_covariance,22294675605,1785852759033182928,78001802292707,-1,0
/localization/kinematic_state,22344675606,1785852759076060295,78001845170245,22344675606,0
/localization/kinematic_state,22394675606,1785852759125837500,78001894947411,22394675606,0
/sensing/lidar/top/pointcloud_raw_ex,22394675606,1785852759130515333,78001899625362,22394675606,245176
/localization/pose_estimator/pose_with_covariance,22394675606,1785852759133234045,78001902343868,22394675606,0
/localization/kinematic_state,22444675607,1785852759175628002,78001944737914,22444675607,0
/localization/kinematic_state,22494675608,1785852759225717218,78001994826981,22494675608,0
/sensing/lidar/top/pointcloud_raw_ex,22494675608,1785852759230872399,78001999982619,22494675608,242744
/localization/pose_estimator/pose_with_covariance,22494675608,1785852759233585538,78002002695358,22494675608,0
/localization/kinematic_state,22544675609,1785852759275758347,78002044868219,22544675609,0
/localization/kinematic_state,22594675609,1785852759325601284,78002094711179,22594675609,0
/sensing/lidar/top/pointcloud_raw_ex,22594675609,1785852759330849495,78002099959578,22594675609,245528
/localization/pose_estimator/pose_with_covariance,22594675609,1785852759333810780,78002102920570,22594675609,0
/localization/kinematic_state,22644675610,1785852759375903744,78002145013486,22644675610,0
/localization/kinematic_state,22694675611,1785852759426224442,78002195334330,22694675611,0
/sensing/lidar/top/pointcloud_raw_ex,22694675611,1785852759431374231,78002200484047,22694675611,238808
/localization/pose_estimator/pose_with_covariance,22694675611,1785852759433993524,78002203103367,22694675611,0
/localization/kinematic_state,22744675612,1785852759476461764,78002245571756,22744675612,0
/localization/kinematic_state,22794675612,1785852759525962268,78002295072143,22794675612,0
/sensing/lidar/top/pointcloud_raw_ex,22794675612,1785852759530804008,78002299913756,22794675612,244792
/localization/pose_estimator/pose_with_covariance,22794675612,1785852759533293208,78002302403051,22794675612,0
/localization/kinematic_state,22844675613,1785852759576708070,78002345817989,22844675613,0
/localization/kinematic_state,22894675614,1785852759625543597,78002394653466,22894675614,0
/sensing/lidar/top/pointcloud_raw_ex,22894675614,1785852759631158207,78002400268015,22894675614,245208
/localization/pose_estimator/pose_with_covariance,22894675614,1785852759634617473,78002403727243,22894675614,0
/localization/kinematic_state,22944675615,1785852759676040330,78002445150280,22944675615,0
/localization/kinematic_state,22994675615,1785852759725752498,78002494862285,22994675615,0
/sensing/lidar/top/pointcloud_raw_ex,22994675615,1785852759730986538,78002500096353,22994675615,238232
/localization/pose_estimator/pose_with_covariance,22994675615,1785852759733794925,78002502904698,22994675615,0
/localization/kinematic_state,23044675616,1785852759775775412,78002544885233,23044675616,0
/localization/kinematic_state,23094675617,1785852759826003270,78002595113105,23094675617,0
/sensing/lidar/top/pointcloud_raw_ex,23094675617,1785852759830800025,78002599909821,23094675617,238328
/localization/pose_estimator/pose_with_covariance,23094675617,1785852759833684613,78002602794361,23094675617,0
/localization/kinematic_state,23144675618,1785852759876004726,78002645114628,23144675618,0
/control/command/control_cmd,23194675618,1785852759925637874,78002694747774,23194675618,80
/localization/kinematic_state,23194675618,1785852759926175421,78002695285217,23194675618,0
/sensing/lidar/top/pointcloud_raw_ex,23194675618,1785852759933369457,78002702479501,23194675618,239544
/localization/pose_estimator/pose_with_covariance,23194675618,1785852759935904765,78002705014597,23194675618,0
/control/command/control_cmd,23244675619,1785852759974976302,78002744086217,23244675619,80
/localization/kinematic_state,23244675619,1785852759975877864,78002744987706,23244675619,0
/localization/kinematic_state,23294675620,1785852760025914689,78002795024451,23294675620,0
/sensing/lidar/top/pointcloud_raw_ex,23294675620,1785852760031715443,78002800825360,23294675620,243768
/localization/pose_estimator/pose_with_covariance,23294675620,1785852760034698711,78002803808524,23294675620,0
/localization/kinematic_state,23344675621,1785852760075826228,78002844935960,23344675621,0
/localization/kinematic_state,23394675621,1785852760126291696,78002895401452,23394675621,0
/sensing/lidar/top/pointcloud_raw_ex,23394675621,1785852760131331506,78002900441806,23394675621,241784
/localization/pose_estimator/pose_with_covariance,23394675621,1785852760134394919,78002903504688,23394675621,0
/localization/kinematic_state,23444675622,1785852760176479910,78002945589844,23444675622,0
/localization/kinematic_state,23494675623,1785852760225683105,78002994792932,23494675623,0
/sensing/lidar/top/pointcloud_raw_ex,23494675623,1785852760231075205,78003000185088,23494675623,239608
/localization/pose_estimator/pose_with_covariance,23494675623,1785852760233746375,78003002856129,23494675623,0
/localization/kinematic_state,23544675624,1785852760276036108,78003045146124,23544675624,0
/localization/kinematic_state,23594675624,1785852760325862056,78003094971915,23594675624,0
/sensing/lidar/top/pointcloud_raw_ex,23594675624,1785852760331306645,78003100416564,23594675624,241144
/localization/pose_estimator/pose_with_covariance,23594675624,1785852760334051372,78003103161161,23594675624,0
/localization/kinematic_state,23644675625,1785852760377127103,78003146237174,23644675625,0
/localization/kinematic_state,23694675626,1785852760428564742,78003197674441,23694675626,0
/sensing/lidar/top/pointcloud_raw_ex,23694675626,1785852760431337570,78003200447385,23694675626,239864
/localization/pose_estimator/pose_with_covariance,23694675626,1785852760434587242,78003203697138,23694675626,0
/localization/kinematic_state,23744675627,1785852760476532033,78003245641929,23744675627,0
/localization/kinematic_state,23794675627,1785852760526954446,78003296064449,23794675627,0
/sensing/lidar/top/pointcloud_raw_ex,23794675627,1785852760531345098,78003300454805,23794675627,243640
/localization/pose_estimator/pose_with_covariance,23794675627,1785852760533970813,78003303080664,23794675627,0
/localization/kinematic_state,23844675628,1785852760576180334,78003345290198,23844675628,0
/localization/kinematic_state,23894675629,1785852760626268143,78003395377922,23894675629,0
/sensing/lidar/top/pointcloud_raw_ex,23894675629,1785852760634476060,78003403586195,23894675629,240600
/localization/pose_estimator/pose_with_covariance,23894675629,1785852760637413211,78003406522869,23894675629,0
/localization/kinematic_state,23944675630,1785852760675958188,78003445067929,23944675630,0
/localization/kinematic_state,23994675630,1785852760725866849,78003494976588,23994675630,0
/sensing/lidar/top/pointcloud_raw_ex,23994675630,1785852760730982724,78003500092745,23994675630,245688
/localization/pose_estimator/pose_with_covariance,23994675630,1785852760733814961,78003502924711,23994675630,0
/localization/kinematic_state,24044675631,1785852760776113429,78003545223447,24044675631,0
/localization/kinematic_state,24094675632,1785852760825691753,78003594801737,24094675632,0
/sensing/lidar/top/pointcloud_raw_ex,24094675632,1785852760830301737,78003599411553,24094675632,242104
/localization/pose_estimator/pose_with_covariance,24094675632,1785852760832956680,78003602066452,24094675632,0
/localization/kinematic_state,24144675633,1785852760875614750,78003644724739,24144675633,0
/localization/kinematic_state,24194675633,1785852760927796245,78003696906056,24194675633,0
/sensing/lidar/top/pointcloud_raw_ex,24194675633,1785852760930499594,78003699609313,24194675633,240856
/localization/pose_estimator/pose_with_covariance,24194675633,1785852760933765476,78003702875290,24194675633,0
/localization/kinematic_state,24244675634,1785852760976093079,78003745202866,24244675634,0
/localization/kinematic_state,24294675635,1785852761026836683,78003795947000,24294675635,0
/sensing/lidar/top/pointcloud_raw_ex,24294675635,1785852761030794964,78003799904811,24294675635,242040
/localization/pose_estimator/pose_with_covariance,24294675635,1785852761033392714,78003802502498,24294675635,0
/localization/kinematic_state,24344675636,1785852761075926311,78003845035978,24344675636,0
/localization/kinematic_state,24394675636,1785852761125839826,78003894949698,24394675636,0
/sensing/lidar/top/pointcloud_raw_ex,24394675636,1785852761132110720,78003901220872,24394675636,241848
/localization/pose_estimator/pose_with_covariance,24394675636,1785852761135109485,78003904219281,24394675636,0
/localization/kinematic_state,24444675637,1785852761175865074,78003944974888,24444675637,0
/localization/kinematic_state,24494675638,1785852761226102895,78003995212752,24494675638,0
/sensing/lidar/top/pointcloud_raw_ex,24494675638,1785852761232070714,78004001180681,24494675638,238456
/localization/pose_estimator/pose_with_covariance,24494675638,1785852761234887636,78004003997371,24494675638,0
/localization/kinematic_state,24544675639,1785852761275604676,78004044714539,24544675639,0
/localization/kinematic_state,24594675639,1785852761325806765,78004094916575,24594675639,0
/sensing/lidar/top/pointcloud_raw_ex,24594675639,1785852761331003139,78004100113043,24594675639,242776
/localization/pose_estimator/pose_with_covariance,24594675639,1785852761333436311,78004102546105,24594675639,0
/localization/kinematic_state,24644675640,1785852761375882420,78004144992179,24644675640,0
/localization/kinematic_state,24694675641,1785852761425765466,78004194875361,24694675641,0
/sensing/lidar/top/pointcloud_raw_ex,24694675641,1785852761431778700,78004200888617,24694675641,241336
/localization/pose_estimator/pose_with_covariance,24694675641,1785852761434324988,78004203434771,24694675641,0
/localization/kinematic_state,24744675641,1785852761476688998,78004245798893,24744675641,0
/localization/kinematic_state,24794675642,1785852761525297317,78004294407199,24794675642,0
/sensing/lidar/top/pointcloud_raw_ex,24794675642,1785852761530580657,78004299690818,24794675642,239960
/localization/pose_estimator/pose_with_covariance,24794675642,1785852761533743059,78004302852881,24794675642,0
/localization/kinematic_state,24844675643,1785852761575822554,78004344932438,24844675643,0
/localization/kinematic_state,24894675644,1785852761625366274,78004394476042,24894675644,0
/sensing/lidar/top/pointcloud_raw_ex,24894675644,1785852761631734581,78004400844510,24894675644,240216
/localization/pose_estimator/pose_with_covariance,24894675644,1785852761634340439,78004403450228,24894675644,0
/localization/kinematic_state,24944675644,1785852761676234114,78004445343877,24944675644,0
/localization/kinematic_state,24994675645,1785852761726213011,78004495322943,24994675645,0
/sensing/lidar/top/pointcloud_raw_ex,24994675645,1785852761730581315,78004499691125,24994675645,241080
/localization/pose_estimator/pose_with_covariance,24994675645,1785852761733542694,78004502652640,24994675645,0
/localization/kinematic_state,25044675646,1785852761776692363,78004545802312,25044675646,0
/localization/kinematic_state,25094675647,1785852761825799095,78004594909067,25094675647,0
/sensing/lidar/top/pointcloud_raw_ex,25094675647,1785852761831229337,78004600339147,25094675647,242904
/localization/pose_estimator/pose_with_covariance,25094675647,1785852761834394848,78004603504900,25094675647,0
/localization/kinematic_state,25144675647,1785852761876039829,78004645149698,25144675647,0
/control/command/control_cmd,25194675648,1785852761924971730,78004694081710,25194675648,80
/localization/kinematic_state,25194675648,1785852761926431965,78004695541682,25194675648,0
/sensing/lidar/top/pointcloud_raw_ex,25194675648,1785852761930935139,78004700045050,25194675648,243672
/localization/pose_estimator/pose_with_covariance,25194675648,1785852761933751209,78004702861063,25194675648,0
/control/command/control_cmd,25244675649,1785852761974980058,78004744090128,25244675649,80
/localization/kinematic_state,25244675649,1785852761975629995,78004744739833,25244675649,0
/localization/kinematic_state,25294675650,1785852762025377862,78004794487811,25294675650,0
/sensing/lidar/top/pointcloud_raw_ex,25294675650,1785852762030600079,78004799710080,25294675650,239320
/localization/pose_estimator/pose_with_covariance,25294675650,1785852762033117154,78004802227010,25294675650,0
/localization/kinematic_state,25344675650,1785852762075930705,78004845040631,25344675650,0
/localization/kinematic_state,25394675651,1785852762125782036,78004894891990,25394675651,0
/sensing/lidar/top/pointcloud_raw_ex,25394675651,1785852762131441204,78004900551078,25394675651,244792
/localization/pose_estimator/pose_with_covariance,25394675651,1785852762134672862,78004903782530,25394675651,0
/localization/kinematic_state,25444675652,1785852762176240026,78004945349909,25444675652,0
/localization/kinematic_state,25494675653,1785852762225785478,78004994895144,25494675653,0
/sensing/lidar/top/pointcloud_raw_ex,25494675653,1785852762232045215,78005001155462,25494675653,241688
/localization/pose_estimator/pose_with_covariance,25494675653,1785852762235480389,78005004590338,25494675653,0
/localization/kinematic_state,25544675653,1785852762276243612,78005045353536,25544675653,0
/localization/kinematic_state,25594675654,1785852762325876222,78005094986098,25594675654,0
/sensing/lidar/top/pointcloud_raw_ex,25594675654,1785852762332062397,78005101172429,25594675654,242648
/localization/pose_estimator/pose_with_covariance,25594675654,1785852762336069674,78005105179595,25594675654,0
/localization/kinematic_state,25644675655,1785852762376168715,78005145278577,25644675655,0
/localization/kinematic_state,25694675656,1785852762426119159,78005195228982,25694675656,0
/sensing/lidar/top/pointcloud_raw_ex,25694675656,1785852762431447389,78005200557365,25694675656,243064
/localization/pose_estimator/pose_with_covariance,25694675656,1785852762434945513,78005204055649,25694675656,0
/localization/kinematic_state,25744675656,1785852762475888628,78005244998467,25744675656,0
/localization/kinematic_state,25794675657,1785852762526010995,78005295121001,25794675657,0
/sensing/lidar/top/pointcloud_raw_ex,25794675657,1785852762532881735,78005301992171,25794675657,241400
/localization/pose_estimator/pose_with_covariance,25794675657,1785852762535638141,78005304747910,25794675657,0
/localization/kinematic_state,25844675658,1785852762577109382,78005346219673,25844675658,0
/localization/kinematic_state,25894675659,1785852762626027483,78005395137255,25894675659,0
/sensing/lidar/top/pointcloud_raw_ex,25894675659,1785852762632323553,78005401433613,25894675659,242872
/localization/pose_estimator/pose_with_covariance,25894675659,1785852762634877452,78005403987258,25894675659,0
/localization/kinematic_state,25944675659,1785852762676050905,78005445160721,25944675659,0
/localization/kinematic_state,25994675660,1785852762725977641,78005495087500,25994675660,0
/sensing/lidar/top/pointcloud_raw_ex,25994675660,1785852762731369862,78005500479973,25994675660,244920
/localization/pose_estimator/pose_with_covariance,25994675660,1785852762735088342,78005504198100,25994675660,0
/localization/kinematic_state,26044675661,1785852762776675087,78005545785066,26044675661,0
/localization/kinematic_state,26094675662,1785852762825995207,78005595105131,26094675662,0
/sensing/lidar/top/pointcloud_raw_ex,26094675662,1785852762830066737,78005599176785,26094675662,243672
/localization/pose_estimator/pose_with_covariance,26094675662,1785852762832480519,78005601590282,26094675662,0
/localization/kinematic_state,26144675662,1785852762876193794,78005645303653,26144675662,0
/control/command/control_cmd,25244675649,1785852762876203803,78005645313412,26144675662,80
/localization/kinematic_state,26194675663,1785852762926861112,78005695970865,26194675663,0
/control/command/control_cmd,26194675663,1785852762926870158,78005695979772,26194675663,80
/sensing/lidar/top/pointcloud_raw_ex,26194675663,1785852762933488349,78005702598257,26194675663,241560
/localization/pose_estimator/pose_with_covariance,26194675663,1785852762934978509,78005704088267,26194675663,0
/localization/kinematic_state,26244675664,1785852762975674606,78005744784361,26244675664,0
/localization/kinematic_state,26294675665,1785852763025446797,78005794556585,26294675665,0
/sensing/lidar/top/pointcloud_raw_ex,26294675665,1785852763032059408,78005801169327,26294675665,243096
/localization/pose_estimator/pose_with_covariance,26294675665,1785852763034444180,78005803553959,26294675665,0
/localization/kinematic_state,26344675665,1785852763076108795,78005845218638,26344675665,0
/localization/kinematic_state,26394675666,1785852763125958442,78005895068143,26394675666,0
/sensing/lidar/top/pointcloud_raw_ex,26394675666,1785852763131424678,78005900535060,26394675666,243192
/localization/pose_estimator/pose_with_covariance,26394675666,1785852763136414532,78005905524519,26394675666,0
/localization/kinematic_state,26444675667,1785852763175715604,78005944825454,26444675667,0
/localization/kinematic_state,26494675668,1785852763225762012,78005994871955,26494675668,0
/sensing/lidar/top/pointcloud_raw_ex,26494675668,1785852763231641523,78006000751599,26494675668,244984
/localization/pose_estimator/pose_with_covariance,26494675668,1785852763234450296,78006003560101,26494675668,0
/localization/kinematic_state,26544675668,1785852763275959045,78006045069070,26544675668,0
/localization/kinematic_state,26594675669,1785852763325725165,78006094834909,26594675669,0
/sensing/lidar/top/pointcloud_raw_ex,26594675669,1785852763331583618,78006100693696,26594675669,242072
/localization/pose_estimator/pose_with_covariance,26594675669,1785852763334238164,78006103348000,26594675669,0
/localization/kinematic_state,26644675670,1785852763376149369,78006145259248,26644675670,0
/localization/kinematic_state,26694675671,1785852763426148260,78006195258217,26694675671,0
/sensing/lidar/top/pointcloud_raw_ex,26694675671,1785852763432330969,78006201441234,26694675671,242584
/localization/pose_estimator/pose_with_covariance,26694675671,1785852763436448265,78006205557998,26694675671,0
/localization/kinematic_state,26744675671,1785852763476555230,78006245665222,26744675671,0
/localization/kinematic_state,26794675672,1785852763527699140,78006296809142,26794675672,0
/sensing/lidar/top/pointcloud_raw_ex,26794675672,1785852763531815473,78006300925401,26794675672,243576
/localization/pose_estimator/pose_with_covariance,26794675672,1785852763534377556,78006303487335,26794675672,0
/localization/kinematic_state,26844675673,1785852763576789034,78006345899075,26844675673,0
/localization/kinematic_state,26894675674,1785852763626043253,78006395153053,26894675674,0
/sensing/lidar/top/pointcloud_raw_ex,26894675674,1785852763631811157,78006400920964,26894675674,241272
/localization/pose_estimator/pose_with_covariance,26894675674,1785852763634013919,78006403123700,26894675674,0
/localization/kinematic_state,26944675674,1785852763676681066,78006445791160,26944675674,0
/localization/kinematic_state,26994675675,1785852763726179152,78006495289035,26994675675,0
/sensing/lidar/top/pointcloud_raw_ex,26994675675,1785852763731479546,78006500589350,26994675675,240344
/localization/pose_estimator/pose_with_covariance,26994675675,1785852763733827508,78006502937283,26994675675,0
/localization/kinematic_state,27044675676,1785852763776204862,78006545314825,27044675676,0
/localization/kinematic_state,27094675677,1785852763826145921,78006595255725,27094675677,0
/sensing/lidar/top/pointcloud_raw_ex,27094675677,1785852763831414860,78006600524896,27094675677,240664
/localization/pose_estimator/pose_with_covariance,27094675677,1785852763834508948,78006603618837,27094675677,0
/localization/kinematic_state,27144675677,1785852763877994441,78006647104414,27144675677,0
/localization/kinematic_state,27194675678,1785852763925744917,78006694854769,27194675678,0
/sensing/lidar/top/pointcloud_raw_ex,27194675678,1785852763931353029,78006700462972,27194675678,240056
/localization/pose_estimator/pose_with_covariance,27194675678,1785852763933905065,78006703014826,27194675678,0
/localization/kinematic_state,27244675679,1785852763977166511,78006746276357,27244675679,0
/localization/kinematic_state,27294675679,1785852764026609509,78006795719593,27294675679,0
/sensing/lidar/top/pointcloud_raw_ex,27294675679,1785852764032258119,78006801368112,27294675679,243320
/localization/pose_estimator/pose_with_covariance,27294675679,1785852764034701884,78006803811591,27294675679,0
/localization/kinematic_state,27344675680,1785852764075841980,78006844951797,27344675680,0
/localization/kinematic_state,27394675681,1785852764125649568,78006894759387,27394675681,0
/sensing/lidar/top/pointcloud_raw_ex,27394675681,1785852764130977618,78006900087304,27394675681,244152
/localization/pose_estimator/pose_with_covariance,27394675681,1785852764133558491,78006902668385,27394675681,0
/localization/kinematic_state,27444675682,1785852764176711568,78006945821384,27444675682,0
/localization/kinematic_state,27494675682,1785852764225224035,78006994333946,27494675682,0
/sensing/lidar/top/pointcloud_raw_ex,27494675682,1785852764230798199,78006999908153,27494675682,241624
/localization/pose_estimator/pose_with_covariance,27494675682,1785852764233356660,78007002466435,27494675682,0
/localization/kinematic_state,27544675683,1785852764276588078,78007045698045,27544675683,0
/localization/kinematic_state,27594675684,1785852764328634455,78007097744269,27594675684,0
/sensing/lidar/top/pointcloud_raw_ex,27594675684,1785852764331394811,78007100504452,27594675684,239416
/localization/pose_estimator/pose_with_covariance,27594675684,1785852764333584141,78007102693838,27594675684,0
/localization/kinematic_state,27644675685,1785852764375856847,78007144967020,27644675685,0
/localization/kinematic_state,27694675685,1785852764426021968,78007195131795,27694675685,0
/sensing/lidar/top/pointcloud_raw_ex,27694675685,1785852764430962779,78007200072732,27694675685,243128
/localization/pose_estimator/pose_with_covariance,27694675685,1785852764433456307,78007202566375,27694675685,0
/localization/kinematic_state,27744675686,1785852764477259821,78007246369938,27744675686,0
/localization/kinematic_state,27794675687,1785852764525618467,78007294728401,27794675687,0
/sensing/lidar/top/pointcloud_raw_ex,27794675687,1785852764531146779,78007300256778,27794675687,241912
/localization/pose_estimator/pose_with_covariance,27794675687,1785852764533711794,78007302821700,27794675687,0
/localization/kinematic_state,27844675688,1785852764576131950,78007345241794,27844675688,0
/localization/kinematic_state,27894675688,1785852764625796343,78007394906210,27894675688,0
/sensing/lidar/top/pointcloud_raw_ex,27894675688,1785852764631396543,78007400506350,27894675688,240472
/localization/pose_estimator/pose_with_covariance,27894675688,1785852764633769936,78007402879709,27894675688,0
/localization/kinematic_state,27944675689,1785852764675818481,78007444928496,27944675689,0
/localization/kinematic_state,27994675690,1785852764726222911,78007495332863,27994675690,0
/sensing/lidar/top/pointcloud_raw_ex,27994675690,1785852764730443666,78007499553535,27994675690,237720
/localization/pose_estimator/pose_with_covariance,27994675690,1785852764733128309,78007502238161,27994675690,0
/localization/kinematic_state,28044675691,1785852764777180122,78007546290118,28044675691,0
/localization/kinematic_state,28094675691,1785852764826717735,78007595827647,28094675691,0
/sensing/lidar/top/pointcloud_raw_ex,28094675691,1785852764830758280,78007599868320,28094675691,240376
/localization/pose_estimator/pose_with_covariance,28094675691,1785852764833368457,78007602478341,28094675691,0
/localization/kinematic_state,28144675692,1785852764875823446,78007644933450,28144675692,0
/control/command/control_cmd,28194675693,1785852764925451756,78007694561744,28194675693,80
/localization/kinematic_state,28194675693,1785852764925808710,78007694918600,28194675693,0
/sensing/lidar/top/pointcloud_raw_ex,28194675693,1785852764930621285,78007699731326,28194675693,242328
/localization/pose_estimator/pose_with_covariance,28194675693,1785852764933342180,78007702451957,28194675693,0
/localization/kinematic_state,28244675694,1785852764975931471,78007745041354,28244675694,0
/localization/kinematic_state,28294675694,1785852765025576160,78007794686077,28294675694,0
/sensing/lidar/top/pointcloud_raw_ex,28294675694,1785852765031508859,78007800619038,28294675694,241592
/localization/pose_estimator/pose_with_covariance,28294675694,1785852765035062302,78007804172270,28294675694,0
/localization/kinematic_state,28344675695,1785852765075325853,78007844435591,28344675695,0
/localization/kinematic_state,28394675696,1785852765125395422,78007894505182,28394675696,0
/sensing/lidar/top/pointcloud_raw_ex,28394675696,1785852765131445064,78007900555429,28394675696,239352
/localization/pose_estimator/pose_with_covariance,28394675696,1785852765133800897,78007902910918,28394675696,0
/localization/kinematic_state,28444675697,1785852765176093081,78007945202861,28444675697,0
/localization/kinematic_state,28494675697,1785852765226038575,78007995148599,28494675697,0
/sensing/lidar/top/pointcloud_raw_ex,28494675697,1785852765230613175,78007999723189,28494675697,241688
/localization/pose_estimator/pose_with_covariance,28494675697,1785852765233703942,78008002813760,28494675697,0
/localization/kinematic_state,28544675698,1785852765275808663,78008044918471,28544675698,0
/localization/kinematic_state,28594675699,1785852765326391722,78008095501727,28594675699,0
/sensing/lidar/top/pointcloud_raw_ex,28594675699,1785852765331903923,78008101014001,28594675699,241464
/localization/pose_estimator/pose_with_covariance,28594675699,1785852765333613794,78008102723535,28594675699,0
/localization/kinematic_state,28644675700,1785852765376500945,78008145610921,28644675700,0
/localization/kinematic_state,28694675700,1785852765425566616,78008194676443,28694675700,0
/sensing/lidar/top/pointcloud_raw_ex,28694675700,1785852765432023763,78008201133690,28694675700,243288
/localization/pose_estimator/pose_with_covariance,28694675700,1785852765435071918,78008204181691,28694675700,0
/localization/kinematic_state,28744675701,1785852765476332766,78008245442660,28744675701,0
/localization/kinematic_state,28794675702,1785852765525941602,78008295051446,28794675702,0
/sensing/lidar/top/pointcloud_raw_ex,28794675702,1785852765530863119,78008299973184,28794675702,242648
/localization/pose_estimator/pose_with_covariance,28794675702,1785852765534103306,78008303213110,28794675702,0
/localization/kinematic_state,28844675703,1785852765576060020,78008345170040,28844675703,0
/localization/kinematic_state,28894675703,1785852765625955708,78008395065558,28894675703,0
/sensing/lidar/top/pointcloud_raw_ex,28894675703,1785852765631289781,78008400399583,28894675703,243768
/localization/pose_estimator/pose_with_covariance,28894675703,1785852765633593639,78008402703382,28894675703,0
/localization/kinematic_state,28944675704,1785852765675803153,78008444912998,28944675704,0
/localization/kinematic_state,28994675705,1785852765725492523,78008494602436,28994675705,0
/sensing/lidar/top/pointcloud_raw_ex,28994675705,1785852765730943063,78008500053087,28994675705,242232
/localization/pose_estimator/pose_with_covariance,28994675705,1785852765733544590,78008502654539,28994675705,0
/localization/kinematic_state,29044675706,1785852765776090927,78008545200827,29044675706,0
/localization/kinematic_state,29094675706,1785852765825934374,78008595044087,29094675706,0
/sensing/lidar/top/pointcloud_raw_ex,29094675706,1785852765830905686,78008600015536,29094675706,240152
/localization/pose_estimator/pose_with_covariance,29094675706,1785852765833254015,78008602363748,29094675706,0
/localization/kinematic_state,29144675707,1785852765876180430,78008645290367,29144675707,0
/localization/kinematic_state,29194675708,1785852765925633474,78008694743330,29194675708,0
/control/command/control_cmd,29194675708,1785852765926925869,78008696035695,29194675708,80
/sensing/lidar/top/pointcloud_raw_ex,29194675708,1785852765930606671,78008699716445,29194675708,242840
/localization/pose_estimator/pose_with_covariance,29194675708,1785852765933426650,78008702536444,29194675708,0
/control/command/control_cmd,29244675709,1785852765975234508,78008744344433,29244675709,80
/localization/kinematic_state,29244675709,1785852765975704111,78008744813857,29244675709,0
/localization/kinematic_state,29294675709,1785852766025580801,78008794690571,29294675709,0
/sensing/lidar/top/pointcloud_raw_ex,29294675709,1785852766031195722,78008800305901,29294675709,242456
/localization/pose_estimator/pose_with_covariance,29294675709,1785852766033709354,78008802819186,29294675709,0
/localization/kinematic_state,29344675710,1785852766075694776,78008844805028,29344675710,0
/localization/kinematic_state,29394675711,1785852766126785452,78008895895448,29394675711,0
/sensing/lidar/top/pointcloud_raw_ex,29394675711,1785852766131385476,78008900495543,29394675711,239928
/localization/pose_estimator/pose_with_covariance,29394675711,1785852766134245547,78008903355249,29394675711,0
/localization/kinematic_state,29444675712,1785852766176830021,78008945939852,29444675712,0
/localization/kinematic_state,29494675712,1785852766227457347,78008996567240,29494675712,0
/sensing/lidar/top/pointcloud_raw_ex,29494675712,1785852766233535964,78009002646086,29494675712,243768
/localization/pose_estimator/pose_with_covariance,29494675712,1785852766236383020,78009005492833,29494675712,0
/localization/kinematic_state,29544675713,1785852766276585074,78009045694970,29544675713,0
/localization/kinematic_state,29594675714,1785852766327051025,78009096160903,29594675714,0
/sensing/lidar/top/pointcloud_raw_ex,29594675714,1785852766331990329,78009101100236,29594675714,241112
/localization/pose_estimator/pose_with_covariance,29594675714,1785852766334663150,78009103772917,29594675714,0
/localization/kinematic_state,29644675715,1785852766377315087,78009146425021,29644675715,0
/localization/kinematic_state,29694675715,1785852766425685012,78009194794771,29694675715,0
/sensing/lidar/top/pointcloud_raw_ex,29694675715,1785852766431531500,78009200641974,29694675715,240408
/localization/pose_estimator/pose_with_covariance,29694675715,1785852766434373107,78009203483131,29694675715,0
/localization/kinematic_state,29744675716,1785852766476656886,78009245766764,29744675716,0
/localization/kinematic_state,29794675717,1785852766525866025,78009294975978,29794675717,0
/sensing/lidar/top/pointcloud_raw_ex,29794675717,1785852766531720056,78009300830358,29794675717,242424
/localization/pose_estimator/pose_with_covariance,29794675717,1785852766534578965,78009303688918,29794675717,0
/localization/kinematic_state,29844675717,1785852766576151497,78009345261455,29844675717,0
/localization/kinematic_state,29894675718,1785852766625435518,78009394545487,29894675718,0
/control/command/control_cmd,29894675718,1785852766627029734,78009396139508,29894675718,80
/sensing/lidar/top/pointcloud_raw_ex,29894675718,1785852766631246321,78009400356289,29894675718,239736
/localization/pose_estimator/pose_with_covariance,29894675718,1785852766633652524,78009402762264,29894675718,0
/localization/kinematic_state,29944675719,1785852766676734540,78009445844213,29944675719,0
/control/command/control_cmd,29944675719,1785852766677034092,78009446143958,29944675719,80
/localization/kinematic_state,29994675720,1785852766725952119,78009495061881,29994675720,0
/control/command/control_cmd,29994675720,1785852766726296805,78009495406623,29994675720,80
/sensing/lidar/top/pointcloud_raw_ex,29994675720,1785852766731989321,78009501099386,29994675720,243000
/localization/pose_estimator/pose_with_covariance,29994675720,1785852766735271861,78009504401779,29994675720,0
/localization/kinematic_state,30044675720,1785852766775643542,78009544753293,30044675720,0
/control/command/control_cmd,30044675720,1785852766776758966,78009545868963,30044675720,80
/localization/kinematic_state,30094675721,1785852766825795979,78009594905827,30094675721,0
/control/command/control_cmd,30094675721,1785852766825806049,78009594915651,30094675721,80
/sensing/lidar/top/pointcloud_raw_ex,30094675721,1785852766830442494,78009599552550,30094675721,241336
/localization/pose_estimator/pose_with_covariance,30094675721,1785852766833113530,78009602223285,30094675721,0
/localization/kinematic_state,30144675722,1785852766876083406,78009645193336,30144675722,0
/control/command/control_cmd,30144675722,1785852766876291692,78009645401631,30144675722,80
/localization/kinematic_state,30194675723,1785852766925980674,78009695090516,30194675723,0
/control/command/control_cmd,30194675723,1785852766926300615,78009695410401,30194675723,80
/sensing/lidar/top/pointcloud_raw_ex,30194675723,1785852766931150036,78009700260064,30194675723,242328
/localization/pose_estimator/pose_with_covariance,30194675723,1785852766934025054,78009703134872,30194675723,0
/localization/kinematic_state,30244675723,1785852766976118336,78009745228407,30244675723,0
/control/command/control_cmd,30244675723,1785852766976345005,78009745454851,30244675723,80
/localization/kinematic_state,30294675724,1785852767025700006,78009794809780,30294675724,0
/control/command/control_cmd,30294675724,1785852767026204013,78009795313980,30294675724,80
/sensing/lidar/top/pointcloud_raw_ex,30294675724,1785852767031327754,78009800437613,30294675724,243192
/localization/pose_estimator/pose_with_covariance,30294675724,1785852767033958755,78009803068431,30294675724,0
/localization/kinematic_state,30344675725,1785852767075573946,78009844683882,30344675725,0
/control/command/control_cmd,30344675725,1785852767076082255,78009845192111,30344675725,80
/control/command/control_cmd,30394675726,1785852767125579507,78009894689675,30394675726,80
/localization/kinematic_state,30394675726,1785852767126264237,78009895374056,30394675726,0
/sensing/lidar/top/pointcloud_raw_ex,30394675726,1785852767130936686,78009900046819,30394675726,239256
/localization/pose_estimator/pose_with_covariance,30394675726,1785852767133664980,78009902774809,30394675726,0
/localization/kinematic_state,30444675726,1785852767175910477,78009945020419,30444675726,0
/control/command/control_cmd,30444675726,1785852767177121102,78009946231070,30444675726,80
/localization/kinematic_state,30494675727,1785852767225667831,78009994777758,30494675727,0
/control/command/control_cmd,30494675727,1785852767226102375,78009995212226,30494675727,80
/sensing/lidar/top/pointcloud_raw_ex,30494675727,1785852767231344042,78010000454080,30494675727,237944
/localization/pose_estimator/pose_with_covariance,30494675727,1785852767233998509,78010003108346,30494675727,0
/localization/kinematic_state,30544675728,1785852767276584407,78010045694561,30544675728,0
/control/command/control_cmd,30544675728,1785852767276927367,78010046037231,30544675728,80
/localization/kinematic_state,30594675729,1785852767326187380,78010095297259,30594675729,0
/control/command/control_cmd,30594675729,1785852767326308426,78010095418134,30594675729,80
/sensing/lidar/top/pointcloud_raw_ex,30594675729,1785852767330506894,78010099616819,30594675729,241080
/localization/pose_estimator/pose_with_covariance,30594675729,1785852767333134747,78010102244524,30594675729,0
/localization/kinematic_state,30644675729,1785852767376348230,78010145458134,30644675729,0
/control/command/control_cmd,30644675729,1785852767377869336,78010146979261,30644675729,80
/localization/kinematic_state,30694675730,1785852767425750673,78010194860426,30694675730,0
/control/command/control_cmd,30694675730,1785852767426536492,78010195646381,30694675730,80
/sensing/lidar/top/pointcloud_raw_ex,30694675730,1785852767431670398,78010200780250,30694675730,242488
/localization/pose_estimator/pose_with_covariance,30694675730,1785852767434227355,78010203337085,30694675730,0
/localization/kinematic_state,30744675731,1785852767475771843,78010244881641,30744675731,0
/control/command/control_cmd,30744675731,1785852767477200904,78010246310722,30744675731,80
/localization/kinematic_state,30794675732,1785852767526087731,78010295197838,30794675732,0
/control/command/control_cmd,30794675732,1785852767526095190,78010295204790,30794675732,80
/sensing/lidar/top/pointcloud_raw_ex,30794675732,1785852767530640802,78010299750578,30794675732,240760
/localization/pose_estimator/pose_with_covariance,30794675732,1785852767533512791,78010302622636,30794675732,0
/localization/kinematic_state,30844675732,1785852767576184554,78010345294657,30844675732,0
/control/command/control_cmd,30844675732,1785852767576660362,78010345770129,30844675732,80
/control/command/control_cmd,30894675733,1785852767626240998,78010395350970,30894675733,80
/localization/kinematic_state,30894675733,1785852767627731770,78010396841530,30894675733,0
/sensing/lidar/top/pointcloud_raw_ex,30894675733,1785852767630711383,78010399821145,30894675733,239160
/localization/pose_estimator/pose_with_covariance,30894675733,1785852767633355538,78010402465292,30894675733,0
/localization/kinematic_state,30944675734,1785852767676020572,78010445130338,30944675734,0
/control/command/control_cmd,30944675734,1785852767676036929,78010445146559,30944675734,80
/localization/kinematic_state,30994675735,1785852767726688317,78010495798232,30994675735,0
/control/command/control_cmd,30994675735,1785852767726983999,78010496093792,30994675735,80
/sensing/lidar/top/pointcloud_raw_ex,30994675735,1785852767731375500,78010500485520,30994675735,241560
/localization/pose_estimator/pose_with_covariance,30994675735,1785852767733919230,78010503029091,30994675735,0
/localization/kinematic_state,31044675735,1785852767776886275,78010545996368,31044675735,0
/control/command/control_cmd,31044675735,1785852767776903628,78010546013251,31044675735,80
/localization/kinematic_state,31094675736,1785852767826399614,78010595509591,31094675736,0
/control/command/control_cmd,31094675736,1785852767826745545,78010595855189,31094675736,80
/sensing/lidar/top/pointcloud_raw_ex,31094675736,1785852767831441033,78010600550875,31094675736,241016
/localization/pose_estimator/pose_with_covariance,31094675736,1785852767834740234,78010603850283,31094675736,0
/localization/kinematic_state,31144675737,1785852767875947470,78010645057411,31144675737,0
/control/command/control_cmd,31144675737,1785852767876684270,78010645794013,31144675737,80
/control/command/control_cmd,31194675738,1785852767925879137,78010694989421,31194675738,80
/localization/kinematic_state,31194675738,1785852767926451310,78010695561081,31194675738,0
/sensing/lidar/top/pointcloud_raw_ex,31194675738,1785852767930552348,78010699662221,31194675738,244856
/localization/pose_estimator/pose_with_covariance,31194675738,1785852767933066176,78010702175934,31194675738,0
/localization/kinematic_state,31244675738,1785852767976059024,78010745168906,31244675738,0
/control/command/control_cmd,31244675738,1785852767976757220,78010745866955,31244675738,80
/localization/kinematic_state,31294675739,1785852768025425773,78010794535689,31294675739,0
/control/command/control_cmd,31294675739,1785852768027050629,78010796160499,31294675739,80
/sensing/lidar/top/pointcloud_raw_ex,31294675739,1785852768030662308,78010799772237,31294675739,241144
/localization/pose_estimator/pose_with_covariance,31294675739,1785852768033557473,78010802667235,31294675739,0
/localization/kinematic_state,31344675740,1785852768075779953,78010844889843,31344675740,0
/control/command/control_cmd,31344675740,1785852768076048266,78010845158171,31344675740,80
/localization/kinematic_state,31394675741,1785852768126551624,78010895661510,31394675741,0
/control/command/control_cmd,31394675741,1785852768126564051,78010895673742,31394675741,80
/sensing/lidar/top/pointcloud_raw_ex,31394675741,1785852768130663351,78010899773554,31394675741,241144
/localization/pose_estimator/pose_with_covariance,31394675741,1785852768133367137,78010902476916,31394675741,0
/localization/kinematic_state,31444675741,1785852768176717643,78010945827791,31444675741,0
/control/command/control_cmd,31444675741,1785852768177298011,78010946407735,31444675741,80
/localization/kinematic_state,31494675742,1785852768225850127,78010994959938,31494675742,0
/control/command/control_cmd,31494675742,1785852768226627126,78010995736825,31494675742,80
/sensing/lidar/top/pointcloud_raw_ex,31494675742,1785852768230880741,78010999990885,31494675742,243064
/localization/pose_estimator/pose_with_covariance,31494675742,1785852768233829822,78011002939714,31494675742,0
/localization/kinematic_state,31544675743,1785852768276969991,78011046079926,31544675743,0
/control/command/control_cmd,31544675743,1785852768277923345,78011047033207,31544675743,80
/localization/kinematic_state,31594675744,1785852768326027596,78011095137453,31594675744,0
/control/command/control_cmd,31594675744,1785852768326314721,78011095424596,31594675744,80
/sensing/lidar/top/pointcloud_raw_ex,31594675744,1785852768331484435,78011100594253,31594675744,241240
/localization/pose_estimator/pose_with_covariance,31594675744,1785852768334842145,78011103951924,31594675744,0
/localization/kinematic_state,31644675744,1785852768375988888,78011145098764,31644675744,0
/control/command/control_cmd,31644675744,1785852768376122023,78011145231710,31644675744,80
/localization/kinematic_state,31694675745,1785852768426235714,78011195345565,31694675745,0
/control/command/control_cmd,31694675745,1785852768426318627,78011195428537,31694675745,80
/sensing/lidar/top/pointcloud_raw_ex,31694675745,1785852768431538981,78011200649286,31694675745,241272
/localization/pose_estimator/pose_with_covariance,31694675745,1785852768435156540,78011204266321,31694675745,0
/localization/kinematic_state,31744675746,1785852768475809750,78011244919631,31744675746,0
/control/command/control_cmd,31744675746,1785852768476784572,78011245894403,31744675746,80
/localization/kinematic_state,31794675747,1785852768525581842,78011294691803,31794675747,0
/control/command/control_cmd,31794675747,1785852768526261630,78011295371465,31794675747,80
/sensing/lidar/top/pointcloud_raw_ex,31794675747,1785852768532119546,78011301229483,31794675747,241720
/localization/pose_estimator/pose_with_covariance,31794675747,1785852768534731128,78011303840891,31794675747,0
/localization/kinematic_state,31844675747,1785852768575802632,78011344912556,31844675747,0
/control/command/control_cmd,31844675747,1785852768576530420,78011345640372,31844675747,80
/localization/kinematic_state,31894675748,1785852768625997444,78011395107404,31894675748,0
/control/command/control_cmd,31894675748,1785852768626400686,78011395510523,31894675748,80
/sensing/lidar/top/pointcloud_raw_ex,31894675748,1785852768631539574,78011400649485,31894675748,241720
/localization/pose_estimator/pose_with_covariance,31894675748,1785852768634601475,78011403711324,31894675748,0
/control/command/control_cmd,31944675749,1785852768676141318,78011445251195,31944675749,80
/localization/kinematic_state,31944675749,1785852768676311305,78011445420977,31944675749,0
/localization/kinematic_state,31994675750,1785852768725883805,78011494993569,31994675750,0
/control/command/control_cmd,31994675750,1785852768726801845,78011495911606,31994675750,80
/sensing/lidar/top/pointcloud_raw_ex,31994675750,1785852768731377683,78011500487597,31994675750,240024
/localization/pose_estimator/pose_with_covariance,31994675750,1785852768734593833,78011503703587,31994675750,0
/localization/kinematic_state,32044675750,1785852768777212084,78011546322057,32044675750,0
/control/command/control_cmd,32044675750,1785852768777224151,78011546333750,32044675750,80
/localization/kinematic_state,32094675751,1785852768826087211,78011595197071,32094675751,0
/control/command/control_cmd,32094675751,1785852768826659366,78011595769128,32094675751,80
/sensing/lidar/top/pointcloud_raw_ex,32094675751,1785852768830723195,78011599833078,32094675751,244376
/localization/pose_estimator/pose_with_covariance,32094675751,1785852768833372066,78011602481912,32094675751,0
/control/command/control_cmd,32144675752,1785852768875952568,78011645062479,32144675752,80
/localization/kinematic_state,32144675752,1785852768876216192,78011645325874,32144675752,0
/localization/kinematic_state,32194675753,1785852768925924193,78011695034163,32194675753,0
/control/command/control_cmd,32194675753,1785852768926477631,78011695587573,32194675753,80
/sensing/lidar/top/pointcloud_raw_ex,32194675753,1785852768930734289,78011699843996,32194675753,241560
/localization/pose_estimator/pose_with_covariance,32194675753,1785852768933418407,78011702528192,32194675753,0
/control/command/control_cmd,32244675753,1785852768976109217,78011745219055,32244675753,80
/localization/kinematic_state,32244675753,1785852768976149469,78011745259085,32244675753,0
/localization/kinematic_state,32294675754,1785852769026566782,78011795676659,32294675754,0
/control/command/control_cmd,32294675754,1785852769026581965,78011795691564,32294675754,80
/sensing/lidar/top/pointcloud_raw_ex,32294675754,1785852769031082923,78011800192853,32294675754,243288
/localization/pose_estimator/pose_with_covariance,32294675754,1785852769033819405,78011802929176,32294675754,0
/localization/kinematic_state,32344675755,1785852769076194297,78011845304364,32344675755,0
/control/command/control_cmd,32344675755,1785852769076925152,78011846034958,32344675755,80
/localization/kinematic_state,32394675755,1785852769125974161,78011895084071,32394675755,0
/control/command/control_cmd,32394675755,1785852769126341926,78011895451779,32394675755,80
/sensing/lidar/top/pointcloud_raw_ex,32394675755,1785852769132773609,78011901884024,32394675755,239000
/localization/pose_estimator/pose_with_covariance,32394675755,1785852769135634046,78011904744063,32394675755,0
/localization/kinematic_state,32444675756,1785852769175683146,78011944793021,32444675756,0
/control/command/control_cmd,32444675756,1785852769176979110,78011946088910,32444675756,80
/localization/kinematic_state,32494675757,1785852769225921710,78011995031571,32494675757,0
/control/command/control_cmd,32494675757,1785852769226385357,78011995495175,32494675757,80
/sensing/lidar/top/pointcloud_raw_ex,32494675757,1785852769230875243,78011999985364,32494675757,238136
/localization/pose_estimator/pose_with_covariance,32494675757,1785852769233921992,78012003031853,32494675757,0
/localization/kinematic_state,32544675758,1785852769275645795,78012044755717,32544675758,0
/control/command/control_cmd,32544675758,1785852769276255960,78012045365698,32544675758,80
/localization/kinematic_state,32594675758,1785852769325566271,78012094676108,32594675758,0
/control/command/control_cmd,32594675758,1785852769326922011,78012096031856,32594675758,80
/sensing/lidar/top/pointcloud_raw_ex,32594675758,1785852769331351487,78012100461302,32594675758,240504
/localization/pose_estimator/pose_with_covariance,32594675758,1785852769334104247,78012103214145,32594675758,0
/localization/kinematic_state,32644675759,1785852769376658512,78012145768342,32644675759,0
/control/command/control_cmd,32644675759,1785852769376758038,78012145867774,32644675759,80
/localization/kinematic_state,32694675760,1785852769425964941,78012195074809,32694675760,0
/control/command/control_cmd,32694675760,1785852769426518262,78012195628167,32694675760,80
/sensing/lidar/top/pointcloud_raw_ex,32694675760,1785852769430973224,78012200083358,32694675760,242456
/localization/pose_estimator/pose_with_covariance,32694675760,1785852769433716752,78012202826533,32694675760,0
/control/command/control_cmd,32744675761,1785852769477050835,78012246160763,32744675761,80
/localization/kinematic_state,32744675761,1785852769477437083,78012246546833,32744675761,0
/localization/kinematic_state,32794675761,1785852769525917675,78012295027400,32794675761,0
/control/command/control_cmd,32794675761,1785852769526412024,78012295521911,32794675761,80
/sensing/lidar/top/pointcloud_raw_ex,32794675761,1785852769531279074,78012300388967,32794675761,243704
/localization/pose_estimator/pose_with_covariance,32794675761,1785852769535191941,78012304301672,32794675761,0
/localization/kinematic_state,32844675762,1785852769576879522,78012345989347,32844675762,0
/control/command/control_cmd,32844675762,1785852769576885924,78012345995557,32844675762,80
/localization/kinematic_state,32894675763,1785852769625725273,78012394835140,32894675763,0
/control/command/control_cmd,32894675763,1785852769625896811,78012395006528,32894675763,80
/sensing/lidar/top/pointcloud_raw_ex,32894675763,1785852769631658259,78012400768312,32894675763,242296
/localization/pose_estimator/pose_with_covariance,32894675763,1785852769634696628,78012403806401,32894675763,0
/control/command/control_cmd,32944675764,1785852769676398813,78012445508777,32944675764,80
/localization/kinematic_state,32944675764,1785852769677175272,78012446285029,32944675764,0
/localization/kinematic_state,32994675764,1785852769725810093,78012494919970,32994675764,0
/control/command/control_cmd,32994675764,1785852769726458560,78012495568385,32994675764,80
/sensing/lidar/top/pointcloud_raw_ex,32994675764,1785852769730471954,78012499581720,32994675764,241528
/localization/pose_estimator/pose_with_covariance,32994675764,1785852769733217048,78012502326760,32994675764,0
/localization/kinematic_state,33044675765,1785852769776342587,78012545452559,33044675765,0
/control/command/control_cmd,33044675765,1785852769776443068,78012545552984,33044675765,80
/localization/kinematic_state,33094675766,1785852769825716941,78012594826700,33094675766,0
/control/command/control_cmd,33094675766,1785852769826668734,78012595778518,33094675766,80
/sensing/lidar/top/pointcloud_raw_ex,33094675766,1785852769832351137,78012601461123,33094675766,244792
/localization/pose_estimator/pose_with_covariance,33094675766,1785852769835151015,78012604260845,33094675766,0
/localization/kinematic_state,33144675767,1785852769875956540,78012645066458,33144675767,0
/control/command/control_cmd,33144675767,1785852769876371926,78012645481765,33144675767,80
/localization/kinematic_state,33194675767,1785852769925385289,78012694495065,33194675767,0
/control/command/control_cmd,33194675767,1785852769926031303,78012695141159,33194675767,80
/sensing/lidar/top/pointcloud_raw_ex,33194675767,1785852769932220369,78012701330561,33194675767,240568
/localization/pose_estimator/pose_with_covariance,33194675767,1785852769935236301,78012704346283,33194675767,0
/localization/kinematic_state,33244675768,1785852769976041507,78012745151531,33244675768,0
/control/command/control_cmd,33244675768,1785852769976110957,78012745220959,33244675768,80
/localization/kinematic_state,33294675769,1785852770026339436,78012795449317,33294675769,0
/control/command/control_cmd,33294675769,1785852770026356194,78012795465813,33294675769,80
/sensing/lidar/top/pointcloud_raw_ex,33294675769,1785852770030835771,78012799945848,33294675769,243288
/localization/pose_estimator/pose_with_covariance,33294675769,1785852770033591334,78012802701181,33294675769,0
/localization/kinematic_state,33344675770,1785852770075776614,78012844886557,33344675770,0
/control/command/control_cmd,33344675770,1785852770076534032,78012845643831,33344675770,80
/localization/kinematic_state,33394675770,1785852770125692899,78012894802906,33394675770,0
/control/command/control_cmd,33394675770,1785852770126734536,78012895844292,33394675770,80
/sensing/lidar/top/pointcloud_raw_ex,33394675770,1785852770131249281,78012900359493,33394675770,240056
/localization/pose_estimator/pose_with_covariance,33394675770,1785852770134076072,78012903185880,33394675770,0
/localization/kinematic_state,33444675771,1785852770177964872,78012947074834,33444675771,0
/control/command/control_cmd,33444675771,1785852770177982385,78012947092007,33444675771,80
/localization/kinematic_state,33494675772,1785852770225752815,78012994862776,33494675772,0
/control/command/control_cmd,33494675772,1785852770226063034,78012995172944,33494675772,80
/sensing/lidar/top/pointcloud_raw_ex,33494675772,1785852770232543993,78013001654236,33494675772,242776
/localization/pose_estimator/pose_with_covariance,33494675772,1785852770235366726,78013004476470,33494675772,0
/localization/kinematic_state,33544675773,1785852770277255694,78013046365648,33544675773,0
/control/command/control_cmd,33544675773,1785852770277264658,78013046374264,33544675773,80
/localization/kinematic_state,33594675773,1785852770326312252,78013095422440,33594675773,0
/control/command/control_cmd,33594675773,1785852770326326830,78013095436537,33594675773,80
/sensing/lidar/top/pointcloud_raw_ex,33594675773,1785852770331313826,78013100423665,33594675773,244248
/localization/pose_estimator/pose_with_covariance,33594675773,1785852770333858704,78013102968500,33594675773,0
/localization/kinematic_state,33644675774,1785852770375920941,78013145030872,33644675774,0
/control/command/control_cmd,33644675774,1785852770375939850,78013145049485,33644675774,80
/localization/kinematic_state,33694675775,1785852770425888775,78013194998661,33694675775,0
/control/command/control_cmd,33694675775,1785852770426923605,78013196033454,33694675775,80
/sensing/lidar/top/pointcloud_raw_ex,33694675775,1785852770430583838,78013199693870,33694675775,242552
/localization/pose_estimator/pose_with_covariance,33694675775,1785852770433245317,78013202355087,33694675775,0
/localization/kinematic_state,33744675776,1785852770476000910,78013245110971,33744675776,0
/control/command/control_cmd,33744675776,1785852770476020209,78013245129833,33744675776,80
/localization/kinematic_state,33794675776,1785852770525619083,78013294729000,33794675776,0
/control/command/control_cmd,33794675776,1785852770526031621,78013295141559,33794675776,80
/sensing/lidar/top/pointcloud_raw_ex,33794675776,1785852770530439926,78013299550122,33794675776,242232
/localization/pose_estimator/pose_with_covariance,33794675776,1785852770533008209,78013302118068,33794675776,0
/localization/kinematic_state,33844675777,1785852770575930685,78013345040668,33844675777,0
/control/command/control_cmd,33844675777,1785852770576266871,78013345376719,33844675777,80
/control/command/control_cmd,33894675778,1785852770626585006,78013395695098,33894675778,80
/localization/kinematic_state,33894675778,1785852770628961230,78013398071048,33894675778,0
/sensing/lidar/top/pointcloud_raw_ex,33894675778,1785852770634372473,78013403482774,33894675778,238328
/localization/pose_estimator/pose_with_covariance,33894675778,1785852770637025043,78013406134841,33894675778,0
/control/command/control_cmd,33944675779,1785852770675882154,78013444992369,33944675779,80
/localization/kinematic_state,33944675779,1785852770676085440,78013445195215,33944675779,0
/localization/kinematic_state,33994675779,1785852770725857097,78013494966935,33994675779,0
/control/command/control_cmd,33994675779,1785852770726397248,78013495507135,33994675779,80
/sensing/lidar/top/pointcloud_raw_ex,33994675779,1785852770730632227,78013499742406,33994675779,243480
/localization/pose_estimator/pose_with_covariance,33994675779,1785852770733131281,78013502241199,33994675779,0
/localization/kinematic_state,34044675780,1785852770776730476,78013545840547,34044675780,0
/control/command/control_cmd,34044675780,1785852770776741094,78013545850699,34044675780,80
/localization/kinematic_state,34094675781,1785852770826549877,78013595659875,34094675781,0
/control/command/control_cmd,34094675781,1785852770826601454,78013595711321,34094675781,80
/sensing/lidar/top/pointcloud_raw_ex,34094675781,1785852770831444608,78013600554676,34094675781,244024
/localization/pose_estimator/pose_with_covariance,34094675781,1785852770834064283,78013603174111,34094675781,0
/control/command/control_cmd,34144675782,1785852770876061344,78013645171255,34144675782,80
/localization/kinematic_state,34144675782,1785852770876788722,78013645898524,34144675782,0
/localization/kinematic_state,34194675782,1785852770925956430,78013695066283,34194675782,0
/control/command/control_cmd,34194675782,1785852770927067016,78013696177098,34194675782,80
/sensing/lidar/top/pointcloud_raw_ex,34194675782,1785852770931846471,78013700956285,34194675782,243480
/localization/pose_estimator/pose_with_covariance,34194675782,1785852770933599769,78013702709643,34194675782,0
/localization/kinematic_state,34244675783,1785852770975886065,78013744996100,34244675783,0
/control/command/control_cmd,34244675783,1785852770976418628,78013745528428,34244675783,80
/localization/kinematic_state,34294675784,1785852771025425220,78013794535067,34294675784,0
/control/command/control_cmd,34294675784,1785852771025798381,78013794908131,34294675784,80
/sensing/lidar/top/pointcloud_raw_ex,34294675784,1785852771030410229,78013799520320,34294675784,241784
/localization/pose_estimator/pose_with_covariance,34294675784,1785852771033798986,78013802908751,34294675784,0
/localization/kinematic_state,34344675785,1785852771075463765,78013844573596,34344675785,0
/control/command/control_cmd,34344675785,1785852771077066724,78013846176669,34344675785,80
/localization/kinematic_state,34394675785,1785852771125504124,78013894613898,34394675785,0
/control/command/control_cmd,34394675785,1785852771126189264,78013895299061,34394675785,80
/sensing/lidar/top/pointcloud_raw_ex,34394675785,1785852771130661503,78013899771604,34394675785,244184
/localization/pose_estimator/pose_with_covariance,34394675785,1785852771133345829,78013902455633,34394675785,0
/control/command/control_cmd,34444675786,1785852771176100688,78013945210626,34444675786,80
/localization/kinematic_state,34444675786,1785852771176416945,78013945526650,34444675786,0
/localization/kinematic_state,34494675787,1785852771226018966,78013995128712,34494675787,0
/control/command/control_cmd,34494675787,1785852771226314980,78013995424883,34494675787,80
/sensing/lidar/top/pointcloud_raw_ex,34494675787,1785852771231962429,78014001072574,34494675787,240920
/localization/pose_estimator/pose_with_covariance,34494675787,1785852771235339792,78014004449663,34494675787,0
/control/command/control_cmd,34544675788,1785852771276002386,78014045112386,34544675788,80
/localization/kinematic_state,34544675788,1785852771276228333,78014045338022,34544675788,0
/control/command/control_cmd,34594675788,1785852771326918832,78014096028734,34594675788,80
/localization/kinematic_state,34594675788,1785852771326942908,78014096052528,34594675788,0
/sensing/lidar/top/pointcloud_raw_ex,34594675788,1785852771330168723,78014099278531,34594675788,238680
/localization/pose_estimator/pose_with_covariance,34594675788,1785852771333155378,78014102265948,34594675788,0
/localization/kinematic_state,34644675789,1785852771376719665,78014145829726,34644675789,0
/control/command/control_cmd,34644675789,1785852771376804759,78014145914668,34644675789,80
/localization/kinematic_state,34694675790,1785852771425668743,78014194778623,34694675790,0
/control/command/control_cmd,34694675790,1785852771425899272,78014195009147,34694675790,80
/sensing/lidar/top/pointcloud_raw_ex,34694675790,1785852771430467371,78014199577634,34694675790,242296
/localization/pose_estimator/pose_with_covariance,34694675790,1785852771433814210,78014202924058,34694675790,0
/localization/kinematic_state,34744675791,1785852771475637721,78014244747594,34744675791,0
/control/command/control_cmd,34744675791,1785852771476215347,78014245325248,34744675791,80
/localization/kinematic_state,34794675791,1785852771526320967,78014295430912,34794675791,0
/control/command/control_cmd,34794675791,1785852771526963565,78014296073453,34794675791,80
/sensing/lidar/top/pointcloud_raw_ex,34794675791,1785852771532264948,78014301374697,34794675791,244952
/localization/pose_estimator/pose_with_covariance,34794675791,1785852771536066020,78014305175789,34794675791,0
/localization/kinematic_state,34844675792,1785852771576045231,78014345155295,34844675792,0
/control/command/control_cmd,34844675792,1785852771576351621,78014345461506,34844675792,80
/localization/kinematic_state,34894675793,1785852771625146747,78014394256556,34894675793,0
/control/command/control_cmd,34894675793,1785852771625602975,78014394712847,34894675793,80
/sensing/lidar/top/pointcloud_raw_ex,34894675793,1785852771630106636,78014399216574,34894675793,237432
/localization/pose_estimator/pose_with_covariance,34894675793,1785852771632707265,78014401817047,34894675793,0
/control/command/control_cmd,34944675793,1785852771676786825,78014445897031,34944675793,80
/localization/kinematic_state,34944675793,1785852771676936092,78014446045837,34944675793,0
/control/command/control_cmd,34994675794,1785852771726721076,78014495831141,34994675794,80
/localization/kinematic_state,34994675794,1785852771727065598,78014496175224,34994675794,0
/sensing/lidar/top/pointcloud_raw_ex,34994675794,1785852771732631638,78014501741672,34994675794,243480
/localization/pose_estimator/pose_with_covariance,34994675794,1785852771735348758,78014504458514,34994675794,0
/localization/kinematic_state,35044675795,1785852771775800628,78014544910746,35044675795,0
/control/command/control_cmd,35044675795,1785852771776392276,78014545502245,35044675795,80
/localization/kinematic_state,35094675796,1785852771825681814,78014594791561,35094675796,0
/control/command/control_cmd,35094675796,1785852771826237809,78014595347635,35094675796,80
/sensing/lidar/top/pointcloud_raw_ex,35094675796,1785852771830706355,78014599816190,35094675796,240824
/localization/pose_estimator/pose_with_covariance,35094675796,1785852771833643008,78014602752828,35094675796,0
/localization/kinematic_state,35144675796,1785852771875897096,78014645006936,35144675796,0
/control/command/control_cmd,35144675796,1785852771876224733,78014645334512,35144675796,80
/localization/kinematic_state,35194675797,1785852771925798202,78014694908085,35194675797,0
/control/command/control_cmd,35194675797,1785852771926390992,78014695501096,35194675797,80
/sensing/lidar/top/pointcloud_raw_ex,35194675797,1785852771931884831,78014700994903,35194675797,243960
/localization/pose_estimator/pose_with_covariance,35194675797,1785852771934437916,78014703547685,35194675797,0
/localization/kinematic_state,35244675798,1785852771976470147,78014745580247,35244675798,0
/control/command/control_cmd,35244675798,1785852771976716742,78014745826638,35244675798,80
/control/command/control_cmd,35294675799,1785852772025882681,78014794992722,35294675799,80
/localization/kinematic_state,35294675799,1785852772025919726,78014795029363,35294675799,0
/sensing/lidar/top/pointcloud_raw_ex,35294675799,1785852772030476593,78014799586495,35294675799,242136
/localization/pose_estimator/pose_with_covariance,35294675799,1785852772033212085,78014802321961,35294675799,0
/localization/kinematic_state,35344675799,1785852772076038566,78014845148338,35344675799,0
/control/command/control_cmd,35344675799,1785852772076046083,78014845155697,35344675799,80
/localization/kinematic_state,35394675800,1785852772125597827,78014894707718,35394675800,0
/control/command/control_cmd,35394675800,1785852772125820769,78014894930516,35394675800,80
/sensing/lidar/top/pointcloud_raw_ex,35394675800,1785852772131804688,78014900914727,35394675800,239512
/localization/pose_estimator/pose_with_covariance,35394675800,1785852772134327121,78014903437121,35394675800,0
/control/command/control_cmd,35444675801,1785852772177239062,78014946349024,35444675801,80
/localization/kinematic_state,35444675801,1785852772177469759,78014946579486,35444675801,0
/localization/kinematic_state,35494675802,1785852772225448040,78014994557871,35494675802,0
/control/command/control_cmd,35494675802,1785852772226201551,78014995311431,35494675802,80
/sensing/lidar/top/pointcloud_raw_ex,35494675802,1785852772233151711,78015002261710,35494675802,243544
/localization/pose_estimator/pose_with_covariance,35494675802,1785852772235744909,78015004854657,35494675802,0
/localization/kinematic_state,35544675802,1785852772276487278,78015045597196,35544675802,0
/control/command/control_cmd,35544675802,1785852772276963145,78015046072960,35544675802,80
/localization/kinematic_state,35594675803,1785852772326929392,78015096039721,35594675803,0
/control/command/control_cmd,35594675803,1785852772326947755,78015096057609,35594675803,80
/sensing/lidar/top/pointcloud_raw_ex,35594675803,1785852772330880429,78015099990209,35594675803,239160
/localization/pose_estimator/pose_with_covariance,35594675803,1785852772333927165,78015103036945,35594675803,0
/localization/kinematic_state,35644675804,1785852772376888960,78015145998939,35644675804,0
/control/command/control_cmd,35644675804,1785852772377013713,78015146123579,35644675804,80
/control/command/control_cmd,35694675805,1785852772426533481,78015195643385,35694675805,80
/localization/kinematic_state,35694675805,1785852772427057990,78015196167800,35694675805,0
/sensing/lidar/top/pointcloud_raw_ex,35694675805,1785852772434433972,78015203543827,35694675805,239096
/localization/pose_estimator/pose_with_covariance,35694675805,1785852772437300176,78015206409890,35694675805,0
/localization/kinematic_state,35744675805,1785852772476788241,78015245898120,35744675805,0
/control/command/control_cmd,35744675805,1785852772476798467,78015245908097,35744675805,80
/localization/kinematic_state,35794675806,1785852772525730894,78015294840922,35794675806,0
/control/command/control_cmd,35794675806,1785852772526374039,78015295483715,35794675806,80
/sensing/lidar/top/pointcloud_raw_ex,35794675806,1785852772530802411,78015299912242,35794675806,243288
/localization/pose_estimator/pose_with_covariance,35794675806,1785852772533286316,78015302396071,35794675806,0
/localization/kinematic_state,35844675807,1785852772576816007,78015345926071,35844675807,0
/control/command/control_cmd,35844675807,1785852772576829315,78015345938999,35844675807,80
/localization/kinematic_state,35894675808,1785852772625343271,78015394453393,35894675808,0
/control/command/control_cmd,35894675808,1785852772625793666,78015394903800,35894675808,80
/sensing/lidar/top/pointcloud_raw_ex,35894675808,1785852772630506514,78015399616398,35894675808,242104
/localization/pose_estimator/pose_with_covariance,35894675808,1785852772633134431,78015402244179,35894675808,0
/localization/kinematic_state,35944675808,1785852772676552090,78015445662025,35944675808,0
/control/command/control_cmd,35944675808,1785852772676564938,78015445674535,35944675808,80
/localization/kinematic_state,35994675809,1785852772727053392,78015496163563,35994675809,0
/control/command/control_cmd,35994675809,1785852772727069187,78015496178944,35994675809,80
/sensing/lidar/top/pointcloud_raw_ex,35994675809,1785852772730820688,78015499930849,35994675809,246072
/localization/pose_estimator/pose_with_covariance,35994675809,1785852772733458103,78015502568017,35994675809,0
/localization/kinematic_state,36044675810,1785852772775982517,78015545092283,36044675810,0
/control/command/control_cmd,36044675810,1785852772777328755,78015546438549,36044675810,80
/localization/kinematic_state,36094675811,1785852772825701491,78015594811265,36094675811,0
/control/command/control_cmd,36094675811,1785852772826922880,78015596032640,36094675811,80
/sensing/lidar/top/pointcloud_raw_ex,36094675811,1785852772830120704,78015599230598,36094675811,238776
/localization/pose_estimator/pose_with_covariance,36094675811,1785852772833087039,78015602196806,36094675811,0
/control/command/control_cmd,36144675811,1785852772875905665,78015645015888,36144675811,80
/localization/kinematic_state,36144675811,1785852772876567673,78015645677438,36144675811,0
/localization/kinematic_state,36194675812,1785852772925865028,78015694974903,36194675812,0
/control/command/control_cmd,36194675812,1785852772926855437,78015695965248,36194675812,80
/sensing/lidar/top/pointcloud_raw_ex,36194675812,1785852772931126272,78015700236226,36194675812,243992
/localization/pose_estimator/pose_with_covariance,36194675812,1785852772933674570,78015702784310,36194675812,0
/control/command/control_cmd,36244675813,1785852772976279679,78015745389701,36244675813,80
/localization/kinematic_state,36244675813,1785852772976535293,78015745645030,36244675813,0
/localization/kinematic_state,36294675814,1785852773025565412,78015794675439,36294675814,0
/control/command/control_cmd,36294675814,1785852773026476089,78015795585875,36294675814,80
/sensing/lidar/top/pointcloud_raw_ex,36294675814,1785852773030282226,78015799391929,36294675814,239832
/localization/pose_estimator/pose_with_covariance,36294675814,1785852773032846730,78015801956541,36294675814,0
/localization/kinematic_state,36344675814,1785852773076307984,78015845417750,36344675814,0
/control/command/control_cmd,36344675814,1785852773076473272,78015845582952,36344675814,80
/control/command/control_cmd,36394675815,1785852773125868190,78015894978464,36394675815,80
/localization/kinematic_state,36394675815,1785852773125954738,78015895064508,36394675815,0
/sensing/lidar/top/pointcloud_raw_ex,36394675815,1785852773130396396,78015899506726,36394675815,239416
/localization/pose_estimator/pose_with_covariance,36394675815,1785852773132700024,78015901809764,36394675815,0
/control/command/control_cmd,36444675816,1785852773176430809,78015945540856,36444675816,80
/localization/kinematic_state,36444675816,1785852773176758748,78015945868565,36444675816,0
/localization/kinematic_state,36494675817,1785852773226197283,78015995307290,36494675817,0
/control/command/control_cmd,36494675817,1785852773227752982,78015996862912,36494675817,80
/sensing/lidar/top/pointcloud_raw_ex,36494675817,1785852773230964831,78016000074803,36494675817,240376
/localization/pose_estimator/pose_with_covariance,36494675817,1785852773233476144,78016002586025,36494675817,0
/localization/kinematic_state,36544675817,1785852773275924008,78016045033739,36544675817,0
/control/command/control_cmd,36544675817,1785852773276517322,78016045627179,36544675817,80
/control/command/control_cmd,36594675818,1785852773326016215,78016095126306,36594675818,80
/localization/kinematic_state,36594675818,1785852773326118749,78016095228478,36594675818,0
/sensing/lidar/top/pointcloud_raw_ex,36594675818,1785852773331014646,78016100124645,36594675818,239064
/localization/pose_estimator/pose_with_covariance,36594675818,1785852773333685800,78016102795803,36594675818,0
/control/command/control_cmd,36644675819,1785852773375774315,78016144884154,36644675819,80
/localization/kinematic_state,36644675819,1785852773375852931,78016144962609,36644675819,0
/localization/kinematic_state,36694675820,1785852773425966811,78016195077174,36694675820,0
/control/command/control_cmd,36694675820,1785852773427925850,78016197035629,36694675820,80
/sensing/lidar/top/pointcloud_raw_ex,36694675820,1785852773430954770,78016200064562,36694675820,241688
/localization/pose_estimator/pose_with_covariance,36694675820,1785852773434011877,78016203121639,36694675820,0
/control/command/control_cmd,36744675820,1785852773475746081,78016244855976,36744675820,80
/localization/kinematic_state,36744675820,1785852773476265997,78016245375690,36744675820,0
/control/command/control_cmd,36794675821,1785852773525789507,78016294899406,36794675821,80
/localization/kinematic_state,36794675821,1785852773525958308,78016295068156,36794675821,0
/sensing/lidar/top/pointcloud_raw_ex,36794675821,1785852773530769674,78016299879840,36794675821,241208
/localization/pose_estimator/pose_with_covariance,36794675821,1785852773533882072,78016302991852,36794675821,0
/localization/kinematic_state,36844675822,1785852773577255418,78016346365332,36844675822,0
/control/command/control_cmd,36844675822,1785852773577267913,78016346377580,36844675822,80
/localization/kinematic_state,36894675823,1785852773625242335,78016394352114,36894675823,0
/control/command/control_cmd,36894675823,1785852773626250013,78016395359807,36894675823,80
/sensing/lidar/top/pointcloud_raw_ex,36894675823,1785852773630602464,78016399712524,36894675823,239544
/localization/pose_estimator/pose_with_covariance,36894675823,1785852773633282617,78016402392311,36894675823,0
/control/command/control_cmd,36944675823,1785852773675888732,78016444998678,36944675823,80
/localization/kinematic_state,36944675823,1785852773676123183,78016445232961,36944675823,0
/localization/kinematic_state,36994675824,1785852773725487519,78016494597257,36994675824,0
/control/command/control_cmd,36994675824,1785852773726853190,78016495962950,36994675824,80
/sensing/lidar/top/pointcloud_raw_ex,36994675824,1785852773731404503,78016500514350,36994675824,243704
/localization/pose_estimator/pose_with_covariance,36994675824,1785852773734981438,78016504091320,36994675824,0
/localization/kinematic_state,37044675825,1785852773776028747,78016545138752,37044675825,0
/control/command/control_cmd,37044675825,1785852773776255335,78016545365265,37044675825,80
/localization/kinematic_state,37094675826,1785852773825785611,78016594895365,37094675826,0
/control/command/control_cmd,37094675826,1785852773826025417,78016595135181,37094675826,80
/sensing/lidar/top/pointcloud_raw_ex,37094675826,1785852773830532879,78016599642876,37094675826,243448
/localization/pose_estimator/pose_with_covariance,37094675826,1785852773833428269,78016602538047,37094675826,0
/localization/kinematic_state,37144675826,1785852773876067259,78016645177141,37144675826,0
/control/command/control_cmd,37144675826,1785852773876987821,78016646097794,37144675826,80
/localization/kinematic_state,37194675827,1785852773925614273,78016694724178,37194675827,0
/control/command/control_cmd,37194675827,1785852773926159683,78016695269494,37194675827,80
/sensing/lidar/top/pointcloud_raw_ex,37194675827,1785852773930445153,78016699555127,37194675827,239416
/localization/pose_estimator/pose_with_covariance,37194675827,1785852773933208707,78016702318568,37194675827,0
/localization/kinematic_state,37244675828,1785852773975787774,78016744897775,37244675828,0
/control/command/control_cmd,37244675828,1785852773976607573,78016745717352,37244675828,80
/localization/kinematic_state,37294675829,1785852774025264593,78016794374451,37294675829,0
/control/command/control_cmd,37294675829,1785852774025684990,78016794794858,37294675829,80
/sensing/lidar/top/pointcloud_raw_ex,37294675829,1785852774031955831,78016801065818,37294675829,238872
/localization/pose_estimator/pose_with_covariance,37294675829,1785852774034767577,78016803877404,37294675829,0
/localization/kinematic_state,37344675829,1785852774075531110,78016844640929,37344675829,0
/control/command/control_cmd,37344675829,1785852774075997965,78016845107676,37344675829,80
/localization/kinematic_state,37394675830,1785852774125752470,78016894862273,37394675830,0
/control/command/control_cmd,37394675830,1785852774126526434,78016895636161,37394675830,80
/sensing/lidar/top/pointcloud_raw_ex,37394675830,1785852774131922868,78016901032918,37394675830,237560
/localization/pose_estimator/pose_with_covariance,37394675830,1785852774134792133,78016903901903,37394675830,0
/localization/kinematic_state,37444675831,1785852774177068895,78016946178898,37444675831,0
/control/command/control_cmd,37444675831,1785852774177079628,78016946189235,37444675831,80
/localization/kinematic_state,37494675831,1785852774225853612,78016994963446,37494675831,0
/control/command/control_cmd,37494675831,1785852774226832649,78016995942471,37494675831,80
/sensing/lidar/top/pointcloud_raw_ex,37494675831,1785852774230905265,78017000015084,37494675831,241784
/localization/pose_estimator/pose_with_covariance,37494675831,1785852774234455615,78017003565392,37494675831,0
/localization/kinematic_state,37544675832,1785852774275925920,78017045035709,37544675832,0
/control/command/control_cmd,37544675832,1785852774276412161,78017045521969,37544675832,80
/localization/kinematic_state,37594675833,1785852774326057691,78017095167686,37594675833,0
/control/command/control_cmd,37594675833,1785852774326960654,78017096070442,37594675833,80
/sensing/lidar/top/pointcloud_raw_ex,37594675833,1785852774332789065,78017101898944,37594675833,241336
/localization/pose_estimator/pose_with_covariance,37594675833,1785852774336103928,78017105213704,37594675833,0
/localization/kinematic_state,37644675834,1785852774376340407,78017145450173,37644675834,0
/control/command/control_cmd,37644675834,1785852774376931974,78017146041808,37644675834,80
/localization/kinematic_state,37694675834,1785852774426050999,78017195160695,37694675834,0
/control/command/control_cmd,37694675834,1785852774427112065,78017196221867,37694675834,80
/sensing/lidar/top/pointcloud_raw_ex,37694675834,1785852774431645841,78017200755630,37694675834,240312
/localization/pose_estimator/pose_with_covariance,37694675834,1785852774434713128,78017203822891,37694675834,0
/localization/kinematic_state,37744675835,1785852774476000476,78017245110327,37744675835,0
/control/command/control_cmd,37744675835,1785852774476189609,78017245299513,37744675835,80
/localization/kinematic_state,37794675836,1785852774525865377,78017294975362,37794675836,0
/control/command/control_cmd,37794675836,1785852774525873368,78017294983034,37794675836,80
/sensing/lidar/top/pointcloud_raw_ex,37794675836,1785852774531828044,78017300937851,37794675836,240984
/localization/pose_estimator/pose_with_covariance,37794675836,1785852774534317492,78017303427269,37794675836,0
/control/command/control_cmd,37844675837,1785852774576162507,78017345272853,37844675837,80
/localization/kinematic_state,37844675837,1785852774576742138,78017345851892,37844675837,0
/localization/kinematic_state,37894675837,1785852774625660285,78017394770241,37894675837,0
/control/command/control_cmd,37894675837,1785852774625669819,78017394779456,37894675837,80
/sensing/lidar/top/pointcloud_raw_ex,37894675837,1785852774631485883,78017400596341,37894675837,238584
/localization/pose_estimator/pose_with_covariance,37894675837,1785852774634241620,78017403351495,37894675837,0
/localization/kinematic_state,37944675838,1785852774676108847,78017445218730,37944675838,0
/control/command/control_cmd,37944675838,1785852774676447658,78017445557607,37944675838,80
/localization/kinematic_state,37994675839,1785852774726410962,78017495520942,37994675839,0
/control/command/control_cmd,37994675839,1785852774726426050,78017495535673,37994675839,80
/sensing/lidar/top/pointcloud_raw_ex,37994675839,1785852774730219289,78017499329081,37994675839,237560
/localization/pose_estimator/pose_with_covariance,37994675839,1785852774732790361,78017501900106,37994675839,0
/control/command/control_cmd,38044675840,1785852774776044719,78017545154682,38044675840,80
/localization/kinematic_state,38044675840,1785852774776110364,78017545220021,38044675840,0
/control/command/control_cmd,38094675840,1785852774826289756,78017595399908,38094675840,80
/localization/kinematic_state,38094675840,1785852774826501848,78017595611527,38094675840,0
/sensing/lidar/top/pointcloud_raw_ex,38094675840,1785852774831286782,78017600396997,38094675840,240792
/localization/pose_estimator/pose_with_covariance,38094675840,1785852774834312640,78017603422608,38094675840,0
/control/command/control_cmd,38144675841,1785852774876010827,78017645120979,38144675841,80
/localization/kinematic_state,38144675841,1785852774876269485,78017645379199,38144675841,0
/localization/kinematic_state,38194675842,1785852774925925228,78017695035154,38194675842,0
/control/command/control_cmd,38194675842,1785852774926152872,78017695262707,38194675842,80
/sensing/lidar/top/pointcloud_raw_ex,38194675842,1785852774931304259,78017700414208,38194675842,239032
/localization/pose_estimator/pose_with_covariance,38194675842,1785852774934814801,78017703924671,38194675842,0
/localization/kinematic_state,38244675843,1785852774975653337,78017744763190,38244675843,0
/control/command/control_cmd,38244675843,1785852774975969826,78017745079711,38244675843,80
/localization/kinematic_state,38294675843,1785852775025391341,78017794501249,38294675843,0
/control/command/control_cmd,38294675843,1785852775027929032,78017797038972,38294675843,80
/sensing/lidar/top/pointcloud_raw_ex,38294675843,1785852775031097866,78017800207861,38294675843,241464
/localization/pose_estimator/pose_with_covariance,38294675843,1785852775033624562,78017802734354,38294675843,0
/localization/kinematic_state,38344675844,1785852775076604324,78017845714290,38344675844,0
/control/command/control_cmd,38344675844,1785852775076616166,78017845725789,38344675844,80
/localization/kinematic_state,38394675845,1785852775126148357,78017895258504,38394675845,0
/control/command/control_cmd,38394675845,1785852775126167014,78017895276622,38394675845,80
/sensing/lidar/top/pointcloud_raw_ex,38394675845,1785852775131019964,78017900130085,38394675845,240504
/localization/pose_estimator/pose_with_covariance,38394675845,1785852775133798422,78017902908219,38394675845,0
/localization/kinematic_state,38444675846,1785852775175834451,78017944944282,38444675846,0
/control/command/control_cmd,38444675846,1785852775176444506,78017945554321,38444675846,80
/localization/kinematic_state,38494675846,1785852775225830698,78017994940714,38494675846,0
/control/command/control_cmd,38494675846,1785852775225968300,78017995077967,38494675846,80
/sensing/lidar/top/pointcloud_raw_ex,38494675846,1785852775230908107,78018000018248,38494675846,239864
/localization/pose_estimator/pose_with_covariance,38494675846,1785852775233584147,78018002693931,38494675846,0
/localization/kinematic_state,38544675847,1785852775275957889,78018045067927,38544675847,0
/control/command/control_cmd,38544675847,1785852775276445820,78018045555866,38544675847,80
/control/command/control_cmd,38594675848,1785852775326105569,78018095215622,38594675848,80
/localization/kinematic_state,38594675848,1785852775326592114,78018095701913,38594675848,0
/sensing/lidar/top/pointcloud_raw_ex,38594675848,1785852775332428861,78018101538830,38594675848,241848
/localization/pose_estimator/pose_with_covariance,38594675848,1785852775335718318,78018104828185,38594675848,0
/localization/kinematic_state,38644675849,1785852775376282362,78018145392237,38644675849,0
/control/command/control_cmd,38644675849,1785852775376833406,78018145943310,38644675849,80
/localization/kinematic_state,38694675849,1785852775425747388,78018194857175,38694675849,0
/control/command/control_cmd,38694675849,1785852775425796707,78018194906508,38694675849,80
/sensing/lidar/top/pointcloud_raw_ex,38694675849,1785852775431045793,78018200156033,38694675849,239928
/localization/pose_estimator/pose_with_covariance,38694675849,1785852775433790626,78018202900566,38694675849,0
/localization/kinematic_state,38744675850,1785852775476111800,78018245221547,38744675850,0
/control/command/control_cmd,38744675850,1785852775476606598,78018245716506,38744675850,80
/localization/kinematic_state,38794675851,1785852775525356889,78018294466629,38794675851,0
/control/command/control_cmd,38794675851,1785852775526238996,78018295348795,38794675851,80
/sensing/lidar/top/pointcloud_raw_ex,38794675851,1785852775531322232,78018300432346,38794675851,240088
/localization/pose_estimator/pose_with_covariance,38794675851,1785852775534672192,78018303781881,38794675851,0
/localization/kinematic_state,38844675852,1785852775575752679,78018344862538,38844675852,0
/control/command/control_cmd,38844675852,1785852775577931195,78018347041015,38844675852,80
/localization/kinematic_state,38894675852,1785852775625309685,78018394419414,38894675852,0
/control/command/control_cmd,38894675852,1785852775625803966,78018394913763,38894675852,80
/sensing/lidar/top/pointcloud_raw_ex,38894675852,1785852775631355611,78018400465768,38894675852,241304
/localization/pose_estimator/pose_with_covariance,38894675852,1785852775634177467,78018403287353,38894675852,0
/localization/kinematic_state,38944675853,1785852775676549201,78018445658965,38944675853,0
/control/command/control_cmd,38944675853,1785852775676567610,78018445677249,38944675853,80
/localization/kinematic_state,38994675854,1785852775725875257,78018494985125,38994675854,0
/control/command/control_cmd,38994675854,1785852775726392548,78018495502272,38994675854,80
/sensing/lidar/top/pointcloud_raw_ex,38994675854,1785852775732552649,78018501662712,38994675854,242264
/localization/pose_estimator/pose_with_covariance,38994675854,1785852775735677930,78018504787659,38994675854,0
/localization/kinematic_state,39044675855,1785852775777937528,78018547047379,39044675855,0
/control/command/control_cmd,39044675855,1785852775777947863,78018547057496,39044675855,80
/control/command/control_cmd,39094675855,1785852775826263659,78018595373562,39094675855,80
/localization/kinematic_state,39094675855,1785852775827749630,78018596859322,39094675855,0
/sensing/lidar/top/pointcloud_raw_ex,39094675855,1785852775831151100,78018600260892,39094675855,240856
/localization/pose_estimator/pose_with_covariance,39094675855,1785852775833943536,78018603053324,39094675855,0
/control/command/control_cmd,39144675856,1785852775876068103,78018645178722,39144675856,80
/localization/kinematic_state,39144675856,1785852775877065525,78018646175414,39144675856,0
/localization/kinematic_state,39194675857,1785852775925513187,78018694623094,39194675857,0
/control/command/control_cmd,39194675857,1785852775926383484,78018695493323,39194675857,80
/sensing/lidar/top/pointcloud_raw_ex,39194675857,1785852775931507197,78018700617000,39194675857,241976
/localization/pose_estimator/pose_with_covariance,39194675857,1785852775934021223,78018703131109,39194675857,0
/localization/kinematic_state,39244675858,1785852775976132100,78018745241953,39244675858,0
/control/command/control_cmd,39244675858,1785852775976234411,78018745344401,39244675858,80
/localization/kinematic_state,39294675858,1785852776025572624,78018794682478,39294675858,0
/control/command/control_cmd,39294675858,1785852776026255435,78018795365325,39294675858,80
/sensing/lidar/top/pointcloud_raw_ex,39294675858,1785852776034667886,78018803777968,39294675858,240312
/localization/pose_estimator/pose_with_covariance,39294675858,1785852776037439980,78018806549712,39294675858,0
/localization/kinematic_state,39344675859,1785852776076073881,78018845183704,39344675859,0
/control/command/control_cmd,39344675859,1785852776076939520,78018846049467,39344675859,80
/localization/kinematic_state,39394675860,1785852776126219162,78018895328948,39394675860,0
/control/command/control_cmd,39394675860,1785852776126758171,78018895868042,39394675860,80
/sensing/lidar/top/pointcloud_raw_ex,39394675860,1785852776130979741,78018900089979,39394675860,237784
/localization/pose_estimator/pose_with_covariance,39394675860,1785852776133685363,78018902795123,39394675860,0
/localization/kinematic_state,39444675861,1785852776176022285,78018945132052,39444675861,0
/control/command/control_cmd,39444675861,1785852776176448665,78018945558550,39444675861,80
/localization/kinematic_state,39494675861,1785852776227627267,78018996737228,39494675861,0
/control/command/control_cmd,39494675861,1785852776227640567,78018996750192,39494675861,80
/sensing/lidar/top/pointcloud_raw_ex,39494675861,1785852776231428552,78019000538417,39494675861,241688
/localization/pose_estimator/pose_with_covariance,39494675861,1785852776234167181,78019003277004,39494675861,0
/localization/kinematic_state,39544675862,1785852776276281573,78019045391313,39544675862,0
/control/command/control_cmd,39544675862,1785852776276898992,78019046008803,39544675862,80
/localization/kinematic_state,39594675863,1785852776325676655,78019094786486,39594675863,0
/control/command/control_cmd,39594675863,1785852776326228257,78019095338150,39594675863,80
/sensing/lidar/top/pointcloud_raw_ex,39594675863,1785852776330406549,78019099516477,39594675863,238200
/localization/pose_estimator/pose_with_covariance,39594675863,1785852776333189598,78019102299382,39594675863,0
/control/command/control_cmd,39644675864,1785852776376074553,78019145184659,39644675864,80
/localization/kinematic_state,39644675864,1785852776376106380,78019145216000,39644675864,0
/localization/kinematic_state,39694675864,1785852776426364116,78019195474012,39694675864,0
/control/command/control_cmd,39694675864,1785852776427314449,78019196424273,39694675864,80
/sensing/lidar/top/pointcloud_raw_ex,39694675864,1785852776431232670,78019200342834,39694675864,240312
/localization/pose_estimator/pose_with_covariance,39694675864,1785852776434465138,78019203574915,39694675864,0
/control/command/control_cmd,39744675865,1785852776476720283,78019245830278,39744675865,80
/localization/kinematic_state,39744675865,1785852776477023470,78019246133203,39744675865,0
/localization/kinematic_state,39794675866,1785852776526039362,78019295149206,39794675866,0
/control/command/control_cmd,39794675866,1785852776526588460,78019295698290,39794675866,80
/sensing/lidar/top/pointcloud_raw_ex,39794675866,1785852776531135625,78019300245414,39794675866,241464
/localization/pose_estimator/pose_with_covariance,39794675866,1785852776534341716,78019303451385,39794675866,0
/localization/kinematic_state,39844675867,1785852776576223331,78019345333388,39844675867,0
/control/command/control_cmd,39844675867,1785852776577302422,78019346412334,39844675867,80
/localization/kinematic_state,39894675867,1785852776625380091,78019394489949,39894675867,0
/control/command/control_cmd,39894675867,1785852776625974576,78019395084340,39894675867,80
/sensing/lidar/top/pointcloud_raw_ex,39894675867,1785852776631252702,78019400362581,39894675867,239960
/localization/pose_estimator/pose_with_covariance,39894675867,1785852776633889087,78019402998818,39894675867,0
/localization/kinematic_state,39944675868,1785852776676602790,78019445712663,39944675868,0
/control/command/control_cmd,39944675868,1785852776676612465,78019445760244,39944675868,80
/localization/kinematic_state,39994675869,1785852776727011648,78019496121537,39994675869,0
/control/command/control_cmd,39994675869,1785852776727021704,78019496131325,39994675869,80
/sensing/lidar/top/pointcloud_raw_ex,39994675869,1785852776731355757,78019500465550,39994675869,240632
/localization/pose_estimator/pose_with_covariance,39994675869,1785852776735408833,78019504518644,39994675869,0
/control/command/control_cmd,40044675869,1785852776776864168,78019545974746,40044675869,80
/localization/kinematic_state,40044675869,1785852776777207030,78019546316753,40044675869,0
/localization/kinematic_state,40094675870,1785852776825792966,78019594902978,40094675870,0
/control/command/control_cmd,40094675870,1785852776826918470,78019596028271,40094675870,80
/sensing/lidar/top/pointcloud_raw_ex,40094675870,1785852776830742354,78019599852216,40094675870,239224
/localization/pose_estimator/pose_with_covariance,40094675870,1785852776833527069,78019602636857,40094675870,0
/localization/kinematic_state,40144675871,1785852776876143293,78019645253104,40144675871,0
/control/command/control_cmd,40144675871,1785852776876447672,78019645557477,40144675871,80
/localization/kinematic_state,40194675872,1785852776925961251,78019695071064,40194675872,0
/control/command/control_cmd,40194675872,1785852776927382688,78019696492463,40194675872,80
/sensing/lidar/top/pointcloud_raw_ex,40194675872,1785852776931790372,78019700900165,40194675872,242456
/localization/pose_estimator/pose_with_covariance,40194675872,1785852776935252948,78019704363500,40194675872,0
/localization/kinematic_state,40244675872,1785852776975625039,78019744735032,40244675872,0
/control/command/control_cmd,40244675872,1785852776976307515,78019745417477,40244675872,80
/localization/kinematic_state,40294675873,1785852777025272006,78019794381924,40294675873,0
/control/command/control_cmd,40294675873,1785852777025636392,78019794746104,40294675873,80
/sensing/lidar/top/pointcloud_raw_ex,40294675873,1785852777030663206,78019799773515,40294675873,240568
/localization/pose_estimator/pose_with_covariance,40294675873,1785852777033861789,78019802971525,40294675873,0
/localization/kinematic_state,40344675874,1785852777075560864,78019844670772,40344675874,0
/control/command/control_cmd,40344675874,1785852777076138283,78019845248188,40344675874,80
/localization/kinematic_state,40394675875,1785852777125696344,78019894806401,40394675875,0
/control/command/control_cmd,40394675875,1785852777126421619,78019895531298,40394675875,80
/sensing/lidar/top/pointcloud_raw_ex,40394675875,1785852777130721027,78019899830899,40394675875,236920
/localization/pose_estimator/pose_with_covariance,40394675875,1785852777133832533,78019902942219,40394675875,0
/localization/kinematic_state,40444675875,1785852777175994868,78019945104593,40444675875,0
/control/command/control_cmd,40444675875,1785852777177087291,78019946197150,40444675875,80
/control/command/control_cmd,40494675876,1785852777226000845,78019995110888,40494675876,80
/localization/kinematic_state,40494675876,1785852777226917133,78019996026814,40494675876,0
/sensing/lidar/top/pointcloud_raw_ex,40494675876,1785852777231300906,78020000410742,40494675876,237560
/localization/pose_estimator/pose_with_covariance,40494675876,1785852777234997784,78020004107528,40494675876,0
/localization/kinematic_state,40544675877,1785852777276141474,78020045251371,40544675877,0
/control/command/control_cmd,40544675877,1785852777276412365,78020045522064,40544675877,80
/localization/kinematic_state,40594675878,1785852777325764256,78020094873998,40594675878,0
/control/command/control_cmd,40594675878,1785852777326397645,78020095507493,40594675878,80
/sensing/lidar/top/pointcloud_raw_ex,40594675878,1785852777330785335,78020099895219,40594675878,240728
/localization/pose_estimator/pose_with_covariance,40594675878,1785852777334330536,78020103440326,40594675878,0
/localization/kinematic_state,40644675878,1785852777375844461,78020144954173,40644675878,0
/control/command/control_cmd,40644675878,1785852777376667638,78020145777495,40644675878,80
/control/command/control_cmd,40694675879,1785852777426406959,78020195517002,40694675879,80
/localization/kinematic_state,40694675879,1785852777426990796,78020196100565,40694675879,0
/sensing/lidar/top/pointcloud_raw_ex,40694675879,1785852777431193268,78020200303255,40694675879,240152
/localization/pose_estimator/pose_with_covariance,40694675879,1785852777433809523,78020202919302,40694675879,0
/localization/kinematic_state,40744675880,1785852777477028134,78020246137985,40744675880,0
/control/command/control_cmd,40744675880,1785852777477045831,78020246155444,40744675880,80
/localization/kinematic_state,40794675881,1785852777526275007,78020295384804,40794675881,0
/control/command/control_cmd,40794675881,1785852777526667854,78020295777613,40794675881,80
/sensing/lidar/top/pointcloud_raw_ex,40794675881,1785852777531403670,78020300513542,40794675881,239928
/localization/pose_estimator/pose_with_covariance,40794675881,1785852777535737721,78020304847612,40794675881,0
/localization/kinematic_state,40844675881,1785852777578002940,78020347112605,40844675881,0
/control/command/control_cmd,40844675881,1785852777578008128,78020347117753,40844675881,80
/localization/kinematic_state,40894675882,1785852777625534806,78020394644655,40894675882,0
/control/command/control_cmd,40894675882,1785852777625544883,78020394654493,40894675882,80
/sensing/lidar/top/pointcloud_raw_ex,40894675882,1785852777630495746,78020399605462,40894675882,241272
/localization/pose_estimator/pose_with_covariance,40894675882,1785852777633477177,78020402587020,40894675882,0
/control/command/control_cmd,40944675883,1785852777676300702,78020445410734,40944675883,80
/localization/kinematic_state,40944675883,1785852777676802221,78020445911974,40944675883,0
/localization/kinematic_state,40994675884,1785852777725799720,78020494909408,40994675884,0
/control/command/control_cmd,40994675884,1785852777726571988,78020495681857,40994675884,80
/sensing/lidar/top/pointcloud_raw_ex,40994675884,1785852777732534473,78020501644702,40994675884,239448
/localization/pose_estimator/pose_with_covariance,40994675884,1785852777735743164,78020504853051,40994675884,0
/localization/kinematic_state,41044675884,1785852777776064215,78020545174175,41044675884,0
/control/command/control_cmd,41044675884,1785852777777593696,78020546703694,41044675884,80
/localization/kinematic_state,41094675885,1785852777825831609,78020594941607,41094675885,0
/control/command/control_cmd,41094675885,1785852777826272404,78020595382201,41094675885,80
/sensing/lidar/top/pointcloud_raw_ex,41094675885,1785852777830723780,78020599833607,41094675885,237368
/localization/pose_estimator/pose_with_covariance,41094675885,1785852777834300936,78020603410826,41094675885,0
/control/command/control_cmd,41144675886,1785852777875941903,78020645051802,41144675886,80
/localization/kinematic_state,41144675886,1785852777879136340,78020648246190,41144675886,0
/control/command/control_cmd,41194675887,1785852777925860210,78020694970138,41194675887,80
/localization/kinematic_state,41194675887,1785852777925921956,78020695031578,41194675887,0
/sensing/lidar/top/pointcloud_raw_ex,41194675887,1785852777930495582,78020699605520,41194675887,238008
/localization/pose_estimator/pose_with_covariance,41194675887,1785852777933433105,78020702542842,41194675887,0
/control/command/control_cmd,41244675887,1785852777976561070,78020745670887,41244675887,80
/localization/kinematic_state,41244675887,1785852777977263200,78020746372985,41244675887,0
/localization/kinematic_state,41294675888,1785852778026397526,78020795507262,41294675888,0
/control/command/control_cmd,41294675888,1785852778026612922,78020795722887,41294675888,80
/sensing/lidar/top/pointcloud_raw_ex,41294675888,1785852778032139814,78020801249905,41294675888,244056
/localization/pose_estimator/pose_with_covariance,41294675888,1785852778034749995,78020803859761,41294675888,0
/localization/kinematic_state,41344675889,1785852778076254489,78020845364233,41344675889,0
/control/command/control_cmd,41344675889,1785852778076666812,78020845776572,41344675889,80
/localization/kinematic_state,41394675890,1785852778125744574,78020894854446,41394675890,0
/control/command/control_cmd,41394675890,1785852778126874145,78020895983942,41394675890,80
/sensing/lidar/top/pointcloud_raw_ex,41394675890,1785852778130867768,78020899977570,41394675890,237112
/localization/pose_estimator/pose_with_covariance,41394675890,1785852778135305705,78020904415488,41394675890,0
/localization/kinematic_state,41444675890,1785852778176296012,78020945405873,41444675890,0
/control/command/control_cmd,41444675890,1785852778176426189,78020945535851,41444675890,80
/control/command/control_cmd,41494675891,1785852778225785319,78020994895430,41494675891,80
/localization/kinematic_state,41494675891,1785852778225967893,78020995077692,41494675891,0
/sensing/lidar/top/pointcloud_raw_ex,41494675891,1785852778232214068,78021001324205,41494675891,242104
/localization/pose_estimator/pose_with_covariance,41494675891,1785852778234903735,78021004013462,41494675891,0
/localization/kinematic_state,41544675892,1785852778276969618,78021046079541,41544675892,0
/control/command/control_cmd,41544675892,1785852778276978517,78021046088125,41544675892,80
/localization/kinematic_state,41594675893,1785852778325853515,78021094963398,41594675893,0
/control/command/control_cmd,41594675893,1785852778325869108,78021094978728,41594675893,80
/sensing/lidar/top/pointcloud_raw_ex,41594675893,1785852778330596063,78021099706136,41594675893,241560
/localization/pose_estimator/pose_with_covariance,41594675893,1785852778333561328,78021102671097,41594675893,0
/localization/kinematic_state,41644675893,1785852778376093287,78021145203180,41644675893,0
/control/command/control_cmd,41644675893,1785852778376399599,78021145509485,41644675893,80
/localization/kinematic_state,41694675894,1785852778425719987,78021194829897,41694675894,0
/control/command/control_cmd,41694675894,1785852778426332515,78021195442337,41694675894,80
/sensing/lidar/top/pointcloud_raw_ex,41694675894,1785852778430677818,78021199787565,41694675894,240952
/localization/pose_estimator/pose_with_covariance,41694675894,1785852778433622308,78021202732078,41694675894,0
/localization/kinematic_state,41744675895,1785852778476242897,78021245353079,41744675895,0
/control/command/control_cmd,41744675895,1785852778476276964,78021245386791,41744675895,80
/localization/kinematic_state,41794675896,1785852778525765415,78021294875406,41794675896,0
/control/command/control_cmd,41794675896,1785852778526669648,78021295779395,41794675896,80
/sensing/lidar/top/pointcloud_raw_ex,41794675896,1785852778531169983,78021300279792,41794675896,240920
/localization/pose_estimator/pose_with_covariance,41794675896,1785852778534522514,78021303632317,41794675896,0
/control/command/control_cmd,41844675896,1785852778576301136,78021345411069,41844675896,80
/localization/kinematic_state,41844675896,1785852778576522133,78021345631883,41844675896,0
/localization/kinematic_state,41894675897,1785852778625474244,78021394584068,41894675897,0
/control/command/control_cmd,41894675897,1785852778625652174,78021394762020,41894675897,80
/sensing/lidar/top/pointcloud_raw_ex,41894675897,1785852778630406534,78021399516476,41894675897,242488
/localization/pose_estimator/pose_with_covariance,41894675897,1785852778633818848,78021402928775,41894675897,0
/localization/kinematic_state,41944675898,1785852778676122350,78021445232101,41944675898,0
/control/command/control_cmd,41944675898,1785852778676586279,78021445696169,41944675898,80
/localization/kinematic_state,41994675899,1785852778726140355,78021495250336,41994675899,0
/control/command/control_cmd,41994675899,1785852778726150578,78021495260192,41994675899,80
/sensing/lidar/top/pointcloud_raw_ex,41994675899,1785852778731649227,78021500759040,41994675899,237976
/localization/pose_estimator/pose_with_covariance,41994675899,1785852778734222941,78021503332770,41994675899,0
/localization/kinematic_state,42044675899,1785852778776846657,78021545956599,42044675899,0
/control/command/control_cmd,42044675899,1785852778776936090,78021546045963,42044675899,80
/localization/kinematic_state,42094675900,1785852778826024878,78021595134783,42094675900,0
/control/command/control_cmd,42094675900,1785852778826502086,78021595611811,42094675900,80
/sensing/lidar/top/pointcloud_raw_ex,42094675900,1785852778830365443,78021599475272,42094675900,241144
/localization/pose_estimator/pose_with_covariance,42094675900,1785852778833242592,78021602352364,42094675900,0
/localization/kinematic_state,42144675901,1785852778875715177,78021644825053,42144675901,0
/control/command/control_cmd,42144675901,1785852778876233234,78021645343127,42144675901,80
/localization/kinematic_state,42194675902,1785852778926076632,78021695186417,42194675902,0
/control/command/control_cmd,42194675902,1785852778926414841,78021695524673,42194675902,80
/sensing/lidar/top/pointcloud_raw_ex,42194675902,1785852778931672597,78021700782530,42194675902,240760
/localization/pose_estimator/pose_with_covariance,42194675902,1785852778934612892,78021703722676,42194675902,0
/control/command/control_cmd,42244675902,1785852778975658465,78021744768479,42244675902,80
/localization/kinematic_state,42244675902,1785852778975746859,78021744856506,42244675902,0
/localization/kinematic_state,42294675903,1785852779025859207,78021794968882,42294675903,0
/control/command/control_cmd,42294675903,1785852779027093701,78021796203603,42294675903,80
/sensing/lidar/top/pointcloud_raw_ex,42294675903,1785852779030741327,78021799851117,42294675903,240984
/localization/pose_estimator/pose_with_covariance,42294675903,1785852779033716169,78021802826059,42294675903,0
/control/command/control_cmd,42344675904,1785852779075720290,78021844830143,42344675904,80
/localization/kinematic_state,42344675904,1785852779076191034,78021845300799,42344675904,0
/localization/kinematic_state,42394675905,1785852779125989602,78021895099359,42394675905,0
/control/command/control_cmd,42394675905,1785852779126491640,78021895601420,42394675905,80
/sensing/lidar/top/pointcloud_raw_ex,42394675905,1785852779131265932,78021900375801,42394675905,244440
/localization/pose_estimator/pose_with_covariance,42394675905,1785852779134236135,78021903346008,42394675905,0
/control/command/control_cmd,42444675905,1785852779176196483,78021945306422,42444675905,80
/localization/kinematic_state,42444675905,1785852779176497211,78021945606932,42444675905,0
/localization/kinematic_state,42494675906,1785852779226058157,78021995168007,42494675906,0
/control/command/control_cmd,42494675906,1785852779226887695,78021995997474,42494675906,80
/sensing/lidar/top/pointcloud_raw_ex,42494675906,1785852779231848561,78022000958706,42494675906,240792
/localization/pose_estimator/pose_with_covariance,42494675906,1785852779234896296,78022004006130,42494675906,0
/localization/kinematic_state,42544675907,1785852779275584383,78022044694155,42544675907,0
/control/command/control_cmd,42544675907,1785852779276088316,78022045198198,42544675907,80
/localization/kinematic_state,42594675907,1785852779325703036,78022094813019,42594675907,0
/control/command/control_cmd,42594675907,1785852779325825280,78022094935172,42594675907,80
/sensing/lidar/top/pointcloud_raw_ex,42594675907,1785852779331489661,78022100599679,42594675907,237240
/localization/pose_estimator/pose_with_covariance,42594675907,1785852779334165646,78022103275413,42594675907,0
/localization/kinematic_state,42644675908,1785852779376395755,78022145505510,42644675908,0
/control/command/control_cmd,42644675908,1785852779376484675,78022145594588,42644675908,80
/localization/kinematic_state,42694675909,1785852779426738273,78022195848112,42694675909,0
/control/command/control_cmd,42694675909,1785852779426747040,78022195856642,42694675909,80
/sensing/lidar/top/pointcloud_raw_ex,42694675909,1785852779431094578,78022200204436,42694675909,239032
/localization/pose_estimator/pose_with_covariance,42694675909,1785852779434246848,78022203356624,42694675909,0
/control/command/control_cmd,42744675910,1785852779476413796,78022245523769,42744675910,80
/localization/kinematic_state,42744675910,1785852779477522856,78022246632703,42744675910,0
/localization/kinematic_state,42794675910,1785852779525585172,78022294694990,42794675910,0
/control/command/control_cmd,42794675910,1785852779526771603,78022295881423,42794675910,80
/sensing/lidar/top/pointcloud_raw_ex,42794675910,1785852779530787690,78022299897459,42794675910,239128
/localization/pose_estimator/pose_with_covariance,42794675910,1785852779535929498,78022305039295,42794675910,0
/localization/kinematic_state,42844675911,1785852779576310818,78022345420808,42844675911,0
/control/command/control_cmd,42844675911,1785852779577393345,78022346503270,42844675911,80
/localization/kinematic_state,42894675912,1785852779625397616,78022394507559,42894675912,0
/control/command/control_cmd,42894675912,1785852779625692244,78022394802020,42894675912,80
/sensing/lidar/top/pointcloud_raw_ex,42894675912,1785852779630223659,78022399333662,42894675912,243128
/localization/pose_estimator/pose_with_covariance,42894675912,1785852779632894080,78022402004068,42894675912,0
/control/command/control_cmd,42944675913,1785852779675923092,78022445033021,42944675913,80
/localization/kinematic_state,42944675913,1785852779676263022,78022445372785,42944675913,0
/localization/kinematic_state,42994675913,1785852779726256339,78022495366112,42994675913,0
/control/command/control_cmd,42994675913,1785852779726275050,78022495384660,42994675913,80
/sensing/lidar/top/pointcloud_raw_ex,42994675913,1785852779731389613,78022500499545,42994675913,238648
/localization/pose_estimator/pose_with_covariance,42994675913,1785852779734028705,78022503138641,42994675913,0
/localization/kinematic_state,43044675914,1785852779776987568,78022546097751,43044675914,0
/control/command/control_cmd,43044675914,1785852779777069043,78022546178784,43044675914,80
/control/command/control_cmd,43094675915,1785852779826115942,78022595225773,43094675915,80
/localization/kinematic_state,43094675915,1785852779826462929,78022595572595,43094675915,0
/sensing/lidar/top/pointcloud_raw_ex,43094675915,1785852779831665225,78022600775322,43094675915,240312
/localization/pose_estimator/pose_with_covariance,43094675915,1785852779834298051,78022603407813,43094675915,0
/localization/kinematic_state,43144675916,1785852779875955933,78022645066017,43144675916,0
/control/command/control_cmd,43144675916,1785852779876245362,78022645355249,43144675916,80
/control/command/control_cmd,43194675916,1785852779927462461,78022696572430,43194675916,80
/localization/kinematic_state,43194675916,1785852779927495818,78022696605451,43194675916,0
/sensing/lidar/top/pointcloud_raw_ex,43194675916,1785852779931168298,78022700278094,43194675916,241432
/localization/pose_estimator/pose_with_covariance,43194675916,1785852779934424578,78022703534338,43194675916,0
/localization/kinematic_state,43244675917,1785852779975796794,78022744906664,43244675917,0
/control/command/control_cmd,43244675917,1785852779976868839,78022745978901,43244675917,80
/localization/kinematic_state,43294675918,1785852780025355029,78022794464957,43294675918,0
/control/command/control_cmd,43294675918,1785852780025848995,78022794958858,43294675918,80
/sensing/lidar/top/pointcloud_raw_ex,43294675918,1785852780031001122,78022800111538,43294675918,241048
/localization/pose_estimator/pose_with_covariance,43294675918,1785852780034591785,78022803701745,43294675918,0
/control/command/control_cmd,43344675919,1785852780075872713,78022844982464,43344675919,80
/localization/kinematic_state,43344675919,1785852780076175844,78022845285723,43344675919,0
/localization/kinematic_state,43394675919,1785852780126244835,78022895354863,43394675919,0
/control/command/control_cmd,43394675919,1785852780126303553,78022895413226,43394675919,80
/sensing/lidar/top/pointcloud_raw_ex,43394675919,1785852780130549174,78022899659293,43394675919,242520
/localization/pose_estimator/pose_with_covariance,43394675919,1785852780133887535,78022902997401,43394675919,0
/localization/kinematic_state,43444675920,1785852780175779059,78022944888903,43444675920,0
/control/command/control_cmd,43444675920,1785852780176393386,78022945503123,43444675920,80
/localization/kinematic_state,43494675921,1785852780225998301,78022995108124,43494675921,0
/control/command/control_cmd,43494675921,1785852780226014311,78022995123927,43494675921,80
/sensing/lidar/top/pointcloud_raw_ex,43494675921,1785852780231278362,78023000388243,43494675921,240824
/localization/pose_estimator/pose_with_covariance,43494675921,1785852780234120294,78023003230119,43494675921,0
/control/command/control_cmd,43544675922,1785852780276645171,78023045755318,43544675922,80
/localization/kinematic_state,43544675922,1785852780276991142,78023046100874,43544675922,0
/localization/kinematic_state,43594675922,1785852780325639421,78023094749337,43594675922,0
/control/command/control_cmd,43594675922,1785852780326007453,78023095117210,43594675922,80
/sensing/lidar/top/pointcloud_raw_ex,43594675922,1785852780330464272,78023099574304,43594675922,242520
/localization/pose_estimator/pose_with_covariance,43594675922,1785852780333661105,78023102771026,43594675922,0
/localization/kinematic_state,43644675923,1785852780376190509,78023145300608,43644675923,0
/control/command/control_cmd,43644675923,1785852780376659678,78023145769543,43644675923,80
/localization/kinematic_state,43694675924,1785852780426010326,78023195120173,43694675924,0
/control/command/control_cmd,43694675924,1785852780427519196,78023196628920,43694675924,80
/sensing/lidar/top/pointcloud_raw_ex,43694675924,1785852780430851829,78023199961660,43694675924,243992
/localization/pose_estimator/pose_with_covariance,43694675924,1785852780434089296,78023203199314,43694675924,0
/localization/kinematic_state,43744675925,1785852780475881726,78023244991586,43744675925,0
/control/command/control_cmd,43744675925,1785852780476359769,78023245469699,43744675925,80
/localization/kinematic_state,43794675925,1785852780525746720,78023294856655,43794675925,0
/control/command/control_cmd,43794675925,1785852780526008312,78023295118142,43794675925,80
/sensing/lidar/top/pointcloud_raw_ex,43794675925,1785852780531043558,78023300153487,43794675925,245112
/localization/pose_estimator/pose_with_covariance,43794675925,1785852780534771677,78023303881391,43794675925,0
/control/command/control_cmd,43844675926,1785852780576148364,78023345258286,43844675926,80
/localization/kinematic_state,43844675926,1785852780576794692,78023345904510,43844675926,0
/localization/kinematic_state,43894675927,1785852780625250817,78023394360574,43894675927,0
/control/command/control_cmd,43894675927,1785852780625639221,78023394749064,43894675927,80
/sensing/lidar/top/pointcloud_raw_ex,43894675927,1785852780630140126,78023399249980,43894675927,239576
/localization/pose_estimator/pose_with_covariance,43894675927,1785852780633398921,78023402508700,43894675927,0
/localization/kinematic_state,43944675928,1785852780676081669,78023445191580,43944675928,0
/control/command/control_cmd,43944675928,1785852780676254226,78023445364083,43944675928,80
/localization/kinematic_state,43994675928,1785852780725838795,78023494948533,43994675928,0
/control/command/control_cmd,43994675928,1785852780727004600,78023496114370,43994675928,80
/sensing/lidar/top/pointcloud_raw_ex,43994675928,1785852780730542913,78023499652615,43994675928,239896
/localization/pose_estimator/pose_with_covariance,43994675928,1785852780733965580,78023503075499,43994675928,0
/control/command/control_cmd,44044675929,1785852780776777355,78023545887507,44044675929,80
/localization/kinematic_state,44044675929,1785852780777498094,78023546607854,44044675929,0
/localization/kinematic_state,44094675930,1785852780825819656,78023594929512,44094675930,0
/control/command/control_cmd,44094675930,1785852780826480176,78023595589989,44094675930,80
/sensing/lidar/top/pointcloud_raw_ex,44094675930,1785852780830652983,78023599762828,44094675930,240120
/localization/pose_estimator/pose_with_covariance,44094675930,1785852780833487524,78023602597255,44094675930,0
/control/command/control_cmd,44144675931,1785852780875926163,78023645036273,44144675931,80
/localization/kinematic_state,44144675931,1785852780876398064,78023645507808,44144675931,0
/localization/kinematic_state,44194675931,1785852780925794474,78023694904215,44194675931,0
/control/command/control_cmd,44194675931,1785852780927807296,78023696917063,44194675931,80
/sensing/lidar/top/pointcloud_raw_ex,44194675931,1785852780930749202,78023699858976,44194675931,242712
/localization/pose_estimator/pose_with_covariance,44194675931,1785852780933638062,78023702748006,44194675931,0
/localization/kinematic_state,44244675932,1785852780975518677,78023744628512,44244675932,0
/control/command/control_cmd,44244675932,1785852780975888585,78023744998377,44244675932,80
/localization/kinematic_state,44294675933,1785852781025834426,78023794944305,44294675933,0
/control/command/control_cmd,44294675933,1785852781027058822,78023796168611,44294675933,80
/sensing/lidar/top/pointcloud_raw_ex,44294675933,1785852781030736878,78023799846814,44294675933,240696
/localization/pose_estimator/pose_with_covariance,44294675933,1785852781033768394,78023802878253,44294675933,0
/localization/kinematic_state,44344675934,1785852781075989704,78023845099519,44344675934,0
/control/command/control_cmd,44344675934,1785852781076518352,78023845628139,44344675934,80
/localization/kinematic_state,44394675934,1785852781125931758,78023895041760,44394675934,0
/control/command/control_cmd,44394675934,1785852781125941120,78023895050765,44394675934,80
/sensing/lidar/top/pointcloud_raw_ex,44394675934,1785852781130439414,78023899549332,44394675934,242392
/localization/pose_estimator/pose_with_covariance,44394675934,1785852781134876471,78023903986503,44394675934,0
/localization/kinematic_state,44444675935,1785852781175645712,78023944755535,44444675935,0
/control/command/control_cmd,44444675935,1785852781176342788,78023945452606,44444675935,80
/localization/kinematic_state,44494675936,1785852781226021637,78023995131491,44494675936,0
/control/command/control_cmd,44494675936,1785852781226734654,78023995844375,44494675936,80
/sensing/lidar/top/pointcloud_raw_ex,44494675936,1785852781230859113,78023999968897,44494675936,241752
/localization/pose_estimator/pose_with_covariance,44494675936,1785852781233815690,78024002925475,44494675936,0
/control/command/control_cmd,44544675937,1785852781275746346,78024044856080,44544675937,80
/localization/kinematic_state,44544675937,1785852781276128216,78024045237845,44544675937,0
/localization/kinematic_state,44594675937,1785852781325597562,78024094707476,44594675937,0
/control/command/control_cmd,44594675937,1785852781325880005,78024094989929,44594675937,80
/sensing/lidar/top/pointcloud_raw_ex,44594675937,1785852781330745692,78024099856017,44594675937,238968
/localization/pose_estimator/pose_with_covariance,44594675937,1785852781333734841,78024102844623,44594675937,0
/control/command/control_cmd,44644675938,1785852781375997691,78024145107595,44644675938,80
/localization/kinematic_state,44644675938,1785852781376918850,78024146028604,44644675938,0
/localization/kinematic_state,44694675939,1785852781426015233,78024195125168,44694675939,0
/control/command/control_cmd,44694675939,1785852781428123499,78024197233230,44694675939,80
/sensing/lidar/top/pointcloud_raw_ex,44694675939,1785852781430445436,78024199555283,44694675939,241624
/localization/pose_estimator/pose_with_covariance,44694675939,1785852781433382191,78024202491963,44694675939,0
/localization/kinematic_state,44744675940,1785852781475970843,78024245080807,44744675940,0
/control/command/control_cmd,44744675940,1785852781476755352,78024245865110,44744675940,80
/localization/kinematic_state,44794675940,1785852781525230924,78024294340964,44794675940,0
/control/command/control_cmd,44794675940,1785852781525992382,78024295102497,44794675940,80
/sensing/lidar/top/pointcloud_raw_ex,44794675940,1785852781531111246,78024300221283,44794675940,241272
/localization/pose_estimator/pose_with_covariance,44794675940,1785852781533442819,78024302552555,44794675940,0
/control/command/control_cmd,44844675941,1785852781576355416,78024345465473,44844675941,80
/localization/kinematic_state,44844675941,1785852781576492610,78024345602248,44844675941,0
/localization/kinematic_state,44894675942,1785852781626220412,78024395330169,44894675942,0
/control/command/control_cmd,44894675942,1785852781627995764,78024397105801,44894675942,80
/sensing/lidar/top/pointcloud_raw_ex,44894675942,1785852781631235136,78024400344980,44894675942,240216
/localization/pose_estimator/pose_with_covariance,44894675942,1785852781634280868,78024403390655,44894675942,0
/localization/kinematic_state,44944675942,1785852781676502004,78024445611864,44944675942,0
/control/command/control_cmd,44944675942,1785852781676832307,78024445942173,44944675942,80
/localization/kinematic_state,44994675943,1785852781725951268,78024495061119,44994675943,0
/control/command/control_cmd,44994675943,1785852781726311614,78024495421269,44994675943,80
/sensing/lidar/top/pointcloud_raw_ex,44994675943,1785852781731121655,78024500231907,44994675943,244664
/localization/pose_estimator/pose_with_covariance,44994675943,1785852781733852834,78024502962953,44994675943,0
/localization/kinematic_state,45044675944,1785852781776309157,78024545419027,45044675944,0
/control/command/control_cmd,45044675944,1785852781776320343,78024545429995,45044675944,80
/localization/kinematic_state,45094675945,1785852781825816772,78024594926504,45094675945,0
/control/command/control_cmd,45094675945,1785852781825880578,78024594990197,45094675945,80
/sensing/lidar/top/pointcloud_raw_ex,45094675945,1785852781833341854,78024602451756,45094675945,241368
/localization/pose_estimator/pose_with_covariance,45094675945,1785852781836211234,78024605321123,45094675945,0
/control/command/control_cmd,45144675945,1785852781876406722,78024645516778,45144675945,80
/localization/kinematic_state,45144675945,1785852781876970307,78024646080071,45144675945,0
/localization/kinematic_state,45194675946,1785852781926212991,78024695322753,45194675946,0
/control/command/control_cmd,45194675946,1785852781926372991,78024695482896,45194675946,80
/sensing/lidar/top/pointcloud_raw_ex,45194675946,1785852781930705780,78024699815853,45194675946,242040
/localization/pose_estimator/pose_with_covariance,45194675946,1785852781933693778,78024702803560,45194675946,0
/control/command/control_cmd,45244675947,1785852781976234221,78024745344342,45244675947,80
/localization/kinematic_state,45244675947,1785852781976586043,78024745695909,45244675947,0
/control/command/control_cmd,45294675948,1785852782027064798,78024796174824,45294675948,80
/localization/kinematic_state,45294675948,1785852782028168785,78024797278540,45294675948,0
/sensing/lidar/top/pointcloud_raw_ex,45294675948,1785852782032303914,78024801413758,45294675948,239992
/localization/pose_estimator/pose_with_covariance,45294675948,1785852782035257564,78024804367377,45294675948,0
/localization/kinematic_state,45344675948,1785852782076005255,78024845115175,45344675948,0
/control/command/control_cmd,45344675948,1785852782076383500,78024845493314,45344675948,80
/localization/kinematic_state,45394675949,1785852782125943571,78024895053390,45394675949,0
/control/command/control_cmd,45394675949,1785852782126146755,78024895256586,45394675949,80
/sensing/lidar/top/pointcloud_raw_ex,45394675949,1785852782132460282,78024901570196,45394675949,243512
/localization/pose_estimator/pose_with_covariance,45394675949,1785852782135205220,78024904315018,45394675949,0
/localization/kinematic_state,45444675950,1785852782176100000,78024945209885,45444675950,0
/control/command/control_cmd,45444675950,1785852782177288187,78024946398066,45444675950,80
/control/command/control_cmd,45494675951,1785852782226683133,78024995793316,45494675951,80
/localization/kinematic_state,45494675951,1785852782226943022,78024996052720,45494675951,0
/sensing/lidar/top/pointcloud_raw_ex,45494675951,1785852782232360610,78025001470810,45494675951,239800
/localization/pose_estimator/pose_with_covariance,45494675951,1785852782235365733,78025004475565,45494675951,0
/localization/kinematic_state,45544675951,1785852782276125368,78025045235224,45544675951,0
/control/command/control_cmd,45544675951,1785852782276248486,78025045358352,45544675951,80
/localization/kinematic_state,45594675952,1785852782326544181,78025095654286,45594675952,0
/control/command/control_cmd,45594675952,1785852782326563143,78025095672797,45594675952,80
/sensing/lidar/top/pointcloud_raw_ex,45594675952,1785852782330795095,78025099904853,45594675952,238360
/localization/pose_estimator/pose_with_covariance,45594675952,1785852782333880622,78025102990391,45594675952,0
/control/command/control_cmd,45644675953,1785852782376918552,78025146028506,45644675953,80
/localization/kinematic_state,45644675953,1785852782377127419,78025146237142,45644675953,0
/localization/kinematic_state,45694675954,1785852782426345655,78025195455401,45694675954,0
/control/command/control_cmd,45694675954,1785852782426359547,78025195469171,45694675954,80
/sensing/lidar/top/pointcloud_raw_ex,45694675954,1785852782431549291,78025200659154,45694675954,238328
/localization/pose_estimator/pose_with_covariance,45694675954,1785852782434292098,78025203401873,45694675954,0
/localization/kinematic_state,45744675954,1785852782476301316,78025245411443,45744675954,0
/control/command/control_cmd,45744675954,1785852782476522701,78025245632533,45744675954,80
/localization/kinematic_state,45794675955,1785852782526771891,78025295881574,45794675955,0
/control/command/control_cmd,45794675955,1785852782527772300,78025296882475,45794675955,80
/sensing/lidar/top/pointcloud_raw_ex,45794675955,1785852782531025803,78025300135621,45794675955,241624
/localization/pose_estimator/pose_with_covariance,45794675955,1785852782534248907,78025303358803,45794675955,0
/localization/kinematic_state,45844675956,1785852782576100781,78025345210662,45844675956,0
/control/command/control_cmd,45844675956,1785852782577611698,78025346721559,45844675956,80
/localization/kinematic_state,45894675957,1785852782625599015,78025394708941,45894675957,0
/control/command/control_cmd,45894675957,1785852782625985380,78025395095205,45894675957,80
/sensing/lidar/top/pointcloud_raw_ex,45894675957,1785852782630721478,78025399831504,45894675957,235672
/localization/pose_estimator/pose_with_covariance,45894675957,1785852782633589693,78025402699454,45894675957,0
/localization/kinematic_state,45944675957,1785852782676203757,78025445313480,45944675957,0
/control/command/control_cmd,45944675957,1785852782678135011,78025447244867,45944675957,80
/localization/kinematic_state,45994675958,1785852782725901077,78025495010937,45994675958,0
/control/command/control_cmd,45994675958,1785852782726082238,78025495191864,45994675958,80
/sensing/lidar/top/pointcloud_raw_ex,45994675958,1785852782731034874,78025500144767,45994675958,240568
/localization/pose_estimator/pose_with_covariance,45994675958,1785852782733854974,78025502964733,45994675958,0
/localization/kinematic_state,46044675959,1785852782775704449,78025544814402,46044675959,0
/control/command/control_cmd,46044675959,1785852782776037707,78025545147521,46044675959,80
/localization/kinematic_state,46094675960,1785852782826752430,78025595862583,46094675960,0
/control/command/control_cmd,46094675960,1785852782826764671,78025595874311,46094675960,80
/sensing/lidar/top/pointcloud_raw_ex,46094675960,1785852782831121479,78025600231631,46094675960,243928
/localization/pose_estimator/pose_with_covariance,46094675960,1785852782834133824,78025603243715,46094675960,0
/localization/kinematic_state,46144675960,1785852782875979161,78025645089055,46144675960,0
/control/command/control_cmd,46144675960,1785852782876402084,78025645512001,46144675960,80
/localization/kinematic_state,46194675961,1785852782925599597,78025694709565,46194675961,0
/control/command/control_cmd,46194675961,1785852782926904530,78025696014431,46194675961,80
/sensing/lidar/top/pointcloud_raw_ex,46194675961,1785852782930681043,78025699790964,46194675961,241240
/localization/pose_estimator/pose_with_covariance,46194675961,1785852782933665775,78025702775605,46194675961,0
/localization/kinematic_state,46244675962,1785852782975724853,78025744834566,46244675962,0
/control/command/control_cmd,46244675962,1785852782976172205,78025745282125,46244675962,80
/localization/kinematic_state,46294675963,1785852783026329633,78025795439618,46294675963,0
/control/command/control_cmd,46294675963,1785852783026561566,78025795671261,46294675963,80
/sensing/lidar/top/pointcloud_raw_ex,46294675963,1785852783031135740,78025800245997,46294675963,240760
/localization/pose_estimator/pose_with_covariance,46294675963,1785852783034154778,78025803264682,46294675963,0
/control/command/control_cmd,46344675963,1785852783075735093,78025844845119,46344675963,80
/localization/kinematic_state,46344675963,1785852783075968589,78025845078337,46344675963,0
/localization/kinematic_state,46394675964,1785852783126484403,78025895594422,46394675964,0
/control/command/control_cmd,46394675964,1785852783127927958,78025897037918,46394675964,80
/sensing/lidar/top/pointcloud_raw_ex,46394675964,1785852783130738840,78025899848628,46394675964,239480
/localization/pose_estimator/pose_with_covariance,46394675964,1785852783133826523,78025902936307,46394675964,0
/control/command/control_cmd,46444675965,1785852783176258303,78025945368484,46444675965,80
/localization/kinematic_state,46444675965,1785852783176476524,78025945586378,46444675965,0
/localization/kinematic_state,46494675966,1785852783225946051,78025995055920,46494675966,0
/control/command/control_cmd,46494675966,1785852783226369647,78025995479573,46494675966,80
/sensing/lidar/top/pointcloud_raw_ex,46494675966,1785852783231426137,78026000535887,46494675966,240952
/localization/pose_estimator/pose_with_covariance,46494675966,1785852783234446914,78026003556869,46494675966,0
/localization/kinematic_state,46544675966,1785852783275535762,78026044645633,46544675966,0
/control/command/control_cmd,46544675966,1785852783276356894,78026045466730,46544675966,80
/localization/kinematic_state,46594675967,1785852783325763027,78026094872973,46594675967,0
/control/command/control_cmd,46594675967,1785852783326112522,78026095222323,46594675967,80
/sensing/lidar/top/pointcloud_raw_ex,46594675967,1785852783332917189,78026102027410,46594675967,242584
/localization/pose_estimator/pose_with_covariance,46594675967,1785852783336113069,78026105222896,46594675967,0
/localization/kinematic_state,46644675968,1785852783376317972,78026145427872,46644675968,0
/control/command/control_cmd,46644675968,1785852783376648188,78026145758083,46644675968,80
/localization/kinematic_state,46694675969,1785852783426059212,78026195168942,46694675969,0
/control/command/control_cmd,46694675969,1785852783426109855,78026195219656,46694675969,80
/sensing/lidar/top/pointcloud_raw_ex,46694675969,1785852783431075863,78026200185699,46694675969,238136
/localization/pose_estimator/pose_with_covariance,46694675969,1785852783433687795,78026202797563,46694675969,0
/localization/kinematic_state,46744675969,1785852783475743977,78026244853952,46744675969,0
/control/command/control_cmd,46744675969,1785852783476307406,78026245417210,46744675969,80
/localization/kinematic_state,46794675970,1785852783526361606,78026295471349,46794675970,0
/control/command/control_cmd,46794675970,1785852783527897269,78026297007120,46794675970,80
/sensing/lidar/top/pointcloud_raw_ex,46794675970,1785852783530993015,78026300102787,46794675970,244344
/localization/pose_estimator/pose_with_covariance,46794675970,1785852783533945343,78026303055146,46794675970,0
/control/command/control_cmd,46844675971,1785852783575972693,78026345082853,46844675971,80
/localization/kinematic_state,46844675971,1785852783577106887,78026346216629,46844675971,0
/localization/kinematic_state,46894675972,1785852783625869275,78026394978977,46894675972,0
/control/command/control_cmd,46894675972,1785852783626463274,78026395573075,46894675972,80
/sensing/lidar/top/pointcloud_raw_ex,46894675972,1785852783630616908,78026399727077,46894675972,240280
/localization/pose_estimator/pose_with_covariance,46894675972,1785852783633546406,78026402656235,46894675972,0
/control/command/control_cmd,46944675972,1785852783676572784,78026445682739,46944675972,80
/localization/kinematic_state,46944675972,1785852783676599925,78026445709531,46944675972,0
/localization/kinematic_state,46994675973,1785852783726244400,78026495354341,46994675973,0
/control/command/control_cmd,46994675973,1785852783726261124,78026495370745,46994675973,80
/sensing/lidar/top/pointcloud_raw_ex,46994675973,1785852783730728490,78026499838417,46994675973,241752
/localization/pose_estimator/pose_with_covariance,46994675973,1785852783733770180,78026502880000,46994675973,0
/localization/kinematic_state,47044675974,1785852783776005826,78026545115607,47044675974,0
/control/command/control_cmd,47044675974,1785852783776886456,78026545996269,47044675974,80
/localization/kinematic_state,47094675975,1785852783825900571,78026595010347,47094675975,0
/control/command/control_cmd,47094675975,1785852783826536433,78026595646342,47094675975,80
/sensing/lidar/top/pointcloud_raw_ex,47094675975,1785852783830845879,78026599955735,47094675975,243320
/localization/pose_estimator/pose_with_covariance,47094675975,1785852783833792971,78026602902829,47094675975,0
/localization/kinematic_state,47144675975,1785852783876036606,78026645146444,47144675975,0
/control/command/control_cmd,47144675975,1785852783877136096,78026646245927,47144675975,80
/localization/kinematic_state,47194675976,1785852783925936464,78026695046342,47194675976,0
/control/command/control_cmd,47194675976,1785852783926190804,78026695300687,47194675976,80
/sensing/lidar/top/pointcloud_raw_ex,47194675976,1785852783931329959,78026700439963,47194675976,239384
/localization/pose_estimator/pose_with_covariance,47194675976,1785852783934311736,78026703421483,47194675976,0
/localization/kinematic_state,47244675977,1785852783976003087,78026745113067,47244675977,0
/control/command/control_cmd,47244675977,1785852783976609865,78026745719792,47244675977,80
/localization/kinematic_state,47294675978,1785852784026239459,78026795349481,47294675978,0
/control/command/control_cmd,47294675978,1785852784026867652,78026795977604,47294675978,80
/sensing/lidar/top/pointcloud_raw_ex,47294675978,1785852784030894963,78026800004801,47294675978,244728
/localization/pose_estimator/pose_with_covariance,47294675978,1785852784034003433,78026803113447,47294675978,0
/localization/kinematic_state,47344675978,1785852784076551023,78026845660887,47344675978,0
/control/command/control_cmd,47344675978,1785852784077251586,78026846361689,47344675978,80
/localization/kinematic_state,47394675979,1785852784125744168,78026894854195,47394675979,0
/control/command/control_cmd,47394675979,1785852784126652981,78026895762714,47394675979,80
/sensing/lidar/top/pointcloud_raw_ex,47394675979,1785852784131410432,78026900520357,47394675979,244952
/localization/pose_estimator/pose_with_covariance,47394675979,1785852784134138951,78026903248781,47394675979,0
/control/command/control_cmd,47444675980,1785852784176037681,78026945147732,47444675980,80
/localization/kinematic_state,47444675980,1785852784176074163,78026945183793,47444675980,0
/localization/kinematic_state,47494675980,1785852784225708990,78026994818800,47494675980,0
/control/command/control_cmd,47494675980,1785852784226725527,78026995835259,47494675980,80
/sensing/lidar/top/pointcloud_raw_ex,47494675980,1785852784230734578,78026999844410,47494675980,242072
/localization/pose_estimator/pose_with_covariance,47494675980,1785852784233742666,78027002852485,47494675980,0
/control/command/control_cmd,47544675981,1785852784275722398,78027044832126,47544675981,80
/localization/kinematic_state,47544675981,1785852784276036337,78027045146037,47544675981,0
/localization/kinematic_state,47594675982,1785852784325542653,78027094652489,47594675982,0
/control/command/control_cmd,47594675982,1785852784325896374,78027095006390,47594675982,80
/sensing/lidar/top/pointcloud_raw_ex,47594675982,1785852784330773662,78027099883714,47594675982,243320
/localization/pose_estimator/pose_with_covariance,47594675982,1785852784333690782,78027102800629,47594675982,0
/localization/kinematic_state,47644675983,1785852784375813033,78027144922844,47644675983,0
/control/command/control_cmd,47644675983,1785852784376192686,78027145302568,47644675983,80
/control/command/control_cmd,47694675983,1785852784425550447,78027194660463,47694675983,80
/localization/kinematic_state,47694675983,1785852784425608112,78027194717732,47694675983,0
/sensing/lidar/top/pointcloud_raw_ex,47694675983,1785852784430157793,78027199267516,47694675983,241048
/localization/pose_estimator/pose_with_covariance,47694675983,1785852784433054602,78027202164304,47694675983,0
/control/command/control_cmd,47744675984,1785852784476860067,78027245969937,47744675984,80
/localization/kinematic_state,47744675984,1785852784477048276,78027246158045,47744675984,0
/localization/kinematic_state,47794675985,1785852784525479998,78027294589740,47794675985,0
/control/command/control_cmd,47794675985,1785852784525830999,78027294940761,47794675985,80
/sensing/lidar/top/pointcloud_raw_ex,47794675985,1785852784531335349,78027300445703,47794675985,242520
/localization/pose_estimator/pose_with_covariance,47794675985,1785852784534203993,78027303313745,47794675985,0
/control/command/control_cmd,47844675986,1785852784577503748,78027346613979,47844675986,80
/localization/kinematic_state,47844675986,1785852784577532365,78027346641985,47844675986,0
/localization/kinematic_state,47894675986,1785852784626220543,78027395330486,47894675986,0
/control/command/control_cmd,47894675986,1785852784626234294,78027395343942,47894675986,80
/sensing/lidar/top/pointcloud_raw_ex,47894675986,1785852784630638931,78027399748778,47894675986,242648
/localization/pose_estimator/pose_with_covariance,47894675986,1785852784635375132,78027404484949,47894675986,0
/localization/kinematic_state,47944675987,1785852784677105914,78027446216094,47944675987,0
/control/command/control_cmd,47944675987,1785852784677120804,78027446230518,47944675987,80
/localization/kinematic_state,47994675988,1785852784725695904,78027494805706,47994675988,0
/control/command/control_cmd,47994675988,1785852784727247622,78027496357459,47994675988,80
/sensing/lidar/top/pointcloud_raw_ex,47994675988,1785852784730821722,78027499931549,47994675988,241080
/localization/pose_estimator/pose_with_covariance,47994675988,1785852784734630031,78027503739794,47994675988,0
/localization/kinematic_state,48044675989,1785852784776361997,78027545471908,48044675989,0
/control/command/control_cmd,48044675989,1785852784777178794,78027546288657,48044675989,80
/localization/kinematic_state,48094675989,1785852784825764512,78027594874367,48094675989,0
/control/command/control_cmd,48094675989,1785852784826428467,78027595538308,48094675989,80
/sensing/lidar/top/pointcloud_raw_ex,48094675989,1785852784830803427,78027599913238,48094675989,243704
/localization/pose_estimator/pose_with_covariance,48094675989,1785852784833776012,78027602885764,48094675989,0
/localization/kinematic_state,48144675990,1785852784875644404,78027644754173,48144675990,0
/control/command/control_cmd,48144675990,1785852784876094415,78027645204174,48144675990,80
/localization/kinematic_state,48194675991,1785852784925480588,78027694590324,48194675991,0
/control/command/control_cmd,48194675991,1785852784926474924,78027695584743,48194675991,80
/sensing/lidar/top/pointcloud_raw_ex,48194675991,1785852784931289153,78027700399063,48194675991,240280
/localization/pose_estimator/pose_with_covariance,48194675991,1785852784934140127,78027703249861,48194675991,0
/localization/kinematic_state,48244675992,1785852784976190514,78027745300482,48244675992,0
/control/command/control_cmd,48244675992,1785852784976201205,78027745310851,48244675992,80
/localization/kinematic_state,48294675992,1785852785026045762,78027795155713,48294675992,0
/control/command/control_cmd,48294675992,1785852785026132418,78027795242274,48294675992,80
/sensing/lidar/top/pointcloud_raw_ex,48294675992,1785852785030444826,78027799554816,48294675992,241400
/localization/pose_estimator/pose_with_covariance,48294675992,1785852785033645729,78027802755479,48294675992,0
/localization/kinematic_state,48344675993,1785852785076200828,78027845310933,48344675993,0
/control/command/control_cmd,48344675993,1785852785076913609,78027846023414,48344675993,80
/localization/kinematic_state,48394675994,1785852785125324821,78027894434566,48394675994,0
/control/command/control_cmd,48394675994,1785852785126881674,78027895991439,48394675994,80
/sensing/lidar/top/pointcloud_raw_ex,48394675994,1785852785131223032,78027900333006,48394675994,241592
/localization/pose_estimator/pose_with_covariance,48394675994,1785852785134698019,78027903807860,48394675994,0
/control/command/control_cmd,48444675995,1785852785175886826,78027944997004,48444675995,80
/localization/kinematic_state,48444675995,1785852785176108982,78027945218746,48444675995,0
/localization/kinematic_state,48494675995,1785852785226642890,78027995752829,48494675995,0
/control/command/control_cmd,48494675995,1785852785226653896,78027995763515,48494675995,80
/sensing/lidar/top/pointcloud_raw_ex,48494675995,1785852785231403185,78028000513044,48494675995,242392
/localization/pose_estimator/pose_with_covariance,48494675995,1785852785235417779,78028004527582,48494675995,0
/control/command/control_cmd,48544675996,1785852785276232849,78028045343245,48544675996,80
/localization/kinematic_state,48544675996,1785852785277723529,78028046833260,48544675996,0
/localization/kinematic_state,48594675997,1785852785325646217,78028094756090,48594675997,0
/control/command/control_cmd,48594675997,1785852785326025927,78028095135834,48594675997,80
/sensing/lidar/top/pointcloud_raw_ex,48594675997,1785852785330543983,78028099653909,48594675997,241368
/localization/pose_estimator/pose_with_covariance,48594675997,1785852785333878222,78028102988115,48594675997,0
/localization/kinematic_state,48644675998,1785852785376204892,78028145314763,48644675998,0
/control/command/control_cmd,48644675998,1785852785376364427,78028145474069,48644675998,80
/localization/kinematic_state,48694675998,1785852785425345721,78028194455550,48694675998,0
/control/command/control_cmd,48694675998,1785852785426188565,78028195298374,48694675998,80
/sensing/lidar/top/pointcloud_raw_ex,48694675998,1785852785430116698,78028199226506,48694675998,239000
/localization/pose_estimator/pose_with_covariance,48694675998,1785852785433126767,78028202236523,48694675998,0
/localization/kinematic_state,48744675999,1785852785476265305,78028245375250,48744675999,0
/control/command/control_cmd,48744675999,1785852785476273577,78028245383224,48744675999,80
/localization/kinematic_state,48794676000,1785852785525455948,78028294565776,48794676000,0
/control/command/control_cmd,48794676000,1785852785525903314,78028295013044,48794676000,80
/sensing/lidar/top/pointcloud_raw_ex,48794676000,1785852785531626904,78028300736989,48794676000,240312
/localization/pose_estimator/pose_with_covariance,48794676000,1785852785534766368,78028303876154,48794676000,0
/localization/kinematic_state,48844676001,1785852785575973118,78028345082985,48844676001,0
/control/command/control_cmd,48844676001,1785852785576758760,78028345868495,48844676001,80
/localization/kinematic_state,48894676001,1785852785625975220,78028395085187,48894676001,0
/control/command/control_cmd,48894676001,1785852785626189380,78028395299019,48894676001,80
/sensing/lidar/top/pointcloud_raw_ex,48894676001,1785852785630841286,78028399951250,48894676001,239160
/localization/pose_estimator/pose_with_covariance,48894676001,1785852785634272567,78028403382403,48894676001,0
/localization/kinematic_state,48944676002,1785852785675958507,78028445068440,48944676002,0
/control/command/control_cmd,48944676002,1785852785676356944,78028445466653,48944676002,80
/control/command/control_cmd,48994676003,1785852785726978820,78028496089258,48994676003,80
/localization/kinematic_state,48994676003,1785852785727055920,78028496165804,48994676003,0
/sensing/lidar/top/pointcloud_raw_ex,48994676003,1785852785731525232,78028500635210,48994676003,243704
/localization/pose_estimator/pose_with_covariance,48994676003,1785852785734800265,78028503910037,48994676003,0
/localization/kinematic_state,49044676004,1785852785776102383,78028545212447,49044676004,0
/control/command/control_cmd,49044676004,1785852785776997587,78028546107696,49044676004,80
/localization/kinematic_state,49094676004,1785852785825693318,78028594803049,49094676004,0
/control/command/control_cmd,49094676004,1785852785826101246,78028595211291,49094676004,80
/sensing/lidar/top/pointcloud_raw_ex,49094676004,1785852785831272246,78028600382201,49094676004,243704
/localization/pose_estimator/pose_with_covariance,49094676004,1785852785834578829,78028603688642,49094676004,0
/localization/kinematic_state,49144676005,1785852785876154001,78028645263801,49144676005,0
/control/command/control_cmd,49144676005,1785852785876927184,78028646037048,49144676005,80
/localization/kinematic_state,49194676006,1785852785926256726,78028695366616,49194676006,0
/control/command/control_cmd,49194676006,1785852785927219163,78028696329424,49194676006,80
/sensing/lidar/top/pointcloud_raw_ex,49194676006,1785852785931420828,78028700530716,49194676006,242648
/localization/pose_estimator/pose_with_covariance,49194676006,1785852785934750537,78028703860523,49194676006,0
/localization/kinematic_state,49244676007,1785852785976230562,78028745340472,49244676007,0
/control/command/control_cmd,49244676007,1785852785976256828,78028745366464,49244676007,80
/localization/kinematic_state,49294676007,1785852786025810047,78028794919956,49294676007,0
/control/command/control_cmd,49294676007,1785852786025975342,78028795085013,49294676007,80
/sensing/lidar/top/pointcloud_raw_ex,49294676007,1785852786030839760,78028799950890,49294676007,243032
/localization/pose_estimator/pose_with_covariance,49294676007,1785852786034300077,78028803410180,49294676007,0
/control/command/control_cmd,49344676008,1785852786076139288,78028845249505,49344676008,80
/localization/kinematic_state,49344676008,1785852786076458359,78028845568161,49344676008,0
/localization/kinematic_state,49394676009,1785852786125413579,78028894523425,49394676009,0
/control/command/control_cmd,49394676009,1785852786126159492,78028895269310,49394676009,80
/sensing/lidar/top/pointcloud_raw_ex,49394676009,1785852786130752275,78028899862492,49394676009,241976
/localization/pose_estimator/pose_with_covariance,49394676009,1785852786134161729,78028903271688,49394676009,0
/localization/kinematic_state,49444676010,1785852786176791128,78028945901028,49444676010,0
/control/command/control_cmd,49444676010,1785852786176811059,78028945920675,49444676010,80
/localization/kinematic_state,49494676010,1785852786225825187,78028994935011,49494676010,0
/control/command/control_cmd,49494676010,1785852786226705022,78028995814780,49494676010,80
/sensing/lidar/top/pointcloud_raw_ex,49494676010,1785852786231493703,78029000603558,49494676010,245336
/localization/pose_estimator/pose_with_covariance,49494676010,1785852786235128974,78029004238869,49494676010,0
/localization/kinematic_state,49544676011,1785852786276151347,78029045261146,49544676011,0
/control/command/control_cmd,49544676011,1785852786276571571,78029045681488,49544676011,80
/localization/kinematic_state,49594676012,1785852786325787334,78029094897228,49594676012,0
/control/command/control_cmd,49594676012,1785852786326203322,78029095313241,49594676012,80
/sensing/lidar/top/pointcloud_raw_ex,49594676012,1785852786330763506,78029099873668,49594676012,243256
/localization/pose_estimator/pose_with_covariance,49594676012,1785852786333746102,78029102855949,49594676012,0
/control/command/control_cmd,49644676013,1785852786376041463,78029145151383,49644676013,80
/localization/kinematic_state,49644676013,1785852786376875283,78029145985103,49644676013,0
/localization/kinematic_state,49694676013,1785852786426052151,78029195162168,49694676013,0
/control/command/control_cmd,49694676013,1785852786426138247,78029195247898,49694676013,80
/sensing/lidar/top/pointcloud_raw_ex,49694676013,1785852786431092276,78029200202186,49694676013,244344
/localization/pose_estimator/pose_with_covariance,49694676013,1785852786434445516,78029203555253,49694676013,0
/localization/kinematic_state,49744676014,1785852786476797913,78029245907851,49744676014,0
/control/command/control_cmd,49744676014,1785852786477129750,78029246239404,49744676014,80
/localization/kinematic_state,49794676015,1785852786525881383,78029294991304,49794676015,0
/control/command/control_cmd,49794676015,1785852786526985689,78029296095492,49794676015,80
/sensing/lidar/top/pointcloud_raw_ex,49794676015,1785852786530494097,78029299604002,49794676015,243064
/localization/pose_estimator/pose_with_covariance,49794676015,1785852786533471129,78029302581143,49794676015,0
/localization/kinematic_state,49844676016,1785852786575786581,78029344896567,49844676016,0
/control/command/control_cmd,49844676016,1785852786576114314,78029345224127,49844676016,80
/localization/kinematic_state,49894676016,1785852786625563993,78029394673724,49894676016,0
/control/command/control_cmd,49894676016,1785852786626357630,78029395467659,49894676016,80
/sensing/lidar/top/pointcloud_raw_ex,49894676016,1785852786631072667,78029400182671,49894676016,244408
/localization/pose_estimator/pose_with_covariance,49894676016,1785852786633950511,78029403060273,49894676016,0
/localization/kinematic_state,49944676017,1785852786676597153,78029445707018,49944676017,0
/control/command/control_cmd,49944676017,1785852786676618229,78029445727850,49944676017,80
/localization/kinematic_state,49994676018,1785852786725684266,78029494794133,49994676018,0
/control/command/control_cmd,49994676018,1785852786727144789,78029496254678,49994676018,80
/sensing/lidar/top/pointcloud_raw_ex,49994676018,1785852786731338321,78029500448078,49994676018,243960
/localization/pose_estimator/pose_with_covariance,49994676018,1785852786734330326,78029503440149,49994676018,0
/localization/kinematic_state,50044676018,1785852786777231412,78029546341440,50044676018,0
/control/command/control_cmd,50044676018,1785852786777247340,78029546356955,50044676018,80
/localization/kinematic_state,50094676019,1785852786825679776,78029594789677,50094676019,0
/control/command/control_cmd,50094676019,1785852786825817613,78029594927558,50094676019,80
/sensing/lidar/top/pointcloud_raw_ex,50094676019,1785852786830479434,78029599589539,50094676019,239096
/localization/pose_estimator/pose_with_covariance,50094676019,1785852786833339252,78029602449002,50094676019,0
/localization/kinematic_state,50144676020,1785852786875610173,78029644720234,50144676020,0
/control/command/control_cmd,50144676020,1785852786875805095,78029644914946,50144676020,80
/localization/kinematic_state,50194676021,1785852786925999216,78029695109311,50194676021,0
/control/command/control_cmd,50194676021,1785852786926332902,78029695442739,50194676021,80
/sensing/lidar/top/pointcloud_raw_ex,50194676021,1785852786931426185,78029700536080,50194676021,242008
/localization/pose_estimator/pose_with_covariance,50194676021,1785852786934984519,78029704094419,50194676021,0
/localization/kinematic_state,50244676021,1785852786975880880,78029744990882,50244676021,0
/control/command/control_cmd,50244676021,1785852786976741888,78029745851664,50244676021,80
/localization/kinematic_state,50294676022,1785852787025515358,78029794625136,50294676022,0
/control/command/control_cmd,50294676022,1785852787026015014,78029795125003,50294676022,80
/sensing/lidar/top/pointcloud_raw_ex,50294676022,1785852787030825053,78029799934982,50294676022,239544
/localization/pose_estimator/pose_with_covariance,50294676022,1785852787033680700,78029802790554,50294676022,0
/control/command/control_cmd,50344676023,1785852787077020587,78029846130590,50344676023,80
/localization/kinematic_state,50344676023,1785852787077048166,78029846157782,50344676023,0
/localization/kinematic_state,50394676024,1785852787126205373,78029895315243,50394676024,0
/control/command/control_cmd,50394676024,1785852787126571835,78029895681744,50394676024,80
/sensing/lidar/top/pointcloud_raw_ex,50394676024,1785852787131400833,78029900511129,50394676024,243352
/localization/pose_estimator/pose_with_covariance,50394676024,1785852787134484275,78029903594064,50394676024,0
/localization/kinematic_state,50444676024,1785852787175875286,78029944985082,50444676024,0
/control/command/control_cmd,50444676024,1785852787176240125,78029945349922,50444676024,80
/control/command/control_cmd,50494676025,1785852787226147161,78029995257261,50494676025,80
/localization/kinematic_state,50494676025,1785852787226316264,78029995425941,50494676025,0
/sensing/lidar/top/pointcloud_raw_ex,50494676025,1785852787230813127,78029999923166,50494676025,241560
/localization/pose_estimator/pose_with_covariance,50494676025,1785852787233702248,78030002812045,50494676025,0
/control/command/control_cmd,50544676026,1785852787276036807,78030045146850,50544676026,80
/localization/kinematic_state,50544676026,1785852787276533277,78030045643041,50544676026,0
/localization/kinematic_state,50594676027,1785852787325472034,78030094581796,50594676027,0
/control/command/control_cmd,50594676027,1785852787326175648,78030095285434,50594676027,80
/sensing/lidar/top/pointcloud_raw_ex,50594676027,1785852787330708345,78030099818226,50594676027,241656
/localization/pose_estimator/pose_with_covariance,50594676027,1785852787333656760,78030102766619,50594676027,0
/localization/kinematic_state,50644676027,1785852787377951969,78030147061816,50644676027,0
/control/command/control_cmd,50644676027,1785852787377962411,78030147072061,50644676027,80
/localization/kinematic_state,50694676028,1785852787425851601,78030194961348,50694676028,0
/control/command/control_cmd,50694676028,1785852787427077407,78030196187494,50694676028,80
/sensing/lidar/top/pointcloud_raw_ex,50694676028,1785852787432426902,78030201536826,50694676028,239000
/localization/pose_estimator/pose_with_covariance,50694676028,1785852787436126473,78030205236238,50694676028,0
/localization/kinematic_state,50744676029,1785852787476085430,78030245195434,50744676029,0
/control/command/control_cmd,50744676029,1785852787476528470,78030245638213,50744676029,80
/localization/kinematic_state,50794676030,1785852787526195207,78030295304921,50794676030,0
/control/command/control_cmd,50794676030,1785852787526349959,78030295459841,50794676030,80
/sensing/lidar/top/pointcloud_raw_ex,50794676030,1785852787531385088,78030300495419,50794676030,238168
/localization/pose_estimator/pose_with_covariance,50794676030,1785852787534430853,78030303540622,50794676030,0
/control/command/control_cmd,50844676030,1785852787576670260,78030345780281,50844676030,80
/localization/kinematic_state,50844676030,1785852787576697838,78030345807480,50844676030,0
/control/command/control_cmd,50894676031,1785852787626132610,78030395242753,50894676031,80
/localization/kinematic_state,50894676031,1785852787626275605,78030395385347,50894676031,0
/sensing/lidar/top/pointcloud_raw_ex,50894676031,1785852787630791363,78030399901369,50894676031,243064
/localization/pose_estimator/pose_with_covariance,50894676031,1785852787634550409,78030403660255,50894676031,0
/localization/kinematic_state,50944676032,1785852787675927573,78030445037483,50944676032,0
/control/command/control_cmd,50944676032,1785852787676440762,78030445550547,50944676032,80
/localization/kinematic_state,50994676033,1785852787725980151,78030495089998,50994676033,0
/control/command/control_cmd,50994676033,1785852787726634887,78030495744646,50994676033,80
/sensing/lidar/top/pointcloud_raw_ex,50994676033,1785852787731615001,78030500724922,50994676033,242872
/localization/pose_estimator/pose_with_covariance,50994676033,1785852787735503206,78030504612969,50994676033,0
/localization/kinematic_state,51044676033,1785852787776802337,78030545912289,51044676033,0
/control/command/control_cmd,51044676033,1785852787776818316,78030545927918,51044676033,80
/localization/kinematic_state,51094676034,1785852787825675445,78030594785387,51094676034,0
/control/command/control_cmd,51094676034,1785852787826168827,78030595278694,51094676034,80
/sensing/lidar/top/pointcloud_raw_ex,51094676034,1785852787833054588,78030602164905,51094676034,240792
/localization/pose_estimator/pose_with_covariance,51094676034,1785852787835946851,78030605056573,51094676034,0
/localization/kinematic_state,51144676035,1785852787876101590,78030645211537,51144676035,0
/control/command/control_cmd,51144676035,1785852787876331682,78030645441548,51144676035,80
/control/command/control_cmd,51194676036,1785852787926022619,78030695132755,51194676036,80
/localization/kinematic_state,51194676036,1785852787926463614,78030695573454,51194676036,0
/sensing/lidar/top/pointcloud_raw_ex,51194676036,1785852787931109642,78030700219612,51194676036,238488
/localization/pose_estimator/pose_with_covariance,51194676036,1785852787934025717,78030703135597,51194676036,0
/control/command/control_cmd,51244676036,1785852787976053149,78030745162968,51244676036,80
/localization/kinematic_state,51244676036,1785852787976267413,78030745377219,51244676036,0
/localization/kinematic_state,51294676037,1785852788026210274,78030795320145,51294676037,0
/control/command/control_cmd,51294676037,1785852788026222890,78030795332525,51294676037,80
/sensing/lidar/top/pointcloud_raw_ex,51294676037,1785852788030967099,78030800077216,51294676037,242968
/localization/pose_estimator/pose_with_covariance,51294676037,1785852788033924274,78030803034122,51294676037,0
/localization/kinematic_state,51344676038,1785852788075413854,78030844523622,51344676038,0
/control/command/control_cmd,51344676038,1785852788075902487,78030845012281,51344676038,80
/localization/kinematic_state,51394676039,1785852788126863206,78030895973098,51394676039,0
/control/command/control_cmd,51394676039,1785852788126874144,78030895983789,51394676039,80
/sensing/lidar/top/pointcloud_raw_ex,51394676039,1785852788132617612,78030901727554,51394676039,242712
/localization/pose_estimator/pose_with_covariance,51394676039,1785852788135753841,78030904863669,51394676039,0
/control/command/control_cmd,51444676039,1785852788176386989,78030945496945,51444676039,80
/localization/kinematic_state,51444676039,1785852788176463053,78030945572701,51444676039,0
/localization/kinematic_state,51494676040,1785852788225733410,78030994843214,51494676040,0
/control/command/control_cmd,51494676040,1785852788226245634,78030995355427,51494676040,80
/sensing/lidar/top/pointcloud_raw_ex,51494676040,1785852788231193129,78031000302932,51494676040,239416
/localization/pose_estimator/pose_with_covariance,51494676040,1785852788234194999,78031003304753,51494676040,0
/control/command/control_cmd,51544676041,1785852788276132906,78031045242813,51544676041,80
/localization/kinematic_state,51544676041,1785852788276492828,78031045602596,51544676041,0
/localization/kinematic_state,51594676042,1785852788326946506,78031096056456,51594676042,0
/control/command/control_cmd,51594676042,1785852788326956786,78031096066388,51594676042,80
/sensing/lidar/top/pointcloud_raw_ex,51594676042,1785852788331296024,78031100405952,51594676042,240600
/localization/pose_estimator/pose_with_covariance,51594676042,1785852788334203095,78031103312967,51594676042,0
/localization/kinematic_state,51644676042,1785852788376247948,78031145357703,51644676042,0
/control/command/control_cmd,51644676042,1785852788376529492,78031145639319,51644676042,80
/localization/kinematic_state,51694676043,1785852788425593610,78031194703539,51694676043,0
/control/command/control_cmd,51694676043,1785852788426296146,78031195405965,51694676043,80
/sensing/lidar/top/pointcloud_raw_ex,51694676043,1785852788430686633,78031199796624,51694676043,245208
/localization/pose_estimator/pose_with_covariance,51694676043,1785852788434257412,78031203367139,51694676043,0
/localization/kinematic_state,51744676044,1785852788476006849,78031245116598,51744676044,0
/control/command/control_cmd,51744676044,1785852788477092532,78031246202462,51744676044,80
/localization/kinematic_state,51794676045,1785852788526288635,78031295398642,51794676045,0
/control/command/control_cmd,51794676045,1785852788526927844,78031296037629,51794676045,80
/sensing/lidar/top/pointcloud_raw_ex,51794676045,1785852788531472096,78031300582018,51794676045,241592
/localization/pose_estimator/pose_with_covariance,51794676045,1785852788534816798,78031303926580,51794676045,0
/control/command/control_cmd,51844676045,1785852788576766487,78031345876760,51844676045,80
/localization/kinematic_state,51844676045,1785852788576794572,78031345904196,51844676045,0
/localization/kinematic_state,51894676046,1785852788625781332,78031394891059,51894676046,0
/control/command/control_cmd,51894676046,1785852788626369241,78031395479039,51894676046,80
/localization/kinematic_state,51944676047,1785852788676498076,78031445607846,51944676047,0
/control/command/control_cmd,51944676047,1785852788677129653,78031446239326,51944676047,80
/sensing/lidar/top/pointcloud_raw_ex,51944676047,1785852788682290681,78031451400695,51944676047,242200
/localization/pose_estimator/pose_with_covariance,51944676047,1785852788686414047,78031455523980,51944676047,0
/localization/kinematic_state,51994676048,1785852788726218184,78031495328015,51994676048,0
/control/command/control_cmd,51994676048,1785852788726811144,78031495920960,51994676048,80
/localization/kinematic_state,52044676048,1785852788776178670,78031545288463,52044676048,0
/control/command/control_cmd,52044676048,1785852788777485376,78031546595127,52044676048,80
/sensing/lidar/top/pointcloud_raw_ex,52044676048,1785852788781520606,78031550630510,52044676048,241080
/localization/pose_estimator/pose_with_covariance,52044676048,1785852788784764020,78031553873937,52044676048,0
/localization/kinematic_state,52094676049,1785852788826281877,78031595391726,52094676049,0
/control/command/control_cmd,52094676049,1785852788826357055,78031595466697,52094676049,80
/localization/kinematic_state,52144676050,1785852788875902123,78031645011988,52144676050,0
/control/command/control_cmd,52144676050,1785852788876787845,78031645897673,52144676050,80
/sensing/lidar/top/pointcloud_raw_ex,52144676050,1785852788881127816,78031650237880,52144676050,237336
/localization/pose_estimator/pose_with_covariance,52144676050,1785852788884009994,78031653119781,52144676050,0
/localization/kinematic_state,52194676051,1785852788925980367,78031695090256,52194676051,0
/control/command/control_cmd,52194676051,1785852788926212499,78031695322244,52194676051,80
/localization/kinematic_state,52244676051,1785852788976188760,78031745298863,52244676051,0
/control/command/control_cmd,52244676051,1785852788976208610,78031745318228,52244676051,80
/sensing/lidar/top/pointcloud_raw_ex,52244676051,1785852788980449067,78031749559442,52244676051,244856
/localization/pose_estimator/pose_with_covariance,52244676051,1785852788983457999,78031752567881,52244676051,0
/localization/kinematic_state,52294676052,1785852789025518040,78031794627834,52294676052,0
/control/command/control_cmd,52294676052,1785852789026140237,78031795250055,52294676052,80
/localization/kinematic_state,52344676053,1785852789075497855,78031844607783,52344676053,0
/control/command/control_cmd,52344676053,1785852789075714783,78031844824583,52344676053,80
/sensing/lidar/top/pointcloud_raw_ex,52344676053,1785852789081234501,78031850344479,52344676053,241944
/localization/pose_estimator/pose_with_covariance,52344676053,1785852789084153884,78031853263811,52344676053,0
/localization/kinematic_state,52394676054,1785852789125811280,78031894921151,52394676054,0
/control/command/control_cmd,52394676054,1785852789126573178,78031895683112,52394676054,80
/localization/kinematic_state,52444676054,1785852789176382377,78031945492249,52444676054,0
/control/command/control_cmd,52444676054,1785852789177368659,78031946478547,52444676054,80
/sensing/lidar/top/pointcloud_raw_ex,52444676054,1785852789182524585,78031951634566,52444676054,243160
/localization/pose_estimator/pose_with_covariance,52444676054,1785852789185841101,78031954951081,52444676054,0
/localization/kinematic_state,52494676055,1785852789227190362,78031996300365,52494676055,0
/control/command/control_cmd,52494676055,1785852789227279505,78031996389230,52494676055,80
/localization/kinematic_state,52544676056,1785852789276148077,78032045258068,52544676056,0
/control/command/control_cmd,52544676056,1785852789276691191,78032045801009,52544676056,80
/sensing/lidar/top/pointcloud_raw_ex,52544676056,1785852789281513064,78032050623152,52544676056,241304
/localization/pose_estimator/pose_with_covariance,52544676056,1785852789284498832,78032053608654,52544676056,0
/localization/kinematic_state,52594676056,1785852789326034687,78032095144663,52594676056,0
/control/command/control_cmd,52594676056,1785852789326166612,78032095276548,52594676056,80
/localization/kinematic_state,52644676057,1785852789376121299,78032145231132,52644676057,0
/control/command/control_cmd,52644676057,1785852789376735183,78032145845023,52644676057,80
/sensing/lidar/top/pointcloud_raw_ex,52644676057,1785852789381301989,78032150411925,52644676057,242040
/localization/pose_estimator/pose_with_covariance,52644676057,1785852789384265506,78032153375530,52644676057,0
/control/command/control_cmd,52694676058,1785852789426567652,78032195677731,52694676058,80
/localization/kinematic_state,52694676058,1785852789427064460,78032196174313,52694676058,0
/localization/kinematic_state,52744676059,1785852789476411247,78032245521110,52744676059,0
/control/command/control_cmd,52744676059,1785852789476548012,78032245686973,52744676059,80
/sensing/lidar/top/pointcloud_raw_ex,52744676059,1785852789481736435,78032250846363,52744676059,238680
/localization/pose_estimator/pose_with_covariance,52744676059,1785852789484579100,78032253688834,52744676059,0
/localization/kinematic_state,52794676059,1785852789527076916,78032296186832,52794676059,0
/control/command/control_cmd,52794676059,1785852789527091979,78032296201593,52794676059,80
/localization/kinematic_state,52844676060,1785852789576244440,78032345354304,52844676060,0
/control/command/control_cmd,52844676060,1785852789576954898,78032346064731,52844676060,80
/sensing/lidar/top/pointcloud_raw_ex,52844676060,1785852789581379690,78032350489786,52844676060,244184
/localization/pose_estimator/pose_with_covariance,52844676060,1785852789584509447,78032353619296,52844676060,0
/localization/kinematic_state,52894676061,1785852789625739815,78032394849688,52894676061,0
/control/command/control_cmd,52894676061,1785852789626288043,78032395397935,52894676061,80
/localization/kinematic_state,52944676062,1785852789675654101,78032444763972,52944676062,0
/control/command/control_cmd,52944676062,1785852789676440085,78032445549844,52944676062,80
/sensing/lidar/top/pointcloud_raw_ex,52944676062,1785852789683098737,78032452208817,52944676062,239288
/localization/pose_estimator/pose_with_covariance,52944676062,1785852789686377158,78032455487062,52944676062,0
/localization/kinematic_state,52994676062,1785852789725802796,78032494912935,52994676062,0
/control/command/control_cmd,52994676062,1785852789726034388,78032495144247,52994676062,80
/control/command/control_cmd,53044676063,1785852789776940973,78032546051060,53044676063,80
/localization/kinematic_state,53044676063,1785852789776968789,78032546078404,53044676063,0
/sensing/lidar/top/pointcloud_raw_ex,53044676063,1785852789781079973,78032550189851,53044676063,239960
/localization/pose_estimator/pose_with_covariance,53044676063,1785852789783881805,78032552991591,53044676063,0
/localization/kinematic_state,53094676064,1785852789825847061,78032594956787,53094676064,0
/control/command/control_cmd,53094676064,1785852789826125003,78032595234932,53094676064,80
/localization/kinematic_state,53144676065,1785852789875642197,78032644752163,53144676065,0
/control/command/control_cmd,53144676065,1785852789876463220,78032645573000,53144676065,80
/sensing/lidar/top/pointcloud_raw_ex,53144676065,1785852789881156753,78032650266918,53144676065,240696
/localization/pose_estimator/pose_with_covariance,53144676065,1785852789884048600,78032653158395,53144676065,0
/control/command/control_cmd,53194676065,1785852789925973229,78032695083184,53194676065,80
/localization/kinematic_state,53194676065,1785852789926010107,78032695119722,53194676065,0
/localization/kinematic_state,53244676066,1785852789976007402,78032745117347,53244676066,0
/control/command/control_cmd,53244676066,1785852789979927319,78032749037421,53244676066,80
/sensing/lidar/top/pointcloud_raw_ex,53244676066,1785852789983202421,78032752312423,53244676066,242904
/localization/pose_estimator/pose_with_covariance,53244676066,1785852789986313012,78032755422910,53244676066,0
/localization/kinematic_state,53294676067,1785852790026288669,78032795398426,53294676067,0
/control/command/control_cmd,53294676067,1785852790027002926,78032796112791,53294676067,80
/localization/kinematic_state,53344676068,1785852790077980283,78032847090207,53344676068,0
/control/command/control_cmd,53344676068,1785852790077988745,78032847098411,53344676068,80
/sensing/lidar/top/pointcloud_raw_ex,53344676068,1785852790081543134,78032850653074,53344676068,240376
/localization/pose_estimator/pose_with_covariance,53344676068,1785852790085574880,78032854684804,53344676068,0
/localization/kinematic_state,53394676068,1785852790126192392,78032895302189,53394676068,0
/control/command/control_cmd,53394676068,1785852790126678927,78032895788858,53394676068,80
/localization/kinematic_state,53444676069,1785852790175760886,78032944870758,53444676069,0
/control/command/control_cmd,53444676069,1785852790176446397,78032945556296,53444676069,80
/sensing/lidar/top/pointcloud_raw_ex,53444676069,1785852790181112899,78032950222817,53444676069,240056
/localization/pose_estimator/pose_with_covariance,53444676069,1785852790184170800,78032953280702,53444676069,0
/control/command/control_cmd,53494676070,1785852790226155641,78032995265487,53494676070,80
/localization/kinematic_state,53494676070,1785852790227077340,78032996187098,53494676070,0
/localization/kinematic_state,53544676071,1785852790275727677,78033044837646,53544676071,0
/control/command/control_cmd,53544676071,1785852790275999430,78033045109112,53544676071,80
/sensing/lidar/top/pointcloud_raw_ex,53544676071,1785852790281571551,78033050681389,53544676071,239544
/localization/pose_estimator/pose_with_covariance,53544676071,1785852790284526442,78033053636511,53544676071,0
/localization/kinematic_state,53594676071,1785852790326103765,78033095213737,53594676071,0
/control/command/control_cmd,53594676071,1785852790326132013,78033095241624,53594676071,80
/localization/kinematic_state,53644676072,1785852790376274583,78033145384525,53644676072,0
/control/command/control_cmd,53644676072,1785852790376496688,78033145606606,53644676072,80
/sensing/lidar/top/pointcloud_raw_ex,53644676072,1785852790381499237,78033150609389,53644676072,241144
/localization/pose_estimator/pose_with_covariance,53644676072,1785852790384290672,78033153400587,53644676072,0
/localization/kinematic_state,53694676073,1785852790426814786,78033195924746,53694676073,0
/control/command/control_cmd,53694676073,1785852790427867864,78033196977725,53694676073,80
/localization/kinematic_state,53744676074,1785852790475790325,78033244900219,53744676074,0
/control/command/control_cmd,53744676074,1785852790476597994,78033245707843,53744676074,80
/sensing/lidar/top/pointcloud_raw_ex,53744676074,1785852790481335270,78033250445368,53744676074,239896
/localization/pose_estimator/pose_with_covariance,53744676074,1785852790484291349,78033253401147,53744676074,0
/localization/kinematic_state,53794676074,1785852790526693999,78033295803700,53794676074,0
/control/command/control_cmd,53794676074,1785852790527403047,78033296512896,53794676074,80
/localization/kinematic_state,53844676075,1785852790575664774,78033344774648,53844676075,0
/control/command/control_cmd,53844676075,1785852790576159355,78033345269234,53844676075,80
/sensing/lidar/top/pointcloud_raw_ex,53844676075,1785852790581736488,78033350846743,53844676075,240760
/localization/pose_estimator/pose_with_covariance,53844676075,1785852790584447409,78033353557175,53844676075,0
/control/command/control_cmd,53894676076,1785852790625940219,78033395050043,53894676076,80
/localization/kinematic_state,53894676076,1785852790626307545,78033395417247,53894676076,0
/localization/kinematic_state,53944676077,1785852790675895308,78033445005227,53944676077,0
/control/command/control_cmd,53944676077,1785852790676977412,78033446087272,53944676077,80
/sensing/lidar/top/pointcloud_raw_ex,53944676077,1785852790681079246,78033450189359,53944676077,244152
/localization/pose_estimator/pose_with_covariance,53944676077,1785852790684065935,78033453175714,53944676077,0
/localization/kinematic_state,53994676077,1785852790726267471,78033495377358,53994676077,0
/control/command/control_cmd,53994676077,1785852790726278759,78033495388389,53994676077,80
/localization/kinematic_state,54044676078,1785852790775558061,78033544668121,54044676078,0
/control/command/control_cmd,54044676078,1785852790777924479,78033547034447,54044676078,80
/sensing/lidar/top/pointcloud_raw_ex,54044676078,1785852790781168777,78033550278571,54044676078,238168
/localization/pose_estimator/pose_with_covariance,54044676078,1785852790784536613,78033553646469,54044676078,0
/localization/kinematic_state,54094676079,1785852790826053422,78033595163308,54094676079,0
/control/command/control_cmd,54094676079,1785852790826410463,78033595520312,54094676079,80
/localization/kinematic_state,54144676080,1785852790875610067,78033644720222,54144676080,0
/control/command/control_cmd,54144676080,1785852790876449405,78033645559299,54144676080,80
/sensing/lidar/top/pointcloud_raw_ex,54144676080,1785852790881628612,78033650767750,54144676080,237688
/localization/pose_estimator/pose_with_covariance,54144676080,1785852790884877135,78033653987218,54144676080,0
/localization/kinematic_state,54194676080,1785852790925845475,78033694955292,54194676080,0
/control/command/control_cmd,54194676080,1785852790926209134,78033695318936,54194676080,80
/localization/kinematic_state,54244676081,1785852790975853894,78033744964004,54244676081,0
/control/command/control_cmd,54244676081,1785852790976135403,78033745245265,54244676081,80
/sensing/lidar/top/pointcloud_raw_ex,54244676081,1785852790985401751,78033754511824,54244676081,236248
/localization/pose_estimator/pose_with_covariance,54244676081,1785852790988386038,78033757495828,54244676081,0
/localization/kinematic_state,54294676082,1785852791025914203,78033795023974,54294676082,0
/control/command/control_cmd,54294676082,1785852791026488497,78033795598360,54294676082,80
/localization/kinematic_state,54344676083,1785852791076386053,78033845496052,54344676083,0
/control/command/control_cmd,54344676083,1785852791079589936,78033848699677,54344676083,80
/sensing/lidar/top/pointcloud_raw_ex,54344676083,1785852791081418715,78033850528576,54344676083,238616
/localization/pose_estimator/pose_with_covariance,54344676083,1785852791084559212,78033853669064,54344676083,0
/localization/kinematic_state,54394676083,1785852791125549601,78033894659309,54394676083,0
/control/command/control_cmd,54394676083,1785852791125957021,78033895066821,54394676083,80
/localization/kinematic_state,54444676084,1785852791176710788,78033945820742,54444676084,0
/control/command/control_cmd,54444676084,1785852791176719079,78033945828712,54444676084,80
/sensing/lidar/top/pointcloud_raw_ex,54444676084,1785852791182802427,78033951912389,54444676084,240120
/localization/pose_estimator/pose_with_covariance,54444676084,1785852791186090992,78033955200904,54444676084,0
/localization/kinematic_state,54494676085,1785852791226365994,78033995475841,54494676085,0
/control/command/control_cmd,54494676085,1785852791226382877,78033995492524,54494676085,80
/control/command/control_cmd,54544676086,1785852791276231109,78034045340980,54544676086,80
/localization/kinematic_state,54544676086,1785852791276446612,78034045556392,54544676086,0
/sensing/lidar/top/pointcloud_raw_ex,54544676086,1785852791281616006,78034050725876,54544676086,242808
/localization/pose_estimator/pose_with_covariance,54544676086,1785852791284533068,78034053642955,54544676086,0
/localization/kinematic_state,54594676086,1785852791325656904,78034094766842,54594676086,0
/control/command/control_cmd,54594676086,1785852791326021000,78034095130683,54594676086,80
/control/command/control_cmd,54644676087,1785852791376512962,78034145622755,54644676087,80
/localization/kinematic_state,54644676087,1785852791376653784,78034145763573,54644676087,0
/sensing/lidar/top/pointcloud_raw_ex,54644676087,1785852791381868164,78034150978241,54644676087,238392
/localization/pose_estimator/pose_with_covariance,54644676087,1785852791385403588,78034154513504,54644676087,0
/localization/kinematic_state,54694676088,1785852791426150260,78034195260184,54694676088,0
/control/command/control_cmd,54694676088,1785852791426775693,78034195885449,54694676088,80
/localization/kinematic_state,54744676089,1785852791476227405,78034245337147,54744676089,0
/control/command/control_cmd,54744676089,1785852791476767513,78034245877435,54744676089,80
/sensing/lidar/top/pointcloud_raw_ex,54744676089,1785852791481461872,78034250572175,54744676089,238712
/localization/pose_estimator/pose_with_covariance,54744676089,1785852791484288162,78034253398006,54744676089,0
/localization/kinematic_state,54794676089,1785852791526365387,78034295475220,54794676089,0
/control/command/control_cmd,54794676089,1785852791526466818,78034295576441,54794676089,80
/control/command/control_cmd,54844676090,1785852791576108453,78034345218432,54844676090,80
/localization/kinematic_state,54844676090,1785852791576233476,78034345343168,54844676090,0
/sensing/lidar/top/pointcloud_raw_ex,54844676090,1785852791582518347,78034351628435,54844676090,239512
/localization/pose_estimator/pose_with_covariance,54844676090,1785852791585608264,78034354718169,54844676090,0
/localization/kinematic_state,54894676091,1785852791625807699,78034394917497,54894676091,0
/control/command/control_cmd,54894676091,1785852791626184215,78034395293923,54894676091,80
/localization/kinematic_state,54944676092,1785852791675440800,78034444550975,54944676092,0
/control/command/control_cmd,54944676092,1785852791678336844,78034447446838,54944676092,80
/sensing/lidar/top/pointcloud_raw_ex,54944676092,1785852791681167551,78034450277404,54944676092,233624
/localization/pose_estimator/pose_with_covariance,54944676092,1785852791684109425,78034453219174,54944676092,0
/localization/kinematic_state,54994676092,1785852791726099160,78034495209653,54994676092,0
/control/command/control_cmd,54994676092,1785852791727160097,78034496269842,54994676092,80
/localization/kinematic_state,55044676093,1785852791776942342,78034546052298,55044676093,0
/control/command/control_cmd,55044676093,1785852791776952618,78034546062229,55044676093,80
/sensing/lidar/top/pointcloud_raw_ex,55044676093,1785852791784065657,78034553175602,55044676093,238328
/localization/pose_estimator/pose_with_covariance,55044676093,1785852791787536524,78034556646282,55044676093,0
/localization/kinematic_state,55094676094,1785852791826732084,78034595842057,55094676094,0
/control/command/control_cmd,55094676094,1785852791826978005,78034596087825,55094676094,80
/localization/kinematic_state,55144676094,1785852791875815570,78034644925336,55144676094,0
/control/command/control_cmd,55144676094,1785852791876460226,78034645570150,55144676094,80
/sensing/lidar/top/pointcloud_raw_ex,55144676094,1785852791882668565,78034651778916,55144676094,240280
/localization/pose_estimator/pose_with_covariance,55144676094,1785852791885368512,78034654478320,55144676094,0
/localization/kinematic_state,55194676095,1785852791926081142,78034695190892,55194676095,0
/control/command/control_cmd,55194676095,1785852791926099987,78034695209593,55194676095,80
/localization/kinematic_state,55244676096,1785852791975933776,78034745043653,55244676096,0
/control/command/control_cmd,55244676096,1785852791976294339,78034745404218,55244676096,80
/sensing/lidar/top/pointcloud_raw_ex,55244676096,1785852791981926602,78034751036764,55244676096,235000
/localization/pose_estimator/pose_with_covariance,55244676096,1785852791985207289,78034754317229,55244676096,0
/localization/kinematic_state,55294676097,1785852792025632471,78034794742486,55294676097,0
/control/command/control_cmd,55294676097,1785852792025750645,78034794860547,55294676097,80
/control/command/control_cmd,55344676097,1785852792075794753,78034844905150,55344676097,80
/localization/kinematic_state,55344676097,1785852792075998414,78034845108193,55344676097,0
/sensing/lidar/top/pointcloud_raw_ex,55344676097,1785852792081085899,78034850195826,55344676097,241976
/localization/pose_estimator/pose_with_covariance,55344676097,1785852792084246831,78034853356728,55344676097,0
/localization/kinematic_state,55394676098,1785852792125447516,78034894557263,55394676098,0
/control/command/control_cmd,55394676098,1785852792125927187,78034895036981,55394676098,80
/control/command/control_cmd,55444676099,1785852792177010638,78034946120791,55444676099,80
/localization/kinematic_state,55444676099,1785852792177251393,78034946361141,55444676099,0
/sensing/lidar/top/pointcloud_raw_ex,55444676099,1785852792182985464,78034952095744,55444676099,240344
/localization/pose_estimator/pose_with_covariance,55444676099,1785852792186263420,78034955373273,55444676099,0
/control/command/control_cmd,55494676100,1785852792226581532,78034995691408,55494676100,80
/localization/kinematic_state,55494676100,1785852792226677262,78034995787027,55494676100,0
/localization/kinematic_state,55544676100,1785852792275465429,78035044575582,55544676100,0
/control/command/control_cmd,55544676100,1785852792275766420,78035044876219,55544676100,80
/sensing/lidar/top/pointcloud_raw_ex,55544676100,1785852792280940574,78035050050505,55544676100,241304
/localization/pose_estimator/pose_with_covariance,55544676100,1785852792284095873,78035053232467,55544676100,0
/localization/kinematic_state,55594676101,1785852792325857804,78035094967753,55594676101,0
/control/command/control_cmd,55594676101,1785852792325955048,78035095064692,55594676101,80
/localization/kinematic_state,55644676102,1785852792375960606,78035145070482,55644676102,0
/control/command/control_cmd,55644676102,1785852792376492017,78035145601746,55644676102,80
/sensing/lidar/top/pointcloud_raw_ex,55644676102,1785852792381832373,78035150942519,55644676102,237816
/localization/pose_estimator/pose_with_covariance,55644676102,1785852792384819690,78035153929671,55644676102,0
/localization/kinematic_state,55694676103,1785852792425595759,78035194705677,55694676103,0
/control/command/control_cmd,55694676103,1785852792426312043,78035195421795,55694676103,80
/control/command/control_cmd,55744676103,1785852792476384522,78035245494737,55744676103,80
/localization/kinematic_state,55744676103,1785852792476605743,78035245715511,55744676103,0
/sensing/lidar/top/pointcloud_raw_ex,55744676103,1785852792482461696,78035251571868,55744676103,239128
/localization/pose_estimator/pose_with_covariance,55744676103,1785852792485422569,78035254532443,55744676103,0
/localization/kinematic_state,55794676104,1785852792525850070,78035294959830,55794676104,0
/control/command/control_cmd,55794676104,1785852792526533688,78035295643545,55794676104,80
/control/command/control_cmd,55844676105,1785852792576950495,78035346060526,55844676105,80
/localization/kinematic_state,55844676105,1785852792576974476,78035346084092,55844676105,0
/sensing/lidar/top/pointcloud_raw_ex,55844676105,1785852792582026914,78035351136916,55844676105,237176
/localization/pose_estimator/pose_with_covariance,55844676105,1785852792584922793,78035354032480,55844676105,0
/localization/kinematic_state,55894676106,1785852792626202073,78035395311986,55894676106,0
/control/command/control_cmd,55894676106,1785852792626446430,78035395556064,55894676106,80
/localization/kinematic_state,55944676106,1785852792676474219,78035445584232,55944676106,0
/control/command/control_cmd,55944676106,1785852792677585766,78035446695661,55944676106,80
/sensing/lidar/top/pointcloud_raw_ex,55944676106,1785852792681759200,78035450869291,55944676106,239672
/localization/pose_estimator/pose_with_covariance,55944676106,1785852792684488900,78035453598760,55944676106,0
/localization/kinematic_state,55994676107,1785852792726280861,78035495390706,55994676107,0
/control/command/control_cmd,55994676107,1785852792727233628,78035496343810,55994676107,80
/localization/kinematic_state,56044676108,1785852792775798652,78035544908514,56044676108,0
/control/command/control_cmd,56044676108,1785852792776854410,78035545964510,56044676108,80
/sensing/lidar/top/pointcloud_raw_ex,56044676108,1785852792784059692,78035553169792,56044676108,239320
/localization/pose_estimator/pose_with_covariance,56044676108,1785852792786949789,78035556059702,56044676108,0
/localization/kinematic_state,56094676109,1785852792826938229,78035596048160,56094676109,0
/control/command/control_cmd,56094676109,1785852792826948175,78035596057791,56094676109,80
/control/command/control_cmd,56144676109,1785852792876024052,78035645134096,56144676109,80
/localization/kinematic_state,56144676109,1785852792876108767,78035645218443,56144676109,0
/sensing/lidar/top/pointcloud_raw_ex,56144676109,1785852792882897580,78035652008062,56144676109,237688
/localization/pose_estimator/pose_with_covariance,56144676109,1785852792885863036,78035654972966,56144676109,0
/localization/kinematic_state,56194676110,1785852792926334152,78035695444014,56194676110,0
/control/command/control_cmd,56194676110,1785852792926341033,78035695450663,56194676110,80
/localization/kinematic_state,56244676111,1785852792976255119,78035745365034,56244676111,0
/control/command/control_cmd,56244676111,1785852792976275696,78035745385327,56244676111,80
/sensing/lidar/top/pointcloud_raw_ex,56244676111,1785852792982216103,78035751326231,56244676111,238200
/localization/pose_estimator/pose_with_covariance,56244676111,1785852792985879139,78035754988967,56244676111,0
/localization/kinematic_state,56294676112,1785852793026032256,78035795142015,56294676112,0
/control/command/control_cmd,56294676112,1785852793026111333,78035795221232,56294676112,80
/control/command/control_cmd,56344676112,1785852793076946844,78035846056860,56344676112,80
/localization/kinematic_state,56344676112,1785852793080121598,78035849231516,56344676112,0
/sensing/lidar/top/pointcloud_raw_ex,56344676112,1785852793082293473,78035851403280,56344676112,244152
/localization/pose_estimator/pose_with_covariance,56344676112,1785852793085686504,78035854796420,56344676112,0
/localization/kinematic_state,56394676113,1785852793126008485,78035895118240,56394676113,0
/control/command/control_cmd,56394676113,1785852793127044768,78035896154570,56394676113,80
/localization/kinematic_state,56444676114,1785852793176592615,78035945702486,56444676114,0
/control/command/control_cmd,56444676114,1785852793177920384,78035947030194,56444676114,80
/sensing/lidar/top/pointcloud_raw_ex,56444676114,1785852793182484395,78035951594648,56444676114,239224
/localization/pose_estimator/pose_with_covariance,56444676114,1785852793185676746,78035954786711,56444676114,0
/control/command/control_cmd,56494676115,1785852793226732352,78035995842267,56494676115,80
/localization/kinematic_state,56494676115,1785852793227041611,78035996151428,56494676115,0
/localization/kinematic_state,56544676115,1785852793275755256,78036044865102,56544676115,0
/control/command/control_cmd,56544676115,1785852793276013086,78036045122846,56544676115,80
/sensing/lidar/top/pointcloud_raw_ex,56544676115,1785852793281864043,78036050974131,56544676115,239064
/localization/pose_estimator/pose_with_covariance,56544676115,1785852793285409058,78036054518893,56544676115,0
/localization/kinematic_state,56594676116,1785852793326350801,78036095460580,56594676116,0
/control/command/control_cmd,56594676116,1785852793326360891,78036095470518,56594676116,80
/localization/kinematic_state,56644676117,1785852793376250928,78036145361116,56644676117,0
/control/command/control_cmd,56644676117,1785852793376267697,78036145377322,56644676117,80
/sensing/lidar/top/pointcloud_raw_ex,56644676117,1785852793381778982,78036150889129,56644676117,239288
/localization/pose_estimator/pose_with_covariance,56644676117,1785852793384385417,78036153495188,56644676117,0
/localization/kinematic_state,56694676118,1785852793426031808,78036195141666,56694676118,0
/control/command/control_cmd,56694676118,1785852793426278889,78036195388565,56694676118,80
/localization/kinematic_state,56744676118,1785852793476320157,78036245430279,56744676118,0
/control/command/control_cmd,56744676118,1785852793476332961,78036245442599,56744676118,80
/sensing/lidar/top/pointcloud_raw_ex,56744676118,1785852793482615451,78036251725682,56744676118,236472
/localization/pose_estimator/pose_with_covariance,56744676118,1785852793485454965,78036254564925,56744676118,0
/localization/kinematic_state,56794676119,1785852793525719185,78036294829074,56794676119,0
/control/command/control_cmd,56794676119,1785852793526969586,78036296079473,56794676119,80
/localization/kinematic_state,56844676120,1785852793575759671,78036344869575,56844676120,0
/control/command/control_cmd,56844676120,1785852793577856941,78036346966967,56844676120,80
/sensing/lidar/top/pointcloud_raw_ex,56844676120,1785852793581211439,78036350321559,56844676120,239384
/localization/pose_estimator/pose_with_covariance,56844676120,1785852793583871071,78036352980963,56844676120,0
/localization/kinematic_state,56894676121,1785852793626079853,78036395189874,56894676121,0
/control/command/control_cmd,56894676121,1785852793626099873,78036395209506,56894676121,80
/localization/kinematic_state,56944676121,1785852793675936569,78036445046363,56944676121,0
/control/command/control_cmd,56944676121,1785852793677163402,78036446273418,56944676121,80
/sensing/lidar/top/pointcloud_raw_ex,56944676121,1785852793681466909,78036450576906,56944676121,240792
/localization/pose_estimator/pose_with_covariance,56944676121,1785852793684262548,78036453372411,56944676121,0
/localization/kinematic_state,56994676122,1785852793725959528,78036495069293,56994676122,0
/control/command/control_cmd,56994676122,1785852793726944953,78036496054751,56994676122,80
/localization/kinematic_state,57044676123,1785852793775897304,78036545007240,57044676123,0
/control/command/control_cmd,57044676123,1785852793776575142,78036545684997,57044676123,80
/sensing/lidar/top/pointcloud_raw_ex,57044676123,1785852793782351817,78036551461892,57044676123,244056
/localization/pose_estimator/pose_with_covariance,57044676123,1785852793785942310,78036555052114,57044676123,0
/control/command/control_cmd,57094676124,1785852793825941905,78036595051716,57094676124,80
/localization/kinematic_state,57094676124,1785852793826332704,78036595442559,57094676124,0
/localization/kinematic_state,57144676124,1785852793877974357,78036647084283,57144676124,0
/control/command/control_cmd,57144676124,1785852793877990074,78036647099689,57144676124,80
/sensing/lidar/top/pointcloud_raw_ex,57144676124,1785852793883097437,78036652207474,57144676124,236632
/localization/pose_estimator/pose_with_covariance,57144676124,1785852793885795739,78036654905621,57144676124,0
/localization/kinematic_state,57194676125,1785852793926111570,78036695221505,57194676125,0
/control/command/control_cmd,57194676125,1785852793926614215,78036695724098,57194676125,80
/localization/kinematic_state,57244676126,1785852793976331217,78036745441076,57244676126,0
/control/command/control_cmd,57244676126,1785852793976907600,78036746017339,57244676126,80
/sensing/lidar/top/pointcloud_raw_ex,57244676126,1785852793981768599,78036750878476,57244676126,244696
/localization/pose_estimator/pose_with_covariance,57244676126,1785852793985410221,78036754520088,57244676126,0
/localization/kinematic_state,57294676127,1785852794026428747,78036795538606,57294676127,0
/control/command/control_cmd,57294676127,1785852794026814595,78036795924398,57294676127,80
/localization/kinematic_state,57344676127,1785852794075669330,78036844779178,57344676127,0
/control/command/control_cmd,57344676127,1785852794076084295,78036845194011,57344676127,80
/sensing/lidar/top/pointcloud_raw_ex,57344676127,1785852794081209747,78036850319875,57344676127,239992
/localization/pose_estimator/pose_with_covariance,57344676127,1785852794083947247,78036853057145,57344676127,0
/control/command/control_cmd,57394676128,1785852794125623452,78036894733373,57394676128,80
/localization/kinematic_state,57394676128,1785852794125885667,78036894995374,57394676128,0
/localization/kinematic_state,57444676129,1785852794176393369,78036945503170,57444676129,0
/control/command/control_cmd,57444676129,1785852794176856816,78036945966698,57444676129,80
/sensing/lidar/top/pointcloud_raw_ex,57444676129,1785852794182276520,78036951386544,57444676129,236216
/localization/pose_estimator/pose_with_covariance,57444676129,1785852794185639346,78036954749336,57444676129,0
/localization/kinematic_state,57494676130,1785852794226025707,78036995135442,57494676130,0
/control/command/control_cmd,57494676130,1785852794226937409,78036996047146,57494676130,80
/localization/kinematic_state,57544676130,1785852794275772121,78037044881871,57544676130,0
/control/command/control_cmd,57544676130,1785852794275973294,78037045083004,57544676130,80
/sensing/lidar/top/pointcloud_raw_ex,57544676130,1785852794282871894,78037051981853,57544676130,242264
/localization/pose_estimator/pose_with_covariance,57544676130,1785852794286395875,78037055505840,57544676130,0
/localization/kinematic_state,57594676131,1785852794325894790,78037095004650,57594676131,0
/control/command/control_cmd,57594676131,1785852794326534307,78037095644080,57594676131,80
/localization/kinematic_state,57644676132,1785852794376060705,78037145170674,57644676132,0
/control/command/control_cmd,57644676132,1785852794376571076,78037145680860,57644676132,80
/sensing/lidar/top/pointcloud_raw_ex,57644676132,1785852794381452266,78037150562413,57644676132,242488
/localization/pose_estimator/pose_with_covariance,57644676132,1785852794384555007,78037153664920,57644676132,0
/control/command/control_cmd,57694676132,1785852794426826981,78037195937069,57694676132,80
/localization/kinematic_state,57694676132,1785852794426878989,78037195988643,57694676132,0
/localization/kinematic_state,57744676133,1785852794476292193,78037245402189,57744676133,0
/control/command/control_cmd,57744676133,1785852794477161962,78037246271788,57744676133,80
/sensing/lidar/top/pointcloud_raw_ex,57744676133,1785852794481693238,78037250803253,57744676133,243640
/localization/pose_estimator/pose_with_covariance,57744676133,1785852794484655141,78037253764903,57744676133,0
/localization/kinematic_state,57794676134,1785852794525985587,78037295095329,57794676134,0
/control/command/control_cmd,57794676134,1785852794526684021,78037295793842,57794676134,80
/localization/kinematic_state,57844676135,1785852794576094614,78037345204320,57844676135,0
/control/command/control_cmd,57844676135,1785852794577438732,78037346548511,57844676135,80
/sensing/lidar/top/pointcloud_raw_ex,57844676135,1785852794581695265,78037350805146,57844676135,236152
/localization/pose_estimator/pose_with_covariance,57844676135,1785852794584445140,78037353555015,57844676135,0
/localization/kinematic_state,57894676135,1785852794626695271,78037395805192,57894676135,0
/control/command/control_cmd,57894676135,1785852794626706058,78037395815677,57894676135,80
/control/command/control_cmd,57944676136,1785852794675983411,78037445093524,57944676136,80
/localization/kinematic_state,57944676136,1785852794676311389,78037445421160,57944676136,0
/sensing/lidar/top/pointcloud_raw_ex,57944676136,1785852794681693863,78037450804101,57944676136,241368
/localization/pose_estimator/pose_with_covariance,57944676136,1785852794685373645,78037454483479,57944676136,0
/localization/kinematic_state,57994676137,1785852794725964968,78037495074948,57994676137,0
/control/command/control_cmd,57994676137,1785852794726238264,78037495348126,57994676137,80
/localization/kinematic_state,58044676138,1785852794776940138,78037546050051,58044676138,0
/control/command/control_cmd,58044676138,1785852794776950242,78037546059864,58044676138,80
/sensing/lidar/top/pointcloud_raw_ex,58044676138,1785852794784701044,78037553811320,58044676138,241560
/localization/pose_estimator/pose_with_covariance,58044676138,1785852794787502766,78037556612641,58044676138,0
/localization/kinematic_state,58094676138,1785852794826555661,78037595665601,58094676138,0
/control/command/control_cmd,58094676138,1785852794826686403,78037595796277,58094676138,80
/localization/kinematic_state,58144676139,1785852794875979400,78037645089131,58144676139,0
/control/command/control_cmd,58144676139,1785852794876383740,78037645493598,58144676139,80
/sensing/lidar/top/pointcloud_raw_ex,58144676139,1785852794881403192,78037650513465,58144676139,239384
/localization/pose_estimator/pose_with_covariance,58144676139,1785852794884114164,78037653223954,58144676139,0
/control/command/control_cmd,58194676140,1785852794925951340,78037695061552,58194676140,80
/localization/kinematic_state,58194676140,1785852794926100541,78037695210367,58194676140,0
/localization/kinematic_state,58244676141,1785852794975371146,78037744480994,58244676141,0
/control/command/control_cmd,58244676141,1785852794975748518,78037744858531,58244676141,80
/sensing/lidar/top/pointcloud_raw_ex,58244676141,1785852794982980899,78037752091323,58244676141,237976
/localization/pose_estimator/pose_with_covariance,58244676141,1785852794985926467,78037755036414,58244676141,0
/localization/kinematic_state,58294676141,1785852795025866741,78037794976720,58294676141,0
/control/command/control_cmd,58294676141,1785852795026799905,78037795909657,58294676141,80
/localization/kinematic_state,58344676142,1785852795075800713,78037844910707,58344676142,0
/control/command/control_cmd,58344676142,1785852795076037335,78037845147151,58344676142,80
/sensing/lidar/top/pointcloud_raw_ex,58344676142,1785852795081062276,78037850172241,58344676142,237560
/localization/pose_estimator/pose_with_covariance,58344676142,1785852795083832450,78037852942192,58344676142,0
/control/command/control_cmd,58394676143,1785852795125878267,78037894988243,58394676143,80
/localization/kinematic_state,58394676143,1785852795126179540,78037895289384,58394676143,0
/localization/kinematic_state,58444676144,1785852795175822677,78037944932671,58444676144,0
/control/command/control_cmd,58444676144,1785852795176342794,78037945452567,58444676144,80
/sensing/lidar/top/pointcloud_raw_ex,58444676144,1785852795181619775,78037950729595,58444676144,237816
/localization/pose_estimator/pose_with_covariance,58444676144,1785852795185176312,78037954286248,58444676144,0
/localization/kinematic_state,58494676144,1785852795225802786,78037994912562,58494676144,0
/control/command/control_cmd,58494676144,1785852795226576682,78037995686736,58494676144,80
/localization/kinematic_state,58544676145,1785852795276620691,78038045730573,58544676145,0
/control/command/control_cmd,58544676145,1785852795276672307,78038045782243,58544676145,80
/sensing/lidar/top/pointcloud_raw_ex,58544676145,1785852795281544270,78038050654102,58544676145,239512
/localization/pose_estimator/pose_with_covariance,58544676145,1785852795284304172,78038053413952,58544676145,0
/control/command/control_cmd,58594676146,1785852795326410696,78038095520704,58594676146,80
/localization/kinematic_state,58594676146,1785852795326564059,78038095673700,58594676146,0
/localization/kinematic_state,58644676147,1785852795376164318,78038145274180,58644676147,0
/control/command/control_cmd,58644676147,1785852795376175094,78038145284717,58644676147,80
/sensing/lidar/top/pointcloud_raw_ex,58644676147,1785852795382128262,78038151238379,58644676147,242264
/localization/pose_estimator/pose_with_covariance,58644676147,1785852795384961639,78038154071352,58644676147,0
/localization/kinematic_state,58694676147,1785852795426617969,78038195727837,58694676147,0
/control/command/control_cmd,58694676147,1785852795426900211,78038196010008,58694676147,80
/localization/kinematic_state,58744676148,1785852795475859335,78038244969194,58744676148,0
/control/command/control_cmd,58744676148,1785852795476874286,78038245984020,58744676148,80
/sensing/lidar/top/pointcloud_raw_ex,58744676148,1785852795482477801,78038251587555,58744676148,243352
/localization/pose_estimator/pose_with_covariance,58744676148,1785852795485473600,78038254583395,58744676148,0
/control/command/control_cmd,58794676149,1785852795526258859,78038295368934,58794676149,80
/localization/kinematic_state,58794676149,1785852795526342846,78038295452465,58794676149,0
/localization/kinematic_state,58844676150,1785852795575715496,78038344825440,58844676150,0
/control/command/control_cmd,58844676150,1785852795576190528,78038345300360,58844676150,80
/sensing/lidar/top/pointcloud_raw_ex,58844676150,1785852795581318072,78038350428353,58844676150,240376
/localization/pose_estimator/pose_with_covariance,58844676150,1785852795583944547,78038353054373,58844676150,0
/localization/kinematic_state,58894676150,1785852795626696981,78038395806736,58894676150,0
/control/command/control_cmd,58894676150,1785852795626705365,78038395814967,58894676150,80
/localization/kinematic_state,58944676151,1785852795675835706,78038444945445,58944676151,0
/control/command/control_cmd,58944676151,1785852795676644844,78038445754778,58944676151,80
/sensing/lidar/top/pointcloud_raw_ex,58944676151,1785852795681904140,78038451014284,58944676151,240632
/localization/pose_estimator/pose_with_covariance,58944676151,1785852795684842433,78038453952319,58944676151,0
/localization/kinematic_state,58994676152,1785852795726237862,78038495347553,58994676152,0
/control/command/control_cmd,58994676152,1785852795726730408,78038495840178,58994676152,80
/localization/kinematic_state,59044676153,1785852795776695966,78038545805822,59044676153,0
/control/command/control_cmd,59044676153,1785852795779234447,78038548344408,59044676153,80
/sensing/lidar/top/pointcloud_raw_ex,59044676153,1785852795784508403,78038553618354,59044676153,240984
/localization/pose_estimator/pose_with_covariance,59044676153,1785852795788404353,78038557514198,59044676153,0
/control/command/control_cmd,59094676153,1785852795826566573,78038595676329,59094676153,80
/localization/kinematic_state,59094676153,1785852795826881585,78038595991244,59094676153,0
/localization/kinematic_state,59144676154,1785852795876130656,78038645240458,59144676154,0
/control/command/control_cmd,59144676154,1785852795876906187,78038646015875,59144676154,80
/sensing/lidar/top/pointcloud_raw_ex,59144676154,1785852795881578371,78038650688370,59144676154,240632
/localization/pose_estimator/pose_with_covariance,59144676154,1785852795885057296,78038654167186,59144676154,0
/localization/kinematic_state,59194676155,1785852795926488002,78038695597911,59194676155,0
/control/command/control_cmd,59194676155,1785852795927728394,78038696838161,59194676155,80
/localization/kinematic_state,59244676156,1785852795976266684,78038745376472,59244676156,0
/control/command/control_cmd,59244676156,1785852795976844726,78038745954562,59244676156,80
/sensing/lidar/top/pointcloud_raw_ex,59244676156,1785852795981415056,78038750524968,59244676156,235672
/localization/pose_estimator/pose_with_covariance,59244676156,1785852795984386193,78038753496006,59244676156,0
/control/command/control_cmd,59294676156,1785852796026319834,78038795429692,59294676156,80
/localization/kinematic_state,59294676156,1785852796026679594,78038795789370,59294676156,0
/control/command/control_cmd,59344676157,1785852796076090597,78038845200525,59344676157,80
/localization/kinematic_state,59344676157,1785852796076545974,78038845655798,59344676157,0
/sensing/lidar/top/pointcloud_raw_ex,59344676157,1785852796083385111,78038852495131,59344676157,238744
/localization/pose_estimator/pose_with_covariance,59344676157,1785852796086360567,78038855470369,59344676157,0
/control/command/control_cmd,59394676158,1785852796125918540,78038895028399,59394676158,80
/localization/kinematic_state,59394676158,1785852796126584260,78038895693987,59394676158,0
/localization/kinematic_state,59444676159,1785852796176962535,78038946072356,59444676159,0
/control/command/control_cmd,59444676159,1785852796176971825,78038946081477,59444676159,80
/sensing/lidar/top/pointcloud_raw_ex,59444676159,1785852796181847130,78038950956933,59444676159,239672
/localization/pose_estimator/pose_with_covariance,59444676159,1785852796185689747,78038954799575,59444676159,0
/control/command/control_cmd,59494676159,1785852796226112681,78038995222555,59494676159,80
/localization/kinematic_state,59494676159,1785852796227108720,78038996218457,59494676159,0
/control/command/control_cmd,59544676160,1785852796276064285,78039045174245,59544676160,80
/localization/kinematic_state,59544676160,1785852796276783977,78039045893703,59544676160,0
/sensing/lidar/top/pointcloud_raw_ex,59544676160,1785852796282510139,78039051620128,59544676160,243640
/localization/pose_estimator/pose_with_covariance,59544676160,1785852796285698991,78039054808902,59544676160,0
/localization/kinematic_state,59594676161,1785852796325763579,78039094873474,59594676161,0
/control/command/control_cmd,59594676161,1785852796326272684,78039095382605,59594676161,80
/localization/kinematic_state,59644676162,1785852796375941386,78039145051173,59644676162,0
/control/command/control_cmd,59644676162,1785852796376264989,78039145374779,59644676162,80
/sensing/lidar/top/pointcloud_raw_ex,59644676162,1785852796381023634,78039150133656,59644676162,242808
/localization/pose_estimator/pose_with_covariance,59644676162,1785852796383944385,78039153054162,59644676162,0
/control/command/control_cmd,59694676162,1785852796426558375,78039195668315,59694676162,80
/localization/kinematic_state,59694676162,1785852796426817029,78039195926656,59694676162,0
/localization/kinematic_state,59744676163,1785852796475772892,78039244882820,59744676163,0
/control/command/control_cmd,59744676163,1785852796476345967,78039245455759,59744676163,80
/sensing/lidar/top/pointcloud_raw_ex,59744676163,1785852796482311015,78039251421289,59744676163,242936
/localization/pose_estimator/pose_with_covariance,59744676163,1785852796485277478,78039254387516,59744676163,0
/localization/kinematic_state,59794676164,1785852796526251212,78039295361094,59794676164,0
/control/command/control_cmd,59794676164,1785852796526261029,78039295370656,59794676164,80
/localization/kinematic_state,59844676165,1785852796576007236,78039345117167,59844676165,0
/control/command/control_cmd,59844676165,1785852796577034605,78039346144499,59844676165,80
/sensing/lidar/top/pointcloud_raw_ex,59844676165,1785852796581125134,78039350234929,59844676165,237368
/localization/pose_estimator/pose_with_covariance,59844676165,1785852796584647215,78039353756936,59844676165,0
/localization/kinematic_state,59894676165,1785852796626104264,78039395214079,59894676165,0
/control/command/control_cmd,59894676165,1785852796626251984,78039395361853,59894676165,80
/localization/kinematic_state,59944676166,1785852796676822729,78039445932666,59944676166,0
/control/command/control_cmd,59944676166,1785852796676831297,78039445940916,59944676166,80
/sensing/lidar/top/pointcloud_raw_ex,59944676166,1785852796682278220,78039451388318,59944676166,237848
/localization/pose_estimator/pose_with_covariance,59944676166,1785852796685289029,78039454398751,59944676166,0
/localization/kinematic_state,59994676167,1785852796726222499,78039495332228,59994676167,0
/control/command/control_cmd,59994676167,1785852796726237658,78039495347309,59994676167,80
/control/command/control_cmd,60044676168,1785852796776750374,78039545860490,60044676168,80
/localization/kinematic_state,60044676168,1785852796776876776,78039545986425,60044676168,0
/sensing/lidar/top/pointcloud_raw_ex,60044676168,1785852796781303097,78039550413197,60044676168,239992
/localization/pose_estimator/pose_with_covariance,60044676168,1785852796785537379,78039554647312,60044676168,0
/localization/kinematic_state,60094676168,1785852796826410553,78039595520462,60094676168,0
/control/command/control_cmd,60094676168,1785852796826463093,78039595572984,60094676168,80
/localization/kinematic_state,60144676169,1785852796876273471,78039645383415,60144676169,0
/control/command/control_cmd,60144676169,1785852796876701966,78039645811761,60144676169,80
/sensing/lidar/top/pointcloud_raw_ex,60144676169,1785852796883457443,78039652567842,60144676169,240472
/localization/pose_estimator/pose_with_covariance,60144676169,1785852796886565402,78039655675327,60144676169,0
/localization/kinematic_state,60194676170,1785852796925887033,78039694996785,60194676170,0
/control/command/control_cmd,60194676170,1785852796926172173,78039695281956,60194676170,80
/localization/kinematic_state,60244676170,1785852796975981845,78039745091860,60244676170,0
/control/command/control_cmd,60244676170,1785852796976153048,78039745262866,60244676170,80
/sensing/lidar/top/pointcloud_raw_ex,60244676170,1785852796981363890,78039750473961,60244676170,238360
/localization/pose_estimator/pose_with_covariance,60244676170,1785852796984080300,78039753190010,60244676170,0
/localization/kinematic_state,60294676171,1785852797026084707,78039795194567,60294676171,0
/control/command/control_cmd,60294676171,1785852797026091566,78039795201199,60294676171,80
/control/command/control_cmd,60344676172,1785852797076163590,78039845273528,60344676172,80
/localization/kinematic_state,60344676172,1785852797076592977,78039845702725,60344676172,0
/sensing/lidar/top/pointcloud_raw_ex,60344676172,1785852797082172731,78039851282796,60344676172,238968
/localization/pose_estimator/pose_with_covariance,60344676172,1785852797084925749,78039854035428,60344676172,0
/localization/kinematic_state,60394676173,1785852797126152514,78039895262547,60394676173,0
/control/command/control_cmd,60394676173,1785852797126402852,78039895512770,60394676173,80
/localization/kinematic_state,60444676173,1785852797175746460,78039944856363,60444676173,0
/control/command/control_cmd,60444676173,1785852797176179699,78039945289689,60444676173,80
/sensing/lidar/top/pointcloud_raw_ex,60444676173,1785852797182208621,78039951318604,60444676173,237496
/localization/pose_estimator/pose_with_covariance,60444676173,1785852797185027345,78039954137125,60444676173,0
/localization/kinematic_state,60494676174,1785852797226265881,78039995375921,60494676174,0
/control/command/control_cmd,60494676174,1785852797226296716,78039995406351,60494676174,80
/control/command/control_cmd,60544676175,1785852797276265263,78040045375159,60544676175,80
/localization/kinematic_state,60544676175,1785852797276341843,78040045451638,60544676175,0
/sensing/lidar/top/pointcloud_raw_ex,60544676175,1785852797282379902,78040051490027,60544676175,243192
/localization/pose_estimator/pose_with_covariance,60544676175,1785852797285210420,78040054320126,60544676175,0
/localization/kinematic_state,60594676176,1785852797325746153,78040094855920,60594676176,0
/control/command/control_cmd,60594676176,1785852797326027210,78040095136932,60594676176,80
/localization/kinematic_state,60644676176,1785852797375955655,78040145065787,60644676176,0
/control/command/control_cmd,60644676176,1785852797376866258,78040145976015,60644676176,80
/sensing/lidar/top/pointcloud_raw_ex,60644676176,1785852797381566777,78040150676884,60644676176,239896
/localization/pose_estimator/pose_with_covariance,60644676176,1785852797384310698,78040153420748,60644676176,0
/localization/kinematic_state,60694676177,1785852797425794024,78040194903888,60694676177,0
/control/command/control_cmd,60694676177,1785852797426088028,78040195197852,60694676177,80
/localization/kinematic_state,60744676178,1785852797476367943,78040245478105,60744676178,0
/control/command/control_cmd,60744676178,1785852797476376558,78040245486168,60744676178,80
/sensing/lidar/top/pointcloud_raw_ex,60744676178,1785852797483183199,78040252293765,60744676178,237272
/localization/pose_estimator/pose_with_covariance,60744676178,1785852797486036994,78040255146848,60744676178,0
/localization/kinematic_state,60794676179,1785852797525842252,78040294952118,60794676179,0
/control/command/control_cmd,60794676179,1785852797526477330,78040295587129,60794676179,80
/localization/kinematic_state,60844676179,1785852797575663185,78040344773051,60844676179,0
/control/command/control_cmd,60844676179,1785852797576922093,78040346031992,60844676179,80
/sensing/lidar/top/pointcloud_raw_ex,60844676179,1785852797582457573,78040351567630,60844676179,236920
/localization/pose_estimator/pose_with_covariance,60844676179,1785852797586047824,78040355157635,60844676179,0
/localization/kinematic_state,60894676180,1785852797626863760,78040395973620,60894676180,0
/control/command/control_cmd,60894676180,1785852797626873546,78040395983169,60894676180,80
/control/command/control_cmd,60944676181,1785852797675991830,78040445101884,60944676181,80
/localization/kinematic_state,60944676181,1785852797676284939,78040445394812,60944676181,0
/sensing/lidar/top/pointcloud_raw_ex,60944676181,1785852797682975963,78040452086220,60944676181,238680
/localization/pose_estimator/pose_with_covariance,60944676181,1785852797685787099,78040454897098,60944676181,0
/localization/kinematic_state,60994676182,1785852797726111006,78040495220930,60994676182,0
/control/command/control_cmd,60994676182,1785852797726676660,78040495786619,60994676182,80
/localization/kinematic_state,61044676182,1785852797776965504,78040546075458,61044676182,0
/control/command/control_cmd,61044676182,1785852797776978484,78040546088111,61044676182,80
/sensing/lidar/top/pointcloud_raw_ex,61044676182,1785852797783052260,78040552162212,61044676182,234584
/localization/pose_estimator/pose_with_covariance,61044676182,1785852797785730489,78040554840255,61044676182,0
/localization/kinematic_state,61094676183,1785852797825689160,78040594798953,61094676183,0
/control/command/control_cmd,61094676183,1785852797826191568,78040595301388,61094676183,80
/localization/kinematic_state,61144676184,1785852797875963121,78040645073209,61144676184,0
/control/command/control_cmd,61144676184,1785852797876752778,78040645862541,61144676184,80
/sensing/lidar/top/pointcloud_raw_ex,61144676184,1785852797883464670,78040652574919,61144676184,235928
/localization/pose_estimator/pose_with_covariance,61144676184,1785852797886174223,78040655283969,61144676184,0
/localization/kinematic_state,61194676185,1785852797925500664,78040694610543,61194676185,0
/control/command/control_cmd,61194676185,1785852797926336217,78040695446029,61194676185,80
/localization/kinematic_state,61244676185,1785852797976307154,78040745417016,61244676185,0
/control/command/control_cmd,61244676185,1785852797977230868,78040746340587,61244676185,80
/sensing/lidar/top/pointcloud_raw_ex,61244676185,1785852797982722768,78040751833057,61244676185,234360
/localization/pose_estimator/pose_with_covariance,61244676185,1785852797986375182,78040755485087,61244676185,0
/localization/kinematic_state,61294676186,1785852798025404767,78040794514522,61294676186,0
/control/command/control_cmd,61294676186,1785852798025698012,78040794807758,61294676186,80
/localization/kinematic_state,61344676187,1785852798075916415,78040845026322,61344676187,0
/control/command/control_cmd,61344676187,1785852798075928903,78040845038521,61344676187,80
/sensing/lidar/top/pointcloud_raw_ex,61344676187,1785852798081526713,78040850637081,61344676187,238872
/localization/pose_estimator/pose_with_covariance,61344676187,1785852798084545974,78040853655734,61344676187,0
/localization/kinematic_state,61394676188,1785852798125669956,78040894779798,61394676188,0
/control/command/control_cmd,61394676188,1785852798127033378,78040896143190,61394676188,80
/localization/kinematic_state,61444676188,1785852798176225605,78040945335583,61444676188,0
/control/command/control_cmd,61444676188,1785852798177550847,78040946660504,61444676188,80
/sensing/lidar/top/pointcloud_raw_ex,61444676188,1785852798181623222,78040950733176,61444676188,235256
/localization/pose_estimator/pose_with_covariance,61444676188,1785852798184622875,78040953732658,61444676188,0
/control/command/control_cmd,61494676189,1785852798226687898,78040995797631,61494676189,80
/localization/kinematic_state,61494676189,1785852798226711265,78040995820868,61494676189,0
/localization/kinematic_state,61544676190,1785852798275822281,78041044932105,61544676190,0
/control/command/control_cmd,61544676190,1785852798276361060,78041045470914,61544676190,80
/sensing/lidar/top/pointcloud_raw_ex,61544676190,1785852798282127907,78041051238117,61544676190,236312
/localization/pose_estimator/pose_with_covariance,61544676190,1785852798285000716,78041054110407,61544676190,0
/control/command/control_cmd,61594676191,1785852798326325733,78041095435762,61594676191,80
/localization/kinematic_state,61594676191,1785852798326952902,78041096062610,61594676191,0
/localization/kinematic_state,61644676191,1785852798378826057,78041147935741,61644676191,0
/control/command/control_cmd,61644676191,1785852798378839179,78041147948801,61644676191,80
/sensing/lidar/top/pointcloud_raw_ex,61644676191,1785852798381273854,78041150383977,61644676191,237080
/localization/pose_estimator/pose_with_covariance,61644676191,1785852798384430498,78041153540391,61644676191,0
/control/command/control_cmd,61694676192,1785852798426118083,78041195228312,61694676192,80
/localization/kinematic_state,61694676192,1785852798427077814,78041196187593,61694676192,0
/localization/kinematic_state,61744676193,1785852798475542348,78041244652405,61744676193,0
/control/command/control_cmd,61744676193,1785852798476918730,78041246028677,61744676193,80
/sensing/lidar/top/pointcloud_raw_ex,61744676193,1785852798482522173,78041251632448,61744676193,236696
/localization/pose_estimator/pose_with_covariance,61744676193,1785852798485438439,78041254548378,61744676193,0
/localization/kinematic_state,61794676194,1785852798526146976,78041295256876,61794676194,0
/control/command/control_cmd,61794676194,1785852798526221735,78041295331426,61794676194,80
/control/command/control_cmd,61844676194,1785852798575806180,78041344916059,61844676194,80
/localization/kinematic_state,61844676194,1785852798576571478,78041345681203,61844676194,0
/sensing/lidar/top/pointcloud_raw_ex,61844676194,1785852798582457889,78041351568360,61844676194,235288
/localization/pose_estimator/pose_with_covariance,61844676194,1785852798585512643,78041354622529,61844676194,0
/localization/kinematic_state,61894676195,1785852798625815753,78041394925648,61894676195,0
/control/command/control_cmd,61894676195,1785852798626317509,78041395427278,61894676195,80
/localization/kinematic_state,61944676196,1785852798675887399,78041444997242,61944676196,0
/control/command/control_cmd,61944676196,1785852798677573687,78041446683699,61944676196,80
/sensing/lidar/top/pointcloud_raw_ex,61944676196,1785852798684129011,78041453239176,61944676196,235928
/localization/pose_estimator/pose_with_covariance,61944676196,1785852798687930055,78041457039879,61944676196,0
/localization/kinematic_state,61994676197,1785852798725830296,78041494940089,61994676197,0
/control/command/control_cmd,61994676197,1785852798726065364,78041495175249,61994676197,80
/localization/kinematic_state,62044676197,1785852798775648698,78041544758579,62044676197,0
/control/command/control_cmd,62044676197,1785852798777100935,78041546210835,62044676197,80
/sensing/lidar/top/pointcloud_raw_ex,62044676197,1785852798781459068,78041550569006,62044676197,239352
/localization/pose_estimator/pose_with_covariance,62044676197,1785852798784425365,78041553535159,62044676197,0
/localization/kinematic_state,62094676198,1785852798826061433,78041595171458,62094676198,0
/control/command/control_cmd,62094676198,1785852798826308907,78041595418796,62094676198,80
/localization/kinematic_state,62144676199,1785852798876421253,78041645531232,62144676199,0
/control/command/control_cmd,62144676199,1785852798876499264,78041645608889,62144676199,80
/sensing/lidar/top/pointcloud_raw_ex,62144676199,1785852798881897800,78041651008113,62144676199,237880
/localization/pose_estimator/pose_with_covariance,62144676199,1785852798884718020,78041653827833,62144676199,0
/localization/kinematic_state,62194676200,1785852798925782014,78041694891984,62194676200,0
/control/command/control_cmd,62194676200,1785852798925845500,78041694955152,62194676200,80
/localization/kinematic_state,62244676200,1785852798976015303,78041745125012,62244676200,0
/control/command/control_cmd,62244676200,1785852798977361878,78041746471652,62244676200,80
/sensing/lidar/top/pointcloud_raw_ex,62244676200,1785852798983458413,78041752568422,62244676200,239512
/localization/pose_estimator/pose_with_covariance,62244676200,1785852798986321160,78041755431196,62244676200,0
/localization/kinematic_state,62294676201,1785852799025784940,78041794894691,62294676201,0
/control/command/control_cmd,62294676201,1785852799025960265,78041795070180,62294676201,80
/localization/kinematic_state,62344676202,1785852799075406728,78041844516627,62344676202,0
/control/command/control_cmd,62344676202,1785852799075644108,78041844754050,62344676202,80
/sensing/lidar/top/pointcloud_raw_ex,62344676202,1785852799081331185,78041850441242,62344676202,240216
/localization/pose_estimator/pose_with_covariance,62344676202,1785852799084327525,78041853437423,62344676202,0
/localization/kinematic_state,62394676203,1785852799125515305,78041894625116,62394676203,0
/control/command/control_cmd,62394676203,1785852799126099644,78041895209456,62394676203,80
/localization/kinematic_state,62444676203,1785852799176087244,78041945197227,62444676203,0
/control/command/control_cmd,62444676203,1785852799176835471,78041945945287,62444676203,80
/sensing/lidar/top/pointcloud_raw_ex,62444676203,1785852799183539024,78041952649365,62444676203,240344
/localization/pose_estimator/pose_with_covariance,62444676203,1785852799186585414,78041955695444,62444676203,0
/control/command/control_cmd,62494676204,1785852799226269075,78041995379240,62494676204,80
/localization/kinematic_state,62494676204,1785852799227001383,78041996111132,62494676204,0
/control/command/control_cmd,62544676205,1785852799275786224,78042044896145,62544676205,80
/localization/kinematic_state,62544676205,1785852799276682660,78042045792525,62544676205,0
/sensing/lidar/top/pointcloud_raw_ex,62544676205,1785852799281231442,78042050341350,62544676205,237752
/localization/pose_estimator/pose_with_covariance,62544676205,1785852799284875877,78042053985781,62544676205,0
/localization/kinematic_state,62594676206,1785852799325653108,78042094763024,62594676206,0
/control/command/control_cmd,62594676206,1785852799325980311,78042095090221,62594676206,80
/localization/kinematic_state,62644676206,1785852799375414944,78042144524713,62644676206,0
/control/command/control_cmd,62644676206,1785852799376246161,78042145355923,62644676206,80
/sensing/lidar/top/pointcloud_raw_ex,62644676206,1785852799381307016,78042150417320,62644676206,238808
/localization/pose_estimator/pose_with_covariance,62644676206,1785852799384261893,78042153371598,62644676206,0
/control/command/control_cmd,62694676207,1785852799426181677,78042195291517,62694676207,80
/localization/kinematic_state,62694676207,1785852799426722953,78042195832754,62694676207,0
/localization/kinematic_state,62744676208,1785852799476799177,78042245909290,62744676208,0
/control/command/control_cmd,62744676208,1785852799476814154,78042245923762,62744676208,80
/sensing/lidar/top/pointcloud_raw_ex,62744676208,1785852799481836797,78042250946939,62744676208,232696
/localization/pose_estimator/pose_with_covariance,62744676208,1785852799485012770,78042254122744,62744676208,0
/localization/kinematic_state,62794676208,1785852799526658891,78042295768748,62794676208,0
/control/command/control_cmd,62794676208,1785852799526667872,78042295777483,62794676208,80
/control/command/control_cmd,62844676209,1785852799576359163,78042345468960,62844676209,80
/localization/kinematic_state,62844676209,1785852799576701042,78042345810799,62844676209,0
/sensing/lidar/top/pointcloud_raw_ex,62844676209,1785852799583307723,78042352417951,62844676209,236536
/localization/pose_estimator/pose_with_covariance,62844676209,1785852799586377747,78042355487558,62844676209,0
/localization/kinematic_state,62894676210,1785852799626886704,78042395996829,62894676210,0
/control/command/control_cmd,62894676210,1785852799626908844,78042396018555,62894676210,80
/localization/kinematic_state,62944676211,1785852799676160449,78042445270310,62944676211,0
/control/command/control_cmd,62944676211,1785852799677529571,78042446639468,62944676211,80
/sensing/lidar/top/pointcloud_raw_ex,62944676211,1785852799682670485,78042451780599,62944676211,237144
/localization/pose_estimator/pose_with_covariance,62944676211,1785852799685757665,78042454867452,62944676211,0
/localization/kinematic_state,62994676211,1785852799726072718,78042495182480,62994676211,0
/control/command/control_cmd,62994676211,1785852799727075717,78042496185484,62994676211,80
/localization/kinematic_state,63044676212,1785852799775612926,78042544722781,63044676212,0
/control/command/control_cmd,63044676212,1785852799777460917,78042546570824,63044676212,80
/sensing/lidar/top/pointcloud_raw_ex,63044676212,1785852799783500929,78042552611134,63044676212,237880
/localization/pose_estimator/pose_with_covariance,63044676212,1785852799786501032,78042555610842,63044676212,0
/localization/kinematic_state,63094676213,1785852799826058102,78042595168057,63094676213,0
/control/command/control_cmd,63094676213,1785852799826115595,78042595225473,63094676213,80
/localization/kinematic_state,63144676214,1785852799876084300,78042645194352,63144676214,0
/control/command/control_cmd,63144676214,1785852799876095092,78042645204722,63144676214,80
/sensing/lidar/top/pointcloud_raw_ex,63144676214,1785852799882091326,78042651201632,63144676214,238872
/localization/pose_estimator/pose_with_covariance,63144676214,1785852799884903182,78042654012994,63144676214,0
/localization/kinematic_state,63194676214,1785852799925882660,78042694992541,63194676214,0
/control/command/control_cmd,63194676214,1785852799926041375,78042695151291,63194676214,80
/localization/kinematic_state,63244676215,1785852799975923609,78042745033492,63244676215,0
/control/command/control_cmd,63244676215,1785852799980411937,78042749522257,63244676215,80
/sensing/lidar/top/pointcloud_raw_ex,63244676215,1785852799982331601,78042751441417,63244676215,237528
/localization/pose_estimator/pose_with_covariance,63244676215,1785852799984983899,78042754093683,63244676215,0
/localization/kinematic_state,63294676216,1785852800025714469,78042794824349,63294676216,0
/control/command/control_cmd,63294676216,1785852800026337440,78042795447253,63294676216,80
/localization/kinematic_state,63344676217,1785852800075712802,78042844822842,63344676217,0
/control/command/control_cmd,63344676217,1785852800075914583,78042845024497,63344676217,80
/sensing/lidar/top/pointcloud_raw_ex,63344676217,1785852800081736480,78042850846524,63344676217,240440
/localization/pose_estimator/pose_with_covariance,63344676217,1785852800084477194,78042853587124,63344676217,0
/localization/kinematic_state,63394676217,1785852800126360657,78042895470537,63394676217,0
/control/command/control_cmd,63394676217,1785852800126371245,78042895480879,63394676217,80
/localization/kinematic_state,63444676218,1785852800175974491,78042945084395,63444676218,0
/control/command/control_cmd,63444676218,1785852800176104775,78042945214461,63444676218,80
/sensing/lidar/top/pointcloud_raw_ex,63444676218,1785852800181739963,78042950850436,63444676218,239288
/localization/pose_estimator/pose_with_covariance,63444676218,1785852800185155473,78042954265417,63444676218,0
/localization/kinematic_state,63494676219,1785852800226034996,78042995144940,63494676219,0
/control/command/control_cmd,63494676219,1785852800226209801,78042995319603,63494676219,80
/localization/kinematic_state,63544676220,1785852800276137768,78043045247831,63544676220,0
/control/command/control_cmd,63544676220,1785852800276778047,78043045887827,63544676220,80
/sensing/lidar/top/pointcloud_raw_ex,63544676220,1785852800281351815,78043050461779,63544676220,241944
/localization/pose_estimator/pose_with_covariance,63544676220,1785852800284156329,78043053266276,63544676220,0
/localization/kinematic_state,63594676220,1785852800326326579,78043095436522,63594676220,0
/control/command/control_cmd,63594676220,1785852800326334345,78043095443972,63594676220,80
/localization/kinematic_state,63644676221,1785852800375693305,78043144803289,63644676221,0
/control/command/control_cmd,63644676221,1785852800376909133,78043146019084,63644676221,80
/sensing/lidar/top/pointcloud_raw_ex,63644676221,1785852800382588651,78043151698726,63644676221,242872
/localization/pose_estimator/pose_with_covariance,63644676221,1785852800385698742,78043154808690,63644676221,0
/control/command/control_cmd,63694676222,1785852800426385856,78043195495840,63694676222,80
/localization/kinematic_state,63694676222,1785852800426409019,78043195518605,63694676222,0
/localization/kinematic_state,63744676223,1785852800475990701,78043245100591,63744676223,0
/control/command/control_cmd,63744676223,1785852800477930125,78043247040189,63744676223,80
/sensing/lidar/top/pointcloud_raw_ex,63744676223,1785852800481663883,78043250773757,63744676223,236824
/localization/pose_estimator/pose_with_covariance,63744676223,1785852800484538065,78043253648007,63744676223,0
/localization/kinematic_state,63794676223,1785852800526272104,78043295381966,63794676223,0
/control/command/control_cmd,63794676223,1785852800526548551,78043295658441,63794676223,80
/localization/kinematic_state,63844676224,1785852800576768794,78043345878648,63844676224,0
/control/command/control_cmd,63844676224,1785852800577090353,78043346200276,63844676224,80
/sensing/lidar/top/pointcloud_raw_ex,63844676224,1785852800584680129,78043353790130,63844676224,239128
/localization/pose_estimator/pose_with_covariance,63844676224,1785852800587556232,78043356665990,63844676224,0
/localization/kinematic_state,63894676225,1785852800625995027,78043395104949,63894676225,0
/control/command/control_cmd,63894676225,1785852800626351541,78043395461400,63894676225,80
/localization/kinematic_state,63944676226,1785852800676058370,78043445168227,63944676226,0
/control/command/control_cmd,63944676226,1785852800676291482,78043445401383,63944676226,80
/sensing/lidar/top/pointcloud_raw_ex,63944676226,1785852800682006007,78043451116282,63944676226,240184
/localization/pose_estimator/pose_with_covariance,63944676226,1785852800684678971,78043453788854,63944676226,0
/localization/kinematic_state,63994676226,1785852800726101990,78043495211827,63994676226,0
/control/command/control_cmd,63994676226,1785852800726477702,78043495587555,63994676226,80
/localization/kinematic_state,64044676227,1785852800775645965,78043544756002,64044676227,0
/control/command/control_cmd,64044676227,1785852800777981233,78043547091083,64044676227,80
/sensing/lidar/top/pointcloud_raw_ex,64044676227,1785852800783756636,78043552866681,64044676227,238136
/localization/pose_estimator/pose_with_covariance,64044676227,1785852800786502791,78043555612808,64044676227,0
/localization/kinematic_state,64094676228,1785852800826096017,78043595205957,64094676228,0
/control/command/control_cmd,64094676228,1785852800827943862,78043597054050,64094676228,80
/control/command/control_cmd,64144676229,1785852800876166907,78043645277079,64144676229,80
/localization/kinematic_state,64144676229,1785852800877080367,78043646190694,64144676229,0
/sensing/lidar/top/pointcloud_raw_ex,64144676229,1785852800881602108,78043650712109,64144676229,237720
/localization/pose_estimator/pose_with_covariance,64144676229,1785852800884330621,78043653440498,64144676229,0
/localization/kinematic_state,64194676229,1785852800925844444,78043694954208,64194676229,0
/control/command/control_cmd,64194676229,1785852800926165211,78043695275041,64194676229,80
/localization/kinematic_state,64244676230,1785852800975832586,78043744942567,64244676230,0
/control/command/control_cmd,64244676230,1785852800976286176,78043745395973,64244676230,80
/sensing/lidar/top/pointcloud_raw_ex,64244676230,1785852800982596873,78043751706872,64244676230,237752
/localization/pose_estimator/pose_with_covariance,64244676230,1785852800985208910,78043754318836,64244676230,0
/localization/kinematic_state,64294676231,1785852801025379408,78043794489188,64294676231,0
/control/command/control_cmd,64294676231,1785852801026816743,78043795926541,64294676231,80
/localization/kinematic_state,64344676232,1785852801075744044,78043844853935,64344676232,0
/control/command/control_cmd,64344676232,1785852801076472031,78043845582108,64344676232,80
/sensing/lidar/top/pointcloud_raw_ex,64344676232,1785852801081318710,78043850428621,64344676232,239096
/localization/pose_estimator/pose_with_covariance,64344676232,1785852801084176152,78043853286058,64344676232,0
/localization/kinematic_state,64394676232,1785852801125641595,78043894751436,64394676232,0
/control/command/control_cmd,64394676232,1785852801126179286,78043895289222,64394676232,80
/localization/kinematic_state,64444676233,1785852801175929244,78043945039121,64444676233,0
/control/command/control_cmd,64444676233,1785852801176009693,78043945119361,64444676233,80
/sensing/lidar/top/pointcloud_raw_ex,64444676233,1785852801182821375,78043951931627,64444676233,240312
/localization/pose_estimator/pose_with_covariance,64444676233,1785852801185596509,78043954706281,64444676233,0
/localization/kinematic_state,64494676234,1785852801226080687,78043995190467,64494676234,0
/control/command/control_cmd,64494676234,1785852801226966361,78043996076178,64494676234,80
/localization/kinematic_state,64544676235,1785852801276037836,78044045147762,64544676235,0
/control/command/control_cmd,64544676235,1785852801276756465,78044045866237,64544676235,80
/sensing/lidar/top/pointcloud_raw_ex,64544676235,1785852801286055285,78044055165420,64544676235,236152
/localization/pose_estimator/pose_with_covariance,64544676235,1785852801288399764,78044057509544,64544676235,0
/localization/kinematic_state,64594676235,1785852801327091675,78044096201454,64594676235,0
/control/command/control_cmd,64594676235,1785852801327101140,78044096210763,64594676235,80
/localization/kinematic_state,64644676236,1785852801375612294,78044144722084,64644676236,0
/control/command/control_cmd,64644676236,1785852801376342756,78044145452518,64644676236,80
/sensing/lidar/top/pointcloud_raw_ex,64644676236,1785852801381496492,78044150606524,64644676236,237752
/localization/pose_estimator/pose_with_covariance,64644676236,1785852801384366044,78044153475903,64644676236,0
/localization/kinematic_state,64694676237,1785852801425785804,78044194895626,64694676237,0
/control/command/control_cmd,64694676237,1785852801425803430,78044194913078,64694676237,80
/localization/kinematic_state,64744676238,1785852801476525544,78044245635519,64744676238,0
/control/command/control_cmd,64744676238,1785852801478113289,78044247223188,64744676238,80
/sensing/lidar/top/pointcloud_raw_ex,64744676238,1785852801481919897,78044251029816,64744676238,236408
/localization/pose_estimator/pose_with_covariance,64744676238,1785852801485173056,78044254282839,64744676238,0
/localization/kinematic_state,64794676238,1785852801525773677,78044294883578,64794676238,0
/control/command/control_cmd,64794676238,1785852801527113456,78044296223273,64794676238,80
/localization/kinematic_state,64844676239,1785852801575790014,78044344899884,64844676239,0
/control/command/control_cmd,64844676239,1785852801576407265,78044345517161,64844676239,80
/sensing/lidar/top/pointcloud_raw_ex,64844676239,1785852801584189104,78044353299533,64844676239,239992
/localization/pose_estimator/pose_with_covariance,64844676239,1785852801586874854,78044355984704,64844676239,0
/control/command/control_cmd,64894676240,1785852801625696443,78044394806531,64894676240,80
/localization/kinematic_state,64894676240,1785852801625967794,78044395077604,64894676240,0
/control/command/control_cmd,64944676241,1785852801675911564,78044445021609,64944676241,80
/localization/kinematic_state,64944676241,1785852801676040647,78044445150462,64944676241,0
/sensing/lidar/top/pointcloud_raw_ex,64944676241,1785852801682200780,78044451310900,64944676241,235352
/localization/pose_estimator/pose_with_covariance,64944676241,1785852801685476228,78044454586060,64944676241,0
/localization/kinematic_state,64994676241,1785852801726344899,78044495454841,64994676241,0
/control/command/control_cmd,64994676241,1785852801726356071,78044495465698,64994676241,80
/localization/kinematic_state,65044676242,1785852801775759200,78044544869059,65044676242,0
/control/command/control_cmd,65044676242,1785852801776538423,78044545648300,65044676242,80
/sensing/lidar/top/pointcloud_raw_ex,65044676242,1785852801783172506,78044552282809,65044676242,235288
/localization/pose_estimator/pose_with_covariance,65044676242,1785852801786099727,78044555209593,65044676242,0
/localization/kinematic_state,65094676243,1785852801826105662,78044595215523,65094676243,0
/control/command/control_cmd,65094676243,1785852801827965468,78044597075508,65094676243,80
/control/command/control_cmd,65144676244,1785852801876504711,78044645614789,65144676244,80
/localization/kinematic_state,65144676244,1785852801876844825,78044645954589,65144676244,0
/sensing/lidar/top/pointcloud_raw_ex,65144676244,1785852801884855189,78044653965122,65144676244,235576
/localization/pose_estimator/pose_with_covariance,65144676244,1785852801887709231,78044656819041,65144676244,0
/control/command/control_cmd,65194676244,1785852801926567167,78044695677191,65194676244,80
/localization/kinematic_state,65194676244,1785852801926782587,78044695892312,65194676244,0
/localization/kinematic_state,65244676245,1785852801976483437,78044745593292,65244676245,0
/control/command/control_cmd,65244676245,1785852801976813345,78044745923102,65244676245,80
/sensing/lidar/top/pointcloud_raw_ex,65244676245,1785852801982383604,78044751493904,65244676245,237016
/localization/pose_estimator/pose_with_covariance,65244676245,1785852801985249930,78044754359946,65244676245,0
/control/command/control_cmd,65294676246,1785852802026544256,78044795654279,65294676246,80
/localization/kinematic_state,65294676246,1785852802027030035,78044796139826,65294676246,0
/localization/kinematic_state,65344676246,1785852802076125734,78044845235620,65344676246,0
/control/command/control_cmd,65344676246,1785852802076992699,78044846102508,65344676246,80
/sensing/lidar/top/pointcloud_raw_ex,65344676246,1785852802082899774,78044852009976,65344676246,236504
/localization/pose_estimator/pose_with_covariance,65344676246,1785852802085760082,78044854869836,65344676246,0
/localization/kinematic_state,65394676247,1785852802126884559,78044895994513,65394676247,0
/control/command/control_cmd,65394676247,1785852802126897184,78044896006774,65394676247,80
/control/command/control_cmd,65444676248,1785852802176798403,78044945908523,65444676248,80
/localization/kinematic_state,65444676248,1785852802176908079,78044946017797,65444676248,0
/sensing/lidar/top/pointcloud_raw_ex,65444676248,1785852802182963109,78044952073603,65444676248,235544
/localization/pose_estimator/pose_with_covariance,65444676248,1785852802185650770,78044954760434,65444676248,0
/localization/kinematic_state,65494676249,1785852802226297631,78044995407449,65494676249,0
/control/command/control_cmd,65494676249,1785852802226666793,78044995795453,65494676249,80
/localization/kinematic_state,65544676249,1785852802275837246,78045044947094,65544676249,0
/control/command/control_cmd,65544676249,1785852802276350159,78045045459853,65544676249,80
/sensing/lidar/top/pointcloud_raw_ex,65544676249,1785852802281841016,78045050951257,65544676249,237848
/localization/pose_estimator/pose_with_covariance,65544676249,1785852802284629315,78045053739107,65544676249,0
/localization/kinematic_state,65594676250,1785852802326615906,78045095725650,65594676250,0
/control/command/control_cmd,65594676250,1785852802326628635,78045095738254,65594676250,80
/localization/kinematic_state,65644676251,1785852802375999325,78045145109157,65644676251,0
/control/command/control_cmd,65644676251,1785852802376722122,78045145831991,65644676251,80
/sensing/lidar/top/pointcloud_raw_ex,65644676251,1785852802383941245,78045153051557,65644676251,235736
/localization/pose_estimator/pose_with_covariance,65644676251,1785852802387330479,78045156440239,65644676251,0
/control/command/control_cmd,65694676252,1785852802426125087,78045195234934,65694676252,80
/localization/kinematic_state,65694676252,1785852802426292977,78045195402737,65694676252,0
/control/command/control_cmd,65744676252,1785852802476563863,78045245673954,65744676252,80
/localization/kinematic_state,65744676252,1785852802476653605,78045245763249,65744676252,0
/sensing/lidar/top/pointcloud_raw_ex,65744676252,1785852802483850668,78045252961115,65744676252,237496
/localization/pose_estimator/pose_with_covariance,65744676252,1785852802487825490,78045256935353,65744676252,0
/localization/kinematic_state,65794676253,1785852802526223919,78045295333778,65794676253,0
/control/command/control_cmd,65794676253,1785852802526598446,78045295708390,65794676253,80
/localization/kinematic_state,65844676254,1785852802575824897,78045344934908,65844676254,0
/control/command/control_cmd,65844676254,1785852802576794926,78045345905004,65844676254,80
/sensing/lidar/top/pointcloud_raw_ex,65844676254,1785852802582539941,78045351650227,65844676254,243608
/localization/pose_estimator/pose_with_covariance,65844676254,1785852802585506587,78045354616438,65844676254,0
/localization/kinematic_state,65894676255,1785852802626679433,78045395789403,65894676255,0
/control/command/control_cmd,65894676255,1785852802626689063,78045395798670,65894676255,80
/localization/kinematic_state,65944676255,1785852802675541893,78045444651575,65944676255,0
/control/command/control_cmd,65944676255,1785852802676012235,78045445122125,65944676255,80
/sensing/lidar/top/pointcloud_raw_ex,65944676255,1785852802682085256,78045451195605,65944676255,237848
/localization/pose_estimator/pose_with_covariance,65944676255,1785852802684839427,78045453949261,65944676255,0
/localization/kinematic_state,65994676256,1785852802725736910,78045494846619,65994676256,0
/control/command/control_cmd,65994676256,1785852802726269876,78045495379694,65994676256,80
/localization/kinematic_state,66044676257,1785852802776197552,78045545307535,66044676257,0
/control/command/control_cmd,66044676257,1785852802776237590,78045545347466,66044676257,80
/sensing/lidar/top/pointcloud_raw_ex,66044676257,1785852802782436059,78045551546168,66044676257,238136
/localization/pose_estimator/pose_with_covariance,66044676257,1785852802785237972,78045554347811,66044676257,0
/control/command/control_cmd,66094676258,1785852802825817098,78045594927203,66094676258,80
/localization/kinematic_state,66094676258,1785852802825875424,78045594985164,66094676258,0
/localization/kinematic_state,66144676258,1785852802875242135,78045644352005,66144676258,0
/control/command/control_cmd,66144676258,1785852802875963483,78045645073332,66144676258,80
/sensing/lidar/top/pointcloud_raw_ex,66144676258,1785852802882533474,78045651643633,66144676258,236856
/localization/pose_estimator/pose_with_covariance,66144676258,1785852802885389811,78045654499645,66144676258,0
/control/command/control_cmd,66194676259,1785852802925912797,78045695022838,66194676259,80
/localization/kinematic_state,66194676259,1785852802926726141,78045695836339,66194676259,0
/localization/kinematic_state,66244676260,1785852802975725596,78045744835473,66244676260,0
/control/command/control_cmd,66244676260,1785852802976972468,78045746082336,66244676260,80
/sensing/lidar/top/pointcloud_raw_ex,66244676260,1785852802982785595,78045751895837,66244676260,234360
/localization/pose_estimator/pose_with_covariance,66244676260,1785852802985616262,78045754726202,66244676260,0
/control/command/control_cmd,66294676261,1785852803025960904,78045795070886,66294676261,80
/localization/kinematic_state,66294676261,1785852803026086418,78045795196059,66294676261,0
/control/command/control_cmd,66344676261,1785852803076339817,78045845449941,66344676261,80
/localization/kinematic_state,66344676261,1785852803076383784,78045845493429,66344676261,0
/sensing/lidar/top/pointcloud_raw_ex,66344676261,1785852803082305524,78045851415591,66344676261,234616
/localization/pose_estimator/pose_with_covariance,66344676261,1785852803084932968,78045854042730,66344676261,0
/control/command/control_cmd,66394676262,1785852803126559912,78045895669782,66394676262,80
/localization/kinematic_state,66394676262,1785852803126894668,78045896004432,66394676262,0
/localization/kinematic_state,66444676263,1785852803175755557,78045944865455,66444676263,0
/control/command/control_cmd,66444676263,1785852803176941442,78045946051322,66444676263,80
/sensing/lidar/top/pointcloud_raw_ex,66444676263,1785852803181574656,78045950684765,66444676263,234008
/localization/pose_estimator/pose_with_covariance,66444676263,1785852803184423867,78045953533720,66444676263,0
/localization/kinematic_state,66494676264,1785852803226390855,78045995500738,66494676264,0
/control/command/control_cmd,66494676264,1785852803226398876,78045995508483,66494676264,80
/localization/kinematic_state,66544676264,1785852803277022907,78046046132833,66544676264,0
/control/command/control_cmd,66544676264,1785852803277222438,78046046332179,66544676264,80
/sensing/lidar/top/pointcloud_raw_ex,66544676264,1785852803282489540,78046051599826,66544676264,236088
/localization/pose_estimator/pose_with_covariance,66544676264,1785852803285800894,78046054910639,66544676264,0
/localization/kinematic_state,66594676265,1785852803326419809,78046095529572,66594676265,0
/control/command/control_cmd,66594676265,1785852803326773013,78046095882860,66594676265,80
/localization/kinematic_state,66644676266,1785852803376281652,78046145391504,66644676266,0
/control/command/control_cmd,66644676266,1785852803376876810,78046145986614,66644676266,80
/sensing/lidar/top/pointcloud_raw_ex,66644676266,1785852803383342544,78046152452738,66644676266,237304
/localization/pose_estimator/pose_with_covariance,66644676266,1785852803386856889,78046155966608,66644676266,0
/localization/kinematic_state,66694676267,1785852803426199057,78046195308911,66694676267,0
/control/command/control_cmd,66694676267,1785852803426207973,78046195317585,66694676267,80
/localization/kinematic_state,66744676267,1785852803476320179,78046245430326,66744676267,0
/control/command/control_cmd,66744676267,1785852803478235371,78046247345431,66744676267,80
/sensing/lidar/top/pointcloud_raw_ex,66744676267,1785852803481367835,78046250477776,66744676267,234360
/localization/pose_estimator/pose_with_covariance,66744676267,1785852803484306008,78046253415743,66744676267,0
/control/command/control_cmd,66794676268,1785852803525792169,78046294902119,66794676268,80
/localization/kinematic_state,66794676268,1785852803526195705,78046295305457,66794676268,0
/localization/kinematic_state,66844676269,1785852803575999723,78046345109507,66844676269,0
/control/command/control_cmd,66844676269,1785852803576870498,78046345980478,66844676269,80
/sensing/lidar/top/pointcloud_raw_ex,66844676269,1785852803582909326,78046352019401,66844676269,234360
/localization/pose_estimator/pose_with_covariance,66844676269,1785852803586180357,78046355290231,66844676269,0
/localization/kinematic_state,66894676270,1785852803625904158,78046395014035,66894676270,0
/control/command/control_cmd,66894676270,1785852803626179132,78046395288873,66894676270,80
/localization/kinematic_state,66944676270,1785852803675799374,78046444909345,66944676270,0
/control/command/control_cmd,66944676270,1785852803676669153,78046445779037,66944676270,80
/sensing/lidar/top/pointcloud_raw_ex,66944676270,1785852803682363786,78046451473833,66944676270,236760
/localization/pose_estimator/pose_with_covariance,66944676270,1785852803685475091,78046454584847,66944676270,0
/localization/kinematic_state,66994676271,1785852803726351100,78046495460852,66994676271,0
/control/command/control_cmd,66994676271,1785852803726450816,78046495560489,66994676271,80
/localization/kinematic_state,67044676272,1785852803775631947,78046544741821,67044676272,0
/control/command/control_cmd,67044676272,1785852803776860283,78046545970229,67044676272,80
/sensing/lidar/top/pointcloud_raw_ex,67044676272,1785852803781859812,78046550969910,67044676272,237112
/localization/pose_estimator/pose_with_covariance,67044676272,1785852803785373543,78046554483331,67044676272,0
/localization/kinematic_state,67094676273,1785852803825774889,78046594884739,67094676273,0
/control/command/control_cmd,67094676273,1785852803826264095,78046595373989,67094676273,80
/control/command/control_cmd,67144676273,1785852803875842503,78046644952561,67144676273,80
/localization/kinematic_state,67144676273,1785852803875874071,78046644983698,67144676273,0
/sensing/lidar/top/pointcloud_raw_ex,67144676273,1785852803881583925,78046650694259,67144676273,235704
/localization/pose_estimator/pose_with_covariance,67144676273,1785852803884742376,78046653852279,67144676273,0
/localization/kinematic_state,67194676274,1785852803925886626,78046694996466,67194676274,0
/control/command/control_cmd,67194676274,1785852803926192534,78046695302442,67194676274,80
/localization/kinematic_state,67244676275,1785852803975541637,78046744651420,67244676275,0
/control/command/control_cmd,67244676275,1785852803975896750,78046745006617,67244676275,80
/sensing/lidar/top/pointcloud_raw_ex,67244676275,1785852803981825907,78046750936011,67244676275,236248
/localization/pose_estimator/pose_with_covariance,67244676275,1785852803984715663,78046753825632,67244676275,0
/control/command/control_cmd,67294676276,1785852804025725301,78046794835111,67294676276,80
/localization/kinematic_state,67294676276,1785852804025758900,78046794868538,67294676276,0
/localization/kinematic_state,67344676276,1785852804075738962,78046844848900,67344676276,0
/control/command/control_cmd,67344676276,1785852804076283760,78046845393509,67344676276,80
/sensing/lidar/top/pointcloud_raw_ex,67344676276,1785852804082099135,78046851209321,67344676276,236184
/localization/pose_estimator/pose_with_covariance,67344676276,1785852804085069937,78046854179742,67344676276,0
/localization/kinematic_state,67394676277,1785852804125985982,78046895095968,67394676277,0
/control/command/control_cmd,67394676277,1785852804126197748,78046895307552,67394676277,80
/localization/kinematic_state,67444676278,1785852804176945749,78046946055605,67444676278,0
/control/command/control_cmd,67444676278,1785852804176956008,78046946065598,67444676278,80
/sensing/lidar/top/pointcloud_raw_ex,67444676278,1785852804182457089,78046951567390,67444676278,238744
/localization/pose_estimator/pose_with_covariance,67444676278,1785852804185247983,78046954357835,67444676278,0
/control/command/control_cmd,67494676279,1785852804226324203,78046995434097,67494676279,80
/localization/kinematic_state,67494676279,1785852804226357486,78046995467120,67494676279,0
/localization/kinematic_state,67544676279,1785852804275798246,78047044908322,67544676279,0
/control/command/control_cmd,67544676279,1785852804276369124,78047045479089,67544676279,80
/sensing/lidar/top/pointcloud_raw_ex,67544676279,1785852804281268152,78047050378191,67544676279,235544
/localization/pose_estimator/pose_with_covariance,67544676279,1785852804284002969,78047053113603,67544676279,0
/localization/kinematic_state,67594676280,1785852804325672376,78047094782168,67594676280,0
/control/command/control_cmd,67594676280,1785852804326742201,78047095852156,67594676280,80
/localization/kinematic_state,67644676281,1785852804375901289,78047145011053,67644676281,0
/control/command/control_cmd,67644676281,1785852804376234123,78047145343883,67644676281,80
/sensing/lidar/top/pointcloud_raw_ex,67644676281,1785852804383368111,78047152478414,67644676281,233272
/localization/pose_estimator/pose_with_covariance,67644676281,1785852804386177003,78047155286792,67644676281,0
/localization/kinematic_state,67694676282,1785852804425981454,78047195091363,67694676282,0
/control/command/control_cmd,67694676282,1785852804425987770,78047195097390,67694676282,80
/localization/kinematic_state,67744676282,1785852804475417209,78047244527115,67744676282,0
/control/command/control_cmd,67744676282,1785852804476910561,78047246020257,67744676282,80
/sensing/lidar/top/pointcloud_raw_ex,67744676282,1785852804482310168,78047251420123,67744676282,237400
/localization/pose_estimator/pose_with_covariance,67744676282,1785852804485369426,78047254479183,67744676282,0
/localization/kinematic_state,67794676283,1785852804526024142,78047295133920,67794676283,0
/control/command/control_cmd,67794676283,1785852804527040818,78047296150744,67794676283,80
/control/command/control_cmd,67844676284,1785852804576080173,78047345190123,67844676284,80
/localization/kinematic_state,67844676284,1785852804576102962,78047345212579,67844676284,0
/sensing/lidar/top/pointcloud_raw_ex,67844676284,1785852804582214097,78047351324075,67844676284,239960
/localization/pose_estimator/pose_with_covariance,67844676284,1785852804585278087,78047354387869,67844676284,0
/localization/kinematic_state,67894676284,1785852804626147169,78047395257014,67894676284,0
/control/command/control_cmd,67894676284,1785852804626154970,78047395264595,67894676284,80
/localization/kinematic_state,67944676285,1785852804675683751,78047444793720,67944676285,0
/control/command/control_cmd,67944676285,1785852804675716138,78047444825775,67944676285,80
/sensing/lidar/top/pointcloud_raw_ex,67944676285,1785852804681724135,78047450834155,67944676285,233720
/localization/pose_estimator/pose_with_covariance,67944676285,1785852804684607074,78047453716942,67944676285,0
/localization/kinematic_state,67994676286,1785852804725854767,78047494964626,67994676286,0
/control/command/control_cmd,67994676286,1785852804726152470,78047495262459,67994676286,80
/localization/kinematic_state,68044676287,1785852804776751755,78047545861841,68044676287,0
/control/command/control_cmd,68044676287,1785852804776760793,78047545870401,68044676287,80
/sensing/lidar/top/pointcloud_raw_ex,68044676287,1785852804781523371,78047550633471,68044676287,234648
/localization/pose_estimator/pose_with_covariance,68044676287,1785852804784220847,78047553330696,68044676287,0
/localization/kinematic_state,68094676287,1785852804825775134,78047594884906,68094676287,0
/control/command/control_cmd,68094676287,1785852804826871865,78047595981722,68094676287,80
/localization/kinematic_state,68144676288,1785852804875996325,78047645106208,68144676288,0
/control/command/control_cmd,68144676288,1785852804876238668,78047645348532,68144676288,80
/sensing/lidar/top/pointcloud_raw_ex,68144676288,1785852804882252579,78047651362728,68144676288,234296
/localization/pose_estimator/pose_with_covariance,68144676288,1785852804885285570,78047654395540,68144676288,0
/localization/kinematic_state,68194676289,1785852804925964386,78047695074147,68194676289,0
/control/command/control_cmd,68194676289,1785852804926348409,78047695458281,68194676289,80
/control/command/control_cmd,68244676290,1785852804975634588,78047744744466,68244676290,80
/localization/kinematic_state,68244676290,1785852804976093652,78047745203312,68244676290,0
/sensing/lidar/top/pointcloud_raw_ex,68244676290,1785852804983176576,78047752286809,68244676290,234232
/localization/pose_estimator/pose_with_covariance,68244676290,1785852804985826632,78047754936540,68244676290,0
/control/command/control_cmd,68294676290,1785852805026068348,78047795178606,68294676290,80
/localization/kinematic_state,68294676290,1785852805026104830,78047795214450,68294676290,0
/localization/kinematic_state,68344676291,1785852805076237172,78047845347188,68344676291,0
/control/command/control_cmd,68344676291,1785852805076658001,78047845767671,68344676291,80
/sensing/lidar/top/pointcloud_raw_ex,68344676291,1785852805082945789,78047852055805,68344676291,232216
/localization/pose_estimator/pose_with_covariance,68344676291,1785852805085866781,78047854976544,68344676291,0
/control/command/control_cmd,68394676292,1785852805126363821,78047895473679,68394676292,80
/localization/kinematic_state,68394676292,1785852805126647829,78047895757476,68394676292,0
/localization/kinematic_state,68444676293,1785852805175753626,78047944863441,68444676293,0
/control/command/control_cmd,68444676293,1785852805176476890,78047945586631,68444676293,80
/sensing/lidar/top/pointcloud_raw_ex,68444676293,1785852805182250374,78047951360390,68444676293,237400
/localization/pose_estimator/pose_with_covariance,68444676293,1785852805185122147,78047954231916,68444676293,0
/control/command/control_cmd,68494676293,1785852805226031107,78047995141088,68494676293,80
/localization/kinematic_state,68494676293,1785852805226071383,78047995181014,68494676293,0
/localization/kinematic_state,68544676294,1785852805275553093,78048044663150,68544676294,0
/control/command/control_cmd,68544676294,1785852805276274602,78048045384536,68544676294,80
/sensing/lidar/top/pointcloud_raw_ex,68544676294,1785852805282027939,78048051138341,68544676294,236088
/localization/pose_estimator/pose_with_covariance,68544676294,1785852805285385271,78048054495065,68544676294,0
/localization/kinematic_state,68594676295,1785852805326189771,78048095299535,68594676295,0
/control/command/control_cmd,68594676295,1785852805326208266,78048095317886,68594676295,80
/localization/kinematic_state,68644676296,1785852805376026328,78048145136286,68644676296,0
/control/command/control_cmd,68644676296,1785852805376288821,78048145398644,68644676296,80
/sensing/lidar/top/pointcloud_raw_ex,68644676296,1785852805381170866,78048150280792,68644676296,231320
/localization/pose_estimator/pose_with_covariance,68644676296,1785852805384060872,78048153170646,68644676296,0
/localization/kinematic_state,68694676296,1785852805425836037,78048194945792,68694676296,0
/control/command/control_cmd,68694676296,1785852805426221182,78048195330987,68694676296,80
/localization/kinematic_state,68744676297,1785852805475985336,78048245095272,68744676297,0
/control/command/control_cmd,68744676297,1785852805476900177,78048246010066,68744676297,80
/sensing/lidar/top/pointcloud_raw_ex,68744676297,1785852805481144219,78048250254017,68744676297,234808
/localization/pose_estimator/pose_with_covariance,68744676297,1785852805484816513,78048253926397,68744676297,0
/localization/kinematic_state,68794676298,1785852805526190919,78048295300844,68794676298,0
/control/command/control_cmd,68794676298,1785852805526201580,78048295311193,68794676298,80
/localization/kinematic_state,68844676299,1785852805576869078,78048345979252,68844676299,0
/control/command/control_cmd,68844676299,1785852805576879155,78048345988776,68844676299,80
/sensing/lidar/top/pointcloud_raw_ex,68844676299,1785852805582400675,78048351510883,68844676299,233432
/localization/pose_estimator/pose_with_covariance,68844676299,1785852805585359778,78048354469612,68844676299,0
/localization/kinematic_state,68894676299,1785852805626356630,78048395466341,68894676299,0
/control/command/control_cmd,68894676299,1785852805626364952,78048395474583,68894676299,80
/localization/kinematic_state,68944676300,1785852805675625136,78048444735144,68944676300,0
/control/command/control_cmd,68944676300,1785852805676608607,78048445718503,68944676300,80
/sensing/lidar/top/pointcloud_raw_ex,68944676300,1785852805683062023,78048452172239,68944676300,236760
/localization/pose_estimator/pose_with_covariance,68944676300,1785852805686402183,78048455512049,68944676300,0
/localization/kinematic_state,68994676301,1785852805726306615,78048495416676,68994676301,0
/control/command/control_cmd,68994676301,1785852805726323228,78048495432880,68994676301,80
/localization/kinematic_state,69044676302,1785852805775864454,78048544974310,69044676302,0
/control/command/control_cmd,69044676302,1785852805778106167,78048547216104,69044676302,80
/sensing/lidar/top/pointcloud_raw_ex,69044676302,1785852805781015579,78048550125259,69044676302,238712
/localization/pose_estimator/pose_with_covariance,69044676302,1785852805783800916,78048552910635,69044676302,0
/localization/kinematic_state,69094676302,1785852805826164908,78048595274693,69094676302,0
/control/command/control_cmd,69094676302,1785852805827386709,78048596496600,69094676302,80
/localization/kinematic_state,69144676303,1785852805875467904,78048644577809,69144676303,0
/control/command/control_cmd,69144676303,1785852805876084645,78048645194481,69144676303,80
/sensing/lidar/top/pointcloud_raw_ex,69144676303,1785852805881097795,78048650207762,69144676303,239768
/localization/pose_estimator/pose_with_covariance,69144676303,1785852805883851932,78048652961648,69144676303,0
/localization/kinematic_state,69194676304,1785852805926096419,78048695206264,69194676304,0
/control/command/control_cmd,69194676304,1785852805926871769,78048695981580,69194676304,80
/localization/kinematic_state,69244676305,1785852805975922255,78048745032090,69244676305,0
/control/command/control_cmd,69244676305,1785852805976996013,78048746105897,69244676305,80
/sensing/lidar/top/pointcloud_raw_ex,69244676305,1785852805981668925,78048750778974,69244676305,238968
/localization/pose_estimator/pose_with_covariance,69244676305,1785852805984371298,78048753481078,69244676305,0
/localization/kinematic_state,69294676305,1785852806025515872,78048794625828,69294676305,0
/control/command/control_cmd,69294676305,1785852806026028599,78048795138419,69294676305,80
/control/command/control_cmd,69344676306,1785852806076657398,78048845767235,69344676306,80
/localization/kinematic_state,69344676306,1785852806076999178,78048846108987,69344676306,0
/sensing/lidar/top/pointcloud_raw_ex,69344676306,1785852806081815589,78048850925713,69344676306,238936
/localization/pose_estimator/pose_with_covariance,69344676306,1785852806084618138,78048853728174,69344676306,0
/localization/kinematic_state,69394676307,1785852806125740724,78048894850555,69394676307,0
/control/command/control_cmd,69394676307,1785852806126621885,78048895731832,69394676307,80
/localization/kinematic_state,69444676308,1785852806175826928,78048944936757,69444676308,0
/control/command/control_cmd,69444676308,1785852806177159380,78048946269338,69444676308,80
/sensing/lidar/top/pointcloud_raw_ex,69444676308,1785852806182637136,78048951747380,69444676308,232728
/localization/pose_estimator/pose_with_covariance,69444676308,1785852806185264910,78048954374843,69444676308,0
/localization/kinematic_state,69494676308,1785852806225957089,78048995066930,69494676308,0
/control/command/control_cmd,69494676308,1785852806226933849,78048996043683,69494676308,80
/localization/kinematic_state,69544676309,1785852806275888763,78049044998598,69544676309,0
/control/command/control_cmd,69544676309,1785852806276132463,78049045242273,69544676309,80
/sensing/lidar/top/pointcloud_raw_ex,69544676309,1785852806281228771,78049050338815,69544676309,235224
/localization/pose_estimator/pose_with_covariance,69544676309,1785852806284063301,78049053173255,69544676309,0
/localization/kinematic_state,69594676310,1785852806325811317,78049094921175,69594676310,0
/control/command/control_cmd,69594676310,1785852806325960595,78049095070426,69594676310,80
/localization/kinematic_state,69644676311,1785852806376001184,78049145111094,69644676311,0
/control/command/control_cmd,69644676311,1785852806376918391,78049146028245,69644676311,80
/sensing/lidar/top/pointcloud_raw_ex,69644676311,1785852806381876510,78049150986777,69644676311,234520
/localization/pose_estimator/pose_with_covariance,69644676311,1785852806384769447,78049153879419,69644676311,0
/localization/kinematic_state,69694676311,1785852806425884895,78049194994786,69694676311,0
/control/command/control_cmd,69694676311,1785852806425895978,78049195005600,69694676311,80
/control/command/control_cmd,69744676312,1785852806476272021,78049245382018,69744676312,80
/localization/kinematic_state,69744676312,1785852806476386841,78049245496659,69744676312,0
/sensing/lidar/top/pointcloud_raw_ex,69744676312,1785852806482860639,78049251970656,69744676312,236440
/localization/pose_estimator/pose_with_covariance,69744676312,1785852806485751627,78049254861506,69744676312,0
/localization/kinematic_state,69794676313,1785852806525887784,78049294997700,69794676313,0
/control/command/control_cmd,69794676313,1785852806526789316,78049295899126,69794676313,80
/localization/kinematic_state,69844676314,1785852806576109413,78049345219414,69844676314,0
/control/command/control_cmd,69844676314,1785852806576363272,78049345473154,69844676314,80
/sensing/lidar/top/pointcloud_raw_ex,69844676314,1785852806581678058,78049350788132,69844676314,233848
/localization/pose_estimator/pose_with_covariance,69844676314,1785852806584622244,78049353732182,69844676314,0
/localization/kinematic_state,69894676314,1785852806625710081,78049394820205,69894676314,0
/control/command/control_cmd,69894676314,1785852806625767915,78049394877830,69894676314,80
/localization/kinematic_state,69944676315,1785852806675683378,78049444793256,69944676315,0
/control/command/control_cmd,69944676315,1785852806676277127,78049445386999,69944676315,80
/sensing/lidar/top/pointcloud_raw_ex,69944676315,1785852806681437236,78049450547735,69944676315,233176
/localization/pose_estimator/pose_with_covariance,69944676315,1785852806684128246,78049453238167,69944676315,0
/control/command/control_cmd,69994676316,1785852806726379113,78049495489284,69994676316,80
/localization/kinematic_state,69994676316,1785852806726483523,78049495593202,69994676316,0
/localization/kinematic_state,70044676317,1785852806776212278,78049545321981,70044676317,0
/control/command/control_cmd,70044676317,1785852806777907391,78049547017231,70044676317,80
/sensing/lidar/top/pointcloud_raw_ex,70044676317,1785852806782937491,78049552047522,70044676317,231800
/localization/pose_estimator/pose_with_covariance,70044676317,1785852806785687423,78049554797123,70044676317,0
/control/command/control_cmd,70094676317,1785852806826432380,78049595542183,70094676317,80
/localization/kinematic_state,70094676317,1785852806826984532,78049596094308,70094676317,0
/localization/kinematic_state,70144676318,1785852806875753555,78049644863361,70144676318,0
/control/command/control_cmd,70144676318,1785852806876076903,78049645186679,70144676318,80
/sensing/lidar/top/pointcloud_raw_ex,70144676318,1785852806881987420,78049651097659,70144676318,233080
/localization/pose_estimator/pose_with_covariance,70144676318,1785852806884853345,78049653963356,70144676318,0
/localization/kinematic_state,70194676319,1785852806925662928,78049694772683,70194676319,0
/control/command/control_cmd,70194676319,1785852806926604304,78049695714133,70194676319,80
/localization/kinematic_state,70244676319,1785852806975858801,78049744968850,70244676319,0
/control/command/control_cmd,70244676319,1785852806975873589,78049744983222,70244676319,80
/sensing/lidar/top/pointcloud_raw_ex,70244676319,1785852806981670750,78049750781042,70244676319,234648
/localization/pose_estimator/pose_with_covariance,70244676319,1785852806984856389,78049753966223,70244676319,0
/localization/kinematic_state,70294676320,1785852807025667320,78049794777285,70294676320,0
/control/command/control_cmd,70294676320,1785852807026054491,78049795164358,70294676320,80
/control/command/control_cmd,70344676321,1785852807075539902,78049844649969,70344676321,80
/localization/kinematic_state,70344676321,1785852807075824274,78049844934028,70344676321,0
/sensing/lidar/top/pointcloud_raw_ex,70344676321,1785852807080975013,78049850085213,70344676321,235576
/localization/pose_estimator/pose_with_covariance,70344676321,1785852807083825625,78049852935540,70344676321,0
/localization/kinematic_state,70394676322,1785852807125536959,78049894646891,70394676322,0
/control/command/control_cmd,70394676322,1785852807125791806,78049894901549,70394676322,80
/localization/kinematic_state,70444676322,1785852807175481919,78049944591675,70444676322,0
/control/command/control_cmd,70444676322,1785852807177429744,78049946539728,70444676322,80
/sensing/lidar/top/pointcloud_raw_ex,70444676322,1785852807183310646,78049952420692,70444676322,233464
/localization/pose_estimator/pose_with_covariance,70444676322,1785852807185972009,78049955081798,70444676322,0
/localization/kinematic_state,70494676323,1785852807226142355,78049995252101,70494676323,0
/control/command/control_cmd,70494676323,1785852807227079688,78049996189462,70494676323,80
/localization/kinematic_state,70544676324,1785852807276084684,78050045194395,70544676324,0
/control/command/control_cmd,70544676324,1785852807276525046,78050045634933,70544676324,80
/sensing/lidar/top/pointcloud_raw_ex,70544676324,1785852807281642915,78050050753169,70544676324,236024
/localization/pose_estimator/pose_with_covariance,70544676324,1785852807284666665,78050053776623,70544676324,0
/localization/kinematic_state,70594676325,1785852807325727093,78050094836862,70594676325,0
/control/command/control_cmd,70594676325,1785852807326373152,78050095482946,70594676325,80
/localization/kinematic_state,70644676325,1785852807376130488,78050145240348,70644676325,0
/control/command/control_cmd,70644676325,1785852807377698399,78050146808224,70644676325,80
/sensing/lidar/top/pointcloud_raw_ex,70644676325,1785852807381277153,78050150387169,70644676325,233240
/localization/pose_estimator/pose_with_covariance,70644676325,1785852807384136781,78050153246980,70644676325,0
/localization/kinematic_state,70694676326,1785852807426769462,78050195879271,70694676326,0
/control/command/control_cmd,70694676326,1785852807426778224,78050195887837,70694676326,80
/localization/kinematic_state,70744676327,1785852807476080585,78050245190319,70744676327,0
/control/command/control_cmd,70744676327,1785852807479057554,78050248167531,70744676327,80
/sensing/lidar/top/pointcloud_raw_ex,70744676327,1785852807482582728,78050251692623,70744676327,236824
/localization/pose_estimator/pose_with_covariance,70744676327,1785852807485445757,78050254555626,70744676327,0
/localization/kinematic_state,70794676328,1785852807525930140,78050295039887,70794676328,0
/control/command/control_cmd,70794676328,1785852807526113629,78050295223365,70794676328,80
/localization/kinematic_state,70844676328,1785852807576110547,78050345220512,70844676328,0
/control/command/control_cmd,70844676328,1785852807576546592,78050345656484,70844676328,80
/sensing/lidar/top/pointcloud_raw_ex,70844676328,1785852807582187472,78050351297496,70844676328,235928
/localization/pose_estimator/pose_with_covariance,70844676328,1785852807585433170,78050354542975,70844676328,0
/localization/kinematic_state,70894676329,1785852807625566876,78050394676714,70894676329,0
/control/command/control_cmd,70894676329,1785852807625940741,78050395050602,70894676329,80
/localization/kinematic_state,70944676330,1785852807675790264,78050444900202,70944676330,0
/control/command/control_cmd,70944676330,1785852807675983198,78050445093083,70944676330,80
/sensing/lidar/top/pointcloud_raw_ex,70944676330,1785852807683096469,78050452206645,70944676330,234584
/localization/pose_estimator/pose_with_covariance,70944676330,1785852807686668600,78050455778564,70944676330,0
/localization/kinematic_state,70994676331,1785852807726527321,78050495637038,70994676331,0
/control/command/control_cmd,70994676331,1785852807726900977,78050496010852,70994676331,80
/localization/kinematic_state,71044676331,1785852807776845689,78050545955573,71044676331,0
/control/command/control_cmd,71044676331,1785852807778063221,78050547173025,71044676331,80
/sensing/lidar/top/pointcloud_raw_ex,71044676331,1785852807782557420,78050551667353,71044676331,234360
/localization/pose_estimator/pose_with_covariance,71044676331,1785852807785648459,78050554758360,71044676331,0
/localization/kinematic_state,71094676332,1785852807826493333,78050595603124,71094676332,0
/control/command/control_cmd,71094676332,1785852807826508330,78050595617941,71094676332,80
/localization/kinematic_state,71144676333,1785852807875977490,78050645087322,71144676333,0
/control/command/control_cmd,71144676333,1785852807876461331,78050645571132,71144676333,80
/sensing/lidar/top/pointcloud_raw_ex,71144676333,1785852807881269983,78050650380070,71144676333,230872
/localization/pose_estimator/pose_with_covariance,71144676333,1785852807886305518,78050655415461,71144676333,0
/localization/kinematic_state,71194676334,1785852807926411468,78050695521380,71194676334,0
/control/command/control_cmd,71194676334,1785852807926429828,78050695539446,71194676334,80
/localization/kinematic_state,71244676334,1785852807976004318,78050745114401,71244676334,0
/control/command/control_cmd,71244676334,1785852807976336087,78050745446027,71244676334,80
/sensing/lidar/top/pointcloud_raw_ex,71244676334,1785852807981842631,78050750952596,71244676334,233304
/localization/pose_estimator/pose_with_covariance,71244676334,1785852807985022901,78050754132704,71244676334,0
/control/command/control_cmd,71294676335,1785852808026870164,78050795980387,71294676335,80
/localization/kinematic_state,71294676335,1785852808026975651,78050796085436,71294676335,0
/localization/kinematic_state,71344676336,1785852808075986985,78050845096934,71344676336,0
/control/command/control_cmd,71344676336,1785852808076464973,78050845574805,71344676336,80
/sensing/lidar/top/pointcloud_raw_ex,71344676336,1785852808083583582,78050852693545,71344676336,233624
/localization/pose_estimator/pose_with_covariance,71344676336,1785852808086952417,78050856062309,71344676336,0
/control/command/control_cmd,71394676337,1785852808125946320,78050895056131,71394676337,80
/localization/kinematic_state,71394676337,1785852808126368057,78050895477758,71394676337,0
/localization/kinematic_state,71444676337,1785852808175682412,78050944792420,71444676337,0
/control/command/control_cmd,71444676337,1785852808175954353,78050945064276,71444676337,80
/sensing/lidar/top/pointcloud_raw_ex,71444676337,1785852808182478911,78050951589445,71444676337,235192
/localization/pose_estimator/pose_with_covariance,71444676337,1785852808185880185,78050954990232,71444676337,0
/localization/kinematic_state,71494676338,1785852808226007662,78050995117627,71494676338,0
/control/command/control_cmd,71494676338,1785852808226340673,78050995451346,71494676338,80
/control/command/control_cmd,71544676339,1785852808275844554,78051044954590,71544676339,80
/localization/kinematic_state,71544676339,1785852808276063880,78051045173684,71544676339,0
/sensing/lidar/top/pointcloud_raw_ex,71544676339,1785852808282095771,78051051205798,71544676339,236408
/localization/pose_estimator/pose_with_covariance,71544676339,1785852808284880647,78051053990385,71544676339,0
/control/command/control_cmd,71594676340,1785852808326442150,78051095552013,71594676340,80
/localization/kinematic_state,71594676340,1785852808326598366,78051095708088,71594676340,0
/localization/kinematic_state,71644676340,1785852808375881811,78051144991777,71644676340,0
/control/command/control_cmd,71644676340,1785852808376353741,78051145463603,71644676340,80
/sensing/lidar/top/pointcloud_raw_ex,71644676340,1785852808381438084,78051150548031,71644676340,233624
/localization/pose_estimator/pose_with_covariance,71644676340,1785852808384248783,78051153358610,71644676340,0
/control/command/control_cmd,71694676341,1785852808426250553,78051195360435,71694676341,80
/localization/kinematic_state,71694676341,1785852808426559916,78051195669744,71694676341,0
/localization/kinematic_state,71744676342,1785852808475848132,78051244958051,71744676342,0
/control/command/control_cmd,71744676342,1785852808477095781,78051246205803,71744676342,80
/sensing/lidar/top/pointcloud_raw_ex,71744676342,1785852808482950280,78051252060219,71744676342,232472
/localization/pose_estimator/pose_with_covariance,71744676342,1785852808485648858,78051254758808,71744676342,0
/localization/kinematic_state,71794676343,1785852808526224490,78051295334509,71794676343,0
/control/command/control_cmd,71794676343,1785852808526272981,78051295382616,71794676343,80
/localization/kinematic_state,71844676343,1785852808576263741,78051345373598,71844676343,0
/control/command/control_cmd,71844676343,1785852808577095153,78051346204955,71844676343,80
/sensing/lidar/top/pointcloud_raw_ex,71844676343,1785852808582118223,78051351228620,71844676343,234840
/localization/pose_estimator/pose_with_covariance,71844676343,1785852808585000822,78051354110725,71844676343,0
/localization/kinematic_state,71894676344,1785852808626343644,78051395453617,71894676344,0
/control/command/control_cmd,71894676344,1785852808626353359,78051395462988,71894676344,80
/control/command/control_cmd,71944676345,1785852808676292787,78051445402605,71944676345,80
/localization/kinematic_state,71944676345,1785852808676530514,78051445640316,71944676345,0
/sensing/lidar/top/pointcloud_raw_ex,71944676345,1785852808682330272,78051451440218,71944676345,232696
/localization/pose_estimator/pose_with_covariance,71944676345,1785852808685211061,78051454321152,71944676345,0
/localization/kinematic_state,71994676346,1785852808726089931,78051495199749,71994676346,0
/control/command/control_cmd,71994676346,1785852808726433012,78051495542865,71994676346,80
/localization/kinematic_state,72044676346,1785852808775605032,78051544714981,72044676346,0
/control/command/control_cmd,72044676346,1785852808777552818,78051546662659,72044676346,80
/sensing/lidar/top/pointcloud_raw_ex,72044676346,1785852808781382067,78051550491955,72044676346,232152
/localization/pose_estimator/pose_with_covariance,72044676346,1785852808784300499,78051553410323,72044676346,0
/control/command/control_cmd,72094676347,1785852808826569186,78051595679343,72094676347,80
/localization/kinematic_state,72094676347,1785852808826595113,78051595704773,72094676347,0
/localization/kinematic_state,72144676348,1785852808875378699,78051644488436,72144676348,0
/control/command/control_cmd,72144676348,1785852808875755045,78051644864943,72144676348,80
/sensing/lidar/top/pointcloud_raw_ex,72144676348,1785852808881584453,78051650694631,72144676348,234136
/localization/pose_estimator/pose_with_covariance,72144676348,1785852808884345066,78051653454777,72144676348,0
/control/command/control_cmd,72194676349,1785852808926316724,78051695426815,72194676349,80
/localization/kinematic_state,72194676349,1785852808926462068,78051695571837,72194676349,0
/localization/kinematic_state,72244676349,1785852808975925672,78051745035548,72244676349,0
/control/command/control_cmd,72244676349,1785852808976396182,78051745505968,72244676349,80
/sensing/lidar/top/pointcloud_raw_ex,72244676349,1785852808982945605,78051752055633,72244676349,232024
/localization/pose_estimator/pose_with_covariance,72244676349,1785852808985685005,78051754794741,72244676349,0
/localization/kinematic_state,72294676350,1785852809027078246,78051796188114,72294676350,0
/control/command/control_cmd,72294676350,1785852809027085255,78051796194854,72294676350,80
/localization/kinematic_state,72344676351,1785852809077970292,78051847080102,72344676351,0
/control/command/control_cmd,72344676351,1785852809079200820,78051848310562,72344676351,80
/sensing/lidar/top/pointcloud_raw_ex,72344676351,1785852809081483135,78051850593143,72344676351,236888
/localization/pose_estimator/pose_with_covariance,72344676351,1785852809085949645,78051855059454,72344676351,0
/control/command/control_cmd,72394676352,1785852809125780290,78051894890195,72394676352,80
/localization/kinematic_state,72394676352,1785852809126068454,78051895178131,72394676352,0
/localization/kinematic_state,72444676352,1785852809176464549,78051945574389,72444676352,0
/control/command/control_cmd,72444676352,1785852809177098981,78051946208827,72444676352,80
/sensing/lidar/top/pointcloud_raw_ex,72444676352,1785852809181770142,78051950880203,72444676352,233336
/localization/pose_estimator/pose_with_covariance,72444676352,1785852809184485441,78051953595203,72444676352,0
/control/command/control_cmd,72494676353,1785852809226026366,78051995136582,72494676353,80
/localization/kinematic_state,72494676353,1785852809226308732,78051995418381,72494676353,0
/control/command/control_cmd,72544676354,1785852809275795085,78052044904902,72544676354,80
/localization/kinematic_state,72544676354,1785852809276495012,78052045604695,72544676354,0
/sensing/lidar/top/pointcloud_raw_ex,72544676354,1785852809281944507,78052051054491,72544676354,233304
/localization/pose_estimator/pose_with_covariance,72544676354,1785852809284673054,78052053782724,72544676354,0
/control/command/control_cmd,72594676355,1785852809326549302,78052095659339,72594676355,80
/localization/kinematic_state,72594676355,1785852809326670937,78052095780762,72594676355,0
/localization/kinematic_state,72644676355,1785852809375991748,78052145101750,72644676355,0
/control/command/control_cmd,72644676355,1785852809376296749,78052145406617,72644676355,80
/sensing/lidar/top/pointcloud_raw_ex,72644676355,1785852809381042718,78052150152896,72644676355,236312
/localization/pose_estimator/pose_with_covariance,72644676355,1785852809383587472,78052152697292,72644676355,0
/localization/kinematic_state,72694676356,1785852809425954369,78052195064182,72694676356,0
/control/command/control_cmd,72694676356,1785852809426493597,78052195603418,72694676356,80
/localization/kinematic_state,72744676357,1785852809475662274,78052244772087,72744676357,0
/control/command/control_cmd,72744676357,1785852809476331314,78052245441214,72744676357,80
/sensing/lidar/top/pointcloud_raw_ex,72744676357,1785852809481518219,78052250628359,72744676357,233624
/localization/pose_estimator/pose_with_covariance,72744676357,1785852809484228708,78052253338535,72744676357,0
/localization/kinematic_state,72794676357,1785852809525858453,78052294968454,72794676357,0
/control/command/control_cmd,72794676357,1785852809526018551,78052295128197,72794676357,80
/localization/kinematic_state,72844676358,1785852809577993895,78052347103973,72844676358,0
/control/command/control_cmd,72844676358,1785852809578012158,78052347121778,72844676358,80
/sensing/lidar/top/pointcloud_raw_ex,72844676358,1785852809580961674,78052350071655,72844676358,230360
/localization/pose_estimator/pose_with_covariance,72844676358,1785852809583982975,78052353092802,72844676358,0
/localization/kinematic_state,72894676359,1785852809625842048,78052394951868,72894676359,0
/control/command/control_cmd,72894676359,1785852809626262408,78052395372165,72894676359,80
/localization/kinematic_state,72944676360,1785852809675874141,78052444983979,72944676360,0
/control/command/control_cmd,72944676360,1785852809676809848,78052445919626,72944676360,80
/sensing/lidar/top/pointcloud_raw_ex,72944676360,1785852809683349653,78052452459609,72944676360,234392
/localization/pose_estimator/pose_with_covariance,72944676360,1785852809686511371,78052455621268,72944676360,0
/control/command/control_cmd,72994676360,1785852809726806120,78052495916465,72994676360,80
/localization/kinematic_state,72994676360,1785852809726881448,78052495991310,72994676360,0
/localization/kinematic_state,73044676361,1785852809776696322,78052545806254,73044676361,0
/control/command/control_cmd,73044676361,1785852809778849788,78052547959794,73044676361,80
/sensing/lidar/top/pointcloud_raw_ex,73044676361,1785852809782072612,78052551182503,73044676361,231800
/localization/pose_estimator/pose_with_covariance,73044676361,1785852809784792668,78052553902445,73044676361,0
/localization/kinematic_state,73094676362,1785852809826146145,78052595256088,73094676362,0
/control/command/control_cmd,73094676362,1785852809826429635,78052595539321,73094676362,80
/localization/kinematic_state,73144676363,1785852809875815347,78052644925489,73144676363,0
/control/command/control_cmd,73144676363,1785852809876857791,78052645967757,73144676363,80
/sensing/lidar/top/pointcloud_raw_ex,73144676363,1785852809881522180,78052650632248,73144676363,235832
/localization/pose_estimator/pose_with_covariance,73144676363,1785852809884003712,78052653113511,73144676363,0
/control/command/control_cmd,73194676363,1785852809926397646,78052695508247,73194676363,80
/localization/kinematic_state,73194676363,1785852809927689343,78052696799081,73194676363,0
/localization/kinematic_state,73244676364,1785852809975944815,78052745054672,73244676364,0
/control/command/control_cmd,73244676364,1785852809976277239,78052745387114,73244676364,80
/sensing/lidar/top/pointcloud_raw_ex,73244676364,1785852809982277964,78052751388221,73244676364,233720
/localization/pose_estimator/pose_with_covariance,73244676364,1785852809985832353,78052754942148,73244676364,0
/control/command/control_cmd,73294676365,1785852810026199546,78052795309501,73294676365,80
/localization/kinematic_state,73294676365,1785852810026237178,78052795346824,73294676365,0
/localization/kinematic_state,73344676366,1785852810075561568,78052844671587,73344676366,0
/control/command/control_cmd,73344676366,1785852810076027700,78052845137661,73344676366,80
/sensing/lidar/top/pointcloud_raw_ex,73344676366,1785852810082298428,78052851408393,73344676366,231928
/localization/pose_estimator/pose_with_covariance,73344676366,1785852810085580170,78052854689977,73344676366,0
/localization/kinematic_state,73394676366,1785852810126482868,78052895592626,73394676366,0
/control/command/control_cmd,73394676366,1785852810126499343,78052895608966,73394676366,80
/localization/kinematic_state,73444676367,1785852810175769454,78052944879298,73444676367,0
/control/command/control_cmd,73444676367,1785852810176828457,78052945938427,73444676367,80
/sensing/lidar/top/pointcloud_raw_ex,73444676367,1785852810181452312,78052950562336,73444676367,231832
/localization/pose_estimator/pose_with_covariance,73444676367,1785852810184293392,78052953403261,73444676367,0
/localization/kinematic_state,73494676368,1785852810226073862,78052995183614,73494676368,0
/control/command/control_cmd,73494676368,1785852810226427304,78052995537192,73494676368,80
/localization/kinematic_state,73544676369,1785852810275618197,78053044728090,73544676369,0
/control/command/control_cmd,73544676369,1785852810276070818,78053045180542,73544676369,80
/sensing/lidar/top/pointcloud_raw_ex,73544676369,1785852810280910524,78053050020654,73544676369,230424
/localization/pose_estimator/pose_with_covariance,73544676369,1785852810283774639,78053052884538,73544676369,0
/localization/kinematic_state,73594676369,1785852810326415468,78053095525471,73594676369,0
/control/command/control_cmd,73594676369,1785852810326521301,78053095631215,73594676369,80
/localization/kinematic_state,73644676370,1785852810375745131,78053144855007,73644676370,0
/control/command/control_cmd,73644676370,1785852810376523514,78053145633352,73644676370,80
/sensing/lidar/top/pointcloud_raw_ex,73644676370,1785852810381699190,78053150810029,73644676370,231096
/localization/pose_estimator/pose_with_covariance,73644676370,1785852810384530095,78053153639870,73644676370,0
/localization/kinematic_state,73694676371,1785852810426692945,78053195802883,73694676371,0
/control/command/control_cmd,73694676371,1785852810426720530,78053195830278,73694676371,80
/control/command/control_cmd,73744676372,1785852810476079141,78053245189039,73744676372,80
/localization/kinematic_state,73744676372,1785852810476318169,78053245427992,73744676372,0
/sensing/lidar/top/pointcloud_raw_ex,73744676372,1785852810483014985,78053252125220,73744676372,230584
/localization/pose_estimator/pose_with_covariance,73744676372,1785852810486542963,78053255652725,73744676372,0
/control/command/control_cmd,73794676372,1785852810526423997,78053295533925,73794676372,80
/localization/kinematic_state,73794676372,1785852810526578421,78053295688239,73794676372,0
/localization/kinematic_state,73844676373,1785852810575886429,78053344996271,73844676373,0
/control/command/control_cmd,73844676373,1785852810577200961,78053346310851,73844676373,80
/sensing/lidar/top/pointcloud_raw_ex,73844676373,1785852810581130822,78053350240660,73844676373,231416
/localization/pose_estimator/pose_with_covariance,73844676373,1785852810584678278,78053353788077,73844676373,0
/localization/kinematic_state,73894676374,1785852810626689131,78053395798942,73894676374,0
/control/command/control_cmd,73894676374,1785852810626698120,78053395807729,73894676374,80
/localization/kinematic_state,73944676375,1785852810676343956,78053445453824,73944676375,0
/control/command/control_cmd,73944676375,1785852810677949994,78053447059849,73944676375,80
/sensing/lidar/top/pointcloud_raw_ex,73944676375,1785852810682361090,78053451471264,73944676375,230936
/localization/pose_estimator/pose_with_covariance,73944676375,1785852810685680553,78053454790488,73944676375,0
/localization/kinematic_state,73994676375,1785852810726016147,78053495126110,73994676375,0
/control/command/control_cmd,73994676375,1785852810726157901,78053495267616,73994676375,80
/localization/kinematic_state,74044676376,1785852810775722478,78053544832423,74044676376,0
/control/command/control_cmd,74044676376,1785852810777106679,78053546216817,74044676376,80
/sensing/lidar/top/pointcloud_raw_ex,74044676376,1785852810782615285,78053551725459,74044676376,235320
/localization/pose_estimator/pose_with_covariance,74044676376,1785852810785413739,78053554523520,74044676376,0
/localization/kinematic_state,74094676377,1785852810825721869,78053594831637,74094676377,0
/control/command/control_cmd,74094676377,1785852810825958096,78053595067922,74094676377,80
/localization/kinematic_state,74144676378,1785852810875918020,78053645027902,74144676378,0
/control/command/control_cmd,74144676378,1785852810877089912,78053646199683,74144676378,80
/sensing/lidar/top/pointcloud_raw_ex,74144676378,1785852810882180763,78053651290880,74144676378,234776
/localization/pose_estimator/pose_with_covariance,74144676378,1785852810887065818,78053656175775,74144676378,0
/localization/kinematic_state,74194676378,1785852810925874320,78053694984155,74194676378,0
/control/command/control_cmd,74194676378,1785852810926100309,78053695209968,74194676378,80
/localization/kinematic_state,74244676379,1785852810975687238,78053744797334,74244676379,0
/control/command/control_cmd,74244676379,1785852810975909078,78053745018928,74244676379,80
/sensing/lidar/top/pointcloud_raw_ex,74244676379,1785852810981673156,78053750783190,74244676379,234552
/localization/pose_estimator/pose_with_covariance,74244676379,1785852810984255980,78053753365846,74244676379,0
/control/command/control_cmd,74294676380,1785852811025790523,78053794900444,74294676380,80
/localization/kinematic_state,74294676380,1785852811026149334,78053795259089,74294676380,0
/control/command/control_cmd,74344676381,1785852811075708761,78053844818647,74344676381,80
/localization/kinematic_state,74344676381,1785852811076096387,78053845206143,74344676381,0
/sensing/lidar/top/pointcloud_raw_ex,74344676381,1785852811081212256,78053850322232,74344676381,232216
/localization/pose_estimator/pose_with_covariance,74344676381,1785852811083904028,78053853013870,74344676381,0
/localization/kinematic_state,74394676381,1785852811127410412,78053896520429,74394676381,0
/control/command/control_cmd,74394676381,1785852811127419540,78053896529160,74394676381,80
/localization/kinematic_state,74444676382,1785852811176142172,78053945252075,74444676382,0
/control/command/control_cmd,74444676382,1785852811176160489,78053945270127,74444676382,80
/sensing/lidar/top/pointcloud_raw_ex,74444676382,1785852811181087564,78053950197757,74444676382,232504
/localization/pose_estimator/pose_with_covariance,74444676382,1785852811183811182,78053952921075,74444676382,0
/localization/kinematic_state,74494676383,1785852811225872014,78053994981866,74494676383,0
/control/command/control_cmd,74494676383,1785852811226944941,78053996054800,74494676383,80
/localization/kinematic_state,74544676384,1785852811275797596,78054044907440,74544676384,0
/control/command/control_cmd,74544676384,1785852811276102333,78054045212024,74544676384,80
/sensing/lidar/top/pointcloud_raw_ex,74544676384,1785852811281989766,78054051099876,74544676384,231960
/localization/pose_estimator/pose_with_covariance,74544676384,1785852811285101688,78054054211578,74544676384,0
/localization/kinematic_state,74594676384,1785852811326298797,78054095408702,74594676384,0
/control/command/control_cmd,74594676384,1785852811326389273,78054095498973,74594676384,80
/localization/kinematic_state,74644676385,1785852811376251606,78054145361450,74644676385,0
/control/command/control_cmd,74644676385,1785852811377754521,78054146864466,74644676385,80
/sensing/lidar/top/pointcloud_raw_ex,74644676385,1785852811381347354,78054150457472,74644676385,231352
/localization/pose_estimator/pose_with_covariance,74644676385,1785852811384098939,78054153208727,74644676385,0
/control/command/control_cmd,74694676386,1785852811426588466,78054195698459,74694676386,80
/localization/kinematic_state,74694676386,1785852811426934414,78054196044053,74694676386,0
/localization/kinematic_state,74744676387,1785852811476261098,78054245370978,74744676387,0
/control/command/control_cmd,74744676387,1785852811476547216,78054245656941,74744676387,80
/sensing/lidar/top/pointcloud_raw_ex,74744676387,1785852811481682389,78054250792550,74744676387,231448
/localization/pose_estimator/pose_with_covariance,74744676387,1785852811485023772,78054254133568,74744676387,0
/localization/kinematic_state,74794676387,1785852811527120113,78054296230096,74794676387,0
/control/command/control_cmd,74794676387,1785852811527134545,78054296244152,74794676387,80
/localization/kinematic_state,74844676388,1785852811575773057,78054344882904,74844676388,0
/control/command/control_cmd,74844676388,1785852811576002718,78054345112412,74844676388,80
/sensing/lidar/top/pointcloud_raw_ex,74844676388,1785852811581816940,78054350927174,74844676388,232728
/localization/pose_estimator/pose_with_covariance,74844676388,1785852811585086176,78054354195977,74844676388,0
/control/command/control_cmd,74894676389,1785852811626239822,78054395349717,74894676389,80
/localization/kinematic_state,74894676389,1785852811626285652,78054395395265,74894676389,0
/control/command/control_cmd,74944676390,1785852811676880202,78054445990302,74944676390,80
/localization/kinematic_state,74944676390,1785852811676922738,78054446032382,74944676390,0
/sensing/lidar/top/pointcloud_raw_ex,74944676390,1785852811682166814,78054451276798,74944676390,233080
/localization/pose_estimator/pose_with_covariance,74944676390,1785852811685863344,78054454973056,74944676390,0
/control/command/control_cmd,74994676390,1785852811725956592,78054495066727,74994676390,80
/localization/kinematic_state,74994676390,1785852811726133202,78054495243053,74994676390,0
/localization/kinematic_state,75044676391,1785852811775593113,78054544703121,75044676391,0
/control/command/control_cmd,75044676391,1785852811776276978,78054545386908,75044676391,80
/sensing/lidar/top/pointcloud_raw_ex,75044676391,1785852811781881196,78054550991375,75044676391,231832
/localization/pose_estimator/pose_with_covariance,75044676391,1785852811784752279,78054553862192,75044676391,0
/localization/kinematic_state,75094676392,1785852811826010228,78054595120116,75094676392,0
/control/command/control_cmd,75094676392,1785852811826656769,78054595766653,75094676392,80
/control/command/control_cmd,75144676393,1785852811875909117,78054645019288,75144676393,80
/localization/kinematic_state,75144676393,1785852811876013695,78054645123351,75144676393,0
/sensing/lidar/top/pointcloud_raw_ex,75144676393,1785852811881610831,78054650721043,75144676393,234200
/localization/pose_estimator/pose_with_covariance,75144676393,1785852811884726080,78054653835865,75144676393,0
/localization/kinematic_state,75194676393,1785852811927045873,78054696155753,75194676393,0
/control/command/control_cmd,75194676393,1785852811927232395,78054696342120,75194676393,80
/control/command/control_cmd,75244676394,1785852811976492571,78054745602599,75244676394,80
/localization/kinematic_state,75244676394,1785852811976938569,78054746048356,75244676394,0
/sensing/lidar/top/pointcloud_raw_ex,75244676394,1785852811981613661,78054750723909,75244676394,230712
/localization/pose_estimator/pose_with_covariance,75244676394,1785852811984536354,78054753646137,75244676394,0
/localization/kinematic_state,75294676395,1785852812026515510,78054795625418,75294676395,0
/control/command/control_cmd,75294676395,1785852812026525200,78054795634814,75294676395,80
/localization/kinematic_state,75344676395,1785852812077983352,78054847093440,75344676395,0
/control/command/control_cmd,75344676395,1785852812078001513,78054847111126,75344676395,80
/sensing/lidar/top/pointcloud_raw_ex,75344676395,1785852812081653179,78054850763287,75344676395,231704
/localization/pose_estimator/pose_with_covariance,75344676395,1785852812084293750,78054853403528,75344676395,0
/control/command/control_cmd,75394676396,1785852812125935438,78054895045385,75394676396,80
/localization/kinematic_state,75394676396,1785852812126090121,78054895199912,75394676396,0
/localization/kinematic_state,75444676397,1785852812175656547,78054944766336,75444676397,0
/control/command/control_cmd,75444676397,1785852812176234295,78054945344335,75444676397,80
/sensing/lidar/top/pointcloud_raw_ex,75444676397,1785852812181485016,78054950595161,75444676397,233976
/localization/pose_estimator/pose_with_covariance,75444676397,1785852812184202510,78054953312289,75444676397,0
/control/command/control_cmd,75494676398,1785852812225957093,78054995067013,75494676398,80
/localization/kinematic_state,75494676398,1785852812227038064,78054996147828,75494676398,0
/localization/kinematic_state,75544676398,1785852812276020707,78055045130580,75544676398,0
/control/command/control_cmd,75544676398,1785852812276739725,78055045849529,75544676398,80
/sensing/lidar/top/pointcloud_raw_ex,75544676398,1785852812281429255,78055050539310,75544676398,231352
/localization/pose_estimator/pose_with_covariance,75544676398,1785852812284441583,78055053551438,75544676398,0
/control/command/control_cmd,75594676399,1785852812326983420,78055096093342,75594676399,80
/localization/kinematic_state,75594676399,1785852812327009314,78055096118932,75594676399,0
/control/command/control_cmd,75644676400,1785852812376349181,78055145459434,75644676400,80
/localization/kinematic_state,75644676400,1785852812377014017,78055146123771,75644676400,0
/sensing/lidar/top/pointcloud_raw_ex,75644676400,1785852812381638078,78055150748332,75644676400,233016
/localization/pose_estimator/pose_with_covariance,75644676400,1785852812384356792,78055153466651,75644676400,0
/localization/kinematic_state,75694676401,1785852812426427767,78055195537510,75694676401,0
/control/command/control_cmd,75694676401,1785852812426860495,78055195970208,75694676401,80
/localization/kinematic_state,75744676401,1785852812477821911,78055246931644,75744676401,0
/control/command/control_cmd,75744676401,1785852812477828356,78055246937994,75744676401,80
/sensing/lidar/top/pointcloud_raw_ex,75744676401,1785852812482905313,78055252015133,75744676401,230104
/localization/pose_estimator/pose_with_covariance,75744676401,1785852812485606620,78055254716465,75744676401,0
/control/command/control_cmd,75794676402,1785852812526793383,78055295903300,75794676402,80
/localization/kinematic_state,75794676402,1785852812526970684,78055296080467,75794676402,0
/control/command/control_cmd,75844676403,1785852812576202662,78055345312727,75844676403,80
/localization/kinematic_state,75844676403,1785852812576390274,78055345500042,75844676403,0
/sensing/lidar/top/pointcloud_raw_ex,75844676403,1785852812581428394,78055350538488,75844676403,231384
/localization/pose_estimator/pose_with_covariance,75844676403,1785852812584059004,78055353168801,75844676403,0
/localization/kinematic_state,75894676404,1785852812625934492,78055395044403,75894676404,0
/control/command/control_cmd,75894676404,1785852812626342905,78055395452752,75894676404,80
/localization/kinematic_state,75944676404,1785852812676946608,78055446056690,75944676404,0
/control/command/control_cmd,75944676404,1785852812677567781,78055446677552,75944676404,80
/sensing/lidar/top/pointcloud_raw_ex,75944676404,1785852812681458866,78055450568792,75944676404,233848
/localization/pose_estimator/pose_with_covariance,75944676404,1785852812684365382,78055453475157,75944676404,0
/localization/kinematic_state,75994676405,1785852812726228966,78055495338850,75994676405,0
/control/command/control_cmd,75994676405,1785852812726237361,78055495346989,75994676405,80
/localization/kinematic_state,76044676406,1785852812775865476,78055544975478,76044676406,0
/control/command/control_cmd,76044676406,1785852812776860604,78055545970411,76044676406,80
/sensing/lidar/top/pointcloud_raw_ex,76044676406,1785852812781824903,78055550934826,76044676406,232728
/localization/pose_estimator/pose_with_covariance,76044676406,1785852812785962874,78055555072685,76044676406,0
/control/command/control_cmd,76094676407,1785852812826612700,78055595722526,76094676407,80
/localization/kinematic_state,76094676407,1785852812827008111,78055596117891,76094676407,0
/localization/kinematic_state,76144676407,1785852812876037263,78055645147249,76144676407,0
/control/command/control_cmd,76144676407,1785852812876931396,78055646041276,76144676407,80
/sensing/lidar/top/pointcloud_raw_ex,76144676407,1785852812881545593,78055650655633,76144676407,234424
/localization/pose_estimator/pose_with_covariance,76144676407,1785852812884340643,78055653450406,76144676407,0
/localization/kinematic_state,76194676408,1785852812926731626,78055695841603,76194676408,0
/control/command/control_cmd,76194676408,1785852812926740283,78055695849884,76194676408,80
/localization/kinematic_state,76244676409,1785852812975711123,78055744821137,76244676409,0
/control/command/control_cmd,76244676409,1785852812975846361,78055744956252,76244676409,80
/sensing/lidar/top/pointcloud_raw_ex,76244676409,1785852812981495628,78055750606136,76244676409,229528
/localization/pose_estimator/pose_with_covariance,76244676409,1785852812984274581,78055753384555,76244676409,0
/localization/kinematic_state,76294676410,1785852813025429962,78055794539733,76294676410,0
/control/command/control_cmd,76294676410,1785852813025544024,78055794653748,76294676410,80
/control/command/control_cmd,76344676410,1785852813075492700,78055844602573,76344676410,80
/localization/kinematic_state,76344676410,1785852813075649386,78055844759113,76344676410,0
/sensing/lidar/top/pointcloud_raw_ex,76344676410,1785852813080668874,78055849779018,76344676410,232344
/localization/pose_estimator/pose_with_covariance,76344676410,1785852813083509262,78055852619112,76344676410,0
/localization/kinematic_state,76394676411,1785852813126922900,78055896032892,76394676411,0
/control/command/control_cmd,76394676411,1785852813126931660,78055896041285,76394676411,80
/localization/kinematic_state,76444676412,1785852813175994721,78055945104553,76444676412,0
/control/command/control_cmd,76444676412,1785852813176454415,78055945564233,76444676412,80
/sensing/lidar/top/pointcloud_raw_ex,76444676412,1785852813181306481,78055950416498,76444676412,233144
/localization/pose_estimator/pose_with_covariance,76444676412,1785852813183983292,78055953093055,76444676412,0
/localization/kinematic_state,76494676413,1785852813226022370,78055995132176,76494676413,0
/control/command/control_cmd,76494676413,1785852813226251930,78055995361602,76494676413,80
/localization/kinematic_state,76544676413,1785852813275790782,78056044900736,76544676413,0
/control/command/control_cmd,76544676413,1785852813276349113,78056045458764,76544676413,80
/sensing/lidar/top/pointcloud_raw_ex,76544676413,1785852813281440113,78056050550065,76544676413,232312
/localization/pose_estimator/pose_with_covariance,76544676413,1785852813284282654,78056053392395,76544676413,0
/localization/kinematic_state,76594676414,1785852813325833580,78056094943445,76594676414,0
/control/command/control_cmd,76594676414,1785852813326131871,78056095241618,76594676414,80
/localization/kinematic_state,76644676415,1785852813377977911,78056147087788,76644676415,0
/control/command/control_cmd,76644676415,1785852813377990153,78056147099764,76644676415,80
/sensing/lidar/top/pointcloud_raw_ex,76644676415,1785852813382010435,78056151120350,76644676415,230392
/localization/pose_estimator/pose_with_covariance,76644676415,1785852813384653000,78056153763014,76644676415,0
/control/command/control_cmd,76694676416,1785852813426346892,78056195456917,76694676416,80
/localization/kinematic_state,76694676416,1785852813426973001,78056196082880,76694676416,0
/localization/kinematic_state,76744676416,1785852813475916696,78056245026675,76744676416,0
/control/command/control_cmd,76744676416,1785852813476315038,78056245424749,76744676416,80
/sensing/lidar/top/pointcloud_raw_ex,76744676416,1785852813481055191,78056250165323,76744676416,232824
/localization/pose_estimator/pose_with_covariance,76744676416,1785852813484180426,78056253290304,76744676416,0
/localization/kinematic_state,76794676417,1785852813525848658,78056294958553,76794676417,0
/control/command/control_cmd,76794676417,1785852813526139660,78056295249414,76794676417,80
/localization/kinematic_state,76844676418,1785852813575704290,78056344814016,76844676418,0
/control/command/control_cmd,76844676418,1785852813576447764,78056345557598,76844676418,80
/sensing/lidar/top/pointcloud_raw_ex,76844676418,1785852813582071258,78056351181492,76844676418,230424
/localization/pose_estimator/pose_with_covariance,76844676418,1785852813584830200,78056353940046,76844676418,0
/localization/kinematic_state,76894676419,1785852813627165754,78056396276057,76894676419,0
/control/command/control_cmd,76894676419,1785852813627178108,78056396287727,76894676419,80
/control/command/control_cmd,76944676419,1785852813676770999,78056445880960,76944676419,80
/localization/kinematic_state,76944676419,1785852813677385539,78056446495329,76944676419,0
/sensing/lidar/top/pointcloud_raw_ex,76944676419,1785852813683312259,78056452422669,76944676419,228696
/localization/pose_estimator/pose_with_covariance,76944676419,1785852813686562133,78056455672010,76944676419,0
/localization/kinematic_state,76994676420,1785852813726296841,78056495406681,76994676420,0
/control/command/control_cmd,76994676420,1785852813726660937,78056495770776,76994676420,80
/localization/kinematic_state,77044676421,1785852813777956674,78056547066649,77044676421,0
/control/command/control_cmd,77044676421,1785852813778512215,78056547622057,77044676421,80
/sensing/lidar/top/pointcloud_raw_ex,77044676421,1785852813782339077,78056551449141,77044676421,232184
/localization/pose_estimator/pose_with_covariance,77044676421,1785852813785020102,78056554130010,77044676421,0
/localization/kinematic_state,77094676422,1785852813825919451,78056595029310,77094676422,0
/control/command/control_cmd,77094676422,1785852813826861818,78056595971626,77094676422,80
/localization/kinematic_state,77144676422,1785852813875810113,78056644919988,77144676422,0
/control/command/control_cmd,77144676422,1785852813876682308,78056645792086,77144676422,80
/sensing/lidar/top/pointcloud_raw_ex,77144676422,1785852813881183952,78056650293712,77144676422,230776
/localization/pose_estimator/pose_with_covariance,77144676422,1785852813884012829,78056653122707,77144676422,0
/localization/kinematic_state,77194676423,1785852813926586797,78056695696677,77194676423,0
/control/command/control_cmd,77194676423,1785852813927682095,78056696791858,77194676423,80
/localization/kinematic_state,77244676424,1785852813975600692,78056744710444,77244676424,0
/control/command/control_cmd,77244676424,1785852813977138140,78056746248052,77244676424,80
/sensing/lidar/top/pointcloud_raw_ex,77244676424,1785852813981903751,78056751013773,77244676424,227032
/localization/pose_estimator/pose_with_covariance,77244676424,1785852813984716995,78056753826870,77244676424,0
/localization/kinematic_state,77294676425,1785852814025940920,78056795050792,77294676425,0
/control/command/control_cmd,77294676425,1785852814026127257,78056795237140,77294676425,80
/localization/kinematic_state,77344676425,1785852814076016689,78056845126617,77344676425,0
/control/command/control_cmd,77344676425,1785852814076094451,78056845204124,77344676425,80
/sensing/lidar/top/pointcloud_raw_ex,77344676425,1785852814082900875,78056852010947,77344676425,236408
/localization/pose_estimator/pose_with_covariance,77344676425,1785852814085929348,78056855039284,77344676425,0
/localization/kinematic_state,77394676426,1785852814125414752,78056894524585,77394676426,0
/control/command/control_cmd,77394676426,1785852814126992167,78056896101913,77394676426,80
/localization/kinematic_state,77444676427,1785852814176269335,78056945379324,77444676427,0
/control/command/control_cmd,77444676427,1785852814176284055,78056945393669,77444676427,80
/sensing/lidar/top/pointcloud_raw_ex,77444676427,1785852814181448034,78056950558252,77444676427,232408
/localization/pose_estimator/pose_with_covariance,77444676427,1785852814184921571,78056954031345,77444676427,0
/localization/kinematic_state,77494676428,1785852814226058003,78056995167789,77494676428,0
/control/command/control_cmd,77494676428,1785852814226077368,78056995187002,77494676428,80
/localization/kinematic_state,77544676428,1785852814275677939,78057044787765,77544676428,0
/control/command/control_cmd,77544676428,1785852814276848806,78057045958669,77544676428,80
/sensing/lidar/top/pointcloud_raw_ex,77544676428,1785852814281086762,78057050196712,77544676428,234232
/localization/pose_estimator/pose_with_covariance,77544676428,1785852814283756495,78057052866443,77544676428,0
/localization/kinematic_state,77594676429,1785852814326408275,78057095518135,77594676429,0
/control/command/control_cmd,77594676429,1785852814326691712,78057095801547,77594676429,80
/localization/kinematic_state,77644676430,1785852814376637425,78057145747471,77644676430,0
/control/command/control_cmd,77644676430,1785852814376912901,78057146022756,77644676430,80
/sensing/lidar/top/pointcloud_raw_ex,77644676430,1785852814381655743,78057150765813,77644676430,233688
/localization/pose_estimator/pose_with_covariance,77644676430,1785852814384402959,78057153512776,77644676430,0
/localization/kinematic_state,77694676431,1785852814425886507,78057194996458,77694676431,0
/control/command/control_cmd,77694676431,1785852814426914524,78057196024728,77694676431,80
/localization/kinematic_state,77744676431,1785852814475838339,78057244948316,77744676431,0
/control/command/control_cmd,77744676431,1785852814476546616,78057245656426,77744676431,80
/sensing/lidar/top/pointcloud_raw_ex,77744676431,1785852814482480369,78057251590592,77744676431,233016
/localization/pose_estimator/pose_with_covariance,77744676431,1785852814484848563,78057253958425,77744676431,0
/localization/kinematic_state,77794676432,1785852814526341141,78057295450875,77794676432,0
/control/command/control_cmd,77794676432,1785852814527260054,78057296369729,77794676432,80
/localization/kinematic_state,77844676433,1785852814576546572,78057345656327,77844676433,0
/control/command/control_cmd,77844676433,1785852814577772814,78057346882612,77844676433,80
/sensing/lidar/top/pointcloud_raw_ex,77844676433,1785852814584008352,78057353118381,77844676433,233368
/localization/pose_estimator/pose_with_covariance,77844676433,1785852814586808383,78057355918152,77844676433,0
/localization/kinematic_state,77894676433,1785852814625740643,78057394850405,77894676433,0
/control/command/control_cmd,77894676433,1785852814626172795,78057395282563,77894676433,80
/localization/kinematic_state,77944676434,1785852814676593430,78057445703306,77944676434,0
/control/command/control_cmd,77944676434,1785852814676700158,78057445810053,77944676434,80
/sensing/lidar/top/pointcloud_raw_ex,77944676434,1785852814683150997,78057452261133,77944676434,233048
/localization/pose_estimator/pose_with_covariance,77944676434,1785852814686579841,78057455689607,77944676434,0
/localization/kinematic_state,77994676435,1785852814726030598,78057495140439,77994676435,0
/control/command/control_cmd,77994676435,1785852814726615693,78057495725410,77994676435,80
/localization/kinematic_state,78044676436,1785852814776907181,78057546017069,78044676436,0
/control/command/control_cmd,78044676436,1785852814777209698,78057546319612,78044676436,80
/sensing/lidar/top/pointcloud_raw_ex,78044676436,1785852814781426038,78057550536114,78044676436,235640
/localization/pose_estimator/pose_with_covariance,78044676436,1785852814784235916,78057553345743,78044676436,0
/localization/kinematic_state,78094676436,1785852814825805022,78057594914894,78094676436,0
/control/command/control_cmd,78094676436,1785852814826423086,78057595533023,78094676436,80
/localization/kinematic_state,78144676437,1785852814875731277,78057644841436,78144676437,0
/control/command/control_cmd,78144676437,1785852814876024651,78057645134537,78144676437,80
/sensing/lidar/top/pointcloud_raw_ex,78144676437,1785852814882076259,78057651186370,78144676437,234936
/localization/pose_estimator/pose_with_covariance,78144676437,1785852814884788068,78057653897814,78144676437,0
/localization/kinematic_state,78194676438,1785852814925714844,78057694824846,78194676438,0
/control/command/control_cmd,78194676438,1785852814926196643,78057695306277,78194676438,80
/localization/kinematic_state,78244676439,1785852814975933471,78057745043426,78244676439,0
/control/command/control_cmd,78244676439,1785852814976746782,78057745856549,78244676439,80
/sensing/lidar/top/pointcloud_raw_ex,78244676439,1785852814981774332,78057750884531,78244676439,233464
/localization/pose_estimator/pose_with_covariance,78244676439,1785852814984807289,78057753917247,78244676439,0
/localization/kinematic_state,78294676439,1785852815026257253,78057795367179,78294676439,0
/control/command/control_cmd,78294676439,1785852815026372847,78057795482745,78294676439,80
/localization/kinematic_state,78344676440,1785852815075428255,78057844538110,78344676440,0
/control/command/control_cmd,78344676440,1785852815075996422,78057845106444,78344676440,80
/sensing/lidar/top/pointcloud_raw_ex,78344676440,1785852815082447612,78057851557871,78344676440,234168
/localization/pose_estimator/pose_with_covariance,78344676440,1785852815084725010,78057853834776,78344676440,0
/control/command/control_cmd,78394676441,1785852815126161346,78057895271624,78394676441,80
/localization/kinematic_state,78394676441,1785852815126367433,78057895477244,78394676441,0
/localization/kinematic_state,78444676442,1785852815175883273,78057944993166,78444676442,0
/control/command/control_cmd,78444676442,1785852815176768125,78057945877973,78444676442,80
/sensing/lidar/top/pointcloud_raw_ex,78444676442,1785852815181674558,78057950784660,78444676442,235736
/localization/pose_estimator/pose_with_covariance,78444676442,1785852815184670940,78057953780868,78444676442,0
/localization/kinematic_state,78494676442,1785852815225672851,78057994782658,78494676442,0
/control/command/control_cmd,78494676442,1785852815226352589,78057995462308,78494676442,80
/control/command/control_cmd,78544676443,1785852815276563353,78058045673250,78544676443,80
/localization/kinematic_state,78544676443,1785852815276588020,78058045697643,78544676443,0
/sensing/lidar/top/pointcloud_raw_ex,78544676443,1785852815282921817,78058052031871,78544676443,235512
/localization/pose_estimator/pose_with_covariance,78544676443,1785852815285433354,78058054543076,78544676443,0
/localization/kinematic_state,78594676444,1785852815325985682,78058095095458,78594676444,0
/control/command/control_cmd,78594676444,1785852815326300990,78058095410671,78594676444,80
/control/command/control_cmd,78644676445,1785852815376329730,78058145439692,78644676445,80
/localization/kinematic_state,78644676445,1785852815376655654,78058145765394,78644676445,0
/sensing/lidar/top/pointcloud_raw_ex,78644676445,1785852815381769824,78058150880011,78644676445,236728
/localization/pose_estimator/pose_with_covariance,78644676445,1785852815384681134,78058153790913,78644676445,0
/localization/kinematic_state,78694676445,1785852815426156332,78058195266389,78694676445,0
/control/command/control_cmd,78694676445,1785852815426585281,78058195695201,78694676445,80
/localization/kinematic_state,78744676446,1785852815476695352,78058245805328,78744676446,0
/control/command/control_cmd,78744676446,1785852815476758442,78058245868355,78744676446,80
/sensing/lidar/top/pointcloud_raw_ex,78744676446,1785852815481993232,78058251103333,78744676446,236344
/localization/pose_estimator/pose_with_covariance,78744676446,1785852815484981983,78058254091985,78744676446,0
/localization/kinematic_state,78794676447,1785852815527044395,78058296154291,78794676447,0
/control/command/control_cmd,78794676447,1785852815527057652,78058296167280,78794676447,80
/localization/kinematic_state,78844676448,1785852815575905270,78058345015155,78844676448,0
/control/command/control_cmd,78844676448,1785852815576924683,78058346034571,78844676448,80
/sensing/lidar/top/pointcloud_raw_ex,78844676448,1785852815581647351,78058350757398,78844676448,236984
/localization/pose_estimator/pose_with_covariance,78844676448,1785852815584801377,78058353911286,78844676448,0
/localization/kinematic_state,78894676448,1785852815626375035,78058395484911,78894676448,0
/control/command/control_cmd,78894676448,1785852815626509453,78058395619298,78894676448,80
/localization/kinematic_state,78944676449,1785852815676615850,78058445725804,78944676449,0
/control/command/control_cmd,78944676449,1785852815676628560,78058445738251,78944676449,80
/sensing/lidar/top/pointcloud_raw_ex,78944676449,1785852815684548546,78058453658838,78944676449,236824
/localization/pose_estimator/pose_with_covariance,78944676449,1785852815687163194,78058456272963,78944676449,0
/localization/kinematic_state,78994676450,1785852815725977954,78058495087741,78994676450,0
/control/command/control_cmd,78994676450,1785852815726567965,78058495677733,78994676450,80
/localization/kinematic_state,79044676451,1785852815776564231,78058545674261,79044676451,0
/control/command/control_cmd,79044676451,1785852815779680897,78058548790842,79044676451,80
/sensing/lidar/top/pointcloud_raw_ex,79044676451,1785852815782545775,78058551655640,79044676451,234776
/localization/pose_estimator/pose_with_covariance,79044676451,1785852815785178085,78058554287864,79044676451,0
/localization/kinematic_state,79094676451,1785852815825945341,78058595055092,79094676451,0
/control/command/control_cmd,79094676451,1785852815826770433,78058595880299,79094676451,80
/localization/kinematic_state,79144676452,1785852815875938724,78058645048880,79144676452,0
/control/command/control_cmd,79144676452,1785852815876921624,78058646031299,79144676452,80
/sensing/lidar/top/pointcloud_raw_ex,79144676452,1785852815881711861,78058650821762,79144676452,234264
/localization/pose_estimator/pose_with_covariance,79144676452,1785852815884434276,78058653544014,79144676452,0
/localization/kinematic_state,79194676453,1785852815925991349,78058695101188,79194676453,0
/control/command/control_cmd,79194676453,1785852815926202762,78058695312568,79194676453,80
/localization/kinematic_state,79244676454,1785852815976144648,78058745254484,79244676454,0
/control/command/control_cmd,79244676454,1785852815976550255,78058745660226,79244676454,80
/sensing/lidar/top/pointcloud_raw_ex,79244676454,1785852815982111288,78058751221576,79244676454,238072
/localization/pose_estimator/pose_with_covariance,79244676454,1785852815984785128,78058753895049,79244676454,0
/localization/kinematic_state,79294676454,1785852816025536492,78058794646299,79294676454,0
/control/command/control_cmd,79294676454,1785852816026047685,78058795157372,79294676454,80
/control/command/control_cmd,79344676455,1785852816075990159,78058845100148,79344676455,80
/localization/kinematic_state,79344676455,1785852816076774250,78058845884069,79344676455,0
/sensing/lidar/top/pointcloud_raw_ex,79344676455,1785852816083461363,78058852571650,79344676455,233400
/localization/pose_estimator/pose_with_covariance,79344676455,1785852816086191490,78058855301357,79344676455,0
/control/command/control_cmd,79394676456,1785852816126132230,78058895242139,79394676456,80
/localization/kinematic_state,79394676456,1785852816126231477,78058895341234,79394676456,0
/localization/kinematic_state,79444676457,1785852816176209788,78058945319666,79444676457,0
/control/command/control_cmd,79444676457,1785852816176217350,78058945326980,79444676457,80
/sensing/lidar/top/pointcloud_raw_ex,79444676457,1785852816183325613,78058952435853,79444676457,236664
/localization/pose_estimator/pose_with_covariance,79444676457,1785852816186047497,78058955157422,79444676457,0
/control/command/control_cmd,79494676457,1785852816226106252,78058995216253,79494676457,80
/localization/kinematic_state,79494676457,1785852816226494763,78058995604518,79494676457,0
/localization/kinematic_state,79544676458,1785852816275876762,78059044986596,79544676458,0
/control/command/control_cmd,79544676458,1785852816276370701,78059045480386,79544676458,80
/sensing/lidar/top/pointcloud_raw_ex,79544676458,1785852816281402066,78059050512183,79544676458,238520
/localization/pose_estimator/pose_with_covariance,79544676458,1785852816284182592,78059053292509,79544676458,0
/localization/kinematic_state,79594676459,1785852816325677007,78059094786879,79594676459,0
/control/command/control_cmd,79594676459,1785852816326144179,78059095253965,79594676459,80
/localization/kinematic_state,79644676460,1785852816375925556,78059145035504,79644676460,0
/control/command/control_cmd,79644676460,1785852816376792578,78059145902305,79644676460,80
/sensing/lidar/top/pointcloud_raw_ex,79644676460,1785852816381908128,78059151018286,79644676460,237912
/localization/pose_estimator/pose_with_covariance,79644676460,1785852816384611729,78059153721494,79644676460,0
/control/command/control_cmd,79694676460,1785852816426440158,78059195550061,79694676460,80
/localization/kinematic_state,79694676460,1785852816426463250,78059195572860,79694676460,0
/localization/kinematic_state,79744676461,1785852816476028511,78059245138378,79744676461,0
/control/command/control_cmd,79744676461,1785852816476677868,78059245787703,79744676461,80
/sensing/lidar/top/pointcloud_raw_ex,79744676461,1785852816482274566,78059251384692,79744676461,236888
/localization/pose_estimator/pose_with_covariance,79744676461,1785852816484926989,78059254036883,79744676461,0
/localization/kinematic_state,79794676462,1785852816526277102,78059295387074,79794676462,0
/control/command/control_cmd,79794676462,1785852816526398907,78059295508930,79794676462,80
/localization/kinematic_state,79844676463,1785852816575929158,78059345039306,79844676463,0
/control/command/control_cmd,79844676463,1785852816576994659,78059346104464,79844676463,80
/sensing/lidar/top/pointcloud_raw_ex,79844676463,1785852816582502944,78059351613257,79844676463,237880
/localization/pose_estimator/pose_with_covariance,79844676463,1785852816586248431,78059355358235,79844676463,0
/localization/kinematic_state,79894676463,1785852816626216591,78059395326594,79894676463,0
/control/command/control_cmd,79894676463,1785852816626237581,78059395347180,79894676463,80
/localization/kinematic_state,79944676464,1785852816675445224,78059444555067,79944676464,0
/control/command/control_cmd,79944676464,1785852816676735560,78059445845451,79944676464,80
/sensing/lidar/top/pointcloud_raw_ex,79944676464,1785852816683253437,78059452363628,79944676464,237592
/localization/pose_estimator/pose_with_covariance,79944676464,1785852816686189578,78059455299494,79944676464,0
/localization/kinematic_state,79994676465,1785852816726410995,78059495520888,79994676465,0
/control/command/control_cmd,79994676465,1785852816727249212,78059496358931,79994676465,80
/localization/kinematic_state,80044676466,1785852816775868532,78059544978397,80044676466,0
/control/command/control_cmd,80044676466,1785852816776840330,78059545950229,80044676466,80
/sensing/lidar/top/pointcloud_raw_ex,80044676466,1785852816783011978,78059552122030,80044676466,233560
/localization/pose_estimator/pose_with_covariance,80044676466,1785852816786222601,78059555332329,80044676466,0
/control/command/control_cmd,80094676466,1785852816826182493,78059595292462,80094676466,80
/localization/kinematic_state,80094676466,1785852816826792298,78059595901979,80094676466,0
/localization/kinematic_state,80144676467,1785852816876002568,78059645112479,80144676467,0
/control/command/control_cmd,80144676467,1785852816876227317,78059645337171,80144676467,80
/sensing/lidar/top/pointcloud_raw_ex,80144676467,1785852816883030866,78059652141015,80144676467,239416
/localization/pose_estimator/pose_with_covariance,80144676467,1785852816886685412,78059655795234,80144676467,0
/localization/kinematic_state,80194676468,1785852816925928589,78059695038439,80194676468,0
/control/command/control_cmd,80194676468,1785852816926077001,78059695186864,80194676468,80
/localization/kinematic_state,80244676469,1785852816976152001,78059745261982,80244676469,0
/control/command/control_cmd,80244676469,1785852816976739946,78059745849636,80244676469,80
/sensing/lidar/top/pointcloud_raw_ex,80244676469,1785852816982526212,78059751636228,80244676469,238008
/localization/pose_estimator/pose_with_covariance,80244676469,1785852816985550469,78059754660533,80244676469,0
/localization/kinematic_state,80294676469,1785852817026042256,78059795152135,80294676469,0
/control/command/control_cmd,80294676469,1785852817026383943,78059795493905,80294676469,80
/localization/kinematic_state,80344676470,1785852817075729342,78059844839180,80344676470,0
/control/command/control_cmd,80344676470,1785852817076349000,78059845458679,80344676470,80
/sensing/lidar/top/pointcloud_raw_ex,80344676470,1785852817082345753,78059851455874,80344676470,237528
/localization/pose_estimator/pose_with_covariance,80344676470,1785852817084969500,78059854079399,80344676470,0
/localization/kinematic_state,80394676471,1785852817126604431,78059895714194,80394676471,0
/control/command/control_cmd,80394676471,1785852817126794551,78059895904355,80394676471,80
/control/command/control_cmd,80444676471,1785852817176128286,78059945238324,80444676471,80
/localization/kinematic_state,80444676471,1785852817176623037,78059945732792,80444676471,0
/sensing/lidar/top/pointcloud_raw_ex,80444676471,1785852817181963901,78059951074082,80444676471,239256
/localization/pose_estimator/pose_with_covariance,80444676471,1785852817184607302,78059953717147,80444676471,0
/localization/kinematic_state,80494676472,1785852817226495257,78059995605066,80494676472,0
/control/command/control_cmd,80494676472,1785852817227601358,78059996711185,80494676472,80
/localization/kinematic_state,80544676473,1785852817275784870,78060044894752,80544676473,0
/control/command/control_cmd,80544676473,1785852817275802306,78060044911930,80544676473,80
/sensing/lidar/top/pointcloud_raw_ex,80544676473,1785852817282395735,78060051506019,80544676473,238200
/localization/pose_estimator/pose_with_covariance,80544676473,1785852817285218754,78060054328465,80544676473,0
/localization/kinematic_state,80594676474,1785852817325744166,78060094853896,80594676474,0
/control/command/control_cmd,80594676474,1785852817325944144,78060095053915,80594676474,80
/localization/kinematic_state,80644676474,1785852817375977922,78060145087801,80644676474,0
/control/command/control_cmd,80644676474,1785852817376776276,78060145886226,80644676474,80
/sensing/lidar/top/pointcloud_raw_ex,80644676474,1785852817381820245,78060150930313,80644676474,235384
/localization/pose_estimator/pose_with_covariance,80644676474,1785852817384539068,78060153648989,80644676474,0
/control/command/control_cmd,80694676475,1785852817425795706,78060194905667,80694676475,80
/localization/kinematic_state,80694676475,1785852817425926061,78060195035709,80694676475,0
/control/command/control_cmd,80744676476,1785852817475879831,78060244989896,80744676476,80
/localization/kinematic_state,80744676476,1785852817476549783,78060245659532,80744676476,0
/sensing/lidar/top/pointcloud_raw_ex,80744676476,1785852817482412393,78060251522658,80744676476,237752
/localization/pose_estimator/pose_with_covariance,80744676476,1785852817485163997,78060254273784,80744676476,0
/localization/kinematic_state,80794676477,1785852817526149343,78060295259155,80794676477,0
/control/command/control_cmd,80794676477,1785852817526175595,78060295285224,80794676477,80
/control/command/control_cmd,80844676477,1785852817576777032,78060345887014,80844676477,80
/localization/kinematic_state,80844676477,1785852817577735463,78060346845386,80844676477,0
/sensing/lidar/top/pointcloud_raw_ex,80844676477,1785852817583137345,78060352247427,80844676477,240280
/localization/pose_estimator/pose_with_covariance,80844676477,1785852817586189132,78060355298868,80844676477,0
/control/command/control_cmd,80894676478,1785852817625569677,78060394679709,80894676478,80
/localization/kinematic_state,80894676478,1785852817626015373,78060395125214,80894676478,0
/localization/kinematic_state,80944676479,1785852817676136119,78060445246003,80944676479,0
/control/command/control_cmd,80944676479,1785852817676930709,78060446040579,80944676479,80
/sensing/lidar/top/pointcloud_raw_ex,80944676479,1785852817682173892,78060451284200,80944676479,239992
/localization/pose_estimator/pose_with_covariance,80944676479,1785852817685826106,78060454935874,80944676479,0
/localization/kinematic_state,80994676480,1785852817726032642,78060495142528,80994676480,0
/control/command/control_cmd,80994676480,1785852817726363105,78060495472894,80994676480,80
/localization/kinematic_state,81044676480,1785852817776181928,78060545291785,81044676480,0
/control/command/control_cmd,81044676480,1785852817776191718,78060545301318,81044676480,80
/sensing/lidar/top/pointcloud_raw_ex,81044676480,1785852817781546629,78060550656829,81044676480,238264
/localization/pose_estimator/pose_with_covariance,81044676480,1785852817784352304,78060553462217,81044676480,0
/localization/kinematic_state,81094676481,1785852817826629112,78060595739094,81094676481,0
/control/command/control_cmd,81094676481,1785852817826646879,78060595796931,81094676481,80
/localization/kinematic_state,81144676482,1785852817875669786,78060644779533,81144676482,0
/control/command/control_cmd,81144676482,1785852817875879529,78060644989290,81144676482,80
/sensing/lidar/top/pointcloud_raw_ex,81144676482,1785852817882622700,78060651732898,81144676482,238136
/localization/pose_estimator/pose_with_covariance,81144676482,1785852817885343014,78060654452938,81144676482,0
/localization/kinematic_state,81194676483,1785852817926462973,78060695572885,81194676483,0
/control/command/control_cmd,81194676483,1785852817927352551,78060696462352,81194676483,80
/localization/kinematic_state,81244676483,1785852817975970678,78060745080537,81244676483,0
/control/command/control_cmd,81244676483,1785852817976523584,78060745633411,81244676483,80
/sensing/lidar/top/pointcloud_raw_ex,81244676483,1785852817982765737,78060751875893,81244676483,238232
/localization/pose_estimator/pose_with_covariance,81244676483,1785852817985654631,78060754764610,81244676483,0
/control/command/control_cmd,81294676484,1785852818025812484,78060794922410,81294676484,80
/localization/kinematic_state,81294676484,1785852818025949248,78060795059012,81294676484,0
/localization/kinematic_state,81344676485,1785852818076244187,78060845354131,81344676485,0
/control/command/control_cmd,81344676485,1785852818076389220,78060845499015,81344676485,80
/sensing/lidar/top/pointcloud_raw_ex,81344676485,1785852818083236486,78060852346695,81344676485,235864
/localization/pose_estimator/pose_with_covariance,81344676485,1785852818087202050,78060856311994,81344676485,0
/localization/kinematic_state,81394676486,1785852818126675481,78060895785144,81394676486,0
/control/command/control_cmd,81394676486,1785852818126687296,78060895796899,81394676486,80
/control/command/control_cmd,81444676486,1785852818176082871,78060945193012,81444676486,80
/localization/kinematic_state,81444676486,1785852818176304371,78060945414208,81444676486,0
/sensing/lidar/top/pointcloud_raw_ex,81444676486,1785852818182105347,78060951215671,81444676486,236792
/localization/pose_estimator/pose_with_covariance,81444676486,1785852818185712891,78060954822848,81444676486,0
/localization/kinematic_state,81494676487,1785852818226733496,78060995843722,81494676487,0
/control/command/control_cmd,81494676487,1785852818226749960,78060995859738,81494676487,80
/control/command/control_cmd,81544676488,1785852818275835475,78061044945442,81544676488,80
/localization/kinematic_state,81544676488,1785852818276214824,78061045324693,81544676488,0
/sensing/lidar/top/pointcloud_raw_ex,81544676488,1785852818281042717,78061050152956,81544676488,238584
/localization/pose_estimator/pose_with_covariance,81544676488,1785852818283710135,78061052819966,81544676488,0
/localization/kinematic_state,81594676489,1785852818325832073,78061094941892,81594676489,0
/control/command/control_cmd,81594676489,1785852818325998476,78061095108288,81594676489,80
/control/command/control_cmd,81644676489,1785852818375750047,78061144860294,81644676489,80
/localization/kinematic_state,81644676489,1785852818375920020,78061145029776,81644676489,0
/sensing/lidar/top/pointcloud_raw_ex,81644676489,1785852818381377280,78061150487460,81644676489,238072
/localization/pose_estimator/pose_with_covariance,81644676489,1785852818384023227,78061153133116,81644676489,0
/control/command/control_cmd,81694676490,1785852818426841742,78061195951762,81694676490,80
/localization/kinematic_state,81694676490,1785852818426992065,78061196101835,81694676490,0
/localization/kinematic_state,81744676491,1785852818475774560,78061244884287,81744676491,0
/control/command/control_cmd,81744676491,1785852818476205367,78061245315215,81744676491,80
/sensing/lidar/top/pointcloud_raw_ex,81744676491,1785852818482410827,78061251520796,81744676491,240280
/localization/pose_estimator/pose_with_covariance,81744676491,1785852818485218964,78061254328672,81744676491,0
/control/command/control_cmd,81794676492,1785852818526093076,78061295203080,81794676492,80
/localization/kinematic_state,81794676492,1785852818526513761,78061295623528,81794676492,0
/localization/kinematic_state,81844676492,1785852818575816662,78061344926374,81844676492,0
/control/command/control_cmd,81844676492,1785852818576582140,78061345691935,81844676492,80
/sensing/lidar/top/pointcloud_raw_ex,81844676492,1785852818583622558,78061352732401,81844676492,235960
/localization/pose_estimator/pose_with_covariance,81844676492,1785852818586282584,78061355392462,81844676492,0
/localization/kinematic_state,81894676493,1785852818625873915,78061394983787,81894676493,0
/control/command/control_cmd,81894676493,1785852818626350128,78061395460015,81894676493,80
/control/command/control_cmd,81944676494,1785852818676776284,78061445886363,81944676494,80
/localization/kinematic_state,81944676494,1785852818676805046,78061445914733,81944676494,0
/sensing/lidar/top/pointcloud_raw_ex,81944676494,1785852818681072542,78061450182883,81944676494,235544
/localization/pose_estimator/pose_with_covariance,81944676494,1785852818683650980,78061452760756,81944676494,0
/localization/kinematic_state,81994676495,1785852818726057804,78061495167608,81994676495,0
/control/command/control_cmd,81994676495,1785852818726239979,78061495349855,81994676495,80
/localization/kinematic_state,82044676495,1785852818776042570,78061545152454,82044676495,0
/control/command/control_cmd,82044676495,1785852818777240153,78061546350059,82044676495,80
/sensing/lidar/top/pointcloud_raw_ex,82044676495,1785852818781589368,78061550699359,82044676495,240696
/localization/pose_estimator/pose_with_covariance,82044676495,1785852818784217481,78061553327205,82044676495,0
/localization/kinematic_state,82094676496,1785852818826615041,78061595725350,82094676496,0
/control/command/control_cmd,82094676496,1785852818826901637,78061596011513,82094676496,80
/localization/kinematic_state,82144676497,1785852818875990201,78061645100360,82144676497,0
/control/command/control_cmd,82144676497,1785852818876645136,78061645754939,82144676497,80
/sensing/lidar/top/pointcloud_raw_ex,82144676497,1785852818882812456,78061651922578,82144676497,238648
/localization/pose_estimator/pose_with_covariance,82144676497,1785852818886306342,78061655416135,82144676497,0
/localization/kinematic_state,82194676498,1785852818926327660,78061695437521,82194676498,0
/control/command/control_cmd,82194676498,1785852818926569474,78061695679257,82194676498,80
/localization/kinematic_state,82244676498,1785852818976171249,78061745281145,82244676498,0
/control/command/control_cmd,82244676498,1785852818976588126,78061745698684,82244676498,80
/sensing/lidar/top/pointcloud_raw_ex,82244676498,1785852818982374702,78061751484969,82244676498,233528
/localization/pose_estimator/pose_with_covariance,82244676498,1785852818985865132,78061754974978,82244676498,0
/localization/kinematic_state,82294676499,1785852819025593491,78061794703266,82294676499,0
/control/command/control_cmd,82294676499,1785852819026057206,78061795167211,82294676499,80
/localization/kinematic_state,82344676500,1785852819075365373,78061844475333,82344676500,0
/control/command/control_cmd,82344676500,1785852819075751097,78061844860917,82344676500,80
/sensing/lidar/top/pointcloud_raw_ex,82344676500,1785852819081257741,78061850367914,82344676500,237336
/localization/pose_estimator/pose_with_covariance,82344676500,1785852819084224333,78061853334231,82344676500,0
/localization/kinematic_state,82394676501,1785852819126186078,78061895296069,82394676501,0
/control/command/control_cmd,82394676501,1785852819126365056,78061895474978,82394676501,80
/localization/kinematic_state,82444676501,1785852819175751441,78061944861301,82444676501,0
/control/command/control_cmd,82444676501,1785852819175764372,78061944873993,82444676501,80
/sensing/lidar/top/pointcloud_raw_ex,82444676501,1785852819181109760,78061950219674,82444676501,237848
/localization/pose_estimator/pose_with_covariance,82444676501,1785852819184550792,78061953660806,82444676501,0
/localization/kinematic_state,82494676502,1785852819225678334,78061994788084,82494676502,0
/control/command/control_cmd,82494676502,1785852819225953921,78061995063713,82494676502,80
/localization/kinematic_state,82544676503,1785852819275676040,78062044785951,82544676503,0
/control/command/control_cmd,82544676503,1785852819276501236,78062045611141,82544676503,80
/sensing/lidar/top/pointcloud_raw_ex,82544676503,1785852819282427625,78062051537663,82544676503,238552
/localization/pose_estimator/pose_with_covariance,82544676503,1785852819286817456,78062055927595,82544676503,0
/localization/kinematic_state,82594676504,1785852819325804908,78062094914902,82594676504,0
/control/command/control_cmd,82594676504,1785852819326873509,78062095983258,82594676504,80
/localization/kinematic_state,82644676504,1785852819377980564,78062147090382,82644676504,0
/control/command/control_cmd,82644676504,1785852819377990814,78062147100440,82644676504,80
/sensing/lidar/top/pointcloud_raw_ex,82644676504,1785852819380906934,78062150016694,82644676504,237912
/localization/pose_estimator/pose_with_covariance,82644676504,1785852819384120567,78062153230496,82644676504,0
/localization/kinematic_state,82694676505,1785852819425854593,78062194964365,82694676505,0
/control/command/control_cmd,82694676505,1785852819426032426,78062195142129,82694676505,80
/localization/kinematic_state,82744676506,1785852819479393907,78062248503615,82744676506,0
/control/command/control_cmd,82744676506,1785852819479403544,78062248513160,82744676506,80
/sensing/lidar/top/pointcloud_raw_ex,82744676506,1785852819482263448,78062251373286,82744676506,238936
/localization/pose_estimator/pose_with_covariance,82744676506,1785852819485116106,78062254225953,82744676506,0
/localization/kinematic_state,82794676507,1785852819526020758,78062295130590,82794676507,0
/control/command/control_cmd,82794676507,1785852819526039804,78062295149438,82794676507,80
/localization/kinematic_state,82844676507,1785852819576281614,78062345391661,82844676507,0
/control/command/control_cmd,82844676507,1785852819576654679,78062345764648,82844676507,80
/sensing/lidar/top/pointcloud_raw_ex,82844676507,1785852819582791668,78062351901648,82844676507,238040
/localization/pose_estimator/pose_with_covariance,82844676507,1785852819585930883,78062355040593,82844676507,0
/localization/kinematic_state,82894676508,1785852819625813902,78062394923614,82894676508,0
/control/command/control_cmd,82894676508,1785852819626766458,78062395876386,82894676508,80
/localization/kinematic_state,82944676509,1785852819676034478,78062445144385,82944676509,0
/control/command/control_cmd,82944676509,1785852819677913400,78062447023072,82944676509,80
/sensing/lidar/top/pointcloud_raw_ex,82944676509,1785852819682294172,78062451404240,82944676509,235928
/localization/pose_estimator/pose_with_covariance,82944676509,1785852819685264934,78062454374706,82944676509,0
/localization/kinematic_state,82994676509,1785852819726146468,78062495256191,82994676509,0
/control/command/control_cmd,82994676509,1785852819726700245,78062495809919,82994676509,80
/localization/kinematic_state,83044676510,1785852819775778524,78062544888454,83044676510,0
/control/command/control_cmd,83044676510,1785852819777013104,78062546122948,83044676510,80
/sensing/lidar/top/pointcloud_raw_ex,83044676510,1785852819781117341,78062550227560,83044676510,233624
/localization/pose_estimator/pose_with_covariance,83044676510,1785852819783964257,78062553074208,83044676510,0
/control/command/control_cmd,83094676511,1785852819826277076,78062595386925,83094676511,80
/localization/kinematic_state,83094676511,1785852819826328883,78062595438513,83094676511,0
/control/command/control_cmd,83144676512,1785852819876248249,78062645358294,83144676512,80
/localization/kinematic_state,83144676512,1785852819877932847,78062647042667,83144676512,0
/sensing/lidar/top/pointcloud_raw_ex,83144676512,1785852819881792152,78062650902454,83144676512,237848
/localization/pose_estimator/pose_with_covariance,83144676512,1785852819884804394,78062653914246,83144676512,0
/localization/kinematic_state,83194676512,1785852819926121489,78062695231489,83194676512,0
/control/command/control_cmd,83194676512,1785852819927293466,78062696403282,83194676512,80
/localization/kinematic_state,83244676513,1785852819975520667,78062744630544,83244676513,0
/control/command/control_cmd,83244676513,1785852819976420684,78062745530585,83244676513,80
/sensing/lidar/top/pointcloud_raw_ex,83244676513,1785852819982935466,78062752045486,83244676513,239288
/localization/pose_estimator/pose_with_covariance,83244676513,1785852819985744987,78062754854913,83244676513,0
/localization/kinematic_state,83294676514,1785852820026701308,78062795811194,83294676514,0
/control/command/control_cmd,83294676514,1785852820026931936,78062796041762,83294676514,80
/localization/kinematic_state,83344676515,1785852820076506719,78062845616601,83344676515,0
/control/command/control_cmd,83344676515,1785852820076516448,78062845626054,83344676515,80
/sensing/lidar/top/pointcloud_raw_ex,83344676515,1785852820083118230,78062852228503,83344676515,236728
/localization/pose_estimator/pose_with_covariance,83344676515,1785852820086058995,78062855169059,83344676515,0
/localization/kinematic_state,83394676515,1785852820126187354,78062895297108,83394676515,0
/control/command/control_cmd,83394676515,1785852820126352998,78062895462870,83394676515,80
/localization/kinematic_state,83444676516,1785852820176046995,78062945156937,83444676516,0
/control/command/control_cmd,83444676516,1785852820176078992,78062945188622,83444676516,80
/sensing/lidar/top/pointcloud_raw_ex,83444676516,1785852820181718058,78062950828051,83444676516,237496
/localization/pose_estimator/pose_with_covariance,83444676516,1785852820184492289,78062953602018,83444676516,0
/localization/kinematic_state,83494676517,1785852820225922599,78062995032400,83494676517,0
/control/command/control_cmd,83494676517,1785852820226169028,78062995278762,83494676517,80
/localization/kinematic_state,83544676518,1785852820276180903,78063045290866,83544676518,0
/control/command/control_cmd,83544676518,1785852820278119957,78063047229623,83544676518,80
/sensing/lidar/top/pointcloud_raw_ex,83544676518,1785852820281295862,78063050405712,83544676518,237944
/localization/pose_estimator/pose_with_covariance,83544676518,1785852820284125429,78063053235258,83544676518,0
/control/command/control_cmd,83594676518,1785852820326303864,78063095413860,83594676518,80
/localization/kinematic_state,83594676518,1785852820326680516,78063095790299,83594676518,0
/localization/kinematic_state,83644676519,1785852820376103761,78063145213851,83644676519,0
/control/command/control_cmd,83644676519,1785852820377823123,78063146932945,83644676519,80
/sensing/lidar/top/pointcloud_raw_ex,83644676519,1785852820381011275,78063150121107,83644676519,236664
/localization/pose_estimator/pose_with_covariance,83644676519,1785852820383695634,78063152805481,83644676519,0
/localization/kinematic_state,83694676520,1785852820426028686,78063195138628,83694676520,0
/control/command/control_cmd,83694676520,1785852820426065820,78063195175726,83694676520,80
/localization/kinematic_state,83744676521,1785852820475589674,78063244699421,83744676521,0
/control/command/control_cmd,83744676521,1785852820476834505,78063245944371,83744676521,80
/sensing/lidar/top/pointcloud_raw_ex,83744676521,1785852820481967938,78063251078262,83744676521,237400
/localization/pose_estimator/pose_with_covariance,83744676521,1785852820484823100,78063253932821,83744676521,0
/localization/kinematic_state,83794676521,1785852820525880671,78063294990523,83794676521,0
/control/command/control_cmd,83794676521,1785852820526326268,78063295436072,83794676521,80
/localization/kinematic_state,83844676522,1785852820575988236,78063345097977,83844676522,0
/control/command/control_cmd,83844676522,1785852820576772610,78063345882763,83844676522,80
/sensing/lidar/top/pointcloud_raw_ex,83844676522,1785852820582318835,78063351428966,83844676522,237336
/localization/pose_estimator/pose_with_covariance,83844676522,1785852820585082974,78063354192732,83844676522,0
/localization/kinematic_state,83894676523,1785852820626227277,78063395337206,83894676523,0
/control/command/control_cmd,83894676523,1785852820626371339,78063395480992,83894676523,80
/localization/kinematic_state,83944676524,1785852820676193278,78063445303032,83944676524,0
/control/command/control_cmd,83944676524,1785852820676632307,78063445742128,83944676524,80
/sensing/lidar/top/pointcloud_raw_ex,83944676524,1785852820681202526,78063450312500,83944676524,237464
/localization/pose_estimator/pose_with_covariance,83944676524,1785852820683995745,78063453105547,83944676524,0
/localization/kinematic_state,83994676524,1785852820725474795,78063494584603,83994676524,0
/control/command/control_cmd,83994676524,1785852820726031683,78063495141489,83994676524,80
/localization/kinematic_state,84044676525,1785852820776256785,78063545366765,84044676525,0
/control/command/control_cmd,84044676525,1785852820777496241,78063546606048,84044676525,80
/sensing/lidar/top/pointcloud_raw_ex,84044676525,1785852820782034007,78063551143975,84044676525,233752
/localization/pose_estimator/pose_with_covariance,84044676525,1785852820784856386,78063553966191,84044676525,0
/localization/kinematic_state,84094676526,1785852820825955847,78063595065583,84094676526,0
/control/command/control_cmd,84094676526,1785852820826308068,78063595417948,84094676526,80
/localization/kinematic_state,84144676527,1785852820875446825,78063644556780,84144676527,0
/control/command/control_cmd,84144676527,1785852820876259039,78063645368894,84144676527,80
/sensing/lidar/top/pointcloud_raw_ex,84144676527,1785852820881747221,78063650857353,84144676527,235992
/localization/pose_estimator/pose_with_covariance,84144676527,1785852820884866130,78063653976153,84144676527,0
/control/command/control_cmd,84194676527,1785852820926360916,78063695470955,84194676527,80
/localization/kinematic_state,84194676527,1785852820926797627,78063695907418,84194676527,0
/localization/kinematic_state,84244676528,1785852820975961994,78063745071910,84244676528,0
/control/command/control_cmd,84244676528,1785852820977077490,78063746187274,84244676528,80
/sensing/lidar/top/pointcloud_raw_ex,84244676528,1785852820981792883,78063750902882,84244676528,238072
/localization/pose_estimator/pose_with_covariance,84244676528,1785852820984787583,78063753897464,84244676528,0
/control/command/control_cmd,84294676529,1785852821026216003,78063795326105,84294676529,80
/localization/kinematic_state,84294676529,1785852821026251876,78063795361502,84294676529,0
/localization/kinematic_state,84344676530,1785852821075719663,78063844829490,84344676530,0
/control/command/control_cmd,84344676530,1785852821076161984,78063845271710,84344676530,80
/sensing/lidar/top/pointcloud_raw_ex,84344676530,1785852821082144136,78063851254147,84344676530,238424
/localization/pose_estimator/pose_with_covariance,84344676530,1785852821085895221,78063855005151,84344676530,0
/localization/kinematic_state,84394676530,1785852821126540770,78063895650710,84394676530,0
/control/command/control_cmd,84394676530,1785852821127809539,78063896919632,84394676530,80
/localization/kinematic_state,84444676531,1785852821176384978,78063945494964,84444676531,0
/control/command/control_cmd,84444676531,1785852821177134169,78063946244152,84444676531,80
/sensing/lidar/top/pointcloud_raw_ex,84444676531,1785852821182143598,78063951253727,84444676531,235896
/localization/pose_estimator/pose_with_covariance,84444676531,1785852821186320835,78063955430586,84444676531,0
/localization/kinematic_state,84494676532,1785852821226352485,78063995462695,84494676532,0
/control/command/control_cmd,84494676532,1785852821226679693,78063995789524,84494676532,80
/localization/kinematic_state,84544676533,1785852821275982731,78064045092554,84544676533,0
/control/command/control_cmd,84544676533,1785852821276529668,78064045639334,84544676533,80
/sensing/lidar/top/pointcloud_raw_ex,84544676533,1785852821281925952,78064051036115,84544676533,240344
/localization/pose_estimator/pose_with_covariance,84544676533,1785852821285150562,78064054260485,84544676533,0
/localization/kinematic_state,84594676533,1785852821326809574,78064095919484,84594676533,0
/control/command/control_cmd,84594676533,1785852821326820395,78064095930021,84594676533,80
/localization/kinematic_state,84644676534,1785852821376078302,78064145188132,84644676534,0
/control/command/control_cmd,84644676534,1785852821376573090,78064145682948,84644676534,80
/sensing/lidar/top/pointcloud_raw_ex,84644676534,1785852821381468521,78064150578543,84644676534,237944
/localization/pose_estimator/pose_with_covariance,84644676534,1785852821384288217,78064153397974,84644676534,0
/localization/kinematic_state,84694676535,1785852821426089184,78064195199071,84694676535,0
/control/command/control_cmd,84694676535,1785852821426911935,78064196021627,84694676535,80
/localization/kinematic_state,84744676536,1785852821475553504,78064244663408,84744676536,0
/control/command/control_cmd,84744676536,1785852821476650706,78064245760634,84744676536,80
/sensing/lidar/top/pointcloud_raw_ex,84744676536,1785852821481823845,78064250934006,84744676536,237688
/localization/pose_estimator/pose_with_covariance,84744676536,1785852821484066453,78064253176231,84744676536,0
/localization/kinematic_state,84794676536,1785852821526723834,78064295833835,84794676536,0
/control/command/control_cmd,84794676536,1785852821527513632,78064296623516,84794676536,80
/control/command/control_cmd,84844676537,1785852821576346295,78064345456443,84844676537,80
/localization/kinematic_state,84844676537,1785852821576562000,78064345671701,84844676537,0
/sensing/lidar/top/pointcloud_raw_ex,84844676537,1785852821581793473,78064350903483,84844676537,239896
/localization/pose_estimator/pose_with_covariance,84844676537,1785852821584679354,78064353789070,84844676537,0
/localization/kinematic_state,84894676538,1785852821626324178,78064395434111,84894676538,0
/control/command/control_cmd,84894676538,1785852821626342684,78064395452298,84894676538,80
/localization/kinematic_state,84944676539,1785852821676405601,78064445515669,84944676539,0
/control/command/control_cmd,84944676539,1785852821676800970,78064445910777,84944676539,80
/sensing/lidar/top/pointcloud_raw_ex,84944676539,1785852821682320096,78064451430178,84944676539,237592
/localization/pose_estimator/pose_with_covariance,84944676539,1785852821685355341,78064454465088,84944676539,0
/localization/kinematic_state,84994676539,1785852821726298284,78064495408274,84994676539,0
/control/command/control_cmd,84994676539,1785852821726562252,78064495672116,84994676539,80
/localization/kinematic_state,85044676540,1785852821776174525,78064545284499,85044676540,0
/control/command/control_cmd,85044676540,1785852821776811541,78064545921376,85044676540,80
/sensing/lidar/top/pointcloud_raw_ex,85044676540,1785852821781388834,78064550499151,85044676540,240344
/localization/pose_estimator/pose_with_covariance,85044676540,1785852821784430596,78064553540353,85044676540,0
/localization/kinematic_state,85094676541,1785852821825808830,78064594918714,85094676541,0
/control/command/control_cmd,85094676541,1785852821825820149,78064594929775,85094676541,80
/localization/kinematic_state,85144676542,1785852821876058359,78064645168259,85144676542,0
/control/command/control_cmd,85144676542,1785852821876211866,78064645321570,85144676542,80
/sensing/lidar/top/pointcloud_raw_ex,85144676542,1785852821883049705,78064652159916,85144676542,241080
/localization/pose_estimator/pose_with_covariance,85144676542,1785852821885824041,78064654933973,85144676542,0
/localization/kinematic_state,85194676542,1785852821926352573,78064695462503,85194676542,0
/control/command/control_cmd,85194676542,1785852821927031192,78064696140963,85194676542,80
/control/command/control_cmd,85244676543,1785852821976054628,78064745164787,85244676543,80
/localization/kinematic_state,85244676543,1785852821976083832,78064745193436,85244676543,0
/sensing/lidar/top/pointcloud_raw_ex,85244676543,1785852821981682893,78064750793004,85244676543,239608
/localization/pose_estimator/pose_with_covariance,85244676543,1785852821984404412,78064753514445,85244676543,0
/localization/kinematic_state,85294676544,1785852822025869022,78064794979073,85294676544,0
/control/command/control_cmd,85294676544,1785852822025930459,78064795040120,85294676544,80
/control/command/control_cmd,85344676545,1785852822075707700,78064844817642,85344676545,80
/localization/kinematic_state,85344676545,1785852822076052194,78064845161916,85344676545,0
/sensing/lidar/top/pointcloud_raw_ex,85344676545,1785852822081570643,78064850681021,85344676545,238680
/localization/pose_estimator/pose_with_covariance,85344676545,1785852822084277091,78064853386900,85344676545,0
/localization/kinematic_state,85394676545,1785852822126192825,78064895302647,85394676545,0
/control/command/control_cmd,85394676545,1785852822126923841,78064896033645,85394676545,80
/localization/kinematic_state,85444676546,1785852822176930536,78064946040540,85444676546,0
/control/command/control_cmd,85444676546,1785852822176940931,78064946050557,85444676546,80
/sensing/lidar/top/pointcloud_raw_ex,85444676546,1785852822181963994,78064951074187,85444676546,236824
/localization/pose_estimator/pose_with_covariance,85444676546,1785852822184564382,78064953674135,85444676546,0
/localization/kinematic_state,85494676547,1785852822226850249,78064995960214,85494676547,0
/control/command/control_cmd,85494676547,1785852822227062528,78064996172395,85494676547,80
/localization/kinematic_state,85544676547,1785852822275446787,78065044556666,85544676547,0
/control/command/control_cmd,85544676547,1785852822276529626,78065045639588,85544676547,80
/sensing/lidar/top/pointcloud_raw_ex,85544676547,1785852822281347120,78065050457451,85544676547,241112
/localization/pose_estimator/pose_with_covariance,85544676547,1785852822284155786,78065053265635,85544676547,0
/localization/kinematic_state,85594676548,1785852822325708935,78065094818654,85594676548,0
/control/command/control_cmd,85594676548,1785852822326275385,78065095385370,85594676548,80
/control/command/control_cmd,85644676549,1785852822376977455,78065146087457,85644676549,80
/localization/kinematic_state,85644676549,1785852822377004563,78065146114163,85644676549,0
/sensing/lidar/top/pointcloud_raw_ex,85644676549,1785852822381620637,78065150730496,85644676549,234776
/localization/pose_estimator/pose_with_covariance,85644676549,1785852822384191423,78065153301150,85644676549,0
/localization/kinematic_state,85694676550,1785852822426598935,78065195708812,85694676550,0
/control/command/control_cmd,85694676550,1785852822427564579,78065196674342,85694676550,80
/localization/kinematic_state,85744676550,1785852822476031364,78065245141217,85744676550,0
/control/command/control_cmd,85744676550,1785852822476105296,78065245214945,85744676550,80
/sensing/lidar/top/pointcloud_raw_ex,85744676550,1785852822482434350,78065251544418,85744676550,243736
/localization/pose_estimator/pose_with_covariance,85744676550,1785852822486044134,78065255154189,85744676550,0
/control/command/control_cmd,85794676551,1785852822525695839,78065294805846,85794676551,80
/localization/kinematic_state,85794676551,1785852822525725359,78065294834990,85794676551,0
/localization/kinematic_state,85844676552,1785852822575608517,78065344718364,85844676552,0
/control/command/control_cmd,85844676552,1785852822576611995,78065345721899,85844676552,80
/sensing/lidar/top/pointcloud_raw_ex,85844676552,1785852822581380488,78065350490631,85844676552,237976
/localization/pose_estimator/pose_with_covariance,85844676552,1785852822584102301,78065353212069,85844676552,0
/localization/kinematic_state,85894676553,1785852822627031136,78065396140985,85894676553,0
/control/command/control_cmd,85894676553,1785852822627642234,78065396752023,85894676553,80
/localization/kinematic_state,85944676553,1785852822675703853,78065444813806,85944676553,0
/control/command/control_cmd,85944676553,1785852822677030655,78065446140579,85944676553,80
/sensing/lidar/top/pointcloud_raw_ex,85944676553,1785852822681305011,78065450415120,85944676553,236920
/localization/pose_estimator/pose_with_covariance,85944676553,1785852822683922478,78065453032255,85944676553,0
/localization/kinematic_state,85994676554,1785852822725709264,78065494818989,85994676554,0
/control/command/control_cmd,85994676554,1785852822727266699,78065496376479,85994676554,80
/control/command/control_cmd,86044676555,1785852822776275192,78065545385313,86044676555,80
/localization/kinematic_state,86044676555,1785852822776523771,78065545633605,86044676555,0
/sensing/lidar/top/pointcloud_raw_ex,86044676555,1785852822782975403,78065552085678,86044676555,235768
/localization/pose_estimator/pose_with_covariance,86044676555,1785852822785958182,78065555067936,86044676555,0
/localization/kinematic_state,86094676556,1785852822825968894,78065595078670,86094676556,0
/control/command/control_cmd,86094676556,1785852822826243283,78065595353219,86094676556,80
/control/command/control_cmd,86144676556,1785852822875750326,78065644860535,86144676556,80
/localization/kinematic_state,86144676556,1785852822877226947,78065646336718,86144676556,0
/sensing/lidar/top/pointcloud_raw_ex,86144676556,1785852822881216913,78065650326817,86144676556,237400
/localization/pose_estimator/pose_with_covariance,86144676556,1785852822884141980,78065653251984,86144676556,0
/localization/kinematic_state,86194676557,1785852822928013087,78065697123086,86194676557,0
/control/command/control_cmd,86194676557,1785852822928460150,78065697570118,86194676557,80
/localization/kinematic_state,86244676558,1785852822975846510,78065744956503,86244676558,0
/control/command/control_cmd,86244676558,1785852822976915163,78065746024865,86244676558,80
/sensing/lidar/top/pointcloud_raw_ex,86244676558,1785852822982657025,78065751767100,86244676558,237816
/localization/pose_estimator/pose_with_covariance,86244676558,1785852822985835246,78065754945316,86244676558,0
/localization/kinematic_state,86294676559,1785852823025509453,78065794619297,86294676559,0
/control/command/control_cmd,86294676559,1785852823026018015,78065795127836,86294676559,80
/localization/kinematic_state,86344676559,1785852823075388881,78065844498645,86344676559,0
/control/command/control_cmd,86344676559,1785852823075960759,78065845070636,86344676559,80
/sensing/lidar/top/pointcloud_raw_ex,86344676559,1785852823080909880,78065850019822,86344676559,234776
/localization/pose_estimator/pose_with_covariance,86344676559,1785852823083466903,78065852576680,86344676559,0
/control/command/control_cmd,86394676560,1785852823125810240,78065894920268,86394676560,80
/localization/kinematic_state,86394676560,1785852823126061215,78065895170961,86394676560,0
/localization/kinematic_state,86444676561,1785852823176087703,78065945197579,86444676561,0
/control/command/control_cmd,86444676561,1785852823177119120,78065946229044,86444676561,80
/sensing/lidar/top/pointcloud_raw_ex,86444676561,1785852823181672524,78065950782429,86444676561,237912
/localization/pose_estimator/pose_with_covariance,86444676561,1785852823184349166,78065953458936,86444676561,0
/localization/kinematic_state,86494676562,1785852823226090813,78065995200638,86494676562,0
/control/command/control_cmd,86494676562,1785852823226475969,78065995585870,86494676562,80
/localization/kinematic_state,86544676562,1785852823276169567,78066045279382,86544676562,0
/control/command/control_cmd,86544676562,1785852823276298713,78066045408363,86544676562,80
/sensing/lidar/top/pointcloud_raw_ex,86544676562,1785852823281156308,78066050266179,86544676562,237560
/localization/pose_estimator/pose_with_covariance,86544676562,1785852823283656699,78066052766482,86544676562,0
/control/command/control_cmd,86594676563,1785852823379529690,78066148639649,86594676563,80
/localization/kinematic_state,86594676563,1785852823380015434,78066149125165,86594676563,0
/localization/kinematic_state,86644676564,1785852823386531490,78066155641448,86644676564,0
/control/command/control_cmd,86644676564,1785852823386839375,78066155949254,86644676564,80
/sensing/lidar/top/pointcloud_raw_ex,86644676564,1785852823391520426,78066160630828,86644676564,238968
/localization/pose_estimator/pose_with_covariance,86644676564,1785852823394337811,78066163447858,86644676564,0
/control/command/control_cmd,86694676565,1785852823425765601,78066194875535,86694676565,80
/localization/kinematic_state,86694676565,1785852823426302308,78066195412095,86694676565,0
/localization/kinematic_state,86744676565,1785852823475572728,78066244682451,86744676565,0
/control/command/control_cmd,86744676565,1785852823477920211,78066247029971,86744676565,80
/sensing/lidar/top/pointcloud_raw_ex,86744676565,1785852823481441193,78066250550987,86744676565,239448
/localization/pose_estimator/pose_with_covariance,86744676565,1785852823484171805,78066253281610,86744676565,0
/localization/kinematic_state,86794676566,1785852823525746821,78066294856815,86794676566,0
/control/command/control_cmd,86794676566,1785852823526449332,78066295559076,86794676566,80
/localization/kinematic_state,86844676567,1785852823576207922,78066345318028,86844676567,0
/control/command/control_cmd,86844676567,1785852823576543476,78066345653505,86844676567,80
/sensing/lidar/top/pointcloud_raw_ex,86844676567,1785852823581895350,78066351005716,86844676567,237304
/localization/pose_estimator/pose_with_covariance,86844676567,1785852823584504879,78066353615468,86844676567,0
/control/command/control_cmd,86894676568,1785852823686005101,78066455114993,86894676568,80
/localization/kinematic_state,86894676568,1785852823686741547,78066455851446,86894676568,0
/localization/kinematic_state,86944676568,1785852823692469436,78066461579580,86944676568,0
/control/command/control_cmd,86944676568,1785852823692875021,78066461984808,86944676568,80
/sensing/lidar/top/pointcloud_raw_ex,86944676568,1785852823698521512,78066467631943,86944676568,237016
/localization/pose_estimator/pose_with_covariance,86944676568,1785852823701611220,78066470721040,86944676568,0
/localization/kinematic_state,86994676569,1785852823725982255,78066495092250,86994676569,0
/control/command/control_cmd,86994676569,1785852823725993488,78066495103104,86994676569,80
/localization/kinematic_state,87044676570,1785852823776411399,78066545521315,87044676570,0
/control/command/control_cmd,87044676570,1785852823777922703,78066547032610,87044676570,80
/sensing/lidar/top/pointcloud_raw_ex,87044676570,1785852823782229635,78066551339621,87044676570,235640
/localization/pose_estimator/pose_with_covariance,87044676570,1785852823785173802,78066554283581,87044676570,0
/control/command/control_cmd,87094676571,1785852823826085668,78066595195883,87094676571,80
/localization/kinematic_state,87094676571,1785852823826747021,78066595856896,87094676571,0
/localization/kinematic_state,87144676571,1785852823875708557,78066644818322,87144676571,0
/control/command/control_cmd,87144676571,1785852823877754037,78066646864006,87144676571,80
/sensing/lidar/top/pointcloud_raw_ex,87144676571,1785852823881665646,78066650775602,87144676571,236312
/localization/pose_estimator/pose_with_covariance,87144676571,1785852823884642206,78066653751999,87144676571,0
/localization/kinematic_state,87194676572,1785852823926331170,78066695440937,87194676572,0
/control/command/control_cmd,87194676572,1785852823926935155,78066696045009,87194676572,80
/control/command/control_cmd,87244676573,1785852823976079997,78066745189983,87244676573,80
/localization/kinematic_state,87244676573,1785852823976441912,78066745551605,87244676573,0
/sensing/lidar/top/pointcloud_raw_ex,87244676573,1785852823982070580,78066751180449,87244676573,236600
/localization/pose_estimator/pose_with_covariance,87244676573,1785852823984887395,78066753997312,87244676573,0
/control/command/control_cmd,87294676574,1785852824026390239,78066795500205,87294676574,80
/localization/kinematic_state,87294676574,1785852824028328482,78066797438324,87294676574,0
/localization/kinematic_state,87344676574,1785852824075932250,78066845042163,87344676574,0
/control/command/control_cmd,87344676574,1785852824076873771,78066845983555,87344676574,80
/sensing/lidar/top/pointcloud_raw_ex,87344676574,1785852824081819944,78066850929751,87344676574,236792
/localization/pose_estimator/pose_with_covariance,87344676574,1785852824085951350,78066855061387,87344676574,0
/control/command/control_cmd,87394676575,1785852824127048748,78066896158671,87394676575,80
/localization/kinematic_state,87394676575,1785852824127443732,78066896553450,87394676575,0
/localization/kinematic_state,87444676576,1785852824178027840,78066947137536,87444676576,0
/control/command/control_cmd,87444676576,1785852824178035337,78066947144947,87444676576,80
/sensing/lidar/top/pointcloud_raw_ex,87444676576,1785852824181559225,78066950668957,87444676576,239704
/localization/pose_estimator/pose_with_covariance,87444676576,1785852824184616522,78066953726297,87444676576,0
/localization/kinematic_state,87494676577,1785852824226151869,78066995261782,87494676577,0
/control/command/control_cmd,87494676577,1785852824226502358,78066995612126,87494676577,80
/localization/kinematic_state,87544676577,1785852824275758006,78067044867726,87544676577,0
/control/command/control_cmd,87544676577,1785852824276801272,78067045911058,87544676577,80
/sensing/lidar/top/pointcloud_raw_ex,87544676577,1785852824281964798,78067051074860,87544676577,233880
/localization/pose_estimator/pose_with_covariance,87544676577,1785852824285028997,78067054138906,87544676577,0
/control/command/control_cmd,87594676578,1785852824326187041,78067095297039,87594676578,80
/localization/kinematic_state,87594676578,1785852824326626139,78067095735885,87594676578,0
/localization/kinematic_state,87644676579,1785852824375905400,78067145015348,87644676579,0
/control/command/control_cmd,87644676579,1785852824376888534,78067145998477,87644676579,80
/sensing/lidar/top/pointcloud_raw_ex,87644676579,1785852824382899413,78067152009300,87644676579,239096
/localization/pose_estimator/pose_with_covariance,87644676579,1785852824385816499,78067154926275,87644676579,0
/localization/kinematic_state,87694676580,1785852824426010903,78067195120794,87694676580,0
/control/command/control_cmd,87694676580,1785852824426363322,78067195473208,87694676580,80
/localization/kinematic_state,87744676580,1785852824476178742,78067245288589,87744676580,0
/control/command/control_cmd,87744676580,1785852824476643086,78067245753003,87744676580,80
/sensing/lidar/top/pointcloud_raw_ex,87744676580,1785852824482149315,78067251259324,87744676580,238040
/localization/pose_estimator/pose_with_covariance,87744676580,1785852824485804832,78067254914830,87744676580,0
/localization/kinematic_state,87794676581,1785852824525748146,78067294858041,87794676581,0
/control/command/control_cmd,87794676581,1785852824526186521,78067295296418,87794676581,80
/localization/kinematic_state,87844676582,1785852824576664465,78067345774371,87844676582,0
/control/command/control_cmd,87844676582,1785852824576676295,78067345785907,87844676582,80
/sensing/lidar/top/pointcloud_raw_ex,87844676582,1785852824583096842,78067352207051,87844676582,232792
/localization/pose_estimator/pose_with_covariance,87844676582,1785852824586249894,78067355360129,87844676582,0
/localization/kinematic_state,87894676583,1785852824625888946,78067394998760,87894676583,0
/control/command/control_cmd,87894676583,1785852824626358108,78067395467928,87894676583,80
/localization/kinematic_state,87944676583,1785852824676243684,78067445353540,87944676583,0
/control/command/control_cmd,87944676583,1785852824676911086,78067446020811,87944676583,80
/sensing/lidar/top/pointcloud_raw_ex,87944676583,1785852824681262296,78067450372478,87944676583,239832
/localization/pose_estimator/pose_with_covariance,87944676583,1785852824684330985,78067453440777,87944676583,0
/localization/kinematic_state,87994676584,1785852824725727666,78067494837688,87994676584,0
/control/command/control_cmd,87994676584,1785852824726333255,78067495443024,87994676584,80
/localization/kinematic_state,88044676585,1785852824775312936,78067544422826,88044676585,0
/control/command/control_cmd,88044676585,1785852824776251090,78067545361190,88044676585,80
/sensing/lidar/top/pointcloud_raw_ex,88044676585,1785852824781497946,78067550608256,88044676585,238712
/localization/pose_estimator/pose_with_covariance,88044676585,1785852824784713310,78067553823163,88044676585,0
/localization/kinematic_state,88094676585,1785852824825642669,78067594752397,88094676585,0
/control/command/control_cmd,88094676585,1785852824826829189,78067595939346,88094676585,80
/localization/kinematic_state,88144676586,1785852824876154536,78067645264302,88144676586,0
/control/command/control_cmd,88144676586,1785852824877916106,78067647026142,88144676586,80
/sensing/lidar/top/pointcloud_raw_ex,88144676586,1785852824881339409,78067650449596,88144676586,236664
/localization/pose_estimator/pose_with_covariance,88144676586,1785852824884785422,78067653895359,88144676586,0
/localization/kinematic_state,88194676587,1785852824926024720,78067695134549,88194676587,0
/control/command/control_cmd,88194676587,1785852824926839847,78067695949589,88194676587,80
/control/command/control_cmd,88244676588,1785852824976336994,78067745446967,88244676588,80
/localization/kinematic_state,88244676588,1785852824978053305,78067747163016,88244676588,0
/sensing/lidar/top/pointcloud_raw_ex,88244676588,1785852824981405885,78067750515882,88244676588,239000
/localization/pose_estimator/pose_with_covariance,88244676588,1785852824984312462,78067753422286,88244676588,0
/localization/kinematic_state,88294676588,1785852825026221831,78067795331821,88294676588,0
/control/command/control_cmd,88294676588,1785852825026588326,78067795698040,88294676588,80
/localization/kinematic_state,88344676589,1785852825075703209,78067844813216,88344676589,0
/control/command/control_cmd,88344676589,1785852825075712377,78067844822010,88344676589,80
/sensing/lidar/top/pointcloud_raw_ex,88344676589,1785852825082506487,78067851616440,88344676589,237656
/localization/pose_estimator/pose_with_covariance,88344676589,1785852825085281805,78067854391640,88344676589,0
/localization/kinematic_state,88394676590,1785852825125954475,78067895064189,88394676590,0
/control/command/control_cmd,88394676590,1785852825126313342,78067895423089,88394676590,80
/control/command/control_cmd,88444676591,1785852825175744051,78067944854366,88444676591,80
/localization/kinematic_state,88444676591,1785852825177828104,78067946938288,88444676591,0
/sensing/lidar/top/pointcloud_raw_ex,88444676591,1785852825182366703,78067951476566,88444676591,236216
/localization/pose_estimator/pose_with_covariance,88444676591,1785852825185082553,78067954192444,88444676591,0
/control/command/control_cmd,88494676591,1785852825226055053,78067995164802,88494676591,80
/localization/kinematic_state,88494676591,1785852825226181844,78067995291578,88494676591,0
/localization/kinematic_state,88544676592,1785852825275773607,78068044883367,88544676592,0
/control/command/control_cmd,88544676592,1785852825275922687,78068045032491,88544676592,80
/sensing/lidar/top/pointcloud_raw_ex,88544676592,1785852825281079574,78068050189680,88544676592,237944
/localization/pose_estimator/pose_with_covariance,88544676592,1785852825284158838,78068053268556,88544676592,0
/control/command/control_cmd,88594676593,1785852825325978076,78068095088068,88594676593,80
/localization/kinematic_state,88594676593,1785852825326108035,78068095217679,88594676593,0
/localization/kinematic_state,88644676594,1785852825375982620,78068145092707,88644676594,0
/control/command/control_cmd,88644676594,1785852825376493560,78068145603401,88644676594,80
/sensing/lidar/top/pointcloud_raw_ex,88644676594,1785852825382878285,78068151988522,88644676594,237944
/localization/pose_estimator/pose_with_covariance,88644676594,1785852825386165945,78068155275736,88644676594,0
/control/command/control_cmd,88694676594,1785852825426273876,78068195384043,88694676594,80
/localization/kinematic_state,88694676594,1785852825426309282,78068195418882,88694676594,0
/control/command/control_cmd,88744676595,1785852825476487960,78068245598069,88744676595,80
/localization/kinematic_state,88744676595,1785852825476521203,78068245630854,88744676595,0
/sensing/lidar/top/pointcloud_raw_ex,88744676595,1785852825482082466,78068251192792,88744676595,235512
/localization/pose_estimator/pose_with_covariance,88744676595,1785852825485578346,78068254688056,88744676595,0
/control/command/control_cmd,88794676596,1785852825526023901,78068295133809,88794676596,80
/localization/kinematic_state,88794676596,1785852825526098926,78068295208684,88794676596,0
/localization/kinematic_state,88844676597,1785852825575797418,78068344907495,88844676597,0
/control/command/control_cmd,88844676597,1785852825576409872,78068345519557,88844676597,80
/sensing/lidar/top/pointcloud_raw_ex,88844676597,1785852825581986315,78068351096269,88844676597,239064
/localization/pose_estimator/pose_with_covariance,88844676597,1785852825585021112,78068354130954,88844676597,0
/localization/kinematic_state,88894676597,1785852825626907994,78068396017949,88894676597,0
/control/command/control_cmd,88894676597,1785852825626918662,78068396028314,88894676597,80
/localization/kinematic_state,88944676598,1785852825675832524,78068444942435,88944676598,0
/control/command/control_cmd,88944676598,1785852825678657699,78068447767504,88944676598,80
/sensing/lidar/top/pointcloud_raw_ex,88944676598,1785852825682080868,78068451190798,88944676598,235032
/localization/pose_estimator/pose_with_covariance,88944676598,1785852825685612400,78068454722299,88944676598,0
/localization/kinematic_state,88994676599,1785852825726133700,78068495243461,88994676599,0
/control/command/control_cmd,88994676599,1785852825726152253,78068495261873,88994676599,80
/localization/kinematic_state,89044676600,1785852825776147001,78068545256973,89044676600,0
/control/command/control_cmd,89044676600,1785852825777738006,78068546847855,89044676600,80
/sensing/lidar/top/pointcloud_raw_ex,89044676600,1785852825781401438,78068550511325,89044676600,236312
/localization/pose_estimator/pose_with_covariance,89044676600,1785852825784957933,78068554067849,89044676600,0
/localization/kinematic_state,89094676600,1785852825825488450,78068594598387,89094676600,0
/control/command/control_cmd,89094676600,1785852825826277239,78068595387098,89094676600,80
/localization/kinematic_state,89144676601,1785852825875392789,78068644502629,89144676601,0
/control/command/control_cmd,89144676601,1785852825875876983,78068644986900,89144676601,80
/sensing/lidar/top/pointcloud_raw_ex,89144676601,1785852825881409119,78068650519269,89144676601,233976
/localization/pose_estimator/pose_with_covariance,89144676601,1785852825884236853,78068653346663,89144676601,0
/localization/kinematic_state,89194676602,1785852825926291502,78068695401476,89194676602,0
/control/command/control_cmd,89194676602,1785852825926299280,78068695408863,89194676602,80
/localization/kinematic_state,89244676603,1785852825976392940,78068745502769,89244676603,0
/control/command/control_cmd,89244676603,1785852825976562485,78068745672329,89244676603,80
/sensing/lidar/top/pointcloud_raw_ex,89244676603,1785852825984405035,78068753515158,89244676603,236472
/localization/pose_estimator/pose_with_covariance,89244676603,1785852825987553759,78068756663550,89244676603,0
/localization/kinematic_state,89294676603,1785852826025872326,78068794982439,89294676603,0
/control/command/control_cmd,89294676603,1785852826026287542,78068795397247,89294676603,80
/localization/kinematic_state,89344676604,1785852826076259613,78068845369524,89344676604,0
/control/command/control_cmd,89344676604,1785852826076568517,78068845678283,89344676604,80
/sensing/lidar/top/pointcloud_raw_ex,89344676604,1785852826082832835,78068851942965,89344676604,234392
/localization/pose_estimator/pose_with_covariance,89344676604,1785852826085655718,78068854765493,89344676604,0
/localization/kinematic_state,89394676605,1785852826125957569,78068895067583,89394676605,0
/control/command/control_cmd,89394676605,1785852826126358193,78068895468051,89394676605,80
/localization/kinematic_state,89444676606,1785852826176779625,78068945889454,89444676606,0
/control/command/control_cmd,89444676606,1785852826177266562,78068946376349,89444676606,80
/sensing/lidar/top/pointcloud_raw_ex,89444676606,1785852826183936514,78068953046539,89444676606,237208
/localization/pose_estimator/pose_with_covariance,89444676606,1785852826187197504,78068956307269,89444676606,0
/localization/kinematic_state,89494676606,1785852826226083306,78068995193318,89494676606,0
/control/command/control_cmd,89494676606,1785852826226492023,78068995601851,89494676606,80
/localization/kinematic_state,89544676607,1785852826276171019,78069045280929,89544676607,0
/control/command/control_cmd,89544676607,1785852826276551334,78069045661148,89544676607,80
/sensing/lidar/top/pointcloud_raw_ex,89544676607,1785852826281180716,78069050290982,89544676607,237240
/localization/pose_estimator/pose_with_covariance,89544676607,1785852826284602522,78069053712537,89544676607,0
/localization/kinematic_state,89594676608,1785852826325588624,78069094698523,89594676608,0
/control/command/control_cmd,89594676608,1785852826326081031,78069095190771,89594676608,80
/localization/kinematic_state,89644676609,1785852826375409241,78069144519022,89644676609,0
/control/command/control_cmd,89644676609,1785852826375975963,78069145085855,89644676609,80
/sensing/lidar/top/pointcloud_raw_ex,89644676609,1785852826383281017,78069152390992,89644676609,237144
/localization/pose_estimator/pose_with_covariance,89644676609,1785852826386375892,78069155485800,89644676609,0
/localization/kinematic_state,89694676609,1785852826426052093,78069195162002,89694676609,0
/control/command/control_cmd,89694676609,1785852826426096192,78069195206115,89694676609,80
/localization/kinematic_state,89744676610,1785852826476671532,78069245781459,89744676610,0
/control/command/control_cmd,89744676610,1785852826477160924,78069246270718,89744676610,80
/sensing/lidar/top/pointcloud_raw_ex,89744676610,1785852826482807752,78069251917493,89744676610,235512
/localization/pose_estimator/pose_with_covariance,89744676610,1785852826487099062,78069256208919,89744676610,0
/localization/kinematic_state,89794676611,1785852826526756530,78069295866498,89794676611,0
/control/command/control_cmd,89794676611,1785852826526765273,78069295874890,89794676611,80
/localization/kinematic_state,89844676612,1785852826577017774,78069346127684,89844676612,0
/control/command/control_cmd,89844676612,1785852826577036602,78069346146237,89844676612,80
/sensing/lidar/top/pointcloud_raw_ex,89844676612,1785852826582791214,78069351901567,89844676612,234488
/localization/pose_estimator/pose_with_covariance,89844676612,1785852826586019506,78069355129462,89844676612,0
/localization/kinematic_state,89894676612,1785852826626404532,78069395514237,89894676612,0
/control/command/control_cmd,89894676612,1785852826626420669,78069395530298,89894676612,80
/localization/kinematic_state,89944676613,1785852826676323174,78069445433503,89944676613,0
/control/command/control_cmd,89944676613,1785852826677450956,78069446560855,89944676613,80
/sensing/lidar/top/pointcloud_raw_ex,89944676613,1785852826682237344,78069451347326,89944676613,235384
/localization/pose_estimator/pose_with_covariance,89944676613,1785852826685310954,78069454420789,89944676613,0
/localization/kinematic_state,89994676614,1785852826726081896,78069495191725,89994676614,0
/control/command/control_cmd,89994676614,1785852826726383257,78069495492993,89994676614,80
/localization/kinematic_state,90044676615,1785852826775980393,78069545090377,90044676615,0
/control/command/control_cmd,90044676615,1785852826776566303,78069545676038,90044676615,80
/sensing/lidar/top/pointcloud_raw_ex,90044676615,1785852826782881879,78069551991838,90044676615,234360
/localization/pose_estimator/pose_with_covariance,90044676615,1785852826786942039,78069556052011,90044676615,0
/localization/kinematic_state,90094676615,1785852826825726320,78069594836080,90094676615,0
/control/command/control_cmd,90094676615,1785852826826565238,78069595675040,90094676615,80
/control/command/control_cmd,90144676616,1785852826875914394,78069645024578,90144676616,80
/localization/kinematic_state,90144676616,1785852826876151432,78069645261234,90144676616,0
/sensing/lidar/top/pointcloud_raw_ex,90144676616,1785852826881497005,78069650607169,90144676616,235096
/localization/pose_estimator/pose_with_covariance,90144676616,1785852826885642335,78069654752221,90144676616,0
/control/command/control_cmd,90194676617,1785852826926190281,78069695300313,90194676617,80
/localization/kinematic_state,90194676617,1785852826927293377,78069696403124,90194676617,0
/control/command/control_cmd,90244676618,1785852826975842885,78069744953094,90244676618,80
/localization/kinematic_state,90244676618,1785852826976093704,78069745203517,90244676618,0
/sensing/lidar/top/pointcloud_raw_ex,90244676618,1785852826981398372,78069750508316,90244676618,236888
/localization/pose_estimator/pose_with_covariance,90244676618,1785852826984759293,78069753869069,90244676618,0
/localization/kinematic_state,90294676618,1785852827025974432,78069795084188,90294676618,0
/control/command/control_cmd,90294676618,1785852827027236238,78069796345987,90294676618,80
/localization/kinematic_state,90344676619,1785852827075775403,78069844885260,90344676619,0
/control/command/control_cmd,90344676619,1785852827076905348,78069846015197,90344676619,80
/sensing/lidar/top/pointcloud_raw_ex,90344676619,1785852827081486457,78069850596501,90344676619,236504
/localization/pose_estimator/pose_with_covariance,90344676619,1785852827084639142,78069853749057,90344676619,0
/control/command/control_cmd,90394676620,1785852827126445437,78069895555337,90394676620,80
/localization/kinematic_state,90394676620,1785852827126584263,78069895694016,90394676620,0
/control/command/control_cmd,90444676621,1785852827176074391,78069945184514,90444676621,80
/localization/kinematic_state,90444676621,1785852827176437880,78069945547535,90444676621,0
/sensing/lidar/top/pointcloud_raw_ex,90444676621,1785852827182518538,78069951628400,90444676621,236216
/localization/pose_estimator/pose_with_covariance,90444676621,1785852827185325052,78069954434827,90444676621,0
/localization/kinematic_state,90494676621,1785852827225799664,78069994909430,90494676621,0
/control/command/control_cmd,90494676621,1785852827226182071,78069995291868,90494676621,80
/localization/kinematic_state,90544676622,1785852827276809003,78070045919032,90544676622,0
/control/command/control_cmd,90544676622,1785852827276820031,78070045929661,90544676622,80
/sensing/lidar/top/pointcloud_raw_ex,90544676622,1785852827282026814,78070051136760,90544676622,238104
/localization/pose_estimator/pose_with_covariance,90544676622,1785852827284957127,78070054067051,90544676622,0
/localization/kinematic_state,90594676623,1785852827325550029,78070094659804,90594676623,0
/control/command/control_cmd,90594676623,1785852827326882193,78070095992006,90594676623,80
/localization/kinematic_state,90644676623,1785852827375936888,78070145046665,90644676623,0
/control/command/control_cmd,90644676623,1785852827377053344,78070146163170,90644676623,80
/sensing/lidar/top/pointcloud_raw_ex,90644676623,1785852827381194370,78070150304365,90644676623,236728
/localization/pose_estimator/pose_with_covariance,90644676623,1785852827386009671,78070155119760,90644676623,0
/localization/kinematic_state,90694676624,1785852827426620345,78070195730247,90694676624,0
/control/command/control_cmd,90694676624,1785852827426879761,78070195989646,90694676624,80
/localization/kinematic_state,90744676625,1785852827476071341,78070245181208,90744676625,0
/control/command/control_cmd,90744676625,1785852827476650551,78070245760453,90744676625,80
/sensing/lidar/top/pointcloud_raw_ex,90744676625,1785852827482106413,78070251216403,90744676625,232728
/localization/pose_estimator/pose_with_covariance,90744676625,1785852827484949007,78070254058956,90744676625,0
/control/command/control_cmd,90794676626,1785852827526099635,78070295209639,90794676626,80
/localization/kinematic_state,90794676626,1785852827526180347,78070295289965,90794676626,0
/localization/kinematic_state,90844676626,1785852827576945310,78070346055164,90844676626,0
/control/command/control_cmd,90844676626,1785852827576955030,78070346064672,90844676626,80
/sensing/lidar/top/pointcloud_raw_ex,90844676626,1785852827582550237,78070351660421,90844676626,233976
/localization/pose_estimator/pose_with_covariance,90844676626,1785852827585610570,78070354720475,90844676626,0
/localization/kinematic_state,90894676627,1785852827625855442,78070394965174,90894676627,0
/control/command/control_cmd,90894676627,1785852827626284807,78070395394706,90894676627,80
/localization/kinematic_state,90944676628,1785852827675774927,78070444884682,90944676628,0
/control/command/control_cmd,90944676628,1785852827677051224,78070446161206,90944676628,80
/sensing/lidar/top/pointcloud_raw_ex,90944676628,1785852827682347118,78070451457007,90944676628,236216
/localization/pose_estimator/pose_with_covariance,90944676628,1785852827685371131,78070454481074,90944676628,0
/localization/kinematic_state,90994676629,1785852827725755047,78070494864898,90994676629,0
/control/command/control_cmd,90994676629,1785852827725830138,78070494939788,90994676629,80
/localization/kinematic_state,91044676629,1785852827776254065,78070545364055,91044676629,0
/control/command/control_cmd,91044676629,1785852827777655326,78070546765177,91044676629,80
/sensing/lidar/top/pointcloud_raw_ex,91044676629,1785852827781408166,78070550518115,91044676629,236984
/localization/pose_estimator/pose_with_covariance,91044676629,1785852827784271079,78070553380958,91044676629,0
/localization/kinematic_state,91094676630,1785852827826098428,78070595208358,91094676630,0
/control/command/control_cmd,91094676630,1785852827826178455,78070595288080,91094676630,80
/localization/kinematic_state,91144676631,1785852827876087535,78070645197654,91144676631,0
/control/command/control_cmd,91144676631,1785852827876414649,78070645524524,91144676631,80
/sensing/lidar/top/pointcloud_raw_ex,91144676631,1785852827882275902,78070651386109,91144676631,235544
/localization/pose_estimator/pose_with_covariance,91144676631,1785852827884978697,78070654088611,91144676631,0
/localization/kinematic_state,91194676632,1785852827925917075,78070695026837,91194676632,0
/control/command/control_cmd,91194676632,1785852827926981892,78070696091699,91194676632,80
/localization/kinematic_state,91244676632,1785852827975332370,78070744442159,91244676632,0
/control/command/control_cmd,91244676632,1785852827976527153,78070745636958,91244676632,80
/sensing/lidar/top/pointcloud_raw_ex,91244676632,1785852827981867418,78070750977541,91244676632,241176
/localization/pose_estimator/pose_with_covariance,91244676632,1785852827985016740,78070754126712,91244676632,0
/localization/kinematic_state,91294676633,1785852828025623419,78070794733167,91294676633,0
/control/command/control_cmd,91294676633,1785852828026540999,78070795651097,91294676633,80
/localization/kinematic_state,91344676634,1785852828077171624,78070846281568,91344676634,0
/control/command/control_cmd,91344676634,1785852828077181198,78070846290818,91344676634,80
/sensing/lidar/top/pointcloud_raw_ex,91344676634,1785852828082304788,78070851414737,91344676634,237368
/localization/pose_estimator/pose_with_covariance,91344676634,1785852828085368066,78070854477905,91344676634,0
/control/command/control_cmd,91394676635,1785852828125909166,78070895019193,91394676635,80
/localization/kinematic_state,91394676635,1785852828125950410,78070895060067,91394676635,0
/localization/kinematic_state,91444676635,1785852828175822983,78070944932656,91444676635,0
/control/command/control_cmd,91444676635,1785852828175830001,78070944939595,91444676635,80
/sensing/lidar/top/pointcloud_raw_ex,91444676635,1785852828181807567,78070950917577,91444676635,236504
/localization/pose_estimator/pose_with_covariance,91444676635,1785852828185630240,78070954740212,91444676635,0
/localization/kinematic_state,91494676636,1785852828226163158,78070995273003,91494676636,0
/control/command/control_cmd,91494676636,1785852828226177124,78070995286749,91494676636,80
/localization/kinematic_state,91544676637,1785852828275577616,78071044687398,91544676637,0
/control/command/control_cmd,91544676637,1785852828276817157,78071045927041,91544676637,80
/sensing/lidar/top/pointcloud_raw_ex,91544676637,1785852828281053571,78071050163755,91544676637,237560
/localization/pose_estimator/pose_with_covariance,91544676637,1785852828284326106,78071053435960,91544676637,0
/localization/kinematic_state,91594676638,1785852828325498009,78071094607811,91594676638,0
/control/command/control_cmd,91594676638,1785852828326246229,78071095356040,91594676638,80
/localization/kinematic_state,91644676638,1785852828375818299,78071144928297,91644676638,0
/control/command/control_cmd,91644676638,1785852828376231269,78071145341009,91644676638,80
/sensing/lidar/top/pointcloud_raw_ex,91644676638,1785852828382920734,78071152030954,91644676638,236696
/localization/pose_estimator/pose_with_covariance,91644676638,1785852828385841021,78071154951055,91644676638,0
/localization/kinematic_state,91694676639,1785852828427533036,78071196642909,91694676639,0
/control/command/control_cmd,91694676639,1785852828427543906,78071196653523,91694676639,80
/localization/kinematic_state,91744676640,1785852828475932968,78071245042741,91744676640,0
/control/command/control_cmd,91744676640,1785852828476530611,78071245640386,91744676640,80
/sensing/lidar/top/pointcloud_raw_ex,91744676640,1785852828482799172,78071251909401,91744676640,236632
/localization/pose_estimator/pose_with_covariance,91744676640,1785852828485912145,78071255021951,91744676640,0
/localization/kinematic_state,91794676641,1785852828526127677,78071295237431,91794676641,0
/control/command/control_cmd,91794676641,1785852828527407483,78071296517333,91794676641,80
/localization/kinematic_state,91844676641,1785852828576087782,78071345197712,91844676641,0
/control/command/control_cmd,91844676641,1785852828576363179,78071345473070,91844676641,80
/sensing/lidar/top/pointcloud_raw_ex,91844676641,1785852828583007194,78071352117140,91844676641,236632
/localization/pose_estimator/pose_with_covariance,91844676641,1785852828586458394,78071355568367,91844676641,0
/control/command/control_cmd,91894676642,1785852828626053557,78071395163451,91894676642,80
/localization/kinematic_state,91894676642,1785852828626188618,78071395298405,91894676642,0
/control/command/control_cmd,91944676643,1785852828676537297,78071445647408,91944676643,80
/localization/kinematic_state,91944676643,1785852828677120951,78071446230799,91944676643,0
/sensing/lidar/top/pointcloud_raw_ex,91944676643,1785852828681195050,78071450305214,91944676643,236344
/localization/pose_estimator/pose_with_covariance,91944676643,1785852828684362435,78071453472398,91944676643,0
/control/command/control_cmd,91994676644,1785852828725876522,78071494986456,91994676644,80
/localization/kinematic_state,91994676644,1785852828726406466,78071495516179,91994676644,0
/localization/kinematic_state,92044676644,1785852828776062975,78071545173141,92044676644,0
/control/command/control_cmd,92044676644,1785852828776070811,78071545180432,92044676644,80
/sensing/lidar/top/pointcloud_raw_ex,92044676644,1785852828782020414,78071551130373,92044676644,236696
/localization/pose_estimator/pose_with_covariance,92044676644,1785852828784922463,78071554032296,92044676644,0
/localization/kinematic_state,92094676645,1785852828826326549,78071595436366,92094676645,0
/control/command/control_cmd,92094676645,1785852828827055360,78071596165154,92094676645,80
/localization/kinematic_state,92144676646,1785852828876648906,78071645758929,92144676646,0
/control/command/control_cmd,92144676646,1785852828877919390,78071647029242,92144676646,80
/sensing/lidar/top/pointcloud_raw_ex,92144676646,1785852828881269661,78071650379715,92144676646,238648
/localization/pose_estimator/pose_with_covariance,92144676646,1785852828884187798,78071653297784,92144676646,0
/localization/kinematic_state,92194676647,1785852828926721826,78071695831731,92194676647,0
/control/command/control_cmd,92194676647,1785852828926905687,78071696015451,92194676647,80
/control/command/control_cmd,92244676647,1785852828975824069,78071744934099,92244676647,80
/localization/kinematic_state,92244676647,1785852828977928640,78071747038338,92244676647,0
/sensing/lidar/top/pointcloud_raw_ex,92244676647,1785852828981014831,78071750124877,92244676647,238904
/localization/pose_estimator/pose_with_covariance,92244676647,1785852828983907815,78071753017592,92244676647,0
/localization/kinematic_state,92294676648,1785852829026086725,78071795196490,92294676648,0
/control/command/control_cmd,92294676648,1785852829026702122,78071795812005,92294676648,80
/localization/kinematic_state,92344676649,1785852829076531964,78071845641897,92344676649,0
/control/command/control_cmd,92344676649,1785852829076797402,78071845907249,92344676649,80
/sensing/lidar/top/pointcloud_raw_ex,92344676649,1785852829083544835,78071852655153,92344676649,234904
/localization/pose_estimator/pose_with_covariance,92344676649,1785852829086871816,78071855981741,92344676649,0
/localization/kinematic_state,92394676650,1785852829126023321,78071895133212,92394676650,0
/control/command/control_cmd,92394676650,1785852829126977911,78071896087637,92394676650,80
/control/command/control_cmd,92444676650,1785852829175944933,78071945054858,92444676650,80
/localization/kinematic_state,92444676650,1785852829177118750,78071946228617,92444676650,0
/sensing/lidar/top/pointcloud_raw_ex,92444676650,1785852829182403572,78071951513740,92444676650,234872
/localization/pose_estimator/pose_with_covariance,92444676650,1785852829185334577,78071954444349,92444676650,0
/localization/kinematic_state,92494676651,1785852829226245250,78071995354981,92494676651,0
/control/command/control_cmd,92494676651,1785852829226259312,78071995368930,92494676651,80
/localization/kinematic_state,92544676652,1785852829275995739,78072045105735,92544676652,0
/control/command/control_cmd,92544676652,1785852829276177697,78072045287587,92544676652,80
/sensing/lidar/top/pointcloud_raw_ex,92544676652,1785852829281393683,78072050503817,92544676652,235192
/localization/pose_estimator/pose_with_covariance,92544676652,1785852829284325910,78072053435669,92544676652,0
/control/command/control_cmd,92594676653,1785852829326116690,78072095226616,92594676653,80
/localization/kinematic_state,92594676653,1785852829326195340,78072095305014,92594676653,0
/localization/kinematic_state,92644676653,1785852829375724026,78072144833990,92644676653,0
/control/command/control_cmd,92644676653,1785852829376542456,78072145652335,92644676653,80
/sensing/lidar/top/pointcloud_raw_ex,92644676653,1785852829381790884,78072150901064,92644676653,236472
/localization/pose_estimator/pose_with_covariance,92644676653,1785852829384939203,78072154049190,92644676653,0
/localization/kinematic_state,92694676654,1785852829426829027,78072195939084,92694676654,0
/control/command/control_cmd,92694676654,1785852829426843269,78072195952882,92694676654,80
/localization/kinematic_state,92744676655,1785852829476337437,78072245447338,92744676655,0
/control/command/control_cmd,92744676655,1785852829479064279,78072248174316,92744676655,80
/sensing/lidar/top/pointcloud_raw_ex,92744676655,1785852829482497108,78072251606998,92744676655,233912
/localization/pose_estimator/pose_with_covariance,92744676655,1785852829485790059,78072254900076,92744676655,0
/localization/kinematic_state,92794676656,1785852829525975114,78072295085089,92794676656,0
/control/command/control_cmd,92794676656,1785852829525988842,78072295098451,92794676656,80
/localization/kinematic_state,92844676656,1785852829575500073,78072344609852,92844676656,0
/control/command/control_cmd,92844676656,1785852829576306706,78072345416508,92844676656,80
/sensing/lidar/top/pointcloud_raw_ex,92844676656,1785852829582139997,78072351249793,92844676656,236344
/localization/pose_estimator/pose_with_covariance,92844676656,1785852829585959005,78072355068922,92844676656,0
/control/command/control_cmd,92894676657,1785852829626732786,78072395842820,92894676657,80
/localization/kinematic_state,92894676657,1785852829626832679,78072395942391,92894676657,0
/localization/kinematic_state,92944676658,1785852829676430595,78072445540293,92944676658,0
/control/command/control_cmd,92944676658,1785852829677729436,78072446839162,92944676658,80
/sensing/lidar/top/pointcloud_raw_ex,92944676658,1785852829681677685,78072450787589,92944676658,233272
/localization/pose_estimator/pose_with_covariance,92944676658,1785852829684564634,78072453674401,92944676658,0
/localization/kinematic_state,92994676659,1785852829725985995,78072495095854,92994676659,0
/control/command/control_cmd,92994676659,1785852829726736848,78072495846668,92994676659,80
/localization/kinematic_state,93044676659,1785852829775924555,78072545034518,93044676659,0
/control/command/control_cmd,93044676659,1785852829776433597,78072545543412,93044676659,80
/sensing/lidar/top/pointcloud_raw_ex,93044676659,1785852829781052343,78072550162528,93044676659,235832
/localization/pose_estimator/pose_with_covariance,93044676659,1785852829784126788,78072553236647,93044676659,0
/localization/kinematic_state,93094676660,1785852829826206017,78072595315774,93094676660,0
/control/command/control_cmd,93094676660,1785852829826217119,78072595326725,93094676660,80
/localization/kinematic_state,93144676661,1785852829875479979,78072644589929,93144676661,0
/control/command/control_cmd,93144676661,1785852829876321564,78072645431476,93144676661,80
/sensing/lidar/top/pointcloud_raw_ex,93144676661,1785852829881601348,78072650711384,93144676661,236824
/localization/pose_estimator/pose_with_covariance,93144676661,1785852829884745357,78072653855241,93144676661,0
/control/command/control_cmd,93194676661,1785852829925920612,78072695030791,93194676661,80
/localization/kinematic_state,93194676661,1785852829926154812,78072695264642,93194676661,0
/localization/kinematic_state,93244676662,1785852829975842503,78072744952602,93244676662,0
/control/command/control_cmd,93244676662,1785852829976107043,78072745216956,93244676662,80
/sensing/lidar/top/pointcloud_raw_ex,93244676662,1785852829981386597,78072750496684,93244676662,236024
/localization/pose_estimator/pose_with_covariance,93244676662,1785852829985249132,78072754358981,93244676662,0
/localization/kinematic_state,93294676663,1785852830026177546,78072795287370,93294676663,0
/control/command/control_cmd,93294676663,1785852830026191375,78072795300996,93294676663,80
/localization/kinematic_state,93344676664,1785852830076197810,78072845307945,93344676664,0
/control/command/control_cmd,93344676664,1785852830077796938,78072846906735,93344676664,80
/sensing/lidar/top/pointcloud_raw_ex,93344676664,1785852830081504154,78072850614206,93344676664,233080
/localization/pose_estimator/pose_with_covariance,93344676664,1785852830084566770,78072853676538,93344676664,0
/control/command/control_cmd,93394676664,1785852830126650400,78072895760233,93394676664,80
/localization/kinematic_state,93394676664,1785852830126867882,78072895977696,93394676664,0
/localization/kinematic_state,93444676665,1785852830176261209,78072945371180,93444676665,0
/control/command/control_cmd,93444676665,1785852830176271470,78072945381085,93444676665,80
/sensing/lidar/top/pointcloud_raw_ex,93444676665,1785852830181388921,78072950498880,93444676665,234072
/localization/pose_estimator/pose_with_covariance,93444676665,1785852830184128551,78072953238403,93444676665,0
/localization/kinematic_state,93494676666,1785852830225701084,78072994810931,93494676666,0
/control/command/control_cmd,93494676666,1785852830226757819,78072995867650,93494676666,80
/localization/kinematic_state,93544676667,1785852830276006393,78073045116174,93544676667,0
/control/command/control_cmd,93544676667,1785852830277384078,78073046493876,93544676667,80
/sensing/lidar/top/pointcloud_raw_ex,93544676667,1785852830281431381,78073050541313,93544676667,236632
/localization/pose_estimator/pose_with_covariance,93544676667,1785852830284658520,78073053768333,93544676667,0
/localization/kinematic_state,93594676667,1785852830325982630,78073095092441,93594676667,0
/control/command/control_cmd,93594676667,1785852830326419055,78073095528971,93594676667,80
/localization/kinematic_state,93644676668,1785852830376175914,78073145285763,93644676668,0
/control/command/control_cmd,93644676668,1785852830376472935,78073145582814,93644676668,80
/sensing/lidar/top/pointcloud_raw_ex,93644676668,1785852830381731098,78073150841344,93644676668,236344
/localization/pose_estimator/pose_with_covariance,93644676668,1785852830384822362,78073153932142,93644676668,0
/control/command/control_cmd,93694676669,1785852830426624277,78073195734229,93694676669,80
/localization/kinematic_state,93694676669,1785852830427148935,78073196258611,93694676669,0
/control/command/control_cmd,93744676670,1785852830475968707,78073245078964,93744676670,80
/localization/kinematic_state,93744676670,1785852830476129516,78073245239321,93744676670,0
/sensing/lidar/top/pointcloud_raw_ex,93744676670,1785852830481189064,78073250299135,93744676670,237112
/localization/pose_estimator/pose_with_covariance,93744676670,1785852830484300475,78073253410431,93744676670,0
/control/command/control_cmd,93794676670,1785852830526300720,78073295410699,93794676670,80
/localization/kinematic_state,93794676670,1785852830526773544,78073295883414,93794676670,0
/control/command/control_cmd,93844676671,1785852830576771761,78073345881813,93844676671,80
/localization/kinematic_state,93844676671,1785852830577224636,78073346334511,93844676671,0
/sensing/lidar/top/pointcloud_raw_ex,93844676671,1785852830582135147,78073351245194,93844676671,233304
/localization/pose_estimator/pose_with_covariance,93844676671,1785852830585366555,78073354476563,93844676671,0
/localization/kinematic_state,93894676672,1785852830626003452,78073395113244,93894676672,0
/control/command/control_cmd,93894676672,1785852830626595820,78073395705633,93894676672,80
/control/command/control_cmd,93944676673,1785852830676810791,78073445920921,93944676673,80
/localization/kinematic_state,93944676673,1785852830676848816,78073445958590,93944676673,0
/sensing/lidar/top/pointcloud_raw_ex,93944676673,1785852830682899101,78073452009346,93944676673,235416
/localization/pose_estimator/pose_with_covariance,93944676673,1785852830687073549,78073456183417,93944676673,0
/localization/kinematic_state,93994676673,1785852830725830732,78073494940628,93994676673,0
/control/command/control_cmd,93994676673,1785852830726791140,78073495900924,93994676673,80
/localization/kinematic_state,94044676674,1785852830776428469,78073545538368,94044676674,0
/control/command/control_cmd,94044676674,1785852830777153627,78073546263436,94044676674,80
/sensing/lidar/top/pointcloud_raw_ex,94044676674,1785852830781817457,78073550927554,94044676674,234072
/localization/pose_estimator/pose_with_covariance,94044676674,1785852830785416736,78073554526469,94044676674,0
/control/command/control_cmd,94094676675,1785852830826077178,78073595187050,94094676675,80
/localization/kinematic_state,94094676675,1785852830826112298,78073595221916,94094676675,0
/localization/kinematic_state,94144676676,1785852830875384889,78073644494989,94144676676,0
/control/command/control_cmd,94144676676,1785852830876308834,78073645418755,94144676676,80
/sensing/lidar/top/pointcloud_raw_ex,94144676676,1785852830880828412,78073649938616,94144676676,233176
/localization/pose_estimator/pose_with_covariance,94144676676,1785852830883975836,78073653085755,94144676676,0
/control/command/control_cmd,94194676676,1785852830925611585,78073694721469,94194676676,80
/localization/kinematic_state,94194676676,1785852830925787576,78073694897317,94194676676,0
/localization/kinematic_state,94244676677,1785852830975223944,78073744333675,94244676677,0
/control/command/control_cmd,94244676677,1785852830976044862,78073745154702,94244676677,80
/sensing/lidar/top/pointcloud_raw_ex,94244676677,1785852830982780107,78073751890379,94244676677,235992
/localization/pose_estimator/pose_with_covariance,94244676677,1785852830985797090,78073754907011,94244676677,0
/localization/kinematic_state,94294676678,1785852831025236147,78073794346003,94294676678,0
/control/command/control_cmd,94294676678,1785852831025567972,78073794677900,94294676678,80
/localization/kinematic_state,94344676679,1785852831075843691,78073844953458,94344676679,0
/control/command/control_cmd,94344676679,1785852831076527773,78073845637841,94344676679,80
/sensing/lidar/top/pointcloud_raw_ex,94344676679,1785852831080842765,78073849952695,94344676679,237496
/localization/pose_estimator/pose_with_covariance,94344676679,1785852831083842619,78073852952333,94344676679,0
/localization/kinematic_state,94394676679,1785852831125817636,78073894927509,94394676679,0
/control/command/control_cmd,94394676679,1785852831126078807,78073895188828,94394676679,80
/localization/kinematic_state,94444676680,1785852831175772710,78073944882484,94444676680,0
/control/command/control_cmd,94444676680,1785852831178137664,78073947247544,94444676680,80
/sensing/lidar/top/pointcloud_raw_ex,94444676680,1785852831181074240,78073950184145,94444676680,233592
/localization/pose_estimator/pose_with_covariance,94444676680,1785852831184312398,78073953422268,94444676680,0
/localization/kinematic_state,94494676681,1785852831226036306,78073995146093,94494676681,0
/control/command/control_cmd,94494676681,1785852831226047332,78073995156958,94494676681,80
/localization/kinematic_state,94544676682,1785852831275813729,78074044923474,94544676682,0
/control/command/control_cmd,94544676682,1785852831276697842,78074045807864,94544676682,80
/sensing/lidar/top/pointcloud_raw_ex,94544676682,1785852831281157085,78074050267056,94544676682,236024
/localization/pose_estimator/pose_with_covariance,94544676682,1785852831284156970,78074053266679,94544676682,0
/localization/kinematic_state,94594676682,1785852831325927159,78074095036971,94594676682,0
/control/command/control_cmd,94594676682,1785852831326248052,78074095357763,94594676682,80
/localization/kinematic_state,94644676683,1785852831376140386,78074145250363,94644676683,0
/control/command/control_cmd,94644676683,1785852831376215068,78074145324700,94644676683,80
/sensing/lidar/top/pointcloud_raw_ex,94644676683,1785852831381390585,78074150500676,94644676683,240440
/localization/pose_estimator/pose_with_covariance,94644676683,1785852831384464814,78074153574741,94644676683,0
/control/command/control_cmd,94694676684,1785852831425775505,78074194885365,94694676684,80
/localization/kinematic_state,94694676684,1785852831425806937,78074194916542,94694676684,0
/localization/kinematic_state,94744676685,1785852831476001101,78074245111200,94744676685,0
/control/command/control_cmd,94744676685,1785852831477238811,78074246348693,94744676685,80
/sensing/lidar/top/pointcloud_raw_ex,94744676685,1785852831480677526,78074249787265,94744676685,240280
/localization/pose_estimator/pose_with_covariance,94744676685,1785852831484342646,78074253452457,94744676685,0
/control/command/control_cmd,94794676685,1785852831526182555,78074295292438,94794676685,80
/localization/kinematic_state,94794676685,1785852831526231360,78074295341022,94794676685,0
/localization/kinematic_state,94844676686,1785852831575857132,78074344967111,94844676686,0
/control/command/control_cmd,94844676686,1785852831576362130,78074345471932,94844676686,80
/sensing/lidar/top/pointcloud_raw_ex,94844676686,1785852831581007318,78074350117237,94844676686,238552
/localization/pose_estimator/pose_with_covariance,94844676686,1785852831584224192,78074353333972,94844676686,0
/control/command/control_cmd,94894676687,1785852831625902726,78074395012531,94894676687,80
/localization/kinematic_state,94894676687,1785852831626565572,78074395675389,94894676687,0
/localization/kinematic_state,94944676688,1785852831675890133,78074445000029,94944676688,0
/control/command/control_cmd,94944676688,1785852831676165896,78074445275635,94944676688,80
/sensing/lidar/top/pointcloud_raw_ex,94944676688,1785852831681683944,78074450794145,94944676688,235864
/localization/pose_estimator/pose_with_covariance,94944676688,1785852831685729768,78074454839484,94944676688,0
/localization/kinematic_state,94994676688,1785852831726051720,78074495161675,94994676688,0
/control/command/control_cmd,94994676688,1785852831726274699,78074495384530,94994676688,80
/localization/kinematic_state,95044676689,1785852831776117705,78074545227572,95044676689,0
/control/command/control_cmd,95044676689,1785852831776835398,78074545945212,95044676689,80
/sensing/lidar/top/pointcloud_raw_ex,95044676689,1785852831780662316,78074549772247,95044676689,238712
/localization/pose_estimator/pose_with_covariance,95044676689,1785852831783848254,78074552958038,95044676689,0
/control/command/control_cmd,95094676690,1785852831826415197,78074595525348,95094676690,80
/localization/kinematic_state,95094676690,1785852831826663633,78074595773367,95094676690,0
/localization/kinematic_state,95144676691,1785852831876673593,78074645783544,95144676691,0
/control/command/control_cmd,95144676691,1785852831876685081,78074645794709,95144676691,80
/sensing/lidar/top/pointcloud_raw_ex,95144676691,1785852831881090969,78074650200780,95144676691,237816
/localization/pose_estimator/pose_with_covariance,95144676691,1785852831884115560,78074653225379,95144676691,0
/localization/kinematic_state,95194676691,1785852831926424729,78074695534616,95194676691,0
/control/command/control_cmd,95194676691,1785852831926442288,78074695551911,95194676691,80
/localization/kinematic_state,95244676692,1785852831975630874,78074744740648,95244676692,0
/control/command/control_cmd,95244676692,1785852831976014431,78074745124202,95244676692,80
/sensing/lidar/top/pointcloud_raw_ex,95244676692,1785852831980889733,78074749999790,95244676692,238328
/localization/pose_estimator/pose_with_covariance,95244676692,1785852831983469176,78074752579050,95244676692,0
/localization/kinematic_state,95294676693,1785852832026067007,78074795176837,95294676693,0
/control/command/control_cmd,95294676693,1785852832026385346,78074795495235,95294676693,80
/control/command/control_cmd,95344676694,1785852832075753003,78074844862903,95344676694,80
/localization/kinematic_state,95344676694,1785852832075972656,78074845082294,95344676694,0
/sensing/lidar/top/pointcloud_raw_ex,95344676694,1785852832080736290,78074849846234,95344676694,237592
/localization/pose_estimator/pose_with_covariance,95344676694,1785852832083661040,78074852770926,95344676694,0
/localization/kinematic_state,95394676694,1785852832125980537,78074895090271,95394676694,0
/control/command/control_cmd,95394676694,1785852832126241423,78074895351094,95394676694,80
/localization/kinematic_state,95444676695,1785852832176105949,78074945215930,95444676695,0
/control/command/control_cmd,95444676695,1785852832176676208,78074945785974,95444676695,80
/sensing/lidar/top/pointcloud_raw_ex,95444676695,1785852832181473741,78074950583752,95444676695,240888
/localization/pose_estimator/pose_with_covariance,95444676695,1785852832184344715,78074953454642,95444676695,0
/localization/kinematic_state,95494676696,1785852832226282841,78074995392712,95494676696,0
/control/command/control_cmd,95494676696,1785852832226293124,78074995402745,95494676696,80
/control/command/control_cmd,95544676696,1785852832276009712,78075045119898,95544676696,80
/localization/kinematic_state,95544676696,1785852832276742895,78075045852629,95544676696,0
/sensing/lidar/top/pointcloud_raw_ex,95544676696,1785852832281352521,78075050462450,95544676696,237208
/localization/pose_estimator/pose_with_covariance,95544676696,1785852832285112646,78075054222486,95544676696,0
/localization/kinematic_state,95594676697,1785852832325417245,78075094527229,95594676697,0
/control/command/control_cmd,95594676697,1785852832325871933,78075094981851,95594676697,80
/localization/kinematic_state,95644676698,1785852832375929579,78075145039309,95644676698,0
/control/command/control_cmd,95644676698,1785852832375941968,78075145051599,95644676698,80
/sensing/lidar/top/pointcloud_raw_ex,95644676698,1785852832380814839,78075149924680,95644676698,237976
/localization/pose_estimator/pose_with_covariance,95644676698,1785852832383981917,78075153092057,95644676698,0
/control/command/control_cmd,95694676699,1785852832425674749,78075194784677,95694676699,80
/localization/kinematic_state,95694676699,1785852832426150141,78075195259827,95694676699,0
/control/command/control_cmd,95744676699,1785852832475671667,78075244781693,95744676699,80
/localization/kinematic_state,95744676699,1785852832475753870,78075244863501,95744676699,0
/sensing/lidar/top/pointcloud_raw_ex,95744676699,1785852832480645911,78075249755905,95744676699,239896
/localization/pose_estimator/pose_with_covariance,95744676699,1785852832483499763,78075252609674,95744676699,0
/localization/kinematic_state,95794676700,1785852832525811445,78075294921167,95794676700,0
/control/command/control_cmd,95794676700,1785852832525826265,78075294935898,95794676700,80
/localization/kinematic_state,95844676701,1785852832575991493,78075345101441,95844676701,0
/control/command/control_cmd,95844676701,1785852832576007850,78075345117495,95844676701,80
/sensing/lidar/top/pointcloud_raw_ex,95844676701,1785852832581031491,78075350141620,95844676701,236152
/localization/pose_estimator/pose_with_covariance,95844676701,1785852832583446440,78075352556209,95844676701,0
/localization/kinematic_state,95894676702,1785852832626251271,78075395361028,95894676702,0
/control/command/control_cmd,95894676702,1785852832626730398,78075395840315,95894676702,80
/localization/kinematic_state,95944676702,1785852832676056214,78075445166264,95944676702,0
/control/command/control_cmd,95944676702,1785852832676446781,78075445556601,95944676702,80
/sensing/lidar/top/pointcloud_raw_ex,95944676702,1785852832680981004,78075450091099,95944676702,238264
/localization/pose_estimator/pose_with_covariance,95944676702,1785852832683831183,78075452941211,95944676702,0
/localization/kinematic_state,95994676703,1785852832725681339,78075494791126,95994676703,0
/control/command/control_cmd,95994676703,1785852832725837264,78075494946895,95994676703,80
/localization/kinematic_state,96044676704,1785852832776132038,78075545242002,96044676704,0
/control/command/control_cmd,96044676704,1785852832776170384,78075545280018,96044676704,80
/sensing/lidar/top/pointcloud_raw_ex,96044676704,1785852832781079060,78075550189224,96044676704,240088
/localization/pose_estimator/pose_with_covariance,96044676704,1785852832783876584,78075552986652,96044676704,0
/localization/kinematic_state,96094676705,1785852832825930503,78075595040330,96094676705,0
/control/command/control_cmd,96094676705,1785852832827009646,78075596119471,96094676705,80
/localization/kinematic_state,96144676705,1785852832875432985,78075644542998,96144676705,0
/control/command/control_cmd,96144676705,1785852832875451261,78075644560894,96144676705,80
/sensing/lidar/top/pointcloud_raw_ex,96144676705,1785852832880723947,78075649834054,96144676705,239192
/localization/pose_estimator/pose_with_covariance,96144676705,1785852832883533553,78075652643328,96144676705,0
/localization/kinematic_state,96194676706,1785852832925980882,78075695090761,96194676706,0
/control/command/control_cmd,96194676706,1785852832926001476,78075695111110,96194676706,80
/localization/kinematic_state,96244676707,1785852832975499541,78075744609349,96244676707,0
/control/command/control_cmd,96244676707,1785852832978273766,78075747383613,96244676707,80
/sensing/lidar/top/pointcloud_raw_ex,96244676707,1785852832981378238,78075750488217,96244676707,241144
/localization/pose_estimator/pose_with_covariance,96244676707,1785852832984315600,78075753425308,96244676707,0
/localization/kinematic_state,96294676708,1785852833025769629,78075794879509,96294676708,0
/control/command/control_cmd,96294676708,1785852833025827585,78075794937220,96294676708,80
/localization/kinematic_state,96344676708,1785852833075863763,78075844973593,96344676708,0
/control/command/control_cmd,96344676708,1785852833076003936,78075845113650,96344676708,80
/sensing/lidar/top/pointcloud_raw_ex,96344676708,1785852833082329021,78075851439215,96344676708,240568
/localization/pose_estimator/pose_with_covariance,96344676708,1785852833085089334,78075854199016,96344676708,0
/localization/kinematic_state,96394676709,1785852833126127226,78075895237209,96394676709,0
/control/command/control_cmd,96394676709,1785852833126426122,78075895535929,96394676709,80
/localization/kinematic_state,96444676710,1785852833177964289,78075947074084,96444676710,0
/control/command/control_cmd,96444676710,1785852833177978700,78075947088320,96444676710,80
/sensing/lidar/top/pointcloud_raw_ex,96444676710,1785852833181536473,78075950646395,96444676710,239640
/localization/pose_estimator/pose_with_covariance,96444676710,1785852833184719980,78075953829875,96444676710,0
/localization/kinematic_state,96494676711,1785852833226361512,78075995471358,96494676711,0
/control/command/control_cmd,96494676711,1785852833227120127,78075996229882,96494676711,80
/control/command/control_cmd,96544676711,1785852833275597769,78076044707829,96544676711,80
/localization/kinematic_state,96544676711,1785852833275844831,78076044954610,96544676711,0
/sensing/lidar/top/pointcloud_raw_ex,96544676711,1785852833280857879,78076049967727,96544676711,239832
/localization/pose_estimator/pose_with_covariance,96544676711,1785852833283575894,78076052685746,96544676711,0
/localization/kinematic_state,96594676712,1785852833325866544,78076094976307,96594676712,0
/control/command/control_cmd,96594676712,1785852833325884077,78076094993698,96594676712,80
/localization/kinematic_state,96644676713,1785852833375719893,78076144829754,96644676713,0
/control/command/control_cmd,96644676713,1785852833376252471,78076145362281,96644676713,80
/sensing/lidar/top/pointcloud_raw_ex,96644676713,1785852833381339701,78076150449774,96644676713,241112
/localization/pose_estimator/pose_with_covariance,96644676713,1785852833384112299,78076153222191,96644676713,0
/localization/kinematic_state,96694676714,1785852833426073333,78076195183207,96694676714,0
/control/command/control_cmd,96694676714,1785852833427157570,78076196287356,96694676714,80
/localization/kinematic_state,96744676714,1785852833475561053,78076244670819,96744676714,0
/control/command/control_cmd,96744676714,1785852833476784394,78076245894435,96744676714,80
/sensing/lidar/top/pointcloud_raw_ex,96744676714,1785852833480609558,78076249720197,96744676714,241432
/localization/pose_estimator/pose_with_covariance,96744676714,1785852833483859020,78076252968972,96744676714,0
/control/command/control_cmd,96794676715,1785852833526147330,78076295257249,96794676715,80
/localization/kinematic_state,96794676715,1785852833527116780,78076296226524,96794676715,0
/localization/kinematic_state,96844676716,1785852833576666083,78076345776111,96844676716,0
/control/command/control_cmd,96844676716,1785852833576977102,78076346086819,96844676716,80
/sensing/lidar/top/pointcloud_raw_ex,96844676716,1785852833581053236,78076350163093,96844676716,241496
/localization/pose_estimator/pose_with_covariance,96844676716,1785852833584138108,78076353247876,96844676716,0
/localization/kinematic_state,96894676717,1785852833625729119,78076394838919,96894676717,0
/control/command/control_cmd,96894676717,1785852833625934050,78076395043894,96894676717,80
/localization/kinematic_state,96944676717,1785852833675936685,78076445046734,96944676717,0
/control/command/control_cmd,96944676717,1785852833675947702,78076445057311,96944676717,80
/sensing/lidar/top/pointcloud_raw_ex,96944676717,1785852833681374249,78076450484253,96944676717,242040
/localization/pose_estimator/pose_with_covariance,96944676717,1785852833685189907,78076454299835,96944676717,0
/localization/kinematic_state,96994676718,1785852833725636450,78076494746310,96994676718,0
/control/command/control_cmd,96994676718,1785852833725932626,78076495042245,96994676718,80
/localization/kinematic_state,97044676719,1785852833775812078,78076544921938,97044676719,0
/control/command/control_cmd,97044676719,1785852833775855736,78076544965369,97044676719,80
/sensing/lidar/top/pointcloud_raw_ex,97044676719,1785852833782278279,78076551388611,97044676719,238872
/localization/pose_estimator/pose_with_covariance,97044676719,1785852833785288729,78076554398475,97044676719,0
/control/command/control_cmd,97094676720,1785852833825511751,78076594621732,97094676720,80
/localization/kinematic_state,97094676720,1785852833825786604,78076594896395,97094676720,0
/localization/kinematic_state,97144676720,1785852833877278001,78076646388008,97144676720,0
/control/command/control_cmd,97144676720,1785852833877288056,78076646397646,97144676720,80
/sensing/lidar/top/pointcloud_raw_ex,97144676720,1785852833881061614,78076650171550,97144676720,236472
/localization/pose_estimator/pose_with_covariance,97144676720,1785852833884155343,78076653265229,97144676720,0
/localization/kinematic_state,97194676721,1785852833925848632,78076694958521,97194676721,0
/control/command/control_cmd,97194676721,1785852833926935621,78076696045369,97194676721,80
/control/command/control_cmd,97244676722,1785852833975403598,78076744513716,97244676722,80
/localization/kinematic_state,97244676722,1785852833976053128,78076745162889,97244676722,0
/sensing/lidar/top/pointcloud_raw_ex,97244676722,1785852833981266070,78076750376171,97244676722,236152
/localization/pose_estimator/pose_with_covariance,97244676722,1785852833985182478,78076754292446,97244676722,0
/localization/kinematic_state,97294676723,1785852834025928060,78076795038031,97294676723,0
/control/command/control_cmd,97294676723,1785852834025936189,78076795045802,97294676723,80
/control/command/control_cmd,97344676723,1785852834075779498,78076844889485,97344676723,80
/localization/kinematic_state,97344676723,1785852834076051468,78076845161312,97344676723,0
/sensing/lidar/top/pointcloud_raw_ex,97344676723,1785852834080635482,78076849745730,97344676723,241560
/localization/pose_estimator/pose_with_covariance,97344676723,1785852834083645388,78076852755317,97344676723,0
/control/command/control_cmd,97394676724,1785852834126627270,78076895737281,97394676724,80
/localization/kinematic_state,97394676724,1785852834126653544,78076895763153,97394676724,0
/localization/kinematic_state,97444676725,1785852834176636342,78076945746040,97444676725,0
/control/command/control_cmd,97444676725,1785852834176719731,78076945829600,97444676725,80
/sensing/lidar/top/pointcloud_raw_ex,97444676725,1785852834181424631,78076950534713,97444676725,236280
/localization/pose_estimator/pose_with_covariance,97444676725,1785852834184518721,78076953628529,97444676725,0
/localization/kinematic_state,97494676726,1785852834225816195,78076994925951,97494676726,0
/control/command/control_cmd,97494676726,1785852834226046515,78076995156428,97494676726,80
/localization/kinematic_state,97544676726,1785852834275924909,78077045034754,97544676726,0
/control/command/control_cmd,97544676726,1785852834276406544,78077045516392,97544676726,80
/sensing/lidar/top/pointcloud_raw_ex,97544676726,1785852834281030673,78077050140840,97544676726,238424
/localization/pose_estimator/pose_with_covariance,97544676726,1785852834283875445,78077052985300,97544676726,0
/control/command/control_cmd,97594676727,1785852834326271801,78077095381779,97594676727,80
/localization/kinematic_state,97594676727,1785852834326762757,78077095872508,97594676727,0
/localization/kinematic_state,97644676728,1785852834376420128,78077145530245,97644676728,0
/control/command/control_cmd,97644676728,1785852834376430796,78077145540415,97644676728,80
/sensing/lidar/top/pointcloud_raw_ex,97644676728,1785852834381236218,78077150346156,97644676728,238328
/localization/pose_estimator/pose_with_covariance,97644676728,1785852834385057000,78077154166852,97644676728,0
/localization/kinematic_state,97694676729,1785852834426402116,78077195511977,97694676729,0
/control/command/control_cmd,97694676729,1785852834426662560,78077195772381,97694676729,80
/control/command/control_cmd,97744676729,1785852834475560988,78077244671020,97744676729,80
/localization/kinematic_state,97744676729,1785852834475903205,78077245012979,97744676729,0
/sensing/lidar/top/pointcloud_raw_ex,97744676729,1785852834481070323,78077250180469,97744676729,244664
/localization/pose_estimator/pose_with_covariance,97744676729,1785852834483994059,78077253104011,97744676729,0
/localization/kinematic_state,97794676730,1785852834525983349,78077295093181,97794676730,0
/control/command/control_cmd,97794676730,1785852834526207500,78077295317511,97794676730,80
/control/command/control_cmd,97844676731,1785852834575435978,78077344545934,97844676731,80
/localization/kinematic_state,97844676731,1785852834575997919,78077345107679,97844676731,0
/sensing/lidar/top/pointcloud_raw_ex,97844676731,1785852834583400077,78077352510165,97844676731,237688
/localization/pose_estimator/pose_with_covariance,97844676731,1785852834586842546,78077355952237,97844676731,0
/localization/kinematic_state,97894676732,1785852834625967276,78077395077079,97894676732,0
/control/command/control_cmd,97894676732,1785852834626004809,78077395114470,97894676732,80
/control/command/control_cmd,97944676732,1785852834675981775,78077445091747,97944676732,80
/localization/kinematic_state,97944676732,1785852834676421467,78077445531206,97944676732,0
/sensing/lidar/top/pointcloud_raw_ex,97944676732,1785852834681958993,78077451069070,97944676732,240088
/localization/pose_estimator/pose_with_covariance,97944676732,1785852834684932822,78077454042566,97944676732,0
/localization/kinematic_state,97994676733,1785852834726077473,78077495187207,97994676733,0
/control/command/control_cmd,97994676733,1785852834727052700,78077496162495,97994676733,80
/localization/kinematic_state,98044676734,1785852834775850475,78077544960609,98044676734,0
/control/command/control_cmd,98044676734,1785852834776048083,78077545157741,98044676734,80
/sensing/lidar/top/pointcloud_raw_ex,98044676734,1785852834781265238,78077550375222,98044676734,240920
/localization/pose_estimator/pose_with_covariance,98044676734,1785852834784035373,78077553145280,98044676734,0
/control/command/control_cmd,98094676734,1785852834825815791,78077594925686,98094676734,80
/localization/kinematic_state,98094676734,1785852834826052121,78077595161880,98094676734,0
/localization/kinematic_state,98144676735,1785852834875759477,78077644869224,98144676735,0
/control/command/control_cmd,98144676735,1785852834875851722,78077644961409,98144676735,80
/sensing/lidar/top/pointcloud_raw_ex,98144676735,1785852834882111853,78077651222330,98144676735,236888
/localization/pose_estimator/pose_with_covariance,98144676735,1785852834885433124,78077654542963,98144676735,0
/localization/kinematic_state,98194676736,1785852834927049256,78077696159097,98194676736,0
/control/command/control_cmd,98194676736,1785852834927058028,78077696167646,98194676736,80
/localization/kinematic_state,98244676737,1785852834975652030,78077744761789,98244676737,0
/control/command/control_cmd,98244676737,1785852834975993114,78077745102931,98244676737,80
/sensing/lidar/top/pointcloud_raw_ex,98244676737,1785852834981320489,78077750430704,98244676737,243768
/localization/pose_estimator/pose_with_covariance,98244676737,1785852834984403498,78077753513537,98244676737,0
/localization/kinematic_state,98294676737,1785852835025957531,78077795067434,98294676737,0
/control/command/control_cmd,98294676737,1785852835026019004,78077795128878,98294676737,80
/localization/kinematic_state,98344676738,1785852835077074457,78077846184781,98344676738,0
/control/command/control_cmd,98344676738,1785852835077092615,78077846202373,98344676738,80
/sensing/lidar/top/pointcloud_raw_ex,98344676738,1785852835081287086,78077850397334,98344676738,242008
/localization/pose_estimator/pose_with_covariance,98344676738,1785852835084462035,78077853571739,98344676738,0
/localization/kinematic_state,98394676739,1785852835125616686,78077894726462,98394676739,0
/control/command/control_cmd,98394676739,1785852835126589145,78077895698921,98394676739,80
/localization/kinematic_state,98444676740,1785852835175679272,78077944789255,98444676740,0
/control/command/control_cmd,98444676740,1785852835176676475,78077945786479,98444676740,80
/sensing/lidar/top/pointcloud_raw_ex,98444676740,1785852835181386591,78077950496663,98444676740,235800
/localization/pose_estimator/pose_with_covariance,98444676740,1785852835184307223,78077953416993,98444676740,0
/control/command/control_cmd,98494676740,1785852835225998078,78077995108208,98494676740,80
/localization/kinematic_state,98494676740,1785852835226034861,78077995144501,98494676740,0
/localization/kinematic_state,98544676741,1785852835275809183,78078044918952,98544676741,0
/control/command/control_cmd,98544676741,1785852835276499384,78078045609271,98544676741,80
/sensing/lidar/top/pointcloud_raw_ex,98544676741,1785852835280734289,78078049844408,98544676741,237016
/localization/pose_estimator/pose_with_covariance,98544676741,1785852835283262931,78078052372711,98544676741,0
/localization/kinematic_state,98594676742,1785852835325695647,78078094805622,98594676742,0
/control/command/control_cmd,98594676742,1785852835325970327,78078095080114,98594676742,80
/control/command/control_cmd,98644676743,1785852835376465754,78078145575705,98644676743,80
/localization/kinematic_state,98644676743,1785852835376495204,78078145604841,98644676743,0
/sensing/lidar/top/pointcloud_raw_ex,98644676743,1785852835380720832,78078149830845,98644676743,241272
/localization/pose_estimator/pose_with_covariance,98644676743,1785852835383504634,78078152614591,98644676743,0
/control/command/control_cmd,98694676743,1785852835426442263,78078195552267,98694676743,80
/localization/kinematic_state,98694676743,1785852835426778178,78078195887928,98694676743,0
/localization/kinematic_state,98744676744,1785852835476140291,78078245249966,98744676744,0
/control/command/control_cmd,98744676744,1785852835476781246,78078245890995,98744676744,80
/sensing/lidar/top/pointcloud_raw_ex,98744676744,1785852835481950041,78078251060225,98744676744,238040
/localization/pose_estimator/pose_with_covariance,98744676744,1785852835484782470,78078253892356,98744676744,0
/localization/kinematic_state,98794676745,1785852835526011169,78078295120912,98794676745,0
/control/command/control_cmd,98794676745,1785852835526018656,78078295128288,98794676745,80
/localization/kinematic_state,98844676746,1785852835575888427,78078344998518,98844676746,0
/control/command/control_cmd,98844676746,1785852835576038580,78078345148494,98844676746,80
/sensing/lidar/top/pointcloud_raw_ex,98844676746,1785852835583427199,78078352537412,98844676746,238296
/localization/pose_estimator/pose_with_covariance,98844676746,1785852835586341606,78078355451397,98844676746,0
/localization/kinematic_state,98894676746,1785852835626033685,78078395143568,98894676746,0
/control/command/control_cmd,98894676746,1785852835626090151,78078395200039,98894676746,80
/localization/kinematic_state,98944676747,1785852835676049447,78078445159328,98944676747,0
/control/command/control_cmd,98944676747,1785852835676185605,78078445295298,98944676747,80
/sensing/lidar/top/pointcloud_raw_ex,98944676747,1785852835681179953,78078450290194,98944676747,239544
/localization/pose_estimator/pose_with_covariance,98944676747,1785852835684291510,78078453401332,98944676747,0
/localization/kinematic_state,98994676748,1785852835725712270,78078494822032,98994676748,0
/control/command/control_cmd,98994676748,1785852835725874638,78078494984394,98994676748,80
/localization/kinematic_state,99044676749,1785852835776249778,78078545359875,99044676749,0
/control/command/control_cmd,99044676749,1785852835776835428,78078545945378,99044676749,80
/sensing/lidar/top/pointcloud_raw_ex,99044676749,1785852835781433968,78078550543968,99044676749,239832
/localization/pose_estimator/pose_with_covariance,99044676749,1785852835784445482,78078553555248,99044676749,0
/control/command/control_cmd,99094676749,1785852835825467337,78078594577381,99094676749,80
/localization/kinematic_state,99094676749,1785852835825985195,78078595094953,99094676749,0
/control/command/control_cmd,99144676750,1785852835875938617,78078645048381,99144676750,80
/localization/kinematic_state,99144676750,1785852835877928119,78078647037866,99144676750,0
/sensing/lidar/top/pointcloud_raw_ex,99144676750,1785852835881026870,78078650136857,99144676750,238232
/localization/pose_estimator/pose_with_covariance,99144676750,1785852835884019199,78078653129133,99144676750,0
/control/command/control_cmd,99194676751,1785852835926204422,78078695314389,99194676751,80
/localization/kinematic_state,99194676751,1785852835926822824,78078695932470,99194676751,0
/control/command/control_cmd,99244676752,1785852835975976882,78078745086791,99244676752,80
/localization/kinematic_state,99244676752,1785852835977287021,78078746396832,99244676752,0
/sensing/lidar/top/pointcloud_raw_ex,99244676752,1785852835982586857,78078751697057,99244676752,238520
/localization/pose_estimator/pose_with_covariance,99244676752,1785852835985464126,78078754573880,99244676752,0
/localization/kinematic_state,99294676752,1785852836025995048,78078795104893,99294676752,0
/control/command/control_cmd,99294676752,1785852836026326317,78078795436158,99294676752,80
/localization/kinematic_state,99344676753,1785852836075341485,78078844451257,99344676753,0
/control/command/control_cmd,99344676753,1785852836075720384,78078844830144,99344676753,80
/sensing/lidar/top/pointcloud_raw_ex,99344676753,1785852836081488091,78078850598051,99344676753,237368
/localization/pose_estimator/pose_with_covariance,99344676753,1785852836084366917,78078853476761,99344676753,0
/localization/kinematic_state,99394676754,1785852836125783375,78078894893129,99394676754,0
/control/command/control_cmd,99394676754,1785852836126770802,78078895880558,99394676754,80
/control/command/control_cmd,99444676755,1785852836175946838,78078945056854,99444676755,80
/localization/kinematic_state,99444676755,1785852836177781347,78078946891197,99444676755,0
/sensing/lidar/top/pointcloud_raw_ex,99444676755,1785852836181309828,78078950419910,99444676755,240664
/localization/pose_estimator/pose_with_covariance,99444676755,1785852836184379871,78078953489867,99444676755,0
/control/command/control_cmd,99494676755,1785852836226205990,78078995315909,99494676755,80
/localization/kinematic_state,99494676755,1785852836226605916,78078995715814,99494676755,0
/control/command/control_cmd,99544676756,1785852836275441527,78079044551491,99544676756,80
/localization/kinematic_state,99544676756,1785852836276240547,78079045350309,99544676756,0
/sensing/lidar/top/pointcloud_raw_ex,99544676756,1785852836281114117,78079050224050,99544676756,235768
/localization/pose_estimator/pose_with_covariance,99544676756,1785852836284163624,78079053273498,99544676756,0
/localization/kinematic_state,99594676757,1785852836326938776,78079096048660,99594676757,0
/control/command/control_cmd,99594676757,1785852836326951988,78079096061614,99594676757,80
/localization/kinematic_state,99644676758,1785852836375744406,78079144854147,99644676758,0
/control/command/control_cmd,99644676758,1785852836376099913,78079145209780,99644676758,80
/sensing/lidar/top/pointcloud_raw_ex,99644676758,1785852836383078501,78079152188498,99644676758,239256
/localization/pose_estimator/pose_with_covariance,99644676758,1785852836386148663,78079155258697,99644676758,0
/localization/kinematic_state,99694676758,1785852836425996455,78079195106227,99694676758,0
/control/command/control_cmd,99694676758,1785852836426283152,78079195392994,99694676758,80
/localization/kinematic_state,99744676759,1785852836476278827,78079245388968,99744676759,0
/control/command/control_cmd,99744676759,1785852836476351844,78079245461503,99744676759,80
/sensing/lidar/top/pointcloud_raw_ex,99744676759,1785852836481217727,78079250327636,99744676759,238360
/localization/pose_estimator/pose_with_covariance,99744676759,1785852836484835734,78079253945579,99744676759,0
/localization/kinematic_state,99794676760,1785852836525937766,78079295047490,99794676760,0
/control/command/control_cmd,99794676760,1785852836526552124,78079295661942,99794676760,80
/control/command/control_cmd,99844676761,1785852836577208076,78079346318307,99844676761,80
/localization/kinematic_state,99844676761,1785852836578116186,78079347226060,99844676761,0
/sensing/lidar/top/pointcloud_raw_ex,99844676761,1785852836581359816,78079350469797,99844676761,239736
/localization/pose_estimator/pose_with_covariance,99844676761,1785852836584538480,78079353648287,99844676761,0
/control/command/control_cmd,99894676761,1785852836626301973,78079395411965,99894676761,80
/localization/kinematic_state,99894676761,1785852836626331689,78079395441317,99894676761,0
/localization/kinematic_state,99944676762,1785852836675927520,78079445037252,99944676762,0
/control/command/control_cmd,99944676762,1785852836675934567,78079445044172,99944676762,80
/sensing/lidar/top/pointcloud_raw_ex,99944676762,1785852836681370322,78079450480310,99944676762,236888
/localization/pose_estimator/pose_with_covariance,99944676762,1785852836684935446,78079454045367,99944676762,0
/localization/kinematic_state,99994676763,1785852836726233414,78079495343270,99994676763,0
/control/command/control_cmd,99994676763,1785852836726243902,78079495353507,99994676763,80
/control/command/control_cmd,100044676764,1785852836775968333,78079545078269,100044676764,80
/localization/kinematic_state,100044676764,1785852836776001580,78079545111213,100044676764,0
/sensing/lidar/top/pointcloud_raw_ex,100044676764,1785852836781391243,78079550501625,100044676764,239704
/localization/pose_estimator/pose_with_covariance,100044676764,1785852836785398148,78079554508147,100044676764,0
/localization/kinematic_state,100094676764,1785852836825578184,78079594687930,100094676764,0
/control/command/control_cmd,100094676764,1785852836825882721,78079594992474,100094676764,80
/control/command/control_cmd,100144676765,1785852836875717809,78079644827738,100144676765,80
/localization/kinematic_state,100144676765,1785852836875850506,78079644960163,100144676765,0
/sensing/lidar/top/pointcloud_raw_ex,100144676765,1785852836881137725,78079650247829,100144676765,237752
/localization/pose_estimator/pose_with_covariance,100144676765,1785852836884275478,78079653385423,100144676765,0
/control/command/control_cmd,100194676766,1785852836926020258,78079695130290,100194676766,80
/localization/kinematic_state,100194676766,1785852836926582950,78079695692620,100194676766,0
/localization/kinematic_state,100244676767,1785852836975934468,78079745044422,100244676767,0
/control/command/control_cmd,100244676767,1785852836976342647,78079745452471,100244676767,80
/sensing/lidar/top/pointcloud_raw_ex,100244676767,1785852836981703418,78079750813452,100244676767,237240
/localization/pose_estimator/pose_with_covariance,100244676767,1785852836986443291,78079755553228,100244676767,0
/control/command/control_cmd,100294676767,1785852837026175498,78079795285433,100294676767,80
/localization/kinematic_state,100294676767,1785852837026205017,78079795314618,100294676767,0
/localization/kinematic_state,100344676768,1785852837075828131,78079844938021,100344676768,0
/control/command/control_cmd,100344676768,1785852837076905606,78079846015417,100344676768,80
/sensing/lidar/top/pointcloud_raw_ex,100344676768,1785852837080776613,78079849886511,100344676768,238424
/localization/pose_estimator/pose_with_covariance,100344676768,1785852837083935615,78079853045375,100344676768,0
/localization/kinematic_state,100394676769,1785852837125713896,78079894823769,100394676769,0
/control/command/control_cmd,100394676769,1785852837126153376,78079895263412,100394676769,80
/localization/kinematic_state,100444676770,1785852837175704850,78079944814637,100444676770,0
/control/command/control_cmd,100444676770,1785852837175881425,78079944991186,100444676770,80
/sensing/lidar/top/pointcloud_raw_ex,100444676770,1785852837182808796,78079951919034,100444676770,238808
/localization/pose_estimator/pose_with_covariance,100444676770,1785852837186944772,78079956054522,100444676770,0
/localization/kinematic_state,100494676770,1785852837225774065,78079994883927,100494676770,0
/control/command/control_cmd,100494676770,1785852837226840773,78079995950511,100494676770,80
/localization/kinematic_state,100544676771,1785852837275973103,78080045082865,100544676771,0
/control/command/control_cmd,100544676771,1785852837276363056,78080045472862,100544676771,80
/sensing/lidar/top/pointcloud_raw_ex,100544676771,1785852837281289648,78080050399757,100544676771,239960
/localization/pose_estimator/pose_with_covariance,100544676771,1785852837284445355,78080053555058,100544676771,0
/localization/kinematic_state,100594676772,1785852837326382539,78080095492319,100594676772,0
/control/command/control_cmd,100594676772,1785852837326398280,78080095507901,100594676772,80
/localization/kinematic_state,100644676772,1785852837375864705,78080144974778,100644676772,0
/control/command/control_cmd,100644676772,1785852837377742441,78080146852296,100644676772,80
/sensing/lidar/top/pointcloud_raw_ex,100644676772,1785852837381261541,78080150371398,100644676772,240600
/localization/pose_estimator/pose_with_covariance,100644676772,1785852837384439643,78080153549610,100644676772,0
/localization/kinematic_state,100694676773,1785852837426441679,78080195551654,100694676773,0
/control/command/control_cmd,100694676773,1785852837426456641,78080195566284,100694676773,80
/control/command/control_cmd,100744676774,1785852837476266398,78080245376348,100744676774,80
/localization/kinematic_state,100744676774,1785852837476354431,78080245464302,100744676774,0
/sensing/lidar/top/pointcloud_raw_ex,100744676774,1785852837481569308,78080250679501,100744676774,238424
/localization/pose_estimator/pose_with_covariance,100744676774,1785852837484541716,78080253651507,100744676774,0
/localization/kinematic_state,100794676775,1785852837526070814,78080295180580,100794676775,0
/control/command/control_cmd,100794676775,1785852837526085357,78080295194980,100794676775,80
/localization/kinematic_state,100844676775,1785852837575846903,78080344956666,100844676775,0
/control/command/control_cmd,100844676775,1785852837576297485,78080345407358,100844676775,80
/sensing/lidar/top/pointcloud_raw_ex,100844676775,1785852837581668025,78080350778055,100844676775,237144
/localization/pose_estimator/pose_with_covariance,100844676775,1785852837584861450,78080353971428,100844676775,0
/localization/kinematic_state,100894676776,1785852837626618224,78080395728222,100894676776,0
/control/command/control_cmd,100894676776,1785852837626630646,78080395740283,100894676776,80
/control/command/control_cmd,100944676777,1785852837676085981,78080445196153,100944676777,80
/localization/kinematic_state,100944676777,1785852837676788947,78080445898695,100944676777,0
/sensing/lidar/top/pointcloud_raw_ex,100944676777,1785852837681610803,78080450721008,100944676777,237624
/localization/pose_estimator/pose_with_covariance,100944676777,1785852837684846141,78080453955864,100944676777,0
/localization/kinematic_state,100994676778,1785852837725983221,78080495093093,100994676778,0
/control/command/control_cmd,100994676778,1785852837727316801,78080496426719,100994676778,80
/localization/kinematic_state,101044676778,1785852837776462401,78080545572248,101044676778,0
/control/command/control_cmd,101044676778,1785852837776526352,78080545636211,101044676778,80
/sensing/lidar/top/pointcloud_raw_ex,101044676778,1785852837781573127,78080550683308,101044676778,236696
/localization/pose_estimator/pose_with_covariance,101044676778,1785852837784545034,78080553654708,101044676778,0
/localization/kinematic_state,101094676779,1785852837826054786,78080595164632,101094676779,0
/control/command/control_cmd,101094676779,1785852837827080433,78080596190252,101094676779,80
/localization/kinematic_state,101144676780,1785852837875884908,78080644995192,101144676780,0
/control/command/control_cmd,101144676780,1785852837876225640,78080645335493,101144676780,80
/sensing/lidar/top/pointcloud_raw_ex,101144676780,1785852837881795366,78080650905809,101144676780,237496
/localization/pose_estimator/pose_with_covariance,101144676780,1785852837885729510,78080654839574,101144676780,0
/control/command/control_cmd,101194676781,1785852837925752143,78080694862079,101194676781,80
/localization/kinematic_state,101194676781,1785852837925880477,78080694990210,101194676781,0
/localization/kinematic_state,101244676781,1785852837975971226,78080745080959,101244676781,0
/control/command/control_cmd,101244676781,1785852837976913903,78080746023820,101244676781,80
/sensing/lidar/top/pointcloud_raw_ex,101244676781,1785852837981971003,78080751081057,101244676781,239160
/localization/pose_estimator/pose_with_covariance,101244676781,1785852837985121146,78080754231139,101244676781,0
/localization/kinematic_state,101294676782,1785852838025905057,78080795014793,101294676782,0
/control/command/control_cmd,101294676782,1785852838026295041,78080795404951,101294676782,80
/control/command/control_cmd,101344676783,1785852838075876358,78080844986340,101344676783,80
/localization/kinematic_state,101344676783,1785852838075997296,78080845106937,101344676783,0
/sensing/lidar/top/pointcloud_raw_ex,101344676783,1785852838081273107,78080850383032,101344676783,238712
/localization/pose_estimator/pose_with_covariance,101344676783,1785852838084379608,78080853489399,101344676783,0
/control/command/control_cmd,101394676784,1785852838126717486,78080895827404,101394676784,80
/localization/kinematic_state,101394676784,1785852838126798702,78080895908496,101394676784,0
/localization/kinematic_state,101444676784,1785852838176520309,78080945630175,101444676784,0
/control/command/control_cmd,101444676784,1785852838177920082,78080947030050,101444676784,80
/sensing/lidar/top/pointcloud_raw_ex,101444676784,1785852838182628541,78080951738777,101444676784,236408
/localization/pose_estimator/pose_with_covariance,101444676784,1785852838185695631,78080954805371,101444676784,0
/localization/kinematic_state,101494676785,1785852838226214200,78080995324238,101494676785,0
/control/command/control_cmd,101494676785,1785852838226544809,78080995654644,101494676785,80
/control/command/control_cmd,101544676786,1785852838275804038,78081044913971,101544676786,80
/localization/kinematic_state,101544676786,1785852838276187262,78081045297129,101544676786,0
/sensing/lidar/top/pointcloud_raw_ex,101544676786,1785852838281199074,78081050309020,101544676786,240472
/localization/pose_estimator/pose_with_covariance,101544676786,1785852838284979404,78081054089371,101544676786,0
/localization/kinematic_state,101594676787,1785852838325645641,78081094755400,101594676787,0
/control/command/control_cmd,101594676787,1785852838326622994,78081095732835,101594676787,80
/localization/kinematic_state,101644676787,1785852838375789907,78081144899804,101644676787,0
/control/command/control_cmd,101644676787,1785852838375799263,78081144908867,101644676787,80
/sensing/lidar/top/pointcloud_raw_ex,101644676787,1785852838381293242,78081150403280,101644676787,237752
/localization/pose_estimator/pose_with_covariance,101644676787,1785852838384294978,78081153404804,101644676787,0
/localization/kinematic_state,101694676788,1785852838427213238,78081196323305,101694676788,0
/control/command/control_cmd,101694676788,1785852838427226689,78081196336393,101694676788,80
/localization/kinematic_state,101744676789,1785852838476114814,78081245224669,101744676789,0
/control/command/control_cmd,101744676789,1785852838476666323,78081245776179,101744676789,80
/sensing/lidar/top/pointcloud_raw_ex,101744676789,1785852838481986175,78081251096262,101744676789,239000
/localization/pose_estimator/pose_with_covariance,101744676789,1785852838485023796,78081254133580,101744676789,0
/localization/kinematic_state,101794676790,1785852838526127922,78081295237872,101794676790,0
/control/command/control_cmd,101794676790,1785852838526148059,78081295257726,101794676790,80
/localization/kinematic_state,101844676790,1785852838575726274,78081344836158,101844676790,0
/control/command/control_cmd,101844676790,1785852838576065332,78081345175225,101844676790,80
/sensing/lidar/top/pointcloud_raw_ex,101844676790,1785852838581051689,78081350162015,101844676790,240664
/localization/pose_estimator/pose_with_covariance,101844676790,1785852838583960641,78081353070543,101844676790,0
/localization/kinematic_state,101894676791,1785852838625795496,78081394905211,101894676791,0
/control/command/control_cmd,101894676791,1785852838626337283,78081395447084,101894676791,80
/localization/kinematic_state,101944676792,1785852838675902409,78081445012521,101944676792,0
/control/command/control_cmd,101944676792,1785852838676499275,78081445609142,101944676792,80
/sensing/lidar/top/pointcloud_raw_ex,101944676792,1785852838680576430,78081449686287,101944676792,235960
/localization/pose_estimator/pose_with_covariance,101944676792,1785852838683572861,78081452682716,101944676792,0
/control/command/control_cmd,101994676793,1785852838726524269,78081495634219,101994676793,80
/localization/kinematic_state,101994676793,1785852838726551309,78081495660935,101994676793,0
/control/command/control_cmd,102044676793,1785852838776942722,78081546052821,102044676793,80
/localization/kinematic_state,102044676793,1785852838776977592,78081546087224,102044676793,0
/sensing/lidar/top/pointcloud_raw_ex,102044676793,1785852838781366957,78081550476839,102044676793,239128
/localization/pose_estimator/pose_with_covariance,102044676793,1785852838784452778,78081553562625,102044676793,0
/localization/kinematic_state,102094676794,1785852838825973466,78081595083463,102094676794,0
/control/command/control_cmd,102094676794,1785852838826284184,78081595394015,102094676794,80
/localization/kinematic_state,102144676795,1785852838875301626,78081644411342,102144676795,0
/control/command/control_cmd,102144676795,1785852838876142518,78081645252451,102144676795,80
/sensing/lidar/top/pointcloud_raw_ex,102144676795,1785852838882415617,78081651525845,102144676795,236728
/localization/pose_estimator/pose_with_covariance,102144676795,1785852838885583581,78081654693302,102144676795,0
/localization/kinematic_state,102194676796,1785852838925799849,78081694909880,102194676796,0
/control/command/control_cmd,102194676796,1785852838925898328,78081695008000,102194676796,80
/localization/kinematic_state,102244676796,1785852838975964354,78081745074329,102244676796,0
/control/command/control_cmd,102244676796,1785852838975977895,78081745087557,102244676796,80
/sensing/lidar/top/pointcloud_raw_ex,102244676796,1785852838981281485,78081750391671,102244676796,239224
/localization/pose_estimator/pose_with_covariance,102244676796,1785852838984290962,78081753400869,102244676796,0
/control/command/control_cmd,102294676797,1785852839025875076,78081794985397,102294676797,80
/localization/kinematic_state,102294676797,1785852839026012451,78081795122244,102294676797,0
/localization/kinematic_state,102344676798,1785852839075250897,78081844360802,102344676798,0
/control/command/control_cmd,102344676798,1785852839075595613,78081844705283,102344676798,80
/sensing/lidar/top/pointcloud_raw_ex,102344676798,1785852839081010815,78081850120832,102344676798,239096
/localization/pose_estimator/pose_with_covariance,102344676798,1785852839085064913,78081854174780,102344676798,0
/control/command/control_cmd,102394676799,1785852839126420291,78081895530491,102394676799,80
/localization/kinematic_state,102394676799,1785852839126471190,78081895580811,102394676799,0
/localization/kinematic_state,102444676799,1785852839176078260,78081945188412,102444676799,0
/control/command/control_cmd,102444676799,1785852839176097440,78081945207076,102444676799,80
/sensing/lidar/top/pointcloud_raw_ex,102444676799,1785852839180875132,78081949985453,102444676799,241048
/localization/pose_estimator/pose_with_covariance,102444676799,1785852839183902228,78081953011985,102444676799,0
/localization/kinematic_state,102494676800,1785852839225939847,78081995049680,102494676800,0
/control/command/control_cmd,102494676800,1785852839226434926,78081995544686,102494676800,80
/localization/kinematic_state,102544676801,1785852839275873977,78082044983992,102544676801,0
/control/command/control_cmd,102544676801,1785852839275882683,78082044992287,102544676801,80
/sensing/lidar/top/pointcloud_raw_ex,102544676801,1785852839282297769,78082051407968,102544676801,238008
/localization/pose_estimator/pose_with_covariance,102544676801,1785852839285329383,78082054439318,102544676801,0
/localization/kinematic_state,102594676802,1785852839325992947,78082095102751,102594676802,0
/control/command/control_cmd,102594676802,1785852839326997831,78082096107771,102594676802,80
/control/command/control_cmd,102644676802,1785852839376072940,78082145183007,102644676802,80
/localization/kinematic_state,102644676802,1785852839376222117,78082145331911,102644676802,0
/sensing/lidar/top/pointcloud_raw_ex,102644676802,1785852839381240449,78082150350769,102644676802,240408
/localization/pose_estimator/pose_with_covariance,102644676802,1785852839384622817,78082153732703,102644676802,0
/control/command/control_cmd,102694676803,1785852839425953008,78082195063144,102694676803,80
/localization/kinematic_state,102694676803,1785852839426279020,78082195388821,102694676803,0
/localization/kinematic_state,102744676804,1785852839475385929,78082244495683,102744676804,0
/control/command/control_cmd,102744676804,1785852839476469931,78082245579867,102744676804,80
/sensing/lidar/top/pointcloud_raw_ex,102744676804,1785852839480635865,78082249746178,102744676804,239320
/localization/pose_estimator/pose_with_covariance,102744676804,1785852839483941175,78082253051109,102744676804,0
/control/command/control_cmd,102794676805,1785852839525785292,78082294895227,102794676805,80
/localization/kinematic_state,102794676805,1785852839526558473,78082295668251,102794676805,0
/localization/kinematic_state,102844676805,1785852839575793769,78082344903754,102844676805,0
/control/command/control_cmd,102844676805,1785852839578425859,78082347535734,102844676805,80
/sensing/lidar/top/pointcloud_raw_ex,102844676805,1785852839580624565,78082349734294,102844676805,236344
/localization/pose_estimator/pose_with_covariance,102844676805,1785852839583654607,78082352764444,102844676805,0
/localization/kinematic_state,102894676806,1785852839625722426,78082394832294,102894676806,0
/control/command/control_cmd,102894676806,1785852839626933236,78082396043167,102894676806,80
/localization/kinematic_state,102944676807,1785852839675972807,78082445082942,102944676807,0
/control/command/control_cmd,102944676807,1785852839676265799,78082445375497,102944676807,80
/sensing/lidar/top/pointcloud_raw_ex,102944676807,1785852839681094980,78082450205028,102944676807,238936
/localization/pose_estimator/pose_with_covariance,102944676807,1785852839683918229,78082453028097,102944676807,0
/localization/kinematic_state,102994676808,1785852839725863103,78082494972853,102994676808,0
/control/command/control_cmd,102994676808,1785852839726278066,78082495387931,102994676808,80
/localization/kinematic_state,103044676808,1785852839775574478,78082544684246,103044676808,0
/control/command/control_cmd,103044676808,1785852839777186770,78082546296816,103044676808,80
/sensing/lidar/top/pointcloud_raw_ex,103044676808,1785852839781205634,78082550315562,103044676808,236312
/localization/pose_estimator/pose_with_covariance,103044676808,1785852839784062314,78082553172343,103044676808,0
/localization/kinematic_state,103094676809,1785852839826245590,78082595355320,103094676809,0
/control/command/control_cmd,103094676809,1785852839826255720,78082595365374,103094676809,80
/control/command/control_cmd,103144676810,1785852839876321776,78082645431654,103144676810,80
/localization/kinematic_state,103144676810,1785852839876631390,78082645741129,103144676810,0
/sensing/lidar/top/pointcloud_raw_ex,103144676810,1785852839882247673,78082651357987,103144676810,236664
/localization/pose_estimator/pose_with_covariance,103144676810,1785852839885536706,78082654646611,103144676810,0
/localization/kinematic_state,103194676810,1785852839925968900,78082695078685,103194676810,0
/control/command/control_cmd,103194676810,1785852839926338399,78082695448284,103194676810,80
/localization/kinematic_state,103244676811,1785852839975676444,78082744786411,103244676811,0
/control/command/control_cmd,103244676811,1785852839976631410,78082745741324,103244676811,80
/sensing/lidar/top/pointcloud_raw_ex,103244676811,1785852839981441968,78082750552240,103244676811,239032
/localization/pose_estimator/pose_with_covariance,103244676811,1785852839984546781,78082753656623,103244676811,0
/control/command/control_cmd,103294676812,1785852840025502378,78082794612226,103294676812,80
/localization/kinematic_state,103294676812,1785852840025802522,78082794912249,103294676812,0
/localization/kinematic_state,103344676813,1785852840075533721,78082844643857,103344676813,0
/control/command/control_cmd,103344676813,1785852840075698352,78082844808219,103344676813,80
/sensing/lidar/top/pointcloud_raw_ex,103344676813,1785852840081526319,78082850636325,103344676813,238968
/localization/pose_estimator/pose_with_covariance,103344676813,1785852840084863356,78082853973272,103344676813,0
/localization/kinematic_state,103394676813,1785852840125925593,78082895035397,103394676813,0
/control/command/control_cmd,103394676813,1785852840126429950,78082895539850,103394676813,80
/localization/kinematic_state,103444676814,1785852840176172862,78082945282895,103444676814,0
/control/command/control_cmd,103444676814,1785852840176214621,78082945324234,103444676814,80
/sensing/lidar/top/pointcloud_raw_ex,103444676814,1785852840181634986,78082950745034,103444676814,241304
/localization/pose_estimator/pose_with_covariance,103444676814,1785852840184703626,78082953813355,103444676814,0
/localization/kinematic_state,103494676815,1785852840225969730,78082995079608,103494676815,0
/control/command/control_cmd,103494676815,1785852840226161974,78082995271788,103494676815,80
/localization/kinematic_state,103544676816,1785852840275896847,78083045006800,103544676816,0
/control/command/control_cmd,103544676816,1785852840276764111,78083045873983,103544676816,80
/sensing/lidar/top/pointcloud_raw_ex,103544676816,1785852840281072201,78083050182549,103544676816,237528
/localization/pose_estimator/pose_with_covariance,103544676816,1785852840283940910,78083053050662,103544676816,0
/localization/kinematic_state,103594676816,1785852840325756660,78083094866518,103594676816,0
/control/command/control_cmd,103594676816,1785852840326236986,78083095346882,103594676816,80
/localization/kinematic_state,103644676817,1785852840375641939,78083144751633,103644676817,0
/control/command/control_cmd,103644676817,1785852840376646126,78083145755962,103644676817,80
/sensing/lidar/top/pointcloud_raw_ex,103644676817,1785852840381651127,78083150761220,103644676817,243576
/localization/pose_estimator/pose_with_covariance,103644676817,1785852840385524274,78083154634028,103644676817,0
/localization/kinematic_state,103694676818,1785852840425739342,78083194849324,103694676818,0
/control/command/control_cmd,103694676818,1785852840426257727,78083195367544,103694676818,80
/localization/kinematic_state,103744676819,1785852840476336910,78083245481078,103744676819,0
/control/command/control_cmd,103744676819,1785852840477626344,78083246736297,103744676819,80
/sensing/lidar/top/pointcloud_raw_ex,103744676819,1785852840481096109,78083250206319,103744676819,237912
/localization/pose_estimator/pose_with_covariance,103744676819,1785852840484041960,78083253151792,103744676819,0
/localization/kinematic_state,103794676819,1785852840526153485,78083295263298,103794676819,0
/control/command/control_cmd,103794676819,1785852840526190654,78083295300253,103794676819,80
/localization/kinematic_state,103844676820,1785852840575863498,78083344973253,103844676820,0
/control/command/control_cmd,103844676820,1785852840576272749,78083345382653,103844676820,80
/sensing/lidar/top/pointcloud_raw_ex,103844676820,1785852840581552855,78083350662806,103844676820,236408
/localization/pose_estimator/pose_with_covariance,103844676820,1785852840584615671,78083353725703,103844676820,0
/control/command/control_cmd,103894676821,1785852840625803520,78083394913429,103894676821,80
/localization/kinematic_state,103894676821,1785852840627178261,78083396288005,103894676821,0
/localization/kinematic_state,103944676822,1785852840675662185,78083444772140,103944676822,0
/control/command/control_cmd,103944676822,1785852840676446988,78083445556946,103944676822,80
/sensing/lidar/top/pointcloud_raw_ex,103944676822,1785852840681693507,78083450803822,103944676822,237912
/localization/pose_estimator/pose_with_covariance,103944676822,1785852840684761206,78083453871092,103944676822,0
/localization/kinematic_state,103994676822,1785852840725771875,78083494881712,103994676822,0
/control/command/control_cmd,103994676822,1785852840726055185,78083495165073,103994676822,80
/localization/kinematic_state,104044676823,1785852840775718466,78083544828319,104044676823,0
/control/command/control_cmd,104044676823,1785852840776910637,78083546020456,104044676823,80
/sensing/lidar/top/pointcloud_raw_ex,104044676823,1785852840781841619,78083550951608,104044676823,238136
/localization/pose_estimator/pose_with_covariance,104044676823,1785852840784793642,78083553903367,104044676823,0
/control/command/control_cmd,104094676824,1785852840825869807,78083594979742,104094676824,80
/localization/kinematic_state,104094676824,1785852840826073064,78083595182783,104094676824,0
/localization/kinematic_state,104144676825,1785852840876285619,78083645395590,104144676825,0
/control/command/control_cmd,104144676825,1785852840876447438,78083645557349,104144676825,80
/sensing/lidar/top/pointcloud_raw_ex,104144676825,1785852840882313679,78083651423617,104144676825,239544
/localization/pose_estimator/pose_with_covariance,104144676825,1785852840885453036,78083654562970,104144676825,0
/localization/kinematic_state,104194676825,1785852840926098610,78083695208609,104194676825,0
/control/command/control_cmd,104194676825,1785852840926260658,78083695370562,104194676825,80
/localization/kinematic_state,104244676826,1785852840975933151,78083745043021,104244676826,0
/control/command/control_cmd,104244676826,1785852840975991529,78083745101178,104244676826,80
/sensing/lidar/top/pointcloud_raw_ex,104244676826,1785852840981307049,78083750417155,104244676826,240280
/localization/pose_estimator/pose_with_covariance,104244676826,1785852840984478353,78083753588230,104244676826,0
/localization/kinematic_state,104294676827,1785852841025856186,78083794966011,104294676827,0
/control/command/control_cmd,104294676827,1785852841026277217,78083795387153,104294676827,80
/localization/kinematic_state,104344676828,1785852841076096906,78083845207084,104344676828,0
/control/command/control_cmd,104344676828,1785852841076111560,78083845221194,104344676828,80
/sensing/lidar/top/pointcloud_raw_ex,104344676828,1785852841081343022,78083850453055,104344676828,238776
/localization/pose_estimator/pose_with_covariance,104344676828,1785852841084428193,78083853538024,104344676828,0
/control/command/control_cmd,104394676828,1785852841125536228,78083894646166,104394676828,80
/localization/kinematic_state,104394676828,1785852841125710071,78083894819808,104394676828,0
/control/command/control_cmd,104444676829,1785852841176201257,78083945311270,104444676829,80
/localization/kinematic_state,104444676829,1785852841176236852,78083945346487,104444676829,0
/sensing/lidar/top/pointcloud_raw_ex,104444676829,1785852841180925586,78083950035599,104444676829,237944
/localization/pose_estimator/pose_with_covariance,104444676829,1785852841183951239,78083953061213,104444676829,0
/localization/kinematic_state,104494676830,1785852841226609732,78083995719788,104494676830,0
/control/command/control_cmd,104494676830,1785852841226618255,78083995727873,104494676830,80
/localization/kinematic_state,104544676831,1785852841276182924,78084045293042,104544676831,0
/control/command/control_cmd,104544676831,1785852841277227326,78084046337211,104544676831,80
/sensing/lidar/top/pointcloud_raw_ex,104544676831,1785852841281510159,78084050620086,104544676831,235416
/localization/pose_estimator/pose_with_covariance,104544676831,1785852841284580392,78084053690271,104544676831,0
/control/command/control_cmd,104594676831,1785852841326002974,78084095113167,104594676831,80
/localization/kinematic_state,104594676831,1785852841326036457,78084095146079,104594676831,0
/localization/kinematic_state,104644676832,1785852841376210675,78084145320469,104644676832,0
/control/command/control_cmd,104644676832,1785852841376437185,78084145547057,104644676832,80
/sensing/lidar/top/pointcloud_raw_ex,104644676832,1785852841381987725,78084151097762,104644676832,236376
/localization/pose_estimator/pose_with_covariance,104644676832,1785852841385524563,78084154634391,104644676832,0
/control/command/control_cmd,104694676833,1785852841425968406,78084195078459,104694676833,80
/localization/kinematic_state,104694676833,1785852841426233517,78084195343342,104694676833,0
/localization/kinematic_state,104744676834,1785852841475967568,78084245077573,104744676834,0
/control/command/control_cmd,104744676834,1785852841475977834,78084245087473,104744676834,80
/sensing/lidar/top/pointcloud_raw_ex,104744676834,1785852841481828620,78084250938633,104744676834,240024
/localization/pose_estimator/pose_with_covariance,104744676834,1785852841484692645,78084253802400,104744676834,0
/localization/kinematic_state,104794676834,1785852841526130589,78084295240555,104794676834,0
/control/command/control_cmd,104794676834,1785852841526148992,78084295258611,104794676834,80
/localization/kinematic_state,104844676835,1785852841576467514,78084345577517,104844676835,0
/control/command/control_cmd,104844676835,1785852841576486856,78084345596469,104844676835,80
/sensing/lidar/top/pointcloud_raw_ex,104844676835,1785852841582352825,78084351463038,104844676835,236984
/localization/pose_estimator/pose_with_covariance,104844676835,1785852841585309945,78084354419771,104844676835,0
/localization/kinematic_state,104894676836,1785852841626040191,78084395150080,104894676836,0
/control/command/control_cmd,104894676836,1785852841626313655,78084395423607,104894676836,80
/control/command/control_cmd,104944676837,1785852841676509651,78084445619582,104944676837,80
/localization/kinematic_state,104944676837,1785852841679053260,78084448163039,104944676837,0
/sensing/lidar/top/pointcloud_raw_ex,104944676837,1785852841682055894,78084451165817,104944676837,239192
/localization/pose_estimator/pose_with_covariance,104944676837,1785852841684851985,78084453961966,104944676837,0
/localization/kinematic_state,104994676837,1785852841726597543,78084495707406,104994676837,0
/control/command/control_cmd,104994676837,1785852841726606416,78084495716027,104994676837,80
/localization/kinematic_state,105044676838,1785852841776639376,78084545749315,105044676838,0
/control/command/control_cmd,105044676838,1785852841776946731,78084546056553,105044676838,80
/sensing/lidar/top/pointcloud_raw_ex,105044676838,1785852841783180985,78084552291084,105044676838,237656
/localization/pose_estimator/pose_with_covariance,105044676838,1785852841786102364,78084555212258,105044676838,0
/localization/kinematic_state,105094676839,1785852841826253159,78084595363101,105094676839,0
/control/command/control_cmd,105094676839,1785852841826262769,78084595372386,105094676839,80
/localization/kinematic_state,105144676840,1785852841875669496,78084644779388,105144676840,0
/control/command/control_cmd,105144676840,1785852841876004697,78084645114484,105144676840,80
/sensing/lidar/top/pointcloud_raw_ex,105144676840,1785852841881672697,78084650782803,105144676840,242584
/localization/pose_estimator/pose_with_covariance,105144676840,1785852841884571436,78084653681268,105144676840,0
/control/command/control_cmd,105194676840,1785852841926752460,78084695862427,105194676840,80
/localization/kinematic_state,105194676840,1785852841926887250,78084695997013,105194676840,0
/localization/kinematic_state,105244676841,1785852841976159985,78084745269818,105244676841,0
/control/command/control_cmd,105244676841,1785852841977818231,78084746928135,105244676841,80
/sensing/lidar/top/pointcloud_raw_ex,105244676841,1785852841981105830,78084750215785,105244676841,236888
/localization/pose_estimator/pose_with_covariance,105244676841,1785852841983946317,78084753056108,105244676841,0
/control/command/control_cmd,105294676842,1785852842026562103,78084795672178,105294676842,80
/localization/kinematic_state,105294676842,1785852842026657747,78084795767366,105294676842,0
/localization/kinematic_state,105344676843,1785852842075699147,78084844809102,105344676843,0
/control/command/control_cmd,105344676843,1785852842077909737,78084847019458,105344676843,80
/sensing/lidar/top/pointcloud_raw_ex,105344676843,1785852842081245173,78084850355163,105344676843,240696
/localization/pose_estimator/pose_with_covariance,105344676843,1785852842084872804,78084853982663,105344676843,0
/localization/kinematic_state,105394676843,1785852842126340500,78084895450394,105394676843,0
/control/command/control_cmd,105394676843,1785852842126766934,78084895876719,105394676843,80
/control/command/control_cmd,105444676844,1785852842176023298,78084945133625,105444676844,80
/localization/kinematic_state,105444676844,1785852842177190965,78084946300748,105444676844,0
/sensing/lidar/top/pointcloud_raw_ex,105444676844,1785852842182897444,78084952007635,105444676844,239608
/localization/pose_estimator/pose_with_covariance,105444676844,1785852842185975461,78084955085336,105444676844,0
/control/command/control_cmd,105494676845,1785852842226231432,78084995341875,105494676845,80
/localization/kinematic_state,105494676845,1785852842226971273,78084996081036,105494676845,0
/localization/kinematic_state,105544676846,1785852842275971814,78085045081983,105544676846,0
/control/command/control_cmd,105544676846,1785852842276086687,78085045196573,105544676846,80
/sensing/lidar/top/pointcloud_raw_ex,105544676846,1785852842281157747,78085050268163,105544676846,241912
/localization/pose_estimator/pose_with_covariance,105544676846,1785852842283914062,78085053023832,105544676846,0
/localization/kinematic_state,105594676846,1785852842326165105,78085095274971,105594676846,0
/control/command/control_cmd,105594676846,1785852842326175604,78085095285239,105594676846,80
/control/command/control_cmd,105644676847,1785852842376500638,78085145610853,105644676847,80
/localization/kinematic_state,105644676847,1785852842376656019,78085145765793,105644676847,0
/sensing/lidar/top/pointcloud_raw_ex,105644676847,1785852842383248675,78085152358769,105644676847,239544
/localization/pose_estimator/pose_with_covariance,105644676847,1785852842385767799,78085154877589,105644676847,0
/localization/kinematic_state,105694676848,1785852842426695579,78085195805597,105694676848,0
/control/command/control_cmd,105694676848,1785852842426711104,78085195820734,105694676848,80
/control/command/control_cmd,105744676848,1785852842476795973,78085245905864,105744676848,80
/localization/kinematic_state,105744676848,1785852842478025202,78085247134939,105744676848,0
/sensing/lidar/top/pointcloud_raw_ex,105744676848,1785852842481903232,78085251013129,105744676848,241496
/localization/pose_estimator/pose_with_covariance,105744676848,1785852842484791777,78085253901507,105744676848,0
/localization/kinematic_state,105794676849,1785852842527055815,78085296166098,105794676849,0
/control/command/control_cmd,105794676849,1785852842527072506,78085296182221,105794676849,80
/localization/kinematic_state,105844676850,1785852842577968892,78085347079042,105844676850,0
/control/command/control_cmd,105844676850,1785852842577982511,78085347092130,105844676850,80
/sensing/lidar/top/pointcloud_raw_ex,105844676850,1785852842581361904,78085350471849,105844676850,238840
/localization/pose_estimator/pose_with_covariance,105844676850,1785852842584466740,78085353576722,105844676850,0
/localization/kinematic_state,105894676851,1785852842625912400,78085395022451,105894676851,0
/control/command/control_cmd,105894676851,1785852842625953685,78085395063429,105894676851,80
/localization/kinematic_state,105944676851,1785852842676743268,78085445853225,105944676851,0
/control/command/control_cmd,105944676851,1785852842676786082,78085445895715,105944676851,80
/sensing/lidar/top/pointcloud_raw_ex,105944676851,1785852842682520495,78085451630566,105944676851,239992
/localization/pose_estimator/pose_with_covariance,105944676851,1785852842685430102,78085454539864,105944676851,0
/control/command/control_cmd,105994676852,1785852842726019132,78085495129130,105994676852,80
/localization/kinematic_state,105994676852,1785852842726311644,78085495421363,105994676852,0
/control/command/control_cmd,106044676853,1785852842776663559,78085545773559,106044676853,80
/localization/kinematic_state,106044676853,1785852842776814797,78085545924486,106044676853,0
/sensing/lidar/top/pointcloud_raw_ex,106044676853,1785852842782787467,78085551897402,106044676853,239896
/localization/pose_estimator/pose_with_covariance,106044676853,1785852842785592531,78085554702417,106044676853,0
/localization/kinematic_state,106094676854,1785852842826498392,78085595608150,106094676854,0
/control/command/control_cmd,106094676854,1785852842826508561,78085595618191,106094676854,80
/localization/kinematic_state,106144676854,1785852842877213789,78085646323731,106144676854,0
/control/command/control_cmd,106144676854,1785852842877229785,78085646339394,106144676854,80
/sensing/lidar/top/pointcloud_raw_ex,106144676854,1785852842881911648,78085651021767,106144676854,237336
/localization/pose_estimator/pose_with_covariance,106144676854,1785852842884695032,78085653804843,106144676854,0
/control/command/control_cmd,106194676855,1785852842926192846,78085695302722,106194676855,80
/localization/kinematic_state,106194676855,1785852842926472307,78085695581972,106194676855,0
/localization/kinematic_state,106244676856,1785852842975803442,78085744913327,106244676856,0
/control/command/control_cmd,106244676856,1785852842975996728,78085745106630,106244676856,80
/sensing/lidar/top/pointcloud_raw_ex,106244676856,1785852842981347350,78085750457467,106244676856,236824
/localization/pose_estimator/pose_with_covariance,106244676856,1785852842984275282,78085753385224,106244676856,0
/localization/kinematic_state,106294676857,1785852843025609450,78085794719362,106294676857,0
/control/command/control_cmd,106294676857,1785852843026141558,78085795251370,106294676857,80
/localization/kinematic_state,106344676857,1785852843075431267,78085844541251,106344676857,0
/control/command/control_cmd,106344676857,1785852843076049091,78085845158930,106344676857,80
/sensing/lidar/top/pointcloud_raw_ex,106344676857,1785852843080996904,78085850106777,106344676857,240760
/localization/pose_estimator/pose_with_covariance,106344676857,1785852843084024831,78085853134604,106344676857,0
/localization/kinematic_state,106394676858,1785852843126039352,78085895149466,106394676858,0
/control/command/control_cmd,106394676858,1785852843126601496,78085895711190,106394676858,80
/localization/kinematic_state,106444676859,1785852843175772705,78085944882588,106444676859,0
/control/command/control_cmd,106444676859,1785852843176226327,78085945336155,106444676859,80
/sensing/lidar/top/pointcloud_raw_ex,106444676859,1785852843181455395,78085950565659,106444676859,239672
/localization/pose_estimator/pose_with_covariance,106444676859,1785852843184421485,78085953531326,106444676859,0
/localization/kinematic_state,106494676860,1785852843226143974,78085995253804,106494676860,0
/control/command/control_cmd,106494676860,1785852843226170720,78085995280313,106494676860,80
/localization/kinematic_state,106544676860,1785852843275478861,78086044588690,106544676860,0
/control/command/control_cmd,106544676860,1785852843276032453,78086045142147,106544676860,80
/sensing/lidar/top/pointcloud_raw_ex,106544676860,1785852843281185290,78086050295142,106544676860,236056
/localization/pose_estimator/pose_with_covariance,106544676860,1785852843284279360,78086053389093,106544676860,0
/localization/kinematic_state,106594676861,1785852843326068415,78086095178107,106594676861,0
/control/command/control_cmd,106594676861,1785852843326076926,78086095186513,106594676861,80
/localization/kinematic_state,106644676862,1785852843376595593,78086145705476,106644676862,0
/control/command/control_cmd,106644676862,1785852843376685851,78086145795510,106644676862,80
/sensing/lidar/top/pointcloud_raw_ex,106644676862,1785852843381970921,78086151080983,106644676862,240600
/localization/pose_estimator/pose_with_covariance,106644676862,1785852843385163488,78086154273297,106644676862,0
/localization/kinematic_state,106694676863,1785852843426704867,78086195814734,106694676863,0
/control/command/control_cmd,106694676863,1785852843426720369,78086195830008,106694676863,80
/control/command/control_cmd,106744676863,1785852843476836481,78086245946384,106744676863,80
/localization/kinematic_state,106744676863,1785852843476869147,78086245978785,106744676863,0
/sensing/lidar/top/pointcloud_raw_ex,106744676863,1785852843481264883,78086250374977,106744676863,241176
/localization/pose_estimator/pose_with_covariance,106744676863,1785852843484574334,78086253684253,106744676863,0
/localization/kinematic_state,106794676864,1785852843525941185,78086295051010,106794676864,0
/control/command/control_cmd,106794676864,1785852843526134146,78086295243833,106794676864,80
/localization/kinematic_state,106844676865,1785852843575855994,78086344965917,106844676865,0
/control/command/control_cmd,106844676865,1785852843577144184,78086346254005,106844676865,80
/sensing/lidar/top/pointcloud_raw_ex,106844676865,1785852843581459045,78086350568921,106844676865,236920
/localization/pose_estimator/pose_with_covariance,106844676865,1785852843584478072,78086353587869,106844676865,0
/control/command/control_cmd,106894676866,1785852843626136327,78086395246417,106894676866,80
/localization/kinematic_state,106894676866,1785852843626459387,78086395569111,106894676866,0
/localization/kinematic_state,106944676866,1785852843676060911,78086445170736,106944676866,0
/control/command/control_cmd,106944676866,1785852843677072928,78086446182901,106944676866,80
/sensing/lidar/top/pointcloud_raw_ex,106944676866,1785852843681322913,78086450433200,106944676866,236728
/localization/pose_estimator/pose_with_covariance,106944676866,1785852843684233288,78086453343046,106944676866,0
/localization/kinematic_state,106994676867,1785852843725975471,78086495085424,106994676867,0
/control/command/control_cmd,106994676867,1785852843726159527,78086495269216,106994676867,80
/localization/kinematic_state,107044676868,1785852843776397620,78086545507607,107044676868,0
/control/command/control_cmd,107044676868,1785852843777226393,78086546336147,107044676868,80
/sensing/lidar/top/pointcloud_raw_ex,107044676868,1785852843781009377,78086550119505,107044676868,239064
/localization/pose_estimator/pose_with_covariance,107044676868,1785852843784776881,78086553886900,107044676868,0
/localization/kinematic_state,107094676869,1785852843826256245,78086595365954,107094676869,0
/control/command/control_cmd,107094676869,1785852843826468672,78086595578476,107094676869,80
/localization/kinematic_state,107144676869,1785852843876389608,78086645499449,107144676869,0
/control/command/control_cmd,107144676869,1785852843876942507,78086646052360,107144676869,80
/sensing/lidar/top/pointcloud_raw_ex,107144676869,1785852843881975519,78086651085653,107144676869,240824
/localization/pose_estimator/pose_with_covariance,107144676869,1785852843884911168,78086654020935,107144676869,0
/localization/kinematic_state,107194676870,1785852843926091406,78086695201263,107194676870,0
/control/command/control_cmd,107194676870,1785852843926819839,78086695929663,107194676870,80
/control/command/control_cmd,107244676871,1785852843975965870,78086745075944,107244676871,80
/localization/kinematic_state,107244676871,1785852843976068354,78086745178118,107244676871,0
/sensing/lidar/top/pointcloud_raw_ex,107244676871,1785852843981160841,78086750270909,107244676871,239096
/localization/pose_estimator/pose_with_covariance,107244676871,1785852843984118075,78086753227812,107244676871,0
/localization/kinematic_state,107294676872,1785852844025914198,78086795024065,107294676872,0
/control/command/control_cmd,107294676872,1785852844026223137,78086795332975,107294676872,80
/localization/kinematic_state,107344676872,1785852844075295768,78086844405541,107344676872,0
/control/command/control_cmd,107344676872,1785852844076042942,78086845152853,107344676872,80
/sensing/lidar/top/pointcloud_raw_ex,107344676872,1785852844082383256,78086851493182,107344676872,237976
/localization/pose_estimator/pose_with_covariance,107344676872,1785852844085532751,78086854642640,107344676872,0
/localization/kinematic_state,107394676873,1785852844126574258,78086895684154,107394676873,0
/control/command/control_cmd,107394676873,1785852844126589634,78086895699239,107394676873,80
/localization/kinematic_state,107444676874,1785852844175452693,78086944562564,107444676874,0
/control/command/control_cmd,107444676874,1785852844175542434,78086944652360,107444676874,80
/sensing/lidar/top/pointcloud_raw_ex,107444676874,1785852844181409949,78086950520460,107444676874,240984
/localization/pose_estimator/pose_with_covariance,107444676874,1785852844184753004,78086953862952,107444676874,0
/control/command/control_cmd,107494676875,1785852844225689190,78086994799157,107494676875,80
/localization/kinematic_state,107494676875,1785852844226534431,78086995644141,107494676875,0
/localization/kinematic_state,107544676875,1785852844275660215,78087044770100,107544676875,0
/control/command/control_cmd,107544676875,1785852844276368447,78087045478361,107544676875,80
/sensing/lidar/top/pointcloud_raw_ex,107544676875,1785852844281295726,78087050405741,107544676875,240760
/localization/pose_estimator/pose_with_covariance,107544676875,1785852844284201937,78087053311693,107544676875,0
/localization/kinematic_state,107594676876,1785852844325676240,78087094786213,107594676876,0
/control/command/control_cmd,107594676876,1785852844326625312,78087095735170,107594676876,80
/localization/kinematic_state,107644676877,1785852844375877346,78087144987202,107644676877,0
/control/command/control_cmd,107644676877,1785852844377178809,78087146288913,107644676877,80
/sensing/lidar/top/pointcloud_raw_ex,107644676877,1785852844381413118,78087150523058,107644676877,239640
/localization/pose_estimator/pose_with_covariance,107644676877,1785852844384356685,78087153466608,107644676877,0
/control/command/control_cmd,107694676878,1785852844425841515,78087194951379,107694676878,80
/localization/kinematic_state,107694676878,1785852844426143773,78087195253514,107694676878,0
/control/command/control_cmd,107744676878,1785852844477947392,78087247057826,107744676878,80
/localization/kinematic_state,107744676878,1785852844477981106,78087247090740,107744676878,0
/sensing/lidar/top/pointcloud_raw_ex,107744676878,1785852844480643532,78087249753399,107744676878,240536
/localization/pose_estimator/pose_with_covariance,107744676878,1785852844483523653,78087252633588,107744676878,0
/localization/kinematic_state,107794676879,1785852844526165451,78087295275381,107794676879,0
/control/command/control_cmd,107794676879,1785852844526269680,78087295379277,107794676879,80
/localization/kinematic_state,107844676880,1785852844576104501,78087345214258,107844676880,0
/control/command/control_cmd,107844676880,1785852844578059034,78087347168927,107844676880,80
/sensing/lidar/top/pointcloud_raw_ex,107844676880,1785852844580872182,78087349982118,107844676880,240536
/localization/pose_estimator/pose_with_covariance,107844676880,1785852844583866387,78087352976133,107844676880,0
/control/command/control_cmd,107894676881,1785852844626752194,78087395887672,107894676881,80
/localization/kinematic_state,107894676881,1785852844626809830,78087395919465,107894676881,0
/localization/kinematic_state,107944676881,1785852844676404747,78087445514668,107944676881,0
/control/command/control_cmd,107944676881,1785852844676493847,78087445603480,107944676881,80
/sensing/lidar/top/pointcloud_raw_ex,107944676881,1785852844681643522,78087450753462,107944676881,237720
/localization/pose_estimator/pose_with_covariance,107944676881,1785852844684636966,78087453746738,107944676881,0
/localization/kinematic_state,107994676882,1785852844725738952,78087494848735,107994676882,0
/control/command/control_cmd,107994676882,1785852844726124501,78087495234221,107994676882,80
/localization/kinematic_state,108044676883,1785852844776258074,78087545368045,108044676883,0
/control/command/control_cmd,108044676883,1785852844776828064,78087545937738,108044676883,80
/sensing/lidar/top/pointcloud_raw_ex,108044676883,1785852844781238926,78087550348798,108044676883,238264
/localization/pose_estimator/pose_with_covariance,108044676883,1785852844784539452,78087553649242,108044676883,0
/control/command/control_cmd,108094676884,1785852844826175503,78087595285315,108094676884,80
/localization/kinematic_state,108094676884,1785852844826928574,78087596038377,108094676884,0
/localization/kinematic_state,108144676884,1785852844875422200,78087644531936,108144676884,0
/control/command/control_cmd,108144676884,1785852844876400843,78087645510791,108144676884,80
/sensing/lidar/top/pointcloud_raw_ex,108144676884,1785852844881441071,78087650551175,108144676884,239448
/localization/pose_estimator/pose_with_covariance,108144676884,1785852844884487115,78087653596919,108144676884,0
/localization/kinematic_state,108194676885,1785852844926952085,78087696061989,108194676885,0
/control/command/control_cmd,108194676885,1785852844926965016,78087696074599,108194676885,80
/control/command/control_cmd,108244676886,1785852844976294843,78087745404857,108244676886,80
/localization/kinematic_state,108244676886,1785852844976453223,78087745562955,108244676886,0
/sensing/lidar/top/pointcloud_raw_ex,108244676886,1785852844981627972,78087750738165,108244676886,238488
/localization/pose_estimator/pose_with_covariance,108244676886,1785852844984601219,78087753711084,108244676886,0
/localization/kinematic_state,108294676886,1785852845026776378,78087795886330,108294676886,0
/control/command/control_cmd,108294676886,1785852845026844972,78087795954834,108294676886,80
/control/command/control_cmd,108344676887,1785852845076010057,78087845120111,108344676887,80
/localization/kinematic_state,108344676887,1785852845076559197,78087845668996,108344676887,0
/sensing/lidar/top/pointcloud_raw_ex,108344676887,1785852845080903543,78087850013356,108344676887,240472
/localization/pose_estimator/pose_with_covariance,108344676887,1785852845084420909,78087853530693,108344676887,0
/control/command/control_cmd,108394676888,1785852845126974236,78087896084249,108394676888,80
/localization/kinematic_state,108394676888,1785852845128018400,78087897128483,108394676888,0
/control/command/control_cmd,108444676889,1785852845176652420,78087945762495,108444676889,80
/localization/kinematic_state,108444676889,1785852845177185149,78087946294839,108444676889,0
/sensing/lidar/top/pointcloud_raw_ex,108444676889,1785852845181641002,78087950751157,108444676889,239448
/localization/pose_estimator/pose_with_covariance,108444676889,1785852845184851521,78087953961550,108444676889,0
/localization/kinematic_state,108494676889,1785852845226217016,78087995327059,108494676889,0
/control/command/control_cmd,108494676889,1785852845226385663,78087995495634,108494676889,80
/localization/kinematic_state,108544676890,1785852845276959503,78088046069524,108544676890,0
/control/command/control_cmd,108544676890,1785852845276974615,78088046084229,108544676890,80
/sensing/lidar/top/pointcloud_raw_ex,108544676890,1785852845281972454,78088051082553,108544676890,237976
/localization/pose_estimator/pose_with_covariance,108544676890,1785852845285142574,78088054252440,108544676890,0
/localization/kinematic_state,108594676891,1785852845326308497,78088095418373,108594676891,0
/control/command/control_cmd,108594676891,1785852845326321279,78088095430935,108594676891,80
/localization/kinematic_state,108644676892,1785852845376556406,78088145666381,108644676892,0
/control/command/control_cmd,108644676892,1785852845377894117,78088147004098,108644676892,80
/sensing/lidar/top/pointcloud_raw_ex,108644676892,1785852845381436299,78088150546287,108644676892,238008
/localization/pose_estimator/pose_with_covariance,108644676892,1785852845385013639,78088154123602,108644676892,0
/control/command/control_cmd,108694676892,1785852845426480809,78088195590664,108694676892,80
/localization/kinematic_state,108694676892,1785852845427101764,78088196211489,108694676892,0
/localization/kinematic_state,108744676893,1785852845475720223,78088244829957,108744676893,0
/control/command/control_cmd,108744676893,1785852845477211412,78088246321533,108744676893,80
/sensing/lidar/top/pointcloud_raw_ex,108744676893,1785852845481711452,78088250821511,108744676893,239960
/localization/pose_estimator/pose_with_covariance,108744676893,1785852845484684234,78088253794063,108744676893,0
/control/command/control_cmd,108794676894,1785852845526486593,78088295596698,108794676894,80
/localization/kinematic_state,108794676894,1785852845526581514,78088295691173,108794676894,0
/control/command/control_cmd,108844676895,1785852845576183942,78088345293817,108844676895,80
/localization/kinematic_state,108844676895,1785852845577014126,78088346123848,108844676895,0
/sensing/lidar/top/pointcloud_raw_ex,108844676895,1785852845581314664,78088350424862,108844676895,240568
/localization/pose_estimator/pose_with_covariance,108844676895,1785852845584093433,78088353203128,108844676895,0
/control/command/control_cmd,108894676895,1785852845626202891,78088395312671,108894676895,80
/localization/kinematic_state,108894676895,1785852845626458081,78088395567870,108894676895,0
/localization/kinematic_state,108944676896,1785852845676490910,78088445600771,108944676896,0
/control/command/control_cmd,108944676896,1785852845677014313,78088446124280,108944676896,80
/sensing/lidar/top/pointcloud_raw_ex,108944676896,1785852845682236571,78088451346692,108944676896,237880
/localization/pose_estimator/pose_with_covariance,108944676896,1785852845685379375,78088454489225,108944676896,0
/localization/kinematic_state,108994676897,1785852845726531936,78088495641824,108994676897,0
/control/command/control_cmd,108994676897,1785852845726753625,78088495863447,108994676897,80
/control/command/control_cmd,109044676898,1785852845776255405,78088545365465,109044676898,80
/localization/kinematic_state,109044676898,1785852845776521177,78088545630969,109044676898,0
/sensing/lidar/top/pointcloud_raw_ex,109044676898,1785852845781526314,78088550636447,109044676898,238712
/localization/pose_estimator/pose_with_covariance,109044676898,1785852845784610958,78088553720714,109044676898,0
/control/command/control_cmd,109094676898,1785852845825589972,78088594699735,109094676898,80
/localization/kinematic_state,109094676898,1785852845825789553,78088594899203,109094676898,0
/localization/kinematic_state,109144676899,1785852845875952776,78088645062550,109144676899,0
/control/command/control_cmd,109144676899,1785852845876425063,78088645534978,109144676899,80
/sensing/lidar/top/pointcloud_raw_ex,109144676899,1785852845880585315,78088649695700,109144676899,238296
/localization/pose_estimator/pose_with_covariance,109144676899,1785852845883599550,78088652709470,109144676899,0
/control/command/control_cmd,109194676900,1785852845925990978,78088695100784,109194676900,80
/localization/kinematic_state,109194676900,1785852845926026649,78088695136282,109194676900,0
/localization/kinematic_state,109244676901,1785852845976014557,78088745124391,109244676901,0
/control/command/control_cmd,109244676901,1785852845976026460,78088745136075,109244676901,80
/sensing/lidar/top/pointcloud_raw_ex,109244676901,1785852845981040777,78088750150923,109244676901,239736
/localization/pose_estimator/pose_with_covariance,109244676901,1785852845984264385,78088753374326,109244676901,0
/localization/kinematic_state,109294676901,1785852846025439888,78088794549649,109294676901,0
/control/command/control_cmd,109294676901,1785852846025740213,78088794850166,109294676901,80
/localization/kinematic_state,109344676902,1785852846075254777,78088844364538,109344676902,0
/control/command/control_cmd,109344676902,1785852846076111184,78088845220983,109344676902,80
/sensing/lidar/top/pointcloud_raw_ex,109344676902,1785852846081793910,78088850904202,109344676902,237112
/localization/pose_estimator/pose_with_covariance,109344676902,1785852846084492857,78088853602655,109344676902,0
/localization/kinematic_state,109394676903,1785852846126009217,78088895118977,109394676903,0
/control/command/control_cmd,109394676903,1785852846126338449,78088895448149,109394676903,80
/localization/kinematic_state,109444676904,1785852846176967621,78088946077610,109444676904,0
/control/command/control_cmd,109444676904,1785852846176981038,78088946090657,109444676904,80
/sensing/lidar/top/pointcloud_raw_ex,109444676904,1785852846181589983,78088950700100,109444676904,236408
/localization/pose_estimator/pose_with_covariance,109444676904,1785852846184747201,78088953857093,109444676904,0
/localization/kinematic_state,109494676904,1785852846225943888,78088995053737,109494676904,0
/control/command/control_cmd,109494676904,1785852846226604971,78088995714736,109494676904,80
/localization/kinematic_state,109544676905,1785852846275679598,78089044789287,109544676905,0
/control/command/control_cmd,109544676905,1785852846276838102,78089045947893,109544676905,80
/sensing/lidar/top/pointcloud_raw_ex,109544676905,1785852846281281068,78089050391085,109544676905,240504
/localization/pose_estimator/pose_with_covariance,109544676905,1785852846284104478,78089053214465,109544676905,0
/localization/kinematic_state,109594676906,1785852846325541350,78089094651081,109594676906,0
/control/command/control_cmd,109594676906,1785852846325786935,78089094896697,109594676906,80
/control/command/control_cmd,109644676907,1785852846376619012,78089145729009,109644676907,80
/localization/kinematic_state,109644676907,1785852846376644547,78089145754145,109644676907,0
/sensing/lidar/top/pointcloud_raw_ex,109644676907,1785852846382552085,78089151662322,109644676907,243832
/localization/pose_estimator/pose_with_covariance,109644676907,1785852846385322535,78089154432222,109644676907,0
/control/command/control_cmd,109694676907,1785852846425838891,78089194949001,109694676907,80
/localization/kinematic_state,109694676907,1785852846425935423,78089195045153,109694676907,0
/localization/kinematic_state,109744676908,1785852846475832739,78089244942665,109744676908,0
/control/command/control_cmd,109744676908,1785852846476464862,78089245574999,109744676908,80
/sensing/lidar/top/pointcloud_raw_ex,109744676908,1785852846483313719,78089252423819,109744676908,238264
/localization/pose_estimator/pose_with_covariance,109744676908,1785852846485813127,78089254922830,109744676908,0
/control/command/control_cmd,109794676909,1785852846525969992,78089295079905,109794676909,80
/localization/kinematic_state,109794676909,1785852846526678525,78089295788305,109794676909,0
/localization/kinematic_state,109844676910,1785852846576010982,78089345120882,109844676910,0
/control/command/control_cmd,109844676910,1785852846576808356,78089345918168,109844676910,80
/sensing/lidar/top/pointcloud_raw_ex,109844676910,1785852846581241276,78089350351121,109844676910,238840
/localization/pose_estimator/pose_with_covariance,109844676910,1785852846584136146,78089353245988,109844676910,0
/localization/kinematic_state,109894676910,1785852846626609620,78089395719565,109894676910,0
/control/command/control_cmd,109894676910,1785852846626621359,78089395730979,109894676910,80
/localization/kinematic_state,109944676911,1785852846675667410,78089444777261,109944676911,0
/control/command/control_cmd,109944676911,1785852846675934526,78089445044380,109944676911,80
/sensing/lidar/top/pointcloud_raw_ex,109944676911,1785852846681181411,78089450291459,109944676911,235864
/localization/pose_estimator/pose_with_covariance,109944676911,1785852846684203812,78089453313775,109944676911,0
/localization/kinematic_state,109994676912,1785852846725874028,78089494983925,109994676912,0
/control/command/control_cmd,109994676912,1785852846726865470,78089495975333,109994676912,80
/localization/kinematic_state,110044676913,1785852846776438120,78089545548046,110044676913,0
/control/command/control_cmd,110044676913,1785852846778068991,78089547179203,110044676913,80
/sensing/lidar/top/pointcloud_raw_ex,110044676913,1785852846780894678,78089550004621,110044676913,234616
/localization/pose_estimator/pose_with_covariance,110044676913,1785852846783726907,78089552836673,110044676913,0
/localization/kinematic_state,110094676913,1785852846826781345,78089595891241,110094676913,0
/control/command/control_cmd,110094676913,1785852846826799528,78089595909176,110094676913,80
/localization/kinematic_state,110144676914,1785852846875652109,78089644761944,110144676914,0
/control/command/control_cmd,110144676914,1785852846875686738,78089644796357,110144676914,80
/sensing/lidar/top/pointcloud_raw_ex,110144676914,1785852846881532109,78089650642327,110144676914,239544
/localization/pose_estimator/pose_with_covariance,110144676914,1785852846884571310,78089653681511,110144676914,0
/localization/kinematic_state,110194676915,1785852846925802232,78089694912080,110194676915,0
/control/command/control_cmd,110194676915,1785852846925817202,78089694926894,110194676915,80
/localization/kinematic_state,110244676916,1785852846975632705,78089744742462,110244676916,0
/control/command/control_cmd,110244676916,1785852846976277799,78089745387654,110244676916,80
/sensing/lidar/top/pointcloud_raw_ex,110244676916,1785852846981532681,78089750642995,110244676916,237112
/localization/pose_estimator/pose_with_covariance,110244676916,1785852846984546734,78089753656723,110244676916,0
/localization/kinematic_state,110294676916,1785852847026216077,78089795325988,110294676916,0
/control/command/control_cmd,110294676916,1785852847026227743,78089795337341,110294676916,80
/localization/kinematic_state,110344676917,1785852847077714589,78089846824609,110344676917,0
/control/command/control_cmd,110344676917,1785852847077727315,78089846836932,110344676917,80
/sensing/lidar/top/pointcloud_raw_ex,110344676917,1785852847081779407,78089850889387,110344676917,239672
/localization/pose_estimator/pose_with_covariance,110344676917,1785852847084312588,78089853422406,110344676917,0
/localization/kinematic_state,110394676918,1785852847125934614,78089895044356,110394676918,0
/control/command/control_cmd,110394676918,1785852847125990380,78089895100002,110394676918,80
/localization/kinematic_state,110444676919,1785852847175566270,78089944676121,110444676919,0
/control/command/control_cmd,110444676919,1785852847176365828,78089945475681,110444676919,80
/sensing/lidar/top/pointcloud_raw_ex,110444676919,1785852847180974363,78089950084518,110444676919,239384
/localization/pose_estimator/pose_with_covariance,110444676919,1785852847183714701,78089952824501,110444676919,0
/localization/kinematic_state,110494676919,1785852847225634501,78089994744307,110494676919,0
/control/command/control_cmd,110494676919,1785852847226079045,78089995188970,110494676919,80
/localization/kinematic_state,110544676920,1785852847275713891,78090044823942,110544676920,0
/control/command/control_cmd,110544676920,1785852847277111105,78090046221022,110544676920,80
/sensing/lidar/top/pointcloud_raw_ex,110544676920,1785852847281001585,78090050111503,110544676920,237720
/localization/pose_estimator/pose_with_covariance,110544676920,1785852847283942759,78090053052698,110544676920,0
/localization/kinematic_state,110594676921,1785852847325675152,78090094784924,110594676921,0
/control/command/control_cmd,110594676921,1785852847327240353,78090096350385,110594676921,80
/localization/kinematic_state,110644676922,1785852847375486351,78090144596117,110644676922,0
/control/command/control_cmd,110644676922,1785852847375501622,78090144611259,110644676922,80
/sensing/lidar/top/pointcloud_raw_ex,110644676922,1785852847381280648,78090150391192,110644676922,238104
/localization/pose_estimator/pose_with_covariance,110644676922,1785852847384128638,78090153238576,110644676922,0
/localization/kinematic_state,110694676922,1785852847425742149,78090194851912,110694676922,0
/control/command/control_cmd,110694676922,1785852847426611178,78090195721115,110694676922,80
/localization/kinematic_state,110744676923,1785852847475612964,78090244722769,110744676923,0
/control/command/control_cmd,110744676923,1785852847476229131,78090245339052,110744676923,80
/sensing/lidar/top/pointcloud_raw_ex,110744676923,1785852847480795096,78090249905091,110744676923,239256
/localization/pose_estimator/pose_with_covariance,110744676923,1785852847483525524,78090252635726,110744676923,0
/localization/kinematic_state,110794676924,1785852847526656231,78090295766101,110794676924,0
/control/command/control_cmd,110794676924,1785852847526683214,78090295792842,110794676924,80
/localization/kinematic_state,110844676924,1785852847575484008,78090344593850,110844676924,0
/control/command/control_cmd,110844676924,1785852847577860431,78090346970271,110844676924,80
/sensing/lidar/top/pointcloud_raw_ex,110844676924,1785852847581452292,78090350562177,110844676924,239448
/localization/pose_estimator/pose_with_covariance,110844676924,1785852847584255479,78090353365160,110844676924,0
/localization/kinematic_state,110894676925,1785852847626560806,78090395670659,110894676925,0
/control/command/control_cmd,110894676925,1785852847626571578,78090395681200,110894676925,80
/localization/kinematic_state,110944676926,1785852847675687363,78090444797114,110944676926,0
/control/command/control_cmd,110944676926,1785852847676459843,78090445569646,110944676926,80
/sensing/lidar/top/pointcloud_raw_ex,110944676926,1785852847681750426,78090450860504,110944676926,241272
/localization/pose_estimator/pose_with_covariance,110944676926,1785852847684543374,78090453653283,110944676926,0
/localization/kinematic_state,110994676927,1785852847725933210,78090495043074,110994676927,0
/control/command/control_cmd,110994676927,1785852847726047155,78090495156788,110994676927,80
/localization/kinematic_state,111044676927,1785852847775934907,78090545044671,111044676927,0
/control/command/control_cmd,111044676927,1785852847776853433,78090545963374,111044676927,80
/sensing/lidar/top/pointcloud_raw_ex,111044676927,1785852847781105049,78090550214971,111044676927,240632
/localization/pose_estimator/pose_with_covariance,111044676927,1785852847783913125,78090553022881,111044676927,0
/localization/kinematic_state,111094676928,1785852847826503800,78090595613779,111094676928,0
/control/command/control_cmd,111094676928,1785852847826529833,78090595639480,111094676928,80
/control/command/control_cmd,111144676929,1785852847875876167,78090644986266,111144676929,80
/localization/kinematic_state,111144676929,1785852847877160840,78090646270818,111144676929,0
/sensing/lidar/top/pointcloud_raw_ex,111144676929,1785852847881133164,78090650243067,111144676929,236824
/localization/pose_estimator/pose_with_covariance,111144676929,1785852847883855326,78090652965104,111144676929,0
/control/command/control_cmd,111194676930,1785852847926011578,78090695121410,111194676930,80
/localization/kinematic_state,111194676930,1785852847926413063,78090695522833,111194676930,0
/localization/kinematic_state,111244676930,1785852847976111273,78090745221320,111244676930,0
/control/command/control_cmd,111244676930,1785852847976232661,78090745342593,111244676930,80
/sensing/lidar/top/pointcloud_raw_ex,111244676930,1785852847981789231,78090750899242,111244676930,238040
/localization/pose_estimator/pose_with_covariance,111244676930,1785852847984865761,78090753975674,111244676930,0
/localization/kinematic_state,111294676931,1785852848027068031,78090796177995,111294676931,0
/control/command/control_cmd,111294676931,1785852848027077309,78090796186935,111294676931,80
/localization/kinematic_state,111344676932,1785852848076170027,78090845279909,111344676932,0
/control/command/control_cmd,111344676932,1785852848076543971,78090845653723,111344676932,80
/sensing/lidar/top/pointcloud_raw_ex,111344676932,1785852848081095306,78090850205287,111344676932,238520
/localization/pose_estimator/pose_with_covariance,111344676932,1785852848083943487,78090853053302,111344676932,0
/localization/kinematic_state,111394676933,1785852848126240436,78090895350191,111394676933,0
/control/command/control_cmd,111394676933,1785852848126975310,78090896085070,111394676933,80
/localization/kinematic_state,111444676933,1785852848178395340,78090947505358,111444676933,0
/control/command/control_cmd,111444676933,1785852848178406284,78090947515919,111444676933,80
/sensing/lidar/top/pointcloud_raw_ex,111444676933,1785852848181874627,78090950984547,111444676933,239224
/localization/pose_estimator/pose_with_covariance,111444676933,1785852848184745709,78090953855472,111444676933,0
/localization/kinematic_state,111494676934,1785852848225726111,78090994836002,111494676934,0
/control/command/control_cmd,111494676934,1785852848226126279,78090995236165,111494676934,80
/localization/kinematic_state,111544676935,1785852848275696554,78091044806706,111544676935,0
/control/command/control_cmd,111544676935,1785852848276424885,78091045534808,111544676935,80
/sensing/lidar/top/pointcloud_raw_ex,111544676935,1785852848281251124,78091050361046,111544676935,239288
/localization/pose_estimator/pose_with_covariance,111544676935,1785852848284103191,78091053213050,111544676935,0
/control/command/control_cmd,111594676936,1785852848326080895,78091095190748,111594676936,80
/localization/kinematic_state,111594676936,1785852848327115305,78091096225038,111594676936,0
/control/command/control_cmd,111644676936,1785852848375845958,78091144955749,111644676936,80
/localization/kinematic_state,111644676936,1785852848376068600,78091145178396,111644676936,0
/sensing/lidar/top/pointcloud_raw_ex,111644676936,1785852848381257436,78091150367500,111644676936,240856
/localization/pose_estimator/pose_with_covariance,111644676936,1785852848384261029,78091153370893,111644676936,0
/localization/kinematic_state,111694676937,1785852848425928074,78091195037832,111694676937,0
/control/command/control_cmd,111694676937,1785852848426083740,78091195193590,111694676937,80
/localization/kinematic_state,111744676938,1785852848475884947,78091244994839,111744676938,0
/control/command/control_cmd,111744676938,1785852848476179399,78091245289344,111744676938,80
/sensing/lidar/top/pointcloud_raw_ex,111744676938,1785852848481349441,78091250459595,111744676938,239896
/localization/pose_estimator/pose_with_covariance,111744676938,1785852848484431749,78091253541617,111744676938,0
/control/command/control_cmd,111794676939,1785852848527172700,78091296282644,111794676939,80
/localization/kinematic_state,111794676939,1785852848528057855,78091297167703,111794676939,0
/control/command/control_cmd,111844676939,1785852848576201421,78091345311342,111844676939,80
/localization/kinematic_state,111844676939,1785852848576277111,78091345386778,111844676939,0
/sensing/lidar/top/pointcloud_raw_ex,111844676939,1785852848581623851,78091350733765,111844676939,239416
/localization/pose_estimator/pose_with_covariance,111844676939,1785852848584879860,78091353989704,111844676939,0
/localization/kinematic_state,111894676940,1785852848626053973,78091395163853,111894676940,0
/control/command/control_cmd,111894676940,1785852848626062460,78091395172069,111894676940,80
/localization/kinematic_state,111944676941,1785852848676141523,78091445251261,111944676941,0
/control/command/control_cmd,111944676941,1785852848676151294,78091445260921,111944676941,80
/sensing/lidar/top/pointcloud_raw_ex,111944676941,1785852848682257551,78091451367681,111944676941,237720
/localization/pose_estimator/pose_with_covariance,111944676941,1785852848685302872,78091454412714,111944676941,0
/control/command/control_cmd,111994676942,1785852848726152216,78091495262367,111994676942,80
/localization/kinematic_state,111994676942,1785852848726436082,78091495545772,111994676942,0
/control/command/control_cmd,112044676942,1785852848776038121,78091545148470,112044676942,80
/localization/kinematic_state,112044676942,1785852848776179919,78091545289741,112044676942,0
/sensing/lidar/top/pointcloud_raw_ex,112044676942,1785852848781628659,78091550738604,112044676942,237816
/localization/pose_estimator/pose_with_covariance,112044676942,1785852848784704806,78091553814666,112044676942,0
/control/command/control_cmd,112094676943,1785852848825907584,78091595017660,112094676943,80
/localization/kinematic_state,112094676943,1785852848826247896,78091595357668,112094676943,0
/localization/kinematic_state,112144676944,1785852848875728122,78091644837983,112144676944,0
/control/command/control_cmd,112144676944,1785852848876200400,78091645310315,112144676944,80
/sensing/lidar/top/pointcloud_raw_ex,112144676944,1785852848881145697,78091650255968,112144676944,242552
/localization/pose_estimator/pose_with_covariance,112144676944,1785852848884003180,78091653112979,112144676944,0
/localization/kinematic_state,112194676945,1785852848925926876,78091695036885,112194676945,0
/control/command/control_cmd,112194676945,1785852848926426585,78091695536410,112194676945,80
/localization/kinematic_state,112244676945,1785852848975479126,78091744589107,112244676945,0
/control/command/control_cmd,112244676945,1785852848975495046,78091744604680,112244676945,80
/sensing/lidar/top/pointcloud_raw_ex,112244676945,1785852848981242211,78091750352293,112244676945,239448
/localization/pose_estimator/pose_with_covariance,112244676945,1785852848984262697,78091753372714,112244676945,0
/localization/kinematic_state,112294676946,1785852849025187698,78091794297509,112294676946,0
/control/command/control_cmd,112294676946,1785852849025546436,78091794656343,112294676946,80
/localization/kinematic_state,112344676947,1785852849075122159,78091844232088,112344676947,0
/control/command/control_cmd,112344676947,1785852849075563868,78091844673814,112344676947,80
/sensing/lidar/top/pointcloud_raw_ex,112344676947,1785852849080570380,78091849680402,112344676947,234936
/localization/pose_estimator/pose_with_covariance,112344676947,1785852849083509441,78091852619349,112344676947,0
/localization/kinematic_state,112394676948,1785852849125961233,78091895071018,112394676948,0
/control/command/control_cmd,112394676948,1785852849127252909,78091896362715,112394676948,80
/localization/kinematic_state,112444676948,1785852849175911769,78091945021707,112444676948,0
/control/command/control_cmd,112444676948,1785852849176466660,78091945576471,112444676948,80
/sensing/lidar/top/pointcloud_raw_ex,112444676948,1785852849182355986,78091951465929,112444676948,238200
/localization/pose_estimator/pose_with_covariance,112444676948,1785852849185391409,78091954501492,112444676948,0
/localization/kinematic_state,112494676949,1785852849225868695,78091994978605,112494676949,0
/control/command/control_cmd,112494676949,1785852849226346329,78091995456223,112494676949,80
/localization/kinematic_state,112544676950,1785852849276239586,78092045349525,112544676950,0
/control/command/control_cmd,112544676950,1785852849276327433,78092045437294,112544676950,80
/sensing/lidar/top/pointcloud_raw_ex,112544676950,1785852849281519439,78092050629626,112544676950,236152
/localization/pose_estimator/pose_with_covariance,112544676950,1785852849285016933,78092054126790,112544676950,0
/localization/kinematic_state,112594676951,1785852849325816119,78092094925881,112594676951,0
/control/command/control_cmd,112594676951,1785852849326047548,78092095157398,112594676951,80
/control/command/control_cmd,112644676951,1785852849375476555,78092144586549,112644676951,80
/localization/kinematic_state,112644676951,1785852849375576416,78092144686093,112644676951,0
/sensing/lidar/top/pointcloud_raw_ex,112644676951,1785852849380733140,78092149843161,112644676951,240120
/localization/pose_estimator/pose_with_covariance,112644676951,1785852849383680102,78092152789956,112644676951,0
/control/command/control_cmd,112694676952,1785852849425784068,78092194894043,112694676952,80
/localization/kinematic_state,112694676952,1785852849426339967,78092195449778,112694676952,0
/localization/kinematic_state,112744676953,1785852849475941304,78092245051356,112744676953,0
/control/command/control_cmd,112744676953,1785852849476118006,78092245227703,112744676953,80
/sensing/lidar/top/pointcloud_raw_ex,112744676953,1785852849481276845,78092250386660,112744676953,235192
/localization/pose_estimator/pose_with_covariance,112744676953,1785852849484021704,78092253131535,112744676953,0
/localization/kinematic_state,112794676954,1785852849525836942,78092294947013,112794676954,0
/control/command/control_cmd,112794676954,1785852849526370945,78092295480737,112794676954,80
/localization/kinematic_state,112844676954,1785852849575387171,78092344496988,112844676954,0
/control/command/control_cmd,112844676954,1785852849575835117,78092344945104,112844676954,80
/sensing/lidar/top/pointcloud_raw_ex,112844676954,1785852849581263104,78092350373047,112844676954,237720
/localization/pose_estimator/pose_with_covariance,112844676954,1785852849584072454,78092353182220,112844676954,0
/localization/kinematic_state,112894676955,1785852849626086962,78092395196742,112894676955,0
/control/command/control_cmd,112894676955,1785852849626097466,78092395207091,112894676955,80
/localization/kinematic_state,112944676956,1785852849676279281,78092445389159,112944676956,0
/control/command/control_cmd,112944676956,1785852849676299813,78092445409439,112944676956,80
/sensing/lidar/top/pointcloud_raw_ex,112944676956,1785852849680643364,78092449753281,112944676956,243320
/localization/pose_estimator/pose_with_covariance,112944676956,1785852849683534622,78092452644424,112944676956,0
/control/command/control_cmd,112994676957,1785852849726243999,78092495354311,112994676957,80
/localization/kinematic_state,112994676957,1785852849727429520,78092496539402,112994676957,0
/localization/kinematic_state,113044676957,1785852849775962704,78092545072629,113044676957,0
/control/command/control_cmd,113044676957,1785852849777203062,78092546312888,113044676957,80
/sensing/lidar/top/pointcloud_raw_ex,113044676957,1785852849781477851,78092550587834,113044676957,240632
/localization/pose_estimator/pose_with_covariance,113044676957,1785852849784454745,78092553564650,113044676957,0
/localization/kinematic_state,113094676958,1785852849826259090,78092595368968,113094676958,0
/control/command/control_cmd,113094676958,1785852849826356880,78092595466546,113094676958,80
/control/command/control_cmd,113144676959,1785852849876583499,78092645693365,113144676959,80
/localization/kinematic_state,113144676959,1785852849876685410,78092645795174,113144676959,0
/sensing/lidar/top/pointcloud_raw_ex,113144676959,1785852849881354947,78092650465083,113144676959,238424
/localization/pose_estimator/pose_with_covariance,113144676959,1785852849884169043,78092653278785,113144676959,0
/control/command/control_cmd,113194676960,1785852849926039066,78092695149284,113194676960,80
/localization/kinematic_state,113194676960,1785852849926074287,78092695183943,113194676960,0
/localization/kinematic_state,113244676960,1785852849976057858,78092745167773,113244676960,0
/control/command/control_cmd,113244676960,1785852849976626483,78092745736550,113244676960,80
/sensing/lidar/top/pointcloud_raw_ex,113244676960,1785852849981747564,78092750857532,113244676960,240696
/localization/pose_estimator/pose_with_covariance,113244676960,1785852849984645046,78092753754843,113244676960,0
/localization/kinematic_state,113294676961,1785852850026062839,78092795172813,113294676961,0
/control/command/control_cmd,113294676961,1785852850026150923,78092795260551,113294676961,80
/localization/kinematic_state,113344676962,1785852850076255796,78092845365711,113344676962,0
/control/command/control_cmd,113344676962,1785852850076571627,78092845681314,113344676962,80
/sensing/lidar/top/pointcloud_raw_ex,113344676962,1785852850081226339,78092850336253,113344676962,239416
/localization/pose_estimator/pose_with_covariance,113344676962,1785852850084083855,78092853193644,113344676962,0
/localization/kinematic_state,113394676962,1785852850125766295,78092894876202,113394676962,0
/control/command/control_cmd,113394676962,1785852850126339050,78092895448936,113394676962,80
/localization/kinematic_state,113444676963,1785852850175936087,78092945045958,113444676963,0
/control/command/control_cmd,113444676963,1785852850176044130,78092945154087,113444676963,80
/sensing/lidar/top/pointcloud_raw_ex,113444676963,1785852850181510683,78092950620922,113444676963,236568
/localization/pose_estimator/pose_with_covariance,113444676963,1785852850184361639,78092953471542,113444676963,0
/control/command/control_cmd,113494676964,1785852850225758143,78092994867940,113494676964,80
/localization/kinematic_state,113494676964,1785852850226064369,78092995174220,113494676964,0
/localization/kinematic_state,113544676965,1785852850275499100,78093044608880,113544676965,0
/control/command/control_cmd,113544676965,1785852850276062151,78093045172068,113544676965,80
/sensing/lidar/top/pointcloud_raw_ex,113544676965,1785852850281588928,78093050699184,113544676965,237432
/localization/pose_estimator/pose_with_covariance,113544676965,1785852850284653234,78093053762984,113544676965,0
/localization/kinematic_state,113594676965,1785852850326864734,78093095974781,113594676965,0
/control/command/control_cmd,113594676965,1785852850326877040,78093095986653,113594676965,80
/localization/kinematic_state,113644676966,1785852850375680984,78093144790766,113644676966,0
/control/command/control_cmd,113644676966,1785852850375697743,78093144807356,113644676966,80
/sensing/lidar/top/pointcloud_raw_ex,113644676966,1785852850380818275,78093149928526,113644676966,239896
/localization/pose_estimator/pose_with_covariance,113644676966,1785852850383761499,78093152871184,113644676966,0
/localization/kinematic_state,113694676967,1785852850425668107,78093194778006,113694676967,0
/control/command/control_cmd,113694676967,1785852850426088326,78093195198081,113694676967,80
/localization/kinematic_state,113744676968,1785852850475485408,78093244595281,113744676968,0
/control/command/control_cmd,113744676968,1785852850477401299,78093246511421,113744676968,80
/sensing/lidar/top/pointcloud_raw_ex,113744676968,1785852850482208998,78093251319657,113744676968,239928
/localization/pose_estimator/pose_with_covariance,113744676968,1785852850485266295,78093254376158,113744676968,0
/localization/kinematic_state,113794676968,1785852850525852626,78093294962483,113794676968,0
/control/command/control_cmd,113794676968,1785852850526044085,78093295153894,113794676968,80
/localization/kinematic_state,113844676969,1785852850575839555,78093344949636,113844676969,0
/control/command/control_cmd,113844676969,1785852850576096471,78093345206126,113844676969,80
/sensing/lidar/top/pointcloud_raw_ex,113844676969,1785852850581766912,78093350877038,113844676969,238552
/localization/pose_estimator/pose_with_covariance,113844676969,1785852850584706850,78093353816792,113844676969,0
/localization/kinematic_state,113894676970,1785852850626154662,78093395264425,113894676970,0
/control/command/control_cmd,113894676970,1785852850626256027,78093395365745,113894676970,80
/control/command/control_cmd,113944676971,1785852850675965592,78093445075757,113944676971,80
/localization/kinematic_state,113944676971,1785852850676334632,78093445444403,113944676971,0
/sensing/lidar/top/pointcloud_raw_ex,113944676971,1785852850681463311,78093450573822,113944676971,236856
/localization/pose_estimator/pose_with_covariance,113944676971,1785852850684411691,78093453521576,113944676971,0
/localization/kinematic_state,113994676971,1785852850725762424,78093494872337,113994676971,0
/control/command/control_cmd,113994676971,1785852850726150288,78093495260182,113994676971,80
/localization/kinematic_state,114044676972,1785852850776181049,78093545291134,114044676972,0
/control/command/control_cmd,114044676972,1785852850776195847,78093545305561,114044676972,80
/sensing/lidar/top/pointcloud_raw_ex,114044676972,1785852850781430471,78093550540658,114044676972,239864
/localization/pose_estimator/pose_with_covariance,114044676972,1785852850784364211,78093553474097,114044676972,0
/localization/kinematic_state,114094676973,1785852850825751740,78093594861816,114094676973,0
/control/command/control_cmd,114094676973,1785852850826197453,78093595307358,114094676973,80
/control/command/control_cmd,114144676974,1785852850875439649,78093644549607,114144676974,80
/localization/kinematic_state,114144676974,1785852850876648301,78093645758065,114144676974,0
/sensing/lidar/top/pointcloud_raw_ex,114144676974,1785852850881110061,78093650220042,114144676974,237976
/localization/pose_estimator/pose_with_covariance,114144676974,1785852850883857738,78093652967631,114144676974,0
/localization/kinematic_state,114194676974,1785852850925764114,78093694874027,114194676974,0
/control/command/control_cmd,114194676974,1785852850925814787,78093694924521,114194676974,80
/localization/kinematic_state,114244676975,1785852850975839206,78093744949143,114244676975,0
/control/command/control_cmd,114244676975,1785852850976300826,78093745410691,114244676975,80
/sensing/lidar/top/pointcloud_raw_ex,114244676975,1785852850982677931,78093751788223,114244676975,241688
/localization/pose_estimator/pose_with_covariance,114244676975,1785852850985542289,78093754652075,114244676975,0
/localization/kinematic_state,114294676976,1785852851025731428,78093794841260,114294676976,0
/control/command/control_cmd,114294676976,1785852851026127650,78093795237489,114294676976,80
/localization/kinematic_state,114344676977,1785852851075964549,78093845074418,114344676977,0
/control/command/control_cmd,114344676977,1785852851075975661,78093845085272,114344676977,80
/sensing/lidar/top/pointcloud_raw_ex,114344676977,1785852851083109207,78093852219548,114344676977,239480
/localization/pose_estimator/pose_with_covariance,114344676977,1785852851086005120,78093855115117,114344676977,0
/control/command/control_cmd,114394676977,1785852851125810354,78093894920168,114394676977,80
/localization/kinematic_state,114394676977,1785852851126039842,78093895149629,114394676977,0
/localization/kinematic_state,114444676978,1785852851175710930,78093944820968,114444676978,0
/control/command/control_cmd,114444676978,1785852851176838789,78093945948712,114444676978,80
/sensing/lidar/top/pointcloud_raw_ex,114444676978,1785852851182162709,78093951272785,114444676978,240312
/localization/pose_estimator/pose_with_covariance,114444676978,1785852851184979466,78093954089177,114444676978,0
/localization/kinematic_state,114494676979,1785852851225659474,78093994769197,114494676979,0
/control/command/control_cmd,114494676979,1785852851225820859,78093994930512,114494676979,80
/control/command/control_cmd,114544676980,1785852851275815119,78094044925094,114544676980,80
/localization/kinematic_state,114544676980,1785852851275880043,78094044989665,114544676980,0
/sensing/lidar/top/pointcloud_raw_ex,114544676980,1785852851281071953,78094050181827,114544676980,237848
/localization/pose_estimator/pose_with_covariance,114544676980,1785852851284665418,78094053775307,114544676980,0
/localization/kinematic_state,114594676980,1785852851326153792,78094095263732,114594676980,0
/control/command/control_cmd,114594676980,1785852851326163540,78094095273168,114594676980,80
/localization/kinematic_state,114644676981,1785852851376072883,78094145182660,114644676981,0
/control/command/control_cmd,114644676981,1785852851376089812,78094145199435,114644676981,80
/sensing/lidar/top/pointcloud_raw_ex,114644676981,1785852851381417055,78094150526978,114644676981,237304
/localization/pose_estimator/pose_with_covariance,114644676981,1785852851384627252,78094153737192,114644676981,0
/control/command/control_cmd,114694676982,1785852851426564023,78094195674105,114694676982,80
/localization/kinematic_state,114694676982,1785852851426919773,78094196029585,114694676982,0
/localization/kinematic_state,114744676983,1785852851475927639,78094245037336,114744676983,0
/control/command/control_cmd,114744676983,1785852851476890015,78094246012480,114744676983,80
/sensing/lidar/top/pointcloud_raw_ex,114744676983,1785852851482420201,78094251530176,114744676983,241816
/localization/pose_estimator/pose_with_covariance,114744676983,1785852851485539538,78094254649288,114744676983,0
/localization/kinematic_state,114794676983,1785852851525861426,78094294971273,114794676983,0
/control/command/control_cmd,114794676983,1785852851526282011,78094295391628,114794676983,80
/control/command/control_cmd,114844676984,1785852851576405781,78094345515744,114844676984,80
/localization/kinematic_state,114844676984,1785852851576442489,78094345740780,114844676984,0
/sensing/lidar/top/pointcloud_raw_ex,114844676984,1785852851581087559,78094350197488,114844676984,241528
/localization/pose_estimator/pose_with_covariance,114844676984,1785852851584580704,78094353690608,114844676984,0
/control/command/control_cmd,114894676985,1785852851626323527,78094395433539,114894676985,80
/localization/kinematic_state,114894676985,1785852851627023881,78094396133670,114894676985,0
/control/command/control_cmd,114944676986,1785852851676579231,78094445689337,114944676986,80
/localization/kinematic_state,114944676986,1785852851677939753,78094447049522,114944676986,0
/sensing/lidar/top/pointcloud_raw_ex,114944676986,1785852851680876448,78094449986325,114944676986,237656
/localization/pose_estimator/pose_with_covariance,114944676986,1785852851683929336,78094453039287,114944676986,0
/localization/kinematic_state,114994676986,1785852851725927333,78094495037151,114994676986,0
/control/command/control_cmd,114994676986,1785852851726129346,78094495238977,114994676986,80
/localization/kinematic_state,115044676987,1785852851776218577,78094545328346,115044676987,0
/control/command/control_cmd,115044676987,1785852851776741814,78094545851679,115044676987,80
/sensing/lidar/top/pointcloud_raw_ex,115044676987,1785852851781427847,78094550537784,115044676987,238488
/localization/pose_estimator/pose_with_covariance,115044676987,1785852851784536736,78094553646611,115044676987,0
/localization/kinematic_state,115094676988,1785852851826256867,78094595366591,115094676988,0
/control/command/control_cmd,115094676988,1785852851826781892,78094595891680,115094676988,80
/localization/kinematic_state,115144676989,1785852851876408264,78094645517995,115144676989,0
/control/command/control_cmd,115144676989,1785852851877908809,78094647018512,115144676989,80
/sensing/lidar/top/pointcloud_raw_ex,115144676989,1785852851880873156,78094649983190,115144676989,242584
/localization/pose_estimator/pose_with_covariance,115144676989,1785852851883572208,78094652682084,115144676989,0
/localization/kinematic_state,115194676989,1785852851925988784,78094695098555,115194676989,0
/control/command/control_cmd,115194676989,1785852851926194569,78094695304433,115194676989,80
/localization/kinematic_state,115244676990,1785852851975482185,78094744592083,115244676990,0
/control/command/control_cmd,115244676990,1785852851975537647,78094744647478,115244676990,80
/sensing/lidar/top/pointcloud_raw_ex,115244676990,1785852851982148165,78094751258122,115244676990,240152
/localization/pose_estimator/pose_with_covariance,115244676990,1785852851985256388,78094754366334,115244676990,0
/localization/kinematic_state,115294676991,1785852852025655092,78094794764868,115294676991,0
/control/command/control_cmd,115294676991,1785852852025697738,78094794807395,115294676991,80
/control/command/control_cmd,115344676992,1785852852075592641,78094844702916,115344676992,80
/localization/kinematic_state,115344676992,1785852852075989984,78094845099709,115344676992,0
/sensing/lidar/top/pointcloud_raw_ex,115344676992,1785852852081154571,78094850264623,115344676992,236024
/localization/pose_estimator/pose_with_covariance,115344676992,1785852852084475457,78094853585356,115344676992,0
/localization/kinematic_state,115394676992,1785852852125764555,78094894874273,115394676992,0
/control/command/control_cmd,115394676992,1785852852126487903,78094895597694,115394676992,80
/localization/kinematic_state,115444676993,1785852852175373645,78094944483481,115444676993,0
/control/command/control_cmd,115444676993,1785852852178956509,78094948066709,115444676993,80
/sensing/lidar/top/pointcloud_raw_ex,115444676993,1785852852182047592,78094951157758,115444676993,238616
/localization/pose_estimator/pose_with_covariance,115444676993,1785852852185378924,78094954488787,115444676993,0
/localization/kinematic_state,115494676994,1785852852225850219,78094994960060,115494676994,0
/control/command/control_cmd,115494676994,1785852852226457074,78094995566990,115494676994,80
/localization/kinematic_state,115544676995,1785852852276452093,78095045561879,115544676995,0
/control/command/control_cmd,115544676995,1785852852276827065,78095045936956,115544676995,80
/sensing/lidar/top/pointcloud_raw_ex,115544676995,1785852852282830537,78095051940735,115544676995,242392
/localization/pose_estimator/pose_with_covariance,115544676995,1785852852286074577,78095055184444,115544676995,0
/localization/kinematic_state,115594676995,1785852852325965225,78095095075079,115594676995,0
/control/command/control_cmd,115594676995,1785852852326288270,78095095398077,115594676995,80
/control/command/control_cmd,115644676996,1785852852376163575,78095145273566,115644676996,80
/localization/kinematic_state,115644676996,1785852852376594860,78095145704623,115644676996,0
/sensing/lidar/top/pointcloud_raw_ex,115644676996,1785852852381706936,78095150817074,115644676996,239640
/localization/pose_estimator/pose_with_covariance,115644676996,1785852852384575347,78095153685033,115644676996,0
/localization/kinematic_state,115694676997,1785852852426501838,78095195611862,115694676997,0
/control/command/control_cmd,115694676997,1785852852426994257,78095196104012,115694676997,80
/localization/kinematic_state,115744676998,1785852852478924785,78095248034655,115744676998,0
/control/command/control_cmd,115744676998,1785852852478933314,78095248042925,115744676998,80
/sensing/lidar/top/pointcloud_raw_ex,115744676998,1785852852482594150,78095251703884,115744676998,238008
/localization/pose_estimator/pose_with_covariance,115744676998,1785852852485880019,78095254989767,115744676998,0
/localization/kinematic_state,115794676998,1785852852525943019,78095295052968,115794676998,0
/control/command/control_cmd,115794676998,1785852852525958791,78095295068439,115794676998,80
/localization/kinematic_state,115844676999,1785852852575888262,78095344998248,115844676999,0
/control/command/control_cmd,115844676999,1785852852576817669,78095345927461,115844676999,80
/sensing/lidar/top/pointcloud_raw_ex,115844676999,1785852852582641921,78095351752014,115844676999,238008
/localization/pose_estimator/pose_with_covariance,115844676999,1785852852585550975,78095354660761,115844676999,0
/localization/kinematic_state,115894677000,1785852852625858808,78095394968799,115894677000,0
/control/command/control_cmd,115894677000,1785852852626535065,78095395644882,115894677000,80
/localization/kinematic_state,115944677000,1785852852676626244,78095445736167,115944677000,0
/control/command/control_cmd,115944677000,1785852852676642730,78095445752342,115944677000,80
/sensing/lidar/top/pointcloud_raw_ex,115944677000,1785852852681552482,78095450662514,115944677000,238360
/localization/pose_estimator/pose_with_covariance,115944677000,1785852852684647973,78095453757867,115944677000,0
/localization/kinematic_state,115994677001,1785852852725834316,78095494944138,115994677001,0
/control/command/control_cmd,115994677001,1785852852726245742,78095495355508,115994677001,80
/localization/kinematic_state,116044677002,1785852852775658761,78095544768608,116044677002,0
/control/command/control_cmd,116044677002,1785852852776595533,78095545705395,116044677002,80
/sensing/lidar/top/pointcloud_raw_ex,116044677002,1785852852780511544,78095549621714,116044677002,239800
/localization/pose_estimator/pose_with_covariance,116044677002,1785852852783513014,78095552622958,116044677002,0
/control/command/control_cmd,116094677003,1785852852826069897,78095595179776,116094677003,80
/localization/kinematic_state,116094677003,1785852852826806507,78095595916234,116094677003,0
/localization/kinematic_state,116144677003,1785852852876241560,78095645351410,116144677003,0
/control/command/control_cmd,116144677003,1785852852876249172,78095645358782,116144677003,80
/sensing/lidar/top/pointcloud_raw_ex,116144677003,1785852852881518201,78095650628492,116144677003,236536
/localization/pose_estimator/pose_with_covariance,116144677003,1785852852885034941,78095654144769,116144677003,0
/localization/kinematic_state,116194677004,1785852852926228454,78095695338255,116194677004,0
/control/command/control_cmd,116194677004,1785852852926239114,78095695348729,116194677004,80
/localization/kinematic_state,116244677005,1785852852975814065,78095744923928,116244677005,0
/control/command/control_cmd,116244677005,1785852852976249460,78095745359153,116244677005,80
/sensing/lidar/top/pointcloud_raw_ex,116244677005,1785852852981852379,78095750962397,116244677005,237368
/localization/pose_estimator/pose_with_covariance,116244677005,1785852852984739959,78095753849694,116244677005,0
/control/command/control_cmd,116294677006,1785852853026102048,78095795211845,116294677006,80
/localization/kinematic_state,116294677006,1785852853026500063,78095795609776,116294677006,0
/localization/kinematic_state,116344677006,1785852853076196976,78095845307087,116344677006,0
/control/command/control_cmd,116344677006,1785852853076955810,78095846065693,116344677006,80
/sensing/lidar/top/pointcloud_raw_ex,116344677006,1785852853081234235,78095850344193,116344677006,242456
/localization/pose_estimator/pose_with_covariance,116344677006,1785852853084296747,78095853406601,116344677006,0
/localization/kinematic_state,116394677007,1785852853126056828,78095895166529,116394677007,0
/control/command/control_cmd,116394677007,1785852853127018097,78095896127960,116394677007,80
/localization/kinematic_state,116444677008,1785852853175746648,78095944856643,116444677008,0
/control/command/control_cmd,116444677008,1785852853176361516,78095945471362,116444677008,80
/sensing/lidar/top/pointcloud_raw_ex,116444677008,1785852853181569856,78095950680041,116444677008,239256
/localization/pose_estimator/pose_with_covariance,116444677008,1785852853184529700,78095953639483,116444677008,0
/localization/kinematic_state,116494677009,1785852853225782709,78095994892484,116494677009,0
/control/command/control_cmd,116494677009,1785852853227251389,78095996361351,116494677009,80
/control/command/control_cmd,116544677009,1785852853275761631,78096044871697,116544677009,80
/localization/kinematic_state,116544677009,1785852853276017620,78096045127372,116544677009,0
/sensing/lidar/top/pointcloud_raw_ex,116544677009,1785852853281299358,78096050409571,116544677009,238872
/localization/pose_estimator/pose_with_covariance,116544677009,1785852853284308218,78096053417985,116544677009,0
/control/command/control_cmd,116594677010,1785852853326335774,78096095445808,116594677010,80
/localization/kinematic_state,116594677010,1785852853326365196,78096095474813,116594677010,0
/localization/kinematic_state,116644677011,1785852853376269286,78096145379301,116644677011,0
/control/command/control_cmd,116644677011,1785852853376531301,78096145641004,116644677011,80
/sensing/lidar/top/pointcloud_raw_ex,116644677011,1785852853381611433,78096150721324,116644677011,239768
/localization/pose_estimator/pose_with_covariance,116644677011,1785852853384820995,78096153930775,116644677011,0
/localization/kinematic_state,116694677012,1785852853426172609,78096195282623,116694677012,0
/control/command/control_cmd,116694677012,1785852853426638639,78096195748639,116694677012,80
/control/command/control_cmd,116744677012,1785852853476919429,78096246029620,116744677012,80
/localization/kinematic_state,116744677012,1785852853477913739,78096247023388,116744677012,0
/sensing/lidar/top/pointcloud_raw_ex,116744677012,1785852853481634315,78096250744310,116744677012,238424
/localization/pose_estimator/pose_with_covariance,116744677012,1785852853484682630,78096253792416,116744677012,0
/localization/kinematic_state,116794677013,1785852853526123478,78096295233289,116794677013,0
/control/command/control_cmd,116794677013,1785852853526136112,78096295245704,116794677013,80
/localization/kinematic_state,116844677014,1785852853575373122,78096344482991,116844677014,0
/control/command/control_cmd,116844677014,1785852853577294060,78096346404053,116844677014,80
/sensing/lidar/top/pointcloud_raw_ex,116844677014,1785852853581421622,78096350531662,116844677014,238648
/localization/pose_estimator/pose_with_covariance,116844677014,1785852853585558209,78096354668003,116844677014,0
/localization/kinematic_state,116894677015,1785852853626621540,78096395731746,116894677015,0
/control/command/control_cmd,116894677015,1785852853627350233,78096396460075,116894677015,80
/control/command/control_cmd,116944677015,1785852853676212904,78096445322996,116944677015,80
/localization/kinematic_state,116944677015,1785852853677353966,78096446463716,116944677015,0
/sensing/lidar/top/pointcloud_raw_ex,116944677015,1785852853682993535,78096452103812,116944677015,236440
/localization/pose_estimator/pose_with_covariance,116944677015,1785852853686581758,78096455691854,116944677015,0
/localization/kinematic_state,116994677016,1785852853726868237,78096495978167,116994677016,0
/control/command/control_cmd,116994677016,1785852853726878342,78096495987962,116994677016,80
/localization/kinematic_state,117044677017,1785852853776086013,78096545195773,117044677017,0
/control/command/control_cmd,117044677017,1785852853776666948,78096545776691,117044677017,80
/sensing/lidar/top/pointcloud_raw_ex,117044677017,1785852853782960778,78096552071119,117044677017,237912
/localization/pose_estimator/pose_with_covariance,117044677017,1785852853786494481,78096555604626,117044677017,0
/localization/kinematic_state,117094677018,1785852853825665838,78096594775772,117094677018,0
/control/command/control_cmd,117094677018,1785852853825876830,78096594986722,117094677018,80
/localization/kinematic_state,117144677018,1785852853875685068,78096644794962,117144677018,0
/control/command/control_cmd,117144677018,1785852853877801100,78096646911003,117144677018,80
/sensing/lidar/top/pointcloud_raw_ex,117144677018,1785852853881361447,78096650471448,117144677018,239960
/localization/pose_estimator/pose_with_covariance,117144677018,1785852853884879518,78096653989240,117144677018,0
/localization/kinematic_state,117194677019,1785852853925937450,78096695047274,117194677019,0
/control/command/control_cmd,117194677019,1785852853925946696,78096695056309,117194677019,80
/localization/kinematic_state,117244677020,1785852853975962804,78096745072769,117244677020,0
/control/command/control_cmd,117244677020,1785852853977909511,78096747019410,117244677020,80
/sensing/lidar/top/pointcloud_raw_ex,117244677020,1785852853981244067,78096750354017,117244677020,238200
/localization/pose_estimator/pose_with_covariance,117244677020,1785852853984229674,78096753339775,117244677020,0
/localization/kinematic_state,117294677021,1785852854026517230,78096795627099,117294677021,0
/control/command/control_cmd,117294677021,1785852854026727778,78096795837475,117294677021,80
/localization/kinematic_state,117344677021,1785852854076311810,78096845421881,117344677021,0
/control/command/control_cmd,117344677021,1785852854076533448,78096845643310,117344677021,80
/sensing/lidar/top/pointcloud_raw_ex,117344677021,1785852854081490175,78096850600123,117344677021,240088
/localization/pose_estimator/pose_with_covariance,117344677021,1785852854084817951,78096853927672,117344677021,0
/localization/kinematic_state,117394677022,1785852854126624040,78096895733987,117394677022,0
/control/command/control_cmd,117394677022,1785852854126634673,78096895744284,117394677022,80
/localization/kinematic_state,117444677023,1785852854175801247,78096944911122,117444677023,0
/control/command/control_cmd,117444677023,1785852854176678158,78096945788154,117444677023,80
/sensing/lidar/top/pointcloud_raw_ex,117444677023,1785852854182806176,78096951916447,117444677023,238200
/localization/pose_estimator/pose_with_covariance,117444677023,1785852854185747898,78096954857694,117444677023,0
/localization/kinematic_state,117494677024,1785852854225746093,78096994856056,117494677024,0
/control/command/control_cmd,117494677024,1785852854226271101,78096995380830,117494677024,80
/localization/kinematic_state,117544677024,1785852854275812000,78097044921808,117544677024,0
/control/command/control_cmd,117544677024,1785852854276022153,78097045132123,117544677024,80
/sensing/lidar/top/pointcloud_raw_ex,117544677024,1785852854281733108,78097050843296,117544677024,238968
/localization/pose_estimator/pose_with_covariance,117544677024,1785852854285013061,78097054122770,117544677024,0
/control/command/control_cmd,117594677025,1785852854325679978,78097094790143,117594677025,80
/localization/kinematic_state,117594677025,1785852854325933939,78097095043697,117594677025,0
/localization/kinematic_state,117644677026,1785852854375715902,78097144825897,117644677026,0
/control/command/control_cmd,117644677026,1785852854377214888,78097146324939,117644677026,80
/sensing/lidar/top/pointcloud_raw_ex,117644677026,1785852854380658701,78097149768498,117644677026,238456
/localization/pose_estimator/pose_with_covariance,117644677026,1785852854383697470,78097152807364,117644677026,0
/control/command/control_cmd,117694677027,1785852854426189672,78097195299726,117694677027,80
/localization/kinematic_state,117694677027,1785852854426849494,78097195959253,117694677027,0
/control/command/control_cmd,117744677027,1785852854476626325,78097245736448,117744677027,80
/localization/kinematic_state,117744677027,1785852854476914553,78097246024342,117744677027,0
/sensing/lidar/top/pointcloud_raw_ex,117744677027,1785852854483002511,78097252112851,117744677027,237432
/localization/pose_estimator/pose_with_covariance,117744677027,1785852854486087217,78097255196913,117744677027,0
/localization/kinematic_state,117794677028,1785852854526394684,78097295504509,117794677028,0
/control/command/control_cmd,117794677028,1785852854526680200,78097295789868,117794677028,80
/localization/kinematic_state,117844677029,1785852854576657493,78097345767454,117844677029,0
/control/command/control_cmd,117844677029,1785852854577067484,78097346177282,117844677029,80
/sensing/lidar/top/pointcloud_raw_ex,117844677029,1785852854582600393,78097351710319,117844677029,238808
/localization/pose_estimator/pose_with_covariance,117844677029,1785852854585510662,78097354620387,117844677029,0
/localization/kinematic_state,117894677030,1785852854626171189,78097395280955,117894677030,0
/control/command/control_cmd,117894677030,1785852854626610448,78097395720380,117894677030,80
/localization/kinematic_state,117944677030,1785852854676259349,78097445369084,117944677030,0
/control/command/control_cmd,117944677030,1785852854676922590,78097446032443,117944677030,80
/sensing/lidar/top/pointcloud_raw_ex,117944677030,1785852854682357454,78097451467456,117944677030,237272
/localization/pose_estimator/pose_with_covariance,117944677030,1785852854685288585,78097454398318,117944677030,0
/control/command/control_cmd,117994677031,1785852854726398144,78097495508051,117994677031,80
/localization/kinematic_state,117994677031,1785852854726433114,78097495542744,117994677031,0
/localization/kinematic_state,118044677032,1785852854775901029,78097545010999,118044677032,0
/control/command/control_cmd,118044677032,1785852854776311409,78097545421242,118044677032,80
/sensing/lidar/top/pointcloud_raw_ex,118044677032,1785852854782286769,78097551396828,118044677032,239864
/localization/pose_estimator/pose_with_covariance,118044677032,1785852854785548089,78097554658177,118044677032,0
/localization/kinematic_state,118094677033,1785852854825860100,78097594969948,118094677033,0
/control/command/control_cmd,118094677033,1785852854826164457,78097595274321,118094677033,80
/localization/kinematic_state,118144677033,1785852854876442745,78097645552695,118144677033,0
/control/command/control_cmd,118144677033,1785852854876634920,78097645744576,118144677033,80
/sensing/lidar/top/pointcloud_raw_ex,118144677033,1785852854881955203,78097651065248,118144677033,239992
/localization/pose_estimator/pose_with_covariance,118144677033,1785852854885090652,78097654200500,118144677033,0
/localization/kinematic_state,118194677034,1785852854925990247,78097695100087,118194677034,0
/control/command/control_cmd,118194677034,1785852854926270443,78097695380229,118194677034,80
/localization/kinematic_state,118244677035,1785852854975112112,78097744222087,118244677035,0
/control/command/control_cmd,118244677035,1785852854975687727,78097744797620,118244677035,80
/sensing/lidar/top/pointcloud_raw_ex,118244677035,1785852854982029460,78097751139595,118244677035,236856
/localization/pose_estimator/pose_with_covariance,118244677035,1785852854985257477,78097754367321,118244677035,0
/control/command/control_cmd,118294677035,1785852855025617470,78097794727332,118294677035,80
/localization/kinematic_state,118294677035,1785852855026019743,78097795129461,118294677035,0
/localization/kinematic_state,118344677036,1785852855075176672,78097844286635,118344677036,0
/control/command/control_cmd,118344677036,1785852855076251175,78097845361101,118344677036,80
/sensing/lidar/top/pointcloud_raw_ex,118344677036,1785852855081195752,78097850305706,118344677036,239320
/localization/pose_estimator/pose_with_covariance,118344677036,1785852855085035528,78097854145379,118344677036,0
/control/command/control_cmd,118394677037,1785852855125843174,78097894953084,118394677037,80
/localization/kinematic_state,118394677037,1785852855125876269,78097894985911,118394677037,0
/localization/kinematic_state,118444677038,1785852855175639301,78097944749136,118444677038,0
/control/command/control_cmd,118444677038,1785852855177094627,78097946204601,118444677038,80
/sensing/lidar/top/pointcloud_raw_ex,118444677038,1785852855181759937,78097950869889,118444677038,236152
/localization/pose_estimator/pose_with_covariance,118444677038,1785852855184794893,78097953904805,118444677038,0
/localization/kinematic_state,118494677038,1785852855225332330,78097994442222,118494677038,0
/control/command/control_cmd,118494677038,1785852855225843688,78097994953432,118494677038,80
/localization/kinematic_state,118544677039,1785852855275987102,78098045096954,118544677039,0
/control/command/control_cmd,118544677039,1785852855276438913,78098045548802,118544677039,80
/sensing/lidar/top/pointcloud_raw_ex,118544677039,1785852855281517532,78098050627695,118544677039,237784
/localization/pose_estimator/pose_with_covariance,118544677039,1785852855284476639,78098053586437,118544677039,0
/control/command/control_cmd,118594677040,1785852855325574423,78098094684321,118594677040,80
/localization/kinematic_state,118594677040,1785852855325887217,78098094996874,118594677040,0
/control/command/control_cmd,118644677041,1785852855375779967,78098144889886,118644677041,80
/localization/kinematic_state,118644677041,1785852855376043728,78098145153507,118644677041,0
/sensing/lidar/top/pointcloud_raw_ex,118644677041,1785852855382805170,78098151915453,118644677041,238456
/localization/pose_estimator/pose_with_covariance,118644677041,1785852855385818240,78098154928021,118644677041,0
/control/command/control_cmd,118694677041,1785852855426309654,78098195419693,118694677041,80
/localization/kinematic_state,118694677041,1785852855427888543,78098196998289,118694677041,0
/localization/kinematic_state,118744677042,1785852855477049128,78098246159120,118744677042,0
/control/command/control_cmd,118744677042,1785852855477059562,78098246169201,118744677042,80
/sensing/lidar/top/pointcloud_raw_ex,118744677042,1785852855481987453,78098251097496,118744677042,234648
/localization/pose_estimator/pose_with_covariance,118744677042,1785852855485020308,78098254130115,118744677042,0
/localization/kinematic_state,118794677043,1785852855526114344,78098295224102,118794677043,0
/control/command/control_cmd,118794677043,1785852855527232800,78098296342767,118794677043,80
/control/command/control_cmd,118844677044,1785852855577980624,78098347090674,118844677044,80
/localization/kinematic_state,118844677044,1785852855578010156,78098347119779,118844677044,0
/sensing/lidar/top/pointcloud_raw_ex,118844677044,1785852855581106192,78098350216080,118844677044,239384
/localization/pose_estimator/pose_with_covariance,118844677044,1785852855584145685,78098353255524,118844677044,0
/localization/kinematic_state,118894677044,1785852855626174209,78098395284136,118894677044,0
/control/command/control_cmd,118894677044,1785852855626774445,78098395884480,118894677044,80
/localization/kinematic_state,118944677045,1785852855676411280,78098445521407,118944677045,0
/control/command/control_cmd,118944677045,1785852855676433715,78098445543356,118944677045,80
/sensing/lidar/top/pointcloud_raw_ex,118944677045,1785852855681263708,78098450373652,118944677045,234872
/localization/pose_estimator/pose_with_covariance,118944677045,1785852855684533734,78098453643662,118944677045,0
/localization/kinematic_state,118994677046,1785852855725858735,78098494968590,118994677046,0
/control/command/control_cmd,118994677046,1785852855726023852,78098495163575,118994677046,80
/localization/kinematic_state,119044677047,1785852855775736787,78098544846531,119044677047,0
/control/command/control_cmd,119044677047,1785852855776898904,78098546008772,119044677047,80
/sensing/lidar/top/pointcloud_raw_ex,119044677047,1785852855781358518,78098550468577,119044677047,241080
/localization/pose_estimator/pose_with_covariance,119044677047,1785852855784490153,78098553599980,119044677047,0
/control/command/control_cmd,119094677047,1785852855826092761,78098595202550,119094677047,80
/localization/kinematic_state,119094677047,1785852855826504528,78098595614295,119094677047,0
/control/command/control_cmd,119144677048,1785852855876262906,78098645372896,119144677048,80
/localization/kinematic_state,119144677048,1785852855878890301,78098648000019,119144677048,0
/sensing/lidar/top/pointcloud_raw_ex,119144677048,1785852855881436774,78098650546597,119144677048,238040
/localization/pose_estimator/pose_with_covariance,119144677048,1785852855884566341,78098653676119,119144677048,0
/localization/kinematic_state,119194677049,1785852855926159737,78098695269568,119194677049,0
/control/command/control_cmd,119194677049,1785852855926173345,78098695282960,119194677049,80
/localization/kinematic_state,119244677050,1785852855975971709,78098745081699,119244677050,0
/control/command/control_cmd,119244677050,1785852855975980738,78098745090329,119244677050,80
/sensing/lidar/top/pointcloud_raw_ex,119244677050,1785852855981276949,78098750387003,119244677050,239640
/localization/pose_estimator/pose_with_covariance,119244677050,1785852855984446750,78098753556678,119244677050,0
/localization/kinematic_state,119294677050,1785852856025931501,78098795041244,119294677050,0
/control/command/control_cmd,119294677050,1785852856025941956,78098795051558,119294677050,80
/localization/kinematic_state,119344677051,1785852856075519458,78098844629285,119344677051,0
/control/command/control_cmd,119344677051,1785852856075834953,78098844944638,119344677051,80
/sensing/lidar/top/pointcloud_raw_ex,119344677051,1785852856080436654,78098849546624,119344677051,239608
/localization/pose_estimator/pose_with_covariance,119344677051,1785852856083720171,78098852830153,119344677051,0
/control/command/control_cmd,119394677052,1785852856125827967,78098894938022,119394677052,80
/localization/kinematic_state,119394677052,1785852856125991033,78098895100825,119394677052,0
/localization/kinematic_state,119444677053,1785852856175498601,78098944608614,119444677053,0
/control/command/control_cmd,119444677053,1785852856176118813,78098945228614,119444677053,80
/sensing/lidar/top/pointcloud_raw_ex,119444677053,1785852856181882780,78098950992981,119444677053,239288
/localization/pose_estimator/pose_with_covariance,119444677053,1785852856184933146,78098954043153,119444677053,0
/localization/kinematic_state,119494677053,1785852856226652267,78098995762235,119494677053,0
/control/command/control_cmd,119494677053,1785852856226661113,78098995770752,119494677053,80
/localization/kinematic_state,119544677054,1785852856276247088,78099045356938,119544677054,0
/control/command/control_cmd,119544677054,1785852856276255546,78099045365162,119544677054,80
/sensing/lidar/top/pointcloud_raw_ex,119544677054,1785852856281442553,78099050552557,119544677054,236824
/localization/pose_estimator/pose_with_covariance,119544677054,1785852856284478499,78099053588180,119544677054,0
/localization/kinematic_state,119594677055,1785852856325635037,78099094744843,119594677055,0
/control/command/control_cmd,119594677055,1785852856326122097,78099095231906,119594677055,80
/localization/kinematic_state,119644677056,1785852856375851252,78099144961103,119644677056,0
/control/command/control_cmd,119644677056,1785852856376577340,78099145687122,119644677056,80
/sensing/lidar/top/pointcloud_raw_ex,119644677056,1785852856382686105,78099151796024,119644677056,238200
/localization/pose_estimator/pose_with_covariance,119644677056,1785852856385655640,78099154765445,119644677056,0
/localization/kinematic_state,119694677056,1785852856425972490,78099195082288,119694677056,0
/control/command/control_cmd,119694677056,1785852856426180639,78099195290569,119694677056,80
/localization/kinematic_state,119744677057,1785852856475878815,78099244988733,119744677057,0
/control/command/control_cmd,119744677057,1785852856477091732,78099246201853,119744677057,80
/sensing/lidar/top/pointcloud_raw_ex,119744677057,1785852856481624039,78099250734090,119744677057,238104
/localization/pose_estimator/pose_with_covariance,119744677057,1785852856484826607,78099253936511,119744677057,0
/localization/kinematic_state,119794677058,1785852856525772795,78099294882552,119794677058,0
/control/command/control_cmd,119794677058,1785852856526109282,78099295219085,119794677058,80
/localization/kinematic_state,119844677059,1785852856575507923,78099344617623,119844677059,0
/control/command/control_cmd,119844677059,1785852856576409421,78099345519199,119844677059,80
/sensing/lidar/top/pointcloud_raw_ex,119844677059,1785852856580858136,78099349968188,119844677059,240888
/localization/pose_estimator/pose_with_covariance,119844677059,1785852856584062786,78099353172602,119844677059,0
/control/command/control_cmd,119894677059,1785852856626736854,78099395847135,119894677059,80
/localization/kinematic_state,119894677059,1785852856627339077,78099396448883,119894677059,0
/localization/kinematic_state,119944677060,1785852856676561996,78099445671691,119944677060,0
/control/command/control_cmd,119944677060,1785852856678807697,78099447917390,119944677060,80
/sensing/lidar/top/pointcloud_raw_ex,119944677060,1785852856681577097,78099450686976,119944677060,238072
/localization/pose_estimator/pose_with_covariance,119944677060,1785852856684741938,78099453851705,119944677060,0
/localization/kinematic_state,119994677061,1785852856726322501,78099495432438,119994677061,0
/control/command/control_cmd,119994677061,1785852856726331293,78099495440890,119994677061,80
/localization/kinematic_state,120044677062,1785852856775844544,78099544954395,120044677062,0
/control/command/control_cmd,120044677062,1785852856777142998,78099546252797,120044677062,80
/sensing/lidar/top/pointcloud_raw_ex,120044677062,1785852856782086260,78099551196266,120044677062,240056
/localization/pose_estimator/pose_with_covariance,120044677062,1785852856785217596,78099554327452,120044677062,0
/localization/kinematic_state,120094677062,1785852856826362625,78099595472312,120094677062,0
/control/command/control_cmd,120094677062,1785852856826683143,78099595792865,120094677062,80
/localization/kinematic_state,120144677063,1785852856876358300,78099645468389,120144677063,0
/control/command/control_cmd,120144677063,1785852856876787458,78099645897298,120144677063,80
/sensing/lidar/top/pointcloud_raw_ex,120144677063,1785852856881511432,78099650621366,120144677063,237848
/localization/pose_estimator/pose_with_covariance,120144677063,1785852856884416249,78099653525987,120144677063,0
/localization/kinematic_state,120194677064,1785852856926144079,78099695253986,120194677064,0
/control/command/control_cmd,120194677064,1785852856926830900,78099695940624,120194677064,80
/localization/kinematic_state,120244677065,1785852856975684336,78099744794152,120244677065,0
/control/command/control_cmd,120244677065,1785852856975975984,78099745085885,120244677065,80
/sensing/lidar/top/pointcloud_raw_ex,120244677065,1785852856982296386,78099751406361,120244677065,237912
/localization/pose_estimator/pose_with_covariance,120244677065,1785852856985432858,78099754542769,120244677065,0
/localization/kinematic_state,120294677065,1785852857026077297,78099795187149,120294677065,0
/control/command/control_cmd,120294677065,1785852857026088979,78099795198618,120294677065,80
/localization/kinematic_state,120344677066,1785852857075874561,78099844984466,120344677066,0
/control/command/control_cmd,120344677066,1785852857075899731,78099845009337,120344677066,80
/sensing/lidar/top/pointcloud_raw_ex,120344677066,1785852857081239464,78099850349469,120344677066,236440
/localization/pose_estimator/pose_with_covariance,120344677066,1785852857084343522,78099853453361,120344677066,0
/localization/kinematic_state,120394677067,1785852857125853629,78099894963463,120394677067,0
/control/command/control_cmd,120394677067,1785852857125884268,78099894993866,120394677067,80
/localization/kinematic_state,120444677068,1785852857175713456,78099944823311,120444677068,0
/control/command/control_cmd,120444677068,1785852857177175056,78099946284887,120444677068,80
/sensing/lidar/top/pointcloud_raw_ex,120444677068,1785852857181042856,78099950152811,120444677068,238808
/localization/pose_estimator/pose_with_covariance,120444677068,1785852857184327119,78099953437068,120444677068,0
/localization/kinematic_state,120494677068,1785852857225702195,78099994811988,120494677068,0
/control/command/control_cmd,120494677068,1785852857225934206,78099995044108,120494677068,80
/localization/kinematic_state,120544677069,1785852857275664258,78100044774151,120544677069,0
/control/command/control_cmd,120544677069,1785852857276632866,78100045742610,120544677069,80
/sensing/lidar/top/pointcloud_raw_ex,120544677069,1785852857282002822,78100051112800,120544677069,237816
/localization/pose_estimator/pose_with_covariance,120544677069,1785852857285018835,78100054128643,120544677069,0
/localization/kinematic_state,120594677070,1785852857325862645,78100094972515,120594677070,0
/control/command/control_cmd,120594677070,1785852857326818602,78100095928535,120594677070,80
/localization/kinematic_state,120644677071,1785852857376048356,78100145158225,120644677071,0
/control/command/control_cmd,120644677071,1785852857376965311,78100146075259,120644677071,80
/sensing/lidar/top/pointcloud_raw_ex,120644677071,1785852857381868133,78100150978215,120644677071,239096
/localization/pose_estimator/pose_with_covariance,120644677071,1785852857385038937,78100154148874,120644677071,0
/localization/kinematic_state,120694677071,1785852857426836668,78100195946701,120694677071,0
/control/command/control_cmd,120694677071,1785852857426845433,78100195955035,120694677071,80
/control/command/control_cmd,120744677072,1785852857476403546,78100245513739,120744677072,80
/localization/kinematic_state,120744677072,1785852857476656129,78100245765912,120744677072,0
/sensing/lidar/top/pointcloud_raw_ex,120744677072,1785852857481812582,78100250922777,120744677072,239256
/localization/pose_estimator/pose_with_covariance,120744677072,1785852857485235031,78100254344976,120744677072,0
/localization/kinematic_state,120794677073,1785852857526383390,78100295493168,120794677073,0
/control/command/control_cmd,120794677073,1785852857527053006,78100296162806,120794677073,80
/localization/kinematic_state,120844677073,1785852857576201482,78100345311431,120844677073,0
/control/command/control_cmd,120844677073,1785852857576853123,78100345963183,120844677073,80
/sensing/lidar/top/pointcloud_raw_ex,120844677073,1785852857583161270,78100352271413,120844677073,237784
/localization/pose_estimator/pose_with_covariance,120844677073,1785852857586337210,78100355447196,120844677073,0
/localization/kinematic_state,120894677074,1785852857626037537,78100395147439,120894677074,0
/control/command/control_cmd,120894677074,1785852857626094513,78100395204213,120894677074,80
/localization/kinematic_state,120944677075,1785852857675848807,78100444958554,120944677075,0
/control/command/control_cmd,120944677075,1785852857676079263,78100445188997,120944677075,80
/sensing/lidar/top/pointcloud_raw_ex,120944677075,1785852857681482131,78100450593635,120944677075,235224
/localization/pose_estimator/pose_with_covariance,120944677075,1785852857684541708,78100453651563,120944677075,0
/localization/kinematic_state,120994677076,1785852857726009455,78100495119197,120994677076,0
/control/command/control_cmd,120994677076,1785852857726856572,78100495966475,120994677076,80
/localization/kinematic_state,121044677076,1785852857776793960,78100545904010,121044677076,0
/control/command/control_cmd,121044677076,1785852857777096879,78100546206763,121044677076,80
/sensing/lidar/top/pointcloud_raw_ex,121044677076,1785852857783029213,78100552139430,121044677076,240408
/localization/pose_estimator/pose_with_covariance,121044677076,1785852857786526054,78100555635851,121044677076,0
/localization/kinematic_state,121094677077,1785852857825812618,78100594922603,121094677077,0
/control/command/control_cmd,121094677077,1785852857826231607,78100595341471,121094677077,80
/control/command/control_cmd,121144677078,1785852857875868253,78100644978388,121144677078,80
/localization/kinematic_state,121144677078,1785852857876117873,78100645227632,121144677078,0
/sensing/lidar/top/pointcloud_raw_ex,121144677078,1785852857881726813,78100650836939,121144677078,235672
/localization/pose_estimator/pose_with_covariance,121144677078,1785852857884986248,78100654096216,121144677078,0
/localization/kinematic_state,121194677079,1785852857926121654,78100695231671,121194677079,0
/control/command/control_cmd,121194677079,1785852857926903497,78100696013365,121194677079,80
/localization/kinematic_state,121244677079,1785852857975636157,78100744746256,121244677079,0
/control/command/control_cmd,121244677079,1785852857976009995,78100745119925,121244677079,80
/sensing/lidar/top/pointcloud_raw_ex,121244677079,1785852857982592231,78100751702424,121244677079,239128
/localization/pose_estimator/pose_with_covariance,121244677079,1785852857985973598,78100755083729,121244677079,0
/localization/kinematic_state,121294677080,1785852858025625911,78100794735788,121294677080,0
/control/command/control_cmd,121294677080,1785852858025929194,78100795039221,121294677080,80
/localization/kinematic_state,121344677081,1785852858076067398,78100845177593,121344677081,0
/control/command/control_cmd,121344677081,1785852858076194665,78100845304509,121344677081,80
/sensing/lidar/top/pointcloud_raw_ex,121344677081,1785852858081675267,78100850785476,121344677081,243256
/localization/pose_estimator/pose_with_covariance,121344677081,1785852858084843798,78100853953595,121344677081,0
/localization/kinematic_state,121394677082,1785852858126296733,78100895406615,121394677082,0
/control/command/control_cmd,121394677082,1785852858126588773,78100895698493,121394677082,80
/localization/kinematic_state,121444677082,1785852858176434602,78100945544499,121444677082,0
/control/command/control_cmd,121444677082,1785852858176728043,78100945837884,121444677082,80
/sensing/lidar/top/pointcloud_raw_ex,121444677082,1785852858182772482,78100951882861,121444677082,237976
/localization/pose_estimator/pose_with_covariance,121444677082,1785852858185904065,78100955014129,121444677082,0
/localization/kinematic_state,121494677083,1785852858225723271,78100994833075,121494677083,0
/control/command/control_cmd,121494677083,1785852858226697042,78100995806821,121494677083,80
/localization/kinematic_state,121544677084,1785852858276361765,78101045471722,121544677084,0
/control/command/control_cmd,121544677084,1785852858276371413,78101045481028,121544677084,80
/sensing/lidar/top/pointcloud_raw_ex,121544677084,1785852858281241615,78101050351396,121544677084,238808
/localization/pose_estimator/pose_with_covariance,121544677084,1785852858284218964,78101053328720,121544677084,0
/localization/kinematic_state,121594677085,1785852858325945540,78101095055382,121594677085,0
/control/command/control_cmd,121594677085,1785852858326204501,78101095314203,121594677085,80
/control/command/control_cmd,121644677085,1785852858375935629,78101145045400,121644677085,80
/localization/kinematic_state,121644677085,1785852858376125410,78101145235203,121644677085,0
/sensing/lidar/top/pointcloud_raw_ex,121644677085,1785852858381701899,78101150812118,121644677085,237720
/localization/pose_estimator/pose_with_covariance,121644677085,1785852858384689250,78101153799061,121644677085,0
/control/command/control_cmd,121694677086,1785852858425827286,78101194937519,121694677086,80
/localization/kinematic_state,121694677086,1785852858426963364,78101196073349,121694677086,0
/localization/kinematic_state,121744677087,1785852858475946358,78101245056383,121744677087,0
/control/command/control_cmd,121744677087,1785852858476768345,78101245878152,121744677087,80
/sensing/lidar/top/pointcloud_raw_ex,121744677087,1785852858481594419,78101250704565,121744677087,240440
/localization/pose_estimator/pose_with_covariance,121744677087,1785852858485782897,78101254892879,121744677087,0
/control/command/control_cmd,121794677088,1785852858527288092,78101296398106,121794677088,80
/localization/kinematic_state,121794677088,1785852858527324744,78101296434379,121794677088,0
/localization/kinematic_state,121844677088,1785852858575943070,78101345053209,121844677088,0
/control/command/control_cmd,121844677088,1785852858576828940,78101345938795,121844677088,80
/sensing/lidar/top/pointcloud_raw_ex,121844677088,1785852858582629351,78101351739685,121844677088,238552
/localization/pose_estimator/pose_with_covariance,121844677088,1785852858586073116,78101355183028,121844677088,0
/localization/kinematic_state,121894677089,1785852858625711097,78101394820916,121894677089,0
/control/command/control_cmd,121894677089,1785852858626028828,78101395138505,121894677089,80
/localization/kinematic_state,121944677090,1785852858675970673,78101445080578,121944677090,0
/control/command/control_cmd,121944677090,1785852858676749415,78101445859359,121944677090,80
/sensing/lidar/top/pointcloud_raw_ex,121944677090,1785852858681257585,78101450367521,121944677090,238712
/localization/pose_estimator/pose_with_covariance,121944677090,1785852858684332901,78101453442803,121944677090,0
/localization/kinematic_state,121994677091,1785852858725798755,78101494908661,121994677091,0
/control/command/control_cmd,121994677091,1785852858726019722,78101495129497,121994677091,80
/localization/kinematic_state,122044677091,1785852858776285245,78101545395099,122044677091,0
/control/command/control_cmd,122044677091,1785852858777483344,78101546593245,122044677091,80
/sensing/lidar/top/pointcloud_raw_ex,122044677091,1785852858781947637,78101551057475,122044677091,241560
/localization/pose_estimator/pose_with_covariance,122044677091,1785852858785213326,78101554323164,122044677091,0
/localization/kinematic_state,122094677092,1785852858826105978,78101595215805,122094677092,0
/control/command/control_cmd,122094677092,1785852858826641095,78101595751287,122094677092,80
/localization/kinematic_state,122144677093,1785852858875760999,78101644870959,122144677093,0
/control/command/control_cmd,122144677093,1785852858877419765,78101646529706,122144677093,80
/sensing/lidar/top/pointcloud_raw_ex,122144677093,1785852858882364215,78101651475041,122144677093,237400
/localization/pose_estimator/pose_with_covariance,122144677093,1785852858885176646,78101654286550,122144677093,0
/localization/kinematic_state,122194677094,1785852858925882710,78101694992467,122194677094,0
/control/command/control_cmd,122194677094,1785852858926035976,78101695145652,122194677094,80
/localization/kinematic_state,122244677094,1785852858977976605,78101747086604,122244677094,0
/control/command/control_cmd,122244677094,1785852858977993034,78101747102647,122244677094,80
/sensing/lidar/top/pointcloud_raw_ex,122244677094,1785852858983008885,78101752118725,122244677094,236344
/localization/pose_estimator/pose_with_covariance,122244677094,1785852858985502815,78101754612588,122244677094,0
/control/command/control_cmd,122294677095,1785852859026995971,78101796106220,122294677095,80
/localization/kinematic_state,122294677095,1785852859027243765,78101796353470,122294677095,0
/localization/kinematic_state,122344677096,1785852859076299528,78101845409649,122344677096,0
/control/command/control_cmd,122344677096,1785852859076389881,78101845499785,122344677096,80
/sensing/lidar/top/pointcloud_raw_ex,122344677096,1785852859081777635,78101850887585,122344677096,237880
/localization/pose_estimator/pose_with_covariance,122344677096,1785852859084914135,78101854024044,122344677096,0
/localization/kinematic_state,122394677097,1785852859126712777,78101895822724,122394677097,0
/control/command/control_cmd,122394677097,1785852859126722073,78101895831707,122394677097,80
/localization/kinematic_state,122444677097,1785852859176107558,78101945217653,122444677097,0
/control/command/control_cmd,122444677097,1785852859176880764,78101945990714,122444677097,80
/sensing/lidar/top/pointcloud_raw_ex,122444677097,1785852859181500279,78101950610431,122444677097,240280
/localization/pose_estimator/pose_with_covariance,122444677097,1785852859184656059,78101953766021,122444677097,0
/localization/kinematic_state,122494677098,1785852859227487355,78101996597316,122494677098,0
/control/command/control_cmd,122494677098,1785852859227498637,78101996608272,122494677098,80
/localization/kinematic_state,122544677099,1785852859275582040,78102044692087,122544677099,0
/control/command/control_cmd,122544677099,1785852859275854131,78102044963881,122544677099,80
/sensing/lidar/top/pointcloud_raw_ex,122544677099,1785852859281383539,78102050493644,122544677099,242232
/localization/pose_estimator/pose_with_covariance,122544677099,1785852859284437364,78102053547245,122544677099,0
/localization/kinematic_state,122594677100,1785852859325933248,78102095043038,122594677100,0
/control/command/control_cmd,122594677100,1785852859326231941,78102095341645,122594677100,80
/localization/kinematic_state,122644677100,1785852859376353397,78102145463453,122644677100,0
/control/command/control_cmd,122644677100,1785852859376895577,78102146005431,122644677100,80
/sensing/lidar/top/pointcloud_raw_ex,122644677100,1785852859381879826,78102150990208,122644677100,240056
/localization/pose_estimator/pose_with_covariance,122644677100,1785852859384823588,78102153933374,122644677100,0
/localization/kinematic_state,122694677101,1785852859425906964,78102195016788,122694677101,0
/control/command/control_cmd,122694677101,1785852859426130706,78102195240537,122694677101,80
/localization/kinematic_state,122744677102,1785852859476486416,78102245596348,122744677102,0
/control/command/control_cmd,122744677102,1785852859476804638,78102245914549,122744677102,80
/sensing/lidar/top/pointcloud_raw_ex,122744677102,1785852859482438703,78102251548874,122744677102,238616
/localization/pose_estimator/pose_with_covariance,122744677102,1785852859485522725,78102254632535,122744677102,0
/localization/kinematic_state,122794677103,1785852859526663705,78102295773465,122794677103,0
/control/command/control_cmd,122794677103,1785852859526679694,78102295789309,122794677103,80
/localization/kinematic_state,122844677103,1785852859576014333,78102345124442,122844677103,0
/control/command/control_cmd,122844677103,1785852859576092238,78102345202179,122844677103,80
/sensing/lidar/top/pointcloud_raw_ex,122844677103,1785852859581618095,78102350728350,122844677103,240504
/localization/pose_estimator/pose_with_covariance,122844677103,1785852859584611886,78102353721835,122844677103,0
/localization/kinematic_state,122894677104,1785852859626227882,78102395337665,122894677104,0
/control/command/control_cmd,122894677104,1785852859626239942,78102395349559,122894677104,80
/control/command/control_cmd,122944677105,1785852859676011946,78102445122232,122944677105,80
/localization/kinematic_state,122944677105,1785852859676910160,78102446019971,122944677105,0
/sensing/lidar/top/pointcloud_raw_ex,122944677105,1785852859681733647,78102450843815,122944677105,239640
/localization/pose_estimator/pose_with_covariance,122944677105,1785852859684969473,78102454079305,122944677105,0
/localization/kinematic_state,122994677106,1785852859726006733,78102495116612,122994677106,0
/control/command/control_cmd,122994677106,1785852859726406589,78102495516405,122994677106,80
/localization/kinematic_state,123044677106,1785852859775987570,78102545097422,123044677106,0
/control/command/control_cmd,123044677106,1785852859777054536,78102546164245,123044677106,80
/sensing/lidar/top/pointcloud_raw_ex,123044677106,1785852859782432537,78102551542532,123044677106,237944
/localization/pose_estimator/pose_with_covariance,123044677106,1785852859785576453,78102554686334,123044677106,0
/localization/kinematic_state,123094677107,1785852859826074634,78102595184524,123094677107,0
/control/command/control_cmd,123094677107,1785852859826278212,78102595387943,123094677107,80
/localization/kinematic_state,123144677108,1785852859875885807,78102644995736,123144677108,0
/control/command/control_cmd,123144677108,1785852859877169718,78102646279662,123144677108,80
/sensing/lidar/top/pointcloud_raw_ex,123144677108,1785852859882430440,78102651540706,123144677108,237176
/localization/pose_estimator/pose_with_covariance,123144677108,1785852859885469869,78102654631427,123144677108,0
/localization/kinematic_state,123194677109,1785852859926229649,78102695339664,123194677109,0
/control/command/control_cmd,123194677109,1785852859926338014,78102695447673,123194677109,80
/localization/kinematic_state,123244677109,1785852859975941198,78102745051064,123244677109,0
/control/command/control_cmd,123244677109,1785852859976090571,78102745200516,123244677109,80
/sensing/lidar/top/pointcloud_raw_ex,123244677109,1785852859982374430,78102751484739,123244677109,240824
/localization/pose_estimator/pose_with_covariance,123244677109,1785852859986119263,78102755229172,123244677109,0
/localization/kinematic_state,123294677110,1785852860025741358,78102794851206,123294677110,0
/control/command/control_cmd,123294677110,1785852860026257854,78102795367823,123294677110,80
/localization/kinematic_state,123344677111,1785852860077948967,78102847059019,123344677111,0
/control/command/control_cmd,123344677111,1785852860079009494,78102848119227,123344677111,80
/sensing/lidar/top/pointcloud_raw_ex,123344677111,1785852860081603988,78102850713925,123344677111,240600
/localization/pose_estimator/pose_with_covariance,123344677111,1785852860084617079,78102853726795,123344677111,0
/localization/kinematic_state,123394677111,1785852860126251107,78102895361092,123394677111,0
/control/command/control_cmd,123394677111,1785852860126261265,78102895370883,123394677111,80
/localization/kinematic_state,123444677112,1785852860176196387,78102945306404,123444677112,0
/control/command/control_cmd,123444677112,1785852860178492522,78102947603130,123444677112,80
/sensing/lidar/top/pointcloud_raw_ex,123444677112,1785852860182133952,78102951243792,123444677112,236408
/localization/pose_estimator/pose_with_covariance,123444677112,1785852860185194395,78102954304295,123444677112,0
/localization/kinematic_state,123494677113,1785852860225952684,78102995062860,123494677113,0
/control/command/control_cmd,123494677113,1785852860226157881,78102995267530,123494677113,80
/localization/kinematic_state,123544677114,1785852860275480021,78103044590208,123544677114,0
/control/command/control_cmd,123544677114,1785852860276410315,78103045520229,123544677114,80
/sensing/lidar/top/pointcloud_raw_ex,123544677114,1785852860281309297,78103050419479,123544677114,240120
/localization/pose_estimator/pose_with_covariance,123544677114,1785852860284838728,78103053948850,123544677114,0
/control/command/control_cmd,123594677114,1785852860326371458,78103095481629,123594677114,80
/localization/kinematic_state,123594677114,1785852860326410637,78103095520292,123594677114,0
/localization/kinematic_state,123644677115,1785852860375855242,78103144965100,123644677115,0
/control/command/control_cmd,123644677115,1785852860375873824,78103144983455,123644677115,80
/sensing/lidar/top/pointcloud_raw_ex,123644677115,1785852860381441079,78103150551567,123644677115,238072
/localization/pose_estimator/pose_with_covariance,123644677115,1785852860384638553,78103153748638,123644677115,0
/localization/kinematic_state,123694677116,1785852860425880034,78103194989773,123694677116,0
/control/command/control_cmd,123694677116,1785852860426249534,78103195359345,123694677116,80
/control/command/control_cmd,123744677117,1785852860476105788,78103245215804,123744677117,80
/localization/kinematic_state,123744677117,1785852860476303142,78103245412936,123744677117,0
/sensing/lidar/top/pointcloud_raw_ex,123744677117,1785852860481792287,78103250902437,123744677117,238584
/localization/pose_estimator/pose_with_covariance,123744677117,1785852860484787311,78103253897469,123744677117,0
/localization/kinematic_state,123794677117,1785852860525976011,78103295085741,123794677117,0
/control/command/control_cmd,123794677117,1785852860526340192,78103295449894,123794677117,80
/control/command/control_cmd,123844677118,1785852860576573933,78103345683990,123844677118,80
/localization/kinematic_state,123844677118,1785852860576842434,78103345952325,123844677118,0
/sensing/lidar/top/pointcloud_raw_ex,123844677118,1785852860583076972,78103352187165,123844677118,238456
/localization/pose_estimator/pose_with_covariance,123844677118,1785852860586110064,78103355219927,123844677118,0
/localization/kinematic_state,123894677119,1785852860625907643,78103395017383,123894677119,0
/control/command/control_cmd,123894677119,1785852860626295760,78103395405562,123894677119,80
/localization/kinematic_state,123944677120,1785852860675824194,78103444934347,123944677120,0
/control/command/control_cmd,123944677120,1785852860676386094,78103445496063,123944677120,80
/sensing/lidar/top/pointcloud_raw_ex,123944677120,1785852860683255860,78103452366323,123944677120,237912
/localization/pose_estimator/pose_with_covariance,123944677120,1785852860686709933,78103455819831,123944677120,0
/localization/kinematic_state,123994677120,1785852860725849789,78103494959698,123994677120,0
/control/command/control_cmd,123994677120,1785852860725919067,78103495028954,123994677120,80
/control/command/control_cmd,124044677121,1785852860776253046,78103545363085,124044677121,80
/localization/kinematic_state,124044677121,1785852860776669503,78103545779250,124044677121,0
/sensing/lidar/top/pointcloud_raw_ex,124044677121,1785852860781440900,78103550551139,124044677121,239128
/localization/pose_estimator/pose_with_covariance,124044677121,1785852860784487266,78103553597231,124044677121,0
/localization/kinematic_state,124094677122,1785852860825821620,78103594931396,124094677122,0
/control/command/control_cmd,124094677122,1785852860826512999,78103595623278,124094677122,80
/localization/kinematic_state,124144677123,1785852860876956906,78103646066998,124144677123,0
/control/command/control_cmd,124144677123,1785852860876970796,78103646080483,124144677123,80
/sensing/lidar/top/pointcloud_raw_ex,124144677123,1785852860882387485,78103651497863,124144677123,236824
/localization/pose_estimator/pose_with_covariance,124144677123,1785852860886431836,78103655541700,124144677123,0
/control/command/control_cmd,124194677123,1785852860925786571,78103694896460,124194677123,80
/localization/kinematic_state,124194677123,1785852860925842293,78103694951920,124194677123,0
/localization/kinematic_state,124244677124,1785852860975952723,78103745062859,124244677124,0
/control/command/control_cmd,124244677124,1785852860977924963,78103747034892,124244677124,80
/sensing/lidar/top/pointcloud_raw_ex,124244677124,1785852860981682531,78103750792852,124244677124,241048
/localization/pose_estimator/pose_with_covariance,124244677124,1785852860984714291,78103753824160,124244677124,0
/localization/kinematic_state,124294677125,1785852861025551517,78103794661274,124294677125,0
/control/command/control_cmd,124294677125,1785852861026002843,78103795112682,124294677125,80
/localization/kinematic_state,124344677126,1785852861076182621,78103845292557,124344677126,0
/control/command/control_cmd,124344677126,1785852861076963794,78103846073609,124344677126,80
/sensing/lidar/top/pointcloud_raw_ex,124344677126,1785852861082271026,78103851381067,124344677126,238168
/localization/pose_estimator/pose_with_covariance,124344677126,1785852861085016034,78103854125842,124344677126,0
/localization/kinematic_state,124394677126,1785852861126317449,78103895427318,124394677126,0
/control/command/control_cmd,124394677126,1785852861126664613,78103895774537,124394677126,80
/localization/kinematic_state,124444677127,1785852861175710317,78103944820296,124444677127,0
/control/command/control_cmd,124444677127,1785852861176027292,78103945137120,124444677127,80
/sensing/lidar/top/pointcloud_raw_ex,124444677127,1785852861181550514,78103950660491,124444677127,236280
/localization/pose_estimator/pose_with_covariance,124444677127,1785852861184385842,78103953495549,124444677127,0
/localization/kinematic_state,124494677128,1785852861225559799,78103994669550,124494677128,0
/control/command/control_cmd,124494677128,1785852861226248035,78103995358066,124494677128,80
/localization/kinematic_state,124544677129,1785852861275589835,78104044699820,124544677129,0
/control/command/control_cmd,124544677129,1785852861277137382,78104046247330,124544677129,80
/sensing/lidar/top/pointcloud_raw_ex,124544677129,1785852861281454360,78104050564749,124544677129,239864
/localization/pose_estimator/pose_with_covariance,124544677129,1785852861284563310,78104053673128,124544677129,0
/localization/kinematic_state,124594677129,1785852861326293473,78104095403569,124594677129,0
/control/command/control_cmd,124594677129,1785852861326309144,78104095418757,124594677129,80
/localization/kinematic_state,124644677130,1785852861375929947,78104145039719,124644677130,0
/control/command/control_cmd,124644677130,1785852861376451078,78104145560856,124644677130,80
/sensing/lidar/top/pointcloud_raw_ex,124644677130,1785852861380628481,78104149738439,124644677130,236856
/localization/pose_estimator/pose_with_covariance,124644677130,1785852861383505949,78104152615942,124644677130,0
/localization/kinematic_state,124694677131,1785852861426153812,78104195263766,124694677131,0
/control/command/control_cmd,124694677131,1785852861426856509,78104195966387,124694677131,80
/localization/kinematic_state,124744677132,1785852861475941242,78104245051265,124744677132,0
/control/command/control_cmd,124744677132,1785852861475951334,78104245060936,124744677132,80
/sensing/lidar/top/pointcloud_raw_ex,124744677132,1785852861482231430,78104251341942,124744677132,236312
/localization/pose_estimator/pose_with_covariance,124744677132,1785852861485225233,78104254335145,124744677132,0
/localization/kinematic_state,124794677132,1785852861525944187,78104295054059,124794677132,0
/control/command/control_cmd,124794677132,1785852861526459277,78104295569192,124794677132,80
/localization/kinematic_state,124844677133,1785852861575667338,78104344777128,124844677133,0
/control/command/control_cmd,124844677133,1785852861576921532,78104346031466,124844677133,80
/sensing/lidar/top/pointcloud_raw_ex,124844677133,1785852861581541679,78104350651778,124844677133,238008
/localization/pose_estimator/pose_with_covariance,124844677133,1785852861584347766,78104353457643,124844677133,0
/control/command/control_cmd,124894677134,1785852861625838776,78104394948597,124894677134,80
/localization/kinematic_state,124894677134,1785852861626044628,78104395154439,124894677134,0
/localization/kinematic_state,124944677135,1785852861675904020,78104445013828,124944677135,0
/control/command/control_cmd,124944677135,1785852861676107534,78104445217158,124944677135,80
/sensing/lidar/top/pointcloud_raw_ex,124944677135,1785852861681236471,78104450346612,124944677135,238616
/localization/pose_estimator/pose_with_covariance,124944677135,1785852861684242628,78104453352411,124944677135,0
/localization/kinematic_state,124994677135,1785852861725799561,78104494909309,124994677135,0
/control/command/control_cmd,124994677135,1785852861726232159,78104495341978,124994677135,80
/localization/kinematic_state,125044677136,1785852861776113268,78104545223001,125044677136,0
/control/command/control_cmd,125044677136,1785852861776975373,78104546085197,125044677136,80
/sensing/lidar/top/pointcloud_raw_ex,125044677136,1785852861781795035,78104550904962,125044677136,236408
/localization/pose_estimator/pose_with_covariance,125044677136,1785852861784564969,78104553674715,125044677136,0
/localization/kinematic_state,125094677137,1785852861826872879,78104595982830,125094677137,0
/control/command/control_cmd,125094677137,1785852861826888020,78104595997636,125094677137,80
/localization/kinematic_state,125144677138,1785852861876079054,78104645188889,125144677138,0
/control/command/control_cmd,125144677138,1785852861876389628,78104645499497,125144677138,80
/sensing/lidar/top/pointcloud_raw_ex,125144677138,1785852861883536216,78104652646526,125144677138,239032
/localization/pose_estimator/pose_with_covariance,125144677138,1785852861886455260,78104655564978,125144677138,0
/localization/kinematic_state,125194677138,1785852861925947009,78104695057067,125194677138,0
/control/command/control_cmd,125194677138,1785852861926012627,78104695122463,125194677138,80
/localization/kinematic_state,125244677139,1785852861976822488,78104745932373,125244677139,0
/control/command/control_cmd,125244677139,1785852861976833115,78104745942729,125244677139,80
/sensing/lidar/top/pointcloud_raw_ex,125244677139,1785852861982131725,78104751242005,125244677139,237240
/localization/pose_estimator/pose_with_covariance,125244677139,1785852861984735727,78104753845659,125244677139,0
/control/command/control_cmd,125294677140,1785852862026354316,78104795464106,125294677140,80
/localization/kinematic_state,125294677140,1785852862027148934,78104796258660,125294677140,0
/localization/kinematic_state,125344677141,1785852862076105246,78104845214987,125344677141,0
/control/command/control_cmd,125344677141,1785852862076663648,78104845773399,125344677141,80
/sensing/lidar/top/pointcloud_raw_ex,125344677141,1785852862082160147,78104851270104,125344677141,238104
/localization/pose_estimator/pose_with_covariance,125344677141,1785852862085100294,78104854210149,125344677141,0
/localization/kinematic_state,125394677141,1785852862126616934,78104895726890,125394677141,0
/control/command/control_cmd,125394677141,1785852862126640829,78104895750480,125394677141,80
/localization/kinematic_state,125444677142,1785852862175672032,78104944781922,125444677142,0
/control/command/control_cmd,125444677142,1785852862176089584,78104945199450,125444677142,80
/sensing/lidar/top/pointcloud_raw_ex,125444677142,1785852862181540691,78104950650650,125444677142,240632
/localization/pose_estimator/pose_with_covariance,125444677142,1785852862184433639,78104953543428,125444677142,0
/localization/kinematic_state,125494677143,1785852862225689476,78104994799316,125494677143,0
/control/command/control_cmd,125494677143,1785852862226764246,78104995873913,125494677143,80
/localization/kinematic_state,125544677144,1785852862275967237,78105045076956,125544677144,0
/control/command/control_cmd,125544677144,1785852862275978279,78105045087888,125544677144,80
/sensing/lidar/top/pointcloud_raw_ex,125544677144,1785852862281718769,78105050828874,125544677144,238744
/localization/pose_estimator/pose_with_covariance,125544677144,1785852862284592909,78105053702773,125544677144,0
/localization/kinematic_state,125594677144,1785852862326160273,78105095270254,125594677144,0
/control/command/control_cmd,125594677144,1785852862326556556,78105095666315,125594677144,80
/localization/kinematic_state,125644677145,1785852862375810704,78105144920492,125644677145,0
/control/command/control_cmd,125644677145,1785852862376174901,78105145284652,125644677145,80
/sensing/lidar/top/pointcloud_raw_ex,125644677145,1785852862382167416,78105151277705,125644677145,235608
/localization/pose_estimator/pose_with_covariance,125644677145,1785852862384912414,78105154022160,125644677145,0
/localization/kinematic_state,125694677146,1785852862426857547,78105195967717,125694677146,0
/control/command/control_cmd,125694677146,1785852862426871535,78105195981231,125694677146,80
/localization/kinematic_state,125744677147,1785852862476235228,78105245345088,125744677147,0
/control/command/control_cmd,125744677147,1785852862476841999,78105245951749,125744677147,80
/sensing/lidar/top/pointcloud_raw_ex,125744677147,1785852862482642668,78105251752729,125744677147,236760
/localization/pose_estimator/pose_with_covariance,125744677147,1785852862484673125,78105253783103,125744677147,0
/localization/kinematic_state,125794677147,1785852862525926287,78105295036130,125794677147,0
/control/command/control_cmd,125794677147,1785852862525933837,78105295043449,125794677147,80
/localization/kinematic_state,125844677148,1785852862575756778,78105344866743,125844677148,0
/control/command/control_cmd,125844677148,1785852862576251461,78105345361297,125844677148,80
/sensing/lidar/top/pointcloud_raw_ex,125844677148,1785852862581728954,78105350839015,125844677148,238520
/localization/pose_estimator/pose_with_covariance,125844677148,1785852862584579112,78105353689013,125844677148,0
/localization/kinematic_state,125894677149,1785852862625866541,78105394976327,125894677149,0
/control/command/control_cmd,125894677149,1785852862626591272,78105395701059,125894677149,80
/localization/kinematic_state,125944677149,1785852862675919682,78105445029534,125944677149,0
/control/command/control_cmd,125944677149,1785852862676401631,78105445511529,125944677149,80
/sensing/lidar/top/pointcloud_raw_ex,125944677149,1785852862681897381,78105451007610,125944677149,239544
/localization/pose_estimator/pose_with_covariance,125944677149,1785852862684735886,78105453845603,125944677149,0
/control/command/control_cmd,125994677150,1785852862726633787,78105495743976,125994677150,80
/localization/kinematic_state,125994677150,1785852862727031380,78105496141138,125994677150,0
/localization/kinematic_state,126044677151,1785852862775730297,78105544840131,126044677151,0
/control/command/control_cmd,126044677151,1785852862777242202,78105546352063,126044677151,80
/sensing/lidar/top/pointcloud_raw_ex,126044677151,1785852862782046407,78105551156630,126044677151,238712
/localization/pose_estimator/pose_with_covariance,126044677151,1785852862784921269,78105554031041,126044677151,0
/localization/kinematic_state,126094677152,1785852862825750701,78105594860451,126094677152,0
/control/command/control_cmd,126094677152,1785852862826051313,78105595161314,126094677152,80
/localization/kinematic_state,126144677152,1785852862876202490,78105645312472,126144677152,0
/control/command/control_cmd,126144677152,1785852862877168466,78105646278263,126144677152,80
/sensing/lidar/top/pointcloud_raw_ex,126144677152,1785852862881293032,78105650403269,126144677152,238872
/localization/pose_estimator/pose_with_covariance,126144677152,1785852862884483966,78105653593780,126144677152,0
/localization/kinematic_state,126194677153,1785852862925691327,78105694801069,126194677153,0
/control/command/control_cmd,126194677153,1785852862925778457,78105694888265,126194677153,80
/localization/kinematic_state,126244677154,1785852862975769187,78105744878949,126244677154,0
/control/command/control_cmd,126244677154,1785852862975788602,78105744898220,126244677154,80
/sensing/lidar/top/pointcloud_raw_ex,126244677154,1785852862982216641,78105751326894,126244677154,237432
/localization/pose_estimator/pose_with_covariance,126244677154,1785852862985105739,78105754215794,126244677154,0
/control/command/control_cmd,126294677155,1785852863026006614,78105795116528,126294677155,80
/localization/kinematic_state,126294677155,1785852863026038482,78105795148113,126294677155,0
/localization/kinematic_state,126344677155,1785852863075329465,78105844439386,126344677155,0
/control/command/control_cmd,126344677155,1785852863076250363,78105845360230,126344677155,80
/sensing/lidar/top/pointcloud_raw_ex,126344677155,1785852863080427080,78105849537277,126344677155,240600
/localization/pose_estimator/pose_with_covariance,126344677155,1785852863083238905,78105852348859,126344677155,0
/control/command/control_cmd,126394677156,1785852863125867799,78105894977897,126394677156,80
/localization/kinematic_state,126394677156,1785852863126116658,78105895226516,126394677156,0
/localization/kinematic_state,126444677157,1785852863176946019,78105946055993,126444677157,0
/control/command/control_cmd,126444677157,1785852863176955936,78105946065527,126444677157,80
/sensing/lidar/top/pointcloud_raw_ex,126444677157,1785852863182202058,78105951312130,126444677157,239160
/localization/pose_estimator/pose_with_covariance,126444677157,1785852863184907111,78105954016792,126444677157,0
/control/command/control_cmd,126494677158,1785852863225844931,78105994954942,126494677158,80
/localization/kinematic_state,126494677158,1785852863226880158,78105995989903,126494677158,0
/localization/kinematic_state,126544677158,1785852863276072676,78106045182630,126544677158,0
/control/command/control_cmd,126544677158,1785852863276084030,78106045193643,126544677158,80
/sensing/lidar/top/pointcloud_raw_ex,126544677158,1785852863281588747,78106050698769,126544677158,238648
/localization/pose_estimator/pose_with_covariance,126544677158,1785852863284464362,78106053574299,126544677158,0
/localization/kinematic_state,126594677159,1785852863327266639,78106096376626,126594677159,0
/control/command/control_cmd,126594677159,1785852863327275087,78106096384711,126594677159,80
/localization/kinematic_state,126644677160,1785852863376945935,78106146055932,126644677160,0
/control/command/control_cmd,126644677160,1785852863376957095,78106146066741,126644677160,80
/sensing/lidar/top/pointcloud_raw_ex,126644677160,1785852863381799983,78106150910213,126644677160,237080
/localization/pose_estimator/pose_with_covariance,126644677160,1785852863384629471,78106153739358,126644677160,0
/control/command/control_cmd,126694677161,1785852863426488159,78106195598183,126694677161,80
/localization/kinematic_state,126694677161,1785852863426813944,78106195923711,126694677161,0
/control/command/control_cmd,126744677161,1785852863476299980,78106245409939,126744677161,80
/localization/kinematic_state,126744677161,1785852863476373388,78106245483177,126744677161,0
/sensing/lidar/top/pointcloud_raw_ex,126744677161,1785852863481496715,78106250606693,126744677161,236984
/localization/pose_estimator/pose_with_covariance,126744677161,1785852863484346940,78106253456717,126744677161,0
/localization/kinematic_state,126794677162,1785852863526290888,78106295400730,126794677162,0
/control/command/control_cmd,126794677162,1785852863526371439,78106295481324,126794677162,80
/localization/kinematic_state,126844677163,1785852863576820461,78106345930413,126844677163,0
/control/command/control_cmd,126844677163,1785852863576831719,78106345941326,126844677163,80
/sensing/lidar/top/pointcloud_raw_ex,126844677163,1785852863581919639,78106351029724,126844677163,239608
/localization/pose_estimator/pose_with_covariance,126844677163,1785852863584421558,78106353531282,126844677163,0
/localization/kinematic_state,126894677164,1785852863626089608,78106395199613,126894677164,0
/control/command/control_cmd,126894677164,1785852863626280993,78106395390639,126894677164,80
/control/command/control_cmd,126944677164,1785852863676511688,78106445621606,126944677164,80
/localization/kinematic_state,126944677164,1785852863677043027,78106446152770,126944677164,0
/sensing/lidar/top/pointcloud_raw_ex,126944677164,1785852863682572486,78106451682335,126944677164,236248
/localization/pose_estimator/pose_with_covariance,126944677164,1785852863685785060,78106454894748,126944677164,0
/localization/kinematic_state,126994677165,1785852863726129088,78106495238796,126994677165,0
/control/command/control_cmd,126994677165,1785852863726134772,78106495244362,126994677165,80
/localization/kinematic_state,127044677166,1785852863776964844,78106546074964,127044677166,0
/control/command/control_cmd,127044677166,1785852863776976520,78106546086133,127044677166,80
/sensing/lidar/top/pointcloud_raw_ex,127044677166,1785852863781451024,78106550561044,127044677166,238552
/localization/pose_estimator/pose_with_covariance,127044677166,1785852863784383153,78106553493144,127044677166,0
/localization/kinematic_state,127094677167,1785852863825530790,78106594640709,127094677167,0
/control/command/control_cmd,127094677167,1785852863826435316,78106595545092,127094677167,80
/localization/kinematic_state,127144677167,1785852863875707280,78106644817047,127144677167,0
/control/command/control_cmd,127144677167,1785852863877284855,78106646394895,127144677167,80
/sensing/lidar/top/pointcloud_raw_ex,127144677167,1785852863881964052,78106651074016,127144677167,235352
/localization/pose_estimator/pose_with_covariance,127144677167,1785852863884781493,78106653891297,127144677167,0
/control/command/control_cmd,127194677168,1785852863926889670,78106695999624,127194677168,80
/localization/kinematic_state,127194677168,1785852863926937773,78106696047417,127194677168,0
/control/command/control_cmd,127244677169,1785852863975611207,78106744721121,127244677169,80
/localization/kinematic_state,127244677169,1785852863975828404,78106744938148,127244677169,0
/sensing/lidar/top/pointcloud_raw_ex,127244677169,1785852863981023459,78106750133706,127244677169,237112
/localization/pose_estimator/pose_with_covariance,127244677169,1785852863984097801,78106753207584,127244677169,0
/control/command/control_cmd,127294677170,1785852864025651552,78106794761463,127294677170,80
/localization/kinematic_state,127294677170,1785852864025880755,78106794990398,127294677170,0
/localization/kinematic_state,127344677170,1785852864075397425,78106844507243,127344677170,0
/control/command/control_cmd,127344677170,1785852864075971557,78106845081328,127344677170,80
/sensing/lidar/top/pointcloud_raw_ex,127344677170,1785852864080904839,78106850014950,127344677170,237656
/localization/pose_estimator/pose_with_covariance,127344677170,1785852864083626644,78106852736431,127344677170,0
/localization/kinematic_state,127394677171,1785852864126090787,78106895200515,127394677171,0
/control/command/control_cmd,127394677171,1785852864126108625,78106895218232,127394677171,80
/localization/kinematic_state,127444677172,1785852864175714809,78106944824583,127444677172,0
/control/command/control_cmd,127444677172,1785852864177090980,78106946200815,127444677172,80
/sensing/lidar/top/pointcloud_raw_ex,127444677172,1785852864181350141,78106950460232,127444677172,238168
/localization/pose_estimator/pose_with_covariance,127444677172,1785852864184279185,78106953389098,127444677172,0
/localization/kinematic_state,127494677173,1785852864226911351,78106996021316,127494677173,0
/control/command/control_cmd,127494677173,1785852864226921820,78106996031423,127494677173,80
/localization/kinematic_state,127544677173,1785852864276020253,78107045130062,127544677173,0
/control/command/control_cmd,127544677173,1785852864276691737,78107045801529,127544677173,80
/sensing/lidar/top/pointcloud_raw_ex,127544677173,1785852864281642211,78107050752188,127544677173,240440
/localization/pose_estimator/pose_with_covariance,127544677173,1785852864284380255,78107053490189,127544677173,0
/localization/kinematic_state,127594677174,1785852864326017115,78107095127101,127594677174,0
/control/command/control_cmd,127594677174,1785852864326150743,78107095260667,127594677174,80
/localization/kinematic_state,127644677175,1785852864375794117,78107144903981,127644677175,0
/control/command/control_cmd,127644677175,1785852864376588740,78107145698459,127644677175,80
/sensing/lidar/top/pointcloud_raw_ex,127644677175,1785852864382091273,78107151201362,127644677175,237272
/localization/pose_estimator/pose_with_covariance,127644677175,1785852864385148340,78107154258118,127644677175,0
/control/command/control_cmd,127694677176,1785852864426698082,78107195807825,127694677176,80
/localization/kinematic_state,127694677176,1785852864426791642,78107195901403,127694677176,0
/localization/kinematic_state,127744677176,1785852864476560483,78107245670439,127744677176,0
/control/command/control_cmd,127744677176,1785852864476574795,78107245684426,127744677176,80
/sensing/lidar/top/pointcloud_raw_ex,127744677176,1785852864482924455,78107252034424,127744677176,240472
/localization/pose_estimator/pose_with_covariance,127744677176,1785852864485691461,78107254801358,127744677176,0
/control/command/control_cmd,127794677177,1785852864526878991,78107295989057,127794677177,80
/localization/kinematic_state,127794677177,1785852864526916016,78107296025657,127794677177,0
/control/command/control_cmd,127844677178,1785852864576967356,78107346077514,127844677178,80
/localization/kinematic_state,127844677178,1785852864576996773,78107346106404,127844677178,0
/sensing/lidar/top/pointcloud_raw_ex,127844677178,1785852864582085405,78107351195388,127844677178,241752
/localization/pose_estimator/pose_with_covariance,127844677178,1785852864584996618,78107354106384,127844677178,0
/localization/kinematic_state,127894677179,1785852864626234917,78107395344766,127894677179,0
/control/command/control_cmd,127894677179,1785852864626620608,78107395730325,127894677179,80
/localization/kinematic_state,127944677179,1785852864676675726,78107445785666,127944677179,0
/control/command/control_cmd,127944677179,1785852864677697313,78107446807069,127944677179,80
/sensing/lidar/top/pointcloud_raw_ex,127944677179,1785852864682647602,78107451757610,127944677179,240024
/localization/pose_estimator/pose_with_covariance,127944677179,1785852864685702759,78107454812570,127944677179,0
/control/command/control_cmd,127994677180,1785852864726556125,78107495666129,127994677180,80
/localization/kinematic_state,127994677180,1785852864727096239,78107496206030,127994677180,0
/localization/kinematic_state,128044677181,1785852864776397926,78107545507730,128044677181,0
/control/command/control_cmd,128044677181,1785852864776606929,78107545716565,128044677181,80
/sensing/lidar/top/pointcloud_raw_ex,128044677181,1785852864782187387,78107551297309,128044677181,240024
/localization/pose_estimator/pose_with_covariance,128044677181,1785852864785253245,78107554363012,128044677181,0
/localization/kinematic_state,128094677182,1785852864825689629,78107594799405,128094677182,0
/control/command/control_cmd,128094677182,1785852864826184050,78107595293872,128094677182,80
/localization/kinematic_state,128144677182,1785852864876227284,78107645337264,128144677182,0
/control/command/control_cmd,128144677182,1785852864876759677,78107645869462,128144677182,80
/sensing/lidar/top/pointcloud_raw_ex,128144677182,1785852864881249922,78107650359835,128144677182,240376
/localization/pose_estimator/pose_with_covariance,128144677182,1785852864884102994,78107653212870,128144677182,0
/localization/kinematic_state,128194677183,1785852864926875633,78107695985545,128194677183,0
/control/command/control_cmd,128194677183,1785852864926885421,78107695995035,128194677183,80
/localization/kinematic_state,128244677184,1785852864975947677,78107745057552,128244677184,0
/control/command/control_cmd,128244677184,1785852864977877985,78107746987900,128244677184,80
/sensing/lidar/top/pointcloud_raw_ex,128244677184,1785852864981465093,78107750575041,128244677184,234712
/localization/pose_estimator/pose_with_covariance,128244677184,1785852864984430275,78107753540202,128244677184,0
/control/command/control_cmd,128294677185,1785852865026311858,78107795421853,128294677185,80
/localization/kinematic_state,128294677185,1785852865026382072,78107795491853,128294677185,0
/localization/kinematic_state,128344677185,1785852865076072343,78107845182157,128344677185,0
/control/command/control_cmd,128344677185,1785852865077407340,78107846517164,128344677185,80
/sensing/lidar/top/pointcloud_raw_ex,128344677185,1785852865082100092,78107851210509,128344677185,241272
/localization/pose_estimator/pose_with_covariance,128344677185,1785852865085016282,78107854126060,128344677185,0
/control/command/control_cmd,128394677186,1785852865126561073,78107895671421,128394677186,80
/localization/kinematic_state,128394677186,1785852865126799817,78107895909519,128394677186,0
/control/command/control_cmd,128444677187,1785852865176506049,78107945616239,128444677187,80
/localization/kinematic_state,128444677187,1785852865178229458,78107947339609,128444677187,0
/sensing/lidar/top/pointcloud_raw_ex,128444677187,1785852865181546145,78107950655995,128444677187,239896
/localization/pose_estimator/pose_with_covariance,128444677187,1785852865184379140,78107953488973,128444677187,0
/localization/kinematic_state,128494677187,1785852865226631056,78107995741063,128494677187,0
/control/command/control_cmd,128494677187,1785852865226797585,78107995907490,128494677187,80
/localization/kinematic_state,128544677188,1785852865276061605,78108045171511,128544677188,0
/control/command/control_cmd,128544677188,1785852865276071792,78108045181433,128544677188,80
/sensing/lidar/top/pointcloud_raw_ex,128544677188,1785852865281750840,78108050861054,128544677188,240536
/localization/pose_estimator/pose_with_covariance,128544677188,1785852865284618778,78108053728638,128544677188,0
/localization/kinematic_state,128594677189,1785852865326059939,78108095169813,128594677189,0
/control/command/control_cmd,128594677189,1785852865326067965,78108095177573,128594677189,80
/localization/kinematic_state,128644677190,1785852865376026253,78108145135987,128644677190,0
/control/command/control_cmd,128644677190,1785852865376432906,78108145542666,128644677190,80
/sensing/lidar/top/pointcloud_raw_ex,128644677190,1785852865380720561,78108149830606,128644677190,238488
/localization/pose_estimator/pose_with_covariance,128644677190,1785852865383466278,78108152576059,128644677190,0
/localization/kinematic_state,128694677190,1785852865426410873,78108195520748,128694677190,0
/control/command/control_cmd,128694677190,1785852865426420313,78108195529941,128694677190,80
/localization/kinematic_state,128744677191,1785852865476809057,78108245918927,128744677191,0
/control/command/control_cmd,128744677191,1785852865476825473,78108245995099,128744677191,80
/sensing/lidar/top/pointcloud_raw_ex,128744677191,1785852865482563111,78108251673061,128744677191,237272
/localization/pose_estimator/pose_with_covariance,128744677191,1785852865485548807,78108254658641,128744677191,0
/localization/kinematic_state,128794677192,1785852865526146329,78108295256177,128794677192,0
/control/command/control_cmd,128794677192,1785852865526412800,78108295522440,128794677192,80
/localization/kinematic_state,128844677193,1785852865576276954,78108345386785,128844677193,0
/control/command/control_cmd,128844677193,1785852865576561925,78108345671578,128844677193,80
/sensing/lidar/top/pointcloud_raw_ex,128844677193,1785852865582428586,78108351538685,128844677193,238904
/localization/pose_estimator/pose_with_covariance,128844677193,1785852865585479280,78108354589134,128844677193,0
/localization/kinematic_state,128894677193,1785852865626147228,78108395256985,128894677193,0
/control/command/control_cmd,128894677193,1785852865626157577,78108395267200,128894677193,80
/localization/kinematic_state,128944677194,1785852865676146564,78108445256732,128944677194,0
/control/command/control_cmd,128944677194,1785852865676628160,78108445737928,128944677194,80
/sensing/lidar/top/pointcloud_raw_ex,128944677194,1785852865681477675,78108450587851,128944677194,235064
/localization/pose_estimator/pose_with_covariance,128944677194,1785852865684276851,78108453386588,128944677194,0
/localization/kinematic_state,128994677195,1785852865726080818,78108495190539,128994677195,0
/control/command/control_cmd,128994677195,1785852865726086348,78108495195943,128994677195,80
/localization/kinematic_state,129044677196,1785852865776067983,78108545177999,129044677196,0
/control/command/control_cmd,129044677196,1785852865777784359,78108546894463,129044677196,80
/sensing/lidar/top/pointcloud_raw_ex,129044677196,1785852865781772175,78108550882360,129044677196,236792
/localization/pose_estimator/pose_with_covariance,129044677196,1785852865784725288,78108553835013,129044677196,0
/localization/kinematic_state,129094677196,1785852865826152417,78108595262504,129094677196,0
/control/command/control_cmd,129094677196,1785852865826516873,78108595626739,129094677196,80
/localization/kinematic_state,129144677197,1785852865875788337,78108644898207,129144677197,0
/control/command/control_cmd,129144677197,1785852865876449117,78108645558939,129144677197,80
/sensing/lidar/top/pointcloud_raw_ex,129144677197,1785852865882172395,78108651282364,129144677197,240152
/localization/pose_estimator/pose_with_covariance,129144677197,1785852865885035260,78108654144983,129144677197,0
/control/command/control_cmd,129194677198,1785852865926260104,78108695370119,129194677198,80
/localization/kinematic_state,129194677198,1785852865926380942,78108695490678,129194677198,0
/control/command/control_cmd,129244677199,1785852865975770669,78108744880562,129244677199,80
/localization/kinematic_state,129244677199,1785852865976248770,78108745358481,129244677199,0
/sensing/lidar/top/pointcloud_raw_ex,129244677199,1785852865980460585,78108749570573,129244677199,240856
/localization/pose_estimator/pose_with_covariance,129244677199,1785852865983270783,78108752380477,129244677199,0
/localization/kinematic_state,129294677199,1785852866026006054,78108795115920,129294677199,0
/control/command/control_cmd,129294677199,1785852866027795872,78108796905694,129294677199,80
/localization/kinematic_state,129344677200,1785852866075609451,78108844719300,129344677200,0
/control/command/control_cmd,129344677200,1785852866076161552,78108845271379,129344677200,80
/sensing/lidar/top/pointcloud_raw_ex,129344677200,1785852866080787203,78108849897441,129344677200,238232
/localization/pose_estimator/pose_with_covariance,129344677200,1785852866083631328,78108852741199,129344677200,0
/control/command/control_cmd,129394677201,1785852866125908127,78108895018037,129394677201,80
/localization/kinematic_state,129394677201,1785852866126093965,78108895203765,129394677201,0
/localization/kinematic_state,129444677202,1785852866176626055,78108945735829,129444677202,0
/control/command/control_cmd,129444677202,1785852866176695688,78108945805623,129444677202,80
/sensing/lidar/top/pointcloud_raw_ex,129444677202,1785852866182449603,78108951559791,129444677202,243608
/localization/pose_estimator/pose_with_covariance,129444677202,1785852866185880683,78108954990548,129444677202,0
/control/command/control_cmd,129494677202,1785852866226543409,78108995653360,129494677202,80
/localization/kinematic_state,129494677202,1785852866226577980,78108995687600,129494677202,0
/localization/kinematic_state,129544677203,1785852866275435542,78109044545497,129544677203,0
/control/command/control_cmd,129544677203,1785852866276026010,78109045135840,129544677203,80
/sensing/lidar/top/pointcloud_raw_ex,129544677203,1785852866282035721,78109051145836,129544677203,238680
/localization/pose_estimator/pose_with_covariance,129544677203,1785852866285069396,78109054179245,129544677203,0
/localization/kinematic_state,129594677204,1785852866325762959,78109094872853,129594677204,0
/control/command/control_cmd,129594677204,1785852866326263131,78109095372853,129594677204,80
/localization/kinematic_state,129644677205,1785852866375879443,78109144989458,129644677205,0
/control/command/control_cmd,129644677205,1785852866376639751,78109145749704,129644677205,80
/sensing/lidar/top/pointcloud_raw_ex,129644677205,1785852866381433300,78109150543575,129644677205,238584
/localization/pose_estimator/pose_with_covariance,129644677205,1785852866384535381,78109153645096,129644677205,0
/control/command/control_cmd,129694677205,1785852866426643677,78109195753701,129694677205,80
/localization/kinematic_state,129694677205,1785852866426744890,78109195854660,129694677205,0
/localization/kinematic_state,129744677206,1785852866476552570,78109245662315,129744677206,0
/control/command/control_cmd,129744677206,1785852866476565332,78109245674988,129744677206,80
/sensing/lidar/top/pointcloud_raw_ex,129744677206,1785852866482165324,78109251275405,129744677206,238200
/localization/pose_estimator/pose_with_covariance,129744677206,1785852866485796548,78109254906306,129744677206,0
/localization/kinematic_state,129794677207,1785852866525817463,78109294927212,129794677207,0
/control/command/control_cmd,129794677207,1785852866526284745,78109295394660,129794677207,80
/control/command/control_cmd,129844677208,1785852866576412934,78109345522955,129844677208,80
/localization/kinematic_state,129844677208,1785852866576623503,78109345733196,129844677208,0
/sensing/lidar/top/pointcloud_raw_ex,129844677208,1785852866581888642,78109350998958,129844677208,238808
/localization/pose_estimator/pose_with_covariance,129844677208,1785852866584907094,78109354017087,129844677208,0
/localization/kinematic_state,129894677208,1785852866625914476,78109395024223,129894677208,0
/control/command/control_cmd,129894677208,1785852866626700700,78109395810501,129894677208,80
/localization/kinematic_state,129944677209,1785852866676330097,78109445440085,129944677209,0
/control/command/control_cmd,129944677209,1785852866676340008,78109445449647,129944677209,80
/sensing/lidar/top/pointcloud_raw_ex,129944677209,1785852866682339553,78109451449696,129944677209,237816
/localization/pose_estimator/pose_with_covariance,129944677209,1785852866685899412,78109455009242,129944677209,0
/control/command/control_cmd,129994677210,1785852866725767719,78109494877572,129994677210,80
/localization/kinematic_state,129994677210,1785852866726195003,78109495304620,129994677210,0
/localization/kinematic_state,130044677211,1785852866777189078,78109546299077,130044677211,0
/control/command/control_cmd,130044677211,1785852866777271584,78109546381412,130044677211,80
/sensing/lidar/top/pointcloud_raw_ex,130044677211,1785852866781146710,78109550256633,130044677211,237432
/localization/pose_estimator/pose_with_covariance,130044677211,1785852866785025505,78109554135275,130044677211,0
/localization/kinematic_state,130094677211,1785852866825913744,78109595023562,130094677211,0
/control/command/control_cmd,130094677211,1785852866826480822,78109595590600,130094677211,80
/control/command/control_cmd,130144677212,1785852866876585334,78109645695476,130144677212,80
/localization/kinematic_state,130144677212,1785852866877062262,78109646171990,130144677212,0
/sensing/lidar/top/pointcloud_raw_ex,130144677212,1785852866881487270,78109650597185,130144677212,238328
/localization/pose_estimator/pose_with_covariance,130144677212,1785852866884444289,78109653554249,130144677212,0
/localization/kinematic_state,130194677213,1785852866925843893,78109694953798,130194677213,0
/control/command/control_cmd,130194677213,1785852866926628370,78109695738242,130194677213,80
/localization/kinematic_state,130244677214,1785852866975867125,78109744977115,130244677214,0
/control/command/control_cmd,130244677214,1785852866975879900,78109744989533,130244677214,80
/sensing/lidar/top/pointcloud_raw_ex,130244677214,1785852866980822723,78109749932932,130244677214,240120
/localization/pose_estimator/pose_with_covariance,130244677214,1785852866984251914,78109753361829,130244677214,0
/control/command/control_cmd,130294677214,1785852867025328697,78109794438514,130294677214,80
/localization/kinematic_state,130294677214,1785852867025807324,78109794917073,130294677214,0
/localization/kinematic_state,130344677215,1785852867075624836,78109844734771,130344677215,0
/control/command/control_cmd,130344677215,1785852867075933937,78109845043858,130344677215,80
/sensing/lidar/top/pointcloud_raw_ex,130344677215,1785852867081158768,78109850268694,130344677215,240536
/localization/pose_estimator/pose_with_covariance,130344677215,1785852867084636089,78109853745987,130344677215,0
/localization/kinematic_state,130394677216,1785852867126326772,78109895436517,130394677216,0
/control/command/control_cmd,130394677216,1785852867126595275,78109895705106,130394677216,80
/localization/kinematic_state,130444677217,1785852867175833541,78109944943495,130444677217,0
/control/command/control_cmd,130444677217,1785852867176575470,78109945685357,130444677217,80
/sensing/lidar/top/pointcloud_raw_ex,130444677217,1785852867181704442,78109950814647,130444677217,240472
/localization/pose_estimator/pose_with_covariance,130444677217,1785852867184977002,78109954086832,130444677217,0
/localization/kinematic_state,130494677217,1785852867226383347,78109995493159,130494677217,0
/control/command/control_cmd,130494677217,1785852867226392351,78109995501962,130494677217,80
/localization/kinematic_state,130544677218,1785852867275545896,78110044655673,130544677218,0
/control/command/control_cmd,130544677218,1785852867276138057,78110045247912,130544677218,80
/sensing/lidar/top/pointcloud_raw_ex,130544677218,1785852867281597869,78110050707973,130544677218,241784
/localization/pose_estimator/pose_with_covariance,130544677218,1785852867284623269,78110053732967,130544677218,0
/localization/kinematic_state,130594677219,1785852867326417101,78110095527206,130594677219,0
/control/command/control_cmd,130594677219,1785852867326488827,78110095598507,130594677219,80
/localization/kinematic_state,130644677220,1785852867376577230,78110145687249,130644677220,0
/control/command/control_cmd,130644677220,1785852867376722168,78110145832031,130644677220,80
/sensing/lidar/top/pointcloud_raw_ex,130644677220,1785852867381927232,78110151037300,130644677220,241048
/localization/pose_estimator/pose_with_covariance,130644677220,1785852867385149636,78110154259534,130644677220,0
/control/command/control_cmd,130694677220,1785852867425934926,78110195044928,130694677220,80
/localization/kinematic_state,130694677220,1785852867426268330,78110195378050,130694677220,0
/localization/kinematic_state,130744677221,1785852867475626320,78110244736086,130744677221,0
/control/command/control_cmd,130744677221,1785852867477965140,78110247075367,130744677221,80
/sensing/lidar/top/pointcloud_raw_ex,130744677221,1785852867482513813,78110251623880,130744677221,237048
/localization/pose_estimator/pose_with_covariance,130744677221,1785852867485907234,78110255017139,130744677221,0
/localization/kinematic_state,130794677222,1785852867525554664,78110294664564,130794677222,0
/control/command/control_cmd,130794677222,1785852867526245286,78110295355063,130794677222,80
/localization/kinematic_state,130844677223,1785852867575326767,78110344436563,130844677223,0
/control/command/control_cmd,130844677223,1785852867575651051,78110344760740,130844677223,80
/sensing/lidar/top/pointcloud_raw_ex,130844677223,1785852867581025392,78110350135366,130844677223,236952
/localization/pose_estimator/pose_with_covariance,130844677223,1785852867584016492,78110353126196,130844677223,0
/control/command/control_cmd,130894677223,1785852867626066386,78110395176433,130894677223,80
/localization/kinematic_state,130894677223,1785852867627045220,78110396154947,130894677223,0
/control/command/control_cmd,130944677224,1785852867676154733,78110445264588,130944677224,80
/localization/kinematic_state,130944677224,1785852867676605333,78110445715183,130944677224,0
/sensing/lidar/top/pointcloud_raw_ex,130944677224,1785852867682464899,78110451574982,130944677224,240664
/localization/pose_estimator/pose_with_covariance,130944677224,1785852867686038227,78110455148279,130944677224,0
/control/command/control_cmd,130994677225,1785852867726259471,78110495369451,130994677225,80
/localization/kinematic_state,130994677225,1785852867726483916,78110495593688,130994677225,0
/localization/kinematic_state,131044677225,1785852867776356626,78110545466560,131044677225,0
/control/command/control_cmd,131044677225,1785852867777158734,78110546268699,131044677225,80
/sensing/lidar/top/pointcloud_raw_ex,131044677225,1785852867781231682,78110550341664,131044677225,240472
/localization/pose_estimator/pose_with_covariance,131044677225,1785852867784938947,78110554048996,131044677225,0
/localization/kinematic_state,131094677226,1785852867825974539,78110595084435,131094677226,0
/control/command/control_cmd,131094677226,1785852867826446731,78110595556545,131094677226,80
/localization/kinematic_state,131144677227,1785852867876809367,78110645919181,131144677227,0
/control/command/control_cmd,131144677227,1785852867877239186,78110646348848,131144677227,80
/sensing/lidar/top/pointcloud_raw_ex,131144677227,1785852867882225295,78110651335329,131144677227,235064
/localization/pose_estimator/pose_with_covariance,131144677227,1785852867885235049,78110654345050,131144677227,0
/localization/kinematic_state,131194677228,1785852867926433445,78110695543255,131194677228,0
/control/command/control_cmd,131194677228,1785852867926909622,78110696019426,131194677228,80
/localization/kinematic_state,131244677228,1785852867976162082,78110745271890,131244677228,0
/control/command/control_cmd,131244677228,1785852867976299639,78110745409533,131244677228,80
/sensing/lidar/top/pointcloud_raw_ex,131244677228,1785852867981784912,78110750894943,131244677228,238616
/localization/pose_estimator/pose_with_covariance,131244677228,1785852867984764164,78110753873924,131244677228,0
/control/command/control_cmd,131294677229,1785852868026610078,78110795720034,131294677229,80
/localization/kinematic_state,131294677229,1785852868026831575,78110795941352,131294677229,0
/localization/kinematic_state,131344677230,1785852868076125002,78110845234970,131344677230,0
/control/command/control_cmd,131344677230,1785852868076239151,78110845348922,131344677230,80
/sensing/lidar/top/pointcloud_raw_ex,131344677230,1785852868081404965,78110850515050,131344677230,240280
/localization/pose_estimator/pose_with_covariance,131344677230,1785852868085009764,78110854119673,131344677230,0
/control/command/control_cmd,131394677231,1785852868127499007,78110896608733,131394677231,80
/localization/kinematic_state,131394677231,1785852868127521189,78110896630774,131394677231,0
/control/command/control_cmd,131444677231,1785852868176948036,78110946057861,131444677231,80
/localization/kinematic_state,131444677231,1785852868176975836,78110946085469,131444677231,0
/sensing/lidar/top/pointcloud_raw_ex,131444677231,1785852868180932287,78110950042325,131444677231,238264
/localization/pose_estimator/pose_with_covariance,131444677231,1785852868184000558,78110953110531,131444677231,0
/localization/kinematic_state,131494677232,1785852868226969636,78110996079545,131494677232,0
/control/command/control_cmd,131494677232,1785852868226979290,78110996088904,131494677232,80
/localization/kinematic_state,131544677233,1785852868276444438,78111045554453,131544677233,0
/control/command/control_cmd,131544677233,1785852868276787456,78111045897427,131544677233,80
/sensing/lidar/top/pointcloud_raw_ex,131544677233,1785852868283234586,78111052344530,131544677233,241976
/localization/pose_estimator/pose_with_covariance,131544677233,1785852868286347818,78111055457673,131544677233,0
/localization/kinematic_state,131594677234,1785852868326325924,78111095435699,131594677234,0
/control/command/control_cmd,131594677234,1785852868326341297,78111095450930,131594677234,80
/control/command/control_cmd,131644677234,1785852868376924854,78111146035189,131644677234,80
/localization/kinematic_state,131644677234,1785852868377009858,78111146119667,131644677234,0
/sensing/lidar/top/pointcloud_raw_ex,131644677234,1785852868381828931,78111150939115,131644677234,237560
/localization/pose_estimator/pose_with_covariance,131644677234,1785852868384936381,78111154046259,131644677234,0
/localization/kinematic_state,131694677235,1785852868426827524,78111195937461,131694677235,0
/control/command/control_cmd,131694677235,1785852868426838093,78111195947716,131694677235,80
/control/command/control_cmd,131744677236,1785852868476072152,78111245182092,131744677236,80
/localization/kinematic_state,131744677236,1785852868476375380,78111245485184,131744677236,0
/sensing/lidar/top/pointcloud_raw_ex,131744677236,1785852868482075144,78111251185242,131744677236,236376
/localization/pose_estimator/pose_with_covariance,131744677236,1785852868485209321,78111254319435,131744677236,0
/control/command/control_cmd,131794677237,1785852868525794152,78111294904478,131794677237,80
/localization/kinematic_state,131794677237,1785852868526004959,78111295114775,131794677237,0
/localization/kinematic_state,131844677237,1785852868576048223,78111345158140,131844677237,0
/control/command/control_cmd,131844677237,1785852868576647715,78111345757646,131844677237,80
/sensing/lidar/top/pointcloud_raw_ex,131844677237,1785852868582378911,78111351489118,131844677237,239960
/localization/pose_estimator/pose_with_covariance,131844677237,1785852868585338821,78111354448703,131844677237,0
/localization/kinematic_state,131894677238,1785852868625966136,78111395075895,131894677238,0
/control/command/control_cmd,131894677238,1785852868626426132,78111395536013,131894677238,80
/control/command/control_cmd,131944677239,1785852868676430625,78111445540739,131944677239,80
/localization/kinematic_state,131944677239,1785852868676844034,78111445953905,131944677239,0
/sensing/lidar/top/pointcloud_raw_ex,131944677239,1785852868681983601,78111451093785,131944677239,236952
/localization/pose_estimator/pose_with_covariance,131944677239,1785852868685446969,78111454556896,131944677239,0
/control/command/control_cmd,131994677240,1785852868725831471,78111494941370,131994677240,80
/localization/kinematic_state,131994677240,1785852868726978413,78111496088144,131994677240,0
/localization/kinematic_state,132044677240,1785852868776190073,78111545299917,132044677240,0
/control/command/control_cmd,132044677240,1785852868777132405,78111546242456,132044677240,80
/sensing/lidar/top/pointcloud_raw_ex,132044677240,1785852868781513255,78111550623323,132044677240,236824
/localization/pose_estimator/pose_with_covariance,132044677240,1785852868784551307,78111553661275,132044677240,0
/control/command/control_cmd,132094677241,1785852868827265962,78111596375969,132094677241,80
/localization/kinematic_state,132094677241,1785852868827291745,78111596401369,132094677241,0
/localization/kinematic_state,132144677242,1785852868876797519,78111645907288,132144677242,0
/control/command/control_cmd,132144677242,1785852868877316347,78111646426132,132144677242,80
/sensing/lidar/top/pointcloud_raw_ex,132144677242,1785852868882051100,78111651161206,132144677242,239448
/localization/pose_estimator/pose_with_covariance,132144677242,1785852868885156913,78111654266731,132144677242,0
/control/command/control_cmd,132194677243,1785852868926113601,78111695223544,132194677243,80
/localization/kinematic_state,132194677243,1785852868926443111,78111695552803,132194677243,0
/localization/kinematic_state,132244677243,1785852868975818375,78111744928176,132244677243,0
/control/command/control_cmd,132244677243,1785852868975903734,78111745013690,132244677243,80
/sensing/lidar/top/pointcloud_raw_ex,132244677243,1785852868981788437,78111750898468,132244677243,244120
/localization/pose_estimator/pose_with_covariance,132244677243,1785852868984844407,78111753954145,132244677243,0
/localization/kinematic_state,132294677244,1785852869026141611,78111795251524,132294677244,0
/control/command/control_cmd,132294677244,1785852869026206579,78111795316416,132294677244,80
/localization/kinematic_state,132344677245,1785852869076792522,78111845902467,132344677245,0
/control/command/control_cmd,132344677245,1785852869076800976,78111845910591,132344677245,80
/sensing/lidar/top/pointcloud_raw_ex,132344677245,1785852869081533239,78111850643102,132344677245,236056
/localization/pose_estimator/pose_with_covariance,132344677245,1785852869084656490,78111853766495,132344677245,0
/localization/kinematic_state,132394677246,1785852869125633535,78111894743407,132394677246,0
/control/command/control_cmd,132394677246,1785852869125829000,78111894938906,132394677246,80
/localization/kinematic_state,132444677246,1785852869175948556,78111945058413,132444677246,0
/control/command/control_cmd,132444677246,1785852869176354057,78111945464019,132444677246,80
/sensing/lidar/top/pointcloud_raw_ex,132444677246,1785852869180615010,78111949725102,132444677246,238104
/localization/pose_estimator/pose_with_covariance,132444677246,1785852869183777706,78111952887653,132444677246,0
/localization/kinematic_state,132494677247,1785852869225727307,78111994837316,132494677247,0
/control/command/control_cmd,132494677247,1785852869226519895,78111995629673,132494677247,80
/localization/kinematic_state,132544677248,1785852869275797062,78112044906958,132544677248,0
/control/command/control_cmd,132544677248,1785852869276553598,78112045663392,132544677248,80
/sensing/lidar/top/pointcloud_raw_ex,132544677248,1785852869282162494,78112051272751,132544677248,236536
/localization/pose_estimator/pose_with_covariance,132544677248,1785852869285224756,78112054334616,132544677248,0
/localization/kinematic_state,132594677249,1785852869325958921,78112095068692,132594677249,0
/control/command/control_cmd,132594677249,1785852869325966097,78112095075707,132594677249,80
/localization/kinematic_state,132644677249,1785852869375719516,78112144829634,132644677249,0
/control/command/control_cmd,132644677249,1785852869376188281,78112145298404,132644677249,80
/sensing/lidar/top/pointcloud_raw_ex,132644677249,1785852869381854239,78112150964521,132644677249,235672
/localization/pose_estimator/pose_with_covariance,132644677249,1785852869384858564,78112153968349,132644677249,0
/control/command/control_cmd,132694677250,1785852869425997320,78112195107312,132694677250,80
/localization/kinematic_state,132694677250,1785852869427004871,78112196114605,132694677250,0
/control/command/control_cmd,132744677251,1785852869476294517,78112245404574,132744677251,80
/localization/kinematic_state,132744677251,1785852869476324495,78112245434117,132744677251,0
/sensing/lidar/top/pointcloud_raw_ex,132744677251,1785852869481373562,78112250483718,132744677251,238424
/localization/pose_estimator/pose_with_covariance,132744677251,1785852869484337433,78112253447436,132744677251,0
/localization/kinematic_state,132794677252,1785852869525741172,78112294850872,132794677252,0
/control/command/control_cmd,132794677252,1785852869526414489,78112295524432,132794677252,80
/localization/kinematic_state,132844677252,1785852869575923836,78112345033656,132844677252,0
/control/command/control_cmd,132844677252,1785852869576766906,78112345876669,132844677252,80
/sensing/lidar/top/pointcloud_raw_ex,132844677252,1785852869581564347,78112350674365,132844677252,241208
/localization/pose_estimator/pose_with_covariance,132844677252,1785852869584578026,78112353687822,132844677252,0
/localization/kinematic_state,132894677253,1785852869625771903,78112394881767,132894677253,0
/control/command/control_cmd,132894677253,1785852869626264558,78112395413382,132894677253,80
/control/command/control_cmd,132944677254,1785852869675744273,78112444854911,132944677254,80
/localization/kinematic_state,132944677254,1785852869678971562,78112448081460,132944677254,0
/sensing/lidar/top/pointcloud_raw_ex,132944677254,1785852869680669527,78112449779492,132944677254,239704
/localization/pose_estimator/pose_with_covariance,132944677254,1785852869683600983,78112452710754,132944677254,0
/localization/kinematic_state,132994677255,1785852869726238263,78112495348000,132994677255,0
/control/command/control_cmd,132994677255,1785852869726256513,78112495366136,132994677255,80
/localization/kinematic_state,133044677255,1785852869776019694,78112545129453,133044677255,0
/control/command/control_cmd,133044677255,1785852869777872252,78112546982693,133044677255,80
/sensing/lidar/top/pointcloud_raw_ex,133044677255,1785852869783045987,78112552155982,133044677255,240920
/localization/pose_estimator/pose_with_covariance,133044677255,1785852869786665296,78112555775334,133044677255,0
/localization/kinematic_state,133094677256,1785852869826068775,78112595178645,133094677256,0
/control/command/control_cmd,133094677256,1785852869827088999,78112596198841,133094677256,80
/localization/kinematic_state,133144677257,1785852869875534893,78112644644859,133144677257,0
/control/command/control_cmd,133144677257,1785852869876442334,78112645552329,133144677257,80
/sensing/lidar/top/pointcloud_raw_ex,133144677257,1785852869881049180,78112650159269,133144677257,237464
/localization/pose_estimator/pose_with_covariance,133144677257,1785852869884230355,78112653340185,133144677257,0
/control/command/control_cmd,133194677258,1785852869925751124,78112694861026,133194677258,80
/localization/kinematic_state,133194677258,1785852869926032944,78112695142671,133194677258,0
/localization/kinematic_state,133244677258,1785852869975395717,78112744505692,133244677258,0
/control/command/control_cmd,133244677258,1785852869976200545,78112745310296,133244677258,80
/sensing/lidar/top/pointcloud_raw_ex,133244677258,1785852869980685284,78112749795387,133244677258,237176
/localization/pose_estimator/pose_with_covariance,133244677258,1785852869983840809,78112752950710,133244677258,0
/localization/kinematic_state,133294677259,1785852870025898565,78112795008462,133294677259,0
/control/command/control_cmd,133294677259,1785852870026493508,78112795603240,133294677259,80
/localization/kinematic_state,133344677260,1785852870075756008,78112844865899,133344677260,0
/control/command/control_cmd,133344677260,1785852870075774605,78112844884240,133344677260,80
/sensing/lidar/top/pointcloud_raw_ex,133344677260,1785852870082105014,78112851215192,133344677260,241880
/localization/pose_estimator/pose_with_covariance,133344677260,1785852870085370164,78112854479889,133344677260,0
/localization/kinematic_state,133394677261,1785852870125915424,78112895025264,133394677261,0
/control/command/control_cmd,133394677261,1785852870126302484,78112895412192,133394677261,80
/localization/kinematic_state,133444677261,1785852870176234784,78112945344610,133444677261,0
/control/command/control_cmd,133444677261,1785852870177064073,78112946173920,133444677261,80
/sensing/lidar/top/pointcloud_raw_ex,133444677261,1785852870183355614,78112952465746,133444677261,238904
/localization/pose_estimator/pose_with_covariance,133444677261,1785852870186385354,78112955495178,133444677261,0
/control/command/control_cmd,133494677262,1785852870226169366,78112995279451,133494677262,80
/localization/kinematic_state,133494677262,1785852870226581666,78112995691449,133494677262,0
/control/command/control_cmd,133544677263,1785852870275918625,78113045028733,133544677263,80
/localization/kinematic_state,133544677263,1785852870276063061,78113045172838,133544677263,0
/sensing/lidar/top/pointcloud_raw_ex,133544677263,1785852870280742723,78113049853056,133544677263,234712
/localization/pose_estimator/pose_with_covariance,133544677263,1785852870283885330,78113052995434,133544677263,0
/control/command/control_cmd,133594677263,1785852870325727654,78113094837737,133594677263,80
/localization/kinematic_state,133594677263,1785852870326049811,78113095159693,133594677263,0
/localization/kinematic_state,133644677264,1785852870375955724,78113145065626,133644677264,0
/control/command/control_cmd,133644677264,1785852870376548710,78113145658698,133644677264,80
/sensing/lidar/top/pointcloud_raw_ex,133644677264,1785852870382125727,78113151236082,133644677264,237368
/localization/pose_estimator/pose_with_covariance,133644677264,1785852870385300626,78113154410543,133644677264,0
/localization/kinematic_state,133694677265,1785852870426043625,78113195153395,133694677265,0
/control/command/control_cmd,133694677265,1785852870427827673,78113196937506,133694677265,80
/localization/kinematic_state,133744677266,1785852870476419604,78113245529625,133744677266,0
/control/command/control_cmd,133744677266,1785852870476438613,78113245548239,133744677266,80
/sensing/lidar/top/pointcloud_raw_ex,133744677266,1785852870481653839,78113250763989,133744677266,241112
/localization/pose_estimator/pose_with_covariance,133744677266,1785852870484873741,78113253983704,133744677266,0
/localization/kinematic_state,133794677266,1785852870526198290,78113295308058,133794677266,0
/control/command/control_cmd,133794677266,1785852870527229786,78113296339607,133794677266,80
/localization/kinematic_state,133844677267,1785852870576241730,78113345351622,133844677267,0
/control/command/control_cmd,133844677267,1785852870576592521,78113345702416,133844677267,80
/sensing/lidar/top/pointcloud_raw_ex,133844677267,1785852870582016361,78113351126500,133844677267,241112
/localization/pose_estimator/pose_with_covariance,133844677267,1785852870584964493,78113354074274,133844677267,0
/control/command/control_cmd,133894677268,1785852870626771152,78113395880968,133894677268,80
/localization/kinematic_state,133894677268,1785852870627137631,78113396247371,133894677268,0
/localization/kinematic_state,133944677269,1785852870675764838,78113444890704,133944677269,0
/control/command/control_cmd,133944677269,1785852870676343348,78113445453111,133944677269,80
/sensing/lidar/top/pointcloud_raw_ex,133944677269,1785852870681318523,78113450428731,133944677269,236824
/localization/pose_estimator/pose_with_covariance,133944677269,1785852870684900763,78113454010586,133944677269,0
/localization/kinematic_state,133994677269,1785852870726027781,78113495137666,133994677269,0
/control/command/control_cmd,133994677269,1785852870726333147,78113495442796,133994677269,80
/localization/kinematic_state,134044677270,1785852870775923909,78113545034004,134044677270,0
/control/command/control_cmd,134044677270,1785852870775938094,78113545047721,134044677270,80
/sensing/lidar/top/pointcloud_raw_ex,134044677270,1785852870781755790,78113550865917,134044677270,238616
/localization/pose_estimator/pose_with_covariance,134044677270,1785852870784988593,78113554098399,134044677270,0
/localization/kinematic_state,134094677271,1785852870826035503,78113595145278,134094677271,0
/control/command/control_cmd,134094677271,1785852870826393767,78113595503667,134094677271,80
/localization/kinematic_state,134144677272,1785852870876962147,78113646072066,134144677272,0
/control/command/control_cmd,134144677272,1785852870876978230,78113646087873,134144677272,80
/sensing/lidar/top/pointcloud_raw_ex,134144677272,1785852870880815556,78113649925657,134144677272,241496
/localization/pose_estimator/pose_with_covariance,134144677272,1785852870883755533,78113652865492,134144677272,0
/localization/kinematic_state,134194677272,1785852870925462723,78113694572471,134194677272,0
/control/command/control_cmd,134194677272,1785852870925997172,78113695106974,134194677272,80
/localization/kinematic_state,134244677273,1785852870977002113,78113746112166,134244677273,0
/control/command/control_cmd,134244677273,1785852870977824291,78113746934156,134244677273,80
/sensing/lidar/top/pointcloud_raw_ex,134244677273,1785852870982459569,78113751569586,134244677273,238552
/localization/pose_estimator/pose_with_covariance,134244677273,1785852870985917926,78113755027725,134244677273,0
/localization/kinematic_state,134294677274,1785852871026257622,78113795367490,134294677274,0
/control/command/control_cmd,134294677274,1785852871026893818,78113796003506,134294677274,80
/control/command/control_cmd,134344677275,1785852871076139315,78113845249448,134344677275,80
/localization/kinematic_state,134344677275,1785852871076543883,78113845653723,134344677275,0
/sensing/lidar/top/pointcloud_raw_ex,134344677275,1785852871080791857,78113849901895,134344677275,238776
/localization/pose_estimator/pose_with_covariance,134344677275,1785852871083765310,78113852875310,134344677275,0
/control/command/control_cmd,134394677275,1785852871125624990,78113894735059,134394677275,80
/localization/kinematic_state,134394677275,1785852871125690728,78113894800483,134394677275,0
/localization/kinematic_state,134444677276,1785852871175748877,78113944858689,134444677276,0
/control/command/control_cmd,134444677276,1785852871175757243,78113944866876,134444677276,80
/sensing/lidar/top/pointcloud_raw_ex,134444677276,1785852871181237120,78113950347346,134444677276,239288
/localization/pose_estimator/pose_with_covariance,134444677276,1785852871184462840,78113953572832,134444677276,0
/localization/kinematic_state,134494677277,1785852871225777807,78113994887692,134494677277,0
/control/command/control_cmd,134494677277,1785852871226245742,78113995355592,134494677277,80
/localization/kinematic_state,134544677278,1785852871275832961,78114044942857,134544677278,0
/control/command/control_cmd,134544677278,1785852871275874316,78114044984231,134544677278,80
/sensing/lidar/top/pointcloud_raw_ex,134544677278,1785852871280330830,78114049440889,134544677278,238648
/localization/pose_estimator/pose_with_covariance,134544677278,1785852871283510353,78114052620323,134544677278,0
/control/command/control_cmd,134594677278,1785852871325612002,78114094722127,134594677278,80
/localization/kinematic_state,134594677278,1785852871326114780,78114095224503,134594677278,0
/localization/kinematic_state,134644677279,1785852871375438901,78114144548871,134644677279,0
/control/command/control_cmd,134644677279,1785852871375723706,78114144833568,134644677279,80
/sensing/lidar/top/pointcloud_raw_ex,134644677279,1785852871380964306,78114150074495,134644677279,241208
/localization/pose_estimator/pose_with_covariance,134644677279,1785852871383946842,78114153056623,134644677279,0
/localization/kinematic_state,134694677280,1785852871426013617,78114195123478,134694677280,0
/control/command/control_cmd,134694677280,1785852871427714797,78114196824636,134694677280,80
/localization/kinematic_state,134744677281,1785852871476058744,78114245168503,134744677281,0
/control/command/control_cmd,134744677281,1785852871476301587,78114245411382,134744677281,80
/sensing/lidar/top/pointcloud_raw_ex,134744677281,1785852871482424947,78114251535016,134744677281,241112
/localization/pose_estimator/pose_with_covariance,134744677281,1785852871485810071,78114254919864,134744677281,0
/control/command/control_cmd,134794677281,1785852871526164828,78114295274655,134794677281,80
/localization/kinematic_state,134794677281,1785852871526786205,78114295895958,134794677281,0
/localization/kinematic_state,134844677282,1785852871576834418,78114345944229,134844677282,0
/control/command/control_cmd,134844677282,1785852871578196117,78114347306057,134844677282,80
/sensing/lidar/top/pointcloud_raw_ex,134844677282,1785852871581499347,78114350609150,134844677282,238168
/localization/pose_estimator/pose_with_covariance,134844677282,1785852871584705165,78114353815003,134844677282,0
/localization/kinematic_state,134894677283,1785852871626089383,78114395199136,134894677283,0
/control/command/control_cmd,134894677283,1785852871626398413,78114395508323,134894677283,80
/localization/kinematic_state,134944677284,1785852871675935661,78114445045828,134944677284,0
/control/command/control_cmd,134944677284,1785852871677258231,78114446367997,134944677284,80
/sensing/lidar/top/pointcloud_raw_ex,134944677284,1785852871681535680,78114450645669,134944677284,240760
/localization/pose_estimator/pose_with_covariance,134944677284,1785852871684750613,78114453860575,134944677284,0
/localization/kinematic_state,134994677284,1785852871726303180,78114495413244,134994677284,0
/control/command/control_cmd,134994677284,1785852871726359036,78114495468657,134994677284,80
/localization/kinematic_state,135044677285,1785852871776195396,78114545305302,135044677285,0
/control/command/control_cmd,135044677285,1785852871776360605,78114545470304,135044677285,80
/sensing/lidar/top/pointcloud_raw_ex,135044677285,1785852871782036890,78114551146850,135044677285,242616
/localization/pose_estimator/pose_with_covariance,135044677285,1785852871784984459,78114554094330,135044677285,0
/localization/kinematic_state,135094677286,1785852871826360050,78114595469783,135094677286,0
/control/command/control_cmd,135094677286,1785852871826370452,78114595480082,135094677286,80
/localization/kinematic_state,135144677287,1785852871876266035,78114645375901,135144677287,0
/control/command/control_cmd,135144677287,1785852871876586065,78114645695875,135144677287,80
/sensing/lidar/top/pointcloud_raw_ex,135144677287,1785852871882680553,78114651790720,135144677287,238872
/localization/pose_estimator/pose_with_covariance,135144677287,1785852871885751903,78114654861674,135144677287,0
/localization/kinematic_state,135194677287,1785852871926578364,78114695688159,135194677287,0
/control/command/control_cmd,135194677287,1785852871927240508,78114696350261,135194677287,80
/localization/kinematic_state,135244677288,1785852871976051577,78114745161511,135244677288,0
/control/command/control_cmd,135244677288,1785852871976791303,78114745901276,135244677288,80
/sensing/lidar/top/pointcloud_raw_ex,135244677288,1785852871981184681,78114750294778,135244677288,239992
/localization/pose_estimator/pose_with_covariance,135244677288,1785852871984396433,78114753506467,135244677288,0
/control/command/control_cmd,135294677289,1785852872025835009,78114794945458,135294677289,80
/localization/kinematic_state,135294677289,1785852872025872128,78114794981770,135294677289,0
/localization/kinematic_state,135344677290,1785852872076335987,78114845445783,135344677290,0
/control/command/control_cmd,135344677290,1785852872078813730,78114847923796,135344677290,80
/sensing/lidar/top/pointcloud_raw_ex,135344677290,1785852872080990730,78114850100526,135344677290,237848
/localization/pose_estimator/pose_with_covariance,135344677290,1785852872084230980,78114853340766,135344677290,0
/localization/kinematic_state,135394677290,1785852872126425399,78114895535150,135394677290,0
/control/command/control_cmd,135394677290,1785852872126561720,78114895671349,135394677290,80
/localization/kinematic_state,135444677291,1785852872176795271,78114945905470,135444677291,0
/control/command/control_cmd,135444677291,1785852872176973129,78114946083139,135444677291,80
/sensing/lidar/top/pointcloud_raw_ex,135444677291,1785852872182766989,78114951877072,135444677291,238904
/localization/pose_estimator/pose_with_covariance,135444677291,1785852872186103604,78114955213551,135444677291,0
/localization/kinematic_state,135494677292,1785852872226249723,78114995359661,135494677292,0
/control/command/control_cmd,135494677292,1785852872228127840,78114997237669,135494677292,80
/control/command/control_cmd,135544677293,1785852872276879122,78115045989274,135544677293,80
/localization/kinematic_state,135544677293,1785852872276920651,78115046030278,135544677293,0
/sensing/lidar/top/pointcloud_raw_ex,135544677293,1785852872281430575,78115050540676,135544677293,239096
/localization/pose_estimator/pose_with_covariance,135544677293,1785852872284516787,78115053626727,135544677293,0
/control/command/control_cmd,135594677293,1785852872326450680,78115095560935,135594677293,80
/localization/kinematic_state,135594677293,1785852872326783200,78115095892945,135594677293,0
/localization/kinematic_state,135644677294,1785852872376378707,78115145488664,135644677294,0
/control/command/control_cmd,135644677294,1785852872376405657,78115145515298,135644677294,80
/sensing/lidar/top/pointcloud_raw_ex,135644677294,1785852872381407608,78115150517999,135644677294,239672
/localization/pose_estimator/pose_with_covariance,135644677294,1785852872384405384,78115153515178,135644677294,0
/localization/kinematic_state,135694677295,1785852872425966700,78115195076544,135694677295,0
/control/command/control_cmd,135694677295,1785852872426314626,78115195424542,135694677295,80
/localization/kinematic_state,135744677296,1785852872476373658,78115245483624,135744677296,0
/control/command/control_cmd,135744677296,1785852872476562985,78115245672842,135744677296,80
/sensing/lidar/top/pointcloud_raw_ex,135744677296,1785852872481479470,78115250589582,135744677296,235384
/localization/pose_estimator/pose_with_covariance,135744677296,1785852872484937014,78115254046935,135744677296,0
/control/command/control_cmd,135794677296,1785852872526081156,78115295191108,135794677296,80
/localization/kinematic_state,135794677296,1785852872526785616,78115295895404,135794677296,0
/control/command/control_cmd,135844677297,1785852872575914846,78115345024714,135844677297,80
/localization/kinematic_state,135844677297,1785852872575991599,78115345101277,135844677297,0
/sensing/lidar/top/pointcloud_raw_ex,135844677297,1785852872581520558,78115350630485,135844677297,238520
/localization/pose_estimator/pose_with_covariance,135844677297,1785852872584712724,78115353822507,135844677297,0
/localization/kinematic_state,135894677298,1785852872626796631,78115395906792,135894677298,0
/control/command/control_cmd,135894677298,1785852872626809609,78115395919301,135894677298,80
/control/command/control_cmd,135944677299,1785852872676057421,78115445167286,135944677299,80
/localization/kinematic_state,135944677299,1785852872676086376,78115445195995,135944677299,0
/sensing/lidar/top/pointcloud_raw_ex,135944677299,1785852872681064494,78115450174569,135944677299,235160
/localization/pose_estimator/pose_with_covariance,135944677299,1785852872684229981,78115453339873,135944677299,0
/localization/kinematic_state,135994677299,1785852872726244989,78115495354923,135994677299,0
/control/command/control_cmd,135994677299,1785852872726416621,78115495526318,135994677299,80
/control/command/control_cmd,136044677300,1785852872776242477,78115545352407,136044677300,80
/localization/kinematic_state,136044677300,1785852872776861160,78115545970919,136044677300,0
/sensing/lidar/top/pointcloud_raw_ex,136044677300,1785852872782523961,78115551633895,136044677300,240984
/localization/pose_estimator/pose_with_covariance,136044677300,1785852872785557193,78115554666880,136044677300,0
/localization/kinematic_state,136094677301,1785852872825839702,78115594949433,136094677301,0
/control/command/control_cmd,136094677301,1785852872826705791,78115595815632,136094677301,80
/localization/kinematic_state,136144677301,1785852872876858778,78115645968637,136144677301,0
/control/command/control_cmd,136144677301,1785852872876868657,78115645978278,136144677301,80
/sensing/lidar/top/pointcloud_raw_ex,136144677301,1785852872881445512,78115650555483,136144677301,235544
/localization/pose_estimator/pose_with_covariance,136144677301,1785852872884711252,78115653821173,136144677301,0
/localization/kinematic_state,136194677302,1785852872926066086,78115695175855,136194677302,0
/control/command/control_cmd,136194677302,1785852872926466292,78115695576212,136194677302,80
/control/command/control_cmd,136244677303,1785852872975445340,78115744555308,136244677303,80
/localization/kinematic_state,136244677303,1785852872975848467,78115744958364,136244677303,0
/sensing/lidar/top/pointcloud_raw_ex,136244677303,1785852872981884037,78115750994353,136244677303,237336
/localization/pose_estimator/pose_with_covariance,136244677303,1785852872985178730,78115754288505,136244677303,0
/localization/kinematic_state,136294677304,1785852873025840568,78115794950429,136294677304,0
/control/command/control_cmd,136294677304,1785852873025856024,78115794965640,136294677304,80
/localization/kinematic_state,136344677304,1785852873075662847,78115844772786,136344677304,0
/control/command/control_cmd,136344677304,1785852873075674612,78115844784231,136344677304,80
/sensing/lidar/top/pointcloud_raw_ex,136344677304,1785852873081026705,78115850136732,136344677304,238552
/localization/pose_estimator/pose_with_covariance,136344677304,1785852873084397783,78115853507752,136344677304,0
/control/command/control_cmd,136394677305,1785852873127339169,78115896449075,136394677305,80
/localization/kinematic_state,136394677305,1785852873127362302,78115896471904,136394677305,0
/localization/kinematic_state,136444677306,1785852873177134491,78115946244383,136444677306,0
/control/command/control_cmd,136444677306,1785852873178771234,78115947881127,136444677306,80
/sensing/lidar/top/pointcloud_raw_ex,136444677306,1785852873181398580,78115950508452,136444677306,236216
/localization/pose_estimator/pose_with_covariance,136444677306,1785852873184498334,78115953608270,136444677306,0
/control/command/control_cmd,136494677307,1785852873226612364,78115995722336,136494677307,80
/localization/kinematic_state,136494677307,1785852873227599198,78115996709114,136494677307,0
/localization/kinematic_state,136544677307,1785852873276568925,78116045678741,136544677307,0
/control/command/control_cmd,136544677307,1785852873276576902,78116045686499,136544677307,80
/sensing/lidar/top/pointcloud_raw_ex,136544677307,1785852873281136496,78116050246527,136544677307,239448
/localization/pose_estimator/pose_with_covariance,136544677307,1785852873284297569,78116053407328,136544677307,0
/control/command/control_cmd,136594677308,1785852873325962619,78116095072498,136594677308,80
/localization/kinematic_state,136594677308,1785852873326153292,78116095263139,136594677308,0
/control/command/control_cmd,136644677309,1785852873375993499,78116145103420,136644677309,80
/localization/kinematic_state,136644677309,1785852873376483218,78116145593059,136644677309,0
/sensing/lidar/top/pointcloud_raw_ex,136644677309,1785852873382261779,78116151371974,136644677309,239672
/localization/pose_estimator/pose_with_covariance,136644677309,1785852873385321689,78116154431450,136644677309,0
/localization/kinematic_state,136694677310,1785852873426015284,78116195125056,136694677310,0
/control/command/control_cmd,136694677310,1785852873426026181,78116195135809,136694677310,80
/localization/kinematic_state,136744677310,1785852873476226324,78116245336244,136744677310,0
/control/command/control_cmd,136744677310,1785852873476397694,78116245507488,136744677310,80
/sensing/lidar/top/pointcloud_raw_ex,136744677310,1785852873482263890,78116251373963,136744677310,240920
/localization/pose_estimator/pose_with_covariance,136744677310,1785852873485520570,78116254630373,136744677310,0
/localization/kinematic_state,136794677311,1785852873526965120,78116296075045,136794677311,0
/control/command/control_cmd,136794677311,1785852873526986236,78116296095899,136794677311,80
/localization/kinematic_state,136844677312,1785852873576142072,78116345251953,136844677312,0
/control/command/control_cmd,136844677312,1785852873576220576,78116345330212,136844677312,80
/sensing/lidar/top/pointcloud_raw_ex,136844677312,1785852873581554689,78116350664843,136844677312,238200
/localization/pose_estimator/pose_with_covariance,136844677312,1785852873584419908,78116353529698,136844677312,0
/control/command/control_cmd,136894677313,1785852873625775492,78116394885423,136894677313,80
/localization/kinematic_state,136894677313,1785852873626752740,78116395862489,136894677313,0
/control/command/control_cmd,136944677313,1785852873676064090,78116445174201,136944677313,80
/localization/kinematic_state,136944677313,1785852873676561338,78116445671038,136944677313,0
/sensing/lidar/top/pointcloud_raw_ex,136944677313,1785852873681501918,78116450612014,136944677313,238456
/localization/pose_estimator/pose_with_covariance,136944677313,1785852873684407962,78116453517756,136944677313,0
/localization/kinematic_state,136994677314,1785852873725816787,78116494926687,136994677314,0
/control/command/control_cmd,136994677314,1785852873725981234,78116495090903,136994677314,80
/control/command/control_cmd,137044677315,1785852873777280921,78116546391025,137044677315,80
/localization/kinematic_state,137044677315,1785852873778370133,78116547480070,137044677315,0
/sensing/lidar/top/pointcloud_raw_ex,137044677315,1785852873782238401,78116551348223,137044677315,237464
/localization/pose_estimator/pose_with_covariance,137044677315,1785852873785156521,78116554304861,137044677315,0
/control/command/control_cmd,137094677316,1785852873826747090,78116595857020,137094677316,80
/localization/kinematic_state,137094677316,1785852873827108525,78116596218336,137094677316,0
/localization/kinematic_state,137144677316,1785852873876743787,78116645853767,137144677316,0
/control/command/control_cmd,137144677316,1785852873876864194,78116645974104,137144677316,80
/sensing/lidar/top/pointcloud_raw_ex,137144677316,1785852873883288933,78116652399011,137144677316,235736
/localization/pose_estimator/pose_with_covariance,137144677316,1785852873886398452,78116655508273,137144677316,0
/control/command/control_cmd,137194677317,1785852873925945541,78116695055520,137194677317,80
/localization/kinematic_state,137194677317,1785852873926868834,78116695978594,137194677317,0
/localization/kinematic_state,137244677318,1785852873975901061,78116745010979,137244677318,0
/control/command/control_cmd,137244677318,1785852873976739837,78116745849779,137244677318,80
/sensing/lidar/top/pointcloud_raw_ex,137244677318,1785852873981269501,78116750379579,137244677318,236696
/localization/pose_estimator/pose_with_covariance,137244677318,1785852873984148121,78116753258004,137244677318,0
/localization/kinematic_state,137294677319,1785852874025627217,78116794737280,137294677319,0
/control/command/control_cmd,137294677319,1785852874025704708,78116794814627,137294677319,80
/localization/kinematic_state,137344677319,1785852874077627496,78116846737538,137344677319,0
/control/command/control_cmd,137344677319,1785852874077647985,78116846757671,137344677319,80
/sensing/lidar/top/pointcloud_raw_ex,137344677319,1785852874081407298,78116850517388,137344677319,236984
/localization/pose_estimator/pose_with_covariance,137344677319,1785852874084405862,78116853515656,137344677319,0
/localization/kinematic_state,137394677320,1785852874126014711,78116895124514,137394677320,0
/control/command/control_cmd,137394677320,1785852874126861939,78116895971833,137394677320,80
/localization/kinematic_state,137444677321,1785852874175948733,78116945058632,137444677321,0
/control/command/control_cmd,137444677321,1785852874176781630,78116945891408,137444677321,80
/sensing/lidar/top/pointcloud_raw_ex,137444677321,1785852874181676450,78116950786307,137444677321,240344
/localization/pose_estimator/pose_with_covariance,137444677321,1785852874184565198,78116953675095,137444677321,0
/localization/kinematic_state,137494677322,1785852874225806282,78116994916148,137494677322,0
/control/command/control_cmd,137494677322,1785852874226461436,78116995571346,137494677322,80
/localization/kinematic_state,137544677322,1785852874275554385,78117044664260,137544677322,0
/control/command/control_cmd,137544677322,1785852874275963406,78117045073126,137544677322,80
/sensing/lidar/top/pointcloud_raw_ex,137544677322,1785852874281165802,78117050275820,137544677322,241784
/localization/pose_estimator/pose_with_covariance,137544677322,1785852874284122215,78117053232108,137544677322,0
/control/command/control_cmd,137594677323,1785852874326967727,78117096077755,137594677323,80
/localization/kinematic_state,137594677323,1785852874327558211,78117096667938,137594677323,0
/localization/kinematic_state,137644677324,1785852874376101547,78117145211298,137644677324,0
/control/command/control_cmd,137644677324,1785852874376706021,78117145815949,137644677324,80
/sensing/lidar/top/pointcloud_raw_ex,137644677324,1785852874382280179,78117151390161,137644677324,240632
/localization/pose_estimator/pose_with_covariance,137644677324,1785852874385063564,78117154173404,137644677324,0
/localization/kinematic_state,137694677325,1785852874426717165,78117195826856,137694677325,0
/control/command/control_cmd,137694677325,1785852874426724235,78117195833856,137694677325,80
/localization/kinematic_state,137744677325,1785852874475768796,78117244878770,137744677325,0
/control/command/control_cmd,137744677325,1785852874477215194,78117246325086,137744677325,80
/sensing/lidar/top/pointcloud_raw_ex,137744677325,1785852874482429196,78117251539175,137744677325,237816
/localization/pose_estimator/pose_with_covariance,137744677325,1785852874485593077,78117254703120,137744677325,0
/localization/kinematic_state,137794677326,1785852874525966417,78117295076166,137794677326,0
/control/command/control_cmd,137794677326,1785852874526626691,78117295736450,137794677326,80
/localization/kinematic_state,137844677327,1785852874575778340,78117344888306,137844677327,0
/control/command/control_cmd,137844677327,1785852874576928367,78117346038156,137844677327,80
/sensing/lidar/top/pointcloud_raw_ex,137844677327,1785852874581895751,78117351005784,137844677327,240952
/localization/pose_estimator/pose_with_covariance,137844677327,1785852874585114056,78117354223849,137844677327,0
/localization/kinematic_state,137894677328,1785852874626026608,78117395136593,137894677328,0
/control/command/control_cmd,137894677328,1785852874626039653,78117395149421,137894677328,80
/localization/kinematic_state,137944677328,1785852874675676332,78117444786072,137944677328,0
/control/command/control_cmd,137944677328,1785852874677102585,78117446212595,137944677328,80
/sensing/lidar/top/pointcloud_raw_ex,137944677328,1785852874682851291,78117451961593,137944677328,236120
/localization/pose_estimator/pose_with_covariance,137944677328,1785852874685795127,78117454904935,137944677328,0
/control/command/control_cmd,137994677329,1785852874725970856,78117495080732,137994677329,80
/localization/kinematic_state,137994677329,1785852874726930621,78117496040333,137994677329,0
/control/command/control_cmd,138044677330,1785852874776093167,78117545203187,138044677330,80
/localization/kinematic_state,138044677330,1785852874776669460,78117545779192,138044677330,0
/sensing/lidar/top/pointcloud_raw_ex,138044677330,1785852874781048496,78117550158456,138044677330,239416
/localization/pose_estimator/pose_with_covariance,138044677330,1785852874784206726,78117553316551,138044677330,0
/control/command/control_cmd,138094677331,1785852874825511958,78117594621904,138094677331,80
/localization/kinematic_state,138094677331,1785852874826017609,78117595127430,138094677331,0
/control/command/control_cmd,138144677331,1785852874876510989,78117645621253,138144677331,80
/localization/kinematic_state,138144677331,1785852874877245613,78117646355456,138144677331,0
/sensing/lidar/top/pointcloud_raw_ex,138144677331,1785852874883729449,78117652839601,138144677331,239448
/localization/pose_estimator/pose_with_covariance,138144677331,1785852874887610996,78117656720782,138144677331,0
/localization/kinematic_state,138194677332,1785852874926827048,78117695936959,138194677332,0
/control/command/control_cmd,138194677332,1785852874926838439,78117695948071,138194677332,80
/localization/kinematic_state,138244677333,1785852874976656280,78117745766298,138244677333,0
/control/command/control_cmd,138244677333,1785852874977556642,78117746666635,138244677333,80
/sensing/lidar/top/pointcloud_raw_ex,138244677333,1785852874981909952,78117751019901,138244677333,241208
/localization/pose_estimator/pose_with_covariance,138244677333,1785852874985229723,78117754339900,138244677333,0
/control/command/control_cmd,138294677334,1785852875026263132,78117795373413,138294677334,80
/localization/kinematic_state,138294677334,1785852875026489673,78117795599434,138294677334,0
/localization/kinematic_state,138344677334,1785852875075883944,78117844993697,138344677334,0
/control/command/control_cmd,138344677334,1785852875076219342,78117845329104,138344677334,80
/sensing/lidar/top/pointcloud_raw_ex,138344677334,1785852875081841649,78117850951891,138344677334,239640
/localization/pose_estimator/pose_with_covariance,138344677334,1785852875085484361,78117854594271,138344677334,0
/control/command/control_cmd,138394677335,1785852875126789191,78117895899075,138394677335,80
/localization/kinematic_state,138394677335,1785852875126816848,78117895926483,138394677335,0
/localization/kinematic_state,138444677336,1785852875176284914,78117945394679,138444677336,0
/control/command/control_cmd,138444677336,1785852875176293705,78117945403302,138444677336,80
/sensing/lidar/top/pointcloud_raw_ex,138444677336,1785852875181406099,78117950516168,138444677336,238648
/localization/pose_estimator/pose_with_covariance,138444677336,1785852875184990582,78117954100766,138444677336,0
/localization/kinematic_state,138494677337,1785852875226351562,78117995461305,138494677337,0
/control/command/control_cmd,138494677337,1785852875226476756,78117995586656,138494677337,80
/control/command/control_cmd,138544677337,1785852875275790813,78118044900734,138544677337,80
/localization/kinematic_state,138544677337,1785852875276145659,78118045255453,138544677337,0
/sensing/lidar/top/pointcloud_raw_ex,138544677337,1785852875281502936,78118050613014,138544677337,239896
/localization/pose_estimator/pose_with_covariance,138544677337,1785852875284501626,78118053611513,138544677337,0
/localization/kinematic_state,138594677338,1785852875326002694,78118095112446,138594677338,0
/control/command/control_cmd,138594677338,1785852875326028514,78118095138142,138594677338,80
/localization/kinematic_state,138644677339,1785852875376212174,78118145321913,138644677339,0
/control/command/control_cmd,138644677339,1785852875377165808,78118146275761,138644677339,80
/sensing/lidar/top/pointcloud_raw_ex,138644677339,1785852875381995215,78118151105131,138644677339,239000
/localization/pose_estimator/pose_with_covariance,138644677339,1785852875384961675,78118154071470,138644677339,0
/localization/kinematic_state,138694677339,1785852875425790074,78118194900080,138694677339,0
/control/command/control_cmd,138694677339,1785852875426487983,78118195597805,138694677339,80
/control/command/control_cmd,138744677340,1785852875476250504,78118245360757,138744677340,80
/localization/kinematic_state,138744677340,1785852875476562436,78118245672241,138744677340,0
/sensing/lidar/top/pointcloud_raw_ex,138744677340,1785852875481717552,78118250827615,138744677340,237560
/localization/pose_estimator/pose_with_covariance,138744677340,1785852875484698336,78118253808174,138744677340,0
/localization/kinematic_state,138794677341,1785852875527048240,78118296158701,138794677341,0
/control/command/control_cmd,138794677341,1785852875527881739,78118296992041,138794677341,80
/localization/kinematic_state,138844677342,1785852875575837139,78118344947060,138844677342,0
/control/command/control_cmd,138844677342,1785852875576618039,78118345727950,138844677342,80
/sensing/lidar/top/pointcloud_raw_ex,138844677342,1785852875581970559,78118351080494,138844677342,236632
/localization/pose_estimator/pose_with_covariance,138844677342,1785852875584994877,78118354104784,138844677342,0
/control/command/control_cmd,138894677342,1785852875626084445,78118395194524,138894677342,80
/localization/kinematic_state,138894677342,1785852875626404127,78118395513832,138894677342,0
/localization/kinematic_state,138944677343,1785852875675922617,78118445032372,138944677343,0
/control/command/control_cmd,138944677343,1785852875676561470,78118445671676,138944677343,80
/sensing/lidar/top/pointcloud_raw_ex,138944677343,1785852875683319996,78118452430154,138944677343,238232
/localization/pose_estimator/pose_with_covariance,138944677343,1785852875686475825,78118455585633,138944677343,0
/localization/kinematic_state,138994677344,1785852875726193757,78118495303705,138994677344,0
/control/command/control_cmd,138994677344,1785852875726604037,78118495713700,138994677344,80
/localization/kinematic_state,139044677345,1785852875775776012,78118544885902,139044677345,0
/control/command/control_cmd,139044677345,1785852875775826733,78118544936589,139044677345,80
/sensing/lidar/top/pointcloud_raw_ex,139044677345,1785852875782803308,78118551913778,139044677345,242488
/localization/pose_estimator/pose_with_covariance,139044677345,1785852875786092041,78118555202041,139044677345,0
/control/command/control_cmd,139094677345,1785852875826025180,78118595135079,139094677345,80
/localization/kinematic_state,139094677345,1785852875826207450,78118595317124,139094677345,0
/localization/kinematic_state,139144677346,1785852875876061049,78118645171080,139144677346,0
/control/command/control_cmd,139144677346,1785852875876904972,78118646014714,139144677346,80
/sensing/lidar/top/pointcloud_raw_ex,139144677346,1785852875881670806,78118650780949,139144677346,239608
/localization/pose_estimator/pose_with_covariance,139144677346,1785852875884764075,78118653874034,139144677346,0
/localization/kinematic_state,139194677347,1785852875925934206,78118695044043,139194677347,0
/control/command/control_cmd,139194677347,1785852875926964007,78118696073792,139194677347,80
/localization/kinematic_state,139244677348,1785852875976315798,78118745425706,139244677348,0
/control/command/control_cmd,139244677348,1785852875976326499,78118745436171,139244677348,80
/sensing/lidar/top/pointcloud_raw_ex,139244677348,1785852875981370729,78118750481277,139244677348,238680
/localization/pose_estimator/pose_with_covariance,139244677348,1785852875985305434,78118754415432,139244677348,0
/localization/kinematic_state,139294677348,1785852876025320695,78118794430505,139294677348,0
/control/command/control_cmd,139294677348,1785852876026103725,78118795213491,139294677348,80
/localization/kinematic_state,139344677349,1785852876075404785,78118844514517,139344677349,0
/control/command/control_cmd,139344677349,1785852876076368743,78118845478638,139344677349,80
/sensing/lidar/top/pointcloud_raw_ex,139344677349,1785852876081642005,78118850752012,139344677349,239512
/localization/pose_estimator/pose_with_covariance,139344677349,1785852876084689123,78118853798903,139344677349,0
/localization/kinematic_state,139394677350,1785852876125550246,78118894660007,139394677350,0
/control/command/control_cmd,139394677350,1785852876126036123,78118895145934,139394677350,80
/localization/kinematic_state,139444677351,1785852876176200095,78118945310135,139444677351,0
/control/command/control_cmd,139444677351,1785852876177532428,78118946642472,139444677351,80
/sensing/lidar/top/pointcloud_raw_ex,139444677351,1785852876182379705,78118951489679,139444677351,240280
/localization/pose_estimator/pose_with_covariance,139444677351,1785852876185604873,78118954714693,139444677351,0
/control/command/control_cmd,139494677351,1785852876225937618,78118995047679,139494677351,80
/localization/kinematic_state,139494677351,1785852876226024021,78118995133835,139494677351,0
/localization/kinematic_state,139544677352,1785852876275383400,78119044493139,139544677352,0
/control/command/control_cmd,139544677352,1785852876276907777,78119046017514,139544677352,80
/sensing/lidar/top/pointcloud_raw_ex,139544677352,1785852876280332692,78119049442533,139544677352,238552
/localization/pose_estimator/pose_with_covariance,139544677352,1785852876283354111,78119052463920,139544677352,0
/localization/kinematic_state,139594677353,1785852876325810845,78119094920720,139594677353,0
/control/command/control_cmd,139594677353,1785852876327034843,78119096144657,139594677353,80
/control/command/control_cmd,139644677354,1785852876375770401,78119144880370,139644677354,80
/localization/kinematic_state,139644677354,1785852876376749078,78119145858913,139644677354,0
/sensing/lidar/top/pointcloud_raw_ex,139644677354,1785852876381740819,78119150850991,139644677354,236664
/localization/pose_estimator/pose_with_covariance,139644677354,1785852876384852073,78119153961916,139644677354,0
/control/command/control_cmd,139694677354,1785852876425803125,78119194913052,139694677354,80
/localization/kinematic_state,139694677354,1785852876426091153,78119195200917,139694677354,0
/localization/kinematic_state,139744677355,1785852876475947390,78119245057665,139744677355,0
/control/command/control_cmd,139744677355,1785852876476079842,78119245189703,139744677355,80
/sensing/lidar/top/pointcloud_raw_ex,139744677355,1785852876481781162,78119250891113,139744677355,237464
/localization/pose_estimator/pose_with_covariance,139744677355,1785852876484895817,78119254005606,139744677355,0
/localization/kinematic_state,139794677356,1785852876526004357,78119295114326,139794677356,0
/control/command/control_cmd,139794677356,1785852876526191363,78119295301021,139794677356,80
/localization/kinematic_state,139844677357,1785852876575586234,78119344695991,139844677357,0
/control/command/control_cmd,139844677357,1785852876576403280,78119345513206,139844677357,80
/sensing/lidar/top/pointcloud_raw_ex,139844677357,1785852876582125568,78119351235779,139844677357,238520
/localization/pose_estimator/pose_with_covariance,139844677357,1785852876585789702,78119354899621,139844677357,0
/localization/kinematic_state,139894677357,1785852876625760087,78119394869800,139894677357,0
/control/command/control_cmd,139894677357,1785852876626886620,78119395996545,139894677357,80
/localization/kinematic_state,139944677358,1785852876675577669,78119444687514,139944677358,0
/control/command/control_cmd,139944677358,1785852876675975434,78119445085178,139944677358,80
/sensing/lidar/top/pointcloud_raw_ex,139944677358,1785852876681433606,78119450543557,139944677358,239608
/localization/pose_estimator/pose_with_covariance,139944677358,1785852876684539725,78119453649585,139944677358,0
/localization/kinematic_state,139994677359,1785852876726608739,78119495718571,139994677359,0
/control/command/control_cmd,139994677359,1785852876726619992,78119495729602,139994677359,80
/localization/kinematic_state,140044677360,1785852876777707631,78119546817674,140044677360,0
/control/command/control_cmd,140044677360,1785852876778712091,78119547822080,140044677360,80
/sensing/lidar/top/pointcloud_raw_ex,140044677360,1785852876781078832,78119550188751,140044677360,242840
/localization/pose_estimator/pose_with_covariance,140044677360,1785852876784253175,78119553362932,140044677360,0
/control/command/control_cmd,140094677360,1785852876826542695,78119595652642,140094677360,80
/localization/kinematic_state,140094677360,1785852876826613830,78119595723442,140094677360,0
/localization/kinematic_state,140144677361,1785852876877354865,78119646464805,140144677361,0
/control/command/control_cmd,140144677361,1785852876877366939,78119646476558,140144677361,80
/sensing/lidar/top/pointcloud_raw_ex,140144677361,1785852876883395717,78119652505785,140144677361,238840
/localization/pose_estimator/pose_with_covariance,140144677361,1785852876886524460,78119655634466,140144677361,0
/localization/kinematic_state,140194677362,1785852876926769293,78119695879186,140194677362,0
/control/command/control_cmd,140194677362,1785852876926775092,78119695884730,140194677362,80
/control/command/control_cmd,140244677363,1785852876975993987,78119745103745,140244677363,80
/localization/kinematic_state,140244677363,1785852876976100081,78119745209861,140244677363,0
/sensing/lidar/top/pointcloud_raw_ex,140244677363,1785852876981012329,78119750122543,140244677363,238360
/localization/pose_estimator/pose_with_covariance,140244677363,1785852876984508145,78119753618119,140244677363,0
/control/command/control_cmd,140294677363,1785852877026979586,78119796089588,140294677363,80
/localization/kinematic_state,140294677363,1785852877027054801,78119796164552,140294677363,0
/localization/kinematic_state,140344677364,1785852877076143348,78119845253236,140344677364,0
/control/command/control_cmd,140344677364,1785852877076667975,78119845777935,140344677364,80
/sensing/lidar/top/pointcloud_raw_ex,140344677364,1785852877083287945,78119852397914,140344677364,237400
/localization/pose_estimator/pose_with_covariance,140344677364,1785852877087510845,78119856620841,140344677364,0
/localization/kinematic_state,140394677365,1785852877126947325,78119896057347,140394677365,0
/control/command/control_cmd,140394677365,1785852877126955637,78119896065268,140394677365,80
/localization/kinematic_state,140444677366,1785852877175759989,78119944869884,140444677366,0
/control/command/control_cmd,140444677366,1785852877176501732,78119945611548,140444677366,80
/sensing/lidar/top/pointcloud_raw_ex,140444677366,1785852877181437717,78119950547629,140444677366,238936
/localization/pose_estimator/pose_with_covariance,140444677366,1785852877184559816,78119953669551,140444677366,0
/localization/kinematic_state,140494677366,1785852877226455568,78119995565458,140494677366,0
/control/command/control_cmd,140494677366,1785852877226751191,78119995861013,140494677366,80
/localization/kinematic_state,140544677367,1785852877276026177,78120045135948,140544677367,0
/control/command/control_cmd,140544677367,1785852877276368249,78120045478210,140544677367,80
/sensing/lidar/top/pointcloud_raw_ex,140544677367,1785852877281711035,78120050821100,140544677367,239768
/localization/pose_estimator/pose_with_covariance,140544677367,1785852877284762846,78120053872605,140544677367,0
/localization/kinematic_state,140594677368,1785852877325857301,78120094967186,140594677368,0
/control/command/control_cmd,140594677368,1785852877326700397,78120095810246,140594677368,80
/localization/kinematic_state,140644677369,1785852877376208989,78120145318920,140644677369,0
/control/command/control_cmd,140644677369,1785852877376680566,78120145790431,140644677369,80
/sensing/lidar/top/pointcloud_raw_ex,140644677369,1785852877381721184,78120150831304,140644677369,238584
/localization/pose_estimator/pose_with_covariance,140644677369,1785852877384689098,78120153798885,140644677369,0
/localization/kinematic_state,140694677369,1785852877426294492,78120195404395,140694677369,0
/control/command/control_cmd,140694677369,1785852877426305919,78120195415529,140694677369,80
/localization/kinematic_state,140744677370,1785852877476096705,78120245206798,140744677370,0
/control/command/control_cmd,140744677370,1785852877476923431,78120246033309,140744677370,80
/sensing/lidar/top/pointcloud_raw_ex,140744677370,1785852877481188803,78120250298965,140744677370,237560
/localization/pose_estimator/pose_with_covariance,140744677370,1785852877484260218,78120253370033,140744677370,0
/localization/kinematic_state,140794677371,1785852877525898679,78120295008449,140794677371,0
/control/command/control_cmd,140794677371,1785852877525951097,78120295061076,140794677371,80
/localization/kinematic_state,140844677372,1785852877576079931,78120345189844,140844677372,0
/control/command/control_cmd,140844677372,1785852877576212795,78120345322449,140844677372,80
/sensing/lidar/top/pointcloud_raw_ex,140844677372,1785852877581449019,78120350559329,140844677372,235832
/localization/pose_estimator/pose_with_covariance,140844677372,1785852877584570527,78120353680414,140844677372,0
/localization/kinematic_state,140894677372,1785852877626443465,78120395553329,140894677372,0
/control/command/control_cmd,140894677372,1785852877626913059,78120396022782,140894677372,80
/localization/kinematic_state,140944677373,1785852877676078219,78120445187977,140944677373,0
/control/command/control_cmd,140944677373,1785852877676403046,78120445512786,140944677373,80
/sensing/lidar/top/pointcloud_raw_ex,140944677373,1785852877683232531,78120452342677,140944677373,237848
/localization/pose_estimator/pose_with_covariance,140944677373,1785852877686364230,78120455474025,140944677373,0
/localization/kinematic_state,140994677374,1785852877726665080,78120495774961,140994677374,0
/control/command/control_cmd,140994677374,1785852877726996404,78120496106198,140994677374,80
/localization/kinematic_state,141044677375,1785852877775978254,78120545088278,141044677375,0
/control/command/control_cmd,141044677375,1785852877777193840,78120546303778,141044677375,80
/sensing/lidar/top/pointcloud_raw_ex,141044677375,1785852877781462044,78120550572144,141044677375,236824
/localization/pose_estimator/pose_with_covariance,141044677375,1785852877784495490,78120553605346,141044677375,0
/control/command/control_cmd,141094677375,1785852877825613992,78120594723882,141094677375,80
/localization/kinematic_state,141094677375,1785852877825646965,78120594756606,141094677375,0
/localization/kinematic_state,141144677376,1785852877876321758,78120645431701,141144677376,0
/control/command/control_cmd,141144677376,1785852877877119090,78120646229159,141144677376,80
/sensing/lidar/top/pointcloud_raw_ex,141144677376,1785852877882083963,78120651194072,141144677376,241656
/localization/pose_estimator/pose_with_covariance,141144677376,1785852877885094326,78120654204350,141144677376,0
/control/command/control_cmd,141194677377,1785852877925695131,78120694805040,141194677377,80
/localization/kinematic_state,141194677377,1785852877925854631,78120694964423,141194677377,0
/localization/kinematic_state,141244677377,1785852877976534702,78120745644639,141244677377,0
/control/command/control_cmd,141244677377,1785852877976548820,78120745658449,141244677377,80
/sensing/lidar/top/pointcloud_raw_ex,141244677377,1785852877982403398,78120751513719,141244677377,239640
/localization/pose_estimator/pose_with_covariance,141244677377,1785852877985564877,78120754674770,141244677377,0
/localization/kinematic_state,141294677378,1785852878025556698,78120794666398,141294677378,0
/control/command/control_cmd,141294677378,1785852878026116232,78120795226111,141294677378,80
/control/command/control_cmd,141344677379,1785852878076007357,78120845117574,141344677379,80
/localization/kinematic_state,141344677379,1785852878076456575,78120845566338,141344677379,0
/sensing/lidar/top/pointcloud_raw_ex,141344677379,1785852878082167636,78120851277634,141344677379,238840
/localization/pose_estimator/pose_with_covariance,141344677379,1785852878085146082,78120854255913,141344677379,0
/localization/kinematic_state,141394677380,1785852878125931599,78120895041287,141394677380,0
/control/command/control_cmd,141394677380,1785852878126380244,78120895490322,141394677380,80
/localization/kinematic_state,141444677380,1785852878176166507,78120945276466,141444677380,0
/control/command/control_cmd,141444677380,1785852878178535100,78120947644778,141444677380,80
/sensing/lidar/top/pointcloud_raw_ex,141444677380,1785852878181310327,78120950420120,141444677380,237592
/localization/pose_estimator/pose_with_covariance,141444677380,1785852878184297754,78120953407603,141444677380,0
/control/command/control_cmd,141494677381,1785852878227022077,78120996132517,141494677381,80
/localization/kinematic_state,141494677381,1785852878227056486,78120996166137,141494677381,0
/localization/kinematic_state,141544677382,1785852878276139157,78121045249226,141544677382,0
/control/command/control_cmd,141544677382,1785852878277748543,78121046858325,141544677382,80
/sensing/lidar/top/pointcloud_raw_ex,141544677382,1785852878280504131,78121049613967,141544677382,237880
/localization/pose_estimator/pose_with_covariance,141544677382,1785852878283637116,78121052746913,141544677382,0
/localization/kinematic_state,141594677383,1785852878326651139,78121095761137,141594677383,0
/control/command/control_cmd,141594677383,1785852878326672196,78121095781830,141594677383,80
/localization/kinematic_state,141644677383,1785852878376059659,78121145169583,141644677383,0
/control/command/control_cmd,141644677383,1785852878376923146,78121146032991,141644677383,80
/sensing/lidar/top/pointcloud_raw_ex,141644677383,1785852878381323418,78121150433354,141644677383,236120
/localization/pose_estimator/pose_with_covariance,141644677383,1785852878384697746,78121153807661,141644677383,0
/localization/kinematic_state,141694677384,1785852878425897608,78121195007371,141694677384,0
/control/command/control_cmd,141694677384,1785852878426181828,78121195291699,141694677384,80
/control/command/control_cmd,141744677385,1785852878476043050,78121245152969,141744677385,80
/localization/kinematic_state,141744677385,1785852878476475402,78121245585324,141744677385,0
/sensing/lidar/top/pointcloud_raw_ex,141744677385,1785852878481628557,78121250738955,141744677385,243192
/localization/pose_estimator/pose_with_covariance,141744677385,1785852878484749290,78121253859145,141744677385,0
/localization/kinematic_state,141794677386,1785852878526155573,78121295265532,141794677386,0
/control/command/control_cmd,141794677386,1785852878526814458,78121295924258,141794677386,80
/control/command/control_cmd,141844677386,1785852878575669201,78121344779416,141844677386,80
/localization/kinematic_state,141844677386,1785852878576496873,78121345606648,141844677386,0
/sensing/lidar/top/pointcloud_raw_ex,141844677386,1785852878583969792,78121353080107,141844677386,242264
/localization/pose_estimator/pose_with_covariance,141844677386,1785852878587381109,78121356490879,141844677386,0
/control/command/control_cmd,141894677387,1785852878626001064,78121395110948,141894677387,80
/localization/kinematic_state,141894677387,1785852878626155599,78121395265334,141894677387,0
/localization/kinematic_state,141944677388,1785852878676156164,78121445265949,141944677388,0
/control/command/control_cmd,141944677388,1785852878677064128,78121446173964,141944677388,80
/sensing/lidar/top/pointcloud_raw_ex,141944677388,1785852878681581841,78121450692069,141944677388,241368
/localization/pose_estimator/pose_with_covariance,141944677388,1785852878685449303,78121454559096,141944677388,0
/localization/kinematic_state,141994677389,1785852878725900271,78121495010037,141994677389,0
/control/command/control_cmd,141994677389,1785852878725915772,78121495025395,141994677389,80
/localization/kinematic_state,142044677389,1785852878775897961,78121545007922,142044677389,0
/control/command/control_cmd,142044677389,1785852878777324058,78121546433948,142044677389,80
/sensing/lidar/top/pointcloud_raw_ex,142044677389,1785852878781264510,78121550374475,142044677389,237272
/localization/pose_estimator/pose_with_covariance,142044677389,1785852878784588897,78121553698643,142044677389,0
/localization/kinematic_state,142094677390,1785852878826009573,78121595119533,142094677390,0
/control/command/control_cmd,142094677390,1785852878826029347,78121595138956,142094677390,80
/localization/kinematic_state,142144677391,1785852878875930431,78121645040127,142144677391,0
/control/command/control_cmd,142144677391,1785852878876415437,78121645525275,142144677391,80
/sensing/lidar/top/pointcloud_raw_ex,142144677391,1785852878882073366,78121651183450,142144677391,242168
/localization/pose_estimator/pose_with_covariance,142144677391,1785852878885116480,78121654226163,142144677391,0
/localization/kinematic_state,142194677392,1785852878926004434,78121695114338,142194677392,0
/control/command/control_cmd,142194677392,1785852878926106650,78121695216344,142194677392,80
/localization/kinematic_state,142244677392,1785852878975774056,78121744884131,142244677392,0
/control/command/control_cmd,142244677392,1785852878976118872,78121745228782,142244677392,80
/sensing/lidar/top/pointcloud_raw_ex,142244677392,1785852878982395241,78121751505440,142244677392,240216
/localization/pose_estimator/pose_with_covariance,142244677392,1785852878985838991,78121754949067,142244677392,0
/localization/kinematic_state,142294677393,1785852879025504786,78121794614621,142294677393,0
/control/command/control_cmd,142294677393,1785852879025958779,78121795068491,142294677393,80
/localization/kinematic_state,142344677394,1785852879075376205,78121844486089,142344677394,0
/control/command/control_cmd,142344677394,1785852879076293933,78121845403863,142344677394,80
/sensing/lidar/top/pointcloud_raw_ex,142344677394,1785852879080682879,78121849792997,142344677394,238008
/localization/pose_estimator/pose_with_covariance,142344677394,1785852879083559659,78121852669425,142344677394,0
/localization/kinematic_state,142394677395,1785852879125701053,78121894811021,142394677395,0
/control/command/control_cmd,142394677395,1785852879125850383,78121894960243,142394677395,80
/localization/kinematic_state,142444677395,1785852879175869077,78121944978959,142444677395,0
/control/command/control_cmd,142444677395,1785852879176555138,78121945664987,142444677395,80
/sensing/lidar/top/pointcloud_raw_ex,142444677395,1785852879180622541,78121949732606,142444677395,239128
/localization/pose_estimator/pose_with_covariance,142444677395,1785852879183711633,78121952821450,142444677395,0
/localization/kinematic_state,142494677396,1785852879225991533,78121995101357,142494677396,0
/control/command/control_cmd,142494677396,1785852879226000602,78121995110205,142494677396,80
/localization/kinematic_state,142544677397,1785852879275199646,78122044309617,142544677397,0
/control/command/control_cmd,142544677397,1785852879275665557,78122044775462,142544677397,80
/sensing/lidar/top/pointcloud_raw_ex,142544677397,1785852879281410307,78122050520376,142544677397,239960
/localization/pose_estimator/pose_with_covariance,142544677397,1785852879284439209,78122053549091,142544677397,0
/localization/kinematic_state,142594677398,1785852879325563974,78122094673749,142594677398,0
/control/command/control_cmd,142594677398,1785852879326708463,78122095818420,142594677398,80
/control/command/control_cmd,142644677398,1785852879375907646,78122145017816,142644677398,80
/localization/kinematic_state,142644677398,1785852879376767082,78122145900525,142644677398,0
/sensing/lidar/top/pointcloud_raw_ex,142644677398,1785852879381757703,78122150867811,142644677398,241400
/localization/pose_estimator/pose_with_covariance,142644677398,1785852879384875733,78122153985537,142644677398,0
/localization/kinematic_state,142694677399,1785852879426554585,78122195664605,142694677399,0
/control/command/control_cmd,142694677399,1785852879426564027,78122195673649,142694677399,80
/control/command/control_cmd,142744677400,1785852879475526285,78122244636226,142744677400,80
/localization/kinematic_state,142744677400,1785852879475978415,78122245088186,142744677400,0
/sensing/lidar/top/pointcloud_raw_ex,142744677400,1785852879481521417,78122250631865,142744677400,239192
/localization/pose_estimator/pose_with_covariance,142744677400,1785852879484809814,78122253920002,142744677400,0
/localization/kinematic_state,142794677401,1785852879526401066,78122295511353,142794677401,0
/control/command/control_cmd,142794677401,1785852879526432584,78122295542379,142794677401,80
/localization/kinematic_state,142844677401,1785852879575862455,78122344972296,142844677401,0
/control/command/control_cmd,142844677401,1785852879576245346,78122345355204,142844677401,80
/sensing/lidar/top/pointcloud_raw_ex,142844677401,1785852879581768425,78122350878379,142844677401,241688
/localization/pose_estimator/pose_with_covariance,142844677401,1785852879585304539,78122354414217,142844677401,0
/localization/kinematic_state,142894677402,1785852879627272837,78122396382681,142894677402,0
/control/command/control_cmd,142894677402,1785852879627281531,78122396391123,142894677402,80
/localization/kinematic_state,142944677403,1785852879675919985,78122445029981,142944677403,0
/control/command/control_cmd,142944677403,1785852879676557882,78122445667776,142944677403,80
/sensing/lidar/top/pointcloud_raw_ex,142944677403,1785852879681206759,78122450317161,142944677403,239544
/localization/pose_estimator/pose_with_covariance,142944677403,1785852879684298890,78122453408675,142944677403,0
/localization/kinematic_state,142994677404,1785852879725944139,78122495054024,142994677404,0
/control/command/control_cmd,142994677404,1785852879726522190,78122495632036,142994677404,80
/control/command/control_cmd,143044677404,1785852879776021522,78122545131774,143044677404,80
/localization/kinematic_state,143044677404,1785852879777629607,78122546739415,143044677404,0
/sensing/lidar/top/pointcloud_raw_ex,143044677404,1785852879782656939,78122551767020,143044677404,240760
/localization/pose_estimator/pose_with_covariance,143044677404,1785852879785968909,78122555078826,143044677404,0
/localization/kinematic_state,143094677405,1785852879826162500,78122595272330,143094677405,0
/control/command/control_cmd,143094677405,1785852879826794490,78122595904281,143094677405,80
/localization/kinematic_state,143144677406,1785852879875936026,78122645046015,143144677406,0
/control/command/control_cmd,143144677406,1785852879877914833,78122647024760,143144677406,80
/sensing/lidar/top/pointcloud_raw_ex,143144677406,1785852879880943537,78122650053592,143144677406,242040
/localization/pose_estimator/pose_with_covariance,143144677406,1785852879883987321,78122653097217,143144677406,0
/localization/kinematic_state,143194677407,1785852879927290558,78122696400486,143194677407,0
/control/command/control_cmd,143194677407,1785852879927298547,78122696408163,143194677407,80
/localization/kinematic_state,143244677407,1785852879975879913,78122744989968,143244677407,0
/control/command/control_cmd,143244677407,1785852879976462048,78122745571781,143244677407,80
/sensing/lidar/top/pointcloud_raw_ex,143244677407,1785852879981305654,78122750415842,143244677407,240920
/localization/pose_estimator/pose_with_covariance,143244677407,1785852879985113028,78122754223015,143244677407,0
/localization/kinematic_state,143294677408,1785852880025986846,78122795096779,143294677408,0
/control/command/control_cmd,143294677408,1785852880026363836,78122795473714,143294677408,80
/localization/kinematic_state,143344677409,1785852880076409652,78122845519537,143344677409,0
/control/command/control_cmd,143344677409,1785852880076734183,78122845844001,143344677409,80
/sensing/lidar/top/pointcloud_raw_ex,143344677409,1785852880082845509,78122851955661,143344677409,239352
/localization/pose_estimator/pose_with_covariance,143344677409,1785852880085827620,78122854937407,143344677409,0
/localization/kinematic_state,143394677410,1785852880126173043,78122895282814,143394677410,0
/control/command/control_cmd,143394677410,1785852880126479142,78122895588968,143394677410,80
/control/command/control_cmd,143444677410,1785852880176200550,78122945310719,143444677410,80
/localization/kinematic_state,143444677410,1785852880176378922,78122945488734,143444677410,0
/sensing/lidar/top/pointcloud_raw_ex,143444677410,1785852880181219904,78122950330049,143444677410,236568
/localization/pose_estimator/pose_with_covariance,143444677410,1785852880184160716,78122953270568,143444677410,0
/localization/kinematic_state,143494677411,1785852880226918693,78122996029039,143494677411,0
/control/command/control_cmd,143494677411,1785852880226936184,78122996045890,143494677411,80
/localization/kinematic_state,143544677412,1785852880275640405,78123044750218,143544677412,0
/control/command/control_cmd,143544677412,1785852880276730153,78123045839938,143544677412,80
/sensing/lidar/top/pointcloud_raw_ex,143544677412,1785852880281880163,78123050990039,143544677412,238520
/localization/pose_estimator/pose_with_covariance,143544677412,1785852880284941361,78123054051096,143544677412,0
/localization/kinematic_state,143594677412,1785852880325862005,78123094971757,143594677412,0
/control/command/control_cmd,143594677412,1785852880326267723,78123095377626,143594677412,80
/localization/kinematic_state,143644677413,1785852880376729082,78123145839093,143644677413,0
/control/command/control_cmd,143644677413,1785852880377683841,78123146793572,143644677413,80
/sensing/lidar/top/pointcloud_raw_ex,143644677413,1785852880381591569,78123150701561,143644677413,237752
/localization/pose_estimator/pose_with_covariance,143644677413,1785852880384521160,78123153630845,143644677413,0
/localization/kinematic_state,143694677414,1785852880426588367,78123195698351,143694677414,0
/control/command/control_cmd,143694677414,1785852880426598432,78123195708054,143694677414,80
/control/command/control_cmd,143744677415,1785852880475898974,78123245008805,143744677415,80
/localization/kinematic_state,143744677415,1785852880476083960,78123245193747,143744677415,0
/sensing/lidar/top/pointcloud_raw_ex,143744677415,1785852880482622332,78123251732560,143744677415,239416
/localization/pose_estimator/pose_with_covariance,143744677415,1785852880485372494,78123254482399,143744677415,0
/control/command/control_cmd,143794677415,1785852880526228426,78123295338474,143794677415,80
/localization/kinematic_state,143794677415,1785852880526430939,78123295540750,143794677415,0
/localization/kinematic_state,143844677416,1785852880576223623,78123345333607,143844677416,0
/control/command/control_cmd,143844677416,1785852880576244051,78123345353668,143844677416,80
/sensing/lidar/top/pointcloud_raw_ex,143844677416,1785852880581228013,78123350338105,143844677416,238968
/localization/pose_estimator/pose_with_covariance,143844677416,1785852880584314273,78123353424257,143844677416,0
/control/command/control_cmd,143894677417,1785852880626345405,78123395455460,143894677417,80
/localization/kinematic_state,143894677417,1785852880626876511,78123395986280,143894677417,0
/localization/kinematic_state,143944677418,1785852880675778611,78123444888733,143944677418,0
/control/command/control_cmd,143944677418,1785852880676158218,78123445268042,143944677418,80
/sensing/lidar/top/pointcloud_raw_ex,143944677418,1785852880682035071,78123451145002,143944677418,241496
/localization/pose_estimator/pose_with_covariance,143944677418,1785852880685203159,78123454313028,143944677418,0
/localization/kinematic_state,143994677418,1785852880725839400,78123494949261,143994677418,0
/control/command/control_cmd,143994677418,1785852880725911804,78123495021455,143994677418,80
/localization/kinematic_state,144044677419,1785852880775706219,78123544816119,144044677419,0
/control/command/control_cmd,144044677419,1785852880776750722,78123545860750,144044677419,80
/sensing/lidar/top/pointcloud_raw_ex,144044677419,1785852880782160849,78123551271107,144044677419,237592
/localization/pose_estimator/pose_with_covariance,144044677419,1785852880784970112,78123554079815,144044677419,0
/localization/kinematic_state,144094677420,1785852880826176323,78123595286357,144094677420,0
/control/command/control_cmd,144094677420,1785852880826430640,78123595540353,144094677420,80
/localization/kinematic_state,144144677421,1785852880876360599,78123645470518,144144677421,0
/control/command/control_cmd,144144677421,1785852880876579098,78123645689079,144144677421,80
/sensing/lidar/top/pointcloud_raw_ex,144144677421,1785852880882051760,78123651161712,144144677421,237464
/localization/pose_estimator/pose_with_covariance,144144677421,1785852880884938258,78123654048171,144144677421,0
/localization/kinematic_state,144194677421,1785852880925624200,78123694733963,144194677421,0
/control/command/control_cmd,144194677421,1785852880926031612,78123695141390,144194677421,80
/localization/kinematic_state,144244677422,1785852880975613126,78123744722885,144244677422,0
/control/command/control_cmd,144244677422,1785852880976614007,78123745723836,144244677422,80
/sensing/lidar/top/pointcloud_raw_ex,144244677422,1785852880980961704,78123750071697,144244677422,240632
/localization/pose_estimator/pose_with_covariance,144244677422,1785852880983911770,78123753021533,144244677422,0
/control/command/control_cmd,144294677423,1785852881026704488,78123795814505,144294677423,80
/localization/kinematic_state,144294677423,1785852881026822557,78123795932272,144294677423,0
/localization/kinematic_state,144344677424,1785852881075393887,78123844503697,144344677424,0
/control/command/control_cmd,144344677424,1785852881076712420,78123845822264,144344677424,80
/sensing/lidar/top/pointcloud_raw_ex,144344677424,1785852881081839675,78123850949755,144344677424,241112
/localization/pose_estimator/pose_with_covariance,144344677424,1785852881084840139,78123853949965,144344677424,0
/control/command/control_cmd,144394677424,1785852881125704195,78123894814097,144394677424,80
/localization/kinematic_state,144394677424,1785852881126808263,78123895918026,144394677424,0
/localization/kinematic_state,144444677425,1785852881175874929,78123944984887,144444677425,0
/control/command/control_cmd,144444677425,1785852881176423749,78123945533542,144444677425,80
/sensing/lidar/top/pointcloud_raw_ex,144444677425,1785852881181845905,78123950955965,144444677425,238936
/localization/pose_estimator/pose_with_covariance,144444677425,1785852881184739847,78123953849621,144444677425,0
/localization/kinematic_state,144494677426,1785852881226210298,78123995320071,144494677426,0
/control/command/control_cmd,144494677426,1785852881226718587,78123995828478,144494677426,80
/control/command/control_cmd,144544677427,1785852881275705891,78124044815971,144544677427,80
/localization/kinematic_state,144544677427,1785852881276039507,78124045149235,144544677427,0
/sensing/lidar/top/pointcloud_raw_ex,144544677427,1785852881281427218,78124050537351,144544677427,237496
/localization/pose_estimator/pose_with_covariance,144544677427,1785852881284320025,78124053429968,144544677427,0
/localization/kinematic_state,144594677427,1785852881325951118,78124095060851,144594677427,0
/control/command/control_cmd,144594677427,1785852881325958358,78124095067963,144594677427,80
/localization/kinematic_state,144644677428,1785852881375987005,78124145096769,144644677428,0
/control/command/control_cmd,144644677428,1785852881376412680,78124145522481,144644677428,80
/sensing/lidar/top/pointcloud_raw_ex,144644677428,1785852881384016082,78124153126311,144644677428,239576
/localization/pose_estimator/pose_with_covariance,144644677428,1785852881386825217,78124155935043,144644677428,0
/localization/kinematic_state,144694677429,1785852881426437921,78124195547800,144694677429,0
/control/command/control_cmd,144694677429,1785852881426736525,78124195846370,144694677429,80
/control/command/control_cmd,144744677430,1785852881475898080,78124245008205,144744677430,80
/localization/kinematic_state,144744677430,1785852881476000869,78124245110625,144744677430,0
/sensing/lidar/top/pointcloud_raw_ex,144744677430,1785852881481644814,78124250754881,144744677430,236792
/localization/pose_estimator/pose_with_covariance,144744677430,1785852881484382860,78124253492896,144744677430,0
/localization/kinematic_state,144794677430,1785852881526466595,78124295576589,144794677430,0
/control/command/control_cmd,144794677430,1785852881527078147,78124296188124,144794677430,80
/localization/kinematic_state,144844677431,1785852881576053957,78124345163837,144844677431,0
/control/command/control_cmd,144844677431,1785852881576558125,78124345667968,144844677431,80
/sensing/lidar/top/pointcloud_raw_ex,144844677431,1785852881581712405,78124350822254,144844677431,241880
/localization/pose_estimator/pose_with_covariance,144844677431,1785852881584635531,78124353745299,144844677431,0
/localization/kinematic_state,144894677432,1785852881625773859,78124394883622,144894677432,0
/control/command/control_cmd,144894677432,1785852881626103019,78124395212923,144894677432,80
/control/command/control_cmd,144944677433,1785852881675946214,78124445056185,144944677433,80
/localization/kinematic_state,144944677433,1785852881676138795,78124445248459,144944677433,0
/sensing/lidar/top/pointcloud_raw_ex,144944677433,1785852881681712324,78124450822667,144944677433,240376
/localization/pose_estimator/pose_with_covariance,144944677433,1785852881684753639,78124453863619,144944677433,0
/localization/kinematic_state,144994677433,1785852881725878125,78124494987874,144994677433,0
/control/command/control_cmd,144994677433,1785852881725960784,78124495070519,144994677433,80
/localization/kinematic_state,145044677434,1785852881775984107,78124545094064,145044677434,0
/control/command/control_cmd,145044677434,1785852881777413476,78124546523221,145044677434,80
/sensing/lidar/top/pointcloud_raw_ex,145044677434,1785852881781797307,78124550907311,145044677434,237400
/localization/pose_estimator/pose_with_covariance,145044677434,1785852881784757987,78124553867700,145044677434,0
/localization/kinematic_state,145094677435,1785852881826429263,78124595539137,145094677435,0
/control/command/control_cmd,145094677435,1785852881826581961,78124595691836,145094677435,80
/localization/kinematic_state,145144677436,1785852881877154012,78124646263881,145144677436,0
/control/command/control_cmd,145144677436,1785852881877163312,78124646272950,145144677436,80
/sensing/lidar/top/pointcloud_raw_ex,145144677436,1785852881882482524,78124651592513,145144677436,237784
/localization/pose_estimator/pose_with_covariance,145144677436,1785852881885437060,78124654546818,145144677436,0
/localization/kinematic_state,145194677436,1785852881926318225,78124695427985,145194677436,0
/control/command/control_cmd,145194677436,1785852881926487897,78124695597708,145194677436,80
/localization/kinematic_state,145244677437,1785852881976493225,78124745603315,145244677437,0
/control/command/control_cmd,145244677437,1785852881976505689,78124745615316,145244677437,80
/sensing/lidar/top/pointcloud_raw_ex,145244677437,1785852881981092432,78124750202527,145244677437,239640
/localization/pose_estimator/pose_with_covariance,145244677437,1785852881984609352,78124753719223,145244677437,0
/localization/kinematic_state,145294677438,1785852882025272648,78124794382446,145294677438,0
/control/command/control_cmd,145294677438,1785852882025551854,78124794661572,145294677438,80
/localization/kinematic_state,145344677439,1785852882075606745,78124844716593,145344677439,0
/control/command/control_cmd,145344677439,1785852882075992190,78124845102347,145344677439,80
/sensing/lidar/top/pointcloud_raw_ex,145344677439,1785852882080871902,78124849981820,145344677439,235768
/localization/pose_estimator/pose_with_covariance,145344677439,1785852882083710597,78124852820395,145344677439,0
/control/command/control_cmd,145394677439,1785852882126285572,78124895395511,145394677439,80
/localization/kinematic_state,145394677439,1785852882126510382,78124895620279,145394677439,0
/localization/kinematic_state,145444677440,1785852882176022168,78124945132001,145444677440,0
/control/command/control_cmd,145444677440,1785852882178227228,78124947337005,145444677440,80
/sensing/lidar/top/pointcloud_raw_ex,145444677440,1785852882181417357,78124950527106,145444677440,236440
/localization/pose_estimator/pose_with_covariance,145444677440,1785852882184512110,78124953621884,145444677440,0
/localization/kinematic_state,145494677441,1785852882226380714,78124995490578,145494677441,0
/control/command/control_cmd,145494677441,1785852882226392781,78124995502422,145494677441,80
/control/command/control_cmd,145544677442,1785852882275663337,78125044773351,145544677442,80
/localization/kinematic_state,145544677442,1785852882276089926,78125045199650,145544677442,0
/sensing/lidar/top/pointcloud_raw_ex,145544677442,1785852882281743492,78125050853542,145544677442,241560
/localization/pose_estimator/pose_with_covariance,145544677442,1785852882285191401,78125054301362,145544677442,0
/control/command/control_cmd,145594677442,1785852882326450774,78125095560693,145594677442,80
/localization/kinematic_state,145594677442,1785852882326627345,78125095737133,145594677442,0
/localization/kinematic_state,145644677443,1785852882375969237,78125145079120,145644677443,0
/control/command/control_cmd,145644677443,1785852882375976566,78125145086171,145644677443,80
/sensing/lidar/top/pointcloud_raw_ex,145644677443,1785852882382254618,78125151364790,145644677443,237624
/localization/pose_estimator/pose_with_covariance,145644677443,1785852882385249098,78125154358914,145644677443,0
/control/command/control_cmd,145694677444,1785852882426001959,78125195111736,145694677444,80
/localization/kinematic_state,145694677444,1785852882426205001,78125195314845,145694677444,0
/localization/kinematic_state,145744677445,1785852882475843534,78125244953382,145744677445,0
/control/command/control_cmd,145744677445,1785852882476871170,78125245980992,145744677445,80
/sensing/lidar/top/pointcloud_raw_ex,145744677445,1785852882481655498,78125250765692,145744677445,237016
/localization/pose_estimator/pose_with_covariance,145744677445,1785852882484791426,78125253901275,145744677445,0
/localization/kinematic_state,145794677445,1785852882526224185,78125295333947,145794677445,0
/control/command/control_cmd,145794677445,1785852882527165247,78125296275170,145794677445,80
/localization/kinematic_state,145844677446,1785852882575621937,78125344731746,145844677446,0
/control/command/control_cmd,145844677446,1785852882576117001,78125345226964,145844677446,80
/sensing/lidar/top/pointcloud_raw_ex,145844677446,1785852882580922608,78125350032514,145844677446,240472
/localization/pose_estimator/pose_with_covariance,145844677446,1785852882584278200,78125353388071,145844677446,0
/localization/kinematic_state,145894677447,1785852882626142283,78125395252011,145894677447,0
/control/command/control_cmd,145894677447,1785852882626154545,78125395264189,145894677447,80
/localization/kinematic_state,145944677448,1785852882675934668,78125445044417,145944677448,0
/control/command/control_cmd,145944677448,1785852882676729369,78125445839233,145944677448,80
/sensing/lidar/top/pointcloud_raw_ex,145944677448,1785852882681577520,78125450687586,145944677448,241496
/localization/pose_estimator/pose_with_covariance,145944677448,1785852882684865574,78125453975350,145944677448,0
/localization/kinematic_state,145994677448,1785852882726502063,78125495611972,145994677448,0
/control/command/control_cmd,145994677448,1785852882727102919,78125496212669,145994677448,80
/localization/kinematic_state,146044677449,1785852882775850193,78125544960098,146044677449,0
/control/command/control_cmd,146044677449,1785852882776909206,78125546019128,146044677449,80
/sensing/lidar/top/pointcloud_raw_ex,146044677449,1785852882781482327,78125550592319,146044677449,238584
/localization/pose_estimator/pose_with_covariance,146044677449,1785852882784559564,78125553669428,146044677449,0
/localization/kinematic_state,146094677450,1785852882826372568,78125595482500,146094677450,0
/control/command/control_cmd,146094677450,1785852882826828767,78125595938637,146094677450,80
/control/command/control_cmd,146144677450,1785852882875887763,78125644997571,146144677450,80
/localization/kinematic_state,146144677450,1785852882876239073,78125645348813,146144677450,0
/sensing/lidar/top/pointcloud_raw_ex,146144677450,1785852882880865023,78125649975224,146144677450,236408
/localization/pose_estimator/pose_with_covariance,146144677450,1785852882884053929,78125653163855,146144677450,0
/localization/kinematic_state,146194677451,1785852882926491028,78125695601000,146194677451,0
/control/command/control_cmd,146194677451,1785852882927388573,78125696498359,146194677451,80
/localization/kinematic_state,146244677452,1785852882976011524,78125745121465,146244677452,0
/control/command/control_cmd,146244677452,1785852882976250943,78125745360900,146244677452,80
/sensing/lidar/top/pointcloud_raw_ex,146244677452,1785852882980972603,78125750082924,146244677452,237592
/localization/pose_estimator/pose_with_covariance,146244677452,1785852882984021877,78125753131715,146244677452,0
/localization/kinematic_state,146294677453,1785852883025977098,78125795087056,146294677453,0
/control/command/control_cmd,146294677453,1785852883025985654,78125795095272,146294677453,80
/localization/kinematic_state,146344677453,1785852883075916769,78125845026666,146344677453,0
/control/command/control_cmd,146344677453,1785852883075950852,78125845060485,146344677453,80
/sensing/lidar/top/pointcloud_raw_ex,146344677453,1785852883081800873,78125850911096,146344677453,240792
/localization/pose_estimator/pose_with_covariance,146344677453,1785852883084814175,78125853924146,146344677453,0
/control/command/control_cmd,146394677454,1785852883125682271,78125894792025,146394677454,80
/localization/kinematic_state,146394677454,1785852883126826868,78125895936588,146394677454,0
/control/command/control_cmd,146444677455,1785852883175872345,78125944982317,146444677455,80
/localization/kinematic_state,146444677455,1785852883176239909,78125945349615,146444677455,0
/sensing/lidar/top/pointcloud_raw_ex,146444677455,1785852883181509453,78125950619342,146444677455,237464
/localization/pose_estimator/pose_with_covariance,146444677455,1785852883184488548,78125953598327,146444677455,0
/localization/kinematic_state,146494677456,1785852883227072402,78125996182253,146494677456,0
/control/command/control_cmd,146494677456,1785852883227083253,78125996192869,146494677456,80
/control/command/control_cmd,146544677456,1785852883276191317,78126045301288,146544677456,80
/localization/kinematic_state,146544677456,1785852883276921186,78126046030883,146544677456,0
/sensing/lidar/top/pointcloud_raw_ex,146544677456,1785852883283776296,78126052886405,146544677456,238072
/localization/pose_estimator/pose_with_covariance,146544677456,1785852883287463688,78126056573472,146544677456,0
/localization/kinematic_state,146594677457,1785852883325830231,78126094940209,146594677457,0
/control/command/control_cmd,146594677457,1785852883326039797,78126095149672,146594677457,80
/localization/kinematic_state,146644677458,1785852883375874347,78126144984192,146644677458,0
/control/command/control_cmd,146644677458,1785852883376386129,78126145496056,146644677458,80
/sensing/lidar/top/pointcloud_raw_ex,146644677458,1785852883380779917,78126149889978,146644677458,236376
/localization/pose_estimator/pose_with_covariance,146644677458,1785852883383987024,78126153097255,146644677458,0
/localization/kinematic_state,146694677459,1785852883426629209,78126195739132,146694677459,0
/control/command/control_cmd,146694677459,1785852883427314012,78126196423814,146694677459,80
/localization/kinematic_state,146744677459,1785852883476016252,78126245126399,146744677459,0
/control/command/control_cmd,146744677459,1785852883476499505,78126245609459,146744677459,80
/sensing/lidar/top/pointcloud_raw_ex,146744677459,1785852883481108457,78126250218452,146744677459,238968
/localization/pose_estimator/pose_with_covariance,146744677459,1785852883484418021,78126253527826,146744677459,0
/control/command/control_cmd,146794677460,1785852883526265066,78126295375074,146794677460,80
/localization/kinematic_state,146794677460,1785852883526977963,78126296110457,146794677460,0
/localization/kinematic_state,146844677461,1785852883576494784,78126345604739,146844677461,0
/control/command/control_cmd,146844677461,1785852883578006974,78126347116832,146844677461,80
/sensing/lidar/top/pointcloud_raw_ex,146844677461,1785852883583034329,78126352144250,146844677461,236632
/localization/pose_estimator/pose_with_covariance,146844677461,1785852883586377315,78126355487109,146844677461,0
/localization/kinematic_state,146894677462,1785852883626044124,78126395153958,146894677462,0
/control/command/control_cmd,146894677462,1785852883626067079,78126395176695,146894677462,80
/localization/kinematic_state,146944677462,1785852883675932868,78126445042751,146944677462,0
/control/command/control_cmd,146944677462,1785852883676023955,78126445133872,146944677462,80
/sensing/lidar/top/pointcloud_raw_ex,146944677462,1785852883682012419,78126451122729,146944677462,237368
/localization/pose_estimator/pose_with_covariance,146944677462,1785852883685158212,78126454268001,146944677462,0
/localization/kinematic_state,146994677463,1785852883726646965,78126495756926,146994677463,0
/control/command/control_cmd,146994677463,1785852883726657643,78126495767268,146994677463,80
/localization/kinematic_state,147044677464,1785852883776084377,78126545194276,147044677464,0
/control/command/control_cmd,147044677464,1785852883777812426,78126546922299,147044677464,80
/sensing/lidar/top/pointcloud_raw_ex,147044677464,1785852883780865569,78126549975566,147044677464,241816
/localization/pose_estimator/pose_with_covariance,147044677464,1785852883783980406,78126553090296,147044677464,0
/localization/kinematic_state,147094677465,1785852883825738252,78126594848155,147094677465,0
/control/command/control_cmd,147094677465,1785852883826526346,78126595636227,147094677465,80
/control/command/control_cmd,147144677465,1785852883875726838,78126644837075,147144677465,80
/localization/kinematic_state,147144677465,1785852883876119686,78126645229435,147144677465,0
/sensing/lidar/top/pointcloud_raw_ex,147144677465,1785852883881414349,78126650524498,147144677465,237816
/localization/pose_estimator/pose_with_covariance,147144677465,1785852883884462346,78126653571985,147144677465,0
/localization/kinematic_state,147194677466,1785852883926268232,78126695378033,147194677466,0
/control/command/control_cmd,147194677466,1785852883926353270,78126695462907,147194677466,80
/control/command/control_cmd,147244677467,1785852883976062449,78126745172480,147244677467,80
/localization/kinematic_state,147244677467,1785852883977032418,78126746142602,147244677467,0
/sensing/lidar/top/pointcloud_raw_ex,147244677467,1785852883981605034,78126750715295,147244677467,237304
/localization/pose_estimator/pose_with_covariance,147244677467,1785852883985557521,78126754667449,147244677467,0
/control/command/control_cmd,147294677468,1785852884025822089,78126794932139,147294677468,80
/localization/kinematic_state,147294677468,1785852884026168930,78126795278674,147294677468,0
/control/command/control_cmd,147344677468,1785852884075673655,78126844783669,147344677468,80
/localization/kinematic_state,147344677468,1785852884076108459,78126845218241,147344677468,0
/sensing/lidar/top/pointcloud_raw_ex,147344677468,1785852884082663853,78126851773930,147344677468,236920
/localization/pose_estimator/pose_with_covariance,147344677468,1785852884085656999,78126854766789,147344677468,0
/control/command/control_cmd,147394677469,1785852884125778766,78126894888562,147394677469,80
/localization/kinematic_state,147394677469,1785852884125880770,78126894990409,147394677469,0
/localization/kinematic_state,147444677470,1785852884178688343,78126947798165,147444677470,0
/control/command/control_cmd,147444677470,1785852884178696168,78126947805782,147444677470,80
/sensing/lidar/top/pointcloud_raw_ex,147444677470,1785852884181046097,78126950155903,147444677470,234712
/localization/pose_estimator/pose_with_covariance,147444677470,1785852884184505744,78126953615647,147444677470,0
/control/command/control_cmd,147494677471,1785852884226367551,78126995477581,147494677471,80
/localization/kinematic_state,147494677471,1785852884226483619,78126995593241,147494677471,0
/localization/kinematic_state,147544677471,1785852884275667204,78127044777074,147544677471,0
/control/command/control_cmd,147544677471,1785852884275921749,78127045031408,147544677471,80
/sensing/lidar/top/pointcloud_raw_ex,147544677471,1785852884281780300,78127050890414,147544677471,236664
/localization/pose_estimator/pose_with_covariance,147544677471,1785852884284828110,78127053937973,147544677471,0
/localization/kinematic_state,147594677472,1785852884325751528,78127094861316,147594677472,0
/control/command/control_cmd,147594677472,1785852884326064201,78127095173966,147594677472,80
/localization/kinematic_state,147644677473,1785852884376165862,78127145275869,147644677473,0
/control/command/control_cmd,147644677473,1785852884376176840,78127145286454,147644677473,80
/sensing/lidar/top/pointcloud_raw_ex,147644677473,1785852884381556558,78127150666732,147644677473,234680
/localization/pose_estimator/pose_with_covariance,147644677473,1785852884385321610,78127154431507,147644677473,0
/localization/kinematic_state,147694677474,1785852884426639083,78127195749007,147694677474,0
/control/command/control_cmd,147694677474,1785852884426650450,78127195760063,147694677474,80
/localization/kinematic_state,147744677474,1785852884475927846,78127245037725,147744677474,0
/control/command/control_cmd,147744677474,1785852884476994020,78127246103742,147744677474,80
/sensing/lidar/top/pointcloud_raw_ex,147744677474,1785852884482351886,78127251461828,147744677474,238360
/localization/pose_estimator/pose_with_covariance,147744677474,1785852884485780530,78127254890445,147744677474,0
/localization/kinematic_state,147794677475,1785852884526706017,78127295815769,147794677475,0
/control/command/control_cmd,147794677475,1785852884526715836,78127295825454,147794677475,80
/localization/kinematic_state,147844677476,1785852884575698348,78127344808212,147844677476,0
/control/command/control_cmd,147844677476,1785852884576170293,78127345280078,147844677476,80
/sensing/lidar/top/pointcloud_raw_ex,147844677476,1785852884581340985,78127350450871,147844677476,240728
/localization/pose_estimator/pose_with_covariance,147844677476,1785852884584570400,78127353680224,147844677476,0
/localization/kinematic_state,147894677477,1785852884626138153,78127395247853,147894677477,0
/control/command/control_cmd,147894677477,1785852884626145896,78127395255538,147894677477,80
/localization/kinematic_state,147944677477,1785852884676023074,78127445132968,147944677477,0
/control/command/control_cmd,147944677477,1785852884676730408,78127445840162,147944677477,80
/sensing/lidar/top/pointcloud_raw_ex,147944677477,1785852884681680490,78127450790726,147944677477,238840
/localization/pose_estimator/pose_with_covariance,147944677477,1785852884684730428,78127453840195,147944677477,0
/control/command/control_cmd,147994677478,1785852884726192113,78127495302071,147994677478,80
/localization/kinematic_state,147994677478,1785852884726561815,78127495671475,147994677478,0
/localization/kinematic_state,148044677479,1785852884776538019,78127545647847,148044677479,0
/control/command/control_cmd,148044677479,1785852884777032267,78127546142037,148044677479,80
/sensing/lidar/top/pointcloud_raw_ex,148044677479,1785852884782289208,78127551399383,148044677479,239480
/localization/pose_estimator/pose_with_covariance,148044677479,1785852884785503627,78127554613405,148044677479,0
/control/command/control_cmd,148094677480,1785852884826717862,78127595828062,148094677480,80
/localization/kinematic_state,148094677480,1785852884826867959,78127595977624,148094677480,0
/localization/kinematic_state,148144677480,1785852884876216896,78127645326864,148144677480,0
/control/command/control_cmd,148144677480,1785852884877366375,78127646476309,148144677480,80
/sensing/lidar/top/pointcloud_raw_ex,148144677480,1785852884881720096,78127650830010,148144677480,241368
/localization/pose_estimator/pose_with_covariance,148144677480,1785852884884941254,78127654051071,148144677480,0
/localization/kinematic_state,148194677481,1785852884926303100,78127695412938,148194677481,0
/control/command/control_cmd,148194677481,1785852884928120209,78127697230067,148194677481,80
/localization/kinematic_state,148244677482,1785852884975329512,78127744439665,148244677482,0
/control/command/control_cmd,148244677482,1785852884975667447,78127744777249,148244677482,80
/sensing/lidar/top/pointcloud_raw_ex,148244677482,1785852884981702010,78127750812156,148244677482,236472
/localization/pose_estimator/pose_with_covariance,148244677482,1785852884984913201,78127754023463,148244677482,0
/localization/kinematic_state,148294677483,1785852885025847518,78127794957316,148294677483,0
/control/command/control_cmd,148294677483,1785852885025900619,78127795010475,148294677483,80
/control/command/control_cmd,148344677483,1785852885076051472,78127845161436,148344677483,80
/localization/kinematic_state,148344677483,1785852885076604323,78127845714194,148344677483,0
/sensing/lidar/top/pointcloud_raw_ex,148344677483,1785852885081807692,78127850917739,148344677483,239096
/localization/pose_estimator/pose_with_covariance,148344677483,1785852885084875572,78127853985470,148344677483,0
/localization/kinematic_state,148394677484,1785852885125768294,78127894878085,148394677484,0
/control/command/control_cmd,148394677484,1785852885126329980,78127895439835,148394677484,80
/control/command/control_cmd,148444677485,1785852885175727378,78127944837202,148444677485,80
/localization/kinematic_state,148444677485,1785852885176148063,78127945257987,148444677485,0
/sensing/lidar/top/pointcloud_raw_ex,148444677485,1785852885182781541,78127951891508,148444677485,239800
/localization/pose_estimator/pose_with_covariance,148444677485,1785852885185815030,78127954924833,148444677485,0
/localization/kinematic_state,148494677486,1785852885226084456,78127995194318,148494677486,0
/control/command/control_cmd,148494677486,1785852885226102698,78127995212313,148494677486,80
/localization/kinematic_state,148544677486,1785852885275660121,78128044769851,148544677486,0
/control/command/control_cmd,148544677486,1785852885277055290,78128046165217,148544677486,80
/sensing/lidar/top/pointcloud_raw_ex,148544677486,1785852885281788375,78128050898431,148544677486,240824
/localization/pose_estimator/pose_with_covariance,148544677486,1785852885284896440,78128054006347,148544677486,0
/localization/kinematic_state,148594677487,1785852885325587594,78128094697346,148594677487,0
/control/command/control_cmd,148594677487,1785852885326140528,78128095250415,148594677487,80
/localization/kinematic_state,148644677488,1785852885376004230,78128145113870,148644677488,0
/control/command/control_cmd,148644677488,1785852885377688588,78128146798513,148644677488,80
/sensing/lidar/top/pointcloud_raw_ex,148644677488,1785852885382527300,78128151637173,148644677488,240280
/localization/pose_estimator/pose_with_covariance,148644677488,1785852885385611643,78128154721445,148644677488,0
/control/command/control_cmd,148694677488,1785852885426585388,78128195695496,148694677488,80
/localization/kinematic_state,148694677488,1785852885426975347,78128196085122,148694677488,0
/control/command/control_cmd,148744677489,1785852885477148668,78128246258519,148744677489,80
/localization/kinematic_state,148744677489,1785852885477172237,78128246281860,148744677489,0
/sensing/lidar/top/pointcloud_raw_ex,148744677489,1785852885482237323,78128251347433,148744677489,239640
/localization/pose_estimator/pose_with_covariance,148744677489,1785852885485628504,78128254738509,148744677489,0
/localization/kinematic_state,148794677490,1785852885526163582,78128295273442,148794677490,0
/control/command/control_cmd,148794677490,1785852885526344454,78128295454102,148794677490,80
/localization/kinematic_state,148844677491,1785852885577993499,78128347103469,148844677491,0
/control/command/control_cmd,148844677491,1785852885579118365,78128348228215,148844677491,80
/sensing/lidar/top/pointcloud_raw_ex,148844677491,1785852885582689612,78128351799555,148844677491,235544
/localization/pose_estimator/pose_with_covariance,148844677491,1785852885585865785,78128354975577,148844677491,0
/localization/kinematic_state,148894677491,1785852885627852744,78128396962703,148894677491,0
/control/command/control_cmd,148894677491,1785852885627863516,78128396973130,148894677491,80
/localization/kinematic_state,148944677492,1785852885676871809,78128445981773,148944677492,0
/control/command/control_cmd,148944677492,1785852885676897095,78128446006723,148944677492,80
/sensing/lidar/top/pointcloud_raw_ex,148944677492,1785852885682388348,78128451498626,148944677492,235288
/localization/pose_estimator/pose_with_covariance,148944677492,1785852885685565159,78128454674960,148944677492,0
/control/command/control_cmd,148994677493,1785852885725925161,78128495035198,148994677493,80
/localization/kinematic_state,148994677493,1785852885725966562,78128495076167,148994677493,0
/localization/kinematic_state,149044677494,1785852885775701577,78128544811505,149044677494,0
/control/command/control_cmd,149044677494,1785852885778146180,78128547256451,149044677494,80
/sensing/lidar/top/pointcloud_raw_ex,149044677494,1785852885780970235,78128550080224,149044677494,242136
/localization/pose_estimator/pose_with_covariance,149044677494,1785852885784095816,78128553205737,149044677494,0
/localization/kinematic_state,149094677494,1785852885826381857,78128595491736,149094677494,0
/control/command/control_cmd,149094677494,1785852885827436584,78128596546670,149094677494,80
/localization/kinematic_state,149144677495,1785852885875561325,78128644671217,149144677495,0
/control/command/control_cmd,149144677495,1785852885876063481,78128645173218,149144677495,80
/sensing/lidar/top/pointcloud_raw_ex,149144677495,1785852885881708726,78128650818722,149144677495,236568
/localization/pose_estimator/pose_with_covariance,149144677495,1785852885884624531,78128653734408,149144677495,0
/localization/kinematic_state,149194677496,1785852885926064073,78128695173928,149194677496,0
/control/command/control_cmd,149194677496,1785852885926411050,78128695520906,149194677496,80
/control/command/control_cmd,149244677497,1785852885976984438,78128746094775,149244677497,80
/localization/kinematic_state,149244677497,1785852885977125725,78128746235556,149244677497,0
/sensing/lidar/top/pointcloud_raw_ex,149244677497,1785852885981296709,78128750406715,149244677497,237368
/localization/pose_estimator/pose_with_covariance,149244677497,1785852885984292719,78128753402614,149244677497,0
/control/command/control_cmd,149294677497,1785852886026090152,78128795200006,149294677497,80
/localization/kinematic_state,149294677497,1785852886027012290,78128796121982,149294677497,0
/localization/kinematic_state,149344677498,1785852886076085734,78128845195563,149344677498,0
/control/command/control_cmd,149344677498,1785852886077733479,78128846843264,149344677498,80
/sensing/lidar/top/pointcloud_raw_ex,149344677498,1785852886082016097,78128851126120,149344677498,241016
/localization/pose_estimator/pose_with_covariance,149344677498,1785852886084974605,78128854084413,149344677498,0
/localization/kinematic_state,149394677499,1785852886127259852,78128896369689,149394677499,0
/control/command/control_cmd,149394677499,1785852886127876212,78128896986034,149394677499,80
/localization/kinematic_state,149444677500,1785852886175999989,78128945109924,149444677500,0
/control/command/control_cmd,149444677500,1785852886176019830,78128945129477,149444677500,80
/sensing/lidar/top/pointcloud_raw_ex,149444677500,1785852886182197208,78128951307471,149444677500,239736
/localization/pose_estimator/pose_with_covariance,149444677500,1785852886185174063,78128954283869,149444677500,0
/localization/kinematic_state,149494677500,1785852886225915823,78128995025801,149494677500,0
/control/command/control_cmd,149494677500,1785852886226888304,78128995998028,149494677500,80
/control/command/control_cmd,149544677501,1785852886276248915,78129045359114,149544677501,80
/localization/kinematic_state,149544677501,1785852886276464507,78129045574354,149544677501,0
/sensing/lidar/top/pointcloud_raw_ex,149544677501,1785852886281728339,78129050838290,149544677501,239576
/localization/pose_estimator/pose_with_covariance,149544677501,1785852886284634032,78129053743868,149544677501,0
/localization/kinematic_state,149594677502,1785852886325820349,78129094930291,149594677502,0
/control/command/control_cmd,149594677502,1785852886326108414,78129095218320,149594677502,80
/localization/kinematic_state,149644677503,1785852886375842505,78129144952349,149644677503,0
/control/command/control_cmd,149644677503,1785852886376746908,78129145856762,149644677503,80
/sensing/lidar/top/pointcloud_raw_ex,149644677503,1785852886381304707,78129150414656,149644677503,240088
/localization/pose_estimator/pose_with_covariance,149644677503,1785852886384448612,78129153558449,149644677503,0
/control/command/control_cmd,149694677503,1785852886425966383,78129195076296,149694677503,80
/localization/kinematic_state,149694677503,1785852886426524241,78129195634081,149694677503,0
/localization/kinematic_state,149744677504,1785852886475675000,78129244784750,149744677504,0
/control/command/control_cmd,149744677504,1785852886476571987,78129245681792,149744677504,80
/sensing/lidar/top/pointcloud_raw_ex,149744677504,1785852886481612307,78129250722322,149744677504,239512
/localization/pose_estimator/pose_with_covariance,149744677504,1785852886484999229,78129254109085,149744677504,0
/control/command/control_cmd,149794677505,1785852886525895799,78129295005660,149794677505,80
/localization/kinematic_state,149794677505,1785852886526314159,78129295423976,149794677505,0
/localization/kinematic_state,149844677506,1785852886576185289,78129345295188,149844677506,0
/control/command/control_cmd,149844677506,1785852886577921569,78129347031504,149844677506,80
/sensing/lidar/top/pointcloud_raw_ex,149844677506,1785852886581114508,78129350224439,149844677506,241112
/localization/pose_estimator/pose_with_covariance,149844677506,1785852886584164057,78129353273765,149844677506,0
/localization/kinematic_state,149894677506,1785852886625819344,78129394929024,149894677506,0
/control/command/control_cmd,149894677506,1785852886626559955,78129395669651,149894677506,80
/localization/kinematic_state,149944677507,1785852886675964253,78129445074227,149944677507,0
/control/command/control_cmd,149944677507,1785852886675974004,78129445083604,149944677507,80
/sensing/lidar/top/pointcloud_raw_ex,149944677507,1785852886681392990,78129450502992,149944677507,240216
/localization/pose_estimator/pose_with_covariance,149944677507,1785852886684449540,78129453559525,149944677507,0
/localization/kinematic_state,149994677508,1785852886726215187,78129495325000,149994677508,0
/control/command/control_cmd,149994677508,1785852886726498485,78129495608179,149994677508,80
/localization/kinematic_state,150044677509,1785852886775924880,78129545034774,150044677509,0
/control/command/control_cmd,150044677509,1785852886776360276,78129545470149,150044677509,80
/sensing/lidar/top/pointcloud_raw_ex,150044677509,1785852886781433070,78129550543108,150044677509,241880
/localization/pose_estimator/pose_with_covariance,150044677509,1785852886784391353,78129553501169,150044677509,0
/localization/kinematic_state,150094677509,1785852886825567853,78129594677743,150094677509,0
/control/command/control_cmd,150094677509,1785852886826064626,78129595174533,150094677509,80
/localization/kinematic_state,150144677510,1785852886875214332,78129644324184,150144677510,0
/control/command/control_cmd,150144677510,1785852886876843178,78129645953323,150144677510,80
/sensing/lidar/top/pointcloud_raw_ex,150144677510,1785852886881879975,78129650990109,150144677510,240504
/localization/pose_estimator/pose_with_covariance,150144677510,1785852886884885869,78129653995830,150144677510,0
/control/command/control_cmd,150194677511,1785852886926764265,78129695874225,150194677511,80
/localization/kinematic_state,150194677511,1785852886926791085,78129695900686,150194677511,0
/localization/kinematic_state,150244677512,1785852886975984655,78129745094530,150244677512,0
/control/command/control_cmd,150244677512,1785852886976602812,78129745712573,150244677512,80
/sensing/lidar/top/pointcloud_raw_ex,150244677512,1785852886981712155,78129750822160,150244677512,237176
/localization/pose_estimator/pose_with_covariance,150244677512,1785852886985042065,78129754152041,150244677512,0
/localization/kinematic_state,150294677512,1785852887025913958,78129795023956,150294677512,0
/control/command/control_cmd,150294677512,1785852887026229229,78129795339005,150294677512,80
/localization/kinematic_state,150344677513,1785852887075621153,78129844731069,150344677513,0
/control/command/control_cmd,150344677513,1785852887076277189,78129845387087,150344677513,80
/sensing/lidar/top/pointcloud_raw_ex,150344677513,1785852887083097338,78129852207448,150344677513,238488
/localization/pose_estimator/pose_with_covariance,150344677513,1785852887085873464,78129854983252,150344677513,0
/localization/kinematic_state,150394677514,1785852887126113696,78129895223569,150394677514,0
/control/command/control_cmd,150394677514,1785852887126404746,78129895514581,150394677514,80
/localization/kinematic_state,150444677515,1785852887175788468,78129944898185,150444677515,0
/control/command/control_cmd,150444677515,1785852887176295050,78129945404943,150444677515,80
/sensing/lidar/top/pointcloud_raw_ex,150444677515,1785852887181485815,78129950596069,150444677515,240952
/localization/pose_estimator/pose_with_covariance,150444677515,1785852887184688840,78129953798719,150444677515,0
/localization/kinematic_state,150494677515,1785852887225719495,78129994829250,150494677515,0
/control/command/control_cmd,150494677515,1785852887225737914,78129994847529,150494677515,80
/localization/kinematic_state,150544677516,1785852887275547230,78130044657015,150544677516,0
/control/command/control_cmd,150544677516,1785852887276113188,78130045223086,150544677516,80
/sensing/lidar/top/pointcloud_raw_ex,150544677516,1785852887281487964,78130050598202,150544677516,237656
/localization/pose_estimator/pose_with_covariance,150544677516,1785852887284607198,78130053717212,150544677516,0
/localization/kinematic_state,150594677517,1785852887325833300,78130094943199,150594677517,0
/control/command/control_cmd,150594677517,1785852887325887361,78130094997009,150594677517,80
/localization/kinematic_state,150644677518,1785852887375887914,78130144997793,150644677518,0
/control/command/control_cmd,150644677518,1785852887375910744,78130145020360,150644677518,80
/sensing/lidar/top/pointcloud_raw_ex,150644677518,1785852887380736855,78130149846679,150644677518,238744
/localization/pose_estimator/pose_with_covariance,150644677518,1785852887383637776,78130152747583,150644677518,0
/localization/kinematic_state,150694677518,1785852887425867315,78130194977355,150694677518,0
/control/command/control_cmd,150694677518,1785852887426596138,78130195706062,150694677518,80
/localization/kinematic_state,150744677519,1785852887475829795,78130244939678,150744677519,0
/control/command/control_cmd,150744677519,1785852887476807984,78130245917790,150744677519,80
/sensing/lidar/top/pointcloud_raw_ex,150744677519,1785852887482121743,78130251231860,150744677519,238648
/localization/pose_estimator/pose_with_covariance,150744677519,1785852887484984594,78130254094503,150744677519,0
/localization/kinematic_state,150794677520,1785852887526007260,78130295117298,150794677520,0
/control/command/control_cmd,150794677520,1785852887526489300,78130295599197,150794677520,80
/control/command/control_cmd,150844677521,1785852887575911030,78130345021431,150844677521,80
/localization/kinematic_state,150844677521,1785852887576875899,78130345985887,150844677521,0
/sensing/lidar/top/pointcloud_raw_ex,150844677521,1785852887581146235,78130350256373,150844677521,237112
/localization/pose_estimator/pose_with_covariance,150844677521,1785852887583888298,78130352998075,150844677521,0
/control/command/control_cmd,150894677521,1785852887626103400,78130395213458,150894677521,80
/localization/kinematic_state,150894677521,1785852887626734061,78130395843756,150894677521,0
/localization/kinematic_state,150944677522,1785852887675823383,78130444933336,150944677522,0
/control/command/control_cmd,150944677522,1785852887675865762,78130444975422,150944677522,80
/sensing/lidar/top/pointcloud_raw_ex,150944677522,1785852887681211268,78130450321286,150944677522,236600
/localization/pose_estimator/pose_with_covariance,150944677522,1785852887684118350,78130453257592,150944677522,0
/localization/kinematic_state,150994677523,1785852887726244788,78130495354593,150994677523,0
/control/command/control_cmd,150994677523,1785852887727202394,78130496312233,150994677523,80
/localization/kinematic_state,151044677524,1785852887776973315,78130546083385,151044677524,0
/control/command/control_cmd,151044677524,1785852887779057437,78130548167606,151044677524,80
/sensing/lidar/top/pointcloud_raw_ex,151044677524,1785852887781195260,78130550305079,151044677524,235192
/localization/pose_estimator/pose_with_covariance,151044677524,1785852887784180016,78130553289952,151044677524,0
/control/command/control_cmd,151094677524,1785852887825932021,78130595041891,151094677524,80
/localization/kinematic_state,151094677524,1785852887825962230,78130595071853,151094677524,0
/localization/kinematic_state,151144677525,1785852887876021753,78130645131615,151144677525,0
/control/command/control_cmd,151144677525,1785852887876038188,78130645147812,151144677525,80
/sensing/lidar/top/pointcloud_raw_ex,151144677525,1785852887881276653,78130650386758,151144677525,235256
/localization/pose_estimator/pose_with_covariance,151144677525,1785852887884867886,78130653977754,151144677525,0
/control/command/control_cmd,151194677526,1785852887925954735,78130695064644,151194677526,80
/localization/kinematic_state,151194677526,1785852887926347979,78130695457749,151194677526,0
/localization/kinematic_state,151244677526,1785852887975563727,78130744673722,151244677526,0
/control/command/control_cmd,151244677526,1785852887975642802,78130744752440,151244677526,80
/sensing/lidar/top/pointcloud_raw_ex,151244677526,1785852887980760443,78130749870357,151244677526,243032
/localization/pose_estimator/pose_with_covariance,151244677526,1785852887983669848,78130752779682,151244677526,0
/localization/kinematic_state,151294677527,1785852888025718229,78130794827987,151294677527,0
/control/command/control_cmd,151294677527,1785852888026104953,78130795214620,151294677527,80
/localization/kinematic_state,151344677528,1785852888075354802,78130844464749,151344677528,0
/control/command/control_cmd,151344677528,1785852888075859896,78130844969623,151344677528,80
/sensing/lidar/top/pointcloud_raw_ex,151344677528,1785852888080940125,78130850050109,151344677528,237880
/localization/pose_estimator/pose_with_covariance,151344677528,1785852888083824648,78130852934410,151344677528,0
/control/command/control_cmd,151394677529,1785852888126171781,78130895281720,151394677529,80
/localization/kinematic_state,151394677529,1785852888126520112,78130895629876,151394677529,0
/localization/kinematic_state,151444677529,1785852888175951722,78130945061801,151444677529,0
/control/command/control_cmd,151444677529,1785852888175966640,78130945076276,151444677529,80
/sensing/lidar/top/pointcloud_raw_ex,151444677529,1785852888182022251,78130951132614,151444677529,234744
/localization/pose_estimator/pose_with_covariance,151444677529,1785852888184901545,78130954011220,151444677529,0
/localization/kinematic_state,151494677530,1785852888226054665,78130995164367,151494677530,0
/control/command/control_cmd,151494677530,1785852888226466060,78130995575845,151494677530,80
/localization/kinematic_state,151544677531,1785852888275605268,78131044715154,151544677531,0
/control/command/control_cmd,151544677531,1785852888275822599,78131044932416,151544677531,80
/sensing/lidar/top/pointcloud_raw_ex,151544677531,1785852888281299235,78131050409478,151544677531,241144
/localization/pose_estimator/pose_with_covariance,151544677531,1785852888284166534,78131053276269,151544677531,0
/localization/kinematic_state,151594677532,1785852888325750145,78131094860007,151594677532,0
/control/command/control_cmd,151594677532,1785852888326218210,78131095327876,151594677532,80
/control/command/control_cmd,151644677532,1785852888376992847,78131146102949,151644677532,80
/localization/kinematic_state,151644677532,1785852888377156679,78131146266504,151644677532,0
/sensing/lidar/top/pointcloud_raw_ex,151644677532,1785852888382278546,78131151388544,151644677532,239096
/localization/pose_estimator/pose_with_covariance,151644677532,1785852888385213583,78131154323492,151644677532,0
/localization/kinematic_state,151694677533,1785852888426367113,78131195477147,151694677533,0
/control/command/control_cmd,151694677533,1785852888426616487,78131195726341,151694677533,80
/localization/kinematic_state,151744677534,1785852888476551139,78131245660985,151744677534,0
/control/command/control_cmd,151744677534,1785852888476565365,78131245674973,151744677534,80
/sensing/lidar/top/pointcloud_raw_ex,151744677534,1785852888483074040,78131252184113,151744677534,237080
/localization/pose_estimator/pose_with_covariance,151744677534,1785852888485903852,78131255013791,151744677534,0
/localization/kinematic_state,151794677535,1785852888527266778,78131296376525,151794677535,0
/control/command/control_cmd,151794677535,1785852888527275448,78131296385090,151794677535,80
/localization/kinematic_state,151844677535,1785852888576277848,78131345387950,151844677535,0
/control/command/control_cmd,151844677535,1785852888576554474,78131345664397,151844677535,80
/sensing/lidar/top/pointcloud_raw_ex,151844677535,1785852888581288671,78131350398622,151844677535,244248
/localization/pose_estimator/pose_with_covariance,151844677535,1785852888584338765,78131353448723,151844677535,0
/localization/kinematic_state,151894677536,1785852888625833770,78131394943698,151894677536,0
/control/command/control_cmd,151894677536,1785852888626012899,78131395122771,151894677536,80
/localization/kinematic_state,151944677537,1785852888676356316,78131445466413,151944677537,0
/control/command/control_cmd,151944677537,1785852888676556137,78131445666070,151944677537,80
/sensing/lidar/top/pointcloud_raw_ex,151944677537,1785852888682600159,78131451710351,151944677537,235960
/localization/pose_estimator/pose_with_covariance,151944677537,1785852888685705205,78131454814988,151944677537,0
/localization/kinematic_state,151994677538,1785852888725904018,78131495013955,151994677538,0
/control/command/control_cmd,151994677538,1785852888725913817,78131495023433,151994677538,80
/localization/kinematic_state,152044677538,1785852888776694694,78131545804543,152044677538,0
/control/command/control_cmd,152044677538,1785852888776845257,78131545954909,152044677538,80
/sensing/lidar/top/pointcloud_raw_ex,152044677538,1785852888781748754,78131550859017,152044677538,238008
/localization/pose_estimator/pose_with_covariance,152044677538,1785852888784625197,78131553734944,152044677538,0
/localization/kinematic_state,152094677539,1785852888826682766,78131595792899,152094677539,0
/control/command/control_cmd,152094677539,1785852888826724455,78131595834068,152094677539,80
/localization/kinematic_state,152144677540,1785852888877965859,78131647075710,152144677540,0
/control/command/control_cmd,152144677540,1785852888877979396,78131647089025,152144677540,80
/sensing/lidar/top/pointcloud_raw_ex,152144677540,1785852888881922821,78131651032715,152144677540,238424
/localization/pose_estimator/pose_with_covariance,152144677540,1785852888884741661,78131653851771,152144677540,0
/localization/kinematic_state,152194677541,1785852888926126356,78131695236248,152194677541,0
/control/command/control_cmd,152194677541,1785852888926769752,78131695879678,152194677541,80
/localization/kinematic_state,152244677541,1785852888975858556,78131744968341,152244677541,0
/control/command/control_cmd,152244677541,1785852888976581888,78131745691696,152244677541,80
/sensing/lidar/top/pointcloud_raw_ex,152244677541,1785852888981817613,78131750927744,152244677541,236952
/localization/pose_estimator/pose_with_covariance,152244677541,1785852888984646082,78131753755906,152244677541,0
/localization/kinematic_state,152294677542,1785852889026044423,78131795154226,152294677542,0
/control/command/control_cmd,152294677542,1785852889026252400,78131795362109,152294677542,80
/localization/kinematic_state,152344677543,1785852889077210240,78131846320195,152344677543,0
/control/command/control_cmd,152344677543,1785852889078542425,78131847652486,152344677543,80
/sensing/lidar/top/pointcloud_raw_ex,152344677543,1785852889081410068,78131850519968,152344677543,240792
/localization/pose_estimator/pose_with_covariance,152344677543,1785852889084842175,78131853952203,152344677543,0
/localization/kinematic_state,152394677544,1785852889125777497,78131894887404,152394677544,0
/control/command/control_cmd,152394677544,1785852889126113505,78131895223261,152394677544,80
/control/command/control_cmd,152444677544,1785852889176085141,78131945195196,152444677544,80
/localization/kinematic_state,152444677544,1785852889176345873,78131945455580,152444677544,0
/sensing/lidar/top/pointcloud_raw_ex,152444677544,1785852889181673734,78131950783804,152444677544,238008
/localization/pose_estimator/pose_with_covariance,152444677544,1785852889184556558,78131953666480,152444677544,0
/control/command/control_cmd,152494677545,1785852889226176526,78131995286443,152494677545,80
/localization/kinematic_state,152494677545,1785852889226292511,78131995402169,152494677545,0
/localization/kinematic_state,152544677546,1785852889276833251,78132045943470,152544677546,0
/control/command/control_cmd,152544677546,1785852889276843174,78132045952795,152544677546,80
/sensing/lidar/top/pointcloud_raw_ex,152544677546,1785852889281504866,78132050615009,152544677546,242680
/localization/pose_estimator/pose_with_covariance,152544677546,1785852889284437341,78132053547254,152544677546,0
/localization/kinematic_state,152594677547,1785852889325904833,78132095014545,152594677547,0
/control/command/control_cmd,152594677547,1785852889326197753,78132095307653,152594677547,80
/localization/kinematic_state,152644677547,1785852889375995591,78132145105559,152644677547,0
/control/command/control_cmd,152644677547,1785852889376959891,78132146069843,152644677547,80
/sensing/lidar/top/pointcloud_raw_ex,152644677547,1785852889381288312,78132150398355,152644677547,236632
/localization/pose_estimator/pose_with_covariance,152644677547,1785852889384195311,78132153305237,152644677547,0
/control/command/control_cmd,152694677548,1785852889425728401,78132194838276,152694677548,80
/localization/kinematic_state,152694677548,1785852889425918805,78132195028609,152694677548,0
/localization/kinematic_state,152744677549,1785852889476236885,78132245346760,152744677549,0
/control/command/control_cmd,152744677549,1785852889476549037,78132245658849,152744677549,80
/sensing/lidar/top/pointcloud_raw_ex,152744677549,1785852889482099025,78132251209186,152744677549,238008
/localization/pose_estimator/pose_with_covariance,152744677549,1785852889485608774,78132254718544,152744677549,0
/control/command/control_cmd,152794677550,1785852889525906199,78132295016122,152794677550,80
/localization/kinematic_state,152794677550,1785852889526922448,78132296032187,152794677550,0
/localization/kinematic_state,152844677550,1785852889576312395,78132345422336,152844677550,0
/control/command/control_cmd,152844677550,1785852889576639075,78132345748963,152844677550,80
/sensing/lidar/top/pointcloud_raw_ex,152844677550,1785852889582016556,78132351126831,152844677550,239864
/localization/pose_estimator/pose_with_covariance,152844677550,1785852889585136443,78132354246319,152844677550,0
/control/command/control_cmd,152894677551,1785852889626291366,78132395401309,152894677551,80
/localization/kinematic_state,152894677551,1785852889626578210,78132395687945,152894677551,0
/localization/kinematic_state,152944677552,1785852889676642195,78132445752131,152944677552,0
/control/command/control_cmd,152944677552,1785852889676772971,78132445882795,152944677552,80
/sensing/lidar/top/pointcloud_raw_ex,152944677552,1785852889681715685,78132450825841,152944677552,235896
/localization/pose_estimator/pose_with_covariance,152944677552,1785852889684958455,78132454068234,152944677552,0
/control/command/control_cmd,152994677553,1785852889726861801,78132495971661,152994677553,80
/localization/kinematic_state,152994677553,1785852889726984790,78132496094604,152994677553,0
/control/command/control_cmd,153044677553,1785852889776956553,78132546066757,153044677553,80
/localization/kinematic_state,153044677553,1785852889778285342,78132547395252,153044677553,0
/sensing/lidar/top/pointcloud_raw_ex,153044677553,1785852889782078855,78132551188836,153044677553,240632
/localization/pose_estimator/pose_with_covariance,153044677553,1785852889785203104,78132554312955,153044677553,0
/control/command/control_cmd,153094677554,1785852889826094012,78132595204017,153094677554,80
/localization/kinematic_state,153094677554,1785852889827329811,78132596439551,153094677554,0
/localization/kinematic_state,153144677555,1785852889876295763,78132645405931,153144677555,0
/control/command/control_cmd,153144677555,1785852889876628809,78132645738826,153144677555,80
/sensing/lidar/top/pointcloud_raw_ex,153144677555,1785852889884441807,78132653551973,153144677555,235960
/localization/pose_estimator/pose_with_covariance,153144677555,1785852889887559160,78132656668938,153144677555,0
/localization/kinematic_state,153194677556,1785852889926293542,78132695403316,153194677556,0
/control/command/control_cmd,153194677556,1785852889926553460,78132695663351,153194677556,80
/localization/kinematic_state,153244677556,1785852889976094653,78132745204564,153244677556,0
/control/command/control_cmd,153244677556,1785852889976559577,78132745669399,153244677556,80
/sensing/lidar/top/pointcloud_raw_ex,153244677556,1785852889982235339,78132751345372,153244677556,240152
/localization/pose_estimator/pose_with_covariance,153244677556,1785852889985247975,78132754358639,153244677556,0
/localization/kinematic_state,153294677557,1785852890026477601,78132795587476,153294677557,0
/control/command/control_cmd,153294677557,1785852890026487885,78132795597516,153294677557,80
/localization/kinematic_state,153344677558,1785852890075758470,78132844868401,153344677558,0
/control/command/control_cmd,153344677558,1785852890076233154,78132845342964,153344677558,80
/sensing/lidar/top/pointcloud_raw_ex,153344677558,1785852890081757917,78132850867879,153344677558,239000
/localization/pose_estimator/pose_with_covariance,153344677558,1785852890085207821,78132854317714,153344677558,0
/localization/kinematic_state,153394677559,1785852890125639744,78132894749494,153394677559,0
/control/command/control_cmd,153394677559,1785852890126064705,78132895174466,153394677559,80
/localization/kinematic_state,153444677559,1785852890177995868,78132947105864,153444677559,0
/control/command/control_cmd,153444677559,1785852890178003211,78132947112810,153444677559,80
/sensing/lidar/top/pointcloud_raw_ex,153444677559,1785852890181274591,78132950384656,153444677559,238328
/localization/pose_estimator/pose_with_covariance,153444677559,1785852890184687391,78132953797147,153444677559,0
/localization/kinematic_state,153494677560,1785852890226298974,78132995408728,153494677560,0
/control/command/control_cmd,153494677560,1785852890226312572,78132995422199,153494677560,80
/control/command/control_cmd,153544677561,1785852890276739187,78133045849267,153544677561,80
/localization/kinematic_state,153544677561,1785852890276835081,78133045944740,153544677561,0
/sensing/lidar/top/pointcloud_raw_ex,153544677561,1785852890282727605,78133051837752,153544677561,239160
/localization/pose_estimator/pose_with_covariance,153544677561,1785852890285848440,78133054958223,153544677561,0
/control/command/control_cmd,153594677562,1785852890326836608,78133095946691,153594677562,80
/localization/kinematic_state,153594677562,1785852890327013722,78133096123447,153594677562,0
/localization/kinematic_state,153644677562,1785852890375564118,78133144673993,153644677562,0
/control/command/control_cmd,153644677562,1785852890375821037,78133144930939,153644677562,80
/sensing/lidar/top/pointcloud_raw_ex,153644677562,1785852890381356498,78133150466562,153644677562,238520
/localization/pose_estimator/pose_with_covariance,153644677562,1785852890384621106,78133153731006,153644677562,0
/localization/kinematic_state,153694677563,1785852890426104413,78133195214359,153694677563,0
/control/command/control_cmd,153694677563,1785852890426994477,78133196104646,153694677563,80
/localization/kinematic_state,153744677564,1785852890475919395,78133245029212,153744677564,0
/control/command/control_cmd,153744677564,1785852890477857280,78133246967200,153744677564,80
/sensing/lidar/top/pointcloud_raw_ex,153744677564,1785852890481511935,78133250621977,153744677564,238520
/localization/pose_estimator/pose_with_covariance,153744677564,1785852890484616735,78133253726523,153744677564,0
/localization/kinematic_state,153794677564,1785852890526148856,78133295258683,153794677564,0
/control/command/control_cmd,153794677564,1785852890526193940,78133295303580,153794677564,80
/localization/kinematic_state,153844677565,1785852890577994922,78133347105034,153844677565,0
/control/command/control_cmd,153844677565,1785852890578003314,78133347112926,153844677565,80
/sensing/lidar/top/pointcloud_raw_ex,153844677565,1785852890581693774,78133350803751,153844677565,234008
/localization/pose_estimator/pose_with_covariance,153844677565,1785852890584632840,78133353742649,153844677565,0
/control/command/control_cmd,153894677566,1785852890626396577,78133395506513,153894677566,80
/localization/kinematic_state,153894677566,1785852890626503529,78133395613187,153894677566,0
/localization/kinematic_state,153944677567,1785852890676081108,78133445190852,153944677567,0
/control/command/control_cmd,153944677567,1785852890676090058,78133445199685,153944677567,80
/sensing/lidar/top/pointcloud_raw_ex,153944677567,1785852890682966471,78133452076603,153944677567,238136
/localization/pose_estimator/pose_with_covariance,153944677567,1785852890685963957,78133455073721,153944677567,0
/control/command/control_cmd,153994677567,1785852890725814639,78133494924592,153994677567,80
/localization/kinematic_state,153994677567,1785852890726303777,78133495413649,153994677567,0
/localization/kinematic_state,154044677568,1785852890776134369,78133545244235,154044677568,0
/control/command/control_cmd,154044677568,1785852890776584410,78133545694237,154044677568,80
/sensing/lidar/top/pointcloud_raw_ex,154044677568,1785852890781368177,78133550478151,154044677568,237592
/localization/pose_estimator/pose_with_covariance,154044677568,1785852890784634755,78133553744680,154044677568,0
/localization/kinematic_state,154094677569,1785852890825646265,78133594756132,154094677569,0
/control/command/control_cmd,154094677569,1785852890825662920,78133594772520,154094677569,80
/localization/kinematic_state,154144677570,1785852890877127574,78133646237782,154144677570,0
/control/command/control_cmd,154144677570,1785852890877142218,78133646251830,154144677570,80
/sensing/lidar/top/pointcloud_raw_ex,154144677570,1785852890881674873,78133650784999,154144677570,237816
/localization/pose_estimator/pose_with_covariance,154144677570,1785852890884711177,78133653820954,154144677570,0
/localization/kinematic_state,154194677570,1785852890925956323,78133695066106,154194677570,0
/control/command/control_cmd,154194677570,1785852890926306552,78133695416271,154194677570,80
/localization/kinematic_state,154244677571,1785852890975205029,78133744314793,154244677571,0
/control/command/control_cmd,154244677571,1785852890975343262,78133744453194,154244677571,80
/sensing/lidar/top/pointcloud_raw_ex,154244677571,1785852890981254789,78133750364985,154244677571,241272
/localization/pose_estimator/pose_with_covariance,154244677571,1785852890985712092,78133754822174,154244677571,0
/control/command/control_cmd,154294677572,1785852891025419896,78133794529829,154294677572,80
/localization/kinematic_state,154294677572,1785852891025618485,78133794728188,154294677572,0
/localization/kinematic_state,154344677573,1785852891075792388,78133844902341,154344677573,0
/control/command/control_cmd,154344677573,1785852891076148752,78133845258597,154344677573,80
/sensing/lidar/top/pointcloud_raw_ex,154344677573,1785852891080841160,78133849951132,154344677573,237848
/localization/pose_estimator/pose_with_covariance,154344677573,1785852891084020480,78133853130285,154344677573,0
/control/command/control_cmd,154394677573,1785852891126457409,78133895567572,154394677573,80
/localization/kinematic_state,154394677573,1785852891127870041,78133896979942,154394677573,0
/localization/kinematic_state,154444677574,1785852891176100846,78133945210887,154444677574,0
/control/command/control_cmd,154444677574,1785852891176518315,78133945628181,154444677574,80
/sensing/lidar/top/pointcloud_raw_ex,154444677574,1785852891181523251,78133950633237,154444677574,239480
/localization/pose_estimator/pose_with_covariance,154444677574,1785852891184634894,78133953744779,154444677574,0
/localization/kinematic_state,154494677575,1785852891225599224,78133994709035,154494677575,0
/control/command/control_cmd,154494677575,1785852891226561701,78133995671600,154494677575,80
/control/command/control_cmd,154544677576,1785852891275490177,78134044600209,154544677576,80
/localization/kinematic_state,154544677576,1785852891275685937,78134044795677,154544677576,0
/sensing/lidar/top/pointcloud_raw_ex,154544677576,1785852891281418574,78134050528578,154544677576,241528
/localization/pose_estimator/pose_with_covariance,154544677576,1785852891284458108,78134053567898,154544677576,0
/localization/kinematic_state,154594677576,1785852891326211173,78134095321040,154594677576,0
/control/command/control_cmd,154594677576,1785852891326229495,78134095339111,154594677576,80
/localization/kinematic_state,154644677577,1785852891376018824,78134145128632,154644677577,0
/control/command/control_cmd,154644677577,1785852891376420589,78134145530305,154644677577,80
/sensing/lidar/top/pointcloud_raw_ex,154644677577,1785852891381796231,78134150906282,154644677577,242488
/localization/pose_estimator/pose_with_covariance,154644677577,1785852891385187429,78134154297315,154644677577,0
/control/command/control_cmd,154694677578,1785852891426215050,78134195324769,154694677578,80
/localization/kinematic_state,154694677578,1785852891426502128,78134195611901,154694677578,0
/control/command/control_cmd,154744677579,1785852891476211603,78134245321987,154744677579,80
/localization/kinematic_state,154744677579,1785852891476478632,78134245588409,154744677579,0
/sensing/lidar/top/pointcloud_raw_ex,154744677579,1785852891481818650,78134250928585,154744677579,235640
/localization/pose_estimator/pose_with_covariance,154744677579,1785852891485159064,78134254269124,154744677579,0
/localization/kinematic_state,154794677579,1785852891525969573,78134295079387,154794677579,0
/control/command/control_cmd,154794677579,1785852891525979336,78134295088950,154794677579,80
/localization/kinematic_state,154844677580,1785852891576763402,78134345873386,154844677580,0
/control/command/control_cmd,154844677580,1785852891576772621,78134345882235,154844677580,80
/sensing/lidar/top/pointcloud_raw_ex,154844677580,1785852891581825858,78134350935889,154844677580,239288
/localization/pose_estimator/pose_with_covariance,154844677580,1785852891585111263,78134354221110,154844677580,0
/localization/kinematic_state,154894677581,1785852891625754427,78134394864330,154894677581,0
/control/command/control_cmd,154894677581,1785852891625769344,78134394878971,154894677581,80
/localization/kinematic_state,154944677582,1785852891676261705,78134445371834,154944677582,0
/control/command/control_cmd,154944677582,1785852891678409879,78134447519941,154944677582,80
/sensing/lidar/top/pointcloud_raw_ex,154944677582,1785852891681814873,78134450924696,154944677582,241176
/localization/pose_estimator/pose_with_covariance,154944677582,1785852891684899065,78134454008844,154944677582,0
/localization/kinematic_state,154994677582,1785852891725854410,78134494964138,154994677582,0
/control/command/control_cmd,154994677582,1785852891725867786,78134494977424,154994677582,80
/localization/kinematic_state,155044677583,1785852891775318433,78134544428377,155044677583,0
/control/command/control_cmd,155044677583,1785852891777039693,78134546149572,155044677583,80
/sensing/lidar/top/pointcloud_raw_ex,155044677583,1785852891780482039,78134549592196,155044677583,243608
/localization/pose_estimator/pose_with_covariance,155044677583,1785852891783649402,78134552759150,155044677583,0
/localization/kinematic_state,155094677584,1785852891825985666,78134595095635,155094677584,0
/control/command/control_cmd,155094677584,1785852891826716755,78134595826461,155094677584,80
/localization/kinematic_state,155144677585,1785852891876165139,78134645275097,155144677585,0
/control/command/control_cmd,155144677585,1785852891876917548,78134646027462,155144677585,80
/sensing/lidar/top/pointcloud_raw_ex,155144677585,1785852891881362722,78134650472691,155144677585,237400
/localization/pose_estimator/pose_with_covariance,155144677585,1785852891885942088,78134655052141,155144677585,0
/control/command/control_cmd,155194677585,1785852891925956075,78134695065884,155194677585,80
/localization/kinematic_state,155194677585,1785852891926794778,78134695904480,155194677585,0
/control/command/control_cmd,155244677586,1785852891975743426,78134744853265,155244677586,80
/localization/kinematic_state,155244677586,1785852891975938653,78134745048384,155244677586,0
/sensing/lidar/top/pointcloud_raw_ex,155244677586,1785852891982536489,78134751646516,155244677586,238712
/localization/pose_estimator/pose_with_covariance,155244677586,1785852891985873064,78134754983034,155244677586,0
/localization/kinematic_state,155294677587,1785852892025931959,78134795041731,155294677587,0
/control/command/control_cmd,155294677587,1785852892026395059,78134795504777,155294677587,80
/localization/kinematic_state,155344677588,1785852892076453993,78134845563949,155344677588,0
/control/command/control_cmd,155344677588,1785852892076551869,78134845661754,155344677588,80
/sensing/lidar/top/pointcloud_raw_ex,155344677588,1785852892083178621,78134852288710,155344677588,242456
/localization/pose_estimator/pose_with_covariance,155344677588,1785852892087076572,78134856186526,155344677588,0
/control/command/control_cmd,155394677588,1785852892126209558,78134895319532,155394677588,80
/localization/kinematic_state,155394677588,1785852892126468043,78134895577809,155394677588,0
/localization/kinematic_state,155444677589,1785852892175798289,78134944908344,155444677589,0
/control/command/control_cmd,155444677589,1785852892176128844,78134945238561,155444677589,80
/sensing/lidar/top/pointcloud_raw_ex,155444677589,1785852892181788447,78134950898845,155444677589,239448
/localization/pose_estimator/pose_with_covariance,155444677589,1785852892184624468,78134953734384,155444677589,0
/localization/kinematic_state,155494677590,1785852892226956900,78134996066607,155494677590,0
/control/command/control_cmd,155494677590,1785852892226964902,78134996074486,155494677590,80
/localization/kinematic_state,155544677591,1785852892276038210,78135045148099,155544677591,0
/control/command/control_cmd,155544677591,1785852892276391624,78135045501589,155544677591,80
/sensing/lidar/top/pointcloud_raw_ex,155544677591,1785852892281268383,78135050378453,155544677591,240920
/localization/pose_estimator/pose_with_covariance,155544677591,1785852892284245896,78135053355813,155544677591,0
/localization/kinematic_state,155594677591,1785852892326456102,78135095566018,155594677591,0
/control/command/control_cmd,155594677591,1785852892326917448,78135096027158,155594677591,80
/localization/kinematic_state,155644677592,1785852892375982532,78135145092367,155644677592,0
/control/command/control_cmd,155644677592,1785852892376574900,78135145684723,155644677592,80
/sensing/lidar/top/pointcloud_raw_ex,155644677592,1785852892381518427,78135150628656,155644677592,237240
/localization/pose_estimator/pose_with_covariance,155644677592,1785852892384155904,78135153265784,155644677592,0
/localization/kinematic_state,155694677593,1785852892426846553,78135195956834,155694677593,0
/control/command/control_cmd,155694677593,1785852892427202503,78135196312412,155694677593,80
/localization/kinematic_state,155744677594,1785852892475966842,78135245076821,155744677594,0
/control/command/control_cmd,155744677594,1785852892476916193,78135246025996,155744677594,80
/sensing/lidar/top/pointcloud_raw_ex,155744677594,1785852892481360230,78135250470401,155744677594,237816
/localization/pose_estimator/pose_with_covariance,155744677594,1785852892485059652,78135254169490,155744677594,0
/localization/kinematic_state,155794677594,1785852892525769428,78135294879225,155794677594,0
/control/command/control_cmd,155794677594,1785852892526265548,78135295375363,155794677594,80
/control/command/control_cmd,155844677595,1785852892576082993,78135345192940,155844677595,80
/localization/kinematic_state,155844677595,1785852892576395197,78135345504847,155844677595,0
/sensing/lidar/top/pointcloud_raw_ex,155844677595,1785852892581403918,78135350513791,155844677595,239864
/localization/pose_estimator/pose_with_covariance,155844677595,1785852892585010037,78135354119883,155844677595,0
/localization/kinematic_state,155894677596,1785852892626407663,78135395517496,155894677596,0
/control/command/control_cmd,155894677596,1785852892627092386,78135396202370,155894677596,80
/localization/kinematic_state,155944677597,1785852892675510782,78135444620641,155944677597,0
/control/command/control_cmd,155944677597,1785852892676687409,78135445797301,155944677597,80
/sensing/lidar/top/pointcloud_raw_ex,155944677597,1785852892681527059,78135450637158,155944677597,244088
/localization/pose_estimator/pose_with_covariance,155944677597,1785852892684494010,78135453604046,155944677597,0
/localization/kinematic_state,155994677597,1785852892726050927,78135495160766,155994677597,0
/control/command/control_cmd,155994677597,1785852892726061008,78135495170622,155994677597,80
/control/command/control_cmd,156044677598,1785852892776365041,78135545475165,156044677598,80
/localization/kinematic_state,156044677598,1785852892776852792,78135545962700,156044677598,0
/sensing/lidar/top/pointcloud_raw_ex,156044677598,1785852892782288503,78135551398689,156044677598,239736
/localization/pose_estimator/pose_with_covariance,156044677598,1785852892784992865,78135554102851,156044677598,0
/localization/kinematic_state,156094677599,1785852892826132413,78135595242242,156094677599,0
/control/command/control_cmd,156094677599,1785852892826727955,78135595837629,156094677599,80
/localization/kinematic_state,156144677600,1785852892876512829,78135645622785,156144677600,0
/control/command/control_cmd,156144677600,1785852892877631131,78135646741007,156144677600,80
/sensing/lidar/top/pointcloud_raw_ex,156144677600,1785852892882386623,78135651496535,156144677600,241144
/localization/pose_estimator/pose_with_covariance,156144677600,1785852892885892968,78135655002968,156144677600,0
/control/command/control_cmd,156194677600,1785852892926168201,78135695278095,156194677600,80
/localization/kinematic_state,156194677600,1785852892926321866,78135695431510,156194677600,0
/localization/kinematic_state,156244677601,1785852892975854103,78135744964005,156244677601,0
/control/command/control_cmd,156244677601,1785852892976620917,78135745730741,156244677601,80
/sensing/lidar/top/pointcloud_raw_ex,156244677601,1785852892981322449,78135750432547,156244677601,236568
/localization/pose_estimator/pose_with_covariance,156244677601,1785852892984163294,78135753273167,156244677601,0
/localization/kinematic_state,156294677602,1785852893025836689,78135794946488,156294677602,0
/control/command/control_cmd,156294677602,1785852893026784102,78135795894031,156294677602,80
/localization/kinematic_state,156344677602,1785852893075790490,78135844900393,156344677602,0
/control/command/control_cmd,156344677602,1785852893077925217,78135847035172,156344677602,80
/sensing/lidar/top/pointcloud_raw_ex,156344677602,1785852893081318708,78135850428774,156344677602,240280
/localization/pose_estimator/pose_with_covariance,156344677602,1785852893084386766,78135853496685,156344677602,0
/control/command/control_cmd,156394677603,1785852893126682766,78135895792722,156394677603,80
/localization/kinematic_state,156394677603,1785852893127920007,78135897029731,156394677603,0
/localization/kinematic_state,156444677604,1785852893176242351,78135945352072,156444677604,0
/control/command/control_cmd,156444677604,1785852893176624064,78135945734043,156444677604,80
/sensing/lidar/top/pointcloud_raw_ex,156444677604,1785852893181788525,78135950898853,156444677604,238424
/localization/pose_estimator/pose_with_covariance,156444677604,1785852893184956732,78135954066527,156444677604,0
/localization/kinematic_state,156494677605,1785852893225602567,78135994712373,156494677605,0
/control/command/control_cmd,156494677605,1785852893225969745,78135995079424,156494677605,80
/control/command/control_cmd,156544677605,1785852893276134972,78136045245161,156544677605,80
/localization/kinematic_state,156544677605,1785852893276229060,78136045358088,156544677605,0
/sensing/lidar/top/pointcloud_raw_ex,156544677605,1785852893281222903,78136050332834,156544677605,237080
/localization/pose_estimator/pose_with_covariance,156544677605,1785852893284075382,78136053185127,156544677605,0
/localization/kinematic_state,156594677606,1785852893326637350,78136095747224,156594677606,0
/control/command/control_cmd,156594677606,1785852893326651385,78136095761006,156594677606,80
/localization/kinematic_state,156644677607,1785852893376456660,78136145566680,156644677607,0
/control/command/control_cmd,156644677607,1785852893376474596,78136145584227,156644677607,80
/sensing/lidar/top/pointcloud_raw_ex,156644677607,1785852893381935026,78136151045211,156644677607,239352
/localization/pose_estimator/pose_with_covariance,156644677607,1785852893384910849,78136154020796,156644677607,0
/control/command/control_cmd,156694677608,1785852893425956049,78136195066064,156694677608,80
/localization/kinematic_state,156694677608,1785852893425986129,78136195095752,156694677608,0
/localization/kinematic_state,156744677608,1785852893475947172,78136245057057,156744677608,0
/control/command/control_cmd,156744677608,1785852893476578030,78136245687901,156744677608,80
/sensing/lidar/top/pointcloud_raw_ex,156744677608,1785852893481512704,78136250623081,156744677608,238072
/localization/pose_estimator/pose_with_covariance,156744677608,1785852893484302341,78136253412223,156744677608,0
/localization/kinematic_state,156794677609,1785852893526175874,78136295285614,156794677609,0
/control/command/control_cmd,156794677609,1785852893526182995,78136295292618,156794677609,80
/control/command/control_cmd,156844677610,1785852893575812891,78136344922917,156844677610,80
/localization/kinematic_state,156844677610,1785852893576247799,78136345357640,156844677610,0
/sensing/lidar/top/pointcloud_raw_ex,156844677610,1785852893581134169,78136350244435,156844677610,238776
/localization/pose_estimator/pose_with_covariance,156844677610,1785852893583916314,78136353026146,156844677610,0
/localization/kinematic_state,156894677611,1785852893626662783,78136395772530,156894677611,0
/control/command/control_cmd,156894677611,1785852893626731530,78136395841418,156894677611,80
/localization/kinematic_state,156944677611,1785852893676281597,78136445391468,156944677611,0
/control/command/control_cmd,156944677611,1785852893677182530,78136446292313,156944677611,80
/sensing/lidar/top/pointcloud_raw_ex,156944677611,1785852893681068765,78136450178589,156944677611,240216
/localization/pose_estimator/pose_with_covariance,156944677611,1785852893684113998,78136453223858,156944677611,0
/control/command/control_cmd,156994677612,1785852893726611079,78136495720945,156994677612,80
/localization/kinematic_state,156994677612,1785852893726774680,78136495884328,156994677612,0
/localization/kinematic_state,157044677613,1785852893777156598,78136546266794,157044677613,0
/control/command/control_cmd,157044677613,1785852893777174436,78136546284161,157044677613,80
/sensing/lidar/top/pointcloud_raw_ex,157044677613,1785852893781364705,78136550474819,157044677613,239032
/localization/pose_estimator/pose_with_covariance,157044677613,1785852893784614203,78136553724003,157044677613,0
/localization/kinematic_state,157094677614,1785852893825541283,78136594651146,157094677614,0
/control/command/control_cmd,157094677614,1785852893826170290,78136595280165,157094677614,80
/localization/kinematic_state,157144677614,1785852893876069824,78136645179646,157144677614,0
/control/command/control_cmd,157144677614,1785852893876661823,78136645771866,157144677614,80
/sensing/lidar/top/pointcloud_raw_ex,157144677614,1785852893882086900,78136651197121,157144677614,239384
/localization/pose_estimator/pose_with_covariance,157144677614,1785852893885093239,78136654203065,157144677614,0
/localization/kinematic_state,157194677615,1785852893926839104,78136695948988,157194677615,0
/control/command/control_cmd,157194677615,1785852893926845371,78136695955007,157194677615,80
/localization/kinematic_state,157244677616,1785852893975088182,78136744197967,157244677616,0
/control/command/control_cmd,157244677616,1785852893975626279,78136744736138,157244677616,80
/sensing/lidar/top/pointcloud_raw_ex,157244677616,1785852893981853690,78136750963831,157244677616,239064
/localization/pose_estimator/pose_with_covariance,157244677616,1785852893984967833,78136754077764,157244677616,0
/control/command/control_cmd,157294677617,1785852894025849969,78136794960045,157294677617,80
/localization/kinematic_state,157294677617,1785852894027097326,78136796207087,157294677617,0
/control/command/control_cmd,157344677617,1785852894075478820,78136844588993,157344677617,80
/localization/kinematic_state,157344677617,1785852894075632820,78136844742660,157344677617,0
/sensing/lidar/top/pointcloud_raw_ex,157344677617,1785852894080746854,78136849856949,157344677617,240312
/localization/pose_estimator/pose_with_covariance,157344677617,1785852894083546624,78136852656462,157344677617,0
/control/command/control_cmd,157394677618,1785852894125985272,78136895095230,157394677618,80
/localization/kinematic_state,157394677618,1785852894126163709,78136895273506,157394677618,0
/control/command/control_cmd,157444677619,1785852894176055292,78136945165500,157444677619,80
/localization/kinematic_state,157444677619,1785852894176184299,78136945293927,157444677619,0
/sensing/lidar/top/pointcloud_raw_ex,157444677619,1785852894180719559,78136949829852,157444677619,240472
/localization/pose_estimator/pose_with_covariance,157444677619,1785852894183648047,78136952758123,157444677619,0
/localization/kinematic_state,157494677620,1785852894226326516,78136995436426,157494677620,0
/control/command/control_cmd,157494677620,1785852894226337462,78136995447074,157494677620,80
/localization/kinematic_state,157544677620,1785852894275829370,78137044939139,157544677620,0
/control/command/control_cmd,157544677620,1785852894276502306,78137045612197,157544677620,80
/sensing/lidar/top/pointcloud_raw_ex,157544677620,1785852894281521949,78137050631998,157544677620,239832
/localization/pose_estimator/pose_with_covariance,157544677620,1785852894284502121,78137053612001,157544677620,0
/localization/kinematic_state,157594677621,1785852894325725706,78137094835530,157594677621,0
/control/command/control_cmd,157594677621,1785852894325809223,78137094919005,157594677621,80
/localization/kinematic_state,157644677622,1785852894376556336,78137145666348,157644677622,0
/control/command/control_cmd,157644677622,1785852894377451695,78137146561493,157644677622,80
/sensing/lidar/top/pointcloud_raw_ex,157644677622,1785852894381036413,78137150146307,157644677622,237944
/localization/pose_estimator/pose_with_covariance,157644677622,1785852894383871471,78137152981300,157644677622,0
/localization/kinematic_state,157694677623,1785852894425830855,78137194940838,157694677623,0
/control/command/control_cmd,157694677623,1785852894426081864,78137195191746,157694677623,80
/localization/kinematic_state,157744677623,1785852894478007830,78137247117706,157744677623,0
/control/command/control_cmd,157744677623,1785852894478016727,78137247126362,157744677623,80
/sensing/lidar/top/pointcloud_raw_ex,157744677623,1785852894481501180,78137250610992,157744677623,238008
/localization/pose_estimator/pose_with_covariance,157744677623,1785852894484441942,78137253551930,157744677623,0
/localization/kinematic_state,157794677624,1785852894526387772,78137295497743,157794677624,0
/control/command/control_cmd,157794677624,1785852894526433324,78137295543129,157794677624,80
/localization/kinematic_state,157844677625,1785852894576163964,78137345273991,157844677625,0
/control/command/control_cmd,157844677625,1785852894576578950,78137345688747,157844677625,80
/sensing/lidar/top/pointcloud_raw_ex,157844677625,1785852894581947919,78137351058140,157844677625,237304
/localization/pose_estimator/pose_with_covariance,157844677625,1785852894585664217,78137354774158,157844677625,0
/control/command/control_cmd,157894677626,1785852894626472029,78137395582134,157894677626,80
/localization/kinematic_state,157894677626,1785852894626800103,78137395909857,157894677626,0
/control/command/control_cmd,157944677626,1785852894676301377,78137445411413,157944677626,80
/localization/kinematic_state,157944677626,1785852894676702317,78137445812069,157944677626,0
/sensing/lidar/top/pointcloud_raw_ex,157944677626,1785852894682309649,78137451419603,157944677626,237656
/localization/pose_estimator/pose_with_covariance,157944677626,1785852894685628364,78137454738218,157944677626,0
/control/command/control_cmd,157994677627,1785852894726093613,78137495203525,157994677627,80
/localization/kinematic_state,157994677627,1785852894726371629,78137495481386,157994677627,0
/control/command/control_cmd,158044677628,1785852894775781917,78137544891789,158044677628,80
/localization/kinematic_state,158044677628,1785852894776860095,78137545970108,158044677628,0
/sensing/lidar/top/pointcloud_raw_ex,158044677628,1785852894782235004,78137551344959,158044677628,241080
/localization/pose_estimator/pose_with_covariance,158044677628,1785852894785245191,78137554355357,158044677628,0
/localization/kinematic_state,158094677629,1785852894825879280,78137594989130,158094677629,0
/control/command/control_cmd,158094677629,1785852894826311442,78137595421139,158094677629,80
/control/command/control_cmd,158144677629,1785852894875769166,78137644879338,158144677629,80
/localization/kinematic_state,158144677629,1785852894877094860,78137646204778,158144677629,0
/sensing/lidar/top/pointcloud_raw_ex,158144677629,1785852894881175148,78137650285258,158144677629,237400
/localization/pose_estimator/pose_with_covariance,158144677629,1785852894883963004,78137653072817,158144677629,0
/control/command/control_cmd,158194677630,1785852894925722835,78137694832746,158194677630,80
/localization/kinematic_state,158194677630,1785852894926135361,78137695245070,158194677630,0
/control/command/control_cmd,158244677631,1785852894975597714,78137744707638,158244677631,80
/localization/kinematic_state,158244677631,1785852894976000185,78137745109891,158244677631,0
/sensing/lidar/top/pointcloud_raw_ex,158244677631,1785852894981324766,78137750434821,158244677631,239576
/localization/pose_estimator/pose_with_covariance,158244677631,1785852894984264850,78137753375146,158244677631,0
/localization/kinematic_state,158294677632,1785852895025481362,78137794591146,158294677632,0
/control/command/control_cmd,158294677632,1785852895025812139,78137794921882,158294677632,80
/localization/kinematic_state,158344677632,1785852895075745460,78137844855355,158344677632,0
/control/command/control_cmd,158344677632,1785852895076482760,78137845592548,158344677632,80
/sensing/lidar/top/pointcloud_raw_ex,158344677632,1785852895080721401,78137849831503,158344677632,237176
/localization/pose_estimator/pose_with_covariance,158344677632,1785852895083496086,78137852605919,158344677632,0
/localization/kinematic_state,158394677633,1785852895126761170,78137895870992,158394677633,0
/control/command/control_cmd,158394677633,1785852895126774523,78137895884137,158394677633,80
/localization/kinematic_state,158444677634,1785852895176103704,78137945213582,158444677634,0
/control/command/control_cmd,158444677634,1785852895176173934,78137945283762,158444677634,80
/sensing/lidar/top/pointcloud_raw_ex,158444677634,1785852895181317074,78137950427139,158444677634,239448
/localization/pose_estimator/pose_with_covariance,158444677634,1785852895184096795,78137953206549,158444677634,0
/localization/kinematic_state,158494677635,1785852895225977269,78137995087104,158494677635,0
/control/command/control_cmd,158494677635,1785852895226390406,78137995500185,158494677635,80
/localization/kinematic_state,158544677635,1785852895275976813,78138045086610,158544677635,0
/control/command/control_cmd,158544677635,1785852895276465421,78138045575179,158544677635,80
/sensing/lidar/top/pointcloud_raw_ex,158544677635,1785852895282631799,78138051741963,158544677635,239864
/localization/pose_estimator/pose_with_covariance,158544677635,1785852895285430732,78138054540715,158544677635,0
/localization/kinematic_state,158594677636,1785852895326461530,78138095571716,158594677636,0
/control/command/control_cmd,158594677636,1785852895326486404,78138095596174,158594677636,80
/control/command/control_cmd,158644677637,1785852895375968213,78138145078475,158644677637,80
/localization/kinematic_state,158644677637,1785852895376191307,78138145301100,158644677637,0
/sensing/lidar/top/pointcloud_raw_ex,158644677637,1785852895380822007,78138149932212,158644677637,238904
/localization/pose_estimator/pose_with_covariance,158644677637,1785852895383882891,78138152992655,158644677637,0
/control/command/control_cmd,158694677638,1785852895426433514,78138195543457,158694677638,80
/localization/kinematic_state,158694677638,1785852895427028355,78138196138094,158694677638,0
/localization/kinematic_state,158744677638,1785852895475809115,78138244918801,158744677638,0
/control/command/control_cmd,158744677638,1785852895476423096,78138245532772,158744677638,80
/sensing/lidar/top/pointcloud_raw_ex,158744677638,1785852895481863339,78138250973372,158744677638,240184
/localization/pose_estimator/pose_with_covariance,158744677638,1785852895484755325,78138253865148,158744677638,0
/localization/kinematic_state,158794677639,1785852895525723367,78138294833268,158794677639,0
/control/command/control_cmd,158794677639,1785852895526579332,78138295689188,158794677639,80
/localization/kinematic_state,158844677640,1785852895575639703,78138344749689,158844677640,0
/control/command/control_cmd,158844677640,1785852895575801042,78138344910806,158844677640,80
/sensing/lidar/top/pointcloud_raw_ex,158844677640,1785852895581255817,78138350366177,158844677640,237368
/localization/pose_estimator/pose_with_covariance,158844677640,1785852895583911769,78138353021540,158844677640,0
/control/command/control_cmd,158894677640,1785852895625769678,78138394879459,158894677640,80
/localization/kinematic_state,158894677640,1785852895626326767,78138395436532,158894677640,0
/control/command/control_cmd,158944677641,1785852895675671679,78138444781640,158944677641,80
/localization/kinematic_state,158944677641,1785852895676953945,78138446063717,158944677641,0
/sensing/lidar/top/pointcloud_raw_ex,158944677641,1785852895682708078,78138451818119,158944677641,237464
/localization/pose_estimator/pose_with_covariance,158944677641,1785852895685591698,78138454701545,158944677641,0
/localization/kinematic_state,158994677642,1785852895725946260,78138495055984,158994677642,0
/control/command/control_cmd,158994677642,1785852895726978979,78138496088695,158994677642,80
/localization/kinematic_state,159044677643,1785852895775855573,78138544965379,159044677643,0
/control/command/control_cmd,159044677643,1785852895776295468,78138545405405,159044677643,80
/sensing/lidar/top/pointcloud_raw_ex,159044677643,1785852895781538567,78138550648770,159044677643,239448
/localization/pose_estimator/pose_with_covariance,159044677643,1785852895784270200,78138553380104,159044677643,0
/localization/kinematic_state,159094677643,1785852895825937621,78138595047466,159094677643,0
/control/command/control_cmd,159094677643,1785852895825955003,78138595064700,159094677643,80
/localization/kinematic_state,159144677644,1785852895875541344,78138644651178,159144677644,0
/control/command/control_cmd,159144677644,1785852895876367334,78138645477111,159144677644,80
/sensing/lidar/top/pointcloud_raw_ex,159144677644,1785852895881553632,78138650663707,159144677644,235992
/localization/pose_estimator/pose_with_covariance,159144677644,1785852895884398286,78138653508352,159144677644,0
/localization/kinematic_state,159194677645,1785852895926292015,78138695401780,159194677645,0
/control/command/control_cmd,159194677645,1785852895926301641,78138695411266,159194677645,80
/localization/kinematic_state,159244677646,1785852895975559465,78138744669403,159244677646,0
/control/command/control_cmd,159244677646,1785852895977888561,78138746998637,159244677646,80
/sensing/lidar/top/pointcloud_raw_ex,159244677646,1785852895981380263,78138750490305,159244677646,241784
/localization/pose_estimator/pose_with_covariance,159244677646,1785852895984267263,78138753377187,159244677646,0
/control/command/control_cmd,159294677646,1785852896025929405,78138795039429,159294677646,80
/localization/kinematic_state,159294677646,1785852896025985717,78138795095329,159294677646,0
/localization/kinematic_state,159344677647,1785852896075899806,78138845009636,159344677647,0
/control/command/control_cmd,159344677647,1785852896076700472,78138845810308,159344677647,80
/sensing/lidar/top/pointcloud_raw_ex,159344677647,1785852896081414781,78138850524706,159344677647,236824
/localization/pose_estimator/pose_with_covariance,159344677647,1785852896084104299,78138853214154,159344677647,0
/localization/kinematic_state,159394677648,1785852896125981239,78138895091056,159394677648,0
/control/command/control_cmd,159394677648,1785852896125992854,78138895102470,159394677648,80
/control/command/control_cmd,159444677649,1785852896175855754,78138944965883,159444677649,80
/localization/kinematic_state,159444677649,1785852896176442900,78138945552720,159444677649,0
/sensing/lidar/top/pointcloud_raw_ex,159444677649,1785852896181144358,78138950254390,159444677649,236920
/localization/pose_estimator/pose_with_covariance,159444677649,1785852896184165162,78138953275047,159444677649,0
/localization/kinematic_state,159494677649,1785852896225631745,78138994741513,159494677649,0
/control/command/control_cmd,159494677649,1785852896225765025,78138994874681,159494677649,80
/localization/kinematic_state,159544677650,1785852896276802281,78139045912501,159544677650,0
/control/command/control_cmd,159544677650,1785852896276820433,78139045930059,159544677650,80
/sensing/lidar/top/pointcloud_raw_ex,159544677650,1785852896280815294,78139049925298,159544677650,240280
/localization/pose_estimator/pose_with_covariance,159544677650,1785852896283915118,78139053024987,159544677650,0
/localization/kinematic_state,159594677651,1785852896325993333,78139095103300,159594677651,0
/control/command/control_cmd,159594677651,1785852896326297913,78139095407775,159594677651,80
/localization/kinematic_state,159644677652,1785852896376660448,78139145770836,159644677652,0
/control/command/control_cmd,159644677652,1785852896376676676,78139145786420,159644677652,80
/sensing/lidar/top/pointcloud_raw_ex,159644677652,1785852896381567654,78139150677753,159644677652,238520
/localization/pose_estimator/pose_with_covariance,159644677652,1785852896384720475,78139153830341,159644677652,0
/control/command/control_cmd,159694677652,1785852896426190300,78139195300298,159694677652,80
/localization/kinematic_state,159694677652,1785852896426486844,78139195596502,159694677652,0
/control/command/control_cmd,159744677653,1785852896476058626,78139245168974,159744677653,80
/localization/kinematic_state,159744677653,1785852896477093808,78139246203559,159744677653,0
/sensing/lidar/top/pointcloud_raw_ex,159744677653,1785852896481870533,78139250980814,159744677653,237016
/localization/pose_estimator/pose_with_covariance,159744677653,1785852896485033912,78139254143819,159744677653,0
/localization/kinematic_state,159794677654,1785852896526261445,78139295371250,159794677654,0
/control/command/control_cmd,159794677654,1785852896526527073,78139295636986,159794677654,80
/localization/kinematic_state,159844677655,1785852896576014689,78139345124927,159844677655,0
/control/command/control_cmd,159844677655,1785852896576424078,78139345533920,159844677655,80
/sensing/lidar/top/pointcloud_raw_ex,159844677655,1785852896581821287,78139350931183,159844677655,241048
/localization/pose_estimator/pose_with_covariance,159844677655,1785852896584804975,78139353914918,159844677655,0
/localization/kinematic_state,159894677655,1785852896626229263,78139395338946,159894677655,0
/control/command/control_cmd,159894677655,1785852896626235913,78139395345504,159894677655,80
/localization/kinematic_state,159944677656,1785852896676949006,78139446058950,159944677656,0
/control/command/control_cmd,159944677656,1785852896676959978,78139446069609,159944677656,80
/sensing/lidar/top/pointcloud_raw_ex,159944677656,1785852896681382197,78139450492425,159944677656,241304
/localization/pose_estimator/pose_with_covariance,159944677656,1785852896684451773,78139453561577,159944677656,0
/control/command/control_cmd,159994677657,1785852896725918546,78139495028540,159994677657,80
/localization/kinematic_state,159994677657,1785852896726961888,78139496071682,159994677657,0
/localization/kinematic_state,160044677658,1785852896776370474,78139545480438,160044677658,0
/control/command/control_cmd,160044677658,1785852896777031233,78139546141069,160044677658,80
/sensing/lidar/top/pointcloud_raw_ex,160044677658,1785852896781616129,78139550726237,160044677658,240312
/localization/pose_estimator/pose_with_covariance,160044677658,1785852896784704201,78139553813949,160044677658,0
/localization/kinematic_state,160094677658,1785852896826982678,78139596092668,160094677658,0
/control/command/control_cmd,160094677658,1785852896827959481,78139597069178,160094677658,80
/localization/kinematic_state,160144677659,1785852896875922121,78139645032097,160144677659,0
/control/command/control_cmd,160144677659,1785852896876005789,78139645115656,160144677659,80
/sensing/lidar/top/pointcloud_raw_ex,160144677659,1785852896881906176,78139651016206,160144677659,240952
/localization/pose_estimator/pose_with_covariance,160144677659,1785852896885092779,78139654202609,160144677659,0
/localization/kinematic_state,160194677660,1785852896926665945,78139695775888,160194677660,0
/control/command/control_cmd,160194677660,1785852896926675805,78139695785415,160194677660,80
/control/command/control_cmd,160244677661,1785852896976302853,78139745412906,160244677661,80
/localization/kinematic_state,160244677661,1785852896976331359,78139745440985,160244677661,0
/sensing/lidar/top/pointcloud_raw_ex,160244677661,1785852896982026600,78139751136550,160244677661,237944
/localization/pose_estimator/pose_with_covariance,160244677661,1785852896985332947,78139754443100,160244677661,0
/localization/kinematic_state,160294677661,1785852897025422790,78139794532709,160294677661,0
/control/command/control_cmd,160294677661,1785852897025838873,78139794948736,160294677661,80
/localization/kinematic_state,160344677662,1785852897075338796,78139844448634,160344677662,0
/control/command/control_cmd,160344677662,1785852897076782999,78139845892955,160344677662,80
/sensing/lidar/top/pointcloud_raw_ex,160344677662,1785852897081117832,78139850228024,160344677662,239608
/localization/pose_estimator/pose_with_covariance,160344677662,1785852897084149942,78139853259802,160344677662,0
/localization/kinematic_state,160394677663,1785852897125821990,78139894931958,160394677663,0
/control/command/control_cmd,160394677663,1785852897125848359,78139894957992,160394677663,80
/localization/kinematic_state,160444677664,1785852897175644826,78139944754591,160444677664,0
/control/command/control_cmd,160444677664,1785852897176297292,78139945407090,160444677664,80
/sensing/lidar/top/pointcloud_raw_ex,160444677664,1785852897181325697,78139950435813,160444677664,238200
/localization/pose_estimator/pose_with_covariance,160444677664,1785852897184641780,78139953751802,160444677664,0
/control/command/control_cmd,160494677664,1785852897225938068,78139995047984,160494677664,80
/localization/kinematic_state,160494677664,1785852897226765937,78139995875661,160494677664,0
/localization/kinematic_state,160544677665,1785852897275466561,78140044576601,160544677665,0
/control/command/control_cmd,160544677665,1785852897275745651,78140044855553,160544677665,80
/sensing/lidar/top/pointcloud_raw_ex,160544677665,1785852897281319728,78140050429958,160544677665,239960
/localization/pose_estimator/pose_with_covariance,160544677665,1785852897284310334,78140053420228,160544677665,0
/localization/kinematic_state,160594677666,1785852897325826221,78140094936027,160594677666,0
/control/command/control_cmd,160594677666,1785852897326630596,78140095740451,160594677666,80
/localization/kinematic_state,160644677667,1785852897375967757,78140145077677,160644677667,0
/control/command/control_cmd,160644677667,1785852897376397844,78140145507779,160644677667,80
/sensing/lidar/top/pointcloud_raw_ex,160644677667,1785852897381350460,78140150460518,160644677667,237368
/localization/pose_estimator/pose_with_covariance,160644677667,1785852897384375711,78140153485566,160644677667,0
/control/command/control_cmd,160694677667,1785852897426796129,78140195906045,160694677667,80
/localization/kinematic_state,160694677667,1785852897426824198,78140195977180,160694677667,0
/control/command/control_cmd,160744677668,1785852897475937620,78140245047729,160744677668,80
/localization/kinematic_state,160744677668,1785852897476810624,78140245920367,160744677668,0
/sensing/lidar/top/pointcloud_raw_ex,160744677668,1785852897480958464,78140250068447,160744677668,239544
/localization/pose_estimator/pose_with_covariance,160744677668,1785852897484140943,78140253251252,160744677668,0
/localization/kinematic_state,160794677669,1785852897525710312,78140294820347,160794677669,0
/control/command/control_cmd,160794677669,1785852897526075016,78140295184849,160794677669,80
/localization/kinematic_state,160844677670,1785852897575474347,78140344584099,160844677670,0
/control/command/control_cmd,160844677670,1785852897577684800,78140346794990,160844677670,80
/sensing/lidar/top/pointcloud_raw_ex,160844677670,1785852897581548290,78140350658504,160844677670,240888
/localization/pose_estimator/pose_with_covariance,160844677670,1785852897584637667,78140353747472,160844677670,0
/localization/kinematic_state,160894677670,1785852897625660362,78140394770253,160894677670,0
/control/command/control_cmd,160894677670,1785852897626015565,78140395125444,160894677670,80
/localization/kinematic_state,160944677671,1785852897675584422,78140444694189,160944677671,0
/control/command/control_cmd,160944677671,1785852897676184152,78140445293977,160944677671,80
/sensing/lidar/top/pointcloud_raw_ex,160944677671,1785852897681863717,78140450973940,160944677671,238392
/localization/pose_estimator/pose_with_covariance,160944677671,1785852897684929940,78140454039748,160944677671,0
/localization/kinematic_state,160994677672,1785852897726216415,78140495326358,160994677672,0
/control/command/control_cmd,160994677672,1785852897726229917,78140495339538,160994677672,80
/localization/kinematic_state,161044677673,1785852897776662278,78140545772154,161044677673,0
/control/command/control_cmd,161044677673,1785852897777428518,78140546538312,161044677673,80
/sensing/lidar/top/pointcloud_raw_ex,161044677673,1785852897781552601,78140550662657,161044677673,239032
/localization/pose_estimator/pose_with_covariance,161044677673,1785852897784939990,78140554049779,161044677673,0
/localization/kinematic_state,161094677673,1785852897825496532,78140594606276,161094677673,0
/control/command/control_cmd,161094677673,1785852897826054114,78140595163866,161094677673,80
/localization/kinematic_state,161144677674,1785852897875677247,78140644787088,161144677674,0
/control/command/control_cmd,161144677674,1785852897876395009,78140645504842,161144677674,80
/sensing/lidar/top/pointcloud_raw_ex,161144677674,1785852897881907599,78140651017834,161144677674,236664
/localization/pose_estimator/pose_with_covariance,161144677674,1785852897884979466,78140654089295,161144677674,0
/localization/kinematic_state,161194677675,1785852897925944854,78140695054699,161194677675,0
/control/command/control_cmd,161194677675,1785852897925953330,78140695062921,161194677675,80
/localization/kinematic_state,161244677676,1785852897976372509,78140745482356,161244677676,0
/control/command/control_cmd,161244677676,1785852897976381919,78140745491553,161244677676,80
/sensing/lidar/top/pointcloud_raw_ex,161244677676,1785852897981494905,78140750605027,161244677676,236920
/localization/pose_estimator/pose_with_covariance,161244677676,1785852897984596407,78140753706131,161244677676,0
/localization/kinematic_state,161294677676,1785852898026117183,78140795226967,161294677676,0
/control/command/control_cmd,161294677676,1785852898027247517,78140796357252,161294677676,80
/localization/kinematic_state,161344677677,1785852898076552549,78140845662539,161344677677,0
/control/command/control_cmd,161344677677,1785852898076792870,78140845902548,161344677677,80
/sensing/lidar/top/pointcloud_raw_ex,161344677677,1785852898081795777,78140850905911,161344677677,240600
/localization/pose_estimator/pose_with_covariance,161344677677,1785852898084903148,78140854012859,161344677677,0
/localization/kinematic_state,161394677678,1785852898126283970,78140895393889,161394677678,0
/control/command/control_cmd,161394677678,1785852898126664599,78140895774298,161394677678,80
/localization/kinematic_state,161444677678,1785852898175896981,78140945006766,161444677678,0
/control/command/control_cmd,161444677678,1785852898177929064,78140947038904,161444677678,80
/sensing/lidar/top/pointcloud_raw_ex,161444677678,1785852898182215434,78140951325211,161444677678,237400
/localization/pose_estimator/pose_with_covariance,161444677678,1785852898185708244,78140954818046,161444677678,0
/control/command/control_cmd,161494677679,1785852898226754236,78140995864305,161494677679,80
/localization/kinematic_state,161494677679,1785852898226795281,78140995904896,161494677679,0
/localization/kinematic_state,161544677680,1785852898275835418,78141044945516,161544677680,0
/control/command/control_cmd,161544677680,1785852898275844681,78141044954302,161544677680,80
/sensing/lidar/top/pointcloud_raw_ex,161544677680,1785852898281486249,78141050596486,161544677680,239320
/localization/pose_estimator/pose_with_covariance,161544677680,1785852898284809877,78141053919781,161544677680,0
/localization/kinematic_state,161594677681,1785852898325489690,78141094599439,161594677681,0
/control/command/control_cmd,161594677681,1785852898325842808,78141094952766,161594677681,80
/control/command/control_cmd,161644677681,1785852898375774411,78141144884509,161644677681,80
/localization/kinematic_state,161644677681,1785852898376115716,78141145225448,161644677681,0
/sensing/lidar/top/pointcloud_raw_ex,161644677681,1785852898381018648,78141150128718,161644677681,238168
/localization/pose_estimator/pose_with_covariance,161644677681,1785852898384064595,78141153174365,161644677681,0
/localization/kinematic_state,161694677682,1785852898426699947,78141195809830,161694677682,0
/control/command/control_cmd,161694677682,1785852898426710585,78141195820210,161694677682,80
/localization/kinematic_state,161744677683,1785852898475876720,78141244986868,161744677683,0
/control/command/control_cmd,161744677683,1785852898476151354,78141245261065,161744677683,80
/sensing/lidar/top/pointcloud_raw_ex,161744677683,1785852898481592119,78141250702184,161744677683,235736
/localization/pose_estimator/pose_with_covariance,161744677683,1785852898484643000,78141253752752,161744677683,0
/localization/kinematic_state,161794677684,1785852898525965865,78141295075869,161794677684,0
/control/command/control_cmd,161794677684,1785852898526395590,78141295505513,161794677684,80
/control/command/control_cmd,161844677684,1785852898576332733,78141345442845,161844677684,80
/localization/kinematic_state,161844677684,1785852898576836270,78141345945996,161844677684,0
/sensing/lidar/top/pointcloud_raw_ex,161844677684,1785852898582049643,78141351159820,161844677684,238264
/localization/pose_estimator/pose_with_covariance,161844677684,1785852898585211173,78141354321233,161844677684,0
/localization/kinematic_state,161894677685,1785852898625857619,78141394967411,161894677685,0
/control/command/control_cmd,161894677685,1785852898626359059,78141395468891,161894677685,80
/localization/kinematic_state,161944677686,1785852898675937964,78141445047859,161944677686,0
/control/command/control_cmd,161944677686,1785852898675946382,78141445055992,161944677686,80
/sensing/lidar/top/pointcloud_raw_ex,161944677686,1785852898681197176,78141450307275,161944677686,237912
/localization/pose_estimator/pose_with_covariance,161944677686,1785852898684364802,78141453474637,161944677686,0
/control/command/control_cmd,161994677687,1785852898725999485,78141495109385,161994677687,80
/localization/kinematic_state,161994677687,1785852898726021666,78141495131294,161994677687,0
/localization/kinematic_state,162044677687,1785852898775752469,78141544862238,162044677687,0
/control/command/control_cmd,162044677687,1785852898776939670,78141546049535,162044677687,80
/sensing/lidar/top/pointcloud_raw_ex,162044677687,1785852898781483664,78141550593597,162044677687,241176
/localization/pose_estimator/pose_with_covariance,162044677687,1785852898784545279,78141553655054,162044677687,0
/control/command/control_cmd,162094677688,1785852898826017402,78141595127211,162094677688,80
/localization/kinematic_state,162094677688,1785852898826223003,78141595332671,162094677688,0
/control/command/control_cmd,162144677689,1785852898876206653,78141645316490,162144677689,80
/localization/kinematic_state,162144677689,1785852898877167581,78141646277375,162144677689,0
/sensing/lidar/top/pointcloud_raw_ex,162144677689,1785852898882245409,78141651355413,162144677689,241016
/localization/pose_estimator/pose_with_covariance,162144677689,1785852898885296025,78141654405747,162144677689,0
/localization/kinematic_state,162194677690,1785852898925905995,78141695015856,162194677690,0
/control/command/control_cmd,162194677690,1785852898926975541,78141696085341,162194677690,80
/control/command/control_cmd,162244677690,1785852898975901964,78141745012187,162244677690,80
/localization/kinematic_state,162244677690,1785852898975941559,78141745051211,162244677690,0
/sensing/lidar/top/pointcloud_raw_ex,162244677690,1785852898980905727,78141750015843,162244677690,240088
/localization/pose_estimator/pose_with_covariance,162244677690,1785852898983917396,78141753027305,162244677690,0
/control/command/control_cmd,162294677691,1785852899025661127,78141794771011,162294677691,80
/localization/kinematic_state,162294677691,1785852899026169982,78141795279622,162294677691,0
/localization/kinematic_state,162344677692,1785852899075741192,78141844851321,162344677692,0
/control/command/control_cmd,162344677692,1785852899076426945,78141845536799,162344677692,80
/sensing/lidar/top/pointcloud_raw_ex,162344677692,1785852899081922673,78141851032828,162344677692,238040
/localization/pose_estimator/pose_with_covariance,162344677692,1785852899085118991,78141854228920,162344677692,0
/localization/kinematic_state,162394677693,1785852899126093940,78141895203789,162394677693,0
/control/command/control_cmd,162394677693,1785852899126369219,78141895478968,162394677693,80
/localization/kinematic_state,162444677693,1785852899176452051,78141945561994,162444677693,0
/control/command/control_cmd,162444677693,1785852899176732503,78141945842186,162444677693,80
/sensing/lidar/top/pointcloud_raw_ex,162444677693,1785852899181968597,78141951078743,162444677693,238744
/localization/pose_estimator/pose_with_covariance,162444677693,1785852899185682613,78141954792598,162444677693,0
/control/command/control_cmd,162494677694,1785852899226346905,78141995456982,162494677694,80
/localization/kinematic_state,162494677694,1785852899226704154,78141995813913,162494677694,0
/localization/kinematic_state,162544677695,1785852899275473956,78142044583801,162544677695,0
/control/command/control_cmd,162544677695,1785852899276064937,78142045174794,162544677695,80
/sensing/lidar/top/pointcloud_raw_ex,162544677695,1785852899280932575,78142050042572,162544677695,240216
/localization/pose_estimator/pose_with_covariance,162544677695,1785852899284039187,78142053149108,162544677695,0
/localization/kinematic_state,162594677696,1785852899325654500,78142094764344,162594677696,0
/control/command/control_cmd,162594677696,1785852899326015943,78142095125875,162594677696,80
/localization/kinematic_state,162644677696,1785852899377999043,78142147109141,162644677696,0
/control/command/control_cmd,162644677696,1785852899378017296,78142147126913,162644677696,80
/sensing/lidar/top/pointcloud_raw_ex,162644677696,1785852899380832459,78142149942407,162644677696,236280
/localization/pose_estimator/pose_with_covariance,162644677696,1785852899383911168,78142153021170,162644677696,0
/localization/kinematic_state,162694677697,1785852899426606188,78142195716069,162694677697,0
/control/command/control_cmd,162694677697,1785852899426789055,78142195898822,162694677697,80
/localization/kinematic_state,162744677698,1785852899476170221,78142245280212,162744677698,0
/control/command/control_cmd,162744677698,1785852899476285278,78142245394939,162744677698,80
/sensing/lidar/top/pointcloud_raw_ex,162744677698,1785852899482505661,78142251615783,162744677698,238296
/localization/pose_estimator/pose_with_covariance,162744677698,1785852899485750877,78142254860764,162744677698,0
/localization/kinematic_state,162794677699,1785852899526105845,78142295215523,162794677699,0
/control/command/control_cmd,162794677699,1785852899526553163,78142295663005,162794677699,80
/localization/kinematic_state,162844677699,1785852899576087615,78142345197599,162844677699,0
/control/command/control_cmd,162844677699,1785852899576476655,78142345586483,162844677699,80
/sensing/lidar/top/pointcloud_raw_ex,162844677699,1785852899582103814,78142351214041,162844677699,241464
/localization/pose_estimator/pose_with_covariance,162844677699,1785852899584961157,78142354070933,162844677699,0
/localization/kinematic_state,162894677700,1785852899625706923,78142394816729,162894677700,0
/control/command/control_cmd,162894677700,1785852899626304092,78142395413859,162894677700,80
/control/command/control_cmd,162944677701,1785852899676193472,78142445303525,162944677701,80
/localization/kinematic_state,162944677701,1785852899676446641,78142445556347,162944677701,0
/sensing/lidar/top/pointcloud_raw_ex,162944677701,1785852899681553443,78142450663816,162944677701,238072
/localization/pose_estimator/pose_with_covariance,162944677701,1785852899684755667,78142453865605,162944677701,0
/localization/kinematic_state,162994677702,1785852899726211835,78142495321713,162994677702,0
/control/command/control_cmd,162994677702,1785852899726311896,78142495421752,162994677702,80
/localization/kinematic_state,163044677702,1785852899776136384,78142545246366,163044677702,0
/control/command/control_cmd,163044677702,1785852899778031528,78142547141281,163044677702,80
/sensing/lidar/top/pointcloud_raw_ex,163044677702,1785852899781903469,78142551013313,163044677702,239032
/localization/pose_estimator/pose_with_covariance,163044677702,1785852899784790422,78142553900310,163044677702,0
/localization/kinematic_state,163094677703,1785852899826504239,78142595614019,163094677703,0
/control/command/control_cmd,163094677703,1785852899826512583,78142595622189,163094677703,80
/localization/kinematic_state,163144677704,1785852899875667606,78142644777460,163144677704,0
/control/command/control_cmd,163144677704,1785852899875789340,78142644899234,163144677704,80
/sensing/lidar/top/pointcloud_raw_ex,163144677704,1785852899880910335,78142650020355,163144677704,242936
/localization/pose_estimator/pose_with_covariance,163144677704,1785852899884160204,78142653270148,163144677704,0
/control/command/control_cmd,163194677705,1785852899925541008,78142694650926,163194677705,80
/localization/kinematic_state,163194677705,1785852899926059340,78142695169115,163194677705,0
/localization/kinematic_state,163244677705,1785852899975458876,78142744568865,163244677705,0
/control/command/control_cmd,163244677705,1785852899976429079,78142745539046,163244677705,80
/sensing/lidar/top/pointcloud_raw_ex,163244677705,1785852899981506954,78142750617056,163244677705,237720
/localization/pose_estimator/pose_with_covariance,163244677705,1785852899984708825,78142753818764,163244677705,0
/control/command/control_cmd,163294677706,1785852900025603778,78142794713784,163294677706,80
/localization/kinematic_state,163294677706,1785852900025709972,78142794819714,163294677706,0
/localization/kinematic_state,163344677707,1785852900075282269,78142844392097,163344677707,0
/control/command/control_cmd,163344677707,1785852900075639546,78142844749419,163344677707,80
/sensing/lidar/top/pointcloud_raw_ex,163344677707,1785852900080953612,78142850063916,163344677707,237624
/localization/pose_estimator/pose_with_covariance,163344677707,1785852900083781877,78142852891843,163344677707,0
/localization/kinematic_state,163394677708,1785852900125759515,78142894869471,163394677708,0
/control/command/control_cmd,163394677708,1785852900126199255,78142895309133,163394677708,80
/control/command/control_cmd,163444677708,1785852900175798680,78142944908765,163444677708,80
/localization/kinematic_state,163444677708,1785852900175836421,78142944946069,163444677708,0
/sensing/lidar/top/pointcloud_raw_ex,163444677708,1785852900181813533,78142950923752,163444677708,238552
/localization/pose_estimator/pose_with_covariance,163444677708,1785852900184806180,78142953915960,163444677708,0
/control/command/control_cmd,163494677709,1785852900226083012,78142995193054,163494677709,80
/localization/kinematic_state,163494677709,1785852900226290250,78142995400029,163494677709,0
/localization/kinematic_state,163544677710,1785852900275706230,78143044816161,163544677710,0
/control/command/control_cmd,163544677710,1785852900276132822,78143045242707,163544677710,80
/sensing/lidar/top/pointcloud_raw_ex,163544677710,1785852900281289463,78143050399567,163544677710,234616
/localization/pose_estimator/pose_with_covariance,163544677710,1785852900284229394,78143053339177,163544677710,0
/control/command/control_cmd,163594677711,1785852900325912256,78143095022137,163594677711,80
/localization/kinematic_state,163594677711,1785852900326062900,78143095172650,163594677711,0
/localization/kinematic_state,163644677711,1785852900375517745,78143144627745,163644677711,0
/control/command/control_cmd,163644677711,1785852900375527004,78143144636619,163644677711,80
/sensing/lidar/top/pointcloud_raw_ex,163644677711,1785852900381411149,78143150521473,163644677711,236664
/localization/pose_estimator/pose_with_covariance,163644677711,1785852900384348326,78143153458181,163644677711,0
/localization/kinematic_state,163694677712,1785852900425457446,78143194567471,163694677712,0
/control/command/control_cmd,163694677712,1785852900425813525,78143194923203,163694677712,80
/control/command/control_cmd,163744677713,1785852900476146873,78143245256781,163744677713,80
/localization/kinematic_state,163744677713,1785852900476210950,78143245320575,163744677713,0
/sensing/lidar/top/pointcloud_raw_ex,163744677713,1785852900481699328,78143250809625,163744677713,240344
/localization/pose_estimator/pose_with_covariance,163744677713,1785852900485061347,78143254171250,163744677713,0
/control/command/control_cmd,163794677714,1785852900525635407,78143294745420,163794677714,80
/localization/kinematic_state,163794677714,1785852900526085728,78143295195494,163794677714,0
/localization/kinematic_state,163844677714,1785852900577934308,78143347044451,163844677714,0
/control/command/control_cmd,163844677714,1785852900577943902,78143347053521,163844677714,80
/sensing/lidar/top/pointcloud_raw_ex,163844677714,1785852900582519186,78143351629062,163844677714,241976
/localization/pose_estimator/pose_with_covariance,163844677714,1785852900586594199,78143355704138,163844677714,0
/control/command/control_cmd,163894677715,1785852900626313010,78143395422992,163894677715,80
/localization/kinematic_state,163894677715,1785852900626941886,78143396051537,163894677715,0
/localization/kinematic_state,163944677716,1785852900675715440,78143444825223,163944677716,0
/control/command/control_cmd,163944677716,1785852900676914960,78143446024968,163944677716,80
/sensing/lidar/top/pointcloud_raw_ex,163944677716,1785852900681001451,78143450111407,163944677716,241464
/localization/pose_estimator/pose_with_covariance,163944677716,1785852900683772920,78143452882712,163944677716,0
/localization/kinematic_state,163994677716,1785852900726224241,78143495334027,163994677716,0
/control/command/control_cmd,163994677716,1785852900726418797,78143495528576,163994677716,80
/localization/kinematic_state,164044677717,1785852900776245387,78143545355327,164044677717,0
/control/command/control_cmd,164044677717,1785852900777830274,78143546940079,164044677717,80
/sensing/lidar/top/pointcloud_raw_ex,164044677717,1785852900781980085,78143551090133,164044677717,239160
/localization/pose_estimator/pose_with_covariance,164044677717,1785852900784720840,78143553830778,164044677717,0
/localization/kinematic_state,164094677718,1785852900826293329,78143595403083,164094677718,0
/control/command/control_cmd,164094677718,1785852900826421364,78143595531014,164094677718,80
/localization/kinematic_state,164144677719,1785852900875590809,78143644700583,164144677719,0
/control/command/control_cmd,164144677719,1785852900876149799,78143645259504,164144677719,80
/sensing/lidar/top/pointcloud_raw_ex,164144677719,1785852900882487698,78143651597842,164144677719,237816
/localization/pose_estimator/pose_with_covariance,164144677719,1785852900885237057,78143654346793,164144677719,0
/control/command/control_cmd,164194677719,1785852900925954782,78143695064812,164194677719,80
/localization/kinematic_state,164194677719,1785852900926282491,78143695392263,164194677719,0
/localization/kinematic_state,164244677720,1785852900975899071,78143745008889,164244677720,0
/control/command/control_cmd,164244677720,1785852900976052335,78143745162009,164244677720,80
/sensing/lidar/top/pointcloud_raw_ex,164244677720,1785852900981295273,78143750405334,164244677720,239448
/localization/pose_estimator/pose_with_covariance,164244677720,1785852900984125673,78143753235655,164244677720,0
/control/command/control_cmd,164294677721,1785852901025805819,78143794915750,164294677721,80
/localization/kinematic_state,164294677721,1785852901026118711,78143795228456,164294677721,0
/control/command/control_cmd,164344677722,1785852901075761187,78143844871240,164344677722,80
/localization/kinematic_state,164344677722,1785852901076012018,78143845121734,164344677722,0
/sensing/lidar/top/pointcloud_raw_ex,164344677722,1785852901081222441,78143850332531,164344677722,237816
/localization/pose_estimator/pose_with_covariance,164344677722,1785852901084089961,78143853199791,164344677722,0
/localization/kinematic_state,164394677722,1785852901126003140,78143895112968,164394677722,0
/control/command/control_cmd,164394677722,1785852901126364854,78143895474556,164394677722,80
/localization/kinematic_state,164444677723,1785852901175680418,78143944790184,164444677723,0
/control/command/control_cmd,164444677723,1785852901176934739,78143946044744,164444677723,80
/sensing/lidar/top/pointcloud_raw_ex,164444677723,1785852901181612904,78143950722904,164444677723,238200
/localization/pose_estimator/pose_with_covariance,164444677723,1785852901184448410,78143953558273,164444677723,0
/control/command/control_cmd,164494677724,1785852901225736099,78143994845980,164494677724,80
/localization/kinematic_state,164494677724,1785852901226819770,78143995929494,164494677724,0
/localization/kinematic_state,164544677725,1785852901276132886,78144045242780,164544677725,0
/control/command/control_cmd,164544677725,1785852901276640959,78144045750945,164544677725,80
/sensing/lidar/top/pointcloud_raw_ex,164544677725,1785852901280979730,78144050089810,164544677725,236984
/localization/pose_estimator/pose_with_covariance,164544677725,1785852901283857562,78144052967360,164544677725,0
/control/command/control_cmd,164594677725,1785852901325804817,78144094915104,164594677725,80
/localization/kinematic_state,164594677725,1785852901325839703,78144094949341,164594677725,0
/localization/kinematic_state,164644677726,1785852901376644741,78144145754464,164644677726,0
/control/command/control_cmd,164644677726,1785852901376653014,78144145762624,164644677726,80
/sensing/lidar/top/pointcloud_raw_ex,164644677726,1785852901383307663,78144152417922,164644677726,237656
/localization/pose_estimator/pose_with_covariance,164644677726,1785852901386183650,78144155293514,164644677726,0
/control/command/control_cmd,164694677727,1785852901425803914,78144194913867,164694677727,80
/localization/kinematic_state,164694677727,1785852901425966471,78144195076219,164694677727,0
/localization/kinematic_state,164744677728,1785852901475796696,78144244906550,164744677728,0
/control/command/control_cmd,164744677728,1785852901476780487,78144245890314,164744677728,80
/sensing/lidar/top/pointcloud_raw_ex,164744677728,1785852901481526143,78144250636100,164744677728,236920
/localization/pose_estimator/pose_with_covariance,164744677728,1785852901484624819,78144253734635,164744677728,0
/localization/kinematic_state,164794677728,1785852901526525805,78144295635856,164794677728,0
/control/command/control_cmd,164794677728,1785852901527181199,78144296290947,164794677728,80
/localization/kinematic_state,164844677729,1785852901575305993,78144344415792,164844677729,0
/control/command/control_cmd,164844677729,1785852901575549281,78144344659212,164844677729,80
/sensing/lidar/top/pointcloud_raw_ex,164844677729,1785852901580511955,78144349622182,164844677729,239256
/localization/pose_estimator/pose_with_covariance,164844677729,1785852901583175453,78144352315468,164844677729,0
/localization/kinematic_state,164894677730,1785852901626124523,78144395234534,164894677730,0
/control/command/control_cmd,164894677730,1785852901626457671,78144395567455,164894677730,80
/localization/kinematic_state,164944677731,1785852901676466488,78144445576477,164944677731,0
/control/command/control_cmd,164944677731,1785852901676753260,78144445863133,164944677731,80
/sensing/lidar/top/pointcloud_raw_ex,164944677731,1785852901681218489,78144450328545,164944677731,236952
/localization/pose_estimator/pose_with_covariance,164944677731,1785852901684501659,78144453611701,164944677731,0
/control/command/control_cmd,164994677731,1785852901725665992,78144494776050,164994677731,80
/localization/kinematic_state,164994677731,1785852901725909167,78144495018888,164994677731,0
/localization/kinematic_state,165044677732,1785852901777079529,78144546189389,165044677732,0
/control/command/control_cmd,165044677732,1785852901777089119,78144546198742,165044677732,80
/sensing/lidar/top/pointcloud_raw_ex,165044677732,1785852901781453596,78144550563668,165044677732,238232
/localization/pose_estimator/pose_with_covariance,165044677732,1785852901784199601,78144553309481,165044677732,0
/localization/kinematic_state,165094677733,1785852901825773071,78144594882965,165094677733,0
/control/command/control_cmd,165094677733,1785852901826024985,78144595134889,165094677733,80
/localization/kinematic_state,165144677734,1785852901879819748,78144648929844,165144677734,0
/control/command/control_cmd,165144677734,1785852901879830258,78144648939868,165144677734,80
/sensing/lidar/top/pointcloud_raw_ex,165144677734,1785852901881907429,78144651017363,165144677734,238168
/localization/pose_estimator/pose_with_covariance,165144677734,1785852901884805310,78144653915289,165144677734,0
/localization/kinematic_state,165194677734,1785852901926225567,78144695335423,165194677734,0
/control/command/control_cmd,165194677734,1785852901926518588,78144695628308,165194677734,80
/localization/kinematic_state,165244677735,1785852901975503334,78144744613099,165244677735,0
/control/command/control_cmd,165244677735,1785852901976040582,78144745150458,165244677735,80
/sensing/lidar/top/pointcloud_raw_ex,165244677735,1785852901981162914,78144750273090,165244677735,240696
/localization/pose_estimator/pose_with_covariance,165244677735,1785852901984147983,78144753257729,165244677735,0
/localization/kinematic_state,165294677736,1785852902025309252,78144794419124,165294677736,0
/control/command/control_cmd,165294677736,1785852902026192421,78144795302213,165294677736,80
/localization/kinematic_state,165344677737,1785852902075958227,78144845068004,165344677737,0
/control/command/control_cmd,165344677737,1785852902076345341,78144845455186,165344677737,80
/sensing/lidar/top/pointcloud_raw_ex,165344677737,1785852902081430341,78144850540386,165344677737,238104
/localization/pose_estimator/pose_with_covariance,165344677737,1785852902084192706,78144853302504,165344677737,0
/control/command/control_cmd,165394677737,1785852902126614243,78144895724042,165394677737,80
/localization/kinematic_state,165394677737,1785852902126647846,78144895757477,165394677737,0
/localization/kinematic_state,165444677738,1785852902177843410,78144946953393,165444677738,0
/control/command/control_cmd,165444677738,1785852902177855421,78144946965113,165444677738,80
/sensing/lidar/top/pointcloud_raw_ex,165444677738,1785852902183051500,78144952161449,165444677738,238872
/localization/pose_estimator/pose_with_covariance,165444677738,1785852902185871797,78144954981554,165444677738,0
/control/command/control_cmd,165494677739,1785852902226041739,78144995151553,165494677739,80
/localization/kinematic_state,165494677739,1785852902227020039,78144996129876,165494677739,0
/localization/kinematic_state,165544677740,1785852902275579713,78145044689748,165544677740,0
/control/command/control_cmd,165544677740,1785852902276371158,78145045481015,165544677740,80
/sensing/lidar/top/pointcloud_raw_ex,165544677740,1785852902282338522,78145051448852,165544677740,237080
/localization/pose_estimator/pose_with_covariance,165544677740,1785852902285551618,78145054661426,165544677740,0
/localization/kinematic_state,165594677740,1785852902325657635,78145094767334,165594677740,0
/control/command/control_cmd,165594677740,1785852902326256915,78145095366844,165594677740,80
/localization/kinematic_state,165644677741,1785852902375811940,78145144921768,165644677741,0
/control/command/control_cmd,165644677741,1785852902376858579,78145145968311,165644677741,80
/sensing/lidar/top/pointcloud_raw_ex,165644677741,1785852902382021803,78145151131991,165644677741,237016
/localization/pose_estimator/pose_with_covariance,165644677741,1785852902384810091,78145153919825,165644677741,0
/control/command/control_cmd,165694677742,1785852902426396193,78145195506443,165694677742,80
/localization/kinematic_state,165694677742,1785852902427124861,78145196234505,165694677742,0
/control/command/control_cmd,165744677743,1785852902475661848,78145244771696,165744677743,80
/localization/kinematic_state,165744677743,1785852902476013067,78145245122840,165744677743,0
/sensing/lidar/top/pointcloud_raw_ex,165744677743,1785852902481368316,78145250478372,165744677743,241688
/localization/pose_estimator/pose_with_covariance,165744677743,1785852902484171779,78145253281569,165744677743,0
/control/command/control_cmd,165794677743,1785852902525706521,78145294816440,165794677743,80
/localization/kinematic_state,165794677743,1785852902526054937,78145295164603,165794677743,0
/localization/kinematic_state,165844677744,1785852902576048834,78145345158591,165844677744,0
/control/command/control_cmd,165844677744,1785852902576911536,78145346021625,165844677744,80
/sensing/lidar/top/pointcloud_raw_ex,165844677744,1785852902582548218,78145351658451,165844677744,237368
/localization/pose_estimator/pose_with_covariance,165844677744,1785852902585396709,78145354506476,165844677744,0
/control/command/control_cmd,165894677745,1785852902626036566,78145395146491,165894677745,80
/localization/kinematic_state,165894677745,1785852902626521562,78145395631323,165894677745,0
/localization/kinematic_state,165944677746,1785852902675872298,78145444982226,165944677746,0
/control/command/control_cmd,165944677746,1785852902676135628,78145445245508,165944677746,80
/sensing/lidar/top/pointcloud_raw_ex,165944677746,1785852902681408748,78145450518853,165944677746,238680
/localization/pose_estimator/pose_with_covariance,165944677746,1785852902684245375,78145453355201,165944677746,0
/localization/kinematic_state,165994677746,1785852902726175395,78145495285146,165994677746,0
/control/command/control_cmd,165994677746,1785852902726189669,78145495299274,165994677746,80
/localization/kinematic_state,166044677747,1785852902776643154,78145545753128,166044677747,0
/control/command/control_cmd,166044677747,1785852902777922804,78145547032438,166044677747,80
/sensing/lidar/top/pointcloud_raw_ex,166044677747,1785852902781446273,78145550556202,166044677747,236664
/localization/pose_estimator/pose_with_covariance,166044677747,1785852902784462373,78145553572177,166044677747,0
/control/command/control_cmd,166094677748,1785852902826358361,78145595468349,166094677748,80
/localization/kinematic_state,166094677748,1785852902826390330,78145595499952,166094677748,0
/localization/kinematic_state,166144677749,1785852902875403478,78145644513328,166144677749,0
/control/command/control_cmd,166144677749,1785852902876294876,78145645404700,166144677749,80
/sensing/lidar/top/pointcloud_raw_ex,166144677749,1785852902881652869,78145650762829,166144677749,238552
/localization/pose_estimator/pose_with_covariance,166144677749,1785852902884633008,78145653742975,166144677749,0
/localization/kinematic_state,166194677749,1785852902925491490,78145694601333,166194677749,0
/control/command/control_cmd,166194677749,1785852902925549784,78145694659409,166194677749,80
/localization/kinematic_state,166244677750,1785852902975114813,78145744224769,166244677750,0
/control/command/control_cmd,166244677750,1785852902975847353,78145744957156,166244677750,80
/sensing/lidar/top/pointcloud_raw_ex,166244677750,1785852902981396440,78145750506374,166244677750,241208
/localization/pose_estimator/pose_with_covariance,166244677750,1785852902984409096,78145753519042,166244677750,0
/localization/kinematic_state,166294677751,1785852903025671489,78145794781260,166294677751,0
/control/command/control_cmd,166294677751,1785852903026393677,78145795503463,166294677751,80
/control/command/control_cmd,166344677752,1785852903075910649,78145845020804,166344677752,80
/localization/kinematic_state,166344677752,1785852903075971606,78145845081263,166344677752,0
/sensing/lidar/top/pointcloud_raw_ex,166344677752,1785852903081352815,78145850462862,166344677752,240728
/localization/pose_estimator/pose_with_covariance,166344677752,1785852903084215694,78145853325442,166344677752,0
/localization/kinematic_state,166394677752,1785852903125978302,78145895088295,166394677752,0
/control/command/control_cmd,166394677752,1785852903127192962,78145896302782,166394677752,80
/control/command/control_cmd,166444677753,1785852903176193359,78145945303207,166444677753,80
/localization/kinematic_state,166444677753,1785852903176418461,78145945528152,166444677753,0
/sensing/lidar/top/pointcloud_raw_ex,166444677753,1785852903181489844,78145950599739,166444677753,237944
/localization/pose_estimator/pose_with_covariance,166444677753,1785852903184514854,78145953624644,166444677753,0
/localization/kinematic_state,166494677754,1785852903225738256,78145994848084,166494677754,0
/control/command/control_cmd,166494677754,1785852903226068413,78145995178330,166494677754,80
/localization/kinematic_state,166544677754,1785852903276869899,78146045979793,166544677754,0
/control/command/control_cmd,166544677754,1785852903276880679,78146045990286,166544677754,80
/sensing/lidar/top/pointcloud_raw_ex,166544677754,1785852903281423697,78146050533875,166544677754,238584
/localization/pose_estimator/pose_with_covariance,166544677754,1785852903284213502,78146053323398,166544677754,0
/control/command/control_cmd,166594677755,1785852903326282068,78146095391751,166594677755,80
/localization/kinematic_state,166594677755,1785852903327254680,78146096364551,166594677755,0
/control/command/control_cmd,166644677756,1785852903375803525,78146144913609,166644677756,80
/localization/kinematic_state,166644677756,1785852903376130290,78146145240046,166644677756,0
/sensing/lidar/top/pointcloud_raw_ex,166644677756,1785852903381694440,78146150804640,166644677756,236408
/localization/pose_estimator/pose_with_covariance,166644677756,1785852903384455973,78146153565907,166644677756,0
/localization/kinematic_state,166694677757,1785852903426132067,78146195241885,166694677757,0
/control/command/control_cmd,166694677757,1785852903426143695,78146195253309,166694677757,80
/localization/kinematic_state,166744677757,1785852903475944148,78146245054209,166744677757,0
/control/command/control_cmd,166744677757,1785852903476420793,78146245530537,166744677757,80
/sensing/lidar/top/pointcloud_raw_ex,166744677757,1785852903481421279,78146250531243,166744677757,237880
/localization/pose_estimator/pose_with_covariance,166744677757,1785852903484326768,78146253436627,166744677757,0
/localization/kinematic_state,166794677758,1785852903526056625,78146295166448,166794677758,0
/control/command/control_cmd,166794677758,1785852903526825017,78146295934864,166794677758,80
/localization/kinematic_state,166844677759,1785852903576393377,78146345503337,166844677759,0
/control/command/control_cmd,166844677759,1785852903579251959,78146348362389,166844677759,80
/sensing/lidar/top/pointcloud_raw_ex,166844677759,1785852903582052639,78146351162502,166844677759,240920
/localization/pose_estimator/pose_with_covariance,166844677759,1785852903585124205,78146354233978,166844677759,0
/control/command/control_cmd,166894677760,1785852903626444686,78146395554705,166894677760,80
/localization/kinematic_state,166894677760,1785852903626490591,78146395600185,166894677760,0
/localization/kinematic_state,166944677760,1785852903676432152,78146445542034,166944677760,0
/control/command/control_cmd,166944677760,1785852903676554883,78146445664630,166944677760,80
/sensing/lidar/top/pointcloud_raw_ex,166944677760,1785852903681239418,78146450349667,166944677760,241080
/localization/pose_estimator/pose_with_covariance,166944677760,1785852903684195371,78146453305240,166944677760,0
/localization/kinematic_state,166994677761,1785852903726786368,78146495896572,166994677761,0
/control/command/control_cmd,166994677761,1785852903727306786,78146496416576,166994677761,80
/localization/kinematic_state,167044677762,1785852903776748743,78146545858756,167044677762,0
/control/command/control_cmd,167044677762,1785852903777307970,78146546417922,167044677762,80
/sensing/lidar/top/pointcloud_raw_ex,167044677762,1785852903782113981,78146551223845,167044677762,239224
/localization/pose_estimator/pose_with_covariance,167044677762,1785852903784975791,78146554085476,167044677762,0
/control/command/control_cmd,167094677763,1785852903825821378,78146594931432,167094677763,80
/localization/kinematic_state,167094677763,1785852903825966490,78146595076203,167094677763,0
/localization/kinematic_state,167144677763,1785852903876373597,78146645483447,167144677763,0
/control/command/control_cmd,167144677763,1785852903876755846,78146645865896,167144677763,80
/sensing/lidar/top/pointcloud_raw_ex,167144677763,1785852903882535713,78146651645740,167144677763,241784
/localization/pose_estimator/pose_with_covariance,167144677763,1785852903886038106,78146655147959,167144677763,0
/localization/kinematic_state,167194677764,1785852903925705476,78146694815307,167194677764,0
/control/command/control_cmd,167194677764,1785852903925986660,78146695096475,167194677764,80
/control/command/control_cmd,167244677765,1785852903976124648,78146745234687,167244677765,80
/localization/kinematic_state,167244677765,1785852903976472208,78146745582013,167244677765,0
/sensing/lidar/top/pointcloud_raw_ex,167244677765,1785852903981403866,78146750514137,167244677765,237784
/localization/pose_estimator/pose_with_covariance,167244677765,1785852903984228556,78146753338403,167244677765,0
/localization/kinematic_state,167294677766,1785852904026542379,78146795652105,167294677766,0
/control/command/control_cmd,167294677766,1785852904027264537,78146796374513,167294677766,80
/control/command/control_cmd,167344677766,1785852904075863896,78146844973819,167344677766,80
/localization/kinematic_state,167344677766,1785852904076464068,78146845574009,167344677766,0
/sensing/lidar/top/pointcloud_raw_ex,167344677766,1785852904082803600,78146851913575,167344677766,236792
/localization/pose_estimator/pose_with_covariance,167344677766,1785852904085720506,78146854830621,167344677766,0
/localization/kinematic_state,167394677767,1785852904125769974,78146894879874,167394677767,0
/control/command/control_cmd,167394677767,1785852904126253469,78146895363393,167394677767,80
/localization/kinematic_state,167444677768,1785852904176039488,78146945149361,167444677768,0
/control/command/control_cmd,167444677768,1785852904176927160,78146946036946,167444677768,80
/sensing/lidar/top/pointcloud_raw_ex,167444677768,1785852904181960164,78146951070119,167444677768,239416
/localization/pose_estimator/pose_with_covariance,167444677768,1785852904184836510,78146953946392,167444677768,0
/localization/kinematic_state,167494677769,1785852904225897894,78146995007926,167494677769,0
/control/command/control_cmd,167494677769,1785852904226247502,78146995357198,167494677769,80
/control/command/control_cmd,167544677769,1785852904275875688,78147044985724,167544677769,80
/localization/kinematic_state,167544677769,1785852904276216718,78147045326475,167544677769,0
/sensing/lidar/top/pointcloud_raw_ex,167544677769,1785852904281608778,78147050718948,167544677769,238840
/localization/pose_estimator/pose_with_covariance,167544677769,1785852904284972613,78147054082415,167544677769,0
/localization/kinematic_state,167594677770,1785852904325954817,78147095064568,167594677770,0
/control/command/control_cmd,167594677770,1785852904326495495,78147095605280,167594677770,80
/control/command/control_cmd,167644677771,1785852904375638887,78147144748702,167644677771,80
/localization/kinematic_state,167644677771,1785852904375825909,78147144935664,167644677771,0
/sensing/lidar/top/pointcloud_raw_ex,167644677771,1785852904380650611,78147149760679,167644677771,236824
/localization/pose_estimator/pose_with_covariance,167644677771,1785852904383752066,78147152861970,167644677771,0
/localization/kinematic_state,167694677772,1785852904425794544,78147194904257,167694677772,0
/control/command/control_cmd,167694677772,1785852904425933584,78147195043387,167694677772,80
/localization/kinematic_state,167744677772,1785852904475495810,78147244605660,167744677772,0
/control/command/control_cmd,167744677772,1785852904476087106,78147245196893,167744677772,80
/sensing/lidar/top/pointcloud_raw_ex,167744677772,1785852904481415624,78147250525716,167744677772,236632
/localization/pose_estimator/pose_with_covariance,167744677772,1785852904484146849,78147253256690,167744677772,0
/localization/kinematic_state,167794677773,1785852904526271745,78147295381715,167794677773,0
/control/command/control_cmd,167794677773,1785852904526879686,78147295989529,167794677773,80
/localization/kinematic_state,167844677774,1785852904575389284,78147344499047,167844677774,0
/control/command/control_cmd,167844677774,1785852904576742648,78147345852580,167844677774,80
/sensing/lidar/top/pointcloud_raw_ex,167844677774,1785852904583485950,78147352596295,167844677774,236248
/localization/pose_estimator/pose_with_covariance,167844677774,1785852904586755143,78147355864941,167844677774,0
/control/command/control_cmd,167894677775,1785852904626204370,78147395314219,167894677775,80
/localization/kinematic_state,167894677775,1785852904627456185,78147396566009,167894677775,0
/localization/kinematic_state,167944677775,1785852904676808735,78147445918740,167944677775,0
/control/command/control_cmd,167944677775,1785852904676927544,78147446037418,167944677775,80
/sensing/lidar/top/pointcloud_raw_ex,167944677775,1785852904682919158,78147452029480,167944677775,239896
/localization/pose_estimator/pose_with_covariance,167944677775,1785852904685609177,78147454718956,167944677775,0
/control/command/control_cmd,167994677776,1785852904726566645,78147495676391,167994677776,80
/localization/kinematic_state,167994677776,1785852904727845979,78147496955749,167994677776,0
/control/command/control_cmd,168044677777,1785852904776211870,78147545321960,168044677777,80
/localization/kinematic_state,168044677777,1785852904777244320,78147546354137,168044677777,0
/sensing/lidar/top/pointcloud_raw_ex,168044677777,1785852904783226219,78147552336194,168044677777,240440
/localization/pose_estimator/pose_with_covariance,168044677777,1785852904785976136,78147555085857,168044677777,0
/localization/kinematic_state,168094677778,1785852904825918554,78147595028333,168094677778,0
/control/command/control_cmd,168094677778,1785852904826243325,78147595353141,168094677778,80
/localization/kinematic_state,168144677778,1785852904875938836,78147645048831,168144677778,0
/control/command/control_cmd,168144677778,1785852904876709968,78147645819863,168144677778,80
/sensing/lidar/top/pointcloud_raw_ex,168144677778,1785852904882684346,78147651794869,168144677778,237880
/localization/pose_estimator/pose_with_covariance,168144677778,1785852904885884649,78147654994744,168144677778,0
/localization/kinematic_state,168194677779,1785852904926023145,78147695133004,168194677779,0
/control/command/control_cmd,168194677779,1785852904926037127,78147695146727,168194677779,80
/localization/kinematic_state,168244677780,1785852904976065337,78147745175222,168244677780,0
/control/command/control_cmd,168244677780,1785852904976424881,78147745534527,168244677780,80
/sensing/lidar/top/pointcloud_raw_ex,168244677780,1785852904981827562,78147750937483,168244677780,237432
/localization/pose_estimator/pose_with_covariance,168244677780,1785852904984951022,78147754060874,168244677780,0
/localization/kinematic_state,168294677781,1785852905026228237,78147795338157,168294677781,0
/control/command/control_cmd,168294677781,1785852905026235966,78147795345582,168294677781,80
/localization/kinematic_state,168344677781,1785852905076067820,78147845177900,168344677781,0
/control/command/control_cmd,168344677781,1785852905076292107,78147845401759,168344677781,80
/sensing/lidar/top/pointcloud_raw_ex,168344677781,1785852905081446117,78147850556094,168344677781,239480
/localization/pose_estimator/pose_with_covariance,168344677781,1785852905084476367,78147853586220,168344677781,0
/localization/kinematic_state,168394677782,1785852905126174829,78147895284663,168394677782,0
/control/command/control_cmd,168394677782,1785852905127113361,78147896223228,168394677782,80
/localization/kinematic_state,168444677783,1785852905176007915,78147945117892,168444677783,0
/control/command/control_cmd,168444677783,1785852905176320292,78147945430164,168444677783,80
/sensing/lidar/top/pointcloud_raw_ex,168444677783,1785852905181251147,78147950361180,168444677783,239032
/localization/pose_estimator/pose_with_covariance,168444677783,1785852905184288221,78147953398196,168444677783,0
/localization/kinematic_state,168494677784,1785852905225818251,78147994928237,168494677784,0
/control/command/control_cmd,168494677784,1785852905226154816,78147995264669,168494677784,80
/localization/kinematic_state,168544677784,1785852905276238923,78148045348891,168544677784,0
/control/command/control_cmd,168544677784,1785852905277329185,78148046438964,168544677784,80
/sensing/lidar/top/pointcloud_raw_ex,168544677784,1785852905281430612,78148050540541,168544677784,240408
/localization/pose_estimator/pose_with_covariance,168544677784,1785852905285480915,78148054590912,168544677784,0
/localization/kinematic_state,168594677785,1785852905325659472,78148094769185,168594677785,0
/control/command/control_cmd,168594677785,1785852905325993374,78148095103518,168594677785,80
/control/command/control_cmd,168644677786,1785852905375884975,78148144994947,168644677786,80
/localization/kinematic_state,168644677786,1785852905376332493,78148145442258,168644677786,0
/sensing/lidar/top/pointcloud_raw_ex,168644677786,1785852905380621889,78148149731973,168644677786,238296
/localization/pose_estimator/pose_with_covariance,168644677786,1785852905383623053,78148152732923,168644677786,0
/localization/kinematic_state,168694677787,1785852905426001438,78148195111307,168694677787,0
/control/command/control_cmd,168694677787,1785852905426622932,78148195732725,168694677787,80
/localization/kinematic_state,168744677787,1785852905476414291,78148245524110,168744677787,0
/control/command/control_cmd,168744677787,1785852905476423023,78148245532652,168744677787,80
/sensing/lidar/top/pointcloud_raw_ex,168744677787,1785852905482901610,78148252011570,168744677787,238360
/localization/pose_estimator/pose_with_covariance,168744677787,1785852905485898572,78148255008253,168744677787,0
/control/command/control_cmd,168794677788,1785852905525873133,78148294982965,168794677788,80
/localization/kinematic_state,168794677788,1785852905526910293,78148296020032,168794677788,0
/localization/kinematic_state,168844677789,1785852905575500366,78148344610125,168844677789,0
/control/command/control_cmd,168844677789,1785852905576426790,78148345536623,168844677789,80
/sensing/lidar/top/pointcloud_raw_ex,168844677789,1785852905581790996,78148350901237,168844677789,239992
/localization/pose_estimator/pose_with_covariance,168844677789,1785852905584926155,78148354036010,168844677789,0
/control/command/control_cmd,168894677789,1785852905625761475,78148394871316,168894677789,80
/localization/kinematic_state,168894677789,1785852905627022403,78148396132175,168894677789,0
/localization/kinematic_state,168944677790,1785852905675970571,78148445080433,168944677790,0
/control/command/control_cmd,168944677790,1785852905676262238,78148445372063,168944677790,80
/sensing/lidar/top/pointcloud_raw_ex,168944677790,1785852905681289412,78148450399664,168944677790,242296
/localization/pose_estimator/pose_with_covariance,168944677790,1785852905684430811,78148453540670,168944677790,0
/localization/kinematic_state,168994677791,1785852905725690464,78148494800330,168994677791,0
/control/command/control_cmd,168994677791,1785852905726054713,78148495164796,168994677791,80
/localization/kinematic_state,169044677792,1785852905775769843,78148544879720,169044677792,0
/control/command/control_cmd,169044677792,1785852905775885863,78148544995530,169044677792,80
/sensing/lidar/top/pointcloud_raw_ex,169044677792,1785852905781103660,78148550213913,169044677792,237272
/localization/pose_estimator/pose_with_covariance,169044677792,1785852905784172363,78148553282364,169044677792,0
/localization/kinematic_state,169094677792,1785852905825876004,78148594985785,169094677792,0
/control/command/control_cmd,169094677792,1785852905826116504,78148595226208,169094677792,80
/localization/kinematic_state,169144677793,1785852905875364991,78148644474705,169144677793,0
/control/command/control_cmd,169144677793,1785852905875752825,78148644862554,169144677793,80
/sensing/lidar/top/pointcloud_raw_ex,169144677793,1785852905881305803,78148650415859,169144677793,238424
/localization/pose_estimator/pose_with_covariance,169144677793,1785852905884463751,78148653573653,169144677793,0
/localization/kinematic_state,169194677794,1785852905925867701,78148694977703,169194677794,0
/control/command/control_cmd,169194677794,1785852905926035777,78148695145646,169194677794,80
/control/command/control_cmd,169244677795,1785852905976018921,78148745129007,169244677795,80
/localization/kinematic_state,169244677795,1785852905976200521,78148745310305,169244677795,0
/sensing/lidar/top/pointcloud_raw_ex,169244677795,1785852905982095390,78148751205437,169244677795,238360
/localization/pose_estimator/pose_with_covariance,169244677795,1785852905985316643,78148754426335,169244677795,0
/localization/kinematic_state,169294677795,1785852906025243992,78148794353968,169294677795,0
/control/command/control_cmd,169294677795,1785852906026017190,78148795127033,169294677795,80
/localization/kinematic_state,169344677796,1785852906074955850,78148844065743,169344677796,0
/control/command/control_cmd,169344677796,1785852906075748132,78148844858182,169344677796,80
/sensing/lidar/top/pointcloud_raw_ex,169344677796,1785852906080893832,78148850003979,169344677796,240888
/localization/pose_estimator/pose_with_covariance,169344677796,1785852906083957018,78148853066796,169344677796,0
/localization/kinematic_state,169394677797,1785852906126169149,78148895278965,169394677797,0
/control/command/control_cmd,169394677797,1785852906126349658,78148895459529,169394677797,80
/localization/kinematic_state,169444677798,1785852906175775639,78148944885468,169444677798,0
/control/command/control_cmd,169444677798,1785852906175837554,78148944947169,169444677798,80
/sensing/lidar/top/pointcloud_raw_ex,169444677798,1785852906181504282,78148950614629,169444677798,241048
/localization/pose_estimator/pose_with_covariance,169444677798,1785852906184682695,78148953792522,169444677798,0
/localization/kinematic_state,169494677798,1785852906225883074,78148994993069,169494677798,0
/control/command/control_cmd,169494677798,1785852906225903799,78148995013456,169494677798,80
/localization/kinematic_state,169544677799,1785852906275951565,78149045061361,169544677799,0
/control/command/control_cmd,169544677799,1785852906276376385,78149045486284,169544677799,80
/sensing/lidar/top/pointcloud_raw_ex,169544677799,1785852906281481251,78149050591486,169544677799,239640
/localization/pose_estimator/pose_with_covariance,169544677799,1785852906284680383,78149053790172,169544677799,0
/localization/kinematic_state,169594677800,1785852906326827399,78149095937388,169594677800,0
/control/command/control_cmd,169594677800,1785852906326847419,78149095957022,169594677800,80
/localization/kinematic_state,169644677801,1785852906376062670,78149145172509,169644677801,0
/control/command/control_cmd,169644677801,1785852906376445664,78149145555336,169644677801,80
/sensing/lidar/top/pointcloud_raw_ex,169644677801,1785852906381435810,78149150546039,169644677801,240568
/localization/pose_estimator/pose_with_covariance,169644677801,1785852906384606190,78149153715984,169644677801,0
/localization/kinematic_state,169694677801,1785852906426219358,78149195329167,169694677801,0
/control/command/control_cmd,169694677801,1785852906426226471,78149195336081,169694677801,80
/localization/kinematic_state,169744677802,1785852906476171430,78149245281266,169744677802,0
/control/command/control_cmd,169744677802,1785852906476181242,78149245290862,169744677802,80
/sensing/lidar/top/pointcloud_raw_ex,169744677802,1785852906481149156,78149250259085,169744677802,241560
/localization/pose_estimator/pose_with_covariance,169744677802,1785852906484185958,78149253295743,169744677802,0
/localization/kinematic_state,169794677803,1785852906525729651,78149294839453,169794677803,0
/control/command/control_cmd,169794677803,1785852906526859995,78149295969739,169794677803,80
/localization/kinematic_state,169844677804,1785852906575798999,78149344908884,169844677804,0
/control/command/control_cmd,169844677804,1785852906576385187,78149345495091,169844677804,80
/sensing/lidar/top/pointcloud_raw_ex,169844677804,1785852906581575963,78149350686173,169844677804,241240
/localization/pose_estimator/pose_with_covariance,169844677804,1785852906584879706,78149353989483,169844677804,0
/localization/kinematic_state,169894677804,1785852906626227474,78149395337221,169894677804,0
/control/command/control_cmd,169894677804,1785852906626507648,78149395617603,169894677804,80
/localization/kinematic_state,169944677805,1785852906676565966,78149445675751,169944677805,0
/control/command/control_cmd,169944677805,1785852906676606991,78149445716924,169944677805,80
/sensing/lidar/top/pointcloud_raw_ex,169944677805,1785852906681152109,78149450262174,169944677805,238776
/localization/pose_estimator/pose_with_covariance,169944677805,1785852906684638942,78149453748853,169944677805,0
/localization/kinematic_state,169994677806,1785852906726715706,78149495825798,169994677806,0
/control/command/control_cmd,169994677806,1785852906726726275,78149495835910,169994677806,80
/localization/kinematic_state,170044677807,1785852906776037880,78149545147916,170044677807,0
/control/command/control_cmd,170044677807,1785852906776728708,78149545838567,170044677807,80
/sensing/lidar/top/pointcloud_raw_ex,170044677807,1785852906781708518,78149550818742,170044677807,239608
/localization/pose_estimator/pose_with_covariance,170044677807,1785852906785000342,78149554110102,170044677807,0
/localization/kinematic_state,170094677807,1785852906825923397,78149595033134,170094677807,0
/control/command/control_cmd,170094677807,1785852906826617482,78149595727209,170094677807,80
/localization/kinematic_state,170144677808,1785852906876275383,78149645385421,170144677808,0
/control/command/control_cmd,170144677808,1785852906876378410,78149645488030,170144677808,80
/sensing/lidar/top/pointcloud_raw_ex,170144677808,1785852906881261922,78149650371878,170144677808,235192
/localization/pose_estimator/pose_with_covariance,170144677808,1785852906884412401,78149653522208,170144677808,0
/localization/kinematic_state,170194677809,1785852906925654344,78149694764375,170194677809,0
/control/command/control_cmd,170194677809,1785852906925953611,78149695063509,170194677809,80
/localization/kinematic_state,170244677810,1785852906976027608,78149745137546,170244677810,0
/control/command/control_cmd,170244677810,1785852906976164471,78149745274169,170244677810,80
/sensing/lidar/top/pointcloud_raw_ex,170244677810,1785852906981515692,78149750625890,170244677810,240344
/localization/pose_estimator/pose_with_covariance,170244677810,1785852906984888462,78149753998278,170244677810,0
/localization/kinematic_state,170294677810,1785852907026733161,78149795843133,170294677810,0
/control/command/control_cmd,170294677810,1785852907027377050,78149796486897,170294677810,80
/localization/kinematic_state,170344677811,1785852907075957155,78149845067185,170344677811,0
/control/command/control_cmd,170344677811,1785852907076745802,78149845855779,170344677811,80
/sensing/lidar/top/pointcloud_raw_ex,170344677811,1785852907081314847,78149850424757,170344677811,238360
/localization/pose_estimator/pose_with_covariance,170344677811,1785852907085129773,78149854239583,170344677811,0
/localization/kinematic_state,170394677812,1785852907126039282,78149895149276,170394677812,0
/control/command/control_cmd,170394677812,1785852907126622178,78149895732089,170394677812,80
/localization/kinematic_state,170444677813,1785852907175764716,78149944874588,170444677813,0
/control/command/control_cmd,170444677813,1785852907175775944,78149944916158,170444677813,80
/sensing/lidar/top/pointcloud_raw_ex,170444677813,1785852907181006779,78149950116702,170444677813,237272
/localization/pose_estimator/pose_with_covariance,170444677813,1785852907183991693,78149953101652,170444677813,0
/localization/kinematic_state,170494677813,1785852907226747566,78149995857405,170494677813,0
/control/command/control_cmd,170494677813,1785852907226757810,78149995867433,170494677813,80
/control/command/control_cmd,170544677814,1785852907276679260,78150045789399,170544677814,80
/localization/kinematic_state,170544677814,1785852907276714372,78150045824011,170544677814,0
/sensing/lidar/top/pointcloud_raw_ex,170544677814,1785852907281486770,78150050596925,170544677814,237976
/localization/pose_estimator/pose_with_covariance,170544677814,1785852907284467034,78150053576783,170544677814,0
/control/command/control_cmd,170594677815,1785852907325999176,78150095109003,170594677815,80
/localization/kinematic_state,170594677815,1785852907326360714,78150095470461,170594677815,0
/localization/kinematic_state,170644677816,1785852907375984679,78150145094534,170644677816,0
/control/command/control_cmd,170644677816,1785852907376349759,78150145459702,170644677816,80
/sensing/lidar/top/pointcloud_raw_ex,170644677816,1785852907381692975,78150150803377,170644677816,238584
/localization/pose_estimator/pose_with_covariance,170644677816,1785852907385654747,78150154764835,170644677816,0
/localization/kinematic_state,170694677816,1785852907426307674,78150195417486,170694677816,0
/control/command/control_cmd,170694677816,1785852907426725435,78150195835187,170694677816,80
/localization/kinematic_state,170744677817,1785852907476063379,78150245173300,170744677817,0
/control/command/control_cmd,170744677817,1785852907476310300,78150245420107,170744677817,80
/sensing/lidar/top/pointcloud_raw_ex,170744677817,1785852907480946604,78150250056564,170744677817,236984
/localization/pose_estimator/pose_with_covariance,170744677817,1785852907484224575,78150253334408,170744677817,0
/localization/kinematic_state,170794677818,1785852907526932744,78150296042628,170794677818,0
/control/command/control_cmd,170794677818,1785852907526941913,78150296051559,170794677818,80
/localization/kinematic_state,170844677819,1785852907576042265,78150345152184,170844677819,0
/control/command/control_cmd,170844677819,1785852907576702169,78150345812117,170844677819,80
/sensing/lidar/top/pointcloud_raw_ex,170844677819,1785852907581247633,78150350357584,170844677819,239288
/localization/pose_estimator/pose_with_covariance,170844677819,1785852907584372591,78150353482483,170844677819,0
/control/command/control_cmd,170894677819,1785852907626487694,78150395597627,170894677819,80
/localization/kinematic_state,170894677819,1785852907626803872,78150395913622,170894677819,0
/localization/kinematic_state,170944677820,1785852907677969789,78150447079869,170944677820,0
/control/command/control_cmd,170944677820,1785852907677987159,78150447096782,170944677820,80
/sensing/lidar/top/pointcloud_raw_ex,170944677820,1785852907681208664,78150450318690,170944677820,238584
/localization/pose_estimator/pose_with_covariance,170944677820,1785852907684497999,78150453607880,170944677820,0
/localization/kinematic_state,170994677821,1785852907726068307,78150495178196,170994677821,0
/control/command/control_cmd,170994677821,1785852907726278478,78150495388383,170994677821,80
/localization/kinematic_state,171044677822,1785852907775745075,78150544854941,171044677822,0
/control/command/control_cmd,171044677822,1785852907777160594,78150546270582,171044677822,80
/sensing/lidar/top/pointcloud_raw_ex,171044677822,1785852907781442321,78150550552488,171044677822,237944
/localization/pose_estimator/pose_with_covariance,171044677822,1785852907785470150,78150554580172,171044677822,0
/control/command/control_cmd,171094677822,1785852907825842111,78150594952089,171094677822,80
/localization/kinematic_state,171094677822,1785852907826793022,78150595902872,171094677822,0
/localization/kinematic_state,171144677823,1785852907875961150,78150645071027,171144677823,0
/control/command/control_cmd,171144677823,1785852907876897776,78150646007757,171144677823,80
/sensing/lidar/top/pointcloud_raw_ex,171144677823,1785852907883473701,78150652583673,171144677823,240376
/localization/pose_estimator/pose_with_covariance,171144677823,1785852907886467652,78150655577474,171144677823,0
/control/command/control_cmd,171194677824,1785852907925813393,78150694923179,171194677824,80
/localization/kinematic_state,171194677824,1785852907925948406,78150695058182,171194677824,0
/control/command/control_cmd,171244677825,1785852907975847539,78150744957431,171244677825,80
/localization/kinematic_state,171244677825,1785852907976426716,78150745536459,171244677825,0
/sensing/lidar/top/pointcloud_raw_ex,171244677825,1785852907982041947,78150751152124,171244677825,237496
/localization/pose_estimator/pose_with_covariance,171244677825,1785852907985161819,78150754271517,171244677825,0
/localization/kinematic_state,171294677825,1785852908027008222,78150796117920,171294677825,0
/control/command/control_cmd,171294677825,1785852908027016556,78150796126167,171294677825,80
/localization/kinematic_state,171344677826,1785852908075577773,78150844687670,171344677826,0
/control/command/control_cmd,171344677826,1785852908076031019,78150845140901,171344677826,80
/sensing/lidar/top/pointcloud_raw_ex,171344677826,1785852908082212636,78150851323131,171344677826,240728
/localization/pose_estimator/pose_with_covariance,171344677826,1785852908085262272,78150854372230,171344677826,0
/control/command/control_cmd,171394677827,1785852908126658561,78150895768501,171394677827,80
/localization/kinematic_state,171394677827,1785852908126692066,78150895801705,171394677827,0
/localization/kinematic_state,171444677827,1785852908176052910,78150945162955,171444677827,0
/control/command/control_cmd,171444677827,1785852908176243616,78150945353323,171444677827,80
/sensing/lidar/top/pointcloud_raw_ex,171444677827,1785852908181609228,78150950719148,171444677827,237784
/localization/pose_estimator/pose_with_covariance,171444677827,1785852908184647956,78150953757907,171444677827,0
/localization/kinematic_state,171494677828,1785852908225747318,78150994857026,171494677828,0
/control/command/control_cmd,171494677828,1785852908226227518,78150995337319,171494677828,80
/localization/kinematic_state,171544677829,1785852908275069462,78151044179388,171544677829,0
/control/command/control_cmd,171544677829,1785852908276150762,78151045260501,171544677829,80
/sensing/lidar/top/pointcloud_raw_ex,171544677829,1785852908281132030,78151050242115,171544677829,243224
/localization/pose_estimator/pose_with_covariance,171544677829,1785852908284084937,78151053194997,171544677829,0
/localization/kinematic_state,171594677830,1785852908326602061,78151095711802,171594677830,0
/control/command/control_cmd,171594677830,1785852908326691781,78151095801619,171594677830,80
/localization/kinematic_state,171644677830,1785852908375376631,78151144486485,171644677830,0
/control/command/control_cmd,171644677830,1785852908376217581,78151145327482,171644677830,80
/sensing/lidar/top/pointcloud_raw_ex,171644677830,1785852908381247835,78151150358024,171644677830,237880
/localization/pose_estimator/pose_with_covariance,171644677830,1785852908384340616,78151153450431,171644677830,0
/control/command/control_cmd,171694677831,1785852908425651636,78151194761427,171694677831,80
/localization/kinematic_state,171694677831,1785852908426436534,78151195546373,171694677831,0
/control/command/control_cmd,171744677832,1785852908476039322,78151245149236,171744677832,80
/localization/kinematic_state,171744677832,1785852908476197060,78151245306853,171744677832,0
/sensing/lidar/top/pointcloud_raw_ex,171744677832,1785852908481438007,78151250548174,171744677832,239608
/localization/pose_estimator/pose_with_covariance,171744677832,1785852908484775854,78151253885653,171744677832,0
/localization/kinematic_state,171794677833,1785852908527660039,78151296769885,171794677833,0
/control/command/control_cmd,171794677833,1785852908527670168,78151296779778,171794677833,80
/localization/kinematic_state,171844677833,1785852908575626528,78151344736567,171844677833,0
/control/command/control_cmd,171844677833,1785852908576785178,78151345894968,171844677833,80
/sensing/lidar/top/pointcloud_raw_ex,171844677833,1785852908581853354,78151350963464,171844677833,236824
/localization/pose_estimator/pose_with_covariance,171844677833,1785852908585285414,78151354395176,171844677833,0
/control/command/control_cmd,171894677834,1785852908626649155,78151395758991,171894677834,80
/localization/kinematic_state,171894677834,1785852908626676060,78151395785689,171894677834,0
/localization/kinematic_state,171944677835,1785852908675944960,78151445054908,171944677835,0
/control/command/control_cmd,171944677835,1785852908676456650,78151445566604,171944677835,80
/sensing/lidar/top/pointcloud_raw_ex,171944677835,1785852908681727557,78151450837521,171944677835,238808
/localization/pose_estimator/pose_with_covariance,171944677835,1785852908684797283,78151453907067,171944677835,0
/control/command/control_cmd,171994677836,1785852908726066602,78151495176370,171994677836,80
/localization/kinematic_state,171994677836,1785852908726370564,78151495480334,171994677836,0
/control/command/control_cmd,172044677836,1785852908776869259,78151545979524,172044677836,80
/localization/kinematic_state,172044677836,1785852908776926046,78151546035681,172044677836,0
/sensing/lidar/top/pointcloud_raw_ex,172044677836,1785852908782424998,78151551535207,172044677836,238392
/localization/pose_estimator/pose_with_covariance,172044677836,1785852908785887249,78151554997011,172044677836,0
/control/command/control_cmd,172094677837,1785852908826640345,78151595750341,172094677837,80
/localization/kinematic_state,172094677837,1785852908826669854,78151595779468,172094677837,0
/localization/kinematic_state,172144677838,1785852908876065250,78151645175238,172144677838,0
/control/command/control_cmd,172144677838,1785852908876492925,78151645602728,172144677838,80
/sensing/lidar/top/pointcloud_raw_ex,172144677838,1785852908881987650,78151651097765,172144677838,239032
/localization/pose_estimator/pose_with_covariance,172144677838,1785852908885183076,78151654292913,172144677838,0
/localization/kinematic_state,172194677839,1785852908926182455,78151695292310,172194677839,0
/control/command/control_cmd,172194677839,1785852908927111979,78151696222074,172194677839,80
/control/command/control_cmd,172244677839,1785852908975229564,78151744339438,172244677839,80
/localization/kinematic_state,172244677839,1785852908975497685,78151744607467,172244677839,0
/sensing/lidar/top/pointcloud_raw_ex,172244677839,1785852908980402517,78151749512567,172244677839,236088
/localization/pose_estimator/pose_with_covariance,172244677839,1785852908983566018,78151752675904,172244677839,0
/control/command/control_cmd,172294677840,1785852909025292433,78151794402348,172294677840,80
/localization/kinematic_state,172294677840,1785852909025582270,78151794691934,172294677840,0
/localization/kinematic_state,172344677841,1785852909075371341,78151844481078,172344677841,0
/control/command/control_cmd,172344677841,1785852909075759472,78151844869159,172344677841,80
/sensing/lidar/top/pointcloud_raw_ex,172344677841,1785852909081200261,78151850310200,172344677841,240056
/localization/pose_estimator/pose_with_covariance,172344677841,1785852909084273379,78151853383263,172344677841,0
/localization/kinematic_state,172394677842,1785852909125704404,78151894814341,172394677842,0
/control/command/control_cmd,172394677842,1785852909125919988,78151895029848,172394677842,80
/localization/kinematic_state,172444677842,1785852909176001896,78151945111751,172444677842,0
/control/command/control_cmd,172444677842,1785852909176670111,78151945780069,172444677842,80
/sensing/lidar/top/pointcloud_raw_ex,172444677842,1785852909180914965,78151950025160,172444677842,241528
/localization/pose_estimator/pose_with_covariance,172444677842,1785852909183979214,78151953089010,172444677842,0
/control/command/control_cmd,172494677843,1785852909226162608,78151995272523,172494677843,80
/localization/kinematic_state,172494677843,1785852909226813425,78151995923302,172494677843,0
/localization/kinematic_state,172544677844,1785852909275688213,78152044798109,172544677844,0
/control/command/control_cmd,172544677844,1785852909276921886,78152046031927,172544677844,80
/sensing/lidar/top/pointcloud_raw_ex,172544677844,1785852909280986952,78152050097018,172544677844,239224
/localization/pose_estimator/pose_with_covariance,172544677844,1785852909283908995,78152053018832,172544677844,0
/localization/kinematic_state,172594677845,1785852909325598964,78152094709028,172594677845,0
/control/command/control_cmd,172594677845,1785852909326081732,78152095191557,172594677845,80
/localization/kinematic_state,172644677845,1785852909376583665,78152145693625,172644677845,0
/control/command/control_cmd,172644677845,1785852909376771935,78152145881604,172644677845,80
/sensing/lidar/top/pointcloud_raw_ex,172644677845,1785852909380965172,78152150075175,172644677845,237848
/localization/pose_estimator/pose_with_covariance,172644677845,1785852909384031335,78152153141059,172644677845,0
/control/command/control_cmd,172694677846,1785852909426402729,78152195512721,172694677846,80
/localization/kinematic_state,172694677846,1785852909426690373,78152195800188,172694677846,0
/localization/kinematic_state,172744677847,1785852909475880542,78152244990507,172744677847,0
/control/command/control_cmd,172744677847,1785852909476072129,78152245181966,172744677847,80
/sensing/lidar/top/pointcloud_raw_ex,172744677847,1785852909481128230,78152250238232,172744677847,237624
/localization/pose_estimator/pose_with_covariance,172744677847,1785852909484165057,78152253274786,172744677847,0
/localization/kinematic_state,172794677848,1785852909526043205,78152295152972,172794677848,0
/control/command/control_cmd,172794677848,1785852909526051632,78152295161232,172794677848,80
/localization/kinematic_state,172844677848,1785852909576483535,78152345593556,172844677848,0
/control/command/control_cmd,172844677848,1785852909576621183,78152345731117,172844677848,80
/sensing/lidar/top/pointcloud_raw_ex,172844677848,1785852909581715585,78152350825542,172844677848,239704
/localization/pose_estimator/pose_with_covariance,172844677848,1785852909585040576,78152354150645,172844677848,0
/localization/kinematic_state,172894677849,1785852909626497900,78152395607874,172894677849,0
/control/command/control_cmd,172894677849,1785852909626992470,78152396102368,172894677849,80
/localization/kinematic_state,172944677850,1785852909676063546,78152445173507,172944677850,0
/control/command/control_cmd,172944677850,1785852909676479639,78152445589580,172944677850,80
/sensing/lidar/top/pointcloud_raw_ex,172944677850,1785852909681320774,78152450431219,172944677850,240920
/localization/pose_estimator/pose_with_covariance,172944677850,1785852909684581762,78152453691714,172944677850,0
/control/command/control_cmd,172994677851,1785852909726302663,78152495412590,172994677851,80
/localization/kinematic_state,172994677851,1785852909727051090,78152496160812,172994677851,0
/localization/kinematic_state,173044677851,1785852909776665390,78152545775220,173044677851,0
/control/command/control_cmd,173044677851,1785852909777270194,78152546380036,173044677851,80
/sensing/lidar/top/pointcloud_raw_ex,173044677851,1785852909782144951,78152551255131,173044677851,235256
/localization/pose_estimator/pose_with_covariance,173044677851,1785852909786138480,78152555248508,173044677851,0
/control/command/control_cmd,173094677852,1785852909825687955,78152594797697,173094677852,80
/localization/kinematic_state,173094677852,1785852909825778960,78152594888796,173094677852,0
/localization/kinematic_state,173144677853,1785852909875359581,78152644469383,173144677853,0
/control/command/control_cmd,173144677853,1785852909876650164,78152645760167,173144677853,80
/sensing/lidar/top/pointcloud_raw_ex,173144677853,1785852909881857222,78152650967079,173144677853,239160
/localization/pose_estimator/pose_with_covariance,173144677853,1785852909884741773,78152653851502,173144677853,0
/control/command/control_cmd,173194677854,1785852909925974453,78152695084478,173194677854,80
/localization/kinematic_state,173194677854,1785852909926811674,78152695921411,173194677854,0
/localization/kinematic_state,173244677854,1785852909975964399,78152745074416,173244677854,0
/control/command/control_cmd,173244677854,1785852909976647550,78152745757419,173244677854,80
/sensing/lidar/top/pointcloud_raw_ex,173244677854,1785852909980408805,78152749518650,173244677854,240728
/localization/pose_estimator/pose_with_covariance,173244677854,1785852909983565689,78152752675567,173244677854,0
/localization/kinematic_state,173294677855,1785852910026948325,78152796058128,173294677855,0
/control/command/control_cmd,173294677855,1785852910026960267,78152796069902,173294677855,80
/control/command/control_cmd,173344677856,1785852910076233018,78152845343011,173344677856,80
/localization/kinematic_state,173344677856,1785852910076542661,78152845652404,173344677856,0
/sensing/lidar/top/pointcloud_raw_ex,173344677856,1785852910082249487,78152851359768,173344677856,239128
/localization/pose_estimator/pose_with_covariance,173344677856,1785852910086273346,78152855383311,173344677856,0
/control/command/control_cmd,173394677857,1785852910126258724,78152895368690,173394677857,80
/localization/kinematic_state,173394677857,1785852910126713062,78152895822779,173394677857,0
/localization/kinematic_state,173444677857,1785852910176006496,78152945116397,173444677857,0
/control/command/control_cmd,173444677857,1785852910176839038,78152945949055,173444677857,80
/sensing/lidar/top/pointcloud_raw_ex,173444677857,1785852910181812094,78152950922151,173444677857,240024
/localization/pose_estimator/pose_with_covariance,173444677857,1785852910184823275,78152953933037,173444677857,0
/localization/kinematic_state,173494677858,1785852910226034013,78152995143764,173494677858,0
/control/command/control_cmd,173494677858,1785852910226049325,78152995158936,173494677858,80
/localization/kinematic_state,173544677859,1785852910276027324,78153045137207,173544677859,0
/control/command/control_cmd,173544677859,1785852910276465099,78153045574921,173544677859,80
/sensing/lidar/top/pointcloud_raw_ex,173544677859,1785852910281650549,78153050760667,173544677859,241848
/localization/pose_estimator/pose_with_covariance,173544677859,1785852910284750187,78153053860274,173544677859,0
/localization/kinematic_state,173594677860,1785852910325886368,78153094996271,173594677860,0
/control/command/control_cmd,173594677860,1785852910325904672,78153095014325,173594677860,80
/control/command/control_cmd,173644677860,1785852910375440346,78153144550383,173644677860,80
/localization/kinematic_state,173644677860,1785852910375985562,78153145095340,173644677860,0
/sensing/lidar/top/pointcloud_raw_ex,173644677860,1785852910381104069,78153150214090,173644677860,238936
/localization/pose_estimator/pose_with_covariance,173644677860,1785852910384356165,78153153466052,173644677860,0
/localization/kinematic_state,173694677861,1785852910425970078,78153195080108,173694677861,0
/control/command/control_cmd,173694677861,1785852910425979731,78153195089393,173694677861,80
/localization/kinematic_state,173744677862,1785852910476219372,78153245329189,173744677862,0
/control/command/control_cmd,173744677862,1785852910476302388,78153245412213,173744677862,80
/sensing/lidar/top/pointcloud_raw_ex,173744677862,1785852910481754032,78153250864142,173744677862,237912
/localization/pose_estimator/pose_with_covariance,173744677862,1785852910485127316,78153254237100,173744677862,0
/localization/kinematic_state,173794677863,1785852910526145380,78153295255122,173794677863,0
/control/command/control_cmd,173794677863,1785852910526356661,78153295466397,173794677863,80
/localization/kinematic_state,173844677863,1785852910575909896,78153345019874,173844677863,0
/control/command/control_cmd,173844677863,1785852910575928976,78153345038577,173844677863,80
/sensing/lidar/top/pointcloud_raw_ex,173844677863,1785852910582700378,78153351810870,173844677863,240760
/localization/pose_estimator/pose_with_covariance,173844677863,1785852910585717101,78153354827008,173844677863,0
/control/command/control_cmd,173894677864,1785852910626966133,78153396076095,173894677864,80
/localization/kinematic_state,173894677864,1785852910626997845,78153396107494,173894677864,0
/control/command/control_cmd,173944677865,1785852910676010783,78153445120586,173944677865,80
/localization/kinematic_state,173944677865,1785852910676058182,78153445167817,173944677865,0
/sensing/lidar/top/pointcloud_raw_ex,173944677865,1785852910681279388,78153450389315,173944677865,239288
/localization/pose_estimator/pose_with_covariance,173944677865,1785852910684897904,78153454007778,173944677865,0
/localization/kinematic_state,173994677865,1785852910725792163,78153494902081,173994677865,0
/control/command/control_cmd,173994677865,1785852910726100879,78153495210793,173994677865,80
/localization/kinematic_state,174044677866,1785852910776130727,78153545240594,174044677866,0
/control/command/control_cmd,174044677866,1785852910776912616,78153546022399,174044677866,80
/sensing/lidar/top/pointcloud_raw_ex,174044677866,1785852910780796610,78153549906628,174044677866,241048
/localization/pose_estimator/pose_with_covariance,174044677866,1785852910783850725,78153552960555,174044677866,0
/localization/kinematic_state,174094677867,1785852910825916827,78153595026678,174094677867,0
/control/command/control_cmd,174094677867,1785852910825931881,78153595041490,174094677867,80
/localization/kinematic_state,174144677868,1785852910875983243,78153645093342,174144677868,0
/control/command/control_cmd,174144677868,1785852910876975484,78153646085478,174144677868,80
/sensing/lidar/top/pointcloud_raw_ex,174144677868,1785852910881436966,78153650547072,174144677868,241080
/localization/pose_estimator/pose_with_covariance,174144677868,1785852910884753967,78153653863671,174144677868,0
/control/command/control_cmd,174194677868,1785852910925915326,78153695025081,174194677868,80
/localization/kinematic_state,174194677868,1785852910926167622,78153695277319,174194677868,0
/localization/kinematic_state,174244677869,1785852910975928536,78153745038681,174244677869,0
/control/command/control_cmd,174244677869,1785852910976411173,78153745521056,174244677869,80
/sensing/lidar/top/pointcloud_raw_ex,174244677869,1785852910981540555,78153750650677,174244677869,242424
/localization/pose_estimator/pose_with_covariance,174244677869,1785852910984613156,78153753722942,174244677869,0
/control/command/control_cmd,174294677870,1785852911025381310,78153794491224,174294677870,80
/localization/kinematic_state,174294677870,1785852911025451086,78153794560752,174294677870,0
/control/command/control_cmd,174344677871,1785852911075546387,78153844656319,174344677871,80
/localization/kinematic_state,174344677871,1785852911075598107,78153844707771,174344677871,0
/sensing/lidar/top/pointcloud_raw_ex,174344677871,1785852911081189426,78153850299504,174344677871,237880
/localization/pose_estimator/pose_with_covariance,174344677871,1785852911084153056,78153853262971,174344677871,0
/control/command/control_cmd,174394677871,1785852911126606984,78153895717130,174394677871,80
/localization/kinematic_state,174394677871,1785852911126797098,78153895906945,174394677871,0
/localization/kinematic_state,174444677872,1785852911176229463,78153945339321,174444677872,0
/control/command/control_cmd,174444677872,1785852911176249870,78153945359508,174444677872,80
/sensing/lidar/top/pointcloud_raw_ex,174444677872,1785852911182196125,78153951306394,174444677872,239992
/localization/pose_estimator/pose_with_covariance,174444677872,1785852911185255610,78153954365553,174444677872,0
/localization/kinematic_state,174494677873,1785852911225896834,78153995006668,174494677873,0
/control/command/control_cmd,174494677873,1785852911226364377,78153995474195,174494677873,80
/localization/kinematic_state,174544677874,1785852911275409319,78154044519191,174544677874,0
/control/command/control_cmd,174544677874,1785852911276244530,78154045354457,174544677874,80
/sensing/lidar/top/pointcloud_raw_ex,174544677874,1785852911282184307,78154051294549,174544677874,239064
/localization/pose_estimator/pose_with_covariance,174544677874,1785852911285215957,78154054325705,174544677874,0
/localization/kinematic_state,174594677874,1785852911325968947,78154095078819,174594677874,0
/control/command/control_cmd,174594677874,1785852911326630832,78154095776331,174594677874,80
/localization/kinematic_state,174644677875,1785852911375928119,78154145038085,174644677875,0
/control/command/control_cmd,174644677875,1785852911376512128,78154145621924,174644677875,80
/sensing/lidar/top/pointcloud_raw_ex,174644677875,1785852911381215755,78154150325936,174644677875,239256
/localization/pose_estimator/pose_with_covariance,174644677875,1785852911384701188,78154153810954,174644677875,0
/control/command/control_cmd,174694677876,1785852911426139735,78154195249603,174694677876,80
/localization/kinematic_state,174694677876,1785852911426620600,78154195730345,174694677876,0
/localization/kinematic_state,174744677877,1785852911475954705,78154245064617,174744677877,0
/control/command/control_cmd,174744677877,1785852911475965503,78154245075135,174744677877,80
/sensing/lidar/top/pointcloud_raw_ex,174744677877,1785852911480500168,78154249610422,174744677877,241016
/localization/pose_estimator/pose_with_covariance,174744677877,1785852911483420475,78154252530341,174744677877,0
/control/command/control_cmd,174794677877,1785852911525914864,78154295024846,174794677877,80
/localization/kinematic_state,174794677877,1785852911526172687,78154295282352,174794677877,0
/control/command/control_cmd,174844677878,1785852911576024363,78154345134267,174844677878,80
/localization/kinematic_state,174844677878,1785852911577936553,78154347046319,174844677878,0
/sensing/lidar/top/pointcloud_raw_ex,174844677878,1785852911581303124,78154350413691,174844677878,242840
/localization/pose_estimator/pose_with_covariance,174844677878,1785852911584417108,78154353527195,174844677878,0
/control/command/control_cmd,174894677879,1785852911626213641,78154395323607,174894677879,80
/localization/kinematic_state,174894677879,1785852911626452705,78154395562495,174894677879,0
/localization/kinematic_state,174944677880,1785852911676108992,78154445218758,174944677880,0
/control/command/control_cmd,174944677880,1785852911676351792,78154445461572,174944677880,80
/sensing/lidar/top/pointcloud_raw_ex,174944677880,1785852911682465414,78154451575549,174944677880,239800
/localization/pose_estimator/pose_with_covariance,174944677880,1785852911685247394,78154454357220,174944677880,0
/control/command/control_cmd,174994677880,1785852911726134195,78154495243997,174994677880,80
/localization/kinematic_state,174994677880,1785852911726373809,78154495483546,174994677880,0
/localization/kinematic_state,175044677881,1785852911775987712,78154545097566,175044677881,0
/control/command/control_cmd,175044677881,1785852911776349676,78154545459419,175044677881,80
/sensing/lidar/top/pointcloud_raw_ex,175044677881,1785852911781399674,78154550509868,175044677881,239768
/localization/pose_estimator/pose_with_covariance,175044677881,1785852911784488115,78154553598129,175044677881,0
/control/command/control_cmd,175094677882,1785852911826058214,78154595168124,175094677882,80
/localization/kinematic_state,175094677882,1785852911826249834,78154595359494,175094677882,0
/localization/kinematic_state,175144677883,1785852911876166514,78154645276385,175144677883,0
/control/command/control_cmd,175144677883,1785852911877197798,78154646307884,175144677883,80
/sensing/lidar/top/pointcloud_raw_ex,175144677883,1785852911882595284,78154651705474,175144677883,237656
/localization/pose_estimator/pose_with_covariance,175144677883,1785852911885778399,78154654888169,175144677883,0
/control/command/control_cmd,175194677883,1785852911926192412,78154695302359,175194677883,80
/localization/kinematic_state,175194677883,1785852911926459796,78154695569701,175194677883,0
/control/command/control_cmd,175244677884,1785852911975555878,78154744666285,175244677884,80
/localization/kinematic_state,175244677884,1785852911976258889,78154745368648,175244677884,0
/sensing/lidar/top/pointcloud_raw_ex,175244677884,1785852911981534342,78154750644579,175244677884,239128
/localization/pose_estimator/pose_with_covariance,175244677884,1785852911984768531,78154753878502,175244677884,0
/localization/kinematic_state,175294677885,1785852912025634191,78154794744039,175294677885,0
/control/command/control_cmd,175294677885,1785852912025642029,78154794751643,175294677885,80
/control/command/control_cmd,175344677886,1785852912075971175,78154845081307,175344677886,80
/localization/kinematic_state,175344677886,1785852912076062516,78154845172304,175344677886,0
/sensing/lidar/top/pointcloud_raw_ex,175344677886,1785852912081281557,78154850391520,175344677886,241240
/localization/pose_estimator/pose_with_covariance,175344677886,1785852912084395100,78154853504910,175344677886,0
/localization/kinematic_state,175394677886,1785852912125648795,78154894758796,175394677886,0
/control/command/control_cmd,175394677886,1785852912125978744,78154895088531,175394677886,80
/localization/kinematic_state,175444677887,1785852912175491184,78154944600999,175444677887,0
/control/command/control_cmd,175444677887,1785852912176244071,78154945353915,175444677887,80
/sensing/lidar/top/pointcloud_raw_ex,175444677887,1785852912181002933,78154950113128,175444677887,240984
/localization/pose_estimator/pose_with_covariance,175444677887,1785852912184166880,78154953276772,175444677887,0
/localization/kinematic_state,175494677888,1785852912225681813,78154994791819,175494677888,0
/control/command/control_cmd,175494677888,1785852912226392923,78154995502754,175494677888,80
/localization/kinematic_state,175544677889,1785852912275704584,78155044814508,175544677889,0
/control/command/control_cmd,175544677889,1785852912276318591,78155045428424,175544677889,80
/sensing/lidar/top/pointcloud_raw_ex,175544677889,1785852912281423544,78155050534052,175544677889,242584
/localization/pose_estimator/pose_with_covariance,175544677889,1785852912284776024,78155053886100,175544677889,0
/localization/kinematic_state,175594677889,1785852912325601020,78155094710803,175594677889,0
/control/command/control_cmd,175594677889,1785852912327757853,78155096867730,175594677889,80
/localization/kinematic_state,175644677890,1785852912376140342,78155145250594,175644677890,0
/control/command/control_cmd,175644677890,1785852912376742856,78155145852620,175644677890,80
/sensing/lidar/top/pointcloud_raw_ex,175644677890,1785852912381772745,78155150882863,175644677890,235160
/localization/pose_estimator/pose_with_covariance,175644677890,1785852912384764142,78155153873911,175644677890,0
/localization/kinematic_state,175694677891,1785852912426059998,78155195169773,175694677891,0
/control/command/control_cmd,175694677891,1785852912426278450,78155195388118,175694677891,80
