topic,header_stamp_ns,arrival_system_ns,arrival_steady_ns,clock_ns,size_bytes
/localization/kinematic_state,44773487219,1785606565970063921,92585105761476,44773487219,0
/sensing/lidar/top/pointcloud_raw_ex,44773487219,1785606565985592060,92585121290062,44773487219,240789
/localization/kinematic_state,44823487220,1785606566010540707,92585146238054,44823487220,0
/localization/kinematic_state,44873487221,1785606566061333030,92585197030278,44873487221,0
/sensing/lidar/top/pointcloud_raw_ex,44873487221,1785606566083579678,92585219277258,44873487221,240021
/localization/kinematic_state,44923487222,1785606566112337439,92585248034707,44923487222,0
/localization/kinematic_state,44973487222,1785606566159736557,92585295433741,44973487222,0
/sensing/lidar/top/pointcloud_raw_ex,44973487222,1785606566171854658,92585307552387,44973487222,244757
/localization/kinematic_state,45023487223,1785606566212516384,92585348213662,45023487223,0
/localization/kinematic_state,45073487224,1785606566259665645,92585395363267,45073487224,0
/sensing/lidar/top/pointcloud_raw_ex,45073487224,1785606566268013398,92585403710873,45073487224,241973
/localization/kinematic_state,45123487225,1785606566310342309,92585446039792,45123487225,0
/localization/kinematic_state,45173487225,1785606566363713208,92585499410635,45173487225,0
/sensing/lidar/top/pointcloud_raw_ex,45173487225,1785606566371199500,92585506897222,45173487225,243093
/localization/kinematic_state,45223487226,1785606566409811819,92585545509038,45223487226,0
/localization/kinematic_state,45273487227,1785606566460134279,92585595831693,45273487227,0
/sensing/lidar/top/pointcloud_raw_ex,45273487227,1785606566481496230,92585617193793,45273487227,241557
/localization/kinematic_state,45323487227,1785606566509833745,92585645531002,45323487227,0
/localization/kinematic_state,45373487228,1785606566560839806,92585696537045,45373487228,0
/sensing/lidar/top/pointcloud_raw_ex,45373487228,1785606566573824798,92585709522492,45373487228,243285
/localization/kinematic_state,45423487229,1785606566609870004,92585745567267,45423487229,0
/localization/kinematic_state,45473487230,1785606566665015927,92585800713185,45473487230,0
/sensing/lidar/top/pointcloud_raw_ex,45473487230,1785606566670393286,92585806090933,45473487230,240245
/localization/kinematic_state,45523487230,1785606566709802874,92585845499965,45523487230,0
/localization/kinematic_state,45573487231,1785606566761664293,92585897361543,45573487231,0
/localization/pose_estimator/pose_with_covariance,45373487228,1785606566775868001,92585911575439,45573487231,0
/sensing/lidar/top/pointcloud_raw_ex,45573487231,1785606566778461432,92585914159108,45573487231,239733
/localization/pose_estimator/pose_with_covariance,45573487231,1785606566782477940,92585918175145,45573487231,0
/localization/kinematic_state,45623487232,1785606566809707991,92585945405069,45623487232,0
/localization/kinematic_state,45673487233,1785606566860103084,92585995800448,45673487233,0
/sensing/lidar/top/pointcloud_raw_ex,45673487233,1785606566868144110,92586003841887,45673487233,238261
/localization/pose_estimator/pose_with_covariance,45673487233,1785606566876834742,92586012532340,45673487233,0
/localization/kinematic_state,45723487233,1785606566911598432,92586047295602,45723487233,0
/localization/kinematic_state,45773487234,1785606566965480697,92586101177938,45773487234,0
/sensing/lidar/top/pointcloud_raw_ex,45773487234,1785606566981513956,92586117211503,45773487234,241621
/localization/pose_estimator/pose_with_covariance,45773487234,1785606566990255716,92586125953320,45773487234,0
/localization/kinematic_state,45823487235,1785606567011839212,92586147536602,45823487235,0
/localization/kinematic_state,45873487236,1785606567059794568,92586195491619,45873487236,0
/sensing/lidar/top/pointcloud_raw_ex,45873487236,1785606567069253816,92586204951334,45873487236,237141
/localization/kinematic_state,45923487236,1785606567111134245,92586246831679,45923487236,0
/localization/pose_estimator/pose_with_covariance,45773487234,1785606567163463609,92586299161206,45973487237,0
/localization/kinematic_state,45973487237,1785606567163502131,92586299198991,45973487237,0
/sensing/lidar/top/pointcloud_raw_ex,45973487237,1785606567170185139,92586305882906,45973487237,239957
/localization/kinematic_state,46023487238,1785606567209581081,92586345278355,46023487238,0
/localization/kinematic_state,46073487239,1785606567263385226,92586399082617,46073487239,0
/sensing/lidar/top/pointcloud_raw_ex,46073487239,1785606567269254380,92586404952213,46073487239,243829
/localization/kinematic_state,46123487239,1785606567309078641,92586444775789,46123487239,0
/localization/kinematic_state,46173487240,1785606567359191468,92586494888673,46173487240,0
/control/command/control_cmd,46173487240,1785606567367598993,92586503296711,46173487240,80
/sensing/lidar/top/pointcloud_raw_ex,46173487240,1785606567371745910,92586507443837,46173487240,241237
/localization/kinematic_state,46223487241,1785606567409023496,92586544720726,46223487241,0
/localization/kinematic_state,46273487242,1785606567461296842,92586596994305,46273487242,0
/localization/kinematic_state,46323487242,1785606567510680546,92586646377869,46323487242,0
/localization/kinematic_state,46373487243,1785606567574089235,92586709786555,46373487243,0
/sensing/lidar/top/pointcloud_raw_ex,46373487243,1785606567592141000,92586727838622,46373487243,239957
/localization/kinematic_state,46423487244,1785606567610869861,92586746567046,46423487244,0
/localization/kinematic_state,46473487245,1785606567670379597,92586806076919,46473487245,0
/sensing/lidar/top/pointcloud_raw_ex,46473487245,1785606567696055949,92586831753676,46473487245,239541
/localization/kinematic_state,46523487245,1785606567730936371,92586866633743,46523487245,0
/localization/kinematic_state,46573487246,1785606567770977023,92586906674456,46573487246,0
/sensing/lidar/top/pointcloud_raw_ex,46573487246,1785606567794753409,92586930451031,46573487246,243509
/localization/kinematic_state,46623487247,1785606567811540958,92586947238158,46623487247,0
/localization/kinematic_state,46673487248,1785606567865009207,92587000706630,46673487248,0
/sensing/lidar/top/pointcloud_raw_ex,46673487248,1785606567883352272,92587019049994,46673487248,237781
/localization/kinematic_state,46723487248,1785606567920408175,92587056105407,46723487248,0
/localization/kinematic_state,46773487249,1785606567969696038,92587105393518,46773487249,0
/sensing/lidar/top/pointcloud_raw_ex,46773487249,1785606567987279843,92587122977765,46773487249,244085
/localization/kinematic_state,46823487250,1785606568029390237,92587165087626,46823487250,0
/localization/kinematic_state,46873487251,1785606568058721155,92587194418076,46873487251,0
/localization/kinematic_state,46923487251,1785606568112773132,92587248470561,46923487251,0
/localization/kinematic_state,46973487252,1785606568160806682,92587296504119,46973487252,0
/sensing/lidar/top/pointcloud_raw_ex,46973487252,1785606568178853475,92587314551407,46973487252,242517
/localization/kinematic_state,47023487253,1785606568209181801,92587344878784,47023487253,0
/localization/kinematic_state,47073487254,1785606568259679484,92587395376982,47023487253,0
/sensing/lidar/top/pointcloud_raw_ex,47073487254,1785606568283798218,92587419495869,47073487254,243733
/localization/kinematic_state,47123487254,1785606568309414187,92587445111106,47123487254,0
/localization/kinematic_state,47173487255,1785606568362121782,92587497820772,47173487255,0
/sensing/lidar/top/pointcloud_raw_ex,47173487255,1785606568376915286,92587512612918,47173487255,238549
/control/command/control_cmd,47223487256,1785606568408759198,92587544456332,47223487256,80
/localization/kinematic_state,47223487256,1785606568409290522,92587544987581,47223487256,0
/localization/kinematic_state,47273487257,1785606568458291024,92587593988020,47273487257,0
/sensing/lidar/top/pointcloud_raw_ex,47273487257,1785606568468671683,92587604369103,47273487257,243925
/localization/kinematic_state,47323487257,1785606568509943599,92587645640947,47323487257,0
/localization/kinematic_state,47373487258,1785606568560825318,92587696522707,47373487258,0
/sensing/lidar/top/pointcloud_raw_ex,47373487258,1785606568570910100,92587706607853,47373487258,243285
/localization/kinematic_state,47423487259,1785606568619917373,92587755615047,47423487259,0
/localization/kinematic_state,47473487260,1785606568662262579,92587797960040,47473487260,0
/sensing/lidar/top/pointcloud_raw_ex,47473487260,1785606568681148699,92587816846658,47473487260,242005
/localization/kinematic_state,47523487260,1785606568710226073,92587845923147,47523487260,0
/localization/kinematic_state,47573487261,1785606568763309943,92587899007233,47573487261,0
/sensing/lidar/top/pointcloud_raw_ex,47573487261,1785606568768872306,92587904569722,47573487261,243381
/localization/kinematic_state,47623487262,1785606568809684689,92587945381880,47623487262,0
/localization/kinematic_state,47673487263,1785606568864377707,92588000074956,47673487263,0
/sensing/lidar/top/pointcloud_raw_ex,47673487263,1785606568876361729,92588012059308,47673487263,240981
/localization/kinematic_state,47723487263,1785606568911371200,92588047068409,47723487263,0
/localization/kinematic_state,47773487264,1785606568962602533,92588098299807,47773487264,0
/localization/kinematic_state,47823487265,1785606569008313442,92588144010802,47823487265,0
/localization/kinematic_state,47873487265,1785606569059926072,92588195623467,47873487265,0
/sensing/lidar/top/pointcloud_raw_ex,47873487265,1785606569068086679,92588203784556,47873487265,242933
/localization/kinematic_state,47923487266,1785606569108701885,92588244399100,47873487265,0
/localization/kinematic_state,47973487267,1785606569159130840,92588294828044,47973487267,0
/sensing/lidar/top/pointcloud_raw_ex,47973487267,1785606569169387333,92588305085129,47973487267,241525
/localization/kinematic_state,48023487268,1785606569209256903,92588344953947,48023487268,0
/localization/kinematic_state,48073487268,1785606569259452540,92588395149573,48073487268,0
/sensing/lidar/top/pointcloud_raw_ex,48073487268,1785606569277763625,92588413461052,48073487268,244501
/localization/kinematic_state,48123487269,1785606569311109889,92588446806999,48123487269,0
/localization/kinematic_state,48173487270,1785606569361016569,92588496713909,48173487270,0
/sensing/lidar/top/pointcloud_raw_ex,48173487270,1785606569370400071,92588506097700,48173487270,241365
/localization/kinematic_state,48223487271,1785606569413641472,92588549338732,48223487271,0
/localization/kinematic_state,48273487271,1785606569461811473,92588597508704,48273487271,0
/sensing/lidar/top/pointcloud_raw_ex,48273487271,1785606569473534745,92588609232292,48273487271,242293
/localization/pose_estimator/pose_with_covariance,48273487271,1785606569481987263,92588617684751,48273487271,0
/localization/kinematic_state,48323487272,1785606569513387707,92588649084989,48323487272,0
/localization/kinematic_state,48373487273,1785606569566832949,92588702530218,48373487273,0
/sensing/lidar/top/pointcloud_raw_ex,48373487273,1785606569580610827,92588716308200,48373487273,241845
/localization/pose_estimator/pose_with_covariance,48373487273,1785606569608480235,92588744177351,48423487274,0
/localization/kinematic_state,48423487274,1785606569609617267,92588745314218,48423487274,0
/localization/kinematic_state,48473487274,1785606569672791596,92588808488768,48473487274,0
/sensing/lidar/top/pointcloud_raw_ex,48473487274,1785606569677036828,92588812733930,48473487274,242837
/localization/kinematic_state,48523487275,1785606569714786509,92588850483891,48523487275,0
/localization/kinematic_state,48573487276,1785606569765677335,92588901374599,48573487276,0
/localization/pose_estimator/pose_with_covariance,48373487273,1785606569765734462,92588901431473,48573487276,0
/localization/kinematic_state,48623487277,1785606569812299103,92588947996369,48623487277,0
/localization/kinematic_state,48673487277,1785606569867383940,92589003081296,48673487277,0
/sensing/lidar/top/pointcloud_raw_ex,48673487277,1785606569872288039,92589007985633,48673487277,238773
/localization/kinematic_state,48723487278,1785606569912963795,92589048661097,48723487278,0
/localization/kinematic_state,48823487280,1785606570008907758,92589144604925,48823487280,0
/sensing/lidar/top/pointcloud_raw_ex,48873487280,1785606570070113066,92589205810738,48873487280,239189
/localization/kinematic_state,48923487281,1785606570109419257,92589245116346,48923487281,0
/localization/kinematic_state,48973487282,1785606570159922290,92589295619514,48973487282,0
/sensing/lidar/top/pointcloud_raw_ex,48973487282,1785606570169724842,92589305422671,48973487282,242933
/localization/kinematic_state,49023487283,1785606570213508247,92589349205676,49023487283,0
/localization/kinematic_state,49073487283,1785606570261657216,92589397354541,49073487283,0
/sensing/lidar/top/pointcloud_raw_ex,49073487283,1785606570272644860,92589408342320,49073487283,243445
/localization/pose_estimator/pose_with_covariance,49073487283,1785606570276762793,92589412460141,49073487283,0
/localization/kinematic_state,49123487284,1785606570311025996,92589446723225,49123487284,0
/localization/kinematic_state,49173487285,1785606570363517410,92589499214619,49173487285,0
/sensing/lidar/top/pointcloud_raw_ex,49173487285,1785606570366927823,92589502625444,49173487285,243477
/localization/kinematic_state,49223487286,1785606570413082377,92589548779619,49223487286,0
/localization/kinematic_state,49273487286,1785606570459093205,92589594790493,49273487286,0
/localization/pose_estimator/pose_with_covariance,49073487283,1785606570474213471,92589609910965,49273487286,0
/sensing/lidar/top/pointcloud_raw_ex,49273487286,1785606570483711623,92589619409173,49273487286,243701
/localization/kinematic_state,49323487287,1785606570513945740,92589649643292,49323487287,0
/localization/kinematic_state,49373487288,1785606570559493879,92589695191092,49373487288,0
/sensing/lidar/top/pointcloud_raw_ex,49373487288,1785606570568892382,92589704590116,49373487288,241045
/localization/kinematic_state,49423487289,1785606570611196117,92589746893589,49423487289,0
/localization/kinematic_state,49473487289,1785606570658979760,92589794677007,49473487289,0
/localization/kinematic_state,49523487290,1785606570710314590,92589846011755,49523487290,0
/localization/kinematic_state,49573487291,1785606570759132290,92589894829477,49573487291,0
/sensing/lidar/top/pointcloud_raw_ex,49573487291,1785606570772123974,92589907821614,49573487291,242901
/localization/kinematic_state,49623487292,1785606570811394151,92589947091424,49623487292,0
/localization/kinematic_state,49673487292,1785606570859920653,92589995617642,49673487292,0
/sensing/lidar/top/pointcloud_raw_ex,49673487292,1785606570876280811,92590011978637,49673487292,243285
/localization/kinematic_state,49723487293,1785606570911769358,92590047466785,49723487293,0
/localization/kinematic_state,49773487294,1785606570958547793,92590094244976,49773487294,0
/sensing/lidar/top/pointcloud_raw_ex,49773487294,1785606570970962647,92590106660302,49773487294,242357
/localization/kinematic_state,49823487295,1785606571010266569,92590145963699,49823487295,0
/localization/kinematic_state,49873487295,1785606571068382058,92590204079373,49873487295,0
/sensing/lidar/top/pointcloud_raw_ex,49873487295,1785606571080545689,92590216243598,49873487295,244629
/localization/kinematic_state,49923487296,1785606571110094349,92590245791551,49923487296,0
/localization/kinematic_state,49973487297,1785606571159723660,92590295420780,49973487297,0
/localization/pose_estimator/pose_with_covariance,49773487294,1785606571168249211,92590303946456,49973487297,0
/sensing/lidar/top/pointcloud_raw_ex,49973487297,1785606571178023541,92590313721290,49973487297,242197
/localization/kinematic_state,50023487298,1785606571214532251,92590350229653,50023487298,0
/localization/kinematic_state,50073487298,1785606571273879966,92590409577130,50073487298,0
/sensing/lidar/top/pointcloud_raw_ex,50073487298,1785606571280887446,92590416585130,50073487298,236821
/localization/kinematic_state,50123487299,1785606571314573782,92590450270778,50123487299,0
/control/command/control_cmd,50173487300,1785606571368160382,92590503857764,50173487300,80
/localization/kinematic_state,50173487300,1785606571378897403,92590514594966,50173487300,0
/control/command/control_cmd,50223487301,1785606571412608691,92590548306566,50223487301,80
/localization/kinematic_state,50223487301,1785606571420644915,92590556342484,50223487301,0
/control/command/control_cmd,50273487301,1785606571462022374,92590597720196,50273487301,80
/sensing/lidar/top/pointcloud_raw_ex,50273487301,1785606571474842788,92590610540702,50273487301,239221
/localization/kinematic_state,50273487301,1785606571475093400,92590610790383,50273487301,0
/localization/kinematic_state,50323487302,1785606571536013260,92590671710666,50323487302,0
/localization/kinematic_state,50373487303,1785606571562132819,92590697830068,50373487303,0
/control/command/control_cmd,50373487303,1785606571567784034,92590703481922,50373487303,80
/sensing/lidar/top/pointcloud_raw_ex,50373487303,1785606571581674749,92590717372496,50373487303,241877
/localization/kinematic_state,50423487303,1785606571613442066,92590749139398,50423487303,0
/control/command/control_cmd,50423487303,1785606571613900642,92590749597851,50423487303,80
/localization/kinematic_state,50473487304,1785606571662382241,92590798079550,50423487303,0
/sensing/lidar/top/pointcloud_raw_ex,50473487304,1785606571687811385,92590823509195,50473487304,241909
/localization/kinematic_state,50523487305,1785606571711149616,92590846846981,50523487305,0
/localization/kinematic_state,50573487306,1785606571765026281,92590900723762,50573487306,0
/sensing/lidar/top/pointcloud_raw_ex,50573487306,1785606571781966158,92590917663720,50573487306,238389
/localization/kinematic_state,50623487306,1785606571813219403,92590948916527,50623487306,0
/localization/kinematic_state,50673487307,1785606571859701350,92590995398475,50673487307,0
/localization/kinematic_state,50723487308,1785606571917316753,92591053013735,50723487308,0
/localization/kinematic_state,50773487309,1785606571959840086,92591095537183,50773487309,0
/sensing/lidar/top/pointcloud_raw_ex,50773487309,1785606571973539477,92591109237174,50773487309,237237
/localization/pose_estimator/pose_with_covariance,50773487309,1785606571985622637,92591121320363,50773487309,0
/localization/kinematic_state,50823487309,1785606572010582497,92591146279980,50823487309,0
/localization/kinematic_state,50873487310,1785606572061017693,92591196714948,50873487310,0
/sensing/lidar/top/pointcloud_raw_ex,50873487310,1785606572071068277,92591206765895,50873487310,241365
/localization/pose_estimator/pose_with_covariance,50873487310,1785606572077993323,92591213690799,50873487310,0
/localization/kinematic_state,50923487311,1785606572110503893,92591246201272,50923487311,0
/localization/kinematic_state,50973487312,1785606572166030657,92591301727885,50973487312,0
/sensing/lidar/top/pointcloud_raw_ex,50973487312,1785606572172996301,92591308694143,50973487312,241557
/localization/kinematic_state,51073487313,1785606572259862131,92591395559253,51073487313,0
/localization/pose_estimator/pose_with_covariance,50873487310,1785606572266461403,92591402158839,51073487313,0
/sensing/lidar/top/pointcloud_raw_ex,51073487313,1785606572274539619,92591410237313,51073487313,242837
/localization/kinematic_state,51123487314,1785606572311043348,92591446740775,51123487314,0
/localization/kinematic_state,51173487315,1785606572362240163,92591497937662,51173487315,0
/sensing/lidar/top/pointcloud_raw_ex,51173487315,1785606572368689265,92591504386975,51173487315,240469
/localization/pose_estimator/pose_with_covariance,51173487315,1785606572375587041,92591511284296,51173487315,0
/localization/kinematic_state,51223487315,1785606572409044674,92591544741750,51223487315,0
/localization/kinematic_state,51273487316,1785606572459364632,92591595062032,51273487316,0
/sensing/lidar/top/pointcloud_raw_ex,51273487316,1785606572476532843,92591612230443,51273487316,240597
/localization/pose_estimator/pose_with_covariance,51273487316,1785606572493387195,92591629084658,51273487316,0
/localization/kinematic_state,51323487317,1785606572510547369,92591646244760,51323487317,0
/localization/kinematic_state,51373487318,1785606572559399080,92591695096305,51373487318,0
/sensing/lidar/top/pointcloud_raw_ex,51373487318,1785606572569498678,92591705196341,51373487318,242709
/localization/kinematic_state,51423487318,1785606572609429250,92591745126443,51423487318,0
/localization/kinematic_state,51473487319,1785606572658791242,92591794488441,51473487319,0
/localization/pose_estimator/pose_with_covariance,51273487316,1785606572661893064,92591797590531,51473487319,0
/localization/kinematic_state,51523487320,1785606572713398097,92591849095644,51523487320,0
/localization/kinematic_state,51573487321,1785606572765817340,92591901514732,51573487321,0
/sensing/lidar/top/pointcloud_raw_ex,51573487321,1785606572768513229,92591904210919,51573487321,239765
/localization/pose_estimator/pose_with_covariance,51573487321,1785606572781392240,92591917089685,51573487321,0
/localization/kinematic_state,51623487321,1785606572809629701,92591945326947,51623487321,0
/localization/kinematic_state,51673487322,1785606572866933228,92592002630478,51673487322,0
/sensing/lidar/top/pointcloud_raw_ex,51673487322,1785606572870211783,92592005909169,51673487322,244277
/localization/pose_estimator/pose_with_covariance,51673487322,1785606572879320756,92592015018224,51673487322,0
/localization/kinematic_state,51723487323,1785606572910917191,92592046614495,51723487323,0
/sensing/lidar/top/pointcloud_raw_ex,51773487324,1785606572967665454,92592103363092,51773487324,241269
/localization/kinematic_state,51873487325,1785606573059140410,92592194837616,51873487325,0
/localization/pose_estimator/pose_with_covariance,51673487322,1785606573061558363,92592197255961,51873487325,0
/localization/kinematic_state,51923487326,1785606573112386490,92592248083768,51923487326,0
/sensing/lidar/top/pointcloud_raw_ex,51923487326,1785606573119611499,92592255309079,51923487326,241141
/localization/pose_estimator/pose_with_covariance,51923487326,1785606573124559879,92592260257559,51923487326,0
/localization/kinematic_state,51973487327,1785606573160795549,92592296493082,51973487327,0
/localization/kinematic_state,52023487327,1785606573213387076,92592349084540,52023487327,0
/sensing/lidar/top/pointcloud_raw_ex,52023487327,1785606573227741912,92592363439614,52023487327,240245
/localization/kinematic_state,52073487328,1785606573260274643,92592395971717,52073487328,0
/localization/kinematic_state,52123487329,1785606573314283793,92592449981271,52123487329,0
/sensing/lidar/top/pointcloud_raw_ex,52123487329,1785606573327587221,92592463284677,52123487329,240821
/localization/pose_estimator/pose_with_covariance,51923487326,1785606573334903269,92592470600644,52123487329,0
/localization/kinematic_state,52173487330,1785606573363399225,92592499096450,52173487330,0
/localization/kinematic_state,52223487330,1785606573413383015,92592549080154,52223487330,0
/sensing/lidar/top/pointcloud_raw_ex,52223487330,1785606573421775360,92592557472674,52223487330,239797
/localization/kinematic_state,52273487331,1785606573459845299,92592595542433,52273487331,0
/localization/kinematic_state,52323487332,1785606573510729745,92592646426947,52323487332,0
/sensing/lidar/top/pointcloud_raw_ex,52323487332,1785606573522435156,92592658133131,52323487332,243701
/localization/kinematic_state,52373487333,1785606573565723735,92592701420941,52373487333,0
/localization/kinematic_state,52423487333,1785606573608611610,92592744308757,52423487333,0
/sensing/lidar/top/pointcloud_raw_ex,52423487333,1785606573624301386,92592759998971,52423487333,242677
/localization/pose_estimator/pose_with_covariance,52423487333,1785606573633702563,92592769399793,52423487333,0
/localization/kinematic_state,52473487334,1785606573659777211,92592795474390,52473487334,0
/localization/kinematic_state,52523487335,1785606573708745780,92592844443009,52523487335,0
/sensing/lidar/top/pointcloud_raw_ex,52523487335,1785606573723808937,92592859506928,52523487335,243829
/localization/pose_estimator/pose_with_covariance,52523487335,1785606573735821766,92592871519163,52523487335,0
/localization/kinematic_state,52623487336,1785606573809221324,92592944918538,52623487336,0
/sensing/lidar/top/pointcloud_raw_ex,52623487336,1785606573816256741,92592951954365,52623487336,243125
/localization/kinematic_state,52673487337,1785606573860281444,92592995978731,52673487337,0
/localization/kinematic_state,52723487338,1785606573912380108,92593048077478,52723487338,0
/localization/pose_estimator/pose_with_covariance,52523487335,1785606573918903511,92593054601125,52723487338,0
/sensing/lidar/top/pointcloud_raw_ex,52723487338,1785606573921979937,92593057677315,52723487338,241045
/localization/pose_estimator/pose_with_covariance,52723487338,1785606573934301550,92593069998837,52723487338,0
/localization/kinematic_state,52773487338,1785606573960986623,92593096683863,52773487338,0
/localization/kinematic_state,52823487339,1785606574010663771,92593146361215,52823487339,0
/sensing/lidar/top/pointcloud_raw_ex,52823487339,1785606574020242544,92593155939941,52823487339,240821
/localization/pose_estimator/pose_with_covariance,52823487339,1785606574033729186,92593169426467,52823487339,0
/localization/kinematic_state,52873487340,1785606574066266056,92593201963227,52873487340,0
/localization/kinematic_state,52923487341,1785606574111528583,92593247225868,52923487341,0
/sensing/lidar/top/pointcloud_raw_ex,52923487341,1785606574124556891,92593260254951,52923487341,244981
/localization/kinematic_state,52973487341,1785606574160615159,92593296312403,52973487341,0
/localization/kinematic_state,53023487342,1785606574210165902,92593345863081,53023487342,0
/sensing/lidar/top/pointcloud_raw_ex,53023487342,1785606574217137511,92593352834914,53023487342,238197
/localization/pose_estimator/pose_with_covariance,52823487339,1785606574218355620,92593354052821,53023487342,0
/localization/kinematic_state,53123487344,1785606574309888131,92593445585500,53123487344,0
/sensing/lidar/top/pointcloud_raw_ex,53123487344,1785606574328645819,92593464343626,53123487344,239829
/control/command/control_cmd,53173487344,1785606574372223258,92593507920984,53173487344,80
/control/command/control_cmd,53223487345,1785606574409514182,92593545211214,53223487345,80
/localization/kinematic_state,53223487345,1785606574417154083,92593552851440,53223487345,0
/localization/kinematic_state,53273487346,1785606574458933533,92593594630750,53273487346,0
/sensing/lidar/top/pointcloud_raw_ex,53323487347,1785606574527230995,92593662928463,53323487347,239925
/localization/kinematic_state,53373487347,1785606574560012534,92593695709853,53373487347,0
/localization/kinematic_state,53423487348,1785606574608988891,92593744686010,53423487348,0
/sensing/lidar/top/pointcloud_raw_ex,53423487348,1785606574620621419,92593756319118,53423487348,245077
/localization/kinematic_state,53473487349,1785606574659868830,92593795566091,53473487349,0
/localization/kinematic_state,53523487350,1785606574711591695,92593847288902,53523487350,0
/sensing/lidar/top/pointcloud_raw_ex,53523487350,1785606574721832002,92593857529840,53523487350,240341
/localization/pose_estimator/pose_with_covariance,53523487350,1785606574726204494,92593861901939,53523487350,0
/localization/kinematic_state,53573487350,1785606574764837654,92593900534933,53573487350,0
/localization/kinematic_state,53623487351,1785606574810302447,92593945999478,53623487351,0
/localization/kinematic_state,53673487352,1785606574859093762,92593994790990,53673487352,0
/localization/kinematic_state,53723487353,1785606574917899083,92594053596671,53723487353,0
/sensing/lidar/top/pointcloud_raw_ex,53723487353,1785606574919048897,92594054746008,53723487353,243093
/localization/pose_estimator/pose_with_covariance,53523487350,1785606574922110655,92594057808076,53723487353,0
/localization/kinematic_state,53773487353,1785606574960187731,92594095884951,53773487353,0
/localization/kinematic_state,53823487354,1785606575013568214,92594149265436,53823487354,0
/sensing/lidar/top/pointcloud_raw_ex,53823487354,1785606575022687226,92594158385101,53823487354,240277
/localization/kinematic_state,53873487355,1785606575060093596,92594195790939,53873487355,0
/localization/kinematic_state,53923487356,1785606575108955742,92594244652794,53923487356,0
/sensing/lidar/top/pointcloud_raw_ex,53923487356,1785606575128587421,92594264284869,53923487356,243477
/localization/kinematic_state,53973487356,1785606575160731000,92594296428109,53973487356,0
/localization/kinematic_state,54023487357,1785606575214762524,92594350459703,54023487357,0
/sensing/lidar/top/pointcloud_raw_ex,54023487357,1785606575227533763,92594363231380,54023487357,245237
/localization/pose_estimator/pose_with_covariance,54023487357,1785606575232696530,92594368394030,54023487357,0
/localization/kinematic_state,54073487358,1785606575259107436,92594394804456,54073487358,0
/localization/kinematic_state,54123487359,1785606575309651785,92594445349142,54123487359,0
/sensing/lidar/top/pointcloud_raw_ex,54123487359,1785606575325660882,92594461358391,54123487359,239317
/localization/pose_estimator/pose_with_covariance,54123487359,1785606575342890152,92594478587272,54123487359,0
/localization/kinematic_state,54173487359,1785606575361698265,92594497395553,54173487359,0
/localization/kinematic_state,54223487360,1785606575411317741,92594547014983,54223487360,0
/sensing/lidar/top/pointcloud_raw_ex,54223487360,1785606575424710207,92594560407932,54223487360,241333
/localization/kinematic_state,54273487361,1785606575458927562,92594594624714,54273487361,0
/localization/kinematic_state,54323487362,1785606575509729780,92594645427158,54323487362,0
/localization/pose_estimator/pose_with_covariance,54123487359,1785606575519379549,92594655076979,54323487362,0
/sensing/lidar/top/pointcloud_raw_ex,54323487362,1785606575523356456,92594659053975,54323487362,238421
/localization/kinematic_state,54423487363,1785606575613948563,92594749645947,54423487363,0
/sensing/lidar/top/pointcloud_raw_ex,54423487363,1785606575622248402,92594757945963,54423487363,241173
/localization/kinematic_state,54473487364,1785606575659666087,92594795363329,54473487364,0
/localization/kinematic_state,54523487365,1785606575708887027,92594844584238,54523487365,0
/sensing/lidar/top/pointcloud_raw_ex,54523487365,1785606575722208067,92594857905433,54523487365,241429
/localization/kinematic_state,54623487366,1785606575809170055,92594944867361,54623487366,0
/sensing/lidar/top/pointcloud_raw_ex,54623487366,1785606575825452702,92594961150320,54623487366,243861
/localization/kinematic_state,54673487367,1785606575859542030,92594995239237,54673487367,0
/localization/kinematic_state,54723487368,1785606575908583294,92595044280624,54723487368,0
/sensing/lidar/top/pointcloud_raw_ex,54723487368,1785606575919704395,92595055401992,54723487368,242165
/localization/kinematic_state,54773487368,1785606575960288716,92595095986121,54773487368,0
/localization/kinematic_state,54823487369,1785606576008388811,92595144085950,54823487369,0
/sensing/lidar/top/pointcloud_raw_ex,54823487369,1785606576023109844,92595158807435,54823487369,240981
/localization/kinematic_state,54873487370,1785606576062293778,92595197991157,54873487370,0
/localization/kinematic_state,54923487371,1785606576109650163,92595245347261,54923487371,0
/sensing/lidar/top/pointcloud_raw_ex,54923487371,1785606576122921468,92595258619025,54923487371,241845
/localization/kinematic_state,54973487371,1785606576160295457,92595295992749,54973487371,0
/localization/kinematic_state,55023487372,1785606576209351148,92595345048213,55023487372,0
/sensing/lidar/top/pointcloud_raw_ex,55023487372,1785606576221567867,92595357265292,55023487372,235765
/localization/pose_estimator/pose_with_covariance,55023487372,1785606576232885033,92595368582413,55023487372,0
/localization/kinematic_state,55073487373,1785606576258776257,92595394473491,55073487373,0
/localization/kinematic_state,55123487374,1785606576309282225,92595444979438,55123487374,0
/sensing/lidar/top/pointcloud_raw_ex,55123487374,1785606576318799290,92595454497013,55123487374,240213
/localization/kinematic_state,55173487374,1785606576362260214,92595497957444,55173487374,0
/localization/kinematic_state,55223487375,1785606576412711510,92595548408729,55223487375,0
/localization/pose_estimator/pose_with_covariance,55023487372,1785606576417677809,92595553375344,55223487375,0
/sensing/lidar/top/pointcloud_raw_ex,55223487375,1785606576422093216,92595557791370,55223487375,241941
/localization/kinematic_state,55273487376,1785606576460705331,92595596402698,55273487376,0
/localization/kinematic_state,55323487376,1785606576510926842,92595646624387,55323487376,0
/sensing/lidar/top/pointcloud_raw_ex,55323487376,1785606576523698314,92595659395858,55323487376,238869
/localization/kinematic_state,55373487377,1785606576559175163,92595694872180,55373487377,0
/localization/kinematic_state,55423487378,1785606576610268015,92595745965386,55423487378,0
/sensing/lidar/top/pointcloud_raw_ex,55423487378,1785606576620417704,92595756115354,55423487378,244821
/localization/kinematic_state,55473487379,1785606576658802904,92595794500107,55473487379,0
/localization/kinematic_state,55523487379,1785606576708520827,92595844218158,55523487379,0
/localization/kinematic_state,55573487380,1785606576758807867,92595894504927,55573487380,0
/localization/kinematic_state,55623487381,1785606576813301605,92595948998800,55623487381,0
/sensing/lidar/top/pointcloud_raw_ex,55623487381,1785606576821003328,92595956700946,55623487381,244181
/localization/pose_estimator/pose_with_covariance,55623487381,1785606576834795461,92595970492827,55623487381,0
/localization/kinematic_state,55723487382,1785606576916115177,92596051812361,55723487382,0
/sensing/lidar/top/pointcloud_raw_ex,55723487382,1785606576923077960,92596058775608,55723487382,239669
/localization/pose_estimator/pose_with_covariance,55723487382,1785606576930702184,92596066399837,55723487382,0
/localization/kinematic_state,55773487383,1785606576959367084,92596095064116,55773487383,0
/localization/kinematic_state,55823487384,1785606577009101374,92596144798595,55823487384,0
/sensing/lidar/top/pointcloud_raw_ex,55823487384,1785606577021474022,92596157171245,55823487384,242037
/localization/kinematic_state,55873487385,1785606577058894288,92596194591344,55873487385,0
/localization/kinematic_state,55923487385,1785606577112761902,92596248459333,55923487385,0
/localization/pose_estimator/pose_with_covariance,55723487382,1785606577116026320,92596251723812,55923487385,0
/sensing/lidar/top/pointcloud_raw_ex,55923487385,1785606577127898370,92596263596328,55923487385,239989
/localization/kinematic_state,55973487386,1785606577159477206,92596295174584,55973487386,0
/localization/kinematic_state,56023487387,1785606577214382497,92596350079799,56023487387,0
/sensing/lidar/top/pointcloud_raw_ex,56023487387,1785606577222144758,92596357842515,56023487387,241333
/localization/kinematic_state,56073487388,1785606577261205709,92596396902959,56073487388,0
/localization/kinematic_state,56123487388,1785606577309786931,92596445484258,56123487388,0
/sensing/lidar/top/pointcloud_raw_ex,56123487388,1785606577318815784,92596454513293,56123487388,240821
/localization/pose_estimator/pose_with_covariance,56123487388,1785606577324370241,92596460067633,56123487388,0
/control/command/control_cmd,56173487389,1785606577359989679,92596495687011,56173487389,80
/localization/kinematic_state,56173487389,1785606577360356964,92596496053987,56173487389,0
/localization/kinematic_state,56223487390,1785606577409435761,92596545133154,56223487390,0
/control/command/control_cmd,56223487390,1785606577409512127,92596545208992,56223487390,80
/localization/kinematic_state,56273487391,1785606577459475581,92596595172829,56273487391,0
/localization/kinematic_state,56323487391,1785606577514505215,92596650202582,56323487391,0
/sensing/lidar/top/pointcloud_raw_ex,56323487391,1785606577517132843,92596652830428,56323487391,238709
/localization/pose_estimator/pose_with_covariance,56123487388,1785606577518984442,92596654681793,56323487391,0
/localization/kinematic_state,56373487392,1785606577562618936,92596698316142,56373487392,0
/localization/kinematic_state,56423487393,1785606577609222897,92596744919824,56423487393,0
/sensing/lidar/top/pointcloud_raw_ex,56423487393,1785606577625440864,92596761138391,56423487393,242325
/localization/kinematic_state,56473487394,1785606577660148134,92596795845422,56473487394,0
/localization/kinematic_state,56523487394,1785606577711800351,92596847497601,56523487394,0
/sensing/lidar/top/pointcloud_raw_ex,56523487394,1785606577721714546,92596857412393,56523487394,243509
/localization/kinematic_state,56573487395,1785606577759270534,92596894967780,56573487395,0
/localization/kinematic_state,56623487396,1785606577809894790,92596945591916,56623487396,0
/sensing/lidar/top/pointcloud_raw_ex,56623487396,1785606577821290369,92596956987958,56623487396,241461
/localization/kinematic_state,56673487397,1785606577858536378,92596994233419,56673487397,0
/localization/kinematic_state,56723487397,1785606577909502013,92597045199363,56723487397,0
/sensing/lidar/top/pointcloud_raw_ex,56723487397,1785606577922815597,92597058513519,56723487397,238581
/localization/kinematic_state,56773487398,1785606577960138202,92597095835572,56773487398,0
/localization/kinematic_state,56823487399,1785606578009174653,92597144871679,56823487399,0
/sensing/lidar/top/pointcloud_raw_ex,56823487399,1785606578025712365,92597161409993,56823487399,235349
/localization/kinematic_state,56873487400,1785606578058890287,92597194587703,56823487399,0
/localization/kinematic_state,56923487400,1785606578109602864,92597245300066,56923487400,0
/localization/pose_estimator/pose_with_covariance,56923487400,1785606578140598575,92597276295710,56923487400,0
/localization/kinematic_state,56973487401,1785606578159050838,92597294747775,56973487401,0
/localization/kinematic_state,57023487402,1785606578213018039,92597348715295,57023487402,0
/sensing/lidar/top/pointcloud_raw_ex,57023487402,1785606578222804534,92597358502194,57023487402,244053
/localization/kinematic_state,57073487403,1785606578258836096,92597394533188,57073487403,0
/localization/kinematic_state,57123487403,1785606578309469878,92597445167200,57123487403,0
/localization/pose_estimator/pose_with_covariance,56923487400,1785606578323349767,92597459047147,57123487403,0
/sensing/lidar/top/pointcloud_raw_ex,57123487403,1785606578324844693,92597460542028,57123487403,243509
/localization/kinematic_state,57173487404,1785606578359443806,92597495141101,57173487404,0
/localization/kinematic_state,57223487405,1785606578417614964,92597553312470,57223487405,0
/sensing/lidar/top/pointcloud_raw_ex,57223487405,1785606578422134302,92597557832006,57223487405,237813
/localization/kinematic_state,57273487406,1785606578465647266,92597601344552,57273487406,0
/localization/kinematic_state,57323487406,1785606578508858179,92597644555213,57323487406,0
/sensing/lidar/top/pointcloud_raw_ex,57323487406,1785606578520682058,92597656379950,57323487406,244821
/localization/pose_estimator/pose_with_covariance,57323487406,1785606578528171950,92597663869493,57323487406,0
/localization/kinematic_state,57373487407,1785606578565479108,92597701176366,57373487407,0
/localization/kinematic_state,57423487408,1785606578609832796,92597745529894,57423487408,0
/sensing/lidar/top/pointcloud_raw_ex,57423487408,1785606578620187661,92597755885573,57423487408,241397
/localization/pose_estimator/pose_with_covariance,57423487408,1785606578636073800,92597771771442,57423487408,0
/localization/kinematic_state,57473487409,1785606578662386479,92597798083797,57473487409,0
/localization/kinematic_state,57523487409,1785606578710009853,92597845707034,57523487409,0
/sensing/lidar/top/pointcloud_raw_ex,57523487409,1785606578721129750,92597856827389,57523487409,240437
/localization/kinematic_state,57573487410,1785606578761532541,92597897229977,57573487410,0
/localization/kinematic_state,57623487411,1785606578808560911,92597944258088,57623487411,0
/localization/pose_estimator/pose_with_covariance,57423487408,1785606578815575742,92597951273113,57623487411,0
/sensing/lidar/top/pointcloud_raw_ex,57623487411,1785606578819789001,92597955486483,57623487411,239861
/localization/kinematic_state,57673487412,1785606578861953679,92597997651246,57673487412,0
/localization/kinematic_state,57723487412,1785606578909750521,92598045447681,57723487412,0
/sensing/lidar/top/pointcloud_raw_ex,57723487412,1785606578922621736,92598058319603,57723487412,242837
/localization/kinematic_state,57773487413,1785606578964519649,92598100217079,57773487413,0
/localization/kinematic_state,57823487414,1785606579012667210,92598148364856,57823487414,0
/sensing/lidar/top/pointcloud_raw_ex,57823487414,1785606579028580778,92598164278440,57823487414,246613
/localization/pose_estimator/pose_with_covariance,57823487414,1785606579035368071,92598171065171,57823487414,0
/localization/kinematic_state,57873487414,1785606579061227136,92598196924552,57873487414,0
/localization/kinematic_state,57923487415,1785606579109097823,92598244794851,57923487415,0
/sensing/lidar/top/pointcloud_raw_ex,57923487415,1785606579120715278,92598256412944,57923487415,242261
/localization/kinematic_state,57973487416,1785606579163440669,92598299138061,57973487416,0
/localization/kinematic_state,58023487417,1785606579208859320,92598344556650,58023487417,0
/localization/pose_estimator/pose_with_covariance,57823487414,1785606579214795416,92598350493055,58023487417,0
/sensing/lidar/top/pointcloud_raw_ex,58023487417,1785606579223458738,92598359156417,58023487417,241589
/localization/pose_estimator/pose_with_covariance,58023487417,1785606579235164686,92598370862109,58023487417,0
/localization/kinematic_state,58073487417,1785606579259508070,92598395205381,58073487417,0
/localization/kinematic_state,58123487418,1785606579310695963,92598446393193,58123487418,0
/sensing/lidar/top/pointcloud_raw_ex,58123487418,1785606579324164484,92598459862022,58123487418,243477
/control/command/control_cmd,58173487419,1785606579358976708,92598494674066,58173487419,80
/localization/kinematic_state,58173487419,1785606579365850755,92598501548075,58173487419,0
/control/command/control_cmd,58223487420,1785606579408496487,92598544193605,58223487420,80
/localization/pose_estimator/pose_with_covariance,58023487417,1785606579411124832,92598546821834,58223487420,0
/localization/kinematic_state,58223487420,1785606579417514033,92598553211271,58223487420,0
/sensing/lidar/top/pointcloud_raw_ex,58223487420,1785606579428348009,92598564045662,58223487420,241077
/localization/kinematic_state,58273487420,1785606579459558953,92598595256163,58273487420,0
/localization/kinematic_state,58323487421,1785606579510317406,92598646014494,58323487421,0
/sensing/lidar/top/pointcloud_raw_ex,58323487421,1785606579521074184,92598656771800,58323487421,243189
/localization/kinematic_state,58373487422,1785606579563530237,92598699227495,58373487422,0
/localization/kinematic_state,58423487423,1785606579609433380,92598745130287,58423487423,0
/sensing/lidar/top/pointcloud_raw_ex,58423487423,1785606579622167479,92598757865249,58423487423,239093
/localization/kinematic_state,58473487423,1785606579658914793,92598794611848,58473487423,0
/localization/kinematic_state,58523487424,1785606579709472162,92598845169328,58523487424,0
/sensing/lidar/top/pointcloud_raw_ex,58523487424,1785606579721662507,92598857360161,58523487424,240245
/localization/pose_estimator/pose_with_covariance,58523487424,1785606579727284187,92598862981671,58523487424,0
/localization/kinematic_state,58573487425,1785606579759210696,92598894908152,58573487425,0
/localization/kinematic_state,58623487426,1785606579809914517,92598945611926,58623487426,0
/sensing/lidar/top/pointcloud_raw_ex,58623487426,1785606579830071964,92598965769627,58623487426,240565
/localization/kinematic_state,58673487426,1785606579862154865,92598997852215,58673487426,0
/localization/kinematic_state,58723487427,1785606579910334760,92599046032099,58723487427,0
/localization/pose_estimator/pose_with_covariance,58523487424,1785606579917398282,92599053095790,58723487427,0
/sensing/lidar/top/pointcloud_raw_ex,58723487427,1785606579925728538,92599061425966,58723487427,245621
/localization/kinematic_state,58773487428,1785606579959115198,92599094812540,58773487428,0
/localization/kinematic_state,58823487429,1785606580011915058,92599147612272,58823487429,0
/sensing/lidar/top/pointcloud_raw_ex,58823487429,1785606580020066602,92599155764054,58823487429,241525
/localization/kinematic_state,58873487429,1785606580062810395,92599198507816,58873487429,0
/localization/kinematic_state,58923487430,1785606580109870310,92599245567531,58923487430,0
/sensing/lidar/top/pointcloud_raw_ex,58923487430,1785606580121751452,92599257449343,58923487430,243925
/localization/pose_estimator/pose_with_covariance,58923487430,1785606580129000547,92599264698166,58923487430,0
/localization/kinematic_state,58973487431,1785606580160575850,92599296273204,58973487431,0
/localization/kinematic_state,59023487432,1785606580208965874,92599344663053,59023487432,0
/sensing/lidar/top/pointcloud_raw_ex,59023487432,1785606580219613292,92599355311039,59023487432,241813
/localization/pose_estimator/pose_with_covariance,59023487432,1785606580228157091,92599363854394,59023487432,0
/localization/kinematic_state,59073487432,1785606580260152818,92599395849790,59073487432,0
/localization/kinematic_state,59123487433,1785606580309387944,92599445085231,59123487433,0
/sensing/lidar/top/pointcloud_raw_ex,59123487433,1785606580318026911,92599453724614,59123487433,245333
/localization/pose_estimator/pose_with_covariance,59123487433,1785606580339251052,92599474948674,59123487433,0
/localization/kinematic_state,59173487434,1785606580359866196,92599495563559,59173487434,0
/localization/kinematic_state,59223487435,1785606580413683569,92599549380833,59223487435,0
/sensing/lidar/top/pointcloud_raw_ex,59223487435,1785606580424555338,92599560253296,59223487435,243157
/localization/kinematic_state,59273487435,1785606580462672275,92599598369514,59273487435,0
/localization/kinematic_state,59323487436,1785606580510991035,92599646688441,59323487436,0
/localization/pose_estimator/pose_with_covariance,59123487433,1785606580517326964,92599653024475,59323487436,0
/sensing/lidar/top/pointcloud_raw_ex,59323487436,1785606580521734881,92599657432576,59323487436,238677
/localization/kinematic_state,59373487437,1785606580559076141,92599694773498,59373487437,0
/localization/kinematic_state,59423487438,1785606580619093391,92599754790682,59423487438,0
/sensing/lidar/top/pointcloud_raw_ex,59423487438,1785606580630454075,92599766151844,59423487438,240373
/localization/kinematic_state,59473487438,1785606580662695953,92599798393258,59473487438,0
/localization/kinematic_state,59523487439,1785606580714478450,92599850175661,59523487439,0
/sensing/lidar/top/pointcloud_raw_ex,59523487439,1785606580723328334,92599859025722,59523487439,242485
/localization/pose_estimator/pose_with_covariance,59523487439,1785606580732060618,92599867758048,59523487439,0
/localization/kinematic_state,59573487440,1785606580759089608,92599894786729,59573487440,0
/localization/kinematic_state,59623487441,1785606580809972136,92599945669653,59623487441,0
/sensing/lidar/top/pointcloud_raw_ex,59623487441,1785606580819738813,92599955436455,59623487441,243733
/localization/kinematic_state,59673487441,1785606580859782146,92599995479404,59673487441,0
/localization/kinematic_state,59723487442,1785606580909390176,92600045087232,59723487442,0
/localization/pose_estimator/pose_with_covariance,59523487439,1785606580913433003,92600049130535,59723487442,0
/sensing/lidar/top/pointcloud_raw_ex,59723487442,1785606580920840223,92600056537768,59723487442,247285
/localization/kinematic_state,59773487443,1785606580959853233,92600095550351,59773487443,0
/localization/kinematic_state,59823487444,1785606581008932919,92600144630391,59823487444,0
/sensing/lidar/top/pointcloud_raw_ex,59823487444,1785606581025533001,92600161230833,59823487444,244277
/localization/kinematic_state,59873487444,1785606581061386898,92600197084435,59873487444,0
/localization/kinematic_state,59923487445,1785606581109822166,92600245519700,59923487445,0
/localization/kinematic_state,59973487446,1785606581159899944,92600295597321,59973487446,0
/localization/kinematic_state,60023487447,1785606581209059470,92600344756656,60023487447,0
/sensing/lidar/top/pointcloud_raw_ex,60023487447,1785606581226001508,92600361699490,60023487447,241173
/localization/pose_estimator/pose_with_covariance,60023487447,1785606581232965506,92600368663356,60023487447,0
/localization/kinematic_state,60073487447,1785606581258689255,92600394386585,60073487447,0
/localization/kinematic_state,60123487448,1785606581310065739,92600445763037,60123487448,0
/sensing/lidar/top/pointcloud_raw_ex,60123487448,1785606581321009133,92600456706839,60123487448,244469
/localization/kinematic_state,60173487449,1785606581359010561,92600494707596,60173487449,0
/control/command/control_cmd,60173487449,1785606581364171427,92600499868731,60173487449,80
/localization/kinematic_state,60223487450,1785606581409187219,92600544884349,60223487450,0
/localization/pose_estimator/pose_with_covariance,60023487447,1785606581413108181,92600548805602,60223487450,0
/sensing/lidar/top/pointcloud_raw_ex,60223487450,1785606581424576951,92600560274325,60223487450,241909
/localization/kinematic_state,60273487450,1785606581459716850,92600595413953,60273487450,0
/localization/kinematic_state,60323487451,1785606581508853897,92600644551032,60323487451,0
/localization/kinematic_state,60373487452,1785606581560291256,92600695988644,60373487452,0
/localization/kinematic_state,60423487452,1785606581609104839,92600744802063,60423487452,0
/sensing/lidar/top/pointcloud_raw_ex,60423487452,1785606581618409667,92600754107165,60423487452,241365
/localization/pose_estimator/pose_with_covariance,60423487452,1785606581624598729,92600760296435,60423487452,0
/localization/kinematic_state,60473487453,1785606581659467762,92600795164977,60473487453,0
/sensing/lidar/top/pointcloud_raw_ex,60523487454,1785606581717028817,92600852726645,60523487454,239829
/localization/kinematic_state,60573487455,1785606581760247228,92600895944798,60573487455,0
/localization/pose_estimator/pose_with_covariance,60423487452,1785606581812017369,92600947714947,60623487455,0
/localization/kinematic_state,60623487455,1785606581812457056,92600948154370,60623487455,0
/sensing/lidar/top/pointcloud_raw_ex,60623487455,1785606581819141042,92600954838784,60623487455,245141
/localization/pose_estimator/pose_with_covariance,60623487455,1785606581825121354,92600960818917,60623487455,0
/localization/kinematic_state,60673487456,1785606581860191295,92600995888501,60673487456,0
/localization/kinematic_state,60723487457,1785606581909809334,92601045506566,60723487457,0
/sensing/lidar/top/pointcloud_raw_ex,60723487457,1785606581918470391,92601054168109,60723487457,244789
/localization/pose_estimator/pose_with_covariance,60723487457,1785606581922640035,92601058337525,60723487457,0
/localization/kinematic_state,60773487458,1785606581959200227,92601094897634,60773487458,0
/localization/kinematic_state,60823487458,1785606582010377648,92601146075000,60823487458,0
/sensing/lidar/top/pointcloud_raw_ex,60823487458,1785606582022179213,92601157877002,60823487458,242165
/localization/pose_estimator/pose_with_covariance,60823487458,1785606582030349938,92601166047599,60823487458,0
/localization/kinematic_state,60873487459,1785606582060168832,92601195866184,60873487459,0
/localization/kinematic_state,60923487460,1785606582111007400,92601246704659,60923487460,0
/sensing/lidar/top/pointcloud_raw_ex,60923487460,1785606582120168108,92601255865685,60923487460,240501
/localization/pose_estimator/pose_with_covariance,60923487460,1785606582127995191,92601263692561,60923487460,0
/localization/kinematic_state,60973487461,1785606582159232618,92601294929954,60973487461,0
/localization/kinematic_state,61023487461,1785606582209308110,92601345005611,61023487461,0
/sensing/lidar/top/pointcloud_raw_ex,61023487461,1785606582219651024,92601355348601,61023487461,243701
/localization/kinematic_state,61073487462,1785606582259917045,92601395614611,61073487462,0
/localization/pose_estimator/pose_with_covariance,60923487460,1785606582310558802,92601446256210,61123487463,0
/localization/kinematic_state,61123487463,1785606582310853168,92601446550203,61123487463,0
/sensing/lidar/top/pointcloud_raw_ex,61123487463,1785606582319327331,92601455025038,61123487463,240021
/localization/kinematic_state,61173487464,1785606582361063324,92601496760756,61173487464,0
/localization/kinematic_state,61223487464,1785606582410469472,92601546166817,61223487464,0
/sensing/lidar/top/pointcloud_raw_ex,61223487464,1785606582421172684,92601556870350,61223487464,241141
/control/command/control_cmd,61223487464,1785606582421244207,92601556941119,61223487464,80
/localization/kinematic_state,61273487465,1785606582460917096,92601596614570,61273487465,0
/localization/kinematic_state,61323487466,1785606582511371070,92601647068272,61323487466,0
/sensing/lidar/top/pointcloud_raw_ex,61323487466,1785606582521929310,92601657626694,61323487466,240725
/localization/kinematic_state,61373487467,1785606582560068960,92601695766184,61373487467,0
/localization/kinematic_state,61423487467,1785606582608452845,92601744150187,61423487467,0
/sensing/lidar/top/pointcloud_raw_ex,61423487467,1785606582621482907,92601757180769,61423487467,242293
/localization/kinematic_state,61473487468,1785606582659239572,92601794936812,61473487468,0
/localization/kinematic_state,61523487469,1785606582712413194,92601848110250,61523487469,0
/sensing/lidar/top/pointcloud_raw_ex,61523487469,1785606582721214734,92601856912290,61523487469,242517
/localization/kinematic_state,61573487470,1785606582759033743,92601894730987,61573487470,0
/localization/kinematic_state,61623487470,1785606582809426998,92601945124315,61623487470,0
/sensing/lidar/top/pointcloud_raw_ex,61623487470,1785606582820655536,92601956353242,61623487470,239573
/localization/pose_estimator/pose_with_covariance,61623487470,1785606582833530845,92601969228381,61623487470,0
/localization/kinematic_state,61673487471,1785606582858837811,92601994534885,61673487471,0
/localization/kinematic_state,61723487472,1785606582911918925,92602047616251,61723487472,0
/sensing/lidar/top/pointcloud_raw_ex,61723487472,1785606582922411943,92602058109895,61723487472,241909
/localization/kinematic_state,61773487473,1785606582959386331,92602095083342,61773487473,0
/localization/kinematic_state,61823487473,1785606583012453955,92602148151212,61823487473,0
/sensing/lidar/top/pointcloud_raw_ex,61823487473,1785606583019435152,92602155133039,61823487473,240213
/localization/pose_estimator/pose_with_covariance,61623487470,1785606583020182092,92602155879165,61823487473,0
/localization/pose_estimator/pose_with_covariance,61823487473,1785606583022973896,92602158671313,61823487473,0
/localization/kinematic_state,61873487474,1785606583065662451,92602201359712,61873487474,0
/localization/kinematic_state,61923487475,1785606583119272527,92602254969861,61923487475,0
/sensing/lidar/top/pointcloud_raw_ex,61923487475,1785606583124296269,92602259994042,61923487475,240981
/localization/kinematic_state,61973487476,1785606583163296095,92602298993370,61973487476,0
/localization/pose_estimator/pose_with_covariance,61823487473,1785606583210957198,92602346654733,62023487476,0
/sensing/lidar/top/pointcloud_raw_ex,62023487476,1785606583221592877,92602357290493,62023487476,240629
/localization/kinematic_state,62073487477,1785606583263278217,92602398975603,62073487477,0
/localization/kinematic_state,62123487478,1785606583309828455,92602445525791,62123487478,0
/sensing/lidar/top/pointcloud_raw_ex,62123487478,1785606583325025721,92602460723454,62123487478,241973
/localization/kinematic_state,62173487479,1785606583359823911,92602495521209,62173487479,0
/localization/kinematic_state,62223487479,1785606583411063272,92602546760525,62223487479,0
/sensing/lidar/top/pointcloud_raw_ex,62223487479,1785606583419542503,92602555240227,62223487479,242325
/localization/pose_estimator/pose_with_covariance,62223487479,1785606583432809956,92602568507543,62223487479,0
/localization/kinematic_state,62273487480,1785606583460276652,92602595973868,62273487480,0
/localization/kinematic_state,62323487481,1785606583509045261,92602644742662,62323487481,0
/sensing/lidar/top/pointcloud_raw_ex,62323487481,1785606583522656485,92602658354344,62323487481,242005
/localization/pose_estimator/pose_with_covariance,62323487481,1785606583535010377,92602670707735,62323487481,0
/localization/kinematic_state,62373487482,1785606583565390311,92602701087521,62373487482,0
/localization/kinematic_state,62423487482,1785606583614954739,92602750651999,62423487482,0
/sensing/lidar/top/pointcloud_raw_ex,62423487482,1785606583622887457,92602758585129,62423487482,244149
/localization/kinematic_state,62473487483,1785606583663726774,92602799423906,62473487483,0
/localization/pose_estimator/pose_with_covariance,62323487481,1785606583715951870,92602851649124,62523487484,0
/localization/kinematic_state,62523487484,1785606583715969534,92602851666367,62523487484,0
/sensing/lidar/top/pointcloud_raw_ex,62523487484,1785606583718949471,92602854646623,62523487484,240725
/localization/kinematic_state,62573487485,1785606583758539485,92602894236505,62573487485,0
/localization/kinematic_state,62623487485,1785606583809321645,92602945018750,62623487485,0
/localization/pose_estimator/pose_with_covariance,62423487482,1785606583816873789,92602952571274,62623487485,0
/sensing/lidar/top/pointcloud_raw_ex,62623487485,1785606583819647341,92602955344614,62623487485,241205
/localization/kinematic_state,62723487487,1785606583912384500,92603048081868,62723487487,0
/localization/kinematic_state,62773487488,1785606583965071253,92603100768510,62773487488,0
/localization/kinematic_state,62823487488,1785606584010985461,92603146682924,62823487488,0
/localization/kinematic_state,62873487489,1785606584058859126,92603194556411,62873487489,0
/localization/kinematic_state,62923487490,1785606584112141647,92603247838930,62923487490,0
/sensing/lidar/top/pointcloud_raw_ex,62923487490,1785606584128975425,92603264672993,62923487490,238197
/localization/kinematic_state,63023487491,1785606584209721591,92603345418929,63023487491,0
/sensing/lidar/top/pointcloud_raw_ex,63023487491,1785606584226736063,92603362433670,63023487491,241397
/localization/kinematic_state,63073487492,1785606584265107712,92603400804981,63073487492,0
/localization/kinematic_state,63123487493,1785606584308598660,92603444295795,63123487493,0
/sensing/lidar/top/pointcloud_raw_ex,63123487493,1785606584320671362,92603456369211,63123487493,239925
/localization/kinematic_state,63173487493,1785606584362017996,92603497715090,63173487493,0
/localization/kinematic_state,63223487494,1785606584412618691,92603548316041,63223487494,0
/localization/pose_estimator/pose_with_covariance,63223487494,1785606584427401625,92603563099012,63223487494,0
/localization/kinematic_state,63273487495,1785606584462596982,92603598294392,63273487495,0
/localization/kinematic_state,63323487496,1785606584517513973,92603653211264,63323487496,0
/sensing/lidar/top/pointcloud_raw_ex,63323487496,1785606584522630398,92603658328187,63323487496,241109
/localization/kinematic_state,63373487496,1785606584558910416,92603694607555,63373487496,0
/localization/pose_estimator/pose_with_covariance,63223487494,1785606584612615914,92603748313340,63423487497,0
/sensing/lidar/top/pointcloud_raw_ex,63423487497,1785606584622436342,92603758134087,63423487497,242549
/localization/kinematic_state,63473487498,1785606584658397165,92603794094265,63473487498,0
/sensing/lidar/top/pointcloud_raw_ex,63523487499,1785606584717358057,92603853055825,63523487499,242421
/localization/kinematic_state,63573487499,1785606584764140345,92603899837631,63573487499,0
/localization/kinematic_state,63623487500,1785606584814404590,92603950101879,63623487500,0
/sensing/lidar/top/pointcloud_raw_ex,63623487500,1785606584821208767,92603956906591,63623487500,241877
/localization/pose_estimator/pose_with_covariance,63623487500,1785606584833472566,92603969169988,63623487500,0
/localization/kinematic_state,63673487501,1785606584860490873,92603996188126,63673487501,0
/localization/kinematic_state,63723487502,1785606584911507862,92604047205133,63723487502,0
/sensing/lidar/top/pointcloud_raw_ex,63723487502,1785606584923324449,92604059022310,63723487502,245973
/localization/kinematic_state,63773487502,1785606584959763906,92604095461390,63773487502,0
/localization/kinematic_state,63823487503,1785606585010690408,92604146387886,63823487503,0
/localization/pose_estimator/pose_with_covariance,63623487500,1785606585018371314,92604154068702,63823487503,0
/sensing/lidar/top/pointcloud_raw_ex,63823487503,1785606585028113235,92604163810960,63823487503,243317
/localization/kinematic_state,63873487504,1785606585059687426,92604195384566,63873487504,0
/localization/kinematic_state,63923487505,1785606585109281405,92604244978539,63923487505,0
/sensing/lidar/top/pointcloud_raw_ex,63923487505,1785606585122545076,92604258242724,63923487505,239733
/localization/kinematic_state,63973487505,1785606585158241330,92604293938429,63973487505,0
/localization/kinematic_state,64023487506,1785606585210220893,92604345918208,64023487506,0
/sensing/lidar/top/pointcloud_raw_ex,64023487506,1785606585219562556,92604355260306,64023487506,240725
/localization/kinematic_state,64073487507,1785606585261409445,92604397106645,64073487507,0
/localization/kinematic_state,64123487508,1785606585308922455,92604444619435,64123487508,0
/localization/pose_estimator/pose_with_covariance,63923487505,1785606585313384135,92604449081506,64123487508,0
/sensing/lidar/top/pointcloud_raw_ex,64123487508,1785606585323240461,92604458937982,64123487508,241365
/localization/kinematic_state,64173487508,1785606585358571548,92604494268525,64173487508,0
/localization/kinematic_state,64223487509,1785606585408740573,92604544437651,64223487509,0
/sensing/lidar/top/pointcloud_raw_ex,64223487509,1785606585422712768,92604558410261,64223487509,242805
/localization/pose_estimator/pose_with_covariance,64223487509,1785606585427746296,92604563443674,64223487509,0
/localization/kinematic_state,64273487510,1785606585459618820,92604595316116,64273487510,0
/localization/kinematic_state,64323487511,1785606585515380273,92604651077510,64323487511,0
/sensing/lidar/top/pointcloud_raw_ex,64323487511,1785606585520377488,92604656074971,64323487511,241525
/localization/kinematic_state,64373487511,1785606585560553460,92604696250675,64373487511,0
/localization/kinematic_state,64423487512,1785606585612540417,92604748237547,64423487512,0
/localization/pose_estimator/pose_with_covariance,64223487509,1785606585616618290,92604752315565,64423487512,0
/localization/pose_estimator/pose_with_covariance,64423487512,1785606585626405512,92604762102845,64423487512,0
/localization/kinematic_state,64473487513,1785606585668008433,92604803705671,64473487513,0
/localization/kinematic_state,64523487514,1785606585713478666,92604849175918,64523487514,0
/sensing/lidar/top/pointcloud_raw_ex,64523487514,1785606585719423972,92604855121613,64523487514,241877
/localization/pose_estimator/pose_with_covariance,64523487514,1785606585729821214,92604865518601,64523487514,0
/localization/kinematic_state,64573487514,1785606585761144385,92604896841822,64573487514,0
/localization/kinematic_state,64623487515,1785606585815384337,92604951081530,64623487515,0
/sensing/lidar/top/pointcloud_raw_ex,64623487515,1785606585822861740,92604958559587,64623487515,242773
/localization/pose_estimator/pose_with_covariance,64623487515,1785606585833080938,92604968778406,64623487515,0
/localization/kinematic_state,64673487516,1785606585860784406,92604996481679,64673487516,0
/localization/kinematic_state,64723487517,1785606585909490739,92605045187839,64723487517,0
/sensing/lidar/top/pointcloud_raw_ex,64723487517,1785606585924205213,92605059903015,64723487517,242389
/localization/kinematic_state,64773487517,1785606585958746172,92605094443463,64773487517,0
/localization/kinematic_state,64823487518,1785606586009675606,92605145372681,64823487518,0
/localization/pose_estimator/pose_with_covariance,64623487515,1785606586015584625,92605151281877,64823487518,0
/sensing/lidar/top/pointcloud_raw_ex,64823487518,1785606586022570659,92605158268005,64823487518,239957
/localization/kinematic_state,64873487519,1785606586061665910,92605197363253,64873487519,0
/localization/kinematic_state,64923487520,1785606586111531627,92605247228681,64923487520,0
/sensing/lidar/top/pointcloud_raw_ex,64923487520,1785606586127100175,92605262797749,64923487520,241877
/localization/kinematic_state,64973487520,1785606586159099254,92605294796134,64973487520,0
/localization/kinematic_state,65023487521,1785606586211387484,92605347084980,65023487521,0
/sensing/lidar/top/pointcloud_raw_ex,65023487521,1785606586219125262,92605354822938,65023487521,241557
/localization/kinematic_state,65073487522,1785606586258648284,92605394345471,65073487522,0
/localization/kinematic_state,65123487523,1785606586310079813,92605445777254,65123487523,0
/sensing/lidar/top/pointcloud_raw_ex,65123487523,1785606586318567322,92605454264849,65123487523,240981
/localization/pose_estimator/pose_with_covariance,65123487523,1785606586328724662,92605464422290,65123487523,0
/localization/kinematic_state,65173487523,1785606586359822530,92605495519567,65173487523,0
/localization/kinematic_state,65223487524,1785606586413088727,92605548823853,65223487524,0
/sensing/lidar/top/pointcloud_raw_ex,65223487524,1785606586421343955,92605557041686,65223487524,239957
/localization/kinematic_state,65273487525,1785606586459168858,92605594866196,65273487525,0
/localization/kinematic_state,65323487526,1785606586509715676,92605645412773,65323487526,0
/localization/pose_estimator/pose_with_covariance,65123487523,1785606586519630199,92605655327717,65323487526,0
/sensing/lidar/top/pointcloud_raw_ex,65323487526,1785606586526809759,92605662507089,65323487526,241589
/localization/kinematic_state,65373487526,1785606586559365553,92605695062770,65373487526,0
/localization/kinematic_state,65423487527,1785606586609289479,92605744986849,65423487527,0
/sensing/lidar/top/pointcloud_raw_ex,65423487527,1785606586621206111,92605756903898,65423487527,242005
/localization/kinematic_state,65473487528,1785606586660592397,92605796289624,65473487528,0
/localization/kinematic_state,65523487528,1785606586708907976,92605844605093,65523487528,0
/localization/pose_estimator/pose_with_covariance,65323487526,1785606586715917440,92605851614906,65523487528,0
/sensing/lidar/top/pointcloud_raw_ex,65523487528,1785606586722198322,92605857895980,65523487528,239669
/localization/kinematic_state,65573487529,1785606586758503142,92605894200311,65573487529,0
/localization/kinematic_state,65623487530,1785606586809487015,92605945184239,65623487530,0
/localization/kinematic_state,65673487531,1785606586861291691,92605996989087,65673487531,0
/localization/kinematic_state,65723487531,1785606586908423986,92606044121119,65723487531,0
/sensing/lidar/top/pointcloud_raw_ex,65723487531,1785606586918034901,92606053732689,65723487531,242485
/localization/pose_estimator/pose_with_covariance,65723487531,1785606586923720921,92606059418120,65723487531,0
/localization/kinematic_state,65773487532,1785606586958784561,92606094481649,65773487532,0
/localization/kinematic_state,65823487533,1785606587011379003,92606147076227,65823487533,0
/sensing/lidar/top/pointcloud_raw_ex,65823487533,1785606587022794057,92606158491780,65823487533,242933
/localization/kinematic_state,65873487534,1785606587059075157,92606194772410,65873487534,0
/localization/kinematic_state,65923487534,1785606587109283554,92606244980758,65923487534,0
/localization/pose_estimator/pose_with_covariance,65723487531,1785606587113377824,92606249075211,65923487534,0
/sensing/lidar/top/pointcloud_raw_ex,65923487534,1785606587117495864,92606253193292,65923487534,242293
/localization/pose_estimator/pose_with_covariance,65923487534,1785606587123187840,92606258884887,65923487534,0
/localization/kinematic_state,65973487535,1785606587162175957,92606297873118,65973487535,0
/localization/kinematic_state,66023487536,1785606587212494358,92606348191558,66023487536,0
/sensing/lidar/top/pointcloud_raw_ex,66023487536,1785606587220084336,92606355781973,66023487536,245653
/localization/kinematic_state,66073487537,1785606587258682998,92606394380075,66073487537,0
/localization/kinematic_state,66123487537,1785606587311180045,92606446877262,66123487537,0
/sensing/lidar/top/pointcloud_raw_ex,66123487537,1785606587323938787,92606459636327,66123487537,241877
/localization/pose_estimator/pose_with_covariance,65923487534,1785606587329385924,92606465083167,66123487537,0
/localization/pose_estimator/pose_with_covariance,66123487537,1785606587341354020,92606477051307,66123487537,0
/localization/kinematic_state,66173487538,1785606587359400163,92606495097349,66173487538,0
/localization/kinematic_state,66223487539,1785606587412482069,92606548179597,66223487539,0
/sensing/lidar/top/pointcloud_raw_ex,66223487539,1785606587427833152,92606563531220,66223487539,242101
/localization/pose_estimator/pose_with_covariance,66223487539,1785606587433351954,92606569049508,66223487539,0
/localization/kinematic_state,66273487540,1785606587459782509,92606595479755,66273487540,0
/localization/kinematic_state,66323487540,1785606587511730602,92606647428205,66323487540,0
/sensing/lidar/top/pointcloud_raw_ex,66323487540,1785606587518070262,92606653767924,66323487540,240725
/localization/kinematic_state,66373487541,1785606587559814967,92606695512221,66373487541,0
/localization/kinematic_state,66423487542,1785606587608729405,92606744426331,66423487542,0
/localization/pose_estimator/pose_with_covariance,66223487539,1785606587615685120,92606751382637,66423487542,0
/sensing/lidar/top/pointcloud_raw_ex,66423487542,1785606587619326395,92606755024192,66423487542,239797
/localization/kinematic_state,66473487543,1785606587658762894,92606794459841,66473487543,0
/localization/kinematic_state,66523487543,1785606587711833578,92606847530875,66523487543,0
/sensing/lidar/top/pointcloud_raw_ex,66523487543,1785606587724655312,92606860352837,66523487543,238709
/localization/kinematic_state,66573487544,1785606587766467197,92606902164352,66573487544,0
/localization/kinematic_state,66623487545,1785606587811968955,92606947666549,66623487545,0
/sensing/lidar/top/pointcloud_raw_ex,66623487545,1785606587822066733,92606957764529,66623487545,239413
/localization/pose_estimator/pose_with_covariance,66623487545,1785606587832503098,92606968200544,66623487545,0
/localization/kinematic_state,66673487546,1785606587858863831,92606994561058,66673487546,0
/localization/kinematic_state,66723487546,1785606587915898205,92607051595592,66723487546,0
/localization/pose_estimator/pose_with_covariance,66723487546,1785606587925406918,92607061104102,66723487546,0
/localization/kinematic_state,66773487547,1785606587959346798,92607095044024,66773487547,0
/localization/kinematic_state,66823487548,1785606588009270601,92607144967692,66823487548,0
/sensing/lidar/top/pointcloud_raw_ex,66823487548,1785606588020186642,92607155884055,66823487548,242613
/localization/kinematic_state,66873487549,1785606588058753004,92607194450309,66873487549,0
/localization/kinematic_state,66923487549,1785606588111689042,92607247386293,66923487549,0
/localization/pose_estimator/pose_with_covariance,66723487546,1785606588117736874,92607253434325,66923487549,0
/sensing/lidar/top/pointcloud_raw_ex,66923487549,1785606588121513617,92607257211370,66923487549,239157
/localization/pose_estimator/pose_with_covariance,66923487549,1785606588133919060,92607269616497,66923487549,0
/localization/kinematic_state,66973487550,1785606588164417616,92607300115011,66973487550,0
/localization/kinematic_state,67023487551,1785606588208921842,92607344618928,67023487551,0
/sensing/lidar/top/pointcloud_raw_ex,67023487551,1785606588220507035,92607356204532,67023487551,240981
/localization/kinematic_state,67073487552,1785606588261199351,92607396896770,67073487552,0
/localization/kinematic_state,67123487552,1785606588312832419,92607448529958,67123487552,0
/sensing/lidar/top/pointcloud_raw_ex,67123487552,1785606588322754494,92607458452447,67123487552,241301
/localization/kinematic_state,67173487553,1785606588358624418,92607494321594,67173487553,0
/localization/kinematic_state,67223487554,1785606588409312847,92607545010006,67223487554,0
/sensing/lidar/top/pointcloud_raw_ex,67223487554,1785606588417147215,92607552844567,67223487554,241045
/localization/kinematic_state,67273487555,1785606588459214344,92607594911602,67273487555,0
/localization/kinematic_state,67323487555,1785606588509045443,92607644742734,67323487555,0
/sensing/lidar/top/pointcloud_raw_ex,67323487555,1785606588518564616,92607654262663,67323487555,240341
/localization/pose_estimator/pose_with_covariance,67323487555,1785606588527760095,92607663457272,67323487555,0
/localization/kinematic_state,67373487556,1785606588558507147,92607694204285,67373487556,0
/localization/kinematic_state,67423487557,1785606588608173921,92607743870906,67423487557,0
/sensing/lidar/top/pointcloud_raw_ex,67423487557,1785606588618934987,92607754632865,67423487557,243989
/localization/pose_estimator/pose_with_covariance,67423487557,1785606588630070857,92607765768271,67423487557,0
/localization/kinematic_state,67473487558,1785606588659484615,92607795182101,67473487558,0
/localization/kinematic_state,67523487558,1785606588709743336,92607845440716,67523487558,0
/sensing/lidar/top/pointcloud_raw_ex,67523487558,1785606588720552396,92607856249935,67523487558,241013
/localization/pose_estimator/pose_with_covariance,67523487558,1785606588729819609,92607865517079,67523487558,0
/localization/kinematic_state,67623487560,1785606588809343237,92607945040393,67623487560,0
/sensing/lidar/top/pointcloud_raw_ex,67623487560,1785606588821346912,92607957044434,67623487560,243381
/localization/kinematic_state,67673487561,1785606588860356178,92607996053461,67673487561,0
/localization/pose_estimator/pose_with_covariance,67523487558,1785606588910503802,92608046201475,67723487561,0
/localization/kinematic_state,67723487561,1785606588912950925,92608048648098,67723487561,0
/sensing/lidar/top/pointcloud_raw_ex,67723487561,1785606588919538640,92608055236174,67723487561,242837
/localization/pose_estimator/pose_with_covariance,67723487561,1785606588931247186,92608066944767,67723487561,0
/localization/kinematic_state,67773487562,1785606588961267164,92608096964504,67773487562,0
/localization/kinematic_state,67823487563,1785606589011494694,92608147191849,67823487563,0
/sensing/lidar/top/pointcloud_raw_ex,67823487563,1785606589024272416,92608159970262,67823487563,239413
/localization/kinematic_state,67873487564,1785606589064976666,92608200674137,67873487564,0
/localization/kinematic_state,67923487564,1785606589109839464,92608245536732,67923487564,0
/localization/pose_estimator/pose_with_covariance,67723487561,1785606589113365497,92608249062543,67923487564,0
/sensing/lidar/top/pointcloud_raw_ex,67923487564,1785606589122960895,92608258658475,67923487564,243157
/localization/pose_estimator/pose_with_covariance,67923487564,1785606589133350702,92608269048317,67923487564,0
/localization/kinematic_state,67973487565,1785606589159960727,92608295657972,67973487565,0
/localization/kinematic_state,68023487566,1785606589210417564,92608346114760,68023487566,0
/sensing/lidar/top/pointcloud_raw_ex,68023487566,1785606589219738699,92608355436569,68023487566,245525
/localization/kinematic_state,68073487566,1785606589260132454,92608395830019,68073487566,0
/localization/pose_estimator/pose_with_covariance,67923487564,1785606589320361190,92608456058738,68123487567,0
/localization/kinematic_state,68123487567,1785606589320425318,92608456122161,68123487567,0
/sensing/lidar/top/pointcloud_raw_ex,68123487567,1785606589321799145,92608457496068,68123487567,239093
/localization/kinematic_state,68173487568,1785606589360521095,92608496218564,68173487568,0
/localization/kinematic_state,68223487569,1785606589413377968,92608549075225,68223487569,0
/sensing/lidar/top/pointcloud_raw_ex,68223487569,1785606589421065923,92608556763731,68223487569,241717
/localization/pose_estimator/pose_with_covariance,68223487569,1785606589427824601,92608563522215,68223487569,0
/localization/kinematic_state,68273487569,1785606589466208721,92608601906170,68273487569,0
/localization/kinematic_state,68323487570,1785606589512219967,92608647917550,68323487570,0
/sensing/lidar/top/pointcloud_raw_ex,68323487570,1785606589521410875,92608657108408,68323487570,240821
/localization/pose_estimator/pose_with_covariance,68323487570,1785606589526292652,92608661990213,68323487570,0
/localization/kinematic_state,68373487571,1785606589561382738,92608697079826,68373487571,0
/localization/kinematic_state,68423487572,1785606589613942881,92608749640296,68423487572,0
/sensing/lidar/top/pointcloud_raw_ex,68423487572,1785606589626520124,92608762218021,68423487572,240725
/localization/kinematic_state,68473487572,1785606589659028715,92608794726015,68473487572,0
/localization/pose_estimator/pose_with_covariance,68323487570,1785606589717224714,92608852922141,68523487573,0
/localization/kinematic_state,68523487573,1785606589717643124,92608853340221,68523487573,0
/sensing/lidar/top/pointcloud_raw_ex,68523487573,1785606589719232793,92608854930394,68523487573,237173
/localization/kinematic_state,68573487574,1785606589762116319,92608897813500,68573487574,0
/localization/kinematic_state,68623487575,1785606589808571535,92608944268716,68623487575,0
/sensing/lidar/top/pointcloud_raw_ex,68623487575,1785606589816161207,92608951859016,68623487575,244597
/localization/pose_estimator/pose_with_covariance,68623487575,1785606589828822472,92608964520252,68623487575,0
/localization/kinematic_state,68673487575,1785606589859381344,92608995078664,68673487575,0
/localization/kinematic_state,68723487576,1785606589914729349,92609050426581,68723487576,0
/sensing/lidar/top/pointcloud_raw_ex,68723487576,1785606589916406428,92609052103689,68723487576,242965
/localization/pose_estimator/pose_with_covariance,68723487576,1785606589928059113,92609063756372,68723487576,0
/localization/kinematic_state,68773487577,1785606589965759078,92609101456564,68773487577,0
/localization/kinematic_state,68823487578,1785606590009085894,92609144783097,68823487578,0
/localization/kinematic_state,68873487578,1785606590065475748,92609201172872,68873487578,0
/localization/kinematic_state,68923487579,1785606590112165612,92609247862585,68923487579,0
/localization/pose_estimator/pose_with_covariance,68723487576,1785606590113290455,92609248987532,68923487579,0
/sensing/lidar/top/pointcloud_raw_ex,68923487579,1785606590125541384,92609261238676,68923487579,241941
/localization/kinematic_state,68973487580,1785606590159157509,92609294854729,68973487580,0
/localization/kinematic_state,69023487581,1785606590213382234,92609349079484,69023487581,0
/sensing/lidar/top/pointcloud_raw_ex,69023487581,1785606590219806893,92609355504307,69023487581,240053
/localization/kinematic_state,69073487581,1785606590258166970,92609393864053,69073487581,0
/localization/kinematic_state,69123487582,1785606590314572425,92609450269692,69123487582,0
/sensing/lidar/top/pointcloud_raw_ex,69123487582,1785606590322160229,92609457857819,69123487582,244757
/localization/kinematic_state,69173487583,1785606590359041555,92609494738598,69173487583,0
/localization/kinematic_state,69223487584,1785606590409449855,92609545146795,69223487584,0
/sensing/lidar/top/pointcloud_raw_ex,69223487584,1785606590420804069,92609556501904,69223487584,243541
/localization/kinematic_state,69273487584,1785606590458860658,92609594557821,69273487584,0
/localization/kinematic_state,69323487585,1785606590510263944,92609645961333,69323487585,0
/sensing/lidar/top/pointcloud_raw_ex,69323487585,1785606590521326405,92609657023648,69323487585,246773
/localization/kinematic_state,69373487586,1785606590558749290,92609694446506,69373487586,0
/localization/kinematic_state,69423487587,1785606590608957778,92609744654903,69423487587,0
/sensing/lidar/top/pointcloud_raw_ex,69423487587,1785606590619984276,92609755681996,69423487587,245365
/localization/kinematic_state,69473487587,1785606590658411641,92609794108869,69473487587,0
/localization/kinematic_state,69523487588,1785606590709289309,92609844986508,69523487588,0
/sensing/lidar/top/pointcloud_raw_ex,69523487588,1785606590720632970,92609856330429,69523487588,246581
/localization/kinematic_state,69573487589,1785606590765427741,92609901124940,69573487589,0
/localization/kinematic_state,69623487590,1785606590811931095,92609947628404,69623487590,0
/sensing/lidar/top/pointcloud_raw_ex,69623487590,1785606590823509997,92609959207847,69623487590,240309
/localization/pose_estimator/pose_with_covariance,69623487590,1785606590829612277,92609965309839,69623487590,0
/localization/kinematic_state,69673487590,1785606590862260508,92609997957752,69673487590,0
/localization/kinematic_state,69723487591,1785606590910426726,92610046124176,69723487591,0
/sensing/lidar/top/pointcloud_raw_ex,69723487591,1785606590922003820,92610057701449,69723487591,241557
/localization/kinematic_state,69773487592,1785606590962571664,92610098268984,69773487592,0
/localization/pose_estimator/pose_with_covariance,69623487590,1785606591012906122,92610148603596,69823487593,0
/localization/kinematic_state,69823487593,1785606591021563393,92610157260726,69823487593,0
/sensing/lidar/top/pointcloud_raw_ex,69823487593,1785606591022588787,92610158286376,69823487593,240117
/localization/kinematic_state,69873487593,1785606591061971352,92610197668635,69873487593,0
/localization/kinematic_state,69923487594,1785606591111389314,92610247086875,69923487594,0
/sensing/lidar/top/pointcloud_raw_ex,69923487594,1785606591124606638,92610260304250,69923487594,242229
/localization/kinematic_state,69973487595,1785606591164701771,92610300399604,69973487595,0
/localization/kinematic_state,70023487596,1785606591208295466,92610343992485,70023487596,0
/sensing/lidar/top/pointcloud_raw_ex,70023487596,1785606591219111091,92610354808760,70023487596,241109
/localization/pose_estimator/pose_with_covariance,70023487596,1785606591227287728,92610362985323,70023487596,0
/localization/kinematic_state,70073487596,1785606591260001735,92610395698944,70073487596,0
/localization/kinematic_state,70123487597,1785606591309085458,92610444782785,70123487597,0
/sensing/lidar/top/pointcloud_raw_ex,70123487597,1785606591318695755,92610454393377,70123487597,242261
/localization/kinematic_state,70173487598,1785606591359025914,92610494723061,70173487598,0
/localization/kinematic_state,70223487599,1785606591408425945,92610544123164,70223487599,0
/sensing/lidar/top/pointcloud_raw_ex,70223487599,1785606591417310459,92610553008186,70223487599,240725
/localization/pose_estimator/pose_with_covariance,70023487596,1785606591428281678,92610563979065,70223487599,0
/localization/pose_estimator/pose_with_covariance,70223487599,1785606591432633714,92610568331511,70223487599,0
/localization/kinematic_state,70273487599,1785606591458999542,92610594696707,70273487599,0
/localization/kinematic_state,70323487600,1785606591508685447,92610644382694,70323487600,0
/sensing/lidar/top/pointcloud_raw_ex,70323487600,1785606591528427877,92610664125444,70323487600,239509
/localization/kinematic_state,70373487601,1785606591560523041,92610696220286,70373487601,0
/localization/kinematic_state,70423487602,1785606591608922983,92610744620097,70423487602,0
/localization/pose_estimator/pose_with_covariance,70223487599,1785606591613822766,92610749519690,70423487602,0
/sensing/lidar/top/pointcloud_raw_ex,70423487602,1785606591622222811,92610757920099,70423487602,240053
/localization/pose_estimator/pose_with_covariance,70423487602,1785606591631370715,92610767068092,70423487602,0
/localization/kinematic_state,70473487602,1785606591667927236,92610803624463,70473487602,0
/localization/kinematic_state,70523487603,1785606591710115256,92610845812694,70523487603,0
/sensing/lidar/top/pointcloud_raw_ex,70523487603,1785606591718708323,92610854405880,70523487603,242773
/localization/pose_estimator/pose_with_covariance,70523487603,1785606591723480398,92610859177968,70523487603,0
/localization/kinematic_state,70573487604,1785606591760483666,92610896180866,70573487604,0
/localization/kinematic_state,70623487604,1785606591815536130,92610951233413,70623487604,0
/sensing/lidar/top/pointcloud_raw_ex,70623487604,1785606591820267020,92610955964723,70623487604,240789
/localization/kinematic_state,70673487605,1785606591860573762,92610996271058,70673487605,0
/localization/pose_estimator/pose_with_covariance,70523487603,1785606591911553804,92611047251154,70723487606,0
/localization/kinematic_state,70723487606,1785606591912258320,92611047955407,70723487606,0
/localization/pose_estimator/pose_with_covariance,70723487606,1785606591928204778,92611063902007,70723487606,0
/localization/kinematic_state,70773487607,1785606591966502402,92611102199683,70773487607,0
/localization/kinematic_state,70823487607,1785606592008411992,92611144109027,70823487607,0
/sensing/lidar/top/pointcloud_raw_ex,70823487607,1785606592022146427,92611157843606,70823487607,240949
/localization/kinematic_state,70873487608,1785606592059056819,92611194753711,70873487608,0
/localization/kinematic_state,70923487609,1785606592108753526,92611244450912,70923487609,0
/localization/pose_estimator/pose_with_covariance,70723487606,1785606592114040126,92611249737640,70923487609,0
/sensing/lidar/top/pointcloud_raw_ex,70923487609,1785606592122672025,92611258369718,70923487609,242549
/localization/kinematic_state,70973487610,1785606592158370518,92611294067655,70973487610,0
/localization/kinematic_state,71023487610,1785606592211733416,92611347430858,71023487610,0
/sensing/lidar/top/pointcloud_raw_ex,71023487610,1785606592225004845,92611360702611,71023487610,244117
/localization/kinematic_state,71073487611,1785606592258434623,92611394131692,71073487611,0
/localization/kinematic_state,71123487612,1785606592308553807,92611444250957,71123487612,0
/sensing/lidar/top/pointcloud_raw_ex,71123487612,1785606592318567856,92611454265497,71123487612,242261
/localization/pose_estimator/pose_with_covariance,71123487612,1785606592327916584,92611463613775,71123487612,0
/localization/kinematic_state,71173487613,1785606592358833912,92611494531190,71173487613,0
/localization/kinematic_state,71223487613,1785606592409586407,92611545283764,71223487613,0
/sensing/lidar/top/pointcloud_raw_ex,71223487613,1785606592428364588,92611564061989,71223487613,243093
/localization/pose_estimator/pose_with_covariance,71223487613,1785606592441377132,92611577074271,71223487613,0
/localization/kinematic_state,71273487614,1785606592459085231,92611594782359,71273487614,0
/localization/kinematic_state,71323487615,1785606592509988228,92611645685324,71323487615,0
/sensing/lidar/top/pointcloud_raw_ex,71323487615,1785606592523944671,92611659642128,71323487615,240309
/localization/kinematic_state,71373487616,1785606592561302617,92611696999873,71373487616,0
/localization/kinematic_state,71423487616,1785606592611761766,92611747459127,71423487616,0
/localization/pose_estimator/pose_with_covariance,71223487613,1785606592615939683,92611751637295,71423487616,0
/localization/kinematic_state,71473487617,1785606592658435459,92611794132636,71473487617,0
/localization/kinematic_state,71523487618,1785606592709693832,92611845390960,71523487618,0
/sensing/lidar/top/pointcloud_raw_ex,71523487618,1785606592734240193,92611869938134,71523487618,240661
/localization/pose_estimator/pose_with_covariance,71523487618,1785606592746665173,92611882362426,71523487618,0
/localization/kinematic_state,71573487619,1785606592761577604,92611897274805,71573487619,0
/localization/kinematic_state,71623487619,1785606592810657026,92611946354273,71623487619,0
/sensing/lidar/top/pointcloud_raw_ex,71623487619,1785606592828575104,92611964272649,71623487619,243061
/localization/kinematic_state,71673487620,1785606592861763189,92611997460492,71673487620,0
/localization/kinematic_state,71723487621,1785606592911340547,92612047037980,71723487621,0
/sensing/lidar/top/pointcloud_raw_ex,71723487621,1785606592922094564,92612057792256,71723487621,243829
/localization/pose_estimator/pose_with_covariance,71523487618,1785606592924506832,92612060204247,71723487621,0
/localization/kinematic_state,71773487622,1785606592959482872,92612095180102,71773487622,0
/localization/kinematic_state,71823487622,1785606593011697084,92612147394320,71823487622,0
/localization/pose_estimator/pose_with_covariance,71623487619,1785606593016581658,92612152278862,71823487622,0
/sensing/lidar/top/pointcloud_raw_ex,71823487622,1785606593024041141,92612159738592,71823487622,244117
/localization/kinematic_state,71873487623,1785606593060640356,92612196337737,71873487623,0
/localization/kinematic_state,71923487624,1785606593119672262,92612255369485,71923487624,0
/sensing/lidar/top/pointcloud_raw_ex,71923487624,1785606593122128118,92612257825717,71923487624,240309
/localization/pose_estimator/pose_with_covariance,71923487624,1785606593128552457,92612264250100,71923487624,0
/localization/kinematic_state,71973487625,1785606593158775285,92612294472370,71973487625,0
/localization/kinematic_state,72023487625,1785606593208547471,92612344244553,72023487625,0
/sensing/lidar/top/pointcloud_raw_ex,72023487625,1785606593218358524,92612354056223,72023487625,242581
/localization/kinematic_state,72073487626,1785606593259388931,92612395086101,72073487626,0
/localization/kinematic_state,72123487627,1785606593310253200,92612445950314,72123487627,0
/localization/pose_estimator/pose_with_covariance,71923487624,1785606593316710577,92612452407906,72123487627,0
/sensing/lidar/top/pointcloud_raw_ex,72123487627,1785606593321245759,92612456943592,72123487627,240373
/localization/kinematic_state,72173487628,1785606593366074631,92612501772213,72173487628,0
/localization/kinematic_state,72223487628,1785606593408569584,92612544266795,72223487628,0
/sensing/lidar/top/pointcloud_raw_ex,72223487628,1785606593420435539,92612556133295,72223487628,239701
/localization/kinematic_state,72273487629,1785606593460778056,92612596475389,72273487629,0
/localization/kinematic_state,72323487630,1785606593509658907,92612645356094,72323487630,0
/sensing/lidar/top/pointcloud_raw_ex,72323487630,1785606593518026338,92612653723995,72323487630,240725
/localization/kinematic_state,72373487631,1785606593561113700,92612696810882,72373487631,0
/localization/kinematic_state,72423487631,1785606593608741436,92612744438562,72423487631,0
/sensing/lidar/top/pointcloud_raw_ex,72423487631,1785606593619985447,92612755683064,72423487631,241397
/localization/pose_estimator/pose_with_covariance,72423487631,1785606593627705302,92612763402841,72423487631,0
/localization/kinematic_state,72473487632,1785606593663047914,92612798745098,72473487632,0
/localization/kinematic_state,72523487633,1785606593709169928,92612844867111,72523487633,0
/sensing/lidar/top/pointcloud_raw_ex,72523487633,1785606593721918275,92612857615985,72523487633,239605
/localization/pose_estimator/pose_with_covariance,72523487633,1785606593729574414,92612865271883,72523487633,0
/localization/kinematic_state,72573487634,1785606593762449905,92612898147332,72573487634,0
/localization/kinematic_state,72623487634,1785606593811377997,92612947075331,72623487634,0
/sensing/lidar/top/pointcloud_raw_ex,72623487634,1785606593819823134,92612955520744,72623487634,244885
/localization/kinematic_state,72673487635,1785606593858884045,92612994581190,72673487635,0
/localization/kinematic_state,72723487636,1785606593910347707,92613046044806,72723487636,0
/sensing/lidar/top/pointcloud_raw_ex,72723487636,1785606593920883643,92613056581006,72723487636,242133
/localization/pose_estimator/pose_with_covariance,72523487633,1785606593923005025,92613058702425,72723487636,0
/localization/kinematic_state,72773487637,1785606593959963606,92613095660914,72773487637,0
/localization/kinematic_state,72823487637,1785606594016416425,92613152113731,72823487637,0
/sensing/lidar/top/pointcloud_raw_ex,72823487637,1785606594027353252,92613163050631,72823487637,243317
/localization/kinematic_state,72873487638,1785606594066553855,92613202251091,72873487638,0
/localization/kinematic_state,72923487639,1785606594110099087,92613245796480,72923487639,0
/localization/pose_estimator/pose_with_covariance,72723487636,1785606594116323345,92613252020686,72923487639,0
/sensing/lidar/top/pointcloud_raw_ex,72923487639,1785606594125492039,92613261189925,72923487639,241749
/localization/kinematic_state,72973487640,1785606594168822127,92613304519642,72973487640,0
/localization/kinematic_state,73023487640,1785606594209735648,92613345432745,73023487640,0
/sensing/lidar/top/pointcloud_raw_ex,73023487640,1785606594222481121,92613358178780,73023487640,242005
/localization/pose_estimator/pose_with_covariance,73023487640,1785606594227216867,92613362914573,73023487640,0
/localization/kinematic_state,73073487641,1785606594259750076,92613395447565,73073487641,0
/localization/kinematic_state,73123487642,1785606594309177135,92613444874437,73123487642,0
/sensing/lidar/top/pointcloud_raw_ex,73123487642,1785606594318793074,92613454490650,73123487642,239157
/localization/pose_estimator/pose_with_covariance,73123487642,1785606594326577164,92613462274564,73123487642,0
/localization/kinematic_state,73173487642,1785606594361382109,92613497079483,73173487642,0
/localization/kinematic_state,73223487643,1785606594411107255,92613546804493,73223487643,0
/sensing/lidar/top/pointcloud_raw_ex,73223487643,1785606594422143658,92613557841156,73223487643,240917
/localization/kinematic_state,73273487644,1785606594461046502,92613596743818,73273487644,0
/localization/kinematic_state,73323487645,1785606594515818875,92613651516136,73323487645,0
/sensing/lidar/top/pointcloud_raw_ex,73323487645,1785606594518077056,92613653774647,73323487645,241461
/localization/pose_estimator/pose_with_covariance,73123487642,1785606594518965334,92613654662337,73323487645,0
/localization/kinematic_state,73373487645,1785606594560945954,92613696643165,73373487645,0
/localization/kinematic_state,73423487646,1785606594612369529,92613748066672,73423487646,0
/sensing/lidar/top/pointcloud_raw_ex,73423487646,1785606594617483760,92613753181116,73423487646,243413
/localization/kinematic_state,73473487647,1785606594659950543,92613795647740,73473487647,0
/localization/kinematic_state,73523487648,1785606594712380783,92613848078032,73523487648,0
/sensing/lidar/top/pointcloud_raw_ex,73523487648,1785606594718953888,92613854651431,73523487648,241077
/localization/pose_estimator/pose_with_covariance,73523487648,1785606594726112298,92613861809750,73523487648,0
/localization/kinematic_state,73573487648,1785606594759673495,92613895370823,73573487648,0
/localization/kinematic_state,73623487649,1785606594809799886,92613945497097,73623487649,0
/sensing/lidar/top/pointcloud_raw_ex,73623487649,1785606594820740387,92613956438215,73623487649,242453
/localization/kinematic_state,73673487650,1785606594858989528,92613994686695,73673487650,0
/localization/kinematic_state,73723487651,1785606594908624991,92614044322218,73723487651,0
/localization/pose_estimator/pose_with_covariance,73523487648,1785606594918660522,92614054358245,73723487651,0
/localization/kinematic_state,73773487651,1785606594959023849,92614094720999,73773487651,0
/localization/kinematic_state,73823487652,1785606595008983691,92614144680751,73823487652,0
/sensing/lidar/top/pointcloud_raw_ex,73823487652,1785606595029049847,92614164747738,73823487652,239861
/localization/pose_estimator/pose_with_covariance,73823487652,1785606595038492141,92614174189701,73823487652,0
/localization/kinematic_state,73873487653,1785606595061601379,92614197298786,73873487653,0
/localization/kinematic_state,73923487654,1785606595109033763,92614244730911,73923487654,0
/sensing/lidar/top/pointcloud_raw_ex,73923487654,1785606595121186893,92614256884626,73923487654,241205
/localization/kinematic_state,73973487654,1785606595160412117,92614296109394,73973487654,0
/localization/kinematic_state,74023487655,1785606595209865218,92614345562322,74023487655,0
/localization/pose_estimator/pose_with_covariance,73823487652,1785606595214970828,92614350667997,74023487655,0
/sensing/lidar/top/pointcloud_raw_ex,74023487655,1785606595224329209,92614360026796,74023487655,239797
/localization/pose_estimator/pose_with_covariance,74023487655,1785606595229587673,92614365284757,74023487655,0
/localization/kinematic_state,74073487656,1785606595260441080,92614396137973,74073487656,0
/localization/kinematic_state,74123487657,1785606595308420268,92614444117358,74123487657,0
/sensing/lidar/top/pointcloud_raw_ex,74123487657,1785606595324469668,92614460167371,74123487657,240085
/localization/kinematic_state,74173487657,1785606595361080837,92614496778127,74173487657,0
/localization/kinematic_state,74223487658,1785606595409347435,92614545044715,74223487658,0
/localization/pose_estimator/pose_with_covariance,74023487655,1785606595419901275,92614555598670,74223487658,0
/sensing/lidar/top/pointcloud_raw_ex,74223487658,1785606595421409769,92614557107124,74223487658,242741
/localization/kinematic_state,74273487659,1785606595463282688,92614598980025,74273487659,0
/localization/kinematic_state,74323487660,1785606595510231281,92614645928278,74323487660,0
/sensing/lidar/top/pointcloud_raw_ex,74323487660,1785606595526470307,92614662167827,74323487660,244917
/localization/pose_estimator/pose_with_covariance,74323487660,1785606595535873837,92614671571544,74323487660,0
/localization/kinematic_state,74373487660,1785606595560880903,92614696578226,74373487660,0
/localization/kinematic_state,74423487661,1785606595609238207,92614744935610,74423487661,0
/sensing/lidar/top/pointcloud_raw_ex,74423487661,1785606595625558346,92614761256007,74423487661,245205
/localization/kinematic_state,74473487662,1785606595663385815,92614799083231,74473487662,0
/localization/pose_estimator/pose_with_covariance,74323487660,1785606595715898173,92614851595705,74523487663,0
/sensing/lidar/top/pointcloud_raw_ex,74523487663,1785606595717684656,92614853381879,74523487663,241845
/localization/kinematic_state,74523487663,1785606595717762394,92614853459273,74523487663,0
/localization/kinematic_state,74573487663,1785606595759363782,92614895061227,74573487663,0
/localization/kinematic_state,74623487664,1785606595809850136,92614945547357,74623487664,0
/localization/pose_estimator/pose_with_covariance,74423487661,1785606595813525072,92614949222464,74623487664,0
/sensing/lidar/top/pointcloud_raw_ex,74623487664,1785606595821341994,92614957039442,74623487664,241365
/localization/kinematic_state,74673487665,1785606595861105130,92614996802442,74673487665,0
/localization/kinematic_state,74723487666,1785606595909909376,92615045606946,74723487666,0
/sensing/lidar/top/pointcloud_raw_ex,74723487666,1785606595923399344,92615059096997,74723487666,240405
/localization/kinematic_state,74773487666,1785606595959964997,92615095662227,74773487666,0
/localization/kinematic_state,74823487667,1785606596008704412,92615144401550,74823487667,0
/sensing/lidar/top/pointcloud_raw_ex,74823487667,1785606596026878576,92615162576258,74823487667,240789
/localization/pose_estimator/pose_with_covariance,74823487667,1785606596032377499,92615168075174,74823487667,0
/localization/kinematic_state,74873487668,1785606596059520060,92615195217270,74873487668,0
/localization/kinematic_state,74923487669,1785606596112472124,92615248169237,74923487669,0
/sensing/lidar/top/pointcloud_raw_ex,74923487669,1785606596125707823,92615261405221,74923487669,240725
/localization/kinematic_state,74973487669,1785606596159083776,92615294780896,74973487669,0
/localization/kinematic_state,75023487670,1785606596209394997,92615345092315,75023487670,0
/localization/pose_estimator/pose_with_covariance,74823487667,1785606596214582813,92615350280284,75023487670,0
/sensing/lidar/top/pointcloud_raw_ex,75023487670,1785606596219049436,92615354747026,75023487670,240725
/localization/kinematic_state,75073487671,1785606596260118709,92615395816244,75073487671,0
/localization/kinematic_state,75123487672,1785606596309897678,92615445594792,75123487672,0
/sensing/lidar/top/pointcloud_raw_ex,75123487672,1785606596327414326,92615463111688,75123487672,242165
/localization/kinematic_state,75173487672,1785606596358551063,92615494248196,75173487672,0
/localization/kinematic_state,75223487673,1785606596408581677,92615544279116,75223487673,0
/sensing/lidar/top/pointcloud_raw_ex,75223487673,1785606596419002732,92615554700584,75223487673,243669
/localization/kinematic_state,75273487674,1785606596458639810,92615594337002,75273487674,0
/localization/kinematic_state,75323487675,1785606596508419517,92615644116521,75323487675,0
/localization/kinematic_state,75373487675,1785606596558655165,92615694352216,75373487675,0
/localization/kinematic_state,75423487676,1785606596609062638,92615744759840,75423487676,0
/sensing/lidar/top/pointcloud_raw_ex,75423487676,1785606596622605244,92615758302881,75423487676,242677
/localization/kinematic_state,75473487677,1785606596659347184,92615795044257,75473487677,0
/localization/kinematic_state,75523487678,1785606596713345407,92615849042436,75523487678,0
/sensing/lidar/top/pointcloud_raw_ex,75523487678,1785606596729910004,92615865607023,75523487678,243093
/localization/kinematic_state,75573487678,1785606596759232931,92615894930187,75573487678,0
/localization/kinematic_state,75623487679,1785606596809530593,92615945227847,75623487679,0
/sensing/lidar/top/pointcloud_raw_ex,75623487679,1785606596818865145,92615954562871,75623487679,240309
/localization/pose_estimator/pose_with_covariance,75623487679,1785606596826025639,92615961723059,75623487679,0
/localization/kinematic_state,75673487680,1785606596858836827,92615994533722,75673487680,0
/localization/kinematic_state,75723487680,1785606596908501213,92616044198313,75723487680,0
/sensing/lidar/top/pointcloud_raw_ex,75723487680,1785606596918439503,92616054137358,75723487680,242037
/localization/kinematic_state,75773487681,1785606596958511292,92616094208369,75773487681,0
/localization/pose_estimator/pose_with_covariance,75623487679,1785606597018580916,92616154278593,75823487682,0
/localization/kinematic_state,75823487682,1785606597018939466,92616154636557,75823487682,0
/sensing/lidar/top/pointcloud_raw_ex,75823487682,1785606597027866547,92616163564215,75823487682,241493
/localization/pose_estimator/pose_with_covariance,75823487682,1785606597036140513,92616171837760,75823487682,0
/localization/kinematic_state,75873487683,1785606597058538109,92616194235092,75873487683,0
/localization/kinematic_state,75923487683,1785606597111987592,92616247684877,75923487683,0
/sensing/lidar/top/pointcloud_raw_ex,75923487683,1785606597127118011,92616262815993,75923487683,241301
/localization/kinematic_state,75973487684,1785606597159297083,92616294994380,75973487684,0
/localization/kinematic_state,76023487685,1785606597208485589,92616344182734,76023487685,0
/localization/pose_estimator/pose_with_covariance,75823487682,1785606597218471105,92616354168554,76023487685,0
/sensing/lidar/top/pointcloud_raw_ex,76023487685,1785606597219648820,92616355345926,76023487685,241653
/localization/pose_estimator/pose_with_covariance,76023487685,1785606597223558173,92616359255818,76023487685,0
/localization/kinematic_state,76073487686,1785606597259170955,92616394867963,76073487686,0
/localization/kinematic_state,76123487686,1785606597308474543,92616444171590,76123487686,0
/sensing/lidar/top/pointcloud_raw_ex,76123487686,1785606597320109383,92616455806921,76123487686,241141
/localization/pose_estimator/pose_with_covariance,76123487686,1785606597332901701,92616468599008,76123487686,0
/localization/kinematic_state,76173487687,1785606597358956625,92616494653794,76173487687,0
/localization/kinematic_state,76223487688,1785606597411270059,92616546967484,76223487688,0
/sensing/lidar/top/pointcloud_raw_ex,76223487688,1785606597424357845,92616560055476,76223487688,244149
/localization/kinematic_state,76273487689,1785606597459067307,92616594764872,76273487689,0
/localization/kinematic_state,76323487689,1785606597508812626,92616644509981,76323487689,0
/localization/pose_estimator/pose_with_covariance,76123487686,1785606597519235222,92616654932818,76323487689,0
/sensing/lidar/top/pointcloud_raw_ex,76323487689,1785606597521647889,92616657345259,76323487689,242869
/localization/kinematic_state,76373487690,1785606597559488577,92616695185612,76373487690,0
/localization/kinematic_state,76423487691,1785606597611598442,92616747295953,76423487691,0
/sensing/lidar/top/pointcloud_raw_ex,76423487691,1785606597624022957,92616759720764,76423487691,242197
/localization/pose_estimator/pose_with_covariance,76423487691,1785606597634927023,92616770624516,76423487691,0
/localization/kinematic_state,76473487692,1785606597659963073,92616795660291,76473487692,0
/localization/kinematic_state,76523487692,1785606597708323676,92616844020768,76523487692,0
/sensing/lidar/top/pointcloud_raw_ex,76523487692,1785606597721228868,92616856926537,76523487692,239061
/localization/pose_estimator/pose_with_covariance,76523487692,1785606597731944457,92616867641872,76523487692,0
/localization/kinematic_state,76573487693,1785606597758209138,92616893906113,76573487693,0
/localization/kinematic_state,76623487694,1785606597816118859,92616951816119,76623487694,0
/sensing/lidar/top/pointcloud_raw_ex,76623487694,1785606597823424588,92616959121897,76623487694,241909
/localization/pose_estimator/pose_with_covariance,76623487694,1785606597833905600,92616969602794,76623487694,0
/localization/kinematic_state,76673487695,1785606597863007677,92616998705201,76673487695,0
/localization/kinematic_state,76723487695,1785606597911077081,92617046774278,76723487695,0
/sensing/lidar/top/pointcloud_raw_ex,76723487695,1785606597922723917,92617058421437,76723487695,241973
/localization/pose_estimator/pose_with_covariance,76723487695,1785606597936212285,92617071909913,76723487695,0
/localization/kinematic_state,76773487696,1785606597960224316,92617095921546,76773487696,0
/localization/kinematic_state,76823487697,1785606598013281120,92617148978340,76823487697,0
/sensing/lidar/top/pointcloud_raw_ex,76823487697,1785606598020069526,92617155767269,76823487697,242869
/localization/pose_estimator/pose_with_covariance,76823487697,1785606598030149487,92617165847115,76823487697,0
/localization/kinematic_state,76873487698,1785606598060727622,92617196425032,76873487698,0
/localization/kinematic_state,76923487698,1785606598109878039,92617245609714,76923487698,0
/sensing/lidar/top/pointcloud_raw_ex,76923487698,1785606598121743235,92617257440893,76923487698,240725
/localization/pose_estimator/pose_with_covariance,76923487698,1785606598143113257,92617278810839,76923487698,0
/localization/kinematic_state,76973487699,1785606598160136024,92617295833477,76973487699,0
/localization/kinematic_state,77023487700,1785606598213596992,92617349294216,77023487700,0
/sensing/lidar/top/pointcloud_raw_ex,77023487700,1785606598220361585,92617356059297,77023487700,241365
/localization/pose_estimator/pose_with_covariance,77023487700,1785606598227283850,92617362980912,77023487700,0
/localization/kinematic_state,77073487701,1785606598265293274,92617400990600,77073487701,0
/localization/kinematic_state,77123487701,1785606598309285306,92617444982549,77123487701,0
/sensing/lidar/top/pointcloud_raw_ex,77123487701,1785606598322216498,92617457913999,77123487701,241205
/localization/pose_estimator/pose_with_covariance,77123487701,1785606598342874178,92617478571365,77123487701,0
/localization/kinematic_state,77173487702,1785606598363949579,92617499646723,77173487702,0
/localization/kinematic_state,77223487703,1785606598408894053,92617544591303,77223487703,0
/sensing/lidar/top/pointcloud_raw_ex,77223487703,1785606598419836335,92617555534151,77223487703,237845
/localization/kinematic_state,77273487704,1785606598469877375,92617605574828,77273487704,0
/localization/kinematic_state,77323487704,1785606598514247518,92617649944818,77323487704,0
/localization/pose_estimator/pose_with_covariance,77123487701,1785606598521818347,92617657516026,77323487704,0
/sensing/lidar/top/pointcloud_raw_ex,77323487704,1785606598524103155,92617659800595,77323487704,243637
/localization/kinematic_state,77373487705,1785606598559382730,92617695079855,77373487705,0
/localization/kinematic_state,77423487706,1785606598608804771,92617744501952,77423487706,0
/sensing/lidar/top/pointcloud_raw_ex,77423487706,1785606598618080818,92617753778244,77423487706,238037
/localization/pose_estimator/pose_with_covariance,77423487706,1785606598628791314,92617764488698,77423487706,0
/localization/kinematic_state,77473487707,1785606598658552007,92617794249298,77473487707,0
/localization/kinematic_state,77523487707,1785606598714395378,92617850092692,77523487707,0
/sensing/lidar/top/pointcloud_raw_ex,77523487707,1785606598723012133,92617858709603,77523487707,239253
/localization/kinematic_state,77573487708,1785606598768780284,92617904477496,77573487708,0
/localization/kinematic_state,77623487709,1785606598811569733,92617947266864,77623487709,0
/sensing/lidar/top/pointcloud_raw_ex,77623487709,1785606598820951472,92617956649103,77623487709,241877
/localization/kinematic_state,77673487710,1785606598861461039,92617997158176,77673487710,0
/localization/kinematic_state,77723487710,1785606598909638438,92618045335509,77723487710,0
/localization/pose_estimator/pose_with_covariance,77523487707,1785606598916403941,92618052101074,77723487710,0
/sensing/lidar/top/pointcloud_raw_ex,77723487710,1785606598920208412,92618055905926,77723487710,242453
/localization/kinematic_state,77773487711,1785606598960014993,92618095712467,77773487711,0
/localization/kinematic_state,77823487712,1785606599011448742,92618147145987,77823487712,0
/sensing/lidar/top/pointcloud_raw_ex,77823487712,1785606599023492654,92618159190364,77823487712,241141
/localization/kinematic_state,77873487713,1785606599060239797,92618195937120,77873487713,0
/localization/kinematic_state,77923487713,1785606599109465475,92618245163016,77923487713,0
/sensing/lidar/top/pointcloud_raw_ex,77923487713,1785606599120344040,92618256041769,77923487713,243029
/localization/kinematic_state,77973487714,1785606599158552690,92618294249738,77973487714,0
/localization/kinematic_state,78023487715,1785606599222136423,92618357833768,78023487715,0
/sensing/lidar/top/pointcloud_raw_ex,78023487715,1785606599222732904,92618358429835,78023487715,243285
/localization/kinematic_state,78073487715,1785606599263383945,92618399081243,78073487715,0
/localization/kinematic_state,78123487716,1785606599313274400,92618448971649,78123487716,0
/sensing/lidar/top/pointcloud_raw_ex,78123487716,1785606599324932202,92618460629659,78123487716,240309
/localization/pose_estimator/pose_with_covariance,78123487716,1785606599339664708,92618475362119,78123487716,0
/localization/kinematic_state,78173487717,1785606599358481263,92618494178369,78173487717,0
/localization/kinematic_state,78223487718,1785606599408821396,92618544518640,78223487718,0
/sensing/lidar/top/pointcloud_raw_ex,78223487718,1785606599418885886,92618554583384,78223487718,245781
/localization/pose_estimator/pose_with_covariance,78223487718,1785606599438382047,92618574079251,78223487718,0
/localization/kinematic_state,78273487718,1785606599458739610,92618594436595,78273487718,0
/localization/kinematic_state,78323487719,1785606599509142513,92618644839555,78323487719,0
/sensing/lidar/top/pointcloud_raw_ex,78323487719,1785606599521598409,92618657295633,78323487719,240949
/localization/kinematic_state,78373487720,1785606599559937992,92618695634955,78373487720,0
/localization/kinematic_state,78423487721,1785606599611290197,92618746987670,78423487721,0
/localization/pose_estimator/pose_with_covariance,78223487718,1785606599617733104,92618753430326,78423487721,0
/sensing/lidar/top/pointcloud_raw_ex,78423487721,1785606599627221927,92618762919403,78423487721,241909
/localization/pose_estimator/pose_with_covariance,78423487721,1785606599640583349,92618776280518,78423487721,0
/localization/kinematic_state,78473487721,1785606599665007651,92618800704888,78473487721,0
/localization/kinematic_state,78523487722,1785606599709348218,92618845045400,78523487722,0
/sensing/lidar/top/pointcloud_raw_ex,78523487722,1785606599722153164,92618857850598,78523487722,241301
/localization/pose_estimator/pose_with_covariance,78523487722,1785606599726052342,92618861749767,78523487722,0
/localization/kinematic_state,78573487723,1785606599759139616,92618894837087,78573487723,0
/localization/kinematic_state,78623487724,1785606599811515288,92618947212651,78623487724,0
/sensing/lidar/top/pointcloud_raw_ex,78623487724,1785606599820438129,92618956135804,78623487724,240437
/localization/kinematic_state,78673487724,1785606599858812094,92618994509271,78673487724,0
/localization/kinematic_state,78723487725,1785606599908841063,92619044538255,78723487725,0
/sensing/lidar/top/pointcloud_raw_ex,78723487725,1785606599920402980,92619056100841,78723487725,243829
/localization/pose_estimator/pose_with_covariance,78523487722,1785606599921377654,92619057074950,78723487725,0
/localization/pose_estimator/pose_with_covariance,78723487725,1785606599925460618,92619061158092,78723487725,0
/localization/kinematic_state,78773487726,1785606599967457108,92619103154365,78773487726,0
/localization/kinematic_state,78823487727,1785606600009200915,92619144898532,78823487727,0
/sensing/lidar/top/pointcloud_raw_ex,78823487727,1785606600024761637,92619160459281,78823487727,244821
/localization/pose_estimator/pose_with_covariance,78823487727,1785606600044456532,92619180154174,78823487727,0
/localization/kinematic_state,78873487727,1785606600059156578,92619194853756,78873487727,0
/localization/kinematic_state,78923487728,1785606600112384260,92619248081543,78923487728,0
/sensing/lidar/top/pointcloud_raw_ex,78923487728,1785606600123745315,92619259442974,78923487728,242645
/localization/kinematic_state,78973487729,1785606600163434392,92619299131601,78973487729,0
/localization/kinematic_state,79023487730,1785606600209096654,92619344793750,79023487730,0
/localization/pose_estimator/pose_with_covariance,78823487727,1785606600212257839,92619347955295,79023487730,0
/sensing/lidar/top/pointcloud_raw_ex,79023487730,1785606600225162354,92619360860063,79023487730,245109
/localization/kinematic_state,79073487730,1785606600259272635,92619394970048,79073487730,0
/localization/kinematic_state,79123487731,1785606600309593596,92619445290722,79123487731,0
/sensing/lidar/top/pointcloud_raw_ex,79123487731,1785606600323639801,92619459337385,79123487731,243093
/localization/pose_estimator/pose_with_covariance,79123487731,1785606600334376874,92619470074299,79123487731,0
/localization/kinematic_state,79173487732,1785606600361090854,92619496788029,79173487732,0
/localization/kinematic_state,79223487733,1785606600409649568,92619545346953,79223487733,0
/localization/kinematic_state,79273487733,1785606600461057730,92619596754985,79273487733,0
/localization/kinematic_state,79323487734,1785606600510010337,92619645707637,79323487734,0
/sensing/lidar/top/pointcloud_raw_ex,79323487734,1785606600520023991,92619655721480,79323487734,238165
/localization/pose_estimator/pose_with_covariance,79123487731,1785606600523743886,92619659441242,79323487734,0
/localization/kinematic_state,79373487735,1785606600563267803,92619698965168,79373487735,0
/localization/kinematic_state,79423487736,1785606600609421746,92619745119101,79423487736,0
/sensing/lidar/top/pointcloud_raw_ex,79423487736,1785606600621503624,92619757201372,79423487736,241589
/localization/pose_estimator/pose_with_covariance,79423487736,1785606600628639310,92619764336754,79423487736,0
/localization/kinematic_state,79473487736,1785606600663138759,92619798835944,79473487736,0
/localization/kinematic_state,79523487737,1785606600710821305,92619846518550,79523487737,0
/sensing/lidar/top/pointcloud_raw_ex,79523487737,1785606600718745557,92619854443397,79523487737,241237
/localization/kinematic_state,79573487738,1785606600763281248,92619898978600,79573487738,0
/localization/kinematic_state,79623487739,1785606600810508046,92619946205481,79623487739,0
/localization/pose_estimator/pose_with_covariance,79423487736,1785606600811160670,92619946857767,79623487739,0
/sensing/lidar/top/pointcloud_raw_ex,79623487739,1785606600826876038,92619962573961,79623487739,240501
/localization/kinematic_state,79673487739,1785606600866757776,92620002455066,79673487739,0
/localization/kinematic_state,79723487740,1785606600915379874,92620051077177,79723487740,0
/sensing/lidar/top/pointcloud_raw_ex,79723487740,1785606600924687710,92620060385339,79723487740,240981
/localization/pose_estimator/pose_with_covariance,79723487740,1785606600935351760,92620071049385,79723487740,0
/localization/kinematic_state,79773487741,1785606600958365764,92620094062985,79773487741,0
/localization/kinematic_state,79823487742,1785606601010536075,92620146233111,79823487742,0
/sensing/lidar/top/pointcloud_raw_ex,79823487742,1785606601025603335,92620161301027,79823487742,244309
/localization/pose_estimator/pose_with_covariance,79823487742,1785606601031537560,92620167235010,79823487742,0
/localization/kinematic_state,79873487742,1785606601060536409,92620196233645,79873487742,0
/localization/kinematic_state,79923487743,1785606601120488187,92620256185634,79923487743,0
/localization/pose_estimator/pose_with_covariance,79923487743,1785606601130408097,92620266105650,79923487743,0
/localization/kinematic_state,79973487744,1785606601158176826,92620293873697,79973487744,0
/localization/kinematic_state,80023487745,1785606601208488781,92620344185721,80023487745,0
/sensing/lidar/top/pointcloud_raw_ex,80023487745,1785606601223722639,92620359420400,80023487745,242005
/localization/kinematic_state,80073487745,1785606601263565526,92620399263113,80073487745,0
/localization/kinematic_state,80123487746,1785606601310274693,92620445972090,80123487746,0
/localization/pose_estimator/pose_with_covariance,79923487743,1785606601317533494,92620453231075,80123487746,0
/sensing/lidar/top/pointcloud_raw_ex,80123487746,1785606601319883875,92620455581203,80123487746,241653
/localization/kinematic_state,80173487747,1785606601358453656,92620494150666,80173487747,0
/localization/kinematic_state,80223487748,1785606601413625245,92620549322285,80223487748,0
/sensing/lidar/top/pointcloud_raw_ex,80223487748,1785606601422486690,92620558184229,80223487748,239317
/localization/kinematic_state,80273487748,1785606601464767227,92620600464473,80273487748,0
/localization/kinematic_state,80323487749,1785606601510774475,92620646471859,80323487749,0
/sensing/lidar/top/pointcloud_raw_ex,80323487749,1785606601519517841,92620655215324,80323487749,240469
/localization/kinematic_state,80423487751,1785606601609550010,92620745247193,80423487751,0
/sensing/lidar/top/pointcloud_raw_ex,80423487751,1785606601619230010,92620754927821,80423487751,240757
/localization/pose_estimator/pose_with_covariance,80423487751,1785606601625926960,92620761624500,80423487751,0
/localization/kinematic_state,80473487751,1785606601659217472,92620794914663,80473487751,0
/localization/kinematic_state,80523487752,1785606601708192061,92620843889075,80523487752,0
/sensing/lidar/top/pointcloud_raw_ex,80523487752,1785606601719667116,92620855364350,80523487752,244565
/localization/kinematic_state,80573487753,1785606601758690812,92620894387922,80573487753,0
/localization/kinematic_state,80623487753,1785606601810365865,92620946062964,80623487753,0
/localization/pose_estimator/pose_with_covariance,80423487751,1785606601826214063,92620961911222,80623487753,0
/localization/kinematic_state,80673487754,1785606601859349380,92620995046450,80673487754,0
/localization/kinematic_state,80723487755,1785606601909626209,92621045323322,80723487755,0
/sensing/lidar/top/pointcloud_raw_ex,80723487755,1785606601922686731,92621058384376,80723487755,242357
/localization/kinematic_state,80773487756,1785606601958880786,92621094577882,80773487756,0
/localization/kinematic_state,80823487756,1785606602014507580,92621150205034,80823487756,0
/sensing/lidar/top/pointcloud_raw_ex,80823487756,1785606602021920687,92621157618560,80823487756,242901
/localization/kinematic_state,80873487757,1785606602061056034,92621196753364,80873487757,0
/localization/kinematic_state,80923487758,1785606602113348881,92621249046150,80923487758,0
/sensing/lidar/top/pointcloud_raw_ex,80923487758,1785606602123525819,92621259223565,80923487758,239029
/localization/pose_estimator/pose_with_covariance,80923487758,1785606602129261538,92621264959016,80923487758,0
/localization/kinematic_state,80973487759,1785606602162940578,92621298638055,80973487759,0
/localization/kinematic_state,81023487759,1785606602209714682,92621345411692,81023487759,0
/sensing/lidar/top/pointcloud_raw_ex,81023487759,1785606602221893765,92621357591301,81023487759,242037
/localization/pose_estimator/pose_with_covariance,81023487759,1785606602230900735,92621366597869,81023487759,0
/localization/kinematic_state,81123487761,1785606602314572805,92621450269979,81123487761,0
/sensing/lidar/top/pointcloud_raw_ex,81123487761,1785606602322440037,92621458137403,81123487761,244597
/localization/kinematic_state,81173487762,1785606602366381625,92621502079000,81173487762,0
/localization/kinematic_state,81223487762,1785606602408754050,92621544451099,81223487762,0
/localization/pose_estimator/pose_with_covariance,81023487759,1785606602418225801,92621553923330,81223487762,0
/sensing/lidar/top/pointcloud_raw_ex,81223487762,1785606602425559839,92621561257723,81223487762,243669
/localization/kinematic_state,81273487763,1785606602459812791,92621595509980,81273487763,0
/localization/kinematic_state,81323487764,1785606602508960100,92621644657224,81323487764,0
/sensing/lidar/top/pointcloud_raw_ex,81323487764,1785606602527524280,92621663222006,81323487764,242069
/localization/kinematic_state,81423487765,1785606602609570797,92621745267992,81423487765,0
/sensing/lidar/top/pointcloud_raw_ex,81423487765,1785606602622793283,92621758490940,81423487765,242933
/localization/kinematic_state,81473487766,1785606602659430119,92621795127494,81473487766,0
/localization/kinematic_state,81523487767,1785606602708475601,92621844172701,81523487767,0
/sensing/lidar/top/pointcloud_raw_ex,81523487767,1785606602723865242,92621859562823,81523487767,240373
/localization/pose_estimator/pose_with_covariance,81523487767,1785606602738689325,92621874386942,81523487767,0
/localization/kinematic_state,81573487768,1785606602760751914,92621896449101,81573487768,0
/localization/kinematic_state,81623487768,1785606602813421533,92621949118907,81623487768,0
/sensing/lidar/top/pointcloud_raw_ex,81623487768,1785606602821300825,92621956998356,81623487768,239669
/localization/kinematic_state,81673487769,1785606602859162109,92621994859310,81673487769,0
/localization/kinematic_state,81723487770,1785606602913459868,92622049157143,81723487770,0
/localization/pose_estimator/pose_with_covariance,81523487767,1785606602915410925,92622051108367,81723487770,0
/sensing/lidar/top/pointcloud_raw_ex,81723487770,1785606602925863376,92622061560979,81723487770,239829
/localization/kinematic_state,81773487771,1785606602963226072,92622098923374,81773487771,0
/localization/kinematic_state,81823487771,1785606603010852529,92622146549874,81823487771,0
/sensing/lidar/top/pointcloud_raw_ex,81823487771,1785606603029610604,92622165308399,81823487771,242773
/localization/pose_estimator/pose_with_covariance,81823487771,1785606603042718723,92622178416348,81823487771,0
/localization/kinematic_state,81873487772,1785606603058934957,92622194632265,81873487772,0
/localization/kinematic_state,81923487773,1785606603109469796,92622245166956,81923487773,0
/sensing/lidar/top/pointcloud_raw_ex,81923487773,1785606603129836274,92622265533839,81923487773,241973
/localization/kinematic_state,81973487774,1785606603159809681,92622295506807,81973487774,0
/localization/kinematic_state,82023487774,1785606603209071881,92622344769043,82023487774,0
/localization/pose_estimator/pose_with_covariance,81823487771,1785606603220435945,92622356133107,82023487774,0
/sensing/lidar/top/pointcloud_raw_ex,82023487774,1785606603222140604,92622357837975,82023487774,246357
/localization/kinematic_state,82073487775,1785606603261330937,92622397028076,82073487775,0
/localization/kinematic_state,82123487776,1785606603309192944,92622444890175,82123487776,0
/sensing/lidar/top/pointcloud_raw_ex,82123487776,1785606603321429160,92622457127018,82123487776,239669
/localization/pose_estimator/pose_with_covariance,82123487776,1785606603329585442,92622465283079,82123487776,0
/localization/kinematic_state,82173487777,1785606603361261700,92622496958932,82173487777,0
/localization/kinematic_state,82223487777,1785606603413436433,92622549133949,82223487777,0
/sensing/lidar/top/pointcloud_raw_ex,82223487777,1785606603424216445,92622559914395,82223487777,240565
/localization/kinematic_state,82273487778,1785606603459160402,92622594857605,82273487778,0
/localization/kinematic_state,82323487779,1785606603511268303,92622646965460,82323487779,0
/localization/pose_estimator/pose_with_covariance,82123487776,1785606603513039113,92622648736236,82323487779,0
/sensing/lidar/top/pointcloud_raw_ex,82323487779,1785606603522218318,92622657915897,82323487779,246037
/localization/kinematic_state,82373487780,1785606603560742362,92622696439618,82373487780,0
/localization/kinematic_state,82423487780,1785606603616284974,92622751982425,82423487780,0
/sensing/lidar/top/pointcloud_raw_ex,82423487780,1785606603623754282,92622759451908,82423487780,243701
/localization/kinematic_state,82473487781,1785606603659190241,92622794887558,82473487781,0
/localization/kinematic_state,82523487782,1785606603714335554,92622850032862,82523487782,0
/localization/pose_estimator/pose_with_covariance,82323487779,1785606603719275126,92622854972434,82523487782,0
/sensing/lidar/top/pointcloud_raw_ex,82523487782,1785606603719677355,92622855374310,82523487782,238197
/localization/pose_estimator/pose_with_covariance,82523487782,1785606603731720872,92622867418047,82523487782,0
/localization/kinematic_state,82573487783,1785606603758836479,92622894533696,82573487783,0
/localization/kinematic_state,82623487783,1785606603809451018,92622945147921,82623487783,0
/sensing/lidar/top/pointcloud_raw_ex,82623487783,1785606603831392166,92622967090015,82623487783,242901
/localization/kinematic_state,82673487784,1785606603858673223,92622994370549,82673487784,0
/localization/kinematic_state,82723487785,1785606603910324339,92623046021623,82723487785,0
/localization/pose_estimator/pose_with_covariance,82523487782,1785606603921430245,92623057127604,82723487785,0
/sensing/lidar/top/pointcloud_raw_ex,82723487785,1785606603923532780,92623059229801,82723487785,242805
/localization/pose_estimator/pose_with_covariance,82723487785,1785606603928141107,92623063838540,82723487785,0
/localization/kinematic_state,82773487786,1785606603966310822,92623102008081,82773487786,0
/localization/kinematic_state,82823487786,1785606604012172671,92623147869930,82823487786,0
/sensing/lidar/top/pointcloud_raw_ex,82823487786,1785606604018486937,92623154184579,82823487786,241781
/localization/kinematic_state,82873487787,1785606604060491543,92623196188867,82873487787,0
/localization/kinematic_state,82923487788,1785606604109588044,92623245285485,82873487787,0
/localization/pose_estimator/pose_with_covariance,82723487785,1785606604120681598,92623256378878,82923487788,0
/sensing/lidar/top/pointcloud_raw_ex,82923487788,1785606604127672116,92623263369809,82923487788,240949
/localization/kinematic_state,82973487789,1785606604160114075,92623295811528,82973487789,0
/localization/kinematic_state,83023487789,1785606604211757867,92623347455024,83023487789,0
/sensing/lidar/top/pointcloud_raw_ex,83023487789,1785606604220728571,92623356426028,83023487789,244981
/localization/kinematic_state,83073487790,1785606604259382802,92623395080042,83073487790,0
/localization/kinematic_state,83123487791,1785606604317469600,92623453167058,83123487791,0
/sensing/lidar/top/pointcloud_raw_ex,83123487791,1785606604324228975,92623459926728,83123487791,244245
/localization/kinematic_state,83173487791,1785606604362790697,92623498488139,83173487791,0
/localization/kinematic_state,83223487792,1785606604411635404,92623547332889,83223487792,0
/sensing/lidar/top/pointcloud_raw_ex,83223487792,1785606604417155522,92623552853356,83223487792,238773
/localization/kinematic_state,83273487793,1785606604458604977,92623594302048,83273487793,0
/localization/kinematic_state,83323487794,1785606604513454678,92623649151938,83323487794,0
/sensing/lidar/top/pointcloud_raw_ex,83323487794,1785606604516875608,92623652573010,83323487794,238421
/localization/kinematic_state,83373487794,1785606604558404518,92623694101671,83373487794,0
/localization/kinematic_state,83423487795,1785606604608654659,92623744351836,83423487795,0
/sensing/lidar/top/pointcloud_raw_ex,83423487795,1785606604621764610,92623757462043,83423487795,241429
/localization/kinematic_state,83473487796,1785606604663349641,92623799046872,83473487796,0
/localization/kinematic_state,83523487797,1785606604714740612,92623850437751,83523487797,0
/sensing/lidar/top/pointcloud_raw_ex,83523487797,1785606604720071326,92623855768749,83523487797,242581
/localization/kinematic_state,83573487797,1785606604759538368,92623895235520,83573487797,0
/localization/kinematic_state,83623487798,1785606604810023315,92623945720571,83623487798,0
/sensing/lidar/top/pointcloud_raw_ex,83623487798,1785606604821682861,92623957380364,83623487798,243381
/localization/kinematic_state,83673487799,1785606604858576226,92623994273268,83673487799,0
/localization/kinematic_state,83723487800,1785606604910015022,92624045712248,83723487800,0
/localization/kinematic_state,83773487800,1785606604960966392,92624096663777,83773487800,0
/localization/kinematic_state,83823487801,1785606605008990613,92624144687984,83823487801,0
/sensing/lidar/top/pointcloud_raw_ex,83823487801,1785606605021442538,92624157140164,83823487801,239189
/localization/pose_estimator/pose_with_covariance,83823487801,1785606605026833996,92624162531516,83823487801,0
/localization/kinematic_state,83873487802,1785606605059249420,92624194946630,83873487802,0
/localization/kinematic_state,83923487803,1785606605109113218,92624244810450,83923487803,0
/sensing/lidar/top/pointcloud_raw_ex,83923487803,1785606605118861016,92624254558749,83923487803,242293
/localization/kinematic_state,83973487803,1785606605163183536,92624298880965,83973487803,0
/localization/kinematic_state,84023487804,1785606605208547493,92624344244643,84023487804,0
/sensing/lidar/top/pointcloud_raw_ex,84023487804,1785606605217243440,92624352941008,84023487804,241717
/localization/pose_estimator/pose_with_covariance,83823487801,1785606605217338076,92624353034959,84023487804,0
/localization/kinematic_state,84073487805,1785606605258742261,92624394439329,84073487805,0
/localization/kinematic_state,84123487806,1785606605311385111,92624447082392,84123487806,0
/sensing/lidar/top/pointcloud_raw_ex,84123487806,1785606605321417871,92624457115576,84123487806,241493
/localization/kinematic_state,84173487806,1785606605358449063,92624494146091,84173487806,0
/localization/kinematic_state,84223487807,1785606605414661157,92624550358340,84223487807,0
/sensing/lidar/top/pointcloud_raw_ex,84223487807,1785606605420415214,92624556112755,84223487807,241813
/localization/pose_estimator/pose_with_covariance,84223487807,1785606605425850733,92624561548058,84223487807,0
/localization/kinematic_state,84273487808,1785606605460542616,92624596239737,84273487808,0
/localization/kinematic_state,84323487809,1785606605511015487,92624646712501,84323487809,0
/localization/kinematic_state,84373487809,1785606605560946394,92624696643473,84373487809,0
/localization/kinematic_state,84423487810,1785606605608934575,92624744631819,84423487810,0
/localization/pose_estimator/pose_with_covariance,84223487807,1785606605614595347,92624750292502,84423487810,0
/sensing/lidar/top/pointcloud_raw_ex,84423487810,1785606605624354365,92624760051990,84423487810,237333
/localization/kinematic_state,84473487811,1785606605658969149,92624794666357,84473487811,0
/localization/kinematic_state,84523487812,1785606605708967751,92624844664983,84523487812,0
/sensing/lidar/top/pointcloud_raw_ex,84523487812,1785606605721925552,92624857623133,84523487812,241045
/localization/kinematic_state,84573487812,1785606605763295121,92624898992478,84573487812,0
/localization/kinematic_state,84623487813,1785606605813090295,92624948787705,84623487813,0
/sensing/lidar/top/pointcloud_raw_ex,84623487813,1785606605821633362,92624957330932,84623487813,241141
/localization/kinematic_state,84673487814,1785606605858771537,92624994468836,84673487814,0
/localization/kinematic_state,84723487815,1785606605909755108,92625045452479,84723487815,0
/sensing/lidar/top/pointcloud_raw_ex,84723487815,1785606605931145996,92625066843769,84723487815,239957
/localization/kinematic_state,84773487815,1785606605962302317,92625097999603,84773487815,0
/localization/kinematic_state,84823487816,1785606606011062312,92625146759690,84823487816,0
/sensing/lidar/top/pointcloud_raw_ex,84823487816,1785606606042042762,92625177740761,84823487816,239285
/localization/kinematic_state,84873487817,1785606606058713993,92625194411193,84873487817,0
/localization/kinematic_state,84923487818,1785606606111237480,92625246934878,84923487818,0
/sensing/lidar/top/pointcloud_raw_ex,84923487818,1785606606124957449,92625260655192,84923487818,242997
/localization/kinematic_state,84973487818,1785606606160319873,92625296017288,84973487818,0
/localization/kinematic_state,85023487819,1785606606209418174,92625345115572,85023487819,0
/sensing/lidar/top/pointcloud_raw_ex,85023487819,1785606606222987544,92625358685079,85023487819,239765
/localization/kinematic_state,85073487820,1785606606261317290,92625397014535,85073487820,0
/localization/kinematic_state,85123487821,1785606606315383022,92625451080340,85123487821,0
/sensing/lidar/top/pointcloud_raw_ex,85123487821,1785606606331418320,92625467115974,85123487821,239861
/localization/kinematic_state,85173487821,1785606606362395337,92625498092695,85173487821,0
/localization/kinematic_state,85223487822,1785606606409925466,92625545622665,85223487822,0
/sensing/lidar/top/pointcloud_raw_ex,85223487822,1785606606418905156,92625554602762,85223487822,243925
/localization/kinematic_state,85273487823,1785606606460134579,92625595831911,85273487823,0
/localization/kinematic_state,85323487824,1785606606515588426,92625651285780,85323487824,0
/sensing/lidar/top/pointcloud_raw_ex,85323487824,1785606606518427019,92625654124739,85323487824,240021
/localization/kinematic_state,85373487824,1785606606558960036,92625694657208,85373487824,0
/localization/kinematic_state,85423487825,1785606606608940292,92625744637438,85423487825,0
/sensing/lidar/top/pointcloud_raw_ex,85423487825,1785606606618381507,92625754079211,85423487825,243765
/localization/kinematic_state,85473487826,1785606606660378797,92625796076078,85473487826,0
/localization/kinematic_state,85523487827,1785606606708539482,92625844236409,85523487827,0
/sensing/lidar/top/pointcloud_raw_ex,85523487827,1785606606719893677,92625855591368,85523487827,242741
/localization/kinematic_state,85573487827,1785606606758745779,92625894443018,85573487827,0
/localization/kinematic_state,85623487828,1785606606809126197,92625944823074,85623487828,0
/localization/kinematic_state,85673487829,1785606606863636453,92625999333578,85673487829,0
/localization/kinematic_state,85723487829,1785606606909792067,92626045489546,85723487829,0
/sensing/lidar/top/pointcloud_raw_ex,85723487829,1785606606923713012,92626059410683,85723487829,243253
/localization/kinematic_state,85773487830,1785606606959896606,92626095593891,85773487830,0
/localization/kinematic_state,85823487831,1785606607010355738,92626146052946,85823487831,0
/sensing/lidar/top/pointcloud_raw_ex,85823487831,1785606607024592495,92626160289800,85823487831,239125
/localization/pose_estimator/pose_with_covariance,85823487831,1785606607032817597,92626168515317,85823487831,0
/localization/kinematic_state,85873487832,1785606607059508173,92626195205423,85873487832,0
/localization/kinematic_state,85923487832,1785606607116039580,92626251736774,85923487832,0
/localization/kinematic_state,85973487833,1785606607158501063,92626294198049,85973487833,0
/localization/pose_estimator/pose_with_covariance,85923487832,1785606607159871273,92626295568236,85973487833,0
/localization/kinematic_state,86023487834,1785606607209973137,92626345670289,86023487834,0
/sensing/lidar/top/pointcloud_raw_ex,86023487834,1785606607221430810,92626357128463,86023487834,241621
/localization/kinematic_state,86073487835,1785606607260878614,92626396575669,86073487835,0
/localization/kinematic_state,86123487835,1785606607310126195,92626445823490,86123487835,0
/localization/pose_estimator/pose_with_covariance,85923487832,1785606607317340901,92626453038465,86123487835,0
/sensing/lidar/top/pointcloud_raw_ex,86123487835,1785606607323487841,92626459185669,86123487835,244309
/localization/kinematic_state,86173487836,1785606607361703331,92626497400639,86173487836,0
/localization/kinematic_state,86223487837,1785606607409543678,92626545240708,86223487837,0
/sensing/lidar/top/pointcloud_raw_ex,86223487837,1785606607421226776,92626556924149,86223487837,242421
/localization/kinematic_state,86273487838,1785606607458775835,92626594472864,86273487838,0
/localization/kinematic_state,86323487838,1785606607508577299,92626644274619,86323487838,0
/sensing/lidar/top/pointcloud_raw_ex,86323487838,1785606607519117267,92626654815022,86323487838,241877
/localization/kinematic_state,86373487839,1785606607560236544,92626695934042,86373487839,0
/localization/kinematic_state,86423487840,1785606607617343849,92626753041177,86423487840,0
/sensing/lidar/top/pointcloud_raw_ex,86423487840,1785606607621462946,92626757160590,86423487840,240725
/localization/kinematic_state,86473487841,1785606607662606780,92626798304387,86473487841,0
/localization/kinematic_state,86523487841,1785606607716024669,92626851721886,86523487841,0
/sensing/lidar/top/pointcloud_raw_ex,86523487841,1785606607720689771,92626856387294,86523487841,241301
/localization/kinematic_state,86573487842,1785606607759998552,92626895695901,86573487842,0
/localization/kinematic_state,86623487843,1785606607808009895,92626943706907,86623487843,0
/sensing/lidar/top/pointcloud_raw_ex,86623487843,1785606607822230032,92626957928089,86623487843,241397
/localization/pose_estimator/pose_with_covariance,86623487843,1785606607829782726,92626965479929,86623487843,0
/localization/kinematic_state,86673487844,1785606607858653657,92626994351088,86673487844,0
/sensing/lidar/top/pointcloud_raw_ex,86723487844,1785606607919088747,92627054786410,86723487844,239637
/localization/kinematic_state,86723487844,1785606607919184923,92627054881855,86723487844,0
/localization/kinematic_state,86773487845,1785606607959167377,92627094864802,86773487845,0
/localization/kinematic_state,86823487846,1785606608009806217,92627145503564,86823487846,0
/localization/pose_estimator/pose_with_covariance,86623487843,1785606608018606257,92627154303714,86823487846,0
/sensing/lidar/top/pointcloud_raw_ex,86823487846,1785606608021441780,92627157139287,86823487846,243189
/localization/kinematic_state,86873487847,1785606608062615412,92627198312690,86873487847,0
/localization/kinematic_state,86923487847,1785606608111282962,92627246980109,86923487847,0
/sensing/lidar/top/pointcloud_raw_ex,86923487847,1785606608122510860,92627258208372,86923487847,242421
/localization/kinematic_state,86973487848,1785606608159802569,92627295499724,86973487848,0
/localization/kinematic_state,87023487849,1785606608216570350,92627352267577,87023487849,0
/localization/pose_estimator/pose_with_covariance,86823487846,1785606608217026794,92627352723820,87023487849,0
/sensing/lidar/top/pointcloud_raw_ex,87023487849,1785606608223274115,92627358971988,87023487849,243221
/localization/kinematic_state,87073487850,1785606608264597493,92627400294814,87073487850,0
/localization/kinematic_state,87123487850,1785606608311920737,92627447617980,87123487850,0
/sensing/lidar/top/pointcloud_raw_ex,87123487850,1785606608325843397,92627461541005,87123487850,240117
/localization/kinematic_state,87173487851,1785606608361906378,92627497603657,87173487851,0
/localization/kinematic_state,87223487852,1785606608408887370,92627544584439,87223487852,0
/localization/kinematic_state,87273487853,1785606608458976030,92627594673572,87273487853,0
/localization/kinematic_state,87323487853,1785606608509227667,92627644924976,87323487853,0
/sensing/lidar/top/pointcloud_raw_ex,87323487853,1785606608519500558,92627655198103,87323487853,240885
/localization/kinematic_state,87373487854,1785606608561677749,92627697374982,87373487854,0
/localization/kinematic_state,87423487855,1785606608609192484,92627744889705,87423487855,0
/sensing/lidar/top/pointcloud_raw_ex,87423487855,1785606608621328285,92627757026006,87423487855,242229
/localization/pose_estimator/pose_with_covariance,87423487855,1785606608627380043,92627763077433,87423487855,0
/localization/kinematic_state,87473487856,1785606608658631349,92627794328577,87473487856,0
/localization/kinematic_state,87523487856,1785606608712742811,92627848440411,87523487856,0
/sensing/lidar/top/pointcloud_raw_ex,87523487856,1785606608724562589,92627860260302,87523487856,241845
/localization/kinematic_state,87573487857,1785606608758429667,92627894126687,87573487857,0
/localization/kinematic_state,87623487858,1785606608817154890,92627952852123,87623487858,0
/localization/pose_estimator/pose_with_covariance,87423487855,1785606608817428683,92627953125843,87623487858,0
/sensing/lidar/top/pointcloud_raw_ex,87623487858,1785606608818760902,92627954458272,87623487858,243029
/localization/kinematic_state,87673487859,1785606608861114061,92627996811290,87673487859,0
/localization/kinematic_state,87723487859,1785606608916898185,92628052595481,87723487859,0
/localization/pose_estimator/pose_with_covariance,87723487859,1785606608931167380,92628066864790,87723487859,0
/localization/kinematic_state,87773487860,1785606608960601572,92628096298952,87773487860,0
/localization/kinematic_state,87823487861,1785606609008900358,92628144597363,87823487861,0
/sensing/lidar/top/pointcloud_raw_ex,87823487861,1785606609020601489,92628156299130,87823487861,242005
/localization/kinematic_state,87873487862,1785606609060380337,92628196077576,87873487862,0
/sensing/lidar/top/pointcloud_raw_ex,87923487862,1785606609124623443,92628260320961,87923487862,244021
/localization/kinematic_state,87973487863,1785606609158299809,92628293997163,87923487862,0
/localization/kinematic_state,88023487864,1785606609209233722,92628344930832,88023487864,0
/sensing/lidar/top/pointcloud_raw_ex,88023487864,1785606609222883073,92628358580634,88023487864,240821
/localization/pose_estimator/pose_with_covariance,88023487864,1785606609235254539,92628370951742,88023487864,0
/localization/kinematic_state,88073487865,1785606609262450246,92628398147630,88073487865,0
/localization/kinematic_state,88123487865,1785606609309416552,92628445113978,88123487865,0
/sensing/lidar/top/pointcloud_raw_ex,88123487865,1785606609325390493,92628461088307,88123487865,244245
/localization/kinematic_state,88173487866,1785606609362985406,92628498683004,88173487866,0
/localization/kinematic_state,88223487867,1785606609410516108,92628546213445,88223487867,0
/localization/pose_estimator/pose_with_covariance,88023487864,1785606609414690519,92628550387897,88223487867,0
/sensing/lidar/top/pointcloud_raw_ex,88223487867,1785606609424211503,92628559908919,88223487867,243413
/localization/kinematic_state,88273487867,1785606609459466372,92628595163576,88273487867,0
/localization/kinematic_state,88323487868,1785606609514471854,92628650169112,88323487868,0
/sensing/lidar/top/pointcloud_raw_ex,88323487868,1785606609525903956,92628661601498,88323487868,239605
/localization/kinematic_state,88373487869,1785606609558543829,92628694240908,88373487869,0
/localization/kinematic_state,88423487870,1785606609608978738,92628744675760,88423487870,0
/localization/pose_estimator/pose_with_covariance,88423487870,1785606609633240296,92628768937788,88423487870,0
/localization/kinematic_state,88473487870,1785606609658657408,92628794354435,88473487870,0
/localization/kinematic_state,88523487871,1785606609710394047,92628846091863,88523487871,0
/localization/pose_estimator/pose_with_covariance,88523487871,1785606609727380683,92628863078136,88523487871,0
/localization/kinematic_state,88573487872,1785606609765131280,92628900828709,88573487872,0
/localization/kinematic_state,88623487873,1785606609808664591,92628944361851,88623487873,0
/sensing/lidar/top/pointcloud_raw_ex,88623487873,1785606609818520639,92628954218078,88623487873,241077
/localization/pose_estimator/pose_with_covariance,88623487873,1785606609833846793,92628969543990,88623487873,0
/localization/kinematic_state,88673487873,1785606609858457208,92628994154279,88673487873,0
/localization/kinematic_state,88723487874,1785606609909809912,92629045507508,88723487874,0
/sensing/lidar/top/pointcloud_raw_ex,88723487874,1785606609926508180,92629062205756,88723487874,242869
/localization/kinematic_state,88773487875,1785606609963067754,92629098765000,88773487875,0
/sensing/lidar/top/pointcloud_raw_ex,88823487876,1785606610017781548,92629153479006,88823487876,243349
/localization/kinematic_state,88823487876,1785606610018346796,92629154044026,88823487876,0
/localization/pose_estimator/pose_with_covariance,88623487873,1785606610019512352,92629155209586,88823487876,0
/localization/kinematic_state,88873487876,1785606610058479356,92629194176401,88873487876,0
/localization/kinematic_state,88923487877,1785606610110863307,92629246560794,88923487877,0
/localization/kinematic_state,88973487878,1785606610166982342,92629302679504,88973487878,0
/localization/kinematic_state,89023487879,1785606610215477011,92629351174256,89023487879,0
/sensing/lidar/top/pointcloud_raw_ex,89023487879,1785606610222297561,92629357995247,89023487879,244981
/localization/pose_estimator/pose_with_covariance,89023487879,1785606610231545226,92629367242836,89023487879,0
/localization/kinematic_state,89073487879,1785606610265959140,92629401656321,89073487879,0
/localization/kinematic_state,89123487880,1785606610309041968,92629444739017,89123487880,0
/sensing/lidar/top/pointcloud_raw_ex,89123487880,1785606610323383662,92629459081279,89123487880,242997
/localization/kinematic_state,89173487881,1785606610359985347,92629495682619,89173487881,0
/localization/kinematic_state,89223487882,1785606610410067317,92629545764514,89223487882,0
/localization/pose_estimator/pose_with_covariance,89023487879,1785606610417333169,92629553030585,89223487882,0
/sensing/lidar/top/pointcloud_raw_ex,89223487882,1785606610421161441,92629556858815,89223487882,241237
/localization/kinematic_state,89273487882,1785606610460071117,92629595768626,89273487882,0
/localization/kinematic_state,89323487883,1785606610509501629,92629645198721,89323487883,0
/localization/kinematic_state,89373487884,1785606610560964286,92629696661475,89373487884,0
/localization/kinematic_state,89423487885,1785606610615742084,92629751439664,89423487885,0
/sensing/lidar/top/pointcloud_raw_ex,89423487885,1785606610618548042,92629754245644,89423487885,243573
/localization/kinematic_state,89473487885,1785606610666917848,92629802615109,89473487885,0
/localization/kinematic_state,89523487886,1785606610709861453,92629845558796,89523487886,0
/sensing/lidar/top/pointcloud_raw_ex,89523487886,1785606610717296069,92629852993492,89523487886,241301
/localization/kinematic_state,89573487887,1785606610758479583,92629894176483,89573487887,0
/localization/kinematic_state,89623487888,1785606610810566815,92629946263853,89623487888,0
/sensing/lidar/top/pointcloud_raw_ex,89623487888,1785606610825054553,92629960751817,89623487888,241141
/localization/kinematic_state,89673487888,1785606610861737616,92629997434736,89673487888,0
/sensing/lidar/top/pointcloud_raw_ex,89723487889,1785606610919522553,92630055220161,89723487889,243221
/localization/kinematic_state,89773487890,1785606610960492977,92630096190005,89773487890,0
/localization/kinematic_state,89823487891,1785606611008602229,92630144299385,89823487891,0
/sensing/lidar/top/pointcloud_raw_ex,89823487891,1785606611020282998,92630155980827,89823487891,240053
/localization/kinematic_state,89873487891,1785606611060191715,92630195888944,89873487891,0
/localization/kinematic_state,89923487892,1785606611109424816,92630245121748,89923487892,0
/localization/kinematic_state,89973487893,1785606611158865197,92630294562118,89973487893,0
/localization/kinematic_state,90023487894,1785606611208729646,92630344426600,90023487894,0
/sensing/lidar/top/pointcloud_raw_ex,90023487894,1785606611220725652,92630356423118,90023487894,244981
/localization/kinematic_state,90073487894,1785606611258356319,92630394053385,90073487894,0
/localization/kinematic_state,90123487895,1785606611310473388,92630446170503,90123487895,0
/sensing/lidar/top/pointcloud_raw_ex,90123487895,1785606611335130156,92630470827627,90123487895,244469
/localization/kinematic_state,90173487896,1785606611361780563,92630497477880,90173487896,0
/localization/kinematic_state,90223487897,1785606611409396500,92630545093574,90223487897,0
/sensing/lidar/top/pointcloud_raw_ex,90223487897,1785606611420354329,92630556051880,90223487897,239413
/localization/kinematic_state,90273487897,1785606611469940728,92630605637966,90273487897,0
/localization/kinematic_state,90323487898,1785606611510409236,92630646106294,90323487898,0
/sensing/lidar/top/pointcloud_raw_ex,90323487898,1785606611519400533,92630655098278,90323487898,244885
/localization/kinematic_state,90373487899,1785606611559686545,92630695383759,90373487899,0
/localization/kinematic_state,90423487900,1785606611611906139,92630747603382,90423487900,0
/sensing/lidar/top/pointcloud_raw_ex,90423487900,1785606611623949516,92630759647013,90423487900,240469
/localization/kinematic_state,90473487900,1785606611665396570,92630801093732,90473487900,0
/localization/kinematic_state,90523487901,1785606611713821863,92630849519081,90523487901,0
/sensing/lidar/top/pointcloud_raw_ex,90523487901,1785606611719935361,92630855632841,90523487901,241525
/localization/kinematic_state,90573487902,1785606611767259717,92630902956947,90573487902,0
/localization/kinematic_state,90623487903,1785606611810444539,92630946141661,90623487903,0
/sensing/lidar/top/pointcloud_raw_ex,90623487903,1785606611824768051,92630960465428,90623487903,240789
/localization/kinematic_state,90673487903,1785606611861765145,92630997462366,90673487903,0
/localization/kinematic_state,90723487904,1785606611909222407,92631044919751,90723487904,0
/sensing/lidar/top/pointcloud_raw_ex,90723487904,1785606611924037105,92631059734851,90723487904,239733
/localization/kinematic_state,90773487905,1785606611958537520,92631094234833,90773487905,0
/localization/kinematic_state,90823487905,1785606612018957475,92631154654958,90823487905,0
/sensing/lidar/top/pointcloud_raw_ex,90823487905,1785606612022838014,92631158536000,90823487905,244117
/localization/kinematic_state,90873487906,1785606612061443736,92631197141002,90873487906,0
/localization/kinematic_state,90923487907,1785606612113213779,92631248911147,90923487907,0
/sensing/lidar/top/pointcloud_raw_ex,90923487907,1785606612125175074,92631260872914,90923487907,241237
/localization/kinematic_state,90973487908,1785606612163686298,92631299383593,90973487908,0
/localization/kinematic_state,91023487908,1785606612215746199,92631351443403,91023487908,0
/sensing/lidar/top/pointcloud_raw_ex,91023487908,1785606612219153977,92631354851942,91023487908,241973
/localization/kinematic_state,91073487909,1785606612258710440,92631394407421,91073487909,0
/localization/kinematic_state,91123487910,1785606612308359991,92631444057114,91123487910,0
/sensing/lidar/top/pointcloud_raw_ex,91123487910,1785606612322249525,92631457947486,91123487910,243285
/localization/kinematic_state,91173487911,1785606612358338196,92631494035238,91173487911,0
/localization/kinematic_state,91223487911,1785606612410987838,92631546684981,91223487911,0
/sensing/lidar/top/pointcloud_raw_ex,91223487911,1785606612422014992,92631557712980,91223487911,241813
/localization/kinematic_state,91273487912,1785606612458780662,92631594477854,91273487912,0
/localization/kinematic_state,91323487913,1785606612509532245,92631645229587,91323487913,0
/localization/kinematic_state,91373487914,1785606612560113494,92631695810776,91373487914,0
/localization/kinematic_state,91423487914,1785606612609164467,92631744861597,91423487914,0
/sensing/lidar/top/pointcloud_raw_ex,91423487914,1785606612625284287,92631760981819,91423487914,239957
/localization/kinematic_state,91473487915,1785606612663541002,92631799238124,91473487915,0
/localization/kinematic_state,91523487916,1785606612712142082,92631847839507,91523487916,0
/sensing/lidar/top/pointcloud_raw_ex,91523487916,1785606612722507225,92631858204758,91523487916,242325
/localization/kinematic_state,91573487917,1785606612760464785,92631896161822,91573487917,0
/localization/kinematic_state,91623487917,1785606612809809969,92631945507316,91623487917,0
/sensing/lidar/top/pointcloud_raw_ex,91623487917,1785606612817924565,92631953622750,91623487917,240661
/localization/kinematic_state,91673487918,1785606612860243882,92631995941100,91673487918,0
/localization/kinematic_state,91723487919,1785606612910384208,92632046081439,91723487919,0
/sensing/lidar/top/pointcloud_raw_ex,91723487919,1785606612921215759,92632056913322,91723487919,239381
/localization/kinematic_state,91823487920,1785606613010529838,92632146227259,91823487920,0
/sensing/lidar/top/pointcloud_raw_ex,91823487920,1785606613020071557,92632155769065,91823487920,246357
/localization/kinematic_state,91873487921,1785606613058782113,92632194479427,91873487921,0
/localization/kinematic_state,91923487922,1785606613109460524,92632245157882,91923487922,0
/sensing/lidar/top/pointcloud_raw_ex,91923487922,1785606613121580676,92632257278520,91923487922,241621
/localization/kinematic_state,91973487923,1785606613159711835,92632295409179,91973487923,0
/localization/kinematic_state,92023487923,1785606613209556696,92632345254034,92023487923,0
/sensing/lidar/top/pointcloud_raw_ex,92023487923,1785606613221929647,92632357627328,92023487923,241429
/localization/kinematic_state,92073487924,1785606613264573094,92632400270265,92073487924,0
/localization/kinematic_state,92123487925,1785606613308788072,92632444485093,92123487925,0
/sensing/lidar/top/pointcloud_raw_ex,92123487925,1785606613319581136,92632455278583,92123487925,241941
/localization/kinematic_state,92173487926,1785606613358578477,92632494275582,92173487926,0
/localization/kinematic_state,92223487926,1785606613410376781,92632546078945,92223487926,0
/sensing/lidar/top/pointcloud_raw_ex,92223487926,1785606613417966560,92632553664394,92223487926,241685
/localization/kinematic_state,92273487927,1785606613458458842,92632594156324,92273487927,0
/localization/kinematic_state,92323487928,1785606613509549981,92632645247357,92323487928,0
/sensing/lidar/top/pointcloud_raw_ex,92323487928,1785606613523523643,92632659221152,92323487928,240245
/localization/kinematic_state,92373487929,1785606613558185498,92632693882593,92373487929,0
/localization/kinematic_state,92423487929,1785606613610100781,92632745797885,92423487929,0
/localization/kinematic_state,92473487930,1785606613659510418,92632795207462,92473487930,0
/localization/kinematic_state,92523487931,1785606613708214159,92632843911104,92523487931,0
/localization/kinematic_state,92573487932,1785606613758318678,92632894015698,92573487932,0
/localization/kinematic_state,92623487932,1785606613809140391,92632944837435,92623487932,0
/sensing/lidar/top/pointcloud_raw_ex,92623487932,1785606613822506597,92632958246378,92623487932,239445
/localization/kinematic_state,92673487933,1785606613859050513,92632994747566,92673487933,0
/localization/kinematic_state,92723487934,1785606613909488768,92633045185758,92723487934,0
/sensing/lidar/top/pointcloud_raw_ex,92723487934,1785606613926275177,92633061972712,92723487934,242325
/localization/kinematic_state,92773487935,1785606613967100363,92633102797649,92773487935,0
/localization/kinematic_state,92823487935,1785606614010977943,92633146675046,92823487935,0
/sensing/lidar/top/pointcloud_raw_ex,92823487935,1785606614023596701,92633159294627,92823487935,243413
/localization/kinematic_state,92873487936,1785606614060288841,92633195986061,92873487936,0
/localization/kinematic_state,92923487937,1785606614111508275,92633247205488,92923487937,0
/sensing/lidar/top/pointcloud_raw_ex,92923487937,1785606614134751622,92633270449253,92923487937,242293
/localization/kinematic_state,92973487938,1785606614158747986,92633294445013,92973487938,0
/localization/kinematic_state,93023487938,1785606614209138459,92633344835687,93023487938,0
/sensing/lidar/top/pointcloud_raw_ex,93023487938,1785606614219627155,92633355324596,93023487938,240277
/localization/kinematic_state,93073487939,1785606614259921042,92633395618103,93073487939,0
/localization/kinematic_state,93123487940,1785606614311814161,92633447511427,93123487940,0
/sensing/lidar/top/pointcloud_raw_ex,93123487940,1785606614318759797,92633454457279,93123487940,241205
/localization/kinematic_state,93173487941,1785606614365918018,92633501615269,93173487941,0
/localization/kinematic_state,93223487941,1785606614408659744,92633544357081,93223487941,0
/sensing/lidar/top/pointcloud_raw_ex,93223487941,1785606614427602982,92633563300608,93223487941,241301
/localization/kinematic_state,93273487942,1785606614459270289,92633594967534,93273487942,0
/localization/kinematic_state,93323487943,1785606614509453870,92633645151079,93323487943,0
/sensing/lidar/top/pointcloud_raw_ex,93323487943,1785606614520832542,92633656530202,93323487943,240597
/localization/kinematic_state,93373487943,1785606614558641367,92633694338696,93373487943,0
/localization/kinematic_state,93423487944,1785606614612441604,92633748139047,93423487944,0
/sensing/lidar/top/pointcloud_raw_ex,93423487944,1785606614620874881,92633756572505,93423487944,238005
/localization/kinematic_state,93473487945,1785606614659424722,92633795122387,93473487945,0
/localization/kinematic_state,93523487946,1785606614710700357,92633846397578,93523487946,0
/sensing/lidar/top/pointcloud_raw_ex,93523487946,1785606614720739178,92633856436572,93523487946,243285
/localization/kinematic_state,93573487946,1785606614762316567,92633898014008,93573487946,0
/localization/kinematic_state,93623487947,1785606614811827039,92633947524251,93623487947,0
/sensing/lidar/top/pointcloud_raw_ex,93623487947,1785606614821072352,92633956769921,93623487947,240277
/localization/kinematic_state,93673487948,1785606614859100950,92633994798135,93673487948,0
/localization/kinematic_state,93723487949,1785606614908507717,92634044204771,93723487949,0
/localization/kinematic_state,93773487949,1785606614959463507,92634095160616,93773487949,0
/localization/kinematic_state,93823487950,1785606615011641047,92634147338484,93823487950,0
/sensing/lidar/top/pointcloud_raw_ex,93823487950,1785606615025738633,92634161436362,93823487950,240757
/localization/kinematic_state,93873487951,1785606615063893623,92634199590980,93873487951,0
/localization/kinematic_state,93923487952,1785606615114946051,92634250643596,93923487952,0
/sensing/lidar/top/pointcloud_raw_ex,93923487952,1785606615120201554,92634255899101,93923487952,239253
/localization/kinematic_state,93973487952,1785606615158540742,92634294238001,93973487952,0
/localization/kinematic_state,94023487953,1785606615209684139,92634345381369,94023487953,0
/sensing/lidar/top/pointcloud_raw_ex,94023487953,1785606615223289424,92634358987162,94023487953,238773
/localization/kinematic_state,94073487954,1785606615267800128,92634403497265,94073487954,0
/localization/kinematic_state,94123487955,1785606615308600911,92634444297969,94123487955,0
/sensing/lidar/top/pointcloud_raw_ex,94123487955,1785606615323327721,92634459025143,94123487955,241269
/localization/kinematic_state,94173487955,1785606615360846421,92634496543694,94173487955,0
/localization/kinematic_state,94223487956,1785606615409135550,92634544832997,94223487956,0
/sensing/lidar/top/pointcloud_raw_ex,94223487956,1785606615425174799,92634560872612,94223487956,241973
/localization/kinematic_state,94273487957,1785606615461165990,92634596863244,94273487957,0
/localization/kinematic_state,94323487958,1785606615512190594,92634647887876,94323487958,0
/sensing/lidar/top/pointcloud_raw_ex,94323487958,1785606615531292732,92634666990366,94323487958,241909
/localization/kinematic_state,94373487958,1785606615559197692,92634694895021,94373487958,0
/sensing/lidar/top/pointcloud_raw_ex,94423487959,1785606615618623390,92634754320762,94423487959,242485
/localization/kinematic_state,94423487959,1785606615621412041,92634757109116,94423487959,0
/localization/kinematic_state,94473487960,1785606615659474247,92634795171329,94473487960,0
/localization/kinematic_state,94523487961,1785606615709480205,92634845177217,94523487961,0
/localization/kinematic_state,94573487961,1785606615764378091,92634900075337,94573487961,0
/localization/kinematic_state,94623487962,1785606615809689734,92634945386932,94623487962,0
/sensing/lidar/top/pointcloud_raw_ex,94623487962,1785606615825100239,92634960797825,94623487962,244245
/localization/kinematic_state,94673487963,1785606615861847625,92634997545059,94673487963,0
/localization/kinematic_state,94723487964,1785606615908650177,92635044347566,94723487964,0
/sensing/lidar/top/pointcloud_raw_ex,94723487964,1785606615926424074,92635062122197,94723487964,236821
/localization/kinematic_state,94773487964,1785606615960063257,92635095760729,94773487964,0
/localization/kinematic_state,94823487965,1785606616008589204,92635144286373,94823487965,0
/sensing/lidar/top/pointcloud_raw_ex,94823487965,1785606616018555339,92635154252872,94823487965,238421
/localization/kinematic_state,94873487966,1785606616059510922,92635195208175,94873487966,0
/localization/kinematic_state,94923487967,1785606616111346405,92635247043652,94923487967,0
/sensing/lidar/top/pointcloud_raw_ex,94923487967,1785606616125719942,92635261417393,94923487967,242549
/localization/kinematic_state,94973487967,1785606616160143464,92635295840644,94973487967,0
/localization/kinematic_state,95023487968,1785606616208142165,92635343839195,95023487968,0
/sensing/lidar/top/pointcloud_raw_ex,95023487968,1785606616221618014,92635357315595,95023487968,242773
/localization/kinematic_state,95073487969,1785606616259297820,92635394995076,95073487969,0
/localization/kinematic_state,95123487970,1785606616308790548,92635444487702,95123487970,0
/sensing/lidar/top/pointcloud_raw_ex,95123487970,1785606616319839993,92635455537561,95123487970,237589
/localization/kinematic_state,95173487970,1785606616359742822,92635495440034,95173487970,0
/localization/kinematic_state,95223487971,1785606616411544406,92635547242006,95223487971,0
/sensing/lidar/top/pointcloud_raw_ex,95223487971,1785606616423521436,92635559219179,95223487971,239861
/localization/kinematic_state,95273487972,1785606616458473720,92635594170854,95273487972,0
/localization/kinematic_state,95323487973,1785606616508540462,92635644237552,95323487973,0
/sensing/lidar/top/pointcloud_raw_ex,95323487973,1785606616516676024,92635652373563,95323487973,243349
/localization/kinematic_state,95373487973,1785606616562477325,92635698174598,95373487973,0
/localization/kinematic_state,95423487974,1785606616610828204,92635746525282,95423487974,0
/sensing/lidar/top/pointcloud_raw_ex,95423487974,1785606616624893635,92635760591402,95423487974,243317
/localization/kinematic_state,95473487975,1785606616662867537,92635798565122,95473487975,0
/localization/kinematic_state,95523487976,1785606616708533238,92635844230365,95523487976,0
/sensing/lidar/top/pointcloud_raw_ex,95523487976,1785606616719137489,92635854835043,95523487976,242645
/localization/kinematic_state,95573487976,1785606616759306409,92635895003633,95573487976,0
/localization/kinematic_state,95623487977,1785606616813479275,92635949176531,95623487977,0
/sensing/lidar/top/pointcloud_raw_ex,95623487977,1785606616822951706,92635958648942,95623487977,238357
/localization/kinematic_state,95673487978,1785606616864363342,92636000060445,95673487978,0
/localization/kinematic_state,95723487979,1785606616910598640,92636046295884,95723487979,0
/localization/kinematic_state,95773487979,1785606616966427306,92636102124491,95773487979,0
/localization/kinematic_state,95823487980,1785606617009906545,92636145603660,95823487980,0
/sensing/lidar/top/pointcloud_raw_ex,95823487980,1785606617022008411,92636157706181,95823487980,241813
/localization/kinematic_state,95873487981,1785606617061502910,92636197200142,95873487981,0
/localization/kinematic_state,95923487981,1785606617111438574,92636247135668,95923487981,0
/sensing/lidar/top/pointcloud_raw_ex,95923487981,1785606617122458305,92636258156010,95923487981,241365
/localization/kinematic_state,95973487982,1785606617158884645,92636294581894,95973487982,0
/localization/kinematic_state,96023487983,1785606617213028566,92636348725704,96023487983,0
/sensing/lidar/top/pointcloud_raw_ex,96023487983,1785606617232019368,92636367717010,96023487983,239573
/localization/kinematic_state,96073487984,1785606617261873696,92636397570939,96073487984,0
/localization/kinematic_state,96123487984,1785606617309168344,92636444865452,96123487984,0
/sensing/lidar/top/pointcloud_raw_ex,96123487984,1785606617325158020,92636460855563,96123487984,243637
/localization/kinematic_state,96173487985,1785606617358821872,92636494519000,96173487985,0
/localization/kinematic_state,96223487986,1785606617410628773,92636546325806,96223487986,0
/sensing/lidar/top/pointcloud_raw_ex,96223487986,1785606617428656219,92636564353916,96223487986,242325
/localization/kinematic_state,96323487987,1785606617513360309,92636649057641,96323487987,0
/sensing/lidar/top/pointcloud_raw_ex,96323487987,1785606617526772595,92636662470003,96323487987,241429
/localization/kinematic_state,96373487988,1785606617559297161,92636694994173,96373487988,0
/localization/kinematic_state,96423487989,1785606617609286529,92636744983765,96423487989,0
/sensing/lidar/top/pointcloud_raw_ex,96423487989,1785606617624710447,92636760408164,96423487989,241493
/localization/kinematic_state,96473487990,1785606617658631657,92636794328911,96473487990,0
/sensing/lidar/top/pointcloud_raw_ex,96523487990,1785606617718346387,92636854043896,96523487990,239509
/localization/kinematic_state,96573487991,1785606617764705136,92636900402287,96573487991,0
/localization/kinematic_state,96623487992,1785606617813419611,92636949116805,96623487992,0
/sensing/lidar/top/pointcloud_raw_ex,96623487992,1785606617818486931,92636954184664,96623487992,240469
/localization/kinematic_state,96673487993,1785606617858908916,92636994606048,96673487993,0
/localization/kinematic_state,96723487993,1785606617908679692,92637044376868,96723487993,0
/sensing/lidar/top/pointcloud_raw_ex,96723487993,1785606617922401306,92637058099079,96723487993,242517
/localization/kinematic_state,96773487994,1785606617959764288,92637095461350,96773487994,0
/localization/kinematic_state,96823487995,1785606618016543204,92637152240462,96823487995,0
/sensing/lidar/top/pointcloud_raw_ex,96823487995,1785606618025696372,92637161393898,96823487995,243061
/localization/kinematic_state,96873487996,1785606618059191992,92637194889049,96873487996,0
/localization/kinematic_state,96923487996,1785606618111840423,92637247537694,96923487996,0
/sensing/lidar/top/pointcloud_raw_ex,96923487996,1785606618131316982,92637267014504,96923487996,241589
/localization/kinematic_state,96973487997,1785606618164014425,92637299711866,96973487997,0
/localization/kinematic_state,97023487998,1785606618212320271,92637348017468,97023487998,0
/localization/kinematic_state,97073487999,1785606618259135930,92637394833093,97073487999,0
/localization/kinematic_state,97123487999,1785606618308783230,92637444480216,97123487999,0
/sensing/lidar/top/pointcloud_raw_ex,97123487999,1785606618318821099,92637454518385,97123487999,244437
/localization/kinematic_state,97173488000,1785606618358284003,92637493981026,97173488000,0
/localization/kinematic_state,97223488001,1785606618409103362,92637544800407,97223488001,0
/sensing/lidar/top/pointcloud_raw_ex,97223488001,1785606618423052251,92637558750077,97223488001,240981
/localization/kinematic_state,97273488002,1785606618460526311,92637596223686,97273488002,0
/localization/kinematic_state,97323488002,1785606618517965688,92637653663054,97323488002,0
/localization/kinematic_state,97373488003,1785606618558669898,92637694367040,97373488003,0
/localization/kinematic_state,97423488004,1785606618608634440,92637744331634,97423488004,0
/sensing/lidar/top/pointcloud_raw_ex,97423488004,1785606618619338326,92637755035866,97423488004,245045
/localization/kinematic_state,97473488005,1785606618659951092,92637795648574,97473488005,0
/localization/kinematic_state,97523488005,1785606618709150842,92637844848130,97523488005,0
/sensing/lidar/top/pointcloud_raw_ex,97523488005,1785606618717447923,92637853145466,97523488005,242997
/localization/kinematic_state,97573488006,1785606618759792932,92637895490117,97573488006,0
/localization/kinematic_state,97623488007,1785606618808342815,92637944039769,97623488007,0
/sensing/lidar/top/pointcloud_raw_ex,97623488007,1785606618816595337,92637952292702,97623488007,245141
/localization/kinematic_state,97673488008,1785606618858718359,92637994415408,97673488008,0
/localization/kinematic_state,97723488008,1785606618915616044,92638051313421,97723488008,0
/sensing/lidar/top/pointcloud_raw_ex,97723488008,1785606618918346552,92638054044216,97723488008,242229
/localization/kinematic_state,97773488009,1785606618958155072,92638093851973,97773488009,0
/localization/kinematic_state,97823488010,1785606619008220251,92638143917284,97823488010,0
/sensing/lidar/top/pointcloud_raw_ex,97823488010,1785606619024388134,92638160085520,97823488010,239957
/localization/kinematic_state,97873488011,1785606619059486065,92638195183409,97873488011,0
/sensing/lidar/top/pointcloud_raw_ex,97923488011,1785606619118121456,92638253819139,97923488011,238773
/localization/kinematic_state,97973488012,1785606619158881955,92638294579046,97973488012,0
/localization/kinematic_state,98023488013,1785606619209184270,92638344881505,98023488013,0
/localization/kinematic_state,98073488014,1785606619261990288,92638397687798,98073488014,0
/localization/kinematic_state,98123488014,1785606619308520456,92638444217551,98123488014,0
/sensing/lidar/top/pointcloud_raw_ex,98123488014,1785606619321331210,92638457028675,98123488014,243061
/localization/kinematic_state,98173488015,1785606619358357786,92638494054923,98173488015,0
/localization/kinematic_state,98223488016,1785606619409409025,92638545106167,98223488016,0
/sensing/lidar/top/pointcloud_raw_ex,98223488016,1785606619422144770,92638557842279,98223488016,240277
/localization/kinematic_state,98273488017,1785606619459823617,92638595520748,98273488017,0
/sensing/lidar/top/pointcloud_raw_ex,98323488017,1785606619516667746,92638652365176,98323488017,241333
/localization/kinematic_state,98373488018,1785606619559530009,92638695227056,98373488018,0
/localization/kinematic_state,98423488019,1785606619617128139,92638752825362,98423488019,0
/sensing/lidar/top/pointcloud_raw_ex,98423488019,1785606619621632517,92638757329875,98423488019,243733
/localization/kinematic_state,98473488019,1785606619664116199,92638799813337,98473488019,0
/localization/kinematic_state,98523488020,1785606619709312637,92638845009889,98523488020,0
/sensing/lidar/top/pointcloud_raw_ex,98523488020,1785606619719545754,92638855243029,98523488020,247925
/localization/kinematic_state,98573488021,1785606619758254921,92638893951886,98573488021,0
/localization/kinematic_state,98623488022,1785606619809805914,92638945503308,98623488022,0
/sensing/lidar/top/pointcloud_raw_ex,98623488022,1785606619821085581,92638956783133,98623488022,241461
/localization/kinematic_state,98673488022,1785606619858839832,92638994536963,98673488022,0
/localization/kinematic_state,98723488023,1785606619916725163,92639052422442,98723488023,0
/sensing/lidar/top/pointcloud_raw_ex,98723488023,1785606619921098735,92639056796312,98723488023,242421
/localization/kinematic_state,98773488024,1785606619959061826,92639094759078,98773488024,0
/localization/kinematic_state,98823488025,1785606620010574839,92639146272197,98823488025,0
/localization/kinematic_state,98873488025,1785606620058261021,92639193958062,98873488025,0
/localization/kinematic_state,98923488026,1785606620112622459,92639248319489,98923488026,0
/sensing/lidar/top/pointcloud_raw_ex,98923488026,1785606620129122625,92639264820171,98923488026,240789
/localization/kinematic_state,98973488027,1785606620162695165,92639298392510,98973488027,0
/localization/kinematic_state,99023488028,1785606620208122169,92639343819334,99023488028,0
/sensing/lidar/top/pointcloud_raw_ex,99023488028,1785606620221671068,92639357368835,99023488028,247189
/localization/kinematic_state,99073488028,1785606620259154826,92639394851911,99073488028,0
/localization/kinematic_state,99123488029,1785606620309451318,92639445148534,99123488029,0
/sensing/lidar/top/pointcloud_raw_ex,99123488029,1785606620319130779,92639454828426,99123488029,241845
/localization/kinematic_state,99173488030,1785606620358758042,92639494455357,99173488030,0
/localization/kinematic_state,99223488031,1785606620412425014,92639548122368,99223488031,0
/sensing/lidar/top/pointcloud_raw_ex,99223488031,1785606620422597117,92639558294852,99223488031,241333
/localization/kinematic_state,99273488031,1785606620458573362,92639594270409,99273488031,0
/localization/kinematic_state,99323488032,1785606620508577130,92639644274226,99323488032,0
/sensing/lidar/top/pointcloud_raw_ex,99323488032,1785606620521857093,92639657554671,99323488032,241557
/localization/kinematic_state,99373488033,1785606620560068414,92639695765747,99373488033,0
/localization/kinematic_state,99423488034,1785606620611334781,92639747032254,99423488034,0
/sensing/lidar/top/pointcloud_raw_ex,99423488034,1785606620621996181,92639757694128,99423488034,242101
/localization/kinematic_state,99523488035,1785606620708351615,92639844048720,99523488035,0
/sensing/lidar/top/pointcloud_raw_ex,99523488035,1785606620723245572,92639858943229,99523488035,242325
/localization/kinematic_state,99573488036,1785606620759552117,92639895249332,99573488036,0
/localization/kinematic_state,99623488037,1785606620809457319,92639945154510,99623488037,0
/sensing/lidar/top/pointcloud_raw_ex,99623488037,1785606620824021449,92639959719270,99623488037,240629
/localization/kinematic_state,99673488037,1785606620860395414,92639996092616,99673488037,0
/localization/kinematic_state,99723488038,1785606620914346251,92640050043485,99723488038,0
/localization/kinematic_state,99773488039,1785606620960853938,92640096551187,99773488039,0
/localization/kinematic_state,99823488040,1785606621009646046,92640145343308,99823488040,0
/sensing/lidar/top/pointcloud_raw_ex,99823488040,1785606621021617778,92640157315459,99823488040,240693
/localization/kinematic_state,99873488040,1785606621060427760,92640196124622,99873488040,0
/sensing/lidar/top/pointcloud_raw_ex,99923488041,1785606621118983820,92640254681531,99923488041,240597
/localization/kinematic_state,99973488042,1785606621162486645,92640298183831,99973488042,0
/localization/kinematic_state,100023488043,1785606621208757776,92640344455173,100023488043,0
/sensing/lidar/top/pointcloud_raw_ex,100023488043,1785606621222842138,92640358539726,100023488043,241141
/localization/kinematic_state,100073488043,1785606621260152973,92640395850380,100073488043,0
/localization/kinematic_state,100123488044,1785606621308260997,92640443958209,100123488044,0
/sensing/lidar/top/pointcloud_raw_ex,100123488044,1785606621323239074,92640458936636,100123488044,239029
/localization/kinematic_state,100173488045,1785606621359155324,92640494852357,100173488045,0
/localization/kinematic_state,100223488046,1785606621409067939,92640544765017,100223488046,0
/localization/kinematic_state,100273488046,1785606621458911870,92640594608932,100273488046,0
/localization/kinematic_state,100323488047,1785606621509083141,92640644780186,100323488047,0
/sensing/lidar/top/pointcloud_raw_ex,100323488047,1785606621525609433,92640661306985,100323488047,238805
/localization/kinematic_state,100373488048,1785606621558920853,92640694617772,100373488048,0
/localization/kinematic_state,100423488049,1785606621610420927,92640746118123,100423488049,0
/sensing/lidar/top/pointcloud_raw_ex,100423488049,1785606621621160726,92640756858221,100423488049,240917
/localization/kinematic_state,100473488049,1785606621660702403,92640796399626,100473488049,0
/localization/kinematic_state,100523488050,1785606621712219956,92640847917206,100523488050,0
/sensing/lidar/top/pointcloud_raw_ex,100523488050,1785606621721580155,92640857277729,100523488050,240245
/localization/kinematic_state,100573488051,1785606621761370604,92640897067900,100573488051,0
/localization/kinematic_state,100623488052,1785606621817443735,92640953140864,100623488052,0
/sensing/lidar/top/pointcloud_raw_ex,100623488052,1785606621818443578,92640954140687,100623488052,241973
/localization/kinematic_state,100673488052,1785606621863464326,92640999161477,100673488052,0
/localization/kinematic_state,100723488053,1785606621909039224,92641044736547,100723488053,0
/sensing/lidar/top/pointcloud_raw_ex,100723488053,1785606621919568306,92641055266238,100723488053,238613
/localization/kinematic_state,100773488054,1785606621959196585,92641094894003,100773488054,0
/localization/kinematic_state,100823488055,1785606622020570821,92641156268235,100823488055,0
/localization/kinematic_state,100873488055,1785606622058655597,92641194352921,100873488055,0
/localization/kinematic_state,100923488056,1785606622109223810,92641244921204,100923488056,0
/sensing/lidar/top/pointcloud_raw_ex,100923488056,1785606622123807246,92641259505154,100923488056,241013
/localization/kinematic_state,100973488057,1785606622158535205,92641294232244,100973488057,0
/localization/kinematic_state,101023488057,1785606622210671407,92641346368705,101023488057,0
/sensing/lidar/top/pointcloud_raw_ex,101023488057,1785606622232132215,92641367829829,101023488057,239349
/localization/kinematic_state,101073488058,1785606622258993848,92641394690868,101073488058,0
/localization/kinematic_state,101123488059,1785606622310198249,92641445895592,101123488059,0
/sensing/lidar/top/pointcloud_raw_ex,101123488059,1785606622324157364,92641459855030,101123488059,241365
/localization/kinematic_state,101173488060,1785606622359354543,92641495051727,101173488060,0
/localization/kinematic_state,101223488060,1785606622408758348,92641544455446,101223488060,0
/sensing/lidar/top/pointcloud_raw_ex,101223488060,1785606622420337140,92641556034800,101223488060,243253
/localization/kinematic_state,101273488061,1785606622460800889,92641596497996,101273488061,0
/localization/kinematic_state,101323488062,1785606622508752285,92641644449552,101323488062,0
/sensing/lidar/top/pointcloud_raw_ex,101323488062,1785606622523886328,92641659584122,101323488062,242101
/localization/kinematic_state,101373488063,1785606622559301342,92641694998585,101373488063,0
/localization/kinematic_state,101423488063,1785606622612029822,92641747727240,101423488063,0
/sensing/lidar/top/pointcloud_raw_ex,101423488063,1785606622621940751,92641757638484,101423488063,242485
/localization/kinematic_state,101473488064,1785606622660643048,92641796340395,101473488064,0
/sensing/lidar/top/pointcloud_raw_ex,101523488065,1785606622723627940,92641859325341,101523488065,243093
/localization/kinematic_state,101573488066,1785606622758505226,92641894202497,101573488066,0
/localization/kinematic_state,101623488066,1785606622810518769,92641946215993,101623488066,0
/sensing/lidar/top/pointcloud_raw_ex,101623488066,1785606622829884541,92641965582135,101623488066,240437
/localization/kinematic_state,101673488067,1785606622859016814,92641994714175,101623488066,0
/localization/kinematic_state,101723488068,1785606622914380445,92642050077683,101723488068,0
/sensing/lidar/top/pointcloud_raw_ex,101723488068,1785606622924312069,92642060009926,101723488068,239317
/localization/kinematic_state,101773488069,1785606622960002424,92642095699563,101773488069,0
/localization/kinematic_state,101823488069,1785606623009087177,92642144784265,101823488069,0
/sensing/lidar/top/pointcloud_raw_ex,101823488069,1785606623024715257,92642160412714,101823488069,239381
/localization/kinematic_state,101873488070,1785606623064654726,92642200352345,101873488070,0
/localization/kinematic_state,101923488071,1785606623111251298,92642246948594,101923488071,0
/sensing/lidar/top/pointcloud_raw_ex,101923488071,1785606623121981972,92642257679647,101923488071,241493
/localization/kinematic_state,101973488072,1785606623158925867,92642294622912,101973488072,0
/localization/kinematic_state,102023488072,1785606623209206899,92642344904270,102023488072,0
/sensing/lidar/top/pointcloud_raw_ex,102023488072,1785606623221172978,92642356870782,102023488072,239701
/localization/kinematic_state,102073488073,1785606623260512882,92642396210169,102073488073,0
/localization/kinematic_state,102123488074,1785606623315487264,92642451184506,102123488074,0
/sensing/lidar/top/pointcloud_raw_ex,102123488074,1785606623323121123,92642458818997,102123488074,241749
/localization/kinematic_state,102173488075,1785606623360571410,92642496268660,102173488075,0
/sensing/lidar/top/pointcloud_raw_ex,102223488075,1785606623417980103,92642553677640,102223488075,240917
/localization/kinematic_state,102223488075,1785606623418234051,92642553930950,102223488075,0
/localization/kinematic_state,102273488076,1785606623459334246,92642595031472,102273488076,0
/localization/kinematic_state,102323488077,1785606623511237868,92642646935062,102323488077,0
/sensing/lidar/top/pointcloud_raw_ex,102323488077,1785606623522149319,92642657847093,102323488077,240053
/localization/kinematic_state,102373488078,1785606623559586282,92642695283360,102373488078,0
/localization/kinematic_state,102423488078,1785606623611662790,92642747360085,102423488078,0
/sensing/lidar/top/pointcloud_raw_ex,102423488078,1785606623623941773,92642759639267,102423488078,244789
/localization/kinematic_state,102473488079,1785606623659701118,92642795398414,102473488079,0
/localization/kinematic_state,102523488080,1785606623713379334,92642849076582,102523488080,0
/localization/kinematic_state,102573488081,1785606623758593298,92642894290509,102573488081,0
/localization/kinematic_state,102623488081,1785606623808634300,92642944331484,102623488081,0
/sensing/lidar/top/pointcloud_raw_ex,102623488081,1785606623819216706,92642954914633,102623488081,243797
/localization/kinematic_state,102673488082,1785606623859145376,92642994842516,102673488082,0
/localization/kinematic_state,102723488083,1785606623908161566,92643043858555,102723488083,0
/sensing/lidar/top/pointcloud_raw_ex,102723488083,1785606623920604419,92643056301920,102723488083,242133
/localization/kinematic_state,102773488084,1785606623960638472,92643096335661,102773488084,0
/localization/kinematic_state,102823488084,1785606624012226535,92643147923839,102823488084,0
/localization/kinematic_state,102873488085,1785606624059128610,92643194825816,102873488085,0
/localization/kinematic_state,102923488086,1785606624117453942,92643253151230,102923488086,0
/sensing/lidar/top/pointcloud_raw_ex,102923488086,1785606624129613979,92643265311837,102923488086,237845
/localization/kinematic_state,102973488087,1785606624160414124,92643296111104,102973488087,0
/localization/kinematic_state,103023488087,1785606624209384971,92643345081873,103023488087,0
/sensing/lidar/top/pointcloud_raw_ex,103023488087,1785606624225407286,92643361105074,103023488087,242453
/localization/kinematic_state,103073488088,1785606624260427047,92643396124677,103073488088,0
/localization/kinematic_state,103123488089,1785606624311277110,92643446974419,103123488089,0
/sensing/lidar/top/pointcloud_raw_ex,103123488089,1785606624317582647,92643453280620,103123488089,242997
/localization/kinematic_state,103173488090,1785606624359432225,92643495129486,103173488090,0
/localization/kinematic_state,103223488090,1785606624409474511,92643545171547,103223488090,0
/localization/kinematic_state,103273488091,1785606624460940120,92643596637603,103273488091,0
/localization/kinematic_state,103323488092,1785606624510417350,92643646114247,103323488092,0
/localization/kinematic_state,103373488092,1785606624559387524,92643695084777,103373488092,0
/localization/kinematic_state,103423488093,1785606624608687892,92643744384954,103423488093,0
/localization/kinematic_state,103473488094,1785606624661665243,92643797362490,103473488094,0
/localization/kinematic_state,103523488095,1785606624713739730,92643849437179,103523488095,0
/sensing/lidar/top/pointcloud_raw_ex,103523488095,1785606624726580756,92643862278181,103523488095,240309
/localization/kinematic_state,103573488095,1785606624769598955,92643905296182,103573488095,0
/localization/kinematic_state,103623488096,1785606624809910925,92643945608141,103623488096,0
/sensing/lidar/top/pointcloud_raw_ex,103623488096,1785606624824058309,92643959756124,103623488096,242517
/localization/kinematic_state,103673488097,1785606624863217405,92643998914682,103673488097,0
/localization/kinematic_state,103723488098,1785606624911380235,92644047077509,103723488098,0
/sensing/lidar/top/pointcloud_raw_ex,103723488098,1785606624923291062,92644058988814,103723488098,238645
/localization/kinematic_state,103773488098,1785606624959424906,92644095121792,103773488098,0
/localization/kinematic_state,103823488099,1785606625020216397,92644155913627,103823488099,0
/sensing/lidar/top/pointcloud_raw_ex,103823488099,1785606625021786304,92644157483543,103823488099,243253
/localization/kinematic_state,103873488100,1785606625058795272,92644194492248,103873488100,0
/localization/kinematic_state,103923488101,1785606625112738990,92644248436360,103923488101,0
/localization/kinematic_state,103973488101,1785606625158972877,92644294670160,103973488101,0
/localization/kinematic_state,104023488102,1785606625211645055,92644347342435,104023488102,0
/sensing/lidar/top/pointcloud_raw_ex,104023488102,1785606625219674492,92644355372116,104023488102,240309
/localization/kinematic_state,104073488103,1785606625258920541,92644394617526,104073488103,0
/localization/kinematic_state,104123488104,1785606625310365946,92644446063155,104123488104,0
/sensing/lidar/top/pointcloud_raw_ex,104123488104,1785606625321884264,92644457582010,104123488104,243413
/localization/kinematic_state,104173488104,1785606625358475199,92644494172355,104173488104,0
/localization/kinematic_state,104223488105,1785606625408995033,92644544692236,104223488105,0
/sensing/lidar/top/pointcloud_raw_ex,104223488105,1785606625421601685,92644557299202,104223488105,241269
/localization/kinematic_state,104273488106,1785606625464408515,92644600105846,104273488106,0
/localization/kinematic_state,104323488107,1785606625516236137,92644651933355,104323488107,0
/sensing/lidar/top/pointcloud_raw_ex,104323488107,1785606625524653413,92644660351375,104323488107,244309
/localization/kinematic_state,104373488107,1785606625559619838,92644695317201,104373488107,0
/localization/kinematic_state,104423488108,1785606625610173067,92644745870286,104423488108,0
/localization/kinematic_state,104473488109,1785606625660991088,92644796688293,104473488109,0
/localization/kinematic_state,104523488110,1785606625708746775,92644844443768,104523488110,0
/sensing/lidar/top/pointcloud_raw_ex,104523488110,1785606625724677492,92644860374989,104523488110,246933
/localization/kinematic_state,104573488110,1785606625758722827,92644894419925,104573488110,0
/localization/kinematic_state,104623488111,1785606625817834732,92644953532129,104623488111,0
/sensing/lidar/top/pointcloud_raw_ex,104623488111,1785606625826797343,92644962495259,104623488111,241397
/localization/kinematic_state,104673488112,1785606625859024174,92644994721108,104673488112,0
/localization/kinematic_state,104723488113,1785606625909194072,92645044891248,104723488113,0
/sensing/lidar/top/pointcloud_raw_ex,104723488113,1785606625921427601,92645057125386,104723488113,239669
/localization/kinematic_state,104773488113,1785606625962709237,92645098406348,104773488113,0
/localization/kinematic_state,104823488114,1785606626010168664,92645145866112,104823488114,0
/sensing/lidar/top/pointcloud_raw_ex,104823488114,1785606626023838169,92645159535655,104823488114,240277
/localization/kinematic_state,104873488115,1785606626058344342,92645194041399,104873488115,0
/localization/kinematic_state,104923488116,1785606626110991020,92645246688286,104923488116,0
/sensing/lidar/top/pointcloud_raw_ex,104923488116,1785606626119535717,92645255233345,104923488116,241013
/localization/kinematic_state,104973488116,1785606626159100221,92645294797359,104973488116,0
/localization/kinematic_state,105023488117,1785606626210757022,92645346454356,105023488117,0
/sensing/lidar/top/pointcloud_raw_ex,105023488117,1785606626217436734,92645353134340,105023488117,241205
/localization/kinematic_state,105073488118,1785606626260888517,92645396586002,105073488118,0
/localization/kinematic_state,105123488119,1785606626317850885,92645453548191,105123488119,0
/sensing/lidar/top/pointcloud_raw_ex,105123488119,1785606626325056141,92645460753692,105123488119,242901
/localization/kinematic_state,105173488119,1785606626362527036,92645498224501,105173488119,0
/localization/kinematic_state,105223488120,1785606626409510879,92645545208063,105223488120,0
/sensing/lidar/top/pointcloud_raw_ex,105223488120,1785606626421569676,92645557267566,105223488120,241717
/localization/kinematic_state,105273488121,1785606626459060901,92645594757908,105273488121,0
/localization/kinematic_state,105323488122,1785606626509917721,92645645615076,105323488122,0
/sensing/lidar/top/pointcloud_raw_ex,105323488122,1785606626529703695,92645665401289,105323488122,240149
/localization/kinematic_state,105373488122,1785606626573272147,92645708969268,105373488122,0
/localization/kinematic_state,105423488123,1785606626608407604,92645744104634,105423488123,0
/sensing/lidar/top/pointcloud_raw_ex,105423488123,1785606626621909719,92645757607632,105423488123,237461
/localization/kinematic_state,105473488124,1785606626658429968,92645794127301,105423488123,0
/localization/kinematic_state,105523488125,1785606626712188375,92645847885334,105523488125,0
/sensing/lidar/top/pointcloud_raw_ex,105523488125,1785606626723595949,92645859293475,105523488125,239701
/localization/kinematic_state,105573488125,1785606626758823824,92645894521047,105573488125,0
/localization/kinematic_state,105623488126,1785606626810462091,92645946159465,105623488126,0
/sensing/lidar/top/pointcloud_raw_ex,105623488126,1785606626825084367,92645960782006,105623488126,241877
/localization/kinematic_state,105673488127,1785606626859352526,92645995049821,105673488127,0
/localization/kinematic_state,105723488128,1785606626908390872,92646044087985,105723488128,0
/sensing/lidar/top/pointcloud_raw_ex,105723488128,1785606626924778835,92646060476555,105723488128,240693
/localization/kinematic_state,105823488129,1785606627014434799,92646150132151,105823488129,0
/sensing/lidar/top/pointcloud_raw_ex,105823488129,1785606627026355340,92646162053001,105823488129,242101
/localization/kinematic_state,105873488130,1785606627058732472,92646194429687,105873488130,0
/localization/kinematic_state,105923488130,1785606627110463194,92646246160518,105923488130,0
/localization/kinematic_state,105973488131,1785606627162432503,92646298129877,105973488131,0
/localization/kinematic_state,106023488132,1785606627209703422,92646345400547,106023488132,0
/sensing/lidar/top/pointcloud_raw_ex,106023488132,1785606627224206067,92646359903580,106023488132,244501
/localization/kinematic_state,106073488133,1785606627267391832,92646403089102,106073488133,0
/localization/kinematic_state,106123488133,1785606627309355312,92646445052849,106123488133,0
/sensing/lidar/top/pointcloud_raw_ex,106123488133,1785606627318406849,92646454104325,106123488133,238933
/localization/kinematic_state,106173488134,1785606627360504877,92646496201911,106173488134,0
/localization/kinematic_state,106223488135,1785606627409064952,92646544762480,106223488135,0
/sensing/lidar/top/pointcloud_raw_ex,106223488135,1785606627426922611,92646562620389,106223488135,242773
/localization/kinematic_state,106273488136,1785606627460011457,92646595708659,106273488136,0
/localization/kinematic_state,106323488136,1785606627510161640,92646645858520,106323488136,0
/sensing/lidar/top/pointcloud_raw_ex,106323488136,1785606627519847407,92646655544922,106323488136,243861
/localization/kinematic_state,106373488137,1785606627560079588,92646695777003,106373488137,0
/localization/kinematic_state,106423488138,1785606627609997902,92646745695195,106423488138,0
/sensing/lidar/top/pointcloud_raw_ex,106423488138,1785606627618448544,92646754146286,106423488138,243349
/localization/kinematic_state,106473488139,1785606627658447623,92646794144674,106473488139,0
/localization/kinematic_state,106523488139,1785606627712479007,92646848176283,106523488139,0
/sensing/lidar/top/pointcloud_raw_ex,106523488139,1785606627725975340,92646861672894,106523488139,243573
/localization/kinematic_state,106573488140,1785606627758908736,92646894605817,106573488140,0
/localization/kinematic_state,106623488141,1785606627809182183,92646944879564,106623488141,0
/sensing/lidar/top/pointcloud_raw_ex,106623488141,1785606627831435662,92646967133407,106623488141,243381
/localization/kinematic_state,106673488142,1785606627861152492,92646996849878,106673488142,0
/localization/kinematic_state,106723488142,1785606627909536552,92647045233785,106723488142,0
/sensing/lidar/top/pointcloud_raw_ex,106723488142,1785606627922993430,92647058690934,106723488142,246165
/localization/kinematic_state,106773488143,1785606627959593586,92647095290616,106773488143,0
/localization/kinematic_state,106823488144,1785606628009211060,92647144908455,106823488144,0
/sensing/lidar/top/pointcloud_raw_ex,106823488144,1785606628019795051,92647155492039,106823488144,241685
/localization/kinematic_state,106873488145,1785606628062564671,92647198261914,106873488145,0
/localization/kinematic_state,106923488145,1785606628110980861,92647246678046,106923488145,0
/sensing/lidar/top/pointcloud_raw_ex,106923488145,1785606628130900005,92647266597450,106923488145,241589
/localization/kinematic_state,106973488146,1785606628158313496,92647294010711,106973488146,0
/localization/kinematic_state,107023488147,1785606628208429869,92647344126762,107023488147,0
/sensing/lidar/top/pointcloud_raw_ex,107023488147,1785606628223556099,92647359253886,107023488147,241557
/localization/kinematic_state,107073488148,1785606628259554972,92647395252148,107073488148,0
/localization/kinematic_state,107123488148,1785606628310495233,92647446192560,107123488148,0
/sensing/lidar/top/pointcloud_raw_ex,107123488148,1785606628327363491,92647463061013,107123488148,239125
/localization/kinematic_state,107173488149,1785606628358759096,92647494456137,107173488149,0
/localization/kinematic_state,107223488150,1785606628416376764,92647552073991,107223488150,0
/sensing/lidar/top/pointcloud_raw_ex,107223488150,1785606628423490027,92647559187927,107223488150,241429
/localization/kinematic_state,107273488151,1785606628463435043,92647599132408,107273488151,0
/localization/kinematic_state,107323488151,1785606628513375612,92647649072932,107323488151,0
/sensing/lidar/top/pointcloud_raw_ex,107323488151,1785606628526588068,92647662285987,107323488151,244277
/localization/kinematic_state,107373488152,1785606628560017213,92647695714454,107373488152,0
/localization/kinematic_state,107423488153,1785606628608966558,92647744663706,107423488153,0
/sensing/lidar/top/pointcloud_raw_ex,107423488153,1785606628633257822,92647768955288,107423488153,239989
/localization/kinematic_state,107473488154,1785606628659486258,92647795183411,107473488154,0
/localization/kinematic_state,107523488154,1785606628708931930,92647844628914,107523488154,0
/sensing/lidar/top/pointcloud_raw_ex,107523488154,1785606628722829561,92647858527596,107523488154,241621
/localization/kinematic_state,107573488155,1785606628759057288,92647894754779,107573488155,0
/localization/kinematic_state,107623488156,1785606628809282889,92647944980090,107623488156,0
/localization/kinematic_state,107673488157,1785606628860376095,92647996073333,107673488157,0
/localization/kinematic_state,107723488157,1785606628911755924,92648047453395,107723488157,0
/sensing/lidar/top/pointcloud_raw_ex,107723488157,1785606628921634555,92648057332115,107723488157,241653
/localization/kinematic_state,107773488158,1785606628958854222,92648094551259,107773488158,0
/localization/kinematic_state,107823488159,1785606629008988081,92648144685257,107823488159,0
/sensing/lidar/top/pointcloud_raw_ex,107823488159,1785606629027331221,92648163028915,107823488159,240053
/localization/kinematic_state,107873488160,1785606629058738746,92648194435988,107873488160,0
/localization/kinematic_state,107923488160,1785606629108143783,92648243841086,107873488160,0
/sensing/lidar/top/pointcloud_raw_ex,107923488160,1785606629126970120,92648262667911,107923488160,238645
/localization/kinematic_state,107973488161,1785606629163269773,92648298967062,107973488161,0
/localization/kinematic_state,108023488162,1785606629211102281,92648346799533,108023488162,0
/sensing/lidar/top/pointcloud_raw_ex,108023488162,1785606629220739847,92648356437488,108023488162,242133
/localization/kinematic_state,108073488163,1785606629258938654,92648394635702,108073488163,0
/localization/kinematic_state,108123488163,1785606629312768242,92648448465521,108123488163,0
/sensing/lidar/top/pointcloud_raw_ex,108123488163,1785606629333798979,92648469496479,108123488163,242453
/localization/kinematic_state,108223488165,1785606629409030636,92648544727835,108223488165,0
/sensing/lidar/top/pointcloud_raw_ex,108223488165,1785606629417716802,92648553414500,108223488165,241077
/localization/kinematic_state,108273488166,1785606629459092554,92648594789788,108273488166,0
/localization/kinematic_state,108323488166,1785606629510710119,92648646407601,108323488166,0
/sensing/lidar/top/pointcloud_raw_ex,108323488166,1785606629520420374,92648656118116,108323488166,241013
/localization/kinematic_state,108373488167,1785606629558344020,92648694041233,108373488167,0
/localization/kinematic_state,108423488168,1785606629608348340,92648744045381,108423488168,0
/sensing/lidar/top/pointcloud_raw_ex,108423488168,1785606629622567695,92648758265419,108423488168,245781
/localization/kinematic_state,108473488168,1785606629662282438,92648797979854,108473488168,0
/localization/kinematic_state,108523488169,1785606629709451070,92648845148353,108523488169,0
/sensing/lidar/top/pointcloud_raw_ex,108523488169,1785606629717239878,92648852937500,108523488169,244213
/localization/kinematic_state,108573488170,1785606629764843762,92648900541089,108573488170,0
/localization/kinematic_state,108623488171,1785606629809219900,92648944917534,108623488171,0
/sensing/lidar/top/pointcloud_raw_ex,108623488171,1785606629821043194,92648956740963,108623488171,243285
/localization/kinematic_state,108673488171,1785606629859058853,92648994756327,108673488171,0
/localization/kinematic_state,108723488172,1785606629908808742,92649044505911,108723488172,0
/sensing/lidar/top/pointcloud_raw_ex,108723488172,1785606629919747008,92649055444581,108723488172,242709
/localization/kinematic_state,108773488173,1785606629959801140,92649095498505,108773488173,0
/localization/kinematic_state,108823488174,1785606630009499521,92649145196754,108823488174,0
/sensing/lidar/top/pointcloud_raw_ex,108823488174,1785606630023016607,92649158714367,108823488174,243413
/localization/kinematic_state,108873488174,1785606630059486732,92649195183894,108873488174,0
/localization/kinematic_state,108923488175,1785606630112776244,92649248473617,108923488175,0
/sensing/lidar/top/pointcloud_raw_ex,108923488175,1785606630128896846,92649264594634,108923488175,240661
/localization/kinematic_state,108973488176,1785606630159112949,92649294810316,108973488176,0
/localization/kinematic_state,109023488177,1785606630209078676,92649344775920,109023488177,0
/sensing/lidar/top/pointcloud_raw_ex,109023488177,1785606630221511424,92649357209604,109023488177,240341
/localization/kinematic_state,109073488177,1785606630266381949,92649402079357,109073488177,0
/localization/kinematic_state,109123488178,1785606630316098026,92649451795001,109123488178,0
/sensing/lidar/top/pointcloud_raw_ex,109123488178,1785606630322533228,92649458230793,109123488178,241653
/localization/kinematic_state,109173488179,1785606630360244255,92649495941601,109173488179,0
/localization/kinematic_state,109223488180,1785606630413755528,92649549452648,109223488180,0
/sensing/lidar/top/pointcloud_raw_ex,109223488180,1785606630423224004,92649558921678,109223488180,241685
/localization/kinematic_state,109273488180,1785606630461767947,92649597465268,109273488180,0
/localization/kinematic_state,109323488181,1785606630510589915,92649646287222,109323488181,0
/sensing/lidar/top/pointcloud_raw_ex,109323488181,1785606630521290583,92649656988254,109323488181,242869
/localization/kinematic_state,109373488182,1785606630563927400,92649699624730,109373488182,0
/localization/kinematic_state,109423488183,1785606630608212693,92649743909695,109423488183,0
/sensing/lidar/top/pointcloud_raw_ex,109423488183,1785606630618166782,92649753864432,109423488183,240917
/localization/kinematic_state,109473488183,1785606630662208034,92649797905381,109473488183,0
/localization/kinematic_state,109523488184,1785606630708606401,92649844303421,109523488184,0
/sensing/lidar/top/pointcloud_raw_ex,109523488184,1785606630722327163,92649858024791,109523488184,241973
/localization/kinematic_state,109573488185,1785606630758280035,92649893977157,109573488185,0
/localization/kinematic_state,109623488186,1785606630808975486,92649944672636,109623488186,0
/sensing/lidar/top/pointcloud_raw_ex,109623488186,1785606630817991178,92649953688664,109623488186,239477
/localization/kinematic_state,109673488186,1785606630862621110,92649998318379,109673488186,0
/localization/kinematic_state,109723488187,1785606630916281888,92650051979153,109723488187,0
/sensing/lidar/top/pointcloud_raw_ex,109723488187,1785606630921778187,92650057475584,109723488187,243637
/localization/kinematic_state,109773488188,1785606630958671325,92650094368334,109773488188,0
/localization/kinematic_state,109823488189,1785606631014799755,92650150496994,109823488189,0
/sensing/lidar/top/pointcloud_raw_ex,109823488189,1785606631029942125,92650165639802,109823488189,243317
/localization/kinematic_state,109873488189,1785606631059005374,92650194702699,109873488189,0
/localization/kinematic_state,109923488190,1785606631112171628,92650247868961,109923488190,0
/sensing/lidar/top/pointcloud_raw_ex,109923488190,1785606631127588671,92650263286285,109923488190,240085
/localization/kinematic_state,109973488191,1785606631164432643,92650300129973,109973488191,0
/localization/kinematic_state,110023488192,1785606631208802805,92650344499798,110023488192,0
/sensing/lidar/top/pointcloud_raw_ex,110023488192,1785606631217963633,92650353660988,110023488192,241077
/localization/kinematic_state,110073488192,1785606631259969823,92650395667167,110073488192,0
/localization/kinematic_state,110123488193,1785606631315379026,92650451076279,110123488193,0
/sensing/lidar/top/pointcloud_raw_ex,110123488193,1785606631319276711,92650454974192,110123488193,240565
/localization/kinematic_state,110173488194,1785606631360510033,92650496207184,110173488194,0
/localization/kinematic_state,110223488195,1785606631409258442,92650544955621,110223488195,0
/sensing/lidar/top/pointcloud_raw_ex,110223488195,1785606631424911439,92650560608988,110223488195,241397
/localization/kinematic_state,110273488195,1785606631459810874,92650595508167,110273488195,0
/localization/kinematic_state,110323488196,1785606631508274456,92650643971542,110323488196,0
/sensing/lidar/top/pointcloud_raw_ex,110323488196,1785606631521642760,92650657340150,110323488196,239093
/localization/kinematic_state,110373488197,1785606631558979831,92650694676903,110373488197,0
/localization/kinematic_state,110423488198,1785606631610750604,92650746447934,110423488198,0
/localization/kinematic_state,110473488198,1785606631658602326,92650794299555,110473488198,0
/localization/kinematic_state,110523488199,1785606631714377254,92650850074473,110523488199,0
/sensing/lidar/top/pointcloud_raw_ex,110523488199,1785606631724136991,92650859834589,110523488199,244021
/localization/kinematic_state,110573488200,1785606631763379609,92650899076873,110573488200,0
/localization/kinematic_state,110623488201,1785606631808720195,92650944417091,110623488201,0
/sensing/lidar/top/pointcloud_raw_ex,110623488201,1785606631818870861,92650954568615,110623488201,245461
/localization/kinematic_state,110673488201,1785606631860912676,92650996610277,110673488201,0
/localization/kinematic_state,110723488202,1785606631912676771,92651048373885,110723488202,0
/sensing/lidar/top/pointcloud_raw_ex,110723488202,1785606631922401181,92651058098831,110723488202,242037
/localization/kinematic_state,110773488203,1785606631959100196,92651094797533,110773488203,0
/localization/kinematic_state,110823488204,1785606632008759367,92651144456424,110823488204,0
/sensing/lidar/top/pointcloud_raw_ex,110823488204,1785606632022166537,92651157864403,110823488204,241845
/localization/kinematic_state,110923488205,1785606632109064473,92651244761715,110873488204,0
/localization/kinematic_state,110973488206,1785606632158586154,92651294283272,110973488206,0
/localization/kinematic_state,111023488206,1785606632216045943,92651351743500,111023488206,0
/sensing/lidar/top/pointcloud_raw_ex,111023488206,1785606632220314049,92651356012032,111023488206,237269
/localization/kinematic_state,111073488207,1785606632264869813,92651400567409,111073488207,0
/localization/kinematic_state,111123488208,1785606632309217471,92651444914690,111123488208,0
/localization/kinematic_state,111173488209,1785606632358360816,92651494058115,111173488209,0
/localization/kinematic_state,111223488209,1785606632408747708,92651544444781,111223488209,0
/sensing/lidar/top/pointcloud_raw_ex,111223488209,1785606632418984438,92651554682123,111223488209,239477
/localization/kinematic_state,111273488210,1785606632458513469,92651594210538,111273488210,0
/localization/kinematic_state,111323488211,1785606632513086674,92651648784076,111323488211,0
/sensing/lidar/top/pointcloud_raw_ex,111323488211,1785606632525197036,92651660894683,111323488211,242837
/localization/kinematic_state,111373488212,1785606632561625164,92651697322434,111373488212,0
/localization/kinematic_state,111423488212,1785606632609355068,92651745052504,111423488212,0
/sensing/lidar/top/pointcloud_raw_ex,111423488212,1785606632627796194,92651763493880,111423488212,242101
/localization/kinematic_state,111473488213,1785606632660610177,92651796307380,111473488213,0
/localization/kinematic_state,111523488214,1785606632708920253,92651844617456,111523488214,0
/localization/kinematic_state,111573488215,1785606632760048431,92651895745320,111573488215,0
/localization/kinematic_state,111623488215,1785606632814944438,92651950641918,111623488215,0
/sensing/lidar/top/pointcloud_raw_ex,111623488215,1785606632824383753,92651960081305,111623488215,239701
/localization/kinematic_state,111673488216,1785606632859406060,92651995103446,111673488216,0
/localization/kinematic_state,111723488217,1785606632908524477,92652044221528,111723488217,0
/sensing/lidar/top/pointcloud_raw_ex,111723488217,1785606632917832628,92652053530386,111723488217,241685
/localization/kinematic_state,111773488218,1785606632959206671,92652094903753,111773488218,0
/sensing/lidar/top/pointcloud_raw_ex,111823488218,1785606633021510883,92652157208662,111823488218,243765
/localization/kinematic_state,111873488219,1785606633058755602,92652194452713,111873488219,0
/localization/kinematic_state,111923488220,1785606633108149147,92652243846155,111923488220,0
/sensing/lidar/top/pointcloud_raw_ex,111923488220,1785606633120738734,92652256436467,111923488220,243733
/localization/kinematic_state,111973488221,1785606633158862195,92652294559421,111973488221,0
/localization/kinematic_state,112023488221,1785606633210882684,92652346580041,112023488221,0
/sensing/lidar/top/pointcloud_raw_ex,112023488221,1785606633220534852,92652356232533,112023488221,242517
/localization/kinematic_state,112073488222,1785606633261440368,92652397137913,112073488222,0
/localization/kinematic_state,112123488223,1785606633309736500,92652445433597,112123488223,0
/sensing/lidar/top/pointcloud_raw_ex,112123488223,1785606633323592390,92652459290214,112123488223,241525
/localization/kinematic_state,112173488224,1785606633361939167,92652497636297,112173488224,0
/localization/kinematic_state,112223488224,1785606633408489055,92652544186278,112223488224,0
/sensing/lidar/top/pointcloud_raw_ex,112223488224,1785606633418232175,92652553929815,112223488224,240821
/localization/kinematic_state,112273488225,1785606633460986086,92652596683292,112273488225,0
/localization/kinematic_state,112323488226,1785606633508230181,92652643927370,112323488226,0
/sensing/lidar/top/pointcloud_raw_ex,112323488226,1785606633524187178,92652659884752,112323488226,241589
/localization/kinematic_state,112373488227,1785606633559405415,92652695102645,112373488227,0
/localization/kinematic_state,112423488227,1785606633609445712,92652745142860,112423488227,0
/sensing/lidar/top/pointcloud_raw_ex,112423488227,1785606633626499918,92652762197354,112423488227,241909
/localization/kinematic_state,112473488228,1785606633658827368,92652794524650,112473488228,0
/localization/kinematic_state,112523488229,1785606633709890394,92652845587624,112523488229,0
/sensing/lidar/top/pointcloud_raw_ex,112523488229,1785606633721699878,92652857397643,112523488229,241525
/localization/kinematic_state,112573488230,1785606633763946235,92652899643456,112573488230,0
/localization/kinematic_state,112623488230,1785606633808622012,92652944319368,112623488230,0
/sensing/lidar/top/pointcloud_raw_ex,112623488230,1785606633817909018,92652953606678,112623488230,244469
/localization/kinematic_state,112673488231,1785606633860247830,92652995945035,112673488231,0
/localization/kinematic_state,112723488232,1785606633913713613,92653049410929,112723488232,0
/sensing/lidar/top/pointcloud_raw_ex,112723488232,1785606633919679708,92653055377543,112723488232,243701
/localization/kinematic_state,112773488233,1785606633958606191,92653094303178,112773488233,0
/localization/kinematic_state,112823488233,1785606634013615200,92653149312935,112823488233,0
/sensing/lidar/top/pointcloud_raw_ex,112823488233,1785606634024167875,92653159865626,112823488233,239701
/localization/kinematic_state,112873488234,1785606634059180171,92653194877433,112873488234,0
/localization/kinematic_state,112923488235,1785606634108881615,92653244578709,112923488235,0
/sensing/lidar/top/pointcloud_raw_ex,112923488235,1785606634122534450,92653258231843,112923488235,242101
/localization/kinematic_state,112973488236,1785606634159648372,92653295345490,112973488236,0
/localization/kinematic_state,113023488236,1785606634210985600,92653346682924,113023488236,0
/sensing/lidar/top/pointcloud_raw_ex,113023488236,1785606634220127342,92653355824708,113023488236,241013
/localization/kinematic_state,113073488237,1785606634259233820,92653394930931,113073488237,0
/localization/kinematic_state,113123488238,1785606634309660059,92653445357408,113123488238,0
/sensing/lidar/top/pointcloud_raw_ex,113123488238,1785606634319284876,92653454982698,113123488238,240981
/localization/kinematic_state,113173488239,1785606634358029583,92653493726622,113173488239,0
/localization/kinematic_state,113223488239,1785606634408955052,92653544652420,113223488239,0
/sensing/lidar/top/pointcloud_raw_ex,113223488239,1785606634419661051,92653555358675,113223488239,245525
/localization/kinematic_state,113273488240,1785606634460945252,92653596642806,113273488240,0
/localization/kinematic_state,113323488241,1785606634512182247,92653647879809,113323488241,0
/sensing/lidar/top/pointcloud_raw_ex,113323488241,1785606634521663910,92653657361681,113323488241,241397
/localization/kinematic_state,113373488242,1785606634567587021,92653703284296,113373488242,0
/localization/kinematic_state,113423488242,1785606634608511320,92653744208397,113423488242,0
/sensing/lidar/top/pointcloud_raw_ex,113423488242,1785606634630530462,92653766227807,113423488242,238005
/localization/kinematic_state,113473488243,1785606634661076689,92653796774438,113473488243,0
/localization/kinematic_state,113523488244,1785606634708560517,92653844257673,113473488243,0
/sensing/lidar/top/pointcloud_raw_ex,113523488244,1785606634724438157,92653860135774,113523488244,242421
/localization/kinematic_state,113573488244,1785606634763415308,92653899112595,113573488244,0
/localization/kinematic_state,113623488245,1785606634810739610,92653946436976,113623488245,0
/sensing/lidar/top/pointcloud_raw_ex,113623488245,1785606634823366663,92653959064076,113623488245,241141
/localization/kinematic_state,113673488246,1785606634860137472,92653995834476,113673488246,0
/localization/kinematic_state,113723488247,1785606634908557566,92654044304668,113723488247,0
/sensing/lidar/top/pointcloud_raw_ex,113723488247,1785606634926403390,92654062101040,113723488247,244149
/localization/kinematic_state,113773488247,1785606634961088376,92654096785626,113773488247,0
/localization/kinematic_state,113823488248,1785606635010354817,92654146051929,113823488248,0
/sensing/lidar/top/pointcloud_raw_ex,113823488248,1785606635023984958,92654159682605,113823488248,235733
/localization/kinematic_state,113873488249,1785606635058283869,92654193981190,113873488249,0
/localization/kinematic_state,113923488250,1785606635109727762,92654245424974,113923488250,0
/sensing/lidar/top/pointcloud_raw_ex,113923488250,1785606635125253653,92654260951351,113923488250,241589
/localization/kinematic_state,113973488250,1785606635159520231,92654295217245,113973488250,0
/localization/kinematic_state,114023488251,1785606635210060598,92654345757908,114023488251,0
/sensing/lidar/top/pointcloud_raw_ex,114023488251,1785606635226359005,92654362056744,114023488251,245909
/localization/kinematic_state,114073488252,1785606635258360442,92654394057674,114073488252,0
/localization/kinematic_state,114123488253,1785606635308238636,92654443935669,114123488253,0
/sensing/lidar/top/pointcloud_raw_ex,114123488253,1785606635322002872,92654457700129,114123488253,243349
/localization/kinematic_state,114173488253,1785606635358761463,92654494458627,114173488253,0
/localization/kinematic_state,114223488254,1785606635408753739,92654544450686,114223488254,0
/sensing/lidar/top/pointcloud_raw_ex,114223488254,1785606635423406351,92654559103675,114223488254,241077
/localization/kinematic_state,114273488255,1785606635461469179,92654597166740,114273488255,0
/localization/kinematic_state,114323488256,1785606635515379455,92654651076932,114323488256,0
/sensing/lidar/top/pointcloud_raw_ex,114323488256,1785606635520059644,92654655757239,114323488256,242805
/localization/kinematic_state,114373488256,1785606635559852146,92654695549473,114373488256,0
/localization/kinematic_state,114423488257,1785606635621595050,92654757292413,114423488257,0
/sensing/lidar/top/pointcloud_raw_ex,114423488257,1785606635623522212,92654759219656,114423488257,240629
/localization/kinematic_state,114473488258,1785606635662125767,92654797823029,114473488258,0
/sensing/lidar/top/pointcloud_raw_ex,114523488259,1785606635718694072,92654854391784,114523488259,239989
/localization/kinematic_state,114573488259,1785606635759560544,92654895257587,114573488259,0
/localization/kinematic_state,114623488260,1785606635819077382,92654954774521,114623488260,0
/sensing/lidar/top/pointcloud_raw_ex,114623488260,1785606635822232049,92654957929687,114623488260,240501
/localization/kinematic_state,114673488261,1785606635861887142,92654997584358,114673488261,0
/localization/kinematic_state,114723488262,1785606635908697209,92655044394245,114723488262,0
/sensing/lidar/top/pointcloud_raw_ex,114723488262,1785606635922313378,92655058011108,114723488262,243061
/localization/kinematic_state,114773488262,1785606635959194794,92655094892183,114773488262,0
/localization/kinematic_state,114823488263,1785606636012793921,92655148491362,114823488263,0
/sensing/lidar/top/pointcloud_raw_ex,114823488263,1785606636025479145,92655161176771,114823488263,242869
/localization/kinematic_state,114873488264,1785606636064013006,92655199710250,114873488264,0
/localization/kinematic_state,114923488265,1785606636109009527,92655244706566,114923488265,0
/sensing/lidar/top/pointcloud_raw_ex,114923488265,1785606636124058339,92655259756019,114923488265,241397
/localization/kinematic_state,114973488265,1785606636160180601,92655295877814,114973488265,0
/localization/kinematic_state,115023488266,1785606636208203118,92655343900388,115023488266,0
/sensing/lidar/top/pointcloud_raw_ex,115023488266,1785606636219594334,92655355292148,115023488266,242037
/localization/kinematic_state,115073488267,1785606636259378410,92655395075662,115073488267,0
/localization/kinematic_state,115123488268,1785606636308804208,92655444501522,115123488268,0
/sensing/lidar/top/pointcloud_raw_ex,115123488268,1785606636318244591,92655453942264,115123488268,244213
/localization/kinematic_state,115173488268,1785606636358974629,92655494671851,115173488268,0
/localization/kinematic_state,115223488269,1785606636409605956,92655545303195,115223488269,0
/sensing/lidar/top/pointcloud_raw_ex,115223488269,1785606636424301200,92655559999014,115223488269,240341
/localization/kinematic_state,115273488270,1785606636459112783,92655594809992,115273488270,0
/localization/kinematic_state,115323488271,1785606636508891296,92655644588591,115323488271,0
/sensing/lidar/top/pointcloud_raw_ex,115323488271,1785606636519992883,92655655690139,115323488271,244309
/localization/kinematic_state,115373488271,1785606636558645731,92655694342739,115373488271,0
/localization/kinematic_state,115423488272,1785606636608739023,92655744436185,115423488272,0
/sensing/lidar/top/pointcloud_raw_ex,115423488272,1785606636623000366,92655758698188,115423488272,242357
/localization/kinematic_state,115473488273,1785606636668902969,92655804600318,115473488273,0
/localization/kinematic_state,115523488274,1785606636709575383,92655845272521,115523488274,0
/sensing/lidar/top/pointcloud_raw_ex,115523488274,1785606636720150381,92655855848405,115523488274,244245
/localization/kinematic_state,115573488274,1785606636765581554,92655901278910,115573488274,0
/localization/kinematic_state,115623488275,1785606636809023432,92655944720508,115623488275,0
/sensing/lidar/top/pointcloud_raw_ex,115623488275,1785606636825734192,92655961431735,115623488275,239733
/localization/kinematic_state,115673488276,1785606636866775161,92656002472507,115673488276,0
/localization/kinematic_state,115723488277,1785606636908119488,92656043816630,115723488277,0
/sensing/lidar/top/pointcloud_raw_ex,115723488277,1785606636922502994,92656058200724,115723488277,240853
/localization/kinematic_state,115773488277,1785606636960376203,92656096073423,115773488277,0
/localization/kinematic_state,115823488278,1785606637008722160,92656144419221,115823488278,0
/sensing/lidar/top/pointcloud_raw_ex,115823488278,1785606637018152238,92656153850177,115823488278,245365
/localization/kinematic_state,115873488279,1785606637060373200,92656196070535,115873488279,0
/localization/kinematic_state,115923488280,1785606637108694766,92656244391956,115923488280,0
/sensing/lidar/top/pointcloud_raw_ex,115923488280,1785606637128950305,92656264647939,115923488280,243317
/localization/kinematic_state,115973488280,1785606637159688775,92656295385925,115973488280,0
/localization/kinematic_state,116023488281,1785606637213786682,92656349484078,116023488281,0
/sensing/lidar/top/pointcloud_raw_ex,116023488281,1785606637217536569,92656353234187,116023488281,241589
/localization/kinematic_state,116073488282,1785606637259351226,92656395048373,116073488282,0
/localization/kinematic_state,116123488282,1785606637308008477,92656443705473,116123488282,0
/sensing/lidar/top/pointcloud_raw_ex,116123488282,1785606637327919910,92656463617469,116123488282,241077
/localization/kinematic_state,116173488283,1785606637368134378,92656503831622,116173488283,0
/localization/kinematic_state,116223488284,1785606637408605819,92656544302976,116223488284,0
/sensing/lidar/top/pointcloud_raw_ex,116223488284,1785606637423011295,92656558708824,116223488284,243189
/localization/kinematic_state,116273488285,1785606637458493143,92656594190269,116273488285,0
/localization/kinematic_state,116323488285,1785606637509229449,92656644926567,116323488285,0
/sensing/lidar/top/pointcloud_raw_ex,116323488285,1785606637529058847,92656664756578,116323488285,243477
/localization/kinematic_state,116373488286,1785606637564536396,92656700233504,116373488286,0
/localization/kinematic_state,116423488287,1785606637612134638,92656747831769,116423488287,0
/sensing/lidar/top/pointcloud_raw_ex,116423488287,1785606637625463377,92656761160852,116423488287,239989
/localization/kinematic_state,116473488288,1785606637658206081,92656793903298,116473488288,0
/localization/kinematic_state,116523488288,1785606637708412399,92656844109588,116523488288,0
/sensing/lidar/top/pointcloud_raw_ex,116523488288,1785606637717579993,92656853277128,116523488288,240469
/localization/kinematic_state,116573488289,1785606637758768158,92656894465488,116573488289,0
/localization/kinematic_state,116623488290,1785606637808184679,92656943881781,116623488290,0
/sensing/lidar/top/pointcloud_raw_ex,116623488290,1785606637817012921,92656952710475,116623488290,244949
/localization/kinematic_state,116673488291,1785606637860535259,92656996232595,116673488291,0
/localization/kinematic_state,116723488291,1785606637915126951,92657050824169,116723488291,0
/sensing/lidar/top/pointcloud_raw_ex,116723488291,1785606637920389406,92657056087017,116723488291,243285
/localization/kinematic_state,116773488292,1785606637963363263,92657099060545,116773488292,0
/localization/kinematic_state,116823488293,1785606638009877396,92657145574835,116823488293,0
/sensing/lidar/top/pointcloud_raw_ex,116823488293,1785606638028257763,92657163955153,116823488293,242709
/localization/kinematic_state,116873488294,1785606638059677664,92657195375115,116873488294,0
/localization/kinematic_state,116923488294,1785606638111325369,92657247022555,116923488294,0
/sensing/lidar/top/pointcloud_raw_ex,116923488294,1785606638125978899,92657261676739,116923488294,241493
/localization/kinematic_state,116973488295,1785606638163199281,92657298896754,116973488295,0
/localization/kinematic_state,117023488296,1785606638213605404,92657349302696,117023488296,0
/sensing/lidar/top/pointcloud_raw_ex,117023488296,1785606638228139344,92657363836900,117023488296,239893
/localization/kinematic_state,117073488297,1785606638258473777,92657394170656,117073488297,0
/localization/kinematic_state,117123488297,1785606638309178572,92657444875669,117123488297,0
/sensing/lidar/top/pointcloud_raw_ex,117123488297,1785606638321133385,92657456831022,117123488297,245749
/localization/kinematic_state,117173488298,1785606638358158802,92657493856074,117173488298,0
/localization/kinematic_state,117223488299,1785606638408951168,92657544648412,117223488299,0
/localization/kinematic_state,117323488300,1785606638514413776,92657650111108,117323488300,0
/sensing/lidar/top/pointcloud_raw_ex,117323488300,1785606638526133573,92657661831143,117323488300,238901
/localization/kinematic_state,117423488302,1785606638612451032,92657748148348,117423488302,0
/sensing/lidar/top/pointcloud_raw_ex,117423488302,1785606638620569829,92657756267459,117423488302,247125
/localization/kinematic_state,117473488303,1785606638658624501,92657794321719,117473488303,0
/localization/kinematic_state,117523488303,1785606638714704874,92657850402256,117523488303,0
/sensing/lidar/top/pointcloud_raw_ex,117523488303,1785606638718290130,92657853987855,117523488303,244149
/localization/kinematic_state,117573488304,1785606638758480553,92657894177644,117573488304,0
/localization/kinematic_state,117623488305,1785606638810552792,92657946250280,117623488305,0
/sensing/lidar/top/pointcloud_raw_ex,117623488305,1785606638817950672,92657953648416,117623488305,242325
/localization/kinematic_state,117673488306,1785606638859014346,92657994711394,117673488306,0
/localization/kinematic_state,117723488306,1785606638909675823,92658045373066,117723488306,0
/sensing/lidar/top/pointcloud_raw_ex,117723488306,1785606638919090740,92658054788681,117723488306,242485
/localization/kinematic_state,117773488307,1785606638958449044,92658094146268,117773488307,0
/localization/kinematic_state,117823488308,1785606639008595977,92658144293243,117823488308,0
/sensing/lidar/top/pointcloud_raw_ex,117823488308,1785606639028213043,92658163910902,117823488308,241333
/localization/kinematic_state,117873488309,1785606639059204861,92658194902109,117873488309,0
/localization/kinematic_state,117923488309,1785606639111573442,92658247270901,117923488309,0
/sensing/lidar/top/pointcloud_raw_ex,117923488309,1785606639129917953,92658265615496,117923488309,241685
/localization/kinematic_state,117973488310,1785606639158624577,92658294321587,117973488310,0
/localization/kinematic_state,118023488311,1785606639216070706,92658351767923,118023488311,0
/sensing/lidar/top/pointcloud_raw_ex,118023488311,1785606639220211271,92658355908809,118023488311,241653
/localization/kinematic_state,118073488312,1785606639258474474,92658394171442,118073488312,0
/localization/kinematic_state,118123488312,1785606639315588186,92658451285537,118123488312,0
/localization/kinematic_state,118173488313,1785606639360482557,92658496179624,118173488313,0
/localization/kinematic_state,118223488314,1785606639410605415,92658546302536,118223488314,0
/sensing/lidar/top/pointcloud_raw_ex,118223488314,1785606639424691130,92658560388801,118223488314,242997
/localization/kinematic_state,118273488315,1785606639465399547,92658601096668,118273488315,0
/localization/kinematic_state,118323488315,1785606639516634370,92658652331492,118323488315,0
/sensing/lidar/top/pointcloud_raw_ex,118323488315,1785606639523980031,92658659677787,118323488315,243829
/localization/kinematic_state,118373488316,1785606639560265263,92658695962309,118373488316,0
/localization/kinematic_state,118423488317,1785606639614889161,92658750586144,118423488317,0
/sensing/lidar/top/pointcloud_raw_ex,118423488317,1785606639627988631,92658763686460,118423488317,240821
/localization/kinematic_state,118473488318,1785606639658303079,92658794005610,118473488318,0
/localization/kinematic_state,118523488318,1785606639709701278,92658845398654,118523488318,0
/sensing/lidar/top/pointcloud_raw_ex,118523488318,1785606639721421518,92658857120878,118523488318,241749
/localization/kinematic_state,118573488319,1785606639758350649,92658894047709,118573488319,0
/localization/kinematic_state,118623488320,1785606639809402857,92658945100074,118623488320,0
/localization/kinematic_state,118673488320,1785606639859064720,92658994761818,118673488320,0
/localization/kinematic_state,118723488321,1785606639911975438,92659047672668,118723488321,0
/sensing/lidar/top/pointcloud_raw_ex,118723488321,1785606639924242786,92659059940529,118723488321,241525
/localization/kinematic_state,118773488322,1785606639958927945,92659094624973,118773488322,0
/localization/kinematic_state,118823488323,1785606640009795661,92659145492971,118823488323,0
/sensing/lidar/top/pointcloud_raw_ex,118823488323,1785606640022552459,92659158250081,118823488323,242837
/localization/kinematic_state,118873488323,1785606640059916180,92659195613491,118873488323,0
/localization/kinematic_state,118923488324,1785606640109408981,92659245106154,118923488324,0
/sensing/lidar/top/pointcloud_raw_ex,118923488324,1785606640132887148,92659268584981,118923488324,242677
/localization/kinematic_state,118973488325,1785606640161387145,92659297084516,118973488325,0
/localization/kinematic_state,119023488326,1785606640211483932,92659347181093,119023488326,0
/sensing/lidar/top/pointcloud_raw_ex,119023488326,1785606640224994733,92659360692589,119023488326,241173
/localization/kinematic_state,119073488326,1785606640258462694,92659394159875,119073488326,0
/localization/kinematic_state,119123488327,1785606640313761413,92659449458545,119123488327,0
/sensing/lidar/top/pointcloud_raw_ex,119123488327,1785606640317276762,92659452974124,119123488327,242485
/localization/kinematic_state,119173488328,1785606640358276299,92659493973481,119173488328,0
/localization/kinematic_state,119223488329,1785606640416025311,92659551722525,119223488329,0
/localization/kinematic_state,119273488329,1785606640459799301,92659595496660,119273488329,0
/localization/kinematic_state,119323488330,1785606640511374688,92659647072186,119323488330,0
/sensing/lidar/top/pointcloud_raw_ex,119323488330,1785606640520533059,92659656230401,119323488330,242485
/localization/kinematic_state,119373488331,1785606640558072444,92659693769609,119373488331,0
/localization/kinematic_state,119423488332,1785606640610432087,92659746129334,119423488332,0
/sensing/lidar/top/pointcloud_raw_ex,119423488332,1785606640622734696,92659758432107,119423488332,238037
/localization/kinematic_state,119473488332,1785606640661121061,92659796818157,119473488332,0
/localization/kinematic_state,119523488333,1785606640709379703,92659845077144,119523488333,0
/sensing/lidar/top/pointcloud_raw_ex,119523488333,1785606640725528665,92659861226435,119523488333,242901
/localization/kinematic_state,119573488334,1785606640762078915,92659897776169,119573488334,0
/localization/kinematic_state,119623488335,1785606640808865684,92659944562836,119623488335,0
/sensing/lidar/top/pointcloud_raw_ex,119623488335,1785606640822435338,92659958132872,119623488335,239605
/localization/kinematic_state,119673488335,1785606640858339429,92659994036519,119673488335,0
/localization/kinematic_state,119723488336,1785606640909335940,92660045033233,119723488336,0
/localization/kinematic_state,119773488337,1785606640959570186,92660095267418,119773488337,0
/localization/kinematic_state,119823488338,1785606641009024818,92660144721993,119823488338,0
/localization/kinematic_state,119873488338,1785606641059299818,92660194996989,119873488338,0
/localization/kinematic_state,119923488339,1785606641108872396,92660244569464,119923488339,0
/sensing/lidar/top/pointcloud_raw_ex,119923488339,1785606641120915481,92660256612974,119923488339,237941
/localization/kinematic_state,119973488340,1785606641160189431,92660295886637,119973488340,0
/localization/kinematic_state,120023488341,1785606641208703187,92660344400344,120023488341,0
/sensing/lidar/top/pointcloud_raw_ex,120023488341,1785606641220749214,92660356447150,120023488341,240981
/localization/pose_estimator/pose_with_covariance,120023488341,1785606641232629861,92660368327510,120023488341,0
/localization/kinematic_state,120073488341,1785606641260385705,92660396083017,120073488341,0
/localization/kinematic_state,120123488342,1785606641309538623,92660445235835,120123488342,0
/sensing/lidar/top/pointcloud_raw_ex,120123488342,1785606641319290724,92660454988242,120123488342,238773
/localization/pose_estimator/pose_with_covariance,120123488342,1785606641334382953,92660470080626,120123488342,0
/localization/kinematic_state,120173488343,1785606641361814399,92660497511777,120173488343,0
/localization/kinematic_state,120223488344,1785606641408620685,92660544317958,120173488343,0
/sensing/lidar/top/pointcloud_raw_ex,120223488344,1785606641421669442,92660557367075,120223488344,243541
/localization/kinematic_state,120273488344,1785606641458507108,92660594204197,120273488344,0
/localization/kinematic_state,120323488345,1785606641511039992,92660646737130,120323488345,0
/sensing/lidar/top/pointcloud_raw_ex,120323488345,1785606641526447567,92660662145184,120323488345,241429
/localization/pose_estimator/pose_with_covariance,120123488342,1785606641526962733,92660662659771,120323488345,0
/localization/kinematic_state,120373488346,1785606641563660247,92660699357323,120373488346,0
/localization/kinematic_state,120423488347,1785606641609247404,92660744944645,120423488347,0
/sensing/lidar/top/pointcloud_raw_ex,120423488347,1785606641617972712,92660753670262,120423488347,242069
/localization/pose_estimator/pose_with_covariance,120423488347,1785606641627706521,92660763404175,120423488347,0
/localization/kinematic_state,120473488347,1785606641660071699,92660795768775,120473488347,0
/localization/kinematic_state,120523488348,1785606641708591096,92660844288168,120523488348,0
/sensing/lidar/top/pointcloud_raw_ex,120523488348,1785606641721514222,92660857212034,120523488348,241877
/localization/kinematic_state,120573488349,1785606641758174885,92660893871942,120573488349,0
/localization/kinematic_state,120623488350,1785606641809982624,92660945679867,120623488350,0
/localization/pose_estimator/pose_with_covariance,120423488347,1785606641815093722,92660950791189,120623488350,0
/sensing/lidar/top/pointcloud_raw_ex,120623488350,1785606641818301326,92660953998972,120623488350,242101
/localization/kinematic_state,120673488350,1785606641860505440,92660996202866,120673488350,0
/localization/kinematic_state,120723488351,1785606641910368455,92661046065821,120723488351,0
/sensing/lidar/top/pointcloud_raw_ex,120723488351,1785606641916519459,92661052217281,120723488351,240661
/localization/kinematic_state,120773488352,1785606641958927044,92661094624258,120773488352,0
/localization/kinematic_state,120823488353,1785606642008233567,92661143930550,120823488353,0
/sensing/lidar/top/pointcloud_raw_ex,120823488353,1785606642024504255,92661160201670,120823488353,240149
/localization/kinematic_state,120873488353,1785606642060583474,92661196280419,120873488353,0
/localization/kinematic_state,120923488354,1785606642109267542,92661244964586,120923488354,0
/sensing/lidar/top/pointcloud_raw_ex,120923488354,1785606642119572661,92661255269989,120923488354,240725
/localization/kinematic_state,120973488355,1785606642159414478,92661295111517,120973488355,0
/localization/kinematic_state,121023488356,1785606642208410013,92661344106948,121023488356,0
/sensing/lidar/top/pointcloud_raw_ex,121023488356,1785606642220393209,92661356090341,121023488356,244181
/localization/kinematic_state,121073488356,1785606642258127048,92661393824076,121073488356,0
/localization/kinematic_state,121123488357,1785606642309499730,92661445197082,121123488357,0
/sensing/lidar/top/pointcloud_raw_ex,121123488357,1785606642316775081,92661452472641,121123488357,242453
/localization/kinematic_state,121173488358,1785606642365839498,92661501536926,121173488358,0
/localization/kinematic_state,121223488358,1785606642413370062,92661549067194,121223488358,0
/sensing/lidar/top/pointcloud_raw_ex,121223488358,1785606642421867462,92661557565015,121223488358,241429
/localization/kinematic_state,121273488359,1785606642459034475,92661594731553,121273488359,0
/localization/kinematic_state,121323488360,1785606642508933780,92661644630993,121323488360,0
/sensing/lidar/top/pointcloud_raw_ex,121323488360,1785606642521639810,92661657337481,121323488360,241877
/localization/kinematic_state,121373488361,1785606642561278569,92661696975934,121373488361,0
/localization/kinematic_state,121423488361,1785606642608515827,92661744212930,121423488361,0
/sensing/lidar/top/pointcloud_raw_ex,121423488361,1785606642624040753,92661759738392,121423488361,241973
/localization/kinematic_state,121473488362,1785606642659587964,92661795285248,121473488362,0
/localization/kinematic_state,121523488363,1785606642712880002,92661848577387,121523488363,0
/localization/kinematic_state,121573488364,1785606642759235769,92661894933000,121573488364,0
/localization/kinematic_state,121623488364,1785606642809610640,92661945307984,121623488364,0
/sensing/lidar/top/pointcloud_raw_ex,121623488364,1785606642818408627,92661954106348,121623488364,244757
/localization/kinematic_state,121673488365,1785606642862442269,92661998139423,121673488365,0
/localization/kinematic_state,121723488366,1785606642910687036,92662046384179,121723488366,0
/sensing/lidar/top/pointcloud_raw_ex,121723488366,1785606642920395230,92662056092738,121723488366,242101
/localization/kinematic_state,121773488367,1785606642959919965,92662095617107,121773488367,0
/localization/kinematic_state,121823488367,1785606643008407677,92662144104866,121823488367,0
/sensing/lidar/top/pointcloud_raw_ex,121823488367,1785606643019917351,92662155614907,121823488367,243861
/localization/kinematic_state,121873488368,1785606643061147087,92662196844297,121873488368,0
/localization/kinematic_state,121923488369,1785606643108766083,92662244463157,121923488369,0
/localization/kinematic_state,121973488370,1785606643162700484,92662298397715,121973488370,0
/localization/kinematic_state,122023488370,1785606643208528052,92662344225247,122023488370,0
/sensing/lidar/top/pointcloud_raw_ex,122023488370,1785606643219002368,92662354700060,122023488370,241973
/localization/kinematic_state,122073488371,1785606643258468941,92662394166115,122073488371,0
/localization/kinematic_state,122123488372,1785606643308410479,92662444107610,122123488372,0
/sensing/lidar/top/pointcloud_raw_ex,122123488372,1785606643318623925,92662454321534,122123488372,239477
/localization/kinematic_state,122173488373,1785606643359993760,92662495691014,122173488373,0
/localization/kinematic_state,122223488373,1785606643409994897,92662545692107,122223488373,0
/sensing/lidar/top/pointcloud_raw_ex,122223488373,1785606643418360277,92662554057730,122223488373,241365
/localization/kinematic_state,122273488374,1785606643458412649,92662594109762,122273488374,0
/localization/kinematic_state,122323488375,1785606643513382795,92662649080200,122323488375,0
/sensing/lidar/top/pointcloud_raw_ex,122323488375,1785606643520357321,92662656054750,122323488375,240725
/localization/kinematic_state,122373488376,1785606643559210924,92662694907967,122373488376,0
/localization/kinematic_state,122423488376,1785606643611589083,92662747286437,122423488376,0
/sensing/lidar/top/pointcloud_raw_ex,122423488376,1785606643619911583,92662755609069,122423488376,240053
/localization/kinematic_state,122473488377,1785606643659224488,92662794921734,122473488377,0
/localization/kinematic_state,122523488378,1785606643714268091,92662849965255,122523488378,0
/sensing/lidar/top/pointcloud_raw_ex,122523488378,1785606643717629504,92662853326923,122523488378,243957
/localization/kinematic_state,122573488379,1785606643761867403,92662897564844,122573488379,0
/localization/kinematic_state,122623488379,1785606643812729390,92662948426788,122623488379,0
/sensing/lidar/top/pointcloud_raw_ex,122623488379,1785606643822574835,92662958272635,122623488379,242389
/localization/kinematic_state,122673488380,1785606643858815960,92662994513097,122673488380,0
/localization/kinematic_state,122723488381,1785606643909287413,92663044984511,122723488381,0
/sensing/lidar/top/pointcloud_raw_ex,122723488381,1785606643921284804,92663056982259,122723488381,240213
/localization/kinematic_state,122773488382,1785606643958756830,92663094453875,122773488382,0
/localization/kinematic_state,122823488382,1785606644011525765,92663147223298,122823488382,0
/sensing/lidar/top/pointcloud_raw_ex,122823488382,1785606644020561242,92663156258879,122823488382,240373
/localization/kinematic_state,122873488383,1785606644058074290,92663193771312,122873488383,0
/localization/kinematic_state,122923488384,1785606644109426337,92663245123265,122923488384,0
/sensing/lidar/top/pointcloud_raw_ex,122923488384,1785606644120321238,92663256018864,122923488384,244437
/localization/kinematic_state,122973488385,1785606644158570827,92663294267797,122973488385,0
/localization/kinematic_state,123023488385,1785606644209910228,92663345607619,123023488385,0
/localization/kinematic_state,123073488386,1785606644260754716,92663396452028,123073488386,0
/localization/kinematic_state,123123488387,1785606644308326922,92663444023954,123123488387,0
/sensing/lidar/top/pointcloud_raw_ex,123123488387,1785606644324678479,92663460376227,123123488387,240629
/localization/kinematic_state,123173488388,1785606644361330647,92663497028154,123173488388,0
/localization/kinematic_state,123223488388,1785606644411597185,92663547294773,123223488388,0
/sensing/lidar/top/pointcloud_raw_ex,123223488388,1785606644419360925,92663555058422,123223488388,243509
/localization/kinematic_state,123273488389,1785606644459398737,92663595096078,123273488389,0
/localization/kinematic_state,123323488390,1785606644510184673,92663645882072,123323488390,0
/sensing/lidar/top/pointcloud_raw_ex,123323488390,1785606644527437698,92663663135189,123323488390,242677
/localization/kinematic_state,123373488391,1785606644563806192,92663699503433,123373488391,0
/localization/kinematic_state,123423488391,1785606644609328762,92663745026086,123423488391,0
/sensing/lidar/top/pointcloud_raw_ex,123423488391,1785606644622397474,92663758095219,123423488391,241909
/localization/kinematic_state,123473488392,1785606644664240960,92663799938539,123473488392,0
/localization/kinematic_state,123523488393,1785606644711410122,92663847107426,123523488393,0
/sensing/lidar/top/pointcloud_raw_ex,123523488393,1785606644721256337,92663856953797,123523488393,239221
/localization/kinematic_state,123573488394,1785606644761793742,92663897491392,123573488394,0
/localization/kinematic_state,123623488394,1785606644812366256,92663948063483,123623488394,0
/sensing/lidar/top/pointcloud_raw_ex,123623488394,1785606644822080469,92663957777861,123623488394,242357
/localization/kinematic_state,123673488395,1785606644858663148,92663994360149,123673488395,0
/localization/kinematic_state,123723488396,1785606644909805347,92664045502613,123723488396,0
/sensing/lidar/top/pointcloud_raw_ex,123723488396,1785606644927463361,92664063161290,123723488396,243477
/localization/kinematic_state,123773488396,1785606644962931996,92664098629388,123773488396,0
