[INFO] [launch]: All log files can be found below /root/.ros/log/2026-08-04-03-55-41-931197-youtalk-desktop-120
[INFO] [launch]: Default logging verbosity is set to INFO
[INFO] [launch_ros.actions.load_composable_nodes]: Loaded node '/system/mrm_emergency_stop_operator' in container '/system/mrm_emergency_stop_operator/mrm_emergency_stop_operator_container'
[INFO] [launch_ros.actions.load_composable_nodes]: Loaded node '/system/mrm_comfortable_stop_operator' in container '/system/mrm_comfortable_stop_operator/mrm_comfortable_stop_operator_container'
[INFO] [component_container_mt-1]: process started with pid [495]
[INFO] [robot_state_publisher-2]: process started with pid [497]
[INFO] [autoware_duplicated_node_checker_node-3]: process started with pid [499]
[INFO] [processing_time_checker_node-4]: process started with pid [501]
[INFO] [autoware_pipeline_latency_monitor_node-5]: process started with pid [503]
[INFO] [service_log_checker_node-6]: process started with pid [505]
[INFO] [component_container-7]: process started with pid [507]
[INFO] [component_container-8]: process started with pid [509]
[INFO] [component_container-9]: process started with pid [511]
[INFO] [aggregator_node-10]: process started with pid [513]
[INFO] [converter_node-11]: process started with pid [515]
[INFO] [autoware_hazard_status_converter_node-12]: process started with pid [517]
[INFO] [autoware_mrm_handler_node-13]: process started with pid [519]
[INFO] [logging_node-14]: process started with pid [533]
[INFO] [component_container_mt-15]: process started with pid [545]
[INFO] [map_hash_generator-16]: process started with pid [757]
[INFO] [autoware_map_projection_loader_node-17]: process started with pid [759]
[INFO] [component_container-18]: process started with pid [761]
[INFO] [component_container-19]: process started with pid [764]
[INFO] [component_container-20]: process started with pid [766]
[INFO] [imu_corrector_node-21]: process started with pid [772]
[INFO] [gyro_bias_estimator_node-22]: process started with pid [792]
[INFO] [autoware_vehicle_velocity_converter_node-23]: process started with pid [794]
[INFO] [autoware_ndt_scan_matcher_node-24]: process started with pid [797]
[INFO] [autoware_gyro_odometer_node-25]: process started with pid [808]
[INFO] [autoware_pose_initializer_node-26]: process started with pid [833]
[INFO] [autoware_automatic_pose_initializer_node-27]: process started with pid [836]
[INFO] [autoware_ekf_localizer_node-28]: process started with pid [839]
[INFO] [autoware_stop_filter_node-29]: process started with pid [861]
[INFO] [autoware_twist2accel_node-30]: process started with pid [884]
[INFO] [autoware_pose_instability_detector_node-31]: process started with pid [888]
[INFO] [autoware_localization_error_monitor_node-32]: process started with pid [902]
[INFO] [autoware_manual_lane_change_handler_node-33]: process started with pid [906]
[INFO] [component_container_mt-34]: process started with pid [915]
[INFO] [goal_pose_visualizer-35]: process started with pid [939]
[INFO] [autoware_scenario_selector_node-36]: process started with pid [963]
[INFO] [external_velocity_limit_selector-37]: process started with pid [987]
[INFO] [component_container-38]: process started with pid [1015]
[INFO] [autoware_hazard_lights_selector_node-39]: process started with pid [1017]
[INFO] [component_container_mt-40]: process started with pid [1046]
[INFO] [component_container_mt-41]: process started with pid [1051]
[INFO] [component_container_mt-42]: process started with pid [1056]
[INFO] [component_container_mt-43]: process started with pid [1058]
[INFO] [planning_evaluator-44]: process started with pid [1060]
[INFO] [autoware_remaining_distance_time_calculator_node-45]: process started with pid [1062]
[INFO] [relay-46]: process started with pid [1075]
[INFO] [launch_ros.actions.load_composable_nodes]: Loaded node '/pointcloud_container/glog_component' in container '/pointcloud_container'
[INFO] [component_container_mt-47]: process started with pid [1079]
[INFO] [component_container_mt-48]: process started with pid [1081]
[INFO] [control_evaluator-49]: process started with pid [1131]
[INFO] [component_container_mt-50]: process started with pid [1155]
[INFO] [initial_pose_adaptor_node-51]: process started with pid [1179]
[INFO] [routing_adaptor_node-52]: process started with pid [1211]
[INFO] [launch_ros.actions.load_composable_nodes]: Loaded node '/sensing/lidar/top/glog_component' in container '/sensing/lidar/top/pointcloud_preprocessor/pointcloud_container'
[autoware_map_projection_loader_node-17] Load /autoware_map/town10-regen/map_projector_info.yaml
[component_container_mt-1] [INFO] [1785815749.648310990] [pointcloud_container]: Load Library: /opt/autoware/lib/libautoware_glog_component.so
[component_container_mt-1] [INFO] [1785815749.649633643] [pointcloud_container]: Found class: rclcpp_components::NodeFactoryTemplate<autoware::glog_component::GlogComponent>
[component_container_mt-1] [INFO] [1785815749.649694735] [pointcloud_container]: Instantiate class: rclcpp_components::NodeFactoryTemplate<autoware::glog_component::GlogComponent>
[robot_state_publisher-2] [INFO] [1785815749.523435264] [robot_state_publisher]: got segment base_link
[robot_state_publisher-2] [INFO] [1785815749.523528410] [robot_state_publisher]: got segment camera0/camera_link
[robot_state_publisher-2] [INFO] [1785815749.523534794] [robot_state_publisher]: got segment camera0/camera_optical_link
[robot_state_publisher-2] [INFO] [1785815749.523539012] [robot_state_publisher]: got segment camera1/camera_link
[robot_state_publisher-2] [INFO] [1785815749.523542093] [robot_state_publisher]: got segment camera1/camera_optical_link
[robot_state_publisher-2] [INFO] [1785815749.523545253] [robot_state_publisher]: got segment camera2/camera_link
[robot_state_publisher-2] [INFO] [1785815749.523548223] [robot_state_publisher]: got segment camera2/camera_optical_link
[robot_state_publisher-2] [INFO] [1785815749.523551263] [robot_state_publisher]: got segment camera3/camera_link
[robot_state_publisher-2] [INFO] [1785815749.523554472] [robot_state_publisher]: got segment camera3/camera_optical_link
[robot_state_publisher-2] [INFO] [1785815749.523557623] [robot_state_publisher]: got segment camera4/camera_link
[robot_state_publisher-2] [INFO] [1785815749.523560593] [robot_state_publisher]: got segment camera4/camera_optical_link
[robot_state_publisher-2] [INFO] [1785815749.523563596] [robot_state_publisher]: got segment camera5/camera_link
[robot_state_publisher-2] [INFO] [1785815749.523566586] [robot_state_publisher]: got segment camera5/camera_optical_link
[robot_state_publisher-2] [INFO] [1785815749.523569608] [robot_state_publisher]: got segment gnss_link
[robot_state_publisher-2] [INFO] [1785815749.523572684] [robot_state_publisher]: got segment sensor_kit_base_link
[robot_state_publisher-2] [INFO] [1785815749.523576062] [robot_state_publisher]: got segment tamagawa/imu_link
[robot_state_publisher-2] [INFO] [1785815749.523579279] [robot_state_publisher]: got segment traffic_light_left_camera/camera_link
[robot_state_publisher-2] [INFO] [1785815749.523582522] [robot_state_publisher]: got segment traffic_light_left_camera/camera_optical_link
[robot_state_publisher-2] [INFO] [1785815749.523585475] [robot_state_publisher]: got segment traffic_light_right_camera/camera_link
[robot_state_publisher-2] [INFO] [1785815749.523588567] [robot_state_publisher]: got segment traffic_light_right_camera/camera_optical_link
[robot_state_publisher-2] [INFO] [1785815749.523591727] [robot_state_publisher]: got segment velodyne_left
[robot_state_publisher-2] [INFO] [1785815749.523594803] [robot_state_publisher]: got segment velodyne_left_base_link
[robot_state_publisher-2] [INFO] [1785815749.523597875] [robot_state_publisher]: got segment velodyne_rear
[robot_state_publisher-2] [INFO] [1785815749.523600857] [robot_state_publisher]: got segment velodyne_rear_base_link
[robot_state_publisher-2] [INFO] [1785815749.523603884] [robot_state_publisher]: got segment velodyne_right
[robot_state_publisher-2] [INFO] [1785815749.523606884] [robot_state_publisher]: got segment velodyne_right_base_link
[robot_state_publisher-2] [INFO] [1785815749.523609869] [robot_state_publisher]: got segment velodyne_top
[robot_state_publisher-2] [INFO] [1785815749.523612903] [robot_state_publisher]: got segment velodyne_top_base_link
[autoware_pipeline_latency_monitor_node-5] [INFO] [1785815749.518446975] [system.pipeline_latency_monitor]: PipelineLatencyMonitorNode initialized
[component_container-8] [INFO] [1785815749.587725122] [system.mrm_comfortable_stop_operator.mrm_comfortable_stop_operator_container]: Load Library: /opt/autoware/lib/libautoware_mrm_comfortable_stop_operator_component.so
[component_container-8] [INFO] [1785815749.588496461] [system.mrm_comfortable_stop_operator.mrm_comfortable_stop_operator_container]: Found class: rclcpp_components::NodeFactoryTemplate<autoware::mrm_comfortable_stop_operator::MrmComfortableStopOperator>
[component_container-8] [INFO] [1785815749.588526160] [system.mrm_comfortable_stop_operator.mrm_comfortable_stop_operator_container]: Instantiate class: rclcpp_components::NodeFactoryTemplate<autoware::mrm_comfortable_stop_operator::MrmComfortableStopOperator>
[component_container-9] [INFO] [1785815749.558317138] [system.mrm_emergency_stop_operator.mrm_emergency_stop_operator_container]: Load Library: /opt/autoware/lib/libautoware_mrm_emergency_stop_operator_component.so
[component_container-9] [INFO] [1785815749.565271439] [system.mrm_emergency_stop_operator.mrm_emergency_stop_operator_container]: Found class: rclcpp_components::NodeFactoryTemplate<autoware::mrm_emergency_stop_operator::MrmEmergencyStopOperator>
[component_container-9] [INFO] [1785815749.565324054] [system.mrm_emergency_stop_operator.mrm_emergency_stop_operator_container]: Instantiate class: rclcpp_components::NodeFactoryTemplate<autoware::mrm_emergency_stop_operator::MrmEmergencyStopOperator>
[component_container_mt-15] [INFO] [1785815749.602565247] [map.map_container]: Load Library: /opt/autoware/lib/libpointcloud_map_loader_node.so
[component_container_mt-15] [INFO] [1785815749.638481465] [map.map_container]: Found class: rclcpp_components::NodeFactoryTemplate<autoware::map_loader::PointCloudMapLoaderNode>
[component_container_mt-15] [INFO] [1785815749.638519624] [map.map_container]: Instantiate class: rclcpp_components::NodeFactoryTemplate<autoware::map_loader::PointCloudMapLoaderNode>
[component_container-18] [INFO] [1785815749.660596555] [sensing.lidar.top.pointcloud_preprocessor.pointcloud_container]: Load Library: /opt/autoware/lib/libautoware_glog_component.so
[component_container-18] [INFO] [1785815749.666087857] [sensing.lidar.top.pointcloud_preprocessor.pointcloud_container]: Found class: rclcpp_components::NodeFactoryTemplate<autoware::glog_component::GlogComponent>
[component_container-18] [INFO] [1785815749.666144505] [sensing.lidar.top.pointcloud_preprocessor.pointcloud_container]: Instantiate class: rclcpp_components::NodeFactoryTemplate<autoware::glog_component::GlogComponent>
[imu_corrector_node-21] [INFO] [1785815749.568316079] [sensing.imu.imu_corrector]: correct_for_static_bias: true
[imu_corrector_node-21] [INFO] [1785815749.568388796] [sensing.imu.imu_corrector]: correct_for_dynamic_bias: false
[imu_corrector_node-21] [INFO] [1785815749.568396595] [sensing.imu.imu_corrector]: correct_for_scale: false
[gyro_bias_estimator_node-22] [WARN] [1785815749.650340705] [sensing.imu.gyro_bias_scale_validator]: failed to get transform from tamagawa/imu_link to base_link: "tamagawa/imu_link" passed to lookupTransform argument target_frame does not exist. 
[gyro_bias_estimator_node-22] [ERROR] [1785815749.650453297] [sensing.imu.gyro_bias_scale_validator]: Please publish TF base_link to tamagawa/imu_link
[autoware_ekf_localizer_node-28] [WARN] [1785815749.584554128] [localization.pose_twist_fusion_filter.ekf_localizer]: The node is not activated. Provide initial pose to pose_initializer
[autoware_scenario_selector_node-36] [INFO] [1785815749.702753912] [planning.scenario_planning.scenario_selector]: Waiting for current pose.
[component_container_mt-1] [INFO] [1785815749.713075600] [pointcloud_container]: Load Library: /opt/autoware/lib/libpointcloud_preprocessor_filter.so
[component_container-19] [INFO] [1785815749.725428017] [sensing.lidar.left.pointcloud_preprocessor.pointcloud_container]: Load Library: /opt/autoware/lib/libautoware_glog_component.so
[component_container-19] [INFO] [1785815749.726561611] [sensing.lidar.left.pointcloud_preprocessor.pointcloud_container]: Found class: rclcpp_components::NodeFactoryTemplate<autoware::glog_component::GlogComponent>
[component_container-19] [INFO] [1785815749.726582165] [sensing.lidar.left.pointcloud_preprocessor.pointcloud_container]: Instantiate class: rclcpp_components::NodeFactoryTemplate<autoware::glog_component::GlogComponent>
[INFO] [launch_ros.actions.load_composable_nodes]: Loaded node '/sensing/lidar/left/glog_component' in container '/sensing/lidar/left/pointcloud_preprocessor/pointcloud_container'
[autoware_mrm_handler_node-13] [INFO] [1785815749.883535702] [system.mrm_handler]: waiting for operation_mode_availability msg...
[component_container-7] [INFO] [1785815749.936207075] [system.component_state_monitor.container]: Load Library: /opt/autoware/lib/libautoware_component_state_monitor.so
[component_container-7] [INFO] [1785815749.937368567] [system.component_state_monitor.container]: Found class: rclcpp_components::NodeFactoryTemplate<autoware::component_state_monitor::StateMonitor>
[component_container-7] [INFO] [1785815749.937401201] [system.component_state_monitor.container]: Instantiate class: rclcpp_components::NodeFactoryTemplate<autoware::component_state_monitor::StateMonitor>
[component_container_mt-1] [INFO] [1785815749.948501012] [pointcloud_container]: Found class: rclcpp_components::NodeFactoryTemplate<autoware::pointcloud_preprocessor::ApproximateDownsampleFilterComponent>
[component_container_mt-1] [INFO] [1785815749.948556158] [pointcloud_container]: Found class: rclcpp_components::NodeFactoryTemplate<autoware::pointcloud_preprocessor::BlockageDiagComponent>
[component_container_mt-1] [INFO] [1785815749.948563213] [pointcloud_container]: Found class: rclcpp_components::NodeFactoryTemplate<autoware::pointcloud_preprocessor::CropBoxFilterComponent>
[component_container_mt-1] [INFO] [1785815749.948568855] [pointcloud_container]: Instantiate class: rclcpp_components::NodeFactoryTemplate<autoware::pointcloud_preprocessor::CropBoxFilterComponent>
[component_container-20] [INFO] [1785815749.956826208] [sensing.lidar.right.pointcloud_preprocessor.pointcloud_container]: Load Library: /opt/autoware/lib/libautoware_glog_component.so
[component_container-20] [INFO] [1785815749.958860908] [sensing.lidar.right.pointcloud_preprocessor.pointcloud_container]: Found class: rclcpp_components::NodeFactoryTemplate<autoware::glog_component::GlogComponent>
[component_container-20] [INFO] [1785815749.958907226] [sensing.lidar.right.pointcloud_preprocessor.pointcloud_container]: Instantiate class: rclcpp_components::NodeFactoryTemplate<autoware::glog_component::GlogComponent>
[autoware_mrm_handler_node-13] [INFO] [1785815749.983407237] [system.mrm_handler]: MRM State changed: NORMAL -> MRM_OPERATING
[autoware_mrm_handler_node-13] [WARN] [1785815749.983471800] [system.mrm_handler]: no mrm operation available: operate emergency_stop
[logging_node-14] [WARN] [1785815749.985434899] [logging_diag_graph]: The target mode is not available for the following reasons:
[INFO] [launch_ros.actions.load_composable_nodes]: Loaded node '/map/pointcloud_map_loader' in container '/map/map_container'
[INFO] [launch_ros.actions.load_composable_nodes]: Loaded node '/localization/util/crop_box_filter_measurement_range' in container '/pointcloud_container'
[INFO] [launch_ros.actions.load_composable_nodes]: Loaded node '/sensing/lidar/right/glog_component' in container '/sensing/lidar/right/pointcloud_preprocessor/pointcloud_container'
[logging_node-14] - /autoware/modes/autonomous ERROR
[logging_node-14]     - /autoware/map ERROR
[logging_node-14]         - /autoware/map/topic_rate_check/vector_map STALE
[logging_node-14]         - /autoware/map/topic_rate_check/pointcloud_map STALE
[INFO] [launch_ros.actions.load_composable_nodes]: Loaded node '/system/component_state_monitor/component' in container '/system/component_state_monitor/container'
[logging_node-14]     - /autoware/localization ERROR
[logging_node-14]         - /autoware/localization/state STALE
[logging_node-14]         - [anonymous group] ERROR
[logging_node-14]             - /autoware/localization/topic_rate_check/transform STALE
[logging_node-14]             - /autoware/localization/topic_rate_check/pose_twist_fusion STALE
[logging_node-14]             - /autoware/localization/scan_matching_status STALE
[logging_node-14]             - /autoware/localization/accuracy STALE
[logging_node-14]             - /autoware/localization/sensor_fusion_status WARN 
[logging_node-14]     - /autoware/planning ERROR
[logging_node-14]         - /autoware/planning/routing/state STALE
[logging_node-14]         - [anonymous group] ERROR
[logging_node-14]             - /autoware/planning/topic_rate_check/route STALE
[logging_node-14]             - /autoware/planning/topic_rate_check/trajectory STALE
[logging_node-14]             - /autoware/planning/trajectory_validation ERROR
[logging_node-14]     - /autoware/perception ERROR
[logging_node-14]         - /autoware/perception/topic_rate_check/objects STALE
[logging_node-14]         - /autoware/perception/topic_rate_check/pointcloud STALE
[logging_node-14]     - /autoware/control ERROR
[logging_node-14]         - /autoware/control/topic_rate_check/trajectory_follower STALE
[logging_node-14]         - /autoware/control/topic_rate_check/control_command STALE
[logging_node-14]         - /autoware/control/node_alive_monitoring/command_gate ERROR
[logging_node-14]             - /autoware/control/node_alive_monitoring/vehicle_cmd_gate STALE
[logging_node-14]             - /autoware/control/node_alive_monitoring/control_command_gate STALE
[logging_node-14]         - /autoware/control/emergency_braking STALE
[logging_node-14]         - /autoware/control/performance_monitoring/lane_departure STALE
[logging_node-14]         - /autoware/control/performance_monitoring/control_state STALE
[logging_node-14]     - /autoware/vehicle ERROR
[logging_node-14]         - /autoware/vehicle/topic_rate_check/velocity STALE
[logging_node-14]         - /autoware/vehicle/topic_rate_check/steering STALE
[logging_node-14]     - /autoware/system ERROR
[logging_node-14]         - /autoware/system/topic_rate_check/emergency_control_command STALE
[logging_node-14]         - /autoware/system/emergency_stop_operation ERROR
[logging_node-14]             - /autoware/system/emergency_stop_operation/vehicle_cmd_gate STALE
[logging_node-14]             - /autoware/system/emergency_stop_operation/control_command_gate STALE
[logging_node-14]     - /adapi/mrm_request/delegate STALE
[logging_node-14] 
[component_container_mt-1] [INFO] [1785815749.989865350] [pointcloud_container]: Found class: rclcpp_components::NodeFactoryTemplate<autoware::pointcloud_preprocessor::ApproximateDownsampleFilterComponent>
[component_container_mt-1] [INFO] [1785815749.989908326] [pointcloud_container]: Found class: rclcpp_components::NodeFactoryTemplate<autoware::pointcloud_preprocessor::BlockageDiagComponent>
[component_container_mt-1] [INFO] [1785815749.989914457] [pointcloud_container]: Found class: rclcpp_components::NodeFactoryTemplate<autoware::pointcloud_preprocessor::CropBoxFilterComponent>
[component_container_mt-1] [INFO] [1785815749.989919951] [pointcloud_container]: Found class: rclcpp_components::NodeFactoryTemplate<autoware::pointcloud_preprocessor::DistortionCorrectorComponent>
[component_container_mt-1] [INFO] [1785815749.989924845] [pointcloud_container]: Found class: rclcpp_components::NodeFactoryTemplate<autoware::pointcloud_preprocessor::DualReturnOutlierFilterComponent>
[component_container_mt-1] [INFO] [1785815749.989929173] [pointcloud_container]: Found class: rclcpp_components::NodeFactoryTemplate<autoware::pointcloud_preprocessor::Lanelet2MapFilterComponent>
[component_container_mt-1] [INFO] [1785815749.989933110] [pointcloud_container]: Found class: rclcpp_components::NodeFactoryTemplate<autoware::pointcloud_preprocessor::PassThroughFilterComponent>
[component_container_mt-1] [INFO] [1785815749.989936468] [pointcloud_container]: Found class: rclcpp_components::NodeFactoryTemplate<autoware::pointcloud_preprocessor::PassThroughFilterUInt16Component>
[component_container_mt-1] [INFO] [1785815749.989939863] [pointcloud_container]: Found class: rclcpp_components::NodeFactoryTemplate<autoware::pointcloud_preprocessor::PickupBasedVoxelGridDownsampleFilterComponent>
[component_container_mt-1] [INFO] [1785815749.989944488] [pointcloud_container]: Found class: rclcpp_components::NodeFactoryTemplate<autoware::pointcloud_preprocessor::PointCloudConcatenateDataSynchronizerComponent>
[component_container_mt-1] [INFO] [1785815749.989948601] [pointcloud_container]: Instantiate class: rclcpp_components::NodeFactoryTemplate<autoware::pointcloud_preprocessor::PointCloudConcatenateDataSynchronizerComponent>
[autoware_mrm_handler_node-13] [WARN] [1785815749.991720661] [system.mrm_handler]: EMERGENCY_STOP is operated.
[component_container_mt-40] [INFO] [1785815749.997100074] [planning.scenario_planning.lane_driving.behavior_planning.behavior_planning_container]: Load Library: /opt/autoware/lib/libautoware_glog_component.so
[component_container_mt-40] [INFO] [1785815749.997951047] [planning.scenario_planning.lane_driving.behavior_planning.behavior_planning_container]: Found class: rclcpp_components::NodeFactoryTemplate<autoware::glog_component::GlogComponent>
[component_container_mt-40] [INFO] [1785815749.997972179] [planning.scenario_planning.lane_driving.behavior_planning.behavior_planning_container]: Instantiate class: rclcpp_components::NodeFactoryTemplate<autoware::glog_component::GlogComponent>
[component_container_mt-42] [INFO] [1785815750.002771488] [planning.scenario_planning.parking.parking_container]: Load Library: /opt/autoware/lib/libcostmap_generator_node.so
[component_container-7] [INFO] [1785815750.004435147] [system.component_state_monitor.container]: Load Library: /opt/autoware/lib/libautoware_topic_state_monitor.so
[component_container-7] [INFO] [1785815750.006882888] [system.component_state_monitor.container]: Found class: rclcpp_components::NodeFactoryTemplate<autoware::topic_state_monitor::TopicStateMonitorNode>
[component_container-7] [INFO] [1785815750.006926907] [system.component_state_monitor.container]: Instantiate class: rclcpp_components::NodeFactoryTemplate<autoware::topic_state_monitor::TopicStateMonitorNode>
[component_container_mt-43] [INFO] [1785815750.007250881] [planning.planning_validator_container]: Load Library: /opt/autoware/lib/libautoware_glog_component.so
[component_container_mt-43] [INFO] [1785815750.008201567] [planning.planning_validator_container]: Found class: rclcpp_components::NodeFactoryTemplate<autoware::glog_component::GlogComponent>
[component_container_mt-43] [INFO] [1785815750.008231102] [planning.planning_validator_container]: Instantiate class: rclcpp_components::NodeFactoryTemplate<autoware::glog_component::GlogComponent>
[component_container_mt-47] [INFO] [1785815750.010813933] [control.control_container]: Load Library: /opt/autoware/lib/libautoware_glog_component.so
[component_container_mt-47] [INFO] [1785815750.012291114] [control.control_container]: Found class: rclcpp_components::NodeFactoryTemplate<autoware::glog_component::GlogComponent>
[component_container_mt-47] [INFO] [1785815750.012326461] [control.control_container]: Instantiate class: rclcpp_components::NodeFactoryTemplate<autoware::glog_component::GlogComponent>
[INFO] [launch_ros.actions.load_composable_nodes]: Loaded node '/planning/glog_component' in container '/planning/planning_validator_container'
[INFO] [launch_ros.actions.load_composable_nodes]: Loaded node '/planning/scenario_planning/lane_driving/behavior_planning/glog_component' in container '/planning/scenario_planning/lane_driving/behavior_planning/behavior_planning_container'
[component_container-38] [INFO] [1785815750.039262189] [planning.scenario_planning.velocity_smoother_container]: Load Library: /opt/autoware/lib/libautoware_velocity_smoother_node.so
[INFO] [launch_ros.actions.load_composable_nodes]: Loaded node '/control/glog_control_container_component' in container '/control/control_container'
[INFO] [launch_ros.actions.load_composable_nodes]: Loaded node '/system/topic_state_monitor_vector_map' in container '/system/component_state_monitor/container'
[INFO] [launch_ros.actions.load_composable_nodes]: Loaded node '/sensing/lidar/concatenate_data' in container 'pointcloud_container'
[component_container_mt-47] [INFO] [1785815750.044052562] [control.control_container]: Load Library: /opt/autoware/lib/libcontroller_node.so
[component_container_mt-47] [INFO] [1785815750.053135584] [control.control_container]: Found class: rclcpp_components::NodeFactoryTemplate<autoware::motion::control::trajectory_follower_node::Controller>
[component_container_mt-47] [INFO] [1785815750.053179183] [control.control_container]: Instantiate class: rclcpp_components::NodeFactoryTemplate<autoware::motion::control::trajectory_follower_node::Controller>
[INFO] [launch_ros.actions.load_composable_nodes]: Loaded node '/system/topic_state_monitor_initialpose3d' in container '/system/component_state_monitor/container'
[component_container_mt-1] [INFO] [1785815750.044788631] [sensing.lidar.concatenate_data]: Utilize advanced matching strategy
[component_container-7] [INFO] [1785815750.045332557] [system.component_state_monitor.container]: Found class: rclcpp_components::NodeFactoryTemplate<autoware::topic_state_monitor::TopicStateMonitorNode>
[component_container-7] [INFO] [1785815750.045364375] [system.component_state_monitor.container]: Instantiate class: rclcpp_components::NodeFactoryTemplate<autoware::topic_state_monitor::TopicStateMonitorNode>
[component_container-38] [INFO] [1785815750.049682677] [planning.scenario_planning.velocity_smoother_container]: Found class: rclcpp_components::NodeFactoryTemplate<autoware::velocity_smoother::VelocitySmootherNode>
[INFO] [launch_ros.actions.load_composable_nodes]: Loaded node '/control/glog_control_check_container_component' in container '/control/control_check_container'
[component_container-38] [INFO] [1785815750.049727302] [planning.scenario_planning.velocity_smoother_container]: Instantiate class: rclcpp_components::NodeFactoryTemplate<autoware::velocity_smoother::VelocitySmootherNode>
[component_container_mt-48] [INFO] [1785815750.056517017] [control.control_check_container]: Load Library: /opt/autoware/lib/libautoware_glog_component.so
[component_container_mt-48] [INFO] [1785815750.057563618] [control.control_check_container]: Found class: rclcpp_components::NodeFactoryTemplate<autoware::glog_component::GlogComponent>
[component_container_mt-48] [INFO] [1785815750.057596430] [control.control_check_container]: Instantiate class: rclcpp_components::NodeFactoryTemplate<autoware::glog_component::GlogComponent>
[component_container_mt-41] [INFO] [1785815750.059782141] [planning.scenario_planning.lane_driving.motion_planning.motion_planning_container]: Load Library: /opt/autoware/lib/libautoware_motion_velocity_planner_lib.so
[component_container-7] [INFO] [1785815750.064729665] [system.component_state_monitor.container]: Found class: rclcpp_components::NodeFactoryTemplate<autoware::topic_state_monitor::TopicStateMonitorNode>
[component_container-7] [INFO] [1785815750.064763677] [system.component_state_monitor.container]: Instantiate class: rclcpp_components::NodeFactoryTemplate<autoware::topic_state_monitor::TopicStateMonitorNode>
[component_container_mt-42] [INFO] [1785815750.072016924] [planning.scenario_planning.parking.parking_container]: Found class: rclcpp_components::NodeFactoryTemplate<autoware::costmap_generator::CostmapGenerator>
[component_container_mt-42] [INFO] [1785815750.072065227] [planning.scenario_planning.parking.parking_container]: Instantiate class: rclcpp_components::NodeFactoryTemplate<autoware::costmap_generator::CostmapGenerator>
[component_container_mt-48] [INFO] [1785815750.074993684] [control.control_check_container]: Load Library: /opt/autoware/lib/libautoware_lane_departure_checker.so
[autoware_mrm_handler_node-13] [WARN] [1785815750.083901050] [system.mrm_handler]: no mrm operation available: operate emergency_stop
[component_container_mt-48] [INFO] [1785815750.091999457] [control.control_check_container]: Found class: rclcpp_components::NodeFactoryTemplate<autoware::lane_departure_checker::LaneDepartureCheckerNode>
[component_container_mt-48] [INFO] [1785815750.092049208] [control.control_check_container]: Instantiate class: rclcpp_components::NodeFactoryTemplate<autoware::lane_departure_checker::LaneDepartureCheckerNode>
[INFO] [launch_ros.actions.load_composable_nodes]: Loaded node '/system/topic_state_monitor_pointcloud_map' in container '/system/component_state_monitor/container'
[component_container-7] [INFO] [1785815750.101963593] [system.topic_state_monitor_initialpose3d]: /initialpose3d has not received. Set ERROR in diagnostics.
[component_container-7] [INFO] [1785815750.102115319] [system.component_state_monitor.container]: Found class: rclcpp_components::NodeFactoryTemplate<autoware::topic_state_monitor::TopicStateMonitorNode>
[component_container-7] [INFO] [1785815750.102125691] [system.component_state_monitor.container]: Instantiate class: rclcpp_components::NodeFactoryTemplate<autoware::topic_state_monitor::TopicStateMonitorNode>
[component_container_mt-41] [INFO] [1785815750.123140012] [planning.scenario_planning.lane_driving.motion_planning.motion_planning_container]: Found class: rclcpp_components::NodeFactoryTemplate<autoware::motion_velocity_planner::MotionVelocityPlannerNode>
[component_container_mt-41] [INFO] [1785815750.124112424] [planning.scenario_planning.lane_driving.motion_planning.motion_planning_container]: Instantiate class: rclcpp_components::NodeFactoryTemplate<autoware::motion_velocity_planner::MotionVelocityPlannerNode>
[INFO] [launch_ros.actions.load_composable_nodes]: Loaded node '/planning/scenario_planning/velocity_smoother' in container '/planning/scenario_planning/velocity_smoother_container'
[INFO] [launch_ros.actions.load_composable_nodes]: Loaded node '/planning/scenario_planning/parking/costmap_generator' in container '/planning/scenario_planning/parking/parking_container'
[component_container-18] [INFO] [1785815750.139136513] [sensing.lidar.top.pointcloud_preprocessor.pointcloud_container]: Load Library: /opt/autoware/lib/libpointcloud_preprocessor_filter.so
[component_container_mt-48] [INFO] [1785815750.142059708] [control.control_check_container]: Load Library: /opt/autoware/lib/libautoware_control_validator_component.so
[component_container-7] [INFO] [1785815750.143803713] [system.component_state_monitor.container]: Found class: rclcpp_components::NodeFactoryTemplate<autoware::topic_state_monitor::TopicStateMonitorNode>
[component_container-7] [INFO] [1785815750.143832949] [system.component_state_monitor.container]: Instantiate class: rclcpp_components::NodeFactoryTemplate<autoware::topic_state_monitor::TopicStateMonitorNode>
[component_container-19] [INFO] [1785815750.144311462] [sensing.lidar.left.pointcloud_preprocessor.pointcloud_container]: Load Library: /opt/autoware/lib/libpointcloud_preprocessor_filter.so
[component_container_mt-48] [INFO] [1785815750.144520622] [control.control_check_container]: Found class: rclcpp_components::NodeFactoryTemplate<autoware::control_validator::ControlValidator>
[component_container_mt-48] [INFO] [1785815750.144542845] [control.control_check_container]: Instantiate class: rclcpp_components::NodeFactoryTemplate<autoware::control_validator::ControlValidator>
[INFO] [launch_ros.actions.load_composable_nodes]: Loaded node '/control/trajectory_follower/lane_departure_checker_node' in container '/control/control_check_container'
[INFO] [launch_ros.actions.load_composable_nodes]: Loaded node '/system/topic_state_monitor_obstacle_segmentation_pointcloud' in container '/system/component_state_monitor/container'
[component_container-20] [INFO] [1785815750.147487200] [sensing.lidar.right.pointcloud_preprocessor.pointcloud_container]: Load Library: /opt/autoware/lib/libpointcloud_preprocessor_filter.so
[component_container_mt-15] [INFO] [1785815750.150439469] [map.map_container]: Load Library: /opt/autoware/lib/liblanelet2_map_loader_node.so
[INFO] [launch_ros.actions.load_composable_nodes]: Loaded node '/control/trajectory_follower/controller_node_exe' in container '/control/control_container'
[INFO] [launch_ros.actions.load_composable_nodes]: Loaded node '/adapi/node/interface' in container '/adapi/container'
[component_container_mt-47] [INFO] [1785815750.152418471] [control.control_container]: Load Library: /opt/autoware/lib/libautoware_external_cmd_selector_node.so
[INFO] [launch_ros.actions.load_composable_nodes]: Loaded node '/system/topic_state_monitor_pose_twist_fusion_filter_pose' in container '/system/component_state_monitor/container'
[component_container_mt-47] [INFO] [1785815750.156218249] [control.control_container]: Found class: rclcpp_components::NodeFactoryTemplate<autoware::external_cmd_selector::ExternalCmdSelector>
[component_container_mt-47] [INFO] [1785815750.156259690] [control.control_container]: Instantiate class: rclcpp_components::NodeFactoryTemplate<autoware::external_cmd_selector::ExternalCmdSelector>
[component_container_mt-15] [INFO] [1785815750.158000705] [map.map_container]: Found class: rclcpp_components::NodeFactoryTemplate<autoware::map_loader::Lanelet2MapLoaderNode>
[component_container_mt-15] [INFO] [1785815750.158038977] [map.map_container]: Instantiate class: rclcpp_components::NodeFactoryTemplate<autoware::map_loader::Lanelet2MapLoaderNode>
[component_container-7] [INFO] [1785815750.171698186] [system.component_state_monitor.container]: Found class: rclcpp_components::NodeFactoryTemplate<autoware::topic_state_monitor::TopicStateMonitorNode>
[component_container-7] [INFO] [1785815750.171734791] [system.component_state_monitor.container]: Instantiate class: rclcpp_components::NodeFactoryTemplate<autoware::topic_state_monitor::TopicStateMonitorNode>
[component_container_mt-34] [INFO] [1785815750.172492711] [planning.mission_planning.mission_planner_container]: Load Library: /opt/autoware/lib/libautoware_mission_planner_universe_component.so
[component_container_mt-40] [INFO] [1785815750.180616721] [planning.scenario_planning.lane_driving.behavior_planning.behavior_planning_container]: Load Library: /opt/autoware/lib/libautoware_behavior_path_planner_lib.so
[component_container_mt-1] [INFO] [1785815750.184022378] [pointcloud_container]: Found class: rclcpp_components::NodeFactoryTemplate<autoware::pointcloud_preprocessor::ApproximateDownsampleFilterComponent>
[component_container_mt-1] [INFO] [1785815750.184066590] [pointcloud_container]: Found class: rclcpp_components::NodeFactoryTemplate<autoware::pointcloud_preprocessor::BlockageDiagComponent>
[component_container_mt-1] [INFO] [1785815750.184073646] [pointcloud_container]: Found class: rclcpp_components::NodeFactoryTemplate<autoware::pointcloud_preprocessor::CropBoxFilterComponent>
[component_container_mt-1] [INFO] [1785815750.184077854] [pointcloud_container]: Found class: rclcpp_components::NodeFactoryTemplate<autoware::pointcloud_preprocessor::DistortionCorrectorComponent>
[component_container_mt-1] [INFO] [1785815750.184081924] [pointcloud_container]: Found class: rclcpp_components::NodeFactoryTemplate<autoware::pointcloud_preprocessor::DualReturnOutlierFilterComponent>
[component_container_mt-1] [INFO] [1785815750.184110824] [pointcloud_container]: Found class: rclcpp_components::NodeFactoryTemplate<autoware::pointcloud_preprocessor::Lanelet2MapFilterComponent>
[component_container_mt-1] [INFO] [1785815750.184116485] [pointcloud_container]: Found class: rclcpp_components::NodeFactoryTemplate<autoware::pointcloud_preprocessor::PassThroughFilterComponent>
[component_container_mt-1] [INFO] [1785815750.184120000] [pointcloud_container]: Found class: rclcpp_components::NodeFactoryTemplate<autoware::pointcloud_preprocessor::PassThroughFilterUInt16Component>
[component_container_mt-1] [INFO] [1785815750.184123504] [pointcloud_container]: Found class: rclcpp_components::NodeFactoryTemplate<autoware::pointcloud_preprocessor::PickupBasedVoxelGridDownsampleFilterComponent>
[component_container_mt-1] [INFO] [1785815750.184127355] [pointcloud_container]: Found class: rclcpp_components::NodeFactoryTemplate<autoware::pointcloud_preprocessor::PointCloudConcatenateDataSynchronizerComponent>
[component_container_mt-1] [INFO] [1785815750.184131144] [pointcloud_container]: Found class: rclcpp_components::NodeFactoryTemplate<autoware::pointcloud_preprocessor::PointCloudConcatenationComponent>
[component_container_mt-1] [INFO] [1785815750.184134645] [pointcloud_container]: Found class: rclcpp_components::NodeFactoryTemplate<autoware::pointcloud_preprocessor::PointCloudDataSynchronizerComponent>
[component_container_mt-1] [INFO] [1785815750.184138197] [pointcloud_container]: Found class: rclcpp_components::NodeFactoryTemplate<autoware::pointcloud_preprocessor::PointCloudDensifierNode>
[component_container_mt-1] [INFO] [1785815750.184141976] [pointcloud_container]: Found class: rclcpp_components::NodeFactoryTemplate<autoware::pointcloud_preprocessor::PointcloudAccumulatorComponent>
[component_container_mt-1] [INFO] [1785815750.184146224] [pointcloud_container]: Found class: rclcpp_components::NodeFactoryTemplate<autoware::pointcloud_preprocessor::PolarVoxelOutlierFilterComponent>
[component_container_mt-1] [INFO] [1785815750.184149598] [pointcloud_container]: Found class: rclcpp_components::NodeFactoryTemplate<autoware::pointcloud_preprocessor::PolygonRemoverComponent>
[component_container_mt-1] [INFO] [1785815750.184153280] [pointcloud_container]: Found class: rclcpp_components::NodeFactoryTemplate<autoware::pointcloud_preprocessor::RadiusSearch2DOutlierFilterComponent>
[component_container_mt-1] [INFO] [1785815750.184156939] [pointcloud_container]: Found class: rclcpp_components::NodeFactoryTemplate<autoware::pointcloud_preprocessor::RandomDownsampleFilterComponent>
[component_container_mt-1] [INFO] [1785815750.184160313] [pointcloud_container]: Found class: rclcpp_components::NodeFactoryTemplate<autoware::pointcloud_preprocessor::RingOutlierFilterComponent>
[component_container_mt-1] [INFO] [1785815750.184163632] [pointcloud_container]: Found class: rclcpp_components::NodeFactoryTemplate<autoware::pointcloud_preprocessor::VectorMapInsideAreaFilterComponent>
[component_container_mt-1] [INFO] [1785815750.184167039] [pointcloud_container]: Found class: rclcpp_components::NodeFactoryTemplate<autoware::pointcloud_preprocessor::VoxelGridDownsampleFilterComponent>
[component_container_mt-1] [INFO] [1785815750.184170473] [pointcloud_container]: Instantiate class: rclcpp_components::NodeFactoryTemplate<autoware::pointcloud_preprocessor::VoxelGridDownsampleFilterComponent>
[component_container_mt-34] [INFO] [1785815750.187357628] [planning.mission_planning.mission_planner_container]: Found class: rclcpp_components::NodeFactoryTemplate<autoware::mission_planner_universe::MissionPlanner>
[component_container_mt-34] [INFO] [1785815750.187396055] [planning.mission_planning.mission_planner_container]: Instantiate class: rclcpp_components::NodeFactoryTemplate<autoware::mission_planner_universe::MissionPlanner>
[component_container_mt-43] [INFO] [1785815750.186053740] [planning.planning_validator_container]: Load Library: /opt/autoware/lib/libautoware_planning_validator_component.so
[component_container_mt-47] [INFO] [1785815750.188448616] [control.trajectory_follower.controller_node_exe]: Waiting for acceleration data
[component_container_mt-47] [INFO] [1785815750.188822678] [control.trajectory_follower.controller_node_exe]: Control is skipped since input data is not ready.
[autoware_mrm_handler_node-13] [WARN] [1785815750.189862714] [system.mrm_handler]: no mrm operation available: operate emergency_stop
[INFO] [launch_ros.actions.load_composable_nodes]: Loaded node '/map/lanelet2_map_loader' in container '/map/map_container'
[component_container_mt-43] [INFO] [1785815750.211247652] [planning.planning_validator_container]: Found class: rclcpp_components::NodeFactoryTemplate<autoware::planning_validator::PlanningValidatorNode>
[component_container_mt-43] [INFO] [1785815750.211290628] [planning.planning_validator_container]: Instantiate class: rclcpp_components::NodeFactoryTemplate<autoware::planning_validator::PlanningValidatorNode>
[component_container-7] [INFO] [1785815750.212266719] [system.component_state_monitor.container]: Found class: rclcpp_components::NodeFactoryTemplate<autoware::topic_state_monitor::TopicStateMonitorNode>
[INFO] [launch_ros.actions.load_composable_nodes]: Loaded node '/system/topic_state_monitor_mission_planning_route' in container '/system/component_state_monitor/container'
[component_container-7] [INFO] [1785815750.212288651] [system.component_state_monitor.container]: Instantiate class: rclcpp_components::NodeFactoryTemplate<autoware::topic_state_monitor::TopicStateMonitorNode>
[component_container-38] [INFO] [1785815750.217271755] [planning.scenario_planning.velocity_smoother_container]: Load Library: /opt/autoware/lib/libautoware_glog_component.so
[component_container-38] [INFO] [1785815750.219098634] [planning.scenario_planning.velocity_smoother_container]: Found class: rclcpp_components::NodeFactoryTemplate<autoware::glog_component::GlogComponent>
[component_container-38] [INFO] [1785815750.219128227] [planning.scenario_planning.velocity_smoother_container]: Instantiate class: rclcpp_components::NodeFactoryTemplate<autoware::glog_component::GlogComponent>
[component_container-20] [INFO] [1785815750.221265093] [sensing.lidar.right.pointcloud_preprocessor.pointcloud_container]: Found class: rclcpp_components::NodeFactoryTemplate<autoware::pointcloud_preprocessor::ApproximateDownsampleFilterComponent>
[component_container-20] [INFO] [1785815750.221304754] [sensing.lidar.right.pointcloud_preprocessor.pointcloud_container]: Found class: rclcpp_components::NodeFactoryTemplate<autoware::pointcloud_preprocessor::BlockageDiagComponent>
[component_container-20] [INFO] [1785815750.221311103] [sensing.lidar.right.pointcloud_preprocessor.pointcloud_container]: Found class: rclcpp_components::NodeFactoryTemplate<autoware::pointcloud_preprocessor::CropBoxFilterComponent>
[component_container-20] [INFO] [1785815750.221315409] [sensing.lidar.right.pointcloud_preprocessor.pointcloud_container]: Instantiate class: rclcpp_components::NodeFactoryTemplate<autoware::pointcloud_preprocessor::CropBoxFilterComponent>
[component_container-19] [INFO] [1785815750.224131999] [sensing.lidar.left.pointcloud_preprocessor.pointcloud_container]: Found class: rclcpp_components::NodeFactoryTemplate<autoware::pointcloud_preprocessor::ApproximateDownsampleFilterComponent>
[component_container-19] [INFO] [1785815750.224183281] [sensing.lidar.left.pointcloud_preprocessor.pointcloud_container]: Found class: rclcpp_components::NodeFactoryTemplate<autoware::pointcloud_preprocessor::BlockageDiagComponent>
[component_container-19] [INFO] [1785815750.224190351] [sensing.lidar.left.pointcloud_preprocessor.pointcloud_container]: Found class: rclcpp_components::NodeFactoryTemplate<autoware::pointcloud_preprocessor::CropBoxFilterComponent>
[component_container-19] [INFO] [1785815750.224196107] [sensing.lidar.left.pointcloud_preprocessor.pointcloud_container]: Instantiate class: rclcpp_components::NodeFactoryTemplate<autoware::pointcloud_preprocessor::CropBoxFilterComponent>
[component_container_mt-40] [INFO] [1785815750.228758533] [planning.scenario_planning.lane_driving.behavior_planning.behavior_planning_container]: Found class: rclcpp_components::NodeFactoryTemplate<autoware::behavior_path_planner::BehaviorPathPlannerNode>
[component_container_mt-40] [INFO] [1785815750.228806718] [planning.scenario_planning.lane_driving.behavior_planning.behavior_planning_container]: Instantiate class: rclcpp_components::NodeFactoryTemplate<autoware::behavior_path_planner::BehaviorPathPlannerNode>
[INFO] [launch_ros.actions.load_composable_nodes]: Loaded node '/localization/util/voxel_grid_downsample_filter' in container '/pointcloud_container'
[INFO] [launch_ros.actions.load_composable_nodes]: Loaded node '/system/topic_state_monitor_traffic_light_recognition_traffic_signals' in container '/system/component_state_monitor/container'
[component_container_mt-42] [ERROR] [1785815750.234174484] [planning.scenario_planning.parking.costmap_generator]: "map" passed to lookupTransform argument target_frame does not exist. 
[component_container_mt-48] [INFO] [1785815750.236038979] [control.trajectory_follower.lane_departure_checker_node]: waiting for current_twist msg...
[component_container-7] [INFO] [1785815750.239714044] [system.component_state_monitor.container]: Found class: rclcpp_components::NodeFactoryTemplate<autoware::topic_state_monitor::TopicStateMonitorNode>
[component_container-7] [INFO] [1785815750.239749705] [system.component_state_monitor.container]: Instantiate class: rclcpp_components::NodeFactoryTemplate<autoware::topic_state_monitor::TopicStateMonitorNode>
[component_container-18] [INFO] [1785815750.242010478] [sensing.lidar.top.pointcloud_preprocessor.pointcloud_container]: Found class: rclcpp_components::NodeFactoryTemplate<autoware::pointcloud_preprocessor::ApproximateDownsampleFilterComponent>
[component_container-18] [INFO] [1785815750.242049908] [sensing.lidar.top.pointcloud_preprocessor.pointcloud_container]: Found class: rclcpp_components::NodeFactoryTemplate<autoware::pointcloud_preprocessor::BlockageDiagComponent>
[component_container-18] [INFO] [1785815750.242056129] [sensing.lidar.top.pointcloud_preprocessor.pointcloud_container]: Found class: rclcpp_components::NodeFactoryTemplate<autoware::pointcloud_preprocessor::CropBoxFilterComponent>
[component_container-18] [INFO] [1785815750.242060637] [sensing.lidar.top.pointcloud_preprocessor.pointcloud_container]: Instantiate class: rclcpp_components::NodeFactoryTemplate<autoware::pointcloud_preprocessor::CropBoxFilterComponent>
[component_container_mt-42] [INFO] [1785815750.246773655] [planning.scenario_planning.parking.parking_container]: Load Library: /opt/autoware/lib/libfreespace_planner_node.so
[component_container_mt-42] [INFO] [1785815750.250323693] [planning.scenario_planning.parking.parking_container]: Found class: rclcpp_components::NodeFactoryTemplate<autoware::freespace_planner::FreespacePlannerNode>
[component_container_mt-42] [INFO] [1785815750.250352953] [planning.scenario_planning.parking.parking_container]: Instantiate class: rclcpp_components::NodeFactoryTemplate<autoware::freespace_planner::FreespacePlannerNode>
[component_container_mt-15] [WARN] [1785815750.250835429] [map.lanelet2_map_loader]: /autoware_map/town10-regen/lanelet2_map.osm has no format_version(null) or non semver-style format_version(null) information
[component_container_mt-15] [INFO] [1785815750.250883496] [map.lanelet2_map_loader]: Loaded map format_version: null
[component_container_mt-48] [INFO] [1785815750.251747986] [control.control_check_container]: Load Library: /opt/autoware/lib/libautoware_autonomous_emergency_braking_node.so
[component_container_mt-47] [INFO] [1785815750.253782540] [control.control_container]: Load Library: /opt/autoware/lib/libautoware_external_cmd_converter.so
[INFO] [launch_ros.actions.load_composable_nodes]: Loaded node '/control/external_cmd_selector' in container '/control/control_container'
[INFO] [launch_ros.actions.load_composable_nodes]: Loaded node '/control/control_validator' in container '/control/control_check_container'
[component_container_mt-15] [INFO] [1785815750.255386645] [map.map_container]: Load Library: /opt/autoware/lib/liblanelet2_map_visualization_node.so
[INFO] [launch_ros.actions.load_composable_nodes]: Loaded node '/planning/scenario_planning/glog_component' in container '/planning/scenario_planning/velocity_smoother_container'
[component_container_mt-1] [INFO] [1785815750.257534438] [pointcloud_container]: Found class: rclcpp_components::NodeFactoryTemplate<autoware::pointcloud_preprocessor::ApproximateDownsampleFilterComponent>
[component_container_mt-1] [INFO] [1785815750.257604433] [pointcloud_container]: Found class: rclcpp_components::NodeFactoryTemplate<autoware::pointcloud_preprocessor::BlockageDiagComponent>
[component_container_mt-1] [INFO] [1785815750.257612460] [pointcloud_container]: Found class: rclcpp_components::NodeFactoryTemplate<autoware::pointcloud_preprocessor::CropBoxFilterComponent>
[component_container_mt-1] [INFO] [1785815750.257617691] [pointcloud_container]: Found class: rclcpp_components::NodeFactoryTemplate<autoware::pointcloud_preprocessor::DistortionCorrectorComponent>
[component_container_mt-1] [INFO] [1785815750.257622515] [pointcloud_container]: Found class: rclcpp_components::NodeFactoryTemplate<autoware::pointcloud_preprocessor::DualReturnOutlierFilterComponent>
[component_container_mt-1] [INFO] [1785815750.257627412] [pointcloud_container]: Found class: rclcpp_components::NodeFactoryTemplate<autoware::pointcloud_preprocessor::Lanelet2MapFilterComponent>
[component_container_mt-1] [INFO] [1785815750.257631964] [pointcloud_container]: Found class: rclcpp_components::NodeFactoryTemplate<autoware::pointcloud_preprocessor::PassThroughFilterComponent>
[component_container_mt-1] [INFO] [1785815750.257658449] [pointcloud_container]: Found class: rclcpp_components::NodeFactoryTemplate<autoware::pointcloud_preprocessor::PassThroughFilterUInt16Component>
[component_container_mt-1] [INFO] [1785815750.257664592] [pointcloud_container]: Found class: rclcpp_components::NodeFactoryTemplate<autoware::pointcloud_preprocessor::PickupBasedVoxelGridDownsampleFilterComponent>
[component_container_mt-1] [INFO] [1785815750.257669613] [pointcloud_container]: Found class: rclcpp_components::NodeFactoryTemplate<autoware::pointcloud_preprocessor::PointCloudConcatenateDataSynchronizerComponent>
[component_container_mt-1] [INFO] [1785815750.257676457] [pointcloud_container]: Found class: rclcpp_components::NodeFactoryTemplate<autoware::pointcloud_preprocessor::PointCloudConcatenationComponent>
[component_container_mt-1] [INFO] [1785815750.257681301] [pointcloud_container]: Found class: rclcpp_components::NodeFactoryTemplate<autoware::pointcloud_preprocessor::PointCloudDataSynchronizerComponent>
[component_container_mt-1] [INFO] [1785815750.257685883] [pointcloud_container]: Found class: rclcpp_components::NodeFactoryTemplate<autoware::pointcloud_preprocessor::PointCloudDensifierNode>
[component_container_mt-1] [INFO] [1785815750.257690556] [pointcloud_container]: Found class: rclcpp_components::NodeFactoryTemplate<autoware::pointcloud_preprocessor::PointcloudAccumulatorComponent>
[component_container_mt-1] [INFO] [1785815750.257695256] [pointcloud_container]: Found class: rclcpp_components::NodeFactoryTemplate<autoware::pointcloud_preprocessor::PolarVoxelOutlierFilterComponent>
[component_container_mt-1] [INFO] [1785815750.257699926] [pointcloud_container]: Found class: rclcpp_components::NodeFactoryTemplate<autoware::pointcloud_preprocessor::PolygonRemoverComponent>
[component_container_mt-1] [INFO] [1785815750.257704785] [pointcloud_container]: Found class: rclcpp_components::NodeFactoryTemplate<autoware::pointcloud_preprocessor::RadiusSearch2DOutlierFilterComponent>
[component_container_mt-1] [INFO] [1785815750.257709647] [pointcloud_container]: Found class: rclcpp_components::NodeFactoryTemplate<autoware::pointcloud_preprocessor::RandomDownsampleFilterComponent>
[component_container_mt-1] [INFO] [1785815750.257714467] [pointcloud_container]: Instantiate class: rclcpp_components::NodeFactoryTemplate<autoware::pointcloud_preprocessor::RandomDownsampleFilterComponent>
[component_container_mt-15] [INFO] [1785815750.267539382] [map.map_container]: Found class: rclcpp_components::NodeFactoryTemplate<autoware::lanelet2_map_visualizer::Lanelet2MapVisualizationNode>
[component_container_mt-15] [INFO] [1785815750.267585425] [map.map_container]: Instantiate class: rclcpp_components::NodeFactoryTemplate<autoware::lanelet2_map_visualizer::Lanelet2MapVisualizationNode>
[component_container_mt-47] [INFO] [1785815750.267566450] [control.control_container]: Found class: rclcpp_components::NodeFactoryTemplate<autoware::external_cmd_converter::ExternalCmdConverterNode>
[component_container_mt-47] [INFO] [1785815750.271447400] [control.control_container]: Instantiate class: rclcpp_components::NodeFactoryTemplate<autoware::external_cmd_converter::ExternalCmdConverterNode>
[autoware_mrm_handler_node-13] [WARN] [1785815750.283618418] [system.mrm_handler]: no mrm operation available: operate emergency_stop
[component_container-7] [INFO] [1785815750.285805673] [system.component_state_monitor.container]: Found class: rclcpp_components::NodeFactoryTemplate<autoware::topic_state_monitor::TopicStateMonitorNode>
[INFO] [launch_ros.actions.load_composable_nodes]: Loaded node '/sensing/lidar/left/crop_box_filter_self' in container '/sensing/lidar/left/pointcloud_preprocessor/pointcloud_container'
[INFO] [launch_ros.actions.load_composable_nodes]: Loaded node '/system/topic_state_monitor_object_recognition_objects' in container '/system/component_state_monitor/container'
[INFO] [launch_ros.actions.load_composable_nodes]: Loaded node '/sensing/lidar/right/crop_box_filter_self' in container '/sensing/lidar/right/pointcloud_preprocessor/pointcloud_container'
[component_container-7] [INFO] [1785815750.285841233] [system.component_state_monitor.container]: Instantiate class: rclcpp_components::NodeFactoryTemplate<autoware::topic_state_monitor::TopicStateMonitorNode>
[component_container-19] [INFO] [1785815750.307336479] [sensing.lidar.left.pointcloud_preprocessor.pointcloud_container]: Found class: rclcpp_components::NodeFactoryTemplate<autoware::pointcloud_preprocessor::ApproximateDownsampleFilterComponent>
[component_container-19] [INFO] [1785815750.307433654] [sensing.lidar.left.pointcloud_preprocessor.pointcloud_container]: Found class: rclcpp_components::NodeFactoryTemplate<autoware::pointcloud_preprocessor::BlockageDiagComponent>
[component_container-19] [INFO] [1785815750.307441865] [sensing.lidar.left.pointcloud_preprocessor.pointcloud_container]: Found class: rclcpp_components::NodeFactoryTemplate<autoware::pointcloud_preprocessor::CropBoxFilterComponent>
[component_container-19] [INFO] [1785815750.307447608] [sensing.lidar.left.pointcloud_preprocessor.pointcloud_container]: Instantiate class: rclcpp_components::NodeFactoryTemplate<autoware::pointcloud_preprocessor::CropBoxFilterComponent>
[INFO] [launch_ros.actions.load_composable_nodes]: Loaded node '/adapi/node/localization' in container '/adapi/container'
[INFO] [launch_ros.actions.load_composable_nodes]: Loaded node '/localization/util/random_downsample_filter' in container '/pointcloud_container'
[component_container-20] [INFO] [1785815750.312121251] [sensing.lidar.right.pointcloud_preprocessor.pointcloud_container]: Found class: rclcpp_components::NodeFactoryTemplate<autoware::pointcloud_preprocessor::ApproximateDownsampleFilterComponent>
[INFO] [launch_ros.actions.load_composable_nodes]: Loaded node '/sensing/lidar/top/crop_box_filter_self' in container '/sensing/lidar/top/pointcloud_preprocessor/pointcloud_container'
[INFO] [launch_ros.actions.load_composable_nodes]: Loaded node '/map/lanelet2_map_visualization' in container '/map/map_container'
[component_container-20] [INFO] [1785815750.312159373] [sensing.lidar.right.pointcloud_preprocessor.pointcloud_container]: Found class: rclcpp_components::NodeFactoryTemplate<autoware::pointcloud_preprocessor::BlockageDiagComponent>
[component_container-20] [INFO] [1785815750.312165248] [sensing.lidar.right.pointcloud_preprocessor.pointcloud_container]: Found class: rclcpp_components::NodeFactoryTemplate<autoware::pointcloud_preprocessor::CropBoxFilterComponent>
[component_container-20] [INFO] [1785815750.312169730] [sensing.lidar.right.pointcloud_preprocessor.pointcloud_container]: Instantiate class: rclcpp_components::NodeFactoryTemplate<autoware::pointcloud_preprocessor::CropBoxFilterComponent>
[component_container_mt-48] [INFO] [1785815750.320149990] [control.control_check_container]: Found class: rclcpp_components::NodeFactoryTemplate<autoware::motion::control::autonomous_emergency_braking::AEB>
[component_container_mt-48] [INFO] [1785815750.320194037] [control.control_check_container]: Instantiate class: rclcpp_components::NodeFactoryTemplate<autoware::motion::control::autonomous_emergency_braking::AEB>
[component_container-18] [INFO] [1785815750.324808530] [sensing.lidar.top.pointcloud_preprocessor.pointcloud_container]: Found class: rclcpp_components::NodeFactoryTemplate<autoware::pointcloud_preprocessor::ApproximateDownsampleFilterComponent>
[component_container-18] [INFO] [1785815750.325725394] [sensing.lidar.top.pointcloud_preprocessor.pointcloud_container]: Found class: rclcpp_components::NodeFactoryTemplate<autoware::pointcloud_preprocessor::BlockageDiagComponent>
[component_container-18] [INFO] [1785815750.325735436] [sensing.lidar.top.pointcloud_preprocessor.pointcloud_container]: Found class: rclcpp_components::NodeFactoryTemplate<autoware::pointcloud_preprocessor::CropBoxFilterComponent>
[component_container-18] [INFO] [1785815750.325938029] [sensing.lidar.top.pointcloud_preprocessor.pointcloud_container]: Instantiate class: rclcpp_components::NodeFactoryTemplate<autoware::pointcloud_preprocessor::CropBoxFilterComponent>
[component_container_mt-15] [INFO] [1785815750.327030954] [map.map_container]: Load Library: /opt/autoware/lib/libvector_map_tf_generator_node.so
[component_container_mt-15] [INFO] [1785815750.331963665] [map.map_container]: Found class: rclcpp_components::NodeFactoryTemplate<autoware::map_tf_generator::VectorMapTFGeneratorNode>
[component_container_mt-15] [INFO] [1785815750.332033604] [map.map_container]: Instantiate class: rclcpp_components::NodeFactoryTemplate<autoware::map_tf_generator::VectorMapTFGeneratorNode>
[INFO] [launch_ros.actions.load_composable_nodes]: Loaded node '/planning/mission_planning/mission_planner' in container '/planning/mission_planning/mission_planner_container'
[component_container_mt-34] [INFO] [1785815750.348773675] [planning.mission_planning.mission_planner_container]: Found class: rclcpp_components::NodeFactoryTemplate<autoware::mission_planner_universe::MissionPlanner>
[component_container_mt-34] [INFO] [1785815750.348819782] [planning.mission_planning.mission_planner_container]: Found class: rclcpp_components::NodeFactoryTemplate<autoware::mission_planner_universe::RouteSelector>
[component_container_mt-34] [INFO] [1785815750.348829144] [planning.mission_planning.mission_planner_container]: Instantiate class: rclcpp_components::NodeFactoryTemplate<autoware::mission_planner_universe::RouteSelector>
[component_container_mt-42] [INFO] [1785815750.357867915] [planning.scenario_planning.parking.freespace_planner]: initialize planning algorithm: astar
[component_container-7] [INFO] [1785815750.357960731] [system.component_state_monitor.container]: Found class: rclcpp_components::NodeFactoryTemplate<autoware::topic_state_monitor::TopicStateMonitorNode>
[component_container-7] [INFO] [1785815750.358073409] [system.component_state_monitor.container]: Instantiate class: rclcpp_components::NodeFactoryTemplate<autoware::topic_state_monitor::TopicStateMonitorNode>
[component_container_mt-47] [INFO] [1785815750.358799975] [control.control_container]: Load Library: /opt/autoware/lib/libautoware_shift_decider_node.so
[component_container_mt-47] [INFO] [1785815750.360536861] [control.control_container]: Found class: rclcpp_components::NodeFactoryTemplate<autoware::shift_decider::ShiftDecider>
[component_container_mt-47] [INFO] [1785815750.360566928] [control.control_container]: Instantiate class: rclcpp_components::NodeFactoryTemplate<autoware::shift_decider::ShiftDecider>
[INFO] [launch_ros.actions.load_composable_nodes]: Loaded node '/system/topic_state_monitor_control_command_control_cmd' in container '/system/component_state_monitor/container'
[INFO] [launch_ros.actions.load_composable_nodes]: Loaded node '/control/external_cmd_converter' in container '/control/control_container'
[INFO] [launch_ros.actions.load_composable_nodes]: Loaded node '/sensing/lidar/left/crop_box_filter_mirror' in container '/sensing/lidar/left/pointcloud_preprocessor/pointcloud_container'
[component_container_mt-15] [INFO] [1785815750.380498868] [map.lanelet2_map_loader]: Succeeded to load lanelet2_map. Map is published.
[component_container-18] [WARN] [1785815750.383277803] [sensing.lidar.top.crop_box_filter_self]: Invalid PointCloud: is_dense is false. The point cloud should be organized (dense) and contain only valid points. This will be an ERROR starting in 2026 JulyFrame: 'velodyne_top', Stamp: 14.785701173
[INFO] [launch_ros.actions.load_composable_nodes]: Loaded node '/sensing/lidar/top/crop_box_filter_mirror' in container '/sensing/lidar/top/pointcloud_preprocessor/pointcloud_container'
[INFO] [launch_ros.actions.load_composable_nodes]: Loaded node '/control/autonomous_emergency_braking' in container '/control/control_check_container'
[INFO] [launch_ros.actions.load_composable_nodes]: Loaded node '/system/topic_state_monitor_scenario_planning_trajectory' in container '/system/component_state_monitor/container'
[autoware_mrm_handler_node-13] [WARN] [1785815750.384240604] [system.mrm_handler]: no mrm operation available: operate emergency_stop
[component_container-19] [INFO] [1785815750.388473442] [sensing.lidar.left.pointcloud_preprocessor.pointcloud_container]: Found class: rclcpp_components::NodeFactoryTemplate<autoware::pointcloud_preprocessor::ApproximateDownsampleFilterComponent>
[component_container-19] [INFO] [1785815750.390063556] [sensing.lidar.left.pointcloud_preprocessor.pointcloud_container]: Found class: rclcpp_components::NodeFactoryTemplate<autoware::pointcloud_preprocessor::BlockageDiagComponent>
[INFO] [launch_ros.actions.load_composable_nodes]: Loaded node '/control/autoware_shift_decider' in container '/control/control_container'
[INFO] [launch_ros.actions.load_composable_nodes]: Loaded node '/planning/scenario_planning/parking/freespace_planner' in container '/planning/scenario_planning/parking/parking_container'
[INFO] [launch_ros.actions.load_composable_nodes]: Loaded node '/sensing/lidar/right/crop_box_filter_mirror' in container '/sensing/lidar/right/pointcloud_preprocessor/pointcloud_container'
[INFO] [launch_ros.actions.load_composable_nodes]: Loaded node '/adapi/node/routing' in container '/adapi/container'
[component_container-19] [INFO] [1785815750.390078071] [sensing.lidar.left.pointcloud_preprocessor.pointcloud_container]: Found class: rclcpp_components::NodeFactoryTemplate<autoware::pointcloud_preprocessor::CropBoxFilterComponent>
[component_container-19] [INFO] [1785815750.390084184] [sensing.lidar.left.pointcloud_preprocessor.pointcloud_container]: Found class: rclcpp_components::NodeFactoryTemplate<autoware::pointcloud_preprocessor::DistortionCorrectorComponent>
[component_container-19] [INFO] [1785815750.390090093] [sensing.lidar.left.pointcloud_preprocessor.pointcloud_container]: Instantiate class: rclcpp_components::NodeFactoryTemplate<autoware::pointcloud_preprocessor::DistortionCorrectorComponent>
[component_container_mt-48] [INFO] [1785815750.390097623] [control.control_check_container]: Load Library: /opt/autoware/lib/libautoware_collision_detector.so
[component_container_mt-48] [INFO] [1785815750.391971868] [control.control_check_container]: Found class: rclcpp_components::NodeFactoryTemplate<autoware::collision_detector::CollisionDetectorNode>
[component_container_mt-48] [INFO] [1785815750.391995908] [control.control_check_container]: Instantiate class: rclcpp_components::NodeFactoryTemplate<autoware::collision_detector::CollisionDetectorNode>
[component_container-7] [INFO] [1785815750.400461798] [system.component_state_monitor.container]: Found class: rclcpp_components::NodeFactoryTemplate<autoware::topic_state_monitor::TopicStateMonitorNode>
[component_container-7] [INFO] [1785815750.400500208] [system.component_state_monitor.container]: Instantiate class: rclcpp_components::NodeFactoryTemplate<autoware::topic_state_monitor::TopicStateMonitorNode>
[component_container_mt-34] [INFO] [1785815750.433730389] [planning.mission_planning.mission_planner]: waiting lanelet map... Route API is not ready.
[component_container-20] [INFO] [1785815750.438164070] [sensing.lidar.right.pointcloud_preprocessor.pointcloud_container]: Found class: rclcpp_components::NodeFactoryTemplate<autoware::pointcloud_preprocessor::ApproximateDownsampleFilterComponent>
[component_container-20] [INFO] [1785815750.438225480] [sensing.lidar.right.pointcloud_preprocessor.pointcloud_container]: Found class: rclcpp_components::NodeFactoryTemplate<autoware::pointcloud_preprocessor::BlockageDiagComponent>
[component_container-20] [INFO] [1785815750.438233182] [sensing.lidar.right.pointcloud_preprocessor.pointcloud_container]: Found class: rclcpp_components::NodeFactoryTemplate<autoware::pointcloud_preprocessor::CropBoxFilterComponent>
[component_container-20] [INFO] [1785815750.438238919] [sensing.lidar.right.pointcloud_preprocessor.pointcloud_container]: Found class: rclcpp_components::NodeFactoryTemplate<autoware::pointcloud_preprocessor::DistortionCorrectorComponent>
[component_container-20] [INFO] [1785815750.438244357] [sensing.lidar.right.pointcloud_preprocessor.pointcloud_container]: Instantiate class: rclcpp_components::NodeFactoryTemplate<autoware::pointcloud_preprocessor::DistortionCorrectorComponent>
[component_container-18] [INFO] [1785815750.440224447] [sensing.lidar.top.pointcloud_preprocessor.pointcloud_container]: Found class: rclcpp_components::NodeFactoryTemplate<autoware::pointcloud_preprocessor::ApproximateDownsampleFilterComponent>
[component_container-18] [INFO] [1785815750.440257977] [sensing.lidar.top.pointcloud_preprocessor.pointcloud_container]: Found class: rclcpp_components::NodeFactoryTemplate<autoware::pointcloud_preprocessor::BlockageDiagComponent>
[component_container-18] [INFO] [1785815750.440263787] [sensing.lidar.top.pointcloud_preprocessor.pointcloud_container]: Found class: rclcpp_components::NodeFactoryTemplate<autoware::pointcloud_preprocessor::CropBoxFilterComponent>
[INFO] [launch_ros.actions.load_composable_nodes]: Loaded node '/map/vector_map_tf_generator' in container '/map/map_container'
[INFO] [launch_ros.actions.load_composable_nodes]: Loaded node '/planning/mission_planning/route_selector' in container '/planning/mission_planning/mission_planner_container'
[component_container-18] [INFO] [1785815750.440267869] [sensing.lidar.top.pointcloud_preprocessor.pointcloud_container]: Found class: rclcpp_components::NodeFactoryTemplate<autoware::pointcloud_preprocessor::DistortionCorrectorComponent>
[INFO] [launch_ros.actions.load_composable_nodes]: Loaded node '/sensing/lidar/left/distortion_corrector_node' in container '/sensing/lidar/left/pointcloud_preprocessor/pointcloud_container'
[component_container-18] [INFO] [1785815750.440272186] [sensing.lidar.top.pointcloud_preprocessor.pointcloud_container]: Instantiate class: rclcpp_components::NodeFactoryTemplate<autoware::pointcloud_preprocessor::DistortionCorrectorComponent>
[component_container_mt-42] [INFO] [1785815750.440280115] [planning.scenario_planning.parking.parking_container]: Load Library: /opt/autoware/lib/libautoware_glog_component.so
[component_container_mt-42] [INFO] [1785815750.443770633] [planning.scenario_planning.parking.parking_container]: Found class: rclcpp_components::NodeFactoryTemplate<autoware::glog_component::GlogComponent>
[component_container_mt-42] [INFO] [1785815750.443809931] [planning.scenario_planning.parking.parking_container]: Instantiate class: rclcpp_components::NodeFactoryTemplate<autoware::glog_component::GlogComponent>
[component_container_mt-47] [INFO] [1785815750.445814871] [control.control_container]: Load Library: /opt/autoware/lib/libvehicle_cmd_gate_node.so
[component_container_mt-34] [INFO] [1785815750.462503462] [planning.mission_planning.mission_planner_container]: Load Library: /opt/autoware/lib/libautoware_glog_component.so
[component_container-19] [INFO] [1785815750.467494706] [sensing.lidar.left.pointcloud_preprocessor.pointcloud_container]: Found class: rclcpp_components::NodeFactoryTemplate<autoware::pointcloud_preprocessor::ApproximateDownsampleFilterComponent>
[component_container-19] [INFO] [1785815750.467539921] [sensing.lidar.left.pointcloud_preprocessor.pointcloud_container]: Found class: rclcpp_components::NodeFactoryTemplate<autoware::pointcloud_preprocessor::BlockageDiagComponent>
[component_container-19] [INFO] [1785815750.467547723] [sensing.lidar.left.pointcloud_preprocessor.pointcloud_container]: Found class: rclcpp_components::NodeFactoryTemplate<autoware::pointcloud_preprocessor::CropBoxFilterComponent>
[component_container-19] [INFO] [1785815750.467599309] [sensing.lidar.left.pointcloud_preprocessor.pointcloud_container]: Found class: rclcpp_components::NodeFactoryTemplate<autoware::pointcloud_preprocessor::DistortionCorrectorComponent>
[component_container-19] [INFO] [1785815750.467606658] [sensing.lidar.left.pointcloud_preprocessor.pointcloud_container]: Found class: rclcpp_components::NodeFactoryTemplate<autoware::pointcloud_preprocessor::DualReturnOutlierFilterComponent>
[component_container-19] [INFO] [1785815750.467612351] [sensing.lidar.left.pointcloud_preprocessor.pointcloud_container]: Found class: rclcpp_components::NodeFactoryTemplate<autoware::pointcloud_preprocessor::Lanelet2MapFilterComponent>
[component_container-19] [INFO] [1785815750.467617897] [sensing.lidar.left.pointcloud_preprocessor.pointcloud_container]: Found class: rclcpp_components::NodeFactoryTemplate<autoware::pointcloud_preprocessor::PassThroughFilterComponent>
[component_container-19] [INFO] [1785815750.467623443] [sensing.lidar.left.pointcloud_preprocessor.pointcloud_container]: Found class: rclcpp_components::NodeFactoryTemplate<autoware::pointcloud_preprocessor::PassThroughFilterUInt16Component>
[component_container-19] [INFO] [1785815750.467628724] [sensing.lidar.left.pointcloud_preprocessor.pointcloud_container]: Found class: rclcpp_components::NodeFactoryTemplate<autoware::pointcloud_preprocessor::PickupBasedVoxelGridDownsampleFilterComponent>
[component_container-19] [INFO] [1785815750.467634128] [sensing.lidar.left.pointcloud_preprocessor.pointcloud_container]: Found class: rclcpp_components::NodeFactoryTemplate<autoware::pointcloud_preprocessor::PointCloudConcatenateDataSynchronizerComponent>
[component_container-19] [INFO] [1785815750.467639529] [sensing.lidar.left.pointcloud_preprocessor.pointcloud_container]: Found class: rclcpp_components::NodeFactoryTemplate<autoware::pointcloud_preprocessor::PointCloudConcatenationComponent>
[component_container-19] [INFO] [1785815750.467644716] [sensing.lidar.left.pointcloud_preprocessor.pointcloud_container]: Found class: rclcpp_components::NodeFactoryTemplate<autoware::pointcloud_preprocessor::PointCloudDataSynchronizerComponent>
[component_container-19] [INFO] [1785815750.467650167] [sensing.lidar.left.pointcloud_preprocessor.pointcloud_container]: Found class: rclcpp_components::NodeFactoryTemplate<autoware::pointcloud_preprocessor::PointCloudDensifierNode>
[component_container-19] [INFO] [1785815750.467655085] [sensing.lidar.left.pointcloud_preprocessor.pointcloud_container]: Found class: rclcpp_components::NodeFactoryTemplate<autoware::pointcloud_preprocessor::PointcloudAccumulatorComponent>
[component_container-19] [INFO] [1785815750.467659789] [sensing.lidar.left.pointcloud_preprocessor.pointcloud_container]: Found class: rclcpp_components::NodeFactoryTemplate<autoware::pointcloud_preprocessor::PolarVoxelOutlierFilterComponent>
[component_container-19] [INFO] [1785815750.467664979] [sensing.lidar.left.pointcloud_preprocessor.pointcloud_container]: Found class: rclcpp_components::NodeFactoryTemplate<autoware::pointcloud_preprocessor::PolygonRemoverComponent>
[component_container-19] [INFO] [1785815750.467670486] [sensing.lidar.left.pointcloud_preprocessor.pointcloud_container]: Found class: rclcpp_components::NodeFactoryTemplate<autoware::pointcloud_preprocessor::RadiusSearch2DOutlierFilterComponent>
[component_container-19] [INFO] [1785815750.467676058] [sensing.lidar.left.pointcloud_preprocessor.pointcloud_container]: Found class: rclcpp_components::NodeFactoryTemplate<autoware::pointcloud_preprocessor::RandomDownsampleFilterComponent>
[component_container-19] [INFO] [1785815750.467681103] [sensing.lidar.left.pointcloud_preprocessor.pointcloud_container]: Found class: rclcpp_components::NodeFactoryTemplate<autoware::pointcloud_preprocessor::RingOutlierFilterComponent>
[component_container-19] [INFO] [1785815750.467687286] [sensing.lidar.left.pointcloud_preprocessor.pointcloud_container]: Instantiate class: rclcpp_components::NodeFactoryTemplate<autoware::pointcloud_preprocessor::RingOutlierFilterComponent>
[component_container_mt-34] [INFO] [1785815750.469934348] [planning.mission_planning.mission_planner_container]: Found class: rclcpp_components::NodeFactoryTemplate<autoware::glog_component::GlogComponent>
[component_container_mt-34] [INFO] [1785815750.469976326] [planning.mission_planning.mission_planner_container]: Instantiate class: rclcpp_components::NodeFactoryTemplate<autoware::glog_component::GlogComponent>
[component_container_mt-47] [INFO] [1785815750.476140635] [control.control_container]: Found class: rclcpp_components::NodeFactoryTemplate<autoware::vehicle_cmd_gate::VehicleCmdGate>
[INFO] [launch_ros.actions.load_composable_nodes]: Loaded node '/system/topic_state_monitor_vehicle_status_velocity_status' in container '/system/component_state_monitor/container'
[component_container_mt-47] [INFO] [1785815750.476540705] [control.control_container]: Instantiate class: rclcpp_components::NodeFactoryTemplate<autoware::vehicle_cmd_gate::VehicleCmdGate>
[component_container-7] [INFO] [1785815750.479955718] [system.component_state_monitor.container]: Found class: rclcpp_components::NodeFactoryTemplate<autoware::topic_state_monitor::TopicStateMonitorNode>
[component_container-7] [INFO] [1785815750.479991249] [system.component_state_monitor.container]: Instantiate class: rclcpp_components::NodeFactoryTemplate<autoware::topic_state_monitor::TopicStateMonitorNode>
[autoware_mrm_handler_node-13] [WARN] [1785815750.485271731] [system.mrm_handler]: no mrm operation available: operate emergency_stop
[INFO] [launch_ros.actions.load_composable_nodes]: Loaded node '/sensing/lidar/top/distortion_corrector_node' in container '/sensing/lidar/top/pointcloud_preprocessor/pointcloud_container'
[INFO] [launch_ros.actions.load_composable_nodes]: Loaded node '/control/collision_detector' in container '/control/control_check_container'
[INFO] [launch_ros.actions.load_composable_nodes]: Loaded node '/planning/scenario_planning/parking/glog_component' in container '/planning/scenario_planning/parking/parking_container'
[INFO] [launch_ros.actions.load_composable_nodes]: Loaded node '/system/topic_state_monitor_trajectory_follower_control_cmd' in container '/system/component_state_monitor/container'
[component_container-7] [INFO] [1785815750.526085845] [system.component_state_monitor.container]: Found class: rclcpp_components::NodeFactoryTemplate<autoware::topic_state_monitor::TopicStateMonitorNode>
[INFO] [launch_ros.actions.load_composable_nodes]: Loaded node '/sensing/lidar/left/ring_outlier_filter' in container '/sensing/lidar/left/pointcloud_preprocessor/pointcloud_container'
[INFO] [launch_ros.actions.load_composable_nodes]: Loaded node '/sensing/lidar/right/distortion_corrector_node' in container '/sensing/lidar/right/pointcloud_preprocessor/pointcloud_container'
[component_container-7] [INFO] [1785815750.526121120] [system.component_state_monitor.container]: Instantiate class: rclcpp_components::NodeFactoryTemplate<autoware::topic_state_monitor::TopicStateMonitorNode>
[component_container-18] [INFO] [1785815750.539636996] [sensing.lidar.top.pointcloud_preprocessor.pointcloud_container]: Found class: rclcpp_components::NodeFactoryTemplate<autoware::pointcloud_preprocessor::ApproximateDownsampleFilterComponent>
[component_container-18] [INFO] [1785815750.539710309] [sensing.lidar.top.pointcloud_preprocessor.pointcloud_container]: Found class: rclcpp_components::NodeFactoryTemplate<autoware::pointcloud_preprocessor::BlockageDiagComponent>
[component_container-18] [INFO] [1785815750.539773151] [sensing.lidar.top.pointcloud_preprocessor.pointcloud_container]: Found class: rclcpp_components::NodeFactoryTemplate<autoware::pointcloud_preprocessor::CropBoxFilterComponent>
[component_container-18] [INFO] [1785815750.539829813] [sensing.lidar.top.pointcloud_preprocessor.pointcloud_container]: Found class: rclcpp_components::NodeFactoryTemplate<autoware::pointcloud_preprocessor::DistortionCorrectorComponent>
[component_container-18] [INFO] [1785815750.539836695] [sensing.lidar.top.pointcloud_preprocessor.pointcloud_container]: Found class: rclcpp_components::NodeFactoryTemplate<autoware::pointcloud_preprocessor::DualReturnOutlierFilterComponent>
[component_container-18] [INFO] [1785815750.539842457] [sensing.lidar.top.pointcloud_preprocessor.pointcloud_container]: Found class: rclcpp_components::NodeFactoryTemplate<autoware::pointcloud_preprocessor::Lanelet2MapFilterComponent>
[component_container-18] [INFO] [1785815750.539848084] [sensing.lidar.top.pointcloud_preprocessor.pointcloud_container]: Found class: rclcpp_components::NodeFactoryTemplate<autoware::pointcloud_preprocessor::PassThroughFilterComponent>
[component_container-18] [INFO] [1785815750.539853387] [sensing.lidar.top.pointcloud_preprocessor.pointcloud_container]: Found class: rclcpp_components::NodeFactoryTemplate<autoware::pointcloud_preprocessor::PassThroughFilterUInt16Component>
[component_container-18] [INFO] [1785815750.539858427] [sensing.lidar.top.pointcloud_preprocessor.pointcloud_container]: Found class: rclcpp_components::NodeFactoryTemplate<autoware::pointcloud_preprocessor::PickupBasedVoxelGridDownsampleFilterComponent>
[component_container-18] [INFO] [1785815750.539864549] [sensing.lidar.top.pointcloud_preprocessor.pointcloud_container]: Found class: rclcpp_components::NodeFactoryTemplate<autoware::pointcloud_preprocessor::PointCloudConcatenateDataSynchronizerComponent>
[component_container-18] [INFO] [1785815750.539870315] [sensing.lidar.top.pointcloud_preprocessor.pointcloud_container]: Found class: rclcpp_components::NodeFactoryTemplate<autoware::pointcloud_preprocessor::PointCloudConcatenationComponent>
[component_container-18] [INFO] [1785815750.539875246] [sensing.lidar.top.pointcloud_preprocessor.pointcloud_container]: Found class: rclcpp_components::NodeFactoryTemplate<autoware::pointcloud_preprocessor::PointCloudDataSynchronizerComponent>
[component_container-18] [INFO] [1785815750.539880290] [sensing.lidar.top.pointcloud_preprocessor.pointcloud_container]: Found class: rclcpp_components::NodeFactoryTemplate<autoware::pointcloud_preprocessor::PointCloudDensifierNode>
[component_container-18] [INFO] [1785815750.539885256] [sensing.lidar.top.pointcloud_preprocessor.pointcloud_container]: Found class: rclcpp_components::NodeFactoryTemplate<autoware::pointcloud_preprocessor::PointcloudAccumulatorComponent>
[component_container-18] [INFO] [1785815750.539902891] [sensing.lidar.top.pointcloud_preprocessor.pointcloud_container]: Found class: rclcpp_components::NodeFactoryTemplate<autoware::pointcloud_preprocessor::PolarVoxelOutlierFilterComponent>
[component_container-18] [INFO] [1785815750.539909713] [sensing.lidar.top.pointcloud_preprocessor.pointcloud_container]: Found class: rclcpp_components::NodeFactoryTemplate<autoware::pointcloud_preprocessor::PolygonRemoverComponent>
[component_container-18] [INFO] [1785815750.539915887] [sensing.lidar.top.pointcloud_preprocessor.pointcloud_container]: Found class: rclcpp_components::NodeFactoryTemplate<autoware::pointcloud_preprocessor::RadiusSearch2DOutlierFilterComponent>
[component_container-18] [INFO] [1785815750.539921086] [sensing.lidar.top.pointcloud_preprocessor.pointcloud_container]: Found class: rclcpp_components::NodeFactoryTemplate<autoware::pointcloud_preprocessor::RandomDownsampleFilterComponent>
[component_container-18] [INFO] [1785815750.539926070] [sensing.lidar.top.pointcloud_preprocessor.pointcloud_container]: Found class: rclcpp_components::NodeFactoryTemplate<autoware::pointcloud_preprocessor::RingOutlierFilterComponent>
[component_container-18] [INFO] [1785815750.539933319] [sensing.lidar.top.pointcloud_preprocessor.pointcloud_container]: Instantiate class: rclcpp_components::NodeFactoryTemplate<autoware::pointcloud_preprocessor::RingOutlierFilterComponent>
[component_container_mt-15] [INFO] [1785815750.539838935] [map.vector_map_tf_generator]: broadcast static tf. map_frame:map, viewer_frame:viewer, x:-9.0952, y:-32.2807, z:0
[component_container-20] [INFO] [1785815750.542320830] [sensing.lidar.right.pointcloud_preprocessor.pointcloud_container]: Found class: rclcpp_components::NodeFactoryTemplate<autoware::pointcloud_preprocessor::ApproximateDownsampleFilterComponent>
[component_container-20] [INFO] [1785815750.542360715] [sensing.lidar.right.pointcloud_preprocessor.pointcloud_container]: Found class: rclcpp_components::NodeFactoryTemplate<autoware::pointcloud_preprocessor::BlockageDiagComponent>
[component_container-20] [INFO] [1785815750.542367443] [sensing.lidar.right.pointcloud_preprocessor.pointcloud_container]: Found class: rclcpp_components::NodeFactoryTemplate<autoware::pointcloud_preprocessor::CropBoxFilterComponent>
[component_container-20] [INFO] [1785815750.542399202] [sensing.lidar.right.pointcloud_preprocessor.pointcloud_container]: Found class: rclcpp_components::NodeFactoryTemplate<autoware::pointcloud_preprocessor::DistortionCorrectorComponent>
[component_container-20] [INFO] [1785815750.542404209] [sensing.lidar.right.pointcloud_preprocessor.pointcloud_container]: Found class: rclcpp_components::NodeFactoryTemplate<autoware::pointcloud_preprocessor::DualReturnOutlierFilterComponent>
[component_container-20] [INFO] [1785815750.542408995] [sensing.lidar.right.pointcloud_preprocessor.pointcloud_container]: Found class: rclcpp_components::NodeFactoryTemplate<autoware::pointcloud_preprocessor::Lanelet2MapFilterComponent>
[component_container-20] [INFO] [1785815750.542413555] [sensing.lidar.right.pointcloud_preprocessor.pointcloud_container]: Found class: rclcpp_components::NodeFactoryTemplate<autoware::pointcloud_preprocessor::PassThroughFilterComponent>
[component_container-20] [INFO] [1785815750.542417612] [sensing.lidar.right.pointcloud_preprocessor.pointcloud_container]: Found class: rclcpp_components::NodeFactoryTemplate<autoware::pointcloud_preprocessor::PassThroughFilterUInt16Component>
[component_container-20] [INFO] [1785815750.542422083] [sensing.lidar.right.pointcloud_preprocessor.pointcloud_container]: Found class: rclcpp_components::NodeFactoryTemplate<autoware::pointcloud_preprocessor::PickupBasedVoxelGridDownsampleFilterComponent>
[component_container-20] [INFO] [1785815750.542426341] [sensing.lidar.right.pointcloud_preprocessor.pointcloud_container]: Found class: rclcpp_components::NodeFactoryTemplate<autoware::pointcloud_preprocessor::PointCloudConcatenateDataSynchronizerComponent>
[component_container-20] [INFO] [1785815750.542430178] [sensing.lidar.right.pointcloud_preprocessor.pointcloud_container]: Found class: rclcpp_components::NodeFactoryTemplate<autoware::pointcloud_preprocessor::PointCloudConcatenationComponent>
[component_container-20] [INFO] [1785815750.542433801] [sensing.lidar.right.pointcloud_preprocessor.pointcloud_container]: Found class: rclcpp_components::NodeFactoryTemplate<autoware::pointcloud_preprocessor::PointCloudDataSynchronizerComponent>
[component_container-20] [INFO] [1785815750.542437673] [sensing.lidar.right.pointcloud_preprocessor.pointcloud_container]: Found class: rclcpp_components::NodeFactoryTemplate<autoware::pointcloud_preprocessor::PointCloudDensifierNode>
[component_container-20] [INFO] [1785815750.542441635] [sensing.lidar.right.pointcloud_preprocessor.pointcloud_container]: Found class: rclcpp_components::NodeFactoryTemplate<autoware::pointcloud_preprocessor::PointcloudAccumulatorComponent>
[component_container-20] [INFO] [1785815750.542445812] [sensing.lidar.right.pointcloud_preprocessor.pointcloud_container]: Found class: rclcpp_components::NodeFactoryTemplate<autoware::pointcloud_preprocessor::PolarVoxelOutlierFilterComponent>
[component_container-20] [INFO] [1785815750.542449545] [sensing.lidar.right.pointcloud_preprocessor.pointcloud_container]: Found class: rclcpp_components::NodeFactoryTemplate<autoware::pointcloud_preprocessor::PolygonRemoverComponent>
[component_container-20] [INFO] [1785815750.542454121] [sensing.lidar.right.pointcloud_preprocessor.pointcloud_container]: Found class: rclcpp_components::NodeFactoryTemplate<autoware::pointcloud_preprocessor::RadiusSearch2DOutlierFilterComponent>
[component_container-20] [INFO] [1785815750.542457935] [sensing.lidar.right.pointcloud_preprocessor.pointcloud_container]: Found class: rclcpp_components::NodeFactoryTemplate<autoware::pointcloud_preprocessor::RandomDownsampleFilterComponent>
[component_container-20] [INFO] [1785815750.542461743] [sensing.lidar.right.pointcloud_preprocessor.pointcloud_container]: Found class: rclcpp_components::NodeFactoryTemplate<autoware::pointcloud_preprocessor::RingOutlierFilterComponent>
[component_container-20] [INFO] [1785815750.542466696] [sensing.lidar.right.pointcloud_preprocessor.pointcloud_container]: Instantiate class: rclcpp_components::NodeFactoryTemplate<autoware::pointcloud_preprocessor::RingOutlierFilterComponent>
[INFO] [launch_ros.actions.load_composable_nodes]: Loaded node '/system/topic_state_monitor_vehicle_status_steering_status' in container '/system/component_state_monitor/container'
[component_container-7] [INFO] [1785815750.569823289] [system.component_state_monitor.container]: Found class: rclcpp_components::NodeFactoryTemplate<autoware::topic_state_monitor::TopicStateMonitorNode>
[component_container-7] [INFO] [1785815750.569856888] [system.component_state_monitor.container]: Instantiate class: rclcpp_components::NodeFactoryTemplate<autoware::topic_state_monitor::TopicStateMonitorNode>
[INFO] [launch_ros.actions.load_composable_nodes]: Loaded node '/adapi/node/autoware_state' in container '/adapi/container'
[autoware_mrm_handler_node-13] [WARN] [1785815750.583392285] [system.mrm_handler]: no mrm operation available: operate emergency_stop
[component_container_mt-48] [INFO] [1785815750.583740965] [control.collision_detector]: waiting for current odometry...
[INFO] [launch_ros.actions.load_composable_nodes]: Loaded node '/planning/mission_planning/glog_component' in container '/planning/mission_planning/mission_planner_container'
[component_container_mt-15] [INFO] [1785815750.598081939] [map.lanelet2_map_visualization]: Map is loaded
[component_container_mt-15] 
[INFO] [launch_ros.actions.load_composable_nodes]: Loaded node '/system/topic_state_monitor_system_emergency_control_cmd' in container '/system/component_state_monitor/container'
[INFO] [launch_ros.actions.load_composable_nodes]: Loaded node '/sensing/lidar/top/ring_outlier_filter' in container '/sensing/lidar/top/pointcloud_preprocessor/pointcloud_container'
[component_container-18] [WARN] [1785815750.617351341] [sensing.lidar.top.distortion_corrector_node]: Twist time_stamp is too late. Could not interpolate.
[component_container_mt-15] [1;33mCould not find valid vertex for ear clipping triangulation. Triangulation result might be invalid[0m
[component_container_mt-15] [1;33mCould not find valid vertex for ear clipping triangulation. Triangulation result might be invalid[0m
[component_container-7] [INFO] [1785815750.622597395] [system.component_state_monitor.container]: Found class: rclcpp_components::NodeFactoryTemplate<autoware::topic_state_monitor::TopicStateMonitorNode>
[component_container-7] [INFO] [1785815750.622642828] [system.component_state_monitor.container]: Instantiate class: rclcpp_components::NodeFactoryTemplate<autoware::topic_state_monitor::TopicStateMonitorNode>
[component_container_mt-15] [1;33mCould not find valid vertex for ear clipping triangulation. Triangulation result might be invalid[0m
[component_container_mt-15] [1;33mCould not find valid vertex for ear clipping triangulation. Triangulation result might be invalid[0m
[autoware_scenario_selector_node-36] [WARN] [1785815750.646451352] [route_handler]: setMap() for invalid version map: 
[INFO] [launch_ros.actions.load_composable_nodes]: Loaded node '/sensing/lidar/right/ring_outlier_filter' in container '/sensing/lidar/right/pointcloud_preprocessor/pointcloud_container'
[INFO] [launch_ros.actions.load_composable_nodes]: Loaded node '/control/vehicle_cmd_gate' in container '/control/control_container'
[component_container_mt-15] [INFO] [1785815750.660989343] [map.lanelet2_map_visualization]: Map is loaded
[component_container_mt-15] 
[component_container_mt-47] [INFO] [1785815750.667012447] [control.control_container]: Load Library: /opt/autoware/lib/libautoware_operation_mode_transition_manager_node.so
[INFO] [launch_ros.actions.load_composable_nodes]: Loaded node '/planning/planning_validator' in container '/planning/planning_validator_container'
[component_container_mt-15] [1;33mCould not find valid vertex for ear clipping triangulation. Triangulation result might be invalid[0m
[component_container_mt-15] [1;33mCould not find valid vertex for ear clipping triangulation. Triangulation result might be invalid[0m
[component_container_mt-47] [INFO] [1785815750.673640194] [control.control_container]: Found class: rclcpp_components::NodeFactoryTemplate<autoware::operation_mode_transition_manager::AutonomousModeTransitionFlagNode>
[component_container_mt-47] [INFO] [1785815750.673680629] [control.control_container]: Found class: rclcpp_components::NodeFactoryTemplate<autoware::operation_mode_transition_manager::OperationModeTransitionManager>
[component_container_mt-47] [INFO] [1785815750.673687475] [control.control_container]: Instantiate class: rclcpp_components::NodeFactoryTemplate<autoware::operation_mode_transition_manager::OperationModeTransitionManager>
[INFO] [launch_ros.actions.load_composable_nodes]: Loaded node '/adapi/node/diagnostics' in container '/adapi/container'
[INFO] [launch_ros.actions.load_composable_nodes]: Loaded node '/system/topic_state_monitor_transform_map_to_base_link' in container '/system/component_state_monitor/container'
[component_container_mt-15] [1;33mCould not find valid vertex for ear clipping triangulation. Triangulation result might be invalid[0m
[component_container_mt-15] [1;33mCould not find valid vertex for ear clipping triangulation. Triangulation result might be invalid[0m
[autoware_mrm_handler_node-13] [WARN] [1785815750.685943584] [system.mrm_handler]: no mrm operation available: operate emergency_stop
[component_container_mt-47] [WARN] [1785815750.687992428] [control.vehicle_cmd_gate]: Emergency!
[autoware_pose_initializer_node-26] [INFO] [1785815750.696774613] [localization.util.pose_initializer]: EKF triggering service is available!
[autoware_pose_initializer_node-26] [INFO] [1785815750.698038110] [localization.util.pose_initializer]: EKF Deactivation succeeded
[autoware_pose_initializer_node-26] [INFO] [1785815750.698171494] [localization.util.pose_initializer]: NDT triggering service is available!
[autoware_pose_initializer_node-26] [INFO] [1785815750.699426990] [localization.util.pose_initializer]: NDT Deactivation succeeded
[autoware_pose_initializer_node-26] [INFO] [1785815750.699483879] [localization.util.pose_initializer]: fit_target: pointcloud_map, frame: map
[INFO] [launch_ros.actions.load_composable_nodes]: Loaded node '/control/autoware_operation_mode_transition_manager' in container '/control/control_container'
[INFO] [launch_ros.actions.load_composable_nodes]: Loaded node '/adapi/node/fail_safe' in container '/adapi/container'
[component_container_mt-34] [WARN] [1785815750.753991424] [route_handler]: setMap() for invalid version map: 
[component_container_mt-1] [WARN] [1785815750.759068261] [localization.util.crop_box_filter_measurement_range]: Invalid PointCloud: row_step mismatch. Expected: 99296 (width 6206 * point_step 16), Got: 0. Frame: 'base_link', Stamp: 15.185701178 Please fill in the `cloud->row_step` field accordingly. This will be an ERROR starting in 2026 July
[INFO] [launch_ros.actions.load_composable_nodes]: Loaded node '/planning/scenario_planning/lane_driving/motion_planning/motion_velocity_planner' in container '/planning/scenario_planning/lane_driving/motion_planning/motion_planning_container'
[component_container_mt-41] [INFO] [1785815750.783729088] [planning.scenario_planning.lane_driving.motion_planning.motion_planning_container]: Load Library: /opt/autoware/lib/libautoware_glog_component.so
[component_container_mt-41] [INFO] [1785815750.784512695] [planning.scenario_planning.lane_driving.motion_planning.motion_planning_container]: Found class: rclcpp_components::NodeFactoryTemplate<autoware::glog_component::GlogComponent>
[component_container_mt-41] [INFO] [1785815750.784532184] [planning.scenario_planning.lane_driving.motion_planning.motion_planning_container]: Instantiate class: rclcpp_components::NodeFactoryTemplate<autoware::glog_component::GlogComponent>
[component_container_mt-1] [WARN] [1785815750.784767955] [sensing.lidar.concatenate_data]: transformed_raw_points[/sensing/lidar/right/pointcloud_before_sync] is nullptr, skipping pointcloud publish.
[component_container_mt-1] [WARN] [1785815750.784811898] [sensing.lidar.concatenate_data]: transformed_raw_points[/sensing/lidar/left/pointcloud_before_sync] is nullptr, skipping pointcloud publish.
[INFO] [launch_ros.actions.load_composable_nodes]: Loaded node '/adapi/node/heartbeat' in container '/adapi/container'
[component_container_mt-34] [INFO] [1785815750.809857850] [planning.mission_planning.mission_planner]: waiting odometry... Route API is not ready.
[autoware_manual_lane_change_handler_node-33] [WARN] [1785815750.810164451] [route_handler]: setMap() for invalid version map: 
[INFO] [launch_ros.actions.load_composable_nodes]: Loaded node '/planning/scenario_planning/lane_driving/motion_planning/glog_component' in container '/planning/scenario_planning/lane_driving/motion_planning/motion_planning_container'
[component_container_mt-41] [INFO] [1785815750.828380480] [planning.scenario_planning.lane_driving.motion_planning.motion_planning_container]: Load Library: /opt/autoware/lib/libautoware_path_smoother.so
[component_container_mt-41] [INFO] [1785815750.830341526] [planning.scenario_planning.lane_driving.motion_planning.motion_planning_container]: Found class: rclcpp_components::NodeFactoryTemplate<autoware::path_smoother::ElasticBandSmoother>
[component_container_mt-41] [INFO] [1785815750.830380831] [planning.scenario_planning.lane_driving.motion_planning.motion_planning_container]: Instantiate class: rclcpp_components::NodeFactoryTemplate<autoware::path_smoother::ElasticBandSmoother>
[component_container_mt-1] [WARN] [1785815750.834218752] [sensing.lidar.concatenate_data]: transformed_raw_points[/sensing/lidar/right/pointcloud_before_sync] is nullptr, skipping pointcloud publish.
[component_container_mt-1] [WARN] [1785815750.834265632] [sensing.lidar.concatenate_data]: transformed_raw_points[/sensing/lidar/left/pointcloud_before_sync] is nullptr, skipping pointcloud publish.
[INFO] [launch_ros.actions.load_composable_nodes]: Loaded node '/adapi/node/manual/local' in container '/adapi/container'
[component_container_mt-40] added a slot with 1 modules
[component_container_mt-40] external_request_lane_change_left registered in slot_configuration is not registered, skipping
[component_container_mt-40] external_request_lane_change_right registered in slot_configuration is not registered, skipping
[component_container_mt-40] added a slot with 6 modules
[component_container_mt-40] added a slot with 1 modules
[component_container_mt-40] dynamic_obstacle_avoidance registered in slot_configuration is not registered, skipping
[INFO] [launch_ros.actions.load_composable_nodes]: Loaded node '/planning/scenario_planning/lane_driving/motion_planning/elastic_band_smoother' in container '/planning/scenario_planning/lane_driving/motion_planning/motion_planning_container'
[component_container_mt-41] [INFO] [1785815750.874404673] [planning.scenario_planning.lane_driving.motion_planning.motion_planning_container]: Load Library: /opt/autoware/lib/libautoware_path_optimizer.so
[component_container_mt-41] [INFO] [1785815750.876465720] [planning.scenario_planning.lane_driving.motion_planning.motion_planning_container]: Found class: rclcpp_components::NodeFactoryTemplate<autoware::path_optimizer::PathOptimizer>
[component_container_mt-41] [INFO] [1785815750.876503418] [planning.scenario_planning.lane_driving.motion_planning.motion_planning_container]: Instantiate class: rclcpp_components::NodeFactoryTemplate<autoware::path_optimizer::PathOptimizer>
[component_container_mt-40] [INFO] [1785815750.882188890] [planning.scenario_planning.lane_driving.behavior_planning.behavior_planning_container]: Load Library: /opt/autoware/lib/libautoware_behavior_velocity_planner_lib.so
[INFO] [launch_ros.actions.load_composable_nodes]: Loaded node '/planning/scenario_planning/lane_driving/behavior_planning/behavior_path_planner' in container '/planning/scenario_planning/lane_driving/behavior_planning/behavior_planning_container'
[INFO] [launch_ros.actions.load_composable_nodes]: Loaded node '/adapi/node/manual/remote' in container '/adapi/container'
[component_container_mt-40] [INFO] [1785815750.892284659] [planning.scenario_planning.lane_driving.behavior_planning.behavior_planning_container]: Found class: rclcpp_components::NodeFactoryTemplate<autoware::behavior_velocity_planner::BehaviorVelocityPlannerNode>
[component_container_mt-40] [INFO] [1785815750.892329531] [planning.scenario_planning.lane_driving.behavior_planning.behavior_planning_container]: Found class: rclcpp_components::NodeFactoryTemplate<autoware::behavior_velocity_planner::experimental::BehaviorVelocityPlannerNode>
[component_container_mt-40] [INFO] [1785815750.892337984] [planning.scenario_planning.lane_driving.behavior_planning.behavior_planning_container]: Instantiate class: rclcpp_components::NodeFactoryTemplate<autoware::behavior_velocity_planner::experimental::BehaviorVelocityPlannerNode>
[INFO] [launch_ros.actions.load_composable_nodes]: Loaded node '/adapi/node/motion' in container '/adapi/container'
[component_container_mt-1] [WARN] [1785815750.934203051] [sensing.lidar.concatenate_data]: transformed_raw_points[/sensing/lidar/right/pointcloud_before_sync] is nullptr, skipping pointcloud publish.
[component_container_mt-1] [WARN] [1785815750.934252859] [sensing.lidar.concatenate_data]: transformed_raw_points[/sensing/lidar/left/pointcloud_before_sync] is nullptr, skipping pointcloud publish.
[INFO] [launch_ros.actions.load_composable_nodes]: Loaded node '/planning/scenario_planning/lane_driving/motion_planning/path_optimizer' in container '/planning/scenario_planning/lane_driving/motion_planning/motion_planning_container'
[INFO] [launch_ros.actions.load_composable_nodes]: Loaded node '/adapi/node/mrm_request' in container '/adapi/container'
[INFO] [launch_ros.actions.load_composable_nodes]: Loaded node '/adapi/node/operation_mode' in container '/adapi/container'
[INFO] [launch_ros.actions.load_composable_nodes]: Loaded node '/adapi/node/perception' in container '/adapi/container'
[component_container_mt-40] [INFO] [1785815751.019833467] [planning.scenario_planning.lane_driving.behavior_planning.behavior_velocity_planner]: The scene plugin 'autoware::behavior_velocity_planner::experimental::CrosswalkModulePlugin' is loaded.
[component_container_mt-40] [INFO] [1785815751.025077257] [planning.scenario_planning.lane_driving.behavior_planning.behavior_velocity_planner]: The scene plugin 'autoware::behavior_velocity_planner::experimental::WalkwayModulePlugin' is loaded.
[component_container_mt-40] [INFO] [1785815751.033300785] [planning.scenario_planning.lane_driving.behavior_planning.behavior_velocity_planner]: The scene plugin 'autoware::behavior_velocity_planner::experimental::TrafficLightModulePlugin' is loaded.
[component_container_mt-1] [WARN] [1785815751.034930253] [sensing.lidar.concatenate_data]: transformed_raw_points[/sensing/lidar/right/pointcloud_before_sync] is nullptr, skipping pointcloud publish.
[component_container_mt-1] [WARN] [1785815751.034981078] [sensing.lidar.concatenate_data]: transformed_raw_points[/sensing/lidar/left/pointcloud_before_sync] is nullptr, skipping pointcloud publish.
[INFO] [launch_ros.actions.load_composable_nodes]: Loaded node '/adapi/node/planning' in container '/adapi/container'
[component_container_mt-40] [INFO] [1785815751.067273521] [planning.scenario_planning.lane_driving.behavior_planning.behavior_velocity_planner]: The scene plugin 'autoware::behavior_velocity_planner::experimental::IntersectionModulePlugin' is loaded.
[INFO] [launch_ros.actions.load_composable_nodes]: Loaded node '/adapi/node/vehicle_status' in container '/adapi/container'
[component_container_mt-40] [INFO] [1785815751.078140399] [planning.scenario_planning.lane_driving.behavior_planning.behavior_velocity_planner]: The scene plugin 'autoware::behavior_velocity_planner::experimental::BlindSpotModulePlugin' is loaded.
[autoware_mrm_handler_node-13] [INFO] [1785815751.086936587] [system.mrm_handler]: MRM State changed: MRM_OPERATING -> NORMAL
[autoware_mrm_handler_node-13] [WARN] [1785815751.087157245] [system.mrm_handler]: EMERGENCY_STOP is canceled.
[component_container_mt-40] [INFO] [1785815751.091619494] [planning.scenario_planning.lane_driving.behavior_planning.behavior_velocity_planner]: The scene plugin 'autoware::behavior_velocity_planner::experimental::DetectionAreaModulePlugin' is loaded.
[component_container_mt-40] [INFO] [1785815751.100228689] [planning.scenario_planning.lane_driving.behavior_planning.behavior_velocity_planner]: The scene plugin 'autoware::behavior_velocity_planner::experimental::VirtualTrafficLightModulePlugin' is loaded.
[INFO] [launch_ros.actions.load_composable_nodes]: Loaded node '/adapi/node/vehicle_command' in container '/adapi/container'
[component_container_mt-40] [INFO] [1785815751.109249020] [planning.scenario_planning.lane_driving.behavior_planning.behavior_velocity_planner]: The scene plugin 'autoware::behavior_velocity_planner::experimental::NoStoppingAreaModulePlugin' is loaded.
[component_container_mt-40] [INFO] [1785815751.114136938] [planning.scenario_planning.lane_driving.behavior_planning.behavior_velocity_planner]: The scene plugin 'autoware::behavior_velocity_planner::experimental::StopLineModulePlugin' is loaded.
[INFO] [launch_ros.actions.load_composable_nodes]: Loaded node '/planning/scenario_planning/lane_driving/behavior_planning/behavior_velocity_planner' in container '/planning/scenario_planning/lane_driving/behavior_planning/behavior_planning_container'
[INFO] [launch_ros.actions.load_composable_nodes]: Loaded node '/adapi/node/vehicle_metrics' in container '/adapi/container'
[component_container_mt-1] [WARN] [1785815751.133857379] [sensing.lidar.concatenate_data]: transformed_raw_points[/sensing/lidar/right/pointcloud_before_sync] is nullptr, skipping pointcloud publish.
[component_container_mt-1] [WARN] [1785815751.134138190] [sensing.lidar.concatenate_data]: transformed_raw_points[/sensing/lidar/left/pointcloud_before_sync] is nullptr, skipping pointcloud publish.
[component_container_mt-47] [INFO] [1785815751.135303807] [control.vehicle_cmd_gate]: The operation mode is changed, but the GearCommand is not received yet:
[INFO] [launch_ros.actions.load_composable_nodes]: Loaded node '/adapi/node/vehicle_info' in container '/adapi/container'
[INFO] [launch_ros.actions.load_composable_nodes]: Loaded node '/adapi/node/vehicle_door' in container '/adapi/container'
[component_container_mt-1] [WARN] [1785815751.233478980] [sensing.lidar.concatenate_data]: transformed_raw_points[/sensing/lidar/right/pointcloud_before_sync] is nullptr, skipping pointcloud publish.
[component_container_mt-1] [WARN] [1785815751.233528890] [sensing.lidar.concatenate_data]: transformed_raw_points[/sensing/lidar/left/pointcloud_before_sync] is nullptr, skipping pointcloud publish.
[component_container_mt-1] [WARN] [1785815751.333965497] [sensing.lidar.concatenate_data]: transformed_raw_points[/sensing/lidar/right/pointcloud_before_sync] is nullptr, skipping pointcloud publish.
[component_container_mt-1] [WARN] [1785815751.334008955] [sensing.lidar.concatenate_data]: transformed_raw_points[/sensing/lidar/left/pointcloud_before_sync] is nullptr, skipping pointcloud publish.
[component_container_mt-1] [WARN] [1785815751.434020562] [sensing.lidar.concatenate_data]: transformed_raw_points[/sensing/lidar/right/pointcloud_before_sync] is nullptr, skipping pointcloud publish.
[component_container_mt-1] [WARN] [1785815751.434059560] [sensing.lidar.concatenate_data]: transformed_raw_points[/sensing/lidar/left/pointcloud_before_sync] is nullptr, skipping pointcloud publish.
[component_container_mt-1] [WARN] [1785815751.533879358] [sensing.lidar.concatenate_data]: transformed_raw_points[/sensing/lidar/right/pointcloud_before_sync] is nullptr, skipping pointcloud publish.
[component_container_mt-1] [WARN] [1785815751.533933900] [sensing.lidar.concatenate_data]: transformed_raw_points[/sensing/lidar/left/pointcloud_before_sync] is nullptr, skipping pointcloud publish.
[autoware_pose_initializer_node-26] [INFO] [1785815751.561773699] [localization.util.pose_initializer]: Call align server.
[autoware_ekf_localizer_node-28] [WARN] [1785815751.583448632] [localization.pose_twist_fusion_filter.ekf_localizer]: The node is not activated. Provide initial pose to pose_initializer
[component_container_mt-1] [WARN] [1785815751.633710577] [sensing.lidar.concatenate_data]: transformed_raw_points[/sensing/lidar/right/pointcloud_before_sync] is nullptr, skipping pointcloud publish.
[component_container_mt-1] [WARN] [1785815751.633755869] [sensing.lidar.concatenate_data]: transformed_raw_points[/sensing/lidar/left/pointcloud_before_sync] is nullptr, skipping pointcloud publish.
[component_container_mt-1] [WARN] [1785815751.734086259] [sensing.lidar.concatenate_data]: transformed_raw_points[/sensing/lidar/right/pointcloud_before_sync] is nullptr, skipping pointcloud publish.
[component_container_mt-1] [WARN] [1785815751.734133859] [sensing.lidar.concatenate_data]: transformed_raw_points[/sensing/lidar/left/pointcloud_before_sync] is nullptr, skipping pointcloud publish.
[component_container_mt-1] [WARN] [1785815751.833665079] [sensing.lidar.concatenate_data]: transformed_raw_points[/sensing/lidar/right/pointcloud_before_sync] is nullptr, skipping pointcloud publish.
[component_container_mt-1] [WARN] [1785815751.833707036] [sensing.lidar.concatenate_data]: transformed_raw_points[/sensing/lidar/left/pointcloud_before_sync] is nullptr, skipping pointcloud publish.
[component_container_mt-1] [WARN] [1785815751.933915725] [sensing.lidar.concatenate_data]: transformed_raw_points[/sensing/lidar/right/pointcloud_before_sync] is nullptr, skipping pointcloud publish.
[component_container_mt-1] [WARN] [1785815751.933973521] [sensing.lidar.concatenate_data]: transformed_raw_points[/sensing/lidar/left/pointcloud_before_sync] is nullptr, skipping pointcloud publish.
[component_container_mt-1] [WARN] [1785815752.034195642] [sensing.lidar.concatenate_data]: transformed_raw_points[/sensing/lidar/right/pointcloud_before_sync] is nullptr, skipping pointcloud publish.
[component_container_mt-1] [WARN] [1785815752.034248140] [sensing.lidar.concatenate_data]: transformed_raw_points[/sensing/lidar/left/pointcloud_before_sync] is nullptr, skipping pointcloud publish.
[component_container-7] [WARN] [1785815752.134030135] [system.topic_state_monitor_control_command_control_cmd]: /control/command/control_cmd topic is timeout. Set ERROR in diagnostics.
[component_container_mt-1] [WARN] [1785815752.134245721] [sensing.lidar.concatenate_data]: transformed_raw_points[/sensing/lidar/right/pointcloud_before_sync] is nullptr, skipping pointcloud publish.
[component_container_mt-1] [WARN] [1785815752.134290611] [sensing.lidar.concatenate_data]: transformed_raw_points[/sensing/lidar/left/pointcloud_before_sync] is nullptr, skipping pointcloud publish.
[component_container_mt-1] [WARN] [1785815752.234382198] [sensing.lidar.concatenate_data]: transformed_raw_points[/sensing/lidar/right/pointcloud_before_sync] is nullptr, skipping pointcloud publish.
[component_container_mt-1] [WARN] [1785815752.234429326] [sensing.lidar.concatenate_data]: transformed_raw_points[/sensing/lidar/left/pointcloud_before_sync] is nullptr, skipping pointcloud publish.
[component_container_mt-1] [WARN] [1785815752.334621881] [sensing.lidar.concatenate_data]: transformed_raw_points[/sensing/lidar/right/pointcloud_before_sync] is nullptr, skipping pointcloud publish.
[component_container_mt-1] [WARN] [1785815752.334711353] [sensing.lidar.concatenate_data]: transformed_raw_points[/sensing/lidar/left/pointcloud_before_sync] is nullptr, skipping pointcloud publish.
[component_container_mt-1] [WARN] [1785815752.433970130] [sensing.lidar.concatenate_data]: transformed_raw_points[/sensing/lidar/right/pointcloud_before_sync] is nullptr, skipping pointcloud publish.
[component_container_mt-1] [WARN] [1785815752.434020041] [sensing.lidar.concatenate_data]: transformed_raw_points[/sensing/lidar/left/pointcloud_before_sync] is nullptr, skipping pointcloud publish.
[component_container_mt-1] [WARN] [1785815752.533640552] [sensing.lidar.concatenate_data]: transformed_raw_points[/sensing/lidar/right/pointcloud_before_sync] is nullptr, skipping pointcloud publish.
[component_container_mt-1] [WARN] [1785815752.533692628] [sensing.lidar.concatenate_data]: transformed_raw_points[/sensing/lidar/left/pointcloud_before_sync] is nullptr, skipping pointcloud publish.
[autoware_pose_initializer_node-26] [INFO] [1785815752.574860386] [localization.util.pose_initializer]: align server succeeded.
[autoware_pose_initializer_node-26] [INFO] [1785815752.575466105] [localization.util.pose_initializer]: EKF triggering service is available!
[autoware_pose_initializer_node-26] [INFO] [1785815752.575658693] [localization.util.pose_initializer]: EKF Activation succeeded
[autoware_pose_initializer_node-26] [INFO] [1785815752.575726993] [localization.util.pose_initializer]: NDT triggering service is available!
[autoware_pose_initializer_node-26] [INFO] [1785815752.575948705] [localization.util.pose_initializer]: NDT Activation succeeded
[component_container_mt-48] [INFO] [1785815752.633335149] [control.trajectory_follower.lane_departure_checker_node]: waiting for route msg...
[component_container_mt-1] [WARN] [1785815752.633761262] [sensing.lidar.concatenate_data]: transformed_raw_points[/sensing/lidar/right/pointcloud_before_sync] is nullptr, skipping pointcloud publish.
[component_container_mt-1] [WARN] [1785815752.633800747] [sensing.lidar.concatenate_data]: transformed_raw_points[/sensing/lidar/left/pointcloud_before_sync] is nullptr, skipping pointcloud publish.
[autoware_ndt_scan_matcher_node-24] [INFO] [1785815752.634741123] [localization.pose_estimator.ndt_scan_matcher]: Mismatch between pose timestamp and current timestamp
[component_container-18] [WARN] [1785815752.640523362] [sensing.lidar.top.distortion_corrector_node]: IMU time_stamp is too late. Could not interpolate.
[autoware_mrm_handler_node-13] [INFO] [1785815752.683639544] [system.mrm_handler]: MRM State changed: NORMAL -> MRM_OPERATING
[autoware_scenario_selector_node-36] [INFO] [1785815752.683835204] [planning.scenario_planning.scenario_selector]: Waiting for route.
[control_evaluator-49] [WARN] [1785815752.684139235] [route_handler]: setMap() for invalid version map: 
[autoware_mrm_handler_node-13] [WARN] [1785815752.684226769] [system.mrm_handler]: EMERGENCY_STOP is operated.
[component_container_mt-1] [WARN] [1785815752.733867533] [sensing.lidar.concatenate_data]: transformed_raw_points[/sensing/lidar/right/pointcloud_before_sync] is nullptr, skipping pointcloud publish.
[component_container_mt-1] [WARN] [1785815752.733915611] [sensing.lidar.concatenate_data]: transformed_raw_points[/sensing/lidar/left/pointcloud_before_sync] is nullptr, skipping pointcloud publish.
[component_container_mt-47] [WARN] [1785815752.734085816] [control.vehicle_cmd_gate]: Emergency!
[autoware_ndt_scan_matcher_node-24] [INFO] [1785815752.734468034] [localization.pose_estimator.ndt_scan_matcher]: Mismatch between pose timestamp and current timestamp
[planning_evaluator-44] [WARN] [1785815752.734671960] [route_handler]: setMap() for invalid version map: 
[autoware_mrm_handler_node-13] [INFO] [1785815752.783661969] [system.mrm_handler]: MRM State changed: MRM_OPERATING -> NORMAL
[autoware_mrm_handler_node-13] [WARN] [1785815752.784221661] [system.mrm_handler]: EMERGENCY_STOP is canceled.
[component_container_mt-1] [WARN] [1785815752.833600515] [sensing.lidar.concatenate_data]: transformed_raw_points[/sensing/lidar/right/pointcloud_before_sync] is nullptr, skipping pointcloud publish.
[component_container_mt-1] [WARN] [1785815752.833649042] [sensing.lidar.concatenate_data]: transformed_raw_points[/sensing/lidar/left/pointcloud_before_sync] is nullptr, skipping pointcloud publish.
[autoware_ndt_scan_matcher_node-24] [INFO] [1785815752.834257265] [localization.pose_estimator.ndt_scan_matcher]: Mismatch between pose timestamp and current timestamp
[component_container_mt-1] [WARN] [1785815752.933844416] [sensing.lidar.concatenate_data]: transformed_raw_points[/sensing/lidar/right/pointcloud_before_sync] is nullptr, skipping pointcloud publish.
[component_container_mt-1] [WARN] [1785815752.933898153] [sensing.lidar.concatenate_data]: transformed_raw_points[/sensing/lidar/left/pointcloud_before_sync] is nullptr, skipping pointcloud publish.
[autoware_ndt_scan_matcher_node-24] [INFO] [1785815752.934316848] [localization.pose_estimator.ndt_scan_matcher]: Mismatch between pose timestamp and current timestamp
[logging_node-14] [WARN] [1785815752.983825106] [logging_diag_graph]: The target mode is not available for the following reasons:
[logging_node-14] - /autoware/modes/autonomous ERROR
[logging_node-14]     - /autoware/localization ERROR
[logging_node-14]         - [anonymous group] ERROR
[logging_node-14]             - /autoware/localization/accuracy ERROR
[logging_node-14]             - /autoware/localization/sensor_fusion_status ERROR
[logging_node-14]     - /autoware/planning ERROR
[logging_node-14]         - /autoware/planning/routing/state ERROR
[logging_node-14]         - [anonymous group] ERROR
[logging_node-14]             - /autoware/planning/topic_rate_check/route ERROR
[logging_node-14]             - /autoware/planning/topic_rate_check/trajectory ERROR
[logging_node-14]     - /autoware/perception ERROR
[logging_node-14]         - /autoware/perception/topic_rate_check/objects ERROR
[logging_node-14]         - /autoware/perception/topic_rate_check/pointcloud ERROR
[logging_node-14]     - /autoware/control ERROR
[logging_node-14]         - /autoware/control/topic_rate_check/trajectory_follower ERROR
[logging_node-14]         - /autoware/control/topic_rate_check/control_command WARN 
[logging_node-14] 
[component_container_mt-1] [WARN] [1785815753.034318599] [sensing.lidar.concatenate_data]: transformed_raw_points[/sensing/lidar/right/pointcloud_before_sync] is nullptr, skipping pointcloud publish.
[component_container_mt-1] [WARN] [1785815753.034369294] [sensing.lidar.concatenate_data]: transformed_raw_points[/sensing/lidar/left/pointcloud_before_sync] is nullptr, skipping pointcloud publish.
[autoware_ndt_scan_matcher_node-24] [INFO] [1785815753.034828422] [localization.pose_estimator.ndt_scan_matcher]: Mismatch between pose timestamp and current timestamp
[component_container-7] [INFO] [1785815753.085046880] [system.topic_state_monitor_object_recognition_objects]: /perception/object_recognition/objects has not received. Set ERROR in diagnostics.
[component_container_mt-1] [WARN] [1785815753.134028455] [sensing.lidar.concatenate_data]: transformed_raw_points[/sensing/lidar/right/pointcloud_before_sync] is nullptr, skipping pointcloud publish.
[component_container_mt-1] [WARN] [1785815753.134086735] [sensing.lidar.concatenate_data]: transformed_raw_points[/sensing/lidar/left/pointcloud_before_sync] is nullptr, skipping pointcloud publish.
[autoware_ndt_scan_matcher_node-24] [INFO] [1785815753.134670189] [localization.pose_estimator.ndt_scan_matcher]: Mismatch between pose timestamp and current timestamp
[component_container_mt-1] [WARN] [1785815753.233731998] [sensing.lidar.concatenate_data]: transformed_raw_points[/sensing/lidar/right/pointcloud_before_sync] is nullptr, skipping pointcloud publish.
[component_container_mt-1] [WARN] [1785815753.233787250] [sensing.lidar.concatenate_data]: transformed_raw_points[/sensing/lidar/left/pointcloud_before_sync] is nullptr, skipping pointcloud publish.
[autoware_ndt_scan_matcher_node-24] [INFO] [1785815753.234471667] [localization.pose_estimator.ndt_scan_matcher]: Mismatch between pose timestamp and current timestamp
[component_container_mt-1] [WARN] [1785815753.334251731] [sensing.lidar.concatenate_data]: transformed_raw_points[/sensing/lidar/right/pointcloud_before_sync] is nullptr, skipping pointcloud publish.
[component_container_mt-1] [WARN] [1785815753.334293938] [sensing.lidar.concatenate_data]: transformed_raw_points[/sensing/lidar/left/pointcloud_before_sync] is nullptr, skipping pointcloud publish.
[autoware_ndt_scan_matcher_node-24] [INFO] [1785815753.334754695] [localization.pose_estimator.ndt_scan_matcher]: Mismatch between pose timestamp and current timestamp
[component_container_mt-1] [WARN] [1785815753.434459215] [sensing.lidar.concatenate_data]: transformed_raw_points[/sensing/lidar/right/pointcloud_before_sync] is nullptr, skipping pointcloud publish.
[component_container_mt-1] [WARN] [1785815753.434508467] [sensing.lidar.concatenate_data]: transformed_raw_points[/sensing/lidar/left/pointcloud_before_sync] is nullptr, skipping pointcloud publish.
[autoware_ndt_scan_matcher_node-24] [INFO] [1785815753.435141754] [localization.pose_estimator.ndt_scan_matcher]: Mismatch between pose timestamp and current timestamp
[component_container_mt-1] [WARN] [1785815753.533664270] [sensing.lidar.concatenate_data]: transformed_raw_points[/sensing/lidar/right/pointcloud_before_sync] is nullptr, skipping pointcloud publish.
[component_container_mt-1] [WARN] [1785815753.533756907] [sensing.lidar.concatenate_data]: transformed_raw_points[/sensing/lidar/left/pointcloud_before_sync] is nullptr, skipping pointcloud publish.
[autoware_ndt_scan_matcher_node-24] [INFO] [1785815753.534496334] [localization.pose_estimator.ndt_scan_matcher]: Mismatch between pose timestamp and current timestamp
[component_container_mt-1] [WARN] [1785815753.634929124] [sensing.lidar.concatenate_data]: transformed_raw_points[/sensing/lidar/right/pointcloud_before_sync] is nullptr, skipping pointcloud publish.
[component_container_mt-1] [WARN] [1785815753.634984607] [sensing.lidar.concatenate_data]: transformed_raw_points[/sensing/lidar/left/pointcloud_before_sync] is nullptr, skipping pointcloud publish.
[autoware_ndt_scan_matcher_node-24] [INFO] [1785815753.636275210] [localization.pose_estimator.ndt_scan_matcher]: Mismatch between pose timestamp and current timestamp
[autoware_mrm_handler_node-13] [INFO] [1785815753.684222809] [system.mrm_handler]: MRM State changed: NORMAL -> MRM_OPERATING
[autoware_mrm_handler_node-13] [WARN] [1785815753.684379551] [system.mrm_handler]: EMERGENCY_STOP is operated.
[component_container_mt-1] [WARN] [1785815753.734120514] [sensing.lidar.concatenate_data]: transformed_raw_points[/sensing/lidar/right/pointcloud_before_sync] is nullptr, skipping pointcloud publish.
[component_container_mt-1] [WARN] [1785815753.734169138] [sensing.lidar.concatenate_data]: transformed_raw_points[/sensing/lidar/left/pointcloud_before_sync] is nullptr, skipping pointcloud publish.
[autoware_ndt_scan_matcher_node-24] [INFO] [1785815753.734727805] [localization.pose_estimator.ndt_scan_matcher]: Mismatch between pose timestamp and current timestamp
[component_container_mt-47] [WARN] [1785815753.735055654] [control.vehicle_cmd_gate]: Emergency!
[autoware_mrm_handler_node-13] [INFO] [1785815753.784403323] [system.mrm_handler]: MRM State changed: MRM_OPERATING -> NORMAL
[autoware_mrm_handler_node-13] [WARN] [1785815753.785191566] [system.mrm_handler]: EMERGENCY_STOP is canceled.
[component_container_mt-1] [WARN] [1785815753.834049333] [sensing.lidar.concatenate_data]: transformed_raw_points[/sensing/lidar/right/pointcloud_before_sync] is nullptr, skipping pointcloud publish.
[component_container_mt-1] [WARN] [1785815753.834097606] [sensing.lidar.concatenate_data]: transformed_raw_points[/sensing/lidar/left/pointcloud_before_sync] is nullptr, skipping pointcloud publish.
[autoware_ndt_scan_matcher_node-24] [INFO] [1785815753.836111033] [localization.pose_estimator.ndt_scan_matcher]: Mismatch between pose timestamp and current timestamp
[component_container_mt-1] [WARN] [1785815753.934389146] [sensing.lidar.concatenate_data]: transformed_raw_points[/sensing/lidar/right/pointcloud_before_sync] is nullptr, skipping pointcloud publish.
[component_container_mt-1] [WARN] [1785815753.934433477] [sensing.lidar.concatenate_data]: transformed_raw_points[/sensing/lidar/left/pointcloud_before_sync] is nullptr, skipping pointcloud publish.
[autoware_ndt_scan_matcher_node-24] [INFO] [1785815753.934914135] [localization.pose_estimator.ndt_scan_matcher]: Mismatch between pose timestamp and current timestamp
[component_container_mt-1] [WARN] [1785815754.034224698] [sensing.lidar.concatenate_data]: transformed_raw_points[/sensing/lidar/right/pointcloud_before_sync] is nullptr, skipping pointcloud publish.
[component_container_mt-1] [WARN] [1785815754.034275839] [sensing.lidar.concatenate_data]: transformed_raw_points[/sensing/lidar/left/pointcloud_before_sync] is nullptr, skipping pointcloud publish.
[autoware_ndt_scan_matcher_node-24] [INFO] [1785815754.034936666] [localization.pose_estimator.ndt_scan_matcher]: Mismatch between pose timestamp and current timestamp
[component_container_mt-1] [WARN] [1785815754.134178766] [sensing.lidar.concatenate_data]: transformed_raw_points[/sensing/lidar/right/pointcloud_before_sync] is nullptr, skipping pointcloud publish.
[component_container_mt-1] [WARN] [1785815754.134230647] [sensing.lidar.concatenate_data]: transformed_raw_points[/sensing/lidar/left/pointcloud_before_sync] is nullptr, skipping pointcloud publish.
[autoware_ndt_scan_matcher_node-24] [INFO] [1785815754.134877367] [localization.pose_estimator.ndt_scan_matcher]: Mismatch between pose timestamp and current timestamp
[component_container_mt-1] [WARN] [1785815754.234230866] [sensing.lidar.concatenate_data]: transformed_raw_points[/sensing/lidar/right/pointcloud_before_sync] is nullptr, skipping pointcloud publish.
[component_container_mt-1] [WARN] [1785815754.234278645] [sensing.lidar.concatenate_data]: transformed_raw_points[/sensing/lidar/left/pointcloud_before_sync] is nullptr, skipping pointcloud publish.
[autoware_ndt_scan_matcher_node-24] [INFO] [1785815754.235570840] [localization.pose_estimator.ndt_scan_matcher]: Mismatch between pose timestamp and current timestamp
[component_container_mt-1] [WARN] [1785815754.333856198] [sensing.lidar.concatenate_data]: transformed_raw_points[/sensing/lidar/right/pointcloud_before_sync] is nullptr, skipping pointcloud publish.
[component_container_mt-1] [WARN] [1785815754.333907550] [sensing.lidar.concatenate_data]: transformed_raw_points[/sensing/lidar/left/pointcloud_before_sync] is nullptr, skipping pointcloud publish.
[autoware_ndt_scan_matcher_node-24] [INFO] [1785815754.334548135] [localization.pose_estimator.ndt_scan_matcher]: Mismatch between pose timestamp and current timestamp
[autoware_pose_initializer_node-26] [INFO] [1785815754.345249014] [localization.util.pose_initializer]: EKF triggering service is available!
[autoware_pose_initializer_node-26] [INFO] [1785815754.345665526] [localization.util.pose_initializer]: EKF Deactivation succeeded
[autoware_pose_initializer_node-26] [INFO] [1785815754.345717382] [localization.util.pose_initializer]: NDT triggering service is available!
[autoware_pose_initializer_node-26] [INFO] [1785815754.346708651] [localization.util.pose_initializer]: NDT Deactivation succeeded
[autoware_pose_initializer_node-26] [INFO] [1785815754.346791541] [localization.util.pose_initializer]: Call align server.
[autoware_ekf_localizer_node-28] [WARN] [1785815754.383931529] [localization.pose_twist_fusion_filter.ekf_localizer]: The node is not activated. Provide initial pose to pose_initializer
[component_container_mt-1] [WARN] [1785815754.434053460] [sensing.lidar.concatenate_data]: transformed_raw_points[/sensing/lidar/right/pointcloud_before_sync] is nullptr, skipping pointcloud publish.
[component_container_mt-1] [WARN] [1785815754.434105145] [sensing.lidar.concatenate_data]: transformed_raw_points[/sensing/lidar/left/pointcloud_before_sync] is nullptr, skipping pointcloud publish.
[component_container_mt-1] [WARN] [1785815754.534140852] [sensing.lidar.concatenate_data]: transformed_raw_points[/sensing/lidar/right/pointcloud_before_sync] is nullptr, skipping pointcloud publish.
[component_container_mt-1] [WARN] [1785815754.534187583] [sensing.lidar.concatenate_data]: transformed_raw_points[/sensing/lidar/left/pointcloud_before_sync] is nullptr, skipping pointcloud publish.
[component_container_mt-1] [WARN] [1785815754.633936847] [sensing.lidar.concatenate_data]: transformed_raw_points[/sensing/lidar/right/pointcloud_before_sync] is nullptr, skipping pointcloud publish.
[component_container_mt-1] [WARN] [1785815754.633983188] [sensing.lidar.concatenate_data]: transformed_raw_points[/sensing/lidar/left/pointcloud_before_sync] is nullptr, skipping pointcloud publish.
[autoware_mrm_handler_node-13] [INFO] [1785815754.683607322] [system.mrm_handler]: MRM State changed: NORMAL -> MRM_OPERATING
[autoware_mrm_handler_node-13] [WARN] [1785815754.684194301] [system.mrm_handler]: EMERGENCY_STOP is operated.
[component_container_mt-1] [WARN] [1785815754.734115207] [sensing.lidar.concatenate_data]: transformed_raw_points[/sensing/lidar/right/pointcloud_before_sync] is nullptr, skipping pointcloud publish.
[component_container_mt-1] [WARN] [1785815754.734160804] [sensing.lidar.concatenate_data]: transformed_raw_points[/sensing/lidar/left/pointcloud_before_sync] is nullptr, skipping pointcloud publish.
[component_container_mt-47] [WARN] [1785815754.735058705] [control.vehicle_cmd_gate]: Emergency!
[autoware_mrm_handler_node-13] [INFO] [1785815754.783526155] [system.mrm_handler]: MRM State changed: MRM_OPERATING -> NORMAL
[autoware_mrm_handler_node-13] [WARN] [1785815754.784346431] [system.mrm_handler]: EMERGENCY_STOP is canceled.
[component_container_mt-1] [WARN] [1785815754.833651126] [sensing.lidar.concatenate_data]: transformed_raw_points[/sensing/lidar/right/pointcloud_before_sync] is nullptr, skipping pointcloud publish.
[component_container_mt-1] [WARN] [1785815754.833700999] [sensing.lidar.concatenate_data]: transformed_raw_points[/sensing/lidar/left/pointcloud_before_sync] is nullptr, skipping pointcloud publish.
[component_container_mt-1] [WARN] [1785815754.933768370] [sensing.lidar.concatenate_data]: transformed_raw_points[/sensing/lidar/right/pointcloud_before_sync] is nullptr, skipping pointcloud publish.
[component_container_mt-1] [WARN] [1785815754.933818366] [sensing.lidar.concatenate_data]: transformed_raw_points[/sensing/lidar/left/pointcloud_before_sync] is nullptr, skipping pointcloud publish.
[component_container_mt-1] [WARN] [1785815755.034304175] [sensing.lidar.concatenate_data]: transformed_raw_points[/sensing/lidar/right/pointcloud_before_sync] is nullptr, skipping pointcloud publish.
[component_container_mt-1] [WARN] [1785815755.034354981] [sensing.lidar.concatenate_data]: transformed_raw_points[/sensing/lidar/left/pointcloud_before_sync] is nullptr, skipping pointcloud publish.
[autoware_pose_initializer_node-26] [INFO] [1785815755.127439456] [localization.util.pose_initializer]: align server succeeded.
[autoware_pose_initializer_node-26] [INFO] [1785815755.127953515] [localization.util.pose_initializer]: EKF triggering service is available!
[autoware_pose_initializer_node-26] [INFO] [1785815755.128343480] [localization.util.pose_initializer]: EKF Activation succeeded
[autoware_pose_initializer_node-26] [INFO] [1785815755.128386281] [localization.util.pose_initializer]: NDT triggering service is available!
[autoware_pose_initializer_node-26] [INFO] [1785815755.128700005] [localization.util.pose_initializer]: NDT Activation succeeded
[component_container_mt-1] [WARN] [1785815755.133381368] [sensing.lidar.concatenate_data]: transformed_raw_points[/sensing/lidar/right/pointcloud_before_sync] is nullptr, skipping pointcloud publish.
[component_container_mt-1] [WARN] [1785815755.133422770] [sensing.lidar.concatenate_data]: transformed_raw_points[/sensing/lidar/left/pointcloud_before_sync] is nullptr, skipping pointcloud publish.
[component_container-7] [WARN] [1785815755.133653326] [system.topic_state_monitor_control_command_control_cmd]: /control/command/control_cmd topic rate has dropped to the warning level. Set WARN in diagnostics.
[autoware_ndt_scan_matcher_node-24] [INFO] [1785815755.134046842] [localization.pose_estimator.ndt_scan_matcher]: pose_buffer_.size() < 2
[autoware_ndt_scan_matcher_node-24] [INFO] [1785815755.142072765] [localization.pose_estimator.ndt_scan_matcher]: pose_buffer_.size() < 2
[component_container_mt-47] [INFO] [1785815755.183730791] [control.trajectory_follower.controller_node_exe]: Waiting for trajectory data
[component_container_mt-47] [INFO] [1785815755.183795287] [control.trajectory_follower.controller_node_exe]: Control is skipped since input data is not ready.
[component_container_mt-1] [WARN] [1785815755.233961101] [sensing.lidar.concatenate_data]: transformed_raw_points[/sensing/lidar/right/pointcloud_before_sync] is nullptr, skipping pointcloud publish.
[component_container_mt-1] [WARN] [1785815755.234007897] [sensing.lidar.concatenate_data]: transformed_raw_points[/sensing/lidar/left/pointcloud_before_sync] is nullptr, skipping pointcloud publish.
[autoware_ndt_scan_matcher_node-24] [INFO] [1785815755.234492223] [localization.pose_estimator.ndt_scan_matcher]: Mismatch between pose timestamp and current timestamp
[component_container_mt-1] [WARN] [1785815755.333794131] [sensing.lidar.concatenate_data]: transformed_raw_points[/sensing/lidar/right/pointcloud_before_sync] is nullptr, skipping pointcloud publish.
[component_container_mt-1] [WARN] [1785815755.333843484] [sensing.lidar.concatenate_data]: transformed_raw_points[/sensing/lidar/left/pointcloud_before_sync] is nullptr, skipping pointcloud publish.
[autoware_ndt_scan_matcher_node-24] [INFO] [1785815755.334342137] [localization.pose_estimator.ndt_scan_matcher]: Mismatch between pose timestamp and current timestamp
[component_container-18] [WARN] [1785815755.340453167] [sensing.lidar.top.crop_box_filter_self]: Invalid PointCloud: is_dense is false. The point cloud should be organized (dense) and contain only valid points. This will be an ERROR starting in 2026 JulyFrame: 'velodyne_top', Stamp: 19.785701247
[component_container_mt-1] [WARN] [1785815755.433758976] [sensing.lidar.concatenate_data]: transformed_raw_points[/sensing/lidar/right/pointcloud_before_sync] is nullptr, skipping pointcloud publish.
[component_container_mt-1] [WARN] [1785815755.433807087] [sensing.lidar.concatenate_data]: transformed_raw_points[/sensing/lidar/left/pointcloud_before_sync] is nullptr, skipping pointcloud publish.
[autoware_ndt_scan_matcher_node-24] [INFO] [1785815755.435092923] [localization.pose_estimator.ndt_scan_matcher]: Mismatch between pose timestamp and current timestamp
[component_container_mt-48] [INFO] [1785815755.483823057] [control.autonomous_emergency_braking]: [AEB] waiting for object pointcloud message
[component_container_mt-1] [WARN] [1785815755.533726818] [sensing.lidar.concatenate_data]: transformed_raw_points[/sensing/lidar/right/pointcloud_before_sync] is nullptr, skipping pointcloud publish.
[component_container_mt-1] [WARN] [1785815755.533772491] [sensing.lidar.concatenate_data]: transformed_raw_points[/sensing/lidar/left/pointcloud_before_sync] is nullptr, skipping pointcloud publish.
[autoware_ndt_scan_matcher_node-24] [INFO] [1785815755.535055687] [localization.pose_estimator.ndt_scan_matcher]: Mismatch between pose timestamp and current timestamp
[component_container_mt-1] [WARN] [1785815755.633675806] [sensing.lidar.concatenate_data]: transformed_raw_points[/sensing/lidar/right/pointcloud_before_sync] is nullptr, skipping pointcloud publish.
[component_container_mt-1] [WARN] [1785815755.633819733] [sensing.lidar.concatenate_data]: transformed_raw_points[/sensing/lidar/left/pointcloud_before_sync] is nullptr, skipping pointcloud publish.
[autoware_ndt_scan_matcher_node-24] [INFO] [1785815755.634294615] [localization.pose_estimator.ndt_scan_matcher]: Mismatch between pose timestamp and current timestamp
[autoware_mrm_handler_node-13] [INFO] [1785815755.683749592] [system.mrm_handler]: MRM State changed: NORMAL -> MRM_OPERATING
[autoware_mrm_handler_node-13] [WARN] [1785815755.684557357] [system.mrm_handler]: EMERGENCY_STOP is operated.
[component_container_mt-1] [WARN] [1785815755.733981880] [sensing.lidar.concatenate_data]: transformed_raw_points[/sensing/lidar/right/pointcloud_before_sync] is nullptr, skipping pointcloud publish.
[component_container_mt-1] [WARN] [1785815755.734024784] [sensing.lidar.concatenate_data]: transformed_raw_points[/sensing/lidar/left/pointcloud_before_sync] is nullptr, skipping pointcloud publish.
[component_container_mt-47] [WARN] [1785815755.734168376] [control.vehicle_cmd_gate]: Emergency!
[autoware_ndt_scan_matcher_node-24] [INFO] [1785815755.734495895] [localization.pose_estimator.ndt_scan_matcher]: Mismatch between pose timestamp and current timestamp
[component_container_mt-48] [INFO] [1785815755.734758343] [control.control_validator]: waiting for /planning/trajectory
[component_container_mt-1] [WARN] [1785815755.740815271] [localization.util.crop_box_filter_measurement_range]: Invalid PointCloud: row_step mismatch. Expected: 100096 (width 6256 * point_step 16), Got: 0. Frame: 'base_link', Stamp: 20.185701253 Please fill in the `cloud->row_step` field accordingly. This will be an ERROR starting in 2026 July
[autoware_mrm_handler_node-13] [INFO] [1785815755.783628632] [system.mrm_handler]: MRM State changed: MRM_OPERATING -> NORMAL
[autoware_mrm_handler_node-13] [WARN] [1785815755.784364804] [system.mrm_handler]: EMERGENCY_STOP is canceled.
[component_container_mt-1] [WARN] [1785815755.833806151] [sensing.lidar.concatenate_data]: transformed_raw_points[/sensing/lidar/right/pointcloud_before_sync] is nullptr, skipping pointcloud publish.
[component_container_mt-1] [WARN] [1785815755.833856297] [sensing.lidar.concatenate_data]: transformed_raw_points[/sensing/lidar/left/pointcloud_before_sync] is nullptr, skipping pointcloud publish.
[autoware_ndt_scan_matcher_node-24] [INFO] [1785815755.834352813] [localization.pose_estimator.ndt_scan_matcher]: Mismatch between pose timestamp and current timestamp
[component_container_mt-1] [WARN] [1785815755.933962176] [sensing.lidar.concatenate_data]: transformed_raw_points[/sensing/lidar/right/pointcloud_before_sync] is nullptr, skipping pointcloud publish.
[component_container_mt-1] [WARN] [1785815755.934007252] [sensing.lidar.concatenate_data]: transformed_raw_points[/sensing/lidar/left/pointcloud_before_sync] is nullptr, skipping pointcloud publish.
[component_container_mt-40] [INFO] [1785815755.934041735] [planning.scenario_planning.lane_driving.behavior_planning.behavior_path_planner]: waiting for scenario_topic
[autoware_ndt_scan_matcher_node-24] [INFO] [1785815755.934434196] [localization.pose_estimator.ndt_scan_matcher]: Mismatch between pose timestamp and current timestamp
[component_container_mt-1] [WARN] [1785815756.033671797] [sensing.lidar.concatenate_data]: transformed_raw_points[/sensing/lidar/right/pointcloud_before_sync] is nullptr, skipping pointcloud publish.
[component_container_mt-1] [WARN] [1785815756.033734287] [sensing.lidar.concatenate_data]: transformed_raw_points[/sensing/lidar/left/pointcloud_before_sync] is nullptr, skipping pointcloud publish.
[autoware_ndt_scan_matcher_node-24] [INFO] [1785815756.034437908] [localization.pose_estimator.ndt_scan_matcher]: Mismatch between pose timestamp and current timestamp
[component_container-7] [INFO] [1785815756.084655187] [system.topic_state_monitor_object_recognition_objects]: /perception/object_recognition/objects has not received. Set ERROR in diagnostics.
[component_container_mt-1] [WARN] [1785815756.134005945] [sensing.lidar.concatenate_data]: transformed_raw_points[/sensing/lidar/right/pointcloud_before_sync] is nullptr, skipping pointcloud publish.
[component_container_mt-1] [WARN] [1785815756.134050673] [sensing.lidar.concatenate_data]: transformed_raw_points[/sensing/lidar/left/pointcloud_before_sync] is nullptr, skipping pointcloud publish.
[component_container_mt-47] [INFO] [1785815756.134479361] [control.vehicle_cmd_gate]: The operation mode is changed, but the GearCommand is not received yet:
[autoware_ndt_scan_matcher_node-24] [INFO] [1785815756.134941990] [localization.pose_estimator.ndt_scan_matcher]: Mismatch between pose timestamp and current timestamp
[component_container_mt-1] [WARN] [1785815756.234734685] [sensing.lidar.concatenate_data]: transformed_raw_points[/sensing/lidar/right/pointcloud_before_sync] is nullptr, skipping pointcloud publish.
[component_container_mt-1] [WARN] [1785815756.234777373] [sensing.lidar.concatenate_data]: transformed_raw_points[/sensing/lidar/left/pointcloud_before_sync] is nullptr, skipping pointcloud publish.
[autoware_ndt_scan_matcher_node-24] [INFO] [1785815756.236120877] [localization.pose_estimator.ndt_scan_matcher]: Mismatch between pose timestamp and current timestamp
[component_container_mt-1] [WARN] [1785815756.334408780] [sensing.lidar.concatenate_data]: transformed_raw_points[/sensing/lidar/right/pointcloud_before_sync] is nullptr, skipping pointcloud publish.
[component_container_mt-1] [WARN] [1785815756.334452921] [sensing.lidar.concatenate_data]: transformed_raw_points[/sensing/lidar/left/pointcloud_before_sync] is nullptr, skipping pointcloud publish.
[autoware_ndt_scan_matcher_node-24] [INFO] [1785815756.334946514] [localization.pose_estimator.ndt_scan_matcher]: Mismatch between pose timestamp and current timestamp
[component_container_mt-1] [WARN] [1785815756.434477244] [sensing.lidar.concatenate_data]: transformed_raw_points[/sensing/lidar/right/pointcloud_before_sync] is nullptr, skipping pointcloud publish.
[component_container_mt-1] [WARN] [1785815756.434523433] [sensing.lidar.concatenate_data]: transformed_raw_points[/sensing/lidar/left/pointcloud_before_sync] is nullptr, skipping pointcloud publish.
[autoware_ndt_scan_matcher_node-24] [INFO] [1785815756.434973322] [localization.pose_estimator.ndt_scan_matcher]: Mismatch between pose timestamp and current timestamp
[component_container_mt-1] [WARN] [1785815756.533847028] [sensing.lidar.concatenate_data]: transformed_raw_points[/sensing/lidar/right/pointcloud_before_sync] is nullptr, skipping pointcloud publish.
[component_container_mt-1] [WARN] [1785815756.533898480] [sensing.lidar.concatenate_data]: transformed_raw_points[/sensing/lidar/left/pointcloud_before_sync] is nullptr, skipping pointcloud publish.
[autoware_ndt_scan_matcher_node-24] [INFO] [1785815756.534562854] [localization.pose_estimator.ndt_scan_matcher]: Mismatch between pose timestamp and current timestamp
[component_container_mt-1] [WARN] [1785815756.634122489] [sensing.lidar.concatenate_data]: transformed_raw_points[/sensing/lidar/right/pointcloud_before_sync] is nullptr, skipping pointcloud publish.
[component_container_mt-1] [WARN] [1785815756.634162087] [sensing.lidar.concatenate_data]: transformed_raw_points[/sensing/lidar/left/pointcloud_before_sync] is nullptr, skipping pointcloud publish.
[autoware_ndt_scan_matcher_node-24] [INFO] [1785815756.634659739] [localization.pose_estimator.ndt_scan_matcher]: Mismatch between pose timestamp and current timestamp
[logging_node-14] [WARN] [1785815756.683604895] [logging_diag_graph]: The target mode is not available for the following reasons:
[logging_node-14] - /autoware/modes/autonomous ERROR
[logging_node-14]     - /autoware/localization ERROR
[logging_node-14]         - /autoware/localization/state STALE
[logging_node-14]     - /autoware/planning ERROR
[logging_node-14]         - /autoware/planning/routing/state STALE
[logging_node-14]         - [anonymous group] ERROR
[logging_node-14]             - /autoware/planning/topic_rate_check/route ERROR
[logging_node-14]             - /autoware/planning/topic_rate_check/trajectory ERROR
[logging_node-14]     - /autoware/perception ERROR
[logging_node-14]         - /autoware/perception/topic_rate_check/objects ERROR
[logging_node-14]         - /autoware/perception/topic_rate_check/pointcloud ERROR
[logging_node-14]     - /autoware/control ERROR
[logging_node-14]         - /autoware/control/topic_rate_check/trajectory_follower ERROR
[logging_node-14]         - /autoware/control/topic_rate_check/control_command WARN 
[logging_node-14]         - /autoware/control/performance_monitoring/lane_departure STALE
[logging_node-14]         - /autoware/control/performance_monitoring/control_state STALE
[logging_node-14]     - /adapi/mrm_request/delegate STALE
[logging_node-14] 
[autoware_mrm_handler_node-13] [INFO] [1785815756.683703081] [system.mrm_handler]: MRM State changed: NORMAL -> MRM_OPERATING
[autoware_mrm_handler_node-13] [WARN] [1785815756.683903381] [system.mrm_handler]: EMERGENCY_STOP is operated.
[component_container_mt-1] [WARN] [1785815756.733538910] [sensing.lidar.concatenate_data]: transformed_raw_points[/sensing/lidar/right/pointcloud_before_sync] is nullptr, skipping pointcloud publish.
[component_container_mt-1] [WARN] [1785815756.733585074] [sensing.lidar.concatenate_data]: transformed_raw_points[/sensing/lidar/left/pointcloud_before_sync] is nullptr, skipping pointcloud publish.
[autoware_ndt_scan_matcher_node-24] [INFO] [1785815756.734180018] [localization.pose_estimator.ndt_scan_matcher]: Mismatch between pose timestamp and current timestamp
[component_container_mt-47] [WARN] [1785815756.734854277] [control.vehicle_cmd_gate]: Emergency!
[autoware_mrm_handler_node-13] [INFO] [1785815756.784033491] [system.mrm_handler]: MRM State changed: MRM_OPERATING -> NORMAL
[autoware_mrm_handler_node-13] [WARN] [1785815756.784439654] [system.mrm_handler]: EMERGENCY_STOP is canceled.
[component_container_mt-1] [WARN] [1785815756.834363098] [sensing.lidar.concatenate_data]: transformed_raw_points[/sensing/lidar/right/pointcloud_before_sync] is nullptr, skipping pointcloud publish.
[component_container_mt-1] [WARN] [1785815756.834406645] [sensing.lidar.concatenate_data]: transformed_raw_points[/sensing/lidar/left/pointcloud_before_sync] is nullptr, skipping pointcloud publish.
[autoware_ndt_scan_matcher_node-24] [INFO] [1785815756.835096392] [localization.pose_estimator.ndt_scan_matcher]: Mismatch between pose timestamp and current timestamp
[component_container_mt-1] [WARN] [1785815756.934081504] [sensing.lidar.concatenate_data]: transformed_raw_points[/sensing/lidar/right/pointcloud_before_sync] is nullptr, skipping pointcloud publish.
[component_container_mt-1] [WARN] [1785815756.934125557] [sensing.lidar.concatenate_data]: transformed_raw_points[/sensing/lidar/left/pointcloud_before_sync] is nullptr, skipping pointcloud publish.
[autoware_ndt_scan_matcher_node-24] [INFO] [1785815756.934629136] [localization.pose_estimator.ndt_scan_matcher]: Mismatch between pose timestamp and current timestamp
[component_container_mt-1] [WARN] [1785815757.034335756] [sensing.lidar.concatenate_data]: transformed_raw_points[/sensing/lidar/right/pointcloud_before_sync] is nullptr, skipping pointcloud publish.
[component_container_mt-1] [WARN] [1785815757.034378792] [sensing.lidar.concatenate_data]: transformed_raw_points[/sensing/lidar/left/pointcloud_before_sync] is nullptr, skipping pointcloud publish.
[autoware_ndt_scan_matcher_node-24] [INFO] [1785815757.034929076] [localization.pose_estimator.ndt_scan_matcher]: Mismatch between pose timestamp and current timestamp
[component_container_mt-1] [WARN] [1785815757.134592074] [sensing.lidar.concatenate_data]: transformed_raw_points[/sensing/lidar/right/pointcloud_before_sync] is nullptr, skipping pointcloud publish.
[component_container_mt-1] [WARN] [1785815757.134632878] [sensing.lidar.concatenate_data]: transformed_raw_points[/sensing/lidar/left/pointcloud_before_sync] is nullptr, skipping pointcloud publish.
[autoware_ndt_scan_matcher_node-24] [INFO] [1785815757.135849430] [localization.pose_estimator.ndt_scan_matcher]: Mismatch between pose timestamp and current timestamp
[component_container_mt-1] [WARN] [1785815757.234543618] [sensing.lidar.concatenate_data]: transformed_raw_points[/sensing/lidar/right/pointcloud_before_sync] is nullptr, skipping pointcloud publish.
[component_container_mt-1] [WARN] [1785815757.234896242] [sensing.lidar.concatenate_data]: transformed_raw_points[/sensing/lidar/left/pointcloud_before_sync] is nullptr, skipping pointcloud publish.
[autoware_ndt_scan_matcher_node-24] [INFO] [1785815757.235005081] [localization.pose_estimator.ndt_scan_matcher]: Mismatch between pose timestamp and current timestamp
[component_container_mt-1] [WARN] [1785815757.334048189] [sensing.lidar.concatenate_data]: transformed_raw_points[/sensing/lidar/right/pointcloud_before_sync] is nullptr, skipping pointcloud publish.
[component_container_mt-1] [WARN] [1785815757.334094263] [sensing.lidar.concatenate_data]: transformed_raw_points[/sensing/lidar/left/pointcloud_before_sync] is nullptr, skipping pointcloud publish.
[autoware_ndt_scan_matcher_node-24] [INFO] [1785815757.334804825] [localization.pose_estimator.ndt_scan_matcher]: Mismatch between pose timestamp and current timestamp
[component_container_mt-1] [WARN] [1785815757.437170932] [sensing.lidar.concatenate_data]: transformed_raw_points[/sensing/lidar/right/pointcloud_before_sync] is nullptr, skipping pointcloud publish.
[component_container_mt-1] [WARN] [1785815757.437219955] [sensing.lidar.concatenate_data]: transformed_raw_points[/sensing/lidar/left/pointcloud_before_sync] is nullptr, skipping pointcloud publish.
[autoware_ndt_scan_matcher_node-24] [INFO] [1785815757.437731390] [localization.pose_estimator.ndt_scan_matcher]: Mismatch between pose timestamp and current timestamp
[component_container_mt-1] [WARN] [1785815757.533529019] [sensing.lidar.concatenate_data]: transformed_raw_points[/sensing/lidar/right/pointcloud_before_sync] is nullptr, skipping pointcloud publish.
[component_container_mt-1] [WARN] [1785815757.533577146] [sensing.lidar.concatenate_data]: transformed_raw_points[/sensing/lidar/left/pointcloud_before_sync] is nullptr, skipping pointcloud publish.
[autoware_ndt_scan_matcher_node-24] [INFO] [1785815757.534141962] [localization.pose_estimator.ndt_scan_matcher]: Mismatch between pose timestamp and current timestamp
[component_container_mt-48] [INFO] [1785815757.633661541] [control.trajectory_follower.lane_departure_checker_node]: waiting for route msg...
[component_container_mt-1] [WARN] [1785815757.634207031] [sensing.lidar.concatenate_data]: transformed_raw_points[/sensing/lidar/right/pointcloud_before_sync] is nullptr, skipping pointcloud publish.
[component_container_mt-1] [WARN] [1785815757.634242822] [sensing.lidar.concatenate_data]: transformed_raw_points[/sensing/lidar/left/pointcloud_before_sync] is nullptr, skipping pointcloud publish.
[autoware_ndt_scan_matcher_node-24] [INFO] [1785815757.634917975] [localization.pose_estimator.ndt_scan_matcher]: Mismatch between pose timestamp and current timestamp
[autoware_scenario_selector_node-36] [INFO] [1785815757.683239303] [planning.scenario_planning.scenario_selector]: Waiting for route.
[autoware_mrm_handler_node-13] [INFO] [1785815757.683700080] [system.mrm_handler]: MRM State changed: NORMAL -> MRM_OPERATING
[autoware_mrm_handler_node-13] [WARN] [1785815757.683844608] [system.mrm_handler]: EMERGENCY_STOP is operated.
[component_container_mt-1] [WARN] [1785815757.734239281] [sensing.lidar.concatenate_data]: transformed_raw_points[/sensing/lidar/right/pointcloud_before_sync] is nullptr, skipping pointcloud publish.
[autoware_ndt_scan_matcher_node-24] [INFO] [1785815757.734779500] [localization.pose_estimator.ndt_scan_matcher]: Mismatch between pose timestamp and current timestamp
[component_container_mt-1] [WARN] [1785815757.735087763] [sensing.lidar.concatenate_data]: transformed_raw_points[/sensing/lidar/left/pointcloud_before_sync] is nullptr, skipping pointcloud publish.
[autoware_mrm_handler_node-13] [INFO] [1785815757.784244359] [system.mrm_handler]: MRM State changed: MRM_OPERATING -> NORMAL
[component_container_mt-47] [WARN] [1785815757.784259179] [control.vehicle_cmd_gate]: Emergency!
[autoware_mrm_handler_node-13] [WARN] [1785815757.784441594] [system.mrm_handler]: EMERGENCY_STOP is canceled.
[component_container_mt-1] [WARN] [1785815757.833548581] [sensing.lidar.concatenate_data]: transformed_raw_points[/sensing/lidar/right/pointcloud_before_sync] is nullptr, skipping pointcloud publish.
[component_container_mt-1] [WARN] [1785815757.833598801] [sensing.lidar.concatenate_data]: transformed_raw_points[/sensing/lidar/left/pointcloud_before_sync] is nullptr, skipping pointcloud publish.
[autoware_ndt_scan_matcher_node-24] [INFO] [1785815757.834094416] [localization.pose_estimator.ndt_scan_matcher]: Mismatch between pose timestamp and current timestamp
[component_container_mt-1] [WARN] [1785815757.933810426] [sensing.lidar.concatenate_data]: transformed_raw_points[/sensing/lidar/right/pointcloud_before_sync] is nullptr, skipping pointcloud publish.
[component_container_mt-1] [WARN] [1785815757.933855584] [sensing.lidar.concatenate_data]: transformed_raw_points[/sensing/lidar/left/pointcloud_before_sync] is nullptr, skipping pointcloud publish.
[autoware_ndt_scan_matcher_node-24] [INFO] [1785815757.934330573] [localization.pose_estimator.ndt_scan_matcher]: Mismatch between pose timestamp and current timestamp
[component_container_mt-1] [WARN] [1785815758.034159474] [sensing.lidar.concatenate_data]: transformed_raw_points[/sensing/lidar/right/pointcloud_before_sync] is nullptr, skipping pointcloud publish.
[component_container_mt-1] [WARN] [1785815758.034213158] [sensing.lidar.concatenate_data]: transformed_raw_points[/sensing/lidar/left/pointcloud_before_sync] is nullptr, skipping pointcloud publish.
[autoware_ndt_scan_matcher_node-24] [INFO] [1785815758.034916626] [localization.pose_estimator.ndt_scan_matcher]: Mismatch between pose timestamp and current timestamp
[component_container_mt-1] [WARN] [1785815758.133998350] [sensing.lidar.concatenate_data]: transformed_raw_points[/sensing/lidar/right/pointcloud_before_sync] is nullptr, skipping pointcloud publish.
[component_container_mt-1] [WARN] [1785815758.134048925] [sensing.lidar.concatenate_data]: transformed_raw_points[/sensing/lidar/left/pointcloud_before_sync] is nullptr, skipping pointcloud publish.
[component_container-7] [WARN] [1785815758.134077878] [system.topic_state_monitor_control_command_control_cmd]: /control/command/control_cmd topic rate has dropped to the warning level. Set WARN in diagnostics.
[autoware_ndt_scan_matcher_node-24] [INFO] [1785815758.134654421] [localization.pose_estimator.ndt_scan_matcher]: Mismatch between pose timestamp and current timestamp
[component_container_mt-1] [WARN] [1785815758.234256995] [sensing.lidar.concatenate_data]: transformed_raw_points[/sensing/lidar/right/pointcloud_before_sync] is nullptr, skipping pointcloud publish.
[component_container_mt-1] [WARN] [1785815758.234302938] [sensing.lidar.concatenate_data]: transformed_raw_points[/sensing/lidar/left/pointcloud_before_sync] is nullptr, skipping pointcloud publish.
[autoware_ndt_scan_matcher_node-24] [INFO] [1785815758.234782607] [localization.pose_estimator.ndt_scan_matcher]: Mismatch between pose timestamp and current timestamp
[component_container_mt-1] [WARN] [1785815758.334314356] [sensing.lidar.concatenate_data]: transformed_raw_points[/sensing/lidar/right/pointcloud_before_sync] is nullptr, skipping pointcloud publish.
[component_container_mt-1] [WARN] [1785815758.334364248] [sensing.lidar.concatenate_data]: transformed_raw_points[/sensing/lidar/left/pointcloud_before_sync] is nullptr, skipping pointcloud publish.
[autoware_ndt_scan_matcher_node-24] [INFO] [1785815758.334792360] [localization.pose_estimator.ndt_scan_matcher]: Mismatch between pose timestamp and current timestamp
[component_container_mt-1] [WARN] [1785815758.434726219] [sensing.lidar.concatenate_data]: transformed_raw_points[/sensing/lidar/right/pointcloud_before_sync] is nullptr, skipping pointcloud publish.
[component_container_mt-1] [WARN] [1785815758.434774459] [sensing.lidar.concatenate_data]: transformed_raw_points[/sensing/lidar/left/pointcloud_before_sync] is nullptr, skipping pointcloud publish.
[autoware_ndt_scan_matcher_node-24] [INFO] [1785815758.435407095] [localization.pose_estimator.ndt_scan_matcher]: Mismatch between pose timestamp and current timestamp
[component_container_mt-1] [WARN] [1785815758.534142192] [sensing.lidar.concatenate_data]: transformed_raw_points[/sensing/lidar/right/pointcloud_before_sync] is nullptr, skipping pointcloud publish.
[component_container_mt-1] [WARN] [1785815758.534217262] [sensing.lidar.concatenate_data]: transformed_raw_points[/sensing/lidar/left/pointcloud_before_sync] is nullptr, skipping pointcloud publish.
[autoware_ndt_scan_matcher_node-24] [INFO] [1785815758.534643245] [localization.pose_estimator.ndt_scan_matcher]: Mismatch between pose timestamp and current timestamp
[component_container_mt-1] [WARN] [1785815758.634523623] [sensing.lidar.concatenate_data]: transformed_raw_points[/sensing/lidar/right/pointcloud_before_sync] is nullptr, skipping pointcloud publish.
[component_container_mt-1] [WARN] [1785815758.634569073] [sensing.lidar.concatenate_data]: transformed_raw_points[/sensing/lidar/left/pointcloud_before_sync] is nullptr, skipping pointcloud publish.
[autoware_ndt_scan_matcher_node-24] [INFO] [1785815758.635069852] [localization.pose_estimator.ndt_scan_matcher]: Mismatch between pose timestamp and current timestamp
[autoware_mrm_handler_node-13] [INFO] [1785815758.684158822] [system.mrm_handler]: MRM State changed: NORMAL -> MRM_OPERATING
[autoware_mrm_handler_node-13] [WARN] [1785815758.684325795] [system.mrm_handler]: EMERGENCY_STOP is operated.
[component_container_mt-1] [WARN] [1785815758.734188114] [sensing.lidar.concatenate_data]: transformed_raw_points[/sensing/lidar/right/pointcloud_before_sync] is nullptr, skipping pointcloud publish.
[component_container_mt-1] [WARN] [1785815758.734235258] [sensing.lidar.concatenate_data]: transformed_raw_points[/sensing/lidar/left/pointcloud_before_sync] is nullptr, skipping pointcloud publish.
[autoware_ndt_scan_matcher_node-24] [INFO] [1785815758.734734016] [localization.pose_estimator.ndt_scan_matcher]: Mismatch between pose timestamp and current timestamp
[autoware_mrm_handler_node-13] [INFO] [1785815758.783672420] [system.mrm_handler]: MRM State changed: MRM_OPERATING -> NORMAL
[autoware_mrm_handler_node-13] [WARN] [1785815758.783999034] [system.mrm_handler]: EMERGENCY_STOP is canceled.
[component_container_mt-47] [WARN] [1785815758.784052516] [control.vehicle_cmd_gate]: Emergency!
[component_container_mt-1] [WARN] [1785815758.834178823] [sensing.lidar.concatenate_data]: transformed_raw_points[/sensing/lidar/right/pointcloud_before_sync] is nullptr, skipping pointcloud publish.
[component_container_mt-1] [WARN] [1785815758.834934585] [sensing.lidar.concatenate_data]: transformed_raw_points[/sensing/lidar/left/pointcloud_before_sync] is nullptr, skipping pointcloud publish.
[autoware_ndt_scan_matcher_node-24] [INFO] [1785815758.835323138] [localization.pose_estimator.ndt_scan_matcher]: Mismatch between pose timestamp and current timestamp
[component_container_mt-1] [WARN] [1785815758.934201056] [sensing.lidar.concatenate_data]: transformed_raw_points[/sensing/lidar/right/pointcloud_before_sync] is nullptr, skipping pointcloud publish.
[component_container_mt-1] [WARN] [1785815758.934252260] [sensing.lidar.concatenate_data]: transformed_raw_points[/sensing/lidar/left/pointcloud_before_sync] is nullptr, skipping pointcloud publish.
[autoware_ndt_scan_matcher_node-24] [INFO] [1785815758.934877261] [localization.pose_estimator.ndt_scan_matcher]: Mismatch between pose timestamp and current timestamp
[component_container_mt-1] [WARN] [1785815759.034757045] [sensing.lidar.concatenate_data]: transformed_raw_points[/sensing/lidar/right/pointcloud_before_sync] is nullptr, skipping pointcloud publish.
[component_container_mt-1] [WARN] [1785815759.034800263] [sensing.lidar.concatenate_data]: transformed_raw_points[/sensing/lidar/left/pointcloud_before_sync] is nullptr, skipping pointcloud publish.
[autoware_ndt_scan_matcher_node-24] [INFO] [1785815759.035348175] [localization.pose_estimator.ndt_scan_matcher]: Mismatch between pose timestamp and current timestamp
[component_container-7] [INFO] [1785815759.085178346] [system.topic_state_monitor_object_recognition_objects]: /perception/object_recognition/objects has not received. Set ERROR in diagnostics.
[component_container_mt-1] [WARN] [1785815759.134307977] [sensing.lidar.concatenate_data]: transformed_raw_points[/sensing/lidar/right/pointcloud_before_sync] is nullptr, skipping pointcloud publish.
[component_container_mt-1] [WARN] [1785815759.134360597] [sensing.lidar.concatenate_data]: transformed_raw_points[/sensing/lidar/left/pointcloud_before_sync] is nullptr, skipping pointcloud publish.
[autoware_ndt_scan_matcher_node-24] [INFO] [1785815759.136685925] [localization.pose_estimator.ndt_scan_matcher]: Mismatch between pose timestamp and current timestamp
[component_container_mt-1] [WARN] [1785815759.234951760] [sensing.lidar.concatenate_data]: transformed_raw_points[/sensing/lidar/right/pointcloud_before_sync] is nullptr, skipping pointcloud publish.
[component_container_mt-1] [WARN] [1785815759.234997013] [sensing.lidar.concatenate_data]: transformed_raw_points[/sensing/lidar/left/pointcloud_before_sync] is nullptr, skipping pointcloud publish.
[autoware_ndt_scan_matcher_node-24] [INFO] [1785815759.235533798] [localization.pose_estimator.ndt_scan_matcher]: Mismatch between pose timestamp and current timestamp
[component_container_mt-1] [WARN] [1785815759.334326274] [sensing.lidar.concatenate_data]: transformed_raw_points[/sensing/lidar/right/pointcloud_before_sync] is nullptr, skipping pointcloud publish.
[component_container_mt-1] [WARN] [1785815759.334378206] [sensing.lidar.concatenate_data]: transformed_raw_points[/sensing/lidar/left/pointcloud_before_sync] is nullptr, skipping pointcloud publish.
[autoware_ndt_scan_matcher_node-24] [INFO] [1785815759.334846970] [localization.pose_estimator.ndt_scan_matcher]: Mismatch between pose timestamp and current timestamp
[component_container_mt-1] [WARN] [1785815759.434272654] [sensing.lidar.concatenate_data]: transformed_raw_points[/sensing/lidar/right/pointcloud_before_sync] is nullptr, skipping pointcloud publish.
[component_container_mt-1] [WARN] [1785815759.434315255] [sensing.lidar.concatenate_data]: transformed_raw_points[/sensing/lidar/left/pointcloud_before_sync] is nullptr, skipping pointcloud publish.
[autoware_ndt_scan_matcher_node-24] [INFO] [1785815759.434792488] [localization.pose_estimator.ndt_scan_matcher]: Mismatch between pose timestamp and current timestamp
[component_container_mt-1] [WARN] [1785815759.534341286] [sensing.lidar.concatenate_data]: transformed_raw_points[/sensing/lidar/right/pointcloud_before_sync] is nullptr, skipping pointcloud publish.
[component_container_mt-1] [WARN] [1785815759.534384398] [sensing.lidar.concatenate_data]: transformed_raw_points[/sensing/lidar/left/pointcloud_before_sync] is nullptr, skipping pointcloud publish.
[autoware_ndt_scan_matcher_node-24] [INFO] [1785815759.535053340] [localization.pose_estimator.ndt_scan_matcher]: Mismatch between pose timestamp and current timestamp
[component_container_mt-1] [WARN] [1785815759.634518353] [sensing.lidar.concatenate_data]: transformed_raw_points[/sensing/lidar/right/pointcloud_before_sync] is nullptr, skipping pointcloud publish.
[component_container_mt-1] [WARN] [1785815759.634560095] [sensing.lidar.concatenate_data]: transformed_raw_points[/sensing/lidar/left/pointcloud_before_sync] is nullptr, skipping pointcloud publish.
[autoware_ndt_scan_matcher_node-24] [INFO] [1785815759.635075493] [localization.pose_estimator.ndt_scan_matcher]: Mismatch between pose timestamp and current timestamp
[autoware_mrm_handler_node-13] [INFO] [1785815759.683970468] [system.mrm_handler]: MRM State changed: NORMAL -> MRM_OPERATING
[autoware_mrm_handler_node-13] [WARN] [1785815759.684155973] [system.mrm_handler]: EMERGENCY_STOP is operated.
[component_container_mt-1] [WARN] [1785815759.734148353] [sensing.lidar.concatenate_data]: transformed_raw_points[/sensing/lidar/right/pointcloud_before_sync] is nullptr, skipping pointcloud publish.
[component_container_mt-1] [WARN] [1785815759.734201673] [sensing.lidar.concatenate_data]: transformed_raw_points[/sensing/lidar/left/pointcloud_before_sync] is nullptr, skipping pointcloud publish.
[autoware_ndt_scan_matcher_node-24] [INFO] [1785815759.734941724] [localization.pose_estimator.ndt_scan_matcher]: Mismatch between pose timestamp and current timestamp
[autoware_mrm_handler_node-13] [INFO] [1785815759.783344236] [system.mrm_handler]: MRM State changed: MRM_OPERATING -> NORMAL
[component_container_mt-47] [WARN] [1785815759.783948382] [control.vehicle_cmd_gate]: Emergency!
[autoware_mrm_handler_node-13] [WARN] [1785815759.784150206] [system.mrm_handler]: EMERGENCY_STOP is canceled.
[component_container_mt-1] [WARN] [1785815759.833873468] [sensing.lidar.concatenate_data]: transformed_raw_points[/sensing/lidar/right/pointcloud_before_sync] is nullptr, skipping pointcloud publish.
[component_container_mt-1] [WARN] [1785815759.833925797] [sensing.lidar.concatenate_data]: transformed_raw_points[/sensing/lidar/left/pointcloud_before_sync] is nullptr, skipping pointcloud publish.
[autoware_ndt_scan_matcher_node-24] [INFO] [1785815759.834399250] [localization.pose_estimator.ndt_scan_matcher]: Mismatch between pose timestamp and current timestamp
[component_container_mt-1] [WARN] [1785815759.933801749] [sensing.lidar.concatenate_data]: transformed_raw_points[/sensing/lidar/right/pointcloud_before_sync] is nullptr, skipping pointcloud publish.
[component_container_mt-1] [WARN] [1785815759.933849115] [sensing.lidar.concatenate_data]: transformed_raw_points[/sensing/lidar/left/pointcloud_before_sync] is nullptr, skipping pointcloud publish.
[autoware_ndt_scan_matcher_node-24] [INFO] [1785815759.934567200] [localization.pose_estimator.ndt_scan_matcher]: Mismatch between pose timestamp and current timestamp
[component_container_mt-1] [WARN] [1785815760.033981006] [sensing.lidar.concatenate_data]: transformed_raw_points[/sensing/lidar/right/pointcloud_before_sync] is nullptr, skipping pointcloud publish.
[component_container_mt-1] [WARN] [1785815760.034035072] [sensing.lidar.concatenate_data]: transformed_raw_points[/sensing/lidar/left/pointcloud_before_sync] is nullptr, skipping pointcloud publish.
[autoware_ndt_scan_matcher_node-24] [INFO] [1785815760.034752620] [localization.pose_estimator.ndt_scan_matcher]: Mismatch between pose timestamp and current timestamp
[component_container_mt-1] [WARN] [1785815760.134071380] [sensing.lidar.concatenate_data]: transformed_raw_points[/sensing/lidar/right/pointcloud_before_sync] is nullptr, skipping pointcloud publish.
[component_container_mt-1] [WARN] [1785815760.134116505] [sensing.lidar.concatenate_data]: transformed_raw_points[/sensing/lidar/left/pointcloud_before_sync] is nullptr, skipping pointcloud publish.
[autoware_ndt_scan_matcher_node-24] [INFO] [1785815760.135214144] [localization.pose_estimator.ndt_scan_matcher]: Mismatch between pose timestamp and current timestamp
[component_container_mt-47] [INFO] [1785815760.184327018] [control.trajectory_follower.controller_node_exe]: Waiting for trajectory data
[component_container_mt-47] [INFO] [1785815760.184375626] [control.trajectory_follower.controller_node_exe]: Control is skipped since input data is not ready.
[component_container_mt-1] [WARN] [1785815760.234074016] [sensing.lidar.concatenate_data]: transformed_raw_points[/sensing/lidar/right/pointcloud_before_sync] is nullptr, skipping pointcloud publish.
[component_container_mt-1] [WARN] [1785815760.234117224] [sensing.lidar.concatenate_data]: transformed_raw_points[/sensing/lidar/left/pointcloud_before_sync] is nullptr, skipping pointcloud publish.
[autoware_ndt_scan_matcher_node-24] [INFO] [1785815760.234593736] [localization.pose_estimator.ndt_scan_matcher]: Mismatch between pose timestamp and current timestamp
[component_container_mt-1] [WARN] [1785815760.333677782] [sensing.lidar.concatenate_data]: transformed_raw_points[/sensing/lidar/right/pointcloud_before_sync] is nullptr, skipping pointcloud publish.
[component_container_mt-1] [WARN] [1785815760.333727677] [sensing.lidar.concatenate_data]: transformed_raw_points[/sensing/lidar/left/pointcloud_before_sync] is nullptr, skipping pointcloud publish.
[autoware_ndt_scan_matcher_node-24] [INFO] [1785815760.334878369] [localization.pose_estimator.ndt_scan_matcher]: Mismatch between pose timestamp and current timestamp
[component_container-18] [WARN] [1785815760.339755361] [sensing.lidar.top.crop_box_filter_self]: Invalid PointCloud: is_dense is false. The point cloud should be organized (dense) and contain only valid points. This will be an ERROR starting in 2026 JulyFrame: 'velodyne_top', Stamp: 24.785701322
[component_container_mt-1] [WARN] [1785815760.434627023] [sensing.lidar.concatenate_data]: transformed_raw_points[/sensing/lidar/right/pointcloud_before_sync] is nullptr, skipping pointcloud publish.
[component_container_mt-1] [WARN] [1785815760.434674526] [sensing.lidar.concatenate_data]: transformed_raw_points[/sensing/lidar/left/pointcloud_before_sync] is nullptr, skipping pointcloud publish.
[autoware_ndt_scan_matcher_node-24] [INFO] [1785815760.435222711] [localization.pose_estimator.ndt_scan_matcher]: Mismatch between pose timestamp and current timestamp
[component_container_mt-48] [INFO] [1785815760.484287569] [control.autonomous_emergency_braking]: [AEB] waiting for object pointcloud message
[component_container_mt-1] [WARN] [1785815760.534302473] [sensing.lidar.concatenate_data]: transformed_raw_points[/sensing/lidar/right/pointcloud_before_sync] is nullptr, skipping pointcloud publish.
[component_container_mt-1] [WARN] [1785815760.534351376] [sensing.lidar.concatenate_data]: transformed_raw_points[/sensing/lidar/left/pointcloud_before_sync] is nullptr, skipping pointcloud publish.
[autoware_ndt_scan_matcher_node-24] [INFO] [1785815760.534913065] [localization.pose_estimator.ndt_scan_matcher]: Mismatch between pose timestamp and current timestamp
[component_container_mt-1] [WARN] [1785815760.634872315] [sensing.lidar.concatenate_data]: transformed_raw_points[/sensing/lidar/right/pointcloud_before_sync] is nullptr, skipping pointcloud publish.
[component_container_mt-1] [WARN] [1785815760.634914439] [sensing.lidar.concatenate_data]: transformed_raw_points[/sensing/lidar/left/pointcloud_before_sync] is nullptr, skipping pointcloud publish.
[autoware_ndt_scan_matcher_node-24] [INFO] [1785815760.635592167] [localization.pose_estimator.ndt_scan_matcher]: Mismatch between pose timestamp and current timestamp
[component_container-18] [WARN] [1785815760.642683972] [sensing.lidar.top.distortion_corrector_node]: Twist time_stamp is too late. Could not interpolate.
[logging_node-14] [WARN] [1785815760.683942874] [logging_diag_graph]: The target mode is not available for the following reasons:
[logging_node-14] - /autoware/modes/autonomous ERROR
[logging_node-14]     - /autoware/localization ERROR
[logging_node-14]         - /autoware/localization/state STALE
[logging_node-14]     - /autoware/planning ERROR
[logging_node-14]         - /autoware/planning/routing/state STALE
[logging_node-14]         - [anonymous group] ERROR
[logging_node-14]             - /autoware/planning/topic_rate_check/route ERROR
[logging_node-14]             - /autoware/planning/topic_rate_check/trajectory ERROR
[logging_node-14]     - /autoware/perception ERROR
[logging_node-14]         - /autoware/perception/topic_rate_check/objects ERROR
[logging_node-14]         - /autoware/perception/topic_rate_check/pointcloud ERROR
[logging_node-14]     - /autoware/control ERROR
[logging_node-14]         - /autoware/control/topic_rate_check/trajectory_follower ERROR
[logging_node-14]         - /autoware/control/topic_rate_check/control_command WARN 
[logging_node-14]         - /autoware/control/performance_monitoring/lane_departure STALE
[logging_node-14]         - /autoware/control/performance_monitoring/control_state STALE
[logging_node-14]     - /adapi/mrm_request/delegate STALE
[logging_node-14] 
[autoware_mrm_handler_node-13] [INFO] [1785815760.684029417] [system.mrm_handler]: MRM State changed: NORMAL -> MRM_OPERATING
[autoware_mrm_handler_node-13] [WARN] [1785815760.684254685] [system.mrm_handler]: EMERGENCY_STOP is operated.
[component_container_mt-1] [WARN] [1785815760.734285328] [sensing.lidar.concatenate_data]: transformed_raw_points[/sensing/lidar/right/pointcloud_before_sync] is nullptr, skipping pointcloud publish.
[component_container_mt-1] [WARN] [1785815760.734327995] [sensing.lidar.concatenate_data]: transformed_raw_points[/sensing/lidar/left/pointcloud_before_sync] is nullptr, skipping pointcloud publish.
[component_container_mt-48] [INFO] [1785815760.734617565] [control.control_validator]: waiting for /planning/trajectory
[autoware_ndt_scan_matcher_node-24] [INFO] [1785815760.735008653] [localization.pose_estimator.ndt_scan_matcher]: Mismatch between pose timestamp and current timestamp
[component_container_mt-1] [WARN] [1785815760.741478880] [localization.util.crop_box_filter_measurement_range]: Invalid PointCloud: row_step mismatch. Expected: 102160 (width 6385 * point_step 16), Got: 0. Frame: 'base_link', Stamp: 25.185701328 Please fill in the `cloud->row_step` field accordingly. This will be an ERROR starting in 2026 July
[autoware_mrm_handler_node-13] [INFO] [1785815760.783358873] [system.mrm_handler]: MRM State changed: MRM_OPERATING -> NORMAL
[component_container_mt-47] [WARN] [1785815760.783671053] [control.vehicle_cmd_gate]: Emergency!
[autoware_mrm_handler_node-13] [WARN] [1785815760.783812977] [system.mrm_handler]: EMERGENCY_STOP is canceled.
[component_container_mt-1] [WARN] [1785815760.833696792] [sensing.lidar.concatenate_data]: transformed_raw_points[/sensing/lidar/right/pointcloud_before_sync] is nullptr, skipping pointcloud publish.
[component_container_mt-1] [WARN] [1785815760.833744119] [sensing.lidar.concatenate_data]: transformed_raw_points[/sensing/lidar/left/pointcloud_before_sync] is nullptr, skipping pointcloud publish.
[autoware_ndt_scan_matcher_node-24] [INFO] [1785815760.834211074] [localization.pose_estimator.ndt_scan_matcher]: Mismatch between pose timestamp and current timestamp
[component_container_mt-40] [INFO] [1785815760.933826315] [planning.scenario_planning.lane_driving.behavior_planning.behavior_path_planner]: waiting for scenario_topic
[component_container_mt-1] [WARN] [1785815760.935258043] [sensing.lidar.concatenate_data]: transformed_raw_points[/sensing/lidar/right/pointcloud_before_sync] is nullptr, skipping pointcloud publish.
[component_container_mt-1] [WARN] [1785815760.935293357] [sensing.lidar.concatenate_data]: transformed_raw_points[/sensing/lidar/left/pointcloud_before_sync] is nullptr, skipping pointcloud publish.
[autoware_ndt_scan_matcher_node-24] [INFO] [1785815760.935815150] [localization.pose_estimator.ndt_scan_matcher]: Mismatch between pose timestamp and current timestamp
[component_container_mt-1] [WARN] [1785815761.033813303] [sensing.lidar.concatenate_data]: transformed_raw_points[/sensing/lidar/right/pointcloud_before_sync] is nullptr, skipping pointcloud publish.
[component_container_mt-1] [WARN] [1785815761.033862376] [sensing.lidar.concatenate_data]: transformed_raw_points[/sensing/lidar/left/pointcloud_before_sync] is nullptr, skipping pointcloud publish.
[autoware_ndt_scan_matcher_node-24] [INFO] [1785815761.034967577] [localization.pose_estimator.ndt_scan_matcher]: Mismatch between pose timestamp and current timestamp
[component_container-7] [WARN] [1785815761.134210687] [system.topic_state_monitor_control_command_control_cmd]: /control/command/control_cmd topic rate has dropped to the warning level. Set WARN in diagnostics.
[component_container_mt-1] [WARN] [1785815761.134259620] [sensing.lidar.concatenate_data]: transformed_raw_points[/sensing/lidar/right/pointcloud_before_sync] is nullptr, skipping pointcloud publish.
[component_container_mt-1] [WARN] [1785815761.134296919] [sensing.lidar.concatenate_data]: transformed_raw_points[/sensing/lidar/left/pointcloud_before_sync] is nullptr, skipping pointcloud publish.
[component_container_mt-47] [INFO] [1785815761.134412513] [control.vehicle_cmd_gate]: The operation mode is changed, but the GearCommand is not received yet:
[autoware_ndt_scan_matcher_node-24] [INFO] [1785815761.135056057] [localization.pose_estimator.ndt_scan_matcher]: Mismatch between pose timestamp and current timestamp
[component_container_mt-1] [WARN] [1785815761.233704877] [sensing.lidar.concatenate_data]: transformed_raw_points[/sensing/lidar/right/pointcloud_before_sync] is nullptr, skipping pointcloud publish.
[component_container_mt-1] [WARN] [1785815761.233756391] [sensing.lidar.concatenate_data]: transformed_raw_points[/sensing/lidar/left/pointcloud_before_sync] is nullptr, skipping pointcloud publish.
[autoware_ndt_scan_matcher_node-24] [INFO] [1785815761.235134167] [localization.pose_estimator.ndt_scan_matcher]: Mismatch between pose timestamp and current timestamp
[component_container_mt-50] [INFO] [1785815761.333779212] [adapi.node.autoware_state]: AutowareState: Initializing => WaitingForRoute
[component_container_mt-1] [WARN] [1785815761.334237650] [sensing.lidar.concatenate_data]: transformed_raw_points[/sensing/lidar/right/pointcloud_before_sync] is nullptr, skipping pointcloud publish.
[component_container_mt-1] [WARN] [1785815761.334271103] [sensing.lidar.concatenate_data]: transformed_raw_points[/sensing/lidar/left/pointcloud_before_sync] is nullptr, skipping pointcloud publish.
[autoware_ndt_scan_matcher_node-24] [INFO] [1785815761.334783818] [localization.pose_estimator.ndt_scan_matcher]: Mismatch between pose timestamp and current timestamp
[component_container_mt-1] [WARN] [1785815761.433588170] [sensing.lidar.concatenate_data]: transformed_raw_points[/sensing/lidar/right/pointcloud_before_sync] is nullptr, skipping pointcloud publish.
[component_container_mt-1] [WARN] [1785815761.433633866] [sensing.lidar.concatenate_data]: transformed_raw_points[/sensing/lidar/left/pointcloud_before_sync] is nullptr, skipping pointcloud publish.
[autoware_ndt_scan_matcher_node-24] [INFO] [1785815761.434288015] [localization.pose_estimator.ndt_scan_matcher]: Mismatch between pose timestamp and current timestamp
[component_container_mt-1] [WARN] [1785815761.533832782] [sensing.lidar.concatenate_data]: transformed_raw_points[/sensing/lidar/right/pointcloud_before_sync] is nullptr, skipping pointcloud publish.
[component_container_mt-1] [WARN] [1785815761.533879218] [sensing.lidar.concatenate_data]: transformed_raw_points[/sensing/lidar/left/pointcloud_before_sync] is nullptr, skipping pointcloud publish.
[autoware_ndt_scan_matcher_node-24] [INFO] [1785815761.534739469] [localization.pose_estimator.ndt_scan_matcher]: Mismatch between pose timestamp and current timestamp
[component_container_mt-1] [WARN] [1785815761.633731382] [sensing.lidar.concatenate_data]: transformed_raw_points[/sensing/lidar/right/pointcloud_before_sync] is nullptr, skipping pointcloud publish.
[component_container_mt-1] [WARN] [1785815761.633779724] [sensing.lidar.concatenate_data]: transformed_raw_points[/sensing/lidar/left/pointcloud_before_sync] is nullptr, skipping pointcloud publish.
[autoware_ndt_scan_matcher_node-24] [INFO] [1785815761.635002342] [localization.pose_estimator.ndt_scan_matcher]: Mismatch between pose timestamp and current timestamp
[autoware_mrm_handler_node-13] [INFO] [1785815761.683575980] [system.mrm_handler]: MRM State changed: NORMAL -> MRM_OPERATING
[autoware_mrm_handler_node-13] [WARN] [1785815761.683996957] [system.mrm_handler]: EMERGENCY_STOP is operated.
[component_container_mt-1] [WARN] [1785815761.733971263] [sensing.lidar.concatenate_data]: transformed_raw_points[/sensing/lidar/right/pointcloud_before_sync] is nullptr, skipping pointcloud publish.
[component_container_mt-1] [WARN] [1785815761.734014197] [sensing.lidar.concatenate_data]: transformed_raw_points[/sensing/lidar/left/pointcloud_before_sync] is nullptr, skipping pointcloud publish.
[autoware_ndt_scan_matcher_node-24] [INFO] [1785815761.734698035] [localization.pose_estimator.ndt_scan_matcher]: Mismatch between pose timestamp and current timestamp
[autoware_mrm_handler_node-13] [INFO] [1785815761.784286746] [system.mrm_handler]: MRM State changed: MRM_OPERATING -> NORMAL
[component_container_mt-47] [WARN] [1785815761.784357934] [control.vehicle_cmd_gate]: Emergency!
[autoware_mrm_handler_node-13] [WARN] [1785815761.784573498] [system.mrm_handler]: EMERGENCY_STOP is canceled.
[component_container_mt-1] [WARN] [1785815761.834058566] [sensing.lidar.concatenate_data]: transformed_raw_points[/sensing/lidar/right/pointcloud_before_sync] is nullptr, skipping pointcloud publish.
[component_container_mt-1] [WARN] [1785815761.834097782] [sensing.lidar.concatenate_data]: transformed_raw_points[/sensing/lidar/left/pointcloud_before_sync] is nullptr, skipping pointcloud publish.
[autoware_ndt_scan_matcher_node-24] [INFO] [1785815761.834734994] [localization.pose_estimator.ndt_scan_matcher]: Mismatch between pose timestamp and current timestamp
[component_container_mt-1] [WARN] [1785815761.934140896] [sensing.lidar.concatenate_data]: transformed_raw_points[/sensing/lidar/right/pointcloud_before_sync] is nullptr, skipping pointcloud publish.
[component_container_mt-1] [WARN] [1785815761.934183008] [sensing.lidar.concatenate_data]: transformed_raw_points[/sensing/lidar/left/pointcloud_before_sync] is nullptr, skipping pointcloud publish.
[autoware_ndt_scan_matcher_node-24] [INFO] [1785815761.934897205] [localization.pose_estimator.ndt_scan_matcher]: Mismatch between pose timestamp and current timestamp
[component_container_mt-1] [WARN] [1785815762.034331855] [sensing.lidar.concatenate_data]: transformed_raw_points[/sensing/lidar/right/pointcloud_before_sync] is nullptr, skipping pointcloud publish.
[component_container_mt-1] [WARN] [1785815762.034372952] [sensing.lidar.concatenate_data]: transformed_raw_points[/sensing/lidar/left/pointcloud_before_sync] is nullptr, skipping pointcloud publish.
[autoware_ndt_scan_matcher_node-24] [INFO] [1785815762.034787722] [localization.pose_estimator.ndt_scan_matcher]: Mismatch between pose timestamp and current timestamp
[component_container-7] [INFO] [1785815762.084025637] [system.topic_state_monitor_mission_planning_route]: /planning/mission_planning/route has not received. Set ERROR in diagnostics.
[component_container_mt-1] [WARN] [1785815762.133752811] [sensing.lidar.concatenate_data]: transformed_raw_points[/sensing/lidar/right/pointcloud_before_sync] is nullptr, skipping pointcloud publish.
[component_container_mt-1] [WARN] [1785815762.133799150] [sensing.lidar.concatenate_data]: transformed_raw_points[/sensing/lidar/left/pointcloud_before_sync] is nullptr, skipping pointcloud publish.
[autoware_ndt_scan_matcher_node-24] [INFO] [1785815762.134446978] [localization.pose_estimator.ndt_scan_matcher]: Mismatch between pose timestamp and current timestamp
[component_container_mt-1] [WARN] [1785815762.234464057] [sensing.lidar.concatenate_data]: transformed_raw_points[/sensing/lidar/right/pointcloud_before_sync] is nullptr, skipping pointcloud publish.
[component_container_mt-1] [WARN] [1785815762.234510876] [sensing.lidar.concatenate_data]: transformed_raw_points[/sensing/lidar/left/pointcloud_before_sync] is nullptr, skipping pointcloud publish.
[autoware_ndt_scan_matcher_node-24] [INFO] [1785815762.234949862] [localization.pose_estimator.ndt_scan_matcher]: Mismatch between pose timestamp and current timestamp
[component_container_mt-1] [WARN] [1785815762.333964229] [sensing.lidar.concatenate_data]: transformed_raw_points[/sensing/lidar/right/pointcloud_before_sync] is nullptr, skipping pointcloud publish.
[component_container_mt-1] [WARN] [1785815762.334011080] [sensing.lidar.concatenate_data]: transformed_raw_points[/sensing/lidar/left/pointcloud_before_sync] is nullptr, skipping pointcloud publish.
[autoware_ndt_scan_matcher_node-24] [INFO] [1785815762.334544120] [localization.pose_estimator.ndt_scan_matcher]: Mismatch between pose timestamp and current timestamp
[component_container_mt-1] [WARN] [1785815762.433695472] [sensing.lidar.concatenate_data]: transformed_raw_points[/sensing/lidar/right/pointcloud_before_sync] is nullptr, skipping pointcloud publish.
[component_container_mt-1] [WARN] [1785815762.433744226] [sensing.lidar.concatenate_data]: transformed_raw_points[/sensing/lidar/left/pointcloud_before_sync] is nullptr, skipping pointcloud publish.
[autoware_ndt_scan_matcher_node-24] [INFO] [1785815762.434341517] [localization.pose_estimator.ndt_scan_matcher]: Mismatch between pose timestamp and current timestamp
[component_container_mt-1] [WARN] [1785815762.533841373] [sensing.lidar.concatenate_data]: transformed_raw_points[/sensing/lidar/right/pointcloud_before_sync] is nullptr, skipping pointcloud publish.
[component_container_mt-1] [WARN] [1785815762.533885973] [sensing.lidar.concatenate_data]: transformed_raw_points[/sensing/lidar/left/pointcloud_before_sync] is nullptr, skipping pointcloud publish.
[autoware_ndt_scan_matcher_node-24] [INFO] [1785815762.534374996] [localization.pose_estimator.ndt_scan_matcher]: Mismatch between pose timestamp and current timestamp
[component_container_mt-48] [INFO] [1785815762.633726724] [control.trajectory_follower.lane_departure_checker_node]: waiting for route msg...
[component_container_mt-1] [WARN] [1785815762.633905699] [sensing.lidar.concatenate_data]: transformed_raw_points[/sensing/lidar/right/pointcloud_before_sync] is nullptr, skipping pointcloud publish.
[component_container_mt-1] [WARN] [1785815762.633934506] [sensing.lidar.concatenate_data]: transformed_raw_points[/sensing/lidar/left/pointcloud_before_sync] is nullptr, skipping pointcloud publish.
[autoware_ndt_scan_matcher_node-24] [INFO] [1785815762.634360158] [localization.pose_estimator.ndt_scan_matcher]: Mismatch between pose timestamp and current timestamp
[component_container-18] [WARN] [1785815762.641306750] [sensing.lidar.top.distortion_corrector_node]: IMU time_stamp is too late. Could not interpolate.
[autoware_scenario_selector_node-36] [INFO] [1785815762.683415821] [planning.scenario_planning.scenario_selector]: Waiting for route.
[autoware_mrm_handler_node-13] [INFO] [1785815762.683796125] [system.mrm_handler]: MRM State changed: NORMAL -> MRM_OPERATING
[autoware_mrm_handler_node-13] [WARN] [1785815762.684153510] [system.mrm_handler]: EMERGENCY_STOP is operated.
[component_container_mt-1] [WARN] [1785815762.734141098] [sensing.lidar.concatenate_data]: transformed_raw_points[/sensing/lidar/right/pointcloud_before_sync] is nullptr, skipping pointcloud publish.
[component_container_mt-1] [WARN] [1785815762.734186969] [sensing.lidar.concatenate_data]: transformed_raw_points[/sensing/lidar/left/pointcloud_before_sync] is nullptr, skipping pointcloud publish.
[autoware_ndt_scan_matcher_node-24] [INFO] [1785815762.734626764] [localization.pose_estimator.ndt_scan_matcher]: Mismatch between pose timestamp and current timestamp
[autoware_mrm_handler_node-13] [INFO] [1785815762.783992524] [system.mrm_handler]: MRM State changed: MRM_OPERATING -> NORMAL
[component_container_mt-47] [WARN] [1785815762.785148882] [control.vehicle_cmd_gate]: Emergency!
[autoware_mrm_handler_node-13] [WARN] [1785815762.785223946] [system.mrm_handler]: EMERGENCY_STOP is canceled.
[component_container_mt-1] [WARN] [1785815762.834312740] [sensing.lidar.concatenate_data]: transformed_raw_points[/sensing/lidar/right/pointcloud_before_sync] is nullptr, skipping pointcloud publish.
[component_container_mt-1] [WARN] [1785815762.834378700] [sensing.lidar.concatenate_data]: transformed_raw_points[/sensing/lidar/left/pointcloud_before_sync] is nullptr, skipping pointcloud publish.
[autoware_ndt_scan_matcher_node-24] [INFO] [1785815762.834909216] [localization.pose_estimator.ndt_scan_matcher]: Mismatch between pose timestamp and current timestamp
[component_container_mt-1] [WARN] [1785815762.933846054] [sensing.lidar.concatenate_data]: transformed_raw_points[/sensing/lidar/right/pointcloud_before_sync] is nullptr, skipping pointcloud publish.
[component_container_mt-1] [WARN] [1785815762.933895976] [sensing.lidar.concatenate_data]: transformed_raw_points[/sensing/lidar/left/pointcloud_before_sync] is nullptr, skipping pointcloud publish.
[autoware_ndt_scan_matcher_node-24] [INFO] [1785815762.934484728] [localization.pose_estimator.ndt_scan_matcher]: Mismatch between pose timestamp and current timestamp
[component_container_mt-1] [WARN] [1785815763.033888925] [sensing.lidar.concatenate_data]: transformed_raw_points[/sensing/lidar/right/pointcloud_before_sync] is nullptr, skipping pointcloud publish.
[component_container_mt-1] [WARN] [1785815763.033941233] [sensing.lidar.concatenate_data]: transformed_raw_points[/sensing/lidar/left/pointcloud_before_sync] is nullptr, skipping pointcloud publish.
[autoware_ndt_scan_matcher_node-24] [INFO] [1785815763.034712544] [localization.pose_estimator.ndt_scan_matcher]: Mismatch between pose timestamp and current timestamp
[component_container_mt-1] [WARN] [1785815763.134113580] [sensing.lidar.concatenate_data]: transformed_raw_points[/sensing/lidar/right/pointcloud_before_sync] is nullptr, skipping pointcloud publish.
[component_container_mt-1] [WARN] [1785815763.134161960] [sensing.lidar.concatenate_data]: transformed_raw_points[/sensing/lidar/left/pointcloud_before_sync] is nullptr, skipping pointcloud publish.
[autoware_ndt_scan_matcher_node-24] [INFO] [1785815763.134668854] [localization.pose_estimator.ndt_scan_matcher]: Mismatch between pose timestamp and current timestamp
[component_container_mt-1] [WARN] [1785815763.234146644] [sensing.lidar.concatenate_data]: transformed_raw_points[/sensing/lidar/right/pointcloud_before_sync] is nullptr, skipping pointcloud publish.
[component_container_mt-1] [WARN] [1785815763.234188425] [sensing.lidar.concatenate_data]: transformed_raw_points[/sensing/lidar/left/pointcloud_before_sync] is nullptr, skipping pointcloud publish.
[autoware_ndt_scan_matcher_node-24] [INFO] [1785815763.234774024] [localization.pose_estimator.ndt_scan_matcher]: Mismatch between pose timestamp and current timestamp
[component_container_mt-1] [WARN] [1785815763.333867503] [sensing.lidar.concatenate_data]: transformed_raw_points[/sensing/lidar/right/pointcloud_before_sync] is nullptr, skipping pointcloud publish.
[component_container_mt-1] [WARN] [1785815763.333918400] [sensing.lidar.concatenate_data]: transformed_raw_points[/sensing/lidar/left/pointcloud_before_sync] is nullptr, skipping pointcloud publish.
[autoware_ndt_scan_matcher_node-24] [INFO] [1785815763.334562016] [localization.pose_estimator.ndt_scan_matcher]: Mismatch between pose timestamp and current timestamp
[component_container_mt-1] [WARN] [1785815763.434023027] [sensing.lidar.concatenate_data]: transformed_raw_points[/sensing/lidar/right/pointcloud_before_sync] is nullptr, skipping pointcloud publish.
[component_container_mt-1] [WARN] [1785815763.434070404] [sensing.lidar.concatenate_data]: transformed_raw_points[/sensing/lidar/left/pointcloud_before_sync] is nullptr, skipping pointcloud publish.
[autoware_ndt_scan_matcher_node-24] [INFO] [1785815763.435257671] [localization.pose_estimator.ndt_scan_matcher]: Mismatch between pose timestamp and current timestamp
[component_container_mt-1] [WARN] [1785815763.533829836] [sensing.lidar.concatenate_data]: transformed_raw_points[/sensing/lidar/right/pointcloud_before_sync] is nullptr, skipping pointcloud publish.
[component_container_mt-1] [WARN] [1785815763.533874982] [sensing.lidar.concatenate_data]: transformed_raw_points[/sensing/lidar/left/pointcloud_before_sync] is nullptr, skipping pointcloud publish.
[autoware_ndt_scan_matcher_node-24] [INFO] [1785815763.534440858] [localization.pose_estimator.ndt_scan_matcher]: Mismatch between pose timestamp and current timestamp
[component_container_mt-1] [WARN] [1785815763.633635847] [sensing.lidar.concatenate_data]: transformed_raw_points[/sensing/lidar/right/pointcloud_before_sync] is nullptr, skipping pointcloud publish.
[component_container_mt-1] [WARN] [1785815763.633679826] [sensing.lidar.concatenate_data]: transformed_raw_points[/sensing/lidar/left/pointcloud_before_sync] is nullptr, skipping pointcloud publish.
[autoware_ndt_scan_matcher_node-24] [INFO] [1785815763.634124986] [localization.pose_estimator.ndt_scan_matcher]: Mismatch between pose timestamp and current timestamp
[logging_node-14] [WARN] [1785815763.683630343] [logging_diag_graph]: The target mode is not available for the following reasons:
[logging_node-14] - /autoware/modes/autonomous ERROR
[logging_node-14]     - /autoware/localization ERROR
[logging_node-14]         - /autoware/localization/state STALE
[logging_node-14]     - /autoware/planning ERROR
[logging_node-14]         - /autoware/planning/routing/state STALE
[logging_node-14]         - [anonymous group] ERROR
[logging_node-14]             - /autoware/planning/topic_rate_check/route ERROR
[logging_node-14]             - /autoware/planning/topic_rate_check/trajectory ERROR
[logging_node-14]     - /autoware/control ERROR
[logging_node-14]         - /autoware/control/topic_rate_check/trajectory_follower ERROR
[logging_node-14]         - /autoware/control/topic_rate_check/control_command WARN 
[logging_node-14]         - /autoware/control/performance_monitoring/lane_departure STALE
[logging_node-14]         - /autoware/control/performance_monitoring/control_state STALE
[logging_node-14]     - /adapi/mrm_request/delegate STALE
[logging_node-14] 
[autoware_mrm_handler_node-13] [INFO] [1785815763.683744459] [system.mrm_handler]: MRM State changed: NORMAL -> MRM_OPERATING
[autoware_mrm_handler_node-13] [WARN] [1785815763.683896745] [system.mrm_handler]: EMERGENCY_STOP is operated.
[component_container_mt-1] [WARN] [1785815763.733813971] [sensing.lidar.concatenate_data]: transformed_raw_points[/sensing/lidar/right/pointcloud_before_sync] is nullptr, skipping pointcloud publish.
[component_container_mt-1] [WARN] [1785815763.733857956] [sensing.lidar.concatenate_data]: transformed_raw_points[/sensing/lidar/left/pointcloud_before_sync] is nullptr, skipping pointcloud publish.
[autoware_ndt_scan_matcher_node-24] [INFO] [1785815763.734391617] [localization.pose_estimator.ndt_scan_matcher]: Mismatch between pose timestamp and current timestamp
[autoware_mrm_handler_node-13] [INFO] [1785815763.783466581] [system.mrm_handler]: MRM State changed: MRM_OPERATING -> NORMAL
[component_container_mt-47] [WARN] [1785815763.783590211] [control.vehicle_cmd_gate]: Emergency!
[autoware_mrm_handler_node-13] [WARN] [1785815763.783700969] [system.mrm_handler]: EMERGENCY_STOP is canceled.
[component_container_mt-1] [WARN] [1785815763.833987158] [sensing.lidar.concatenate_data]: transformed_raw_points[/sensing/lidar/right/pointcloud_before_sync] is nullptr, skipping pointcloud publish.
[component_container_mt-1] [WARN] [1785815763.834032451] [sensing.lidar.concatenate_data]: transformed_raw_points[/sensing/lidar/left/pointcloud_before_sync] is nullptr, skipping pointcloud publish.
[autoware_ndt_scan_matcher_node-24] [INFO] [1785815763.834485268] [localization.pose_estimator.ndt_scan_matcher]: Mismatch between pose timestamp and current timestamp
[component_container_mt-1] [WARN] [1785815763.934190540] [sensing.lidar.concatenate_data]: transformed_raw_points[/sensing/lidar/right/pointcloud_before_sync] is nullptr, skipping pointcloud publish.
[component_container_mt-1] [WARN] [1785815763.934233958] [sensing.lidar.concatenate_data]: transformed_raw_points[/sensing/lidar/left/pointcloud_before_sync] is nullptr, skipping pointcloud publish.
[autoware_ndt_scan_matcher_node-24] [INFO] [1785815763.934779584] [localization.pose_estimator.ndt_scan_matcher]: Mismatch between pose timestamp and current timestamp
[component_container_mt-1] [WARN] [1785815764.033803003] [sensing.lidar.concatenate_data]: transformed_raw_points[/sensing/lidar/right/pointcloud_before_sync] is nullptr, skipping pointcloud publish.
[component_container_mt-1] [WARN] [1785815764.033853013] [sensing.lidar.concatenate_data]: transformed_raw_points[/sensing/lidar/left/pointcloud_before_sync] is nullptr, skipping pointcloud publish.
[autoware_ndt_scan_matcher_node-24] [INFO] [1785815764.034303681] [localization.pose_estimator.ndt_scan_matcher]: Mismatch between pose timestamp and current timestamp
[component_container_mt-1] [WARN] [1785815764.134425674] [sensing.lidar.concatenate_data]: transformed_raw_points[/sensing/lidar/right/pointcloud_before_sync] is nullptr, skipping pointcloud publish.
[component_container_mt-1] [WARN] [1785815764.134469800] [sensing.lidar.concatenate_data]: transformed_raw_points[/sensing/lidar/left/pointcloud_before_sync] is nullptr, skipping pointcloud publish.
[component_container-7] [WARN] [1785815764.134509930] [system.topic_state_monitor_control_command_control_cmd]: /control/command/control_cmd topic rate has dropped to the warning level. Set WARN in diagnostics.
[autoware_ndt_scan_matcher_node-24] [INFO] [1785815764.135271892] [localization.pose_estimator.ndt_scan_matcher]: Mismatch between pose timestamp and current timestamp
[component_container_mt-1] [WARN] [1785815764.233973886] [sensing.lidar.concatenate_data]: transformed_raw_points[/sensing/lidar/right/pointcloud_before_sync] is nullptr, skipping pointcloud publish.
[component_container_mt-1] [WARN] [1785815764.234022994] [sensing.lidar.concatenate_data]: transformed_raw_points[/sensing/lidar/left/pointcloud_before_sync] is nullptr, skipping pointcloud publish.
[autoware_ndt_scan_matcher_node-24] [INFO] [1785815764.234531330] [localization.pose_estimator.ndt_scan_matcher]: Mismatch between pose timestamp and current timestamp
[component_container_mt-1] [WARN] [1785815764.333902107] [sensing.lidar.concatenate_data]: transformed_raw_points[/sensing/lidar/right/pointcloud_before_sync] is nullptr, skipping pointcloud publish.
[component_container_mt-1] [WARN] [1785815764.334143847] [sensing.lidar.concatenate_data]: transformed_raw_points[/sensing/lidar/left/pointcloud_before_sync] is nullptr, skipping pointcloud publish.
[autoware_ndt_scan_matcher_node-24] [INFO] [1785815764.334627216] [localization.pose_estimator.ndt_scan_matcher]: Mismatch between pose timestamp and current timestamp
[component_container_mt-1] [WARN] [1785815764.433485500] [sensing.lidar.concatenate_data]: transformed_raw_points[/sensing/lidar/right/pointcloud_before_sync] is nullptr, skipping pointcloud publish.
[component_container_mt-1] [WARN] [1785815764.433563148] [sensing.lidar.concatenate_data]: transformed_raw_points[/sensing/lidar/left/pointcloud_before_sync] is nullptr, skipping pointcloud publish.
[autoware_ndt_scan_matcher_node-24] [INFO] [1785815764.434339136] [localization.pose_estimator.ndt_scan_matcher]: Mismatch between pose timestamp and current timestamp
[component_container_mt-1] [WARN] [1785815764.534057284] [sensing.lidar.concatenate_data]: transformed_raw_points[/sensing/lidar/right/pointcloud_before_sync] is nullptr, skipping pointcloud publish.
[component_container_mt-1] [WARN] [1785815764.534104953] [sensing.lidar.concatenate_data]: transformed_raw_points[/sensing/lidar/left/pointcloud_before_sync] is nullptr, skipping pointcloud publish.
[autoware_ndt_scan_matcher_node-24] [INFO] [1785815764.535434763] [localization.pose_estimator.ndt_scan_matcher]: Mismatch between pose timestamp and current timestamp
[component_container_mt-1] [WARN] [1785815764.634237981] [sensing.lidar.concatenate_data]: transformed_raw_points[/sensing/lidar/right/pointcloud_before_sync] is nullptr, skipping pointcloud publish.
[component_container_mt-1] [WARN] [1785815764.634283175] [sensing.lidar.concatenate_data]: transformed_raw_points[/sensing/lidar/left/pointcloud_before_sync] is nullptr, skipping pointcloud publish.
[autoware_ndt_scan_matcher_node-24] [INFO] [1785815764.634980875] [localization.pose_estimator.ndt_scan_matcher]: Mismatch between pose timestamp and current timestamp
[autoware_mrm_handler_node-13] [INFO] [1785815764.683869305] [system.mrm_handler]: MRM State changed: NORMAL -> MRM_OPERATING
[autoware_mrm_handler_node-13] [WARN] [1785815764.684794043] [system.mrm_handler]: EMERGENCY_STOP is operated.
[component_container_mt-1] [WARN] [1785815764.734357656] [sensing.lidar.concatenate_data]: transformed_raw_points[/sensing/lidar/right/pointcloud_before_sync] is nullptr, skipping pointcloud publish.
[component_container_mt-1] [WARN] [1785815764.734404071] [sensing.lidar.concatenate_data]: transformed_raw_points[/sensing/lidar/left/pointcloud_before_sync] is nullptr, skipping pointcloud publish.
[autoware_ndt_scan_matcher_node-24] [INFO] [1785815764.734943028] [localization.pose_estimator.ndt_scan_matcher]: Mismatch between pose timestamp and current timestamp
[autoware_mrm_handler_node-13] [INFO] [1785815764.784542844] [system.mrm_handler]: MRM State changed: MRM_OPERATING -> NORMAL
[component_container_mt-47] [WARN] [1785815764.784684794] [control.vehicle_cmd_gate]: Emergency!
[autoware_mrm_handler_node-13] [WARN] [1785815764.785105568] [system.mrm_handler]: EMERGENCY_STOP is canceled.
[component_container_mt-1] [WARN] [1785815764.833609455] [sensing.lidar.concatenate_data]: transformed_raw_points[/sensing/lidar/right/pointcloud_before_sync] is nullptr, skipping pointcloud publish.
[component_container_mt-1] [WARN] [1785815764.833662129] [sensing.lidar.concatenate_data]: transformed_raw_points[/sensing/lidar/left/pointcloud_before_sync] is nullptr, skipping pointcloud publish.
[autoware_ndt_scan_matcher_node-24] [INFO] [1785815764.835162081] [localization.pose_estimator.ndt_scan_matcher]: Mismatch between pose timestamp and current timestamp
[component_container_mt-1] [WARN] [1785815764.934735475] [sensing.lidar.concatenate_data]: transformed_raw_points[/sensing/lidar/right/pointcloud_before_sync] is nullptr, skipping pointcloud publish.
[component_container_mt-1] [WARN] [1785815764.934780600] [sensing.lidar.concatenate_data]: transformed_raw_points[/sensing/lidar/left/pointcloud_before_sync] is nullptr, skipping pointcloud publish.
[autoware_ndt_scan_matcher_node-24] [INFO] [1785815764.935158261] [localization.pose_estimator.ndt_scan_matcher]: Mismatch between pose timestamp and current timestamp
[component_container_mt-1] [WARN] [1785815765.033645587] [sensing.lidar.concatenate_data]: transformed_raw_points[/sensing/lidar/right/pointcloud_before_sync] is nullptr, skipping pointcloud publish.
[component_container_mt-1] [WARN] [1785815765.033714472] [sensing.lidar.concatenate_data]: transformed_raw_points[/sensing/lidar/left/pointcloud_before_sync] is nullptr, skipping pointcloud publish.
[autoware_ndt_scan_matcher_node-24] [INFO] [1785815765.034208471] [localization.pose_estimator.ndt_scan_matcher]: Mismatch between pose timestamp and current timestamp
[component_container-7] [INFO] [1785815765.084236504] [system.topic_state_monitor_mission_planning_route]: /planning/mission_planning/route has not received. Set ERROR in diagnostics.
[component_container_mt-1] [WARN] [1785815765.133849361] [sensing.lidar.concatenate_data]: transformed_raw_points[/sensing/lidar/right/pointcloud_before_sync] is nullptr, skipping pointcloud publish.
[component_container_mt-1] [WARN] [1785815765.133889883] [sensing.lidar.concatenate_data]: transformed_raw_points[/sensing/lidar/left/pointcloud_before_sync] is nullptr, skipping pointcloud publish.
[autoware_ndt_scan_matcher_node-24] [INFO] [1785815765.134389303] [localization.pose_estimator.ndt_scan_matcher]: Mismatch between pose timestamp and current timestamp
[component_container_mt-47] [INFO] [1785815765.183456513] [control.trajectory_follower.controller_node_exe]: Waiting for trajectory data
[component_container_mt-47] [INFO] [1785815765.183516042] [control.trajectory_follower.controller_node_exe]: Control is skipped since input data is not ready.
[component_container_mt-1] [WARN] [1785815765.233904207] [sensing.lidar.concatenate_data]: transformed_raw_points[/sensing/lidar/right/pointcloud_before_sync] is nullptr, skipping pointcloud publish.
[component_container_mt-1] [WARN] [1785815765.233961298] [sensing.lidar.concatenate_data]: transformed_raw_points[/sensing/lidar/left/pointcloud_before_sync] is nullptr, skipping pointcloud publish.
[autoware_ndt_scan_matcher_node-24] [INFO] [1785815765.234462353] [localization.pose_estimator.ndt_scan_matcher]: Mismatch between pose timestamp and current timestamp
[component_container_mt-1] [WARN] [1785815765.334011291] [sensing.lidar.concatenate_data]: transformed_raw_points[/sensing/lidar/right/pointcloud_before_sync] is nullptr, skipping pointcloud publish.
[component_container_mt-1] [WARN] [1785815765.334065673] [sensing.lidar.concatenate_data]: transformed_raw_points[/sensing/lidar/left/pointcloud_before_sync] is nullptr, skipping pointcloud publish.
[autoware_ndt_scan_matcher_node-24] [INFO] [1785815765.335072882] [localization.pose_estimator.ndt_scan_matcher]: Mismatch between pose timestamp and current timestamp
[component_container-18] [WARN] [1785815765.340586311] [sensing.lidar.top.crop_box_filter_self]: Invalid PointCloud: is_dense is false. The point cloud should be organized (dense) and contain only valid points. This will be an ERROR starting in 2026 JulyFrame: 'velodyne_top', Stamp: 29.785701396
[component_container_mt-1] [WARN] [1785815765.433622577] [sensing.lidar.concatenate_data]: transformed_raw_points[/sensing/lidar/right/pointcloud_before_sync] is nullptr, skipping pointcloud publish.
[component_container_mt-1] [WARN] [1785815765.433672023] [sensing.lidar.concatenate_data]: transformed_raw_points[/sensing/lidar/left/pointcloud_before_sync] is nullptr, skipping pointcloud publish.
[autoware_ndt_scan_matcher_node-24] [INFO] [1785815765.434346886] [localization.pose_estimator.ndt_scan_matcher]: Mismatch between pose timestamp and current timestamp
[component_container_mt-1] [WARN] [1785815765.533948482] [sensing.lidar.concatenate_data]: transformed_raw_points[/sensing/lidar/right/pointcloud_before_sync] is nullptr, skipping pointcloud publish.
[component_container_mt-1] [WARN] [1785815765.533987485] [sensing.lidar.concatenate_data]: transformed_raw_points[/sensing/lidar/left/pointcloud_before_sync] is nullptr, skipping pointcloud publish.
[autoware_ndt_scan_matcher_node-24] [INFO] [1785815765.534987361] [localization.pose_estimator.ndt_scan_matcher]: Mismatch between pose timestamp and current timestamp
[component_container_mt-1] [WARN] [1785815765.633998734] [sensing.lidar.concatenate_data]: transformed_raw_points[/sensing/lidar/right/pointcloud_before_sync] is nullptr, skipping pointcloud publish.
[component_container_mt-1] [WARN] [1785815765.634045081] [sensing.lidar.concatenate_data]: transformed_raw_points[/sensing/lidar/left/pointcloud_before_sync] is nullptr, skipping pointcloud publish.
[autoware_ndt_scan_matcher_node-24] [INFO] [1785815765.634490631] [localization.pose_estimator.ndt_scan_matcher]: Mismatch between pose timestamp and current timestamp
[autoware_mrm_handler_node-13] [INFO] [1785815765.683835301] [system.mrm_handler]: MRM State changed: NORMAL -> MRM_OPERATING
[autoware_mrm_handler_node-13] [WARN] [1785815765.684571115] [system.mrm_handler]: EMERGENCY_STOP is operated.
[component_container_mt-1] [WARN] [1785815765.733880808] [sensing.lidar.concatenate_data]: transformed_raw_points[/sensing/lidar/right/pointcloud_before_sync] is nullptr, skipping pointcloud publish.
[component_container_mt-1] [WARN] [1785815765.733932966] [sensing.lidar.concatenate_data]: transformed_raw_points[/sensing/lidar/left/pointcloud_before_sync] is nullptr, skipping pointcloud publish.
[autoware_ndt_scan_matcher_node-24] [INFO] [1785815765.734438633] [localization.pose_estimator.ndt_scan_matcher]: Mismatch between pose timestamp and current timestamp
[component_container_mt-48] [INFO] [1785815765.734957431] [control.control_validator]: waiting for /planning/trajectory
[component_container_mt-1] [WARN] [1785815765.743255373] [localization.util.crop_box_filter_measurement_range]: Invalid PointCloud: row_step mismatch. Expected: 100992 (width 6312 * point_step 16), Got: 0. Frame: 'base_link', Stamp: 30.185701402 Please fill in the `cloud->row_step` field accordingly. This will be an ERROR starting in 2026 July
[component_container_mt-47] [WARN] [1785815765.783894852] [control.vehicle_cmd_gate]: Emergency!
[autoware_mrm_handler_node-13] [INFO] [1785815765.783990429] [system.mrm_handler]: MRM State changed: MRM_OPERATING -> NORMAL
[autoware_mrm_handler_node-13] [WARN] [1785815765.784118658] [system.mrm_handler]: EMERGENCY_STOP is canceled.
[component_container_mt-1] [WARN] [1785815765.833837720] [sensing.lidar.concatenate_data]: transformed_raw_points[/sensing/lidar/right/pointcloud_before_sync] is nullptr, skipping pointcloud publish.
[component_container_mt-1] [WARN] [1785815765.833887372] [sensing.lidar.concatenate_data]: transformed_raw_points[/sensing/lidar/left/pointcloud_before_sync] is nullptr, skipping pointcloud publish.
[autoware_ndt_scan_matcher_node-24] [INFO] [1785815765.834409861] [localization.pose_estimator.ndt_scan_matcher]: Mismatch between pose timestamp and current timestamp
[component_container_mt-1] [WARN] [1785815765.933913886] [sensing.lidar.concatenate_data]: transformed_raw_points[/sensing/lidar/right/pointcloud_before_sync] is nullptr, skipping pointcloud publish.
[component_container_mt-1] [WARN] [1785815765.933955366] [sensing.lidar.concatenate_data]: transformed_raw_points[/sensing/lidar/left/pointcloud_before_sync] is nullptr, skipping pointcloud publish.
[component_container_mt-40] [INFO] [1785815765.934162566] [planning.scenario_planning.lane_driving.behavior_planning.behavior_path_planner]: waiting for scenario_topic
[autoware_ndt_scan_matcher_node-24] [INFO] [1785815765.934456434] [localization.pose_estimator.ndt_scan_matcher]: Mismatch between pose timestamp and current timestamp
[component_container_mt-1] [WARN] [1785815766.033916827] [sensing.lidar.concatenate_data]: transformed_raw_points[/sensing/lidar/right/pointcloud_before_sync] is nullptr, skipping pointcloud publish.
[component_container_mt-1] [WARN] [1785815766.033966659] [sensing.lidar.concatenate_data]: transformed_raw_points[/sensing/lidar/left/pointcloud_before_sync] is nullptr, skipping pointcloud publish.
[autoware_ndt_scan_matcher_node-24] [INFO] [1785815766.034491990] [localization.pose_estimator.ndt_scan_matcher]: Mismatch between pose timestamp and current timestamp
[component_container_mt-1] [WARN] [1785815766.133805973] [sensing.lidar.concatenate_data]: transformed_raw_points[/sensing/lidar/right/pointcloud_before_sync] is nullptr, skipping pointcloud publish.
[component_container_mt-1] [WARN] [1785815766.133850880] [sensing.lidar.concatenate_data]: transformed_raw_points[/sensing/lidar/left/pointcloud_before_sync] is nullptr, skipping pointcloud publish.
[component_container_mt-47] [INFO] [1785815766.134281147] [control.vehicle_cmd_gate]: The operation mode is changed, but the GearCommand is not received yet:
[autoware_ndt_scan_matcher_node-24] [INFO] [1785815766.134424650] [localization.pose_estimator.ndt_scan_matcher]: Mismatch between pose timestamp and current timestamp
[component_container_mt-1] [WARN] [1785815766.234168199] [sensing.lidar.concatenate_data]: transformed_raw_points[/sensing/lidar/right/pointcloud_before_sync] is nullptr, skipping pointcloud publish.
[component_container_mt-1] [WARN] [1785815766.234216095] [sensing.lidar.concatenate_data]: transformed_raw_points[/sensing/lidar/left/pointcloud_before_sync] is nullptr, skipping pointcloud publish.
[autoware_ndt_scan_matcher_node-24] [INFO] [1785815766.234632018] [localization.pose_estimator.ndt_scan_matcher]: Mismatch between pose timestamp and current timestamp
[component_container_mt-48] [INFO] [1785815766.283870724] [control.autonomous_emergency_braking]: [AEB] waiting for control predicted trajectory
[component_container_mt-1] [WARN] [1785815766.334117385] [sensing.lidar.concatenate_data]: transformed_raw_points[/sensing/lidar/right/pointcloud_before_sync] is nullptr, skipping pointcloud publish.
[component_container_mt-1] [WARN] [1785815766.334173731] [sensing.lidar.concatenate_data]: transformed_raw_points[/sensing/lidar/left/pointcloud_before_sync] is nullptr, skipping pointcloud publish.
[autoware_ndt_scan_matcher_node-24] [INFO] [1785815766.334597455] [localization.pose_estimator.ndt_scan_matcher]: Mismatch between pose timestamp and current timestamp
[component_container_mt-1] [WARN] [1785815766.434163782] [sensing.lidar.concatenate_data]: transformed_raw_points[/sensing/lidar/right/pointcloud_before_sync] is nullptr, skipping pointcloud publish.
[component_container_mt-1] [WARN] [1785815766.434202322] [sensing.lidar.concatenate_data]: transformed_raw_points[/sensing/lidar/left/pointcloud_before_sync] is nullptr, skipping pointcloud publish.
[autoware_ndt_scan_matcher_node-24] [INFO] [1785815766.434633435] [localization.pose_estimator.ndt_scan_matcher]: Mismatch between pose timestamp and current timestamp
[component_container_mt-1] [WARN] [1785815766.533926307] [sensing.lidar.concatenate_data]: transformed_raw_points[/sensing/lidar/right/pointcloud_before_sync] is nullptr, skipping pointcloud publish.
[component_container_mt-1] [WARN] [1785815766.533968651] [sensing.lidar.concatenate_data]: transformed_raw_points[/sensing/lidar/left/pointcloud_before_sync] is nullptr, skipping pointcloud publish.
[autoware_ndt_scan_matcher_node-24] [INFO] [1785815766.534556479] [localization.pose_estimator.ndt_scan_matcher]: Mismatch between pose timestamp and current timestamp
[component_container_mt-1] [WARN] [1785815766.634082817] [sensing.lidar.concatenate_data]: transformed_raw_points[/sensing/lidar/right/pointcloud_before_sync] is nullptr, skipping pointcloud publish.
[component_container_mt-1] [WARN] [1785815766.634154791] [sensing.lidar.concatenate_data]: transformed_raw_points[/sensing/lidar/left/pointcloud_before_sync] is nullptr, skipping pointcloud publish.
[autoware_ndt_scan_matcher_node-24] [INFO] [1785815766.635266447] [localization.pose_estimator.ndt_scan_matcher]: Mismatch between pose timestamp and current timestamp
[logging_node-14] [WARN] [1785815766.683886577] [logging_diag_graph]: The target mode is not available for the following reasons:
[logging_node-14] - /autoware/modes/autonomous ERROR
[logging_node-14]     - /autoware/localization ERROR
[logging_node-14]         - /autoware/localization/state STALE
[logging_node-14]     - /autoware/planning ERROR
[logging_node-14]         - /autoware/planning/routing/state STALE
[logging_node-14]         - [anonymous group] ERROR
[logging_node-14]             - /autoware/planning/topic_rate_check/route ERROR
[logging_node-14]             - /autoware/planning/topic_rate_check/trajectory ERROR
[logging_node-14]     - /autoware/control ERROR
[logging_node-14]         - /autoware/control/topic_rate_check/trajectory_follower ERROR
[logging_node-14]         - /autoware/control/topic_rate_check/control_command WARN 
[logging_node-14]         - /autoware/control/performance_monitoring/lane_departure STALE
[logging_node-14]         - /autoware/control/performance_monitoring/control_state STALE
[logging_node-14]     - /adapi/mrm_request/delegate STALE
[logging_node-14] 
[autoware_mrm_handler_node-13] [INFO] [1785815766.684097753] [system.mrm_handler]: MRM State changed: NORMAL -> MRM_OPERATING
[autoware_mrm_handler_node-13] [WARN] [1785815766.684760970] [system.mrm_handler]: EMERGENCY_STOP is operated.
[component_container_mt-1] [WARN] [1785815766.734513368] [sensing.lidar.concatenate_data]: transformed_raw_points[/sensing/lidar/right/pointcloud_before_sync] is nullptr, skipping pointcloud publish.
[component_container_mt-1] [WARN] [1785815766.734556394] [sensing.lidar.concatenate_data]: transformed_raw_points[/sensing/lidar/left/pointcloud_before_sync] is nullptr, skipping pointcloud publish.
[autoware_ndt_scan_matcher_node-24] [INFO] [1785815766.735145392] [localization.pose_estimator.ndt_scan_matcher]: Mismatch between pose timestamp and current timestamp
[autoware_mrm_handler_node-13] [INFO] [1785815766.783426538] [system.mrm_handler]: MRM State changed: MRM_OPERATING -> NORMAL
[autoware_mrm_handler_node-13] [WARN] [1785815766.783778653] [system.mrm_handler]: EMERGENCY_STOP is canceled.
[component_container_mt-1] [WARN] [1785815766.833474330] [sensing.lidar.concatenate_data]: transformed_raw_points[/sensing/lidar/right/pointcloud_before_sync] is nullptr, skipping pointcloud publish.
[component_container_mt-1] [WARN] [1785815766.833528545] [sensing.lidar.concatenate_data]: transformed_raw_points[/sensing/lidar/left/pointcloud_before_sync] is nullptr, skipping pointcloud publish.
[autoware_ndt_scan_matcher_node-24] [INFO] [1785815766.834837966] [localization.pose_estimator.ndt_scan_matcher]: Mismatch between pose timestamp and current timestamp
[component_container_mt-1] [WARN] [1785815766.934086811] [sensing.lidar.concatenate_data]: transformed_raw_points[/sensing/lidar/right/pointcloud_before_sync] is nullptr, skipping pointcloud publish.
[component_container_mt-1] [WARN] [1785815766.934133453] [sensing.lidar.concatenate_data]: transformed_raw_points[/sensing/lidar/left/pointcloud_before_sync] is nullptr, skipping pointcloud publish.
[autoware_ndt_scan_matcher_node-24] [INFO] [1785815766.934620085] [localization.pose_estimator.ndt_scan_matcher]: Mismatch between pose timestamp and current timestamp
[component_container_mt-1] [WARN] [1785815767.034381423] [sensing.lidar.concatenate_data]: transformed_raw_points[/sensing/lidar/right/pointcloud_before_sync] is nullptr, skipping pointcloud publish.
[component_container_mt-1] [WARN] [1785815767.034424157] [sensing.lidar.concatenate_data]: transformed_raw_points[/sensing/lidar/left/pointcloud_before_sync] is nullptr, skipping pointcloud publish.
[autoware_ndt_scan_matcher_node-24] [INFO] [1785815767.034834442] [localization.pose_estimator.ndt_scan_matcher]: Mismatch between pose timestamp and current timestamp
[component_container_mt-1] [WARN] [1785815767.133822786] [sensing.lidar.concatenate_data]: transformed_raw_points[/sensing/lidar/right/pointcloud_before_sync] is nullptr, skipping pointcloud publish.
[component_container_mt-1] [WARN] [1785815767.133875795] [sensing.lidar.concatenate_data]: transformed_raw_points[/sensing/lidar/left/pointcloud_before_sync] is nullptr, skipping pointcloud publish.
[component_container-7] [WARN] [1785815767.133937429] [system.topic_state_monitor_control_command_control_cmd]: /control/command/control_cmd topic rate has dropped to the warning level. Set WARN in diagnostics.
[autoware_ndt_scan_matcher_node-24] [INFO] [1785815767.134322139] [localization.pose_estimator.ndt_scan_matcher]: Mismatch between pose timestamp and current timestamp
[component_container_mt-1] [WARN] [1785815767.234173665] [sensing.lidar.concatenate_data]: transformed_raw_points[/sensing/lidar/right/pointcloud_before_sync] is nullptr, skipping pointcloud publish.
[component_container_mt-1] [WARN] [1785815767.234217015] [sensing.lidar.concatenate_data]: transformed_raw_points[/sensing/lidar/left/pointcloud_before_sync] is nullptr, skipping pointcloud publish.
[autoware_ndt_scan_matcher_node-24] [INFO] [1785815767.234660940] [localization.pose_estimator.ndt_scan_matcher]: Mismatch between pose timestamp and current timestamp
[component_container_mt-1] [WARN] [1785815767.334113504] [sensing.lidar.concatenate_data]: transformed_raw_points[/sensing/lidar/right/pointcloud_before_sync] is nullptr, skipping pointcloud publish.
[component_container_mt-1] [WARN] [1785815767.334159915] [sensing.lidar.concatenate_data]: transformed_raw_points[/sensing/lidar/left/pointcloud_before_sync] is nullptr, skipping pointcloud publish.
[autoware_ndt_scan_matcher_node-24] [INFO] [1785815767.334965227] [localization.pose_estimator.ndt_scan_matcher]: Mismatch between pose timestamp and current timestamp
[component_container_mt-1] [WARN] [1785815767.434177339] [sensing.lidar.concatenate_data]: transformed_raw_points[/sensing/lidar/right/pointcloud_before_sync] is nullptr, skipping pointcloud publish.
[component_container_mt-1] [WARN] [1785815767.434261755] [sensing.lidar.concatenate_data]: transformed_raw_points[/sensing/lidar/left/pointcloud_before_sync] is nullptr, skipping pointcloud publish.
[autoware_ndt_scan_matcher_node-24] [INFO] [1785815767.434788594] [localization.pose_estimator.ndt_scan_matcher]: Mismatch between pose timestamp and current timestamp
[component_container_mt-1] [WARN] [1785815767.533988418] [sensing.lidar.concatenate_data]: transformed_raw_points[/sensing/lidar/right/pointcloud_before_sync] is nullptr, skipping pointcloud publish.
[component_container_mt-1] [WARN] [1785815767.534033638] [sensing.lidar.concatenate_data]: transformed_raw_points[/sensing/lidar/left/pointcloud_before_sync] is nullptr, skipping pointcloud publish.
[autoware_ndt_scan_matcher_node-24] [INFO] [1785815767.534549547] [localization.pose_estimator.ndt_scan_matcher]: Mismatch between pose timestamp and current timestamp
[component_container_mt-48] [INFO] [1785815767.633779494] [control.trajectory_follower.lane_departure_checker_node]: waiting for route msg...
[component_container_mt-1] [WARN] [1785815767.634071628] [sensing.lidar.concatenate_data]: transformed_raw_points[/sensing/lidar/right/pointcloud_before_sync] is nullptr, skipping pointcloud publish.
[component_container_mt-1] [WARN] [1785815767.634110496] [sensing.lidar.concatenate_data]: transformed_raw_points[/sensing/lidar/left/pointcloud_before_sync] is nullptr, skipping pointcloud publish.
[autoware_ndt_scan_matcher_node-24] [INFO] [1785815767.634629082] [localization.pose_estimator.ndt_scan_matcher]: Mismatch between pose timestamp and current timestamp
[autoware_mrm_handler_node-13] [INFO] [1785815767.683924386] [system.mrm_handler]: MRM State changed: NORMAL -> MRM_OPERATING
[autoware_scenario_selector_node-36] [INFO] [1785815767.684026998] [planning.scenario_planning.scenario_selector]: Waiting for route.
[autoware_mrm_handler_node-13] [WARN] [1785815767.684272157] [system.mrm_handler]: EMERGENCY_STOP is operated.
[component_container_mt-1] [WARN] [1785815767.734270770] [sensing.lidar.concatenate_data]: transformed_raw_points[/sensing/lidar/right/pointcloud_before_sync] is nullptr, skipping pointcloud publish.
[component_container_mt-1] [WARN] [1785815767.734314552] [sensing.lidar.concatenate_data]: transformed_raw_points[/sensing/lidar/left/pointcloud_before_sync] is nullptr, skipping pointcloud publish.
[component_container_mt-47] [WARN] [1785815767.734480819] [control.vehicle_cmd_gate]: Emergency!
[autoware_ndt_scan_matcher_node-24] [INFO] [1785815767.734799136] [localization.pose_estimator.ndt_scan_matcher]: Mismatch between pose timestamp and current timestamp
[autoware_mrm_handler_node-13] [INFO] [1785815767.783679772] [system.mrm_handler]: MRM State changed: MRM_OPERATING -> NORMAL
[autoware_mrm_handler_node-13] [WARN] [1785815767.784693610] [system.mrm_handler]: EMERGENCY_STOP is canceled.
[component_container_mt-1] [WARN] [1785815767.833785157] [sensing.lidar.concatenate_data]: transformed_raw_points[/sensing/lidar/right/pointcloud_before_sync] is nullptr, skipping pointcloud publish.
[component_container_mt-1] [WARN] [1785815767.833833082] [sensing.lidar.concatenate_data]: transformed_raw_points[/sensing/lidar/left/pointcloud_before_sync] is nullptr, skipping pointcloud publish.
[autoware_ndt_scan_matcher_node-24] [INFO] [1785815767.834384574] [localization.pose_estimator.ndt_scan_matcher]: Mismatch between pose timestamp and current timestamp
[component_container_mt-1] [WARN] [1785815767.933953225] [sensing.lidar.concatenate_data]: transformed_raw_points[/sensing/lidar/right/pointcloud_before_sync] is nullptr, skipping pointcloud publish.
[component_container_mt-1] [WARN] [1785815767.934002111] [sensing.lidar.concatenate_data]: transformed_raw_points[/sensing/lidar/left/pointcloud_before_sync] is nullptr, skipping pointcloud publish.
[autoware_ndt_scan_matcher_node-24] [INFO] [1785815767.934501249] [localization.pose_estimator.ndt_scan_matcher]: Mismatch between pose timestamp and current timestamp
[component_container_mt-1] [WARN] [1785815768.033745811] [sensing.lidar.concatenate_data]: transformed_raw_points[/sensing/lidar/right/pointcloud_before_sync] is nullptr, skipping pointcloud publish.
[component_container_mt-1] [WARN] [1785815768.033822488] [sensing.lidar.concatenate_data]: transformed_raw_points[/sensing/lidar/left/pointcloud_before_sync] is nullptr, skipping pointcloud publish.
[autoware_ndt_scan_matcher_node-24] [INFO] [1785815768.034719900] [localization.pose_estimator.ndt_scan_matcher]: Mismatch between pose timestamp and current timestamp
[component_container-7] [INFO] [1785815768.083542349] [system.topic_state_monitor_trajectory_follower_control_cmd]: /control/trajectory_follower/control_cmd has not received. Set ERROR in diagnostics.
[component_container_mt-1] [WARN] [1785815768.133471527] [sensing.lidar.concatenate_data]: transformed_raw_points[/sensing/lidar/right/pointcloud_before_sync] is nullptr, skipping pointcloud publish.
[component_container_mt-1] [WARN] [1785815768.133520499] [sensing.lidar.concatenate_data]: transformed_raw_points[/sensing/lidar/left/pointcloud_before_sync] is nullptr, skipping pointcloud publish.
[autoware_ndt_scan_matcher_node-24] [INFO] [1785815768.134721079] [localization.pose_estimator.ndt_scan_matcher]: Mismatch between pose timestamp and current timestamp
[component_container_mt-1] [WARN] [1785815768.233515602] [sensing.lidar.concatenate_data]: transformed_raw_points[/sensing/lidar/right/pointcloud_before_sync] is nullptr, skipping pointcloud publish.
[component_container_mt-1] [WARN] [1785815768.233564291] [sensing.lidar.concatenate_data]: transformed_raw_points[/sensing/lidar/left/pointcloud_before_sync] is nullptr, skipping pointcloud publish.
[autoware_ndt_scan_matcher_node-24] [INFO] [1785815768.235243931] [localization.pose_estimator.ndt_scan_matcher]: Mismatch between pose timestamp and current timestamp
[component_container_mt-1] [WARN] [1785815768.333736680] [sensing.lidar.concatenate_data]: transformed_raw_points[/sensing/lidar/right/pointcloud_before_sync] is nullptr, skipping pointcloud publish.
[component_container_mt-1] [WARN] [1785815768.333783927] [sensing.lidar.concatenate_data]: transformed_raw_points[/sensing/lidar/left/pointcloud_before_sync] is nullptr, skipping pointcloud publish.
[autoware_ndt_scan_matcher_node-24] [INFO] [1785815768.334768708] [localization.pose_estimator.ndt_scan_matcher]: Mismatch between pose timestamp and current timestamp
[component_container_mt-1] [WARN] [1785815768.434120372] [sensing.lidar.concatenate_data]: transformed_raw_points[/sensing/lidar/right/pointcloud_before_sync] is nullptr, skipping pointcloud publish.
[component_container_mt-1] [WARN] [1785815768.434162654] [sensing.lidar.concatenate_data]: transformed_raw_points[/sensing/lidar/left/pointcloud_before_sync] is nullptr, skipping pointcloud publish.
[autoware_ndt_scan_matcher_node-24] [INFO] [1785815768.434613203] [localization.pose_estimator.ndt_scan_matcher]: Mismatch between pose timestamp and current timestamp
[component_container_mt-1] [WARN] [1785815768.533886370] [sensing.lidar.concatenate_data]: transformed_raw_points[/sensing/lidar/right/pointcloud_before_sync] is nullptr, skipping pointcloud publish.
[component_container_mt-1] [WARN] [1785815768.533939430] [sensing.lidar.concatenate_data]: transformed_raw_points[/sensing/lidar/left/pointcloud_before_sync] is nullptr, skipping pointcloud publish.
[autoware_ndt_scan_matcher_node-24] [INFO] [1785815768.535401012] [localization.pose_estimator.ndt_scan_matcher]: Mismatch between pose timestamp and current timestamp
[component_container_mt-1] [WARN] [1785815768.634112391] [sensing.lidar.concatenate_data]: transformed_raw_points[/sensing/lidar/right/pointcloud_before_sync] is nullptr, skipping pointcloud publish.
[component_container_mt-1] [WARN] [1785815768.634159061] [sensing.lidar.concatenate_data]: transformed_raw_points[/sensing/lidar/left/pointcloud_before_sync] is nullptr, skipping pointcloud publish.
[autoware_ndt_scan_matcher_node-24] [INFO] [1785815768.634763752] [localization.pose_estimator.ndt_scan_matcher]: Mismatch between pose timestamp and current timestamp
[autoware_mrm_handler_node-13] [INFO] [1785815768.683524282] [system.mrm_handler]: MRM State changed: NORMAL -> MRM_OPERATING
[autoware_mrm_handler_node-13] [WARN] [1785815768.684457098] [system.mrm_handler]: EMERGENCY_STOP is operated.
[component_container_mt-1] [WARN] [1785815768.733667798] [sensing.lidar.concatenate_data]: transformed_raw_points[/sensing/lidar/right/pointcloud_before_sync] is nullptr, skipping pointcloud publish.
[component_container_mt-1] [WARN] [1785815768.733716874] [sensing.lidar.concatenate_data]: transformed_raw_points[/sensing/lidar/left/pointcloud_before_sync] is nullptr, skipping pointcloud publish.
[component_container_mt-47] [WARN] [1785815768.734380081] [control.vehicle_cmd_gate]: Emergency!
[autoware_ndt_scan_matcher_node-24] [INFO] [1785815768.735133681] [localization.pose_estimator.ndt_scan_matcher]: Mismatch between pose timestamp and current timestamp
[autoware_mrm_handler_node-13] [INFO] [1785815768.783532643] [system.mrm_handler]: MRM State changed: MRM_OPERATING -> NORMAL
[autoware_mrm_handler_node-13] [WARN] [1785815768.783722230] [system.mrm_handler]: EMERGENCY_STOP is canceled.
[component_container_mt-1] [WARN] [1785815768.834203028] [sensing.lidar.concatenate_data]: transformed_raw_points[/sensing/lidar/right/pointcloud_before_sync] is nullptr, skipping pointcloud publish.
[component_container_mt-1] [WARN] [1785815768.834251896] [sensing.lidar.concatenate_data]: transformed_raw_points[/sensing/lidar/left/pointcloud_before_sync] is nullptr, skipping pointcloud publish.
[autoware_ndt_scan_matcher_node-24] [INFO] [1785815768.834764381] [localization.pose_estimator.ndt_scan_matcher]: Mismatch between pose timestamp and current timestamp
[component_container_mt-1] [WARN] [1785815768.933564900] [sensing.lidar.concatenate_data]: transformed_raw_points[/sensing/lidar/right/pointcloud_before_sync] is nullptr, skipping pointcloud publish.
[component_container_mt-1] [WARN] [1785815768.933612388] [sensing.lidar.concatenate_data]: transformed_raw_points[/sensing/lidar/left/pointcloud_before_sync] is nullptr, skipping pointcloud publish.
[autoware_ndt_scan_matcher_node-24] [INFO] [1785815768.934140566] [localization.pose_estimator.ndt_scan_matcher]: Mismatch between pose timestamp and current timestamp
[component_container_mt-1] [WARN] [1785815769.033893935] [sensing.lidar.concatenate_data]: transformed_raw_points[/sensing/lidar/right/pointcloud_before_sync] is nullptr, skipping pointcloud publish.
[component_container_mt-1] [WARN] [1785815769.033936327] [sensing.lidar.concatenate_data]: transformed_raw_points[/sensing/lidar/left/pointcloud_before_sync] is nullptr, skipping pointcloud publish.
[autoware_ndt_scan_matcher_node-24] [INFO] [1785815769.034712984] [localization.pose_estimator.ndt_scan_matcher]: Mismatch between pose timestamp and current timestamp
[component_container_mt-1] [WARN] [1785815769.133902849] [sensing.lidar.concatenate_data]: transformed_raw_points[/sensing/lidar/right/pointcloud_before_sync] is nullptr, skipping pointcloud publish.
[component_container_mt-1] [WARN] [1785815769.133949765] [sensing.lidar.concatenate_data]: transformed_raw_points[/sensing/lidar/left/pointcloud_before_sync] is nullptr, skipping pointcloud publish.
[autoware_ndt_scan_matcher_node-24] [INFO] [1785815769.134650648] [localization.pose_estimator.ndt_scan_matcher]: Mismatch between pose timestamp and current timestamp
[component_container_mt-1] [WARN] [1785815769.234095979] [sensing.lidar.concatenate_data]: transformed_raw_points[/sensing/lidar/right/pointcloud_before_sync] is nullptr, skipping pointcloud publish.
[component_container_mt-1] [WARN] [1785815769.234134075] [sensing.lidar.concatenate_data]: transformed_raw_points[/sensing/lidar/left/pointcloud_before_sync] is nullptr, skipping pointcloud publish.
[autoware_ndt_scan_matcher_node-24] [INFO] [1785815769.234599737] [localization.pose_estimator.ndt_scan_matcher]: Mismatch between pose timestamp and current timestamp
[component_container_mt-1] [WARN] [1785815769.333870538] [sensing.lidar.concatenate_data]: transformed_raw_points[/sensing/lidar/right/pointcloud_before_sync] is nullptr, skipping pointcloud publish.
[component_container_mt-1] [WARN] [1785815769.333924311] [sensing.lidar.concatenate_data]: transformed_raw_points[/sensing/lidar/left/pointcloud_before_sync] is nullptr, skipping pointcloud publish.
[autoware_ndt_scan_matcher_node-24] [INFO] [1785815769.334589833] [localization.pose_estimator.ndt_scan_matcher]: Mismatch between pose timestamp and current timestamp
[component_container_mt-1] [WARN] [1785815769.433993394] [sensing.lidar.concatenate_data]: transformed_raw_points[/sensing/lidar/right/pointcloud_before_sync] is nullptr, skipping pointcloud publish.
[autoware_ndt_scan_matcher_node-24] [INFO] [1785815769.434668694] [localization.pose_estimator.ndt_scan_matcher]: Mismatch between pose timestamp and current timestamp
[component_container_mt-1] [WARN] [1785815769.434872207] [sensing.lidar.concatenate_data]: transformed_raw_points[/sensing/lidar/left/pointcloud_before_sync] is nullptr, skipping pointcloud publish.
[component_container_mt-1] [WARN] [1785815769.533553826] [sensing.lidar.concatenate_data]: transformed_raw_points[/sensing/lidar/right/pointcloud_before_sync] is nullptr, skipping pointcloud publish.
[component_container_mt-1] [WARN] [1785815769.533598895] [sensing.lidar.concatenate_data]: transformed_raw_points[/sensing/lidar/left/pointcloud_before_sync] is nullptr, skipping pointcloud publish.
[autoware_ndt_scan_matcher_node-24] [INFO] [1785815769.534183822] [localization.pose_estimator.ndt_scan_matcher]: Mismatch between pose timestamp and current timestamp
[component_container_mt-1] [WARN] [1785815769.633866171] [sensing.lidar.concatenate_data]: transformed_raw_points[/sensing/lidar/right/pointcloud_before_sync] is nullptr, skipping pointcloud publish.
[component_container_mt-1] [WARN] [1785815769.633918223] [sensing.lidar.concatenate_data]: transformed_raw_points[/sensing/lidar/left/pointcloud_before_sync] is nullptr, skipping pointcloud publish.
[autoware_ndt_scan_matcher_node-24] [INFO] [1785815769.634544221] [localization.pose_estimator.ndt_scan_matcher]: Mismatch between pose timestamp and current timestamp
[autoware_mrm_handler_node-13] [INFO] [1785815769.683654580] [system.mrm_handler]: MRM State changed: NORMAL -> MRM_OPERATING
[autoware_mrm_handler_node-13] [WARN] [1785815769.684301943] [system.mrm_handler]: EMERGENCY_STOP is operated.
[component_container_mt-1] [WARN] [1785815769.733848068] [sensing.lidar.concatenate_data]: transformed_raw_points[/sensing/lidar/right/pointcloud_before_sync] is nullptr, skipping pointcloud publish.
[component_container_mt-1] [WARN] [1785815769.733903176] [sensing.lidar.concatenate_data]: transformed_raw_points[/sensing/lidar/left/pointcloud_before_sync] is nullptr, skipping pointcloud publish.
[component_container_mt-47] [WARN] [1785815769.734299835] [control.vehicle_cmd_gate]: Emergency!
[autoware_ndt_scan_matcher_node-24] [INFO] [1785815769.734340598] [localization.pose_estimator.ndt_scan_matcher]: Mismatch between pose timestamp and current timestamp
[logging_node-14] [WARN] [1785815769.783421233] [logging_diag_graph]: The target mode is not available for the following reasons:
[logging_node-14] - /autoware/modes/autonomous ERROR
[logging_node-14]     - /autoware/planning ERROR
[logging_node-14]         - /autoware/planning/routing/state ERROR
[logging_node-14]         - [anonymous group] ERROR
[logging_node-14]             - /autoware/planning/topic_rate_check/route ERROR
[logging_node-14]             - /autoware/planning/topic_rate_check/trajectory ERROR
[logging_node-14]     - /autoware/control ERROR
[logging_node-14]         - /autoware/control/topic_rate_check/trajectory_follower ERROR
[logging_node-14]         - /autoware/control/topic_rate_check/control_command WARN 
[logging_node-14] 
[autoware_mrm_handler_node-13] [INFO] [1785815769.783475864] [system.mrm_handler]: MRM State changed: MRM_OPERATING -> NORMAL
[autoware_mrm_handler_node-13] [WARN] [1785815769.783678603] [system.mrm_handler]: EMERGENCY_STOP is canceled.
[component_container_mt-1] [WARN] [1785815769.833564594] [sensing.lidar.concatenate_data]: transformed_raw_points[/sensing/lidar/right/pointcloud_before_sync] is nullptr, skipping pointcloud publish.
[component_container_mt-1] [WARN] [1785815769.833611628] [sensing.lidar.concatenate_data]: transformed_raw_points[/sensing/lidar/left/pointcloud_before_sync] is nullptr, skipping pointcloud publish.
[autoware_ndt_scan_matcher_node-24] [INFO] [1785815769.834113562] [localization.pose_estimator.ndt_scan_matcher]: Mismatch between pose timestamp and current timestamp
[component_container_mt-1] [WARN] [1785815769.933874244] [sensing.lidar.concatenate_data]: transformed_raw_points[/sensing/lidar/right/pointcloud_before_sync] is nullptr, skipping pointcloud publish.
[component_container_mt-1] [WARN] [1785815769.933925339] [sensing.lidar.concatenate_data]: transformed_raw_points[/sensing/lidar/left/pointcloud_before_sync] is nullptr, skipping pointcloud publish.
[autoware_ndt_scan_matcher_node-24] [INFO] [1785815769.934400794] [localization.pose_estimator.ndt_scan_matcher]: Mismatch between pose timestamp and current timestamp
[component_container_mt-1] [WARN] [1785815770.033980782] [sensing.lidar.concatenate_data]: transformed_raw_points[/sensing/lidar/right/pointcloud_before_sync] is nullptr, skipping pointcloud publish.
[component_container_mt-1] [WARN] [1785815770.034033660] [sensing.lidar.concatenate_data]: transformed_raw_points[/sensing/lidar/left/pointcloud_before_sync] is nullptr, skipping pointcloud publish.
[autoware_ndt_scan_matcher_node-24] [INFO] [1785815770.034585042] [localization.pose_estimator.ndt_scan_matcher]: Mismatch between pose timestamp and current timestamp
[component_container-7] [WARN] [1785815770.134088217] [system.topic_state_monitor_control_command_control_cmd]: /control/command/control_cmd topic rate has dropped to the warning level. Set WARN in diagnostics.
[component_container_mt-1] [WARN] [1785815770.134431680] [sensing.lidar.concatenate_data]: transformed_raw_points[/sensing/lidar/right/pointcloud_before_sync] is nullptr, skipping pointcloud publish.
[component_container_mt-1] [WARN] [1785815770.134463469] [sensing.lidar.concatenate_data]: transformed_raw_points[/sensing/lidar/left/pointcloud_before_sync] is nullptr, skipping pointcloud publish.
[autoware_ndt_scan_matcher_node-24] [INFO] [1785815770.135673587] [localization.pose_estimator.ndt_scan_matcher]: Mismatch between pose timestamp and current timestamp
[component_container_mt-47] [INFO] [1785815770.184167043] [control.trajectory_follower.controller_node_exe]: Waiting for trajectory data
[component_container_mt-47] [INFO] [1785815770.184215634] [control.trajectory_follower.controller_node_exe]: Control is skipped since input data is not ready.
[component_container_mt-1] [WARN] [1785815770.234366399] [sensing.lidar.concatenate_data]: transformed_raw_points[/sensing/lidar/right/pointcloud_before_sync] is nullptr, skipping pointcloud publish.
[component_container_mt-1] [WARN] [1785815770.234412101] [sensing.lidar.concatenate_data]: transformed_raw_points[/sensing/lidar/left/pointcloud_before_sync] is nullptr, skipping pointcloud publish.
[autoware_ndt_scan_matcher_node-24] [INFO] [1785815770.235263642] [localization.pose_estimator.ndt_scan_matcher]: Mismatch between pose timestamp and current timestamp
[component_container_mt-1] [WARN] [1785815770.334129225] [sensing.lidar.concatenate_data]: transformed_raw_points[/sensing/lidar/right/pointcloud_before_sync] is nullptr, skipping pointcloud publish.
[autoware_ndt_scan_matcher_node-24] [INFO] [1785815770.334921650] [localization.pose_estimator.ndt_scan_matcher]: Mismatch between pose timestamp and current timestamp
[component_container_mt-1] [WARN] [1785815770.334309847] [sensing.lidar.concatenate_data]: transformed_raw_points[/sensing/lidar/left/pointcloud_before_sync] is nullptr, skipping pointcloud publish.
[component_container-18] [WARN] [1785815770.341300091] [sensing.lidar.top.crop_box_filter_self]: Invalid PointCloud: is_dense is false. The point cloud should be organized (dense) and contain only valid points. This will be an ERROR starting in 2026 JulyFrame: 'velodyne_top', Stamp: 34.785701471
[component_container_mt-1] [WARN] [1785815770.433813389] [sensing.lidar.concatenate_data]: transformed_raw_points[/sensing/lidar/right/pointcloud_before_sync] is nullptr, skipping pointcloud publish.
[component_container_mt-1] [WARN] [1785815770.433866202] [sensing.lidar.concatenate_data]: transformed_raw_points[/sensing/lidar/left/pointcloud_before_sync] is nullptr, skipping pointcloud publish.
[autoware_ndt_scan_matcher_node-24] [INFO] [1785815770.434677943] [localization.pose_estimator.ndt_scan_matcher]: Mismatch between pose timestamp and current timestamp
[component_container_mt-1] [WARN] [1785815770.534053530] [sensing.lidar.concatenate_data]: transformed_raw_points[/sensing/lidar/right/pointcloud_before_sync] is nullptr, skipping pointcloud publish.
[component_container_mt-1] [WARN] [1785815770.534096048] [sensing.lidar.concatenate_data]: transformed_raw_points[/sensing/lidar/left/pointcloud_before_sync] is nullptr, skipping pointcloud publish.
[autoware_ndt_scan_matcher_node-24] [INFO] [1785815770.535762827] [localization.pose_estimator.ndt_scan_matcher]: Mismatch between pose timestamp and current timestamp
[component_container_mt-1] [WARN] [1785815770.634206364] [sensing.lidar.concatenate_data]: transformed_raw_points[/sensing/lidar/right/pointcloud_before_sync] is nullptr, skipping pointcloud publish.
[component_container_mt-1] [WARN] [1785815770.634252965] [sensing.lidar.concatenate_data]: transformed_raw_points[/sensing/lidar/left/pointcloud_before_sync] is nullptr, skipping pointcloud publish.
[autoware_ndt_scan_matcher_node-24] [INFO] [1785815770.634803840] [localization.pose_estimator.ndt_scan_matcher]: Mismatch between pose timestamp and current timestamp
[component_container-18] [WARN] [1785815770.642572277] [sensing.lidar.top.distortion_corrector_node]: Twist time_stamp is too late. Could not interpolate.
[autoware_mrm_handler_node-13] [INFO] [1785815770.684033668] [system.mrm_handler]: MRM State changed: NORMAL -> MRM_OPERATING
[autoware_mrm_handler_node-13] [WARN] [1785815770.684200575] [system.mrm_handler]: EMERGENCY_STOP is operated.
[component_container_mt-1] [WARN] [1785815770.734114317] [sensing.lidar.concatenate_data]: transformed_raw_points[/sensing/lidar/right/pointcloud_before_sync] is nullptr, skipping pointcloud publish.
[component_container_mt-1] [WARN] [1785815770.734163984] [sensing.lidar.concatenate_data]: transformed_raw_points[/sensing/lidar/left/pointcloud_before_sync] is nullptr, skipping pointcloud publish.
[autoware_ndt_scan_matcher_node-24] [INFO] [1785815770.735043041] [localization.pose_estimator.ndt_scan_matcher]: Mismatch between pose timestamp and current timestamp
[component_container_mt-47] [WARN] [1785815770.735370905] [control.vehicle_cmd_gate]: Emergency!
[component_container_mt-48] [INFO] [1785815770.735536233] [control.control_validator]: waiting for /planning/trajectory
[component_container_mt-1] [WARN] [1785815770.743018249] [localization.util.crop_box_filter_measurement_range]: Invalid PointCloud: row_step mismatch. Expected: 101456 (width 6341 * point_step 16), Got: 0. Frame: 'base_link', Stamp: 35.185701477 Please fill in the `cloud->row_step` field accordingly. This will be an ERROR starting in 2026 July
[autoware_mrm_handler_node-13] [INFO] [1785815770.784123732] [system.mrm_handler]: MRM State changed: MRM_OPERATING -> NORMAL
[autoware_mrm_handler_node-13] [WARN] [1785815770.785085753] [system.mrm_handler]: EMERGENCY_STOP is canceled.
[component_container_mt-1] [WARN] [1785815770.834263722] [sensing.lidar.concatenate_data]: transformed_raw_points[/sensing/lidar/right/pointcloud_before_sync] is nullptr, skipping pointcloud publish.
[component_container_mt-1] [WARN] [1785815770.834310790] [sensing.lidar.concatenate_data]: transformed_raw_points[/sensing/lidar/left/pointcloud_before_sync] is nullptr, skipping pointcloud publish.
[autoware_ndt_scan_matcher_node-24] [INFO] [1785815770.835004506] [localization.pose_estimator.ndt_scan_matcher]: Mismatch between pose timestamp and current timestamp
[component_container_mt-1] [WARN] [1785815770.933789700] [sensing.lidar.concatenate_data]: transformed_raw_points[/sensing/lidar/right/pointcloud_before_sync] is nullptr, skipping pointcloud publish.
[component_container_mt-1] [WARN] [1785815770.933845265] [sensing.lidar.concatenate_data]: transformed_raw_points[/sensing/lidar/left/pointcloud_before_sync] is nullptr, skipping pointcloud publish.
[component_container_mt-40] [INFO] [1785815770.934028002] [planning.scenario_planning.lane_driving.behavior_planning.behavior_path_planner]: waiting for scenario_topic
[autoware_ndt_scan_matcher_node-24] [INFO] [1785815770.934383867] [localization.pose_estimator.ndt_scan_matcher]: Mismatch between pose timestamp and current timestamp
[component_container_mt-1] [WARN] [1785815771.034254312] [sensing.lidar.concatenate_data]: transformed_raw_points[/sensing/lidar/right/pointcloud_before_sync] is nullptr, skipping pointcloud publish.
[component_container_mt-1] [WARN] [1785815771.034305470] [sensing.lidar.concatenate_data]: transformed_raw_points[/sensing/lidar/left/pointcloud_before_sync] is nullptr, skipping pointcloud publish.
[autoware_ndt_scan_matcher_node-24] [INFO] [1785815771.034922929] [localization.pose_estimator.ndt_scan_matcher]: Mismatch between pose timestamp and current timestamp
[component_container-7] [INFO] [1785815771.084502705] [system.topic_state_monitor_mission_planning_route]: /planning/mission_planning/route has not received. Set ERROR in diagnostics.
[component_container_mt-1] [WARN] [1785815771.133801642] [sensing.lidar.concatenate_data]: transformed_raw_points[/sensing/lidar/right/pointcloud_before_sync] is nullptr, skipping pointcloud publish.
[component_container_mt-1] [WARN] [1785815771.133858725] [sensing.lidar.concatenate_data]: transformed_raw_points[/sensing/lidar/left/pointcloud_before_sync] is nullptr, skipping pointcloud publish.
[autoware_ndt_scan_matcher_node-24] [INFO] [1785815771.134384017] [localization.pose_estimator.ndt_scan_matcher]: Mismatch between pose timestamp and current timestamp
[component_container_mt-47] [INFO] [1785815771.134391449] [control.vehicle_cmd_gate]: The operation mode is changed, but the GearCommand is not received yet:
[component_container_mt-1] [WARN] [1785815771.233897233] [sensing.lidar.concatenate_data]: transformed_raw_points[/sensing/lidar/right/pointcloud_before_sync] is nullptr, skipping pointcloud publish.
[component_container_mt-1] [WARN] [1785815771.233944526] [sensing.lidar.concatenate_data]: transformed_raw_points[/sensing/lidar/left/pointcloud_before_sync] is nullptr, skipping pointcloud publish.
[autoware_ndt_scan_matcher_node-24] [INFO] [1785815771.234483575] [localization.pose_estimator.ndt_scan_matcher]: Mismatch between pose timestamp and current timestamp
[component_container_mt-48] [INFO] [1785815771.284211154] [control.autonomous_emergency_braking]: [AEB] waiting for control predicted trajectory
[component_container_mt-1] [WARN] [1785815771.333906269] [sensing.lidar.concatenate_data]: transformed_raw_points[/sensing/lidar/right/pointcloud_before_sync] is nullptr, skipping pointcloud publish.
[component_container_mt-1] [WARN] [1785815771.333952855] [sensing.lidar.concatenate_data]: transformed_raw_points[/sensing/lidar/left/pointcloud_before_sync] is nullptr, skipping pointcloud publish.
[autoware_ndt_scan_matcher_node-24] [INFO] [1785815771.334535829] [localization.pose_estimator.ndt_scan_matcher]: Mismatch between pose timestamp and current timestamp
[component_container_mt-1] [WARN] [1785815771.434038327] [sensing.lidar.concatenate_data]: transformed_raw_points[/sensing/lidar/right/pointcloud_before_sync] is nullptr, skipping pointcloud publish.
[component_container_mt-1] [WARN] [1785815771.434089824] [sensing.lidar.concatenate_data]: transformed_raw_points[/sensing/lidar/left/pointcloud_before_sync] is nullptr, skipping pointcloud publish.
[autoware_ndt_scan_matcher_node-24] [INFO] [1785815771.434639418] [localization.pose_estimator.ndt_scan_matcher]: Mismatch between pose timestamp and current timestamp
[component_container_mt-1] [WARN] [1785815771.533488979] [sensing.lidar.concatenate_data]: transformed_raw_points[/sensing/lidar/right/pointcloud_before_sync] is nullptr, skipping pointcloud publish.
[component_container_mt-1] [WARN] [1785815771.533539924] [sensing.lidar.concatenate_data]: transformed_raw_points[/sensing/lidar/left/pointcloud_before_sync] is nullptr, skipping pointcloud publish.
[autoware_ndt_scan_matcher_node-24] [INFO] [1785815771.534011481] [localization.pose_estimator.ndt_scan_matcher]: Mismatch between pose timestamp and current timestamp
[component_container_mt-1] [WARN] [1785815771.634279070] [sensing.lidar.concatenate_data]: transformed_raw_points[/sensing/lidar/right/pointcloud_before_sync] is nullptr, skipping pointcloud publish.
[component_container_mt-1] [WARN] [1785815771.634326522] [sensing.lidar.concatenate_data]: transformed_raw_points[/sensing/lidar/left/pointcloud_before_sync] is nullptr, skipping pointcloud publish.
[autoware_ndt_scan_matcher_node-24] [INFO] [1785815771.634885652] [localization.pose_estimator.ndt_scan_matcher]: Mismatch between pose timestamp and current timestamp
[autoware_mrm_handler_node-13] [INFO] [1785815771.683459673] [system.mrm_handler]: MRM State changed: NORMAL -> MRM_OPERATING
[autoware_mrm_handler_node-13] [WARN] [1785815771.683846187] [system.mrm_handler]: EMERGENCY_STOP is operated.
[component_container_mt-1] [WARN] [1785815771.733787134] [sensing.lidar.concatenate_data]: transformed_raw_points[/sensing/lidar/right/pointcloud_before_sync] is nullptr, skipping pointcloud publish.
[component_container_mt-1] [WARN] [1785815771.733839747] [sensing.lidar.concatenate_data]: transformed_raw_points[/sensing/lidar/left/pointcloud_before_sync] is nullptr, skipping pointcloud publish.
[component_container_mt-47] [WARN] [1785815771.734289851] [control.vehicle_cmd_gate]: Emergency!
[autoware_ndt_scan_matcher_node-24] [INFO] [1785815771.734567827] [localization.pose_estimator.ndt_scan_matcher]: Mismatch between pose timestamp and current timestamp
[autoware_mrm_handler_node-13] [INFO] [1785815771.783748507] [system.mrm_handler]: MRM State changed: MRM_OPERATING -> NORMAL
[autoware_mrm_handler_node-13] [WARN] [1785815771.783940237] [system.mrm_handler]: EMERGENCY_STOP is canceled.
[component_container_mt-1] [WARN] [1785815771.833800497] [sensing.lidar.concatenate_data]: transformed_raw_points[/sensing/lidar/right/pointcloud_before_sync] is nullptr, skipping pointcloud publish.
[autoware_ndt_scan_matcher_node-24] [INFO] [1785815771.834611042] [localization.pose_estimator.ndt_scan_matcher]: Mismatch between pose timestamp and current timestamp
[component_container_mt-1] [WARN] [1785815771.834630081] [sensing.lidar.concatenate_data]: transformed_raw_points[/sensing/lidar/left/pointcloud_before_sync] is nullptr, skipping pointcloud publish.
[component_container_mt-1] [WARN] [1785815771.933929327] [sensing.lidar.concatenate_data]: transformed_raw_points[/sensing/lidar/right/pointcloud_before_sync] is nullptr, skipping pointcloud publish.
[component_container_mt-1] [WARN] [1785815771.933978241] [sensing.lidar.concatenate_data]: transformed_raw_points[/sensing/lidar/left/pointcloud_before_sync] is nullptr, skipping pointcloud publish.
[autoware_ndt_scan_matcher_node-24] [INFO] [1785815771.934501373] [localization.pose_estimator.ndt_scan_matcher]: Mismatch between pose timestamp and current timestamp
[component_container_mt-1] [WARN] [1785815772.033731027] [sensing.lidar.concatenate_data]: transformed_raw_points[/sensing/lidar/right/pointcloud_before_sync] is nullptr, skipping pointcloud publish.
[component_container_mt-1] [WARN] [1785815772.033782303] [sensing.lidar.concatenate_data]: transformed_raw_points[/sensing/lidar/left/pointcloud_before_sync] is nullptr, skipping pointcloud publish.
[autoware_ndt_scan_matcher_node-24] [INFO] [1785815772.034361986] [localization.pose_estimator.ndt_scan_matcher]: Mismatch between pose timestamp and current timestamp
[component_container_mt-1] [WARN] [1785815772.133951699] [sensing.lidar.concatenate_data]: transformed_raw_points[/sensing/lidar/right/pointcloud_before_sync] is nullptr, skipping pointcloud publish.
[component_container_mt-1] [WARN] [1785815772.134002637] [sensing.lidar.concatenate_data]: transformed_raw_points[/sensing/lidar/left/pointcloud_before_sync] is nullptr, skipping pointcloud publish.
[autoware_ndt_scan_matcher_node-24] [INFO] [1785815772.134616600] [localization.pose_estimator.ndt_scan_matcher]: Mismatch between pose timestamp and current timestamp
[component_container_mt-1] [WARN] [1785815772.234225593] [sensing.lidar.concatenate_data]: transformed_raw_points[/sensing/lidar/right/pointcloud_before_sync] is nullptr, skipping pointcloud publish.
[component_container_mt-1] [WARN] [1785815772.234276730] [sensing.lidar.concatenate_data]: transformed_raw_points[/sensing/lidar/left/pointcloud_before_sync] is nullptr, skipping pointcloud publish.
[autoware_ndt_scan_matcher_node-24] [INFO] [1785815772.234883594] [localization.pose_estimator.ndt_scan_matcher]: Mismatch between pose timestamp and current timestamp
[component_container_mt-1] [WARN] [1785815772.334440501] [sensing.lidar.concatenate_data]: transformed_raw_points[/sensing/lidar/right/pointcloud_before_sync] is nullptr, skipping pointcloud publish.
[component_container_mt-1] [WARN] [1785815772.334493855] [sensing.lidar.concatenate_data]: transformed_raw_points[/sensing/lidar/left/pointcloud_before_sync] is nullptr, skipping pointcloud publish.
[autoware_ndt_scan_matcher_node-24] [INFO] [1785815772.335020192] [localization.pose_estimator.ndt_scan_matcher]: Mismatch between pose timestamp and current timestamp
[component_container_mt-1] [WARN] [1785815772.433648132] [sensing.lidar.concatenate_data]: transformed_raw_points[/sensing/lidar/right/pointcloud_before_sync] is nullptr, skipping pointcloud publish.
[component_container_mt-1] [WARN] [1785815772.433699154] [sensing.lidar.concatenate_data]: transformed_raw_points[/sensing/lidar/left/pointcloud_before_sync] is nullptr, skipping pointcloud publish.
[autoware_ndt_scan_matcher_node-24] [INFO] [1785815772.434388755] [localization.pose_estimator.ndt_scan_matcher]: Mismatch between pose timestamp and current timestamp
[component_container_mt-1] [WARN] [1785815772.533703410] [sensing.lidar.concatenate_data]: transformed_raw_points[/sensing/lidar/right/pointcloud_before_sync] is nullptr, skipping pointcloud publish.
[autoware_ndt_scan_matcher_node-24] [INFO] [1785815772.534248910] [localization.pose_estimator.ndt_scan_matcher]: Mismatch between pose timestamp and current timestamp
[component_container_mt-1] [WARN] [1785815772.534375983] [sensing.lidar.concatenate_data]: transformed_raw_points[/sensing/lidar/left/pointcloud_before_sync] is nullptr, skipping pointcloud publish.
[component_container_mt-48] [INFO] [1785815772.633522775] [control.trajectory_follower.lane_departure_checker_node]: waiting for route msg...
[component_container_mt-1] [WARN] [1785815772.634506174] [sensing.lidar.concatenate_data]: transformed_raw_points[/sensing/lidar/right/pointcloud_before_sync] is nullptr, skipping pointcloud publish.
[component_container_mt-1] [WARN] [1785815772.634542034] [sensing.lidar.concatenate_data]: transformed_raw_points[/sensing/lidar/left/pointcloud_before_sync] is nullptr, skipping pointcloud publish.
[autoware_ndt_scan_matcher_node-24] [INFO] [1785815772.635242373] [localization.pose_estimator.ndt_scan_matcher]: Mismatch between pose timestamp and current timestamp
[component_container-18] [WARN] [1785815772.642704889] [sensing.lidar.top.distortion_corrector_node]: IMU time_stamp is too late. Could not interpolate.
[autoware_scenario_selector_node-36] [INFO] [1785815772.683710968] [planning.scenario_planning.scenario_selector]: Waiting for route.
[autoware_mrm_handler_node-13] [INFO] [1785815772.684091886] [system.mrm_handler]: MRM State changed: NORMAL -> MRM_OPERATING
[autoware_mrm_handler_node-13] [WARN] [1785815772.684512993] [system.mrm_handler]: EMERGENCY_STOP is operated.
[component_container_mt-1] [WARN] [1785815772.734008146] [sensing.lidar.concatenate_data]: transformed_raw_points[/sensing/lidar/right/pointcloud_before_sync] is nullptr, skipping pointcloud publish.
[component_container_mt-1] [WARN] [1785815772.734058191] [sensing.lidar.concatenate_data]: transformed_raw_points[/sensing/lidar/left/pointcloud_before_sync] is nullptr, skipping pointcloud publish.
[component_container_mt-47] [WARN] [1785815772.734524287] [control.vehicle_cmd_gate]: Emergency!
[autoware_ndt_scan_matcher_node-24] [INFO] [1785815772.734659669] [localization.pose_estimator.ndt_scan_matcher]: Mismatch between pose timestamp and current timestamp
[autoware_mrm_handler_node-13] [INFO] [1785815772.783310164] [system.mrm_handler]: MRM State changed: MRM_OPERATING -> NORMAL
[logging_node-14] [WARN] [1785815772.783324911] [logging_diag_graph]: The target mode is not available for the following reasons:
[logging_node-14] - /autoware/modes/autonomous ERROR
[logging_node-14]     - /autoware/planning ERROR
[logging_node-14]         - /autoware/planning/routing/state ERROR
[logging_node-14]         - [anonymous group] ERROR
[logging_node-14]             - /autoware/planning/topic_rate_check/route ERROR
[logging_node-14]             - /autoware/planning/topic_rate_check/trajectory ERROR
[logging_node-14]     - /autoware/control ERROR
[logging_node-14]         - /autoware/control/topic_rate_check/trajectory_follower ERROR
[logging_node-14]         - /autoware/control/topic_rate_check/control_command WARN 
[logging_node-14] 
[autoware_mrm_handler_node-13] [WARN] [1785815772.783596391] [system.mrm_handler]: EMERGENCY_STOP is canceled.
[component_container_mt-1] [WARN] [1785815772.833457638] [sensing.lidar.concatenate_data]: transformed_raw_points[/sensing/lidar/right/pointcloud_before_sync] is nullptr, skipping pointcloud publish.
[component_container_mt-1] [WARN] [1785815772.833506847] [sensing.lidar.concatenate_data]: transformed_raw_points[/sensing/lidar/left/pointcloud_before_sync] is nullptr, skipping pointcloud publish.
[autoware_ndt_scan_matcher_node-24] [INFO] [1785815772.834131821] [localization.pose_estimator.ndt_scan_matcher]: Mismatch between pose timestamp and current timestamp
[component_container_mt-1] [WARN] [1785815772.934406266] [sensing.lidar.concatenate_data]: transformed_raw_points[/sensing/lidar/right/pointcloud_before_sync] is nullptr, skipping pointcloud publish.
[component_container_mt-1] [WARN] [1785815772.934448507] [sensing.lidar.concatenate_data]: transformed_raw_points[/sensing/lidar/left/pointcloud_before_sync] is nullptr, skipping pointcloud publish.
[autoware_ndt_scan_matcher_node-24] [INFO] [1785815772.934888520] [localization.pose_estimator.ndt_scan_matcher]: Mismatch between pose timestamp and current timestamp
[component_container_mt-1] [WARN] [1785815773.033617318] [sensing.lidar.concatenate_data]: transformed_raw_points[/sensing/lidar/right/pointcloud_before_sync] is nullptr, skipping pointcloud publish.
[component_container_mt-1] [WARN] [1785815773.033672693] [sensing.lidar.concatenate_data]: transformed_raw_points[/sensing/lidar/left/pointcloud_before_sync] is nullptr, skipping pointcloud publish.
[autoware_ndt_scan_matcher_node-24] [INFO] [1785815773.034138327] [localization.pose_estimator.ndt_scan_matcher]: Mismatch between pose timestamp and current timestamp
[component_container_mt-1] [WARN] [1785815773.134365088] [sensing.lidar.concatenate_data]: transformed_raw_points[/sensing/lidar/right/pointcloud_before_sync] is nullptr, skipping pointcloud publish.
[component_container_mt-1] [WARN] [1785815773.134415990] [sensing.lidar.concatenate_data]: transformed_raw_points[/sensing/lidar/left/pointcloud_before_sync] is nullptr, skipping pointcloud publish.
[component_container-7] [WARN] [1785815773.134629067] [system.topic_state_monitor_control_command_control_cmd]: /control/command/control_cmd topic rate has dropped to the warning level. Set WARN in diagnostics.
[autoware_ndt_scan_matcher_node-24] [INFO] [1785815773.134930370] [localization.pose_estimator.ndt_scan_matcher]: Mismatch between pose timestamp and current timestamp
[component_container_mt-1] [WARN] [1785815773.234032455] [sensing.lidar.concatenate_data]: transformed_raw_points[/sensing/lidar/right/pointcloud_before_sync] is nullptr, skipping pointcloud publish.
[component_container_mt-1] [WARN] [1785815773.234085892] [sensing.lidar.concatenate_data]: transformed_raw_points[/sensing/lidar/left/pointcloud_before_sync] is nullptr, skipping pointcloud publish.
[autoware_ndt_scan_matcher_node-24] [INFO] [1785815773.234632724] [localization.pose_estimator.ndt_scan_matcher]: Mismatch between pose timestamp and current timestamp
[component_container_mt-1] [WARN] [1785815773.334423240] [sensing.lidar.concatenate_data]: transformed_raw_points[/sensing/lidar/right/pointcloud_before_sync] is nullptr, skipping pointcloud publish.
[component_container_mt-1] [WARN] [1785815773.334470290] [sensing.lidar.concatenate_data]: transformed_raw_points[/sensing/lidar/left/pointcloud_before_sync] is nullptr, skipping pointcloud publish.
[autoware_ndt_scan_matcher_node-24] [INFO] [1785815773.335141391] [localization.pose_estimator.ndt_scan_matcher]: Mismatch between pose timestamp and current timestamp
[component_container_mt-1] [WARN] [1785815773.433798668] [sensing.lidar.concatenate_data]: transformed_raw_points[/sensing/lidar/right/pointcloud_before_sync] is nullptr, skipping pointcloud publish.
[component_container_mt-1] [WARN] [1785815773.433844295] [sensing.lidar.concatenate_data]: transformed_raw_points[/sensing/lidar/left/pointcloud_before_sync] is nullptr, skipping pointcloud publish.
[autoware_ndt_scan_matcher_node-24] [INFO] [1785815773.434343979] [localization.pose_estimator.ndt_scan_matcher]: Mismatch between pose timestamp and current timestamp
[component_container_mt-1] [WARN] [1785815773.533715216] [sensing.lidar.concatenate_data]: transformed_raw_points[/sensing/lidar/right/pointcloud_before_sync] is nullptr, skipping pointcloud publish.
[component_container_mt-1] [WARN] [1785815773.533761392] [sensing.lidar.concatenate_data]: transformed_raw_points[/sensing/lidar/left/pointcloud_before_sync] is nullptr, skipping pointcloud publish.
[autoware_ndt_scan_matcher_node-24] [INFO] [1785815773.534481981] [localization.pose_estimator.ndt_scan_matcher]: Mismatch between pose timestamp and current timestamp
[component_container_mt-1] [WARN] [1785815773.634068335] [sensing.lidar.concatenate_data]: transformed_raw_points[/sensing/lidar/right/pointcloud_before_sync] is nullptr, skipping pointcloud publish.
[component_container_mt-1] [WARN] [1785815773.634120284] [sensing.lidar.concatenate_data]: transformed_raw_points[/sensing/lidar/left/pointcloud_before_sync] is nullptr, skipping pointcloud publish.
[autoware_ndt_scan_matcher_node-24] [INFO] [1785815773.634629735] [localization.pose_estimator.ndt_scan_matcher]: Mismatch between pose timestamp and current timestamp
[autoware_mrm_handler_node-13] [INFO] [1785815773.683578892] [system.mrm_handler]: MRM State changed: NORMAL -> MRM_OPERATING
[autoware_mrm_handler_node-13] [WARN] [1785815773.684466958] [system.mrm_handler]: EMERGENCY_STOP is operated.
[component_container_mt-1] [WARN] [1785815773.734610754] [sensing.lidar.concatenate_data]: transformed_raw_points[/sensing/lidar/right/pointcloud_before_sync] is nullptr, skipping pointcloud publish.
[component_container_mt-1] [WARN] [1785815773.734659584] [sensing.lidar.concatenate_data]: transformed_raw_points[/sensing/lidar/left/pointcloud_before_sync] is nullptr, skipping pointcloud publish.
[component_container_mt-47] [WARN] [1785815773.735025292] [control.vehicle_cmd_gate]: Emergency!
[autoware_ndt_scan_matcher_node-24] [INFO] [1785815773.735249240] [localization.pose_estimator.ndt_scan_matcher]: Mismatch between pose timestamp and current timestamp
[autoware_mrm_handler_node-13] [INFO] [1785815773.783472200] [system.mrm_handler]: MRM State changed: MRM_OPERATING -> NORMAL
[autoware_mrm_handler_node-13] [WARN] [1785815773.783899286] [system.mrm_handler]: EMERGENCY_STOP is canceled.
[component_container_mt-1] [WARN] [1785815773.833646933] [sensing.lidar.concatenate_data]: transformed_raw_points[/sensing/lidar/right/pointcloud_before_sync] is nullptr, skipping pointcloud publish.
[component_container_mt-1] [WARN] [1785815773.833694983] [sensing.lidar.concatenate_data]: transformed_raw_points[/sensing/lidar/left/pointcloud_before_sync] is nullptr, skipping pointcloud publish.
[autoware_ndt_scan_matcher_node-24] [INFO] [1785815773.834229123] [localization.pose_estimator.ndt_scan_matcher]: Mismatch between pose timestamp and current timestamp
[component_container_mt-1] [WARN] [1785815773.934104666] [sensing.lidar.concatenate_data]: transformed_raw_points[/sensing/lidar/right/pointcloud_before_sync] is nullptr, skipping pointcloud publish.
[component_container_mt-1] [WARN] [1785815773.934213097] [sensing.lidar.concatenate_data]: transformed_raw_points[/sensing/lidar/left/pointcloud_before_sync] is nullptr, skipping pointcloud publish.
[autoware_ndt_scan_matcher_node-24] [INFO] [1785815773.935272721] [localization.pose_estimator.ndt_scan_matcher]: Mismatch between pose timestamp and current timestamp
[component_container_mt-1] [WARN] [1785815774.034358116] [sensing.lidar.concatenate_data]: transformed_raw_points[/sensing/lidar/right/pointcloud_before_sync] is nullptr, skipping pointcloud publish.
[component_container_mt-1] [WARN] [1785815774.034403964] [sensing.lidar.concatenate_data]: transformed_raw_points[/sensing/lidar/left/pointcloud_before_sync] is nullptr, skipping pointcloud publish.
[autoware_ndt_scan_matcher_node-24] [INFO] [1785815774.034880716] [localization.pose_estimator.ndt_scan_matcher]: Mismatch between pose timestamp and current timestamp
[component_container-7] [INFO] [1785815774.084059670] [system.topic_state_monitor_mission_planning_route]: /planning/mission_planning/route has not received. Set ERROR in diagnostics.
[component_container_mt-1] [WARN] [1785815774.133682903] [sensing.lidar.concatenate_data]: transformed_raw_points[/sensing/lidar/right/pointcloud_before_sync] is nullptr, skipping pointcloud publish.
[component_container_mt-1] [WARN] [1785815774.133727362] [sensing.lidar.concatenate_data]: transformed_raw_points[/sensing/lidar/left/pointcloud_before_sync] is nullptr, skipping pointcloud publish.
[autoware_ndt_scan_matcher_node-24] [INFO] [1785815774.134538632] [localization.pose_estimator.ndt_scan_matcher]: Mismatch between pose timestamp and current timestamp
[component_container_mt-1] [WARN] [1785815774.233944525] [sensing.lidar.concatenate_data]: transformed_raw_points[/sensing/lidar/right/pointcloud_before_sync] is nullptr, skipping pointcloud publish.
[component_container_mt-1] [WARN] [1785815774.233988727] [sensing.lidar.concatenate_data]: transformed_raw_points[/sensing/lidar/left/pointcloud_before_sync] is nullptr, skipping pointcloud publish.
[autoware_ndt_scan_matcher_node-24] [INFO] [1785815774.235639421] [localization.pose_estimator.ndt_scan_matcher]: Mismatch between pose timestamp and current timestamp
[component_container_mt-1] [WARN] [1785815774.333865295] [sensing.lidar.concatenate_data]: transformed_raw_points[/sensing/lidar/right/pointcloud_before_sync] is nullptr, skipping pointcloud publish.
[component_container_mt-1] [WARN] [1785815774.333921789] [sensing.lidar.concatenate_data]: transformed_raw_points[/sensing/lidar/left/pointcloud_before_sync] is nullptr, skipping pointcloud publish.
[autoware_ndt_scan_matcher_node-24] [INFO] [1785815774.334426583] [localization.pose_estimator.ndt_scan_matcher]: Mismatch between pose timestamp and current timestamp
[component_container_mt-1] [WARN] [1785815774.433787000] [sensing.lidar.concatenate_data]: transformed_raw_points[/sensing/lidar/right/pointcloud_before_sync] is nullptr, skipping pointcloud publish.
[autoware_ndt_scan_matcher_node-24] [INFO] [1785815774.434280624] [localization.pose_estimator.ndt_scan_matcher]: Mismatch between pose timestamp and current timestamp
[component_container_mt-1] [WARN] [1785815774.434457811] [sensing.lidar.concatenate_data]: transformed_raw_points[/sensing/lidar/left/pointcloud_before_sync] is nullptr, skipping pointcloud publish.
[component_container_mt-1] [WARN] [1785815774.534184344] [sensing.lidar.concatenate_data]: transformed_raw_points[/sensing/lidar/right/pointcloud_before_sync] is nullptr, skipping pointcloud publish.
[component_container_mt-1] [WARN] [1785815774.534228300] [sensing.lidar.concatenate_data]: transformed_raw_points[/sensing/lidar/left/pointcloud_before_sync] is nullptr, skipping pointcloud publish.
[autoware_ndt_scan_matcher_node-24] [INFO] [1785815774.534923564] [localization.pose_estimator.ndt_scan_matcher]: Mismatch between pose timestamp and current timestamp
[component_container_mt-1] [WARN] [1785815774.634515497] [sensing.lidar.concatenate_data]: transformed_raw_points[/sensing/lidar/right/pointcloud_before_sync] is nullptr, skipping pointcloud publish.
[component_container_mt-1] [WARN] [1785815774.634552497] [sensing.lidar.concatenate_data]: transformed_raw_points[/sensing/lidar/left/pointcloud_before_sync] is nullptr, skipping pointcloud publish.
[autoware_ndt_scan_matcher_node-24] [INFO] [1785815774.634976339] [localization.pose_estimator.ndt_scan_matcher]: Mismatch between pose timestamp and current timestamp
[autoware_mrm_handler_node-13] [INFO] [1785815774.683846646] [system.mrm_handler]: MRM State changed: NORMAL -> MRM_OPERATING
[autoware_mrm_handler_node-13] [WARN] [1785815774.684091417] [system.mrm_handler]: EMERGENCY_STOP is operated.
[component_container_mt-1] [WARN] [1785815774.733577331] [sensing.lidar.concatenate_data]: transformed_raw_points[/sensing/lidar/right/pointcloud_before_sync] is nullptr, skipping pointcloud publish.
[component_container_mt-1] [WARN] [1785815774.733627767] [sensing.lidar.concatenate_data]: transformed_raw_points[/sensing/lidar/left/pointcloud_before_sync] is nullptr, skipping pointcloud publish.
[autoware_ndt_scan_matcher_node-24] [INFO] [1785815774.734416577] [localization.pose_estimator.ndt_scan_matcher]: Mismatch between pose timestamp and current timestamp
[component_container_mt-47] [WARN] [1785815774.735577847] [control.vehicle_cmd_gate]: Emergency!
[autoware_mrm_handler_node-13] [INFO] [1785815774.783476001] [system.mrm_handler]: MRM State changed: MRM_OPERATING -> NORMAL
[autoware_mrm_handler_node-13] [WARN] [1785815774.783697307] [system.mrm_handler]: EMERGENCY_STOP is canceled.
[component_container_mt-1] [WARN] [1785815774.834059642] [sensing.lidar.concatenate_data]: transformed_raw_points[/sensing/lidar/right/pointcloud_before_sync] is nullptr, skipping pointcloud publish.
[component_container_mt-1] [WARN] [1785815774.834105250] [sensing.lidar.concatenate_data]: transformed_raw_points[/sensing/lidar/left/pointcloud_before_sync] is nullptr, skipping pointcloud publish.
[autoware_ndt_scan_matcher_node-24] [INFO] [1785815774.834541865] [localization.pose_estimator.ndt_scan_matcher]: Mismatch between pose timestamp and current timestamp
[component_container_mt-1] [WARN] [1785815774.933916038] [sensing.lidar.concatenate_data]: transformed_raw_points[/sensing/lidar/right/pointcloud_before_sync] is nullptr, skipping pointcloud publish.
[component_container_mt-1] [WARN] [1785815774.933961680] [sensing.lidar.concatenate_data]: transformed_raw_points[/sensing/lidar/left/pointcloud_before_sync] is nullptr, skipping pointcloud publish.
[autoware_ndt_scan_matcher_node-24] [INFO] [1785815774.934571992] [localization.pose_estimator.ndt_scan_matcher]: Mismatch between pose timestamp and current timestamp
[component_container_mt-1] [WARN] [1785815775.034611130] [sensing.lidar.concatenate_data]: transformed_raw_points[/sensing/lidar/right/pointcloud_before_sync] is nullptr, skipping pointcloud publish.
[component_container_mt-1] [WARN] [1785815775.034655581] [sensing.lidar.concatenate_data]: transformed_raw_points[/sensing/lidar/left/pointcloud_before_sync] is nullptr, skipping pointcloud publish.
[autoware_ndt_scan_matcher_node-24] [INFO] [1785815775.035119577] [localization.pose_estimator.ndt_scan_matcher]: Mismatch between pose timestamp and current timestamp
[component_container_mt-1] [WARN] [1785815775.133611498] [sensing.lidar.concatenate_data]: transformed_raw_points[/sensing/lidar/right/pointcloud_before_sync] is nullptr, skipping pointcloud publish.
[component_container_mt-1] [WARN] [1785815775.133653813] [sensing.lidar.concatenate_data]: transformed_raw_points[/sensing/lidar/left/pointcloud_before_sync] is nullptr, skipping pointcloud publish.
[autoware_ndt_scan_matcher_node-24] [INFO] [1785815775.134148641] [localization.pose_estimator.ndt_scan_matcher]: Mismatch between pose timestamp and current timestamp
[component_container_mt-47] [INFO] [1785815775.183673248] [control.trajectory_follower.controller_node_exe]: Waiting for trajectory data
[component_container_mt-47] [INFO] [1785815775.183719524] [control.trajectory_follower.controller_node_exe]: Control is skipped since input data is not ready.
[component_container_mt-1] [WARN] [1785815775.234363048] [sensing.lidar.concatenate_data]: transformed_raw_points[/sensing/lidar/right/pointcloud_before_sync] is nullptr, skipping pointcloud publish.
[component_container_mt-1] [WARN] [1785815775.234406139] [sensing.lidar.concatenate_data]: transformed_raw_points[/sensing/lidar/left/pointcloud_before_sync] is nullptr, skipping pointcloud publish.
[autoware_ndt_scan_matcher_node-24] [INFO] [1785815775.234887999] [localization.pose_estimator.ndt_scan_matcher]: Mismatch between pose timestamp and current timestamp
[component_container_mt-1] [WARN] [1785815775.334361184] [sensing.lidar.concatenate_data]: transformed_raw_points[/sensing/lidar/right/pointcloud_before_sync] is nullptr, skipping pointcloud publish.
[component_container_mt-1] [WARN] [1785815775.334414183] [sensing.lidar.concatenate_data]: transformed_raw_points[/sensing/lidar/left/pointcloud_before_sync] is nullptr, skipping pointcloud publish.
[autoware_ndt_scan_matcher_node-24] [INFO] [1785815775.335011759] [localization.pose_estimator.ndt_scan_matcher]: Mismatch between pose timestamp and current timestamp
[component_container-18] [WARN] [1785815775.341145313] [sensing.lidar.top.crop_box_filter_self]: Invalid PointCloud: is_dense is false. The point cloud should be organized (dense) and contain only valid points. This will be an ERROR starting in 2026 JulyFrame: 'velodyne_top', Stamp: 39.785701545
[component_container_mt-1] [WARN] [1785815775.433913343] [sensing.lidar.concatenate_data]: transformed_raw_points[/sensing/lidar/right/pointcloud_before_sync] is nullptr, skipping pointcloud publish.
[component_container_mt-1] [WARN] [1785815775.433958946] [sensing.lidar.concatenate_data]: transformed_raw_points[/sensing/lidar/left/pointcloud_before_sync] is nullptr, skipping pointcloud publish.
[autoware_ndt_scan_matcher_node-24] [INFO] [1785815775.434519786] [localization.pose_estimator.ndt_scan_matcher]: Mismatch between pose timestamp and current timestamp
[component_container_mt-1] [WARN] [1785815775.534089869] [sensing.lidar.concatenate_data]: transformed_raw_points[/sensing/lidar/right/pointcloud_before_sync] is nullptr, skipping pointcloud publish.
[component_container_mt-1] [WARN] [1785815775.534139806] [sensing.lidar.concatenate_data]: transformed_raw_points[/sensing/lidar/left/pointcloud_before_sync] is nullptr, skipping pointcloud publish.
[autoware_ndt_scan_matcher_node-24] [INFO] [1785815775.535052093] [localization.pose_estimator.ndt_scan_matcher]: Mismatch between pose timestamp and current timestamp
[component_container_mt-1] [WARN] [1785815775.634151824] [sensing.lidar.concatenate_data]: transformed_raw_points[/sensing/lidar/right/pointcloud_before_sync] is nullptr, skipping pointcloud publish.
[component_container_mt-1] [WARN] [1785815775.634197537] [sensing.lidar.concatenate_data]: transformed_raw_points[/sensing/lidar/left/pointcloud_before_sync] is nullptr, skipping pointcloud publish.
[autoware_ndt_scan_matcher_node-24] [INFO] [1785815775.634830431] [localization.pose_estimator.ndt_scan_matcher]: Mismatch between pose timestamp and current timestamp
[autoware_mrm_handler_node-13] [INFO] [1785815775.683904824] [system.mrm_handler]: MRM State changed: NORMAL -> MRM_OPERATING
[autoware_mrm_handler_node-13] [WARN] [1785815775.684786501] [system.mrm_handler]: EMERGENCY_STOP is operated.
[component_container_mt-1] [WARN] [1785815775.733724824] [sensing.lidar.concatenate_data]: transformed_raw_points[/sensing/lidar/right/pointcloud_before_sync] is nullptr, skipping pointcloud publish.
[component_container_mt-1] [WARN] [1785815775.733770599] [sensing.lidar.concatenate_data]: transformed_raw_points[/sensing/lidar/left/pointcloud_before_sync] is nullptr, skipping pointcloud publish.
[autoware_ndt_scan_matcher_node-24] [INFO] [1785815775.734431129] [localization.pose_estimator.ndt_scan_matcher]: Mismatch between pose timestamp and current timestamp
[component_container_mt-47] [WARN] [1785815775.734472806] [control.vehicle_cmd_gate]: Emergency!
[component_container_mt-48] [INFO] [1785815775.734611108] [control.control_validator]: waiting for /planning/trajectory
[component_container_mt-1] [WARN] [1785815775.741446268] [localization.util.crop_box_filter_measurement_range]: Invalid PointCloud: row_step mismatch. Expected: 101632 (width 6352 * point_step 16), Got: 0. Frame: 'base_link', Stamp: 40.185701551 Please fill in the `cloud->row_step` field accordingly. This will be an ERROR starting in 2026 July
[logging_node-14] [WARN] [1785815775.783308908] [logging_diag_graph]: The target mode is not available for the following reasons:
[logging_node-14] - /autoware/modes/autonomous ERROR
[logging_node-14]     - /autoware/planning ERROR
[logging_node-14]         - /autoware/planning/routing/state ERROR
[logging_node-14]         - [anonymous group] ERROR
[logging_node-14]             - /autoware/planning/topic_rate_check/route ERROR
[logging_node-14]             - /autoware/planning/topic_rate_check/trajectory ERROR
[logging_node-14]     - /autoware/control ERROR
[logging_node-14]         - /autoware/control/topic_rate_check/trajectory_follower ERROR
[logging_node-14]         - /autoware/control/topic_rate_check/control_command WARN 
[logging_node-14] 
[autoware_mrm_handler_node-13] [INFO] [1785815775.783349718] [system.mrm_handler]: MRM State changed: MRM_OPERATING -> NORMAL
[autoware_mrm_handler_node-13] [WARN] [1785815775.783521471] [system.mrm_handler]: EMERGENCY_STOP is canceled.
[component_container_mt-1] [WARN] [1785815775.833570636] [sensing.lidar.concatenate_data]: transformed_raw_points[/sensing/lidar/right/pointcloud_before_sync] is nullptr, skipping pointcloud publish.
[component_container_mt-1] [WARN] [1785815775.833617283] [sensing.lidar.concatenate_data]: transformed_raw_points[/sensing/lidar/left/pointcloud_before_sync] is nullptr, skipping pointcloud publish.
[autoware_ndt_scan_matcher_node-24] [INFO] [1785815775.834133540] [localization.pose_estimator.ndt_scan_matcher]: Mismatch between pose timestamp and current timestamp
[component_container_mt-40] [INFO] [1785815775.934408536] [planning.scenario_planning.lane_driving.behavior_planning.behavior_path_planner]: waiting for scenario_topic
[component_container_mt-1] [WARN] [1785815775.934650480] [sensing.lidar.concatenate_data]: transformed_raw_points[/sensing/lidar/right/pointcloud_before_sync] is nullptr, skipping pointcloud publish.
[component_container_mt-1] [WARN] [1785815775.934685723] [sensing.lidar.concatenate_data]: transformed_raw_points[/sensing/lidar/left/pointcloud_before_sync] is nullptr, skipping pointcloud publish.
[autoware_ndt_scan_matcher_node-24] [INFO] [1785815775.935967996] [localization.pose_estimator.ndt_scan_matcher]: Mismatch between pose timestamp and current timestamp
[component_container_mt-1] [WARN] [1785815776.033855799] [sensing.lidar.concatenate_data]: transformed_raw_points[/sensing/lidar/right/pointcloud_before_sync] is nullptr, skipping pointcloud publish.
[component_container_mt-1] [WARN] [1785815776.033911575] [sensing.lidar.concatenate_data]: transformed_raw_points[/sensing/lidar/left/pointcloud_before_sync] is nullptr, skipping pointcloud publish.
[autoware_ndt_scan_matcher_node-24] [INFO] [1785815776.034417661] [localization.pose_estimator.ndt_scan_matcher]: Mismatch between pose timestamp and current timestamp
[component_container_mt-1] [WARN] [1785815776.133770705] [sensing.lidar.concatenate_data]: transformed_raw_points[/sensing/lidar/right/pointcloud_before_sync] is nullptr, skipping pointcloud publish.
[component_container_mt-1] [WARN] [1785815776.133811054] [sensing.lidar.concatenate_data]: transformed_raw_points[/sensing/lidar/left/pointcloud_before_sync] is nullptr, skipping pointcloud publish.
[component_container_mt-47] [INFO] [1785815776.133777206] [control.vehicle_cmd_gate]: The operation mode is changed, but the GearCommand is not received yet:
[component_container-7] [WARN] [1785815776.134275637] [system.topic_state_monitor_control_command_control_cmd]: /control/command/control_cmd topic rate has dropped to the warning level. Set WARN in diagnostics.
[autoware_ndt_scan_matcher_node-24] [INFO] [1785815776.134939423] [localization.pose_estimator.ndt_scan_matcher]: Mismatch between pose timestamp and current timestamp
[component_container_mt-1] [WARN] [1785815776.234268964] [sensing.lidar.concatenate_data]: transformed_raw_points[/sensing/lidar/right/pointcloud_before_sync] is nullptr, skipping pointcloud publish.
[component_container_mt-1] [WARN] [1785815776.234308090] [sensing.lidar.concatenate_data]: transformed_raw_points[/sensing/lidar/left/pointcloud_before_sync] is nullptr, skipping pointcloud publish.
[autoware_ndt_scan_matcher_node-24] [INFO] [1785815776.234715332] [localization.pose_estimator.ndt_scan_matcher]: Mismatch between pose timestamp and current timestamp
[component_container_mt-48] [INFO] [1785815776.283658354] [control.autonomous_emergency_braking]: [AEB] waiting for control predicted trajectory
[component_container_mt-1] [WARN] [1785815776.333680271] [sensing.lidar.concatenate_data]: transformed_raw_points[/sensing/lidar/right/pointcloud_before_sync] is nullptr, skipping pointcloud publish.
[component_container_mt-1] [WARN] [1785815776.333729300] [sensing.lidar.concatenate_data]: transformed_raw_points[/sensing/lidar/left/pointcloud_before_sync] is nullptr, skipping pointcloud publish.
[autoware_ndt_scan_matcher_node-24] [INFO] [1785815776.334240391] [localization.pose_estimator.ndt_scan_matcher]: Mismatch between pose timestamp and current timestamp
[component_container_mt-1] [WARN] [1785815776.433860578] [sensing.lidar.concatenate_data]: transformed_raw_points[/sensing/lidar/right/pointcloud_before_sync] is nullptr, skipping pointcloud publish.
[component_container_mt-1] [WARN] [1785815776.433915098] [sensing.lidar.concatenate_data]: transformed_raw_points[/sensing/lidar/left/pointcloud_before_sync] is nullptr, skipping pointcloud publish.
[autoware_ndt_scan_matcher_node-24] [INFO] [1785815776.434614685] [localization.pose_estimator.ndt_scan_matcher]: Mismatch between pose timestamp and current timestamp
[component_container_mt-1] [WARN] [1785815776.533843221] [sensing.lidar.concatenate_data]: transformed_raw_points[/sensing/lidar/right/pointcloud_before_sync] is nullptr, skipping pointcloud publish.
[component_container_mt-1] [WARN] [1785815776.533894390] [sensing.lidar.concatenate_data]: transformed_raw_points[/sensing/lidar/left/pointcloud_before_sync] is nullptr, skipping pointcloud publish.
[autoware_ndt_scan_matcher_node-24] [INFO] [1785815776.534411032] [localization.pose_estimator.ndt_scan_matcher]: Mismatch between pose timestamp and current timestamp
[component_container_mt-1] [WARN] [1785815776.634021271] [sensing.lidar.concatenate_data]: transformed_raw_points[/sensing/lidar/right/pointcloud_before_sync] is nullptr, skipping pointcloud publish.
[component_container_mt-1] [WARN] [1785815776.634065020] [sensing.lidar.concatenate_data]: transformed_raw_points[/sensing/lidar/left/pointcloud_before_sync] is nullptr, skipping pointcloud publish.
[autoware_ndt_scan_matcher_node-24] [INFO] [1785815776.635022375] [localization.pose_estimator.ndt_scan_matcher]: Mismatch between pose timestamp and current timestamp
[autoware_mrm_handler_node-13] [INFO] [1785815776.683923870] [system.mrm_handler]: MRM State changed: NORMAL -> MRM_OPERATING
[autoware_mrm_handler_node-13] [WARN] [1785815776.685863430] [system.mrm_handler]: EMERGENCY_STOP is operated.
[component_container_mt-1] [WARN] [1785815776.733735695] [sensing.lidar.concatenate_data]: transformed_raw_points[/sensing/lidar/right/pointcloud_before_sync] is nullptr, skipping pointcloud publish.
[component_container_mt-1] [WARN] [1785815776.733780738] [sensing.lidar.concatenate_data]: transformed_raw_points[/sensing/lidar/left/pointcloud_before_sync] is nullptr, skipping pointcloud publish.
[autoware_ndt_scan_matcher_node-24] [INFO] [1785815776.734489046] [localization.pose_estimator.ndt_scan_matcher]: Mismatch between pose timestamp and current timestamp
[component_container_mt-47] [WARN] [1785815776.734925044] [control.vehicle_cmd_gate]: Emergency!
[autoware_mrm_handler_node-13] [INFO] [1785815776.784737925] [system.mrm_handler]: MRM State changed: MRM_OPERATING -> NORMAL
[autoware_mrm_handler_node-13] [WARN] [1785815776.784887658] [system.mrm_handler]: EMERGENCY_STOP is canceled.
[component_container_mt-1] [WARN] [1785815776.833848757] [sensing.lidar.concatenate_data]: transformed_raw_points[/sensing/lidar/right/pointcloud_before_sync] is nullptr, skipping pointcloud publish.
[component_container_mt-1] [WARN] [1785815776.833896079] [sensing.lidar.concatenate_data]: transformed_raw_points[/sensing/lidar/left/pointcloud_before_sync] is nullptr, skipping pointcloud publish.
[autoware_ndt_scan_matcher_node-24] [INFO] [1785815776.834491533] [localization.pose_estimator.ndt_scan_matcher]: Mismatch between pose timestamp and current timestamp
[component_container_mt-1] [WARN] [1785815776.934867562] [sensing.lidar.concatenate_data]: transformed_raw_points[/sensing/lidar/right/pointcloud_before_sync] is nullptr, skipping pointcloud publish.
[component_container_mt-1] [WARN] [1785815776.934909975] [sensing.lidar.concatenate_data]: transformed_raw_points[/sensing/lidar/left/pointcloud_before_sync] is nullptr, skipping pointcloud publish.
[autoware_ndt_scan_matcher_node-24] [INFO] [1785815776.935335860] [localization.pose_estimator.ndt_scan_matcher]: Mismatch between pose timestamp and current timestamp
[component_container_mt-1] [WARN] [1785815777.034131671] [sensing.lidar.concatenate_data]: transformed_raw_points[/sensing/lidar/right/pointcloud_before_sync] is nullptr, skipping pointcloud publish.
[component_container_mt-1] [WARN] [1785815777.034174225] [sensing.lidar.concatenate_data]: transformed_raw_points[/sensing/lidar/left/pointcloud_before_sync] is nullptr, skipping pointcloud publish.
[autoware_ndt_scan_matcher_node-24] [INFO] [1785815777.034587992] [localization.pose_estimator.ndt_scan_matcher]: Mismatch between pose timestamp and current timestamp
[component_container-7] [INFO] [1785815777.084313008] [system.topic_state_monitor_mission_planning_route]: /planning/mission_planning/route has not received. Set ERROR in diagnostics.
[component_container_mt-1] [WARN] [1785815777.133816090] [sensing.lidar.concatenate_data]: transformed_raw_points[/sensing/lidar/right/pointcloud_before_sync] is nullptr, skipping pointcloud publish.
[component_container_mt-1] [WARN] [1785815777.133864103] [sensing.lidar.concatenate_data]: transformed_raw_points[/sensing/lidar/left/pointcloud_before_sync] is nullptr, skipping pointcloud publish.
[autoware_ndt_scan_matcher_node-24] [INFO] [1785815777.134435635] [localization.pose_estimator.ndt_scan_matcher]: Mismatch between pose timestamp and current timestamp
[component_container_mt-1] [WARN] [1785815777.234278119] [sensing.lidar.concatenate_data]: transformed_raw_points[/sensing/lidar/right/pointcloud_before_sync] is nullptr, skipping pointcloud publish.
[component_container_mt-1] [WARN] [1785815777.234317388] [sensing.lidar.concatenate_data]: transformed_raw_points[/sensing/lidar/left/pointcloud_before_sync] is nullptr, skipping pointcloud publish.
[autoware_ndt_scan_matcher_node-24] [INFO] [1785815777.234762225] [localization.pose_estimator.ndt_scan_matcher]: Mismatch between pose timestamp and current timestamp
[component_container_mt-1] [WARN] [1785815777.333632155] [sensing.lidar.concatenate_data]: transformed_raw_points[/sensing/lidar/right/pointcloud_before_sync] is nullptr, skipping pointcloud publish.
[component_container_mt-1] [WARN] [1785815777.333680892] [sensing.lidar.concatenate_data]: transformed_raw_points[/sensing/lidar/left/pointcloud_before_sync] is nullptr, skipping pointcloud publish.
[autoware_ndt_scan_matcher_node-24] [INFO] [1785815777.334263051] [localization.pose_estimator.ndt_scan_matcher]: Mismatch between pose timestamp and current timestamp
[component_container_mt-1] [WARN] [1785815777.434065822] [sensing.lidar.concatenate_data]: transformed_raw_points[/sensing/lidar/right/pointcloud_before_sync] is nullptr, skipping pointcloud publish.
[component_container_mt-1] [WARN] [1785815777.434113924] [sensing.lidar.concatenate_data]: transformed_raw_points[/sensing/lidar/left/pointcloud_before_sync] is nullptr, skipping pointcloud publish.
[autoware_ndt_scan_matcher_node-24] [INFO] [1785815777.434605232] [localization.pose_estimator.ndt_scan_matcher]: Mismatch between pose timestamp and current timestamp
[component_container_mt-1] [WARN] [1785815777.533832753] [sensing.lidar.concatenate_data]: transformed_raw_points[/sensing/lidar/right/pointcloud_before_sync] is nullptr, skipping pointcloud publish.
[component_container_mt-1] [WARN] [1785815777.533873892] [sensing.lidar.concatenate_data]: transformed_raw_points[/sensing/lidar/left/pointcloud_before_sync] is nullptr, skipping pointcloud publish.
[autoware_ndt_scan_matcher_node-24] [INFO] [1785815777.534540360] [localization.pose_estimator.ndt_scan_matcher]: Mismatch between pose timestamp and current timestamp
[component_container_mt-48] [INFO] [1785815777.633453334] [control.trajectory_follower.lane_departure_checker_node]: waiting for route msg...
[component_container_mt-1] [WARN] [1785815777.633975283] [sensing.lidar.concatenate_data]: transformed_raw_points[/sensing/lidar/right/pointcloud_before_sync] is nullptr, skipping pointcloud publish.
[component_container_mt-1] [WARN] [1785815777.634013641] [sensing.lidar.concatenate_data]: transformed_raw_points[/sensing/lidar/left/pointcloud_before_sync] is nullptr, skipping pointcloud publish.
[autoware_ndt_scan_matcher_node-24] [INFO] [1785815777.634457584] [localization.pose_estimator.ndt_scan_matcher]: Mismatch between pose timestamp and current timestamp
[autoware_scenario_selector_node-36] [INFO] [1785815777.683347692] [planning.scenario_planning.scenario_selector]: Waiting for route.
[autoware_mrm_handler_node-13] [INFO] [1785815777.683524328] [system.mrm_handler]: MRM State changed: NORMAL -> MRM_OPERATING
[autoware_mrm_handler_node-13] [WARN] [1785815777.683792232] [system.mrm_handler]: EMERGENCY_STOP is operated.
[component_container_mt-1] [WARN] [1785815777.733461291] [sensing.lidar.concatenate_data]: transformed_raw_points[/sensing/lidar/right/pointcloud_before_sync] is nullptr, skipping pointcloud publish.
[component_container_mt-1] [WARN] [1785815777.733545707] [sensing.lidar.concatenate_data]: transformed_raw_points[/sensing/lidar/left/pointcloud_before_sync] is nullptr, skipping pointcloud publish.
[component_container_mt-47] [WARN] [1785815777.733728908] [control.vehicle_cmd_gate]: Emergency!
[autoware_ndt_scan_matcher_node-24] [INFO] [1785815777.734100160] [localization.pose_estimator.ndt_scan_matcher]: Mismatch between pose timestamp and current timestamp
[autoware_mrm_handler_node-13] [INFO] [1785815777.784024169] [system.mrm_handler]: MRM State changed: MRM_OPERATING -> NORMAL
[autoware_mrm_handler_node-13] [WARN] [1785815777.784287891] [system.mrm_handler]: EMERGENCY_STOP is canceled.
[component_container_mt-1] [WARN] [1785815777.834527122] [sensing.lidar.concatenate_data]: transformed_raw_points[/sensing/lidar/right/pointcloud_before_sync] is nullptr, skipping pointcloud publish.
[component_container_mt-1] [WARN] [1785815777.834569756] [sensing.lidar.concatenate_data]: transformed_raw_points[/sensing/lidar/left/pointcloud_before_sync] is nullptr, skipping pointcloud publish.
[autoware_ndt_scan_matcher_node-24] [INFO] [1785815777.835991549] [localization.pose_estimator.ndt_scan_matcher]: Mismatch between pose timestamp and current timestamp
[component_container_mt-1] [WARN] [1785815777.933543995] [sensing.lidar.concatenate_data]: transformed_raw_points[/sensing/lidar/right/pointcloud_before_sync] is nullptr, skipping pointcloud publish.
[component_container_mt-1] [WARN] [1785815777.933586873] [sensing.lidar.concatenate_data]: transformed_raw_points[/sensing/lidar/left/pointcloud_before_sync] is nullptr, skipping pointcloud publish.
[autoware_ndt_scan_matcher_node-24] [INFO] [1785815777.934184304] [localization.pose_estimator.ndt_scan_matcher]: Mismatch between pose timestamp and current timestamp
[component_container_mt-1] [WARN] [1785815778.034960605] [sensing.lidar.concatenate_data]: transformed_raw_points[/sensing/lidar/right/pointcloud_before_sync] is nullptr, skipping pointcloud publish.
[component_container_mt-1] [WARN] [1785815778.035001749] [sensing.lidar.concatenate_data]: transformed_raw_points[/sensing/lidar/left/pointcloud_before_sync] is nullptr, skipping pointcloud publish.
[autoware_ndt_scan_matcher_node-24] [INFO] [1785815778.035554320] [localization.pose_estimator.ndt_scan_matcher]: Mismatch between pose timestamp and current timestamp
[component_container_mt-1] [WARN] [1785815778.134190324] [sensing.lidar.concatenate_data]: transformed_raw_points[/sensing/lidar/right/pointcloud_before_sync] is nullptr, skipping pointcloud publish.
[component_container_mt-1] [WARN] [1785815778.134235490] [sensing.lidar.concatenate_data]: transformed_raw_points[/sensing/lidar/left/pointcloud_before_sync] is nullptr, skipping pointcloud publish.
[autoware_ndt_scan_matcher_node-24] [INFO] [1785815778.135757023] [localization.pose_estimator.ndt_scan_matcher]: Mismatch between pose timestamp and current timestamp
[component_container_mt-1] [WARN] [1785815778.234031529] [sensing.lidar.concatenate_data]: transformed_raw_points[/sensing/lidar/right/pointcloud_before_sync] is nullptr, skipping pointcloud publish.
[component_container_mt-1] [WARN] [1785815778.234086853] [sensing.lidar.concatenate_data]: transformed_raw_points[/sensing/lidar/left/pointcloud_before_sync] is nullptr, skipping pointcloud publish.
[autoware_ndt_scan_matcher_node-24] [INFO] [1785815778.235142805] [localization.pose_estimator.ndt_scan_matcher]: Mismatch between pose timestamp and current timestamp
[component_container_mt-1] [WARN] [1785815778.334258823] [sensing.lidar.concatenate_data]: transformed_raw_points[/sensing/lidar/right/pointcloud_before_sync] is nullptr, skipping pointcloud publish.
[component_container_mt-1] [WARN] [1785815778.334304572] [sensing.lidar.concatenate_data]: transformed_raw_points[/sensing/lidar/left/pointcloud_before_sync] is nullptr, skipping pointcloud publish.
[autoware_ndt_scan_matcher_node-24] [INFO] [1785815778.334845687] [localization.pose_estimator.ndt_scan_matcher]: Mismatch between pose timestamp and current timestamp
[component_container_mt-1] [WARN] [1785815778.433972277] [sensing.lidar.concatenate_data]: transformed_raw_points[/sensing/lidar/right/pointcloud_before_sync] is nullptr, skipping pointcloud publish.
[component_container_mt-1] [WARN] [1785815778.434015560] [sensing.lidar.concatenate_data]: transformed_raw_points[/sensing/lidar/left/pointcloud_before_sync] is nullptr, skipping pointcloud publish.
[autoware_ndt_scan_matcher_node-24] [INFO] [1785815778.434491757] [localization.pose_estimator.ndt_scan_matcher]: Mismatch between pose timestamp and current timestamp
[component_container_mt-1] [WARN] [1785815778.533683362] [sensing.lidar.concatenate_data]: transformed_raw_points[/sensing/lidar/right/pointcloud_before_sync] is nullptr, skipping pointcloud publish.
[component_container_mt-1] [WARN] [1785815778.533732654] [sensing.lidar.concatenate_data]: transformed_raw_points[/sensing/lidar/left/pointcloud_before_sync] is nullptr, skipping pointcloud publish.
[autoware_ndt_scan_matcher_node-24] [INFO] [1785815778.534330238] [localization.pose_estimator.ndt_scan_matcher]: Mismatch between pose timestamp and current timestamp
[component_container_mt-1] [WARN] [1785815778.634177447] [sensing.lidar.concatenate_data]: transformed_raw_points[/sensing/lidar/right/pointcloud_before_sync] is nullptr, skipping pointcloud publish.
[component_container_mt-1] [WARN] [1785815778.634223369] [sensing.lidar.concatenate_data]: transformed_raw_points[/sensing/lidar/left/pointcloud_before_sync] is nullptr, skipping pointcloud publish.
[autoware_ndt_scan_matcher_node-24] [INFO] [1785815778.634717863] [localization.pose_estimator.ndt_scan_matcher]: Mismatch between pose timestamp and current timestamp
[autoware_mrm_handler_node-13] [INFO] [1785815778.684220651] [system.mrm_handler]: MRM State changed: NORMAL -> MRM_OPERATING
[autoware_mrm_handler_node-13] [WARN] [1785815778.684810833] [system.mrm_handler]: EMERGENCY_STOP is operated.
[component_container_mt-1] [WARN] [1785815778.734036066] [sensing.lidar.concatenate_data]: transformed_raw_points[/sensing/lidar/right/pointcloud_before_sync] is nullptr, skipping pointcloud publish.
[component_container_mt-1] [WARN] [1785815778.734074807] [sensing.lidar.concatenate_data]: transformed_raw_points[/sensing/lidar/left/pointcloud_before_sync] is nullptr, skipping pointcloud publish.
[autoware_ndt_scan_matcher_node-24] [INFO] [1785815778.735176535] [localization.pose_estimator.ndt_scan_matcher]: Mismatch between pose timestamp and current timestamp
[component_container_mt-47] [WARN] [1785815778.735343707] [control.vehicle_cmd_gate]: Emergency!
[autoware_mrm_handler_node-13] [INFO] [1785815778.783455141] [system.mrm_handler]: MRM State changed: MRM_OPERATING -> NORMAL
[logging_node-14] [WARN] [1785815778.783546372] [logging_diag_graph]: The target mode is not available for the following reasons:
[logging_node-14] - /autoware/modes/autonomous ERROR
[logging_node-14]     - /autoware/planning ERROR
[logging_node-14]         - /autoware/planning/routing/state ERROR
[logging_node-14]         - [anonymous group] ERROR
[logging_node-14]             - /autoware/planning/topic_rate_check/route ERROR
[logging_node-14]             - /autoware/planning/topic_rate_check/trajectory ERROR
[logging_node-14]     - /autoware/control ERROR
[logging_node-14]         - /autoware/control/topic_rate_check/trajectory_follower ERROR
[logging_node-14]         - /autoware/control/topic_rate_check/control_command WARN 
[logging_node-14] 
[autoware_mrm_handler_node-13] [WARN] [1785815778.784147678] [system.mrm_handler]: EMERGENCY_STOP is canceled.
[component_container_mt-1] [WARN] [1785815778.833939358] [sensing.lidar.concatenate_data]: transformed_raw_points[/sensing/lidar/right/pointcloud_before_sync] is nullptr, skipping pointcloud publish.
[component_container_mt-1] [WARN] [1785815778.833981441] [sensing.lidar.concatenate_data]: transformed_raw_points[/sensing/lidar/left/pointcloud_before_sync] is nullptr, skipping pointcloud publish.
[autoware_ndt_scan_matcher_node-24] [INFO] [1785815778.834417938] [localization.pose_estimator.ndt_scan_matcher]: Mismatch between pose timestamp and current timestamp
[component_container_mt-1] [WARN] [1785815778.933809594] [sensing.lidar.concatenate_data]: transformed_raw_points[/sensing/lidar/right/pointcloud_before_sync] is nullptr, skipping pointcloud publish.
[component_container_mt-1] [WARN] [1785815778.933852971] [sensing.lidar.concatenate_data]: transformed_raw_points[/sensing/lidar/left/pointcloud_before_sync] is nullptr, skipping pointcloud publish.
[autoware_ndt_scan_matcher_node-24] [INFO] [1785815778.934311699] [localization.pose_estimator.ndt_scan_matcher]: Mismatch between pose timestamp and current timestamp
[component_container_mt-1] [WARN] [1785815779.033674104] [sensing.lidar.concatenate_data]: transformed_raw_points[/sensing/lidar/right/pointcloud_before_sync] is nullptr, skipping pointcloud publish.
[component_container_mt-1] [WARN] [1785815779.033721363] [sensing.lidar.concatenate_data]: transformed_raw_points[/sensing/lidar/left/pointcloud_before_sync] is nullptr, skipping pointcloud publish.
[autoware_ndt_scan_matcher_node-24] [INFO] [1785815779.034215512] [localization.pose_estimator.ndt_scan_matcher]: Mismatch between pose timestamp and current timestamp
[component_container_mt-1] [WARN] [1785815779.133917832] [sensing.lidar.concatenate_data]: transformed_raw_points[/sensing/lidar/right/pointcloud_before_sync] is nullptr, skipping pointcloud publish.
[component_container_mt-1] [WARN] [1785815779.133975638] [sensing.lidar.concatenate_data]: transformed_raw_points[/sensing/lidar/left/pointcloud_before_sync] is nullptr, skipping pointcloud publish.
[component_container-7] [WARN] [1785815779.133967396] [system.topic_state_monitor_control_command_control_cmd]: /control/command/control_cmd topic rate has dropped to the warning level. Set WARN in diagnostics.
[autoware_ndt_scan_matcher_node-24] [INFO] [1785815779.134551398] [localization.pose_estimator.ndt_scan_matcher]: Mismatch between pose timestamp and current timestamp
[component_container_mt-1] [WARN] [1785815779.234028177] [sensing.lidar.concatenate_data]: transformed_raw_points[/sensing/lidar/right/pointcloud_before_sync] is nullptr, skipping pointcloud publish.
[component_container_mt-1] [WARN] [1785815779.234132925] [sensing.lidar.concatenate_data]: transformed_raw_points[/sensing/lidar/left/pointcloud_before_sync] is nullptr, skipping pointcloud publish.
[autoware_ndt_scan_matcher_node-24] [INFO] [1785815779.234590832] [localization.pose_estimator.ndt_scan_matcher]: Mismatch between pose timestamp and current timestamp
[component_container_mt-1] [WARN] [1785815779.334049056] [sensing.lidar.concatenate_data]: transformed_raw_points[/sensing/lidar/right/pointcloud_before_sync] is nullptr, skipping pointcloud publish.
[component_container_mt-1] [WARN] [1785815779.334099429] [sensing.lidar.concatenate_data]: transformed_raw_points[/sensing/lidar/left/pointcloud_before_sync] is nullptr, skipping pointcloud publish.
[autoware_ndt_scan_matcher_node-24] [INFO] [1785815779.336006813] [localization.pose_estimator.ndt_scan_matcher]: Mismatch between pose timestamp and current timestamp
[component_container_mt-1] [WARN] [1785815779.433933723] [sensing.lidar.concatenate_data]: transformed_raw_points[/sensing/lidar/right/pointcloud_before_sync] is nullptr, skipping pointcloud publish.
[component_container_mt-1] [WARN] [1785815779.433978111] [sensing.lidar.concatenate_data]: transformed_raw_points[/sensing/lidar/left/pointcloud_before_sync] is nullptr, skipping pointcloud publish.
[autoware_ndt_scan_matcher_node-24] [INFO] [1785815779.434417490] [localization.pose_estimator.ndt_scan_matcher]: Mismatch between pose timestamp and current timestamp
[component_container_mt-1] [WARN] [1785815779.533808460] [sensing.lidar.concatenate_data]: transformed_raw_points[/sensing/lidar/right/pointcloud_before_sync] is nullptr, skipping pointcloud publish.
[component_container_mt-1] [WARN] [1785815779.533853431] [sensing.lidar.concatenate_data]: transformed_raw_points[/sensing/lidar/left/pointcloud_before_sync] is nullptr, skipping pointcloud publish.
[autoware_ndt_scan_matcher_node-24] [INFO] [1785815779.534327547] [localization.pose_estimator.ndt_scan_matcher]: Mismatch between pose timestamp and current timestamp
[component_container_mt-1] [WARN] [1785815779.633814342] [sensing.lidar.concatenate_data]: transformed_raw_points[/sensing/lidar/right/pointcloud_before_sync] is nullptr, skipping pointcloud publish.
[component_container_mt-1] [WARN] [1785815779.633860064] [sensing.lidar.concatenate_data]: transformed_raw_points[/sensing/lidar/left/pointcloud_before_sync] is nullptr, skipping pointcloud publish.
[autoware_ndt_scan_matcher_node-24] [INFO] [1785815779.634376283] [localization.pose_estimator.ndt_scan_matcher]: Mismatch between pose timestamp and current timestamp
[autoware_mrm_handler_node-13] [INFO] [1785815779.683681942] [system.mrm_handler]: MRM State changed: NORMAL -> MRM_OPERATING
[autoware_mrm_handler_node-13] [WARN] [1785815779.684116901] [system.mrm_handler]: EMERGENCY_STOP is operated.
[component_container_mt-1] [WARN] [1785815779.733974750] [sensing.lidar.concatenate_data]: transformed_raw_points[/sensing/lidar/right/pointcloud_before_sync] is nullptr, skipping pointcloud publish.
[component_container_mt-1] [WARN] [1785815779.734019541] [sensing.lidar.concatenate_data]: transformed_raw_points[/sensing/lidar/left/pointcloud_before_sync] is nullptr, skipping pointcloud publish.
[autoware_ndt_scan_matcher_node-24] [INFO] [1785815779.734657842] [localization.pose_estimator.ndt_scan_matcher]: Mismatch between pose timestamp and current timestamp
[component_container_mt-47] [WARN] [1785815779.734761795] [control.vehicle_cmd_gate]: Emergency!
[autoware_mrm_handler_node-13] [INFO] [1785815779.785444433] [system.mrm_handler]: MRM State changed: MRM_OPERATING -> NORMAL
[autoware_mrm_handler_node-13] [WARN] [1785815779.785590677] [system.mrm_handler]: EMERGENCY_STOP is canceled.
[component_container_mt-1] [WARN] [1785815779.833870848] [sensing.lidar.concatenate_data]: transformed_raw_points[/sensing/lidar/right/pointcloud_before_sync] is nullptr, skipping pointcloud publish.
[component_container_mt-1] [WARN] [1785815779.833922019] [sensing.lidar.concatenate_data]: transformed_raw_points[/sensing/lidar/left/pointcloud_before_sync] is nullptr, skipping pointcloud publish.
[autoware_ndt_scan_matcher_node-24] [INFO] [1785815779.834430295] [localization.pose_estimator.ndt_scan_matcher]: Mismatch between pose timestamp and current timestamp
[component_container_mt-1] [WARN] [1785815779.933719023] [sensing.lidar.concatenate_data]: transformed_raw_points[/sensing/lidar/right/pointcloud_before_sync] is nullptr, skipping pointcloud publish.
[component_container_mt-1] [WARN] [1785815779.933765092] [sensing.lidar.concatenate_data]: transformed_raw_points[/sensing/lidar/left/pointcloud_before_sync] is nullptr, skipping pointcloud publish.
[autoware_ndt_scan_matcher_node-24] [INFO] [1785815779.935042927] [localization.pose_estimator.ndt_scan_matcher]: Mismatch between pose timestamp and current timestamp
[component_container_mt-1] [WARN] [1785815780.034312992] [sensing.lidar.concatenate_data]: transformed_raw_points[/sensing/lidar/right/pointcloud_before_sync] is nullptr, skipping pointcloud publish.
[component_container_mt-1] [WARN] [1785815780.034361762] [sensing.lidar.concatenate_data]: transformed_raw_points[/sensing/lidar/left/pointcloud_before_sync] is nullptr, skipping pointcloud publish.
[autoware_ndt_scan_matcher_node-24] [INFO] [1785815780.034983555] [localization.pose_estimator.ndt_scan_matcher]: Mismatch between pose timestamp and current timestamp
[component_container-7] [INFO] [1785815780.084416829] [system.topic_state_monitor_mission_planning_route]: /planning/mission_planning/route has not received. Set ERROR in diagnostics.
[component_container_mt-1] [WARN] [1785815780.134350191] [sensing.lidar.concatenate_data]: transformed_raw_points[/sensing/lidar/right/pointcloud_before_sync] is nullptr, skipping pointcloud publish.
[component_container_mt-1] [WARN] [1785815780.134396353] [sensing.lidar.concatenate_data]: transformed_raw_points[/sensing/lidar/left/pointcloud_before_sync] is nullptr, skipping pointcloud publish.
[autoware_ndt_scan_matcher_node-24] [INFO] [1785815780.134883631] [localization.pose_estimator.ndt_scan_matcher]: Mismatch between pose timestamp and current timestamp
[component_container_mt-47] [INFO] [1785815780.184461823] [control.trajectory_follower.controller_node_exe]: Waiting for trajectory data
[component_container_mt-47] [INFO] [1785815780.184517010] [control.trajectory_follower.controller_node_exe]: Control is skipped since input data is not ready.
[component_container_mt-1] [WARN] [1785815780.233919060] [sensing.lidar.concatenate_data]: transformed_raw_points[/sensing/lidar/right/pointcloud_before_sync] is nullptr, skipping pointcloud publish.
[component_container_mt-1] [WARN] [1785815780.233966923] [sensing.lidar.concatenate_data]: transformed_raw_points[/sensing/lidar/left/pointcloud_before_sync] is nullptr, skipping pointcloud publish.
[autoware_ndt_scan_matcher_node-24] [INFO] [1785815780.234623124] [localization.pose_estimator.ndt_scan_matcher]: Mismatch between pose timestamp and current timestamp
[component_container_mt-1] [WARN] [1785815780.334990519] [sensing.lidar.concatenate_data]: transformed_raw_points[/sensing/lidar/right/pointcloud_before_sync] is nullptr, skipping pointcloud publish.
[component_container_mt-1] [WARN] [1785815780.335033292] [sensing.lidar.concatenate_data]: transformed_raw_points[/sensing/lidar/left/pointcloud_before_sync] is nullptr, skipping pointcloud publish.
[autoware_ndt_scan_matcher_node-24] [INFO] [1785815780.335529237] [localization.pose_estimator.ndt_scan_matcher]: Mismatch between pose timestamp and current timestamp
[component_container-18] [WARN] [1785815780.340562855] [sensing.lidar.top.crop_box_filter_self]: Invalid PointCloud: is_dense is false. The point cloud should be organized (dense) and contain only valid points. This will be an ERROR starting in 2026 JulyFrame: 'velodyne_top', Stamp: 44.785701620
[component_container_mt-1] [WARN] [1785815780.434415662] [sensing.lidar.concatenate_data]: transformed_raw_points[/sensing/lidar/right/pointcloud_before_sync] is nullptr, skipping pointcloud publish.
[component_container_mt-1] [WARN] [1785815780.434459893] [sensing.lidar.concatenate_data]: transformed_raw_points[/sensing/lidar/left/pointcloud_before_sync] is nullptr, skipping pointcloud publish.
[autoware_ndt_scan_matcher_node-24] [INFO] [1785815780.434899265] [localization.pose_estimator.ndt_scan_matcher]: Mismatch between pose timestamp and current timestamp
[component_container_mt-1] [WARN] [1785815780.534781613] [sensing.lidar.concatenate_data]: transformed_raw_points[/sensing/lidar/right/pointcloud_before_sync] is nullptr, skipping pointcloud publish.
[component_container_mt-1] [WARN] [1785815780.534824028] [sensing.lidar.concatenate_data]: transformed_raw_points[/sensing/lidar/left/pointcloud_before_sync] is nullptr, skipping pointcloud publish.
[autoware_ndt_scan_matcher_node-24] [INFO] [1785815780.535305688] [localization.pose_estimator.ndt_scan_matcher]: Mismatch between pose timestamp and current timestamp
[component_container_mt-1] [WARN] [1785815780.634207926] [sensing.lidar.concatenate_data]: transformed_raw_points[/sensing/lidar/right/pointcloud_before_sync] is nullptr, skipping pointcloud publish.
[component_container_mt-1] [WARN] [1785815780.634253135] [sensing.lidar.concatenate_data]: transformed_raw_points[/sensing/lidar/left/pointcloud_before_sync] is nullptr, skipping pointcloud publish.
[autoware_ndt_scan_matcher_node-24] [INFO] [1785815780.634729035] [localization.pose_estimator.ndt_scan_matcher]: Mismatch between pose timestamp and current timestamp
[component_container-18] [WARN] [1785815780.640438591] [sensing.lidar.top.distortion_corrector_node]: Twist time_stamp is too late. Could not interpolate.
[autoware_mrm_handler_node-13] [INFO] [1785815780.683844036] [system.mrm_handler]: MRM State changed: NORMAL -> MRM_OPERATING
[autoware_mrm_handler_node-13] [WARN] [1785815780.684351450] [system.mrm_handler]: EMERGENCY_STOP is operated.
[component_container_mt-1] [WARN] [1785815780.734480473] [sensing.lidar.concatenate_data]: transformed_raw_points[/sensing/lidar/right/pointcloud_before_sync] is nullptr, skipping pointcloud publish.
[component_container_mt-1] [WARN] [1785815780.734526678] [sensing.lidar.concatenate_data]: transformed_raw_points[/sensing/lidar/left/pointcloud_before_sync] is nullptr, skipping pointcloud publish.
[component_container_mt-47] [WARN] [1785815780.735026963] [control.vehicle_cmd_gate]: Emergency!
[autoware_ndt_scan_matcher_node-24] [INFO] [1785815780.735104300] [localization.pose_estimator.ndt_scan_matcher]: Mismatch between pose timestamp and current timestamp
[component_container_mt-48] [INFO] [1785815780.735166983] [control.control_validator]: waiting for /planning/trajectory
[component_container_mt-1] [WARN] [1785815780.741996670] [localization.util.crop_box_filter_measurement_range]: Invalid PointCloud: row_step mismatch. Expected: 99856 (width 6241 * point_step 16), Got: 0. Frame: 'base_link', Stamp: 45.185701626 Please fill in the `cloud->row_step` field accordingly. This will be an ERROR starting in 2026 July
[autoware_mrm_handler_node-13] [INFO] [1785815780.783881313] [system.mrm_handler]: MRM State changed: MRM_OPERATING -> NORMAL
[autoware_mrm_handler_node-13] [WARN] [1785815780.784468565] [system.mrm_handler]: EMERGENCY_STOP is canceled.
[component_container_mt-1] [WARN] [1785815780.833997548] [sensing.lidar.concatenate_data]: transformed_raw_points[/sensing/lidar/right/pointcloud_before_sync] is nullptr, skipping pointcloud publish.
[component_container_mt-1] [WARN] [1785815780.834042997] [sensing.lidar.concatenate_data]: transformed_raw_points[/sensing/lidar/left/pointcloud_before_sync] is nullptr, skipping pointcloud publish.
[autoware_ndt_scan_matcher_node-24] [INFO] [1785815780.835199247] [localization.pose_estimator.ndt_scan_matcher]: Mismatch between pose timestamp and current timestamp
[component_container_mt-1] [WARN] [1785815780.934409563] [sensing.lidar.concatenate_data]: transformed_raw_points[/sensing/lidar/right/pointcloud_before_sync] is nullptr, skipping pointcloud publish.
[component_container_mt-1] [WARN] [1785815780.934453866] [sensing.lidar.concatenate_data]: transformed_raw_points[/sensing/lidar/left/pointcloud_before_sync] is nullptr, skipping pointcloud publish.
[autoware_ndt_scan_matcher_node-24] [INFO] [1785815780.934935629] [localization.pose_estimator.ndt_scan_matcher]: Mismatch between pose timestamp and current timestamp
[component_container_mt-40] [INFO] [1785815780.935090066] [planning.scenario_planning.lane_driving.behavior_planning.behavior_path_planner]: waiting for scenario_topic
[component_container_mt-1] [WARN] [1785815781.033692213] [sensing.lidar.concatenate_data]: transformed_raw_points[/sensing/lidar/right/pointcloud_before_sync] is nullptr, skipping pointcloud publish.
[component_container_mt-1] [WARN] [1785815781.033741253] [sensing.lidar.concatenate_data]: transformed_raw_points[/sensing/lidar/left/pointcloud_before_sync] is nullptr, skipping pointcloud publish.
[autoware_ndt_scan_matcher_node-24] [INFO] [1785815781.034445392] [localization.pose_estimator.ndt_scan_matcher]: Mismatch between pose timestamp and current timestamp
[component_container_mt-1] [WARN] [1785815781.134293908] [sensing.lidar.concatenate_data]: transformed_raw_points[/sensing/lidar/right/pointcloud_before_sync] is nullptr, skipping pointcloud publish.
[component_container_mt-1] [WARN] [1785815781.134341145] [sensing.lidar.concatenate_data]: transformed_raw_points[/sensing/lidar/left/pointcloud_before_sync] is nullptr, skipping pointcloud publish.
[component_container_mt-47] [INFO] [1785815781.134310540] [control.vehicle_cmd_gate]: The operation mode is changed, but the GearCommand is not received yet:
[autoware_ndt_scan_matcher_node-24] [INFO] [1785815781.134932117] [localization.pose_estimator.ndt_scan_matcher]: Mismatch between pose timestamp and current timestamp
[component_container_mt-1] [WARN] [1785815781.233776407] [sensing.lidar.concatenate_data]: transformed_raw_points[/sensing/lidar/right/pointcloud_before_sync] is nullptr, skipping pointcloud publish.
[component_container_mt-1] [WARN] [1785815781.233822458] [sensing.lidar.concatenate_data]: transformed_raw_points[/sensing/lidar/left/pointcloud_before_sync] is nullptr, skipping pointcloud publish.
[autoware_ndt_scan_matcher_node-24] [INFO] [1785815781.234598318] [localization.pose_estimator.ndt_scan_matcher]: Mismatch between pose timestamp and current timestamp
[component_container_mt-48] [INFO] [1785815781.284564974] [control.autonomous_emergency_braking]: [AEB] waiting for control predicted trajectory
[component_container_mt-1] [WARN] [1785815781.333744104] [sensing.lidar.concatenate_data]: transformed_raw_points[/sensing/lidar/right/pointcloud_before_sync] is nullptr, skipping pointcloud publish.
[component_container_mt-1] [WARN] [1785815781.333789011] [sensing.lidar.concatenate_data]: transformed_raw_points[/sensing/lidar/left/pointcloud_before_sync] is nullptr, skipping pointcloud publish.
[autoware_ndt_scan_matcher_node-24] [INFO] [1785815781.334429452] [localization.pose_estimator.ndt_scan_matcher]: Mismatch between pose timestamp and current timestamp
[component_container_mt-1] [WARN] [1785815781.433674168] [sensing.lidar.concatenate_data]: transformed_raw_points[/sensing/lidar/right/pointcloud_before_sync] is nullptr, skipping pointcloud publish.
[component_container_mt-1] [WARN] [1785815781.433719264] [sensing.lidar.concatenate_data]: transformed_raw_points[/sensing/lidar/left/pointcloud_before_sync] is nullptr, skipping pointcloud publish.
[autoware_ndt_scan_matcher_node-24] [INFO] [1785815781.434327920] [localization.pose_estimator.ndt_scan_matcher]: Mismatch between pose timestamp and current timestamp
[component_container_mt-1] [WARN] [1785815781.534142539] [sensing.lidar.concatenate_data]: transformed_raw_points[/sensing/lidar/right/pointcloud_before_sync] is nullptr, skipping pointcloud publish.
[component_container_mt-1] [WARN] [1785815781.534188141] [sensing.lidar.concatenate_data]: transformed_raw_points[/sensing/lidar/left/pointcloud_before_sync] is nullptr, skipping pointcloud publish.
[autoware_ndt_scan_matcher_node-24] [INFO] [1785815781.534624820] [localization.pose_estimator.ndt_scan_matcher]: Mismatch between pose timestamp and current timestamp
[component_container_mt-1] [WARN] [1785815781.633857602] [sensing.lidar.concatenate_data]: transformed_raw_points[/sensing/lidar/right/pointcloud_before_sync] is nullptr, skipping pointcloud publish.
[component_container_mt-1] [WARN] [1785815781.633903623] [sensing.lidar.concatenate_data]: transformed_raw_points[/sensing/lidar/left/pointcloud_before_sync] is nullptr, skipping pointcloud publish.
[autoware_ndt_scan_matcher_node-24] [INFO] [1785815781.634490557] [localization.pose_estimator.ndt_scan_matcher]: Mismatch between pose timestamp and current timestamp
[autoware_mrm_handler_node-13] [INFO] [1785815781.683463446] [system.mrm_handler]: MRM State changed: NORMAL -> MRM_OPERATING
[autoware_mrm_handler_node-13] [WARN] [1785815781.684083009] [system.mrm_handler]: EMERGENCY_STOP is operated.
[component_container_mt-1] [WARN] [1785815781.734210415] [sensing.lidar.concatenate_data]: transformed_raw_points[/sensing/lidar/right/pointcloud_before_sync] is nullptr, skipping pointcloud publish.
[component_container_mt-1] [WARN] [1785815781.734247844] [sensing.lidar.concatenate_data]: transformed_raw_points[/sensing/lidar/left/pointcloud_before_sync] is nullptr, skipping pointcloud publish.
[component_container_mt-47] [WARN] [1785815781.734363083] [control.vehicle_cmd_gate]: Emergency!
[autoware_ndt_scan_matcher_node-24] [INFO] [1785815781.734702430] [localization.pose_estimator.ndt_scan_matcher]: Mismatch between pose timestamp and current timestamp
[autoware_mrm_handler_node-13] [INFO] [1785815781.783418637] [system.mrm_handler]: MRM State changed: MRM_OPERATING -> NORMAL
[logging_node-14] [WARN] [1785815781.783470069] [logging_diag_graph]: The target mode is not available for the following reasons:
[logging_node-14] - /autoware/modes/autonomous ERROR
[logging_node-14]     - /autoware/planning ERROR
[logging_node-14]         - /autoware/planning/routing/state ERROR
[logging_node-14]         - [anonymous group] ERROR
[logging_node-14]             - /autoware/planning/topic_rate_check/route ERROR
[logging_node-14]             - /autoware/planning/topic_rate_check/trajectory ERROR
[logging_node-14]     - /autoware/control ERROR
[logging_node-14]         - /autoware/control/topic_rate_check/trajectory_follower ERROR
[logging_node-14]         - /autoware/control/topic_rate_check/control_command WARN 
[logging_node-14] 
[autoware_mrm_handler_node-13] [WARN] [1785815781.783689283] [system.mrm_handler]: EMERGENCY_STOP is canceled.
[component_container_mt-1] [WARN] [1785815781.833501389] [sensing.lidar.concatenate_data]: transformed_raw_points[/sensing/lidar/right/pointcloud_before_sync] is nullptr, skipping pointcloud publish.
[component_container_mt-1] [WARN] [1785815781.833549823] [sensing.lidar.concatenate_data]: transformed_raw_points[/sensing/lidar/left/pointcloud_before_sync] is nullptr, skipping pointcloud publish.
[autoware_ndt_scan_matcher_node-24] [INFO] [1785815781.833992598] [localization.pose_estimator.ndt_scan_matcher]: Mismatch between pose timestamp and current timestamp
[component_container_mt-1] [WARN] [1785815781.935284498] [sensing.lidar.concatenate_data]: transformed_raw_points[/sensing/lidar/right/pointcloud_before_sync] is nullptr, skipping pointcloud publish.
[component_container_mt-1] [WARN] [1785815781.935326379] [sensing.lidar.concatenate_data]: transformed_raw_points[/sensing/lidar/left/pointcloud_before_sync] is nullptr, skipping pointcloud publish.
[autoware_ndt_scan_matcher_node-24] [INFO] [1785815781.936366794] [localization.pose_estimator.ndt_scan_matcher]: Mismatch between pose timestamp and current timestamp
[component_container_mt-1] [WARN] [1785815782.034359159] [sensing.lidar.concatenate_data]: transformed_raw_points[/sensing/lidar/right/pointcloud_before_sync] is nullptr, skipping pointcloud publish.
[component_container_mt-1] [WARN] [1785815782.034406296] [sensing.lidar.concatenate_data]: transformed_raw_points[/sensing/lidar/left/pointcloud_before_sync] is nullptr, skipping pointcloud publish.
[autoware_ndt_scan_matcher_node-24] [INFO] [1785815782.034912395] [localization.pose_estimator.ndt_scan_matcher]: Mismatch between pose timestamp and current timestamp
[component_container-7] [WARN] [1785815782.133683976] [system.topic_state_monitor_control_command_control_cmd]: /control/command/control_cmd topic rate has dropped to the warning level. Set WARN in diagnostics.
[component_container_mt-1] [WARN] [1785815782.133778334] [sensing.lidar.concatenate_data]: transformed_raw_points[/sensing/lidar/right/pointcloud_before_sync] is nullptr, skipping pointcloud publish.
[component_container_mt-1] [WARN] [1785815782.133815600] [sensing.lidar.concatenate_data]: transformed_raw_points[/sensing/lidar/left/pointcloud_before_sync] is nullptr, skipping pointcloud publish.
[autoware_ndt_scan_matcher_node-24] [INFO] [1785815782.134448258] [localization.pose_estimator.ndt_scan_matcher]: Mismatch between pose timestamp and current timestamp
[component_container_mt-1] [WARN] [1785815782.234031715] [sensing.lidar.concatenate_data]: transformed_raw_points[/sensing/lidar/right/pointcloud_before_sync] is nullptr, skipping pointcloud publish.
[component_container_mt-1] [WARN] [1785815782.234076894] [sensing.lidar.concatenate_data]: transformed_raw_points[/sensing/lidar/left/pointcloud_before_sync] is nullptr, skipping pointcloud publish.
[autoware_ndt_scan_matcher_node-24] [INFO] [1785815782.234641417] [localization.pose_estimator.ndt_scan_matcher]: Mismatch between pose timestamp and current timestamp
[component_container_mt-1] [WARN] [1785815782.334068640] [sensing.lidar.concatenate_data]: transformed_raw_points[/sensing/lidar/right/pointcloud_before_sync] is nullptr, skipping pointcloud publish.
[component_container_mt-1] [WARN] [1785815782.334117788] [sensing.lidar.concatenate_data]: transformed_raw_points[/sensing/lidar/left/pointcloud_before_sync] is nullptr, skipping pointcloud publish.
[autoware_ndt_scan_matcher_node-24] [INFO] [1785815782.334661702] [localization.pose_estimator.ndt_scan_matcher]: Mismatch between pose timestamp and current timestamp
[component_container_mt-1] [WARN] [1785815782.433805252] [sensing.lidar.concatenate_data]: transformed_raw_points[/sensing/lidar/right/pointcloud_before_sync] is nullptr, skipping pointcloud publish.
[component_container_mt-1] [WARN] [1785815782.433850149] [sensing.lidar.concatenate_data]: transformed_raw_points[/sensing/lidar/left/pointcloud_before_sync] is nullptr, skipping pointcloud publish.
[autoware_ndt_scan_matcher_node-24] [INFO] [1785815782.434461906] [localization.pose_estimator.ndt_scan_matcher]: Mismatch between pose timestamp and current timestamp
[component_container_mt-1] [WARN] [1785815782.533812024] [sensing.lidar.concatenate_data]: transformed_raw_points[/sensing/lidar/right/pointcloud_before_sync] is nullptr, skipping pointcloud publish.
[component_container_mt-1] [WARN] [1785815782.533853772] [sensing.lidar.concatenate_data]: transformed_raw_points[/sensing/lidar/left/pointcloud_before_sync] is nullptr, skipping pointcloud publish.
[autoware_ndt_scan_matcher_node-24] [INFO] [1785815782.534326897] [localization.pose_estimator.ndt_scan_matcher]: Mismatch between pose timestamp and current timestamp
[autoware_mrm_handler_node-13] [INFO] [1785815782.585318967] [system.mrm_handler]: MRM State changed: NORMAL -> MRM_OPERATING
[autoware_mrm_handler_node-13] [WARN] [1785815782.585539474] [system.mrm_handler]: EMERGENCY_STOP is operated.
[component_container_mt-48] [INFO] [1785815782.634041003] [control.trajectory_follower.lane_departure_checker_node]: waiting for route msg...
[component_container_mt-1] [WARN] [1785815782.634063547] [sensing.lidar.concatenate_data]: transformed_raw_points[/sensing/lidar/right/pointcloud_before_sync] is nullptr, skipping pointcloud publish.
[component_container_mt-1] [WARN] [1785815782.634101677] [sensing.lidar.concatenate_data]: transformed_raw_points[/sensing/lidar/left/pointcloud_before_sync] is nullptr, skipping pointcloud publish.
[autoware_ndt_scan_matcher_node-24] [INFO] [1785815782.634548890] [localization.pose_estimator.ndt_scan_matcher]: Mismatch between pose timestamp and current timestamp
[component_container-18] [WARN] [1785815782.641458315] [sensing.lidar.top.distortion_corrector_node]: IMU time_stamp is too late. Could not interpolate.
[autoware_scenario_selector_node-36] [INFO] [1785815782.683426325] [planning.scenario_planning.scenario_selector]: Waiting for route.
[autoware_mrm_handler_node-13] [INFO] [1785815782.683858198] [system.mrm_handler]: MRM State changed: MRM_OPERATING -> MRM_SUCCEEDED
[component_container_mt-1] [WARN] [1785815782.734144452] [sensing.lidar.concatenate_data]: transformed_raw_points[/sensing/lidar/right/pointcloud_before_sync] is nullptr, skipping pointcloud publish.
[component_container_mt-1] [WARN] [1785815782.734192564] [sensing.lidar.concatenate_data]: transformed_raw_points[/sensing/lidar/left/pointcloud_before_sync] is nullptr, skipping pointcloud publish.
[autoware_ndt_scan_matcher_node-24] [INFO] [1785815782.734701511] [localization.pose_estimator.ndt_scan_matcher]: Mismatch between pose timestamp and current timestamp
[component_container_mt-47] [WARN] [1785815782.734815138] [control.vehicle_cmd_gate]: Emergency!
[autoware_mrm_handler_node-13] [INFO] [1785815782.784126648] [system.mrm_handler]: MRM State changed: MRM_SUCCEEDED -> NORMAL
[autoware_mrm_handler_node-13] [WARN] [1785815782.784290947] [system.mrm_handler]: EMERGENCY_STOP is canceled.
[component_container_mt-1] [WARN] [1785815782.834002666] [sensing.lidar.concatenate_data]: transformed_raw_points[/sensing/lidar/right/pointcloud_before_sync] is nullptr, skipping pointcloud publish.
[component_container_mt-1] [WARN] [1785815782.834051842] [sensing.lidar.concatenate_data]: transformed_raw_points[/sensing/lidar/left/pointcloud_before_sync] is nullptr, skipping pointcloud publish.
[autoware_ndt_scan_matcher_node-24] [INFO] [1785815782.834566573] [localization.pose_estimator.ndt_scan_matcher]: Mismatch between pose timestamp and current timestamp
[component_container_mt-1] [WARN] [1785815782.933988358] [sensing.lidar.concatenate_data]: transformed_raw_points[/sensing/lidar/right/pointcloud_before_sync] is nullptr, skipping pointcloud publish.
[component_container_mt-1] [WARN] [1785815782.934037755] [sensing.lidar.concatenate_data]: transformed_raw_points[/sensing/lidar/left/pointcloud_before_sync] is nullptr, skipping pointcloud publish.
[autoware_ndt_scan_matcher_node-24] [INFO] [1785815782.934569307] [localization.pose_estimator.ndt_scan_matcher]: Mismatch between pose timestamp and current timestamp
[component_container_mt-1] [WARN] [1785815783.034068801] [sensing.lidar.concatenate_data]: transformed_raw_points[/sensing/lidar/right/pointcloud_before_sync] is nullptr, skipping pointcloud publish.
[component_container_mt-1] [WARN] [1785815783.034119117] [sensing.lidar.concatenate_data]: transformed_raw_points[/sensing/lidar/left/pointcloud_before_sync] is nullptr, skipping pointcloud publish.
[autoware_ndt_scan_matcher_node-24] [INFO] [1785815783.035254499] [localization.pose_estimator.ndt_scan_matcher]: Mismatch between pose timestamp and current timestamp
[component_container-7] [INFO] [1785815783.084066188] [system.topic_state_monitor_scenario_planning_trajectory]: /planning/trajectory has not received. Set ERROR in diagnostics.
[component_container_mt-1] [WARN] [1785815783.133761954] [sensing.lidar.concatenate_data]: transformed_raw_points[/sensing/lidar/right/pointcloud_before_sync] is nullptr, skipping pointcloud publish.
[component_container_mt-1] [WARN] [1785815783.133809456] [sensing.lidar.concatenate_data]: transformed_raw_points[/sensing/lidar/left/pointcloud_before_sync] is nullptr, skipping pointcloud publish.
[autoware_ndt_scan_matcher_node-24] [INFO] [1785815783.134503935] [localization.pose_estimator.ndt_scan_matcher]: Mismatch between pose timestamp and current timestamp
[component_container_mt-1] [WARN] [1785815783.233699701] [sensing.lidar.concatenate_data]: transformed_raw_points[/sensing/lidar/right/pointcloud_before_sync] is nullptr, skipping pointcloud publish.
[component_container_mt-1] [WARN] [1785815783.233747830] [sensing.lidar.concatenate_data]: transformed_raw_points[/sensing/lidar/left/pointcloud_before_sync] is nullptr, skipping pointcloud publish.
[autoware_ndt_scan_matcher_node-24] [INFO] [1785815783.234517227] [localization.pose_estimator.ndt_scan_matcher]: Mismatch between pose timestamp and current timestamp
[component_container_mt-1] [WARN] [1785815783.333749995] [sensing.lidar.concatenate_data]: transformed_raw_points[/sensing/lidar/right/pointcloud_before_sync] is nullptr, skipping pointcloud publish.
[component_container_mt-1] [WARN] [1785815783.333796599] [sensing.lidar.concatenate_data]: transformed_raw_points[/sensing/lidar/left/pointcloud_before_sync] is nullptr, skipping pointcloud publish.
[autoware_ndt_scan_matcher_node-24] [INFO] [1785815783.334507476] [localization.pose_estimator.ndt_scan_matcher]: Mismatch between pose timestamp and current timestamp
[component_container_mt-1] [WARN] [1785815783.433638212] [sensing.lidar.concatenate_data]: transformed_raw_points[/sensing/lidar/right/pointcloud_before_sync] is nullptr, skipping pointcloud publish.
[component_container_mt-1] [WARN] [1785815783.433686641] [sensing.lidar.concatenate_data]: transformed_raw_points[/sensing/lidar/left/pointcloud_before_sync] is nullptr, skipping pointcloud publish.
[autoware_ndt_scan_matcher_node-24] [INFO] [1785815783.434358795] [localization.pose_estimator.ndt_scan_matcher]: Mismatch between pose timestamp and current timestamp
[component_container_mt-1] [WARN] [1785815783.534024335] [sensing.lidar.concatenate_data]: transformed_raw_points[/sensing/lidar/right/pointcloud_before_sync] is nullptr, skipping pointcloud publish.
[component_container_mt-1] [WARN] [1785815783.534066780] [sensing.lidar.concatenate_data]: transformed_raw_points[/sensing/lidar/left/pointcloud_before_sync] is nullptr, skipping pointcloud publish.
[autoware_ndt_scan_matcher_node-24] [INFO] [1785815783.534689557] [localization.pose_estimator.ndt_scan_matcher]: Mismatch between pose timestamp and current timestamp
[component_container_mt-1] [WARN] [1785815783.633551803] [sensing.lidar.concatenate_data]: transformed_raw_points[/sensing/lidar/right/pointcloud_before_sync] is nullptr, skipping pointcloud publish.
[component_container_mt-1] [WARN] [1785815783.633600501] [sensing.lidar.concatenate_data]: transformed_raw_points[/sensing/lidar/left/pointcloud_before_sync] is nullptr, skipping pointcloud publish.
[autoware_ndt_scan_matcher_node-24] [INFO] [1785815783.634509074] [localization.pose_estimator.ndt_scan_matcher]: Mismatch between pose timestamp and current timestamp
[autoware_mrm_handler_node-13] [INFO] [1785815783.683674212] [system.mrm_handler]: MRM State changed: NORMAL -> MRM_OPERATING
[autoware_mrm_handler_node-13] [WARN] [1785815783.683843201] [system.mrm_handler]: EMERGENCY_STOP is operated.
[component_container_mt-1] [WARN] [1785815783.733832199] [sensing.lidar.concatenate_data]: transformed_raw_points[/sensing/lidar/right/pointcloud_before_sync] is nullptr, skipping pointcloud publish.
[component_container_mt-1] [WARN] [1785815783.733881115] [sensing.lidar.concatenate_data]: transformed_raw_points[/sensing/lidar/left/pointcloud_before_sync] is nullptr, skipping pointcloud publish.
[autoware_ndt_scan_matcher_node-24] [INFO] [1785815783.734518148] [localization.pose_estimator.ndt_scan_matcher]: Mismatch between pose timestamp and current timestamp
[component_container_mt-47] [WARN] [1785815783.735217683] [control.vehicle_cmd_gate]: Emergency!
[autoware_mrm_handler_node-13] [INFO] [1785815783.783392293] [system.mrm_handler]: MRM State changed: MRM_OPERATING -> NORMAL
[autoware_mrm_handler_node-13] [WARN] [1785815783.783814032] [system.mrm_handler]: EMERGENCY_STOP is canceled.
[component_container_mt-1] [WARN] [1785815783.833803560] [sensing.lidar.concatenate_data]: transformed_raw_points[/sensing/lidar/right/pointcloud_before_sync] is nullptr, skipping pointcloud publish.
[component_container_mt-1] [WARN] [1785815783.833851218] [sensing.lidar.concatenate_data]: transformed_raw_points[/sensing/lidar/left/pointcloud_before_sync] is nullptr, skipping pointcloud publish.
[autoware_ndt_scan_matcher_node-24] [INFO] [1785815783.834480368] [localization.pose_estimator.ndt_scan_matcher]: Mismatch between pose timestamp and current timestamp
[component_container_mt-1] [WARN] [1785815783.933960378] [sensing.lidar.concatenate_data]: transformed_raw_points[/sensing/lidar/right/pointcloud_before_sync] is nullptr, skipping pointcloud publish.
[component_container_mt-1] [WARN] [1785815783.934001908] [sensing.lidar.concatenate_data]: transformed_raw_points[/sensing/lidar/left/pointcloud_before_sync] is nullptr, skipping pointcloud publish.
[autoware_ndt_scan_matcher_node-24] [INFO] [1785815783.934547435] [localization.pose_estimator.ndt_scan_matcher]: Mismatch between pose timestamp and current timestamp
[component_container_mt-1] [WARN] [1785815784.034727505] [sensing.lidar.concatenate_data]: transformed_raw_points[/sensing/lidar/right/pointcloud_before_sync] is nullptr, skipping pointcloud publish.
[component_container_mt-1] [WARN] [1785815784.034765473] [sensing.lidar.concatenate_data]: transformed_raw_points[/sensing/lidar/left/pointcloud_before_sync] is nullptr, skipping pointcloud publish.
[autoware_ndt_scan_matcher_node-24] [INFO] [1785815784.035736698] [localization.pose_estimator.ndt_scan_matcher]: Mismatch between pose timestamp and current timestamp
[component_container_mt-1] [WARN] [1785815784.134150341] [sensing.lidar.concatenate_data]: transformed_raw_points[/sensing/lidar/right/pointcloud_before_sync] is nullptr, skipping pointcloud publish.
[component_container_mt-1] [WARN] [1785815784.134197295] [sensing.lidar.concatenate_data]: transformed_raw_points[/sensing/lidar/left/pointcloud_before_sync] is nullptr, skipping pointcloud publish.
[autoware_ndt_scan_matcher_node-24] [INFO] [1785815784.134999274] [localization.pose_estimator.ndt_scan_matcher]: Mismatch between pose timestamp and current timestamp
[component_container_mt-1] [WARN] [1785815784.233981558] [sensing.lidar.concatenate_data]: transformed_raw_points[/sensing/lidar/right/pointcloud_before_sync] is nullptr, skipping pointcloud publish.
[component_container_mt-1] [WARN] [1785815784.234028016] [sensing.lidar.concatenate_data]: transformed_raw_points[/sensing/lidar/left/pointcloud_before_sync] is nullptr, skipping pointcloud publish.
[autoware_ndt_scan_matcher_node-24] [INFO] [1785815784.234623305] [localization.pose_estimator.ndt_scan_matcher]: Mismatch between pose timestamp and current timestamp
[component_container_mt-1] [WARN] [1785815784.334183370] [sensing.lidar.concatenate_data]: transformed_raw_points[/sensing/lidar/right/pointcloud_before_sync] is nullptr, skipping pointcloud publish.
[component_container_mt-1] [WARN] [1785815784.334230423] [sensing.lidar.concatenate_data]: transformed_raw_points[/sensing/lidar/left/pointcloud_before_sync] is nullptr, skipping pointcloud publish.
[autoware_ndt_scan_matcher_node-24] [INFO] [1785815784.335459546] [localization.pose_estimator.ndt_scan_matcher]: Mismatch between pose timestamp and current timestamp
[component_container_mt-1] [WARN] [1785815784.433844249] [sensing.lidar.concatenate_data]: transformed_raw_points[/sensing/lidar/right/pointcloud_before_sync] is nullptr, skipping pointcloud publish.
[component_container_mt-1] [WARN] [1785815784.433895338] [sensing.lidar.concatenate_data]: transformed_raw_points[/sensing/lidar/left/pointcloud_before_sync] is nullptr, skipping pointcloud publish.
[autoware_ndt_scan_matcher_node-24] [INFO] [1785815784.434444766] [localization.pose_estimator.ndt_scan_matcher]: Mismatch between pose timestamp and current timestamp
[component_container_mt-1] [WARN] [1785815784.534360251] [sensing.lidar.concatenate_data]: transformed_raw_points[/sensing/lidar/right/pointcloud_before_sync] is nullptr, skipping pointcloud publish.
[component_container_mt-1] [WARN] [1785815784.534406229] [sensing.lidar.concatenate_data]: transformed_raw_points[/sensing/lidar/left/pointcloud_before_sync] is nullptr, skipping pointcloud publish.
[autoware_ndt_scan_matcher_node-24] [INFO] [1785815784.534884610] [localization.pose_estimator.ndt_scan_matcher]: Mismatch between pose timestamp and current timestamp
[component_container_mt-1] [WARN] [1785815784.633777896] [sensing.lidar.concatenate_data]: transformed_raw_points[/sensing/lidar/right/pointcloud_before_sync] is nullptr, skipping pointcloud publish.
[component_container_mt-1] [WARN] [1785815784.633820741] [sensing.lidar.concatenate_data]: transformed_raw_points[/sensing/lidar/left/pointcloud_before_sync] is nullptr, skipping pointcloud publish.
[autoware_ndt_scan_matcher_node-24] [INFO] [1785815784.634627519] [localization.pose_estimator.ndt_scan_matcher]: Mismatch between pose timestamp and current timestamp
[autoware_mrm_handler_node-13] [INFO] [1785815784.683951620] [system.mrm_handler]: MRM State changed: NORMAL -> MRM_OPERATING
[autoware_mrm_handler_node-13] [WARN] [1785815784.684358252] [system.mrm_handler]: EMERGENCY_STOP is operated.
[component_container_mt-47] [WARN] [1785815784.733955450] [control.vehicle_cmd_gate]: Emergency!
[component_container_mt-1] [WARN] [1785815784.734288510] [sensing.lidar.concatenate_data]: transformed_raw_points[/sensing/lidar/right/pointcloud_before_sync] is nullptr, skipping pointcloud publish.
[component_container_mt-1] [WARN] [1785815784.734320649] [sensing.lidar.concatenate_data]: transformed_raw_points[/sensing/lidar/left/pointcloud_before_sync] is nullptr, skipping pointcloud publish.
[autoware_ndt_scan_matcher_node-24] [INFO] [1785815784.734769213] [localization.pose_estimator.ndt_scan_matcher]: Mismatch between pose timestamp and current timestamp
[logging_node-14] [WARN] [1785815784.783598030] [logging_diag_graph]: The target mode is not available for the following reasons:
[logging_node-14] - /autoware/modes/autonomous ERROR
[logging_node-14]     - /autoware/planning ERROR
[logging_node-14]         - /autoware/planning/routing/state ERROR
[logging_node-14]         - [anonymous group] ERROR
[logging_node-14]             - /autoware/planning/topic_rate_check/route ERROR
[logging_node-14]             - /autoware/planning/topic_rate_check/trajectory ERROR
[logging_node-14]     - /autoware/control ERROR
[logging_node-14]         - /autoware/control/topic_rate_check/trajectory_follower ERROR
[logging_node-14]         - /autoware/control/topic_rate_check/control_command WARN 
[logging_node-14] 
[autoware_mrm_handler_node-13] [INFO] [1785815784.783701846] [system.mrm_handler]: MRM State changed: MRM_OPERATING -> NORMAL
[autoware_mrm_handler_node-13] [WARN] [1785815784.783937834] [system.mrm_handler]: EMERGENCY_STOP is canceled.
[component_container_mt-1] [WARN] [1785815784.833953137] [sensing.lidar.concatenate_data]: transformed_raw_points[/sensing/lidar/right/pointcloud_before_sync] is nullptr, skipping pointcloud publish.
[component_container_mt-1] [WARN] [1785815784.833997623] [sensing.lidar.concatenate_data]: transformed_raw_points[/sensing/lidar/left/pointcloud_before_sync] is nullptr, skipping pointcloud publish.
[autoware_ndt_scan_matcher_node-24] [INFO] [1785815784.834126526] [localization.pose_estimator.ndt_scan_matcher]: Mismatch between pose timestamp and current timestamp
[component_container_mt-1] [WARN] [1785815784.933688806] [sensing.lidar.concatenate_data]: transformed_raw_points[/sensing/lidar/right/pointcloud_before_sync] is nullptr, skipping pointcloud publish.
[component_container_mt-1] [WARN] [1785815784.933732049] [sensing.lidar.concatenate_data]: transformed_raw_points[/sensing/lidar/left/pointcloud_before_sync] is nullptr, skipping pointcloud publish.
[autoware_ndt_scan_matcher_node-24] [INFO] [1785815784.934252615] [localization.pose_estimator.ndt_scan_matcher]: Mismatch between pose timestamp and current timestamp
[component_container_mt-1] [WARN] [1785815785.033966904] [sensing.lidar.concatenate_data]: transformed_raw_points[/sensing/lidar/right/pointcloud_before_sync] is nullptr, skipping pointcloud publish.
[component_container_mt-1] [WARN] [1785815785.034015968] [sensing.lidar.concatenate_data]: transformed_raw_points[/sensing/lidar/left/pointcloud_before_sync] is nullptr, skipping pointcloud publish.
[autoware_ndt_scan_matcher_node-24] [INFO] [1785815785.034694629] [localization.pose_estimator.ndt_scan_matcher]: Mismatch between pose timestamp and current timestamp
[component_container_mt-1] [WARN] [1785815785.133969824] [sensing.lidar.concatenate_data]: transformed_raw_points[/sensing/lidar/right/pointcloud_before_sync] is nullptr, skipping pointcloud publish.
[component_container_mt-1] [WARN] [1785815785.134011808] [sensing.lidar.concatenate_data]: transformed_raw_points[/sensing/lidar/left/pointcloud_before_sync] is nullptr, skipping pointcloud publish.
[component_container-7] [WARN] [1785815785.134100100] [system.topic_state_monitor_control_command_control_cmd]: /control/command/control_cmd topic rate has dropped to the warning level. Set WARN in diagnostics.
[autoware_ndt_scan_matcher_node-24] [INFO] [1785815785.134568758] [localization.pose_estimator.ndt_scan_matcher]: Mismatch between pose timestamp and current timestamp
[component_container_mt-47] [INFO] [1785815785.184149568] [control.trajectory_follower.controller_node_exe]: Waiting for trajectory data
[component_container_mt-47] [INFO] [1785815785.184752744] [control.trajectory_follower.controller_node_exe]: Control is skipped since input data is not ready.
[component_container_mt-1] [WARN] [1785815785.234513494] [sensing.lidar.concatenate_data]: transformed_raw_points[/sensing/lidar/right/pointcloud_before_sync] is nullptr, skipping pointcloud publish.
[component_container_mt-1] [WARN] [1785815785.234558126] [sensing.lidar.concatenate_data]: transformed_raw_points[/sensing/lidar/left/pointcloud_before_sync] is nullptr, skipping pointcloud publish.
[autoware_ndt_scan_matcher_node-24] [INFO] [1785815785.236414867] [localization.pose_estimator.ndt_scan_matcher]: Mismatch between pose timestamp and current timestamp
[component_container_mt-1] [WARN] [1785815785.334226118] [sensing.lidar.concatenate_data]: transformed_raw_points[/sensing/lidar/right/pointcloud_before_sync] is nullptr, skipping pointcloud publish.
[component_container_mt-1] [WARN] [1785815785.334268190] [sensing.lidar.concatenate_data]: transformed_raw_points[/sensing/lidar/left/pointcloud_before_sync] is nullptr, skipping pointcloud publish.
[autoware_ndt_scan_matcher_node-24] [INFO] [1785815785.334842170] [localization.pose_estimator.ndt_scan_matcher]: Mismatch between pose timestamp and current timestamp
[component_container-18] [WARN] [1785815785.340236727] [sensing.lidar.top.crop_box_filter_self]: Invalid PointCloud: is_dense is false. The point cloud should be organized (dense) and contain only valid points. This will be an ERROR starting in 2026 JulyFrame: 'velodyne_top', Stamp: 49.785701694
[component_container_mt-1] [WARN] [1785815785.434267443] [sensing.lidar.concatenate_data]: transformed_raw_points[/sensing/lidar/right/pointcloud_before_sync] is nullptr, skipping pointcloud publish.
[component_container_mt-1] [WARN] [1785815785.434313883] [sensing.lidar.concatenate_data]: transformed_raw_points[/sensing/lidar/left/pointcloud_before_sync] is nullptr, skipping pointcloud publish.
[autoware_ndt_scan_matcher_node-24] [INFO] [1785815785.434790382] [localization.pose_estimator.ndt_scan_matcher]: Mismatch between pose timestamp and current timestamp
[component_container_mt-1] [WARN] [1785815785.533747041] [sensing.lidar.concatenate_data]: transformed_raw_points[/sensing/lidar/right/pointcloud_before_sync] is nullptr, skipping pointcloud publish.
[component_container_mt-1] [WARN] [1785815785.533793210] [sensing.lidar.concatenate_data]: transformed_raw_points[/sensing/lidar/left/pointcloud_before_sync] is nullptr, skipping pointcloud publish.
[autoware_ndt_scan_matcher_node-24] [INFO] [1785815785.534299168] [localization.pose_estimator.ndt_scan_matcher]: Mismatch between pose timestamp and current timestamp
[component_container_mt-1] [WARN] [1785815785.634010526] [sensing.lidar.concatenate_data]: transformed_raw_points[/sensing/lidar/right/pointcloud_before_sync] is nullptr, skipping pointcloud publish.
[component_container_mt-1] [WARN] [1785815785.634061521] [sensing.lidar.concatenate_data]: transformed_raw_points[/sensing/lidar/left/pointcloud_before_sync] is nullptr, skipping pointcloud publish.
[autoware_ndt_scan_matcher_node-24] [INFO] [1785815785.634531647] [localization.pose_estimator.ndt_scan_matcher]: Mismatch between pose timestamp and current timestamp
[autoware_mrm_handler_node-13] [INFO] [1785815785.683921549] [system.mrm_handler]: MRM State changed: NORMAL -> MRM_OPERATING
[autoware_mrm_handler_node-13] [WARN] [1785815785.684142755] [system.mrm_handler]: EMERGENCY_STOP is operated.
[component_container_mt-1] [WARN] [1785815785.733461345] [sensing.lidar.concatenate_data]: transformed_raw_points[/sensing/lidar/right/pointcloud_before_sync] is nullptr, skipping pointcloud publish.
[component_container_mt-1] [WARN] [1785815785.733509193] [sensing.lidar.concatenate_data]: transformed_raw_points[/sensing/lidar/left/pointcloud_before_sync] is nullptr, skipping pointcloud publish.
[autoware_ndt_scan_matcher_node-24] [INFO] [1785815785.734436745] [localization.pose_estimator.ndt_scan_matcher]: Mismatch between pose timestamp and current timestamp
[component_container_mt-47] [WARN] [1785815785.734484912] [control.vehicle_cmd_gate]: Emergency!
[component_container_mt-48] [INFO] [1785815785.734839758] [control.control_validator]: waiting for /planning/trajectory
[component_container_mt-1] [WARN] [1785815785.742991857] [localization.util.crop_box_filter_measurement_range]: Invalid PointCloud: row_step mismatch. Expected: 99584 (width 6224 * point_step 16), Got: 0. Frame: 'base_link', Stamp: 50.185701700 Please fill in the `cloud->row_step` field accordingly. This will be an ERROR starting in 2026 July
[autoware_mrm_handler_node-13] [INFO] [1785815785.783562300] [system.mrm_handler]: MRM State changed: MRM_OPERATING -> NORMAL
[autoware_mrm_handler_node-13] [WARN] [1785815785.785381820] [system.mrm_handler]: EMERGENCY_STOP is canceled.
[component_container_mt-1] [WARN] [1785815785.833932795] [sensing.lidar.concatenate_data]: transformed_raw_points[/sensing/lidar/right/pointcloud_before_sync] is nullptr, skipping pointcloud publish.
[component_container_mt-1] [WARN] [1785815785.833983535] [sensing.lidar.concatenate_data]: transformed_raw_points[/sensing/lidar/left/pointcloud_before_sync] is nullptr, skipping pointcloud publish.
[autoware_ndt_scan_matcher_node-24] [INFO] [1785815785.835311297] [localization.pose_estimator.ndt_scan_matcher]: Mismatch between pose timestamp and current timestamp
[component_container_mt-1] [WARN] [1785815785.934056050] [sensing.lidar.concatenate_data]: transformed_raw_points[/sensing/lidar/right/pointcloud_before_sync] is nullptr, skipping pointcloud publish.
[component_container_mt-40] [INFO] [1785815785.934206532] [planning.scenario_planning.lane_driving.behavior_planning.behavior_path_planner]: waiting for scenario_topic
[autoware_ndt_scan_matcher_node-24] [INFO] [1785815785.934611457] [localization.pose_estimator.ndt_scan_matcher]: Mismatch between pose timestamp and current timestamp
[component_container_mt-1] [WARN] [1785815785.934728604] [sensing.lidar.concatenate_data]: transformed_raw_points[/sensing/lidar/left/pointcloud_before_sync] is nullptr, skipping pointcloud publish.
[component_container_mt-1] [WARN] [1785815786.033611108] [sensing.lidar.concatenate_data]: transformed_raw_points[/sensing/lidar/right/pointcloud_before_sync] is nullptr, skipping pointcloud publish.
[component_container_mt-1] [WARN] [1785815786.033661604] [sensing.lidar.concatenate_data]: transformed_raw_points[/sensing/lidar/left/pointcloud_before_sync] is nullptr, skipping pointcloud publish.
[autoware_ndt_scan_matcher_node-24] [INFO] [1785815786.034897651] [localization.pose_estimator.ndt_scan_matcher]: Mismatch between pose timestamp and current timestamp
[component_container-7] [INFO] [1785815786.084096983] [system.topic_state_monitor_mission_planning_route]: /planning/mission_planning/route has not received. Set ERROR in diagnostics.
[component_container_mt-47] [INFO] [1785815786.134223794] [control.vehicle_cmd_gate]: The operation mode is changed, but the GearCommand is not received yet:
[component_container_mt-1] [WARN] [1785815786.134330457] [sensing.lidar.concatenate_data]: transformed_raw_points[/sensing/lidar/right/pointcloud_before_sync] is nullptr, skipping pointcloud publish.
[component_container_mt-1] [WARN] [1785815786.134363266] [sensing.lidar.concatenate_data]: transformed_raw_points[/sensing/lidar/left/pointcloud_before_sync] is nullptr, skipping pointcloud publish.
[autoware_ndt_scan_matcher_node-24] [INFO] [1785815786.134797311] [localization.pose_estimator.ndt_scan_matcher]: Mismatch between pose timestamp and current timestamp
[component_container_mt-1] [WARN] [1785815786.234427754] [sensing.lidar.concatenate_data]: transformed_raw_points[/sensing/lidar/right/pointcloud_before_sync] is nullptr, skipping pointcloud publish.
[component_container_mt-1] [WARN] [1785815786.234474380] [sensing.lidar.concatenate_data]: transformed_raw_points[/sensing/lidar/left/pointcloud_before_sync] is nullptr, skipping pointcloud publish.
[autoware_ndt_scan_matcher_node-24] [INFO] [1785815786.235132206] [localization.pose_estimator.ndt_scan_matcher]: Mismatch between pose timestamp and current timestamp
[component_container_mt-48] [INFO] [1785815786.284036791] [control.autonomous_emergency_braking]: [AEB] waiting for control predicted trajectory
[component_container_mt-1] [WARN] [1785815786.333977901] [sensing.lidar.concatenate_data]: transformed_raw_points[/sensing/lidar/right/pointcloud_before_sync] is nullptr, skipping pointcloud publish.
[component_container_mt-1] [WARN] [1785815786.334020755] [sensing.lidar.concatenate_data]: transformed_raw_points[/sensing/lidar/left/pointcloud_before_sync] is nullptr, skipping pointcloud publish.
[autoware_ndt_scan_matcher_node-24] [INFO] [1785815786.334600147] [localization.pose_estimator.ndt_scan_matcher]: Mismatch between pose timestamp and current timestamp
[component_container_mt-1] [WARN] [1785815786.434325728] [sensing.lidar.concatenate_data]: transformed_raw_points[/sensing/lidar/right/pointcloud_before_sync] is nullptr, skipping pointcloud publish.
[component_container_mt-1] [WARN] [1785815786.434366779] [sensing.lidar.concatenate_data]: transformed_raw_points[/sensing/lidar/left/pointcloud_before_sync] is nullptr, skipping pointcloud publish.
[autoware_ndt_scan_matcher_node-24] [INFO] [1785815786.434996226] [localization.pose_estimator.ndt_scan_matcher]: Mismatch between pose timestamp and current timestamp
[component_container_mt-1] [WARN] [1785815786.533944942] [sensing.lidar.concatenate_data]: transformed_raw_points[/sensing/lidar/right/pointcloud_before_sync] is nullptr, skipping pointcloud publish.
[component_container_mt-1] [WARN] [1785815786.534748442] [sensing.lidar.concatenate_data]: transformed_raw_points[/sensing/lidar/left/pointcloud_before_sync] is nullptr, skipping pointcloud publish.
[autoware_ndt_scan_matcher_node-24] [INFO] [1785815786.534880900] [localization.pose_estimator.ndt_scan_matcher]: Mismatch between pose timestamp and current timestamp
[component_container_mt-1] [WARN] [1785815786.634196328] [sensing.lidar.concatenate_data]: transformed_raw_points[/sensing/lidar/right/pointcloud_before_sync] is nullptr, skipping pointcloud publish.
[component_container_mt-1] [WARN] [1785815786.634239738] [sensing.lidar.concatenate_data]: transformed_raw_points[/sensing/lidar/left/pointcloud_before_sync] is nullptr, skipping pointcloud publish.
[autoware_ndt_scan_matcher_node-24] [INFO] [1785815786.634951925] [localization.pose_estimator.ndt_scan_matcher]: Mismatch between pose timestamp and current timestamp
[component_container_mt-1] [WARN] [1785815786.734233949] [sensing.lidar.concatenate_data]: transformed_raw_points[/sensing/lidar/right/pointcloud_before_sync] is nullptr, skipping pointcloud publish.
[component_container_mt-1] [WARN] [1785815786.734280548] [sensing.lidar.concatenate_data]: transformed_raw_points[/sensing/lidar/left/pointcloud_before_sync] is nullptr, skipping pointcloud publish.
[autoware_ndt_scan_matcher_node-24] [INFO] [1785815786.734852346] [localization.pose_estimator.ndt_scan_matcher]: Mismatch between pose timestamp and current timestamp
[component_container_mt-1] [WARN] [1785815786.834380696] [sensing.lidar.concatenate_data]: transformed_raw_points[/sensing/lidar/right/pointcloud_before_sync] is nullptr, skipping pointcloud publish.
[component_container_mt-1] [WARN] [1785815786.834424118] [sensing.lidar.concatenate_data]: transformed_raw_points[/sensing/lidar/left/pointcloud_before_sync] is nullptr, skipping pointcloud publish.
[autoware_ndt_scan_matcher_node-24] [INFO] [1785815786.834940066] [localization.pose_estimator.ndt_scan_matcher]: Mismatch between pose timestamp and current timestamp
[component_container_mt-1] [WARN] [1785815786.934450752] [sensing.lidar.concatenate_data]: transformed_raw_points[/sensing/lidar/right/pointcloud_before_sync] is nullptr, skipping pointcloud publish.
[component_container_mt-1] [WARN] [1785815786.934498390] [sensing.lidar.concatenate_data]: transformed_raw_points[/sensing/lidar/left/pointcloud_before_sync] is nullptr, skipping pointcloud publish.
[autoware_ndt_scan_matcher_node-24] [INFO] [1785815786.935050685] [localization.pose_estimator.ndt_scan_matcher]: Mismatch between pose timestamp and current timestamp
[component_container_mt-1] [WARN] [1785815787.034550312] [sensing.lidar.concatenate_data]: transformed_raw_points[/sensing/lidar/right/pointcloud_before_sync] is nullptr, skipping pointcloud publish.
[component_container_mt-1] [WARN] [1785815787.034592743] [sensing.lidar.concatenate_data]: transformed_raw_points[/sensing/lidar/left/pointcloud_before_sync] is nullptr, skipping pointcloud publish.
[autoware_ndt_scan_matcher_node-24] [INFO] [1785815787.035147700] [localization.pose_estimator.ndt_scan_matcher]: Mismatch between pose timestamp and current timestamp
[component_container_mt-1] [WARN] [1785815787.134613269] [sensing.lidar.concatenate_data]: transformed_raw_points[/sensing/lidar/right/pointcloud_before_sync] is nullptr, skipping pointcloud publish.
[component_container_mt-1] [WARN] [1785815787.134658982] [sensing.lidar.concatenate_data]: transformed_raw_points[/sensing/lidar/left/pointcloud_before_sync] is nullptr, skipping pointcloud publish.
[autoware_ndt_scan_matcher_node-24] [INFO] [1785815787.136404260] [localization.pose_estimator.ndt_scan_matcher]: Mismatch between pose timestamp and current timestamp
[component_container_mt-1] [WARN] [1785815787.234145956] [sensing.lidar.concatenate_data]: transformed_raw_points[/sensing/lidar/right/pointcloud_before_sync] is nullptr, skipping pointcloud publish.
[component_container_mt-1] [WARN] [1785815787.234186968] [sensing.lidar.concatenate_data]: transformed_raw_points[/sensing/lidar/left/pointcloud_before_sync] is nullptr, skipping pointcloud publish.
[autoware_ndt_scan_matcher_node-24] [INFO] [1785815787.234976629] [localization.pose_estimator.ndt_scan_matcher]: Mismatch between pose timestamp and current timestamp
[component_container_mt-1] [WARN] [1785815787.334066840] [sensing.lidar.concatenate_data]: transformed_raw_points[/sensing/lidar/right/pointcloud_before_sync] is nullptr, skipping pointcloud publish.
[component_container_mt-1] [WARN] [1785815787.334113370] [sensing.lidar.concatenate_data]: transformed_raw_points[/sensing/lidar/left/pointcloud_before_sync] is nullptr, skipping pointcloud publish.
[autoware_ndt_scan_matcher_node-24] [INFO] [1785815787.334676366] [localization.pose_estimator.ndt_scan_matcher]: Mismatch between pose timestamp and current timestamp
[component_container_mt-1] [WARN] [1785815787.433677724] [sensing.lidar.concatenate_data]: transformed_raw_points[/sensing/lidar/right/pointcloud_before_sync] is nullptr, skipping pointcloud publish.
[component_container_mt-1] [WARN] [1785815787.433728073] [sensing.lidar.concatenate_data]: transformed_raw_points[/sensing/lidar/left/pointcloud_before_sync] is nullptr, skipping pointcloud publish.
[autoware_ndt_scan_matcher_node-24] [INFO] [1785815787.434246054] [localization.pose_estimator.ndt_scan_matcher]: Mismatch between pose timestamp and current timestamp
[component_container_mt-1] [WARN] [1785815787.533841600] [sensing.lidar.concatenate_data]: transformed_raw_points[/sensing/lidar/right/pointcloud_before_sync] is nullptr, skipping pointcloud publish.
[component_container_mt-1] [WARN] [1785815787.533886986] [sensing.lidar.concatenate_data]: transformed_raw_points[/sensing/lidar/left/pointcloud_before_sync] is nullptr, skipping pointcloud publish.
[autoware_ndt_scan_matcher_node-24] [INFO] [1785815787.534491540] [localization.pose_estimator.ndt_scan_matcher]: pose_buffer_.size() < 2
[component_container_mt-48] [INFO] [1785815787.633638288] [control.trajectory_follower.lane_departure_checker_node]: waiting for route msg...
[autoware_mrm_handler_node-13] [INFO] [1785815787.683614567] [system.mrm_handler]: MRM State changed: NORMAL -> MRM_OPERATING
[autoware_scenario_selector_node-36] [INFO] [1785815787.683798655] [planning.scenario_planning.scenario_selector]: Waiting for route.
[component_container_mt-1] [WARN] [1785815787.684113924] [sensing.lidar.concatenate_data]: transformed_raw_points[/sensing/lidar/right/pointcloud_before_sync] is nullptr, skipping pointcloud publish.
[component_container_mt-1] [WARN] [1785815787.684149541] [sensing.lidar.concatenate_data]: transformed_raw_points[/sensing/lidar/left/pointcloud_before_sync] is nullptr, skipping pointcloud publish.
[autoware_mrm_handler_node-13] [WARN] [1785815787.684635308] [system.mrm_handler]: EMERGENCY_STOP is operated.
[autoware_ndt_scan_matcher_node-24] [INFO] [1785815787.684655308] [localization.pose_estimator.ndt_scan_matcher]: Mismatch between pose timestamp and current timestamp
[component_container_mt-47] [WARN] [1785815787.734158440] [control.vehicle_cmd_gate]: Emergency!
[logging_node-14] [WARN] [1785815787.783406725] [logging_diag_graph]: The target mode is not available for the following reasons:
[logging_node-14] - /autoware/modes/autonomous ERROR
[logging_node-14]     - /autoware/planning ERROR
[logging_node-14]         - /autoware/planning/routing/state ERROR
[logging_node-14]         - [anonymous group] ERROR
[logging_node-14]             - /autoware/planning/topic_rate_check/route ERROR
[logging_node-14]             - /autoware/planning/topic_rate_check/trajectory ERROR
[logging_node-14]     - /autoware/control ERROR
[logging_node-14]         - /autoware/control/topic_rate_check/trajectory_follower ERROR
[logging_node-14]         - /autoware/control/topic_rate_check/control_command ERROR
[logging_node-14] 
[autoware_mrm_handler_node-13] [INFO] [1785815787.783543733] [system.mrm_handler]: MRM State changed: MRM_OPERATING -> NORMAL
[autoware_mrm_handler_node-13] [WARN] [1785815787.783798711] [system.mrm_handler]: EMERGENCY_STOP is canceled.
[component_container_mt-1] [WARN] [1785815787.783752905] [sensing.lidar.concatenate_data]: transformed_raw_points[/sensing/lidar/right/pointcloud_before_sync] is nullptr, skipping pointcloud publish.
[component_container_mt-1] [WARN] [1785815787.783789872] [sensing.lidar.concatenate_data]: transformed_raw_points[/sensing/lidar/left/pointcloud_before_sync] is nullptr, skipping pointcloud publish.
[autoware_ndt_scan_matcher_node-24] [INFO] [1785815787.784388661] [localization.pose_estimator.ndt_scan_matcher]: Mismatch between pose timestamp and current timestamp
[component_container_mt-1] [WARN] [1785815787.884045863] [sensing.lidar.concatenate_data]: transformed_raw_points[/sensing/lidar/right/pointcloud_before_sync] is nullptr, skipping pointcloud publish.
[component_container_mt-1] [WARN] [1785815787.884092926] [sensing.lidar.concatenate_data]: transformed_raw_points[/sensing/lidar/left/pointcloud_before_sync] is nullptr, skipping pointcloud publish.
[autoware_ndt_scan_matcher_node-24] [INFO] [1785815787.884608164] [localization.pose_estimator.ndt_scan_matcher]: Mismatch between pose timestamp and current timestamp
[component_container_mt-1] [WARN] [1785815787.983821106] [sensing.lidar.concatenate_data]: transformed_raw_points[/sensing/lidar/right/pointcloud_before_sync] is nullptr, skipping pointcloud publish.
[component_container_mt-1] [WARN] [1785815787.983871586] [sensing.lidar.concatenate_data]: transformed_raw_points[/sensing/lidar/left/pointcloud_before_sync] is nullptr, skipping pointcloud publish.
[autoware_ndt_scan_matcher_node-24] [INFO] [1785815787.984570018] [localization.pose_estimator.ndt_scan_matcher]: Mismatch between pose timestamp and current timestamp
[component_container_mt-1] [WARN] [1785815788.084180114] [sensing.lidar.concatenate_data]: transformed_raw_points[/sensing/lidar/right/pointcloud_before_sync] is nullptr, skipping pointcloud publish.
[component_container_mt-1] [WARN] [1785815788.084226368] [sensing.lidar.concatenate_data]: transformed_raw_points[/sensing/lidar/left/pointcloud_before_sync] is nullptr, skipping pointcloud publish.
[autoware_ndt_scan_matcher_node-24] [INFO] [1785815788.085294677] [localization.pose_estimator.ndt_scan_matcher]: Mismatch between pose timestamp and current timestamp
[component_container-7] [WARN] [1785815788.134093286] [system.topic_state_monitor_control_command_control_cmd]: /control/command/control_cmd topic rate has dropped to the warning level. Set WARN in diagnostics.
[component_container_mt-1] [WARN] [1785815788.184307222] [sensing.lidar.concatenate_data]: transformed_raw_points[/sensing/lidar/right/pointcloud_before_sync] is nullptr, skipping pointcloud publish.
[component_container_mt-1] [WARN] [1785815788.184354219] [sensing.lidar.concatenate_data]: transformed_raw_points[/sensing/lidar/left/pointcloud_before_sync] is nullptr, skipping pointcloud publish.
[autoware_ndt_scan_matcher_node-24] [INFO] [1785815788.185096804] [localization.pose_estimator.ndt_scan_matcher]: Mismatch between pose timestamp and current timestamp
[component_container_mt-1] [WARN] [1785815788.284594857] [sensing.lidar.concatenate_data]: transformed_raw_points[/sensing/lidar/right/pointcloud_before_sync] is nullptr, skipping pointcloud publish.
[component_container_mt-1] [WARN] [1785815788.284641834] [sensing.lidar.concatenate_data]: transformed_raw_points[/sensing/lidar/left/pointcloud_before_sync] is nullptr, skipping pointcloud publish.
[autoware_ndt_scan_matcher_node-24] [INFO] [1785815788.285082007] [localization.pose_estimator.ndt_scan_matcher]: Mismatch between pose timestamp and current timestamp
[component_container_mt-1] [WARN] [1785815788.384536920] [sensing.lidar.concatenate_data]: transformed_raw_points[/sensing/lidar/right/pointcloud_before_sync] is nullptr, skipping pointcloud publish.
[component_container_mt-1] [WARN] [1785815788.384581472] [sensing.lidar.concatenate_data]: transformed_raw_points[/sensing/lidar/left/pointcloud_before_sync] is nullptr, skipping pointcloud publish.
[autoware_ndt_scan_matcher_node-24] [INFO] [1785815788.385655747] [localization.pose_estimator.ndt_scan_matcher]: Mismatch between pose timestamp and current timestamp
[component_container_mt-1] [WARN] [1785815788.484489601] [sensing.lidar.concatenate_data]: transformed_raw_points[/sensing/lidar/right/pointcloud_before_sync] is nullptr, skipping pointcloud publish.
[component_container_mt-1] [WARN] [1785815788.484535888] [sensing.lidar.concatenate_data]: transformed_raw_points[/sensing/lidar/left/pointcloud_before_sync] is nullptr, skipping pointcloud publish.
[autoware_ndt_scan_matcher_node-24] [INFO] [1785815788.485204262] [localization.pose_estimator.ndt_scan_matcher]: Mismatch between pose timestamp and current timestamp
[component_container_mt-1] [WARN] [1785815788.583712592] [sensing.lidar.concatenate_data]: transformed_raw_points[/sensing/lidar/right/pointcloud_before_sync] is nullptr, skipping pointcloud publish.
[component_container_mt-1] [WARN] [1785815788.583763558] [sensing.lidar.concatenate_data]: transformed_raw_points[/sensing/lidar/left/pointcloud_before_sync] is nullptr, skipping pointcloud publish.
[autoware_ndt_scan_matcher_node-24] [INFO] [1785815788.584561057] [localization.pose_estimator.ndt_scan_matcher]: Mismatch between pose timestamp and current timestamp
[component_container_mt-1] [WARN] [1785815788.683899408] [sensing.lidar.concatenate_data]: transformed_raw_points[/sensing/lidar/right/pointcloud_before_sync] is nullptr, skipping pointcloud publish.
[component_container_mt-1] [WARN] [1785815788.683945238] [sensing.lidar.concatenate_data]: transformed_raw_points[/sensing/lidar/left/pointcloud_before_sync] is nullptr, skipping pointcloud publish.
[autoware_mrm_handler_node-13] [INFO] [1785815788.684171202] [system.mrm_handler]: MRM State changed: NORMAL -> MRM_OPERATING
[autoware_mrm_handler_node-13] [WARN] [1785815788.684427633] [system.mrm_handler]: EMERGENCY_STOP is operated.
[autoware_ndt_scan_matcher_node-24] [INFO] [1785815788.685258471] [localization.pose_estimator.ndt_scan_matcher]: Mismatch between pose timestamp and current timestamp
[component_container_mt-47] [WARN] [1785815788.735161298] [control.vehicle_cmd_gate]: Emergency!
[autoware_mrm_handler_node-13] [INFO] [1785815788.783287310] [system.mrm_handler]: MRM State changed: MRM_OPERATING -> NORMAL
[autoware_mrm_handler_node-13] [WARN] [1785815788.784457016] [system.mrm_handler]: EMERGENCY_STOP is canceled.
[component_container_mt-1] [WARN] [1785815788.784460248] [sensing.lidar.concatenate_data]: transformed_raw_points[/sensing/lidar/right/pointcloud_before_sync] is nullptr, skipping pointcloud publish.
[component_container_mt-1] [WARN] [1785815788.784496596] [sensing.lidar.concatenate_data]: transformed_raw_points[/sensing/lidar/left/pointcloud_before_sync] is nullptr, skipping pointcloud publish.
[autoware_ndt_scan_matcher_node-24] [INFO] [1785815788.784982441] [localization.pose_estimator.ndt_scan_matcher]: Mismatch between pose timestamp and current timestamp
[component_container_mt-1] [WARN] [1785815788.883948579] [sensing.lidar.concatenate_data]: transformed_raw_points[/sensing/lidar/right/pointcloud_before_sync] is nullptr, skipping pointcloud publish.
[component_container_mt-1] [WARN] [1785815788.883998553] [sensing.lidar.concatenate_data]: transformed_raw_points[/sensing/lidar/left/pointcloud_before_sync] is nullptr, skipping pointcloud publish.
[autoware_ndt_scan_matcher_node-24] [INFO] [1785815788.884614518] [localization.pose_estimator.ndt_scan_matcher]: Mismatch between pose timestamp and current timestamp
[component_container_mt-1] [WARN] [1785815788.984010833] [sensing.lidar.concatenate_data]: transformed_raw_points[/sensing/lidar/right/pointcloud_before_sync] is nullptr, skipping pointcloud publish.
[component_container_mt-1] [WARN] [1785815788.984058668] [sensing.lidar.concatenate_data]: transformed_raw_points[/sensing/lidar/left/pointcloud_before_sync] is nullptr, skipping pointcloud publish.
[autoware_ndt_scan_matcher_node-24] [INFO] [1785815788.984940917] [localization.pose_estimator.ndt_scan_matcher]: Mismatch between pose timestamp and current timestamp
[component_container_mt-1] [WARN] [1785815789.084130743] [sensing.lidar.concatenate_data]: transformed_raw_points[/sensing/lidar/right/pointcloud_before_sync] is nullptr, skipping pointcloud publish.
[component_container_mt-1] [WARN] [1785815789.084186714] [sensing.lidar.concatenate_data]: transformed_raw_points[/sensing/lidar/left/pointcloud_before_sync] is nullptr, skipping pointcloud publish.
[component_container-7] [INFO] [1785815789.084466762] [system.topic_state_monitor_mission_planning_route]: /planning/mission_planning/route has not received. Set ERROR in diagnostics.
[autoware_ndt_scan_matcher_node-24] [INFO] [1785815789.084739299] [localization.pose_estimator.ndt_scan_matcher]: Mismatch between pose timestamp and current timestamp
[component_container_mt-1] [WARN] [1785815789.184698646] [sensing.lidar.concatenate_data]: transformed_raw_points[/sensing/lidar/right/pointcloud_before_sync] is nullptr, skipping pointcloud publish.
[component_container_mt-1] [WARN] [1785815789.184744819] [sensing.lidar.concatenate_data]: transformed_raw_points[/sensing/lidar/left/pointcloud_before_sync] is nullptr, skipping pointcloud publish.
[autoware_ndt_scan_matcher_node-24] [INFO] [1785815789.185340626] [localization.pose_estimator.ndt_scan_matcher]: Mismatch between pose timestamp and current timestamp
[component_container_mt-1] [WARN] [1785815789.285232774] [sensing.lidar.concatenate_data]: transformed_raw_points[/sensing/lidar/right/pointcloud_before_sync] is nullptr, skipping pointcloud publish.
[component_container_mt-1] [WARN] [1785815789.285276270] [sensing.lidar.concatenate_data]: transformed_raw_points[/sensing/lidar/left/pointcloud_before_sync] is nullptr, skipping pointcloud publish.
[autoware_ndt_scan_matcher_node-24] [INFO] [1785815789.285709407] [localization.pose_estimator.ndt_scan_matcher]: Mismatch between pose timestamp and current timestamp
[component_container_mt-1] [WARN] [1785815789.384448725] [sensing.lidar.concatenate_data]: transformed_raw_points[/sensing/lidar/right/pointcloud_before_sync] is nullptr, skipping pointcloud publish.
[component_container_mt-1] [WARN] [1785815789.384496301] [sensing.lidar.concatenate_data]: transformed_raw_points[/sensing/lidar/left/pointcloud_before_sync] is nullptr, skipping pointcloud publish.
[autoware_ndt_scan_matcher_node-24] [INFO] [1785815789.385804230] [localization.pose_estimator.ndt_scan_matcher]: Mismatch between pose timestamp and current timestamp
[component_container_mt-1] [WARN] [1785815789.484111002] [sensing.lidar.concatenate_data]: transformed_raw_points[/sensing/lidar/right/pointcloud_before_sync] is nullptr, skipping pointcloud publish.
[component_container_mt-1] [WARN] [1785815789.484162359] [sensing.lidar.concatenate_data]: transformed_raw_points[/sensing/lidar/left/pointcloud_before_sync] is nullptr, skipping pointcloud publish.
[autoware_ndt_scan_matcher_node-24] [INFO] [1785815789.484730268] [localization.pose_estimator.ndt_scan_matcher]: Mismatch between pose timestamp and current timestamp
[component_container_mt-1] [WARN] [1785815789.584145986] [sensing.lidar.concatenate_data]: transformed_raw_points[/sensing/lidar/right/pointcloud_before_sync] is nullptr, skipping pointcloud publish.
[component_container_mt-1] [WARN] [1785815789.584193945] [sensing.lidar.concatenate_data]: transformed_raw_points[/sensing/lidar/left/pointcloud_before_sync] is nullptr, skipping pointcloud publish.
[autoware_ndt_scan_matcher_node-24] [INFO] [1785815789.584694950] [localization.pose_estimator.ndt_scan_matcher]: Mismatch between pose timestamp and current timestamp
[autoware_mrm_handler_node-13] [INFO] [1785815789.684122462] [system.mrm_handler]: MRM State changed: NORMAL -> MRM_OPERATING
[autoware_mrm_handler_node-13] [WARN] [1785815789.684245157] [system.mrm_handler]: EMERGENCY_STOP is operated.
[component_container_mt-1] [WARN] [1785815789.684588417] [sensing.lidar.concatenate_data]: transformed_raw_points[/sensing/lidar/right/pointcloud_before_sync] is nullptr, skipping pointcloud publish.
[component_container_mt-1] [WARN] [1785815789.684621695] [sensing.lidar.concatenate_data]: transformed_raw_points[/sensing/lidar/left/pointcloud_before_sync] is nullptr, skipping pointcloud publish.
[autoware_ndt_scan_matcher_node-24] [INFO] [1785815789.685269946] [localization.pose_estimator.ndt_scan_matcher]: Mismatch between pose timestamp and current timestamp
[component_container_mt-47] [WARN] [1785815789.734571485] [control.vehicle_cmd_gate]: Emergency!
[autoware_mrm_handler_node-13] [INFO] [1785815789.784206382] [system.mrm_handler]: MRM State changed: MRM_OPERATING -> NORMAL
[component_container_mt-1] [WARN] [1785815789.784394418] [sensing.lidar.concatenate_data]: transformed_raw_points[/sensing/lidar/right/pointcloud_before_sync] is nullptr, skipping pointcloud publish.
[component_container_mt-1] [WARN] [1785815789.784427056] [sensing.lidar.concatenate_data]: transformed_raw_points[/sensing/lidar/left/pointcloud_before_sync] is nullptr, skipping pointcloud publish.
[autoware_mrm_handler_node-13] [WARN] [1785815789.784846338] [system.mrm_handler]: EMERGENCY_STOP is canceled.
[autoware_ndt_scan_matcher_node-24] [INFO] [1785815789.785023929] [localization.pose_estimator.ndt_scan_matcher]: Mismatch between pose timestamp and current timestamp
[component_container_mt-1] [WARN] [1785815789.883725676] [sensing.lidar.concatenate_data]: transformed_raw_points[/sensing/lidar/right/pointcloud_before_sync] is nullptr, skipping pointcloud publish.
[component_container_mt-1] [WARN] [1785815789.883773026] [sensing.lidar.concatenate_data]: transformed_raw_points[/sensing/lidar/left/pointcloud_before_sync] is nullptr, skipping pointcloud publish.
[autoware_ndt_scan_matcher_node-24] [INFO] [1785815789.884252830] [localization.pose_estimator.ndt_scan_matcher]: Mismatch between pose timestamp and current timestamp
[component_container_mt-1] [WARN] [1785815789.984376645] [sensing.lidar.concatenate_data]: transformed_raw_points[/sensing/lidar/right/pointcloud_before_sync] is nullptr, skipping pointcloud publish.
[component_container_mt-1] [WARN] [1785815789.984424892] [sensing.lidar.concatenate_data]: transformed_raw_points[/sensing/lidar/left/pointcloud_before_sync] is nullptr, skipping pointcloud publish.
[autoware_ndt_scan_matcher_node-24] [INFO] [1785815789.985106875] [localization.pose_estimator.ndt_scan_matcher]: Mismatch between pose timestamp and current timestamp
[component_container_mt-1] [WARN] [1785815790.085023520] [sensing.lidar.concatenate_data]: transformed_raw_points[/sensing/lidar/right/pointcloud_before_sync] is nullptr, skipping pointcloud publish.
[component_container_mt-1] [WARN] [1785815790.085068454] [sensing.lidar.concatenate_data]: transformed_raw_points[/sensing/lidar/left/pointcloud_before_sync] is nullptr, skipping pointcloud publish.
[autoware_ndt_scan_matcher_node-24] [INFO] [1785815790.085545243] [localization.pose_estimator.ndt_scan_matcher]: Mismatch between pose timestamp and current timestamp
[component_container_mt-47] [INFO] [1785815790.184160691] [control.trajectory_follower.controller_node_exe]: Waiting for trajectory data
[component_container_mt-47] [INFO] [1785815790.184220973] [control.trajectory_follower.controller_node_exe]: Control is skipped since input data is not ready.
[component_container_mt-1] [WARN] [1785815790.184282200] [sensing.lidar.concatenate_data]: transformed_raw_points[/sensing/lidar/right/pointcloud_before_sync] is nullptr, skipping pointcloud publish.
[component_container_mt-1] [WARN] [1785815790.184321521] [sensing.lidar.concatenate_data]: transformed_raw_points[/sensing/lidar/left/pointcloud_before_sync] is nullptr, skipping pointcloud publish.
[autoware_ndt_scan_matcher_node-24] [INFO] [1785815790.184861260] [localization.pose_estimator.ndt_scan_matcher]: Mismatch between pose timestamp and current timestamp
[component_container_mt-1] [WARN] [1785815790.283982745] [sensing.lidar.concatenate_data]: transformed_raw_points[/sensing/lidar/right/pointcloud_before_sync] is nullptr, skipping pointcloud publish.
[component_container_mt-1] [WARN] [1785815790.284032024] [sensing.lidar.concatenate_data]: transformed_raw_points[/sensing/lidar/left/pointcloud_before_sync] is nullptr, skipping pointcloud publish.
[autoware_ndt_scan_matcher_node-24] [INFO] [1785815790.284507090] [localization.pose_estimator.ndt_scan_matcher]: Mismatch between pose timestamp and current timestamp
[component_container_mt-1] [WARN] [1785815790.383906380] [sensing.lidar.concatenate_data]: transformed_raw_points[/sensing/lidar/right/pointcloud_before_sync] is nullptr, skipping pointcloud publish.
[component_container_mt-1] [WARN] [1785815790.383956839] [sensing.lidar.concatenate_data]: transformed_raw_points[/sensing/lidar/left/pointcloud_before_sync] is nullptr, skipping pointcloud publish.
[autoware_ndt_scan_matcher_node-24] [INFO] [1785815790.384736263] [localization.pose_estimator.ndt_scan_matcher]: Mismatch between pose timestamp and current timestamp
[component_container-18] [WARN] [1785815790.390093029] [sensing.lidar.top.crop_box_filter_self]: Invalid PointCloud: is_dense is false. The point cloud should be organized (dense) and contain only valid points. This will be an ERROR starting in 2026 JulyFrame: 'velodyne_top', Stamp: 54.835701769
[component_container_mt-1] [WARN] [1785815790.484080168] [sensing.lidar.concatenate_data]: transformed_raw_points[/sensing/lidar/right/pointcloud_before_sync] is nullptr, skipping pointcloud publish.
[component_container_mt-1] [WARN] [1785815790.484129340] [sensing.lidar.concatenate_data]: transformed_raw_points[/sensing/lidar/left/pointcloud_before_sync] is nullptr, skipping pointcloud publish.
[autoware_ndt_scan_matcher_node-24] [INFO] [1785815790.484769145] [localization.pose_estimator.ndt_scan_matcher]: Mismatch between pose timestamp and current timestamp
[component_container_mt-1] [WARN] [1785815790.584229240] [sensing.lidar.concatenate_data]: transformed_raw_points[/sensing/lidar/right/pointcloud_before_sync] is nullptr, skipping pointcloud publish.
[component_container_mt-1] [WARN] [1785815790.584278171] [sensing.lidar.concatenate_data]: transformed_raw_points[/sensing/lidar/left/pointcloud_before_sync] is nullptr, skipping pointcloud publish.
[autoware_ndt_scan_matcher_node-24] [INFO] [1785815790.585689894] [localization.pose_estimator.ndt_scan_matcher]: Mismatch between pose timestamp and current timestamp
[component_container_mt-1] [WARN] [1785815790.684143721] [sensing.lidar.concatenate_data]: transformed_raw_points[/sensing/lidar/right/pointcloud_before_sync] is nullptr, skipping pointcloud publish.
[component_container_mt-1] [WARN] [1785815790.684189846] [sensing.lidar.concatenate_data]: transformed_raw_points[/sensing/lidar/left/pointcloud_before_sync] is nullptr, skipping pointcloud publish.
[autoware_mrm_handler_node-13] [INFO] [1785815790.684213210] [system.mrm_handler]: MRM State changed: NORMAL -> MRM_OPERATING
[autoware_mrm_handler_node-13] [WARN] [1785815790.684370742] [system.mrm_handler]: EMERGENCY_STOP is operated.
[autoware_ndt_scan_matcher_node-24] [INFO] [1785815790.684837385] [localization.pose_estimator.ndt_scan_matcher]: Mismatch between pose timestamp and current timestamp
[component_container-18] [WARN] [1785815790.690780271] [sensing.lidar.top.distortion_corrector_node]: Twist time_stamp is too late. Could not interpolate.
[component_container_mt-47] [WARN] [1785815790.735046174] [control.vehicle_cmd_gate]: Emergency!
[component_container_mt-48] [INFO] [1785815790.735345559] [control.control_validator]: waiting for /planning/trajectory
[logging_node-14] [WARN] [1785815790.783598253] [logging_diag_graph]: The target mode is not available for the following reasons:
[logging_node-14] - /autoware/modes/autonomous ERROR
[logging_node-14]     - /autoware/planning ERROR
[logging_node-14]         - /autoware/planning/routing/state ERROR
[logging_node-14]         - [anonymous group] ERROR
[logging_node-14]             - /autoware/planning/topic_rate_check/route ERROR
[logging_node-14]             - /autoware/planning/topic_rate_check/trajectory ERROR
[logging_node-14]     - /autoware/control ERROR
[logging_node-14]         - /autoware/control/topic_rate_check/trajectory_follower ERROR
[logging_node-14]         - /autoware/control/topic_rate_check/control_command WARN 
[logging_node-14] 
[autoware_mrm_handler_node-13] [INFO] [1785815790.783837495] [system.mrm_handler]: MRM State changed: MRM_OPERATING -> NORMAL
[autoware_mrm_handler_node-13] [WARN] [1785815790.784334969] [system.mrm_handler]: EMERGENCY_STOP is canceled.
[component_container_mt-1] [WARN] [1785815790.783962029] [sensing.lidar.concatenate_data]: transformed_raw_points[/sensing/lidar/right/pointcloud_before_sync] is nullptr, skipping pointcloud publish.
[component_container_mt-1] [WARN] [1785815790.783995631] [sensing.lidar.concatenate_data]: transformed_raw_points[/sensing/lidar/left/pointcloud_before_sync] is nullptr, skipping pointcloud publish.
[autoware_ndt_scan_matcher_node-24] [INFO] [1785815790.784524878] [localization.pose_estimator.ndt_scan_matcher]: Mismatch between pose timestamp and current timestamp
[component_container_mt-1] [WARN] [1785815790.792075858] [localization.util.crop_box_filter_measurement_range]: Invalid PointCloud: row_step mismatch. Expected: 100320 (width 6270 * point_step 16), Got: 0. Frame: 'base_link', Stamp: 55.235701775 Please fill in the `cloud->row_step` field accordingly. This will be an ERROR starting in 2026 July
[component_container_mt-1] [WARN] [1785815790.883630704] [sensing.lidar.concatenate_data]: transformed_raw_points[/sensing/lidar/right/pointcloud_before_sync] is nullptr, skipping pointcloud publish.
[component_container_mt-1] [WARN] [1785815790.883677663] [sensing.lidar.concatenate_data]: transformed_raw_points[/sensing/lidar/left/pointcloud_before_sync] is nullptr, skipping pointcloud publish.
[autoware_ndt_scan_matcher_node-24] [INFO] [1785815790.884462031] [localization.pose_estimator.ndt_scan_matcher]: Mismatch between pose timestamp and current timestamp
[component_container_mt-40] [INFO] [1785815790.933952846] [planning.scenario_planning.lane_driving.behavior_planning.behavior_path_planner]: waiting for scenario_topic
[component_container_mt-1] [WARN] [1785815790.984383483] [sensing.lidar.concatenate_data]: transformed_raw_points[/sensing/lidar/right/pointcloud_before_sync] is nullptr, skipping pointcloud publish.
[component_container_mt-1] [WARN] [1785815790.984431360] [sensing.lidar.concatenate_data]: transformed_raw_points[/sensing/lidar/left/pointcloud_before_sync] is nullptr, skipping pointcloud publish.
[autoware_ndt_scan_matcher_node-24] [INFO] [1785815790.985219274] [localization.pose_estimator.ndt_scan_matcher]: Mismatch between pose timestamp and current timestamp
[component_container_mt-1] [WARN] [1785815791.084526210] [sensing.lidar.concatenate_data]: transformed_raw_points[/sensing/lidar/right/pointcloud_before_sync] is nullptr, skipping pointcloud publish.
[component_container_mt-1] [WARN] [1785815791.084572606] [sensing.lidar.concatenate_data]: transformed_raw_points[/sensing/lidar/left/pointcloud_before_sync] is nullptr, skipping pointcloud publish.
[autoware_ndt_scan_matcher_node-24] [INFO] [1785815791.085003482] [localization.pose_estimator.ndt_scan_matcher]: Mismatch between pose timestamp and current timestamp
[component_container_mt-47] [INFO] [1785815791.133848327] [control.vehicle_cmd_gate]: The operation mode is changed, but the GearCommand is not received yet:
[component_container-7] [WARN] [1785815791.135108260] [system.topic_state_monitor_control_command_control_cmd]: /control/command/control_cmd topic rate has dropped to the warning level. Set WARN in diagnostics.
[component_container_mt-1] [WARN] [1785815791.183921214] [sensing.lidar.concatenate_data]: transformed_raw_points[/sensing/lidar/right/pointcloud_before_sync] is nullptr, skipping pointcloud publish.
[component_container_mt-1] [WARN] [1785815791.183967228] [sensing.lidar.concatenate_data]: transformed_raw_points[/sensing/lidar/left/pointcloud_before_sync] is nullptr, skipping pointcloud publish.
[autoware_ndt_scan_matcher_node-24] [INFO] [1785815791.184954566] [localization.pose_estimator.ndt_scan_matcher]: Mismatch between pose timestamp and current timestamp
[component_container_mt-48] [INFO] [1785815791.283866297] [control.autonomous_emergency_braking]: [AEB] waiting for control predicted trajectory
[component_container_mt-1] [WARN] [1785815791.284021224] [sensing.lidar.concatenate_data]: transformed_raw_points[/sensing/lidar/right/pointcloud_before_sync] is nullptr, skipping pointcloud publish.
[component_container_mt-1] [WARN] [1785815791.284056341] [sensing.lidar.concatenate_data]: transformed_raw_points[/sensing/lidar/left/pointcloud_before_sync] is nullptr, skipping pointcloud publish.
[autoware_ndt_scan_matcher_node-24] [INFO] [1785815791.284565617] [localization.pose_estimator.ndt_scan_matcher]: Mismatch between pose timestamp and current timestamp
[component_container_mt-1] [WARN] [1785815791.384250720] [sensing.lidar.concatenate_data]: transformed_raw_points[/sensing/lidar/right/pointcloud_before_sync] is nullptr, skipping pointcloud publish.
[component_container_mt-1] [WARN] [1785815791.384301891] [sensing.lidar.concatenate_data]: transformed_raw_points[/sensing/lidar/left/pointcloud_before_sync] is nullptr, skipping pointcloud publish.
[autoware_ndt_scan_matcher_node-24] [INFO] [1785815791.384918136] [localization.pose_estimator.ndt_scan_matcher]: Mismatch between pose timestamp and current timestamp
[component_container_mt-1] [WARN] [1785815791.483980763] [sensing.lidar.concatenate_data]: transformed_raw_points[/sensing/lidar/right/pointcloud_before_sync] is nullptr, skipping pointcloud publish.
[component_container_mt-1] [WARN] [1785815791.484027503] [sensing.lidar.concatenate_data]: transformed_raw_points[/sensing/lidar/left/pointcloud_before_sync] is nullptr, skipping pointcloud publish.
[autoware_ndt_scan_matcher_node-24] [INFO] [1785815791.484555427] [localization.pose_estimator.ndt_scan_matcher]: Mismatch between pose timestamp and current timestamp
[component_container_mt-1] [WARN] [1785815791.585041023] [sensing.lidar.concatenate_data]: transformed_raw_points[/sensing/lidar/right/pointcloud_before_sync] is nullptr, skipping pointcloud publish.
[component_container_mt-1] [WARN] [1785815791.585076244] [sensing.lidar.concatenate_data]: transformed_raw_points[/sensing/lidar/left/pointcloud_before_sync] is nullptr, skipping pointcloud publish.
[autoware_ndt_scan_matcher_node-24] [INFO] [1785815791.586377871] [localization.pose_estimator.ndt_scan_matcher]: Mismatch between pose timestamp and current timestamp
[autoware_mrm_handler_node-13] [INFO] [1785815791.683908023] [system.mrm_handler]: MRM State changed: NORMAL -> MRM_OPERATING
[component_container_mt-1] [WARN] [1785815791.684363607] [sensing.lidar.concatenate_data]: transformed_raw_points[/sensing/lidar/right/pointcloud_before_sync] is nullptr, skipping pointcloud publish.
[component_container_mt-1] [WARN] [1785815791.684399885] [sensing.lidar.concatenate_data]: transformed_raw_points[/sensing/lidar/left/pointcloud_before_sync] is nullptr, skipping pointcloud publish.
[autoware_mrm_handler_node-13] [WARN] [1785815791.684448818] [system.mrm_handler]: EMERGENCY_STOP is operated.
[autoware_ndt_scan_matcher_node-24] [INFO] [1785815791.684934256] [localization.pose_estimator.ndt_scan_matcher]: Mismatch between pose timestamp and current timestamp
[component_container_mt-47] [WARN] [1785815791.734560225] [control.vehicle_cmd_gate]: Emergency!
[component_container_mt-1] [WARN] [1785815791.783963360] [sensing.lidar.concatenate_data]: transformed_raw_points[/sensing/lidar/right/pointcloud_before_sync] is nullptr, skipping pointcloud publish.
[component_container_mt-1] [WARN] [1785815791.784015144] [sensing.lidar.concatenate_data]: transformed_raw_points[/sensing/lidar/left/pointcloud_before_sync] is nullptr, skipping pointcloud publish.
[autoware_mrm_handler_node-13] [INFO] [1785815791.784196072] [system.mrm_handler]: MRM State changed: MRM_OPERATING -> NORMAL
[autoware_mrm_handler_node-13] [WARN] [1785815791.784352813] [system.mrm_handler]: EMERGENCY_STOP is canceled.
[autoware_ndt_scan_matcher_node-24] [INFO] [1785815791.784801522] [localization.pose_estimator.ndt_scan_matcher]: Mismatch between pose timestamp and current timestamp
[component_container_mt-1] [WARN] [1785815791.884981550] [sensing.lidar.concatenate_data]: transformed_raw_points[/sensing/lidar/right/pointcloud_before_sync] is nullptr, skipping pointcloud publish.
[component_container_mt-1] [WARN] [1785815791.885023355] [sensing.lidar.concatenate_data]: transformed_raw_points[/sensing/lidar/left/pointcloud_before_sync] is nullptr, skipping pointcloud publish.
[autoware_ndt_scan_matcher_node-24] [INFO] [1785815791.885863535] [localization.pose_estimator.ndt_scan_matcher]: Mismatch between pose timestamp and current timestamp
[component_container_mt-1] [WARN] [1785815791.984235154] [sensing.lidar.concatenate_data]: transformed_raw_points[/sensing/lidar/right/pointcloud_before_sync] is nullptr, skipping pointcloud publish.
[component_container_mt-1] [WARN] [1785815791.984281705] [sensing.lidar.concatenate_data]: transformed_raw_points[/sensing/lidar/left/pointcloud_before_sync] is nullptr, skipping pointcloud publish.
[autoware_ndt_scan_matcher_node-24] [INFO] [1785815791.985650692] [localization.pose_estimator.ndt_scan_matcher]: Mismatch between pose timestamp and current timestamp
[component_container_mt-1] [WARN] [1785815792.084215968] [sensing.lidar.concatenate_data]: transformed_raw_points[/sensing/lidar/right/pointcloud_before_sync] is nullptr, skipping pointcloud publish.
[component_container_mt-1] [WARN] [1785815792.084272587] [sensing.lidar.concatenate_data]: transformed_raw_points[/sensing/lidar/left/pointcloud_before_sync] is nullptr, skipping pointcloud publish.
[component_container-7] [INFO] [1785815792.084310807] [system.topic_state_monitor_scenario_planning_trajectory]: /planning/trajectory has not received. Set ERROR in diagnostics.
[autoware_ndt_scan_matcher_node-24] [INFO] [1785815792.084813398] [localization.pose_estimator.ndt_scan_matcher]: Mismatch between pose timestamp and current timestamp
[component_container_mt-1] [WARN] [1785815792.184606890] [sensing.lidar.concatenate_data]: transformed_raw_points[/sensing/lidar/right/pointcloud_before_sync] is nullptr, skipping pointcloud publish.
[component_container_mt-1] [WARN] [1785815792.184653598] [sensing.lidar.concatenate_data]: transformed_raw_points[/sensing/lidar/left/pointcloud_before_sync] is nullptr, skipping pointcloud publish.
[autoware_ndt_scan_matcher_node-24] [INFO] [1785815792.185132039] [localization.pose_estimator.ndt_scan_matcher]: Mismatch between pose timestamp and current timestamp
[component_container_mt-1] [WARN] [1785815792.284151403] [sensing.lidar.concatenate_data]: transformed_raw_points[/sensing/lidar/right/pointcloud_before_sync] is nullptr, skipping pointcloud publish.
[component_container_mt-1] [WARN] [1785815792.284199160] [sensing.lidar.concatenate_data]: transformed_raw_points[/sensing/lidar/left/pointcloud_before_sync] is nullptr, skipping pointcloud publish.
[autoware_ndt_scan_matcher_node-24] [INFO] [1785815792.284754501] [localization.pose_estimator.ndt_scan_matcher]: Mismatch between pose timestamp and current timestamp
[component_container_mt-1] [WARN] [1785815792.384626260] [sensing.lidar.concatenate_data]: transformed_raw_points[/sensing/lidar/right/pointcloud_before_sync] is nullptr, skipping pointcloud publish.
[component_container_mt-1] [WARN] [1785815792.384675823] [sensing.lidar.concatenate_data]: transformed_raw_points[/sensing/lidar/left/pointcloud_before_sync] is nullptr, skipping pointcloud publish.
[autoware_ndt_scan_matcher_node-24] [INFO] [1785815792.385106234] [localization.pose_estimator.ndt_scan_matcher]: Mismatch between pose timestamp and current timestamp
[component_container_mt-1] [WARN] [1785815792.484713026] [sensing.lidar.concatenate_data]: transformed_raw_points[/sensing/lidar/right/pointcloud_before_sync] is nullptr, skipping pointcloud publish.
[component_container_mt-1] [WARN] [1785815792.484752683] [sensing.lidar.concatenate_data]: transformed_raw_points[/sensing/lidar/left/pointcloud_before_sync] is nullptr, skipping pointcloud publish.
[autoware_ndt_scan_matcher_node-24] [INFO] [1785815792.485246937] [localization.pose_estimator.ndt_scan_matcher]: Mismatch between pose timestamp and current timestamp
[component_container_mt-1] [WARN] [1785815792.584056463] [sensing.lidar.concatenate_data]: transformed_raw_points[/sensing/lidar/right/pointcloud_before_sync] is nullptr, skipping pointcloud publish.
[component_container_mt-1] [WARN] [1785815792.584101149] [sensing.lidar.concatenate_data]: transformed_raw_points[/sensing/lidar/left/pointcloud_before_sync] is nullptr, skipping pointcloud publish.
[autoware_ndt_scan_matcher_node-24] [INFO] [1785815792.584906599] [localization.pose_estimator.ndt_scan_matcher]: Mismatch between pose timestamp and current timestamp
[component_container_mt-48] [INFO] [1785815792.633900657] [control.trajectory_follower.lane_departure_checker_node]: waiting for route msg...
[autoware_mrm_handler_node-13] [INFO] [1785815792.683633141] [system.mrm_handler]: MRM State changed: NORMAL -> MRM_OPERATING
[autoware_mrm_handler_node-13] [WARN] [1785815792.683792860] [system.mrm_handler]: EMERGENCY_STOP is operated.
[autoware_scenario_selector_node-36] [INFO] [1785815792.684012040] [planning.scenario_planning.scenario_selector]: Waiting for route.
[component_container_mt-1] [WARN] [1785815792.684095657] [sensing.lidar.concatenate_data]: transformed_raw_points[/sensing/lidar/right/pointcloud_before_sync] is nullptr, skipping pointcloud publish.
[component_container_mt-1] [WARN] [1785815792.684135997] [sensing.lidar.concatenate_data]: transformed_raw_points[/sensing/lidar/left/pointcloud_before_sync] is nullptr, skipping pointcloud publish.
[autoware_ndt_scan_matcher_node-24] [INFO] [1785815792.684687144] [localization.pose_estimator.ndt_scan_matcher]: Mismatch between pose timestamp and current timestamp
[component_container-18] [WARN] [1785815792.690887685] [sensing.lidar.top.distortion_corrector_node]: IMU time_stamp is too late. Could not interpolate.
[component_container_mt-47] [WARN] [1785815792.734963848] [control.vehicle_cmd_gate]: Emergency!
[component_container_mt-1] [WARN] [1785815792.783746329] [sensing.lidar.concatenate_data]: transformed_raw_points[/sensing/lidar/right/pointcloud_before_sync] is nullptr, skipping pointcloud publish.
[autoware_mrm_handler_node-13] [INFO] [1785815792.784066059] [system.mrm_handler]: MRM State changed: MRM_OPERATING -> NORMAL
[autoware_mrm_handler_node-13] [WARN] [1785815792.784537637] [system.mrm_handler]: EMERGENCY_STOP is canceled.
[component_container_mt-1] [WARN] [1785815792.785065572] [sensing.lidar.concatenate_data]: transformed_raw_points[/sensing/lidar/left/pointcloud_before_sync] is nullptr, skipping pointcloud publish.
[autoware_ndt_scan_matcher_node-24] [INFO] [1785815792.785864993] [localization.pose_estimator.ndt_scan_matcher]: Mismatch between pose timestamp and current timestamp
[component_container_mt-1] [WARN] [1785815792.883826502] [sensing.lidar.concatenate_data]: transformed_raw_points[/sensing/lidar/right/pointcloud_before_sync] is nullptr, skipping pointcloud publish.
[component_container_mt-1] [WARN] [1785815792.883875216] [sensing.lidar.concatenate_data]: transformed_raw_points[/sensing/lidar/left/pointcloud_before_sync] is nullptr, skipping pointcloud publish.
[autoware_ndt_scan_matcher_node-24] [INFO] [1785815792.885016766] [localization.pose_estimator.ndt_scan_matcher]: Mismatch between pose timestamp and current timestamp
[component_container_mt-1] [WARN] [1785815792.984458349] [sensing.lidar.concatenate_data]: transformed_raw_points[/sensing/lidar/right/pointcloud_before_sync] is nullptr, skipping pointcloud publish.
[component_container_mt-1] [WARN] [1785815792.984504872] [sensing.lidar.concatenate_data]: transformed_raw_points[/sensing/lidar/left/pointcloud_before_sync] is nullptr, skipping pointcloud publish.
[autoware_ndt_scan_matcher_node-24] [INFO] [1785815792.985222005] [localization.pose_estimator.ndt_scan_matcher]: Mismatch between pose timestamp and current timestamp
[component_container_mt-1] [WARN] [1785815793.084000475] [sensing.lidar.concatenate_data]: transformed_raw_points[/sensing/lidar/right/pointcloud_before_sync] is nullptr, skipping pointcloud publish.
[component_container_mt-1] [WARN] [1785815793.084050934] [sensing.lidar.concatenate_data]: transformed_raw_points[/sensing/lidar/left/pointcloud_before_sync] is nullptr, skipping pointcloud publish.
[autoware_ndt_scan_matcher_node-24] [INFO] [1785815793.084631367] [localization.pose_estimator.ndt_scan_matcher]: Mismatch between pose timestamp and current timestamp
[component_container_mt-1] [WARN] [1785815793.183992770] [sensing.lidar.concatenate_data]: transformed_raw_points[/sensing/lidar/right/pointcloud_before_sync] is nullptr, skipping pointcloud publish.
[component_container_mt-1] [WARN] [1785815793.184036251] [sensing.lidar.concatenate_data]: transformed_raw_points[/sensing/lidar/left/pointcloud_before_sync] is nullptr, skipping pointcloud publish.
[autoware_ndt_scan_matcher_node-24] [INFO] [1785815793.184644557] [localization.pose_estimator.ndt_scan_matcher]: Mismatch between pose timestamp and current timestamp
[component_container_mt-1] [WARN] [1785815793.284161554] [sensing.lidar.concatenate_data]: transformed_raw_points[/sensing/lidar/right/pointcloud_before_sync] is nullptr, skipping pointcloud publish.
[component_container_mt-1] [WARN] [1785815793.284207984] [sensing.lidar.concatenate_data]: transformed_raw_points[/sensing/lidar/left/pointcloud_before_sync] is nullptr, skipping pointcloud publish.
[autoware_ndt_scan_matcher_node-24] [INFO] [1785815793.284706312] [localization.pose_estimator.ndt_scan_matcher]: Mismatch between pose timestamp and current timestamp
[component_container_mt-1] [WARN] [1785815793.385151155] [sensing.lidar.concatenate_data]: transformed_raw_points[/sensing/lidar/right/pointcloud_before_sync] is nullptr, skipping pointcloud publish.
[component_container_mt-1] [WARN] [1785815793.385206664] [sensing.lidar.concatenate_data]: transformed_raw_points[/sensing/lidar/left/pointcloud_before_sync] is nullptr, skipping pointcloud publish.
[autoware_ndt_scan_matcher_node-24] [INFO] [1785815793.385700221] [localization.pose_estimator.ndt_scan_matcher]: Mismatch between pose timestamp and current timestamp
[component_container_mt-1] [WARN] [1785815793.484336909] [sensing.lidar.concatenate_data]: transformed_raw_points[/sensing/lidar/right/pointcloud_before_sync] is nullptr, skipping pointcloud publish.
[component_container_mt-1] [WARN] [1785815793.484382820] [sensing.lidar.concatenate_data]: transformed_raw_points[/sensing/lidar/left/pointcloud_before_sync] is nullptr, skipping pointcloud publish.
[autoware_ndt_scan_matcher_node-24] [INFO] [1785815793.485094474] [localization.pose_estimator.ndt_scan_matcher]: Mismatch between pose timestamp and current timestamp
[component_container_mt-1] [WARN] [1785815793.583911609] [sensing.lidar.concatenate_data]: transformed_raw_points[/sensing/lidar/right/pointcloud_before_sync] is nullptr, skipping pointcloud publish.
[component_container_mt-1] [WARN] [1785815793.583955047] [sensing.lidar.concatenate_data]: transformed_raw_points[/sensing/lidar/left/pointcloud_before_sync] is nullptr, skipping pointcloud publish.
[autoware_ndt_scan_matcher_node-24] [INFO] [1785815793.584390829] [localization.pose_estimator.ndt_scan_matcher]: Mismatch between pose timestamp and current timestamp
[component_container_mt-1] [WARN] [1785815793.684188332] [sensing.lidar.concatenate_data]: transformed_raw_points[/sensing/lidar/right/pointcloud_before_sync] is nullptr, skipping pointcloud publish.
[component_container_mt-1] [WARN] [1785815793.684240746] [sensing.lidar.concatenate_data]: transformed_raw_points[/sensing/lidar/left/pointcloud_before_sync] is nullptr, skipping pointcloud publish.
[autoware_mrm_handler_node-13] [INFO] [1785815793.684409100] [system.mrm_handler]: MRM State changed: NORMAL -> MRM_OPERATING
[autoware_ndt_scan_matcher_node-24] [INFO] [1785815793.684704675] [localization.pose_estimator.ndt_scan_matcher]: Mismatch between pose timestamp and current timestamp
[autoware_mrm_handler_node-13] [WARN] [1785815793.684834305] [system.mrm_handler]: EMERGENCY_STOP is operated.
[component_container_mt-47] [WARN] [1785815793.734923111] [control.vehicle_cmd_gate]: Emergency!
[autoware_mrm_handler_node-13] [INFO] [1785815793.784069401] [system.mrm_handler]: MRM State changed: MRM_OPERATING -> NORMAL
[autoware_mrm_handler_node-13] [WARN] [1785815793.784405158] [system.mrm_handler]: EMERGENCY_STOP is canceled.
[component_container_mt-1] [WARN] [1785815793.784612290] [sensing.lidar.concatenate_data]: transformed_raw_points[/sensing/lidar/right/pointcloud_before_sync] is nullptr, skipping pointcloud publish.
[component_container_mt-1] [WARN] [1785815793.784647871] [sensing.lidar.concatenate_data]: transformed_raw_points[/sensing/lidar/left/pointcloud_before_sync] is nullptr, skipping pointcloud publish.
[autoware_ndt_scan_matcher_node-24] [INFO] [1785815793.785204770] [localization.pose_estimator.ndt_scan_matcher]: Mismatch between pose timestamp and current timestamp
[component_container_mt-1] [WARN] [1785815793.883587389] [sensing.lidar.concatenate_data]: transformed_raw_points[/sensing/lidar/right/pointcloud_before_sync] is nullptr, skipping pointcloud publish.
[component_container_mt-1] [WARN] [1785815793.883636932] [sensing.lidar.concatenate_data]: transformed_raw_points[/sensing/lidar/left/pointcloud_before_sync] is nullptr, skipping pointcloud publish.
[autoware_ndt_scan_matcher_node-24] [INFO] [1785815793.884328339] [localization.pose_estimator.ndt_scan_matcher]: Mismatch between pose timestamp and current timestamp
[component_container_mt-1] [WARN] [1785815793.983995420] [sensing.lidar.concatenate_data]: transformed_raw_points[/sensing/lidar/right/pointcloud_before_sync] is nullptr, skipping pointcloud publish.
[component_container_mt-1] [WARN] [1785815793.984044716] [sensing.lidar.concatenate_data]: transformed_raw_points[/sensing/lidar/left/pointcloud_before_sync] is nullptr, skipping pointcloud publish.
[autoware_ndt_scan_matcher_node-24] [INFO] [1785815793.985825868] [localization.pose_estimator.ndt_scan_matcher]: Mismatch between pose timestamp and current timestamp
[component_container_mt-1] [WARN] [1785815794.084338994] [sensing.lidar.concatenate_data]: transformed_raw_points[/sensing/lidar/right/pointcloud_before_sync] is nullptr, skipping pointcloud publish.
[component_container_mt-1] [WARN] [1785815794.084384982] [sensing.lidar.concatenate_data]: transformed_raw_points[/sensing/lidar/left/pointcloud_before_sync] is nullptr, skipping pointcloud publish.
[autoware_ndt_scan_matcher_node-24] [INFO] [1785815794.086020516] [localization.pose_estimator.ndt_scan_matcher]: Mismatch between pose timestamp and current timestamp
[component_container-7] [WARN] [1785815794.135122377] [system.topic_state_monitor_control_command_control_cmd]: /control/command/control_cmd topic rate has dropped to the warning level. Set WARN in diagnostics.
[component_container_mt-1] [WARN] [1785815794.184260894] [sensing.lidar.concatenate_data]: transformed_raw_points[/sensing/lidar/right/pointcloud_before_sync] is nullptr, skipping pointcloud publish.
[component_container_mt-1] [WARN] [1785815794.184320162] [sensing.lidar.concatenate_data]: transformed_raw_points[/sensing/lidar/left/pointcloud_before_sync] is nullptr, skipping pointcloud publish.
[autoware_ndt_scan_matcher_node-24] [INFO] [1785815794.185071969] [localization.pose_estimator.ndt_scan_matcher]: Mismatch between pose timestamp and current timestamp
[component_container_mt-1] [WARN] [1785815794.284424731] [sensing.lidar.concatenate_data]: transformed_raw_points[/sensing/lidar/right/pointcloud_before_sync] is nullptr, skipping pointcloud publish.
[component_container_mt-1] [WARN] [1785815794.284471465] [sensing.lidar.concatenate_data]: transformed_raw_points[/sensing/lidar/left/pointcloud_before_sync] is nullptr, skipping pointcloud publish.
[autoware_ndt_scan_matcher_node-24] [INFO] [1785815794.285061203] [localization.pose_estimator.ndt_scan_matcher]: Mismatch between pose timestamp and current timestamp
[component_container_mt-1] [WARN] [1785815794.384578378] [sensing.lidar.concatenate_data]: transformed_raw_points[/sensing/lidar/right/pointcloud_before_sync] is nullptr, skipping pointcloud publish.
[component_container_mt-1] [WARN] [1785815794.384621492] [sensing.lidar.concatenate_data]: transformed_raw_points[/sensing/lidar/left/pointcloud_before_sync] is nullptr, skipping pointcloud publish.
[autoware_ndt_scan_matcher_node-24] [INFO] [1785815794.386179023] [localization.pose_estimator.ndt_scan_matcher]: Mismatch between pose timestamp and current timestamp
[component_container_mt-1] [WARN] [1785815794.483813254] [sensing.lidar.concatenate_data]: transformed_raw_points[/sensing/lidar/right/pointcloud_before_sync] is nullptr, skipping pointcloud publish.
[component_container_mt-1] [WARN] [1785815794.483864747] [sensing.lidar.concatenate_data]: transformed_raw_points[/sensing/lidar/left/pointcloud_before_sync] is nullptr, skipping pointcloud publish.
[autoware_ndt_scan_matcher_node-24] [INFO] [1785815794.484454013] [localization.pose_estimator.ndt_scan_matcher]: Mismatch between pose timestamp and current timestamp
[component_container_mt-1] [WARN] [1785815794.584496495] [sensing.lidar.concatenate_data]: transformed_raw_points[/sensing/lidar/right/pointcloud_before_sync] is nullptr, skipping pointcloud publish.
[component_container_mt-1] [WARN] [1785815794.584545181] [sensing.lidar.concatenate_data]: transformed_raw_points[/sensing/lidar/left/pointcloud_before_sync] is nullptr, skipping pointcloud publish.
[autoware_ndt_scan_matcher_node-24] [INFO] [1785815794.585383198] [localization.pose_estimator.ndt_scan_matcher]: Mismatch between pose timestamp and current timestamp
[autoware_mrm_handler_node-13] [INFO] [1785815794.684081310] [system.mrm_handler]: MRM State changed: NORMAL -> MRM_OPERATING
[logging_node-14] [WARN] [1785815794.684111914] [logging_diag_graph]: The target mode is not available for the following reasons:
[logging_node-14] - /autoware/modes/autonomous ERROR
[logging_node-14]     - /autoware/localization ERROR
[logging_node-14]         - /autoware/localization/state STALE
[logging_node-14]     - /autoware/planning ERROR
[logging_node-14]         - /autoware/planning/routing/state STALE
[logging_node-14]         - [anonymous group] ERROR
[logging_node-14]             - /autoware/planning/topic_rate_check/route ERROR
[logging_node-14]             - /autoware/planning/topic_rate_check/trajectory ERROR
[logging_node-14]     - /autoware/control ERROR
[logging_node-14]         - /autoware/control/topic_rate_check/trajectory_follower ERROR
[logging_node-14]         - /autoware/control/topic_rate_check/control_command WARN 
[logging_node-14]         - /autoware/control/performance_monitoring/lane_departure STALE
[logging_node-14]         - /autoware/control/performance_monitoring/control_state STALE
[logging_node-14]     - /adapi/mrm_request/delegate STALE
[logging_node-14] 
[component_container_mt-1] [WARN] [1785815794.684717833] [sensing.lidar.concatenate_data]: transformed_raw_points[/sensing/lidar/right/pointcloud_before_sync] is nullptr, skipping pointcloud publish.
[component_container_mt-1] [WARN] [1785815794.684751859] [sensing.lidar.concatenate_data]: transformed_raw_points[/sensing/lidar/left/pointcloud_before_sync] is nullptr, skipping pointcloud publish.
[autoware_mrm_handler_node-13] [WARN] [1785815794.684989018] [system.mrm_handler]: EMERGENCY_STOP is operated.
[autoware_ndt_scan_matcher_node-24] [INFO] [1785815794.685181983] [localization.pose_estimator.ndt_scan_matcher]: Mismatch between pose timestamp and current timestamp
[component_container_mt-47] [WARN] [1785815794.734585449] [control.vehicle_cmd_gate]: Emergency!
[component_container_mt-1] [WARN] [1785815794.784499253] [sensing.lidar.concatenate_data]: transformed_raw_points[/sensing/lidar/right/pointcloud_before_sync] is nullptr, skipping pointcloud publish.
[component_container_mt-1] [WARN] [1785815794.784547511] [sensing.lidar.concatenate_data]: transformed_raw_points[/sensing/lidar/left/pointcloud_before_sync] is nullptr, skipping pointcloud publish.
[autoware_mrm_handler_node-13] [INFO] [1785815794.785099199] [system.mrm_handler]: MRM State changed: MRM_OPERATING -> NORMAL
[autoware_ndt_scan_matcher_node-24] [INFO] [1785815794.785223644] [localization.pose_estimator.ndt_scan_matcher]: Mismatch between pose timestamp and current timestamp
[autoware_mrm_handler_node-13] [WARN] [1785815794.787268378] [system.mrm_handler]: EMERGENCY_STOP is canceled.
[component_container_mt-1] [WARN] [1785815794.884828770] [sensing.lidar.concatenate_data]: transformed_raw_points[/sensing/lidar/right/pointcloud_before_sync] is nullptr, skipping pointcloud publish.
[component_container_mt-1] [WARN] [1785815794.884871226] [sensing.lidar.concatenate_data]: transformed_raw_points[/sensing/lidar/left/pointcloud_before_sync] is nullptr, skipping pointcloud publish.
[autoware_ndt_scan_matcher_node-24] [INFO] [1785815794.885313525] [localization.pose_estimator.ndt_scan_matcher]: Mismatch between pose timestamp and current timestamp
[component_container_mt-1] [WARN] [1785815794.984302215] [sensing.lidar.concatenate_data]: transformed_raw_points[/sensing/lidar/right/pointcloud_before_sync] is nullptr, skipping pointcloud publish.
[component_container_mt-1] [WARN] [1785815794.984348375] [sensing.lidar.concatenate_data]: transformed_raw_points[/sensing/lidar/left/pointcloud_before_sync] is nullptr, skipping pointcloud publish.
[autoware_ndt_scan_matcher_node-24] [INFO] [1785815794.985276231] [localization.pose_estimator.ndt_scan_matcher]: Mismatch between pose timestamp and current timestamp
[component_container-7] [INFO] [1785815795.084305421] [system.topic_state_monitor_mission_planning_route]: /planning/mission_planning/route has not received. Set ERROR in diagnostics.
[component_container_mt-1] [WARN] [1785815795.084481843] [sensing.lidar.concatenate_data]: transformed_raw_points[/sensing/lidar/right/pointcloud_before_sync] is nullptr, skipping pointcloud publish.
[component_container_mt-1] [WARN] [1785815795.084517082] [sensing.lidar.concatenate_data]: transformed_raw_points[/sensing/lidar/left/pointcloud_before_sync] is nullptr, skipping pointcloud publish.
[autoware_ndt_scan_matcher_node-24] [INFO] [1785815795.085532820] [localization.pose_estimator.ndt_scan_matcher]: Mismatch between pose timestamp and current timestamp
[component_container_mt-47] [INFO] [1785815795.184203418] [control.trajectory_follower.controller_node_exe]: Waiting for trajectory data
[component_container_mt-47] [INFO] [1785815795.184246014] [control.trajectory_follower.controller_node_exe]: Control is skipped since input data is not ready.
[component_container_mt-1] [WARN] [1785815795.184802204] [sensing.lidar.concatenate_data]: transformed_raw_points[/sensing/lidar/right/pointcloud_before_sync] is nullptr, skipping pointcloud publish.
[component_container_mt-1] [WARN] [1785815795.184832832] [sensing.lidar.concatenate_data]: transformed_raw_points[/sensing/lidar/left/pointcloud_before_sync] is nullptr, skipping pointcloud publish.
[autoware_ndt_scan_matcher_node-24] [INFO] [1785815795.185340998] [localization.pose_estimator.ndt_scan_matcher]: Mismatch between pose timestamp and current timestamp
[component_container_mt-1] [WARN] [1785815795.284518500] [sensing.lidar.concatenate_data]: transformed_raw_points[/sensing/lidar/right/pointcloud_before_sync] is nullptr, skipping pointcloud publish.
[component_container_mt-1] [WARN] [1785815795.284568326] [sensing.lidar.concatenate_data]: transformed_raw_points[/sensing/lidar/left/pointcloud_before_sync] is nullptr, skipping pointcloud publish.
[autoware_ndt_scan_matcher_node-24] [INFO] [1785815795.285185016] [localization.pose_estimator.ndt_scan_matcher]: Mismatch between pose timestamp and current timestamp
[component_container_mt-1] [WARN] [1785815795.383919349] [sensing.lidar.concatenate_data]: transformed_raw_points[/sensing/lidar/right/pointcloud_before_sync] is nullptr, skipping pointcloud publish.
[component_container_mt-1] [WARN] [1785815795.383968857] [sensing.lidar.concatenate_data]: transformed_raw_points[/sensing/lidar/left/pointcloud_before_sync] is nullptr, skipping pointcloud publish.
[autoware_ndt_scan_matcher_node-24] [INFO] [1785815795.384757379] [localization.pose_estimator.ndt_scan_matcher]: Mismatch between pose timestamp and current timestamp
[component_container-18] [WARN] [1785815795.391048914] [sensing.lidar.top.crop_box_filter_self]: Invalid PointCloud: is_dense is false. The point cloud should be organized (dense) and contain only valid points. This will be an ERROR starting in 2026 JulyFrame: 'velodyne_top', Stamp: 59.835701844
[component_container_mt-1] [WARN] [1785815795.483867772] [sensing.lidar.concatenate_data]: transformed_raw_points[/sensing/lidar/right/pointcloud_before_sync] is nullptr, skipping pointcloud publish.
[component_container_mt-1] [WARN] [1785815795.483918344] [sensing.lidar.concatenate_data]: transformed_raw_points[/sensing/lidar/left/pointcloud_before_sync] is nullptr, skipping pointcloud publish.
[autoware_ndt_scan_matcher_node-24] [INFO] [1785815795.484667451] [localization.pose_estimator.ndt_scan_matcher]: Mismatch between pose timestamp and current timestamp
[component_container_mt-1] [WARN] [1785815795.583757879] [sensing.lidar.concatenate_data]: transformed_raw_points[/sensing/lidar/right/pointcloud_before_sync] is nullptr, skipping pointcloud publish.
[component_container_mt-1] [WARN] [1785815795.583802817] [sensing.lidar.concatenate_data]: transformed_raw_points[/sensing/lidar/left/pointcloud_before_sync] is nullptr, skipping pointcloud publish.
[autoware_ndt_scan_matcher_node-24] [INFO] [1785815795.584927138] [localization.pose_estimator.ndt_scan_matcher]: Mismatch between pose timestamp and current timestamp
[component_container_mt-1] [WARN] [1785815795.684149587] [sensing.lidar.concatenate_data]: transformed_raw_points[/sensing/lidar/right/pointcloud_before_sync] is nullptr, skipping pointcloud publish.
[component_container_mt-1] [WARN] [1785815795.684195897] [sensing.lidar.concatenate_data]: transformed_raw_points[/sensing/lidar/left/pointcloud_before_sync] is nullptr, skipping pointcloud publish.
[autoware_mrm_handler_node-13] [INFO] [1785815795.684242079] [system.mrm_handler]: MRM State changed: NORMAL -> MRM_OPERATING
[autoware_mrm_handler_node-13] [WARN] [1785815795.684692517] [system.mrm_handler]: EMERGENCY_STOP is operated.
[autoware_ndt_scan_matcher_node-24] [INFO] [1785815795.684691683] [localization.pose_estimator.ndt_scan_matcher]: Mismatch between pose timestamp and current timestamp
[component_container_mt-47] [WARN] [1785815795.734757798] [control.vehicle_cmd_gate]: Emergency!
[component_container_mt-48] [INFO] [1785815795.735677057] [control.control_validator]: waiting for /planning/trajectory
[component_container_mt-1] [WARN] [1785815795.783830251] [sensing.lidar.concatenate_data]: transformed_raw_points[/sensing/lidar/right/pointcloud_before_sync] is nullptr, skipping pointcloud publish.
[component_container_mt-1] [WARN] [1785815795.783878192] [sensing.lidar.concatenate_data]: transformed_raw_points[/sensing/lidar/left/pointcloud_before_sync] is nullptr, skipping pointcloud publish.
[autoware_mrm_handler_node-13] [INFO] [1785815795.784046382] [system.mrm_handler]: MRM State changed: MRM_OPERATING -> NORMAL
[autoware_ndt_scan_matcher_node-24] [INFO] [1785815795.784624677] [localization.pose_estimator.ndt_scan_matcher]: Mismatch between pose timestamp and current timestamp
[autoware_mrm_handler_node-13] [WARN] [1785815795.784806613] [system.mrm_handler]: EMERGENCY_STOP is canceled.
[component_container_mt-1] [WARN] [1785815795.792925482] [localization.util.crop_box_filter_measurement_range]: Invalid PointCloud: row_step mismatch. Expected: 99472 (width 6217 * point_step 16), Got: 0. Frame: 'base_link', Stamp: 60.235701850 Please fill in the `cloud->row_step` field accordingly. This will be an ERROR starting in 2026 July
[component_container_mt-1] [WARN] [1785815795.884459685] [sensing.lidar.concatenate_data]: transformed_raw_points[/sensing/lidar/right/pointcloud_before_sync] is nullptr, skipping pointcloud publish.
[component_container_mt-1] [WARN] [1785815795.884499124] [sensing.lidar.concatenate_data]: transformed_raw_points[/sensing/lidar/left/pointcloud_before_sync] is nullptr, skipping pointcloud publish.
[autoware_ndt_scan_matcher_node-24] [INFO] [1785815795.886006820] [localization.pose_estimator.ndt_scan_matcher]: Mismatch between pose timestamp and current timestamp
[component_container_mt-40] [INFO] [1785815795.934165161] [planning.scenario_planning.lane_driving.behavior_planning.behavior_path_planner]: waiting for scenario_topic
[component_container_mt-1] [WARN] [1785815795.983860004] [sensing.lidar.concatenate_data]: transformed_raw_points[/sensing/lidar/right/pointcloud_before_sync] is nullptr, skipping pointcloud publish.
[component_container_mt-1] [WARN] [1785815795.983911313] [sensing.lidar.concatenate_data]: transformed_raw_points[/sensing/lidar/left/pointcloud_before_sync] is nullptr, skipping pointcloud publish.
[autoware_ndt_scan_matcher_node-24] [INFO] [1785815795.984585589] [localization.pose_estimator.ndt_scan_matcher]: Mismatch between pose timestamp and current timestamp
[component_container_mt-1] [WARN] [1785815796.084282667] [sensing.lidar.concatenate_data]: transformed_raw_points[/sensing/lidar/right/pointcloud_before_sync] is nullptr, skipping pointcloud publish.
[component_container_mt-1] [WARN] [1785815796.084330624] [sensing.lidar.concatenate_data]: transformed_raw_points[/sensing/lidar/left/pointcloud_before_sync] is nullptr, skipping pointcloud publish.
[autoware_ndt_scan_matcher_node-24] [INFO] [1785815796.084764306] [localization.pose_estimator.ndt_scan_matcher]: Mismatch between pose timestamp and current timestamp
[component_container_mt-47] [INFO] [1785815796.134251370] [control.vehicle_cmd_gate]: The operation mode is changed, but the GearCommand is not received yet:
[component_container_mt-1] [WARN] [1785815796.184743870] [sensing.lidar.concatenate_data]: transformed_raw_points[/sensing/lidar/right/pointcloud_before_sync] is nullptr, skipping pointcloud publish.
[component_container_mt-1] [WARN] [1785815796.184779702] [sensing.lidar.concatenate_data]: transformed_raw_points[/sensing/lidar/left/pointcloud_before_sync] is nullptr, skipping pointcloud publish.
[autoware_ndt_scan_matcher_node-24] [INFO] [1785815796.185373531] [localization.pose_estimator.ndt_scan_matcher]: Mismatch between pose timestamp and current timestamp
[component_container_mt-48] [INFO] [1785815796.284413190] [control.autonomous_emergency_braking]: [AEB] waiting for control predicted trajectory
[component_container_mt-1] [WARN] [1785815796.284706644] [sensing.lidar.concatenate_data]: transformed_raw_points[/sensing/lidar/right/pointcloud_before_sync] is nullptr, skipping pointcloud publish.
[component_container_mt-1] [WARN] [1785815796.284746333] [sensing.lidar.concatenate_data]: transformed_raw_points[/sensing/lidar/left/pointcloud_before_sync] is nullptr, skipping pointcloud publish.
[autoware_ndt_scan_matcher_node-24] [INFO] [1785815796.285801531] [localization.pose_estimator.ndt_scan_matcher]: Mismatch between pose timestamp and current timestamp
[component_container_mt-1] [WARN] [1785815796.384918591] [sensing.lidar.concatenate_data]: transformed_raw_points[/sensing/lidar/right/pointcloud_before_sync] is nullptr, skipping pointcloud publish.
[component_container_mt-1] [WARN] [1785815796.384962137] [sensing.lidar.concatenate_data]: transformed_raw_points[/sensing/lidar/left/pointcloud_before_sync] is nullptr, skipping pointcloud publish.
[autoware_ndt_scan_matcher_node-24] [INFO] [1785815796.385523353] [localization.pose_estimator.ndt_scan_matcher]: Mismatch between pose timestamp and current timestamp
[component_container_mt-1] [WARN] [1785815796.484423082] [sensing.lidar.concatenate_data]: transformed_raw_points[/sensing/lidar/right/pointcloud_before_sync] is nullptr, skipping pointcloud publish.
[component_container_mt-1] [WARN] [1785815796.484466408] [sensing.lidar.concatenate_data]: transformed_raw_points[/sensing/lidar/left/pointcloud_before_sync] is nullptr, skipping pointcloud publish.
[autoware_ndt_scan_matcher_node-24] [INFO] [1785815796.485168567] [localization.pose_estimator.ndt_scan_matcher]: Mismatch between pose timestamp and current timestamp
[component_container_mt-1] [WARN] [1785815796.583846144] [sensing.lidar.concatenate_data]: transformed_raw_points[/sensing/lidar/right/pointcloud_before_sync] is nullptr, skipping pointcloud publish.
[component_container_mt-1] [WARN] [1785815796.583900153] [sensing.lidar.concatenate_data]: transformed_raw_points[/sensing/lidar/left/pointcloud_before_sync] is nullptr, skipping pointcloud publish.
[autoware_ndt_scan_matcher_node-24] [INFO] [1785815796.584442884] [localization.pose_estimator.ndt_scan_matcher]: Mismatch between pose timestamp and current timestamp
[autoware_mrm_handler_node-13] [INFO] [1785815796.683630545] [system.mrm_handler]: MRM State changed: NORMAL -> MRM_OPERATING
[component_container_mt-1] [WARN] [1785815796.683906489] [sensing.lidar.concatenate_data]: transformed_raw_points[/sensing/lidar/right/pointcloud_before_sync] is nullptr, skipping pointcloud publish.
[component_container_mt-1] [WARN] [1785815796.683943144] [sensing.lidar.concatenate_data]: transformed_raw_points[/sensing/lidar/left/pointcloud_before_sync] is nullptr, skipping pointcloud publish.
[autoware_ndt_scan_matcher_node-24] [INFO] [1785815796.684569898] [localization.pose_estimator.ndt_scan_matcher]: Mismatch between pose timestamp and current timestamp
[autoware_mrm_handler_node-13] [WARN] [1785815796.684991657] [system.mrm_handler]: EMERGENCY_STOP is operated.
[component_container_mt-47] [WARN] [1785815796.734175869] [control.vehicle_cmd_gate]: Emergency!
[component_container_mt-1] [WARN] [1785815796.783720255] [sensing.lidar.concatenate_data]: transformed_raw_points[/sensing/lidar/right/pointcloud_before_sync] is nullptr, skipping pointcloud publish.
[component_container_mt-1] [WARN] [1785815796.783766553] [sensing.lidar.concatenate_data]: transformed_raw_points[/sensing/lidar/left/pointcloud_before_sync] is nullptr, skipping pointcloud publish.
[autoware_mrm_handler_node-13] [INFO] [1785815796.783968507] [system.mrm_handler]: MRM State changed: MRM_OPERATING -> NORMAL
[autoware_mrm_handler_node-13] [WARN] [1785815796.784593070] [system.mrm_handler]: EMERGENCY_STOP is canceled.
[autoware_ndt_scan_matcher_node-24] [INFO] [1785815796.784359526] [localization.pose_estimator.ndt_scan_matcher]: Mismatch between pose timestamp and current timestamp
[component_container_mt-1] [WARN] [1785815796.883806809] [sensing.lidar.concatenate_data]: transformed_raw_points[/sensing/lidar/right/pointcloud_before_sync] is nullptr, skipping pointcloud publish.
[component_container_mt-1] [WARN] [1785815796.883855134] [sensing.lidar.concatenate_data]: transformed_raw_points[/sensing/lidar/left/pointcloud_before_sync] is nullptr, skipping pointcloud publish.
[autoware_ndt_scan_matcher_node-24] [INFO] [1785815796.884550010] [localization.pose_estimator.ndt_scan_matcher]: Mismatch between pose timestamp and current timestamp
[component_container_mt-1] [WARN] [1785815796.984056255] [sensing.lidar.concatenate_data]: transformed_raw_points[/sensing/lidar/right/pointcloud_before_sync] is nullptr, skipping pointcloud publish.
[component_container_mt-1] [WARN] [1785815796.984106282] [sensing.lidar.concatenate_data]: transformed_raw_points[/sensing/lidar/left/pointcloud_before_sync] is nullptr, skipping pointcloud publish.
[autoware_ndt_scan_matcher_node-24] [INFO] [1785815796.984849028] [localization.pose_estimator.ndt_scan_matcher]: Mismatch between pose timestamp and current timestamp
[component_container_mt-1] [WARN] [1785815797.084421057] [sensing.lidar.concatenate_data]: transformed_raw_points[/sensing/lidar/right/pointcloud_before_sync] is nullptr, skipping pointcloud publish.
[component_container_mt-1] [WARN] [1785815797.084470915] [sensing.lidar.concatenate_data]: transformed_raw_points[/sensing/lidar/left/pointcloud_before_sync] is nullptr, skipping pointcloud publish.
[autoware_ndt_scan_matcher_node-24] [INFO] [1785815797.084994597] [localization.pose_estimator.ndt_scan_matcher]: Mismatch between pose timestamp and current timestamp
[component_container-7] [WARN] [1785815797.134493370] [system.topic_state_monitor_control_command_control_cmd]: /control/command/control_cmd topic rate has dropped to the warning level. Set WARN in diagnostics.
[component_container_mt-1] [WARN] [1785815797.183976465] [sensing.lidar.concatenate_data]: transformed_raw_points[/sensing/lidar/right/pointcloud_before_sync] is nullptr, skipping pointcloud publish.
[component_container_mt-1] [WARN] [1785815797.184021472] [sensing.lidar.concatenate_data]: transformed_raw_points[/sensing/lidar/left/pointcloud_before_sync] is nullptr, skipping pointcloud publish.
[autoware_ndt_scan_matcher_node-24] [INFO] [1785815797.184568681] [localization.pose_estimator.ndt_scan_matcher]: Mismatch between pose timestamp and current timestamp
[component_container_mt-1] [WARN] [1785815797.284180588] [sensing.lidar.concatenate_data]: transformed_raw_points[/sensing/lidar/right/pointcloud_before_sync] is nullptr, skipping pointcloud publish.
[component_container_mt-1] [WARN] [1785815797.284229241] [sensing.lidar.concatenate_data]: transformed_raw_points[/sensing/lidar/left/pointcloud_before_sync] is nullptr, skipping pointcloud publish.
[autoware_ndt_scan_matcher_node-24] [INFO] [1785815797.285381696] [localization.pose_estimator.ndt_scan_matcher]: Mismatch between pose timestamp and current timestamp
[component_container_mt-1] [WARN] [1785815797.384336083] [sensing.lidar.concatenate_data]: transformed_raw_points[/sensing/lidar/right/pointcloud_before_sync] is nullptr, skipping pointcloud publish.
[component_container_mt-1] [WARN] [1785815797.384380320] [sensing.lidar.concatenate_data]: transformed_raw_points[/sensing/lidar/left/pointcloud_before_sync] is nullptr, skipping pointcloud publish.
[autoware_ndt_scan_matcher_node-24] [INFO] [1785815797.385005380] [localization.pose_estimator.ndt_scan_matcher]: Mismatch between pose timestamp and current timestamp
[component_container_mt-1] [WARN] [1785815797.484191568] [sensing.lidar.concatenate_data]: transformed_raw_points[/sensing/lidar/right/pointcloud_before_sync] is nullptr, skipping pointcloud publish.
[component_container_mt-1] [WARN] [1785815797.484245307] [sensing.lidar.concatenate_data]: transformed_raw_points[/sensing/lidar/left/pointcloud_before_sync] is nullptr, skipping pointcloud publish.
[autoware_ndt_scan_matcher_node-24] [INFO] [1785815797.484762495] [localization.pose_estimator.ndt_scan_matcher]: Mismatch between pose timestamp and current timestamp
[component_container_mt-1] [WARN] [1785815797.583647130] [sensing.lidar.concatenate_data]: transformed_raw_points[/sensing/lidar/right/pointcloud_before_sync] is nullptr, skipping pointcloud publish.
[component_container_mt-1] [WARN] [1785815797.583698317] [sensing.lidar.concatenate_data]: transformed_raw_points[/sensing/lidar/left/pointcloud_before_sync] is nullptr, skipping pointcloud publish.
[autoware_ndt_scan_matcher_node-24] [INFO] [1785815797.584155987] [localization.pose_estimator.ndt_scan_matcher]: Mismatch between pose timestamp and current timestamp
[component_container_mt-48] [INFO] [1785815797.633889200] [control.trajectory_follower.lane_departure_checker_node]: waiting for route msg...
[autoware_mrm_handler_node-13] [INFO] [1785815797.683338435] [system.mrm_handler]: MRM State changed: NORMAL -> MRM_OPERATING
[autoware_scenario_selector_node-36] [INFO] [1785815797.683488593] [planning.scenario_planning.scenario_selector]: Waiting for route.
[component_container_mt-1] [WARN] [1785815797.683581445] [sensing.lidar.concatenate_data]: transformed_raw_points[/sensing/lidar/right/pointcloud_before_sync] is nullptr, skipping pointcloud publish.
[component_container_mt-1] [WARN] [1785815797.683615979] [sensing.lidar.concatenate_data]: transformed_raw_points[/sensing/lidar/left/pointcloud_before_sync] is nullptr, skipping pointcloud publish.
[autoware_ndt_scan_matcher_node-24] [INFO] [1785815797.684293454] [localization.pose_estimator.ndt_scan_matcher]: Mismatch between pose timestamp and current timestamp
[autoware_mrm_handler_node-13] [WARN] [1785815797.684334928] [system.mrm_handler]: EMERGENCY_STOP is operated.
[autoware_mrm_handler_node-13] [INFO] [1785815797.783784190] [system.mrm_handler]: MRM State changed: MRM_OPERATING -> NORMAL
[component_container_mt-1] [WARN] [1785815797.783952621] [sensing.lidar.concatenate_data]: transformed_raw_points[/sensing/lidar/right/pointcloud_before_sync] is nullptr, skipping pointcloud publish.
[component_container_mt-1] [WARN] [1785815797.783995229] [sensing.lidar.concatenate_data]: transformed_raw_points[/sensing/lidar/left/pointcloud_before_sync] is nullptr, skipping pointcloud publish.
[autoware_mrm_handler_node-13] [WARN] [1785815797.784331360] [system.mrm_handler]: EMERGENCY_STOP is canceled.
[component_container_mt-47] [WARN] [1785815797.784373329] [control.vehicle_cmd_gate]: Emergency!
[autoware_ndt_scan_matcher_node-24] [INFO] [1785815797.784630327] [localization.pose_estimator.ndt_scan_matcher]: Mismatch between pose timestamp and current timestamp
[component_container_mt-1] [WARN] [1785815797.883976571] [sensing.lidar.concatenate_data]: transformed_raw_points[/sensing/lidar/right/pointcloud_before_sync] is nullptr, skipping pointcloud publish.
[component_container_mt-1] [WARN] [1785815797.884016379] [sensing.lidar.concatenate_data]: transformed_raw_points[/sensing/lidar/left/pointcloud_before_sync] is nullptr, skipping pointcloud publish.
[autoware_ndt_scan_matcher_node-24] [INFO] [1785815797.884575449] [localization.pose_estimator.ndt_scan_matcher]: Mismatch between pose timestamp and current timestamp
[component_container_mt-1] [WARN] [1785815797.983977476] [sensing.lidar.concatenate_data]: transformed_raw_points[/sensing/lidar/right/pointcloud_before_sync] is nullptr, skipping pointcloud publish.
[component_container_mt-1] [WARN] [1785815797.984020038] [sensing.lidar.concatenate_data]: transformed_raw_points[/sensing/lidar/left/pointcloud_before_sync] is nullptr, skipping pointcloud publish.
[autoware_ndt_scan_matcher_node-24] [INFO] [1785815797.984763675] [localization.pose_estimator.ndt_scan_matcher]: Mismatch between pose timestamp and current timestamp
[component_container-7] [INFO] [1785815798.083978889] [system.topic_state_monitor_trajectory_follower_control_cmd]: /control/trajectory_follower/control_cmd has not received. Set ERROR in diagnostics.
[component_container_mt-1] [WARN] [1785815798.084254871] [sensing.lidar.concatenate_data]: transformed_raw_points[/sensing/lidar/right/pointcloud_before_sync] is nullptr, skipping pointcloud publish.
[component_container_mt-1] [WARN] [1785815798.084289081] [sensing.lidar.concatenate_data]: transformed_raw_points[/sensing/lidar/left/pointcloud_before_sync] is nullptr, skipping pointcloud publish.
[autoware_ndt_scan_matcher_node-24] [INFO] [1785815798.084876527] [localization.pose_estimator.ndt_scan_matcher]: Mismatch between pose timestamp and current timestamp
[component_container_mt-1] [WARN] [1785815798.184342556] [sensing.lidar.concatenate_data]: transformed_raw_points[/sensing/lidar/right/pointcloud_before_sync] is nullptr, skipping pointcloud publish.
[component_container_mt-1] [WARN] [1785815798.184389135] [sensing.lidar.concatenate_data]: transformed_raw_points[/sensing/lidar/left/pointcloud_before_sync] is nullptr, skipping pointcloud publish.
[autoware_ndt_scan_matcher_node-24] [INFO] [1785815798.184890218] [localization.pose_estimator.ndt_scan_matcher]: Mismatch between pose timestamp and current timestamp
[component_container_mt-1] [WARN] [1785815798.284345321] [sensing.lidar.concatenate_data]: transformed_raw_points[/sensing/lidar/right/pointcloud_before_sync] is nullptr, skipping pointcloud publish.
[component_container_mt-1] [WARN] [1785815798.284386267] [sensing.lidar.concatenate_data]: transformed_raw_points[/sensing/lidar/left/pointcloud_before_sync] is nullptr, skipping pointcloud publish.
[autoware_ndt_scan_matcher_node-24] [INFO] [1785815798.284845082] [localization.pose_estimator.ndt_scan_matcher]: Mismatch between pose timestamp and current timestamp
[component_container_mt-1] [WARN] [1785815798.384359628] [sensing.lidar.concatenate_data]: transformed_raw_points[/sensing/lidar/right/pointcloud_before_sync] is nullptr, skipping pointcloud publish.
[component_container_mt-1] [WARN] [1785815798.384406031] [sensing.lidar.concatenate_data]: transformed_raw_points[/sensing/lidar/left/pointcloud_before_sync] is nullptr, skipping pointcloud publish.
[autoware_ndt_scan_matcher_node-24] [INFO] [1785815798.385159036] [localization.pose_estimator.ndt_scan_matcher]: Mismatch between pose timestamp and current timestamp
[component_container_mt-1] [WARN] [1785815798.483781055] [sensing.lidar.concatenate_data]: transformed_raw_points[/sensing/lidar/right/pointcloud_before_sync] is nullptr, skipping pointcloud publish.
[component_container_mt-1] [WARN] [1785815798.483831720] [sensing.lidar.concatenate_data]: transformed_raw_points[/sensing/lidar/left/pointcloud_before_sync] is nullptr, skipping pointcloud publish.
[autoware_ndt_scan_matcher_node-24] [INFO] [1785815798.484506388] [localization.pose_estimator.ndt_scan_matcher]: Mismatch between pose timestamp and current timestamp
[component_container_mt-1] [WARN] [1785815798.584032468] [sensing.lidar.concatenate_data]: transformed_raw_points[/sensing/lidar/right/pointcloud_before_sync] is nullptr, skipping pointcloud publish.
[component_container_mt-1] [WARN] [1785815798.584080620] [sensing.lidar.concatenate_data]: transformed_raw_points[/sensing/lidar/left/pointcloud_before_sync] is nullptr, skipping pointcloud publish.
[autoware_ndt_scan_matcher_node-24] [INFO] [1785815798.584679450] [localization.pose_estimator.ndt_scan_matcher]: Mismatch between pose timestamp and current timestamp
[logging_node-14] [WARN] [1785815798.683601929] [logging_diag_graph]: The target mode is not available for the following reasons:
[logging_node-14] - /autoware/modes/autonomous ERROR
[logging_node-14]     - /autoware/localization ERROR
[logging_node-14]         - /autoware/localization/state STALE
[logging_node-14]     - /autoware/planning ERROR
[logging_node-14]         - /autoware/planning/routing/state STALE
[logging_node-14]         - [anonymous group] ERROR
[logging_node-14]             - /autoware/planning/topic_rate_check/route ERROR
[logging_node-14]             - /autoware/planning/topic_rate_check/trajectory ERROR
[logging_node-14]     - /autoware/control ERROR
[logging_node-14]         - /autoware/control/topic_rate_check/trajectory_follower ERROR
[logging_node-14]         - /autoware/control/topic_rate_check/control_command WARN 
[logging_node-14]         - /autoware/control/performance_monitoring/lane_departure STALE
[logging_node-14]         - /autoware/control/performance_monitoring/control_state STALE
[logging_node-14]     - /adapi/mrm_request/delegate STALE
[logging_node-14] 
[autoware_mrm_handler_node-13] [INFO] [1785815798.683740952] [system.mrm_handler]: MRM State changed: NORMAL -> MRM_OPERATING
[autoware_mrm_handler_node-13] [WARN] [1785815798.684141954] [system.mrm_handler]: EMERGENCY_STOP is operated.
[component_container_mt-1] [WARN] [1785815798.683847386] [sensing.lidar.concatenate_data]: transformed_raw_points[/sensing/lidar/right/pointcloud_before_sync] is nullptr, skipping pointcloud publish.
[component_container_mt-1] [WARN] [1785815798.683883476] [sensing.lidar.concatenate_data]: transformed_raw_points[/sensing/lidar/left/pointcloud_before_sync] is nullptr, skipping pointcloud publish.
[autoware_ndt_scan_matcher_node-24] [INFO] [1785815798.684395861] [localization.pose_estimator.ndt_scan_matcher]: Mismatch between pose timestamp and current timestamp
[component_container_mt-1] [WARN] [1785815798.783859487] [sensing.lidar.concatenate_data]: transformed_raw_points[/sensing/lidar/right/pointcloud_before_sync] is nullptr, skipping pointcloud publish.
[component_container_mt-1] [WARN] [1785815798.783913656] [sensing.lidar.concatenate_data]: transformed_raw_points[/sensing/lidar/left/pointcloud_before_sync] is nullptr, skipping pointcloud publish.
[autoware_mrm_handler_node-13] [INFO] [1785815798.784031679] [system.mrm_handler]: MRM State changed: MRM_OPERATING -> NORMAL
[autoware_mrm_handler_node-13] [WARN] [1785815798.784598651] [system.mrm_handler]: EMERGENCY_STOP is canceled.
[component_container_mt-47] [WARN] [1785815798.784257914] [control.vehicle_cmd_gate]: Emergency!
[autoware_ndt_scan_matcher_node-24] [INFO] [1785815798.784547251] [localization.pose_estimator.ndt_scan_matcher]: Mismatch between pose timestamp and current timestamp
[component_container_mt-1] [WARN] [1785815798.884063384] [sensing.lidar.concatenate_data]: transformed_raw_points[/sensing/lidar/right/pointcloud_before_sync] is nullptr, skipping pointcloud publish.
[component_container_mt-1] [WARN] [1785815798.884346195] [sensing.lidar.concatenate_data]: transformed_raw_points[/sensing/lidar/left/pointcloud_before_sync] is nullptr, skipping pointcloud publish.
[autoware_ndt_scan_matcher_node-24] [INFO] [1785815798.885111572] [localization.pose_estimator.ndt_scan_matcher]: Mismatch between pose timestamp and current timestamp
[component_container_mt-1] [WARN] [1785815798.984406718] [sensing.lidar.concatenate_data]: transformed_raw_points[/sensing/lidar/right/pointcloud_before_sync] is nullptr, skipping pointcloud publish.
[component_container_mt-1] [WARN] [1785815798.984452527] [sensing.lidar.concatenate_data]: transformed_raw_points[/sensing/lidar/left/pointcloud_before_sync] is nullptr, skipping pointcloud publish.
[autoware_ndt_scan_matcher_node-24] [INFO] [1785815798.985322108] [localization.pose_estimator.ndt_scan_matcher]: Mismatch between pose timestamp and current timestamp
[component_container_mt-1] [WARN] [1785815799.084172721] [sensing.lidar.concatenate_data]: transformed_raw_points[/sensing/lidar/right/pointcloud_before_sync] is nullptr, skipping pointcloud publish.
[component_container_mt-1] [WARN] [1785815799.084225727] [sensing.lidar.concatenate_data]: transformed_raw_points[/sensing/lidar/left/pointcloud_before_sync] is nullptr, skipping pointcloud publish.
[autoware_ndt_scan_matcher_node-24] [INFO] [1785815799.084880262] [localization.pose_estimator.ndt_scan_matcher]: Mismatch between pose timestamp and current timestamp
[component_container_mt-1] [WARN] [1785815799.184935004] [sensing.lidar.concatenate_data]: transformed_raw_points[/sensing/lidar/right/pointcloud_before_sync] is nullptr, skipping pointcloud publish.
[component_container_mt-1] [WARN] [1785815799.184975511] [sensing.lidar.concatenate_data]: transformed_raw_points[/sensing/lidar/left/pointcloud_before_sync] is nullptr, skipping pointcloud publish.
[autoware_ndt_scan_matcher_node-24] [INFO] [1785815799.185407504] [localization.pose_estimator.ndt_scan_matcher]: Mismatch between pose timestamp and current timestamp
[component_container_mt-1] [WARN] [1785815799.283701276] [sensing.lidar.concatenate_data]: transformed_raw_points[/sensing/lidar/right/pointcloud_before_sync] is nullptr, skipping pointcloud publish.
[component_container_mt-1] [WARN] [1785815799.283748901] [sensing.lidar.concatenate_data]: transformed_raw_points[/sensing/lidar/left/pointcloud_before_sync] is nullptr, skipping pointcloud publish.
[autoware_ndt_scan_matcher_node-24] [INFO] [1785815799.284606675] [localization.pose_estimator.ndt_scan_matcher]: Mismatch between pose timestamp and current timestamp
[component_container_mt-1] [WARN] [1785815799.384244533] [sensing.lidar.concatenate_data]: transformed_raw_points[/sensing/lidar/right/pointcloud_before_sync] is nullptr, skipping pointcloud publish.
[component_container_mt-1] [WARN] [1785815799.384294544] [sensing.lidar.concatenate_data]: transformed_raw_points[/sensing/lidar/left/pointcloud_before_sync] is nullptr, skipping pointcloud publish.
[autoware_ndt_scan_matcher_node-24] [INFO] [1785815799.384957463] [localization.pose_estimator.ndt_scan_matcher]: Mismatch between pose timestamp and current timestamp
[component_container_mt-1] [WARN] [1785815799.484807181] [sensing.lidar.concatenate_data]: transformed_raw_points[/sensing/lidar/right/pointcloud_before_sync] is nullptr, skipping pointcloud publish.
[component_container_mt-1] [WARN] [1785815799.484845618] [sensing.lidar.concatenate_data]: transformed_raw_points[/sensing/lidar/left/pointcloud_before_sync] is nullptr, skipping pointcloud publish.
[autoware_ndt_scan_matcher_node-24] [INFO] [1785815799.486626416] [localization.pose_estimator.ndt_scan_matcher]: Mismatch between pose timestamp and current timestamp
[component_container_mt-1] [WARN] [1785815799.583505657] [sensing.lidar.concatenate_data]: transformed_raw_points[/sensing/lidar/right/pointcloud_before_sync] is nullptr, skipping pointcloud publish.
[component_container_mt-1] [WARN] [1785815799.583556177] [sensing.lidar.concatenate_data]: transformed_raw_points[/sensing/lidar/left/pointcloud_before_sync] is nullptr, skipping pointcloud publish.
[autoware_ndt_scan_matcher_node-24] [INFO] [1785815799.584057973] [localization.pose_estimator.ndt_scan_matcher]: Mismatch between pose timestamp and current timestamp
[autoware_mrm_handler_node-13] [INFO] [1785815799.684266181] [system.mrm_handler]: MRM State changed: NORMAL -> MRM_OPERATING
[component_container_mt-1] [WARN] [1785815799.684396981] [sensing.lidar.concatenate_data]: transformed_raw_points[/sensing/lidar/right/pointcloud_before_sync] is nullptr, skipping pointcloud publish.
[component_container_mt-1] [WARN] [1785815799.684437628] [sensing.lidar.concatenate_data]: transformed_raw_points[/sensing/lidar/left/pointcloud_before_sync] is nullptr, skipping pointcloud publish.
[autoware_mrm_handler_node-13] [WARN] [1785815799.684441964] [system.mrm_handler]: EMERGENCY_STOP is operated.
[autoware_ndt_scan_matcher_node-24] [INFO] [1785815799.685564259] [localization.pose_estimator.ndt_scan_matcher]: Mismatch between pose timestamp and current timestamp
[component_container_mt-1] [WARN] [1785815799.783874058] [sensing.lidar.concatenate_data]: transformed_raw_points[/sensing/lidar/right/pointcloud_before_sync] is nullptr, skipping pointcloud publish.
[component_container_mt-1] [WARN] [1785815799.783924571] [sensing.lidar.concatenate_data]: transformed_raw_points[/sensing/lidar/left/pointcloud_before_sync] is nullptr, skipping pointcloud publish.
[component_container_mt-47] [WARN] [1785815799.783982002] [control.vehicle_cmd_gate]: Emergency!
[autoware_mrm_handler_node-13] [INFO] [1785815799.784069569] [system.mrm_handler]: MRM State changed: MRM_OPERATING -> NORMAL
[autoware_ndt_scan_matcher_node-24] [INFO] [1785815799.784424473] [localization.pose_estimator.ndt_scan_matcher]: Mismatch between pose timestamp and current timestamp
[autoware_mrm_handler_node-13] [WARN] [1785815799.784817505] [system.mrm_handler]: EMERGENCY_STOP is canceled.
[component_container_mt-1] [WARN] [1785815799.883815098] [sensing.lidar.concatenate_data]: transformed_raw_points[/sensing/lidar/right/pointcloud_before_sync] is nullptr, skipping pointcloud publish.
[component_container_mt-1] [WARN] [1785815799.883857883] [sensing.lidar.concatenate_data]: transformed_raw_points[/sensing/lidar/left/pointcloud_before_sync] is nullptr, skipping pointcloud publish.
[autoware_ndt_scan_matcher_node-24] [INFO] [1785815799.884471463] [localization.pose_estimator.ndt_scan_matcher]: Mismatch between pose timestamp and current timestamp
[component_container_mt-1] [WARN] [1785815799.984118005] [sensing.lidar.concatenate_data]: transformed_raw_points[/sensing/lidar/right/pointcloud_before_sync] is nullptr, skipping pointcloud publish.
[component_container_mt-1] [WARN] [1785815799.984170333] [sensing.lidar.concatenate_data]: transformed_raw_points[/sensing/lidar/left/pointcloud_before_sync] is nullptr, skipping pointcloud publish.
[autoware_ndt_scan_matcher_node-24] [INFO] [1785815799.984734580] [localization.pose_estimator.ndt_scan_matcher]: Mismatch between pose timestamp and current timestamp
[component_container_mt-1] [WARN] [1785815800.084115458] [sensing.lidar.concatenate_data]: transformed_raw_points[/sensing/lidar/right/pointcloud_before_sync] is nullptr, skipping pointcloud publish.
[component_container_mt-1] [WARN] [1785815800.084169685] [sensing.lidar.concatenate_data]: transformed_raw_points[/sensing/lidar/left/pointcloud_before_sync] is nullptr, skipping pointcloud publish.
[autoware_ndt_scan_matcher_node-24] [INFO] [1785815800.085007750] [localization.pose_estimator.ndt_scan_matcher]: Mismatch between pose timestamp and current timestamp
[component_container-7] [WARN] [1785815800.134229511] [system.topic_state_monitor_control_command_control_cmd]: /control/command/control_cmd topic rate has dropped to the warning level. Set WARN in diagnostics.
[component_container_mt-47] [INFO] [1785815800.183859656] [control.trajectory_follower.controller_node_exe]: Waiting for trajectory data
[component_container_mt-47] [INFO] [1785815800.183913587] [control.trajectory_follower.controller_node_exe]: Control is skipped since input data is not ready.
[component_container_mt-1] [WARN] [1785815800.184842294] [sensing.lidar.concatenate_data]: transformed_raw_points[/sensing/lidar/right/pointcloud_before_sync] is nullptr, skipping pointcloud publish.
[component_container_mt-1] [WARN] [1785815800.184876432] [sensing.lidar.concatenate_data]: transformed_raw_points[/sensing/lidar/left/pointcloud_before_sync] is nullptr, skipping pointcloud publish.
[autoware_ndt_scan_matcher_node-24] [INFO] [1785815800.185469142] [localization.pose_estimator.ndt_scan_matcher]: Mismatch between pose timestamp and current timestamp
[component_container_mt-1] [WARN] [1785815800.284106109] [sensing.lidar.concatenate_data]: transformed_raw_points[/sensing/lidar/right/pointcloud_before_sync] is nullptr, skipping pointcloud publish.
[component_container_mt-1] [WARN] [1785815800.284159258] [sensing.lidar.concatenate_data]: transformed_raw_points[/sensing/lidar/left/pointcloud_before_sync] is nullptr, skipping pointcloud publish.
[autoware_ndt_scan_matcher_node-24] [INFO] [1785815800.284859725] [localization.pose_estimator.ndt_scan_matcher]: Mismatch between pose timestamp and current timestamp
[component_container_mt-1] [WARN] [1785815800.384381564] [sensing.lidar.concatenate_data]: transformed_raw_points[/sensing/lidar/right/pointcloud_before_sync] is nullptr, skipping pointcloud publish.
[component_container_mt-1] [WARN] [1785815800.384427661] [sensing.lidar.concatenate_data]: transformed_raw_points[/sensing/lidar/left/pointcloud_before_sync] is nullptr, skipping pointcloud publish.
[autoware_ndt_scan_matcher_node-24] [INFO] [1785815800.385048365] [localization.pose_estimator.ndt_scan_matcher]: Mismatch between pose timestamp and current timestamp
[component_container-18] [WARN] [1785815800.391058572] [sensing.lidar.top.crop_box_filter_self]: Invalid PointCloud: is_dense is false. The point cloud should be organized (dense) and contain only valid points. This will be an ERROR starting in 2026 JulyFrame: 'velodyne_top', Stamp: 64.835701918
[component_container_mt-1] [WARN] [1785815800.484346920] [sensing.lidar.concatenate_data]: transformed_raw_points[/sensing/lidar/right/pointcloud_before_sync] is nullptr, skipping pointcloud publish.
[component_container_mt-1] [WARN] [1785815800.484395333] [sensing.lidar.concatenate_data]: transformed_raw_points[/sensing/lidar/left/pointcloud_before_sync] is nullptr, skipping pointcloud publish.
[autoware_ndt_scan_matcher_node-24] [INFO] [1785815800.485198711] [localization.pose_estimator.ndt_scan_matcher]: Mismatch between pose timestamp and current timestamp
[component_container_mt-1] [WARN] [1785815800.584633909] [sensing.lidar.concatenate_data]: transformed_raw_points[/sensing/lidar/right/pointcloud_before_sync] is nullptr, skipping pointcloud publish.
[component_container_mt-1] [WARN] [1785815800.584677585] [sensing.lidar.concatenate_data]: transformed_raw_points[/sensing/lidar/left/pointcloud_before_sync] is nullptr, skipping pointcloud publish.
[autoware_ndt_scan_matcher_node-24] [INFO] [1785815800.585106791] [localization.pose_estimator.ndt_scan_matcher]: Mismatch between pose timestamp and current timestamp
[component_container_mt-1] [WARN] [1785815800.683977636] [sensing.lidar.concatenate_data]: transformed_raw_points[/sensing/lidar/right/pointcloud_before_sync] is nullptr, skipping pointcloud publish.
[component_container_mt-1] [WARN] [1785815800.684022833] [sensing.lidar.concatenate_data]: transformed_raw_points[/sensing/lidar/left/pointcloud_before_sync] is nullptr, skipping pointcloud publish.
[autoware_mrm_handler_node-13] [INFO] [1785815800.684217639] [system.mrm_handler]: MRM State changed: NORMAL -> MRM_OPERATING
[autoware_mrm_handler_node-13] [WARN] [1785815800.684386291] [system.mrm_handler]: EMERGENCY_STOP is operated.
[autoware_ndt_scan_matcher_node-24] [INFO] [1785815800.684578214] [localization.pose_estimator.ndt_scan_matcher]: Mismatch between pose timestamp and current timestamp
[component_container-18] [WARN] [1785815800.691080936] [sensing.lidar.top.distortion_corrector_node]: Twist time_stamp is too late. Could not interpolate.
[component_container_mt-48] [INFO] [1785815800.734817404] [control.control_validator]: waiting for /planning/trajectory
[component_container_mt-1] [WARN] [1785815800.784099286] [sensing.lidar.concatenate_data]: transformed_raw_points[/sensing/lidar/right/pointcloud_before_sync] is nullptr, skipping pointcloud publish.
[component_container_mt-1] [WARN] [1785815800.784149033] [sensing.lidar.concatenate_data]: transformed_raw_points[/sensing/lidar/left/pointcloud_before_sync] is nullptr, skipping pointcloud publish.
[autoware_mrm_handler_node-13] [INFO] [1785815800.784139060] [system.mrm_handler]: MRM State changed: MRM_OPERATING -> NORMAL
[component_container_mt-47] [WARN] [1785815800.784259346] [control.vehicle_cmd_gate]: Emergency!
[autoware_ndt_scan_matcher_node-24] [INFO] [1785815800.784917175] [localization.pose_estimator.ndt_scan_matcher]: Mismatch between pose timestamp and current timestamp
[autoware_mrm_handler_node-13] [WARN] [1785815800.784960611] [system.mrm_handler]: EMERGENCY_STOP is canceled.
[component_container_mt-1] [WARN] [1785815800.791825942] [localization.util.crop_box_filter_measurement_range]: Invalid PointCloud: row_step mismatch. Expected: 98784 (width 6174 * point_step 16), Got: 0. Frame: 'base_link', Stamp: 65.235701924 Please fill in the `cloud->row_step` field accordingly. This will be an ERROR starting in 2026 July
[component_container_mt-1] [WARN] [1785815800.883898069] [sensing.lidar.concatenate_data]: transformed_raw_points[/sensing/lidar/right/pointcloud_before_sync] is nullptr, skipping pointcloud publish.
[component_container_mt-1] [WARN] [1785815800.883942140] [sensing.lidar.concatenate_data]: transformed_raw_points[/sensing/lidar/left/pointcloud_before_sync] is nullptr, skipping pointcloud publish.
[autoware_ndt_scan_matcher_node-24] [INFO] [1785815800.884571170] [localization.pose_estimator.ndt_scan_matcher]: Mismatch between pose timestamp and current timestamp
[component_container_mt-40] [INFO] [1785815800.934405139] [planning.scenario_planning.lane_driving.behavior_planning.behavior_path_planner]: waiting for scenario_topic
[component_container_mt-1] [WARN] [1785815800.984181198] [sensing.lidar.concatenate_data]: transformed_raw_points[/sensing/lidar/right/pointcloud_before_sync] is nullptr, skipping pointcloud publish.
[component_container_mt-1] [WARN] [1785815800.984231649] [sensing.lidar.concatenate_data]: transformed_raw_points[/sensing/lidar/left/pointcloud_before_sync] is nullptr, skipping pointcloud publish.
[autoware_ndt_scan_matcher_node-24] [INFO] [1785815800.984786926] [localization.pose_estimator.ndt_scan_matcher]: Mismatch between pose timestamp and current timestamp
[component_container-7] [INFO] [1785815801.084674085] [system.topic_state_monitor_mission_planning_route]: /planning/mission_planning/route has not received. Set ERROR in diagnostics.
[component_container_mt-1] [WARN] [1785815801.084822856] [sensing.lidar.concatenate_data]: transformed_raw_points[/sensing/lidar/right/pointcloud_before_sync] is nullptr, skipping pointcloud publish.
[component_container_mt-1] [WARN] [1785815801.084861183] [sensing.lidar.concatenate_data]: transformed_raw_points[/sensing/lidar/left/pointcloud_before_sync] is nullptr, skipping pointcloud publish.
[autoware_ndt_scan_matcher_node-24] [INFO] [1785815801.085631529] [localization.pose_estimator.ndt_scan_matcher]: Mismatch between pose timestamp and current timestamp
[component_container_mt-47] [INFO] [1785815801.134122077] [control.vehicle_cmd_gate]: The operation mode is changed, but the GearCommand is not received yet:
[component_container_mt-1] [WARN] [1785815801.184249058] [sensing.lidar.concatenate_data]: transformed_raw_points[/sensing/lidar/right/pointcloud_before_sync] is nullptr, skipping pointcloud publish.
[autoware_ndt_scan_matcher_node-24] [INFO] [1785815801.184822748] [localization.pose_estimator.ndt_scan_matcher]: Mismatch between pose timestamp and current timestamp
[component_container_mt-1] [WARN] [1785815801.184935663] [sensing.lidar.concatenate_data]: transformed_raw_points[/sensing/lidar/left/pointcloud_before_sync] is nullptr, skipping pointcloud publish.
[component_container_mt-1] [WARN] [1785815801.284249336] [sensing.lidar.concatenate_data]: transformed_raw_points[/sensing/lidar/right/pointcloud_before_sync] is nullptr, skipping pointcloud publish.
[component_container_mt-1] [WARN] [1785815801.284290304] [sensing.lidar.concatenate_data]: transformed_raw_points[/sensing/lidar/left/pointcloud_before_sync] is nullptr, skipping pointcloud publish.
[component_container_mt-48] [INFO] [1785815801.284356253] [control.autonomous_emergency_braking]: [AEB] waiting for control predicted trajectory
[autoware_ndt_scan_matcher_node-24] [INFO] [1785815801.284981888] [localization.pose_estimator.ndt_scan_matcher]: Mismatch between pose timestamp and current timestamp
[component_container_mt-1] [WARN] [1785815801.384338217] [sensing.lidar.concatenate_data]: transformed_raw_points[/sensing/lidar/right/pointcloud_before_sync] is nullptr, skipping pointcloud publish.
[component_container_mt-1] [WARN] [1785815801.384378419] [sensing.lidar.concatenate_data]: transformed_raw_points[/sensing/lidar/left/pointcloud_before_sync] is nullptr, skipping pointcloud publish.
[autoware_ndt_scan_matcher_node-24] [INFO] [1785815801.384808638] [localization.pose_estimator.ndt_scan_matcher]: Mismatch between pose timestamp and current timestamp
[component_container_mt-1] [WARN] [1785815801.483851783] [sensing.lidar.concatenate_data]: transformed_raw_points[/sensing/lidar/right/pointcloud_before_sync] is nullptr, skipping pointcloud publish.
[component_container_mt-1] [WARN] [1785815801.483907344] [sensing.lidar.concatenate_data]: transformed_raw_points[/sensing/lidar/left/pointcloud_before_sync] is nullptr, skipping pointcloud publish.
[autoware_ndt_scan_matcher_node-24] [INFO] [1785815801.485234339] [localization.pose_estimator.ndt_scan_matcher]: Mismatch between pose timestamp and current timestamp
[component_container_mt-1] [WARN] [1785815801.583590782] [sensing.lidar.concatenate_data]: transformed_raw_points[/sensing/lidar/right/pointcloud_before_sync] is nullptr, skipping pointcloud publish.
[component_container_mt-1] [WARN] [1785815801.583645317] [sensing.lidar.concatenate_data]: transformed_raw_points[/sensing/lidar/left/pointcloud_before_sync] is nullptr, skipping pointcloud publish.
[autoware_ndt_scan_matcher_node-24] [INFO] [1785815801.584424352] [localization.pose_estimator.ndt_scan_matcher]: Mismatch between pose timestamp and current timestamp
[autoware_mrm_handler_node-13] [INFO] [1785815801.683730971] [system.mrm_handler]: MRM State changed: NORMAL -> MRM_OPERATING
[logging_node-14] [WARN] [1785815801.683785747] [logging_diag_graph]: The target mode is not available for the following reasons:
[logging_node-14] - /autoware/modes/autonomous ERROR
[logging_node-14]     - /autoware/localization ERROR
[logging_node-14]         - /autoware/localization/state STALE
[logging_node-14]     - /autoware/planning ERROR
[logging_node-14]         - /autoware/planning/routing/state STALE
[logging_node-14]         - [anonymous group] ERROR
[logging_node-14]             - /autoware/planning/topic_rate_check/route ERROR
[logging_node-14]             - /autoware/planning/topic_rate_check/trajectory ERROR
[logging_node-14]     - /autoware/control ERROR
[logging_node-14]         - /autoware/control/topic_rate_check/trajectory_follower ERROR
[logging_node-14]         - /autoware/control/topic_rate_check/control_command WARN 
[logging_node-14]         - /autoware/control/performance_monitoring/lane_departure STALE
[logging_node-14]         - /autoware/control/performance_monitoring/control_state STALE
[logging_node-14]     - /adapi/mrm_request/delegate STALE
[logging_node-14] 
[autoware_mrm_handler_node-13] [WARN] [1785815801.683981006] [system.mrm_handler]: EMERGENCY_STOP is operated.
[component_container_mt-1] [WARN] [1785815801.684038614] [sensing.lidar.concatenate_data]: transformed_raw_points[/sensing/lidar/right/pointcloud_before_sync] is nullptr, skipping pointcloud publish.
[component_container_mt-1] [WARN] [1785815801.684072929] [sensing.lidar.concatenate_data]: transformed_raw_points[/sensing/lidar/left/pointcloud_before_sync] is nullptr, skipping pointcloud publish.
[autoware_ndt_scan_matcher_node-24] [INFO] [1785815801.684650648] [localization.pose_estimator.ndt_scan_matcher]: Mismatch between pose timestamp and current timestamp
[autoware_mrm_handler_node-13] [INFO] [1785815801.783609183] [system.mrm_handler]: MRM State changed: MRM_OPERATING -> NORMAL
[component_container_mt-1] [WARN] [1785815801.784081033] [sensing.lidar.concatenate_data]: transformed_raw_points[/sensing/lidar/right/pointcloud_before_sync] is nullptr, skipping pointcloud publish.
[component_container_mt-1] [WARN] [1785815801.784119967] [sensing.lidar.concatenate_data]: transformed_raw_points[/sensing/lidar/left/pointcloud_before_sync] is nullptr, skipping pointcloud publish.
[autoware_mrm_handler_node-13] [WARN] [1785815801.784413678] [system.mrm_handler]: EMERGENCY_STOP is canceled.
[autoware_ndt_scan_matcher_node-24] [INFO] [1785815801.784714852] [localization.pose_estimator.ndt_scan_matcher]: Mismatch between pose timestamp and current timestamp
[component_container_mt-47] [WARN] [1785815801.784943325] [control.vehicle_cmd_gate]: Emergency!
[component_container_mt-1] [WARN] [1785815801.883844800] [sensing.lidar.concatenate_data]: transformed_raw_points[/sensing/lidar/right/pointcloud_before_sync] is nullptr, skipping pointcloud publish.
[component_container_mt-1] [WARN] [1785815801.883900320] [sensing.lidar.concatenate_data]: transformed_raw_points[/sensing/lidar/left/pointcloud_before_sync] is nullptr, skipping pointcloud publish.
[autoware_ndt_scan_matcher_node-24] [INFO] [1785815801.884413930] [localization.pose_estimator.ndt_scan_matcher]: Mismatch between pose timestamp and current timestamp
[component_container_mt-1] [WARN] [1785815801.983862351] [sensing.lidar.concatenate_data]: transformed_raw_points[/sensing/lidar/right/pointcloud_before_sync] is nullptr, skipping pointcloud publish.
[component_container_mt-1] [WARN] [1785815801.983914053] [sensing.lidar.concatenate_data]: transformed_raw_points[/sensing/lidar/left/pointcloud_before_sync] is nullptr, skipping pointcloud publish.
[autoware_ndt_scan_matcher_node-24] [INFO] [1785815801.984505428] [localization.pose_estimator.ndt_scan_matcher]: Mismatch between pose timestamp and current timestamp
[component_container_mt-1] [WARN] [1785815802.084285235] [sensing.lidar.concatenate_data]: transformed_raw_points[/sensing/lidar/right/pointcloud_before_sync] is nullptr, skipping pointcloud publish.
[component_container_mt-1] [WARN] [1785815802.084337263] [sensing.lidar.concatenate_data]: transformed_raw_points[/sensing/lidar/left/pointcloud_before_sync] is nullptr, skipping pointcloud publish.
[autoware_ndt_scan_matcher_node-24] [INFO] [1785815802.084855198] [localization.pose_estimator.ndt_scan_matcher]: Mismatch between pose timestamp and current timestamp
[component_container_mt-1] [WARN] [1785815802.184311613] [sensing.lidar.concatenate_data]: transformed_raw_points[/sensing/lidar/right/pointcloud_before_sync] is nullptr, skipping pointcloud publish.
[component_container_mt-1] [WARN] [1785815802.184364692] [sensing.lidar.concatenate_data]: transformed_raw_points[/sensing/lidar/left/pointcloud_before_sync] is nullptr, skipping pointcloud publish.
[autoware_ndt_scan_matcher_node-24] [INFO] [1785815802.185327712] [localization.pose_estimator.ndt_scan_matcher]: Mismatch between pose timestamp and current timestamp
[component_container_mt-1] [WARN] [1785815802.284541637] [sensing.lidar.concatenate_data]: transformed_raw_points[/sensing/lidar/right/pointcloud_before_sync] is nullptr, skipping pointcloud publish.
[component_container_mt-1] [WARN] [1785815802.284593541] [sensing.lidar.concatenate_data]: transformed_raw_points[/sensing/lidar/left/pointcloud_before_sync] is nullptr, skipping pointcloud publish.
[autoware_ndt_scan_matcher_node-24] [INFO] [1785815802.286770961] [localization.pose_estimator.ndt_scan_matcher]: Mismatch between pose timestamp and current timestamp
[component_container_mt-1] [WARN] [1785815802.384103082] [sensing.lidar.concatenate_data]: transformed_raw_points[/sensing/lidar/right/pointcloud_before_sync] is nullptr, skipping pointcloud publish.
[component_container_mt-1] [WARN] [1785815802.384150432] [sensing.lidar.concatenate_data]: transformed_raw_points[/sensing/lidar/left/pointcloud_before_sync] is nullptr, skipping pointcloud publish.
[autoware_ndt_scan_matcher_node-24] [INFO] [1785815802.385383784] [localization.pose_estimator.ndt_scan_matcher]: Mismatch between pose timestamp and current timestamp
[component_container_mt-1] [WARN] [1785815802.484058435] [sensing.lidar.concatenate_data]: transformed_raw_points[/sensing/lidar/right/pointcloud_before_sync] is nullptr, skipping pointcloud publish.
[component_container_mt-1] [WARN] [1785815802.484100713] [sensing.lidar.concatenate_data]: transformed_raw_points[/sensing/lidar/left/pointcloud_before_sync] is nullptr, skipping pointcloud publish.
[autoware_ndt_scan_matcher_node-24] [INFO] [1785815802.484773232] [localization.pose_estimator.ndt_scan_matcher]: Mismatch between pose timestamp and current timestamp
[component_container_mt-1] [WARN] [1785815802.588109990] [sensing.lidar.concatenate_data]: transformed_raw_points[/sensing/lidar/right/pointcloud_before_sync] is nullptr, skipping pointcloud publish.
[component_container_mt-1] [WARN] [1785815802.588147297] [sensing.lidar.concatenate_data]: transformed_raw_points[/sensing/lidar/left/pointcloud_before_sync] is nullptr, skipping pointcloud publish.
[autoware_ndt_scan_matcher_node-24] [INFO] [1785815802.588672335] [localization.pose_estimator.ndt_scan_matcher]: Mismatch between pose timestamp and current timestamp
[component_container_mt-48] [INFO] [1785815802.633841281] [control.trajectory_follower.lane_departure_checker_node]: waiting for route msg...
[autoware_mrm_handler_node-13] [INFO] [1785815802.683612717] [system.mrm_handler]: MRM State changed: NORMAL -> MRM_OPERATING
[autoware_scenario_selector_node-36] [INFO] [1785815802.683937643] [planning.scenario_planning.scenario_selector]: Waiting for route.
[component_container_mt-1] [WARN] [1785815802.684261088] [sensing.lidar.concatenate_data]: transformed_raw_points[/sensing/lidar/right/pointcloud_before_sync] is nullptr, skipping pointcloud publish.
[component_container_mt-1] [WARN] [1785815802.684297363] [sensing.lidar.concatenate_data]: transformed_raw_points[/sensing/lidar/left/pointcloud_before_sync] is nullptr, skipping pointcloud publish.
[autoware_ndt_scan_matcher_node-24] [INFO] [1785815802.684801620] [localization.pose_estimator.ndt_scan_matcher]: Mismatch between pose timestamp and current timestamp
[autoware_mrm_handler_node-13] [WARN] [1785815802.685294902] [system.mrm_handler]: EMERGENCY_STOP is operated.
[component_container-18] [WARN] [1785815802.691765484] [sensing.lidar.top.distortion_corrector_node]: IMU time_stamp is too late. Could not interpolate.
[autoware_mrm_handler_node-13] [INFO] [1785815802.783477172] [system.mrm_handler]: MRM State changed: MRM_OPERATING -> NORMAL
[component_container_mt-47] [WARN] [1785815802.783713891] [control.vehicle_cmd_gate]: Emergency!
[component_container_mt-1] [WARN] [1785815802.783897981] [sensing.lidar.concatenate_data]: transformed_raw_points[/sensing/lidar/right/pointcloud_before_sync] is nullptr, skipping pointcloud publish.
[component_container_mt-1] [WARN] [1785815802.783945784] [sensing.lidar.concatenate_data]: transformed_raw_points[/sensing/lidar/left/pointcloud_before_sync] is nullptr, skipping pointcloud publish.
[autoware_mrm_handler_node-13] [WARN] [1785815802.784145209] [system.mrm_handler]: EMERGENCY_STOP is canceled.
[autoware_ndt_scan_matcher_node-24] [INFO] [1785815802.784449018] [localization.pose_estimator.ndt_scan_matcher]: Mismatch between pose timestamp and current timestamp
[component_container_mt-1] [WARN] [1785815802.884029659] [sensing.lidar.concatenate_data]: transformed_raw_points[/sensing/lidar/right/pointcloud_before_sync] is nullptr, skipping pointcloud publish.
[component_container_mt-1] [WARN] [1785815802.884072763] [sensing.lidar.concatenate_data]: transformed_raw_points[/sensing/lidar/left/pointcloud_before_sync] is nullptr, skipping pointcloud publish.
[autoware_ndt_scan_matcher_node-24] [INFO] [1785815802.884601110] [localization.pose_estimator.ndt_scan_matcher]: Mismatch between pose timestamp and current timestamp
[component_container_mt-1] [WARN] [1785815802.984268941] [sensing.lidar.concatenate_data]: transformed_raw_points[/sensing/lidar/right/pointcloud_before_sync] is nullptr, skipping pointcloud publish.
[component_container_mt-1] [WARN] [1785815802.984313666] [sensing.lidar.concatenate_data]: transformed_raw_points[/sensing/lidar/left/pointcloud_before_sync] is nullptr, skipping pointcloud publish.
[autoware_ndt_scan_matcher_node-24] [INFO] [1785815802.984949233] [localization.pose_estimator.ndt_scan_matcher]: Mismatch between pose timestamp and current timestamp
[component_container_mt-1] [WARN] [1785815803.083910395] [sensing.lidar.concatenate_data]: transformed_raw_points[/sensing/lidar/right/pointcloud_before_sync] is nullptr, skipping pointcloud publish.
[component_container_mt-1] [WARN] [1785815803.083962374] [sensing.lidar.concatenate_data]: transformed_raw_points[/sensing/lidar/left/pointcloud_before_sync] is nullptr, skipping pointcloud publish.
[autoware_ndt_scan_matcher_node-24] [INFO] [1785815803.084758530] [localization.pose_estimator.ndt_scan_matcher]: Mismatch between pose timestamp and current timestamp
[component_container-7] [WARN] [1785815803.134164086] [system.topic_state_monitor_control_command_control_cmd]: /control/command/control_cmd topic rate has dropped to the warning level. Set WARN in diagnostics.
[component_container_mt-1] [WARN] [1785815803.184353819] [sensing.lidar.concatenate_data]: transformed_raw_points[/sensing/lidar/right/pointcloud_before_sync] is nullptr, skipping pointcloud publish.
[component_container_mt-1] [WARN] [1785815803.184397449] [sensing.lidar.concatenate_data]: transformed_raw_points[/sensing/lidar/left/pointcloud_before_sync] is nullptr, skipping pointcloud publish.
[autoware_ndt_scan_matcher_node-24] [INFO] [1785815803.185023076] [localization.pose_estimator.ndt_scan_matcher]: Mismatch between pose timestamp and current timestamp
[component_container_mt-1] [WARN] [1785815803.284645789] [sensing.lidar.concatenate_data]: transformed_raw_points[/sensing/lidar/right/pointcloud_before_sync] is nullptr, skipping pointcloud publish.
[component_container_mt-1] [WARN] [1785815803.284706265] [sensing.lidar.concatenate_data]: transformed_raw_points[/sensing/lidar/left/pointcloud_before_sync] is nullptr, skipping pointcloud publish.
[autoware_ndt_scan_matcher_node-24] [INFO] [1785815803.285324422] [localization.pose_estimator.ndt_scan_matcher]: Mismatch between pose timestamp and current timestamp
[component_container_mt-1] [WARN] [1785815803.384458074] [sensing.lidar.concatenate_data]: transformed_raw_points[/sensing/lidar/right/pointcloud_before_sync] is nullptr, skipping pointcloud publish.
[component_container_mt-1] [WARN] [1785815803.384511255] [sensing.lidar.concatenate_data]: transformed_raw_points[/sensing/lidar/left/pointcloud_before_sync] is nullptr, skipping pointcloud publish.
[autoware_ndt_scan_matcher_node-24] [INFO] [1785815803.386096138] [localization.pose_estimator.ndt_scan_matcher]: Mismatch between pose timestamp and current timestamp
[component_container_mt-1] [WARN] [1785815803.484398037] [sensing.lidar.concatenate_data]: transformed_raw_points[/sensing/lidar/right/pointcloud_before_sync] is nullptr, skipping pointcloud publish.
[component_container_mt-1] [WARN] [1785815803.484855943] [sensing.lidar.concatenate_data]: transformed_raw_points[/sensing/lidar/left/pointcloud_before_sync] is nullptr, skipping pointcloud publish.
[autoware_ndt_scan_matcher_node-24] [INFO] [1785815803.485354574] [localization.pose_estimator.ndt_scan_matcher]: Mismatch between pose timestamp and current timestamp
[component_container_mt-1] [WARN] [1785815803.584241571] [sensing.lidar.concatenate_data]: transformed_raw_points[/sensing/lidar/right/pointcloud_before_sync] is nullptr, skipping pointcloud publish.
[component_container_mt-1] [WARN] [1785815803.584287508] [sensing.lidar.concatenate_data]: transformed_raw_points[/sensing/lidar/left/pointcloud_before_sync] is nullptr, skipping pointcloud publish.
[autoware_ndt_scan_matcher_node-24] [INFO] [1785815803.584905312] [localization.pose_estimator.ndt_scan_matcher]: Mismatch between pose timestamp and current timestamp
[autoware_mrm_handler_node-13] [INFO] [1785815803.683778186] [system.mrm_handler]: MRM State changed: NORMAL -> MRM_OPERATING
[autoware_mrm_handler_node-13] [WARN] [1785815803.684159044] [system.mrm_handler]: EMERGENCY_STOP is operated.
[component_container_mt-1] [WARN] [1785815803.684736818] [sensing.lidar.concatenate_data]: transformed_raw_points[/sensing/lidar/right/pointcloud_before_sync] is nullptr, skipping pointcloud publish.
[component_container_mt-1] [WARN] [1785815803.684772754] [sensing.lidar.concatenate_data]: transformed_raw_points[/sensing/lidar/left/pointcloud_before_sync] is nullptr, skipping pointcloud publish.
[autoware_ndt_scan_matcher_node-24] [INFO] [1785815803.685426631] [localization.pose_estimator.ndt_scan_matcher]: Mismatch between pose timestamp and current timestamp
[autoware_mrm_handler_node-13] [INFO] [1785815803.784007358] [system.mrm_handler]: MRM State changed: MRM_OPERATING -> NORMAL
[component_container_mt-47] [WARN] [1785815803.784448684] [control.vehicle_cmd_gate]: Emergency!
[autoware_mrm_handler_node-13] [WARN] [1785815803.784664192] [system.mrm_handler]: EMERGENCY_STOP is canceled.
[component_container_mt-1] [WARN] [1785815803.785338721] [sensing.lidar.concatenate_data]: transformed_raw_points[/sensing/lidar/right/pointcloud_before_sync] is nullptr, skipping pointcloud publish.
[component_container_mt-1] [WARN] [1785815803.785372174] [sensing.lidar.concatenate_data]: transformed_raw_points[/sensing/lidar/left/pointcloud_before_sync] is nullptr, skipping pointcloud publish.
[autoware_ndt_scan_matcher_node-24] [INFO] [1785815803.785809108] [localization.pose_estimator.ndt_scan_matcher]: Mismatch between pose timestamp and current timestamp
[component_container_mt-1] [WARN] [1785815803.884736121] [sensing.lidar.concatenate_data]: transformed_raw_points[/sensing/lidar/right/pointcloud_before_sync] is nullptr, skipping pointcloud publish.
[component_container_mt-1] [WARN] [1785815803.884775541] [sensing.lidar.concatenate_data]: transformed_raw_points[/sensing/lidar/left/pointcloud_before_sync] is nullptr, skipping pointcloud publish.
[autoware_ndt_scan_matcher_node-24] [INFO] [1785815803.885353354] [localization.pose_estimator.ndt_scan_matcher]: Mismatch between pose timestamp and current timestamp
[component_container_mt-1] [WARN] [1785815803.983947405] [sensing.lidar.concatenate_data]: transformed_raw_points[/sensing/lidar/right/pointcloud_before_sync] is nullptr, skipping pointcloud publish.
[component_container_mt-1] [WARN] [1785815803.983998524] [sensing.lidar.concatenate_data]: transformed_raw_points[/sensing/lidar/left/pointcloud_before_sync] is nullptr, skipping pointcloud publish.
[autoware_ndt_scan_matcher_node-24] [INFO] [1785815803.984678590] [localization.pose_estimator.ndt_scan_matcher]: Mismatch between pose timestamp and current timestamp
[component_container_mt-1] [WARN] [1785815804.084163198] [sensing.lidar.concatenate_data]: transformed_raw_points[/sensing/lidar/right/pointcloud_before_sync] is nullptr, skipping pointcloud publish.
[component_container-7] [INFO] [1785815804.084402239] [system.topic_state_monitor_mission_planning_route]: /planning/mission_planning/route has not received. Set ERROR in diagnostics.
[component_container_mt-1] [WARN] [1785815804.084585967] [sensing.lidar.concatenate_data]: transformed_raw_points[/sensing/lidar/left/pointcloud_before_sync] is nullptr, skipping pointcloud publish.
[autoware_ndt_scan_matcher_node-24] [INFO] [1785815804.084919694] [localization.pose_estimator.ndt_scan_matcher]: Mismatch between pose timestamp and current timestamp
[component_container_mt-1] [WARN] [1785815804.184084336] [sensing.lidar.concatenate_data]: transformed_raw_points[/sensing/lidar/right/pointcloud_before_sync] is nullptr, skipping pointcloud publish.
[component_container_mt-1] [WARN] [1785815804.184126736] [sensing.lidar.concatenate_data]: transformed_raw_points[/sensing/lidar/left/pointcloud_before_sync] is nullptr, skipping pointcloud publish.
[autoware_ndt_scan_matcher_node-24] [INFO] [1785815804.184922540] [localization.pose_estimator.ndt_scan_matcher]: Mismatch between pose timestamp and current timestamp
[component_container_mt-1] [WARN] [1785815804.283481232] [sensing.lidar.concatenate_data]: transformed_raw_points[/sensing/lidar/right/pointcloud_before_sync] is nullptr, skipping pointcloud publish.
[component_container_mt-1] [WARN] [1785815804.283530786] [sensing.lidar.concatenate_data]: transformed_raw_points[/sensing/lidar/left/pointcloud_before_sync] is nullptr, skipping pointcloud publish.
[autoware_ndt_scan_matcher_node-24] [INFO] [1785815804.285399549] [localization.pose_estimator.ndt_scan_matcher]: Mismatch between pose timestamp and current timestamp
[component_container_mt-1] [WARN] [1785815804.383897266] [sensing.lidar.concatenate_data]: transformed_raw_points[/sensing/lidar/right/pointcloud_before_sync] is nullptr, skipping pointcloud publish.
[component_container_mt-1] [WARN] [1785815804.383951982] [sensing.lidar.concatenate_data]: transformed_raw_points[/sensing/lidar/left/pointcloud_before_sync] is nullptr, skipping pointcloud publish.
[autoware_ndt_scan_matcher_node-24] [INFO] [1785815804.384468899] [localization.pose_estimator.ndt_scan_matcher]: Mismatch between pose timestamp and current timestamp
[component_container_mt-1] [WARN] [1785815804.483946891] [sensing.lidar.concatenate_data]: transformed_raw_points[/sensing/lidar/right/pointcloud_before_sync] is nullptr, skipping pointcloud publish.
[component_container_mt-1] [WARN] [1785815804.484000999] [sensing.lidar.concatenate_data]: transformed_raw_points[/sensing/lidar/left/pointcloud_before_sync] is nullptr, skipping pointcloud publish.
[autoware_ndt_scan_matcher_node-24] [INFO] [1785815804.484565957] [localization.pose_estimator.ndt_scan_matcher]: Mismatch between pose timestamp and current timestamp
[component_container_mt-1] [WARN] [1785815804.584116989] [sensing.lidar.concatenate_data]: transformed_raw_points[/sensing/lidar/right/pointcloud_before_sync] is nullptr, skipping pointcloud publish.
[component_container_mt-1] [WARN] [1785815804.584164265] [sensing.lidar.concatenate_data]: transformed_raw_points[/sensing/lidar/left/pointcloud_before_sync] is nullptr, skipping pointcloud publish.
[autoware_ndt_scan_matcher_node-24] [INFO] [1785815804.584652524] [localization.pose_estimator.ndt_scan_matcher]: Mismatch between pose timestamp and current timestamp
[logging_node-14] [WARN] [1785815804.683803074] [logging_diag_graph]: The target mode is not available for the following reasons:
[logging_node-14] - /autoware/modes/autonomous ERROR
[logging_node-14]     - /autoware/localization ERROR
[logging_node-14]         - /autoware/localization/state STALE
[logging_node-14]     - /autoware/planning ERROR
[logging_node-14]         - /autoware/planning/routing/state STALE
[logging_node-14]         - [anonymous group] ERROR
[logging_node-14]             - /autoware/planning/topic_rate_check/route ERROR
[logging_node-14]             - /autoware/planning/topic_rate_check/trajectory ERROR
[logging_node-14]     - /autoware/control ERROR
[logging_node-14]         - /autoware/control/topic_rate_check/trajectory_follower ERROR
[logging_node-14]         - /autoware/control/topic_rate_check/control_command WARN 
[logging_node-14]         - /autoware/control/performance_monitoring/lane_departure STALE
[logging_node-14]         - /autoware/control/performance_monitoring/control_state STALE
[logging_node-14]     - /adapi/mrm_request/delegate STALE
[logging_node-14] 
[autoware_mrm_handler_node-13] [INFO] [1785815804.683967612] [system.mrm_handler]: MRM State changed: NORMAL -> MRM_OPERATING
[autoware_mrm_handler_node-13] [WARN] [1785815804.684835982] [system.mrm_handler]: EMERGENCY_STOP is operated.
[component_container_mt-1] [WARN] [1785815804.683999463] [sensing.lidar.concatenate_data]: transformed_raw_points[/sensing/lidar/right/pointcloud_before_sync] is nullptr, skipping pointcloud publish.
[component_container_mt-1] [WARN] [1785815804.684032170] [sensing.lidar.concatenate_data]: transformed_raw_points[/sensing/lidar/left/pointcloud_before_sync] is nullptr, skipping pointcloud publish.
[autoware_ndt_scan_matcher_node-24] [INFO] [1785815804.684537558] [localization.pose_estimator.ndt_scan_matcher]: Mismatch between pose timestamp and current timestamp
[autoware_mrm_handler_node-13] [INFO] [1785815804.783614698] [system.mrm_handler]: MRM State changed: MRM_OPERATING -> NORMAL
[autoware_mrm_handler_node-13] [WARN] [1785815804.783902709] [system.mrm_handler]: EMERGENCY_STOP is canceled.
[component_container_mt-1] [WARN] [1785815804.784070156] [sensing.lidar.concatenate_data]: transformed_raw_points[/sensing/lidar/right/pointcloud_before_sync] is nullptr, skipping pointcloud publish.
[component_container_mt-1] [WARN] [1785815804.784107820] [sensing.lidar.concatenate_data]: transformed_raw_points[/sensing/lidar/left/pointcloud_before_sync] is nullptr, skipping pointcloud publish.
[autoware_ndt_scan_matcher_node-24] [INFO] [1785815804.784738617] [localization.pose_estimator.ndt_scan_matcher]: Mismatch between pose timestamp and current timestamp
[component_container_mt-1] [WARN] [1785815804.883582459] [sensing.lidar.concatenate_data]: transformed_raw_points[/sensing/lidar/right/pointcloud_before_sync] is nullptr, skipping pointcloud publish.
[component_container_mt-1] [WARN] [1785815804.883627523] [sensing.lidar.concatenate_data]: transformed_raw_points[/sensing/lidar/left/pointcloud_before_sync] is nullptr, skipping pointcloud publish.
[autoware_ndt_scan_matcher_node-24] [INFO] [1785815804.884198433] [localization.pose_estimator.ndt_scan_matcher]: Mismatch between pose timestamp and current timestamp
[component_container_mt-1] [WARN] [1785815804.983764407] [sensing.lidar.concatenate_data]: transformed_raw_points[/sensing/lidar/right/pointcloud_before_sync] is nullptr, skipping pointcloud publish.
[component_container_mt-1] [WARN] [1785815804.983816861] [sensing.lidar.concatenate_data]: transformed_raw_points[/sensing/lidar/left/pointcloud_before_sync] is nullptr, skipping pointcloud publish.
[autoware_ndt_scan_matcher_node-24] [INFO] [1785815804.984483816] [localization.pose_estimator.ndt_scan_matcher]: Mismatch between pose timestamp and current timestamp
[component_container_mt-1] [WARN] [1785815805.084168955] [sensing.lidar.concatenate_data]: transformed_raw_points[/sensing/lidar/right/pointcloud_before_sync] is nullptr, skipping pointcloud publish.
[component_container_mt-1] [WARN] [1785815805.084214303] [sensing.lidar.concatenate_data]: transformed_raw_points[/sensing/lidar/left/pointcloud_before_sync] is nullptr, skipping pointcloud publish.
[autoware_ndt_scan_matcher_node-24] [INFO] [1785815805.084710774] [localization.pose_estimator.ndt_scan_matcher]: Mismatch between pose timestamp and current timestamp
[component_container_mt-47] [INFO] [1785815805.184028277] [control.trajectory_follower.controller_node_exe]: Waiting for trajectory data
[component_container_mt-47] [INFO] [1785815805.184077117] [control.trajectory_follower.controller_node_exe]: Control is skipped since input data is not ready.
[component_container_mt-1] [WARN] [1785815805.184090106] [sensing.lidar.concatenate_data]: transformed_raw_points[/sensing/lidar/right/pointcloud_before_sync] is nullptr, skipping pointcloud publish.
[component_container_mt-1] [WARN] [1785815805.184129601] [sensing.lidar.concatenate_data]: transformed_raw_points[/sensing/lidar/left/pointcloud_before_sync] is nullptr, skipping pointcloud publish.
[autoware_ndt_scan_matcher_node-24] [INFO] [1785815805.184673475] [localization.pose_estimator.ndt_scan_matcher]: Mismatch between pose timestamp and current timestamp
[component_container_mt-1] [WARN] [1785815805.283949185] [sensing.lidar.concatenate_data]: transformed_raw_points[/sensing/lidar/right/pointcloud_before_sync] is nullptr, skipping pointcloud publish.
[component_container_mt-1] [WARN] [1785815805.284005117] [sensing.lidar.concatenate_data]: transformed_raw_points[/sensing/lidar/left/pointcloud_before_sync] is nullptr, skipping pointcloud publish.
[autoware_ndt_scan_matcher_node-24] [INFO] [1785815805.284581076] [localization.pose_estimator.ndt_scan_matcher]: Mismatch between pose timestamp and current timestamp
[component_container_mt-1] [WARN] [1785815805.384320358] [sensing.lidar.concatenate_data]: transformed_raw_points[/sensing/lidar/right/pointcloud_before_sync] is nullptr, skipping pointcloud publish.
[component_container_mt-1] [WARN] [1785815805.384363997] [sensing.lidar.concatenate_data]: transformed_raw_points[/sensing/lidar/left/pointcloud_before_sync] is nullptr, skipping pointcloud publish.
[autoware_ndt_scan_matcher_node-24] [INFO] [1785815805.385646847] [localization.pose_estimator.ndt_scan_matcher]: Mismatch between pose timestamp and current timestamp
[component_container-18] [WARN] [1785815805.390001380] [sensing.lidar.top.crop_box_filter_self]: Invalid PointCloud: is_dense is false. The point cloud should be organized (dense) and contain only valid points. This will be an ERROR starting in 2026 JulyFrame: 'velodyne_top', Stamp: 69.835701993
[component_container_mt-1] [WARN] [1785815805.484031382] [sensing.lidar.concatenate_data]: transformed_raw_points[/sensing/lidar/right/pointcloud_before_sync] is nullptr, skipping pointcloud publish.
[component_container_mt-1] [WARN] [1785815805.484107143] [sensing.lidar.concatenate_data]: transformed_raw_points[/sensing/lidar/left/pointcloud_before_sync] is nullptr, skipping pointcloud publish.
[autoware_ndt_scan_matcher_node-24] [INFO] [1785815805.484586231] [localization.pose_estimator.ndt_scan_matcher]: Mismatch between pose timestamp and current timestamp
[component_container_mt-1] [WARN] [1785815805.584108520] [sensing.lidar.concatenate_data]: transformed_raw_points[/sensing/lidar/right/pointcloud_before_sync] is nullptr, skipping pointcloud publish.
[component_container_mt-1] [WARN] [1785815805.584145616] [sensing.lidar.concatenate_data]: transformed_raw_points[/sensing/lidar/left/pointcloud_before_sync] is nullptr, skipping pointcloud publish.
[autoware_ndt_scan_matcher_node-24] [INFO] [1785815805.584690254] [localization.pose_estimator.ndt_scan_matcher]: Mismatch between pose timestamp and current timestamp
[autoware_mrm_handler_node-13] [INFO] [1785815805.683940969] [system.mrm_handler]: MRM State changed: NORMAL -> MRM_OPERATING
[component_container_mt-1] [WARN] [1785815805.684064097] [sensing.lidar.concatenate_data]: transformed_raw_points[/sensing/lidar/right/pointcloud_before_sync] is nullptr, skipping pointcloud publish.
[component_container_mt-1] [WARN] [1785815805.684101848] [sensing.lidar.concatenate_data]: transformed_raw_points[/sensing/lidar/left/pointcloud_before_sync] is nullptr, skipping pointcloud publish.
[autoware_mrm_handler_node-13] [WARN] [1785815805.684112377] [system.mrm_handler]: EMERGENCY_STOP is operated.
[component_container_mt-47] [WARN] [1785815805.684407150] [control.vehicle_cmd_gate]: Emergency!
[autoware_ndt_scan_matcher_node-24] [INFO] [1785815805.684653735] [localization.pose_estimator.ndt_scan_matcher]: Mismatch between pose timestamp and current timestamp
[component_container_mt-48] [INFO] [1785815805.734649244] [control.control_validator]: waiting for /planning/trajectory
[component_container_mt-1] [WARN] [1785815805.783580573] [sensing.lidar.concatenate_data]: transformed_raw_points[/sensing/lidar/right/pointcloud_before_sync] is nullptr, skipping pointcloud publish.
[component_container_mt-1] [WARN] [1785815805.783632032] [sensing.lidar.concatenate_data]: transformed_raw_points[/sensing/lidar/left/pointcloud_before_sync] is nullptr, skipping pointcloud publish.
[autoware_mrm_handler_node-13] [INFO] [1785815805.783768577] [system.mrm_handler]: MRM State changed: MRM_OPERATING -> NORMAL
[autoware_mrm_handler_node-13] [WARN] [1785815805.784028295] [system.mrm_handler]: EMERGENCY_STOP is canceled.
[autoware_ndt_scan_matcher_node-24] [INFO] [1785815805.784669334] [localization.pose_estimator.ndt_scan_matcher]: Mismatch between pose timestamp and current timestamp
[component_container_mt-1] [WARN] [1785815805.791766263] [localization.util.crop_box_filter_measurement_range]: Invalid PointCloud: row_step mismatch. Expected: 98400 (width 6150 * point_step 16), Got: 0. Frame: 'base_link', Stamp: 70.235701999 Please fill in the `cloud->row_step` field accordingly. This will be an ERROR starting in 2026 July
[component_container_mt-1] [WARN] [1785815805.883743199] [sensing.lidar.concatenate_data]: transformed_raw_points[/sensing/lidar/right/pointcloud_before_sync] is nullptr, skipping pointcloud publish.
[component_container_mt-1] [WARN] [1785815805.883789199] [sensing.lidar.concatenate_data]: transformed_raw_points[/sensing/lidar/left/pointcloud_before_sync] is nullptr, skipping pointcloud publish.
[autoware_ndt_scan_matcher_node-24] [INFO] [1785815805.884265709] [localization.pose_estimator.ndt_scan_matcher]: Mismatch between pose timestamp and current timestamp
[component_container_mt-40] [INFO] [1785815805.933744222] [planning.scenario_planning.lane_driving.behavior_planning.behavior_path_planner]: waiting for scenario_topic
[component_container_mt-1] [WARN] [1785815805.984663656] [sensing.lidar.concatenate_data]: transformed_raw_points[/sensing/lidar/right/pointcloud_before_sync] is nullptr, skipping pointcloud publish.
[component_container_mt-1] [WARN] [1785815805.984771129] [sensing.lidar.concatenate_data]: transformed_raw_points[/sensing/lidar/left/pointcloud_before_sync] is nullptr, skipping pointcloud publish.
[autoware_ndt_scan_matcher_node-24] [INFO] [1785815805.985398186] [localization.pose_estimator.ndt_scan_matcher]: Mismatch between pose timestamp and current timestamp
[component_container_mt-1] [WARN] [1785815806.084517102] [sensing.lidar.concatenate_data]: transformed_raw_points[/sensing/lidar/right/pointcloud_before_sync] is nullptr, skipping pointcloud publish.
[component_container_mt-1] [WARN] [1785815806.084571529] [sensing.lidar.concatenate_data]: transformed_raw_points[/sensing/lidar/left/pointcloud_before_sync] is nullptr, skipping pointcloud publish.
[autoware_ndt_scan_matcher_node-24] [INFO] [1785815806.086195194] [localization.pose_estimator.ndt_scan_matcher]: Mismatch between pose timestamp and current timestamp
[component_container-7] [WARN] [1785815806.133763381] [system.topic_state_monitor_control_command_control_cmd]: /control/command/control_cmd topic rate has dropped to the warning level. Set WARN in diagnostics.
[component_container_mt-47] [INFO] [1785815806.134489320] [control.vehicle_cmd_gate]: The operation mode is changed, but the GearCommand is not received yet:
[component_container_mt-1] [WARN] [1785815806.183840268] [sensing.lidar.concatenate_data]: transformed_raw_points[/sensing/lidar/right/pointcloud_before_sync] is nullptr, skipping pointcloud publish.
[component_container_mt-1] [WARN] [1785815806.183888097] [sensing.lidar.concatenate_data]: transformed_raw_points[/sensing/lidar/left/pointcloud_before_sync] is nullptr, skipping pointcloud publish.
[autoware_ndt_scan_matcher_node-24] [INFO] [1785815806.185016141] [localization.pose_estimator.ndt_scan_matcher]: Mismatch between pose timestamp and current timestamp
[component_container_mt-48] [INFO] [1785815806.284021832] [control.autonomous_emergency_braking]: [AEB] waiting for control predicted trajectory
[component_container_mt-1] [WARN] [1785815806.283838322] [sensing.lidar.concatenate_data]: transformed_raw_points[/sensing/lidar/right/pointcloud_before_sync] is nullptr, skipping pointcloud publish.
[component_container_mt-1] [WARN] [1785815806.284214739] [sensing.lidar.concatenate_data]: transformed_raw_points[/sensing/lidar/left/pointcloud_before_sync] is nullptr, skipping pointcloud publish.
[autoware_ndt_scan_matcher_node-24] [INFO] [1785815806.285301410] [localization.pose_estimator.ndt_scan_matcher]: Mismatch between pose timestamp and current timestamp
[component_container_mt-1] [WARN] [1785815806.383992377] [sensing.lidar.concatenate_data]: transformed_raw_points[/sensing/lidar/right/pointcloud_before_sync] is nullptr, skipping pointcloud publish.
[component_container_mt-1] [WARN] [1785815806.384040869] [sensing.lidar.concatenate_data]: transformed_raw_points[/sensing/lidar/left/pointcloud_before_sync] is nullptr, skipping pointcloud publish.
[autoware_ndt_scan_matcher_node-24] [INFO] [1785815806.384720142] [localization.pose_estimator.ndt_scan_matcher]: Mismatch between pose timestamp and current timestamp
[component_container_mt-1] [WARN] [1785815806.484425072] [sensing.lidar.concatenate_data]: transformed_raw_points[/sensing/lidar/right/pointcloud_before_sync] is nullptr, skipping pointcloud publish.
[component_container_mt-1] [WARN] [1785815806.484469861] [sensing.lidar.concatenate_data]: transformed_raw_points[/sensing/lidar/left/pointcloud_before_sync] is nullptr, skipping pointcloud publish.
[autoware_ndt_scan_matcher_node-24] [INFO] [1785815806.484967262] [localization.pose_estimator.ndt_scan_matcher]: Mismatch between pose timestamp and current timestamp
[component_container_mt-1] [WARN] [1785815806.584448711] [sensing.lidar.concatenate_data]: transformed_raw_points[/sensing/lidar/right/pointcloud_before_sync] is nullptr, skipping pointcloud publish.
[component_container_mt-1] [WARN] [1785815806.584494277] [sensing.lidar.concatenate_data]: transformed_raw_points[/sensing/lidar/left/pointcloud_before_sync] is nullptr, skipping pointcloud publish.
[autoware_ndt_scan_matcher_node-24] [INFO] [1785815806.584906024] [localization.pose_estimator.ndt_scan_matcher]: Mismatch between pose timestamp and current timestamp
[component_container_mt-1] [WARN] [1785815806.684186327] [sensing.lidar.concatenate_data]: transformed_raw_points[/sensing/lidar/right/pointcloud_before_sync] is nullptr, skipping pointcloud publish.
[component_container_mt-1] [WARN] [1785815806.684230265] [sensing.lidar.concatenate_data]: transformed_raw_points[/sensing/lidar/left/pointcloud_before_sync] is nullptr, skipping pointcloud publish.
[autoware_mrm_handler_node-13] [INFO] [1785815806.684196302] [system.mrm_handler]: MRM State changed: NORMAL -> MRM_OPERATING
[autoware_mrm_handler_node-13] [WARN] [1785815806.684520479] [system.mrm_handler]: EMERGENCY_STOP is operated.
[autoware_ndt_scan_matcher_node-24] [INFO] [1785815806.684677260] [localization.pose_estimator.ndt_scan_matcher]: Mismatch between pose timestamp and current timestamp
[component_container_mt-47] [WARN] [1785815806.684859135] [control.vehicle_cmd_gate]: Emergency!
[autoware_mrm_handler_node-13] [INFO] [1785815806.783798124] [system.mrm_handler]: MRM State changed: MRM_OPERATING -> NORMAL
[component_container_mt-1] [WARN] [1785815806.783961985] [sensing.lidar.concatenate_data]: transformed_raw_points[/sensing/lidar/right/pointcloud_before_sync] is nullptr, skipping pointcloud publish.
[component_container_mt-1] [WARN] [1785815806.783998489] [sensing.lidar.concatenate_data]: transformed_raw_points[/sensing/lidar/left/pointcloud_before_sync] is nullptr, skipping pointcloud publish.
[autoware_mrm_handler_node-13] [WARN] [1785815806.784398140] [system.mrm_handler]: EMERGENCY_STOP is canceled.
[autoware_ndt_scan_matcher_node-24] [INFO] [1785815806.784841810] [localization.pose_estimator.ndt_scan_matcher]: Mismatch between pose timestamp and current timestamp
[component_container_mt-1] [WARN] [1785815806.884035530] [sensing.lidar.concatenate_data]: transformed_raw_points[/sensing/lidar/right/pointcloud_before_sync] is nullptr, skipping pointcloud publish.
[component_container_mt-1] [WARN] [1785815806.884094553] [sensing.lidar.concatenate_data]: transformed_raw_points[/sensing/lidar/left/pointcloud_before_sync] is nullptr, skipping pointcloud publish.
[autoware_ndt_scan_matcher_node-24] [INFO] [1785815806.884792394] [localization.pose_estimator.ndt_scan_matcher]: Mismatch between pose timestamp and current timestamp
[component_container_mt-1] [WARN] [1785815806.983974580] [sensing.lidar.concatenate_data]: transformed_raw_points[/sensing/lidar/right/pointcloud_before_sync] is nullptr, skipping pointcloud publish.
[component_container_mt-1] [WARN] [1785815806.984024062] [sensing.lidar.concatenate_data]: transformed_raw_points[/sensing/lidar/left/pointcloud_before_sync] is nullptr, skipping pointcloud publish.
[autoware_ndt_scan_matcher_node-24] [INFO] [1785815806.985149576] [localization.pose_estimator.ndt_scan_matcher]: Mismatch between pose timestamp and current timestamp
[component_container-7] [INFO] [1785815807.084049472] [system.topic_state_monitor_mission_planning_route]: /planning/mission_planning/route has not received. Set ERROR in diagnostics.
[component_container_mt-1] [WARN] [1785815807.084105845] [sensing.lidar.concatenate_data]: transformed_raw_points[/sensing/lidar/right/pointcloud_before_sync] is nullptr, skipping pointcloud publish.
[component_container_mt-1] [WARN] [1785815807.084145914] [sensing.lidar.concatenate_data]: transformed_raw_points[/sensing/lidar/left/pointcloud_before_sync] is nullptr, skipping pointcloud publish.
[autoware_ndt_scan_matcher_node-24] [INFO] [1785815807.084662409] [localization.pose_estimator.ndt_scan_matcher]: Mismatch between pose timestamp and current timestamp
[component_container_mt-1] [WARN] [1785815807.184009510] [sensing.lidar.concatenate_data]: transformed_raw_points[/sensing/lidar/right/pointcloud_before_sync] is nullptr, skipping pointcloud publish.
[component_container_mt-1] [WARN] [1785815807.184060735] [sensing.lidar.concatenate_data]: transformed_raw_points[/sensing/lidar/left/pointcloud_before_sync] is nullptr, skipping pointcloud publish.
[autoware_ndt_scan_matcher_node-24] [INFO] [1785815807.184684619] [localization.pose_estimator.ndt_scan_matcher]: Mismatch between pose timestamp and current timestamp
[component_container_mt-1] [WARN] [1785815807.283875879] [sensing.lidar.concatenate_data]: transformed_raw_points[/sensing/lidar/right/pointcloud_before_sync] is nullptr, skipping pointcloud publish.
[component_container_mt-1] [WARN] [1785815807.283929507] [sensing.lidar.concatenate_data]: transformed_raw_points[/sensing/lidar/left/pointcloud_before_sync] is nullptr, skipping pointcloud publish.
[autoware_ndt_scan_matcher_node-24] [INFO] [1785815807.284621251] [localization.pose_estimator.ndt_scan_matcher]: Mismatch between pose timestamp and current timestamp
[component_container_mt-1] [WARN] [1785815807.384273136] [sensing.lidar.concatenate_data]: transformed_raw_points[/sensing/lidar/right/pointcloud_before_sync] is nullptr, skipping pointcloud publish.
[component_container_mt-1] [WARN] [1785815807.384325969] [sensing.lidar.concatenate_data]: transformed_raw_points[/sensing/lidar/left/pointcloud_before_sync] is nullptr, skipping pointcloud publish.
[autoware_ndt_scan_matcher_node-24] [INFO] [1785815807.384828735] [localization.pose_estimator.ndt_scan_matcher]: Mismatch between pose timestamp and current timestamp
[component_container_mt-1] [WARN] [1785815807.484147534] [sensing.lidar.concatenate_data]: transformed_raw_points[/sensing/lidar/right/pointcloud_before_sync] is nullptr, skipping pointcloud publish.
[component_container_mt-1] [WARN] [1785815807.484192898] [sensing.lidar.concatenate_data]: transformed_raw_points[/sensing/lidar/left/pointcloud_before_sync] is nullptr, skipping pointcloud publish.
[autoware_ndt_scan_matcher_node-24] [INFO] [1785815807.484759852] [localization.pose_estimator.ndt_scan_matcher]: Mismatch between pose timestamp and current timestamp
[component_container_mt-1] [WARN] [1785815807.584503163] [sensing.lidar.concatenate_data]: transformed_raw_points[/sensing/lidar/right/pointcloud_before_sync] is nullptr, skipping pointcloud publish.
[component_container_mt-1] [WARN] [1785815807.584541094] [sensing.lidar.concatenate_data]: transformed_raw_points[/sensing/lidar/left/pointcloud_before_sync] is nullptr, skipping pointcloud publish.
[autoware_ndt_scan_matcher_node-24] [INFO] [1785815807.584999988] [localization.pose_estimator.ndt_scan_matcher]: Mismatch between pose timestamp and current timestamp
[component_container_mt-48] [INFO] [1785815807.633480005] [control.trajectory_follower.lane_departure_checker_node]: waiting for route msg...
[autoware_mrm_handler_node-13] [INFO] [1785815807.683342473] [system.mrm_handler]: MRM State changed: NORMAL -> MRM_OPERATING
[component_container_mt-1] [WARN] [1785815807.683767793] [sensing.lidar.concatenate_data]: transformed_raw_points[/sensing/lidar/right/pointcloud_before_sync] is nullptr, skipping pointcloud publish.
[component_container_mt-1] [WARN] [1785815807.683804842] [sensing.lidar.concatenate_data]: transformed_raw_points[/sensing/lidar/left/pointcloud_before_sync] is nullptr, skipping pointcloud publish.
[autoware_scenario_selector_node-36] [INFO] [1785815807.683983016] [planning.scenario_planning.scenario_selector]: Waiting for route.
[autoware_mrm_handler_node-13] [WARN] [1785815807.684422166] [system.mrm_handler]: EMERGENCY_STOP is operated.
[autoware_ndt_scan_matcher_node-24] [INFO] [1785815807.684568759] [localization.pose_estimator.ndt_scan_matcher]: Mismatch between pose timestamp and current timestamp
[component_container_mt-47] [WARN] [1785815807.734564395] [control.vehicle_cmd_gate]: Emergency!
[autoware_mrm_handler_node-13] [INFO] [1785815807.783498347] [system.mrm_handler]: MRM State changed: MRM_OPERATING -> NORMAL
[component_container_mt-1] [WARN] [1785815807.783815986] [sensing.lidar.concatenate_data]: transformed_raw_points[/sensing/lidar/right/pointcloud_before_sync] is nullptr, skipping pointcloud publish.
[component_container_mt-1] [WARN] [1785815807.783856178] [sensing.lidar.concatenate_data]: transformed_raw_points[/sensing/lidar/left/pointcloud_before_sync] is nullptr, skipping pointcloud publish.
[autoware_mrm_handler_node-13] [WARN] [1785815807.783903873] [system.mrm_handler]: EMERGENCY_STOP is canceled.
[autoware_ndt_scan_matcher_node-24] [INFO] [1785815807.784492953] [localization.pose_estimator.ndt_scan_matcher]: Mismatch between pose timestamp and current timestamp
[component_container_mt-1] [WARN] [1785815807.884420368] [sensing.lidar.concatenate_data]: transformed_raw_points[/sensing/lidar/right/pointcloud_before_sync] is nullptr, skipping pointcloud publish.
[component_container_mt-1] [WARN] [1785815807.884462428] [sensing.lidar.concatenate_data]: transformed_raw_points[/sensing/lidar/left/pointcloud_before_sync] is nullptr, skipping pointcloud publish.
[autoware_ndt_scan_matcher_node-24] [INFO] [1785815807.885077619] [localization.pose_estimator.ndt_scan_matcher]: Mismatch between pose timestamp and current timestamp
[component_container_mt-1] [WARN] [1785815807.983962931] [sensing.lidar.concatenate_data]: transformed_raw_points[/sensing/lidar/right/pointcloud_before_sync] is nullptr, skipping pointcloud publish.
[component_container_mt-1] [WARN] [1785815807.984014934] [sensing.lidar.concatenate_data]: transformed_raw_points[/sensing/lidar/left/pointcloud_before_sync] is nullptr, skipping pointcloud publish.
[autoware_ndt_scan_matcher_node-24] [INFO] [1785815807.984468933] [localization.pose_estimator.ndt_scan_matcher]: Mismatch between pose timestamp and current timestamp
[component_container_mt-1] [WARN] [1785815808.084404975] [sensing.lidar.concatenate_data]: transformed_raw_points[/sensing/lidar/right/pointcloud_before_sync] is nullptr, skipping pointcloud publish.
[component_container_mt-1] [WARN] [1785815808.084452770] [sensing.lidar.concatenate_data]: transformed_raw_points[/sensing/lidar/left/pointcloud_before_sync] is nullptr, skipping pointcloud publish.
[autoware_ndt_scan_matcher_node-24] [INFO] [1785815808.086944013] [localization.pose_estimator.ndt_scan_matcher]: Mismatch between pose timestamp and current timestamp
[component_container_mt-1] [WARN] [1785815808.184460313] [sensing.lidar.concatenate_data]: transformed_raw_points[/sensing/lidar/right/pointcloud_before_sync] is nullptr, skipping pointcloud publish.
[component_container_mt-1] [WARN] [1785815808.184783346] [sensing.lidar.concatenate_data]: transformed_raw_points[/sensing/lidar/left/pointcloud_before_sync] is nullptr, skipping pointcloud publish.
[autoware_ndt_scan_matcher_node-24] [INFO] [1785815808.185272166] [localization.pose_estimator.ndt_scan_matcher]: Mismatch between pose timestamp and current timestamp
[component_container_mt-1] [WARN] [1785815808.284325716] [sensing.lidar.concatenate_data]: transformed_raw_points[/sensing/lidar/right/pointcloud_before_sync] is nullptr, skipping pointcloud publish.
[component_container_mt-1] [WARN] [1785815808.284369380] [sensing.lidar.concatenate_data]: transformed_raw_points[/sensing/lidar/left/pointcloud_before_sync] is nullptr, skipping pointcloud publish.
[autoware_ndt_scan_matcher_node-24] [INFO] [1785815808.284928114] [localization.pose_estimator.ndt_scan_matcher]: Mismatch between pose timestamp and current timestamp
[component_container_mt-1] [WARN] [1785815808.384746745] [sensing.lidar.concatenate_data]: transformed_raw_points[/sensing/lidar/right/pointcloud_before_sync] is nullptr, skipping pointcloud publish.
[component_container_mt-1] [WARN] [1785815808.384791040] [sensing.lidar.concatenate_data]: transformed_raw_points[/sensing/lidar/left/pointcloud_before_sync] is nullptr, skipping pointcloud publish.
[autoware_ndt_scan_matcher_node-24] [INFO] [1785815808.385355937] [localization.pose_estimator.ndt_scan_matcher]: Mismatch between pose timestamp and current timestamp
[component_container_mt-1] [WARN] [1785815808.484385668] [sensing.lidar.concatenate_data]: transformed_raw_points[/sensing/lidar/right/pointcloud_before_sync] is nullptr, skipping pointcloud publish.
[component_container_mt-1] [WARN] [1785815808.484434732] [sensing.lidar.concatenate_data]: transformed_raw_points[/sensing/lidar/left/pointcloud_before_sync] is nullptr, skipping pointcloud publish.
[autoware_ndt_scan_matcher_node-24] [INFO] [1785815808.485065437] [localization.pose_estimator.ndt_scan_matcher]: Mismatch between pose timestamp and current timestamp
[component_container_mt-1] [WARN] [1785815808.583929347] [sensing.lidar.concatenate_data]: transformed_raw_points[/sensing/lidar/right/pointcloud_before_sync] is nullptr, skipping pointcloud publish.
[component_container_mt-1] [WARN] [1785815808.583975656] [sensing.lidar.concatenate_data]: transformed_raw_points[/sensing/lidar/left/pointcloud_before_sync] is nullptr, skipping pointcloud publish.
[autoware_ndt_scan_matcher_node-24] [INFO] [1785815808.584671053] [localization.pose_estimator.ndt_scan_matcher]: Mismatch between pose timestamp and current timestamp
[autoware_mrm_handler_node-13] [INFO] [1785815808.683659411] [system.mrm_handler]: MRM State changed: NORMAL -> MRM_OPERATING
[component_container_mt-1] [WARN] [1785815808.683802788] [sensing.lidar.concatenate_data]: transformed_raw_points[/sensing/lidar/right/pointcloud_before_sync] is nullptr, skipping pointcloud publish.
[component_container_mt-1] [WARN] [1785815808.683839862] [sensing.lidar.concatenate_data]: transformed_raw_points[/sensing/lidar/left/pointcloud_before_sync] is nullptr, skipping pointcloud publish.
[logging_node-14] [WARN] [1785815808.684060833] [logging_diag_graph]: The target mode is not available for the following reasons:
[logging_node-14] - /autoware/modes/autonomous ERROR
[logging_node-14]     - /autoware/localization ERROR
[logging_node-14]         - /autoware/localization/state STALE
[logging_node-14]     - /autoware/planning ERROR
[logging_node-14]         - /autoware/planning/routing/state STALE
[logging_node-14]         - [anonymous group] ERROR
[logging_node-14]             - /autoware/planning/topic_rate_check/route ERROR
[logging_node-14]             - /autoware/planning/topic_rate_check/trajectory ERROR
[logging_node-14]     - /autoware/control ERROR
[logging_node-14]         - /autoware/control/topic_rate_check/trajectory_follower ERROR
[logging_node-14]         - /autoware/control/topic_rate_check/control_command WARN 
[logging_node-14]         - /autoware/control/performance_monitoring/lane_departure STALE
[logging_node-14]         - /autoware/control/performance_monitoring/control_state STALE
[logging_node-14]     - /adapi/mrm_request/delegate STALE
[logging_node-14] 
[autoware_mrm_handler_node-13] [WARN] [1785815808.684441792] [system.mrm_handler]: EMERGENCY_STOP is operated.
[autoware_ndt_scan_matcher_node-24] [INFO] [1785815808.685608004] [localization.pose_estimator.ndt_scan_matcher]: Mismatch between pose timestamp and current timestamp
[component_container_mt-47] [WARN] [1785815808.734475106] [control.vehicle_cmd_gate]: Emergency!
[autoware_mrm_handler_node-13] [INFO] [1785815808.783443816] [system.mrm_handler]: MRM State changed: MRM_OPERATING -> NORMAL
[component_container_mt-1] [WARN] [1785815808.783771006] [sensing.lidar.concatenate_data]: transformed_raw_points[/sensing/lidar/right/pointcloud_before_sync] is nullptr, skipping pointcloud publish.
[component_container_mt-1] [WARN] [1785815808.783809729] [sensing.lidar.concatenate_data]: transformed_raw_points[/sensing/lidar/left/pointcloud_before_sync] is nullptr, skipping pointcloud publish.
[autoware_mrm_handler_node-13] [WARN] [1785815808.783941156] [system.mrm_handler]: EMERGENCY_STOP is canceled.
[autoware_ndt_scan_matcher_node-24] [INFO] [1785815808.785003895] [localization.pose_estimator.ndt_scan_matcher]: Mismatch between pose timestamp and current timestamp
[component_container_mt-1] [WARN] [1785815808.883574761] [sensing.lidar.concatenate_data]: transformed_raw_points[/sensing/lidar/right/pointcloud_before_sync] is nullptr, skipping pointcloud publish.
[component_container_mt-1] [WARN] [1785815808.883686013] [sensing.lidar.concatenate_data]: transformed_raw_points[/sensing/lidar/left/pointcloud_before_sync] is nullptr, skipping pointcloud publish.
[autoware_ndt_scan_matcher_node-24] [INFO] [1785815808.884280069] [localization.pose_estimator.ndt_scan_matcher]: Mismatch between pose timestamp and current timestamp
[component_container_mt-1] [WARN] [1785815808.984397685] [sensing.lidar.concatenate_data]: transformed_raw_points[/sensing/lidar/right/pointcloud_before_sync] is nullptr, skipping pointcloud publish.
[component_container_mt-1] [WARN] [1785815808.984438997] [sensing.lidar.concatenate_data]: transformed_raw_points[/sensing/lidar/left/pointcloud_before_sync] is nullptr, skipping pointcloud publish.
[autoware_ndt_scan_matcher_node-24] [INFO] [1785815808.984887350] [localization.pose_estimator.ndt_scan_matcher]: Mismatch between pose timestamp and current timestamp
[component_container_mt-1] [WARN] [1785815809.084144087] [sensing.lidar.concatenate_data]: transformed_raw_points[/sensing/lidar/right/pointcloud_before_sync] is nullptr, skipping pointcloud publish.
[component_container_mt-1] [WARN] [1785815809.084202208] [sensing.lidar.concatenate_data]: transformed_raw_points[/sensing/lidar/left/pointcloud_before_sync] is nullptr, skipping pointcloud publish.
[autoware_ndt_scan_matcher_node-24] [INFO] [1785815809.084750473] [localization.pose_estimator.ndt_scan_matcher]: Mismatch between pose timestamp and current timestamp
[component_container-7] [WARN] [1785815809.133942781] [system.topic_state_monitor_control_command_control_cmd]: /control/command/control_cmd topic rate has dropped to the warning level. Set WARN in diagnostics.
[component_container_mt-1] [WARN] [1785815809.184364094] [sensing.lidar.concatenate_data]: transformed_raw_points[/sensing/lidar/right/pointcloud_before_sync] is nullptr, skipping pointcloud publish.
[component_container_mt-1] [WARN] [1785815809.184411525] [sensing.lidar.concatenate_data]: transformed_raw_points[/sensing/lidar/left/pointcloud_before_sync] is nullptr, skipping pointcloud publish.
[autoware_ndt_scan_matcher_node-24] [INFO] [1785815809.185757254] [localization.pose_estimator.ndt_scan_matcher]: Mismatch between pose timestamp and current timestamp
[component_container_mt-1] [WARN] [1785815809.284189027] [sensing.lidar.concatenate_data]: transformed_raw_points[/sensing/lidar/right/pointcloud_before_sync] is nullptr, skipping pointcloud publish.
[component_container_mt-1] [WARN] [1785815809.284235357] [sensing.lidar.concatenate_data]: transformed_raw_points[/sensing/lidar/left/pointcloud_before_sync] is nullptr, skipping pointcloud publish.
[autoware_ndt_scan_matcher_node-24] [INFO] [1785815809.284881227] [localization.pose_estimator.ndt_scan_matcher]: Mismatch between pose timestamp and current timestamp
[component_container_mt-1] [WARN] [1785815809.384538042] [sensing.lidar.concatenate_data]: transformed_raw_points[/sensing/lidar/right/pointcloud_before_sync] is nullptr, skipping pointcloud publish.
[component_container_mt-1] [WARN] [1785815809.384584273] [sensing.lidar.concatenate_data]: transformed_raw_points[/sensing/lidar/left/pointcloud_before_sync] is nullptr, skipping pointcloud publish.
[autoware_ndt_scan_matcher_node-24] [INFO] [1785815809.385034096] [localization.pose_estimator.ndt_scan_matcher]: Mismatch between pose timestamp and current timestamp
[component_container_mt-1] [WARN] [1785815809.484145763] [sensing.lidar.concatenate_data]: transformed_raw_points[/sensing/lidar/right/pointcloud_before_sync] is nullptr, skipping pointcloud publish.
[component_container_mt-1] [WARN] [1785815809.484194236] [sensing.lidar.concatenate_data]: transformed_raw_points[/sensing/lidar/left/pointcloud_before_sync] is nullptr, skipping pointcloud publish.
[autoware_ndt_scan_matcher_node-24] [INFO] [1785815809.484734211] [localization.pose_estimator.ndt_scan_matcher]: Mismatch between pose timestamp and current timestamp
[component_container_mt-1] [WARN] [1785815809.584470615] [sensing.lidar.concatenate_data]: transformed_raw_points[/sensing/lidar/right/pointcloud_before_sync] is nullptr, skipping pointcloud publish.
[component_container_mt-1] [WARN] [1785815809.584510692] [sensing.lidar.concatenate_data]: transformed_raw_points[/sensing/lidar/left/pointcloud_before_sync] is nullptr, skipping pointcloud publish.
[autoware_ndt_scan_matcher_node-24] [INFO] [1785815809.585012468] [localization.pose_estimator.ndt_scan_matcher]: Mismatch between pose timestamp and current timestamp
[autoware_mrm_handler_node-13] [INFO] [1785815809.683841634] [system.mrm_handler]: MRM State changed: NORMAL -> MRM_OPERATING
[component_container_mt-1] [WARN] [1785815809.684231807] [sensing.lidar.concatenate_data]: transformed_raw_points[/sensing/lidar/right/pointcloud_before_sync] is nullptr, skipping pointcloud publish.
[component_container_mt-1] [WARN] [1785815809.684269704] [sensing.lidar.concatenate_data]: transformed_raw_points[/sensing/lidar/left/pointcloud_before_sync] is nullptr, skipping pointcloud publish.
[autoware_mrm_handler_node-13] [WARN] [1785815809.684243663] [system.mrm_handler]: EMERGENCY_STOP is operated.
[autoware_ndt_scan_matcher_node-24] [INFO] [1785815809.684708791] [localization.pose_estimator.ndt_scan_matcher]: Mismatch between pose timestamp and current timestamp
[component_container_mt-47] [WARN] [1785815809.734949212] [control.vehicle_cmd_gate]: Emergency!
[component_container_mt-1] [WARN] [1785815809.784310704] [sensing.lidar.concatenate_data]: transformed_raw_points[/sensing/lidar/right/pointcloud_before_sync] is nullptr, skipping pointcloud publish.
[component_container_mt-1] [WARN] [1785815809.784358887] [sensing.lidar.concatenate_data]: transformed_raw_points[/sensing/lidar/left/pointcloud_before_sync] is nullptr, skipping pointcloud publish.
[autoware_ndt_scan_matcher_node-24] [INFO] [1785815809.785093682] [localization.pose_estimator.ndt_scan_matcher]: Mismatch between pose timestamp and current timestamp
[autoware_mrm_handler_node-13] [INFO] [1785815809.785184159] [system.mrm_handler]: MRM State changed: MRM_OPERATING -> NORMAL
[autoware_mrm_handler_node-13] [WARN] [1785815809.786156974] [system.mrm_handler]: EMERGENCY_STOP is canceled.
[component_container_mt-1] [WARN] [1785815809.885213702] [sensing.lidar.concatenate_data]: transformed_raw_points[/sensing/lidar/right/pointcloud_before_sync] is nullptr, skipping pointcloud publish.
[component_container_mt-1] [WARN] [1785815809.885258621] [sensing.lidar.concatenate_data]: transformed_raw_points[/sensing/lidar/left/pointcloud_before_sync] is nullptr, skipping pointcloud publish.
[autoware_ndt_scan_matcher_node-24] [INFO] [1785815809.885705847] [localization.pose_estimator.ndt_scan_matcher]: Mismatch between pose timestamp and current timestamp
[component_container_mt-1] [WARN] [1785815809.984059047] [sensing.lidar.concatenate_data]: transformed_raw_points[/sensing/lidar/right/pointcloud_before_sync] is nullptr, skipping pointcloud publish.
[component_container_mt-1] [WARN] [1785815809.984105205] [sensing.lidar.concatenate_data]: transformed_raw_points[/sensing/lidar/left/pointcloud_before_sync] is nullptr, skipping pointcloud publish.
[autoware_ndt_scan_matcher_node-24] [INFO] [1785815809.984744539] [localization.pose_estimator.ndt_scan_matcher]: Mismatch between pose timestamp and current timestamp
[component_container-7] [INFO] [1785815810.084240752] [system.topic_state_monitor_mission_planning_route]: /planning/mission_planning/route has not received. Set ERROR in diagnostics.
[component_container_mt-1] [WARN] [1785815810.084527190] [sensing.lidar.concatenate_data]: transformed_raw_points[/sensing/lidar/right/pointcloud_before_sync] is nullptr, skipping pointcloud publish.
[component_container_mt-1] [WARN] [1785815810.084563630] [sensing.lidar.concatenate_data]: transformed_raw_points[/sensing/lidar/left/pointcloud_before_sync] is nullptr, skipping pointcloud publish.
[autoware_ndt_scan_matcher_node-24] [INFO] [1785815810.085031873] [localization.pose_estimator.ndt_scan_matcher]: Mismatch between pose timestamp and current timestamp
[component_container_mt-47] [INFO] [1785815810.184079279] [control.trajectory_follower.controller_node_exe]: Waiting for trajectory data
[component_container_mt-47] [INFO] [1785815810.184148787] [control.trajectory_follower.controller_node_exe]: Control is skipped since input data is not ready.
[component_container_mt-1] [WARN] [1785815810.184443001] [sensing.lidar.concatenate_data]: transformed_raw_points[/sensing/lidar/right/pointcloud_before_sync] is nullptr, skipping pointcloud publish.
[component_container_mt-1] [WARN] [1785815810.184480664] [sensing.lidar.concatenate_data]: transformed_raw_points[/sensing/lidar/left/pointcloud_before_sync] is nullptr, skipping pointcloud publish.
[autoware_ndt_scan_matcher_node-24] [INFO] [1785815810.185117412] [localization.pose_estimator.ndt_scan_matcher]: Mismatch between pose timestamp and current timestamp
[component_container_mt-1] [WARN] [1785815810.284247562] [sensing.lidar.concatenate_data]: transformed_raw_points[/sensing/lidar/right/pointcloud_before_sync] is nullptr, skipping pointcloud publish.
[component_container_mt-1] [WARN] [1785815810.284297645] [sensing.lidar.concatenate_data]: transformed_raw_points[/sensing/lidar/left/pointcloud_before_sync] is nullptr, skipping pointcloud publish.
[autoware_ndt_scan_matcher_node-24] [INFO] [1785815810.284867940] [localization.pose_estimator.ndt_scan_matcher]: Mismatch between pose timestamp and current timestamp
[component_container_mt-1] [WARN] [1785815810.384147482] [sensing.lidar.concatenate_data]: transformed_raw_points[/sensing/lidar/right/pointcloud_before_sync] is nullptr, skipping pointcloud publish.
[component_container_mt-1] [WARN] [1785815810.384197904] [sensing.lidar.concatenate_data]: transformed_raw_points[/sensing/lidar/left/pointcloud_before_sync] is nullptr, skipping pointcloud publish.
[autoware_ndt_scan_matcher_node-24] [INFO] [1785815810.384783473] [localization.pose_estimator.ndt_scan_matcher]: Mismatch between pose timestamp and current timestamp
[component_container-18] [WARN] [1785815810.391905988] [sensing.lidar.top.crop_box_filter_self]: Invalid PointCloud: is_dense is false. The point cloud should be organized (dense) and contain only valid points. This will be an ERROR starting in 2026 JulyFrame: 'velodyne_top', Stamp: 74.835702067
[component_container_mt-1] [WARN] [1785815810.483921228] [sensing.lidar.concatenate_data]: transformed_raw_points[/sensing/lidar/right/pointcloud_before_sync] is nullptr, skipping pointcloud publish.
[component_container_mt-1] [WARN] [1785815810.483970851] [sensing.lidar.concatenate_data]: transformed_raw_points[/sensing/lidar/left/pointcloud_before_sync] is nullptr, skipping pointcloud publish.
[autoware_ndt_scan_matcher_node-24] [INFO] [1785815810.484945070] [localization.pose_estimator.ndt_scan_matcher]: Mismatch between pose timestamp and current timestamp
[component_container_mt-1] [WARN] [1785815810.584525766] [sensing.lidar.concatenate_data]: transformed_raw_points[/sensing/lidar/right/pointcloud_before_sync] is nullptr, skipping pointcloud publish.
[component_container_mt-1] [WARN] [1785815810.584571106] [sensing.lidar.concatenate_data]: transformed_raw_points[/sensing/lidar/left/pointcloud_before_sync] is nullptr, skipping pointcloud publish.
[autoware_ndt_scan_matcher_node-24] [INFO] [1785815810.585180234] [localization.pose_estimator.ndt_scan_matcher]: Mismatch between pose timestamp and current timestamp
[autoware_mrm_handler_node-13] [INFO] [1785815810.684005128] [system.mrm_handler]: MRM State changed: NORMAL -> MRM_OPERATING
[autoware_mrm_handler_node-13] [WARN] [1785815810.684240568] [system.mrm_handler]: EMERGENCY_STOP is operated.
[component_container_mt-1] [WARN] [1785815810.684282288] [sensing.lidar.concatenate_data]: transformed_raw_points[/sensing/lidar/right/pointcloud_before_sync] is nullptr, skipping pointcloud publish.
[component_container_mt-1] [WARN] [1785815810.684317938] [sensing.lidar.concatenate_data]: transformed_raw_points[/sensing/lidar/left/pointcloud_before_sync] is nullptr, skipping pointcloud publish.
[autoware_ndt_scan_matcher_node-24] [INFO] [1785815810.684979721] [localization.pose_estimator.ndt_scan_matcher]: Mismatch between pose timestamp and current timestamp
[component_container-18] [WARN] [1785815810.691545776] [sensing.lidar.top.distortion_corrector_node]: Twist time_stamp is too late. Could not interpolate.
[component_container_mt-48] [INFO] [1785815810.734836862] [control.control_validator]: waiting for /planning/trajectory
[component_container_mt-1] [WARN] [1785815810.784220136] [sensing.lidar.concatenate_data]: transformed_raw_points[/sensing/lidar/right/pointcloud_before_sync] is nullptr, skipping pointcloud publish.
[component_container_mt-47] [WARN] [1785815810.784281481] [control.vehicle_cmd_gate]: Emergency!
[component_container_mt-1] [WARN] [1785815810.784775784] [sensing.lidar.concatenate_data]: transformed_raw_points[/sensing/lidar/left/pointcloud_before_sync] is nullptr, skipping pointcloud publish.
[autoware_ndt_scan_matcher_node-24] [INFO] [1785815810.784799137] [localization.pose_estimator.ndt_scan_matcher]: Mismatch between pose timestamp and current timestamp
[autoware_mrm_handler_node-13] [INFO] [1785815810.786973601] [system.mrm_handler]: MRM State changed: MRM_OPERATING -> NORMAL
[autoware_mrm_handler_node-13] [WARN] [1785815810.787610554] [system.mrm_handler]: EMERGENCY_STOP is canceled.
[component_container_mt-1] [WARN] [1785815810.792794175] [localization.util.crop_box_filter_measurement_range]: Invalid PointCloud: row_step mismatch. Expected: 98992 (width 6187 * point_step 16), Got: 0. Frame: 'base_link', Stamp: 75.235702073 Please fill in the `cloud->row_step` field accordingly. This will be an ERROR starting in 2026 July
[component_container_mt-1] [WARN] [1785815810.883961412] [sensing.lidar.concatenate_data]: transformed_raw_points[/sensing/lidar/right/pointcloud_before_sync] is nullptr, skipping pointcloud publish.
[component_container_mt-1] [WARN] [1785815810.884014373] [sensing.lidar.concatenate_data]: transformed_raw_points[/sensing/lidar/left/pointcloud_before_sync] is nullptr, skipping pointcloud publish.
[autoware_ndt_scan_matcher_node-24] [INFO] [1785815810.884472622] [localization.pose_estimator.ndt_scan_matcher]: Mismatch between pose timestamp and current timestamp
[component_container_mt-40] [INFO] [1785815810.935271473] [planning.scenario_planning.lane_driving.behavior_planning.behavior_path_planner]: waiting for scenario_topic
[component_container_mt-1] [WARN] [1785815810.983829314] [sensing.lidar.concatenate_data]: transformed_raw_points[/sensing/lidar/right/pointcloud_before_sync] is nullptr, skipping pointcloud publish.
[component_container_mt-1] [WARN] [1785815810.983880564] [sensing.lidar.concatenate_data]: transformed_raw_points[/sensing/lidar/left/pointcloud_before_sync] is nullptr, skipping pointcloud publish.
[autoware_ndt_scan_matcher_node-24] [INFO] [1785815810.984545081] [localization.pose_estimator.ndt_scan_matcher]: Mismatch between pose timestamp and current timestamp
[component_container_mt-1] [WARN] [1785815811.084099406] [sensing.lidar.concatenate_data]: transformed_raw_points[/sensing/lidar/right/pointcloud_before_sync] is nullptr, skipping pointcloud publish.
[component_container_mt-1] [WARN] [1785815811.084149959] [sensing.lidar.concatenate_data]: transformed_raw_points[/sensing/lidar/left/pointcloud_before_sync] is nullptr, skipping pointcloud publish.
[autoware_ndt_scan_matcher_node-24] [INFO] [1785815811.084971506] [localization.pose_estimator.ndt_scan_matcher]: Mismatch between pose timestamp and current timestamp
[component_container_mt-47] [INFO] [1785815811.134349407] [control.vehicle_cmd_gate]: The operation mode is changed, but the GearCommand is not received yet:
[component_container_mt-1] [WARN] [1785815811.183676203] [sensing.lidar.concatenate_data]: transformed_raw_points[/sensing/lidar/right/pointcloud_before_sync] is nullptr, skipping pointcloud publish.
[component_container_mt-1] [WARN] [1785815811.183721481] [sensing.lidar.concatenate_data]: transformed_raw_points[/sensing/lidar/left/pointcloud_before_sync] is nullptr, skipping pointcloud publish.
[autoware_ndt_scan_matcher_node-24] [INFO] [1785815811.184408422] [localization.pose_estimator.ndt_scan_matcher]: Mismatch between pose timestamp and current timestamp
[component_container_mt-48] [INFO] [1785815811.283697952] [control.autonomous_emergency_braking]: [AEB] waiting for control predicted trajectory
[component_container_mt-1] [WARN] [1785815811.284245193] [sensing.lidar.concatenate_data]: transformed_raw_points[/sensing/lidar/right/pointcloud_before_sync] is nullptr, skipping pointcloud publish.
[component_container_mt-1] [WARN] [1785815811.284282504] [sensing.lidar.concatenate_data]: transformed_raw_points[/sensing/lidar/left/pointcloud_before_sync] is nullptr, skipping pointcloud publish.
[autoware_ndt_scan_matcher_node-24] [INFO] [1785815811.284902452] [localization.pose_estimator.ndt_scan_matcher]: Mismatch between pose timestamp and current timestamp
[component_container_mt-1] [WARN] [1785815811.384078169] [sensing.lidar.concatenate_data]: transformed_raw_points[/sensing/lidar/right/pointcloud_before_sync] is nullptr, skipping pointcloud publish.
[component_container_mt-1] [WARN] [1785815811.384127968] [sensing.lidar.concatenate_data]: transformed_raw_points[/sensing/lidar/left/pointcloud_before_sync] is nullptr, skipping pointcloud publish.
[autoware_ndt_scan_matcher_node-24] [INFO] [1785815811.384838678] [localization.pose_estimator.ndt_scan_matcher]: Mismatch between pose timestamp and current timestamp
[component_container_mt-1] [WARN] [1785815811.484148631] [sensing.lidar.concatenate_data]: transformed_raw_points[/sensing/lidar/right/pointcloud_before_sync] is nullptr, skipping pointcloud publish.
[component_container_mt-1] [WARN] [1785815811.484194657] [sensing.lidar.concatenate_data]: transformed_raw_points[/sensing/lidar/left/pointcloud_before_sync] is nullptr, skipping pointcloud publish.
[autoware_ndt_scan_matcher_node-24] [INFO] [1785815811.484654618] [localization.pose_estimator.ndt_scan_matcher]: Mismatch between pose timestamp and current timestamp
[component_container_mt-1] [WARN] [1785815811.584358076] [sensing.lidar.concatenate_data]: transformed_raw_points[/sensing/lidar/right/pointcloud_before_sync] is nullptr, skipping pointcloud publish.
[component_container_mt-1] [WARN] [1785815811.584404868] [sensing.lidar.concatenate_data]: transformed_raw_points[/sensing/lidar/left/pointcloud_before_sync] is nullptr, skipping pointcloud publish.
[autoware_ndt_scan_matcher_node-24] [INFO] [1785815811.585949457] [localization.pose_estimator.ndt_scan_matcher]: Mismatch between pose timestamp and current timestamp
[autoware_mrm_handler_node-13] [INFO] [1785815811.683885312] [system.mrm_handler]: MRM State changed: NORMAL -> MRM_OPERATING
[component_container_mt-1] [WARN] [1785815811.683962409] [sensing.lidar.concatenate_data]: transformed_raw_points[/sensing/lidar/right/pointcloud_before_sync] is nullptr, skipping pointcloud publish.
[component_container_mt-1] [WARN] [1785815811.683997584] [sensing.lidar.concatenate_data]: transformed_raw_points[/sensing/lidar/left/pointcloud_before_sync] is nullptr, skipping pointcloud publish.
[autoware_ndt_scan_matcher_node-24] [INFO] [1785815811.684781917] [localization.pose_estimator.ndt_scan_matcher]: Mismatch between pose timestamp and current timestamp
[autoware_mrm_handler_node-13] [WARN] [1785815811.684895194] [system.mrm_handler]: EMERGENCY_STOP is operated.
[component_container_mt-1] [WARN] [1785815811.783990503] [sensing.lidar.concatenate_data]: transformed_raw_points[/sensing/lidar/right/pointcloud_before_sync] is nullptr, skipping pointcloud publish.
[component_container_mt-1] [WARN] [1785815811.784038467] [sensing.lidar.concatenate_data]: transformed_raw_points[/sensing/lidar/left/pointcloud_before_sync] is nullptr, skipping pointcloud publish.
[autoware_mrm_handler_node-13] [INFO] [1785815811.784033018] [system.mrm_handler]: MRM State changed: MRM_OPERATING -> NORMAL
[component_container_mt-47] [WARN] [1785815811.784266150] [control.vehicle_cmd_gate]: Emergency!
[autoware_mrm_handler_node-13] [WARN] [1785815811.784407950] [system.mrm_handler]: EMERGENCY_STOP is canceled.
[autoware_ndt_scan_matcher_node-24] [INFO] [1785815811.784809184] [localization.pose_estimator.ndt_scan_matcher]: Mismatch between pose timestamp and current timestamp
[component_container_mt-1] [WARN] [1785815811.883547443] [sensing.lidar.concatenate_data]: transformed_raw_points[/sensing/lidar/right/pointcloud_before_sync] is nullptr, skipping pointcloud publish.
[component_container_mt-1] [WARN] [1785815811.883587249] [sensing.lidar.concatenate_data]: transformed_raw_points[/sensing/lidar/left/pointcloud_before_sync] is nullptr, skipping pointcloud publish.
[autoware_ndt_scan_matcher_node-24] [INFO] [1785815811.884203292] [localization.pose_estimator.ndt_scan_matcher]: Mismatch between pose timestamp and current timestamp
[component_container_mt-1] [WARN] [1785815811.984112299] [sensing.lidar.concatenate_data]: transformed_raw_points[/sensing/lidar/right/pointcloud_before_sync] is nullptr, skipping pointcloud publish.
[component_container_mt-1] [WARN] [1785815811.984160242] [sensing.lidar.concatenate_data]: transformed_raw_points[/sensing/lidar/left/pointcloud_before_sync] is nullptr, skipping pointcloud publish.
[autoware_ndt_scan_matcher_node-24] [INFO] [1785815811.984696823] [localization.pose_estimator.ndt_scan_matcher]: Mismatch between pose timestamp and current timestamp
[component_container_mt-1] [WARN] [1785815812.083928872] [sensing.lidar.concatenate_data]: transformed_raw_points[/sensing/lidar/right/pointcloud_before_sync] is nullptr, skipping pointcloud publish.
[component_container_mt-1] [WARN] [1785815812.083975520] [sensing.lidar.concatenate_data]: transformed_raw_points[/sensing/lidar/left/pointcloud_before_sync] is nullptr, skipping pointcloud publish.
[autoware_ndt_scan_matcher_node-24] [INFO] [1785815812.085046297] [localization.pose_estimator.ndt_scan_matcher]: Mismatch between pose timestamp and current timestamp
[component_container-7] [WARN] [1785815812.134218124] [system.topic_state_monitor_control_command_control_cmd]: /control/command/control_cmd topic rate has dropped to the warning level. Set WARN in diagnostics.
[component_container_mt-1] [WARN] [1785815812.183872068] [sensing.lidar.concatenate_data]: transformed_raw_points[/sensing/lidar/right/pointcloud_before_sync] is nullptr, skipping pointcloud publish.
[component_container_mt-1] [WARN] [1785815812.183926240] [sensing.lidar.concatenate_data]: transformed_raw_points[/sensing/lidar/left/pointcloud_before_sync] is nullptr, skipping pointcloud publish.
[autoware_ndt_scan_matcher_node-24] [INFO] [1785815812.184835619] [localization.pose_estimator.ndt_scan_matcher]: Mismatch between pose timestamp and current timestamp
[component_container_mt-1] [WARN] [1785815812.284120267] [sensing.lidar.concatenate_data]: transformed_raw_points[/sensing/lidar/right/pointcloud_before_sync] is nullptr, skipping pointcloud publish.
[component_container_mt-1] [WARN] [1785815812.284166403] [sensing.lidar.concatenate_data]: transformed_raw_points[/sensing/lidar/left/pointcloud_before_sync] is nullptr, skipping pointcloud publish.
[autoware_ndt_scan_matcher_node-24] [INFO] [1785815812.285345626] [localization.pose_estimator.ndt_scan_matcher]: Mismatch between pose timestamp and current timestamp
[component_container_mt-1] [WARN] [1785815812.384132340] [sensing.lidar.concatenate_data]: transformed_raw_points[/sensing/lidar/right/pointcloud_before_sync] is nullptr, skipping pointcloud publish.
[component_container_mt-1] [WARN] [1785815812.384199173] [sensing.lidar.concatenate_data]: transformed_raw_points[/sensing/lidar/left/pointcloud_before_sync] is nullptr, skipping pointcloud publish.
[autoware_ndt_scan_matcher_node-24] [INFO] [1785815812.384944501] [localization.pose_estimator.ndt_scan_matcher]: Mismatch between pose timestamp and current timestamp
[component_container_mt-1] [WARN] [1785815812.484445929] [sensing.lidar.concatenate_data]: transformed_raw_points[/sensing/lidar/right/pointcloud_before_sync] is nullptr, skipping pointcloud publish.
[component_container_mt-1] [WARN] [1785815812.484494622] [sensing.lidar.concatenate_data]: transformed_raw_points[/sensing/lidar/left/pointcloud_before_sync] is nullptr, skipping pointcloud publish.
[autoware_ndt_scan_matcher_node-24] [INFO] [1785815812.485575626] [localization.pose_estimator.ndt_scan_matcher]: Mismatch between pose timestamp and current timestamp
[component_container_mt-1] [WARN] [1785815812.583668262] [sensing.lidar.concatenate_data]: transformed_raw_points[/sensing/lidar/right/pointcloud_before_sync] is nullptr, skipping pointcloud publish.
[component_container_mt-1] [WARN] [1785815812.583719171] [sensing.lidar.concatenate_data]: transformed_raw_points[/sensing/lidar/left/pointcloud_before_sync] is nullptr, skipping pointcloud publish.
[autoware_ndt_scan_matcher_node-24] [INFO] [1785815812.584558646] [localization.pose_estimator.ndt_scan_matcher]: Mismatch between pose timestamp and current timestamp
[component_container_mt-48] [INFO] [1785815812.633635435] [control.trajectory_follower.lane_departure_checker_node]: waiting for route msg...
[logging_node-14] [WARN] [1785815812.683393602] [logging_diag_graph]: The target mode is not available for the following reasons:
[logging_node-14] - /autoware/modes/autonomous ERROR
[logging_node-14]     - /autoware/localization ERROR
[logging_node-14]         - /autoware/localization/state STALE
[logging_node-14]     - /autoware/planning ERROR
[logging_node-14]         - /autoware/planning/routing/state STALE
[logging_node-14]         - [anonymous group] ERROR
[logging_node-14]             - /autoware/planning/topic_rate_check/route ERROR
[logging_node-14]             - /autoware/planning/topic_rate_check/trajectory ERROR
[logging_node-14]     - /autoware/control ERROR
[logging_node-14]         - /autoware/control/topic_rate_check/trajectory_follower ERROR
[logging_node-14]         - /autoware/control/topic_rate_check/control_command WARN 
[logging_node-14]         - /autoware/control/performance_monitoring/lane_departure STALE
[logging_node-14]         - /autoware/control/performance_monitoring/control_state STALE
[logging_node-14]     - /adapi/mrm_request/delegate STALE
[logging_node-14] 
[autoware_scenario_selector_node-36] [INFO] [1785815812.683458066] [planning.scenario_planning.scenario_selector]: Waiting for route.
[autoware_mrm_handler_node-13] [INFO] [1785815812.683795505] [system.mrm_handler]: MRM State changed: NORMAL -> MRM_OPERATING
[autoware_mrm_handler_node-13] [WARN] [1785815812.683977515] [system.mrm_handler]: EMERGENCY_STOP is operated.
[component_container_mt-1] [WARN] [1785815812.683902709] [sensing.lidar.concatenate_data]: transformed_raw_points[/sensing/lidar/right/pointcloud_before_sync] is nullptr, skipping pointcloud publish.
[component_container_mt-1] [WARN] [1785815812.683935852] [sensing.lidar.concatenate_data]: transformed_raw_points[/sensing/lidar/left/pointcloud_before_sync] is nullptr, skipping pointcloud publish.
[autoware_ndt_scan_matcher_node-24] [INFO] [1785815812.684419830] [localization.pose_estimator.ndt_scan_matcher]: Mismatch between pose timestamp and current timestamp
[component_container-18] [WARN] [1785815812.690398899] [sensing.lidar.top.distortion_corrector_node]: IMU time_stamp is too late. Could not interpolate.
[component_container_mt-1] [WARN] [1785815812.784204706] [sensing.lidar.concatenate_data]: transformed_raw_points[/sensing/lidar/right/pointcloud_before_sync] is nullptr, skipping pointcloud publish.
[component_container_mt-1] [WARN] [1785815812.784250152] [sensing.lidar.concatenate_data]: transformed_raw_points[/sensing/lidar/left/pointcloud_before_sync] is nullptr, skipping pointcloud publish.
[autoware_mrm_handler_node-13] [INFO] [1785815812.784043546] [system.mrm_handler]: MRM State changed: MRM_OPERATING -> NORMAL
[component_container_mt-47] [WARN] [1785815812.784633972] [control.vehicle_cmd_gate]: Emergency!
[autoware_ndt_scan_matcher_node-24] [INFO] [1785815812.784940017] [localization.pose_estimator.ndt_scan_matcher]: Mismatch between pose timestamp and current timestamp
[autoware_mrm_handler_node-13] [WARN] [1785815812.785741932] [system.mrm_handler]: EMERGENCY_STOP is canceled.
[component_container_mt-1] [WARN] [1785815812.884539834] [sensing.lidar.concatenate_data]: transformed_raw_points[/sensing/lidar/right/pointcloud_before_sync] is nullptr, skipping pointcloud publish.
[component_container_mt-1] [WARN] [1785815812.884580263] [sensing.lidar.concatenate_data]: transformed_raw_points[/sensing/lidar/left/pointcloud_before_sync] is nullptr, skipping pointcloud publish.
[autoware_ndt_scan_matcher_node-24] [INFO] [1785815812.885304989] [localization.pose_estimator.ndt_scan_matcher]: Mismatch between pose timestamp and current timestamp
[component_container_mt-1] [WARN] [1785815812.984072360] [sensing.lidar.concatenate_data]: transformed_raw_points[/sensing/lidar/right/pointcloud_before_sync] is nullptr, skipping pointcloud publish.
[component_container_mt-1] [WARN] [1785815812.984114212] [sensing.lidar.concatenate_data]: transformed_raw_points[/sensing/lidar/left/pointcloud_before_sync] is nullptr, skipping pointcloud publish.
[autoware_ndt_scan_matcher_node-24] [INFO] [1785815812.984821917] [localization.pose_estimator.ndt_scan_matcher]: Mismatch between pose timestamp and current timestamp
[component_container_mt-1] [WARN] [1785815813.084213048] [sensing.lidar.concatenate_data]: transformed_raw_points[/sensing/lidar/right/pointcloud_before_sync] is nullptr, skipping pointcloud publish.
[component_container_mt-1] [WARN] [1785815813.084256781] [sensing.lidar.concatenate_data]: transformed_raw_points[/sensing/lidar/left/pointcloud_before_sync] is nullptr, skipping pointcloud publish.
[component_container-7] [INFO] [1785815813.084429587] [system.topic_state_monitor_mission_planning_route]: /planning/mission_planning/route has not received. Set ERROR in diagnostics.
[autoware_ndt_scan_matcher_node-24] [INFO] [1785815813.084867630] [localization.pose_estimator.ndt_scan_matcher]: Mismatch between pose timestamp and current timestamp
[component_container_mt-1] [WARN] [1785815813.183756215] [sensing.lidar.concatenate_data]: transformed_raw_points[/sensing/lidar/right/pointcloud_before_sync] is nullptr, skipping pointcloud publish.
[component_container_mt-1] [WARN] [1785815813.183803772] [sensing.lidar.concatenate_data]: transformed_raw_points[/sensing/lidar/left/pointcloud_before_sync] is nullptr, skipping pointcloud publish.
[autoware_ndt_scan_matcher_node-24] [INFO] [1785815813.185304925] [localization.pose_estimator.ndt_scan_matcher]: Mismatch between pose timestamp and current timestamp
[component_container_mt-1] [WARN] [1785815813.284385769] [sensing.lidar.concatenate_data]: transformed_raw_points[/sensing/lidar/right/pointcloud_before_sync] is nullptr, skipping pointcloud publish.
[component_container_mt-1] [WARN] [1785815813.284431237] [sensing.lidar.concatenate_data]: transformed_raw_points[/sensing/lidar/left/pointcloud_before_sync] is nullptr, skipping pointcloud publish.
[autoware_ndt_scan_matcher_node-24] [INFO] [1785815813.284990082] [localization.pose_estimator.ndt_scan_matcher]: Mismatch between pose timestamp and current timestamp
[component_container_mt-1] [WARN] [1785815813.384953658] [sensing.lidar.concatenate_data]: transformed_raw_points[/sensing/lidar/right/pointcloud_before_sync] is nullptr, skipping pointcloud publish.
[component_container_mt-1] [WARN] [1785815813.384996163] [sensing.lidar.concatenate_data]: transformed_raw_points[/sensing/lidar/left/pointcloud_before_sync] is nullptr, skipping pointcloud publish.
[autoware_ndt_scan_matcher_node-24] [INFO] [1785815813.385821365] [localization.pose_estimator.ndt_scan_matcher]: Mismatch between pose timestamp and current timestamp
[component_container_mt-1] [WARN] [1785815813.484569190] [sensing.lidar.concatenate_data]: transformed_raw_points[/sensing/lidar/right/pointcloud_before_sync] is nullptr, skipping pointcloud publish.
[component_container_mt-1] [WARN] [1785815813.484618733] [sensing.lidar.concatenate_data]: transformed_raw_points[/sensing/lidar/left/pointcloud_before_sync] is nullptr, skipping pointcloud publish.
[autoware_ndt_scan_matcher_node-24] [INFO] [1785815813.485080715] [localization.pose_estimator.ndt_scan_matcher]: Mismatch between pose timestamp and current timestamp
[component_container_mt-1] [WARN] [1785815813.584134978] [sensing.lidar.concatenate_data]: transformed_raw_points[/sensing/lidar/right/pointcloud_before_sync] is nullptr, skipping pointcloud publish.
[component_container_mt-1] [WARN] [1785815813.584180698] [sensing.lidar.concatenate_data]: transformed_raw_points[/sensing/lidar/left/pointcloud_before_sync] is nullptr, skipping pointcloud publish.
[autoware_ndt_scan_matcher_node-24] [INFO] [1785815813.584566931] [localization.pose_estimator.ndt_scan_matcher]: Mismatch between pose timestamp and current timestamp
[autoware_mrm_handler_node-13] [INFO] [1785815813.683407769] [system.mrm_handler]: MRM State changed: NORMAL -> MRM_OPERATING
[autoware_mrm_handler_node-13] [WARN] [1785815813.683771296] [system.mrm_handler]: EMERGENCY_STOP is operated.
[component_container_mt-1] [WARN] [1785815813.683948662] [sensing.lidar.concatenate_data]: transformed_raw_points[/sensing/lidar/right/pointcloud_before_sync] is nullptr, skipping pointcloud publish.
[component_container_mt-1] [WARN] [1785815813.683975954] [sensing.lidar.concatenate_data]: transformed_raw_points[/sensing/lidar/left/pointcloud_before_sync] is nullptr, skipping pointcloud publish.
[autoware_ndt_scan_matcher_node-24] [INFO] [1785815813.684030371] [localization.pose_estimator.ndt_scan_matcher]: Mismatch between pose timestamp and current timestamp
[autoware_mrm_handler_node-13] [INFO] [1785815813.783368904] [system.mrm_handler]: MRM State changed: MRM_OPERATING -> NORMAL
[autoware_mrm_handler_node-13] [WARN] [1785815813.783693410] [system.mrm_handler]: EMERGENCY_STOP is canceled.
[component_container_mt-1] [WARN] [1785815813.783979031] [sensing.lidar.concatenate_data]: transformed_raw_points[/sensing/lidar/right/pointcloud_before_sync] is nullptr, skipping pointcloud publish.
[component_container_mt-1] [WARN] [1785815813.784018440] [sensing.lidar.concatenate_data]: transformed_raw_points[/sensing/lidar/left/pointcloud_before_sync] is nullptr, skipping pointcloud publish.
[autoware_ndt_scan_matcher_node-24] [INFO] [1785815813.784652360] [localization.pose_estimator.ndt_scan_matcher]: Mismatch between pose timestamp and current timestamp
[component_container_mt-1] [WARN] [1785815813.883936181] [sensing.lidar.concatenate_data]: transformed_raw_points[/sensing/lidar/right/pointcloud_before_sync] is nullptr, skipping pointcloud publish.
[component_container_mt-1] [WARN] [1785815813.883981104] [sensing.lidar.concatenate_data]: transformed_raw_points[/sensing/lidar/left/pointcloud_before_sync] is nullptr, skipping pointcloud publish.
[autoware_ndt_scan_matcher_node-24] [INFO] [1785815813.884438231] [localization.pose_estimator.ndt_scan_matcher]: Mismatch between pose timestamp and current timestamp
[component_container_mt-1] [WARN] [1785815813.983915903] [sensing.lidar.concatenate_data]: transformed_raw_points[/sensing/lidar/right/pointcloud_before_sync] is nullptr, skipping pointcloud publish.
[component_container_mt-1] [WARN] [1785815813.983967847] [sensing.lidar.concatenate_data]: transformed_raw_points[/sensing/lidar/left/pointcloud_before_sync] is nullptr, skipping pointcloud publish.
[autoware_ndt_scan_matcher_node-24] [INFO] [1785815813.985069357] [localization.pose_estimator.ndt_scan_matcher]: Mismatch between pose timestamp and current timestamp
[component_container_mt-1] [WARN] [1785815814.083998332] [sensing.lidar.concatenate_data]: transformed_raw_points[/sensing/lidar/right/pointcloud_before_sync] is nullptr, skipping pointcloud publish.
[component_container_mt-1] [WARN] [1785815814.084047933] [sensing.lidar.concatenate_data]: transformed_raw_points[/sensing/lidar/left/pointcloud_before_sync] is nullptr, skipping pointcloud publish.
[autoware_ndt_scan_matcher_node-24] [INFO] [1785815814.084550762] [localization.pose_estimator.ndt_scan_matcher]: Mismatch between pose timestamp and current timestamp
[component_container_mt-1] [WARN] [1785815814.184735618] [sensing.lidar.concatenate_data]: transformed_raw_points[/sensing/lidar/right/pointcloud_before_sync] is nullptr, skipping pointcloud publish.
[component_container_mt-1] [WARN] [1785815814.184777346] [sensing.lidar.concatenate_data]: transformed_raw_points[/sensing/lidar/left/pointcloud_before_sync] is nullptr, skipping pointcloud publish.
[autoware_ndt_scan_matcher_node-24] [INFO] [1785815814.185259439] [localization.pose_estimator.ndt_scan_matcher]: Mismatch between pose timestamp and current timestamp
[component_container_mt-1] [WARN] [1785815814.284423350] [sensing.lidar.concatenate_data]: transformed_raw_points[/sensing/lidar/right/pointcloud_before_sync] is nullptr, skipping pointcloud publish.
[component_container_mt-1] [WARN] [1785815814.284470922] [sensing.lidar.concatenate_data]: transformed_raw_points[/sensing/lidar/left/pointcloud_before_sync] is nullptr, skipping pointcloud publish.
[autoware_ndt_scan_matcher_node-24] [INFO] [1785815814.284957580] [localization.pose_estimator.ndt_scan_matcher]: Mismatch between pose timestamp and current timestamp
[component_container_mt-1] [WARN] [1785815814.384242861] [sensing.lidar.concatenate_data]: transformed_raw_points[/sensing/lidar/right/pointcloud_before_sync] is nullptr, skipping pointcloud publish.
[component_container_mt-1] [WARN] [1785815814.384287119] [sensing.lidar.concatenate_data]: transformed_raw_points[/sensing/lidar/left/pointcloud_before_sync] is nullptr, skipping pointcloud publish.
[autoware_ndt_scan_matcher_node-24] [INFO] [1785815814.384880300] [localization.pose_estimator.ndt_scan_matcher]: Mismatch between pose timestamp and current timestamp
[component_container_mt-1] [WARN] [1785815814.484342996] [sensing.lidar.concatenate_data]: transformed_raw_points[/sensing/lidar/right/pointcloud_before_sync] is nullptr, skipping pointcloud publish.
[component_container_mt-1] [WARN] [1785815814.484385894] [sensing.lidar.concatenate_data]: transformed_raw_points[/sensing/lidar/left/pointcloud_before_sync] is nullptr, skipping pointcloud publish.
[autoware_ndt_scan_matcher_node-24] [INFO] [1785815814.485858157] [localization.pose_estimator.ndt_scan_matcher]: Mismatch between pose timestamp and current timestamp
[component_container_mt-1] [WARN] [1785815814.584918774] [sensing.lidar.concatenate_data]: transformed_raw_points[/sensing/lidar/right/pointcloud_before_sync] is nullptr, skipping pointcloud publish.
[component_container_mt-1] [WARN] [1785815814.584957918] [sensing.lidar.concatenate_data]: transformed_raw_points[/sensing/lidar/left/pointcloud_before_sync] is nullptr, skipping pointcloud publish.
[autoware_ndt_scan_matcher_node-24] [INFO] [1785815814.585437311] [localization.pose_estimator.ndt_scan_matcher]: Mismatch between pose timestamp and current timestamp
[autoware_mrm_handler_node-13] [INFO] [1785815814.683968208] [system.mrm_handler]: MRM State changed: NORMAL -> MRM_OPERATING
[autoware_mrm_handler_node-13] [WARN] [1785815814.684245956] [system.mrm_handler]: EMERGENCY_STOP is operated.
[component_container_mt-47] [WARN] [1785815814.684614307] [control.vehicle_cmd_gate]: Emergency!
[component_container_mt-1] [WARN] [1785815814.684685081] [sensing.lidar.concatenate_data]: transformed_raw_points[/sensing/lidar/right/pointcloud_before_sync] is nullptr, skipping pointcloud publish.
[component_container_mt-1] [WARN] [1785815814.684721268] [sensing.lidar.concatenate_data]: transformed_raw_points[/sensing/lidar/left/pointcloud_before_sync] is nullptr, skipping pointcloud publish.
[autoware_ndt_scan_matcher_node-24] [INFO] [1785815814.685475979] [localization.pose_estimator.ndt_scan_matcher]: Mismatch between pose timestamp and current timestamp
[autoware_mrm_handler_node-13] [INFO] [1785815814.783472730] [system.mrm_handler]: MRM State changed: MRM_OPERATING -> NORMAL
[component_container_mt-1] [WARN] [1785815814.783565007] [sensing.lidar.concatenate_data]: transformed_raw_points[/sensing/lidar/right/pointcloud_before_sync] is nullptr, skipping pointcloud publish.
[component_container_mt-1] [WARN] [1785815814.783615096] [sensing.lidar.concatenate_data]: transformed_raw_points[/sensing/lidar/left/pointcloud_before_sync] is nullptr, skipping pointcloud publish.
[autoware_mrm_handler_node-13] [WARN] [1785815814.783914511] [system.mrm_handler]: EMERGENCY_STOP is canceled.
[autoware_ndt_scan_matcher_node-24] [INFO] [1785815814.784263003] [localization.pose_estimator.ndt_scan_matcher]: Mismatch between pose timestamp and current timestamp
[component_container_mt-1] [WARN] [1785815814.883990036] [sensing.lidar.concatenate_data]: transformed_raw_points[/sensing/lidar/right/pointcloud_before_sync] is nullptr, skipping pointcloud publish.
[component_container_mt-1] [WARN] [1785815814.884031090] [sensing.lidar.concatenate_data]: transformed_raw_points[/sensing/lidar/left/pointcloud_before_sync] is nullptr, skipping pointcloud publish.
[autoware_ndt_scan_matcher_node-24] [INFO] [1785815814.884608718] [localization.pose_estimator.ndt_scan_matcher]: Mismatch between pose timestamp and current timestamp
[component_container_mt-1] [WARN] [1785815814.983979637] [sensing.lidar.concatenate_data]: transformed_raw_points[/sensing/lidar/right/pointcloud_before_sync] is nullptr, skipping pointcloud publish.
[component_container_mt-1] [WARN] [1785815814.984025604] [sensing.lidar.concatenate_data]: transformed_raw_points[/sensing/lidar/left/pointcloud_before_sync] is nullptr, skipping pointcloud publish.
[autoware_ndt_scan_matcher_node-24] [INFO] [1785815814.984629469] [localization.pose_estimator.ndt_scan_matcher]: Mismatch between pose timestamp and current timestamp
[component_container_mt-1] [WARN] [1785815815.084003229] [sensing.lidar.concatenate_data]: transformed_raw_points[/sensing/lidar/right/pointcloud_before_sync] is nullptr, skipping pointcloud publish.
[component_container_mt-1] [WARN] [1785815815.084057907] [sensing.lidar.concatenate_data]: transformed_raw_points[/sensing/lidar/left/pointcloud_before_sync] is nullptr, skipping pointcloud publish.
[autoware_ndt_scan_matcher_node-24] [INFO] [1785815815.084873014] [localization.pose_estimator.ndt_scan_matcher]: Mismatch between pose timestamp and current timestamp
[component_container-7] [WARN] [1785815815.133861017] [system.topic_state_monitor_control_command_control_cmd]: /control/command/control_cmd topic rate has dropped to the warning level. Set WARN in diagnostics.
[component_container_mt-47] [INFO] [1785815815.183736329] [control.trajectory_follower.controller_node_exe]: Waiting for trajectory data
[component_container_mt-47] [INFO] [1785815815.183822196] [control.trajectory_follower.controller_node_exe]: Control is skipped since input data is not ready.
[component_container_mt-1] [WARN] [1785815815.183873954] [sensing.lidar.concatenate_data]: transformed_raw_points[/sensing/lidar/right/pointcloud_before_sync] is nullptr, skipping pointcloud publish.
[component_container_mt-1] [WARN] [1785815815.183916893] [sensing.lidar.concatenate_data]: transformed_raw_points[/sensing/lidar/left/pointcloud_before_sync] is nullptr, skipping pointcloud publish.
[autoware_ndt_scan_matcher_node-24] [INFO] [1785815815.184411452] [localization.pose_estimator.ndt_scan_matcher]: Mismatch between pose timestamp and current timestamp
[component_container_mt-1] [WARN] [1785815815.283917460] [sensing.lidar.concatenate_data]: transformed_raw_points[/sensing/lidar/right/pointcloud_before_sync] is nullptr, skipping pointcloud publish.
[component_container_mt-1] [WARN] [1785815815.283966740] [sensing.lidar.concatenate_data]: transformed_raw_points[/sensing/lidar/left/pointcloud_before_sync] is nullptr, skipping pointcloud publish.
[autoware_ndt_scan_matcher_node-24] [INFO] [1785815815.284852059] [localization.pose_estimator.ndt_scan_matcher]: Mismatch between pose timestamp and current timestamp
[component_container_mt-1] [WARN] [1785815815.384062559] [sensing.lidar.concatenate_data]: transformed_raw_points[/sensing/lidar/right/pointcloud_before_sync] is nullptr, skipping pointcloud publish.
[component_container_mt-1] [WARN] [1785815815.384107611] [sensing.lidar.concatenate_data]: transformed_raw_points[/sensing/lidar/left/pointcloud_before_sync] is nullptr, skipping pointcloud publish.
[autoware_ndt_scan_matcher_node-24] [INFO] [1785815815.384765569] [localization.pose_estimator.ndt_scan_matcher]: Mismatch between pose timestamp and current timestamp
[component_container-18] [WARN] [1785815815.389529121] [sensing.lidar.top.crop_box_filter_self]: Invalid PointCloud: is_dense is false. The point cloud should be organized (dense) and contain only valid points. This will be an ERROR starting in 2026 JulyFrame: 'velodyne_top', Stamp: 79.835702142
[component_container_mt-1] [WARN] [1785815815.484374400] [sensing.lidar.concatenate_data]: transformed_raw_points[/sensing/lidar/right/pointcloud_before_sync] is nullptr, skipping pointcloud publish.
[component_container_mt-1] [WARN] [1785815815.484413984] [sensing.lidar.concatenate_data]: transformed_raw_points[/sensing/lidar/left/pointcloud_before_sync] is nullptr, skipping pointcloud publish.
[autoware_ndt_scan_matcher_node-24] [INFO] [1785815815.484947588] [localization.pose_estimator.ndt_scan_matcher]: Mismatch between pose timestamp and current timestamp
[component_container_mt-1] [WARN] [1785815815.584014355] [sensing.lidar.concatenate_data]: transformed_raw_points[/sensing/lidar/right/pointcloud_before_sync] is nullptr, skipping pointcloud publish.
[component_container_mt-1] [WARN] [1785815815.584062790] [sensing.lidar.concatenate_data]: transformed_raw_points[/sensing/lidar/left/pointcloud_before_sync] is nullptr, skipping pointcloud publish.
[autoware_ndt_scan_matcher_node-24] [INFO] [1785815815.584898431] [localization.pose_estimator.ndt_scan_matcher]: Mismatch between pose timestamp and current timestamp
[component_container_mt-1] [WARN] [1785815815.683831300] [sensing.lidar.concatenate_data]: transformed_raw_points[/sensing/lidar/right/pointcloud_before_sync] is nullptr, skipping pointcloud publish.
[component_container_mt-1] [WARN] [1785815815.683885678] [sensing.lidar.concatenate_data]: transformed_raw_points[/sensing/lidar/left/pointcloud_before_sync] is nullptr, skipping pointcloud publish.
[logging_node-14] [WARN] [1785815815.683964896] [logging_diag_graph]: The target mode is not available for the following reasons:
[logging_node-14] - /autoware/modes/autonomous ERROR
[logging_node-14]     - /autoware/localization ERROR
[logging_node-14]         - /autoware/localization/state STALE
[logging_node-14]     - /autoware/planning ERROR
[logging_node-14]         - /autoware/planning/routing/state STALE
[logging_node-14]         - [anonymous group] ERROR
[logging_node-14]             - /autoware/planning/topic_rate_check/route ERROR
[logging_node-14]             - /autoware/planning/topic_rate_check/trajectory ERROR
[logging_node-14]     - /autoware/control ERROR
[logging_node-14]         - /autoware/control/topic_rate_check/trajectory_follower ERROR
[logging_node-14]         - /autoware/control/topic_rate_check/control_command WARN 
[logging_node-14]         - /autoware/control/performance_monitoring/lane_departure STALE
[logging_node-14]         - /autoware/control/performance_monitoring/control_state STALE
[logging_node-14]     - /adapi/mrm_request/delegate STALE
[logging_node-14] 
[autoware_mrm_handler_node-13] [INFO] [1785815815.684165864] [system.mrm_handler]: MRM State changed: NORMAL -> MRM_OPERATING
[autoware_mrm_handler_node-13] [WARN] [1785815815.684913985] [system.mrm_handler]: EMERGENCY_STOP is operated.
[autoware_ndt_scan_matcher_node-24] [INFO] [1785815815.687201710] [localization.pose_estimator.ndt_scan_matcher]: Mismatch between pose timestamp and current timestamp
[component_container_mt-47] [WARN] [1785815815.734254299] [control.vehicle_cmd_gate]: Emergency!
[component_container_mt-48] [INFO] [1785815815.734809708] [control.control_validator]: waiting for /planning/trajectory
[autoware_mrm_handler_node-13] [INFO] [1785815815.783718850] [system.mrm_handler]: MRM State changed: MRM_OPERATING -> NORMAL
[component_container_mt-1] [WARN] [1785815815.784202276] [sensing.lidar.concatenate_data]: transformed_raw_points[/sensing/lidar/right/pointcloud_before_sync] is nullptr, skipping pointcloud publish.
[component_container_mt-1] [WARN] [1785815815.784241887] [sensing.lidar.concatenate_data]: transformed_raw_points[/sensing/lidar/left/pointcloud_before_sync] is nullptr, skipping pointcloud publish.
[autoware_mrm_handler_node-13] [WARN] [1785815815.784244281] [system.mrm_handler]: EMERGENCY_STOP is canceled.
[autoware_ndt_scan_matcher_node-24] [INFO] [1785815815.784781263] [localization.pose_estimator.ndt_scan_matcher]: Mismatch between pose timestamp and current timestamp
[component_container_mt-1] [WARN] [1785815815.791527307] [localization.util.crop_box_filter_measurement_range]: Invalid PointCloud: row_step mismatch. Expected: 99280 (width 6205 * point_step 16), Got: 0. Frame: 'base_link', Stamp: 80.235702148 Please fill in the `cloud->row_step` field accordingly. This will be an ERROR starting in 2026 July
[component_container_mt-1] [WARN] [1785815815.883964164] [sensing.lidar.concatenate_data]: transformed_raw_points[/sensing/lidar/right/pointcloud_before_sync] is nullptr, skipping pointcloud publish.
[component_container_mt-1] [WARN] [1785815815.884011175] [sensing.lidar.concatenate_data]: transformed_raw_points[/sensing/lidar/left/pointcloud_before_sync] is nullptr, skipping pointcloud publish.
[autoware_ndt_scan_matcher_node-24] [INFO] [1785815815.884651715] [localization.pose_estimator.ndt_scan_matcher]: Mismatch between pose timestamp and current timestamp
[component_container_mt-40] [INFO] [1785815815.934171973] [planning.scenario_planning.lane_driving.behavior_planning.behavior_path_planner]: waiting for scenario_topic
[component_container_mt-1] [WARN] [1785815815.984617452] [sensing.lidar.concatenate_data]: transformed_raw_points[/sensing/lidar/right/pointcloud_before_sync] is nullptr, skipping pointcloud publish.
[component_container_mt-1] [WARN] [1785815815.984660106] [sensing.lidar.concatenate_data]: transformed_raw_points[/sensing/lidar/left/pointcloud_before_sync] is nullptr, skipping pointcloud publish.
[autoware_ndt_scan_matcher_node-24] [INFO] [1785815815.985581318] [localization.pose_estimator.ndt_scan_matcher]: Mismatch between pose timestamp and current timestamp
[component_container-7] [INFO] [1785815816.084961011] [system.topic_state_monitor_trajectory_follower_control_cmd]: /control/trajectory_follower/control_cmd has not received. Set ERROR in diagnostics.
[component_container_mt-1] [WARN] [1785815816.085129689] [sensing.lidar.concatenate_data]: transformed_raw_points[/sensing/lidar/right/pointcloud_before_sync] is nullptr, skipping pointcloud publish.
[component_container_mt-1] [WARN] [1785815816.085186725] [sensing.lidar.concatenate_data]: transformed_raw_points[/sensing/lidar/left/pointcloud_before_sync] is nullptr, skipping pointcloud publish.
[autoware_ndt_scan_matcher_node-24] [INFO] [1785815816.085784309] [localization.pose_estimator.ndt_scan_matcher]: Mismatch between pose timestamp and current timestamp
[component_container_mt-47] [INFO] [1785815816.134413243] [control.vehicle_cmd_gate]: The operation mode is changed, but the GearCommand is not received yet:
[component_container_mt-1] [WARN] [1785815816.184091966] [sensing.lidar.concatenate_data]: transformed_raw_points[/sensing/lidar/right/pointcloud_before_sync] is nullptr, skipping pointcloud publish.
[component_container_mt-1] [WARN] [1785815816.184133210] [sensing.lidar.concatenate_data]: transformed_raw_points[/sensing/lidar/left/pointcloud_before_sync] is nullptr, skipping pointcloud publish.
[autoware_ndt_scan_matcher_node-24] [INFO] [1785815816.185103365] [localization.pose_estimator.ndt_scan_matcher]: Mismatch between pose timestamp and current timestamp
[component_container_mt-48] [INFO] [1785815816.284608460] [control.autonomous_emergency_braking]: [AEB] waiting for control predicted trajectory
[component_container_mt-1] [WARN] [1785815816.284856574] [sensing.lidar.concatenate_data]: transformed_raw_points[/sensing/lidar/right/pointcloud_before_sync] is nullptr, skipping pointcloud publish.
[component_container_mt-1] [WARN] [1785815816.284887540] [sensing.lidar.concatenate_data]: transformed_raw_points[/sensing/lidar/left/pointcloud_before_sync] is nullptr, skipping pointcloud publish.
[autoware_ndt_scan_matcher_node-24] [INFO] [1785815816.285473793] [localization.pose_estimator.ndt_scan_matcher]: Mismatch between pose timestamp and current timestamp
[component_container_mt-1] [WARN] [1785815816.384867078] [sensing.lidar.concatenate_data]: transformed_raw_points[/sensing/lidar/right/pointcloud_before_sync] is nullptr, skipping pointcloud publish.
[component_container_mt-1] [WARN] [1785815816.384915096] [sensing.lidar.concatenate_data]: transformed_raw_points[/sensing/lidar/left/pointcloud_before_sync] is nullptr, skipping pointcloud publish.
[autoware_ndt_scan_matcher_node-24] [INFO] [1785815816.385778054] [localization.pose_estimator.ndt_scan_matcher]: Mismatch between pose timestamp and current timestamp
[component_container_mt-1] [WARN] [1785815816.484305187] [sensing.lidar.concatenate_data]: transformed_raw_points[/sensing/lidar/right/pointcloud_before_sync] is nullptr, skipping pointcloud publish.
[component_container_mt-1] [WARN] [1785815816.484349944] [sensing.lidar.concatenate_data]: transformed_raw_points[/sensing/lidar/left/pointcloud_before_sync] is nullptr, skipping pointcloud publish.
[autoware_ndt_scan_matcher_node-24] [INFO] [1785815816.484748338] [localization.pose_estimator.ndt_scan_matcher]: Mismatch between pose timestamp and current timestamp
[component_container_mt-1] [WARN] [1785815816.584067463] [sensing.lidar.concatenate_data]: transformed_raw_points[/sensing/lidar/right/pointcloud_before_sync] is nullptr, skipping pointcloud publish.
[component_container_mt-1] [WARN] [1785815816.584114557] [sensing.lidar.concatenate_data]: transformed_raw_points[/sensing/lidar/left/pointcloud_before_sync] is nullptr, skipping pointcloud publish.
[autoware_ndt_scan_matcher_node-24] [INFO] [1785815816.584709791] [localization.pose_estimator.ndt_scan_matcher]: Mismatch between pose timestamp and current timestamp
[component_container_mt-1] [WARN] [1785815816.683705783] [sensing.lidar.concatenate_data]: transformed_raw_points[/sensing/lidar/right/pointcloud_before_sync] is nullptr, skipping pointcloud publish.
[component_container_mt-1] [WARN] [1785815816.683754585] [sensing.lidar.concatenate_data]: transformed_raw_points[/sensing/lidar/left/pointcloud_before_sync] is nullptr, skipping pointcloud publish.
[autoware_mrm_handler_node-13] [INFO] [1785815816.684023028] [system.mrm_handler]: MRM State changed: NORMAL -> MRM_OPERATING
[autoware_mrm_handler_node-13] [WARN] [1785815816.684137600] [system.mrm_handler]: EMERGENCY_STOP is operated.
[autoware_ndt_scan_matcher_node-24] [INFO] [1785815816.684244740] [localization.pose_estimator.ndt_scan_matcher]: Mismatch between pose timestamp and current timestamp
[component_container_mt-47] [WARN] [1785815816.734664290] [control.vehicle_cmd_gate]: Emergency!
[autoware_mrm_handler_node-13] [INFO] [1785815816.784299935] [system.mrm_handler]: MRM State changed: MRM_OPERATING -> NORMAL
[autoware_mrm_handler_node-13] [WARN] [1785815816.784902963] [system.mrm_handler]: EMERGENCY_STOP is canceled.
[component_container_mt-1] [WARN] [1785815816.784915451] [sensing.lidar.concatenate_data]: transformed_raw_points[/sensing/lidar/right/pointcloud_before_sync] is nullptr, skipping pointcloud publish.
[component_container_mt-1] [WARN] [1785815816.784950052] [sensing.lidar.concatenate_data]: transformed_raw_points[/sensing/lidar/left/pointcloud_before_sync] is nullptr, skipping pointcloud publish.
[autoware_ndt_scan_matcher_node-24] [INFO] [1785815816.785443365] [localization.pose_estimator.ndt_scan_matcher]: Mismatch between pose timestamp and current timestamp
[component_container_mt-1] [WARN] [1785815816.884599473] [sensing.lidar.concatenate_data]: transformed_raw_points[/sensing/lidar/right/pointcloud_before_sync] is nullptr, skipping pointcloud publish.
[component_container_mt-1] [WARN] [1785815816.884645645] [sensing.lidar.concatenate_data]: transformed_raw_points[/sensing/lidar/left/pointcloud_before_sync] is nullptr, skipping pointcloud publish.
[autoware_ndt_scan_matcher_node-24] [INFO] [1785815816.885525755] [localization.pose_estimator.ndt_scan_matcher]: Mismatch between pose timestamp and current timestamp
[component_container_mt-1] [WARN] [1785815816.983974376] [sensing.lidar.concatenate_data]: transformed_raw_points[/sensing/lidar/right/pointcloud_before_sync] is nullptr, skipping pointcloud publish.
[component_container_mt-1] [WARN] [1785815816.984027993] [sensing.lidar.concatenate_data]: transformed_raw_points[/sensing/lidar/left/pointcloud_before_sync] is nullptr, skipping pointcloud publish.
[autoware_ndt_scan_matcher_node-24] [INFO] [1785815816.984594958] [localization.pose_estimator.ndt_scan_matcher]: Mismatch between pose timestamp and current timestamp
[component_container_mt-1] [WARN] [1785815817.084144492] [sensing.lidar.concatenate_data]: transformed_raw_points[/sensing/lidar/right/pointcloud_before_sync] is nullptr, skipping pointcloud publish.
[component_container_mt-1] [WARN] [1785815817.084191936] [sensing.lidar.concatenate_data]: transformed_raw_points[/sensing/lidar/left/pointcloud_before_sync] is nullptr, skipping pointcloud publish.
[autoware_ndt_scan_matcher_node-24] [INFO] [1785815817.084790059] [localization.pose_estimator.ndt_scan_matcher]: Mismatch between pose timestamp and current timestamp
[component_container_mt-1] [WARN] [1785815817.184330459] [sensing.lidar.concatenate_data]: transformed_raw_points[/sensing/lidar/right/pointcloud_before_sync] is nullptr, skipping pointcloud publish.
[component_container_mt-1] [WARN] [1785815817.184396684] [sensing.lidar.concatenate_data]: transformed_raw_points[/sensing/lidar/left/pointcloud_before_sync] is nullptr, skipping pointcloud publish.
[autoware_ndt_scan_matcher_node-24] [INFO] [1785815817.184922392] [localization.pose_estimator.ndt_scan_matcher]: Mismatch between pose timestamp and current timestamp
[component_container_mt-1] [WARN] [1785815817.284393622] [sensing.lidar.concatenate_data]: transformed_raw_points[/sensing/lidar/right/pointcloud_before_sync] is nullptr, skipping pointcloud publish.
[component_container_mt-1] [WARN] [1785815817.284879087] [sensing.lidar.concatenate_data]: transformed_raw_points[/sensing/lidar/left/pointcloud_before_sync] is nullptr, skipping pointcloud publish.
[autoware_ndt_scan_matcher_node-24] [INFO] [1785815817.285058209] [localization.pose_estimator.ndt_scan_matcher]: Mismatch between pose timestamp and current timestamp
[component_container_mt-1] [WARN] [1785815817.384134360] [sensing.lidar.concatenate_data]: transformed_raw_points[/sensing/lidar/right/pointcloud_before_sync] is nullptr, skipping pointcloud publish.
[component_container_mt-1] [WARN] [1785815817.384177818] [sensing.lidar.concatenate_data]: transformed_raw_points[/sensing/lidar/left/pointcloud_before_sync] is nullptr, skipping pointcloud publish.
[autoware_ndt_scan_matcher_node-24] [INFO] [1785815817.384642162] [localization.pose_estimator.ndt_scan_matcher]: Mismatch between pose timestamp and current timestamp
[component_container_mt-1] [WARN] [1785815817.484581044] [sensing.lidar.concatenate_data]: transformed_raw_points[/sensing/lidar/right/pointcloud_before_sync] is nullptr, skipping pointcloud publish.
[component_container_mt-1] [WARN] [1785815817.484626849] [sensing.lidar.concatenate_data]: transformed_raw_points[/sensing/lidar/left/pointcloud_before_sync] is nullptr, skipping pointcloud publish.
[autoware_ndt_scan_matcher_node-24] [INFO] [1785815817.485093649] [localization.pose_estimator.ndt_scan_matcher]: Mismatch between pose timestamp and current timestamp
[component_container_mt-1] [WARN] [1785815817.584180473] [sensing.lidar.concatenate_data]: transformed_raw_points[/sensing/lidar/right/pointcloud_before_sync] is nullptr, skipping pointcloud publish.
[component_container_mt-1] [WARN] [1785815817.584225300] [sensing.lidar.concatenate_data]: transformed_raw_points[/sensing/lidar/left/pointcloud_before_sync] is nullptr, skipping pointcloud publish.
[autoware_ndt_scan_matcher_node-24] [INFO] [1785815817.584826212] [localization.pose_estimator.ndt_scan_matcher]: Mismatch between pose timestamp and current timestamp
[component_container_mt-48] [INFO] [1785815817.633573141] [control.trajectory_follower.lane_departure_checker_node]: waiting for route msg...
[component_container_mt-1] [WARN] [1785815817.684010799] [sensing.lidar.concatenate_data]: transformed_raw_points[/sensing/lidar/right/pointcloud_before_sync] is nullptr, skipping pointcloud publish.
[component_container_mt-1] [WARN] [1785815817.684055020] [sensing.lidar.concatenate_data]: transformed_raw_points[/sensing/lidar/left/pointcloud_before_sync] is nullptr, skipping pointcloud publish.
[autoware_mrm_handler_node-13] [INFO] [1785815817.684344625] [system.mrm_handler]: MRM State changed: NORMAL -> MRM_OPERATING
[autoware_mrm_handler_node-13] [WARN] [1785815817.684542329] [system.mrm_handler]: EMERGENCY_STOP is operated.
[autoware_scenario_selector_node-36] [INFO] [1785815817.684455424] [planning.scenario_planning.scenario_selector]: Waiting for route.
[autoware_ndt_scan_matcher_node-24] [INFO] [1785815817.684634533] [localization.pose_estimator.ndt_scan_matcher]: Mismatch between pose timestamp and current timestamp
[component_container_mt-47] [WARN] [1785815817.734297244] [control.vehicle_cmd_gate]: Emergency!
[autoware_mrm_handler_node-13] [INFO] [1785815817.783409887] [system.mrm_handler]: MRM State changed: MRM_OPERATING -> NORMAL
[autoware_mrm_handler_node-13] [WARN] [1785815817.783761768] [system.mrm_handler]: EMERGENCY_STOP is canceled.
[component_container_mt-1] [WARN] [1785815817.783810773] [sensing.lidar.concatenate_data]: transformed_raw_points[/sensing/lidar/right/pointcloud_before_sync] is nullptr, skipping pointcloud publish.
[component_container_mt-1] [WARN] [1785815817.783844217] [sensing.lidar.concatenate_data]: transformed_raw_points[/sensing/lidar/left/pointcloud_before_sync] is nullptr, skipping pointcloud publish.
[autoware_ndt_scan_matcher_node-24] [INFO] [1785815817.784279180] [localization.pose_estimator.ndt_scan_matcher]: Mismatch between pose timestamp and current timestamp
[component_container_mt-1] [WARN] [1785815817.883798130] [sensing.lidar.concatenate_data]: transformed_raw_points[/sensing/lidar/right/pointcloud_before_sync] is nullptr, skipping pointcloud publish.
[component_container_mt-1] [WARN] [1785815817.883843450] [sensing.lidar.concatenate_data]: transformed_raw_points[/sensing/lidar/left/pointcloud_before_sync] is nullptr, skipping pointcloud publish.
[autoware_ndt_scan_matcher_node-24] [INFO] [1785815817.884448010] [localization.pose_estimator.ndt_scan_matcher]: Mismatch between pose timestamp and current timestamp
[component_container_mt-1] [WARN] [1785815817.984161997] [sensing.lidar.concatenate_data]: transformed_raw_points[/sensing/lidar/right/pointcloud_before_sync] is nullptr, skipping pointcloud publish.
[component_container_mt-1] [WARN] [1785815817.984209487] [sensing.lidar.concatenate_data]: transformed_raw_points[/sensing/lidar/left/pointcloud_before_sync] is nullptr, skipping pointcloud publish.
[autoware_ndt_scan_matcher_node-24] [INFO] [1785815817.984748367] [localization.pose_estimator.ndt_scan_matcher]: Mismatch between pose timestamp and current timestamp
[component_container_mt-1] [WARN] [1785815818.084204528] [sensing.lidar.concatenate_data]: transformed_raw_points[/sensing/lidar/right/pointcloud_before_sync] is nullptr, skipping pointcloud publish.
[component_container_mt-1] [WARN] [1785815818.084255001] [sensing.lidar.concatenate_data]: transformed_raw_points[/sensing/lidar/left/pointcloud_before_sync] is nullptr, skipping pointcloud publish.
[autoware_ndt_scan_matcher_node-24] [INFO] [1785815818.084667675] [localization.pose_estimator.ndt_scan_matcher]: Mismatch between pose timestamp and current timestamp
[component_container-7] [WARN] [1785815818.133426159] [system.topic_state_monitor_control_command_control_cmd]: /control/command/control_cmd topic rate has dropped to the warning level. Set WARN in diagnostics.
[component_container_mt-1] [WARN] [1785815818.183769313] [sensing.lidar.concatenate_data]: transformed_raw_points[/sensing/lidar/right/pointcloud_before_sync] is nullptr, skipping pointcloud publish.
[component_container_mt-1] [WARN] [1785815818.184673655] [sensing.lidar.concatenate_data]: transformed_raw_points[/sensing/lidar/left/pointcloud_before_sync] is nullptr, skipping pointcloud publish.
[autoware_ndt_scan_matcher_node-24] [INFO] [1785815818.184672192] [localization.pose_estimator.ndt_scan_matcher]: Mismatch between pose timestamp and current timestamp
[component_container_mt-1] [WARN] [1785815818.283703435] [sensing.lidar.concatenate_data]: transformed_raw_points[/sensing/lidar/right/pointcloud_before_sync] is nullptr, skipping pointcloud publish.
[component_container_mt-1] [WARN] [1785815818.283784733] [sensing.lidar.concatenate_data]: transformed_raw_points[/sensing/lidar/left/pointcloud_before_sync] is nullptr, skipping pointcloud publish.
[autoware_ndt_scan_matcher_node-24] [INFO] [1785815818.284394095] [localization.pose_estimator.ndt_scan_matcher]: Mismatch between pose timestamp and current timestamp
[component_container_mt-1] [WARN] [1785815818.384165495] [sensing.lidar.concatenate_data]: transformed_raw_points[/sensing/lidar/right/pointcloud_before_sync] is nullptr, skipping pointcloud publish.
[component_container_mt-1] [WARN] [1785815818.384209955] [sensing.lidar.concatenate_data]: transformed_raw_points[/sensing/lidar/left/pointcloud_before_sync] is nullptr, skipping pointcloud publish.
[autoware_ndt_scan_matcher_node-24] [INFO] [1785815818.385116861] [localization.pose_estimator.ndt_scan_matcher]: Mismatch between pose timestamp and current timestamp
[component_container_mt-1] [WARN] [1785815818.484318252] [sensing.lidar.concatenate_data]: transformed_raw_points[/sensing/lidar/right/pointcloud_before_sync] is nullptr, skipping pointcloud publish.
[component_container_mt-1] [WARN] [1785815818.484369020] [sensing.lidar.concatenate_data]: transformed_raw_points[/sensing/lidar/left/pointcloud_before_sync] is nullptr, skipping pointcloud publish.
[autoware_ndt_scan_matcher_node-24] [INFO] [1785815818.484834149] [localization.pose_estimator.ndt_scan_matcher]: Mismatch between pose timestamp and current timestamp
[component_container_mt-1] [WARN] [1785815818.584109749] [sensing.lidar.concatenate_data]: transformed_raw_points[/sensing/lidar/right/pointcloud_before_sync] is nullptr, skipping pointcloud publish.
[autoware_ndt_scan_matcher_node-24] [INFO] [1785815818.584684576] [localization.pose_estimator.ndt_scan_matcher]: Mismatch between pose timestamp and current timestamp
[component_container_mt-1] [WARN] [1785815818.584156903] [sensing.lidar.concatenate_data]: transformed_raw_points[/sensing/lidar/left/pointcloud_before_sync] is nullptr, skipping pointcloud publish.
[component_container_mt-1] [WARN] [1785815818.683698702] [sensing.lidar.concatenate_data]: transformed_raw_points[/sensing/lidar/right/pointcloud_before_sync] is nullptr, skipping pointcloud publish.
[component_container_mt-1] [WARN] [1785815818.683750596] [sensing.lidar.concatenate_data]: transformed_raw_points[/sensing/lidar/left/pointcloud_before_sync] is nullptr, skipping pointcloud publish.
[autoware_mrm_handler_node-13] [INFO] [1785815818.683723659] [system.mrm_handler]: MRM State changed: NORMAL -> MRM_OPERATING
[autoware_ndt_scan_matcher_node-24] [INFO] [1785815818.684235785] [localization.pose_estimator.ndt_scan_matcher]: Mismatch between pose timestamp and current timestamp
[logging_node-14] [WARN] [1785815818.684486014] [logging_diag_graph]: The target mode is not available for the following reasons:
[logging_node-14] - /autoware/modes/autonomous ERROR
[logging_node-14]     - /autoware/localization ERROR
[logging_node-14]         - /autoware/localization/state STALE
[logging_node-14]     - /autoware/planning ERROR
[logging_node-14]         - /autoware/planning/routing/state STALE
[logging_node-14]         - [anonymous group] ERROR
[logging_node-14]             - /autoware/planning/topic_rate_check/route ERROR
[logging_node-14]             - /autoware/planning/topic_rate_check/trajectory ERROR
[logging_node-14]     - /autoware/control ERROR
[logging_node-14]         - /autoware/control/topic_rate_check/trajectory_follower ERROR
[logging_node-14]         - /autoware/control/topic_rate_check/control_command WARN 
[logging_node-14]         - /autoware/control/performance_monitoring/lane_departure STALE
[logging_node-14]         - /autoware/control/performance_monitoring/control_state STALE
[logging_node-14]     - /adapi/mrm_request/delegate STALE
[logging_node-14] 
[autoware_mrm_handler_node-13] [WARN] [1785815818.684621008] [system.mrm_handler]: EMERGENCY_STOP is operated.
[component_container_mt-47] [WARN] [1785815818.733958739] [control.vehicle_cmd_gate]: Emergency!
[autoware_mrm_handler_node-13] [INFO] [1785815818.783828853] [system.mrm_handler]: MRM State changed: MRM_OPERATING -> NORMAL
[component_container_mt-1] [WARN] [1785815818.783896131] [sensing.lidar.concatenate_data]: transformed_raw_points[/sensing/lidar/right/pointcloud_before_sync] is nullptr, skipping pointcloud publish.
[component_container_mt-1] [WARN] [1785815818.783936495] [sensing.lidar.concatenate_data]: transformed_raw_points[/sensing/lidar/left/pointcloud_before_sync] is nullptr, skipping pointcloud publish.
[autoware_mrm_handler_node-13] [WARN] [1785815818.784360035] [system.mrm_handler]: EMERGENCY_STOP is canceled.
[autoware_ndt_scan_matcher_node-24] [INFO] [1785815818.784511931] [localization.pose_estimator.ndt_scan_matcher]: Mismatch between pose timestamp and current timestamp
[component_container_mt-1] [WARN] [1785815818.883502521] [sensing.lidar.concatenate_data]: transformed_raw_points[/sensing/lidar/right/pointcloud_before_sync] is nullptr, skipping pointcloud publish.
[component_container_mt-1] [WARN] [1785815818.883544376] [sensing.lidar.concatenate_data]: transformed_raw_points[/sensing/lidar/left/pointcloud_before_sync] is nullptr, skipping pointcloud publish.
[autoware_ndt_scan_matcher_node-24] [INFO] [1785815818.884821315] [localization.pose_estimator.ndt_scan_matcher]: Mismatch between pose timestamp and current timestamp
[component_container_mt-1] [WARN] [1785815818.985030757] [sensing.lidar.concatenate_data]: transformed_raw_points[/sensing/lidar/right/pointcloud_before_sync] is nullptr, skipping pointcloud publish.
[component_container_mt-1] [WARN] [1785815818.985072934] [sensing.lidar.concatenate_data]: transformed_raw_points[/sensing/lidar/left/pointcloud_before_sync] is nullptr, skipping pointcloud publish.
[autoware_ndt_scan_matcher_node-24] [INFO] [1785815818.985588444] [localization.pose_estimator.ndt_scan_matcher]: Mismatch between pose timestamp and current timestamp
[component_container-7] [INFO] [1785815819.083681601] [system.topic_state_monitor_scenario_planning_trajectory]: /planning/trajectory has not received. Set ERROR in diagnostics.
[component_container_mt-1] [WARN] [1785815819.085083883] [sensing.lidar.concatenate_data]: transformed_raw_points[/sensing/lidar/right/pointcloud_before_sync] is nullptr, skipping pointcloud publish.
[component_container_mt-1] [WARN] [1785815819.085117221] [sensing.lidar.concatenate_data]: transformed_raw_points[/sensing/lidar/left/pointcloud_before_sync] is nullptr, skipping pointcloud publish.
[autoware_ndt_scan_matcher_node-24] [INFO] [1785815819.085964187] [localization.pose_estimator.ndt_scan_matcher]: Mismatch between pose timestamp and current timestamp
[component_container_mt-1] [WARN] [1785815819.184516311] [sensing.lidar.concatenate_data]: transformed_raw_points[/sensing/lidar/right/pointcloud_before_sync] is nullptr, skipping pointcloud publish.
[component_container_mt-1] [WARN] [1785815819.184561046] [sensing.lidar.concatenate_data]: transformed_raw_points[/sensing/lidar/left/pointcloud_before_sync] is nullptr, skipping pointcloud publish.
[autoware_ndt_scan_matcher_node-24] [INFO] [1785815819.185146174] [localization.pose_estimator.ndt_scan_matcher]: Mismatch between pose timestamp and current timestamp
[component_container_mt-1] [WARN] [1785815819.284190727] [sensing.lidar.concatenate_data]: transformed_raw_points[/sensing/lidar/right/pointcloud_before_sync] is nullptr, skipping pointcloud publish.
[component_container_mt-1] [WARN] [1785815819.284240588] [sensing.lidar.concatenate_data]: transformed_raw_points[/sensing/lidar/left/pointcloud_before_sync] is nullptr, skipping pointcloud publish.
[autoware_ndt_scan_matcher_node-24] [INFO] [1785815819.284736916] [localization.pose_estimator.ndt_scan_matcher]: Mismatch between pose timestamp and current timestamp
[component_container_mt-1] [WARN] [1785815819.384245989] [sensing.lidar.concatenate_data]: transformed_raw_points[/sensing/lidar/right/pointcloud_before_sync] is nullptr, skipping pointcloud publish.
[component_container_mt-1] [WARN] [1785815819.384642696] [sensing.lidar.concatenate_data]: transformed_raw_points[/sensing/lidar/left/pointcloud_before_sync] is nullptr, skipping pointcloud publish.
[autoware_ndt_scan_matcher_node-24] [INFO] [1785815819.385065196] [localization.pose_estimator.ndt_scan_matcher]: Mismatch between pose timestamp and current timestamp
[component_container_mt-1] [WARN] [1785815819.484035563] [sensing.lidar.concatenate_data]: transformed_raw_points[/sensing/lidar/right/pointcloud_before_sync] is nullptr, skipping pointcloud publish.
[component_container_mt-1] [WARN] [1785815819.484085485] [sensing.lidar.concatenate_data]: transformed_raw_points[/sensing/lidar/left/pointcloud_before_sync] is nullptr, skipping pointcloud publish.
[autoware_ndt_scan_matcher_node-24] [INFO] [1785815819.484650628] [localization.pose_estimator.ndt_scan_matcher]: Mismatch between pose timestamp and current timestamp
[component_container_mt-1] [WARN] [1785815819.584531683] [sensing.lidar.concatenate_data]: transformed_raw_points[/sensing/lidar/right/pointcloud_before_sync] is nullptr, skipping pointcloud publish.
[component_container_mt-1] [WARN] [1785815819.584577576] [sensing.lidar.concatenate_data]: transformed_raw_points[/sensing/lidar/left/pointcloud_before_sync] is nullptr, skipping pointcloud publish.
[autoware_ndt_scan_matcher_node-24] [INFO] [1785815819.585241187] [localization.pose_estimator.ndt_scan_matcher]: Mismatch between pose timestamp and current timestamp
[autoware_mrm_handler_node-13] [INFO] [1785815819.683565495] [system.mrm_handler]: MRM State changed: NORMAL -> MRM_OPERATING
[autoware_mrm_handler_node-13] [WARN] [1785815819.683823826] [system.mrm_handler]: EMERGENCY_STOP is operated.
[component_container_mt-1] [WARN] [1785815819.684527472] [sensing.lidar.concatenate_data]: transformed_raw_points[/sensing/lidar/right/pointcloud_before_sync] is nullptr, skipping pointcloud publish.
[component_container_mt-1] [WARN] [1785815819.684560448] [sensing.lidar.concatenate_data]: transformed_raw_points[/sensing/lidar/left/pointcloud_before_sync] is nullptr, skipping pointcloud publish.
[autoware_ndt_scan_matcher_node-24] [INFO] [1785815819.685008387] [localization.pose_estimator.ndt_scan_matcher]: Mismatch between pose timestamp and current timestamp
[component_container_mt-47] [WARN] [1785815819.734336122] [control.vehicle_cmd_gate]: Emergency!
[component_container_mt-1] [WARN] [1785815819.784062817] [sensing.lidar.concatenate_data]: transformed_raw_points[/sensing/lidar/right/pointcloud_before_sync] is nullptr, skipping pointcloud publish.
[component_container_mt-1] [WARN] [1785815819.784132414] [sensing.lidar.concatenate_data]: transformed_raw_points[/sensing/lidar/left/pointcloud_before_sync] is nullptr, skipping pointcloud publish.
[autoware_mrm_handler_node-13] [INFO] [1785815819.784137233] [system.mrm_handler]: MRM State changed: MRM_OPERATING -> NORMAL
[autoware_mrm_handler_node-13] [WARN] [1785815819.784408796] [system.mrm_handler]: EMERGENCY_STOP is canceled.
[autoware_ndt_scan_matcher_node-24] [INFO] [1785815819.785643755] [localization.pose_estimator.ndt_scan_matcher]: Mismatch between pose timestamp and current timestamp
[component_container_mt-1] [WARN] [1785815819.883824028] [sensing.lidar.concatenate_data]: transformed_raw_points[/sensing/lidar/right/pointcloud_before_sync] is nullptr, skipping pointcloud publish.
[component_container_mt-1] [WARN] [1785815819.883861816] [sensing.lidar.concatenate_data]: transformed_raw_points[/sensing/lidar/left/pointcloud_before_sync] is nullptr, skipping pointcloud publish.
[autoware_ndt_scan_matcher_node-24] [INFO] [1785815819.884978036] [localization.pose_estimator.ndt_scan_matcher]: Mismatch between pose timestamp and current timestamp
[component_container_mt-1] [WARN] [1785815819.984291380] [sensing.lidar.concatenate_data]: transformed_raw_points[/sensing/lidar/right/pointcloud_before_sync] is nullptr, skipping pointcloud publish.
[component_container_mt-1] [WARN] [1785815819.984341506] [sensing.lidar.concatenate_data]: transformed_raw_points[/sensing/lidar/left/pointcloud_before_sync] is nullptr, skipping pointcloud publish.
[autoware_ndt_scan_matcher_node-24] [INFO] [1785815819.985603153] [localization.pose_estimator.ndt_scan_matcher]: Mismatch between pose timestamp and current timestamp
[component_container_mt-1] [WARN] [1785815820.084593507] [sensing.lidar.concatenate_data]: transformed_raw_points[/sensing/lidar/right/pointcloud_before_sync] is nullptr, skipping pointcloud publish.
[component_container_mt-1] [WARN] [1785815820.084635947] [sensing.lidar.concatenate_data]: transformed_raw_points[/sensing/lidar/left/pointcloud_before_sync] is nullptr, skipping pointcloud publish.
[autoware_ndt_scan_matcher_node-24] [INFO] [1785815820.085203526] [localization.pose_estimator.ndt_scan_matcher]: Mismatch between pose timestamp and current timestamp
[component_container_mt-1] [WARN] [1785815820.184161061] [sensing.lidar.concatenate_data]: transformed_raw_points[/sensing/lidar/right/pointcloud_before_sync] is nullptr, skipping pointcloud publish.
[component_container_mt-1] [WARN] [1785815820.184209556] [sensing.lidar.concatenate_data]: transformed_raw_points[/sensing/lidar/left/pointcloud_before_sync] is nullptr, skipping pointcloud publish.
[component_container_mt-47] [INFO] [1785815820.184599024] [control.trajectory_follower.controller_node_exe]: Waiting for trajectory data
[component_container_mt-47] [INFO] [1785815820.184648980] [control.trajectory_follower.controller_node_exe]: Control is skipped since input data is not ready.
[autoware_ndt_scan_matcher_node-24] [INFO] [1785815820.185178757] [localization.pose_estimator.ndt_scan_matcher]: Mismatch between pose timestamp and current timestamp
[component_container_mt-1] [WARN] [1785815820.283846237] [sensing.lidar.concatenate_data]: transformed_raw_points[/sensing/lidar/right/pointcloud_before_sync] is nullptr, skipping pointcloud publish.
[component_container_mt-1] [WARN] [1785815820.283901652] [sensing.lidar.concatenate_data]: transformed_raw_points[/sensing/lidar/left/pointcloud_before_sync] is nullptr, skipping pointcloud publish.
[autoware_ndt_scan_matcher_node-24] [INFO] [1785815820.284625922] [localization.pose_estimator.ndt_scan_matcher]: Mismatch between pose timestamp and current timestamp
[component_container_mt-1] [WARN] [1785815820.384426497] [sensing.lidar.concatenate_data]: transformed_raw_points[/sensing/lidar/right/pointcloud_before_sync] is nullptr, skipping pointcloud publish.
[component_container_mt-1] [WARN] [1785815820.384466037] [sensing.lidar.concatenate_data]: transformed_raw_points[/sensing/lidar/left/pointcloud_before_sync] is nullptr, skipping pointcloud publish.
[autoware_ndt_scan_matcher_node-24] [INFO] [1785815820.385233597] [localization.pose_estimator.ndt_scan_matcher]: Mismatch between pose timestamp and current timestamp
[component_container-18] [WARN] [1785815820.389637485] [sensing.lidar.top.crop_box_filter_self]: Invalid PointCloud: is_dense is false. The point cloud should be organized (dense) and contain only valid points. This will be an ERROR starting in 2026 JulyFrame: 'velodyne_top', Stamp: 84.835702216
[component_container_mt-1] [WARN] [1785815820.484065526] [sensing.lidar.concatenate_data]: transformed_raw_points[/sensing/lidar/right/pointcloud_before_sync] is nullptr, skipping pointcloud publish.
[component_container_mt-1] [WARN] [1785815820.484113892] [sensing.lidar.concatenate_data]: transformed_raw_points[/sensing/lidar/left/pointcloud_before_sync] is nullptr, skipping pointcloud publish.
[autoware_ndt_scan_matcher_node-24] [INFO] [1785815820.484816835] [localization.pose_estimator.ndt_scan_matcher]: Mismatch between pose timestamp and current timestamp
[component_container_mt-1] [WARN] [1785815820.584183642] [sensing.lidar.concatenate_data]: transformed_raw_points[/sensing/lidar/right/pointcloud_before_sync] is nullptr, skipping pointcloud publish.
[component_container_mt-1] [WARN] [1785815820.584225532] [sensing.lidar.concatenate_data]: transformed_raw_points[/sensing/lidar/left/pointcloud_before_sync] is nullptr, skipping pointcloud publish.
[autoware_ndt_scan_matcher_node-24] [INFO] [1785815820.584965787] [localization.pose_estimator.ndt_scan_matcher]: Mismatch between pose timestamp and current timestamp
[autoware_mrm_handler_node-13] [INFO] [1785815820.684208319] [system.mrm_handler]: MRM State changed: NORMAL -> MRM_OPERATING
[component_container_mt-1] [WARN] [1785815820.684307559] [sensing.lidar.concatenate_data]: transformed_raw_points[/sensing/lidar/right/pointcloud_before_sync] is nullptr, skipping pointcloud publish.
[component_container_mt-1] [WARN] [1785815820.684346011] [sensing.lidar.concatenate_data]: transformed_raw_points[/sensing/lidar/left/pointcloud_before_sync] is nullptr, skipping pointcloud publish.
[autoware_mrm_handler_node-13] [WARN] [1785815820.684611847] [system.mrm_handler]: EMERGENCY_STOP is operated.
[autoware_ndt_scan_matcher_node-24] [INFO] [1785815820.684809858] [localization.pose_estimator.ndt_scan_matcher]: Mismatch between pose timestamp and current timestamp
[component_container-18] [WARN] [1785815820.691934537] [sensing.lidar.top.distortion_corrector_node]: Twist time_stamp is too late. Could not interpolate.
[component_container_mt-47] [WARN] [1785815820.734800243] [control.vehicle_cmd_gate]: Emergency!
[component_container_mt-48] [INFO] [1785815820.735134294] [control.control_validator]: waiting for /planning/trajectory
[autoware_mrm_handler_node-13] [INFO] [1785815820.783674272] [system.mrm_handler]: MRM State changed: MRM_OPERATING -> NORMAL
[component_container_mt-1] [WARN] [1785815820.783673653] [sensing.lidar.concatenate_data]: transformed_raw_points[/sensing/lidar/right/pointcloud_before_sync] is nullptr, skipping pointcloud publish.
[component_container_mt-1] [WARN] [1785815820.783729095] [sensing.lidar.concatenate_data]: transformed_raw_points[/sensing/lidar/left/pointcloud_before_sync] is nullptr, skipping pointcloud publish.
[autoware_mrm_handler_node-13] [WARN] [1785815820.784391232] [system.mrm_handler]: EMERGENCY_STOP is canceled.
[autoware_ndt_scan_matcher_node-24] [INFO] [1785815820.784601840] [localization.pose_estimator.ndt_scan_matcher]: Mismatch between pose timestamp and current timestamp
[component_container_mt-1] [WARN] [1785815820.791326866] [localization.util.crop_box_filter_measurement_range]: Invalid PointCloud: row_step mismatch. Expected: 98592 (width 6162 * point_step 16), Got: 0. Frame: 'base_link', Stamp: 85.235702222 Please fill in the `cloud->row_step` field accordingly. This will be an ERROR starting in 2026 July
[component_container_mt-1] [WARN] [1785815820.884091028] [sensing.lidar.concatenate_data]: transformed_raw_points[/sensing/lidar/right/pointcloud_before_sync] is nullptr, skipping pointcloud publish.
[component_container_mt-1] [WARN] [1785815820.884135725] [sensing.lidar.concatenate_data]: transformed_raw_points[/sensing/lidar/left/pointcloud_before_sync] is nullptr, skipping pointcloud publish.
[autoware_ndt_scan_matcher_node-24] [INFO] [1785815820.884811641] [localization.pose_estimator.ndt_scan_matcher]: Mismatch between pose timestamp and current timestamp
[component_container_mt-40] [INFO] [1785815820.934053528] [planning.scenario_planning.lane_driving.behavior_planning.behavior_path_planner]: waiting for scenario_topic
[component_container_mt-1] [WARN] [1785815820.984041859] [sensing.lidar.concatenate_data]: transformed_raw_points[/sensing/lidar/right/pointcloud_before_sync] is nullptr, skipping pointcloud publish.
[component_container_mt-1] [WARN] [1785815820.984093471] [sensing.lidar.concatenate_data]: transformed_raw_points[/sensing/lidar/left/pointcloud_before_sync] is nullptr, skipping pointcloud publish.
[autoware_ndt_scan_matcher_node-24] [INFO] [1785815820.984668845] [localization.pose_estimator.ndt_scan_matcher]: Mismatch between pose timestamp and current timestamp
[component_container_mt-1] [WARN] [1785815821.084200898] [sensing.lidar.concatenate_data]: transformed_raw_points[/sensing/lidar/right/pointcloud_before_sync] is nullptr, skipping pointcloud publish.
[component_container_mt-1] [WARN] [1785815821.084254759] [sensing.lidar.concatenate_data]: transformed_raw_points[/sensing/lidar/left/pointcloud_before_sync] is nullptr, skipping pointcloud publish.
[autoware_ndt_scan_matcher_node-24] [INFO] [1785815821.084946540] [localization.pose_estimator.ndt_scan_matcher]: Mismatch between pose timestamp and current timestamp
[component_container_mt-47] [INFO] [1785815821.134302924] [control.vehicle_cmd_gate]: The operation mode is changed, but the GearCommand is not received yet:
[component_container-7] [WARN] [1785815821.134300576] [system.topic_state_monitor_control_command_control_cmd]: /control/command/control_cmd topic rate has dropped to the warning level. Set WARN in diagnostics.
[component_container_mt-1] [WARN] [1785815821.184616974] [sensing.lidar.concatenate_data]: transformed_raw_points[/sensing/lidar/right/pointcloud_before_sync] is nullptr, skipping pointcloud publish.
[component_container_mt-1] [WARN] [1785815821.184660264] [sensing.lidar.concatenate_data]: transformed_raw_points[/sensing/lidar/left/pointcloud_before_sync] is nullptr, skipping pointcloud publish.
[autoware_ndt_scan_matcher_node-24] [INFO] [1785815821.185166028] [localization.pose_estimator.ndt_scan_matcher]: Mismatch between pose timestamp and current timestamp
[component_container_mt-1] [WARN] [1785815821.283924105] [sensing.lidar.concatenate_data]: transformed_raw_points[/sensing/lidar/right/pointcloud_before_sync] is nullptr, skipping pointcloud publish.
[component_container_mt-1] [WARN] [1785815821.283975942] [sensing.lidar.concatenate_data]: transformed_raw_points[/sensing/lidar/left/pointcloud_before_sync] is nullptr, skipping pointcloud publish.
[component_container_mt-48] [INFO] [1785815821.284276929] [control.autonomous_emergency_braking]: [AEB] waiting for control predicted trajectory
[autoware_ndt_scan_matcher_node-24] [INFO] [1785815821.285184889] [localization.pose_estimator.ndt_scan_matcher]: Mismatch between pose timestamp and current timestamp
[component_container_mt-1] [WARN] [1785815821.385066598] [sensing.lidar.concatenate_data]: transformed_raw_points[/sensing/lidar/right/pointcloud_before_sync] is nullptr, skipping pointcloud publish.
[component_container_mt-1] [WARN] [1785815821.385114476] [sensing.lidar.concatenate_data]: transformed_raw_points[/sensing/lidar/left/pointcloud_before_sync] is nullptr, skipping pointcloud publish.
[autoware_ndt_scan_matcher_node-24] [INFO] [1785815821.385490405] [localization.pose_estimator.ndt_scan_matcher]: Mismatch between pose timestamp and current timestamp
[component_container_mt-1] [WARN] [1785815821.484369810] [sensing.lidar.concatenate_data]: transformed_raw_points[/sensing/lidar/right/pointcloud_before_sync] is nullptr, skipping pointcloud publish.
[component_container_mt-1] [WARN] [1785815821.484412913] [sensing.lidar.concatenate_data]: transformed_raw_points[/sensing/lidar/left/pointcloud_before_sync] is nullptr, skipping pointcloud publish.
[autoware_ndt_scan_matcher_node-24] [INFO] [1785815821.485096460] [localization.pose_estimator.ndt_scan_matcher]: Mismatch between pose timestamp and current timestamp
[component_container_mt-1] [WARN] [1785815821.583688005] [sensing.lidar.concatenate_data]: transformed_raw_points[/sensing/lidar/right/pointcloud_before_sync] is nullptr, skipping pointcloud publish.
[component_container_mt-1] [WARN] [1785815821.583734184] [sensing.lidar.concatenate_data]: transformed_raw_points[/sensing/lidar/left/pointcloud_before_sync] is nullptr, skipping pointcloud publish.
[autoware_ndt_scan_matcher_node-24] [INFO] [1785815821.584670605] [localization.pose_estimator.ndt_scan_matcher]: Mismatch between pose timestamp and current timestamp
[logging_node-14] [WARN] [1785815821.683719200] [logging_diag_graph]: The target mode is not available for the following reasons:
[logging_node-14] - /autoware/modes/autonomous ERROR
[logging_node-14]     - /autoware/planning ERROR
[logging_node-14]         - /autoware/planning/routing/state ERROR
[logging_node-14]         - [anonymous group] ERROR
[logging_node-14]             - /autoware/planning/topic_rate_check/route ERROR
[logging_node-14]             - /autoware/planning/topic_rate_check/trajectory ERROR
[logging_node-14]     - /autoware/control ERROR
[logging_node-14]         - /autoware/control/topic_rate_check/trajectory_follower ERROR
[logging_node-14]         - /autoware/control/topic_rate_check/control_command WARN 
[logging_node-14] 
[autoware_mrm_handler_node-13] [INFO] [1785815821.683990532] [system.mrm_handler]: MRM State changed: NORMAL -> MRM_OPERATING
[autoware_mrm_handler_node-13] [WARN] [1785815821.684116632] [system.mrm_handler]: EMERGENCY_STOP is operated.
[component_container_mt-1] [WARN] [1785815821.684383854] [sensing.lidar.concatenate_data]: transformed_raw_points[/sensing/lidar/right/pointcloud_before_sync] is nullptr, skipping pointcloud publish.
[component_container_mt-1] [WARN] [1785815821.684417743] [sensing.lidar.concatenate_data]: transformed_raw_points[/sensing/lidar/left/pointcloud_before_sync] is nullptr, skipping pointcloud publish.
[autoware_ndt_scan_matcher_node-24] [INFO] [1785815821.684968965] [localization.pose_estimator.ndt_scan_matcher]: Mismatch between pose timestamp and current timestamp
[component_container_mt-47] [WARN] [1785815821.734540113] [control.vehicle_cmd_gate]: Emergency!
[autoware_mrm_handler_node-13] [INFO] [1785815821.783556439] [system.mrm_handler]: MRM State changed: MRM_OPERATING -> NORMAL
[component_container_mt-1] [WARN] [1785815821.783939616] [sensing.lidar.concatenate_data]: transformed_raw_points[/sensing/lidar/right/pointcloud_before_sync] is nullptr, skipping pointcloud publish.
[component_container_mt-1] [WARN] [1785815821.783979117] [sensing.lidar.concatenate_data]: transformed_raw_points[/sensing/lidar/left/pointcloud_before_sync] is nullptr, skipping pointcloud publish.
[autoware_mrm_handler_node-13] [WARN] [1785815821.784255470] [system.mrm_handler]: EMERGENCY_STOP is canceled.
[autoware_ndt_scan_matcher_node-24] [INFO] [1785815821.784476051] [localization.pose_estimator.ndt_scan_matcher]: Mismatch between pose timestamp and current timestamp
[component_container_mt-1] [WARN] [1785815821.883777509] [sensing.lidar.concatenate_data]: transformed_raw_points[/sensing/lidar/right/pointcloud_before_sync] is nullptr, skipping pointcloud publish.
[component_container_mt-1] [WARN] [1785815821.883825526] [sensing.lidar.concatenate_data]: transformed_raw_points[/sensing/lidar/left/pointcloud_before_sync] is nullptr, skipping pointcloud publish.
[autoware_ndt_scan_matcher_node-24] [INFO] [1785815821.884543845] [localization.pose_estimator.ndt_scan_matcher]: Mismatch between pose timestamp and current timestamp
[component_container_mt-1] [WARN] [1785815821.984623143] [sensing.lidar.concatenate_data]: transformed_raw_points[/sensing/lidar/right/pointcloud_before_sync] is nullptr, skipping pointcloud publish.
[component_container_mt-1] [WARN] [1785815821.984660930] [sensing.lidar.concatenate_data]: transformed_raw_points[/sensing/lidar/left/pointcloud_before_sync] is nullptr, skipping pointcloud publish.
[autoware_ndt_scan_matcher_node-24] [INFO] [1785815821.984990866] [localization.pose_estimator.ndt_scan_matcher]: Mismatch between pose timestamp and current timestamp
[component_container-7] [INFO] [1785815822.084013723] [system.topic_state_monitor_mission_planning_route]: /planning/mission_planning/route has not received. Set ERROR in diagnostics.
[component_container_mt-1] [WARN] [1785815822.084121380] [sensing.lidar.concatenate_data]: transformed_raw_points[/sensing/lidar/right/pointcloud_before_sync] is nullptr, skipping pointcloud publish.
[component_container_mt-1] [WARN] [1785815822.084159607] [sensing.lidar.concatenate_data]: transformed_raw_points[/sensing/lidar/left/pointcloud_before_sync] is nullptr, skipping pointcloud publish.
[autoware_ndt_scan_matcher_node-24] [INFO] [1785815822.084935292] [localization.pose_estimator.ndt_scan_matcher]: Mismatch between pose timestamp and current timestamp
[component_container_mt-1] [WARN] [1785815822.184471962] [sensing.lidar.concatenate_data]: transformed_raw_points[/sensing/lidar/right/pointcloud_before_sync] is nullptr, skipping pointcloud publish.
[component_container_mt-1] [WARN] [1785815822.184513696] [sensing.lidar.concatenate_data]: transformed_raw_points[/sensing/lidar/left/pointcloud_before_sync] is nullptr, skipping pointcloud publish.
[autoware_ndt_scan_matcher_node-24] [INFO] [1785815822.185154172] [localization.pose_estimator.ndt_scan_matcher]: Mismatch between pose timestamp and current timestamp
[component_container_mt-1] [WARN] [1785815822.284329073] [sensing.lidar.concatenate_data]: transformed_raw_points[/sensing/lidar/right/pointcloud_before_sync] is nullptr, skipping pointcloud publish.
[component_container_mt-1] [WARN] [1785815822.284373935] [sensing.lidar.concatenate_data]: transformed_raw_points[/sensing/lidar/left/pointcloud_before_sync] is nullptr, skipping pointcloud publish.
[autoware_ndt_scan_matcher_node-24] [INFO] [1785815822.284912361] [localization.pose_estimator.ndt_scan_matcher]: Mismatch between pose timestamp and current timestamp
[component_container_mt-1] [WARN] [1785815822.384487744] [sensing.lidar.concatenate_data]: transformed_raw_points[/sensing/lidar/right/pointcloud_before_sync] is nullptr, skipping pointcloud publish.
[component_container_mt-1] [WARN] [1785815822.384553107] [sensing.lidar.concatenate_data]: transformed_raw_points[/sensing/lidar/left/pointcloud_before_sync] is nullptr, skipping pointcloud publish.
[autoware_ndt_scan_matcher_node-24] [INFO] [1785815822.386967724] [localization.pose_estimator.ndt_scan_matcher]: Mismatch between pose timestamp and current timestamp
[component_container_mt-1] [WARN] [1785815822.484186778] [sensing.lidar.concatenate_data]: transformed_raw_points[/sensing/lidar/right/pointcloud_before_sync] is nullptr, skipping pointcloud publish.
[component_container_mt-1] [WARN] [1785815822.484234624] [sensing.lidar.concatenate_data]: transformed_raw_points[/sensing/lidar/left/pointcloud_before_sync] is nullptr, skipping pointcloud publish.
[autoware_ndt_scan_matcher_node-24] [INFO] [1785815822.484785218] [localization.pose_estimator.ndt_scan_matcher]: Mismatch between pose timestamp and current timestamp
[component_container_mt-1] [WARN] [1785815822.584630211] [sensing.lidar.concatenate_data]: transformed_raw_points[/sensing/lidar/right/pointcloud_before_sync] is nullptr, skipping pointcloud publish.
[component_container_mt-1] [WARN] [1785815822.584674351] [sensing.lidar.concatenate_data]: transformed_raw_points[/sensing/lidar/left/pointcloud_before_sync] is nullptr, skipping pointcloud publish.
[autoware_ndt_scan_matcher_node-24] [INFO] [1785815822.585281240] [localization.pose_estimator.ndt_scan_matcher]: Mismatch between pose timestamp and current timestamp
[component_container_mt-48] [INFO] [1785815822.634267683] [control.trajectory_follower.lane_departure_checker_node]: waiting for route msg...
[autoware_scenario_selector_node-36] [INFO] [1785815822.684131150] [planning.scenario_planning.scenario_selector]: Waiting for route.
[autoware_mrm_handler_node-13] [INFO] [1785815822.684390799] [system.mrm_handler]: MRM State changed: NORMAL -> MRM_OPERATING
[component_container_mt-1] [WARN] [1785815822.684413660] [sensing.lidar.concatenate_data]: transformed_raw_points[/sensing/lidar/right/pointcloud_before_sync] is nullptr, skipping pointcloud publish.
[component_container_mt-1] [WARN] [1785815822.684446416] [sensing.lidar.concatenate_data]: transformed_raw_points[/sensing/lidar/left/pointcloud_before_sync] is nullptr, skipping pointcloud publish.
[autoware_mrm_handler_node-13] [WARN] [1785815822.684676678] [system.mrm_handler]: EMERGENCY_STOP is operated.
[autoware_ndt_scan_matcher_node-24] [INFO] [1785815822.684964478] [localization.pose_estimator.ndt_scan_matcher]: Mismatch between pose timestamp and current timestamp
[component_container-18] [WARN] [1785815822.690489630] [sensing.lidar.top.distortion_corrector_node]: IMU time_stamp is too late. Could not interpolate.
[component_container_mt-47] [WARN] [1785815822.734030759] [control.vehicle_cmd_gate]: Emergency!
[autoware_mrm_handler_node-13] [INFO] [1785815822.783591378] [system.mrm_handler]: MRM State changed: MRM_OPERATING -> NORMAL
[component_container_mt-1] [WARN] [1785815822.783939509] [sensing.lidar.concatenate_data]: transformed_raw_points[/sensing/lidar/right/pointcloud_before_sync] is nullptr, skipping pointcloud publish.
[component_container_mt-1] [WARN] [1785815822.783976195] [sensing.lidar.concatenate_data]: transformed_raw_points[/sensing/lidar/left/pointcloud_before_sync] is nullptr, skipping pointcloud publish.
[autoware_ndt_scan_matcher_node-24] [INFO] [1785815822.784590885] [localization.pose_estimator.ndt_scan_matcher]: Mismatch between pose timestamp and current timestamp
[autoware_mrm_handler_node-13] [WARN] [1785815822.785085773] [system.mrm_handler]: EMERGENCY_STOP is canceled.
[component_container_mt-1] [WARN] [1785815822.883880935] [sensing.lidar.concatenate_data]: transformed_raw_points[/sensing/lidar/right/pointcloud_before_sync] is nullptr, skipping pointcloud publish.
[component_container_mt-1] [WARN] [1785815822.883936271] [sensing.lidar.concatenate_data]: transformed_raw_points[/sensing/lidar/left/pointcloud_before_sync] is nullptr, skipping pointcloud publish.
[autoware_ndt_scan_matcher_node-24] [INFO] [1785815822.884559925] [localization.pose_estimator.ndt_scan_matcher]: Mismatch between pose timestamp and current timestamp
[component_container_mt-1] [WARN] [1785815822.984695208] [sensing.lidar.concatenate_data]: transformed_raw_points[/sensing/lidar/right/pointcloud_before_sync] is nullptr, skipping pointcloud publish.
[component_container_mt-1] [WARN] [1785815822.984741570] [sensing.lidar.concatenate_data]: transformed_raw_points[/sensing/lidar/left/pointcloud_before_sync] is nullptr, skipping pointcloud publish.
[autoware_ndt_scan_matcher_node-24] [INFO] [1785815822.985203612] [localization.pose_estimator.ndt_scan_matcher]: Mismatch between pose timestamp and current timestamp
[component_container_mt-1] [WARN] [1785815823.084171004] [sensing.lidar.concatenate_data]: transformed_raw_points[/sensing/lidar/right/pointcloud_before_sync] is nullptr, skipping pointcloud publish.
[component_container_mt-1] [WARN] [1785815823.084247534] [sensing.lidar.concatenate_data]: transformed_raw_points[/sensing/lidar/left/pointcloud_before_sync] is nullptr, skipping pointcloud publish.
[autoware_ndt_scan_matcher_node-24] [INFO] [1785815823.084899921] [localization.pose_estimator.ndt_scan_matcher]: Mismatch between pose timestamp and current timestamp
[component_container_mt-1] [WARN] [1785815823.183733801] [sensing.lidar.concatenate_data]: transformed_raw_points[/sensing/lidar/right/pointcloud_before_sync] is nullptr, skipping pointcloud publish.
[component_container_mt-1] [WARN] [1785815823.183782620] [sensing.lidar.concatenate_data]: transformed_raw_points[/sensing/lidar/left/pointcloud_before_sync] is nullptr, skipping pointcloud publish.
[autoware_ndt_scan_matcher_node-24] [INFO] [1785815823.184362657] [localization.pose_estimator.ndt_scan_matcher]: Mismatch between pose timestamp and current timestamp
[component_container_mt-1] [WARN] [1785815823.284039711] [sensing.lidar.concatenate_data]: transformed_raw_points[/sensing/lidar/right/pointcloud_before_sync] is nullptr, skipping pointcloud publish.
[component_container_mt-1] [WARN] [1785815823.284093144] [sensing.lidar.concatenate_data]: transformed_raw_points[/sensing/lidar/left/pointcloud_before_sync] is nullptr, skipping pointcloud publish.
[autoware_ndt_scan_matcher_node-24] [INFO] [1785815823.284966140] [localization.pose_estimator.ndt_scan_matcher]: Mismatch between pose timestamp and current timestamp
[component_container_mt-1] [WARN] [1785815823.383789762] [sensing.lidar.concatenate_data]: transformed_raw_points[/sensing/lidar/right/pointcloud_before_sync] is nullptr, skipping pointcloud publish.
[component_container_mt-1] [WARN] [1785815823.383838381] [sensing.lidar.concatenate_data]: transformed_raw_points[/sensing/lidar/left/pointcloud_before_sync] is nullptr, skipping pointcloud publish.
[autoware_ndt_scan_matcher_node-24] [INFO] [1785815823.384830557] [localization.pose_estimator.ndt_scan_matcher]: Mismatch between pose timestamp and current timestamp
[component_container_mt-1] [WARN] [1785815823.484196413] [sensing.lidar.concatenate_data]: transformed_raw_points[/sensing/lidar/right/pointcloud_before_sync] is nullptr, skipping pointcloud publish.
[component_container_mt-1] [WARN] [1785815823.484239687] [sensing.lidar.concatenate_data]: transformed_raw_points[/sensing/lidar/left/pointcloud_before_sync] is nullptr, skipping pointcloud publish.
[autoware_ndt_scan_matcher_node-24] [INFO] [1785815823.484751167] [localization.pose_estimator.ndt_scan_matcher]: Mismatch between pose timestamp and current timestamp
[component_container_mt-1] [WARN] [1785815823.583960658] [sensing.lidar.concatenate_data]: transformed_raw_points[/sensing/lidar/right/pointcloud_before_sync] is nullptr, skipping pointcloud publish.
[component_container_mt-1] [WARN] [1785815823.584014950] [sensing.lidar.concatenate_data]: transformed_raw_points[/sensing/lidar/left/pointcloud_before_sync] is nullptr, skipping pointcloud publish.
[autoware_ndt_scan_matcher_node-24] [INFO] [1785815823.584900215] [localization.pose_estimator.ndt_scan_matcher]: Mismatch between pose timestamp and current timestamp
[autoware_mrm_handler_node-13] [INFO] [1785815823.683805482] [system.mrm_handler]: MRM State changed: NORMAL -> MRM_OPERATING
[component_container_mt-1] [WARN] [1785815823.684021202] [sensing.lidar.concatenate_data]: transformed_raw_points[/sensing/lidar/right/pointcloud_before_sync] is nullptr, skipping pointcloud publish.
[component_container_mt-1] [WARN] [1785815823.684056970] [sensing.lidar.concatenate_data]: transformed_raw_points[/sensing/lidar/left/pointcloud_before_sync] is nullptr, skipping pointcloud publish.
[autoware_mrm_handler_node-13] [WARN] [1785815823.684061239] [system.mrm_handler]: EMERGENCY_STOP is operated.
[autoware_ndt_scan_matcher_node-24] [INFO] [1785815823.684639939] [localization.pose_estimator.ndt_scan_matcher]: Mismatch between pose timestamp and current timestamp
[component_container_mt-47] [WARN] [1785815823.734472504] [control.vehicle_cmd_gate]: Emergency!
[autoware_mrm_handler_node-13] [INFO] [1785815823.783542391] [system.mrm_handler]: MRM State changed: MRM_OPERATING -> NORMAL
[component_container_mt-1] [WARN] [1785815823.784023051] [sensing.lidar.concatenate_data]: transformed_raw_points[/sensing/lidar/right/pointcloud_before_sync] is nullptr, skipping pointcloud publish.
[component_container_mt-1] [WARN] [1785815823.784062479] [sensing.lidar.concatenate_data]: transformed_raw_points[/sensing/lidar/left/pointcloud_before_sync] is nullptr, skipping pointcloud publish.
[autoware_mrm_handler_node-13] [WARN] [1785815823.784263687] [system.mrm_handler]: EMERGENCY_STOP is canceled.
[autoware_ndt_scan_matcher_node-24] [INFO] [1785815823.784786819] [localization.pose_estimator.ndt_scan_matcher]: Mismatch between pose timestamp and current timestamp
[component_container_mt-1] [WARN] [1785815823.884024996] [sensing.lidar.concatenate_data]: transformed_raw_points[/sensing/lidar/right/pointcloud_before_sync] is nullptr, skipping pointcloud publish.
[component_container_mt-1] [WARN] [1785815823.884073301] [sensing.lidar.concatenate_data]: transformed_raw_points[/sensing/lidar/left/pointcloud_before_sync] is nullptr, skipping pointcloud publish.
[autoware_ndt_scan_matcher_node-24] [INFO] [1785815823.884598850] [localization.pose_estimator.ndt_scan_matcher]: Mismatch between pose timestamp and current timestamp
[component_container_mt-1] [WARN] [1785815823.984472417] [sensing.lidar.concatenate_data]: transformed_raw_points[/sensing/lidar/right/pointcloud_before_sync] is nullptr, skipping pointcloud publish.
[component_container_mt-1] [WARN] [1785815823.984520000] [sensing.lidar.concatenate_data]: transformed_raw_points[/sensing/lidar/left/pointcloud_before_sync] is nullptr, skipping pointcloud publish.
[autoware_ndt_scan_matcher_node-24] [INFO] [1785815823.984977452] [localization.pose_estimator.ndt_scan_matcher]: Mismatch between pose timestamp and current timestamp
[component_container_mt-1] [WARN] [1785815824.083977567] [sensing.lidar.concatenate_data]: transformed_raw_points[/sensing/lidar/right/pointcloud_before_sync] is nullptr, skipping pointcloud publish.
[component_container_mt-1] [WARN] [1785815824.084028625] [sensing.lidar.concatenate_data]: transformed_raw_points[/sensing/lidar/left/pointcloud_before_sync] is nullptr, skipping pointcloud publish.
[autoware_ndt_scan_matcher_node-24] [INFO] [1785815824.084740941] [localization.pose_estimator.ndt_scan_matcher]: Mismatch between pose timestamp and current timestamp
[component_container-7] [WARN] [1785815824.133808278] [system.topic_state_monitor_control_command_control_cmd]: /control/command/control_cmd topic rate has dropped to the warning level. Set WARN in diagnostics.
[component_container_mt-1] [WARN] [1785815824.183779969] [sensing.lidar.concatenate_data]: transformed_raw_points[/sensing/lidar/right/pointcloud_before_sync] is nullptr, skipping pointcloud publish.
[component_container_mt-1] [WARN] [1785815824.183828302] [sensing.lidar.concatenate_data]: transformed_raw_points[/sensing/lidar/left/pointcloud_before_sync] is nullptr, skipping pointcloud publish.
[autoware_ndt_scan_matcher_node-24] [INFO] [1785815824.185301751] [localization.pose_estimator.ndt_scan_matcher]: Mismatch between pose timestamp and current timestamp
[component_container_mt-1] [WARN] [1785815824.283809128] [sensing.lidar.concatenate_data]: transformed_raw_points[/sensing/lidar/right/pointcloud_before_sync] is nullptr, skipping pointcloud publish.
[component_container_mt-1] [WARN] [1785815824.283858245] [sensing.lidar.concatenate_data]: transformed_raw_points[/sensing/lidar/left/pointcloud_before_sync] is nullptr, skipping pointcloud publish.
[autoware_ndt_scan_matcher_node-24] [INFO] [1785815824.284649928] [localization.pose_estimator.ndt_scan_matcher]: Mismatch between pose timestamp and current timestamp
[component_container_mt-1] [WARN] [1785815824.384213707] [sensing.lidar.concatenate_data]: transformed_raw_points[/sensing/lidar/right/pointcloud_before_sync] is nullptr, skipping pointcloud publish.
[component_container_mt-1] [WARN] [1785815824.384275451] [sensing.lidar.concatenate_data]: transformed_raw_points[/sensing/lidar/left/pointcloud_before_sync] is nullptr, skipping pointcloud publish.
[autoware_ndt_scan_matcher_node-24] [INFO] [1785815824.384960833] [localization.pose_estimator.ndt_scan_matcher]: Mismatch between pose timestamp and current timestamp
[component_container_mt-1] [WARN] [1785815824.484055028] [sensing.lidar.concatenate_data]: transformed_raw_points[/sensing/lidar/right/pointcloud_before_sync] is nullptr, skipping pointcloud publish.
[component_container_mt-1] [WARN] [1785815824.484107796] [sensing.lidar.concatenate_data]: transformed_raw_points[/sensing/lidar/left/pointcloud_before_sync] is nullptr, skipping pointcloud publish.
[autoware_ndt_scan_matcher_node-24] [INFO] [1785815824.484777577] [localization.pose_estimator.ndt_scan_matcher]: Mismatch between pose timestamp and current timestamp
[component_container_mt-1] [WARN] [1785815824.584436783] [sensing.lidar.concatenate_data]: transformed_raw_points[/sensing/lidar/right/pointcloud_before_sync] is nullptr, skipping pointcloud publish.
[component_container_mt-1] [WARN] [1785815824.584485168] [sensing.lidar.concatenate_data]: transformed_raw_points[/sensing/lidar/left/pointcloud_before_sync] is nullptr, skipping pointcloud publish.
[autoware_ndt_scan_matcher_node-24] [INFO] [1785815824.585028471] [localization.pose_estimator.ndt_scan_matcher]: Mismatch between pose timestamp and current timestamp
[autoware_mrm_handler_node-13] [INFO] [1785815824.683620395] [system.mrm_handler]: MRM State changed: NORMAL -> MRM_OPERATING
[logging_node-14] [WARN] [1785815824.683669221] [logging_diag_graph]: The target mode is not available for the following reasons:
[logging_node-14] - /autoware/modes/autonomous ERROR
[logging_node-14]     - /autoware/localization ERROR
[logging_node-14]         - /autoware/localization/state STALE
[logging_node-14]     - /autoware/planning ERROR
[logging_node-14]         - /autoware/planning/routing/state STALE
[logging_node-14]         - [anonymous group] ERROR
[logging_node-14]             - /autoware/planning/topic_rate_check/route ERROR
[logging_node-14]             - /autoware/planning/topic_rate_check/trajectory ERROR
[logging_node-14]     - /autoware/control ERROR
[logging_node-14]         - /autoware/control/topic_rate_check/trajectory_follower ERROR
[logging_node-14]         - /autoware/control/topic_rate_check/control_command WARN 
[logging_node-14]         - /autoware/control/performance_monitoring/lane_departure STALE
[logging_node-14]         - /autoware/control/performance_monitoring/control_state STALE
[logging_node-14]     - /adapi/mrm_request/delegate STALE
[logging_node-14] 
[autoware_mrm_handler_node-13] [WARN] [1785815824.684174754] [system.mrm_handler]: EMERGENCY_STOP is operated.
[component_container_mt-1] [WARN] [1785815824.684213640] [sensing.lidar.concatenate_data]: transformed_raw_points[/sensing/lidar/right/pointcloud_before_sync] is nullptr, skipping pointcloud publish.
[component_container_mt-1] [WARN] [1785815824.684281089] [sensing.lidar.concatenate_data]: transformed_raw_points[/sensing/lidar/left/pointcloud_before_sync] is nullptr, skipping pointcloud publish.
[autoware_ndt_scan_matcher_node-24] [INFO] [1785815824.685310427] [localization.pose_estimator.ndt_scan_matcher]: Mismatch between pose timestamp and current timestamp
[component_container_mt-47] [WARN] [1785815824.734539723] [control.vehicle_cmd_gate]: Emergency!
[autoware_mrm_handler_node-13] [INFO] [1785815824.783523121] [system.mrm_handler]: MRM State changed: MRM_OPERATING -> NORMAL
[component_container_mt-1] [WARN] [1785815824.784172366] [sensing.lidar.concatenate_data]: transformed_raw_points[/sensing/lidar/right/pointcloud_before_sync] is nullptr, skipping pointcloud publish.
[component_container_mt-1] [WARN] [1785815824.784208724] [sensing.lidar.concatenate_data]: transformed_raw_points[/sensing/lidar/left/pointcloud_before_sync] is nullptr, skipping pointcloud publish.
[autoware_mrm_handler_node-13] [WARN] [1785815824.784178638] [system.mrm_handler]: EMERGENCY_STOP is canceled.
[autoware_ndt_scan_matcher_node-24] [INFO] [1785815824.784929700] [localization.pose_estimator.ndt_scan_matcher]: Mismatch between pose timestamp and current timestamp
[component_container_mt-1] [WARN] [1785815824.884546853] [sensing.lidar.concatenate_data]: transformed_raw_points[/sensing/lidar/right/pointcloud_before_sync] is nullptr, skipping pointcloud publish.
[component_container_mt-1] [WARN] [1785815824.884595207] [sensing.lidar.concatenate_data]: transformed_raw_points[/sensing/lidar/left/pointcloud_before_sync] is nullptr, skipping pointcloud publish.
[autoware_ndt_scan_matcher_node-24] [INFO] [1785815824.885396218] [localization.pose_estimator.ndt_scan_matcher]: Mismatch between pose timestamp and current timestamp
[component_container_mt-1] [WARN] [1785815824.984412245] [sensing.lidar.concatenate_data]: transformed_raw_points[/sensing/lidar/right/pointcloud_before_sync] is nullptr, skipping pointcloud publish.
[component_container_mt-1] [WARN] [1785815824.984457396] [sensing.lidar.concatenate_data]: transformed_raw_points[/sensing/lidar/left/pointcloud_before_sync] is nullptr, skipping pointcloud publish.
[autoware_ndt_scan_matcher_node-24] [INFO] [1785815824.985009865] [localization.pose_estimator.ndt_scan_matcher]: Mismatch between pose timestamp and current timestamp
[component_container_mt-1] [WARN] [1785815825.084059180] [sensing.lidar.concatenate_data]: transformed_raw_points[/sensing/lidar/right/pointcloud_before_sync] is nullptr, skipping pointcloud publish.
[component_container_mt-1] [WARN] [1785815825.084107062] [sensing.lidar.concatenate_data]: transformed_raw_points[/sensing/lidar/left/pointcloud_before_sync] is nullptr, skipping pointcloud publish.
[component_container-7] [INFO] [1785815825.084414110] [system.topic_state_monitor_mission_planning_route]: /planning/mission_planning/route has not received. Set ERROR in diagnostics.
[autoware_ndt_scan_matcher_node-24] [INFO] [1785815825.084618792] [localization.pose_estimator.ndt_scan_matcher]: Mismatch between pose timestamp and current timestamp
[component_container_mt-47] [INFO] [1785815825.183711503] [control.trajectory_follower.controller_node_exe]: Waiting for trajectory data
[component_container_mt-47] [INFO] [1785815825.183766920] [control.trajectory_follower.controller_node_exe]: Control is skipped since input data is not ready.
[component_container_mt-1] [WARN] [1785815825.183748014] [sensing.lidar.concatenate_data]: transformed_raw_points[/sensing/lidar/right/pointcloud_before_sync] is nullptr, skipping pointcloud publish.
[component_container_mt-1] [WARN] [1785815825.183783923] [sensing.lidar.concatenate_data]: transformed_raw_points[/sensing/lidar/left/pointcloud_before_sync] is nullptr, skipping pointcloud publish.
[autoware_ndt_scan_matcher_node-24] [INFO] [1785815825.184880544] [localization.pose_estimator.ndt_scan_matcher]: Mismatch between pose timestamp and current timestamp
[component_container_mt-1] [WARN] [1785815825.283991317] [sensing.lidar.concatenate_data]: transformed_raw_points[/sensing/lidar/right/pointcloud_before_sync] is nullptr, skipping pointcloud publish.
[component_container_mt-1] [WARN] [1785815825.284041287] [sensing.lidar.concatenate_data]: transformed_raw_points[/sensing/lidar/left/pointcloud_before_sync] is nullptr, skipping pointcloud publish.
[autoware_ndt_scan_matcher_node-24] [INFO] [1785815825.284575613] [localization.pose_estimator.ndt_scan_matcher]: Mismatch between pose timestamp and current timestamp
[component_container_mt-1] [WARN] [1785815825.384817744] [sensing.lidar.concatenate_data]: transformed_raw_points[/sensing/lidar/right/pointcloud_before_sync] is nullptr, skipping pointcloud publish.
[component_container_mt-1] [WARN] [1785815825.384858347] [sensing.lidar.concatenate_data]: transformed_raw_points[/sensing/lidar/left/pointcloud_before_sync] is nullptr, skipping pointcloud publish.
[autoware_ndt_scan_matcher_node-24] [INFO] [1785815825.385953895] [localization.pose_estimator.ndt_scan_matcher]: Mismatch between pose timestamp and current timestamp
[component_container-18] [WARN] [1785815825.390828255] [sensing.lidar.top.crop_box_filter_self]: Invalid PointCloud: is_dense is false. The point cloud should be organized (dense) and contain only valid points. This will be an ERROR starting in 2026 JulyFrame: 'velodyne_top', Stamp: 89.835702291
[component_container_mt-1] [WARN] [1785815825.483935324] [sensing.lidar.concatenate_data]: transformed_raw_points[/sensing/lidar/right/pointcloud_before_sync] is nullptr, skipping pointcloud publish.
[component_container_mt-1] [WARN] [1785815825.483987409] [sensing.lidar.concatenate_data]: transformed_raw_points[/sensing/lidar/left/pointcloud_before_sync] is nullptr, skipping pointcloud publish.
[autoware_ndt_scan_matcher_node-24] [INFO] [1785815825.484730861] [localization.pose_estimator.ndt_scan_matcher]: Mismatch between pose timestamp and current timestamp
[component_container_mt-1] [WARN] [1785815825.584529159] [sensing.lidar.concatenate_data]: transformed_raw_points[/sensing/lidar/right/pointcloud_before_sync] is nullptr, skipping pointcloud publish.
[component_container_mt-1] [WARN] [1785815825.584574022] [sensing.lidar.concatenate_data]: transformed_raw_points[/sensing/lidar/left/pointcloud_before_sync] is nullptr, skipping pointcloud publish.
[autoware_ndt_scan_matcher_node-24] [INFO] [1785815825.585143909] [localization.pose_estimator.ndt_scan_matcher]: Mismatch between pose timestamp and current timestamp
[autoware_mrm_handler_node-13] [INFO] [1785815825.683714307] [system.mrm_handler]: MRM State changed: NORMAL -> MRM_OPERATING
[autoware_mrm_handler_node-13] [WARN] [1785815825.684170844] [system.mrm_handler]: EMERGENCY_STOP is operated.
[component_container_mt-1] [WARN] [1785815825.684211901] [sensing.lidar.concatenate_data]: transformed_raw_points[/sensing/lidar/right/pointcloud_before_sync] is nullptr, skipping pointcloud publish.
[component_container_mt-1] [WARN] [1785815825.684246453] [sensing.lidar.concatenate_data]: transformed_raw_points[/sensing/lidar/left/pointcloud_before_sync] is nullptr, skipping pointcloud publish.
[autoware_ndt_scan_matcher_node-24] [INFO] [1785815825.684706740] [localization.pose_estimator.ndt_scan_matcher]: Mismatch between pose timestamp and current timestamp
[component_container_mt-47] [WARN] [1785815825.734173171] [control.vehicle_cmd_gate]: Emergency!
[component_container_mt-48] [INFO] [1785815825.735094428] [control.control_validator]: waiting for /planning/trajectory
[component_container_mt-1] [WARN] [1785815825.783855719] [sensing.lidar.concatenate_data]: transformed_raw_points[/sensing/lidar/right/pointcloud_before_sync] is nullptr, skipping pointcloud publish.
[component_container_mt-1] [WARN] [1785815825.783904844] [sensing.lidar.concatenate_data]: transformed_raw_points[/sensing/lidar/left/pointcloud_before_sync] is nullptr, skipping pointcloud publish.
[autoware_ndt_scan_matcher_node-24] [INFO] [1785815825.784476263] [localization.pose_estimator.ndt_scan_matcher]: Mismatch between pose timestamp and current timestamp
[autoware_mrm_handler_node-13] [INFO] [1785815825.785022394] [system.mrm_handler]: MRM State changed: MRM_OPERATING -> NORMAL
[autoware_mrm_handler_node-13] [WARN] [1785815825.785154799] [system.mrm_handler]: EMERGENCY_STOP is canceled.
[component_container_mt-1] [WARN] [1785815825.792447937] [localization.util.crop_box_filter_measurement_range]: Invalid PointCloud: row_step mismatch. Expected: 100832 (width 6302 * point_step 16), Got: 0. Frame: 'base_link', Stamp: 90.235702297 Please fill in the `cloud->row_step` field accordingly. This will be an ERROR starting in 2026 July
[component_container_mt-1] [WARN] [1785815825.884775743] [sensing.lidar.concatenate_data]: transformed_raw_points[/sensing/lidar/right/pointcloud_before_sync] is nullptr, skipping pointcloud publish.
[component_container_mt-1] [WARN] [1785815825.884817921] [sensing.lidar.concatenate_data]: transformed_raw_points[/sensing/lidar/left/pointcloud_before_sync] is nullptr, skipping pointcloud publish.
[autoware_ndt_scan_matcher_node-24] [INFO] [1785815825.885341524] [localization.pose_estimator.ndt_scan_matcher]: Mismatch between pose timestamp and current timestamp
[component_container_mt-40] [INFO] [1785815825.933927887] [planning.scenario_planning.lane_driving.behavior_planning.behavior_path_planner]: waiting for scenario_topic
[component_container_mt-1] [WARN] [1785815825.983757853] [sensing.lidar.concatenate_data]: transformed_raw_points[/sensing/lidar/right/pointcloud_before_sync] is nullptr, skipping pointcloud publish.
[component_container_mt-1] [WARN] [1785815825.983809627] [sensing.lidar.concatenate_data]: transformed_raw_points[/sensing/lidar/left/pointcloud_before_sync] is nullptr, skipping pointcloud publish.
[autoware_ndt_scan_matcher_node-24] [INFO] [1785815825.984634100] [localization.pose_estimator.ndt_scan_matcher]: Mismatch between pose timestamp and current timestamp
[component_container_mt-1] [WARN] [1785815826.084253588] [sensing.lidar.concatenate_data]: transformed_raw_points[/sensing/lidar/right/pointcloud_before_sync] is nullptr, skipping pointcloud publish.
[component_container_mt-1] [WARN] [1785815826.084300637] [sensing.lidar.concatenate_data]: transformed_raw_points[/sensing/lidar/left/pointcloud_before_sync] is nullptr, skipping pointcloud publish.
[autoware_ndt_scan_matcher_node-24] [INFO] [1785815826.084874603] [localization.pose_estimator.ndt_scan_matcher]: Mismatch between pose timestamp and current timestamp
[component_container_mt-47] [INFO] [1785815826.134279799] [control.vehicle_cmd_gate]: The operation mode is changed, but the GearCommand is not received yet:
[component_container_mt-1] [WARN] [1785815826.183751960] [sensing.lidar.concatenate_data]: transformed_raw_points[/sensing/lidar/right/pointcloud_before_sync] is nullptr, skipping pointcloud publish.
[component_container_mt-1] [WARN] [1785815826.183799206] [sensing.lidar.concatenate_data]: transformed_raw_points[/sensing/lidar/left/pointcloud_before_sync] is nullptr, skipping pointcloud publish.
[autoware_ndt_scan_matcher_node-24] [INFO] [1785815826.185371351] [localization.pose_estimator.ndt_scan_matcher]: Mismatch between pose timestamp and current timestamp
[component_container_mt-1] [WARN] [1785815826.284103825] [sensing.lidar.concatenate_data]: transformed_raw_points[/sensing/lidar/right/pointcloud_before_sync] is nullptr, skipping pointcloud publish.
[component_container_mt-1] [WARN] [1785815826.284148916] [sensing.lidar.concatenate_data]: transformed_raw_points[/sensing/lidar/left/pointcloud_before_sync] is nullptr, skipping pointcloud publish.
[component_container_mt-48] [INFO] [1785815826.284207688] [control.autonomous_emergency_braking]: [AEB] waiting for control predicted trajectory
[autoware_ndt_scan_matcher_node-24] [INFO] [1785815826.284689550] [localization.pose_estimator.ndt_scan_matcher]: Mismatch between pose timestamp and current timestamp
[component_container_mt-1] [WARN] [1785815826.384352476] [sensing.lidar.concatenate_data]: transformed_raw_points[/sensing/lidar/right/pointcloud_before_sync] is nullptr, skipping pointcloud publish.
[component_container_mt-1] [WARN] [1785815826.384395977] [sensing.lidar.concatenate_data]: transformed_raw_points[/sensing/lidar/left/pointcloud_before_sync] is nullptr, skipping pointcloud publish.
[autoware_ndt_scan_matcher_node-24] [INFO] [1785815826.384941063] [localization.pose_estimator.ndt_scan_matcher]: Mismatch between pose timestamp and current timestamp
[component_container_mt-1] [WARN] [1785815826.483776438] [sensing.lidar.concatenate_data]: transformed_raw_points[/sensing/lidar/right/pointcloud_before_sync] is nullptr, skipping pointcloud publish.
[component_container_mt-1] [WARN] [1785815826.483824818] [sensing.lidar.concatenate_data]: transformed_raw_points[/sensing/lidar/left/pointcloud_before_sync] is nullptr, skipping pointcloud publish.
[autoware_ndt_scan_matcher_node-24] [INFO] [1785815826.484375987] [localization.pose_estimator.ndt_scan_matcher]: Mismatch between pose timestamp and current timestamp
[component_container_mt-1] [WARN] [1785815826.584108210] [sensing.lidar.concatenate_data]: transformed_raw_points[/sensing/lidar/right/pointcloud_before_sync] is nullptr, skipping pointcloud publish.
[component_container_mt-1] [WARN] [1785815826.584160574] [sensing.lidar.concatenate_data]: transformed_raw_points[/sensing/lidar/left/pointcloud_before_sync] is nullptr, skipping pointcloud publish.
[autoware_ndt_scan_matcher_node-24] [INFO] [1785815826.584844211] [localization.pose_estimator.ndt_scan_matcher]: Mismatch between pose timestamp and current timestamp
[autoware_mrm_handler_node-13] [INFO] [1785815826.683737235] [system.mrm_handler]: MRM State changed: NORMAL -> MRM_OPERATING
[component_container_mt-1] [WARN] [1785815826.684391349] [sensing.lidar.concatenate_data]: transformed_raw_points[/sensing/lidar/right/pointcloud_before_sync] is nullptr, skipping pointcloud publish.
[component_container_mt-1] [WARN] [1785815826.684429005] [sensing.lidar.concatenate_data]: transformed_raw_points[/sensing/lidar/left/pointcloud_before_sync] is nullptr, skipping pointcloud publish.
[autoware_mrm_handler_node-13] [WARN] [1785815826.684524902] [system.mrm_handler]: EMERGENCY_STOP is operated.
[autoware_ndt_scan_matcher_node-24] [INFO] [1785815826.684879056] [localization.pose_estimator.ndt_scan_matcher]: Mismatch between pose timestamp and current timestamp
[component_container_mt-47] [WARN] [1785815826.735818281] [control.vehicle_cmd_gate]: Emergency!
[autoware_mrm_handler_node-13] [INFO] [1785815826.783713988] [system.mrm_handler]: MRM State changed: MRM_OPERATING -> NORMAL
[component_container_mt-1] [WARN] [1785815826.783798977] [sensing.lidar.concatenate_data]: transformed_raw_points[/sensing/lidar/right/pointcloud_before_sync] is nullptr, skipping pointcloud publish.
[component_container_mt-1] [WARN] [1785815826.783840317] [sensing.lidar.concatenate_data]: transformed_raw_points[/sensing/lidar/left/pointcloud_before_sync] is nullptr, skipping pointcloud publish.
[autoware_mrm_handler_node-13] [WARN] [1785815826.783878270] [system.mrm_handler]: EMERGENCY_STOP is canceled.
[autoware_ndt_scan_matcher_node-24] [INFO] [1785815826.784312495] [localization.pose_estimator.ndt_scan_matcher]: Mismatch between pose timestamp and current timestamp
[component_container_mt-1] [WARN] [1785815826.883425870] [sensing.lidar.concatenate_data]: transformed_raw_points[/sensing/lidar/right/pointcloud_before_sync] is nullptr, skipping pointcloud publish.
[component_container_mt-1] [WARN] [1785815826.883469769] [sensing.lidar.concatenate_data]: transformed_raw_points[/sensing/lidar/left/pointcloud_before_sync] is nullptr, skipping pointcloud publish.
[autoware_ndt_scan_matcher_node-24] [INFO] [1785815826.884226308] [localization.pose_estimator.ndt_scan_matcher]: Mismatch between pose timestamp and current timestamp
[component_container_mt-1] [WARN] [1785815826.984338016] [sensing.lidar.concatenate_data]: transformed_raw_points[/sensing/lidar/right/pointcloud_before_sync] is nullptr, skipping pointcloud publish.
[component_container_mt-1] [WARN] [1785815826.984388067] [sensing.lidar.concatenate_data]: transformed_raw_points[/sensing/lidar/left/pointcloud_before_sync] is nullptr, skipping pointcloud publish.
[autoware_ndt_scan_matcher_node-24] [INFO] [1785815826.985053359] [localization.pose_estimator.ndt_scan_matcher]: Mismatch between pose timestamp and current timestamp
[component_container_mt-1] [WARN] [1785815827.083571814] [sensing.lidar.concatenate_data]: transformed_raw_points[/sensing/lidar/right/pointcloud_before_sync] is nullptr, skipping pointcloud publish.
[component_container_mt-1] [WARN] [1785815827.083616731] [sensing.lidar.concatenate_data]: transformed_raw_points[/sensing/lidar/left/pointcloud_before_sync] is nullptr, skipping pointcloud publish.
[autoware_ndt_scan_matcher_node-24] [INFO] [1785815827.084324422] [localization.pose_estimator.ndt_scan_matcher]: Mismatch between pose timestamp and current timestamp
[component_container-7] [WARN] [1785815827.133971825] [system.topic_state_monitor_control_command_control_cmd]: /control/command/control_cmd topic rate has dropped to the warning level. Set WARN in diagnostics.
[component_container_mt-1] [WARN] [1785815827.184180851] [sensing.lidar.concatenate_data]: transformed_raw_points[/sensing/lidar/right/pointcloud_before_sync] is nullptr, skipping pointcloud publish.
[autoware_ndt_scan_matcher_node-24] [INFO] [1785815827.184831921] [localization.pose_estimator.ndt_scan_matcher]: Mismatch between pose timestamp and current timestamp
[component_container_mt-1] [WARN] [1785815827.185236106] [sensing.lidar.concatenate_data]: transformed_raw_points[/sensing/lidar/left/pointcloud_before_sync] is nullptr, skipping pointcloud publish.
[component_container_mt-1] [WARN] [1785815827.284206446] [sensing.lidar.concatenate_data]: transformed_raw_points[/sensing/lidar/right/pointcloud_before_sync] is nullptr, skipping pointcloud publish.
[component_container_mt-1] [WARN] [1785815827.284256048] [sensing.lidar.concatenate_data]: transformed_raw_points[/sensing/lidar/left/pointcloud_before_sync] is nullptr, skipping pointcloud publish.
[autoware_ndt_scan_matcher_node-24] [INFO] [1785815827.285591944] [localization.pose_estimator.ndt_scan_matcher]: Mismatch between pose timestamp and current timestamp
[component_container_mt-1] [WARN] [1785815827.385265410] [sensing.lidar.concatenate_data]: transformed_raw_points[/sensing/lidar/right/pointcloud_before_sync] is nullptr, skipping pointcloud publish.
[component_container_mt-1] [WARN] [1785815827.385309093] [sensing.lidar.concatenate_data]: transformed_raw_points[/sensing/lidar/left/pointcloud_before_sync] is nullptr, skipping pointcloud publish.
[autoware_ndt_scan_matcher_node-24] [INFO] [1785815827.385849968] [localization.pose_estimator.ndt_scan_matcher]: Mismatch between pose timestamp and current timestamp
[component_container_mt-1] [WARN] [1785815827.484323623] [sensing.lidar.concatenate_data]: transformed_raw_points[/sensing/lidar/right/pointcloud_before_sync] is nullptr, skipping pointcloud publish.
[component_container_mt-1] [WARN] [1785815827.484371183] [sensing.lidar.concatenate_data]: transformed_raw_points[/sensing/lidar/left/pointcloud_before_sync] is nullptr, skipping pointcloud publish.
[autoware_ndt_scan_matcher_node-24] [INFO] [1785815827.484947456] [localization.pose_estimator.ndt_scan_matcher]: Mismatch between pose timestamp and current timestamp
[component_container_mt-1] [WARN] [1785815827.584578653] [sensing.lidar.concatenate_data]: transformed_raw_points[/sensing/lidar/right/pointcloud_before_sync] is nullptr, skipping pointcloud publish.
[component_container_mt-1] [WARN] [1785815827.584623461] [sensing.lidar.concatenate_data]: transformed_raw_points[/sensing/lidar/left/pointcloud_before_sync] is nullptr, skipping pointcloud publish.
[autoware_ndt_scan_matcher_node-24] [INFO] [1785815827.585277499] [localization.pose_estimator.ndt_scan_matcher]: Mismatch between pose timestamp and current timestamp
[component_container_mt-48] [INFO] [1785815827.634124220] [control.trajectory_follower.lane_departure_checker_node]: waiting for route msg...
[autoware_scenario_selector_node-36] [INFO] [1785815827.684074261] [planning.scenario_planning.scenario_selector]: Waiting for route.
[autoware_mrm_handler_node-13] [INFO] [1785815827.684227695] [system.mrm_handler]: MRM State changed: NORMAL -> MRM_OPERATING
[logging_node-14] [WARN] [1785815827.684231750] [logging_diag_graph]: The target mode is not available for the following reasons:
[logging_node-14] - /autoware/modes/autonomous ERROR
[logging_node-14]     - /autoware/localization ERROR
[logging_node-14]         - /autoware/localization/state STALE
[logging_node-14]     - /autoware/planning ERROR
[logging_node-14]         - /autoware/planning/routing/state ERROR
[logging_node-14]         - [anonymous group] ERROR
[logging_node-14]             - /autoware/planning/topic_rate_check/route ERROR
[logging_node-14]             - /autoware/planning/topic_rate_check/trajectory ERROR
[logging_node-14]     - /autoware/control ERROR
[logging_node-14]         - /autoware/control/topic_rate_check/trajectory_follower ERROR
[logging_node-14]         - /autoware/control/topic_rate_check/control_command WARN 
[logging_node-14]     - /adapi/mrm_request/delegate STALE
[logging_node-14] 
[component_container_mt-1] [WARN] [1785815827.684592444] [sensing.lidar.concatenate_data]: transformed_raw_points[/sensing/lidar/right/pointcloud_before_sync] is nullptr, skipping pointcloud publish.
[component_container_mt-1] [WARN] [1785815827.684629179] [sensing.lidar.concatenate_data]: transformed_raw_points[/sensing/lidar/left/pointcloud_before_sync] is nullptr, skipping pointcloud publish.
[autoware_ndt_scan_matcher_node-24] [INFO] [1785815827.685094929] [localization.pose_estimator.ndt_scan_matcher]: Mismatch between pose timestamp and current timestamp
[autoware_mrm_handler_node-13] [WARN] [1785815827.687993878] [system.mrm_handler]: EMERGENCY_STOP is operated.
[component_container_mt-47] [WARN] [1785815827.734413670] [control.vehicle_cmd_gate]: Emergency!
[autoware_mrm_handler_node-13] [INFO] [1785815827.783827440] [system.mrm_handler]: MRM State changed: MRM_OPERATING -> NORMAL
[component_container_mt-1] [WARN] [1785815827.784293793] [sensing.lidar.concatenate_data]: transformed_raw_points[/sensing/lidar/right/pointcloud_before_sync] is nullptr, skipping pointcloud publish.
[component_container_mt-1] [WARN] [1785815827.784329242] [sensing.lidar.concatenate_data]: transformed_raw_points[/sensing/lidar/left/pointcloud_before_sync] is nullptr, skipping pointcloud publish.
[autoware_mrm_handler_node-13] [WARN] [1785815827.784855062] [system.mrm_handler]: EMERGENCY_STOP is canceled.
[autoware_ndt_scan_matcher_node-24] [INFO] [1785815827.784887280] [localization.pose_estimator.ndt_scan_matcher]: Mismatch between pose timestamp and current timestamp
[component_container_mt-1] [WARN] [1785815827.883874388] [sensing.lidar.concatenate_data]: transformed_raw_points[/sensing/lidar/right/pointcloud_before_sync] is nullptr, skipping pointcloud publish.
[component_container_mt-1] [WARN] [1785815827.883928986] [sensing.lidar.concatenate_data]: transformed_raw_points[/sensing/lidar/left/pointcloud_before_sync] is nullptr, skipping pointcloud publish.
[autoware_ndt_scan_matcher_node-24] [INFO] [1785815827.884677742] [localization.pose_estimator.ndt_scan_matcher]: Mismatch between pose timestamp and current timestamp
[component_container_mt-1] [WARN] [1785815827.984003199] [sensing.lidar.concatenate_data]: transformed_raw_points[/sensing/lidar/right/pointcloud_before_sync] is nullptr, skipping pointcloud publish.
[component_container_mt-1] [WARN] [1785815827.984051149] [sensing.lidar.concatenate_data]: transformed_raw_points[/sensing/lidar/left/pointcloud_before_sync] is nullptr, skipping pointcloud publish.
[autoware_ndt_scan_matcher_node-24] [INFO] [1785815827.985263860] [localization.pose_estimator.ndt_scan_matcher]: Mismatch between pose timestamp and current timestamp
[component_container_mt-1] [WARN] [1785815828.083974263] [sensing.lidar.concatenate_data]: transformed_raw_points[/sensing/lidar/right/pointcloud_before_sync] is nullptr, skipping pointcloud publish.
[component_container_mt-1] [WARN] [1785815828.084027271] [sensing.lidar.concatenate_data]: transformed_raw_points[/sensing/lidar/left/pointcloud_before_sync] is nullptr, skipping pointcloud publish.
[component_container-7] [INFO] [1785815828.084292254] [system.topic_state_monitor_mission_planning_route]: /planning/mission_planning/route has not received. Set ERROR in diagnostics.
[autoware_ndt_scan_matcher_node-24] [INFO] [1785815828.084498282] [localization.pose_estimator.ndt_scan_matcher]: Mismatch between pose timestamp and current timestamp
[component_container_mt-1] [WARN] [1785815828.185003064] [sensing.lidar.concatenate_data]: transformed_raw_points[/sensing/lidar/right/pointcloud_before_sync] is nullptr, skipping pointcloud publish.
[component_container_mt-1] [WARN] [1785815828.185047986] [sensing.lidar.concatenate_data]: transformed_raw_points[/sensing/lidar/left/pointcloud_before_sync] is nullptr, skipping pointcloud publish.
[autoware_ndt_scan_matcher_node-24] [INFO] [1785815828.185528989] [localization.pose_estimator.ndt_scan_matcher]: Mismatch between pose timestamp and current timestamp
[component_container_mt-1] [WARN] [1785815828.284138821] [sensing.lidar.concatenate_data]: transformed_raw_points[/sensing/lidar/right/pointcloud_before_sync] is nullptr, skipping pointcloud publish.
[component_container_mt-1] [WARN] [1785815828.284187512] [sensing.lidar.concatenate_data]: transformed_raw_points[/sensing/lidar/left/pointcloud_before_sync] is nullptr, skipping pointcloud publish.
[autoware_ndt_scan_matcher_node-24] [INFO] [1785815828.284814066] [localization.pose_estimator.ndt_scan_matcher]: Mismatch between pose timestamp and current timestamp
[component_container_mt-1] [WARN] [1785815828.384403901] [sensing.lidar.concatenate_data]: transformed_raw_points[/sensing/lidar/right/pointcloud_before_sync] is nullptr, skipping pointcloud publish.
[component_container_mt-1] [WARN] [1785815828.384451899] [sensing.lidar.concatenate_data]: transformed_raw_points[/sensing/lidar/left/pointcloud_before_sync] is nullptr, skipping pointcloud publish.
[autoware_ndt_scan_matcher_node-24] [INFO] [1785815828.385059819] [localization.pose_estimator.ndt_scan_matcher]: Mismatch between pose timestamp and current timestamp
[component_container_mt-1] [WARN] [1785815828.483598396] [sensing.lidar.concatenate_data]: transformed_raw_points[/sensing/lidar/right/pointcloud_before_sync] is nullptr, skipping pointcloud publish.
[component_container_mt-1] [WARN] [1785815828.483647725] [sensing.lidar.concatenate_data]: transformed_raw_points[/sensing/lidar/left/pointcloud_before_sync] is nullptr, skipping pointcloud publish.
[autoware_ndt_scan_matcher_node-24] [INFO] [1785815828.484239072] [localization.pose_estimator.ndt_scan_matcher]: Mismatch between pose timestamp and current timestamp
[component_container_mt-1] [WARN] [1785815828.583925578] [sensing.lidar.concatenate_data]: transformed_raw_points[/sensing/lidar/right/pointcloud_before_sync] is nullptr, skipping pointcloud publish.
[component_container_mt-1] [WARN] [1785815828.583969480] [sensing.lidar.concatenate_data]: transformed_raw_points[/sensing/lidar/left/pointcloud_before_sync] is nullptr, skipping pointcloud publish.
[autoware_ndt_scan_matcher_node-24] [INFO] [1785815828.584529027] [localization.pose_estimator.ndt_scan_matcher]: Mismatch between pose timestamp and current timestamp
[component_container_mt-1] [WARN] [1785815828.683665022] [sensing.lidar.concatenate_data]: transformed_raw_points[/sensing/lidar/right/pointcloud_before_sync] is nullptr, skipping pointcloud publish.
[component_container_mt-1] [WARN] [1785815828.683715839] [sensing.lidar.concatenate_data]: transformed_raw_points[/sensing/lidar/left/pointcloud_before_sync] is nullptr, skipping pointcloud publish.
[autoware_mrm_handler_node-13] [INFO] [1785815828.683775159] [system.mrm_handler]: MRM State changed: NORMAL -> MRM_OPERATING
[autoware_mrm_handler_node-13] [WARN] [1785815828.684303656] [system.mrm_handler]: EMERGENCY_STOP is operated.
[autoware_ndt_scan_matcher_node-24] [INFO] [1785815828.684636620] [localization.pose_estimator.ndt_scan_matcher]: Mismatch between pose timestamp and current timestamp
[component_container_mt-47] [WARN] [1785815828.734469649] [control.vehicle_cmd_gate]: Emergency!
[component_container_mt-1] [WARN] [1785815828.784326285] [sensing.lidar.concatenate_data]: transformed_raw_points[/sensing/lidar/right/pointcloud_before_sync] is nullptr, skipping pointcloud publish.
[component_container_mt-1] [WARN] [1785815828.784373566] [sensing.lidar.concatenate_data]: transformed_raw_points[/sensing/lidar/left/pointcloud_before_sync] is nullptr, skipping pointcloud publish.
[autoware_mrm_handler_node-13] [INFO] [1785815828.784743657] [system.mrm_handler]: MRM State changed: MRM_OPERATING -> NORMAL
[autoware_mrm_handler_node-13] [WARN] [1785815828.784895354] [system.mrm_handler]: EMERGENCY_STOP is canceled.
[autoware_ndt_scan_matcher_node-24] [INFO] [1785815828.784897922] [localization.pose_estimator.ndt_scan_matcher]: Mismatch between pose timestamp and current timestamp
[component_container_mt-1] [WARN] [1785815828.883701885] [sensing.lidar.concatenate_data]: transformed_raw_points[/sensing/lidar/right/pointcloud_before_sync] is nullptr, skipping pointcloud publish.
[component_container_mt-1] [WARN] [1785815828.883750544] [sensing.lidar.concatenate_data]: transformed_raw_points[/sensing/lidar/left/pointcloud_before_sync] is nullptr, skipping pointcloud publish.
[autoware_ndt_scan_matcher_node-24] [INFO] [1785815828.884432347] [localization.pose_estimator.ndt_scan_matcher]: Mismatch between pose timestamp and current timestamp
[component_container_mt-1] [WARN] [1785815828.983872267] [sensing.lidar.concatenate_data]: transformed_raw_points[/sensing/lidar/right/pointcloud_before_sync] is nullptr, skipping pointcloud publish.
[component_container_mt-1] [WARN] [1785815828.983926204] [sensing.lidar.concatenate_data]: transformed_raw_points[/sensing/lidar/left/pointcloud_before_sync] is nullptr, skipping pointcloud publish.
[autoware_ndt_scan_matcher_node-24] [INFO] [1785815828.984458949] [localization.pose_estimator.ndt_scan_matcher]: Mismatch between pose timestamp and current timestamp
[component_container_mt-1] [WARN] [1785815829.084459122] [sensing.lidar.concatenate_data]: transformed_raw_points[/sensing/lidar/right/pointcloud_before_sync] is nullptr, skipping pointcloud publish.
[component_container_mt-1] [WARN] [1785815829.084506277] [sensing.lidar.concatenate_data]: transformed_raw_points[/sensing/lidar/left/pointcloud_before_sync] is nullptr, skipping pointcloud publish.
[autoware_ndt_scan_matcher_node-24] [INFO] [1785815829.085050588] [localization.pose_estimator.ndt_scan_matcher]: Mismatch between pose timestamp and current timestamp
[component_container_mt-1] [WARN] [1785815829.183989391] [sensing.lidar.concatenate_data]: transformed_raw_points[/sensing/lidar/right/pointcloud_before_sync] is nullptr, skipping pointcloud publish.
[component_container_mt-1] [WARN] [1785815829.184035286] [sensing.lidar.concatenate_data]: transformed_raw_points[/sensing/lidar/left/pointcloud_before_sync] is nullptr, skipping pointcloud publish.
[autoware_ndt_scan_matcher_node-24] [INFO] [1785815829.184575476] [localization.pose_estimator.ndt_scan_matcher]: Mismatch between pose timestamp and current timestamp
[component_container_mt-1] [WARN] [1785815829.283851563] [sensing.lidar.concatenate_data]: transformed_raw_points[/sensing/lidar/right/pointcloud_before_sync] is nullptr, skipping pointcloud publish.
[component_container_mt-1] [WARN] [1785815829.283904292] [sensing.lidar.concatenate_data]: transformed_raw_points[/sensing/lidar/left/pointcloud_before_sync] is nullptr, skipping pointcloud publish.
[autoware_ndt_scan_matcher_node-24] [INFO] [1785815829.284339653] [localization.pose_estimator.ndt_scan_matcher]: Mismatch between pose timestamp and current timestamp
[component_container_mt-1] [WARN] [1785815829.384804465] [sensing.lidar.concatenate_data]: transformed_raw_points[/sensing/lidar/right/pointcloud_before_sync] is nullptr, skipping pointcloud publish.
[component_container_mt-1] [WARN] [1785815829.384843576] [sensing.lidar.concatenate_data]: transformed_raw_points[/sensing/lidar/left/pointcloud_before_sync] is nullptr, skipping pointcloud publish.
[autoware_ndt_scan_matcher_node-24] [INFO] [1785815829.385445774] [localization.pose_estimator.ndt_scan_matcher]: Mismatch between pose timestamp and current timestamp
[component_container_mt-1] [WARN] [1785815829.483674904] [sensing.lidar.concatenate_data]: transformed_raw_points[/sensing/lidar/right/pointcloud_before_sync] is nullptr, skipping pointcloud publish.
[component_container_mt-1] [WARN] [1785815829.483722114] [sensing.lidar.concatenate_data]: transformed_raw_points[/sensing/lidar/left/pointcloud_before_sync] is nullptr, skipping pointcloud publish.
[autoware_ndt_scan_matcher_node-24] [INFO] [1785815829.484410563] [localization.pose_estimator.ndt_scan_matcher]: Mismatch between pose timestamp and current timestamp
[component_container_mt-1] [WARN] [1785815829.583973343] [sensing.lidar.concatenate_data]: transformed_raw_points[/sensing/lidar/right/pointcloud_before_sync] is nullptr, skipping pointcloud publish.
[component_container_mt-1] [WARN] [1785815829.584026791] [sensing.lidar.concatenate_data]: transformed_raw_points[/sensing/lidar/left/pointcloud_before_sync] is nullptr, skipping pointcloud publish.
[autoware_ndt_scan_matcher_node-24] [INFO] [1785815829.584450416] [localization.pose_estimator.ndt_scan_matcher]: Mismatch between pose timestamp and current timestamp
[component_container_mt-1] [WARN] [1785815829.683571254] [sensing.lidar.concatenate_data]: transformed_raw_points[/sensing/lidar/right/pointcloud_before_sync] is nullptr, skipping pointcloud publish.
[component_container_mt-1] [WARN] [1785815829.683774852] [sensing.lidar.concatenate_data]: transformed_raw_points[/sensing/lidar/left/pointcloud_before_sync] is nullptr, skipping pointcloud publish.
[autoware_mrm_handler_node-13] [INFO] [1785815829.684294613] [system.mrm_handler]: MRM State changed: NORMAL -> MRM_OPERATING
[autoware_mrm_handler_node-13] [WARN] [1785815829.684420769] [system.mrm_handler]: EMERGENCY_STOP is operated.
[autoware_ndt_scan_matcher_node-24] [INFO] [1785815829.684486617] [localization.pose_estimator.ndt_scan_matcher]: Mismatch between pose timestamp and current timestamp
[component_container_mt-47] [WARN] [1785815829.734492809] [control.vehicle_cmd_gate]: Emergency!
[autoware_mrm_handler_node-13] [INFO] [1785815829.783356378] [system.mrm_handler]: MRM State changed: MRM_OPERATING -> NORMAL
[component_container_mt-1] [WARN] [1785815829.783868055] [sensing.lidar.concatenate_data]: transformed_raw_points[/sensing/lidar/right/pointcloud_before_sync] is nullptr, skipping pointcloud publish.
[component_container_mt-1] [WARN] [1785815829.783908545] [sensing.lidar.concatenate_data]: transformed_raw_points[/sensing/lidar/left/pointcloud_before_sync] is nullptr, skipping pointcloud publish.
[autoware_mrm_handler_node-13] [WARN] [1785815829.783971427] [system.mrm_handler]: EMERGENCY_STOP is canceled.
[autoware_ndt_scan_matcher_node-24] [INFO] [1785815829.784501611] [localization.pose_estimator.ndt_scan_matcher]: Mismatch between pose timestamp and current timestamp
[component_container_mt-1] [WARN] [1785815829.883761842] [sensing.lidar.concatenate_data]: transformed_raw_points[/sensing/lidar/right/pointcloud_before_sync] is nullptr, skipping pointcloud publish.
[component_container_mt-1] [WARN] [1785815829.883802615] [sensing.lidar.concatenate_data]: transformed_raw_points[/sensing/lidar/left/pointcloud_before_sync] is nullptr, skipping pointcloud publish.
[autoware_ndt_scan_matcher_node-24] [INFO] [1785815829.884427412] [localization.pose_estimator.ndt_scan_matcher]: Mismatch between pose timestamp and current timestamp
[component_container_mt-1] [WARN] [1785815829.984124303] [sensing.lidar.concatenate_data]: transformed_raw_points[/sensing/lidar/right/pointcloud_before_sync] is nullptr, skipping pointcloud publish.
[component_container_mt-1] [WARN] [1785815829.984172932] [sensing.lidar.concatenate_data]: transformed_raw_points[/sensing/lidar/left/pointcloud_before_sync] is nullptr, skipping pointcloud publish.
[autoware_ndt_scan_matcher_node-24] [INFO] [1785815829.985570846] [localization.pose_estimator.ndt_scan_matcher]: Mismatch between pose timestamp and current timestamp
[component_container_mt-1] [WARN] [1785815830.084643154] [sensing.lidar.concatenate_data]: transformed_raw_points[/sensing/lidar/right/pointcloud_before_sync] is nullptr, skipping pointcloud publish.
[autoware_ndt_scan_matcher_node-24] [INFO] [1785815830.085268090] [localization.pose_estimator.ndt_scan_matcher]: Mismatch between pose timestamp and current timestamp
[component_container_mt-1] [WARN] [1785815830.085318614] [sensing.lidar.concatenate_data]: transformed_raw_points[/sensing/lidar/left/pointcloud_before_sync] is nullptr, skipping pointcloud publish.
[component_container-7] [WARN] [1785815830.134182259] [system.topic_state_monitor_traffic_light_recognition_traffic_signals]: /perception/traffic_light_recognition/traffic_signals topic is timeout. Set ERROR in diagnostics.
[component_container_mt-47] [INFO] [1785815830.184017885] [control.trajectory_follower.controller_node_exe]: Waiting for trajectory data
[component_container_mt-47] [INFO] [1785815830.184069414] [control.trajectory_follower.controller_node_exe]: Control is skipped since input data is not ready.
[component_container_mt-1] [WARN] [1785815830.184948337] [sensing.lidar.concatenate_data]: transformed_raw_points[/sensing/lidar/right/pointcloud_before_sync] is nullptr, skipping pointcloud publish.
[component_container_mt-1] [WARN] [1785815830.184986525] [sensing.lidar.concatenate_data]: transformed_raw_points[/sensing/lidar/left/pointcloud_before_sync] is nullptr, skipping pointcloud publish.
[autoware_ndt_scan_matcher_node-24] [INFO] [1785815830.185414728] [localization.pose_estimator.ndt_scan_matcher]: Mismatch between pose timestamp and current timestamp
[component_container_mt-1] [WARN] [1785815830.284091168] [sensing.lidar.concatenate_data]: transformed_raw_points[/sensing/lidar/right/pointcloud_before_sync] is nullptr, skipping pointcloud publish.
[component_container_mt-1] [WARN] [1785815830.284144580] [sensing.lidar.concatenate_data]: transformed_raw_points[/sensing/lidar/left/pointcloud_before_sync] is nullptr, skipping pointcloud publish.
[autoware_ndt_scan_matcher_node-24] [INFO] [1785815830.284642150] [localization.pose_estimator.ndt_scan_matcher]: Mismatch between pose timestamp and current timestamp
[component_container_mt-1] [WARN] [1785815830.383857472] [sensing.lidar.concatenate_data]: transformed_raw_points[/sensing/lidar/right/pointcloud_before_sync] is nullptr, skipping pointcloud publish.
[component_container_mt-1] [WARN] [1785815830.383916802] [sensing.lidar.concatenate_data]: transformed_raw_points[/sensing/lidar/left/pointcloud_before_sync] is nullptr, skipping pointcloud publish.
[autoware_ndt_scan_matcher_node-24] [INFO] [1785815830.384919548] [localization.pose_estimator.ndt_scan_matcher]: Mismatch between pose timestamp and current timestamp
[component_container-18] [WARN] [1785815830.389629829] [sensing.lidar.top.crop_box_filter_self]: Invalid PointCloud: is_dense is false. The point cloud should be organized (dense) and contain only valid points. This will be an ERROR starting in 2026 JulyFrame: 'velodyne_top', Stamp: 94.835702365
[component_container_mt-1] [WARN] [1785815830.484096580] [sensing.lidar.concatenate_data]: transformed_raw_points[/sensing/lidar/right/pointcloud_before_sync] is nullptr, skipping pointcloud publish.
[component_container_mt-1] [WARN] [1785815830.484145148] [sensing.lidar.concatenate_data]: transformed_raw_points[/sensing/lidar/left/pointcloud_before_sync] is nullptr, skipping pointcloud publish.
[autoware_ndt_scan_matcher_node-24] [INFO] [1785815830.484771886] [localization.pose_estimator.ndt_scan_matcher]: Mismatch between pose timestamp and current timestamp
[component_container_mt-1] [WARN] [1785815830.584444069] [sensing.lidar.concatenate_data]: transformed_raw_points[/sensing/lidar/right/pointcloud_before_sync] is nullptr, skipping pointcloud publish.
[component_container_mt-1] [WARN] [1785815830.584537541] [sensing.lidar.concatenate_data]: transformed_raw_points[/sensing/lidar/left/pointcloud_before_sync] is nullptr, skipping pointcloud publish.
[autoware_ndt_scan_matcher_node-24] [INFO] [1785815830.585038645] [localization.pose_estimator.ndt_scan_matcher]: Mismatch between pose timestamp and current timestamp
[autoware_mrm_handler_node-13] [INFO] [1785815830.684208042] [system.mrm_handler]: MRM State changed: NORMAL -> MRM_OPERATING
[component_container_mt-1] [WARN] [1785815830.684589271] [sensing.lidar.concatenate_data]: transformed_raw_points[/sensing/lidar/right/pointcloud_before_sync] is nullptr, skipping pointcloud publish.
[component_container_mt-1] [WARN] [1785815830.684624711] [sensing.lidar.concatenate_data]: transformed_raw_points[/sensing/lidar/left/pointcloud_before_sync] is nullptr, skipping pointcloud publish.
[autoware_ndt_scan_matcher_node-24] [INFO] [1785815830.685207663] [localization.pose_estimator.ndt_scan_matcher]: Mismatch between pose timestamp and current timestamp
[autoware_mrm_handler_node-13] [WARN] [1785815830.685234348] [system.mrm_handler]: EMERGENCY_STOP is operated.
[component_container-18] [WARN] [1785815830.690481990] [sensing.lidar.top.distortion_corrector_node]: Twist time_stamp is too late. Could not interpolate.
[component_container_mt-47] [WARN] [1785815830.735253323] [control.vehicle_cmd_gate]: Emergency!
[component_container_mt-48] [INFO] [1785815830.735400029] [control.control_validator]: waiting for /planning/trajectory
[logging_node-14] [WARN] [1785815830.783847055] [logging_diag_graph]: The target mode is not available for the following reasons:
[logging_node-14] - /autoware/modes/autonomous ERROR
[logging_node-14]     - /autoware/planning ERROR
[logging_node-14]         - /autoware/planning/routing/state ERROR
[logging_node-14]         - [anonymous group] ERROR
[logging_node-14]             - /autoware/planning/topic_rate_check/route ERROR
[logging_node-14]             - /autoware/planning/topic_rate_check/trajectory ERROR
[logging_node-14]     - /autoware/perception ERROR
[logging_node-14]         - /autoware/perception/topic_rate_check/objects ERROR
[logging_node-14]         - /autoware/perception/topic_rate_check/pointcloud ERROR
[logging_node-14]     - /autoware/control ERROR
[logging_node-14]         - /autoware/control/topic_rate_check/trajectory_follower ERROR
[logging_node-14]         - /autoware/control/topic_rate_check/control_command WARN 
[logging_node-14] 
[autoware_mrm_handler_node-13] [INFO] [1785815830.783913503] [system.mrm_handler]: MRM State changed: MRM_OPERATING -> NORMAL
[autoware_mrm_handler_node-13] [WARN] [1785815830.784284455] [system.mrm_handler]: EMERGENCY_STOP is canceled.
[component_container_mt-1] [WARN] [1785815830.784471568] [sensing.lidar.concatenate_data]: transformed_raw_points[/sensing/lidar/right/pointcloud_before_sync] is nullptr, skipping pointcloud publish.
[component_container_mt-1] [WARN] [1785815830.784506105] [sensing.lidar.concatenate_data]: transformed_raw_points[/sensing/lidar/left/pointcloud_before_sync] is nullptr, skipping pointcloud publish.
[autoware_ndt_scan_matcher_node-24] [INFO] [1785815830.785009022] [localization.pose_estimator.ndt_scan_matcher]: Mismatch between pose timestamp and current timestamp
[component_container_mt-1] [WARN] [1785815830.792067989] [localization.util.crop_box_filter_measurement_range]: Invalid PointCloud: row_step mismatch. Expected: 98336 (width 6146 * point_step 16), Got: 0. Frame: 'base_link', Stamp: 95.235702371 Please fill in the `cloud->row_step` field accordingly. This will be an ERROR starting in 2026 July
[component_container_mt-1] [WARN] [1785815830.883928322] [sensing.lidar.concatenate_data]: transformed_raw_points[/sensing/lidar/right/pointcloud_before_sync] is nullptr, skipping pointcloud publish.
[component_container_mt-1] [WARN] [1785815830.883978431] [sensing.lidar.concatenate_data]: transformed_raw_points[/sensing/lidar/left/pointcloud_before_sync] is nullptr, skipping pointcloud publish.
[autoware_ndt_scan_matcher_node-24] [INFO] [1785815830.884767544] [localization.pose_estimator.ndt_scan_matcher]: Mismatch between pose timestamp and current timestamp
[component_container_mt-40] [INFO] [1785815830.934317041] [planning.scenario_planning.lane_driving.behavior_planning.behavior_path_planner]: waiting for scenario_topic
[component_container_mt-1] [WARN] [1785815830.984351713] [sensing.lidar.concatenate_data]: transformed_raw_points[/sensing/lidar/right/pointcloud_before_sync] is nullptr, skipping pointcloud publish.
[component_container_mt-1] [WARN] [1785815830.984400330] [sensing.lidar.concatenate_data]: transformed_raw_points[/sensing/lidar/left/pointcloud_before_sync] is nullptr, skipping pointcloud publish.
[autoware_ndt_scan_matcher_node-24] [INFO] [1785815830.984952842] [localization.pose_estimator.ndt_scan_matcher]: Mismatch between pose timestamp and current timestamp
[component_container_mt-1] [WARN] [1785815831.083992835] [sensing.lidar.concatenate_data]: transformed_raw_points[/sensing/lidar/right/pointcloud_before_sync] is nullptr, skipping pointcloud publish.
[component_container_mt-1] [WARN] [1785815831.084042205] [sensing.lidar.concatenate_data]: transformed_raw_points[/sensing/lidar/left/pointcloud_before_sync] is nullptr, skipping pointcloud publish.
[autoware_ndt_scan_matcher_node-24] [INFO] [1785815831.084731809] [localization.pose_estimator.ndt_scan_matcher]: Mismatch between pose timestamp and current timestamp
[component_container-7] [INFO] [1785815831.084935471] [system.topic_state_monitor_mission_planning_route]: /planning/mission_planning/route has not received. Set ERROR in diagnostics.
[component_container_mt-47] [INFO] [1785815831.134123573] [control.vehicle_cmd_gate]: The operation mode is changed, but the GearCommand is not received yet:
[component_container_mt-1] [WARN] [1785815831.184262238] [sensing.lidar.concatenate_data]: transformed_raw_points[/sensing/lidar/right/pointcloud_before_sync] is nullptr, skipping pointcloud publish.
[component_container_mt-1] [WARN] [1785815831.184318536] [sensing.lidar.concatenate_data]: transformed_raw_points[/sensing/lidar/left/pointcloud_before_sync] is nullptr, skipping pointcloud publish.
[autoware_ndt_scan_matcher_node-24] [INFO] [1785815831.184815901] [localization.pose_estimator.ndt_scan_matcher]: Mismatch between pose timestamp and current timestamp
[component_container_mt-48] [INFO] [1785815831.284161300] [control.autonomous_emergency_braking]: [AEB] waiting for control predicted trajectory
[component_container_mt-1] [WARN] [1785815831.284168172] [sensing.lidar.concatenate_data]: transformed_raw_points[/sensing/lidar/right/pointcloud_before_sync] is nullptr, skipping pointcloud publish.
[component_container_mt-1] [WARN] [1785815831.284203432] [sensing.lidar.concatenate_data]: transformed_raw_points[/sensing/lidar/left/pointcloud_before_sync] is nullptr, skipping pointcloud publish.
[autoware_ndt_scan_matcher_node-24] [INFO] [1785815831.284854797] [localization.pose_estimator.ndt_scan_matcher]: Mismatch between pose timestamp and current timestamp
[component_container_mt-1] [WARN] [1785815831.383903417] [sensing.lidar.concatenate_data]: transformed_raw_points[/sensing/lidar/right/pointcloud_before_sync] is nullptr, skipping pointcloud publish.
[component_container_mt-1] [WARN] [1785815831.383953236] [sensing.lidar.concatenate_data]: transformed_raw_points[/sensing/lidar/left/pointcloud_before_sync] is nullptr, skipping pointcloud publish.
[autoware_ndt_scan_matcher_node-24] [INFO] [1785815831.384875291] [localization.pose_estimator.ndt_scan_matcher]: Mismatch between pose timestamp and current timestamp
[component_container_mt-1] [WARN] [1785815831.484766318] [sensing.lidar.concatenate_data]: transformed_raw_points[/sensing/lidar/right/pointcloud_before_sync] is nullptr, skipping pointcloud publish.
[component_container_mt-1] [WARN] [1785815831.484808622] [sensing.lidar.concatenate_data]: transformed_raw_points[/sensing/lidar/left/pointcloud_before_sync] is nullptr, skipping pointcloud publish.
[autoware_ndt_scan_matcher_node-24] [INFO] [1785815831.485282330] [localization.pose_estimator.ndt_scan_matcher]: Mismatch between pose timestamp and current timestamp
[component_container_mt-1] [WARN] [1785815831.584007768] [sensing.lidar.concatenate_data]: transformed_raw_points[/sensing/lidar/right/pointcloud_before_sync] is nullptr, skipping pointcloud publish.
[component_container_mt-1] [WARN] [1785815831.584054724] [sensing.lidar.concatenate_data]: transformed_raw_points[/sensing/lidar/left/pointcloud_before_sync] is nullptr, skipping pointcloud publish.
[autoware_mrm_handler_node-13] [INFO] [1785815831.584663743] [system.mrm_handler]: MRM State changed: NORMAL -> MRM_OPERATING
[autoware_ndt_scan_matcher_node-24] [INFO] [1785815831.584673645] [localization.pose_estimator.ndt_scan_matcher]: Mismatch between pose timestamp and current timestamp
[autoware_mrm_handler_node-13] [WARN] [1785815831.584817964] [system.mrm_handler]: EMERGENCY_STOP is operated.
[autoware_mrm_handler_node-13] [INFO] [1785815831.683424570] [system.mrm_handler]: MRM State changed: MRM_OPERATING -> MRM_SUCCEEDED
[component_container_mt-1] [WARN] [1785815831.683519792] [sensing.lidar.concatenate_data]: transformed_raw_points[/sensing/lidar/right/pointcloud_before_sync] is nullptr, skipping pointcloud publish.
[component_container_mt-1] [WARN] [1785815831.683557948] [sensing.lidar.concatenate_data]: transformed_raw_points[/sensing/lidar/left/pointcloud_before_sync] is nullptr, skipping pointcloud publish.
[autoware_ndt_scan_matcher_node-24] [INFO] [1785815831.684036659] [localization.pose_estimator.ndt_scan_matcher]: Mismatch between pose timestamp and current timestamp
[component_container_mt-47] [WARN] [1785815831.734493630] [control.vehicle_cmd_gate]: Emergency!
[component_container_mt-1] [WARN] [1785815831.783740580] [sensing.lidar.concatenate_data]: transformed_raw_points[/sensing/lidar/right/pointcloud_before_sync] is nullptr, skipping pointcloud publish.
[component_container_mt-1] [WARN] [1785815831.783793906] [sensing.lidar.concatenate_data]: transformed_raw_points[/sensing/lidar/left/pointcloud_before_sync] is nullptr, skipping pointcloud publish.
[autoware_mrm_handler_node-13] [INFO] [1785815831.784190393] [system.mrm_handler]: MRM State changed: MRM_SUCCEEDED -> NORMAL
[autoware_ndt_scan_matcher_node-24] [INFO] [1785815831.784365929] [localization.pose_estimator.ndt_scan_matcher]: Mismatch between pose timestamp and current timestamp
[autoware_mrm_handler_node-13] [WARN] [1785815831.785248923] [system.mrm_handler]: EMERGENCY_STOP is canceled.
[component_container_mt-1] [WARN] [1785815831.884158896] [sensing.lidar.concatenate_data]: transformed_raw_points[/sensing/lidar/right/pointcloud_before_sync] is nullptr, skipping pointcloud publish.
[component_container_mt-1] [WARN] [1785815831.884204062] [sensing.lidar.concatenate_data]: transformed_raw_points[/sensing/lidar/left/pointcloud_before_sync] is nullptr, skipping pointcloud publish.
[autoware_ndt_scan_matcher_node-24] [INFO] [1785815831.884774997] [localization.pose_estimator.ndt_scan_matcher]: Mismatch between pose timestamp and current timestamp
[component_container_mt-1] [WARN] [1785815831.984120573] [sensing.lidar.concatenate_data]: transformed_raw_points[/sensing/lidar/right/pointcloud_before_sync] is nullptr, skipping pointcloud publish.
[component_container_mt-1] [WARN] [1785815831.984171863] [sensing.lidar.concatenate_data]: transformed_raw_points[/sensing/lidar/left/pointcloud_before_sync] is nullptr, skipping pointcloud publish.
[autoware_ndt_scan_matcher_node-24] [INFO] [1785815831.984855580] [localization.pose_estimator.ndt_scan_matcher]: Mismatch between pose timestamp and current timestamp
[component_container_mt-1] [WARN] [1785815832.084122040] [sensing.lidar.concatenate_data]: transformed_raw_points[/sensing/lidar/right/pointcloud_before_sync] is nullptr, skipping pointcloud publish.
[component_container_mt-1] [WARN] [1785815832.084165761] [sensing.lidar.concatenate_data]: transformed_raw_points[/sensing/lidar/left/pointcloud_before_sync] is nullptr, skipping pointcloud publish.
[autoware_ndt_scan_matcher_node-24] [INFO] [1785815832.084811112] [localization.pose_estimator.ndt_scan_matcher]: Mismatch between pose timestamp and current timestamp
[component_container_mt-1] [WARN] [1785815832.184530420] [sensing.lidar.concatenate_data]: transformed_raw_points[/sensing/lidar/right/pointcloud_before_sync] is nullptr, skipping pointcloud publish.
[component_container_mt-1] [WARN] [1785815832.184583768] [sensing.lidar.concatenate_data]: transformed_raw_points[/sensing/lidar/left/pointcloud_before_sync] is nullptr, skipping pointcloud publish.
[autoware_ndt_scan_matcher_node-24] [INFO] [1785815832.185585377] [localization.pose_estimator.ndt_scan_matcher]: Mismatch between pose timestamp and current timestamp
[component_container_mt-1] [WARN] [1785815832.283907076] [sensing.lidar.concatenate_data]: transformed_raw_points[/sensing/lidar/right/pointcloud_before_sync] is nullptr, skipping pointcloud publish.
[component_container_mt-1] [WARN] [1785815832.283960269] [sensing.lidar.concatenate_data]: transformed_raw_points[/sensing/lidar/left/pointcloud_before_sync] is nullptr, skipping pointcloud publish.
[autoware_ndt_scan_matcher_node-24] [INFO] [1785815832.284841943] [localization.pose_estimator.ndt_scan_matcher]: Mismatch between pose timestamp and current timestamp
[component_container_mt-1] [WARN] [1785815832.384062868] [sensing.lidar.concatenate_data]: transformed_raw_points[/sensing/lidar/right/pointcloud_before_sync] is nullptr, skipping pointcloud publish.
[component_container_mt-1] [WARN] [1785815832.384111042] [sensing.lidar.concatenate_data]: transformed_raw_points[/sensing/lidar/left/pointcloud_before_sync] is nullptr, skipping pointcloud publish.
[autoware_ndt_scan_matcher_node-24] [INFO] [1785815832.384778959] [localization.pose_estimator.ndt_scan_matcher]: Mismatch between pose timestamp and current timestamp
[component_container_mt-1] [WARN] [1785815832.483581400] [sensing.lidar.concatenate_data]: transformed_raw_points[/sensing/lidar/right/pointcloud_before_sync] is nullptr, skipping pointcloud publish.
[component_container_mt-1] [WARN] [1785815832.483634223] [sensing.lidar.concatenate_data]: transformed_raw_points[/sensing/lidar/left/pointcloud_before_sync] is nullptr, skipping pointcloud publish.
[autoware_ndt_scan_matcher_node-24] [INFO] [1785815832.484852426] [localization.pose_estimator.ndt_scan_matcher]: Mismatch between pose timestamp and current timestamp
[component_container_mt-1] [WARN] [1785815832.584221149] [sensing.lidar.concatenate_data]: transformed_raw_points[/sensing/lidar/right/pointcloud_before_sync] is nullptr, skipping pointcloud publish.
[component_container_mt-1] [WARN] [1785815832.584269528] [sensing.lidar.concatenate_data]: transformed_raw_points[/sensing/lidar/left/pointcloud_before_sync] is nullptr, skipping pointcloud publish.
[autoware_ndt_scan_matcher_node-24] [INFO] [1785815832.584956044] [localization.pose_estimator.ndt_scan_matcher]: Mismatch between pose timestamp and current timestamp
[component_container_mt-48] [INFO] [1785815832.633801962] [control.trajectory_follower.lane_departure_checker_node]: waiting for route msg...
[component_container_mt-1] [WARN] [1785815832.684240346] [sensing.lidar.concatenate_data]: transformed_raw_points[/sensing/lidar/right/pointcloud_before_sync] is nullptr, skipping pointcloud publish.
[component_container_mt-1] [WARN] [1785815832.684288872] [sensing.lidar.concatenate_data]: transformed_raw_points[/sensing/lidar/left/pointcloud_before_sync] is nullptr, skipping pointcloud publish.
[autoware_scenario_selector_node-36] [INFO] [1785815832.684340183] [planning.scenario_planning.scenario_selector]: Waiting for route.
[autoware_mrm_handler_node-13] [INFO] [1785815832.684461727] [system.mrm_handler]: MRM State changed: NORMAL -> MRM_OPERATING
[autoware_mrm_handler_node-13] [WARN] [1785815832.684620371] [system.mrm_handler]: EMERGENCY_STOP is operated.
[autoware_ndt_scan_matcher_node-24] [INFO] [1785815832.684952164] [localization.pose_estimator.ndt_scan_matcher]: Mismatch between pose timestamp and current timestamp
[component_container-18] [WARN] [1785815832.690414368] [sensing.lidar.top.distortion_corrector_node]: IMU time_stamp is too late. Could not interpolate.
[component_container_mt-47] [WARN] [1785815832.734289567] [control.vehicle_cmd_gate]: Emergency!
[autoware_mrm_handler_node-13] [INFO] [1785815832.783400761] [system.mrm_handler]: MRM State changed: MRM_OPERATING -> NORMAL
[component_container_mt-1] [WARN] [1785815832.783402712] [sensing.lidar.concatenate_data]: transformed_raw_points[/sensing/lidar/right/pointcloud_before_sync] is nullptr, skipping pointcloud publish.
[component_container_mt-1] [WARN] [1785815832.783453458] [sensing.lidar.concatenate_data]: transformed_raw_points[/sensing/lidar/left/pointcloud_before_sync] is nullptr, skipping pointcloud publish.
[autoware_mrm_handler_node-13] [WARN] [1785815832.784112689] [system.mrm_handler]: EMERGENCY_STOP is canceled.
[autoware_ndt_scan_matcher_node-24] [INFO] [1785815832.785093205] [localization.pose_estimator.ndt_scan_matcher]: Mismatch between pose timestamp and current timestamp
[component_container_mt-1] [WARN] [1785815832.883875470] [sensing.lidar.concatenate_data]: transformed_raw_points[/sensing/lidar/right/pointcloud_before_sync] is nullptr, skipping pointcloud publish.
[component_container_mt-1] [WARN] [1785815832.883923564] [sensing.lidar.concatenate_data]: transformed_raw_points[/sensing/lidar/left/pointcloud_before_sync] is nullptr, skipping pointcloud publish.
[autoware_ndt_scan_matcher_node-24] [INFO] [1785815832.884753193] [localization.pose_estimator.ndt_scan_matcher]: Mismatch between pose timestamp and current timestamp
[component_container_mt-1] [WARN] [1785815832.984217704] [sensing.lidar.concatenate_data]: transformed_raw_points[/sensing/lidar/right/pointcloud_before_sync] is nullptr, skipping pointcloud publish.
[component_container_mt-1] [WARN] [1785815832.984264455] [sensing.lidar.concatenate_data]: transformed_raw_points[/sensing/lidar/left/pointcloud_before_sync] is nullptr, skipping pointcloud publish.
[autoware_ndt_scan_matcher_node-24] [INFO] [1785815832.984874967] [localization.pose_estimator.ndt_scan_matcher]: Mismatch between pose timestamp and current timestamp
[component_container_mt-1] [WARN] [1785815833.083804496] [sensing.lidar.concatenate_data]: transformed_raw_points[/sensing/lidar/right/pointcloud_before_sync] is nullptr, skipping pointcloud publish.
[component_container_mt-1] [WARN] [1785815833.083856825] [sensing.lidar.concatenate_data]: transformed_raw_points[/sensing/lidar/left/pointcloud_before_sync] is nullptr, skipping pointcloud publish.
[autoware_ndt_scan_matcher_node-24] [INFO] [1785815833.084790638] [localization.pose_estimator.ndt_scan_matcher]: Mismatch between pose timestamp and current timestamp
[component_container-7] [WARN] [1785815833.134496739] [system.topic_state_monitor_obstacle_segmentation_pointcloud]: /perception/obstacle_segmentation/pointcloud topic is timeout. Set ERROR in diagnostics.
[component_container_mt-1] [WARN] [1785815833.184766469] [sensing.lidar.concatenate_data]: transformed_raw_points[/sensing/lidar/right/pointcloud_before_sync] is nullptr, skipping pointcloud publish.
[component_container_mt-1] [WARN] [1785815833.184815958] [sensing.lidar.concatenate_data]: transformed_raw_points[/sensing/lidar/left/pointcloud_before_sync] is nullptr, skipping pointcloud publish.
[autoware_ndt_scan_matcher_node-24] [INFO] [1785815833.185296685] [localization.pose_estimator.ndt_scan_matcher]: Mismatch between pose timestamp and current timestamp
[component_container_mt-1] [WARN] [1785815833.284149714] [sensing.lidar.concatenate_data]: transformed_raw_points[/sensing/lidar/right/pointcloud_before_sync] is nullptr, skipping pointcloud publish.
[component_container_mt-1] [WARN] [1785815833.284196133] [sensing.lidar.concatenate_data]: transformed_raw_points[/sensing/lidar/left/pointcloud_before_sync] is nullptr, skipping pointcloud publish.
[autoware_ndt_scan_matcher_node-24] [INFO] [1785815833.284817997] [localization.pose_estimator.ndt_scan_matcher]: Mismatch between pose timestamp and current timestamp
[component_container_mt-1] [WARN] [1785815833.384150182] [sensing.lidar.concatenate_data]: transformed_raw_points[/sensing/lidar/right/pointcloud_before_sync] is nullptr, skipping pointcloud publish.
[component_container_mt-1] [WARN] [1785815833.384196949] [sensing.lidar.concatenate_data]: transformed_raw_points[/sensing/lidar/left/pointcloud_before_sync] is nullptr, skipping pointcloud publish.
[autoware_ndt_scan_matcher_node-24] [INFO] [1785815833.384610877] [localization.pose_estimator.ndt_scan_matcher]: Mismatch between pose timestamp and current timestamp
[component_container_mt-1] [WARN] [1785815833.485338904] [sensing.lidar.concatenate_data]: transformed_raw_points[/sensing/lidar/right/pointcloud_before_sync] is nullptr, skipping pointcloud publish.
[component_container_mt-1] [WARN] [1785815833.485386085] [sensing.lidar.concatenate_data]: transformed_raw_points[/sensing/lidar/left/pointcloud_before_sync] is nullptr, skipping pointcloud publish.
[autoware_ndt_scan_matcher_node-24] [INFO] [1785815833.485824923] [localization.pose_estimator.ndt_scan_matcher]: Mismatch between pose timestamp and current timestamp
[component_container_mt-1] [WARN] [1785815833.584034142] [sensing.lidar.concatenate_data]: transformed_raw_points[/sensing/lidar/right/pointcloud_before_sync] is nullptr, skipping pointcloud publish.
[component_container_mt-1] [WARN] [1785815833.584087219] [sensing.lidar.concatenate_data]: transformed_raw_points[/sensing/lidar/left/pointcloud_before_sync] is nullptr, skipping pointcloud publish.
[autoware_ndt_scan_matcher_node-24] [INFO] [1785815833.584756307] [localization.pose_estimator.ndt_scan_matcher]: Mismatch between pose timestamp and current timestamp
[autoware_mrm_handler_node-13] [INFO] [1785815833.684398576] [system.mrm_handler]: MRM State changed: NORMAL -> MRM_OPERATING
[component_container_mt-1] [WARN] [1785815833.685032283] [sensing.lidar.concatenate_data]: transformed_raw_points[/sensing/lidar/right/pointcloud_before_sync] is nullptr, skipping pointcloud publish.
[component_container_mt-1] [WARN] [1785815833.685067396] [sensing.lidar.concatenate_data]: transformed_raw_points[/sensing/lidar/left/pointcloud_before_sync] is nullptr, skipping pointcloud publish.
[autoware_mrm_handler_node-13] [WARN] [1785815833.685273866] [system.mrm_handler]: EMERGENCY_STOP is operated.
[autoware_ndt_scan_matcher_node-24] [INFO] [1785815833.685536254] [localization.pose_estimator.ndt_scan_matcher]: Mismatch between pose timestamp and current timestamp
[component_container_mt-47] [WARN] [1785815833.734764183] [control.vehicle_cmd_gate]: Emergency!
[autoware_mrm_handler_node-13] [INFO] [1785815833.784131483] [system.mrm_handler]: MRM State changed: MRM_OPERATING -> NORMAL
[component_container_mt-1] [WARN] [1785815833.784309668] [sensing.lidar.concatenate_data]: transformed_raw_points[/sensing/lidar/right/pointcloud_before_sync] is nullptr, skipping pointcloud publish.
[component_container_mt-1] [WARN] [1785815833.784345765] [sensing.lidar.concatenate_data]: transformed_raw_points[/sensing/lidar/left/pointcloud_before_sync] is nullptr, skipping pointcloud publish.
[logging_node-14] [WARN] [1785815833.784391614] [logging_diag_graph]: The target mode is not available for the following reasons:
[logging_node-14] - /autoware/modes/autonomous ERROR
[logging_node-14]     - /autoware/planning ERROR
[logging_node-14]         - /autoware/planning/routing/state ERROR
[logging_node-14]         - [anonymous group] ERROR
[logging_node-14]             - /autoware/planning/topic_rate_check/route ERROR
[logging_node-14]             - /autoware/planning/topic_rate_check/trajectory ERROR
[logging_node-14]     - /autoware/perception ERROR
[logging_node-14]         - /autoware/perception/topic_rate_check/objects ERROR
[logging_node-14]         - /autoware/perception/topic_rate_check/pointcloud ERROR
[logging_node-14]     - /autoware/control ERROR
[logging_node-14]         - /autoware/control/topic_rate_check/trajectory_follower ERROR
[logging_node-14]         - /autoware/control/topic_rate_check/control_command WARN 
[logging_node-14] 
[autoware_ndt_scan_matcher_node-24] [INFO] [1785815833.784807178] [localization.pose_estimator.ndt_scan_matcher]: Mismatch between pose timestamp and current timestamp
[autoware_mrm_handler_node-13] [WARN] [1785815833.784866631] [system.mrm_handler]: EMERGENCY_STOP is canceled.
[component_container_mt-1] [WARN] [1785815833.883935159] [sensing.lidar.concatenate_data]: transformed_raw_points[/sensing/lidar/right/pointcloud_before_sync] is nullptr, skipping pointcloud publish.
[component_container_mt-1] [WARN] [1785815833.883986540] [sensing.lidar.concatenate_data]: transformed_raw_points[/sensing/lidar/left/pointcloud_before_sync] is nullptr, skipping pointcloud publish.
[autoware_ndt_scan_matcher_node-24] [INFO] [1785815833.884489235] [localization.pose_estimator.ndt_scan_matcher]: Mismatch between pose timestamp and current timestamp
[component_container_mt-1] [WARN] [1785815833.984349372] [sensing.lidar.concatenate_data]: transformed_raw_points[/sensing/lidar/right/pointcloud_before_sync] is nullptr, skipping pointcloud publish.
[component_container_mt-1] [WARN] [1785815833.984397617] [sensing.lidar.concatenate_data]: transformed_raw_points[/sensing/lidar/left/pointcloud_before_sync] is nullptr, skipping pointcloud publish.
[autoware_ndt_scan_matcher_node-24] [INFO] [1785815833.984973291] [localization.pose_estimator.ndt_scan_matcher]: Mismatch between pose timestamp and current timestamp
[component_container-7] [INFO] [1785815834.083853983] [system.topic_state_monitor_mission_planning_route]: /planning/mission_planning/route has not received. Set ERROR in diagnostics.
[component_container_mt-1] [WARN] [1785815834.084086232] [sensing.lidar.concatenate_data]: transformed_raw_points[/sensing/lidar/right/pointcloud_before_sync] is nullptr, skipping pointcloud publish.
[component_container_mt-1] [WARN] [1785815834.084123749] [sensing.lidar.concatenate_data]: transformed_raw_points[/sensing/lidar/left/pointcloud_before_sync] is nullptr, skipping pointcloud publish.
[autoware_ndt_scan_matcher_node-24] [INFO] [1785815834.084716062] [localization.pose_estimator.ndt_scan_matcher]: Mismatch between pose timestamp and current timestamp
[component_container_mt-1] [WARN] [1785815834.184111534] [sensing.lidar.concatenate_data]: transformed_raw_points[/sensing/lidar/right/pointcloud_before_sync] is nullptr, skipping pointcloud publish.
[component_container_mt-1] [WARN] [1785815834.184160582] [sensing.lidar.concatenate_data]: transformed_raw_points[/sensing/lidar/left/pointcloud_before_sync] is nullptr, skipping pointcloud publish.
[autoware_ndt_scan_matcher_node-24] [INFO] [1785815834.184854878] [localization.pose_estimator.ndt_scan_matcher]: Mismatch between pose timestamp and current timestamp
[component_container_mt-1] [WARN] [1785815834.284719291] [sensing.lidar.concatenate_data]: transformed_raw_points[/sensing/lidar/right/pointcloud_before_sync] is nullptr, skipping pointcloud publish.
[component_container_mt-1] [WARN] [1785815834.284764366] [sensing.lidar.concatenate_data]: transformed_raw_points[/sensing/lidar/left/pointcloud_before_sync] is nullptr, skipping pointcloud publish.
[autoware_ndt_scan_matcher_node-24] [INFO] [1785815834.285323586] [localization.pose_estimator.ndt_scan_matcher]: Mismatch between pose timestamp and current timestamp
[component_container_mt-1] [WARN] [1785815834.384329881] [sensing.lidar.concatenate_data]: transformed_raw_points[/sensing/lidar/right/pointcloud_before_sync] is nullptr, skipping pointcloud publish.
[component_container_mt-1] [WARN] [1785815834.384375694] [sensing.lidar.concatenate_data]: transformed_raw_points[/sensing/lidar/left/pointcloud_before_sync] is nullptr, skipping pointcloud publish.
[gyro_bias_estimator_node-22] [ERROR] [1785815834.385918087] [sensing.imu.gyro_bias_scale_validator]: DT_pose is zero
[component_container_mt-1] [WARN] [1785815834.483654851] [sensing.lidar.concatenate_data]: transformed_raw_points[/sensing/lidar/right/pointcloud_before_sync] is nullptr, skipping pointcloud publish.
[component_container_mt-1] [WARN] [1785815834.483704757] [sensing.lidar.concatenate_data]: transformed_raw_points[/sensing/lidar/left/pointcloud_before_sync] is nullptr, skipping pointcloud publish.
[component_container_mt-1] [WARN] [1785815834.583647280] [sensing.lidar.concatenate_data]: transformed_raw_points[/sensing/lidar/right/pointcloud_before_sync] is nullptr, skipping pointcloud publish.
[component_container_mt-1] [WARN] [1785815834.583706261] [sensing.lidar.concatenate_data]: transformed_raw_points[/sensing/lidar/left/pointcloud_before_sync] is nullptr, skipping pointcloud publish.
[autoware_mrm_handler_node-13] [INFO] [1785815834.683577247] [system.mrm_handler]: MRM State changed: NORMAL -> MRM_OPERATING
[component_container_mt-1] [WARN] [1785815834.683616256] [sensing.lidar.concatenate_data]: transformed_raw_points[/sensing/lidar/right/pointcloud_before_sync] is nullptr, skipping pointcloud publish.
[component_container_mt-1] [WARN] [1785815834.683656316] [sensing.lidar.concatenate_data]: transformed_raw_points[/sensing/lidar/left/pointcloud_before_sync] is nullptr, skipping pointcloud publish.
[autoware_mrm_handler_node-13] [WARN] [1785815834.683771754] [system.mrm_handler]: EMERGENCY_STOP is operated.
[component_container_mt-47] [WARN] [1785815834.734376634] [control.vehicle_cmd_gate]: Emergency!
[autoware_mrm_handler_node-13] [INFO] [1785815834.783595066] [system.mrm_handler]: MRM State changed: MRM_OPERATING -> NORMAL
[autoware_mrm_handler_node-13] [WARN] [1785815834.784228916] [system.mrm_handler]: EMERGENCY_STOP is canceled.
[component_container_mt-1] [WARN] [1785815834.784254656] [sensing.lidar.concatenate_data]: transformed_raw_points[/sensing/lidar/right/pointcloud_before_sync] is nullptr, skipping pointcloud publish.
[component_container_mt-1] [WARN] [1785815834.784288820] [sensing.lidar.concatenate_data]: transformed_raw_points[/sensing/lidar/left/pointcloud_before_sync] is nullptr, skipping pointcloud publish.
[component_container_mt-1] [WARN] [1785815834.883614564] [sensing.lidar.concatenate_data]: transformed_raw_points[/sensing/lidar/right/pointcloud_before_sync] is nullptr, skipping pointcloud publish.
[component_container_mt-1] [WARN] [1785815834.883671887] [sensing.lidar.concatenate_data]: transformed_raw_points[/sensing/lidar/left/pointcloud_before_sync] is nullptr, skipping pointcloud publish.
[component_container_mt-1] [WARN] [1785815834.984102243] [sensing.lidar.concatenate_data]: transformed_raw_points[/sensing/lidar/right/pointcloud_before_sync] is nullptr, skipping pointcloud publish.
[component_container_mt-1] [WARN] [1785815834.984155148] [sensing.lidar.concatenate_data]: transformed_raw_points[/sensing/lidar/left/pointcloud_before_sync] is nullptr, skipping pointcloud publish.
[component_container_mt-1] [WARN] [1785815835.083841194] [sensing.lidar.concatenate_data]: transformed_raw_points[/sensing/lidar/right/pointcloud_before_sync] is nullptr, skipping pointcloud publish.
[component_container_mt-1] [WARN] [1785815835.083897045] [sensing.lidar.concatenate_data]: transformed_raw_points[/sensing/lidar/left/pointcloud_before_sync] is nullptr, skipping pointcloud publish.
[component_container_mt-1] [WARN] [1785815835.183800310] [sensing.lidar.concatenate_data]: transformed_raw_points[/sensing/lidar/right/pointcloud_before_sync] is nullptr, skipping pointcloud publish.
[component_container_mt-1] [WARN] [1785815835.183855703] [sensing.lidar.concatenate_data]: transformed_raw_points[/sensing/lidar/left/pointcloud_before_sync] is nullptr, skipping pointcloud publish.
[component_container_mt-47] [INFO] [1785815835.183981103] [control.trajectory_follower.controller_node_exe]: Waiting for trajectory data
[component_container_mt-47] [INFO] [1785815835.184044075] [control.trajectory_follower.controller_node_exe]: Control is skipped since input data is not ready.
[component_container_mt-1] [WARN] [1785815835.284027891] [sensing.lidar.concatenate_data]: transformed_raw_points[/sensing/lidar/right/pointcloud_before_sync] is nullptr, skipping pointcloud publish.
[component_container_mt-1] [WARN] [1785815835.284084544] [sensing.lidar.concatenate_data]: transformed_raw_points[/sensing/lidar/left/pointcloud_before_sync] is nullptr, skipping pointcloud publish.
[component_container_mt-1] [WARN] [1785815835.384250653] [sensing.lidar.concatenate_data]: transformed_raw_points[/sensing/lidar/right/pointcloud_before_sync] is nullptr, skipping pointcloud publish.
[component_container_mt-1] [WARN] [1785815835.384298016] [sensing.lidar.concatenate_data]: transformed_raw_points[/sensing/lidar/left/pointcloud_before_sync] is nullptr, skipping pointcloud publish.
[component_container-18] [WARN] [1785815835.390771678] [sensing.lidar.top.crop_box_filter_self]: Invalid PointCloud: is_dense is false. The point cloud should be organized (dense) and contain only valid points. This will be an ERROR starting in 2026 JulyFrame: 'velodyne_top', Stamp: 99.835702440
[component_container_mt-1] [WARN] [1785815835.484528983] [sensing.lidar.concatenate_data]: transformed_raw_points[/sensing/lidar/right/pointcloud_before_sync] is nullptr, skipping pointcloud publish.
[component_container_mt-1] [WARN] [1785815835.484571427] [sensing.lidar.concatenate_data]: transformed_raw_points[/sensing/lidar/left/pointcloud_before_sync] is nullptr, skipping pointcloud publish.
[component_container_mt-1] [WARN] [1785815835.584209236] [sensing.lidar.concatenate_data]: transformed_raw_points[/sensing/lidar/right/pointcloud_before_sync] is nullptr, skipping pointcloud publish.
[component_container_mt-1] [WARN] [1785815835.584254015] [sensing.lidar.concatenate_data]: transformed_raw_points[/sensing/lidar/left/pointcloud_before_sync] is nullptr, skipping pointcloud publish.
[component_container_mt-1] [WARN] [1785815835.684178470] [sensing.lidar.concatenate_data]: transformed_raw_points[/sensing/lidar/right/pointcloud_before_sync] is nullptr, skipping pointcloud publish.
[component_container_mt-1] [WARN] [1785815835.684246484] [sensing.lidar.concatenate_data]: transformed_raw_points[/sensing/lidar/left/pointcloud_before_sync] is nullptr, skipping pointcloud publish.
[autoware_mrm_handler_node-13] [INFO] [1785815835.684212038] [system.mrm_handler]: MRM State changed: NORMAL -> MRM_OPERATING
[autoware_mrm_handler_node-13] [WARN] [1785815835.684577637] [system.mrm_handler]: EMERGENCY_STOP is operated.
[component_container_mt-47] [WARN] [1785815835.734520179] [control.vehicle_cmd_gate]: Emergency!
[component_container_mt-48] [INFO] [1785815835.734679729] [control.control_validator]: waiting for /planning/trajectory
[autoware_mrm_handler_node-13] [INFO] [1785815835.783919610] [system.mrm_handler]: MRM State changed: MRM_OPERATING -> NORMAL
[component_container_mt-1] [WARN] [1785815835.784092982] [sensing.lidar.concatenate_data]: transformed_raw_points[/sensing/lidar/right/pointcloud_before_sync] is nullptr, skipping pointcloud publish.
[component_container_mt-1] [WARN] [1785815835.784127913] [sensing.lidar.concatenate_data]: transformed_raw_points[/sensing/lidar/left/pointcloud_before_sync] is nullptr, skipping pointcloud publish.
[autoware_mrm_handler_node-13] [WARN] [1785815835.784314909] [system.mrm_handler]: EMERGENCY_STOP is canceled.
[component_container_mt-1] [WARN] [1785815835.883603147] [sensing.lidar.concatenate_data]: transformed_raw_points[/sensing/lidar/right/pointcloud_before_sync] is nullptr, skipping pointcloud publish.
[component_container_mt-1] [WARN] [1785815835.883677055] [sensing.lidar.concatenate_data]: transformed_raw_points[/sensing/lidar/left/pointcloud_before_sync] is nullptr, skipping pointcloud publish.
[component_container_mt-40] [INFO] [1785815835.933586884] [planning.scenario_planning.lane_driving.behavior_planning.behavior_path_planner]: waiting for scenario_topic
[component_container_mt-1] [WARN] [1785815835.984538291] [sensing.lidar.concatenate_data]: transformed_raw_points[/sensing/lidar/right/pointcloud_before_sync] is nullptr, skipping pointcloud publish.
[component_container_mt-1] [WARN] [1785815835.984580200] [sensing.lidar.concatenate_data]: transformed_raw_points[/sensing/lidar/left/pointcloud_before_sync] is nullptr, skipping pointcloud publish.
[component_container_mt-1] [WARN] [1785815836.084069695] [sensing.lidar.concatenate_data]: transformed_raw_points[/sensing/lidar/right/pointcloud_before_sync] is nullptr, skipping pointcloud publish.
[component_container_mt-1] [WARN] [1785815836.084116208] [sensing.lidar.concatenate_data]: transformed_raw_points[/sensing/lidar/left/pointcloud_before_sync] is nullptr, skipping pointcloud publish.
[component_container_mt-47] [INFO] [1785815836.134516274] [control.vehicle_cmd_gate]: The operation mode is changed, but the GearCommand is not received yet:
[component_container-7] [WARN] [1785815836.134582300] [system.topic_state_monitor_traffic_light_recognition_traffic_signals]: /perception/traffic_light_recognition/traffic_signals topic is timeout. Set ERROR in diagnostics.
[component_container_mt-1] [WARN] [1785815836.184596548] [sensing.lidar.concatenate_data]: transformed_raw_points[/sensing/lidar/right/pointcloud_before_sync] is nullptr, skipping pointcloud publish.
[component_container_mt-1] [WARN] [1785815836.184645769] [sensing.lidar.concatenate_data]: transformed_raw_points[/sensing/lidar/left/pointcloud_before_sync] is nullptr, skipping pointcloud publish.
[component_container_mt-48] [INFO] [1785815836.283525331] [control.autonomous_emergency_braking]: [AEB] waiting for control predicted trajectory
[component_container_mt-1] [WARN] [1785815836.284165884] [sensing.lidar.concatenate_data]: transformed_raw_points[/sensing/lidar/right/pointcloud_before_sync] is nullptr, skipping pointcloud publish.
[component_container_mt-1] [WARN] [1785815836.284199564] [sensing.lidar.concatenate_data]: transformed_raw_points[/sensing/lidar/left/pointcloud_before_sync] is nullptr, skipping pointcloud publish.
[component_container_mt-1] [WARN] [1785815836.383995447] [sensing.lidar.concatenate_data]: transformed_raw_points[/sensing/lidar/right/pointcloud_before_sync] is nullptr, skipping pointcloud publish.
[component_container_mt-1] [WARN] [1785815836.384047865] [sensing.lidar.concatenate_data]: transformed_raw_points[/sensing/lidar/left/pointcloud_before_sync] is nullptr, skipping pointcloud publish.
[component_container_mt-1] [WARN] [1785815836.484385733] [sensing.lidar.concatenate_data]: transformed_raw_points[/sensing/lidar/right/pointcloud_before_sync] is nullptr, skipping pointcloud publish.
[component_container_mt-1] [WARN] [1785815836.484435896] [sensing.lidar.concatenate_data]: transformed_raw_points[/sensing/lidar/left/pointcloud_before_sync] is nullptr, skipping pointcloud publish.
[component_container_mt-1] [WARN] [1785815836.584450596] [sensing.lidar.concatenate_data]: transformed_raw_points[/sensing/lidar/right/pointcloud_before_sync] is nullptr, skipping pointcloud publish.
[component_container_mt-1] [WARN] [1785815836.584502386] [sensing.lidar.concatenate_data]: transformed_raw_points[/sensing/lidar/left/pointcloud_before_sync] is nullptr, skipping pointcloud publish.
[component_container_mt-1] [WARN] [1785815836.683834325] [sensing.lidar.concatenate_data]: transformed_raw_points[/sensing/lidar/right/pointcloud_before_sync] is nullptr, skipping pointcloud publish.
[component_container_mt-1] [WARN] [1785815836.683886401] [sensing.lidar.concatenate_data]: transformed_raw_points[/sensing/lidar/left/pointcloud_before_sync] is nullptr, skipping pointcloud publish.
[autoware_mrm_handler_node-13] [INFO] [1785815836.684062154] [system.mrm_handler]: MRM State changed: NORMAL -> MRM_OPERATING
[autoware_mrm_handler_node-13] [WARN] [1785815836.684539860] [system.mrm_handler]: EMERGENCY_STOP is operated.
[component_container_mt-47] [WARN] [1785815836.734648375] [control.vehicle_cmd_gate]: Emergency!
[autoware_mrm_handler_node-13] [INFO] [1785815836.783964961] [system.mrm_handler]: MRM State changed: MRM_OPERATING -> NORMAL
[component_container_mt-1] [WARN] [1785815836.784135813] [sensing.lidar.concatenate_data]: transformed_raw_points[/sensing/lidar/right/pointcloud_before_sync] is nullptr, skipping pointcloud publish.
[component_container_mt-1] [WARN] [1785815836.784172850] [sensing.lidar.concatenate_data]: transformed_raw_points[/sensing/lidar/left/pointcloud_before_sync] is nullptr, skipping pointcloud publish.
[logging_node-14] [WARN] [1785815836.784723538] [logging_diag_graph]: The target mode is not available for the following reasons:
[logging_node-14] - /autoware/modes/autonomous ERROR
[logging_node-14]     - /autoware/planning ERROR
[logging_node-14]         - /autoware/planning/routing/state ERROR
[logging_node-14]         - [anonymous group] ERROR
[logging_node-14]             - /autoware/planning/topic_rate_check/route ERROR
[logging_node-14]             - /autoware/planning/topic_rate_check/trajectory ERROR
[logging_node-14]     - /autoware/perception ERROR
[logging_node-14]         - /autoware/perception/topic_rate_check/objects ERROR
[logging_node-14]         - /autoware/perception/topic_rate_check/pointcloud ERROR
[logging_node-14]     - /autoware/control ERROR
[logging_node-14]         - /autoware/control/topic_rate_check/trajectory_follower ERROR
[logging_node-14]         - /autoware/control/topic_rate_check/control_command WARN 
[logging_node-14] 
[autoware_mrm_handler_node-13] [WARN] [1785815836.785333735] [system.mrm_handler]: EMERGENCY_STOP is canceled.
[component_container_mt-1] [WARN] [1785815836.884175331] [sensing.lidar.concatenate_data]: transformed_raw_points[/sensing/lidar/right/pointcloud_before_sync] is nullptr, skipping pointcloud publish.
[component_container_mt-1] [WARN] [1785815836.884221628] [sensing.lidar.concatenate_data]: transformed_raw_points[/sensing/lidar/left/pointcloud_before_sync] is nullptr, skipping pointcloud publish.
[component_container_mt-1] [WARN] [1785815836.984764855] [sensing.lidar.concatenate_data]: transformed_raw_points[/sensing/lidar/right/pointcloud_before_sync] is nullptr, skipping pointcloud publish.
[component_container_mt-1] [WARN] [1785815836.984806290] [sensing.lidar.concatenate_data]: transformed_raw_points[/sensing/lidar/left/pointcloud_before_sync] is nullptr, skipping pointcloud publish.
[component_container_mt-1] [WARN] [1785815837.084070380] [sensing.lidar.concatenate_data]: transformed_raw_points[/sensing/lidar/right/pointcloud_before_sync] is nullptr, skipping pointcloud publish.
[component_container_mt-1] [WARN] [1785815837.084117649] [sensing.lidar.concatenate_data]: transformed_raw_points[/sensing/lidar/left/pointcloud_before_sync] is nullptr, skipping pointcloud publish.
[component_container-7] [INFO] [1785815837.084311549] [system.topic_state_monitor_mission_planning_route]: /planning/mission_planning/route has not received. Set ERROR in diagnostics.
[component_container_mt-1] [WARN] [1785815837.184382548] [sensing.lidar.concatenate_data]: transformed_raw_points[/sensing/lidar/right/pointcloud_before_sync] is nullptr, skipping pointcloud publish.
[component_container_mt-1] [WARN] [1785815837.184422297] [sensing.lidar.concatenate_data]: transformed_raw_points[/sensing/lidar/left/pointcloud_before_sync] is nullptr, skipping pointcloud publish.
[component_container_mt-1] [WARN] [1785815837.283962820] [sensing.lidar.concatenate_data]: transformed_raw_points[/sensing/lidar/right/pointcloud_before_sync] is nullptr, skipping pointcloud publish.
[component_container_mt-1] [WARN] [1785815837.284013960] [sensing.lidar.concatenate_data]: transformed_raw_points[/sensing/lidar/left/pointcloud_before_sync] is nullptr, skipping pointcloud publish.
[component_container_mt-1] [WARN] [1785815837.384312304] [sensing.lidar.concatenate_data]: transformed_raw_points[/sensing/lidar/right/pointcloud_before_sync] is nullptr, skipping pointcloud publish.
[component_container_mt-1] [WARN] [1785815837.384353914] [sensing.lidar.concatenate_data]: transformed_raw_points[/sensing/lidar/left/pointcloud_before_sync] is nullptr, skipping pointcloud publish.
[component_container_mt-1] [WARN] [1785815837.484419382] [sensing.lidar.concatenate_data]: transformed_raw_points[/sensing/lidar/right/pointcloud_before_sync] is nullptr, skipping pointcloud publish.
[component_container_mt-1] [WARN] [1785815837.484461900] [sensing.lidar.concatenate_data]: transformed_raw_points[/sensing/lidar/left/pointcloud_before_sync] is nullptr, skipping pointcloud publish.
[component_container_mt-1] [WARN] [1785815837.583589144] [sensing.lidar.concatenate_data]: transformed_raw_points[/sensing/lidar/right/pointcloud_before_sync] is nullptr, skipping pointcloud publish.
[component_container_mt-1] [WARN] [1785815837.583635822] [sensing.lidar.concatenate_data]: transformed_raw_points[/sensing/lidar/left/pointcloud_before_sync] is nullptr, skipping pointcloud publish.
[component_container_mt-48] [INFO] [1785815837.633283171] [control.trajectory_follower.lane_departure_checker_node]: waiting for route msg...
[autoware_scenario_selector_node-36] [INFO] [1785815837.683173144] [planning.scenario_planning.scenario_selector]: Waiting for route.
[component_container_mt-1] [WARN] [1785815837.683431969] [sensing.lidar.concatenate_data]: transformed_raw_points[/sensing/lidar/right/pointcloud_before_sync] is nullptr, skipping pointcloud publish.
[component_container_mt-1] [WARN] [1785815837.683528627] [sensing.lidar.concatenate_data]: transformed_raw_points[/sensing/lidar/left/pointcloud_before_sync] is nullptr, skipping pointcloud publish.
[autoware_mrm_handler_node-13] [INFO] [1785815837.683576611] [system.mrm_handler]: MRM State changed: NORMAL -> MRM_OPERATING
[autoware_mrm_handler_node-13] [WARN] [1785815837.683888149] [system.mrm_handler]: EMERGENCY_STOP is operated.
[component_container_mt-47] [WARN] [1785815837.733950571] [control.vehicle_cmd_gate]: Emergency!
[autoware_mrm_handler_node-13] [INFO] [1785815837.783735099] [system.mrm_handler]: MRM State changed: MRM_OPERATING -> NORMAL
[autoware_mrm_handler_node-13] [WARN] [1785815837.784364845] [system.mrm_handler]: EMERGENCY_STOP is canceled.
[component_container_mt-1] [WARN] [1785815837.784516119] [sensing.lidar.concatenate_data]: transformed_raw_points[/sensing/lidar/right/pointcloud_before_sync] is nullptr, skipping pointcloud publish.
[component_container_mt-1] [WARN] [1785815837.784551171] [sensing.lidar.concatenate_data]: transformed_raw_points[/sensing/lidar/left/pointcloud_before_sync] is nullptr, skipping pointcloud publish.
[component_container_mt-1] [WARN] [1785815837.883992709] [sensing.lidar.concatenate_data]: transformed_raw_points[/sensing/lidar/right/pointcloud_before_sync] is nullptr, skipping pointcloud publish.
[component_container_mt-1] [WARN] [1785815837.884040021] [sensing.lidar.concatenate_data]: transformed_raw_points[/sensing/lidar/left/pointcloud_before_sync] is nullptr, skipping pointcloud publish.
[component_container_mt-1] [WARN] [1785815837.983703975] [sensing.lidar.concatenate_data]: transformed_raw_points[/sensing/lidar/right/pointcloud_before_sync] is nullptr, skipping pointcloud publish.
[component_container_mt-1] [WARN] [1785815837.983755988] [sensing.lidar.concatenate_data]: transformed_raw_points[/sensing/lidar/left/pointcloud_before_sync] is nullptr, skipping pointcloud publish.
[component_container_mt-1] [WARN] [1785815838.084209821] [sensing.lidar.concatenate_data]: transformed_raw_points[/sensing/lidar/right/pointcloud_before_sync] is nullptr, skipping pointcloud publish.
[component_container_mt-1] [WARN] [1785815838.084255845] [sensing.lidar.concatenate_data]: transformed_raw_points[/sensing/lidar/left/pointcloud_before_sync] is nullptr, skipping pointcloud publish.
[component_container_mt-1] [WARN] [1785815838.183769091] [sensing.lidar.concatenate_data]: transformed_raw_points[/sensing/lidar/right/pointcloud_before_sync] is nullptr, skipping pointcloud publish.
[component_container_mt-1] [WARN] [1785815838.183818448] [sensing.lidar.concatenate_data]: transformed_raw_points[/sensing/lidar/left/pointcloud_before_sync] is nullptr, skipping pointcloud publish.
[component_container_mt-1] [WARN] [1785815838.284278651] [sensing.lidar.concatenate_data]: transformed_raw_points[/sensing/lidar/right/pointcloud_before_sync] is nullptr, skipping pointcloud publish.
[component_container_mt-1] [WARN] [1785815838.284324307] [sensing.lidar.concatenate_data]: transformed_raw_points[/sensing/lidar/left/pointcloud_before_sync] is nullptr, skipping pointcloud publish.
[component_container_mt-1] [WARN] [1785815838.384888058] [sensing.lidar.concatenate_data]: transformed_raw_points[/sensing/lidar/right/pointcloud_before_sync] is nullptr, skipping pointcloud publish.
[component_container_mt-1] [WARN] [1785815838.384949961] [sensing.lidar.concatenate_data]: transformed_raw_points[/sensing/lidar/left/pointcloud_before_sync] is nullptr, skipping pointcloud publish.
[component_container_mt-1] [WARN] [1785815838.484604022] [sensing.lidar.concatenate_data]: transformed_raw_points[/sensing/lidar/right/pointcloud_before_sync] is nullptr, skipping pointcloud publish.
[component_container_mt-1] [WARN] [1785815838.484651632] [sensing.lidar.concatenate_data]: transformed_raw_points[/sensing/lidar/left/pointcloud_before_sync] is nullptr, skipping pointcloud publish.
[component_container_mt-1] [WARN] [1785815838.583805921] [sensing.lidar.concatenate_data]: transformed_raw_points[/sensing/lidar/right/pointcloud_before_sync] is nullptr, skipping pointcloud publish.
[component_container_mt-1] [WARN] [1785815838.583862602] [sensing.lidar.concatenate_data]: transformed_raw_points[/sensing/lidar/left/pointcloud_before_sync] is nullptr, skipping pointcloud publish.
[autoware_mrm_handler_node-13] [INFO] [1785815838.684089003] [system.mrm_handler]: MRM State changed: NORMAL -> MRM_OPERATING
[component_container_mt-1] [WARN] [1785815838.684096931] [sensing.lidar.concatenate_data]: transformed_raw_points[/sensing/lidar/right/pointcloud_before_sync] is nullptr, skipping pointcloud publish.
[component_container_mt-1] [WARN] [1785815838.684135046] [sensing.lidar.concatenate_data]: transformed_raw_points[/sensing/lidar/left/pointcloud_before_sync] is nullptr, skipping pointcloud publish.
[autoware_mrm_handler_node-13] [WARN] [1785815838.684238724] [system.mrm_handler]: EMERGENCY_STOP is operated.
[component_container_mt-47] [WARN] [1785815838.734654903] [control.vehicle_cmd_gate]: Emergency!
[component_container_mt-1] [WARN] [1785815838.783863676] [sensing.lidar.concatenate_data]: transformed_raw_points[/sensing/lidar/right/pointcloud_before_sync] is nullptr, skipping pointcloud publish.
[component_container_mt-1] [WARN] [1785815838.783916522] [sensing.lidar.concatenate_data]: transformed_raw_points[/sensing/lidar/left/pointcloud_before_sync] is nullptr, skipping pointcloud publish.
[autoware_mrm_handler_node-13] [INFO] [1785815838.784000125] [system.mrm_handler]: MRM State changed: MRM_OPERATING -> NORMAL
[autoware_mrm_handler_node-13] [WARN] [1785815838.784144341] [system.mrm_handler]: EMERGENCY_STOP is canceled.
[component_container_mt-1] [WARN] [1785815838.884019315] [sensing.lidar.concatenate_data]: transformed_raw_points[/sensing/lidar/right/pointcloud_before_sync] is nullptr, skipping pointcloud publish.
[component_container_mt-1] [WARN] [1785815838.884059637] [sensing.lidar.concatenate_data]: transformed_raw_points[/sensing/lidar/left/pointcloud_before_sync] is nullptr, skipping pointcloud publish.
[component_container_mt-1] [WARN] [1785815838.984409015] [sensing.lidar.concatenate_data]: transformed_raw_points[/sensing/lidar/right/pointcloud_before_sync] is nullptr, skipping pointcloud publish.
[component_container_mt-1] [WARN] [1785815838.984451654] [sensing.lidar.concatenate_data]: transformed_raw_points[/sensing/lidar/left/pointcloud_before_sync] is nullptr, skipping pointcloud publish.
[component_container_mt-1] [WARN] [1785815839.084133326] [sensing.lidar.concatenate_data]: transformed_raw_points[/sensing/lidar/right/pointcloud_before_sync] is nullptr, skipping pointcloud publish.
[component_container_mt-1] [WARN] [1785815839.084183226] [sensing.lidar.concatenate_data]: transformed_raw_points[/sensing/lidar/left/pointcloud_before_sync] is nullptr, skipping pointcloud publish.
[component_container-7] [WARN] [1785815839.133880256] [system.topic_state_monitor_obstacle_segmentation_pointcloud]: /perception/obstacle_segmentation/pointcloud topic is timeout. Set ERROR in diagnostics.
[component_container_mt-1] [WARN] [1785815839.183867049] [sensing.lidar.concatenate_data]: transformed_raw_points[/sensing/lidar/right/pointcloud_before_sync] is nullptr, skipping pointcloud publish.
[component_container_mt-1] [WARN] [1785815839.183918656] [sensing.lidar.concatenate_data]: transformed_raw_points[/sensing/lidar/left/pointcloud_before_sync] is nullptr, skipping pointcloud publish.
[component_container_mt-1] [WARN] [1785815839.284074518] [sensing.lidar.concatenate_data]: transformed_raw_points[/sensing/lidar/right/pointcloud_before_sync] is nullptr, skipping pointcloud publish.
[component_container_mt-1] [WARN] [1785815839.284164771] [sensing.lidar.concatenate_data]: transformed_raw_points[/sensing/lidar/left/pointcloud_before_sync] is nullptr, skipping pointcloud publish.
[component_container_mt-1] [INFO] [1785815839.324264797] [rclcpp]: signal_handler(SIGINT/SIGTERM)
[robot_state_publisher-2] [INFO] [1785815839.324287646] [rclcpp]: signal_handler(SIGINT/SIGTERM)
[initial_pose_adaptor_node-51] [INFO] [1785815839.324284108] [rclcpp]: signal_handler(SIGINT/SIGTERM)
[processing_time_checker_node-4] [INFO] [1785815839.324285398] [rclcpp]: signal_handler(SIGINT/SIGTERM)
[component_container_mt-48] [INFO] [1785815839.324359938] [rclcpp]: signal_handler(SIGINT/SIGTERM)
[autoware_hazard_lights_selector_node-39] [INFO] [1785815839.324347322] [rclcpp]: signal_handler(SIGINT/SIGTERM)
[component_container_mt-15] [INFO] [1785815839.324365445] [rclcpp]: signal_handler(SIGINT/SIGTERM)
[autoware_duplicated_node_checker_node-3] [INFO] [1785815839.324372174] [rclcpp]: signal_handler(SIGINT/SIGTERM)
[component_container_mt-43] [INFO] [1785815839.324389420] [rclcpp]: signal_handler(SIGINT/SIGTERM)
[component_container-19] [INFO] [1785815839.324387656] [rclcpp]: signal_handler(SIGINT/SIGTERM)
[control_evaluator-49] [INFO] [1785815839.324392764] [rclcpp]: signal_handler(SIGINT/SIGTERM)
[component_container_mt-47] [INFO] [1785815839.324385701] [rclcpp]: signal_handler(SIGINT/SIGTERM)
[service_log_checker_node-6] [INFO] [1785815839.324398755] [rclcpp]: signal_handler(SIGINT/SIGTERM)
[routing_adaptor_node-52] [INFO] [1785815839.324402420] [rclcpp]: signal_handler(SIGINT/SIGTERM)
[component_container-8] [INFO] [1785815839.324417279] [rclcpp]: signal_handler(SIGINT/SIGTERM)
[gyro_bias_estimator_node-22] [INFO] [1785815839.324442876] [rclcpp]: signal_handler(SIGINT/SIGTERM)
[logging_node-14] [INFO] [1785815839.324460718] [rclcpp]: signal_handler(SIGINT/SIGTERM)
[autoware_vehicle_velocity_converter_node-23] [INFO] [1785815839.324468577] [rclcpp]: signal_handler(SIGINT/SIGTERM)
[component_container-38] [INFO] [1785815839.324652875] [rclcpp]: signal_handler(SIGINT/SIGTERM)
[planning_evaluator-44] [INFO] [1785815839.324660842] [rclcpp]: signal_handler(SIGINT/SIGTERM)
[autoware_hazard_status_converter_node-12] [INFO] [1785815839.324679381] [rclcpp]: signal_handler(SIGINT/SIGTERM)
[component_container-9] [INFO] [1785815839.324686200] [rclcpp]: signal_handler(SIGINT/SIGTERM)
[aggregator_node-10] [INFO] [1785815839.324679497] [rclcpp]: signal_handler(SIGINT/SIGTERM)
[component_container_mt-41] [INFO] [1785815839.324410236] [rclcpp]: signal_handler(SIGINT/SIGTERM)
[component_container_mt-42] [INFO] [1785815839.324368705] [rclcpp]: signal_handler(SIGINT/SIGTERM)
[component_container_mt-50] [INFO] [1785815839.325051852] [rclcpp]: signal_handler(SIGINT/SIGTERM)
[autoware_mrm_handler_node-13] [INFO] [1785815839.325071305] [rclcpp]: signal_handler(SIGINT/SIGTERM)
[autoware_ndt_scan_matcher_node-24] [INFO] [1785815839.325173412] [rclcpp]: signal_handler(SIGINT/SIGTERM)
[autoware_automatic_pose_initializer_node-27] [INFO] [1785815839.325194763] [rclcpp]: signal_handler(SIGINT/SIGTERM)
[component_container_mt-40] [INFO] [1785815839.325218542] [rclcpp]: signal_handler(SIGINT/SIGTERM)
[autoware_manual_lane_change_handler_node-33] [INFO] [1785815839.325312174] [rclcpp]: signal_handler(SIGINT/SIGTERM)
[converter_node-11] [INFO] [1785815839.325314568] [rclcpp]: signal_handler(SIGINT/SIGTERM)
[autoware_scenario_selector_node-36] [INFO] [1785815839.325364190] [rclcpp]: signal_handler(SIGINT/SIGTERM)
[autoware_ekf_localizer_node-28] [INFO] [1785815839.325522757] [rclcpp]: signal_handler(SIGINT/SIGTERM)
[component_container_mt-34] [INFO] [1785815839.325617487] [rclcpp]: signal_handler(SIGINT/SIGTERM)
[imu_corrector_node-21] [INFO] [1785815839.325977554] [rclcpp]: signal_handler(SIGINT/SIGTERM)
[goal_pose_visualizer-35] [INFO] [1785815839.326198786] [rclcpp]: signal_handler(SIGINT/SIGTERM)
[relay-46] [INFO] [1785815839.326382245] [rclcpp]: signal_handler(SIGINT/SIGTERM)
[component_container-20] [INFO] [1785815839.326576734] [rclcpp]: signal_handler(SIGINT/SIGTERM)
[autoware_remaining_distance_time_calculator_node-45] [INFO] [1785815839.326578210] [rclcpp]: signal_handler(SIGINT/SIGTERM)
[INFO] [goal_pose_visualizer-35]: process has finished cleanly [pid 939]
[autoware_map_projection_loader_node-17] [INFO] [1785815839.327823704] [rclcpp]: signal_handler(SIGINT/SIGTERM)
[autoware_twist2accel_node-30] [INFO] [1785815839.327901324] [rclcpp]: signal_handler(SIGINT/SIGTERM)
[autoware_gyro_odometer_node-25] [INFO] [1785815839.327874571] [rclcpp]: signal_handler(SIGINT/SIGTERM)
[component_container-7] [INFO] [1785815839.327966657] [rclcpp]: signal_handler(SIGINT/SIGTERM)
[map_hash_generator-16] Traceback (most recent call last):
[map_hash_generator-16]   File "/opt/autoware/lib/autoware_map_loader/map_hash_generator", line 109, in <module>
[map_hash_generator-16]     main()
[map_hash_generator-16]   File "/opt/autoware/lib/autoware_map_loader/map_hash_generator", line 103, in main
[map_hash_generator-16]     rclpy.spin(node)
[map_hash_generator-16]   File "/opt/ros/humble/local/lib/python3.10/dist-packages/rclpy/__init__.py", line 229, in spin
[map_hash_generator-16]     executor.spin_once()
[map_hash_generator-16]   File "/opt/ros/humble/local/lib/python3.10/dist-packages/rclpy/executors.py", line 808, in spin_once
[map_hash_generator-16]     self._spin_once_impl(timeout_sec)
[map_hash_generator-16]   File "/opt/ros/humble/local/lib/python3.10/dist-packages/rclpy/executors.py", line 797, in _spin_once_impl
[map_hash_generator-16]     handler, entity, node = self.wait_for_ready_callbacks(timeout_sec=timeout_sec)
[map_hash_generator-16]   File "/opt/ros/humble/local/lib/python3.10/dist-packages/rclpy/executors.py", line 780, in wait_for_ready_callbacks
[map_hash_generator-16]     return next(self._cb_iter)
[map_hash_generator-16]   File "/opt/ros/humble/local/lib/python3.10/dist-packages/rclpy/executors.py", line 681, in _wait_for_ready_callbacks
[map_hash_generator-16]     raise ExternalShutdownException()
[map_hash_generator-16] rclpy.executors.ExternalShutdownException
[autoware_stop_filter_node-29] [INFO] [1785815839.328188212] [rclcpp]: signal_handler(SIGINT/SIGTERM)
[autoware_localization_error_monitor_node-32] [INFO] [1785815839.328748302] [rclcpp]: signal_handler(SIGINT/SIGTERM)
[autoware_pose_initializer_node-26] [INFO] [1785815839.329372652] [rclcpp]: signal_handler(SIGINT/SIGTERM)
[autoware_pipeline_latency_monitor_node-5] [INFO] [1785815839.329600255] [rclcpp]: signal_handler(SIGINT/SIGTERM)
[autoware_pose_instability_detector_node-31] [INFO] [1785815839.329646000] [rclcpp]: signal_handler(SIGINT/SIGTERM)
[external_velocity_limit_selector-37] [INFO] [1785815839.330133306] [rclcpp]: signal_handler(SIGINT/SIGTERM)
[component_container-18] [INFO] [1785815839.331237716] [rclcpp]: signal_handler(SIGINT/SIGTERM)
[INFO] [external_velocity_limit_selector-37]: process has finished cleanly [pid 987]
[INFO] [autoware_hazard_lights_selector_node-39]: process has finished cleanly [pid 1017]
[INFO] [robot_state_publisher-2]: process has finished cleanly [pid 497]
[INFO] [relay-46]: process has finished cleanly [pid 1075]
[INFO] [autoware_manual_lane_change_handler_node-33]: process has finished cleanly [pid 906]
[INFO] [logging_node-14]: process has finished cleanly [pid 533]
[INFO] [autoware_hazard_status_converter_node-12]: process has finished cleanly [pid 517]
[INFO] [service_log_checker_node-6]: process has finished cleanly [pid 505]
[INFO] [autoware_duplicated_node_checker_node-3]: process has finished cleanly [pid 499]
[INFO] [autoware_remaining_distance_time_calculator_node-45]: process has finished cleanly [pid 1062]
[INFO] [routing_adaptor_node-52]: process has finished cleanly [pid 1211]
[INFO] [converter_node-11]: process has finished cleanly [pid 515]
[ERROR] [map_hash_generator-16]: process has died [pid 757, exit code 1, cmd '/opt/autoware/lib/autoware_map_loader/map_hash_generator --ros-args -r __node:=map_hash_generator -r __ns:=/map -p use_sim_time:=True -p wheel_radius:=0.383 -p wheel_width:=0.235 -p wheel_base:=2.79 -p wheel_tread:=1.64 -p front_overhang:=1.0 -p rear_overhang:=1.1 -p left_overhang:=0.128 -p right_overhang:=0.128 -p vehicle_height:=2.5 -p max_steer_angle:=0.7 -p use_sim_time:=True -p use_sim_time:=True --params-file /tmp/launch_params_zlzecohn --params-file /tmp/launch_params_kytt1ois'].
[INFO] [autoware_map_projection_loader_node-17]: process has finished cleanly [pid 759]
[INFO] [autoware_automatic_pose_initializer_node-27]: process has finished cleanly [pid 836]
[component_container_mt-34] *** Aborted at 1785815839 (unix time) try "date -d @1785815839" if you are using GNU date ***
[component_container_mt-34] PC: @                0x0 (unknown)
[component_container_mt-34] *** SIGSEGV (@0x751c044a1de0) received by PID 915 (TID 0x751c256f5f40) from PID 71966176; stack trace: ***
[component_container_mt-34]     @     0x751c0426e4d6 google::(anonymous namespace)::FailureSignalHandler()
[component_container_mt-34]     @     0x751c259f6520 (unknown)
[component_container_mt-34]     @     0x751c25f39b31 rclcpp::CallbackGroup::~CallbackGroup()
[component_container_mt-34]     @     0x751c25f34d3a (unknown)
[component_container_mt-34]     @     0x751c25f63001 rclcpp::node_interfaces::NodeBase::~NodeBase()
[INFO] [autoware_pipeline_latency_monitor_node-5]: process has finished cleanly [pid 503]
[component_container_mt-34]     @     0x751c25f630ba (unknown)
[INFO] [processing_time_checker_node-4]: process has finished cleanly [pid 501]
[component_container_mt-34]     @     0x751c25f34d3a (unknown)
[component_container_mt-34]     @     0x751c25f59b2f rclcpp::Node::~Node()
[component_container_mt-34]     @     0x751c2607010a (unknown)
[component_container_mt-34]     @     0x751c260706a8 rclcpp_components::ComponentManager::~ComponentManager()
[component_container_mt-34]     @     0x5a16999a5bf4 (unknown)
[component_container_mt-34]     @     0x5a16999a56b9 (unknown)
[component_container_mt-34]     @     0x751c259ddd90 (unknown)
[component_container_mt-34]     @     0x751c259dde40 __libc_start_main
[component_container_mt-34]     @     0x5a16999a5975 (unknown)
[INFO] [autoware_twist2accel_node-30]: process has finished cleanly [pid 884]
[INFO] [imu_corrector_node-21]: process has finished cleanly [pid 772]
[INFO] [aggregator_node-10]: process has finished cleanly [pid 513]
[INFO] [autoware_stop_filter_node-29]: process has finished cleanly [pid 861]
[INFO] [autoware_pose_initializer_node-26]: process has finished cleanly [pid 833]
[INFO] [component_container-38]: process has finished cleanly [pid 1015]
[INFO] [autoware_vehicle_velocity_converter_node-23]: process has finished cleanly [pid 794]
[INFO] [component_container-9]: process has finished cleanly [pid 511]
[INFO] [autoware_pose_instability_detector_node-31]: process has finished cleanly [pid 888]
[INFO] [autoware_mrm_handler_node-13]: process has finished cleanly [pid 519]
[INFO] [control_evaluator-49]: process has finished cleanly [pid 1131]
[INFO] [gyro_bias_estimator_node-22]: process has finished cleanly [pid 792]
[INFO] [initial_pose_adaptor_node-51]: process has finished cleanly [pid 1179]
[INFO] [autoware_localization_error_monitor_node-32]: process has finished cleanly [pid 902]
[component_container_mt-40] Warning: class_loader.ClassLoader: SEVERE WARNING!!! Attempting to unload library while objects created by this loader exist in the heap! You should delete your objects before attempting to unload the library or destroying the ClassLoader. The library will NOT be unloaded.
[component_container_mt-40]          at line 127 in ./src/class_loader.cpp
[component_container_mt-40] Warning: class_loader.ClassLoader: SEVERE WARNING!!! Attempting to unload library while objects created by this loader exist in the heap! You should delete your objects before attempting to unload the library or destroying the ClassLoader. The library will NOT be unloaded.
[component_container_mt-40]          at line 127 in ./src/class_loader.cpp
[component_container_mt-40] Warning: class_loader.ClassLoader: SEVERE WARNING!!! Attempting to unload library while objects created by this loader exist in the heap! You should delete your objects before attempting to unload the library or destroying the ClassLoader. The library will NOT be unloaded.
[component_container_mt-40]          at line 127 in ./src/class_loader.cpp
[component_container_mt-40] Warning: class_loader.ClassLoader: SEVERE WARNING!!! Attempting to unload library while objects created by this loader exist in the heap! You should delete your objects before attempting to unload the library or destroying the ClassLoader. The library will NOT be unloaded.
[component_container_mt-40]          at line 127 in ./src/class_loader.cpp
[component_container_mt-40] Warning: class_loader.ClassLoader: SEVERE WARNING!!! Attempting to unload library while objects created by this loader exist in the heap! You should delete your objects before attempting to unload the library or destroying the ClassLoader. The library will NOT be unloaded.
[component_container_mt-40]          at line 127 in ./src/class_loader.cpp
[component_container_mt-40] Warning: class_loader.ClassLoader: SEVERE WARNING!!! Attempting to unload library while objects created by this loader exist in the heap! You should delete your objects before attempting to unload the library or destroying the ClassLoader. The library will NOT be unloaded.
[component_container_mt-40]          at line 127 in ./src/class_loader.cpp
[component_container_mt-40] Warning: class_loader.ClassLoader: SEVERE WARNING!!! Attempting to unload library while objects created by this loader exist in the heap! You should delete your objects before attempting to unload the library or destroying the ClassLoader. The library will NOT be unloaded.
[component_container_mt-40]          at line 127 in ./src/class_loader.cpp
[INFO] [autoware_gyro_odometer_node-25]: process has finished cleanly [pid 808]
[INFO] [component_container-8]: process has finished cleanly [pid 509]
[INFO] [autoware_scenario_selector_node-36]: process has finished cleanly [pid 963]
[ERROR] [component_container_mt-34]: process has died [pid 915, exit code -11, cmd '/opt/ros/humble/lib/rclcpp_components/component_container_mt --ros-args -r __node:=mission_planner_container -r __ns:=/planning/mission_planning -p use_sim_time:=True -p wheel_radius:=0.383 -p wheel_width:=0.235 -p wheel_base:=2.79 -p wheel_tread:=1.64 -p front_overhang:=1.0 -p rear_overhang:=1.1 -p left_overhang:=0.128 -p right_overhang:=0.128 -p vehicle_height:=2.5 -p max_steer_angle:=0.7 -p use_sim_time:=True -p use_sim_time:=True -p use_sim_time:=True -p wheel_radius:=0.383 -p wheel_width:=0.235 -p wheel_base:=2.79 -p wheel_tread:=1.64 -p front_overhang:=1.0 -p rear_overhang:=1.1 -p left_overhang:=0.128 -p right_overhang:=0.128 -p vehicle_height:=2.5 -p max_steer_angle:=0.7 -p use_sim_time:=True -p wheel_radius:=0.383 -p wheel_width:=0.235 -p wheel_base:=2.79 -p wheel_tread:=1.64 -p front_overhang:=1.0 -p rear_overhang:=1.1 -p left_overhang:=0.128 -p right_overhang:=0.128 -p vehicle_height:=2.5 -p max_steer_angle:=0.7 -p use_sim_time:=True -p wheel_radius:=0.383 -p wheel_width:=0.235 -p wheel_base:=2.79 -p wheel_tread:=1.64 -p front_overhang:=1.0 -p rear_overhang:=1.1 -p left_overhang:=0.128 -p right_overhang:=0.128 -p vehicle_height:=2.5 -p max_steer_angle:=0.7'].
[ERROR] [component_container_mt-1]: process has died [pid 495, exit code -11, cmd '/opt/ros/humble/lib/rclcpp_components/component_container_mt --ros-args -r __node:=pointcloud_container -r __ns:=/ -p use_sim_time:=True -p wheel_radius:=0.383 -p wheel_width:=0.235 -p wheel_base:=2.79 -p wheel_tread:=1.64 -p front_overhang:=1.0 -p rear_overhang:=1.1 -p left_overhang:=0.128 -p right_overhang:=0.128 -p vehicle_height:=2.5 -p max_steer_angle:=0.7'].
[component_container_mt-41] *** Aborted at 1785815839 (unix time) try "date -d @1785815839" if you are using GNU date ***
[component_container_mt-41] PC: @                0x0 (unknown)
[component_container_mt-41] *** SIGSEGV (@0x79d0f7efc5e8) received by PID 1051 (TID 0x79d18d11bf40) from PID 18446744073574270440; stack trace: ***
[component_container_mt-41]     @     0x79d0ec51b4d6 google::(anonymous namespace)::FailureSignalHandler()
[component_container_mt-41]     @     0x79d18d41c520 (unknown)
[component_container_mt-41]     @     0x79d18d95fb31 rclcpp::CallbackGroup::~CallbackGroup()
[component_container_mt-41]     @     0x79d18d95ad3a (unknown)
[component_container_mt-41]     @     0x79d18d989001 rclcpp::node_interfaces::NodeBase::~NodeBase()
[component_container_mt-41]     @     0x79d18d9890ba (unknown)
[component_container_mt-41]     @     0x79d18d95ad3a (unknown)
[component_container_mt-41]     @     0x79d18d97fb2f rclcpp::Node::~Node()
[component_container_mt-41]     @     0x79d18da9610a (unknown)
[component_container_mt-41]     @     0x79d18da966a8 rclcpp_components::ComponentManager::~ComponentManager()
[component_container_mt-41]     @     0x5dfd89d41bf4 (unknown)
[component_container_mt-41]     @     0x5dfd89d416b9 (unknown)
[component_container_mt-41]     @     0x79d18d403d90 (unknown)
[component_container_mt-41]     @     0x79d18d403e40 __libc_start_main
[component_container_mt-41]     @     0x5dfd89d41975 (unknown)
[ERROR] [component_container_mt-41]: process has died [pid 1051, exit code -11, cmd '/opt/ros/humble/lib/rclcpp_components/component_container_mt --ros-args -r __node:=motion_planning_container -r __ns:=/planning/scenario_planning/lane_driving/motion_planning -p use_sim_time:=True -p wheel_radius:=0.383 -p wheel_width:=0.235 -p wheel_base:=2.79 -p wheel_tread:=1.64 -p front_overhang:=1.0 -p rear_overhang:=1.1 -p left_overhang:=0.128 -p right_overhang:=0.128 -p vehicle_height:=2.5 -p max_steer_angle:=0.7 -p use_sim_time:=True -p use_sim_time:=True -p use_sim_time:=True -p wheel_radius:=0.383 -p wheel_width:=0.235 -p wheel_base:=2.79 -p wheel_tread:=1.64 -p front_overhang:=1.0 -p rear_overhang:=1.1 -p left_overhang:=0.128 -p right_overhang:=0.128 -p vehicle_height:=2.5 -p max_steer_angle:=0.7 -p use_sim_time:=True -p wheel_radius:=0.383 -p wheel_width:=0.235 -p wheel_base:=2.79 -p wheel_tread:=1.64 -p front_overhang:=1.0 -p rear_overhang:=1.1 -p left_overhang:=0.128 -p right_overhang:=0.128 -p vehicle_height:=2.5 -p max_steer_angle:=0.7 -p use_sim_time:=True -p wheel_radius:=0.383 -p wheel_width:=0.235 -p wheel_base:=2.79 -p wheel_tread:=1.64 -p front_overhang:=1.0 -p rear_overhang:=1.1 -p left_overhang:=0.128 -p right_overhang:=0.128 -p vehicle_height:=2.5 -p max_steer_angle:=0.7'].
[INFO] [autoware_ekf_localizer_node-28]: process has finished cleanly [pid 839]
[INFO] [planning_evaluator-44]: process has finished cleanly [pid 1060]
[INFO] [component_container_mt-43]: process has finished cleanly [pid 1058]
[INFO] [autoware_ndt_scan_matcher_node-24]: process has finished cleanly [pid 797]
[INFO] [component_container_mt-15]: process has finished cleanly [pid 545]
[INFO] [component_container-19]: process has finished cleanly [pid 764]
[INFO] [component_container-20]: process has finished cleanly [pid 766]
[INFO] [component_container_mt-48]: process has finished cleanly [pid 1081]
[INFO] [component_container_mt-42]: process has finished cleanly [pid 1056]
[INFO] [component_container-18]: process has finished cleanly [pid 761]
[INFO] [component_container_mt-47]: process has finished cleanly [pid 1079]
[INFO] [component_container-7]: process has finished cleanly [pid 507]
[INFO] [component_container_mt-40]: process has finished cleanly [pid 1046]
[INFO] [component_container_mt-50]: process has finished cleanly [pid 1155]
