clock_ns,arrival_system_ns
22045417562,1785826226723031339
22095417563,1785826226773095922
22145417563,1785826226823246170
22195417564,1785826226873222777
22245417565,1785826226923479797
22295417566,1785826226973698312
22345417566,1785826227023524972
22395417567,1785826227073818741
22445417568,1785826227123540188
22495417569,1785826227173621797
22545417569,1785826227223644388
22595417570,1785826227273863090
22645417571,1785826227323755650
22695417572,1785826227374248428
22745417572,1785826227424199074
22795417573,1785826227474644212
22845417574,1785826227524634914
22895417575,1785826227574248078
22945417575,1785826227624303056
22995417576,1785826227674413945
23045417577,1785826227724688823
23095417578,1785826227774841768
23145417578,1785826227824676108
23195417579,1785826227875143552
23245417580,1785826227925069752
23295417581,1785826227975458214
23345417581,1785826228025162591
23395417582,1785826228075213921
23445417583,1785826228125278550
23495417584,1785826228175236252
23545417584,1785826228225515859
23595417585,1785826228276085212
23645417586,1785826228326351390
23695417586,1785826228376016269
23745417587,1785826228425994784
23795417588,1785826228476261870
23845417589,1785826228526486286
23895417589,1785826228576421336
23945417590,1785826228626723212
23995417591,1785826228676753754
24045417592,1785826228726844563
24095417592,1785826228777164956
24145417593,1785826228826765538
24195417594,1785826228877232508
24245417595,1785826228927274001
24295417595,1785826228976954064
24345417596,1785826229027111164
24395417597,1785826229077442387
24445417598,1785826229127388642
24495417598,1785826229177387687
24545417599,1785826229227442667
24595417600,1785826229277545416
24645417601,1785826229327576138
24695417601,1785826229377410793
24745417602,1785826229427643176
24795417603,1785826229477578288
24845417604,1785826229528281977
24895417604,1785826229577938970
24945417605,1785826229628184649
24995417606,1785826229678233476
25045417607,1785826229728296030
25095417607,1785826229778033165
25145417608,1785826229828364010
25195417609,1785826229878743001
25245417610,1785826229928527262
25295417610,1785826229978748917
25345417611,1785826230028822677
25395417612,1785826230079116620
25445417613,1785826230129056572
25495417613,1785826230178835437
25545417614,1785826230229231181
25595417615,1785826230279536828
25645417616,1785826230329762956
25695417616,1785826230379399763
25745417617,1785826230429882106
25795417618,1785826230479935439
25845417619,1785826230530051954
25895417619,1785826230580051695
25945417620,1785826230630565243
25995417621,1785826230680190275
26045417622,1785826230730877133
26095417622,1785826230780558321
26145417623,1785826230830275595
26195417624,1785826230881000648
26245417624,1785826230931321961
26295417625,1785826230980778817
26345417626,1785826231031213325
26395417627,1785826231080885011
26445417627,1785826231131475356
26495417628,1785826231181530089
26545417629,1785826231231474675
26595417630,1785826231281006509
26645417630,1785826231331652568
26695417631,1785826231381988749
26745417632,1785826231431467188
26795417633,1785826231481459838
26845417633,1785826231531571456
26895417634,1785826231582089755
26945417635,1785826231631940805
26995417636,1785826231682245980
27045417636,1785826231732570871
27095417637,1785826231782244376
27145417638,1785826231832569780
27195417639,1785826231882197919
27245417639,1785826231932763383
27295417640,1785826231982277665
27345417641,1785826232032917761
27395417642,1785826232082371026
27445417642,1785826232132804237
27495417643,1785826232183278306
27545417644,1785826232232830859
27595417645,1785826232282823248
27645417645,1785826232333643884
27695417646,1785826232383487631
27745417647,1785826232433530848
27795417648,1785826232483960923
27845417648,1785826232533607922
27895417649,1785826232583868722
27945417650,1785826232634147403
27995417651,1785826232683798159
28045417651,1785826232733789679
28095417652,1785826232783688936
28145417653,1785826232834017024
28195417654,1785826232884932803
28245417654,1785826232934173939
28295417655,1785826232984145477
28345417656,1785826233034505845
28395417657,1785826233084087652
28445417657,1785826233134838294
28495417658,1785826233184797101
28545417659,1785826233235177788
28595417659,1785826233285034518
28645417660,1785826233335210900
28695417661,1785826233385252072
28745417662,1785826233435294324
28795417662,1785826233485132585
28845417663,1785826233535672700
28895417664,1785826233585777662
28945417665,1785826233636051518
28995417665,1785826233685832056
29045417666,1785826233736236991
29095417667,1785826233787092835
29145417668,1785826233836378145
29195417668,1785826233886098377
29245417669,1785826233936379299
29295417670,1785826233986812407
29345417671,1785826234036810667
29395417671,1785826234086928956
29445417672,1785826234136601780
29495417673,1785826234186754208
29545417674,1785826234236751311
29595417674,1785826234286898455
29645417675,1785826234337050310
29695417676,1785826234386856716
29745417677,1785826234437005098
29795417677,1785826234487418324
29845417678,1785826234537533545
29895417679,1785826234587989169
29945417680,1785826234638164336
29995417680,1785826234688093605
30045417681,1785826234738084898
30095417682,1785826234788252986
30145417683,1785826234838880398
30195417683,1785826234888471224
30245417684,1785826234938291441
30295417685,1785826234988469587
30345417686,1785826235038484074
30395417686,1785826235088286453
30445417687,1785826235138713784
30495417688,1785826235188473958
30545417689,1785826235238658781
30595417689,1785826235289030978
30645417690,1785826235338779267
30695417691,1785826235388848804
30745417692,1785826235439060515
30795417692,1785826235489128915
30845417693,1785826235540241564
30895417694,1785826235589147255
30945417695,1785826235639512655
30995417695,1785826235689390325
31045417696,1785826235739998885
31095417697,1785826235789607374
31145417697,1785826235839789292
31195417698,1785826235889911142
31245417699,1785826235940945597
31295417700,1785826235990331788
31345417700,1785826236040135117
31395417701,1785826236090130852
31445417702,1785826236140179674
31495417703,1785826236190454479
31545417703,1785826236240480522
31595417704,1785826236290666086
31645417705,1785826236340412761
31695417706,1785826236390530889
31745417706,1785826236440775614
31795417707,1785826236490871736
31845417708,1785826236541040778
31895417709,1785826236591191276
31945417709,1785826236641167209
31995417710,1785826236691263510
32045417711,1785826236741166510
32095417712,1785826236791409239
32145417712,1785826236841838001
32195417713,1785826236891991918
32245417714,1785826236941672998
32295417715,1785826236991859957
32345417715,1785826237042006030
32395417716,1785826237091904996
32445417717,1785826237142093255
32495417718,1785826237192175883
32545417718,1785826237242195807
32595417719,1785826237292231114
32645417720,1785826237342430286
32695417721,1785826237392570826
32745417721,1785826237442396247
32795417722,1785826237493077480
32845417723,1785826237542767805
32895417724,1785826237593166691
32945417724,1785826237643203739
32995417725,1785826237693319807
33045417726,1785826237742954612
33095417727,1785826237793247704
33145417727,1785826237843683354
33195417728,1785826237894258741
33245417729,1785826237943806443
33295417730,1785826237993504423
33345417730,1785826238043822288
33395417731,1785826238093672773
33445417732,1785826238144038462
33495417733,1785826238194211404
33545417733,1785826238244367034
33595417734,1785826238294610846
33645417735,1785826238344645991
33695417735,1785826238394267659
33745417736,1785826238444594780
33795417737,1785826238495279275
33845417738,1785826238545100901
33895417738,1785826238595310507
33945417739,1785826238644993992
33995417740,1785826238695135483
34045417741,1785826238745455630
34095417741,1785826238795572251
34145417742,1785826238845470876
34195417743,1785826238895228127
34245417744,1785826238945724087
34295417744,1785826238995744391
34345417745,1785826239045740715
34395417746,1785826239096187853
34445417747,1785826239145657232
34495417747,1785826239195941812
34545417748,1785826239245927722
34595417749,1785826239296077386
34645417750,1785826239346289474
34695417750,1785826239396246205
34745417751,1785826239446668942
34795417752,1785826239496562069
34845417753,1785826239546467085
34895417753,1785826239596994170
34945417754,1785826239646693427
34995417755,1785826239696825415
35045417756,1785826239747240841
35095417756,1785826239797272488
35145417757,1785826239847132421
35195417758,1785826239897535023
35245417759,1785826239947210244
35295417759,1785826239997223761
35345417760,1785826240047719702
35395417761,1785826240097266593
35445417762,1785826240147667086
35495417762,1785826240197457773
35545417763,1785826240247600587
35595417764,1785826240297745044
35645417765,1785826240347691470
35695417765,1785826240398059132
35745417766,1785826240448488966
35795417767,1785826240498516767
35845417768,1785826240548393768
35895417768,1785826240598495960
35945417769,1785826240648916750
35995417770,1785826240698719435
36045417771,1785826240748691670
36095417771,1785826240798763171
36145417772,1785826240848903536
36195417773,1785826240898755042
36245417773,1785826240949227671
36295417774,1785826240999608474
36345417775,1785826241049427593
36395417776,1785826241099591372
36445417776,1785826241149810580
36495417777,1785826241199631194
36545417778,1785826241249524342
36595417779,1785826241299690746
36645417779,1785826241349884840
36695417780,1785826241400157773
36745417781,1785826241450113560
36795417782,1785826241499971178
36845417782,1785826241550387587
36895417783,1785826241600663306
36945417784,1785826241650464940
36995417785,1785826241700679832
37045417785,1785826241751312580
37095417786,1785826241800482500
37145417787,1785826241850957285
37195417788,1785826241901490257
37245417788,1785826241951488956
37295417789,1785826242001105021
37345417790,1785826242051214136
37395417791,1785826242101550087
37445417791,1785826242151471201
37495417792,1785826242201805170
37545417793,1785826242252245401
37595417794,1785826242302032683
37645417794,1785826242352453862
37695417795,1785826242402117211
37745417796,1785826242452261951
37795417797,1785826242502631275
37845417797,1785826242552535221
37895417798,1785826242602575270
37945417799,1785826242652558357
37995417800,1785826242703125510
38045417800,1785826242752733761
38095417801,1785826242802940873
38145417802,1785826242853240032
38195417803,1785826242903367849
38245417803,1785826242953149383
38295417804,1785826243003050448
38345417805,1785826243053543857
38395417806,1785826243103383798
38445417806,1785826243153365388
38495417807,1785826243203637566
38545417808,1785826243253736048
38595417809,1785826243303615192
38645417809,1785826243354063439
38695417810,1785826243404088460
38745417811,1785826243454203183
38795417811,1785826243504539041
38845417812,1785826243554267261
38895417813,1785826243604727480
38945417814,1785826243655066827
38995417814,1785826243704908094
39045417815,1785826243755040246
39095417816,1785826243805151090
39145417817,1785826243855606609
39195417817,1785826243905591853
39245417818,1785826243955821751
39295417819,1785826244005972522
39345417820,1785826244055965142
39395417820,1785826244105833227
39445417821,1785826244155996131
39495417822,1785826244206195317
39545417823,1785826244256238665
39595417823,1785826244306253947
39645417824,1785826244356184602
39695417825,1785826244406339418
39745417826,1785826244456706961
39795417826,1785826244506913353
39845417827,1785826244557073039
39895417828,1785826244607320313
39945417829,1785826244656989616
39995417829,1785826244707194404
40045417830,1785826244757250838
40095417831,1785826244807570994
40145417832,1785826244857343728
40195417832,1785826244907788775
40245417833,1785826244957774158
40295417834,1785826245008052254
40345417835,1785826245057964476
40395417835,1785826245107820660
40445417836,1785826245157952031
40495417837,1785826245208173529
40545417838,1785826245258927904
40595417838,1785826245308410450
40645417839,1785826245358534440
40695417840,1785826245408869532
40745417841,1785826245458713449
40795417841,1785826245508958389
40845417842,1785826245558935434
40895417843,1785826245609287068
40945417844,1785826245659928534
40995417844,1785826245709673544
41045417845,1785826245759460292
41095417846,1785826245809604707
41145417847,1785826245859967337
41195417847,1785826245910561935
41245417848,1785826245959927878
41295417849,1785826246010011819
41345417849,1785826246060120715
41395417850,1785826246110767410
41445417851,1785826246160496222
41495417852,1785826246210256972
41545417852,1785826246260732300
41595417853,1785826246310949373
41645417854,1785826246360756638
41695417855,1785826246410768946
41745417855,1785826246461000862
41795417856,1785826246511287879
41845417857,1785826246561643355
41895417858,1785826246611218201
41945417858,1785826246661490438
41995417859,1785826246711319613
42045417860,1785826246761953023
42095417861,1785826246811661459
42145417861,1785826246862075856
42195417862,1785826246911948692
42245417863,1785826246962016440
42295417864,1785826247012401662
42345417864,1785826247062297070
42395417865,1785826247112259185
42445417866,1785826247162427242
42495417867,1785826247212469464
42545417867,1785826247262680223
42595417868,1785826247312184885
42645417869,1785826247362819492
42695417870,1785826247412632640
42745417870,1785826247463146955
42795417871,1785826247513264174
42845417872,1785826247562800387
42895417873,1785826247613447352
42945417873,1785826247663726140
42995417874,1785826247713083667
43045417875,1785826247763436875
43095417876,1785826247813730826
43145417876,1785826247863564299
43195417877,1785826247913634381
43245417878,1785826247963609721
43295417879,1785826248014055611
43345417879,1785826248063852190
43395417880,1785826248114307571
43445417881,1785826248164109806
43495417882,1785826248214596301
43545417882,1785826248264590324
43595417883,1785826248314905005
43645417884,1785826248364598063
43695417885,1785826248414649906
43745417885,1785826248464669338
43795417886,1785826248514844667
43845417887,1785826248564734993
43895417887,1785826248614821568
43945417888,1785826248664783764
43995417889,1785826248714948786
44045417890,1785826248765077251
44095417890,1785826248815495154
44145417891,1785826248865202262
44195417892,1785826248915728030
44245417893,1785826248965239950
44295417893,1785826249015529164
44345417894,1785826249065398594
44395417895,1785826249115552863
44445417896,1785826249165503080
44495417896,1785826249215767214
44545417897,1785826249266172991
44595417898,1785826249315923213
44645417899,1785826249366106562
44695417899,1785826249416336542
44745417900,1785826249466369727
44795417901,1785826249517158416
44845417902,1785826249566526045
44895417902,1785826249617373927
44945417903,1785826249666881803
44995417904,1785826249716921940
45045417905,1785826249767562783
45095417905,1785826249817906371
45145417906,1785826249867192079
45195417907,1785826249917561585
45245417908,1785826249967450410
45295417908,1785826250017210419
45345417909,1785826250067756773
45395417910,1785826250118077991
45445417911,1785826250168101820
45495417911,1785826250217697652
45545417912,1785826250267978936
45595417913,1785826250318081368
45645417914,1785826250368132693
45695417914,1785826250418219584
45745417915,1785826250468953796
45795417916,1785826250518211583
45845417917,1785826250568509391
45895417917,1785826250618662506
45945417918,1785826250668479191
45995417919,1785826250718802763
46045417920,1785826250769322404
46095417920,1785826250818924612
46145417921,1785826250868997563
46195417922,1785826250919133047
46245417923,1785826250969218083
46295417923,1785826251019247210
46345417924,1785826251069349106
46395417925,1785826251119430168
46445417925,1785826251169712472
46495417926,1785826251219559201
46545417927,1785826251269586395
46595417928,1785826251319767948
46645417928,1785826251369901947
46695417929,1785826251420031305
46745417930,1785826251470053162
46795417931,1785826251520156500
46845417931,1785826251570436064
46895417932,1785826251620262617
46945417933,1785826251670574384
46995417934,1785826251720825233
47045417934,1785826251771003598
47095417935,1785826251821181703
47145417936,1785826251871098880
47195417937,1785826251921408035
47245417937,1785826251971113605
47295417938,1785826252021174683
47345417939,1785826252071304306
47395417940,1785826252121794242
47445417940,1785826252171815101
47495417941,1785826252221470503
47545417942,1785826252271778358
47595417943,1785826252321803974
47645417943,1785826252371931820
47695417944,1785826252421735985
47745417945,1785826252471991294
47795417946,1785826252522320803
47845417946,1785826252572103964
47895417947,1785826252622277505
47945417948,1785826252672123322
47995417949,1785826252722109467
48045417949,1785826252772611135
48095417950,1785826252822728740
48145417951,1785826252872820384
48195417952,1785826252922665639
48245417952,1785826252973065422
48295417953,1785826253022912257
48345417954,1785826253073138913
48395417955,1785826253123351569
48445417955,1785826253173460371
48495417956,1785826253223249583
48545417957,1785826253273435061
48595417958,1785826253323481076
48645417958,1785826253373612261
48695417959,1785826253423722286
48745417960,1785826253474057839
48795417961,1785826253524192715
48845417961,1785826253574250033
48895417962,1785826253624605398
48945417963,1785826253674260184
48995417963,1785826253725066222
49045417964,1785826253775716221
49095417965,1785826253825036854
49145417966,1785826253875801837
49195417966,1785826253924918339
49245417967,1785826253974995949
49295417968,1785826254025305174
49345417969,1785826254075487783
49395417969,1785826254125580896
49445417970,1785826254175711800
49495417971,1785826254225833114
49545417972,1785826254275971478
49595417972,1785826254325851649
49645417973,1785826254375984042
49695417974,1785826254425908285
49745417975,1785826254475842037
49795417975,1785826254525974012
49845417976,1785826254575995125
49895417977,1785826254626658748
49945417978,1785826254676211291
49995417978,1785826254726933609
50045417979,1785826254776841811
50095417980,1785826254826543598
50145417981,1785826254877125484
50195417981,1785826254927144044
50245417982,1785826254977361532
50295417983,1785826255027479394
50345417984,1785826255077152552
50395417984,1785826255127211090
50445417985,1785826255177943125
50495417986,1785826255227908368
50545417987,1785826255277534034
50595417987,1785826255327928028
50645417988,1785826255377553487
50695417989,1785826255427927699
50745417990,1785826255478071734
50795417990,1785826255528114115
50845417991,1785826255578516006
50895417992,1785826255628379529
50945417993,1785826255678501052
50995417993,1785826255728524556
51045417994,1785826255779066492
51095417995,1785826255828854236
51145417996,1785826255878817403
51195417996,1785826255929082610
51245417997,1785826255978735940
51295417998,1785826256029032562
51345417999,1785826256079461795
51395417999,1785826256129155552
51445418000,1785826256179750200
51495418001,1785826256229612198
51545418001,1785826256279581910
51595418002,1785826256329644494
51645418003,1785826256379639153
51695418004,1785826256429898959
51745418004,1785826256479627626
51795418005,1785826256529785643
51845418006,1785826256580043301
51895418007,1785826256630271231
51945418007,1785826256680508477
51995418008,1785826256731057293
52045418009,1785826256780568530
52095418010,1785826256830645472
52145418010,1785826256880701176
52195418011,1785826256930674255
52245418012,1785826256980868471
52295418013,1785826257031096952
52345418013,1785826257081094778
52395418014,1785826257131249741
52445418015,1785826257181175938
52495418016,1785826257231729192
52545418016,1785826257281380609
52595418017,1785826257332323882
52645418018,1785826257381683915
52695418019,1785826257432086806
52745418019,1785826257481597519
52795418020,1785826257531825345
52845418021,1785826257581957349
52895418022,1785826257632022775
52945418022,1785826257682359034
52995418023,1785826257732059274
53045418024,1785826257782132065
53095418025,1785826257832727457
53145418025,1785826257882759555
53195418026,1785826257933034061
53245418027,1785826257982898946
53295418028,1785826258032797747
53345418028,1785826258082961019
53395418029,1785826258133090077
53445418030,1785826258183257468
53495418031,1785826258233235211
53545418031,1785826258283541779
53595418032,1785826258333368582
53645418033,1785826258383623913
53695418034,1785826258434844108
53745418034,1785826258483887199
53795418035,1785826258533865052
53845418036,1785826258583955506
53895418036,1785826258634483620
53945418037,1785826258684036796
53995418038,1785826258734159079
54045418039,1785826258784610292
54095418039,1785826258834469241
54145418040,1785826258884760585
54195418041,1785826258934535748
54245418042,1785826258984561246
54295418042,1785826259035095763
54345418043,1785826259084550120
54395418044,1785826259134722006
54445418045,1785826259184943937
54495418045,1785826259234774606
54545418046,1785826259284875517
54595418047,1785826259335133100
54645418048,1785826259385391813
54695418048,1785826259435543547
54745418049,1785826259485185530
54795418050,1785826259535393526
54845418051,1785826259585746204
54895418051,1785826259635818943
54945418052,1785826259685872534
54995418053,1785826259735907697
55045418054,1785826259786380779
55095418054,1785826259835761610
55145418055,1785826259886353185
55195418056,1785826259936130096
55245418057,1785826259986341759
55295418057,1785826260036156687
55345418058,1785826260086308785
55395418059,1785826260136972413
55445418060,1785826260186677912
55495418060,1785826260237031286
55545418061,1785826260287351731
55595418062,1785826260336829893
55645418063,1785826260387086906
55695418063,1785826260437310322
55745418064,1785826260487431347
55795418065,1785826260537283610
55845418066,1785826260587593867
55895418066,1785826260637421555
55945418067,1785826260687350646
55995418068,1785826260737491713
56045418069,1785826260787766121
56095418069,1785826260838018949
56145418070,1785826260887819075
56195418071,1785826260938173009
56245418072,1785826260987897397
56295418072,1785826261038043591
56345418073,1785826261088306151
56395418074,1785826261138170078
56445418074,1785826261188385502
56495418075,1785826261238365877
56545418076,1785826261288377587
56595418077,1785826261338430416
56645418077,1785826261388623221
56695418078,1785826261438898575
56745418079,1785826261488587415
56795418080,1785826261538845364
56845418080,1785826261588960712
56895418081,1785826261639050345
56945418082,1785826261688978119
56995418083,1785826261738804491
57045418083,1785826261789089164
57095418084,1785826261839189122
57145418085,1785826261889183844
57195418086,1785826261939359655
57245418086,1785826261989819075
57295418087,1785826262039658135
57345418088,1785826262089597082
57395418089,1785826262140170327
57445418089,1785826262190257101
57495418090,1785826262239884989
57545418091,1785826262290066775
57595418092,1785826262339858643
57645418092,1785826262391097311
57695418093,1785826262440720557
57745418094,1785826262490434943
57795418095,1785826262540507898
57845418095,1785826262590439253
57895418096,1785826262640507232
57945418097,1785826262690933341
57995418098,1785826262740633529
58045418098,1785826262790667289
58095418099,1785826262840943633
58145418100,1785826262891602893
58195418101,1785826262941505868
58245418101,1785826262991264161
58295418102,1785826263041595940
58345418103,1785826263091660234
58395418104,1785826263141754791
58445418104,1785826263191802479
58495418105,1785826263242110081
58545418106,1785826263291826251
58595418107,1785826263341911639
58645418107,1785826263392244711
58695418108,1785826263442616186
58745418109,1785826263492702922
58795418110,1785826263542125102
58845418110,1785826263592438135
58895418111,1785826263642835836
58945418112,1785826263692536362
58995418112,1785826263743024300
59045418113,1785826263792630879
59095418114,1785826263842723276
59145418115,1785826263893197373
59195418115,1785826263943279053
59245418116,1785826263993376219
59295418117,1785826264043445703
59345418118,1785826264093453705
59395418118,1785826264143372081
59445418119,1785826264193523030
59495418120,1785826264243529422
59545418121,1785826264293587216
59595418121,1785826264343695844
59645418122,1785826264394062719
59695418123,1785826264444091346
59745418124,1785826264493974300
59795418124,1785826264544133947
59845418125,1785826264593818848
59895418126,1785826264644343298
59945418127,1785826264694125377
59995418127,1785826264744228758
60045418128,1785826264794491081
60095418129,1785826264844415352
60145418130,1785826264894757423
60195418130,1785826264945274100
60245418131,1785826264994963710
60295418132,1785826265045195019
60345418133,1785826265095087961
60395418133,1785826265144965411
60445418134,1785826265195542664
60495418135,1785826265245542425
60545418136,1785826265295615954
60595418136,1785826265345521929
60645418137,1785826265395864499
60695418138,1785826265446122017
60745418139,1785826265495986883
60795418139,1785826265546062712
60845418140,1785826265595975078
60895418141,1785826265646097630
60945418142,1785826265696650463
60995418142,1785826265746272583
61045418143,1785826265796886498
61095418144,1785826265846792506
61145418145,1785826265896614999
61195418145,1785826265946794048
61245418146,1785826265996858265
61295418147,1785826266046834711
61345418148,1785826266097033651
61395418148,1785826266147128833
61445418149,1785826266197379481
61495418150,1785826266247923264
61545418150,1785826266297592312
61595418151,1785826266348028876
61645418152,1785826266397432446
61695418153,1785826266447388230
61745418153,1785826266497424428
61795418154,1785826266547917235
61845418155,1785826266597730941
61895418156,1785826266647833405
61945418156,1785826266698026544
61995418157,1785826266747772224
62045418158,1785826266797906738
62095418159,1785826266848768889
62145418159,1785826266898377195
62195418160,1785826266948479953
62245418161,1785826266999090445
62295418162,1785826267048506547
62345418162,1785826267098565840
62395418163,1785826267148638155
62445418164,1785826267198778459
62495418165,1785826267248696789
62545418165,1785826267298956139
62595418166,1785826267349189653
62645418167,1785826267399138991
62695418168,1785826267449383265
62745418168,1785826267499709444
62795418169,1785826267549605155
62845418170,1785826267599654709
62895418171,1785826267650048092
62945418171,1785826267699733718
62995418172,1785826267750275446
63045418173,1785826267800632337
63095418174,1785826267850464092
63145418174,1785826267900046156
63195418175,1785826267950082529
63245418176,1785826268000470480
63295418177,1785826268050568060
63345418177,1785826268100800341
63395418178,1785826268150685559
63445418179,1785826268200733737
63495418180,1785826268251246469
63545418180,1785826268301016298
63595418181,1785826268350949192
63645418182,1785826268401029545
63695418183,1785826268451390843
63745418183,1785826268501122813
63795418184,1785826268551224040
63845418185,1785826268601166794
63895418186,1785826268651481853
63945418186,1785826268701339025
63995418187,1785826268751415002
64045418188,1785826268801670115
64095418188,1785826268851850390
64145418189,1785826268901784134
64195418190,1785826268952382807
64245418191,1785826269002645869
64295418191,1785826269052419604
64345418192,1785826269102679913
64395418193,1785826269152408254
64445418194,1785826269202740964
64495418194,1785826269252922457
64545418195,1785826269302833516
64595418196,1785826269353156268
64645418197,1785826269402984242
64695418197,1785826269453763373
64745418198,1785826269503713424
64795418199,1785826269553265969
64845418200,1785826269603372547
64895418200,1785826269653804287
64945418201,1785826269704111201
64995418202,1785826269753919143
65045418203,1785826269804239538
65095418203,1785826269854419639
65145418204,1785826269904619668
65195418205,1785826269953785370
65245418206,1785826270004134232
65295418206,1785826270054213546
65345418207,1785826270104520663
65395418208,1785826270154812082
65445418209,1785826270204576248
65495418209,1785826270255076945
65545418210,1785826270304922353
65595418211,1785826270355156676
65645418212,1785826270404725099
65695418212,1785826270454720123
65745418213,1785826270505257034
65795418214,1785826270555315568
65845418215,1785826270605320333
65895418215,1785826270655258521
65945418216,1785826270705567885
65995418217,1785826270755633186
66045418218,1785826270805728636
66095418218,1785826270856170146
66145418219,1785826270905866634
66195418220,1785826270955795262
66245418221,1785826271006073894
66295418221,1785826271056142754
66345418222,1785826271106124050
66395418223,1785826271156251388
66445418224,1785826271206591308
66495418224,1785826271256420667
66545418225,1785826271306520946
66595418226,1785826271356745592
66645418226,1785826271406839592
66695418227,1785826271456606547
66745418228,1785826271507194986
66795418229,1785826271557099810
66845418229,1785826271607120428
66895418230,1785826271657215400
66945418231,1785826271707224143
66995418232,1785826271757661008
67045418232,1785826271808136021
67095418233,1785826271857885630
67145418234,1785826271907952844
67195418235,1785826271957930191
67245418235,1785826272008045671
67295418236,1785826272058003106
67345418237,1785826272108250933
67395418238,1785826272158056168
67445418238,1785826272208193189
67495418239,1785826272258450436
67545418240,1785826272308745426
67595418241,1785826272358629534
67645418241,1785826272408693814
67695418242,1785826272458545257
67745418243,1785826272508621634
67795418244,1785826272559073545
67845418244,1785826272609261980
67895418245,1785826272659539664
67945418246,1785826272709129700
67995418247,1785826272759767924
68045418247,1785826272809645356
68095418248,1785826272859915393
68145418249,1785826272910186927
68195418250,1785826272960219904
68245418250,1785826273010203286
68295418251,1785826273060049802
68345418252,1785826273110258170
68395418253,1785826273160950671
68445418253,1785826273210515349
68495418254,1785826273260534082
68545418255,1785826273310608318
68595418256,1785826273360621974
68645418256,1785826273411053960
68695418257,1785826273460996646
68745418258,1785826273511123371
68795418259,1785826273561171596
68845418259,1785826273611274687
68895418260,1785826273661371430
68945418261,1785826273711413139
68995418262,1785826273761181180
69045418262,1785826273811625017
69095418263,1785826273861809054
69145418264,1785826273911950630
69195418264,1785826273961695431
69245418265,1785826274012144302
69295418266,1785826274061932392
69345418267,1785826274111990231
69395418267,1785826274162584671
69445418268,1785826274212676414
69495418269,1785826274262398041
69545418270,1785826274312460518
69595418270,1785826274362566483
69645418271,1785826274412913927
69695418272,1785826274462649503
69745418273,1785826274513129734
69795418273,1785826274563438136
69845418274,1785826274613075140
69895418275,1785826274663306593
69945418276,1785826274713721284
69995418276,1785826274763686355
70045418277,1785826274813715163
70095418278,1785826274863740099
70145418279,1785826274913876190
70195418279,1785826274963988914
70245418280,1785826275014082073
70295418281,1785826275064096753
70345418282,1785826275113725009
70395418282,1785826275164228441
70445418283,1785826275213961961
70495418284,1785826275264033267
70545418285,1785826275314097506
70595418285,1785826275364169909
70645418286,1785826275414582933
70695418287,1785826275464455568
70745418288,1785826275514720649
70795418288,1785826275564856167
70845418289,1785826275614988546
70895418290,1785826275665264699
70945418291,1785826275715717598
70995418291,1785826275765445239
71045418292,1785826275815867518
71095418293,1785826275865825807
71145418294,1785826275916427706
71195418294,1785826275965848781
71245418295,1785826276015865387
71295418296,1785826276066475030
71345418297,1785826276116019328
71395418297,1785826276166441926
71445418298,1785826276216393265
71495418299,1785826276266398757
71545418300,1785826276316914472
71595418300,1785826276366874450
71645418301,1785826276416551323
71695418302,1785826276466980140
71745418302,1785826276517054231
71795418303,1785826276567266869
71845418304,1785826276617578073
71895418305,1785826276667153676
71945418305,1785826276717562228
71995418306,1785826276767474119
72045418307,1785826276817438883
72095418308,1785826276867869408
72145418308,1785826276917519451
72195418309,1785826276967710308
72245418310,1785826277017914847
72295418311,1785826277067940352
72345418311,1785826277118060809
72395418312,1785826277168097243
72445418313,1785826277218093099
72495418314,1785826277268408496
72545418314,1785826277318472034
72595418315,1785826277368619704
72645418316,1785826277418951807
72695418317,1785826277469068791
72745418317,1785826277519073391
72795418318,1785826277569835916
72845418319,1785826277619372450
72895418320,1785826277669200937
72945418320,1785826277719173021
72995418321,1785826277769724368
73045418322,1785826277819879360
73095418323,1785826277869432166
73145418323,1785826277919541620
73195418324,1785826277969909773
73245418325,1785826278020007803
73295418326,1785826278070041188
73345418326,1785826278120257721
73395418327,1785826278170392807
73445418328,1785826278220588897
73495418329,1785826278270599324
73545418329,1785826278321075958
73595418330,1785826278370748650
73645418331,1785826278420732141
73695418332,1785826278470920266
73745418332,1785826278521436931
73795418333,1785826278571377695
73845418334,1785826278622155447
73895418335,1785826278671756464
73945418335,1785826278721664922
73995418336,1785826278771842148
74045418337,1785826278822185667
74095418338,1785826278871881616
74145418338,1785826278921982212
74195418339,1785826278972318707
74245418340,1785826279022234175
74295418340,1785826279072162285
74345418341,1785826279122464680
74395418342,1785826279173265081
74445418343,1785826279222820935
74495418343,1785826279272973415
74545418344,1785826279323190731
74595418345,1785826279373478299
74645418346,1785826279423310454
74695418346,1785826279473089783
74745418347,1785826279523204578
74795418348,1785826279573950122
74845418349,1785826279623805183
74895418349,1785826279673809090
74945418350,1785826279723819093
74995418351,1785826279773677013
75045418352,1785826279823787703
75095418352,1785826279874107980
75145418353,1785826279923782481
75195418354,1785826279974292081
75245418355,1785826280023824953
75295418355,1785826280073981082
75345418356,1785826280124217244
75395418357,1785826280174573276
75445418358,1785826280224674968
75495418358,1785826280274888996
75545418359,1785826280325022826
75595418360,1785826280374963205
75645418361,1785826280425282400
75695418361,1785826280475089223
75745418362,1785826280525121732
75795418363,1785826280575136090
75845418364,1785826280625491019
75895418364,1785826280675741244
75945418365,1785826280726187861
75995418366,1785826280775884390
76045418367,1785826280826188490
76095418367,1785826280876215071
76145418368,1785826280926137930
76195418369,1785826280976214463
76245418370,1785826281026145230
76295418370,1785826281076507512
76345418371,1785826281126525797
76395418372,1785826281176741498
76445418373,1785826281226914311
76495418373,1785826281276879527
76545418374,1785826281327123188
76595418375,1785826281377226838
76645418375,1785826281427070439
76695418376,1785826281477935793
76745418377,1785826281527234426
76795418378,1785826281577719500
76845418378,1785826281627542269
76895418379,1785826281677810559
76945418380,1785826281727373242
76995418381,1785826281777370371
77045418381,1785826281828132232
77095418382,1785826281877935134
77145418383,1785826281928014935
77195418384,1785826281978274244
77245418384,1785826282027684952
77295418385,1785826282078085177
77345418386,1785826282128252704
77395418387,1785826282178186565
77445418387,1785826282228115304
77495418388,1785826282278142784
77545418389,1785826282328161421
77595418390,1785826282378546103
77645418390,1785826282428511424
77695418391,1785826282478863186
77745418392,1785826282528938288
77795418393,1785826282579052059
77845418393,1785826282628670531
77895418394,1785826282678711081
77945418395,1785826282729978001
77995418396,1785826282779487436
78045418396,1785826282829236171
78095418397,1785826282880043906
78145418398,1785826282929349027
78195418399,1785826282979936426
78245418399,1785826283030181309
78295418400,1785826283079829675
78345418401,1785826283129965560
78395418402,1785826283180255029
78445418402,1785826283229904718
78495418403,1785826283280108254
78545418404,1785826283330075880
78595418405,1785826283380383748
78645418405,1785826283431006316
78695418406,1785826283480482633
78745418407,1785826283530716533
78795418408,1785826283580937917
78845418408,1785826283631083891
78895418409,1785826283681005414
78945418410,1785826283730953034
78995418411,1785826283780942747
79045418411,1785826283831555088
79095418412,1785826283881094107
79145418413,1785826283931543060
79195418413,1785826283981344705
79245418414,1785826284031617333
79295418415,1785826284081790072
79345418416,1785826284131724151
79395418416,1785826284181911060
79445418417,1785826284231873373
79495418418,1785826284281887627
79545418419,1785826284331823367
79595418419,1785826284382187592
79645418420,1785826284432402643
79695418421,1785826284482240583
79745418422,1785826284532472341
79795418422,1785826284582266544
79845418423,1785826284632606823
79895418424,1785826284682716718
79945418425,1785826284733100741
79995418425,1785826284783064716
80045418426,1785826284833285903
80095418427,1785826284883324382
80145418428,1785826284933223076
80195418428,1785826284982952887
80245418429,1785826285034039817
80295418430,1785826285083431165
80345418431,1785826285133296652
80395418431,1785826285183390565
80445418432,1785826285233388029
80495418433,1785826285283452404
80545418434,1785826285333601014
80595418434,1785826285383813408
80645418435,1785826285434148864
80695418436,1785826285484082156
80745418437,1785826285534149883
80795418437,1785826285584089629
80845418438,1785826285634135845
80895418439,1785826285684268392
80945418440,1785826285734572802
80995418440,1785826285784695486
81045418441,1785826285835176045
81095418442,1785826285885744943
81145418443,1785826285935302358
81195418443,1785826285985812012
81245418444,1785826286035267808
81295418445,1785826286085853728
81345418446,1785826286135567647
81395418446,1785826286185518413
81445418447,1785826286236139428
81495418448,1785826286285652284
81545418449,1785826286335880476
81595418449,1785826286385835673
81645418450,1785826286435881080
81695418451,1785826286486059816
81745418451,1785826286536101968
81795418452,1785826286586187891
81845418453,1785826286636160937
81895418454,1785826286686201049
81945418454,1785826286736601341
81995418455,1785826286786808706
82045418456,1785826286836713021
82095418457,1785826286886808721
82145418457,1785826286936942451
82195418458,1785826286987039011
82245418459,1785826287036926816
82295418460,1785826287087292814
82345418460,1785826287137146069
82395418461,1785826287187144035
82445418462,1785826287237646843
82495418463,1785826287287977257
82545418463,1785826287337698881
82595418464,1785826287387673413
82645418465,1785826287437786122
82695418466,1785826287488932774
82745418466,1785826287538350331
82795418467,1785826287588164779
82845418468,1785826287638236784
82895418469,1785826287688584387
82945418469,1785826287739024388
82995418470,1785826287788820546
83045418471,1785826287838660730
83095418472,1785826287889243611
83145418472,1785826287938943339
83195418473,1785826287989253729
83245418474,1785826288039109877
83295418475,1785826288089090305
83345418475,1785826288139269158
83395418476,1785826288189382779
83445418477,1785826288239274662
83495418478,1785826288289613303
83545418478,1785826288339951560
83595418479,1785826288389514923
83645418480,1785826288439672545
83695418481,1785826288490014220
83745418481,1785826288539977227
83795418482,1785826288590044878
83845418483,1785826288640101113
83895418484,1785826288689926617
83945418484,1785826288740152808
83995418485,1785826288790651189
84045418486,1785826288840688765
84095418487,1785826288890617976
84145418487,1785826288940340555
84195418488,1785826288990562883
84245418489,1785826289040678441
84295418489,1785826289090886659
84345418490,1785826289140708189
84395418491,1785826289190693527
84445418492,1785826289241615956
84495418492,1785826289290979410
84545418493,1785826289341706876
84595418494,1785826289391102638
84645418495,1785826289441580781
84695418495,1785826289491518588
84745418496,1785826289541886244
84795418497,1785826289591775605
84845418498,1785826289641897970
84895418498,1785826289691861691
84945418499,1785826289741720284
84995418500,1785826289792198680
85045418501,1785826289842233100
85095418501,1785826289891868098
85145418502,1785826289942024510
85195418503,1785826289992221517
85245418504,1785826290042708903
85295418504,1785826290092631649
85345418505,1785826290142703024
85395418506,1785826290192612437
85445418507,1785826290242994272
85495418507,1785826290292529751
85545418508,1785826290342800764
85595418509,1785826290392949654
85645418510,1785826290442943515
85695418510,1785826290493179284
85745418511,1785826290543169558
85795418512,1785826290593711612
85845418513,1785826290643374247
85895418513,1785826290693823874
85945418514,1785826290744639198
85995418515,1785826290793963389
86045418516,1785826290844263566
86095418516,1785826290893981399
86145418517,1785826290944115034
86195418518,1785826290994083114
86245418519,1785826291044398495
86295418519,1785826291093953865
86345418520,1785826291144181090
86395418521,1785826291194238003
86445418522,1785826291244330356
86495418522,1785826291294330692
86545418523,1785826291344504620
86595418524,1785826291394692101
86645418525,1785826291444789212
86695418525,1785826291494875588
86745418526,1785826291545152215
86795418527,1785826291595240390
86845418527,1785826291645109925
86895418528,1785826291695283778
86945418529,1785826291745284438
86995418530,1785826291795536552
87045418530,1785826291845386446
87095418531,1785826291895595924
87145418532,1785826291945679521
87195418533,1785826291996111455
87245418533,1785826292045869359
87295418534,1785826292096179557
87345418535,1785826292146182098
87395418536,1785826292196555081
87445418536,1785826292246432898
87495418537,1785826292296441251
87545418538,1785826292346940191
87595418539,1785826292397218208
87645418539,1785826292446745366
87695418540,1785826292497038251
87745418541,1785826292546880407
87795418542,1785826292597269242
87845418542,1785826292647239893
87895418543,1785826292697264569
87945418544,1785826292747572645
87995418545,1785826292797391298
88045418545,1785826292847679935
88095418546,1785826292897949037
88145418547,1785826292948137106
88195418548,1785826292998037914
88245418548,1785826293048000243
88295418549,1785826293098206654
88345418550,1785826293148327216
88395418551,1785826293198363348
88445418551,1785826293248327256
88495418552,1785826293298584461
88545418553,1785826293348441660
88595418554,1785826293398617518
88645418554,1785826293448814741
88695418555,1785826293498560516
88745418556,1785826293549337466
88795418557,1785826293599192717
88845418557,1785826293648981855
88895418558,1785826293699378711
88945418559,1785826293749348719
88995418560,1785826293799555018
89045418560,1785826293849793666
89095418561,1785826293899643632
89145418562,1785826293950030291
89195418563,1785826293999949308
89245418563,1785826294049960837
89295418564,1785826294099906221
89345418565,1785826294150542083
89395418565,1785826294200396366
89445418566,1785826294250962198
89495418567,1785826294300473717
89545418568,1785826294350458386
89595418568,1785826294400549180
89645418569,1785826294450587774
89695418570,1785826294501032290
89745418571,1785826294551060279
89795418571,1785826294601178643
89845418572,1785826294651139181
89895418573,1785826294701037890
89945418574,1785826294751331049
89995418574,1785826294801980167
90045418575,1785826294851450266
90095418576,1785826294901465326
90145418577,1785826294952063101
90195418577,1785826295002044195
90245418578,1785826295052131118
90295418579,1785826295102363474
90345418580,1785826295152572099
90395418580,1785826295202261453
90445418581,1785826295252597815
90495418582,1785826295302986851
90545418583,1785826295353458710
90595418583,1785826295403451482
90645418584,1785826295453419510
90695418585,1785826295503542560
90745418586,1785826295553603437
90795418586,1785826295603919922
90845418587,1785826295654150138
90895418588,1785826295704096318
90945418589,1785826295754357161
90995418589,1785826295803941939
91045418590,1785826295854311878
91095418591,1785826295904012454
91145418592,1785826295954490521
91195418592,1785826296004168242
91245418593,1785826296054700003
91295418594,1785826296104523781
91345418595,1785826296154957103
91395418595,1785826296204735407
91445418596,1785826296254957362
91495418597,1785826296305073496
91545418598,1785826296355341169
91595418598,1785826296405055663
91645418599,1785826296455377018
91695418600,1785826296505324003
91745418601,1785826296555988054
91795418601,1785826296606091539
91845418602,1785826296655988258
91895418603,1785826296706170536
91945418603,1785826296755927218
91995418604,1785826296806747912
92045418605,1785826296856793363
92095418606,1785826296906086997
92145418606,1785826296956784745
92195418607,1785826297006246528
92245418608,1785826297056650057
92295418609,1785826297106988560
92345418609,1785826297156931249
92395418610,1785826297207251664
92445418611,1785826297257182627
92495418612,1785826297307059690
92545418612,1785826297357223526
92595418613,1785826297407162552
92645418614,1785826297457317694
92695418615,1785826297507441400
92745418615,1785826297557536201
92795418616,1785826297607647330
92845418617,1785826297657686344
92895418618,1785826297707499680
92945418618,1785826297757929716
92995418619,1785826297808038462
93045418620,1785826297858072894
93095418621,1785826297908526975
93145418621,1785826297958560003
93195418622,1785826298008267270
93245418623,1785826298058305533
93295418624,1785826298108219256
93345418624,1785826298158682784
93395418625,1785826298208994660
93445418626,1785826298258931476
93495418627,1785826298308826290
93545418627,1785826298359083968
93595418628,1785826298409299750
93645418629,1785826298459476441
93695418630,1785826298509482670
93745418630,1785826298559656705
93795418631,1785826298609848120
93845418632,1785826298659950379
93895418633,1785826298710050825
93945418633,1785826298760627335
93995418634,1785826298810862616
94045418635,1785826298860896991
94095418636,1785826298910360353
94145418636,1785826298960778767
94195418637,1785826299010658237
94245418638,1785826299061071574
94295418639,1785826299110626227
94345418639,1785826299161023017
94395418640,1785826299210851130
94445418641,1785826299261030473
94495418641,1785826299310920232
94545418642,1785826299361226115
94595418643,1785826299411096736
94645418644,1785826299461590244
94695418644,1785826299511287664
94745418645,1785826299561335410
94795418646,1785826299611736958
94845418647,1785826299661506151
94895418647,1785826299711687667
94945418648,1785826299762141879
94995418649,1785826299812409313
95045418650,1785826299861946944
95095418650,1785826299912052954
95145418651,1785826299962516112
95195418652,1785826300012646518
95245418653,1785826300062445121
95295418653,1785826300112598201
95345418654,1785826300162785935
95395418655,1785826300212731626
95445418656,1785826300262802602
95495418656,1785826300313052862
95545418657,1785826300363124697
95595418658,1785826300413037235
95645418659,1785826300463272299
95695418659,1785826300513351727
95745418660,1785826300563343880
95795418661,1785826300613462687
95845418662,1785826300663546954
95895418662,1785826300713740502
95945418663,1785826300764120668
95995418664,1785826300813704779
96045418665,1785826300863647546
96095418665,1785826300913870793
96145418666,1785826300964256145
96195418667,1785826301013868694
96245418668,1785826301063966918
96295418668,1785826301114193457
96345418669,1785826301164256968
96395418670,1785826301214491234
96445418671,1785826301264388808
96495418671,1785826301314270412
96545418672,1785826301364699543
96595418673,1785826301414730779
96645418674,1785826301464750880
96695418674,1785826301515226934
96745418675,1785826301565129663
96795418676,1785826301614756939
96845418677,1785826301665355524
96895418677,1785826301714989995
96945418678,1785826301765291972
96995418679,1785826301815837700
97045418679,1785826301865445942
97095418680,1785826301915787581
97145418681,1785826301965918085
97195418682,1785826302015853147
97245418682,1785826302066077997
97295418683,1785826302115854615
97345418684,1785826302166055168
97395418685,1785826302217082455
97445418685,1785826302266167810
97495418686,1785826302316427279
97545418687,1785826302366430299
97595418688,1785826302416667585
97645418688,1785826302467100897
97695418689,1785826302516841166
97745418690,1785826302566905011
97795418691,1785826302617004666
97845418691,1785826302667014711
97895418692,1785826302717049009
97945418693,1785826302767943036
97995418694,1785826302817298043
98045418694,1785826302867609502
98095418695,1785826302917748461
98145418696,1785826302967755451
98195418697,1785826303017790502
98245418697,1785826303067868346
98295418698,1785826303118054037
98345418699,1785826303167982657
98395418700,1785826303217986244
98445418700,1785826303268772853
98495418701,1785826303319082851
98545418702,1785826303368915278
98595418703,1785826303418634289
98645418703,1785826303469121049
98695418704,1785826303519011076
98745418705,1785826303569306145
98795418706,1785826303618984461
98845418706,1785826303669311466
98895418707,1785826303719724332
98945418708,1785826303769556582
98995418709,1785826303819793025
99045418709,1785826303869681366
99095418710,1785826303919936474
99145418711,1785826303970572656
99195418712,1785826304019900678
99245418712,1785826304070234999
99295418713,1785826304120247150
99345418714,1785826304170368148
99395418715,1785826304220250099
99445418715,1785826304270409907
99495418716,1785826304320846934
99545418717,1785826304371010622
99595418717,1785826304421100502
99645418718,1785826304471274959
99695418719,1785826304521339315
99745418720,1785826304570918112
99795418720,1785826304621158958
99845418721,1785826304671407918
99895418722,1785826304721368420
99945418723,1785826304771739115
99995418723,1785826304821350664
100045418724,1785826304871416668
100095418725,1785826304922593957
100145418726,1785826304971765173
100195418726,1785826305021613078
100245418727,1785826305072105489
100295418728,1785826305122352962
100345418729,1785826305172044400
100395418729,1785826305222274115
100445418730,1785826305272231233
100495418731,1785826305322265210
100545418732,1785826305372798429
100595418732,1785826305422754825
100645418733,1785826305472290018
100695418734,1785826305522657701
100745418735,1785826305572941897
100795418735,1785826305623040342
100845418736,1785826305673117856
100895418737,1785826305723175154
100945418738,1785826305773435860
100995418738,1785826305823293270
101045418739,1785826305873449646
101095418740,1785826305923291567
101145418741,1785826305973689590
101195418741,1785826306023387412
101245418742,1785826306073647225
101295418743,1785826306123878570
101345418744,1785826306173914785
101395418744,1785826306223889848
101445418745,1785826306274278057
101495418746,1785826306324259542
101545418747,1785826306374118123
101595418747,1785826306424337615
101645418748,1785826306474783096
101695418749,1785826306524270652
101745418750,1785826306574899976
101795418750,1785826306624516753
101845418751,1785826306674826521
101895418752,1785826306724934038
101945418752,1785826306774999844
101995418753,1785826306825143224
102045418754,1785826306875046785
102095418755,1785826306925245753
102145418755,1785826306975878679
102195418756,1785826307025571364
102245418757,1785826307075663625
102295418758,1785826307125531631
102345418758,1785826307175480056
102395418759,1785826307225464155
102445418760,1785826307275558586
102495418761,1785826307325690474
102545418761,1785826307376072360
102595418762,1785826307426070225
102645418763,1785826307476350825
102695418764,1785826307526186629
102745418764,1785826307576731937
102795418765,1785826307626764839
102845418766,1785826307676362328
102895418767,1785826307726435142
102945418767,1785826307776731167
102995418768,1785826307826807550
103045418769,1785826307877194095
103095418770,1785826307927761947
103145418770,1785826307977541890
103195418771,1785826308027497209
103245418772,1785826308077471204
103295418773,1785826308127836853
103345418773,1785826308177940225
103395418774,1785826308228651959
103445418775,1785826308277947559
103495418776,1785826308328000548
103545418776,1785826308378167475
103595418777,1785826308428192345
103645418778,1785826308478646923
103695418779,1785826308528178701
103745418779,1785826308579148939
103795418780,1785826308628924266
103845418781,1785826308679020794
103895418782,1785826308728954438
103945418782,1785826308778983319
103995418783,1785826308829395449
104045418784,1785826308879639049
104095418785,1785826308929394426
104145418785,1785826308979440411
104195418786,1785826309030130004
104245418787,1785826309079923736
104295418788,1785826309129952405
104345418788,1785826309180164231
104395418789,1785826309229960633
104445418790,1785826309280314675
104495418790,1785826309330540897
104545418791,1785826309380306582
104595418792,1785826309430951802
104645418793,1785826309481270880
104695418793,1785826309531397612
104745418794,1785826309580835428
104795418795,1785826309630999374
104845418796,1785826309681277775
104895418796,1785826309731446661
104945418797,1785826309781287135
104995418798,1785826309831918251
105045418799,1785826309881553744
105095418799,1785826309931744235
105145418800,1785826309982149503
105195418801,1785826310031645937
105245418802,1785826310082188092
105295418802,1785826310132060735
105345418803,1785826310182442140
105395418804,1785826310232264482
105445418805,1785826310282753068
105495418805,1785826310332169694
105545418806,1785826310382689377
105595418807,1785826310432711448
105645418808,1785826310482586528
105695418808,1785826310532538853
105745418809,1785826310583023252
105795418810,1785826310632847223
105845418811,1785826310682778329
105895418811,1785826310733107137
105945418812,1785826310782931671
105995418813,1785826310832991246
106045418814,1785826310883470853
106095418814,1785826310933532791
106145418815,1785826310983761523
106195418816,1785826311033573113
106245418817,1785826311084010363
106295418817,1785826311134348542
106345418818,1785826311184600824
106395418819,1785826311234095037
106445418820,1785826311284070524
106495418820,1785826311334109588
106545418821,1785826311384679041
106595418822,1785826311434169993
106645418823,1785826311484790417
106695418823,1785826311534651388
106745418824,1785826311585043775
106795418825,1785826311634725888
106845418826,1785826311684854478
106895418826,1785826311734766602
106945418827,1785826311785200146
106995418828,1785826311834925626
107045418828,1785826311885081475
107095418829,1785826311934871666
107145418830,1785826311985345968
107195418831,1785826312035116065
107245418831,1785826312085422036
107295418832,1785826312135658764
107345418833,1785826312186164072
107395418834,1785826312235886510
107445418834,1785826312285996545
107495418835,1785826312335765302
107545418836,1785826312385800787
107595418837,1785826312436019941
107645418837,1785826312486027386
107695418838,1785826312535836901
107745418839,1785826312586220893
107795418840,1785826312636214529
107845418840,1785826312686598094
107895418841,1785826312736704736
107945418842,1785826312786512466
107995418843,1785826312836558261
108045418843,1785826312887012361
108095418844,1785826312936643577
108145418845,1785826312986699847
108195418846,1785826313036869606
108245418846,1785826313086908350
108295418847,1785826313137169314
108345418848,1785826313187161312
108395418849,1785826313237232422
108445418849,1785826313287932879
108495418850,1785826313337497131
108545418851,1785826313387553659
108595418852,1785826313437731715
108645418852,1785826313487931151
108695418853,1785826313537765463
108745418854,1785826313587816307
108795418855,1785826313638002452
108845418855,1785826313688680525
108895418856,1785826313738239691
108945418857,1785826313788368444
108995418858,1785826313838090758
109045418858,1785826313888501519
109095418859,1785826313938596858
109145418860,1785826313988612213
109195418861,1785826314039149697
109245418861,1785826314088610739
109295418862,1785826314138410668
109345418863,1785826314188946467
109395418864,1785826314238754562
109445418864,1785826314288797961
109495418865,1785826314339097625
109545418866,1785826314389540342
109595418866,1785826314439235944
109645418867,1785826314489387997
109695418868,1785826314539489822
109745418869,1785826314590030962
109795418869,1785826314640211783
109845418870,1785826314690314733
109895418871,1785826314739683622
109945418872,1785826314790000569
109995418872,1785826314840295076
110045418873,1785826314890479844
110095418874,1785826314940425497
110145418875,1785826314990812460
110195418875,1785826315040856339
110245418876,1785826315090329752
110295418877,1785826315140684568
110345418878,1785826315190415272
110395418878,1785826315240678090
110445418879,1785826315291081944
110495418880,1785826315341216954
110545418881,1785826315390851358
110595418881,1785826315440807651
110645418882,1785826315491197632
110695418883,1785826315541243633
110745418884,1785826315591651077
110795418884,1785826315641245098
110845418885,1785826315691702317
110895418886,1785826315741449643
110945418887,1785826315792256937
110995418887,1785826315841971964
111045418888,1785826315892264841
111095418889,1785826315942042791
111145418890,1785826315992527204
111195418890,1785826316042212466
111245418891,1785826316092191147
111295418892,1785826316142555964
111345418893,1785826316192281319
111395418893,1785826316243986497
111445418894,1785826316292952052
111495418895,1785826316342735315
111545418896,1785826316392941306
111595418896,1785826316442984496
111645418897,1785826316492937782
111695418898,1785826316543319064
111745418899,1785826316592984833
111795418899,1785826316643304982
111845418900,1785826316693208399
111895418901,1785826316743677210
111945418902,1785826316793505127
111995418902,1785826316844200943
112045418903,1785826316893929222
112095418904,1785826316944353960
112145418904,1785826316994313317
112195418905,1785826317044268399
112245418906,1785826317094637556
112295418907,1785826317144636773
112345418907,1785826317194723333
112395418908,1785826317244187081
112445418909,1785826317295276878
112495418910,1785826317344513569
112545418910,1785826317395011028
112595418911,1785826317444636227
112645418912,1785826317494875719
112695418913,1785826317545202463
112745418913,1785826317595044896
112795418914,1785826317645382719
112845418915,1785826317695556082
112895418916,1785826317745575141
112945418916,1785826317795737435
112995418917,1785826317845464892
113045418918,1785826317895676459
113095418919,1785826317946200582
113145418919,1785826317996184700
113195418920,1785826318045822823
113245418921,1785826318096671589
113295418922,1785826318146102318
113345418922,1785826318198366226
113395418923,1785826318246594897
113445418924,1785826318296651327
113495418925,1785826318346525495
113545418925,1785826318396916450
113595418926,1785826318447817919
113645418927,1785826318497133066
113695418928,1785826318547694871
113745418928,1785826318597751048
113795418929,1785826318647634397
113845418930,1785826318697856204
113895418931,1785826318747487365
113945418931,1785826318797657808
113995418932,1785826318847861829
114045418933,1785826318898008570
114095418934,1785826318948183379
114145418934,1785826318998186754
114195418935,1785826319048121718
114245418936,1785826319098736537
114295418937,1785826319148247865
114345418937,1785826319198289116
114395418938,1785826319249188113
114445418939,1785826319298963611
114495418940,1785826319348812087
114545418940,1785826319399150249
114595418941,1785826319449204972
114645418942,1785826319498888270
114695418942,1785826319548801532
114745418943,1785826319599288681
114795418944,1785826319649678687
114845418945,1785826319699766709
114895418945,1785826319749333279
114945418946,1785826319799724678
114995418947,1785826319849700098
115045418948,1785826319899659501
115095418948,1785826319949797291
115145418949,1785826320000043736
115195418950,1785826320049725074
115245418951,1785826320100089652
115295418951,1785826320150566694
115345418952,1785826320200779371
115395418953,1785826320250271617
115445418954,1785826320300847136
115495418954,1785826320351121367
115545418955,1785826320400725554
115595418956,1785826320450765107
115645418957,1785826320501098356
115695418957,1785826320551452828
115745418958,1785826320601213947
115795418959,1785826320651253159
115845418960,1785826320701546067
115895418960,1785826320751362351
115945418961,1785826320801720481
115995418962,1785826320852143432
116045418963,1785826320901874164
116095418963,1785826320951876893
116145418964,1785826321001928941
116195418965,1785826321052066557
116245418966,1785826321102285326
116295418966,1785826321152042725
116345418967,1785826321202476935
116395418968,1785826321252478815
116445418969,1785826321302669461
116495418969,1785826321352657228
116545418970,1785826321402722710
116595418971,1785826321453105493
116645418972,1785826321502814240
116695418972,1785826321553046198
116745418973,1785826321603113251
116795418974,1785826321653086037
116845418975,1785826321703984243
116895418975,1785826321753654606
116945418976,1785826321803594007
116995418977,1785826321853707522
117045418978,1785826321903475847
117095418978,1785826321953698573
117145418979,1785826322004030422
117195418980,1785826322053721274
117245418980,1785826322104113470
117295418981,1785826322154343121
117345418982,1785826322204379744
117395418983,1785826322254009094
117445418983,1785826322304907355
117495418984,1785826322354455462
117545418985,1785826322404276659
117595418986,1785826322454920179
117645418986,1785826322504817841
117695418987,1785826322555001344
117745418988,1785826322604877353
117795418989,1785826322655277668
117845418989,1785826322705040612
117895418990,1785826322754866577
117945418991,1785826322805296837
117995418992,1785826322855685594
118045418992,1785826322905816959
118095418993,1785826322955831790
118145418994,1785826323005979693
118195418995,1785826323056092364
118245418995,1785826323105652366
118295418996,1785826323156469059
118345418997,1785826323205766931
118395418998,1785826323255909820
118445418998,1785826323305927069
118495418999,1785826323356117986
118545419000,1785826323406180412
118595419001,1785826323456650988
118645419001,1785826323506879853
118695419002,1785826323556539870
118745419003,1785826323606757559
118795419004,1785826323656956842
118845419004,1785826323707417375
118895419005,1785826323756770318
118945419006,1785826323806851787
118995419007,1785826323857189707
119045419007,1785826323907264481
119095419008,1785826323957125721
119145419009,1785826324007283542
119195419010,1785826324057323367
119245419010,1785826324107513714
119295419011,1785826324158090232
119345419012,1785826324208195173
119395419013,1785826324257929342
119445419013,1785826324308216847
119495419014,1785826324358486554
119545419015,1785826324408902941
119595419016,1785826324458839396
119645419016,1785826324508356402
119695419017,1785826324558444580
119745419018,1785826324608848889
119795419018,1785826324659005245
119845419019,1785826324709080532
119895419020,1785826324759023716
119945419021,1785826324809100337
119995419021,1785826324859005958
120045419022,1785826324909457946
120095419023,1785826324959098364
120145419024,1785826325010206586
120195419024,1785826325059826592
120245419025,1785826325110959740
120295419026,1785826325159790824
120345419027,1785826325209999105
120395419027,1785826325259759390
120445419028,1785826325310143920
120495419029,1785826325360234652
120545419030,1785826325410181356
120595419030,1785826325460429679
120645419031,1785826325510279330
120695419032,1785826325560550943
120745419033,1785826325610333805
120795419033,1785826325660326846
120845419034,1785826325710617091
120895419035,1785826325760401297
120945419036,1785826325810750922
120995419036,1785826325860981079
121045419037,1785826325910709025
121095419038,1785826325961027884
121145419039,1785826326011172997
121195419039,1785826326061272207
121245419040,1785826326111174144
121295419041,1785826326161267799
121345419042,1785826326211815830
121395419042,1785826326261795131
121445419043,1785826326311638380
121495419044,1785826326361565027
121545419045,1785826326412174371
121595419045,1785826326462062132
121645419046,1785826326511838658
121695419047,1785826326562314632
121745419048,1785826326612398654
121795419048,1785826326662559179
121845419049,1785826326712859185
121895419050,1785826326762197052
121945419051,1785826326812710457
121995419051,1785826326862552298
122045419052,1785826326912612361
122095419053,1785826326962725857
122145419054,1785826327012709967
122195419054,1785826327062746597
122245419055,1785826327113244679
122295419056,1785826327162955858
122345419056,1785826327213289443
122395419057,1785826327263191153
122445419058,1785826327313207011
122495419059,1785826327363395171
122545419059,1785826327413618454
122595419060,1785826327464025777
122645419061,1785826327513932822
122695419062,1785826327563879984
122745419062,1785826327614355459
122795419063,1785826327663978774
122845419064,1785826327714121790
122895419065,1785826327764121950
122945419065,1785826327814076485
122995419066,1785826327864683911
123045419067,1785826327914557268
123095419068,1785826327964322438
123145419068,1785826328014954382
123195419069,1785826328064754784
123245419070,1785826328114781779
123295419071,1785826328165113287
123345419071,1785826328214830254
123395419072,1785826328265093208
123445419073,1785826328314982763
123495419074,1785826328365484352
123545419074,1785826328415561720
123595419075,1785826328465489419
123645419076,1785826328515665139
123695419077,1785826328565783374
123745419077,1785826328615729982
123795419078,1785826328665684512
123845419079,1785826328716144946
123895419080,1785826328766335964
123945419080,1785826328816183558
123995419081,1785826328866240681
124045419082,1785826328916378863
124095419083,1785826328966811944
124145419083,1785826329016837093
124195419084,1785826329066931776
124245419085,1785826329116835128
124295419086,1785826329166688033
124345419086,1785826329216799002
124395419087,1785826329267036181
124445419088,1785826329317415852
124495419089,1785826329366923320
124545419089,1785826329417270925
124595419090,1785826329467200940
124645419091,1785826329517236826
124695419092,1785826329567347921
124745419092,1785826329617456318
124795419093,1785826329667368137
124845419094,1785826329717859641
124895419094,1785826329767870599
124945419095,1785826329818084407
124995419096,1785826329868057866
125045419097,1785826329918252927
125095419097,1785826329968107321
125145419098,1785826330018191060
125195419099,1785826330068482610
125245419100,1785826330118543893
125295419100,1785826330168932440
125345419101,1785826330218747068
125395419102,1785826330268883575
125445419103,1785826330318821049
125495419103,1785826330369206215
125545419104,1785826330419274373
125595419105,1785826330469376194
125645419106,1785826330519806177
125695419106,1785826330569450396
125745419107,1785826330619980291
125795419108,1785826330669838800
125845419109,1785826330720287129
125895419109,1785826330770032638
125945419110,1785826330820444940
125995419111,1785826330870251891
126045419112,1785826330920590839
126095419112,1785826330970442276
126145419113,1785826331020771574
126195419114,1785826331071065829
126245419115,1785826331120711317
126295419115,1785826331170779354
126345419116,1785826331220993569
126395419117,1785826331270862788
126445419118,1785826331321057721
126495419118,1785826331370972554
126545419119,1785826331421724974
126595419120,1785826331471328828
126645419121,1785826331521306693
126695419121,1785826331571174229
126745419122,1785826331621687502
126795419123,1785826331671519950
126845419124,1785826331721411373
126895419124,1785826331772123216
126945419125,1785826331822166755
126995419126,1785826331872114661
127045419127,1785826331922009180
127095419127,1785826331972202052
127145419128,1785826332022300005
127195419129,1785826332072240343
127245419129,1785826332122346101
127295419130,1785826332172379619
127345419131,1785826332222414869
127395419132,1785826332272710759
127445419132,1785826332322984818
127495419133,1785826332373071104
127545419134,1785826332423464883
127595419135,1785826332473144472
127645419135,1785826332523279068
127695419136,1785826332573434988
127745419137,1785826332623552377
127795419138,1785826332673737616
127845419138,1785826332723760826
127895419139,1785826332773613765
127945419140,1785826332823867341
127995419141,1785826332873802481
128045419141,1785826332924086297
128095419142,1785826332974366584
128145419143,1785826333024573789
128195419144,1785826333074256400
128245419144,1785826333125094080
128295419145,1785826333174493666
128345419146,1785826333224794791
128395419147,1785826333274692849
128445419147,1785826333324876952
128495419148,1785826333374908485
128545419149,1785826333425890365
128595419150,1785826333475039281
128645419150,1785826333525581270
128695419151,1785826333575697623
128745419152,1785826333626575057
128795419153,1785826333675994676
128845419153,1785826333725940158
128895419154,1785826333776212302
128945419155,1785826333826413209
128995419156,1785826333876495922
129045419156,1785826333926707063
129095419157,1785826333976391272
129145419158,1785826334026414690
129195419159,1785826334076388062
129245419159,1785826334126386719
129295419160,1785826334177060742
129345419161,1785826334226701174
129395419162,1785826334276554408
129445419162,1785826334327241714
129495419163,1785826334376821951
129545419164,1785826334427090707
129595419165,1785826334477489363
129645419165,1785826334527248456
129695419166,1785826334577411210
129745419167,1785826334627804171
129795419167,1785826334677825297
129845419168,1785826334728072219
129895419169,1785826334777969767
129945419170,1785826334827701740
129995419170,1785826334878211056
130045419171,1785826334928239372
130095419172,1785826334978277035
130145419173,1785826335028306226
130195419173,1785826335078383770
130245419174,1785826335128636194
130295419175,1785826335178858941
130345419176,1785826335228836805
130395419176,1785826335279176032
130445419177,1785826335328875033
130495419178,1785826335379197356
130545419179,1785826335429235909
130595419179,1785826335479165770
130645419180,1785826335529130999
130695419181,1785826335579168576
130745419182,1785826335629826694
130795419182,1785826335679653567
130845419183,1785826335729706000
130895419184,1785826335780076614
130945419185,1785826335830212091
130995419185,1785826335879844263
131045419186,1785826335930016229
131095419187,1785826335980536725
131145419188,1785826336030717570
131195419188,1785826336080255136
131245419189,1785826336131377603
131295419190,1785826336181053986
131345419191,1785826336230770357
131395419191,1785826336281128835
131445419192,1785826336331037540
131495419193,1785826336381191808
131545419194,1785826336430955881
131595419194,1785826336481241593
131645419195,1785826336531356914
131695419196,1785826336581410852
131745419197,1785826336631995207
131795419197,1785826336681898798
131845419198,1785826336732050764
131895419199,1785826336781755586
131945419200,1785826336832067327
131995419200,1785826336882390376
132045419201,1785826336932166985
132095419202,1785826336982469833
132145419203,1785826337032783579
132195419203,1785826337082419763
132245419204,1785826337132380487
132295419205,1785826337182660112
132345419205,1785826337232698699
132395419206,1785826337282553775
132445419207,1785826337332787232
132495419208,1785826337383074967
132545419208,1785826337433234983
132595419209,1785826337482977055
132645419210,1785826337532991836
132695419211,1785826337583101820
132745419211,1785826337633193044
132795419212,1785826337683292594
132845419213,1785826337733588619
132895419214,1785826337783411718
132945419214,1785826337833341642
132995419215,1785826337883610823
133045419216,1785826337933710765
133095419217,1785826337983984913
133145419217,1785826338033937847
133195419218,1785826338084156951
133245419219,1785826338134704652
133295419220,1785826338184169187
133345419220,1785826338234859306
133395419221,1785826338284952136
133445419222,1785826338335232415
133495419223,1785826338385559128
133545419223,1785826338435060062
133595419224,1785826338485430816
133645419225,1785826338536157340
133695419226,1785826338585380542
133745419226,1785826338635492168
133795419227,1785826338686034544
133845419228,1785826338735717383
133895419229,1785826338785973124
133945419229,1785826338835877191
133995419230,1785826338885829654
134045419231,1785826338936145596
134095419232,1785826338986070775
134145419232,1785826339036152595
134195419233,1785826339086612571
134245419234,1785826339136245518
134295419235,1785826339186282088
134345419235,1785826339236844369
134395419236,1785826339286569809
134445419237,1785826339336811962
134495419238,1785826339386801027
134545419238,1785826339436957206
134595419239,1785826339487238620
134645419240,1785826339537301197
134695419241,1785826339587201529
134745419241,1785826339637261096
134795419242,1785826339687600207
134845419243,1785826339737416617
134895419243,1785826339787414442
134945419244,1785826339837793894
134995419245,1785826339888005453
135045419246,1785826339938392965
135095419246,1785826339988197166
135145419247,1785826340038314562
135195419248,1785826340088239271
135245419249,1785826340138846587
135295419249,1785826340188419210
135345419250,1785826340238795937
135395419251,1785826340289012606
135445419252,1785826340338643810
135495419252,1785826340388531859
135545419253,1785826340438824106
135595419254,1785826340489006630
135645419255,1785826340539146531
135695419255,1785826340589241937
135745419256,1785826340639139115
135795419257,1785826340689670783
135845419258,1785826340739885033
135895419258,1785826340789850657
135945419259,1785826340839765092
135995419260,1785826340889798192
136045419261,1785826340940001591
136095419261,1785826340990133649
136145419262,1785826341040093247
136195419263,1785826341089897651
136245419264,1785826341140494542
136295419264,1785826341189950247
136345419265,1785826341240514649
136395419266,1785826341290570994
136445419267,1785826341340609529
136495419267,1785826341390648149
136545419268,1785826341440951553
136595419269,1785826341491081066
136645419270,1785826341540773250
136695419270,1785826341591114203
136745419271,1785826341641672850
136795419272,1785826341691573433
136845419273,1785826341741620473
136895419273,1785826341791338869
136945419274,1785826341841499339
136995419275,1785826341891930822
137045419276,1785826341941933747
137095419276,1785826341991764247
137145419277,1785826342042430923
137195419278,1785826342091808159
137245419279,1785826342142108676
137295419279,1785826342192060974
137345419280,1785826342242054400
137395419281,1785826342292335997
137445419281,1785826342342120079
137495419282,1785826342392431751
137545419283,1785826342443149182
137595419284,1785826342492472359
137645419284,1785826342542627611
137695419285,1785826342592854885
137745419286,1785826342643100092
137795419287,1785826342693086529
137845419287,1785826342742863414
137895419288,1785826342793293367
137945419289,1785826342843315365
137995419290,1785826342893361054
138045419290,1785826342943553857
138095419291,1785826342993432674
138145419292,1785826343044587664
138195419293,1785826343093908169
138245419293,1785826343144076792
138295419294,1785826343194447100
138345419295,1785826343244629755
138395419296,1785826343294088293
138445419296,1785826343344288025
138495419297,1785826343394786252
138545419298,1785826343445297655
138595419299,1785826343495104406
138645419299,1785826343544975647
138695419300,1785826343594913823
138745419301,1785826343644808678
138795419302,1785826343695196309
138845419302,1785826343745650959
138895419303,1785826343796330953
138945419304,1785826343845614134
138995419305,1785826343895553535
139045419305,1785826343945857989
139095419306,1785826343996004618
139145419307,1785826344045852232
139195419308,1785826344095898196
139245419308,1785826344145952260
139295419309,1785826344196933800
139345419310,1785826344246349925
139395419311,1785826344296867097
139445419311,1785826344346174080
139495419312,1785826344396737710
139545419313,1785826344447039835
139595419314,1785826344496884891
139645419314,1785826344547862564
139695419315,1785826344597081566
139745419316,1785826344647080429
139795419317,1785826344697586138
139845419317,1785826344747225474
139895419318,1785826344797010693
139945419319,1785826344847057503
139995419319,1785826344897455324
140045419320,1785826344947877056
140095419321,1785826344997513158
140145419322,1785826345047753674
140195419322,1785826345097806574
140245419323,1785826345148089768
140295419324,1785826345198018571
140345419325,1785826345248296294
140395419325,1785826345298038403
140445419326,1785826345349059325
140495419327,1785826345398485011
140545419328,1785826345448629042
140595419328,1785826345498733589
140645419329,1785826345548304801
140695419330,1785826345599078128
140745419331,1785826345648939378
140795419331,1785826345698808960
140845419332,1785826345749008656
140895419333,1785826345799213151
140945419334,1785826345849368088
140995419334,1785826345899319236
141045419335,1785826345949717916
141095419336,1785826345999697460
141145419337,1785826346049608401
141195419337,1785826346099854333
141245419338,1785826346149876709
141295419339,1785826346199862139
141345419340,1785826346250216993
141395419340,1785826346300179747
141445419341,1785826346349965786
141495419342,1785826346400218633
141545419343,1785826346450474879
141595419343,1785826346501019549
141645419344,1785826346551107749
141695419345,1785826346601106093
141745419346,1785826346651224636
141795419346,1785826346701907652
141845419347,1785826346751400072
141895419348,1785826346801775209
141945419349,1785826346852041544
141995419349,1785826346902479780
142045419350,1785826346952527166
142095419351,1785826347002252789
142145419352,1785826347052218209
142195419352,1785826347102154640
142245419353,1785826347152226007
142295419354,1785826347202267591
142345419355,1785826347252217339
142395419355,1785826347302669519
142445419356,1785826347352369356
142495419357,1785826347403142748
142545419357,1785826347453001626
142595419358,1785826347502934258
142645419359,1785826347553121307
142695419360,1785826347603140700
142745419360,1785826347653144674
142795419361,1785826347704145942
142845419362,1785826347754043915
142895419363,1785826347804089165
142945419363,1785826347854195965
142995419364,1785826347903657344
143045419365,1785826347954309908
143095419366,1785826348004292057
143145419366,1785826348054282443
143195419367,1785826348104288601
143245419368,1785826348155025617
143295419369,1785826348204604682
143345419369,1785826348254796725
143395419370,1785826348304791235
143445419371,1785826348355265402
143495419372,1785826348404772987
143545419372,1785826348455336422
143595419373,1785826348505612607
143645419374,1785826348555279630
143695419375,1785826348605549961
143745419375,1785826348655901407
143795419376,1785826348705986132
143845419377,1785826348756200533
143895419378,1785826348805851381
143945419378,1785826348855927981
143995419379,1785826348906787564
144045419380,1785826348956382528
144095419381,1785826349006574003
144145419381,1785826349056696880
144195419382,1785826349106347352
144245419383,1785826349156500503
144295419384,1785826349206713617
144345419384,1785826349257305066
144395419385,1785826349306752856
144445419386,1785826349356953645
144495419387,1785826349406985772
144545419387,1785826349457424236
144595419388,1785826349506899156
144645419389,1785826349557165743
144695419390,1785826349607087022
144745419390,1785826349657847637
144795419391,1785826349707290819
144845419392,1785826349757560305
144895419393,1785826349807557231
144945419393,1785826349857913889
144995419394,1785826349907944041
145045419395,1785826349958093919
145095419395,1785826350008150929
145145419396,1785826350057835370
145195419397,1785826350108298522
145245419398,1785826350158110254
145295419398,1785826350208328054
145345419399,1785826350258598181
145395419400,1785826350308541411
145445419401,1785826350358534182
145495419401,1785826350408984675
145545419402,1785826350458969433
145595419403,1785826350508978163
145645419404,1785826350559220796
145695419404,1785826350609141565
145745419405,1785826350659271362
145795419406,1785826350709184575
145845419407,1785826350759565523
145895419407,1785826350810107985
145945419408,1785826350860118345
145995419409,1785826350909848544
146045419410,1785826350960016597
146095419410,1785826351010478830
146145419411,1785826351060624731
146195419412,1785826351110479045
146245419413,1785826351160798522
146295419413,1785826351210623407
146345419414,1785826351260854214
146395419415,1785826351310672511
146445419416,1785826351361071849
146495419416,1785826351411205432
146545419417,1785826351461086515
146595419418,1785826351510909494
146645419419,1785826351561708789
146695419419,1785826351611193347
146745419420,1785826351661866562
146795419421,1785826351711459573
146845419422,1785826351761694818
146895419422,1785826351812142048
146945419423,1785826351861520077
146995419424,1785826351912190661
147045419425,1785826351961796511
147095419425,1785826352011969200
147145419426,1785826352062037941
147195419427,1785826352111968441
147245419428,1785826352162366941
147295419428,1785826352212092703
147345419429,1785826352262317169
147395419430,1785826352312275239
147445419431,1785826352362520840
147495419431,1785826352412836641
147545419432,1785826352462742557
147595419433,1785826352513195827
147645419433,1785826352563235653
147695419434,1785826352613029185
147745419435,1785826352663454155
147795419436,1785826352713478948
147845419436,1785826352763533864
147895419437,1785826352813661046
147945419438,1785826352863927425
147995419439,1785826352913872554
148045419439,1785826352964854327
148095419440,1785826353014414030
148145419441,1785826353064541551
148195419442,1785826353114514969
148245419442,1785826353165051443
148295419443,1785826353214749068
148345419444,1785826353265449335
148395419445,1785826353315064859
148445419445,1785826353364995884
148495419446,1785826353415398549
148545419447,1785826353465259951
148595419448,1785826353515665881
148645419448,1785826353565745224
148695419449,1785826353615954972
148745419450,1785826353665817914
148795419451,1785826353716037039
148845419451,1785826353766205592
148895419452,1785826353815635614
148945419453,1785826353865951240
148995419454,1785826353916285168
149045419454,1785826353965989199
149095419455,1785826354016447303
149145419456,1785826354066355544
149195419457,1785826354116232569
149245419457,1785826354166753300
149295419458,1785826354216779318
149345419459,1785826354267233500
149395419460,1785826354317811638
149445419460,1785826354367236740
149495419461,1785826354417162274
149545419462,1785826354467221939
149595419463,1785826354517548042
149645419463,1785826354567697458
149695419464,1785826354617731596
149745419465,1785826354668051011
149795419466,1785826354717828120
149845419466,1785826354768140821
149895419467,1785826354817761104
149945419468,1785826354868397944
149995419468,1785826354918212155
150045419469,1785826354968468423
150095419470,1785826355018451336
150145419471,1785826355068780292
150195419471,1785826355118397440
150245419472,1785826355168725612
150295419473,1785826355218574805
150345419474,1785826355269013704
150395419474,1785826355318661626
150445419475,1785826355368690845
150495419476,1785826355418878671
150545419477,1785826355468994283
150595419477,1785826355519189677
150645419478,1785826355569165631
150695419479,1785826355619739110
150745419480,1785826355670701117
150795419480,1785826355719553647
150845419481,1785826355769843393
150895419482,1785826355819881985
150945419483,1785826355870248481
150995419483,1785826355920735251
151045419484,1785826355970897518
151095419485,1785826356020215878
151145419486,1785826356070477666
151195419486,1785826356120593289
151245419487,1785826356170980437
151295419488,1785826356220458817
151345419489,1785826356270532228
151395419489,1785826356320531097
151445419490,1785826356370818387
151495419491,1785826356421091804
151545419492,1785826356471449428
151595419492,1785826356521139370
151645419493,1785826356571143854
151695419494,1785826356621053628
151745419495,1785826356671869020
151795419495,1785826356721164545
151845419496,1785826356771460702
151895419497,1785826356821353747
151945419498,1785826356871603135
151995419498,1785826356921822277
152045419499,1785826356971589406
152095419500,1785826357022092870
152145419501,1785826357072109489
152195419501,1785826357121954372
152245419502,1785826357172026013
152295419503,1785826357221845094
152345419504,1785826357272236645
152395419504,1785826357322101357
152445419505,1785826357372534853
152495419506,1785826357423013075
152545419506,1785826357472943564
152595419507,1785826357522676083
152645419508,1785826357572448252
152695419509,1785826357622434975
152745419509,1785826357673599893
152795419510,1785826357723294679
152845419511,1785826357773242912
152895419512,1785826357823010508
152945419512,1785826357873239979
152995419513,1785826357923377944
153045419514,1785826357973300120
153095419515,1785826358023445741
153145419515,1785826358073977709
153195419516,1785826358123796025
153245419517,1785826358174063270
153295419518,1785826358223659712
153345419518,1785826358274200197
153395419519,1785826358324134088
153445419520,1785826358374218010
153495419521,1785826358424542492
153545419521,1785826358474549406
153595419522,1785826358524515105
153645419523,1785826358574863176
153695419524,1785826358624898471
153745419524,1785826358675102145
153795419525,1785826358725207843
153845419526,1785826358775192482
153895419527,1785826358825119569
153945419527,1785826358875599483
153995419528,1785826358925499112
154045419529,1785826358975997119
154095419530,1785826359025678845
154145419530,1785826359075877239
154195419531,1785826359126012445
154245419532,1785826359176326696
154295419533,1785826359226026854
154345419533,1785826359276120463
154395419534,1785826359326677298
154445419535,1785826359376759497
154495419536,1785826359426574515
154545419536,1785826359477966412
154595419537,1785826359526832718
154645419538,1785826359577393579
154695419539,1785826359627881180
154745419539,1785826359677949350
154795419540,1785826359727776650
154845419541,1785826359777740332
154895419542,1785826359827733767
154945419542,1785826359878003889
154995419543,1785826359928211342
155045419544,1785826359978281039
155095419544,1785826360028182305
155145419545,1785826360077992029
155195419546,1785826360127949993
155245419547,1785826360178270289
155295419547,1785826360228380481
155345419548,1785826360278729513
155395419549,1785826360328233197
155445419550,1785826360380524657
155495419550,1785826360428760274
155545419551,1785826360479028068
155595419552,1785826360528710574
155645419553,1785826360578953698
155695419553,1785826360628870301
155745419554,1785826360678969700
155795419555,1785826360729115716
155845419556,1785826360779484454
155895419556,1785826360829588064
155945419557,1785826360879363268
155995419558,1785826360929519462
156045419559,1785826360980076389
156095419559,1785826361029533879
156145419560,1785826361079912318
156195419561,1785826361129721665
156245419562,1785826361180069715
156295419562,1785826361230171561
156345419563,1785826361280227840
156395419564,1785826361330844472
156445419565,1785826361380291526
156495419565,1785826361430474937
156545419566,1785826361480418958
156595419567,1785826361530652496
156645419568,1785826361580748343
156695419568,1785826361630743783
156745419569,1785826361681284687
156795419570,1785826361731224386
156845419571,1785826361781045935
156895419571,1785826361831262679
156945419572,1785826361881300607
156995419573,1785826361931270373
157045419574,1785826361981415669
157095419574,1785826362031828077
157145419575,1785826362082098038
157195419576,1785826362131776224
157245419577,1785826362181924967
157295419577,1785826362232279845
157345419578,1785826362282090570
157395419579,1785826362331758301
157445419580,1785826362381988600
157495419580,1785826362432012114
157545419581,1785826362482317385
157595419582,1785826362533108665
157645419582,1785826362583030522
157695419583,1785826362633127938
157745419584,1785826362683130102
157795419585,1785826362732586671
157845419585,1785826362782627203
157895419586,1785826362832925384
157945419587,1785826362883540761
157995419588,1785826362933701656
158045419588,1785826362983290572
158095419589,1785826363033760858
158145419590,1785826363083292649
158195419591,1785826363133673731
158245419591,1785826363183417958
158295419592,1785826363233732117
158345419593,1785826363283780491
158395419594,1785826363333815624
158445419594,1785826363383960441
158495419595,1785826363434030468
158545419596,1785826363484235469
158595419597,1785826363534192577
158645419597,1785826363584268176
158695419598,1785826363634310183
158745419599,1785826363684675747
158795419600,1785826363735187652
158845419600,1785826363785202063
158895419601,1785826363835345342
158945419602,1785826363885475895
158995419603,1785826363935285137
159045419603,1785826363985242971
159095419604,1785826364035836630
159145419605,1785826364086091205
159195419606,1785826364135486789
159245419606,1785826364185735226
159295419607,1785826364235565283
159345419608,1785826364286262960
159395419609,1785826364335835434
159445419609,1785826364386237058
159495419610,1785826364436353304
159545419611,1785826364485996306
159595419612,1785826364535920415
159645419612,1785826364586613389
159695419613,1785826364636704392
159745419614,1785826364686710104
159795419615,1785826364736544171
159845419615,1785826364787037165
159895419616,1785826364837196250
159945419617,1785826364887324281
159995419618,1785826364937013917
160045419618,1785826364986870848
160095419619,1785826365037023458
160145419620,1785826365087250223
160195419620,1785826365137203978
160245419621,1785826365187234060
160295419622,1785826365237221397
160345419623,1785826365287716961
160395419623,1785826365338049675
160445419624,1785826365387702751
160495419625,1785826365437981411
160545419626,1785826365487823498
160595419626,1785826365537964366
160645419627,1785826365587914802
160695419628,1785826365637905204
160745419629,1785826365688170636
160795419629,1785826365738077624
160845419630,1785826365788221445
160895419631,1785826365838763942
160945419632,1785826365888515371
160995419632,1785826365938954392
161045419633,1785826365988687734
161095419634,1785826366038531927
161145419635,1785826366088999869
161195419635,1785826366138827542
161245419636,1785826366189383547
161295419637,1785826366238956991
161345419638,1785826366289189806
161395419638,1785826366339167712
161445419639,1785826366389960081
161495419640,1785826366439886725
161545419641,1785826366489734779
161595419641,1785826366539827464
161645419642,1785826366590459605
161695419643,1785826366640553941
161745419644,1785826366690288740
161795419644,1785826366740963785
161845419645,1785826366790576833
161895419646,1785826366840485761
161945419647,1785826366890442169
161995419647,1785826366940691284
162045419648,1785826366990948509
162095419649,1785826367040757187
162145419650,1785826367090948907
162195419650,1785826367141638763
162245419651,1785826367191237739
162295419652,1785826367241733520
162345419653,1785826367292005222
162395419653,1785826367341845931
162445419654,1785826367391881500
162495419655,1785826367442249087
162545419656,1785826367491953616
162595419656,1785826367541796588
162645419657,1785826367592378249
162695419658,1785826367642071444
162745419658,1785826367692490469
162795419659,1785826367742443962
162845419660,1785826367792996610
162895419661,1785826367842555725
162945419661,1785826367893012631
162995419662,1785826367942754245
163045419663,1785826367993365831
163095419664,1785826368042887358
163145419664,1785826368092959689
163195419665,1785826368143492801
163245419666,1785826368193119262
163295419667,1785826368243068487
163345419667,1785826368293236406
163395419668,1785826368342952083
163445419669,1785826368393816581
163495419670,1785826368443553320
163545419670,1785826368493350206
163595419671,1785826368543586972
163645419672,1785826368594329580
163695419673,1785826368643770109
163745419673,1785826368694245240
163795419674,1785826368744532665
163845419675,1785826368794410281
163895419676,1785826368844800828
163945419676,1785826368894915778
163995419677,1785826368944746521
164045419678,1785826368994823849
164095419679,1785826369044798970
164145419679,1785826369095145443
164195419680,1785826369145116283
164245419681,1785826369195090104
164295419682,1785826369245239860
164345419682,1785826369295686607
164395419683,1785826369345177383
164445419684,1785826369395717930
164495419685,1785826369445756500
164545419685,1785826369495970474
164595419686,1785826369545624793
164645419687,1785826369596212257
164695419688,1785826369646320195
164745419688,1785826369696283898
164795419689,1785826369746586161
164845419690,1785826369796618866
164895419691,1785826369846682636
164945419691,1785826369896448822
164995419692,1785826369946605474
165045419693,1785826369996838290
165095419694,1785826370046930133
165145419694,1785826370097310541
165195419695,1785826370147040100
165245419696,1785826370197421865
165295419696,1785826370247479836
165345419697,1785826370297735186
165395419698,1785826370347554673
165445419699,1785826370397391639
165495419699,1785826370447932377
165545419700,1785826370498087650
165595419701,1785826370548132601
165645419702,1785826370598360375
165695419702,1785826370648036106
165745419703,1785826370698714220
165795419704,1785826370748531865
165845419705,1785826370798498823
165895419705,1785826370848748473
165945419706,1785826370898659517
165995419707,1785826370948768075
166045419708,1785826370998888298
166095419708,1785826371048956086
166145419709,1785826371098817397
166195419710,1785826371148926462
166245419711,1785826371198930459
166295419711,1785826371248948012
166345419712,1785826371299446657
166395419713,1785826371349216587
166445419714,1785826371399195966
166495419714,1785826371449314096
166545419715,1785826371499633257
166595419716,1785826371549716027
166645419717,1785826371599812976
166695419717,1785826371649941231
166745419718,1785826371699923836
166795419719,1785826371750288801
166845419720,1785826371799909380
166895419720,1785826371850289893
166945419721,1785826371900414930
166995419722,1785826371950629688
167045419723,1785826372000302721
167095419723,1785826372050575621
167145419724,1785826372100938624
167195419725,1785826372150572072
167245419726,1785826372200860312
167295419726,1785826372251350791
167345419727,1785826372301502088
167395419728,1785826372351364346
167445419729,1785826372401330104
167495419729,1785826372451124398
167545419730,1785826372501587901
167595419731,1785826372551509609
167645419732,1785826372601997747
167695419732,1785826372651413134
167745419733,1785826372701315400
167795419734,1785826372751574559
167845419734,1785826372802759244
167895419735,1785826372852309927
167945419736,1785826372902380498
167995419737,1785826372952052595
168045419737,1785826373002775837
168095419738,1785826373052338010
168145419739,1785826373102106237
168195419740,1785826373152549815
168245419740,1785826373202840959
168295419741,1785826373252914346
168345419742,1785826373302965665
168395419743,1785826373352803184
168445419743,1785826373403104271
168495419744,1785826373452917522
168545419745,1785826373503217390
168595419746,1785826373553357246
168645419746,1785826373603122178
168695419747,1785826373653168050
168745419748,1785826373703877860
168795419749,1785826373753712224
168845419749,1785826373803525170
168895419750,1785826373853980738
168945419751,1785826373903868057
168995419752,1785826373954326711
169045419752,1785826374004397768
169095419753,1785826374054427246
169145419754,1785826374104411347
169195419755,1785826374154241689
169245419755,1785826374204687929
169295419756,1785826374255078311
169345419757,1785826374305884157
169395419758,1785826374354803519
169445419758,1785826374405113885
169495419759,1785826374454971454
169545419760,1785826374505276532
169595419761,1785826374555259082
169645419761,1785826374605520155
169695419762,1785826374655282895
169745419763,1785826374705636643
169795419764,1785826374755737958
169845419764,1785826374805705169
169895419765,1785826374856019710
169945419766,1785826374905977426
169995419767,1785826374955949285
170045419767,1785826375006207144
170095419768,1785826375056449493
170145419769,1785826375106555083
170195419770,1785826375156609758
170245419770,1785826375206823780
170295419771,1785826375256573055
170345419772,1785826375307568308
170395419772,1785826375356753047
170445419773,1785826375407116081
170495419774,1785826375457337121
170545419775,1785826375507002554
170595419775,1785826375556967402
170645419776,1785826375607172901
170695419777,1785826375657203300
170745419778,1785826375707170899
170795419778,1785826375757620450
170845419779,1785826375807483489
170895419780,1785826375857669112
170945419781,1785826375907731437
170995419781,1785826375958096928
171045419782,1785826376008229690
171095419783,1785826376057981574
171145419784,1785826376108470595
171195419784,1785826376158336852
171245419785,1785826376208549405
171295419786,1785826376258486397
171345419787,1785826376309303073
171395419787,1785826376358587745
171445419788,1785826376408495365
171495419789,1785826376458497695
171545419790,1785826376508986179
171595419790,1785826376558935131
171645419791,1785826376609119284
171695419792,1785826376659576017
171745419793,1785826376709126817
171795419793,1785826376758960583
171845419794,1785826376809402831
171895419795,1785826376859367783
171945419796,1785826376909295831
171995419796,1785826376959667016
172045419797,1785826377009916821
172095419798,1785826377059851621
172145419799,1785826377109973177
172195419799,1785826377159553148
172245419800,1785826377210340070
172295419801,1785826377260444289
172345419802,1785826377310080221
172395419802,1785826377360233771
172445419803,1785826377410242309
172495419804,1785826377460011317
172545419805,1785826377510297171
172595419805,1785826377560902400
172645419806,1785826377610473323
172695419807,1785826377660587033
172745419808,1785826377710968662
172795419808,1785826377760967476
172845419809,1785826377811232958
172895419810,1785826377861128778
172945419810,1785826377911203848
172995419811,1785826377962070996
173045419812,1785826378011419510
173095419813,1785826378061459258
173145419813,1785826378111629039
173195419814,1785826378162714010
173245419815,1785826378211998026
173295419816,1785826378262175373
173345419816,1785826378311971440
173395419817,1785826378362724002
173445419818,1785826378412687806
173495419819,1785826378462306323
173545419819,1785826378512466067
173595419820,1785826378563064308
173645419821,1785826378612831437
173695419822,1785826378662961770
173745419822,1785826378713325694
173795419823,1785826378762678565
173845419824,1785826378813193602
173895419825,1785826378862865682
173945419825,1785826378913558583
173995419826,1785826378963635576
174045419827,1785826379014074015
174095419828,1785826379063517259
174145419828,1785826379113306223
174195419829,1785826379163772685
174245419830,1785826379213679841
174295419831,1785826379263714196
174345419831,1785826379313943692
174395419832,1785826379363694653
174445419833,1785826379414009027
174495419834,1785826379464305298
174545419834,1785826379514405385
174595419835,1785826379564128377
174645419836,1785826379614909208
174695419837,1785826379664752697
174745419837,1785826379714752653
174795419838,1785826379765010813
174845419839,1785826379814772534
174895419840,1785826379865009302
174945419840,1785826379914978666
174995419841,1785826379965775112
175045419842,1785826380015737444
175095419843,1785826380066090153
175145419843,1785826380115868063
175195419844,1785826380165906360
175245419845,1785826380216847430
175295419845,1785826380266246439
175345419846,1785826380316538302
175395419847,1785826380366397808
175445419848,1785826380416887997
175495419848,1785826380466519130
175545419849,1785826380516429357
175595419850,1785826380566800320
175645419851,1785826380617098332
175695419851,1785826380666882241
175745419852,1785826380716914069
175795419853,1785826380766793576
175845419854,1785826380817149275
175895419854,1785826380867406992
175945419855,1785826380917344809
175995419856,1785826380967812607
176045419857,1785826381018015399
176095419857,1785826381067486896
176145419858,1785826381117523397
176195419859,1785826381168137031
176245419860,1785826381218539832
176295419860,1785826381268116461
176345419861,1785826381317752616
176395419862,1785826381367985711
176445419863,1785826381418389846
176495419863,1785826381468806693
176545419864,1785826381518611748
176595419865,1785826381569142730
176645419866,1785826381618977825
176695419866,1785826381669046787
176745419867,1785826381719447300
176795419868,1785826381769230255
176845419869,1785826381819061653
176895419869,1785826381868875098
176945419870,1785826381919515054
176995419871,1785826381969161772
177045419872,1785826382019854725
177095419872,1785826382069518188
177145419873,1785826382119627591
177195419874,1785826382169681216
177245419875,1785826382220071024
177295419875,1785826382269663281
177345419876,1785826382320249498
177395419877,1785826382370263852
177445419878,1785826382420528027
177495419878,1785826382470589236
177545419879,1785826382520821864
177595419880,1785826382570410990
177645419881,1785826382621085479
177695419881,1785826382670939458
177745419882,1785826382720978802
177795419883,1785826382770947164
177845419883,1785826382821881758
177895419884,1785826382871220781
177945419885,1785826382921548843
177995419886,1785826382971527073
178045419886,1785826383022147915
178095419887,1785826383071523544
