[INFO] [launch]: All log files can be found below /root/.ros/log/2026-08-04-04-35-36-594911-youtalk-desktop-119
[INFO] [launch]: Default logging verbosity is set to INFO
[INFO] [component_container_mt-1]: process started with pid [407]
[INFO] [robot_state_publisher-2]: process started with pid [409]
[INFO] [autoware_duplicated_node_checker_node-3]: process started with pid [411]
[INFO] [processing_time_checker_node-4]: process started with pid [413]
[INFO] [autoware_pipeline_latency_monitor_node-5]: process started with pid [415]
[INFO] [service_log_checker_node-6]: process started with pid [417]
[INFO] [component_container-7]: process started with pid [419]
[INFO] [component_container-8]: process started with pid [421]
[INFO] [component_container-9]: process started with pid [423]
[INFO] [aggregator_node-10]: process started with pid [425]
[INFO] [converter_node-11]: process started with pid [427]
[INFO] [autoware_hazard_status_converter_node-12]: process started with pid [429]
[INFO] [autoware_mrm_handler_node-13]: process started with pid [431]
[INFO] [logging_node-14]: process started with pid [433]
[INFO] [component_container_mt-15]: process started with pid [439]
[INFO] [map_hash_generator-16]: process started with pid [670]
[INFO] [autoware_map_projection_loader_node-17]: process started with pid [672]
[INFO] [component_container-18]: process started with pid [674]
[INFO] [component_container-19]: process started with pid [676]
[INFO] [component_container-20]: process started with pid [680]
[INFO] [imu_corrector_node-21]: process started with pid [687]
[INFO] [gyro_bias_estimator_node-22]: process started with pid [689]
[INFO] [autoware_vehicle_velocity_converter_node-23]: process started with pid [691]
[INFO] [autoware_ndt_scan_matcher_node-24]: process started with pid [698]
[INFO] [autoware_gyro_odometer_node-25]: process started with pid [702]
[INFO] [autoware_pose_initializer_node-26]: process started with pid [706]
[INFO] [autoware_automatic_pose_initializer_node-27]: process started with pid [732]
[INFO] [autoware_ekf_localizer_node-28]: process started with pid [737]
[INFO] [autoware_stop_filter_node-29]: process started with pid [771]
[INFO] [autoware_twist2accel_node-30]: process started with pid [778]
[INFO] [autoware_pose_instability_detector_node-31]: process started with pid [787]
[INFO] [autoware_localization_error_monitor_node-32]: process started with pid [808]
[INFO] [autoware_manual_lane_change_handler_node-33]: process started with pid [812]
[INFO] [component_container_mt-34]: process started with pid [814]
[INFO] [goal_pose_visualizer-35]: process started with pid [819]
[INFO] [autoware_scenario_selector_node-36]: process started with pid [834]
[INFO] [external_velocity_limit_selector-37]: process started with pid [905]
[INFO] [component_container-38]: process started with pid [922]
[INFO] [autoware_hazard_lights_selector_node-39]: process started with pid [1001]
[INFO] [component_container_mt-40]: process started with pid [1006]
[INFO] [component_container_mt-41]: process started with pid [1008]
[INFO] [component_container_mt-42]: process started with pid [1011]
[INFO] [component_container_mt-43]: process started with pid [1014]
[INFO] [planning_evaluator-44]: process started with pid [1021]
[INFO] [autoware_remaining_distance_time_calculator_node-45]: process started with pid [1023]
[INFO] [relay-46]: process started with pid [1027]
[INFO] [component_container_mt-47]: process started with pid [1069]
[INFO] [component_container_mt-48]: process started with pid [1071]
[INFO] [control_evaluator-49]: process started with pid [1073]
[INFO] [component_container_mt-50]: process started with pid [1099]
[INFO] [initial_pose_adaptor_node-51]: process started with pid [1111]
[INFO] [routing_adaptor_node-52]: process started with pid [1136]
[autoware_map_projection_loader_node-17] Load /autoware_map/town10-regen/map_projector_info.yaml
[component_container_mt-1] [INFO] [1785818144.749941003] [pointcloud_container]: Load Library: /opt/autoware/lib/libpointcloud_preprocessor_filter.so
[robot_state_publisher-2] [INFO] [1785818144.621802379] [robot_state_publisher]: got segment base_link
[robot_state_publisher-2] [INFO] [1785818144.621876751] [robot_state_publisher]: got segment camera0/camera_link
[robot_state_publisher-2] [INFO] [1785818144.621883020] [robot_state_publisher]: got segment camera0/camera_optical_link
[robot_state_publisher-2] [INFO] [1785818144.621886904] [robot_state_publisher]: got segment camera1/camera_link
[robot_state_publisher-2] [INFO] [1785818144.621889927] [robot_state_publisher]: got segment camera1/camera_optical_link
[robot_state_publisher-2] [INFO] [1785818144.622084550] [robot_state_publisher]: got segment camera2/camera_link
[robot_state_publisher-2] [INFO] [1785818144.622088520] [robot_state_publisher]: got segment camera2/camera_optical_link
[robot_state_publisher-2] [INFO] [1785818144.622091959] [robot_state_publisher]: got segment camera3/camera_link
[robot_state_publisher-2] [INFO] [1785818144.622095969] [robot_state_publisher]: got segment camera3/camera_optical_link
[robot_state_publisher-2] [INFO] [1785818144.622099274] [robot_state_publisher]: got segment camera4/camera_link
[robot_state_publisher-2] [INFO] [1785818144.622102346] [robot_state_publisher]: got segment camera4/camera_optical_link
[robot_state_publisher-2] [INFO] [1785818144.622105356] [robot_state_publisher]: got segment camera5/camera_link
[robot_state_publisher-2] [INFO] [1785818144.622108561] [robot_state_publisher]: got segment camera5/camera_optical_link
[robot_state_publisher-2] [INFO] [1785818144.622111680] [robot_state_publisher]: got segment gnss_link
[robot_state_publisher-2] [INFO] [1785818144.622114809] [robot_state_publisher]: got segment sensor_kit_base_link
[robot_state_publisher-2] [INFO] [1785818144.622118335] [robot_state_publisher]: got segment tamagawa/imu_link
[robot_state_publisher-2] [INFO] [1785818144.622121544] [robot_state_publisher]: got segment traffic_light_left_camera/camera_link
[robot_state_publisher-2] [INFO] [1785818144.622124874] [robot_state_publisher]: got segment traffic_light_left_camera/camera_optical_link
[robot_state_publisher-2] [INFO] [1785818144.622127979] [robot_state_publisher]: got segment traffic_light_right_camera/camera_link
[robot_state_publisher-2] [INFO] [1785818144.622131160] [robot_state_publisher]: got segment traffic_light_right_camera/camera_optical_link
[robot_state_publisher-2] [INFO] [1785818144.622134451] [robot_state_publisher]: got segment velodyne_left
[robot_state_publisher-2] [INFO] [1785818144.622137517] [robot_state_publisher]: got segment velodyne_left_base_link
[robot_state_publisher-2] [INFO] [1785818144.622140905] [robot_state_publisher]: got segment velodyne_rear
[robot_state_publisher-2] [INFO] [1785818144.622144024] [robot_state_publisher]: got segment velodyne_rear_base_link
[robot_state_publisher-2] [INFO] [1785818144.622147499] [robot_state_publisher]: got segment velodyne_right
[robot_state_publisher-2] [INFO] [1785818144.622150519] [robot_state_publisher]: got segment velodyne_right_base_link
[robot_state_publisher-2] [INFO] [1785818144.622153665] [robot_state_publisher]: got segment velodyne_top
[robot_state_publisher-2] [INFO] [1785818144.622156528] [robot_state_publisher]: got segment velodyne_top_base_link
[autoware_pipeline_latency_monitor_node-5] [INFO] [1785818144.621243143] [system.pipeline_latency_monitor]: PipelineLatencyMonitorNode initialized
[component_container-7] [INFO] [1785818144.792748397] [system.component_state_monitor.container]: Load Library: /opt/autoware/lib/libautoware_topic_state_monitor.so
[imu_corrector_node-21] [INFO] [1785818144.652853011] [sensing.imu.imu_corrector]: correct_for_static_bias: true
[imu_corrector_node-21] [INFO] [1785818144.652920860] [sensing.imu.imu_corrector]: correct_for_dynamic_bias: false
[imu_corrector_node-21] [INFO] [1785818144.652928209] [sensing.imu.imu_corrector]: correct_for_scale: false
[autoware_ekf_localizer_node-28] [WARN] [1785818144.742170334] [localization.pose_twist_fusion_filter.ekf_localizer]: The node is not activated. Provide initial pose to pose_initializer
[component_container-7] [INFO] [1785818144.808422437] [system.component_state_monitor.container]: Found class: rclcpp_components::NodeFactoryTemplate<autoware::topic_state_monitor::TopicStateMonitorNode>
[component_container-7] [INFO] [1785818144.808469955] [system.component_state_monitor.container]: Instantiate class: rclcpp_components::NodeFactoryTemplate<autoware::topic_state_monitor::TopicStateMonitorNode>
[component_container-8] [INFO] [1785818144.819000646] [system.mrm_comfortable_stop_operator.mrm_comfortable_stop_operator_container]: Load Library: /opt/autoware/lib/libautoware_mrm_comfortable_stop_operator_component.so
[component_container-8] [INFO] [1785818144.821669875] [system.mrm_comfortable_stop_operator.mrm_comfortable_stop_operator_container]: Found class: rclcpp_components::NodeFactoryTemplate<autoware::mrm_comfortable_stop_operator::MrmComfortableStopOperator>
[component_container-8] [INFO] [1785818144.821723490] [system.mrm_comfortable_stop_operator.mrm_comfortable_stop_operator_container]: Instantiate class: rclcpp_components::NodeFactoryTemplate<autoware::mrm_comfortable_stop_operator::MrmComfortableStopOperator>
[component_container-9] [INFO] [1785818144.825158343] [system.mrm_emergency_stop_operator.mrm_emergency_stop_operator_container]: Load Library: /opt/autoware/lib/libautoware_mrm_emergency_stop_operator_component.so
[component_container-9] [INFO] [1785818144.841720927] [system.mrm_emergency_stop_operator.mrm_emergency_stop_operator_container]: Found class: rclcpp_components::NodeFactoryTemplate<autoware::mrm_emergency_stop_operator::MrmEmergencyStopOperator>
[component_container-9] [INFO] [1785818144.841761489] [system.mrm_emergency_stop_operator.mrm_emergency_stop_operator_container]: Instantiate class: rclcpp_components::NodeFactoryTemplate<autoware::mrm_emergency_stop_operator::MrmEmergencyStopOperator>
[component_container_mt-15] [INFO] [1785818144.855059615] [map.map_container]: Load Library: /opt/autoware/lib/libpointcloud_map_loader_node.so
[autoware_mrm_handler_node-13] [INFO] [1785818144.886448647] [system.mrm_handler]: waiting for mrm comfortable stop to become available...
[logging_node-14] [WARN] [1785818144.886732953] [logging_diag_graph]: The target mode is not available for the following reasons:
[logging_node-14] - /autoware/modes/autonomous ERROR
[logging_node-14]     - /autoware/map ERROR
[logging_node-14]         - /autoware/map/topic_rate_check/vector_map STALE
[logging_node-14]         - /autoware/map/topic_rate_check/pointcloud_map STALE
[logging_node-14]     - /autoware/localization ERROR
[logging_node-14]         - /autoware/localization/state STALE
[logging_node-14]         - [anonymous group] ERROR
[logging_node-14]             - /autoware/localization/topic_rate_check/transform STALE
[logging_node-14]             - /autoware/localization/topic_rate_check/pose_twist_fusion STALE
[logging_node-14]             - /autoware/localization/scan_matching_status STALE
[logging_node-14]             - /autoware/localization/accuracy STALE
[logging_node-14]             - /autoware/localization/sensor_fusion_status STALE
[logging_node-14]     - /autoware/planning ERROR
[logging_node-14]         - /autoware/planning/routing/state STALE
[logging_node-14]         - [anonymous group] ERROR
[logging_node-14]             - /autoware/planning/topic_rate_check/route STALE
[logging_node-14]             - /autoware/planning/topic_rate_check/trajectory STALE
[logging_node-14]             - /autoware/planning/trajectory_validation ERROR
[logging_node-14]     - /autoware/perception ERROR
[logging_node-14]         - /autoware/perception/topic_rate_check/objects STALE
[logging_node-14]         - /autoware/perception/topic_rate_check/pointcloud STALE
[logging_node-14]     - /autoware/control ERROR
[logging_node-14]         - /autoware/control/topic_rate_check/trajectory_follower STALE
[logging_node-14]         - /autoware/control/topic_rate_check/control_command STALE
[logging_node-14]         - /autoware/control/node_alive_monitoring/command_gate ERROR
[logging_node-14]             - /autoware/control/node_alive_monitoring/vehicle_cmd_gate STALE
[logging_node-14]             - /autoware/control/node_alive_monitoring/control_command_gate STALE
[logging_node-14]         - /autoware/control/emergency_braking STALE
[logging_node-14]         - /autoware/control/performance_monitoring/lane_departure STALE
[logging_node-14]         - /autoware/control/performance_monitoring/control_state STALE
[logging_node-14]     - /autoware/vehicle ERROR
[logging_node-14]         - /autoware/vehicle/topic_rate_check/velocity STALE
[logging_node-14]         - /autoware/vehicle/topic_rate_check/steering STALE
[logging_node-14]     - /autoware/system ERROR
[logging_node-14]         - /autoware/system/duplicated_node_checker STALE
[logging_node-14]         - /autoware/system/topic_rate_check/emergency_control_command STALE
[logging_node-14]         - /autoware/system/emergency_stop_operation ERROR
[logging_node-14]             - /autoware/system/emergency_stop_operation/vehicle_cmd_gate STALE
[logging_node-14]             - /autoware/system/emergency_stop_operation/control_command_gate STALE
[logging_node-14]     - /adapi/mrm_request/delegate STALE
[logging_node-14] 
[INFO] [launch_ros.actions.load_composable_nodes]: Loaded node '/system/mrm_emergency_stop_operator' in container '/system/mrm_emergency_stop_operator/mrm_emergency_stop_operator_container'
[INFO] [launch_ros.actions.load_composable_nodes]: Loaded node '/system/mrm_comfortable_stop_operator' in container '/system/mrm_comfortable_stop_operator/mrm_comfortable_stop_operator_container'
[component_container_mt-1] [INFO] [1785818144.919433305] [pointcloud_container]: Found class: rclcpp_components::NodeFactoryTemplate<autoware::pointcloud_preprocessor::ApproximateDownsampleFilterComponent>
[component_container_mt-1] [INFO] [1785818144.919480395] [pointcloud_container]: Found class: rclcpp_components::NodeFactoryTemplate<autoware::pointcloud_preprocessor::BlockageDiagComponent>
[component_container_mt-1] [INFO] [1785818144.919485846] [pointcloud_container]: Found class: rclcpp_components::NodeFactoryTemplate<autoware::pointcloud_preprocessor::CropBoxFilterComponent>
[component_container_mt-1] [INFO] [1785818144.919490026] [pointcloud_container]: Found class: rclcpp_components::NodeFactoryTemplate<autoware::pointcloud_preprocessor::DistortionCorrectorComponent>
[component_container_mt-1] [INFO] [1785818144.919494015] [pointcloud_container]: Found class: rclcpp_components::NodeFactoryTemplate<autoware::pointcloud_preprocessor::DualReturnOutlierFilterComponent>
[component_container_mt-1] [INFO] [1785818144.919497736] [pointcloud_container]: Found class: rclcpp_components::NodeFactoryTemplate<autoware::pointcloud_preprocessor::Lanelet2MapFilterComponent>
[component_container_mt-1] [INFO] [1785818144.919501220] [pointcloud_container]: Found class: rclcpp_components::NodeFactoryTemplate<autoware::pointcloud_preprocessor::PassThroughFilterComponent>
[component_container_mt-1] [INFO] [1785818144.919505585] [pointcloud_container]: Found class: rclcpp_components::NodeFactoryTemplate<autoware::pointcloud_preprocessor::PassThroughFilterUInt16Component>
[component_container_mt-1] [INFO] [1785818144.919509149] [pointcloud_container]: Found class: rclcpp_components::NodeFactoryTemplate<autoware::pointcloud_preprocessor::PickupBasedVoxelGridDownsampleFilterComponent>
[component_container_mt-1] [INFO] [1785818144.919512906] [pointcloud_container]: Found class: rclcpp_components::NodeFactoryTemplate<autoware::pointcloud_preprocessor::PointCloudConcatenateDataSynchronizerComponent>
[component_container_mt-1] [INFO] [1785818144.919516585] [pointcloud_container]: Instantiate class: rclcpp_components::NodeFactoryTemplate<autoware::pointcloud_preprocessor::PointCloudConcatenateDataSynchronizerComponent>
[component_container-7] [INFO] [1785818144.937756216] [system.component_state_monitor.container]: Found class: rclcpp_components::NodeFactoryTemplate<autoware::topic_state_monitor::TopicStateMonitorNode>
[component_container-7] [INFO] [1785818144.937795483] [system.component_state_monitor.container]: Instantiate class: rclcpp_components::NodeFactoryTemplate<autoware::topic_state_monitor::TopicStateMonitorNode>
[INFO] [launch_ros.actions.load_composable_nodes]: Loaded node '/system/topic_state_monitor_system_emergency_control_cmd' in container '/system/component_state_monitor/container'
[component_container-19] [INFO] [1785818144.940401742] [sensing.lidar.left.pointcloud_preprocessor.pointcloud_container]: Load Library: /opt/autoware/lib/libautoware_glog_component.so
[component_container-19] [INFO] [1785818144.941278828] [sensing.lidar.left.pointcloud_preprocessor.pointcloud_container]: Found class: rclcpp_components::NodeFactoryTemplate<autoware::glog_component::GlogComponent>
[component_container-19] [INFO] [1785818144.941300124] [sensing.lidar.left.pointcloud_preprocessor.pointcloud_container]: Instantiate class: rclcpp_components::NodeFactoryTemplate<autoware::glog_component::GlogComponent>
[component_container_mt-1] [INFO] [1785818144.968968135] [sensing.lidar.concatenate_data]: Utilize advanced matching strategy
[component_container_mt-34] [INFO] [1785818144.973593910] [planning.mission_planning.mission_planner_container]: Load Library: /opt/autoware/lib/libautoware_mission_planner_universe_component.so
[component_container_mt-1] [INFO] [1785818144.978141895] [pointcloud_container]: Load Library: /opt/autoware/lib/libautoware_glog_component.so
[component_container_mt-1] [INFO] [1785818144.978923109] [pointcloud_container]: Found class: rclcpp_components::NodeFactoryTemplate<autoware::glog_component::GlogComponent>
[component_container_mt-1] [INFO] [1785818144.978942998] [pointcloud_container]: Instantiate class: rclcpp_components::NodeFactoryTemplate<autoware::glog_component::GlogComponent>
[INFO] [launch_ros.actions.load_composable_nodes]: Loaded node '/sensing/lidar/concatenate_data' in container 'pointcloud_container'
[component_container_mt-34] [INFO] [1785818144.992036730] [planning.mission_planning.mission_planner_container]: Found class: rclcpp_components::NodeFactoryTemplate<autoware::mission_planner_universe::MissionPlanner>
[component_container_mt-34] [INFO] [1785818144.992079704] [planning.mission_planning.mission_planner_container]: Instantiate class: rclcpp_components::NodeFactoryTemplate<autoware::mission_planner_universe::MissionPlanner>
[component_container-7] [INFO] [1785818144.995432490] [system.topic_state_monitor_system_emergency_control_cmd]: /system/emergency/control_cmd has not received. Set ERROR in diagnostics.
[INFO] [launch_ros.actions.load_composable_nodes]: Loaded node '/system/topic_state_monitor_vehicle_status_velocity_status' in container '/system/component_state_monitor/container'
[component_container-7] [INFO] [1785818144.995672664] [system.component_state_monitor.container]: Found class: rclcpp_components::NodeFactoryTemplate<autoware::topic_state_monitor::TopicStateMonitorNode>
[component_container-7] [INFO] [1785818144.995688360] [system.component_state_monitor.container]: Instantiate class: rclcpp_components::NodeFactoryTemplate<autoware::topic_state_monitor::TopicStateMonitorNode>
[component_container-7] [INFO] [1785818145.006411089] [system.component_state_monitor.container]: Found class: rclcpp_components::NodeFactoryTemplate<autoware::topic_state_monitor::TopicStateMonitorNode>
[component_container-7] [INFO] [1785818145.006451705] [system.component_state_monitor.container]: Instantiate class: rclcpp_components::NodeFactoryTemplate<autoware::topic_state_monitor::TopicStateMonitorNode>
[INFO] [launch_ros.actions.load_composable_nodes]: Loaded node '/system/topic_state_monitor_transform_map_to_base_link' in container '/system/component_state_monitor/container'
[component_container-18] [INFO] [1785818145.010486838] [sensing.lidar.top.pointcloud_preprocessor.pointcloud_container]: Load Library: /opt/autoware/lib/libautoware_glog_component.so
[component_container-18] [INFO] [1785818145.018998297] [sensing.lidar.top.pointcloud_preprocessor.pointcloud_container]: Found class: rclcpp_components::NodeFactoryTemplate<autoware::glog_component::GlogComponent>
[INFO] [launch_ros.actions.load_composable_nodes]: Loaded node '/system/topic_state_monitor_pose_twist_fusion_filter_pose' in container '/system/component_state_monitor/container'
[component_container-18] [INFO] [1785818145.019047806] [sensing.lidar.top.pointcloud_preprocessor.pointcloud_container]: Instantiate class: rclcpp_components::NodeFactoryTemplate<autoware::glog_component::GlogComponent>
[INFO] [launch_ros.actions.load_composable_nodes]: Loaded node '/sensing/lidar/left/glog_component' in container '/sensing/lidar/left/pointcloud_preprocessor/pointcloud_container'
[component_container-7] [INFO] [1785818145.028793647] [system.component_state_monitor.container]: Found class: rclcpp_components::NodeFactoryTemplate<autoware::topic_state_monitor::TopicStateMonitorNode>
[component_container-7] [INFO] [1785818145.028830851] [system.component_state_monitor.container]: Instantiate class: rclcpp_components::NodeFactoryTemplate<autoware::topic_state_monitor::TopicStateMonitorNode>
[component_container_mt-15] [INFO] [1785818145.031524499] [map.map_container]: Found class: rclcpp_components::NodeFactoryTemplate<autoware::map_loader::PointCloudMapLoaderNode>
[component_container_mt-15] [INFO] [1785818145.031569784] [map.map_container]: Instantiate class: rclcpp_components::NodeFactoryTemplate<autoware::map_loader::PointCloudMapLoaderNode>
[component_container_mt-43] [INFO] [1785818145.042151958] [planning.planning_validator_container]: Load Library: /opt/autoware/lib/libautoware_glog_component.so
[component_container_mt-43] [INFO] [1785818145.043078736] [planning.planning_validator_container]: Found class: rclcpp_components::NodeFactoryTemplate<autoware::glog_component::GlogComponent>
[component_container_mt-43] [INFO] [1785818145.043106196] [planning.planning_validator_container]: Instantiate class: rclcpp_components::NodeFactoryTemplate<autoware::glog_component::GlogComponent>
[component_container_mt-42] [INFO] [1785818145.046510565] [planning.scenario_planning.parking.parking_container]: Load Library: /opt/autoware/lib/libcostmap_generator_node.so
[component_container_mt-47] [INFO] [1785818145.046792912] [control.control_container]: Load Library: /opt/autoware/lib/libautoware_glog_component.so
[INFO] [launch_ros.actions.load_composable_nodes]: Loaded node '/pointcloud_container/glog_component' in container '/pointcloud_container'
[component_container_mt-1] [INFO] [1785818145.050429225] [pointcloud_container]: Found class: rclcpp_components::NodeFactoryTemplate<autoware::pointcloud_preprocessor::ApproximateDownsampleFilterComponent>
[component_container_mt-1] [INFO] [1785818145.050477672] [pointcloud_container]: Found class: rclcpp_components::NodeFactoryTemplate<autoware::pointcloud_preprocessor::BlockageDiagComponent>
[INFO] [launch_ros.actions.load_composable_nodes]: Loaded node '/planning/scenario_planning/lane_driving/behavior_planning/glog_component' in container '/planning/scenario_planning/lane_driving/behavior_planning/behavior_planning_container'
[component_container_mt-1] [INFO] [1785818145.050484536] [pointcloud_container]: Found class: rclcpp_components::NodeFactoryTemplate<autoware::pointcloud_preprocessor::CropBoxFilterComponent>
[INFO] [launch_ros.actions.load_composable_nodes]: Loaded node '/planning/glog_component' in container '/planning/planning_validator_container'
[INFO] [launch_ros.actions.load_composable_nodes]: Loaded node '/system/topic_state_monitor_obstacle_segmentation_pointcloud' in container '/system/component_state_monitor/container'
[INFO] [launch_ros.actions.load_composable_nodes]: Loaded node '/system/topic_state_monitor_object_recognition_objects' in container '/system/component_state_monitor/container'
[component_container_mt-1] [INFO] [1785818145.050489680] [pointcloud_container]: Instantiate class: rclcpp_components::NodeFactoryTemplate<autoware::pointcloud_preprocessor::CropBoxFilterComponent>
[component_container_mt-47] [INFO] [1785818145.056435668] [control.control_container]: Found class: rclcpp_components::NodeFactoryTemplate<autoware::glog_component::GlogComponent>
[component_container_mt-47] [INFO] [1785818145.056478369] [control.control_container]: Instantiate class: rclcpp_components::NodeFactoryTemplate<autoware::glog_component::GlogComponent>
[component_container_mt-40] [INFO] [1785818145.059573174] [planning.scenario_planning.lane_driving.behavior_planning.behavior_planning_container]: Load Library: /opt/autoware/lib/libautoware_glog_component.so
[INFO] [launch_ros.actions.load_composable_nodes]: Loaded node '/planning/mission_planning/mission_planner' in container '/planning/mission_planning/mission_planner_container'
[INFO] [launch_ros.actions.load_composable_nodes]: Loaded node '/sensing/lidar/top/glog_component' in container '/sensing/lidar/top/pointcloud_preprocessor/pointcloud_container'
[component_container_mt-40] [INFO] [1785818145.060497376] [planning.scenario_planning.lane_driving.behavior_planning.behavior_planning_container]: Found class: rclcpp_components::NodeFactoryTemplate<autoware::glog_component::GlogComponent>
[INFO] [launch_ros.actions.load_composable_nodes]: Loaded node '/system/topic_state_monitor_traffic_light_recognition_traffic_signals' in container '/system/component_state_monitor/container'
[component_container_mt-40] [INFO] [1785818145.060520366] [planning.scenario_planning.lane_driving.behavior_planning.behavior_planning_container]: Instantiate class: rclcpp_components::NodeFactoryTemplate<autoware::glog_component::GlogComponent>
[component_container-7] [INFO] [1785818145.085091805] [system.component_state_monitor.container]: Found class: rclcpp_components::NodeFactoryTemplate<autoware::topic_state_monitor::TopicStateMonitorNode>
[component_container-7] [INFO] [1785818145.085120609] [system.component_state_monitor.container]: Instantiate class: rclcpp_components::NodeFactoryTemplate<autoware::topic_state_monitor::TopicStateMonitorNode>
[component_container-7] [INFO] [1785818145.092306829] [system.component_state_monitor.container]: Found class: rclcpp_components::NodeFactoryTemplate<autoware::topic_state_monitor::TopicStateMonitorNode>
[component_container-7] [INFO] [1785818145.092335558] [system.component_state_monitor.container]: Instantiate class: rclcpp_components::NodeFactoryTemplate<autoware::topic_state_monitor::TopicStateMonitorNode>
[INFO] [launch_ros.actions.load_composable_nodes]: Loaded node '/control/glog_control_container_component' in container '/control/control_container'
[autoware_mrm_handler_node-13] [INFO] [1785818145.088495442] [system.mrm_handler]: MRM State changed: NORMAL -> MRM_OPERATING
[autoware_mrm_handler_node-13] [WARN] [1785818145.089287597] [system.mrm_handler]: no mrm operation available: operate emergency_stop
[autoware_mrm_handler_node-13] [WARN] [1785818145.090422536] [system.mrm_handler]: EMERGENCY_STOP is operated.
[component_container_mt-48] [INFO] [1785818145.116172698] [control.control_check_container]: Load Library: /opt/autoware/lib/libautoware_glog_component.so
[component_container_mt-48] [INFO] [1785818145.117138637] [control.control_check_container]: Found class: rclcpp_components::NodeFactoryTemplate<autoware::glog_component::GlogComponent>
[component_container_mt-48] [INFO] [1785818145.117168718] [control.control_check_container]: Instantiate class: rclcpp_components::NodeFactoryTemplate<autoware::glog_component::GlogComponent>
[component_container-7] [INFO] [1785818145.124224819] [system.component_state_monitor.container]: Found class: rclcpp_components::NodeFactoryTemplate<autoware::topic_state_monitor::TopicStateMonitorNode>
[component_container-7] [INFO] [1785818145.124262522] [system.component_state_monitor.container]: Instantiate class: rclcpp_components::NodeFactoryTemplate<autoware::topic_state_monitor::TopicStateMonitorNode>
[component_container-38] [INFO] [1785818145.124701723] [planning.scenario_planning.velocity_smoother_container]: Load Library: /opt/autoware/lib/libautoware_velocity_smoother_node.so
[component_container_mt-47] [INFO] [1785818145.125957518] [control.control_container]: Load Library: /opt/autoware/lib/libcontroller_node.so
[component_container-38] [INFO] [1785818145.134394864] [planning.scenario_planning.velocity_smoother_container]: Found class: rclcpp_components::NodeFactoryTemplate<autoware::velocity_smoother::VelocitySmootherNode>
[INFO] [launch_ros.actions.load_composable_nodes]: Loaded node '/control/glog_control_check_container_component' in container '/control/control_check_container'
[component_container-38] [INFO] [1785818145.134445744] [planning.scenario_planning.velocity_smoother_container]: Instantiate class: rclcpp_components::NodeFactoryTemplate<autoware::velocity_smoother::VelocitySmootherNode>
[component_container_mt-48] [INFO] [1785818145.140138279] [control.control_check_container]: Load Library: /opt/autoware/lib/libautoware_lane_departure_checker.so
[component_container-19] [INFO] [1785818145.148299480] [sensing.lidar.left.pointcloud_preprocessor.pointcloud_container]: Load Library: /opt/autoware/lib/libpointcloud_preprocessor_filter.so
[component_container-7] [INFO] [1785818145.148486509] [system.component_state_monitor.container]: Found class: rclcpp_components::NodeFactoryTemplate<autoware::topic_state_monitor::TopicStateMonitorNode>
[component_container-7] [INFO] [1785818145.148514718] [system.component_state_monitor.container]: Instantiate class: rclcpp_components::NodeFactoryTemplate<autoware::topic_state_monitor::TopicStateMonitorNode>
[component_container_mt-47] [INFO] [1785818145.152351401] [control.control_container]: Found class: rclcpp_components::NodeFactoryTemplate<autoware::motion::control::trajectory_follower_node::Controller>
[component_container_mt-47] [INFO] [1785818145.152399207] [control.control_container]: Instantiate class: rclcpp_components::NodeFactoryTemplate<autoware::motion::control::trajectory_follower_node::Controller>
[INFO] [launch_ros.actions.load_composable_nodes]: Loaded node '/system/topic_state_monitor_scenario_planning_trajectory' in container '/system/component_state_monitor/container'
[INFO] [launch_ros.actions.load_composable_nodes]: Loaded node '/system/topic_state_monitor_trajectory_follower_control_cmd' in container '/system/component_state_monitor/container'
[INFO] [launch_ros.actions.load_composable_nodes]: Loaded node '/adapi/node/interface' in container '/adapi/container'
[component_container_mt-48] [INFO] [1785818145.163746493] [control.control_check_container]: Found class: rclcpp_components::NodeFactoryTemplate<autoware::lane_departure_checker::LaneDepartureCheckerNode>
[component_container_mt-48] [INFO] [1785818145.163908972] [control.control_check_container]: Instantiate class: rclcpp_components::NodeFactoryTemplate<autoware::lane_departure_checker::LaneDepartureCheckerNode>
[INFO] [launch_ros.actions.load_composable_nodes]: Loaded node '/localization/util/crop_box_filter_measurement_range' in container '/pointcloud_container'
[component_container_mt-41] [INFO] [1785818145.181301682] [planning.scenario_planning.lane_driving.motion_planning.motion_planning_container]: Load Library: /opt/autoware/lib/libautoware_glog_component.so
[component_container_mt-41] [INFO] [1785818145.182212029] [planning.scenario_planning.lane_driving.motion_planning.motion_planning_container]: Found class: rclcpp_components::NodeFactoryTemplate<autoware::glog_component::GlogComponent>
[component_container_mt-41] [INFO] [1785818145.182234292] [planning.scenario_planning.lane_driving.motion_planning.motion_planning_container]: Instantiate class: rclcpp_components::NodeFactoryTemplate<autoware::glog_component::GlogComponent>
[component_container_mt-40] [INFO] [1785818145.184882527] [planning.scenario_planning.lane_driving.behavior_planning.behavior_planning_container]: Load Library: /opt/autoware/lib/libautoware_behavior_velocity_planner_lib.so
[INFO] [launch_ros.actions.load_composable_nodes]: Loaded node '/system/topic_state_monitor_mission_planning_route' in container '/system/component_state_monitor/container'
[component_container_mt-34] [INFO] [1785818145.187078402] [planning.mission_planning.mission_planner]: waiting lanelet map... Route API is not ready.
[component_container-7] [INFO] [1785818145.187222887] [system.component_state_monitor.container]: Found class: rclcpp_components::NodeFactoryTemplate<autoware::topic_state_monitor::TopicStateMonitorNode>
[component_container-7] [INFO] [1785818145.187252972] [system.component_state_monitor.container]: Instantiate class: rclcpp_components::NodeFactoryTemplate<autoware::topic_state_monitor::TopicStateMonitorNode>
[autoware_mrm_handler_node-13] [WARN] [1785818145.188074665] [system.mrm_handler]: no mrm operation available: operate emergency_stop
[component_container_mt-40] [INFO] [1785818145.202190987] [planning.scenario_planning.lane_driving.behavior_planning.behavior_planning_container]: Found class: rclcpp_components::NodeFactoryTemplate<autoware::behavior_velocity_planner::BehaviorVelocityPlannerNode>
[component_container_mt-40] [INFO] [1785818145.202233593] [planning.scenario_planning.lane_driving.behavior_planning.behavior_planning_container]: Found class: rclcpp_components::NodeFactoryTemplate<autoware::behavior_velocity_planner::experimental::BehaviorVelocityPlannerNode>
[component_container_mt-40] [INFO] [1785818145.202240135] [planning.scenario_planning.lane_driving.behavior_planning.behavior_planning_container]: Instantiate class: rclcpp_components::NodeFactoryTemplate<autoware::behavior_velocity_planner::experimental::BehaviorVelocityPlannerNode>
[component_container_mt-43] [INFO] [1785818145.204938020] [planning.planning_validator_container]: Load Library: /opt/autoware/lib/libautoware_planning_validator_component.so
[component_container_mt-42] [INFO] [1785818145.208266629] [planning.scenario_planning.parking.parking_container]: Found class: rclcpp_components::NodeFactoryTemplate<autoware::costmap_generator::CostmapGenerator>
[component_container_mt-42] [INFO] [1785818145.208314236] [planning.scenario_planning.parking.parking_container]: Instantiate class: rclcpp_components::NodeFactoryTemplate<autoware::costmap_generator::CostmapGenerator>
[component_container_mt-34] [INFO] [1785818145.218996136] [planning.mission_planning.mission_planner_container]: Found class: rclcpp_components::NodeFactoryTemplate<autoware::mission_planner_universe::MissionPlanner>
[INFO] [launch_ros.actions.load_composable_nodes]: Loaded node '/control/trajectory_follower/lane_departure_checker_node' in container '/control/control_check_container'
[component_container_mt-34] [INFO] [1785818145.219042097] [planning.mission_planning.mission_planner_container]: Found class: rclcpp_components::NodeFactoryTemplate<autoware::mission_planner_universe::RouteSelector>
[component_container_mt-34] [INFO] [1785818145.219050321] [planning.mission_planning.mission_planner_container]: Instantiate class: rclcpp_components::NodeFactoryTemplate<autoware::mission_planner_universe::RouteSelector>
[component_container-7] [INFO] [1785818145.222407276] [system.component_state_monitor.container]: Found class: rclcpp_components::NodeFactoryTemplate<autoware::topic_state_monitor::TopicStateMonitorNode>
[INFO] [launch_ros.actions.load_composable_nodes]: Loaded node '/system/topic_state_monitor_control_command_control_cmd' in container '/system/component_state_monitor/container'
[component_container-7] [INFO] [1785818145.222508530] [system.component_state_monitor.container]: Instantiate class: rclcpp_components::NodeFactoryTemplate<autoware::topic_state_monitor::TopicStateMonitorNode>
[component_container_mt-48] [INFO] [1785818145.230588175] [control.control_check_container]: Load Library: /opt/autoware/lib/libautoware_control_validator_component.so
[INFO] [launch_ros.actions.load_composable_nodes]: Loaded node '/planning/scenario_planning/lane_driving/motion_planning/glog_component' in container '/planning/scenario_planning/lane_driving/motion_planning/motion_planning_container'
[component_container-18] [INFO] [1785818145.234960062] [sensing.lidar.top.pointcloud_preprocessor.pointcloud_container]: Load Library: /opt/autoware/lib/libpointcloud_preprocessor_filter.so
[component_container-7] [INFO] [1785818145.235076490] [system.component_state_monitor.container]: Found class: rclcpp_components::NodeFactoryTemplate<autoware::topic_state_monitor::TopicStateMonitorNode>
[component_container-7] [INFO] [1785818145.235106873] [system.component_state_monitor.container]: Instantiate class: rclcpp_components::NodeFactoryTemplate<autoware::topic_state_monitor::TopicStateMonitorNode>
[component_container_mt-48] [INFO] [1785818145.235570242] [control.control_check_container]: Found class: rclcpp_components::NodeFactoryTemplate<autoware::control_validator::ControlValidator>
[component_container_mt-48] [INFO] [1785818145.235609567] [control.control_check_container]: Instantiate class: rclcpp_components::NodeFactoryTemplate<autoware::control_validator::ControlValidator>
[component_container_mt-43] [INFO] [1785818145.238687780] [planning.planning_validator_container]: Found class: rclcpp_components::NodeFactoryTemplate<autoware::planning_validator::PlanningValidatorNode>
[component_container_mt-43] [INFO] [1785818145.238730414] [planning.planning_validator_container]: Instantiate class: rclcpp_components::NodeFactoryTemplate<autoware::planning_validator::PlanningValidatorNode>
[component_container_mt-41] [INFO] [1785818145.243239558] [planning.scenario_planning.lane_driving.motion_planning.motion_planning_container]: Load Library: /opt/autoware/lib/libautoware_path_smoother.so
[component_container-19] [INFO] [1785818145.249118597] [sensing.lidar.left.pointcloud_preprocessor.pointcloud_container]: Found class: rclcpp_components::NodeFactoryTemplate<autoware::pointcloud_preprocessor::ApproximateDownsampleFilterComponent>
[component_container-19] [INFO] [1785818145.249163433] [sensing.lidar.left.pointcloud_preprocessor.pointcloud_container]: Found class: rclcpp_components::NodeFactoryTemplate<autoware::pointcloud_preprocessor::BlockageDiagComponent>
[component_container-19] [INFO] [1785818145.249170559] [sensing.lidar.left.pointcloud_preprocessor.pointcloud_container]: Found class: rclcpp_components::NodeFactoryTemplate<autoware::pointcloud_preprocessor::CropBoxFilterComponent>
[component_container-19] [INFO] [1785818145.249176280] [sensing.lidar.left.pointcloud_preprocessor.pointcloud_container]: Instantiate class: rclcpp_components::NodeFactoryTemplate<autoware::pointcloud_preprocessor::CropBoxFilterComponent>
[component_container_mt-1] [INFO] [1785818145.251544718] [pointcloud_container]: Found class: rclcpp_components::NodeFactoryTemplate<autoware::pointcloud_preprocessor::ApproximateDownsampleFilterComponent>
[component_container_mt-1] [INFO] [1785818145.251714100] [pointcloud_container]: Found class: rclcpp_components::NodeFactoryTemplate<autoware::pointcloud_preprocessor::BlockageDiagComponent>
[component_container_mt-1] [INFO] [1785818145.251722126] [pointcloud_container]: Found class: rclcpp_components::NodeFactoryTemplate<autoware::pointcloud_preprocessor::CropBoxFilterComponent>
[component_container_mt-1] [INFO] [1785818145.251727660] [pointcloud_container]: Found class: rclcpp_components::NodeFactoryTemplate<autoware::pointcloud_preprocessor::DistortionCorrectorComponent>
[component_container_mt-1] [INFO] [1785818145.251781699] [pointcloud_container]: Found class: rclcpp_components::NodeFactoryTemplate<autoware::pointcloud_preprocessor::DualReturnOutlierFilterComponent>
[component_container_mt-1] [INFO] [1785818145.251853316] [pointcloud_container]: Found class: rclcpp_components::NodeFactoryTemplate<autoware::pointcloud_preprocessor::Lanelet2MapFilterComponent>
[component_container_mt-1] [INFO] [1785818145.251861984] [pointcloud_container]: Found class: rclcpp_components::NodeFactoryTemplate<autoware::pointcloud_preprocessor::PassThroughFilterComponent>
[component_container_mt-1] [INFO] [1785818145.251866958] [pointcloud_container]: Found class: rclcpp_components::NodeFactoryTemplate<autoware::pointcloud_preprocessor::PassThroughFilterUInt16Component>
[component_container_mt-1] [INFO] [1785818145.251871679] [pointcloud_container]: Found class: rclcpp_components::NodeFactoryTemplate<autoware::pointcloud_preprocessor::PickupBasedVoxelGridDownsampleFilterComponent>
[component_container_mt-1] [INFO] [1785818145.251876675] [pointcloud_container]: Found class: rclcpp_components::NodeFactoryTemplate<autoware::pointcloud_preprocessor::PointCloudConcatenateDataSynchronizerComponent>
[component_container_mt-1] [INFO] [1785818145.251881179] [pointcloud_container]: Found class: rclcpp_components::NodeFactoryTemplate<autoware::pointcloud_preprocessor::PointCloudConcatenationComponent>
[component_container_mt-1] [INFO] [1785818145.251885923] [pointcloud_container]: Found class: rclcpp_components::NodeFactoryTemplate<autoware::pointcloud_preprocessor::PointCloudDataSynchronizerComponent>
[component_container_mt-1] [INFO] [1785818145.251897762] [pointcloud_container]: Found class: rclcpp_components::NodeFactoryTemplate<autoware::pointcloud_preprocessor::PointCloudDensifierNode>
[component_container_mt-1] [INFO] [1785818145.251903733] [pointcloud_container]: Found class: rclcpp_components::NodeFactoryTemplate<autoware::pointcloud_preprocessor::PointcloudAccumulatorComponent>
[component_container_mt-1] [INFO] [1785818145.251909739] [pointcloud_container]: Found class: rclcpp_components::NodeFactoryTemplate<autoware::pointcloud_preprocessor::PolarVoxelOutlierFilterComponent>
[component_container_mt-1] [INFO] [1785818145.251914488] [pointcloud_container]: Found class: rclcpp_components::NodeFactoryTemplate<autoware::pointcloud_preprocessor::PolygonRemoverComponent>
[component_container_mt-1] [INFO] [1785818145.251918976] [pointcloud_container]: Found class: rclcpp_components::NodeFactoryTemplate<autoware::pointcloud_preprocessor::RadiusSearch2DOutlierFilterComponent>
[component_container_mt-1] [INFO] [1785818145.251923423] [pointcloud_container]: Found class: rclcpp_components::NodeFactoryTemplate<autoware::pointcloud_preprocessor::RandomDownsampleFilterComponent>
[component_container_mt-1] [INFO] [1785818145.251930669] [pointcloud_container]: Found class: rclcpp_components::NodeFactoryTemplate<autoware::pointcloud_preprocessor::RingOutlierFilterComponent>
[component_container_mt-1] [INFO] [1785818145.251935516] [pointcloud_container]: Found class: rclcpp_components::NodeFactoryTemplate<autoware::pointcloud_preprocessor::VectorMapInsideAreaFilterComponent>
[component_container_mt-1] [INFO] [1785818145.251940574] [pointcloud_container]: Found class: rclcpp_components::NodeFactoryTemplate<autoware::pointcloud_preprocessor::VoxelGridDownsampleFilterComponent>
[component_container_mt-1] [INFO] [1785818145.251945122] [pointcloud_container]: Instantiate class: rclcpp_components::NodeFactoryTemplate<autoware::pointcloud_preprocessor::VoxelGridDownsampleFilterComponent>
[INFO] [launch_ros.actions.load_composable_nodes]: Loaded node '/planning/scenario_planning/parking/costmap_generator' in container '/planning/scenario_planning/parking/parking_container'
[INFO] [launch_ros.actions.load_composable_nodes]: Loaded node '/localization/util/voxel_grid_downsample_filter' in container '/pointcloud_container'
[component_container_mt-42] [INFO] [1785818145.269839651] [planning.scenario_planning.parking.parking_container]: Load Library: /opt/autoware/lib/libfreespace_planner_node.so
[component_container_mt-42] [INFO] [1785818145.274161788] [planning.scenario_planning.parking.parking_container]: Found class: rclcpp_components::NodeFactoryTemplate<autoware::freespace_planner::FreespacePlannerNode>
[component_container_mt-42] [INFO] [1785818145.274206238] [planning.scenario_planning.parking.parking_container]: Instantiate class: rclcpp_components::NodeFactoryTemplate<autoware::freespace_planner::FreespacePlannerNode>
[INFO] [launch_ros.actions.load_composable_nodes]: Loaded node '/system/topic_state_monitor_vehicle_status_steering_status' in container '/system/component_state_monitor/container'
[INFO] [launch_ros.actions.load_composable_nodes]: Loaded node '/planning/scenario_planning/velocity_smoother' in container '/planning/scenario_planning/velocity_smoother_container'
[component_container_mt-41] [INFO] [1785818145.270070346] [planning.scenario_planning.lane_driving.motion_planning.motion_planning_container]: Found class: rclcpp_components::NodeFactoryTemplate<autoware::path_smoother::ElasticBandSmoother>
[component_container_mt-41] [INFO] [1785818145.270109185] [planning.scenario_planning.lane_driving.motion_planning.motion_planning_container]: Instantiate class: rclcpp_components::NodeFactoryTemplate<autoware::path_smoother::ElasticBandSmoother>
[component_container-7] [INFO] [1785818145.278716107] [system.component_state_monitor.container]: Load Library: /opt/autoware/lib/libautoware_component_state_monitor.so
[component_container-7] [INFO] [1785818145.279507341] [system.component_state_monitor.container]: Found class: rclcpp_components::NodeFactoryTemplate<autoware::component_state_monitor::StateMonitor>
[component_container-7] [INFO] [1785818145.279520687] [system.component_state_monitor.container]: Instantiate class: rclcpp_components::NodeFactoryTemplate<autoware::component_state_monitor::StateMonitor>
[component_container_mt-1] [INFO] [1785818145.283948889] [pointcloud_container]: Found class: rclcpp_components::NodeFactoryTemplate<autoware::pointcloud_preprocessor::ApproximateDownsampleFilterComponent>
[component_container_mt-1] [INFO] [1785818145.284159160] [pointcloud_container]: Found class: rclcpp_components::NodeFactoryTemplate<autoware::pointcloud_preprocessor::BlockageDiagComponent>
[component_container_mt-1] [INFO] [1785818145.284266559] [pointcloud_container]: Found class: rclcpp_components::NodeFactoryTemplate<autoware::pointcloud_preprocessor::CropBoxFilterComponent>
[component_container_mt-1] [INFO] [1785818145.284273671] [pointcloud_container]: Found class: rclcpp_components::NodeFactoryTemplate<autoware::pointcloud_preprocessor::DistortionCorrectorComponent>
[component_container_mt-1] [INFO] [1785818145.284279381] [pointcloud_container]: Found class: rclcpp_components::NodeFactoryTemplate<autoware::pointcloud_preprocessor::DualReturnOutlierFilterComponent>
[component_container_mt-1] [INFO] [1785818145.284284504] [pointcloud_container]: Found class: rclcpp_components::NodeFactoryTemplate<autoware::pointcloud_preprocessor::Lanelet2MapFilterComponent>
[component_container_mt-1] [INFO] [1785818145.284289695] [pointcloud_container]: Found class: rclcpp_components::NodeFactoryTemplate<autoware::pointcloud_preprocessor::PassThroughFilterComponent>
[INFO] [launch_ros.actions.load_composable_nodes]: Loaded node '/control/trajectory_follower/controller_node_exe' in container '/control/control_container'
[component_container_mt-1] [INFO] [1785818145.284326067] [pointcloud_container]: Found class: rclcpp_components::NodeFactoryTemplate<autoware::pointcloud_preprocessor::PassThroughFilterUInt16Component>
[component_container_mt-1] [INFO] [1785818145.284332891] [pointcloud_container]: Found class: rclcpp_components::NodeFactoryTemplate<autoware::pointcloud_preprocessor::PickupBasedVoxelGridDownsampleFilterComponent>
[component_container_mt-1] [INFO] [1785818145.284338035] [pointcloud_container]: Found class: rclcpp_components::NodeFactoryTemplate<autoware::pointcloud_preprocessor::PointCloudConcatenateDataSynchronizerComponent>
[component_container_mt-1] [INFO] [1785818145.284343236] [pointcloud_container]: Found class: rclcpp_components::NodeFactoryTemplate<autoware::pointcloud_preprocessor::PointCloudConcatenationComponent>
[component_container_mt-1] [INFO] [1785818145.284348396] [pointcloud_container]: Found class: rclcpp_components::NodeFactoryTemplate<autoware::pointcloud_preprocessor::PointCloudDataSynchronizerComponent>
[component_container_mt-1] [INFO] [1785818145.284353262] [pointcloud_container]: Found class: rclcpp_components::NodeFactoryTemplate<autoware::pointcloud_preprocessor::PointCloudDensifierNode>
[component_container_mt-1] [INFO] [1785818145.284358095] [pointcloud_container]: Found class: rclcpp_components::NodeFactoryTemplate<autoware::pointcloud_preprocessor::PointcloudAccumulatorComponent>
[component_container_mt-1] [INFO] [1785818145.284362817] [pointcloud_container]: Found class: rclcpp_components::NodeFactoryTemplate<autoware::pointcloud_preprocessor::PolarVoxelOutlierFilterComponent>
[component_container_mt-1] [INFO] [1785818145.284367537] [pointcloud_container]: Found class: rclcpp_components::NodeFactoryTemplate<autoware::pointcloud_preprocessor::PolygonRemoverComponent>
[component_container_mt-1] [INFO] [1785818145.284372328] [pointcloud_container]: Found class: rclcpp_components::NodeFactoryTemplate<autoware::pointcloud_preprocessor::RadiusSearch2DOutlierFilterComponent>
[component_container_mt-1] [INFO] [1785818145.284377147] [pointcloud_container]: Found class: rclcpp_components::NodeFactoryTemplate<autoware::pointcloud_preprocessor::RandomDownsampleFilterComponent>
[component_container_mt-1] [INFO] [1785818145.284382367] [pointcloud_container]: Instantiate class: rclcpp_components::NodeFactoryTemplate<autoware::pointcloud_preprocessor::RandomDownsampleFilterComponent>
[component_container_mt-48] [INFO] [1785818145.287677835] [control.trajectory_follower.lane_departure_checker_node]: waiting for current_twist msg...
[autoware_mrm_handler_node-13] [WARN] [1785818145.289945707] [system.mrm_handler]: no mrm operation available: operate emergency_stop
[component_container_mt-47] [INFO] [1785818145.298793735] [control.trajectory_follower.controller_node_exe]: Waiting for acceleration data
[component_container_mt-47] [INFO] [1785818145.298864696] [control.trajectory_follower.controller_node_exe]: Control is skipped since input data is not ready.
[component_container_mt-47] [INFO] [1785818145.299052773] [control.control_container]: Load Library: /opt/autoware/lib/libautoware_external_cmd_selector_node.so
[component_container-38] [INFO] [1785818145.302004421] [planning.scenario_planning.velocity_smoother_container]: Load Library: /opt/autoware/lib/libautoware_glog_component.so
[component_container-38] [INFO] [1785818145.302930634] [planning.scenario_planning.velocity_smoother_container]: Found class: rclcpp_components::NodeFactoryTemplate<autoware::glog_component::GlogComponent>
[component_container-38] [INFO] [1785818145.302962370] [planning.scenario_planning.velocity_smoother_container]: Instantiate class: rclcpp_components::NodeFactoryTemplate<autoware::glog_component::GlogComponent>
[INFO] [launch_ros.actions.load_composable_nodes]: Loaded node '/localization/util/random_downsample_filter' in container '/pointcloud_container'
[INFO] [launch_ros.actions.load_composable_nodes]: Loaded node '/sensing/lidar/left/crop_box_filter_self' in container '/sensing/lidar/left/pointcloud_preprocessor/pointcloud_container'
[INFO] [launch_ros.actions.load_composable_nodes]: Loaded node '/map/pointcloud_map_loader' in container '/map/map_container'
[component_container-19] [INFO] [1785818145.317738789] [sensing.lidar.left.pointcloud_preprocessor.pointcloud_container]: Found class: rclcpp_components::NodeFactoryTemplate<autoware::pointcloud_preprocessor::ApproximateDownsampleFilterComponent>
[component_container-19] [INFO] [1785818145.317785163] [sensing.lidar.left.pointcloud_preprocessor.pointcloud_container]: Found class: rclcpp_components::NodeFactoryTemplate<autoware::pointcloud_preprocessor::BlockageDiagComponent>
[component_container-19] [INFO] [1785818145.317793126] [sensing.lidar.left.pointcloud_preprocessor.pointcloud_container]: Found class: rclcpp_components::NodeFactoryTemplate<autoware::pointcloud_preprocessor::CropBoxFilterComponent>
[component_container-19] [INFO] [1785818145.317799150] [sensing.lidar.left.pointcloud_preprocessor.pointcloud_container]: Instantiate class: rclcpp_components::NodeFactoryTemplate<autoware::pointcloud_preprocessor::CropBoxFilterComponent>
[component_container_mt-47] [INFO] [1785818145.318417209] [control.control_container]: Found class: rclcpp_components::NodeFactoryTemplate<autoware::external_cmd_selector::ExternalCmdSelector>
[component_container_mt-47] [INFO] [1785818145.322879527] [control.control_container]: Instantiate class: rclcpp_components::NodeFactoryTemplate<autoware::external_cmd_selector::ExternalCmdSelector>
[component_container-18] [INFO] [1785818145.328274094] [sensing.lidar.top.pointcloud_preprocessor.pointcloud_container]: Found class: rclcpp_components::NodeFactoryTemplate<autoware::pointcloud_preprocessor::ApproximateDownsampleFilterComponent>
[component_container-18] [INFO] [1785818145.328320718] [sensing.lidar.top.pointcloud_preprocessor.pointcloud_container]: Found class: rclcpp_components::NodeFactoryTemplate<autoware::pointcloud_preprocessor::BlockageDiagComponent>
[component_container-18] [INFO] [1785818145.328327361] [sensing.lidar.top.pointcloud_preprocessor.pointcloud_container]: Found class: rclcpp_components::NodeFactoryTemplate<autoware::pointcloud_preprocessor::CropBoxFilterComponent>
[component_container-18] [INFO] [1785818145.328332668] [sensing.lidar.top.pointcloud_preprocessor.pointcloud_container]: Instantiate class: rclcpp_components::NodeFactoryTemplate<autoware::pointcloud_preprocessor::CropBoxFilterComponent>
[component_container_mt-15] [INFO] [1785818145.328604326] [map.map_container]: Load Library: /opt/autoware/lib/liblanelet2_map_loader_node.so
[INFO] [launch_ros.actions.load_composable_nodes]: Loaded node '/system/component_state_monitor/component' in container '/system/component_state_monitor/container'
[INFO] [launch_ros.actions.load_composable_nodes]: Loaded node '/planning/mission_planning/route_selector' in container '/planning/mission_planning/mission_planner_container'
[INFO] [launch_ros.actions.load_composable_nodes]: Loaded node '/control/control_validator' in container '/control/control_check_container'
[INFO] [launch_ros.actions.load_composable_nodes]: Loaded node '/planning/scenario_planning/glog_component' in container '/planning/scenario_planning/velocity_smoother_container'
[INFO] [launch_ros.actions.load_composable_nodes]: Loaded node '/planning/scenario_planning/lane_driving/motion_planning/elastic_band_smoother' in container '/planning/scenario_planning/lane_driving/motion_planning/motion_planning_container'
[component_container-7] [INFO] [1785818145.332033282] [system.component_state_monitor.container]: Found class: rclcpp_components::NodeFactoryTemplate<autoware::topic_state_monitor::TopicStateMonitorNode>
[INFO] [launch_ros.actions.load_composable_nodes]: Loaded node '/system/topic_state_monitor_vector_map' in container '/system/component_state_monitor/container'
[INFO] [launch_ros.actions.load_composable_nodes]: Loaded node '/adapi/node/localization' in container '/adapi/container'
[component_container-7] [INFO] [1785818145.332065463] [system.component_state_monitor.container]: Instantiate class: rclcpp_components::NodeFactoryTemplate<autoware::topic_state_monitor::TopicStateMonitorNode>
[component_container_mt-48] [INFO] [1785818145.336650786] [control.control_check_container]: Load Library: /opt/autoware/lib/libautoware_autonomous_emergency_braking_node.so
[component_container_mt-42] [ERROR] [1785818145.337315005] [planning.scenario_planning.parking.costmap_generator]: "map" passed to lookupTransform argument target_frame does not exist. 
[component_container_mt-15] [INFO] [1785818145.349120652] [map.map_container]: Found class: rclcpp_components::NodeFactoryTemplate<autoware::map_loader::Lanelet2MapLoaderNode>
[component_container_mt-15] [INFO] [1785818145.349172711] [map.map_container]: Instantiate class: rclcpp_components::NodeFactoryTemplate<autoware::map_loader::Lanelet2MapLoaderNode>
[component_container_mt-41] [INFO] [1785818145.369999238] [planning.scenario_planning.lane_driving.motion_planning.motion_planning_container]: Load Library: /opt/autoware/lib/libautoware_path_optimizer.so
[component_container_mt-41] [INFO] [1785818145.372544833] [planning.scenario_planning.lane_driving.motion_planning.motion_planning_container]: Found class: rclcpp_components::NodeFactoryTemplate<autoware::path_optimizer::PathOptimizer>
[component_container_mt-41] [INFO] [1785818145.372579595] [planning.scenario_planning.lane_driving.motion_planning.motion_planning_container]: Instantiate class: rclcpp_components::NodeFactoryTemplate<autoware::path_optimizer::PathOptimizer>
[component_container-7] [INFO] [1785818145.373983133] [system.component_state_monitor.container]: Found class: rclcpp_components::NodeFactoryTemplate<autoware::topic_state_monitor::TopicStateMonitorNode>
[component_container-7] [INFO] [1785818145.374010214] [system.component_state_monitor.container]: Instantiate class: rclcpp_components::NodeFactoryTemplate<autoware::topic_state_monitor::TopicStateMonitorNode>
[component_container_mt-42] [INFO] [1785818145.376596219] [planning.scenario_planning.parking.freespace_planner]: initialize planning algorithm: astar
[INFO] [launch_ros.actions.load_composable_nodes]: Loaded node '/system/topic_state_monitor_pointcloud_map' in container '/system/component_state_monitor/container'
[autoware_mrm_handler_node-13] [WARN] [1785818145.386571646] [system.mrm_handler]: no mrm operation available: operate emergency_stop
[component_container_mt-34] [INFO] [1785818145.393098582] [planning.mission_planning.mission_planner_container]: Load Library: /opt/autoware/lib/libautoware_glog_component.so
[component_container_mt-34] [INFO] [1785818145.394529813] [planning.mission_planning.mission_planner_container]: Found class: rclcpp_components::NodeFactoryTemplate<autoware::glog_component::GlogComponent>
[component_container_mt-34] [INFO] [1785818145.394566724] [planning.mission_planning.mission_planner_container]: Instantiate class: rclcpp_components::NodeFactoryTemplate<autoware::glog_component::GlogComponent>
[component_container-7] [INFO] [1785818145.400007421] [system.component_state_monitor.container]: Found class: rclcpp_components::NodeFactoryTemplate<autoware::topic_state_monitor::TopicStateMonitorNode>
[component_container-7] [INFO] [1785818145.400036177] [system.component_state_monitor.container]: Instantiate class: rclcpp_components::NodeFactoryTemplate<autoware::topic_state_monitor::TopicStateMonitorNode>
[INFO] [launch_ros.actions.load_composable_nodes]: Loaded node '/sensing/lidar/left/crop_box_filter_mirror' in container '/sensing/lidar/left/pointcloud_preprocessor/pointcloud_container'
[component_container_mt-48] [INFO] [1785818145.409211364] [control.control_check_container]: Found class: rclcpp_components::NodeFactoryTemplate<autoware::motion::control::autonomous_emergency_braking::AEB>
[component_container_mt-48] [INFO] [1785818145.409255507] [control.control_check_container]: Instantiate class: rclcpp_components::NodeFactoryTemplate<autoware::motion::control::autonomous_emergency_braking::AEB>
[INFO] [launch_ros.actions.load_composable_nodes]: Loaded node '/sensing/lidar/top/crop_box_filter_self' in container '/sensing/lidar/top/pointcloud_preprocessor/pointcloud_container'
[component_container-18] [INFO] [1785818145.412506467] [sensing.lidar.top.pointcloud_preprocessor.pointcloud_container]: Found class: rclcpp_components::NodeFactoryTemplate<autoware::pointcloud_preprocessor::ApproximateDownsampleFilterComponent>
[component_container-18] [INFO] [1785818145.412550039] [sensing.lidar.top.pointcloud_preprocessor.pointcloud_container]: Found class: rclcpp_components::NodeFactoryTemplate<autoware::pointcloud_preprocessor::BlockageDiagComponent>
[component_container-18] [INFO] [1785818145.412557352] [sensing.lidar.top.pointcloud_preprocessor.pointcloud_container]: Found class: rclcpp_components::NodeFactoryTemplate<autoware::pointcloud_preprocessor::CropBoxFilterComponent>
[component_container-18] [INFO] [1785818145.412563186] [sensing.lidar.top.pointcloud_preprocessor.pointcloud_container]: Instantiate class: rclcpp_components::NodeFactoryTemplate<autoware::pointcloud_preprocessor::CropBoxFilterComponent>
[INFO] [launch_ros.actions.load_composable_nodes]: Loaded node '/planning/scenario_planning/parking/freespace_planner' in container '/planning/scenario_planning/parking/parking_container'
[component_container_mt-42] [INFO] [1785818145.424642808] [planning.scenario_planning.parking.parking_container]: Load Library: /opt/autoware/lib/libautoware_glog_component.so
[INFO] [launch_ros.actions.load_composable_nodes]: Loaded node '/system/topic_state_monitor_initialpose3d' in container '/system/component_state_monitor/container'
[INFO] [launch_ros.actions.load_composable_nodes]: Loaded node '/map/lanelet2_map_loader' in container '/map/map_container'
[INFO] [launch_ros.actions.load_composable_nodes]: Loaded node '/planning/mission_planning/glog_component' in container '/planning/mission_planning/mission_planner_container'
[component_container_mt-42] [INFO] [1785818145.429224250] [planning.scenario_planning.parking.parking_container]: Found class: rclcpp_components::NodeFactoryTemplate<autoware::glog_component::GlogComponent>
[component_container_mt-42] [INFO] [1785818145.429269941] [planning.scenario_planning.parking.parking_container]: Instantiate class: rclcpp_components::NodeFactoryTemplate<autoware::glog_component::GlogComponent>
[component_container_mt-15] [INFO] [1785818145.439881712] [map.map_container]: Load Library: /opt/autoware/lib/liblanelet2_map_visualization_node.so
[component_container_mt-15] [INFO] [1785818145.444868903] [map.map_container]: Found class: rclcpp_components::NodeFactoryTemplate<autoware::lanelet2_map_visualizer::Lanelet2MapVisualizationNode>
[component_container_mt-15] [INFO] [1785818145.444939968] [map.map_container]: Instantiate class: rclcpp_components::NodeFactoryTemplate<autoware::lanelet2_map_visualizer::Lanelet2MapVisualizationNode>
[component_container_mt-47] [INFO] [1785818145.451256542] [control.control_container]: Load Library: /opt/autoware/lib/libautoware_external_cmd_converter.so
[component_container-19] [INFO] [1785818145.454132394] [sensing.lidar.left.pointcloud_preprocessor.pointcloud_container]: Found class: rclcpp_components::NodeFactoryTemplate<autoware::pointcloud_preprocessor::ApproximateDownsampleFilterComponent>
[component_container-19] [INFO] [1785818145.454182909] [sensing.lidar.left.pointcloud_preprocessor.pointcloud_container]: Found class: rclcpp_components::NodeFactoryTemplate<autoware::pointcloud_preprocessor::BlockageDiagComponent>
[component_container-19] [INFO] [1785818145.454190601] [sensing.lidar.left.pointcloud_preprocessor.pointcloud_container]: Found class: rclcpp_components::NodeFactoryTemplate<autoware::pointcloud_preprocessor::CropBoxFilterComponent>
[component_container-19] [INFO] [1785818145.454196347] [sensing.lidar.left.pointcloud_preprocessor.pointcloud_container]: Found class: rclcpp_components::NodeFactoryTemplate<autoware::pointcloud_preprocessor::DistortionCorrectorComponent>
[component_container-19] [INFO] [1785818145.454202133] [sensing.lidar.left.pointcloud_preprocessor.pointcloud_container]: Instantiate class: rclcpp_components::NodeFactoryTemplate<autoware::pointcloud_preprocessor::DistortionCorrectorComponent>
[INFO] [launch_ros.actions.load_composable_nodes]: Loaded node '/control/external_cmd_selector' in container '/control/control_container'
[INFO] [launch_ros.actions.load_composable_nodes]: Loaded node '/planning/scenario_planning/parking/glog_component' in container '/planning/scenario_planning/parking/parking_container'
[component_container_mt-47] [INFO] [1785818145.458882820] [control.control_container]: Found class: rclcpp_components::NodeFactoryTemplate<autoware::external_cmd_converter::ExternalCmdConverterNode>
[component_container_mt-47] [INFO] [1785818145.459395231] [control.control_container]: Instantiate class: rclcpp_components::NodeFactoryTemplate<autoware::external_cmd_converter::ExternalCmdConverterNode>
[component_container_mt-48] [INFO] [1785818145.480216392] [control.control_check_container]: Load Library: /opt/autoware/lib/libautoware_collision_detector.so
[INFO] [launch_ros.actions.load_composable_nodes]: Loaded node '/control/autonomous_emergency_braking' in container '/control/control_check_container'
[INFO] [launch_ros.actions.load_composable_nodes]: Loaded node '/adapi/node/routing' in container '/adapi/container'
[autoware_mrm_handler_node-13] [WARN] [1785818145.489938663] [system.mrm_handler]: no mrm operation available: operate emergency_stop
[component_container_mt-41] [INFO] [1785818145.490372678] [planning.scenario_planning.lane_driving.motion_planning.motion_planning_container]: Load Library: /opt/autoware/lib/libautoware_motion_velocity_planner_lib.so
[component_container_mt-48] [INFO] [1785818145.492139194] [control.control_check_container]: Found class: rclcpp_components::NodeFactoryTemplate<autoware::collision_detector::CollisionDetectorNode>
[component_container_mt-48] [INFO] [1785818145.492183265] [control.control_check_container]: Instantiate class: rclcpp_components::NodeFactoryTemplate<autoware::collision_detector::CollisionDetectorNode>
[INFO] [launch_ros.actions.load_composable_nodes]: Loaded node '/planning/scenario_planning/lane_driving/motion_planning/path_optimizer' in container '/planning/scenario_planning/lane_driving/motion_planning/motion_planning_container'
[component_container_mt-15] [WARN] [1785818145.495372267] [map.lanelet2_map_loader]: /autoware_map/town10-regen/lanelet2_map.osm has no format_version(null) or non semver-style format_version(null) information
[component_container_mt-15] [INFO] [1785818145.495427937] [map.lanelet2_map_loader]: Loaded map format_version: null
[INFO] [launch_ros.actions.load_composable_nodes]: Loaded node '/sensing/lidar/top/crop_box_filter_mirror' in container '/sensing/lidar/top/pointcloud_preprocessor/pointcloud_container'
[component_container-18] [WARN] [1785818145.511937852] [sensing.lidar.top.crop_box_filter_self]: Invalid PointCloud: is_dense is false. The point cloud should be organized (dense) and contain only valid points. This will be an ERROR starting in 2026 JulyFrame: 'velodyne_top', Stamp: 15.258996971
[INFO] [launch_ros.actions.load_composable_nodes]: Loaded node '/map/lanelet2_map_visualization' in container '/map/map_container'
[component_container_mt-15] [INFO] [1785818145.532721788] [map.map_container]: Load Library: /opt/autoware/lib/libvector_map_tf_generator_node.so
[component_container_mt-15] [INFO] [1785818145.535182139] [map.map_container]: Found class: rclcpp_components::NodeFactoryTemplate<autoware::map_tf_generator::VectorMapTFGeneratorNode>
[INFO] [launch_ros.actions.load_composable_nodes]: Loaded node '/control/external_cmd_converter' in container '/control/control_container'
[component_container_mt-15] [INFO] [1785818145.535213213] [map.map_container]: Instantiate class: rclcpp_components::NodeFactoryTemplate<autoware::map_tf_generator::VectorMapTFGeneratorNode>
[component_container_mt-47] [INFO] [1785818145.545909536] [control.control_container]: Load Library: /opt/autoware/lib/libautoware_shift_decider_node.so
[component_container_mt-40] [INFO] [1785818145.548324809] [planning.scenario_planning.lane_driving.behavior_planning.behavior_velocity_planner]: The scene plugin 'autoware::behavior_velocity_planner::experimental::CrosswalkModulePlugin' is loaded.
[component_container_mt-47] [INFO] [1785818145.554393349] [control.control_container]: Found class: rclcpp_components::NodeFactoryTemplate<autoware::shift_decider::ShiftDecider>
[component_container_mt-47] [INFO] [1785818145.554436578] [control.control_container]: Instantiate class: rclcpp_components::NodeFactoryTemplate<autoware::shift_decider::ShiftDecider>
[INFO] [launch_ros.actions.load_composable_nodes]: Loaded node '/adapi/node/autoware_state' in container '/adapi/container'
[INFO] [launch_ros.actions.load_composable_nodes]: Loaded node '/sensing/lidar/left/distortion_corrector_node' in container '/sensing/lidar/left/pointcloud_preprocessor/pointcloud_container'
[component_container_mt-41] [INFO] [1785818145.567340994] [planning.scenario_planning.lane_driving.motion_planning.motion_planning_container]: Found class: rclcpp_components::NodeFactoryTemplate<autoware::motion_velocity_planner::MotionVelocityPlannerNode>
[component_container_mt-41] [INFO] [1785818145.567381313] [planning.scenario_planning.lane_driving.motion_planning.motion_planning_container]: Instantiate class: rclcpp_components::NodeFactoryTemplate<autoware::motion_velocity_planner::MotionVelocityPlannerNode>
[component_container_mt-40] [INFO] [1785818145.567503919] [planning.scenario_planning.lane_driving.behavior_planning.behavior_velocity_planner]: The scene plugin 'autoware::behavior_velocity_planner::experimental::WalkwayModulePlugin' is loaded.
[component_container-19] [INFO] [1785818145.569175502] [sensing.lidar.left.pointcloud_preprocessor.pointcloud_container]: Found class: rclcpp_components::NodeFactoryTemplate<autoware::pointcloud_preprocessor::ApproximateDownsampleFilterComponent>
[component_container-19] [INFO] [1785818145.569212279] [sensing.lidar.left.pointcloud_preprocessor.pointcloud_container]: Found class: rclcpp_components::NodeFactoryTemplate<autoware::pointcloud_preprocessor::BlockageDiagComponent>
[component_container-19] [INFO] [1785818145.569219548] [sensing.lidar.left.pointcloud_preprocessor.pointcloud_container]: Found class: rclcpp_components::NodeFactoryTemplate<autoware::pointcloud_preprocessor::CropBoxFilterComponent>
[component_container-19] [INFO] [1785818145.569265974] [sensing.lidar.left.pointcloud_preprocessor.pointcloud_container]: Found class: rclcpp_components::NodeFactoryTemplate<autoware::pointcloud_preprocessor::DistortionCorrectorComponent>
[component_container-19] [INFO] [1785818145.569273196] [sensing.lidar.left.pointcloud_preprocessor.pointcloud_container]: Found class: rclcpp_components::NodeFactoryTemplate<autoware::pointcloud_preprocessor::DualReturnOutlierFilterComponent>
[component_container-19] [INFO] [1785818145.569278828] [sensing.lidar.left.pointcloud_preprocessor.pointcloud_container]: Found class: rclcpp_components::NodeFactoryTemplate<autoware::pointcloud_preprocessor::Lanelet2MapFilterComponent>
[component_container-19] [INFO] [1785818145.569284373] [sensing.lidar.left.pointcloud_preprocessor.pointcloud_container]: Found class: rclcpp_components::NodeFactoryTemplate<autoware::pointcloud_preprocessor::PassThroughFilterComponent>
[component_container-19] [INFO] [1785818145.569289541] [sensing.lidar.left.pointcloud_preprocessor.pointcloud_container]: Found class: rclcpp_components::NodeFactoryTemplate<autoware::pointcloud_preprocessor::PassThroughFilterUInt16Component>
[component_container-19] [INFO] [1785818145.569294891] [sensing.lidar.left.pointcloud_preprocessor.pointcloud_container]: Found class: rclcpp_components::NodeFactoryTemplate<autoware::pointcloud_preprocessor::PickupBasedVoxelGridDownsampleFilterComponent>
[component_container-19] [INFO] [1785818145.569300362] [sensing.lidar.left.pointcloud_preprocessor.pointcloud_container]: Found class: rclcpp_components::NodeFactoryTemplate<autoware::pointcloud_preprocessor::PointCloudConcatenateDataSynchronizerComponent>
[component_container-19] [INFO] [1785818145.569305554] [sensing.lidar.left.pointcloud_preprocessor.pointcloud_container]: Found class: rclcpp_components::NodeFactoryTemplate<autoware::pointcloud_preprocessor::PointCloudConcatenationComponent>
[component_container-19] [INFO] [1785818145.569310572] [sensing.lidar.left.pointcloud_preprocessor.pointcloud_container]: Found class: rclcpp_components::NodeFactoryTemplate<autoware::pointcloud_preprocessor::PointCloudDataSynchronizerComponent>
[component_container-19] [INFO] [1785818145.569315403] [sensing.lidar.left.pointcloud_preprocessor.pointcloud_container]: Found class: rclcpp_components::NodeFactoryTemplate<autoware::pointcloud_preprocessor::PointCloudDensifierNode>
[component_container-19] [INFO] [1785818145.569320885] [sensing.lidar.left.pointcloud_preprocessor.pointcloud_container]: Found class: rclcpp_components::NodeFactoryTemplate<autoware::pointcloud_preprocessor::PointcloudAccumulatorComponent>
[component_container-19] [INFO] [1785818145.569326071] [sensing.lidar.left.pointcloud_preprocessor.pointcloud_container]: Found class: rclcpp_components::NodeFactoryTemplate<autoware::pointcloud_preprocessor::PolarVoxelOutlierFilterComponent>
[component_container-19] [INFO] [1785818145.569331119] [sensing.lidar.left.pointcloud_preprocessor.pointcloud_container]: Found class: rclcpp_components::NodeFactoryTemplate<autoware::pointcloud_preprocessor::PolygonRemoverComponent>
[component_container-19] [INFO] [1785818145.569337074] [sensing.lidar.left.pointcloud_preprocessor.pointcloud_container]: Found class: rclcpp_components::NodeFactoryTemplate<autoware::pointcloud_preprocessor::RadiusSearch2DOutlierFilterComponent>
[component_container-19] [INFO] [1785818145.569342133] [sensing.lidar.left.pointcloud_preprocessor.pointcloud_container]: Found class: rclcpp_components::NodeFactoryTemplate<autoware::pointcloud_preprocessor::RandomDownsampleFilterComponent>
[component_container-19] [INFO] [1785818145.569347169] [sensing.lidar.left.pointcloud_preprocessor.pointcloud_container]: Found class: rclcpp_components::NodeFactoryTemplate<autoware::pointcloud_preprocessor::RingOutlierFilterComponent>
[component_container-19] [INFO] [1785818145.569353697] [sensing.lidar.left.pointcloud_preprocessor.pointcloud_container]: Instantiate class: rclcpp_components::NodeFactoryTemplate<autoware::pointcloud_preprocessor::RingOutlierFilterComponent>
[INFO] [launch_ros.actions.load_composable_nodes]: Loaded node '/map/vector_map_tf_generator' in container '/map/map_container'
[autoware_mrm_handler_node-13] [WARN] [1785818145.585930121] [system.mrm_handler]: no mrm operation available: operate emergency_stop
[component_container-18] [INFO] [1785818145.588549123] [sensing.lidar.top.pointcloud_preprocessor.pointcloud_container]: Found class: rclcpp_components::NodeFactoryTemplate<autoware::pointcloud_preprocessor::ApproximateDownsampleFilterComponent>
[component_container-18] [INFO] [1785818145.588592755] [sensing.lidar.top.pointcloud_preprocessor.pointcloud_container]: Found class: rclcpp_components::NodeFactoryTemplate<autoware::pointcloud_preprocessor::BlockageDiagComponent>
[component_container-18] [INFO] [1785818145.588600089] [sensing.lidar.top.pointcloud_preprocessor.pointcloud_container]: Found class: rclcpp_components::NodeFactoryTemplate<autoware::pointcloud_preprocessor::CropBoxFilterComponent>
[component_container-18] [INFO] [1785818145.588605324] [sensing.lidar.top.pointcloud_preprocessor.pointcloud_container]: Found class: rclcpp_components::NodeFactoryTemplate<autoware::pointcloud_preprocessor::DistortionCorrectorComponent>
[component_container-18] [INFO] [1785818145.588610489] [sensing.lidar.top.pointcloud_preprocessor.pointcloud_container]: Instantiate class: rclcpp_components::NodeFactoryTemplate<autoware::pointcloud_preprocessor::DistortionCorrectorComponent>
[component_container_mt-15] [INFO] [1785818145.589111011] [map.lanelet2_map_loader]: Succeeded to load lanelet2_map. Map is published.
[INFO] [launch_ros.actions.load_composable_nodes]: Loaded node '/control/collision_detector' in container '/control/control_check_container'
[component_container_mt-15] [INFO] [1785818145.596386536] [map.lanelet2_map_visualization]: Map is loaded
[component_container_mt-15] 
[INFO] [launch_ros.actions.load_composable_nodes]: Loaded node '/planning/planning_validator' in container '/planning/planning_validator_container'
[component_container_mt-40] [INFO] [1785818145.607961951] [planning.scenario_planning.lane_driving.behavior_planning.behavior_velocity_planner]: The scene plugin 'autoware::behavior_velocity_planner::experimental::TrafficLightModulePlugin' is loaded.
[INFO] [launch_ros.actions.load_composable_nodes]: Loaded node '/adapi/node/diagnostics' in container '/adapi/container'
[INFO] [launch_ros.actions.load_composable_nodes]: Loaded node '/control/autoware_shift_decider' in container '/control/control_container'
[component_container_mt-15] [1;33mCould not find valid vertex for ear clipping triangulation. Triangulation result might be invalid[0m
[INFO] [launch_ros.actions.load_composable_nodes]: Loaded node '/sensing/lidar/left/ring_outlier_filter' in container '/sensing/lidar/left/pointcloud_preprocessor/pointcloud_container'
[component_container_mt-15] [1;33mCould not find valid vertex for ear clipping triangulation. Triangulation result might be invalid[0m
[INFO] [launch_ros.actions.load_composable_nodes]: Loaded node '/sensing/lidar/top/distortion_corrector_node' in container '/sensing/lidar/top/pointcloud_preprocessor/pointcloud_container'
[component_container_mt-47] [INFO] [1785818145.618436729] [control.control_container]: Load Library: /opt/autoware/lib/libvehicle_cmd_gate_node.so
[component_container_mt-15] [1;33mCould not find valid vertex for ear clipping triangulation. Triangulation result might be invalid[0m
[component_container_mt-15] [1;33mCould not find valid vertex for ear clipping triangulation. Triangulation result might be invalid[0m
[component_container_mt-15] [INFO] [1785818145.621400136] [map.vector_map_tf_generator]: broadcast static tf. map_frame:map, viewer_frame:viewer, x:-9.0952, y:-32.2807, z:0
[component_container-18] [INFO] [1785818145.632921899] [sensing.lidar.top.pointcloud_preprocessor.pointcloud_container]: Found class: rclcpp_components::NodeFactoryTemplate<autoware::pointcloud_preprocessor::ApproximateDownsampleFilterComponent>
[component_container-18] [INFO] [1785818145.632959207] [sensing.lidar.top.pointcloud_preprocessor.pointcloud_container]: Found class: rclcpp_components::NodeFactoryTemplate<autoware::pointcloud_preprocessor::BlockageDiagComponent>
[component_container-18] [INFO] [1785818145.632988290] [sensing.lidar.top.pointcloud_preprocessor.pointcloud_container]: Found class: rclcpp_components::NodeFactoryTemplate<autoware::pointcloud_preprocessor::CropBoxFilterComponent>
[component_container-18] [INFO] [1785818145.632993076] [sensing.lidar.top.pointcloud_preprocessor.pointcloud_container]: Found class: rclcpp_components::NodeFactoryTemplate<autoware::pointcloud_preprocessor::DistortionCorrectorComponent>
[component_container-18] [INFO] [1785818145.632997490] [sensing.lidar.top.pointcloud_preprocessor.pointcloud_container]: Found class: rclcpp_components::NodeFactoryTemplate<autoware::pointcloud_preprocessor::DualReturnOutlierFilterComponent>
[component_container-18] [INFO] [1785818145.633001794] [sensing.lidar.top.pointcloud_preprocessor.pointcloud_container]: Found class: rclcpp_components::NodeFactoryTemplate<autoware::pointcloud_preprocessor::Lanelet2MapFilterComponent>
[component_container-18] [INFO] [1785818145.633005895] [sensing.lidar.top.pointcloud_preprocessor.pointcloud_container]: Found class: rclcpp_components::NodeFactoryTemplate<autoware::pointcloud_preprocessor::PassThroughFilterComponent>
[component_container-18] [INFO] [1785818145.633009729] [sensing.lidar.top.pointcloud_preprocessor.pointcloud_container]: Found class: rclcpp_components::NodeFactoryTemplate<autoware::pointcloud_preprocessor::PassThroughFilterUInt16Component>
[component_container-18] [INFO] [1785818145.633013293] [sensing.lidar.top.pointcloud_preprocessor.pointcloud_container]: Found class: rclcpp_components::NodeFactoryTemplate<autoware::pointcloud_preprocessor::PickupBasedVoxelGridDownsampleFilterComponent>
[component_container-18] [INFO] [1785818145.633017437] [sensing.lidar.top.pointcloud_preprocessor.pointcloud_container]: Found class: rclcpp_components::NodeFactoryTemplate<autoware::pointcloud_preprocessor::PointCloudConcatenateDataSynchronizerComponent>
[component_container-18] [INFO] [1785818145.633021436] [sensing.lidar.top.pointcloud_preprocessor.pointcloud_container]: Found class: rclcpp_components::NodeFactoryTemplate<autoware::pointcloud_preprocessor::PointCloudConcatenationComponent>
[component_container-18] [INFO] [1785818145.633025163] [sensing.lidar.top.pointcloud_preprocessor.pointcloud_container]: Found class: rclcpp_components::NodeFactoryTemplate<autoware::pointcloud_preprocessor::PointCloudDataSynchronizerComponent>
[component_container-18] [INFO] [1785818145.633029084] [sensing.lidar.top.pointcloud_preprocessor.pointcloud_container]: Found class: rclcpp_components::NodeFactoryTemplate<autoware::pointcloud_preprocessor::PointCloudDensifierNode>
[component_container-18] [INFO] [1785818145.633032956] [sensing.lidar.top.pointcloud_preprocessor.pointcloud_container]: Found class: rclcpp_components::NodeFactoryTemplate<autoware::pointcloud_preprocessor::PointcloudAccumulatorComponent>
[component_container-18] [INFO] [1785818145.633036730] [sensing.lidar.top.pointcloud_preprocessor.pointcloud_container]: Found class: rclcpp_components::NodeFactoryTemplate<autoware::pointcloud_preprocessor::PolarVoxelOutlierFilterComponent>
[component_container-18] [INFO] [1785818145.633040378] [sensing.lidar.top.pointcloud_preprocessor.pointcloud_container]: Found class: rclcpp_components::NodeFactoryTemplate<autoware::pointcloud_preprocessor::PolygonRemoverComponent>
[component_container-18] [INFO] [1785818145.633044784] [sensing.lidar.top.pointcloud_preprocessor.pointcloud_container]: Found class: rclcpp_components::NodeFactoryTemplate<autoware::pointcloud_preprocessor::RadiusSearch2DOutlierFilterComponent>
[component_container-18] [INFO] [1785818145.633048545] [sensing.lidar.top.pointcloud_preprocessor.pointcloud_container]: Found class: rclcpp_components::NodeFactoryTemplate<autoware::pointcloud_preprocessor::RandomDownsampleFilterComponent>
[component_container-18] [INFO] [1785818145.633052123] [sensing.lidar.top.pointcloud_preprocessor.pointcloud_container]: Found class: rclcpp_components::NodeFactoryTemplate<autoware::pointcloud_preprocessor::RingOutlierFilterComponent>
[component_container-18] [INFO] [1785818145.633055806] [sensing.lidar.top.pointcloud_preprocessor.pointcloud_container]: Instantiate class: rclcpp_components::NodeFactoryTemplate<autoware::pointcloud_preprocessor::RingOutlierFilterComponent>
[component_container_mt-48] [INFO] [1785818145.638192191] [control.collision_detector]: waiting for current odometry...
[component_container_mt-47] [INFO] [1785818145.641618465] [control.control_container]: Found class: rclcpp_components::NodeFactoryTemplate<autoware::vehicle_cmd_gate::VehicleCmdGate>
[component_container_mt-47] [INFO] [1785818145.641658309] [control.control_container]: Instantiate class: rclcpp_components::NodeFactoryTemplate<autoware::vehicle_cmd_gate::VehicleCmdGate>
[component_container_mt-15] [INFO] [1785818145.653692088] [map.lanelet2_map_visualization]: Map is loaded
[component_container_mt-15] 
[component_container_mt-15] [1;33mCould not find valid vertex for ear clipping triangulation. Triangulation result might be invalid[0m
[component_container_mt-15] [1;33mCould not find valid vertex for ear clipping triangulation. Triangulation result might be invalid[0m
[INFO] [launch_ros.actions.load_composable_nodes]: Loaded node '/adapi/node/fail_safe' in container '/adapi/container'
[component_container_mt-15] [1;33mCould not find valid vertex for ear clipping triangulation. Triangulation result might be invalid[0m
[component_container_mt-15] [1;33mCould not find valid vertex for ear clipping triangulation. Triangulation result might be invalid[0m
[component_container-18] [WARN] [1785818145.677658907] [sensing.lidar.top.distortion_corrector_node]: Twist time_stamp is too late. Could not interpolate.
[INFO] [launch_ros.actions.load_composable_nodes]: Loaded node '/sensing/lidar/top/ring_outlier_filter' in container '/sensing/lidar/top/pointcloud_preprocessor/pointcloud_container'
[autoware_mrm_handler_node-13] [WARN] [1785818145.686603850] [system.mrm_handler]: no mrm operation available: operate emergency_stop
[component_container_mt-15] [INFO] [1785818145.694743186] [map.vector_map_tf_generator]: broadcast static tf. map_frame:map, viewer_frame:viewer, x:-9.0952, y:-32.2807, z:0
[INFO] [launch_ros.actions.load_composable_nodes]: Loaded node '/adapi/node/heartbeat' in container '/adapi/container'
[component_container_mt-40] [INFO] [1785818145.712136404] [planning.scenario_planning.lane_driving.behavior_planning.behavior_velocity_planner]: The scene plugin 'autoware::behavior_velocity_planner::experimental::IntersectionModulePlugin' is loaded.
[component_container-20] [INFO] [1785818145.719031475] [sensing.lidar.right.pointcloud_preprocessor.pointcloud_container]: Load Library: /opt/autoware/lib/libautoware_glog_component.so
[component_container-20] [INFO] [1785818145.719977050] [sensing.lidar.right.pointcloud_preprocessor.pointcloud_container]: Found class: rclcpp_components::NodeFactoryTemplate<autoware::glog_component::GlogComponent>
[component_container-20] [INFO] [1785818145.720007628] [sensing.lidar.right.pointcloud_preprocessor.pointcloud_container]: Instantiate class: rclcpp_components::NodeFactoryTemplate<autoware::glog_component::GlogComponent>
[autoware_pose_initializer_node-26] [INFO] [1785818145.742011736] [localization.util.pose_initializer]: EKF triggering service is available!
[autoware_pose_initializer_node-26] [INFO] [1785818145.748638917] [localization.util.pose_initializer]: EKF Deactivation succeeded
[autoware_pose_initializer_node-26] [INFO] [1785818145.748957264] [localization.util.pose_initializer]: NDT triggering service is available!
[autoware_pose_initializer_node-26] [INFO] [1785818145.755962114] [localization.util.pose_initializer]: NDT Deactivation succeeded
[component_container_mt-40] [INFO] [1785818145.757208111] [planning.scenario_planning.lane_driving.behavior_planning.behavior_velocity_planner]: The scene plugin 'autoware::behavior_velocity_planner::experimental::BlindSpotModulePlugin' is loaded.
[service_log_checker_node-6] [ERROR] [1785818145.758631031] [system.service_log_checker]: /api/localization/initialize: status code 3 'The GNSS pose has not arrived.' (/localization/util/default_adapi/helpers/autoware_automatic_pose_initializer)
[autoware_scenario_selector_node-36] [WARN] [1785818145.765229115] [route_handler]: setMap() for invalid version map: 
[component_container_mt-34] [WARN] [1785818145.765508512] [route_handler]: setMap() for invalid version map: 
[INFO] [launch_ros.actions.load_composable_nodes]: Loaded node '/adapi/node/manual/local' in container '/adapi/container'
[autoware_manual_lane_change_handler_node-33] [WARN] [1785818145.770042144] [route_handler]: setMap() for invalid version map: 
[INFO] [launch_ros.actions.load_composable_nodes]: Loaded node '/sensing/lidar/right/glog_component' in container '/sensing/lidar/right/pointcloud_preprocessor/pointcloud_container'
[component_container_mt-40] [INFO] [1785818145.782739348] [planning.scenario_planning.lane_driving.behavior_planning.behavior_velocity_planner]: The scene plugin 'autoware::behavior_velocity_planner::experimental::DetectionAreaModulePlugin' is loaded.
[component_container-20] [INFO] [1785818145.782988357] [sensing.lidar.right.pointcloud_preprocessor.pointcloud_container]: Load Library: /opt/autoware/lib/libpointcloud_preprocessor_filter.so
[autoware_mrm_handler_node-13] [WARN] [1785818145.787394525] [system.mrm_handler]: no mrm operation available: operate emergency_stop
[INFO] [launch_ros.actions.load_composable_nodes]: Loaded node '/control/vehicle_cmd_gate' in container '/control/control_container'
[component_container_mt-47] [WARN] [1785818145.802404724] [control.vehicle_cmd_gate]: Emergency!
[component_container_mt-47] [INFO] [1785818145.807153890] [control.control_container]: Load Library: /opt/autoware/lib/libautoware_operation_mode_transition_manager_node.so
[component_container_mt-47] [INFO] [1785818145.811791097] [control.control_container]: Found class: rclcpp_components::NodeFactoryTemplate<autoware::operation_mode_transition_manager::AutonomousModeTransitionFlagNode>
[component_container_mt-47] [INFO] [1785818145.811823932] [control.control_container]: Found class: rclcpp_components::NodeFactoryTemplate<autoware::operation_mode_transition_manager::OperationModeTransitionManager>
[component_container_mt-47] [INFO] [1785818145.811831033] [control.control_container]: Instantiate class: rclcpp_components::NodeFactoryTemplate<autoware::operation_mode_transition_manager::OperationModeTransitionManager>
[component_container_mt-40] [INFO] [1785818145.811268244] [planning.scenario_planning.lane_driving.behavior_planning.behavior_velocity_planner]: The scene plugin 'autoware::behavior_velocity_planner::experimental::VirtualTrafficLightModulePlugin' is loaded.
[component_container_mt-34] [INFO] [1785818145.828496180] [planning.mission_planning.mission_planner]: waiting odometry... Route API is not ready.
[component_container_mt-40] [INFO] [1785818145.837675198] [planning.scenario_planning.lane_driving.behavior_planning.behavior_velocity_planner]: The scene plugin 'autoware::behavior_velocity_planner::experimental::NoStoppingAreaModulePlugin' is loaded.
[autoware_scenario_selector_node-36] [INFO] [1785818145.841903449] [planning.scenario_planning.scenario_selector]: Waiting for current pose.
[INFO] [launch_ros.actions.load_composable_nodes]: Loaded node '/adapi/node/manual/remote' in container '/adapi/container'
[component_container_mt-40] [INFO] [1785818145.843679695] [planning.scenario_planning.lane_driving.behavior_planning.behavior_velocity_planner]: The scene plugin 'autoware::behavior_velocity_planner::experimental::StopLineModulePlugin' is loaded.
[INFO] [launch_ros.actions.load_composable_nodes]: Loaded node '/planning/scenario_planning/lane_driving/behavior_planning/behavior_velocity_planner' in container '/planning/scenario_planning/lane_driving/behavior_planning/behavior_planning_container'
[component_container_mt-40] [INFO] [1785818145.845263635] [planning.scenario_planning.lane_driving.behavior_planning.behavior_planning_container]: Load Library: /opt/autoware/lib/libautoware_behavior_path_planner_lib.so
[component_container-20] [INFO] [1785818145.854583255] [sensing.lidar.right.pointcloud_preprocessor.pointcloud_container]: Found class: rclcpp_components::NodeFactoryTemplate<autoware::pointcloud_preprocessor::ApproximateDownsampleFilterComponent>
[component_container-20] [INFO] [1785818145.854629586] [sensing.lidar.right.pointcloud_preprocessor.pointcloud_container]: Found class: rclcpp_components::NodeFactoryTemplate<autoware::pointcloud_preprocessor::BlockageDiagComponent>
[component_container-20] [INFO] [1785818145.854635760] [sensing.lidar.right.pointcloud_preprocessor.pointcloud_container]: Found class: rclcpp_components::NodeFactoryTemplate<autoware::pointcloud_preprocessor::CropBoxFilterComponent>
[component_container-20] [INFO] [1785818145.854640397] [sensing.lidar.right.pointcloud_preprocessor.pointcloud_container]: Instantiate class: rclcpp_components::NodeFactoryTemplate<autoware::pointcloud_preprocessor::CropBoxFilterComponent>
[component_container_mt-40] [INFO] [1785818145.861255631] [planning.scenario_planning.lane_driving.behavior_planning.behavior_planning_container]: Found class: rclcpp_components::NodeFactoryTemplate<autoware::behavior_path_planner::BehaviorPathPlannerNode>
[component_container_mt-40] [INFO] [1785818145.861301170] [planning.scenario_planning.lane_driving.behavior_planning.behavior_planning_container]: Instantiate class: rclcpp_components::NodeFactoryTemplate<autoware::behavior_path_planner::BehaviorPathPlannerNode>
[INFO] [launch_ros.actions.load_composable_nodes]: Loaded node '/control/autoware_operation_mode_transition_manager' in container '/control/control_container'
[autoware_mrm_handler_node-13] [WARN] [1785818145.887032481] [system.mrm_handler]: no mrm operation available: operate emergency_stop
[INFO] [launch_ros.actions.load_composable_nodes]: Loaded node '/adapi/node/motion' in container '/adapi/container'
[INFO] [launch_ros.actions.load_composable_nodes]: Loaded node '/sensing/lidar/right/crop_box_filter_self' in container '/sensing/lidar/right/pointcloud_preprocessor/pointcloud_container'
[component_container-20] [INFO] [1785818145.921148639] [sensing.lidar.right.pointcloud_preprocessor.pointcloud_container]: Found class: rclcpp_components::NodeFactoryTemplate<autoware::pointcloud_preprocessor::ApproximateDownsampleFilterComponent>
[component_container-20] [INFO] [1785818145.921192605] [sensing.lidar.right.pointcloud_preprocessor.pointcloud_container]: Found class: rclcpp_components::NodeFactoryTemplate<autoware::pointcloud_preprocessor::BlockageDiagComponent>
[component_container-20] [INFO] [1785818145.921200113] [sensing.lidar.right.pointcloud_preprocessor.pointcloud_container]: Found class: rclcpp_components::NodeFactoryTemplate<autoware::pointcloud_preprocessor::CropBoxFilterComponent>
[component_container-20] [INFO] [1785818145.921205635] [sensing.lidar.right.pointcloud_preprocessor.pointcloud_container]: Instantiate class: rclcpp_components::NodeFactoryTemplate<autoware::pointcloud_preprocessor::CropBoxFilterComponent>
[INFO] [launch_ros.actions.load_composable_nodes]: Loaded node '/adapi/node/mrm_request' in container '/adapi/container'
[component_container_mt-1] [WARN] [1785818145.936655481] [sensing.lidar.concatenate_data]: transformed_raw_points[/sensing/lidar/right/pointcloud_before_sync] is nullptr, skipping pointcloud publish.
[component_container_mt-1] [WARN] [1785818145.936711917] [sensing.lidar.concatenate_data]: transformed_raw_points[/sensing/lidar/left/pointcloud_before_sync] is nullptr, skipping pointcloud publish.
[INFO] [launch_ros.actions.load_composable_nodes]: Loaded node '/adapi/node/operation_mode' in container '/adapi/container'
[INFO] [launch_ros.actions.load_composable_nodes]: Loaded node '/sensing/lidar/right/crop_box_filter_mirror' in container '/sensing/lidar/right/pointcloud_preprocessor/pointcloud_container'
[component_container-20] [INFO] [1785818145.975226158] [sensing.lidar.right.pointcloud_preprocessor.pointcloud_container]: Found class: rclcpp_components::NodeFactoryTemplate<autoware::pointcloud_preprocessor::ApproximateDownsampleFilterComponent>
[component_container-20] [INFO] [1785818145.975609099] [sensing.lidar.right.pointcloud_preprocessor.pointcloud_container]: Found class: rclcpp_components::NodeFactoryTemplate<autoware::pointcloud_preprocessor::BlockageDiagComponent>
[component_container-20] [INFO] [1785818145.975618513] [sensing.lidar.right.pointcloud_preprocessor.pointcloud_container]: Found class: rclcpp_components::NodeFactoryTemplate<autoware::pointcloud_preprocessor::CropBoxFilterComponent>
[component_container-20] [INFO] [1785818145.975625111] [sensing.lidar.right.pointcloud_preprocessor.pointcloud_container]: Found class: rclcpp_components::NodeFactoryTemplate<autoware::pointcloud_preprocessor::DistortionCorrectorComponent>
[component_container-20] [INFO] [1785818145.975631314] [sensing.lidar.right.pointcloud_preprocessor.pointcloud_container]: Instantiate class: rclcpp_components::NodeFactoryTemplate<autoware::pointcloud_preprocessor::DistortionCorrectorComponent>
[INFO] [launch_ros.actions.load_composable_nodes]: Loaded node '/adapi/node/perception' in container '/adapi/container'
[INFO] [launch_ros.actions.load_composable_nodes]: Loaded node '/sensing/lidar/right/distortion_corrector_node' in container '/sensing/lidar/right/pointcloud_preprocessor/pointcloud_container'
[component_container-20] [INFO] [1785818146.012716140] [sensing.lidar.right.pointcloud_preprocessor.pointcloud_container]: Found class: rclcpp_components::NodeFactoryTemplate<autoware::pointcloud_preprocessor::ApproximateDownsampleFilterComponent>
[component_container-20] [INFO] [1785818146.012769915] [sensing.lidar.right.pointcloud_preprocessor.pointcloud_container]: Found class: rclcpp_components::NodeFactoryTemplate<autoware::pointcloud_preprocessor::BlockageDiagComponent>
[component_container-20] [INFO] [1785818146.012777510] [sensing.lidar.right.pointcloud_preprocessor.pointcloud_container]: Found class: rclcpp_components::NodeFactoryTemplate<autoware::pointcloud_preprocessor::CropBoxFilterComponent>
[component_container-20] [INFO] [1785818146.012830945] [sensing.lidar.right.pointcloud_preprocessor.pointcloud_container]: Found class: rclcpp_components::NodeFactoryTemplate<autoware::pointcloud_preprocessor::DistortionCorrectorComponent>
[component_container-20] [INFO] [1785818146.012838899] [sensing.lidar.right.pointcloud_preprocessor.pointcloud_container]: Found class: rclcpp_components::NodeFactoryTemplate<autoware::pointcloud_preprocessor::DualReturnOutlierFilterComponent>
[component_container-20] [INFO] [1785818146.012845128] [sensing.lidar.right.pointcloud_preprocessor.pointcloud_container]: Found class: rclcpp_components::NodeFactoryTemplate<autoware::pointcloud_preprocessor::Lanelet2MapFilterComponent>
[component_container-20] [INFO] [1785818146.012850987] [sensing.lidar.right.pointcloud_preprocessor.pointcloud_container]: Found class: rclcpp_components::NodeFactoryTemplate<autoware::pointcloud_preprocessor::PassThroughFilterComponent>
[component_container-20] [INFO] [1785818146.012856617] [sensing.lidar.right.pointcloud_preprocessor.pointcloud_container]: Found class: rclcpp_components::NodeFactoryTemplate<autoware::pointcloud_preprocessor::PassThroughFilterUInt16Component>
[component_container-20] [INFO] [1785818146.012862280] [sensing.lidar.right.pointcloud_preprocessor.pointcloud_container]: Found class: rclcpp_components::NodeFactoryTemplate<autoware::pointcloud_preprocessor::PickupBasedVoxelGridDownsampleFilterComponent>
[component_container-20] [INFO] [1785818146.012867566] [sensing.lidar.right.pointcloud_preprocessor.pointcloud_container]: Found class: rclcpp_components::NodeFactoryTemplate<autoware::pointcloud_preprocessor::PointCloudConcatenateDataSynchronizerComponent>
[component_container-20] [INFO] [1785818146.012872391] [sensing.lidar.right.pointcloud_preprocessor.pointcloud_container]: Found class: rclcpp_components::NodeFactoryTemplate<autoware::pointcloud_preprocessor::PointCloudConcatenationComponent>
[component_container-20] [INFO] [1785818146.012877524] [sensing.lidar.right.pointcloud_preprocessor.pointcloud_container]: Found class: rclcpp_components::NodeFactoryTemplate<autoware::pointcloud_preprocessor::PointCloudDataSynchronizerComponent>
[component_container-20] [INFO] [1785818146.012882783] [sensing.lidar.right.pointcloud_preprocessor.pointcloud_container]: Found class: rclcpp_components::NodeFactoryTemplate<autoware::pointcloud_preprocessor::PointCloudDensifierNode>
[component_container-20] [INFO] [1785818146.012888318] [sensing.lidar.right.pointcloud_preprocessor.pointcloud_container]: Found class: rclcpp_components::NodeFactoryTemplate<autoware::pointcloud_preprocessor::PointcloudAccumulatorComponent>
[component_container-20] [INFO] [1785818146.012898650] [sensing.lidar.right.pointcloud_preprocessor.pointcloud_container]: Found class: rclcpp_components::NodeFactoryTemplate<autoware::pointcloud_preprocessor::PolarVoxelOutlierFilterComponent>
[component_container-20] [INFO] [1785818146.012903864] [sensing.lidar.right.pointcloud_preprocessor.pointcloud_container]: Found class: rclcpp_components::NodeFactoryTemplate<autoware::pointcloud_preprocessor::PolygonRemoverComponent>
[component_container-20] [INFO] [1785818146.012909734] [sensing.lidar.right.pointcloud_preprocessor.pointcloud_container]: Found class: rclcpp_components::NodeFactoryTemplate<autoware::pointcloud_preprocessor::RadiusSearch2DOutlierFilterComponent>
[component_container-20] [INFO] [1785818146.012914547] [sensing.lidar.right.pointcloud_preprocessor.pointcloud_container]: Found class: rclcpp_components::NodeFactoryTemplate<autoware::pointcloud_preprocessor::RandomDownsampleFilterComponent>
[component_container-20] [INFO] [1785818146.012919333] [sensing.lidar.right.pointcloud_preprocessor.pointcloud_container]: Found class: rclcpp_components::NodeFactoryTemplate<autoware::pointcloud_preprocessor::RingOutlierFilterComponent>
[component_container-20] [INFO] [1785818146.012925887] [sensing.lidar.right.pointcloud_preprocessor.pointcloud_container]: Instantiate class: rclcpp_components::NodeFactoryTemplate<autoware::pointcloud_preprocessor::RingOutlierFilterComponent>
[component_container_mt-1] [WARN] [1785818146.038205466] [sensing.lidar.concatenate_data]: transformed_raw_points[/sensing/lidar/right/pointcloud_before_sync] is nullptr, skipping pointcloud publish.
[component_container_mt-1] [WARN] [1785818146.038260527] [sensing.lidar.concatenate_data]: transformed_raw_points[/sensing/lidar/left/pointcloud_before_sync] is nullptr, skipping pointcloud publish.
[INFO] [launch_ros.actions.load_composable_nodes]: Loaded node '/sensing/lidar/right/ring_outlier_filter' in container '/sensing/lidar/right/pointcloud_preprocessor/pointcloud_container'
[INFO] [launch_ros.actions.load_composable_nodes]: Loaded node '/adapi/node/planning' in container '/adapi/container'
[autoware_mrm_handler_node-13] [INFO] [1785818146.085840997] [system.mrm_handler]: MRM State changed: MRM_OPERATING -> NORMAL
[autoware_mrm_handler_node-13] [WARN] [1785818146.086469959] [system.mrm_handler]: EMERGENCY_STOP is canceled.
[INFO] [launch_ros.actions.load_composable_nodes]: Loaded node '/planning/scenario_planning/lane_driving/motion_planning/motion_velocity_planner' in container '/planning/scenario_planning/lane_driving/motion_planning/motion_planning_container'
[INFO] [launch_ros.actions.load_composable_nodes]: Loaded node '/adapi/node/vehicle_status' in container '/adapi/container'
[component_container_mt-1] [WARN] [1785818146.136316473] [sensing.lidar.concatenate_data]: transformed_raw_points[/sensing/lidar/right/pointcloud_before_sync] is nullptr, skipping pointcloud publish.
[component_container_mt-1] [WARN] [1785818146.136374702] [sensing.lidar.concatenate_data]: transformed_raw_points[/sensing/lidar/left/pointcloud_before_sync] is nullptr, skipping pointcloud publish.
[INFO] [launch_ros.actions.load_composable_nodes]: Loaded node '/adapi/node/vehicle_command' in container '/adapi/container'
[INFO] [launch_ros.actions.load_composable_nodes]: Loaded node '/adapi/node/vehicle_metrics' in container '/adapi/container'
[component_container_mt-47] [INFO] [1785818146.186918067] [control.vehicle_cmd_gate]: The operation mode is changed, but the GearCommand is not received yet:
[INFO] [launch_ros.actions.load_composable_nodes]: Loaded node '/adapi/node/vehicle_info' in container '/adapi/container'
[component_container_mt-40] added a slot with 1 modules
[component_container_mt-40] external_request_lane_change_left registered in slot_configuration is not registered, skipping
[component_container_mt-40] external_request_lane_change_right registered in slot_configuration is not registered, skipping
[component_container_mt-40] added a slot with 6 modules
[component_container_mt-40] added a slot with 1 modules
[component_container_mt-40] dynamic_obstacle_avoidance registered in slot_configuration is not registered, skipping
[component_container_mt-1] [WARN] [1785818146.237425734] [sensing.lidar.concatenate_data]: transformed_raw_points[/sensing/lidar/right/pointcloud_before_sync] is nullptr, skipping pointcloud publish.
[component_container_mt-1] [WARN] [1785818146.237475803] [sensing.lidar.concatenate_data]: transformed_raw_points[/sensing/lidar/left/pointcloud_before_sync] is nullptr, skipping pointcloud publish.
[INFO] [launch_ros.actions.load_composable_nodes]: Loaded node '/adapi/node/vehicle_door' in container '/adapi/container'
[INFO] [launch_ros.actions.load_composable_nodes]: Loaded node '/planning/scenario_planning/lane_driving/behavior_planning/behavior_path_planner' in container '/planning/scenario_planning/lane_driving/behavior_planning/behavior_planning_container'
[component_container_mt-1] [WARN] [1785818146.336030140] [sensing.lidar.concatenate_data]: transformed_raw_points[/sensing/lidar/right/pointcloud_before_sync] is nullptr, skipping pointcloud publish.
[component_container_mt-1] [WARN] [1785818146.336081950] [sensing.lidar.concatenate_data]: transformed_raw_points[/sensing/lidar/left/pointcloud_before_sync] is nullptr, skipping pointcloud publish.
[component_container_mt-1] [WARN] [1785818146.436880783] [sensing.lidar.concatenate_data]: transformed_raw_points[/sensing/lidar/right/pointcloud_before_sync] is nullptr, skipping pointcloud publish.
[component_container_mt-1] [WARN] [1785818146.436970704] [sensing.lidar.concatenate_data]: transformed_raw_points[/sensing/lidar/left/pointcloud_before_sync] is nullptr, skipping pointcloud publish.
[component_container_mt-1] [WARN] [1785818146.536458545] [sensing.lidar.concatenate_data]: transformed_raw_points[/sensing/lidar/right/pointcloud_before_sync] is nullptr, skipping pointcloud publish.
[component_container_mt-1] [WARN] [1785818146.536498112] [sensing.lidar.concatenate_data]: transformed_raw_points[/sensing/lidar/left/pointcloud_before_sync] is nullptr, skipping pointcloud publish.
[component_container_mt-1] [WARN] [1785818146.636350462] [sensing.lidar.concatenate_data]: transformed_raw_points[/sensing/lidar/right/pointcloud_before_sync] is nullptr, skipping pointcloud publish.
[component_container_mt-1] [WARN] [1785818146.636394935] [sensing.lidar.concatenate_data]: transformed_raw_points[/sensing/lidar/left/pointcloud_before_sync] is nullptr, skipping pointcloud publish.
[autoware_ekf_localizer_node-28] [WARN] [1785818146.735924419] [localization.pose_twist_fusion_filter.ekf_localizer]: The node is not activated. Provide initial pose to pose_initializer
[component_container_mt-1] [WARN] [1785818146.736255792] [sensing.lidar.concatenate_data]: transformed_raw_points[/sensing/lidar/right/pointcloud_before_sync] is nullptr, skipping pointcloud publish.
[component_container_mt-1] [WARN] [1785818146.736322080] [sensing.lidar.concatenate_data]: transformed_raw_points[/sensing/lidar/left/pointcloud_before_sync] is nullptr, skipping pointcloud publish.
[autoware_pose_initializer_node-26] [INFO] [1785818146.737344747] [localization.util.pose_initializer]: EKF triggering service is available!
[autoware_pose_initializer_node-26] [INFO] [1785818146.737555001] [localization.util.pose_initializer]: EKF Deactivation succeeded
[autoware_pose_initializer_node-26] [INFO] [1785818146.737598013] [localization.util.pose_initializer]: NDT triggering service is available!
[autoware_pose_initializer_node-26] [INFO] [1785818146.737797795] [localization.util.pose_initializer]: NDT Deactivation succeeded
[autoware_pose_initializer_node-26] [INFO] [1785818146.737829320] [localization.util.pose_initializer]: fit_target: pointcloud_map, frame: map
[component_container_mt-1] [WARN] [1785818146.836017120] [sensing.lidar.concatenate_data]: transformed_raw_points[/sensing/lidar/right/pointcloud_before_sync] is nullptr, skipping pointcloud publish.
[component_container_mt-1] [WARN] [1785818146.836069411] [sensing.lidar.concatenate_data]: transformed_raw_points[/sensing/lidar/left/pointcloud_before_sync] is nullptr, skipping pointcloud publish.
[component_container_mt-1] [WARN] [1785818146.936090888] [sensing.lidar.concatenate_data]: transformed_raw_points[/sensing/lidar/right/pointcloud_before_sync] is nullptr, skipping pointcloud publish.
[component_container_mt-1] [WARN] [1785818146.936137777] [sensing.lidar.concatenate_data]: transformed_raw_points[/sensing/lidar/left/pointcloud_before_sync] is nullptr, skipping pointcloud publish.
[component_container_mt-1] [WARN] [1785818147.036337537] [sensing.lidar.concatenate_data]: transformed_raw_points[/sensing/lidar/right/pointcloud_before_sync] is nullptr, skipping pointcloud publish.
[component_container_mt-1] [WARN] [1785818147.037146897] [sensing.lidar.concatenate_data]: transformed_raw_points[/sensing/lidar/left/pointcloud_before_sync] is nullptr, skipping pointcloud publish.
[component_container-7] [WARN] [1785818147.086526082] [system.topic_state_monitor_control_command_control_cmd]: /control/command/control_cmd topic is timeout. Set ERROR in diagnostics.
[component_container_mt-1] [WARN] [1785818147.136257067] [sensing.lidar.concatenate_data]: transformed_raw_points[/sensing/lidar/right/pointcloud_before_sync] is nullptr, skipping pointcloud publish.
[component_container_mt-1] [WARN] [1785818147.136305896] [sensing.lidar.concatenate_data]: transformed_raw_points[/sensing/lidar/left/pointcloud_before_sync] is nullptr, skipping pointcloud publish.
[component_container_mt-1] [WARN] [1785818147.236097009] [sensing.lidar.concatenate_data]: transformed_raw_points[/sensing/lidar/right/pointcloud_before_sync] is nullptr, skipping pointcloud publish.
[component_container_mt-1] [WARN] [1785818147.236146219] [sensing.lidar.concatenate_data]: transformed_raw_points[/sensing/lidar/left/pointcloud_before_sync] is nullptr, skipping pointcloud publish.
[autoware_mrm_handler_node-13] [INFO] [1785818147.286344800] [system.mrm_handler]: MRM State changed: NORMAL -> MRM_OPERATING
[autoware_mrm_handler_node-13] [WARN] [1785818147.286519581] [system.mrm_handler]: EMERGENCY_STOP is operated.
[component_container_mt-47] [WARN] [1785818147.287003738] [control.vehicle_cmd_gate]: Emergency!
[component_container_mt-1] [WARN] [1785818147.336294613] [sensing.lidar.concatenate_data]: transformed_raw_points[/sensing/lidar/right/pointcloud_before_sync] is nullptr, skipping pointcloud publish.
[component_container_mt-1] [WARN] [1785818147.336339122] [sensing.lidar.concatenate_data]: transformed_raw_points[/sensing/lidar/left/pointcloud_before_sync] is nullptr, skipping pointcloud publish.
[autoware_mrm_handler_node-13] [INFO] [1785818147.385966015] [system.mrm_handler]: MRM State changed: MRM_OPERATING -> NORMAL
[autoware_mrm_handler_node-13] [WARN] [1785818147.386283903] [system.mrm_handler]: EMERGENCY_STOP is canceled.
[component_container_mt-1] [WARN] [1785818147.436090721] [sensing.lidar.concatenate_data]: transformed_raw_points[/sensing/lidar/right/pointcloud_before_sync] is nullptr, skipping pointcloud publish.
[component_container_mt-1] [WARN] [1785818147.436143534] [sensing.lidar.concatenate_data]: transformed_raw_points[/sensing/lidar/left/pointcloud_before_sync] is nullptr, skipping pointcloud publish.
[component_container_mt-1] [WARN] [1785818147.536122182] [sensing.lidar.concatenate_data]: transformed_raw_points[/sensing/lidar/right/pointcloud_before_sync] is nullptr, skipping pointcloud publish.
[component_container_mt-1] [WARN] [1785818147.536162354] [sensing.lidar.concatenate_data]: transformed_raw_points[/sensing/lidar/left/pointcloud_before_sync] is nullptr, skipping pointcloud publish.
[component_container_mt-1] [WARN] [1785818147.636150946] [sensing.lidar.concatenate_data]: transformed_raw_points[/sensing/lidar/right/pointcloud_before_sync] is nullptr, skipping pointcloud publish.
[component_container_mt-1] [WARN] [1785818147.636236176] [sensing.lidar.concatenate_data]: transformed_raw_points[/sensing/lidar/left/pointcloud_before_sync] is nullptr, skipping pointcloud publish.
[component_container_mt-1] [WARN] [1785818147.736481954] [sensing.lidar.concatenate_data]: transformed_raw_points[/sensing/lidar/right/pointcloud_before_sync] is nullptr, skipping pointcloud publish.
[component_container_mt-1] [WARN] [1785818147.736520920] [sensing.lidar.concatenate_data]: transformed_raw_points[/sensing/lidar/left/pointcloud_before_sync] is nullptr, skipping pointcloud publish.
[component_container_mt-1] [WARN] [1785818147.836057310] [sensing.lidar.concatenate_data]: transformed_raw_points[/sensing/lidar/right/pointcloud_before_sync] is nullptr, skipping pointcloud publish.
[component_container_mt-1] [WARN] [1785818147.836107889] [sensing.lidar.concatenate_data]: transformed_raw_points[/sensing/lidar/left/pointcloud_before_sync] is nullptr, skipping pointcloud publish.
[component_container_mt-1] [WARN] [1785818147.936359440] [sensing.lidar.concatenate_data]: transformed_raw_points[/sensing/lidar/right/pointcloud_before_sync] is nullptr, skipping pointcloud publish.
[component_container_mt-1] [WARN] [1785818147.936399348] [sensing.lidar.concatenate_data]: transformed_raw_points[/sensing/lidar/left/pointcloud_before_sync] is nullptr, skipping pointcloud publish.
[autoware_pose_initializer_node-26] [INFO] [1785818147.975461544] [localization.util.pose_initializer]: Call align server.
[component_container-7] [INFO] [1785818147.986200537] [system.topic_state_monitor_pose_twist_fusion_filter_pose]: /localization/pose_twist_fusion_filter/pose has not received. Set ERROR in diagnostics.
[component_container_mt-1] [WARN] [1785818148.036628024] [sensing.lidar.concatenate_data]: transformed_raw_points[/sensing/lidar/right/pointcloud_before_sync] is nullptr, skipping pointcloud publish.
[component_container_mt-1] [WARN] [1785818148.036675021] [sensing.lidar.concatenate_data]: transformed_raw_points[/sensing/lidar/left/pointcloud_before_sync] is nullptr, skipping pointcloud publish.
[component_container-18] [WARN] [1785818148.041624529] [sensing.lidar.top.distortion_corrector_node]: IMU time_stamp is too late. Could not interpolate.
[component_container_mt-1] [WARN] [1785818148.136382570] [sensing.lidar.concatenate_data]: transformed_raw_points[/sensing/lidar/right/pointcloud_before_sync] is nullptr, skipping pointcloud publish.
[component_container_mt-1] [WARN] [1785818148.136432435] [sensing.lidar.concatenate_data]: transformed_raw_points[/sensing/lidar/left/pointcloud_before_sync] is nullptr, skipping pointcloud publish.
[component_container_mt-1] [WARN] [1785818148.236366266] [sensing.lidar.concatenate_data]: transformed_raw_points[/sensing/lidar/right/pointcloud_before_sync] is nullptr, skipping pointcloud publish.
[component_container_mt-1] [WARN] [1785818148.236412396] [sensing.lidar.concatenate_data]: transformed_raw_points[/sensing/lidar/left/pointcloud_before_sync] is nullptr, skipping pointcloud publish.
[logging_node-14] [WARN] [1785818148.286066923] [logging_diag_graph]: The target mode is not available for the following reasons:
[logging_node-14] - /autoware/modes/autonomous ERROR
[logging_node-14]     - /autoware/localization ERROR
[logging_node-14]         - /autoware/localization/state STALE
[logging_node-14]         - [anonymous group] ERROR
[logging_node-14]             - /autoware/localization/topic_rate_check/transform ERROR
[logging_node-14]             - /autoware/localization/topic_rate_check/pose_twist_fusion ERROR
[logging_node-14]             - /autoware/localization/scan_matching_status WARN 
[logging_node-14]             - /autoware/localization/accuracy STALE
[logging_node-14]             - /autoware/localization/sensor_fusion_status WARN 
[logging_node-14]     - /autoware/planning ERROR
[logging_node-14]         - /autoware/planning/routing/state STALE
[logging_node-14]         - [anonymous group] ERROR
[logging_node-14]             - /autoware/planning/topic_rate_check/route ERROR
[logging_node-14]             - /autoware/planning/topic_rate_check/trajectory ERROR
[logging_node-14]     - /autoware/perception ERROR
[logging_node-14]         - /autoware/perception/topic_rate_check/objects ERROR
[logging_node-14]         - /autoware/perception/topic_rate_check/pointcloud ERROR
[logging_node-14]     - /autoware/control ERROR
[logging_node-14]         - /autoware/control/topic_rate_check/trajectory_follower ERROR
[logging_node-14]         - /autoware/control/topic_rate_check/control_command WARN 
[logging_node-14]         - /autoware/control/performance_monitoring/lane_departure STALE
[logging_node-14]         - /autoware/control/performance_monitoring/control_state STALE
[logging_node-14]     - /adapi/mrm_request/delegate STALE
[logging_node-14] 
[autoware_mrm_handler_node-13] [INFO] [1785818148.286237199] [system.mrm_handler]: MRM State changed: NORMAL -> MRM_OPERATING
[autoware_mrm_handler_node-13] [WARN] [1785818148.286598745] [system.mrm_handler]: EMERGENCY_STOP is operated.
[component_container_mt-47] [WARN] [1785818148.287328171] [control.vehicle_cmd_gate]: Emergency!
[component_container_mt-1] [WARN] [1785818148.336205017] [sensing.lidar.concatenate_data]: transformed_raw_points[/sensing/lidar/right/pointcloud_before_sync] is nullptr, skipping pointcloud publish.
[component_container_mt-1] [WARN] [1785818148.336255532] [sensing.lidar.concatenate_data]: transformed_raw_points[/sensing/lidar/left/pointcloud_before_sync] is nullptr, skipping pointcloud publish.
[autoware_mrm_handler_node-13] [INFO] [1785818148.386728566] [system.mrm_handler]: MRM State changed: MRM_OPERATING -> NORMAL
[autoware_mrm_handler_node-13] [WARN] [1785818148.386911161] [system.mrm_handler]: EMERGENCY_STOP is canceled.
[component_container_mt-1] [WARN] [1785818148.436299037] [sensing.lidar.concatenate_data]: transformed_raw_points[/sensing/lidar/right/pointcloud_before_sync] is nullptr, skipping pointcloud publish.
[component_container_mt-1] [WARN] [1785818148.436345931] [sensing.lidar.concatenate_data]: transformed_raw_points[/sensing/lidar/left/pointcloud_before_sync] is nullptr, skipping pointcloud publish.
[component_container_mt-1] [WARN] [1785818148.536535202] [sensing.lidar.concatenate_data]: transformed_raw_points[/sensing/lidar/right/pointcloud_before_sync] is nullptr, skipping pointcloud publish.
[component_container_mt-1] [WARN] [1785818148.536582699] [sensing.lidar.concatenate_data]: transformed_raw_points[/sensing/lidar/left/pointcloud_before_sync] is nullptr, skipping pointcloud publish.
[component_container_mt-1] [WARN] [1785818148.636361860] [sensing.lidar.concatenate_data]: transformed_raw_points[/sensing/lidar/right/pointcloud_before_sync] is nullptr, skipping pointcloud publish.
[component_container_mt-1] [WARN] [1785818148.636410361] [sensing.lidar.concatenate_data]: transformed_raw_points[/sensing/lidar/left/pointcloud_before_sync] is nullptr, skipping pointcloud publish.
[autoware_ekf_localizer_node-28] [WARN] [1785818148.736041836] [localization.pose_twist_fusion_filter.ekf_localizer]: The node is not activated. Provide initial pose to pose_initializer
[component_container_mt-1] [WARN] [1785818148.736451244] [sensing.lidar.concatenate_data]: transformed_raw_points[/sensing/lidar/right/pointcloud_before_sync] is nullptr, skipping pointcloud publish.
[component_container_mt-1] [WARN] [1785818148.736488377] [sensing.lidar.concatenate_data]: transformed_raw_points[/sensing/lidar/left/pointcloud_before_sync] is nullptr, skipping pointcloud publish.
[component_container_mt-1] [WARN] [1785818148.836299167] [sensing.lidar.concatenate_data]: transformed_raw_points[/sensing/lidar/right/pointcloud_before_sync] is nullptr, skipping pointcloud publish.
[component_container_mt-1] [WARN] [1785818148.836362517] [sensing.lidar.concatenate_data]: transformed_raw_points[/sensing/lidar/left/pointcloud_before_sync] is nullptr, skipping pointcloud publish.
[component_container_mt-1] [WARN] [1785818148.936252686] [sensing.lidar.concatenate_data]: transformed_raw_points[/sensing/lidar/right/pointcloud_before_sync] is nullptr, skipping pointcloud publish.
[component_container_mt-1] [WARN] [1785818148.936298170] [sensing.lidar.concatenate_data]: transformed_raw_points[/sensing/lidar/left/pointcloud_before_sync] is nullptr, skipping pointcloud publish.
[autoware_pose_initializer_node-26] [INFO] [1785818149.036546574] [localization.util.pose_initializer]: align server succeeded.
[component_container_mt-1] [WARN] [1785818149.036668240] [sensing.lidar.concatenate_data]: transformed_raw_points[/sensing/lidar/right/pointcloud_before_sync] is nullptr, skipping pointcloud publish.
[component_container_mt-1] [WARN] [1785818149.036711097] [sensing.lidar.concatenate_data]: transformed_raw_points[/sensing/lidar/left/pointcloud_before_sync] is nullptr, skipping pointcloud publish.
[autoware_pose_initializer_node-26] [INFO] [1785818149.037208276] [localization.util.pose_initializer]: EKF triggering service is available!
[autoware_pose_initializer_node-26] [INFO] [1785818149.037468908] [localization.util.pose_initializer]: EKF Activation succeeded
[autoware_pose_initializer_node-26] [INFO] [1785818149.037601225] [localization.util.pose_initializer]: NDT triggering service is available!
[autoware_pose_initializer_node-26] [INFO] [1785818149.037841713] [localization.util.pose_initializer]: NDT Activation succeeded
[component_container_mt-1] [WARN] [1785818149.136220946] [sensing.lidar.concatenate_data]: transformed_raw_points[/sensing/lidar/right/pointcloud_before_sync] is nullptr, skipping pointcloud publish.
[component_container_mt-1] [WARN] [1785818149.136265524] [sensing.lidar.concatenate_data]: transformed_raw_points[/sensing/lidar/left/pointcloud_before_sync] is nullptr, skipping pointcloud publish.
[autoware_ndt_scan_matcher_node-24] [INFO] [1785818149.136740305] [localization.pose_estimator.ndt_scan_matcher]: pose_buffer_.size() < 2
[autoware_scenario_selector_node-36] [INFO] [1785818149.201012776] [planning.scenario_planning.scenario_selector]: Waiting for route.
[component_container_mt-48] [INFO] [1785818149.201323071] [control.trajectory_follower.lane_departure_checker_node]: waiting for route msg...
[component_container_mt-1] [WARN] [1785818149.236124835] [sensing.lidar.concatenate_data]: transformed_raw_points[/sensing/lidar/right/pointcloud_before_sync] is nullptr, skipping pointcloud publish.
[component_container_mt-1] [WARN] [1785818149.236174884] [sensing.lidar.concatenate_data]: transformed_raw_points[/sensing/lidar/left/pointcloud_before_sync] is nullptr, skipping pointcloud publish.
[autoware_ndt_scan_matcher_node-24] [INFO] [1785818149.236818811] [localization.pose_estimator.ndt_scan_matcher]: Mismatch between pose timestamp and current timestamp
[planning_evaluator-44] [WARN] [1785818149.252145612] [route_handler]: setMap() for invalid version map: 
[autoware_mrm_handler_node-13] [INFO] [1785818149.286104778] [system.mrm_handler]: MRM State changed: NORMAL -> MRM_OPERATING
[autoware_mrm_handler_node-13] [WARN] [1785818149.286639803] [system.mrm_handler]: EMERGENCY_STOP is operated.
[component_container_mt-47] [WARN] [1785818149.287464310] [control.vehicle_cmd_gate]: Emergency!
[component_container_mt-1] [WARN] [1785818149.336395639] [sensing.lidar.concatenate_data]: transformed_raw_points[/sensing/lidar/right/pointcloud_before_sync] is nullptr, skipping pointcloud publish.
[component_container_mt-1] [WARN] [1785818149.336441795] [sensing.lidar.concatenate_data]: transformed_raw_points[/sensing/lidar/left/pointcloud_before_sync] is nullptr, skipping pointcloud publish.
[autoware_mrm_handler_node-13] [INFO] [1785818149.397327077] [system.mrm_handler]: MRM State changed: MRM_OPERATING -> NORMAL
[autoware_mrm_handler_node-13] [WARN] [1785818149.397639238] [system.mrm_handler]: EMERGENCY_STOP is canceled.
[component_container_mt-1] [WARN] [1785818149.436422336] [sensing.lidar.concatenate_data]: transformed_raw_points[/sensing/lidar/right/pointcloud_before_sync] is nullptr, skipping pointcloud publish.
[component_container_mt-1] [WARN] [1785818149.436471413] [sensing.lidar.concatenate_data]: transformed_raw_points[/sensing/lidar/left/pointcloud_before_sync] is nullptr, skipping pointcloud publish.
[component_container_mt-1] [WARN] [1785818149.536236335] [sensing.lidar.concatenate_data]: transformed_raw_points[/sensing/lidar/right/pointcloud_before_sync] is nullptr, skipping pointcloud publish.
[component_container_mt-1] [WARN] [1785818149.536285511] [sensing.lidar.concatenate_data]: transformed_raw_points[/sensing/lidar/left/pointcloud_before_sync] is nullptr, skipping pointcloud publish.
[component_container_mt-1] [WARN] [1785818149.636152383] [sensing.lidar.concatenate_data]: transformed_raw_points[/sensing/lidar/right/pointcloud_before_sync] is nullptr, skipping pointcloud publish.
[component_container_mt-1] [WARN] [1785818149.636197583] [sensing.lidar.concatenate_data]: transformed_raw_points[/sensing/lidar/left/pointcloud_before_sync] is nullptr, skipping pointcloud publish.
[component_container_mt-1] [WARN] [1785818149.644379764] [localization.util.crop_box_filter_measurement_range]: Invalid PointCloud: row_step mismatch. Expected: 100080 (width 6255 * point_step 16), Got: 0. Frame: 'base_link', Stamp: 19.458997033 Please fill in the `cloud->row_step` field accordingly. This will be an ERROR starting in 2026 July
[component_container_mt-1] [WARN] [1785818149.736181341] [sensing.lidar.concatenate_data]: transformed_raw_points[/sensing/lidar/right/pointcloud_before_sync] is nullptr, skipping pointcloud publish.
[component_container_mt-1] [WARN] [1785818149.736229058] [sensing.lidar.concatenate_data]: transformed_raw_points[/sensing/lidar/left/pointcloud_before_sync] is nullptr, skipping pointcloud publish.
[autoware_ndt_scan_matcher_node-24] [INFO] [1785818149.736684329] [localization.pose_estimator.ndt_scan_matcher]: Mismatch between pose timestamp and current timestamp
[component_container_mt-1] [WARN] [1785818149.836365997] [sensing.lidar.concatenate_data]: transformed_raw_points[/sensing/lidar/right/pointcloud_before_sync] is nullptr, skipping pointcloud publish.
[component_container_mt-1] [WARN] [1785818149.836418218] [sensing.lidar.concatenate_data]: transformed_raw_points[/sensing/lidar/left/pointcloud_before_sync] is nullptr, skipping pointcloud publish.
[autoware_ndt_scan_matcher_node-24] [INFO] [1785818149.836864886] [localization.pose_estimator.ndt_scan_matcher]: Mismatch between pose timestamp and current timestamp
[component_container_mt-1] [WARN] [1785818149.936907009] [sensing.lidar.concatenate_data]: transformed_raw_points[/sensing/lidar/right/pointcloud_before_sync] is nullptr, skipping pointcloud publish.
[component_container_mt-1] [WARN] [1785818149.936948725] [sensing.lidar.concatenate_data]: transformed_raw_points[/sensing/lidar/left/pointcloud_before_sync] is nullptr, skipping pointcloud publish.
[autoware_ndt_scan_matcher_node-24] [INFO] [1785818149.937365812] [localization.pose_estimator.ndt_scan_matcher]: Mismatch between pose timestamp and current timestamp
[component_container_mt-1] [WARN] [1785818150.036531325] [sensing.lidar.concatenate_data]: transformed_raw_points[/sensing/lidar/right/pointcloud_before_sync] is nullptr, skipping pointcloud publish.
[component_container_mt-1] [WARN] [1785818150.036585672] [sensing.lidar.concatenate_data]: transformed_raw_points[/sensing/lidar/left/pointcloud_before_sync] is nullptr, skipping pointcloud publish.
[autoware_ndt_scan_matcher_node-24] [INFO] [1785818150.037093108] [localization.pose_estimator.ndt_scan_matcher]: Mismatch between pose timestamp and current timestamp
[component_container-7] [WARN] [1785818150.086727668] [system.topic_state_monitor_control_command_control_cmd]: /control/command/control_cmd topic rate has dropped to the warning level. Set WARN in diagnostics.
[component_container_mt-1] [WARN] [1785818150.136613294] [sensing.lidar.concatenate_data]: transformed_raw_points[/sensing/lidar/right/pointcloud_before_sync] is nullptr, skipping pointcloud publish.
[component_container_mt-1] [WARN] [1785818150.136661191] [sensing.lidar.concatenate_data]: transformed_raw_points[/sensing/lidar/left/pointcloud_before_sync] is nullptr, skipping pointcloud publish.
[autoware_ndt_scan_matcher_node-24] [INFO] [1785818150.137305601] [localization.pose_estimator.ndt_scan_matcher]: Mismatch between pose timestamp and current timestamp
[component_container_mt-1] [WARN] [1785818150.236389468] [sensing.lidar.concatenate_data]: transformed_raw_points[/sensing/lidar/right/pointcloud_before_sync] is nullptr, skipping pointcloud publish.
[component_container_mt-1] [WARN] [1785818150.236440936] [sensing.lidar.concatenate_data]: transformed_raw_points[/sensing/lidar/left/pointcloud_before_sync] is nullptr, skipping pointcloud publish.
[autoware_ndt_scan_matcher_node-24] [INFO] [1785818150.237004864] [localization.pose_estimator.ndt_scan_matcher]: Mismatch between pose timestamp and current timestamp
[component_container_mt-47] [INFO] [1785818150.286337432] [control.trajectory_follower.controller_node_exe]: Waiting for trajectory data
[component_container_mt-47] [INFO] [1785818150.286397680] [control.trajectory_follower.controller_node_exe]: Control is skipped since input data is not ready.
[autoware_mrm_handler_node-13] [INFO] [1785818150.286428652] [system.mrm_handler]: MRM State changed: NORMAL -> MRM_OPERATING
[autoware_mrm_handler_node-13] [WARN] [1785818150.286610548] [system.mrm_handler]: EMERGENCY_STOP is operated.
[component_container_mt-47] [WARN] [1785818150.286677789] [control.vehicle_cmd_gate]: Emergency!
[component_container_mt-1] [WARN] [1785818150.336205161] [sensing.lidar.concatenate_data]: transformed_raw_points[/sensing/lidar/right/pointcloud_before_sync] is nullptr, skipping pointcloud publish.
[component_container_mt-1] [WARN] [1785818150.336292554] [sensing.lidar.concatenate_data]: transformed_raw_points[/sensing/lidar/left/pointcloud_before_sync] is nullptr, skipping pointcloud publish.
[autoware_ndt_scan_matcher_node-24] [INFO] [1785818150.336760293] [localization.pose_estimator.ndt_scan_matcher]: Mismatch between pose timestamp and current timestamp
[autoware_mrm_handler_node-13] [INFO] [1785818150.386331603] [system.mrm_handler]: MRM State changed: MRM_OPERATING -> NORMAL
[autoware_mrm_handler_node-13] [WARN] [1785818150.386570777] [system.mrm_handler]: EMERGENCY_STOP is canceled.
[component_container_mt-1] [WARN] [1785818150.436147279] [sensing.lidar.concatenate_data]: transformed_raw_points[/sensing/lidar/right/pointcloud_before_sync] is nullptr, skipping pointcloud publish.
[component_container_mt-1] [WARN] [1785818150.436199618] [sensing.lidar.concatenate_data]: transformed_raw_points[/sensing/lidar/left/pointcloud_before_sync] is nullptr, skipping pointcloud publish.
[autoware_ndt_scan_matcher_node-24] [INFO] [1785818150.436735978] [localization.pose_estimator.ndt_scan_matcher]: Mismatch between pose timestamp and current timestamp
[component_container_mt-1] [WARN] [1785818150.536907748] [sensing.lidar.concatenate_data]: transformed_raw_points[/sensing/lidar/right/pointcloud_before_sync] is nullptr, skipping pointcloud publish.
[component_container_mt-1] [WARN] [1785818150.536951692] [sensing.lidar.concatenate_data]: transformed_raw_points[/sensing/lidar/left/pointcloud_before_sync] is nullptr, skipping pointcloud publish.
[autoware_ndt_scan_matcher_node-24] [INFO] [1785818150.537447097] [localization.pose_estimator.ndt_scan_matcher]: Mismatch between pose timestamp and current timestamp
[component_container-18] [WARN] [1785818150.543145781] [sensing.lidar.top.crop_box_filter_self]: Invalid PointCloud: is_dense is false. The point cloud should be organized (dense) and contain only valid points. This will be an ERROR starting in 2026 JulyFrame: 'velodyne_top', Stamp: 20.358997047
[component_container_mt-1] [WARN] [1785818150.636500510] [sensing.lidar.concatenate_data]: transformed_raw_points[/sensing/lidar/right/pointcloud_before_sync] is nullptr, skipping pointcloud publish.
[component_container_mt-1] [WARN] [1785818150.636566366] [sensing.lidar.concatenate_data]: transformed_raw_points[/sensing/lidar/left/pointcloud_before_sync] is nullptr, skipping pointcloud publish.
[autoware_ndt_scan_matcher_node-24] [INFO] [1785818150.637955271] [localization.pose_estimator.ndt_scan_matcher]: Mismatch between pose timestamp and current timestamp
[component_container_mt-1] [WARN] [1785818150.736096133] [sensing.lidar.concatenate_data]: transformed_raw_points[/sensing/lidar/right/pointcloud_before_sync] is nullptr, skipping pointcloud publish.
[component_container_mt-1] [WARN] [1785818150.736146268] [sensing.lidar.concatenate_data]: transformed_raw_points[/sensing/lidar/left/pointcloud_before_sync] is nullptr, skipping pointcloud publish.
[autoware_ndt_scan_matcher_node-24] [INFO] [1785818150.736667128] [localization.pose_estimator.ndt_scan_matcher]: Mismatch between pose timestamp and current timestamp
[component_container_mt-1] [WARN] [1785818150.836045188] [sensing.lidar.concatenate_data]: transformed_raw_points[/sensing/lidar/right/pointcloud_before_sync] is nullptr, skipping pointcloud publish.
[component_container_mt-1] [WARN] [1785818150.836095010] [sensing.lidar.concatenate_data]: transformed_raw_points[/sensing/lidar/left/pointcloud_before_sync] is nullptr, skipping pointcloud publish.
[autoware_ndt_scan_matcher_node-24] [INFO] [1785818150.836568690] [localization.pose_estimator.ndt_scan_matcher]: Mismatch between pose timestamp and current timestamp
[component_container_mt-48] [INFO] [1785818150.886162675] [control.autonomous_emergency_braking]: [AEB] waiting for object pointcloud message
[component_container_mt-1] [WARN] [1785818150.936237211] [sensing.lidar.concatenate_data]: transformed_raw_points[/sensing/lidar/right/pointcloud_before_sync] is nullptr, skipping pointcloud publish.
[component_container_mt-1] [WARN] [1785818150.936287468] [sensing.lidar.concatenate_data]: transformed_raw_points[/sensing/lidar/left/pointcloud_before_sync] is nullptr, skipping pointcloud publish.
[autoware_ndt_scan_matcher_node-24] [INFO] [1785818150.936807552] [localization.pose_estimator.ndt_scan_matcher]: Mismatch between pose timestamp and current timestamp
[component_container-7] [INFO] [1785818150.986340709] [system.topic_state_monitor_obstacle_segmentation_pointcloud]: /perception/obstacle_segmentation/pointcloud has not received. Set ERROR in diagnostics.
[component_container_mt-1] [WARN] [1785818151.036448898] [sensing.lidar.concatenate_data]: transformed_raw_points[/sensing/lidar/right/pointcloud_before_sync] is nullptr, skipping pointcloud publish.
[component_container_mt-1] [WARN] [1785818151.036496485] [sensing.lidar.concatenate_data]: transformed_raw_points[/sensing/lidar/left/pointcloud_before_sync] is nullptr, skipping pointcloud publish.
[autoware_ndt_scan_matcher_node-24] [INFO] [1785818151.036993554] [localization.pose_estimator.ndt_scan_matcher]: Mismatch between pose timestamp and current timestamp
[component_container_mt-1] [WARN] [1785818151.136238886] [sensing.lidar.concatenate_data]: transformed_raw_points[/sensing/lidar/right/pointcloud_before_sync] is nullptr, skipping pointcloud publish.
[component_container_mt-1] [WARN] [1785818151.136935287] [sensing.lidar.concatenate_data]: transformed_raw_points[/sensing/lidar/left/pointcloud_before_sync] is nullptr, skipping pointcloud publish.
[autoware_ndt_scan_matcher_node-24] [INFO] [1785818151.137856013] [localization.pose_estimator.ndt_scan_matcher]: Mismatch between pose timestamp and current timestamp
[component_container_mt-47] [INFO] [1785818151.186731062] [control.vehicle_cmd_gate]: The operation mode is changed, but the GearCommand is not received yet:
[component_container_mt-1] [WARN] [1785818151.236392958] [sensing.lidar.concatenate_data]: transformed_raw_points[/sensing/lidar/right/pointcloud_before_sync] is nullptr, skipping pointcloud publish.
[component_container_mt-1] [WARN] [1785818151.236439586] [sensing.lidar.concatenate_data]: transformed_raw_points[/sensing/lidar/left/pointcloud_before_sync] is nullptr, skipping pointcloud publish.
[autoware_ndt_scan_matcher_node-24] [INFO] [1785818151.237093689] [localization.pose_estimator.ndt_scan_matcher]: Mismatch between pose timestamp and current timestamp
[logging_node-14] [WARN] [1785818151.286862255] [logging_diag_graph]: The target mode is not available for the following reasons:
[logging_node-14] - /autoware/modes/autonomous ERROR
[logging_node-14]     - /autoware/localization ERROR
[logging_node-14]         - /autoware/localization/state STALE
[logging_node-14]     - /autoware/planning ERROR
[logging_node-14]         - /autoware/planning/routing/state STALE
[logging_node-14]         - [anonymous group] ERROR
[logging_node-14]             - /autoware/planning/topic_rate_check/route ERROR
[logging_node-14]             - /autoware/planning/topic_rate_check/trajectory ERROR
[logging_node-14]     - /autoware/perception ERROR
[logging_node-14]         - /autoware/perception/topic_rate_check/objects ERROR
[logging_node-14]         - /autoware/perception/topic_rate_check/pointcloud ERROR
[logging_node-14]     - /autoware/control ERROR
[logging_node-14]         - /autoware/control/topic_rate_check/trajectory_follower ERROR
[logging_node-14]         - /autoware/control/topic_rate_check/control_command WARN 
[logging_node-14]         - /autoware/control/performance_monitoring/lane_departure STALE
[logging_node-14]         - /autoware/control/performance_monitoring/control_state STALE
[logging_node-14]     - /adapi/mrm_request/delegate STALE
[logging_node-14] 
[autoware_mrm_handler_node-13] [INFO] [1785818151.287269242] [system.mrm_handler]: MRM State changed: NORMAL -> MRM_OPERATING
[autoware_mrm_handler_node-13] [WARN] [1785818151.287453640] [system.mrm_handler]: EMERGENCY_STOP is operated.
[component_container_mt-47] [WARN] [1785818151.287801122] [control.vehicle_cmd_gate]: Emergency!
[component_container_mt-48] [INFO] [1785818151.288003639] [control.control_validator]: waiting for /planning/trajectory
[component_container_mt-1] [WARN] [1785818151.336426257] [sensing.lidar.concatenate_data]: transformed_raw_points[/sensing/lidar/right/pointcloud_before_sync] is nullptr, skipping pointcloud publish.
[component_container_mt-1] [WARN] [1785818151.336475791] [sensing.lidar.concatenate_data]: transformed_raw_points[/sensing/lidar/left/pointcloud_before_sync] is nullptr, skipping pointcloud publish.
[component_container_mt-40] [INFO] [1785818151.336444830] [planning.scenario_planning.lane_driving.behavior_planning.behavior_path_planner]: waiting for scenario_topic
[autoware_ndt_scan_matcher_node-24] [INFO] [1785818151.337119067] [localization.pose_estimator.ndt_scan_matcher]: Mismatch between pose timestamp and current timestamp
[autoware_mrm_handler_node-13] [INFO] [1785818151.385906816] [system.mrm_handler]: MRM State changed: MRM_OPERATING -> NORMAL
[autoware_mrm_handler_node-13] [WARN] [1785818151.386161684] [system.mrm_handler]: EMERGENCY_STOP is canceled.
[component_container_mt-1] [WARN] [1785818151.436589918] [sensing.lidar.concatenate_data]: transformed_raw_points[/sensing/lidar/right/pointcloud_before_sync] is nullptr, skipping pointcloud publish.
[component_container_mt-1] [WARN] [1785818151.436634929] [sensing.lidar.concatenate_data]: transformed_raw_points[/sensing/lidar/left/pointcloud_before_sync] is nullptr, skipping pointcloud publish.
[autoware_ndt_scan_matcher_node-24] [INFO] [1785818151.437371934] [localization.pose_estimator.ndt_scan_matcher]: Mismatch between pose timestamp and current timestamp
[component_container_mt-1] [WARN] [1785818151.536148884] [sensing.lidar.concatenate_data]: transformed_raw_points[/sensing/lidar/right/pointcloud_before_sync] is nullptr, skipping pointcloud publish.
[component_container_mt-1] [WARN] [1785818151.536195287] [sensing.lidar.concatenate_data]: transformed_raw_points[/sensing/lidar/left/pointcloud_before_sync] is nullptr, skipping pointcloud publish.
[autoware_ndt_scan_matcher_node-24] [INFO] [1785818151.536627424] [localization.pose_estimator.ndt_scan_matcher]: Mismatch between pose timestamp and current timestamp
[component_container_mt-1] [WARN] [1785818151.636229007] [sensing.lidar.concatenate_data]: transformed_raw_points[/sensing/lidar/right/pointcloud_before_sync] is nullptr, skipping pointcloud publish.
[component_container_mt-1] [WARN] [1785818151.636302620] [sensing.lidar.concatenate_data]: transformed_raw_points[/sensing/lidar/left/pointcloud_before_sync] is nullptr, skipping pointcloud publish.
[autoware_ndt_scan_matcher_node-24] [INFO] [1785818151.636885983] [localization.pose_estimator.ndt_scan_matcher]: Mismatch between pose timestamp and current timestamp
[component_container_mt-1] [WARN] [1785818151.736719523] [sensing.lidar.concatenate_data]: transformed_raw_points[/sensing/lidar/right/pointcloud_before_sync] is nullptr, skipping pointcloud publish.
[component_container_mt-1] [WARN] [1785818151.736761100] [sensing.lidar.concatenate_data]: transformed_raw_points[/sensing/lidar/left/pointcloud_before_sync] is nullptr, skipping pointcloud publish.
[autoware_ndt_scan_matcher_node-24] [INFO] [1785818151.739000807] [localization.pose_estimator.ndt_scan_matcher]: Mismatch between pose timestamp and current timestamp
[component_container_mt-1] [WARN] [1785818151.836414235] [sensing.lidar.concatenate_data]: transformed_raw_points[/sensing/lidar/right/pointcloud_before_sync] is nullptr, skipping pointcloud publish.
[component_container_mt-1] [WARN] [1785818151.836453776] [sensing.lidar.concatenate_data]: transformed_raw_points[/sensing/lidar/left/pointcloud_before_sync] is nullptr, skipping pointcloud publish.
[autoware_ndt_scan_matcher_node-24] [INFO] [1785818151.837011986] [localization.pose_estimator.ndt_scan_matcher]: Mismatch between pose timestamp and current timestamp
[component_container_mt-1] [WARN] [1785818151.936368567] [sensing.lidar.concatenate_data]: transformed_raw_points[/sensing/lidar/right/pointcloud_before_sync] is nullptr, skipping pointcloud publish.
[component_container_mt-1] [WARN] [1785818151.936414153] [sensing.lidar.concatenate_data]: transformed_raw_points[/sensing/lidar/left/pointcloud_before_sync] is nullptr, skipping pointcloud publish.
[autoware_ndt_scan_matcher_node-24] [INFO] [1785818151.936964515] [localization.pose_estimator.ndt_scan_matcher]: Mismatch between pose timestamp and current timestamp
[component_container_mt-1] [WARN] [1785818152.036267838] [sensing.lidar.concatenate_data]: transformed_raw_points[/sensing/lidar/right/pointcloud_before_sync] is nullptr, skipping pointcloud publish.
[component_container_mt-1] [WARN] [1785818152.036317030] [sensing.lidar.concatenate_data]: transformed_raw_points[/sensing/lidar/left/pointcloud_before_sync] is nullptr, skipping pointcloud publish.
[autoware_ndt_scan_matcher_node-24] [INFO] [1785818152.036722622] [localization.pose_estimator.ndt_scan_matcher]: Mismatch between pose timestamp and current timestamp
[component_container_mt-1] [WARN] [1785818152.136290726] [sensing.lidar.concatenate_data]: transformed_raw_points[/sensing/lidar/right/pointcloud_before_sync] is nullptr, skipping pointcloud publish.
[component_container_mt-1] [WARN] [1785818152.136335508] [sensing.lidar.concatenate_data]: transformed_raw_points[/sensing/lidar/left/pointcloud_before_sync] is nullptr, skipping pointcloud publish.
[autoware_ndt_scan_matcher_node-24] [INFO] [1785818152.136877118] [localization.pose_estimator.ndt_scan_matcher]: Mismatch between pose timestamp and current timestamp
[component_container_mt-1] [WARN] [1785818152.236259275] [sensing.lidar.concatenate_data]: transformed_raw_points[/sensing/lidar/right/pointcloud_before_sync] is nullptr, skipping pointcloud publish.
[component_container_mt-1] [WARN] [1785818152.236307493] [sensing.lidar.concatenate_data]: transformed_raw_points[/sensing/lidar/left/pointcloud_before_sync] is nullptr, skipping pointcloud publish.
[autoware_ndt_scan_matcher_node-24] [INFO] [1785818152.236938255] [localization.pose_estimator.ndt_scan_matcher]: Mismatch between pose timestamp and current timestamp
[autoware_mrm_handler_node-13] [INFO] [1785818152.286316668] [system.mrm_handler]: MRM State changed: NORMAL -> MRM_OPERATING
[autoware_mrm_handler_node-13] [WARN] [1785818152.286498052] [system.mrm_handler]: EMERGENCY_STOP is operated.
[component_container_mt-47] [WARN] [1785818152.286775712] [control.vehicle_cmd_gate]: Emergency!
[component_container_mt-1] [WARN] [1785818152.336050131] [sensing.lidar.concatenate_data]: transformed_raw_points[/sensing/lidar/right/pointcloud_before_sync] is nullptr, skipping pointcloud publish.
[component_container_mt-1] [WARN] [1785818152.336097425] [sensing.lidar.concatenate_data]: transformed_raw_points[/sensing/lidar/left/pointcloud_before_sync] is nullptr, skipping pointcloud publish.
[autoware_ndt_scan_matcher_node-24] [INFO] [1785818152.336731416] [localization.pose_estimator.ndt_scan_matcher]: Mismatch between pose timestamp and current timestamp
[autoware_mrm_handler_node-13] [INFO] [1785818152.385792583] [system.mrm_handler]: MRM State changed: MRM_OPERATING -> NORMAL
[autoware_mrm_handler_node-13] [WARN] [1785818152.386315148] [system.mrm_handler]: EMERGENCY_STOP is canceled.
[component_container_mt-1] [WARN] [1785818152.436063107] [sensing.lidar.concatenate_data]: transformed_raw_points[/sensing/lidar/right/pointcloud_before_sync] is nullptr, skipping pointcloud publish.
[component_container_mt-1] [WARN] [1785818152.436112203] [sensing.lidar.concatenate_data]: transformed_raw_points[/sensing/lidar/left/pointcloud_before_sync] is nullptr, skipping pointcloud publish.
[autoware_ndt_scan_matcher_node-24] [INFO] [1785818152.436556695] [localization.pose_estimator.ndt_scan_matcher]: Mismatch between pose timestamp and current timestamp
[component_container_mt-1] [WARN] [1785818152.536238251] [sensing.lidar.concatenate_data]: transformed_raw_points[/sensing/lidar/right/pointcloud_before_sync] is nullptr, skipping pointcloud publish.
[component_container_mt-1] [WARN] [1785818152.536275809] [sensing.lidar.concatenate_data]: transformed_raw_points[/sensing/lidar/left/pointcloud_before_sync] is nullptr, skipping pointcloud publish.
[autoware_ndt_scan_matcher_node-24] [INFO] [1785818152.536850376] [localization.pose_estimator.ndt_scan_matcher]: Mismatch between pose timestamp and current timestamp
[component_container_mt-1] [WARN] [1785818152.636114196] [sensing.lidar.concatenate_data]: transformed_raw_points[/sensing/lidar/right/pointcloud_before_sync] is nullptr, skipping pointcloud publish.
[autoware_ndt_scan_matcher_node-24] [INFO] [1785818152.636771914] [localization.pose_estimator.ndt_scan_matcher]: Mismatch between pose timestamp and current timestamp
[component_container_mt-1] [WARN] [1785818152.637287794] [sensing.lidar.concatenate_data]: transformed_raw_points[/sensing/lidar/left/pointcloud_before_sync] is nullptr, skipping pointcloud publish.
[component_container_mt-1] [WARN] [1785818152.735985064] [sensing.lidar.concatenate_data]: transformed_raw_points[/sensing/lidar/right/pointcloud_before_sync] is nullptr, skipping pointcloud publish.
[component_container_mt-1] [WARN] [1785818152.736024453] [sensing.lidar.concatenate_data]: transformed_raw_points[/sensing/lidar/left/pointcloud_before_sync] is nullptr, skipping pointcloud publish.
[autoware_ndt_scan_matcher_node-24] [INFO] [1785818152.736650947] [localization.pose_estimator.ndt_scan_matcher]: Mismatch between pose timestamp and current timestamp
[component_container_mt-1] [WARN] [1785818152.836134047] [sensing.lidar.concatenate_data]: transformed_raw_points[/sensing/lidar/right/pointcloud_before_sync] is nullptr, skipping pointcloud publish.
[component_container_mt-1] [WARN] [1785818152.836182537] [sensing.lidar.concatenate_data]: transformed_raw_points[/sensing/lidar/left/pointcloud_before_sync] is nullptr, skipping pointcloud publish.
[autoware_ndt_scan_matcher_node-24] [INFO] [1785818152.836882797] [localization.pose_estimator.ndt_scan_matcher]: Mismatch between pose timestamp and current timestamp
[control_evaluator-49] [WARN] [1785818152.839565175] [route_handler]: setMap() for invalid version map: 
[component_container_mt-1] [WARN] [1785818152.936136088] [sensing.lidar.concatenate_data]: transformed_raw_points[/sensing/lidar/right/pointcloud_before_sync] is nullptr, skipping pointcloud publish.
[component_container_mt-1] [WARN] [1785818152.936182096] [sensing.lidar.concatenate_data]: transformed_raw_points[/sensing/lidar/left/pointcloud_before_sync] is nullptr, skipping pointcloud publish.
[autoware_ndt_scan_matcher_node-24] [INFO] [1785818152.936599992] [localization.pose_estimator.ndt_scan_matcher]: Mismatch between pose timestamp and current timestamp
[component_container_mt-1] [WARN] [1785818153.036292660] [sensing.lidar.concatenate_data]: transformed_raw_points[/sensing/lidar/right/pointcloud_before_sync] is nullptr, skipping pointcloud publish.
[component_container_mt-1] [WARN] [1785818153.036341947] [sensing.lidar.concatenate_data]: transformed_raw_points[/sensing/lidar/left/pointcloud_before_sync] is nullptr, skipping pointcloud publish.
[autoware_ndt_scan_matcher_node-24] [INFO] [1785818153.036878221] [localization.pose_estimator.ndt_scan_matcher]: Mismatch between pose timestamp and current timestamp
[component_container-7] [WARN] [1785818153.086480712] [system.topic_state_monitor_control_command_control_cmd]: /control/command/control_cmd topic rate has dropped to the warning level. Set WARN in diagnostics.
[component_container_mt-1] [WARN] [1785818153.136269665] [sensing.lidar.concatenate_data]: transformed_raw_points[/sensing/lidar/right/pointcloud_before_sync] is nullptr, skipping pointcloud publish.
[component_container_mt-1] [WARN] [1785818153.136309225] [sensing.lidar.concatenate_data]: transformed_raw_points[/sensing/lidar/left/pointcloud_before_sync] is nullptr, skipping pointcloud publish.
[autoware_ndt_scan_matcher_node-24] [INFO] [1785818153.136842454] [localization.pose_estimator.ndt_scan_matcher]: Mismatch between pose timestamp and current timestamp
[component_container_mt-1] [WARN] [1785818153.236527946] [sensing.lidar.concatenate_data]: transformed_raw_points[/sensing/lidar/right/pointcloud_before_sync] is nullptr, skipping pointcloud publish.
[component_container_mt-1] [WARN] [1785818153.236571735] [sensing.lidar.concatenate_data]: transformed_raw_points[/sensing/lidar/left/pointcloud_before_sync] is nullptr, skipping pointcloud publish.
[autoware_ndt_scan_matcher_node-24] [INFO] [1785818153.237008925] [localization.pose_estimator.ndt_scan_matcher]: Mismatch between pose timestamp and current timestamp
[autoware_mrm_handler_node-13] [INFO] [1785818153.285976065] [system.mrm_handler]: MRM State changed: NORMAL -> MRM_OPERATING
[autoware_mrm_handler_node-13] [WARN] [1785818153.286455076] [system.mrm_handler]: EMERGENCY_STOP is operated.
[component_container_mt-47] [WARN] [1785818153.287195532] [control.vehicle_cmd_gate]: Emergency!
[component_container_mt-1] [WARN] [1785818153.336299574] [sensing.lidar.concatenate_data]: transformed_raw_points[/sensing/lidar/right/pointcloud_before_sync] is nullptr, skipping pointcloud publish.
[component_container_mt-1] [WARN] [1785818153.336344654] [sensing.lidar.concatenate_data]: transformed_raw_points[/sensing/lidar/left/pointcloud_before_sync] is nullptr, skipping pointcloud publish.
[autoware_ndt_scan_matcher_node-24] [INFO] [1785818153.336926948] [localization.pose_estimator.ndt_scan_matcher]: Mismatch between pose timestamp and current timestamp
[autoware_mrm_handler_node-13] [INFO] [1785818153.385838948] [system.mrm_handler]: MRM State changed: MRM_OPERATING -> NORMAL
[autoware_mrm_handler_node-13] [WARN] [1785818153.386387222] [system.mrm_handler]: EMERGENCY_STOP is canceled.
[component_container_mt-1] [WARN] [1785818153.436305760] [sensing.lidar.concatenate_data]: transformed_raw_points[/sensing/lidar/right/pointcloud_before_sync] is nullptr, skipping pointcloud publish.
[component_container_mt-1] [WARN] [1785818153.436353406] [sensing.lidar.concatenate_data]: transformed_raw_points[/sensing/lidar/left/pointcloud_before_sync] is nullptr, skipping pointcloud publish.
[autoware_ndt_scan_matcher_node-24] [INFO] [1785818153.437588475] [localization.pose_estimator.ndt_scan_matcher]: Mismatch between pose timestamp and current timestamp
[component_container_mt-1] [WARN] [1785818153.536305544] [sensing.lidar.concatenate_data]: transformed_raw_points[/sensing/lidar/right/pointcloud_before_sync] is nullptr, skipping pointcloud publish.
[component_container_mt-1] [WARN] [1785818153.536355428] [sensing.lidar.concatenate_data]: transformed_raw_points[/sensing/lidar/left/pointcloud_before_sync] is nullptr, skipping pointcloud publish.
[autoware_ndt_scan_matcher_node-24] [INFO] [1785818153.536823129] [localization.pose_estimator.ndt_scan_matcher]: Mismatch between pose timestamp and current timestamp
[component_container_mt-1] [WARN] [1785818153.636062777] [sensing.lidar.concatenate_data]: transformed_raw_points[/sensing/lidar/right/pointcloud_before_sync] is nullptr, skipping pointcloud publish.
[component_container_mt-1] [WARN] [1785818153.636114762] [sensing.lidar.concatenate_data]: transformed_raw_points[/sensing/lidar/left/pointcloud_before_sync] is nullptr, skipping pointcloud publish.
[autoware_ndt_scan_matcher_node-24] [INFO] [1785818153.636658969] [localization.pose_estimator.ndt_scan_matcher]: Mismatch between pose timestamp and current timestamp
[component_container_mt-1] [WARN] [1785818153.737179631] [sensing.lidar.concatenate_data]: transformed_raw_points[/sensing/lidar/right/pointcloud_before_sync] is nullptr, skipping pointcloud publish.
[component_container_mt-1] [WARN] [1785818153.737230438] [sensing.lidar.concatenate_data]: transformed_raw_points[/sensing/lidar/left/pointcloud_before_sync] is nullptr, skipping pointcloud publish.
[autoware_ndt_scan_matcher_node-24] [INFO] [1785818153.737702142] [localization.pose_estimator.ndt_scan_matcher]: Mismatch between pose timestamp and current timestamp
[component_container_mt-1] [WARN] [1785818153.836353240] [sensing.lidar.concatenate_data]: transformed_raw_points[/sensing/lidar/right/pointcloud_before_sync] is nullptr, skipping pointcloud publish.
[component_container_mt-1] [WARN] [1785818153.836401864] [sensing.lidar.concatenate_data]: transformed_raw_points[/sensing/lidar/left/pointcloud_before_sync] is nullptr, skipping pointcloud publish.
[autoware_ndt_scan_matcher_node-24] [INFO] [1785818153.836881981] [localization.pose_estimator.ndt_scan_matcher]: Mismatch between pose timestamp and current timestamp
[component_container_mt-1] [WARN] [1785818153.936021101] [sensing.lidar.concatenate_data]: transformed_raw_points[/sensing/lidar/right/pointcloud_before_sync] is nullptr, skipping pointcloud publish.
[component_container_mt-1] [WARN] [1785818153.936066080] [sensing.lidar.concatenate_data]: transformed_raw_points[/sensing/lidar/left/pointcloud_before_sync] is nullptr, skipping pointcloud publish.
[autoware_ndt_scan_matcher_node-24] [INFO] [1785818153.936844877] [localization.pose_estimator.ndt_scan_matcher]: Mismatch between pose timestamp and current timestamp
[component_container-7] [INFO] [1785818153.986927064] [system.topic_state_monitor_obstacle_segmentation_pointcloud]: /perception/obstacle_segmentation/pointcloud has not received. Set ERROR in diagnostics.
[component_container_mt-1] [WARN] [1785818154.036548556] [sensing.lidar.concatenate_data]: transformed_raw_points[/sensing/lidar/right/pointcloud_before_sync] is nullptr, skipping pointcloud publish.
[component_container_mt-1] [WARN] [1785818154.036600700] [sensing.lidar.concatenate_data]: transformed_raw_points[/sensing/lidar/left/pointcloud_before_sync] is nullptr, skipping pointcloud publish.
[autoware_ndt_scan_matcher_node-24] [INFO] [1785818154.037321705] [localization.pose_estimator.ndt_scan_matcher]: Mismatch between pose timestamp and current timestamp
[component_container_mt-1] [WARN] [1785818154.136249118] [sensing.lidar.concatenate_data]: transformed_raw_points[/sensing/lidar/right/pointcloud_before_sync] is nullptr, skipping pointcloud publish.
[component_container_mt-1] [WARN] [1785818154.136298160] [sensing.lidar.concatenate_data]: transformed_raw_points[/sensing/lidar/left/pointcloud_before_sync] is nullptr, skipping pointcloud publish.
[autoware_ndt_scan_matcher_node-24] [INFO] [1785818154.136950948] [localization.pose_estimator.ndt_scan_matcher]: Mismatch between pose timestamp and current timestamp
[autoware_scenario_selector_node-36] [INFO] [1785818154.186122665] [planning.scenario_planning.scenario_selector]: Waiting for route.
[component_container_mt-48] [INFO] [1785818154.187777185] [control.trajectory_follower.lane_departure_checker_node]: waiting for route msg...
[component_container_mt-1] [WARN] [1785818154.236403832] [sensing.lidar.concatenate_data]: transformed_raw_points[/sensing/lidar/right/pointcloud_before_sync] is nullptr, skipping pointcloud publish.
[component_container_mt-1] [WARN] [1785818154.236470927] [sensing.lidar.concatenate_data]: transformed_raw_points[/sensing/lidar/left/pointcloud_before_sync] is nullptr, skipping pointcloud publish.
[autoware_ndt_scan_matcher_node-24] [INFO] [1785818154.237251654] [localization.pose_estimator.ndt_scan_matcher]: Mismatch between pose timestamp and current timestamp
[logging_node-14] [WARN] [1785818154.285914151] [logging_diag_graph]: The target mode is not available for the following reasons:
[logging_node-14] - /autoware/modes/autonomous ERROR
[logging_node-14]     - /autoware/localization ERROR
[logging_node-14]         - /autoware/localization/state STALE
[logging_node-14]     - /autoware/planning ERROR
[logging_node-14]         - /autoware/planning/routing/state STALE
[logging_node-14]         - [anonymous group] ERROR
[logging_node-14]             - /autoware/planning/topic_rate_check/route ERROR
[logging_node-14]             - /autoware/planning/topic_rate_check/trajectory ERROR
[logging_node-14]     - /autoware/perception ERROR
[logging_node-14]         - /autoware/perception/topic_rate_check/objects ERROR
[logging_node-14]         - /autoware/perception/topic_rate_check/pointcloud ERROR
[logging_node-14]     - /autoware/control ERROR
[logging_node-14]         - /autoware/control/topic_rate_check/trajectory_follower ERROR
[logging_node-14]         - /autoware/control/topic_rate_check/control_command WARN 
[logging_node-14]         - /autoware/control/performance_monitoring/lane_departure STALE
[logging_node-14]         - /autoware/control/performance_monitoring/control_state STALE
[logging_node-14]     - /adapi/mrm_request/delegate STALE
[logging_node-14] 
[autoware_mrm_handler_node-13] [INFO] [1785818154.286145116] [system.mrm_handler]: MRM State changed: NORMAL -> MRM_OPERATING
[autoware_mrm_handler_node-13] [WARN] [1785818154.286431945] [system.mrm_handler]: EMERGENCY_STOP is operated.
[component_container_mt-47] [WARN] [1785818154.286814881] [control.vehicle_cmd_gate]: Emergency!
[component_container_mt-1] [WARN] [1785818154.336378839] [sensing.lidar.concatenate_data]: transformed_raw_points[/sensing/lidar/right/pointcloud_before_sync] is nullptr, skipping pointcloud publish.
[component_container_mt-1] [WARN] [1785818154.336435873] [sensing.lidar.concatenate_data]: transformed_raw_points[/sensing/lidar/left/pointcloud_before_sync] is nullptr, skipping pointcloud publish.
[autoware_ndt_scan_matcher_node-24] [INFO] [1785818154.336924478] [localization.pose_estimator.ndt_scan_matcher]: Mismatch between pose timestamp and current timestamp
[autoware_mrm_handler_node-13] [INFO] [1785818154.386257914] [system.mrm_handler]: MRM State changed: MRM_OPERATING -> NORMAL
[autoware_mrm_handler_node-13] [WARN] [1785818154.386612402] [system.mrm_handler]: EMERGENCY_STOP is canceled.
[component_container_mt-1] [WARN] [1785818154.436732870] [sensing.lidar.concatenate_data]: transformed_raw_points[/sensing/lidar/right/pointcloud_before_sync] is nullptr, skipping pointcloud publish.
[component_container_mt-1] [WARN] [1785818154.436790398] [sensing.lidar.concatenate_data]: transformed_raw_points[/sensing/lidar/left/pointcloud_before_sync] is nullptr, skipping pointcloud publish.
[autoware_ndt_scan_matcher_node-24] [INFO] [1785818154.438111210] [localization.pose_estimator.ndt_scan_matcher]: Mismatch between pose timestamp and current timestamp
[component_container_mt-1] [WARN] [1785818154.536282784] [sensing.lidar.concatenate_data]: transformed_raw_points[/sensing/lidar/right/pointcloud_before_sync] is nullptr, skipping pointcloud publish.
[component_container_mt-1] [WARN] [1785818154.536328509] [sensing.lidar.concatenate_data]: transformed_raw_points[/sensing/lidar/left/pointcloud_before_sync] is nullptr, skipping pointcloud publish.
[autoware_ndt_scan_matcher_node-24] [INFO] [1785818154.537753928] [localization.pose_estimator.ndt_scan_matcher]: Mismatch between pose timestamp and current timestamp
[component_container_mt-1] [WARN] [1785818154.636173966] [sensing.lidar.concatenate_data]: transformed_raw_points[/sensing/lidar/right/pointcloud_before_sync] is nullptr, skipping pointcloud publish.
[component_container_mt-1] [WARN] [1785818154.636223059] [sensing.lidar.concatenate_data]: transformed_raw_points[/sensing/lidar/left/pointcloud_before_sync] is nullptr, skipping pointcloud publish.
[autoware_ndt_scan_matcher_node-24] [INFO] [1785818154.636772751] [localization.pose_estimator.ndt_scan_matcher]: Mismatch between pose timestamp and current timestamp
[component_container_mt-1] [WARN] [1785818154.644274193] [localization.util.crop_box_filter_measurement_range]: Invalid PointCloud: row_step mismatch. Expected: 99728 (width 6233 * point_step 16), Got: 0. Frame: 'base_link', Stamp: 24.458997108 Please fill in the `cloud->row_step` field accordingly. This will be an ERROR starting in 2026 July
[component_container_mt-1] [WARN] [1785818154.736640677] [sensing.lidar.concatenate_data]: transformed_raw_points[/sensing/lidar/right/pointcloud_before_sync] is nullptr, skipping pointcloud publish.
[component_container_mt-1] [WARN] [1785818154.736680568] [sensing.lidar.concatenate_data]: transformed_raw_points[/sensing/lidar/left/pointcloud_before_sync] is nullptr, skipping pointcloud publish.
[autoware_ndt_scan_matcher_node-24] [INFO] [1785818154.737153016] [localization.pose_estimator.ndt_scan_matcher]: Mismatch between pose timestamp and current timestamp
[component_container_mt-1] [WARN] [1785818154.836372026] [sensing.lidar.concatenate_data]: transformed_raw_points[/sensing/lidar/right/pointcloud_before_sync] is nullptr, skipping pointcloud publish.
[component_container_mt-1] [WARN] [1785818154.836420046] [sensing.lidar.concatenate_data]: transformed_raw_points[/sensing/lidar/left/pointcloud_before_sync] is nullptr, skipping pointcloud publish.
[autoware_ndt_scan_matcher_node-24] [INFO] [1785818154.837409447] [localization.pose_estimator.ndt_scan_matcher]: Mismatch between pose timestamp and current timestamp
[component_container_mt-1] [WARN] [1785818154.936297148] [sensing.lidar.concatenate_data]: transformed_raw_points[/sensing/lidar/right/pointcloud_before_sync] is nullptr, skipping pointcloud publish.
[component_container_mt-1] [WARN] [1785818154.936340582] [sensing.lidar.concatenate_data]: transformed_raw_points[/sensing/lidar/left/pointcloud_before_sync] is nullptr, skipping pointcloud publish.
[autoware_ndt_scan_matcher_node-24] [INFO] [1785818154.936773670] [localization.pose_estimator.ndt_scan_matcher]: Mismatch between pose timestamp and current timestamp
[component_container_mt-1] [WARN] [1785818155.036080104] [sensing.lidar.concatenate_data]: transformed_raw_points[/sensing/lidar/right/pointcloud_before_sync] is nullptr, skipping pointcloud publish.
[component_container_mt-1] [WARN] [1785818155.036130483] [sensing.lidar.concatenate_data]: transformed_raw_points[/sensing/lidar/left/pointcloud_before_sync] is nullptr, skipping pointcloud publish.
[autoware_ndt_scan_matcher_node-24] [INFO] [1785818155.036659419] [localization.pose_estimator.ndt_scan_matcher]: Mismatch between pose timestamp and current timestamp
[autoware_pose_initializer_node-26] [INFO] [1785818155.123097112] [localization.util.pose_initializer]: EKF triggering service is available!
[autoware_pose_initializer_node-26] [INFO] [1785818155.123358981] [localization.util.pose_initializer]: EKF Deactivation succeeded
[autoware_pose_initializer_node-26] [INFO] [1785818155.123426032] [localization.util.pose_initializer]: NDT triggering service is available!
[autoware_pose_initializer_node-26] [INFO] [1785818155.123767025] [localization.util.pose_initializer]: NDT Deactivation succeeded
[autoware_pose_initializer_node-26] [INFO] [1785818155.123906611] [localization.util.pose_initializer]: Call align server.
[autoware_ekf_localizer_node-28] [WARN] [1785818155.136033825] [localization.pose_twist_fusion_filter.ekf_localizer]: The node is not activated. Provide initial pose to pose_initializer
[component_container_mt-1] [WARN] [1785818155.136145593] [sensing.lidar.concatenate_data]: transformed_raw_points[/sensing/lidar/right/pointcloud_before_sync] is nullptr, skipping pointcloud publish.
[component_container_mt-1] [WARN] [1785818155.136187570] [sensing.lidar.concatenate_data]: transformed_raw_points[/sensing/lidar/left/pointcloud_before_sync] is nullptr, skipping pointcloud publish.
[component_container_mt-1] [WARN] [1785818155.236294619] [sensing.lidar.concatenate_data]: transformed_raw_points[/sensing/lidar/right/pointcloud_before_sync] is nullptr, skipping pointcloud publish.
[component_container_mt-1] [WARN] [1785818155.236376797] [sensing.lidar.concatenate_data]: transformed_raw_points[/sensing/lidar/left/pointcloud_before_sync] is nullptr, skipping pointcloud publish.
[component_container_mt-47] [INFO] [1785818155.286486142] [control.trajectory_follower.controller_node_exe]: Waiting for trajectory data
[component_container_mt-47] [INFO] [1785818155.286532478] [control.trajectory_follower.controller_node_exe]: Control is skipped since input data is not ready.
[component_container_mt-1] [WARN] [1785818155.286719755] [sensing.lidar.concatenate_data]: transformed_raw_points[/sensing/lidar/right/pointcloud_before_sync] is nullptr, skipping pointcloud publish.
[component_container_mt-1] [WARN] [1785818155.286756095] [sensing.lidar.concatenate_data]: transformed_raw_points[/sensing/lidar/left/pointcloud_before_sync] is nullptr, skipping pointcloud publish.
[autoware_mrm_handler_node-13] [INFO] [1785818155.286837828] [system.mrm_handler]: MRM State changed: NORMAL -> MRM_OPERATING
[autoware_mrm_handler_node-13] [WARN] [1785818155.287064223] [system.mrm_handler]: EMERGENCY_STOP is operated.
[component_container_mt-47] [WARN] [1785818155.336326075] [control.vehicle_cmd_gate]: Emergency!
[component_container_mt-1] [WARN] [1785818155.386340040] [sensing.lidar.concatenate_data]: transformed_raw_points[/sensing/lidar/right/pointcloud_before_sync] is nullptr, skipping pointcloud publish.
[component_container_mt-1] [WARN] [1785818155.386387092] [sensing.lidar.concatenate_data]: transformed_raw_points[/sensing/lidar/left/pointcloud_before_sync] is nullptr, skipping pointcloud publish.
[autoware_mrm_handler_node-13] [INFO] [1785818155.386709696] [system.mrm_handler]: MRM State changed: MRM_OPERATING -> NORMAL
[autoware_mrm_handler_node-13] [WARN] [1785818155.386866594] [system.mrm_handler]: EMERGENCY_STOP is canceled.
[component_container_mt-1] [WARN] [1785818155.486336969] [sensing.lidar.concatenate_data]: transformed_raw_points[/sensing/lidar/right/pointcloud_before_sync] is nullptr, skipping pointcloud publish.
[component_container_mt-1] [WARN] [1785818155.486383272] [sensing.lidar.concatenate_data]: transformed_raw_points[/sensing/lidar/left/pointcloud_before_sync] is nullptr, skipping pointcloud publish.
[component_container_mt-1] [WARN] [1785818155.586281002] [sensing.lidar.concatenate_data]: transformed_raw_points[/sensing/lidar/right/pointcloud_before_sync] is nullptr, skipping pointcloud publish.
[component_container_mt-1] [WARN] [1785818155.586336402] [sensing.lidar.concatenate_data]: transformed_raw_points[/sensing/lidar/left/pointcloud_before_sync] is nullptr, skipping pointcloud publish.
[component_container-18] [WARN] [1785818155.593194339] [sensing.lidar.top.crop_box_filter_self]: Invalid PointCloud: is_dense is false. The point cloud should be organized (dense) and contain only valid points. This will be an ERROR starting in 2026 JulyFrame: 'velodyne_top', Stamp: 25.408997122
[autoware_pose_instability_detector_node-31] terminate called after throwing an instance of 'std::runtime_error'
[autoware_pose_instability_detector_node-31]   what():  cannot store a negative time point in rclcpp::Time
[component_container_mt-1] [WARN] [1785818155.686091529] [sensing.lidar.concatenate_data]: transformed_raw_points[/sensing/lidar/right/pointcloud_before_sync] is nullptr, skipping pointcloud publish.
[component_container_mt-1] [WARN] [1785818155.686138136] [sensing.lidar.concatenate_data]: transformed_raw_points[/sensing/lidar/left/pointcloud_before_sync] is nullptr, skipping pointcloud publish.
[ERROR] [autoware_pose_instability_detector_node-31]: process has died [pid 787, exit code -6, cmd '/opt/autoware/lib/autoware_pose_instability_detector/autoware_pose_instability_detector_node --ros-args -r __node:=pose_instability_detector -r __ns:=/localization/pose_twist_fusion_filter -p use_sim_time:=True -p wheel_radius:=0.383 -p wheel_width:=0.235 -p wheel_base:=2.79 -p wheel_tread:=1.64 -p front_overhang:=1.0 -p rear_overhang:=1.1 -p left_overhang:=0.128 -p right_overhang:=0.128 -p vehicle_height:=2.5 -p max_steer_angle:=0.7 -p use_sim_time:=True -p use_sim_time:=True -p use_sim_time:=True -p wheel_radius:=0.383 -p wheel_width:=0.235 -p wheel_base:=2.79 -p wheel_tread:=1.64 -p front_overhang:=1.0 -p rear_overhang:=1.1 -p left_overhang:=0.128 -p right_overhang:=0.128 -p vehicle_height:=2.5 -p max_steer_angle:=0.7 -p use_sim_time:=True -p wheel_radius:=0.383 -p wheel_width:=0.235 -p wheel_base:=2.79 -p wheel_tread:=1.64 -p front_overhang:=1.0 -p rear_overhang:=1.1 -p left_overhang:=0.128 -p right_overhang:=0.128 -p vehicle_height:=2.5 -p max_steer_angle:=0.7 --params-file /opt/autoware/share/autoware_launch/config/localization/pose_instability_detector.param.yaml -r ~/input/odometry:=/localization/kinematic_state -r ~/input/twist:=/localization/twist_estimator/twist_with_covariance'].
[component_container_mt-1] [WARN] [1785818155.786393064] [sensing.lidar.concatenate_data]: transformed_raw_points[/sensing/lidar/right/pointcloud_before_sync] is nullptr, skipping pointcloud publish.
[component_container_mt-1] [WARN] [1785818155.786440667] [sensing.lidar.concatenate_data]: transformed_raw_points[/sensing/lidar/left/pointcloud_before_sync] is nullptr, skipping pointcloud publish.
[component_container_mt-48] [INFO] [1785818155.886260552] [control.autonomous_emergency_braking]: [AEB] waiting for object pointcloud message
[component_container_mt-1] [WARN] [1785818155.886398281] [sensing.lidar.concatenate_data]: transformed_raw_points[/sensing/lidar/right/pointcloud_before_sync] is nullptr, skipping pointcloud publish.
[component_container_mt-1] [WARN] [1785818155.886433739] [sensing.lidar.concatenate_data]: transformed_raw_points[/sensing/lidar/left/pointcloud_before_sync] is nullptr, skipping pointcloud publish.
[autoware_pose_initializer_node-26] [INFO] [1785818155.960491606] [localization.util.pose_initializer]: align server succeeded.
[autoware_pose_initializer_node-26] [INFO] [1785818155.961158271] [localization.util.pose_initializer]: EKF triggering service is available!
[autoware_pose_initializer_node-26] [INFO] [1785818155.961488580] [localization.util.pose_initializer]: EKF Activation succeeded
[autoware_pose_initializer_node-26] [INFO] [1785818155.961571774] [localization.util.pose_initializer]: NDT triggering service is available!
[autoware_pose_initializer_node-26] [INFO] [1785818155.961789677] [localization.util.pose_initializer]: NDT Activation succeeded
[component_container_mt-1] [WARN] [1785818155.986349136] [sensing.lidar.concatenate_data]: transformed_raw_points[/sensing/lidar/right/pointcloud_before_sync] is nullptr, skipping pointcloud publish.
[component_container_mt-1] [WARN] [1785818155.986395347] [sensing.lidar.concatenate_data]: transformed_raw_points[/sensing/lidar/left/pointcloud_before_sync] is nullptr, skipping pointcloud publish.
[autoware_ndt_scan_matcher_node-24] [INFO] [1785818155.986930877] [localization.pose_estimator.ndt_scan_matcher]: pose_buffer_.size() < 2
[autoware_ndt_scan_matcher_node-24] [INFO] [1785818155.994146474] [localization.pose_estimator.ndt_scan_matcher]: pose_buffer_.size() < 2
[component_container_mt-1] [WARN] [1785818156.086535944] [sensing.lidar.concatenate_data]: transformed_raw_points[/sensing/lidar/right/pointcloud_before_sync] is nullptr, skipping pointcloud publish.
[component_container_mt-1] [WARN] [1785818156.086587552] [sensing.lidar.concatenate_data]: transformed_raw_points[/sensing/lidar/left/pointcloud_before_sync] is nullptr, skipping pointcloud publish.
[component_container-7] [WARN] [1785818156.086599952] [system.topic_state_monitor_control_command_control_cmd]: /control/command/control_cmd topic rate has dropped to the warning level. Set WARN in diagnostics.
[autoware_ndt_scan_matcher_node-24] [INFO] [1785818156.087083939] [localization.pose_estimator.ndt_scan_matcher]: Mismatch between pose timestamp and current timestamp
[component_container-18] [WARN] [1785818156.093497861] [sensing.lidar.top.distortion_corrector_node]: Twist time_stamp is too late. Could not interpolate.
[component_container_mt-47] [INFO] [1785818156.186613949] [control.vehicle_cmd_gate]: The operation mode is changed, but the GearCommand is not received yet:
[component_container_mt-1] [WARN] [1785818156.187210863] [sensing.lidar.concatenate_data]: transformed_raw_points[/sensing/lidar/right/pointcloud_before_sync] is nullptr, skipping pointcloud publish.
[component_container_mt-1] [WARN] [1785818156.187245582] [sensing.lidar.concatenate_data]: transformed_raw_points[/sensing/lidar/left/pointcloud_before_sync] is nullptr, skipping pointcloud publish.
[autoware_ndt_scan_matcher_node-24] [INFO] [1785818156.187777762] [localization.pose_estimator.ndt_scan_matcher]: Mismatch between pose timestamp and current timestamp
[autoware_mrm_handler_node-13] [INFO] [1785818156.285910340] [system.mrm_handler]: MRM State changed: NORMAL -> MRM_OPERATING
[component_container_mt-1] [WARN] [1785818156.286563064] [sensing.lidar.concatenate_data]: transformed_raw_points[/sensing/lidar/right/pointcloud_before_sync] is nullptr, skipping pointcloud publish.
[component_container_mt-1] [WARN] [1785818156.286599434] [sensing.lidar.concatenate_data]: transformed_raw_points[/sensing/lidar/left/pointcloud_before_sync] is nullptr, skipping pointcloud publish.
[autoware_ndt_scan_matcher_node-24] [INFO] [1785818156.287150708] [localization.pose_estimator.ndt_scan_matcher]: Mismatch between pose timestamp and current timestamp
[autoware_mrm_handler_node-13] [WARN] [1785818156.287164338] [system.mrm_handler]: EMERGENCY_STOP is operated.
[component_container_mt-47] [WARN] [1785818156.336379262] [control.vehicle_cmd_gate]: Emergency!
[component_container_mt-40] [INFO] [1785818156.336449150] [planning.scenario_planning.lane_driving.behavior_planning.behavior_path_planner]: waiting for scenario_topic
[component_container_mt-48] [INFO] [1785818156.337096963] [control.control_validator]: waiting for /planning/trajectory
[autoware_mrm_handler_node-13] [INFO] [1785818156.385999520] [system.mrm_handler]: MRM State changed: MRM_OPERATING -> NORMAL
[component_container_mt-1] [WARN] [1785818156.386352824] [sensing.lidar.concatenate_data]: transformed_raw_points[/sensing/lidar/right/pointcloud_before_sync] is nullptr, skipping pointcloud publish.
[component_container_mt-1] [WARN] [1785818156.386426559] [sensing.lidar.concatenate_data]: transformed_raw_points[/sensing/lidar/left/pointcloud_before_sync] is nullptr, skipping pointcloud publish.
[autoware_mrm_handler_node-13] [WARN] [1785818156.386779893] [system.mrm_handler]: EMERGENCY_STOP is canceled.
[autoware_ndt_scan_matcher_node-24] [INFO] [1785818156.387542721] [localization.pose_estimator.ndt_scan_matcher]: Mismatch between pose timestamp and current timestamp
[component_container_mt-1] [WARN] [1785818156.487095086] [sensing.lidar.concatenate_data]: transformed_raw_points[/sensing/lidar/right/pointcloud_before_sync] is nullptr, skipping pointcloud publish.
[component_container_mt-1] [WARN] [1785818156.487143590] [sensing.lidar.concatenate_data]: transformed_raw_points[/sensing/lidar/left/pointcloud_before_sync] is nullptr, skipping pointcloud publish.
[autoware_ndt_scan_matcher_node-24] [INFO] [1785818156.487637951] [localization.pose_estimator.ndt_scan_matcher]: Mismatch between pose timestamp and current timestamp
[component_container_mt-1] [WARN] [1785818156.586366597] [sensing.lidar.concatenate_data]: transformed_raw_points[/sensing/lidar/right/pointcloud_before_sync] is nullptr, skipping pointcloud publish.
[component_container_mt-1] [WARN] [1785818156.586414255] [sensing.lidar.concatenate_data]: transformed_raw_points[/sensing/lidar/left/pointcloud_before_sync] is nullptr, skipping pointcloud publish.
[autoware_ndt_scan_matcher_node-24] [INFO] [1785818156.586903163] [localization.pose_estimator.ndt_scan_matcher]: Mismatch between pose timestamp and current timestamp
[component_container_mt-1] [WARN] [1785818156.686066101] [sensing.lidar.concatenate_data]: transformed_raw_points[/sensing/lidar/right/pointcloud_before_sync] is nullptr, skipping pointcloud publish.
[component_container_mt-1] [WARN] [1785818156.686115292] [sensing.lidar.concatenate_data]: transformed_raw_points[/sensing/lidar/left/pointcloud_before_sync] is nullptr, skipping pointcloud publish.
[autoware_ndt_scan_matcher_node-24] [INFO] [1785818156.686708666] [localization.pose_estimator.ndt_scan_matcher]: Mismatch between pose timestamp and current timestamp
[component_container_mt-1] [WARN] [1785818156.786745027] [sensing.lidar.concatenate_data]: transformed_raw_points[/sensing/lidar/right/pointcloud_before_sync] is nullptr, skipping pointcloud publish.
[component_container_mt-1] [WARN] [1785818156.786788012] [sensing.lidar.concatenate_data]: transformed_raw_points[/sensing/lidar/left/pointcloud_before_sync] is nullptr, skipping pointcloud publish.
[autoware_ndt_scan_matcher_node-24] [INFO] [1785818156.787758839] [localization.pose_estimator.ndt_scan_matcher]: Mismatch between pose timestamp and current timestamp
[component_container_mt-1] [WARN] [1785818156.886342430] [sensing.lidar.concatenate_data]: transformed_raw_points[/sensing/lidar/right/pointcloud_before_sync] is nullptr, skipping pointcloud publish.
[component_container_mt-1] [WARN] [1785818156.886389839] [sensing.lidar.concatenate_data]: transformed_raw_points[/sensing/lidar/left/pointcloud_before_sync] is nullptr, skipping pointcloud publish.
[autoware_ndt_scan_matcher_node-24] [INFO] [1785818156.886967798] [localization.pose_estimator.ndt_scan_matcher]: Mismatch between pose timestamp and current timestamp
[component_container-7] [INFO] [1785818156.986812087] [system.topic_state_monitor_obstacle_segmentation_pointcloud]: /perception/obstacle_segmentation/pointcloud has not received. Set ERROR in diagnostics.
[component_container_mt-1] [WARN] [1785818156.987581021] [sensing.lidar.concatenate_data]: transformed_raw_points[/sensing/lidar/right/pointcloud_before_sync] is nullptr, skipping pointcloud publish.
[component_container_mt-1] [WARN] [1785818156.987612430] [sensing.lidar.concatenate_data]: transformed_raw_points[/sensing/lidar/left/pointcloud_before_sync] is nullptr, skipping pointcloud publish.
[autoware_ndt_scan_matcher_node-24] [INFO] [1785818156.988050541] [localization.pose_estimator.ndt_scan_matcher]: Mismatch between pose timestamp and current timestamp
[component_container_mt-1] [WARN] [1785818157.086364387] [sensing.lidar.concatenate_data]: transformed_raw_points[/sensing/lidar/right/pointcloud_before_sync] is nullptr, skipping pointcloud publish.
[component_container_mt-1] [WARN] [1785818157.086414655] [sensing.lidar.concatenate_data]: transformed_raw_points[/sensing/lidar/left/pointcloud_before_sync] is nullptr, skipping pointcloud publish.
[autoware_ndt_scan_matcher_node-24] [INFO] [1785818157.086874672] [localization.pose_estimator.ndt_scan_matcher]: Mismatch between pose timestamp and current timestamp
[component_container_mt-1] [WARN] [1785818157.186235084] [sensing.lidar.concatenate_data]: transformed_raw_points[/sensing/lidar/right/pointcloud_before_sync] is nullptr, skipping pointcloud publish.
[component_container_mt-1] [WARN] [1785818157.186285177] [sensing.lidar.concatenate_data]: transformed_raw_points[/sensing/lidar/left/pointcloud_before_sync] is nullptr, skipping pointcloud publish.
[autoware_ndt_scan_matcher_node-24] [INFO] [1785818157.187085020] [localization.pose_estimator.ndt_scan_matcher]: Mismatch between pose timestamp and current timestamp
[component_container_mt-1] [WARN] [1785818157.286694977] [sensing.lidar.concatenate_data]: transformed_raw_points[/sensing/lidar/right/pointcloud_before_sync] is nullptr, skipping pointcloud publish.
[component_container_mt-1] [WARN] [1785818157.286739667] [sensing.lidar.concatenate_data]: transformed_raw_points[/sensing/lidar/left/pointcloud_before_sync] is nullptr, skipping pointcloud publish.
[autoware_mrm_handler_node-13] [INFO] [1785818157.287162862] [system.mrm_handler]: MRM State changed: NORMAL -> MRM_OPERATING
[autoware_mrm_handler_node-13] [WARN] [1785818157.287322419] [system.mrm_handler]: EMERGENCY_STOP is operated.
[autoware_ndt_scan_matcher_node-24] [INFO] [1785818157.287646578] [localization.pose_estimator.ndt_scan_matcher]: Mismatch between pose timestamp and current timestamp
[component_container_mt-47] [WARN] [1785818157.336696123] [control.vehicle_cmd_gate]: Emergency!
[autoware_mrm_handler_node-13] [INFO] [1785818157.386414240] [system.mrm_handler]: MRM State changed: MRM_OPERATING -> NORMAL
[logging_node-14] [WARN] [1785818157.386611711] [logging_diag_graph]: The target mode is not available for the following reasons:
[logging_node-14] - /autoware/modes/autonomous ERROR
[logging_node-14]     - /autoware/planning ERROR
[logging_node-14]         - /autoware/planning/routing/state ERROR
[logging_node-14]         - [anonymous group] ERROR
[logging_node-14]             - /autoware/planning/topic_rate_check/route ERROR
[logging_node-14]             - /autoware/planning/topic_rate_check/trajectory ERROR
[logging_node-14]     - /autoware/perception ERROR
[logging_node-14]         - /autoware/perception/topic_rate_check/objects ERROR
[logging_node-14]         - /autoware/perception/topic_rate_check/pointcloud ERROR
[logging_node-14]     - /autoware/control ERROR
[logging_node-14]         - /autoware/control/topic_rate_check/trajectory_follower ERROR
[logging_node-14]         - /autoware/control/topic_rate_check/control_command WARN 
[logging_node-14] 
[autoware_mrm_handler_node-13] [WARN] [1785818157.386862327] [system.mrm_handler]: EMERGENCY_STOP is canceled.
[component_container_mt-1] [WARN] [1785818157.387066903] [sensing.lidar.concatenate_data]: transformed_raw_points[/sensing/lidar/right/pointcloud_before_sync] is nullptr, skipping pointcloud publish.
[component_container_mt-1] [WARN] [1785818157.387102726] [sensing.lidar.concatenate_data]: transformed_raw_points[/sensing/lidar/left/pointcloud_before_sync] is nullptr, skipping pointcloud publish.
[autoware_ndt_scan_matcher_node-24] [INFO] [1785818157.387615294] [localization.pose_estimator.ndt_scan_matcher]: Mismatch between pose timestamp and current timestamp
[component_container_mt-1] [WARN] [1785818157.486106544] [sensing.lidar.concatenate_data]: transformed_raw_points[/sensing/lidar/right/pointcloud_before_sync] is nullptr, skipping pointcloud publish.
[autoware_ndt_scan_matcher_node-24] [INFO] [1785818157.486694378] [localization.pose_estimator.ndt_scan_matcher]: Mismatch between pose timestamp and current timestamp
[component_container_mt-1] [WARN] [1785818157.486745798] [sensing.lidar.concatenate_data]: transformed_raw_points[/sensing/lidar/left/pointcloud_before_sync] is nullptr, skipping pointcloud publish.
[component_container_mt-1] [WARN] [1785818157.586231094] [sensing.lidar.concatenate_data]: transformed_raw_points[/sensing/lidar/right/pointcloud_before_sync] is nullptr, skipping pointcloud publish.
[component_container_mt-1] [WARN] [1785818157.586812597] [sensing.lidar.concatenate_data]: transformed_raw_points[/sensing/lidar/left/pointcloud_before_sync] is nullptr, skipping pointcloud publish.
[autoware_ndt_scan_matcher_node-24] [INFO] [1785818157.587333296] [localization.pose_estimator.ndt_scan_matcher]: Mismatch between pose timestamp and current timestamp
[component_container_mt-1] [WARN] [1785818157.686436939] [sensing.lidar.concatenate_data]: transformed_raw_points[/sensing/lidar/right/pointcloud_before_sync] is nullptr, skipping pointcloud publish.
[component_container_mt-1] [WARN] [1785818157.686485597] [sensing.lidar.concatenate_data]: transformed_raw_points[/sensing/lidar/left/pointcloud_before_sync] is nullptr, skipping pointcloud publish.
[autoware_ndt_scan_matcher_node-24] [INFO] [1785818157.687111166] [localization.pose_estimator.ndt_scan_matcher]: Mismatch between pose timestamp and current timestamp
[component_container_mt-1] [WARN] [1785818157.786625023] [sensing.lidar.concatenate_data]: transformed_raw_points[/sensing/lidar/right/pointcloud_before_sync] is nullptr, skipping pointcloud publish.
[component_container_mt-1] [WARN] [1785818157.786676620] [sensing.lidar.concatenate_data]: transformed_raw_points[/sensing/lidar/left/pointcloud_before_sync] is nullptr, skipping pointcloud publish.
[autoware_ndt_scan_matcher_node-24] [INFO] [1785818157.787227824] [localization.pose_estimator.ndt_scan_matcher]: Mismatch between pose timestamp and current timestamp
[component_container_mt-1] [WARN] [1785818157.886017514] [sensing.lidar.concatenate_data]: transformed_raw_points[/sensing/lidar/right/pointcloud_before_sync] is nullptr, skipping pointcloud publish.
[component_container_mt-1] [WARN] [1785818157.886064109] [sensing.lidar.concatenate_data]: transformed_raw_points[/sensing/lidar/left/pointcloud_before_sync] is nullptr, skipping pointcloud publish.
[autoware_ndt_scan_matcher_node-24] [INFO] [1785818157.886745204] [localization.pose_estimator.ndt_scan_matcher]: Mismatch between pose timestamp and current timestamp
[component_container_mt-1] [WARN] [1785818157.986060862] [sensing.lidar.concatenate_data]: transformed_raw_points[/sensing/lidar/right/pointcloud_before_sync] is nullptr, skipping pointcloud publish.
[component_container_mt-1] [WARN] [1785818157.986106804] [sensing.lidar.concatenate_data]: transformed_raw_points[/sensing/lidar/left/pointcloud_before_sync] is nullptr, skipping pointcloud publish.
[autoware_ndt_scan_matcher_node-24] [INFO] [1785818157.986817759] [localization.pose_estimator.ndt_scan_matcher]: Mismatch between pose timestamp and current timestamp
[component_container_mt-1] [WARN] [1785818158.086340252] [sensing.lidar.concatenate_data]: transformed_raw_points[/sensing/lidar/right/pointcloud_before_sync] is nullptr, skipping pointcloud publish.
[component_container_mt-1] [WARN] [1785818158.086393957] [sensing.lidar.concatenate_data]: transformed_raw_points[/sensing/lidar/left/pointcloud_before_sync] is nullptr, skipping pointcloud publish.
[autoware_ndt_scan_matcher_node-24] [INFO] [1785818158.087116751] [localization.pose_estimator.ndt_scan_matcher]: Mismatch between pose timestamp and current timestamp
[component_container-18] [WARN] [1785818158.093881730] [sensing.lidar.top.distortion_corrector_node]: IMU time_stamp is too late. Could not interpolate.
[component_container_mt-1] [WARN] [1785818158.186787225] [sensing.lidar.concatenate_data]: transformed_raw_points[/sensing/lidar/right/pointcloud_before_sync] is nullptr, skipping pointcloud publish.
[component_container_mt-1] [WARN] [1785818158.186835772] [sensing.lidar.concatenate_data]: transformed_raw_points[/sensing/lidar/left/pointcloud_before_sync] is nullptr, skipping pointcloud publish.
[autoware_ndt_scan_matcher_node-24] [INFO] [1785818158.187286846] [localization.pose_estimator.ndt_scan_matcher]: Mismatch between pose timestamp and current timestamp
[autoware_mrm_handler_node-13] [INFO] [1785818158.286282407] [system.mrm_handler]: MRM State changed: NORMAL -> MRM_OPERATING
[component_container_mt-1] [WARN] [1785818158.286319472] [sensing.lidar.concatenate_data]: transformed_raw_points[/sensing/lidar/right/pointcloud_before_sync] is nullptr, skipping pointcloud publish.
[component_container_mt-1] [WARN] [1785818158.286359994] [sensing.lidar.concatenate_data]: transformed_raw_points[/sensing/lidar/left/pointcloud_before_sync] is nullptr, skipping pointcloud publish.
[autoware_mrm_handler_node-13] [WARN] [1785818158.286662364] [system.mrm_handler]: EMERGENCY_STOP is operated.
[autoware_ndt_scan_matcher_node-24] [INFO] [1785818158.286984196] [localization.pose_estimator.ndt_scan_matcher]: Mismatch between pose timestamp and current timestamp
[component_container_mt-47] [WARN] [1785818158.336594206] [control.vehicle_cmd_gate]: Emergency!
[autoware_mrm_handler_node-13] [INFO] [1785818158.386304467] [system.mrm_handler]: MRM State changed: MRM_OPERATING -> NORMAL
[component_container_mt-1] [WARN] [1785818158.386387573] [sensing.lidar.concatenate_data]: transformed_raw_points[/sensing/lidar/right/pointcloud_before_sync] is nullptr, skipping pointcloud publish.
[component_container_mt-1] [WARN] [1785818158.386422763] [sensing.lidar.concatenate_data]: transformed_raw_points[/sensing/lidar/left/pointcloud_before_sync] is nullptr, skipping pointcloud publish.
[autoware_mrm_handler_node-13] [WARN] [1785818158.386776875] [system.mrm_handler]: EMERGENCY_STOP is canceled.
[autoware_ndt_scan_matcher_node-24] [INFO] [1785818158.387130928] [localization.pose_estimator.ndt_scan_matcher]: Mismatch between pose timestamp and current timestamp
[component_container_mt-1] [WARN] [1785818158.485977814] [sensing.lidar.concatenate_data]: transformed_raw_points[/sensing/lidar/right/pointcloud_before_sync] is nullptr, skipping pointcloud publish.
[component_container_mt-1] [WARN] [1785818158.486031296] [sensing.lidar.concatenate_data]: transformed_raw_points[/sensing/lidar/left/pointcloud_before_sync] is nullptr, skipping pointcloud publish.
[autoware_ndt_scan_matcher_node-24] [INFO] [1785818158.486621427] [localization.pose_estimator.ndt_scan_matcher]: Mismatch between pose timestamp and current timestamp
[component_container_mt-1] [WARN] [1785818158.586807562] [sensing.lidar.concatenate_data]: transformed_raw_points[/sensing/lidar/right/pointcloud_before_sync] is nullptr, skipping pointcloud publish.
[component_container_mt-1] [WARN] [1785818158.586853951] [sensing.lidar.concatenate_data]: transformed_raw_points[/sensing/lidar/left/pointcloud_before_sync] is nullptr, skipping pointcloud publish.
[autoware_ndt_scan_matcher_node-24] [INFO] [1785818158.587517329] [localization.pose_estimator.ndt_scan_matcher]: Mismatch between pose timestamp and current timestamp
[component_container_mt-1] [WARN] [1785818158.686437933] [sensing.lidar.concatenate_data]: transformed_raw_points[/sensing/lidar/right/pointcloud_before_sync] is nullptr, skipping pointcloud publish.
[component_container_mt-1] [WARN] [1785818158.686482613] [sensing.lidar.concatenate_data]: transformed_raw_points[/sensing/lidar/left/pointcloud_before_sync] is nullptr, skipping pointcloud publish.
[autoware_ndt_scan_matcher_node-24] [INFO] [1785818158.687062763] [localization.pose_estimator.ndt_scan_matcher]: Mismatch between pose timestamp and current timestamp
[component_container_mt-1] [WARN] [1785818158.786907001] [sensing.lidar.concatenate_data]: transformed_raw_points[/sensing/lidar/right/pointcloud_before_sync] is nullptr, skipping pointcloud publish.
[component_container_mt-1] [WARN] [1785818158.786959456] [sensing.lidar.concatenate_data]: transformed_raw_points[/sensing/lidar/left/pointcloud_before_sync] is nullptr, skipping pointcloud publish.
[autoware_ndt_scan_matcher_node-24] [INFO] [1785818158.788206371] [localization.pose_estimator.ndt_scan_matcher]: Mismatch between pose timestamp and current timestamp
[component_container_mt-1] [WARN] [1785818158.886443735] [sensing.lidar.concatenate_data]: transformed_raw_points[/sensing/lidar/right/pointcloud_before_sync] is nullptr, skipping pointcloud publish.
[component_container_mt-1] [WARN] [1785818158.886492028] [sensing.lidar.concatenate_data]: transformed_raw_points[/sensing/lidar/left/pointcloud_before_sync] is nullptr, skipping pointcloud publish.
[autoware_ndt_scan_matcher_node-24] [INFO] [1785818158.886886645] [localization.pose_estimator.ndt_scan_matcher]: Mismatch between pose timestamp and current timestamp
[component_container_mt-1] [WARN] [1785818158.986431439] [sensing.lidar.concatenate_data]: transformed_raw_points[/sensing/lidar/right/pointcloud_before_sync] is nullptr, skipping pointcloud publish.
[component_container_mt-1] [WARN] [1785818158.986476512] [sensing.lidar.concatenate_data]: transformed_raw_points[/sensing/lidar/left/pointcloud_before_sync] is nullptr, skipping pointcloud publish.
[autoware_ndt_scan_matcher_node-24] [INFO] [1785818158.987858919] [localization.pose_estimator.ndt_scan_matcher]: Mismatch between pose timestamp and current timestamp
[component_container_mt-1] [WARN] [1785818159.086333587] [sensing.lidar.concatenate_data]: transformed_raw_points[/sensing/lidar/right/pointcloud_before_sync] is nullptr, skipping pointcloud publish.
[component_container_mt-1] [WARN] [1785818159.086384801] [sensing.lidar.concatenate_data]: transformed_raw_points[/sensing/lidar/left/pointcloud_before_sync] is nullptr, skipping pointcloud publish.
[component_container-7] [WARN] [1785818159.086469210] [system.topic_state_monitor_control_command_control_cmd]: /control/command/control_cmd topic rate has dropped to the warning level. Set WARN in diagnostics.
[autoware_ndt_scan_matcher_node-24] [INFO] [1785818159.087006675] [localization.pose_estimator.ndt_scan_matcher]: Mismatch between pose timestamp and current timestamp
[component_container_mt-48] [INFO] [1785818159.186584621] [control.trajectory_follower.lane_departure_checker_node]: waiting for route msg...
[component_container_mt-1] [WARN] [1785818159.186960404] [sensing.lidar.concatenate_data]: transformed_raw_points[/sensing/lidar/right/pointcloud_before_sync] is nullptr, skipping pointcloud publish.
[component_container_mt-1] [WARN] [1785818159.186994658] [sensing.lidar.concatenate_data]: transformed_raw_points[/sensing/lidar/left/pointcloud_before_sync] is nullptr, skipping pointcloud publish.
[autoware_scenario_selector_node-36] [INFO] [1785818159.187187871] [planning.scenario_planning.scenario_selector]: Waiting for route.
[autoware_ndt_scan_matcher_node-24] [INFO] [1785818159.187601883] [localization.pose_estimator.ndt_scan_matcher]: Mismatch between pose timestamp and current timestamp
[autoware_mrm_handler_node-13] [INFO] [1785818159.285804730] [system.mrm_handler]: MRM State changed: NORMAL -> MRM_OPERATING
[component_container_mt-1] [WARN] [1785818159.286244968] [sensing.lidar.concatenate_data]: transformed_raw_points[/sensing/lidar/right/pointcloud_before_sync] is nullptr, skipping pointcloud publish.
[component_container_mt-1] [WARN] [1785818159.286281260] [sensing.lidar.concatenate_data]: transformed_raw_points[/sensing/lidar/left/pointcloud_before_sync] is nullptr, skipping pointcloud publish.
[autoware_ndt_scan_matcher_node-24] [INFO] [1785818159.287182294] [localization.pose_estimator.ndt_scan_matcher]: Mismatch between pose timestamp and current timestamp
[autoware_mrm_handler_node-13] [WARN] [1785818159.287545795] [system.mrm_handler]: EMERGENCY_STOP is operated.
[component_container_mt-47] [WARN] [1785818159.336174471] [control.vehicle_cmd_gate]: Emergency!
[autoware_mrm_handler_node-13] [INFO] [1785818159.386143255] [system.mrm_handler]: MRM State changed: MRM_OPERATING -> NORMAL
[component_container_mt-1] [WARN] [1785818159.386204919] [sensing.lidar.concatenate_data]: transformed_raw_points[/sensing/lidar/right/pointcloud_before_sync] is nullptr, skipping pointcloud publish.
[component_container_mt-1] [WARN] [1785818159.386242920] [sensing.lidar.concatenate_data]: transformed_raw_points[/sensing/lidar/left/pointcloud_before_sync] is nullptr, skipping pointcloud publish.
[autoware_mrm_handler_node-13] [WARN] [1785818159.386347134] [system.mrm_handler]: EMERGENCY_STOP is canceled.
[autoware_ndt_scan_matcher_node-24] [INFO] [1785818159.386695336] [localization.pose_estimator.ndt_scan_matcher]: Mismatch between pose timestamp and current timestamp
[component_container_mt-1] [WARN] [1785818159.486578532] [sensing.lidar.concatenate_data]: transformed_raw_points[/sensing/lidar/right/pointcloud_before_sync] is nullptr, skipping pointcloud publish.
[component_container_mt-1] [WARN] [1785818159.486626127] [sensing.lidar.concatenate_data]: transformed_raw_points[/sensing/lidar/left/pointcloud_before_sync] is nullptr, skipping pointcloud publish.
[autoware_ndt_scan_matcher_node-24] [INFO] [1785818159.487106650] [localization.pose_estimator.ndt_scan_matcher]: Mismatch between pose timestamp and current timestamp
[component_container_mt-1] [WARN] [1785818159.586756516] [sensing.lidar.concatenate_data]: transformed_raw_points[/sensing/lidar/right/pointcloud_before_sync] is nullptr, skipping pointcloud publish.
[component_container_mt-1] [WARN] [1785818159.586795986] [sensing.lidar.concatenate_data]: transformed_raw_points[/sensing/lidar/left/pointcloud_before_sync] is nullptr, skipping pointcloud publish.
[autoware_ndt_scan_matcher_node-24] [INFO] [1785818159.587737760] [localization.pose_estimator.ndt_scan_matcher]: Mismatch between pose timestamp and current timestamp
[component_container_mt-1] [WARN] [1785818159.686108521] [sensing.lidar.concatenate_data]: transformed_raw_points[/sensing/lidar/right/pointcloud_before_sync] is nullptr, skipping pointcloud publish.
[component_container_mt-1] [WARN] [1785818159.686157899] [sensing.lidar.concatenate_data]: transformed_raw_points[/sensing/lidar/left/pointcloud_before_sync] is nullptr, skipping pointcloud publish.
[autoware_ndt_scan_matcher_node-24] [INFO] [1785818159.686850133] [localization.pose_estimator.ndt_scan_matcher]: Mismatch between pose timestamp and current timestamp
[component_container_mt-1] [WARN] [1785818159.694293554] [localization.util.crop_box_filter_measurement_range]: Invalid PointCloud: row_step mismatch. Expected: 100784 (width 6299 * point_step 16), Got: 0. Frame: 'base_link', Stamp: 29.508997183 Please fill in the `cloud->row_step` field accordingly. This will be an ERROR starting in 2026 July
[component_container_mt-1] [WARN] [1785818159.786456410] [sensing.lidar.concatenate_data]: transformed_raw_points[/sensing/lidar/right/pointcloud_before_sync] is nullptr, skipping pointcloud publish.
[component_container_mt-1] [WARN] [1785818159.786504894] [sensing.lidar.concatenate_data]: transformed_raw_points[/sensing/lidar/left/pointcloud_before_sync] is nullptr, skipping pointcloud publish.
[autoware_ndt_scan_matcher_node-24] [INFO] [1785818159.787669037] [localization.pose_estimator.ndt_scan_matcher]: Mismatch between pose timestamp and current timestamp
[component_container_mt-1] [WARN] [1785818159.886307565] [sensing.lidar.concatenate_data]: transformed_raw_points[/sensing/lidar/right/pointcloud_before_sync] is nullptr, skipping pointcloud publish.
[component_container_mt-1] [WARN] [1785818159.886356774] [sensing.lidar.concatenate_data]: transformed_raw_points[/sensing/lidar/left/pointcloud_before_sync] is nullptr, skipping pointcloud publish.
[autoware_ndt_scan_matcher_node-24] [INFO] [1785818159.886986351] [localization.pose_estimator.ndt_scan_matcher]: Mismatch between pose timestamp and current timestamp
[component_container_mt-1] [WARN] [1785818159.986154451] [sensing.lidar.concatenate_data]: transformed_raw_points[/sensing/lidar/right/pointcloud_before_sync] is nullptr, skipping pointcloud publish.
[component_container_mt-1] [WARN] [1785818159.986199819] [sensing.lidar.concatenate_data]: transformed_raw_points[/sensing/lidar/left/pointcloud_before_sync] is nullptr, skipping pointcloud publish.
[autoware_ndt_scan_matcher_node-24] [INFO] [1785818159.986660385] [localization.pose_estimator.ndt_scan_matcher]: Mismatch between pose timestamp and current timestamp
[component_container-7] [INFO] [1785818159.986702668] [system.topic_state_monitor_obstacle_segmentation_pointcloud]: /perception/obstacle_segmentation/pointcloud has not received. Set ERROR in diagnostics.
[component_container_mt-1] [WARN] [1785818160.086054675] [sensing.lidar.concatenate_data]: transformed_raw_points[/sensing/lidar/right/pointcloud_before_sync] is nullptr, skipping pointcloud publish.
[component_container_mt-1] [WARN] [1785818160.086105358] [sensing.lidar.concatenate_data]: transformed_raw_points[/sensing/lidar/left/pointcloud_before_sync] is nullptr, skipping pointcloud publish.
[autoware_ndt_scan_matcher_node-24] [INFO] [1785818160.086593107] [localization.pose_estimator.ndt_scan_matcher]: Mismatch between pose timestamp and current timestamp
[component_container_mt-1] [WARN] [1785818160.186452296] [sensing.lidar.concatenate_data]: transformed_raw_points[/sensing/lidar/right/pointcloud_before_sync] is nullptr, skipping pointcloud publish.
[component_container_mt-1] [WARN] [1785818160.186496821] [sensing.lidar.concatenate_data]: transformed_raw_points[/sensing/lidar/left/pointcloud_before_sync] is nullptr, skipping pointcloud publish.
[autoware_ndt_scan_matcher_node-24] [INFO] [1785818160.187178567] [localization.pose_estimator.ndt_scan_matcher]: Mismatch between pose timestamp and current timestamp
[autoware_mrm_handler_node-13] [INFO] [1785818160.285901632] [system.mrm_handler]: MRM State changed: NORMAL -> MRM_OPERATING
[autoware_mrm_handler_node-13] [WARN] [1785818160.286233235] [system.mrm_handler]: EMERGENCY_STOP is operated.
[component_container_mt-1] [WARN] [1785818160.286134152] [sensing.lidar.concatenate_data]: transformed_raw_points[/sensing/lidar/right/pointcloud_before_sync] is nullptr, skipping pointcloud publish.
[component_container_mt-1] [WARN] [1785818160.286289277] [sensing.lidar.concatenate_data]: transformed_raw_points[/sensing/lidar/left/pointcloud_before_sync] is nullptr, skipping pointcloud publish.
[component_container_mt-47] [INFO] [1785818160.286292561] [control.trajectory_follower.controller_node_exe]: Waiting for trajectory data
[component_container_mt-47] [INFO] [1785818160.286338425] [control.trajectory_follower.controller_node_exe]: Control is skipped since input data is not ready.
[autoware_ndt_scan_matcher_node-24] [INFO] [1785818160.286715323] [localization.pose_estimator.ndt_scan_matcher]: Mismatch between pose timestamp and current timestamp
[component_container_mt-47] [WARN] [1785818160.336909167] [control.vehicle_cmd_gate]: Emergency!
[logging_node-14] [WARN] [1785818160.385988286] [logging_diag_graph]: The target mode is not available for the following reasons:
[logging_node-14] - /autoware/modes/autonomous ERROR
[logging_node-14]     - /autoware/planning ERROR
[logging_node-14]         - /autoware/planning/routing/state ERROR
[logging_node-14]         - [anonymous group] ERROR
[logging_node-14]             - /autoware/planning/topic_rate_check/route ERROR
[logging_node-14]             - /autoware/planning/topic_rate_check/trajectory ERROR
[logging_node-14]     - /autoware/perception ERROR
[logging_node-14]         - /autoware/perception/topic_rate_check/objects ERROR
[logging_node-14]         - /autoware/perception/topic_rate_check/pointcloud ERROR
[logging_node-14]     - /autoware/control ERROR
[logging_node-14]         - /autoware/control/topic_rate_check/trajectory_follower ERROR
[logging_node-14]         - /autoware/control/topic_rate_check/control_command WARN 
[logging_node-14] 
[autoware_mrm_handler_node-13] [INFO] [1785818160.386019229] [system.mrm_handler]: MRM State changed: MRM_OPERATING -> NORMAL
[autoware_mrm_handler_node-13] [WARN] [1785818160.386302927] [system.mrm_handler]: EMERGENCY_STOP is canceled.
[component_container_mt-1] [WARN] [1785818160.386275442] [sensing.lidar.concatenate_data]: transformed_raw_points[/sensing/lidar/right/pointcloud_before_sync] is nullptr, skipping pointcloud publish.
[component_container_mt-1] [WARN] [1785818160.386313567] [sensing.lidar.concatenate_data]: transformed_raw_points[/sensing/lidar/left/pointcloud_before_sync] is nullptr, skipping pointcloud publish.
[autoware_ndt_scan_matcher_node-24] [INFO] [1785818160.386737729] [localization.pose_estimator.ndt_scan_matcher]: Mismatch between pose timestamp and current timestamp
[component_container_mt-1] [WARN] [1785818160.486325669] [sensing.lidar.concatenate_data]: transformed_raw_points[/sensing/lidar/right/pointcloud_before_sync] is nullptr, skipping pointcloud publish.
[component_container_mt-1] [WARN] [1785818160.486370806] [sensing.lidar.concatenate_data]: transformed_raw_points[/sensing/lidar/left/pointcloud_before_sync] is nullptr, skipping pointcloud publish.
[autoware_ndt_scan_matcher_node-24] [INFO] [1785818160.486865997] [localization.pose_estimator.ndt_scan_matcher]: Mismatch between pose timestamp and current timestamp
[component_container_mt-1] [WARN] [1785818160.586519212] [sensing.lidar.concatenate_data]: transformed_raw_points[/sensing/lidar/right/pointcloud_before_sync] is nullptr, skipping pointcloud publish.
[component_container_mt-1] [WARN] [1785818160.586561628] [sensing.lidar.concatenate_data]: transformed_raw_points[/sensing/lidar/left/pointcloud_before_sync] is nullptr, skipping pointcloud publish.
[autoware_ndt_scan_matcher_node-24] [INFO] [1785818160.587123490] [localization.pose_estimator.ndt_scan_matcher]: Mismatch between pose timestamp and current timestamp
[component_container-18] [WARN] [1785818160.593031648] [sensing.lidar.top.crop_box_filter_self]: Invalid PointCloud: is_dense is false. The point cloud should be organized (dense) and contain only valid points. This will be an ERROR starting in 2026 JulyFrame: 'velodyne_top', Stamp: 30.408997197
[component_container_mt-1] [WARN] [1785818160.686311151] [sensing.lidar.concatenate_data]: transformed_raw_points[/sensing/lidar/right/pointcloud_before_sync] is nullptr, skipping pointcloud publish.
[component_container_mt-1] [WARN] [1785818160.686354488] [sensing.lidar.concatenate_data]: transformed_raw_points[/sensing/lidar/left/pointcloud_before_sync] is nullptr, skipping pointcloud publish.
[autoware_ndt_scan_matcher_node-24] [INFO] [1785818160.687207899] [localization.pose_estimator.ndt_scan_matcher]: Mismatch between pose timestamp and current timestamp
[component_container_mt-1] [WARN] [1785818160.786202612] [sensing.lidar.concatenate_data]: transformed_raw_points[/sensing/lidar/right/pointcloud_before_sync] is nullptr, skipping pointcloud publish.
[component_container_mt-1] [WARN] [1785818160.786254175] [sensing.lidar.concatenate_data]: transformed_raw_points[/sensing/lidar/left/pointcloud_before_sync] is nullptr, skipping pointcloud publish.
[autoware_ndt_scan_matcher_node-24] [INFO] [1785818160.786795451] [localization.pose_estimator.ndt_scan_matcher]: Mismatch between pose timestamp and current timestamp
[component_container_mt-48] [INFO] [1785818160.885830640] [control.autonomous_emergency_braking]: [AEB] waiting for object pointcloud message
[component_container_mt-1] [WARN] [1785818160.886075018] [sensing.lidar.concatenate_data]: transformed_raw_points[/sensing/lidar/right/pointcloud_before_sync] is nullptr, skipping pointcloud publish.
[component_container_mt-1] [WARN] [1785818160.886113450] [sensing.lidar.concatenate_data]: transformed_raw_points[/sensing/lidar/left/pointcloud_before_sync] is nullptr, skipping pointcloud publish.
[autoware_ndt_scan_matcher_node-24] [INFO] [1785818160.886780105] [localization.pose_estimator.ndt_scan_matcher]: Mismatch between pose timestamp and current timestamp
[component_container_mt-1] [WARN] [1785818160.986502067] [sensing.lidar.concatenate_data]: transformed_raw_points[/sensing/lidar/right/pointcloud_before_sync] is nullptr, skipping pointcloud publish.
[component_container_mt-1] [WARN] [1785818160.986552056] [sensing.lidar.concatenate_data]: transformed_raw_points[/sensing/lidar/left/pointcloud_before_sync] is nullptr, skipping pointcloud publish.
[autoware_ndt_scan_matcher_node-24] [INFO] [1785818160.987125382] [localization.pose_estimator.ndt_scan_matcher]: Mismatch between pose timestamp and current timestamp
[component_container_mt-1] [WARN] [1785818161.086065876] [sensing.lidar.concatenate_data]: transformed_raw_points[/sensing/lidar/right/pointcloud_before_sync] is nullptr, skipping pointcloud publish.
[component_container_mt-1] [WARN] [1785818161.086117886] [sensing.lidar.concatenate_data]: transformed_raw_points[/sensing/lidar/left/pointcloud_before_sync] is nullptr, skipping pointcloud publish.
[autoware_ndt_scan_matcher_node-24] [INFO] [1785818161.086660982] [localization.pose_estimator.ndt_scan_matcher]: Mismatch between pose timestamp and current timestamp
[component_container_mt-1] [WARN] [1785818161.186059408] [sensing.lidar.concatenate_data]: transformed_raw_points[/sensing/lidar/right/pointcloud_before_sync] is nullptr, skipping pointcloud publish.
[component_container_mt-1] [WARN] [1785818161.186105507] [sensing.lidar.concatenate_data]: transformed_raw_points[/sensing/lidar/left/pointcloud_before_sync] is nullptr, skipping pointcloud publish.
[autoware_ndt_scan_matcher_node-24] [INFO] [1785818161.186657587] [localization.pose_estimator.ndt_scan_matcher]: Mismatch between pose timestamp and current timestamp
[component_container_mt-47] [INFO] [1785818161.187296994] [control.vehicle_cmd_gate]: The operation mode is changed, but the GearCommand is not received yet:
[component_container_mt-1] [WARN] [1785818161.286387982] [sensing.lidar.concatenate_data]: transformed_raw_points[/sensing/lidar/right/pointcloud_before_sync] is nullptr, skipping pointcloud publish.
[component_container_mt-1] [WARN] [1785818161.286431886] [sensing.lidar.concatenate_data]: transformed_raw_points[/sensing/lidar/left/pointcloud_before_sync] is nullptr, skipping pointcloud publish.
[autoware_ndt_scan_matcher_node-24] [INFO] [1785818161.286919050] [localization.pose_estimator.ndt_scan_matcher]: Mismatch between pose timestamp and current timestamp
[component_container_mt-40] [INFO] [1785818161.336691380] [planning.scenario_planning.lane_driving.behavior_planning.behavior_path_planner]: waiting for scenario_topic
[component_container_mt-1] [WARN] [1785818161.386470192] [sensing.lidar.concatenate_data]: transformed_raw_points[/sensing/lidar/right/pointcloud_before_sync] is nullptr, skipping pointcloud publish.
[component_container_mt-1] [WARN] [1785818161.386515484] [sensing.lidar.concatenate_data]: transformed_raw_points[/sensing/lidar/left/pointcloud_before_sync] is nullptr, skipping pointcloud publish.
[autoware_ndt_scan_matcher_node-24] [INFO] [1785818161.387032034] [localization.pose_estimator.ndt_scan_matcher]: Mismatch between pose timestamp and current timestamp
[component_container_mt-1] [WARN] [1785818161.486078805] [sensing.lidar.concatenate_data]: transformed_raw_points[/sensing/lidar/right/pointcloud_before_sync] is nullptr, skipping pointcloud publish.
[component_container_mt-1] [WARN] [1785818161.486125698] [sensing.lidar.concatenate_data]: transformed_raw_points[/sensing/lidar/left/pointcloud_before_sync] is nullptr, skipping pointcloud publish.
[autoware_ndt_scan_matcher_node-24] [INFO] [1785818161.486700008] [localization.pose_estimator.ndt_scan_matcher]: Mismatch between pose timestamp and current timestamp
[component_container_mt-1] [WARN] [1785818161.586042043] [sensing.lidar.concatenate_data]: transformed_raw_points[/sensing/lidar/right/pointcloud_before_sync] is nullptr, skipping pointcloud publish.
[component_container_mt-1] [WARN] [1785818161.586097864] [sensing.lidar.concatenate_data]: transformed_raw_points[/sensing/lidar/left/pointcloud_before_sync] is nullptr, skipping pointcloud publish.
[autoware_ndt_scan_matcher_node-24] [INFO] [1785818161.586960282] [localization.pose_estimator.ndt_scan_matcher]: Mismatch between pose timestamp and current timestamp
[component_container_mt-1] [WARN] [1785818161.686249733] [sensing.lidar.concatenate_data]: transformed_raw_points[/sensing/lidar/right/pointcloud_before_sync] is nullptr, skipping pointcloud publish.
[component_container_mt-1] [WARN] [1785818161.686292806] [sensing.lidar.concatenate_data]: transformed_raw_points[/sensing/lidar/left/pointcloud_before_sync] is nullptr, skipping pointcloud publish.
[autoware_ndt_scan_matcher_node-24] [INFO] [1785818161.686897635] [localization.pose_estimator.ndt_scan_matcher]: Mismatch between pose timestamp and current timestamp
[component_container_mt-1] [WARN] [1785818161.786762480] [sensing.lidar.concatenate_data]: transformed_raw_points[/sensing/lidar/right/pointcloud_before_sync] is nullptr, skipping pointcloud publish.
[component_container_mt-1] [WARN] [1785818161.786802040] [sensing.lidar.concatenate_data]: transformed_raw_points[/sensing/lidar/left/pointcloud_before_sync] is nullptr, skipping pointcloud publish.
[autoware_ndt_scan_matcher_node-24] [INFO] [1785818161.787278528] [localization.pose_estimator.ndt_scan_matcher]: Mismatch between pose timestamp and current timestamp
[component_container_mt-1] [WARN] [1785818161.886291639] [sensing.lidar.concatenate_data]: transformed_raw_points[/sensing/lidar/right/pointcloud_before_sync] is nullptr, skipping pointcloud publish.
[component_container_mt-1] [WARN] [1785818161.886350558] [sensing.lidar.concatenate_data]: transformed_raw_points[/sensing/lidar/left/pointcloud_before_sync] is nullptr, skipping pointcloud publish.
[autoware_ndt_scan_matcher_node-24] [INFO] [1785818161.887293249] [localization.pose_estimator.ndt_scan_matcher]: Mismatch between pose timestamp and current timestamp
[component_container_mt-1] [WARN] [1785818161.986218388] [sensing.lidar.concatenate_data]: transformed_raw_points[/sensing/lidar/right/pointcloud_before_sync] is nullptr, skipping pointcloud publish.
[component_container_mt-1] [WARN] [1785818161.986266609] [sensing.lidar.concatenate_data]: transformed_raw_points[/sensing/lidar/left/pointcloud_before_sync] is nullptr, skipping pointcloud publish.
[autoware_ndt_scan_matcher_node-24] [INFO] [1785818161.986769950] [localization.pose_estimator.ndt_scan_matcher]: Mismatch between pose timestamp and current timestamp
[component_container_mt-1] [WARN] [1785818162.086292276] [sensing.lidar.concatenate_data]: transformed_raw_points[/sensing/lidar/right/pointcloud_before_sync] is nullptr, skipping pointcloud publish.
[component_container_mt-1] [WARN] [1785818162.086341765] [sensing.lidar.concatenate_data]: transformed_raw_points[/sensing/lidar/left/pointcloud_before_sync] is nullptr, skipping pointcloud publish.
[component_container-7] [WARN] [1785818162.086496110] [system.topic_state_monitor_control_command_control_cmd]: /control/command/control_cmd topic is timeout. Set ERROR in diagnostics.
[autoware_ndt_scan_matcher_node-24] [INFO] [1785818162.086799690] [localization.pose_estimator.ndt_scan_matcher]: Mismatch between pose timestamp and current timestamp
[component_container_mt-1] [WARN] [1785818162.186368206] [sensing.lidar.concatenate_data]: transformed_raw_points[/sensing/lidar/right/pointcloud_before_sync] is nullptr, skipping pointcloud publish.
[component_container_mt-1] [WARN] [1785818162.186437883] [sensing.lidar.concatenate_data]: transformed_raw_points[/sensing/lidar/left/pointcloud_before_sync] is nullptr, skipping pointcloud publish.
[autoware_ndt_scan_matcher_node-24] [INFO] [1785818162.187042047] [localization.pose_estimator.ndt_scan_matcher]: Mismatch between pose timestamp and current timestamp
[component_container_mt-1] [WARN] [1785818162.286391989] [sensing.lidar.concatenate_data]: transformed_raw_points[/sensing/lidar/right/pointcloud_before_sync] is nullptr, skipping pointcloud publish.
[component_container_mt-1] [WARN] [1785818162.286437138] [sensing.lidar.concatenate_data]: transformed_raw_points[/sensing/lidar/left/pointcloud_before_sync] is nullptr, skipping pointcloud publish.
[autoware_mrm_handler_node-13] [INFO] [1785818162.286580665] [system.mrm_handler]: MRM State changed: NORMAL -> MRM_OPERATING
[autoware_mrm_handler_node-13] [WARN] [1785818162.286917389] [system.mrm_handler]: EMERGENCY_STOP is operated.
[autoware_ndt_scan_matcher_node-24] [INFO] [1785818162.287527779] [localization.pose_estimator.ndt_scan_matcher]: Mismatch between pose timestamp and current timestamp
[component_container_mt-47] [WARN] [1785818162.287940470] [control.vehicle_cmd_gate]: Emergency!
[component_container_mt-48] [INFO] [1785818162.288062748] [control.control_validator]: waiting for /planning/trajectory
[autoware_mrm_handler_node-13] [INFO] [1785818162.385926843] [system.mrm_handler]: MRM State changed: MRM_OPERATING -> NORMAL
[component_container_mt-1] [WARN] [1785818162.386242101] [sensing.lidar.concatenate_data]: transformed_raw_points[/sensing/lidar/right/pointcloud_before_sync] is nullptr, skipping pointcloud publish.
[component_container_mt-1] [WARN] [1785818162.386279816] [sensing.lidar.concatenate_data]: transformed_raw_points[/sensing/lidar/left/pointcloud_before_sync] is nullptr, skipping pointcloud publish.
[autoware_mrm_handler_node-13] [WARN] [1785818162.386612097] [system.mrm_handler]: EMERGENCY_STOP is canceled.
[autoware_ndt_scan_matcher_node-24] [INFO] [1785818162.386827575] [localization.pose_estimator.ndt_scan_matcher]: Mismatch between pose timestamp and current timestamp
[component_container_mt-1] [WARN] [1785818162.486499871] [sensing.lidar.concatenate_data]: transformed_raw_points[/sensing/lidar/right/pointcloud_before_sync] is nullptr, skipping pointcloud publish.
[component_container_mt-1] [WARN] [1785818162.486549210] [sensing.lidar.concatenate_data]: transformed_raw_points[/sensing/lidar/left/pointcloud_before_sync] is nullptr, skipping pointcloud publish.
[autoware_ndt_scan_matcher_node-24] [INFO] [1785818162.487832966] [localization.pose_estimator.ndt_scan_matcher]: Mismatch between pose timestamp and current timestamp
[component_container_mt-1] [WARN] [1785818162.586407312] [sensing.lidar.concatenate_data]: transformed_raw_points[/sensing/lidar/right/pointcloud_before_sync] is nullptr, skipping pointcloud publish.
[component_container_mt-1] [WARN] [1785818162.586456730] [sensing.lidar.concatenate_data]: transformed_raw_points[/sensing/lidar/left/pointcloud_before_sync] is nullptr, skipping pointcloud publish.
[autoware_ndt_scan_matcher_node-24] [INFO] [1785818162.587321213] [localization.pose_estimator.ndt_scan_matcher]: Mismatch between pose timestamp and current timestamp
[component_container_mt-1] [WARN] [1785818162.686963135] [sensing.lidar.concatenate_data]: transformed_raw_points[/sensing/lidar/right/pointcloud_before_sync] is nullptr, skipping pointcloud publish.
[component_container_mt-1] [WARN] [1785818162.687009361] [sensing.lidar.concatenate_data]: transformed_raw_points[/sensing/lidar/left/pointcloud_before_sync] is nullptr, skipping pointcloud publish.
[autoware_ndt_scan_matcher_node-24] [INFO] [1785818162.687521608] [localization.pose_estimator.ndt_scan_matcher]: Mismatch between pose timestamp and current timestamp
[component_container_mt-1] [WARN] [1785818162.785963640] [sensing.lidar.concatenate_data]: transformed_raw_points[/sensing/lidar/right/pointcloud_before_sync] is nullptr, skipping pointcloud publish.
[component_container_mt-1] [WARN] [1785818162.786011848] [sensing.lidar.concatenate_data]: transformed_raw_points[/sensing/lidar/left/pointcloud_before_sync] is nullptr, skipping pointcloud publish.
[autoware_ndt_scan_matcher_node-24] [INFO] [1785818162.786917086] [localization.pose_estimator.ndt_scan_matcher]: Mismatch between pose timestamp and current timestamp
[component_container_mt-1] [WARN] [1785818162.886167498] [sensing.lidar.concatenate_data]: transformed_raw_points[/sensing/lidar/right/pointcloud_before_sync] is nullptr, skipping pointcloud publish.
[component_container_mt-1] [WARN] [1785818162.886216975] [sensing.lidar.concatenate_data]: transformed_raw_points[/sensing/lidar/left/pointcloud_before_sync] is nullptr, skipping pointcloud publish.
[autoware_ndt_scan_matcher_node-24] [INFO] [1785818162.886858631] [localization.pose_estimator.ndt_scan_matcher]: Mismatch between pose timestamp and current timestamp
[component_container_mt-50] [INFO] [1785818162.985915439] [adapi.node.autoware_state]: AutowareState: Initializing => WaitingForRoute
[component_container-7] [INFO] [1785818162.986425254] [system.topic_state_monitor_mission_planning_route]: /planning/mission_planning/route has not received. Set ERROR in diagnostics.
[component_container_mt-1] [WARN] [1785818162.986471642] [sensing.lidar.concatenate_data]: transformed_raw_points[/sensing/lidar/right/pointcloud_before_sync] is nullptr, skipping pointcloud publish.
[component_container_mt-1] [WARN] [1785818162.986511457] [sensing.lidar.concatenate_data]: transformed_raw_points[/sensing/lidar/left/pointcloud_before_sync] is nullptr, skipping pointcloud publish.
[autoware_ndt_scan_matcher_node-24] [INFO] [1785818162.987047466] [localization.pose_estimator.ndt_scan_matcher]: Mismatch between pose timestamp and current timestamp
[component_container_mt-1] [WARN] [1785818163.086274278] [sensing.lidar.concatenate_data]: transformed_raw_points[/sensing/lidar/right/pointcloud_before_sync] is nullptr, skipping pointcloud publish.
[component_container_mt-1] [WARN] [1785818163.086322227] [sensing.lidar.concatenate_data]: transformed_raw_points[/sensing/lidar/left/pointcloud_before_sync] is nullptr, skipping pointcloud publish.
[autoware_ndt_scan_matcher_node-24] [INFO] [1785818163.086907109] [localization.pose_estimator.ndt_scan_matcher]: Mismatch between pose timestamp and current timestamp
[component_container_mt-1] [WARN] [1785818163.186441437] [sensing.lidar.concatenate_data]: transformed_raw_points[/sensing/lidar/right/pointcloud_before_sync] is nullptr, skipping pointcloud publish.
[component_container_mt-1] [WARN] [1785818163.186489080] [sensing.lidar.concatenate_data]: transformed_raw_points[/sensing/lidar/left/pointcloud_before_sync] is nullptr, skipping pointcloud publish.
[autoware_ndt_scan_matcher_node-24] [INFO] [1785818163.187037499] [localization.pose_estimator.ndt_scan_matcher]: Mismatch between pose timestamp and current timestamp
[autoware_mrm_handler_node-13] [INFO] [1785818163.286188859] [system.mrm_handler]: MRM State changed: NORMAL -> MRM_OPERATING
[autoware_mrm_handler_node-13] [WARN] [1785818163.286433042] [system.mrm_handler]: EMERGENCY_STOP is operated.
[component_container_mt-1] [WARN] [1785818163.287280533] [sensing.lidar.concatenate_data]: transformed_raw_points[/sensing/lidar/right/pointcloud_before_sync] is nullptr, skipping pointcloud publish.
[component_container_mt-1] [WARN] [1785818163.287316653] [sensing.lidar.concatenate_data]: transformed_raw_points[/sensing/lidar/left/pointcloud_before_sync] is nullptr, skipping pointcloud publish.
[component_container_mt-47] [WARN] [1785818163.287666747] [control.vehicle_cmd_gate]: Emergency!
[autoware_ndt_scan_matcher_node-24] [INFO] [1785818163.287924715] [localization.pose_estimator.ndt_scan_matcher]: Mismatch between pose timestamp and current timestamp
[component_container_mt-1] [WARN] [1785818163.386360521] [sensing.lidar.concatenate_data]: transformed_raw_points[/sensing/lidar/right/pointcloud_before_sync] is nullptr, skipping pointcloud publish.
[component_container_mt-1] [WARN] [1785818163.386408598] [sensing.lidar.concatenate_data]: transformed_raw_points[/sensing/lidar/left/pointcloud_before_sync] is nullptr, skipping pointcloud publish.
[autoware_ndt_scan_matcher_node-24] [INFO] [1785818163.387108738] [localization.pose_estimator.ndt_scan_matcher]: Mismatch between pose timestamp and current timestamp
[autoware_mrm_handler_node-13] [INFO] [1785818163.387550580] [system.mrm_handler]: MRM State changed: MRM_OPERATING -> NORMAL
[logging_node-14] [WARN] [1785818163.387583316] [logging_diag_graph]: The target mode is not available for the following reasons:
[logging_node-14] - /autoware/modes/autonomous ERROR
[logging_node-14]     - /autoware/planning ERROR
[logging_node-14]         - /autoware/planning/routing/state ERROR
[logging_node-14]         - [anonymous group] ERROR
[logging_node-14]             - /autoware/planning/topic_rate_check/route ERROR
[logging_node-14]             - /autoware/planning/topic_rate_check/trajectory ERROR
[logging_node-14]             - /autoware/planning/trajectory_validation ERROR
[logging_node-14]     - /autoware/control ERROR
[logging_node-14]         - /autoware/control/topic_rate_check/trajectory_follower ERROR
[logging_node-14]         - /autoware/control/topic_rate_check/control_command WARN 
[logging_node-14] 
[autoware_mrm_handler_node-13] [WARN] [1785818163.387809481] [system.mrm_handler]: EMERGENCY_STOP is canceled.
[component_container_mt-1] [WARN] [1785818163.486608526] [sensing.lidar.concatenate_data]: transformed_raw_points[/sensing/lidar/right/pointcloud_before_sync] is nullptr, skipping pointcloud publish.
[component_container_mt-1] [WARN] [1785818163.486657248] [sensing.lidar.concatenate_data]: transformed_raw_points[/sensing/lidar/left/pointcloud_before_sync] is nullptr, skipping pointcloud publish.
[autoware_ndt_scan_matcher_node-24] [INFO] [1785818163.487321364] [localization.pose_estimator.ndt_scan_matcher]: Mismatch between pose timestamp and current timestamp
[component_container_mt-1] [WARN] [1785818163.586335011] [sensing.lidar.concatenate_data]: transformed_raw_points[/sensing/lidar/right/pointcloud_before_sync] is nullptr, skipping pointcloud publish.
[component_container_mt-1] [WARN] [1785818163.586379439] [sensing.lidar.concatenate_data]: transformed_raw_points[/sensing/lidar/left/pointcloud_before_sync] is nullptr, skipping pointcloud publish.
[autoware_ndt_scan_matcher_node-24] [INFO] [1785818163.586933381] [localization.pose_estimator.ndt_scan_matcher]: Mismatch between pose timestamp and current timestamp
[component_container_mt-1] [WARN] [1785818163.686412939] [sensing.lidar.concatenate_data]: transformed_raw_points[/sensing/lidar/right/pointcloud_before_sync] is nullptr, skipping pointcloud publish.
[component_container_mt-1] [WARN] [1785818163.686464735] [sensing.lidar.concatenate_data]: transformed_raw_points[/sensing/lidar/left/pointcloud_before_sync] is nullptr, skipping pointcloud publish.
[autoware_ndt_scan_matcher_node-24] [INFO] [1785818163.687799930] [localization.pose_estimator.ndt_scan_matcher]: Mismatch between pose timestamp and current timestamp
[component_container_mt-1] [WARN] [1785818163.786521713] [sensing.lidar.concatenate_data]: transformed_raw_points[/sensing/lidar/right/pointcloud_before_sync] is nullptr, skipping pointcloud publish.
[component_container_mt-1] [WARN] [1785818163.786567359] [sensing.lidar.concatenate_data]: transformed_raw_points[/sensing/lidar/left/pointcloud_before_sync] is nullptr, skipping pointcloud publish.
[autoware_ndt_scan_matcher_node-24] [INFO] [1785818163.787153322] [localization.pose_estimator.ndt_scan_matcher]: Mismatch between pose timestamp and current timestamp
[component_container_mt-1] [WARN] [1785818163.886300388] [sensing.lidar.concatenate_data]: transformed_raw_points[/sensing/lidar/right/pointcloud_before_sync] is nullptr, skipping pointcloud publish.
[component_container_mt-1] [WARN] [1785818163.886347721] [sensing.lidar.concatenate_data]: transformed_raw_points[/sensing/lidar/left/pointcloud_before_sync] is nullptr, skipping pointcloud publish.
[autoware_ndt_scan_matcher_node-24] [INFO] [1785818163.886949827] [localization.pose_estimator.ndt_scan_matcher]: Mismatch between pose timestamp and current timestamp
[component_container_mt-1] [WARN] [1785818163.986252698] [sensing.lidar.concatenate_data]: transformed_raw_points[/sensing/lidar/right/pointcloud_before_sync] is nullptr, skipping pointcloud publish.
[component_container_mt-1] [WARN] [1785818163.986302029] [sensing.lidar.concatenate_data]: transformed_raw_points[/sensing/lidar/left/pointcloud_before_sync] is nullptr, skipping pointcloud publish.
[autoware_ndt_scan_matcher_node-24] [INFO] [1785818163.986715429] [localization.pose_estimator.ndt_scan_matcher]: Mismatch between pose timestamp and current timestamp
[component_container_mt-1] [WARN] [1785818164.086835435] [sensing.lidar.concatenate_data]: transformed_raw_points[/sensing/lidar/right/pointcloud_before_sync] is nullptr, skipping pointcloud publish.
[component_container_mt-1] [WARN] [1785818164.086886630] [sensing.lidar.concatenate_data]: transformed_raw_points[/sensing/lidar/left/pointcloud_before_sync] is nullptr, skipping pointcloud publish.
[autoware_ndt_scan_matcher_node-24] [INFO] [1785818164.087517932] [localization.pose_estimator.ndt_scan_matcher]: Mismatch between pose timestamp and current timestamp
[component_container_mt-48] [INFO] [1785818164.186153826] [control.trajectory_follower.lane_departure_checker_node]: waiting for route msg...
[component_container_mt-1] [WARN] [1785818164.186404684] [sensing.lidar.concatenate_data]: transformed_raw_points[/sensing/lidar/right/pointcloud_before_sync] is nullptr, skipping pointcloud publish.
[component_container_mt-1] [WARN] [1785818164.186440611] [sensing.lidar.concatenate_data]: transformed_raw_points[/sensing/lidar/left/pointcloud_before_sync] is nullptr, skipping pointcloud publish.
[autoware_scenario_selector_node-36] [INFO] [1785818164.186559793] [planning.scenario_planning.scenario_selector]: Waiting for route.
[autoware_ndt_scan_matcher_node-24] [INFO] [1785818164.186972129] [localization.pose_estimator.ndt_scan_matcher]: Mismatch between pose timestamp and current timestamp
[autoware_mrm_handler_node-13] [INFO] [1785818164.286029639] [system.mrm_handler]: MRM State changed: NORMAL -> MRM_OPERATING
[autoware_mrm_handler_node-13] [WARN] [1785818164.287054771] [system.mrm_handler]: EMERGENCY_STOP is operated.
[component_container_mt-47] [WARN] [1785818164.288043963] [control.vehicle_cmd_gate]: Emergency!
[component_container_mt-1] [WARN] [1785818164.288810046] [sensing.lidar.concatenate_data]: transformed_raw_points[/sensing/lidar/right/pointcloud_before_sync] is nullptr, skipping pointcloud publish.
[component_container_mt-1] [WARN] [1785818164.288843584] [sensing.lidar.concatenate_data]: transformed_raw_points[/sensing/lidar/left/pointcloud_before_sync] is nullptr, skipping pointcloud publish.
[autoware_ndt_scan_matcher_node-24] [INFO] [1785818164.289487752] [localization.pose_estimator.ndt_scan_matcher]: Mismatch between pose timestamp and current timestamp
[autoware_mrm_handler_node-13] [INFO] [1785818164.386800269] [system.mrm_handler]: MRM State changed: MRM_OPERATING -> NORMAL
[component_container_mt-1] [WARN] [1785818164.386854534] [sensing.lidar.concatenate_data]: transformed_raw_points[/sensing/lidar/right/pointcloud_before_sync] is nullptr, skipping pointcloud publish.
[component_container_mt-1] [WARN] [1785818164.386894887] [sensing.lidar.concatenate_data]: transformed_raw_points[/sensing/lidar/left/pointcloud_before_sync] is nullptr, skipping pointcloud publish.
[autoware_mrm_handler_node-13] [WARN] [1785818164.386960015] [system.mrm_handler]: EMERGENCY_STOP is canceled.
[autoware_ndt_scan_matcher_node-24] [INFO] [1785818164.387383839] [localization.pose_estimator.ndt_scan_matcher]: Mismatch between pose timestamp and current timestamp
[component_container_mt-1] [WARN] [1785818164.485984175] [sensing.lidar.concatenate_data]: transformed_raw_points[/sensing/lidar/right/pointcloud_before_sync] is nullptr, skipping pointcloud publish.
[component_container_mt-1] [WARN] [1785818164.486029260] [sensing.lidar.concatenate_data]: transformed_raw_points[/sensing/lidar/left/pointcloud_before_sync] is nullptr, skipping pointcloud publish.
[autoware_ndt_scan_matcher_node-24] [INFO] [1785818164.486788075] [localization.pose_estimator.ndt_scan_matcher]: Mismatch between pose timestamp and current timestamp
[component_container_mt-1] [WARN] [1785818164.586902385] [sensing.lidar.concatenate_data]: transformed_raw_points[/sensing/lidar/right/pointcloud_before_sync] is nullptr, skipping pointcloud publish.
[component_container_mt-1] [WARN] [1785818164.586942626] [sensing.lidar.concatenate_data]: transformed_raw_points[/sensing/lidar/left/pointcloud_before_sync] is nullptr, skipping pointcloud publish.
[autoware_ndt_scan_matcher_node-24] [INFO] [1785818164.587516667] [localization.pose_estimator.ndt_scan_matcher]: Mismatch between pose timestamp and current timestamp
[component_container_mt-1] [WARN] [1785818164.686323085] [sensing.lidar.concatenate_data]: transformed_raw_points[/sensing/lidar/right/pointcloud_before_sync] is nullptr, skipping pointcloud publish.
[component_container_mt-1] [WARN] [1785818164.686372604] [sensing.lidar.concatenate_data]: transformed_raw_points[/sensing/lidar/left/pointcloud_before_sync] is nullptr, skipping pointcloud publish.
[autoware_ndt_scan_matcher_node-24] [INFO] [1785818164.686902541] [localization.pose_estimator.ndt_scan_matcher]: Mismatch between pose timestamp and current timestamp
[component_container_mt-1] [WARN] [1785818164.695215697] [localization.util.crop_box_filter_measurement_range]: Invalid PointCloud: row_step mismatch. Expected: 100320 (width 6270 * point_step 16), Got: 0. Frame: 'base_link', Stamp: 34.508997258 Please fill in the `cloud->row_step` field accordingly. This will be an ERROR starting in 2026 July
[component_container_mt-1] [WARN] [1785818164.786476053] [sensing.lidar.concatenate_data]: transformed_raw_points[/sensing/lidar/right/pointcloud_before_sync] is nullptr, skipping pointcloud publish.
[component_container_mt-1] [WARN] [1785818164.786522758] [sensing.lidar.concatenate_data]: transformed_raw_points[/sensing/lidar/left/pointcloud_before_sync] is nullptr, skipping pointcloud publish.
[autoware_ndt_scan_matcher_node-24] [INFO] [1785818164.787281321] [localization.pose_estimator.ndt_scan_matcher]: Mismatch between pose timestamp and current timestamp
[component_container_mt-1] [WARN] [1785818164.885974953] [sensing.lidar.concatenate_data]: transformed_raw_points[/sensing/lidar/right/pointcloud_before_sync] is nullptr, skipping pointcloud publish.
[component_container_mt-1] [WARN] [1785818164.886023795] [sensing.lidar.concatenate_data]: transformed_raw_points[/sensing/lidar/left/pointcloud_before_sync] is nullptr, skipping pointcloud publish.
[autoware_ndt_scan_matcher_node-24] [INFO] [1785818164.886753245] [localization.pose_estimator.ndt_scan_matcher]: Mismatch between pose timestamp and current timestamp
[component_container_mt-1] [WARN] [1785818164.986194908] [sensing.lidar.concatenate_data]: transformed_raw_points[/sensing/lidar/right/pointcloud_before_sync] is nullptr, skipping pointcloud publish.
[component_container_mt-1] [WARN] [1785818164.986242075] [sensing.lidar.concatenate_data]: transformed_raw_points[/sensing/lidar/left/pointcloud_before_sync] is nullptr, skipping pointcloud publish.
[autoware_ndt_scan_matcher_node-24] [INFO] [1785818164.986915289] [localization.pose_estimator.ndt_scan_matcher]: Mismatch between pose timestamp and current timestamp
[component_container_mt-1] [WARN] [1785818165.086127756] [sensing.lidar.concatenate_data]: transformed_raw_points[/sensing/lidar/right/pointcloud_before_sync] is nullptr, skipping pointcloud publish.
[component_container_mt-1] [WARN] [1785818165.086175300] [sensing.lidar.concatenate_data]: transformed_raw_points[/sensing/lidar/left/pointcloud_before_sync] is nullptr, skipping pointcloud publish.
[component_container-7] [WARN] [1785818165.086648600] [system.topic_state_monitor_control_command_control_cmd]: /control/command/control_cmd topic rate has dropped to the warning level. Set WARN in diagnostics.
[autoware_ndt_scan_matcher_node-24] [INFO] [1785818165.086812920] [localization.pose_estimator.ndt_scan_matcher]: Mismatch between pose timestamp and current timestamp
[component_container_mt-1] [WARN] [1785818165.187583752] [sensing.lidar.concatenate_data]: transformed_raw_points[/sensing/lidar/right/pointcloud_before_sync] is nullptr, skipping pointcloud publish.
[component_container_mt-1] [WARN] [1785818165.187628566] [sensing.lidar.concatenate_data]: transformed_raw_points[/sensing/lidar/left/pointcloud_before_sync] is nullptr, skipping pointcloud publish.
[autoware_ndt_scan_matcher_node-24] [INFO] [1785818165.188788163] [localization.pose_estimator.ndt_scan_matcher]: Mismatch between pose timestamp and current timestamp
[component_container_mt-1] [WARN] [1785818165.286098127] [sensing.lidar.concatenate_data]: transformed_raw_points[/sensing/lidar/right/pointcloud_before_sync] is nullptr, skipping pointcloud publish.
[component_container_mt-1] [WARN] [1785818165.286150308] [sensing.lidar.concatenate_data]: transformed_raw_points[/sensing/lidar/left/pointcloud_before_sync] is nullptr, skipping pointcloud publish.
[component_container_mt-47] [INFO] [1785818165.286106242] [control.trajectory_follower.controller_node_exe]: Waiting for trajectory data
[component_container_mt-47] [INFO] [1785818165.286227530] [control.trajectory_follower.controller_node_exe]: Control is skipped since input data is not ready.
[autoware_mrm_handler_node-13] [INFO] [1785818165.286281728] [system.mrm_handler]: MRM State changed: NORMAL -> MRM_OPERATING
[autoware_mrm_handler_node-13] [WARN] [1785818165.286806277] [system.mrm_handler]: EMERGENCY_STOP is operated.
[autoware_ndt_scan_matcher_node-24] [INFO] [1785818165.286919691] [localization.pose_estimator.ndt_scan_matcher]: Mismatch between pose timestamp and current timestamp
[component_container_mt-47] [WARN] [1785818165.336773548] [control.vehicle_cmd_gate]: Emergency!
[autoware_mrm_handler_node-13] [INFO] [1785818165.385978301] [system.mrm_handler]: MRM State changed: MRM_OPERATING -> NORMAL
[autoware_mrm_handler_node-13] [WARN] [1785818165.386462282] [system.mrm_handler]: EMERGENCY_STOP is canceled.
[component_container_mt-1] [WARN] [1785818165.386493171] [sensing.lidar.concatenate_data]: transformed_raw_points[/sensing/lidar/right/pointcloud_before_sync] is nullptr, skipping pointcloud publish.
[component_container_mt-1] [WARN] [1785818165.386530267] [sensing.lidar.concatenate_data]: transformed_raw_points[/sensing/lidar/left/pointcloud_before_sync] is nullptr, skipping pointcloud publish.
[autoware_ndt_scan_matcher_node-24] [INFO] [1785818165.387949039] [localization.pose_estimator.ndt_scan_matcher]: Mismatch between pose timestamp and current timestamp
[component_container_mt-1] [WARN] [1785818165.486291622] [sensing.lidar.concatenate_data]: transformed_raw_points[/sensing/lidar/right/pointcloud_before_sync] is nullptr, skipping pointcloud publish.
[component_container_mt-1] [WARN] [1785818165.486336934] [sensing.lidar.concatenate_data]: transformed_raw_points[/sensing/lidar/left/pointcloud_before_sync] is nullptr, skipping pointcloud publish.
[autoware_ndt_scan_matcher_node-24] [INFO] [1785818165.486852998] [localization.pose_estimator.ndt_scan_matcher]: Mismatch between pose timestamp and current timestamp
[component_container_mt-1] [WARN] [1785818165.586340042] [sensing.lidar.concatenate_data]: transformed_raw_points[/sensing/lidar/right/pointcloud_before_sync] is nullptr, skipping pointcloud publish.
[component_container_mt-1] [WARN] [1785818165.586388841] [sensing.lidar.concatenate_data]: transformed_raw_points[/sensing/lidar/left/pointcloud_before_sync] is nullptr, skipping pointcloud publish.
[autoware_ndt_scan_matcher_node-24] [INFO] [1785818165.587064728] [localization.pose_estimator.ndt_scan_matcher]: Mismatch between pose timestamp and current timestamp
[component_container-18] [WARN] [1785818165.592934752] [sensing.lidar.top.crop_box_filter_self]: Invalid PointCloud: is_dense is false. The point cloud should be organized (dense) and contain only valid points. This will be an ERROR starting in 2026 JulyFrame: 'velodyne_top', Stamp: 35.408997271
[component_container_mt-1] [WARN] [1785818165.686110267] [sensing.lidar.concatenate_data]: transformed_raw_points[/sensing/lidar/right/pointcloud_before_sync] is nullptr, skipping pointcloud publish.
[component_container_mt-1] [WARN] [1785818165.686191457] [sensing.lidar.concatenate_data]: transformed_raw_points[/sensing/lidar/left/pointcloud_before_sync] is nullptr, skipping pointcloud publish.
[autoware_ndt_scan_matcher_node-24] [INFO] [1785818165.687153753] [localization.pose_estimator.ndt_scan_matcher]: Mismatch between pose timestamp and current timestamp
[component_container_mt-1] [WARN] [1785818165.786240714] [sensing.lidar.concatenate_data]: transformed_raw_points[/sensing/lidar/right/pointcloud_before_sync] is nullptr, skipping pointcloud publish.
[component_container_mt-1] [WARN] [1785818165.786290324] [sensing.lidar.concatenate_data]: transformed_raw_points[/sensing/lidar/left/pointcloud_before_sync] is nullptr, skipping pointcloud publish.
[autoware_ndt_scan_matcher_node-24] [INFO] [1785818165.786946273] [localization.pose_estimator.ndt_scan_matcher]: Mismatch between pose timestamp and current timestamp
[component_container_mt-1] [WARN] [1785818165.886936892] [sensing.lidar.concatenate_data]: transformed_raw_points[/sensing/lidar/right/pointcloud_before_sync] is nullptr, skipping pointcloud publish.
[component_container_mt-1] [WARN] [1785818165.886976764] [sensing.lidar.concatenate_data]: transformed_raw_points[/sensing/lidar/left/pointcloud_before_sync] is nullptr, skipping pointcloud publish.
[autoware_ndt_scan_matcher_node-24] [INFO] [1785818165.887563519] [localization.pose_estimator.ndt_scan_matcher]: Mismatch between pose timestamp and current timestamp
[component_container_mt-1] [WARN] [1785818165.986609358] [sensing.lidar.concatenate_data]: transformed_raw_points[/sensing/lidar/right/pointcloud_before_sync] is nullptr, skipping pointcloud publish.
[component_container_mt-1] [WARN] [1785818165.986655651] [sensing.lidar.concatenate_data]: transformed_raw_points[/sensing/lidar/left/pointcloud_before_sync] is nullptr, skipping pointcloud publish.
[component_container-7] [INFO] [1785818165.986712298] [system.topic_state_monitor_mission_planning_route]: /planning/mission_planning/route has not received. Set ERROR in diagnostics.
[autoware_ndt_scan_matcher_node-24] [INFO] [1785818165.987276755] [localization.pose_estimator.ndt_scan_matcher]: Mismatch between pose timestamp and current timestamp
[component_container_mt-1] [WARN] [1785818166.086578500] [sensing.lidar.concatenate_data]: transformed_raw_points[/sensing/lidar/right/pointcloud_before_sync] is nullptr, skipping pointcloud publish.
[component_container_mt-1] [WARN] [1785818166.086629482] [sensing.lidar.concatenate_data]: transformed_raw_points[/sensing/lidar/left/pointcloud_before_sync] is nullptr, skipping pointcloud publish.
[autoware_ndt_scan_matcher_node-24] [INFO] [1785818166.087085362] [localization.pose_estimator.ndt_scan_matcher]: Mismatch between pose timestamp and current timestamp
[component_container-18] [WARN] [1785818166.093244013] [sensing.lidar.top.distortion_corrector_node]: Twist time_stamp is too late. Could not interpolate.
[component_container_mt-47] [INFO] [1785818166.186574571] [control.vehicle_cmd_gate]: The operation mode is changed, but the GearCommand is not received yet:
[component_container_mt-1] [WARN] [1785818166.187727093] [sensing.lidar.concatenate_data]: transformed_raw_points[/sensing/lidar/right/pointcloud_before_sync] is nullptr, skipping pointcloud publish.
[component_container_mt-1] [WARN] [1785818166.187760261] [sensing.lidar.concatenate_data]: transformed_raw_points[/sensing/lidar/left/pointcloud_before_sync] is nullptr, skipping pointcloud publish.
[autoware_ndt_scan_matcher_node-24] [INFO] [1785818166.188256146] [localization.pose_estimator.ndt_scan_matcher]: Mismatch between pose timestamp and current timestamp
[autoware_mrm_handler_node-13] [INFO] [1785818166.286144542] [system.mrm_handler]: MRM State changed: NORMAL -> MRM_OPERATING
[autoware_mrm_handler_node-13] [WARN] [1785818166.286424884] [system.mrm_handler]: EMERGENCY_STOP is operated.
[component_container_mt-1] [WARN] [1785818166.286613649] [sensing.lidar.concatenate_data]: transformed_raw_points[/sensing/lidar/right/pointcloud_before_sync] is nullptr, skipping pointcloud publish.
[component_container_mt-1] [WARN] [1785818166.286650657] [sensing.lidar.concatenate_data]: transformed_raw_points[/sensing/lidar/left/pointcloud_before_sync] is nullptr, skipping pointcloud publish.
[autoware_ndt_scan_matcher_node-24] [INFO] [1785818166.287162063] [localization.pose_estimator.ndt_scan_matcher]: Mismatch between pose timestamp and current timestamp
[component_container_mt-40] [INFO] [1785818166.336367567] [planning.scenario_planning.lane_driving.behavior_planning.behavior_path_planner]: waiting for scenario_topic
[logging_node-14] [WARN] [1785818166.386165551] [logging_diag_graph]: The target mode is not available for the following reasons:
[logging_node-14] - /autoware/modes/autonomous ERROR
[logging_node-14]     - /autoware/planning ERROR
[logging_node-14]         - /autoware/planning/routing/state ERROR
[logging_node-14]         - [anonymous group] ERROR
[logging_node-14]             - /autoware/planning/topic_rate_check/route ERROR
[logging_node-14]             - /autoware/planning/topic_rate_check/trajectory ERROR
[logging_node-14]     - /autoware/control ERROR
[logging_node-14]         - /autoware/control/topic_rate_check/trajectory_follower ERROR
[logging_node-14]         - /autoware/control/topic_rate_check/control_command WARN 
[logging_node-14] 
[autoware_mrm_handler_node-13] [INFO] [1785818166.386188511] [system.mrm_handler]: MRM State changed: MRM_OPERATING -> NORMAL
[component_container_mt-1] [WARN] [1785818166.386260746] [sensing.lidar.concatenate_data]: transformed_raw_points[/sensing/lidar/right/pointcloud_before_sync] is nullptr, skipping pointcloud publish.
[component_container_mt-1] [WARN] [1785818166.386298202] [sensing.lidar.concatenate_data]: transformed_raw_points[/sensing/lidar/left/pointcloud_before_sync] is nullptr, skipping pointcloud publish.
[component_container_mt-47] [WARN] [1785818166.386751578] [control.vehicle_cmd_gate]: Emergency!
[autoware_ndt_scan_matcher_node-24] [INFO] [1785818166.386839407] [localization.pose_estimator.ndt_scan_matcher]: Mismatch between pose timestamp and current timestamp
[autoware_mrm_handler_node-13] [WARN] [1785818166.387031173] [system.mrm_handler]: EMERGENCY_STOP is canceled.
[component_container_mt-1] [WARN] [1785818166.486526601] [sensing.lidar.concatenate_data]: transformed_raw_points[/sensing/lidar/right/pointcloud_before_sync] is nullptr, skipping pointcloud publish.
[component_container_mt-1] [WARN] [1785818166.486575137] [sensing.lidar.concatenate_data]: transformed_raw_points[/sensing/lidar/left/pointcloud_before_sync] is nullptr, skipping pointcloud publish.
[autoware_ndt_scan_matcher_node-24] [INFO] [1785818166.487098074] [localization.pose_estimator.ndt_scan_matcher]: Mismatch between pose timestamp and current timestamp
[component_container_mt-1] [WARN] [1785818166.586468066] [sensing.lidar.concatenate_data]: transformed_raw_points[/sensing/lidar/right/pointcloud_before_sync] is nullptr, skipping pointcloud publish.
[component_container_mt-1] [WARN] [1785818166.586547478] [sensing.lidar.concatenate_data]: transformed_raw_points[/sensing/lidar/left/pointcloud_before_sync] is nullptr, skipping pointcloud publish.
[autoware_ndt_scan_matcher_node-24] [INFO] [1785818166.587060339] [localization.pose_estimator.ndt_scan_matcher]: Mismatch between pose timestamp and current timestamp
[component_container_mt-1] [WARN] [1785818166.686422819] [sensing.lidar.concatenate_data]: transformed_raw_points[/sensing/lidar/right/pointcloud_before_sync] is nullptr, skipping pointcloud publish.
[component_container_mt-1] [WARN] [1785818166.686472001] [sensing.lidar.concatenate_data]: transformed_raw_points[/sensing/lidar/left/pointcloud_before_sync] is nullptr, skipping pointcloud publish.
[autoware_ndt_scan_matcher_node-24] [INFO] [1785818166.687293789] [localization.pose_estimator.ndt_scan_matcher]: Mismatch between pose timestamp and current timestamp
[component_container_mt-1] [WARN] [1785818166.786178313] [sensing.lidar.concatenate_data]: transformed_raw_points[/sensing/lidar/right/pointcloud_before_sync] is nullptr, skipping pointcloud publish.
[component_container_mt-1] [WARN] [1785818166.786229851] [sensing.lidar.concatenate_data]: transformed_raw_points[/sensing/lidar/left/pointcloud_before_sync] is nullptr, skipping pointcloud publish.
[autoware_ndt_scan_matcher_node-24] [INFO] [1785818166.786922784] [localization.pose_estimator.ndt_scan_matcher]: Mismatch between pose timestamp and current timestamp
[component_container_mt-1] [WARN] [1785818166.886479953] [sensing.lidar.concatenate_data]: transformed_raw_points[/sensing/lidar/right/pointcloud_before_sync] is nullptr, skipping pointcloud publish.
[component_container_mt-1] [WARN] [1785818166.886526460] [sensing.lidar.concatenate_data]: transformed_raw_points[/sensing/lidar/left/pointcloud_before_sync] is nullptr, skipping pointcloud publish.
[autoware_ndt_scan_matcher_node-24] [INFO] [1785818166.887022844] [localization.pose_estimator.ndt_scan_matcher]: Mismatch between pose timestamp and current timestamp
[component_container_mt-1] [WARN] [1785818166.986432369] [sensing.lidar.concatenate_data]: transformed_raw_points[/sensing/lidar/right/pointcloud_before_sync] is nullptr, skipping pointcloud publish.
[component_container_mt-1] [WARN] [1785818166.986478257] [sensing.lidar.concatenate_data]: transformed_raw_points[/sensing/lidar/left/pointcloud_before_sync] is nullptr, skipping pointcloud publish.
[autoware_ndt_scan_matcher_node-24] [INFO] [1785818166.986985084] [localization.pose_estimator.ndt_scan_matcher]: Mismatch between pose timestamp and current timestamp
[component_container_mt-1] [WARN] [1785818167.086265973] [sensing.lidar.concatenate_data]: transformed_raw_points[/sensing/lidar/right/pointcloud_before_sync] is nullptr, skipping pointcloud publish.
[component_container_mt-1] [WARN] [1785818167.086319312] [sensing.lidar.concatenate_data]: transformed_raw_points[/sensing/lidar/left/pointcloud_before_sync] is nullptr, skipping pointcloud publish.
[autoware_ndt_scan_matcher_node-24] [INFO] [1785818167.086951174] [localization.pose_estimator.ndt_scan_matcher]: Mismatch between pose timestamp and current timestamp
[component_container_mt-1] [WARN] [1785818167.186378218] [sensing.lidar.concatenate_data]: transformed_raw_points[/sensing/lidar/right/pointcloud_before_sync] is nullptr, skipping pointcloud publish.
[component_container_mt-1] [WARN] [1785818167.186420119] [sensing.lidar.concatenate_data]: transformed_raw_points[/sensing/lidar/left/pointcloud_before_sync] is nullptr, skipping pointcloud publish.
[autoware_ndt_scan_matcher_node-24] [INFO] [1785818167.187486937] [localization.pose_estimator.ndt_scan_matcher]: Mismatch between pose timestamp and current timestamp
[autoware_mrm_handler_node-13] [INFO] [1785818167.286345819] [system.mrm_handler]: MRM State changed: NORMAL -> MRM_OPERATING
[autoware_mrm_handler_node-13] [WARN] [1785818167.286582349] [system.mrm_handler]: EMERGENCY_STOP is operated.
[component_container_mt-1] [WARN] [1785818167.286936074] [sensing.lidar.concatenate_data]: transformed_raw_points[/sensing/lidar/right/pointcloud_before_sync] is nullptr, skipping pointcloud publish.
[component_container_mt-1] [WARN] [1785818167.286973290] [sensing.lidar.concatenate_data]: transformed_raw_points[/sensing/lidar/left/pointcloud_before_sync] is nullptr, skipping pointcloud publish.
[autoware_ndt_scan_matcher_node-24] [INFO] [1785818167.287599798] [localization.pose_estimator.ndt_scan_matcher]: Mismatch between pose timestamp and current timestamp
[component_container_mt-48] [INFO] [1785818167.288162219] [control.control_validator]: waiting for /planning/trajectory
[autoware_mrm_handler_node-13] [INFO] [1785818167.386319126] [system.mrm_handler]: MRM State changed: MRM_OPERATING -> NORMAL
[component_container_mt-1] [WARN] [1785818167.386738644] [sensing.lidar.concatenate_data]: transformed_raw_points[/sensing/lidar/right/pointcloud_before_sync] is nullptr, skipping pointcloud publish.
[component_container_mt-1] [WARN] [1785818167.386779380] [sensing.lidar.concatenate_data]: transformed_raw_points[/sensing/lidar/left/pointcloud_before_sync] is nullptr, skipping pointcloud publish.
[component_container_mt-47] [WARN] [1785818167.386989593] [control.vehicle_cmd_gate]: Emergency!
[autoware_ndt_scan_matcher_node-24] [INFO] [1785818167.387276151] [localization.pose_estimator.ndt_scan_matcher]: Mismatch between pose timestamp and current timestamp
[autoware_mrm_handler_node-13] [WARN] [1785818167.387753317] [system.mrm_handler]: EMERGENCY_STOP is canceled.
[component_container_mt-1] [WARN] [1785818167.486312958] [sensing.lidar.concatenate_data]: transformed_raw_points[/sensing/lidar/right/pointcloud_before_sync] is nullptr, skipping pointcloud publish.
[component_container_mt-1] [WARN] [1785818167.486801846] [sensing.lidar.concatenate_data]: transformed_raw_points[/sensing/lidar/left/pointcloud_before_sync] is nullptr, skipping pointcloud publish.
[autoware_ndt_scan_matcher_node-24] [INFO] [1785818167.486815921] [localization.pose_estimator.ndt_scan_matcher]: Mismatch between pose timestamp and current timestamp
[component_container_mt-1] [WARN] [1785818167.586226025] [sensing.lidar.concatenate_data]: transformed_raw_points[/sensing/lidar/right/pointcloud_before_sync] is nullptr, skipping pointcloud publish.
[component_container_mt-1] [WARN] [1785818167.586275570] [sensing.lidar.concatenate_data]: transformed_raw_points[/sensing/lidar/left/pointcloud_before_sync] is nullptr, skipping pointcloud publish.
[autoware_ndt_scan_matcher_node-24] [INFO] [1785818167.586882721] [localization.pose_estimator.ndt_scan_matcher]: Mismatch between pose timestamp and current timestamp
[component_container_mt-1] [WARN] [1785818167.686481687] [sensing.lidar.concatenate_data]: transformed_raw_points[/sensing/lidar/right/pointcloud_before_sync] is nullptr, skipping pointcloud publish.
[component_container_mt-1] [WARN] [1785818167.686531697] [sensing.lidar.concatenate_data]: transformed_raw_points[/sensing/lidar/left/pointcloud_before_sync] is nullptr, skipping pointcloud publish.
[autoware_ndt_scan_matcher_node-24] [INFO] [1785818167.687179295] [localization.pose_estimator.ndt_scan_matcher]: Mismatch between pose timestamp and current timestamp
[component_container_mt-1] [WARN] [1785818167.786462754] [sensing.lidar.concatenate_data]: transformed_raw_points[/sensing/lidar/right/pointcloud_before_sync] is nullptr, skipping pointcloud publish.
[component_container_mt-1] [WARN] [1785818167.786512783] [sensing.lidar.concatenate_data]: transformed_raw_points[/sensing/lidar/left/pointcloud_before_sync] is nullptr, skipping pointcloud publish.
[autoware_ndt_scan_matcher_node-24] [INFO] [1785818167.787269636] [localization.pose_estimator.ndt_scan_matcher]: Mismatch between pose timestamp and current timestamp
[component_container_mt-1] [WARN] [1785818167.886260169] [sensing.lidar.concatenate_data]: transformed_raw_points[/sensing/lidar/right/pointcloud_before_sync] is nullptr, skipping pointcloud publish.
[component_container_mt-1] [WARN] [1785818167.886313143] [sensing.lidar.concatenate_data]: transformed_raw_points[/sensing/lidar/left/pointcloud_before_sync] is nullptr, skipping pointcloud publish.
[component_container_mt-48] [INFO] [1785818167.886653176] [control.autonomous_emergency_braking]: [AEB] waiting for control predicted trajectory
[autoware_ndt_scan_matcher_node-24] [INFO] [1785818167.886952467] [localization.pose_estimator.ndt_scan_matcher]: Mismatch between pose timestamp and current timestamp
[component_container_mt-1] [WARN] [1785818167.986237717] [sensing.lidar.concatenate_data]: transformed_raw_points[/sensing/lidar/right/pointcloud_before_sync] is nullptr, skipping pointcloud publish.
[component_container_mt-1] [WARN] [1785818167.986284073] [sensing.lidar.concatenate_data]: transformed_raw_points[/sensing/lidar/left/pointcloud_before_sync] is nullptr, skipping pointcloud publish.
[autoware_ndt_scan_matcher_node-24] [INFO] [1785818167.987120917] [localization.pose_estimator.ndt_scan_matcher]: Mismatch between pose timestamp and current timestamp
[component_container-7] [WARN] [1785818168.086160018] [system.topic_state_monitor_control_command_control_cmd]: /control/command/control_cmd topic rate has dropped to the warning level. Set WARN in diagnostics.
[component_container_mt-1] [WARN] [1785818168.087258614] [sensing.lidar.concatenate_data]: transformed_raw_points[/sensing/lidar/right/pointcloud_before_sync] is nullptr, skipping pointcloud publish.
[component_container_mt-1] [WARN] [1785818168.087295798] [sensing.lidar.concatenate_data]: transformed_raw_points[/sensing/lidar/left/pointcloud_before_sync] is nullptr, skipping pointcloud publish.
[autoware_ndt_scan_matcher_node-24] [INFO] [1785818168.087827009] [localization.pose_estimator.ndt_scan_matcher]: Mismatch between pose timestamp and current timestamp
[component_container_mt-1] [WARN] [1785818168.186355183] [sensing.lidar.concatenate_data]: transformed_raw_points[/sensing/lidar/right/pointcloud_before_sync] is nullptr, skipping pointcloud publish.
[component_container_mt-1] [WARN] [1785818168.186401832] [sensing.lidar.concatenate_data]: transformed_raw_points[/sensing/lidar/left/pointcloud_before_sync] is nullptr, skipping pointcloud publish.
[autoware_ndt_scan_matcher_node-24] [INFO] [1785818168.186931143] [localization.pose_estimator.ndt_scan_matcher]: Mismatch between pose timestamp and current timestamp
[component_container-18] [WARN] [1785818168.192870484] [sensing.lidar.top.distortion_corrector_node]: IMU time_stamp is too late. Could not interpolate.
[component_container_mt-1] [WARN] [1785818168.286243522] [sensing.lidar.concatenate_data]: transformed_raw_points[/sensing/lidar/right/pointcloud_before_sync] is nullptr, skipping pointcloud publish.
[component_container_mt-1] [WARN] [1785818168.286293611] [sensing.lidar.concatenate_data]: transformed_raw_points[/sensing/lidar/left/pointcloud_before_sync] is nullptr, skipping pointcloud publish.
[autoware_mrm_handler_node-13] [INFO] [1785818168.286632382] [system.mrm_handler]: MRM State changed: NORMAL -> MRM_OPERATING
[autoware_mrm_handler_node-13] [WARN] [1785818168.286830731] [system.mrm_handler]: EMERGENCY_STOP is operated.
[autoware_ndt_scan_matcher_node-24] [INFO] [1785818168.287057476] [localization.pose_estimator.ndt_scan_matcher]: Mismatch between pose timestamp and current timestamp
[autoware_mrm_handler_node-13] [INFO] [1785818168.386354877] [system.mrm_handler]: MRM State changed: MRM_OPERATING -> NORMAL
[component_container_mt-1] [WARN] [1785818168.386517179] [sensing.lidar.concatenate_data]: transformed_raw_points[/sensing/lidar/right/pointcloud_before_sync] is nullptr, skipping pointcloud publish.
[component_container_mt-1] [WARN] [1785818168.386552696] [sensing.lidar.concatenate_data]: transformed_raw_points[/sensing/lidar/left/pointcloud_before_sync] is nullptr, skipping pointcloud publish.
[autoware_ndt_scan_matcher_node-24] [INFO] [1785818168.387200234] [localization.pose_estimator.ndt_scan_matcher]: Mismatch between pose timestamp and current timestamp
[component_container_mt-47] [WARN] [1785818168.387426484] [control.vehicle_cmd_gate]: Emergency!
[autoware_mrm_handler_node-13] [WARN] [1785818168.387527844] [system.mrm_handler]: EMERGENCY_STOP is canceled.
[component_container_mt-1] [WARN] [1785818168.486241714] [sensing.lidar.concatenate_data]: transformed_raw_points[/sensing/lidar/right/pointcloud_before_sync] is nullptr, skipping pointcloud publish.
[component_container_mt-1] [WARN] [1785818168.487183155] [sensing.lidar.concatenate_data]: transformed_raw_points[/sensing/lidar/left/pointcloud_before_sync] is nullptr, skipping pointcloud publish.
[autoware_ndt_scan_matcher_node-24] [INFO] [1785818168.487516298] [localization.pose_estimator.ndt_scan_matcher]: Mismatch between pose timestamp and current timestamp
[component_container_mt-1] [WARN] [1785818168.586575539] [sensing.lidar.concatenate_data]: transformed_raw_points[/sensing/lidar/right/pointcloud_before_sync] is nullptr, skipping pointcloud publish.
[component_container_mt-1] [WARN] [1785818168.586623085] [sensing.lidar.concatenate_data]: transformed_raw_points[/sensing/lidar/left/pointcloud_before_sync] is nullptr, skipping pointcloud publish.
[autoware_ndt_scan_matcher_node-24] [INFO] [1785818168.587329094] [localization.pose_estimator.ndt_scan_matcher]: Mismatch between pose timestamp and current timestamp
[component_container_mt-1] [WARN] [1785818168.686083597] [sensing.lidar.concatenate_data]: transformed_raw_points[/sensing/lidar/right/pointcloud_before_sync] is nullptr, skipping pointcloud publish.
[component_container_mt-1] [WARN] [1785818168.686132150] [sensing.lidar.concatenate_data]: transformed_raw_points[/sensing/lidar/left/pointcloud_before_sync] is nullptr, skipping pointcloud publish.
[autoware_ndt_scan_matcher_node-24] [INFO] [1785818168.686595996] [localization.pose_estimator.ndt_scan_matcher]: Mismatch between pose timestamp and current timestamp
[component_container_mt-1] [WARN] [1785818168.786535950] [sensing.lidar.concatenate_data]: transformed_raw_points[/sensing/lidar/right/pointcloud_before_sync] is nullptr, skipping pointcloud publish.
[component_container_mt-1] [WARN] [1785818168.786582224] [sensing.lidar.concatenate_data]: transformed_raw_points[/sensing/lidar/left/pointcloud_before_sync] is nullptr, skipping pointcloud publish.
[autoware_ndt_scan_matcher_node-24] [INFO] [1785818168.787135286] [localization.pose_estimator.ndt_scan_matcher]: Mismatch between pose timestamp and current timestamp
[component_container_mt-1] [WARN] [1785818168.886011018] [sensing.lidar.concatenate_data]: transformed_raw_points[/sensing/lidar/right/pointcloud_before_sync] is nullptr, skipping pointcloud publish.
[component_container_mt-1] [WARN] [1785818168.886060347] [sensing.lidar.concatenate_data]: transformed_raw_points[/sensing/lidar/left/pointcloud_before_sync] is nullptr, skipping pointcloud publish.
[autoware_ndt_scan_matcher_node-24] [INFO] [1785818168.886991308] [localization.pose_estimator.ndt_scan_matcher]: Mismatch between pose timestamp and current timestamp
[component_container_mt-1] [WARN] [1785818168.986484186] [sensing.lidar.concatenate_data]: transformed_raw_points[/sensing/lidar/right/pointcloud_before_sync] is nullptr, skipping pointcloud publish.
[component_container_mt-1] [WARN] [1785818168.986528832] [sensing.lidar.concatenate_data]: transformed_raw_points[/sensing/lidar/left/pointcloud_before_sync] is nullptr, skipping pointcloud publish.
[component_container-7] [INFO] [1785818168.986630277] [system.topic_state_monitor_mission_planning_route]: /planning/mission_planning/route has not received. Set ERROR in diagnostics.
[autoware_ndt_scan_matcher_node-24] [INFO] [1785818168.987126341] [localization.pose_estimator.ndt_scan_matcher]: Mismatch between pose timestamp and current timestamp
[component_container_mt-1] [WARN] [1785818169.086311024] [sensing.lidar.concatenate_data]: transformed_raw_points[/sensing/lidar/right/pointcloud_before_sync] is nullptr, skipping pointcloud publish.
[component_container_mt-1] [WARN] [1785818169.086359319] [sensing.lidar.concatenate_data]: transformed_raw_points[/sensing/lidar/left/pointcloud_before_sync] is nullptr, skipping pointcloud publish.
[autoware_ndt_scan_matcher_node-24] [INFO] [1785818169.086929938] [localization.pose_estimator.ndt_scan_matcher]: Mismatch between pose timestamp and current timestamp
[component_container_mt-48] [INFO] [1785818169.186436160] [control.trajectory_follower.lane_departure_checker_node]: waiting for route msg...
[component_container_mt-1] [WARN] [1785818169.186466669] [sensing.lidar.concatenate_data]: transformed_raw_points[/sensing/lidar/right/pointcloud_before_sync] is nullptr, skipping pointcloud publish.
[component_container_mt-1] [WARN] [1785818169.186506135] [sensing.lidar.concatenate_data]: transformed_raw_points[/sensing/lidar/left/pointcloud_before_sync] is nullptr, skipping pointcloud publish.
[autoware_scenario_selector_node-36] [INFO] [1785818169.186544416] [planning.scenario_planning.scenario_selector]: Waiting for route.
[autoware_ndt_scan_matcher_node-24] [INFO] [1785818169.187537678] [localization.pose_estimator.ndt_scan_matcher]: Mismatch between pose timestamp and current timestamp
[component_container_mt-1] [WARN] [1785818169.285957077] [sensing.lidar.concatenate_data]: transformed_raw_points[/sensing/lidar/right/pointcloud_before_sync] is nullptr, skipping pointcloud publish.
[component_container_mt-1] [WARN] [1785818169.285999467] [sensing.lidar.concatenate_data]: transformed_raw_points[/sensing/lidar/left/pointcloud_before_sync] is nullptr, skipping pointcloud publish.
[autoware_mrm_handler_node-13] [INFO] [1785818169.286833360] [system.mrm_handler]: MRM State changed: NORMAL -> MRM_OPERATING
[autoware_ndt_scan_matcher_node-24] [INFO] [1785818169.287630375] [localization.pose_estimator.ndt_scan_matcher]: Mismatch between pose timestamp and current timestamp
[autoware_mrm_handler_node-13] [WARN] [1785818169.287791533] [system.mrm_handler]: EMERGENCY_STOP is operated.
[component_container_mt-1] [WARN] [1785818169.386531851] [sensing.lidar.concatenate_data]: transformed_raw_points[/sensing/lidar/right/pointcloud_before_sync] is nullptr, skipping pointcloud publish.
[component_container_mt-1] [WARN] [1785818169.386577243] [sensing.lidar.concatenate_data]: transformed_raw_points[/sensing/lidar/left/pointcloud_before_sync] is nullptr, skipping pointcloud publish.
[logging_node-14] [WARN] [1785818169.386763649] [logging_diag_graph]: The target mode is not available for the following reasons:
[logging_node-14] - /autoware/modes/autonomous ERROR
[logging_node-14]     - /autoware/planning ERROR
[logging_node-14]         - /autoware/planning/routing/state ERROR
[logging_node-14]         - [anonymous group] ERROR
[logging_node-14]             - /autoware/planning/topic_rate_check/route ERROR
[logging_node-14]             - /autoware/planning/topic_rate_check/trajectory ERROR
[logging_node-14]     - /autoware/control ERROR
[logging_node-14]         - /autoware/control/topic_rate_check/trajectory_follower ERROR
[logging_node-14]         - /autoware/control/topic_rate_check/control_command WARN 
[logging_node-14] 
[autoware_mrm_handler_node-13] [INFO] [1785818169.386949594] [system.mrm_handler]: MRM State changed: MRM_OPERATING -> NORMAL
[autoware_ndt_scan_matcher_node-24] [INFO] [1785818169.387403246] [localization.pose_estimator.ndt_scan_matcher]: Mismatch between pose timestamp and current timestamp
[component_container_mt-47] [WARN] [1785818169.387702525] [control.vehicle_cmd_gate]: Emergency!
[autoware_mrm_handler_node-13] [WARN] [1785818169.387847163] [system.mrm_handler]: EMERGENCY_STOP is canceled.
[component_container_mt-1] [WARN] [1785818169.486074336] [sensing.lidar.concatenate_data]: transformed_raw_points[/sensing/lidar/right/pointcloud_before_sync] is nullptr, skipping pointcloud publish.
[component_container_mt-1] [WARN] [1785818169.486123366] [sensing.lidar.concatenate_data]: transformed_raw_points[/sensing/lidar/left/pointcloud_before_sync] is nullptr, skipping pointcloud publish.
[autoware_ndt_scan_matcher_node-24] [INFO] [1785818169.487106029] [localization.pose_estimator.ndt_scan_matcher]: Mismatch between pose timestamp and current timestamp
[component_container_mt-1] [WARN] [1785818169.586519773] [sensing.lidar.concatenate_data]: transformed_raw_points[/sensing/lidar/right/pointcloud_before_sync] is nullptr, skipping pointcloud publish.
[component_container_mt-1] [WARN] [1785818169.586569917] [sensing.lidar.concatenate_data]: transformed_raw_points[/sensing/lidar/left/pointcloud_before_sync] is nullptr, skipping pointcloud publish.
[autoware_ndt_scan_matcher_node-24] [INFO] [1785818169.587171899] [localization.pose_estimator.ndt_scan_matcher]: Mismatch between pose timestamp and current timestamp
[component_container_mt-1] [WARN] [1785818169.686248323] [sensing.lidar.concatenate_data]: transformed_raw_points[/sensing/lidar/right/pointcloud_before_sync] is nullptr, skipping pointcloud publish.
[component_container_mt-1] [WARN] [1785818169.686297750] [sensing.lidar.concatenate_data]: transformed_raw_points[/sensing/lidar/left/pointcloud_before_sync] is nullptr, skipping pointcloud publish.
[autoware_ndt_scan_matcher_node-24] [INFO] [1785818169.688745688] [localization.pose_estimator.ndt_scan_matcher]: Mismatch between pose timestamp and current timestamp
[component_container_mt-1] [WARN] [1785818169.694354604] [localization.util.crop_box_filter_measurement_range]: Invalid PointCloud: row_step mismatch. Expected: 101424 (width 6339 * point_step 16), Got: 0. Frame: 'base_link', Stamp: 39.508997332 Please fill in the `cloud->row_step` field accordingly. This will be an ERROR starting in 2026 July
[component_container_mt-1] [WARN] [1785818169.786840800] [sensing.lidar.concatenate_data]: transformed_raw_points[/sensing/lidar/right/pointcloud_before_sync] is nullptr, skipping pointcloud publish.
[component_container_mt-1] [WARN] [1785818169.786883867] [sensing.lidar.concatenate_data]: transformed_raw_points[/sensing/lidar/left/pointcloud_before_sync] is nullptr, skipping pointcloud publish.
[autoware_ndt_scan_matcher_node-24] [INFO] [1785818169.787519670] [localization.pose_estimator.ndt_scan_matcher]: Mismatch between pose timestamp and current timestamp
[component_container_mt-1] [WARN] [1785818169.886617073] [sensing.lidar.concatenate_data]: transformed_raw_points[/sensing/lidar/right/pointcloud_before_sync] is nullptr, skipping pointcloud publish.
[component_container_mt-1] [WARN] [1785818169.886664407] [sensing.lidar.concatenate_data]: transformed_raw_points[/sensing/lidar/left/pointcloud_before_sync] is nullptr, skipping pointcloud publish.
[autoware_ndt_scan_matcher_node-24] [INFO] [1785818169.887149445] [localization.pose_estimator.ndt_scan_matcher]: Mismatch between pose timestamp and current timestamp
[component_container_mt-1] [WARN] [1785818169.986487589] [sensing.lidar.concatenate_data]: transformed_raw_points[/sensing/lidar/right/pointcloud_before_sync] is nullptr, skipping pointcloud publish.
[component_container_mt-1] [WARN] [1785818169.986533853] [sensing.lidar.concatenate_data]: transformed_raw_points[/sensing/lidar/left/pointcloud_before_sync] is nullptr, skipping pointcloud publish.
[autoware_ndt_scan_matcher_node-24] [INFO] [1785818169.987047759] [localization.pose_estimator.ndt_scan_matcher]: Mismatch between pose timestamp and current timestamp
[component_container_mt-1] [WARN] [1785818170.086683544] [sensing.lidar.concatenate_data]: transformed_raw_points[/sensing/lidar/right/pointcloud_before_sync] is nullptr, skipping pointcloud publish.
[component_container_mt-1] [WARN] [1785818170.086731155] [sensing.lidar.concatenate_data]: transformed_raw_points[/sensing/lidar/left/pointcloud_before_sync] is nullptr, skipping pointcloud publish.
[autoware_ndt_scan_matcher_node-24] [INFO] [1785818170.087239447] [localization.pose_estimator.ndt_scan_matcher]: Mismatch between pose timestamp and current timestamp
[component_container_mt-1] [WARN] [1785818170.186788089] [sensing.lidar.concatenate_data]: transformed_raw_points[/sensing/lidar/right/pointcloud_before_sync] is nullptr, skipping pointcloud publish.
[component_container_mt-1] [WARN] [1785818170.186841680] [sensing.lidar.concatenate_data]: transformed_raw_points[/sensing/lidar/left/pointcloud_before_sync] is nullptr, skipping pointcloud publish.
[autoware_ndt_scan_matcher_node-24] [INFO] [1785818170.187473615] [localization.pose_estimator.ndt_scan_matcher]: Mismatch between pose timestamp and current timestamp
[component_container_mt-47] [INFO] [1785818170.286143667] [control.trajectory_follower.controller_node_exe]: Waiting for trajectory data
[component_container_mt-47] [INFO] [1785818170.286206991] [control.trajectory_follower.controller_node_exe]: Control is skipped since input data is not ready.
[autoware_mrm_handler_node-13] [INFO] [1785818170.286797427] [system.mrm_handler]: MRM State changed: NORMAL -> MRM_OPERATING
[component_container_mt-1] [WARN] [1785818170.286996396] [sensing.lidar.concatenate_data]: transformed_raw_points[/sensing/lidar/right/pointcloud_before_sync] is nullptr, skipping pointcloud publish.
[component_container_mt-1] [WARN] [1785818170.287032087] [sensing.lidar.concatenate_data]: transformed_raw_points[/sensing/lidar/left/pointcloud_before_sync] is nullptr, skipping pointcloud publish.
[autoware_mrm_handler_node-13] [WARN] [1785818170.287399588] [system.mrm_handler]: EMERGENCY_STOP is operated.
[autoware_ndt_scan_matcher_node-24] [INFO] [1785818170.287830563] [localization.pose_estimator.ndt_scan_matcher]: Mismatch between pose timestamp and current timestamp
[autoware_mrm_handler_node-13] [INFO] [1785818170.386207459] [system.mrm_handler]: MRM State changed: MRM_OPERATING -> NORMAL
[component_container_mt-1] [WARN] [1785818170.386441993] [sensing.lidar.concatenate_data]: transformed_raw_points[/sensing/lidar/right/pointcloud_before_sync] is nullptr, skipping pointcloud publish.
[component_container_mt-1] [WARN] [1785818170.386478080] [sensing.lidar.concatenate_data]: transformed_raw_points[/sensing/lidar/left/pointcloud_before_sync] is nullptr, skipping pointcloud publish.
[autoware_ndt_scan_matcher_node-24] [INFO] [1785818170.387002384] [localization.pose_estimator.ndt_scan_matcher]: Mismatch between pose timestamp and current timestamp
[autoware_mrm_handler_node-13] [WARN] [1785818170.387020408] [system.mrm_handler]: EMERGENCY_STOP is canceled.
[component_container_mt-1] [WARN] [1785818170.486098780] [sensing.lidar.concatenate_data]: transformed_raw_points[/sensing/lidar/right/pointcloud_before_sync] is nullptr, skipping pointcloud publish.
[component_container_mt-1] [WARN] [1785818170.486927449] [sensing.lidar.concatenate_data]: transformed_raw_points[/sensing/lidar/left/pointcloud_before_sync] is nullptr, skipping pointcloud publish.
[autoware_ndt_scan_matcher_node-24] [INFO] [1785818170.486961831] [localization.pose_estimator.ndt_scan_matcher]: Mismatch between pose timestamp and current timestamp
[component_container_mt-1] [WARN] [1785818170.586108042] [sensing.lidar.concatenate_data]: transformed_raw_points[/sensing/lidar/right/pointcloud_before_sync] is nullptr, skipping pointcloud publish.
[component_container_mt-1] [WARN] [1785818170.586152211] [sensing.lidar.concatenate_data]: transformed_raw_points[/sensing/lidar/left/pointcloud_before_sync] is nullptr, skipping pointcloud publish.
[autoware_ndt_scan_matcher_node-24] [INFO] [1785818170.586680053] [localization.pose_estimator.ndt_scan_matcher]: Mismatch between pose timestamp and current timestamp
[component_container-18] [WARN] [1785818170.592489433] [sensing.lidar.top.crop_box_filter_self]: Invalid PointCloud: is_dense is false. The point cloud should be organized (dense) and contain only valid points. This will be an ERROR starting in 2026 JulyFrame: 'velodyne_top', Stamp: 40.408997346
[component_container_mt-1] [WARN] [1785818170.686443381] [sensing.lidar.concatenate_data]: transformed_raw_points[/sensing/lidar/right/pointcloud_before_sync] is nullptr, skipping pointcloud publish.
[component_container_mt-1] [WARN] [1785818170.686490884] [sensing.lidar.concatenate_data]: transformed_raw_points[/sensing/lidar/left/pointcloud_before_sync] is nullptr, skipping pointcloud publish.
[autoware_ndt_scan_matcher_node-24] [INFO] [1785818170.687135732] [localization.pose_estimator.ndt_scan_matcher]: Mismatch between pose timestamp and current timestamp
[component_container_mt-1] [WARN] [1785818170.786087839] [sensing.lidar.concatenate_data]: transformed_raw_points[/sensing/lidar/right/pointcloud_before_sync] is nullptr, skipping pointcloud publish.
[component_container_mt-1] [WARN] [1785818170.786142619] [sensing.lidar.concatenate_data]: transformed_raw_points[/sensing/lidar/left/pointcloud_before_sync] is nullptr, skipping pointcloud publish.
[autoware_ndt_scan_matcher_node-24] [INFO] [1785818170.786815810] [localization.pose_estimator.ndt_scan_matcher]: Mismatch between pose timestamp and current timestamp
[component_container_mt-1] [WARN] [1785818170.885943133] [sensing.lidar.concatenate_data]: transformed_raw_points[/sensing/lidar/right/pointcloud_before_sync] is nullptr, skipping pointcloud publish.
[component_container_mt-1] [WARN] [1785818170.885992707] [sensing.lidar.concatenate_data]: transformed_raw_points[/sensing/lidar/left/pointcloud_before_sync] is nullptr, skipping pointcloud publish.
[autoware_ndt_scan_matcher_node-24] [INFO] [1785818170.887093777] [localization.pose_estimator.ndt_scan_matcher]: Mismatch between pose timestamp and current timestamp
[component_container_mt-1] [WARN] [1785818170.986120341] [sensing.lidar.concatenate_data]: transformed_raw_points[/sensing/lidar/right/pointcloud_before_sync] is nullptr, skipping pointcloud publish.
[autoware_ndt_scan_matcher_node-24] [INFO] [1785818170.986711863] [localization.pose_estimator.ndt_scan_matcher]: Mismatch between pose timestamp and current timestamp
[component_container_mt-1] [WARN] [1785818170.987182084] [sensing.lidar.concatenate_data]: transformed_raw_points[/sensing/lidar/left/pointcloud_before_sync] is nullptr, skipping pointcloud publish.
[component_container_mt-1] [WARN] [1785818171.086183236] [sensing.lidar.concatenate_data]: transformed_raw_points[/sensing/lidar/right/pointcloud_before_sync] is nullptr, skipping pointcloud publish.
[component_container_mt-1] [WARN] [1785818171.086236159] [sensing.lidar.concatenate_data]: transformed_raw_points[/sensing/lidar/left/pointcloud_before_sync] is nullptr, skipping pointcloud publish.
[component_container-7] [WARN] [1785818171.086497355] [system.topic_state_monitor_control_command_control_cmd]: /control/command/control_cmd topic rate has dropped to the warning level. Set WARN in diagnostics.
[autoware_ndt_scan_matcher_node-24] [INFO] [1785818171.086749786] [localization.pose_estimator.ndt_scan_matcher]: Mismatch between pose timestamp and current timestamp
[component_container_mt-1] [WARN] [1785818171.186266535] [sensing.lidar.concatenate_data]: transformed_raw_points[/sensing/lidar/right/pointcloud_before_sync] is nullptr, skipping pointcloud publish.
[component_container_mt-1] [WARN] [1785818171.186314325] [sensing.lidar.concatenate_data]: transformed_raw_points[/sensing/lidar/left/pointcloud_before_sync] is nullptr, skipping pointcloud publish.
[autoware_ndt_scan_matcher_node-24] [INFO] [1785818171.186830533] [localization.pose_estimator.ndt_scan_matcher]: Mismatch between pose timestamp and current timestamp
[component_container_mt-47] [INFO] [1785818171.187145328] [control.vehicle_cmd_gate]: The operation mode is changed, but the GearCommand is not received yet:
[autoware_mrm_handler_node-13] [INFO] [1785818171.286060356] [system.mrm_handler]: MRM State changed: NORMAL -> MRM_OPERATING
[autoware_mrm_handler_node-13] [WARN] [1785818171.286945297] [system.mrm_handler]: EMERGENCY_STOP is operated.
[component_container_mt-1] [WARN] [1785818171.287309239] [sensing.lidar.concatenate_data]: transformed_raw_points[/sensing/lidar/right/pointcloud_before_sync] is nullptr, skipping pointcloud publish.
[component_container_mt-1] [WARN] [1785818171.287340693] [sensing.lidar.concatenate_data]: transformed_raw_points[/sensing/lidar/left/pointcloud_before_sync] is nullptr, skipping pointcloud publish.
[autoware_ndt_scan_matcher_node-24] [INFO] [1785818171.287820198] [localization.pose_estimator.ndt_scan_matcher]: Mismatch between pose timestamp and current timestamp
[component_container_mt-40] [INFO] [1785818171.336227902] [planning.scenario_planning.lane_driving.behavior_planning.behavior_path_planner]: waiting for scenario_topic
[component_container_mt-47] [WARN] [1785818171.336521514] [control.vehicle_cmd_gate]: Emergency!
[autoware_mrm_handler_node-13] [INFO] [1785818171.386307203] [system.mrm_handler]: MRM State changed: MRM_OPERATING -> NORMAL
[component_container_mt-1] [WARN] [1785818171.386822246] [sensing.lidar.concatenate_data]: transformed_raw_points[/sensing/lidar/right/pointcloud_before_sync] is nullptr, skipping pointcloud publish.
[component_container_mt-1] [WARN] [1785818171.386858308] [sensing.lidar.concatenate_data]: transformed_raw_points[/sensing/lidar/left/pointcloud_before_sync] is nullptr, skipping pointcloud publish.
[autoware_ndt_scan_matcher_node-24] [INFO] [1785818171.387374912] [localization.pose_estimator.ndt_scan_matcher]: Mismatch between pose timestamp and current timestamp
[autoware_mrm_handler_node-13] [WARN] [1785818171.387776246] [system.mrm_handler]: EMERGENCY_STOP is canceled.
[component_container_mt-1] [WARN] [1785818171.486404501] [sensing.lidar.concatenate_data]: transformed_raw_points[/sensing/lidar/right/pointcloud_before_sync] is nullptr, skipping pointcloud publish.
[component_container_mt-1] [WARN] [1785818171.486447510] [sensing.lidar.concatenate_data]: transformed_raw_points[/sensing/lidar/left/pointcloud_before_sync] is nullptr, skipping pointcloud publish.
[autoware_ndt_scan_matcher_node-24] [INFO] [1785818171.487641957] [localization.pose_estimator.ndt_scan_matcher]: Mismatch between pose timestamp and current timestamp
[component_container_mt-1] [WARN] [1785818171.586344103] [sensing.lidar.concatenate_data]: transformed_raw_points[/sensing/lidar/right/pointcloud_before_sync] is nullptr, skipping pointcloud publish.
[component_container_mt-1] [WARN] [1785818171.586388610] [sensing.lidar.concatenate_data]: transformed_raw_points[/sensing/lidar/left/pointcloud_before_sync] is nullptr, skipping pointcloud publish.
[autoware_ndt_scan_matcher_node-24] [INFO] [1785818171.587171094] [localization.pose_estimator.ndt_scan_matcher]: Mismatch between pose timestamp and current timestamp
[component_container_mt-1] [WARN] [1785818171.686657229] [sensing.lidar.concatenate_data]: transformed_raw_points[/sensing/lidar/right/pointcloud_before_sync] is nullptr, skipping pointcloud publish.
[component_container_mt-1] [WARN] [1785818171.686700536] [sensing.lidar.concatenate_data]: transformed_raw_points[/sensing/lidar/left/pointcloud_before_sync] is nullptr, skipping pointcloud publish.
[autoware_ndt_scan_matcher_node-24] [INFO] [1785818171.687548467] [localization.pose_estimator.ndt_scan_matcher]: Mismatch between pose timestamp and current timestamp
[component_container_mt-1] [WARN] [1785818171.786436559] [sensing.lidar.concatenate_data]: transformed_raw_points[/sensing/lidar/right/pointcloud_before_sync] is nullptr, skipping pointcloud publish.
[component_container_mt-1] [WARN] [1785818171.786482762] [sensing.lidar.concatenate_data]: transformed_raw_points[/sensing/lidar/left/pointcloud_before_sync] is nullptr, skipping pointcloud publish.
[autoware_ndt_scan_matcher_node-24] [INFO] [1785818171.787909216] [localization.pose_estimator.ndt_scan_matcher]: Mismatch between pose timestamp and current timestamp
[component_container_mt-1] [WARN] [1785818171.886127818] [sensing.lidar.concatenate_data]: transformed_raw_points[/sensing/lidar/right/pointcloud_before_sync] is nullptr, skipping pointcloud publish.
[component_container_mt-1] [WARN] [1785818171.886178525] [sensing.lidar.concatenate_data]: transformed_raw_points[/sensing/lidar/left/pointcloud_before_sync] is nullptr, skipping pointcloud publish.
[autoware_ndt_scan_matcher_node-24] [INFO] [1785818171.887002652] [localization.pose_estimator.ndt_scan_matcher]: Mismatch between pose timestamp and current timestamp
[component_container_mt-1] [WARN] [1785818171.985940758] [sensing.lidar.concatenate_data]: transformed_raw_points[/sensing/lidar/right/pointcloud_before_sync] is nullptr, skipping pointcloud publish.
[component_container_mt-1] [WARN] [1785818171.985993068] [sensing.lidar.concatenate_data]: transformed_raw_points[/sensing/lidar/left/pointcloud_before_sync] is nullptr, skipping pointcloud publish.
[component_container-7] [INFO] [1785818171.986476086] [system.topic_state_monitor_mission_planning_route]: /planning/mission_planning/route has not received. Set ERROR in diagnostics.
[autoware_ndt_scan_matcher_node-24] [INFO] [1785818171.986815868] [localization.pose_estimator.ndt_scan_matcher]: Mismatch between pose timestamp and current timestamp
[component_container_mt-1] [WARN] [1785818172.087484071] [sensing.lidar.concatenate_data]: transformed_raw_points[/sensing/lidar/right/pointcloud_before_sync] is nullptr, skipping pointcloud publish.
[component_container_mt-1] [WARN] [1785818172.087538187] [sensing.lidar.concatenate_data]: transformed_raw_points[/sensing/lidar/left/pointcloud_before_sync] is nullptr, skipping pointcloud publish.
[autoware_ndt_scan_matcher_node-24] [INFO] [1785818172.087952661] [localization.pose_estimator.ndt_scan_matcher]: Mismatch between pose timestamp and current timestamp
[component_container_mt-1] [WARN] [1785818172.187402648] [sensing.lidar.concatenate_data]: transformed_raw_points[/sensing/lidar/right/pointcloud_before_sync] is nullptr, skipping pointcloud publish.
[component_container_mt-1] [WARN] [1785818172.187441005] [sensing.lidar.concatenate_data]: transformed_raw_points[/sensing/lidar/left/pointcloud_before_sync] is nullptr, skipping pointcloud publish.
[autoware_ndt_scan_matcher_node-24] [INFO] [1785818172.188042381] [localization.pose_estimator.ndt_scan_matcher]: Mismatch between pose timestamp and current timestamp
[autoware_mrm_handler_node-13] [INFO] [1785818172.285887343] [system.mrm_handler]: MRM State changed: NORMAL -> MRM_OPERATING
[component_container_mt-1] [WARN] [1785818172.286163246] [sensing.lidar.concatenate_data]: transformed_raw_points[/sensing/lidar/right/pointcloud_before_sync] is nullptr, skipping pointcloud publish.
[component_container_mt-1] [WARN] [1785818172.286198758] [sensing.lidar.concatenate_data]: transformed_raw_points[/sensing/lidar/left/pointcloud_before_sync] is nullptr, skipping pointcloud publish.
[autoware_ndt_scan_matcher_node-24] [INFO] [1785818172.287316664] [localization.pose_estimator.ndt_scan_matcher]: Mismatch between pose timestamp and current timestamp
[autoware_mrm_handler_node-13] [WARN] [1785818172.288002082] [system.mrm_handler]: EMERGENCY_STOP is operated.
[component_container_mt-47] [WARN] [1785818172.336444449] [control.vehicle_cmd_gate]: Emergency!
[component_container_mt-48] [INFO] [1785818172.336714997] [control.control_validator]: waiting for /planning/trajectory
[autoware_mrm_handler_node-13] [INFO] [1785818172.386388228] [system.mrm_handler]: MRM State changed: MRM_OPERATING -> NORMAL
[autoware_mrm_handler_node-13] [WARN] [1785818172.386629078] [system.mrm_handler]: EMERGENCY_STOP is canceled.
[component_container_mt-1] [WARN] [1785818172.386477085] [sensing.lidar.concatenate_data]: transformed_raw_points[/sensing/lidar/right/pointcloud_before_sync] is nullptr, skipping pointcloud publish.
[component_container_mt-1] [WARN] [1785818172.386511653] [sensing.lidar.concatenate_data]: transformed_raw_points[/sensing/lidar/left/pointcloud_before_sync] is nullptr, skipping pointcloud publish.
[logging_node-14] [WARN] [1785818172.386754668] [logging_diag_graph]: The target mode is not available for the following reasons:
[logging_node-14] - /autoware/modes/autonomous ERROR
[logging_node-14]     - /autoware/planning ERROR
[logging_node-14]         - /autoware/planning/routing/state ERROR
[logging_node-14]         - [anonymous group] ERROR
[logging_node-14]             - /autoware/planning/topic_rate_check/route ERROR
[logging_node-14]             - /autoware/planning/topic_rate_check/trajectory ERROR
[logging_node-14]     - /autoware/control ERROR
[logging_node-14]         - /autoware/control/topic_rate_check/trajectory_follower ERROR
[logging_node-14]         - /autoware/control/topic_rate_check/control_command WARN 
[logging_node-14] 
[autoware_ndt_scan_matcher_node-24] [INFO] [1785818172.387084884] [localization.pose_estimator.ndt_scan_matcher]: Mismatch between pose timestamp and current timestamp
[component_container_mt-1] [WARN] [1785818172.486604451] [sensing.lidar.concatenate_data]: transformed_raw_points[/sensing/lidar/right/pointcloud_before_sync] is nullptr, skipping pointcloud publish.
[component_container_mt-1] [WARN] [1785818172.486652636] [sensing.lidar.concatenate_data]: transformed_raw_points[/sensing/lidar/left/pointcloud_before_sync] is nullptr, skipping pointcloud publish.
[autoware_ndt_scan_matcher_node-24] [INFO] [1785818172.487134586] [localization.pose_estimator.ndt_scan_matcher]: Mismatch between pose timestamp and current timestamp
[component_container_mt-1] [WARN] [1785818172.586599238] [sensing.lidar.concatenate_data]: transformed_raw_points[/sensing/lidar/right/pointcloud_before_sync] is nullptr, skipping pointcloud publish.
[component_container_mt-1] [WARN] [1785818172.586641386] [sensing.lidar.concatenate_data]: transformed_raw_points[/sensing/lidar/left/pointcloud_before_sync] is nullptr, skipping pointcloud publish.
[autoware_ndt_scan_matcher_node-24] [INFO] [1785818172.587760476] [localization.pose_estimator.ndt_scan_matcher]: Mismatch between pose timestamp and current timestamp
[component_container_mt-1] [WARN] [1785818172.686966077] [sensing.lidar.concatenate_data]: transformed_raw_points[/sensing/lidar/right/pointcloud_before_sync] is nullptr, skipping pointcloud publish.
[component_container_mt-1] [WARN] [1785818172.687011733] [sensing.lidar.concatenate_data]: transformed_raw_points[/sensing/lidar/left/pointcloud_before_sync] is nullptr, skipping pointcloud publish.
[autoware_ndt_scan_matcher_node-24] [INFO] [1785818172.687450234] [localization.pose_estimator.ndt_scan_matcher]: Mismatch between pose timestamp and current timestamp
[component_container_mt-1] [WARN] [1785818172.786137728] [sensing.lidar.concatenate_data]: transformed_raw_points[/sensing/lidar/right/pointcloud_before_sync] is nullptr, skipping pointcloud publish.
[component_container_mt-1] [WARN] [1785818172.786183310] [sensing.lidar.concatenate_data]: transformed_raw_points[/sensing/lidar/left/pointcloud_before_sync] is nullptr, skipping pointcloud publish.
[autoware_ndt_scan_matcher_node-24] [INFO] [1785818172.786644323] [localization.pose_estimator.ndt_scan_matcher]: Mismatch between pose timestamp and current timestamp
[component_container_mt-48] [INFO] [1785818172.886349032] [control.autonomous_emergency_braking]: [AEB] waiting for control predicted trajectory
[component_container_mt-1] [WARN] [1785818172.887144563] [sensing.lidar.concatenate_data]: transformed_raw_points[/sensing/lidar/right/pointcloud_before_sync] is nullptr, skipping pointcloud publish.
[component_container_mt-1] [WARN] [1785818172.887185230] [sensing.lidar.concatenate_data]: transformed_raw_points[/sensing/lidar/left/pointcloud_before_sync] is nullptr, skipping pointcloud publish.
[autoware_ndt_scan_matcher_node-24] [INFO] [1785818172.887665830] [localization.pose_estimator.ndt_scan_matcher]: Mismatch between pose timestamp and current timestamp
[component_container_mt-1] [WARN] [1785818172.986140564] [sensing.lidar.concatenate_data]: transformed_raw_points[/sensing/lidar/right/pointcloud_before_sync] is nullptr, skipping pointcloud publish.
[component_container_mt-1] [WARN] [1785818172.986188010] [sensing.lidar.concatenate_data]: transformed_raw_points[/sensing/lidar/left/pointcloud_before_sync] is nullptr, skipping pointcloud publish.
[autoware_ndt_scan_matcher_node-24] [INFO] [1785818172.987442256] [localization.pose_estimator.ndt_scan_matcher]: Mismatch between pose timestamp and current timestamp
[component_container_mt-1] [WARN] [1785818173.086727961] [sensing.lidar.concatenate_data]: transformed_raw_points[/sensing/lidar/right/pointcloud_before_sync] is nullptr, skipping pointcloud publish.
[component_container_mt-1] [WARN] [1785818173.086779063] [sensing.lidar.concatenate_data]: transformed_raw_points[/sensing/lidar/left/pointcloud_before_sync] is nullptr, skipping pointcloud publish.
[autoware_ndt_scan_matcher_node-24] [INFO] [1785818173.087269776] [localization.pose_estimator.ndt_scan_matcher]: Mismatch between pose timestamp and current timestamp
[component_container_mt-1] [WARN] [1785818173.187003092] [sensing.lidar.concatenate_data]: transformed_raw_points[/sensing/lidar/right/pointcloud_before_sync] is nullptr, skipping pointcloud publish.
[component_container_mt-1] [WARN] [1785818173.187048925] [sensing.lidar.concatenate_data]: transformed_raw_points[/sensing/lidar/left/pointcloud_before_sync] is nullptr, skipping pointcloud publish.
[autoware_ndt_scan_matcher_node-24] [INFO] [1785818173.187508122] [localization.pose_estimator.ndt_scan_matcher]: Mismatch between pose timestamp and current timestamp
[autoware_mrm_handler_node-13] [INFO] [1785818173.285974466] [system.mrm_handler]: MRM State changed: NORMAL -> MRM_OPERATING
[component_container_mt-1] [WARN] [1785818173.286115392] [sensing.lidar.concatenate_data]: transformed_raw_points[/sensing/lidar/right/pointcloud_before_sync] is nullptr, skipping pointcloud publish.
[component_container_mt-1] [WARN] [1785818173.286152755] [sensing.lidar.concatenate_data]: transformed_raw_points[/sensing/lidar/left/pointcloud_before_sync] is nullptr, skipping pointcloud publish.
[autoware_mrm_handler_node-13] [WARN] [1785818173.286309783] [system.mrm_handler]: EMERGENCY_STOP is operated.
[autoware_ndt_scan_matcher_node-24] [INFO] [1785818173.286889520] [localization.pose_estimator.ndt_scan_matcher]: Mismatch between pose timestamp and current timestamp
[component_container_mt-47] [WARN] [1785818173.336441251] [control.vehicle_cmd_gate]: Emergency!
[autoware_mrm_handler_node-13] [INFO] [1785818173.386424241] [system.mrm_handler]: MRM State changed: MRM_OPERATING -> NORMAL
[autoware_mrm_handler_node-13] [WARN] [1785818173.386736409] [system.mrm_handler]: EMERGENCY_STOP is canceled.
[component_container_mt-1] [WARN] [1785818173.387086896] [sensing.lidar.concatenate_data]: transformed_raw_points[/sensing/lidar/right/pointcloud_before_sync] is nullptr, skipping pointcloud publish.
[component_container_mt-1] [WARN] [1785818173.387120731] [sensing.lidar.concatenate_data]: transformed_raw_points[/sensing/lidar/left/pointcloud_before_sync] is nullptr, skipping pointcloud publish.
[autoware_ndt_scan_matcher_node-24] [INFO] [1785818173.387606870] [localization.pose_estimator.ndt_scan_matcher]: Mismatch between pose timestamp and current timestamp
[component_container_mt-1] [WARN] [1785818173.486041522] [sensing.lidar.concatenate_data]: transformed_raw_points[/sensing/lidar/right/pointcloud_before_sync] is nullptr, skipping pointcloud publish.
[component_container_mt-1] [WARN] [1785818173.486090525] [sensing.lidar.concatenate_data]: transformed_raw_points[/sensing/lidar/left/pointcloud_before_sync] is nullptr, skipping pointcloud publish.
[autoware_ndt_scan_matcher_node-24] [INFO] [1785818173.486585819] [localization.pose_estimator.ndt_scan_matcher]: Mismatch between pose timestamp and current timestamp
[component_container_mt-1] [WARN] [1785818173.586232983] [sensing.lidar.concatenate_data]: transformed_raw_points[/sensing/lidar/right/pointcloud_before_sync] is nullptr, skipping pointcloud publish.
[autoware_ndt_scan_matcher_node-24] [INFO] [1785818173.586755290] [localization.pose_estimator.ndt_scan_matcher]: Mismatch between pose timestamp and current timestamp
[component_container_mt-1] [WARN] [1785818173.586872728] [sensing.lidar.concatenate_data]: transformed_raw_points[/sensing/lidar/left/pointcloud_before_sync] is nullptr, skipping pointcloud publish.
[component_container_mt-1] [WARN] [1785818173.686487071] [sensing.lidar.concatenate_data]: transformed_raw_points[/sensing/lidar/right/pointcloud_before_sync] is nullptr, skipping pointcloud publish.
[component_container_mt-1] [WARN] [1785818173.686557518] [sensing.lidar.concatenate_data]: transformed_raw_points[/sensing/lidar/left/pointcloud_before_sync] is nullptr, skipping pointcloud publish.
[autoware_ndt_scan_matcher_node-24] [INFO] [1785818173.687706205] [localization.pose_estimator.ndt_scan_matcher]: Mismatch between pose timestamp and current timestamp
[component_container_mt-1] [WARN] [1785818173.786708940] [sensing.lidar.concatenate_data]: transformed_raw_points[/sensing/lidar/right/pointcloud_before_sync] is nullptr, skipping pointcloud publish.
[component_container_mt-1] [WARN] [1785818173.786759933] [sensing.lidar.concatenate_data]: transformed_raw_points[/sensing/lidar/left/pointcloud_before_sync] is nullptr, skipping pointcloud publish.
[autoware_ndt_scan_matcher_node-24] [INFO] [1785818173.787949052] [localization.pose_estimator.ndt_scan_matcher]: Mismatch between pose timestamp and current timestamp
[component_container_mt-1] [WARN] [1785818173.886376763] [sensing.lidar.concatenate_data]: transformed_raw_points[/sensing/lidar/right/pointcloud_before_sync] is nullptr, skipping pointcloud publish.
[component_container_mt-1] [WARN] [1785818173.886486566] [sensing.lidar.concatenate_data]: transformed_raw_points[/sensing/lidar/left/pointcloud_before_sync] is nullptr, skipping pointcloud publish.
[autoware_ndt_scan_matcher_node-24] [INFO] [1785818173.887201178] [localization.pose_estimator.ndt_scan_matcher]: Mismatch between pose timestamp and current timestamp
[component_container_mt-1] [WARN] [1785818173.986514681] [sensing.lidar.concatenate_data]: transformed_raw_points[/sensing/lidar/right/pointcloud_before_sync] is nullptr, skipping pointcloud publish.
[component_container_mt-1] [WARN] [1785818173.986558406] [sensing.lidar.concatenate_data]: transformed_raw_points[/sensing/lidar/left/pointcloud_before_sync] is nullptr, skipping pointcloud publish.
[autoware_ndt_scan_matcher_node-24] [INFO] [1785818173.987000160] [localization.pose_estimator.ndt_scan_matcher]: Mismatch between pose timestamp and current timestamp
[component_container_mt-1] [WARN] [1785818174.086365653] [sensing.lidar.concatenate_data]: transformed_raw_points[/sensing/lidar/right/pointcloud_before_sync] is nullptr, skipping pointcloud publish.
[component_container_mt-1] [WARN] [1785818174.086415094] [sensing.lidar.concatenate_data]: transformed_raw_points[/sensing/lidar/left/pointcloud_before_sync] is nullptr, skipping pointcloud publish.
[component_container-7] [WARN] [1785818174.086964586] [system.topic_state_monitor_control_command_control_cmd]: /control/command/control_cmd topic rate has dropped to the warning level. Set WARN in diagnostics.
[autoware_ndt_scan_matcher_node-24] [INFO] [1785818174.087212618] [localization.pose_estimator.ndt_scan_matcher]: Mismatch between pose timestamp and current timestamp
[component_container_mt-1] [WARN] [1785818174.186204012] [sensing.lidar.concatenate_data]: transformed_raw_points[/sensing/lidar/right/pointcloud_before_sync] is nullptr, skipping pointcloud publish.
[component_container_mt-1] [WARN] [1785818174.186254246] [sensing.lidar.concatenate_data]: transformed_raw_points[/sensing/lidar/left/pointcloud_before_sync] is nullptr, skipping pointcloud publish.
[autoware_ndt_scan_matcher_node-24] [INFO] [1785818174.186918921] [localization.pose_estimator.ndt_scan_matcher]: Mismatch between pose timestamp and current timestamp
[autoware_scenario_selector_node-36] [INFO] [1785818174.187104179] [planning.scenario_planning.scenario_selector]: Waiting for route.
[component_container_mt-48] [INFO] [1785818174.187401345] [control.trajectory_follower.lane_departure_checker_node]: waiting for route msg...
[component_container_mt-1] [WARN] [1785818174.286355744] [sensing.lidar.concatenate_data]: transformed_raw_points[/sensing/lidar/right/pointcloud_before_sync] is nullptr, skipping pointcloud publish.
[component_container_mt-1] [WARN] [1785818174.286403300] [sensing.lidar.concatenate_data]: transformed_raw_points[/sensing/lidar/left/pointcloud_before_sync] is nullptr, skipping pointcloud publish.
[autoware_mrm_handler_node-13] [INFO] [1785818174.286589972] [system.mrm_handler]: MRM State changed: NORMAL -> MRM_OPERATING
[autoware_ndt_scan_matcher_node-24] [INFO] [1785818174.286997105] [localization.pose_estimator.ndt_scan_matcher]: Mismatch between pose timestamp and current timestamp
[autoware_mrm_handler_node-13] [WARN] [1785818174.287583481] [system.mrm_handler]: EMERGENCY_STOP is operated.
[component_container_mt-47] [WARN] [1785818174.336148744] [control.vehicle_cmd_gate]: Emergency!
[autoware_mrm_handler_node-13] [INFO] [1785818174.386409075] [system.mrm_handler]: MRM State changed: MRM_OPERATING -> NORMAL
[component_container_mt-1] [WARN] [1785818174.386458468] [sensing.lidar.concatenate_data]: transformed_raw_points[/sensing/lidar/right/pointcloud_before_sync] is nullptr, skipping pointcloud publish.
[component_container_mt-1] [WARN] [1785818174.386495744] [sensing.lidar.concatenate_data]: transformed_raw_points[/sensing/lidar/left/pointcloud_before_sync] is nullptr, skipping pointcloud publish.
[autoware_ndt_scan_matcher_node-24] [INFO] [1785818174.387009907] [localization.pose_estimator.ndt_scan_matcher]: Mismatch between pose timestamp and current timestamp
[autoware_mrm_handler_node-13] [WARN] [1785818174.387633544] [system.mrm_handler]: EMERGENCY_STOP is canceled.
[component_container_mt-1] [WARN] [1785818174.486564667] [sensing.lidar.concatenate_data]: transformed_raw_points[/sensing/lidar/right/pointcloud_before_sync] is nullptr, skipping pointcloud publish.
[component_container_mt-1] [WARN] [1785818174.486616011] [sensing.lidar.concatenate_data]: transformed_raw_points[/sensing/lidar/left/pointcloud_before_sync] is nullptr, skipping pointcloud publish.
[autoware_ndt_scan_matcher_node-24] [INFO] [1785818174.487274431] [localization.pose_estimator.ndt_scan_matcher]: Mismatch between pose timestamp and current timestamp
[component_container_mt-1] [WARN] [1785818174.586162918] [sensing.lidar.concatenate_data]: transformed_raw_points[/sensing/lidar/right/pointcloud_before_sync] is nullptr, skipping pointcloud publish.
[component_container_mt-1] [WARN] [1785818174.586212866] [sensing.lidar.concatenate_data]: transformed_raw_points[/sensing/lidar/left/pointcloud_before_sync] is nullptr, skipping pointcloud publish.
[autoware_ndt_scan_matcher_node-24] [INFO] [1785818174.586789262] [localization.pose_estimator.ndt_scan_matcher]: Mismatch between pose timestamp and current timestamp
[component_container_mt-1] [WARN] [1785818174.686155096] [sensing.lidar.concatenate_data]: transformed_raw_points[/sensing/lidar/right/pointcloud_before_sync] is nullptr, skipping pointcloud publish.
[component_container_mt-1] [WARN] [1785818174.686200857] [sensing.lidar.concatenate_data]: transformed_raw_points[/sensing/lidar/left/pointcloud_before_sync] is nullptr, skipping pointcloud publish.
[autoware_ndt_scan_matcher_node-24] [INFO] [1785818174.687629795] [localization.pose_estimator.ndt_scan_matcher]: Mismatch between pose timestamp and current timestamp
[component_container_mt-1] [WARN] [1785818174.694164164] [localization.util.crop_box_filter_measurement_range]: Invalid PointCloud: row_step mismatch. Expected: 99456 (width 6216 * point_step 16), Got: 0. Frame: 'base_link', Stamp: 44.508997407 Please fill in the `cloud->row_step` field accordingly. This will be an ERROR starting in 2026 July
[component_container_mt-1] [WARN] [1785818174.786405932] [sensing.lidar.concatenate_data]: transformed_raw_points[/sensing/lidar/right/pointcloud_before_sync] is nullptr, skipping pointcloud publish.
[component_container_mt-1] [WARN] [1785818174.786453183] [sensing.lidar.concatenate_data]: transformed_raw_points[/sensing/lidar/left/pointcloud_before_sync] is nullptr, skipping pointcloud publish.
[autoware_ndt_scan_matcher_node-24] [INFO] [1785818174.786993850] [localization.pose_estimator.ndt_scan_matcher]: Mismatch between pose timestamp and current timestamp
[component_container_mt-1] [WARN] [1785818174.886374023] [sensing.lidar.concatenate_data]: transformed_raw_points[/sensing/lidar/right/pointcloud_before_sync] is nullptr, skipping pointcloud publish.
[component_container_mt-1] [WARN] [1785818174.886420331] [sensing.lidar.concatenate_data]: transformed_raw_points[/sensing/lidar/left/pointcloud_before_sync] is nullptr, skipping pointcloud publish.
[autoware_ndt_scan_matcher_node-24] [INFO] [1785818174.887100931] [localization.pose_estimator.ndt_scan_matcher]: Mismatch between pose timestamp and current timestamp
[component_container_mt-1] [WARN] [1785818174.986465796] [sensing.lidar.concatenate_data]: transformed_raw_points[/sensing/lidar/right/pointcloud_before_sync] is nullptr, skipping pointcloud publish.
[component_container_mt-1] [WARN] [1785818174.986511340] [sensing.lidar.concatenate_data]: transformed_raw_points[/sensing/lidar/left/pointcloud_before_sync] is nullptr, skipping pointcloud publish.
[component_container-7] [INFO] [1785818174.986919853] [system.topic_state_monitor_mission_planning_route]: /planning/mission_planning/route has not received. Set ERROR in diagnostics.
[autoware_ndt_scan_matcher_node-24] [INFO] [1785818174.987197004] [localization.pose_estimator.ndt_scan_matcher]: Mismatch between pose timestamp and current timestamp
[component_container_mt-1] [WARN] [1785818175.086460558] [sensing.lidar.concatenate_data]: transformed_raw_points[/sensing/lidar/right/pointcloud_before_sync] is nullptr, skipping pointcloud publish.
[component_container_mt-1] [WARN] [1785818175.086512246] [sensing.lidar.concatenate_data]: transformed_raw_points[/sensing/lidar/left/pointcloud_before_sync] is nullptr, skipping pointcloud publish.
[autoware_ndt_scan_matcher_node-24] [INFO] [1785818175.087715907] [localization.pose_estimator.ndt_scan_matcher]: Mismatch between pose timestamp and current timestamp
[component_container_mt-1] [WARN] [1785818175.186419578] [sensing.lidar.concatenate_data]: transformed_raw_points[/sensing/lidar/right/pointcloud_before_sync] is nullptr, skipping pointcloud publish.
[component_container_mt-1] [WARN] [1785818175.186470096] [sensing.lidar.concatenate_data]: transformed_raw_points[/sensing/lidar/left/pointcloud_before_sync] is nullptr, skipping pointcloud publish.
[autoware_ndt_scan_matcher_node-24] [INFO] [1785818175.186898564] [localization.pose_estimator.ndt_scan_matcher]: Mismatch between pose timestamp and current timestamp
[autoware_mrm_handler_node-13] [INFO] [1785818175.286311370] [system.mrm_handler]: MRM State changed: NORMAL -> MRM_OPERATING
[autoware_mrm_handler_node-13] [WARN] [1785818175.286450399] [system.mrm_handler]: EMERGENCY_STOP is operated.
[component_container_mt-1] [WARN] [1785818175.286450246] [sensing.lidar.concatenate_data]: transformed_raw_points[/sensing/lidar/right/pointcloud_before_sync] is nullptr, skipping pointcloud publish.
[component_container_mt-1] [WARN] [1785818175.286486010] [sensing.lidar.concatenate_data]: transformed_raw_points[/sensing/lidar/left/pointcloud_before_sync] is nullptr, skipping pointcloud publish.
[component_container_mt-47] [INFO] [1785818175.286687902] [control.trajectory_follower.controller_node_exe]: Waiting for trajectory data
[component_container_mt-47] [INFO] [1785818175.286724708] [control.trajectory_follower.controller_node_exe]: Control is skipped since input data is not ready.
[autoware_ndt_scan_matcher_node-24] [INFO] [1785818175.287034112] [localization.pose_estimator.ndt_scan_matcher]: Mismatch between pose timestamp and current timestamp
[component_container_mt-1] [WARN] [1785818175.385969050] [sensing.lidar.concatenate_data]: transformed_raw_points[/sensing/lidar/right/pointcloud_before_sync] is nullptr, skipping pointcloud publish.
[component_container_mt-1] [WARN] [1785818175.386018560] [sensing.lidar.concatenate_data]: transformed_raw_points[/sensing/lidar/left/pointcloud_before_sync] is nullptr, skipping pointcloud publish.
[autoware_mrm_handler_node-13] [INFO] [1785818175.386400468] [system.mrm_handler]: MRM State changed: MRM_OPERATING -> NORMAL
[autoware_mrm_handler_node-13] [WARN] [1785818175.386817298] [system.mrm_handler]: EMERGENCY_STOP is canceled.
[autoware_ndt_scan_matcher_node-24] [INFO] [1785818175.386583664] [localization.pose_estimator.ndt_scan_matcher]: Mismatch between pose timestamp and current timestamp
[component_container_mt-1] [WARN] [1785818175.486104051] [sensing.lidar.concatenate_data]: transformed_raw_points[/sensing/lidar/right/pointcloud_before_sync] is nullptr, skipping pointcloud publish.
[component_container_mt-1] [WARN] [1785818175.486155373] [sensing.lidar.concatenate_data]: transformed_raw_points[/sensing/lidar/left/pointcloud_before_sync] is nullptr, skipping pointcloud publish.
[logging_node-14] [WARN] [1785818175.486430397] [logging_diag_graph]: The target mode is not available for the following reasons:
[logging_node-14] - /autoware/modes/autonomous ERROR
[logging_node-14]     - /autoware/planning ERROR
[logging_node-14]         - /autoware/planning/routing/state ERROR
[logging_node-14]         - [anonymous group] ERROR
[logging_node-14]             - /autoware/planning/topic_rate_check/route ERROR
[logging_node-14]             - /autoware/planning/topic_rate_check/trajectory ERROR
[logging_node-14]             - /autoware/planning/trajectory_validation ERROR
[logging_node-14]     - /autoware/control ERROR
[logging_node-14]         - /autoware/control/topic_rate_check/trajectory_follower ERROR
[logging_node-14]         - /autoware/control/topic_rate_check/control_command WARN 
[logging_node-14] 
[autoware_ndt_scan_matcher_node-24] [INFO] [1785818175.486916958] [localization.pose_estimator.ndt_scan_matcher]: Mismatch between pose timestamp and current timestamp
[component_container_mt-1] [WARN] [1785818175.587084622] [sensing.lidar.concatenate_data]: transformed_raw_points[/sensing/lidar/right/pointcloud_before_sync] is nullptr, skipping pointcloud publish.
[component_container_mt-1] [WARN] [1785818175.587125998] [sensing.lidar.concatenate_data]: transformed_raw_points[/sensing/lidar/left/pointcloud_before_sync] is nullptr, skipping pointcloud publish.
[autoware_ndt_scan_matcher_node-24] [INFO] [1785818175.587595772] [localization.pose_estimator.ndt_scan_matcher]: Mismatch between pose timestamp and current timestamp
[component_container-18] [WARN] [1785818175.594641247] [sensing.lidar.top.crop_box_filter_self]: Invalid PointCloud: is_dense is false. The point cloud should be organized (dense) and contain only valid points. This will be an ERROR starting in 2026 JulyFrame: 'velodyne_top', Stamp: 45.408997420
[component_container_mt-1] [WARN] [1785818175.686527766] [sensing.lidar.concatenate_data]: transformed_raw_points[/sensing/lidar/right/pointcloud_before_sync] is nullptr, skipping pointcloud publish.
[component_container_mt-1] [WARN] [1785818175.686572487] [sensing.lidar.concatenate_data]: transformed_raw_points[/sensing/lidar/left/pointcloud_before_sync] is nullptr, skipping pointcloud publish.
[autoware_ndt_scan_matcher_node-24] [INFO] [1785818175.687154829] [localization.pose_estimator.ndt_scan_matcher]: Mismatch between pose timestamp and current timestamp
[component_container_mt-1] [WARN] [1785818175.786270784] [sensing.lidar.concatenate_data]: transformed_raw_points[/sensing/lidar/right/pointcloud_before_sync] is nullptr, skipping pointcloud publish.
[component_container_mt-1] [WARN] [1785818175.786319863] [sensing.lidar.concatenate_data]: transformed_raw_points[/sensing/lidar/left/pointcloud_before_sync] is nullptr, skipping pointcloud publish.
[autoware_ndt_scan_matcher_node-24] [INFO] [1785818175.786958721] [localization.pose_estimator.ndt_scan_matcher]: Mismatch between pose timestamp and current timestamp
[component_container_mt-1] [WARN] [1785818175.886275613] [sensing.lidar.concatenate_data]: transformed_raw_points[/sensing/lidar/right/pointcloud_before_sync] is nullptr, skipping pointcloud publish.
[component_container_mt-1] [WARN] [1785818175.886324144] [sensing.lidar.concatenate_data]: transformed_raw_points[/sensing/lidar/left/pointcloud_before_sync] is nullptr, skipping pointcloud publish.
[autoware_ndt_scan_matcher_node-24] [INFO] [1785818175.886809467] [localization.pose_estimator.ndt_scan_matcher]: Mismatch between pose timestamp and current timestamp
[component_container_mt-1] [WARN] [1785818175.986437011] [sensing.lidar.concatenate_data]: transformed_raw_points[/sensing/lidar/right/pointcloud_before_sync] is nullptr, skipping pointcloud publish.
[component_container_mt-1] [WARN] [1785818175.986482355] [sensing.lidar.concatenate_data]: transformed_raw_points[/sensing/lidar/left/pointcloud_before_sync] is nullptr, skipping pointcloud publish.
[autoware_ndt_scan_matcher_node-24] [INFO] [1785818175.987193522] [localization.pose_estimator.ndt_scan_matcher]: Mismatch between pose timestamp and current timestamp
[component_container_mt-1] [WARN] [1785818176.086896222] [sensing.lidar.concatenate_data]: transformed_raw_points[/sensing/lidar/right/pointcloud_before_sync] is nullptr, skipping pointcloud publish.
[component_container_mt-1] [WARN] [1785818176.086943188] [sensing.lidar.concatenate_data]: transformed_raw_points[/sensing/lidar/left/pointcloud_before_sync] is nullptr, skipping pointcloud publish.
[autoware_ndt_scan_matcher_node-24] [INFO] [1785818176.087576036] [localization.pose_estimator.ndt_scan_matcher]: Mismatch between pose timestamp and current timestamp
[component_container-18] [WARN] [1785818176.093416289] [sensing.lidar.top.distortion_corrector_node]: Twist time_stamp is too late. Could not interpolate.
[component_container_mt-1] [WARN] [1785818176.186360375] [sensing.lidar.concatenate_data]: transformed_raw_points[/sensing/lidar/right/pointcloud_before_sync] is nullptr, skipping pointcloud publish.
[component_container_mt-1] [WARN] [1785818176.186408714] [sensing.lidar.concatenate_data]: transformed_raw_points[/sensing/lidar/left/pointcloud_before_sync] is nullptr, skipping pointcloud publish.
[component_container_mt-47] [INFO] [1785818176.186558135] [control.vehicle_cmd_gate]: The operation mode is changed, but the GearCommand is not received yet:
[autoware_ndt_scan_matcher_node-24] [INFO] [1785818176.187007910] [localization.pose_estimator.ndt_scan_matcher]: Mismatch between pose timestamp and current timestamp
[autoware_mrm_handler_node-13] [INFO] [1785818176.286128736] [system.mrm_handler]: MRM State changed: NORMAL -> MRM_OPERATING
[component_container_mt-1] [WARN] [1785818176.286270142] [sensing.lidar.concatenate_data]: transformed_raw_points[/sensing/lidar/right/pointcloud_before_sync] is nullptr, skipping pointcloud publish.
[component_container_mt-1] [WARN] [1785818176.286313744] [sensing.lidar.concatenate_data]: transformed_raw_points[/sensing/lidar/left/pointcloud_before_sync] is nullptr, skipping pointcloud publish.
[autoware_ndt_scan_matcher_node-24] [INFO] [1785818176.286741812] [localization.pose_estimator.ndt_scan_matcher]: Mismatch between pose timestamp and current timestamp
[autoware_mrm_handler_node-13] [WARN] [1785818176.287114388] [system.mrm_handler]: EMERGENCY_STOP is operated.
[component_container_mt-47] [WARN] [1785818176.287942021] [control.vehicle_cmd_gate]: Emergency!
[component_container_mt-40] [INFO] [1785818176.336153640] [planning.scenario_planning.lane_driving.behavior_planning.behavior_path_planner]: waiting for scenario_topic
[autoware_mrm_handler_node-13] [INFO] [1785818176.385983445] [system.mrm_handler]: MRM State changed: MRM_OPERATING -> NORMAL
[autoware_mrm_handler_node-13] [WARN] [1785818176.386364836] [system.mrm_handler]: EMERGENCY_STOP is canceled.
[component_container_mt-1] [WARN] [1785818176.386557564] [sensing.lidar.concatenate_data]: transformed_raw_points[/sensing/lidar/right/pointcloud_before_sync] is nullptr, skipping pointcloud publish.
[component_container_mt-1] [WARN] [1785818176.386591442] [sensing.lidar.concatenate_data]: transformed_raw_points[/sensing/lidar/left/pointcloud_before_sync] is nullptr, skipping pointcloud publish.
[autoware_ndt_scan_matcher_node-24] [INFO] [1785818176.387156837] [localization.pose_estimator.ndt_scan_matcher]: Mismatch between pose timestamp and current timestamp
[component_container_mt-1] [WARN] [1785818176.486238459] [sensing.lidar.concatenate_data]: transformed_raw_points[/sensing/lidar/right/pointcloud_before_sync] is nullptr, skipping pointcloud publish.
[component_container_mt-1] [WARN] [1785818176.486285027] [sensing.lidar.concatenate_data]: transformed_raw_points[/sensing/lidar/left/pointcloud_before_sync] is nullptr, skipping pointcloud publish.
[autoware_ndt_scan_matcher_node-24] [INFO] [1785818176.486820523] [localization.pose_estimator.ndt_scan_matcher]: Mismatch between pose timestamp and current timestamp
[component_container_mt-1] [WARN] [1785818176.586026378] [sensing.lidar.concatenate_data]: transformed_raw_points[/sensing/lidar/right/pointcloud_before_sync] is nullptr, skipping pointcloud publish.
[component_container_mt-1] [WARN] [1785818176.586079285] [sensing.lidar.concatenate_data]: transformed_raw_points[/sensing/lidar/left/pointcloud_before_sync] is nullptr, skipping pointcloud publish.
[autoware_ndt_scan_matcher_node-24] [INFO] [1785818176.587026556] [localization.pose_estimator.ndt_scan_matcher]: Mismatch between pose timestamp and current timestamp
[component_container_mt-1] [WARN] [1785818176.686899624] [sensing.lidar.concatenate_data]: transformed_raw_points[/sensing/lidar/right/pointcloud_before_sync] is nullptr, skipping pointcloud publish.
[component_container_mt-1] [WARN] [1785818176.686936692] [sensing.lidar.concatenate_data]: transformed_raw_points[/sensing/lidar/left/pointcloud_before_sync] is nullptr, skipping pointcloud publish.
[autoware_ndt_scan_matcher_node-24] [INFO] [1785818176.687728011] [localization.pose_estimator.ndt_scan_matcher]: Mismatch between pose timestamp and current timestamp
[component_container_mt-1] [WARN] [1785818176.786029968] [sensing.lidar.concatenate_data]: transformed_raw_points[/sensing/lidar/right/pointcloud_before_sync] is nullptr, skipping pointcloud publish.
[component_container_mt-1] [WARN] [1785818176.786077598] [sensing.lidar.concatenate_data]: transformed_raw_points[/sensing/lidar/left/pointcloud_before_sync] is nullptr, skipping pointcloud publish.
[autoware_ndt_scan_matcher_node-24] [INFO] [1785818176.786948364] [localization.pose_estimator.ndt_scan_matcher]: Mismatch between pose timestamp and current timestamp
[component_container_mt-1] [WARN] [1785818176.886652526] [sensing.lidar.concatenate_data]: transformed_raw_points[/sensing/lidar/right/pointcloud_before_sync] is nullptr, skipping pointcloud publish.
[component_container_mt-1] [WARN] [1785818176.886692493] [sensing.lidar.concatenate_data]: transformed_raw_points[/sensing/lidar/left/pointcloud_before_sync] is nullptr, skipping pointcloud publish.
[autoware_ndt_scan_matcher_node-24] [INFO] [1785818176.887259227] [localization.pose_estimator.ndt_scan_matcher]: Mismatch between pose timestamp and current timestamp
[component_container_mt-1] [WARN] [1785818176.986503186] [sensing.lidar.concatenate_data]: transformed_raw_points[/sensing/lidar/right/pointcloud_before_sync] is nullptr, skipping pointcloud publish.
[component_container_mt-1] [WARN] [1785818176.986550052] [sensing.lidar.concatenate_data]: transformed_raw_points[/sensing/lidar/left/pointcloud_before_sync] is nullptr, skipping pointcloud publish.
[autoware_ndt_scan_matcher_node-24] [INFO] [1785818176.987306845] [localization.pose_estimator.ndt_scan_matcher]: Mismatch between pose timestamp and current timestamp
[component_container_mt-1] [WARN] [1785818177.086145472] [sensing.lidar.concatenate_data]: transformed_raw_points[/sensing/lidar/right/pointcloud_before_sync] is nullptr, skipping pointcloud publish.
[component_container_mt-1] [WARN] [1785818177.086197937] [sensing.lidar.concatenate_data]: transformed_raw_points[/sensing/lidar/left/pointcloud_before_sync] is nullptr, skipping pointcloud publish.
[component_container-7] [WARN] [1785818177.086334025] [system.topic_state_monitor_control_command_control_cmd]: /control/command/control_cmd topic rate has dropped to the warning level. Set WARN in diagnostics.
[autoware_ndt_scan_matcher_node-24] [INFO] [1785818177.086855669] [localization.pose_estimator.ndt_scan_matcher]: Mismatch between pose timestamp and current timestamp
[component_container_mt-1] [WARN] [1785818177.186799775] [sensing.lidar.concatenate_data]: transformed_raw_points[/sensing/lidar/right/pointcloud_before_sync] is nullptr, skipping pointcloud publish.
[component_container_mt-1] [WARN] [1785818177.186843761] [sensing.lidar.concatenate_data]: transformed_raw_points[/sensing/lidar/left/pointcloud_before_sync] is nullptr, skipping pointcloud publish.
[autoware_ndt_scan_matcher_node-24] [INFO] [1785818177.187314331] [localization.pose_estimator.ndt_scan_matcher]: Mismatch between pose timestamp and current timestamp
[component_container_mt-1] [WARN] [1785818177.286137098] [sensing.lidar.concatenate_data]: transformed_raw_points[/sensing/lidar/right/pointcloud_before_sync] is nullptr, skipping pointcloud publish.
[component_container_mt-1] [WARN] [1785818177.286183105] [sensing.lidar.concatenate_data]: transformed_raw_points[/sensing/lidar/left/pointcloud_before_sync] is nullptr, skipping pointcloud publish.
[autoware_ndt_scan_matcher_node-24] [INFO] [1785818177.286849415] [localization.pose_estimator.ndt_scan_matcher]: Mismatch between pose timestamp and current timestamp
[component_container_mt-1] [WARN] [1785818177.386299797] [sensing.lidar.concatenate_data]: transformed_raw_points[/sensing/lidar/right/pointcloud_before_sync] is nullptr, skipping pointcloud publish.
[component_container_mt-1] [WARN] [1785818177.386347891] [sensing.lidar.concatenate_data]: transformed_raw_points[/sensing/lidar/left/pointcloud_before_sync] is nullptr, skipping pointcloud publish.
[autoware_ndt_scan_matcher_node-24] [INFO] [1785818177.387062154] [localization.pose_estimator.ndt_scan_matcher]: Mismatch between pose timestamp and current timestamp
[component_container_mt-1] [WARN] [1785818177.486493959] [sensing.lidar.concatenate_data]: transformed_raw_points[/sensing/lidar/right/pointcloud_before_sync] is nullptr, skipping pointcloud publish.
[component_container_mt-1] [WARN] [1785818177.486547111] [sensing.lidar.concatenate_data]: transformed_raw_points[/sensing/lidar/left/pointcloud_before_sync] is nullptr, skipping pointcloud publish.
[autoware_ndt_scan_matcher_node-24] [INFO] [1785818177.487046138] [localization.pose_estimator.ndt_scan_matcher]: Mismatch between pose timestamp and current timestamp
[component_container_mt-1] [WARN] [1785818177.587040063] [sensing.lidar.concatenate_data]: transformed_raw_points[/sensing/lidar/right/pointcloud_before_sync] is nullptr, skipping pointcloud publish.
[component_container_mt-1] [WARN] [1785818177.587085185] [sensing.lidar.concatenate_data]: transformed_raw_points[/sensing/lidar/left/pointcloud_before_sync] is nullptr, skipping pointcloud publish.
[autoware_ndt_scan_matcher_node-24] [INFO] [1785818177.587606404] [localization.pose_estimator.ndt_scan_matcher]: Mismatch between pose timestamp and current timestamp
[component_container_mt-1] [WARN] [1785818177.686765968] [sensing.lidar.concatenate_data]: transformed_raw_points[/sensing/lidar/right/pointcloud_before_sync] is nullptr, skipping pointcloud publish.
[component_container_mt-1] [WARN] [1785818177.686807260] [sensing.lidar.concatenate_data]: transformed_raw_points[/sensing/lidar/left/pointcloud_before_sync] is nullptr, skipping pointcloud publish.
[autoware_ndt_scan_matcher_node-24] [INFO] [1785818177.687445071] [localization.pose_estimator.ndt_scan_matcher]: Mismatch between pose timestamp and current timestamp
[component_container_mt-1] [WARN] [1785818177.787965732] [sensing.lidar.concatenate_data]: transformed_raw_points[/sensing/lidar/right/pointcloud_before_sync] is nullptr, skipping pointcloud publish.
[component_container_mt-1] [WARN] [1785818177.788012514] [sensing.lidar.concatenate_data]: transformed_raw_points[/sensing/lidar/left/pointcloud_before_sync] is nullptr, skipping pointcloud publish.
[autoware_ndt_scan_matcher_node-24] [INFO] [1785818177.788429954] [localization.pose_estimator.ndt_scan_matcher]: Mismatch between pose timestamp and current timestamp
[component_container_mt-48] [INFO] [1785818177.885880164] [control.autonomous_emergency_braking]: [AEB] waiting for control predicted trajectory
[component_container_mt-1] [WARN] [1785818177.886504210] [sensing.lidar.concatenate_data]: transformed_raw_points[/sensing/lidar/right/pointcloud_before_sync] is nullptr, skipping pointcloud publish.
[component_container_mt-1] [WARN] [1785818177.886537294] [sensing.lidar.concatenate_data]: transformed_raw_points[/sensing/lidar/left/pointcloud_before_sync] is nullptr, skipping pointcloud publish.
[autoware_ndt_scan_matcher_node-24] [INFO] [1785818177.888114565] [localization.pose_estimator.ndt_scan_matcher]: Mismatch between pose timestamp and current timestamp
[component_container_mt-1] [WARN] [1785818177.986383450] [sensing.lidar.concatenate_data]: transformed_raw_points[/sensing/lidar/right/pointcloud_before_sync] is nullptr, skipping pointcloud publish.
[component_container_mt-1] [WARN] [1785818177.986426140] [sensing.lidar.concatenate_data]: transformed_raw_points[/sensing/lidar/left/pointcloud_before_sync] is nullptr, skipping pointcloud publish.
[component_container-7] [INFO] [1785818177.986381135] [system.topic_state_monitor_trajectory_follower_control_cmd]: /control/trajectory_follower/control_cmd has not received. Set ERROR in diagnostics.
[autoware_ndt_scan_matcher_node-24] [INFO] [1785818177.986869159] [localization.pose_estimator.ndt_scan_matcher]: Mismatch between pose timestamp and current timestamp
[component_container_mt-1] [WARN] [1785818178.086498248] [sensing.lidar.concatenate_data]: transformed_raw_points[/sensing/lidar/right/pointcloud_before_sync] is nullptr, skipping pointcloud publish.
[component_container_mt-1] [WARN] [1785818178.086548010] [sensing.lidar.concatenate_data]: transformed_raw_points[/sensing/lidar/left/pointcloud_before_sync] is nullptr, skipping pointcloud publish.
[autoware_ndt_scan_matcher_node-24] [INFO] [1785818178.087125042] [localization.pose_estimator.ndt_scan_matcher]: Mismatch between pose timestamp and current timestamp
[component_container_mt-1] [WARN] [1785818178.187043149] [sensing.lidar.concatenate_data]: transformed_raw_points[/sensing/lidar/right/pointcloud_before_sync] is nullptr, skipping pointcloud publish.
[component_container_mt-1] [WARN] [1785818178.187088323] [sensing.lidar.concatenate_data]: transformed_raw_points[/sensing/lidar/left/pointcloud_before_sync] is nullptr, skipping pointcloud publish.
[autoware_ndt_scan_matcher_node-24] [INFO] [1785818178.187528118] [localization.pose_estimator.ndt_scan_matcher]: Mismatch between pose timestamp and current timestamp
[component_container-18] [WARN] [1785818178.193417901] [sensing.lidar.top.distortion_corrector_node]: IMU time_stamp is too late. Could not interpolate.
[autoware_mrm_handler_node-13] [INFO] [1785818178.285928058] [system.mrm_handler]: MRM State changed: NORMAL -> MRM_OPERATING
[component_container_mt-1] [WARN] [1785818178.286031443] [sensing.lidar.concatenate_data]: transformed_raw_points[/sensing/lidar/right/pointcloud_before_sync] is nullptr, skipping pointcloud publish.
[component_container_mt-1] [WARN] [1785818178.286070648] [sensing.lidar.concatenate_data]: transformed_raw_points[/sensing/lidar/left/pointcloud_before_sync] is nullptr, skipping pointcloud publish.
[autoware_ndt_scan_matcher_node-24] [INFO] [1785818178.286569185] [localization.pose_estimator.ndt_scan_matcher]: Mismatch between pose timestamp and current timestamp
[autoware_mrm_handler_node-13] [WARN] [1785818178.286676306] [system.mrm_handler]: EMERGENCY_STOP is operated.
[component_container_mt-47] [WARN] [1785818178.287661508] [control.vehicle_cmd_gate]: Emergency!
[component_container_mt-48] [INFO] [1785818178.287820127] [control.control_validator]: waiting for /planning/trajectory
[component_container_mt-1] [WARN] [1785818178.386236338] [sensing.lidar.concatenate_data]: transformed_raw_points[/sensing/lidar/right/pointcloud_before_sync] is nullptr, skipping pointcloud publish.
[component_container_mt-1] [WARN] [1785818178.386285791] [sensing.lidar.concatenate_data]: transformed_raw_points[/sensing/lidar/left/pointcloud_before_sync] is nullptr, skipping pointcloud publish.
[autoware_mrm_handler_node-13] [INFO] [1785818178.386342576] [system.mrm_handler]: MRM State changed: MRM_OPERATING -> NORMAL
[autoware_ndt_scan_matcher_node-24] [INFO] [1785818178.386815776] [localization.pose_estimator.ndt_scan_matcher]: Mismatch between pose timestamp and current timestamp
[autoware_mrm_handler_node-13] [WARN] [1785818178.387477641] [system.mrm_handler]: EMERGENCY_STOP is canceled.
[logging_node-14] [WARN] [1785818178.486372264] [logging_diag_graph]: The target mode is not available for the following reasons:
[logging_node-14] - /autoware/modes/autonomous ERROR
[logging_node-14]     - /autoware/planning ERROR
[logging_node-14]         - /autoware/planning/routing/state ERROR
[logging_node-14]         - [anonymous group] ERROR
[logging_node-14]             - /autoware/planning/topic_rate_check/route ERROR
[logging_node-14]             - /autoware/planning/topic_rate_check/trajectory ERROR
[logging_node-14]             - /autoware/planning/trajectory_validation ERROR
[logging_node-14]     - /autoware/control ERROR
[logging_node-14]         - /autoware/control/topic_rate_check/trajectory_follower ERROR
[logging_node-14]         - /autoware/control/topic_rate_check/control_command ERROR
[logging_node-14] 
[component_container_mt-1] [WARN] [1785818178.486491461] [sensing.lidar.concatenate_data]: transformed_raw_points[/sensing/lidar/right/pointcloud_before_sync] is nullptr, skipping pointcloud publish.
[component_container_mt-1] [WARN] [1785818178.486533607] [sensing.lidar.concatenate_data]: transformed_raw_points[/sensing/lidar/left/pointcloud_before_sync] is nullptr, skipping pointcloud publish.
[autoware_ndt_scan_matcher_node-24] [INFO] [1785818178.487931447] [localization.pose_estimator.ndt_scan_matcher]: Mismatch between pose timestamp and current timestamp
[component_container_mt-1] [WARN] [1785818178.586706703] [sensing.lidar.concatenate_data]: transformed_raw_points[/sensing/lidar/right/pointcloud_before_sync] is nullptr, skipping pointcloud publish.
[component_container_mt-1] [WARN] [1785818178.586753385] [sensing.lidar.concatenate_data]: transformed_raw_points[/sensing/lidar/left/pointcloud_before_sync] is nullptr, skipping pointcloud publish.
[autoware_ndt_scan_matcher_node-24] [INFO] [1785818178.587615855] [localization.pose_estimator.ndt_scan_matcher]: Mismatch between pose timestamp and current timestamp
[component_container_mt-1] [WARN] [1785818178.686132448] [sensing.lidar.concatenate_data]: transformed_raw_points[/sensing/lidar/right/pointcloud_before_sync] is nullptr, skipping pointcloud publish.
[component_container_mt-1] [WARN] [1785818178.686182909] [sensing.lidar.concatenate_data]: transformed_raw_points[/sensing/lidar/left/pointcloud_before_sync] is nullptr, skipping pointcloud publish.
[autoware_ndt_scan_matcher_node-24] [INFO] [1785818178.687615484] [localization.pose_estimator.ndt_scan_matcher]: Mismatch between pose timestamp and current timestamp
[component_container_mt-1] [WARN] [1785818178.786278264] [sensing.lidar.concatenate_data]: transformed_raw_points[/sensing/lidar/right/pointcloud_before_sync] is nullptr, skipping pointcloud publish.
[component_container_mt-1] [WARN] [1785818178.786326079] [sensing.lidar.concatenate_data]: transformed_raw_points[/sensing/lidar/left/pointcloud_before_sync] is nullptr, skipping pointcloud publish.
[autoware_ndt_scan_matcher_node-24] [INFO] [1785818178.786844156] [localization.pose_estimator.ndt_scan_matcher]: Mismatch between pose timestamp and current timestamp
[component_container_mt-1] [WARN] [1785818178.886033294] [sensing.lidar.concatenate_data]: transformed_raw_points[/sensing/lidar/right/pointcloud_before_sync] is nullptr, skipping pointcloud publish.
[component_container_mt-1] [WARN] [1785818178.886084687] [sensing.lidar.concatenate_data]: transformed_raw_points[/sensing/lidar/left/pointcloud_before_sync] is nullptr, skipping pointcloud publish.
[autoware_ndt_scan_matcher_node-24] [INFO] [1785818178.886745576] [localization.pose_estimator.ndt_scan_matcher]: Mismatch between pose timestamp and current timestamp
[component_container_mt-1] [WARN] [1785818178.986767013] [sensing.lidar.concatenate_data]: transformed_raw_points[/sensing/lidar/right/pointcloud_before_sync] is nullptr, skipping pointcloud publish.
[component_container_mt-1] [WARN] [1785818178.986802834] [sensing.lidar.concatenate_data]: transformed_raw_points[/sensing/lidar/left/pointcloud_before_sync] is nullptr, skipping pointcloud publish.
[autoware_ndt_scan_matcher_node-24] [INFO] [1785818178.987340723] [localization.pose_estimator.ndt_scan_matcher]: Mismatch between pose timestamp and current timestamp
[component_container_mt-1] [WARN] [1785818179.086514747] [sensing.lidar.concatenate_data]: transformed_raw_points[/sensing/lidar/right/pointcloud_before_sync] is nullptr, skipping pointcloud publish.
[component_container_mt-1] [WARN] [1785818179.086562909] [sensing.lidar.concatenate_data]: transformed_raw_points[/sensing/lidar/left/pointcloud_before_sync] is nullptr, skipping pointcloud publish.
[autoware_ndt_scan_matcher_node-24] [INFO] [1785818179.087107977] [localization.pose_estimator.ndt_scan_matcher]: Mismatch between pose timestamp and current timestamp
[autoware_scenario_selector_node-36] [INFO] [1785818179.185850749] [planning.scenario_planning.scenario_selector]: Waiting for route.
[component_container_mt-48] [INFO] [1785818179.186659076] [control.trajectory_follower.lane_departure_checker_node]: waiting for route msg...
[component_container_mt-1] [WARN] [1785818179.186845099] [sensing.lidar.concatenate_data]: transformed_raw_points[/sensing/lidar/right/pointcloud_before_sync] is nullptr, skipping pointcloud publish.
[component_container_mt-1] [WARN] [1785818179.186874626] [sensing.lidar.concatenate_data]: transformed_raw_points[/sensing/lidar/left/pointcloud_before_sync] is nullptr, skipping pointcloud publish.
[autoware_ndt_scan_matcher_node-24] [INFO] [1785818179.187317928] [localization.pose_estimator.ndt_scan_matcher]: Mismatch between pose timestamp and current timestamp
[autoware_mrm_handler_node-13] [INFO] [1785818179.286313968] [system.mrm_handler]: MRM State changed: NORMAL -> MRM_OPERATING
[autoware_mrm_handler_node-13] [WARN] [1785818179.286467995] [system.mrm_handler]: EMERGENCY_STOP is operated.
[component_container_mt-47] [WARN] [1785818179.287106784] [control.vehicle_cmd_gate]: Emergency!
[component_container_mt-1] [WARN] [1785818179.336318118] [sensing.lidar.concatenate_data]: transformed_raw_points[/sensing/lidar/right/pointcloud_before_sync] is nullptr, skipping pointcloud publish.
[component_container_mt-1] [WARN] [1785818179.336368752] [sensing.lidar.concatenate_data]: transformed_raw_points[/sensing/lidar/left/pointcloud_before_sync] is nullptr, skipping pointcloud publish.
[autoware_ndt_scan_matcher_node-24] [INFO] [1785818179.338032132] [localization.pose_estimator.ndt_scan_matcher]: Mismatch between pose timestamp and current timestamp
[component_container_mt-1] [WARN] [1785818179.386459915] [sensing.lidar.concatenate_data]: transformed_raw_points[/sensing/lidar/right/pointcloud_before_sync] is nullptr, skipping pointcloud publish.
[component_container_mt-1] [WARN] [1785818179.386509457] [sensing.lidar.concatenate_data]: transformed_raw_points[/sensing/lidar/left/pointcloud_before_sync] is nullptr, skipping pointcloud publish.
[autoware_mrm_handler_node-13] [INFO] [1785818179.386672305] [system.mrm_handler]: MRM State changed: MRM_OPERATING -> NORMAL
[autoware_ndt_scan_matcher_node-24] [INFO] [1785818179.387043458] [localization.pose_estimator.ndt_scan_matcher]: Mismatch between pose timestamp and current timestamp
[autoware_mrm_handler_node-13] [WARN] [1785818179.387488425] [system.mrm_handler]: EMERGENCY_STOP is canceled.
[component_container_mt-1] [WARN] [1785818179.486022139] [sensing.lidar.concatenate_data]: transformed_raw_points[/sensing/lidar/right/pointcloud_before_sync] is nullptr, skipping pointcloud publish.
[component_container_mt-1] [WARN] [1785818179.486136010] [sensing.lidar.concatenate_data]: transformed_raw_points[/sensing/lidar/left/pointcloud_before_sync] is nullptr, skipping pointcloud publish.
[autoware_ndt_scan_matcher_node-24] [INFO] [1785818179.486555006] [localization.pose_estimator.ndt_scan_matcher]: Mismatch between pose timestamp and current timestamp
[component_container_mt-1] [WARN] [1785818179.586630611] [sensing.lidar.concatenate_data]: transformed_raw_points[/sensing/lidar/right/pointcloud_before_sync] is nullptr, skipping pointcloud publish.
[component_container_mt-1] [WARN] [1785818179.586669656] [sensing.lidar.concatenate_data]: transformed_raw_points[/sensing/lidar/left/pointcloud_before_sync] is nullptr, skipping pointcloud publish.
[autoware_ndt_scan_matcher_node-24] [INFO] [1785818179.586721375] [localization.pose_estimator.ndt_scan_matcher]: Mismatch between pose timestamp and current timestamp
[component_container_mt-1] [WARN] [1785818179.686450594] [sensing.lidar.concatenate_data]: transformed_raw_points[/sensing/lidar/right/pointcloud_before_sync] is nullptr, skipping pointcloud publish.
[component_container_mt-1] [WARN] [1785818179.686499636] [sensing.lidar.concatenate_data]: transformed_raw_points[/sensing/lidar/left/pointcloud_before_sync] is nullptr, skipping pointcloud publish.
[autoware_ndt_scan_matcher_node-24] [INFO] [1785818179.687189060] [localization.pose_estimator.ndt_scan_matcher]: Mismatch between pose timestamp and current timestamp
[component_container_mt-1] [WARN] [1785818179.694586251] [localization.util.crop_box_filter_measurement_range]: Invalid PointCloud: row_step mismatch. Expected: 101696 (width 6356 * point_step 16), Got: 0. Frame: 'base_link', Stamp: 49.508997481 Please fill in the `cloud->row_step` field accordingly. This will be an ERROR starting in 2026 July
[component_container_mt-1] [WARN] [1785818179.786294125] [sensing.lidar.concatenate_data]: transformed_raw_points[/sensing/lidar/right/pointcloud_before_sync] is nullptr, skipping pointcloud publish.
[component_container_mt-1] [WARN] [1785818179.786337275] [sensing.lidar.concatenate_data]: transformed_raw_points[/sensing/lidar/left/pointcloud_before_sync] is nullptr, skipping pointcloud publish.
[autoware_ndt_scan_matcher_node-24] [INFO] [1785818179.786822619] [localization.pose_estimator.ndt_scan_matcher]: Mismatch between pose timestamp and current timestamp
[component_container_mt-1] [WARN] [1785818179.886079168] [sensing.lidar.concatenate_data]: transformed_raw_points[/sensing/lidar/right/pointcloud_before_sync] is nullptr, skipping pointcloud publish.
[component_container_mt-1] [WARN] [1785818179.886126895] [sensing.lidar.concatenate_data]: transformed_raw_points[/sensing/lidar/left/pointcloud_before_sync] is nullptr, skipping pointcloud publish.
[autoware_ndt_scan_matcher_node-24] [INFO] [1785818179.886651377] [localization.pose_estimator.ndt_scan_matcher]: Mismatch between pose timestamp and current timestamp
[component_container_mt-1] [WARN] [1785818179.986484108] [sensing.lidar.concatenate_data]: transformed_raw_points[/sensing/lidar/right/pointcloud_before_sync] is nullptr, skipping pointcloud publish.
[component_container_mt-1] [WARN] [1785818179.986529916] [sensing.lidar.concatenate_data]: transformed_raw_points[/sensing/lidar/left/pointcloud_before_sync] is nullptr, skipping pointcloud publish.
[autoware_ndt_scan_matcher_node-24] [INFO] [1785818179.987251728] [localization.pose_estimator.ndt_scan_matcher]: Mismatch between pose timestamp and current timestamp
[component_container_mt-1] [WARN] [1785818180.086366413] [sensing.lidar.concatenate_data]: transformed_raw_points[/sensing/lidar/right/pointcloud_before_sync] is nullptr, skipping pointcloud publish.
[component_container_mt-1] [WARN] [1785818180.086416525] [sensing.lidar.concatenate_data]: transformed_raw_points[/sensing/lidar/left/pointcloud_before_sync] is nullptr, skipping pointcloud publish.
[component_container-7] [WARN] [1785818180.086740941] [system.topic_state_monitor_control_command_control_cmd]: /control/command/control_cmd topic rate has dropped to the warning level. Set WARN in diagnostics.
[autoware_ndt_scan_matcher_node-24] [INFO] [1785818180.088000357] [localization.pose_estimator.ndt_scan_matcher]: Mismatch between pose timestamp and current timestamp
[component_container_mt-1] [WARN] [1785818180.186652144] [sensing.lidar.concatenate_data]: transformed_raw_points[/sensing/lidar/right/pointcloud_before_sync] is nullptr, skipping pointcloud publish.
[component_container_mt-1] [WARN] [1785818180.186698723] [sensing.lidar.concatenate_data]: transformed_raw_points[/sensing/lidar/left/pointcloud_before_sync] is nullptr, skipping pointcloud publish.
[autoware_ndt_scan_matcher_node-24] [INFO] [1785818180.187325821] [localization.pose_estimator.ndt_scan_matcher]: pose_buffer_.size() < 2
[component_container_mt-47] [INFO] [1785818180.286031342] [control.trajectory_follower.controller_node_exe]: Waiting for trajectory data
[component_container_mt-47] [INFO] [1785818180.286083119] [control.trajectory_follower.controller_node_exe]: Control is skipped since input data is not ready.
[component_container_mt-1] [WARN] [1785818180.336084736] [sensing.lidar.concatenate_data]: transformed_raw_points[/sensing/lidar/right/pointcloud_before_sync] is nullptr, skipping pointcloud publish.
[component_container_mt-1] [WARN] [1785818180.336136225] [sensing.lidar.concatenate_data]: transformed_raw_points[/sensing/lidar/left/pointcloud_before_sync] is nullptr, skipping pointcloud publish.
[autoware_ndt_scan_matcher_node-24] [INFO] [1785818180.336877937] [localization.pose_estimator.ndt_scan_matcher]: Mismatch between pose timestamp and current timestamp
[component_container_mt-1] [WARN] [1785818180.436047226] [sensing.lidar.concatenate_data]: transformed_raw_points[/sensing/lidar/right/pointcloud_before_sync] is nullptr, skipping pointcloud publish.
[component_container_mt-1] [WARN] [1785818180.436098223] [sensing.lidar.concatenate_data]: transformed_raw_points[/sensing/lidar/left/pointcloud_before_sync] is nullptr, skipping pointcloud publish.
[autoware_ndt_scan_matcher_node-24] [INFO] [1785818180.436586996] [localization.pose_estimator.ndt_scan_matcher]: Mismatch between pose timestamp and current timestamp
[component_container_mt-1] [WARN] [1785818180.536036930] [sensing.lidar.concatenate_data]: transformed_raw_points[/sensing/lidar/right/pointcloud_before_sync] is nullptr, skipping pointcloud publish.
[component_container_mt-1] [WARN] [1785818180.536081352] [sensing.lidar.concatenate_data]: transformed_raw_points[/sensing/lidar/left/pointcloud_before_sync] is nullptr, skipping pointcloud publish.
[autoware_ndt_scan_matcher_node-24] [INFO] [1785818180.536650074] [localization.pose_estimator.ndt_scan_matcher]: Mismatch between pose timestamp and current timestamp
[component_container_mt-1] [WARN] [1785818180.636307681] [sensing.lidar.concatenate_data]: transformed_raw_points[/sensing/lidar/right/pointcloud_before_sync] is nullptr, skipping pointcloud publish.
[component_container_mt-1] [WARN] [1785818180.636352435] [sensing.lidar.concatenate_data]: transformed_raw_points[/sensing/lidar/left/pointcloud_before_sync] is nullptr, skipping pointcloud publish.
[autoware_ndt_scan_matcher_node-24] [INFO] [1785818180.636808737] [localization.pose_estimator.ndt_scan_matcher]: Mismatch between pose timestamp and current timestamp
[component_container-18] [WARN] [1785818180.642458796] [sensing.lidar.top.crop_box_filter_self]: Invalid PointCloud: is_dense is false. The point cloud should be organized (dense) and contain only valid points. This will be an ERROR starting in 2026 JulyFrame: 'velodyne_top', Stamp: 50.458997495
[component_container_mt-1] [WARN] [1785818180.736270778] [sensing.lidar.concatenate_data]: transformed_raw_points[/sensing/lidar/right/pointcloud_before_sync] is nullptr, skipping pointcloud publish.
[component_container_mt-1] [WARN] [1785818180.736324939] [sensing.lidar.concatenate_data]: transformed_raw_points[/sensing/lidar/left/pointcloud_before_sync] is nullptr, skipping pointcloud publish.
[autoware_ndt_scan_matcher_node-24] [INFO] [1785818180.736781012] [localization.pose_estimator.ndt_scan_matcher]: Mismatch between pose timestamp and current timestamp
[component_container_mt-1] [WARN] [1785818180.836409459] [sensing.lidar.concatenate_data]: transformed_raw_points[/sensing/lidar/right/pointcloud_before_sync] is nullptr, skipping pointcloud publish.
[component_container_mt-1] [WARN] [1785818180.836455362] [sensing.lidar.concatenate_data]: transformed_raw_points[/sensing/lidar/left/pointcloud_before_sync] is nullptr, skipping pointcloud publish.
[autoware_ndt_scan_matcher_node-24] [INFO] [1785818180.837099598] [localization.pose_estimator.ndt_scan_matcher]: Mismatch between pose timestamp and current timestamp
[component_container_mt-1] [WARN] [1785818180.936473773] [sensing.lidar.concatenate_data]: transformed_raw_points[/sensing/lidar/right/pointcloud_before_sync] is nullptr, skipping pointcloud publish.
[component_container_mt-1] [WARN] [1785818180.936516028] [sensing.lidar.concatenate_data]: transformed_raw_points[/sensing/lidar/left/pointcloud_before_sync] is nullptr, skipping pointcloud publish.
[autoware_ndt_scan_matcher_node-24] [INFO] [1785818180.936988253] [localization.pose_estimator.ndt_scan_matcher]: Mismatch between pose timestamp and current timestamp
[component_container-7] [INFO] [1785818180.986128798] [system.topic_state_monitor_mission_planning_route]: /planning/mission_planning/route has not received. Set ERROR in diagnostics.
[component_container_mt-1] [WARN] [1785818181.036354175] [sensing.lidar.concatenate_data]: transformed_raw_points[/sensing/lidar/right/pointcloud_before_sync] is nullptr, skipping pointcloud publish.
[component_container_mt-1] [WARN] [1785818181.036399882] [sensing.lidar.concatenate_data]: transformed_raw_points[/sensing/lidar/left/pointcloud_before_sync] is nullptr, skipping pointcloud publish.
[autoware_ndt_scan_matcher_node-24] [INFO] [1785818181.036908070] [localization.pose_estimator.ndt_scan_matcher]: Mismatch between pose timestamp and current timestamp
[component_container_mt-1] [WARN] [1785818181.136282387] [sensing.lidar.concatenate_data]: transformed_raw_points[/sensing/lidar/right/pointcloud_before_sync] is nullptr, skipping pointcloud publish.
[component_container_mt-1] [WARN] [1785818181.136328041] [sensing.lidar.concatenate_data]: transformed_raw_points[/sensing/lidar/left/pointcloud_before_sync] is nullptr, skipping pointcloud publish.
[autoware_ndt_scan_matcher_node-24] [INFO] [1785818181.136754827] [localization.pose_estimator.ndt_scan_matcher]: Mismatch between pose timestamp and current timestamp
[component_container_mt-47] [INFO] [1785818181.186182781] [control.vehicle_cmd_gate]: The operation mode is changed, but the GearCommand is not received yet:
[component_container_mt-1] [WARN] [1785818181.236519861] [sensing.lidar.concatenate_data]: transformed_raw_points[/sensing/lidar/right/pointcloud_before_sync] is nullptr, skipping pointcloud publish.
[component_container_mt-1] [WARN] [1785818181.236567003] [sensing.lidar.concatenate_data]: transformed_raw_points[/sensing/lidar/left/pointcloud_before_sync] is nullptr, skipping pointcloud publish.
[autoware_ndt_scan_matcher_node-24] [INFO] [1785818181.237044457] [localization.pose_estimator.ndt_scan_matcher]: Mismatch between pose timestamp and current timestamp
[autoware_mrm_handler_node-13] [INFO] [1785818181.285939732] [system.mrm_handler]: MRM State changed: NORMAL -> MRM_OPERATING
[autoware_mrm_handler_node-13] [WARN] [1785818181.286297759] [system.mrm_handler]: EMERGENCY_STOP is operated.
[component_container_mt-47] [WARN] [1785818181.286444104] [control.vehicle_cmd_gate]: Emergency!
[component_container_mt-40] [INFO] [1785818181.336311202] [planning.scenario_planning.lane_driving.behavior_planning.behavior_path_planner]: waiting for scenario_topic
[component_container_mt-1] [WARN] [1785818181.336860462] [sensing.lidar.concatenate_data]: transformed_raw_points[/sensing/lidar/right/pointcloud_before_sync] is nullptr, skipping pointcloud publish.
[component_container_mt-1] [WARN] [1785818181.336903061] [sensing.lidar.concatenate_data]: transformed_raw_points[/sensing/lidar/left/pointcloud_before_sync] is nullptr, skipping pointcloud publish.
[autoware_ndt_scan_matcher_node-24] [INFO] [1785818181.337367030] [localization.pose_estimator.ndt_scan_matcher]: Mismatch between pose timestamp and current timestamp
[autoware_mrm_handler_node-13] [INFO] [1785818181.386562739] [system.mrm_handler]: MRM State changed: MRM_OPERATING -> NORMAL
[autoware_mrm_handler_node-13] [WARN] [1785818181.386984161] [system.mrm_handler]: EMERGENCY_STOP is canceled.
[component_container_mt-1] [WARN] [1785818181.436276225] [sensing.lidar.concatenate_data]: transformed_raw_points[/sensing/lidar/right/pointcloud_before_sync] is nullptr, skipping pointcloud publish.
[component_container_mt-1] [WARN] [1785818181.436329724] [sensing.lidar.concatenate_data]: transformed_raw_points[/sensing/lidar/left/pointcloud_before_sync] is nullptr, skipping pointcloud publish.
[autoware_ndt_scan_matcher_node-24] [INFO] [1785818181.436840768] [localization.pose_estimator.ndt_scan_matcher]: Mismatch between pose timestamp and current timestamp
[logging_node-14] [WARN] [1785818181.486763682] [logging_diag_graph]: The target mode is not available for the following reasons:
[logging_node-14] - /autoware/modes/autonomous ERROR
[logging_node-14]     - /autoware/planning ERROR
[logging_node-14]         - /autoware/planning/routing/state ERROR
[logging_node-14]         - [anonymous group] ERROR
[logging_node-14]             - /autoware/planning/topic_rate_check/route ERROR
[logging_node-14]             - /autoware/planning/topic_rate_check/trajectory ERROR
[logging_node-14]     - /autoware/control ERROR
[logging_node-14]         - /autoware/control/topic_rate_check/trajectory_follower ERROR
[logging_node-14]         - /autoware/control/topic_rate_check/control_command WARN 
[logging_node-14] 
[component_container_mt-1] [WARN] [1785818181.536371285] [sensing.lidar.concatenate_data]: transformed_raw_points[/sensing/lidar/right/pointcloud_before_sync] is nullptr, skipping pointcloud publish.
[component_container_mt-1] [WARN] [1785818181.536415646] [sensing.lidar.concatenate_data]: transformed_raw_points[/sensing/lidar/left/pointcloud_before_sync] is nullptr, skipping pointcloud publish.
[autoware_ndt_scan_matcher_node-24] [INFO] [1785818181.536898500] [localization.pose_estimator.ndt_scan_matcher]: Mismatch between pose timestamp and current timestamp
[component_container_mt-1] [WARN] [1785818181.636236950] [sensing.lidar.concatenate_data]: transformed_raw_points[/sensing/lidar/right/pointcloud_before_sync] is nullptr, skipping pointcloud publish.
[component_container_mt-1] [WARN] [1785818181.636283236] [sensing.lidar.concatenate_data]: transformed_raw_points[/sensing/lidar/left/pointcloud_before_sync] is nullptr, skipping pointcloud publish.
[autoware_ndt_scan_matcher_node-24] [INFO] [1785818181.637146979] [localization.pose_estimator.ndt_scan_matcher]: Mismatch between pose timestamp and current timestamp
[component_container_mt-1] [WARN] [1785818181.735983041] [sensing.lidar.concatenate_data]: transformed_raw_points[/sensing/lidar/right/pointcloud_before_sync] is nullptr, skipping pointcloud publish.
[component_container_mt-1] [WARN] [1785818181.736030169] [sensing.lidar.concatenate_data]: transformed_raw_points[/sensing/lidar/left/pointcloud_before_sync] is nullptr, skipping pointcloud publish.
[autoware_ndt_scan_matcher_node-24] [INFO] [1785818181.736624009] [localization.pose_estimator.ndt_scan_matcher]: Mismatch between pose timestamp and current timestamp
[autoware_ekf_localizer_node-28] [WARN] [1785818181.789998807] [localization.pose_twist_fusion_filter.ekf_localizer]: [EKF] Twist queue size (3) is exceeding max_queue_size (2). Consider increasing max_queue_size or reducing input frequency.
[component_container_mt-1] [WARN] [1785818181.836640727] [sensing.lidar.concatenate_data]: transformed_raw_points[/sensing/lidar/right/pointcloud_before_sync] is nullptr, skipping pointcloud publish.
[component_container_mt-1] [WARN] [1785818181.836691449] [sensing.lidar.concatenate_data]: transformed_raw_points[/sensing/lidar/left/pointcloud_before_sync] is nullptr, skipping pointcloud publish.
[autoware_ndt_scan_matcher_node-24] [INFO] [1785818181.837148948] [localization.pose_estimator.ndt_scan_matcher]: Mismatch between pose timestamp and current timestamp
[component_container_mt-1] [WARN] [1785818181.936238477] [sensing.lidar.concatenate_data]: transformed_raw_points[/sensing/lidar/right/pointcloud_before_sync] is nullptr, skipping pointcloud publish.
[component_container_mt-1] [WARN] [1785818181.936285190] [sensing.lidar.concatenate_data]: transformed_raw_points[/sensing/lidar/left/pointcloud_before_sync] is nullptr, skipping pointcloud publish.
[autoware_ndt_scan_matcher_node-24] [INFO] [1785818181.937222217] [localization.pose_estimator.ndt_scan_matcher]: Mismatch between pose timestamp and current timestamp
[component_container_mt-1] [WARN] [1785818182.037309851] [sensing.lidar.concatenate_data]: transformed_raw_points[/sensing/lidar/right/pointcloud_before_sync] is nullptr, skipping pointcloud publish.
[component_container_mt-1] [WARN] [1785818182.037360122] [sensing.lidar.concatenate_data]: transformed_raw_points[/sensing/lidar/left/pointcloud_before_sync] is nullptr, skipping pointcloud publish.
[autoware_ndt_scan_matcher_node-24] [INFO] [1785818182.037748288] [localization.pose_estimator.ndt_scan_matcher]: Mismatch between pose timestamp and current timestamp
[component_container_mt-1] [WARN] [1785818182.136737500] [sensing.lidar.concatenate_data]: transformed_raw_points[/sensing/lidar/right/pointcloud_before_sync] is nullptr, skipping pointcloud publish.
[component_container_mt-1] [WARN] [1785818182.136782656] [sensing.lidar.concatenate_data]: transformed_raw_points[/sensing/lidar/left/pointcloud_before_sync] is nullptr, skipping pointcloud publish.
[autoware_ndt_scan_matcher_node-24] [INFO] [1785818182.137293060] [localization.pose_estimator.ndt_scan_matcher]: Mismatch between pose timestamp and current timestamp
[component_container_mt-1] [WARN] [1785818182.236293295] [sensing.lidar.concatenate_data]: transformed_raw_points[/sensing/lidar/right/pointcloud_before_sync] is nullptr, skipping pointcloud publish.
[component_container_mt-1] [WARN] [1785818182.236344194] [sensing.lidar.concatenate_data]: transformed_raw_points[/sensing/lidar/left/pointcloud_before_sync] is nullptr, skipping pointcloud publish.
[autoware_ndt_scan_matcher_node-24] [INFO] [1785818182.236979279] [localization.pose_estimator.ndt_scan_matcher]: Mismatch between pose timestamp and current timestamp
[autoware_mrm_handler_node-13] [INFO] [1785818182.286250092] [system.mrm_handler]: MRM State changed: NORMAL -> MRM_OPERATING
[autoware_mrm_handler_node-13] [WARN] [1785818182.286409184] [system.mrm_handler]: EMERGENCY_STOP is operated.
[component_container_mt-47] [WARN] [1785818182.287272664] [control.vehicle_cmd_gate]: Emergency!
[component_container_mt-1] [WARN] [1785818182.336165213] [sensing.lidar.concatenate_data]: transformed_raw_points[/sensing/lidar/right/pointcloud_before_sync] is nullptr, skipping pointcloud publish.
[component_container_mt-1] [WARN] [1785818182.336211440] [sensing.lidar.concatenate_data]: transformed_raw_points[/sensing/lidar/left/pointcloud_before_sync] is nullptr, skipping pointcloud publish.
[autoware_ndt_scan_matcher_node-24] [INFO] [1785818182.336668368] [localization.pose_estimator.ndt_scan_matcher]: Mismatch between pose timestamp and current timestamp
[autoware_mrm_handler_node-13] [INFO] [1785818182.386320148] [system.mrm_handler]: MRM State changed: MRM_OPERATING -> NORMAL
[autoware_mrm_handler_node-13] [WARN] [1785818182.386702303] [system.mrm_handler]: EMERGENCY_STOP is canceled.
[component_container_mt-1] [WARN] [1785818182.436470361] [sensing.lidar.concatenate_data]: transformed_raw_points[/sensing/lidar/right/pointcloud_before_sync] is nullptr, skipping pointcloud publish.
[component_container_mt-1] [WARN] [1785818182.436517568] [sensing.lidar.concatenate_data]: transformed_raw_points[/sensing/lidar/left/pointcloud_before_sync] is nullptr, skipping pointcloud publish.
[autoware_ndt_scan_matcher_node-24] [INFO] [1785818182.437219136] [localization.pose_estimator.ndt_scan_matcher]: Mismatch between pose timestamp and current timestamp
[component_container_mt-1] [WARN] [1785818182.536065990] [sensing.lidar.concatenate_data]: transformed_raw_points[/sensing/lidar/right/pointcloud_before_sync] is nullptr, skipping pointcloud publish.
[component_container_mt-1] [WARN] [1785818182.536114817] [sensing.lidar.concatenate_data]: transformed_raw_points[/sensing/lidar/left/pointcloud_before_sync] is nullptr, skipping pointcloud publish.
[autoware_ndt_scan_matcher_node-24] [INFO] [1785818182.536549161] [localization.pose_estimator.ndt_scan_matcher]: Mismatch between pose timestamp and current timestamp
[component_container_mt-1] [WARN] [1785818182.636125353] [sensing.lidar.concatenate_data]: transformed_raw_points[/sensing/lidar/right/pointcloud_before_sync] is nullptr, skipping pointcloud publish.
[autoware_ndt_scan_matcher_node-24] [INFO] [1785818182.636644142] [localization.pose_estimator.ndt_scan_matcher]: Mismatch between pose timestamp and current timestamp
[component_container_mt-1] [WARN] [1785818182.636172797] [sensing.lidar.concatenate_data]: transformed_raw_points[/sensing/lidar/left/pointcloud_before_sync] is nullptr, skipping pointcloud publish.
[component_container_mt-1] [WARN] [1785818182.736231830] [sensing.lidar.concatenate_data]: transformed_raw_points[/sensing/lidar/right/pointcloud_before_sync] is nullptr, skipping pointcloud publish.
[component_container_mt-1] [WARN] [1785818182.736277168] [sensing.lidar.concatenate_data]: transformed_raw_points[/sensing/lidar/left/pointcloud_before_sync] is nullptr, skipping pointcloud publish.
[autoware_ndt_scan_matcher_node-24] [INFO] [1785818182.736729955] [localization.pose_estimator.ndt_scan_matcher]: Mismatch between pose timestamp and current timestamp
[component_container_mt-1] [WARN] [1785818182.836198123] [sensing.lidar.concatenate_data]: transformed_raw_points[/sensing/lidar/right/pointcloud_before_sync] is nullptr, skipping pointcloud publish.
[component_container_mt-1] [WARN] [1785818182.836249457] [sensing.lidar.concatenate_data]: transformed_raw_points[/sensing/lidar/left/pointcloud_before_sync] is nullptr, skipping pointcloud publish.
[autoware_ndt_scan_matcher_node-24] [INFO] [1785818182.836864442] [localization.pose_estimator.ndt_scan_matcher]: Mismatch between pose timestamp and current timestamp
[component_container_mt-48] [INFO] [1785818182.886282472] [control.autonomous_emergency_braking]: [AEB] waiting for control predicted trajectory
[component_container_mt-1] [WARN] [1785818182.936124034] [sensing.lidar.concatenate_data]: transformed_raw_points[/sensing/lidar/right/pointcloud_before_sync] is nullptr, skipping pointcloud publish.
[component_container_mt-1] [WARN] [1785818182.936173079] [sensing.lidar.concatenate_data]: transformed_raw_points[/sensing/lidar/left/pointcloud_before_sync] is nullptr, skipping pointcloud publish.
[autoware_ndt_scan_matcher_node-24] [INFO] [1785818182.936669394] [localization.pose_estimator.ndt_scan_matcher]: Mismatch between pose timestamp and current timestamp
[component_container_mt-1] [WARN] [1785818183.036713846] [sensing.lidar.concatenate_data]: transformed_raw_points[/sensing/lidar/right/pointcloud_before_sync] is nullptr, skipping pointcloud publish.
[component_container_mt-1] [WARN] [1785818183.036756225] [sensing.lidar.concatenate_data]: transformed_raw_points[/sensing/lidar/left/pointcloud_before_sync] is nullptr, skipping pointcloud publish.
[autoware_ndt_scan_matcher_node-24] [INFO] [1785818183.037765322] [localization.pose_estimator.ndt_scan_matcher]: Mismatch between pose timestamp and current timestamp
[component_container-7] [WARN] [1785818183.086494744] [system.topic_state_monitor_control_command_control_cmd]: /control/command/control_cmd topic rate has dropped to the warning level. Set WARN in diagnostics.
[component_container_mt-1] [WARN] [1785818183.136381837] [sensing.lidar.concatenate_data]: transformed_raw_points[/sensing/lidar/right/pointcloud_before_sync] is nullptr, skipping pointcloud publish.
[component_container_mt-1] [WARN] [1785818183.136425002] [sensing.lidar.concatenate_data]: transformed_raw_points[/sensing/lidar/left/pointcloud_before_sync] is nullptr, skipping pointcloud publish.
[autoware_ndt_scan_matcher_node-24] [INFO] [1785818183.137128917] [localization.pose_estimator.ndt_scan_matcher]: Mismatch between pose timestamp and current timestamp
[component_container_mt-1] [WARN] [1785818183.236309048] [sensing.lidar.concatenate_data]: transformed_raw_points[/sensing/lidar/right/pointcloud_before_sync] is nullptr, skipping pointcloud publish.
[component_container_mt-1] [WARN] [1785818183.236359786] [sensing.lidar.concatenate_data]: transformed_raw_points[/sensing/lidar/left/pointcloud_before_sync] is nullptr, skipping pointcloud publish.
[autoware_ndt_scan_matcher_node-24] [INFO] [1785818183.236917791] [localization.pose_estimator.ndt_scan_matcher]: Mismatch between pose timestamp and current timestamp
[autoware_mrm_handler_node-13] [INFO] [1785818183.286040049] [system.mrm_handler]: MRM State changed: NORMAL -> MRM_OPERATING
[autoware_mrm_handler_node-13] [WARN] [1785818183.286667767] [system.mrm_handler]: EMERGENCY_STOP is operated.
[component_container_mt-1] [WARN] [1785818183.336453769] [sensing.lidar.concatenate_data]: transformed_raw_points[/sensing/lidar/right/pointcloud_before_sync] is nullptr, skipping pointcloud publish.
[component_container_mt-1] [WARN] [1785818183.336500362] [sensing.lidar.concatenate_data]: transformed_raw_points[/sensing/lidar/left/pointcloud_before_sync] is nullptr, skipping pointcloud publish.
[component_container_mt-47] [WARN] [1785818183.336756264] [control.vehicle_cmd_gate]: Emergency!
[autoware_ndt_scan_matcher_node-24] [INFO] [1785818183.337022250] [localization.pose_estimator.ndt_scan_matcher]: Mismatch between pose timestamp and current timestamp
[component_container_mt-48] [INFO] [1785818183.337108066] [control.control_validator]: waiting for /planning/trajectory
[autoware_mrm_handler_node-13] [INFO] [1785818183.386397942] [system.mrm_handler]: MRM State changed: MRM_OPERATING -> NORMAL
[autoware_mrm_handler_node-13] [WARN] [1785818183.386907827] [system.mrm_handler]: EMERGENCY_STOP is canceled.
[component_container_mt-1] [WARN] [1785818183.436526222] [sensing.lidar.concatenate_data]: transformed_raw_points[/sensing/lidar/right/pointcloud_before_sync] is nullptr, skipping pointcloud publish.
[autoware_ndt_scan_matcher_node-24] [INFO] [1785818183.437065467] [localization.pose_estimator.ndt_scan_matcher]: Mismatch between pose timestamp and current timestamp
[component_container_mt-1] [WARN] [1785818183.437533265] [sensing.lidar.concatenate_data]: transformed_raw_points[/sensing/lidar/left/pointcloud_before_sync] is nullptr, skipping pointcloud publish.
[component_container_mt-1] [WARN] [1785818183.536220740] [sensing.lidar.concatenate_data]: transformed_raw_points[/sensing/lidar/right/pointcloud_before_sync] is nullptr, skipping pointcloud publish.
[component_container_mt-1] [WARN] [1785818183.536271121] [sensing.lidar.concatenate_data]: transformed_raw_points[/sensing/lidar/left/pointcloud_before_sync] is nullptr, skipping pointcloud publish.
[autoware_ndt_scan_matcher_node-24] [INFO] [1785818183.536975626] [localization.pose_estimator.ndt_scan_matcher]: Mismatch between pose timestamp and current timestamp
[component_container_mt-1] [WARN] [1785818183.636640526] [sensing.lidar.concatenate_data]: transformed_raw_points[/sensing/lidar/right/pointcloud_before_sync] is nullptr, skipping pointcloud publish.
[component_container_mt-1] [WARN] [1785818183.636686689] [sensing.lidar.concatenate_data]: transformed_raw_points[/sensing/lidar/left/pointcloud_before_sync] is nullptr, skipping pointcloud publish.
[autoware_ndt_scan_matcher_node-24] [INFO] [1785818183.637829457] [localization.pose_estimator.ndt_scan_matcher]: Mismatch between pose timestamp and current timestamp
[component_container_mt-1] [WARN] [1785818183.736366774] [sensing.lidar.concatenate_data]: transformed_raw_points[/sensing/lidar/right/pointcloud_before_sync] is nullptr, skipping pointcloud publish.
[component_container_mt-1] [WARN] [1785818183.736420938] [sensing.lidar.concatenate_data]: transformed_raw_points[/sensing/lidar/left/pointcloud_before_sync] is nullptr, skipping pointcloud publish.
[autoware_ndt_scan_matcher_node-24] [INFO] [1785818183.736885805] [localization.pose_estimator.ndt_scan_matcher]: Mismatch between pose timestamp and current timestamp
[component_container_mt-1] [WARN] [1785818183.836019946] [sensing.lidar.concatenate_data]: transformed_raw_points[/sensing/lidar/right/pointcloud_before_sync] is nullptr, skipping pointcloud publish.
[component_container_mt-1] [WARN] [1785818183.836071326] [sensing.lidar.concatenate_data]: transformed_raw_points[/sensing/lidar/left/pointcloud_before_sync] is nullptr, skipping pointcloud publish.
[autoware_ndt_scan_matcher_node-24] [INFO] [1785818183.837088037] [localization.pose_estimator.ndt_scan_matcher]: Mismatch between pose timestamp and current timestamp
[component_container_mt-1] [WARN] [1785818183.935900848] [sensing.lidar.concatenate_data]: transformed_raw_points[/sensing/lidar/right/pointcloud_before_sync] is nullptr, skipping pointcloud publish.
[component_container_mt-1] [WARN] [1785818183.935948347] [sensing.lidar.concatenate_data]: transformed_raw_points[/sensing/lidar/left/pointcloud_before_sync] is nullptr, skipping pointcloud publish.
[autoware_ndt_scan_matcher_node-24] [INFO] [1785818183.936618672] [localization.pose_estimator.ndt_scan_matcher]: Mismatch between pose timestamp and current timestamp
[component_container-7] [INFO] [1785818183.986649847] [system.topic_state_monitor_mission_planning_route]: /planning/mission_planning/route has not received. Set ERROR in diagnostics.
[component_container_mt-1] [WARN] [1785818184.036735842] [sensing.lidar.concatenate_data]: transformed_raw_points[/sensing/lidar/right/pointcloud_before_sync] is nullptr, skipping pointcloud publish.
[component_container_mt-1] [WARN] [1785818184.036779560] [sensing.lidar.concatenate_data]: transformed_raw_points[/sensing/lidar/left/pointcloud_before_sync] is nullptr, skipping pointcloud publish.
[autoware_ndt_scan_matcher_node-24] [INFO] [1785818184.038050459] [localization.pose_estimator.ndt_scan_matcher]: Mismatch between pose timestamp and current timestamp
[component_container_mt-1] [WARN] [1785818184.136525878] [sensing.lidar.concatenate_data]: transformed_raw_points[/sensing/lidar/right/pointcloud_before_sync] is nullptr, skipping pointcloud publish.
[component_container_mt-1] [WARN] [1785818184.136574395] [sensing.lidar.concatenate_data]: transformed_raw_points[/sensing/lidar/left/pointcloud_before_sync] is nullptr, skipping pointcloud publish.
[autoware_ndt_scan_matcher_node-24] [INFO] [1785818184.137937461] [localization.pose_estimator.ndt_scan_matcher]: Mismatch between pose timestamp and current timestamp
[autoware_scenario_selector_node-36] [INFO] [1785818184.186123285] [planning.scenario_planning.scenario_selector]: Waiting for route.
[component_container_mt-48] [INFO] [1785818184.186210940] [control.trajectory_follower.lane_departure_checker_node]: waiting for route msg...
[component_container_mt-1] [WARN] [1785818184.236170828] [sensing.lidar.concatenate_data]: transformed_raw_points[/sensing/lidar/right/pointcloud_before_sync] is nullptr, skipping pointcloud publish.
[component_container_mt-1] [WARN] [1785818184.236218526] [sensing.lidar.concatenate_data]: transformed_raw_points[/sensing/lidar/left/pointcloud_before_sync] is nullptr, skipping pointcloud publish.
[autoware_ndt_scan_matcher_node-24] [INFO] [1785818184.236679381] [localization.pose_estimator.ndt_scan_matcher]: Mismatch between pose timestamp and current timestamp
[autoware_mrm_handler_node-13] [INFO] [1785818184.286218500] [system.mrm_handler]: MRM State changed: NORMAL -> MRM_OPERATING
[autoware_mrm_handler_node-13] [WARN] [1785818184.286386630] [system.mrm_handler]: EMERGENCY_STOP is operated.
[component_container_mt-1] [WARN] [1785818184.336217643] [sensing.lidar.concatenate_data]: transformed_raw_points[/sensing/lidar/right/pointcloud_before_sync] is nullptr, skipping pointcloud publish.
[component_container_mt-1] [WARN] [1785818184.336260141] [sensing.lidar.concatenate_data]: transformed_raw_points[/sensing/lidar/left/pointcloud_before_sync] is nullptr, skipping pointcloud publish.
[component_container_mt-47] [WARN] [1785818184.336411252] [control.vehicle_cmd_gate]: Emergency!
[autoware_ndt_scan_matcher_node-24] [INFO] [1785818184.336864296] [localization.pose_estimator.ndt_scan_matcher]: Mismatch between pose timestamp and current timestamp
[autoware_mrm_handler_node-13] [INFO] [1785818184.386361987] [system.mrm_handler]: MRM State changed: MRM_OPERATING -> NORMAL
[autoware_mrm_handler_node-13] [WARN] [1785818184.386585084] [system.mrm_handler]: EMERGENCY_STOP is canceled.
[component_container_mt-1] [WARN] [1785818184.436034025] [sensing.lidar.concatenate_data]: transformed_raw_points[/sensing/lidar/right/pointcloud_before_sync] is nullptr, skipping pointcloud publish.
[component_container_mt-1] [WARN] [1785818184.436086194] [sensing.lidar.concatenate_data]: transformed_raw_points[/sensing/lidar/left/pointcloud_before_sync] is nullptr, skipping pointcloud publish.
[autoware_ndt_scan_matcher_node-24] [INFO] [1785818184.436837425] [localization.pose_estimator.ndt_scan_matcher]: Mismatch between pose timestamp and current timestamp
[logging_node-14] [WARN] [1785818184.485989899] [logging_diag_graph]: The target mode is not available for the following reasons:
[logging_node-14] - /autoware/modes/autonomous ERROR
[logging_node-14]     - /autoware/planning ERROR
[logging_node-14]         - /autoware/planning/routing/state ERROR
[logging_node-14]         - [anonymous group] ERROR
[logging_node-14]             - /autoware/planning/topic_rate_check/route ERROR
[logging_node-14]             - /autoware/planning/topic_rate_check/trajectory ERROR
[logging_node-14]             - /autoware/planning/trajectory_validation ERROR
[logging_node-14]     - /autoware/control ERROR
[logging_node-14]         - /autoware/control/topic_rate_check/trajectory_follower ERROR
[logging_node-14]         - /autoware/control/topic_rate_check/control_command WARN 
[logging_node-14] 
[component_container_mt-1] [WARN] [1785818184.536141724] [sensing.lidar.concatenate_data]: transformed_raw_points[/sensing/lidar/right/pointcloud_before_sync] is nullptr, skipping pointcloud publish.
[component_container_mt-1] [WARN] [1785818184.536181400] [sensing.lidar.concatenate_data]: transformed_raw_points[/sensing/lidar/left/pointcloud_before_sync] is nullptr, skipping pointcloud publish.
[autoware_ndt_scan_matcher_node-24] [INFO] [1785818184.536750461] [localization.pose_estimator.ndt_scan_matcher]: Mismatch between pose timestamp and current timestamp
[component_container_mt-1] [WARN] [1785818184.636087736] [sensing.lidar.concatenate_data]: transformed_raw_points[/sensing/lidar/right/pointcloud_before_sync] is nullptr, skipping pointcloud publish.
[component_container_mt-1] [WARN] [1785818184.636135356] [sensing.lidar.concatenate_data]: transformed_raw_points[/sensing/lidar/left/pointcloud_before_sync] is nullptr, skipping pointcloud publish.
[autoware_ndt_scan_matcher_node-24] [INFO] [1785818184.636617939] [localization.pose_estimator.ndt_scan_matcher]: Mismatch between pose timestamp and current timestamp
[component_container_mt-1] [WARN] [1785818184.736118068] [sensing.lidar.concatenate_data]: transformed_raw_points[/sensing/lidar/right/pointcloud_before_sync] is nullptr, skipping pointcloud publish.
[component_container_mt-1] [WARN] [1785818184.736168328] [sensing.lidar.concatenate_data]: transformed_raw_points[/sensing/lidar/left/pointcloud_before_sync] is nullptr, skipping pointcloud publish.
[autoware_ndt_scan_matcher_node-24] [INFO] [1785818184.736604720] [localization.pose_estimator.ndt_scan_matcher]: Mismatch between pose timestamp and current timestamp
[component_container_mt-1] [WARN] [1785818184.744071169] [localization.util.crop_box_filter_measurement_range]: Invalid PointCloud: row_step mismatch. Expected: 100416 (width 6276 * point_step 16), Got: 0. Frame: 'base_link', Stamp: 54.558997556 Please fill in the `cloud->row_step` field accordingly. This will be an ERROR starting in 2026 July
[component_container_mt-1] [WARN] [1785818184.836395535] [sensing.lidar.concatenate_data]: transformed_raw_points[/sensing/lidar/right/pointcloud_before_sync] is nullptr, skipping pointcloud publish.
[component_container_mt-1] [WARN] [1785818184.836441882] [sensing.lidar.concatenate_data]: transformed_raw_points[/sensing/lidar/left/pointcloud_before_sync] is nullptr, skipping pointcloud publish.
[autoware_ndt_scan_matcher_node-24] [INFO] [1785818184.836904990] [localization.pose_estimator.ndt_scan_matcher]: Mismatch between pose timestamp and current timestamp
[component_container_mt-1] [WARN] [1785818184.936298679] [sensing.lidar.concatenate_data]: transformed_raw_points[/sensing/lidar/right/pointcloud_before_sync] is nullptr, skipping pointcloud publish.
[component_container_mt-1] [WARN] [1785818184.936348148] [sensing.lidar.concatenate_data]: transformed_raw_points[/sensing/lidar/left/pointcloud_before_sync] is nullptr, skipping pointcloud publish.
[autoware_ndt_scan_matcher_node-24] [INFO] [1785818184.936866759] [localization.pose_estimator.ndt_scan_matcher]: Mismatch between pose timestamp and current timestamp
[component_container_mt-1] [WARN] [1785818185.036476843] [sensing.lidar.concatenate_data]: transformed_raw_points[/sensing/lidar/right/pointcloud_before_sync] is nullptr, skipping pointcloud publish.
[component_container_mt-1] [WARN] [1785818185.036527518] [sensing.lidar.concatenate_data]: transformed_raw_points[/sensing/lidar/left/pointcloud_before_sync] is nullptr, skipping pointcloud publish.
[autoware_ndt_scan_matcher_node-24] [INFO] [1785818185.037777582] [localization.pose_estimator.ndt_scan_matcher]: Mismatch between pose timestamp and current timestamp
[component_container_mt-1] [WARN] [1785818185.136347780] [sensing.lidar.concatenate_data]: transformed_raw_points[/sensing/lidar/right/pointcloud_before_sync] is nullptr, skipping pointcloud publish.
[component_container_mt-1] [WARN] [1785818185.136393510] [sensing.lidar.concatenate_data]: transformed_raw_points[/sensing/lidar/left/pointcloud_before_sync] is nullptr, skipping pointcloud publish.
[autoware_ndt_scan_matcher_node-24] [INFO] [1785818185.137981159] [localization.pose_estimator.ndt_scan_matcher]: Mismatch between pose timestamp and current timestamp
[component_container_mt-1] [WARN] [1785818185.236342145] [sensing.lidar.concatenate_data]: transformed_raw_points[/sensing/lidar/right/pointcloud_before_sync] is nullptr, skipping pointcloud publish.
[component_container_mt-1] [WARN] [1785818185.236391676] [sensing.lidar.concatenate_data]: transformed_raw_points[/sensing/lidar/left/pointcloud_before_sync] is nullptr, skipping pointcloud publish.
[autoware_ndt_scan_matcher_node-24] [INFO] [1785818185.237130766] [localization.pose_estimator.ndt_scan_matcher]: Mismatch between pose timestamp and current timestamp
[autoware_mrm_handler_node-13] [INFO] [1785818185.286279746] [system.mrm_handler]: MRM State changed: NORMAL -> MRM_OPERATING
[component_container_mt-47] [INFO] [1785818185.286397017] [control.trajectory_follower.controller_node_exe]: Waiting for trajectory data
[component_container_mt-47] [INFO] [1785818185.286440294] [control.trajectory_follower.controller_node_exe]: Control is skipped since input data is not ready.
[autoware_mrm_handler_node-13] [WARN] [1785818185.286939239] [system.mrm_handler]: EMERGENCY_STOP is operated.
[component_container_mt-1] [WARN] [1785818185.336160455] [sensing.lidar.concatenate_data]: transformed_raw_points[/sensing/lidar/right/pointcloud_before_sync] is nullptr, skipping pointcloud publish.
[component_container_mt-1] [WARN] [1785818185.336208888] [sensing.lidar.concatenate_data]: transformed_raw_points[/sensing/lidar/left/pointcloud_before_sync] is nullptr, skipping pointcloud publish.
[component_container_mt-47] [WARN] [1785818185.336480038] [control.vehicle_cmd_gate]: Emergency!
[autoware_ndt_scan_matcher_node-24] [INFO] [1785818185.337346458] [localization.pose_estimator.ndt_scan_matcher]: Mismatch between pose timestamp and current timestamp
[autoware_mrm_handler_node-13] [INFO] [1785818185.386256947] [system.mrm_handler]: MRM State changed: MRM_OPERATING -> NORMAL
[autoware_mrm_handler_node-13] [WARN] [1785818185.386603623] [system.mrm_handler]: EMERGENCY_STOP is canceled.
[component_container_mt-1] [WARN] [1785818185.436118358] [sensing.lidar.concatenate_data]: transformed_raw_points[/sensing/lidar/right/pointcloud_before_sync] is nullptr, skipping pointcloud publish.
[component_container_mt-1] [WARN] [1785818185.436166272] [sensing.lidar.concatenate_data]: transformed_raw_points[/sensing/lidar/left/pointcloud_before_sync] is nullptr, skipping pointcloud publish.
[autoware_ndt_scan_matcher_node-24] [INFO] [1785818185.437209411] [localization.pose_estimator.ndt_scan_matcher]: Mismatch between pose timestamp and current timestamp
[component_container_mt-1] [WARN] [1785818185.535961889] [sensing.lidar.concatenate_data]: transformed_raw_points[/sensing/lidar/right/pointcloud_before_sync] is nullptr, skipping pointcloud publish.
[component_container_mt-1] [WARN] [1785818185.536010870] [sensing.lidar.concatenate_data]: transformed_raw_points[/sensing/lidar/left/pointcloud_before_sync] is nullptr, skipping pointcloud publish.
[autoware_ndt_scan_matcher_node-24] [INFO] [1785818185.536531490] [localization.pose_estimator.ndt_scan_matcher]: Mismatch between pose timestamp and current timestamp
[component_container_mt-1] [WARN] [1785818185.636037115] [sensing.lidar.concatenate_data]: transformed_raw_points[/sensing/lidar/right/pointcloud_before_sync] is nullptr, skipping pointcloud publish.
[component_container_mt-1] [WARN] [1785818185.636084947] [sensing.lidar.concatenate_data]: transformed_raw_points[/sensing/lidar/left/pointcloud_before_sync] is nullptr, skipping pointcloud publish.
[autoware_ndt_scan_matcher_node-24] [INFO] [1785818185.636875721] [localization.pose_estimator.ndt_scan_matcher]: Mismatch between pose timestamp and current timestamp
[component_container-18] [WARN] [1785818185.642805992] [sensing.lidar.top.crop_box_filter_self]: Invalid PointCloud: is_dense is false. The point cloud should be organized (dense) and contain only valid points. This will be an ERROR starting in 2026 JulyFrame: 'velodyne_top', Stamp: 55.458997570
[component_container_mt-1] [WARN] [1785818185.736592434] [sensing.lidar.concatenate_data]: transformed_raw_points[/sensing/lidar/right/pointcloud_before_sync] is nullptr, skipping pointcloud publish.
[component_container_mt-1] [WARN] [1785818185.736639556] [sensing.lidar.concatenate_data]: transformed_raw_points[/sensing/lidar/left/pointcloud_before_sync] is nullptr, skipping pointcloud publish.
[autoware_ndt_scan_matcher_node-24] [INFO] [1785818185.737103421] [localization.pose_estimator.ndt_scan_matcher]: Mismatch between pose timestamp and current timestamp
[component_container_mt-1] [WARN] [1785818185.836338471] [sensing.lidar.concatenate_data]: transformed_raw_points[/sensing/lidar/right/pointcloud_before_sync] is nullptr, skipping pointcloud publish.
[component_container_mt-1] [WARN] [1785818185.836386624] [sensing.lidar.concatenate_data]: transformed_raw_points[/sensing/lidar/left/pointcloud_before_sync] is nullptr, skipping pointcloud publish.
[autoware_ndt_scan_matcher_node-24] [INFO] [1785818185.837346173] [localization.pose_estimator.ndt_scan_matcher]: Mismatch between pose timestamp and current timestamp
[component_container_mt-1] [WARN] [1785818185.936197471] [sensing.lidar.concatenate_data]: transformed_raw_points[/sensing/lidar/right/pointcloud_before_sync] is nullptr, skipping pointcloud publish.
[component_container_mt-1] [WARN] [1785818185.936242429] [sensing.lidar.concatenate_data]: transformed_raw_points[/sensing/lidar/left/pointcloud_before_sync] is nullptr, skipping pointcloud publish.
[autoware_ndt_scan_matcher_node-24] [INFO] [1785818185.936699010] [localization.pose_estimator.ndt_scan_matcher]: Mismatch between pose timestamp and current timestamp
[component_container_mt-1] [WARN] [1785818186.036280815] [sensing.lidar.concatenate_data]: transformed_raw_points[/sensing/lidar/right/pointcloud_before_sync] is nullptr, skipping pointcloud publish.
[component_container_mt-1] [WARN] [1785818186.036325968] [sensing.lidar.concatenate_data]: transformed_raw_points[/sensing/lidar/left/pointcloud_before_sync] is nullptr, skipping pointcloud publish.
[autoware_ndt_scan_matcher_node-24] [INFO] [1785818186.037732799] [localization.pose_estimator.ndt_scan_matcher]: Mismatch between pose timestamp and current timestamp
[component_container-7] [WARN] [1785818186.086481562] [system.topic_state_monitor_control_command_control_cmd]: /control/command/control_cmd topic rate has dropped to the warning level. Set WARN in diagnostics.
[component_container_mt-1] [WARN] [1785818186.136293112] [sensing.lidar.concatenate_data]: transformed_raw_points[/sensing/lidar/right/pointcloud_before_sync] is nullptr, skipping pointcloud publish.
[component_container_mt-1] [WARN] [1785818186.136336864] [sensing.lidar.concatenate_data]: transformed_raw_points[/sensing/lidar/left/pointcloud_before_sync] is nullptr, skipping pointcloud publish.
[autoware_ndt_scan_matcher_node-24] [INFO] [1785818186.136856811] [localization.pose_estimator.ndt_scan_matcher]: Mismatch between pose timestamp and current timestamp
[component_container-18] [WARN] [1785818186.142581143] [sensing.lidar.top.distortion_corrector_node]: Twist time_stamp is too late. Could not interpolate.
[component_container_mt-47] [INFO] [1785818186.187018518] [control.vehicle_cmd_gate]: The operation mode is changed, but the GearCommand is not received yet:
[component_container_mt-1] [WARN] [1785818186.236515930] [sensing.lidar.concatenate_data]: transformed_raw_points[/sensing/lidar/right/pointcloud_before_sync] is nullptr, skipping pointcloud publish.
[component_container_mt-1] [WARN] [1785818186.236560008] [sensing.lidar.concatenate_data]: transformed_raw_points[/sensing/lidar/left/pointcloud_before_sync] is nullptr, skipping pointcloud publish.
[autoware_ndt_scan_matcher_node-24] [INFO] [1785818186.236999201] [localization.pose_estimator.ndt_scan_matcher]: Mismatch between pose timestamp and current timestamp
[autoware_mrm_handler_node-13] [INFO] [1785818186.286213883] [system.mrm_handler]: MRM State changed: NORMAL -> MRM_OPERATING
[autoware_mrm_handler_node-13] [WARN] [1785818186.287132795] [system.mrm_handler]: EMERGENCY_STOP is operated.
[component_container_mt-40] [INFO] [1785818186.336098997] [planning.scenario_planning.lane_driving.behavior_planning.behavior_path_planner]: waiting for scenario_topic
[component_container_mt-1] [WARN] [1785818186.336270566] [sensing.lidar.concatenate_data]: transformed_raw_points[/sensing/lidar/right/pointcloud_before_sync] is nullptr, skipping pointcloud publish.
[component_container_mt-1] [WARN] [1785818186.336306705] [sensing.lidar.concatenate_data]: transformed_raw_points[/sensing/lidar/left/pointcloud_before_sync] is nullptr, skipping pointcloud publish.
[component_container_mt-47] [WARN] [1785818186.336352781] [control.vehicle_cmd_gate]: Emergency!
[autoware_ndt_scan_matcher_node-24] [INFO] [1785818186.336759600] [localization.pose_estimator.ndt_scan_matcher]: Mismatch between pose timestamp and current timestamp
[autoware_mrm_handler_node-13] [INFO] [1785818186.385946297] [system.mrm_handler]: MRM State changed: MRM_OPERATING -> NORMAL
[autoware_mrm_handler_node-13] [WARN] [1785818186.387035633] [system.mrm_handler]: EMERGENCY_STOP is canceled.
[component_container_mt-1] [WARN] [1785818186.436244514] [sensing.lidar.concatenate_data]: transformed_raw_points[/sensing/lidar/right/pointcloud_before_sync] is nullptr, skipping pointcloud publish.
[component_container_mt-1] [WARN] [1785818186.436288866] [sensing.lidar.concatenate_data]: transformed_raw_points[/sensing/lidar/left/pointcloud_before_sync] is nullptr, skipping pointcloud publish.
[autoware_ndt_scan_matcher_node-24] [INFO] [1785818186.436734089] [localization.pose_estimator.ndt_scan_matcher]: Mismatch between pose timestamp and current timestamp
[component_container_mt-1] [WARN] [1785818186.537043074] [sensing.lidar.concatenate_data]: transformed_raw_points[/sensing/lidar/right/pointcloud_before_sync] is nullptr, skipping pointcloud publish.
[component_container_mt-1] [WARN] [1785818186.537086705] [sensing.lidar.concatenate_data]: transformed_raw_points[/sensing/lidar/left/pointcloud_before_sync] is nullptr, skipping pointcloud publish.
[autoware_ndt_scan_matcher_node-24] [INFO] [1785818186.537493389] [localization.pose_estimator.ndt_scan_matcher]: Mismatch between pose timestamp and current timestamp
[component_container_mt-1] [WARN] [1785818186.636279903] [sensing.lidar.concatenate_data]: transformed_raw_points[/sensing/lidar/right/pointcloud_before_sync] is nullptr, skipping pointcloud publish.
[component_container_mt-1] [WARN] [1785818186.636325785] [sensing.lidar.concatenate_data]: transformed_raw_points[/sensing/lidar/left/pointcloud_before_sync] is nullptr, skipping pointcloud publish.
[autoware_ndt_scan_matcher_node-24] [INFO] [1785818186.636902658] [localization.pose_estimator.ndt_scan_matcher]: Mismatch between pose timestamp and current timestamp
[component_container_mt-1] [WARN] [1785818186.736131736] [sensing.lidar.concatenate_data]: transformed_raw_points[/sensing/lidar/right/pointcloud_before_sync] is nullptr, skipping pointcloud publish.
[component_container_mt-1] [WARN] [1785818186.736175616] [sensing.lidar.concatenate_data]: transformed_raw_points[/sensing/lidar/left/pointcloud_before_sync] is nullptr, skipping pointcloud publish.
[autoware_ndt_scan_matcher_node-24] [INFO] [1785818186.736808872] [localization.pose_estimator.ndt_scan_matcher]: Mismatch between pose timestamp and current timestamp
[component_container_mt-1] [WARN] [1785818186.836157535] [sensing.lidar.concatenate_data]: transformed_raw_points[/sensing/lidar/right/pointcloud_before_sync] is nullptr, skipping pointcloud publish.
[component_container_mt-1] [WARN] [1785818186.836205546] [sensing.lidar.concatenate_data]: transformed_raw_points[/sensing/lidar/left/pointcloud_before_sync] is nullptr, skipping pointcloud publish.
[autoware_ndt_scan_matcher_node-24] [INFO] [1785818186.836777134] [localization.pose_estimator.ndt_scan_matcher]: Mismatch between pose timestamp and current timestamp
[component_container_mt-1] [WARN] [1785818186.936116551] [sensing.lidar.concatenate_data]: transformed_raw_points[/sensing/lidar/right/pointcloud_before_sync] is nullptr, skipping pointcloud publish.
[component_container_mt-1] [WARN] [1785818186.936177703] [sensing.lidar.concatenate_data]: transformed_raw_points[/sensing/lidar/left/pointcloud_before_sync] is nullptr, skipping pointcloud publish.
[autoware_ndt_scan_matcher_node-24] [INFO] [1785818186.936857650] [localization.pose_estimator.ndt_scan_matcher]: Mismatch between pose timestamp and current timestamp
[component_container-7] [INFO] [1785818186.986425015] [system.topic_state_monitor_mission_planning_route]: /planning/mission_planning/route has not received. Set ERROR in diagnostics.
[component_container_mt-1] [WARN] [1785818187.036370826] [sensing.lidar.concatenate_data]: transformed_raw_points[/sensing/lidar/right/pointcloud_before_sync] is nullptr, skipping pointcloud publish.
[component_container_mt-1] [WARN] [1785818187.036417308] [sensing.lidar.concatenate_data]: transformed_raw_points[/sensing/lidar/left/pointcloud_before_sync] is nullptr, skipping pointcloud publish.
[autoware_ndt_scan_matcher_node-24] [INFO] [1785818187.037043506] [localization.pose_estimator.ndt_scan_matcher]: Mismatch between pose timestamp and current timestamp
[component_container_mt-1] [WARN] [1785818187.136248885] [sensing.lidar.concatenate_data]: transformed_raw_points[/sensing/lidar/right/pointcloud_before_sync] is nullptr, skipping pointcloud publish.
[component_container_mt-1] [WARN] [1785818187.136296839] [sensing.lidar.concatenate_data]: transformed_raw_points[/sensing/lidar/left/pointcloud_before_sync] is nullptr, skipping pointcloud publish.
[autoware_ndt_scan_matcher_node-24] [INFO] [1785818187.136747209] [localization.pose_estimator.ndt_scan_matcher]: Mismatch between pose timestamp and current timestamp
[component_container_mt-1] [WARN] [1785818187.236157543] [sensing.lidar.concatenate_data]: transformed_raw_points[/sensing/lidar/right/pointcloud_before_sync] is nullptr, skipping pointcloud publish.
[component_container_mt-1] [WARN] [1785818187.236210249] [sensing.lidar.concatenate_data]: transformed_raw_points[/sensing/lidar/left/pointcloud_before_sync] is nullptr, skipping pointcloud publish.
[autoware_ndt_scan_matcher_node-24] [INFO] [1785818187.236790117] [localization.pose_estimator.ndt_scan_matcher]: Mismatch between pose timestamp and current timestamp
[autoware_mrm_handler_node-13] [INFO] [1785818187.286323746] [system.mrm_handler]: MRM State changed: NORMAL -> MRM_OPERATING
[autoware_mrm_handler_node-13] [WARN] [1785818187.286545606] [system.mrm_handler]: EMERGENCY_STOP is operated.
[component_container_mt-1] [WARN] [1785818187.336126918] [sensing.lidar.concatenate_data]: transformed_raw_points[/sensing/lidar/right/pointcloud_before_sync] is nullptr, skipping pointcloud publish.
[component_container_mt-1] [WARN] [1785818187.336184265] [sensing.lidar.concatenate_data]: transformed_raw_points[/sensing/lidar/left/pointcloud_before_sync] is nullptr, skipping pointcloud publish.
[component_container_mt-47] [WARN] [1785818187.336242152] [control.vehicle_cmd_gate]: Emergency!
[autoware_ndt_scan_matcher_node-24] [INFO] [1785818187.336739355] [localization.pose_estimator.ndt_scan_matcher]: Mismatch between pose timestamp and current timestamp
[autoware_mrm_handler_node-13] [INFO] [1785818187.385903272] [system.mrm_handler]: MRM State changed: MRM_OPERATING -> NORMAL
[autoware_mrm_handler_node-13] [WARN] [1785818187.386461807] [system.mrm_handler]: EMERGENCY_STOP is canceled.
[component_container_mt-1] [WARN] [1785818187.436339690] [sensing.lidar.concatenate_data]: transformed_raw_points[/sensing/lidar/right/pointcloud_before_sync] is nullptr, skipping pointcloud publish.
[component_container_mt-1] [WARN] [1785818187.436384633] [sensing.lidar.concatenate_data]: transformed_raw_points[/sensing/lidar/left/pointcloud_before_sync] is nullptr, skipping pointcloud publish.
[autoware_ndt_scan_matcher_node-24] [INFO] [1785818187.436841539] [localization.pose_estimator.ndt_scan_matcher]: Mismatch between pose timestamp and current timestamp
[component_container_mt-1] [WARN] [1785818187.536405316] [sensing.lidar.concatenate_data]: transformed_raw_points[/sensing/lidar/right/pointcloud_before_sync] is nullptr, skipping pointcloud publish.
[component_container_mt-1] [WARN] [1785818187.536445571] [sensing.lidar.concatenate_data]: transformed_raw_points[/sensing/lidar/left/pointcloud_before_sync] is nullptr, skipping pointcloud publish.
[autoware_ndt_scan_matcher_node-24] [INFO] [1785818187.536914726] [localization.pose_estimator.ndt_scan_matcher]: Mismatch between pose timestamp and current timestamp
[component_container_mt-1] [WARN] [1785818187.636171343] [sensing.lidar.concatenate_data]: transformed_raw_points[/sensing/lidar/right/pointcloud_before_sync] is nullptr, skipping pointcloud publish.
[component_container_mt-1] [WARN] [1785818187.636218557] [sensing.lidar.concatenate_data]: transformed_raw_points[/sensing/lidar/left/pointcloud_before_sync] is nullptr, skipping pointcloud publish.
[autoware_ndt_scan_matcher_node-24] [INFO] [1785818187.636669295] [localization.pose_estimator.ndt_scan_matcher]: Mismatch between pose timestamp and current timestamp
[component_container_mt-1] [WARN] [1785818187.736194067] [sensing.lidar.concatenate_data]: transformed_raw_points[/sensing/lidar/right/pointcloud_before_sync] is nullptr, skipping pointcloud publish.
[component_container_mt-1] [WARN] [1785818187.736243807] [sensing.lidar.concatenate_data]: transformed_raw_points[/sensing/lidar/left/pointcloud_before_sync] is nullptr, skipping pointcloud publish.
[autoware_ndt_scan_matcher_node-24] [INFO] [1785818187.736736473] [localization.pose_estimator.ndt_scan_matcher]: Mismatch between pose timestamp and current timestamp
[component_container_mt-1] [WARN] [1785818187.836360066] [sensing.lidar.concatenate_data]: transformed_raw_points[/sensing/lidar/right/pointcloud_before_sync] is nullptr, skipping pointcloud publish.
[component_container_mt-1] [WARN] [1785818187.836403855] [sensing.lidar.concatenate_data]: transformed_raw_points[/sensing/lidar/left/pointcloud_before_sync] is nullptr, skipping pointcloud publish.
[autoware_ndt_scan_matcher_node-24] [INFO] [1785818187.836845668] [localization.pose_estimator.ndt_scan_matcher]: Mismatch between pose timestamp and current timestamp
[component_container_mt-48] [INFO] [1785818187.885991199] [control.autonomous_emergency_braking]: [AEB] waiting for control predicted trajectory
[component_container_mt-1] [WARN] [1785818187.936558187] [sensing.lidar.concatenate_data]: transformed_raw_points[/sensing/lidar/right/pointcloud_before_sync] is nullptr, skipping pointcloud publish.
[component_container_mt-1] [WARN] [1785818187.936601972] [sensing.lidar.concatenate_data]: transformed_raw_points[/sensing/lidar/left/pointcloud_before_sync] is nullptr, skipping pointcloud publish.
[autoware_ndt_scan_matcher_node-24] [INFO] [1785818187.937151042] [localization.pose_estimator.ndt_scan_matcher]: Mismatch between pose timestamp and current timestamp
[component_container_mt-1] [WARN] [1785818188.036200598] [sensing.lidar.concatenate_data]: transformed_raw_points[/sensing/lidar/right/pointcloud_before_sync] is nullptr, skipping pointcloud publish.
[component_container_mt-1] [WARN] [1785818188.036253003] [sensing.lidar.concatenate_data]: transformed_raw_points[/sensing/lidar/left/pointcloud_before_sync] is nullptr, skipping pointcloud publish.
[autoware_ndt_scan_matcher_node-24] [INFO] [1785818188.037166279] [localization.pose_estimator.ndt_scan_matcher]: Mismatch between pose timestamp and current timestamp
[component_container_mt-1] [WARN] [1785818188.136289252] [sensing.lidar.concatenate_data]: transformed_raw_points[/sensing/lidar/right/pointcloud_before_sync] is nullptr, skipping pointcloud publish.
[component_container_mt-1] [WARN] [1785818188.136326127] [sensing.lidar.concatenate_data]: transformed_raw_points[/sensing/lidar/left/pointcloud_before_sync] is nullptr, skipping pointcloud publish.
[autoware_ndt_scan_matcher_node-24] [INFO] [1785818188.136860373] [localization.pose_estimator.ndt_scan_matcher]: Mismatch between pose timestamp and current timestamp
[component_container_mt-1] [WARN] [1785818188.237253095] [sensing.lidar.concatenate_data]: transformed_raw_points[/sensing/lidar/right/pointcloud_before_sync] is nullptr, skipping pointcloud publish.
[component_container_mt-1] [WARN] [1785818188.237296764] [sensing.lidar.concatenate_data]: transformed_raw_points[/sensing/lidar/left/pointcloud_before_sync] is nullptr, skipping pointcloud publish.
[autoware_ndt_scan_matcher_node-24] [INFO] [1785818188.237989029] [localization.pose_estimator.ndt_scan_matcher]: Mismatch between pose timestamp and current timestamp
[component_container-18] [WARN] [1785818188.242833736] [sensing.lidar.top.distortion_corrector_node]: IMU time_stamp is too late. Could not interpolate.
[logging_node-14] [WARN] [1785818188.286081379] [logging_diag_graph]: The target mode is not available for the following reasons:
[logging_node-14] - /autoware/modes/autonomous ERROR
[logging_node-14]     - /autoware/localization ERROR
[logging_node-14]         - /autoware/localization/state STALE
[logging_node-14]     - /autoware/planning ERROR
[logging_node-14]         - /autoware/planning/routing/state STALE
[logging_node-14]         - [anonymous group] ERROR
[logging_node-14]             - /autoware/planning/topic_rate_check/route ERROR
[logging_node-14]             - /autoware/planning/topic_rate_check/trajectory ERROR
[logging_node-14]     - /autoware/control ERROR
[logging_node-14]         - /autoware/control/topic_rate_check/trajectory_follower ERROR
[logging_node-14]         - /autoware/control/topic_rate_check/control_command WARN 
[logging_node-14]         - /autoware/control/performance_monitoring/lane_departure STALE
[logging_node-14]         - /autoware/control/performance_monitoring/control_state STALE
[logging_node-14]     - /adapi/mrm_request/delegate STALE
[logging_node-14] 
[autoware_mrm_handler_node-13] [INFO] [1785818188.286258929] [system.mrm_handler]: MRM State changed: NORMAL -> MRM_OPERATING
[autoware_mrm_handler_node-13] [WARN] [1785818188.287405289] [system.mrm_handler]: EMERGENCY_STOP is operated.
[component_container_mt-47] [WARN] [1785818188.336455061] [control.vehicle_cmd_gate]: Emergency!
[component_container_mt-48] [INFO] [1785818188.336647574] [control.control_validator]: waiting for /planning/trajectory
[component_container_mt-1] [WARN] [1785818188.337110728] [sensing.lidar.concatenate_data]: transformed_raw_points[/sensing/lidar/right/pointcloud_before_sync] is nullptr, skipping pointcloud publish.
[component_container_mt-1] [WARN] [1785818188.337146165] [sensing.lidar.concatenate_data]: transformed_raw_points[/sensing/lidar/left/pointcloud_before_sync] is nullptr, skipping pointcloud publish.
[autoware_ndt_scan_matcher_node-24] [INFO] [1785818188.337637919] [localization.pose_estimator.ndt_scan_matcher]: Mismatch between pose timestamp and current timestamp
[autoware_mrm_handler_node-13] [INFO] [1785818188.386602335] [system.mrm_handler]: MRM State changed: MRM_OPERATING -> NORMAL
[autoware_mrm_handler_node-13] [WARN] [1785818188.387404005] [system.mrm_handler]: EMERGENCY_STOP is canceled.
[component_container_mt-1] [WARN] [1785818188.435967789] [sensing.lidar.concatenate_data]: transformed_raw_points[/sensing/lidar/right/pointcloud_before_sync] is nullptr, skipping pointcloud publish.
[component_container_mt-1] [WARN] [1785818188.436015192] [sensing.lidar.concatenate_data]: transformed_raw_points[/sensing/lidar/left/pointcloud_before_sync] is nullptr, skipping pointcloud publish.
[autoware_ndt_scan_matcher_node-24] [INFO] [1785818188.436528438] [localization.pose_estimator.ndt_scan_matcher]: Mismatch between pose timestamp and current timestamp
[component_container_mt-1] [WARN] [1785818188.536095625] [sensing.lidar.concatenate_data]: transformed_raw_points[/sensing/lidar/right/pointcloud_before_sync] is nullptr, skipping pointcloud publish.
[component_container_mt-1] [WARN] [1785818188.536141067] [sensing.lidar.concatenate_data]: transformed_raw_points[/sensing/lidar/left/pointcloud_before_sync] is nullptr, skipping pointcloud publish.
[autoware_ndt_scan_matcher_node-24] [INFO] [1785818188.536550873] [localization.pose_estimator.ndt_scan_matcher]: Mismatch between pose timestamp and current timestamp
[component_container_mt-1] [WARN] [1785818188.636227520] [sensing.lidar.concatenate_data]: transformed_raw_points[/sensing/lidar/right/pointcloud_before_sync] is nullptr, skipping pointcloud publish.
[component_container_mt-1] [WARN] [1785818188.636274295] [sensing.lidar.concatenate_data]: transformed_raw_points[/sensing/lidar/left/pointcloud_before_sync] is nullptr, skipping pointcloud publish.
[autoware_ndt_scan_matcher_node-24] [INFO] [1785818188.637007997] [localization.pose_estimator.ndt_scan_matcher]: Mismatch between pose timestamp and current timestamp
[component_container_mt-1] [WARN] [1785818188.736072567] [sensing.lidar.concatenate_data]: transformed_raw_points[/sensing/lidar/right/pointcloud_before_sync] is nullptr, skipping pointcloud publish.
[component_container_mt-1] [WARN] [1785818188.736123616] [sensing.lidar.concatenate_data]: transformed_raw_points[/sensing/lidar/left/pointcloud_before_sync] is nullptr, skipping pointcloud publish.
[autoware_ndt_scan_matcher_node-24] [INFO] [1785818188.736678741] [localization.pose_estimator.ndt_scan_matcher]: Mismatch between pose timestamp and current timestamp
[component_container_mt-1] [WARN] [1785818188.836161184] [sensing.lidar.concatenate_data]: transformed_raw_points[/sensing/lidar/right/pointcloud_before_sync] is nullptr, skipping pointcloud publish.
[component_container_mt-1] [WARN] [1785818188.836214139] [sensing.lidar.concatenate_data]: transformed_raw_points[/sensing/lidar/left/pointcloud_before_sync] is nullptr, skipping pointcloud publish.
[autoware_ndt_scan_matcher_node-24] [INFO] [1785818188.836913884] [localization.pose_estimator.ndt_scan_matcher]: Mismatch between pose timestamp and current timestamp
[component_container_mt-1] [WARN] [1785818188.936228871] [sensing.lidar.concatenate_data]: transformed_raw_points[/sensing/lidar/right/pointcloud_before_sync] is nullptr, skipping pointcloud publish.
[component_container_mt-1] [WARN] [1785818188.936281221] [sensing.lidar.concatenate_data]: transformed_raw_points[/sensing/lidar/left/pointcloud_before_sync] is nullptr, skipping pointcloud publish.
[autoware_ndt_scan_matcher_node-24] [INFO] [1785818188.936865330] [localization.pose_estimator.ndt_scan_matcher]: Mismatch between pose timestamp and current timestamp
[component_container_mt-1] [WARN] [1785818189.036316638] [sensing.lidar.concatenate_data]: transformed_raw_points[/sensing/lidar/right/pointcloud_before_sync] is nullptr, skipping pointcloud publish.
[component_container_mt-1] [WARN] [1785818189.036366272] [sensing.lidar.concatenate_data]: transformed_raw_points[/sensing/lidar/left/pointcloud_before_sync] is nullptr, skipping pointcloud publish.
[autoware_ndt_scan_matcher_node-24] [INFO] [1785818189.036889750] [localization.pose_estimator.ndt_scan_matcher]: Mismatch between pose timestamp and current timestamp
[component_container-7] [WARN] [1785818189.086298555] [system.topic_state_monitor_control_command_control_cmd]: /control/command/control_cmd topic rate has dropped to the warning level. Set WARN in diagnostics.
[component_container_mt-1] [WARN] [1785818189.137287676] [sensing.lidar.concatenate_data]: transformed_raw_points[/sensing/lidar/right/pointcloud_before_sync] is nullptr, skipping pointcloud publish.
[component_container_mt-1] [WARN] [1785818189.137331808] [sensing.lidar.concatenate_data]: transformed_raw_points[/sensing/lidar/left/pointcloud_before_sync] is nullptr, skipping pointcloud publish.
[autoware_ndt_scan_matcher_node-24] [INFO] [1785818189.137725709] [localization.pose_estimator.ndt_scan_matcher]: Mismatch between pose timestamp and current timestamp
[autoware_scenario_selector_node-36] [INFO] [1785818189.186870730] [planning.scenario_planning.scenario_selector]: Waiting for route.
[component_container_mt-48] [INFO] [1785818189.187349550] [control.trajectory_follower.lane_departure_checker_node]: waiting for route msg...
[component_container_mt-1] [WARN] [1785818189.236790309] [sensing.lidar.concatenate_data]: transformed_raw_points[/sensing/lidar/right/pointcloud_before_sync] is nullptr, skipping pointcloud publish.
[component_container_mt-1] [WARN] [1785818189.236832067] [sensing.lidar.concatenate_data]: transformed_raw_points[/sensing/lidar/left/pointcloud_before_sync] is nullptr, skipping pointcloud publish.
[autoware_ndt_scan_matcher_node-24] [INFO] [1785818189.237370969] [localization.pose_estimator.ndt_scan_matcher]: Mismatch between pose timestamp and current timestamp
[autoware_mrm_handler_node-13] [INFO] [1785818189.286023802] [system.mrm_handler]: MRM State changed: NORMAL -> MRM_OPERATING
[autoware_mrm_handler_node-13] [WARN] [1785818189.286505320] [system.mrm_handler]: EMERGENCY_STOP is operated.
[component_container_mt-47] [WARN] [1785818189.336279666] [control.vehicle_cmd_gate]: Emergency!
[component_container_mt-1] [WARN] [1785818189.336548629] [sensing.lidar.concatenate_data]: transformed_raw_points[/sensing/lidar/right/pointcloud_before_sync] is nullptr, skipping pointcloud publish.
[component_container_mt-1] [WARN] [1785818189.336585907] [sensing.lidar.concatenate_data]: transformed_raw_points[/sensing/lidar/left/pointcloud_before_sync] is nullptr, skipping pointcloud publish.
[autoware_ndt_scan_matcher_node-24] [INFO] [1785818189.338016512] [localization.pose_estimator.ndt_scan_matcher]: Mismatch between pose timestamp and current timestamp
[autoware_mrm_handler_node-13] [INFO] [1785818189.386279883] [system.mrm_handler]: MRM State changed: MRM_OPERATING -> NORMAL
[autoware_mrm_handler_node-13] [WARN] [1785818189.387105107] [system.mrm_handler]: EMERGENCY_STOP is canceled.
[component_container_mt-1] [WARN] [1785818189.436376228] [sensing.lidar.concatenate_data]: transformed_raw_points[/sensing/lidar/right/pointcloud_before_sync] is nullptr, skipping pointcloud publish.
[component_container_mt-1] [WARN] [1785818189.436422577] [sensing.lidar.concatenate_data]: transformed_raw_points[/sensing/lidar/left/pointcloud_before_sync] is nullptr, skipping pointcloud publish.
[autoware_ndt_scan_matcher_node-24] [INFO] [1785818189.436933587] [localization.pose_estimator.ndt_scan_matcher]: Mismatch between pose timestamp and current timestamp
[component_container_mt-1] [WARN] [1785818189.537249934] [sensing.lidar.concatenate_data]: transformed_raw_points[/sensing/lidar/right/pointcloud_before_sync] is nullptr, skipping pointcloud publish.
[component_container_mt-1] [WARN] [1785818189.537291769] [sensing.lidar.concatenate_data]: transformed_raw_points[/sensing/lidar/left/pointcloud_before_sync] is nullptr, skipping pointcloud publish.
[autoware_ndt_scan_matcher_node-24] [INFO] [1785818189.537810664] [localization.pose_estimator.ndt_scan_matcher]: Mismatch between pose timestamp and current timestamp
[component_container_mt-1] [WARN] [1785818189.636532740] [sensing.lidar.concatenate_data]: transformed_raw_points[/sensing/lidar/right/pointcloud_before_sync] is nullptr, skipping pointcloud publish.
[component_container_mt-1] [WARN] [1785818189.636570853] [sensing.lidar.concatenate_data]: transformed_raw_points[/sensing/lidar/left/pointcloud_before_sync] is nullptr, skipping pointcloud publish.
[autoware_ndt_scan_matcher_node-24] [INFO] [1785818189.637106952] [localization.pose_estimator.ndt_scan_matcher]: Mismatch between pose timestamp and current timestamp
[component_container_mt-1] [WARN] [1785818189.736242137] [sensing.lidar.concatenate_data]: transformed_raw_points[/sensing/lidar/right/pointcloud_before_sync] is nullptr, skipping pointcloud publish.
[component_container_mt-1] [WARN] [1785818189.736292168] [sensing.lidar.concatenate_data]: transformed_raw_points[/sensing/lidar/left/pointcloud_before_sync] is nullptr, skipping pointcloud publish.
[autoware_ndt_scan_matcher_node-24] [INFO] [1785818189.736958640] [localization.pose_estimator.ndt_scan_matcher]: Mismatch between pose timestamp and current timestamp
[component_container_mt-1] [WARN] [1785818189.744240190] [localization.util.crop_box_filter_measurement_range]: Invalid PointCloud: row_step mismatch. Expected: 99360 (width 6210 * point_step 16), Got: 0. Frame: 'base_link', Stamp: 59.558997631 Please fill in the `cloud->row_step` field accordingly. This will be an ERROR starting in 2026 July
[component_container_mt-1] [WARN] [1785818189.836197658] [sensing.lidar.concatenate_data]: transformed_raw_points[/sensing/lidar/right/pointcloud_before_sync] is nullptr, skipping pointcloud publish.
[component_container_mt-1] [WARN] [1785818189.836243638] [sensing.lidar.concatenate_data]: transformed_raw_points[/sensing/lidar/left/pointcloud_before_sync] is nullptr, skipping pointcloud publish.
[autoware_ndt_scan_matcher_node-24] [INFO] [1785818189.836804477] [localization.pose_estimator.ndt_scan_matcher]: Mismatch between pose timestamp and current timestamp
[component_container_mt-1] [WARN] [1785818189.936236865] [sensing.lidar.concatenate_data]: transformed_raw_points[/sensing/lidar/right/pointcloud_before_sync] is nullptr, skipping pointcloud publish.
[component_container_mt-1] [WARN] [1785818189.936284869] [sensing.lidar.concatenate_data]: transformed_raw_points[/sensing/lidar/left/pointcloud_before_sync] is nullptr, skipping pointcloud publish.
[autoware_ndt_scan_matcher_node-24] [INFO] [1785818189.936879833] [localization.pose_estimator.ndt_scan_matcher]: Mismatch between pose timestamp and current timestamp
[component_container-7] [INFO] [1785818189.986330389] [system.topic_state_monitor_trajectory_follower_control_cmd]: /control/trajectory_follower/control_cmd has not received. Set ERROR in diagnostics.
[component_container_mt-1] [WARN] [1785818190.036171072] [sensing.lidar.concatenate_data]: transformed_raw_points[/sensing/lidar/right/pointcloud_before_sync] is nullptr, skipping pointcloud publish.
[component_container_mt-1] [WARN] [1785818190.036220211] [sensing.lidar.concatenate_data]: transformed_raw_points[/sensing/lidar/left/pointcloud_before_sync] is nullptr, skipping pointcloud publish.
[autoware_ndt_scan_matcher_node-24] [INFO] [1785818190.036813282] [localization.pose_estimator.ndt_scan_matcher]: Mismatch between pose timestamp and current timestamp
[component_container_mt-1] [WARN] [1785818190.136200710] [sensing.lidar.concatenate_data]: transformed_raw_points[/sensing/lidar/right/pointcloud_before_sync] is nullptr, skipping pointcloud publish.
[component_container_mt-1] [WARN] [1785818190.136249262] [sensing.lidar.concatenate_data]: transformed_raw_points[/sensing/lidar/left/pointcloud_before_sync] is nullptr, skipping pointcloud publish.
[autoware_ndt_scan_matcher_node-24] [INFO] [1785818190.136937504] [localization.pose_estimator.ndt_scan_matcher]: Mismatch between pose timestamp and current timestamp
[component_container_mt-1] [WARN] [1785818190.236627752] [sensing.lidar.concatenate_data]: transformed_raw_points[/sensing/lidar/right/pointcloud_before_sync] is nullptr, skipping pointcloud publish.
[component_container_mt-1] [WARN] [1785818190.236676678] [sensing.lidar.concatenate_data]: transformed_raw_points[/sensing/lidar/left/pointcloud_before_sync] is nullptr, skipping pointcloud publish.
[autoware_ndt_scan_matcher_node-24] [INFO] [1785818190.237188193] [localization.pose_estimator.ndt_scan_matcher]: Mismatch between pose timestamp and current timestamp
[autoware_mrm_handler_node-13] [INFO] [1785818190.285769318] [system.mrm_handler]: MRM State changed: NORMAL -> MRM_OPERATING
[component_container_mt-47] [INFO] [1785818190.285780971] [control.trajectory_follower.controller_node_exe]: Waiting for trajectory data
[component_container_mt-47] [INFO] [1785818190.285820957] [control.trajectory_follower.controller_node_exe]: Control is skipped since input data is not ready.
[autoware_mrm_handler_node-13] [WARN] [1785818190.286280169] [system.mrm_handler]: EMERGENCY_STOP is operated.
[component_container_mt-1] [WARN] [1785818190.336205662] [sensing.lidar.concatenate_data]: transformed_raw_points[/sensing/lidar/right/pointcloud_before_sync] is nullptr, skipping pointcloud publish.
[component_container_mt-1] [WARN] [1785818190.336248422] [sensing.lidar.concatenate_data]: transformed_raw_points[/sensing/lidar/left/pointcloud_before_sync] is nullptr, skipping pointcloud publish.
[component_container_mt-47] [WARN] [1785818190.336313455] [control.vehicle_cmd_gate]: Emergency!
[autoware_ndt_scan_matcher_node-24] [INFO] [1785818190.336915335] [localization.pose_estimator.ndt_scan_matcher]: Mismatch between pose timestamp and current timestamp
[autoware_mrm_handler_node-13] [INFO] [1785818190.386435929] [system.mrm_handler]: MRM State changed: MRM_OPERATING -> NORMAL
[autoware_mrm_handler_node-13] [WARN] [1785818190.387385966] [system.mrm_handler]: EMERGENCY_STOP is canceled.
[component_container_mt-1] [WARN] [1785818190.436446196] [sensing.lidar.concatenate_data]: transformed_raw_points[/sensing/lidar/right/pointcloud_before_sync] is nullptr, skipping pointcloud publish.
[component_container_mt-1] [WARN] [1785818190.436492116] [sensing.lidar.concatenate_data]: transformed_raw_points[/sensing/lidar/left/pointcloud_before_sync] is nullptr, skipping pointcloud publish.
[autoware_ndt_scan_matcher_node-24] [INFO] [1785818190.437125672] [localization.pose_estimator.ndt_scan_matcher]: Mismatch between pose timestamp and current timestamp
[component_container_mt-1] [WARN] [1785818190.536551728] [sensing.lidar.concatenate_data]: transformed_raw_points[/sensing/lidar/right/pointcloud_before_sync] is nullptr, skipping pointcloud publish.
[component_container_mt-1] [WARN] [1785818190.536590600] [sensing.lidar.concatenate_data]: transformed_raw_points[/sensing/lidar/left/pointcloud_before_sync] is nullptr, skipping pointcloud publish.
[autoware_ndt_scan_matcher_node-24] [INFO] [1785818190.537056212] [localization.pose_estimator.ndt_scan_matcher]: Mismatch between pose timestamp and current timestamp
[component_container_mt-1] [WARN] [1785818190.636369810] [sensing.lidar.concatenate_data]: transformed_raw_points[/sensing/lidar/right/pointcloud_before_sync] is nullptr, skipping pointcloud publish.
[component_container_mt-1] [WARN] [1785818190.636416626] [sensing.lidar.concatenate_data]: transformed_raw_points[/sensing/lidar/left/pointcloud_before_sync] is nullptr, skipping pointcloud publish.
[autoware_ndt_scan_matcher_node-24] [INFO] [1785818190.636905389] [localization.pose_estimator.ndt_scan_matcher]: Mismatch between pose timestamp and current timestamp
[component_container-18] [WARN] [1785818190.642591959] [sensing.lidar.top.crop_box_filter_self]: Invalid PointCloud: is_dense is false. The point cloud should be organized (dense) and contain only valid points. This will be an ERROR starting in 2026 JulyFrame: 'velodyne_top', Stamp: 60.458997644
[component_container_mt-1] [WARN] [1785818190.736129531] [sensing.lidar.concatenate_data]: transformed_raw_points[/sensing/lidar/right/pointcloud_before_sync] is nullptr, skipping pointcloud publish.
[component_container_mt-1] [WARN] [1785818190.736178828] [sensing.lidar.concatenate_data]: transformed_raw_points[/sensing/lidar/left/pointcloud_before_sync] is nullptr, skipping pointcloud publish.
[autoware_ndt_scan_matcher_node-24] [INFO] [1785818190.736858923] [localization.pose_estimator.ndt_scan_matcher]: Mismatch between pose timestamp and current timestamp
[component_container_mt-1] [WARN] [1785818190.836647850] [sensing.lidar.concatenate_data]: transformed_raw_points[/sensing/lidar/right/pointcloud_before_sync] is nullptr, skipping pointcloud publish.
[component_container_mt-1] [WARN] [1785818190.836681006] [sensing.lidar.concatenate_data]: transformed_raw_points[/sensing/lidar/left/pointcloud_before_sync] is nullptr, skipping pointcloud publish.
[autoware_ndt_scan_matcher_node-24] [INFO] [1785818190.836738215] [localization.pose_estimator.ndt_scan_matcher]: Mismatch between pose timestamp and current timestamp
[component_container_mt-1] [WARN] [1785818190.935960704] [sensing.lidar.concatenate_data]: transformed_raw_points[/sensing/lidar/right/pointcloud_before_sync] is nullptr, skipping pointcloud publish.
[component_container_mt-1] [WARN] [1785818190.936010229] [sensing.lidar.concatenate_data]: transformed_raw_points[/sensing/lidar/left/pointcloud_before_sync] is nullptr, skipping pointcloud publish.
[autoware_ndt_scan_matcher_node-24] [INFO] [1785818190.937210522] [localization.pose_estimator.ndt_scan_matcher]: Mismatch between pose timestamp and current timestamp
[component_container_mt-1] [WARN] [1785818191.036462948] [sensing.lidar.concatenate_data]: transformed_raw_points[/sensing/lidar/right/pointcloud_before_sync] is nullptr, skipping pointcloud publish.
[component_container_mt-1] [WARN] [1785818191.036508050] [sensing.lidar.concatenate_data]: transformed_raw_points[/sensing/lidar/left/pointcloud_before_sync] is nullptr, skipping pointcloud publish.
[autoware_ndt_scan_matcher_node-24] [INFO] [1785818191.037093485] [localization.pose_estimator.ndt_scan_matcher]: Mismatch between pose timestamp and current timestamp
[component_container_mt-1] [WARN] [1785818191.136154596] [sensing.lidar.concatenate_data]: transformed_raw_points[/sensing/lidar/right/pointcloud_before_sync] is nullptr, skipping pointcloud publish.
[component_container_mt-1] [WARN] [1785818191.136201109] [sensing.lidar.concatenate_data]: transformed_raw_points[/sensing/lidar/left/pointcloud_before_sync] is nullptr, skipping pointcloud publish.
[autoware_ndt_scan_matcher_node-24] [INFO] [1785818191.136995989] [localization.pose_estimator.ndt_scan_matcher]: Mismatch between pose timestamp and current timestamp
[component_container_mt-47] [INFO] [1785818191.187574692] [control.vehicle_cmd_gate]: The operation mode is changed, but the GearCommand is not received yet:
[component_container_mt-1] [WARN] [1785818191.236376129] [sensing.lidar.concatenate_data]: transformed_raw_points[/sensing/lidar/right/pointcloud_before_sync] is nullptr, skipping pointcloud publish.
[component_container_mt-1] [WARN] [1785818191.236574546] [sensing.lidar.concatenate_data]: transformed_raw_points[/sensing/lidar/left/pointcloud_before_sync] is nullptr, skipping pointcloud publish.
[autoware_ndt_scan_matcher_node-24] [INFO] [1785818191.237110360] [localization.pose_estimator.ndt_scan_matcher]: Mismatch between pose timestamp and current timestamp
[logging_node-14] [WARN] [1785818191.286238866] [logging_diag_graph]: The target mode is not available for the following reasons:
[logging_node-14] - /autoware/modes/autonomous ERROR
[logging_node-14]     - /autoware/localization ERROR
[logging_node-14]         - /autoware/localization/state STALE
[logging_node-14]     - /autoware/planning ERROR
[logging_node-14]         - /autoware/planning/routing/state STALE
[logging_node-14]         - [anonymous group] ERROR
[logging_node-14]             - /autoware/planning/topic_rate_check/route ERROR
[logging_node-14]             - /autoware/planning/topic_rate_check/trajectory ERROR
[logging_node-14]     - /autoware/control ERROR
[logging_node-14]         - /autoware/control/topic_rate_check/trajectory_follower ERROR
[logging_node-14]         - /autoware/control/topic_rate_check/control_command WARN 
[logging_node-14]         - /autoware/control/performance_monitoring/lane_departure STALE
[logging_node-14]         - /autoware/control/performance_monitoring/control_state STALE
[logging_node-14]     - /adapi/mrm_request/delegate STALE
[logging_node-14] 
[autoware_mrm_handler_node-13] [INFO] [1785818191.286480198] [system.mrm_handler]: MRM State changed: NORMAL -> MRM_OPERATING
[autoware_mrm_handler_node-13] [WARN] [1785818191.286900004] [system.mrm_handler]: EMERGENCY_STOP is operated.
[component_container_mt-47] [WARN] [1785818191.336088270] [control.vehicle_cmd_gate]: Emergency!
[component_container_mt-1] [WARN] [1785818191.336269930] [sensing.lidar.concatenate_data]: transformed_raw_points[/sensing/lidar/right/pointcloud_before_sync] is nullptr, skipping pointcloud publish.
[component_container_mt-1] [WARN] [1785818191.336302035] [sensing.lidar.concatenate_data]: transformed_raw_points[/sensing/lidar/left/pointcloud_before_sync] is nullptr, skipping pointcloud publish.
[component_container_mt-40] [INFO] [1785818191.336291546] [planning.scenario_planning.lane_driving.behavior_planning.behavior_path_planner]: waiting for scenario_topic
[autoware_ndt_scan_matcher_node-24] [INFO] [1785818191.336878282] [localization.pose_estimator.ndt_scan_matcher]: Mismatch between pose timestamp and current timestamp
[autoware_mrm_handler_node-13] [INFO] [1785818191.386623050] [system.mrm_handler]: MRM State changed: MRM_OPERATING -> NORMAL
[autoware_mrm_handler_node-13] [WARN] [1785818191.386914493] [system.mrm_handler]: EMERGENCY_STOP is canceled.
[component_container_mt-1] [WARN] [1785818191.436018803] [sensing.lidar.concatenate_data]: transformed_raw_points[/sensing/lidar/right/pointcloud_before_sync] is nullptr, skipping pointcloud publish.
[component_container_mt-1] [WARN] [1785818191.436068166] [sensing.lidar.concatenate_data]: transformed_raw_points[/sensing/lidar/left/pointcloud_before_sync] is nullptr, skipping pointcloud publish.
[autoware_ndt_scan_matcher_node-24] [INFO] [1785818191.436537471] [localization.pose_estimator.ndt_scan_matcher]: Mismatch between pose timestamp and current timestamp
[component_container_mt-1] [WARN] [1785818191.536207584] [sensing.lidar.concatenate_data]: transformed_raw_points[/sensing/lidar/right/pointcloud_before_sync] is nullptr, skipping pointcloud publish.
[component_container_mt-1] [WARN] [1785818191.536251035] [sensing.lidar.concatenate_data]: transformed_raw_points[/sensing/lidar/left/pointcloud_before_sync] is nullptr, skipping pointcloud publish.
[autoware_ndt_scan_matcher_node-24] [INFO] [1785818191.536864996] [localization.pose_estimator.ndt_scan_matcher]: Mismatch between pose timestamp and current timestamp
[component_container_mt-1] [WARN] [1785818191.636090655] [sensing.lidar.concatenate_data]: transformed_raw_points[/sensing/lidar/right/pointcloud_before_sync] is nullptr, skipping pointcloud publish.
[component_container_mt-1] [WARN] [1785818191.636142390] [sensing.lidar.concatenate_data]: transformed_raw_points[/sensing/lidar/left/pointcloud_before_sync] is nullptr, skipping pointcloud publish.
[autoware_ndt_scan_matcher_node-24] [INFO] [1785818191.636713097] [localization.pose_estimator.ndt_scan_matcher]: Mismatch between pose timestamp and current timestamp
[component_container_mt-1] [WARN] [1785818191.736137903] [sensing.lidar.concatenate_data]: transformed_raw_points[/sensing/lidar/right/pointcloud_before_sync] is nullptr, skipping pointcloud publish.
[component_container_mt-1] [WARN] [1785818191.736183563] [sensing.lidar.concatenate_data]: transformed_raw_points[/sensing/lidar/left/pointcloud_before_sync] is nullptr, skipping pointcloud publish.
[autoware_ndt_scan_matcher_node-24] [INFO] [1785818191.736637949] [localization.pose_estimator.ndt_scan_matcher]: Mismatch between pose timestamp and current timestamp
[component_container_mt-1] [WARN] [1785818191.836330839] [sensing.lidar.concatenate_data]: transformed_raw_points[/sensing/lidar/right/pointcloud_before_sync] is nullptr, skipping pointcloud publish.
[component_container_mt-1] [WARN] [1785818191.836379955] [sensing.lidar.concatenate_data]: transformed_raw_points[/sensing/lidar/left/pointcloud_before_sync] is nullptr, skipping pointcloud publish.
[autoware_ndt_scan_matcher_node-24] [INFO] [1785818191.836972662] [localization.pose_estimator.ndt_scan_matcher]: Mismatch between pose timestamp and current timestamp
[component_container_mt-1] [WARN] [1785818191.936832147] [sensing.lidar.concatenate_data]: transformed_raw_points[/sensing/lidar/right/pointcloud_before_sync] is nullptr, skipping pointcloud publish.
[component_container_mt-1] [WARN] [1785818191.936878253] [sensing.lidar.concatenate_data]: transformed_raw_points[/sensing/lidar/left/pointcloud_before_sync] is nullptr, skipping pointcloud publish.
[autoware_ndt_scan_matcher_node-24] [INFO] [1785818191.937339520] [localization.pose_estimator.ndt_scan_matcher]: Mismatch between pose timestamp and current timestamp
[component_container_mt-1] [WARN] [1785818192.036282312] [sensing.lidar.concatenate_data]: transformed_raw_points[/sensing/lidar/right/pointcloud_before_sync] is nullptr, skipping pointcloud publish.
[component_container_mt-1] [WARN] [1785818192.036332671] [sensing.lidar.concatenate_data]: transformed_raw_points[/sensing/lidar/left/pointcloud_before_sync] is nullptr, skipping pointcloud publish.
[autoware_ndt_scan_matcher_node-24] [INFO] [1785818192.036859533] [localization.pose_estimator.ndt_scan_matcher]: Mismatch between pose timestamp and current timestamp
[component_container-7] [WARN] [1785818192.086523253] [system.topic_state_monitor_control_command_control_cmd]: /control/command/control_cmd topic rate has dropped to the warning level. Set WARN in diagnostics.
[component_container_mt-1] [WARN] [1785818192.136349688] [sensing.lidar.concatenate_data]: transformed_raw_points[/sensing/lidar/right/pointcloud_before_sync] is nullptr, skipping pointcloud publish.
[component_container_mt-1] [WARN] [1785818192.136388911] [sensing.lidar.concatenate_data]: transformed_raw_points[/sensing/lidar/left/pointcloud_before_sync] is nullptr, skipping pointcloud publish.
[autoware_ndt_scan_matcher_node-24] [INFO] [1785818192.136879390] [localization.pose_estimator.ndt_scan_matcher]: Mismatch between pose timestamp and current timestamp
[component_container_mt-1] [WARN] [1785818192.236037628] [sensing.lidar.concatenate_data]: transformed_raw_points[/sensing/lidar/right/pointcloud_before_sync] is nullptr, skipping pointcloud publish.
[component_container_mt-1] [WARN] [1785818192.236085546] [sensing.lidar.concatenate_data]: transformed_raw_points[/sensing/lidar/left/pointcloud_before_sync] is nullptr, skipping pointcloud publish.
[autoware_ndt_scan_matcher_node-24] [INFO] [1785818192.236661106] [localization.pose_estimator.ndt_scan_matcher]: Mismatch between pose timestamp and current timestamp
[autoware_mrm_handler_node-13] [INFO] [1785818192.285850763] [system.mrm_handler]: MRM State changed: NORMAL -> MRM_OPERATING
[autoware_mrm_handler_node-13] [WARN] [1785818192.286712169] [system.mrm_handler]: EMERGENCY_STOP is operated.
[component_container_mt-1] [WARN] [1785818192.336424523] [sensing.lidar.concatenate_data]: transformed_raw_points[/sensing/lidar/right/pointcloud_before_sync] is nullptr, skipping pointcloud publish.
[component_container_mt-1] [WARN] [1785818192.336464395] [sensing.lidar.concatenate_data]: transformed_raw_points[/sensing/lidar/left/pointcloud_before_sync] is nullptr, skipping pointcloud publish.
[component_container_mt-47] [WARN] [1785818192.336490211] [control.vehicle_cmd_gate]: Emergency!
[autoware_ndt_scan_matcher_node-24] [INFO] [1785818192.337810224] [localization.pose_estimator.ndt_scan_matcher]: Mismatch between pose timestamp and current timestamp
[autoware_mrm_handler_node-13] [INFO] [1785818192.386400732] [system.mrm_handler]: MRM State changed: MRM_OPERATING -> NORMAL
[autoware_mrm_handler_node-13] [WARN] [1785818192.386625686] [system.mrm_handler]: EMERGENCY_STOP is canceled.
[component_container_mt-1] [WARN] [1785818192.436249423] [sensing.lidar.concatenate_data]: transformed_raw_points[/sensing/lidar/right/pointcloud_before_sync] is nullptr, skipping pointcloud publish.
[component_container_mt-1] [WARN] [1785818192.436296932] [sensing.lidar.concatenate_data]: transformed_raw_points[/sensing/lidar/left/pointcloud_before_sync] is nullptr, skipping pointcloud publish.
[autoware_ndt_scan_matcher_node-24] [INFO] [1785818192.436943035] [localization.pose_estimator.ndt_scan_matcher]: Mismatch between pose timestamp and current timestamp
[component_container_mt-1] [WARN] [1785818192.536030170] [sensing.lidar.concatenate_data]: transformed_raw_points[/sensing/lidar/right/pointcloud_before_sync] is nullptr, skipping pointcloud publish.
[component_container_mt-1] [WARN] [1785818192.536077843] [sensing.lidar.concatenate_data]: transformed_raw_points[/sensing/lidar/left/pointcloud_before_sync] is nullptr, skipping pointcloud publish.
[autoware_ndt_scan_matcher_node-24] [INFO] [1785818192.536801819] [localization.pose_estimator.ndt_scan_matcher]: Mismatch between pose timestamp and current timestamp
[component_container_mt-1] [WARN] [1785818192.636255803] [sensing.lidar.concatenate_data]: transformed_raw_points[/sensing/lidar/right/pointcloud_before_sync] is nullptr, skipping pointcloud publish.
[component_container_mt-1] [WARN] [1785818192.636305996] [sensing.lidar.concatenate_data]: transformed_raw_points[/sensing/lidar/left/pointcloud_before_sync] is nullptr, skipping pointcloud publish.
[autoware_ndt_scan_matcher_node-24] [INFO] [1785818192.637341943] [localization.pose_estimator.ndt_scan_matcher]: Mismatch between pose timestamp and current timestamp
[component_container_mt-1] [WARN] [1785818192.736251238] [sensing.lidar.concatenate_data]: transformed_raw_points[/sensing/lidar/right/pointcloud_before_sync] is nullptr, skipping pointcloud publish.
[component_container_mt-1] [WARN] [1785818192.736289884] [sensing.lidar.concatenate_data]: transformed_raw_points[/sensing/lidar/left/pointcloud_before_sync] is nullptr, skipping pointcloud publish.
[autoware_ndt_scan_matcher_node-24] [INFO] [1785818192.736720290] [localization.pose_estimator.ndt_scan_matcher]: Mismatch between pose timestamp and current timestamp
[component_container_mt-1] [WARN] [1785818192.836592550] [sensing.lidar.concatenate_data]: transformed_raw_points[/sensing/lidar/right/pointcloud_before_sync] is nullptr, skipping pointcloud publish.
[component_container_mt-1] [WARN] [1785818192.836640422] [sensing.lidar.concatenate_data]: transformed_raw_points[/sensing/lidar/left/pointcloud_before_sync] is nullptr, skipping pointcloud publish.
[autoware_ndt_scan_matcher_node-24] [INFO] [1785818192.837120855] [localization.pose_estimator.ndt_scan_matcher]: Mismatch between pose timestamp and current timestamp
[component_container_mt-48] [INFO] [1785818192.885906480] [control.autonomous_emergency_braking]: [AEB] waiting for control predicted trajectory
[component_container_mt-1] [WARN] [1785818192.936048065] [sensing.lidar.concatenate_data]: transformed_raw_points[/sensing/lidar/right/pointcloud_before_sync] is nullptr, skipping pointcloud publish.
[component_container_mt-1] [WARN] [1785818192.936094875] [sensing.lidar.concatenate_data]: transformed_raw_points[/sensing/lidar/left/pointcloud_before_sync] is nullptr, skipping pointcloud publish.
[autoware_ndt_scan_matcher_node-24] [INFO] [1785818192.936722031] [localization.pose_estimator.ndt_scan_matcher]: Mismatch between pose timestamp and current timestamp
[component_container-7] [INFO] [1785818192.986652519] [system.topic_state_monitor_mission_planning_route]: /planning/mission_planning/route has not received. Set ERROR in diagnostics.
[component_container_mt-1] [WARN] [1785818193.036576521] [sensing.lidar.concatenate_data]: transformed_raw_points[/sensing/lidar/right/pointcloud_before_sync] is nullptr, skipping pointcloud publish.
[component_container_mt-1] [WARN] [1785818193.036616200] [sensing.lidar.concatenate_data]: transformed_raw_points[/sensing/lidar/left/pointcloud_before_sync] is nullptr, skipping pointcloud publish.
[autoware_ndt_scan_matcher_node-24] [INFO] [1785818193.037623310] [localization.pose_estimator.ndt_scan_matcher]: Mismatch between pose timestamp and current timestamp
[component_container_mt-1] [WARN] [1785818193.135880592] [sensing.lidar.concatenate_data]: transformed_raw_points[/sensing/lidar/right/pointcloud_before_sync] is nullptr, skipping pointcloud publish.
[component_container_mt-1] [WARN] [1785818193.136453200] [sensing.lidar.concatenate_data]: transformed_raw_points[/sensing/lidar/left/pointcloud_before_sync] is nullptr, skipping pointcloud publish.
[autoware_ndt_scan_matcher_node-24] [INFO] [1785818193.136501932] [localization.pose_estimator.ndt_scan_matcher]: Mismatch between pose timestamp and current timestamp
[component_container_mt-1] [WARN] [1785818193.236439695] [sensing.lidar.concatenate_data]: transformed_raw_points[/sensing/lidar/right/pointcloud_before_sync] is nullptr, skipping pointcloud publish.
[component_container_mt-1] [WARN] [1785818193.236489765] [sensing.lidar.concatenate_data]: transformed_raw_points[/sensing/lidar/left/pointcloud_before_sync] is nullptr, skipping pointcloud publish.
[autoware_ndt_scan_matcher_node-24] [INFO] [1785818193.237081060] [localization.pose_estimator.ndt_scan_matcher]: Mismatch between pose timestamp and current timestamp
[autoware_mrm_handler_node-13] [INFO] [1785818193.286163053] [system.mrm_handler]: MRM State changed: NORMAL -> MRM_OPERATING
[autoware_mrm_handler_node-13] [WARN] [1785818193.286336625] [system.mrm_handler]: EMERGENCY_STOP is operated.
[component_container_mt-47] [WARN] [1785818193.336897049] [control.vehicle_cmd_gate]: Emergency!
[component_container_mt-48] [INFO] [1785818193.337041637] [control.control_validator]: waiting for /planning/trajectory
[component_container_mt-1] [WARN] [1785818193.337135032] [sensing.lidar.concatenate_data]: transformed_raw_points[/sensing/lidar/right/pointcloud_before_sync] is nullptr, skipping pointcloud publish.
[component_container_mt-1] [WARN] [1785818193.337174331] [sensing.lidar.concatenate_data]: transformed_raw_points[/sensing/lidar/left/pointcloud_before_sync] is nullptr, skipping pointcloud publish.
[autoware_ndt_scan_matcher_node-24] [INFO] [1785818193.337737163] [localization.pose_estimator.ndt_scan_matcher]: Mismatch between pose timestamp and current timestamp
[autoware_mrm_handler_node-13] [INFO] [1785818193.386256257] [system.mrm_handler]: MRM State changed: MRM_OPERATING -> NORMAL
[autoware_mrm_handler_node-13] [WARN] [1785818193.386972197] [system.mrm_handler]: EMERGENCY_STOP is canceled.
[component_container_mt-1] [WARN] [1785818193.436054137] [sensing.lidar.concatenate_data]: transformed_raw_points[/sensing/lidar/right/pointcloud_before_sync] is nullptr, skipping pointcloud publish.
[autoware_ndt_scan_matcher_node-24] [INFO] [1785818193.436688629] [localization.pose_estimator.ndt_scan_matcher]: Mismatch between pose timestamp and current timestamp
[component_container_mt-1] [WARN] [1785818193.436914314] [sensing.lidar.concatenate_data]: transformed_raw_points[/sensing/lidar/left/pointcloud_before_sync] is nullptr, skipping pointcloud publish.
[component_container_mt-1] [WARN] [1785818193.536032848] [sensing.lidar.concatenate_data]: transformed_raw_points[/sensing/lidar/right/pointcloud_before_sync] is nullptr, skipping pointcloud publish.
[component_container_mt-1] [WARN] [1785818193.536097053] [sensing.lidar.concatenate_data]: transformed_raw_points[/sensing/lidar/left/pointcloud_before_sync] is nullptr, skipping pointcloud publish.
[autoware_ndt_scan_matcher_node-24] [INFO] [1785818193.536634889] [localization.pose_estimator.ndt_scan_matcher]: Mismatch between pose timestamp and current timestamp
[component_container_mt-1] [WARN] [1785818193.636503704] [sensing.lidar.concatenate_data]: transformed_raw_points[/sensing/lidar/right/pointcloud_before_sync] is nullptr, skipping pointcloud publish.
[component_container_mt-1] [WARN] [1785818193.636550881] [sensing.lidar.concatenate_data]: transformed_raw_points[/sensing/lidar/left/pointcloud_before_sync] is nullptr, skipping pointcloud publish.
[autoware_ndt_scan_matcher_node-24] [INFO] [1785818193.637030241] [localization.pose_estimator.ndt_scan_matcher]: Mismatch between pose timestamp and current timestamp
[component_container_mt-1] [WARN] [1785818193.735951215] [sensing.lidar.concatenate_data]: transformed_raw_points[/sensing/lidar/right/pointcloud_before_sync] is nullptr, skipping pointcloud publish.
[component_container_mt-1] [WARN] [1785818193.735999258] [sensing.lidar.concatenate_data]: transformed_raw_points[/sensing/lidar/left/pointcloud_before_sync] is nullptr, skipping pointcloud publish.
[autoware_ndt_scan_matcher_node-24] [INFO] [1785818193.736539727] [localization.pose_estimator.ndt_scan_matcher]: Mismatch between pose timestamp and current timestamp
[component_container_mt-1] [WARN] [1785818193.836294994] [sensing.lidar.concatenate_data]: transformed_raw_points[/sensing/lidar/right/pointcloud_before_sync] is nullptr, skipping pointcloud publish.
[component_container_mt-1] [WARN] [1785818193.836345941] [sensing.lidar.concatenate_data]: transformed_raw_points[/sensing/lidar/left/pointcloud_before_sync] is nullptr, skipping pointcloud publish.
[autoware_ndt_scan_matcher_node-24] [INFO] [1785818193.837561878] [localization.pose_estimator.ndt_scan_matcher]: Mismatch between pose timestamp and current timestamp
[component_container_mt-1] [WARN] [1785818193.936128789] [sensing.lidar.concatenate_data]: transformed_raw_points[/sensing/lidar/right/pointcloud_before_sync] is nullptr, skipping pointcloud publish.
[component_container_mt-1] [WARN] [1785818193.936175719] [sensing.lidar.concatenate_data]: transformed_raw_points[/sensing/lidar/left/pointcloud_before_sync] is nullptr, skipping pointcloud publish.
[autoware_ndt_scan_matcher_node-24] [INFO] [1785818193.937425053] [localization.pose_estimator.ndt_scan_matcher]: Mismatch between pose timestamp and current timestamp
[component_container_mt-1] [WARN] [1785818194.036032185] [sensing.lidar.concatenate_data]: transformed_raw_points[/sensing/lidar/right/pointcloud_before_sync] is nullptr, skipping pointcloud publish.
[component_container_mt-1] [WARN] [1785818194.036081186] [sensing.lidar.concatenate_data]: transformed_raw_points[/sensing/lidar/left/pointcloud_before_sync] is nullptr, skipping pointcloud publish.
[autoware_ndt_scan_matcher_node-24] [INFO] [1785818194.036558090] [localization.pose_estimator.ndt_scan_matcher]: Mismatch between pose timestamp and current timestamp
[component_container_mt-1] [WARN] [1785818194.136111290] [sensing.lidar.concatenate_data]: transformed_raw_points[/sensing/lidar/right/pointcloud_before_sync] is nullptr, skipping pointcloud publish.
[component_container_mt-1] [WARN] [1785818194.136157042] [sensing.lidar.concatenate_data]: transformed_raw_points[/sensing/lidar/left/pointcloud_before_sync] is nullptr, skipping pointcloud publish.
[autoware_ndt_scan_matcher_node-24] [INFO] [1785818194.136726234] [localization.pose_estimator.ndt_scan_matcher]: Mismatch between pose timestamp and current timestamp
[autoware_scenario_selector_node-36] [INFO] [1785818194.185865560] [planning.scenario_planning.scenario_selector]: Waiting for route.
[component_container_mt-48] [INFO] [1785818194.187231457] [control.trajectory_follower.lane_departure_checker_node]: waiting for route msg...
[component_container_mt-1] [WARN] [1785818194.236101744] [sensing.lidar.concatenate_data]: transformed_raw_points[/sensing/lidar/right/pointcloud_before_sync] is nullptr, skipping pointcloud publish.
[component_container_mt-1] [WARN] [1785818194.236149396] [sensing.lidar.concatenate_data]: transformed_raw_points[/sensing/lidar/left/pointcloud_before_sync] is nullptr, skipping pointcloud publish.
[autoware_ndt_scan_matcher_node-24] [INFO] [1785818194.236665307] [localization.pose_estimator.ndt_scan_matcher]: Mismatch between pose timestamp and current timestamp
[autoware_mrm_handler_node-13] [INFO] [1785818194.285945533] [system.mrm_handler]: MRM State changed: NORMAL -> MRM_OPERATING
[autoware_mrm_handler_node-13] [WARN] [1785818194.286113021] [system.mrm_handler]: EMERGENCY_STOP is operated.
[logging_node-14] [WARN] [1785818194.286211944] [logging_diag_graph]: The target mode is not available for the following reasons:
[logging_node-14] - /autoware/modes/autonomous ERROR
[logging_node-14]     - /autoware/localization ERROR
[logging_node-14]         - /autoware/localization/state STALE
[logging_node-14]     - /autoware/planning ERROR
[logging_node-14]         - /autoware/planning/routing/state STALE
[logging_node-14]         - [anonymous group] ERROR
[logging_node-14]             - /autoware/planning/topic_rate_check/route ERROR
[logging_node-14]             - /autoware/planning/topic_rate_check/trajectory ERROR
[logging_node-14]     - /autoware/control ERROR
[logging_node-14]         - /autoware/control/topic_rate_check/trajectory_follower ERROR
[logging_node-14]         - /autoware/control/topic_rate_check/control_command WARN 
[logging_node-14]         - /autoware/control/performance_monitoring/lane_departure STALE
[logging_node-14]         - /autoware/control/performance_monitoring/control_state STALE
[logging_node-14]     - /adapi/mrm_request/delegate STALE
[logging_node-14] 
[component_container_mt-1] [WARN] [1785818194.336052211] [sensing.lidar.concatenate_data]: transformed_raw_points[/sensing/lidar/right/pointcloud_before_sync] is nullptr, skipping pointcloud publish.
[component_container_mt-1] [WARN] [1785818194.336100830] [sensing.lidar.concatenate_data]: transformed_raw_points[/sensing/lidar/left/pointcloud_before_sync] is nullptr, skipping pointcloud publish.
[component_container_mt-47] [WARN] [1785818194.336406809] [control.vehicle_cmd_gate]: Emergency!
[autoware_ndt_scan_matcher_node-24] [INFO] [1785818194.336804126] [localization.pose_estimator.ndt_scan_matcher]: Mismatch between pose timestamp and current timestamp
[autoware_mrm_handler_node-13] [INFO] [1785818194.386089826] [system.mrm_handler]: MRM State changed: MRM_OPERATING -> NORMAL
[autoware_mrm_handler_node-13] [WARN] [1785818194.386604789] [system.mrm_handler]: EMERGENCY_STOP is canceled.
[component_container_mt-1] [WARN] [1785818194.435873371] [sensing.lidar.concatenate_data]: transformed_raw_points[/sensing/lidar/right/pointcloud_before_sync] is nullptr, skipping pointcloud publish.
[component_container_mt-1] [WARN] [1785818194.435927812] [sensing.lidar.concatenate_data]: transformed_raw_points[/sensing/lidar/left/pointcloud_before_sync] is nullptr, skipping pointcloud publish.
[autoware_ndt_scan_matcher_node-24] [INFO] [1785818194.436443205] [localization.pose_estimator.ndt_scan_matcher]: Mismatch between pose timestamp and current timestamp
[component_container_mt-1] [WARN] [1785818194.536297997] [sensing.lidar.concatenate_data]: transformed_raw_points[/sensing/lidar/right/pointcloud_before_sync] is nullptr, skipping pointcloud publish.
[component_container_mt-1] [WARN] [1785818194.536350279] [sensing.lidar.concatenate_data]: transformed_raw_points[/sensing/lidar/left/pointcloud_before_sync] is nullptr, skipping pointcloud publish.
[autoware_ndt_scan_matcher_node-24] [INFO] [1785818194.536909962] [localization.pose_estimator.ndt_scan_matcher]: Mismatch between pose timestamp and current timestamp
[component_container_mt-1] [WARN] [1785818194.636020694] [sensing.lidar.concatenate_data]: transformed_raw_points[/sensing/lidar/right/pointcloud_before_sync] is nullptr, skipping pointcloud publish.
[component_container_mt-1] [WARN] [1785818194.636073283] [sensing.lidar.concatenate_data]: transformed_raw_points[/sensing/lidar/left/pointcloud_before_sync] is nullptr, skipping pointcloud publish.
[autoware_ndt_scan_matcher_node-24] [INFO] [1785818194.636499572] [localization.pose_estimator.ndt_scan_matcher]: Mismatch between pose timestamp and current timestamp
[component_container_mt-1] [WARN] [1785818194.736805866] [sensing.lidar.concatenate_data]: transformed_raw_points[/sensing/lidar/right/pointcloud_before_sync] is nullptr, skipping pointcloud publish.
[component_container_mt-1] [WARN] [1785818194.736847568] [sensing.lidar.concatenate_data]: transformed_raw_points[/sensing/lidar/left/pointcloud_before_sync] is nullptr, skipping pointcloud publish.
[autoware_ndt_scan_matcher_node-24] [INFO] [1785818194.737400057] [localization.pose_estimator.ndt_scan_matcher]: Mismatch between pose timestamp and current timestamp
[component_container_mt-1] [WARN] [1785818194.743856149] [localization.util.crop_box_filter_measurement_range]: Invalid PointCloud: row_step mismatch. Expected: 99040 (width 6190 * point_step 16), Got: 0. Frame: 'base_link', Stamp: 64.558997705 Please fill in the `cloud->row_step` field accordingly. This will be an ERROR starting in 2026 July
[component_container_mt-1] [WARN] [1785818194.836525822] [sensing.lidar.concatenate_data]: transformed_raw_points[/sensing/lidar/right/pointcloud_before_sync] is nullptr, skipping pointcloud publish.
[component_container_mt-1] [WARN] [1785818194.836574847] [sensing.lidar.concatenate_data]: transformed_raw_points[/sensing/lidar/left/pointcloud_before_sync] is nullptr, skipping pointcloud publish.
[autoware_ndt_scan_matcher_node-24] [INFO] [1785818194.837039388] [localization.pose_estimator.ndt_scan_matcher]: Mismatch between pose timestamp and current timestamp
[component_container_mt-1] [WARN] [1785818194.935911654] [sensing.lidar.concatenate_data]: transformed_raw_points[/sensing/lidar/right/pointcloud_before_sync] is nullptr, skipping pointcloud publish.
[component_container_mt-1] [WARN] [1785818194.935957109] [sensing.lidar.concatenate_data]: transformed_raw_points[/sensing/lidar/left/pointcloud_before_sync] is nullptr, skipping pointcloud publish.
[autoware_ndt_scan_matcher_node-24] [INFO] [1785818194.936408321] [localization.pose_estimator.ndt_scan_matcher]: Mismatch between pose timestamp and current timestamp
[component_container_mt-1] [WARN] [1785818195.036470746] [sensing.lidar.concatenate_data]: transformed_raw_points[/sensing/lidar/right/pointcloud_before_sync] is nullptr, skipping pointcloud publish.
[component_container_mt-1] [WARN] [1785818195.036516606] [sensing.lidar.concatenate_data]: transformed_raw_points[/sensing/lidar/left/pointcloud_before_sync] is nullptr, skipping pointcloud publish.
[autoware_ndt_scan_matcher_node-24] [INFO] [1785818195.036994082] [localization.pose_estimator.ndt_scan_matcher]: Mismatch between pose timestamp and current timestamp
[component_container-7] [WARN] [1785818195.086920444] [system.topic_state_monitor_control_command_control_cmd]: /control/command/control_cmd topic rate has dropped to the warning level. Set WARN in diagnostics.
[component_container_mt-1] [WARN] [1785818195.136006555] [sensing.lidar.concatenate_data]: transformed_raw_points[/sensing/lidar/right/pointcloud_before_sync] is nullptr, skipping pointcloud publish.
[component_container_mt-1] [WARN] [1785818195.136050975] [sensing.lidar.concatenate_data]: transformed_raw_points[/sensing/lidar/left/pointcloud_before_sync] is nullptr, skipping pointcloud publish.
[autoware_ndt_scan_matcher_node-24] [INFO] [1785818195.136672729] [localization.pose_estimator.ndt_scan_matcher]: Mismatch between pose timestamp and current timestamp
[component_container_mt-1] [WARN] [1785818195.236715574] [sensing.lidar.concatenate_data]: transformed_raw_points[/sensing/lidar/right/pointcloud_before_sync] is nullptr, skipping pointcloud publish.
[component_container_mt-1] [WARN] [1785818195.236759172] [sensing.lidar.concatenate_data]: transformed_raw_points[/sensing/lidar/left/pointcloud_before_sync] is nullptr, skipping pointcloud publish.
[autoware_ndt_scan_matcher_node-24] [INFO] [1785818195.238043142] [localization.pose_estimator.ndt_scan_matcher]: Mismatch between pose timestamp and current timestamp
[autoware_mrm_handler_node-13] [INFO] [1785818195.286069945] [system.mrm_handler]: MRM State changed: NORMAL -> MRM_OPERATING
[component_container_mt-47] [INFO] [1785818195.286290143] [control.trajectory_follower.controller_node_exe]: Waiting for trajectory data
[component_container_mt-47] [INFO] [1785818195.286337094] [control.trajectory_follower.controller_node_exe]: Control is skipped since input data is not ready.
[autoware_mrm_handler_node-13] [WARN] [1785818195.286399191] [system.mrm_handler]: EMERGENCY_STOP is operated.
[component_container_mt-1] [WARN] [1785818195.336380265] [sensing.lidar.concatenate_data]: transformed_raw_points[/sensing/lidar/right/pointcloud_before_sync] is nullptr, skipping pointcloud publish.
[component_container_mt-1] [WARN] [1785818195.336424654] [sensing.lidar.concatenate_data]: transformed_raw_points[/sensing/lidar/left/pointcloud_before_sync] is nullptr, skipping pointcloud publish.
[component_container_mt-47] [WARN] [1785818195.336433174] [control.vehicle_cmd_gate]: Emergency!
[autoware_ndt_scan_matcher_node-24] [INFO] [1785818195.337744099] [localization.pose_estimator.ndt_scan_matcher]: Mismatch between pose timestamp and current timestamp
[autoware_mrm_handler_node-13] [INFO] [1785818195.385936129] [system.mrm_handler]: MRM State changed: MRM_OPERATING -> NORMAL
[autoware_mrm_handler_node-13] [WARN] [1785818195.386259679] [system.mrm_handler]: EMERGENCY_STOP is canceled.
[component_container_mt-1] [WARN] [1785818195.436344457] [sensing.lidar.concatenate_data]: transformed_raw_points[/sensing/lidar/right/pointcloud_before_sync] is nullptr, skipping pointcloud publish.
[component_container_mt-1] [WARN] [1785818195.436390528] [sensing.lidar.concatenate_data]: transformed_raw_points[/sensing/lidar/left/pointcloud_before_sync] is nullptr, skipping pointcloud publish.
[autoware_ndt_scan_matcher_node-24] [INFO] [1785818195.436845868] [localization.pose_estimator.ndt_scan_matcher]: Mismatch between pose timestamp and current timestamp
[component_container_mt-1] [WARN] [1785818195.536037985] [sensing.lidar.concatenate_data]: transformed_raw_points[/sensing/lidar/right/pointcloud_before_sync] is nullptr, skipping pointcloud publish.
[component_container_mt-1] [WARN] [1785818195.536587794] [sensing.lidar.concatenate_data]: transformed_raw_points[/sensing/lidar/left/pointcloud_before_sync] is nullptr, skipping pointcloud publish.
[autoware_ndt_scan_matcher_node-24] [INFO] [1785818195.536664131] [localization.pose_estimator.ndt_scan_matcher]: Mismatch between pose timestamp and current timestamp
[component_container_mt-1] [WARN] [1785818195.636655928] [sensing.lidar.concatenate_data]: transformed_raw_points[/sensing/lidar/right/pointcloud_before_sync] is nullptr, skipping pointcloud publish.
[component_container_mt-1] [WARN] [1785818195.636706729] [sensing.lidar.concatenate_data]: transformed_raw_points[/sensing/lidar/left/pointcloud_before_sync] is nullptr, skipping pointcloud publish.
[autoware_ndt_scan_matcher_node-24] [INFO] [1785818195.637403886] [localization.pose_estimator.ndt_scan_matcher]: Mismatch between pose timestamp and current timestamp
[component_container-18] [WARN] [1785818195.642527098] [sensing.lidar.top.crop_box_filter_self]: Invalid PointCloud: is_dense is false. The point cloud should be organized (dense) and contain only valid points. This will be an ERROR starting in 2026 JulyFrame: 'velodyne_top', Stamp: 65.458997719
[component_container_mt-1] [WARN] [1785818195.736357811] [sensing.lidar.concatenate_data]: transformed_raw_points[/sensing/lidar/right/pointcloud_before_sync] is nullptr, skipping pointcloud publish.
[component_container_mt-1] [WARN] [1785818195.736408139] [sensing.lidar.concatenate_data]: transformed_raw_points[/sensing/lidar/left/pointcloud_before_sync] is nullptr, skipping pointcloud publish.
[autoware_ndt_scan_matcher_node-24] [INFO] [1785818195.736873815] [localization.pose_estimator.ndt_scan_matcher]: Mismatch between pose timestamp and current timestamp
[component_container_mt-1] [WARN] [1785818195.836147071] [sensing.lidar.concatenate_data]: transformed_raw_points[/sensing/lidar/right/pointcloud_before_sync] is nullptr, skipping pointcloud publish.
[component_container_mt-1] [WARN] [1785818195.836201596] [sensing.lidar.concatenate_data]: transformed_raw_points[/sensing/lidar/left/pointcloud_before_sync] is nullptr, skipping pointcloud publish.
[autoware_ndt_scan_matcher_node-24] [INFO] [1785818195.836846212] [localization.pose_estimator.ndt_scan_matcher]: Mismatch between pose timestamp and current timestamp
[component_container_mt-1] [WARN] [1785818195.936246516] [sensing.lidar.concatenate_data]: transformed_raw_points[/sensing/lidar/right/pointcloud_before_sync] is nullptr, skipping pointcloud publish.
[component_container_mt-1] [WARN] [1785818195.936293265] [sensing.lidar.concatenate_data]: transformed_raw_points[/sensing/lidar/left/pointcloud_before_sync] is nullptr, skipping pointcloud publish.
[autoware_ndt_scan_matcher_node-24] [INFO] [1785818195.936752819] [localization.pose_estimator.ndt_scan_matcher]: Mismatch between pose timestamp and current timestamp
[component_container-7] [INFO] [1785818195.986355635] [system.topic_state_monitor_mission_planning_route]: /planning/mission_planning/route has not received. Set ERROR in diagnostics.
[component_container_mt-1] [WARN] [1785818196.036103823] [sensing.lidar.concatenate_data]: transformed_raw_points[/sensing/lidar/right/pointcloud_before_sync] is nullptr, skipping pointcloud publish.
[component_container_mt-1] [WARN] [1785818196.036151750] [sensing.lidar.concatenate_data]: transformed_raw_points[/sensing/lidar/left/pointcloud_before_sync] is nullptr, skipping pointcloud publish.
[autoware_ndt_scan_matcher_node-24] [INFO] [1785818196.036621786] [localization.pose_estimator.ndt_scan_matcher]: Mismatch between pose timestamp and current timestamp
[component_container_mt-1] [WARN] [1785818196.136352056] [sensing.lidar.concatenate_data]: transformed_raw_points[/sensing/lidar/right/pointcloud_before_sync] is nullptr, skipping pointcloud publish.
[component_container_mt-1] [WARN] [1785818196.136401136] [sensing.lidar.concatenate_data]: transformed_raw_points[/sensing/lidar/left/pointcloud_before_sync] is nullptr, skipping pointcloud publish.
[autoware_ndt_scan_matcher_node-24] [INFO] [1785818196.136843636] [localization.pose_estimator.ndt_scan_matcher]: Mismatch between pose timestamp and current timestamp
[component_container-18] [WARN] [1785818196.143075222] [sensing.lidar.top.distortion_corrector_node]: Twist time_stamp is too late. Could not interpolate.
[component_container_mt-47] [INFO] [1785818196.186175825] [control.vehicle_cmd_gate]: The operation mode is changed, but the GearCommand is not received yet:
[component_container_mt-1] [WARN] [1785818196.235979887] [sensing.lidar.concatenate_data]: transformed_raw_points[/sensing/lidar/right/pointcloud_before_sync] is nullptr, skipping pointcloud publish.
[component_container_mt-1] [WARN] [1785818196.236028242] [sensing.lidar.concatenate_data]: transformed_raw_points[/sensing/lidar/left/pointcloud_before_sync] is nullptr, skipping pointcloud publish.
[autoware_ndt_scan_matcher_node-24] [INFO] [1785818196.236539824] [localization.pose_estimator.ndt_scan_matcher]: Mismatch between pose timestamp and current timestamp
[autoware_mrm_handler_node-13] [INFO] [1785818196.285910995] [system.mrm_handler]: MRM State changed: NORMAL -> MRM_OPERATING
[autoware_mrm_handler_node-13] [WARN] [1785818196.286663196] [system.mrm_handler]: EMERGENCY_STOP is operated.
[component_container_mt-1] [WARN] [1785818196.336090172] [sensing.lidar.concatenate_data]: transformed_raw_points[/sensing/lidar/right/pointcloud_before_sync] is nullptr, skipping pointcloud publish.
[component_container_mt-1] [WARN] [1785818196.336130536] [sensing.lidar.concatenate_data]: transformed_raw_points[/sensing/lidar/left/pointcloud_before_sync] is nullptr, skipping pointcloud publish.
[component_container_mt-47] [WARN] [1785818196.336293167] [control.vehicle_cmd_gate]: Emergency!
[component_container_mt-40] [INFO] [1785818196.336328655] [planning.scenario_planning.lane_driving.behavior_planning.behavior_path_planner]: waiting for scenario_topic
[autoware_ndt_scan_matcher_node-24] [INFO] [1785818196.336779137] [localization.pose_estimator.ndt_scan_matcher]: Mismatch between pose timestamp and current timestamp
[autoware_mrm_handler_node-13] [INFO] [1785818196.386226897] [system.mrm_handler]: MRM State changed: MRM_OPERATING -> NORMAL
[autoware_mrm_handler_node-13] [WARN] [1785818196.387157415] [system.mrm_handler]: EMERGENCY_STOP is canceled.
[component_container_mt-1] [WARN] [1785818196.436322272] [sensing.lidar.concatenate_data]: transformed_raw_points[/sensing/lidar/right/pointcloud_before_sync] is nullptr, skipping pointcloud publish.
[component_container_mt-1] [WARN] [1785818196.436376128] [sensing.lidar.concatenate_data]: transformed_raw_points[/sensing/lidar/left/pointcloud_before_sync] is nullptr, skipping pointcloud publish.
[autoware_ndt_scan_matcher_node-24] [INFO] [1785818196.436887641] [localization.pose_estimator.ndt_scan_matcher]: Mismatch between pose timestamp and current timestamp
[component_container_mt-1] [WARN] [1785818196.536610103] [sensing.lidar.concatenate_data]: transformed_raw_points[/sensing/lidar/right/pointcloud_before_sync] is nullptr, skipping pointcloud publish.
[component_container_mt-1] [WARN] [1785818196.536657425] [sensing.lidar.concatenate_data]: transformed_raw_points[/sensing/lidar/left/pointcloud_before_sync] is nullptr, skipping pointcloud publish.
[autoware_ndt_scan_matcher_node-24] [INFO] [1785818196.537129966] [localization.pose_estimator.ndt_scan_matcher]: Mismatch between pose timestamp and current timestamp
[component_container_mt-1] [WARN] [1785818196.636681170] [sensing.lidar.concatenate_data]: transformed_raw_points[/sensing/lidar/right/pointcloud_before_sync] is nullptr, skipping pointcloud publish.
[component_container_mt-1] [WARN] [1785818196.636722974] [sensing.lidar.concatenate_data]: transformed_raw_points[/sensing/lidar/left/pointcloud_before_sync] is nullptr, skipping pointcloud publish.
[autoware_ndt_scan_matcher_node-24] [INFO] [1785818196.637207423] [localization.pose_estimator.ndt_scan_matcher]: Mismatch between pose timestamp and current timestamp
[component_container_mt-1] [WARN] [1785818196.736333092] [sensing.lidar.concatenate_data]: transformed_raw_points[/sensing/lidar/right/pointcloud_before_sync] is nullptr, skipping pointcloud publish.
[component_container_mt-1] [WARN] [1785818196.736382957] [sensing.lidar.concatenate_data]: transformed_raw_points[/sensing/lidar/left/pointcloud_before_sync] is nullptr, skipping pointcloud publish.
[autoware_ndt_scan_matcher_node-24] [INFO] [1785818196.736881499] [localization.pose_estimator.ndt_scan_matcher]: Mismatch between pose timestamp and current timestamp
[component_container_mt-1] [WARN] [1785818196.836621932] [sensing.lidar.concatenate_data]: transformed_raw_points[/sensing/lidar/right/pointcloud_before_sync] is nullptr, skipping pointcloud publish.
[component_container_mt-1] [WARN] [1785818196.836659934] [sensing.lidar.concatenate_data]: transformed_raw_points[/sensing/lidar/left/pointcloud_before_sync] is nullptr, skipping pointcloud publish.
[autoware_ndt_scan_matcher_node-24] [INFO] [1785818196.837954243] [localization.pose_estimator.ndt_scan_matcher]: Mismatch between pose timestamp and current timestamp
[component_container_mt-1] [WARN] [1785818196.936381152] [sensing.lidar.concatenate_data]: transformed_raw_points[/sensing/lidar/right/pointcloud_before_sync] is nullptr, skipping pointcloud publish.
[component_container_mt-1] [WARN] [1785818196.936423296] [sensing.lidar.concatenate_data]: transformed_raw_points[/sensing/lidar/left/pointcloud_before_sync] is nullptr, skipping pointcloud publish.
[autoware_ndt_scan_matcher_node-24] [INFO] [1785818196.936866555] [localization.pose_estimator.ndt_scan_matcher]: Mismatch between pose timestamp and current timestamp
[component_container_mt-1] [WARN] [1785818197.036284259] [sensing.lidar.concatenate_data]: transformed_raw_points[/sensing/lidar/right/pointcloud_before_sync] is nullptr, skipping pointcloud publish.
[component_container_mt-1] [WARN] [1785818197.036334198] [sensing.lidar.concatenate_data]: transformed_raw_points[/sensing/lidar/left/pointcloud_before_sync] is nullptr, skipping pointcloud publish.
[autoware_ndt_scan_matcher_node-24] [INFO] [1785818197.036812341] [localization.pose_estimator.ndt_scan_matcher]: Mismatch between pose timestamp and current timestamp
[component_container_mt-1] [WARN] [1785818197.136054322] [sensing.lidar.concatenate_data]: transformed_raw_points[/sensing/lidar/right/pointcloud_before_sync] is nullptr, skipping pointcloud publish.
[component_container_mt-1] [WARN] [1785818197.136098850] [sensing.lidar.concatenate_data]: transformed_raw_points[/sensing/lidar/left/pointcloud_before_sync] is nullptr, skipping pointcloud publish.
[autoware_ndt_scan_matcher_node-24] [INFO] [1785818197.136568763] [localization.pose_estimator.ndt_scan_matcher]: Mismatch between pose timestamp and current timestamp
[component_container_mt-1] [WARN] [1785818197.235971999] [sensing.lidar.concatenate_data]: transformed_raw_points[/sensing/lidar/right/pointcloud_before_sync] is nullptr, skipping pointcloud publish.
[component_container_mt-1] [WARN] [1785818197.236024155] [sensing.lidar.concatenate_data]: transformed_raw_points[/sensing/lidar/left/pointcloud_before_sync] is nullptr, skipping pointcloud publish.
[autoware_ndt_scan_matcher_node-24] [INFO] [1785818197.236836450] [localization.pose_estimator.ndt_scan_matcher]: Mismatch between pose timestamp and current timestamp
[logging_node-14] [WARN] [1785818197.285792412] [logging_diag_graph]: The target mode is not available for the following reasons:
[logging_node-14] - /autoware/modes/autonomous ERROR
[logging_node-14]     - /autoware/localization ERROR
[logging_node-14]         - /autoware/localization/state STALE
[logging_node-14]     - /autoware/planning ERROR
[logging_node-14]         - /autoware/planning/routing/state STALE
[logging_node-14]         - [anonymous group] ERROR
[logging_node-14]             - /autoware/planning/topic_rate_check/route ERROR
[logging_node-14]             - /autoware/planning/topic_rate_check/trajectory ERROR
[logging_node-14]     - /autoware/control ERROR
[logging_node-14]         - /autoware/control/topic_rate_check/trajectory_follower ERROR
[logging_node-14]         - /autoware/control/topic_rate_check/control_command WARN 
[logging_node-14]         - /autoware/control/performance_monitoring/lane_departure STALE
[logging_node-14]         - /autoware/control/performance_monitoring/control_state STALE
[logging_node-14]     - /adapi/mrm_request/delegate STALE
[logging_node-14] 
[autoware_mrm_handler_node-13] [INFO] [1785818197.286145879] [system.mrm_handler]: MRM State changed: NORMAL -> MRM_OPERATING
[autoware_mrm_handler_node-13] [WARN] [1785818197.286349324] [system.mrm_handler]: EMERGENCY_STOP is operated.
[component_container_mt-1] [WARN] [1785818197.336414550] [sensing.lidar.concatenate_data]: transformed_raw_points[/sensing/lidar/right/pointcloud_before_sync] is nullptr, skipping pointcloud publish.
[component_container_mt-1] [WARN] [1785818197.336460017] [sensing.lidar.concatenate_data]: transformed_raw_points[/sensing/lidar/left/pointcloud_before_sync] is nullptr, skipping pointcloud publish.
[component_container_mt-47] [WARN] [1785818197.336425750] [control.vehicle_cmd_gate]: Emergency!
[autoware_ndt_scan_matcher_node-24] [INFO] [1785818197.337268027] [localization.pose_estimator.ndt_scan_matcher]: Mismatch between pose timestamp and current timestamp
[autoware_mrm_handler_node-13] [INFO] [1785818197.386383083] [system.mrm_handler]: MRM State changed: MRM_OPERATING -> NORMAL
[autoware_mrm_handler_node-13] [WARN] [1785818197.387251094] [system.mrm_handler]: EMERGENCY_STOP is canceled.
[component_container_mt-1] [WARN] [1785818197.435957529] [sensing.lidar.concatenate_data]: transformed_raw_points[/sensing/lidar/right/pointcloud_before_sync] is nullptr, skipping pointcloud publish.
[component_container_mt-1] [WARN] [1785818197.436000669] [sensing.lidar.concatenate_data]: transformed_raw_points[/sensing/lidar/left/pointcloud_before_sync] is nullptr, skipping pointcloud publish.
[autoware_ndt_scan_matcher_node-24] [INFO] [1785818197.436505169] [localization.pose_estimator.ndt_scan_matcher]: Mismatch between pose timestamp and current timestamp
[component_container_mt-1] [WARN] [1785818197.536419073] [sensing.lidar.concatenate_data]: transformed_raw_points[/sensing/lidar/right/pointcloud_before_sync] is nullptr, skipping pointcloud publish.
[component_container_mt-1] [WARN] [1785818197.536456512] [sensing.lidar.concatenate_data]: transformed_raw_points[/sensing/lidar/left/pointcloud_before_sync] is nullptr, skipping pointcloud publish.
[autoware_ndt_scan_matcher_node-24] [INFO] [1785818197.536926524] [localization.pose_estimator.ndt_scan_matcher]: Mismatch between pose timestamp and current timestamp
[component_container_mt-1] [WARN] [1785818197.635946524] [sensing.lidar.concatenate_data]: transformed_raw_points[/sensing/lidar/right/pointcloud_before_sync] is nullptr, skipping pointcloud publish.
[component_container_mt-1] [WARN] [1785818197.635994257] [sensing.lidar.concatenate_data]: transformed_raw_points[/sensing/lidar/left/pointcloud_before_sync] is nullptr, skipping pointcloud publish.
[autoware_ndt_scan_matcher_node-24] [INFO] [1785818197.636589000] [localization.pose_estimator.ndt_scan_matcher]: Mismatch between pose timestamp and current timestamp
[component_container_mt-1] [WARN] [1785818197.736147563] [sensing.lidar.concatenate_data]: transformed_raw_points[/sensing/lidar/right/pointcloud_before_sync] is nullptr, skipping pointcloud publish.
[component_container_mt-1] [WARN] [1785818197.736193866] [sensing.lidar.concatenate_data]: transformed_raw_points[/sensing/lidar/left/pointcloud_before_sync] is nullptr, skipping pointcloud publish.
[autoware_ndt_scan_matcher_node-24] [INFO] [1785818197.736822122] [localization.pose_estimator.ndt_scan_matcher]: Mismatch between pose timestamp and current timestamp
[component_container_mt-1] [WARN] [1785818197.836118489] [sensing.lidar.concatenate_data]: transformed_raw_points[/sensing/lidar/right/pointcloud_before_sync] is nullptr, skipping pointcloud publish.
[component_container_mt-1] [WARN] [1785818197.836170940] [sensing.lidar.concatenate_data]: transformed_raw_points[/sensing/lidar/left/pointcloud_before_sync] is nullptr, skipping pointcloud publish.
[autoware_ndt_scan_matcher_node-24] [INFO] [1785818197.837295874] [localization.pose_estimator.ndt_scan_matcher]: Mismatch between pose timestamp and current timestamp
[component_container_mt-48] [INFO] [1785818197.886435112] [control.autonomous_emergency_braking]: [AEB] waiting for control predicted trajectory
[component_container_mt-1] [WARN] [1785818197.935984960] [sensing.lidar.concatenate_data]: transformed_raw_points[/sensing/lidar/right/pointcloud_before_sync] is nullptr, skipping pointcloud publish.
[autoware_ndt_scan_matcher_node-24] [INFO] [1785818197.936533046] [localization.pose_estimator.ndt_scan_matcher]: Mismatch between pose timestamp and current timestamp
[component_container_mt-1] [WARN] [1785818197.936678387] [sensing.lidar.concatenate_data]: transformed_raw_points[/sensing/lidar/left/pointcloud_before_sync] is nullptr, skipping pointcloud publish.
[component_container_mt-1] [WARN] [1785818198.036311702] [sensing.lidar.concatenate_data]: transformed_raw_points[/sensing/lidar/right/pointcloud_before_sync] is nullptr, skipping pointcloud publish.
[component_container_mt-1] [WARN] [1785818198.036360254] [sensing.lidar.concatenate_data]: transformed_raw_points[/sensing/lidar/left/pointcloud_before_sync] is nullptr, skipping pointcloud publish.
[autoware_ndt_scan_matcher_node-24] [INFO] [1785818198.036821538] [localization.pose_estimator.ndt_scan_matcher]: Mismatch between pose timestamp and current timestamp
[component_container-7] [WARN] [1785818198.086693620] [system.topic_state_monitor_control_command_control_cmd]: /control/command/control_cmd topic rate has dropped to the warning level. Set WARN in diagnostics.
[component_container_mt-1] [WARN] [1785818198.136480731] [sensing.lidar.concatenate_data]: transformed_raw_points[/sensing/lidar/right/pointcloud_before_sync] is nullptr, skipping pointcloud publish.
[component_container_mt-1] [WARN] [1785818198.136523745] [sensing.lidar.concatenate_data]: transformed_raw_points[/sensing/lidar/left/pointcloud_before_sync] is nullptr, skipping pointcloud publish.
[autoware_ndt_scan_matcher_node-24] [INFO] [1785818198.136974579] [localization.pose_estimator.ndt_scan_matcher]: Mismatch between pose timestamp and current timestamp
[component_container_mt-1] [WARN] [1785818198.236452713] [sensing.lidar.concatenate_data]: transformed_raw_points[/sensing/lidar/right/pointcloud_before_sync] is nullptr, skipping pointcloud publish.
[component_container_mt-1] [WARN] [1785818198.236502058] [sensing.lidar.concatenate_data]: transformed_raw_points[/sensing/lidar/left/pointcloud_before_sync] is nullptr, skipping pointcloud publish.
[autoware_ndt_scan_matcher_node-24] [INFO] [1785818198.236987536] [localization.pose_estimator.ndt_scan_matcher]: Mismatch between pose timestamp and current timestamp
[component_container-18] [WARN] [1785818198.242882513] [sensing.lidar.top.distortion_corrector_node]: IMU time_stamp is too late. Could not interpolate.
[autoware_mrm_handler_node-13] [INFO] [1785818198.285912962] [system.mrm_handler]: MRM State changed: NORMAL -> MRM_OPERATING
[autoware_mrm_handler_node-13] [WARN] [1785818198.286194976] [system.mrm_handler]: EMERGENCY_STOP is operated.
[component_container_mt-1] [WARN] [1785818198.335889715] [sensing.lidar.concatenate_data]: transformed_raw_points[/sensing/lidar/right/pointcloud_before_sync] is nullptr, skipping pointcloud publish.
[component_container_mt-1] [WARN] [1785818198.335941565] [sensing.lidar.concatenate_data]: transformed_raw_points[/sensing/lidar/left/pointcloud_before_sync] is nullptr, skipping pointcloud publish.
[component_container_mt-47] [WARN] [1785818198.336052732] [control.vehicle_cmd_gate]: Emergency!
[component_container_mt-48] [INFO] [1785818198.336438326] [control.control_validator]: waiting for /planning/trajectory
[autoware_ndt_scan_matcher_node-24] [INFO] [1785818198.336720689] [localization.pose_estimator.ndt_scan_matcher]: Mismatch between pose timestamp and current timestamp
[autoware_mrm_handler_node-13] [INFO] [1785818198.386871185] [system.mrm_handler]: MRM State changed: MRM_OPERATING -> NORMAL
[autoware_mrm_handler_node-13] [WARN] [1785818198.387376556] [system.mrm_handler]: EMERGENCY_STOP is canceled.
[component_container_mt-1] [WARN] [1785818198.436323129] [sensing.lidar.concatenate_data]: transformed_raw_points[/sensing/lidar/right/pointcloud_before_sync] is nullptr, skipping pointcloud publish.
[component_container_mt-1] [WARN] [1785818198.436369259] [sensing.lidar.concatenate_data]: transformed_raw_points[/sensing/lidar/left/pointcloud_before_sync] is nullptr, skipping pointcloud publish.
[autoware_ndt_scan_matcher_node-24] [INFO] [1785818198.436998388] [localization.pose_estimator.ndt_scan_matcher]: Mismatch between pose timestamp and current timestamp
[component_container_mt-1] [WARN] [1785818198.536374417] [sensing.lidar.concatenate_data]: transformed_raw_points[/sensing/lidar/right/pointcloud_before_sync] is nullptr, skipping pointcloud publish.
[component_container_mt-1] [WARN] [1785818198.536420276] [sensing.lidar.concatenate_data]: transformed_raw_points[/sensing/lidar/left/pointcloud_before_sync] is nullptr, skipping pointcloud publish.
[autoware_ndt_scan_matcher_node-24] [INFO] [1785818198.537080163] [localization.pose_estimator.ndt_scan_matcher]: Mismatch between pose timestamp and current timestamp
[component_container_mt-1] [WARN] [1785818198.636150957] [sensing.lidar.concatenate_data]: transformed_raw_points[/sensing/lidar/right/pointcloud_before_sync] is nullptr, skipping pointcloud publish.
[component_container_mt-1] [WARN] [1785818198.636200898] [sensing.lidar.concatenate_data]: transformed_raw_points[/sensing/lidar/left/pointcloud_before_sync] is nullptr, skipping pointcloud publish.
[autoware_ndt_scan_matcher_node-24] [INFO] [1785818198.636732789] [localization.pose_estimator.ndt_scan_matcher]: Mismatch between pose timestamp and current timestamp
[component_container_mt-1] [WARN] [1785818198.735969567] [sensing.lidar.concatenate_data]: transformed_raw_points[/sensing/lidar/right/pointcloud_before_sync] is nullptr, skipping pointcloud publish.
[component_container_mt-1] [WARN] [1785818198.736021840] [sensing.lidar.concatenate_data]: transformed_raw_points[/sensing/lidar/left/pointcloud_before_sync] is nullptr, skipping pointcloud publish.
[autoware_ndt_scan_matcher_node-24] [INFO] [1785818198.736815744] [localization.pose_estimator.ndt_scan_matcher]: Mismatch between pose timestamp and current timestamp
[component_container_mt-1] [WARN] [1785818198.836176570] [sensing.lidar.concatenate_data]: transformed_raw_points[/sensing/lidar/right/pointcloud_before_sync] is nullptr, skipping pointcloud publish.
[component_container_mt-1] [WARN] [1785818198.836228007] [sensing.lidar.concatenate_data]: transformed_raw_points[/sensing/lidar/left/pointcloud_before_sync] is nullptr, skipping pointcloud publish.
[autoware_ndt_scan_matcher_node-24] [INFO] [1785818198.836770235] [localization.pose_estimator.ndt_scan_matcher]: Mismatch between pose timestamp and current timestamp
[component_container_mt-1] [WARN] [1785818198.936077320] [sensing.lidar.concatenate_data]: transformed_raw_points[/sensing/lidar/right/pointcloud_before_sync] is nullptr, skipping pointcloud publish.
[component_container_mt-1] [WARN] [1785818198.936168055] [sensing.lidar.concatenate_data]: transformed_raw_points[/sensing/lidar/left/pointcloud_before_sync] is nullptr, skipping pointcloud publish.
[autoware_ndt_scan_matcher_node-24] [INFO] [1785818198.936810692] [localization.pose_estimator.ndt_scan_matcher]: Mismatch between pose timestamp and current timestamp
[component_container-7] [INFO] [1785818198.986643231] [system.topic_state_monitor_trajectory_follower_control_cmd]: /control/trajectory_follower/control_cmd has not received. Set ERROR in diagnostics.
[component_container_mt-1] [WARN] [1785818199.036279139] [sensing.lidar.concatenate_data]: transformed_raw_points[/sensing/lidar/right/pointcloud_before_sync] is nullptr, skipping pointcloud publish.
[component_container_mt-1] [WARN] [1785818199.036328477] [sensing.lidar.concatenate_data]: transformed_raw_points[/sensing/lidar/left/pointcloud_before_sync] is nullptr, skipping pointcloud publish.
[autoware_ndt_scan_matcher_node-24] [INFO] [1785818199.036832777] [localization.pose_estimator.ndt_scan_matcher]: Mismatch between pose timestamp and current timestamp
[component_container_mt-1] [WARN] [1785818199.136092219] [sensing.lidar.concatenate_data]: transformed_raw_points[/sensing/lidar/right/pointcloud_before_sync] is nullptr, skipping pointcloud publish.
[component_container_mt-1] [WARN] [1785818199.136138178] [sensing.lidar.concatenate_data]: transformed_raw_points[/sensing/lidar/left/pointcloud_before_sync] is nullptr, skipping pointcloud publish.
[autoware_ndt_scan_matcher_node-24] [INFO] [1785818199.137221966] [localization.pose_estimator.ndt_scan_matcher]: Mismatch between pose timestamp and current timestamp
[autoware_scenario_selector_node-36] [INFO] [1785818199.186079092] [planning.scenario_planning.scenario_selector]: Waiting for route.
[component_container_mt-48] [INFO] [1785818199.186235958] [control.trajectory_follower.lane_departure_checker_node]: waiting for route msg...
[component_container_mt-1] [WARN] [1785818199.236344913] [sensing.lidar.concatenate_data]: transformed_raw_points[/sensing/lidar/right/pointcloud_before_sync] is nullptr, skipping pointcloud publish.
[component_container_mt-1] [WARN] [1785818199.236388904] [sensing.lidar.concatenate_data]: transformed_raw_points[/sensing/lidar/left/pointcloud_before_sync] is nullptr, skipping pointcloud publish.
[autoware_ndt_scan_matcher_node-24] [INFO] [1785818199.236976764] [localization.pose_estimator.ndt_scan_matcher]: Mismatch between pose timestamp and current timestamp
[autoware_mrm_handler_node-13] [INFO] [1785818199.285863724] [system.mrm_handler]: MRM State changed: NORMAL -> MRM_OPERATING
[autoware_mrm_handler_node-13] [WARN] [1785818199.286469298] [system.mrm_handler]: EMERGENCY_STOP is operated.
[component_container_mt-47] [WARN] [1785818199.336284930] [control.vehicle_cmd_gate]: Emergency!
[component_container_mt-1] [WARN] [1785818199.336355189] [sensing.lidar.concatenate_data]: transformed_raw_points[/sensing/lidar/right/pointcloud_before_sync] is nullptr, skipping pointcloud publish.
[component_container_mt-1] [WARN] [1785818199.336390316] [sensing.lidar.concatenate_data]: transformed_raw_points[/sensing/lidar/left/pointcloud_before_sync] is nullptr, skipping pointcloud publish.
[autoware_ndt_scan_matcher_node-24] [INFO] [1785818199.336877478] [localization.pose_estimator.ndt_scan_matcher]: Mismatch between pose timestamp and current timestamp
[autoware_mrm_handler_node-13] [INFO] [1785818199.386220550] [system.mrm_handler]: MRM State changed: MRM_OPERATING -> NORMAL
[autoware_mrm_handler_node-13] [WARN] [1785818199.387240973] [system.mrm_handler]: EMERGENCY_STOP is canceled.
[component_container_mt-1] [WARN] [1785818199.436288851] [sensing.lidar.concatenate_data]: transformed_raw_points[/sensing/lidar/right/pointcloud_before_sync] is nullptr, skipping pointcloud publish.
[component_container_mt-1] [WARN] [1785818199.436337691] [sensing.lidar.concatenate_data]: transformed_raw_points[/sensing/lidar/left/pointcloud_before_sync] is nullptr, skipping pointcloud publish.
[autoware_ndt_scan_matcher_node-24] [INFO] [1785818199.436873634] [localization.pose_estimator.ndt_scan_matcher]: Mismatch between pose timestamp and current timestamp
[component_container_mt-1] [WARN] [1785818199.536332081] [sensing.lidar.concatenate_data]: transformed_raw_points[/sensing/lidar/right/pointcloud_before_sync] is nullptr, skipping pointcloud publish.
[component_container_mt-1] [WARN] [1785818199.536383241] [sensing.lidar.concatenate_data]: transformed_raw_points[/sensing/lidar/left/pointcloud_before_sync] is nullptr, skipping pointcloud publish.
[autoware_ndt_scan_matcher_node-24] [INFO] [1785818199.536969821] [localization.pose_estimator.ndt_scan_matcher]: Mismatch between pose timestamp and current timestamp
[component_container_mt-1] [WARN] [1785818199.636103584] [sensing.lidar.concatenate_data]: transformed_raw_points[/sensing/lidar/right/pointcloud_before_sync] is nullptr, skipping pointcloud publish.
[component_container_mt-1] [WARN] [1785818199.636154090] [sensing.lidar.concatenate_data]: transformed_raw_points[/sensing/lidar/left/pointcloud_before_sync] is nullptr, skipping pointcloud publish.
[autoware_ndt_scan_matcher_node-24] [INFO] [1785818199.636764666] [localization.pose_estimator.ndt_scan_matcher]: Mismatch between pose timestamp and current timestamp
[component_container_mt-1] [WARN] [1785818199.736152297] [sensing.lidar.concatenate_data]: transformed_raw_points[/sensing/lidar/right/pointcloud_before_sync] is nullptr, skipping pointcloud publish.
[component_container_mt-1] [WARN] [1785818199.736203694] [sensing.lidar.concatenate_data]: transformed_raw_points[/sensing/lidar/left/pointcloud_before_sync] is nullptr, skipping pointcloud publish.
[autoware_ndt_scan_matcher_node-24] [INFO] [1785818199.736671621] [localization.pose_estimator.ndt_scan_matcher]: Mismatch between pose timestamp and current timestamp
[component_container_mt-1] [WARN] [1785818199.743807722] [localization.util.crop_box_filter_measurement_range]: Invalid PointCloud: row_step mismatch. Expected: 100880 (width 6305 * point_step 16), Got: 0. Frame: 'base_link', Stamp: 69.558997780 Please fill in the `cloud->row_step` field accordingly. This will be an ERROR starting in 2026 July
[component_container_mt-1] [WARN] [1785818199.836329338] [sensing.lidar.concatenate_data]: transformed_raw_points[/sensing/lidar/right/pointcloud_before_sync] is nullptr, skipping pointcloud publish.
[component_container_mt-1] [WARN] [1785818199.836377088] [sensing.lidar.concatenate_data]: transformed_raw_points[/sensing/lidar/left/pointcloud_before_sync] is nullptr, skipping pointcloud publish.
[autoware_ndt_scan_matcher_node-24] [INFO] [1785818199.836899834] [localization.pose_estimator.ndt_scan_matcher]: Mismatch between pose timestamp and current timestamp
[component_container_mt-1] [WARN] [1785818199.936074880] [sensing.lidar.concatenate_data]: transformed_raw_points[/sensing/lidar/right/pointcloud_before_sync] is nullptr, skipping pointcloud publish.
[component_container_mt-1] [WARN] [1785818199.936126382] [sensing.lidar.concatenate_data]: transformed_raw_points[/sensing/lidar/left/pointcloud_before_sync] is nullptr, skipping pointcloud publish.
[autoware_ndt_scan_matcher_node-24] [INFO] [1785818199.936600157] [localization.pose_estimator.ndt_scan_matcher]: Mismatch between pose timestamp and current timestamp
[component_container_mt-1] [WARN] [1785818200.036059070] [sensing.lidar.concatenate_data]: transformed_raw_points[/sensing/lidar/right/pointcloud_before_sync] is nullptr, skipping pointcloud publish.
[component_container_mt-1] [WARN] [1785818200.036107388] [sensing.lidar.concatenate_data]: transformed_raw_points[/sensing/lidar/left/pointcloud_before_sync] is nullptr, skipping pointcloud publish.
[autoware_ndt_scan_matcher_node-24] [INFO] [1785818200.036801637] [localization.pose_estimator.ndt_scan_matcher]: Mismatch between pose timestamp and current timestamp
[component_container_mt-1] [WARN] [1785818200.136367046] [sensing.lidar.concatenate_data]: transformed_raw_points[/sensing/lidar/right/pointcloud_before_sync] is nullptr, skipping pointcloud publish.
[component_container_mt-1] [WARN] [1785818200.136411594] [sensing.lidar.concatenate_data]: transformed_raw_points[/sensing/lidar/left/pointcloud_before_sync] is nullptr, skipping pointcloud publish.
[autoware_ndt_scan_matcher_node-24] [INFO] [1785818200.136945135] [localization.pose_estimator.ndt_scan_matcher]: Mismatch between pose timestamp and current timestamp
[component_container_mt-1] [WARN] [1785818200.236420062] [sensing.lidar.concatenate_data]: transformed_raw_points[/sensing/lidar/right/pointcloud_before_sync] is nullptr, skipping pointcloud publish.
[component_container_mt-1] [WARN] [1785818200.236487150] [sensing.lidar.concatenate_data]: transformed_raw_points[/sensing/lidar/left/pointcloud_before_sync] is nullptr, skipping pointcloud publish.
[autoware_ndt_scan_matcher_node-24] [INFO] [1785818200.236921567] [localization.pose_estimator.ndt_scan_matcher]: Mismatch between pose timestamp and current timestamp
[component_container_mt-47] [INFO] [1785818200.286325912] [control.trajectory_follower.controller_node_exe]: Waiting for trajectory data
[component_container_mt-47] [INFO] [1785818200.286375018] [control.trajectory_follower.controller_node_exe]: Control is skipped since input data is not ready.
[logging_node-14] [WARN] [1785818200.286387458] [logging_diag_graph]: The target mode is not available for the following reasons:
[logging_node-14] - /autoware/modes/autonomous ERROR
[logging_node-14]     - /autoware/localization ERROR
[logging_node-14]         - /autoware/localization/state STALE
[logging_node-14]     - /autoware/planning ERROR
[logging_node-14]         - /autoware/planning/routing/state STALE
[logging_node-14]         - [anonymous group] ERROR
[logging_node-14]             - /autoware/planning/topic_rate_check/route ERROR
[logging_node-14]             - /autoware/planning/topic_rate_check/trajectory ERROR
[logging_node-14]     - /autoware/control ERROR
[logging_node-14]         - /autoware/control/topic_rate_check/trajectory_follower ERROR
[logging_node-14]         - /autoware/control/topic_rate_check/control_command WARN 
[logging_node-14]         - /autoware/control/performance_monitoring/lane_departure STALE
[logging_node-14]         - /autoware/control/performance_monitoring/control_state STALE
[logging_node-14]     - /adapi/mrm_request/delegate STALE
[logging_node-14] 
[autoware_mrm_handler_node-13] [INFO] [1785818200.286617828] [system.mrm_handler]: MRM State changed: NORMAL -> MRM_OPERATING
[autoware_mrm_handler_node-13] [WARN] [1785818200.286788775] [system.mrm_handler]: EMERGENCY_STOP is operated.
[component_container_mt-1] [WARN] [1785818200.336383630] [sensing.lidar.concatenate_data]: transformed_raw_points[/sensing/lidar/right/pointcloud_before_sync] is nullptr, skipping pointcloud publish.
[component_container_mt-1] [WARN] [1785818200.336423129] [sensing.lidar.concatenate_data]: transformed_raw_points[/sensing/lidar/left/pointcloud_before_sync] is nullptr, skipping pointcloud publish.
[component_container_mt-47] [WARN] [1785818200.336531607] [control.vehicle_cmd_gate]: Emergency!
[autoware_ndt_scan_matcher_node-24] [INFO] [1785818200.336883571] [localization.pose_estimator.ndt_scan_matcher]: Mismatch between pose timestamp and current timestamp
[autoware_mrm_handler_node-13] [INFO] [1785818200.386306462] [system.mrm_handler]: MRM State changed: MRM_OPERATING -> NORMAL
[autoware_mrm_handler_node-13] [WARN] [1785818200.386640713] [system.mrm_handler]: EMERGENCY_STOP is canceled.
[component_container_mt-1] [WARN] [1785818200.435906795] [sensing.lidar.concatenate_data]: transformed_raw_points[/sensing/lidar/right/pointcloud_before_sync] is nullptr, skipping pointcloud publish.
[component_container_mt-1] [WARN] [1785818200.435957276] [sensing.lidar.concatenate_data]: transformed_raw_points[/sensing/lidar/left/pointcloud_before_sync] is nullptr, skipping pointcloud publish.
[autoware_ndt_scan_matcher_node-24] [INFO] [1785818200.436502942] [localization.pose_estimator.ndt_scan_matcher]: Mismatch between pose timestamp and current timestamp
[component_container_mt-1] [WARN] [1785818200.536028013] [sensing.lidar.concatenate_data]: transformed_raw_points[/sensing/lidar/right/pointcloud_before_sync] is nullptr, skipping pointcloud publish.
[component_container_mt-1] [WARN] [1785818200.536074909] [sensing.lidar.concatenate_data]: transformed_raw_points[/sensing/lidar/left/pointcloud_before_sync] is nullptr, skipping pointcloud publish.
[autoware_ndt_scan_matcher_node-24] [INFO] [1785818200.536623276] [localization.pose_estimator.ndt_scan_matcher]: Mismatch between pose timestamp and current timestamp
[component_container_mt-1] [WARN] [1785818200.636256671] [sensing.lidar.concatenate_data]: transformed_raw_points[/sensing/lidar/right/pointcloud_before_sync] is nullptr, skipping pointcloud publish.
[component_container_mt-1] [WARN] [1785818200.636306390] [sensing.lidar.concatenate_data]: transformed_raw_points[/sensing/lidar/left/pointcloud_before_sync] is nullptr, skipping pointcloud publish.
[autoware_ndt_scan_matcher_node-24] [INFO] [1785818200.637129258] [localization.pose_estimator.ndt_scan_matcher]: Mismatch between pose timestamp and current timestamp
[component_container-18] [WARN] [1785818200.642943863] [sensing.lidar.top.crop_box_filter_self]: Invalid PointCloud: is_dense is false. The point cloud should be organized (dense) and contain only valid points. This will be an ERROR starting in 2026 JulyFrame: 'velodyne_top', Stamp: 70.458997793
[component_container_mt-1] [WARN] [1785818200.736164483] [sensing.lidar.concatenate_data]: transformed_raw_points[/sensing/lidar/right/pointcloud_before_sync] is nullptr, skipping pointcloud publish.
[component_container_mt-1] [WARN] [1785818200.736202793] [sensing.lidar.concatenate_data]: transformed_raw_points[/sensing/lidar/left/pointcloud_before_sync] is nullptr, skipping pointcloud publish.
[autoware_ndt_scan_matcher_node-24] [INFO] [1785818200.736749826] [localization.pose_estimator.ndt_scan_matcher]: Mismatch between pose timestamp and current timestamp
[component_container_mt-1] [WARN] [1785818200.836284493] [sensing.lidar.concatenate_data]: transformed_raw_points[/sensing/lidar/right/pointcloud_before_sync] is nullptr, skipping pointcloud publish.
[component_container_mt-1] [WARN] [1785818200.836332031] [sensing.lidar.concatenate_data]: transformed_raw_points[/sensing/lidar/left/pointcloud_before_sync] is nullptr, skipping pointcloud publish.
[autoware_ndt_scan_matcher_node-24] [INFO] [1785818200.836782007] [localization.pose_estimator.ndt_scan_matcher]: Mismatch between pose timestamp and current timestamp
[component_container_mt-1] [WARN] [1785818200.936352833] [sensing.lidar.concatenate_data]: transformed_raw_points[/sensing/lidar/right/pointcloud_before_sync] is nullptr, skipping pointcloud publish.
[component_container_mt-1] [WARN] [1785818200.936396883] [sensing.lidar.concatenate_data]: transformed_raw_points[/sensing/lidar/left/pointcloud_before_sync] is nullptr, skipping pointcloud publish.
[autoware_ndt_scan_matcher_node-24] [INFO] [1785818200.936822057] [localization.pose_estimator.ndt_scan_matcher]: Mismatch between pose timestamp and current timestamp
[component_container_mt-1] [WARN] [1785818201.036195953] [sensing.lidar.concatenate_data]: transformed_raw_points[/sensing/lidar/right/pointcloud_before_sync] is nullptr, skipping pointcloud publish.
[component_container_mt-1] [WARN] [1785818201.036597405] [sensing.lidar.concatenate_data]: transformed_raw_points[/sensing/lidar/left/pointcloud_before_sync] is nullptr, skipping pointcloud publish.
[autoware_ndt_scan_matcher_node-24] [INFO] [1785818201.036862028] [localization.pose_estimator.ndt_scan_matcher]: Mismatch between pose timestamp and current timestamp
[component_container-7] [WARN] [1785818201.086259453] [system.topic_state_monitor_control_command_control_cmd]: /control/command/control_cmd topic rate has dropped to the warning level. Set WARN in diagnostics.
[component_container_mt-1] [WARN] [1785818201.136072868] [sensing.lidar.concatenate_data]: transformed_raw_points[/sensing/lidar/right/pointcloud_before_sync] is nullptr, skipping pointcloud publish.
[component_container_mt-1] [WARN] [1785818201.136119769] [sensing.lidar.concatenate_data]: transformed_raw_points[/sensing/lidar/left/pointcloud_before_sync] is nullptr, skipping pointcloud publish.
[autoware_ndt_scan_matcher_node-24] [INFO] [1785818201.137500985] [localization.pose_estimator.ndt_scan_matcher]: Mismatch between pose timestamp and current timestamp
[component_container_mt-47] [INFO] [1785818201.186526446] [control.vehicle_cmd_gate]: The operation mode is changed, but the GearCommand is not received yet:
[component_container_mt-1] [WARN] [1785818201.236226220] [sensing.lidar.concatenate_data]: transformed_raw_points[/sensing/lidar/right/pointcloud_before_sync] is nullptr, skipping pointcloud publish.
[component_container_mt-1] [WARN] [1785818201.236276868] [sensing.lidar.concatenate_data]: transformed_raw_points[/sensing/lidar/left/pointcloud_before_sync] is nullptr, skipping pointcloud publish.
[autoware_ndt_scan_matcher_node-24] [INFO] [1785818201.236760211] [localization.pose_estimator.ndt_scan_matcher]: Mismatch between pose timestamp and current timestamp
[component_container_mt-1] [WARN] [1785818201.336331404] [sensing.lidar.concatenate_data]: transformed_raw_points[/sensing/lidar/right/pointcloud_before_sync] is nullptr, skipping pointcloud publish.
[component_container_mt-1] [WARN] [1785818201.336378489] [sensing.lidar.concatenate_data]: transformed_raw_points[/sensing/lidar/left/pointcloud_before_sync] is nullptr, skipping pointcloud publish.
[component_container_mt-40] [INFO] [1785818201.336439240] [planning.scenario_planning.lane_driving.behavior_planning.behavior_path_planner]: waiting for scenario_topic
[autoware_ndt_scan_matcher_node-24] [INFO] [1785818201.336811007] [localization.pose_estimator.ndt_scan_matcher]: Mismatch between pose timestamp and current timestamp
[component_container_mt-1] [WARN] [1785818201.436312249] [sensing.lidar.concatenate_data]: transformed_raw_points[/sensing/lidar/right/pointcloud_before_sync] is nullptr, skipping pointcloud publish.
[component_container_mt-1] [WARN] [1785818201.436360223] [sensing.lidar.concatenate_data]: transformed_raw_points[/sensing/lidar/left/pointcloud_before_sync] is nullptr, skipping pointcloud publish.
[autoware_ndt_scan_matcher_node-24] [INFO] [1785818201.436972918] [localization.pose_estimator.ndt_scan_matcher]: Mismatch between pose timestamp and current timestamp
[component_container_mt-1] [WARN] [1785818201.536203971] [sensing.lidar.concatenate_data]: transformed_raw_points[/sensing/lidar/right/pointcloud_before_sync] is nullptr, skipping pointcloud publish.
[component_container_mt-1] [WARN] [1785818201.536251273] [sensing.lidar.concatenate_data]: transformed_raw_points[/sensing/lidar/left/pointcloud_before_sync] is nullptr, skipping pointcloud publish.
[autoware_ndt_scan_matcher_node-24] [INFO] [1785818201.536733508] [localization.pose_estimator.ndt_scan_matcher]: Mismatch between pose timestamp and current timestamp
[component_container_mt-1] [WARN] [1785818201.636357068] [sensing.lidar.concatenate_data]: transformed_raw_points[/sensing/lidar/right/pointcloud_before_sync] is nullptr, skipping pointcloud publish.
[component_container_mt-1] [WARN] [1785818201.636406740] [sensing.lidar.concatenate_data]: transformed_raw_points[/sensing/lidar/left/pointcloud_before_sync] is nullptr, skipping pointcloud publish.
[autoware_ndt_scan_matcher_node-24] [INFO] [1785818201.636999188] [localization.pose_estimator.ndt_scan_matcher]: Mismatch between pose timestamp and current timestamp
[component_container_mt-1] [WARN] [1785818201.736248693] [sensing.lidar.concatenate_data]: transformed_raw_points[/sensing/lidar/right/pointcloud_before_sync] is nullptr, skipping pointcloud publish.
[component_container_mt-1] [WARN] [1785818201.736285322] [sensing.lidar.concatenate_data]: transformed_raw_points[/sensing/lidar/left/pointcloud_before_sync] is nullptr, skipping pointcloud publish.
[autoware_ndt_scan_matcher_node-24] [INFO] [1785818201.736767861] [localization.pose_estimator.ndt_scan_matcher]: Mismatch between pose timestamp and current timestamp
[component_container_mt-1] [WARN] [1785818201.836634439] [sensing.lidar.concatenate_data]: transformed_raw_points[/sensing/lidar/right/pointcloud_before_sync] is nullptr, skipping pointcloud publish.
[component_container_mt-1] [WARN] [1785818201.836676423] [sensing.lidar.concatenate_data]: transformed_raw_points[/sensing/lidar/left/pointcloud_before_sync] is nullptr, skipping pointcloud publish.
[autoware_ndt_scan_matcher_node-24] [INFO] [1785818201.837146623] [localization.pose_estimator.ndt_scan_matcher]: Mismatch between pose timestamp and current timestamp
[component_container_mt-1] [WARN] [1785818201.936056838] [sensing.lidar.concatenate_data]: transformed_raw_points[/sensing/lidar/right/pointcloud_before_sync] is nullptr, skipping pointcloud publish.
[component_container_mt-1] [WARN] [1785818201.936102568] [sensing.lidar.concatenate_data]: transformed_raw_points[/sensing/lidar/left/pointcloud_before_sync] is nullptr, skipping pointcloud publish.
[autoware_ndt_scan_matcher_node-24] [INFO] [1785818201.936654806] [localization.pose_estimator.ndt_scan_matcher]: Mismatch between pose timestamp and current timestamp
[component_container-7] [INFO] [1785818201.986280746] [system.topic_state_monitor_mission_planning_route]: /planning/mission_planning/route has not received. Set ERROR in diagnostics.
[component_container_mt-1] [WARN] [1785818202.036103530] [sensing.lidar.concatenate_data]: transformed_raw_points[/sensing/lidar/right/pointcloud_before_sync] is nullptr, skipping pointcloud publish.
[component_container_mt-1] [WARN] [1785818202.036155195] [sensing.lidar.concatenate_data]: transformed_raw_points[/sensing/lidar/left/pointcloud_before_sync] is nullptr, skipping pointcloud publish.
[autoware_ndt_scan_matcher_node-24] [INFO] [1785818202.036595444] [localization.pose_estimator.ndt_scan_matcher]: Mismatch between pose timestamp and current timestamp
[component_container_mt-1] [WARN] [1785818202.136564278] [sensing.lidar.concatenate_data]: transformed_raw_points[/sensing/lidar/right/pointcloud_before_sync] is nullptr, skipping pointcloud publish.
[component_container_mt-1] [WARN] [1785818202.136606173] [sensing.lidar.concatenate_data]: transformed_raw_points[/sensing/lidar/left/pointcloud_before_sync] is nullptr, skipping pointcloud publish.
[autoware_ndt_scan_matcher_node-24] [INFO] [1785818202.137159591] [localization.pose_estimator.ndt_scan_matcher]: Mismatch between pose timestamp and current timestamp
[autoware_mrm_handler_node-13] [INFO] [1785818202.186799220] [system.mrm_handler]: MRM State changed: NORMAL -> MRM_OPERATING
[autoware_mrm_handler_node-13] [WARN] [1785818202.186994464] [system.mrm_handler]: EMERGENCY_STOP is operated.
[component_container_mt-1] [WARN] [1785818202.236266206] [sensing.lidar.concatenate_data]: transformed_raw_points[/sensing/lidar/right/pointcloud_before_sync] is nullptr, skipping pointcloud publish.
[component_container_mt-1] [WARN] [1785818202.236317225] [sensing.lidar.concatenate_data]: transformed_raw_points[/sensing/lidar/left/pointcloud_before_sync] is nullptr, skipping pointcloud publish.
[component_container_mt-47] [WARN] [1785818202.236304177] [control.vehicle_cmd_gate]: Emergency!
[autoware_ndt_scan_matcher_node-24] [INFO] [1785818202.236913504] [localization.pose_estimator.ndt_scan_matcher]: Mismatch between pose timestamp and current timestamp
[autoware_mrm_handler_node-13] [INFO] [1785818202.286095017] [system.mrm_handler]: MRM State changed: MRM_OPERATING -> MRM_SUCCEEDED
[component_container_mt-1] [WARN] [1785818202.336462381] [sensing.lidar.concatenate_data]: transformed_raw_points[/sensing/lidar/right/pointcloud_before_sync] is nullptr, skipping pointcloud publish.
[component_container_mt-1] [WARN] [1785818202.336507401] [sensing.lidar.concatenate_data]: transformed_raw_points[/sensing/lidar/left/pointcloud_before_sync] is nullptr, skipping pointcloud publish.
[autoware_ndt_scan_matcher_node-24] [INFO] [1785818202.336983890] [localization.pose_estimator.ndt_scan_matcher]: Mismatch between pose timestamp and current timestamp
[autoware_mrm_handler_node-13] [INFO] [1785818202.386123600] [system.mrm_handler]: MRM State changed: MRM_SUCCEEDED -> NORMAL
[autoware_mrm_handler_node-13] [WARN] [1785818202.387085104] [system.mrm_handler]: EMERGENCY_STOP is canceled.
[component_container_mt-1] [WARN] [1785818202.436230998] [sensing.lidar.concatenate_data]: transformed_raw_points[/sensing/lidar/right/pointcloud_before_sync] is nullptr, skipping pointcloud publish.
[component_container_mt-1] [WARN] [1785818202.436280015] [sensing.lidar.concatenate_data]: transformed_raw_points[/sensing/lidar/left/pointcloud_before_sync] is nullptr, skipping pointcloud publish.
[autoware_ndt_scan_matcher_node-24] [INFO] [1785818202.436807026] [localization.pose_estimator.ndt_scan_matcher]: Mismatch between pose timestamp and current timestamp
[component_container_mt-1] [WARN] [1785818202.536189969] [sensing.lidar.concatenate_data]: transformed_raw_points[/sensing/lidar/right/pointcloud_before_sync] is nullptr, skipping pointcloud publish.
[component_container_mt-1] [WARN] [1785818202.536235380] [sensing.lidar.concatenate_data]: transformed_raw_points[/sensing/lidar/left/pointcloud_before_sync] is nullptr, skipping pointcloud publish.
[autoware_ndt_scan_matcher_node-24] [INFO] [1785818202.536662522] [localization.pose_estimator.ndt_scan_matcher]: Mismatch between pose timestamp and current timestamp
[component_container_mt-1] [WARN] [1785818202.635884660] [sensing.lidar.concatenate_data]: transformed_raw_points[/sensing/lidar/right/pointcloud_before_sync] is nullptr, skipping pointcloud publish.
[component_container_mt-1] [WARN] [1785818202.635944337] [sensing.lidar.concatenate_data]: transformed_raw_points[/sensing/lidar/left/pointcloud_before_sync] is nullptr, skipping pointcloud publish.
[autoware_ndt_scan_matcher_node-24] [INFO] [1785818202.636527770] [localization.pose_estimator.ndt_scan_matcher]: Mismatch between pose timestamp and current timestamp
[component_container_mt-1] [WARN] [1785818202.736295275] [sensing.lidar.concatenate_data]: transformed_raw_points[/sensing/lidar/right/pointcloud_before_sync] is nullptr, skipping pointcloud publish.
[component_container_mt-1] [WARN] [1785818202.736344094] [sensing.lidar.concatenate_data]: transformed_raw_points[/sensing/lidar/left/pointcloud_before_sync] is nullptr, skipping pointcloud publish.
[autoware_ndt_scan_matcher_node-24] [INFO] [1785818202.736886328] [localization.pose_estimator.ndt_scan_matcher]: Mismatch between pose timestamp and current timestamp
[component_container_mt-1] [WARN] [1785818202.836305892] [sensing.lidar.concatenate_data]: transformed_raw_points[/sensing/lidar/right/pointcloud_before_sync] is nullptr, skipping pointcloud publish.
[component_container_mt-1] [WARN] [1785818202.836357095] [sensing.lidar.concatenate_data]: transformed_raw_points[/sensing/lidar/left/pointcloud_before_sync] is nullptr, skipping pointcloud publish.
[autoware_ndt_scan_matcher_node-24] [INFO] [1785818202.836819952] [localization.pose_estimator.ndt_scan_matcher]: Mismatch between pose timestamp and current timestamp
[component_container_mt-48] [INFO] [1785818202.886153364] [control.autonomous_emergency_braking]: [AEB] waiting for control predicted trajectory
[component_container_mt-1] [WARN] [1785818202.936391303] [sensing.lidar.concatenate_data]: transformed_raw_points[/sensing/lidar/right/pointcloud_before_sync] is nullptr, skipping pointcloud publish.
[component_container_mt-1] [WARN] [1785818202.936439016] [sensing.lidar.concatenate_data]: transformed_raw_points[/sensing/lidar/left/pointcloud_before_sync] is nullptr, skipping pointcloud publish.
[autoware_ndt_scan_matcher_node-24] [INFO] [1785818202.936906568] [localization.pose_estimator.ndt_scan_matcher]: Mismatch between pose timestamp and current timestamp
[component_container_mt-1] [WARN] [1785818203.036395074] [sensing.lidar.concatenate_data]: transformed_raw_points[/sensing/lidar/right/pointcloud_before_sync] is nullptr, skipping pointcloud publish.
[component_container_mt-1] [WARN] [1785818203.036445308] [sensing.lidar.concatenate_data]: transformed_raw_points[/sensing/lidar/left/pointcloud_before_sync] is nullptr, skipping pointcloud publish.
[autoware_ndt_scan_matcher_node-24] [INFO] [1785818203.037092933] [localization.pose_estimator.ndt_scan_matcher]: Mismatch between pose timestamp and current timestamp
[component_container_mt-1] [WARN] [1785818203.136247258] [sensing.lidar.concatenate_data]: transformed_raw_points[/sensing/lidar/right/pointcloud_before_sync] is nullptr, skipping pointcloud publish.
[component_container_mt-1] [WARN] [1785818203.136294137] [sensing.lidar.concatenate_data]: transformed_raw_points[/sensing/lidar/left/pointcloud_before_sync] is nullptr, skipping pointcloud publish.
[autoware_ndt_scan_matcher_node-24] [INFO] [1785818203.136747533] [localization.pose_estimator.ndt_scan_matcher]: Mismatch between pose timestamp and current timestamp
[component_container_mt-1] [WARN] [1785818203.236357802] [sensing.lidar.concatenate_data]: transformed_raw_points[/sensing/lidar/right/pointcloud_before_sync] is nullptr, skipping pointcloud publish.
[component_container_mt-1] [WARN] [1785818203.236407722] [sensing.lidar.concatenate_data]: transformed_raw_points[/sensing/lidar/left/pointcloud_before_sync] is nullptr, skipping pointcloud publish.
[autoware_ndt_scan_matcher_node-24] [INFO] [1785818203.236963364] [localization.pose_estimator.ndt_scan_matcher]: Mismatch between pose timestamp and current timestamp
[logging_node-14] [WARN] [1785818203.286238858] [logging_diag_graph]: The target mode is not available for the following reasons:
[logging_node-14] - /autoware/modes/autonomous ERROR
[logging_node-14]     - /autoware/localization ERROR
[logging_node-14]         - /autoware/localization/state STALE
[logging_node-14]     - /autoware/planning ERROR
[logging_node-14]         - /autoware/planning/routing/state STALE
[logging_node-14]         - [anonymous group] ERROR
[logging_node-14]             - /autoware/planning/topic_rate_check/route ERROR
[logging_node-14]             - /autoware/planning/topic_rate_check/trajectory ERROR
[logging_node-14]     - /autoware/control ERROR
[logging_node-14]         - /autoware/control/topic_rate_check/trajectory_follower ERROR
[logging_node-14]         - /autoware/control/topic_rate_check/control_command WARN 
[logging_node-14]         - /autoware/control/performance_monitoring/control_state STALE
[logging_node-14]     - /adapi/mrm_request/delegate STALE
[logging_node-14] 
[autoware_mrm_handler_node-13] [INFO] [1785818203.286232572] [system.mrm_handler]: MRM State changed: NORMAL -> MRM_OPERATING
[autoware_mrm_handler_node-13] [WARN] [1785818203.286586531] [system.mrm_handler]: EMERGENCY_STOP is operated.
[component_container_mt-47] [WARN] [1785818203.287752332] [control.vehicle_cmd_gate]: Emergency!
[component_container_mt-1] [WARN] [1785818203.336272997] [sensing.lidar.concatenate_data]: transformed_raw_points[/sensing/lidar/right/pointcloud_before_sync] is nullptr, skipping pointcloud publish.
[component_container_mt-1] [WARN] [1785818203.336324256] [sensing.lidar.concatenate_data]: transformed_raw_points[/sensing/lidar/left/pointcloud_before_sync] is nullptr, skipping pointcloud publish.
[component_container_mt-48] [INFO] [1785818203.336646505] [control.control_validator]: waiting for /planning/trajectory
[autoware_ndt_scan_matcher_node-24] [INFO] [1785818203.336839872] [localization.pose_estimator.ndt_scan_matcher]: Mismatch between pose timestamp and current timestamp
[autoware_mrm_handler_node-13] [INFO] [1785818203.386375870] [system.mrm_handler]: MRM State changed: MRM_OPERATING -> NORMAL
[autoware_mrm_handler_node-13] [WARN] [1785818203.386587789] [system.mrm_handler]: EMERGENCY_STOP is canceled.
[component_container_mt-1] [WARN] [1785818203.436246657] [sensing.lidar.concatenate_data]: transformed_raw_points[/sensing/lidar/right/pointcloud_before_sync] is nullptr, skipping pointcloud publish.
[component_container_mt-1] [WARN] [1785818203.436290204] [sensing.lidar.concatenate_data]: transformed_raw_points[/sensing/lidar/left/pointcloud_before_sync] is nullptr, skipping pointcloud publish.
[autoware_ndt_scan_matcher_node-24] [INFO] [1785818203.436749797] [localization.pose_estimator.ndt_scan_matcher]: Mismatch between pose timestamp and current timestamp
[component_container_mt-1] [WARN] [1785818203.536353211] [sensing.lidar.concatenate_data]: transformed_raw_points[/sensing/lidar/right/pointcloud_before_sync] is nullptr, skipping pointcloud publish.
[component_container_mt-1] [WARN] [1785818203.536400111] [sensing.lidar.concatenate_data]: transformed_raw_points[/sensing/lidar/left/pointcloud_before_sync] is nullptr, skipping pointcloud publish.
[autoware_ndt_scan_matcher_node-24] [INFO] [1785818203.536869415] [localization.pose_estimator.ndt_scan_matcher]: Mismatch between pose timestamp and current timestamp
[component_container_mt-1] [WARN] [1785818203.636478044] [sensing.lidar.concatenate_data]: transformed_raw_points[/sensing/lidar/right/pointcloud_before_sync] is nullptr, skipping pointcloud publish.
[component_container_mt-1] [WARN] [1785818203.636529598] [sensing.lidar.concatenate_data]: transformed_raw_points[/sensing/lidar/left/pointcloud_before_sync] is nullptr, skipping pointcloud publish.
[autoware_ndt_scan_matcher_node-24] [INFO] [1785818203.637264601] [localization.pose_estimator.ndt_scan_matcher]: Mismatch between pose timestamp and current timestamp
[component_container_mt-1] [WARN] [1785818203.736074336] [sensing.lidar.concatenate_data]: transformed_raw_points[/sensing/lidar/right/pointcloud_before_sync] is nullptr, skipping pointcloud publish.
[component_container_mt-1] [WARN] [1785818203.736126440] [sensing.lidar.concatenate_data]: transformed_raw_points[/sensing/lidar/left/pointcloud_before_sync] is nullptr, skipping pointcloud publish.
[autoware_ndt_scan_matcher_node-24] [INFO] [1785818203.736600634] [localization.pose_estimator.ndt_scan_matcher]: Mismatch between pose timestamp and current timestamp
[component_container_mt-1] [WARN] [1785818203.836105117] [sensing.lidar.concatenate_data]: transformed_raw_points[/sensing/lidar/right/pointcloud_before_sync] is nullptr, skipping pointcloud publish.
[autoware_ndt_scan_matcher_node-24] [INFO] [1785818203.836888608] [localization.pose_estimator.ndt_scan_matcher]: Mismatch between pose timestamp and current timestamp
[component_container_mt-1] [WARN] [1785818203.837051588] [sensing.lidar.concatenate_data]: transformed_raw_points[/sensing/lidar/left/pointcloud_before_sync] is nullptr, skipping pointcloud publish.
[component_container_mt-1] [WARN] [1785818203.936177495] [sensing.lidar.concatenate_data]: transformed_raw_points[/sensing/lidar/right/pointcloud_before_sync] is nullptr, skipping pointcloud publish.
[component_container_mt-1] [WARN] [1785818203.936226040] [sensing.lidar.concatenate_data]: transformed_raw_points[/sensing/lidar/left/pointcloud_before_sync] is nullptr, skipping pointcloud publish.
[autoware_ndt_scan_matcher_node-24] [INFO] [1785818203.936698181] [localization.pose_estimator.ndt_scan_matcher]: Mismatch between pose timestamp and current timestamp
[component_container_mt-1] [WARN] [1785818204.036580266] [sensing.lidar.concatenate_data]: transformed_raw_points[/sensing/lidar/right/pointcloud_before_sync] is nullptr, skipping pointcloud publish.
[component_container_mt-1] [WARN] [1785818204.036628117] [sensing.lidar.concatenate_data]: transformed_raw_points[/sensing/lidar/left/pointcloud_before_sync] is nullptr, skipping pointcloud publish.
[autoware_ndt_scan_matcher_node-24] [INFO] [1785818204.037243278] [localization.pose_estimator.ndt_scan_matcher]: Mismatch between pose timestamp and current timestamp
[component_container-7] [WARN] [1785818204.086202452] [system.topic_state_monitor_control_command_control_cmd]: /control/command/control_cmd topic rate has dropped to the warning level. Set WARN in diagnostics.
[component_container_mt-1] [WARN] [1785818204.136180112] [sensing.lidar.concatenate_data]: transformed_raw_points[/sensing/lidar/right/pointcloud_before_sync] is nullptr, skipping pointcloud publish.
[component_container_mt-1] [WARN] [1785818204.136228422] [sensing.lidar.concatenate_data]: transformed_raw_points[/sensing/lidar/left/pointcloud_before_sync] is nullptr, skipping pointcloud publish.
[autoware_ndt_scan_matcher_node-24] [INFO] [1785818204.136701129] [localization.pose_estimator.ndt_scan_matcher]: Mismatch between pose timestamp and current timestamp
[autoware_scenario_selector_node-36] [INFO] [1785818204.185810974] [planning.scenario_planning.scenario_selector]: Waiting for route.
[component_container_mt-48] [INFO] [1785818204.185996355] [control.trajectory_follower.lane_departure_checker_node]: waiting for route msg...
[component_container_mt-1] [WARN] [1785818204.236267583] [sensing.lidar.concatenate_data]: transformed_raw_points[/sensing/lidar/right/pointcloud_before_sync] is nullptr, skipping pointcloud publish.
[component_container_mt-1] [WARN] [1785818204.236320134] [sensing.lidar.concatenate_data]: transformed_raw_points[/sensing/lidar/left/pointcloud_before_sync] is nullptr, skipping pointcloud publish.
[autoware_ndt_scan_matcher_node-24] [INFO] [1785818204.236843479] [localization.pose_estimator.ndt_scan_matcher]: Mismatch between pose timestamp and current timestamp
[autoware_mrm_handler_node-13] [INFO] [1785818204.286107200] [system.mrm_handler]: MRM State changed: NORMAL -> MRM_OPERATING
[autoware_mrm_handler_node-13] [WARN] [1785818204.286343771] [system.mrm_handler]: EMERGENCY_STOP is operated.
[component_container_mt-47] [WARN] [1785818204.286870855] [control.vehicle_cmd_gate]: Emergency!
[component_container_mt-1] [WARN] [1785818204.336252727] [sensing.lidar.concatenate_data]: transformed_raw_points[/sensing/lidar/right/pointcloud_before_sync] is nullptr, skipping pointcloud publish.
[component_container_mt-1] [WARN] [1785818204.336303911] [sensing.lidar.concatenate_data]: transformed_raw_points[/sensing/lidar/left/pointcloud_before_sync] is nullptr, skipping pointcloud publish.
[autoware_ndt_scan_matcher_node-24] [INFO] [1785818204.336842576] [localization.pose_estimator.ndt_scan_matcher]: Mismatch between pose timestamp and current timestamp
[autoware_mrm_handler_node-13] [INFO] [1785818204.386026848] [system.mrm_handler]: MRM State changed: MRM_OPERATING -> NORMAL
[autoware_mrm_handler_node-13] [WARN] [1785818204.386335039] [system.mrm_handler]: EMERGENCY_STOP is canceled.
[component_container_mt-1] [WARN] [1785818204.436417878] [sensing.lidar.concatenate_data]: transformed_raw_points[/sensing/lidar/right/pointcloud_before_sync] is nullptr, skipping pointcloud publish.
[component_container_mt-1] [WARN] [1785818204.436462716] [sensing.lidar.concatenate_data]: transformed_raw_points[/sensing/lidar/left/pointcloud_before_sync] is nullptr, skipping pointcloud publish.
[autoware_ndt_scan_matcher_node-24] [INFO] [1785818204.436898154] [localization.pose_estimator.ndt_scan_matcher]: Mismatch between pose timestamp and current timestamp
[component_container_mt-1] [WARN] [1785818204.536254259] [sensing.lidar.concatenate_data]: transformed_raw_points[/sensing/lidar/right/pointcloud_before_sync] is nullptr, skipping pointcloud publish.
[autoware_ndt_scan_matcher_node-24] [INFO] [1785818204.536896002] [localization.pose_estimator.ndt_scan_matcher]: Mismatch between pose timestamp and current timestamp
[component_container_mt-1] [WARN] [1785818204.537052853] [sensing.lidar.concatenate_data]: transformed_raw_points[/sensing/lidar/left/pointcloud_before_sync] is nullptr, skipping pointcloud publish.
[component_container_mt-1] [WARN] [1785818204.636270625] [sensing.lidar.concatenate_data]: transformed_raw_points[/sensing/lidar/right/pointcloud_before_sync] is nullptr, skipping pointcloud publish.
[component_container_mt-1] [WARN] [1785818204.636311951] [sensing.lidar.concatenate_data]: transformed_raw_points[/sensing/lidar/left/pointcloud_before_sync] is nullptr, skipping pointcloud publish.
[autoware_ndt_scan_matcher_node-24] [INFO] [1785818204.636766052] [localization.pose_estimator.ndt_scan_matcher]: Mismatch between pose timestamp and current timestamp
[component_container_mt-1] [WARN] [1785818204.736257012] [sensing.lidar.concatenate_data]: transformed_raw_points[/sensing/lidar/right/pointcloud_before_sync] is nullptr, skipping pointcloud publish.
[component_container_mt-1] [WARN] [1785818204.736306297] [sensing.lidar.concatenate_data]: transformed_raw_points[/sensing/lidar/left/pointcloud_before_sync] is nullptr, skipping pointcloud publish.
[autoware_ndt_scan_matcher_node-24] [INFO] [1785818204.736991359] [localization.pose_estimator.ndt_scan_matcher]: Mismatch between pose timestamp and current timestamp
[component_container_mt-1] [WARN] [1785818204.744547754] [localization.util.crop_box_filter_measurement_range]: Invalid PointCloud: row_step mismatch. Expected: 99760 (width 6235 * point_step 16), Got: 0. Frame: 'base_link', Stamp: 74.558997854 Please fill in the `cloud->row_step` field accordingly. This will be an ERROR starting in 2026 July
[component_container_mt-1] [WARN] [1785818204.836173239] [sensing.lidar.concatenate_data]: transformed_raw_points[/sensing/lidar/right/pointcloud_before_sync] is nullptr, skipping pointcloud publish.
[component_container_mt-1] [WARN] [1785818204.836221831] [sensing.lidar.concatenate_data]: transformed_raw_points[/sensing/lidar/left/pointcloud_before_sync] is nullptr, skipping pointcloud publish.
[autoware_ndt_scan_matcher_node-24] [INFO] [1785818204.837115962] [localization.pose_estimator.ndt_scan_matcher]: Mismatch between pose timestamp and current timestamp
[component_container_mt-1] [WARN] [1785818204.936272448] [sensing.lidar.concatenate_data]: transformed_raw_points[/sensing/lidar/right/pointcloud_before_sync] is nullptr, skipping pointcloud publish.
[autoware_ndt_scan_matcher_node-24] [INFO] [1785818204.936927202] [localization.pose_estimator.ndt_scan_matcher]: Mismatch between pose timestamp and current timestamp
[component_container_mt-1] [WARN] [1785818204.937606035] [sensing.lidar.concatenate_data]: transformed_raw_points[/sensing/lidar/left/pointcloud_before_sync] is nullptr, skipping pointcloud publish.
[component_container-7] [INFO] [1785818204.986700525] [system.topic_state_monitor_mission_planning_route]: /planning/mission_planning/route has not received. Set ERROR in diagnostics.
[component_container_mt-1] [WARN] [1785818205.036595008] [sensing.lidar.concatenate_data]: transformed_raw_points[/sensing/lidar/right/pointcloud_before_sync] is nullptr, skipping pointcloud publish.
[component_container_mt-1] [WARN] [1785818205.036641907] [sensing.lidar.concatenate_data]: transformed_raw_points[/sensing/lidar/left/pointcloud_before_sync] is nullptr, skipping pointcloud publish.
[autoware_ndt_scan_matcher_node-24] [INFO] [1785818205.037636741] [localization.pose_estimator.ndt_scan_matcher]: Mismatch between pose timestamp and current timestamp
[component_container_mt-1] [WARN] [1785818205.136063749] [sensing.lidar.concatenate_data]: transformed_raw_points[/sensing/lidar/right/pointcloud_before_sync] is nullptr, skipping pointcloud publish.
[component_container_mt-1] [WARN] [1785818205.136620346] [sensing.lidar.concatenate_data]: transformed_raw_points[/sensing/lidar/left/pointcloud_before_sync] is nullptr, skipping pointcloud publish.
[autoware_ndt_scan_matcher_node-24] [INFO] [1785818205.137296140] [localization.pose_estimator.ndt_scan_matcher]: Mismatch between pose timestamp and current timestamp
[component_container_mt-1] [WARN] [1785818205.236173651] [sensing.lidar.concatenate_data]: transformed_raw_points[/sensing/lidar/right/pointcloud_before_sync] is nullptr, skipping pointcloud publish.
[component_container_mt-1] [WARN] [1785818205.236226367] [sensing.lidar.concatenate_data]: transformed_raw_points[/sensing/lidar/left/pointcloud_before_sync] is nullptr, skipping pointcloud publish.
[autoware_ndt_scan_matcher_node-24] [INFO] [1785818205.237306664] [localization.pose_estimator.ndt_scan_matcher]: Mismatch between pose timestamp and current timestamp
[autoware_mrm_handler_node-13] [INFO] [1785818205.286147927] [system.mrm_handler]: MRM State changed: NORMAL -> MRM_OPERATING
[component_container_mt-47] [INFO] [1785818205.286919702] [control.trajectory_follower.controller_node_exe]: Waiting for trajectory data
[component_container_mt-47] [INFO] [1785818205.286960576] [control.trajectory_follower.controller_node_exe]: Control is skipped since input data is not ready.
[autoware_mrm_handler_node-13] [WARN] [1785818205.287062033] [system.mrm_handler]: EMERGENCY_STOP is operated.
[component_container_mt-47] [WARN] [1785818205.287452160] [control.vehicle_cmd_gate]: Emergency!
[component_container_mt-1] [WARN] [1785818205.336421044] [sensing.lidar.concatenate_data]: transformed_raw_points[/sensing/lidar/right/pointcloud_before_sync] is nullptr, skipping pointcloud publish.
[component_container_mt-1] [WARN] [1785818205.336467702] [sensing.lidar.concatenate_data]: transformed_raw_points[/sensing/lidar/left/pointcloud_before_sync] is nullptr, skipping pointcloud publish.
[autoware_ndt_scan_matcher_node-24] [INFO] [1785818205.336957805] [localization.pose_estimator.ndt_scan_matcher]: Mismatch between pose timestamp and current timestamp
[autoware_mrm_handler_node-13] [INFO] [1785818205.386622399] [system.mrm_handler]: MRM State changed: MRM_OPERATING -> NORMAL
[autoware_mrm_handler_node-13] [WARN] [1785818205.387087139] [system.mrm_handler]: EMERGENCY_STOP is canceled.
[component_container_mt-1] [WARN] [1785818205.436324984] [sensing.lidar.concatenate_data]: transformed_raw_points[/sensing/lidar/right/pointcloud_before_sync] is nullptr, skipping pointcloud publish.
[component_container_mt-1] [WARN] [1785818205.436374454] [sensing.lidar.concatenate_data]: transformed_raw_points[/sensing/lidar/left/pointcloud_before_sync] is nullptr, skipping pointcloud publish.
[autoware_ndt_scan_matcher_node-24] [INFO] [1785818205.436905133] [localization.pose_estimator.ndt_scan_matcher]: Mismatch between pose timestamp and current timestamp
[component_container_mt-1] [WARN] [1785818205.536159487] [sensing.lidar.concatenate_data]: transformed_raw_points[/sensing/lidar/right/pointcloud_before_sync] is nullptr, skipping pointcloud publish.
[component_container_mt-1] [WARN] [1785818205.536225013] [sensing.lidar.concatenate_data]: transformed_raw_points[/sensing/lidar/left/pointcloud_before_sync] is nullptr, skipping pointcloud publish.
[autoware_ndt_scan_matcher_node-24] [INFO] [1785818205.536888868] [localization.pose_estimator.ndt_scan_matcher]: Mismatch between pose timestamp and current timestamp
[component_container_mt-1] [WARN] [1785818205.636090498] [sensing.lidar.concatenate_data]: transformed_raw_points[/sensing/lidar/right/pointcloud_before_sync] is nullptr, skipping pointcloud publish.
[component_container_mt-1] [WARN] [1785818205.636141313] [sensing.lidar.concatenate_data]: transformed_raw_points[/sensing/lidar/left/pointcloud_before_sync] is nullptr, skipping pointcloud publish.
[autoware_ndt_scan_matcher_node-24] [INFO] [1785818205.636876867] [localization.pose_estimator.ndt_scan_matcher]: Mismatch between pose timestamp and current timestamp
[component_container-18] [WARN] [1785818205.642770925] [sensing.lidar.top.crop_box_filter_self]: Invalid PointCloud: is_dense is false. The point cloud should be organized (dense) and contain only valid points. This will be an ERROR starting in 2026 JulyFrame: 'velodyne_top', Stamp: 75.458997868
[component_container_mt-1] [WARN] [1785818205.736448149] [sensing.lidar.concatenate_data]: transformed_raw_points[/sensing/lidar/right/pointcloud_before_sync] is nullptr, skipping pointcloud publish.
[component_container_mt-1] [WARN] [1785818205.736497616] [sensing.lidar.concatenate_data]: transformed_raw_points[/sensing/lidar/left/pointcloud_before_sync] is nullptr, skipping pointcloud publish.
[autoware_ndt_scan_matcher_node-24] [INFO] [1785818205.737029913] [localization.pose_estimator.ndt_scan_matcher]: Mismatch between pose timestamp and current timestamp
[component_container_mt-1] [WARN] [1785818205.836201538] [sensing.lidar.concatenate_data]: transformed_raw_points[/sensing/lidar/right/pointcloud_before_sync] is nullptr, skipping pointcloud publish.
[component_container_mt-1] [WARN] [1785818205.836249569] [sensing.lidar.concatenate_data]: transformed_raw_points[/sensing/lidar/left/pointcloud_before_sync] is nullptr, skipping pointcloud publish.
[autoware_ndt_scan_matcher_node-24] [INFO] [1785818205.836754485] [localization.pose_estimator.ndt_scan_matcher]: Mismatch between pose timestamp and current timestamp
[component_container_mt-1] [WARN] [1785818205.935955977] [sensing.lidar.concatenate_data]: transformed_raw_points[/sensing/lidar/right/pointcloud_before_sync] is nullptr, skipping pointcloud publish.
[component_container_mt-1] [WARN] [1785818205.936005477] [sensing.lidar.concatenate_data]: transformed_raw_points[/sensing/lidar/left/pointcloud_before_sync] is nullptr, skipping pointcloud publish.
[autoware_ndt_scan_matcher_node-24] [INFO] [1785818205.936629272] [localization.pose_estimator.ndt_scan_matcher]: Mismatch between pose timestamp and current timestamp
[component_container_mt-1] [WARN] [1785818206.036418615] [sensing.lidar.concatenate_data]: transformed_raw_points[/sensing/lidar/right/pointcloud_before_sync] is nullptr, skipping pointcloud publish.
[component_container_mt-1] [WARN] [1785818206.036463774] [sensing.lidar.concatenate_data]: transformed_raw_points[/sensing/lidar/left/pointcloud_before_sync] is nullptr, skipping pointcloud publish.
[autoware_ndt_scan_matcher_node-24] [INFO] [1785818206.037286678] [localization.pose_estimator.ndt_scan_matcher]: Mismatch between pose timestamp and current timestamp
[component_container_mt-1] [WARN] [1785818206.136155348] [sensing.lidar.concatenate_data]: transformed_raw_points[/sensing/lidar/right/pointcloud_before_sync] is nullptr, skipping pointcloud publish.
[component_container_mt-1] [WARN] [1785818206.136207339] [sensing.lidar.concatenate_data]: transformed_raw_points[/sensing/lidar/left/pointcloud_before_sync] is nullptr, skipping pointcloud publish.
[autoware_ndt_scan_matcher_node-24] [INFO] [1785818206.137050125] [localization.pose_estimator.ndt_scan_matcher]: Mismatch between pose timestamp and current timestamp
[component_container-18] [WARN] [1785818206.142886470] [sensing.lidar.top.distortion_corrector_node]: Twist time_stamp is too late. Could not interpolate.
[component_container_mt-47] [INFO] [1785818206.186467252] [control.vehicle_cmd_gate]: The operation mode is changed, but the GearCommand is not received yet:
[component_container_mt-1] [WARN] [1785818206.236151054] [sensing.lidar.concatenate_data]: transformed_raw_points[/sensing/lidar/right/pointcloud_before_sync] is nullptr, skipping pointcloud publish.
[component_container_mt-1] [WARN] [1785818206.236205197] [sensing.lidar.concatenate_data]: transformed_raw_points[/sensing/lidar/left/pointcloud_before_sync] is nullptr, skipping pointcloud publish.
[autoware_ndt_scan_matcher_node-24] [INFO] [1785818206.236822002] [localization.pose_estimator.ndt_scan_matcher]: Mismatch between pose timestamp and current timestamp
[logging_node-14] [WARN] [1785818206.285881867] [logging_diag_graph]: The target mode is not available for the following reasons:
[logging_node-14] - /autoware/modes/autonomous ERROR
[logging_node-14]     - /autoware/localization ERROR
[logging_node-14]         - /autoware/localization/state STALE
[logging_node-14]     - /autoware/planning ERROR
[logging_node-14]         - /autoware/planning/routing/state STALE
[logging_node-14]         - [anonymous group] ERROR
[logging_node-14]             - /autoware/planning/topic_rate_check/route ERROR
[logging_node-14]             - /autoware/planning/topic_rate_check/trajectory ERROR
[logging_node-14]     - /autoware/control ERROR
[logging_node-14]         - /autoware/control/topic_rate_check/trajectory_follower ERROR
[logging_node-14]         - /autoware/control/topic_rate_check/control_command WARN 
[logging_node-14]         - /autoware/control/performance_monitoring/lane_departure STALE
[logging_node-14]         - /autoware/control/performance_monitoring/control_state STALE
[logging_node-14]     - /adapi/mrm_request/delegate STALE
[logging_node-14] 
[autoware_mrm_handler_node-13] [INFO] [1785818206.286500792] [system.mrm_handler]: MRM State changed: NORMAL -> MRM_OPERATING
[autoware_mrm_handler_node-13] [WARN] [1785818206.286678614] [system.mrm_handler]: EMERGENCY_STOP is operated.
[component_container_mt-1] [WARN] [1785818206.336142847] [sensing.lidar.concatenate_data]: transformed_raw_points[/sensing/lidar/right/pointcloud_before_sync] is nullptr, skipping pointcloud publish.
[component_container_mt-1] [WARN] [1785818206.336190486] [sensing.lidar.concatenate_data]: transformed_raw_points[/sensing/lidar/left/pointcloud_before_sync] is nullptr, skipping pointcloud publish.
[component_container_mt-40] [INFO] [1785818206.336206401] [planning.scenario_planning.lane_driving.behavior_planning.behavior_path_planner]: waiting for scenario_topic
[component_container_mt-47] [WARN] [1785818206.336260361] [control.vehicle_cmd_gate]: Emergency!
[autoware_ndt_scan_matcher_node-24] [INFO] [1785818206.336863555] [localization.pose_estimator.ndt_scan_matcher]: Mismatch between pose timestamp and current timestamp
[autoware_mrm_handler_node-13] [INFO] [1785818206.386080483] [system.mrm_handler]: MRM State changed: MRM_OPERATING -> NORMAL
[autoware_mrm_handler_node-13] [WARN] [1785818206.386369992] [system.mrm_handler]: EMERGENCY_STOP is canceled.
[component_container_mt-1] [WARN] [1785818206.436395649] [sensing.lidar.concatenate_data]: transformed_raw_points[/sensing/lidar/right/pointcloud_before_sync] is nullptr, skipping pointcloud publish.
[component_container_mt-1] [WARN] [1785818206.436444078] [sensing.lidar.concatenate_data]: transformed_raw_points[/sensing/lidar/left/pointcloud_before_sync] is nullptr, skipping pointcloud publish.
[autoware_ndt_scan_matcher_node-24] [INFO] [1785818206.437128715] [localization.pose_estimator.ndt_scan_matcher]: Mismatch between pose timestamp and current timestamp
[component_container_mt-1] [WARN] [1785818206.535942055] [sensing.lidar.concatenate_data]: transformed_raw_points[/sensing/lidar/right/pointcloud_before_sync] is nullptr, skipping pointcloud publish.
[component_container_mt-1] [WARN] [1785818206.535997249] [sensing.lidar.concatenate_data]: transformed_raw_points[/sensing/lidar/left/pointcloud_before_sync] is nullptr, skipping pointcloud publish.
[autoware_ndt_scan_matcher_node-24] [INFO] [1785818206.536538647] [localization.pose_estimator.ndt_scan_matcher]: Mismatch between pose timestamp and current timestamp
[component_container_mt-1] [WARN] [1785818206.635991073] [sensing.lidar.concatenate_data]: transformed_raw_points[/sensing/lidar/right/pointcloud_before_sync] is nullptr, skipping pointcloud publish.
[component_container_mt-1] [WARN] [1785818206.636045658] [sensing.lidar.concatenate_data]: transformed_raw_points[/sensing/lidar/left/pointcloud_before_sync] is nullptr, skipping pointcloud publish.
[autoware_ndt_scan_matcher_node-24] [INFO] [1785818206.636716490] [localization.pose_estimator.ndt_scan_matcher]: Mismatch between pose timestamp and current timestamp
[component_container_mt-1] [WARN] [1785818206.736266123] [sensing.lidar.concatenate_data]: transformed_raw_points[/sensing/lidar/right/pointcloud_before_sync] is nullptr, skipping pointcloud publish.
[component_container_mt-1] [WARN] [1785818206.736318208] [sensing.lidar.concatenate_data]: transformed_raw_points[/sensing/lidar/left/pointcloud_before_sync] is nullptr, skipping pointcloud publish.
[autoware_ndt_scan_matcher_node-24] [INFO] [1785818206.737026105] [localization.pose_estimator.ndt_scan_matcher]: Mismatch between pose timestamp and current timestamp
[component_container_mt-1] [WARN] [1785818206.836094834] [sensing.lidar.concatenate_data]: transformed_raw_points[/sensing/lidar/right/pointcloud_before_sync] is nullptr, skipping pointcloud publish.
[component_container_mt-1] [WARN] [1785818206.836148828] [sensing.lidar.concatenate_data]: transformed_raw_points[/sensing/lidar/left/pointcloud_before_sync] is nullptr, skipping pointcloud publish.
[autoware_ndt_scan_matcher_node-24] [INFO] [1785818206.836805790] [localization.pose_estimator.ndt_scan_matcher]: Mismatch between pose timestamp and current timestamp
[component_container_mt-1] [WARN] [1785818206.936307962] [sensing.lidar.concatenate_data]: transformed_raw_points[/sensing/lidar/right/pointcloud_before_sync] is nullptr, skipping pointcloud publish.
[component_container_mt-1] [WARN] [1785818206.936354539] [sensing.lidar.concatenate_data]: transformed_raw_points[/sensing/lidar/left/pointcloud_before_sync] is nullptr, skipping pointcloud publish.
[autoware_ndt_scan_matcher_node-24] [INFO] [1785818206.936974333] [localization.pose_estimator.ndt_scan_matcher]: Mismatch between pose timestamp and current timestamp
[component_container_mt-1] [WARN] [1785818207.036063343] [sensing.lidar.concatenate_data]: transformed_raw_points[/sensing/lidar/right/pointcloud_before_sync] is nullptr, skipping pointcloud publish.
[component_container_mt-1] [WARN] [1785818207.036124314] [sensing.lidar.concatenate_data]: transformed_raw_points[/sensing/lidar/left/pointcloud_before_sync] is nullptr, skipping pointcloud publish.
[autoware_ndt_scan_matcher_node-24] [INFO] [1785818207.036794794] [localization.pose_estimator.ndt_scan_matcher]: Mismatch between pose timestamp and current timestamp
[component_container-7] [WARN] [1785818207.086801055] [system.topic_state_monitor_control_command_control_cmd]: /control/command/control_cmd topic rate has dropped to the warning level. Set WARN in diagnostics.
[component_container_mt-1] [WARN] [1785818207.136809723] [sensing.lidar.concatenate_data]: transformed_raw_points[/sensing/lidar/right/pointcloud_before_sync] is nullptr, skipping pointcloud publish.
[component_container_mt-1] [WARN] [1785818207.136862117] [sensing.lidar.concatenate_data]: transformed_raw_points[/sensing/lidar/left/pointcloud_before_sync] is nullptr, skipping pointcloud publish.
[autoware_ndt_scan_matcher_node-24] [INFO] [1785818207.137631124] [localization.pose_estimator.ndt_scan_matcher]: Mismatch between pose timestamp and current timestamp
[component_container_mt-1] [WARN] [1785818207.236452872] [sensing.lidar.concatenate_data]: transformed_raw_points[/sensing/lidar/right/pointcloud_before_sync] is nullptr, skipping pointcloud publish.
[component_container_mt-1] [WARN] [1785818207.236502432] [sensing.lidar.concatenate_data]: transformed_raw_points[/sensing/lidar/left/pointcloud_before_sync] is nullptr, skipping pointcloud publish.
[autoware_ndt_scan_matcher_node-24] [INFO] [1785818207.237491333] [localization.pose_estimator.ndt_scan_matcher]: Mismatch between pose timestamp and current timestamp
[autoware_mrm_handler_node-13] [INFO] [1785818207.285866198] [system.mrm_handler]: MRM State changed: NORMAL -> MRM_OPERATING
[autoware_mrm_handler_node-13] [WARN] [1785818207.286668764] [system.mrm_handler]: EMERGENCY_STOP is operated.
[component_container_mt-1] [WARN] [1785818207.336029444] [sensing.lidar.concatenate_data]: transformed_raw_points[/sensing/lidar/right/pointcloud_before_sync] is nullptr, skipping pointcloud publish.
[component_container_mt-1] [WARN] [1785818207.336077961] [sensing.lidar.concatenate_data]: transformed_raw_points[/sensing/lidar/left/pointcloud_before_sync] is nullptr, skipping pointcloud publish.
[component_container_mt-47] [WARN] [1785818207.336278455] [control.vehicle_cmd_gate]: Emergency!
[autoware_ndt_scan_matcher_node-24] [INFO] [1785818207.336559465] [localization.pose_estimator.ndt_scan_matcher]: Mismatch between pose timestamp and current timestamp
[autoware_mrm_handler_node-13] [INFO] [1785818207.386285654] [system.mrm_handler]: MRM State changed: MRM_OPERATING -> NORMAL
[autoware_mrm_handler_node-13] [WARN] [1785818207.386479843] [system.mrm_handler]: EMERGENCY_STOP is canceled.
[component_container_mt-1] [WARN] [1785818207.436160558] [sensing.lidar.concatenate_data]: transformed_raw_points[/sensing/lidar/right/pointcloud_before_sync] is nullptr, skipping pointcloud publish.
[autoware_ndt_scan_matcher_node-24] [INFO] [1785818207.436709312] [localization.pose_estimator.ndt_scan_matcher]: Mismatch between pose timestamp and current timestamp
[component_container_mt-1] [WARN] [1785818207.437221091] [sensing.lidar.concatenate_data]: transformed_raw_points[/sensing/lidar/left/pointcloud_before_sync] is nullptr, skipping pointcloud publish.
[component_container_mt-1] [WARN] [1785818207.536618646] [sensing.lidar.concatenate_data]: transformed_raw_points[/sensing/lidar/right/pointcloud_before_sync] is nullptr, skipping pointcloud publish.
[component_container_mt-1] [WARN] [1785818207.536660126] [sensing.lidar.concatenate_data]: transformed_raw_points[/sensing/lidar/left/pointcloud_before_sync] is nullptr, skipping pointcloud publish.
[autoware_ndt_scan_matcher_node-24] [INFO] [1785818207.537148210] [localization.pose_estimator.ndt_scan_matcher]: Mismatch between pose timestamp and current timestamp
[component_container_mt-1] [WARN] [1785818207.636348635] [sensing.lidar.concatenate_data]: transformed_raw_points[/sensing/lidar/right/pointcloud_before_sync] is nullptr, skipping pointcloud publish.
[component_container_mt-1] [WARN] [1785818207.636393131] [sensing.lidar.concatenate_data]: transformed_raw_points[/sensing/lidar/left/pointcloud_before_sync] is nullptr, skipping pointcloud publish.
[autoware_ndt_scan_matcher_node-24] [INFO] [1785818207.636835588] [localization.pose_estimator.ndt_scan_matcher]: Mismatch between pose timestamp and current timestamp
[component_container_mt-1] [WARN] [1785818207.736188257] [sensing.lidar.concatenate_data]: transformed_raw_points[/sensing/lidar/right/pointcloud_before_sync] is nullptr, skipping pointcloud publish.
[component_container_mt-1] [WARN] [1785818207.736237719] [sensing.lidar.concatenate_data]: transformed_raw_points[/sensing/lidar/left/pointcloud_before_sync] is nullptr, skipping pointcloud publish.
[autoware_ndt_scan_matcher_node-24] [INFO] [1785818207.736733442] [localization.pose_estimator.ndt_scan_matcher]: Mismatch between pose timestamp and current timestamp
[component_container_mt-1] [WARN] [1785818207.836240241] [sensing.lidar.concatenate_data]: transformed_raw_points[/sensing/lidar/right/pointcloud_before_sync] is nullptr, skipping pointcloud publish.
[component_container_mt-1] [WARN] [1785818207.836286342] [sensing.lidar.concatenate_data]: transformed_raw_points[/sensing/lidar/left/pointcloud_before_sync] is nullptr, skipping pointcloud publish.
[autoware_ndt_scan_matcher_node-24] [INFO] [1785818207.836766853] [localization.pose_estimator.ndt_scan_matcher]: Mismatch between pose timestamp and current timestamp
[component_container_mt-48] [INFO] [1785818207.886612425] [control.autonomous_emergency_braking]: [AEB] waiting for control predicted trajectory
[component_container_mt-1] [WARN] [1785818207.936326283] [sensing.lidar.concatenate_data]: transformed_raw_points[/sensing/lidar/right/pointcloud_before_sync] is nullptr, skipping pointcloud publish.
[component_container_mt-1] [WARN] [1785818207.936363853] [sensing.lidar.concatenate_data]: transformed_raw_points[/sensing/lidar/left/pointcloud_before_sync] is nullptr, skipping pointcloud publish.
[autoware_ndt_scan_matcher_node-24] [INFO] [1785818207.936991902] [localization.pose_estimator.ndt_scan_matcher]: Mismatch between pose timestamp and current timestamp
[component_container-7] [INFO] [1785818207.986519108] [system.topic_state_monitor_trajectory_follower_control_cmd]: /control/trajectory_follower/control_cmd has not received. Set ERROR in diagnostics.
[component_container_mt-1] [WARN] [1785818208.036319877] [sensing.lidar.concatenate_data]: transformed_raw_points[/sensing/lidar/right/pointcloud_before_sync] is nullptr, skipping pointcloud publish.
[component_container_mt-1] [WARN] [1785818208.036366051] [sensing.lidar.concatenate_data]: transformed_raw_points[/sensing/lidar/left/pointcloud_before_sync] is nullptr, skipping pointcloud publish.
[autoware_ndt_scan_matcher_node-24] [INFO] [1785818208.036878377] [localization.pose_estimator.ndt_scan_matcher]: Mismatch between pose timestamp and current timestamp
[component_container_mt-1] [WARN] [1785818208.136024325] [sensing.lidar.concatenate_data]: transformed_raw_points[/sensing/lidar/right/pointcloud_before_sync] is nullptr, skipping pointcloud publish.
[component_container_mt-1] [WARN] [1785818208.136074385] [sensing.lidar.concatenate_data]: transformed_raw_points[/sensing/lidar/left/pointcloud_before_sync] is nullptr, skipping pointcloud publish.
[autoware_ndt_scan_matcher_node-24] [INFO] [1785818208.136553470] [localization.pose_estimator.ndt_scan_matcher]: Mismatch between pose timestamp and current timestamp
[component_container_mt-1] [WARN] [1785818208.236036492] [sensing.lidar.concatenate_data]: transformed_raw_points[/sensing/lidar/right/pointcloud_before_sync] is nullptr, skipping pointcloud publish.
[component_container_mt-1] [WARN] [1785818208.236084459] [sensing.lidar.concatenate_data]: transformed_raw_points[/sensing/lidar/left/pointcloud_before_sync] is nullptr, skipping pointcloud publish.
[autoware_ndt_scan_matcher_node-24] [INFO] [1785818208.236543599] [localization.pose_estimator.ndt_scan_matcher]: Mismatch between pose timestamp and current timestamp
[component_container-18] [WARN] [1785818208.242866988] [sensing.lidar.top.distortion_corrector_node]: IMU time_stamp is too late. Could not interpolate.
[autoware_mrm_handler_node-13] [INFO] [1785818208.286265390] [system.mrm_handler]: MRM State changed: NORMAL -> MRM_OPERATING
[autoware_mrm_handler_node-13] [WARN] [1785818208.286711172] [system.mrm_handler]: EMERGENCY_STOP is operated.
[component_container_mt-1] [WARN] [1785818208.336228390] [sensing.lidar.concatenate_data]: transformed_raw_points[/sensing/lidar/right/pointcloud_before_sync] is nullptr, skipping pointcloud publish.
[component_container_mt-1] [WARN] [1785818208.336272510] [sensing.lidar.concatenate_data]: transformed_raw_points[/sensing/lidar/left/pointcloud_before_sync] is nullptr, skipping pointcloud publish.
[component_container_mt-47] [WARN] [1785818208.336654471] [control.vehicle_cmd_gate]: Emergency!
[component_container_mt-48] [INFO] [1785818208.336851312] [control.control_validator]: waiting for /planning/trajectory
[autoware_ndt_scan_matcher_node-24] [INFO] [1785818208.336948539] [localization.pose_estimator.ndt_scan_matcher]: Mismatch between pose timestamp and current timestamp
[autoware_mrm_handler_node-13] [INFO] [1785818208.386632786] [system.mrm_handler]: MRM State changed: MRM_OPERATING -> NORMAL
[autoware_mrm_handler_node-13] [WARN] [1785818208.386803441] [system.mrm_handler]: EMERGENCY_STOP is canceled.
[component_container_mt-1] [WARN] [1785818208.436640599] [sensing.lidar.concatenate_data]: transformed_raw_points[/sensing/lidar/right/pointcloud_before_sync] is nullptr, skipping pointcloud publish.
[component_container_mt-1] [WARN] [1785818208.436681640] [sensing.lidar.concatenate_data]: transformed_raw_points[/sensing/lidar/left/pointcloud_before_sync] is nullptr, skipping pointcloud publish.
[autoware_ndt_scan_matcher_node-24] [INFO] [1785818208.437217307] [localization.pose_estimator.ndt_scan_matcher]: Mismatch between pose timestamp and current timestamp
[component_container_mt-1] [WARN] [1785818208.536641711] [sensing.lidar.concatenate_data]: transformed_raw_points[/sensing/lidar/right/pointcloud_before_sync] is nullptr, skipping pointcloud publish.
[component_container_mt-1] [WARN] [1785818208.536712495] [sensing.lidar.concatenate_data]: transformed_raw_points[/sensing/lidar/left/pointcloud_before_sync] is nullptr, skipping pointcloud publish.
[autoware_ndt_scan_matcher_node-24] [INFO] [1785818208.537925760] [localization.pose_estimator.ndt_scan_matcher]: Mismatch between pose timestamp and current timestamp
[component_container_mt-1] [WARN] [1785818208.636453074] [sensing.lidar.concatenate_data]: transformed_raw_points[/sensing/lidar/right/pointcloud_before_sync] is nullptr, skipping pointcloud publish.
[component_container_mt-1] [WARN] [1785818208.636494269] [sensing.lidar.concatenate_data]: transformed_raw_points[/sensing/lidar/left/pointcloud_before_sync] is nullptr, skipping pointcloud publish.
[autoware_ndt_scan_matcher_node-24] [INFO] [1785818208.637008908] [localization.pose_estimator.ndt_scan_matcher]: Mismatch between pose timestamp and current timestamp
[component_container_mt-1] [WARN] [1785818208.736187641] [sensing.lidar.concatenate_data]: transformed_raw_points[/sensing/lidar/right/pointcloud_before_sync] is nullptr, skipping pointcloud publish.
[component_container_mt-1] [WARN] [1785818208.736235392] [sensing.lidar.concatenate_data]: transformed_raw_points[/sensing/lidar/left/pointcloud_before_sync] is nullptr, skipping pointcloud publish.
[autoware_ndt_scan_matcher_node-24] [INFO] [1785818208.736939258] [localization.pose_estimator.ndt_scan_matcher]: Mismatch between pose timestamp and current timestamp
[component_container_mt-1] [WARN] [1785818208.836255918] [sensing.lidar.concatenate_data]: transformed_raw_points[/sensing/lidar/right/pointcloud_before_sync] is nullptr, skipping pointcloud publish.
[component_container_mt-1] [WARN] [1785818208.836306873] [sensing.lidar.concatenate_data]: transformed_raw_points[/sensing/lidar/left/pointcloud_before_sync] is nullptr, skipping pointcloud publish.
[autoware_ndt_scan_matcher_node-24] [INFO] [1785818208.836819123] [localization.pose_estimator.ndt_scan_matcher]: Mismatch between pose timestamp and current timestamp
[component_container_mt-1] [WARN] [1785818208.936246441] [sensing.lidar.concatenate_data]: transformed_raw_points[/sensing/lidar/right/pointcloud_before_sync] is nullptr, skipping pointcloud publish.
[component_container_mt-1] [WARN] [1785818208.936295101] [sensing.lidar.concatenate_data]: transformed_raw_points[/sensing/lidar/left/pointcloud_before_sync] is nullptr, skipping pointcloud publish.
[autoware_ndt_scan_matcher_node-24] [INFO] [1785818208.936962013] [localization.pose_estimator.ndt_scan_matcher]: Mismatch between pose timestamp and current timestamp
[component_container_mt-1] [WARN] [1785818209.036316592] [sensing.lidar.concatenate_data]: transformed_raw_points[/sensing/lidar/right/pointcloud_before_sync] is nullptr, skipping pointcloud publish.
[component_container_mt-1] [WARN] [1785818209.036363730] [sensing.lidar.concatenate_data]: transformed_raw_points[/sensing/lidar/left/pointcloud_before_sync] is nullptr, skipping pointcloud publish.
[autoware_ndt_scan_matcher_node-24] [INFO] [1785818209.037398062] [localization.pose_estimator.ndt_scan_matcher]: Mismatch between pose timestamp and current timestamp
[component_container_mt-1] [WARN] [1785818209.136203111] [sensing.lidar.concatenate_data]: transformed_raw_points[/sensing/lidar/right/pointcloud_before_sync] is nullptr, skipping pointcloud publish.
[component_container_mt-1] [WARN] [1785818209.136250401] [sensing.lidar.concatenate_data]: transformed_raw_points[/sensing/lidar/left/pointcloud_before_sync] is nullptr, skipping pointcloud publish.
[autoware_ndt_scan_matcher_node-24] [INFO] [1785818209.137572849] [localization.pose_estimator.ndt_scan_matcher]: Mismatch between pose timestamp and current timestamp
[component_container_mt-48] [INFO] [1785818209.186047848] [control.trajectory_follower.lane_departure_checker_node]: waiting for route msg...
[autoware_scenario_selector_node-36] [INFO] [1785818209.186277423] [planning.scenario_planning.scenario_selector]: Waiting for route.
[component_container_mt-1] [WARN] [1785818209.236232578] [sensing.lidar.concatenate_data]: transformed_raw_points[/sensing/lidar/right/pointcloud_before_sync] is nullptr, skipping pointcloud publish.
[component_container_mt-1] [WARN] [1785818209.236284461] [sensing.lidar.concatenate_data]: transformed_raw_points[/sensing/lidar/left/pointcloud_before_sync] is nullptr, skipping pointcloud publish.
[autoware_ndt_scan_matcher_node-24] [INFO] [1785818209.236792982] [localization.pose_estimator.ndt_scan_matcher]: Mismatch between pose timestamp and current timestamp
[autoware_mrm_handler_node-13] [INFO] [1785818209.285890288] [system.mrm_handler]: MRM State changed: NORMAL -> MRM_OPERATING
[logging_node-14] [WARN] [1785818209.286094761] [logging_diag_graph]: The target mode is not available for the following reasons:
[logging_node-14] - /autoware/modes/autonomous ERROR
[logging_node-14]     - /autoware/localization ERROR
[logging_node-14]         - /autoware/localization/state STALE
[logging_node-14]     - /autoware/planning ERROR
[logging_node-14]         - /autoware/planning/routing/state STALE
[logging_node-14]         - [anonymous group] ERROR
[logging_node-14]             - /autoware/planning/topic_rate_check/route ERROR
[logging_node-14]             - /autoware/planning/topic_rate_check/trajectory ERROR
[logging_node-14]     - /autoware/control ERROR
[logging_node-14]         - /autoware/control/topic_rate_check/trajectory_follower ERROR
[logging_node-14]         - /autoware/control/topic_rate_check/control_command WARN 
[logging_node-14]         - /autoware/control/performance_monitoring/lane_departure STALE
[logging_node-14]         - /autoware/control/performance_monitoring/control_state STALE
[logging_node-14]     - /adapi/mrm_request/delegate STALE
[logging_node-14] 
[autoware_mrm_handler_node-13] [WARN] [1785818209.287400473] [system.mrm_handler]: EMERGENCY_STOP is operated.
[component_container_mt-47] [WARN] [1785818209.336362748] [control.vehicle_cmd_gate]: Emergency!
[component_container_mt-1] [WARN] [1785818209.336402857] [sensing.lidar.concatenate_data]: transformed_raw_points[/sensing/lidar/right/pointcloud_before_sync] is nullptr, skipping pointcloud publish.
[component_container_mt-1] [WARN] [1785818209.336438055] [sensing.lidar.concatenate_data]: transformed_raw_points[/sensing/lidar/left/pointcloud_before_sync] is nullptr, skipping pointcloud publish.
[autoware_ndt_scan_matcher_node-24] [INFO] [1785818209.337074080] [localization.pose_estimator.ndt_scan_matcher]: Mismatch between pose timestamp and current timestamp
[autoware_mrm_handler_node-13] [INFO] [1785818209.386246191] [system.mrm_handler]: MRM State changed: MRM_OPERATING -> NORMAL
[autoware_mrm_handler_node-13] [WARN] [1785818209.386739633] [system.mrm_handler]: EMERGENCY_STOP is canceled.
[component_container_mt-1] [WARN] [1785818209.435948070] [sensing.lidar.concatenate_data]: transformed_raw_points[/sensing/lidar/right/pointcloud_before_sync] is nullptr, skipping pointcloud publish.
[component_container_mt-1] [WARN] [1785818209.435994731] [sensing.lidar.concatenate_data]: transformed_raw_points[/sensing/lidar/left/pointcloud_before_sync] is nullptr, skipping pointcloud publish.
[autoware_ndt_scan_matcher_node-24] [INFO] [1785818209.436642983] [localization.pose_estimator.ndt_scan_matcher]: Mismatch between pose timestamp and current timestamp
[component_container_mt-1] [WARN] [1785818209.535986208] [sensing.lidar.concatenate_data]: transformed_raw_points[/sensing/lidar/right/pointcloud_before_sync] is nullptr, skipping pointcloud publish.
[component_container_mt-1] [WARN] [1785818209.536035429] [sensing.lidar.concatenate_data]: transformed_raw_points[/sensing/lidar/left/pointcloud_before_sync] is nullptr, skipping pointcloud publish.
[autoware_ndt_scan_matcher_node-24] [INFO] [1785818209.536549958] [localization.pose_estimator.ndt_scan_matcher]: Mismatch between pose timestamp and current timestamp
[component_container_mt-1] [WARN] [1785818209.635967173] [sensing.lidar.concatenate_data]: transformed_raw_points[/sensing/lidar/right/pointcloud_before_sync] is nullptr, skipping pointcloud publish.
[component_container_mt-1] [WARN] [1785818209.636018497] [sensing.lidar.concatenate_data]: transformed_raw_points[/sensing/lidar/left/pointcloud_before_sync] is nullptr, skipping pointcloud publish.
[autoware_ndt_scan_matcher_node-24] [INFO] [1785818209.636679515] [localization.pose_estimator.ndt_scan_matcher]: Mismatch between pose timestamp and current timestamp
[component_container_mt-1] [WARN] [1785818209.736578786] [sensing.lidar.concatenate_data]: transformed_raw_points[/sensing/lidar/right/pointcloud_before_sync] is nullptr, skipping pointcloud publish.
[component_container_mt-1] [WARN] [1785818209.736616541] [sensing.lidar.concatenate_data]: transformed_raw_points[/sensing/lidar/left/pointcloud_before_sync] is nullptr, skipping pointcloud publish.
[autoware_ndt_scan_matcher_node-24] [INFO] [1785818209.737284053] [localization.pose_estimator.ndt_scan_matcher]: Mismatch between pose timestamp and current timestamp
[component_container_mt-1] [WARN] [1785818209.744097908] [localization.util.crop_box_filter_measurement_range]: Invalid PointCloud: row_step mismatch. Expected: 99840 (width 6240 * point_step 16), Got: 0. Frame: 'base_link', Stamp: 79.558997929 Please fill in the `cloud->row_step` field accordingly. This will be an ERROR starting in 2026 July
[component_container_mt-1] [WARN] [1785818209.836336573] [sensing.lidar.concatenate_data]: transformed_raw_points[/sensing/lidar/right/pointcloud_before_sync] is nullptr, skipping pointcloud publish.
[component_container_mt-1] [WARN] [1785818209.836378416] [sensing.lidar.concatenate_data]: transformed_raw_points[/sensing/lidar/left/pointcloud_before_sync] is nullptr, skipping pointcloud publish.
[autoware_ndt_scan_matcher_node-24] [INFO] [1785818209.836877181] [localization.pose_estimator.ndt_scan_matcher]: Mismatch between pose timestamp and current timestamp
[component_container_mt-1] [WARN] [1785818209.936131030] [sensing.lidar.concatenate_data]: transformed_raw_points[/sensing/lidar/right/pointcloud_before_sync] is nullptr, skipping pointcloud publish.
[component_container_mt-1] [WARN] [1785818209.936176026] [sensing.lidar.concatenate_data]: transformed_raw_points[/sensing/lidar/left/pointcloud_before_sync] is nullptr, skipping pointcloud publish.
[autoware_ndt_scan_matcher_node-24] [INFO] [1785818209.936727190] [localization.pose_estimator.ndt_scan_matcher]: Mismatch between pose timestamp and current timestamp
[component_container_mt-1] [WARN] [1785818210.036600765] [sensing.lidar.concatenate_data]: transformed_raw_points[/sensing/lidar/right/pointcloud_before_sync] is nullptr, skipping pointcloud publish.
[component_container_mt-1] [WARN] [1785818210.036652313] [sensing.lidar.concatenate_data]: transformed_raw_points[/sensing/lidar/left/pointcloud_before_sync] is nullptr, skipping pointcloud publish.
[autoware_ndt_scan_matcher_node-24] [INFO] [1785818210.037243411] [localization.pose_estimator.ndt_scan_matcher]: Mismatch between pose timestamp and current timestamp
[component_container-7] [WARN] [1785818210.086455248] [system.topic_state_monitor_control_command_control_cmd]: /control/command/control_cmd topic rate has dropped to the warning level. Set WARN in diagnostics.
[component_container_mt-1] [WARN] [1785818210.136924938] [sensing.lidar.concatenate_data]: transformed_raw_points[/sensing/lidar/right/pointcloud_before_sync] is nullptr, skipping pointcloud publish.
[component_container_mt-1] [WARN] [1785818210.136966577] [sensing.lidar.concatenate_data]: transformed_raw_points[/sensing/lidar/left/pointcloud_before_sync] is nullptr, skipping pointcloud publish.
[autoware_ndt_scan_matcher_node-24] [INFO] [1785818210.137551601] [localization.pose_estimator.ndt_scan_matcher]: Mismatch between pose timestamp and current timestamp
[component_container_mt-1] [WARN] [1785818210.236247827] [sensing.lidar.concatenate_data]: transformed_raw_points[/sensing/lidar/right/pointcloud_before_sync] is nullptr, skipping pointcloud publish.
[component_container_mt-1] [WARN] [1785818210.236297146] [sensing.lidar.concatenate_data]: transformed_raw_points[/sensing/lidar/left/pointcloud_before_sync] is nullptr, skipping pointcloud publish.
[autoware_ndt_scan_matcher_node-24] [INFO] [1785818210.237044359] [localization.pose_estimator.ndt_scan_matcher]: Mismatch between pose timestamp and current timestamp
[autoware_mrm_handler_node-13] [INFO] [1785818210.286019697] [system.mrm_handler]: MRM State changed: NORMAL -> MRM_OPERATING
[component_container_mt-47] [INFO] [1785818210.286481827] [control.trajectory_follower.controller_node_exe]: Waiting for trajectory data
[component_container_mt-47] [INFO] [1785818210.286526362] [control.trajectory_follower.controller_node_exe]: Control is skipped since input data is not ready.
[autoware_mrm_handler_node-13] [WARN] [1785818210.286967979] [system.mrm_handler]: EMERGENCY_STOP is operated.
[component_container_mt-1] [WARN] [1785818210.336151073] [sensing.lidar.concatenate_data]: transformed_raw_points[/sensing/lidar/right/pointcloud_before_sync] is nullptr, skipping pointcloud publish.
[component_container_mt-1] [WARN] [1785818210.336195072] [sensing.lidar.concatenate_data]: transformed_raw_points[/sensing/lidar/left/pointcloud_before_sync] is nullptr, skipping pointcloud publish.
[component_container_mt-47] [WARN] [1785818210.336780313] [control.vehicle_cmd_gate]: Emergency!
[autoware_ndt_scan_matcher_node-24] [INFO] [1785818210.338093556] [localization.pose_estimator.ndt_scan_matcher]: Mismatch between pose timestamp and current timestamp
[autoware_mrm_handler_node-13] [INFO] [1785818210.385864128] [system.mrm_handler]: MRM State changed: MRM_OPERATING -> NORMAL
[autoware_mrm_handler_node-13] [WARN] [1785818210.386839185] [system.mrm_handler]: EMERGENCY_STOP is canceled.
[component_container_mt-1] [WARN] [1785818210.436413099] [sensing.lidar.concatenate_data]: transformed_raw_points[/sensing/lidar/right/pointcloud_before_sync] is nullptr, skipping pointcloud publish.
[component_container_mt-1] [WARN] [1785818210.436455871] [sensing.lidar.concatenate_data]: transformed_raw_points[/sensing/lidar/left/pointcloud_before_sync] is nullptr, skipping pointcloud publish.
[autoware_ndt_scan_matcher_node-24] [INFO] [1785818210.438110731] [localization.pose_estimator.ndt_scan_matcher]: Mismatch between pose timestamp and current timestamp
[component_container_mt-1] [WARN] [1785818210.536306627] [sensing.lidar.concatenate_data]: transformed_raw_points[/sensing/lidar/right/pointcloud_before_sync] is nullptr, skipping pointcloud publish.
[component_container_mt-1] [WARN] [1785818210.536352542] [sensing.lidar.concatenate_data]: transformed_raw_points[/sensing/lidar/left/pointcloud_before_sync] is nullptr, skipping pointcloud publish.
[autoware_ndt_scan_matcher_node-24] [INFO] [1785818210.537121563] [localization.pose_estimator.ndt_scan_matcher]: Mismatch between pose timestamp and current timestamp
[component_container_mt-1] [WARN] [1785818210.636118860] [sensing.lidar.concatenate_data]: transformed_raw_points[/sensing/lidar/right/pointcloud_before_sync] is nullptr, skipping pointcloud publish.
[component_container_mt-1] [WARN] [1785818210.636167561] [sensing.lidar.concatenate_data]: transformed_raw_points[/sensing/lidar/left/pointcloud_before_sync] is nullptr, skipping pointcloud publish.
[autoware_ndt_scan_matcher_node-24] [INFO] [1785818210.636816392] [localization.pose_estimator.ndt_scan_matcher]: Mismatch between pose timestamp and current timestamp
[component_container-18] [WARN] [1785818210.642959002] [sensing.lidar.top.crop_box_filter_self]: Invalid PointCloud: is_dense is false. The point cloud should be organized (dense) and contain only valid points. This will be an ERROR starting in 2026 JulyFrame: 'velodyne_top', Stamp: 80.458997942
[component_container_mt-1] [WARN] [1785818210.736462332] [sensing.lidar.concatenate_data]: transformed_raw_points[/sensing/lidar/right/pointcloud_before_sync] is nullptr, skipping pointcloud publish.
[component_container_mt-1] [WARN] [1785818210.736504348] [sensing.lidar.concatenate_data]: transformed_raw_points[/sensing/lidar/left/pointcloud_before_sync] is nullptr, skipping pointcloud publish.
[autoware_ndt_scan_matcher_node-24] [INFO] [1785818210.736959144] [localization.pose_estimator.ndt_scan_matcher]: Mismatch between pose timestamp and current timestamp
[component_container_mt-1] [WARN] [1785818210.836199487] [sensing.lidar.concatenate_data]: transformed_raw_points[/sensing/lidar/right/pointcloud_before_sync] is nullptr, skipping pointcloud publish.
[component_container_mt-1] [WARN] [1785818210.836268213] [sensing.lidar.concatenate_data]: transformed_raw_points[/sensing/lidar/left/pointcloud_before_sync] is nullptr, skipping pointcloud publish.
[autoware_ndt_scan_matcher_node-24] [INFO] [1785818210.836694959] [localization.pose_estimator.ndt_scan_matcher]: Mismatch between pose timestamp and current timestamp
[component_container_mt-1] [WARN] [1785818210.936100725] [sensing.lidar.concatenate_data]: transformed_raw_points[/sensing/lidar/right/pointcloud_before_sync] is nullptr, skipping pointcloud publish.
[component_container_mt-1] [WARN] [1785818210.936144614] [sensing.lidar.concatenate_data]: transformed_raw_points[/sensing/lidar/left/pointcloud_before_sync] is nullptr, skipping pointcloud publish.
[autoware_ndt_scan_matcher_node-24] [INFO] [1785818210.936770626] [localization.pose_estimator.ndt_scan_matcher]: Mismatch between pose timestamp and current timestamp
[component_container-7] [INFO] [1785818210.986647511] [system.topic_state_monitor_mission_planning_route]: /planning/mission_planning/route has not received. Set ERROR in diagnostics.
[component_container_mt-1] [WARN] [1785818211.036121283] [sensing.lidar.concatenate_data]: transformed_raw_points[/sensing/lidar/right/pointcloud_before_sync] is nullptr, skipping pointcloud publish.
[component_container_mt-1] [WARN] [1785818211.036175287] [sensing.lidar.concatenate_data]: transformed_raw_points[/sensing/lidar/left/pointcloud_before_sync] is nullptr, skipping pointcloud publish.
[autoware_ndt_scan_matcher_node-24] [INFO] [1785818211.036724458] [localization.pose_estimator.ndt_scan_matcher]: Mismatch between pose timestamp and current timestamp
[component_container_mt-1] [WARN] [1785818211.136419985] [sensing.lidar.concatenate_data]: transformed_raw_points[/sensing/lidar/right/pointcloud_before_sync] is nullptr, skipping pointcloud publish.
[component_container_mt-1] [WARN] [1785818211.136461092] [sensing.lidar.concatenate_data]: transformed_raw_points[/sensing/lidar/left/pointcloud_before_sync] is nullptr, skipping pointcloud publish.
[autoware_ndt_scan_matcher_node-24] [INFO] [1785818211.137116071] [localization.pose_estimator.ndt_scan_matcher]: Mismatch between pose timestamp and current timestamp
[component_container_mt-47] [INFO] [1785818211.186042521] [control.vehicle_cmd_gate]: The operation mode is changed, but the GearCommand is not received yet:
[component_container_mt-1] [WARN] [1785818211.235862822] [sensing.lidar.concatenate_data]: transformed_raw_points[/sensing/lidar/right/pointcloud_before_sync] is nullptr, skipping pointcloud publish.
[component_container_mt-1] [WARN] [1785818211.235906088] [sensing.lidar.concatenate_data]: transformed_raw_points[/sensing/lidar/left/pointcloud_before_sync] is nullptr, skipping pointcloud publish.
[autoware_ndt_scan_matcher_node-24] [INFO] [1785818211.236791807] [localization.pose_estimator.ndt_scan_matcher]: Mismatch between pose timestamp and current timestamp
[autoware_mrm_handler_node-13] [INFO] [1785818211.286057120] [system.mrm_handler]: MRM State changed: NORMAL -> MRM_OPERATING
[autoware_mrm_handler_node-13] [WARN] [1785818211.286842512] [system.mrm_handler]: EMERGENCY_STOP is operated.
[component_container_mt-1] [WARN] [1785818211.336074466] [sensing.lidar.concatenate_data]: transformed_raw_points[/sensing/lidar/right/pointcloud_before_sync] is nullptr, skipping pointcloud publish.
[component_container_mt-1] [WARN] [1785818211.336123018] [sensing.lidar.concatenate_data]: transformed_raw_points[/sensing/lidar/left/pointcloud_before_sync] is nullptr, skipping pointcloud publish.
[component_container_mt-47] [WARN] [1785818211.336571870] [control.vehicle_cmd_gate]: Emergency!
[component_container_mt-40] [INFO] [1785818211.336771570] [planning.scenario_planning.lane_driving.behavior_planning.behavior_path_planner]: waiting for scenario_topic
[autoware_ndt_scan_matcher_node-24] [INFO] [1785818211.339137174] [localization.pose_estimator.ndt_scan_matcher]: Mismatch between pose timestamp and current timestamp
[autoware_mrm_handler_node-13] [INFO] [1785818211.386208438] [system.mrm_handler]: MRM State changed: MRM_OPERATING -> NORMAL
[autoware_mrm_handler_node-13] [WARN] [1785818211.386432434] [system.mrm_handler]: EMERGENCY_STOP is canceled.
[component_container_mt-1] [WARN] [1785818211.436110030] [sensing.lidar.concatenate_data]: transformed_raw_points[/sensing/lidar/right/pointcloud_before_sync] is nullptr, skipping pointcloud publish.
[component_container_mt-1] [WARN] [1785818211.436160546] [sensing.lidar.concatenate_data]: transformed_raw_points[/sensing/lidar/left/pointcloud_before_sync] is nullptr, skipping pointcloud publish.
[autoware_ndt_scan_matcher_node-24] [INFO] [1785818211.436906271] [localization.pose_estimator.ndt_scan_matcher]: Mismatch between pose timestamp and current timestamp
[component_container_mt-1] [WARN] [1785818211.536375040] [sensing.lidar.concatenate_data]: transformed_raw_points[/sensing/lidar/right/pointcloud_before_sync] is nullptr, skipping pointcloud publish.
[component_container_mt-1] [WARN] [1785818211.536420407] [sensing.lidar.concatenate_data]: transformed_raw_points[/sensing/lidar/left/pointcloud_before_sync] is nullptr, skipping pointcloud publish.
[autoware_ndt_scan_matcher_node-24] [INFO] [1785818211.537005903] [localization.pose_estimator.ndt_scan_matcher]: Mismatch between pose timestamp and current timestamp
[component_container_mt-1] [WARN] [1785818211.636553937] [sensing.lidar.concatenate_data]: transformed_raw_points[/sensing/lidar/right/pointcloud_before_sync] is nullptr, skipping pointcloud publish.
[component_container_mt-1] [WARN] [1785818211.636595381] [sensing.lidar.concatenate_data]: transformed_raw_points[/sensing/lidar/left/pointcloud_before_sync] is nullptr, skipping pointcloud publish.
[autoware_ndt_scan_matcher_node-24] [INFO] [1785818211.637060105] [localization.pose_estimator.ndt_scan_matcher]: Mismatch between pose timestamp and current timestamp
[component_container_mt-1] [WARN] [1785818211.736242175] [sensing.lidar.concatenate_data]: transformed_raw_points[/sensing/lidar/right/pointcloud_before_sync] is nullptr, skipping pointcloud publish.
[component_container_mt-1] [WARN] [1785818211.736284794] [sensing.lidar.concatenate_data]: transformed_raw_points[/sensing/lidar/left/pointcloud_before_sync] is nullptr, skipping pointcloud publish.
[autoware_ndt_scan_matcher_node-24] [INFO] [1785818211.737323399] [localization.pose_estimator.ndt_scan_matcher]: Mismatch between pose timestamp and current timestamp
[component_container_mt-1] [WARN] [1785818211.836378982] [sensing.lidar.concatenate_data]: transformed_raw_points[/sensing/lidar/right/pointcloud_before_sync] is nullptr, skipping pointcloud publish.
[component_container_mt-1] [WARN] [1785818211.836428081] [sensing.lidar.concatenate_data]: transformed_raw_points[/sensing/lidar/left/pointcloud_before_sync] is nullptr, skipping pointcloud publish.
[autoware_ndt_scan_matcher_node-24] [INFO] [1785818211.837105689] [localization.pose_estimator.ndt_scan_matcher]: Mismatch between pose timestamp and current timestamp
[component_container_mt-1] [WARN] [1785818211.936169275] [sensing.lidar.concatenate_data]: transformed_raw_points[/sensing/lidar/right/pointcloud_before_sync] is nullptr, skipping pointcloud publish.
[component_container_mt-1] [WARN] [1785818211.936218021] [sensing.lidar.concatenate_data]: transformed_raw_points[/sensing/lidar/left/pointcloud_before_sync] is nullptr, skipping pointcloud publish.
[autoware_ndt_scan_matcher_node-24] [INFO] [1785818211.936664347] [localization.pose_estimator.ndt_scan_matcher]: Mismatch between pose timestamp and current timestamp
[component_container_mt-1] [WARN] [1785818212.036134280] [sensing.lidar.concatenate_data]: transformed_raw_points[/sensing/lidar/right/pointcloud_before_sync] is nullptr, skipping pointcloud publish.
[component_container_mt-1] [WARN] [1785818212.036187200] [sensing.lidar.concatenate_data]: transformed_raw_points[/sensing/lidar/left/pointcloud_before_sync] is nullptr, skipping pointcloud publish.
[autoware_ndt_scan_matcher_node-24] [INFO] [1785818212.037371095] [localization.pose_estimator.ndt_scan_matcher]: Mismatch between pose timestamp and current timestamp
[component_container_mt-1] [WARN] [1785818212.137050814] [sensing.lidar.concatenate_data]: transformed_raw_points[/sensing/lidar/right/pointcloud_before_sync] is nullptr, skipping pointcloud publish.
[component_container_mt-1] [WARN] [1785818212.137090828] [sensing.lidar.concatenate_data]: transformed_raw_points[/sensing/lidar/left/pointcloud_before_sync] is nullptr, skipping pointcloud publish.
[autoware_ndt_scan_matcher_node-24] [INFO] [1785818212.137580717] [localization.pose_estimator.ndt_scan_matcher]: Mismatch between pose timestamp and current timestamp
[component_container_mt-1] [WARN] [1785818212.236492466] [sensing.lidar.concatenate_data]: transformed_raw_points[/sensing/lidar/right/pointcloud_before_sync] is nullptr, skipping pointcloud publish.
[component_container_mt-1] [WARN] [1785818212.236540439] [sensing.lidar.concatenate_data]: transformed_raw_points[/sensing/lidar/left/pointcloud_before_sync] is nullptr, skipping pointcloud publish.
[autoware_ndt_scan_matcher_node-24] [INFO] [1785818212.237100650] [localization.pose_estimator.ndt_scan_matcher]: Mismatch between pose timestamp and current timestamp
[autoware_mrm_handler_node-13] [INFO] [1785818212.286175920] [system.mrm_handler]: MRM State changed: NORMAL -> MRM_OPERATING
[autoware_mrm_handler_node-13] [WARN] [1785818212.286355201] [system.mrm_handler]: EMERGENCY_STOP is operated.
[logging_node-14] [WARN] [1785818212.286818397] [logging_diag_graph]: The target mode is not available for the following reasons:
[logging_node-14] - /autoware/modes/autonomous ERROR
[logging_node-14]     - /autoware/localization ERROR
[logging_node-14]         - /autoware/localization/state STALE
[logging_node-14]     - /autoware/planning ERROR
[logging_node-14]         - /autoware/planning/routing/state STALE
[logging_node-14]         - [anonymous group] ERROR
[logging_node-14]             - /autoware/planning/topic_rate_check/route ERROR
[logging_node-14]             - /autoware/planning/topic_rate_check/trajectory ERROR
[logging_node-14]     - /autoware/control ERROR
[logging_node-14]         - /autoware/control/topic_rate_check/trajectory_follower ERROR
[logging_node-14]         - /autoware/control/topic_rate_check/control_command WARN 
[logging_node-14]         - /autoware/control/performance_monitoring/lane_departure STALE
[logging_node-14]         - /autoware/control/performance_monitoring/control_state STALE
[logging_node-14]     - /adapi/mrm_request/delegate STALE
[logging_node-14] 
[component_container_mt-1] [WARN] [1785818212.336155172] [sensing.lidar.concatenate_data]: transformed_raw_points[/sensing/lidar/right/pointcloud_before_sync] is nullptr, skipping pointcloud publish.
[component_container_mt-1] [WARN] [1785818212.336204599] [sensing.lidar.concatenate_data]: transformed_raw_points[/sensing/lidar/left/pointcloud_before_sync] is nullptr, skipping pointcloud publish.
[component_container_mt-47] [WARN] [1785818212.336547052] [control.vehicle_cmd_gate]: Emergency!
[autoware_ndt_scan_matcher_node-24] [INFO] [1785818212.336991687] [localization.pose_estimator.ndt_scan_matcher]: Mismatch between pose timestamp and current timestamp
[autoware_mrm_handler_node-13] [INFO] [1785818212.386046728] [system.mrm_handler]: MRM State changed: MRM_OPERATING -> NORMAL
[autoware_mrm_handler_node-13] [WARN] [1785818212.386295893] [system.mrm_handler]: EMERGENCY_STOP is canceled.
[component_container_mt-1] [WARN] [1785818212.436166731] [sensing.lidar.concatenate_data]: transformed_raw_points[/sensing/lidar/right/pointcloud_before_sync] is nullptr, skipping pointcloud publish.
[component_container_mt-1] [WARN] [1785818212.436214668] [sensing.lidar.concatenate_data]: transformed_raw_points[/sensing/lidar/left/pointcloud_before_sync] is nullptr, skipping pointcloud publish.
[autoware_ndt_scan_matcher_node-24] [INFO] [1785818212.436772594] [localization.pose_estimator.ndt_scan_matcher]: Mismatch between pose timestamp and current timestamp
[component_container_mt-1] [WARN] [1785818212.536277833] [sensing.lidar.concatenate_data]: transformed_raw_points[/sensing/lidar/right/pointcloud_before_sync] is nullptr, skipping pointcloud publish.
[component_container_mt-1] [WARN] [1785818212.536324394] [sensing.lidar.concatenate_data]: transformed_raw_points[/sensing/lidar/left/pointcloud_before_sync] is nullptr, skipping pointcloud publish.
[autoware_ndt_scan_matcher_node-24] [INFO] [1785818212.537076492] [localization.pose_estimator.ndt_scan_matcher]: Mismatch between pose timestamp and current timestamp
[component_container_mt-1] [WARN] [1785818212.636934390] [sensing.lidar.concatenate_data]: transformed_raw_points[/sensing/lidar/right/pointcloud_before_sync] is nullptr, skipping pointcloud publish.
[component_container_mt-1] [WARN] [1785818212.636984917] [sensing.lidar.concatenate_data]: transformed_raw_points[/sensing/lidar/left/pointcloud_before_sync] is nullptr, skipping pointcloud publish.
[autoware_ndt_scan_matcher_node-24] [INFO] [1785818212.637780070] [localization.pose_estimator.ndt_scan_matcher]: Mismatch between pose timestamp and current timestamp
[component_container_mt-1] [WARN] [1785818212.736422997] [sensing.lidar.concatenate_data]: transformed_raw_points[/sensing/lidar/right/pointcloud_before_sync] is nullptr, skipping pointcloud publish.
[component_container_mt-1] [WARN] [1785818212.736464563] [sensing.lidar.concatenate_data]: transformed_raw_points[/sensing/lidar/left/pointcloud_before_sync] is nullptr, skipping pointcloud publish.
[autoware_ndt_scan_matcher_node-24] [INFO] [1785818212.736866882] [localization.pose_estimator.ndt_scan_matcher]: Mismatch between pose timestamp and current timestamp
[component_container_mt-1] [WARN] [1785818212.836539964] [sensing.lidar.concatenate_data]: transformed_raw_points[/sensing/lidar/right/pointcloud_before_sync] is nullptr, skipping pointcloud publish.
[component_container_mt-1] [WARN] [1785818212.836586257] [sensing.lidar.concatenate_data]: transformed_raw_points[/sensing/lidar/left/pointcloud_before_sync] is nullptr, skipping pointcloud publish.
[autoware_ndt_scan_matcher_node-24] [INFO] [1785818212.837054564] [localization.pose_estimator.ndt_scan_matcher]: Mismatch between pose timestamp and current timestamp
[component_container_mt-48] [INFO] [1785818212.886484861] [control.autonomous_emergency_braking]: [AEB] waiting for control predicted trajectory
[component_container_mt-1] [WARN] [1785818212.936253590] [sensing.lidar.concatenate_data]: transformed_raw_points[/sensing/lidar/right/pointcloud_before_sync] is nullptr, skipping pointcloud publish.
[component_container_mt-1] [WARN] [1785818212.936304531] [sensing.lidar.concatenate_data]: transformed_raw_points[/sensing/lidar/left/pointcloud_before_sync] is nullptr, skipping pointcloud publish.
[autoware_ndt_scan_matcher_node-24] [INFO] [1785818212.937115187] [localization.pose_estimator.ndt_scan_matcher]: Mismatch between pose timestamp and current timestamp
[component_container_mt-1] [WARN] [1785818213.036226661] [sensing.lidar.concatenate_data]: transformed_raw_points[/sensing/lidar/right/pointcloud_before_sync] is nullptr, skipping pointcloud publish.
[component_container_mt-1] [WARN] [1785818213.036276140] [sensing.lidar.concatenate_data]: transformed_raw_points[/sensing/lidar/left/pointcloud_before_sync] is nullptr, skipping pointcloud publish.
[autoware_ndt_scan_matcher_node-24] [INFO] [1785818213.036775221] [localization.pose_estimator.ndt_scan_matcher]: Mismatch between pose timestamp and current timestamp
[component_container-7] [WARN] [1785818213.086382177] [system.topic_state_monitor_control_command_control_cmd]: /control/command/control_cmd topic rate has dropped to the warning level. Set WARN in diagnostics.
[component_container_mt-1] [WARN] [1785818213.136014635] [sensing.lidar.concatenate_data]: transformed_raw_points[/sensing/lidar/right/pointcloud_before_sync] is nullptr, skipping pointcloud publish.
[component_container_mt-1] [WARN] [1785818213.136054794] [sensing.lidar.concatenate_data]: transformed_raw_points[/sensing/lidar/left/pointcloud_before_sync] is nullptr, skipping pointcloud publish.
[autoware_ndt_scan_matcher_node-24] [INFO] [1785818213.137241789] [localization.pose_estimator.ndt_scan_matcher]: Mismatch between pose timestamp and current timestamp
[component_container_mt-1] [WARN] [1785818213.236329584] [sensing.lidar.concatenate_data]: transformed_raw_points[/sensing/lidar/right/pointcloud_before_sync] is nullptr, skipping pointcloud publish.
[component_container_mt-1] [WARN] [1785818213.236374004] [sensing.lidar.concatenate_data]: transformed_raw_points[/sensing/lidar/left/pointcloud_before_sync] is nullptr, skipping pointcloud publish.
[autoware_ndt_scan_matcher_node-24] [INFO] [1785818213.236924015] [localization.pose_estimator.ndt_scan_matcher]: Mismatch between pose timestamp and current timestamp
[autoware_mrm_handler_node-13] [INFO] [1785818213.287064370] [system.mrm_handler]: MRM State changed: NORMAL -> MRM_OPERATING
[autoware_mrm_handler_node-13] [WARN] [1785818213.287329996] [system.mrm_handler]: EMERGENCY_STOP is operated.
[component_container_mt-1] [WARN] [1785818213.336207873] [sensing.lidar.concatenate_data]: transformed_raw_points[/sensing/lidar/right/pointcloud_before_sync] is nullptr, skipping pointcloud publish.
[component_container_mt-1] [WARN] [1785818213.336256769] [sensing.lidar.concatenate_data]: transformed_raw_points[/sensing/lidar/left/pointcloud_before_sync] is nullptr, skipping pointcloud publish.
[autoware_ndt_scan_matcher_node-24] [INFO] [1785818213.336856604] [localization.pose_estimator.ndt_scan_matcher]: Mismatch between pose timestamp and current timestamp
[component_container_mt-47] [WARN] [1785818213.336912653] [control.vehicle_cmd_gate]: Emergency!
[component_container_mt-48] [INFO] [1785818213.337198943] [control.control_validator]: waiting for /planning/trajectory
[autoware_mrm_handler_node-13] [INFO] [1785818213.386461197] [system.mrm_handler]: MRM State changed: MRM_OPERATING -> NORMAL
[autoware_mrm_handler_node-13] [WARN] [1785818213.386611022] [system.mrm_handler]: EMERGENCY_STOP is canceled.
[component_container_mt-1] [WARN] [1785818213.436500049] [sensing.lidar.concatenate_data]: transformed_raw_points[/sensing/lidar/right/pointcloud_before_sync] is nullptr, skipping pointcloud publish.
[component_container_mt-1] [WARN] [1785818213.436544336] [sensing.lidar.concatenate_data]: transformed_raw_points[/sensing/lidar/left/pointcloud_before_sync] is nullptr, skipping pointcloud publish.
[autoware_ndt_scan_matcher_node-24] [INFO] [1785818213.437465238] [localization.pose_estimator.ndt_scan_matcher]: Mismatch between pose timestamp and current timestamp
[component_container_mt-1] [WARN] [1785818213.535991939] [sensing.lidar.concatenate_data]: transformed_raw_points[/sensing/lidar/right/pointcloud_before_sync] is nullptr, skipping pointcloud publish.
[component_container_mt-1] [WARN] [1785818213.536038574] [sensing.lidar.concatenate_data]: transformed_raw_points[/sensing/lidar/left/pointcloud_before_sync] is nullptr, skipping pointcloud publish.
[autoware_ndt_scan_matcher_node-24] [INFO] [1785818213.536639944] [localization.pose_estimator.ndt_scan_matcher]: Mismatch between pose timestamp and current timestamp
[component_container_mt-1] [WARN] [1785818213.637009455] [sensing.lidar.concatenate_data]: transformed_raw_points[/sensing/lidar/right/pointcloud_before_sync] is nullptr, skipping pointcloud publish.
[component_container_mt-1] [WARN] [1785818213.637048573] [sensing.lidar.concatenate_data]: transformed_raw_points[/sensing/lidar/left/pointcloud_before_sync] is nullptr, skipping pointcloud publish.
[autoware_ndt_scan_matcher_node-24] [INFO] [1785818213.637621895] [localization.pose_estimator.ndt_scan_matcher]: Mismatch between pose timestamp and current timestamp
[component_container_mt-1] [WARN] [1785818213.736419429] [sensing.lidar.concatenate_data]: transformed_raw_points[/sensing/lidar/right/pointcloud_before_sync] is nullptr, skipping pointcloud publish.
[component_container_mt-1] [WARN] [1785818213.736471716] [sensing.lidar.concatenate_data]: transformed_raw_points[/sensing/lidar/left/pointcloud_before_sync] is nullptr, skipping pointcloud publish.
[autoware_ndt_scan_matcher_node-24] [INFO] [1785818213.736936171] [localization.pose_estimator.ndt_scan_matcher]: Mismatch between pose timestamp and current timestamp
[component_container_mt-1] [WARN] [1785818213.836245911] [sensing.lidar.concatenate_data]: transformed_raw_points[/sensing/lidar/right/pointcloud_before_sync] is nullptr, skipping pointcloud publish.
[component_container_mt-1] [WARN] [1785818213.836295685] [sensing.lidar.concatenate_data]: transformed_raw_points[/sensing/lidar/left/pointcloud_before_sync] is nullptr, skipping pointcloud publish.
[autoware_ndt_scan_matcher_node-24] [INFO] [1785818213.836752017] [localization.pose_estimator.ndt_scan_matcher]: Mismatch between pose timestamp and current timestamp
[component_container_mt-1] [WARN] [1785818213.936162877] [sensing.lidar.concatenate_data]: transformed_raw_points[/sensing/lidar/right/pointcloud_before_sync] is nullptr, skipping pointcloud publish.
[component_container_mt-1] [WARN] [1785818213.936210302] [sensing.lidar.concatenate_data]: transformed_raw_points[/sensing/lidar/left/pointcloud_before_sync] is nullptr, skipping pointcloud publish.
[autoware_ndt_scan_matcher_node-24] [INFO] [1785818213.936673425] [localization.pose_estimator.ndt_scan_matcher]: Mismatch between pose timestamp and current timestamp
[component_container-7] [INFO] [1785818213.986295186] [system.topic_state_monitor_trajectory_follower_control_cmd]: /control/trajectory_follower/control_cmd has not received. Set ERROR in diagnostics.
[component_container_mt-1] [WARN] [1785818214.036304393] [sensing.lidar.concatenate_data]: transformed_raw_points[/sensing/lidar/right/pointcloud_before_sync] is nullptr, skipping pointcloud publish.
[component_container_mt-1] [WARN] [1785818214.036356885] [sensing.lidar.concatenate_data]: transformed_raw_points[/sensing/lidar/left/pointcloud_before_sync] is nullptr, skipping pointcloud publish.
[autoware_ndt_scan_matcher_node-24] [INFO] [1785818214.037127806] [localization.pose_estimator.ndt_scan_matcher]: Mismatch between pose timestamp and current timestamp
[component_container_mt-1] [WARN] [1785818214.136284903] [sensing.lidar.concatenate_data]: transformed_raw_points[/sensing/lidar/right/pointcloud_before_sync] is nullptr, skipping pointcloud publish.
[component_container_mt-1] [WARN] [1785818214.136331059] [sensing.lidar.concatenate_data]: transformed_raw_points[/sensing/lidar/left/pointcloud_before_sync] is nullptr, skipping pointcloud publish.
[autoware_ndt_scan_matcher_node-24] [INFO] [1785818214.136797281] [localization.pose_estimator.ndt_scan_matcher]: Mismatch between pose timestamp and current timestamp
[autoware_scenario_selector_node-36] [INFO] [1785818214.186116118] [planning.scenario_planning.scenario_selector]: Waiting for route.
[component_container_mt-48] [INFO] [1785818214.186639903] [control.trajectory_follower.lane_departure_checker_node]: waiting for route msg...
[component_container_mt-1] [WARN] [1785818214.236740134] [sensing.lidar.concatenate_data]: transformed_raw_points[/sensing/lidar/right/pointcloud_before_sync] is nullptr, skipping pointcloud publish.
[component_container_mt-1] [WARN] [1785818214.236780500] [sensing.lidar.concatenate_data]: transformed_raw_points[/sensing/lidar/left/pointcloud_before_sync] is nullptr, skipping pointcloud publish.
[autoware_ndt_scan_matcher_node-24] [INFO] [1785818214.237382226] [localization.pose_estimator.ndt_scan_matcher]: Mismatch between pose timestamp and current timestamp
[autoware_mrm_handler_node-13] [INFO] [1785818214.286067364] [system.mrm_handler]: MRM State changed: NORMAL -> MRM_OPERATING
[autoware_mrm_handler_node-13] [WARN] [1785818214.286455385] [system.mrm_handler]: EMERGENCY_STOP is operated.
[component_container_mt-1] [WARN] [1785818214.336001391] [sensing.lidar.concatenate_data]: transformed_raw_points[/sensing/lidar/right/pointcloud_before_sync] is nullptr, skipping pointcloud publish.
[component_container_mt-1] [WARN] [1785818214.336049544] [sensing.lidar.concatenate_data]: transformed_raw_points[/sensing/lidar/left/pointcloud_before_sync] is nullptr, skipping pointcloud publish.
[autoware_ndt_scan_matcher_node-24] [INFO] [1785818214.336723794] [localization.pose_estimator.ndt_scan_matcher]: Mismatch between pose timestamp and current timestamp
[component_container_mt-47] [WARN] [1785818214.336944081] [control.vehicle_cmd_gate]: Emergency!
[autoware_mrm_handler_node-13] [INFO] [1785818214.387421821] [system.mrm_handler]: MRM State changed: MRM_OPERATING -> NORMAL
[autoware_mrm_handler_node-13] [WARN] [1785818214.387558673] [system.mrm_handler]: EMERGENCY_STOP is canceled.
[component_container_mt-1] [WARN] [1785818214.436496057] [sensing.lidar.concatenate_data]: transformed_raw_points[/sensing/lidar/right/pointcloud_before_sync] is nullptr, skipping pointcloud publish.
[component_container_mt-1] [WARN] [1785818214.436542940] [sensing.lidar.concatenate_data]: transformed_raw_points[/sensing/lidar/left/pointcloud_before_sync] is nullptr, skipping pointcloud publish.
[autoware_ndt_scan_matcher_node-24] [INFO] [1785818214.437069837] [localization.pose_estimator.ndt_scan_matcher]: Mismatch between pose timestamp and current timestamp
[component_container_mt-1] [WARN] [1785818214.536269594] [sensing.lidar.concatenate_data]: transformed_raw_points[/sensing/lidar/right/pointcloud_before_sync] is nullptr, skipping pointcloud publish.
[component_container_mt-1] [WARN] [1785818214.536317965] [sensing.lidar.concatenate_data]: transformed_raw_points[/sensing/lidar/left/pointcloud_before_sync] is nullptr, skipping pointcloud publish.
[autoware_ndt_scan_matcher_node-24] [INFO] [1785818214.536946035] [localization.pose_estimator.ndt_scan_matcher]: Mismatch between pose timestamp and current timestamp
[component_container_mt-1] [WARN] [1785818214.636499269] [sensing.lidar.concatenate_data]: transformed_raw_points[/sensing/lidar/right/pointcloud_before_sync] is nullptr, skipping pointcloud publish.
[component_container_mt-1] [WARN] [1785818214.636540218] [sensing.lidar.concatenate_data]: transformed_raw_points[/sensing/lidar/left/pointcloud_before_sync] is nullptr, skipping pointcloud publish.
[autoware_ndt_scan_matcher_node-24] [INFO] [1785818214.637022668] [localization.pose_estimator.ndt_scan_matcher]: Mismatch between pose timestamp and current timestamp
[component_container_mt-1] [WARN] [1785818214.736419392] [sensing.lidar.concatenate_data]: transformed_raw_points[/sensing/lidar/right/pointcloud_before_sync] is nullptr, skipping pointcloud publish.
[component_container_mt-1] [WARN] [1785818214.736459753] [sensing.lidar.concatenate_data]: transformed_raw_points[/sensing/lidar/left/pointcloud_before_sync] is nullptr, skipping pointcloud publish.
[autoware_ndt_scan_matcher_node-24] [INFO] [1785818214.737047471] [localization.pose_estimator.ndt_scan_matcher]: Mismatch between pose timestamp and current timestamp
[component_container_mt-1] [WARN] [1785818214.743957194] [localization.util.crop_box_filter_measurement_range]: Invalid PointCloud: row_step mismatch. Expected: 99104 (width 6194 * point_step 16), Got: 0. Frame: 'base_link', Stamp: 84.558998003 Please fill in the `cloud->row_step` field accordingly. This will be an ERROR starting in 2026 July
[component_container_mt-1] [WARN] [1785818214.836013551] [sensing.lidar.concatenate_data]: transformed_raw_points[/sensing/lidar/right/pointcloud_before_sync] is nullptr, skipping pointcloud publish.
[component_container_mt-1] [WARN] [1785818214.836066455] [sensing.lidar.concatenate_data]: transformed_raw_points[/sensing/lidar/left/pointcloud_before_sync] is nullptr, skipping pointcloud publish.
[autoware_ndt_scan_matcher_node-24] [INFO] [1785818214.836551480] [localization.pose_estimator.ndt_scan_matcher]: Mismatch between pose timestamp and current timestamp
[component_container_mt-1] [WARN] [1785818214.936269694] [sensing.lidar.concatenate_data]: transformed_raw_points[/sensing/lidar/right/pointcloud_before_sync] is nullptr, skipping pointcloud publish.
[component_container_mt-1] [WARN] [1785818214.936316428] [sensing.lidar.concatenate_data]: transformed_raw_points[/sensing/lidar/left/pointcloud_before_sync] is nullptr, skipping pointcloud publish.
[autoware_ndt_scan_matcher_node-24] [INFO] [1785818214.936835443] [localization.pose_estimator.ndt_scan_matcher]: Mismatch between pose timestamp and current timestamp
[component_container_mt-1] [WARN] [1785818215.036213020] [sensing.lidar.concatenate_data]: transformed_raw_points[/sensing/lidar/right/pointcloud_before_sync] is nullptr, skipping pointcloud publish.
[component_container_mt-1] [WARN] [1785818215.036263734] [sensing.lidar.concatenate_data]: transformed_raw_points[/sensing/lidar/left/pointcloud_before_sync] is nullptr, skipping pointcloud publish.
[autoware_ndt_scan_matcher_node-24] [INFO] [1785818215.036717548] [localization.pose_estimator.ndt_scan_matcher]: Mismatch between pose timestamp and current timestamp
[component_container_mt-1] [WARN] [1785818215.136731363] [sensing.lidar.concatenate_data]: transformed_raw_points[/sensing/lidar/right/pointcloud_before_sync] is nullptr, skipping pointcloud publish.
[component_container_mt-1] [WARN] [1785818215.136791007] [sensing.lidar.concatenate_data]: transformed_raw_points[/sensing/lidar/left/pointcloud_before_sync] is nullptr, skipping pointcloud publish.
[autoware_ndt_scan_matcher_node-24] [INFO] [1785818215.137496936] [localization.pose_estimator.ndt_scan_matcher]: Mismatch between pose timestamp and current timestamp
[component_container_mt-1] [WARN] [1785818215.236274427] [sensing.lidar.concatenate_data]: transformed_raw_points[/sensing/lidar/right/pointcloud_before_sync] is nullptr, skipping pointcloud publish.
[component_container_mt-1] [WARN] [1785818215.236318241] [sensing.lidar.concatenate_data]: transformed_raw_points[/sensing/lidar/left/pointcloud_before_sync] is nullptr, skipping pointcloud publish.
[autoware_ndt_scan_matcher_node-24] [INFO] [1785818215.236899213] [localization.pose_estimator.ndt_scan_matcher]: Mismatch between pose timestamp and current timestamp
[autoware_mrm_handler_node-13] [INFO] [1785818215.285810702] [system.mrm_handler]: MRM State changed: NORMAL -> MRM_OPERATING
[logging_node-14] [WARN] [1785818215.285847577] [logging_diag_graph]: The target mode is not available for the following reasons:
[logging_node-14] - /autoware/modes/autonomous ERROR
[logging_node-14]     - /autoware/localization ERROR
[logging_node-14]         - /autoware/localization/state STALE
[logging_node-14]     - /autoware/planning ERROR
[logging_node-14]         - /autoware/planning/routing/state STALE
[logging_node-14]         - [anonymous group] ERROR
[logging_node-14]             - /autoware/planning/topic_rate_check/route ERROR
[logging_node-14]             - /autoware/planning/topic_rate_check/trajectory ERROR
[logging_node-14]     - /autoware/control ERROR
[logging_node-14]         - /autoware/control/topic_rate_check/trajectory_follower ERROR
[logging_node-14]         - /autoware/control/topic_rate_check/control_command WARN 
[logging_node-14]         - /autoware/control/performance_monitoring/lane_departure STALE
[logging_node-14]         - /autoware/control/performance_monitoring/control_state STALE
[logging_node-14]     - /adapi/mrm_request/delegate STALE
[logging_node-14] 
[component_container_mt-47] [INFO] [1785818215.286583832] [control.trajectory_follower.controller_node_exe]: Waiting for trajectory data
[component_container_mt-47] [INFO] [1785818215.286622136] [control.trajectory_follower.controller_node_exe]: Control is skipped since input data is not ready.
[autoware_mrm_handler_node-13] [WARN] [1785818215.287012898] [system.mrm_handler]: EMERGENCY_STOP is operated.
[component_container_mt-1] [WARN] [1785818215.336214421] [sensing.lidar.concatenate_data]: transformed_raw_points[/sensing/lidar/right/pointcloud_before_sync] is nullptr, skipping pointcloud publish.
[component_container_mt-1] [WARN] [1785818215.336264081] [sensing.lidar.concatenate_data]: transformed_raw_points[/sensing/lidar/left/pointcloud_before_sync] is nullptr, skipping pointcloud publish.
[component_container_mt-47] [WARN] [1785818215.336430029] [control.vehicle_cmd_gate]: Emergency!
[autoware_ndt_scan_matcher_node-24] [INFO] [1785818215.337629345] [localization.pose_estimator.ndt_scan_matcher]: Mismatch between pose timestamp and current timestamp
[autoware_mrm_handler_node-13] [INFO] [1785818215.386593577] [system.mrm_handler]: MRM State changed: MRM_OPERATING -> NORMAL
[autoware_mrm_handler_node-13] [WARN] [1785818215.386782385] [system.mrm_handler]: EMERGENCY_STOP is canceled.
[component_container_mt-1] [WARN] [1785818215.435908536] [sensing.lidar.concatenate_data]: transformed_raw_points[/sensing/lidar/right/pointcloud_before_sync] is nullptr, skipping pointcloud publish.
[component_container_mt-1] [WARN] [1785818215.435957037] [sensing.lidar.concatenate_data]: transformed_raw_points[/sensing/lidar/left/pointcloud_before_sync] is nullptr, skipping pointcloud publish.
[autoware_ndt_scan_matcher_node-24] [INFO] [1785818215.436510097] [localization.pose_estimator.ndt_scan_matcher]: Mismatch between pose timestamp and current timestamp
[component_container_mt-1] [WARN] [1785818215.535920225] [sensing.lidar.concatenate_data]: transformed_raw_points[/sensing/lidar/right/pointcloud_before_sync] is nullptr, skipping pointcloud publish.
[autoware_ndt_scan_matcher_node-24] [INFO] [1785818215.536475431] [localization.pose_estimator.ndt_scan_matcher]: Mismatch between pose timestamp and current timestamp
[component_container_mt-1] [WARN] [1785818215.537196169] [sensing.lidar.concatenate_data]: transformed_raw_points[/sensing/lidar/left/pointcloud_before_sync] is nullptr, skipping pointcloud publish.
[component_container_mt-1] [WARN] [1785818215.636341542] [sensing.lidar.concatenate_data]: transformed_raw_points[/sensing/lidar/right/pointcloud_before_sync] is nullptr, skipping pointcloud publish.
[component_container_mt-1] [WARN] [1785818215.636387825] [sensing.lidar.concatenate_data]: transformed_raw_points[/sensing/lidar/left/pointcloud_before_sync] is nullptr, skipping pointcloud publish.
[autoware_ndt_scan_matcher_node-24] [INFO] [1785818215.636875295] [localization.pose_estimator.ndt_scan_matcher]: Mismatch between pose timestamp and current timestamp
[component_container-18] [WARN] [1785818215.642511275] [sensing.lidar.top.crop_box_filter_self]: Invalid PointCloud: is_dense is false. The point cloud should be organized (dense) and contain only valid points. This will be an ERROR starting in 2026 JulyFrame: 'velodyne_top', Stamp: 85.458998017
[component_container_mt-1] [WARN] [1785818215.736175815] [sensing.lidar.concatenate_data]: transformed_raw_points[/sensing/lidar/right/pointcloud_before_sync] is nullptr, skipping pointcloud publish.
[component_container_mt-1] [WARN] [1785818215.736227211] [sensing.lidar.concatenate_data]: transformed_raw_points[/sensing/lidar/left/pointcloud_before_sync] is nullptr, skipping pointcloud publish.
[autoware_ndt_scan_matcher_node-24] [INFO] [1785818215.736882147] [localization.pose_estimator.ndt_scan_matcher]: Mismatch between pose timestamp and current timestamp
[component_container_mt-1] [WARN] [1785818215.836077477] [sensing.lidar.concatenate_data]: transformed_raw_points[/sensing/lidar/right/pointcloud_before_sync] is nullptr, skipping pointcloud publish.
[component_container_mt-1] [WARN] [1785818215.836125818] [sensing.lidar.concatenate_data]: transformed_raw_points[/sensing/lidar/left/pointcloud_before_sync] is nullptr, skipping pointcloud publish.
[autoware_ndt_scan_matcher_node-24] [INFO] [1785818215.836597085] [localization.pose_estimator.ndt_scan_matcher]: Mismatch between pose timestamp and current timestamp
[component_container_mt-1] [WARN] [1785818215.935837423] [sensing.lidar.concatenate_data]: transformed_raw_points[/sensing/lidar/right/pointcloud_before_sync] is nullptr, skipping pointcloud publish.
[component_container_mt-1] [WARN] [1785818215.935886010] [sensing.lidar.concatenate_data]: transformed_raw_points[/sensing/lidar/left/pointcloud_before_sync] is nullptr, skipping pointcloud publish.
[autoware_ndt_scan_matcher_node-24] [INFO] [1785818215.936446179] [localization.pose_estimator.ndt_scan_matcher]: Mismatch between pose timestamp and current timestamp
[component_container_mt-1] [WARN] [1785818216.036242306] [sensing.lidar.concatenate_data]: transformed_raw_points[/sensing/lidar/right/pointcloud_before_sync] is nullptr, skipping pointcloud publish.
[component_container_mt-1] [WARN] [1785818216.036291157] [sensing.lidar.concatenate_data]: transformed_raw_points[/sensing/lidar/left/pointcloud_before_sync] is nullptr, skipping pointcloud publish.
[autoware_ndt_scan_matcher_node-24] [INFO] [1785818216.036847240] [localization.pose_estimator.ndt_scan_matcher]: Mismatch between pose timestamp and current timestamp
[component_container-7] [WARN] [1785818216.086221630] [system.topic_state_monitor_control_command_control_cmd]: /control/command/control_cmd topic rate has dropped to the warning level. Set WARN in diagnostics.
[component_container_mt-1] [WARN] [1785818216.136031125] [sensing.lidar.concatenate_data]: transformed_raw_points[/sensing/lidar/right/pointcloud_before_sync] is nullptr, skipping pointcloud publish.
[component_container_mt-1] [WARN] [1785818216.136077488] [sensing.lidar.concatenate_data]: transformed_raw_points[/sensing/lidar/left/pointcloud_before_sync] is nullptr, skipping pointcloud publish.
[autoware_ndt_scan_matcher_node-24] [INFO] [1785818216.136557928] [localization.pose_estimator.ndt_scan_matcher]: Mismatch between pose timestamp and current timestamp
[component_container-18] [WARN] [1785818216.142879994] [sensing.lidar.top.distortion_corrector_node]: Twist time_stamp is too late. Could not interpolate.
[component_container_mt-47] [INFO] [1785818216.186606311] [control.vehicle_cmd_gate]: The operation mode is changed, but the GearCommand is not received yet:
[component_container_mt-1] [WARN] [1785818216.236521283] [sensing.lidar.concatenate_data]: transformed_raw_points[/sensing/lidar/right/pointcloud_before_sync] is nullptr, skipping pointcloud publish.
[component_container_mt-1] [WARN] [1785818216.236559653] [sensing.lidar.concatenate_data]: transformed_raw_points[/sensing/lidar/left/pointcloud_before_sync] is nullptr, skipping pointcloud publish.
[autoware_ndt_scan_matcher_node-24] [INFO] [1785818216.237037311] [localization.pose_estimator.ndt_scan_matcher]: Mismatch between pose timestamp and current timestamp
[autoware_mrm_handler_node-13] [INFO] [1785818216.285950268] [system.mrm_handler]: MRM State changed: NORMAL -> MRM_OPERATING
[autoware_mrm_handler_node-13] [WARN] [1785818216.286303634] [system.mrm_handler]: EMERGENCY_STOP is operated.
[component_container_mt-1] [WARN] [1785818216.336029194] [sensing.lidar.concatenate_data]: transformed_raw_points[/sensing/lidar/right/pointcloud_before_sync] is nullptr, skipping pointcloud publish.
[component_container_mt-1] [WARN] [1785818216.336079692] [sensing.lidar.concatenate_data]: transformed_raw_points[/sensing/lidar/left/pointcloud_before_sync] is nullptr, skipping pointcloud publish.
[component_container_mt-47] [WARN] [1785818216.336299970] [control.vehicle_cmd_gate]: Emergency!
[component_container_mt-40] [INFO] [1785818216.336581802] [planning.scenario_planning.lane_driving.behavior_planning.behavior_path_planner]: waiting for scenario_topic
[autoware_ndt_scan_matcher_node-24] [INFO] [1785818216.336793540] [localization.pose_estimator.ndt_scan_matcher]: Mismatch between pose timestamp and current timestamp
[autoware_mrm_handler_node-13] [INFO] [1785818216.386390943] [system.mrm_handler]: MRM State changed: MRM_OPERATING -> NORMAL
[autoware_mrm_handler_node-13] [WARN] [1785818216.387603870] [system.mrm_handler]: EMERGENCY_STOP is canceled.
[component_container_mt-1] [WARN] [1785818216.436072291] [sensing.lidar.concatenate_data]: transformed_raw_points[/sensing/lidar/right/pointcloud_before_sync] is nullptr, skipping pointcloud publish.
[component_container_mt-1] [WARN] [1785818216.436124712] [sensing.lidar.concatenate_data]: transformed_raw_points[/sensing/lidar/left/pointcloud_before_sync] is nullptr, skipping pointcloud publish.
[autoware_ndt_scan_matcher_node-24] [INFO] [1785818216.436709437] [localization.pose_estimator.ndt_scan_matcher]: Mismatch between pose timestamp and current timestamp
[component_container_mt-1] [WARN] [1785818216.536753997] [sensing.lidar.concatenate_data]: transformed_raw_points[/sensing/lidar/right/pointcloud_before_sync] is nullptr, skipping pointcloud publish.
[component_container_mt-1] [WARN] [1785818216.536791495] [sensing.lidar.concatenate_data]: transformed_raw_points[/sensing/lidar/left/pointcloud_before_sync] is nullptr, skipping pointcloud publish.
[autoware_ndt_scan_matcher_node-24] [INFO] [1785818216.537207633] [localization.pose_estimator.ndt_scan_matcher]: Mismatch between pose timestamp and current timestamp
[component_container_mt-1] [WARN] [1785818216.636558290] [sensing.lidar.concatenate_data]: transformed_raw_points[/sensing/lidar/right/pointcloud_before_sync] is nullptr, skipping pointcloud publish.
[component_container_mt-1] [WARN] [1785818216.636604788] [sensing.lidar.concatenate_data]: transformed_raw_points[/sensing/lidar/left/pointcloud_before_sync] is nullptr, skipping pointcloud publish.
[autoware_ndt_scan_matcher_node-24] [INFO] [1785818216.637606434] [localization.pose_estimator.ndt_scan_matcher]: Mismatch between pose timestamp and current timestamp
[component_container_mt-1] [WARN] [1785818216.736297529] [sensing.lidar.concatenate_data]: transformed_raw_points[/sensing/lidar/right/pointcloud_before_sync] is nullptr, skipping pointcloud publish.
[component_container_mt-1] [WARN] [1785818216.736341060] [sensing.lidar.concatenate_data]: transformed_raw_points[/sensing/lidar/left/pointcloud_before_sync] is nullptr, skipping pointcloud publish.
[autoware_ndt_scan_matcher_node-24] [INFO] [1785818216.736812496] [localization.pose_estimator.ndt_scan_matcher]: Mismatch between pose timestamp and current timestamp
[component_container_mt-1] [WARN] [1785818216.836277484] [sensing.lidar.concatenate_data]: transformed_raw_points[/sensing/lidar/right/pointcloud_before_sync] is nullptr, skipping pointcloud publish.
[component_container_mt-1] [WARN] [1785818216.836318698] [sensing.lidar.concatenate_data]: transformed_raw_points[/sensing/lidar/left/pointcloud_before_sync] is nullptr, skipping pointcloud publish.
[autoware_ndt_scan_matcher_node-24] [INFO] [1785818216.836780273] [localization.pose_estimator.ndt_scan_matcher]: Mismatch between pose timestamp and current timestamp
[component_container_mt-1] [WARN] [1785818216.936220092] [sensing.lidar.concatenate_data]: transformed_raw_points[/sensing/lidar/right/pointcloud_before_sync] is nullptr, skipping pointcloud publish.
[component_container_mt-1] [WARN] [1785818216.936258768] [sensing.lidar.concatenate_data]: transformed_raw_points[/sensing/lidar/left/pointcloud_before_sync] is nullptr, skipping pointcloud publish.
[autoware_ndt_scan_matcher_node-24] [INFO] [1785818216.936828177] [localization.pose_estimator.ndt_scan_matcher]: Mismatch between pose timestamp and current timestamp
[component_container-7] [INFO] [1785818216.986110764] [system.topic_state_monitor_mission_planning_route]: /planning/mission_planning/route has not received. Set ERROR in diagnostics.
[component_container_mt-1] [WARN] [1785818217.036344804] [sensing.lidar.concatenate_data]: transformed_raw_points[/sensing/lidar/right/pointcloud_before_sync] is nullptr, skipping pointcloud publish.
[component_container_mt-1] [WARN] [1785818217.036393820] [sensing.lidar.concatenate_data]: transformed_raw_points[/sensing/lidar/left/pointcloud_before_sync] is nullptr, skipping pointcloud publish.
[autoware_ndt_scan_matcher_node-24] [INFO] [1785818217.037003978] [localization.pose_estimator.ndt_scan_matcher]: Mismatch between pose timestamp and current timestamp
[component_container_mt-1] [WARN] [1785818217.136247093] [sensing.lidar.concatenate_data]: transformed_raw_points[/sensing/lidar/right/pointcloud_before_sync] is nullptr, skipping pointcloud publish.
[component_container_mt-1] [WARN] [1785818217.136321578] [sensing.lidar.concatenate_data]: transformed_raw_points[/sensing/lidar/left/pointcloud_before_sync] is nullptr, skipping pointcloud publish.
[autoware_ndt_scan_matcher_node-24] [INFO] [1785818217.136835506] [localization.pose_estimator.ndt_scan_matcher]: Mismatch between pose timestamp and current timestamp
[component_container_mt-1] [WARN] [1785818217.236419033] [sensing.lidar.concatenate_data]: transformed_raw_points[/sensing/lidar/right/pointcloud_before_sync] is nullptr, skipping pointcloud publish.
[component_container_mt-1] [WARN] [1785818217.236469758] [sensing.lidar.concatenate_data]: transformed_raw_points[/sensing/lidar/left/pointcloud_before_sync] is nullptr, skipping pointcloud publish.
[autoware_ndt_scan_matcher_node-24] [INFO] [1785818217.236974548] [localization.pose_estimator.ndt_scan_matcher]: Mismatch between pose timestamp and current timestamp
[autoware_mrm_handler_node-13] [INFO] [1785818217.286773279] [system.mrm_handler]: MRM State changed: NORMAL -> MRM_OPERATING
[autoware_mrm_handler_node-13] [WARN] [1785818217.286937418] [system.mrm_handler]: EMERGENCY_STOP is operated.
[component_container_mt-47] [WARN] [1785818217.336593338] [control.vehicle_cmd_gate]: Emergency!
[component_container_mt-1] [WARN] [1785818217.336763840] [sensing.lidar.concatenate_data]: transformed_raw_points[/sensing/lidar/right/pointcloud_before_sync] is nullptr, skipping pointcloud publish.
[component_container_mt-1] [WARN] [1785818217.336798670] [sensing.lidar.concatenate_data]: transformed_raw_points[/sensing/lidar/left/pointcloud_before_sync] is nullptr, skipping pointcloud publish.
[autoware_ndt_scan_matcher_node-24] [INFO] [1785818217.337300152] [localization.pose_estimator.ndt_scan_matcher]: Mismatch between pose timestamp and current timestamp
[autoware_mrm_handler_node-13] [INFO] [1785818217.386067150] [system.mrm_handler]: MRM State changed: MRM_OPERATING -> NORMAL
[autoware_mrm_handler_node-13] [WARN] [1785818217.386336795] [system.mrm_handler]: EMERGENCY_STOP is canceled.
[component_container_mt-1] [WARN] [1785818217.436086501] [sensing.lidar.concatenate_data]: transformed_raw_points[/sensing/lidar/right/pointcloud_before_sync] is nullptr, skipping pointcloud publish.
[component_container_mt-1] [WARN] [1785818217.436135710] [sensing.lidar.concatenate_data]: transformed_raw_points[/sensing/lidar/left/pointcloud_before_sync] is nullptr, skipping pointcloud publish.
[autoware_ndt_scan_matcher_node-24] [INFO] [1785818217.436890380] [localization.pose_estimator.ndt_scan_matcher]: Mismatch between pose timestamp and current timestamp
[component_container_mt-1] [WARN] [1785818217.536275774] [sensing.lidar.concatenate_data]: transformed_raw_points[/sensing/lidar/right/pointcloud_before_sync] is nullptr, skipping pointcloud publish.
[component_container_mt-1] [WARN] [1785818217.536323511] [sensing.lidar.concatenate_data]: transformed_raw_points[/sensing/lidar/left/pointcloud_before_sync] is nullptr, skipping pointcloud publish.
[autoware_ndt_scan_matcher_node-24] [INFO] [1785818217.536775115] [localization.pose_estimator.ndt_scan_matcher]: Mismatch between pose timestamp and current timestamp
[component_container_mt-1] [WARN] [1785818217.636256411] [sensing.lidar.concatenate_data]: transformed_raw_points[/sensing/lidar/right/pointcloud_before_sync] is nullptr, skipping pointcloud publish.
[component_container_mt-1] [WARN] [1785818217.636308343] [sensing.lidar.concatenate_data]: transformed_raw_points[/sensing/lidar/left/pointcloud_before_sync] is nullptr, skipping pointcloud publish.
[autoware_ndt_scan_matcher_node-24] [INFO] [1785818217.636955424] [localization.pose_estimator.ndt_scan_matcher]: Mismatch between pose timestamp and current timestamp
[component_container_mt-1] [WARN] [1785818217.736104223] [sensing.lidar.concatenate_data]: transformed_raw_points[/sensing/lidar/right/pointcloud_before_sync] is nullptr, skipping pointcloud publish.
[component_container_mt-1] [WARN] [1785818217.736155924] [sensing.lidar.concatenate_data]: transformed_raw_points[/sensing/lidar/left/pointcloud_before_sync] is nullptr, skipping pointcloud publish.
[autoware_ndt_scan_matcher_node-24] [INFO] [1785818217.736615304] [localization.pose_estimator.ndt_scan_matcher]: Mismatch between pose timestamp and current timestamp
[component_container_mt-1] [WARN] [1785818217.836557503] [sensing.lidar.concatenate_data]: transformed_raw_points[/sensing/lidar/right/pointcloud_before_sync] is nullptr, skipping pointcloud publish.
[component_container_mt-1] [WARN] [1785818217.836603383] [sensing.lidar.concatenate_data]: transformed_raw_points[/sensing/lidar/left/pointcloud_before_sync] is nullptr, skipping pointcloud publish.
[autoware_ndt_scan_matcher_node-24] [INFO] [1785818217.837170256] [localization.pose_estimator.ndt_scan_matcher]: Mismatch between pose timestamp and current timestamp
[component_container_mt-48] [INFO] [1785818217.886069045] [control.autonomous_emergency_braking]: [AEB] waiting for control predicted trajectory
[component_container_mt-1] [WARN] [1785818217.936231616] [sensing.lidar.concatenate_data]: transformed_raw_points[/sensing/lidar/right/pointcloud_before_sync] is nullptr, skipping pointcloud publish.
[component_container_mt-1] [WARN] [1785818217.936325458] [sensing.lidar.concatenate_data]: transformed_raw_points[/sensing/lidar/left/pointcloud_before_sync] is nullptr, skipping pointcloud publish.
[autoware_ndt_scan_matcher_node-24] [INFO] [1785818217.936989077] [localization.pose_estimator.ndt_scan_matcher]: Mismatch between pose timestamp and current timestamp
[component_container_mt-1] [WARN] [1785818218.036236131] [sensing.lidar.concatenate_data]: transformed_raw_points[/sensing/lidar/right/pointcloud_before_sync] is nullptr, skipping pointcloud publish.
[component_container_mt-1] [WARN] [1785818218.036288720] [sensing.lidar.concatenate_data]: transformed_raw_points[/sensing/lidar/left/pointcloud_before_sync] is nullptr, skipping pointcloud publish.
[autoware_ndt_scan_matcher_node-24] [INFO] [1785818218.036781800] [localization.pose_estimator.ndt_scan_matcher]: Mismatch between pose timestamp and current timestamp
[component_container_mt-1] [WARN] [1785818218.136175405] [sensing.lidar.concatenate_data]: transformed_raw_points[/sensing/lidar/right/pointcloud_before_sync] is nullptr, skipping pointcloud publish.
[component_container_mt-1] [WARN] [1785818218.136226630] [sensing.lidar.concatenate_data]: transformed_raw_points[/sensing/lidar/left/pointcloud_before_sync] is nullptr, skipping pointcloud publish.
[autoware_ndt_scan_matcher_node-24] [INFO] [1785818218.137542065] [localization.pose_estimator.ndt_scan_matcher]: Mismatch between pose timestamp and current timestamp
[component_container_mt-1] [WARN] [1785818218.236182545] [sensing.lidar.concatenate_data]: transformed_raw_points[/sensing/lidar/right/pointcloud_before_sync] is nullptr, skipping pointcloud publish.
[component_container_mt-1] [WARN] [1785818218.236237515] [sensing.lidar.concatenate_data]: transformed_raw_points[/sensing/lidar/left/pointcloud_before_sync] is nullptr, skipping pointcloud publish.
[autoware_ndt_scan_matcher_node-24] [INFO] [1785818218.236838741] [localization.pose_estimator.ndt_scan_matcher]: Mismatch between pose timestamp and current timestamp
[component_container-18] [WARN] [1785818218.243353118] [sensing.lidar.top.distortion_corrector_node]: IMU time_stamp is too late. Could not interpolate.
[autoware_mrm_handler_node-13] [INFO] [1785818218.286037541] [system.mrm_handler]: MRM State changed: NORMAL -> MRM_OPERATING
[logging_node-14] [WARN] [1785818218.286047857] [logging_diag_graph]: The target mode is not available for the following reasons:
[logging_node-14] - /autoware/modes/autonomous ERROR
[logging_node-14]     - /autoware/localization ERROR
[logging_node-14]         - /autoware/localization/state STALE
[logging_node-14]     - /autoware/planning ERROR
[logging_node-14]         - /autoware/planning/routing/state STALE
[logging_node-14]         - [anonymous group] ERROR
[logging_node-14]             - /autoware/planning/topic_rate_check/route ERROR
[logging_node-14]             - /autoware/planning/topic_rate_check/trajectory ERROR
[logging_node-14]     - /autoware/control ERROR
[logging_node-14]         - /autoware/control/topic_rate_check/trajectory_follower ERROR
[logging_node-14]         - /autoware/control/topic_rate_check/control_command WARN 
[logging_node-14]         - /autoware/control/performance_monitoring/lane_departure STALE
[logging_node-14]         - /autoware/control/performance_monitoring/control_state STALE
[logging_node-14]     - /adapi/mrm_request/delegate STALE
[logging_node-14] 
[autoware_mrm_handler_node-13] [WARN] [1785818218.287213037] [system.mrm_handler]: EMERGENCY_STOP is operated.
[component_container_mt-1] [WARN] [1785818218.336299477] [sensing.lidar.concatenate_data]: transformed_raw_points[/sensing/lidar/right/pointcloud_before_sync] is nullptr, skipping pointcloud publish.
[component_container_mt-1] [WARN] [1785818218.336343308] [sensing.lidar.concatenate_data]: transformed_raw_points[/sensing/lidar/left/pointcloud_before_sync] is nullptr, skipping pointcloud publish.
[component_container_mt-47] [WARN] [1785818218.336323717] [control.vehicle_cmd_gate]: Emergency!
[component_container_mt-48] [INFO] [1785818218.336502435] [control.control_validator]: waiting for /planning/trajectory
[autoware_ndt_scan_matcher_node-24] [INFO] [1785818218.337414997] [localization.pose_estimator.ndt_scan_matcher]: Mismatch between pose timestamp and current timestamp
[autoware_mrm_handler_node-13] [INFO] [1785818218.386643171] [system.mrm_handler]: MRM State changed: MRM_OPERATING -> NORMAL
[autoware_mrm_handler_node-13] [WARN] [1785818218.386816851] [system.mrm_handler]: EMERGENCY_STOP is canceled.
[component_container_mt-1] [WARN] [1785818218.436490278] [sensing.lidar.concatenate_data]: transformed_raw_points[/sensing/lidar/right/pointcloud_before_sync] is nullptr, skipping pointcloud publish.
[component_container_mt-1] [WARN] [1785818218.436537415] [sensing.lidar.concatenate_data]: transformed_raw_points[/sensing/lidar/left/pointcloud_before_sync] is nullptr, skipping pointcloud publish.
[autoware_ndt_scan_matcher_node-24] [INFO] [1785818218.437711875] [localization.pose_estimator.ndt_scan_matcher]: Mismatch between pose timestamp and current timestamp
[component_container_mt-1] [WARN] [1785818218.535885287] [sensing.lidar.concatenate_data]: transformed_raw_points[/sensing/lidar/right/pointcloud_before_sync] is nullptr, skipping pointcloud publish.
[component_container_mt-1] [WARN] [1785818218.535938735] [sensing.lidar.concatenate_data]: transformed_raw_points[/sensing/lidar/left/pointcloud_before_sync] is nullptr, skipping pointcloud publish.
[autoware_ndt_scan_matcher_node-24] [INFO] [1785818218.536526799] [localization.pose_estimator.ndt_scan_matcher]: Mismatch between pose timestamp and current timestamp
[component_container_mt-1] [WARN] [1785818218.636512406] [sensing.lidar.concatenate_data]: transformed_raw_points[/sensing/lidar/right/pointcloud_before_sync] is nullptr, skipping pointcloud publish.
[component_container_mt-1] [WARN] [1785818218.636553132] [sensing.lidar.concatenate_data]: transformed_raw_points[/sensing/lidar/left/pointcloud_before_sync] is nullptr, skipping pointcloud publish.
[autoware_ndt_scan_matcher_node-24] [INFO] [1785818218.637715239] [localization.pose_estimator.ndt_scan_matcher]: Mismatch between pose timestamp and current timestamp
[component_container_mt-1] [WARN] [1785818218.736047849] [sensing.lidar.concatenate_data]: transformed_raw_points[/sensing/lidar/right/pointcloud_before_sync] is nullptr, skipping pointcloud publish.
[component_container_mt-1] [WARN] [1785818218.736092476] [sensing.lidar.concatenate_data]: transformed_raw_points[/sensing/lidar/left/pointcloud_before_sync] is nullptr, skipping pointcloud publish.
[autoware_ndt_scan_matcher_node-24] [INFO] [1785818218.736669492] [localization.pose_estimator.ndt_scan_matcher]: Mismatch between pose timestamp and current timestamp
[component_container_mt-1] [WARN] [1785818218.835982641] [sensing.lidar.concatenate_data]: transformed_raw_points[/sensing/lidar/right/pointcloud_before_sync] is nullptr, skipping pointcloud publish.
[component_container_mt-1] [WARN] [1785818218.836033451] [sensing.lidar.concatenate_data]: transformed_raw_points[/sensing/lidar/left/pointcloud_before_sync] is nullptr, skipping pointcloud publish.
[autoware_ndt_scan_matcher_node-24] [INFO] [1785818218.836882667] [localization.pose_estimator.ndt_scan_matcher]: Mismatch between pose timestamp and current timestamp
[component_container_mt-1] [WARN] [1785818218.936104469] [sensing.lidar.concatenate_data]: transformed_raw_points[/sensing/lidar/right/pointcloud_before_sync] is nullptr, skipping pointcloud publish.
[component_container_mt-1] [WARN] [1785818218.936150145] [sensing.lidar.concatenate_data]: transformed_raw_points[/sensing/lidar/left/pointcloud_before_sync] is nullptr, skipping pointcloud publish.
[autoware_ndt_scan_matcher_node-24] [INFO] [1785818218.937445491] [localization.pose_estimator.ndt_scan_matcher]: Mismatch between pose timestamp and current timestamp
[component_container_mt-1] [WARN] [1785818219.036260726] [sensing.lidar.concatenate_data]: transformed_raw_points[/sensing/lidar/right/pointcloud_before_sync] is nullptr, skipping pointcloud publish.
[component_container_mt-1] [WARN] [1785818219.036305040] [sensing.lidar.concatenate_data]: transformed_raw_points[/sensing/lidar/left/pointcloud_before_sync] is nullptr, skipping pointcloud publish.
[autoware_ndt_scan_matcher_node-24] [INFO] [1785818219.036720657] [localization.pose_estimator.ndt_scan_matcher]: Mismatch between pose timestamp and current timestamp
[component_container-7] [WARN] [1785818219.086412277] [system.topic_state_monitor_control_command_control_cmd]: /control/command/control_cmd topic rate has dropped to the warning level. Set WARN in diagnostics.
[component_container_mt-1] [WARN] [1785818219.136229203] [sensing.lidar.concatenate_data]: transformed_raw_points[/sensing/lidar/right/pointcloud_before_sync] is nullptr, skipping pointcloud publish.
[component_container_mt-1] [WARN] [1785818219.136273589] [sensing.lidar.concatenate_data]: transformed_raw_points[/sensing/lidar/left/pointcloud_before_sync] is nullptr, skipping pointcloud publish.
[autoware_ndt_scan_matcher_node-24] [INFO] [1785818219.136918438] [localization.pose_estimator.ndt_scan_matcher]: Mismatch between pose timestamp and current timestamp
[autoware_scenario_selector_node-36] [INFO] [1785818219.186138449] [planning.scenario_planning.scenario_selector]: Waiting for route.
[component_container_mt-48] [INFO] [1785818219.186766753] [control.trajectory_follower.lane_departure_checker_node]: waiting for route msg...
[component_container_mt-1] [WARN] [1785818219.236102845] [sensing.lidar.concatenate_data]: transformed_raw_points[/sensing/lidar/right/pointcloud_before_sync] is nullptr, skipping pointcloud publish.
[component_container_mt-1] [WARN] [1785818219.236150780] [sensing.lidar.concatenate_data]: transformed_raw_points[/sensing/lidar/left/pointcloud_before_sync] is nullptr, skipping pointcloud publish.
[autoware_ndt_scan_matcher_node-24] [INFO] [1785818219.236976011] [localization.pose_estimator.ndt_scan_matcher]: Mismatch between pose timestamp and current timestamp
[autoware_mrm_handler_node-13] [INFO] [1785818219.286193657] [system.mrm_handler]: MRM State changed: NORMAL -> MRM_OPERATING
[autoware_mrm_handler_node-13] [WARN] [1785818219.287036378] [system.mrm_handler]: EMERGENCY_STOP is operated.
[component_container_mt-1] [WARN] [1785818219.335945682] [sensing.lidar.concatenate_data]: transformed_raw_points[/sensing/lidar/right/pointcloud_before_sync] is nullptr, skipping pointcloud publish.
[component_container_mt-1] [WARN] [1785818219.335991049] [sensing.lidar.concatenate_data]: transformed_raw_points[/sensing/lidar/left/pointcloud_before_sync] is nullptr, skipping pointcloud publish.
[component_container_mt-47] [WARN] [1785818219.336346721] [control.vehicle_cmd_gate]: Emergency!
[autoware_ndt_scan_matcher_node-24] [INFO] [1785818219.336608034] [localization.pose_estimator.ndt_scan_matcher]: Mismatch between pose timestamp and current timestamp
[autoware_mrm_handler_node-13] [INFO] [1785818219.386175442] [system.mrm_handler]: MRM State changed: MRM_OPERATING -> NORMAL
[autoware_mrm_handler_node-13] [WARN] [1785818219.386354203] [system.mrm_handler]: EMERGENCY_STOP is canceled.
[component_container_mt-1] [WARN] [1785818219.437199349] [sensing.lidar.concatenate_data]: transformed_raw_points[/sensing/lidar/right/pointcloud_before_sync] is nullptr, skipping pointcloud publish.
[component_container_mt-1] [WARN] [1785818219.437247734] [sensing.lidar.concatenate_data]: transformed_raw_points[/sensing/lidar/left/pointcloud_before_sync] is nullptr, skipping pointcloud publish.
[autoware_ndt_scan_matcher_node-24] [INFO] [1785818219.437983479] [localization.pose_estimator.ndt_scan_matcher]: Mismatch between pose timestamp and current timestamp
[component_container_mt-1] [WARN] [1785818219.536189862] [sensing.lidar.concatenate_data]: transformed_raw_points[/sensing/lidar/right/pointcloud_before_sync] is nullptr, skipping pointcloud publish.
[component_container_mt-1] [WARN] [1785818219.536238237] [sensing.lidar.concatenate_data]: transformed_raw_points[/sensing/lidar/left/pointcloud_before_sync] is nullptr, skipping pointcloud publish.
[autoware_ndt_scan_matcher_node-24] [INFO] [1785818219.536711499] [localization.pose_estimator.ndt_scan_matcher]: Mismatch between pose timestamp and current timestamp
[component_container_mt-1] [WARN] [1785818219.636071771] [sensing.lidar.concatenate_data]: transformed_raw_points[/sensing/lidar/right/pointcloud_before_sync] is nullptr, skipping pointcloud publish.
[component_container_mt-1] [WARN] [1785818219.636119091] [sensing.lidar.concatenate_data]: transformed_raw_points[/sensing/lidar/left/pointcloud_before_sync] is nullptr, skipping pointcloud publish.
[autoware_ndt_scan_matcher_node-24] [INFO] [1785818219.636773176] [localization.pose_estimator.ndt_scan_matcher]: Mismatch between pose timestamp and current timestamp
[component_container_mt-1] [WARN] [1785818219.736386709] [sensing.lidar.concatenate_data]: transformed_raw_points[/sensing/lidar/right/pointcloud_before_sync] is nullptr, skipping pointcloud publish.
[component_container_mt-1] [WARN] [1785818219.736433783] [sensing.lidar.concatenate_data]: transformed_raw_points[/sensing/lidar/left/pointcloud_before_sync] is nullptr, skipping pointcloud publish.
[autoware_ndt_scan_matcher_node-24] [INFO] [1785818219.737100975] [localization.pose_estimator.ndt_scan_matcher]: Mismatch between pose timestamp and current timestamp
[component_container_mt-1] [WARN] [1785818219.743638818] [localization.util.crop_box_filter_measurement_range]: Invalid PointCloud: row_step mismatch. Expected: 99296 (width 6206 * point_step 16), Got: 0. Frame: 'base_link', Stamp: 89.558998078 Please fill in the `cloud->row_step` field accordingly. This will be an ERROR starting in 2026 July
[component_container_mt-1] [WARN] [1785818219.836315682] [sensing.lidar.concatenate_data]: transformed_raw_points[/sensing/lidar/right/pointcloud_before_sync] is nullptr, skipping pointcloud publish.
[component_container_mt-1] [WARN] [1785818219.836367653] [sensing.lidar.concatenate_data]: transformed_raw_points[/sensing/lidar/left/pointcloud_before_sync] is nullptr, skipping pointcloud publish.
[autoware_ndt_scan_matcher_node-24] [INFO] [1785818219.836821091] [localization.pose_estimator.ndt_scan_matcher]: Mismatch between pose timestamp and current timestamp
[component_container_mt-1] [WARN] [1785818219.936215999] [sensing.lidar.concatenate_data]: transformed_raw_points[/sensing/lidar/right/pointcloud_before_sync] is nullptr, skipping pointcloud publish.
[component_container_mt-1] [WARN] [1785818219.936277445] [sensing.lidar.concatenate_data]: transformed_raw_points[/sensing/lidar/left/pointcloud_before_sync] is nullptr, skipping pointcloud publish.
[autoware_ndt_scan_matcher_node-24] [INFO] [1785818219.937069985] [localization.pose_estimator.ndt_scan_matcher]: Mismatch between pose timestamp and current timestamp
[component_container-7] [INFO] [1785818219.986254325] [system.topic_state_monitor_trajectory_follower_control_cmd]: /control/trajectory_follower/control_cmd has not received. Set ERROR in diagnostics.
[component_container_mt-1] [WARN] [1785818220.036288024] [sensing.lidar.concatenate_data]: transformed_raw_points[/sensing/lidar/right/pointcloud_before_sync] is nullptr, skipping pointcloud publish.
[component_container_mt-1] [WARN] [1785818220.036335311] [sensing.lidar.concatenate_data]: transformed_raw_points[/sensing/lidar/left/pointcloud_before_sync] is nullptr, skipping pointcloud publish.
[autoware_ndt_scan_matcher_node-24] [INFO] [1785818220.036798190] [localization.pose_estimator.ndt_scan_matcher]: Mismatch between pose timestamp and current timestamp
[component_container_mt-1] [WARN] [1785818220.136002917] [sensing.lidar.concatenate_data]: transformed_raw_points[/sensing/lidar/right/pointcloud_before_sync] is nullptr, skipping pointcloud publish.
[component_container_mt-1] [WARN] [1785818220.136049983] [sensing.lidar.concatenate_data]: transformed_raw_points[/sensing/lidar/left/pointcloud_before_sync] is nullptr, skipping pointcloud publish.
[autoware_ndt_scan_matcher_node-24] [INFO] [1785818220.136777573] [localization.pose_estimator.ndt_scan_matcher]: Mismatch between pose timestamp and current timestamp
[component_container_mt-1] [WARN] [1785818220.236316332] [sensing.lidar.concatenate_data]: transformed_raw_points[/sensing/lidar/right/pointcloud_before_sync] is nullptr, skipping pointcloud publish.
[component_container_mt-1] [WARN] [1785818220.236363786] [sensing.lidar.concatenate_data]: transformed_raw_points[/sensing/lidar/left/pointcloud_before_sync] is nullptr, skipping pointcloud publish.
[autoware_ndt_scan_matcher_node-24] [INFO] [1785818220.236836875] [localization.pose_estimator.ndt_scan_matcher]: Mismatch between pose timestamp and current timestamp
[autoware_mrm_handler_node-13] [INFO] [1785818220.286544505] [system.mrm_handler]: MRM State changed: NORMAL -> MRM_OPERATING
[autoware_mrm_handler_node-13] [WARN] [1785818220.286751655] [system.mrm_handler]: EMERGENCY_STOP is operated.
[component_container_mt-47] [INFO] [1785818220.287063187] [control.trajectory_follower.controller_node_exe]: Waiting for trajectory data
[component_container_mt-47] [INFO] [1785818220.287109277] [control.trajectory_follower.controller_node_exe]: Control is skipped since input data is not ready.
[component_container_mt-1] [WARN] [1785818220.335959238] [sensing.lidar.concatenate_data]: transformed_raw_points[/sensing/lidar/right/pointcloud_before_sync] is nullptr, skipping pointcloud publish.
[component_container_mt-1] [WARN] [1785818220.336007976] [sensing.lidar.concatenate_data]: transformed_raw_points[/sensing/lidar/left/pointcloud_before_sync] is nullptr, skipping pointcloud publish.
[component_container_mt-47] [WARN] [1785818220.336378805] [control.vehicle_cmd_gate]: Emergency!
[autoware_ndt_scan_matcher_node-24] [INFO] [1785818220.337031338] [localization.pose_estimator.ndt_scan_matcher]: Mismatch between pose timestamp and current timestamp
[autoware_mrm_handler_node-13] [INFO] [1785818220.386320520] [system.mrm_handler]: MRM State changed: MRM_OPERATING -> NORMAL
[autoware_mrm_handler_node-13] [WARN] [1785818220.387001370] [system.mrm_handler]: EMERGENCY_STOP is canceled.
[component_container_mt-1] [WARN] [1785818220.436195203] [sensing.lidar.concatenate_data]: transformed_raw_points[/sensing/lidar/right/pointcloud_before_sync] is nullptr, skipping pointcloud publish.
[component_container_mt-1] [WARN] [1785818220.436248172] [sensing.lidar.concatenate_data]: transformed_raw_points[/sensing/lidar/left/pointcloud_before_sync] is nullptr, skipping pointcloud publish.
[autoware_ndt_scan_matcher_node-24] [INFO] [1785818220.436781978] [localization.pose_estimator.ndt_scan_matcher]: Mismatch between pose timestamp and current timestamp
[component_container_mt-1] [WARN] [1785818220.536296336] [sensing.lidar.concatenate_data]: transformed_raw_points[/sensing/lidar/right/pointcloud_before_sync] is nullptr, skipping pointcloud publish.
[component_container_mt-1] [WARN] [1785818220.536345666] [sensing.lidar.concatenate_data]: transformed_raw_points[/sensing/lidar/left/pointcloud_before_sync] is nullptr, skipping pointcloud publish.
[autoware_ndt_scan_matcher_node-24] [INFO] [1785818220.538120164] [localization.pose_estimator.ndt_scan_matcher]: Mismatch between pose timestamp and current timestamp
[component_container_mt-1] [WARN] [1785818220.636060138] [sensing.lidar.concatenate_data]: transformed_raw_points[/sensing/lidar/right/pointcloud_before_sync] is nullptr, skipping pointcloud publish.
[component_container_mt-1] [WARN] [1785818220.636115248] [sensing.lidar.concatenate_data]: transformed_raw_points[/sensing/lidar/left/pointcloud_before_sync] is nullptr, skipping pointcloud publish.
[autoware_ndt_scan_matcher_node-24] [INFO] [1785818220.637309669] [localization.pose_estimator.ndt_scan_matcher]: Mismatch between pose timestamp and current timestamp
[component_container-18] [WARN] [1785818220.642417442] [sensing.lidar.top.crop_box_filter_self]: Invalid PointCloud: is_dense is false. The point cloud should be organized (dense) and contain only valid points. This will be an ERROR starting in 2026 JulyFrame: 'velodyne_top', Stamp: 90.458998091
[component_container_mt-1] [WARN] [1785818220.736168099] [sensing.lidar.concatenate_data]: transformed_raw_points[/sensing/lidar/right/pointcloud_before_sync] is nullptr, skipping pointcloud publish.
[component_container_mt-1] [WARN] [1785818220.736214975] [sensing.lidar.concatenate_data]: transformed_raw_points[/sensing/lidar/left/pointcloud_before_sync] is nullptr, skipping pointcloud publish.
[autoware_ndt_scan_matcher_node-24] [INFO] [1785818220.736688020] [localization.pose_estimator.ndt_scan_matcher]: Mismatch between pose timestamp and current timestamp
[component_container_mt-1] [WARN] [1785818220.836423098] [sensing.lidar.concatenate_data]: transformed_raw_points[/sensing/lidar/right/pointcloud_before_sync] is nullptr, skipping pointcloud publish.
[component_container_mt-1] [WARN] [1785818220.836466545] [sensing.lidar.concatenate_data]: transformed_raw_points[/sensing/lidar/left/pointcloud_before_sync] is nullptr, skipping pointcloud publish.
[autoware_ndt_scan_matcher_node-24] [INFO] [1785818220.836899501] [localization.pose_estimator.ndt_scan_matcher]: Mismatch between pose timestamp and current timestamp
[component_container_mt-1] [WARN] [1785818220.936257240] [sensing.lidar.concatenate_data]: transformed_raw_points[/sensing/lidar/right/pointcloud_before_sync] is nullptr, skipping pointcloud publish.
[component_container_mt-1] [WARN] [1785818220.936301972] [sensing.lidar.concatenate_data]: transformed_raw_points[/sensing/lidar/left/pointcloud_before_sync] is nullptr, skipping pointcloud publish.
[autoware_ndt_scan_matcher_node-24] [INFO] [1785818220.936900761] [localization.pose_estimator.ndt_scan_matcher]: Mismatch between pose timestamp and current timestamp
[component_container_mt-1] [WARN] [1785818221.036093161] [sensing.lidar.concatenate_data]: transformed_raw_points[/sensing/lidar/right/pointcloud_before_sync] is nullptr, skipping pointcloud publish.
[component_container_mt-1] [WARN] [1785818221.036190232] [sensing.lidar.concatenate_data]: transformed_raw_points[/sensing/lidar/left/pointcloud_before_sync] is nullptr, skipping pointcloud publish.
[autoware_ndt_scan_matcher_node-24] [INFO] [1785818221.036583590] [localization.pose_estimator.ndt_scan_matcher]: Mismatch between pose timestamp and current timestamp
[component_container_mt-1] [WARN] [1785818221.136323186] [sensing.lidar.concatenate_data]: transformed_raw_points[/sensing/lidar/right/pointcloud_before_sync] is nullptr, skipping pointcloud publish.
[component_container_mt-1] [WARN] [1785818221.136368752] [sensing.lidar.concatenate_data]: transformed_raw_points[/sensing/lidar/left/pointcloud_before_sync] is nullptr, skipping pointcloud publish.
[autoware_ndt_scan_matcher_node-24] [INFO] [1785818221.137040282] [localization.pose_estimator.ndt_scan_matcher]: Mismatch between pose timestamp and current timestamp
[component_container_mt-47] [INFO] [1785818221.186439535] [control.vehicle_cmd_gate]: The operation mode is changed, but the GearCommand is not received yet:
[component_container_mt-1] [WARN] [1785818221.236609388] [sensing.lidar.concatenate_data]: transformed_raw_points[/sensing/lidar/right/pointcloud_before_sync] is nullptr, skipping pointcloud publish.
[component_container_mt-1] [WARN] [1785818221.236657047] [sensing.lidar.concatenate_data]: transformed_raw_points[/sensing/lidar/left/pointcloud_before_sync] is nullptr, skipping pointcloud publish.
[autoware_ndt_scan_matcher_node-24] [INFO] [1785818221.237279729] [localization.pose_estimator.ndt_scan_matcher]: Mismatch between pose timestamp and current timestamp
[logging_node-14] [WARN] [1785818221.286217583] [logging_diag_graph]: The target mode is not available for the following reasons:
[logging_node-14] - /autoware/modes/autonomous ERROR
[logging_node-14]     - /autoware/localization ERROR
[logging_node-14]         - /autoware/localization/state STALE
[logging_node-14]     - /autoware/planning ERROR
[logging_node-14]         - /autoware/planning/routing/state STALE
[logging_node-14]         - [anonymous group] ERROR
[logging_node-14]             - /autoware/planning/topic_rate_check/route ERROR
[logging_node-14]             - /autoware/planning/topic_rate_check/trajectory ERROR
[logging_node-14]     - /autoware/control ERROR
[logging_node-14]         - /autoware/control/topic_rate_check/trajectory_follower ERROR
[logging_node-14]         - /autoware/control/topic_rate_check/control_command WARN 
[logging_node-14]         - /autoware/control/performance_monitoring/lane_departure STALE
[logging_node-14]         - /autoware/control/performance_monitoring/control_state STALE
[logging_node-14]     - /adapi/mrm_request/delegate STALE
[logging_node-14] 
[autoware_mrm_handler_node-13] [INFO] [1785818221.286335265] [system.mrm_handler]: MRM State changed: NORMAL -> MRM_OPERATING
[autoware_mrm_handler_node-13] [WARN] [1785818221.286849406] [system.mrm_handler]: EMERGENCY_STOP is operated.
[component_container_mt-40] [INFO] [1785818221.336383549] [planning.scenario_planning.lane_driving.behavior_planning.behavior_path_planner]: waiting for scenario_topic
[component_container_mt-1] [WARN] [1785818221.336632540] [sensing.lidar.concatenate_data]: transformed_raw_points[/sensing/lidar/right/pointcloud_before_sync] is nullptr, skipping pointcloud publish.
[component_container_mt-1] [WARN] [1785818221.336665283] [sensing.lidar.concatenate_data]: transformed_raw_points[/sensing/lidar/left/pointcloud_before_sync] is nullptr, skipping pointcloud publish.
[component_container_mt-47] [WARN] [1785818221.336712261] [control.vehicle_cmd_gate]: Emergency!
[autoware_ndt_scan_matcher_node-24] [INFO] [1785818221.337419492] [localization.pose_estimator.ndt_scan_matcher]: Mismatch between pose timestamp and current timestamp
[autoware_mrm_handler_node-13] [INFO] [1785818221.386241144] [system.mrm_handler]: MRM State changed: MRM_OPERATING -> NORMAL
[autoware_mrm_handler_node-13] [WARN] [1785818221.387034632] [system.mrm_handler]: EMERGENCY_STOP is canceled.
[component_container_mt-1] [WARN] [1785818221.436422064] [sensing.lidar.concatenate_data]: transformed_raw_points[/sensing/lidar/right/pointcloud_before_sync] is nullptr, skipping pointcloud publish.
[component_container_mt-1] [WARN] [1785818221.436469429] [sensing.lidar.concatenate_data]: transformed_raw_points[/sensing/lidar/left/pointcloud_before_sync] is nullptr, skipping pointcloud publish.
[autoware_ndt_scan_matcher_node-24] [INFO] [1785818221.436927738] [localization.pose_estimator.ndt_scan_matcher]: Mismatch between pose timestamp and current timestamp
[component_container_mt-1] [WARN] [1785818221.536139694] [sensing.lidar.concatenate_data]: transformed_raw_points[/sensing/lidar/right/pointcloud_before_sync] is nullptr, skipping pointcloud publish.
[component_container_mt-1] [WARN] [1785818221.536185025] [sensing.lidar.concatenate_data]: transformed_raw_points[/sensing/lidar/left/pointcloud_before_sync] is nullptr, skipping pointcloud publish.
[autoware_ndt_scan_matcher_node-24] [INFO] [1785818221.536633394] [localization.pose_estimator.ndt_scan_matcher]: Mismatch between pose timestamp and current timestamp
[component_container_mt-1] [WARN] [1785818221.636611889] [sensing.lidar.concatenate_data]: transformed_raw_points[/sensing/lidar/right/pointcloud_before_sync] is nullptr, skipping pointcloud publish.
[component_container_mt-1] [WARN] [1785818221.636657759] [sensing.lidar.concatenate_data]: transformed_raw_points[/sensing/lidar/left/pointcloud_before_sync] is nullptr, skipping pointcloud publish.
[autoware_ndt_scan_matcher_node-24] [INFO] [1785818221.637147742] [localization.pose_estimator.ndt_scan_matcher]: Mismatch between pose timestamp and current timestamp
[component_container_mt-1] [WARN] [1785818221.736121859] [sensing.lidar.concatenate_data]: transformed_raw_points[/sensing/lidar/right/pointcloud_before_sync] is nullptr, skipping pointcloud publish.
[component_container_mt-1] [WARN] [1785818221.736181409] [sensing.lidar.concatenate_data]: transformed_raw_points[/sensing/lidar/left/pointcloud_before_sync] is nullptr, skipping pointcloud publish.
[autoware_ndt_scan_matcher_node-24] [INFO] [1785818221.736731434] [localization.pose_estimator.ndt_scan_matcher]: Mismatch between pose timestamp and current timestamp
[component_container_mt-1] [WARN] [1785818221.836238034] [sensing.lidar.concatenate_data]: transformed_raw_points[/sensing/lidar/right/pointcloud_before_sync] is nullptr, skipping pointcloud publish.
[component_container_mt-1] [WARN] [1785818221.836285328] [sensing.lidar.concatenate_data]: transformed_raw_points[/sensing/lidar/left/pointcloud_before_sync] is nullptr, skipping pointcloud publish.
[autoware_ndt_scan_matcher_node-24] [INFO] [1785818221.836882312] [localization.pose_estimator.ndt_scan_matcher]: Mismatch between pose timestamp and current timestamp
[component_container_mt-1] [WARN] [1785818221.936334838] [sensing.lidar.concatenate_data]: transformed_raw_points[/sensing/lidar/right/pointcloud_before_sync] is nullptr, skipping pointcloud publish.
[component_container_mt-1] [WARN] [1785818221.936380926] [sensing.lidar.concatenate_data]: transformed_raw_points[/sensing/lidar/left/pointcloud_before_sync] is nullptr, skipping pointcloud publish.
[autoware_ndt_scan_matcher_node-24] [INFO] [1785818221.936866455] [localization.pose_estimator.ndt_scan_matcher]: Mismatch between pose timestamp and current timestamp
[component_container_mt-1] [WARN] [1785818222.036415608] [sensing.lidar.concatenate_data]: transformed_raw_points[/sensing/lidar/right/pointcloud_before_sync] is nullptr, skipping pointcloud publish.
[component_container_mt-1] [WARN] [1785818222.036465142] [sensing.lidar.concatenate_data]: transformed_raw_points[/sensing/lidar/left/pointcloud_before_sync] is nullptr, skipping pointcloud publish.
[autoware_ndt_scan_matcher_node-24] [INFO] [1785818222.037252335] [localization.pose_estimator.ndt_scan_matcher]: Mismatch between pose timestamp and current timestamp
[component_container-7] [WARN] [1785818222.087002579] [system.topic_state_monitor_control_command_control_cmd]: /control/command/control_cmd topic rate has dropped to the warning level. Set WARN in diagnostics.
[component_container_mt-1] [WARN] [1785818222.136520454] [sensing.lidar.concatenate_data]: transformed_raw_points[/sensing/lidar/right/pointcloud_before_sync] is nullptr, skipping pointcloud publish.
[component_container_mt-1] [WARN] [1785818222.136570521] [sensing.lidar.concatenate_data]: transformed_raw_points[/sensing/lidar/left/pointcloud_before_sync] is nullptr, skipping pointcloud publish.
[autoware_ndt_scan_matcher_node-24] [INFO] [1785818222.137242147] [localization.pose_estimator.ndt_scan_matcher]: Mismatch between pose timestamp and current timestamp
[component_container_mt-1] [WARN] [1785818222.236537911] [sensing.lidar.concatenate_data]: transformed_raw_points[/sensing/lidar/right/pointcloud_before_sync] is nullptr, skipping pointcloud publish.
[component_container_mt-1] [WARN] [1785818222.236586335] [sensing.lidar.concatenate_data]: transformed_raw_points[/sensing/lidar/left/pointcloud_before_sync] is nullptr, skipping pointcloud publish.
[autoware_ndt_scan_matcher_node-24] [INFO] [1785818222.237280364] [localization.pose_estimator.ndt_scan_matcher]: Mismatch between pose timestamp and current timestamp
[autoware_mrm_handler_node-13] [INFO] [1785818222.285939863] [system.mrm_handler]: MRM State changed: NORMAL -> MRM_OPERATING
[autoware_mrm_handler_node-13] [WARN] [1785818222.286473467] [system.mrm_handler]: EMERGENCY_STOP is operated.
[component_container_mt-1] [WARN] [1785818222.335957721] [sensing.lidar.concatenate_data]: transformed_raw_points[/sensing/lidar/right/pointcloud_before_sync] is nullptr, skipping pointcloud publish.
[component_container_mt-1] [WARN] [1785818222.336004713] [sensing.lidar.concatenate_data]: transformed_raw_points[/sensing/lidar/left/pointcloud_before_sync] is nullptr, skipping pointcloud publish.
[autoware_ndt_scan_matcher_node-24] [INFO] [1785818222.336456139] [localization.pose_estimator.ndt_scan_matcher]: Mismatch between pose timestamp and current timestamp
[autoware_mrm_handler_node-13] [INFO] [1785818222.385912756] [system.mrm_handler]: MRM State changed: MRM_OPERATING -> NORMAL
[autoware_mrm_handler_node-13] [WARN] [1785818222.386623936] [system.mrm_handler]: EMERGENCY_STOP is canceled.
[component_container_mt-47] [WARN] [1785818222.386635701] [control.vehicle_cmd_gate]: Emergency!
[component_container_mt-1] [WARN] [1785818222.436174898] [sensing.lidar.concatenate_data]: transformed_raw_points[/sensing/lidar/right/pointcloud_before_sync] is nullptr, skipping pointcloud publish.
[component_container_mt-1] [WARN] [1785818222.436226014] [sensing.lidar.concatenate_data]: transformed_raw_points[/sensing/lidar/left/pointcloud_before_sync] is nullptr, skipping pointcloud publish.
[autoware_ndt_scan_matcher_node-24] [INFO] [1785818222.436731581] [localization.pose_estimator.ndt_scan_matcher]: Mismatch between pose timestamp and current timestamp
[component_container_mt-1] [WARN] [1785818222.536565028] [sensing.lidar.concatenate_data]: transformed_raw_points[/sensing/lidar/right/pointcloud_before_sync] is nullptr, skipping pointcloud publish.
[component_container_mt-1] [WARN] [1785818222.536609236] [sensing.lidar.concatenate_data]: transformed_raw_points[/sensing/lidar/left/pointcloud_before_sync] is nullptr, skipping pointcloud publish.
[autoware_ndt_scan_matcher_node-24] [INFO] [1785818222.537422248] [localization.pose_estimator.ndt_scan_matcher]: Mismatch between pose timestamp and current timestamp
[component_container_mt-1] [WARN] [1785818222.636407519] [sensing.lidar.concatenate_data]: transformed_raw_points[/sensing/lidar/right/pointcloud_before_sync] is nullptr, skipping pointcloud publish.
[component_container_mt-1] [WARN] [1785818222.636457466] [sensing.lidar.concatenate_data]: transformed_raw_points[/sensing/lidar/left/pointcloud_before_sync] is nullptr, skipping pointcloud publish.
[autoware_ndt_scan_matcher_node-24] [INFO] [1785818222.637099134] [localization.pose_estimator.ndt_scan_matcher]: Mismatch between pose timestamp and current timestamp
[component_container_mt-1] [WARN] [1785818222.736146717] [sensing.lidar.concatenate_data]: transformed_raw_points[/sensing/lidar/right/pointcloud_before_sync] is nullptr, skipping pointcloud publish.
[component_container_mt-1] [WARN] [1785818222.736194163] [sensing.lidar.concatenate_data]: transformed_raw_points[/sensing/lidar/left/pointcloud_before_sync] is nullptr, skipping pointcloud publish.
[autoware_ndt_scan_matcher_node-24] [INFO] [1785818222.737369099] [localization.pose_estimator.ndt_scan_matcher]: Mismatch between pose timestamp and current timestamp
[component_container_mt-1] [WARN] [1785818222.836295469] [sensing.lidar.concatenate_data]: transformed_raw_points[/sensing/lidar/right/pointcloud_before_sync] is nullptr, skipping pointcloud publish.
[component_container_mt-1] [WARN] [1785818222.836344747] [sensing.lidar.concatenate_data]: transformed_raw_points[/sensing/lidar/left/pointcloud_before_sync] is nullptr, skipping pointcloud publish.
[autoware_ndt_scan_matcher_node-24] [INFO] [1785818222.836975764] [localization.pose_estimator.ndt_scan_matcher]: Mismatch between pose timestamp and current timestamp
[component_container_mt-48] [INFO] [1785818222.886233175] [control.autonomous_emergency_braking]: [AEB] waiting for control predicted trajectory
[component_container_mt-1] [WARN] [1785818222.936362575] [sensing.lidar.concatenate_data]: transformed_raw_points[/sensing/lidar/right/pointcloud_before_sync] is nullptr, skipping pointcloud publish.
[component_container_mt-1] [WARN] [1785818222.936406283] [sensing.lidar.concatenate_data]: transformed_raw_points[/sensing/lidar/left/pointcloud_before_sync] is nullptr, skipping pointcloud publish.
[autoware_ndt_scan_matcher_node-24] [INFO] [1785818222.936954231] [localization.pose_estimator.ndt_scan_matcher]: Mismatch between pose timestamp and current timestamp
[component_container-7] [INFO] [1785818222.986266978] [system.topic_state_monitor_mission_planning_route]: /planning/mission_planning/route has not received. Set ERROR in diagnostics.
[component_container_mt-1] [WARN] [1785818223.036101927] [sensing.lidar.concatenate_data]: transformed_raw_points[/sensing/lidar/right/pointcloud_before_sync] is nullptr, skipping pointcloud publish.
[component_container_mt-1] [WARN] [1785818223.036162661] [sensing.lidar.concatenate_data]: transformed_raw_points[/sensing/lidar/left/pointcloud_before_sync] is nullptr, skipping pointcloud publish.
[autoware_ndt_scan_matcher_node-24] [INFO] [1785818223.036603069] [localization.pose_estimator.ndt_scan_matcher]: Mismatch between pose timestamp and current timestamp
[component_container_mt-1] [WARN] [1785818223.135941763] [sensing.lidar.concatenate_data]: transformed_raw_points[/sensing/lidar/right/pointcloud_before_sync] is nullptr, skipping pointcloud publish.
[component_container_mt-1] [WARN] [1785818223.136533440] [sensing.lidar.concatenate_data]: transformed_raw_points[/sensing/lidar/left/pointcloud_before_sync] is nullptr, skipping pointcloud publish.
[autoware_ndt_scan_matcher_node-24] [INFO] [1785818223.136611467] [localization.pose_estimator.ndt_scan_matcher]: Mismatch between pose timestamp and current timestamp
[component_container_mt-1] [WARN] [1785818223.236099903] [sensing.lidar.concatenate_data]: transformed_raw_points[/sensing/lidar/right/pointcloud_before_sync] is nullptr, skipping pointcloud publish.
[component_container_mt-1] [WARN] [1785818223.236151137] [sensing.lidar.concatenate_data]: transformed_raw_points[/sensing/lidar/left/pointcloud_before_sync] is nullptr, skipping pointcloud publish.
[autoware_ndt_scan_matcher_node-24] [INFO] [1785818223.236776618] [localization.pose_estimator.ndt_scan_matcher]: Mismatch between pose timestamp and current timestamp
[autoware_mrm_handler_node-13] [INFO] [1785818223.286570455] [system.mrm_handler]: MRM State changed: NORMAL -> MRM_OPERATING
[autoware_mrm_handler_node-13] [WARN] [1785818223.286958458] [system.mrm_handler]: EMERGENCY_STOP is operated.
[component_container_mt-1] [WARN] [1785818223.336141009] [sensing.lidar.concatenate_data]: transformed_raw_points[/sensing/lidar/right/pointcloud_before_sync] is nullptr, skipping pointcloud publish.
[component_container_mt-1] [WARN] [1785818223.336192753] [sensing.lidar.concatenate_data]: transformed_raw_points[/sensing/lidar/left/pointcloud_before_sync] is nullptr, skipping pointcloud publish.
[component_container_mt-48] [INFO] [1785818223.336748054] [control.control_validator]: waiting for /planning/trajectory
[autoware_ndt_scan_matcher_node-24] [INFO] [1785818223.336762635] [localization.pose_estimator.ndt_scan_matcher]: Mismatch between pose timestamp and current timestamp
[autoware_mrm_handler_node-13] [INFO] [1785818223.386706998] [system.mrm_handler]: MRM State changed: MRM_OPERATING -> NORMAL
[component_container_mt-47] [WARN] [1785818223.387257990] [control.vehicle_cmd_gate]: Emergency!
[autoware_mrm_handler_node-13] [WARN] [1785818223.387277852] [system.mrm_handler]: EMERGENCY_STOP is canceled.
[component_container_mt-1] [WARN] [1785818223.436402732] [sensing.lidar.concatenate_data]: transformed_raw_points[/sensing/lidar/right/pointcloud_before_sync] is nullptr, skipping pointcloud publish.
[component_container_mt-1] [WARN] [1785818223.436442593] [sensing.lidar.concatenate_data]: transformed_raw_points[/sensing/lidar/left/pointcloud_before_sync] is nullptr, skipping pointcloud publish.
[autoware_ndt_scan_matcher_node-24] [INFO] [1785818223.437020208] [localization.pose_estimator.ndt_scan_matcher]: Mismatch between pose timestamp and current timestamp
[component_container_mt-1] [WARN] [1785818223.536726578] [sensing.lidar.concatenate_data]: transformed_raw_points[/sensing/lidar/right/pointcloud_before_sync] is nullptr, skipping pointcloud publish.
[component_container_mt-1] [WARN] [1785818223.536767509] [sensing.lidar.concatenate_data]: transformed_raw_points[/sensing/lidar/left/pointcloud_before_sync] is nullptr, skipping pointcloud publish.
[autoware_ndt_scan_matcher_node-24] [INFO] [1785818223.537769762] [localization.pose_estimator.ndt_scan_matcher]: Mismatch between pose timestamp and current timestamp
[component_container_mt-1] [WARN] [1785818223.636282733] [sensing.lidar.concatenate_data]: transformed_raw_points[/sensing/lidar/right/pointcloud_before_sync] is nullptr, skipping pointcloud publish.
[component_container_mt-1] [WARN] [1785818223.636339035] [sensing.lidar.concatenate_data]: transformed_raw_points[/sensing/lidar/left/pointcloud_before_sync] is nullptr, skipping pointcloud publish.
[autoware_ndt_scan_matcher_node-24] [INFO] [1785818223.637035952] [localization.pose_estimator.ndt_scan_matcher]: Mismatch between pose timestamp and current timestamp
[component_container_mt-1] [WARN] [1785818223.736071134] [sensing.lidar.concatenate_data]: transformed_raw_points[/sensing/lidar/right/pointcloud_before_sync] is nullptr, skipping pointcloud publish.
[component_container_mt-1] [WARN] [1785818223.736115854] [sensing.lidar.concatenate_data]: transformed_raw_points[/sensing/lidar/left/pointcloud_before_sync] is nullptr, skipping pointcloud publish.
[autoware_ndt_scan_matcher_node-24] [INFO] [1785818223.736569451] [localization.pose_estimator.ndt_scan_matcher]: Mismatch between pose timestamp and current timestamp
[component_container_mt-1] [WARN] [1785818223.836391673] [sensing.lidar.concatenate_data]: transformed_raw_points[/sensing/lidar/right/pointcloud_before_sync] is nullptr, skipping pointcloud publish.
[component_container_mt-1] [WARN] [1785818223.836435052] [sensing.lidar.concatenate_data]: transformed_raw_points[/sensing/lidar/left/pointcloud_before_sync] is nullptr, skipping pointcloud publish.
[autoware_ndt_scan_matcher_node-24] [INFO] [1785818223.836885275] [localization.pose_estimator.ndt_scan_matcher]: Mismatch between pose timestamp and current timestamp
[component_container_mt-1] [WARN] [1785818223.936354836] [sensing.lidar.concatenate_data]: transformed_raw_points[/sensing/lidar/right/pointcloud_before_sync] is nullptr, skipping pointcloud publish.
[component_container_mt-1] [WARN] [1785818223.936394995] [sensing.lidar.concatenate_data]: transformed_raw_points[/sensing/lidar/left/pointcloud_before_sync] is nullptr, skipping pointcloud publish.
[autoware_ndt_scan_matcher_node-24] [INFO] [1785818223.936930599] [localization.pose_estimator.ndt_scan_matcher]: Mismatch between pose timestamp and current timestamp
[component_container_mt-1] [WARN] [1785818224.036290391] [sensing.lidar.concatenate_data]: transformed_raw_points[/sensing/lidar/right/pointcloud_before_sync] is nullptr, skipping pointcloud publish.
[component_container_mt-1] [WARN] [1785818224.036335822] [sensing.lidar.concatenate_data]: transformed_raw_points[/sensing/lidar/left/pointcloud_before_sync] is nullptr, skipping pointcloud publish.
[autoware_ndt_scan_matcher_node-24] [INFO] [1785818224.036779297] [localization.pose_estimator.ndt_scan_matcher]: Mismatch between pose timestamp and current timestamp
[component_container_mt-1] [WARN] [1785818224.136722019] [sensing.lidar.concatenate_data]: transformed_raw_points[/sensing/lidar/right/pointcloud_before_sync] is nullptr, skipping pointcloud publish.
[component_container_mt-1] [WARN] [1785818224.136763796] [sensing.lidar.concatenate_data]: transformed_raw_points[/sensing/lidar/left/pointcloud_before_sync] is nullptr, skipping pointcloud publish.
[autoware_ndt_scan_matcher_node-24] [INFO] [1785818224.137437970] [localization.pose_estimator.ndt_scan_matcher]: Mismatch between pose timestamp and current timestamp
[autoware_scenario_selector_node-36] [INFO] [1785818224.186805736] [planning.scenario_planning.scenario_selector]: Waiting for route.
[component_container_mt-48] [INFO] [1785818224.186811564] [control.trajectory_follower.lane_departure_checker_node]: waiting for route msg...
[component_container_mt-1] [WARN] [1785818224.236430309] [sensing.lidar.concatenate_data]: transformed_raw_points[/sensing/lidar/right/pointcloud_before_sync] is nullptr, skipping pointcloud publish.
[component_container_mt-1] [WARN] [1785818224.236477751] [sensing.lidar.concatenate_data]: transformed_raw_points[/sensing/lidar/left/pointcloud_before_sync] is nullptr, skipping pointcloud publish.
[autoware_ndt_scan_matcher_node-24] [INFO] [1785818224.236960423] [localization.pose_estimator.ndt_scan_matcher]: Mismatch between pose timestamp and current timestamp
[autoware_mrm_handler_node-13] [INFO] [1785818224.285977007] [system.mrm_handler]: MRM State changed: NORMAL -> MRM_OPERATING
[autoware_mrm_handler_node-13] [WARN] [1785818224.286364006] [system.mrm_handler]: EMERGENCY_STOP is operated.
[logging_node-14] [WARN] [1785818224.286461044] [logging_diag_graph]: The target mode is not available for the following reasons:
[logging_node-14] - /autoware/modes/autonomous ERROR
[logging_node-14]     - /autoware/localization ERROR
[logging_node-14]         - /autoware/localization/state STALE
[logging_node-14]     - /autoware/planning ERROR
[logging_node-14]         - /autoware/planning/routing/state STALE
[logging_node-14]         - [anonymous group] ERROR
[logging_node-14]             - /autoware/planning/topic_rate_check/route ERROR
[logging_node-14]             - /autoware/planning/topic_rate_check/trajectory ERROR
[logging_node-14]     - /autoware/control ERROR
[logging_node-14]         - /autoware/control/topic_rate_check/trajectory_follower ERROR
[logging_node-14]         - /autoware/control/topic_rate_check/control_command WARN 
[logging_node-14]         - /autoware/control/performance_monitoring/lane_departure STALE
[logging_node-14]         - /autoware/control/performance_monitoring/control_state STALE
[logging_node-14]     - /adapi/mrm_request/delegate STALE
[logging_node-14] 
[component_container_mt-1] [WARN] [1785818224.336598613] [sensing.lidar.concatenate_data]: transformed_raw_points[/sensing/lidar/right/pointcloud_before_sync] is nullptr, skipping pointcloud publish.
[component_container_mt-1] [WARN] [1785818224.336643137] [sensing.lidar.concatenate_data]: transformed_raw_points[/sensing/lidar/left/pointcloud_before_sync] is nullptr, skipping pointcloud publish.
[autoware_ndt_scan_matcher_node-24] [INFO] [1785818224.337111580] [localization.pose_estimator.ndt_scan_matcher]: Mismatch between pose timestamp and current timestamp
[autoware_mrm_handler_node-13] [INFO] [1785818224.386353117] [system.mrm_handler]: MRM State changed: MRM_OPERATING -> NORMAL
[autoware_mrm_handler_node-13] [WARN] [1785818224.386560291] [system.mrm_handler]: EMERGENCY_STOP is canceled.
[component_container_mt-1] [WARN] [1785818224.436074929] [sensing.lidar.concatenate_data]: transformed_raw_points[/sensing/lidar/right/pointcloud_before_sync] is nullptr, skipping pointcloud publish.
[component_container_mt-1] [WARN] [1785818224.436121984] [sensing.lidar.concatenate_data]: transformed_raw_points[/sensing/lidar/left/pointcloud_before_sync] is nullptr, skipping pointcloud publish.
[autoware_ndt_scan_matcher_node-24] [INFO] [1785818224.436957500] [localization.pose_estimator.ndt_scan_matcher]: Mismatch between pose timestamp and current timestamp
[component_container_mt-1] [WARN] [1785818224.536188165] [sensing.lidar.concatenate_data]: transformed_raw_points[/sensing/lidar/right/pointcloud_before_sync] is nullptr, skipping pointcloud publish.
[component_container_mt-1] [WARN] [1785818224.536236449] [sensing.lidar.concatenate_data]: transformed_raw_points[/sensing/lidar/left/pointcloud_before_sync] is nullptr, skipping pointcloud publish.
[autoware_ndt_scan_matcher_node-24] [INFO] [1785818224.536818356] [localization.pose_estimator.ndt_scan_matcher]: Mismatch between pose timestamp and current timestamp
[component_container_mt-1] [WARN] [1785818224.636059501] [sensing.lidar.concatenate_data]: transformed_raw_points[/sensing/lidar/right/pointcloud_before_sync] is nullptr, skipping pointcloud publish.
[component_container_mt-1] [WARN] [1785818224.636132599] [sensing.lidar.concatenate_data]: transformed_raw_points[/sensing/lidar/left/pointcloud_before_sync] is nullptr, skipping pointcloud publish.
[autoware_ndt_scan_matcher_node-24] [INFO] [1785818224.636627867] [localization.pose_estimator.ndt_scan_matcher]: Mismatch between pose timestamp and current timestamp
[component_container_mt-1] [WARN] [1785818224.736073017] [sensing.lidar.concatenate_data]: transformed_raw_points[/sensing/lidar/right/pointcloud_before_sync] is nullptr, skipping pointcloud publish.
[component_container_mt-1] [WARN] [1785818224.736117859] [sensing.lidar.concatenate_data]: transformed_raw_points[/sensing/lidar/left/pointcloud_before_sync] is nullptr, skipping pointcloud publish.
[autoware_ndt_scan_matcher_node-24] [INFO] [1785818224.736550764] [localization.pose_estimator.ndt_scan_matcher]: Mismatch between pose timestamp and current timestamp
[component_container_mt-1] [WARN] [1785818224.744073745] [localization.util.crop_box_filter_measurement_range]: Invalid PointCloud: row_step mismatch. Expected: 99696 (width 6231 * point_step 16), Got: 0. Frame: 'base_link', Stamp: 94.558998152 Please fill in the `cloud->row_step` field accordingly. This will be an ERROR starting in 2026 July
[component_container_mt-1] [WARN] [1785818224.836324718] [sensing.lidar.concatenate_data]: transformed_raw_points[/sensing/lidar/right/pointcloud_before_sync] is nullptr, skipping pointcloud publish.
[component_container_mt-1] [WARN] [1785818224.836372423] [sensing.lidar.concatenate_data]: transformed_raw_points[/sensing/lidar/left/pointcloud_before_sync] is nullptr, skipping pointcloud publish.
[autoware_ndt_scan_matcher_node-24] [INFO] [1785818224.836974396] [localization.pose_estimator.ndt_scan_matcher]: Mismatch between pose timestamp and current timestamp
[component_container_mt-1] [WARN] [1785818224.936047473] [sensing.lidar.concatenate_data]: transformed_raw_points[/sensing/lidar/right/pointcloud_before_sync] is nullptr, skipping pointcloud publish.
[component_container_mt-1] [WARN] [1785818224.936089114] [sensing.lidar.concatenate_data]: transformed_raw_points[/sensing/lidar/left/pointcloud_before_sync] is nullptr, skipping pointcloud publish.
[autoware_ndt_scan_matcher_node-24] [INFO] [1785818224.936688446] [localization.pose_estimator.ndt_scan_matcher]: Mismatch between pose timestamp and current timestamp
[component_container_mt-1] [WARN] [1785818225.036572757] [sensing.lidar.concatenate_data]: transformed_raw_points[/sensing/lidar/right/pointcloud_before_sync] is nullptr, skipping pointcloud publish.
[component_container_mt-1] [WARN] [1785818225.036618735] [sensing.lidar.concatenate_data]: transformed_raw_points[/sensing/lidar/left/pointcloud_before_sync] is nullptr, skipping pointcloud publish.
[autoware_ndt_scan_matcher_node-24] [INFO] [1785818225.037060768] [localization.pose_estimator.ndt_scan_matcher]: Mismatch between pose timestamp and current timestamp
[component_container-7] [WARN] [1785818225.086549857] [system.topic_state_monitor_control_command_control_cmd]: /control/command/control_cmd topic rate has dropped to the warning level. Set WARN in diagnostics.
[component_container_mt-1] [WARN] [1785818225.136347570] [sensing.lidar.concatenate_data]: transformed_raw_points[/sensing/lidar/right/pointcloud_before_sync] is nullptr, skipping pointcloud publish.
[component_container_mt-1] [WARN] [1785818225.136391816] [sensing.lidar.concatenate_data]: transformed_raw_points[/sensing/lidar/left/pointcloud_before_sync] is nullptr, skipping pointcloud publish.
[autoware_ndt_scan_matcher_node-24] [INFO] [1785818225.136850309] [localization.pose_estimator.ndt_scan_matcher]: Mismatch between pose timestamp and current timestamp
[component_container_mt-1] [WARN] [1785818225.236251659] [sensing.lidar.concatenate_data]: transformed_raw_points[/sensing/lidar/right/pointcloud_before_sync] is nullptr, skipping pointcloud publish.
[component_container_mt-1] [WARN] [1785818225.236302245] [sensing.lidar.concatenate_data]: transformed_raw_points[/sensing/lidar/left/pointcloud_before_sync] is nullptr, skipping pointcloud publish.
[autoware_ndt_scan_matcher_node-24] [INFO] [1785818225.236871818] [localization.pose_estimator.ndt_scan_matcher]: Mismatch between pose timestamp and current timestamp
[component_container_mt-47] [INFO] [1785818225.285778141] [control.trajectory_follower.controller_node_exe]: Waiting for trajectory data
[component_container_mt-47] [INFO] [1785818225.285841897] [control.trajectory_follower.controller_node_exe]: Control is skipped since input data is not ready.
[autoware_mrm_handler_node-13] [INFO] [1785818225.285814254] [system.mrm_handler]: MRM State changed: NORMAL -> MRM_OPERATING
[autoware_mrm_handler_node-13] [WARN] [1785818225.286543807] [system.mrm_handler]: EMERGENCY_STOP is operated.
[component_container_mt-47] [WARN] [1785818225.287198714] [control.vehicle_cmd_gate]: Emergency!
[component_container_mt-1] [WARN] [1785818225.336059781] [sensing.lidar.concatenate_data]: transformed_raw_points[/sensing/lidar/right/pointcloud_before_sync] is nullptr, skipping pointcloud publish.
[component_container_mt-1] [WARN] [1785818225.336112321] [sensing.lidar.concatenate_data]: transformed_raw_points[/sensing/lidar/left/pointcloud_before_sync] is nullptr, skipping pointcloud publish.
[autoware_ndt_scan_matcher_node-24] [INFO] [1785818225.336969633] [localization.pose_estimator.ndt_scan_matcher]: Mismatch between pose timestamp and current timestamp
[autoware_mrm_handler_node-13] [INFO] [1785818225.386169592] [system.mrm_handler]: MRM State changed: MRM_OPERATING -> NORMAL
[autoware_mrm_handler_node-13] [WARN] [1785818225.386430491] [system.mrm_handler]: EMERGENCY_STOP is canceled.
[component_container_mt-1] [WARN] [1785818225.435951041] [sensing.lidar.concatenate_data]: transformed_raw_points[/sensing/lidar/right/pointcloud_before_sync] is nullptr, skipping pointcloud publish.
[component_container_mt-1] [WARN] [1785818225.436006961] [sensing.lidar.concatenate_data]: transformed_raw_points[/sensing/lidar/left/pointcloud_before_sync] is nullptr, skipping pointcloud publish.
[autoware_ndt_scan_matcher_node-24] [INFO] [1785818225.436726050] [localization.pose_estimator.ndt_scan_matcher]: Mismatch between pose timestamp and current timestamp
[component_container_mt-1] [WARN] [1785818225.535940039] [sensing.lidar.concatenate_data]: transformed_raw_points[/sensing/lidar/right/pointcloud_before_sync] is nullptr, skipping pointcloud publish.
[component_container_mt-1] [WARN] [1785818225.535986503] [sensing.lidar.concatenate_data]: transformed_raw_points[/sensing/lidar/left/pointcloud_before_sync] is nullptr, skipping pointcloud publish.
[autoware_ndt_scan_matcher_node-24] [INFO] [1785818225.536446499] [localization.pose_estimator.ndt_scan_matcher]: Mismatch between pose timestamp and current timestamp
[component_container_mt-1] [WARN] [1785818225.636295347] [sensing.lidar.concatenate_data]: transformed_raw_points[/sensing/lidar/right/pointcloud_before_sync] is nullptr, skipping pointcloud publish.
[component_container_mt-1] [WARN] [1785818225.636350490] [sensing.lidar.concatenate_data]: transformed_raw_points[/sensing/lidar/left/pointcloud_before_sync] is nullptr, skipping pointcloud publish.
[autoware_ndt_scan_matcher_node-24] [INFO] [1785818225.636826417] [localization.pose_estimator.ndt_scan_matcher]: Mismatch between pose timestamp and current timestamp
[component_container-18] [WARN] [1785818225.642522149] [sensing.lidar.top.crop_box_filter_self]: Invalid PointCloud: is_dense is false. The point cloud should be organized (dense) and contain only valid points. This will be an ERROR starting in 2026 JulyFrame: 'velodyne_top', Stamp: 95.458998166
[component_container_mt-1] [WARN] [1785818225.736091062] [sensing.lidar.concatenate_data]: transformed_raw_points[/sensing/lidar/right/pointcloud_before_sync] is nullptr, skipping pointcloud publish.
[component_container_mt-1] [WARN] [1785818225.736235501] [sensing.lidar.concatenate_data]: transformed_raw_points[/sensing/lidar/left/pointcloud_before_sync] is nullptr, skipping pointcloud publish.
[autoware_ndt_scan_matcher_node-24] [INFO] [1785818225.736704925] [localization.pose_estimator.ndt_scan_matcher]: Mismatch between pose timestamp and current timestamp
[component_container_mt-1] [WARN] [1785818225.836117114] [sensing.lidar.concatenate_data]: transformed_raw_points[/sensing/lidar/right/pointcloud_before_sync] is nullptr, skipping pointcloud publish.
[component_container_mt-1] [WARN] [1785818225.836164818] [sensing.lidar.concatenate_data]: transformed_raw_points[/sensing/lidar/left/pointcloud_before_sync] is nullptr, skipping pointcloud publish.
[autoware_ndt_scan_matcher_node-24] [INFO] [1785818225.836654863] [localization.pose_estimator.ndt_scan_matcher]: Mismatch between pose timestamp and current timestamp
[component_container_mt-1] [WARN] [1785818225.935971634] [sensing.lidar.concatenate_data]: transformed_raw_points[/sensing/lidar/right/pointcloud_before_sync] is nullptr, skipping pointcloud publish.
[component_container_mt-1] [WARN] [1785818225.936020707] [sensing.lidar.concatenate_data]: transformed_raw_points[/sensing/lidar/left/pointcloud_before_sync] is nullptr, skipping pointcloud publish.
[autoware_ndt_scan_matcher_node-24] [INFO] [1785818225.936636384] [localization.pose_estimator.ndt_scan_matcher]: Mismatch between pose timestamp and current timestamp
[component_container-7] [INFO] [1785818225.986346248] [system.topic_state_monitor_mission_planning_route]: /planning/mission_planning/route has not received. Set ERROR in diagnostics.
[component_container_mt-1] [WARN] [1785818226.036473122] [sensing.lidar.concatenate_data]: transformed_raw_points[/sensing/lidar/right/pointcloud_before_sync] is nullptr, skipping pointcloud publish.
[component_container_mt-1] [WARN] [1785818226.036520286] [sensing.lidar.concatenate_data]: transformed_raw_points[/sensing/lidar/left/pointcloud_before_sync] is nullptr, skipping pointcloud publish.
[autoware_ndt_scan_matcher_node-24] [INFO] [1785818226.037090373] [localization.pose_estimator.ndt_scan_matcher]: Mismatch between pose timestamp and current timestamp
[component_container_mt-1] [WARN] [1785818226.136481658] [sensing.lidar.concatenate_data]: transformed_raw_points[/sensing/lidar/right/pointcloud_before_sync] is nullptr, skipping pointcloud publish.
[component_container_mt-1] [WARN] [1785818226.136525744] [sensing.lidar.concatenate_data]: transformed_raw_points[/sensing/lidar/left/pointcloud_before_sync] is nullptr, skipping pointcloud publish.
[autoware_ndt_scan_matcher_node-24] [INFO] [1785818226.137303618] [localization.pose_estimator.ndt_scan_matcher]: Mismatch between pose timestamp and current timestamp
[component_container-18] [WARN] [1785818226.143713205] [sensing.lidar.top.distortion_corrector_node]: Twist time_stamp is too late. Could not interpolate.
[component_container_mt-47] [INFO] [1785818226.186273184] [control.vehicle_cmd_gate]: The operation mode is changed, but the GearCommand is not received yet:
[component_container_mt-1] [WARN] [1785818226.236367687] [sensing.lidar.concatenate_data]: transformed_raw_points[/sensing/lidar/right/pointcloud_before_sync] is nullptr, skipping pointcloud publish.
[component_container_mt-1] [WARN] [1785818226.236416146] [sensing.lidar.concatenate_data]: transformed_raw_points[/sensing/lidar/left/pointcloud_before_sync] is nullptr, skipping pointcloud publish.
[autoware_ndt_scan_matcher_node-24] [INFO] [1785818226.237088035] [localization.pose_estimator.ndt_scan_matcher]: Mismatch between pose timestamp and current timestamp
[autoware_mrm_handler_node-13] [INFO] [1785818226.286609629] [system.mrm_handler]: MRM State changed: NORMAL -> MRM_OPERATING
[autoware_mrm_handler_node-13] [WARN] [1785818226.287550748] [system.mrm_handler]: EMERGENCY_STOP is operated.
[component_container_mt-1] [WARN] [1785818226.336177627] [sensing.lidar.concatenate_data]: transformed_raw_points[/sensing/lidar/right/pointcloud_before_sync] is nullptr, skipping pointcloud publish.
[component_container_mt-40] [INFO] [1785818226.336261707] [planning.scenario_planning.lane_driving.behavior_planning.behavior_path_planner]: waiting for scenario_topic
[component_container_mt-1] [WARN] [1785818226.336750473] [sensing.lidar.concatenate_data]: transformed_raw_points[/sensing/lidar/left/pointcloud_before_sync] is nullptr, skipping pointcloud publish.
[autoware_ndt_scan_matcher_node-24] [INFO] [1785818226.336749177] [localization.pose_estimator.ndt_scan_matcher]: Mismatch between pose timestamp and current timestamp
[component_container_mt-47] [WARN] [1785818226.336936064] [control.vehicle_cmd_gate]: Emergency!
[autoware_mrm_handler_node-13] [INFO] [1785818226.386228165] [system.mrm_handler]: MRM State changed: MRM_OPERATING -> NORMAL
[autoware_mrm_handler_node-13] [WARN] [1785818226.386887608] [system.mrm_handler]: EMERGENCY_STOP is canceled.
[component_container_mt-1] [WARN] [1785818226.435971387] [sensing.lidar.concatenate_data]: transformed_raw_points[/sensing/lidar/right/pointcloud_before_sync] is nullptr, skipping pointcloud publish.
[component_container_mt-1] [WARN] [1785818226.436022921] [sensing.lidar.concatenate_data]: transformed_raw_points[/sensing/lidar/left/pointcloud_before_sync] is nullptr, skipping pointcloud publish.
[autoware_ndt_scan_matcher_node-24] [INFO] [1785818226.436802964] [localization.pose_estimator.ndt_scan_matcher]: Mismatch between pose timestamp and current timestamp
[component_container_mt-1] [WARN] [1785818226.536401131] [sensing.lidar.concatenate_data]: transformed_raw_points[/sensing/lidar/right/pointcloud_before_sync] is nullptr, skipping pointcloud publish.
[component_container_mt-1] [WARN] [1785818226.536445500] [sensing.lidar.concatenate_data]: transformed_raw_points[/sensing/lidar/left/pointcloud_before_sync] is nullptr, skipping pointcloud publish.
[autoware_ndt_scan_matcher_node-24] [INFO] [1785818226.536993224] [localization.pose_estimator.ndt_scan_matcher]: Mismatch between pose timestamp and current timestamp
[component_container_mt-1] [WARN] [1785818226.636242945] [sensing.lidar.concatenate_data]: transformed_raw_points[/sensing/lidar/right/pointcloud_before_sync] is nullptr, skipping pointcloud publish.
[component_container_mt-1] [WARN] [1785818226.636287982] [sensing.lidar.concatenate_data]: transformed_raw_points[/sensing/lidar/left/pointcloud_before_sync] is nullptr, skipping pointcloud publish.
[autoware_ndt_scan_matcher_node-24] [INFO] [1785818226.636772721] [localization.pose_estimator.ndt_scan_matcher]: Mismatch between pose timestamp and current timestamp
[component_container_mt-1] [WARN] [1785818226.736971937] [sensing.lidar.concatenate_data]: transformed_raw_points[/sensing/lidar/right/pointcloud_before_sync] is nullptr, skipping pointcloud publish.
[component_container_mt-1] [WARN] [1785818226.737020339] [sensing.lidar.concatenate_data]: transformed_raw_points[/sensing/lidar/left/pointcloud_before_sync] is nullptr, skipping pointcloud publish.
[autoware_ndt_scan_matcher_node-24] [INFO] [1785818226.737472948] [localization.pose_estimator.ndt_scan_matcher]: Mismatch between pose timestamp and current timestamp
[component_container_mt-1] [WARN] [1785818226.836147849] [sensing.lidar.concatenate_data]: transformed_raw_points[/sensing/lidar/right/pointcloud_before_sync] is nullptr, skipping pointcloud publish.
[component_container_mt-1] [WARN] [1785818226.836200394] [sensing.lidar.concatenate_data]: transformed_raw_points[/sensing/lidar/left/pointcloud_before_sync] is nullptr, skipping pointcloud publish.
[autoware_ndt_scan_matcher_node-24] [INFO] [1785818226.836766769] [localization.pose_estimator.ndt_scan_matcher]: Mismatch between pose timestamp and current timestamp
[component_container_mt-1] [WARN] [1785818226.936133956] [sensing.lidar.concatenate_data]: transformed_raw_points[/sensing/lidar/right/pointcloud_before_sync] is nullptr, skipping pointcloud publish.
[component_container_mt-1] [WARN] [1785818226.936179112] [sensing.lidar.concatenate_data]: transformed_raw_points[/sensing/lidar/left/pointcloud_before_sync] is nullptr, skipping pointcloud publish.
[autoware_ndt_scan_matcher_node-24] [INFO] [1785818226.937051070] [localization.pose_estimator.ndt_scan_matcher]: Mismatch between pose timestamp and current timestamp
[component_container_mt-1] [WARN] [1785818227.036066876] [sensing.lidar.concatenate_data]: transformed_raw_points[/sensing/lidar/right/pointcloud_before_sync] is nullptr, skipping pointcloud publish.
[component_container_mt-1] [WARN] [1785818227.036119983] [sensing.lidar.concatenate_data]: transformed_raw_points[/sensing/lidar/left/pointcloud_before_sync] is nullptr, skipping pointcloud publish.
[autoware_ndt_scan_matcher_node-24] [INFO] [1785818227.037092219] [localization.pose_estimator.ndt_scan_matcher]: Mismatch between pose timestamp and current timestamp
[component_container_mt-1] [WARN] [1785818227.135960470] [sensing.lidar.concatenate_data]: transformed_raw_points[/sensing/lidar/right/pointcloud_before_sync] is nullptr, skipping pointcloud publish.
[component_container_mt-1] [WARN] [1785818227.136004450] [sensing.lidar.concatenate_data]: transformed_raw_points[/sensing/lidar/left/pointcloud_before_sync] is nullptr, skipping pointcloud publish.
[autoware_ndt_scan_matcher_node-24] [INFO] [1785818227.136766013] [localization.pose_estimator.ndt_scan_matcher]: Mismatch between pose timestamp and current timestamp
[component_container_mt-1] [WARN] [1785818227.236110756] [sensing.lidar.concatenate_data]: transformed_raw_points[/sensing/lidar/right/pointcloud_before_sync] is nullptr, skipping pointcloud publish.
[component_container_mt-1] [WARN] [1785818227.236158475] [sensing.lidar.concatenate_data]: transformed_raw_points[/sensing/lidar/left/pointcloud_before_sync] is nullptr, skipping pointcloud publish.
[autoware_ndt_scan_matcher_node-24] [INFO] [1785818227.237274734] [localization.pose_estimator.ndt_scan_matcher]: Mismatch between pose timestamp and current timestamp
[logging_node-14] [WARN] [1785818227.286096446] [logging_diag_graph]: The target mode is not available for the following reasons:
[logging_node-14] - /autoware/modes/autonomous ERROR
[logging_node-14]     - /autoware/localization ERROR
[logging_node-14]         - /autoware/localization/state STALE
[logging_node-14]     - /autoware/planning ERROR
[logging_node-14]         - /autoware/planning/routing/state STALE
[logging_node-14]         - [anonymous group] ERROR
[logging_node-14]             - /autoware/planning/topic_rate_check/route ERROR
[logging_node-14]             - /autoware/planning/topic_rate_check/trajectory ERROR
[logging_node-14]     - /autoware/control ERROR
[logging_node-14]         - /autoware/control/topic_rate_check/trajectory_follower ERROR
[logging_node-14]         - /autoware/control/topic_rate_check/control_command WARN 
[logging_node-14]         - /autoware/control/performance_monitoring/lane_departure STALE
[logging_node-14]         - /autoware/control/performance_monitoring/control_state STALE
[logging_node-14]     - /adapi/mrm_request/delegate STALE
[logging_node-14] 
[autoware_mrm_handler_node-13] [INFO] [1785818227.286130162] [system.mrm_handler]: MRM State changed: NORMAL -> MRM_OPERATING
[autoware_mrm_handler_node-13] [WARN] [1785818227.286359896] [system.mrm_handler]: EMERGENCY_STOP is operated.
[component_container_mt-1] [WARN] [1785818227.336124761] [sensing.lidar.concatenate_data]: transformed_raw_points[/sensing/lidar/right/pointcloud_before_sync] is nullptr, skipping pointcloud publish.
[component_container_mt-1] [WARN] [1785818227.336172190] [sensing.lidar.concatenate_data]: transformed_raw_points[/sensing/lidar/left/pointcloud_before_sync] is nullptr, skipping pointcloud publish.
[component_container_mt-47] [WARN] [1785818227.336638076] [control.vehicle_cmd_gate]: Emergency!
[autoware_ndt_scan_matcher_node-24] [INFO] [1785818227.337602070] [localization.pose_estimator.ndt_scan_matcher]: Mismatch between pose timestamp and current timestamp
[autoware_mrm_handler_node-13] [INFO] [1785818227.386364984] [system.mrm_handler]: MRM State changed: MRM_OPERATING -> NORMAL
[autoware_mrm_handler_node-13] [WARN] [1785818227.386905527] [system.mrm_handler]: EMERGENCY_STOP is canceled.
[component_container_mt-1] [WARN] [1785818227.435991406] [sensing.lidar.concatenate_data]: transformed_raw_points[/sensing/lidar/right/pointcloud_before_sync] is nullptr, skipping pointcloud publish.
[component_container_mt-1] [WARN] [1785818227.436039140] [sensing.lidar.concatenate_data]: transformed_raw_points[/sensing/lidar/left/pointcloud_before_sync] is nullptr, skipping pointcloud publish.
[autoware_ndt_scan_matcher_node-24] [INFO] [1785818227.436582478] [localization.pose_estimator.ndt_scan_matcher]: Mismatch between pose timestamp and current timestamp
[component_container_mt-1] [WARN] [1785818227.536227694] [sensing.lidar.concatenate_data]: transformed_raw_points[/sensing/lidar/right/pointcloud_before_sync] is nullptr, skipping pointcloud publish.
[component_container_mt-1] [WARN] [1785818227.536267430] [sensing.lidar.concatenate_data]: transformed_raw_points[/sensing/lidar/left/pointcloud_before_sync] is nullptr, skipping pointcloud publish.
[autoware_ndt_scan_matcher_node-24] [INFO] [1785818227.536729548] [localization.pose_estimator.ndt_scan_matcher]: Mismatch between pose timestamp and current timestamp
[component_container_mt-1] [WARN] [1785818227.636169756] [sensing.lidar.concatenate_data]: transformed_raw_points[/sensing/lidar/right/pointcloud_before_sync] is nullptr, skipping pointcloud publish.
[component_container_mt-1] [WARN] [1785818227.636216372] [sensing.lidar.concatenate_data]: transformed_raw_points[/sensing/lidar/left/pointcloud_before_sync] is nullptr, skipping pointcloud publish.
[autoware_ndt_scan_matcher_node-24] [INFO] [1785818227.636999259] [localization.pose_estimator.ndt_scan_matcher]: Mismatch between pose timestamp and current timestamp
[component_container_mt-1] [WARN] [1785818227.736074096] [sensing.lidar.concatenate_data]: transformed_raw_points[/sensing/lidar/right/pointcloud_before_sync] is nullptr, skipping pointcloud publish.
[component_container_mt-1] [WARN] [1785818227.736123990] [sensing.lidar.concatenate_data]: transformed_raw_points[/sensing/lidar/left/pointcloud_before_sync] is nullptr, skipping pointcloud publish.
[autoware_ndt_scan_matcher_node-24] [INFO] [1785818227.736610512] [localization.pose_estimator.ndt_scan_matcher]: Mismatch between pose timestamp and current timestamp
[component_container_mt-1] [WARN] [1785818227.836285157] [sensing.lidar.concatenate_data]: transformed_raw_points[/sensing/lidar/right/pointcloud_before_sync] is nullptr, skipping pointcloud publish.
[component_container_mt-1] [WARN] [1785818227.836326378] [sensing.lidar.concatenate_data]: transformed_raw_points[/sensing/lidar/left/pointcloud_before_sync] is nullptr, skipping pointcloud publish.
[autoware_ndt_scan_matcher_node-24] [INFO] [1785818227.836752924] [localization.pose_estimator.ndt_scan_matcher]: Mismatch between pose timestamp and current timestamp
[component_container_mt-48] [INFO] [1785818227.885785763] [control.autonomous_emergency_braking]: [AEB] waiting for control predicted trajectory
[component_container_mt-1] [WARN] [1785818227.937200169] [sensing.lidar.concatenate_data]: transformed_raw_points[/sensing/lidar/right/pointcloud_before_sync] is nullptr, skipping pointcloud publish.
[component_container_mt-1] [WARN] [1785818227.937240730] [sensing.lidar.concatenate_data]: transformed_raw_points[/sensing/lidar/left/pointcloud_before_sync] is nullptr, skipping pointcloud publish.
[autoware_ndt_scan_matcher_node-24] [INFO] [1785818227.937684210] [localization.pose_estimator.ndt_scan_matcher]: Mismatch between pose timestamp and current timestamp
[component_container_mt-1] [WARN] [1785818228.036202419] [sensing.lidar.concatenate_data]: transformed_raw_points[/sensing/lidar/right/pointcloud_before_sync] is nullptr, skipping pointcloud publish.
[component_container_mt-1] [WARN] [1785818228.036340172] [sensing.lidar.concatenate_data]: transformed_raw_points[/sensing/lidar/left/pointcloud_before_sync] is nullptr, skipping pointcloud publish.
[autoware_ndt_scan_matcher_node-24] [INFO] [1785818228.037005197] [localization.pose_estimator.ndt_scan_matcher]: Mismatch between pose timestamp and current timestamp
[component_container-7] [WARN] [1785818228.086711075] [system.topic_state_monitor_control_command_control_cmd]: /control/command/control_cmd topic rate has dropped to the warning level. Set WARN in diagnostics.
[component_container_mt-1] [WARN] [1785818228.136331386] [sensing.lidar.concatenate_data]: transformed_raw_points[/sensing/lidar/right/pointcloud_before_sync] is nullptr, skipping pointcloud publish.
[component_container_mt-1] [WARN] [1785818228.136375277] [sensing.lidar.concatenate_data]: transformed_raw_points[/sensing/lidar/left/pointcloud_before_sync] is nullptr, skipping pointcloud publish.
[autoware_ndt_scan_matcher_node-24] [INFO] [1785818228.136871645] [localization.pose_estimator.ndt_scan_matcher]: Mismatch between pose timestamp and current timestamp
[component_container_mt-1] [WARN] [1785818228.235930088] [sensing.lidar.concatenate_data]: transformed_raw_points[/sensing/lidar/right/pointcloud_before_sync] is nullptr, skipping pointcloud publish.
[component_container_mt-1] [WARN] [1785818228.235979616] [sensing.lidar.concatenate_data]: transformed_raw_points[/sensing/lidar/left/pointcloud_before_sync] is nullptr, skipping pointcloud publish.
[autoware_ndt_scan_matcher_node-24] [INFO] [1785818228.237458167] [localization.pose_estimator.ndt_scan_matcher]: Mismatch between pose timestamp and current timestamp
[component_container-18] [WARN] [1785818228.242378900] [sensing.lidar.top.distortion_corrector_node]: IMU time_stamp is too late. Could not interpolate.
[autoware_mrm_handler_node-13] [INFO] [1785818228.286318120] [system.mrm_handler]: MRM State changed: NORMAL -> MRM_OPERATING
[autoware_mrm_handler_node-13] [WARN] [1785818228.286905651] [system.mrm_handler]: EMERGENCY_STOP is operated.
[component_container_mt-47] [WARN] [1785818228.336308721] [control.vehicle_cmd_gate]: Emergency!
[component_container_mt-48] [INFO] [1785818228.336592800] [control.control_validator]: waiting for /planning/trajectory
[component_container_mt-1] [WARN] [1785818228.336670815] [sensing.lidar.concatenate_data]: transformed_raw_points[/sensing/lidar/right/pointcloud_before_sync] is nullptr, skipping pointcloud publish.
[component_container_mt-1] [WARN] [1785818228.336704015] [sensing.lidar.concatenate_data]: transformed_raw_points[/sensing/lidar/left/pointcloud_before_sync] is nullptr, skipping pointcloud publish.
[autoware_ndt_scan_matcher_node-24] [INFO] [1785818228.337300153] [localization.pose_estimator.ndt_scan_matcher]: Mismatch between pose timestamp and current timestamp
[autoware_mrm_handler_node-13] [INFO] [1785818228.386098428] [system.mrm_handler]: MRM State changed: MRM_OPERATING -> NORMAL
[autoware_mrm_handler_node-13] [WARN] [1785818228.386792942] [system.mrm_handler]: EMERGENCY_STOP is canceled.
[component_container_mt-1] [WARN] [1785818228.436576198] [sensing.lidar.concatenate_data]: transformed_raw_points[/sensing/lidar/right/pointcloud_before_sync] is nullptr, skipping pointcloud publish.
[component_container_mt-1] [WARN] [1785818228.436624921] [sensing.lidar.concatenate_data]: transformed_raw_points[/sensing/lidar/left/pointcloud_before_sync] is nullptr, skipping pointcloud publish.
[autoware_ndt_scan_matcher_node-24] [INFO] [1785818228.437116990] [localization.pose_estimator.ndt_scan_matcher]: Mismatch between pose timestamp and current timestamp
[component_container_mt-1] [WARN] [1785818228.536298361] [sensing.lidar.concatenate_data]: transformed_raw_points[/sensing/lidar/right/pointcloud_before_sync] is nullptr, skipping pointcloud publish.
[component_container_mt-1] [WARN] [1785818228.536343731] [sensing.lidar.concatenate_data]: transformed_raw_points[/sensing/lidar/left/pointcloud_before_sync] is nullptr, skipping pointcloud publish.
[autoware_ndt_scan_matcher_node-24] [INFO] [1785818228.536896248] [localization.pose_estimator.ndt_scan_matcher]: Mismatch between pose timestamp and current timestamp
[component_container_mt-1] [WARN] [1785818228.636099715] [sensing.lidar.concatenate_data]: transformed_raw_points[/sensing/lidar/right/pointcloud_before_sync] is nullptr, skipping pointcloud publish.
[component_container_mt-1] [WARN] [1785818228.636150143] [sensing.lidar.concatenate_data]: transformed_raw_points[/sensing/lidar/left/pointcloud_before_sync] is nullptr, skipping pointcloud publish.
[autoware_ndt_scan_matcher_node-24] [INFO] [1785818228.636867595] [localization.pose_estimator.ndt_scan_matcher]: Mismatch between pose timestamp and current timestamp
[component_container_mt-1] [WARN] [1785818228.736069256] [sensing.lidar.concatenate_data]: transformed_raw_points[/sensing/lidar/right/pointcloud_before_sync] is nullptr, skipping pointcloud publish.
[autoware_ndt_scan_matcher_node-24] [INFO] [1785818228.736768032] [localization.pose_estimator.ndt_scan_matcher]: Mismatch between pose timestamp and current timestamp
[component_container_mt-1] [WARN] [1785818228.736924167] [sensing.lidar.concatenate_data]: transformed_raw_points[/sensing/lidar/left/pointcloud_before_sync] is nullptr, skipping pointcloud publish.
[component_container_mt-1] [WARN] [1785818228.836197931] [sensing.lidar.concatenate_data]: transformed_raw_points[/sensing/lidar/right/pointcloud_before_sync] is nullptr, skipping pointcloud publish.
[component_container_mt-1] [WARN] [1785818228.836246879] [sensing.lidar.concatenate_data]: transformed_raw_points[/sensing/lidar/left/pointcloud_before_sync] is nullptr, skipping pointcloud publish.
[autoware_ndt_scan_matcher_node-24] [INFO] [1785818228.836703150] [localization.pose_estimator.ndt_scan_matcher]: Mismatch between pose timestamp and current timestamp
[component_container_mt-1] [WARN] [1785818228.936435631] [sensing.lidar.concatenate_data]: transformed_raw_points[/sensing/lidar/right/pointcloud_before_sync] is nullptr, skipping pointcloud publish.
[component_container_mt-1] [WARN] [1785818228.936473301] [sensing.lidar.concatenate_data]: transformed_raw_points[/sensing/lidar/left/pointcloud_before_sync] is nullptr, skipping pointcloud publish.
[autoware_ndt_scan_matcher_node-24] [INFO] [1785818228.937083740] [localization.pose_estimator.ndt_scan_matcher]: Mismatch between pose timestamp and current timestamp
[component_container-7] [INFO] [1785818228.986327332] [system.topic_state_monitor_mission_planning_route]: /planning/mission_planning/route has not received. Set ERROR in diagnostics.
[component_container_mt-1] [WARN] [1785818229.036327490] [sensing.lidar.concatenate_data]: transformed_raw_points[/sensing/lidar/right/pointcloud_before_sync] is nullptr, skipping pointcloud publish.
[component_container_mt-1] [WARN] [1785818229.036372993] [sensing.lidar.concatenate_data]: transformed_raw_points[/sensing/lidar/left/pointcloud_before_sync] is nullptr, skipping pointcloud publish.
[autoware_ndt_scan_matcher_node-24] [INFO] [1785818229.036824033] [localization.pose_estimator.ndt_scan_matcher]: Mismatch between pose timestamp and current timestamp
[component_container_mt-1] [WARN] [1785818229.136032589] [sensing.lidar.concatenate_data]: transformed_raw_points[/sensing/lidar/right/pointcloud_before_sync] is nullptr, skipping pointcloud publish.
[component_container_mt-1] [WARN] [1785818229.136080701] [sensing.lidar.concatenate_data]: transformed_raw_points[/sensing/lidar/left/pointcloud_before_sync] is nullptr, skipping pointcloud publish.
[autoware_ndt_scan_matcher_node-24] [INFO] [1785818229.136572612] [localization.pose_estimator.ndt_scan_matcher]: Mismatch between pose timestamp and current timestamp
[autoware_scenario_selector_node-36] [INFO] [1785818229.185772563] [planning.scenario_planning.scenario_selector]: Waiting for route.
[component_container_mt-48] [INFO] [1785818229.186747892] [control.trajectory_follower.lane_departure_checker_node]: waiting for route msg...
[component_container_mt-1] [WARN] [1785818229.236812022] [sensing.lidar.concatenate_data]: transformed_raw_points[/sensing/lidar/right/pointcloud_before_sync] is nullptr, skipping pointcloud publish.
[component_container_mt-1] [WARN] [1785818229.236860787] [sensing.lidar.concatenate_data]: transformed_raw_points[/sensing/lidar/left/pointcloud_before_sync] is nullptr, skipping pointcloud publish.
[autoware_ndt_scan_matcher_node-24] [INFO] [1785818229.237461263] [localization.pose_estimator.ndt_scan_matcher]: Mismatch between pose timestamp and current timestamp
[autoware_mrm_handler_node-13] [INFO] [1785818229.286622856] [system.mrm_handler]: MRM State changed: NORMAL -> MRM_OPERATING
[autoware_mrm_handler_node-13] [WARN] [1785818229.287007652] [system.mrm_handler]: EMERGENCY_STOP is operated.
[component_container_mt-1] [WARN] [1785818229.336165143] [sensing.lidar.concatenate_data]: transformed_raw_points[/sensing/lidar/right/pointcloud_before_sync] is nullptr, skipping pointcloud publish.
[component_container_mt-1] [WARN] [1785818229.336211177] [sensing.lidar.concatenate_data]: transformed_raw_points[/sensing/lidar/left/pointcloud_before_sync] is nullptr, skipping pointcloud publish.
[component_container_mt-47] [WARN] [1785818229.336333552] [control.vehicle_cmd_gate]: Emergency!
[autoware_ndt_scan_matcher_node-24] [INFO] [1785818229.336899967] [localization.pose_estimator.ndt_scan_matcher]: Mismatch between pose timestamp and current timestamp
[autoware_mrm_handler_node-13] [INFO] [1785818229.386038391] [system.mrm_handler]: MRM State changed: MRM_OPERATING -> NORMAL
[autoware_mrm_handler_node-13] [WARN] [1785818229.386591450] [system.mrm_handler]: EMERGENCY_STOP is canceled.
[component_container_mt-1] [WARN] [1785818229.436643538] [sensing.lidar.concatenate_data]: transformed_raw_points[/sensing/lidar/right/pointcloud_before_sync] is nullptr, skipping pointcloud publish.
[component_container_mt-1] [WARN] [1785818229.436690021] [sensing.lidar.concatenate_data]: transformed_raw_points[/sensing/lidar/left/pointcloud_before_sync] is nullptr, skipping pointcloud publish.
[autoware_ndt_scan_matcher_node-24] [INFO] [1785818229.437275147] [localization.pose_estimator.ndt_scan_matcher]: Mismatch between pose timestamp and current timestamp
[component_container_mt-1] [WARN] [1785818229.536147971] [sensing.lidar.concatenate_data]: transformed_raw_points[/sensing/lidar/right/pointcloud_before_sync] is nullptr, skipping pointcloud publish.
[component_container_mt-1] [WARN] [1785818229.536194488] [sensing.lidar.concatenate_data]: transformed_raw_points[/sensing/lidar/left/pointcloud_before_sync] is nullptr, skipping pointcloud publish.
[autoware_ndt_scan_matcher_node-24] [INFO] [1785818229.536656868] [localization.pose_estimator.ndt_scan_matcher]: Mismatch between pose timestamp and current timestamp
[component_container_mt-1] [WARN] [1785818229.636195702] [sensing.lidar.concatenate_data]: transformed_raw_points[/sensing/lidar/right/pointcloud_before_sync] is nullptr, skipping pointcloud publish.
[component_container_mt-1] [WARN] [1785818229.636272618] [sensing.lidar.concatenate_data]: transformed_raw_points[/sensing/lidar/left/pointcloud_before_sync] is nullptr, skipping pointcloud publish.
[autoware_ndt_scan_matcher_node-24] [INFO] [1785818229.636747149] [localization.pose_estimator.ndt_scan_matcher]: Mismatch between pose timestamp and current timestamp
[component_container_mt-1] [WARN] [1785818229.736248779] [sensing.lidar.concatenate_data]: transformed_raw_points[/sensing/lidar/right/pointcloud_before_sync] is nullptr, skipping pointcloud publish.
[component_container_mt-1] [WARN] [1785818229.736297600] [sensing.lidar.concatenate_data]: transformed_raw_points[/sensing/lidar/left/pointcloud_before_sync] is nullptr, skipping pointcloud publish.
[autoware_ndt_scan_matcher_node-24] [INFO] [1785818229.736780342] [localization.pose_estimator.ndt_scan_matcher]: Mismatch between pose timestamp and current timestamp
[component_container_mt-1] [WARN] [1785818229.743756319] [localization.util.crop_box_filter_measurement_range]: Invalid PointCloud: row_step mismatch. Expected: 99360 (width 6210 * point_step 16), Got: 0. Frame: 'base_link', Stamp: 99.558998227 Please fill in the `cloud->row_step` field accordingly. This will be an ERROR starting in 2026 July
[component_container_mt-1] [WARN] [1785818229.836241238] [sensing.lidar.concatenate_data]: transformed_raw_points[/sensing/lidar/right/pointcloud_before_sync] is nullptr, skipping pointcloud publish.
[component_container_mt-1] [WARN] [1785818229.836292478] [sensing.lidar.concatenate_data]: transformed_raw_points[/sensing/lidar/left/pointcloud_before_sync] is nullptr, skipping pointcloud publish.
[autoware_ndt_scan_matcher_node-24] [INFO] [1785818229.837821491] [localization.pose_estimator.ndt_scan_matcher]: Mismatch between pose timestamp and current timestamp
[component_container_mt-1] [WARN] [1785818229.935921318] [sensing.lidar.concatenate_data]: transformed_raw_points[/sensing/lidar/right/pointcloud_before_sync] is nullptr, skipping pointcloud publish.
[component_container_mt-1] [WARN] [1785818229.935970427] [sensing.lidar.concatenate_data]: transformed_raw_points[/sensing/lidar/left/pointcloud_before_sync] is nullptr, skipping pointcloud publish.
[autoware_ndt_scan_matcher_node-24] [INFO] [1785818229.936500071] [localization.pose_estimator.ndt_scan_matcher]: Mismatch between pose timestamp and current timestamp
[component_container_mt-1] [WARN] [1785818230.036350091] [sensing.lidar.concatenate_data]: transformed_raw_points[/sensing/lidar/right/pointcloud_before_sync] is nullptr, skipping pointcloud publish.
[component_container_mt-1] [WARN] [1785818230.036404397] [sensing.lidar.concatenate_data]: transformed_raw_points[/sensing/lidar/left/pointcloud_before_sync] is nullptr, skipping pointcloud publish.
[autoware_ndt_scan_matcher_node-24] [INFO] [1785818230.036873121] [localization.pose_estimator.ndt_scan_matcher]: Mismatch between pose timestamp and current timestamp
[component_container_mt-1] [WARN] [1785818230.135988520] [sensing.lidar.concatenate_data]: transformed_raw_points[/sensing/lidar/right/pointcloud_before_sync] is nullptr, skipping pointcloud publish.
[component_container_mt-1] [WARN] [1785818230.136035708] [sensing.lidar.concatenate_data]: transformed_raw_points[/sensing/lidar/left/pointcloud_before_sync] is nullptr, skipping pointcloud publish.
[autoware_ndt_scan_matcher_node-24] [INFO] [1785818230.136678807] [localization.pose_estimator.ndt_scan_matcher]: Mismatch between pose timestamp and current timestamp
[component_container_mt-1] [WARN] [1785818230.236115600] [sensing.lidar.concatenate_data]: transformed_raw_points[/sensing/lidar/right/pointcloud_before_sync] is nullptr, skipping pointcloud publish.
[component_container_mt-1] [WARN] [1785818230.236165489] [sensing.lidar.concatenate_data]: transformed_raw_points[/sensing/lidar/left/pointcloud_before_sync] is nullptr, skipping pointcloud publish.
[autoware_ndt_scan_matcher_node-24] [INFO] [1785818230.237349712] [localization.pose_estimator.ndt_scan_matcher]: Mismatch between pose timestamp and current timestamp
[component_container_mt-47] [INFO] [1785818230.286025174] [control.trajectory_follower.controller_node_exe]: Waiting for trajectory data
[component_container_mt-47] [INFO] [1785818230.286085770] [control.trajectory_follower.controller_node_exe]: Control is skipped since input data is not ready.
[logging_node-14] [WARN] [1785818230.286050669] [logging_diag_graph]: The target mode is not available for the following reasons:
[logging_node-14] - /autoware/modes/autonomous ERROR
[logging_node-14]     - /autoware/localization ERROR
[logging_node-14]         - /autoware/localization/state STALE
[logging_node-14]     - /autoware/planning ERROR
[logging_node-14]         - /autoware/planning/routing/state STALE
[logging_node-14]         - [anonymous group] ERROR
[logging_node-14]             - /autoware/planning/topic_rate_check/route ERROR
[logging_node-14]             - /autoware/planning/topic_rate_check/trajectory ERROR
[logging_node-14]     - /autoware/control ERROR
[logging_node-14]         - /autoware/control/topic_rate_check/trajectory_follower ERROR
[logging_node-14]         - /autoware/control/topic_rate_check/control_command WARN 
[logging_node-14]         - /autoware/control/performance_monitoring/lane_departure STALE
[logging_node-14]         - /autoware/control/performance_monitoring/control_state STALE
[logging_node-14]     - /adapi/mrm_request/delegate STALE
[logging_node-14] 
[autoware_mrm_handler_node-13] [INFO] [1785818230.286580970] [system.mrm_handler]: MRM State changed: NORMAL -> MRM_OPERATING
[autoware_mrm_handler_node-13] [WARN] [1785818230.286697659] [system.mrm_handler]: EMERGENCY_STOP is operated.
[component_container_mt-47] [WARN] [1785818230.336555655] [control.vehicle_cmd_gate]: Emergency!
[component_container_mt-1] [WARN] [1785818230.336724528] [sensing.lidar.concatenate_data]: transformed_raw_points[/sensing/lidar/right/pointcloud_before_sync] is nullptr, skipping pointcloud publish.
[component_container_mt-1] [WARN] [1785818230.336760606] [sensing.lidar.concatenate_data]: transformed_raw_points[/sensing/lidar/left/pointcloud_before_sync] is nullptr, skipping pointcloud publish.
[autoware_ndt_scan_matcher_node-24] [INFO] [1785818230.337288711] [localization.pose_estimator.ndt_scan_matcher]: Mismatch between pose timestamp and current timestamp
[autoware_mrm_handler_node-13] [INFO] [1785818230.386336115] [system.mrm_handler]: MRM State changed: MRM_OPERATING -> NORMAL
[autoware_mrm_handler_node-13] [WARN] [1785818230.387292730] [system.mrm_handler]: EMERGENCY_STOP is canceled.
[component_container_mt-1] [WARN] [1785818230.436214256] [sensing.lidar.concatenate_data]: transformed_raw_points[/sensing/lidar/right/pointcloud_before_sync] is nullptr, skipping pointcloud publish.
[component_container_mt-1] [WARN] [1785818230.436275706] [sensing.lidar.concatenate_data]: transformed_raw_points[/sensing/lidar/left/pointcloud_before_sync] is nullptr, skipping pointcloud publish.
[autoware_ndt_scan_matcher_node-24] [INFO] [1785818230.436794709] [localization.pose_estimator.ndt_scan_matcher]: Mismatch between pose timestamp and current timestamp
[component_container_mt-1] [WARN] [1785818230.535940038] [sensing.lidar.concatenate_data]: transformed_raw_points[/sensing/lidar/right/pointcloud_before_sync] is nullptr, skipping pointcloud publish.
[component_container_mt-1] [WARN] [1785818230.535997204] [sensing.lidar.concatenate_data]: transformed_raw_points[/sensing/lidar/left/pointcloud_before_sync] is nullptr, skipping pointcloud publish.
[autoware_ndt_scan_matcher_node-24] [INFO] [1785818230.536618496] [localization.pose_estimator.ndt_scan_matcher]: Mismatch between pose timestamp and current timestamp
[component_container_mt-1] [WARN] [1785818230.636309537] [sensing.lidar.concatenate_data]: transformed_raw_points[/sensing/lidar/right/pointcloud_before_sync] is nullptr, skipping pointcloud publish.
[component_container_mt-1] [WARN] [1785818230.636362136] [sensing.lidar.concatenate_data]: transformed_raw_points[/sensing/lidar/left/pointcloud_before_sync] is nullptr, skipping pointcloud publish.
[autoware_ndt_scan_matcher_node-24] [INFO] [1785818230.636913962] [localization.pose_estimator.ndt_scan_matcher]: Mismatch between pose timestamp and current timestamp
[component_container-18] [WARN] [1785818230.642753478] [sensing.lidar.top.crop_box_filter_self]: Invalid PointCloud: is_dense is false. The point cloud should be organized (dense) and contain only valid points. This will be an ERROR starting in 2026 JulyFrame: 'velodyne_top', Stamp: 100.458998240
[component_container_mt-1] [WARN] [1785818230.736231071] [sensing.lidar.concatenate_data]: transformed_raw_points[/sensing/lidar/right/pointcloud_before_sync] is nullptr, skipping pointcloud publish.
[component_container_mt-1] [WARN] [1785818230.736315457] [sensing.lidar.concatenate_data]: transformed_raw_points[/sensing/lidar/left/pointcloud_before_sync] is nullptr, skipping pointcloud publish.
[autoware_ndt_scan_matcher_node-24] [INFO] [1785818230.737096287] [localization.pose_estimator.ndt_scan_matcher]: Mismatch between pose timestamp and current timestamp
[component_container_mt-1] [WARN] [1785818230.836221485] [sensing.lidar.concatenate_data]: transformed_raw_points[/sensing/lidar/right/pointcloud_before_sync] is nullptr, skipping pointcloud publish.
[component_container_mt-1] [WARN] [1785818230.836268062] [sensing.lidar.concatenate_data]: transformed_raw_points[/sensing/lidar/left/pointcloud_before_sync] is nullptr, skipping pointcloud publish.
[autoware_ndt_scan_matcher_node-24] [INFO] [1785818230.836870543] [localization.pose_estimator.ndt_scan_matcher]: Mismatch between pose timestamp and current timestamp
[component_container_mt-1] [WARN] [1785818230.936307977] [sensing.lidar.concatenate_data]: transformed_raw_points[/sensing/lidar/right/pointcloud_before_sync] is nullptr, skipping pointcloud publish.
[component_container_mt-1] [WARN] [1785818230.936357436] [sensing.lidar.concatenate_data]: transformed_raw_points[/sensing/lidar/left/pointcloud_before_sync] is nullptr, skipping pointcloud publish.
[autoware_ndt_scan_matcher_node-24] [INFO] [1785818230.936974303] [localization.pose_estimator.ndt_scan_matcher]: Mismatch between pose timestamp and current timestamp
[component_container_mt-1] [WARN] [1785818231.036556984] [sensing.lidar.concatenate_data]: transformed_raw_points[/sensing/lidar/right/pointcloud_before_sync] is nullptr, skipping pointcloud publish.
[component_container_mt-1] [WARN] [1785818231.036602193] [sensing.lidar.concatenate_data]: transformed_raw_points[/sensing/lidar/left/pointcloud_before_sync] is nullptr, skipping pointcloud publish.
[autoware_ndt_scan_matcher_node-24] [INFO] [1785818231.037069000] [localization.pose_estimator.ndt_scan_matcher]: Mismatch between pose timestamp and current timestamp
[component_container-7] [WARN] [1785818231.086393854] [system.topic_state_monitor_control_command_control_cmd]: /control/command/control_cmd topic rate has dropped to the warning level. Set WARN in diagnostics.
[component_container_mt-1] [WARN] [1785818231.136982194] [sensing.lidar.concatenate_data]: transformed_raw_points[/sensing/lidar/right/pointcloud_before_sync] is nullptr, skipping pointcloud publish.
[component_container_mt-1] [WARN] [1785818231.137025982] [sensing.lidar.concatenate_data]: transformed_raw_points[/sensing/lidar/left/pointcloud_before_sync] is nullptr, skipping pointcloud publish.
[autoware_ndt_scan_matcher_node-24] [INFO] [1785818231.137810904] [localization.pose_estimator.ndt_scan_matcher]: Mismatch between pose timestamp and current timestamp
[component_container_mt-47] [INFO] [1785818231.186916538] [control.vehicle_cmd_gate]: The operation mode is changed, but the GearCommand is not received yet:
[component_container_mt-1] [WARN] [1785818231.236199202] [sensing.lidar.concatenate_data]: transformed_raw_points[/sensing/lidar/right/pointcloud_before_sync] is nullptr, skipping pointcloud publish.
[component_container_mt-1] [WARN] [1785818231.236249244] [sensing.lidar.concatenate_data]: transformed_raw_points[/sensing/lidar/left/pointcloud_before_sync] is nullptr, skipping pointcloud publish.
[autoware_ndt_scan_matcher_node-24] [INFO] [1785818231.236736629] [localization.pose_estimator.ndt_scan_matcher]: Mismatch between pose timestamp and current timestamp
[autoware_mrm_handler_node-13] [INFO] [1785818231.286634821] [system.mrm_handler]: MRM State changed: NORMAL -> MRM_OPERATING
[autoware_mrm_handler_node-13] [WARN] [1785818231.286841905] [system.mrm_handler]: EMERGENCY_STOP is operated.
[component_container_mt-1] [WARN] [1785818231.336443436] [sensing.lidar.concatenate_data]: transformed_raw_points[/sensing/lidar/right/pointcloud_before_sync] is nullptr, skipping pointcloud publish.
[component_container_mt-1] [WARN] [1785818231.336490961] [sensing.lidar.concatenate_data]: transformed_raw_points[/sensing/lidar/left/pointcloud_before_sync] is nullptr, skipping pointcloud publish.
[component_container_mt-40] [INFO] [1785818231.336658689] [planning.scenario_planning.lane_driving.behavior_planning.behavior_path_planner]: waiting for scenario_topic
[component_container_mt-47] [WARN] [1785818231.337002088] [control.vehicle_cmd_gate]: Emergency!
[autoware_ndt_scan_matcher_node-24] [INFO] [1785818231.337185663] [localization.pose_estimator.ndt_scan_matcher]: Mismatch between pose timestamp and current timestamp
[autoware_mrm_handler_node-13] [INFO] [1785818231.386673004] [system.mrm_handler]: MRM State changed: MRM_OPERATING -> NORMAL
[autoware_mrm_handler_node-13] [WARN] [1785818231.386814842] [system.mrm_handler]: EMERGENCY_STOP is canceled.
[component_container_mt-1] [WARN] [1785818231.436499612] [sensing.lidar.concatenate_data]: transformed_raw_points[/sensing/lidar/right/pointcloud_before_sync] is nullptr, skipping pointcloud publish.
[component_container_mt-1] [WARN] [1785818231.436540893] [sensing.lidar.concatenate_data]: transformed_raw_points[/sensing/lidar/left/pointcloud_before_sync] is nullptr, skipping pointcloud publish.
[autoware_ndt_scan_matcher_node-24] [INFO] [1785818231.437746084] [localization.pose_estimator.ndt_scan_matcher]: Mismatch between pose timestamp and current timestamp
[component_container_mt-1] [WARN] [1785818231.536454350] [sensing.lidar.concatenate_data]: transformed_raw_points[/sensing/lidar/right/pointcloud_before_sync] is nullptr, skipping pointcloud publish.
[component_container_mt-1] [WARN] [1785818231.536503251] [sensing.lidar.concatenate_data]: transformed_raw_points[/sensing/lidar/left/pointcloud_before_sync] is nullptr, skipping pointcloud publish.
[autoware_ndt_scan_matcher_node-24] [INFO] [1785818231.537128173] [localization.pose_estimator.ndt_scan_matcher]: Mismatch between pose timestamp and current timestamp
[component_container_mt-1] [WARN] [1785818231.636349119] [sensing.lidar.concatenate_data]: transformed_raw_points[/sensing/lidar/right/pointcloud_before_sync] is nullptr, skipping pointcloud publish.
[component_container_mt-1] [WARN] [1785818231.636398263] [sensing.lidar.concatenate_data]: transformed_raw_points[/sensing/lidar/left/pointcloud_before_sync] is nullptr, skipping pointcloud publish.
[autoware_ndt_scan_matcher_node-24] [INFO] [1785818231.637251070] [localization.pose_estimator.ndt_scan_matcher]: Mismatch between pose timestamp and current timestamp
[component_container_mt-1] [WARN] [1785818231.736330420] [sensing.lidar.concatenate_data]: transformed_raw_points[/sensing/lidar/right/pointcloud_before_sync] is nullptr, skipping pointcloud publish.
[component_container_mt-1] [WARN] [1785818231.736372069] [sensing.lidar.concatenate_data]: transformed_raw_points[/sensing/lidar/left/pointcloud_before_sync] is nullptr, skipping pointcloud publish.
[autoware_ndt_scan_matcher_node-24] [INFO] [1785818231.737203487] [localization.pose_estimator.ndt_scan_matcher]: Mismatch between pose timestamp and current timestamp
[component_container_mt-1] [WARN] [1785818231.836203251] [sensing.lidar.concatenate_data]: transformed_raw_points[/sensing/lidar/right/pointcloud_before_sync] is nullptr, skipping pointcloud publish.
[component_container_mt-1] [WARN] [1785818231.836247178] [sensing.lidar.concatenate_data]: transformed_raw_points[/sensing/lidar/left/pointcloud_before_sync] is nullptr, skipping pointcloud publish.
[autoware_ndt_scan_matcher_node-24] [INFO] [1785818231.836888106] [localization.pose_estimator.ndt_scan_matcher]: Mismatch between pose timestamp and current timestamp
[component_container_mt-1] [WARN] [1785818231.936925801] [sensing.lidar.concatenate_data]: transformed_raw_points[/sensing/lidar/right/pointcloud_before_sync] is nullptr, skipping pointcloud publish.
[component_container_mt-1] [WARN] [1785818231.936965312] [sensing.lidar.concatenate_data]: transformed_raw_points[/sensing/lidar/left/pointcloud_before_sync] is nullptr, skipping pointcloud publish.
[autoware_ndt_scan_matcher_node-24] [INFO] [1785818231.937422282] [localization.pose_estimator.ndt_scan_matcher]: Mismatch between pose timestamp and current timestamp
[component_container-7] [INFO] [1785818231.986573820] [system.topic_state_monitor_mission_planning_route]: /planning/mission_planning/route has not received. Set ERROR in diagnostics.
[component_container_mt-1] [WARN] [1785818232.036370046] [sensing.lidar.concatenate_data]: transformed_raw_points[/sensing/lidar/right/pointcloud_before_sync] is nullptr, skipping pointcloud publish.
[component_container_mt-1] [WARN] [1785818232.036420294] [sensing.lidar.concatenate_data]: transformed_raw_points[/sensing/lidar/left/pointcloud_before_sync] is nullptr, skipping pointcloud publish.
[autoware_ndt_scan_matcher_node-24] [INFO] [1785818232.036902290] [localization.pose_estimator.ndt_scan_matcher]: Mismatch between pose timestamp and current timestamp
[component_container_mt-1] [WARN] [1785818232.136312141] [sensing.lidar.concatenate_data]: transformed_raw_points[/sensing/lidar/right/pointcloud_before_sync] is nullptr, skipping pointcloud publish.
[component_container_mt-1] [WARN] [1785818232.136361020] [sensing.lidar.concatenate_data]: transformed_raw_points[/sensing/lidar/left/pointcloud_before_sync] is nullptr, skipping pointcloud publish.
[autoware_ndt_scan_matcher_node-24] [INFO] [1785818232.137365067] [localization.pose_estimator.ndt_scan_matcher]: Mismatch between pose timestamp and current timestamp
[component_container_mt-1] [WARN] [1785818232.236186004] [sensing.lidar.concatenate_data]: transformed_raw_points[/sensing/lidar/right/pointcloud_before_sync] is nullptr, skipping pointcloud publish.
[component_container_mt-1] [WARN] [1785818232.236232297] [sensing.lidar.concatenate_data]: transformed_raw_points[/sensing/lidar/left/pointcloud_before_sync] is nullptr, skipping pointcloud publish.
[autoware_ndt_scan_matcher_node-24] [INFO] [1785818232.236686448] [localization.pose_estimator.ndt_scan_matcher]: Mismatch between pose timestamp and current timestamp
[autoware_mrm_handler_node-13] [INFO] [1785818232.286582131] [system.mrm_handler]: MRM State changed: NORMAL -> MRM_OPERATING
[autoware_mrm_handler_node-13] [WARN] [1785818232.286938334] [system.mrm_handler]: EMERGENCY_STOP is operated.
[component_container_mt-47] [WARN] [1785818232.336572873] [control.vehicle_cmd_gate]: Emergency!
[component_container_mt-1] [WARN] [1785818232.336575932] [sensing.lidar.concatenate_data]: transformed_raw_points[/sensing/lidar/right/pointcloud_before_sync] is nullptr, skipping pointcloud publish.
[component_container_mt-1] [WARN] [1785818232.336611976] [sensing.lidar.concatenate_data]: transformed_raw_points[/sensing/lidar/left/pointcloud_before_sync] is nullptr, skipping pointcloud publish.
[autoware_ndt_scan_matcher_node-24] [INFO] [1785818232.337867535] [localization.pose_estimator.ndt_scan_matcher]: Mismatch between pose timestamp and current timestamp
[autoware_mrm_handler_node-13] [INFO] [1785818232.386639212] [system.mrm_handler]: MRM State changed: MRM_OPERATING -> NORMAL
[autoware_mrm_handler_node-13] [WARN] [1785818232.386909191] [system.mrm_handler]: EMERGENCY_STOP is canceled.
[component_container_mt-1] [WARN] [1785818232.436560065] [sensing.lidar.concatenate_data]: transformed_raw_points[/sensing/lidar/right/pointcloud_before_sync] is nullptr, skipping pointcloud publish.
[component_container_mt-1] [WARN] [1785818232.436603774] [sensing.lidar.concatenate_data]: transformed_raw_points[/sensing/lidar/left/pointcloud_before_sync] is nullptr, skipping pointcloud publish.
[autoware_ndt_scan_matcher_node-24] [INFO] [1785818232.437120416] [localization.pose_estimator.ndt_scan_matcher]: Mismatch between pose timestamp and current timestamp
[component_container_mt-1] [WARN] [1785818232.536487123] [sensing.lidar.concatenate_data]: transformed_raw_points[/sensing/lidar/right/pointcloud_before_sync] is nullptr, skipping pointcloud publish.
[component_container_mt-1] [WARN] [1785818232.536535520] [sensing.lidar.concatenate_data]: transformed_raw_points[/sensing/lidar/left/pointcloud_before_sync] is nullptr, skipping pointcloud publish.
[autoware_ndt_scan_matcher_node-24] [INFO] [1785818232.537094542] [localization.pose_estimator.ndt_scan_matcher]: Mismatch between pose timestamp and current timestamp
[component_container_mt-1] [WARN] [1785818232.636088862] [sensing.lidar.concatenate_data]: transformed_raw_points[/sensing/lidar/right/pointcloud_before_sync] is nullptr, skipping pointcloud publish.
[component_container_mt-1] [WARN] [1785818232.636140339] [sensing.lidar.concatenate_data]: transformed_raw_points[/sensing/lidar/left/pointcloud_before_sync] is nullptr, skipping pointcloud publish.
[autoware_ndt_scan_matcher_node-24] [INFO] [1785818232.636788307] [localization.pose_estimator.ndt_scan_matcher]: Mismatch between pose timestamp and current timestamp
[component_container_mt-1] [WARN] [1785818232.736263474] [sensing.lidar.concatenate_data]: transformed_raw_points[/sensing/lidar/right/pointcloud_before_sync] is nullptr, skipping pointcloud publish.
[component_container_mt-1] [WARN] [1785818232.736302083] [sensing.lidar.concatenate_data]: transformed_raw_points[/sensing/lidar/left/pointcloud_before_sync] is nullptr, skipping pointcloud publish.
[autoware_ndt_scan_matcher_node-24] [INFO] [1785818232.736785634] [localization.pose_estimator.ndt_scan_matcher]: Mismatch between pose timestamp and current timestamp
[component_container_mt-1] [WARN] [1785818232.836342159] [sensing.lidar.concatenate_data]: transformed_raw_points[/sensing/lidar/right/pointcloud_before_sync] is nullptr, skipping pointcloud publish.
[component_container_mt-1] [WARN] [1785818232.836388474] [sensing.lidar.concatenate_data]: transformed_raw_points[/sensing/lidar/left/pointcloud_before_sync] is nullptr, skipping pointcloud publish.
[autoware_ndt_scan_matcher_node-24] [INFO] [1785818232.837475009] [localization.pose_estimator.ndt_scan_matcher]: Mismatch between pose timestamp and current timestamp
[component_container_mt-48] [INFO] [1785818232.886035743] [control.autonomous_emergency_braking]: [AEB] waiting for control predicted trajectory
[component_container_mt-1] [WARN] [1785818232.935882046] [sensing.lidar.concatenate_data]: transformed_raw_points[/sensing/lidar/right/pointcloud_before_sync] is nullptr, skipping pointcloud publish.
[component_container_mt-1] [WARN] [1785818232.935931298] [sensing.lidar.concatenate_data]: transformed_raw_points[/sensing/lidar/left/pointcloud_before_sync] is nullptr, skipping pointcloud publish.
[autoware_ndt_scan_matcher_node-24] [INFO] [1785818232.936463964] [localization.pose_estimator.ndt_scan_matcher]: Mismatch between pose timestamp and current timestamp
[component_container_mt-1] [WARN] [1785818233.036490833] [sensing.lidar.concatenate_data]: transformed_raw_points[/sensing/lidar/right/pointcloud_before_sync] is nullptr, skipping pointcloud publish.
[component_container_mt-1] [WARN] [1785818233.036539159] [sensing.lidar.concatenate_data]: transformed_raw_points[/sensing/lidar/left/pointcloud_before_sync] is nullptr, skipping pointcloud publish.
[autoware_ndt_scan_matcher_node-24] [INFO] [1785818233.037135657] [localization.pose_estimator.ndt_scan_matcher]: Mismatch between pose timestamp and current timestamp
[component_container_mt-1] [WARN] [1785818233.136633214] [sensing.lidar.concatenate_data]: transformed_raw_points[/sensing/lidar/right/pointcloud_before_sync] is nullptr, skipping pointcloud publish.
[component_container_mt-1] [WARN] [1785818233.137319185] [sensing.lidar.concatenate_data]: transformed_raw_points[/sensing/lidar/left/pointcloud_before_sync] is nullptr, skipping pointcloud publish.
[autoware_ndt_scan_matcher_node-24] [INFO] [1785818233.137393512] [localization.pose_estimator.ndt_scan_matcher]: Mismatch between pose timestamp and current timestamp
[component_container_mt-1] [WARN] [1785818233.236881639] [sensing.lidar.concatenate_data]: transformed_raw_points[/sensing/lidar/right/pointcloud_before_sync] is nullptr, skipping pointcloud publish.
[component_container_mt-1] [WARN] [1785818233.236933752] [sensing.lidar.concatenate_data]: transformed_raw_points[/sensing/lidar/left/pointcloud_before_sync] is nullptr, skipping pointcloud publish.
[autoware_ndt_scan_matcher_node-24] [INFO] [1785818233.237638511] [localization.pose_estimator.ndt_scan_matcher]: Mismatch between pose timestamp and current timestamp
[logging_node-14] [WARN] [1785818233.285823698] [logging_diag_graph]: The target mode is not available for the following reasons:
[logging_node-14] - /autoware/modes/autonomous ERROR
[logging_node-14]     - /autoware/localization ERROR
[logging_node-14]         - /autoware/localization/state STALE
[logging_node-14]     - /autoware/planning ERROR
[logging_node-14]         - /autoware/planning/routing/state STALE
[logging_node-14]         - [anonymous group] ERROR
[logging_node-14]             - /autoware/planning/topic_rate_check/route ERROR
[logging_node-14]             - /autoware/planning/topic_rate_check/trajectory ERROR
[logging_node-14]     - /autoware/perception ERROR
[logging_node-14]         - /autoware/perception/topic_rate_check/objects ERROR
[logging_node-14]         - /autoware/perception/topic_rate_check/pointcloud ERROR
[logging_node-14]     - /autoware/control ERROR
[logging_node-14]         - /autoware/control/topic_rate_check/trajectory_follower ERROR
[logging_node-14]         - /autoware/control/topic_rate_check/control_command WARN 
[logging_node-14]         - /autoware/control/performance_monitoring/lane_departure STALE
[logging_node-14]         - /autoware/control/performance_monitoring/control_state STALE
[logging_node-14]     - /adapi/mrm_request/delegate STALE
[logging_node-14] 
[autoware_mrm_handler_node-13] [INFO] [1785818233.286140099] [system.mrm_handler]: MRM State changed: NORMAL -> MRM_OPERATING
[autoware_mrm_handler_node-13] [WARN] [1785818233.286921300] [system.mrm_handler]: EMERGENCY_STOP is operated.
[component_container_mt-47] [WARN] [1785818233.336210418] [control.vehicle_cmd_gate]: Emergency!
[component_container_mt-1] [WARN] [1785818233.336643323] [sensing.lidar.concatenate_data]: transformed_raw_points[/sensing/lidar/right/pointcloud_before_sync] is nullptr, skipping pointcloud publish.
[component_container_mt-1] [WARN] [1785818233.336675133] [sensing.lidar.concatenate_data]: transformed_raw_points[/sensing/lidar/left/pointcloud_before_sync] is nullptr, skipping pointcloud publish.
[component_container_mt-48] [INFO] [1785818233.336829855] [control.control_validator]: waiting for /planning/trajectory
[autoware_ndt_scan_matcher_node-24] [INFO] [1785818233.337304730] [localization.pose_estimator.ndt_scan_matcher]: Mismatch between pose timestamp and current timestamp
[autoware_mrm_handler_node-13] [INFO] [1785818233.386611975] [system.mrm_handler]: MRM State changed: MRM_OPERATING -> NORMAL
[autoware_mrm_handler_node-13] [WARN] [1785818233.387700770] [system.mrm_handler]: EMERGENCY_STOP is canceled.
[component_container_mt-1] [WARN] [1785818233.435921995] [sensing.lidar.concatenate_data]: transformed_raw_points[/sensing/lidar/right/pointcloud_before_sync] is nullptr, skipping pointcloud publish.
[component_container_mt-1] [WARN] [1785818233.435970667] [sensing.lidar.concatenate_data]: transformed_raw_points[/sensing/lidar/left/pointcloud_before_sync] is nullptr, skipping pointcloud publish.
[autoware_ndt_scan_matcher_node-24] [INFO] [1785818233.436517582] [localization.pose_estimator.ndt_scan_matcher]: Mismatch between pose timestamp and current timestamp
[component_container_mt-1] [WARN] [1785818233.536098272] [sensing.lidar.concatenate_data]: transformed_raw_points[/sensing/lidar/right/pointcloud_before_sync] is nullptr, skipping pointcloud publish.
[component_container_mt-1] [WARN] [1785818233.536136842] [sensing.lidar.concatenate_data]: transformed_raw_points[/sensing/lidar/left/pointcloud_before_sync] is nullptr, skipping pointcloud publish.
[autoware_ndt_scan_matcher_node-24] [INFO] [1785818233.536840305] [localization.pose_estimator.ndt_scan_matcher]: Mismatch between pose timestamp and current timestamp
[component_container_mt-1] [WARN] [1785818233.636216033] [sensing.lidar.concatenate_data]: transformed_raw_points[/sensing/lidar/right/pointcloud_before_sync] is nullptr, skipping pointcloud publish.
[component_container_mt-1] [WARN] [1785818233.636263910] [sensing.lidar.concatenate_data]: transformed_raw_points[/sensing/lidar/left/pointcloud_before_sync] is nullptr, skipping pointcloud publish.
[autoware_ndt_scan_matcher_node-24] [INFO] [1785818233.637604065] [localization.pose_estimator.ndt_scan_matcher]: Mismatch between pose timestamp and current timestamp
[component_container_mt-1] [WARN] [1785818233.736027934] [sensing.lidar.concatenate_data]: transformed_raw_points[/sensing/lidar/right/pointcloud_before_sync] is nullptr, skipping pointcloud publish.
[component_container_mt-1] [WARN] [1785818233.736078679] [sensing.lidar.concatenate_data]: transformed_raw_points[/sensing/lidar/left/pointcloud_before_sync] is nullptr, skipping pointcloud publish.
[autoware_ndt_scan_matcher_node-24] [INFO] [1785818233.736495121] [localization.pose_estimator.ndt_scan_matcher]: Mismatch between pose timestamp and current timestamp
[component_container_mt-1] [WARN] [1785818233.836311101] [sensing.lidar.concatenate_data]: transformed_raw_points[/sensing/lidar/right/pointcloud_before_sync] is nullptr, skipping pointcloud publish.
[component_container_mt-1] [WARN] [1785818233.836360787] [sensing.lidar.concatenate_data]: transformed_raw_points[/sensing/lidar/left/pointcloud_before_sync] is nullptr, skipping pointcloud publish.
[autoware_ndt_scan_matcher_node-24] [INFO] [1785818233.836870133] [localization.pose_estimator.ndt_scan_matcher]: Mismatch between pose timestamp and current timestamp
[component_container_mt-1] [WARN] [1785818233.935998277] [sensing.lidar.concatenate_data]: transformed_raw_points[/sensing/lidar/right/pointcloud_before_sync] is nullptr, skipping pointcloud publish.
[component_container_mt-1] [WARN] [1785818233.936795024] [sensing.lidar.concatenate_data]: transformed_raw_points[/sensing/lidar/left/pointcloud_before_sync] is nullptr, skipping pointcloud publish.
[autoware_ndt_scan_matcher_node-24] [INFO] [1785818233.937274135] [localization.pose_estimator.ndt_scan_matcher]: Mismatch between pose timestamp and current timestamp
[component_container_mt-1] [WARN] [1785818234.037134017] [sensing.lidar.concatenate_data]: transformed_raw_points[/sensing/lidar/right/pointcloud_before_sync] is nullptr, skipping pointcloud publish.
[component_container_mt-1] [WARN] [1785818234.037175840] [sensing.lidar.concatenate_data]: transformed_raw_points[/sensing/lidar/left/pointcloud_before_sync] is nullptr, skipping pointcloud publish.
[autoware_ndt_scan_matcher_node-24] [INFO] [1785818234.037589260] [localization.pose_estimator.ndt_scan_matcher]: Mismatch between pose timestamp and current timestamp
[component_container-7] [WARN] [1785818234.086091400] [system.topic_state_monitor_obstacle_segmentation_pointcloud]: /perception/obstacle_segmentation/pointcloud topic is timeout. Set ERROR in diagnostics.
[component_container_mt-1] [WARN] [1785818234.136443585] [sensing.lidar.concatenate_data]: transformed_raw_points[/sensing/lidar/right/pointcloud_before_sync] is nullptr, skipping pointcloud publish.
[component_container_mt-1] [WARN] [1785818234.136512134] [sensing.lidar.concatenate_data]: transformed_raw_points[/sensing/lidar/left/pointcloud_before_sync] is nullptr, skipping pointcloud publish.
[autoware_ndt_scan_matcher_node-24] [INFO] [1785818234.137356831] [localization.pose_estimator.ndt_scan_matcher]: Mismatch between pose timestamp and current timestamp
[autoware_scenario_selector_node-36] [INFO] [1785818234.186049751] [planning.scenario_planning.scenario_selector]: Waiting for route.
[component_container_mt-48] [INFO] [1785818234.186278160] [control.trajectory_follower.lane_departure_checker_node]: waiting for route msg...
[component_container_mt-1] [WARN] [1785818234.236137404] [sensing.lidar.concatenate_data]: transformed_raw_points[/sensing/lidar/right/pointcloud_before_sync] is nullptr, skipping pointcloud publish.
[component_container_mt-1] [WARN] [1785818234.236184235] [sensing.lidar.concatenate_data]: transformed_raw_points[/sensing/lidar/left/pointcloud_before_sync] is nullptr, skipping pointcloud publish.
[autoware_ndt_scan_matcher_node-24] [INFO] [1785818234.236827445] [localization.pose_estimator.ndt_scan_matcher]: Mismatch between pose timestamp and current timestamp
[autoware_mrm_handler_node-13] [INFO] [1785818234.286576749] [system.mrm_handler]: MRM State changed: NORMAL -> MRM_OPERATING
[autoware_mrm_handler_node-13] [WARN] [1785818234.286723514] [system.mrm_handler]: EMERGENCY_STOP is operated.
[component_container_mt-1] [WARN] [1785818234.336257275] [sensing.lidar.concatenate_data]: transformed_raw_points[/sensing/lidar/right/pointcloud_before_sync] is nullptr, skipping pointcloud publish.
[component_container_mt-1] [WARN] [1785818234.336303362] [sensing.lidar.concatenate_data]: transformed_raw_points[/sensing/lidar/left/pointcloud_before_sync] is nullptr, skipping pointcloud publish.
[component_container_mt-47] [WARN] [1785818234.336316021] [control.vehicle_cmd_gate]: Emergency!
[autoware_ndt_scan_matcher_node-24] [INFO] [1785818234.336879455] [localization.pose_estimator.ndt_scan_matcher]: Mismatch between pose timestamp and current timestamp
[autoware_mrm_handler_node-13] [INFO] [1785818234.386071251] [system.mrm_handler]: MRM State changed: MRM_OPERATING -> NORMAL
[autoware_mrm_handler_node-13] [WARN] [1785818234.386777242] [system.mrm_handler]: EMERGENCY_STOP is canceled.
[component_container_mt-1] [WARN] [1785818234.436529091] [sensing.lidar.concatenate_data]: transformed_raw_points[/sensing/lidar/right/pointcloud_before_sync] is nullptr, skipping pointcloud publish.
[component_container_mt-1] [WARN] [1785818234.436565926] [sensing.lidar.concatenate_data]: transformed_raw_points[/sensing/lidar/left/pointcloud_before_sync] is nullptr, skipping pointcloud publish.
[autoware_ndt_scan_matcher_node-24] [INFO] [1785818234.436882933] [localization.pose_estimator.ndt_scan_matcher]: Mismatch between pose timestamp and current timestamp
[component_container_mt-1] [WARN] [1785818234.536155986] [sensing.lidar.concatenate_data]: transformed_raw_points[/sensing/lidar/right/pointcloud_before_sync] is nullptr, skipping pointcloud publish.
[component_container_mt-1] [WARN] [1785818234.536203429] [sensing.lidar.concatenate_data]: transformed_raw_points[/sensing/lidar/left/pointcloud_before_sync] is nullptr, skipping pointcloud publish.
[autoware_ndt_scan_matcher_node-24] [INFO] [1785818234.536709955] [localization.pose_estimator.ndt_scan_matcher]: Mismatch between pose timestamp and current timestamp
[component_container_mt-1] [WARN] [1785818234.636805207] [sensing.lidar.concatenate_data]: transformed_raw_points[/sensing/lidar/right/pointcloud_before_sync] is nullptr, skipping pointcloud publish.
[component_container_mt-1] [WARN] [1785818234.636847404] [sensing.lidar.concatenate_data]: transformed_raw_points[/sensing/lidar/left/pointcloud_before_sync] is nullptr, skipping pointcloud publish.
[autoware_ndt_scan_matcher_node-24] [INFO] [1785818234.637449186] [localization.pose_estimator.ndt_scan_matcher]: Mismatch between pose timestamp and current timestamp
[component_container_mt-1] [WARN] [1785818234.736160909] [sensing.lidar.concatenate_data]: transformed_raw_points[/sensing/lidar/right/pointcloud_before_sync] is nullptr, skipping pointcloud publish.
[component_container_mt-1] [WARN] [1785818234.736214494] [sensing.lidar.concatenate_data]: transformed_raw_points[/sensing/lidar/left/pointcloud_before_sync] is nullptr, skipping pointcloud publish.
[autoware_ndt_scan_matcher_node-24] [INFO] [1785818234.736916073] [localization.pose_estimator.ndt_scan_matcher]: Mismatch between pose timestamp and current timestamp
[component_container_mt-1] [WARN] [1785818234.743910234] [localization.util.crop_box_filter_measurement_range]: Invalid PointCloud: row_step mismatch. Expected: 101776 (width 6361 * point_step 16), Got: 0. Frame: 'base_link', Stamp: 104.558998301 Please fill in the `cloud->row_step` field accordingly. This will be an ERROR starting in 2026 July
[component_container_mt-1] [WARN] [1785818234.836247154] [sensing.lidar.concatenate_data]: transformed_raw_points[/sensing/lidar/right/pointcloud_before_sync] is nullptr, skipping pointcloud publish.
[component_container_mt-1] [WARN] [1785818234.836297745] [sensing.lidar.concatenate_data]: transformed_raw_points[/sensing/lidar/left/pointcloud_before_sync] is nullptr, skipping pointcloud publish.
[autoware_ndt_scan_matcher_node-24] [INFO] [1785818234.836865990] [localization.pose_estimator.ndt_scan_matcher]: Mismatch between pose timestamp and current timestamp
[component_container_mt-1] [WARN] [1785818234.936132832] [sensing.lidar.concatenate_data]: transformed_raw_points[/sensing/lidar/right/pointcloud_before_sync] is nullptr, skipping pointcloud publish.
[component_container_mt-1] [WARN] [1785818234.936185151] [sensing.lidar.concatenate_data]: transformed_raw_points[/sensing/lidar/left/pointcloud_before_sync] is nullptr, skipping pointcloud publish.
[autoware_ndt_scan_matcher_node-24] [INFO] [1785818234.936661722] [localization.pose_estimator.ndt_scan_matcher]: Mismatch between pose timestamp and current timestamp
[component_container-7] [INFO] [1785818234.986360088] [system.topic_state_monitor_mission_planning_route]: /planning/mission_planning/route has not received. Set ERROR in diagnostics.
[component_container_mt-1] [WARN] [1785818235.036168717] [sensing.lidar.concatenate_data]: transformed_raw_points[/sensing/lidar/right/pointcloud_before_sync] is nullptr, skipping pointcloud publish.
[component_container_mt-1] [WARN] [1785818235.036222452] [sensing.lidar.concatenate_data]: transformed_raw_points[/sensing/lidar/left/pointcloud_before_sync] is nullptr, skipping pointcloud publish.
[autoware_ndt_scan_matcher_node-24] [INFO] [1785818235.037001126] [localization.pose_estimator.ndt_scan_matcher]: Mismatch between pose timestamp and current timestamp
[component_container_mt-1] [WARN] [1785818235.136080376] [sensing.lidar.concatenate_data]: transformed_raw_points[/sensing/lidar/right/pointcloud_before_sync] is nullptr, skipping pointcloud publish.
[component_container_mt-1] [WARN] [1785818235.136128852] [sensing.lidar.concatenate_data]: transformed_raw_points[/sensing/lidar/left/pointcloud_before_sync] is nullptr, skipping pointcloud publish.
[autoware_ndt_scan_matcher_node-24] [INFO] [1785818235.136716763] [localization.pose_estimator.ndt_scan_matcher]: Mismatch between pose timestamp and current timestamp
[component_container_mt-1] [WARN] [1785818235.236399148] [sensing.lidar.concatenate_data]: transformed_raw_points[/sensing/lidar/right/pointcloud_before_sync] is nullptr, skipping pointcloud publish.
[component_container_mt-1] [WARN] [1785818235.236446085] [sensing.lidar.concatenate_data]: transformed_raw_points[/sensing/lidar/left/pointcloud_before_sync] is nullptr, skipping pointcloud publish.
[autoware_ndt_scan_matcher_node-24] [INFO] [1785818235.236880375] [localization.pose_estimator.ndt_scan_matcher]: Mismatch between pose timestamp and current timestamp
[autoware_mrm_handler_node-13] [INFO] [1785818235.287239651] [system.mrm_handler]: MRM State changed: NORMAL -> MRM_OPERATING
[component_container_mt-47] [INFO] [1785818235.287392056] [control.trajectory_follower.controller_node_exe]: Waiting for trajectory data
[component_container_mt-47] [INFO] [1785818235.287437379] [control.trajectory_follower.controller_node_exe]: Control is skipped since input data is not ready.
[autoware_mrm_handler_node-13] [WARN] [1785818235.287411827] [system.mrm_handler]: EMERGENCY_STOP is operated.
[component_container_mt-1] [WARN] [1785818235.336826872] [sensing.lidar.concatenate_data]: transformed_raw_points[/sensing/lidar/right/pointcloud_before_sync] is nullptr, skipping pointcloud publish.
[component_container_mt-1] [WARN] [1785818235.336867982] [sensing.lidar.concatenate_data]: transformed_raw_points[/sensing/lidar/left/pointcloud_before_sync] is nullptr, skipping pointcloud publish.
[component_container_mt-47] [WARN] [1785818235.336935766] [control.vehicle_cmd_gate]: Emergency!
[autoware_ndt_scan_matcher_node-24] [INFO] [1785818235.337307626] [localization.pose_estimator.ndt_scan_matcher]: Mismatch between pose timestamp and current timestamp
[autoware_mrm_handler_node-13] [INFO] [1785818235.386682435] [system.mrm_handler]: MRM State changed: MRM_OPERATING -> NORMAL
[autoware_mrm_handler_node-13] [WARN] [1785818235.386900312] [system.mrm_handler]: EMERGENCY_STOP is canceled.
[component_container_mt-1] [WARN] [1785818235.436456666] [sensing.lidar.concatenate_data]: transformed_raw_points[/sensing/lidar/right/pointcloud_before_sync] is nullptr, skipping pointcloud publish.
[component_container_mt-1] [WARN] [1785818235.436507865] [sensing.lidar.concatenate_data]: transformed_raw_points[/sensing/lidar/left/pointcloud_before_sync] is nullptr, skipping pointcloud publish.
[autoware_ndt_scan_matcher_node-24] [INFO] [1785818235.437239158] [localization.pose_estimator.ndt_scan_matcher]: Mismatch between pose timestamp and current timestamp
[component_container_mt-1] [WARN] [1785818235.537130456] [sensing.lidar.concatenate_data]: transformed_raw_points[/sensing/lidar/right/pointcloud_before_sync] is nullptr, skipping pointcloud publish.
[component_container_mt-1] [WARN] [1785818235.537174456] [sensing.lidar.concatenate_data]: transformed_raw_points[/sensing/lidar/left/pointcloud_before_sync] is nullptr, skipping pointcloud publish.
[autoware_ndt_scan_matcher_node-24] [INFO] [1785818235.537569809] [localization.pose_estimator.ndt_scan_matcher]: Mismatch between pose timestamp and current timestamp
[component_container_mt-1] [WARN] [1785818235.636097114] [sensing.lidar.concatenate_data]: transformed_raw_points[/sensing/lidar/right/pointcloud_before_sync] is nullptr, skipping pointcloud publish.
[component_container_mt-1] [WARN] [1785818235.636148935] [sensing.lidar.concatenate_data]: transformed_raw_points[/sensing/lidar/left/pointcloud_before_sync] is nullptr, skipping pointcloud publish.
[autoware_ndt_scan_matcher_node-24] [INFO] [1785818235.636642264] [localization.pose_estimator.ndt_scan_matcher]: Mismatch between pose timestamp and current timestamp
[component_container-18] [WARN] [1785818235.642327703] [sensing.lidar.top.crop_box_filter_self]: Invalid PointCloud: is_dense is false. The point cloud should be organized (dense) and contain only valid points. This will be an ERROR starting in 2026 JulyFrame: 'velodyne_top', Stamp: 105.458998315
[component_container_mt-1] [WARN] [1785818235.736209707] [sensing.lidar.concatenate_data]: transformed_raw_points[/sensing/lidar/right/pointcloud_before_sync] is nullptr, skipping pointcloud publish.
[component_container_mt-1] [WARN] [1785818235.736254037] [sensing.lidar.concatenate_data]: transformed_raw_points[/sensing/lidar/left/pointcloud_before_sync] is nullptr, skipping pointcloud publish.
[autoware_ndt_scan_matcher_node-24] [INFO] [1785818235.737115948] [localization.pose_estimator.ndt_scan_matcher]: Mismatch between pose timestamp and current timestamp
[component_container_mt-1] [WARN] [1785818235.836081144] [sensing.lidar.concatenate_data]: transformed_raw_points[/sensing/lidar/right/pointcloud_before_sync] is nullptr, skipping pointcloud publish.
[component_container_mt-1] [WARN] [1785818235.836129792] [sensing.lidar.concatenate_data]: transformed_raw_points[/sensing/lidar/left/pointcloud_before_sync] is nullptr, skipping pointcloud publish.
[autoware_ndt_scan_matcher_node-24] [INFO] [1785818235.836689157] [localization.pose_estimator.ndt_scan_matcher]: Mismatch between pose timestamp and current timestamp
[component_container_mt-1] [WARN] [1785818235.936038469] [sensing.lidar.concatenate_data]: transformed_raw_points[/sensing/lidar/right/pointcloud_before_sync] is nullptr, skipping pointcloud publish.
[component_container_mt-1] [WARN] [1785818235.936086438] [sensing.lidar.concatenate_data]: transformed_raw_points[/sensing/lidar/left/pointcloud_before_sync] is nullptr, skipping pointcloud publish.
[autoware_ndt_scan_matcher_node-24] [INFO] [1785818235.936712626] [localization.pose_estimator.ndt_scan_matcher]: Mismatch between pose timestamp and current timestamp
[component_container_mt-1] [WARN] [1785818236.036177323] [sensing.lidar.concatenate_data]: transformed_raw_points[/sensing/lidar/right/pointcloud_before_sync] is nullptr, skipping pointcloud publish.
[component_container_mt-1] [WARN] [1785818236.036230313] [sensing.lidar.concatenate_data]: transformed_raw_points[/sensing/lidar/left/pointcloud_before_sync] is nullptr, skipping pointcloud publish.
[autoware_ndt_scan_matcher_node-24] [INFO] [1785818236.036703686] [localization.pose_estimator.ndt_scan_matcher]: Mismatch between pose timestamp and current timestamp
[component_container_mt-1] [WARN] [1785818236.136573299] [sensing.lidar.concatenate_data]: transformed_raw_points[/sensing/lidar/right/pointcloud_before_sync] is nullptr, skipping pointcloud publish.
[component_container_mt-1] [WARN] [1785818236.136640590] [sensing.lidar.concatenate_data]: transformed_raw_points[/sensing/lidar/left/pointcloud_before_sync] is nullptr, skipping pointcloud publish.
[autoware_ndt_scan_matcher_node-24] [INFO] [1785818236.137798106] [localization.pose_estimator.ndt_scan_matcher]: Mismatch between pose timestamp and current timestamp
[component_container-18] [WARN] [1785818236.142916459] [sensing.lidar.top.distortion_corrector_node]: Twist time_stamp is too late. Could not interpolate.
[component_container_mt-47] [INFO] [1785818236.186507275] [control.vehicle_cmd_gate]: The operation mode is changed, but the GearCommand is not received yet:
[component_container_mt-1] [WARN] [1785818236.236393316] [sensing.lidar.concatenate_data]: transformed_raw_points[/sensing/lidar/right/pointcloud_before_sync] is nullptr, skipping pointcloud publish.
[component_container_mt-1] [WARN] [1785818236.236441178] [sensing.lidar.concatenate_data]: transformed_raw_points[/sensing/lidar/left/pointcloud_before_sync] is nullptr, skipping pointcloud publish.
[gyro_bias_estimator_node-22] [ERROR] [1785818236.238080618] [sensing.imu.gyro_bias_scale_validator]: DT_pose is zero
[logging_node-14] [WARN] [1785818236.285711347] [logging_diag_graph]: The target mode is not available for the following reasons:
[logging_node-14] - /autoware/modes/autonomous ERROR
[logging_node-14]     - /autoware/localization ERROR
[logging_node-14]         - /autoware/localization/state STALE
[logging_node-14]         - [anonymous group] WARN 
[logging_node-14]             - /autoware/localization/scan_matching_status WARN 
[logging_node-14]     - /autoware/planning ERROR
[logging_node-14]         - /autoware/planning/routing/state STALE
[logging_node-14]         - [anonymous group] ERROR
[logging_node-14]             - /autoware/planning/topic_rate_check/route ERROR
[logging_node-14]             - /autoware/planning/topic_rate_check/trajectory ERROR
[logging_node-14]     - /autoware/perception ERROR
[logging_node-14]         - /autoware/perception/topic_rate_check/objects ERROR
[logging_node-14]         - /autoware/perception/topic_rate_check/pointcloud ERROR
[logging_node-14]     - /autoware/control ERROR
[logging_node-14]         - /autoware/control/topic_rate_check/trajectory_follower ERROR
[logging_node-14]         - /autoware/control/topic_rate_check/control_command WARN 
[logging_node-14]         - /autoware/control/performance_monitoring/control_state STALE
[logging_node-14]     - /adapi/mrm_request/delegate STALE
[logging_node-14] 
[autoware_mrm_handler_node-13] [INFO] [1785818236.286181422] [system.mrm_handler]: MRM State changed: NORMAL -> MRM_OPERATING
[autoware_mrm_handler_node-13] [WARN] [1785818236.287504155] [system.mrm_handler]: EMERGENCY_STOP is operated.
[component_container_mt-1] [WARN] [1785818236.336437375] [sensing.lidar.concatenate_data]: transformed_raw_points[/sensing/lidar/right/pointcloud_before_sync] is nullptr, skipping pointcloud publish.
[component_container_mt-1] [WARN] [1785818236.336482538] [sensing.lidar.concatenate_data]: transformed_raw_points[/sensing/lidar/left/pointcloud_before_sync] is nullptr, skipping pointcloud publish.
[component_container_mt-40] [INFO] [1785818236.336693043] [planning.scenario_planning.lane_driving.behavior_planning.behavior_path_planner]: waiting for scenario_topic
[component_container_mt-47] [WARN] [1785818236.336756382] [control.vehicle_cmd_gate]: Emergency!
[autoware_mrm_handler_node-13] [INFO] [1785818236.386394448] [system.mrm_handler]: MRM State changed: MRM_OPERATING -> NORMAL
[autoware_mrm_handler_node-13] [WARN] [1785818236.386607408] [system.mrm_handler]: EMERGENCY_STOP is canceled.
[component_container_mt-1] [WARN] [1785818236.436227630] [sensing.lidar.concatenate_data]: transformed_raw_points[/sensing/lidar/right/pointcloud_before_sync] is nullptr, skipping pointcloud publish.
[component_container_mt-1] [WARN] [1785818236.436275237] [sensing.lidar.concatenate_data]: transformed_raw_points[/sensing/lidar/left/pointcloud_before_sync] is nullptr, skipping pointcloud publish.
[component_container_mt-1] [WARN] [1785818236.536100801] [sensing.lidar.concatenate_data]: transformed_raw_points[/sensing/lidar/right/pointcloud_before_sync] is nullptr, skipping pointcloud publish.
[component_container_mt-1] [WARN] [1785818236.536151075] [sensing.lidar.concatenate_data]: transformed_raw_points[/sensing/lidar/left/pointcloud_before_sync] is nullptr, skipping pointcloud publish.
[component_container_mt-1] [WARN] [1785818236.636175150] [sensing.lidar.concatenate_data]: transformed_raw_points[/sensing/lidar/right/pointcloud_before_sync] is nullptr, skipping pointcloud publish.
[component_container_mt-1] [WARN] [1785818236.636225992] [sensing.lidar.concatenate_data]: transformed_raw_points[/sensing/lidar/left/pointcloud_before_sync] is nullptr, skipping pointcloud publish.
[component_container_mt-1] [WARN] [1785818236.736689138] [sensing.lidar.concatenate_data]: transformed_raw_points[/sensing/lidar/right/pointcloud_before_sync] is nullptr, skipping pointcloud publish.
[component_container_mt-1] [WARN] [1785818236.736735802] [sensing.lidar.concatenate_data]: transformed_raw_points[/sensing/lidar/left/pointcloud_before_sync] is nullptr, skipping pointcloud publish.
[component_container_mt-1] [WARN] [1785818236.836036725] [sensing.lidar.concatenate_data]: transformed_raw_points[/sensing/lidar/right/pointcloud_before_sync] is nullptr, skipping pointcloud publish.
[component_container_mt-1] [WARN] [1785818236.836085182] [sensing.lidar.concatenate_data]: transformed_raw_points[/sensing/lidar/left/pointcloud_before_sync] is nullptr, skipping pointcloud publish.
[component_container_mt-1] [WARN] [1785818236.936299639] [sensing.lidar.concatenate_data]: transformed_raw_points[/sensing/lidar/right/pointcloud_before_sync] is nullptr, skipping pointcloud publish.
[component_container_mt-1] [WARN] [1785818236.936346262] [sensing.lidar.concatenate_data]: transformed_raw_points[/sensing/lidar/left/pointcloud_before_sync] is nullptr, skipping pointcloud publish.
[component_container_mt-1] [WARN] [1785818237.036669778] [sensing.lidar.concatenate_data]: transformed_raw_points[/sensing/lidar/right/pointcloud_before_sync] is nullptr, skipping pointcloud publish.
[component_container_mt-1] [WARN] [1785818237.036719460] [sensing.lidar.concatenate_data]: transformed_raw_points[/sensing/lidar/left/pointcloud_before_sync] is nullptr, skipping pointcloud publish.
[component_container-7] [WARN] [1785818237.086384050] [system.topic_state_monitor_obstacle_segmentation_pointcloud]: /perception/obstacle_segmentation/pointcloud topic is timeout. Set ERROR in diagnostics.
[component_container_mt-1] [WARN] [1785818237.136049240] [sensing.lidar.concatenate_data]: transformed_raw_points[/sensing/lidar/right/pointcloud_before_sync] is nullptr, skipping pointcloud publish.
[component_container_mt-1] [WARN] [1785818237.136100112] [sensing.lidar.concatenate_data]: transformed_raw_points[/sensing/lidar/left/pointcloud_before_sync] is nullptr, skipping pointcloud publish.
[component_container_mt-1] [WARN] [1785818237.235888387] [sensing.lidar.concatenate_data]: transformed_raw_points[/sensing/lidar/right/pointcloud_before_sync] is nullptr, skipping pointcloud publish.
[component_container_mt-1] [WARN] [1785818237.235943103] [sensing.lidar.concatenate_data]: transformed_raw_points[/sensing/lidar/left/pointcloud_before_sync] is nullptr, skipping pointcloud publish.
[autoware_mrm_handler_node-13] [INFO] [1785818237.285972234] [system.mrm_handler]: MRM State changed: NORMAL -> MRM_OPERATING
[autoware_mrm_handler_node-13] [WARN] [1785818237.286759602] [system.mrm_handler]: EMERGENCY_STOP is operated.
[component_container_mt-1] [WARN] [1785818237.336255759] [sensing.lidar.concatenate_data]: transformed_raw_points[/sensing/lidar/right/pointcloud_before_sync] is nullptr, skipping pointcloud publish.
[component_container_mt-1] [WARN] [1785818237.336344595] [sensing.lidar.concatenate_data]: transformed_raw_points[/sensing/lidar/left/pointcloud_before_sync] is nullptr, skipping pointcloud publish.
[component_container_mt-47] [WARN] [1785818237.336374345] [control.vehicle_cmd_gate]: Emergency!
[autoware_mrm_handler_node-13] [INFO] [1785818237.385761759] [system.mrm_handler]: MRM State changed: MRM_OPERATING -> NORMAL
[autoware_mrm_handler_node-13] [WARN] [1785818237.386423784] [system.mrm_handler]: EMERGENCY_STOP is canceled.
[component_container_mt-1] [WARN] [1785818237.435982416] [sensing.lidar.concatenate_data]: transformed_raw_points[/sensing/lidar/right/pointcloud_before_sync] is nullptr, skipping pointcloud publish.
[component_container_mt-1] [WARN] [1785818237.436036220] [sensing.lidar.concatenate_data]: transformed_raw_points[/sensing/lidar/left/pointcloud_before_sync] is nullptr, skipping pointcloud publish.
[component_container_mt-1] [WARN] [1785818237.536645523] [sensing.lidar.concatenate_data]: transformed_raw_points[/sensing/lidar/right/pointcloud_before_sync] is nullptr, skipping pointcloud publish.
[component_container_mt-1] [WARN] [1785818237.536689317] [sensing.lidar.concatenate_data]: transformed_raw_points[/sensing/lidar/left/pointcloud_before_sync] is nullptr, skipping pointcloud publish.
[component_container_mt-1] [WARN] [1785818237.636045479] [sensing.lidar.concatenate_data]: transformed_raw_points[/sensing/lidar/right/pointcloud_before_sync] is nullptr, skipping pointcloud publish.
[component_container_mt-1] [WARN] [1785818237.636095345] [sensing.lidar.concatenate_data]: transformed_raw_points[/sensing/lidar/left/pointcloud_before_sync] is nullptr, skipping pointcloud publish.
[component_container_mt-1] [WARN] [1785818237.736363856] [sensing.lidar.concatenate_data]: transformed_raw_points[/sensing/lidar/right/pointcloud_before_sync] is nullptr, skipping pointcloud publish.
[component_container_mt-1] [WARN] [1785818237.736418733] [sensing.lidar.concatenate_data]: transformed_raw_points[/sensing/lidar/left/pointcloud_before_sync] is nullptr, skipping pointcloud publish.
[component_container_mt-1] [WARN] [1785818237.835960168] [sensing.lidar.concatenate_data]: transformed_raw_points[/sensing/lidar/right/pointcloud_before_sync] is nullptr, skipping pointcloud publish.
[component_container_mt-1] [WARN] [1785818237.836012817] [sensing.lidar.concatenate_data]: transformed_raw_points[/sensing/lidar/left/pointcloud_before_sync] is nullptr, skipping pointcloud publish.
[component_container_mt-48] [INFO] [1785818237.886787031] [control.autonomous_emergency_braking]: [AEB] waiting for control predicted trajectory
[component_container_mt-1] [WARN] [1785818237.936482906] [sensing.lidar.concatenate_data]: transformed_raw_points[/sensing/lidar/right/pointcloud_before_sync] is nullptr, skipping pointcloud publish.
[component_container_mt-1] [WARN] [1785818237.936528837] [sensing.lidar.concatenate_data]: transformed_raw_points[/sensing/lidar/left/pointcloud_before_sync] is nullptr, skipping pointcloud publish.
[component_container-7] [INFO] [1785818237.986878364] [system.topic_state_monitor_mission_planning_route]: /planning/mission_planning/route has not received. Set ERROR in diagnostics.
[component_container_mt-1] [WARN] [1785818238.036348376] [sensing.lidar.concatenate_data]: transformed_raw_points[/sensing/lidar/right/pointcloud_before_sync] is nullptr, skipping pointcloud publish.
[component_container_mt-1] [WARN] [1785818238.036393769] [sensing.lidar.concatenate_data]: transformed_raw_points[/sensing/lidar/left/pointcloud_before_sync] is nullptr, skipping pointcloud publish.
[component_container_mt-1] [WARN] [1785818238.136356545] [sensing.lidar.concatenate_data]: transformed_raw_points[/sensing/lidar/right/pointcloud_before_sync] is nullptr, skipping pointcloud publish.
[component_container_mt-1] [WARN] [1785818238.136399769] [sensing.lidar.concatenate_data]: transformed_raw_points[/sensing/lidar/left/pointcloud_before_sync] is nullptr, skipping pointcloud publish.
[component_container_mt-1] [WARN] [1785818238.236229902] [sensing.lidar.concatenate_data]: transformed_raw_points[/sensing/lidar/right/pointcloud_before_sync] is nullptr, skipping pointcloud publish.
[component_container_mt-1] [WARN] [1785818238.236277356] [sensing.lidar.concatenate_data]: transformed_raw_points[/sensing/lidar/left/pointcloud_before_sync] is nullptr, skipping pointcloud publish.
[component_container-18] [WARN] [1785818238.241508588] [sensing.lidar.top.distortion_corrector_node]: IMU time_stamp is too late. Could not interpolate.
[autoware_mrm_handler_node-13] [INFO] [1785818238.287063551] [system.mrm_handler]: MRM State changed: NORMAL -> MRM_OPERATING
[autoware_mrm_handler_node-13] [WARN] [1785818238.287331279] [system.mrm_handler]: EMERGENCY_STOP is operated.
[component_container_mt-1] [WARN] [1785818238.336500181] [sensing.lidar.concatenate_data]: transformed_raw_points[/sensing/lidar/right/pointcloud_before_sync] is nullptr, skipping pointcloud publish.
[component_container_mt-1] [WARN] [1785818238.336539426] [sensing.lidar.concatenate_data]: transformed_raw_points[/sensing/lidar/left/pointcloud_before_sync] is nullptr, skipping pointcloud publish.
[component_container_mt-47] [WARN] [1785818238.336786340] [control.vehicle_cmd_gate]: Emergency!
[component_container_mt-48] [INFO] [1785818238.336996003] [control.control_validator]: waiting for /planning/trajectory
[autoware_mrm_handler_node-13] [INFO] [1785818238.386165076] [system.mrm_handler]: MRM State changed: MRM_OPERATING -> NORMAL
[autoware_mrm_handler_node-13] [WARN] [1785818238.386809083] [system.mrm_handler]: EMERGENCY_STOP is canceled.
[component_container_mt-1] [WARN] [1785818238.436401294] [sensing.lidar.concatenate_data]: transformed_raw_points[/sensing/lidar/right/pointcloud_before_sync] is nullptr, skipping pointcloud publish.
[component_container_mt-1] [WARN] [1785818238.436448855] [sensing.lidar.concatenate_data]: transformed_raw_points[/sensing/lidar/left/pointcloud_before_sync] is nullptr, skipping pointcloud publish.
[component_container_mt-1] [WARN] [1785818238.536214170] [sensing.lidar.concatenate_data]: transformed_raw_points[/sensing/lidar/right/pointcloud_before_sync] is nullptr, skipping pointcloud publish.
[component_container_mt-1] [WARN] [1785818238.536260711] [sensing.lidar.concatenate_data]: transformed_raw_points[/sensing/lidar/left/pointcloud_before_sync] is nullptr, skipping pointcloud publish.
[component_container_mt-1] [WARN] [1785818238.636440509] [sensing.lidar.concatenate_data]: transformed_raw_points[/sensing/lidar/right/pointcloud_before_sync] is nullptr, skipping pointcloud publish.
[component_container_mt-1] [WARN] [1785818238.636487352] [sensing.lidar.concatenate_data]: transformed_raw_points[/sensing/lidar/left/pointcloud_before_sync] is nullptr, skipping pointcloud publish.
[component_container_mt-1] [WARN] [1785818238.736773194] [sensing.lidar.concatenate_data]: transformed_raw_points[/sensing/lidar/right/pointcloud_before_sync] is nullptr, skipping pointcloud publish.
[component_container_mt-1] [WARN] [1785818238.736818969] [sensing.lidar.concatenate_data]: transformed_raw_points[/sensing/lidar/left/pointcloud_before_sync] is nullptr, skipping pointcloud publish.
[component_container_mt-1] [WARN] [1785818238.835989289] [sensing.lidar.concatenate_data]: transformed_raw_points[/sensing/lidar/right/pointcloud_before_sync] is nullptr, skipping pointcloud publish.
[component_container_mt-1] [WARN] [1785818238.836038344] [sensing.lidar.concatenate_data]: transformed_raw_points[/sensing/lidar/left/pointcloud_before_sync] is nullptr, skipping pointcloud publish.
[component_container_mt-1] [WARN] [1785818238.936379669] [sensing.lidar.concatenate_data]: transformed_raw_points[/sensing/lidar/right/pointcloud_before_sync] is nullptr, skipping pointcloud publish.
[component_container_mt-1] [WARN] [1785818238.936428728] [sensing.lidar.concatenate_data]: transformed_raw_points[/sensing/lidar/left/pointcloud_before_sync] is nullptr, skipping pointcloud publish.
[component_container_mt-1] [WARN] [1785818239.036328393] [sensing.lidar.concatenate_data]: transformed_raw_points[/sensing/lidar/right/pointcloud_before_sync] is nullptr, skipping pointcloud publish.
[component_container_mt-1] [WARN] [1785818239.036383316] [sensing.lidar.concatenate_data]: transformed_raw_points[/sensing/lidar/left/pointcloud_before_sync] is nullptr, skipping pointcloud publish.
[component_container_mt-1] [WARN] [1785818239.136446346] [sensing.lidar.concatenate_data]: transformed_raw_points[/sensing/lidar/right/pointcloud_before_sync] is nullptr, skipping pointcloud publish.
[component_container_mt-1] [WARN] [1785818239.136490579] [sensing.lidar.concatenate_data]: transformed_raw_points[/sensing/lidar/left/pointcloud_before_sync] is nullptr, skipping pointcloud publish.
[component_container_mt-48] [INFO] [1785818239.186380645] [control.trajectory_follower.lane_departure_checker_node]: waiting for route msg...
[autoware_scenario_selector_node-36] [INFO] [1785818239.186686118] [planning.scenario_planning.scenario_selector]: Waiting for route.
[component_container_mt-1] [WARN] [1785818239.236570652] [sensing.lidar.concatenate_data]: transformed_raw_points[/sensing/lidar/right/pointcloud_before_sync] is nullptr, skipping pointcloud publish.
[component_container_mt-1] [WARN] [1785818239.236613493] [sensing.lidar.concatenate_data]: transformed_raw_points[/sensing/lidar/left/pointcloud_before_sync] is nullptr, skipping pointcloud publish.
[autoware_mrm_handler_node-13] [INFO] [1785818239.286297262] [system.mrm_handler]: MRM State changed: NORMAL -> MRM_OPERATING
[autoware_mrm_handler_node-13] [WARN] [1785818239.286455287] [system.mrm_handler]: EMERGENCY_STOP is operated.
[component_container_mt-1] [WARN] [1785818239.336658660] [sensing.lidar.concatenate_data]: transformed_raw_points[/sensing/lidar/right/pointcloud_before_sync] is nullptr, skipping pointcloud publish.
[component_container_mt-1] [WARN] [1785818239.336702768] [sensing.lidar.concatenate_data]: transformed_raw_points[/sensing/lidar/left/pointcloud_before_sync] is nullptr, skipping pointcloud publish.
[component_container_mt-47] [WARN] [1785818239.337484202] [control.vehicle_cmd_gate]: Emergency!
[autoware_mrm_handler_node-13] [INFO] [1785818239.386177857] [system.mrm_handler]: MRM State changed: MRM_OPERATING -> NORMAL
[logging_node-14] [WARN] [1785818239.386372630] [logging_diag_graph]: The target mode is not available for the following reasons:
[logging_node-14] - /autoware/modes/autonomous ERROR
[logging_node-14]     - /autoware/planning ERROR
[logging_node-14]         - /autoware/planning/routing/state ERROR
[logging_node-14]         - [anonymous group] ERROR
[logging_node-14]             - /autoware/planning/topic_rate_check/route ERROR
[logging_node-14]             - /autoware/planning/topic_rate_check/trajectory ERROR
[logging_node-14]             - /autoware/planning/trajectory_validation ERROR
[logging_node-14]     - /autoware/perception ERROR
[logging_node-14]         - /autoware/perception/topic_rate_check/objects ERROR
[logging_node-14]         - /autoware/perception/topic_rate_check/pointcloud ERROR
[logging_node-14]     - /autoware/control ERROR
[logging_node-14]         - /autoware/control/topic_rate_check/trajectory_follower ERROR
[logging_node-14]         - /autoware/control/topic_rate_check/control_command WARN 
[logging_node-14] 
[autoware_mrm_handler_node-13] [WARN] [1785818239.386390784] [system.mrm_handler]: EMERGENCY_STOP is canceled.
[component_container_mt-1] [WARN] [1785818239.436058001] [sensing.lidar.concatenate_data]: transformed_raw_points[/sensing/lidar/right/pointcloud_before_sync] is nullptr, skipping pointcloud publish.
[component_container_mt-1] [WARN] [1785818239.436106367] [sensing.lidar.concatenate_data]: transformed_raw_points[/sensing/lidar/left/pointcloud_before_sync] is nullptr, skipping pointcloud publish.
[component_container_mt-1] [WARN] [1785818239.536103838] [sensing.lidar.concatenate_data]: transformed_raw_points[/sensing/lidar/right/pointcloud_before_sync] is nullptr, skipping pointcloud publish.
[component_container_mt-1] [WARN] [1785818239.536148122] [sensing.lidar.concatenate_data]: transformed_raw_points[/sensing/lidar/left/pointcloud_before_sync] is nullptr, skipping pointcloud publish.
[component_container_mt-1] [WARN] [1785818239.636432028] [sensing.lidar.concatenate_data]: transformed_raw_points[/sensing/lidar/right/pointcloud_before_sync] is nullptr, skipping pointcloud publish.
[component_container_mt-1] [WARN] [1785818239.636476498] [sensing.lidar.concatenate_data]: transformed_raw_points[/sensing/lidar/left/pointcloud_before_sync] is nullptr, skipping pointcloud publish.
[component_container_mt-1] [WARN] [1785818239.736205932] [sensing.lidar.concatenate_data]: transformed_raw_points[/sensing/lidar/right/pointcloud_before_sync] is nullptr, skipping pointcloud publish.
[component_container_mt-1] [WARN] [1785818239.736251186] [sensing.lidar.concatenate_data]: transformed_raw_points[/sensing/lidar/left/pointcloud_before_sync] is nullptr, skipping pointcloud publish.
[component_container_mt-1] [WARN] [1785818239.836054381] [sensing.lidar.concatenate_data]: transformed_raw_points[/sensing/lidar/right/pointcloud_before_sync] is nullptr, skipping pointcloud publish.
[component_container_mt-1] [WARN] [1785818239.836111766] [sensing.lidar.concatenate_data]: transformed_raw_points[/sensing/lidar/left/pointcloud_before_sync] is nullptr, skipping pointcloud publish.
[component_container_mt-1] [WARN] [1785818239.936355919] [sensing.lidar.concatenate_data]: transformed_raw_points[/sensing/lidar/right/pointcloud_before_sync] is nullptr, skipping pointcloud publish.
[component_container_mt-1] [WARN] [1785818239.936402504] [sensing.lidar.concatenate_data]: transformed_raw_points[/sensing/lidar/left/pointcloud_before_sync] is nullptr, skipping pointcloud publish.
[component_container_mt-1] [WARN] [1785818240.036553583] [sensing.lidar.concatenate_data]: transformed_raw_points[/sensing/lidar/right/pointcloud_before_sync] is nullptr, skipping pointcloud publish.
[component_container_mt-1] [WARN] [1785818240.036601913] [sensing.lidar.concatenate_data]: transformed_raw_points[/sensing/lidar/left/pointcloud_before_sync] is nullptr, skipping pointcloud publish.
[component_container-7] [WARN] [1785818240.086119703] [system.topic_state_monitor_obstacle_segmentation_pointcloud]: /perception/obstacle_segmentation/pointcloud topic is timeout. Set ERROR in diagnostics.
[component_container_mt-1] [WARN] [1785818240.136073282] [sensing.lidar.concatenate_data]: transformed_raw_points[/sensing/lidar/right/pointcloud_before_sync] is nullptr, skipping pointcloud publish.
[component_container_mt-1] [WARN] [1785818240.136124781] [sensing.lidar.concatenate_data]: transformed_raw_points[/sensing/lidar/left/pointcloud_before_sync] is nullptr, skipping pointcloud publish.
[component_container_mt-1] [WARN] [1785818240.236301846] [sensing.lidar.concatenate_data]: transformed_raw_points[/sensing/lidar/right/pointcloud_before_sync] is nullptr, skipping pointcloud publish.
[component_container_mt-1] [WARN] [1785818240.236349261] [sensing.lidar.concatenate_data]: transformed_raw_points[/sensing/lidar/left/pointcloud_before_sync] is nullptr, skipping pointcloud publish.
[component_container_mt-47] [INFO] [1785818240.286224406] [control.trajectory_follower.controller_node_exe]: Waiting for trajectory data
[component_container_mt-47] [INFO] [1785818240.286268425] [control.trajectory_follower.controller_node_exe]: Control is skipped since input data is not ready.
[autoware_mrm_handler_node-13] [INFO] [1785818240.286425048] [system.mrm_handler]: MRM State changed: NORMAL -> MRM_OPERATING
[autoware_mrm_handler_node-13] [WARN] [1785818240.286967599] [system.mrm_handler]: EMERGENCY_STOP is operated.
[component_container_mt-47] [WARN] [1785818240.336674905] [control.vehicle_cmd_gate]: Emergency!
[component_container_mt-1] [WARN] [1785818240.336865441] [sensing.lidar.concatenate_data]: transformed_raw_points[/sensing/lidar/right/pointcloud_before_sync] is nullptr, skipping pointcloud publish.
[component_container_mt-1] [WARN] [1785818240.336906765] [sensing.lidar.concatenate_data]: transformed_raw_points[/sensing/lidar/left/pointcloud_before_sync] is nullptr, skipping pointcloud publish.
[autoware_mrm_handler_node-13] [INFO] [1785818240.386133658] [system.mrm_handler]: MRM State changed: MRM_OPERATING -> NORMAL
[autoware_mrm_handler_node-13] [WARN] [1785818240.386478028] [system.mrm_handler]: EMERGENCY_STOP is canceled.
[component_container_mt-1] [WARN] [1785818240.436528410] [sensing.lidar.concatenate_data]: transformed_raw_points[/sensing/lidar/right/pointcloud_before_sync] is nullptr, skipping pointcloud publish.
[component_container_mt-1] [WARN] [1785818240.436576427] [sensing.lidar.concatenate_data]: transformed_raw_points[/sensing/lidar/left/pointcloud_before_sync] is nullptr, skipping pointcloud publish.
[component_container_mt-1] [WARN] [1785818240.536227875] [sensing.lidar.concatenate_data]: transformed_raw_points[/sensing/lidar/right/pointcloud_before_sync] is nullptr, skipping pointcloud publish.
[component_container_mt-1] [WARN] [1785818240.536275717] [sensing.lidar.concatenate_data]: transformed_raw_points[/sensing/lidar/left/pointcloud_before_sync] is nullptr, skipping pointcloud publish.
[component_container_mt-1] [WARN] [1785818240.636069719] [sensing.lidar.concatenate_data]: transformed_raw_points[/sensing/lidar/right/pointcloud_before_sync] is nullptr, skipping pointcloud publish.
[component_container_mt-1] [WARN] [1785818240.636119649] [sensing.lidar.concatenate_data]: transformed_raw_points[/sensing/lidar/left/pointcloud_before_sync] is nullptr, skipping pointcloud publish.
[component_container-18] [WARN] [1785818240.641579790] [sensing.lidar.top.crop_box_filter_self]: Invalid PointCloud: is_dense is false. The point cloud should be organized (dense) and contain only valid points. This will be an ERROR starting in 2026 JulyFrame: 'velodyne_top', Stamp: 110.458998389
[component_container_mt-1] [WARN] [1785818240.736208772] [sensing.lidar.concatenate_data]: transformed_raw_points[/sensing/lidar/right/pointcloud_before_sync] is nullptr, skipping pointcloud publish.
[component_container_mt-1] [WARN] [1785818240.736254788] [sensing.lidar.concatenate_data]: transformed_raw_points[/sensing/lidar/left/pointcloud_before_sync] is nullptr, skipping pointcloud publish.
[component_container_mt-1] [WARN] [1785818240.836513793] [sensing.lidar.concatenate_data]: transformed_raw_points[/sensing/lidar/right/pointcloud_before_sync] is nullptr, skipping pointcloud publish.
[component_container_mt-1] [WARN] [1785818240.836561321] [sensing.lidar.concatenate_data]: transformed_raw_points[/sensing/lidar/left/pointcloud_before_sync] is nullptr, skipping pointcloud publish.
[component_container_mt-1] [WARN] [1785818240.936037473] [sensing.lidar.concatenate_data]: transformed_raw_points[/sensing/lidar/right/pointcloud_before_sync] is nullptr, skipping pointcloud publish.
[component_container_mt-1] [WARN] [1785818240.936086784] [sensing.lidar.concatenate_data]: transformed_raw_points[/sensing/lidar/left/pointcloud_before_sync] is nullptr, skipping pointcloud publish.
[component_container-7] [INFO] [1785818240.986047880] [system.topic_state_monitor_mission_planning_route]: /planning/mission_planning/route has not received. Set ERROR in diagnostics.
[component_container_mt-1] [WARN] [1785818241.036076919] [sensing.lidar.concatenate_data]: transformed_raw_points[/sensing/lidar/right/pointcloud_before_sync] is nullptr, skipping pointcloud publish.
[component_container_mt-1] [WARN] [1785818241.036132459] [sensing.lidar.concatenate_data]: transformed_raw_points[/sensing/lidar/left/pointcloud_before_sync] is nullptr, skipping pointcloud publish.
[component_container_mt-1] [WARN] [1785818241.136282431] [sensing.lidar.concatenate_data]: transformed_raw_points[/sensing/lidar/right/pointcloud_before_sync] is nullptr, skipping pointcloud publish.
[component_container_mt-1] [WARN] [1785818241.136330726] [sensing.lidar.concatenate_data]: transformed_raw_points[/sensing/lidar/left/pointcloud_before_sync] is nullptr, skipping pointcloud publish.
[component_container_mt-40] [INFO] [1785818241.161570001] [rclcpp]: signal_handler(SIGINT/SIGTERM)
[component_container_mt-42] [INFO] [1785818241.161575478] [rclcpp]: signal_handler(SIGINT/SIGTERM)
[autoware_hazard_lights_selector_node-39] [INFO] [1785818241.161562124] [rclcpp]: signal_handler(SIGINT/SIGTERM)
[component_container_mt-43] [INFO] [1785818241.161582317] [rclcpp]: signal_handler(SIGINT/SIGTERM)
[component_container_mt-47] [INFO] [1785818241.161604087] [rclcpp]: signal_handler(SIGINT/SIGTERM)
[relay-46] [INFO] [1785818241.161602443] [rclcpp]: signal_handler(SIGINT/SIGTERM)
[component_container_mt-48] [INFO] [1785818241.161617186] [rclcpp]: signal_handler(SIGINT/SIGTERM)
[component_container_mt-50] [INFO] [1785818241.161625891] [rclcpp]: signal_handler(SIGINT/SIGTERM)
[autoware_remaining_distance_time_calculator_node-45] [INFO] [1785818241.161593722] [rclcpp]: signal_handler(SIGINT/SIGTERM)
[initial_pose_adaptor_node-51] [INFO] [1785818241.161635293] [rclcpp]: signal_handler(SIGINT/SIGTERM)
[component_container_mt-1] [INFO] [1785818241.161646538] [rclcpp]: signal_handler(SIGINT/SIGTERM)
[processing_time_checker_node-4] [INFO] [1785818241.161667713] [rclcpp]: signal_handler(SIGINT/SIGTERM)
[robot_state_publisher-2] [INFO] [1785818241.161709227] [rclcpp]: signal_handler(SIGINT/SIGTERM)
[service_log_checker_node-6] [INFO] [1785818241.161905381] [rclcpp]: signal_handler(SIGINT/SIGTERM)
[autoware_pipeline_latency_monitor_node-5] [INFO] [1785818241.161907459] [rclcpp]: signal_handler(SIGINT/SIGTERM)
[routing_adaptor_node-52] [INFO] [1785818241.161922462] [rclcpp]: signal_handler(SIGINT/SIGTERM)
[planning_evaluator-44] [INFO] [1785818241.162233953] [rclcpp]: signal_handler(SIGINT/SIGTERM)
[component_container-9] [INFO] [1785818241.162239914] [rclcpp]: signal_handler(SIGINT/SIGTERM)
[autoware_ekf_localizer_node-28] [INFO] [1785818241.162244402] [rclcpp]: signal_handler(SIGINT/SIGTERM)
[autoware_duplicated_node_checker_node-3] [INFO] [1785818241.162282796] [rclcpp]: signal_handler(SIGINT/SIGTERM)
[autoware_ndt_scan_matcher_node-24] [INFO] [1785818241.162295105] [rclcpp]: signal_handler(SIGINT/SIGTERM)
[autoware_pose_initializer_node-26] [INFO] [1785818241.162316495] [rclcpp]: signal_handler(SIGINT/SIGTERM)
[autoware_automatic_pose_initializer_node-27] [INFO] [1785818241.162340121] [rclcpp]: signal_handler(SIGINT/SIGTERM)
[component_container-8] [INFO] [1785818241.162362769] [rclcpp]: signal_handler(SIGINT/SIGTERM)
[component_container-19] [INFO] [1785818241.162379711] [rclcpp]: signal_handler(SIGINT/SIGTERM)
[gyro_bias_estimator_node-22] [INFO] [1785818241.162394066] [rclcpp]: signal_handler(SIGINT/SIGTERM)
[control_evaluator-49] [INFO] [1785818241.162453532] [rclcpp]: signal_handler(SIGINT/SIGTERM)
[imu_corrector_node-21] [INFO] [1785818241.162297480] [rclcpp]: signal_handler(SIGINT/SIGTERM)
[component_container_mt-41] [INFO] [1785818241.162518637] [rclcpp]: signal_handler(SIGINT/SIGTERM)
[component_container_mt-34] [INFO] [1785818241.162542708] [rclcpp]: signal_handler(SIGINT/SIGTERM)
[converter_node-11] [INFO] [1785818241.162696734] [rclcpp]: signal_handler(SIGINT/SIGTERM)
[component_container-18] [INFO] [1785818241.162747309] [rclcpp]: signal_handler(SIGINT/SIGTERM)
[logging_node-14] [INFO] [1785818241.162780732] [rclcpp]: signal_handler(SIGINT/SIGTERM)
[autoware_vehicle_velocity_converter_node-23] [INFO] [1785818241.162797881] [rclcpp]: signal_handler(SIGINT/SIGTERM)
[autoware_map_projection_loader_node-17] [INFO] [1785818241.162821581] [rclcpp]: signal_handler(SIGINT/SIGTERM)
[component_container-38] [INFO] [1785818241.163047209] [rclcpp]: signal_handler(SIGINT/SIGTERM)
[autoware_gyro_odometer_node-25] [INFO] [1785818241.163046981] [rclcpp]: signal_handler(SIGINT/SIGTERM)
[component_container-20] [INFO] [1785818241.163083084] [rclcpp]: signal_handler(SIGINT/SIGTERM)
[component_container_mt-15] [INFO] [1785818241.163188572] [rclcpp]: signal_handler(SIGINT/SIGTERM)
[autoware_twist2accel_node-30] [INFO] [1785818241.163244175] [rclcpp]: signal_handler(SIGINT/SIGTERM)
[map_hash_generator-16] Traceback (most recent call last):
[map_hash_generator-16]   File "/opt/autoware/lib/autoware_map_loader/map_hash_generator", line 109, in <module>
[map_hash_generator-16]     main()
[map_hash_generator-16]   File "/opt/autoware/lib/autoware_map_loader/map_hash_generator", line 103, in main
[goal_pose_visualizer-35] [INFO] [1785818241.163373868] [rclcpp]: signal_handler(SIGINT/SIGTERM)
[map_hash_generator-16]     rclpy.spin(node)
[map_hash_generator-16]   File "/opt/ros/humble/local/lib/python3.10/dist-packages/rclpy/__init__.py", line 229, in spin
[map_hash_generator-16]     executor.spin_once()
[map_hash_generator-16]   File "/opt/ros/humble/local/lib/python3.10/dist-packages/rclpy/executors.py", line 808, in spin_once
[map_hash_generator-16]     self._spin_once_impl(timeout_sec)
[map_hash_generator-16]   File "/opt/ros/humble/local/lib/python3.10/dist-packages/rclpy/executors.py", line 797, in _spin_once_impl
[map_hash_generator-16]     handler, entity, node = self.wait_for_ready_callbacks(timeout_sec=timeout_sec)
[map_hash_generator-16]   File "/opt/ros/humble/local/lib/python3.10/dist-packages/rclpy/executors.py", line 780, in wait_for_ready_callbacks
[map_hash_generator-16]     return next(self._cb_iter)
[map_hash_generator-16]   File "/opt/ros/humble/local/lib/python3.10/dist-packages/rclpy/executors.py", line 681, in _wait_for_ready_callbacks
[map_hash_generator-16]     raise ExternalShutdownException()
[map_hash_generator-16] rclpy.executors.ExternalShutdownException
[component_container-7] [INFO] [1785818241.163493661] [rclcpp]: signal_handler(SIGINT/SIGTERM)
[autoware_manual_lane_change_handler_node-33] [INFO] [1785818241.163560538] [rclcpp]: signal_handler(SIGINT/SIGTERM)
[autoware_hazard_status_converter_node-12] [INFO] [1785818241.163560007] [rclcpp]: signal_handler(SIGINT/SIGTERM)
[autoware_localization_error_monitor_node-32] [INFO] [1785818241.163761769] [rclcpp]: signal_handler(SIGINT/SIGTERM)
[autoware_mrm_handler_node-13] [INFO] [1785818241.163782382] [rclcpp]: signal_handler(SIGINT/SIGTERM)
[aggregator_node-10] [INFO] [1785818241.163868846] [rclcpp]: signal_handler(SIGINT/SIGTERM)
[autoware_stop_filter_node-29] [INFO] [1785818241.163999047] [rclcpp]: signal_handler(SIGINT/SIGTERM)
[autoware_scenario_selector_node-36] [INFO] [1785818241.165375392] [rclcpp]: signal_handler(SIGINT/SIGTERM)
[external_velocity_limit_selector-37] [INFO] [1785818241.166350319] [rclcpp]: signal_handler(SIGINT/SIGTERM)
[INFO] [goal_pose_visualizer-35]: process has finished cleanly [pid 819]
[component_container_mt-40] Warning: class_loader.ClassLoader: SEVERE WARNING!!! Attempting to unload library while objects created by this loader exist in the heap! You should delete your objects before attempting to unload the library or destroying the ClassLoader. The library will NOT be unloaded.
[component_container_mt-40]          at line 127 in ./src/class_loader.cpp
[component_container_mt-40] Warning: class_loader.ClassLoader: SEVERE WARNING!!! Attempting to unload library while objects created by this loader exist in the heap! You should delete your objects before attempting to unload the library or destroying the ClassLoader. The library will NOT be unloaded.
[component_container_mt-40]          at line 127 in ./src/class_loader.cpp
[component_container_mt-40] Warning: class_loader.ClassLoader: SEVERE WARNING!!! Attempting to unload library while objects created by this loader exist in the heap! You should delete your objects before attempting to unload the library or destroying the ClassLoader. The library will NOT be unloaded.
[component_container_mt-40]          at line 127 in ./src/class_loader.cpp
[component_container_mt-40] Warning: class_loader.ClassLoader: SEVERE WARNING!!! Attempting to unload library while objects created by this loader exist in the heap! You should delete your objects before attempting to unload the library or destroying the ClassLoader. The library will NOT be unloaded.
[component_container_mt-40]          at line 127 in ./src/class_loader.cpp
[component_container_mt-40] Warning: class_loader.ClassLoader: SEVERE WARNING!!! Attempting to unload library while objects created by this loader exist in the heap! You should delete your objects before attempting to unload the library or destroying the ClassLoader. The library will NOT be unloaded.
[component_container_mt-40]          at line 127 in ./src/class_loader.cpp
[component_container_mt-40] Warning: class_loader.ClassLoader: SEVERE WARNING!!! Attempting to unload library while objects created by this loader exist in the heap! You should delete your objects before attempting to unload the library or destroying the ClassLoader. The library will NOT be unloaded.
[component_container_mt-40]          at line 127 in ./src/class_loader.cpp
[component_container_mt-40] Warning: class_loader.ClassLoader: SEVERE WARNING!!! Attempting to unload library while objects created by this loader exist in the heap! You should delete your objects before attempting to unload the library or destroying the ClassLoader. The library will NOT be unloaded.
[component_container_mt-40]          at line 127 in ./src/class_loader.cpp
[INFO] [aggregator_node-10]: process has finished cleanly [pid 425]
[INFO] [autoware_hazard_lights_selector_node-39]: process has finished cleanly [pid 1001]
[INFO] [robot_state_publisher-2]: process has finished cleanly [pid 409]
[INFO] [autoware_duplicated_node_checker_node-3]: process has finished cleanly [pid 411]
[INFO] [service_log_checker_node-6]: process has finished cleanly [pid 417]
[INFO] [autoware_pipeline_latency_monitor_node-5]: process has finished cleanly [pid 415]
[INFO] [autoware_remaining_distance_time_calculator_node-45]: process has finished cleanly [pid 1023]
[INFO] [converter_node-11]: process has finished cleanly [pid 427]
[INFO] [external_velocity_limit_selector-37]: process has finished cleanly [pid 905]
[INFO] [logging_node-14]: process has finished cleanly [pid 433]
[ERROR] [map_hash_generator-16]: process has died [pid 670, exit code 1, cmd '/opt/autoware/lib/autoware_map_loader/map_hash_generator --ros-args -r __node:=map_hash_generator -r __ns:=/map -p use_sim_time:=True -p wheel_radius:=0.383 -p wheel_width:=0.235 -p wheel_base:=2.79 -p wheel_tread:=1.64 -p front_overhang:=1.0 -p rear_overhang:=1.1 -p left_overhang:=0.128 -p right_overhang:=0.128 -p vehicle_height:=2.5 -p max_steer_angle:=0.7 -p use_sim_time:=True -p use_sim_time:=True --params-file /tmp/launch_params_eckn0go4 --params-file /tmp/launch_params_whn94878'].
[INFO] [autoware_map_projection_loader_node-17]: process has finished cleanly [pid 672]
[INFO] [relay-46]: process has finished cleanly [pid 1027]
[INFO] [gyro_bias_estimator_node-22]: process has finished cleanly [pid 689]
[INFO] [autoware_automatic_pose_initializer_node-27]: process has finished cleanly [pid 732]
[INFO] [autoware_mrm_handler_node-13]: process has finished cleanly [pid 431]
[INFO] [initial_pose_adaptor_node-51]: process has finished cleanly [pid 1111]
[INFO] [component_container-8]: process has finished cleanly [pid 421]
[component_container_mt-41] *** Aborted at 1785818241 (unix time) try "date -d @1785818241" if you are using GNU date ***
[component_container_mt-41] PC: @                0x0 (unknown)
[component_container_mt-41] *** SIGSEGV (@0x78a9a99c15e8) received by PID 1008 (TID 0x78aa50502f40) from PID 18446744072260163048; stack trace: ***
[INFO] [autoware_hazard_status_converter_node-12]: process has finished cleanly [pid 429]
[INFO] [autoware_localization_error_monitor_node-32]: process has finished cleanly [pid 808]
[INFO] [autoware_gyro_odometer_node-25]: process has finished cleanly [pid 702]
[INFO] [autoware_twist2accel_node-30]: process has finished cleanly [pid 778]
[component_container_mt-41]     @     0x78aa4cc844d6 google::(anonymous namespace)::FailureSignalHandler()
[component_container_mt-41]     @     0x78aa50803520 (unknown)
[INFO] [routing_adaptor_node-52]: process has finished cleanly [pid 1136]
[component_container_mt-41]     @     0x78aa50d46b31 rclcpp::CallbackGroup::~CallbackGroup()
[component_container_mt-41]     @     0x78aa50d41d3a (unknown)
[INFO] [autoware_manual_lane_change_handler_node-33]: process has finished cleanly [pid 812]
[INFO] [autoware_ekf_localizer_node-28]: process has finished cleanly [pid 737]
[component_container_mt-41]     @     0x78aa50d70001 rclcpp::node_interfaces::NodeBase::~NodeBase()
[INFO] [autoware_scenario_selector_node-36]: process has finished cleanly [pid 834]
[component_container_mt-34] *** Aborted at 1785818241 (unix time) try "date -d @1785818241" if you are using GNU date ***
[component_container_mt-41]     @     0x78aa50d700ba (unknown)
[component_container_mt-34] PC: @                0x0 (unknown)
[component_container_mt-34] *** SIGSEGV (@0x7bd6cc5abde0) received by PID 814 (TID 0x7bd6e410bf40) from PID 18446744072843083232; stack trace: ***
[component_container_mt-34]     @     0x7bd6dc52a4d6 google::(anonymous namespace)::FailureSignalHandler()
[component_container_mt-34]     @     0x7bd6e440c520 (unknown)
[component_container_mt-41]     @     0x78aa50d41d3a (unknown)
[component_container_mt-34]     @     0x7bd6e494fb31 rclcpp::CallbackGroup::~CallbackGroup()
[component_container_mt-34]     @     0x7bd6e494ad3a (unknown)
[component_container_mt-41]     @     0x78aa50d66b2f rclcpp::Node::~Node()
[component_container_mt-34]     @     0x7bd6e4979001 rclcpp::node_interfaces::NodeBase::~NodeBase()
[component_container_mt-34]     @     0x7bd6e49790ba (unknown)
[component_container_mt-34]     @     0x7bd6e494ad3a (unknown)
[component_container_mt-41]     @     0x78aa50e7d10a (unknown)
[component_container_mt-34]     @     0x7bd6e496fb2f rclcpp::Node::~Node()
[component_container_mt-34]     @     0x7bd6e4a8610a (unknown)
[component_container_mt-34]     @     0x7bd6e4a866a8 rclcpp_components::ComponentManager::~ComponentManager()
[component_container_mt-34]     @     0x5d81588e1bf4 (unknown)
[component_container_mt-34]     @     0x5d81588e16b9 (unknown)
[component_container_mt-41]     @     0x78aa50e8b9f7 (unknown)
[component_container_mt-34]     @     0x7bd6e43f3d90 (unknown)
[component_container_mt-34]     @     0x7bd6e43f3e40 __libc_start_main
[component_container_mt-34]     @     0x5d81588e1975 (unknown)
[component_container_mt-41]     @     0x78aa50e8b9ce (unknown)
[component_container_mt-41]     @     0x78aa50e7d67f rclcpp_components::ComponentManager::~ComponentManager()
[component_container_mt-41]     @     0x5a645a303bf4 (unknown)
[component_container_mt-41]     @     0x5a645a3036b9 (unknown)
[component_container_mt-41]     @     0x78aa507ead90 (unknown)
[component_container_mt-41]     @     0x78aa507eae40 __libc_start_main
[component_container_mt-41]     @     0x5a645a303975 (unknown)
[ERROR] [component_container_mt-1]: process has died [pid 407, exit code -11, cmd '/opt/ros/humble/lib/rclcpp_components/component_container_mt --ros-args -r __node:=pointcloud_container -r __ns:=/ -p use_sim_time:=True -p wheel_radius:=0.383 -p wheel_width:=0.235 -p wheel_base:=2.79 -p wheel_tread:=1.64 -p front_overhang:=1.0 -p rear_overhang:=1.1 -p left_overhang:=0.128 -p right_overhang:=0.128 -p vehicle_height:=2.5 -p max_steer_angle:=0.7'].
[ERROR] [component_container_mt-34]: process has died [pid 814, exit code -11, cmd '/opt/ros/humble/lib/rclcpp_components/component_container_mt --ros-args -r __node:=mission_planner_container -r __ns:=/planning/mission_planning -p use_sim_time:=True -p wheel_radius:=0.383 -p wheel_width:=0.235 -p wheel_base:=2.79 -p wheel_tread:=1.64 -p front_overhang:=1.0 -p rear_overhang:=1.1 -p left_overhang:=0.128 -p right_overhang:=0.128 -p vehicle_height:=2.5 -p max_steer_angle:=0.7 -p use_sim_time:=True -p use_sim_time:=True -p use_sim_time:=True -p wheel_radius:=0.383 -p wheel_width:=0.235 -p wheel_base:=2.79 -p wheel_tread:=1.64 -p front_overhang:=1.0 -p rear_overhang:=1.1 -p left_overhang:=0.128 -p right_overhang:=0.128 -p vehicle_height:=2.5 -p max_steer_angle:=0.7 -p use_sim_time:=True -p wheel_radius:=0.383 -p wheel_width:=0.235 -p wheel_base:=2.79 -p wheel_tread:=1.64 -p front_overhang:=1.0 -p rear_overhang:=1.1 -p left_overhang:=0.128 -p right_overhang:=0.128 -p vehicle_height:=2.5 -p max_steer_angle:=0.7 -p use_sim_time:=True -p wheel_radius:=0.383 -p wheel_width:=0.235 -p wheel_base:=2.79 -p wheel_tread:=1.64 -p front_overhang:=1.0 -p rear_overhang:=1.1 -p left_overhang:=0.128 -p right_overhang:=0.128 -p vehicle_height:=2.5 -p max_steer_angle:=0.7'].
[ERROR] [component_container_mt-41]: process has died [pid 1008, exit code -11, cmd '/opt/ros/humble/lib/rclcpp_components/component_container_mt --ros-args -r __node:=motion_planning_container -r __ns:=/planning/scenario_planning/lane_driving/motion_planning -p use_sim_time:=True -p wheel_radius:=0.383 -p wheel_width:=0.235 -p wheel_base:=2.79 -p wheel_tread:=1.64 -p front_overhang:=1.0 -p rear_overhang:=1.1 -p left_overhang:=0.128 -p right_overhang:=0.128 -p vehicle_height:=2.5 -p max_steer_angle:=0.7 -p use_sim_time:=True -p use_sim_time:=True -p use_sim_time:=True -p wheel_radius:=0.383 -p wheel_width:=0.235 -p wheel_base:=2.79 -p wheel_tread:=1.64 -p front_overhang:=1.0 -p rear_overhang:=1.1 -p left_overhang:=0.128 -p right_overhang:=0.128 -p vehicle_height:=2.5 -p max_steer_angle:=0.7 -p use_sim_time:=True -p wheel_radius:=0.383 -p wheel_width:=0.235 -p wheel_base:=2.79 -p wheel_tread:=1.64 -p front_overhang:=1.0 -p rear_overhang:=1.1 -p left_overhang:=0.128 -p right_overhang:=0.128 -p vehicle_height:=2.5 -p max_steer_angle:=0.7 -p use_sim_time:=True -p wheel_radius:=0.383 -p wheel_width:=0.235 -p wheel_base:=2.79 -p wheel_tread:=1.64 -p front_overhang:=1.0 -p rear_overhang:=1.1 -p left_overhang:=0.128 -p right_overhang:=0.128 -p vehicle_height:=2.5 -p max_steer_angle:=0.7'].
[INFO] [processing_time_checker_node-4]: process has finished cleanly [pid 413]
[INFO] [autoware_vehicle_velocity_converter_node-23]: process has finished cleanly [pid 691]
[INFO] [control_evaluator-49]: process has finished cleanly [pid 1073]
[INFO] [planning_evaluator-44]: process has finished cleanly [pid 1021]
[INFO] [imu_corrector_node-21]: process has finished cleanly [pid 687]
[INFO] [component_container-9]: process has finished cleanly [pid 423]
[INFO] [autoware_stop_filter_node-29]: process has finished cleanly [pid 771]
[INFO] [autoware_pose_initializer_node-26]: process has finished cleanly [pid 706]
[INFO] [component_container_mt-43]: process has finished cleanly [pid 1014]
[INFO] [autoware_ndt_scan_matcher_node-24]: process has finished cleanly [pid 698]
[INFO] [component_container-38]: process has finished cleanly [pid 922]
[INFO] [component_container_mt-15]: process has finished cleanly [pid 439]
[INFO] [component_container_mt-42]: process has finished cleanly [pid 1011]
[INFO] [component_container-18]: process has finished cleanly [pid 674]
[INFO] [component_container-19]: process has finished cleanly [pid 676]
[INFO] [component_container-20]: process has finished cleanly [pid 680]
[INFO] [component_container_mt-48]: process has finished cleanly [pid 1071]
[INFO] [component_container_mt-47]: process has finished cleanly [pid 1069]
[INFO] [component_container-7]: process has finished cleanly [pid 419]
[INFO] [component_container_mt-40]: process has finished cleanly [pid 1006]
[INFO] [component_container_mt-50]: process has finished cleanly [pid 1099]
