topic,header_stamp_ns,arrival_system_ns,arrival_steady_ns,clock_ns,size_bytes
/localization/kinematic_state,21797294274,1785838819595580923,64062364690962,-1,0
/sensing/lidar/top/pointcloud_raw_ex,21797294274,1785838819600914900,64062370024988,-1,238968
/localization/pose_estimator/pose_with_covariance,21797294274,1785838819603625750,64062372735692,-1,0
/localization/kinematic_state,21847294275,1785838819645568241,64062414678337,-1,0
/localization/kinematic_state,21897294275,1785838819695523496,64062464633566,-1,0
/sensing/lidar/top/pointcloud_raw_ex,21897294275,1785838819700479614,64062469589938,-1,243096
/localization/pose_estimator/pose_with_covariance,21897294275,1785838819704347733,64062473457833,-1,0
/localization/kinematic_state,21947294276,1785838819745659271,64062514769290,-1,0
/localization/kinematic_state,21997294277,1785838819795492287,64062564602124,-1,0
/sensing/lidar/top/pointcloud_raw_ex,21997294277,1785838819800946719,64062570056706,-1,243672
/localization/pose_estimator/pose_with_covariance,21997294277,1785838819803728994,64062572838882,-1,0
/localization/kinematic_state,22047294278,1785838819846611150,64062615721289,-1,0
/localization/kinematic_state,22097294278,1785838819896251015,64062665361038,-1,0
/sensing/lidar/top/pointcloud_raw_ex,22097294278,1785838819900689302,64062669799281,-1,240184
/localization/pose_estimator/pose_with_covariance,22097294278,1785838819903196170,64062672305946,-1,0
/localization/kinematic_state,22147294279,1785838819946363666,64062715473860,-1,0
/localization/kinematic_state,22197294280,1785838819996306766,64062765416596,22197294280,0
/control/command/control_cmd,22197294280,1785838819996314587,64062765424210,22197294280,80
/sensing/lidar/top/pointcloud_raw_ex,22197294280,1785838820000859524,64062769969333,22197294280,241976
/localization/pose_estimator/pose_with_covariance,22197294280,1785838820003328313,64062772438137,22197294280,0
/localization/kinematic_state,22247294281,1785838820045768713,64062814878671,22247294281,0
/localization/kinematic_state,22297294281,1785838820095292220,64062864402322,22297294281,0
/sensing/lidar/top/pointcloud_raw_ex,22297294281,1785838820099800202,64062868910099,22297294281,241016
/localization/pose_estimator/pose_with_covariance,22297294281,1785838820102482579,64062871592307,22297294281,0
/localization/kinematic_state,22347294282,1785838820146483113,64062915592849,22347294282,0
/localization/kinematic_state,22397294283,1785838820196337703,64062965447806,22397294283,0
/sensing/lidar/top/pointcloud_raw_ex,22397294283,1785838820201656533,64062970766449,22397294283,241144
/localization/pose_estimator/pose_with_covariance,22397294283,1785838820204593010,64062973703140,22397294283,0
/localization/kinematic_state,22447294284,1785838820245510456,64063014620319,22447294284,0
/localization/kinematic_state,22497294284,1785838820295843104,64063064952896,22497294284,0
/sensing/lidar/top/pointcloud_raw_ex,22497294284,1785838820300966840,64063070076531,22497294284,244728
/localization/pose_estimator/pose_with_covariance,22497294284,1785838820303308336,64063072418068,22497294284,0
/localization/kinematic_state,22547294285,1785838820346950409,64063116060439,22547294285,0
/localization/kinematic_state,22597294286,1785838820395568075,64063164677997,22597294286,0
/sensing/lidar/top/pointcloud_raw_ex,22597294286,1785838820400769552,64063169879441,22597294286,242872
/localization/pose_estimator/pose_with_covariance,22597294286,1785838820403374418,64063172484142,22597294286,0
/localization/kinematic_state,22647294287,1785838820446380396,64063215490141,22647294287,0
/localization/kinematic_state,22697294287,1785838820496475076,64063265584871,22697294287,0
/sensing/lidar/top/pointcloud_raw_ex,22697294287,1785838820502143219,64063271253156,22697294287,245944
/localization/pose_estimator/pose_with_covariance,22697294287,1785838820504560832,64063273670599,22697294287,0
/localization/kinematic_state,22747294288,1785838820546529451,64063315639343,22747294288,0
/localization/kinematic_state,22797294289,1785838820595812085,64063364921907,22797294289,0
/sensing/lidar/top/pointcloud_raw_ex,22797294289,1785838820601659989,64063370769870,22797294289,239000
/localization/pose_estimator/pose_with_covariance,22797294289,1785838820604957947,64063374067647,22797294289,0
/localization/kinematic_state,22847294290,1785838820645951583,64063415061346,22847294290,0
/localization/kinematic_state,22897294290,1785838820695654947,64063464764912,22897294290,0
/sensing/lidar/top/pointcloud_raw_ex,22897294290,1785838820701560213,64063470670045,22897294290,245816
/localization/pose_estimator/pose_with_covariance,22897294290,1785838820704758082,64063473867914,22897294290,0
/localization/kinematic_state,22947294291,1785838820746523685,64063515633547,22947294291,0
/localization/kinematic_state,22997294292,1785838820795707647,64063564817665,22997294292,0
/sensing/lidar/top/pointcloud_raw_ex,22997294292,1785838820800199142,64063569309071,22997294292,243576
/localization/pose_estimator/pose_with_covariance,22997294292,1785838820802863467,64063571973355,22997294292,0
/localization/kinematic_state,23047294293,1785838820846550555,64063615660619,23047294293,0
/localization/kinematic_state,23097294293,1785838820895702744,64063664812680,23097294293,0
/sensing/lidar/top/pointcloud_raw_ex,23097294293,1785838820901286818,64063670396730,23097294293,239480
/localization/pose_estimator/pose_with_covariance,23097294293,1785838820903903454,64063673013227,23097294293,0
/localization/kinematic_state,23147294294,1785838820946925451,64063716035431,23147294294,0
/localization/kinematic_state,23197294295,1785838820995718960,64063764828840,23197294295,0
/control/command/control_cmd,23197294295,1785838820996383190,64063765492983,23197294295,80
/sensing/lidar/top/pointcloud_raw_ex,23197294295,1785838821000664287,64063769774074,23197294295,238296
/localization/pose_estimator/pose_with_covariance,23197294295,1785838821003841806,64063772951542,23197294295,0
/localization/kinematic_state,23247294296,1785838821046810199,64063815920139,23247294296,0
/localization/kinematic_state,23297294296,1785838821095824797,64063864934614,23297294296,0
/sensing/lidar/top/pointcloud_raw_ex,23297294296,1785838821102313289,64063871423319,23297294296,239224
/localization/pose_estimator/pose_with_covariance,23297294296,1785838821104645413,64063873755077,23297294296,0
/localization/kinematic_state,23347294297,1785838821145669850,64063914779631,23347294297,0
/localization/kinematic_state,23397294298,1785838821196183570,64063965293308,23397294298,0
/sensing/lidar/top/pointcloud_raw_ex,23397294298,1785838821200765608,64063969875396,23397294298,243128
/localization/pose_estimator/pose_with_covariance,23397294298,1785838821202957850,64063972067616,23397294298,0
/localization/kinematic_state,23447294299,1785838821246379385,64064015489226,23447294299,0
/localization/kinematic_state,23497294299,1785838821298314763,64064067424654,23497294299,0
/sensing/lidar/top/pointcloud_raw_ex,23497294299,1785838821301289369,64064070399112,23497294299,240792
/localization/pose_estimator/pose_with_covariance,23497294299,1785838821303738428,64064072848140,23497294299,0
/localization/kinematic_state,23547294300,1785838821346097127,64064115206985,23547294300,0
/localization/kinematic_state,23597294301,1785838821395865705,64064164975542,23597294301,0
/sensing/lidar/top/pointcloud_raw_ex,23597294301,1785838821401684782,64064170794703,23597294301,239640
/localization/pose_estimator/pose_with_covariance,23597294301,1785838821404080996,64064173190778,23597294301,0
/localization/kinematic_state,23647294302,1785838821446030806,64064215140573,23647294302,0
/localization/kinematic_state,23697294302,1785838821496200504,64064265310309,23697294302,0
/sensing/lidar/top/pointcloud_raw_ex,23697294302,1785838821502052764,64064271162838,23697294302,242520
/localization/pose_estimator/pose_with_covariance,23697294302,1785838821504376139,64064273485858,23697294302,0
/localization/kinematic_state,23747294303,1785838821545536765,64064314646502,23747294303,0
/localization/kinematic_state,23797294304,1785838821595394693,64064364504432,23797294304,0
/sensing/lidar/top/pointcloud_raw_ex,23797294304,1785838821600221032,64064369386597,23797294304,241048
/localization/pose_estimator/pose_with_covariance,23797294304,1785838821603053745,64064372163594,23797294304,0
/localization/kinematic_state,23847294305,1785838821645470512,64064414580254,23847294305,0
/localization/kinematic_state,23897294305,1785838821695323870,64064464433653,23897294305,0
/sensing/lidar/top/pointcloud_raw_ex,23897294305,1785838821700347610,64064469457458,23897294305,242776
/localization/pose_estimator/pose_with_covariance,23897294305,1785838821703174443,64064472284216,23897294305,0
/localization/kinematic_state,23947294306,1785838821746070953,64064515180724,23947294306,0
/localization/kinematic_state,23997294307,1785838821795316282,64064564426009,23997294307,0
/sensing/lidar/top/pointcloud_raw_ex,23997294307,1785838821801050610,64064570160548,23997294307,241816
/localization/pose_estimator/pose_with_covariance,23997294307,1785838821803374166,64064572483888,23997294307,0
/localization/kinematic_state,24047294308,1785838821845873181,64064614983036,24047294308,0
/localization/kinematic_state,24097294308,1785838821895639357,64064664749411,24097294308,0
/sensing/lidar/top/pointcloud_raw_ex,24097294308,1785838821900567829,64064669677513,24097294308,244696
/localization/pose_estimator/pose_with_covariance,24097294308,1785838821903308438,64064672418198,24097294308,0
/localization/kinematic_state,24147294309,1785838821945738158,64064714847939,24147294309,0
/control/command/control_cmd,24147294309,1785838821945756194,64064714865824,24147294309,80
/control/command/control_cmd,24197294310,1785838821994926626,64064764036746,24197294310,80
/localization/kinematic_state,24197294310,1785838821995481559,64064764591375,24197294310,0
/sensing/lidar/top/pointcloud_raw_ex,24197294310,1785838822000013535,64064769123363,24197294310,241624
/localization/pose_estimator/pose_with_covariance,24197294310,1785838822002629794,64064771739641,24197294310,0
/control/command/control_cmd,24247294310,1785838822045209837,64064814319765,24247294310,80
/localization/kinematic_state,24247294310,1785838822045839734,64064814949480,24247294310,0
/localization/kinematic_state,24297294311,1785838822095632295,64064864742037,24297294311,0
/sensing/lidar/top/pointcloud_raw_ex,24297294311,1785838822100635100,64064869745157,24297294311,239992
/localization/pose_estimator/pose_with_covariance,24297294311,1785838822103178752,64064872288795,24297294311,0
/localization/kinematic_state,24347294312,1785838822145854332,64064914964076,24347294312,0
/localization/kinematic_state,24397294313,1785838822196270145,64064965379885,24397294313,0
/sensing/lidar/top/pointcloud_raw_ex,24397294313,1785838822202520811,64064971631082,24397294313,243672
/localization/pose_estimator/pose_with_covariance,24397294313,1785838822205313860,64064974423616,24397294313,0
/localization/kinematic_state,24447294313,1785838822246133478,64065015243254,24447294313,0
/localization/kinematic_state,24497294314,1785838822295830103,64065064940010,24497294314,0
/sensing/lidar/top/pointcloud_raw_ex,24497294314,1785838822302265647,64065071375674,24497294314,241432
/localization/pose_estimator/pose_with_covariance,24497294314,1785838822304733620,64065073843447,24497294314,0
/localization/kinematic_state,24547294315,1785838822346257822,64065115367734,24547294315,0
/localization/kinematic_state,24597294316,1785838822395791103,64065164900849,24597294316,0
/sensing/lidar/top/pointcloud_raw_ex,24597294316,1785838822401241785,64065170351752,24597294316,239672
/localization/pose_estimator/pose_with_covariance,24597294316,1785838822404802330,64065173912198,24597294316,0
/localization/kinematic_state,24647294316,1785838822445578065,64065214687812,24647294316,0
/localization/kinematic_state,24697294317,1785838822495937553,64065265047431,24697294317,0
/sensing/lidar/top/pointcloud_raw_ex,24697294317,1785838822501975655,64065271085483,24697294317,241080
/localization/pose_estimator/pose_with_covariance,24697294317,1785838822504431482,64065273541403,24697294317,0
/localization/kinematic_state,24747294318,1785838822547115693,64065316225437,24747294318,0
/localization/kinematic_state,24797294319,1785838822595705765,64065364815606,24797294319,0
/sensing/lidar/top/pointcloud_raw_ex,24797294319,1785838822600210228,64065369320381,24797294319,243288
/localization/pose_estimator/pose_with_covariance,24797294319,1785838822602811381,64065371921107,24797294319,0
/localization/kinematic_state,24847294319,1785838822645672791,64065414782540,24847294319,0
/localization/kinematic_state,24897294320,1785838822695387019,64065464496809,24897294320,0
/sensing/lidar/top/pointcloud_raw_ex,24897294320,1785838822700114803,64065469224959,24897294320,240760
/localization/pose_estimator/pose_with_covariance,24897294320,1785838822702626629,64065471736481,24897294320,0
/localization/kinematic_state,24947294321,1785838822745441295,64065514551051,24947294321,0
/localization/kinematic_state,24997294322,1785838822795977346,64065565087281,24997294322,0
/sensing/lidar/top/pointcloud_raw_ex,24997294322,1785838822801762270,64065570872184,24997294322,239704
/localization/pose_estimator/pose_with_covariance,24997294322,1785838822804348538,64065573458312,24997294322,0
/localization/kinematic_state,25047294322,1785838822845608176,64065614717941,25047294322,0
/localization/kinematic_state,25097294323,1785838822897636081,64065666746086,25097294323,0
/sensing/lidar/top/pointcloud_raw_ex,25097294323,1785838822901269793,64065670379589,25097294323,241560
/localization/pose_estimator/pose_with_covariance,25097294323,1785838822903742829,64065672852596,25097294323,0
/localization/kinematic_state,25147294324,1785838822945660745,64065714770501,25147294324,0
/control/command/control_cmd,25147294324,1785838822945865609,64065714975276,25147294324,80
/control/command/control_cmd,25197294325,1785838822994899101,64065764008966,25197294325,80
/localization/kinematic_state,25197294325,1785838822995855244,64065764964995,25197294325,0
/sensing/lidar/top/pointcloud_raw_ex,25197294325,1785838823001894663,64065771004884,25197294325,242808
/localization/pose_estimator/pose_with_covariance,25197294325,1785838823004921927,64065774031727,25197294325,0
/control/command/control_cmd,25247294325,1785838823044884493,64065813994507,25247294325,80
/localization/kinematic_state,25247294325,1785838823045946863,64065815056624,25247294325,0
/localization/kinematic_state,25297294326,1785838823095975354,64065865085281,25297294326,0
/sensing/lidar/top/pointcloud_raw_ex,25297294326,1785838823100089300,64065869199114,25297294326,243352
/localization/pose_estimator/pose_with_covariance,25297294326,1785838823102194986,64065871304753,25297294326,0
/localization/kinematic_state,25347294327,1785838823145751210,64065914861152,25347294327,0
/localization/kinematic_state,25397294328,1785838823195451589,64065964561320,25397294328,0
/sensing/lidar/top/pointcloud_raw_ex,25397294328,1785838823200548588,64065969658435,25397294328,239096
/localization/pose_estimator/pose_with_covariance,25397294328,1785838823203558632,64065972668457,25397294328,0
/localization/kinematic_state,25447294328,1785838823245583248,64066014692977,25447294328,0
/localization/kinematic_state,25497294329,1785838823296052748,64066065162502,25497294329,0
/sensing/lidar/top/pointcloud_raw_ex,25497294329,1785838823300503386,64066069613524,25497294329,242968
/localization/pose_estimator/pose_with_covariance,25497294329,1785838823303783797,64066072893520,25497294329,0
/localization/kinematic_state,25547294330,1785838823345875496,64066114985251,25547294330,0
/localization/kinematic_state,25597294331,1785838823395979440,64066165089177,25597294331,0
/sensing/lidar/top/pointcloud_raw_ex,25597294331,1785838823400541140,64066169651092,25597294331,242552
/localization/pose_estimator/pose_with_covariance,25597294331,1785838823402739308,64066171849049,25597294331,0
/localization/kinematic_state,25647294331,1785838823445564302,64066214674055,25647294331,0
/localization/kinematic_state,25697294332,1785838823495569482,64066264679239,25697294332,0
/sensing/lidar/top/pointcloud_raw_ex,25697294332,1785838823501187934,64066270298425,25697294332,241624
/localization/pose_estimator/pose_with_covariance,25697294332,1785838823505040207,64066274149909,25697294332,0
/localization/kinematic_state,25747294333,1785838823545475967,64066314585669,25747294333,0
/localization/kinematic_state,25797294334,1785838823596049327,64066365159332,25797294334,0
/sensing/lidar/top/pointcloud_raw_ex,25797294334,1785838823601503106,64066370612973,25797294334,242584
/localization/pose_estimator/pose_with_covariance,25797294334,1785838823604305543,64066373415292,25797294334,0
/localization/kinematic_state,25847294334,1785838823646109786,64066415219802,25847294334,0
/localization/kinematic_state,25897294335,1785838823695278946,64066464388941,25897294335,0
/sensing/lidar/top/pointcloud_raw_ex,25897294335,1785838823700071777,64066469181930,25897294335,241016
/localization/pose_estimator/pose_with_covariance,25897294335,1785838823702496897,64066471606617,25897294335,0
/localization/kinematic_state,25947294336,1785838823745712405,64066514822159,25947294336,0
/localization/kinematic_state,25997294337,1785838823796039963,64066565149928,25997294337,0
/sensing/lidar/top/pointcloud_raw_ex,25997294337,1785838823800314277,64066569424178,25997294337,242104
/localization/pose_estimator/pose_with_covariance,25997294337,1785838823802463758,64066571573551,25997294337,0
/localization/kinematic_state,26047294337,1785838823845763667,64066614873521,26047294337,0
/localization/kinematic_state,26097294338,1785838823895616031,64066664725763,26097294338,0
/sensing/lidar/top/pointcloud_raw_ex,26097294338,1785838823900075680,64066669185764,26097294338,243448
/localization/pose_estimator/pose_with_covariance,26097294338,1785838823902575945,64066671685710,26097294338,0
/localization/kinematic_state,26147294339,1785838823946317347,64066715427296,26147294339,0
/control/command/control_cmd,26197294340,1785838823994826261,64066763936020,26197294340,80
/localization/kinematic_state,26197294340,1785838823996972196,64066766082324,26197294340,0
/sensing/lidar/top/pointcloud_raw_ex,26197294340,1785838824000430559,64066769540433,26197294340,242872
/localization/pose_estimator/pose_with_covariance,26197294340,1785838824002993166,64066772102962,26197294340,0
/localization/kinematic_state,26247294340,1785838824045741832,64066814851594,26247294340,0
/localization/kinematic_state,26297294341,1785838824096146750,64066865256692,26297294341,0
/sensing/lidar/top/pointcloud_raw_ex,26297294341,1785838824101781860,64066870891767,26297294341,241656
/localization/pose_estimator/pose_with_covariance,26297294341,1785838824104420558,64066873530286,26297294341,0
/localization/kinematic_state,26347294342,1785838824147962384,64066917072256,26347294342,0
/localization/kinematic_state,26397294343,1785838824195993651,64066965103413,26397294343,0
/sensing/lidar/top/pointcloud_raw_ex,26397294343,1785838824200886131,64066969996278,26397294343,243352
/localization/pose_estimator/pose_with_covariance,26397294343,1785838824204326826,64066973436532,26397294343,0
/localization/kinematic_state,26447294343,1785838824245742416,64067014852337,26447294343,0
/localization/kinematic_state,26497294344,1785838824296201394,64067065311239,26497294344,0
/sensing/lidar/top/pointcloud_raw_ex,26497294344,1785838824301559144,64067070669062,26497294344,242968
/localization/pose_estimator/pose_with_covariance,26497294344,1785838824304120693,64067073230418,26497294344,0
/localization/kinematic_state,26547294345,1785838824345687773,64067114797514,26547294345,0
/localization/kinematic_state,26597294346,1785838824395888408,64067164998137,26597294346,0
/sensing/lidar/top/pointcloud_raw_ex,26597294346,1785838824401352089,64067170462143,26597294346,244504
/localization/pose_estimator/pose_with_covariance,26597294346,1785838824403988113,64067173097884,26597294346,0
/localization/kinematic_state,26647294346,1785838824445873899,64067214983685,26647294346,0
/localization/kinematic_state,26697294347,1785838824495549452,64067264659218,26697294347,0
/sensing/lidar/top/pointcloud_raw_ex,26697294347,1785838824500543242,64067269653367,26697294347,241592
/localization/pose_estimator/pose_with_covariance,26697294347,1785838824502997924,64067272107669,26697294347,0
/localization/kinematic_state,26747294348,1785838824546367454,64067315477214,26747294348,0
/localization/kinematic_state,26797294348,1785838824595825313,64067364935032,26797294348,0
/sensing/lidar/top/pointcloud_raw_ex,26797294348,1785838824600658087,64067369768134,26797294348,244152
/localization/pose_estimator/pose_with_covariance,26797294348,1785838824603099404,64067372209563,26797294348,0
/localization/kinematic_state,26847294349,1785838824646447615,64067415557481,26847294349,0
/localization/kinematic_state,26897294350,1785838824695776737,64067464886485,26897294350,0
/sensing/lidar/top/pointcloud_raw_ex,26897294350,1785838824700096967,64067469207135,26897294350,242328
/localization/pose_estimator/pose_with_covariance,26897294350,1785838824702602416,64067471712176,26897294350,0
/localization/kinematic_state,26947294351,1785838824745451618,64067514561377,26947294351,0
/localization/kinematic_state,26997294351,1785838824796338925,64067565448944,26997294351,0
/sensing/lidar/top/pointcloud_raw_ex,26997294351,1785838824801405284,64067570515098,26997294351,241016
/localization/pose_estimator/pose_with_covariance,26997294351,1785838824804569820,64067573679589,26997294351,0
/localization/kinematic_state,27047294352,1785838824845726949,64067614836700,27047294352,0
/localization/kinematic_state,27097294353,1785838824895925625,64067665035414,27097294353,0
/sensing/lidar/top/pointcloud_raw_ex,27097294353,1785838824902322723,64067671432828,27097294353,240312
/localization/pose_estimator/pose_with_covariance,27097294353,1785838824905083404,64067674193232,27097294353,0
/localization/kinematic_state,27147294354,1785838824946149066,64067715258984,27147294354,0
/control/command/control_cmd,27197294354,1785838824994739580,64067763849772,27197294354,80
/localization/kinematic_state,27197294354,1785838824995271207,64067764380966,27197294354,0
/sensing/lidar/top/pointcloud_raw_ex,27197294354,1785838825001882129,64067770992329,27197294354,242200
/localization/pose_estimator/pose_with_covariance,27197294354,1785838825004445980,64067773556061,27197294354,0
/localization/kinematic_state,27247294355,1785838825047143471,64067816253542,27247294355,0
/localization/kinematic_state,27297294356,1785838825096260778,64067865370731,27297294356,0
/sensing/lidar/top/pointcloud_raw_ex,27297294356,1785838825101250226,64067870360155,27297294356,239640
/localization/pose_estimator/pose_with_covariance,27297294356,1785838825104777365,64067873887251,27297294356,0
/localization/kinematic_state,27347294357,1785838825147059116,64067916169191,27347294357,0
/localization/kinematic_state,27397294357,1785838825196033829,64067965143574,27397294357,0
/sensing/lidar/top/pointcloud_raw_ex,27397294357,1785838825201586570,64067970696382,27397294357,242488
/localization/pose_estimator/pose_with_covariance,27397294357,1785838825204295109,64067973404898,27397294357,0
/localization/kinematic_state,27447294358,1785838825246378954,64068015488693,27447294358,0
/localization/kinematic_state,27497294359,1785838825296802109,64068065912098,27497294359,0
/sensing/lidar/top/pointcloud_raw_ex,27497294359,1785838825301841872,64068070952221,27497294359,246232
/localization/pose_estimator/pose_with_covariance,27497294359,1785838825304220657,64068073330557,27497294359,0
/localization/kinematic_state,27547294360,1785838825345668584,64068114778354,27547294360,0
/localization/kinematic_state,27597294360,1785838825396001144,64068165110922,27597294360,0
/sensing/lidar/top/pointcloud_raw_ex,27597294360,1785838825400853105,64068169963183,27597294360,239832
/localization/pose_estimator/pose_with_covariance,27597294360,1785838825403362029,64068172471775,27597294360,0
/localization/kinematic_state,27647294361,1785838825446797295,64068215907353,27647294361,0
/localization/kinematic_state,27697294362,1785838825495769907,64068264879911,27697294362,0
/sensing/lidar/top/pointcloud_raw_ex,27697294362,1785838825502123293,64068271233262,27697294362,242232
/localization/pose_estimator/pose_with_covariance,27697294362,1785838825504377867,64068273487663,27697294362,0
/localization/kinematic_state,27747294363,1785838825546011791,64068315121806,27747294363,0
/localization/kinematic_state,27797294363,1785838825595747134,64068364857231,27797294363,0
/sensing/lidar/top/pointcloud_raw_ex,27797294363,1785838825602559087,64068371669186,27797294363,242744
/localization/pose_estimator/pose_with_covariance,27797294363,1785838825604977617,64068374087325,27797294363,0
/localization/kinematic_state,27847294364,1785838825645943721,64068415053529,27847294364,0
/localization/kinematic_state,27897294365,1785838825695311500,64068464421354,27897294365,0
/sensing/lidar/top/pointcloud_raw_ex,27897294365,1785838825702393404,64068471503329,27897294365,241880
/localization/pose_estimator/pose_with_covariance,27897294365,1785838825704851097,64068473960885,27897294365,0
/localization/kinematic_state,27947294366,1785838825745853479,64068514963350,27947294366,0
/localization/kinematic_state,27997294366,1785838825795507670,64068564617466,27997294366,0
/sensing/lidar/top/pointcloud_raw_ex,27997294366,1785838825800458977,64068569568900,27997294366,241784
/localization/pose_estimator/pose_with_covariance,27997294366,1785838825803019507,64068572129230,27997294366,0
/localization/kinematic_state,28047294367,1785838825845666599,64068614776488,28047294367,0
/localization/kinematic_state,28097294368,1785838825895565613,64068664675450,28097294368,0
/sensing/lidar/top/pointcloud_raw_ex,28097294368,1785838825900995920,64068670105719,28097294368,237944
/localization/pose_estimator/pose_with_covariance,28097294368,1785838825904370885,64068673480756,28097294368,0
/localization/kinematic_state,28147294369,1785838825945758340,64068714868086,28147294369,0
/control/command/control_cmd,28197294369,1785838825994657728,64068763767468,28197294369,80
/localization/kinematic_state,28197294369,1785838825995726708,64068764836477,28197294369,0
/sensing/lidar/top/pointcloud_raw_ex,28197294369,1785838826000795111,64068769905170,28197294369,240696
/localization/pose_estimator/pose_with_covariance,28197294369,1785838826003139139,64068772248850,28197294369,0
/control/command/control_cmd,28247294370,1785838826044706958,64068813816789,28247294370,80
/localization/kinematic_state,28247294370,1785838826046001684,64068815111443,28247294370,0
/localization/kinematic_state,28297294371,1785838826095734974,64068864844772,28297294371,0
/sensing/lidar/top/pointcloud_raw_ex,28297294371,1785838826100944764,64068870054746,28297294371,242168
/localization/pose_estimator/pose_with_covariance,28297294371,1785838826103353960,64068872463827,28297294371,0
/localization/kinematic_state,28347294372,1785838826145286568,64068914396364,28347294372,0
/localization/kinematic_state,28397294372,1785838826195597002,64068964707089,28397294372,0
/sensing/lidar/top/pointcloud_raw_ex,28397294372,1785838826200432861,64068969543110,28397294372,241432
/localization/pose_estimator/pose_with_covariance,28397294372,1785838826203341881,64068972451775,28397294372,0
/localization/kinematic_state,28447294373,1785838826245687457,64069014797338,28447294373,0
/localization/kinematic_state,28497294374,1785838826296212323,64069065322192,28497294374,0
/sensing/lidar/top/pointcloud_raw_ex,28497294374,1785838826300683486,64069069793331,28497294374,238936
/localization/pose_estimator/pose_with_covariance,28497294374,1785838826303091132,64069072200897,28497294374,0
/localization/kinematic_state,28547294375,1785838826346087796,64069115197543,28547294375,0
/localization/kinematic_state,28597294375,1785838826395712262,64069164822116,28597294375,0
/sensing/lidar/top/pointcloud_raw_ex,28597294375,1785838826401975459,64069171085182,28597294375,240248
/localization/pose_estimator/pose_with_covariance,28597294375,1785838826404533126,64069173642835,28597294375,0
/localization/kinematic_state,28647294376,1785838826445910848,64069215020670,28647294376,0
/localization/kinematic_state,28697294377,1785838826496357869,64069265467660,28697294377,0
/sensing/lidar/top/pointcloud_raw_ex,28697294377,1785838826500934311,64069270044443,28697294377,243160
/localization/pose_estimator/pose_with_covariance,28697294377,1785838826503551416,64069272661316,28697294377,0
/localization/kinematic_state,28747294378,1785838826545447172,64069314557040,28747294378,0
/localization/kinematic_state,28797294378,1785838826595818961,64069364928830,28797294378,0
/sensing/lidar/top/pointcloud_raw_ex,28797294378,1785838826600448982,64069369559043,28797294378,242648
/localization/pose_estimator/pose_with_covariance,28797294378,1785838826603028751,64069372138623,28797294378,0
/localization/kinematic_state,28847294379,1785838826646568291,64069415678254,28847294379,0
/localization/kinematic_state,28897294380,1785838826695845884,64069464955885,28897294380,0
/sensing/lidar/top/pointcloud_raw_ex,28897294380,1785838826701376584,64069470486501,28897294380,243064
/localization/pose_estimator/pose_with_covariance,28897294380,1785838826703815909,64069472925662,28897294380,0
/localization/kinematic_state,28947294381,1785838826745611076,64069514720810,28947294381,0
/localization/kinematic_state,28997294381,1785838826796328551,64069565438387,28997294381,0
/sensing/lidar/top/pointcloud_raw_ex,28997294381,1785838826801898379,64069571008513,28997294381,244888
/localization/pose_estimator/pose_with_covariance,28997294381,1785838826804512636,64069573622552,28997294381,0
/localization/kinematic_state,29047294382,1785838826845821969,64069614931736,29047294382,0
/localization/kinematic_state,29097294383,1785838826896030971,64069665140949,29097294383,0
/sensing/lidar/top/pointcloud_raw_ex,29097294383,1785838826901559909,64069670669853,29097294383,241624
/localization/pose_estimator/pose_with_covariance,29097294383,1785838826904672752,64069673782572,29097294383,0
/control/command/control_cmd,28247294370,1785838826945797323,64069714907285,29147294384,80
/localization/kinematic_state,29147294384,1785838826946148575,64069715258303,29147294384,0
/control/command/control_cmd,29197294384,1785838826995382715,64069764492641,29197294384,80
/localization/kinematic_state,29197294384,1785838826995885568,64069764995414,29197294384,0
/sensing/lidar/top/pointcloud_raw_ex,29197294384,1785838827002033713,64069771143799,29197294384,240120
/localization/pose_estimator/pose_with_covariance,29197294384,1785838827004551991,64069773662077,29197294384,0
/localization/kinematic_state,29247294385,1785838827046594405,64069815704340,29247294385,0
/localization/kinematic_state,29297294386,1785838827096940282,64069866050136,29297294386,0
/sensing/lidar/top/pointcloud_raw_ex,29297294386,1785838827100987703,64069870097466,29297294386,242072
/localization/pose_estimator/pose_with_covariance,29297294386,1785838827103763299,64069872873336,29297294386,0
/localization/kinematic_state,29347294386,1785838827146115676,64069915225683,29347294386,0
/localization/kinematic_state,29397294387,1785838827195322721,64069964432613,29397294387,0
/sensing/lidar/top/pointcloud_raw_ex,29397294387,1785838827200884733,64069969994894,29397294387,242776
/localization/pose_estimator/pose_with_covariance,29397294387,1785838827203489551,64069972599330,29397294387,0
/localization/kinematic_state,29447294388,1785838827246081337,64070015191504,29447294388,0
/localization/kinematic_state,29497294389,1785838827295648816,64070064758549,29497294389,0
/sensing/lidar/top/pointcloud_raw_ex,29497294389,1785838827300372123,64070069482218,29497294389,239352
/localization/pose_estimator/pose_with_covariance,29497294389,1785838827302648249,64070071758047,29497294389,0
/localization/kinematic_state,29547294389,1785838827345595032,64070114704778,29547294389,0
/localization/kinematic_state,29597294390,1785838827395900011,64070165009950,29597294390,0
/sensing/lidar/top/pointcloud_raw_ex,29597294390,1785838827401268680,64070170378594,29597294390,243128
/localization/pose_estimator/pose_with_covariance,29597294390,1785838827403713369,64070172823097,29597294390,0
/localization/kinematic_state,29647294391,1785838827446059332,64070215169115,29647294391,0
/localization/kinematic_state,29697294392,1785838827495771732,64070264881795,29697294392,0
/control/command/control_cmd,29697294392,1785838827497140268,64070266250134,29697294392,80
/sensing/lidar/top/pointcloud_raw_ex,29697294392,1785838827501075815,64070270185769,29697294392,241464
/localization/pose_estimator/pose_with_covariance,29697294392,1785838827503983520,64070273093285,29697294392,0
/control/command/control_cmd,29747294392,1785838827546090954,64070315200817,29747294392,80
/localization/kinematic_state,29747294392,1785838827546298980,64070315408820,29747294392,0
/localization/kinematic_state,29797294393,1785838827595387321,64070364497189,29797294393,0
/control/command/control_cmd,29797294393,1785838827596910447,64070366020282,29797294393,80
/sensing/lidar/top/pointcloud_raw_ex,29797294393,1785838827601450503,64070370560802,29797294393,242392
/localization/pose_estimator/pose_with_covariance,29797294393,1785838827604235560,64070373345492,29797294393,0
/control/command/control_cmd,29847294394,1785838827645695159,64070414805072,29847294394,80
/localization/kinematic_state,29847294394,1785838827645973957,64070415083843,29847294394,0
/localization/kinematic_state,29897294395,1785838827695832385,64070464942222,29897294395,0
/control/command/control_cmd,29897294395,1785838827696937817,64070466047752,29897294395,80
/sensing/lidar/top/pointcloud_raw_ex,29897294395,1785838827700443619,64070469553757,29897294395,241496
/localization/pose_estimator/pose_with_covariance,29897294395,1785838827702942898,64070472052754,29897294395,0
/localization/kinematic_state,29947294395,1785838827745483225,64070514593062,29947294395,0
/control/command/control_cmd,29947294395,1785838827746395046,64070515505054,29947294395,80
/localization/kinematic_state,29997294396,1785838827795590045,64070564700040,29997294396,0
/control/command/control_cmd,29997294396,1785838827796069664,64070565179484,29997294396,80
/sensing/lidar/top/pointcloud_raw_ex,29997294396,1785838827801648043,64070570758119,29997294396,240312
/localization/pose_estimator/pose_with_covariance,29997294396,1785838827804251770,64070573361686,29997294396,0
/localization/kinematic_state,30047294397,1785838827845961745,64070615071841,30047294397,0
/control/command/control_cmd,30047294397,1785838827846401867,64070615511698,30047294397,80
/localization/kinematic_state,30097294398,1785838827896219270,64070665328978,30097294398,0
/control/command/control_cmd,30097294398,1785838827896354128,64070665463800,30097294398,80
/sensing/lidar/top/pointcloud_raw_ex,30097294398,1785838827901839900,64070670949792,30097294398,240504
/localization/pose_estimator/pose_with_covariance,30097294398,1785838827904643219,64070673753006,30097294398,0
/localization/kinematic_state,30147294398,1785838827945745003,64070714854820,30147294398,0
/control/command/control_cmd,30147294398,1785838827946221389,64070715331290,30147294398,80
/localization/kinematic_state,30197294399,1785838827995482415,64070764592124,30197294399,0
/control/command/control_cmd,30197294399,1785838827995931577,64070765041414,30197294399,80
/sensing/lidar/top/pointcloud_raw_ex,30197294399,1785838828000977262,64070770087147,30197294399,243160
/localization/pose_estimator/pose_with_covariance,30197294399,1785838828004067634,64070773177518,30197294399,0
/localization/kinematic_state,30247294400,1785838828047049400,64070816159337,30247294400,0
/control/command/control_cmd,30247294400,1785838828047058081,64070816167706,30247294400,80
/localization/kinematic_state,30297294401,1785838828097116398,64070866226275,30297294401,0
/control/command/control_cmd,30297294401,1785838828097126901,64070866236527,30297294401,80
/sensing/lidar/top/pointcloud_raw_ex,30297294401,1785838828101000755,64070870110576,30297294401,241240
/localization/pose_estimator/pose_with_covariance,30297294401,1785838828103834186,64070872944014,30297294401,0
/control/command/control_cmd,30347294401,1785838828146309922,64070915419641,30347294401,80
/localization/kinematic_state,30347294401,1785838828146626954,64070915736713,30347294401,0
/localization/kinematic_state,30397294402,1785838828195725148,64070964834891,30397294402,0
/control/command/control_cmd,30397294402,1785838828196323855,64070965433807,30397294402,80
/sensing/lidar/top/pointcloud_raw_ex,30397294402,1785838828200815900,64070969926155,30397294402,244440
/localization/pose_estimator/pose_with_covariance,30397294402,1785838828203257358,64070972367225,30397294402,0
/localization/kinematic_state,30447294403,1785838828246202652,64071015312586,30447294403,0
/control/command/control_cmd,30447294403,1785838828247152539,64071016262358,30447294403,80
/localization/kinematic_state,30497294404,1785838828295927668,64071065037534,30497294404,0
/control/command/control_cmd,30497294404,1785838828296371889,64071065481552,30497294404,80
/sensing/lidar/top/pointcloud_raw_ex,30497294404,1785838828301918341,64071071028305,30497294404,237752
/localization/pose_estimator/pose_with_covariance,30497294404,1785838828304360683,64071073470485,30497294404,0
/localization/kinematic_state,30547294404,1785838828346407791,64071115517785,30547294404,0
/control/command/control_cmd,30547294404,1785838828346810993,64071115920741,30547294404,80
/localization/kinematic_state,30597294405,1785838828395732625,64071164842434,30597294405,0
/control/command/control_cmd,30597294405,1785838828397691552,64071166801278,30597294405,80
/sensing/lidar/top/pointcloud_raw_ex,30597294405,1785838828401125538,64071170235965,30597294405,237368
/localization/pose_estimator/pose_with_covariance,30597294405,1785838828403670178,64071172780059,30597294405,0
/localization/kinematic_state,30647294406,1785838828446373557,64071215483335,30647294406,0
/control/command/control_cmd,30647294406,1785838828447014492,64071216124334,30647294406,80
/localization/kinematic_state,30697294407,1785838828496267459,64071265377217,30697294407,0
/control/command/control_cmd,30697294407,1785838828496908153,64071266017905,30697294407,80
/sensing/lidar/top/pointcloud_raw_ex,30697294407,1785838828501288226,64071270398385,30697294407,242520
/localization/pose_estimator/pose_with_covariance,30697294407,1785838828503939368,64071273049209,30697294407,0
/control/command/control_cmd,30747294407,1785838828546054218,64071315164109,30747294407,80
/localization/kinematic_state,30747294407,1785838828546434266,64071315543984,30747294407,0
/localization/kinematic_state,30797294408,1785838828596264055,64071365374000,30797294408,0
/control/command/control_cmd,30797294408,1785838828596278631,64071365388257,30797294408,80
/sensing/lidar/top/pointcloud_raw_ex,30797294408,1785838828600647946,64071369758292,30797294408,243160
/localization/pose_estimator/pose_with_covariance,30797294408,1785838828603240139,64071372349965,30797294408,0
/localization/kinematic_state,30847294409,1785838828646060118,64071415169956,30847294409,0
/control/command/control_cmd,30847294409,1785838828646480042,64071415589808,30847294409,80
/localization/kinematic_state,30897294410,1785838828695550109,64071464659986,30897294410,0
/control/command/control_cmd,30897294410,1785838828697991117,64071467101183,30897294410,80
/sensing/lidar/top/pointcloud_raw_ex,30897294410,1785838828701260981,64071470370809,30897294410,240024
/localization/pose_estimator/pose_with_covariance,30897294410,1785838828703991600,64071473101522,30897294410,0
/control/command/control_cmd,30947294410,1785838828745810115,64071514920083,30947294410,80
/localization/kinematic_state,30947294410,1785838828746323086,64071515432938,30947294410,0
/localization/kinematic_state,30997294411,1785838828796570074,64071565679953,30997294411,0
/control/command/control_cmd,30997294411,1785838828796587622,64071565697227,30997294411,80
/sensing/lidar/top/pointcloud_raw_ex,30997294411,1785838828801352030,64071570461953,30997294411,238424
/localization/pose_estimator/pose_with_covariance,30997294411,1785838828803814607,64071572924351,30997294411,0
/localization/kinematic_state,31047294412,1785838828846455412,64071615565440,31047294412,0
/control/command/control_cmd,31047294412,1785838828846872554,64071615982342,31047294412,80
/localization/kinematic_state,31097294413,1785838828895828086,64071664938022,31097294413,0
/control/command/control_cmd,31097294413,1785838828896687157,64071665796842,31097294413,80
/sensing/lidar/top/pointcloud_raw_ex,31097294413,1785838828900568197,64071669678186,31097294413,241176
/localization/pose_estimator/pose_with_covariance,31097294413,1785838828902874893,64071671984626,31097294413,0
/control/command/control_cmd,31147294413,1785838828946419717,64071715529751,31147294413,80
/localization/kinematic_state,31147294413,1785838828946806409,64071715916145,31147294413,0
/localization/kinematic_state,31197294414,1785838828995674402,64071764784353,31197294414,0
/control/command/control_cmd,31197294414,1785838828996858256,64071765968145,31197294414,80
/sensing/lidar/top/pointcloud_raw_ex,31197294414,1785838829000756309,64071769866156,31197294414,239960
/localization/pose_estimator/pose_with_covariance,31197294414,1785838829003329987,64071772439711,31197294414,0
/localization/kinematic_state,31247294415,1785838829045379542,64071814489517,31247294415,0
/control/command/control_cmd,31247294415,1785838829046104665,64071815214693,31247294415,80
/localization/kinematic_state,31297294416,1785838829095091106,64071864201004,31297294416,0
/control/command/control_cmd,31297294416,1785838829096044662,64071865154564,31297294416,80
/sensing/lidar/top/pointcloud_raw_ex,31297294416,1785838829100390100,64071869499978,31297294416,245784
/localization/pose_estimator/pose_with_covariance,31297294416,1785838829102863699,64071871973431,31297294416,0
/localization/kinematic_state,31347294416,1785838829146098251,64071915208252,31347294416,0
/control/command/control_cmd,31347294416,1785838829146149603,64071915259458,31347294416,80
/localization/kinematic_state,31397294417,1785838829195466198,64071964576152,31397294417,0
/control/command/control_cmd,31397294417,1785838829195937657,64071965047409,31397294417,80
/sensing/lidar/top/pointcloud_raw_ex,31397294417,1785838829201475874,64071970585892,31397294417,240056
/localization/pose_estimator/pose_with_covariance,31397294417,1785838829204133725,64071973243499,31397294417,0
/localization/kinematic_state,31447294418,1785838829246043993,64072015153960,31447294418,0
/control/command/control_cmd,31447294418,1785838829247073573,64072016183477,31447294418,80
/localization/kinematic_state,31497294419,1785838829295849017,64072064959140,31497294419,0
/control/command/control_cmd,31497294419,1785838829296326062,64072065435920,31497294419,80
/sensing/lidar/top/pointcloud_raw_ex,31497294419,1785838829301289799,64072070399750,31497294419,240952
/localization/pose_estimator/pose_with_covariance,31497294419,1785838829304320216,64072073430041,31497294419,0
/localization/kinematic_state,31547294419,1785838829346364496,64072115474217,31547294419,0
/control/command/control_cmd,31547294419,1785838829346421305,64072115530940,31547294419,80
/localization/kinematic_state,31597294420,1785838829395655859,64072164765627,31597294420,0
/control/command/control_cmd,31597294420,1785838829396380709,64072165490646,31597294420,80
/sensing/lidar/top/pointcloud_raw_ex,31597294420,1785838829400637635,64072169747704,31597294420,243448
/localization/pose_estimator/pose_with_covariance,31597294420,1785838829403107208,64072172217141,31597294420,0
/control/command/control_cmd,31647294421,1785838829446113643,64072215223720,31647294421,80
/localization/kinematic_state,31647294421,1785838829446709886,64072215819659,31647294421,0
/localization/kinematic_state,31697294422,1785838829497290169,64072266400251,31697294422,0
/control/command/control_cmd,31697294422,1785838829497309660,64072266419355,31697294422,80
/sensing/lidar/top/pointcloud_raw_ex,31697294422,1785838829500567403,64072269677345,31697294422,240440
/localization/pose_estimator/pose_with_covariance,31697294422,1785838829503177771,64072272287620,31697294422,0
/control/command/control_cmd,31747294422,1785838829545715764,64072314825535,31747294422,80
/localization/kinematic_state,31747294422,1785838829546236942,64072315346677,31747294422,0
/localization/kinematic_state,31797294423,1785838829595505732,64072364615478,31797294423,0
/control/command/control_cmd,31797294423,1785838829596296507,64072365406314,31797294423,80
/sensing/lidar/top/pointcloud_raw_ex,31797294423,1785838829603161432,64072372271631,31797294423,242136
/localization/pose_estimator/pose_with_covariance,31797294423,1785838829605900497,64072375010622,31797294423,0
/localization/kinematic_state,31847294424,1785838829646071822,64072415181666,31847294424,0
/control/command/control_cmd,31847294424,1785838829646082679,64072415192286,31847294424,80
/localization/kinematic_state,31897294424,1785838829696373219,64072465483190,31897294424,0
/control/command/control_cmd,31897294424,1785838829696700194,64072465810052,31897294424,80
/sensing/lidar/top/pointcloud_raw_ex,31897294424,1785838829701655836,64072470765930,31897294424,242104
/localization/pose_estimator/pose_with_covariance,31897294424,1785838829704193350,64072473303055,31897294424,0
/localization/kinematic_state,31947294425,1785838829745801916,64072514911764,31947294425,0
/control/command/control_cmd,31947294425,1785838829746062864,64072515172764,31947294425,80
/localization/kinematic_state,31997294426,1785838829795983606,64072565093500,31997294426,0
/control/command/control_cmd,31997294426,1785838829796001194,64072565110807,31997294426,80
/sensing/lidar/top/pointcloud_raw_ex,31997294426,1785838829800420457,64072569530533,31997294426,242104
/localization/pose_estimator/pose_with_covariance,31997294426,1785838829803086425,64072572196263,31997294426,0
/control/command/control_cmd,32047294427,1785838829846064883,64072615174996,32047294427,80
/localization/kinematic_state,32047294427,1785838829846359864,64072615469707,32047294427,0
/localization/kinematic_state,32097294427,1785838829896338186,64072665448168,32097294427,0
/control/command/control_cmd,32097294427,1785838829896350625,64072665460272,32097294427,80
/sensing/lidar/top/pointcloud_raw_ex,32097294427,1785838829900950923,64072670060887,32097294427,239160
/localization/pose_estimator/pose_with_covariance,32097294427,1785838829904476902,64072673586859,32097294427,0
/control/command/control_cmd,32147294428,1785838829945910562,64072715020921,32147294428,80
/localization/kinematic_state,32147294428,1785838829946082693,64072715192356,32147294428,0
/control/command/control_cmd,32197294429,1785838829996140473,64072765250494,32197294429,80
/localization/kinematic_state,32197294429,1785838829996483719,64072765593446,32197294429,0
/sensing/lidar/top/pointcloud_raw_ex,32197294429,1785838830001154618,64072770264836,32197294429,244056
/localization/pose_estimator/pose_with_covariance,32197294429,1785838830003669929,64072772779755,32197294429,0
/localization/kinematic_state,32247294430,1785838830046091698,64072815201775,32247294430,0
/control/command/control_cmd,32247294430,1785838830047079339,64072816189143,32247294430,80
/localization/kinematic_state,32297294430,1785838830096215442,64072865325295,32297294430,0
/control/command/control_cmd,32297294430,1785838830096840335,64072865950158,32297294430,80
/sensing/lidar/top/pointcloud_raw_ex,32297294430,1785838830100450234,64072869560155,32297294430,240920
/localization/pose_estimator/pose_with_covariance,32297294430,1785838830103170408,64072872280140,32297294430,0
/localization/kinematic_state,32347294431,1785838830146067722,64072915177559,32347294431,0
/control/command/control_cmd,32347294431,1785838830146671631,64072915781276,32347294431,80
/localization/kinematic_state,32397294432,1785838830195463364,64072964573305,32397294432,0
/control/command/control_cmd,32397294432,1785838830195873243,64072964983111,32397294432,80
/sensing/lidar/top/pointcloud_raw_ex,32397294432,1785838830200547253,64072969657622,32397294432,242776
/localization/pose_estimator/pose_with_covariance,32397294432,1785838830203343449,64072972453470,32397294432,0
/control/command/control_cmd,32447294433,1785838830246185587,64073015295480,32447294433,80
/localization/kinematic_state,32447294433,1785838830246308618,64073015418360,32447294433,0
/localization/kinematic_state,32497294433,1785838830295444351,64073064554210,32497294433,0
/control/command/control_cmd,32497294433,1785838830295865750,64073064975406,32497294433,80
/sensing/lidar/top/pointcloud_raw_ex,32497294433,1785838830300442111,64073069552098,32497294433,240312
/localization/pose_estimator/pose_with_covariance,32497294433,1785838830303169836,64073072279642,32497294433,0
/localization/kinematic_state,32547294434,1785838830345754787,64073114864576,32547294434,0
/control/command/control_cmd,32547294434,1785838830346458603,64073120435330,32547294434,80
/localization/kinematic_state,32597294435,1785838830395559129,64073164668940,32597294435,0
/control/command/control_cmd,32597294435,1785838830395619350,64073164728967,32597294435,80
/sensing/lidar/top/pointcloud_raw_ex,32597294435,1785838830401389874,64073170500209,32597294435,238552
/localization/pose_estimator/pose_with_covariance,32597294435,1785838830404225980,64073173335962,32597294435,0
/localization/kinematic_state,32647294436,1785838830445804135,64073214913860,32647294436,0
/control/command/control_cmd,32647294436,1785838830446676330,64073215786196,32647294436,80
/localization/kinematic_state,32697294436,1785838830495516407,64073264626272,32697294436,0
/control/command/control_cmd,32697294436,1785838830495972264,64073265082075,32697294436,80
/sensing/lidar/top/pointcloud_raw_ex,32697294436,1785838830502653399,64073271763336,32697294436,241944
/localization/pose_estimator/pose_with_covariance,32697294436,1785838830505631762,64073274741774,32697294436,0
/control/command/control_cmd,32747294437,1785838830545738842,64073314848600,32747294437,80
/localization/kinematic_state,32747294437,1785838830546590908,64073315700613,32747294437,0
/localization/kinematic_state,32797294438,1785838830595611578,64073364721480,32797294438,0
/control/command/control_cmd,32797294438,1785838830595850161,64073364959912,32797294438,80
/sensing/lidar/top/pointcloud_raw_ex,32797294438,1785838830600325348,64073369435224,32797294438,241144
/localization/pose_estimator/pose_with_covariance,32797294438,1785838830604035386,64073373145220,32797294438,0
/localization/kinematic_state,32847294439,1785838830645916486,64073415026234,32847294439,0
/control/command/control_cmd,32847294439,1785838830646599413,64073415709193,32847294439,80
/localization/kinematic_state,32897294439,1785838830696605747,64073465715587,32897294439,0
/control/command/control_cmd,32897294439,1785838830696612345,64073465721956,32897294439,80
/sensing/lidar/top/pointcloud_raw_ex,32897294439,1785838830700925794,64073470035767,32897294439,243672
/localization/pose_estimator/pose_with_covariance,32897294439,1785838830703808154,64073472918128,32897294439,0
/control/command/control_cmd,32947294440,1785838830746272195,64073515382329,32947294440,80
/localization/kinematic_state,32947294440,1785838830746393666,64073515503520,32947294440,0
/localization/kinematic_state,32997294441,1785838830795308528,64073564418264,32997294441,0
/control/command/control_cmd,32997294441,1785838830795817097,64073564927036,32997294441,80
/sensing/lidar/top/pointcloud_raw_ex,32997294441,1785838830800806779,64073569916998,32997294441,242648
/localization/pose_estimator/pose_with_covariance,32997294441,1785838830803381445,64073572491268,32997294441,0
/localization/kinematic_state,33047294442,1785838830845693800,64073614803736,33047294442,0
/control/command/control_cmd,33047294442,1785838830845917375,64073615027241,33047294442,80
/control/command/control_cmd,33097294442,1785838830895832370,64073664942152,33097294442,80
/localization/kinematic_state,33097294442,1785838830895990851,64073665100740,33097294442,0
/sensing/lidar/top/pointcloud_raw_ex,33097294442,1785838830900502671,64073669612709,33097294442,239896
/localization/pose_estimator/pose_with_covariance,33097294442,1785838830903290974,64073672400775,33097294442,0
/localization/kinematic_state,33147294443,1785838830945573548,64073714683415,33147294443,0
/control/command/control_cmd,33147294443,1785838830946952800,64073716062638,33147294443,80
/localization/kinematic_state,33197294444,1785838830995798135,64073764907985,33197294444,0
/control/command/control_cmd,33197294444,1785838830995806213,64073764915847,33197294444,80
/sensing/lidar/top/pointcloud_raw_ex,33197294444,1785838831000415551,64073769525515,33197294444,245592
/localization/pose_estimator/pose_with_covariance,33197294444,1785838831003265200,64073772375327,33197294444,0
/localization/kinematic_state,33247294445,1785838831046639460,64073815749206,33247294445,0
/control/command/control_cmd,33247294445,1785838831047588292,64073816698120,33247294445,80
/localization/kinematic_state,33297294445,1785838831096169520,64073865279276,33297294445,0
/control/command/control_cmd,33297294445,1785838831096183539,64073865293146,33297294445,80
/sensing/lidar/top/pointcloud_raw_ex,33297294445,1785838831100524750,64073869634789,33297294445,241080
/localization/pose_estimator/pose_with_covariance,33297294445,1785838831103328477,64073872438384,33297294445,0
/localization/kinematic_state,33347294446,1785838831145884109,64073914993897,33347294446,0
/control/command/control_cmd,33347294446,1785838831145906736,64073915016363,33347294446,80
/localization/kinematic_state,33397294447,1785838831195735018,64073964845148,33397294447,0
/control/command/control_cmd,33397294447,1785838831195966213,64073965076099,33397294447,80
/sensing/lidar/top/pointcloud_raw_ex,33397294447,1785838831201331439,64073970441611,33397294447,244856
/localization/pose_estimator/pose_with_covariance,33397294447,1785838831204336878,64073973446795,33397294447,0
/localization/kinematic_state,33447294448,1785838831246013815,64074015123672,33447294448,0
/control/command/control_cmd,33447294448,1785838831246214533,64074015324308,33447294448,80
/localization/kinematic_state,33497294448,1785838831295703155,64074064813012,33497294448,0
/control/command/control_cmd,33497294448,1785838831298326373,64074067436138,33497294448,80
/sensing/lidar/top/pointcloud_raw_ex,33497294448,1785838831300513800,64074069623541,33497294448,240376
/localization/pose_estimator/pose_with_covariance,33497294448,1785838831303535330,64074072645373,33497294448,0
/localization/kinematic_state,33547294449,1785838831345685878,64074114795663,33547294449,0
/control/command/control_cmd,33547294449,1785838831346387527,64074115497341,33547294449,80
/control/command/control_cmd,33597294450,1785838831395771783,64074164881765,33597294450,80
/localization/kinematic_state,33597294450,1785838831395981840,64074165091601,33597294450,0
/sensing/lidar/top/pointcloud_raw_ex,33597294450,1785838831401060754,64074170170627,33597294450,243736
/localization/pose_estimator/pose_with_covariance,33597294450,1785838831403837846,64074172947661,33597294450,0
/control/command/control_cmd,33647294451,1785838831448025647,64074217136244,33647294451,80
/localization/kinematic_state,33647294451,1785838831448066091,64074217175717,33647294451,0
/localization/kinematic_state,33697294451,1785838831495597026,64074264706906,33697294451,0
/control/command/control_cmd,33697294451,1785838831496124100,64074265233833,33697294451,80
/sensing/lidar/top/pointcloud_raw_ex,33697294451,1785838831501053099,64074270163034,33697294451,244760
/localization/pose_estimator/pose_with_covariance,33697294451,1785838831504028768,64074273138600,33697294451,0
/localization/kinematic_state,33747294452,1785838831545975749,64074315085640,33747294452,0
/control/command/control_cmd,33747294452,1785838831547147571,64074316257377,33747294452,80
/localization/kinematic_state,33797294453,1785838831595540509,64074364650296,33797294453,0
/control/command/control_cmd,33797294453,1785838831595692563,64074364802334,33797294453,80
/sensing/lidar/top/pointcloud_raw_ex,33797294453,1785838831600046406,64074369156363,33797294453,242552
/localization/pose_estimator/pose_with_covariance,33797294453,1785838831602681426,64074371791353,33797294453,0
/localization/kinematic_state,33847294454,1785838831646084248,64074415194158,33847294454,0
/control/command/control_cmd,33847294454,1785838831646470257,64074415580191,33847294454,80
/localization/kinematic_state,33897294454,1785838831695953039,64074465062980,33897294454,0
/control/command/control_cmd,33897294454,1785838831696642918,64074465752690,33897294454,80
/sensing/lidar/top/pointcloud_raw_ex,33897294454,1785838831701680745,64074470790741,33897294454,241752
/localization/pose_estimator/pose_with_covariance,33897294454,1785838831704515815,64074473625595,33897294454,0
/localization/kinematic_state,33947294455,1785838831745655809,64074514765558,33947294455,0
/control/command/control_cmd,33947294455,1785838831745748303,64074514857979,33947294455,80
/localization/kinematic_state,33997294456,1785838831795903754,64074565013581,33997294456,0
/control/command/control_cmd,33997294456,1785838831796055089,64074565164746,33997294456,80
/sensing/lidar/top/pointcloud_raw_ex,33997294456,1785838831800638570,64074569748451,33997294456,239000
/localization/pose_estimator/pose_with_covariance,33997294456,1785838831803760855,64074572870813,33997294456,0
/localization/kinematic_state,34047294457,1785838831845591002,64074614700812,34047294457,0
/control/command/control_cmd,34047294457,1785838831846175384,64074615285217,34047294457,80
/localization/kinematic_state,34097294457,1785838831895679391,64074664789286,34097294457,0
/control/command/control_cmd,34097294457,1785838831896385544,64074665495318,34097294457,80
/sensing/lidar/top/pointcloud_raw_ex,34097294457,1785838831900672859,64074669782847,34097294457,242712
/localization/pose_estimator/pose_with_covariance,34097294457,1785838831903415005,64074672524945,34097294457,0
/localization/kinematic_state,34147294458,1785838831946080646,64074715190542,34147294458,0
/control/command/control_cmd,34147294458,1785838831946385392,64074715495208,34147294458,80
/localization/kinematic_state,34197294459,1785838831995424283,64074764534134,34197294459,0
/control/command/control_cmd,34197294459,1785838831996106764,64074765216693,34197294459,80
/sensing/lidar/top/pointcloud_raw_ex,34197294459,1785838832000611674,64074769721769,34197294459,245656
/localization/pose_estimator/pose_with_covariance,34197294459,1785838832003905070,64074773015036,34197294459,0
/localization/kinematic_state,34247294460,1785838832045802384,64074814912125,34247294460,0
/control/command/control_cmd,34247294460,1785838832046174551,64074815284405,34247294460,80
/control/command/control_cmd,34297294460,1785838832095485262,64074864595183,34297294460,80
/localization/kinematic_state,34297294460,1785838832095583634,64074864693386,34297294460,0
/sensing/lidar/top/pointcloud_raw_ex,34297294460,1785838832101397220,64074870507201,34297294460,240568
/localization/pose_estimator/pose_with_covariance,34297294460,1785838832104072624,64074873182451,34297294460,0
/localization/kinematic_state,34347294461,1785838832145693529,64074914803318,34347294461,0
/control/command/control_cmd,34347294461,1785838832145724854,64074914834457,34347294461,80
/localization/kinematic_state,34397294462,1785838832195774219,64074964883974,34397294462,0
/control/command/control_cmd,34397294462,1785838832196395534,64074965505318,34397294462,80
/sensing/lidar/top/pointcloud_raw_ex,34397294462,1785838832200953795,64074970063696,34397294462,241432
/localization/pose_estimator/pose_with_covariance,34397294462,1785838832203546025,64074972655856,34397294462,0
/localization/kinematic_state,34447294462,1785838832245828061,64075014938071,34447294462,0
/control/command/control_cmd,34447294462,1785838832246700404,64075015810286,34447294462,80
/localization/kinematic_state,34497294463,1785838832295641600,64075064751461,34497294463,0
/control/command/control_cmd,34497294463,1785838832295870461,64075064980144,34497294463,80
/sensing/lidar/top/pointcloud_raw_ex,34497294463,1785838832300334143,64075069444181,34497294463,244504
/localization/pose_estimator/pose_with_covariance,34497294463,1785838832303205459,64075072315440,34497294463,0
/control/command/control_cmd,34547294464,1785838832345742776,64075114852787,34547294464,80
/localization/kinematic_state,34547294464,1785838832346807156,64075115916890,34547294464,0
/localization/kinematic_state,34597294465,1785838832395712630,64075164822392,34597294465,0
/control/command/control_cmd,34597294465,1785838832395843758,64075164953399,34597294465,80
/sensing/lidar/top/pointcloud_raw_ex,34597294465,1785838832400459295,64075169569378,34597294465,241080
/localization/pose_estimator/pose_with_covariance,34597294465,1785838832403117832,64075172227763,34597294465,0
/control/command/control_cmd,34647294465,1785838832445671659,64075214781961,34647294465,80
/localization/kinematic_state,34647294465,1785838832446259574,64075215369318,34647294465,0
/localization/kinematic_state,34697294466,1785838832495682131,64075264791979,34697294466,0
/control/command/control_cmd,34697294466,1785838832495926910,64075265036824,34697294466,80
/sensing/lidar/top/pointcloud_raw_ex,34697294466,1785838832500713623,64075269823653,34697294466,238584
/localization/pose_estimator/pose_with_covariance,34697294466,1785838832503784849,64075272894950,34697294466,0
/control/command/control_cmd,34747294467,1785838832546108620,64075315218830,34747294467,80
/localization/kinematic_state,34747294467,1785838832547171953,64075316281657,34747294467,0
/localization/kinematic_state,34797294468,1785838832595449178,64075364559061,34797294468,0
/control/command/control_cmd,34797294468,1785838832596207200,64075365316998,34797294468,80
/sensing/lidar/top/pointcloud_raw_ex,34797294468,1785838832601973954,64075371083954,34797294468,239672
/localization/pose_estimator/pose_with_covariance,34797294468,1785838832604607567,64075373717496,34797294468,0
/localization/kinematic_state,34847294468,1785838832645698189,64075414807940,34847294468,0
/control/command/control_cmd,34847294468,1785838832646568272,64075415678133,34847294468,80
/localization/kinematic_state,34897294469,1785838832695830438,64075464940406,34897294469,0
/control/command/control_cmd,34897294469,1785838832696972078,64075466081926,34897294469,80
/sensing/lidar/top/pointcloud_raw_ex,34897294469,1785838832700598109,64075469707914,34897294469,244152
/localization/pose_estimator/pose_with_covariance,34897294469,1785838832704144217,64075473254130,34897294469,0
/control/command/control_cmd,34947294470,1785838832745679745,64075514789646,34947294470,80
/localization/kinematic_state,34947294470,1785838832745972390,64075515082174,34947294470,0
/localization/kinematic_state,34997294471,1785838832795497313,64075564607093,34997294471,0
/control/command/control_cmd,34997294471,1785838832795910372,64075565020244,34997294471,80
/sensing/lidar/top/pointcloud_raw_ex,34997294471,1785838832800238876,64075569348665,34997294471,237432
/localization/pose_estimator/pose_with_covariance,34997294471,1785838832802973264,64075572083093,34997294471,0
/localization/kinematic_state,35047294471,1785838832845482476,64075614592223,35047294471,0
/control/command/control_cmd,35047294471,1785838832846612558,64075615722349,35047294471,80
/localization/kinematic_state,35097294472,1785838832895594743,64075664704536,35097294472,0
/control/command/control_cmd,35097294472,1785838832896105812,64075665215729,35097294472,80
/sensing/lidar/top/pointcloud_raw_ex,35097294472,1785838832902164781,64075671274627,35097294472,242744
/localization/pose_estimator/pose_with_covariance,35097294472,1785838832904889832,64075673999763,35097294472,0
/localization/kinematic_state,35147294473,1785838832945966472,64075715076233,35147294473,0
/control/command/control_cmd,35147294473,1785838832946536508,64075715646347,35147294473,80
/control/command/control_cmd,35197294474,1785838832995732435,64075764842632,35197294474,80
/localization/kinematic_state,35197294474,1785838832996826699,64075765936435,35197294474,0
/sensing/lidar/top/pointcloud_raw_ex,35197294474,1785838833001075203,64075770185289,35197294474,241016
/localization/pose_estimator/pose_with_covariance,35197294474,1785838833003655774,64075772765615,35197294474,0
/control/command/control_cmd,35247294474,1785838833045677604,64075814787909,35247294474,80
/localization/kinematic_state,35247294474,1785838833046208496,64075815318288,35247294474,0
/control/command/control_cmd,35297294475,1785838833095987949,64075865097985,35297294475,80
/localization/kinematic_state,35297294475,1785838833096345868,64075865455606,35297294475,0
/sensing/lidar/top/pointcloud_raw_ex,35297294475,1785838833101234492,64075870344593,35297294475,243704
/localization/pose_estimator/pose_with_covariance,35297294475,1785838833103837260,64075872947158,35297294475,0
/localization/kinematic_state,35347294476,1785838833145929394,64075915039249,35347294476,0
/control/command/control_cmd,35347294476,1785838833146695930,64075915805801,35347294476,80
/localization/kinematic_state,35397294477,1785838833196337560,64075965447344,35397294477,0
/control/command/control_cmd,35397294477,1785838833196353116,64075965462741,35397294477,80
/sensing/lidar/top/pointcloud_raw_ex,35397294477,1785838833201230370,64075970340773,35397294477,242808
/localization/pose_estimator/pose_with_covariance,35397294477,1785838833203888389,64075972998217,35397294477,0
/control/command/control_cmd,35447294477,1785838833246078231,64076015188254,35447294477,80
/localization/kinematic_state,35447294477,1785838833246157477,64076015267095,35447294477,0
/localization/kinematic_state,35497294478,1785838833296208668,64076065318513,35497294478,0
/control/command/control_cmd,35497294478,1785838833296216355,64076065325969,35497294478,80
/sensing/lidar/top/pointcloud_raw_ex,35497294478,1785838833300866382,64076069976267,35497294478,238392
/localization/pose_estimator/pose_with_covariance,35497294478,1785838833303545806,64076072655600,35497294478,0
/localization/kinematic_state,35547294479,1785838833346429525,64076115539289,35547294479,0
/control/command/control_cmd,35547294479,1785838833346561483,64076115671338,35547294479,80
/control/command/control_cmd,35597294480,1785838833395949014,64076165059059,35597294480,80
/localization/kinematic_state,35597294480,1785838833396015506,64076165125284,35597294480,0
/sensing/lidar/top/pointcloud_raw_ex,35597294480,1785838833400889169,64076169999466,35597294480,242712
/localization/pose_estimator/pose_with_covariance,35597294480,1785838833404398737,64076173508769,35597294480,0
/localization/kinematic_state,35647294480,1785838833445856029,64076214965919,35647294480,0
/control/command/control_cmd,35647294480,1785838833446346237,64076215456053,35647294480,80
/localization/kinematic_state,35697294481,1785838833495672220,64076264781933,35697294481,0
/control/command/control_cmd,35697294481,1785838833496621018,64076265730679,35697294481,80
/sensing/lidar/top/pointcloud_raw_ex,35697294481,1785838833500401100,64076269511030,35697294481,238872
/localization/pose_estimator/pose_with_covariance,35697294481,1785838833503529477,64076272639163,35697294481,0
/localization/kinematic_state,35747294482,1785838833545789894,64076314899765,35747294482,0
/control/command/control_cmd,35747294482,1785838833546364354,64076315474163,35747294482,80
/localization/kinematic_state,35797294483,1785838833595707128,64076364816964,35797294483,0
/control/command/control_cmd,35797294483,1785838833596001817,64076365111660,35797294483,80
/sensing/lidar/top/pointcloud_raw_ex,35797294483,1785838833600123882,64076369233959,35797294483,238616
/localization/pose_estimator/pose_with_covariance,35797294483,1785838833602811279,64076371921061,35797294483,0
/localization/kinematic_state,35847294483,1785838833646050566,64076415160466,35847294483,0
/control/command/control_cmd,35847294483,1785838833646069009,64076415178630,35847294483,80
/control/command/control_cmd,35897294484,1785838833695635826,64076464745771,35897294484,80
/localization/kinematic_state,35897294484,1785838833695791746,64076464901414,35897294484,0
/sensing/lidar/top/pointcloud_raw_ex,35897294484,1785838833700439164,64076469549061,35897294484,243416
/localization/pose_estimator/pose_with_covariance,35897294484,1785838833705136637,64076474246606,35897294484,0
/localization/kinematic_state,35947294485,1785838833745782736,64076514892611,35947294485,0
/control/command/control_cmd,35947294485,1785838833746152528,64076515262338,35947294485,80
/control/command/control_cmd,35997294486,1785838833796197714,64076565307886,35997294486,80
/localization/kinematic_state,35997294486,1785838833796307138,64076565416814,35997294486,0
/sensing/lidar/top/pointcloud_raw_ex,35997294486,1785838833800821511,64076569931302,35997294486,242424
/localization/pose_estimator/pose_with_covariance,35997294486,1785838833803499931,64076572609727,35997294486,0
/localization/kinematic_state,36047294486,1785838833845852702,64076614962525,36047294486,0
/control/command/control_cmd,36047294486,1785838833846798083,64076615907876,36047294486,80
/localization/kinematic_state,36097294487,1785838833895377924,64076664487860,36097294487,0
/control/command/control_cmd,36097294487,1785838833896242197,64076665352104,36097294487,80
/sensing/lidar/top/pointcloud_raw_ex,36097294487,1785838833901557380,64076670667508,36097294487,246168
/localization/pose_estimator/pose_with_covariance,36097294487,1785838833904296262,64076673406092,36097294487,0
/localization/kinematic_state,36147294488,1785838833945867299,64076714977212,36147294488,0
/control/command/control_cmd,36147294488,1785838833946204317,64076715314063,36147294488,80
/control/command/control_cmd,36197294489,1785838833995698786,64076764808599,36197294489,80
/localization/kinematic_state,36197294489,1785838833996170472,64076765280207,36197294489,0
/sensing/lidar/top/pointcloud_raw_ex,36197294489,1785838834001399081,64076770509187,36197294489,238360
/localization/pose_estimator/pose_with_covariance,36197294489,1785838834004505115,64076773615045,36197294489,0
/localization/kinematic_state,36247294489,1785838834045987747,64076815097520,36247294489,0
/control/command/control_cmd,36247294489,1785838834046581444,64076815691494,36247294489,80
/localization/kinematic_state,36297294490,1785838834095706674,64076864816670,36297294490,0
/control/command/control_cmd,36297294490,1785838834096244653,64076865354584,36297294490,80
/sensing/lidar/top/pointcloud_raw_ex,36297294490,1785838834101139059,64076870249125,36297294490,244664
/localization/pose_estimator/pose_with_covariance,36297294490,1785838834104491875,64076873601835,36297294490,0
/control/command/control_cmd,36347294491,1785838834146122717,64076915232818,36347294491,80
/localization/kinematic_state,36347294491,1785838834146289962,64076915399599,36347294491,0
/localization/kinematic_state,36397294492,1785838834195990879,64076965100713,36397294492,0
/control/command/control_cmd,36397294492,1785838834196001492,64076965111092,36397294492,80
/sensing/lidar/top/pointcloud_raw_ex,36397294492,1785838834200460315,64076969570396,36397294492,239448
/localization/pose_estimator/pose_with_covariance,36397294492,1785838834203065997,64076972175760,36397294492,0
/localization/kinematic_state,36447294492,1785838834245865241,64077014975322,36447294492,0
/control/command/control_cmd,36447294492,1785838834246082800,64077015192504,36447294492,80
/localization/kinematic_state,36497294493,1785838834295903686,64077065013451,36497294493,0
/control/command/control_cmd,36497294493,1785838834296339409,64077065449206,36497294493,80
/sensing/lidar/top/pointcloud_raw_ex,36497294493,1785838834300915118,64077070025297,36497294493,238008
/localization/pose_estimator/pose_with_covariance,36497294493,1785838834303831351,64077072941145,36497294493,0
/localization/kinematic_state,36547294494,1785838834345521862,64077114631898,36547294494,0
/control/command/control_cmd,36547294494,1785838834345912104,64077115021837,36547294494,80
/control/command/control_cmd,36597294495,1785838834395852005,64077164962005,36597294495,80
/localization/kinematic_state,36597294495,1785838834395993199,64077165103025,36597294495,0
/sensing/lidar/top/pointcloud_raw_ex,36597294495,1785838834401671090,64077170781333,36597294495,241208
/localization/pose_estimator/pose_with_covariance,36597294495,1785838834405097429,64077174207434,36597294495,0
/localization/kinematic_state,36647294495,1785838834445303469,64077214413232,36647294495,0
/control/command/control_cmd,36647294495,1785838834446213368,64077215323359,36647294495,80
/localization/kinematic_state,36697294496,1785838834495680288,64077264790140,36697294496,0
/control/command/control_cmd,36697294496,1785838834496017622,64077265127481,36697294496,80
/sensing/lidar/top/pointcloud_raw_ex,36697294496,1785838834500495246,64077269605204,36697294496,239288
/localization/pose_estimator/pose_with_covariance,36697294496,1785838834503564285,64077272674222,36697294496,0
/control/command/control_cmd,36747294497,1785838834546452586,64077315562456,36747294497,80
/localization/kinematic_state,36747294497,1785838834546532863,64077315642482,36747294497,0
/localization/kinematic_state,36797294498,1785838834595481728,64077364591754,36797294498,0
/control/command/control_cmd,36797294498,1785838834595619318,64077364728999,36797294498,80
/sensing/lidar/top/pointcloud_raw_ex,36797294498,1785838834600426573,64077369536744,36797294498,241240
/localization/pose_estimator/pose_with_covariance,36797294498,1785838834603706230,64077372816033,36797294498,0
/localization/kinematic_state,36847294498,1785838834645663073,64077414772946,36847294498,0
/control/command/control_cmd,36847294498,1785838834646878030,64077415987850,36847294498,80
/localization/kinematic_state,36897294499,1785838834696100027,64077465209743,36897294499,0
/control/command/control_cmd,36897294499,1785838834696109940,64077465219548,36897294499,80
/sensing/lidar/top/pointcloud_raw_ex,36897294499,1785838834700797235,64077469907241,36897294499,240760
/localization/pose_estimator/pose_with_covariance,36897294499,1785838834703350450,64077472460335,36897294499,0
/localization/kinematic_state,36947294500,1785838834745962747,64077515072523,36947294500,0
/control/command/control_cmd,36947294500,1785838834746831662,64077515941472,36947294500,80
/localization/kinematic_state,36997294500,1785838834795532218,64077564641937,36997294500,0
/control/command/control_cmd,36997294500,1785838834796825080,64077565934974,36997294500,80
/sensing/lidar/top/pointcloud_raw_ex,36997294500,1785838834800351675,64077569461542,36997294500,240952
/localization/pose_estimator/pose_with_covariance,36997294500,1785838834803119566,64077572229400,36997294500,0
/localization/kinematic_state,37047294501,1785838834846053594,64077615163639,37047294501,0
/control/command/control_cmd,37047294501,1785838834846573674,64077615683489,37047294501,80
/control/command/control_cmd,37097294502,1785838834896274711,64077665384907,37097294502,80
/localization/kinematic_state,37097294502,1785838834897219549,64077666329616,37097294502,0
/sensing/lidar/top/pointcloud_raw_ex,37097294502,1785838834900664546,64077669774492,37097294502,242872
/localization/pose_estimator/pose_with_covariance,37097294502,1785838834902904963,64077672014656,37097294502,0
/localization/kinematic_state,37147294503,1785838834945873618,64077714983428,37147294503,0
/control/command/control_cmd,37147294503,1785838834949385823,64077718495554,37147294503,80
/localization/kinematic_state,37197294503,1785838834995711316,64077764821176,37197294503,0
/control/command/control_cmd,37197294503,1785838834996146592,64077765256392,37197294503,80
/sensing/lidar/top/pointcloud_raw_ex,37197294503,1785838835000975398,64077770085210,37197294503,242744
/localization/pose_estimator/pose_with_covariance,37197294503,1785838835004062833,64077773172774,37197294503,0
/localization/kinematic_state,37247294504,1785838835045708795,64077814818739,37247294504,0
/control/command/control_cmd,37247294504,1785838835046306667,64077815416502,37247294504,80
/localization/kinematic_state,37297294505,1785838835095273654,64077864383787,37297294505,0
/control/command/control_cmd,37297294505,1785838835095628661,64077864738508,37297294505,80
/sensing/lidar/top/pointcloud_raw_ex,37297294505,1785838835100251119,64077869361111,37297294505,239032
/localization/pose_estimator/pose_with_covariance,37297294505,1785838835103381031,64077872490997,37297294505,0
/control/command/control_cmd,37347294506,1785838835145743755,64077914853863,37347294506,80
/localization/kinematic_state,37347294506,1785838835146305638,64077915415446,37347294506,0
/localization/kinematic_state,37397294506,1785838835195638656,64077964748424,37397294506,0
/control/command/control_cmd,37397294506,1785838835195918733,64077965028499,37397294506,80
/sensing/lidar/top/pointcloud_raw_ex,37397294506,1785838835203465443,64077972575638,37397294506,240792
/localization/pose_estimator/pose_with_covariance,37397294506,1785838835205887838,64077974997585,37397294506,0
/localization/kinematic_state,37447294507,1785838835246275701,64078015385632,37447294507,0
/control/command/control_cmd,37447294507,1785838835246446196,64078015556148,37447294507,80
/localization/kinematic_state,37497294508,1785838835296173796,64078065283530,37497294508,0
/control/command/control_cmd,37497294508,1785838835296575299,64078065685191,37497294508,80
/sensing/lidar/top/pointcloud_raw_ex,37497294508,1785838835300903931,64078070013906,37497294508,238168
/localization/pose_estimator/pose_with_covariance,37497294508,1785838835303690356,64078072800396,37497294508,0
/localization/kinematic_state,37547294509,1785838835345528706,64078114638568,37547294509,0
/control/command/control_cmd,37547294509,1785838835346113577,64078115223374,37547294509,80
/localization/kinematic_state,37597294509,1785838835395613545,64078164723385,37597294509,0
/control/command/control_cmd,37597294509,1785838835397058796,64078166168585,37597294509,80
/sensing/lidar/top/pointcloud_raw_ex,37597294509,1785838835400465910,64078169575761,37597294509,241592
/localization/pose_estimator/pose_with_covariance,37597294509,1785838835404281703,64078173391541,37597294509,0
/control/command/control_cmd,37647294510,1785838835445568489,64078214678526,37647294510,80
/localization/kinematic_state,37647294510,1785838835446547813,64078215657558,37647294510,0
/localization/kinematic_state,37697294511,1785838835495848586,64078264958683,37697294511,0
/control/command/control_cmd,37697294511,1785838835495858819,64078264968431,37697294511,80
/sensing/lidar/top/pointcloud_raw_ex,37697294511,1785838835501643301,64078270753387,37697294511,241144
/localization/pose_estimator/pose_with_covariance,37697294511,1785838835504380501,64078273490342,37697294511,0
/localization/kinematic_state,37747294512,1785838835547068797,64078316178857,37747294512,0
/control/command/control_cmd,37747294512,1785838835547276332,64078316386022,37747294512,80
/localization/kinematic_state,37797294512,1785838835596555342,64078365665606,37797294512,0
/control/command/control_cmd,37797294512,1785838835596571017,64078365680850,37797294512,80
/sensing/lidar/top/pointcloud_raw_ex,37797294512,1785838835601604987,64078370715467,37797294512,239640
/localization/pose_estimator/pose_with_covariance,37797294512,1785838835604545817,64078373656019,37797294512,0
/control/command/control_cmd,37847294513,1785838835646137477,64078415247822,37847294513,80
/localization/kinematic_state,37847294513,1785838835646313211,64078415422921,37847294513,0
/localization/kinematic_state,37897294514,1785838835695751970,64078464861802,37897294514,0
/control/command/control_cmd,37897294514,1785838835695759539,64078464869133,37897294514,80
/sensing/lidar/top/pointcloud_raw_ex,37897294514,1785838835701151731,64078470262125,37897294514,240024
/localization/pose_estimator/pose_with_covariance,37897294514,1785838835704263496,64078473373527,37897294514,0
/localization/kinematic_state,37947294515,1785838835745789449,64078514899334,37947294515,0
/control/command/control_cmd,37947294515,1785838835746341010,64078515450879,37947294515,80
/localization/kinematic_state,37997294515,1785838835797802431,64078566912315,37997294515,0
/control/command/control_cmd,37997294515,1785838835797811348,64078566920988,37997294515,80
/sensing/lidar/top/pointcloud_raw_ex,37997294515,1785838835800542951,64078569652841,37997294515,239576
/localization/pose_estimator/pose_with_covariance,37997294515,1785838835802721578,64078571831274,37997294515,0
/localization/kinematic_state,38047294516,1785838835845767734,64078614877608,38047294516,0
/control/command/control_cmd,38047294516,1785838835846445453,64078615555363,38047294516,80
/localization/kinematic_state,38097294517,1785838835895691620,64078664801394,38097294517,0
/control/command/control_cmd,38097294517,1785838835896037672,64078665147369,38097294517,80
/sensing/lidar/top/pointcloud_raw_ex,38097294517,1785838835900804002,64078669914117,38097294517,236792
/localization/pose_estimator/pose_with_covariance,38097294517,1785838835903359455,64078672469407,38097294517,0
/control/command/control_cmd,38147294518,1785838835945990615,64078715100832,38147294518,80
/localization/kinematic_state,38147294518,1785838835946364421,64078715474280,38147294518,0
/control/command/control_cmd,38197294518,1785838835996606430,64078765716368,38197294518,80
/localization/kinematic_state,38197294518,1785838835996680397,64078765790117,38197294518,0
/sensing/lidar/top/pointcloud_raw_ex,38197294518,1785838836002476193,64078771586384,38197294518,242040
/localization/pose_estimator/pose_with_covariance,38197294518,1785838836006116844,64078775226835,38197294518,0
/control/command/control_cmd,38247294519,1785838836046797512,64078815907576,38247294519,80
/localization/kinematic_state,38247294519,1785838836046941638,64078816051596,38247294519,0
/localization/kinematic_state,38297294520,1785838836095746499,64078864856277,38297294520,0
/control/command/control_cmd,38297294520,1785838836096034790,64078865144698,38297294520,80
/sensing/lidar/top/pointcloud_raw_ex,38297294520,1785838836100883120,64078869993231,38297294520,240344
/localization/pose_estimator/pose_with_covariance,38297294520,1785838836103468182,64078872577942,38297294520,0
/localization/kinematic_state,38347294521,1785838836146070466,64078915180387,38347294521,0
/control/command/control_cmd,38347294521,1785838836147090622,64078916200532,38347294521,80
/localization/kinematic_state,38397294521,1785838836196405479,64078965515165,38397294521,0
/control/command/control_cmd,38397294521,1785838836196853531,64078965963412,38397294521,80
/sensing/lidar/top/pointcloud_raw_ex,38397294521,1785838836201541223,64078970651247,38397294521,238744
/localization/pose_estimator/pose_with_covariance,38397294521,1785838836204939188,64078974049178,38397294521,0
/localization/kinematic_state,38447294522,1785838836245914340,64079015024043,38447294522,0
/control/command/control_cmd,38447294522,1785838836245931637,64079015041257,38447294522,80
/localization/kinematic_state,38497294523,1785838836295766548,64079064876304,38497294523,0
/control/command/control_cmd,38497294523,1785838836296381214,64079065490970,38497294523,80
/sensing/lidar/top/pointcloud_raw_ex,38497294523,1785838836300542730,64079069652675,38497294523,241720
/localization/pose_estimator/pose_with_covariance,38497294523,1785838836302968291,64079072078132,38497294523,0
/control/command/control_cmd,38547294524,1785838836346856135,64079115966055,38547294524,80
/localization/kinematic_state,38547294524,1785838836346883449,64079115993062,38547294524,0
/localization/kinematic_state,38597294524,1785838836396214296,64079165324240,38597294524,0
/control/command/control_cmd,38597294524,1785838836396918483,64079166028323,38597294524,80
/sensing/lidar/top/pointcloud_raw_ex,38597294524,1785838836401544425,64079170654265,38597294524,240248
/localization/pose_estimator/pose_with_covariance,38597294524,1785838836404134880,64079173244594,38597294524,0
/localization/kinematic_state,38647294525,1785838836446125475,64079215235423,38647294525,0
/control/command/control_cmd,38647294525,1785838836446181425,64079215291295,38647294525,80
/localization/kinematic_state,38697294526,1785838836495822627,64079264932638,38697294526,0
/control/command/control_cmd,38697294526,1785838836496425973,64079265535733,38697294526,80
/sensing/lidar/top/pointcloud_raw_ex,38697294526,1785838836501629505,64079270739588,38697294526,243160
/localization/pose_estimator/pose_with_covariance,38697294526,1785838836504228764,64079273338681,38697294526,0
/localization/kinematic_state,38747294527,1785838836546587810,64079315697807,38747294527,0
/control/command/control_cmd,38747294527,1785838836546595203,64079315704808,38747294527,80
/localization/kinematic_state,38797294527,1785838836595753510,64079364863460,38797294527,0
/control/command/control_cmd,38797294527,1785838836595948925,64079365058746,38797294527,80
/sensing/lidar/top/pointcloud_raw_ex,38797294527,1785838836600551190,64079369661246,38797294527,240792
/localization/pose_estimator/pose_with_covariance,38797294527,1785838836603111522,64079372221371,38797294527,0
/control/command/control_cmd,38847294528,1785838836646063604,64079415173598,38847294528,80
/localization/kinematic_state,38847294528,1785838836646562393,64079415672121,38847294528,0
/localization/kinematic_state,38897294529,1785838836696815216,64079465925231,38897294529,0
/control/command/control_cmd,38897294529,1785838836696824155,64079465933771,38897294529,80
/sensing/lidar/top/pointcloud_raw_ex,38897294529,1785838836701084345,64079470194210,38897294529,240056
/localization/pose_estimator/pose_with_covariance,38897294529,1785838836704824136,64079473933851,38897294529,0
/control/command/control_cmd,38947294530,1785838836745998886,64079515108816,38947294530,80
/localization/kinematic_state,38947294530,1785838836746638221,64079515747976,38947294530,0
/localization/kinematic_state,38997294530,1785838836795681245,64079564790992,38997294530,0
/control/command/control_cmd,38997294530,1785838836796032418,64079565142128,38997294530,80
/sensing/lidar/top/pointcloud_raw_ex,38997294530,1785838836800655756,64079569765985,38997294530,241720
/localization/pose_estimator/pose_with_covariance,38997294530,1785838836803069737,64079572179537,38997294530,0
/localization/kinematic_state,39047294531,1785838836846148354,64079615258203,39047294531,0
/control/command/control_cmd,39047294531,1785838836846516591,64079615626253,39047294531,80
/localization/kinematic_state,39097294532,1785838836895956613,64079665066691,39097294532,0
/control/command/control_cmd,39097294532,1785838836896917653,64079666027418,39097294532,80
/sensing/lidar/top/pointcloud_raw_ex,39097294532,1785838836902076196,64079671186231,39097294532,242104
/localization/pose_estimator/pose_with_covariance,39097294532,1785838836904722767,64079673832506,39097294532,0
/control/command/control_cmd,39147294533,1785838836945602467,64079714712263,39147294533,80
/localization/kinematic_state,39147294533,1785838836946139048,64079715248801,39147294533,0
/localization/kinematic_state,39197294533,1785838836995629123,64079764738873,39197294533,0
/control/command/control_cmd,39197294533,1785838836996139252,64079765249074,39197294533,80
/sensing/lidar/top/pointcloud_raw_ex,39197294533,1785838837003115437,64079772225841,39197294533,240248
/localization/pose_estimator/pose_with_covariance,39197294533,1785838837005709080,64079774818842,39197294533,0
/control/command/control_cmd,39247294534,1785838837046057913,64079815167797,39247294534,80
/localization/kinematic_state,39247294534,1785838837046383189,64079815492901,39247294534,0
/localization/kinematic_state,39297294535,1785838837095854848,64079864964710,39297294535,0
/control/command/control_cmd,39297294535,1785838837096805816,64079865915566,39297294535,80
/sensing/lidar/top/pointcloud_raw_ex,39297294535,1785838837101317254,64079870427147,39297294535,240216
/localization/pose_estimator/pose_with_covariance,39297294535,1785838837104170430,64079873280348,39297294535,0
/localization/kinematic_state,39347294536,1785838837145692251,64079914802041,39347294536,0
/control/command/control_cmd,39347294536,1785838837146608742,64079915718498,39347294536,80
/localization/kinematic_state,39397294536,1785838837195776661,64079964886492,39397294536,0
/control/command/control_cmd,39397294536,1785838837196426112,64079965536017,39397294536,80
/sensing/lidar/top/pointcloud_raw_ex,39397294536,1785838837200515907,64079969625968,39397294536,240088
/localization/pose_estimator/pose_with_covariance,39397294536,1785838837203186705,64079972296554,39397294536,0
/control/command/control_cmd,39447294537,1785838837246789074,64080015899203,39447294537,80
/localization/kinematic_state,39447294537,1785838837247012559,64080016122250,39447294537,0
/localization/kinematic_state,39497294538,1785838837296001837,64080065111789,39497294538,0
/control/command/control_cmd,39497294538,1785838837296164198,64080065273785,39497294538,80
/sensing/lidar/top/pointcloud_raw_ex,39497294538,1785838837301447544,64080070557412,39497294538,238136
/localization/pose_estimator/pose_with_covariance,39497294538,1785838837304312799,64080073422678,39497294538,0
/localization/kinematic_state,39547294538,1785838837345906654,64080115016473,39547294538,0
/control/command/control_cmd,39547294538,1785838837346067079,64080115176742,39547294538,80
/localization/kinematic_state,39597294539,1785838837396163827,64080165273804,39597294539,0
/control/command/control_cmd,39597294539,1785838837396177873,64080165287489,39597294539,80
/sensing/lidar/top/pointcloud_raw_ex,39597294539,1785838837402615626,64080171726034,39597294539,242776
/localization/pose_estimator/pose_with_covariance,39597294539,1785838837405342318,64080174452294,39597294539,0
/localization/kinematic_state,39647294540,1785838837445723072,64080214833024,39647294540,0
/control/command/control_cmd,39647294540,1785838837446647206,64080215757187,39647294540,80
/control/command/control_cmd,39697294541,1785838837495715315,64080264825532,39697294541,80
/localization/kinematic_state,39697294541,1785838837495948365,64080265058149,39697294541,0
/sensing/lidar/top/pointcloud_raw_ex,39697294541,1785838837500922998,64080270033239,39697294541,238488
/localization/pose_estimator/pose_with_covariance,39697294541,1785838837503941989,64080273051922,39697294541,0
/localization/kinematic_state,39747294541,1785838837546371595,64080315481729,39747294541,0
/control/command/control_cmd,39747294541,1785838837547056972,64080316166924,39747294541,80
/localization/kinematic_state,39797294542,1785838837595918420,64080365028246,39797294542,0
/control/command/control_cmd,39797294542,1785838837596147613,64080365257293,39797294542,80
/sensing/lidar/top/pointcloud_raw_ex,39797294542,1785838837600722413,64080369832272,39797294542,240184
/localization/pose_estimator/pose_with_covariance,39797294542,1785838837603422158,64080372531864,39797294542,0
/localization/kinematic_state,39847294543,1785838837646011446,64080415121276,39847294543,0
/control/command/control_cmd,39847294543,1785838837646022472,64080415132085,39847294543,80
/localization/kinematic_state,39897294544,1785838837695603965,64080464713971,39897294544,0
/control/command/control_cmd,39897294544,1785838837696052621,64080465162370,39897294544,80
/sensing/lidar/top/pointcloud_raw_ex,39897294544,1785838837701116620,64080470226837,39897294544,241848
/localization/pose_estimator/pose_with_covariance,39897294544,1785838837704620915,64080473730973,39897294544,0
/localization/kinematic_state,39947294544,1785838837745617281,64080514727044,39947294544,0
/control/command/control_cmd,39947294544,1785838837745822576,64080514932449,39947294544,80
/control/command/control_cmd,39997294545,1785838837795663022,64080564773573,39997294545,80
/localization/kinematic_state,39997294545,1785838837795815600,64080564925282,39997294545,0
/sensing/lidar/top/pointcloud_raw_ex,39997294545,1785838837801120854,64080570230967,39997294545,239864
/localization/pose_estimator/pose_with_covariance,39997294545,1785838837804950023,64080574060024,39997294545,0
/localization/kinematic_state,40047294546,1785838837845558530,64080614668272,40047294546,0
/control/command/control_cmd,40047294546,1785838837846592281,64080615702219,40047294546,80
/localization/kinematic_state,40097294547,1785838837896066893,64080665176610,40097294547,0
/control/command/control_cmd,40097294547,1785838837896074832,64080665184435,40097294547,80
/sensing/lidar/top/pointcloud_raw_ex,40097294547,1785838837903990041,64080673100353,40097294547,240984
/localization/pose_estimator/pose_with_covariance,40097294547,1785838837907409621,64080676519594,40097294547,0
/localization/kinematic_state,40147294547,1785838837946056834,64080715166612,40147294547,0
/control/command/control_cmd,40147294547,1785838837946646899,64080715756852,40147294547,80
/localization/kinematic_state,40197294548,1785838837996024704,64080765134656,40197294548,0
/control/command/control_cmd,40197294548,1785838837996277534,64080765387423,40197294548,80
/sensing/lidar/top/pointcloud_raw_ex,40197294548,1785838838000872754,64080769982932,40197294548,237880
/localization/pose_estimator/pose_with_covariance,40197294548,1785838838003885380,64080772995295,40197294548,0
/localization/kinematic_state,40247294549,1785838838045698278,64080814808222,40247294549,0
/control/command/control_cmd,40247294549,1785838838045865765,64080814975651,40247294549,80
/localization/kinematic_state,40297294550,1785838838095592542,64080864702392,40297294550,0
/control/command/control_cmd,40297294550,1785838838095770674,64080864880583,40297294550,80
/sensing/lidar/top/pointcloud_raw_ex,40297294550,1785838838100908462,64080870018732,40297294550,242712
/localization/pose_estimator/pose_with_covariance,40297294550,1785838838104422584,64080873532603,40297294550,0
/localization/kinematic_state,40347294550,1785838838145863178,64080914973090,40347294550,0
/control/command/control_cmd,40347294550,1785838838146235492,64080915345227,40347294550,80
/localization/kinematic_state,40397294551,1785838838195491961,64080964601929,40397294551,0
/control/command/control_cmd,40397294551,1785838838195780963,64080964890814,40397294551,80
/sensing/lidar/top/pointcloud_raw_ex,40397294551,1785838838202114485,64080971224781,40397294551,242104
/localization/pose_estimator/pose_with_covariance,40397294551,1785838838205157122,64080974267001,40397294551,0
/localization/kinematic_state,40447294552,1785838838246426062,64081015535964,40447294552,0
/control/command/control_cmd,40447294552,1785838838246774933,64081015884615,40447294552,80
/localization/kinematic_state,40497294553,1785838838295533167,64081064642936,40497294553,0
/control/command/control_cmd,40497294553,1785838838295911213,64081065020997,40497294553,80
/sensing/lidar/top/pointcloud_raw_ex,40497294553,1785838838300395910,64081069505956,40497294553,237624
/localization/pose_estimator/pose_with_covariance,40497294553,1785838838303497255,64081072607149,40497294553,0
/localization/kinematic_state,40547294553,1785838838346545618,64081115655550,40547294553,0
/control/command/control_cmd,40547294553,1785838838346569774,64081115679414,40547294553,80
/localization/kinematic_state,40597294554,1785838838395847226,64081164957001,40597294554,0
/control/command/control_cmd,40597294554,1785838838396848414,64081165958185,40597294554,80
/sensing/lidar/top/pointcloud_raw_ex,40597294554,1785838838401381949,64081170491799,40597294554,240152
/localization/pose_estimator/pose_with_covariance,40597294554,1785838838404360179,64081173470088,40597294554,0
/control/command/control_cmd,40647294555,1785838838445656659,64081214766492,40647294555,80
/localization/kinematic_state,40647294555,1785838838446258875,64081215368629,40647294555,0
/localization/kinematic_state,40697294556,1785838838495676207,64081264786218,40697294556,0
/control/command/control_cmd,40697294556,1785838838495834838,64081264944653,40697294556,80
/sensing/lidar/top/pointcloud_raw_ex,40697294556,1785838838501286569,64081270396606,40697294556,241176
/localization/pose_estimator/pose_with_covariance,40697294556,1785838838503627508,64081272737359,40697294556,0
/control/command/control_cmd,40747294556,1785838838547206482,64081316316679,40747294556,80
/localization/kinematic_state,40747294556,1785838838547317163,64081316426944,40747294556,0
/control/command/control_cmd,40797294557,1785838838596295443,64081365405451,40797294557,80
/localization/kinematic_state,40797294557,1785838838596579164,64081365689036,40797294557,0
/sensing/lidar/top/pointcloud_raw_ex,40797294557,1785838838601059373,64081370169499,40797294557,240408
/localization/pose_estimator/pose_with_covariance,40797294557,1785838838603909991,64081373019839,40797294557,0
/localization/kinematic_state,40847294558,1785838838645778402,64081414888208,40847294558,0
/control/command/control_cmd,40847294558,1785838838646271961,64081415381996,40847294558,80
/localization/kinematic_state,40897294559,1785838838695904507,64081465014354,40897294559,0
/control/command/control_cmd,40897294559,1785838838696393711,64081465503565,40897294559,80
/sensing/lidar/top/pointcloud_raw_ex,40897294559,1785838838701928681,64081471038700,40897294559,239544
/localization/pose_estimator/pose_with_covariance,40897294559,1785838838704880277,64081473990078,40897294559,0
/control/command/control_cmd,40947294559,1785838838746135831,64081515245954,40947294559,80
/localization/kinematic_state,40947294559,1785838838747165144,64081516274908,40947294559,0
/localization/kinematic_state,40997294560,1785838838796203603,64081565313793,40997294560,0
/control/command/control_cmd,40997294560,1785838838796218755,64081565328477,40997294560,80
/sensing/lidar/top/pointcloud_raw_ex,40997294560,1785838838802154014,64081571264208,40997294560,241560
/localization/pose_estimator/pose_with_covariance,40997294560,1785838838805293465,64081574403392,40997294560,0
/localization/kinematic_state,41047294561,1785838838845942255,64081615052199,41047294561,0
/control/command/control_cmd,41047294561,1785838838846184103,64081615293964,41047294561,80
/localization/kinematic_state,41097294562,1785838838895996540,64081665106646,41097294562,0
/control/command/control_cmd,41097294562,1785838838896075161,64081665185050,41097294562,80
/sensing/lidar/top/pointcloud_raw_ex,41097294562,1785838838901026162,64081670136442,41097294562,239608
/localization/pose_estimator/pose_with_covariance,41097294562,1785838838904405978,64081673516043,41097294562,0
/localization/kinematic_state,41147294562,1785838838945702493,64081714812603,41147294562,0
/control/command/control_cmd,41147294562,1785838838946857062,64081715966881,41147294562,80
/localization/kinematic_state,41197294563,1785838838995815767,64081764925644,41197294563,0
/control/command/control_cmd,41197294563,1785838838996174119,64081765284427,41197294563,80
/sensing/lidar/top/pointcloud_raw_ex,41197294563,1785838839001802834,64081770912908,41197294563,237112
/localization/pose_estimator/pose_with_covariance,41197294563,1785838839005096287,64081774206070,41197294563,0
/localization/kinematic_state,41247294564,1785838839045620718,64081814730619,41247294564,0
/control/command/control_cmd,41247294564,1785838839045796884,64081814906603,41247294564,80
/localization/kinematic_state,41297294565,1785838839096042264,64081865152163,41297294565,0
/control/command/control_cmd,41297294565,1785838839096056807,64081865166418,41297294565,80
/sensing/lidar/top/pointcloud_raw_ex,41297294565,1785838839101300677,64081870410604,41297294565,237208
/localization/pose_estimator/pose_with_covariance,41297294565,1785838839104525439,64081873635371,41297294565,0
/localization/kinematic_state,41347294565,1785838839145724184,64081914834048,41347294565,0
/control/command/control_cmd,41347294565,1785838839146581079,64081915690888,41347294565,80
/localization/kinematic_state,41397294566,1785838839195584919,64081964694671,41397294566,0
/control/command/control_cmd,41397294566,1785838839196848597,64081965958820,41397294566,80
/sensing/lidar/top/pointcloud_raw_ex,41397294566,1785838839201412224,64081970522274,41397294566,244888
/localization/pose_estimator/pose_with_covariance,41397294566,1785838839204579987,64081973690059,41397294566,0
/localization/kinematic_state,41447294567,1785838839246168387,64082015278199,41447294567,0
/control/command/control_cmd,41447294567,1785838839246448396,64082015558301,41447294567,80
/localization/kinematic_state,41497294568,1785838839296063695,64082065173516,41497294568,0
/control/command/control_cmd,41497294568,1785838839297074575,64082066184530,41497294568,80
/sensing/lidar/top/pointcloud_raw_ex,41497294568,1785838839301406942,64082070517265,41497294568,239736
/localization/pose_estimator/pose_with_covariance,41497294568,1785838839304861073,64082073971118,41497294568,0
/localization/kinematic_state,41547294568,1785838839346827498,64082115937224,41547294568,0
/control/command/control_cmd,41547294568,1785838839346837579,64082115947192,41547294568,80
/localization/kinematic_state,41597294569,1785838839395702423,64082164812353,41597294569,0
/control/command/control_cmd,41597294569,1785838839395875872,64082164985795,41597294569,80
/sensing/lidar/top/pointcloud_raw_ex,41597294569,1785838839402580953,64082171691072,41597294569,242744
/localization/pose_estimator/pose_with_covariance,41597294569,1785838839405715960,64082174825920,41597294569,0
/localization/kinematic_state,41647294570,1785838839445697799,64082214807571,41647294570,0
/control/command/control_cmd,41647294570,1785838839446074117,64082215184084,41647294570,80
/control/command/control_cmd,41697294571,1785838839495969728,64082265079646,41697294571,80
/localization/kinematic_state,41697294571,1785838839496060641,64082265170275,41697294571,0
/sensing/lidar/top/pointcloud_raw_ex,41697294571,1785838839504020657,64082273130786,41697294571,242520
/localization/pose_estimator/pose_with_covariance,41697294571,1785838839506999921,64082276109966,41697294571,0
/control/command/control_cmd,41747294571,1785838839546678931,64082315788921,41747294571,80
/localization/kinematic_state,41747294571,1785838839547128985,64082316238770,41747294571,0
/localization/kinematic_state,41797294572,1785838839595695367,64082364805378,41797294572,0
/control/command/control_cmd,41797294572,1785838839596069572,64082365179362,41797294572,80
/sensing/lidar/top/pointcloud_raw_ex,41797294572,1785838839601240140,64082370350392,41797294572,242328
/localization/pose_estimator/pose_with_covariance,41797294572,1785838839604349296,64082373459163,41797294572,0
/localization/kinematic_state,41847294573,1785838839645605012,64082414714869,41847294573,0
/control/command/control_cmd,41847294573,1785838839646105033,64082415214930,41847294573,80
/control/command/control_cmd,41897294574,1785838839695790486,64082464900424,41897294574,80
/localization/kinematic_state,41897294574,1785838839695839612,64082464949235,41897294574,0
/sensing/lidar/top/pointcloud_raw_ex,41897294574,1785838839701856311,64082470966447,41897294574,241688
/localization/pose_estimator/pose_with_covariance,41897294574,1785838839704863313,64082473973323,41897294574,0
/localization/kinematic_state,41947294574,1785838839745547842,64082514657606,41947294574,0
/control/command/control_cmd,41947294574,1785838839745861984,64082514971781,41947294574,80
/localization/kinematic_state,41997294575,1785838839795344629,64082564454539,41997294575,0
/control/command/control_cmd,41997294575,1785838839795575174,64082564684862,41997294575,80
/sensing/lidar/top/pointcloud_raw_ex,41997294575,1785838839801155548,64082570265823,41997294575,240440
/localization/pose_estimator/pose_with_covariance,41997294575,1785838839803991112,64082573100943,41997294575,0
/localization/kinematic_state,42047294576,1785838839845746433,64082614856289,42047294576,0
/control/command/control_cmd,42047294576,1785838839845848549,64082614958466,42047294576,80
/localization/kinematic_state,42097294576,1785838839895928589,64082665038534,42097294576,0
/control/command/control_cmd,42097294576,1785838839895937708,64082665047321,42097294576,80
/sensing/lidar/top/pointcloud_raw_ex,42097294576,1785838839900381425,64082669491189,42097294576,237880
/localization/pose_estimator/pose_with_covariance,42097294576,1785838839903363001,64082672473309,42097294576,0
/localization/kinematic_state,42147294577,1785838839946496676,64082715606853,42147294577,0
/control/command/control_cmd,42147294577,1785838839947231740,64082716341479,42147294577,80
/localization/kinematic_state,42197294578,1785838839995206398,64082764316198,42197294578,0
/control/command/control_cmd,42197294578,1785838839995777588,64082764887478,42197294578,80
/sensing/lidar/top/pointcloud_raw_ex,42197294578,1785838840000526832,64082769636962,42197294578,238840
/localization/pose_estimator/pose_with_covariance,42197294578,1785838840003961597,64082773071445,42197294578,0
/localization/kinematic_state,42247294579,1785838840045691372,64082814801130,42247294579,0
/control/command/control_cmd,42247294579,1785838840047244118,64082816353991,42247294579,80
/localization/kinematic_state,42297294579,1785838840095657458,64082864767156,42297294579,0
/control/command/control_cmd,42297294579,1785838840096397960,64082865507766,42297294579,80
/sensing/lidar/top/pointcloud_raw_ex,42297294579,1785838840101345821,64082870455629,42297294579,240888
/localization/pose_estimator/pose_with_covariance,42297294579,1785838840103984927,64082873094855,42297294579,0
/localization/kinematic_state,42347294580,1785838840145934326,64082915044191,42347294580,0
/control/command/control_cmd,42347294580,1785838840146862111,64082915971924,42347294580,80
/localization/kinematic_state,42397294581,1785838840195901320,64082965011311,42397294581,0
/control/command/control_cmd,42397294581,1785838840195909424,64082965019036,42397294581,80
/sensing/lidar/top/pointcloud_raw_ex,42397294581,1785838840201140344,64082970250686,42397294581,241240
/localization/pose_estimator/pose_with_covariance,42397294581,1785838840204317333,64082973427321,42397294581,0
/localization/kinematic_state,42447294582,1785838840245742652,64083014852390,42447294582,0
/control/command/control_cmd,42447294582,1785838840246801254,64083015911107,42447294582,80
/localization/kinematic_state,42497294582,1785838840296022578,64083065132440,42497294582,0
/control/command/control_cmd,42497294582,1785838840296193554,64083065303275,42497294582,80
/sensing/lidar/top/pointcloud_raw_ex,42497294582,1785838840301164006,64083070274121,42497294582,242424
/localization/pose_estimator/pose_with_covariance,42497294582,1785838840304651008,64083073760793,42497294582,0
/localization/kinematic_state,42547294583,1785838840346336836,64083115446698,42547294583,0
/control/command/control_cmd,42547294583,1785838840346533068,64083115642777,42547294583,80
/control/command/control_cmd,42597294584,1785838840396988997,64083166099048,42597294584,80
/localization/kinematic_state,42597294584,1785838840397039143,64083166148758,42597294584,0
/sensing/lidar/top/pointcloud_raw_ex,42597294584,1785838840404049051,64083173158996,42597294584,242552
/localization/pose_estimator/pose_with_covariance,42597294584,1785838840406926284,64083176036273,42597294584,0
/localization/kinematic_state,42647294585,1785838840446725470,64083215835543,42647294585,0
/control/command/control_cmd,42647294585,1785838840446835665,64083215945316,42647294585,80
/control/command/control_cmd,42697294585,1785838840496383876,64083265493799,42697294585,80
/localization/kinematic_state,42697294585,1785838840496487802,64083265597545,42697294585,0
/sensing/lidar/top/pointcloud_raw_ex,42697294585,1785838840500834779,64083269944797,42697294585,237560
/localization/pose_estimator/pose_with_covariance,42697294585,1785838840504304305,64083273414191,42697294585,0
/localization/kinematic_state,42747294586,1785838840545860473,64083314970344,42747294586,0
/control/command/control_cmd,42747294586,1785838840546666805,64083315776716,42747294586,80
/localization/kinematic_state,42797294587,1785838840595563534,64083364673650,42797294587,0
/control/command/control_cmd,42797294587,1785838840596362908,64083365472783,42797294587,80
/sensing/lidar/top/pointcloud_raw_ex,42797294587,1785838840600737320,64083369847320,42797294587,239256
/localization/pose_estimator/pose_with_covariance,42797294587,1785838840603585375,64083372695115,42797294587,0
/localization/kinematic_state,42847294588,1785838840645885634,64083414995518,42847294588,0
/control/command/control_cmd,42847294588,1785838840646204286,64083415314006,42847294588,80
/localization/kinematic_state,42897294588,1785838840695814228,64083464924219,42897294588,0
/control/command/control_cmd,42897294588,1785838840696284662,64083465394564,42897294588,80
/sensing/lidar/top/pointcloud_raw_ex,42897294588,1785838840700699928,64083469809918,42897294588,238232
/localization/pose_estimator/pose_with_covariance,42897294588,1785838840704393387,64083473503281,42897294588,0
/localization/kinematic_state,42947294589,1785838840745468549,64083514578518,42947294589,0
/control/command/control_cmd,42947294589,1785838840745787622,64083514897517,42947294589,80
/localization/kinematic_state,42997294590,1785838840796044985,64083565154740,42997294590,0
/control/command/control_cmd,42997294590,1785838840796051827,64083565161444,42997294590,80
/sensing/lidar/top/pointcloud_raw_ex,42997294590,1785838840800929473,64083570039297,42997294590,241912
/localization/pose_estimator/pose_with_covariance,42997294590,1785838840803793335,64083572903114,42997294590,0
/localization/kinematic_state,43047294591,1785838840845991784,64083615101718,43047294591,0
/control/command/control_cmd,43047294591,1785838840846230318,64083615340260,43047294591,80
/localization/kinematic_state,43097294591,1785838840895218413,64083664328398,43097294591,0
/control/command/control_cmd,43097294591,1785838840896017480,64083665127278,43097294591,80
/sensing/lidar/top/pointcloud_raw_ex,43097294591,1785838840902430499,64083671540588,43097294591,240664
/localization/pose_estimator/pose_with_covariance,43097294591,1785838840905380748,64083674490504,43097294591,0
/localization/kinematic_state,43147294592,1785838840945787018,64083714897125,43147294592,0
/control/command/control_cmd,43147294592,1785838840946299822,64083715409614,43147294592,80
/localization/kinematic_state,43197294593,1785838840995941968,64083765051897,43197294593,0
/control/command/control_cmd,43197294593,1785838840997153357,64083766263246,43197294593,80
/sensing/lidar/top/pointcloud_raw_ex,43197294593,1785838841003991687,64083773101648,43197294593,241464
/localization/pose_estimator/pose_with_covariance,43197294593,1785838841005596051,64083774705912,43197294593,0
/control/command/control_cmd,43247294594,1785838841045726020,64083814835944,43247294594,80
/localization/kinematic_state,43247294594,1785838841047000429,64083816110205,43247294594,0
/control/command/control_cmd,43297294594,1785838841095379625,64083864489867,43297294594,80
/localization/kinematic_state,43297294594,1785838841096039578,64083865149350,43297294594,0
/sensing/lidar/top/pointcloud_raw_ex,43297294594,1785838841101064084,64083870174037,43297294594,242968
/localization/pose_estimator/pose_with_covariance,43297294594,1785838841104277463,64083873387189,43297294594,0
/localization/kinematic_state,43347294595,1785838841146195923,64083915306012,43347294595,0
/control/command/control_cmd,43347294595,1785838841146207331,64083915316947,43347294595,80
/control/command/control_cmd,43397294596,1785838841195640502,64083964750757,43397294596,80
/localization/kinematic_state,43397294596,1785838841195763775,64083964873445,43397294596,0
/sensing/lidar/top/pointcloud_raw_ex,43397294596,1785838841201285858,64083970396012,43397294596,240824
/localization/pose_estimator/pose_with_covariance,43397294596,1785838841204008713,64083973118567,43397294596,0
/localization/kinematic_state,43447294597,1785838841245336812,64084014446541,43447294597,0
/control/command/control_cmd,43447294597,1785838841246269422,64084015379217,43447294597,80
/localization/kinematic_state,43497294597,1785838841295715296,64084064825113,43497294597,0
/control/command/control_cmd,43497294597,1785838841295727300,64084064836894,43497294597,80
/sensing/lidar/top/pointcloud_raw_ex,43497294597,1785838841300988759,64084070098591,43497294597,241144
/localization/pose_estimator/pose_with_covariance,43497294597,1785838841303753178,64084072863043,43497294597,0
/localization/kinematic_state,43547294598,1785838841346961557,64084116071461,43547294598,0
/control/command/control_cmd,43547294598,1785838841346973359,64084116082967,43547294598,80
/localization/kinematic_state,43597294599,1785838841396114257,64084165224079,43597294599,0
/control/command/control_cmd,43597294599,1785838841396208927,64084165318806,43597294599,80
/sensing/lidar/top/pointcloud_raw_ex,43597294599,1785838841401183892,64084170294004,43597294599,240248
/localization/pose_estimator/pose_with_covariance,43597294599,1785838841404225072,64084173335239,43597294599,0
/control/command/control_cmd,43647294600,1785838841447270960,64084216380859,43647294600,80
/localization/kinematic_state,43647294600,1785838841447304266,64084216413909,43647294600,0
/control/command/control_cmd,43697294600,1785838841496620420,64084265730782,43697294600,80
/localization/kinematic_state,43697294600,1785838841496967021,64084266076766,43697294600,0
/sensing/lidar/top/pointcloud_raw_ex,43697294600,1785838841500762500,64084269872333,43697294600,241976
/localization/pose_estimator/pose_with_covariance,43697294600,1785838841503468024,64084272577853,43697294600,0
/control/command/control_cmd,43747294601,1785838841545953189,64084315063155,43747294601,80
/localization/kinematic_state,43747294601,1785838841546015109,64084315124732,43747294601,0
/localization/kinematic_state,43797294602,1785838841598943777,64084368053633,43797294602,0
/control/command/control_cmd,43797294602,1785838841598952861,64084368062450,43797294602,80
/sensing/lidar/top/pointcloud_raw_ex,43797294602,1785838841601614857,64084370724858,43797294602,242968
/localization/pose_estimator/pose_with_covariance,43797294602,1785838841604471301,64084373581111,43797294602,0
/control/command/control_cmd,43847294603,1785838841646054259,64084415164075,43847294603,80
/localization/kinematic_state,43847294603,1785838841646208123,64084415317844,43847294603,0
/localization/kinematic_state,43897294603,1785838841696362545,64084465472631,43897294603,0
/control/command/control_cmd,43897294603,1785838841696372825,64084465482443,43897294603,80
/sensing/lidar/top/pointcloud_raw_ex,43897294603,1785838841701122925,64084470232962,43897294603,245624
/localization/pose_estimator/pose_with_covariance,43897294603,1785838841703766759,64084472876553,43897294603,0
/control/command/control_cmd,43947294604,1785838841746057354,64084515167177,43947294604,80
/localization/kinematic_state,43947294604,1785838841746249242,64084515358961,43947294604,0
/localization/kinematic_state,43997294605,1785838841795887425,64084564997300,43997294605,0
/control/command/control_cmd,43997294605,1785838841796276069,64084565385999,43997294605,80
/sensing/lidar/top/pointcloud_raw_ex,43997294605,1785838841801510519,64084570620868,43997294605,241080
/localization/pose_estimator/pose_with_covariance,43997294605,1785838841804274290,64084573384001,43997294605,0
/localization/kinematic_state,44047294606,1785838841846072925,64084615182886,44047294606,0
/control/command/control_cmd,44047294606,1785838841847015572,64084616125376,44047294606,80
/localization/kinematic_state,44097294606,1785838841895702100,64084664812014,44097294606,0
/control/command/control_cmd,44097294606,1785838841896133952,64084665243850,44097294606,80
/sensing/lidar/top/pointcloud_raw_ex,44097294606,1785838841902378688,64084671488976,44097294606,241464
/localization/pose_estimator/pose_with_covariance,44097294606,1785838841905013649,64084674123595,44097294606,0
/localization/kinematic_state,44147294607,1785838841946111644,64084715221793,44147294607,0
/control/command/control_cmd,44147294607,1785838841946503471,64084715613283,44147294607,80
/localization/kinematic_state,44197294608,1785838841995651068,64084764761076,44197294608,0
/control/command/control_cmd,44197294608,1785838841996213195,64084765322987,44197294608,80
/sensing/lidar/top/pointcloud_raw_ex,44197294608,1785838842001158356,64084770268310,44197294608,238584
/localization/pose_estimator/pose_with_covariance,44197294608,1785838842003875000,64084772984925,44197294608,0
/localization/kinematic_state,44247294609,1785838842045974436,64084815084163,44247294609,0
/control/command/control_cmd,44247294609,1785838842046564145,64084815673985,44247294609,80
/localization/kinematic_state,44297294609,1785838842096129073,64084865238920,44297294609,0
/control/command/control_cmd,44297294609,1785838842096136267,64084865245897,44297294609,80
/sensing/lidar/top/pointcloud_raw_ex,44297294609,1785838842101888433,64084870998403,44297294609,243512
/localization/pose_estimator/pose_with_covariance,44297294609,1785838842105129263,64084874239205,44297294609,0
/control/command/control_cmd,44347294610,1785838842145792373,64084914902268,44347294610,80
/localization/kinematic_state,44347294610,1785838842145823880,64084914933515,44347294610,0
/localization/kinematic_state,44397294611,1785838842195722691,64084964832628,44397294611,0
/control/command/control_cmd,44397294611,1785838842197866670,64084966976475,44397294611,80
/sensing/lidar/top/pointcloud_raw_ex,44397294611,1785838842201671555,64084970781618,44397294611,240184
/localization/pose_estimator/pose_with_covariance,44397294611,1785838842204675093,64084973785048,44397294611,0
/localization/kinematic_state,44447294612,1785838842245882873,64085014992610,44447294612,0
/control/command/control_cmd,44447294612,1785838842247841659,64085016951452,44447294612,80
/localization/kinematic_state,44497294612,1785838842295656658,64085064766557,44497294612,0
/control/command/control_cmd,44497294612,1785838842296101879,64085065211678,44497294612,80
/sensing/lidar/top/pointcloud_raw_ex,44497294612,1785838842300774701,64085069885160,44497294612,240664
/localization/pose_estimator/pose_with_covariance,44497294612,1785838842304189183,64085073299197,44497294612,0
/localization/kinematic_state,44547294613,1785838842345935081,64085115045006,44547294613,0
/control/command/control_cmd,44547294613,1785838842346160386,64085115270085,44547294613,80
/localization/kinematic_state,44597294614,1785838842395681810,64085164791552,44597294614,0
/control/command/control_cmd,44597294614,1785838842395827541,64085164937436,44597294614,80
/sensing/lidar/top/pointcloud_raw_ex,44597294614,1785838842400183594,64085169293685,44597294614,241432
/localization/pose_estimator/pose_with_covariance,44597294614,1785838842403122683,64085172232567,44597294614,0
/control/command/control_cmd,44647294614,1785838842445693155,64085214802956,44647294614,80
/localization/kinematic_state,44647294614,1785838842445830182,64085214940054,44647294614,0
/localization/kinematic_state,44697294615,1785838842495393882,64085264503746,44697294615,0
/control/command/control_cmd,44697294615,1785838842495752195,64085264862044,44697294615,80
/sensing/lidar/top/pointcloud_raw_ex,44697294615,1785838842502205467,64085271315644,44697294615,238680
/localization/pose_estimator/pose_with_covariance,44697294615,1785838842505114268,64085274224096,44697294615,0
/control/command/control_cmd,44747294616,1785838842546654257,64085315764306,44747294616,80
/localization/kinematic_state,44747294616,1785838842547591118,64085316700795,44747294616,0
/localization/kinematic_state,44797294617,1785838842596034703,64085365144424,44797294617,0
/control/command/control_cmd,44797294617,1785838842596044489,64085365154114,44797294617,80
/sensing/lidar/top/pointcloud_raw_ex,44797294617,1785838842603038592,64085372148857,44797294617,241944
/localization/pose_estimator/pose_with_covariance,44797294617,1785838842606864166,64085375974353,44797294617,0
/control/command/control_cmd,44847294617,1785838842645894336,64085415004247,44847294617,80
/localization/kinematic_state,44847294617,1785838842646675263,64085415785000,44847294617,0
/localization/kinematic_state,44897294618,1785838842696228223,64085465338002,44897294618,0
/control/command/control_cmd,44897294618,1785838842696703046,64085465813011,44897294618,80
/sensing/lidar/top/pointcloud_raw_ex,44897294618,1785838842701503922,64085470613922,44897294618,239960
/localization/pose_estimator/pose_with_covariance,44897294618,1785838842704739015,64085473848979,44897294618,0
/localization/kinematic_state,44947294619,1785838842746154260,64085515264003,44947294619,0
/control/command/control_cmd,44947294619,1785838842747743988,64085516853717,44947294619,80
/control/command/control_cmd,44997294620,1785838842796552969,64085565663039,44997294620,80
/localization/kinematic_state,44997294620,1785838842796586945,64085565696563,44997294620,0
/sensing/lidar/top/pointcloud_raw_ex,44997294620,1785838842800381621,64085569491654,44997294620,239128
/localization/pose_estimator/pose_with_covariance,44997294620,1785838842802782655,64085571892564,44997294620,0
/localization/kinematic_state,45047294620,1785838842846057111,64085615166858,45047294620,0
/control/command/control_cmd,45047294620,1785838842846698507,64085615808290,45047294620,80
/control/command/control_cmd,45097294621,1785838842896920266,64085666030322,45097294621,80
/localization/kinematic_state,45097294621,1785838842898406418,64085667516210,45097294621,0
/sensing/lidar/top/pointcloud_raw_ex,45097294621,1785838842901819336,64085670929323,45097294621,244632
/localization/pose_estimator/pose_with_covariance,45097294621,1785838842905018811,64085674128688,45097294621,0
/localization/kinematic_state,45147294622,1785838842946119558,64085715229569,45147294622,0
/control/command/control_cmd,45147294622,1785838842946125443,64085715235049,45147294622,80
/localization/kinematic_state,45197294623,1785838842995159699,64085764269522,45197294623,0
/control/command/control_cmd,45197294623,1785838842996295025,64085765404916,45197294623,80
/sensing/lidar/top/pointcloud_raw_ex,45197294623,1785838843001610042,64085770720278,45197294623,241112
/localization/pose_estimator/pose_with_covariance,45197294623,1785838843004117112,64085773226949,45197294623,0
/localization/kinematic_state,45247294623,1785838843045620117,64085814729901,45247294623,0
/control/command/control_cmd,45247294623,1785838843046069898,64085815179808,45247294623,80
/localization/kinematic_state,45297294624,1785838843096141578,64085865251663,45297294624,0
/control/command/control_cmd,45297294624,1785838843096222649,64085865332557,45297294624,80
/sensing/lidar/top/pointcloud_raw_ex,45297294624,1785838843100851697,64085869961672,45297294624,241688
/localization/pose_estimator/pose_with_covariance,45297294624,1785838843103837038,64085872946983,45297294624,0
/localization/kinematic_state,45347294625,1785838843145782956,64085914892703,45347294625,0
/control/command/control_cmd,45347294625,1785838843146112104,64085915222025,45347294625,80
/localization/kinematic_state,45397294626,1785838843196009406,64085965119125,45397294626,0
/control/command/control_cmd,45397294626,1785838843196022911,64085965132533,45397294626,80
/sensing/lidar/top/pointcloud_raw_ex,45397294626,1785838843201191608,64085970301519,45397294626,240152
/localization/pose_estimator/pose_with_covariance,45397294626,1785838843204195607,64085973305608,45397294626,0
/control/command/control_cmd,45447294626,1785838843245897462,64086015007399,45447294626,80
/localization/kinematic_state,45447294626,1785838843246111612,64086015221391,45447294626,0
/localization/kinematic_state,45497294627,1785838843295847004,64086064956866,45497294627,0
/control/command/control_cmd,45497294627,1785838843296150750,64086065260396,45497294627,80
/sensing/lidar/top/pointcloud_raw_ex,45497294627,1785838843300924945,64086070034798,45497294627,242296
/localization/pose_estimator/pose_with_covariance,45497294627,1785838843303671606,64086072781438,45497294627,0
/localization/kinematic_state,45547294628,1785838843345881303,64086114991008,45547294628,0
/control/command/control_cmd,45547294628,1785838843346040306,64086115150216,45547294628,80
/control/command/control_cmd,45597294629,1785838843395954747,64086165064491,45597294629,80
/localization/kinematic_state,45597294629,1785838843396227163,64086165336843,45597294629,0
/sensing/lidar/top/pointcloud_raw_ex,45597294629,1785838843401491055,64086170600808,45597294629,240728
/localization/pose_estimator/pose_with_covariance,45597294629,1785838843404559133,64086173669113,45597294629,0
/localization/kinematic_state,45647294629,1785838843445466619,64086214576370,45647294629,0
/control/command/control_cmd,45647294629,1785838843446142641,64086215252478,45647294629,80
/localization/kinematic_state,45697294630,1785838843495589907,64086264699751,45697294630,0
/control/command/control_cmd,45697294630,1785838843495880447,64086264990352,45697294630,80
/sensing/lidar/top/pointcloud_raw_ex,45697294630,1785838843501268492,64086270378481,45697294630,238104
/localization/pose_estimator/pose_with_covariance,45697294630,1785838843504924395,64086274034260,45697294630,0
/localization/kinematic_state,45747294631,1785838843546416419,64086315526417,45747294631,0
/control/command/control_cmd,45747294631,1785838843546438518,64086315548139,45747294631,80
/control/command/control_cmd,45797294632,1785838843596710694,64086365820801,45797294632,80
/localization/kinematic_state,45797294632,1785838843597032915,64086366142686,45797294632,0
/sensing/lidar/top/pointcloud_raw_ex,45797294632,1785838843601362693,64086370472822,45797294632,239576
/localization/pose_estimator/pose_with_covariance,45797294632,1785838843604985769,64086374096049,45797294632,0
/localization/kinematic_state,45847294632,1785838843645835138,64086414945015,45847294632,0
/control/command/control_cmd,45847294632,1785838843645869381,64086414979006,45847294632,80
/localization/kinematic_state,45897294633,1785838843696093264,64086465203554,45897294633,0
/control/command/control_cmd,45897294633,1785838843696109649,64086465219499,45897294633,80
/sensing/lidar/top/pointcloud_raw_ex,45897294633,1785838843701185114,64086470295348,45897294633,241016
/localization/pose_estimator/pose_with_covariance,45897294633,1785838843704052548,64086473162610,45897294633,0
/localization/kinematic_state,45947294634,1785838843745835021,64086514945263,45947294634,0
/control/command/control_cmd,45947294634,1785838843746062268,64086515172168,45947294634,80
/localization/kinematic_state,45997294635,1785838843795776574,64086564886348,45997294635,0
/control/command/control_cmd,45997294635,1785838843795795617,64086564905231,45997294635,80
/sensing/lidar/top/pointcloud_raw_ex,45997294635,1785838843800701274,64086569811285,45997294635,237752
/localization/pose_estimator/pose_with_covariance,45997294635,1785838843803511020,64086572620779,45997294635,0
/localization/kinematic_state,46047294635,1785838843845591018,64086614700899,46047294635,0
/control/command/control_cmd,46047294635,1785838843846228266,64086615337977,46047294635,80
/localization/kinematic_state,46097294636,1785838843896247170,64086665356962,46097294636,0
/control/command/control_cmd,46097294636,1785838843896260754,64086665370404,46097294636,80
/sensing/lidar/top/pointcloud_raw_ex,46097294636,1785838843900198893,64086669309151,46097294636,242392
/localization/pose_estimator/pose_with_covariance,46097294636,1785838843903998016,64086673107834,46097294636,0
/localization/kinematic_state,46147294637,1785838843946324826,64086715435061,46147294637,0
/control/command/control_cmd,46147294637,1785838843947133502,64086716243353,46147294637,80
/localization/kinematic_state,46197294638,1785838843995643640,64086764753381,46197294638,0
/control/command/control_cmd,46197294638,1785838843995853637,64086764963398,46197294638,80
/sensing/lidar/top/pointcloud_raw_ex,46197294638,1785838844000723897,64086769833793,46197294638,242616
/localization/pose_estimator/pose_with_covariance,46197294638,1785838844003669201,64086772779308,46197294638,0
/localization/kinematic_state,46247294638,1785838844045750185,64086814860040,46247294638,0
/control/command/control_cmd,46247294638,1785838844046023036,64086815133065,46247294638,80
/localization/kinematic_state,46297294639,1785838844095638023,64086864747903,46297294639,0
/control/command/control_cmd,46297294639,1785838844095852344,64086864962270,46297294639,80
/sensing/lidar/top/pointcloud_raw_ex,46297294639,1785838844101733238,64086870843352,46297294639,242584
/localization/pose_estimator/pose_with_covariance,46297294639,1785838844104670790,64086873780739,46297294639,0
/localization/kinematic_state,46347294640,1785838844145954032,64086915063863,46347294640,0
/control/command/control_cmd,46347294640,1785838844146110161,64086915219808,46347294640,80
/localization/kinematic_state,46397294641,1785838844196988002,64086966097936,46397294641,0
/control/command/control_cmd,46397294641,1785838844196999527,64086966109154,46397294641,80
/sensing/lidar/top/pointcloud_raw_ex,46397294641,1785838844201244225,64086970354361,46397294641,240632
/localization/pose_estimator/pose_with_covariance,46397294641,1785838844204229641,64086973339496,46397294641,0
/localization/kinematic_state,46447294641,1785838844245966444,64087015076388,46447294641,0
/control/command/control_cmd,46447294641,1785838844246135255,64087015244984,46447294641,80
/localization/kinematic_state,46497294642,1785838844296165065,64087065274822,46497294642,0
/control/command/control_cmd,46497294642,1785838844297116472,64087066226249,46497294642,80
/sensing/lidar/top/pointcloud_raw_ex,46497294642,1785838844300816639,64087069926580,46497294642,238840
/localization/pose_estimator/pose_with_covariance,46497294642,1785838844304520560,64087073630567,46497294642,0
/control/command/control_cmd,46547294643,1785838844346459721,64087115569797,46547294643,80
/localization/kinematic_state,46547294643,1785838844346838850,64087115948615,46547294643,0
/localization/kinematic_state,46597294644,1785838844395784453,64087164894409,46597294644,0
/control/command/control_cmd,46597294644,1785838844396139070,64087165248984,46597294644,80
/sensing/lidar/top/pointcloud_raw_ex,46597294644,1785838844400302026,64087169412238,46597294644,240216
/localization/pose_estimator/pose_with_covariance,46597294644,1785838844403241732,64087172351609,46597294644,0
/control/command/control_cmd,46647294644,1785838844446189121,64087215299227,46647294644,80
/localization/kinematic_state,46647294644,1785838844447017504,64087216127351,46647294644,0
/localization/kinematic_state,46697294645,1785838844495938200,64087265048060,46697294645,0
/control/command/control_cmd,46697294645,1785838844496175889,64087265285748,46697294645,80
/sensing/lidar/top/pointcloud_raw_ex,46697294645,1785838844501329872,64087270440288,46697294645,242488
/localization/pose_estimator/pose_with_covariance,46697294645,1785838844504498343,64087273608161,46697294645,0
/localization/kinematic_state,46747294646,1785838844545429998,64087314539891,46747294646,0
/control/command/control_cmd,46747294646,1785838844545872727,64087314982535,46747294646,80
/localization/kinematic_state,46797294647,1785838844595981472,64087365091362,46797294647,0
/control/command/control_cmd,46797294647,1785838844596347794,64087365457698,46797294647,80
/sensing/lidar/top/pointcloud_raw_ex,46797294647,1785838844601317504,64087370427457,46797294647,238296
/localization/pose_estimator/pose_with_covariance,46797294647,1785838844604261033,64087373370899,46797294647,0
/localization/kinematic_state,46847294647,1785838844646186532,64087415296517,46847294647,0
/control/command/control_cmd,46847294647,1785838844646196039,64087415305645,46847294647,80
/control/command/control_cmd,46897294648,1785838844695837323,64087464947243,46897294648,80
/localization/kinematic_state,46897294648,1785838844696817997,64087465927736,46897294648,0
/sensing/lidar/top/pointcloud_raw_ex,46897294648,1785838844701106937,64087470216965,46897294648,244408
/localization/pose_estimator/pose_with_covariance,46897294648,1785838844704600349,64087473710460,46897294648,0
/localization/kinematic_state,46947294649,1785838844746010573,64087515120498,46947294649,0
/control/command/control_cmd,46947294649,1785838844746021880,64087515131525,46947294649,80
/localization/kinematic_state,46997294649,1785838844795887745,64087564997561,46997294649,0
/control/command/control_cmd,46997294649,1785838844795903714,64087565013338,46997294649,80
/sensing/lidar/top/pointcloud_raw_ex,46997294649,1785838844800256490,64087569366453,46997294649,241016
/localization/pose_estimator/pose_with_covariance,46997294649,1785838844803374063,64087572483777,46997294649,0
/localization/kinematic_state,47047294650,1785838844845670973,64087614780791,47047294650,0
/control/command/control_cmd,47047294650,1785838844846235793,64087615345427,47047294650,80
/control/command/control_cmd,47097294651,1785838844896718746,64087665828734,47097294651,80
/localization/kinematic_state,47097294651,1785838844896744439,64087665854055,47097294651,0
/sensing/lidar/top/pointcloud_raw_ex,47097294651,1785838844903481554,64087672591525,47097294651,241880
/localization/pose_estimator/pose_with_covariance,47097294651,1785838844906541578,64087675651349,47097294651,0
/control/command/control_cmd,47147294652,1785838844945727768,64087714837821,47147294652,80
/localization/kinematic_state,47147294652,1785838844945926765,64087715036491,47147294652,0
/localization/kinematic_state,47197294652,1785838844995252480,64087764362423,47197294652,0
/control/command/control_cmd,47197294652,1785838844995746157,64087764856094,47197294652,80
/sensing/lidar/top/pointcloud_raw_ex,47197294652,1785838845000785059,64087769895143,47197294652,244376
/localization/pose_estimator/pose_with_covariance,47197294652,1785838845003581251,64087772690986,47197294652,0
/localization/kinematic_state,47247294653,1785838845045667861,64087814777582,47247294653,0
/control/command/control_cmd,47247294653,1785838845046196411,64087815306297,47247294653,80
/localization/kinematic_state,47297294654,1785838845095548972,64087864658869,47297294654,0
/control/command/control_cmd,47297294654,1785838845096108585,64087865218432,47297294654,80
/sensing/lidar/top/pointcloud_raw_ex,47297294654,1785838845100252680,64087869362552,47297294654,240024
/localization/pose_estimator/pose_with_covariance,47297294654,1785838845103493218,64087872603089,47297294654,0
/control/command/control_cmd,47347294655,1785838845145753556,64087914863665,47347294655,80
/localization/kinematic_state,47347294655,1785838845146260618,64087915370408,47347294655,0
/localization/kinematic_state,47397294655,1785838845195627942,64087964737807,47397294655,0
/control/command/control_cmd,47397294655,1785838845196735107,64087965844906,47397294655,80
/sensing/lidar/top/pointcloud_raw_ex,47397294655,1785838845201702869,64087970812809,47397294655,244248
/localization/pose_estimator/pose_with_covariance,47397294655,1785838845204710914,64087973820618,47397294655,0
/control/command/control_cmd,47447294656,1785838845245696534,64088014806444,47447294656,80
/localization/kinematic_state,47447294656,1785838845246000997,64088015110746,47447294656,0
/localization/kinematic_state,47497294657,1785838845295504153,64088064613996,47497294657,0
/control/command/control_cmd,47497294657,1785838845296680921,64088065790761,47497294657,80
/sensing/lidar/top/pointcloud_raw_ex,47497294657,1785838845300867985,64088069978064,47497294657,243992
/localization/pose_estimator/pose_with_covariance,47497294657,1785838845304667423,64088073777332,47497294657,0
/localization/kinematic_state,47547294658,1785838845345711902,64088114821759,47547294658,0
/control/command/control_cmd,47547294658,1785838845345727656,64088114837286,47547294658,80
/localization/kinematic_state,47597294658,1785838845395737491,64088164847180,47597294658,0
/control/command/control_cmd,47597294658,1785838845396005748,64088165115644,47597294658,80
/sensing/lidar/top/pointcloud_raw_ex,47597294658,1785838845401245711,64088170356285,47597294658,241944
/localization/pose_estimator/pose_with_covariance,47597294658,1785838845404439451,64088173549756,47597294658,0
/localization/kinematic_state,47647294659,1785838845445533100,64088214642894,47647294659,0
/control/command/control_cmd,47647294659,1785838845447332805,64088216442707,47647294659,80
/control/command/control_cmd,47697294660,1785838845496115214,64088265225116,47697294660,80
/localization/kinematic_state,47697294660,1785838845497181995,64088266291801,47697294660,0
/sensing/lidar/top/pointcloud_raw_ex,47697294660,1785838845501396580,64088270506591,47697294660,241336
/localization/pose_estimator/pose_with_covariance,47697294660,1785838845504790371,64088273900365,47697294660,0
/localization/kinematic_state,47747294661,1785838845545386620,64088314496364,47747294661,0
/control/command/control_cmd,47747294661,1785838845546026598,64088315136533,47747294661,80
/localization/kinematic_state,47797294661,1785838845595649556,64088364759382,47797294661,0
/control/command/control_cmd,47797294661,1785838845595884441,64088364994276,47797294661,80
/sensing/lidar/top/pointcloud_raw_ex,47797294661,1785838845600281160,64088369391191,47797294661,241016
/localization/pose_estimator/pose_with_covariance,47797294661,1785838845603278635,64088372388424,47797294661,0
/control/command/control_cmd,47847294662,1785838845645758069,64088414868007,47847294662,80
/localization/kinematic_state,47847294662,1785838845646319509,64088415429220,47847294662,0
/localization/kinematic_state,47897294663,1785838845695905704,64088465015633,47897294663,0
/control/command/control_cmd,47897294663,1785838845696227891,64088465337693,47897294663,80
/sensing/lidar/top/pointcloud_raw_ex,47897294663,1785838845700788425,64088469898300,47897294663,241944
/localization/pose_estimator/pose_with_covariance,47897294663,1785838845703461706,64088472571623,47897294663,0
/localization/kinematic_state,47947294664,1785838845745815930,64088514925815,47947294664,0
/control/command/control_cmd,47947294664,1785838845746665620,64088515775500,47947294664,80
/localization/kinematic_state,47997294664,1785838845795606608,64088564716593,47997294664,0
/control/command/control_cmd,47997294664,1785838845796832550,64088565942321,47997294664,80
/sensing/lidar/top/pointcloud_raw_ex,47997294664,1785838845801025581,64088570135366,47997294664,242040
/localization/pose_estimator/pose_with_covariance,47997294664,1785838845803939484,64088573049334,47997294664,0
/localization/kinematic_state,48047294665,1785838845845496200,64088614605992,48047294665,0
/control/command/control_cmd,48047294665,1785838845846131755,64088615241648,48047294665,80
/localization/kinematic_state,48097294666,1785838845895772513,64088664882295,48097294666,0
/control/command/control_cmd,48097294666,1785838845895972719,64088665082683,48097294666,80
/sensing/lidar/top/pointcloud_raw_ex,48097294666,1785838845900121011,64088669231161,48097294666,240856
/localization/pose_estimator/pose_with_covariance,48097294666,1785838845903122231,64088672232098,48097294666,0
/control/command/control_cmd,48147294667,1785838845946082978,64088715192797,48147294667,80
/localization/kinematic_state,48147294667,1785838845946381060,64088715508702,48147294667,0
/localization/kinematic_state,48197294667,1785838845995562709,64088764672496,48197294667,0
/control/command/control_cmd,48197294667,1785838845997120814,64088766230611,48197294667,80
/sensing/lidar/top/pointcloud_raw_ex,48197294667,1785838846000864876,64088769974793,48197294667,242264
/localization/pose_estimator/pose_with_covariance,48197294667,1785838846003977170,64088773087099,48197294667,0
/control/command/control_cmd,48247294668,1785838846046121915,64088815231878,48247294668,80
/localization/kinematic_state,48247294668,1785838846046542589,64088815652369,48247294668,0
/localization/kinematic_state,48297294669,1785838846096040410,64088865150368,48297294669,0
/control/command/control_cmd,48297294669,1785838846096174597,64088865284281,48297294669,80
/sensing/lidar/top/pointcloud_raw_ex,48297294669,1785838846101559621,64088870669838,48297294669,241624
/localization/pose_estimator/pose_with_covariance,48297294669,1785838846104973087,64088874083150,48297294669,0
/localization/kinematic_state,48347294670,1785838846145926448,64088915036499,48347294670,0
/control/command/control_cmd,48347294670,1785838846146243036,64088915352797,48347294670,80
/control/command/control_cmd,48397294670,1785838846195589605,64088964699474,48397294670,80
/localization/kinematic_state,48397294670,1785838846196568796,64088965678552,48397294670,0
/sensing/lidar/top/pointcloud_raw_ex,48397294670,1785838846201591652,64088970701855,48397294670,243096
/localization/pose_estimator/pose_with_covariance,48397294670,1785838846204227583,64088973337266,48397294670,0
/control/command/control_cmd,48447294671,1785838846246139608,64089015249695,48447294671,80
/localization/kinematic_state,48447294671,1785838846246512637,64089015622392,48447294671,0
/localization/kinematic_state,48497294672,1785838846295946697,64089065056492,48497294672,0
/control/command/control_cmd,48497294672,1785838846296667103,64089065777033,48497294672,80
/sensing/lidar/top/pointcloud_raw_ex,48497294672,1785838846303928251,64089073038704,48497294672,242680
/localization/pose_estimator/pose_with_covariance,48497294672,1785838846306644596,64089075754499,48497294672,0
/localization/kinematic_state,48547294673,1785838846345809555,64089114919421,48547294673,0
/control/command/control_cmd,48547294673,1785838846347224730,64089116334499,48547294673,80
/localization/kinematic_state,48597294673,1785838846395733447,64089164843301,48597294673,0
/control/command/control_cmd,48597294673,1785838846396753900,64089165863645,48597294673,80
/sensing/lidar/top/pointcloud_raw_ex,48597294673,1785838846402258790,64089171368543,48597294673,241688
/localization/pose_estimator/pose_with_covariance,48597294673,1785838846405458470,64089174568317,48597294673,0
/localization/kinematic_state,48647294674,1785838846445930689,64089215040625,48647294674,0
/control/command/control_cmd,48647294674,1785838846446822175,64089215932047,48647294674,80
/control/command/control_cmd,48697294675,1785838846496063274,64089265173198,48697294675,80
/localization/kinematic_state,48697294675,1785838846496285157,64089265394994,48697294675,0
/sensing/lidar/top/pointcloud_raw_ex,48697294675,1785838846501657630,64089270767484,48697294675,240888
/localization/pose_estimator/pose_with_covariance,48697294675,1785838846504603292,64089273713124,48697294675,0
/control/command/control_cmd,48747294676,1785838846546600114,64089315710161,48747294676,80
/localization/kinematic_state,48747294676,1785838846547057249,64089316167012,48747294676,0
/localization/kinematic_state,48797294676,1785838846596290190,64089365399945,48797294676,0
/control/command/control_cmd,48797294676,1785838846596307628,64089365417250,48797294676,80
/sensing/lidar/top/pointcloud_raw_ex,48797294676,1785838846603237173,64089372347260,48797294676,238136
/localization/pose_estimator/pose_with_covariance,48797294676,1785838846607103167,64089376213238,48797294676,0
/localization/kinematic_state,48847294677,1785838846645873335,64089414983249,48847294677,0
/control/command/control_cmd,48847294677,1785838846646541654,64089415651408,48847294677,80
/localization/kinematic_state,48897294678,1785838846695849907,64089464959834,48897294678,0
/control/command/control_cmd,48897294678,1785838846697097292,64089466207090,48897294678,80
/sensing/lidar/top/pointcloud_raw_ex,48897294678,1785838846701088871,64089470198827,48897294678,241624
/localization/pose_estimator/pose_with_covariance,48897294678,1785838846703711391,64089472821123,48897294678,0
/localization/kinematic_state,48947294679,1785838846745949806,64089515059761,48947294679,0
/control/command/control_cmd,48947294679,1785838846745965595,64089515075184,48947294679,80
/localization/kinematic_state,48997294679,1785838846795703289,64089564813050,48997294679,0
/control/command/control_cmd,48997294679,1785838846796239665,64089565349441,48997294679,80
/sensing/lidar/top/pointcloud_raw_ex,48997294679,1785838846802371540,64089571481711,48997294679,238616
/localization/pose_estimator/pose_with_covariance,48997294679,1785838846805995370,64089575105249,48997294679,0
/localization/kinematic_state,49047294680,1785838846845706406,64089614816307,49047294680,0
/control/command/control_cmd,49047294680,1785838846846630528,64089615740332,49047294680,80
/localization/kinematic_state,49097294681,1785838846896010441,64089665120150,49097294681,0
/control/command/control_cmd,49097294681,1785838846896980081,64089666089798,49097294681,80
/sensing/lidar/top/pointcloud_raw_ex,49097294681,1785838846900806110,64089669916038,49097294681,243512
/localization/pose_estimator/pose_with_covariance,49097294681,1785838846904091188,64089673200968,49097294681,0
/control/command/control_cmd,49147294682,1785838846946796767,64089715906792,49147294682,80
/localization/kinematic_state,49147294682,1785838846948334582,64089717444315,49147294682,0
/localization/kinematic_state,49197294682,1785838846996686265,64089765796060,49197294682,0
/control/command/control_cmd,49197294682,1785838846996704739,64089765814354,49197294682,80
/sensing/lidar/top/pointcloud_raw_ex,49197294682,1785838847001503123,64089770613136,49197294682,243448
/localization/pose_estimator/pose_with_covariance,49197294682,1785838847004756656,64089773866371,49197294682,0
/control/command/control_cmd,49247294683,1785838847045491136,64089814601197,49247294683,80
/localization/kinematic_state,49247294683,1785838847046039912,64089815149619,49247294683,0
/localization/kinematic_state,49297294684,1785838847095269540,64089864379440,49297294684,0
/control/command/control_cmd,49297294684,1785838847095667109,64089864776772,49297294684,80
/sensing/lidar/top/pointcloud_raw_ex,49297294684,1785838847100219226,64089869329128,49297294684,243704
/localization/pose_estimator/pose_with_covariance,49297294684,1785838847103316998,64089872426865,49297294684,0
/control/command/control_cmd,49347294685,1785838847145623490,64089914733544,49347294685,80
/localization/kinematic_state,49347294685,1785838847145680867,64089914790505,49347294685,0
/localization/kinematic_state,49397294685,1785838847195865898,64089964975761,49397294685,0
/control/command/control_cmd,49397294685,1785838847196144508,64089965254348,49397294685,80
/sensing/lidar/top/pointcloud_raw_ex,49397294685,1785838847200437981,64089969547946,49397294685,244120
/localization/pose_estimator/pose_with_covariance,49397294685,1785838847203288169,64089972398149,49397294685,0
/localization/kinematic_state,49447294686,1785838847246132128,64090015242089,49447294686,0
/control/command/control_cmd,49447294686,1785838847246291558,64090015401450,49447294686,80
/localization/kinematic_state,49497294687,1785838847295656077,64090064765833,49497294687,0
/control/command/control_cmd,49497294687,1785838847296226368,64090065336328,49497294687,80
/sensing/lidar/top/pointcloud_raw_ex,49497294687,1785838847300818075,64090069927982,49497294687,241848
/localization/pose_estimator/pose_with_covariance,49497294687,1785838847303899555,64090073009651,49497294687,0
/localization/kinematic_state,49547294687,1785838847345544802,64090114654668,49547294687,0
/control/command/control_cmd,49547294687,1785838847345944854,64090115054542,49547294687,80
/localization/kinematic_state,49597294688,1785838847396905351,64090166015198,49597294688,0
/control/command/control_cmd,49597294688,1785838847396939821,64090166049462,49597294688,80
/sensing/lidar/top/pointcloud_raw_ex,49597294688,1785838847401359737,64090170469579,49597294688,245592
/localization/pose_estimator/pose_with_covariance,49597294688,1785838847404644134,64090173753973,49597294688,0
/localization/kinematic_state,49647294689,1785838847445652057,64090214761904,49647294689,0
/control/command/control_cmd,49647294689,1785838847446033577,64090215143434,49647294689,80
/localization/kinematic_state,49697294690,1785838847495835579,64090264945356,49697294690,0
/control/command/control_cmd,49697294690,1785838847496346815,64090265456555,49697294690,80
/sensing/lidar/top/pointcloud_raw_ex,49697294690,1785838847501238733,64090270348764,49697294690,243064
/localization/pose_estimator/pose_with_covariance,49697294690,1785838847504077630,64090273187448,49697294690,0
/localization/kinematic_state,49747294690,1785838847545644126,64090314753902,49747294690,0
/control/command/control_cmd,49747294690,1785838847545975667,64090315085503,49747294690,80
/localization/kinematic_state,49797294691,1785838847595581833,64090364691578,49797294691,0
/control/command/control_cmd,49797294691,1785838847596562076,64090365671903,49797294691,80
/sensing/lidar/top/pointcloud_raw_ex,49797294691,1785838847602071306,64090371181123,49797294691,243928
/localization/pose_estimator/pose_with_covariance,49797294691,1785838847605599944,64090374709810,49797294691,0
/localization/kinematic_state,49847294692,1785838847645845909,64090414955771,49847294692,0
/control/command/control_cmd,49847294692,1785838847646038810,64090415148396,49847294692,80
/localization/kinematic_state,49897294693,1785838847695605074,64090464714937,49897294693,0
/control/command/control_cmd,49897294693,1785838847696009106,64090465118816,49897294693,80
/sensing/lidar/top/pointcloud_raw_ex,49897294693,1785838847701129720,64090470239613,49897294693,242616
/localization/pose_estimator/pose_with_covariance,49897294693,1785838847704143105,64090473252902,49897294693,0
/localization/kinematic_state,49947294693,1785838847745984356,64090515094142,49947294693,0
/control/command/control_cmd,49947294693,1785838847746591409,64090515701337,49947294693,80
/localization/kinematic_state,49997294694,1785838847796308900,64090565418734,49997294694,0
/control/command/control_cmd,49997294694,1785838847797098340,64090566208171,49997294694,80
/sensing/lidar/top/pointcloud_raw_ex,49997294694,1785838847801068102,64090570178090,49997294694,243832
/localization/pose_estimator/pose_with_covariance,49997294694,1785838847803999433,64090573109619,49997294694,0
/localization/kinematic_state,50047294695,1785838847846009887,64090615119746,50047294695,0
/control/command/control_cmd,50047294695,1785838847846724809,64090615834671,50047294695,80
/localization/kinematic_state,50097294696,1785838847895641524,64090664751267,50097294696,0
/control/command/control_cmd,50097294696,1785838847896158122,64090665267995,50097294696,80
/sensing/lidar/top/pointcloud_raw_ex,50097294696,1785838847900761294,64090669871210,50097294696,244120
/localization/pose_estimator/pose_with_covariance,50097294696,1785838847903808595,64090672918655,50097294696,0
/localization/kinematic_state,50147294696,1785838847945877900,64090714987872,50147294696,0
/control/command/control_cmd,50147294696,1785838847946252577,64090715362518,50147294696,80
/control/command/control_cmd,50197294697,1785838847995726706,64090764836689,50197294697,80
/localization/kinematic_state,50197294697,1785838847996194383,64090765304025,50197294697,0
/sensing/lidar/top/pointcloud_raw_ex,50197294697,1785838848002220041,64090771329752,50197294697,238840
/localization/pose_estimator/pose_with_covariance,50197294697,1785838848005014838,64090774124751,50197294697,0
/localization/kinematic_state,50247294698,1785838848046109221,64090815219209,50247294698,0
/control/command/control_cmd,50247294698,1785838848046875518,64090815985449,50247294698,80
/localization/kinematic_state,50297294699,1785838848096051839,64090865161702,50297294699,0
/control/command/control_cmd,50297294699,1785838848096062995,64090865172626,50297294699,80
/sensing/lidar/top/pointcloud_raw_ex,50297294699,1785838848100491596,64090869601453,50297294699,242424
/localization/pose_estimator/pose_with_covariance,50297294699,1785838848103364078,64090872473875,50297294699,0
/localization/kinematic_state,50347294699,1785838848145638027,64090914747885,50347294699,0
/control/command/control_cmd,50347294699,1785838848146781544,64090915891349,50347294699,80
/localization/kinematic_state,50397294700,1785838848195986847,64090965096599,50397294700,0
/control/command/control_cmd,50397294700,1785838848196538697,64090965648599,50397294700,80
/sensing/lidar/top/pointcloud_raw_ex,50397294700,1785838848203278491,64090972388311,50397294700,239320
/localization/pose_estimator/pose_with_covariance,50397294700,1785838848206207014,64090975316876,50397294700,0
/localization/kinematic_state,50447294701,1785838848246008402,64091015118135,50447294701,0
/control/command/control_cmd,50447294701,1785838848247050656,64091016160560,50447294701,80
/control/command/control_cmd,50497294702,1785838848295777801,64091064887717,50497294702,80
/localization/kinematic_state,50497294702,1785838848296060524,64091065170203,50497294702,0
/sensing/lidar/top/pointcloud_raw_ex,50497294702,1785838848300610337,64091069720363,50497294702,241752
/localization/pose_estimator/pose_with_covariance,50497294702,1785838848303547656,64091072657822,50497294702,0
/control/command/control_cmd,50547294702,1785838848345460744,64091114570917,50547294702,80
/localization/kinematic_state,50547294702,1785838848345979995,64091115089772,50547294702,0
/localization/kinematic_state,50597294703,1785838848395836238,64091164946123,50597294703,0
/control/command/control_cmd,50597294703,1785838848395851449,64091164961068,50597294703,80
/sensing/lidar/top/pointcloud_raw_ex,50597294703,1785838848400585767,64091169695911,50597294703,240920
/localization/pose_estimator/pose_with_covariance,50597294703,1785838848403592575,64091172702585,50597294703,0
/control/command/control_cmd,50647294704,1785838848445928447,64091215038290,50647294704,80
/localization/kinematic_state,50647294704,1785838848445957250,64091215066883,50647294704,0
/localization/kinematic_state,50697294705,1785838848495797645,64091264907435,50697294705,0
/control/command/control_cmd,50697294705,1785838848496191401,64091265301392,50697294705,80
/sensing/lidar/top/pointcloud_raw_ex,50697294705,1785838848501852200,64091270962274,50697294705,241848
/localization/pose_estimator/pose_with_covariance,50697294705,1785838848504851622,64091273961311,50697294705,0
/localization/kinematic_state,50747294705,1785838848547067019,64091316176839,50747294705,0
/control/command/control_cmd,50747294705,1785838848547075305,64091316184886,50747294705,80
/control/command/control_cmd,50797294706,1785838848595838193,64091364948179,50797294706,80
/localization/kinematic_state,50797294706,1785838848597291937,64091366401741,50797294706,0
/sensing/lidar/top/pointcloud_raw_ex,50797294706,1785838848602353188,64091371463030,50797294706,238008
/localization/pose_estimator/pose_with_covariance,50797294706,1785838848605522047,64091374631790,50797294706,0
/control/command/control_cmd,50847294707,1785838848645712404,64091414822501,50847294707,80
/localization/kinematic_state,50847294707,1785838848646329347,64091415441202,50847294707,0
/localization/kinematic_state,50897294708,1785838848695652609,64091464762482,50897294708,0
/control/command/control_cmd,50897294708,1785838848696067596,64091465177406,50897294708,80
/sensing/lidar/top/pointcloud_raw_ex,50897294708,1785838848700536224,64091469646297,50897294708,238552
/localization/pose_estimator/pose_with_covariance,50897294708,1785838848703694225,64091472803924,50897294708,0
/localization/kinematic_state,50947294708,1785838848746084587,64091515194453,50947294708,0
/control/command/control_cmd,50947294708,1785838848746100487,64091515210153,50947294708,80
/localization/kinematic_state,50997294709,1785838848795698731,64091564808437,50997294709,0
/control/command/control_cmd,50997294709,1785838848796340956,64091565450757,50997294709,80
/sensing/lidar/top/pointcloud_raw_ex,50997294709,1785838848800945208,64091570055094,50997294709,243640
/localization/pose_estimator/pose_with_covariance,50997294709,1785838848804304944,64091573414814,50997294709,0
/localization/kinematic_state,51047294710,1785838848845740757,64091614850889,51047294710,0
/control/command/control_cmd,51047294710,1785838848846037792,64091615147671,51047294710,80
/localization/kinematic_state,51097294711,1785838848895778534,64091664888531,51097294711,0
/control/command/control_cmd,51097294711,1785838848895945486,64091665055158,51097294711,80
/sensing/lidar/top/pointcloud_raw_ex,51097294711,1785838848902070883,64091671180899,51097294711,243832
/localization/pose_estimator/pose_with_covariance,51097294711,1785838848904963986,64091674073824,51097294711,0
/localization/kinematic_state,51147294711,1785838848947017963,64091716127765,51147294711,0
/control/command/control_cmd,51147294711,1785838848947032670,64091716142291,51147294711,80
/localization/kinematic_state,51197294712,1785838848995238094,64091764348027,51197294712,0
/control/command/control_cmd,51197294712,1785838848995805411,64091764915220,51197294712,80
/sensing/lidar/top/pointcloud_raw_ex,51197294712,1785838849000511230,64091769621121,51197294712,239960
/localization/pose_estimator/pose_with_covariance,51197294712,1785838849003370951,64091772480692,51197294712,0
/control/command/control_cmd,51247294713,1785838849045758411,64091814868375,51247294713,80
/localization/kinematic_state,51247294713,1785838849045846672,64091814956280,51247294713,0
/localization/kinematic_state,51297294714,1785838849095336497,64091864446218,51297294714,0
/control/command/control_cmd,51297294714,1785838849095853634,64091864963481,51297294714,80
/sensing/lidar/top/pointcloud_raw_ex,51297294714,1785838849100962733,64091870072686,51297294714,238168
/localization/pose_estimator/pose_with_covariance,51297294714,1785838849104010452,64091873120360,51297294714,0
/localization/kinematic_state,51347294714,1785838849145845023,64091914955004,51347294714,0
/control/command/control_cmd,51347294714,1785838849145855908,64091914965508,51347294714,80
/control/command/control_cmd,51397294715,1785838849195923740,64091965033841,51397294715,80
/localization/kinematic_state,51397294715,1785838849195998542,64091965108226,51397294715,0
/sensing/lidar/top/pointcloud_raw_ex,51397294715,1785838849201056819,64091970166592,51397294715,242776
/localization/pose_estimator/pose_with_covariance,51397294715,1785838849203932914,64091973042674,51397294715,0
/localization/kinematic_state,51447294716,1785838849246093116,64092015202833,51447294716,0
/control/command/control_cmd,51447294716,1785838849246781311,64092015891016,51447294716,80
/localization/kinematic_state,51497294717,1785838849296225049,64092065334893,51497294717,0
/control/command/control_cmd,51497294717,1785838849296903227,64092066013078,51497294717,80
/sensing/lidar/top/pointcloud_raw_ex,51497294717,1785838849304198722,64092073308831,51497294717,243320
/localization/pose_estimator/pose_with_covariance,51497294717,1785838849308478044,64092077588168,51497294717,0
/control/command/control_cmd,51547294717,1785838849345932974,64092115042874,51547294717,80
/localization/kinematic_state,51547294717,1785838849346912148,64092116021904,51547294717,0
/localization/kinematic_state,51597294718,1785838849395725048,64092164834889,51597294718,0
/control/command/control_cmd,51597294718,1785838849396178288,64092165288163,51597294718,80
/sensing/lidar/top/pointcloud_raw_ex,51597294718,1785838849400883862,64092169994117,51597294718,239160
/localization/pose_estimator/pose_with_covariance,51597294718,1785838849404431798,64092173541860,51597294718,0
/localization/kinematic_state,51647294719,1785838849445912687,64092215022587,51647294719,0
/control/command/control_cmd,51647294719,1785838849446369130,64092215479055,51647294719,80
/localization/kinematic_state,51697294720,1785838849495683902,64092264793732,51697294720,0
/control/command/control_cmd,51697294720,1785838849496401680,64092265511366,51697294720,80
/sensing/lidar/top/pointcloud_raw_ex,51697294720,1785838849502594831,64092271704604,51697294720,240920
/localization/pose_estimator/pose_with_covariance,51697294720,1785838849505710411,64092274820403,51697294720,0
/localization/kinematic_state,51747294720,1785838849547788905,64092316898859,51747294720,0
/control/command/control_cmd,51747294720,1785838849547800129,64092316909749,51747294720,80
/localization/kinematic_state,51797294721,1785838849595282548,64092364392313,51797294721,0
/control/command/control_cmd,51797294721,1785838849595778801,64092364888610,51797294721,80
/sensing/lidar/top/pointcloud_raw_ex,51797294721,1785838849601558113,64092370668253,51797294721,244696
/localization/pose_estimator/pose_with_covariance,51797294721,1785838849604375840,64092373485703,51797294721,0
/localization/kinematic_state,51847294722,1785838849645392147,64092414501870,51847294722,0
/control/command/control_cmd,51847294722,1785838849646042789,64092415152513,51847294722,80
/localization/kinematic_state,51897294723,1785838849695762717,64092464872598,51897294723,0
/control/command/control_cmd,51897294723,1785838849695773091,64092464882713,51897294723,80
/sensing/lidar/top/pointcloud_raw_ex,51897294723,1785838849700574193,64092469684171,51897294723,240536
/localization/pose_estimator/pose_with_covariance,51897294723,1785838849703221099,64092472331011,51897294723,0
/localization/kinematic_state,51947294723,1785838849746001641,64092515111447,51947294723,0
/control/command/control_cmd,51947294723,1785838849747000843,64092516110613,51947294723,80
/control/command/control_cmd,51997294724,1785838849795723685,64092564833413,51997294724,80
/localization/kinematic_state,51997294724,1785838849796463686,64092565573484,51997294724,0
/localization/kinematic_state,52047294725,1785838849845375529,64092614485313,52047294725,0
/control/command/control_cmd,52047294725,1785838849846457822,64092615567729,52047294725,80
/sensing/lidar/top/pointcloud_raw_ex,52047294725,1785838849851106229,64092620216011,52047294725,241624
/localization/pose_estimator/pose_with_covariance,52047294725,1785838849853930618,64092623040476,52047294725,0
/control/command/control_cmd,52097294725,1785838849896212142,64092665321891,52097294725,80
/localization/kinematic_state,52097294725,1785838849896852150,64092665961915,52097294725,0
/localization/kinematic_state,52147294726,1785838849946253945,64092715363938,52147294726,0
/control/command/control_cmd,52147294726,1785838849946270880,64092715380510,52147294726,80
/sensing/lidar/top/pointcloud_raw_ex,52147294726,1785838849951070544,64092720180556,52147294726,240952
/localization/pose_estimator/pose_with_covariance,52147294726,1785838849953586923,64092722696686,52147294726,0
/localization/kinematic_state,52197294727,1785838849995580589,64092764690421,52197294727,0
/control/command/control_cmd,52197294727,1785838849995760601,64092764870471,52197294727,80
/localization/kinematic_state,52247294728,1785838850045258017,64092814367770,52247294728,0
/control/command/control_cmd,52247294728,1785838850045840564,64092814950496,52247294728,80
/sensing/lidar/top/pointcloud_raw_ex,52247294728,1785838850050738480,64092819848484,52247294728,236728
/localization/pose_estimator/pose_with_covariance,52247294728,1785838850053676648,64092822786548,52247294728,0
/localization/kinematic_state,52297294728,1785838850095365244,64092864475134,52297294728,0
/control/command/control_cmd,52297294728,1785838850095830649,64092864940562,52297294728,80
/control/command/control_cmd,52347294729,1785838850145831432,64092914941322,52347294729,80
/localization/kinematic_state,52347294729,1785838850145985241,64092915095083,52347294729,0
/sensing/lidar/top/pointcloud_raw_ex,52347294729,1785838850150673202,64092919783119,52347294729,243448
/localization/pose_estimator/pose_with_covariance,52347294729,1785838850153578293,64092922688220,52347294729,0
/control/command/control_cmd,52397294730,1785838850195657069,64092964766864,52397294730,80
/localization/kinematic_state,52397294730,1785838850195929674,64092965039606,52397294730,0
/localization/kinematic_state,52447294731,1785838850245692104,64093014802042,52447294731,0
/control/command/control_cmd,52447294731,1785838850246107644,64093015217450,52447294731,80
/sensing/lidar/top/pointcloud_raw_ex,52447294731,1785838850252370834,64093021480779,52447294731,241176
/localization/pose_estimator/pose_with_covariance,52447294731,1785838850255202087,64093024311926,52447294731,0
/localization/kinematic_state,52497294731,1785838850295815723,64093064925523,52497294731,0
/control/command/control_cmd,52497294731,1785838850296126252,64093065236024,52497294731,80
/localization/kinematic_state,52547294732,1785838850345356984,64093114466737,52547294732,0
/control/command/control_cmd,52547294732,1785838850346921060,64093116030881,52547294732,80
/sensing/lidar/top/pointcloud_raw_ex,52547294732,1785838850350964726,64093120074534,52547294732,243832
/localization/pose_estimator/pose_with_covariance,52547294732,1785838850353916313,64093123026224,52547294732,0
/localization/kinematic_state,52597294733,1785838850395464946,64093164574767,52597294733,0
/control/command/control_cmd,52597294733,1785838850395654494,64093164764301,52597294733,80
/localization/kinematic_state,52647294734,1785838850445323056,64093214432810,52647294734,0
/control/command/control_cmd,52647294734,1785838850446213059,64093215322999,52647294734,80
/sensing/lidar/top/pointcloud_raw_ex,52647294734,1785838850450728252,64093219838171,52647294734,242552
/localization/pose_estimator/pose_with_covariance,52647294734,1785838850453461498,64093222571448,52647294734,0
/localization/kinematic_state,52697294734,1785838850495875296,64093264985030,52697294734,0
/control/command/control_cmd,52697294734,1785838850496373457,64093265483260,52697294734,80
/localization/kinematic_state,52747294735,1785838850545233456,64093314343311,52747294735,0
/control/command/control_cmd,52747294735,1785838850545880950,64093314990768,52747294735,80
/sensing/lidar/top/pointcloud_raw_ex,52747294735,1785838850550782181,64093319892305,52747294735,241080
/localization/pose_estimator/pose_with_covariance,52747294735,1785838850553780338,64093322890075,52747294735,0
/localization/kinematic_state,52797294736,1785838850596129188,64093365239276,52797294736,0
/control/command/control_cmd,52797294736,1785838850596436776,64093365546673,52797294736,80
/localization/kinematic_state,52847294737,1785838850646090977,64093415200692,52847294737,0
/control/command/control_cmd,52847294737,1785838850646641846,64093415751754,52847294737,80
/sensing/lidar/top/pointcloud_raw_ex,52847294737,1785838850651731969,64093420841903,52847294737,239256
/localization/pose_estimator/pose_with_covariance,52847294737,1785838850654488369,64093423598147,52847294737,0
/control/command/control_cmd,52897294737,1785838850696697458,64093465807358,52897294737,80
/localization/kinematic_state,52897294737,1785838850696723895,64093465833528,52897294737,0
/localization/kinematic_state,52947294738,1785838850745394706,64093514504547,52947294738,0
/control/command/control_cmd,52947294738,1785838850746007682,64093515117417,52947294738,80
/sensing/lidar/top/pointcloud_raw_ex,52947294738,1785838850752003976,64093521113962,52947294738,244696
/localization/pose_estimator/pose_with_covariance,52947294738,1785838850754880657,64093523990337,52947294738,0
/control/command/control_cmd,52997294739,1785838850795865317,64093564975163,52997294739,80
/localization/kinematic_state,52997294739,1785838850795960913,64093565070571,52997294739,0
/localization/kinematic_state,53047294740,1785838850845530357,64093614640248,53047294740,0
/control/command/control_cmd,53047294740,1785838850846909105,64093616018825,53047294740,80
/sensing/lidar/top/pointcloud_raw_ex,53047294740,1785838850851028165,64093620137861,53047294740,240056
/localization/pose_estimator/pose_with_covariance,53047294740,1785838850854186892,64093623296709,53047294740,0
/localization/kinematic_state,53097294740,1785838850895840945,64093664950845,53097294740,0
/control/command/control_cmd,53097294740,1785838850896163023,64093665272728,53097294740,80
/localization/kinematic_state,53147294741,1785838850946594194,64093715704066,53147294741,0
/control/command/control_cmd,53147294741,1785838850946646124,64093715755739,53147294741,80
/sensing/lidar/top/pointcloud_raw_ex,53147294741,1785838850951784877,64093720894827,53147294741,240664
/localization/pose_estimator/pose_with_covariance,53147294741,1785838850954613138,64093723723121,53147294741,0
/localization/kinematic_state,53197294742,1785838850996274729,64093765384616,53197294742,0
/control/command/control_cmd,53197294742,1785838850996333302,64093765443039,53197294742,80
/localization/kinematic_state,53247294743,1785838851045822087,64093814932153,53247294743,0
/control/command/control_cmd,53247294743,1785838851046582230,64093815692199,53247294743,80
/sensing/lidar/top/pointcloud_raw_ex,53247294743,1785838851050859181,64093819969195,53247294743,239288
/localization/pose_estimator/pose_with_covariance,53247294743,1785838851053840817,64093822950518,53247294743,0
/localization/kinematic_state,53297294743,1785838851096404109,64093865513966,53297294743,0
/control/command/control_cmd,53297294743,1785838851096410623,64093865520220,53297294743,80
/localization/kinematic_state,53347294744,1785838851145860017,64093914969942,53347294744,0
/control/command/control_cmd,53347294744,1785838851145983007,64093915092793,53347294744,80
/sensing/lidar/top/pointcloud_raw_ex,53347294744,1785838851152420729,64093921531174,53347294744,242584
/localization/pose_estimator/pose_with_covariance,53347294744,1785838851155146931,64093924256653,53347294744,0
/localization/kinematic_state,53397294745,1785838851195786626,64093964896577,53397294745,0
/control/command/control_cmd,53397294745,1785838851196167231,64093965277201,53397294745,80
/localization/kinematic_state,53447294746,1785838851246000291,64094015110183,53447294746,0
/control/command/control_cmd,53447294746,1785838851246398622,64094015508485,53447294746,80
/sensing/lidar/top/pointcloud_raw_ex,53447294746,1785838851250697782,64094019807954,53447294746,240824
/localization/pose_estimator/pose_with_covariance,53447294746,1785838851254056106,64094023165879,53447294746,0
/localization/kinematic_state,53497294746,1785838851295866787,64094064976595,53497294746,0
/control/command/control_cmd,53497294746,1785838851295887612,64094064997235,53497294746,80
/localization/kinematic_state,53547294747,1785838851345534409,64094114644147,53547294747,0
/control/command/control_cmd,53547294747,1785838851346599552,64094115709386,53547294747,80
/sensing/lidar/top/pointcloud_raw_ex,53547294747,1785838851352339257,64094121449424,53547294747,239352
/localization/pose_estimator/pose_with_covariance,53547294747,1785838851354997017,64094124106720,53547294747,0
/localization/kinematic_state,53597294748,1785838851395846349,64094164956254,53597294748,0
/control/command/control_cmd,53597294748,1785838851396272700,64094165382542,53597294748,80
/localization/kinematic_state,53647294749,1785838851446318996,64094215428766,53647294749,0
/control/command/control_cmd,53647294749,1785838851447178232,64094216288039,53647294749,80
/sensing/lidar/top/pointcloud_raw_ex,53647294749,1785838851451474105,64094220583935,53647294749,239704
/localization/pose_estimator/pose_with_covariance,53647294749,1785838851454400013,64094223509825,53647294749,0
/localization/kinematic_state,53697294749,1785838851496853175,64094265963169,53697294749,0
/control/command/control_cmd,53697294749,1785838851496867582,64094265977216,53697294749,80
/localization/kinematic_state,53747294750,1785838851545768701,64094314878595,53747294750,0
/control/command/control_cmd,53747294750,1785838851545799591,64094314909228,53747294750,80
/sensing/lidar/top/pointcloud_raw_ex,53747294750,1785838851550825039,64094319935305,53747294750,240888
/localization/pose_estimator/pose_with_covariance,53747294750,1785838851553656474,64094322766585,53747294750,0
/control/command/control_cmd,53797294751,1785838851595576335,64094364686578,53797294751,80
/localization/kinematic_state,53797294751,1785838851596267953,64094365377739,53797294751,0
/localization/kinematic_state,53847294752,1785838851645492040,64094414601772,53847294752,0
/control/command/control_cmd,53847294752,1785838851645757907,64094414867918,53847294752,80
/sensing/lidar/top/pointcloud_raw_ex,53847294752,1785838851651345624,64094420455638,53847294752,238840
/localization/pose_estimator/pose_with_covariance,53847294752,1785838851654144874,64094423254643,53847294752,0
/control/command/control_cmd,53897294752,1785838851695880824,64094464990878,53897294752,80
/localization/kinematic_state,53897294752,1785838851696624583,64094465734343,53897294752,0
/localization/kinematic_state,53947294753,1785838851745506507,64094514616324,53947294753,0
/control/command/control_cmd,53947294753,1785838851745873859,64094514983728,53947294753,80
/sensing/lidar/top/pointcloud_raw_ex,53947294753,1785838851751826696,64094520937020,53947294753,238968
/localization/pose_estimator/pose_with_covariance,53947294753,1785838851754579585,64094523689378,53947294753,0
/control/command/control_cmd,53997294754,1785838851796099065,64094565208897,53997294754,80
/localization/kinematic_state,53997294754,1785838851796313074,64094565422932,53997294754,0
/localization/kinematic_state,54047294755,1785838851845561892,64094614671986,54047294755,0
/control/command/control_cmd,54047294755,1785838851846372290,64094615482245,54047294755,80
/sensing/lidar/top/pointcloud_raw_ex,54047294755,1785838851852453805,64094621563698,54047294755,243800
/localization/pose_estimator/pose_with_covariance,54047294755,1785838851855689770,64094624799576,54047294755,0
/localization/kinematic_state,54097294755,1785838851895855412,64094664965217,54097294755,0
/control/command/control_cmd,54097294755,1785838851896281971,64094665391671,54097294755,80
/localization/kinematic_state,54147294756,1785838851945528317,64094714638061,54147294756,0
/control/command/control_cmd,54147294756,1785838851946269700,64094715379683,54147294756,80
/sensing/lidar/top/pointcloud_raw_ex,54147294756,1785838851951391686,64094720501466,54147294756,238680
/localization/pose_estimator/pose_with_covariance,54147294756,1785838851954578362,64094723688102,54147294756,0
/control/command/control_cmd,54197294757,1785838851996119606,64094765229477,54197294757,80
/localization/kinematic_state,54197294757,1785838851997543271,64094766652952,54197294757,0
/control/command/control_cmd,54247294758,1785838852046007770,64094815117759,54247294758,80
/localization/kinematic_state,54247294758,1785838852046222441,64094815332319,54247294758,0
/sensing/lidar/top/pointcloud_raw_ex,54247294758,1785838852051342619,64094820453036,54247294758,238328
/localization/pose_estimator/pose_with_covariance,54247294758,1785838852053909739,64094823019532,54247294758,0
/localization/kinematic_state,54297294758,1785838852095649540,64094864759383,54297294758,0
/control/command/control_cmd,54297294758,1785838852096865846,64094865975619,54297294758,80
/localization/kinematic_state,54347294759,1785838852145799445,64094914909303,54347294759,0
/control/command/control_cmd,54347294759,1785838852145815764,64094914925383,54347294759,80
/sensing/lidar/top/pointcloud_raw_ex,54347294759,1785838852150933464,64094920043301,54347294759,236440
/localization/pose_estimator/pose_with_covariance,54347294759,1785838852153916989,64094923026924,54347294759,0
/localization/kinematic_state,54397294760,1785838852196098111,64094965207834,54397294760,0
/control/command/control_cmd,54397294760,1785838852197035997,64094966145803,54397294760,80
/control/command/control_cmd,54447294761,1785838852246054893,64095015164790,54447294761,80
/localization/kinematic_state,54447294761,1785838852246973063,64095016082785,54447294761,0
/sensing/lidar/top/pointcloud_raw_ex,54447294761,1785838852251351570,64095020461453,54447294761,238040
/localization/pose_estimator/pose_with_covariance,54447294761,1785838852254073451,64095023183348,54447294761,0
/control/command/control_cmd,54497294761,1785838852296528153,64095065638164,54497294761,80
/localization/kinematic_state,54497294761,1785838852296800067,64095065909872,54497294761,0
/localization/kinematic_state,54547294762,1785838852346059875,64095115169639,54547294762,0
/control/command/control_cmd,54547294762,1785838852346383417,64095115493275,54547294762,80
/sensing/lidar/top/pointcloud_raw_ex,54547294762,1785838852351421338,64095120531559,54547294762,238104
/localization/pose_estimator/pose_with_covariance,54547294762,1785838852354004061,64095123113861,54547294762,0
/localization/kinematic_state,54597294763,1785838852395519492,64095164629269,54597294763,0
/control/command/control_cmd,54597294763,1785838852396029281,64095165139016,54597294763,80
/control/command/control_cmd,54647294763,1785838852446737694,64095215847965,54647294763,80
/localization/kinematic_state,54647294763,1785838852446768107,64095215877742,54647294763,0
/sensing/lidar/top/pointcloud_raw_ex,54647294763,1785838852451576001,64095220686061,54647294763,241880
/localization/pose_estimator/pose_with_covariance,54647294763,1785838852454411198,64095223521264,54647294763,0
/localization/kinematic_state,54697294764,1785838852496056919,64095265166676,54697294764,0
/control/command/control_cmd,54697294764,1785838852497147829,64095266257737,54697294764,80
/localization/kinematic_state,54747294765,1785838852545990725,64095315100501,54747294765,0
/control/command/control_cmd,54747294765,1785838852546912178,64095316021909,54747294765,80
/sensing/lidar/top/pointcloud_raw_ex,54747294765,1785838852550779303,64095319889134,54747294765,238136
/localization/pose_estimator/pose_with_covariance,54747294765,1785838852553793928,64095322903789,54747294765,0
/control/command/control_cmd,54797294766,1785838852596263278,64095365373193,54797294766,80
/localization/kinematic_state,54797294766,1785838852596983433,64095366093213,54797294766,0
/localization/kinematic_state,54847294766,1785838852646801999,64095415911823,54847294766,0
/control/command/control_cmd,54847294766,1785838852647127057,64095416236913,54847294766,80
/sensing/lidar/top/pointcloud_raw_ex,54847294766,1785838852652105225,64095421215208,54847294766,238584
/localization/pose_estimator/pose_with_covariance,54847294766,1785838852655296599,64095424406780,54847294766,0
/control/command/control_cmd,54897294767,1785838852695785854,64095464895812,54897294767,80
/localization/kinematic_state,54897294767,1785838852696083325,64095465193071,54897294767,0
/localization/kinematic_state,54947294768,1785838852746164224,64095515274119,54947294768,0
/control/command/control_cmd,54947294768,1785838852746237193,64095515346836,54947294768,80
/sensing/lidar/top/pointcloud_raw_ex,54947294768,1785838852751080643,64095520190724,54947294768,239320
/localization/pose_estimator/pose_with_covariance,54947294768,1785838852753912024,64095523021820,54947294768,0
/localization/kinematic_state,54997294769,1785838852795964595,64095565074797,54997294769,0
/control/command/control_cmd,54997294769,1785838852796307449,64095565417345,54997294769,80
/localization/kinematic_state,55047294769,1785838852846915050,64095616024865,55047294769,0
/control/command/control_cmd,55047294769,1785838852846929659,64095616039269,55047294769,80
/sensing/lidar/top/pointcloud_raw_ex,55047294769,1785838852851332207,64095620442086,55047294769,233400
/localization/pose_estimator/pose_with_covariance,55047294769,1785838852854336568,64095623446292,55047294769,0
/localization/kinematic_state,55097294770,1785838852896204456,64095665314283,55097294770,0
/control/command/control_cmd,55097294770,1785838852896951528,64095666061205,55097294770,80
/localization/kinematic_state,55147294771,1785838852946398056,64095715507919,55147294771,0
/control/command/control_cmd,55147294771,1785838852946407242,64095715516850,55147294771,80
/sensing/lidar/top/pointcloud_raw_ex,55147294771,1785838852951735286,64095720845546,55147294771,236792
/localization/pose_estimator/pose_with_covariance,55147294771,1785838852954521625,64095723631351,55147294771,0
/control/command/control_cmd,55197294772,1785838852995849260,64095764959143,55197294772,80
/localization/kinematic_state,55197294772,1785838852996052578,64095765162389,55197294772,0
/localization/kinematic_state,55247294772,1785838853045623460,64095814733290,55247294772,0
/control/command/control_cmd,55247294772,1785838853045880769,64095814990564,55247294772,80
/sensing/lidar/top/pointcloud_raw_ex,55247294772,1785838853051599077,64095820709173,55247294772,239544
/localization/pose_estimator/pose_with_covariance,55247294772,1785838853054761858,64095823871784,55247294772,0
/localization/kinematic_state,55297294773,1785838853095337287,64095864447043,55297294773,0
/control/command/control_cmd,55297294773,1785838853095592339,64095864701990,55297294773,80
/localization/kinematic_state,55347294774,1785838853145446799,64095914556674,55347294774,0
/control/command/control_cmd,55347294774,1785838853145692333,64095914802274,55347294774,80
/sensing/lidar/top/pointcloud_raw_ex,55347294774,1785838853151562992,64095920673085,55347294774,235512
/localization/pose_estimator/pose_with_covariance,55347294774,1785838853154615130,64095923724871,55347294774,0
/localization/kinematic_state,55397294775,1785838853195882295,64095964992287,55397294775,0
/control/command/control_cmd,55397294775,1785838853196381364,64095965491219,55397294775,80
/localization/kinematic_state,55447294775,1785838853246105580,64096015215508,55447294775,0
/control/command/control_cmd,55447294775,1785838853246639245,64096015749116,55447294775,80
/sensing/lidar/top/pointcloud_raw_ex,55447294775,1785838853252606213,64096021716015,55447294775,242072
/localization/pose_estimator/pose_with_covariance,55447294775,1785838853255183661,64096024293522,55447294775,0
/localization/kinematic_state,55497294776,1785838853295769102,64096064878817,55497294776,0
/control/command/control_cmd,55497294776,1785838853296221214,64096065331190,55497294776,80
/localization/kinematic_state,55547294777,1785838853346361829,64096115471566,55547294777,0
/control/command/control_cmd,55547294777,1785838853346375246,64096115484857,55547294777,80
/sensing/lidar/top/pointcloud_raw_ex,55547294777,1785838853352632785,64096121742666,55547294777,240760
/localization/pose_estimator/pose_with_covariance,55547294777,1785838853355291566,64096124401245,55547294777,0
/control/command/control_cmd,55597294778,1785838853396226370,64096165336136,55597294778,80
/localization/kinematic_state,55597294778,1785838853397173089,64096166282842,55597294778,0
/control/command/control_cmd,55647294778,1785838853445986989,64096215097020,55647294778,80
/localization/kinematic_state,55647294778,1785838853446925725,64096216035535,55647294778,0
/sensing/lidar/top/pointcloud_raw_ex,55647294778,1785838853451077474,64096220187313,55647294778,242968
/localization/pose_estimator/pose_with_covariance,55647294778,1785838853453717033,64096222826840,55647294778,0
/localization/kinematic_state,55697294779,1785838853495865054,64096264974922,55697294779,0
/control/command/control_cmd,55697294779,1785838853496062920,64096265172826,55697294779,80
/localization/kinematic_state,55747294780,1785838853545754983,64096314864809,55747294780,0
/control/command/control_cmd,55747294780,1785838853546070089,64096315179944,55747294780,80
/sensing/lidar/top/pointcloud_raw_ex,55747294780,1785838853551151158,64096320261260,55747294780,239608
/localization/pose_estimator/pose_with_covariance,55747294780,1785838853553799106,64096322908898,55747294780,0
/localization/kinematic_state,55797294781,1785838853595865530,64096364975384,55797294781,0
/control/command/control_cmd,55797294781,1785838853596076083,64096365185718,55797294781,80
/localization/kinematic_state,55847294781,1785838853646977502,64096416087745,55847294781,0
/control/command/control_cmd,55847294781,1785838853646989072,64096416098687,55847294781,80
/sensing/lidar/top/pointcloud_raw_ex,55847294781,1785838853651037873,64096420148009,55847294781,240952
/localization/pose_estimator/pose_with_covariance,55847294781,1785838853653862619,64096422972450,55847294781,0
/localization/kinematic_state,55897294782,1785838853696070730,64096465180641,55897294782,0
/control/command/control_cmd,55897294782,1785838853696990257,64096466100113,55897294782,80
/localization/kinematic_state,55947294783,1785838853745947393,64096515057459,55947294783,0
/control/command/control_cmd,55947294783,1785838853747758336,64096516868267,55947294783,80
/sensing/lidar/top/pointcloud_raw_ex,55947294783,1785838853750886083,64096519996107,55947294783,238872
/localization/pose_estimator/pose_with_covariance,55947294783,1785838853754052500,64096523162302,55947294783,0
/control/command/control_cmd,55997294784,1785838853795857591,64096564967368,55997294784,80
/localization/kinematic_state,55997294784,1785838853795987577,64096565097225,55997294784,0
/localization/kinematic_state,56047294784,1785838853845341361,64096614451186,56047294784,0
/control/command/control_cmd,56047294784,1785838853845667951,64096614777899,56047294784,80
/sensing/lidar/top/pointcloud_raw_ex,56047294784,1785838853851078950,64096620189103,56047294784,239864
/localization/pose_estimator/pose_with_covariance,56047294784,1785838853854355781,64096623465781,56047294784,0
/localization/kinematic_state,56097294785,1785838853896435016,64096665545023,56097294785,0
/control/command/control_cmd,56097294785,1785838853897314374,64096666424383,56097294785,80
/control/command/control_cmd,56147294786,1785838853946111282,64096715221398,56147294786,80
/localization/kinematic_state,56147294786,1785838853946177685,64096715287409,56147294786,0
/sensing/lidar/top/pointcloud_raw_ex,56147294786,1785838853951779462,64096720889402,56147294786,239544
/localization/pose_estimator/pose_with_covariance,56147294786,1785838853955381739,64096724491924,56147294786,0
/control/command/control_cmd,56197294787,1785838853995804009,64096764913924,56197294787,80
/localization/kinematic_state,56197294787,1785838853996259645,64096765369404,56197294787,0
/control/command/control_cmd,56247294787,1785838854045697372,64096814807411,56247294787,80
/localization/kinematic_state,56247294787,1785838854046533310,64096815643131,56247294787,0
/sensing/lidar/top/pointcloud_raw_ex,56247294787,1785838854051242394,64096820352726,56247294787,238776
/localization/pose_estimator/pose_with_covariance,56247294787,1785838854054241437,64096823351381,56247294787,0
/control/command/control_cmd,56297294788,1785838854096495556,64096865605900,56297294788,80
/localization/kinematic_state,56297294788,1785838854096566048,64096865675792,56297294788,0
/localization/kinematic_state,56347294789,1785838854145651025,64096914760793,56347294789,0
/control/command/control_cmd,56347294789,1785838854146473355,64096915583175,56347294789,80
/sensing/lidar/top/pointcloud_raw_ex,56347294789,1785838854151104634,64096920214803,56347294789,237752
/localization/pose_estimator/pose_with_covariance,56347294789,1785838854153881421,64096922991274,56347294789,0
/localization/kinematic_state,56397294790,1785838854196005551,64096965115345,56397294790,0
/control/command/control_cmd,56397294790,1785838854197141325,64096966251213,56397294790,80
/control/command/control_cmd,56447294790,1785838854245971027,64097015081228,56447294790,80
/localization/kinematic_state,56447294790,1785838854247633071,64097016742748,56447294790,0
/sensing/lidar/top/pointcloud_raw_ex,56447294790,1785838854251755471,64097020865545,56447294790,244472
/localization/pose_estimator/pose_with_covariance,56447294790,1785838854255103485,64097024213253,56447294790,0
/localization/kinematic_state,56497294791,1785838854295461575,64097064571341,56497294791,0
/control/command/control_cmd,56497294791,1785838854296522470,64097065632254,56497294791,80
/localization/kinematic_state,56547294792,1785838854345755298,64097114865072,56547294792,0
/control/command/control_cmd,56547294792,1785838854345957699,64097115067572,56547294792,80
/sensing/lidar/top/pointcloud_raw_ex,56547294792,1785838854351228446,64097120338442,56547294792,239224
/localization/pose_estimator/pose_with_covariance,56547294792,1785838854353945848,64097123055718,56547294792,0
/localization/kinematic_state,56597294793,1785838854396722094,64097165832054,56597294793,0
/control/command/control_cmd,56597294793,1785838854396839526,64097165949178,56597294793,80
/localization/kinematic_state,56647294793,1785838854445728449,64097214838229,56647294793,0
/control/command/control_cmd,56647294793,1785838854446558854,64097215668628,56647294793,80
/sensing/lidar/top/pointcloud_raw_ex,56647294793,1785838854451897522,64097221007440,56647294793,239896
/localization/pose_estimator/pose_with_covariance,56647294793,1785838854454754715,64097223864545,56647294793,0
/control/command/control_cmd,56697294794,1785838854495490626,64097264600643,56697294794,80
/localization/kinematic_state,56697294794,1785838854495551847,64097264661525,56697294794,0
/localization/kinematic_state,56747294795,1785838854545638475,64097314748397,56747294795,0
/control/command/control_cmd,56747294795,1785838854547607073,64097316716955,56747294795,80
/sensing/lidar/top/pointcloud_raw_ex,56747294795,1785838854551003241,64097320113031,56747294795,238200
/localization/pose_estimator/pose_with_covariance,56747294795,1785838854554121640,64097323231361,56747294795,0
/localization/kinematic_state,56797294796,1785838854596014678,64097365124449,56797294796,0
/control/command/control_cmd,56797294796,1785838854596529562,64097365639394,56797294796,80
/localization/kinematic_state,56847294796,1785838854645478765,64097414588533,56847294796,0
/control/command/control_cmd,56847294796,1785838854645958769,64097415068581,56847294796,80
/sensing/lidar/top/pointcloud_raw_ex,56847294796,1785838854651168320,64097420278127,56847294796,236184
/localization/pose_estimator/pose_with_covariance,56847294796,1785838854653844845,64097422954673,56847294796,0
/localization/kinematic_state,56897294797,1785838854695861076,64097464970787,56897294797,0
/control/command/control_cmd,56897294797,1785838854695981206,64097465090859,56897294797,80
/localization/kinematic_state,56947294798,1785838854745756582,64097514866308,56947294798,0
/control/command/control_cmd,56947294798,1785838854746910290,64097516019963,56947294798,80
/sensing/lidar/top/pointcloud_raw_ex,56947294798,1785838854751332369,64097520442188,56947294798,240120
/localization/pose_estimator/pose_with_covariance,56947294798,1785838854754210395,64097523320288,56947294798,0
/localization/kinematic_state,56997294799,1785838854795957487,64097565067253,56997294799,0
/control/command/control_cmd,56997294799,1785838854796484044,64097565593994,56997294799,80
/localization/kinematic_state,57047294799,1785838854845657400,64097614767152,57047294799,0
/control/command/control_cmd,57047294799,1785838854846172964,64097615282907,57047294799,80
/sensing/lidar/top/pointcloud_raw_ex,57047294799,1785838854851787528,64097620897767,57047294799,241144
/localization/pose_estimator/pose_with_covariance,57047294799,1785838854854618060,64097623727855,57047294799,0
/control/command/control_cmd,57097294800,1785838854896168413,64097665278444,57097294800,80
/localization/kinematic_state,57097294800,1785838854896218094,64097665327725,57097294800,0
/localization/kinematic_state,57147294801,1785838854946599175,64097715709141,57147294801,0
/control/command/control_cmd,57147294801,1785838854947495213,64097716605229,57147294801,80
/sensing/lidar/top/pointcloud_raw_ex,57147294801,1785838854952153696,64097721263668,57147294801,243736
/localization/pose_estimator/pose_with_covariance,57147294801,1785838854955177064,64097724287062,57147294801,0
/control/command/control_cmd,57197294801,1785838854995985338,64097765095148,57197294801,80
/localization/kinematic_state,57197294801,1785838854996157194,64097765266840,57197294801,0
/localization/kinematic_state,57247294802,1785838855046443223,64097815553079,57247294802,0
/control/command/control_cmd,57247294802,1785838855046504869,64097815614763,57247294802,80
/sensing/lidar/top/pointcloud_raw_ex,57247294802,1785838855051668413,64097820779108,57247294802,237272
/localization/pose_estimator/pose_with_covariance,57247294802,1785838855054690467,64097823800389,57247294802,0
/localization/kinematic_state,57297294803,1785838855096670292,64097865780425,57297294803,0
/control/command/control_cmd,57297294803,1785838855096680477,64097865790078,57297294803,80
/localization/kinematic_state,57347294804,1785838855145735322,64097914845182,57347294804,0
/control/command/control_cmd,57347294804,1785838855146171579,64097915281484,57347294804,80
/sensing/lidar/top/pointcloud_raw_ex,57347294804,1785838855151196577,64097920306658,57347294804,243608
/localization/pose_estimator/pose_with_covariance,57347294804,1785838855154052642,64097923162655,57347294804,0
/control/command/control_cmd,57397294804,1785838855195987251,64097965097051,57397294804,80
/localization/kinematic_state,57397294804,1785838855197166999,64097966276738,57397294804,0
/localization/kinematic_state,57447294805,1785838855246615961,64098015725753,57447294805,0
/control/command/control_cmd,57447294805,1785838855247196581,64098016306388,57447294805,80
/sensing/lidar/top/pointcloud_raw_ex,57447294805,1785838855251310667,64098020420520,57447294805,239800
/localization/pose_estimator/pose_with_covariance,57447294805,1785838855254154295,64098023264152,57447294805,0
/localization/kinematic_state,57497294806,1785838855296945251,64098066055165,57497294806,0
/control/command/control_cmd,57497294806,1785838855297778025,64098066887840,57497294806,80
/localization/kinematic_state,57547294807,1785838855345793657,64098114903602,57547294807,0
/control/command/control_cmd,57547294807,1785838855346473036,64098115582770,57547294807,80
/sensing/lidar/top/pointcloud_raw_ex,57547294807,1785838855351725446,64098120835211,57547294807,237336
/localization/pose_estimator/pose_with_covariance,57547294807,1785838855353969747,64098123079548,57547294807,0
/localization/kinematic_state,57597294807,1785838855396007654,64098165117599,57597294807,0
/control/command/control_cmd,57597294807,1785838855396027569,64098165137186,57597294807,80
/localization/kinematic_state,57647294808,1785838855446317243,64098215427085,57647294808,0
/control/command/control_cmd,57647294808,1785838855446362290,64098215472183,57647294808,80
/sensing/lidar/top/pointcloud_raw_ex,57647294808,1785838855450898191,64098220008261,57647294808,239128
/localization/pose_estimator/pose_with_covariance,57647294808,1785838855453506215,64098222616050,57647294808,0
/localization/kinematic_state,57697294809,1785838855495845213,64098264954970,57697294809,0
/control/command/control_cmd,57697294809,1785838855496180359,64098265290201,57697294809,80
/localization/kinematic_state,57747294810,1785838855545861077,64098314970846,57747294810,0
/control/command/control_cmd,57747294810,1785838855546185126,64098315295086,57747294810,80
/sensing/lidar/top/pointcloud_raw_ex,57747294810,1785838855551013757,64098320123903,57747294810,238872
/localization/pose_estimator/pose_with_covariance,57747294810,1785838855554194226,64098323304032,57747294810,0
/control/command/control_cmd,57797294810,1785838855596208235,64098365318055,57797294810,80
/localization/kinematic_state,57797294810,1785838855596323254,64098365433016,57797294810,0
/localization/kinematic_state,57847294811,1785838855646078280,64098415188214,57847294811,0
/control/command/control_cmd,57847294811,1785838855646511868,64098415621723,57847294811,80
/sensing/lidar/top/pointcloud_raw_ex,57847294811,1785838855652921951,64098422031953,57847294811,242264
/localization/pose_estimator/pose_with_covariance,57847294811,1785838855656418638,64098425528409,57847294811,0
/control/command/control_cmd,57897294812,1785838855695976908,64098465086817,57897294812,80
/localization/kinematic_state,57897294812,1785838855696324680,64098465434611,57897294812,0
/localization/kinematic_state,57947294813,1785838855746970429,64098516080481,57947294813,0
/control/command/control_cmd,57947294813,1785838855746986059,64098516095660,57947294813,80
/sensing/lidar/top/pointcloud_raw_ex,57947294813,1785838855750982382,64098520092208,57947294813,237816
/localization/pose_estimator/pose_with_covariance,57947294813,1785838855754080570,64098523190450,57947294813,0
/localization/kinematic_state,57997294813,1785838855796259187,64098565368976,57997294813,0
/control/command/control_cmd,57997294813,1785838855796685076,64098565794938,57997294813,80
/localization/kinematic_state,58047294814,1785838855845709235,64098614819131,58047294814,0
/control/command/control_cmd,58047294814,1785838855845725009,64098614834627,58047294814,80
/sensing/lidar/top/pointcloud_raw_ex,58047294814,1785838855850975788,64098620085586,58047294814,239288
/localization/pose_estimator/pose_with_covariance,58047294814,1785838855853576088,64098622685861,58047294814,0
/localization/kinematic_state,58097294815,1785838855896024387,64098665134320,58097294815,0
/control/command/control_cmd,58097294815,1785838855896384033,64098665522822,58097294815,80
/localization/kinematic_state,58147294816,1785838855945521628,64098714631486,58147294816,0
/control/command/control_cmd,58147294816,1785838855946945469,64098716055272,58147294816,80
/sensing/lidar/top/pointcloud_raw_ex,58147294816,1785838855952830479,64098721940852,58147294816,241752
/localization/pose_estimator/pose_with_covariance,58147294816,1785838855955033983,64098724143898,58147294816,0
/localization/kinematic_state,58197294816,1785838855996187733,64098765297571,58197294816,0
/control/command/control_cmd,58197294816,1785838855996206617,64098765316318,58197294816,80
/localization/kinematic_state,58247294817,1785838856045186189,64098814296244,58247294817,0
/control/command/control_cmd,58247294817,1785838856045619089,64098814728981,58247294817,80
/sensing/lidar/top/pointcloud_raw_ex,58247294817,1785838856051061191,64098820171316,58247294817,240056
/localization/pose_estimator/pose_with_covariance,58247294817,1785838856054119871,64098823230003,58247294817,0
/localization/kinematic_state,58297294818,1785838856095394889,64098864504854,58297294818,0
/control/command/control_cmd,58297294818,1785838856095480485,64098864590197,58297294818,80
/localization/kinematic_state,58347294819,1785838856145784527,64098914894311,58347294819,0
/control/command/control_cmd,58347294819,1785838856146070859,64098915180792,58347294819,80
/sensing/lidar/top/pointcloud_raw_ex,58347294819,1785838856150742581,64098919852448,58347294819,238488
/localization/pose_estimator/pose_with_covariance,58347294819,1785838856153402409,64098922512084,58347294819,0
/localization/kinematic_state,58397294819,1785838856195830103,64098964939843,58397294819,0
/control/command/control_cmd,58397294819,1785838856196451533,64098965561460,58397294819,80
/localization/kinematic_state,58447294820,1785838856246370516,64099015480400,58447294820,0
/control/command/control_cmd,58447294820,1785838856247036837,64099016146760,58447294820,80
/sensing/lidar/top/pointcloud_raw_ex,58447294820,1785838856252039680,64099021149751,58447294820,238200
/localization/pose_estimator/pose_with_covariance,58447294820,1785838856254838879,64099023948713,58447294820,0
/localization/kinematic_state,58497294821,1785838856295805900,64099064915811,58497294821,0
/control/command/control_cmd,58497294821,1785838856296157471,64099065267125,58497294821,80
/localization/kinematic_state,58547294822,1785838856346584923,64099115694824,58547294822,0
/control/command/control_cmd,58547294822,1785838856347940318,64099117050066,58547294822,80
/sensing/lidar/top/pointcloud_raw_ex,58547294822,1785838856351799969,64099120909765,58547294822,237464
/localization/pose_estimator/pose_with_covariance,58547294822,1785838856354707155,64099123816923,58547294822,0
/localization/kinematic_state,58597294822,1785838856396162019,64099165271796,58597294822,0
/control/command/control_cmd,58597294822,1785838856396178848,64099165288478,58597294822,80
/localization/kinematic_state,58647294823,1785838856446647076,64099215757101,58647294823,0
/control/command/control_cmd,58647294823,1785838856446826762,64099215936430,58647294823,80
/sensing/lidar/top/pointcloud_raw_ex,58647294823,1785838856451547588,64099220657750,58647294823,240472
/localization/pose_estimator/pose_with_covariance,58647294823,1785838856454413595,64099223523286,58647294823,0
/localization/kinematic_state,58697294824,1785838856495791107,64099264900945,58697294824,0
/control/command/control_cmd,58697294824,1785838856495804133,64099264913772,58697294824,80
/localization/kinematic_state,58747294825,1785838856547949542,64099317059539,58747294825,0
/control/command/control_cmd,58747294825,1785838856547961539,64099317071149,58747294825,80
/sensing/lidar/top/pointcloud_raw_ex,58747294825,1785838856551058161,64099320168163,58747294825,240440
/localization/pose_estimator/pose_with_covariance,58747294825,1785838856553996366,64099323106258,58747294825,0
/localization/kinematic_state,58797294825,1785838856596296697,64099365406625,58797294825,0
/control/command/control_cmd,58797294825,1785838856596552225,64099365662003,58797294825,80
/control/command/control_cmd,58847294826,1785838856645763893,64099414874070,58847294826,80
/localization/kinematic_state,58847294826,1785838856646159335,64099415269069,58847294826,0
/sensing/lidar/top/pointcloud_raw_ex,58847294826,1785838856652048192,64099421158326,58847294826,241464
/localization/pose_estimator/pose_with_covariance,58847294826,1785838856661573580,64099430683659,58847294826,0
/localization/kinematic_state,58897294827,1785838856695886353,64099464996084,58897294827,0
/control/command/control_cmd,58897294827,1785838856696301416,64099465411117,58897294827,80
/localization/kinematic_state,58947294828,1785838856747077847,64099516187909,58947294828,0
/control/command/control_cmd,58947294828,1785838856747089245,64099516198866,58947294828,80
/sensing/lidar/top/pointcloud_raw_ex,58947294828,1785838856751978819,64099521088971,58947294828,240536
/localization/pose_estimator/pose_with_covariance,58947294828,1785838856755041455,64099524151233,58947294828,0
/localization/kinematic_state,58997294828,1785838856795965648,64099565075404,58997294828,0
/control/command/control_cmd,58997294828,1785838856796661717,64099565771628,58997294828,80
/localization/kinematic_state,59047294829,1785838856845435108,64099614545066,59047294829,0
/control/command/control_cmd,59047294829,1785838856847312095,64099616421771,59047294829,80
/sensing/lidar/top/pointcloud_raw_ex,59047294829,1785838856851009400,64099620119212,59047294829,241624
/localization/pose_estimator/pose_with_covariance,59047294829,1785838856854149166,64099623258924,59047294829,0
/control/command/control_cmd,59097294830,1785838856896339516,64099665449354,59097294830,80
/localization/kinematic_state,59097294830,1785838856896479070,64099665588788,59097294830,0
/localization/kinematic_state,59147294831,1785838856946252125,64099715362096,59147294831,0
/control/command/control_cmd,59147294831,1785838856946773260,64099715883297,59147294831,80
/sensing/lidar/top/pointcloud_raw_ex,59147294831,1785838856953598821,64099722709282,59147294831,241304
/localization/pose_estimator/pose_with_covariance,59147294831,1785838856956645756,64099725755504,59147294831,0
/localization/kinematic_state,59197294831,1785838856996014077,64099765123955,59197294831,0
/control/command/control_cmd,59197294831,1785838856996334346,64099765444228,59197294831,80
/localization/kinematic_state,59247294832,1785838857046136749,64099815246786,59247294832,0
/control/command/control_cmd,59247294832,1785838857046354698,64099815464596,59247294832,80
/sensing/lidar/top/pointcloud_raw_ex,59247294832,1785838857051860569,64099820970752,59247294832,240024
/localization/pose_estimator/pose_with_covariance,59247294832,1785838857055330436,64099824440149,59247294832,0
/localization/kinematic_state,59297294833,1785838857096044576,64099865154544,59297294833,0
/control/command/control_cmd,59297294833,1785838857096563208,64099865673077,59297294833,80
/localization/kinematic_state,59347294834,1785838857146008379,64099915118136,59347294834,0
/control/command/control_cmd,59347294834,1785838857146335785,64099915445539,59347294834,80
/sensing/lidar/top/pointcloud_raw_ex,59347294834,1785838857152240705,64099921350847,59347294834,235032
/localization/pose_estimator/pose_with_covariance,59347294834,1785838857154943242,64099924052987,59347294834,0
/localization/kinematic_state,59397294834,1785838857195873856,64099964983590,59397294834,0
/control/command/control_cmd,59397294834,1785838857196037943,64099965147624,59397294834,80
/localization/kinematic_state,59447294835,1785838857245508181,64100014618020,59447294835,0
/control/command/control_cmd,59447294835,1785838857247920128,64100017030596,59447294835,80
/sensing/lidar/top/pointcloud_raw_ex,59447294835,1785838857251261961,64100020371751,59447294835,237528
/localization/pose_estimator/pose_with_covariance,59447294835,1785838857254452337,64100023562105,59447294835,0
/localization/kinematic_state,59497294836,1785838857295413109,64100064522887,59497294836,0
/control/command/control_cmd,59497294836,1785838857295803031,64100064912740,59497294836,80
/localization/kinematic_state,59547294837,1785838857345496963,64100114606690,59547294837,0
/control/command/control_cmd,59547294837,1785838857345961651,64100115071563,59547294837,80
/sensing/lidar/top/pointcloud_raw_ex,59547294837,1785838857352881216,64100121991507,59547294837,240152
/localization/pose_estimator/pose_with_covariance,59547294837,1785838857357296816,64100126406786,59547294837,0
/localization/kinematic_state,59597294837,1785838857395795652,64100164905449,59597294837,0
/control/command/control_cmd,59597294837,1785838857396338747,64100165448545,59597294837,80
/localization/kinematic_state,59647294838,1785838857445815570,64100214925542,59647294838,0
/control/command/control_cmd,59647294838,1785838857446539111,64100215649029,59647294838,80
/sensing/lidar/top/pointcloud_raw_ex,59647294838,1785838857451381270,64100220491208,59647294838,243576
/localization/pose_estimator/pose_with_covariance,59647294838,1785838857454652853,64100223762670,59647294838,0
/localization/kinematic_state,59697294839,1785838857495811128,64100264920835,59697294839,0
/control/command/control_cmd,59697294839,1785838857495822904,64100264932518,59697294839,80
/localization/kinematic_state,59747294839,1785838857545222495,64100314332331,59747294839,0
/control/command/control_cmd,59747294839,1785838857545780718,64100314890586,59747294839,80
/sensing/lidar/top/pointcloud_raw_ex,59747294839,1785838857552853442,64100321963803,59747294839,242680
/localization/pose_estimator/pose_with_covariance,59747294839,1785838857556147139,64100325256948,59747294839,0
/localization/kinematic_state,59797294840,1785838857596066642,64100365176387,59797294840,0
/control/command/control_cmd,59797294840,1785838857596293934,64100365403678,59797294840,80
/localization/kinematic_state,59847294841,1785838857645968663,64100415078760,59847294841,0
/control/command/control_cmd,59847294841,1785838857646258660,64100415368592,59847294841,80
/sensing/lidar/top/pointcloud_raw_ex,59847294841,1785838857652127706,64100421237942,59847294841,241176
/localization/pose_estimator/pose_with_covariance,59847294841,1785838857655390574,64100424500553,59847294841,0
/localization/kinematic_state,59897294842,1785838857696051935,64100465161801,59897294842,0
/control/command/control_cmd,59897294842,1785838857696502788,64100465612608,59897294842,80
/localization/kinematic_state,59947294842,1785838857745936147,64100515045968,59947294842,0
/control/command/control_cmd,59947294842,1785838857746699262,64100515809221,59947294842,80
/sensing/lidar/top/pointcloud_raw_ex,59947294842,1785838857751464392,64100520574558,59947294842,236760
/localization/pose_estimator/pose_with_covariance,59947294842,1785838857754310054,64100523419887,59947294842,0
/localization/kinematic_state,59997294843,1785838857796521731,64100565631711,59997294843,0
/control/command/control_cmd,59997294843,1785838857796529757,64100565639379,59997294843,80
/localization/kinematic_state,60047294844,1785838857845847168,64100614956897,60047294844,0
/control/command/control_cmd,60047294844,1785838857846309469,64100615419364,60047294844,80
/sensing/lidar/top/pointcloud_raw_ex,60047294844,1785838857851304642,64100620414954,60047294844,237624
/localization/pose_estimator/pose_with_covariance,60047294844,1785838857854426607,64100623536453,60047294844,0
/localization/kinematic_state,60097294845,1785838857896162973,64100665272835,60097294845,0
/control/command/control_cmd,60097294845,1785838857897109973,64100666219665,60097294845,80
/localization/kinematic_state,60147294845,1785838857945339002,64100714449042,60147294845,0
/control/command/control_cmd,60147294845,1785838857945808303,64100714918200,60147294845,80
/sensing/lidar/top/pointcloud_raw_ex,60147294845,1785838857951376541,64100720486804,60147294845,241464
/localization/pose_estimator/pose_with_covariance,60147294845,1785838857954016669,64100723126495,60147294845,0
/control/command/control_cmd,60197294846,1785838857996815591,64100765926013,60197294846,80
/localization/kinematic_state,60197294846,1785838857996902062,64100766011689,60197294846,0
/localization/kinematic_state,60247294847,1785838858046408627,64100815518436,60247294847,0
/control/command/control_cmd,60247294847,1785838858047170467,64100816280309,60247294847,80
/sensing/lidar/top/pointcloud_raw_ex,60247294847,1785838858052190467,64100821300577,60247294847,239480
/localization/pose_estimator/pose_with_covariance,60247294847,1785838858054800795,64100823910861,60247294847,0
/localization/kinematic_state,60297294848,1785838858095831305,64100864941066,60297294848,0
/control/command/control_cmd,60297294848,1785838858096238266,64100865348164,60297294848,80
/localization/kinematic_state,60347294848,1785838858145277244,64100914387122,60347294848,0
/control/command/control_cmd,60347294848,1785838858146613479,64100915723209,60347294848,80
/sensing/lidar/top/pointcloud_raw_ex,60347294848,1785838858151298222,64100920407996,60347294848,236664
/localization/pose_estimator/pose_with_covariance,60347294848,1785838858153566550,64100922676390,60347294848,0
/localization/kinematic_state,60397294849,1785838858195973529,64100965083272,60397294849,0
/control/command/control_cmd,60397294849,1785838858196490110,64100965599893,60397294849,80
/localization/kinematic_state,60447294850,1785838858246374417,64101015484413,60447294850,0
/control/command/control_cmd,60447294850,1785838858246384490,64101015494099,60447294850,80
/sensing/lidar/top/pointcloud_raw_ex,60447294850,1785838858251539081,64101020649101,60447294850,238008
/localization/pose_estimator/pose_with_covariance,60447294850,1785838858254430242,64101023540138,60447294850,0
/localization/kinematic_state,60497294851,1785838858295626902,64101064736661,60497294851,0
/control/command/control_cmd,60497294851,1785838858296082421,64101065192225,60497294851,80
/localization/kinematic_state,60547294851,1785838858345611442,64101114721366,60547294851,0
/control/command/control_cmd,60547294851,1785838858346032014,64101115141896,60547294851,80
/sensing/lidar/top/pointcloud_raw_ex,60547294851,1785838858351225822,64101120335873,60547294851,233912
/localization/pose_estimator/pose_with_covariance,60547294851,1785838858354403794,64101123513585,60547294851,0
/control/command/control_cmd,60597294852,1785838858395828221,64101164937994,60597294852,80
/localization/kinematic_state,60597294852,1785838858396477459,64101165587178,60597294852,0
/localization/kinematic_state,60647294853,1785838858445248000,64101214357735,60647294853,0
/control/command/control_cmd,60647294853,1785838858446507617,64101215617324,60647294853,80
/sensing/lidar/top/pointcloud_raw_ex,60647294853,1785838858451132705,64101220242439,60647294853,240664
/localization/pose_estimator/pose_with_covariance,60647294853,1785838858453695271,64101222804958,60647294853,0
/localization/kinematic_state,60697294854,1785838858495872633,64101264982462,60697294854,0
/control/command/control_cmd,60697294854,1785838858496850011,64101265959834,60697294854,80
/localization/kinematic_state,60747294854,1785838858545865748,64101314975494,60747294854,0
/control/command/control_cmd,60747294854,1785838858546108225,64101315218173,60747294854,80
/sensing/lidar/top/pointcloud_raw_ex,60747294854,1785838858551194032,64101320304023,60747294854,236792
/localization/pose_estimator/pose_with_covariance,60747294854,1785838858553908755,64101323018471,60747294854,0
/localization/kinematic_state,60797294855,1785838858595895163,64101365005059,60797294855,0
/control/command/control_cmd,60797294855,1785838858596259808,64101365369676,60797294855,80
/localization/kinematic_state,60847294856,1785838858645503246,64101414612983,60847294856,0
/control/command/control_cmd,60847294856,1785838858646347176,64101415457013,60847294856,80
/sensing/lidar/top/pointcloud_raw_ex,60847294856,1785838858651188081,64101420298452,60847294856,236472
/localization/pose_estimator/pose_with_covariance,60847294856,1785838858653689688,64101422799551,60847294856,0
/localization/kinematic_state,60897294857,1785838858696470599,64101465580534,60897294857,0
/control/command/control_cmd,60897294857,1785838858696484999,64101465594619,60897294857,80
/localization/kinematic_state,60947294857,1785838858745429682,64101514539675,60947294857,0
/control/command/control_cmd,60947294857,1785838858746596656,64101515706492,60947294857,80
/sensing/lidar/top/pointcloud_raw_ex,60947294857,1785838858751405743,64101520515877,60947294857,235352
/localization/pose_estimator/pose_with_covariance,60947294857,1785838858754258754,64101523368568,60947294857,0
/localization/kinematic_state,60997294858,1785838858795582482,64101564692222,60997294858,0
/control/command/control_cmd,60997294858,1785838858795597413,64101564707020,60997294858,80
/localization/kinematic_state,61047294859,1785838858846050412,64101615160345,61047294859,0
/control/command/control_cmd,61047294859,1785838858846416229,64101615526018,61047294859,80
/sensing/lidar/top/pointcloud_raw_ex,61047294859,1785838858851241456,64101620351385,61047294859,237304
/localization/pose_estimator/pose_with_covariance,61047294859,1785838858853802372,64101622912059,61047294859,0
/localization/kinematic_state,61097294860,1785838858895986857,64101665096722,61097294860,0
/control/command/control_cmd,61097294860,1785838858896047898,64101665157536,61097294860,80
/control/command/control_cmd,61147294860,1785838858946647695,64101715757727,61147294860,80
/localization/kinematic_state,61147294860,1785838858947041330,64101716151179,61147294860,0
/sensing/lidar/top/pointcloud_raw_ex,61147294860,1785838858952417977,64101721528157,61147294860,236248
/localization/pose_estimator/pose_with_covariance,61147294860,1785838858955202704,64101724312487,61147294860,0
/localization/kinematic_state,61197294861,1785838858995805074,64101764914874,61197294861,0
/control/command/control_cmd,61197294861,1785838858996393243,64101765503151,61197294861,80
/control/command/control_cmd,61247294862,1785838859045751331,64101814861254,61247294862,80
/localization/kinematic_state,61247294862,1785838859045802620,64101814912250,61247294862,0
/sensing/lidar/top/pointcloud_raw_ex,61247294862,1785838859051268635,64101820378966,61247294862,235320
/localization/pose_estimator/pose_with_covariance,61247294862,1785838859054108499,64101823218346,61247294862,0
/localization/kinematic_state,61297294863,1785838859095543902,64101864653756,61297294863,0
/control/command/control_cmd,61297294863,1785838859095960654,64101865070528,61297294863,80
/control/command/control_cmd,61347294863,1785838859145740176,64101914850393,61347294863,80
/localization/kinematic_state,61347294863,1785838859145863527,64101914973317,61347294863,0
/sensing/lidar/top/pointcloud_raw_ex,61347294863,1785838859151272067,64101920382148,61347294863,236568
/localization/pose_estimator/pose_with_covariance,61347294863,1785838859153892959,64101923002704,61347294863,0
/localization/kinematic_state,61397294864,1785838859195565543,64101964675262,61397294864,0
/control/command/control_cmd,61397294864,1785838859196109211,64101965218991,61397294864,80
/control/command/control_cmd,61447294865,1785838859245900641,64102015010689,61447294865,80
/localization/kinematic_state,61447294865,1785838859246541858,64102015651646,61447294865,0
/sensing/lidar/top/pointcloud_raw_ex,61447294865,1785838859250897134,64102020007137,61447294865,239640
/localization/pose_estimator/pose_with_covariance,61447294865,1785838859253221493,64102022331361,61447294865,0
/localization/kinematic_state,61497294866,1785838859295680018,64102064789851,61497294866,0
/control/command/control_cmd,61497294866,1785838859296062644,64102065172561,61497294866,80
/localization/kinematic_state,61547294866,1785838859346199222,64102115309319,61547294866,0
/control/command/control_cmd,61547294866,1785838859346997854,64102116107532,61547294866,80
/sensing/lidar/top/pointcloud_raw_ex,61547294866,1785838859351274501,64102120384584,61547294866,237016
/localization/pose_estimator/pose_with_covariance,61547294866,1785838859354624250,64102123733962,61547294866,0
/localization/kinematic_state,61597294867,1785838859395849694,64102164959432,61597294867,0
/control/command/control_cmd,61597294867,1785838859396650704,64102165760847,61597294867,80
/control/command/control_cmd,61647294868,1785838859445878486,64102214988597,61647294868,80
/localization/kinematic_state,61647294868,1785838859446373562,64102215483323,61647294868,0
/sensing/lidar/top/pointcloud_raw_ex,61647294868,1785838859451445588,64102220555994,61647294868,236152
/localization/pose_estimator/pose_with_covariance,61647294868,1785838859454562399,64102223672308,61647294868,0
/localization/kinematic_state,61697294869,1785838859495760182,64102264869923,61697294869,0
/control/command/control_cmd,61697294869,1785838859495776398,64102264886022,61697294869,80
/localization/kinematic_state,61747294869,1785838859545514319,64102314624048,61747294869,0
/control/command/control_cmd,61747294869,1785838859546006523,64102315116378,61747294869,80
/sensing/lidar/top/pointcloud_raw_ex,61747294869,1785838859551977806,64102321087971,61747294869,237560
/localization/pose_estimator/pose_with_covariance,61747294869,1785838859556103091,64102325212955,61747294869,0
/localization/kinematic_state,61797294870,1785838859595540353,64102364650162,61797294870,0
/control/command/control_cmd,61797294870,1785838859596218625,64102365328411,61797294870,80
/localization/kinematic_state,61847294871,1785838859646043540,64102415153455,61847294871,0
/control/command/control_cmd,61847294871,1785838859646064784,64102415174396,61847294871,80
/sensing/lidar/top/pointcloud_raw_ex,61847294871,1785838859651333082,64102420443338,61847294871,237528
/localization/pose_estimator/pose_with_covariance,61847294871,1785838859653953118,64102423062939,61847294871,0
/localization/kinematic_state,61897294872,1785838859696001367,64102465111397,61897294872,0
/control/command/control_cmd,61897294872,1785838859696311046,64102465420812,61897294872,80
/control/command/control_cmd,61947294872,1785838859745581105,64102514691163,61947294872,80
/localization/kinematic_state,61947294872,1785838859745803447,64102514913195,61947294872,0
/sensing/lidar/top/pointcloud_raw_ex,61947294872,1785838859751574865,64102520685325,61947294872,236568
/localization/pose_estimator/pose_with_covariance,61947294872,1785838859754273652,64102523383427,61947294872,0
/localization/kinematic_state,61997294873,1785838859795767348,64102564877166,61997294873,0
/control/command/control_cmd,61997294873,1785838859795781967,64102564891578,61997294873,80
/localization/kinematic_state,62047294874,1785838859845585954,64102614695986,62047294874,0
/control/command/control_cmd,62047294874,1785838859846664851,64102615774858,62047294874,80
/sensing/lidar/top/pointcloud_raw_ex,62047294874,1785838859851537768,64102620647746,62047294874,237496
/localization/pose_estimator/pose_with_covariance,62047294874,1785838859853996732,64102623106571,62047294874,0
/localization/kinematic_state,62097294875,1785838859895720982,64102664830791,62097294875,0
/control/command/control_cmd,62097294875,1785838859895867061,64102664976960,62097294875,80
/localization/kinematic_state,62147294875,1785838859945215020,64102714324919,62147294875,0
/control/command/control_cmd,62147294875,1785838859945759654,64102714869344,62147294875,80
/sensing/lidar/top/pointcloud_raw_ex,62147294875,1785838859952611098,64102721721653,62147294875,239672
/localization/pose_estimator/pose_with_covariance,62147294875,1785838859955704758,64102724814603,62147294875,0
/control/command/control_cmd,62197294876,1785838859996431455,64102765541544,62197294876,80
/localization/kinematic_state,62197294876,1785838859996840430,64102765950321,62197294876,0
/control/command/control_cmd,62247294877,1785838860045927494,64102815037512,62247294877,80
/localization/kinematic_state,62247294877,1785838860046756318,64102815866141,62247294877,0
/sensing/lidar/top/pointcloud_raw_ex,62247294877,1785838860051694359,64102820804330,62247294877,238424
/localization/pose_estimator/pose_with_covariance,62247294877,1785838860054400800,64102823510567,62247294877,0
/localization/kinematic_state,62297294877,1785838860096654171,64102865764056,62297294877,0
/control/command/control_cmd,62297294877,1785838860096664373,64102865774040,62297294877,80
/localization/kinematic_state,62347294878,1785838860145224783,64102914334609,62347294878,0
/control/command/control_cmd,62347294878,1785838860146597921,64102915707860,62347294878,80
/sensing/lidar/top/pointcloud_raw_ex,62347294878,1785838860150974078,64102920083886,62347294878,238840
/localization/pose_estimator/pose_with_covariance,62347294878,1785838860153620681,64102922730467,62347294878,0
/control/command/control_cmd,62397294879,1785838860195753113,64102964863021,62397294879,80
/localization/kinematic_state,62397294879,1785838860195922901,64102965032658,62397294879,0
/control/command/control_cmd,62447294880,1785838860245841458,64103014951618,62447294880,80
/localization/kinematic_state,62447294880,1785838860245979404,64103015089037,62447294880,0
/sensing/lidar/top/pointcloud_raw_ex,62447294880,1785838860251323806,64103020433544,62447294880,241464
/localization/pose_estimator/pose_with_covariance,62447294880,1785838860254011460,64103023121249,62447294880,0
/localization/kinematic_state,62497294880,1785838860296259152,64103065369143,62497294880,0
/control/command/control_cmd,62497294880,1785838860296480075,64103065589951,62497294880,80
/localization/kinematic_state,62547294881,1785838860346765908,64103115875874,62547294881,0
/control/command/control_cmd,62547294881,1785838860347253375,64103116363275,62547294881,80
/sensing/lidar/top/pointcloud_raw_ex,62547294881,1785838860351445107,64103120555087,62547294881,240440
/localization/pose_estimator/pose_with_covariance,62547294881,1785838860354038767,64103123148488,62547294881,0
/localization/kinematic_state,62597294882,1785838860396242079,64103165351863,62597294882,0
/control/command/control_cmd,62597294882,1785838860396857682,64103165967433,62597294882,80
/localization/kinematic_state,62647294883,1785838860445939107,64103215048936,62647294883,0
/control/command/control_cmd,62647294883,1785838860446423320,64103215533277,62647294883,80
/sensing/lidar/top/pointcloud_raw_ex,62647294883,1785838860452793313,64103221903400,62647294883,239288
/localization/pose_estimator/pose_with_covariance,62647294883,1785838860455450585,64103224560343,62647294883,0
/localization/kinematic_state,62697294883,1785838860496016566,64103265126320,62697294883,0
/control/command/control_cmd,62697294883,1785838860496032558,64103265142155,62697294883,80
/localization/kinematic_state,62747294884,1785838860545983526,64103315093599,62747294884,0
/control/command/control_cmd,62747294884,1785838860546899066,64103316008853,62747294884,80
/sensing/lidar/top/pointcloud_raw_ex,62747294884,1785838860552734597,64103321844341,62747294884,239256
/localization/pose_estimator/pose_with_covariance,62747294884,1785838860556045438,64103325155218,62747294884,0
/localization/kinematic_state,62797294885,1785838860596276967,64103365386947,62797294885,0
/control/command/control_cmd,62797294885,1785838860596284933,64103365394560,62797294885,80
/localization/kinematic_state,62847294886,1785838860645744382,64103414854192,62847294886,0
/control/command/control_cmd,62847294886,1785838860646490407,64103415600105,62847294886,80
/sensing/lidar/top/pointcloud_raw_ex,62847294886,1785838860651649220,64103420759242,62847294886,231768
/localization/pose_estimator/pose_with_covariance,62847294886,1785838860654397972,64103423507771,62847294886,0
/localization/kinematic_state,62897294886,1785838860696155979,64103465265835,62897294886,0
/control/command/control_cmd,62897294886,1785838860696165835,64103465275459,62897294886,80
/localization/kinematic_state,62947294887,1785838860745344918,64103514454692,62947294887,0
/control/command/control_cmd,62947294887,1785838860746034821,64103515144865,62947294887,80
/sensing/lidar/top/pointcloud_raw_ex,62947294887,1785838860751103360,64103520213667,62947294887,236600
/localization/pose_estimator/pose_with_covariance,62947294887,1785838860754666657,64103523776537,62947294887,0
/localization/kinematic_state,62997294888,1785838860795657147,64103564766862,62997294888,0
/control/command/control_cmd,62997294888,1785838860795821941,64103564931782,62997294888,80
/localization/kinematic_state,63047294889,1785838860845574776,64103614684601,63047294889,0
/control/command/control_cmd,63047294889,1785838860846722586,64103615832251,63047294889,80
/sensing/lidar/top/pointcloud_raw_ex,63047294889,1785838860851384140,64103620494133,63047294889,238584
/localization/pose_estimator/pose_with_covariance,63047294889,1785838860854039296,64103623148992,63047294889,0
/control/command/control_cmd,63097294889,1785838860895939198,64103665049009,63097294889,80
/localization/kinematic_state,63097294889,1785838860896211974,64103665321733,63097294889,0
/localization/kinematic_state,63147294890,1785838860946117147,64103715226993,63147294890,0
/control/command/control_cmd,63147294890,1785838860946521816,64103715631686,63147294890,80
/sensing/lidar/top/pointcloud_raw_ex,63147294890,1785838860952060863,64103721171147,63147294890,237848
/localization/pose_estimator/pose_with_covariance,63147294890,1785838860954606957,64103723716679,63147294890,0
/localization/kinematic_state,63197294891,1785838860996787452,64103765897659,63197294891,0
/control/command/control_cmd,63197294891,1785838860996803462,64103765913152,63197294891,80
/localization/kinematic_state,63247294892,1785838861046853848,64103815963811,63247294892,0
/control/command/control_cmd,63247294892,1785838861050328473,64103819438239,63247294892,80
/sensing/lidar/top/pointcloud_raw_ex,63247294892,1785838861051488283,64103820597949,63247294892,240024
/localization/pose_estimator/pose_with_covariance,63247294892,1785838861054442684,64103823552478,63247294892,0
/localization/kinematic_state,63297294892,1785838861095455290,64103864565043,63297294892,0
/control/command/control_cmd,63297294892,1785838861096091571,64103865201333,63297294892,80
/localization/kinematic_state,63347294893,1785838861145291039,64103914400786,63347294893,0
/control/command/control_cmd,63347294893,1785838861146677089,64103915786851,63347294893,80
/sensing/lidar/top/pointcloud_raw_ex,63347294893,1785838861151284526,64103920394351,63347294893,239032
/localization/pose_estimator/pose_with_covariance,63347294893,1785838861154248814,64103923358598,63347294893,0
/control/command/control_cmd,63397294894,1785838861196647773,64103965757601,63397294894,80
/localization/kinematic_state,63397294894,1785838861196719686,64103965829417,63397294894,0
/localization/kinematic_state,63447294895,1785838861245835421,64104014945291,63447294895,0
/control/command/control_cmd,63447294895,1785838861246287505,64104015397193,63447294895,80
/sensing/lidar/top/pointcloud_raw_ex,63447294895,1785838861252200868,64104021311036,63447294895,241240
/localization/pose_estimator/pose_with_covariance,63447294895,1785838861255001147,64104024110953,63447294895,0
/control/command/control_cmd,63497294895,1785838861296169382,64104065279312,63497294895,80
/localization/kinematic_state,63497294895,1785838861296358267,64104065467883,63497294895,0
/localization/kinematic_state,63547294896,1785838861345340855,64104114450820,63547294896,0
/control/command/control_cmd,63547294896,1785838861345538414,64104114648325,63547294896,80
/sensing/lidar/top/pointcloud_raw_ex,63547294896,1785838861351946460,64104121056743,63547294896,238680
/localization/pose_estimator/pose_with_covariance,63547294896,1785838861354652770,64104123762459,63547294896,0
/localization/kinematic_state,63597294897,1785838861395906804,64104165016642,63597294897,0
/control/command/control_cmd,63597294897,1785838861396756720,64104165866383,63597294897,80
/localization/kinematic_state,63647294898,1785838861445760759,64104214870485,63647294898,0
/control/command/control_cmd,63647294898,1785838861446327048,64104215436837,63647294898,80
/sensing/lidar/top/pointcloud_raw_ex,63647294898,1785838861451935572,64104221045475,63647294898,241400
/localization/pose_estimator/pose_with_covariance,63647294898,1785838861454500969,64104223610675,63647294898,0
/localization/kinematic_state,63697294898,1785838861496339559,64104265449309,63697294898,0
/control/command/control_cmd,63697294898,1785838861497336372,64104266446261,63697294898,80
/localization/kinematic_state,63747294899,1785838861545688873,64104314798697,63747294899,0
/control/command/control_cmd,63747294899,1785838861546643648,64104315753413,63747294899,80
/sensing/lidar/top/pointcloud_raw_ex,63747294899,1785838861551480741,64104320590596,63747294899,240312
/localization/pose_estimator/pose_with_covariance,63747294899,1785838861554147695,64104323257509,63747294899,0
/control/command/control_cmd,63797294900,1785838861596072446,64104365182373,63797294900,80
/localization/kinematic_state,63797294900,1785838861596638107,64104365747972,63797294900,0
/localization/kinematic_state,63847294901,1785838861645774316,64104414884078,63847294901,0
/control/command/control_cmd,63847294901,1785838861646011123,64104415120844,63847294901,80
/sensing/lidar/top/pointcloud_raw_ex,63847294901,1785838861651296210,64104420406441,63847294901,237144
/localization/pose_estimator/pose_with_covariance,63847294901,1785838861653846308,64104422956239,63847294901,0
/localization/kinematic_state,63897294901,1785838861695653874,64104464763725,63897294901,0
/control/command/control_cmd,63897294901,1785838861696026363,64104465136137,63897294901,80
/localization/kinematic_state,63947294902,1785838861745526547,64104514636318,63947294902,0
/control/command/control_cmd,63947294902,1785838861746444460,64104515554393,63947294902,80
/sensing/lidar/top/pointcloud_raw_ex,63947294902,1785838861751659826,64104520770055,63947294902,237688
/localization/pose_estimator/pose_with_covariance,63947294902,1785838861754724771,64104523834671,63947294902,0
/localization/kinematic_state,63997294903,1785838861795942398,64104565052301,63997294903,0
/control/command/control_cmd,63997294903,1785838861796788083,64104565898099,63997294903,80
/localization/kinematic_state,64047294904,1785838861845367638,64104614477434,64047294904,0
/control/command/control_cmd,64047294904,1785838861846306464,64104615416264,64047294904,80
/sensing/lidar/top/pointcloud_raw_ex,64047294904,1785838861852273550,64104621383356,64047294904,239000
/localization/pose_estimator/pose_with_covariance,64047294904,1785838861854827671,64104623937426,64047294904,0
/localization/kinematic_state,64097294904,1785838861895843930,64104664953721,64097294904,0
/control/command/control_cmd,64097294904,1785838861896428885,64104665538722,64097294904,80
/control/command/control_cmd,64147294905,1785838861947087317,64104716197558,64147294905,80
/localization/kinematic_state,64147294905,1785838861947118223,64104716227851,64147294905,0
/sensing/lidar/top/pointcloud_raw_ex,64147294905,1785838861952056028,64104721166040,64147294905,236376
/localization/pose_estimator/pose_with_covariance,64147294905,1785838861954522505,64104723632358,64147294905,0
/localization/kinematic_state,64197294906,1785838861995964814,64104765074592,64197294906,0
/control/command/control_cmd,64197294906,1785838861996103723,64104765213636,64197294906,80
/localization/kinematic_state,64247294907,1785838862045164705,64104814274481,64247294907,0
/control/command/control_cmd,64247294907,1785838862046258609,64104815368434,64247294907,80
/sensing/lidar/top/pointcloud_raw_ex,64247294907,1785838862051158110,64104820268696,64247294907,234776
/localization/pose_estimator/pose_with_covariance,64247294907,1785838862053883227,64104822993142,64247294907,0
/localization/kinematic_state,64297294907,1785838862095458251,64104864568220,64297294907,0
/control/command/control_cmd,64297294907,1785838862095739128,64104864849191,64297294907,80
/localization/kinematic_state,64347294908,1785838862145374213,64104914484064,64347294908,0
/control/command/control_cmd,64347294908,1785838862146045549,64104915155530,64347294908,80
/sensing/lidar/top/pointcloud_raw_ex,64347294908,1785838862151735768,64104920846001,64347294908,237016
/localization/pose_estimator/pose_with_covariance,64347294908,1785838862154373919,64104923483801,64347294908,0
/control/command/control_cmd,64397294909,1785838862196202917,64104965313435,64397294909,80
/localization/kinematic_state,64397294909,1785838862196240363,64104965350012,64397294909,0
/localization/kinematic_state,64447294910,1785838862245990329,64105015100420,64447294910,0
/control/command/control_cmd,64447294910,1785838862246292073,64105015402027,64447294910,80
/sensing/lidar/top/pointcloud_raw_ex,64447294910,1785838862251428502,64105020538783,64447294910,237336
/localization/pose_estimator/pose_with_covariance,64447294910,1785838862254078550,64105023188518,64447294910,0
/localization/kinematic_state,64497294910,1785838862295641524,64105064751269,64497294910,0
/control/command/control_cmd,64497294910,1785838862296020949,64105065130834,64497294910,80
/localization/kinematic_state,64547294911,1785838862346075455,64105115185416,64547294911,0
/control/command/control_cmd,64547294911,1785838862346448208,64105115558156,64547294911,80
/sensing/lidar/top/pointcloud_raw_ex,64547294911,1785838862351518647,64105120628465,64547294911,239256
/localization/pose_estimator/pose_with_covariance,64547294911,1785838862354303497,64105123413276,64547294911,0
/control/command/control_cmd,64597294912,1785838862396241867,64105165351619,64597294912,80
/localization/kinematic_state,64597294912,1785838862397187726,64105166297458,64597294912,0
/localization/kinematic_state,64647294913,1785838862445701885,64105214811627,64647294913,0
/control/command/control_cmd,64647294913,1785838862446217152,64105215326932,64647294913,80
/sensing/lidar/top/pointcloud_raw_ex,64647294913,1785838862451098390,64105220208387,64647294913,236792
/localization/pose_estimator/pose_with_covariance,64647294913,1785838862453789344,64105222899278,64647294913,0
/localization/kinematic_state,64697294913,1785838862495890097,64105264999869,64697294913,0
/control/command/control_cmd,64697294913,1785838862496163219,64105265273134,64697294913,80
/localization/kinematic_state,64747294914,1785838862547946696,64105317056534,64747294914,0
/control/command/control_cmd,64747294914,1785838862547955837,64105317065425,64747294914,80
/sensing/lidar/top/pointcloud_raw_ex,64747294914,1785838862551422110,64105320531999,64747294914,236952
/localization/pose_estimator/pose_with_covariance,64747294914,1785838862554091294,64105323201184,64747294914,0
/localization/kinematic_state,64797294915,1785838862596010923,64105365120806,64797294915,0
/control/command/control_cmd,64797294915,1785838862597177192,64105366287017,64797294915,80
/control/command/control_cmd,64847294915,1785838862646388161,64105415498292,64847294915,80
/localization/kinematic_state,64847294915,1785838862647647524,64105416757277,64847294915,0
/sensing/lidar/top/pointcloud_raw_ex,64847294915,1785838862651419963,64105420529751,64847294915,235352
/localization/pose_estimator/pose_with_covariance,64847294915,1785838862654666623,64105423776384,64847294915,0
/localization/kinematic_state,64897294916,1785838862695945767,64105465055680,64897294916,0
/control/command/control_cmd,64897294916,1785838862696359841,64105465469764,64897294916,80
/localization/kinematic_state,64947294917,1785838862745531302,64105514641233,64947294917,0
/control/command/control_cmd,64947294917,1785838862746301716,64105515411528,64947294917,80
/sensing/lidar/top/pointcloud_raw_ex,64947294917,1785838862752010082,64105521120141,64947294917,239288
/localization/pose_estimator/pose_with_covariance,64947294917,1785838862755333729,64105524443615,64947294917,0
/localization/kinematic_state,64997294918,1785838862796115285,64105565225040,64997294918,0
/control/command/control_cmd,64997294918,1785838862796126853,64105565236479,64997294918,80
/localization/kinematic_state,65047294918,1785838862846292562,64105615402397,65047294918,0
/control/command/control_cmd,65047294918,1785838862846632743,64105615742637,65047294918,80
/sensing/lidar/top/pointcloud_raw_ex,65047294918,1785838862851578829,64105620688994,65047294918,236152
/localization/pose_estimator/pose_with_covariance,65047294918,1785838862854605288,64105623715126,65047294918,0
/control/command/control_cmd,65097294919,1785838862895984968,64105665095372,65097294919,80
/localization/kinematic_state,65097294919,1785838862896028799,64105665138415,65097294919,0
/localization/kinematic_state,65147294920,1785838862945522190,64105714632267,65147294920,0
/control/command/control_cmd,65147294920,1785838862945948345,64105715058409,65147294920,80
/sensing/lidar/top/pointcloud_raw_ex,65147294920,1785838862951505898,64105720616124,65147294920,237048
/localization/pose_estimator/pose_with_covariance,65147294920,1785838862954116297,64105723226194,65147294920,0
/localization/kinematic_state,65197294921,1785838862995843639,64105764953628,65197294921,0
/control/command/control_cmd,65197294921,1785838862996521799,64105765631654,65197294921,80
/localization/kinematic_state,65247294921,1785838863045805525,64105814915533,65247294921,0
/control/command/control_cmd,65247294921,1785838863046254617,64105815364412,65247294921,80
/sensing/lidar/top/pointcloud_raw_ex,65247294921,1785838863051224313,64105820334471,65247294921,237240
/localization/pose_estimator/pose_with_covariance,65247294921,1785838863053863093,64105822972911,65247294921,0
/localization/kinematic_state,65297294922,1785838863095779085,64105864888908,65297294922,0
/control/command/control_cmd,65297294922,1785838863095850768,64105864960720,65297294922,80
/localization/kinematic_state,65347294923,1785838863145411862,64105914521601,65347294923,0
/control/command/control_cmd,65347294923,1785838863146820286,64105915930202,65347294923,80
/sensing/lidar/top/pointcloud_raw_ex,65347294923,1785838863152883813,64105921993878,65347294923,236696
/localization/pose_estimator/pose_with_covariance,65347294923,1785838863155800178,64105924909982,65347294923,0
/control/command/control_cmd,65397294924,1785838863196023894,64105965133823,65397294924,80
/localization/kinematic_state,65397294924,1785838863196451840,64105965561601,65397294924,0
/localization/kinematic_state,65447294924,1785838863245720842,64106014830597,65447294924,0
/control/command/control_cmd,65447294924,1785838863246089373,64106015199314,65447294924,80
/sensing/lidar/top/pointcloud_raw_ex,65447294924,1785838863252110003,64106021219830,65447294924,234904
/localization/pose_estimator/pose_with_covariance,65447294924,1785838863254795611,64106023905456,65447294924,0
/localization/kinematic_state,65497294925,1785838863295771930,64106064881672,65497294925,0
/control/command/control_cmd,65497294925,1785838863296138918,64106065248847,65497294925,80
/localization/kinematic_state,65547294926,1785838863345512571,64106114622390,65547294926,0
/control/command/control_cmd,65547294926,1785838863345699250,64106114809188,65547294926,80
/sensing/lidar/top/pointcloud_raw_ex,65547294926,1785838863351604785,64106120714942,65547294926,235192
/localization/pose_estimator/pose_with_covariance,65547294926,1785838863354041080,64106123151013,65547294926,0
/localization/kinematic_state,65597294927,1785838863395826796,64106164936574,65597294927,0
/control/command/control_cmd,65597294927,1785838863396825074,64106165934932,65597294927,80
/localization/kinematic_state,65647294927,1785838863446009416,64106215119222,65647294927,0
/control/command/control_cmd,65647294927,1785838863446837952,64106215947631,65647294927,80
/sensing/lidar/top/pointcloud_raw_ex,65647294927,1785838863452427667,64106221537483,65647294927,238200
/localization/pose_estimator/pose_with_covariance,65647294927,1785838863454988599,64106224098333,65647294927,0
/localization/kinematic_state,65697294928,1785838863496589977,64106265699856,65697294928,0
/control/command/control_cmd,65697294928,1785838863496599296,64106265708904,65697294928,80
/localization/kinematic_state,65747294929,1785838863545452138,64106314562080,65747294929,0
/control/command/control_cmd,65747294929,1785838863546250778,64106315360684,65747294929,80
/sensing/lidar/top/pointcloud_raw_ex,65747294929,1785838863551127227,64106320237500,65747294929,236248
/localization/pose_estimator/pose_with_covariance,65747294929,1785838863554037517,64106323147325,65747294929,0
/localization/kinematic_state,65797294930,1785838863596520271,64106365630132,65797294930,0
/control/command/control_cmd,65797294930,1785838863596529969,64106365639573,65797294930,80
/localization/kinematic_state,65847294930,1785838863645950576,64106415060423,65847294930,0
/control/command/control_cmd,65847294930,1785838863646267485,64106415377367,65847294930,80
/sensing/lidar/top/pointcloud_raw_ex,65847294930,1785838863651441431,64106420551667,65847294930,237400
/localization/pose_estimator/pose_with_covariance,65847294930,1785838863654234579,64106423344485,65847294930,0
/localization/kinematic_state,65897294931,1785838863695966640,64106465076562,65897294931,0
/control/command/control_cmd,65897294931,1785838863696433415,64106465543141,65897294931,80
/localization/kinematic_state,65947294932,1785838863746114303,64106515224070,65947294932,0
/control/command/control_cmd,65947294932,1785838863747922348,64106517032120,65947294932,80
/sensing/lidar/top/pointcloud_raw_ex,65947294932,1785838863751848271,64106520958210,65947294932,242456
/localization/pose_estimator/pose_with_covariance,65947294932,1785838863756181859,64106525291888,65947294932,0
/localization/kinematic_state,65997294933,1785838863795886168,64106564995861,65997294933,0
/control/command/control_cmd,65997294933,1785838863796301729,64106565411640,65997294933,80
/localization/kinematic_state,66047294933,1785838863845471610,64106614581369,66047294933,0
/control/command/control_cmd,66047294933,1785838863846121517,64106615231500,66047294933,80
/sensing/lidar/top/pointcloud_raw_ex,66047294933,1785838863851880290,64106620990393,66047294933,238200
/localization/pose_estimator/pose_with_covariance,66047294933,1785838863854662617,64106623772337,66047294933,0
/localization/kinematic_state,66097294934,1785838863895733788,64106664843538,66097294934,0
/control/command/control_cmd,66097294934,1785838863896280554,64106665390484,66097294934,80
/localization/kinematic_state,66147294935,1785838863945727639,64106714837702,66147294935,0
/control/command/control_cmd,66147294935,1785838863946295411,64106715405289,66147294935,80
/sensing/lidar/top/pointcloud_raw_ex,66147294935,1785838863951759246,64106720869503,66147294935,236696
/localization/pose_estimator/pose_with_covariance,66147294935,1785838863954741770,64106723851726,66147294935,0
/localization/kinematic_state,66197294936,1785838863996840248,64106765950235,66197294936,0
/control/command/control_cmd,66197294936,1785838863999495856,64106768605979,66197294936,80
/control/command/control_cmd,66247294936,1785838864045943608,64106815053834,66247294936,80
/localization/kinematic_state,66247294936,1785838864046074424,64106815184090,66247294936,0
/sensing/lidar/top/pointcloud_raw_ex,66247294936,1785838864052492744,64106821602933,66247294936,236280
/localization/pose_estimator/pose_with_covariance,66247294936,1785838864055112776,64106824222674,66247294936,0
/localization/kinematic_state,66297294937,1785838864095775580,64106864885393,66297294937,0
/control/command/control_cmd,66297294937,1785838864096297029,64106865406698,66297294937,80
/control/command/control_cmd,66347294938,1785838864145791255,64106914901374,66347294938,80
/localization/kinematic_state,66347294938,1785838864145830502,64106914940129,66347294938,0
/sensing/lidar/top/pointcloud_raw_ex,66347294938,1785838864151069987,64106920180182,66347294938,234008
/localization/pose_estimator/pose_with_covariance,66347294938,1785838864153798162,64106922907927,66347294938,0
/localization/kinematic_state,66397294939,1785838864196112829,64106965222673,66397294939,0
/control/command/control_cmd,66397294939,1785838864196218234,64106965328040,66397294939,80
/control/command/control_cmd,66447294939,1785838864245768296,64107014878109,66447294939,80
/localization/kinematic_state,66447294939,1785838864245927635,64107015037312,66447294939,0
/sensing/lidar/top/pointcloud_raw_ex,66447294939,1785838864251414521,64107020524693,66447294939,232760
/localization/pose_estimator/pose_with_covariance,66447294939,1785838864254591093,64107023700818,66447294939,0
/localization/kinematic_state,66497294940,1785838864295759124,64107064868994,66497294940,0
/control/command/control_cmd,66497294940,1785838864296233374,64107065343123,66497294940,80
/localization/kinematic_state,66547294941,1785838864345383273,64107114493113,66547294941,0
/control/command/control_cmd,66547294941,1785838864345741300,64107114851241,66547294941,80
/sensing/lidar/top/pointcloud_raw_ex,66547294941,1785838864351154248,64107120264384,66547294941,234040
/localization/pose_estimator/pose_with_covariance,66547294941,1785838864354040085,64107123149883,66547294941,0
/localization/kinematic_state,66597294942,1785838864396654228,64107165764401,66597294942,0
/control/command/control_cmd,66597294942,1785838864396669884,64107165779673,66597294942,80
/localization/kinematic_state,66647294942,1785838864445359057,64107214469026,66647294942,0
/control/command/control_cmd,66647294942,1785838864445525432,64107214635395,66647294942,80
/sensing/lidar/top/pointcloud_raw_ex,66647294942,1785838864451205884,64107220315847,66647294942,235512
/localization/pose_estimator/pose_with_covariance,66647294942,1785838864454818633,64107223928336,66647294942,0
/localization/kinematic_state,66697294943,1785838864495837432,64107264947244,66697294943,0
/control/command/control_cmd,66697294943,1785838864496058647,64107265168471,66697294943,80
/localization/kinematic_state,66747294944,1785838864545637837,64107314747577,66747294944,0
/control/command/control_cmd,66747294944,1785838864546608861,64107315718696,66747294944,80
/sensing/lidar/top/pointcloud_raw_ex,66747294944,1785838864551511466,64107320621680,66747294944,238072
/localization/pose_estimator/pose_with_covariance,66747294944,1785838864554546201,64107323656100,66747294944,0
/localization/kinematic_state,66797294945,1785838864596016432,64107365126243,66797294945,0
/control/command/control_cmd,66797294945,1785838864596364008,64107365473776,66797294945,80
/localization/kinematic_state,66847294945,1785838864645940636,64107415050386,66847294945,0
/control/command/control_cmd,66847294945,1785838864645948418,64107415057999,66847294945,80
/sensing/lidar/top/pointcloud_raw_ex,66847294945,1785838864653093049,64107422203016,66847294945,235064
/localization/pose_estimator/pose_with_covariance,66847294945,1785838864655769803,64107424879679,66847294945,0
/control/command/control_cmd,66897294946,1785838864695747810,64107464857664,66897294946,80
/localization/kinematic_state,66897294946,1785838864695952776,64107465062478,66897294946,0
/localization/kinematic_state,66947294947,1785838864745373392,64107514483214,66947294947,0
/control/command/control_cmd,66947294947,1785838864745863263,64107514973213,66947294947,80
/sensing/lidar/top/pointcloud_raw_ex,66947294947,1785838864751434364,64107520544538,66947294947,234936
/localization/pose_estimator/pose_with_covariance,66947294947,1785838864754395485,64107523505368,66947294947,0
/control/command/control_cmd,66997294948,1785838864795752179,64107564862101,66997294948,80
/localization/kinematic_state,66997294948,1785838864795879785,64107564989609,66997294948,0
/localization/kinematic_state,67047294948,1785838864845454260,64107614564246,67047294948,0
/control/command/control_cmd,67047294948,1785838864845711455,64107614821232,67047294948,80
/sensing/lidar/top/pointcloud_raw_ex,67047294948,1785838864851022491,64107620132627,67047294948,237368
/localization/pose_estimator/pose_with_covariance,67047294948,1785838864854161265,64107623271023,67047294948,0
/localization/kinematic_state,67097294949,1785838864895730770,64107664840519,67097294949,0
/control/command/control_cmd,67097294949,1785838864896106652,64107665216522,67097294949,80
/localization/kinematic_state,67147294950,1785838864946074879,64107715184828,67147294950,0
/control/command/control_cmd,67147294950,1785838864946255418,64107715365296,67147294950,80
/sensing/lidar/top/pointcloud_raw_ex,67147294950,1785838864951983549,64107721093951,67147294950,234616
/localization/pose_estimator/pose_with_covariance,67147294950,1785838864955159718,64107724269950,67147294950,0
/localization/kinematic_state,67197294951,1785838864995624351,64107764734074,67197294951,0
/control/command/control_cmd,67197294951,1785838864996158930,64107765268882,67197294951,80
/localization/kinematic_state,67247294951,1785838865045415379,64107814525245,67247294951,0
/control/command/control_cmd,67247294951,1785838865045664376,64107814774287,67247294951,80
/sensing/lidar/top/pointcloud_raw_ex,67247294951,1785838865051624475,64107820734614,67247294951,234328
/localization/pose_estimator/pose_with_covariance,67247294951,1785838865054602459,64107823712469,67247294951,0
/localization/kinematic_state,67297294952,1785838865095446548,64107864556297,67297294952,0
/control/command/control_cmd,67297294952,1785838865095500985,64107864610616,67297294952,80
/localization/kinematic_state,67347294953,1785838865145267766,64107914377651,67347294953,0
/control/command/control_cmd,67347294953,1785838865145783490,64107914893356,67347294953,80
/sensing/lidar/top/pointcloud_raw_ex,67347294953,1785838865151089893,64107920199865,67347294953,236792
/localization/pose_estimator/pose_with_covariance,67347294953,1785838865153663959,64107922773738,67347294953,0
/localization/kinematic_state,67397294953,1785838865195880066,64107964989811,67397294953,0
/control/command/control_cmd,67397294953,1785838865195967025,64107965077023,67397294953,80
/localization/kinematic_state,67447294954,1785838865245343162,64108014453104,67447294954,0
/control/command/control_cmd,67447294954,1785838865245352343,64108014461950,67447294954,80
/sensing/lidar/top/pointcloud_raw_ex,67447294954,1785838865251004170,64108020114719,67447294954,236184
/localization/pose_estimator/pose_with_covariance,67447294954,1785838865253804421,64108022914196,67447294954,0
/control/command/control_cmd,67497294955,1785838865296693557,64108065803454,67497294955,80
/localization/kinematic_state,67497294955,1785838865296757241,64108065867126,67497294955,0
/localization/kinematic_state,67547294956,1785838865345939499,64108115049453,67547294956,0
/control/command/control_cmd,67547294956,1785838865346413515,64108115523456,67547294956,80
/sensing/lidar/top/pointcloud_raw_ex,67547294956,1785838865351696342,64108120806351,67547294956,238200
/localization/pose_estimator/pose_with_covariance,67547294956,1785838865354679751,64108123789551,67547294956,0
/localization/kinematic_state,67597294956,1785838865396720713,64108165830577,67597294956,0
/control/command/control_cmd,67597294956,1785838865397135082,64108166244949,67597294956,80
/localization/kinematic_state,67647294957,1785838865446990403,64108216100675,67647294957,0
/control/command/control_cmd,67647294957,1785838865447007826,64108216117427,67647294957,80
/sensing/lidar/top/pointcloud_raw_ex,67647294957,1785838865451250377,64108220360134,67647294957,235256
/localization/pose_estimator/pose_with_covariance,67647294957,1785838865454034270,64108223143991,67647294957,0
/localization/kinematic_state,67697294958,1785838865495827568,64108264937279,67697294958,0
/control/command/control_cmd,67697294958,1785838865496285456,64108265395304,67697294958,80
/localization/kinematic_state,67747294959,1785838865545595289,64108314705161,67747294959,0
/control/command/control_cmd,67747294959,1785838865546559263,64108315669007,67747294959,80
/sensing/lidar/top/pointcloud_raw_ex,67747294959,1785838865551355808,64108320465764,67747294959,233656
/localization/pose_estimator/pose_with_covariance,67747294959,1785838865554185031,64108323294882,67747294959,0
/localization/kinematic_state,67797294959,1785838865595880567,64108364990344,67797294959,0
/control/command/control_cmd,67797294959,1785838865597166336,64108366276231,67797294959,80
/localization/kinematic_state,67847294960,1785838865645438665,64108414548681,67847294960,0
/control/command/control_cmd,67847294960,1785838865645670098,64108414779973,67847294960,80
/sensing/lidar/top/pointcloud_raw_ex,67847294960,1785838865651856346,64108420966666,67847294960,236888
/localization/pose_estimator/pose_with_covariance,67847294960,1785838865654961909,64108424071605,67847294960,0
/localization/kinematic_state,67897294961,1785838865696671551,64108465781733,67897294961,0
/control/command/control_cmd,67897294961,1785838865696687959,64108465797657,67897294961,80
/localization/kinematic_state,67947294962,1785838865745176641,64108514286494,67947294962,0
/control/command/control_cmd,67947294962,1785838865745969710,64108515079505,67947294962,80
/sensing/lidar/top/pointcloud_raw_ex,67947294962,1785838865751481376,64108520591599,67947294962,240120
/localization/pose_estimator/pose_with_covariance,67947294962,1785838865754540388,64108523650161,67947294962,0
/localization/kinematic_state,67997294962,1785838865795862697,64108564972457,67997294962,0
/control/command/control_cmd,67997294962,1785838865796508585,64108565618538,67997294962,80
/localization/kinematic_state,68047294963,1785838865845399000,64108614508864,68047294963,0
/control/command/control_cmd,68047294963,1785838865847058264,64108616168128,68047294963,80
/sensing/lidar/top/pointcloud_raw_ex,68047294963,1785838865850965269,64108620075184,68047294963,234072
/localization/pose_estimator/pose_with_covariance,68047294963,1785838865853851633,64108622961404,68047294963,0
/control/command/control_cmd,68097294964,1785838865897178087,64108666287950,68097294964,80
/localization/kinematic_state,68097294964,1785838865897204003,64108666313630,68097294964,0
/localization/kinematic_state,68147294965,1785838865946190819,64108715300589,68147294965,0
/control/command/control_cmd,68147294965,1785838865949923894,64108719033927,68147294965,80
/sensing/lidar/top/pointcloud_raw_ex,68147294965,1785838865951634961,64108720744960,68147294965,235864
/localization/pose_estimator/pose_with_covariance,68147294965,1785838865954758396,64108723868245,68147294965,0
/localization/kinematic_state,68197294965,1785838865995924889,64108765034660,68197294965,0
/control/command/control_cmd,68197294965,1785838865996461541,64108765571501,68197294965,80
/localization/kinematic_state,68247294966,1785838866046986882,64108816097093,68247294966,0
/control/command/control_cmd,68247294966,1785838866047001676,64108816111321,68247294966,80
/sensing/lidar/top/pointcloud_raw_ex,68247294966,1785838866051318893,64108820428846,68247294966,234168
/localization/pose_estimator/pose_with_covariance,68247294966,1785838866054141446,64108823251221,68247294966,0
/localization/kinematic_state,68297294967,1785838866096260327,64108865370348,68297294967,0
/control/command/control_cmd,68297294967,1785838866096271514,64108865381119,68297294967,80
/localization/kinematic_state,68347294968,1785838866145453008,64108914562844,68347294968,0
/control/command/control_cmd,68347294968,1785838866145793211,64108914903057,68347294968,80
/sensing/lidar/top/pointcloud_raw_ex,68347294968,1785838866151410701,64108920520584,68347294968,233656
/localization/pose_estimator/pose_with_covariance,68347294968,1785838866154800118,64108923909970,68347294968,0
/localization/kinematic_state,68397294968,1785838866196714253,64108965824287,68397294968,0
/control/command/control_cmd,68397294968,1785838866196723896,64108965833515,68397294968,80
/localization/kinematic_state,68447294969,1785838866245915423,64109015025363,68447294969,0
/control/command/control_cmd,68447294969,1785838866246918655,64109016028398,68447294969,80
/sensing/lidar/top/pointcloud_raw_ex,68447294969,1785838866250646277,64109019756287,68447294969,232184
/localization/pose_estimator/pose_with_covariance,68447294969,1785838866253871403,64109022981183,68447294969,0
/localization/kinematic_state,68497294970,1785838866295774342,64109064884132,68497294970,0
/control/command/control_cmd,68497294970,1785838866296378235,64109065488122,68497294970,80
/localization/kinematic_state,68547294971,1785838866345517889,64109114627660,68547294971,0
/control/command/control_cmd,68547294971,1785838866345806733,64109114916553,68547294971,80
/sensing/lidar/top/pointcloud_raw_ex,68547294971,1785838866351000715,64109120110848,68547294971,237304
/localization/pose_estimator/pose_with_covariance,68547294971,1785838866355093848,64109124203627,68547294971,0
/localization/kinematic_state,68597294971,1785838866396031358,64109165141202,68597294971,0
/control/command/control_cmd,68597294971,1785838866396982947,64109166092746,68597294971,80
/localization/kinematic_state,68647294972,1785838866445625242,64109214735047,68647294972,0
/control/command/control_cmd,68647294972,1785838866446040493,64109215150272,68647294972,80
/sensing/lidar/top/pointcloud_raw_ex,68647294972,1785838866451965449,64109221075270,68647294972,236152
/localization/pose_estimator/pose_with_covariance,68647294972,1785838866454965605,64109224075432,68647294972,0
/localization/kinematic_state,68697294973,1785838866495701884,64109264811751,68697294973,0
/control/command/control_cmd,68697294973,1785838866496084346,64109265194070,68697294973,80
/localization/kinematic_state,68747294974,1785838866545342434,64109314452308,68747294974,0
/control/command/control_cmd,68747294974,1785838866546231619,64109315341569,68747294974,80
/sensing/lidar/top/pointcloud_raw_ex,68747294974,1785838866550816194,64109319926101,68747294974,232472
/localization/pose_estimator/pose_with_covariance,68747294974,1785838866553696931,64109322806800,68747294974,0
/localization/kinematic_state,68797294974,1785838866595974116,64109365083951,68797294974,0
/control/command/control_cmd,68797294974,1785838866596295655,64109365405503,68797294974,80
/localization/kinematic_state,68847294975,1785838866645754821,64109414864594,68847294975,0
/control/command/control_cmd,68847294975,1785838866645822822,64109414932474,68847294975,80
/sensing/lidar/top/pointcloud_raw_ex,68847294975,1785838866651942460,64109421052960,68847294975,234040
/localization/pose_estimator/pose_with_covariance,68847294975,1785838866654938475,64109424048354,68847294975,0
/control/command/control_cmd,68897294976,1785838866695480708,64109464590963,68897294976,80
/localization/kinematic_state,68897294976,1785838866696350152,64109465459882,68897294976,0
/localization/kinematic_state,68947294977,1785838866745963476,64109515073364,68947294977,0
/control/command/control_cmd,68947294977,1785838866746440471,64109515550204,68947294977,80
/sensing/lidar/top/pointcloud_raw_ex,68947294977,1785838866751184695,64109520294898,68947294977,233720
/localization/pose_estimator/pose_with_covariance,68947294977,1785838866754709800,64109523819715,68947294977,0
/localization/kinematic_state,68997294977,1785838866795676532,64109564786239,68997294977,0
/control/command/control_cmd,68997294977,1785838866795991185,64109565101052,68997294977,80
/localization/kinematic_state,69047294978,1785838866846139091,64109615249040,69047294978,0
/control/command/control_cmd,69047294978,1785838866846273686,64109615383289,69047294978,80
/sensing/lidar/top/pointcloud_raw_ex,69047294978,1785838866852715158,64109621825015,69047294978,236600
/localization/pose_estimator/pose_with_covariance,69047294978,1785838866855663116,64109624773021,69047294978,0
/localization/kinematic_state,69097294979,1785838866896014060,64109665123939,69097294979,0
/control/command/control_cmd,69097294979,1785838866896029577,64109665139196,69097294979,80
/localization/kinematic_state,69147294980,1785838866945756911,64109714867131,69147294980,0
/control/command/control_cmd,69147294980,1785838866946742306,64109715852147,69147294980,80
/sensing/lidar/top/pointcloud_raw_ex,69147294980,1785838866951865863,64109720975840,69147294980,237944
/localization/pose_estimator/pose_with_covariance,69147294980,1785838866955978374,64109725088249,69147294980,0
/localization/kinematic_state,69197294980,1785838866995572708,64109764682426,69197294980,0
/control/command/control_cmd,69197294980,1785838866995905441,64109765015104,69197294980,80
/localization/kinematic_state,69247294981,1785838867045976501,64109815086418,69247294981,0
/control/command/control_cmd,69247294981,1785838867046904072,64109816013886,69247294981,80
/sensing/lidar/top/pointcloud_raw_ex,69247294981,1785838867052781584,64109821891945,69247294981,238872
/localization/pose_estimator/pose_with_covariance,69247294981,1785838867055936359,64109825046158,69247294981,0
/control/command/control_cmd,69297294982,1785838867095714440,64109864824308,69297294982,80
/localization/kinematic_state,69297294982,1785838867096822655,64109865932475,69297294982,0
/localization/kinematic_state,69347294983,1785838867146017422,64109915127284,69347294983,0
/control/command/control_cmd,69347294983,1785838867146028208,64109915137828,69347294983,80
/sensing/lidar/top/pointcloud_raw_ex,69347294983,1785838867151130621,64109920240716,69347294983,237528
/localization/pose_estimator/pose_with_covariance,69347294983,1785838867154592742,64109923702503,69347294983,0
/control/command/control_cmd,69397294983,1785838867196163260,64109965273059,69397294983,80
/localization/kinematic_state,69397294983,1785838867196200020,64109965309647,69397294983,0
/localization/kinematic_state,69447294984,1785838867245713402,64110014823243,69447294984,0
/control/command/control_cmd,69447294984,1785838867246339383,64110015449224,69447294984,80
/sensing/lidar/top/pointcloud_raw_ex,69447294984,1785838867251902850,64110021012822,69447294984,238808
/localization/pose_estimator/pose_with_covariance,69447294984,1785838867254870415,64110023980107,69447294984,0
/localization/kinematic_state,69497294985,1785838867296241337,64110065351048,69497294985,0
/control/command/control_cmd,69497294985,1785838867296249179,64110065358780,69497294985,80
/localization/kinematic_state,69547294986,1785838867345926610,64110115036546,69547294986,0
/control/command/control_cmd,69547294986,1785838867346338598,64110115448497,69547294986,80
/sensing/lidar/top/pointcloud_raw_ex,69547294986,1785838867351758710,64110120868669,69547294986,232664
/localization/pose_estimator/pose_with_covariance,69547294986,1785838867354544662,64110123654446,69547294986,0
/localization/kinematic_state,69597294986,1785838867397298893,64110166408680,69597294986,0
/control/command/control_cmd,69597294986,1785838867397315022,64110166424671,69597294986,80
/control/command/control_cmd,69647294987,1785838867446417427,64110215527427,69647294987,80
/localization/kinematic_state,69647294987,1785838867446569851,64110215679474,69647294987,0
/sensing/lidar/top/pointcloud_raw_ex,69647294987,1785838867451163439,64110220273281,69647294987,234456
/localization/pose_estimator/pose_with_covariance,69647294987,1785838867454000954,64110223110701,69647294987,0
/control/command/control_cmd,69697294988,1785838867496103096,64110265213362,69697294988,80
/localization/kinematic_state,69697294988,1785838867496296132,64110265405917,69697294988,0
/localization/kinematic_state,69747294988,1785838867546157165,64110315267231,69747294988,0
/control/command/control_cmd,69747294988,1785838867547063303,64110316172949,69747294988,80
/sensing/lidar/top/pointcloud_raw_ex,69747294988,1785838867552164347,64110321274241,69747294988,232440
/localization/pose_estimator/pose_with_covariance,69747294988,1785838867555384256,64110324494072,69747294988,0
/control/command/control_cmd,69797294989,1785838867595624163,64110364734087,69797294989,80
/localization/kinematic_state,69797294989,1785838867596113303,64110365222973,69797294989,0
/localization/kinematic_state,69847294990,1785838867645993578,64110415103696,69847294990,0
/control/command/control_cmd,69847294990,1785838867646224067,64110415333722,69847294990,80
/sensing/lidar/top/pointcloud_raw_ex,69847294990,1785838867650958791,64110420068892,69847294990,235832
/localization/pose_estimator/pose_with_covariance,69847294990,1785838867654087688,64110423197388,69847294990,0
/localization/kinematic_state,69897294991,1785838867696202712,64110465312521,69897294991,0
/control/command/control_cmd,69897294991,1785838867696210983,64110465320602,69897294991,80
/localization/kinematic_state,69947294991,1785838867746099860,64110515210236,69947294991,0
/control/command/control_cmd,69947294991,1785838867746234895,64110515344861,69947294991,80
/sensing/lidar/top/pointcloud_raw_ex,69947294991,1785838867750856989,64110519967658,69947294991,233752
/localization/pose_estimator/pose_with_covariance,69947294991,1785838867753995364,64110523105203,69947294991,0
/localization/kinematic_state,69997294992,1785838867795437187,64110564547035,69997294992,0
/control/command/control_cmd,69997294992,1785838867795828886,64110564938505,69997294992,80
/localization/kinematic_state,70047294993,1785838867845318285,64110614428148,70047294993,0
/control/command/control_cmd,70047294993,1785838867845692344,64110614802129,70047294993,80
/sensing/lidar/top/pointcloud_raw_ex,70047294993,1785838867850687232,64110619797346,70047294993,234488
/localization/pose_estimator/pose_with_covariance,70047294993,1785838867853773282,64110622883096,70047294993,0
/control/command/control_cmd,70097294994,1785838867896474921,64110665585183,70097294994,80
/localization/kinematic_state,70097294994,1785838867896506992,64110665616619,70097294994,0
/localization/kinematic_state,70147294994,1785838867945798696,64110714908493,70147294994,0
/control/command/control_cmd,70147294994,1785838867946768885,64110715878753,70147294994,80
/sensing/lidar/top/pointcloud_raw_ex,70147294994,1785838867951095152,64110720205100,70147294994,233848
/localization/pose_estimator/pose_with_covariance,70147294994,1785838867954750347,64110723860279,70147294994,0
/localization/kinematic_state,70197294995,1785838867996063581,64110765173346,70197294995,0
/control/command/control_cmd,70197294995,1785838867996455745,64110765565435,70197294995,80
/control/command/control_cmd,70247294996,1785838868046297781,64110815407964,70247294996,80
/localization/kinematic_state,70247294996,1785838868046543852,64110815653675,70247294996,0
/sensing/lidar/top/pointcloud_raw_ex,70247294996,1785838868051536974,64110820647228,70247294996,233688
/localization/pose_estimator/pose_with_covariance,70247294996,1785838868054715397,64110823825479,70247294996,0
/localization/kinematic_state,70297294997,1785838868095441515,64110864551526,70297294997,0
/control/command/control_cmd,70297294997,1785838868095689060,64110864798983,70297294997,80
/localization/kinematic_state,70347294997,1785838868145365893,64110914475744,70347294997,0
/control/command/control_cmd,70347294997,1785838868146682778,64110915792527,70347294997,80
/sensing/lidar/top/pointcloud_raw_ex,70347294997,1785838868150876560,64110919986400,70347294997,236952
/localization/pose_estimator/pose_with_covariance,70347294997,1785838868154024146,64110923133948,70347294997,0
/localization/kinematic_state,70397294998,1785838868195791839,64110964901696,70397294998,0
/control/command/control_cmd,70397294998,1785838868196765323,64110965875151,70397294998,80
/localization/kinematic_state,70447294999,1785838868245215974,64111014326026,70447294999,0
/control/command/control_cmd,70447294999,1785838868246761423,64111015871339,70447294999,80
/sensing/lidar/top/pointcloud_raw_ex,70447294999,1785838868251193229,64111020303254,70447294999,234328
/localization/pose_estimator/pose_with_covariance,70447294999,1785838868254194900,64111023304659,70447294999,0
/localization/kinematic_state,70497295000,1785838868296058048,64111065167914,70497295000,0
/control/command/control_cmd,70497295000,1785838868296220536,64111065330347,70497295000,80
/control/command/control_cmd,70547295000,1785838868345820680,64111114930558,70547295000,80
/localization/kinematic_state,70547295000,1785838868346007291,64111115116964,70547295000,0
/sensing/lidar/top/pointcloud_raw_ex,70547295000,1785838868350728226,64111119838064,70547295000,231288
/localization/pose_estimator/pose_with_covariance,70547295000,1785838868353670169,64111122779925,70547295000,0
/control/command/control_cmd,70597295001,1785838868395798553,64111164908438,70597295001,80
/localization/kinematic_state,70597295001,1785838868396586958,64111165696729,70597295001,0
/localization/kinematic_state,70647295002,1785838868445739390,64111214849206,70647295002,0
/control/command/control_cmd,70647295002,1785838868447979253,64111217088952,70647295002,80
/sensing/lidar/top/pointcloud_raw_ex,70647295002,1785838868450817224,64111219926890,70647295002,232920
/localization/pose_estimator/pose_with_covariance,70647295002,1785838868453840745,64111222950468,70647295002,0
/control/command/control_cmd,70697295003,1785838868496276686,64111265386525,70697295003,80
/localization/kinematic_state,70697295003,1785838868496346499,64111265456302,70697295003,0
/localization/kinematic_state,70747295003,1785838868545519254,64111314629216,70747295003,0
/control/command/control_cmd,70747295003,1785838868546009025,64111315118748,70747295003,80
/sensing/lidar/top/pointcloud_raw_ex,70747295003,1785838868550706349,64111319816421,70747295003,231992
/localization/pose_estimator/pose_with_covariance,70747295003,1785838868553599496,64111322709260,70747295003,0
/control/command/control_cmd,70797295004,1785838868596025987,64111365135855,70797295004,80
/localization/kinematic_state,70797295004,1785838868596306263,64111365415875,70797295004,0
/localization/kinematic_state,70847295005,1785838868645611208,64111414721177,70847295005,0
/control/command/control_cmd,70847295005,1785838868647621233,64111416731114,70847295005,80
/sensing/lidar/top/pointcloud_raw_ex,70847295005,1785838868650717488,64111419827482,70847295005,237688
/localization/pose_estimator/pose_with_covariance,70847295005,1785838868653766769,64111422876576,70847295005,0
/control/command/control_cmd,70897295006,1785838868696396146,64111465506032,70897295006,80
/localization/kinematic_state,70897295006,1785838868697532104,64111466641865,70897295006,0
/localization/kinematic_state,70947295006,1785838868745172469,64111514282296,70947295006,0
/control/command/control_cmd,70947295006,1785838868745842125,64111514951937,70947295006,80
/sensing/lidar/top/pointcloud_raw_ex,70947295006,1785838868751039659,64111520149969,70947295006,235960
/localization/pose_estimator/pose_with_covariance,70947295006,1785838868754262405,64111523372271,70947295006,0
/control/command/control_cmd,70997295007,1785838868795926864,64111565037086,70997295007,80
/localization/kinematic_state,70997295007,1785838868796928682,64111566038561,70997295007,0
/localization/kinematic_state,71047295008,1785838868845859958,64111614969941,71047295008,0
/control/command/control_cmd,71047295008,1785838868847313205,64111616422941,71047295008,80
/sensing/lidar/top/pointcloud_raw_ex,71047295008,1785838868851077279,64111620187150,71047295008,234648
/localization/pose_estimator/pose_with_covariance,71047295008,1785838868854761816,64111623871684,71047295008,0
/control/command/control_cmd,71097295009,1785838868895974918,64111665085201,71097295009,80
/localization/kinematic_state,71097295009,1785838868896012863,64111665122532,71097295009,0
/localization/kinematic_state,71147295009,1785838868945529573,64111714639389,71147295009,0
/control/command/control_cmd,71147295009,1785838868946172610,64111715282546,71147295009,80
/sensing/lidar/top/pointcloud_raw_ex,71147295009,1785838868951079551,64111720189879,71147295009,233304
/localization/pose_estimator/pose_with_covariance,71147295009,1785838868954773384,64111723883255,71147295009,0
/localization/kinematic_state,71197295010,1785838868995584764,64111764694629,71197295010,0
/control/command/control_cmd,71197295010,1785838868995909402,64111765019274,71197295010,80
/localization/kinematic_state,71247295011,1785838869045596696,64111814706528,71247295011,0
/control/command/control_cmd,71247295011,1785838869046105474,64111815215474,71247295011,80
/sensing/lidar/top/pointcloud_raw_ex,71247295011,1785838869051190988,64111820301244,71247295011,230136
/localization/pose_estimator/pose_with_covariance,71247295011,1785838869054222521,64111823332473,71247295011,0
/localization/kinematic_state,71297295012,1785838869095561009,64111864670838,71297295012,0
/control/command/control_cmd,71297295012,1785838869095820066,64111864929738,71297295012,80
/control/command/control_cmd,71347295012,1785838869145945481,64111915055637,71347295012,80
/localization/kinematic_state,71347295012,1785838869146354378,64111915464236,71347295012,0
/sensing/lidar/top/pointcloud_raw_ex,71347295012,1785838869150839086,64111919949151,71347295012,234008
/localization/pose_estimator/pose_with_covariance,71347295012,1785838869153685878,64111922795759,71347295012,0
/control/command/control_cmd,71397295013,1785838869195847119,64111964957215,71397295013,80
/localization/kinematic_state,71397295013,1785838869195958198,64111965067843,71397295013,0
/localization/kinematic_state,71447295014,1785838869245608136,64112014717994,71447295014,0
/control/command/control_cmd,71447295014,1785838869246907735,64112016017421,71447295014,80
/sensing/lidar/top/pointcloud_raw_ex,71447295014,1785838869250785463,64112019895376,71447295014,234520
/localization/pose_estimator/pose_with_covariance,71447295014,1785838869253581303,64112022691127,71447295014,0
/localization/kinematic_state,71497295015,1785838869296198251,64112065307984,71497295015,0
/control/command/control_cmd,71497295015,1785838869296270579,64112065380460,71497295015,80
/localization/kinematic_state,71547295015,1785838869345852238,64112114962175,71547295015,0
/control/command/control_cmd,71547295015,1785838869346276064,64112115385962,71547295015,80
/sensing/lidar/top/pointcloud_raw_ex,71547295015,1785838869351230096,64112120339923,71547295015,233720
/localization/pose_estimator/pose_with_covariance,71547295015,1785838869353765622,64112122875509,71547295015,0
/control/command/control_cmd,71597295016,1785838869395699892,64112164809999,71597295016,80
/localization/kinematic_state,71597295016,1785838869396393935,64112165503648,71597295016,0
/localization/kinematic_state,71647295017,1785838869445664007,64112214773763,71647295017,0
/control/command/control_cmd,71647295017,1785838869446193469,64112215303298,71647295017,80
/sensing/lidar/top/pointcloud_raw_ex,71647295017,1785838869451279529,64112220389681,71647295017,236184
/localization/pose_estimator/pose_with_covariance,71647295017,1785838869454086138,64112223195905,71647295017,0
/localization/kinematic_state,71697295018,1785838869496419312,64112265529074,71697295018,0
/control/command/control_cmd,71697295018,1785838869496436832,64112265546462,71697295018,80
/control/command/control_cmd,71747295018,1785838869545932873,64112315043163,71747295018,80
/localization/kinematic_state,71747295018,1785838869546447847,64112315557549,71747295018,0
/sensing/lidar/top/pointcloud_raw_ex,71747295018,1785838869550748935,64112319858826,71747295018,233528
/localization/pose_estimator/pose_with_covariance,71747295018,1785838869553828831,64112322938579,71747295018,0
/control/command/control_cmd,71797295019,1785838869595605046,64112364715048,71797295019,80
/localization/kinematic_state,71797295019,1785838869595733615,64112364843264,71797295019,0
/localization/kinematic_state,71847295020,1785838869645121386,64112414231125,71847295020,0
/control/command/control_cmd,71847295020,1785838869645791072,64112414901067,71847295020,80
/sensing/lidar/top/pointcloud_raw_ex,71847295020,1785838869651035495,64112420145445,71847295020,233784
/localization/pose_estimator/pose_with_covariance,71847295020,1785838869654222200,64112423331985,71847295020,0
/localization/kinematic_state,71897295021,1785838869695601405,64112464711386,71897295021,0
/control/command/control_cmd,71897295021,1785838869695863903,64112464973574,71897295021,80
/localization/kinematic_state,71947295021,1785838869746067470,64112515177321,71947295021,0
/control/command/control_cmd,71947295021,1785838869746353852,64112515463695,71947295021,80
/sensing/lidar/top/pointcloud_raw_ex,71947295021,1785838869751156423,64112520266585,71947295021,233688
/localization/pose_estimator/pose_with_covariance,71947295021,1785838869754138657,64112523248528,71947295021,0
/localization/kinematic_state,71997295022,1785838869795922900,64112565033002,71997295022,0
/control/command/control_cmd,71997295022,1785838869797196427,64112566306350,71997295022,80
/localization/kinematic_state,72047295023,1785838869845485944,64112614595813,72047295023,0
/control/command/control_cmd,72047295023,1785838869846113841,64112615223722,72047295023,80
/sensing/lidar/top/pointcloud_raw_ex,72047295023,1785838869850726295,64112619836428,72047295023,231832
/localization/pose_estimator/pose_with_covariance,72047295023,1785838869853725676,64112622835457,72047295023,0
/localization/kinematic_state,72097295024,1785838869896405785,64112665515511,72097295024,0
/control/command/control_cmd,72097295024,1785838869896756261,64112665866007,72097295024,80
/localization/kinematic_state,72147295024,1785838869946008285,64112715118136,72147295024,0
/control/command/control_cmd,72147295024,1785838869946323130,64112715432827,72147295024,80
/sensing/lidar/top/pointcloud_raw_ex,72147295024,1785838869952077948,64112721187903,72147295024,232600
/localization/pose_estimator/pose_with_covariance,72147295024,1785838869954924869,64112724034747,72147295024,0
/localization/kinematic_state,72197295025,1785838869995998499,64112765108256,72197295025,0
/control/command/control_cmd,72197295025,1785838869996015658,64112765125293,72197295025,80
/localization/kinematic_state,72247295026,1785838870045512439,64112814622295,72247295026,0
/control/command/control_cmd,72247295026,1785838870047543115,64112816652921,72247295026,80
/sensing/lidar/top/pointcloud_raw_ex,72247295026,1785838870050943420,64112820053548,72247295026,233080
/localization/pose_estimator/pose_with_covariance,72247295026,1785838870054306219,64112823416046,72247295026,0
/localization/kinematic_state,72297295026,1785838870096250040,64112865359893,72297295026,0
/control/command/control_cmd,72297295026,1785838870096258430,64112865368053,72297295026,80
/localization/kinematic_state,72347295027,1785838870145864790,64112914974665,72347295027,0
/control/command/control_cmd,72347295027,1785838870146339004,64112915448784,72347295027,80
/sensing/lidar/top/pointcloud_raw_ex,72347295027,1785838870151035556,64112920145621,72347295027,231384
/localization/pose_estimator/pose_with_covariance,72347295027,1785838870153881641,64112922991543,72347295027,0
/control/command/control_cmd,72397295028,1785838870197536374,64112966646311,72397295028,80
/localization/kinematic_state,72397295028,1785838870197562033,64112966671647,72397295028,0
/localization/kinematic_state,72447295029,1785838870245645785,64113014755543,72447295029,0
/control/command/control_cmd,72447295029,1785838870246339296,64113015449122,72447295029,80
/sensing/lidar/top/pointcloud_raw_ex,72447295029,1785838870251053964,64113020163846,72447295029,237080
/localization/pose_estimator/pose_with_covariance,72447295029,1785838870253669338,64113022779034,72447295029,0
/localization/kinematic_state,72497295029,1785838870296142410,64113065252382,72497295029,0
/control/command/control_cmd,72497295029,1785838870296223613,64113065333215,72497295029,80
/localization/kinematic_state,72547295030,1785838870345810730,64113114920788,72547295030,0
/control/command/control_cmd,72547295030,1785838870346138211,64113115247876,72547295030,80
/sensing/lidar/top/pointcloud_raw_ex,72547295030,1785838870351254036,64113120363921,72547295030,233976
/localization/pose_estimator/pose_with_covariance,72547295030,1785838870355042696,64113124152531,72547295030,0
/localization/kinematic_state,72597295031,1785838870396104657,64113165214434,72597295031,0
/control/command/control_cmd,72597295031,1785838870396356249,64113165466031,72597295031,80
/localization/kinematic_state,72647295032,1785838870446142677,64113215252507,72647295032,0
/control/command/control_cmd,72647295032,1785838870446485585,64113215595407,72647295032,80
/sensing/lidar/top/pointcloud_raw_ex,72647295032,1785838870451347474,64113220457381,72647295032,233496
/localization/pose_estimator/pose_with_covariance,72647295032,1785838870453951303,64113223061106,72647295032,0
/control/command/control_cmd,72697295032,1785838870496809397,64113265919249,72697295032,80
/localization/kinematic_state,72697295032,1785838870496832028,64113265941644,72697295032,0
/localization/kinematic_state,72747295033,1785838870546816769,64113315926612,72747295033,0
/control/command/control_cmd,72747295033,1785838870546825383,64113315934990,72747295033,80
/sensing/lidar/top/pointcloud_raw_ex,72747295033,1785838870552081065,64113321190934,72747295033,234840
/localization/pose_estimator/pose_with_covariance,72747295033,1785838870554963589,64113324073454,72747295033,0
/localization/kinematic_state,72797295034,1785838870596381532,64113365491286,72797295034,0
/control/command/control_cmd,72797295034,1785838870596392922,64113365502527,72797295034,80
/localization/kinematic_state,72847295035,1785838870645579134,64113414688937,72847295035,0
/control/command/control_cmd,72847295035,1785838870646358671,64113415468556,72847295035,80
/sensing/lidar/top/pointcloud_raw_ex,72847295035,1785838870650881616,64113419991714,72847295035,233048
/localization/pose_estimator/pose_with_covariance,72847295035,1785838870654019886,64113423129665,72847295035,0
/localization/kinematic_state,72897295035,1785838870696027716,64113465137550,72897295035,0
/control/command/control_cmd,72897295035,1785838870696955457,64113466065306,72897295035,80
/localization/kinematic_state,72947295036,1785838870745616150,64113514725893,72947295036,0
/control/command/control_cmd,72947295036,1785838870745958358,64113515068197,72947295036,80
/sensing/lidar/top/pointcloud_raw_ex,72947295036,1785838870750949783,64113520059790,72947295036,229400
/localization/pose_estimator/pose_with_covariance,72947295036,1785838870753939239,64113523049024,72947295036,0
/control/command/control_cmd,72997295037,1785838870796404615,64113565514674,72997295037,80
/localization/kinematic_state,72997295037,1785838870796976366,64113566086186,72997295037,0
/localization/kinematic_state,73047295038,1785838870845948773,64113615058633,73047295038,0
/control/command/control_cmd,73047295038,1785838870846468728,64113615578518,73047295038,80
/sensing/lidar/top/pointcloud_raw_ex,73047295038,1785838870851114314,64113620224477,73047295038,233400
/localization/pose_estimator/pose_with_covariance,73047295038,1785838870854390193,64113623500026,73047295038,0
/control/command/control_cmd,73097295038,1785838870896170550,64113665280770,73097295038,80
/localization/kinematic_state,73097295038,1785838870896363789,64113665473599,73097295038,0
/localization/kinematic_state,73147295039,1785838870945865896,64113714975648,73147295039,0
/control/command/control_cmd,73147295039,1785838870946060928,64113715170686,73147295039,80
/sensing/lidar/top/pointcloud_raw_ex,73147295039,1785838870951449995,64113720560626,73147295039,229944
/localization/pose_estimator/pose_with_covariance,73147295039,1785838870954645339,64113723755323,73147295039,0
/control/command/control_cmd,73197295040,1785838870996043649,64113765153772,73197295040,80
/localization/kinematic_state,73197295040,1785838870996404753,64113765514488,73197295040,0
/localization/kinematic_state,73247295041,1785838871045263927,64113814374491,73247295041,0
/control/command/control_cmd,73247295041,1785838871045753530,64113814863233,73247295041,80
/sensing/lidar/top/pointcloud_raw_ex,73247295041,1785838871050607366,64113819717891,73247295041,233496
/localization/pose_estimator/pose_with_covariance,73247295041,1785838871053671135,64113822781199,73247295041,0
/localization/kinematic_state,73297295041,1785838871095648945,64113864758706,73297295041,0
/control/command/control_cmd,73297295041,1785838871095866993,64113864976684,73297295041,80
/localization/kinematic_state,73347295042,1785838871145435332,64113914545397,73347295042,0
/control/command/control_cmd,73347295042,1785838871145865770,64113914975673,73347295042,80
/sensing/lidar/top/pointcloud_raw_ex,73347295042,1785838871150233291,64113919343096,73347295042,233240
/localization/pose_estimator/pose_with_covariance,73347295042,1785838871153001997,64113922112032,73347295042,0
/localization/kinematic_state,73397295043,1785838871195460578,64113964570295,73397295043,0
/control/command/control_cmd,73397295043,1785838871195720026,64113964829716,73397295043,80
/localization/kinematic_state,73447295044,1785838871245472702,64114014582501,73447295044,0
/control/command/control_cmd,73447295044,1785838871245576672,64114014686432,73447295044,80
/sensing/lidar/top/pointcloud_raw_ex,73447295044,1785838871250653816,64114019763796,73447295044,231480
/localization/pose_estimator/pose_with_covariance,73447295044,1785838871253079341,64114022189046,73447295044,0
/localization/kinematic_state,73497295044,1785838871296142777,64114065252517,73497295044,0
/control/command/control_cmd,73497295044,1785838871296282914,64114065392835,73497295044,80
/control/command/control_cmd,73547295045,1785838871346060822,64114115170959,73547295045,80
/localization/kinematic_state,73547295045,1785838871347939928,64114117049650,73547295045,0
/sensing/lidar/top/pointcloud_raw_ex,73547295045,1785838871351376312,64114120486066,73547295045,232856
/localization/pose_estimator/pose_with_covariance,73547295045,1785838871354709763,64114123819597,73547295045,0
/localization/kinematic_state,73597295046,1785838871396077573,64114165187266,73597295046,0
/control/command/control_cmd,73597295046,1785838871396444637,64114165554446,73597295046,80
/localization/kinematic_state,73647295047,1785838871445786022,64114214895881,73647295047,0
/control/command/control_cmd,73647295047,1785838871447736792,64114216846677,73647295047,80
/sensing/lidar/top/pointcloud_raw_ex,73647295047,1785838871451173284,64114220283213,73647295047,232376
/localization/pose_estimator/pose_with_covariance,73647295047,1785838871454414432,64114223524240,73647295047,0
/localization/kinematic_state,73697295047,1785838871495657533,64114264767287,73697295047,0
/control/command/control_cmd,73697295047,1785838871496461628,64114265601975,73697295047,80
/localization/kinematic_state,73747295048,1785838871545943821,64114315053645,73747295048,0
/control/command/control_cmd,73747295048,1785838871547922995,64114317032799,73747295048,80
/sensing/lidar/top/pointcloud_raw_ex,73747295048,1785838871550834632,64114319944614,73747295048,229944
/localization/pose_estimator/pose_with_covariance,73747295048,1785838871554389246,64114323499025,73747295048,0
/localization/kinematic_state,73797295049,1785838871595927498,64114365037383,73797295049,0
/control/command/control_cmd,73797295049,1785838871596409068,64114365518872,73797295049,80
/localization/kinematic_state,73847295050,1785838871645338637,64114414448481,73847295050,0
/control/command/control_cmd,73847295050,1785838871645535932,64114414645805,73847295050,80
/sensing/lidar/top/pointcloud_raw_ex,73847295050,1785838871651065887,64114420176260,73847295050,232344
/localization/pose_estimator/pose_with_covariance,73847295050,1785838871654127111,64114423236932,73847295050,0
/localization/kinematic_state,73897295050,1785838871695842541,64114464952303,73897295050,0
/control/command/control_cmd,73897295050,1785838871696127536,64114465237421,73897295050,80
/localization/kinematic_state,73947295051,1785838871745459098,64114514568834,73947295051,0
/control/command/control_cmd,73947295051,1785838871745904114,64114515013818,73947295051,80
/sensing/lidar/top/pointcloud_raw_ex,73947295051,1785838871751063091,64114520173487,73947295051,231672
/localization/pose_estimator/pose_with_covariance,73947295051,1785838871753678863,64114522788712,73947295051,0
/localization/kinematic_state,73997295052,1785838871795965696,64114565075504,73997295052,0
/control/command/control_cmd,73997295052,1785838871795973453,64114565083070,73997295052,80
/localization/kinematic_state,74047295053,1785838871846056748,64114615166729,74047295053,0
/control/command/control_cmd,74047295053,1785838871846497320,64114615606984,74047295053,80
/sensing/lidar/top/pointcloud_raw_ex,74047295053,1785838871850766454,64114619876481,74047295053,231672
/localization/pose_estimator/pose_with_covariance,74047295053,1785838871853319114,64114622428892,74047295053,0
/localization/kinematic_state,74097295053,1785838871896287577,64114665397329,74097295053,0
/control/command/control_cmd,74097295053,1785838871896426030,64114665535710,74097295053,80
/localization/kinematic_state,74147295054,1785838871945423306,64114714533454,74147295054,0
/control/command/control_cmd,74147295054,1785838871945975777,64114715085595,74147295054,80
/sensing/lidar/top/pointcloud_raw_ex,74147295054,1785838871950945972,64114720055953,74147295054,234744
/localization/pose_estimator/pose_with_covariance,74147295054,1785838871953849572,64114722959375,74147295054,0
/localization/kinematic_state,74197295055,1785838871995394421,64114764504167,74197295055,0
/control/command/control_cmd,74197295055,1785838871995788399,64114764898173,74197295055,80
/localization/kinematic_state,74247295056,1785838872045683601,64114814793446,74247295056,0
/control/command/control_cmd,74247295056,1785838872045819847,64114814929783,74247295056,80
/sensing/lidar/top/pointcloud_raw_ex,74247295056,1785838872051321197,64114820431159,74247295056,235096
/localization/pose_estimator/pose_with_covariance,74247295056,1785838872053966471,64114823076261,74247295056,0
/localization/kinematic_state,74297295056,1785838872095602094,64114864711975,74297295056,0
/control/command/control_cmd,74297295056,1785838872095609099,64114864718709,74297295056,80
/control/command/control_cmd,74347295057,1785838872146160256,64114915269994,74347295057,80
/localization/kinematic_state,74347295057,1785838872146551162,64114915660904,74347295057,0
/sensing/lidar/top/pointcloud_raw_ex,74347295057,1785838872152070794,64114921180968,74347295057,235320
/localization/pose_estimator/pose_with_covariance,74347295057,1785838872154859952,64114923969686,74347295057,0
/localization/kinematic_state,74397295058,1785838872195666838,64114964776653,74397295058,0
/control/command/control_cmd,74397295058,1785838872196404258,64114965514191,74397295058,80
/localization/kinematic_state,74447295059,1785838872245439324,64115014549236,74447295059,0
/control/command/control_cmd,74447295059,1785838872246071425,64115015181393,74447295059,80
/sensing/lidar/top/pointcloud_raw_ex,74447295059,1785838872251645521,64115020755637,74447295059,231576
/localization/pose_estimator/pose_with_covariance,74447295059,1785838872254436346,64115023546353,74447295059,0
/control/command/control_cmd,74497295059,1785838872296152100,64115065262088,74497295059,80
/localization/kinematic_state,74497295059,1785838872297007646,64115066117426,74497295059,0
/localization/kinematic_state,74547295060,1785838872345863117,64115114973339,74547295060,0
/control/command/control_cmd,74547295060,1785838872346394951,64115115504705,74547295060,80
/sensing/lidar/top/pointcloud_raw_ex,74547295060,1785838872351026452,64115120136304,74547295060,232632
/localization/pose_estimator/pose_with_covariance,74547295060,1785838872353937311,64115123047068,74547295060,0
/control/command/control_cmd,74597295061,1785838872395567839,64115164677917,74597295061,80
/localization/kinematic_state,74597295061,1785838872395795934,64115164905757,74597295061,0
/localization/kinematic_state,74647295062,1785838872445938025,64115215047883,74647295062,0
/control/command/control_cmd,74647295062,1785838872445956563,64115215066190,74647295062,80
/sensing/lidar/top/pointcloud_raw_ex,74647295062,1785838872450652729,64115219762782,74647295062,230680
/localization/pose_estimator/pose_with_covariance,74647295062,1785838872453556857,64115222666696,74647295062,0
/localization/kinematic_state,74697295062,1785838872495644499,64115264754260,74697295062,0
/control/command/control_cmd,74697295062,1785838872496090610,64115265200294,74697295062,80
/localization/kinematic_state,74747295063,1785838872545186988,64115314296763,74747295063,0
/control/command/control_cmd,74747295063,1785838872546061198,64115315171014,74747295063,80
/sensing/lidar/top/pointcloud_raw_ex,74747295063,1785838872550835748,64115319946423,74747295063,231512
/localization/pose_estimator/pose_with_covariance,74747295063,1785838872553502403,64115322612136,74747295063,0
/localization/kinematic_state,74797295064,1785838872595734967,64115364844835,74797295064,0
/control/command/control_cmd,74797295064,1785838872596653217,64115365762997,74797295064,80
/localization/kinematic_state,74847295064,1785838872645406090,64115414515826,74847295064,0
/control/command/control_cmd,74847295064,1785838872645768192,64115414878022,74847295064,80
/sensing/lidar/top/pointcloud_raw_ex,74847295064,1785838872650611938,64115419721805,74847295064,232728
/localization/pose_estimator/pose_with_covariance,74847295064,1785838872653587081,64115422696878,74847295064,0
/localization/kinematic_state,74897295065,1785838872696029902,64115465139669,74897295065,0
/control/command/control_cmd,74897295065,1785838872696417654,64115465527475,74897295065,80
/localization/kinematic_state,74947295066,1785838872745451106,64115514560869,74947295066,0
/control/command/control_cmd,74947295066,1785838872748926469,64115518036464,74947295066,80
/sensing/lidar/top/pointcloud_raw_ex,74947295066,1785838872750877131,64115519987065,74947295066,232728
/localization/pose_estimator/pose_with_covariance,74947295066,1785838872753630242,64115522740002,74947295066,0
/control/command/control_cmd,74997295067,1785838872795958404,64115565068403,74997295067,80
/localization/kinematic_state,74997295067,1785838872796345761,64115565455517,74997295067,0
/localization/kinematic_state,75047295067,1785838872846094688,64115615204430,75047295067,0
/control/command/control_cmd,75047295067,1785838872847923886,64115617033750,75047295067,80
/sensing/lidar/top/pointcloud_raw_ex,75047295067,1785838872852056972,64115621166953,75047295067,232152
/localization/pose_estimator/pose_with_covariance,75047295067,1785838872854905372,64115624015059,75047295067,0
/localization/kinematic_state,75097295068,1785838872897450704,64115666560522,75097295068,0
/control/command/control_cmd,75097295068,1785838872897460079,64115666569715,75097295068,80
/localization/kinematic_state,75147295069,1785838872946029530,64115715139377,75147295069,0
/control/command/control_cmd,75147295069,1785838872946398559,64115715508390,75147295069,80
/sensing/lidar/top/pointcloud_raw_ex,75147295069,1785838872951529413,64115720639429,75147295069,231800
/localization/pose_estimator/pose_with_covariance,75147295069,1785838872954841561,64115723951455,75147295069,0
/control/command/control_cmd,75197295070,1785838872995727920,64115764837827,75197295070,80
/localization/kinematic_state,75197295070,1785838872996917032,64115766026782,75197295070,0
/localization/kinematic_state,75247295070,1785838873046949345,64115816059468,75247295070,0
/control/command/control_cmd,75247295070,1785838873047095718,64115816205427,75247295070,80
/sensing/lidar/top/pointcloud_raw_ex,75247295070,1785838873050895185,64115820005234,75247295070,233944
/localization/pose_estimator/pose_with_covariance,75247295070,1785838873053774230,64115822884153,75247295070,0
/localization/kinematic_state,75297295071,1785838873095916282,64115865026273,75297295071,0
/control/command/control_cmd,75297295071,1785838873096112917,64115865222864,75297295071,80
/localization/kinematic_state,75347295072,1785838873145614971,64115914724952,75347295072,0
/control/command/control_cmd,75347295072,1785838873146079365,64115915189173,75347295072,80
/sensing/lidar/top/pointcloud_raw_ex,75347295072,1785838873151302907,64115920412712,75347295072,230968
/localization/pose_estimator/pose_with_covariance,75347295072,1785838873153989631,64115923099367,75347295072,0
/localization/kinematic_state,75397295073,1785838873195825244,64115964935009,75397295073,0
/control/command/control_cmd,75397295073,1785838873196239535,64115965349424,75397295073,80
/control/command/control_cmd,75447295073,1785838873245606923,64116014717086,75447295073,80
/localization/kinematic_state,75447295073,1785838873245727183,64116014836858,75447295073,0
/sensing/lidar/top/pointcloud_raw_ex,75447295073,1785838873250848365,64116019958417,75447295073,232568
/localization/pose_estimator/pose_with_covariance,75447295073,1785838873253638161,64116022747965,75447295073,0
/localization/kinematic_state,75497295074,1785838873295922285,64116065032054,75497295074,0
/control/command/control_cmd,75497295074,1785838873295960887,64116065070513,75497295074,80
/localization/kinematic_state,75547295075,1785838873345674295,64116114784084,75547295075,0
/control/command/control_cmd,75547295075,1785838873346379128,64116115489044,75547295075,80
/sensing/lidar/top/pointcloud_raw_ex,75547295075,1785838873350785537,64116119895534,75547295075,233240
/localization/pose_estimator/pose_with_covariance,75547295075,1785838873353371919,64116122481691,75547295075,0
/localization/kinematic_state,75597295076,1785838873396325400,64116165435375,75597295076,0
/control/command/control_cmd,75597295076,1785838873396356537,64116165466160,75597295076,80
/localization/kinematic_state,75647295076,1785838873446004381,64116215114357,75647295076,0
/control/command/control_cmd,75647295076,1785838873446022258,64116215131889,75647295076,80
/sensing/lidar/top/pointcloud_raw_ex,75647295076,1785838873450474041,64116219584077,75647295076,232568
/localization/pose_estimator/pose_with_covariance,75647295076,1785838873455175580,64116224285582,75647295076,0
/control/command/control_cmd,75697295077,1785838873495889406,64116264999325,75697295077,80
/localization/kinematic_state,75697295077,1785838873496172585,64116265282272,75697295077,0
/localization/kinematic_state,75747295078,1785838873545145156,64116314254920,75747295078,0
/control/command/control_cmd,75747295078,1785838873545888507,64116314998291,75747295078,80
/sensing/lidar/top/pointcloud_raw_ex,75747295078,1785838873551105612,64116320215485,75747295078,232440
/localization/pose_estimator/pose_with_covariance,75747295078,1785838873554419778,64116323529529,75747295078,0
/localization/kinematic_state,75797295079,1785838873595720734,64116364830625,75797295079,0
/control/command/control_cmd,75797295079,1785838873595814376,64116364924482,75797295079,80
/localization/kinematic_state,75847295079,1785838873645443093,64116414552872,75847295079,0
/control/command/control_cmd,75847295079,1785838873646293317,64116415403105,75847295079,80
/sensing/lidar/top/pointcloud_raw_ex,75847295079,1785838873650590356,64116419700317,75847295079,230744
/localization/pose_estimator/pose_with_covariance,75847295079,1785838873653037763,64116422147497,75847295079,0
/control/command/control_cmd,75897295080,1785838873696136716,64116465246555,75897295080,80
/localization/kinematic_state,75897295080,1785838873697181913,64116466291660,75897295080,0
/localization/kinematic_state,75947295081,1785838873746060549,64116515170510,75947295081,0
/control/command/control_cmd,75947295081,1785838873746180483,64116515290475,75947295081,80
/sensing/lidar/top/pointcloud_raw_ex,75947295081,1785838873750667039,64116519777404,75947295081,232408
/localization/pose_estimator/pose_with_covariance,75947295081,1785838873753510897,64116522620626,75947295081,0
/localization/kinematic_state,75997295082,1785838873796278404,64116565388225,75997295082,0
/control/command/control_cmd,75997295082,1785838873796286790,64116565396384,75997295082,80
/localization/kinematic_state,76047295082,1785838873845475276,64116614584986,76047295082,0
/control/command/control_cmd,76047295082,1785838873846563439,64116615673240,76047295082,80
/sensing/lidar/top/pointcloud_raw_ex,76047295082,1785838873851904855,64116621015138,76047295082,235288
/localization/pose_estimator/pose_with_covariance,76047295082,1785838873855058033,64116624167853,76047295082,0
/localization/kinematic_state,76097295083,1785838873895914379,64116665024216,76097295083,0
/control/command/control_cmd,76097295083,1785838873895925522,64116665035173,76097295083,80
/control/command/control_cmd,76147295084,1785838873945787833,64116714897668,76147295084,80
/localization/kinematic_state,76147295084,1785838873946143957,64116715253705,76147295084,0
/sensing/lidar/top/pointcloud_raw_ex,76147295084,1785838873951731031,64116720841313,76147295084,231576
/localization/pose_estimator/pose_with_covariance,76147295084,1785838873954778761,64116723888627,76147295084,0
/localization/kinematic_state,76197295085,1785838873995710554,64116764820358,76197295085,0
/control/command/control_cmd,76197295085,1785838873996171757,64116765281774,76197295085,80
/control/command/control_cmd,76247295085,1785838874045698749,64116814809194,76247295085,80
/localization/kinematic_state,76247295085,1785838874045738210,64116814847834,76247295085,0
/sensing/lidar/top/pointcloud_raw_ex,76247295085,1785838874050979415,64116820089899,76247295085,235192
/localization/pose_estimator/pose_with_covariance,76247295085,1785838874054159674,64116823269591,76247295085,0
/control/command/control_cmd,76297295086,1785838874096007200,64116865117251,76297295086,80
/localization/kinematic_state,76297295086,1785838874096528960,64116865638763,76297295086,0
/localization/kinematic_state,76347295087,1785838874145634196,64116914743950,76347295087,0
/control/command/control_cmd,76347295087,1785838874146282958,64116915392780,76347295087,80
/sensing/lidar/top/pointcloud_raw_ex,76347295087,1785838874152408705,64116921519072,76347295087,229848
/localization/pose_estimator/pose_with_covariance,76347295087,1785838874155920245,64116925030164,76347295087,0
/localization/kinematic_state,76397295088,1785838874195607803,64116964717680,76397295088,0
/control/command/control_cmd,76397295088,1785838874195898768,64116965008751,76397295088,80
/localization/kinematic_state,76447295088,1785838874245645780,64117014755710,76447295088,0
/control/command/control_cmd,76447295088,1785838874245877585,64117014987259,76447295088,80
/sensing/lidar/top/pointcloud_raw_ex,76447295088,1785838874250496682,64117019606710,76447295088,231416
/localization/pose_estimator/pose_with_covariance,76447295088,1785838874253348596,64117022458345,76447295088,0
/localization/kinematic_state,76497295089,1785838874296312700,64117065422439,76497295089,0
/control/command/control_cmd,76497295089,1785838874296608810,64117065718607,76497295089,80
/localization/kinematic_state,76547295090,1785838874345998628,64117115108773,76547295090,0
/control/command/control_cmd,76547295090,1785838874346470459,64117115580265,76547295090,80
/sensing/lidar/top/pointcloud_raw_ex,76547295090,1785838874351259477,64117120369544,76547295090,232408
/localization/pose_estimator/pose_with_covariance,76547295090,1785838874353993327,64117123103089,76547295090,0
/control/command/control_cmd,76597295091,1785838874395923074,64117165032890,76597295091,80
/localization/kinematic_state,76597295091,1785838874396268629,64117165378367,76597295091,0
/control/command/control_cmd,76647295091,1785838874445811547,64117214921495,76647295091,80
/localization/kinematic_state,76647295091,1785838874446162758,64117215272527,76647295091,0
/sensing/lidar/top/pointcloud_raw_ex,76647295091,1785838874450829938,64117219940156,76647295091,232120
/localization/pose_estimator/pose_with_covariance,76647295091,1785838874454062910,64117223172771,76647295091,0
/localization/kinematic_state,76697295092,1785838874496316588,64117265426413,76697295092,0
/control/command/control_cmd,76697295092,1785838874496323404,64117265433000,76697295092,80
/localization/kinematic_state,76747295093,1785838874545820309,64117314930182,76747295093,0
/control/command/control_cmd,76747295093,1785838874546476078,64117315585856,76747295093,80
/sensing/lidar/top/pointcloud_raw_ex,76747295093,1785838874553086573,64117322196753,76747295093,231320
/localization/pose_estimator/pose_with_covariance,76747295093,1785838874556355593,64117325465352,76747295093,0
/localization/kinematic_state,76797295094,1785838874596201519,64117365311848,76797295094,0
/control/command/control_cmd,76797295094,1785838874596399192,64117365509174,76797295094,80
/localization/kinematic_state,76847295094,1785838874645951747,64117415061608,76847295094,0
/control/command/control_cmd,76847295094,1785838874646808751,64117415918623,76847295094,80
/sensing/lidar/top/pointcloud_raw_ex,76847295094,1785838874652477121,64117421587209,76847295094,231800
/localization/pose_estimator/pose_with_covariance,76847295094,1785838874655549803,64117424659669,76847295094,0
/localization/kinematic_state,76897295095,1785838874696261992,64117465371858,76897295095,0
/control/command/control_cmd,76897295095,1785838874696273420,64117465383020,76897295095,80
/localization/kinematic_state,76947295096,1785838874745906960,64117515016700,76947295096,0
/control/command/control_cmd,76947295096,1785838874745924055,64117515033677,76947295096,80
/sensing/lidar/top/pointcloud_raw_ex,76947295096,1785838874752525702,64117521636100,76947295096,230936
/localization/pose_estimator/pose_with_covariance,76947295096,1785838874755491215,64117524601084,76947295096,0
/localization/kinematic_state,76997295097,1785838874795661177,64117564770920,76997295097,0
/control/command/control_cmd,76997295097,1785838874796100310,64117565210184,76997295097,80
/localization/kinematic_state,77047295097,1785838874845979721,64117615089574,77047295097,0
/control/command/control_cmd,77047295097,1785838874846718467,64117615828596,77047295097,80
/sensing/lidar/top/pointcloud_raw_ex,77047295097,1785838874851360305,64117620470406,77047295097,230200
/localization/pose_estimator/pose_with_covariance,77047295097,1785838874854754946,64117623864892,77047295097,0
/localization/kinematic_state,77097295098,1785838874896687387,64117665797111,77097295098,0
/control/command/control_cmd,77097295098,1785838874896831168,64117665940911,77097295098,80
/localization/kinematic_state,77147295099,1785838874945873076,64117714982938,77147295099,0
/control/command/control_cmd,77147295099,1785838874946253037,64117715362729,77147295099,80
/sensing/lidar/top/pointcloud_raw_ex,77147295099,1785838874952112454,64117721222728,77147295099,233368
/localization/pose_estimator/pose_with_covariance,77147295099,1785838874955066461,64117724176333,77147295099,0
/localization/kinematic_state,77197295100,1785838874995908514,64117765018316,77197295100,0
/control/command/control_cmd,77197295100,1785838874996005545,64117765115361,77197295100,80
/localization/kinematic_state,77247295100,1785838875045654862,64117814764658,77247295100,0
/control/command/control_cmd,77247295100,1785838875046223316,64117815333228,77247295100,80
/sensing/lidar/top/pointcloud_raw_ex,77247295100,1785838875051565532,64117820675675,77247295100,231704
/localization/pose_estimator/pose_with_covariance,77247295100,1785838875054648028,64117823757864,77247295100,0
/localization/kinematic_state,77297295101,1785838875096043266,64117865153165,77297295101,0
/control/command/control_cmd,77297295101,1785838875096246002,64117865355978,77297295101,80
/localization/kinematic_state,77347295102,1785838875145988335,64117915098310,77347295102,0
/control/command/control_cmd,77347295102,1785838875146046604,64117915156506,77347295102,80
/sensing/lidar/top/pointcloud_raw_ex,77347295102,1785838875151094625,64117920204784,77347295102,227896
/localization/pose_estimator/pose_with_covariance,77347295102,1785838875154084397,64117923194279,77347295102,0
/localization/kinematic_state,77397295102,1785838875195907459,64117965017586,77397295102,0
/control/command/control_cmd,77397295102,1785838875196035774,64117965145697,77397295102,80
/localization/kinematic_state,77447295103,1785838875245475210,64118014584959,77447295103,0
/control/command/control_cmd,77447295103,1785838875246780503,64118015890469,77447295103,80
/sensing/lidar/top/pointcloud_raw_ex,77447295103,1785838875251511416,64118020621358,77447295103,235544
/localization/pose_estimator/pose_with_covariance,77447295103,1785838875255078832,64118024188806,77447295103,0
/localization/kinematic_state,77497295104,1785838875296147460,64118065257296,77497295104,0
/control/command/control_cmd,77497295104,1785838875296594822,64118065704597,77497295104,80
/localization/kinematic_state,77547295105,1785838875345877257,64118114986997,77547295105,0
/control/command/control_cmd,77547295105,1785838875347797775,64118116907864,77547295105,80
/sensing/lidar/top/pointcloud_raw_ex,77547295105,1785838875351353455,64118120463249,77547295105,231672
/localization/pose_estimator/pose_with_covariance,77547295105,1785838875354093704,64118123203511,77547295105,0
/localization/kinematic_state,77597295105,1785838875395665387,64118164775325,77597295105,0
/control/command/control_cmd,77597295105,1785838875395955740,64118165065394,77597295105,80
/localization/kinematic_state,77647295106,1785838875445561854,64118214671619,77647295106,0
/control/command/control_cmd,77647295106,1785838875446692855,64118215802712,77647295106,80
/sensing/lidar/top/pointcloud_raw_ex,77647295106,1785838875451419370,64118220529791,77647295106,233240
/localization/pose_estimator/pose_with_covariance,77647295106,1785838875456782039,64118225892017,77647295106,0
/localization/kinematic_state,77697295107,1785838875496419579,64118265529453,77697295107,0
/control/command/control_cmd,77697295107,1785838875496426992,64118265536624,77697295107,80
/localization/kinematic_state,77747295108,1785838875545746967,64118314856718,77747295108,0
/control/command/control_cmd,77747295108,1785838875546498389,64118315608248,77747295108,80
/sensing/lidar/top/pointcloud_raw_ex,77747295108,1785838875552125720,64118321235649,77747295108,233176
/localization/pose_estimator/pose_with_covariance,77747295108,1785838875554890259,64118324004796,77747295108,0
/localization/kinematic_state,77797295108,1785838875596650076,64118365759814,77797295108,0
/control/command/control_cmd,77797295108,1785838875596815697,64118365925670,77797295108,80
/localization/kinematic_state,77847295109,1785838875645932202,64118415042045,77847295109,0
/control/command/control_cmd,77847295109,1785838875645955603,64118415065235,77847295109,80
/sensing/lidar/top/pointcloud_raw_ex,77847295109,1785838875652671367,64118421781355,77847295109,233752
/localization/pose_estimator/pose_with_covariance,77847295109,1785838875655914457,64118425024299,77847295109,0
/localization/kinematic_state,77897295110,1785838875697292011,64118466402116,77897295110,0
/control/command/control_cmd,77897295110,1785838875697301332,64118466410960,77897295110,80
/localization/kinematic_state,77947295111,1785838875745564843,64118514674885,77947295111,0
/control/command/control_cmd,77947295111,1785838875746204234,64118515314121,77947295111,80
/sensing/lidar/top/pointcloud_raw_ex,77947295111,1785838875751473232,64118520583300,77947295111,234456
/localization/pose_estimator/pose_with_covariance,77947295111,1785838875754538618,64118523648421,77947295111,0
/localization/kinematic_state,77997295111,1785838875796284442,64118565394364,77997295111,0
/control/command/control_cmd,77997295111,1785838875796294946,64118565404559,77997295111,80
/localization/kinematic_state,78047295112,1785838875846460655,64118615570570,78047295112,0
/control/command/control_cmd,78047295112,1785838875846942781,64118616052661,78047295112,80
/sensing/lidar/top/pointcloud_raw_ex,78047295112,1785838875853606163,64118622716517,78047295112,235096
/localization/pose_estimator/pose_with_covariance,78047295112,1785838875857027430,64118626137302,78047295112,0
/localization/kinematic_state,78097295113,1785838875895743693,64118664853434,78097295113,0
/control/command/control_cmd,78097295113,1785838875896182418,64118665292255,78097295113,80
/localization/kinematic_state,78147295114,1785838875945988819,64118715098864,78147295114,0
/control/command/control_cmd,78147295114,1785838875945999714,64118715109340,78147295114,80
/sensing/lidar/top/pointcloud_raw_ex,78147295114,1785838875951838149,64118720948084,78147295114,238232
/localization/pose_estimator/pose_with_covariance,78147295114,1785838875955604053,64118724713994,78147295114,0
/localization/kinematic_state,78197295114,1785838875995684112,64118764793960,78197295114,0
/control/command/control_cmd,78197295114,1785838875996088816,64118765198505,78197295114,80
/localization/kinematic_state,78247295115,1785838876046133413,64118815243482,78247295115,0
/control/command/control_cmd,78247295115,1785838876047296975,64118816406878,78247295115,80
/sensing/lidar/top/pointcloud_raw_ex,78247295115,1785838876051611609,64118820721803,78247295115,234744
/localization/pose_estimator/pose_with_covariance,78247295115,1785838876055060501,64118824170427,78247295115,0
/localization/kinematic_state,78297295116,1785838876095841751,64118864951603,78297295116,0
/control/command/control_cmd,78297295116,1785838876096005002,64118865114861,78297295116,80
/localization/kinematic_state,78347295117,1785838876145362693,64118914472667,78347295117,0
/control/command/control_cmd,78347295117,1785838876146113491,64118915223232,78347295117,80
/sensing/lidar/top/pointcloud_raw_ex,78347295117,1785838876151360562,64118920470657,78347295117,232728
/localization/pose_estimator/pose_with_covariance,78347295117,1785838876154248002,64118923357822,78347295117,0
/localization/kinematic_state,78397295117,1785838876195735629,64118964845613,78397295117,0
/control/command/control_cmd,78397295117,1785838876196208721,64118965318527,78397295117,80
/localization/kinematic_state,78447295118,1785838876245983322,64119015093137,78447295118,0
/control/command/control_cmd,78447295118,1785838876245996986,64119015106614,78447295118,80
/sensing/lidar/top/pointcloud_raw_ex,78447295118,1785838876251832593,64119020942616,78447295118,235288
/localization/pose_estimator/pose_with_covariance,78447295118,1785838876254517558,64119023627326,78447295118,0
/localization/kinematic_state,78497295119,1785838876296059584,64119065169358,78497295119,0
/control/command/control_cmd,78497295119,1785838876296994208,64119066104061,78497295119,80
/localization/kinematic_state,78547295120,1785838876346297504,64119115407467,78547295120,0
/control/command/control_cmd,78547295120,1785838876346305398,64119115415023,78547295120,80
/sensing/lidar/top/pointcloud_raw_ex,78547295120,1785838876351574915,64119120685206,78547295120,234360
/localization/pose_estimator/pose_with_covariance,78547295120,1785838876354599904,64119123709848,78547295120,0
/localization/kinematic_state,78597295120,1785838876396685443,64119165795529,78597295120,0
/control/command/control_cmd,78597295120,1785838876396705641,64119165815289,78597295120,80
/control/command/control_cmd,78647295121,1785838876446518376,64119215628628,78647295121,80
/localization/kinematic_state,78647295121,1785838876446555899,64119215665539,78647295121,0
/sensing/lidar/top/pointcloud_raw_ex,78647295121,1785838876453392195,64119222502049,78647295121,237304
/localization/pose_estimator/pose_with_covariance,78647295121,1785838876456554894,64119225664777,78647295121,0
/localization/kinematic_state,78697295122,1785838876495957334,64119265067218,78697295122,0
/control/command/control_cmd,78697295122,1785838876496717628,64119265827404,78697295122,80
/localization/kinematic_state,78747295123,1785838876545796169,64119314906064,78747295123,0
/control/command/control_cmd,78747295123,1785838876548353184,64119317463109,78747295123,80
/sensing/lidar/top/pointcloud_raw_ex,78747295123,1785838876551968174,64119321078083,78747295123,238872
/localization/pose_estimator/pose_with_covariance,78747295123,1785838876554761051,64119323870806,78747295123,0
/localization/kinematic_state,78797295123,1785838876595688167,64119364798029,78797295123,0
/control/command/control_cmd,78797295123,1785838876596957529,64119366067360,78797295123,80
/localization/kinematic_state,78847295124,1785838876645958174,64119415068107,78847295124,0
/control/command/control_cmd,78847295124,1785838876646160435,64119415270183,78847295124,80
/sensing/lidar/top/pointcloud_raw_ex,78847295124,1785838876651518442,64119420628686,78847295124,237944
/localization/pose_estimator/pose_with_covariance,78847295124,1785838876654776888,64119423886689,78847295124,0
/localization/kinematic_state,78897295125,1785838876695902840,64119465012556,78897295125,0
/control/command/control_cmd,78897295125,1785838876695915816,64119465025442,78897295125,80
/localization/kinematic_state,78947295126,1785838876745688700,64119514798613,78947295126,0
/control/command/control_cmd,78947295126,1785838876746128174,64119515238006,78947295126,80
/sensing/lidar/top/pointcloud_raw_ex,78947295126,1785838876752089932,64119521200208,78947295126,238232
/localization/pose_estimator/pose_with_covariance,78947295126,1785838876754902516,64119524012355,78947295126,0
/localization/kinematic_state,78997295126,1785838876796087019,64119565196887,78997295126,0
/control/command/control_cmd,78997295126,1785838876796488388,64119565598336,78997295126,80
/localization/kinematic_state,79047295127,1785838876846019642,64119615129472,79047295127,0
/control/command/control_cmd,79047295127,1785838876847042826,64119616152746,79047295127,80
/sensing/lidar/top/pointcloud_raw_ex,79047295127,1785838876851769967,64119620879863,79047295127,237112
/localization/pose_estimator/pose_with_covariance,79047295127,1785838876854463756,64119623573528,79047295127,0
/control/command/control_cmd,79097295128,1785838876895908556,64119665018406,79097295128,80
/localization/kinematic_state,79097295128,1785838876896027656,64119665137508,79097295128,0
/localization/kinematic_state,79147295129,1785838876945703033,64119714812960,79147295129,0
/control/command/control_cmd,79147295129,1785838876946433007,64119715542884,79147295129,80
/sensing/lidar/top/pointcloud_raw_ex,79147295129,1785838876953257915,64119722368220,79147295129,234936
/localization/pose_estimator/pose_with_covariance,79147295129,1785838876956253680,64119725363409,79147295129,0
/localization/kinematic_state,79197295129,1785838876996119869,64119765229797,79197295129,0
/control/command/control_cmd,79197295129,1785838876996485187,64119765595017,79197295129,80
/localization/kinematic_state,79247295130,1785838877046336737,64119815446789,79247295130,0
/control/command/control_cmd,79247295130,1785838877046356305,64119815465932,79247295130,80
/sensing/lidar/top/pointcloud_raw_ex,79247295130,1785838877051758726,64119820868920,79247295130,234968
/localization/pose_estimator/pose_with_covariance,79247295130,1785838877054575986,64119823685896,79247295130,0
/localization/kinematic_state,79297295131,1785838877095655929,64119864765701,79297295131,0
/control/command/control_cmd,79297295131,1785838877096222601,64119865332456,79297295131,80
/localization/kinematic_state,79347295132,1785838877145322276,64119914432295,79347295132,0
/control/command/control_cmd,79347295132,1785838877145747265,64119914857008,79347295132,80
/sensing/lidar/top/pointcloud_raw_ex,79347295132,1785838877151454344,64119920564369,79347295132,238680
/localization/pose_estimator/pose_with_covariance,79347295132,1785838877154405932,64119923515715,79347295132,0
/localization/kinematic_state,79397295132,1785838877195958075,64119965067910,79397295132,0
/control/command/control_cmd,79397295132,1785838877196365436,64119965475043,79397295132,80
/control/command/control_cmd,79447295133,1785838877245871826,64120014981749,79447295133,80
/localization/kinematic_state,79447295133,1785838877246067509,64120015177412,79447295133,0
/sensing/lidar/top/pointcloud_raw_ex,79447295133,1785838877251523156,64120020633262,79447295133,234072
/localization/pose_estimator/pose_with_covariance,79447295133,1785838877254281336,64120023391170,79447295133,0
/localization/kinematic_state,79497295134,1785838877295874841,64120064984650,79497295134,0
/control/command/control_cmd,79497295134,1785838877295962484,64120065072141,79497295134,80
/localization/kinematic_state,79547295135,1785838877345929094,64120115038896,79547295135,0
/control/command/control_cmd,79547295135,1785838877346535698,64120115645558,79547295135,80
/sensing/lidar/top/pointcloud_raw_ex,79547295135,1785838877353225979,64120122336316,79547295135,236184
/localization/pose_estimator/pose_with_covariance,79547295135,1785838877355342984,64120124452739,79547295135,0
/control/command/control_cmd,79597295135,1785838877396460540,64120165570369,79597295135,80
/localization/kinematic_state,79597295135,1785838877396792365,64120165902026,79597295135,0
/localization/kinematic_state,79647295136,1785838877446515866,64120215625634,79647295136,0
/control/command/control_cmd,79647295136,1785838877446535985,64120215645612,79647295136,80
/sensing/lidar/top/pointcloud_raw_ex,79647295136,1785838877451900500,64120221010447,79647295136,239672
/localization/pose_estimator/pose_with_covariance,79647295136,1785838877455192396,64120224302252,79647295136,0
/control/command/control_cmd,79697295137,1785838877495632751,64120264742480,79697295137,80
/localization/kinematic_state,79697295137,1785838877495865692,64120264975508,79697295137,0
/control/command/control_cmd,79747295138,1785838877545634941,64120314744821,79747295138,80
/localization/kinematic_state,79747295138,1785838877546001924,64120315111760,79747295138,0
/sensing/lidar/top/pointcloud_raw_ex,79747295138,1785838877552912215,64120322022512,79747295138,237624
/localization/pose_estimator/pose_with_covariance,79747295138,1785838877556664057,64120325773939,79747295138,0
/control/command/control_cmd,79797295138,1785838877596186591,64120365296498,79797295138,80
/localization/kinematic_state,79797295138,1785838877596982734,64120366092506,79797295138,0
/localization/kinematic_state,79847295139,1785838877645800121,64120414909820,79847295139,0
/control/command/control_cmd,79847295139,1785838877646873100,64120415982938,79847295139,80
/sensing/lidar/top/pointcloud_raw_ex,79847295139,1785838877652725716,64120421836043,79847295139,237304
/localization/pose_estimator/pose_with_covariance,79847295139,1785838877655665668,64120424775644,79847295139,0
/localization/kinematic_state,79897295140,1785838877696022602,64120465132396,79897295140,0
/control/command/control_cmd,79897295140,1785838877696139394,64120465249210,79897295140,80
/localization/kinematic_state,79947295140,1785838877745796367,64120514906186,79947295140,0
/control/command/control_cmd,79947295140,1785838877746526009,64120515635830,79947295140,80
/sensing/lidar/top/pointcloud_raw_ex,79947295140,1785838877751404602,64120520514366,79947295140,238008
/localization/pose_estimator/pose_with_covariance,79947295140,1785838877754149749,64120523259574,79947295140,0
/localization/kinematic_state,79997295141,1785838877795569739,64120564679511,79997295141,0
/control/command/control_cmd,79997295141,1785838877795656926,64120564766932,79997295141,80
/control/command/control_cmd,80047295142,1785838877846196648,64120615306924,80047295142,80
/localization/kinematic_state,80047295142,1785838877846236941,64120615346567,80047295142,0
/sensing/lidar/top/pointcloud_raw_ex,80047295142,1785838877851706333,64120620816427,80047295142,236600
/localization/pose_estimator/pose_with_covariance,80047295142,1785838877854764252,64120623874025,80047295142,0
/control/command/control_cmd,80097295143,1785838877896390132,64120665499968,80097295143,80
/localization/kinematic_state,80097295143,1785838877896421688,64120665531329,80097295143,0
/localization/kinematic_state,80147295143,1785838877945719278,64120714829162,80147295143,0
/control/command/control_cmd,80147295143,1785838877949823210,64120718933464,80147295143,80
/sensing/lidar/top/pointcloud_raw_ex,80147295143,1785838877952554523,64120721664572,80147295143,234040
/localization/pose_estimator/pose_with_covariance,80147295143,1785838877955619507,64120724729366,80147295143,0
/localization/kinematic_state,80197295144,1785838877996550941,64120765660806,80197295144,0
/control/command/control_cmd,80197295144,1785838877996921476,64120766031425,80197295144,80
/localization/kinematic_state,80247295145,1785838878045973998,64120815083760,80247295145,0
/control/command/control_cmd,80247295145,1785838878045989018,64120815098637,80247295145,80
/sensing/lidar/top/pointcloud_raw_ex,80247295145,1785838878051720676,64120820831109,80247295145,237688
/localization/pose_estimator/pose_with_covariance,80247295145,1785838878054864292,64120823974315,80247295145,0
/localization/kinematic_state,80297295146,1785838878095823860,64120864933679,80297295146,0
/control/command/control_cmd,80297295146,1785838878096200811,64120865310639,80297295146,80
/localization/kinematic_state,80347295146,1785838878146024232,64120915134076,80347295146,0
/control/command/control_cmd,80347295146,1785838878146341075,64120915450910,80347295146,80
/sensing/lidar/top/pointcloud_raw_ex,80347295146,1785838878151389005,64120920499016,80347295146,238008
/localization/pose_estimator/pose_with_covariance,80347295146,1785838878154072179,64120923181935,80347295146,0
/localization/kinematic_state,80397295147,1785838878196655648,64120965765405,80397295147,0
/control/command/control_cmd,80397295147,1785838878196665194,64120965774819,80397295147,80
/localization/kinematic_state,80447295148,1785838878245818642,64121014928419,80447295148,0
/control/command/control_cmd,80447295148,1785838878246923656,64121016033447,80447295148,80
/sensing/lidar/top/pointcloud_raw_ex,80447295148,1785838878251779321,64121020889328,80447295148,239032
/localization/pose_estimator/pose_with_covariance,80447295148,1785838878254674018,64121023783789,80447295148,0
/localization/kinematic_state,80497295149,1785838878295718544,64121064828295,80497295149,0
/control/command/control_cmd,80497295149,1785838878296129883,64121065240032,80497295149,80
/localization/kinematic_state,80547295149,1785838878345446699,64121114556561,80547295149,0
/control/command/control_cmd,80547295149,1785838878346966976,64121116076787,80547295149,80
/sensing/lidar/top/pointcloud_raw_ex,80547295149,1785838878352902969,64121122013251,80547295149,238904
/localization/pose_estimator/pose_with_covariance,80547295149,1785838878355777332,64121124887187,80547295149,0
/localization/kinematic_state,80597295150,1785838878395820621,64121164930839,80597295150,0
/control/command/control_cmd,80597295150,1785838878395895765,64121165005362,80597295150,80
/control/command/control_cmd,80647295151,1785838878446141360,64121215251502,80647295151,80
/localization/kinematic_state,80647295151,1785838878448934266,64121218044337,80647295151,0
/sensing/lidar/top/pointcloud_raw_ex,80647295151,1785838878451713045,64121220823000,80647295151,239096
/localization/pose_estimator/pose_with_covariance,80647295151,1785838878455982707,64121225092581,80647295151,0
/localization/kinematic_state,80697295152,1785838878496174101,64121265284342,80697295152,0
/control/command/control_cmd,80697295152,1785838878496231587,64121265341427,80697295152,80
/localization/kinematic_state,80747295152,1785838878545592534,64121314702244,80747295152,0
/control/command/control_cmd,80747295152,1785838878545978869,64121315088666,80747295152,80
/sensing/lidar/top/pointcloud_raw_ex,80747295152,1785838878551608587,64121320718329,80747295152,236376
/localization/pose_estimator/pose_with_covariance,80747295152,1785838878554519716,64121323629578,80747295152,0
/localization/kinematic_state,80797295153,1785838878596406027,64121365515778,80797295153,0
/control/command/control_cmd,80797295153,1785838878596464754,64121365574432,80797295153,80
/localization/kinematic_state,80847295154,1785838878645670389,64121414780162,80847295154,0
/control/command/control_cmd,80847295154,1785838878646878439,64121415988327,80847295154,80
/sensing/lidar/top/pointcloud_raw_ex,80847295154,1785838878651289710,64121420399674,80847295154,238904
/localization/pose_estimator/pose_with_covariance,80847295154,1785838878654295299,64121423405084,80847295154,0
/localization/kinematic_state,80897295155,1785838878696215698,64121465325421,80897295155,0
/control/command/control_cmd,80897295155,1785838878696222433,64121465332052,80897295155,80
/localization/kinematic_state,80947295155,1785838878745933242,64121515043049,80947295155,0
/control/command/control_cmd,80947295155,1785838878745940761,64121515050365,80947295155,80
/sensing/lidar/top/pointcloud_raw_ex,80947295155,1785838878751168438,64121520278542,80947295155,240056
/localization/pose_estimator/pose_with_covariance,80947295155,1785838878754237058,64121523346845,80947295155,0
/localization/kinematic_state,80997295156,1785838878796004431,64121565114212,80997295156,0
/control/command/control_cmd,80997295156,1785838878796022390,64121565132015,80997295156,80
/localization/kinematic_state,81047295157,1785838878845761575,64121614871485,81047295157,0
/control/command/control_cmd,81047295157,1785838878848039281,64121617149289,81047295157,80
/sensing/lidar/top/pointcloud_raw_ex,81047295157,1785838878851133018,64121620242828,81047295157,240536
/localization/pose_estimator/pose_with_covariance,81047295157,1785838878853759271,64121622868984,81047295157,0
/localization/kinematic_state,81097295158,1785838878895980188,64121665089924,81097295158,0
/control/command/control_cmd,81097295158,1785838878896087050,64121665197000,81097295158,80
/localization/kinematic_state,81147295158,1785838878946240211,64121715349940,81147295158,0
/control/command/control_cmd,81147295158,1785838878946247011,64121715356611,81147295158,80
/sensing/lidar/top/pointcloud_raw_ex,81147295158,1785838878952535136,64121721645519,81147295158,238744
/localization/pose_estimator/pose_with_covariance,81147295158,1785838878955599517,64121724709692,81147295158,0
/localization/kinematic_state,81197295159,1785838878996780992,64121765890720,81197295159,0
/control/command/control_cmd,81197295159,1785838878996790907,64121765900504,81197295159,80
/localization/kinematic_state,81247295160,1785838879046251762,64121815361778,81247295160,0
/control/command/control_cmd,81247295160,1785838879046456990,64121815566856,81247295160,80
/sensing/lidar/top/pointcloud_raw_ex,81247295160,1785838879051665447,64121820775697,81247295160,239672
/localization/pose_estimator/pose_with_covariance,81247295160,1785838879054497767,64121823607788,81247295160,0
/localization/kinematic_state,81297295161,1785838879095796913,64121864906674,81297295161,0
/control/command/control_cmd,81297295161,1785838879096159620,64121865269391,81297295161,80
/localization/kinematic_state,81347295161,1785838879146157312,64121915267292,81347295161,0
/control/command/control_cmd,81347295161,1785838879146433649,64121915543512,81347295161,80
/sensing/lidar/top/pointcloud_raw_ex,81347295161,1785838879151694110,64121920804111,81347295161,237848
/localization/pose_estimator/pose_with_covariance,81347295161,1785838879154627938,64121923737871,81347295161,0
/localization/kinematic_state,81397295162,1785838879195690958,64121964800715,81397295162,0
/control/command/control_cmd,81397295162,1785838879196818039,64121965927944,81397295162,80
/localization/kinematic_state,81447295163,1785838879246427294,64122015537182,81447295163,0
/control/command/control_cmd,81447295163,1785838879248777496,64122017887603,81447295163,80
/sensing/lidar/top/pointcloud_raw_ex,81447295163,1785838879252992228,64122022102183,81447295163,235288
/localization/pose_estimator/pose_with_covariance,81447295163,1785838879255877896,64122024987666,81447295163,0
/localization/kinematic_state,81497295164,1785838879296297294,64122065407034,81497295164,0
/control/command/control_cmd,81497295164,1785838879296314990,64122065424609,81497295164,80
/localization/kinematic_state,81547295164,1785838879345541819,64122114651572,81547295164,0
/control/command/control_cmd,81547295164,1785838879346044720,64122115154466,81547295164,80
/sensing/lidar/top/pointcloud_raw_ex,81547295164,1785838879351593953,64122120703826,81547295164,235736
/localization/pose_estimator/pose_with_covariance,81547295164,1785838879353998658,64122123108367,81547295164,0
/control/command/control_cmd,81597295165,1785838879395889446,64122164999432,81597295165,80
/localization/kinematic_state,81597295165,1785838879396577257,64122165686990,81597295165,0
/localization/kinematic_state,81647295166,1785838879446702261,64122215812308,81647295166,0
/control/command/control_cmd,81647295166,1785838879448928645,64122218038600,81647295166,80
/sensing/lidar/top/pointcloud_raw_ex,81647295166,1785838879451612958,64122220722751,81647295166,238680
/localization/pose_estimator/pose_with_covariance,81647295166,1785838879454362788,64122223472563,81647295166,0
/control/command/control_cmd,81697295167,1785838879496161332,64122265271571,81697295167,80
/localization/kinematic_state,81697295167,1785838879497246715,64122266356439,81697295167,0
/localization/kinematic_state,81747295167,1785838879546952542,64122316062660,81747295167,0
/control/command/control_cmd,81747295167,1785838879546963882,64122316073533,81747295167,80
/sensing/lidar/top/pointcloud_raw_ex,81747295167,1785838879551344779,64122320454655,81747295167,238360
/localization/pose_estimator/pose_with_covariance,81747295167,1785838879554419716,64122323529608,81747295167,0
/localization/kinematic_state,81797295168,1785838879596131687,64122365241453,81797295168,0
/control/command/control_cmd,81797295168,1785838879596325016,64122365434782,81797295168,80
/localization/kinematic_state,81847295169,1785838879645701096,64122414811086,81847295169,0
/control/command/control_cmd,81847295169,1785838879646174587,64122415284457,81847295169,80
/sensing/lidar/top/pointcloud_raw_ex,81847295169,1785838879651073428,64122420183506,81847295169,239992
/localization/pose_estimator/pose_with_covariance,81847295169,1785838879654432714,64122423542539,81847295169,0
/control/command/control_cmd,81897295170,1785838879695661500,64122464771272,81897295170,80
/localization/kinematic_state,81897295170,1785838879696015065,64122465124895,81897295170,0
/control/command/control_cmd,81947295170,1785838879745697680,64122514807640,81947295170,80
/localization/kinematic_state,81947295170,1785838879746097931,64122515207679,81947295170,0
/sensing/lidar/top/pointcloud_raw_ex,81947295170,1785838879751174051,64122520284030,81947295170,235768
/localization/pose_estimator/pose_with_covariance,81947295170,1785838879753822076,64122522931772,81947295170,0
/localization/kinematic_state,81997295171,1785838879796088716,64122565198691,81997295171,0
/control/command/control_cmd,81997295171,1785838879796583796,64122565693661,81997295171,80
/localization/kinematic_state,82047295172,1785838879845969899,64122615079891,82047295172,0
/control/command/control_cmd,82047295172,1785838879846381240,64122615491108,82047295172,80
/sensing/lidar/top/pointcloud_raw_ex,82047295172,1785838879850843558,64122619953631,82047295172,234776
/localization/pose_estimator/pose_with_covariance,82047295172,1785838879853719058,64122622828846,82047295172,0
/localization/kinematic_state,82097295173,1785838879895812353,64122664922075,82097295173,0
/control/command/control_cmd,82097295173,1785838879896153563,64122665263293,82097295173,80
/localization/kinematic_state,82147295173,1785838879946933767,64122716043663,82147295173,0
/control/command/control_cmd,82147295173,1785838879946944089,64122716053685,82147295173,80
/sensing/lidar/top/pointcloud_raw_ex,82147295173,1785838879951478732,64122720589046,82147295173,241624
/localization/pose_estimator/pose_with_covariance,82147295173,1785838879954425493,64122723535249,82147295173,0
/localization/kinematic_state,82197295174,1785838879996793538,64122765903300,82197295174,0
/control/command/control_cmd,82197295174,1785838879996803362,64122765913001,82197295174,80
/localization/kinematic_state,82247295175,1785838880046352099,64122815462358,82247295175,0
/control/command/control_cmd,82247295175,1785838880046397057,64122815506976,82247295175,80
/sensing/lidar/top/pointcloud_raw_ex,82247295175,1785838880051613198,64122820723412,82247295175,238392
/localization/pose_estimator/pose_with_covariance,82247295175,1785838880054977870,64122824087977,82247295175,0
/localization/kinematic_state,82297295176,1785838880095530996,64122864640740,82297295176,0
/control/command/control_cmd,82297295176,1785838880095603094,64122864712703,82297295176,80
/control/command/control_cmd,82347295176,1785838880145988245,64122915098458,82347295176,80
/localization/kinematic_state,82347295176,1785838880146167406,64122915277172,82347295176,0
/sensing/lidar/top/pointcloud_raw_ex,82347295176,1785838880151284671,64122920394718,82347295176,232376
/localization/pose_estimator/pose_with_covariance,82347295176,1785838880154242476,64122923352401,82347295176,0
/localization/kinematic_state,82397295177,1785838880196275449,64122965385376,82397295177,0
/control/command/control_cmd,82397295177,1785838880196294317,64122965403962,82397295177,80
/localization/kinematic_state,82447295178,1785838880245501790,64123014611853,82447295178,0
/control/command/control_cmd,82447295178,1785838880246069660,64123015179568,82447295178,80
/sensing/lidar/top/pointcloud_raw_ex,82447295178,1785838880251087979,64123020197883,82447295178,239160
/localization/pose_estimator/pose_with_covariance,82447295178,1785838880253957783,64123023067492,82447295178,0
/localization/kinematic_state,82497295178,1785838880296285732,64123065395527,82497295178,0
/control/command/control_cmd,82497295178,1785838880297474755,64123066584595,82497295178,80
/localization/kinematic_state,82547295179,1785838880345871432,64123114981329,82547295179,0
/control/command/control_cmd,82547295179,1785838880346834486,64123115944363,82547295179,80
/sensing/lidar/top/pointcloud_raw_ex,82547295179,1785838880353299295,64123122409273,82547295179,238424
/localization/pose_estimator/pose_with_covariance,82547295179,1785838880356566470,64123125676267,82547295179,0
/localization/kinematic_state,82597295180,1785838880396220804,64123165330872,82597295180,0
/control/command/control_cmd,82597295180,1785838880396337366,64123165447016,82597295180,80
/localization/kinematic_state,82647295181,1785838880446296732,64123215406689,82647295181,0
/control/command/control_cmd,82647295181,1785838880447953771,64123217063436,82647295181,80
/sensing/lidar/top/pointcloud_raw_ex,82647295181,1785838880451125464,64123220235336,82647295181,240568
/localization/pose_estimator/pose_with_covariance,82647295181,1785838880453769756,64123222879550,82647295181,0
/localization/kinematic_state,82697295181,1785838880495509762,64123264620010,82697295181,0
/control/command/control_cmd,82697295181,1785838880495894571,64123265004486,82697295181,80
/localization/kinematic_state,82747295182,1785838880545554274,64123314663989,82747295182,0
/control/command/control_cmd,82747295182,1785838880546332292,64123315442284,82747295182,80
/sensing/lidar/top/pointcloud_raw_ex,82747295182,1785838880553329500,64123322439813,82747295182,238168
/localization/pose_estimator/pose_with_covariance,82747295182,1785838880556017362,64123325127148,82747295182,0
/localization/kinematic_state,82797295183,1785838880595692520,64123364802244,82797295183,0
/control/command/control_cmd,82797295183,1785838880596203936,64123365313598,82797295183,80
/control/command/control_cmd,82847295184,1785838880646992677,64123416102658,82847295184,80
/localization/kinematic_state,82847295184,1785838880647021222,64123416130831,82847295184,0
/sensing/lidar/top/pointcloud_raw_ex,82847295184,1785838880652484964,64123421595129,82847295184,240056
/localization/pose_estimator/pose_with_covariance,82847295184,1785838880655402000,64123424511866,82847295184,0
/localization/kinematic_state,82897295184,1785838880697181099,64123466290841,82897295184,0
/control/command/control_cmd,82897295184,1785838880697189521,64123466299146,82897295184,80
/localization/kinematic_state,82947295185,1785838880745914214,64123515024026,82947295185,0
/control/command/control_cmd,82947295185,1785838880746913187,64123516022989,82947295185,80
/sensing/lidar/top/pointcloud_raw_ex,82947295185,1785838880752152049,64123521262011,82947295185,239768
/localization/pose_estimator/pose_with_covariance,82947295185,1785838880755732592,64123524842454,82947295185,0
/control/command/control_cmd,82997295186,1785838880796146995,64123565257006,82997295186,80
/localization/kinematic_state,82997295186,1785838880796811947,64123565921663,82997295186,0
/localization/kinematic_state,83047295187,1785838880845777041,64123614886898,83047295187,0
/control/command/control_cmd,83047295187,1785838880847200526,64123616310336,83047295187,80
/sensing/lidar/top/pointcloud_raw_ex,83047295187,1785838880851523041,64123620632865,83047295187,235576
/localization/pose_estimator/pose_with_covariance,83047295187,1785838880855269896,64123624379612,83047295187,0
/localization/kinematic_state,83097295187,1785838880895826687,64123664936475,83097295187,0
/control/command/control_cmd,83097295187,1785838880896286594,64123665396487,83097295187,80
/localization/kinematic_state,83147295188,1785838880945411702,64123714521463,83147295188,0
/control/command/control_cmd,83147295188,1785838880946273661,64123715383468,83147295188,80
/sensing/lidar/top/pointcloud_raw_ex,83147295188,1785838880951389321,64123720499485,83147295188,236152
/localization/pose_estimator/pose_with_covariance,83147295188,1785838880954113953,64123723223673,83147295188,0
/localization/kinematic_state,83197295189,1785838880995545513,64123764655360,83197295189,0
/control/command/control_cmd,83197295189,1785838880996386158,64123765495907,83197295189,80
/localization/kinematic_state,83247295190,1785838881045675105,64123814784870,83247295190,0
/control/command/control_cmd,83247295190,1785838881046936600,64123816046571,83247295190,80
/sensing/lidar/top/pointcloud_raw_ex,83247295190,1785838881051614226,64123820724554,83247295190,236536
/localization/pose_estimator/pose_with_covariance,83247295190,1785838881054503864,64123823613866,83247295190,0
/localization/kinematic_state,83297295190,1785838881096991624,64123866101557,83297295190,0
/control/command/control_cmd,83297295190,1785838881097001017,64123866110614,83297295190,80
/localization/kinematic_state,83347295191,1785838881145763718,64123914873588,83347295191,0
/control/command/control_cmd,83347295191,1785838881146361675,64123915471549,83347295191,80
/sensing/lidar/top/pointcloud_raw_ex,83347295191,1785838881151353337,64123920463327,83347295191,241112
/localization/pose_estimator/pose_with_covariance,83347295191,1785838881155392219,64123924502054,83347295191,0
/localization/kinematic_state,83397295192,1785838881196036138,64123965146063,83397295192,0
/control/command/control_cmd,83397295192,1785838881196046565,64123965156182,83397295192,80
/localization/kinematic_state,83447295193,1785838881245886775,64124014996546,83447295193,0
/control/command/control_cmd,83447295193,1785838881246485531,64124015595513,83447295193,80
/sensing/lidar/top/pointcloud_raw_ex,83447295193,1785838881251520974,64124020630949,83447295193,235384
/localization/pose_estimator/pose_with_covariance,83447295193,1785838881254211949,64124023321713,83447295193,0
/localization/kinematic_state,83497295193,1785838881304359569,64124073469338,83497295193,0
/control/command/control_cmd,83497295193,1785838881304775354,64124073885020,83497295193,80
/localization/kinematic_state,83547295194,1785838881345942548,64124115052307,83547295194,0
/control/command/control_cmd,83547295194,1785838881346328884,64124115438763,83547295194,80
/sensing/lidar/top/pointcloud_raw_ex,83547295194,1785838881352743839,64124121853790,83547295194,236600
/localization/pose_estimator/pose_with_covariance,83547295194,1785838881355817953,64124124927643,83547295194,0
/localization/kinematic_state,83597295195,1785838881395835760,64124164945714,83597295195,0
/control/command/control_cmd,83597295195,1785838881396068699,64124165178532,83597295195,80
/localization/kinematic_state,83647295196,1785838881445162441,64124214272344,83647295196,0
/control/command/control_cmd,83647295196,1785838881445800549,64124214910564,83647295196,80
/sensing/lidar/top/pointcloud_raw_ex,83647295196,1785838881450734399,64124219844284,83647295196,238424
/localization/pose_estimator/pose_with_covariance,83647295196,1785838881453369463,64124222479399,83647295196,0
/localization/kinematic_state,83697295196,1785838881495774357,64124264884362,83697295196,0
/control/command/control_cmd,83697295196,1785838881496081539,64124265191418,83697295196,80
/localization/kinematic_state,83747295197,1785838881545623312,64124314733219,83747295197,0
/control/command/control_cmd,83747295197,1785838881546595021,64124315704952,83747295197,80
/sensing/lidar/top/pointcloud_raw_ex,83747295197,1785838881551320885,64124320430809,83747295197,237688
/localization/pose_estimator/pose_with_covariance,83747295197,1785838881554355328,64124323465212,83747295197,0
/localization/kinematic_state,83797295198,1785838881652595354,64124421705111,83797295198,0
/control/command/control_cmd,83797295198,1785838881652614508,64124421724147,83797295198,80
/localization/kinematic_state,83847295199,1785838881657243836,64124426353673,83847295199,0
/control/command/control_cmd,83847295199,1785838881659368666,64124428478601,83847295199,80
/sensing/lidar/top/pointcloud_raw_ex,83847295199,1785838881663314148,64124432424379,83847295199,239160
/localization/pose_estimator/pose_with_covariance,83847295199,1785838881666293794,64124435403924,83847295199,0
/localization/kinematic_state,83897295199,1785838881695514851,64124464624713,83897295199,0
/control/command/control_cmd,83897295199,1785838881695905915,64124465015796,83897295199,80
/localization/kinematic_state,83947295200,1785838881745658176,64124514768101,83947295200,0
/control/command/control_cmd,83947295200,1785838881745887796,64124514997701,83947295200,80
/sensing/lidar/top/pointcloud_raw_ex,83947295200,1785838881750764225,64124519874138,83947295200,237240
/localization/pose_estimator/pose_with_covariance,83947295200,1785838881753867461,64124522977159,83947295200,0
/localization/kinematic_state,83997295201,1785838881796067726,64124565177482,83997295201,0
/control/command/control_cmd,83997295201,1785838881796077405,64124565187032,83997295201,80
/localization/kinematic_state,84047295202,1785838881845579872,64124614689862,84047295202,0
/control/command/control_cmd,84047295202,1785838881846501103,64124615610974,84047295202,80
/sensing/lidar/top/pointcloud_raw_ex,84047295202,1785838881850714443,64124619824427,84047295202,239320
/localization/pose_estimator/pose_with_covariance,84047295202,1785838881854187085,64124623296797,84047295202,0
/control/command/control_cmd,84097295202,1785838881902957286,64124672067424,84097295202,80
/localization/kinematic_state,84097295202,1785838881902999196,64124672108845,84097295202,0
/localization/kinematic_state,84147295203,1785838881946118836,64124715228847,84147295203,0
/control/command/control_cmd,84147295203,1785838881946871395,64124715981124,84147295203,80
/sensing/lidar/top/pointcloud_raw_ex,84147295203,1785838881952073017,64124721182896,84147295203,234616
/localization/pose_estimator/pose_with_covariance,84147295203,1785838881954923549,64124724033394,84147295203,0
/localization/kinematic_state,84197295204,1785838882045966721,64124815076528,84197295204,0
/control/command/control_cmd,84197295204,1785838882046549531,64124815659239,84197295204,80
/control/command/control_cmd,84247295205,1785838882052481593,64124821591435,84247295205,80
/localization/kinematic_state,84247295205,1785838882052962064,64124822071779,84247295205,0
/sensing/lidar/top/pointcloud_raw_ex,84247295205,1785838882059022462,64124828132636,84247295205,236184
/localization/pose_estimator/pose_with_covariance,84247295205,1785838882061825907,64124830936015,84247295205,0
/control/command/control_cmd,84297295205,1785838882096228604,64124865338768,84297295205,80
/localization/kinematic_state,84297295205,1785838882096570752,64124865680527,84297295205,0
/localization/kinematic_state,84347295206,1785838882145603940,64124914713721,84347295206,0
/control/command/control_cmd,84347295206,1785838882146378300,64124915488148,84347295206,80
/sensing/lidar/top/pointcloud_raw_ex,84347295206,1785838882150933542,64124920043355,84347295206,237656
/localization/pose_estimator/pose_with_covariance,84347295206,1785838882153819695,64124922929353,84347295206,0
/localization/kinematic_state,84397295207,1785838882200118105,64124969228069,84397295207,0
/control/command/control_cmd,84397295207,1785838882200131362,64124969240985,84397295207,80
/localization/kinematic_state,84447295208,1785838882246111878,64125015221719,84447295208,0
/control/command/control_cmd,84447295208,1785838882246448210,64125015558068,84447295208,80
/sensing/lidar/top/pointcloud_raw_ex,84447295208,1785838882251485321,64125020595209,84447295208,236888
/localization/pose_estimator/pose_with_covariance,84447295208,1785838882254543394,64125023653348,84447295208,0
/localization/kinematic_state,84497295208,1785838882296123680,64125065233420,84497295208,0
/control/command/control_cmd,84497295208,1785838882296222060,64125065331979,84497295208,80
/control/command/control_cmd,84547295209,1785838882345696712,64125114806514,84547295209,80
/localization/kinematic_state,84547295209,1785838882345967352,64125115077256,84547295209,0
/sensing/lidar/top/pointcloud_raw_ex,84547295209,1785838882351319833,64125120430229,84547295209,237272
/localization/pose_estimator/pose_with_covariance,84547295209,1785838882353929928,64125123039905,84547295209,0
/localization/kinematic_state,84597295210,1785838882395761701,64125164871528,84597295210,0
/control/command/control_cmd,84597295210,1785838882397028786,64125166138473,84597295210,80
/localization/kinematic_state,84647295211,1785838882445870721,64125214980701,84647295211,0
/control/command/control_cmd,84647295211,1785838882446189751,64125215299449,84647295211,80
/sensing/lidar/top/pointcloud_raw_ex,84647295211,1785838882450945433,64125220055267,84647295211,238840
/localization/pose_estimator/pose_with_covariance,84647295211,1785838882453615693,64125222725427,84647295211,0
/localization/kinematic_state,84697295211,1785838882496592388,64125265702716,84697295211,0
/control/command/control_cmd,84697295211,1785838882496608603,64125265718286,84697295211,80
/localization/kinematic_state,84747295212,1785838882545668472,64125314778194,84747295212,0
/control/command/control_cmd,84747295212,1785838882546403210,64125315513151,84747295212,80
/sensing/lidar/top/pointcloud_raw_ex,84747295212,1785838882552272022,64125321382199,84747295212,237464
/localization/pose_estimator/pose_with_covariance,84747295212,1785838882555359872,64125324469591,84747295212,0
/localization/kinematic_state,84797295213,1785838882596186294,64125365296171,84797295213,0
/control/command/control_cmd,84797295213,1785838882596271534,64125365381182,84797295213,80
/localization/kinematic_state,84847295214,1785838882645497988,64125414607694,84847295214,0
/control/command/control_cmd,84847295214,1785838882646254621,64125415364521,84847295214,80
/sensing/lidar/top/pointcloud_raw_ex,84847295214,1785838882651039604,64125420149626,84847295214,238904
/localization/pose_estimator/pose_with_covariance,84847295214,1785838882653966467,64125423076186,84847295214,0
/localization/kinematic_state,84897295214,1785838882696179496,64125465289339,84897295214,0
/control/command/control_cmd,84897295214,1785838882696187606,64125465297242,84897295214,80
/localization/kinematic_state,84947295215,1785838882746013498,64125515123262,84947295215,0
/control/command/control_cmd,84947295215,1785838882746213091,64125515322925,84947295215,80
/sensing/lidar/top/pointcloud_raw_ex,84947295215,1785838882751000104,64125520109913,84947295215,240248
/localization/pose_estimator/pose_with_covariance,84947295215,1785838882754661242,64125523771010,84947295215,0
/localization/kinematic_state,84997295216,1785838882795693851,64125564803749,84997295216,0
/control/command/control_cmd,84997295216,1785838882795712336,64125564821949,84997295216,80
/localization/kinematic_state,85047295216,1785838882846088549,64125615198529,85047295216,0
/control/command/control_cmd,85047295216,1785838882846585003,64125615694791,85047295216,80
/sensing/lidar/top/pointcloud_raw_ex,85047295216,1785838882851339510,64125620449635,85047295216,238040
/localization/pose_estimator/pose_with_covariance,85047295216,1785838882854027085,64125623136885,85047295216,0
/localization/kinematic_state,85097295217,1785838882895481854,64125664591663,85097295217,0
/control/command/control_cmd,85097295217,1785838882896162229,64125665272145,85097295217,80
/localization/kinematic_state,85147295218,1785838882946390165,64125715500026,85147295218,0
/control/command/control_cmd,85147295218,1785838882947906885,64125717016599,85147295218,80
/sensing/lidar/top/pointcloud_raw_ex,85147295218,1785838882951004899,64125720114877,85147295218,240440
/localization/pose_estimator/pose_with_covariance,85147295218,1785838882954020154,64125723129931,85147295218,0
/localization/kinematic_state,85197295219,1785838882996357423,64125765467338,85197295219,0
/control/command/control_cmd,85197295219,1785838882996371828,64125765481451,85197295219,80
/control/command/control_cmd,85247295219,1785838883045541478,64125814651516,85247295219,80
/localization/kinematic_state,85247295219,1785838883047306214,64125816416084,85247295219,0
/sensing/lidar/top/pointcloud_raw_ex,85247295219,1785838883051174439,64125820284627,85247295219,239256
/localization/pose_estimator/pose_with_covariance,85247295219,1785838883054113073,64125823223017,85247295219,0
/localization/kinematic_state,85297295220,1785838883095509973,64125864619816,85297295220,0
/control/command/control_cmd,85297295220,1785838883095518117,64125864627739,85297295220,80
/localization/kinematic_state,85347295221,1785838883145647704,64125914757454,85347295221,0
/control/command/control_cmd,85347295221,1785838883146514123,64125915624043,85347295221,80
/sensing/lidar/top/pointcloud_raw_ex,85347295221,1785838883151898327,64125921008468,85347295221,239032
/localization/pose_estimator/pose_with_covariance,85347295221,1785838883155014020,64125924123790,85347295221,0
/localization/kinematic_state,85397295222,1785838883195563736,64125964673478,85397295222,0
/control/command/control_cmd,85397295222,1785838883195789164,64125964899020,85397295222,80
/localization/kinematic_state,85447295222,1785838883245432925,64126014542873,85447295222,0
/control/command/control_cmd,85447295222,1785838883245553689,64126014663571,85447295222,80
/sensing/lidar/top/pointcloud_raw_ex,85447295222,1785838883250864988,64126019975244,85447295222,238072
/localization/pose_estimator/pose_with_covariance,85447295222,1785838883253963525,64126023073466,85447295222,0
/localization/kinematic_state,85497295223,1785838883295627809,64126064737748,85497295223,0
/control/command/control_cmd,85497295223,1785838883295958076,64126065067897,85497295223,80
/localization/kinematic_state,85547295224,1785838883346030935,64126115140685,85547295224,0
/control/command/control_cmd,85547295224,1785838883346333687,64126115443359,85547295224,80
/sensing/lidar/top/pointcloud_raw_ex,85547295224,1785838883350827228,64126119937372,85547295224,238072
/localization/pose_estimator/pose_with_covariance,85547295224,1785838883354030143,64126123139877,85547295224,0
/localization/kinematic_state,85597295225,1785838883395894181,64126165003960,85597295225,0
/control/command/control_cmd,85597295225,1785838883396084346,64126165194211,85597295225,80
/localization/kinematic_state,85647295225,1785838883445785933,64126214895907,85647295225,0
/control/command/control_cmd,85647295225,1785838883446791288,64126215901351,85647295225,80
/sensing/lidar/top/pointcloud_raw_ex,85647295225,1785838883450995053,64126220104826,85647295225,240984
/localization/pose_estimator/pose_with_covariance,85647295225,1785838883453775162,64126222884882,85647295225,0
/localization/kinematic_state,85697295226,1785838883495672421,64126264782292,85697295226,0
/control/command/control_cmd,85697295226,1785838883495767051,64126264876989,85697295226,80
/localization/kinematic_state,85747295227,1785838883545553288,64126314663132,85747295227,0
/control/command/control_cmd,85747295227,1785838883545958804,64126315068588,85747295227,80
/sensing/lidar/top/pointcloud_raw_ex,85747295227,1785838883550615536,64126319726416,85747295227,235224
/localization/pose_estimator/pose_with_covariance,85747295227,1785838883553720088,64126322830082,85747295227,0
/localization/kinematic_state,85797295228,1785838883595823193,64126364933098,85797295228,0
/control/command/control_cmd,85797295228,1785838883595841572,64126364951192,85797295228,80
/localization/kinematic_state,85847295228,1785838883645931338,64126415041195,85847295228,0
/control/command/control_cmd,85847295228,1785838883646148946,64126415258845,85847295228,80
/sensing/lidar/top/pointcloud_raw_ex,85847295228,1785838883650513241,64126419623061,85847295228,241144
/localization/pose_estimator/pose_with_covariance,85847295228,1785838883655195178,64126424304865,85847295228,0
/localization/kinematic_state,85897295229,1785838883695744099,64126464854133,85897295229,0
/control/command/control_cmd,85897295229,1785838883695840483,64126464950314,85897295229,80
/localization/kinematic_state,85947295230,1785838883745505709,64126514615454,85947295230,0
/control/command/control_cmd,85947295230,1785838883746677769,64126515787649,85947295230,80
/sensing/lidar/top/pointcloud_raw_ex,85947295230,1785838883750811721,64126519921882,85947295230,238328
/localization/pose_estimator/pose_with_covariance,85947295230,1785838883754317934,64126523427809,85947295230,0
/control/command/control_cmd,85997295231,1785838883795739308,64126564849423,85997295231,80
/localization/kinematic_state,85997295231,1785838883795828541,64126564938318,85997295231,0
/localization/kinematic_state,86047295231,1785838883845775605,64126614885600,86047295231,0
/control/command/control_cmd,86047295231,1785838883846079272,64126615189028,86047295231,80
/sensing/lidar/top/pointcloud_raw_ex,86047295231,1785838883850741116,64126619851027,86047295231,235768
/localization/pose_estimator/pose_with_covariance,86047295231,1785838883853264392,64126622374172,86047295231,0
/localization/kinematic_state,86097295232,1785838883896280348,64126665390101,86097295232,0
/control/command/control_cmd,86097295232,1785838883896383148,64126665492983,86097295232,80
/control/command/control_cmd,86147295233,1785838883945775625,64126714885888,86147295233,80
/localization/kinematic_state,86147295233,1785838883945983556,64126715093348,86147295233,0
/sensing/lidar/top/pointcloud_raw_ex,86147295233,1785838883951132700,64126720242675,86147295233,235352
/localization/pose_estimator/pose_with_covariance,86147295233,1785838883953780005,64126722889787,86147295233,0
/localization/kinematic_state,86197295234,1785838883996375649,64126765485347,86197295234,0
/control/command/control_cmd,86197295234,1785838883996384420,64126765494060,86197295234,80
/localization/kinematic_state,86247295234,1785838884045869682,64126814979436,86247295234,0
/control/command/control_cmd,86247295234,1785838884046657817,64126815767704,86247295234,80
/sensing/lidar/top/pointcloud_raw_ex,86247295234,1785838884052403790,64126821514127,86247295234,237400
/localization/pose_estimator/pose_with_covariance,86247295234,1785838884055806884,64126824916841,86247295234,0
/localization/kinematic_state,86297295235,1785838884096237092,64126865346981,86297295235,0
/control/command/control_cmd,86297295235,1785838884096252481,64126865362109,86297295235,80
/localization/kinematic_state,86347295236,1785838884145772106,64126914882090,86347295236,0
/control/command/control_cmd,86347295236,1785838884146724102,64126915833866,86347295236,80
/sensing/lidar/top/pointcloud_raw_ex,86347295236,1785838884151269020,64126920379111,86347295236,239736
/localization/pose_estimator/pose_with_covariance,86347295236,1785838884153793724,64126922903496,86347295236,0
/localization/kinematic_state,86397295237,1785838884196082427,64126965192282,86397295237,0
/control/command/control_cmd,86397295237,1785838884196095440,64126965205070,86397295237,80
/localization/kinematic_state,86447295237,1785838884245632993,64127014742954,86447295237,0
/control/command/control_cmd,86447295237,1785838884246371664,64127015481584,86447295237,80
/sensing/lidar/top/pointcloud_raw_ex,86447295237,1785838884250701115,64127019811116,86447295237,235640
/localization/pose_estimator/pose_with_covariance,86447295237,1785838884253454760,64127022564516,86447295237,0
/localization/kinematic_state,86497295238,1785838884296084653,64127065194414,86497295238,0
/control/command/control_cmd,86497295238,1785838884296096939,64127065206575,86497295238,80
/localization/kinematic_state,86547295239,1785838884345464077,64127114573792,86547295239,0
/control/command/control_cmd,86547295239,1785838884346788596,64127115898348,86547295239,80
/sensing/lidar/top/pointcloud_raw_ex,86547295239,1785838884350828650,64127119938468,86547295239,238648
/localization/pose_estimator/pose_with_covariance,86547295239,1785838884353571713,64127122681541,86547295239,0
/localization/kinematic_state,86597295240,1785838884395517505,64127164627261,86597295240,0
/control/command/control_cmd,86597295240,1785838884395879161,64127164989059,86597295240,80
/localization/kinematic_state,86647295240,1785838884445823710,64127214933591,86647295240,0
/control/command/control_cmd,86647295240,1785838884446221991,64127215331971,86647295240,80
/sensing/lidar/top/pointcloud_raw_ex,86647295240,1785838884452246270,64127221356330,86647295240,237016
/localization/pose_estimator/pose_with_covariance,86647295240,1785838884454972982,64127224082775,86647295240,0
/localization/kinematic_state,86697295241,1785838884495789746,64127264899551,86697295241,0
/control/command/control_cmd,86697295241,1785838884496344867,64127265454694,86697295241,80
/localization/kinematic_state,86747295242,1785838884546246042,64127315356004,86747295242,0
/control/command/control_cmd,86747295242,1785838884546256291,64127315365899,86747295242,80
/sensing/lidar/top/pointcloud_raw_ex,86747295242,1785838884550949239,64127320059400,86747295242,237624
/localization/pose_estimator/pose_with_covariance,86747295242,1785838884553552955,64127322662793,86747295242,0
/control/command/control_cmd,86797295243,1785838884596443456,64127365553355,86797295243,80
/localization/kinematic_state,86797295243,1785838884596960824,64127366070554,86797295243,0
/localization/kinematic_state,86847295243,1785838884646370262,64127415480072,86847295243,0
/control/command/control_cmd,86847295243,1785838884646379245,64127415488880,86847295243,80
/sensing/lidar/top/pointcloud_raw_ex,86847295243,1785838884651745107,64127420854971,86847295243,239320
/localization/pose_estimator/pose_with_covariance,86847295243,1785838884654621411,64127423731205,86847295243,0
/control/command/control_cmd,86897295244,1785838884696226773,64127465336766,86897295244,80
/localization/kinematic_state,86897295244,1785838884696499012,64127465608674,86897295244,0
/control/command/control_cmd,86947295245,1785838884746172956,64127515283099,86947295245,80
/localization/kinematic_state,86947295245,1785838884746517234,64127515626953,86947295245,0
/sensing/lidar/top/pointcloud_raw_ex,86947295245,1785838884751852450,64127520962415,86947295245,235736
/localization/pose_estimator/pose_with_covariance,86947295245,1785838884754550972,64127523660784,86947295245,0
/localization/kinematic_state,86997295246,1785838884795483969,64127564593718,86997295246,0
/control/command/control_cmd,86997295246,1785838884795762918,64127564872629,86997295246,80
/localization/kinematic_state,87047295246,1785838884846398096,64127615507845,87047295246,0
/control/command/control_cmd,87047295246,1785838884847909035,64127617018805,87047295246,80
/sensing/lidar/top/pointcloud_raw_ex,87047295246,1785838884852515976,64127621625811,87047295246,237272
/localization/pose_estimator/pose_with_covariance,87047295246,1785838884855317565,64127624427493,87047295246,0
/localization/kinematic_state,87097295247,1785838884895991378,64127665101222,87097295247,0
/control/command/control_cmd,87097295247,1785838884896532350,64127665642094,87097295247,80
/localization/kinematic_state,87147295248,1785838884946425641,64127715535581,87147295248,0
/control/command/control_cmd,87147295248,1785838884946496416,64127715606295,87147295248,80
/sensing/lidar/top/pointcloud_raw_ex,87147295248,1785838884951457600,64127720568070,87147295248,236056
/localization/pose_estimator/pose_with_covariance,87147295248,1785838884954134351,64127723244208,87147295248,0
/localization/kinematic_state,87197295249,1785838884996252863,64127765362598,87197295249,0
/control/command/control_cmd,87197295249,1785838884996807267,64127765917135,87197295249,80
/localization/kinematic_state,87247295249,1785838885045619719,64127814729471,87247295249,0
/control/command/control_cmd,87247295249,1785838885046246779,64127815356660,87247295249,80
/sensing/lidar/top/pointcloud_raw_ex,87247295249,1785838885053474009,64127822584334,87247295249,237144
/localization/pose_estimator/pose_with_covariance,87247295249,1785838885056182982,64127825292750,87247295249,0
/control/command/control_cmd,87297295250,1785838885095662189,64127864772028,87297295250,80
/localization/kinematic_state,87297295250,1785838885096113504,64127865223386,87297295250,0
/localization/kinematic_state,87347295251,1785838885145918766,64127915028627,87347295251,0
/control/command/control_cmd,87347295251,1785838885146840552,64127915950337,87347295251,80
/sensing/lidar/top/pointcloud_raw_ex,87347295251,1785838885153050237,64127922160229,87347295251,235576
/localization/pose_estimator/pose_with_covariance,87347295251,1785838885155935734,64127925045490,87347295251,0
/control/command/control_cmd,87397295252,1785838885196295003,64127965404884,87397295252,80
/localization/kinematic_state,87397295252,1785838885196411688,64127965521474,87397295252,0
/control/command/control_cmd,87447295252,1785838885246029046,64128015139071,87447295252,80
/localization/kinematic_state,87447295252,1785838885246066966,64128015176608,87447295252,0
/sensing/lidar/top/pointcloud_raw_ex,87447295252,1785838885251379975,64128020490090,87447295252,236120
/localization/pose_estimator/pose_with_covariance,87447295252,1785838885254630751,64128023740670,87447295252,0
/localization/kinematic_state,87497295253,1785838885295676408,64128064786183,87497295253,0
/control/command/control_cmd,87497295253,1785838885296513332,64128065623112,87497295253,80
/localization/kinematic_state,87547295254,1785838885346368680,64128115478553,87547295254,0
/control/command/control_cmd,87547295254,1785838885347877489,64128116987283,87547295254,80
/sensing/lidar/top/pointcloud_raw_ex,87547295254,1785838885351300156,64128120409963,87547295254,238808
/localization/pose_estimator/pose_with_covariance,87547295254,1785838885354015539,64128123125311,87547295254,0
/localization/kinematic_state,87597295254,1785838885395498098,64128164607951,87597295254,0
/control/command/control_cmd,87597295254,1785838885396593053,64128165703008,87597295254,80
/localization/kinematic_state,87647295255,1785838885446134618,64128215244499,87647295255,0
/control/command/control_cmd,87647295255,1785838885446492190,64128215601908,87647295255,80
/sensing/lidar/top/pointcloud_raw_ex,87647295255,1785838885450846302,64128219956102,87647295255,235032
/localization/pose_estimator/pose_with_covariance,87647295255,1785838885454201824,64128223311603,87647295255,0
/localization/kinematic_state,87697295256,1785838885495824868,64128264934607,87697295256,0
/control/command/control_cmd,87697295256,1785838885496427071,64128265536829,87697295256,80
/localization/kinematic_state,87747295257,1785838885546260016,64128315370052,87747295257,0
/control/command/control_cmd,87747295257,1785838885546398278,64128315507905,87747295257,80
/sensing/lidar/top/pointcloud_raw_ex,87747295257,1785838885550920370,64128320030358,87747295257,238136
/localization/pose_estimator/pose_with_covariance,87747295257,1785838885553915964,64128323025831,87747295257,0
/localization/kinematic_state,87797295257,1785838885595658870,64128364768632,87797295257,0
/control/command/control_cmd,87797295257,1785838885595953704,64128365063395,87797295257,80
/control/command/control_cmd,87847295258,1785838885646125570,64128415235514,87847295258,80
/localization/kinematic_state,87847295258,1785838885646468493,64128415578205,87847295258,0
/sensing/lidar/top/pointcloud_raw_ex,87847295258,1785838885651117658,64128420227531,87847295258,237176
/localization/pose_estimator/pose_with_covariance,87847295258,1785838885654005729,64128423115611,87847295258,0
/control/command/control_cmd,87897295259,1785838885696468706,64128465578915,87897295259,80
/localization/kinematic_state,87897295259,1785838885696615089,64128465724784,87897295259,0
/localization/kinematic_state,87947295260,1785838885746163678,64128515273622,87947295260,0
/control/command/control_cmd,87947295260,1785838885746618762,64128515728630,87947295260,80
/sensing/lidar/top/pointcloud_raw_ex,87947295260,1785838885751483570,64128520593796,87947295260,233880
/localization/pose_estimator/pose_with_covariance,87947295260,1785838885754299454,64128523409241,87947295260,0
/localization/kinematic_state,87997295260,1785838885797178173,64128566288134,87997295260,0
/control/command/control_cmd,87997295260,1785838885797259379,64128566369249,87997295260,80
/control/command/control_cmd,88047295261,1785838885846199724,64128617729938,88047295261,80
/localization/kinematic_state,88047295261,1785838885848661515,64128617771152,88047295261,0
/sensing/lidar/top/pointcloud_raw_ex,88047295261,1785838885851206495,64128620316369,88047295261,238872
/localization/pose_estimator/pose_with_covariance,88047295261,1785838885853842318,64128622952195,88047295261,0
/localization/kinematic_state,88097295262,1785838885895839910,64128664949723,88097295262,0
/control/command/control_cmd,88097295262,1785838885896190618,64128665300466,88097295262,80
/localization/kinematic_state,88147295263,1785838885945670741,64128714780471,88147295263,0
/control/command/control_cmd,88147295263,1785838885945860873,64128714970698,88147295263,80
/sensing/lidar/top/pointcloud_raw_ex,88147295263,1785838885951505331,64128720615414,88147295263,235512
/localization/pose_estimator/pose_with_covariance,88147295263,1785838885954268305,64128723378092,88147295263,0
/localization/kinematic_state,88197295263,1785838885995463136,64128764572973,88197295263,0
/control/command/control_cmd,88197295263,1785838885996884925,64128765994663,88197295263,80
/localization/kinematic_state,88247295264,1785838886045702782,64128814812840,88247295264,0
/control/command/control_cmd,88247295264,1785838886045930630,64128815040301,88247295264,80
/sensing/lidar/top/pointcloud_raw_ex,88247295264,1785838886050919759,64128820030007,88247295264,234872
/localization/pose_estimator/pose_with_covariance,88247295264,1785838886053647616,64128822757433,88247295264,0
/localization/kinematic_state,88297295265,1785838886095507775,64128864617516,88297295265,0
/control/command/control_cmd,88297295265,1785838886095753356,64128864863151,88297295265,80
/localization/kinematic_state,88347295266,1785838886145136901,64128914246748,88347295266,0
/control/command/control_cmd,88347295266,1785838886146235052,64128915344930,88347295266,80
/sensing/lidar/top/pointcloud_raw_ex,88347295266,1785838886151003126,64128920113270,88347295266,238680
/localization/pose_estimator/pose_with_covariance,88347295266,1785838886153748207,64128922858067,88347295266,0
/localization/kinematic_state,88397295266,1785838886195919984,64128965029748,88397295266,0
/control/command/control_cmd,88397295266,1785838886196236459,64128965346242,88397295266,80
/localization/kinematic_state,88447295267,1785838886245191700,64129014301599,88447295267,0
/control/command/control_cmd,88447295267,1785838886245888926,64129014998716,88447295267,80
/sensing/lidar/top/pointcloud_raw_ex,88447295267,1785838886250550831,64129019660908,88447295267,236888
/localization/pose_estimator/pose_with_covariance,88447295267,1785838886253594800,64129022704707,88447295267,0
/localization/kinematic_state,88497295268,1785838886295794333,64129064904078,88497295268,0
/control/command/control_cmd,88497295268,1785838886296151230,64129065261088,88497295268,80
/control/command/control_cmd,88547295269,1785838886345818298,64129114928034,88547295269,80
/localization/kinematic_state,88547295269,1785838886346114831,64129115224472,88547295269,0
/sensing/lidar/top/pointcloud_raw_ex,88547295269,1785838886351650846,64129120760914,88547295269,235544
/localization/pose_estimator/pose_with_covariance,88547295269,1785838886355406142,64129124515923,88547295269,0
/localization/kinematic_state,88597295269,1785838886396249758,64129165359623,88597295269,0
/control/command/control_cmd,88597295269,1785838886396566769,64129165676454,88597295269,80
/localization/kinematic_state,88647295270,1785838886445626220,64129214736157,88647295270,0
/control/command/control_cmd,88647295270,1785838886445948242,64129215058115,88647295270,80
/sensing/lidar/top/pointcloud_raw_ex,88647295270,1785838886451577248,64129220687314,88647295270,238328
/localization/pose_estimator/pose_with_covariance,88647295270,1785838886454337874,64129223447733,88647295270,0
/control/command/control_cmd,88697295271,1785838886495799557,64129264909592,88697295271,80
/localization/kinematic_state,88697295271,1785838886495943519,64129265053125,88697295271,0
/localization/kinematic_state,88747295272,1785838886545517968,64129314627709,88747295272,0
/control/command/control_cmd,88747295272,1785838886546326055,64129315435860,88747295272,80
/sensing/lidar/top/pointcloud_raw_ex,88747295272,1785838886551098571,64129320208412,88747295272,238360
/localization/pose_estimator/pose_with_covariance,88747295272,1785838886554275431,64129323385373,88747295272,0
/control/command/control_cmd,88797295272,1785838886595926045,64129365035888,88797295272,80
/localization/kinematic_state,88797295272,1785838886596006843,64129365116474,88797295272,0
/localization/kinematic_state,88847295273,1785838886645578939,64129414688945,88847295273,0
/control/command/control_cmd,88847295273,1785838886646144333,64129415254218,88847295273,80
/sensing/lidar/top/pointcloud_raw_ex,88847295273,1785838886651399273,64129420509053,88847295273,235352
/localization/pose_estimator/pose_with_covariance,88847295273,1785838886654169556,64129423279368,88847295273,0
/control/command/control_cmd,88897295274,1785838886695480161,64129464590101,88897295274,80
/localization/kinematic_state,88897295274,1785838886696163623,64129465273360,88897295274,0
/localization/kinematic_state,88947295275,1785838886745791697,64129514901721,88947295275,0
/control/command/control_cmd,88947295275,1785838886745802647,64129514912302,88947295275,80
/sensing/lidar/top/pointcloud_raw_ex,88947295275,1785838886750969761,64129520079731,88947295275,237688
/localization/pose_estimator/pose_with_covariance,88947295275,1785838886754835587,64129523945314,88947295275,0
/localization/kinematic_state,88997295275,1785838886795879923,64129564989773,88997295275,0
/control/command/control_cmd,88997295275,1785838886796058022,64129565167921,88997295275,80
/localization/kinematic_state,89047295276,1785838886845992787,64129615102568,89047295276,0
/control/command/control_cmd,89047295276,1785838886847113562,64129616223481,89047295276,80
/sensing/lidar/top/pointcloud_raw_ex,89047295276,1785838886852022593,64129621132383,89047295276,233528
/localization/pose_estimator/pose_with_covariance,89047295276,1785838886854712689,64129623822503,89047295276,0
/localization/kinematic_state,89097295277,1785838886895928419,64129665038188,89097295277,0
/control/command/control_cmd,89097295277,1785838886896355675,64129665465564,89097295277,80
/control/command/control_cmd,89147295278,1785838886946198636,64129715308837,89147295278,80
/localization/kinematic_state,89147295278,1785838886946267849,64129715377505,89147295278,0
/sensing/lidar/top/pointcloud_raw_ex,89147295278,1785838886951319002,64129720429004,89147295278,234360
/localization/pose_estimator/pose_with_covariance,89147295278,1785838886954124137,64129723233869,89147295278,0
/localization/kinematic_state,89197295278,1785838886996298142,64129765408031,89197295278,0
/control/command/control_cmd,89197295278,1785838886996374762,64129765484750,89197295278,80
/localization/kinematic_state,89247295279,1785838887045584629,64129814694577,89247295279,0
/control/command/control_cmd,89247295279,1785838887046145546,64129815255380,89247295279,80
/sensing/lidar/top/pointcloud_raw_ex,89247295279,1785838887051058188,64129820168035,89247295279,233848
/localization/pose_estimator/pose_with_covariance,89247295279,1785838887054268999,64129823378870,89247295279,0
/control/command/control_cmd,89297295280,1785838887095965536,64129865075656,89297295280,80
/localization/kinematic_state,89297295280,1785838887096084808,64129865221016,89297295280,0
/localization/kinematic_state,89347295281,1785838887146058496,64129915168447,89347295281,0
/control/command/control_cmd,89347295281,1785838887146228792,64129915338721,89347295281,80
/sensing/lidar/top/pointcloud_raw_ex,89347295281,1785838887151616061,64129920725887,89347295281,234872
/localization/pose_estimator/pose_with_covariance,89347295281,1785838887154886398,64129923996144,89347295281,0
/localization/kinematic_state,89397295281,1785838887195580296,64129964690062,89397295281,0
/control/command/control_cmd,89397295281,1785838887196377440,64129965487175,89397295281,80
/localization/kinematic_state,89447295282,1785838887245882232,64130014992243,89447295282,0
/control/command/control_cmd,89447295282,1785838887246303493,64130015413112,89447295282,80
/sensing/lidar/top/pointcloud_raw_ex,89447295282,1785838887251053343,64130020163246,89447295282,235128
/localization/pose_estimator/pose_with_covariance,89447295282,1785838887253974982,64130023084747,89447295282,0
/localization/kinematic_state,89497295283,1785838887295684360,64130064794109,89497295283,0
/control/command/control_cmd,89497295283,1785838887296897870,64130066007646,89497295283,80
/localization/kinematic_state,89547295284,1785838887345705803,64130114815580,89547295284,0
/control/command/control_cmd,89547295284,1785838887346231948,64130115341815,89547295284,80
/sensing/lidar/top/pointcloud_raw_ex,89547295284,1785838887351422302,64130120532194,89547295284,237592
/localization/pose_estimator/pose_with_covariance,89547295284,1785838887354108940,64130123218660,89547295284,0
/localization/kinematic_state,89597295284,1785838887395979365,64130165089240,89597295284,0
/control/command/control_cmd,89597295284,1785838887396560370,64130165670199,89597295284,80
/localization/kinematic_state,89647295285,1785838887446134505,64130215244481,89647295285,0
/control/command/control_cmd,89647295285,1785838887446187620,64130215297269,89647295285,80
/sensing/lidar/top/pointcloud_raw_ex,89647295285,1785838887451398378,64130220508473,89647295285,236632
/localization/pose_estimator/pose_with_covariance,89647295285,1785838887453996923,64130223106616,89647295285,0
/control/command/control_cmd,89697295286,1785838887495622613,64130264732523,89697295286,80
/localization/kinematic_state,89697295286,1785838887495963262,64130265072901,89697295286,0
/localization/kinematic_state,89747295287,1785838887545810327,64130314920347,89747295287,0
/control/command/control_cmd,89747295287,1785838887545818408,64130314927995,89747295287,80
/sensing/lidar/top/pointcloud_raw_ex,89747295287,1785838887551228598,64130320338582,89747295287,237112
/localization/pose_estimator/pose_with_covariance,89747295287,1785838887554195704,64130323305456,89747295287,0
/control/command/control_cmd,89797295287,1785838887595454590,64130364564333,89797295287,80
/localization/kinematic_state,89797295287,1785838887595630141,64130364739914,89797295287,0
/localization/kinematic_state,89847295288,1785838887646085726,64130415195477,89847295288,0
/control/command/control_cmd,89847295288,1785838887646104496,64130415214117,89847295288,80
/sensing/lidar/top/pointcloud_raw_ex,89847295288,1785838887651096844,64130420206939,89847295288,236728
/localization/pose_estimator/pose_with_covariance,89847295288,1785838887653733684,64130422843442,89847295288,0
/localization/kinematic_state,89897295289,1785838887695658755,64130464768428,89897295289,0
/control/command/control_cmd,89897295289,1785838887696225575,64130465335456,89897295289,80
/control/command/control_cmd,89947295290,1785838887745618444,64130514728164,89947295290,80
/localization/kinematic_state,89947295290,1785838887746133125,64130515243013,89947295290,0
/sensing/lidar/top/pointcloud_raw_ex,89947295290,1785838887751062097,64130520171924,89947295290,234424
/localization/pose_estimator/pose_with_covariance,89947295290,1785838887753854399,64130522964178,89947295290,0
/control/command/control_cmd,89997295290,1785838887795735993,64130564845920,89997295290,80
/localization/kinematic_state,89997295290,1785838887795855118,64130564964808,89997295290,0
/localization/kinematic_state,90047295291,1785838887845657417,64130614767252,90047295291,0
/control/command/control_cmd,90047295291,1785838887845808446,64130614918318,90047295291,80
/sensing/lidar/top/pointcloud_raw_ex,90047295291,1785838887851228877,64130620338840,90047295291,233624
/localization/pose_estimator/pose_with_covariance,90047295291,1785838887853881725,64130622991421,90047295291,0
/control/command/control_cmd,90097295292,1785838887896120007,64130665230004,90097295292,80
/localization/kinematic_state,90097295292,1785838887896833404,64130665943319,90097295292,0
/localization/kinematic_state,90147295292,1785838887946146371,64130715256169,90147295292,0
/control/command/control_cmd,90147295292,1785838887946156805,64130715266428,90147295292,80
/sensing/lidar/top/pointcloud_raw_ex,90147295292,1785838887951733106,64130720843165,90147295292,234616
/localization/pose_estimator/pose_with_covariance,90147295292,1785838887954823497,64130723933417,90147295292,0
/localization/kinematic_state,90197295293,1785838887996064015,64130765173744,90197295293,0
/control/command/control_cmd,90197295293,1785838887996072145,64130765181770,90197295293,80
/localization/kinematic_state,90247295294,1785838888045610648,64130814720516,90247295294,0
/control/command/control_cmd,90247295294,1785838888045754543,64130814864196,90247295294,80
/sensing/lidar/top/pointcloud_raw_ex,90247295294,1785838888052050243,64130821160936,90247295294,233144
/localization/pose_estimator/pose_with_covariance,90247295294,1785838888054637910,64130823747679,90247295294,0
/localization/kinematic_state,90297295295,1785838888095858979,64130864968761,90297295295,0
/control/command/control_cmd,90297295295,1785838888096259012,64130865368820,90297295295,80
/control/command/control_cmd,90347295295,1785838888145616025,64130914726078,90347295295,80
/localization/kinematic_state,90347295295,1785838888145849147,64130914958984,90347295295,0
/sensing/lidar/top/pointcloud_raw_ex,90347295295,1785838888150486787,64130919596668,90347295295,237720
/localization/pose_estimator/pose_with_covariance,90347295295,1785838888153111811,64130922221724,90347295295,0
/control/command/control_cmd,90397295296,1785838888195445959,64130964555913,90397295296,80
/localization/kinematic_state,90397295296,1785838888195789377,64130964899195,90397295296,0
/localization/kinematic_state,90447295297,1785838888245999654,64131015109505,90447295297,0
/control/command/control_cmd,90447295297,1785838888246008453,64131015118076,90447295297,80
/sensing/lidar/top/pointcloud_raw_ex,90447295297,1785838888250774479,64131019884436,90447295297,236824
/localization/pose_estimator/pose_with_covariance,90447295297,1785838888253632326,64131022742102,90447295297,0
/localization/kinematic_state,90497295298,1785838888295861902,64131064971744,90497295298,0
/control/command/control_cmd,90497295298,1785838888295867893,64131064977522,90497295298,80
/localization/kinematic_state,90547295298,1785838888345410004,64131114519837,90547295298,0
/control/command/control_cmd,90547295298,1785838888346053815,64131115163589,90547295298,80
/sensing/lidar/top/pointcloud_raw_ex,90547295298,1785838888351195346,64131120305417,90547295298,236216
/localization/pose_estimator/pose_with_covariance,90547295298,1785838888353977317,64131123087118,90547295298,0
/control/command/control_cmd,90597295299,1785838888396281758,64131165391831,90597295299,80
/localization/kinematic_state,90597295299,1785838888396964402,64131166074180,90597295299,0
/control/command/control_cmd,90647295300,1785838888445845006,64131214955039,90647295300,80
/localization/kinematic_state,90647295300,1785838888446887014,64131215996918,90647295300,0
/sensing/lidar/top/pointcloud_raw_ex,90647295300,1785838888452520444,64131221630736,90647295300,238488
/localization/pose_estimator/pose_with_covariance,90647295300,1785838888455226548,64131224336279,90647295300,0
/localization/kinematic_state,90697295301,1785838888495671083,64131264780937,90697295301,0
/control/command/control_cmd,90697295301,1785838888496013449,64131265123299,90697295301,80
/control/command/control_cmd,90747295301,1785838888545861857,64131314971858,90747295301,80
/localization/kinematic_state,90747295301,1785838888546518369,64131315628098,90747295301,0
/sensing/lidar/top/pointcloud_raw_ex,90747295301,1785838888551714878,64131320824798,90747295301,235672
/localization/pose_estimator/pose_with_covariance,90747295301,1785838888554296328,64131323405998,90747295301,0
/localization/kinematic_state,90797295302,1785838888596366622,64131365476411,90797295302,0
/control/command/control_cmd,90797295302,1785838888596448327,64131365557999,90797295302,80
/localization/kinematic_state,90847295303,1785838888645927545,64131415037333,90847295303,0
/control/command/control_cmd,90847295303,1785838888647448127,64131416557917,90847295303,80
/sensing/lidar/top/pointcloud_raw_ex,90847295303,1785838888651422766,64131420532798,90847295303,233176
/localization/pose_estimator/pose_with_covariance,90847295303,1785838888654800186,64131423909892,90847295303,0
/localization/kinematic_state,90897295304,1785838888696133051,64131465242761,90897295304,0
/control/command/control_cmd,90897295304,1785838888696145319,64131465254926,90897295304,80
/localization/kinematic_state,90947295304,1785838888746151938,64131515261708,90947295304,0
/control/command/control_cmd,90947295304,1785838888746452271,64131515562056,90947295304,80
/sensing/lidar/top/pointcloud_raw_ex,90947295304,1785838888750871747,64131519981807,90947295304,234680
/localization/pose_estimator/pose_with_covariance,90947295304,1785838888753561297,64131522671180,90947295304,0
/control/command/control_cmd,90997295305,1785838888795636650,64131564746753,90997295305,80
/localization/kinematic_state,90997295305,1785838888796967320,64131566077081,90997295305,0
/localization/kinematic_state,91047295306,1785838888846509973,64131615619791,91047295306,0
/control/command/control_cmd,91047295306,1785838888847395481,64131616505236,91047295306,80
/sensing/lidar/top/pointcloud_raw_ex,91047295306,1785838888851838100,64131620947944,91047295306,237016
/localization/pose_estimator/pose_with_covariance,91047295306,1785838888854804760,64131623914524,91047295306,0
/control/command/control_cmd,91097295307,1785838888896211548,64131665321337,91097295307,80
/localization/kinematic_state,91097295307,1785838888896313563,64131665423234,91097295307,0
/control/command/control_cmd,91147295307,1785838888946871893,64131715981961,91147295307,80
/localization/kinematic_state,91147295307,1785838888947364095,64131716473786,91147295307,0
/sensing/lidar/top/pointcloud_raw_ex,91147295307,1785838888952116022,64131721226026,91147295307,236632
/localization/pose_estimator/pose_with_covariance,91147295307,1785838888954730056,64131723839755,91147295307,0
/localization/kinematic_state,91197295308,1785838888996378559,64131765488296,91197295308,0
/control/command/control_cmd,91197295308,1785838888996389330,64131765498940,91197295308,80
/control/command/control_cmd,91247295309,1785838889045437641,64131814547862,91247295309,80
/localization/kinematic_state,91247295309,1785838889045473256,64131814582872,91247295309,0
/sensing/lidar/top/pointcloud_raw_ex,91247295309,1785838889050858393,64131819968460,91247295309,234648
/localization/pose_estimator/pose_with_covariance,91247295309,1785838889053563588,64131822673417,91247295309,0
/localization/kinematic_state,91297295310,1785838889095581220,64131864691085,91297295310,0
/control/command/control_cmd,91297295310,1785838889095775232,64131864884941,91297295310,80
/control/command/control_cmd,91347295310,1785838889145611899,64131914721856,91347295310,80
/localization/kinematic_state,91347295310,1785838889145923136,64131915032859,91347295310,0
/sensing/lidar/top/pointcloud_raw_ex,91347295310,1785838889150440546,64131919550677,91347295310,241592
/localization/pose_estimator/pose_with_covariance,91347295310,1785838889153289789,64131922399671,91347295310,0
/localization/kinematic_state,91397295311,1785838889195408097,64131964517844,91397295311,0
/control/command/control_cmd,91397295311,1785838889195546107,64131964655839,91397295311,80
/localization/kinematic_state,91447295312,1785838889245560394,64132014670475,91447295312,0
/control/command/control_cmd,91447295312,1785838889245938774,64132015048704,91447295312,80
/sensing/lidar/top/pointcloud_raw_ex,91447295312,1785838889250700507,64132019810409,91447295312,237016
/localization/pose_estimator/pose_with_covariance,91447295312,1785838889253456381,64132022566170,91447295312,0
/localization/kinematic_state,91497295313,1785838889296043237,64132065153059,91497295313,0
/control/command/control_cmd,91497295313,1785838889296050242,64132065159840,91497295313,80
/control/command/control_cmd,91547295313,1785838889346191729,64132115301850,91547295313,80
/localization/kinematic_state,91547295313,1785838889346304590,64132115414374,91547295313,0
/sensing/lidar/top/pointcloud_raw_ex,91547295313,1785838889350882908,64132119992813,91547295313,236920
/localization/pose_estimator/pose_with_covariance,91547295313,1785838889353772430,64132122882207,91547295313,0
/localization/kinematic_state,91597295314,1785838889395803969,64132164913800,91597295314,0
/control/command/control_cmd,91597295314,1785838889396057867,64132165167599,91597295314,80
/localization/kinematic_state,91647295315,1785838889445598852,64132214708608,91647295315,0
/control/command/control_cmd,91647295315,1785838889445922727,64132215032661,91647295315,80
/sensing/lidar/top/pointcloud_raw_ex,91647295315,1785838889451243833,64132220354157,91647295315,236696
/localization/pose_estimator/pose_with_covariance,91647295315,1785838889454353383,64132223463365,91647295315,0
/localization/kinematic_state,91697295316,1785838889496014848,64132265124550,91697295316,0
/control/command/control_cmd,91697295316,1785838889496023573,64132265133206,91697295316,80
/control/command/control_cmd,91747295316,1785838889545905935,64132315015953,91747295316,80
/localization/kinematic_state,91747295316,1785838889545939984,64132315049595,91747295316,0
/sensing/lidar/top/pointcloud_raw_ex,91747295316,1785838889553026503,64132322136482,91747295316,237400
/localization/pose_estimator/pose_with_covariance,91747295316,1785838889555378304,64132324488020,91747295316,0
/localization/kinematic_state,91797295317,1785838889596987672,64132366097982,91797295317,0
/control/command/control_cmd,91797295317,1785838889597002664,64132366112477,91797295317,80
/localization/kinematic_state,91847295318,1785838889645821289,64132414931115,91847295318,0
/control/command/control_cmd,91847295318,1785838889645829203,64132414938821,91847295318,80
/sensing/lidar/top/pointcloud_raw_ex,91847295318,1785838889652936036,64132422045930,91847295318,236504
/localization/pose_estimator/pose_with_covariance,91847295318,1785838889655640801,64132424750716,91847295318,0
/localization/kinematic_state,91897295319,1785838889695870754,64132464980511,91897295319,0
/control/command/control_cmd,91897295319,1785838889696137470,64132465247203,91897295319,80
/localization/kinematic_state,91947295319,1785838889745975814,64132515085708,91947295319,0
/control/command/control_cmd,91947295319,1785838889747054951,64132516164760,91947295319,80
/sensing/lidar/top/pointcloud_raw_ex,91947295319,1785838889750797980,64132519907858,91947295319,237592
/localization/pose_estimator/pose_with_covariance,91947295319,1785838889753633109,64132522743015,91947295319,0
/localization/kinematic_state,91997295320,1785838889796232898,64132565342724,91997295320,0
/control/command/control_cmd,91997295320,1785838889796245710,64132565355322,91997295320,80
/control/command/control_cmd,92047295321,1785838889846923327,64132616033552,92047295321,80
/localization/kinematic_state,92047295321,1785838889847028167,64132616137975,92047295321,0
/sensing/lidar/top/pointcloud_raw_ex,92047295321,1785838889851040397,64132620150459,92047295321,235448
/localization/pose_estimator/pose_with_covariance,92047295321,1785838889853880244,64132622990028,92047295321,0
/localization/kinematic_state,92097295322,1785838889895609858,64132664719785,92097295322,0
/control/command/control_cmd,92097295322,1785838889895661008,64132664770894,92097295322,80
/localization/kinematic_state,92147295322,1785838889945447483,64132714557304,92147295322,0
/control/command/control_cmd,92147295322,1785838889946146414,64132715256328,92147295322,80
/sensing/lidar/top/pointcloud_raw_ex,92147295322,1785838889951621294,64132720731449,92147295322,235992
/localization/pose_estimator/pose_with_covariance,92147295322,1785838889954516380,64132723626325,92147295322,0
/localization/kinematic_state,92197295323,1785838889995484391,64132764594200,92197295323,0
/control/command/control_cmd,92197295323,1785838889995781263,64132764891167,92197295323,80
/localization/kinematic_state,92247295324,1785838890045521039,64132814630917,92247295324,0
/control/command/control_cmd,92247295324,1785838890046254046,64132815363769,92247295324,80
/sensing/lidar/top/pointcloud_raw_ex,92247295324,1785838890051299746,64132820409662,92247295324,238456
/localization/pose_estimator/pose_with_covariance,92247295324,1785838890054781564,64132823891276,92247295324,0
/localization/kinematic_state,92297295325,1785838890095717564,64132864827515,92297295325,0
/control/command/control_cmd,92297295325,1785838890096402848,64132865512594,92297295325,80
/localization/kinematic_state,92347295325,1785838890145630597,64132914740444,92347295325,0
/control/command/control_cmd,92347295325,1785838890145702825,64132914812454,92347295325,80
/sensing/lidar/top/pointcloud_raw_ex,92347295325,1785838890150362873,64132919472671,92347295325,237944
/localization/pose_estimator/pose_with_covariance,92347295325,1785838890153342550,64132922452364,92347295325,0
/control/command/control_cmd,92397295326,1785838890196876638,64132965986503,92397295326,80
/localization/kinematic_state,92397295326,1785838890196903406,64132966013028,92397295326,0
/localization/kinematic_state,92447295327,1785838890245441793,64133014551636,92447295327,0
/control/command/control_cmd,92447295327,1785838890246454247,64133015564076,92447295327,80
/sensing/lidar/top/pointcloud_raw_ex,92447295327,1785838890251412755,64133020522635,92447295327,232984
/localization/pose_estimator/pose_with_covariance,92447295327,1785838890254390360,64133023500134,92447295327,0
/control/command/control_cmd,92497295328,1785838890295580099,64133064689916,92497295328,80
/localization/kinematic_state,92497295328,1785838890295717489,64133064827277,92497295328,0
/localization/kinematic_state,92547295328,1785838890346761917,64133115871595,92547295328,0
/control/command/control_cmd,92547295328,1785838890346769733,64133115879348,92547295328,80
/sensing/lidar/top/pointcloud_raw_ex,92547295328,1785838890352895392,64133122005292,92547295328,234040
/localization/pose_estimator/pose_with_covariance,92547295328,1785838890356564188,64133125674021,92547295328,0
/localization/kinematic_state,92597295329,1785838890396576897,64133165687146,92597295329,0
/control/command/control_cmd,92597295329,1785838890396592194,64133165701956,92597295329,80
/localization/kinematic_state,92647295330,1785838890445991075,64133215101016,92647295330,0
/control/command/control_cmd,92647295330,1785838890446857370,64133215967137,92647295330,80
/sensing/lidar/top/pointcloud_raw_ex,92647295330,1785838890450967081,64133220077198,92647295330,235672
/localization/pose_estimator/pose_with_covariance,92647295330,1785838890454000212,64133223109978,92647295330,0
/localization/kinematic_state,92697295330,1785838890496156641,64133265266496,92697295330,0
/control/command/control_cmd,92697295330,1785838890496166386,64133265276000,92697295330,80
/localization/kinematic_state,92747295331,1785838890545804621,64133314914524,92747295331,0
/control/command/control_cmd,92747295331,1785838890547133698,64133316243554,92747295331,80
/sensing/lidar/top/pointcloud_raw_ex,92747295331,1785838890550542177,64133319652101,92747295331,235480
/localization/pose_estimator/pose_with_covariance,92747295331,1785838890553341184,64133322451108,92747295331,0
/control/command/control_cmd,92797295332,1785838890596730689,64133365840558,92797295332,80
/localization/kinematic_state,92797295332,1785838890596802199,64133365911822,92797295332,0
/localization/kinematic_state,92847295333,1785838890645421788,64133414531594,92847295333,0
/control/command/control_cmd,92847295333,1785838890646238961,64133415348955,92847295333,80
/sensing/lidar/top/pointcloud_raw_ex,92847295333,1785838890651084872,64133420194847,92847295333,233048
/localization/pose_estimator/pose_with_covariance,92847295333,1785838890654032419,64133423142140,92847295333,0
/localization/kinematic_state,92897295333,1785838890695992259,64133465102115,92897295333,0
/control/command/control_cmd,92897295333,1785838890696007760,64133465117405,92897295333,80
/localization/kinematic_state,92947295334,1785838890746108294,64133515218228,92947295334,0
/control/command/control_cmd,92947295334,1785838890746118150,64133515227766,92947295334,80
/sensing/lidar/top/pointcloud_raw_ex,92947295334,1785838890750972355,64133520082221,92947295334,235800
/localization/pose_estimator/pose_with_covariance,92947295334,1785838890754201275,64133523311138,92947295334,0
/control/command/control_cmd,92997295335,1785838890796190736,64133565300649,92997295335,80
/localization/kinematic_state,92997295335,1785838890796873358,64133565983203,92997295335,0
/control/command/control_cmd,93047295336,1785838890845917332,64133615027318,93047295336,80
/localization/kinematic_state,93047295336,1785838890845986142,64133615095765,93047295336,0
/sensing/lidar/top/pointcloud_raw_ex,93047295336,1785838890851199928,64133620310015,93047295336,233944
/localization/pose_estimator/pose_with_covariance,93047295336,1785838890853877377,64133622987147,93047295336,0
/localization/kinematic_state,93097295336,1785838890896221263,64133665330995,93097295336,0
/control/command/control_cmd,93097295336,1785838890896500642,64133665610474,93097295336,80
/localization/kinematic_state,93147295337,1785838890946022616,64133715132433,93147295337,0
/control/command/control_cmd,93147295337,1785838890946208393,64133715318228,93147295337,80
/sensing/lidar/top/pointcloud_raw_ex,93147295337,1785838890950804931,64133719915034,93147295337,235416
/localization/pose_estimator/pose_with_covariance,93147295337,1785838890953698351,64133722808180,93147295337,0
/localization/kinematic_state,93197295338,1785838890996205828,64133765315584,93197295338,0
/control/command/control_cmd,93197295338,1785838890996719758,64133765829668,93197295338,80
/localization/kinematic_state,93247295339,1785838891046182898,64133815292736,93247295339,0
/control/command/control_cmd,93247295339,1785838891046200280,64133815309889,93247295339,80
/sensing/lidar/top/pointcloud_raw_ex,93247295339,1785838891051067648,64133820177794,93247295339,237400
/localization/pose_estimator/pose_with_covariance,93247295339,1785838891053817030,64133822926827,93247295339,0
/localization/kinematic_state,93297295339,1785838891095749698,64133864859504,93297295339,0
/control/command/control_cmd,93297295339,1785838891095946097,64133865055989,93297295339,80
/localization/kinematic_state,93347295340,1785838891145553768,64133914663674,93347295340,0
/control/command/control_cmd,93347295340,1785838891145634481,64133914744374,93347295340,80
/sensing/lidar/top/pointcloud_raw_ex,93347295340,1785838891151198046,64133920307995,93347295340,235288
/localization/pose_estimator/pose_with_covariance,93347295340,1785838891154135991,64133923245749,93347295340,0
/localization/kinematic_state,93397295341,1785838891195623992,64133964733720,93397295341,0
/control/command/control_cmd,93397295341,1785838891196185650,64133965295451,93397295341,80
/localization/kinematic_state,93447295342,1785838891245992470,64134015102225,93447295342,0
/control/command/control_cmd,93447295342,1785838891246424558,64134015534287,93447295342,80
/sensing/lidar/top/pointcloud_raw_ex,93447295342,1785838891251087358,64134020197427,93447295342,232280
/localization/pose_estimator/pose_with_covariance,93447295342,1785838891254363512,64134023473395,93447295342,0
/control/command/control_cmd,93497295342,1785838891296125831,64134065235630,93497295342,80
/localization/kinematic_state,93497295342,1785838891296411094,64134065520845,93497295342,0
/localization/kinematic_state,93547295343,1785838891345731223,64134114841143,93547295343,0
/control/command/control_cmd,93547295343,1785838891346117416,64134115227278,93547295343,80
/sensing/lidar/top/pointcloud_raw_ex,93547295343,1785838891350722719,64134119832845,93547295343,234136
/localization/pose_estimator/pose_with_covariance,93547295343,1785838891353652367,64134122762063,93547295343,0
/control/command/control_cmd,93597295344,1785838891395601921,64134164711655,93597295344,80
/localization/kinematic_state,93597295344,1785838891396307235,64134165416954,93597295344,0
/localization/kinematic_state,93647295345,1785838891445469338,64134214579085,93647295345,0
/control/command/control_cmd,93647295345,1785838891446120318,64134215230177,93647295345,80
/sensing/lidar/top/pointcloud_raw_ex,93647295345,1785838891451145077,64134220254929,93647295345,236600
/localization/pose_estimator/pose_with_covariance,93647295345,1785838891455151614,64134224261507,93647295345,0
/localization/kinematic_state,93697295345,1785838891495693328,64134264803105,93697295345,0
/control/command/control_cmd,93697295345,1785838891495703120,64134264812739,93697295345,80
/localization/kinematic_state,93747295346,1785838891545835216,64134314945084,93747295346,0
/control/command/control_cmd,93747295346,1785838891546509831,64134315619692,93747295346,80
/sensing/lidar/top/pointcloud_raw_ex,93747295346,1785838891550526907,64134319636747,93747295346,235576
/localization/pose_estimator/pose_with_covariance,93747295346,1785838891553388444,64134322498143,93747295346,0
/localization/kinematic_state,93797295347,1785838891595853480,64134364963220,93797295347,0
/control/command/control_cmd,93797295347,1785838891596305632,64134365415513,93797295347,80
/localization/kinematic_state,93847295348,1785838891645828454,64134414938514,93847295348,0
/control/command/control_cmd,93847295348,1785838891645934532,64134415044273,93847295348,80
/sensing/lidar/top/pointcloud_raw_ex,93847295348,1785838891650721844,64134419832034,93847295348,237688
/localization/pose_estimator/pose_with_covariance,93847295348,1785838891654064385,64134423174385,93847295348,0
/localization/kinematic_state,93897295348,1785838891695469938,64134464579668,93897295348,0
/control/command/control_cmd,93897295348,1785838891695684501,64134464794323,93897295348,80
/control/command/control_cmd,93947295349,1785838891745442676,64134514553073,93947295349,80
/localization/kinematic_state,93947295349,1785838891746048278,64134515158024,93947295349,0
/sensing/lidar/top/pointcloud_raw_ex,93947295349,1785838891750928162,64134520038070,93947295349,234520
/localization/pose_estimator/pose_with_covariance,93947295349,1785838891753531094,64134522640870,93947295349,0
/control/command/control_cmd,93997295350,1785838891795519845,64134564629787,93997295350,80
/localization/kinematic_state,93997295350,1785838891795695596,64134564805365,93997295350,0
/localization/kinematic_state,94047295351,1785838891845255378,64134614365191,94047295351,0
/control/command/control_cmd,94047295351,1785838891846499631,64134615609542,94047295351,80
/sensing/lidar/top/pointcloud_raw_ex,94047295351,1785838891851073522,64134620183522,94047295351,237848
/localization/pose_estimator/pose_with_covariance,94047295351,1785838891853827680,64134622937469,94047295351,0
/localization/kinematic_state,94097295351,1785838891895501711,64134664611481,94097295351,0
/control/command/control_cmd,94097295351,1785838891895669737,64134664779698,94097295351,80
/localization/kinematic_state,94147295352,1785838891945501962,64134714611905,94147295352,0
/control/command/control_cmd,94147295352,1785838891946238293,64134715348116,94147295352,80
/sensing/lidar/top/pointcloud_raw_ex,94147295352,1785838891951185436,64134720295384,94147295352,234040
/localization/pose_estimator/pose_with_covariance,94147295352,1785838891954084431,64134723194211,94147295352,0
/control/command/control_cmd,94197295353,1785838891996240402,64134765350679,94197295353,80
/localization/kinematic_state,94197295353,1785838891996472056,64134765581710,94197295353,0
/control/command/control_cmd,94247295354,1785838892045418257,64134814528203,94247295354,80
/localization/kinematic_state,94247295354,1785838892045617842,64134814727664,94247295354,0
/sensing/lidar/top/pointcloud_raw_ex,94247295354,1785838892050965556,64134820075730,94247295354,232024
/localization/pose_estimator/pose_with_covariance,94247295354,1785838892054435744,64134823545690,94247295354,0
/localization/kinematic_state,94297295354,1785838892095820008,64134864929875,94297295354,0
/control/command/control_cmd,94297295354,1785838892095872632,64134864982257,94297295354,80
/localization/kinematic_state,94347295355,1785838892145097207,64134914207087,94347295355,0
/control/command/control_cmd,94347295355,1785838892145479182,64134914588939,94347295355,80
/sensing/lidar/top/pointcloud_raw_ex,94347295355,1785838892150403837,64134919513659,94347295355,237176
/localization/pose_estimator/pose_with_covariance,94347295355,1785838892153313052,64134922422887,94347295355,0
/control/command/control_cmd,94397295356,1785838892195484529,64134964594395,94397295356,80
/localization/kinematic_state,94397295356,1785838892195554248,64134964663993,94397295356,0
/control/command/control_cmd,94447295357,1785838892245319134,64135014428941,94447295357,80
/localization/kinematic_state,94447295357,1785838892246247718,64135015357475,94447295357,0
/sensing/lidar/top/pointcloud_raw_ex,94447295357,1785838892250692277,64135019802265,94447295357,239832
/localization/pose_estimator/pose_with_covariance,94447295357,1785838892253716364,64135022826296,94447295357,0
/localization/kinematic_state,94497295357,1785838892295598089,64135064707873,94497295357,0
/control/command/control_cmd,94497295357,1785838892296244726,64135065354540,94497295357,80
/control/command/control_cmd,94547295358,1785838892345736380,64135114846344,94547295358,80
/localization/kinematic_state,94547295358,1785838892345845217,64135114955040,94547295358,0
/sensing/lidar/top/pointcloud_raw_ex,94547295358,1785838892350429347,64135119539565,94547295358,233656
/localization/pose_estimator/pose_with_covariance,94547295358,1785838892353237313,64135122347086,94547295358,0
/localization/kinematic_state,94597295359,1785838892396175613,64135165285505,94597295359,0
/control/command/control_cmd,94597295359,1785838892396185801,64135165295408,94597295359,80
/localization/kinematic_state,94647295360,1785838892445573750,64135214683543,94647295360,0
/control/command/control_cmd,94647295360,1785838892446053364,64135215163160,94647295360,80
/sensing/lidar/top/pointcloud_raw_ex,94647295360,1785838892451313894,64135220423989,94647295360,237208
/localization/pose_estimator/pose_with_covariance,94647295360,1785838892454527850,64135223637566,94647295360,0
/localization/kinematic_state,94697295360,1785838892495873038,64135264982910,94697295360,0
/control/command/control_cmd,94697295360,1785838892496791963,64135265901737,94697295360,80
/localization/kinematic_state,94747295361,1785838892545369446,64135314479281,94747295361,0
/control/command/control_cmd,94747295361,1785838892545873815,64135314983723,94747295361,80
/sensing/lidar/top/pointcloud_raw_ex,94747295361,1785838892550317418,64135319427415,94747295361,239800
/localization/pose_estimator/pose_with_covariance,94747295361,1785838892553729410,64135322839187,94747295361,0
/control/command/control_cmd,94797295362,1785838892596120162,64135365230087,94797295362,80
/localization/kinematic_state,94797295362,1785838892596326678,64135365436421,94797295362,0
/localization/kinematic_state,94847295363,1785838892645818778,64135414928698,94847295363,0
/control/command/control_cmd,94847295363,1785838892645906974,64135415016896,94847295363,80
/sensing/lidar/top/pointcloud_raw_ex,94847295363,1785838892651299251,64135420409119,94847295363,239480
/localization/pose_estimator/pose_with_covariance,94847295363,1785838892654376965,64135423486897,94847295363,0
/control/command/control_cmd,94897295363,1785838892695721876,64135464831683,94897295363,80
/localization/kinematic_state,94897295363,1785838892695855113,64135464964846,94897295363,0
/localization/kinematic_state,94947295364,1785838892747067818,64135516177565,94947295364,0
/control/command/control_cmd,94947295364,1785838892747077069,64135516186699,94947295364,80
/sensing/lidar/top/pointcloud_raw_ex,94947295364,1785838892752404412,64135521514517,94947295364,238968
/localization/pose_estimator/pose_with_covariance,94947295364,1785838892755617436,64135524727217,94947295364,0
/control/command/control_cmd,94997295365,1785838892795531689,64135564641645,94997295365,80
/localization/kinematic_state,94997295365,1785838892795677791,64135564787580,94997295365,0
/localization/kinematic_state,95047295365,1785838892846137057,64135615247008,95047295365,0
/control/command/control_cmd,95047295365,1785838892846392079,64135615502005,95047295365,80
/sensing/lidar/top/pointcloud_raw_ex,95047295365,1785838892851760277,64135620870219,95047295365,236152
/localization/pose_estimator/pose_with_covariance,95047295365,1785838892854460672,64135623570610,95047295365,0
/control/command/control_cmd,95097295366,1785838892895703651,64135664813431,95097295366,80
/localization/kinematic_state,95097295366,1785838892897026719,64135666136405,95097295366,0
/control/command/control_cmd,95147295367,1785838892946200987,64135715311000,95147295367,80
/localization/kinematic_state,95147295367,1785838892946550109,64135715659842,95147295367,0
/sensing/lidar/top/pointcloud_raw_ex,95147295367,1785838892951213307,64135720323428,95147295367,239512
/localization/pose_estimator/pose_with_covariance,95147295367,1785838892954156329,64135723266049,95147295367,0
/localization/kinematic_state,95197295368,1785838892995750034,64135764859786,95197295368,0
/control/command/control_cmd,95197295368,1785838892995764176,64135764873786,95197295368,80
/control/command/control_cmd,95247295368,1785838893045733905,64135814843899,95247295368,80
/localization/kinematic_state,95247295368,1785838893045916847,64135815026491,95247295368,0
/sensing/lidar/top/pointcloud_raw_ex,95247295368,1785838893051516793,64135820626737,95247295368,238296
/localization/pose_estimator/pose_with_covariance,95247295368,1785838893054312022,64135823421793,95247295368,0
/control/command/control_cmd,95297295369,1785838893096111811,64135865221612,95297295369,80
/localization/kinematic_state,95297295369,1785838893097510117,64135866619862,95297295369,0
/localization/kinematic_state,95347295370,1785838893145501603,64135914611375,95347295370,0
/control/command/control_cmd,95347295370,1785838893145896201,64135915005921,95347295370,80
/sensing/lidar/top/pointcloud_raw_ex,95347295370,1785838893151439242,64135920549054,95347295370,239256
/localization/pose_estimator/pose_with_covariance,95347295370,1785838893154158109,64135923267881,95347295370,0
/localization/kinematic_state,95397295371,1785838893195786243,64135964896115,95397295371,0
/control/command/control_cmd,95397295371,1785838893196270454,64135965380267,95397295371,80
/localization/kinematic_state,95447295371,1785838893245420438,64136014530203,95447295371,0
/control/command/control_cmd,95447295371,1785838893245500060,64136014609977,95447295371,80
/sensing/lidar/top/pointcloud_raw_ex,95447295371,1785838893251167085,64136020277313,95447295371,237656
/localization/pose_estimator/pose_with_covariance,95447295371,1785838893254711565,64136023821300,95447295371,0
/control/command/control_cmd,95497295372,1785838893296078978,64136065188861,95497295372,80
/localization/kinematic_state,95497295372,1785838893296102900,64136065212522,95497295372,0
/localization/kinematic_state,95547295373,1785838893345482910,64136114592731,95547295373,0
/control/command/control_cmd,95547295373,1785838893346106586,64136115216319,95547295373,80
/sensing/lidar/top/pointcloud_raw_ex,95547295373,1785838893350294102,64136119404001,95547295373,240600
/localization/pose_estimator/pose_with_covariance,95547295373,1785838893353066224,64136122176037,95547295373,0
/localization/kinematic_state,95597295374,1785838893396081397,64136165191226,95597295374,0
/control/command/control_cmd,95597295374,1785838893396087811,64136165197421,95597295374,80
/localization/kinematic_state,95647295374,1785838893445923647,64136215033860,95647295374,0
/control/command/control_cmd,95647295374,1785838893446190291,64136215300053,95647295374,80
/sensing/lidar/top/pointcloud_raw_ex,95647295374,1785838893451242674,64136220352860,95647295374,237720
/localization/pose_estimator/pose_with_covariance,95647295374,1785838893453897452,64136223007220,95647295374,0
/localization/kinematic_state,95697295375,1785838893495491606,64136264601404,95697295375,0
/control/command/control_cmd,95697295375,1785838893495776814,64136264886476,95697295375,80
/localization/kinematic_state,95747295376,1785838893547146928,64136316256962,95747295376,0
/control/command/control_cmd,95747295376,1785838893547156247,64136316265894,95747295376,80
/sensing/lidar/top/pointcloud_raw_ex,95747295376,1785838893551412802,64136320522665,95747295376,238328
/localization/pose_estimator/pose_with_covariance,95747295376,1785838893554441226,64136323550994,95747295376,0
/localization/kinematic_state,95797295377,1785838893595711713,64136364821834,95797295377,0
/control/command/control_cmd,95797295377,1785838893595929866,64136365039609,95797295377,80
/localization/kinematic_state,95847295377,1785838893645742363,64136414852097,95847295377,0
/control/command/control_cmd,95847295377,1785838893645786158,64136414896029,95847295377,80
/sensing/lidar/top/pointcloud_raw_ex,95847295377,1785838893651269368,64136420379786,95847295377,240888
/localization/pose_estimator/pose_with_covariance,95847295377,1785838893654553948,64136423663706,95847295377,0
/localization/kinematic_state,95897295378,1785838893695949987,64136465059719,95897295378,0
/control/command/control_cmd,95897295378,1785838893695958661,64136465068277,95897295378,80
/localization/kinematic_state,95947295379,1785838893745218385,64136514328127,95947295379,0
/control/command/control_cmd,95947295379,1785838893746094416,64136515204509,95947295379,80
/sensing/lidar/top/pointcloud_raw_ex,95947295379,1785838893750420552,64136519530499,95947295379,236632
/localization/pose_estimator/pose_with_covariance,95947295379,1785838893753049613,64136522159383,95947295379,0
/control/command/control_cmd,95997295380,1785838893795839400,64136564949465,95997295380,80
/localization/kinematic_state,95997295380,1785838893796565542,64136565675305,95997295380,0
/localization/kinematic_state,96047295380,1785838893845864883,64136614974908,96047295380,0
/control/command/control_cmd,96047295380,1785838893846921261,64136616030984,96047295380,80
/sensing/lidar/top/pointcloud_raw_ex,96047295380,1785838893850883365,64136619993277,96047295380,236440
/localization/pose_estimator/pose_with_covariance,96047295380,1785838893853625546,64136622735320,96047295380,0
/control/command/control_cmd,96097295381,1785838893895860360,64136664970529,96097295381,80
/localization/kinematic_state,96097295381,1785838893895897406,64136665007043,96097295381,0
/control/command/control_cmd,96147295382,1785838893945530270,64136714640142,96147295382,80
/localization/kinematic_state,96147295382,1785838893946954369,64136716064151,96147295382,0
/sensing/lidar/top/pointcloud_raw_ex,96147295382,1785838893951183806,64136720293684,96147295382,239992
/localization/pose_estimator/pose_with_covariance,96147295382,1785838893953747165,64136722856954,96147295382,0
/control/command/control_cmd,96197295383,1785838893995488752,64136764598703,96197295383,80
/localization/kinematic_state,96197295383,1785838893995611596,64136764721252,96197295383,0
/control/command/control_cmd,96247295383,1785838894045496452,64136814606602,96247295383,80
/localization/kinematic_state,96247295383,1785838894045599906,64136814709536,96247295383,0
/sensing/lidar/top/pointcloud_raw_ex,96247295383,1785838894051318788,64136820428812,96247295383,238808
/localization/pose_estimator/pose_with_covariance,96247295383,1785838894055885415,64136824995238,96247295383,0
/localization/kinematic_state,96297295384,1785838894095847547,64136864957423,96297295384,0
/control/command/control_cmd,96297295384,1785838894096797535,64136865907342,96297295384,80
/control/command/control_cmd,96347295385,1785838894145641616,64136914751392,96347295385,80
/localization/kinematic_state,96347295385,1785838894145780096,64136914889877,96347295385,0
/sensing/lidar/top/pointcloud_raw_ex,96347295385,1785838894150517921,64136919627876,96347295385,241080
/localization/pose_estimator/pose_with_covariance,96347295385,1785838894153350188,64136922460002,96347295385,0
/control/command/control_cmd,96397295386,1785838894196137431,64136965247469,96397295386,80
/localization/kinematic_state,96397295386,1785838894196490747,64136965600477,96397295386,0
/control/command/control_cmd,96447295386,1785838894245999397,64137015109370,96447295386,80
/localization/kinematic_state,96447295386,1785838894246924686,64137016034490,96447295386,0
/sensing/lidar/top/pointcloud_raw_ex,96447295386,1785838894250648278,64137019758180,96447295386,241688
/localization/pose_estimator/pose_with_covariance,96447295386,1785838894253337599,64137022447395,96447295386,0
/control/command/control_cmd,96497295387,1785838894295400672,64137064510714,96497295387,80
/localization/kinematic_state,96497295387,1785838894296443403,64137065553156,96497295387,0
/control/command/control_cmd,96547295388,1785838894345687782,64137114797664,96547295388,80
/localization/kinematic_state,96547295388,1785838894346101651,64137115211464,96547295388,0
/sensing/lidar/top/pointcloud_raw_ex,96547295388,1785838894350626230,64137119736034,96547295388,239608
/localization/pose_estimator/pose_with_covariance,96547295388,1785838894353310405,64137122420239,96547295388,0
/control/command/control_cmd,96597295389,1785838894395722669,64137164832521,96597295389,80
/localization/kinematic_state,96597295389,1785838894396721424,64137165831269,96597295389,0
/localization/kinematic_state,96647295389,1785838894445329628,64137214439499,96647295389,0
/control/command/control_cmd,96647295389,1785838894445903006,64137215012932,96647295389,80
/sensing/lidar/top/pointcloud_raw_ex,96647295389,1785838894450298887,64137219408842,96647295389,240792
/localization/pose_estimator/pose_with_covariance,96647295389,1785838894452995900,64137222105653,96647295389,0
/localization/kinematic_state,96697295390,1785838894495541550,64137264651246,96697295390,0
/control/command/control_cmd,96697295390,1785838894495758687,64137264868546,96697295390,80
/localization/kinematic_state,96747295391,1785838894545261055,64137314371100,96747295391,0
/control/command/control_cmd,96747295391,1785838894545659895,64137314769772,96747295391,80
/sensing/lidar/top/pointcloud_raw_ex,96747295391,1785838894550817593,64137319927564,96747295391,240472
/localization/pose_estimator/pose_with_covariance,96747295391,1785838894553690254,64137322799952,96747295391,0
/localization/kinematic_state,96797295392,1785838894595561931,64137364671626,96797295392,0
/control/command/control_cmd,96797295392,1785838894595897207,64137365006851,96797295392,80
/localization/kinematic_state,96847295392,1785838894646413617,64137415523733,96847295392,0
/control/command/control_cmd,96847295392,1785838894646424972,64137415534597,96847295392,80
/sensing/lidar/top/pointcloud_raw_ex,96847295392,1785838894650879715,64137419989648,96847295392,241112
/localization/pose_estimator/pose_with_covariance,96847295392,1785838894653626902,64137422736596,96847295392,0
/localization/kinematic_state,96897295393,1785838894695839380,64137464949125,96897295393,0
/control/command/control_cmd,96897295393,1785838894695853313,64137464962920,96897295393,80
/localization/kinematic_state,96947295394,1785838894746031980,64137515141798,96947295394,0
/control/command/control_cmd,96947295394,1785838894746571409,64137515681256,96947295394,80
/sensing/lidar/top/pointcloud_raw_ex,96947295394,1785838894750752873,64137519862820,96947295394,241432
/localization/pose_estimator/pose_with_covariance,96947295394,1785838894753595966,64137522705744,96947295394,0
/localization/kinematic_state,96997295395,1785838894795935933,64137565045726,96997295395,0
/control/command/control_cmd,96997295395,1785838894796267984,64137565377949,96997295395,80
/localization/kinematic_state,97047295395,1785838894846160159,64137615270153,97047295395,0
/control/command/control_cmd,97047295395,1785838894846168967,64137615278594,97047295395,80
/sensing/lidar/top/pointcloud_raw_ex,97047295395,1785838894850512986,64137619622924,97047295395,240504
/localization/pose_estimator/pose_with_covariance,97047295395,1785838894853141739,64137622251448,97047295395,0
/control/command/control_cmd,97097295396,1785838894895487265,64137664597260,97097295396,80
/localization/kinematic_state,97097295396,1785838894895808621,64137664918302,97097295396,0
/localization/kinematic_state,97147295397,1785838894945927010,64137715036990,97147295397,0
/control/command/control_cmd,97147295397,1785838894946106174,64137715215833,97147295397,80
/sensing/lidar/top/pointcloud_raw_ex,97147295397,1785838894951240464,64137720350335,97147295397,238072
/localization/pose_estimator/pose_with_covariance,97147295397,1785838894953881208,64137722990892,97147295397,0
/localization/kinematic_state,97197295398,1785838894995926694,64137765036663,97197295398,0
/control/command/control_cmd,97197295398,1785838894995942303,64137765051923,97197295398,80
/localization/kinematic_state,97247295398,1785838895045428469,64137814538458,97247295398,0
/control/command/control_cmd,97247295398,1785838895045934397,64137815044287,97247295398,80
/sensing/lidar/top/pointcloud_raw_ex,97247295398,1785838895050421733,64137819531967,97247295398,237304
/localization/pose_estimator/pose_with_covariance,97247295398,1785838895053822765,64137822932664,97247295398,0
/control/command/control_cmd,97297295399,1785838895095583195,64137864693138,97297295399,80
/localization/kinematic_state,97297295399,1785838895095708222,64137864818016,97297295399,0
/localization/kinematic_state,97347295400,1785838895146129472,64137915239525,97347295400,0
/control/command/control_cmd,97347295400,1785838895146208312,64137915317999,97347295400,80
/sensing/lidar/top/pointcloud_raw_ex,97347295400,1785838895150693560,64137919803452,97347295400,236920
/localization/pose_estimator/pose_with_covariance,97347295400,1785838895153189925,64137922299758,97347295400,0
/control/command/control_cmd,97397295401,1785838895195511921,64137964621722,97397295401,80
/localization/kinematic_state,97397295401,1785838895195722421,64137964832183,97397295401,0
/control/command/control_cmd,97447295401,1785838895245562724,64138014673235,97447295401,80
/localization/kinematic_state,97447295401,1785838895245639022,64138014748757,97447295401,0
/sensing/lidar/top/pointcloud_raw_ex,97447295401,1785838895251311852,64138020421861,97447295401,240760
/localization/pose_estimator/pose_with_covariance,97447295401,1785838895254052234,64138023161966,97447295401,0
/localization/kinematic_state,97497295402,1785838895295935699,64138065045498,97497295402,0
/control/command/control_cmd,97497295402,1785838895295943462,64138065053091,97497295402,80
/localization/kinematic_state,97547295403,1785838895346057675,64138115167625,97547295403,0
/control/command/control_cmd,97547295403,1785838895347285891,64138116395626,97547295403,80
/sensing/lidar/top/pointcloud_raw_ex,97547295403,1785838895350664199,64138119774070,97547295403,235832
/localization/pose_estimator/pose_with_covariance,97547295403,1785838895353331498,64138122441389,97547295403,0
/localization/kinematic_state,97597295403,1785838895395945267,64138165055015,97597295403,0
/control/command/control_cmd,97597295403,1785838895396012633,64138165122365,97597295403,80
/control/command/control_cmd,97647295404,1785838895446507362,64138215617424,97647295404,80
/localization/kinematic_state,97647295404,1785838895447034994,64138216144728,97647295404,0
/sensing/lidar/top/pointcloud_raw_ex,97647295404,1785838895451115689,64138220225692,97647295404,238104
/localization/pose_estimator/pose_with_covariance,97647295404,1785838895453593677,64138222703764,97647295404,0
/localization/kinematic_state,97697295405,1785838895495855255,64138264965017,97697295405,0
/control/command/control_cmd,97697295405,1785838895496449198,64138265559004,97697295405,80
/control/command/control_cmd,97747295406,1785838895546222957,64138315332731,97747295406,80
/localization/kinematic_state,97747295406,1785838895547535559,64138316645309,97747295406,0
/sensing/lidar/top/pointcloud_raw_ex,97747295406,1785838895551436534,64138320546310,97747295406,238136
/localization/pose_estimator/pose_with_covariance,97747295406,1785838895554641274,64138323750979,97747295406,0
/localization/kinematic_state,97797295406,1785838895596151664,64138365261563,97797295406,0
/control/command/control_cmd,97797295406,1785838895596167200,64138365276823,97797295406,80
/localization/kinematic_state,97847295407,1785838895645428261,64138414538175,97847295407,0
/control/command/control_cmd,97847295407,1785838895645589891,64138414699826,97847295407,80
/sensing/lidar/top/pointcloud_raw_ex,97847295407,1785838895650393701,64138419503638,97847295407,245528
/localization/pose_estimator/pose_with_covariance,97847295407,1785838895653029791,64138422139523,97847295407,0
/localization/kinematic_state,97897295408,1785838895696902641,64138466012493,97897295408,0
/control/command/control_cmd,97897295408,1785838895696912661,64138466022299,97897295408,80
/localization/kinematic_state,97947295409,1785838895745454036,64138514564083,97947295409,0
/control/command/control_cmd,97947295409,1785838895746040851,64138515150647,97947295409,80
/sensing/lidar/top/pointcloud_raw_ex,97947295409,1785838895750417075,64138519527108,97947295409,238296
/localization/pose_estimator/pose_with_covariance,97947295409,1785838895753184760,64138522294518,97947295409,0
/localization/kinematic_state,97997295409,1785838895795595127,64138564704907,97997295409,0
/control/command/control_cmd,97997295409,1785838895796209352,64138565319232,97997295409,80
/localization/kinematic_state,98047295410,1785838895845747483,64138614857361,98047295410,0
/control/command/control_cmd,98047295410,1785838895846173204,64138615282966,98047295410,80
/sensing/lidar/top/pointcloud_raw_ex,98047295410,1785838895850787997,64138619898041,98047295410,240312
/localization/pose_estimator/pose_with_covariance,98047295410,1785838895853463007,64138622572863,98047295410,0
/control/command/control_cmd,98097295411,1785838895896217823,64138665327852,98097295411,80
/localization/kinematic_state,98097295411,1785838895896312099,64138665421766,98097295411,0
/control/command/control_cmd,98147295412,1785838895946254437,64138715364464,98147295412,80
/localization/kinematic_state,98147295412,1785838895946454079,64138715563923,98147295412,0
/sensing/lidar/top/pointcloud_raw_ex,98147295412,1785838895951746261,64138720856503,98147295412,238936
/localization/pose_estimator/pose_with_covariance,98147295412,1785838895954422338,64138723532175,98147295412,0
/localization/kinematic_state,98197295412,1785838895995666203,64138764775910,98197295412,0
/control/command/control_cmd,98197295412,1785838895995924062,64138765033726,98197295412,80
/control/command/control_cmd,98247295413,1785838896046021422,64138815131429,98247295413,80
/localization/kinematic_state,98247295413,1785838896046096358,64138815205988,98247295413,0
/sensing/lidar/top/pointcloud_raw_ex,98247295413,1785838896050255101,64138819365225,98247295413,236184
/localization/pose_estimator/pose_with_covariance,98247295413,1785838896053089897,64138822199790,98247295413,0
/control/command/control_cmd,98297295414,1785838896095624148,64138864734029,98297295414,80
/localization/kinematic_state,98297295414,1785838896095814887,64138864924700,98297295414,0
/localization/kinematic_state,98347295415,1785838896145970101,64138915079960,98347295415,0
/control/command/control_cmd,98347295415,1785838896145976580,64138915086208,98347295415,80
/sensing/lidar/top/pointcloud_raw_ex,98347295415,1785838896150975470,64138920085293,98347295415,242456
/localization/pose_estimator/pose_with_covariance,98347295415,1785838896153596863,64138922706713,98347295415,0
/localization/kinematic_state,98397295415,1785838896195501534,64138964611400,98397295415,0
/control/command/control_cmd,98397295415,1785838896195908673,64138965018484,98397295415,80
/localization/kinematic_state,98447295416,1785838896245379262,64139014489157,98447295416,0
/control/command/control_cmd,98447295416,1785838896245816175,64139014926080,98447295416,80
/sensing/lidar/top/pointcloud_raw_ex,98447295416,1785838896250750799,64139019860602,98447295416,241816
/localization/pose_estimator/pose_with_covariance,98447295416,1785838896253267367,64139022377187,98447295416,0
/control/command/control_cmd,98497295417,1785838896296354987,64139065465059,98497295417,80
/localization/kinematic_state,98497295417,1785838896296430047,64139065539688,98497295417,0
/localization/kinematic_state,98547295418,1785838896345459369,64139114569246,98547295418,0
/control/command/control_cmd,98547295418,1785838896345886631,64139114996555,98547295418,80
/sensing/lidar/top/pointcloud_raw_ex,98547295418,1785838896350456075,64139119566004,98547295418,236728
/localization/pose_estimator/pose_with_covariance,98547295418,1785838896353628344,64139122738100,98547295418,0
/localization/kinematic_state,98597295418,1785838896396014618,64139165124478,98597295418,0
/control/command/control_cmd,98597295418,1785838896396077305,64139165187236,98597295418,80
/localization/kinematic_state,98647295419,1785838896446094669,64139215204513,98647295419,0
/control/command/control_cmd,98647295419,1785838896446197109,64139215307034,98647295419,80
/sensing/lidar/top/pointcloud_raw_ex,98647295419,1785838896451179837,64139220289680,98647295419,237816
/localization/pose_estimator/pose_with_covariance,98647295419,1785838896455244146,64139224353923,98647295419,0
/localization/kinematic_state,98697295420,1785838896496120944,64139265230690,98697295420,0
/control/command/control_cmd,98697295420,1785838896496786156,64139265895897,98697295420,80
/localization/kinematic_state,98747295421,1785838896546078388,64139315188252,98747295421,0
/control/command/control_cmd,98747295421,1785838896546088782,64139315198391,98747295421,80
/sensing/lidar/top/pointcloud_raw_ex,98747295421,1785838896550974980,64139320084985,98747295421,242776
/localization/pose_estimator/pose_with_covariance,98747295421,1785838896553490406,64139322600160,98747295421,0
/localization/kinematic_state,98797295421,1785838896595579806,64139364689533,98797295421,0
/control/command/control_cmd,98797295421,1785838896595588031,64139364697621,98797295421,80
/control/command/control_cmd,98847295422,1785838896645472691,64139414582776,98847295422,80
/localization/kinematic_state,98847295422,1785838896645944034,64139415053731,98847295422,0
/sensing/lidar/top/pointcloud_raw_ex,98847295422,1785838896650960650,64139420070586,98847295422,239160
/localization/pose_estimator/pose_with_covariance,98847295422,1785838896653806611,64139422916372,98847295422,0
/control/command/control_cmd,98897295423,1785838896695690264,64139464800198,98897295423,80
/localization/kinematic_state,98897295423,1785838896695850913,64139464960559,98897295423,0
/localization/kinematic_state,98947295424,1785838896745409580,64139514519508,98947295424,0
/control/command/control_cmd,98947295424,1785838896745895800,64139515005668,98947295424,80
/sensing/lidar/top/pointcloud_raw_ex,98947295424,1785838896750531608,64139519641617,98947295424,239000
/localization/pose_estimator/pose_with_covariance,98947295424,1785838896753254802,64139522364664,98947295424,0
/control/command/control_cmd,98997295424,1785838896795654772,64139564764974,98997295424,80
/localization/kinematic_state,98997295424,1785838896795885985,64139564995637,98997295424,0
/control/command/control_cmd,99047295425,1785838896845775495,64139614885358,99047295425,80
/localization/kinematic_state,99047295425,1785838896845807910,64139614917520,99047295425,0
/sensing/lidar/top/pointcloud_raw_ex,99047295425,1785838896850853285,64139619963244,99047295425,239384
/localization/pose_estimator/pose_with_covariance,99047295425,1785838896853576882,64139622686643,99047295425,0
/control/command/control_cmd,99097295426,1785838896895818556,64139664928378,99097295426,80
/localization/kinematic_state,99097295426,1785838896895921063,64139665030733,99097295426,0
/localization/kinematic_state,99147295427,1785838896945415614,64139714525326,99147295427,0
/control/command/control_cmd,99147295427,1785838896945686279,64139714796155,99147295427,80
/sensing/lidar/top/pointcloud_raw_ex,99147295427,1785838896950967207,64139720077276,99147295427,238712
/localization/pose_estimator/pose_with_covariance,99147295427,1785838896953727456,64139722837499,99147295427,0
/localization/kinematic_state,99197295427,1785838896995603100,64139764712933,99197295427,0
/control/command/control_cmd,99197295427,1785838896995609680,64139764719313,99197295427,80
/localization/kinematic_state,99247295428,1785838897045363679,64139814473521,99247295428,0
/control/command/control_cmd,99247295428,1785838897046198633,64139815308631,99247295428,80
/sensing/lidar/top/pointcloud_raw_ex,99247295428,1785838897051333357,64139820443766,99247295428,238296
/localization/pose_estimator/pose_with_covariance,99247295428,1785838897054175246,64139823285046,99247295428,0
/localization/kinematic_state,99297295429,1785838897096060245,64139865170103,99297295429,0
/control/command/control_cmd,99297295429,1785838897096072414,64139865182014,99297295429,80
/localization/kinematic_state,99347295430,1785838897145985545,64139915095478,99347295430,0
/control/command/control_cmd,99347295430,1785838897145993012,64139915102618,99347295430,80
/sensing/lidar/top/pointcloud_raw_ex,99347295430,1785838897150850605,64139919960566,99347295430,238136
/localization/pose_estimator/pose_with_covariance,99347295430,1785838897153576509,64139922686303,99347295430,0
/localization/kinematic_state,99397295430,1785838897195922249,64139965032111,99397295430,0
/control/command/control_cmd,99397295430,1785838897195929661,64139965039266,99397295430,80
/control/command/control_cmd,99447295431,1785838897245673469,64140014783347,99447295431,80
/localization/kinematic_state,99447295431,1785838897245704631,64140014814240,99447295431,0
/sensing/lidar/top/pointcloud_raw_ex,99447295431,1785838897250547219,64140019657265,99447295431,238296
/localization/pose_estimator/pose_with_covariance,99447295431,1785838897253305622,64140022415413,99447295431,0
/control/command/control_cmd,99497295432,1785838897295673231,64140064783101,99497295432,80
/localization/kinematic_state,99497295432,1785838897295958768,64140065068592,99497295432,0
/control/command/control_cmd,99547295433,1785838897345695540,64140114805333,99547295433,80
/localization/kinematic_state,99547295433,1785838897345883638,64140114993442,99547295433,0
/sensing/lidar/top/pointcloud_raw_ex,99547295433,1785838897350483703,64140119593788,99547295433,240312
/localization/pose_estimator/pose_with_covariance,99547295433,1785838897353331692,64140122441559,99547295433,0
/control/command/control_cmd,99597295433,1785838897395514919,64140164624904,99597295433,80
/localization/kinematic_state,99597295433,1785838897395704731,64140164814396,99597295433,0
/control/command/control_cmd,99647295434,1785838897445311381,64140214421470,99647295434,80
/localization/kinematic_state,99647295434,1785838897445558972,64140214668656,99647295434,0
/sensing/lidar/top/pointcloud_raw_ex,99647295434,1785838897450645477,64140219755389,99647295434,236440
/localization/pose_estimator/pose_with_covariance,99647295434,1785838897453327041,64140222436781,99647295434,0
/localization/kinematic_state,99697295435,1785838897496430639,64140265540345,99697295435,0
/control/command/control_cmd,99697295435,1785838897496443767,64140265553404,99697295435,80
/control/command/control_cmd,99747295436,1785838897545356627,64140314466650,99747295436,80
/localization/kinematic_state,99747295436,1785838897545652495,64140314762217,99747295436,0
/sensing/lidar/top/pointcloud_raw_ex,99747295436,1785838897550921527,64140320031316,99747295436,238936
/localization/pose_estimator/pose_with_covariance,99747295436,1785838897554229822,64140323339573,99747295436,0
/localization/kinematic_state,99797295436,1785838897596241229,64140365351082,99797295436,0
/control/command/control_cmd,99797295436,1785838897596251501,64140365361112,99797295436,80
/localization/kinematic_state,99847295437,1785838897645450633,64140414560527,99847295437,0
/control/command/control_cmd,99847295437,1785838897645482325,64140414591940,99847295437,80
/sensing/lidar/top/pointcloud_raw_ex,99847295437,1785838897651505800,64140420615922,99847295437,237496
/localization/pose_estimator/pose_with_covariance,99847295437,1785838897654230839,64140423340661,99847295437,0
/control/command/control_cmd,99897295438,1785838897695463990,64140464574143,99897295438,80
/localization/kinematic_state,99897295438,1785838897695974267,64140465084026,99897295438,0
/localization/kinematic_state,99947295439,1785838897746066925,64140515176776,99947295439,0
/control/command/control_cmd,99947295439,1785838897746078767,64140515188386,99947295439,80
/sensing/lidar/top/pointcloud_raw_ex,99947295439,1785838897750958465,64140520068283,99947295439,239128
/localization/pose_estimator/pose_with_covariance,99947295439,1785838897753674426,64140522784245,99947295439,0
/localization/kinematic_state,99997295439,1785838897796459972,64140565569894,99997295439,0
/control/command/control_cmd,99997295439,1785838897796474109,64140565583735,99997295439,80
/localization/kinematic_state,100047295440,1785838897845816626,64140614926602,100047295440,0
/control/command/control_cmd,100047295440,1785838897846599537,64140615709438,100047295440,80
/sensing/lidar/top/pointcloud_raw_ex,100047295440,1785838897851887015,64140620996813,100047295440,236312
/localization/pose_estimator/pose_with_covariance,100047295440,1785838897854546191,64140623655922,100047295440,0
/localization/kinematic_state,100097295441,1785838897896035823,64140665145508,100097295441,0
/control/command/control_cmd,100097295441,1785838897896172049,64140665281862,100097295441,80
/localization/kinematic_state,100147295441,1785838897945720281,64140714830144,100147295441,0
/control/command/control_cmd,100147295441,1785838897946691607,64140715801405,100147295441,80
/sensing/lidar/top/pointcloud_raw_ex,100147295441,1785838897951327156,64140720437165,100147295441,240056
/localization/pose_estimator/pose_with_covariance,100147295441,1785838897956011908,64140725121801,100147295441,0
/control/command/control_cmd,100197295442,1785838897995882919,64140764992737,100197295442,80
/localization/kinematic_state,100197295442,1785838897995992880,64140765102642,100197295442,0
/localization/kinematic_state,100247295443,1785838898045316953,64140814426991,100247295443,0
/control/command/control_cmd,100247295443,1785838898045802893,64140814912725,100247295443,80
/sensing/lidar/top/pointcloud_raw_ex,100247295443,1785838898050952915,64140820062970,100247295443,238008
/localization/pose_estimator/pose_with_covariance,100247295443,1785838898054065098,64140823175078,100247295443,0
/control/command/control_cmd,100297295444,1785838898095878388,64140864988360,100297295444,80
/localization/kinematic_state,100297295444,1785838898096872258,64140865982032,100297295444,0
/localization/kinematic_state,100347295444,1785838898145554571,64140914664484,100347295444,0
/control/command/control_cmd,100347295444,1785838898146691159,64140915801082,100347295444,80
/sensing/lidar/top/pointcloud_raw_ex,100347295444,1785838898151753515,64140920863419,100347295444,236248
/localization/pose_estimator/pose_with_covariance,100347295444,1785838898154450238,64140923560014,100347295444,0
/control/command/control_cmd,100397295445,1785838898196333295,64140965443510,100397295445,80
/localization/kinematic_state,100397295445,1785838898196365314,64140965474955,100397295445,0
/control/command/control_cmd,100447295446,1785838898245547904,64141014658001,100447295446,80
/localization/kinematic_state,100447295446,1785838898246940232,64141016049923,100447295446,0
/sensing/lidar/top/pointcloud_raw_ex,100447295446,1785838898250788479,64141019898229,100447295446,238232
/localization/pose_estimator/pose_with_covariance,100447295446,1785838898253269943,64141022379759,100447295446,0
/localization/kinematic_state,100497295447,1785838898296050320,64141065160095,100497295447,0
/control/command/control_cmd,100497295447,1785838898296290884,64141065400838,100497295447,80
/localization/kinematic_state,100547295447,1785838898345844096,64141114953916,100547295447,0
/control/command/control_cmd,100547295447,1785838898346202891,64141115312764,100547295447,80
/sensing/lidar/top/pointcloud_raw_ex,100547295447,1785838898352362871,64141121472687,100547295447,239416
/localization/pose_estimator/pose_with_covariance,100547295447,1785838898355865199,64141124974980,100547295447,0
/localization/kinematic_state,100597295448,1785838898396078547,64141165188458,100597295448,0
/control/command/control_cmd,100597295448,1785838898396090932,64141165200551,100597295448,80
/localization/kinematic_state,100647295449,1785838898446105565,64141215215533,100647295449,0
/control/command/control_cmd,100647295449,1785838898446817022,64141215926991,100647295449,80
/sensing/lidar/top/pointcloud_raw_ex,100647295449,1785838898451208529,64141220318429,100647295449,239864
/localization/pose_estimator/pose_with_covariance,100647295449,1785838898454113368,64141223223071,100647295449,0
/localization/kinematic_state,100697295450,1785838898496342919,64141265453055,100697295450,0
/control/command/control_cmd,100697295450,1785838898496353838,64141265463456,100697295450,80
/localization/kinematic_state,100747295450,1785838898545646085,64141314755963,100747295450,0
/control/command/control_cmd,100747295450,1785838898545728697,64141314838346,100747295450,80
/sensing/lidar/top/pointcloud_raw_ex,100747295450,1785838898550449156,64141319559212,100747295450,240568
/localization/pose_estimator/pose_with_covariance,100747295450,1785838898553345345,64141322455160,100747295450,0
/localization/kinematic_state,100797295451,1785838898596849381,64141365959294,100797295451,0
/control/command/control_cmd,100797295451,1785838898597040355,64141366150215,100797295451,80
/localization/kinematic_state,100847295452,1785838898645411737,64141414521484,100847295452,0
/control/command/control_cmd,100847295452,1785838898645692026,64141414801938,100847295452,80
/sensing/lidar/top/pointcloud_raw_ex,100847295452,1785838898650201035,64141419311217,100847295452,239544
/localization/pose_estimator/pose_with_covariance,100847295452,1785838898652965518,64141422075329,100847295452,0
/localization/kinematic_state,100897295453,1785838898696227460,64141465337592,100897295453,0
/control/command/control_cmd,100897295453,1785838898696237230,64141465346844,100897295453,80
/localization/kinematic_state,100947295453,1785838898745108730,64141514218429,100947295453,0
/control/command/control_cmd,100947295453,1785838898746201398,64141515311208,100947295453,80
/sensing/lidar/top/pointcloud_raw_ex,100947295453,1785838898751048462,64141520158422,100947295453,237528
/localization/pose_estimator/pose_with_covariance,100947295453,1785838898753998110,64141523107879,100947295453,0
/localization/kinematic_state,100997295454,1785838898796009696,64141565119724,100997295454,0
/control/command/control_cmd,100997295454,1785838898796024267,64141565133883,100997295454,80
/localization/kinematic_state,101047295455,1785838898845805919,64141614915666,101047295455,0
/control/command/control_cmd,101047295455,1785838898846017178,64141615127080,101047295455,80
/sensing/lidar/top/pointcloud_raw_ex,101047295455,1785838898851102672,64141620212608,101047295455,237976
/localization/pose_estimator/pose_with_covariance,101047295455,1785838898853802312,64141622912052,101047295455,0
/localization/kinematic_state,101097295456,1785838898895774715,64141664884462,101097295456,0
/control/command/control_cmd,101097295456,1785838898895815125,64141664924942,101097295456,80
/localization/kinematic_state,101147295456,1785838898946031147,64141715140938,101147295456,0
/control/command/control_cmd,101147295456,1785838898946335571,64141715445278,101147295456,80
/sensing/lidar/top/pointcloud_raw_ex,101147295456,1785838898951384570,64141720494769,101147295456,235256
/localization/pose_estimator/pose_with_covariance,101147295456,1785838898954281027,64141723390906,101147295456,0
/control/command/control_cmd,101197295457,1785838898996393186,64141765503045,101197295457,80
/localization/kinematic_state,101197295457,1785838898997439863,64141766549593,101197295457,0
/localization/kinematic_state,101247295458,1785838899045467781,64141814577469,101247295458,0
/control/command/control_cmd,101247295458,1785838899046129557,64141815239345,101247295458,80
/sensing/lidar/top/pointcloud_raw_ex,101247295458,1785838899052543949,64141821654031,101247295458,237176
/localization/pose_estimator/pose_with_covariance,101247295458,1785838899055416252,64141824526009,101247295458,0
/localization/kinematic_state,101297295459,1785838899095912691,64141865022441,101297295459,0
/control/command/control_cmd,101297295459,1785838899096231935,64141865341848,101297295459,80
/localization/kinematic_state,101347295459,1785838899145675626,64141914785474,101347295459,0
/control/command/control_cmd,101347295459,1785838899145686467,64141914796070,101347295459,80
/sensing/lidar/top/pointcloud_raw_ex,101347295459,1785838899151514090,64141920624253,101347295459,238936
/localization/pose_estimator/pose_with_covariance,101347295459,1785838899154357125,64141923467009,101347295459,0
/control/command/control_cmd,101397295460,1785838899196016158,64141965126213,101397295460,80
/localization/kinematic_state,101397295460,1785838899196969091,64141966078842,101397295460,0
/localization/kinematic_state,101447295461,1785838899245827446,64142014937232,101447295461,0
/control/command/control_cmd,101447295461,1785838899247079136,64142016189081,101447295461,80
/sensing/lidar/top/pointcloud_raw_ex,101447295461,1785838899250538371,64142019648210,101447295461,238296
/localization/pose_estimator/pose_with_covariance,101447295461,1785838899253314580,64142022424271,101447295461,0
/localization/kinematic_state,101497295462,1785838899295576469,64142064686323,101497295462,0
/control/command/control_cmd,101497295462,1785838899295902138,64142065011981,101497295462,80
/localization/kinematic_state,101547295462,1785838899345518126,64142114627947,101547295462,0
/control/command/control_cmd,101547295462,1785838899346109099,64142115218952,101547295462,80
/sensing/lidar/top/pointcloud_raw_ex,101547295462,1785838899352737821,64142121847747,101547295462,236344
/localization/pose_estimator/pose_with_covariance,101547295462,1785838899355557613,64142124667370,101547295462,0
/localization/kinematic_state,101597295463,1785838899395688111,64142164797960,101597295463,0
/control/command/control_cmd,101597295463,1785838899395826974,64142164936750,101597295463,80
/localization/kinematic_state,101647295464,1785838899445679977,64142214790020,101647295464,0
/control/command/control_cmd,101647295464,1785838899445870569,64142214980415,101647295464,80
/sensing/lidar/top/pointcloud_raw_ex,101647295464,1785838899451390653,64142220500607,101647295464,239928
/localization/pose_estimator/pose_with_covariance,101647295464,1785838899454122129,64142223231993,101647295464,0
/control/command/control_cmd,101697295465,1785838899495508589,64142264618530,101697295465,80
/localization/kinematic_state,101697295465,1785838899495753689,64142264863436,101697295465,0
/localization/kinematic_state,101747295465,1785838899546233861,64142315343788,101747295465,0
/control/command/control_cmd,101747295465,1785838899546602656,64142315712543,101747295465,80
/sensing/lidar/top/pointcloud_raw_ex,101747295465,1785838899552100453,64142321210324,101747295465,239128
/localization/pose_estimator/pose_with_covariance,101747295465,1785838899555422543,64142324532251,101747295465,0
/localization/kinematic_state,101797295466,1785838899595931362,64142365041206,101797295466,0
/control/command/control_cmd,101797295466,1785838899596848772,64142365958537,101797295466,80
/localization/kinematic_state,101847295467,1785838899645731278,64142414840990,101847295467,0
/control/command/control_cmd,101847295467,1785838899646374318,64142415484038,101847295467,80
/sensing/lidar/top/pointcloud_raw_ex,101847295467,1785838899651026366,64142420136371,101847295467,237624
/localization/pose_estimator/pose_with_covariance,101847295467,1785838899653957229,64142423067074,101847295467,0
/localization/kinematic_state,101897295468,1785838899695984622,64142465094620,101897295468,0
/control/command/control_cmd,101897295468,1785838899696000597,64142465110203,101897295468,80
/localization/kinematic_state,101947295468,1785838899746027840,64142515137638,101947295468,0
/control/command/control_cmd,101947295468,1785838899746045733,64142515155344,101947295468,80
/sensing/lidar/top/pointcloud_raw_ex,101947295468,1785838899750294111,64142519404313,101947295468,240760
/localization/pose_estimator/pose_with_covariance,101947295468,1785838899752773100,64142521882906,101947295468,0
/localization/kinematic_state,101997295469,1785838899795330307,64142564440091,101997295469,0
/control/command/control_cmd,101997295469,1785838899795713816,64142564823557,101997295469,80
/localization/kinematic_state,102047295470,1785838899845812018,64142614921726,102047295470,0
/control/command/control_cmd,102047295470,1785838899846034215,64142615143950,102047295470,80
/sensing/lidar/top/pointcloud_raw_ex,102047295470,1785838899850286229,64142619396099,102047295470,236376
/localization/pose_estimator/pose_with_covariance,102047295470,1785838899853008302,64142622118127,102047295470,0
/control/command/control_cmd,102097295471,1785838899896003872,64142665113807,102097295471,80
/localization/kinematic_state,102097295471,1785838899896397938,64142665507590,102097295471,0
/localization/kinematic_state,102147295471,1785838899945644749,64142714754515,102147295471,0
/control/command/control_cmd,102147295471,1785838899946023831,64142715133670,102147295471,80
/sensing/lidar/top/pointcloud_raw_ex,102147295471,1785838899951758342,64142720868521,102147295471,238456
/localization/pose_estimator/pose_with_covariance,102147295471,1785838899954635584,64142723745460,102147295471,0
/localization/kinematic_state,102197295472,1785838899995435256,64142764544998,102197295472,0
/control/command/control_cmd,102197295472,1785838899996553046,64142765662780,102197295472,80
/localization/kinematic_state,102247295473,1785838900045389538,64142814499435,102247295473,0
/control/command/control_cmd,102247295473,1785838900045813056,64142814922745,102247295473,80
/sensing/lidar/top/pointcloud_raw_ex,102247295473,1785838900052324840,64142821435052,102247295473,236760
/localization/pose_estimator/pose_with_covariance,102247295473,1785838900055066986,64142824176942,102247295473,0
/control/command/control_cmd,102297295474,1785838900095611054,64142864721074,102297295474,80
/localization/kinematic_state,102297295474,1785838900095829517,64142864939156,102297295474,0
/control/command/control_cmd,102347295474,1785838900145922832,64142915032843,102347295474,80
/localization/kinematic_state,102347295474,1785838900146723371,64142915833167,102347295474,0
/sensing/lidar/top/pointcloud_raw_ex,102347295474,1785838900151501381,64142920611275,102347295474,239544
/localization/pose_estimator/pose_with_covariance,102347295474,1785838900154522140,64142923631905,102347295474,0
/localization/kinematic_state,102397295475,1785838900195658869,64142964768825,102397295475,0
/control/command/control_cmd,102397295475,1785838900197193857,64142966303663,102397295475,80
/localization/kinematic_state,102447295476,1785838900245710976,64143014820850,102447295476,0
/control/command/control_cmd,102447295476,1785838900245855515,64143014965419,102447295476,80
/sensing/lidar/top/pointcloud_raw_ex,102447295476,1785838900251309853,64143020419764,102447295476,238296
/localization/pose_estimator/pose_with_covariance,102447295476,1785838900254255214,64143023365112,102447295476,0
/control/command/control_cmd,102497295477,1785838900295614145,64143064724153,102497295477,80
/localization/kinematic_state,102497295477,1785838900295740904,64143064850598,102497295477,0
/localization/kinematic_state,102547295477,1785838900346049970,64143115159728,102547295477,0
/control/command/control_cmd,102547295477,1785838900346059804,64143115169420,102547295477,80
/sensing/lidar/top/pointcloud_raw_ex,102547295477,1785838900351250779,64143120360676,102547295477,240536
/localization/pose_estimator/pose_with_covariance,102547295477,1785838900354492352,64143123602208,102547295477,0
/localization/kinematic_state,102597295478,1785838900395768467,64143164878423,102597295478,0
/control/command/control_cmd,102597295478,1785838900395976557,64143165086453,102597295478,80
/control/command/control_cmd,102647295479,1785838900445658421,64143214768515,102647295479,80
/localization/kinematic_state,102647295479,1785838900445979832,64143215089501,102647295479,0
/sensing/lidar/top/pointcloud_raw_ex,102647295479,1785838900451308428,64143220418330,102647295479,238008
/localization/pose_estimator/pose_with_covariance,102647295479,1785838900453920065,64143223029846,102647295479,0
/localization/kinematic_state,102697295479,1785838900495748626,64143264858445,102697295479,0
/control/command/control_cmd,102697295479,1785838900496261975,64143265371637,102697295479,80
/localization/kinematic_state,102747295480,1785838900545648580,64143314758526,102747295480,0
/control/command/control_cmd,102747295480,1785838900546090290,64143315200126,102747295480,80
/sensing/lidar/top/pointcloud_raw_ex,102747295480,1785838900550976262,64143320086134,102747295480,241016
/localization/pose_estimator/pose_with_covariance,102747295480,1785838900554471823,64143323581593,102747295480,0
/localization/kinematic_state,102797295481,1785838900596014975,64143365124830,102797295481,0
/control/command/control_cmd,102797295481,1785838900596834586,64143365944425,102797295481,80
/control/command/control_cmd,102847295482,1785838900646598165,64143415708436,102847295482,80
/localization/kinematic_state,102847295482,1785838900646858439,64143415968263,102847295482,0
/sensing/lidar/top/pointcloud_raw_ex,102847295482,1785838900651307554,64143420417302,102847295482,239032
/localization/pose_estimator/pose_with_covariance,102847295482,1785838900654711892,64143423821711,102847295482,0
/localization/kinematic_state,102897295482,1785838900695808731,64143464918424,102897295482,0
/control/command/control_cmd,102897295482,1785838900695919186,64143465028813,102897295482,80
/localization/kinematic_state,102947295483,1785838900745439316,64143514549074,102947295483,0
/control/command/control_cmd,102947295483,1785838900746311768,64143515421698,102947295483,80
/sensing/lidar/top/pointcloud_raw_ex,102947295483,1785838900750725937,64143519835734,102947295483,236024
/localization/pose_estimator/pose_with_covariance,102947295483,1785838900753437943,64143522547685,102947295483,0
/localization/kinematic_state,102997295484,1785838900795865853,64143564975626,102997295484,0
/control/command/control_cmd,102997295484,1785838900796516057,64143565625914,102997295484,80
/localization/kinematic_state,103047295485,1785838900846411588,64143615521410,103047295485,0
/control/command/control_cmd,103047295485,1785838900846538157,64143615648026,103047295485,80
/sensing/lidar/top/pointcloud_raw_ex,103047295485,1785838900852016307,64143621126367,103047295485,239640
/localization/pose_estimator/pose_with_covariance,103047295485,1785838900854776213,64143623886022,103047295485,0
/localization/kinematic_state,103097295485,1785838900895671191,64143664781035,103097295485,0
/control/command/control_cmd,103097295485,1785838900895739033,64143664849050,103097295485,80
/localization/kinematic_state,103147295486,1785838900945780630,64143714890456,103147295486,0
/control/command/control_cmd,103147295486,1785838900946426849,64143715536510,103147295486,80
/sensing/lidar/top/pointcloud_raw_ex,103147295486,1785838900951242306,64143720351951,103147295486,236472
/localization/pose_estimator/pose_with_covariance,103147295486,1785838900954018888,64143723128605,103147295486,0
/control/command/control_cmd,103197295487,1785838900996129045,64143765239120,103197295487,80
/localization/kinematic_state,103197295487,1785838900996228097,64143765337951,103197295487,0
/localization/kinematic_state,103247295488,1785838901045411994,64143814521715,103247295488,0
/control/command/control_cmd,103247295488,1785838901045839163,64143814948995,103247295488,80
/sensing/lidar/top/pointcloud_raw_ex,103247295488,1785838901051227943,64143820338330,103247295488,236632
/localization/pose_estimator/pose_with_covariance,103247295488,1785838901054145934,64143823256012,103247295488,0
/localization/kinematic_state,103297295488,1785838901095397537,64143864507300,103297295488,0
/control/command/control_cmd,103297295488,1785838901095415266,64143864524881,103297295488,80
/localization/kinematic_state,103347295489,1785838901145608987,64143914719128,103347295489,0
/control/command/control_cmd,103347295489,1785838901146158563,64143915268474,103347295489,80
/sensing/lidar/top/pointcloud_raw_ex,103347295489,1785838901150843518,64143919953708,103347295489,239064
/localization/pose_estimator/pose_with_covariance,103347295489,1785838901153677621,64143922787466,103347295489,0
/localization/kinematic_state,103397295490,1785838901196257291,64143965367215,103397295490,0
/control/command/control_cmd,103397295490,1785838901196268249,64143965377933,103397295490,80
/localization/kinematic_state,103447295491,1785838901245171833,64144014316807,103447295491,0
/control/command/control_cmd,103447295491,1785838901246002441,64144015112393,103447295491,80
/sensing/lidar/top/pointcloud_raw_ex,103447295491,1785838901252132417,64144021242112,103447295491,239608
/localization/pose_estimator/pose_with_covariance,103447295491,1785838901255085762,64144024195642,103447295491,0
/localization/kinematic_state,103497295491,1785838901295955251,64144065065239,103497295491,0
/control/command/control_cmd,103497295491,1785838901295963948,64144065073551,103497295491,80
/localization/kinematic_state,103547295492,1785838901345423323,64144114533183,103547295492,0
/control/command/control_cmd,103547295492,1785838901345744563,64144114854274,103547295492,80
/sensing/lidar/top/pointcloud_raw_ex,103547295492,1785838901350940513,64144120050526,103547295492,241368
/localization/pose_estimator/pose_with_covariance,103547295492,1785838901353508238,64144122618133,103547295492,0
/localization/kinematic_state,103597295493,1785838901395773872,64144164883647,103597295493,0
/control/command/control_cmd,103597295493,1785838901396448773,64144165558594,103597295493,80
/localization/kinematic_state,103647295494,1785838901445636777,64144214746594,103647295494,0
/control/command/control_cmd,103647295494,1785838901445956998,64144215066671,103647295494,80
/sensing/lidar/top/pointcloud_raw_ex,103647295494,1785838901450949533,64144220059361,103647295494,237400
/localization/pose_estimator/pose_with_covariance,103647295494,1785838901453693534,64144222803300,103647295494,0
/localization/kinematic_state,103697295494,1785838901496201089,64144265310988,103697295494,0
/control/command/control_cmd,103697295494,1785838901496612117,64144265721894,103697295494,80
/localization/kinematic_state,103747295495,1785838901545772684,64144314882522,103747295495,0
/control/command/control_cmd,103747295495,1785838901545786842,64144314896464,103747295495,80
/sensing/lidar/top/pointcloud_raw_ex,103747295495,1785838901551207071,64144320316827,103747295495,243576
/localization/pose_estimator/pose_with_covariance,103747295495,1785838901553885445,64144322995214,103747295495,0
/localization/kinematic_state,103797295496,1785838901595943703,64144365053469,103797295496,0
/control/command/control_cmd,103797295496,1785838901595954376,64144365063990,103797295496,80
/localization/kinematic_state,103847295497,1785838901645704591,64144414814547,103847295497,0
/control/command/control_cmd,103847295497,1785838901646144674,64144415254319,103847295497,80
/sensing/lidar/top/pointcloud_raw_ex,103847295497,1785838901651136228,64144420246070,103847295497,238200
/localization/pose_estimator/pose_with_covariance,103847295497,1785838901653912946,64144423022670,103847295497,0
/localization/kinematic_state,103897295497,1785838901695749943,64144464859795,103897295497,0
/control/command/control_cmd,103897295497,1785838901696334256,64144465444076,103897295497,80
/localization/kinematic_state,103947295498,1785838901745277275,64144514387105,103947295498,0
/control/command/control_cmd,103947295498,1785838901747767836,64144516877708,103947295498,80
/sensing/lidar/top/pointcloud_raw_ex,103947295498,1785838901751428578,64144520538269,103947295498,236760
/localization/pose_estimator/pose_with_covariance,103947295498,1785838901754133019,64144523242821,103947295498,0
/control/command/control_cmd,103997295499,1785838901796023862,64144565133665,103997295499,80
/localization/kinematic_state,103997295499,1785838901796473939,64144565583694,103997295499,0
/control/command/control_cmd,104047295500,1785838901845917803,64144615028133,104047295500,80
/localization/kinematic_state,104047295500,1785838901847490164,64144616600147,104047295500,0
/sensing/lidar/top/pointcloud_raw_ex,104047295500,1785838901851157618,64144620267404,104047295500,238168
/localization/pose_estimator/pose_with_covariance,104047295500,1785838901854262289,64144623372017,104047295500,0
/localization/kinematic_state,104097295500,1785838901895663822,64144664773897,104097295500,0
/control/command/control_cmd,104097295500,1785838901895703143,64144664812749,104097295500,80
/localization/kinematic_state,104147295501,1785838901945461586,64144714571434,104147295501,0
/control/command/control_cmd,104147295501,1785838901945636458,64144714746116,104147295501,80
/sensing/lidar/top/pointcloud_raw_ex,104147295501,1785838901951125019,64144720235454,104147295501,238040
/localization/pose_estimator/pose_with_covariance,104147295501,1785838901953864108,64144722973980,104147295501,0
/control/command/control_cmd,104197295502,1785838901995844099,64144764954173,104197295502,80
/localization/kinematic_state,104197295502,1785838901995967174,64144765076892,104197295502,0
/localization/kinematic_state,104247295503,1785838902045127582,64144814237324,104247295503,0
/control/command/control_cmd,104247295503,1785838902046241417,64144815351399,104247295503,80
/sensing/lidar/top/pointcloud_raw_ex,104247295503,1785838902051607950,64144820717955,104247295503,238680
/localization/pose_estimator/pose_with_covariance,104247295503,1785838902054397717,64144823507438,104247295503,0
/control/command/control_cmd,104297295503,1785838902095275599,64144864385662,104297295503,80
/localization/kinematic_state,104297295503,1785838902095882161,64144864992021,104297295503,0
/localization/kinematic_state,104347295504,1785838902145750526,64144914860532,104347295504,0
/control/command/control_cmd,104347295504,1785838902146907450,64144916017154,104347295504,80
/sensing/lidar/top/pointcloud_raw_ex,104347295504,1785838902151396467,64144920506250,104347295504,240728
/localization/pose_estimator/pose_with_covariance,104347295504,1785838902154082477,64144923192272,104347295504,0
/localization/kinematic_state,104397295505,1785838902196006236,64144965116094,104397295505,0
/control/command/control_cmd,104397295505,1785838902196077802,64144965187674,104397295505,80
/localization/kinematic_state,104447295506,1785838902245851708,64145014961548,104447295506,0
/control/command/control_cmd,104447295506,1785838902247020600,64145016130561,104447295506,80
/sensing/lidar/top/pointcloud_raw_ex,104447295506,1785838902251956413,64145021066216,104447295506,239384
/localization/pose_estimator/pose_with_covariance,104447295506,1785838902254482068,64145023591849,104447295506,0
/control/command/control_cmd,104497295506,1785838902295848941,64145064958889,104497295506,80
/localization/kinematic_state,104497295506,1785838902296022139,64145065131859,104497295506,0
/localization/kinematic_state,104547295507,1785838902345507129,64145114616937,104547295507,0
/control/command/control_cmd,104547295507,1785838902348443029,64145117552751,104547295507,80
/sensing/lidar/top/pointcloud_raw_ex,104547295507,1785838902350115281,64145119225077,104547295507,238072
/localization/pose_estimator/pose_with_covariance,104547295507,1785838902353030263,64145122139993,104547295507,0
/control/command/control_cmd,104597295508,1785838902395959824,64145165069533,104597295508,80
/localization/kinematic_state,104597295508,1785838902396861586,64145165971310,104597295508,0
/localization/kinematic_state,104647295509,1785838902445563847,64145214673763,104647295509,0
/control/command/control_cmd,104647295509,1785838902446303520,64145215413328,104647295509,80
/sensing/lidar/top/pointcloud_raw_ex,104647295509,1785838902451342944,64145220452738,104647295509,234840
/localization/pose_estimator/pose_with_covariance,104647295509,1785838902453875001,64145222984735,104647295509,0
/localization/kinematic_state,104697295509,1785838902496618053,64145265728371,104697295509,0
/control/command/control_cmd,104697295509,1785838902496632665,64145265742436,104697295509,80
/localization/kinematic_state,104747295510,1785838902545788749,64145314898599,104747295510,0
/control/command/control_cmd,104747295510,1785838902546304329,64145315414171,104747295510,80
/sensing/lidar/top/pointcloud_raw_ex,104747295510,1785838902550375107,64145319484890,104747295510,236632
/localization/pose_estimator/pose_with_covariance,104747295510,1785838902553561646,64145322671442,104747295510,0
/control/command/control_cmd,104797295511,1785838902595655110,64145364765257,104797295511,80
/localization/kinematic_state,104797295511,1785838902596158964,64145365268756,104797295511,0
/localization/kinematic_state,104847295512,1785838902646062034,64145415171893,104847295512,0
/control/command/control_cmd,104847295512,1785838902646196597,64145415306554,104847295512,80
/sensing/lidar/top/pointcloud_raw_ex,104847295512,1785838902650636382,64145419746207,104847295512,240984
/localization/pose_estimator/pose_with_covariance,104847295512,1785838902653301212,64145422410938,104847295512,0
/localization/kinematic_state,104897295512,1785838902696526914,64145465636900,104897295512,0
/control/command/control_cmd,104897295512,1785838902696532886,64145465642517,104897295512,80
/control/command/control_cmd,104947295513,1785838902745856019,64145514966123,104947295513,80
/localization/kinematic_state,104947295513,1785838902746799761,64145515909509,104947295513,0
/sensing/lidar/top/pointcloud_raw_ex,104947295513,1785838902750364925,64145519474835,104947295513,236952
/localization/pose_estimator/pose_with_covariance,104947295513,1785838902753111522,64145522221247,104947295513,0
/localization/kinematic_state,104997295514,1785838902796330793,64145565440629,104997295514,0
/control/command/control_cmd,104997295514,1785838902796441662,64145565551630,104997295514,80
/localization/kinematic_state,105047295515,1785838902845329576,64145614439401,105047295515,0
/control/command/control_cmd,105047295515,1785838902846297746,64145615407618,105047295515,80
/sensing/lidar/top/pointcloud_raw_ex,105047295515,1785838902852917430,64145622027787,105047295515,240312
/localization/pose_estimator/pose_with_covariance,105047295515,1785838902855662976,64145624772712,105047295515,0
/localization/kinematic_state,105097295515,1785838902895707399,64145664817100,105097295515,0
/control/command/control_cmd,105097295515,1785838902895889176,64145664999038,105097295515,80
/control/command/control_cmd,105147295516,1785838902946266334,64145715376389,105147295516,80
/localization/kinematic_state,105147295516,1785838902946424341,64145715534107,105147295516,0
/sensing/lidar/top/pointcloud_raw_ex,105147295516,1785838902952879443,64145721989630,105147295516,238200
/localization/pose_estimator/pose_with_covariance,105147295516,1785838902955739403,64145724849196,105147295516,0
/localization/kinematic_state,105197295517,1785838902996575177,64145765685002,105197295517,0
/control/command/control_cmd,105197295517,1785838902996584069,64145765693692,105197295517,80
/localization/kinematic_state,105247295517,1785838903045470456,64145814580262,105247295517,0
/control/command/control_cmd,105247295517,1785838903045971855,64145815081620,105247295517,80
/sensing/lidar/top/pointcloud_raw_ex,105247295517,1785838903051229008,64145820339040,105247295517,242200
/localization/pose_estimator/pose_with_covariance,105247295517,1785838903053877533,64145822987321,105247295517,0
/localization/kinematic_state,105297295518,1785838903095734221,64145864844080,105297295518,0
/control/command/control_cmd,105297295518,1785838903095765421,64145864875035,105297295518,80
/localization/kinematic_state,105347295519,1785838903146033777,64145915143485,105347295519,0
/control/command/control_cmd,105347295519,1785838903146275634,64145915385338,105347295519,80
/sensing/lidar/top/pointcloud_raw_ex,105347295519,1785838903152072168,64145921181839,105347295519,238200
/localization/pose_estimator/pose_with_covariance,105347295519,1785838903154802436,64145923912292,105347295519,0
/localization/kinematic_state,105397295520,1785838903195985544,64145965095270,105397295520,0
/control/command/control_cmd,105397295520,1785838903196483609,64145965593548,105397295520,80
/localization/kinematic_state,105447295520,1785838903245807983,64146014917919,105447295520,0
/control/command/control_cmd,105447295520,1785838903246106552,64146015216428,105447295520,80
/sensing/lidar/top/pointcloud_raw_ex,105447295520,1785838903251180808,64146020290711,105447295520,240728
/localization/pose_estimator/pose_with_covariance,105447295520,1785838903253933953,64146023043842,105447295520,0
/control/command/control_cmd,105497295521,1785838903295978910,64146065088704,105497295521,80
/localization/kinematic_state,105497295521,1785838903297641320,64146066751154,105497295521,0
/control/command/control_cmd,105547295522,1785838903345911579,64146115021946,105547295522,80
/localization/kinematic_state,105547295522,1785838903345992988,64146115102770,105547295522,0
/sensing/lidar/top/pointcloud_raw_ex,105547295522,1785838903350594036,64146119703774,105547295522,239736
/localization/pose_estimator/pose_with_covariance,105547295522,1785838903353393997,64146122503769,105547295522,0
/localization/kinematic_state,105597295523,1785838903395404762,64146164514538,105597295523,0
/control/command/control_cmd,105597295523,1785838903395885231,64146164994880,105597295523,80
/localization/kinematic_state,105647295523,1785838903446026500,64146215136174,105647295523,0
/control/command/control_cmd,105647295523,1785838903446124103,64146215233960,105647295523,80
/sensing/lidar/top/pointcloud_raw_ex,105647295523,1785838903452166970,64146221276776,105647295523,242584
/localization/pose_estimator/pose_with_covariance,105647295523,1785838903455021597,64146224131390,105647295523,0
/localization/kinematic_state,105697295524,1785838903496064630,64146265174499,105697295524,0
/control/command/control_cmd,105697295524,1785838903496266684,64146265376370,105697295524,80
/control/command/control_cmd,105747295525,1785838903545642971,64146314752765,105747295525,80
/localization/kinematic_state,105747295525,1785838903546021455,64146315131277,105747295525,0
/sensing/lidar/top/pointcloud_raw_ex,105747295525,1785838903552478868,64146321588897,105747295525,238456
/localization/pose_estimator/pose_with_covariance,105747295525,1785838903555399019,64146324508736,105747295525,0
/localization/kinematic_state,105797295526,1785838903595726445,64146364836265,105797295526,0
/control/command/control_cmd,105797295526,1785838903597036355,64146366146128,105797295526,80
/localization/kinematic_state,105847295526,1785838903645980756,64146415090736,105847295526,0
/control/command/control_cmd,105847295526,1785838903646400406,64146415510037,105847295526,80
/sensing/lidar/top/pointcloud_raw_ex,105847295526,1785838903652322300,64146421431984,105847295526,240760
/localization/pose_estimator/pose_with_covariance,105847295526,1785838903655204351,64146424314011,105847295526,0
/localization/kinematic_state,105897295527,1785838903696152915,64146465263013,105897295527,0
/control/command/control_cmd,105897295527,1785838903696167553,64146465277158,105897295527,80
/localization/kinematic_state,105947295528,1785838903746206159,64146515315914,105947295528,0
/control/command/control_cmd,105947295528,1785838903746219763,64146515329366,105947295528,80
/sensing/lidar/top/pointcloud_raw_ex,105947295528,1785838903751750138,64146520860139,105947295528,239128
/localization/pose_estimator/pose_with_covariance,105947295528,1785838903754176796,64146523286509,105947295528,0
/localization/kinematic_state,105997295529,1785838903796010241,64146565120244,105997295529,0
/control/command/control_cmd,105997295529,1785838903796257667,64146565367352,105997295529,80
/localization/kinematic_state,106047295529,1785838903845548165,64146614657936,106047295529,0
/control/command/control_cmd,106047295529,1785838903847528127,64146616637944,106047295529,80
/sensing/lidar/top/pointcloud_raw_ex,106047295529,1785838903850981100,64146620091037,106047295529,239608
/localization/pose_estimator/pose_with_covariance,106047295529,1785838903853740084,64146622849809,106047295529,0
/localization/kinematic_state,106097295530,1785838903895823167,64146664933054,106097295530,0
/control/command/control_cmd,106097295530,1785838903896031125,64146665140966,106097295530,80
/localization/kinematic_state,106147295531,1785838903945992643,64146715102662,106147295531,0
/control/command/control_cmd,106147295531,1785838903946487459,64146715597330,106147295531,80
/sensing/lidar/top/pointcloud_raw_ex,106147295531,1785838903951552956,64146720663106,106147295531,238808
/localization/pose_estimator/pose_with_covariance,106147295531,1785838903954559503,64146723669458,106147295531,0
/localization/kinematic_state,106197295532,1785838903995762544,64146764872277,106197295532,0
/control/command/control_cmd,106197295532,1785838903995897378,64146765007076,106197295532,80
/localization/kinematic_state,106247295532,1785838904045351367,64146814461252,106247295532,0
/control/command/control_cmd,106247295532,1785838904045876430,64146814986327,106247295532,80
/sensing/lidar/top/pointcloud_raw_ex,106247295532,1785838904051178757,64146820289027,106247295532,238264
/localization/pose_estimator/pose_with_covariance,106247295532,1785838904053963550,64146823073446,106247295532,0
/localization/kinematic_state,106297295533,1785838904095758511,64146864868473,106297295533,0
/control/command/control_cmd,106297295533,1785838904095770048,64146864879636,106297295533,80
/localization/kinematic_state,106347295534,1785838904145167994,64146914277774,106347295534,0
/control/command/control_cmd,106347295534,1785838904145828068,64146914937878,106347295534,80
/sensing/lidar/top/pointcloud_raw_ex,106347295534,1785838904150361988,64146919471698,106347295534,235960
/localization/pose_estimator/pose_with_covariance,106347295534,1785838904153107903,64146922217750,106347295534,0
/localization/kinematic_state,106397295535,1785838904195215321,64146964325148,106397295535,0
/control/command/control_cmd,106397295535,1785838904195758613,64146964868386,106397295535,80
/localization/kinematic_state,106447295535,1785838904245481892,64147014591831,106447295535,0
/control/command/control_cmd,106447295535,1785838904246347165,64147015456883,106447295535,80
/sensing/lidar/top/pointcloud_raw_ex,106447295535,1785838904250621267,64147019731111,106447295535,241720
/localization/pose_estimator/pose_with_covariance,106447295535,1785838904253488992,64147022598768,106447295535,0
/control/command/control_cmd,106497295536,1785838904296285915,64147065395920,106497295536,80
/localization/kinematic_state,106497295536,1785838904297127747,64147066237498,106497295536,0
/localization/kinematic_state,106547295537,1785838904345918711,64147115028570,106547295537,0
/control/command/control_cmd,106547295537,1785838904346045097,64147115154790,106547295537,80
/sensing/lidar/top/pointcloud_raw_ex,106547295537,1785838904351440876,64147120550917,106547295537,239352
/localization/pose_estimator/pose_with_covariance,106547295537,1785838904354210880,64147123320639,106547295537,0
/control/command/control_cmd,106597295538,1785838904395782891,64147164892781,106597295538,80
/localization/kinematic_state,106597295538,1785838904395960499,64147165070132,106597295538,0
/localization/kinematic_state,106647295538,1785838904445194051,64147214303747,106647295538,0
/control/command/control_cmd,106647295538,1785838904446444993,64147215554813,106647295538,80
/sensing/lidar/top/pointcloud_raw_ex,106647295538,1785838904451504239,64147220614028,106647295538,235768
/localization/pose_estimator/pose_with_covariance,106647295538,1785838904454186529,64147223296239,106647295538,0
/localization/kinematic_state,106697295539,1785838904496155369,64147265265099,106697295539,0
/control/command/control_cmd,106697295539,1785838904496161295,64147265270915,106697295539,80
/localization/kinematic_state,106747295540,1785838904545595355,64147314705245,106747295540,0
/control/command/control_cmd,106747295540,1785838904545996134,64147315106130,106747295540,80
/sensing/lidar/top/pointcloud_raw_ex,106747295540,1785838904551104615,64147320214521,106747295540,240024
/localization/pose_estimator/pose_with_covariance,106747295540,1785838904554177960,64147323287747,106747295540,0
/control/command/control_cmd,106797295541,1785838904596287135,64147365396991,106797295541,80
/localization/kinematic_state,106797295541,1785838904596877413,64147365987191,106797295541,0
/localization/kinematic_state,106847295541,1785838904645429447,64147414539194,106847295541,0
/control/command/control_cmd,106847295541,1785838904648445137,64147417554905,106847295541,80
/sensing/lidar/top/pointcloud_raw_ex,106847295541,1785838904650879101,64147419988744,106847295541,240088
/localization/pose_estimator/pose_with_covariance,106847295541,1785838904653755640,64147422865434,106847295541,0
/localization/kinematic_state,106897295542,1785838904696131555,64147465241356,106897295542,0
/control/command/control_cmd,106897295542,1785838904696304927,64147465414567,106897295542,80
/control/command/control_cmd,106947295543,1785838904745557480,64147514667576,106947295543,80
/localization/kinematic_state,106947295543,1785838904745986228,64147515096031,106947295543,0
/sensing/lidar/top/pointcloud_raw_ex,106947295543,1785838904751192182,64147520302032,106947295543,237432
/localization/pose_estimator/pose_with_covariance,106947295543,1785838904753981084,64147523090844,106947295543,0
/control/command/control_cmd,106997295544,1785838904795810918,64147564920842,106997295544,80
/localization/kinematic_state,106997295544,1785838904795950876,64147565060642,106997295544,0
/localization/kinematic_state,107047295544,1785838904845342651,64147614452449,107047295544,0
/control/command/control_cmd,107047295544,1785838904846177524,64147615287647,107047295544,80
/sensing/lidar/top/pointcloud_raw_ex,107047295544,1785838904850499873,64147619610069,107047295544,237528
/localization/pose_estimator/pose_with_covariance,107047295544,1785838904853331798,64147622441681,107047295544,0
/localization/kinematic_state,107097295545,1785838904896412458,64147665522223,107097295545,0
/control/command/control_cmd,107097295545,1785838904896429297,64147665538914,107097295545,80
/localization/kinematic_state,107147295546,1785838904946423276,64147715533227,107147295546,0
/control/command/control_cmd,107147295546,1785838904946552089,64147715661946,107147295546,80
/sensing/lidar/top/pointcloud_raw_ex,107147295546,1785838904951385484,64147720495617,107147295546,237400
/localization/pose_estimator/pose_with_covariance,107147295546,1785838904954514562,64147723624451,107147295546,0
/localization/kinematic_state,107197295547,1785838904995561046,64147764670801,107197295547,0
/control/command/control_cmd,107197295547,1785838904996035704,64147765145494,107197295547,80
/localization/kinematic_state,107247295547,1785838905045716348,64147814826188,107247295547,0
/control/command/control_cmd,107247295547,1785838905046488828,64147815598649,107247295547,80
/sensing/lidar/top/pointcloud_raw_ex,107247295547,1785838905051137325,64147820247424,107247295547,240696
/localization/pose_estimator/pose_with_covariance,107247295547,1785838905054034868,64147823144643,107247295547,0
/localization/kinematic_state,107297295548,1785838905096251279,64147865361148,107297295548,0
/control/command/control_cmd,107297295548,1785838905096268693,64147865378309,107297295548,80
/localization/kinematic_state,107347295549,1785838905146353524,64147915463542,107347295549,0
/control/command/control_cmd,107347295549,1785838905146628331,64147915738156,107347295549,80
/sensing/lidar/top/pointcloud_raw_ex,107347295549,1785838905150790640,64147919900568,107347295549,239672
/localization/pose_estimator/pose_with_covariance,107347295549,1785838905153556264,64147922666025,107347295549,0
/localization/kinematic_state,107397295550,1785838905195749051,64147964858924,107397295550,0
/control/command/control_cmd,107397295550,1785838905196591527,64147965701379,107397295550,80
/localization/kinematic_state,107447295550,1785838905246835299,64148015945138,107447295550,0
/control/command/control_cmd,107447295550,1785838905246844054,64148015953650,107447295550,80
/sensing/lidar/top/pointcloud_raw_ex,107447295550,1785838905251935753,64148021045797,107447295550,238136
/localization/pose_estimator/pose_with_covariance,107447295550,1785838905254678167,64148023788011,107447295550,0
/localization/kinematic_state,107497295551,1785838905296159941,64148065269707,107497295551,0
/control/command/control_cmd,107497295551,1785838905296659279,64148065769054,107497295551,80
/localization/kinematic_state,107547295552,1785838905346122246,64148115232144,107547295552,0
/control/command/control_cmd,107547295552,1785838905346434240,64148115544121,107547295552,80
/sensing/lidar/top/pointcloud_raw_ex,107547295552,1785838905351331751,64148120441716,107547295552,240856
/localization/pose_estimator/pose_with_covariance,107547295552,1785838905354560954,64148123670828,107547295552,0
/localization/kinematic_state,107597295553,1785838905396281115,64148165419736,107597295553,0
/control/command/control_cmd,107597295553,1785838905396329681,64148165439325,107597295553,80
/localization/kinematic_state,107647295553,1785838905446225535,64148215335450,107647295553,0
/control/command/control_cmd,107647295553,1785838905446590661,64148215700501,107647295553,80
/sensing/lidar/top/pointcloud_raw_ex,107647295553,1785838905451581924,64148220691991,107647295553,242040
/localization/pose_estimator/pose_with_covariance,107647295553,1785838905454533465,64148223643291,107647295553,0
/localization/kinematic_state,107697295554,1785838905496025899,64148265135894,107697295554,0
/control/command/control_cmd,107697295554,1785838905496033830,64148265143443,107697295554,80
/localization/kinematic_state,107747295555,1785838905545873959,64148314983692,107747295555,0
/control/command/control_cmd,107747295555,1785838905549553928,64148318663753,107747295555,80
/sensing/lidar/top/pointcloud_raw_ex,107747295555,1785838905550720190,64148319830006,107747295555,240216
/localization/pose_estimator/pose_with_covariance,107747295555,1785838905553790259,64148322900035,107747295555,0
/localization/kinematic_state,107797295555,1785838905596672571,64148365782505,107797295555,0
/control/command/control_cmd,107797295555,1785838905596681405,64148365791012,107797295555,80
/localization/kinematic_state,107847295556,1785838905646092566,64148415202508,107847295556,0
/control/command/control_cmd,107847295556,1785838905646112343,64148415221944,107847295556,80
/sensing/lidar/top/pointcloud_raw_ex,107847295556,1785838905651917483,64148421027267,107847295556,239416
/localization/pose_estimator/pose_with_covariance,107847295556,1785838905654719614,64148423829368,107847295556,0
/localization/kinematic_state,107897295557,1785838905695768534,64148464878289,107897295557,0
/control/command/control_cmd,107897295557,1785838905695814843,64148464924820,107897295557,80
/localization/kinematic_state,107947295558,1785838905745976498,64148515086360,107947295558,0
/control/command/control_cmd,107947295558,1785838905746029330,64148515138973,107947295558,80
/sensing/lidar/top/pointcloud_raw_ex,107947295558,1785838905751101915,64148520212028,107947295558,240088
/localization/pose_estimator/pose_with_covariance,107947295558,1785838905753967265,64148523077053,107947295558,0
/control/command/control_cmd,107997295558,1785838905796098359,64148565208621,107997295558,80
/localization/kinematic_state,107997295558,1785838905796444033,64148565553771,107997295558,0
/localization/kinematic_state,108047295559,1785838905846415872,64148615525997,108047295559,0
/control/command/control_cmd,108047295559,1785838905846984178,64148616094039,108047295559,80
/sensing/lidar/top/pointcloud_raw_ex,108047295559,1785838905851817137,64148620926985,108047295559,238072
/localization/pose_estimator/pose_with_covariance,108047295559,1785838905854448329,64148623558081,108047295559,0
/control/command/control_cmd,108097295560,1785838905896144643,64148665254561,108097295560,80
/localization/kinematic_state,108097295560,1785838905896450086,64148665559891,108097295560,0
/localization/kinematic_state,108147295561,1785838905946732202,64148715842460,108147295561,0
/control/command/control_cmd,108147295561,1785838905946740298,64148715849903,108147295561,80
/sensing/lidar/top/pointcloud_raw_ex,108147295561,1785838905951359647,64148720469620,108147295561,237432
/localization/pose_estimator/pose_with_covariance,108147295561,1785838905954167649,64148723277450,108147295561,0
/localization/kinematic_state,108197295561,1785838905996055525,64148765165422,108197295561,0
/control/command/control_cmd,108197295561,1785838905996744904,64148765854748,108197295561,80
/localization/kinematic_state,108247295562,1785838906045964799,64148815074777,108247295562,0
/control/command/control_cmd,108247295562,1785838906045974382,64148815084003,108247295562,80
/sensing/lidar/top/pointcloud_raw_ex,108247295562,1785838906051296235,64148820406406,108247295562,239288
/localization/pose_estimator/pose_with_covariance,108247295562,1785838906054254305,64148823364190,108247295562,0
/localization/kinematic_state,108297295563,1785838906095918249,64148865028095,108297295563,0
/control/command/control_cmd,108297295563,1785838906095987915,64148865097774,108297295563,80
/localization/kinematic_state,108347295564,1785838906145958598,64148915068555,108347295564,0
/control/command/control_cmd,108347295564,1785838906145974582,64148915084200,108347295564,80
/sensing/lidar/top/pointcloud_raw_ex,108347295564,1785838906151340161,64148920449874,108347295564,238680
/localization/pose_estimator/pose_with_covariance,108347295564,1785838906153980468,64148923090190,108347295564,0
/localization/kinematic_state,108397295564,1785838906196309540,64148965419271,108397295564,0
/control/command/control_cmd,108397295564,1785838906196427991,64148965537647,108397295564,80
/localization/kinematic_state,108447295565,1785838906245491704,64149014601855,108447295565,0
/control/command/control_cmd,108447295565,1785838906246035379,64149015145276,108447295565,80
/sensing/lidar/top/pointcloud_raw_ex,108447295565,1785838906250840711,64149019950764,108447295565,239320
/localization/pose_estimator/pose_with_covariance,108447295565,1785838906253590314,64149022700067,108447295565,0
/localization/kinematic_state,108497295566,1785838906295923380,64149065033055,108497295566,0
/control/command/control_cmd,108497295566,1785838906295929533,64149065039148,108497295566,80
/control/command/control_cmd,108547295567,1785838906345449952,64149114559772,108547295567,80
/localization/kinematic_state,108547295567,1785838906346635382,64149115745336,108547295567,0
/sensing/lidar/top/pointcloud_raw_ex,108547295567,1785838906351860161,64149120970175,108547295567,238968
/localization/pose_estimator/pose_with_covariance,108547295567,1785838906354636390,64149123746169,108547295567,0
/localization/kinematic_state,108597295567,1785838906395456828,64149164566710,108597295567,0
/control/command/control_cmd,108597295567,1785838906395827768,64149164937644,108597295567,80
/control/command/control_cmd,108647295568,1785838906445760885,64149214870737,108647295568,80
/localization/kinematic_state,108647295568,1785838906445916234,64149215025979,108647295568,0
/sensing/lidar/top/pointcloud_raw_ex,108647295568,1785838906451542771,64149220652887,108647295568,238456
/localization/pose_estimator/pose_with_covariance,108647295568,1785838906454318881,64149223428580,108647295568,0
/control/command/control_cmd,108697295569,1785838906495904001,64149265013986,108697295569,80
/localization/kinematic_state,108697295569,1785838906495938238,64149265047906,108697295569,0
/localization/kinematic_state,108747295570,1785838906547984771,64149317094649,108747295570,0
/control/command/control_cmd,108747295570,1785838906548000814,64149317110440,108747295570,80
/sensing/lidar/top/pointcloud_raw_ex,108747295570,1785838906551374832,64149320484707,108747295570,236408
/localization/pose_estimator/pose_with_covariance,108747295570,1785838906554621303,64149323731033,108747295570,0
/localization/kinematic_state,108797295570,1785838906596186322,64149365296154,108797295570,0
/control/command/control_cmd,108797295570,1785838906596193909,64149365303536,108797295570,80
/localization/kinematic_state,108847295571,1785838906645147959,64149414257708,108847295571,0
/control/command/control_cmd,108847295571,1785838906646915645,64149416025432,108847295571,80
/sensing/lidar/top/pointcloud_raw_ex,108847295571,1785838906651032786,64149420142581,108847295571,240984
/localization/pose_estimator/pose_with_covariance,108847295571,1785838906653792808,64149422902707,108847295571,0
/control/command/control_cmd,108897295572,1785838906695865686,64149464975520,108897295572,80
/localization/kinematic_state,108897295572,1785838906697297374,64149466407261,108897295572,0
/control/command/control_cmd,108947295573,1785838906745438142,64149514548155,108947295573,80
/localization/kinematic_state,108947295573,1785838906745574718,64149514684490,108947295573,0
/sensing/lidar/top/pointcloud_raw_ex,108947295573,1785838906750458109,64149519568109,108947295573,240344
/localization/pose_estimator/pose_with_covariance,108947295573,1785838906754250027,64149523359745,108947295573,0
/localization/kinematic_state,108997295573,1785838906795779312,64149564889130,108997295573,0
/control/command/control_cmd,108997295573,1785838906795926123,64149565036040,108997295573,80
/localization/kinematic_state,109047295574,1785838906845043928,64149614153734,109047295574,0
/control/command/control_cmd,109047295574,1785838906846374713,64149615484598,109047295574,80
/sensing/lidar/top/pointcloud_raw_ex,109047295574,1785838906851212925,64149620322862,109047295574,236472
/localization/pose_estimator/pose_with_covariance,109047295574,1785838906853867616,64149622977437,109047295574,0
/localization/kinematic_state,109097295575,1785838906895639224,64149664749084,109097295575,0
/control/command/control_cmd,109097295575,1785838906895790667,64149664900567,109097295575,80
/control/command/control_cmd,109147295576,1785838906945943099,64149715053069,109147295576,80
/localization/kinematic_state,109147295576,1785838906946157227,64149715267009,109147295576,0
/sensing/lidar/top/pointcloud_raw_ex,109147295576,1785838906950439131,64149719549367,109147295576,237720
/localization/pose_estimator/pose_with_covariance,109147295576,1785838906953249689,64149722359593,109147295576,0
/localization/kinematic_state,109197295576,1785838906995945695,64149765055497,109197295576,0
/control/command/control_cmd,109197295576,1785838906996079424,64149765189340,109197295576,80
/localization/kinematic_state,109247295577,1785838907045439672,64149814549587,109247295577,0
/control/command/control_cmd,109247295577,1785838907046100047,64149815209835,109247295577,80
/sensing/lidar/top/pointcloud_raw_ex,109247295577,1785838907050984375,64149820094342,109247295577,237816
/localization/pose_estimator/pose_with_covariance,109247295577,1785838907055228027,64149824338165,109247295577,0
/localization/kinematic_state,109297295578,1785838907095755092,64149864864872,109297295578,0
/control/command/control_cmd,109297295578,1785838907095769611,64149864879224,109297295578,80
/localization/kinematic_state,109347295579,1785838907145428094,64149914537924,109347295579,0
/control/command/control_cmd,109347295579,1785838907147352267,64149916462025,109347295579,80
/sensing/lidar/top/pointcloud_raw_ex,109347295579,1785838907151270973,64149920380624,109347295579,240024
/localization/pose_estimator/pose_with_covariance,109347295579,1785838907154008805,64149923118874,109347295579,0
/localization/kinematic_state,109397295579,1785838907195820628,64149964930474,109397295579,0
/control/command/control_cmd,109397295579,1785838907196624155,64149965734022,109397295579,80
/localization/kinematic_state,109447295580,1785838907245895146,64150015005099,109447295580,0
/control/command/control_cmd,109447295580,1785838907245915121,64150015024733,109447295580,80
/sensing/lidar/top/pointcloud_raw_ex,109447295580,1785838907251569894,64150020679720,109447295580,236856
/localization/pose_estimator/pose_with_covariance,109447295580,1785838907254465164,64150023574930,109447295580,0
/localization/kinematic_state,109497295581,1785838907296135408,64150065245176,109497295581,0
/control/command/control_cmd,109497295581,1785838907296142747,64150065252342,109497295581,80
/localization/kinematic_state,109547295582,1785838907345460433,64150114570165,109547295582,0
/control/command/control_cmd,109547295582,1785838907345597997,64150114708029,109547295582,80
/sensing/lidar/top/pointcloud_raw_ex,109547295582,1785838907350758781,64150119868925,109547295582,237464
/localization/pose_estimator/pose_with_covariance,109547295582,1785838907353425648,64150122535477,109547295582,0
/localization/kinematic_state,109597295582,1785838907395383571,64150164493364,109597295582,0
/control/command/control_cmd,109597295582,1785838907395762331,64150164872027,109597295582,80
/localization/kinematic_state,109647295583,1785838907445974358,64150215084363,109647295583,0
/control/command/control_cmd,109647295583,1785838907446292604,64150215402462,109647295583,80
/sensing/lidar/top/pointcloud_raw_ex,109647295583,1785838907451368442,64150220478494,109647295583,240472
/localization/pose_estimator/pose_with_covariance,109647295583,1785838907454950352,64150224060103,109647295583,0
/localization/kinematic_state,109697295584,1785838907495405387,64150264515074,109697295584,0
/control/command/control_cmd,109697295584,1785838907495814357,64150264924032,109697295584,80
/localization/kinematic_state,109747295585,1785838907545467943,64150314578047,109747295585,0
/control/command/control_cmd,109747295585,1785838907546368191,64150315478199,109747295585,80
/sensing/lidar/top/pointcloud_raw_ex,109747295585,1785838907550639250,64150319749285,109747295585,244120
/localization/pose_estimator/pose_with_covariance,109747295585,1785838907553625897,64150322735708,109747295585,0
/localization/kinematic_state,109797295585,1785838907597356129,64150366466009,109797295585,0
/control/command/control_cmd,109797295585,1785838907597373849,64150366483488,109797295585,80
/localization/kinematic_state,109847295586,1785838907645777696,64150414887451,109847295586,0
/control/command/control_cmd,109847295586,1785838907646279483,64150415389293,109847295586,80
/sensing/lidar/top/pointcloud_raw_ex,109847295586,1785838907650637141,64150419747066,109847295586,238520
/localization/pose_estimator/pose_with_covariance,109847295586,1785838907653473413,64150422583155,109847295586,0
/localization/kinematic_state,109897295587,1785838907695387205,64150464496921,109897295587,0
/control/command/control_cmd,109897295587,1785838907695727864,64150464837688,109897295587,80
/control/command/control_cmd,109947295588,1785838907746097188,64150515207543,109947295588,80
/localization/kinematic_state,109947295588,1785838907746407707,64150515517377,109947295588,0
/sensing/lidar/top/pointcloud_raw_ex,109947295588,1785838907751940039,64150521050256,109947295588,238904
/localization/pose_estimator/pose_with_covariance,109947295588,1785838907754555354,64150523665118,109947295588,0
/localization/kinematic_state,109997295588,1785838907795561048,64150564671017,109997295588,0
/control/command/control_cmd,109997295588,1785838907795671365,64150564781119,109997295588,80
/localization/kinematic_state,110047295589,1785838907845857175,64150614967255,110047295589,0
/control/command/control_cmd,110047295589,1785838907846192900,64150615302619,110047295589,80
/sensing/lidar/top/pointcloud_raw_ex,110047295589,1785838907851458868,64150620568651,110047295589,235928
/localization/pose_estimator/pose_with_covariance,110047295589,1785838907854292831,64150623402593,110047295589,0
/control/command/control_cmd,110097295590,1785838907895602016,64150664711924,110097295590,80
/localization/kinematic_state,110097295590,1785838907895790300,64150664900246,110097295590,0
/localization/kinematic_state,110147295591,1785838907945826063,64150714935828,110147295591,0
/control/command/control_cmd,110147295591,1785838907946002036,64150715111907,110147295591,80
/sensing/lidar/top/pointcloud_raw_ex,110147295591,1785838907951290382,64150720400552,110147295591,235544
/localization/pose_estimator/pose_with_covariance,110147295591,1785838907954211210,64150723321032,110147295591,0
/localization/kinematic_state,110197295591,1785838907996433100,64150765543041,110197295591,0
/control/command/control_cmd,110197295591,1785838907996445360,64150765554990,110197295591,80
/localization/kinematic_state,110247295592,1785838908045935809,64150815045647,110247295592,0
/control/command/control_cmd,110247295592,1785838908045944583,64150815054179,110247295592,80
/sensing/lidar/top/pointcloud_raw_ex,110247295592,1785838908051365295,64150820475333,110247295592,239704
/localization/pose_estimator/pose_with_covariance,110247295592,1785838908054196792,64150823306603,110247295592,0
/localization/kinematic_state,110297295593,1785838908095808491,64150864918253,110297295593,0
/control/command/control_cmd,110297295593,1785838908095835502,64150864945126,110297295593,80
/localization/kinematic_state,110347295593,1785838908145667666,64150914777634,110347295593,0
/control/command/control_cmd,110347295593,1785838908146254212,64150915363890,110347295593,80
/sensing/lidar/top/pointcloud_raw_ex,110347295593,1785838908151754642,64150920864537,110347295593,237144
/localization/pose_estimator/pose_with_covariance,110347295593,1785838908153838501,64150922948299,110347295593,0
/localization/kinematic_state,110397295594,1785838908196555519,64150965665349,110397295594,0
/control/command/control_cmd,110397295594,1785838908196657641,64150965767282,110397295594,80
/localization/kinematic_state,110447295595,1785838908245394009,64151014503775,110447295595,0
/control/command/control_cmd,110447295595,1785838908245950728,64151015060738,110447295595,80
/sensing/lidar/top/pointcloud_raw_ex,110447295595,1785838908251506898,64151020616994,110447295595,239512
/localization/pose_estimator/pose_with_covariance,110447295595,1785838908254353573,64151023463480,110447295595,0
/localization/kinematic_state,110497295596,1785838908296115038,64151065224813,110497295596,0
/control/command/control_cmd,110497295596,1785838908296124619,64151065234237,110497295596,80
/localization/kinematic_state,110547295596,1785838908345826914,64151114936834,110547295596,0
/control/command/control_cmd,110547295596,1785838908347092653,64151116202549,110547295596,80
/sensing/lidar/top/pointcloud_raw_ex,110547295596,1785838908351359714,64151120469512,110547295596,240120
/localization/pose_estimator/pose_with_covariance,110547295596,1785838908354114665,64151123224496,110547295596,0
/control/command/control_cmd,110597295597,1785838908395789275,64151164899473,110597295597,80
/localization/kinematic_state,110597295597,1785838908396238305,64151165347985,110597295597,0
/localization/kinematic_state,110647295598,1785838908445259349,64151214369112,110647295598,0
/control/command/control_cmd,110647295598,1785838908446182319,64151215292242,110647295598,80
/sensing/lidar/top/pointcloud_raw_ex,110647295598,1785838908451475225,64151220585010,110647295598,238072
/localization/pose_estimator/pose_with_covariance,110647295598,1785838908455105269,64151224215135,110647295598,0
/localization/kinematic_state,110697295599,1785838908495762640,64151264872376,110697295599,0
/control/command/control_cmd,110697295599,1785838908496324477,64151265434391,110697295599,80
/control/command/control_cmd,110747295599,1785838908545677900,64151314787836,110747295599,80
/localization/kinematic_state,110747295599,1785838908545854912,64151314964751,110747295599,0
/sensing/lidar/top/pointcloud_raw_ex,110747295599,1785838908551582697,64151320692852,110747295599,237624
/localization/pose_estimator/pose_with_covariance,110747295599,1785838908554567644,64151323677496,110747295599,0
/control/command/control_cmd,110797295600,1785838908595369843,64151364479834,110797295600,80
/localization/kinematic_state,110797295600,1785838908595524721,64151364634461,110797295600,0
/control/command/control_cmd,110847295601,1785838908645853642,64151414963583,110847295601,80
/localization/kinematic_state,110847295601,1785838908646116071,64151415225806,110847295601,0
/sensing/lidar/top/pointcloud_raw_ex,110847295601,1785838908652191400,64151421301428,110847295601,237688
/localization/pose_estimator/pose_with_covariance,110847295601,1785838908655055614,64151424165389,110847295601,0
/control/command/control_cmd,110897295602,1785838908696034843,64151465144816,110897295602,80
/localization/kinematic_state,110897295602,1785838908696464167,64151465573914,110897295602,0
/control/command/control_cmd,110947295602,1785838908745500580,64151514610488,110947295602,80
/localization/kinematic_state,110947295602,1785838908746924841,64151516034518,110947295602,0
/sensing/lidar/top/pointcloud_raw_ex,110947295602,1785838908750960736,64151520070845,110947295602,239448
/localization/pose_estimator/pose_with_covariance,110947295602,1785838908754821032,64151523931055,110947295602,0
/localization/kinematic_state,110997295603,1785838908795707208,64151564816968,110997295603,0
/control/command/control_cmd,110997295603,1785838908795908875,64151565018565,110997295603,80
/localization/kinematic_state,111047295604,1785838908845795023,64151614904789,111047295604,0
/control/command/control_cmd,111047295604,1785838908846696819,64151615806683,111047295604,80
/sensing/lidar/top/pointcloud_raw_ex,111047295604,1785838908852093523,64151621203268,111047295604,240536
/localization/pose_estimator/pose_with_covariance,111047295604,1785838908854925928,64151624035805,111047295604,0
/localization/kinematic_state,111097295605,1785838908895936891,64151665046788,111097295605,0
/control/command/control_cmd,111097295605,1785838908895946559,64151665056234,111097295605,80
/control/command/control_cmd,111147295605,1785838908945988809,64151715099230,111147295605,80
/localization/kinematic_state,111147295605,1785838908946217529,64151715327248,111147295605,0
/sensing/lidar/top/pointcloud_raw_ex,111147295605,1785838908952283552,64151721393670,111147295605,239736
/localization/pose_estimator/pose_with_covariance,111147295605,1785838908955292933,64151724402805,111147295605,0
/localization/kinematic_state,111197295606,1785838908996150812,64151765260557,111197295606,0
/control/command/control_cmd,111197295606,1785838908996158507,64151765268107,111197295606,80
/localization/kinematic_state,111247295607,1785838909046994757,64151816104771,111247295607,0
/control/command/control_cmd,111247295607,1785838909047003813,64151816113435,111247295607,80
/sensing/lidar/top/pointcloud_raw_ex,111247295607,1785838909051542887,64151820652895,111247295607,236472
/localization/pose_estimator/pose_with_covariance,111247295607,1785838909054269253,64151823379029,111247295607,0
/localization/kinematic_state,111297295608,1785838909096292111,64151865402274,111297295608,0
/control/command/control_cmd,111297295608,1785838909096308357,64151865418102,111297295608,80
/localization/kinematic_state,111347295608,1785838909146027229,64151915137007,111347295608,0
/control/command/control_cmd,111347295608,1785838909146106689,64151915216489,111347295608,80
/sensing/lidar/top/pointcloud_raw_ex,111347295608,1785838909151098988,64151920208983,111347295608,239512
/localization/pose_estimator/pose_with_covariance,111347295608,1785838909153967146,64151923076859,111347295608,0
/localization/kinematic_state,111397295609,1785838909196144565,64151965254426,111397295609,0
/control/command/control_cmd,111397295609,1785838909196154790,64151965264399,111397295609,80
/localization/kinematic_state,111447295610,1785838909245192220,64152014302145,111447295610,0
/control/command/control_cmd,111447295610,1785838909246772474,64152015882426,111447295610,80
/sensing/lidar/top/pointcloud_raw_ex,111447295610,1785838909250862871,64152019972905,111447295610,237976
/localization/pose_estimator/pose_with_covariance,111447295610,1785838909253581691,64152022691403,111447295610,0
/localization/kinematic_state,111497295611,1785838909295556909,64152064666710,111497295611,0
/control/command/control_cmd,111497295611,1785838909295760520,64152064870438,111497295611,80
/localization/kinematic_state,111547295611,1785838909345599293,64152114709033,111547295611,0
/control/command/control_cmd,111547295611,1785838909346723736,64152115833510,111547295611,80
/sensing/lidar/top/pointcloud_raw_ex,111547295611,1785838909351471063,64152120580981,111547295611,238744
/localization/pose_estimator/pose_with_covariance,111547295611,1785838909354315263,64152123425018,111547295611,0
/localization/kinematic_state,111597295612,1785838909395617779,64152164727656,111597295612,0
/control/command/control_cmd,111597295612,1785838909396269916,64152165379789,111597295612,80
/localization/kinematic_state,111647295613,1785838909446348789,64152215458514,111647295613,0
/control/command/control_cmd,111647295613,1785838909446364739,64152215474365,111647295613,80
/sensing/lidar/top/pointcloud_raw_ex,111647295613,1785838909453410538,64152222520484,111647295613,241176
/localization/pose_estimator/pose_with_covariance,111647295613,1785838909456734231,64152225843996,111647295613,0
/control/command/control_cmd,111697295614,1785838909495796440,64152264906256,111697295614,80
/localization/kinematic_state,111697295614,1785838909496867028,64152265976768,111697295614,0
/control/command/control_cmd,111747295614,1785838909545551371,64152314661220,111747295614,80
/localization/kinematic_state,111747295614,1785838909545720671,64152314830477,111747295614,0
/sensing/lidar/top/pointcloud_raw_ex,111747295614,1785838909550803949,64152319913916,111747295614,240088
/localization/pose_estimator/pose_with_covariance,111747295614,1785838909553505112,64152322615007,111747295614,0
/localization/kinematic_state,111797295615,1785838909596180699,64152365290627,111797295615,0
/control/command/control_cmd,111797295615,1785838909596342633,64152365452286,111797295615,80
/localization/kinematic_state,111847295616,1785838909645548880,64152414658691,111847295616,0
/control/command/control_cmd,111847295616,1785838909646139075,64152415249059,111847295616,80
/sensing/lidar/top/pointcloud_raw_ex,111847295616,1785838909650734663,64152419844583,111847295616,240056
/localization/pose_estimator/pose_with_covariance,111847295616,1785838909653455767,64152422565674,111847295616,0
/localization/kinematic_state,111897295617,1785838909696092439,64152465202203,111897295617,0
/control/command/control_cmd,111897295617,1785838909696259399,64152465369047,111897295617,80
/localization/kinematic_state,111947295617,1785838909746350241,64152515460375,111947295617,0
/control/command/control_cmd,111947295617,1785838909746719647,64152515829358,111947295617,80
/sensing/lidar/top/pointcloud_raw_ex,111947295617,1785838909751634788,64152520744759,111947295617,239128
/localization/pose_estimator/pose_with_covariance,111947295617,1785838909754453313,64152523563228,111947295617,0
/localization/kinematic_state,111997295618,1785838909795902111,64152565011958,111997295618,0
/control/command/control_cmd,111997295618,1785838909796843940,64152565953721,111997295618,80
/localization/kinematic_state,112047295619,1785838909845509061,64152614618903,112047295619,0
/control/command/control_cmd,112047295619,1785838909846195185,64152615304999,112047295619,80
/sensing/lidar/top/pointcloud_raw_ex,112047295619,1785838909851175573,64152620285468,112047295619,237112
/localization/pose_estimator/pose_with_covariance,112047295619,1785838909854191555,64152623301262,112047295619,0
/localization/kinematic_state,112097295620,1785838909896663231,64152665773321,112097295620,0
/control/command/control_cmd,112097295620,1785838909896677539,64152665787155,112097295620,80
/localization/kinematic_state,112147295620,1785838909945468008,64152714577798,112147295620,0
/control/command/control_cmd,112147295620,1785838909945829747,64152714939551,112147295620,80
/sensing/lidar/top/pointcloud_raw_ex,112147295620,1785838909952367435,64152721477662,112147295620,238776
/localization/pose_estimator/pose_with_covariance,112147295620,1785838909956960337,64152726070003,112147295620,0
/localization/kinematic_state,112197295621,1785838909996968614,64152766078578,112197295621,0
/control/command/control_cmd,112197295621,1785838909996979459,64152766089106,112197295621,80
/control/command/control_cmd,112247295622,1785838910045050984,64152814161263,112247295622,80
/localization/kinematic_state,112247295622,1785838910045159062,64152814268729,112247295622,0
/sensing/lidar/top/pointcloud_raw_ex,112247295622,1785838910052226284,64152821336259,112247295622,243416
/localization/pose_estimator/pose_with_covariance,112247295622,1785838910055068469,64152824178349,112247295622,0
/localization/kinematic_state,112297295623,1785838910095695295,64152864805320,112297295623,0
/control/command/control_cmd,112297295623,1785838910095704233,64152864813820,112297295623,80
/localization/kinematic_state,112347295623,1785838910145595340,64152914705202,112347295623,0
/control/command/control_cmd,112347295623,1785838910145605191,64152914714796,112347295623,80
/sensing/lidar/top/pointcloud_raw_ex,112347295623,1785838910151868641,64152920978663,112347295623,238104
/localization/pose_estimator/pose_with_covariance,112347295623,1785838910154989137,64152924099013,112347295623,0
/control/command/control_cmd,112397295624,1785838910195546160,64152964656224,112397295624,80
/localization/kinematic_state,112397295624,1785838910195646570,64152964756325,112397295624,0
/localization/kinematic_state,112447295625,1785838910245975299,64153015085118,112447295625,0
/control/command/control_cmd,112447295625,1785838910246296747,64153015406384,112447295625,80
/sensing/lidar/top/pointcloud_raw_ex,112447295625,1785838910253152463,64153022262392,112447295625,235096
/localization/pose_estimator/pose_with_covariance,112447295625,1785838910255732192,64153024841942,112447295625,0
/localization/kinematic_state,112497295626,1785838910296184781,64153065294694,112497295626,0
/control/command/control_cmd,112497295626,1785838910296205750,64153065315374,112497295626,80
/localization/kinematic_state,112547295626,1785838910346022354,64153115132313,112547295626,0
/control/command/control_cmd,112547295626,1785838910346033109,64153115142762,112547295626,80
/sensing/lidar/top/pointcloud_raw_ex,112547295626,1785838910351277982,64153120388133,112547295626,238360
/localization/pose_estimator/pose_with_covariance,112547295626,1785838910354203691,64153123313741,112547295626,0
/localization/kinematic_state,112597295627,1785838910396019355,64153165129111,112597295627,0
/control/command/control_cmd,112597295627,1785838910396029546,64153165139181,112597295627,80
/control/command/control_cmd,112647295628,1785838910445955483,64153215065505,112647295628,80
/localization/kinematic_state,112647295628,1785838910446425105,64153215534782,112647295628,0
/sensing/lidar/top/pointcloud_raw_ex,112647295628,1785838910451062788,64153220172660,112647295628,236792
/localization/pose_estimator/pose_with_covariance,112647295628,1785838910455035456,64153224145287,112647295628,0
/localization/kinematic_state,112697295629,1785838910495558418,64153264668177,112697295629,0
/control/command/control_cmd,112697295629,1785838910495968010,64153265077933,112697295629,80
/localization/kinematic_state,112747295629,1785838910546351200,64153315461248,112747295629,0
/control/command/control_cmd,112747295629,1785838910546416259,64153315526118,112747295629,80
/sensing/lidar/top/pointcloud_raw_ex,112747295629,1785838910551050887,64153320160819,112747295629,239704
/localization/pose_estimator/pose_with_covariance,112747295629,1785838910554078034,64153323187839,112747295629,0
/localization/kinematic_state,112797295630,1785838910595945450,64153365055253,112797295630,0
/control/command/control_cmd,112797295630,1785838910596985585,64153366095417,112797295630,80
/localization/kinematic_state,112847295631,1785838910646643540,64153415753462,112847295631,0
/control/command/control_cmd,112847295631,1785838910646752578,64153415862498,112847295631,80
/sensing/lidar/top/pointcloud_raw_ex,112847295631,1785838910651143726,64153420253761,112847295631,235032
/localization/pose_estimator/pose_with_covariance,112847295631,1785838910653952734,64153423062671,112847295631,0
/localization/kinematic_state,112897295631,1785838910695897667,64153465007454,112897295631,0
/control/command/control_cmd,112897295631,1785838910695907749,64153465017355,112897295631,80
/control/command/control_cmd,112947295632,1785838910746067204,64153515176992,112947295632,80
/localization/kinematic_state,112947295632,1785838910746119312,64153515228943,112947295632,0
/sensing/lidar/top/pointcloud_raw_ex,112947295632,1785838910751745549,64153520855778,112947295632,239064
/localization/pose_estimator/pose_with_covariance,112947295632,1785838910754748080,64153523857821,112947295632,0
/localization/kinematic_state,112997295633,1785838910796018287,64153565128072,112997295633,0
/control/command/control_cmd,112997295633,1785838910796052924,64153565162554,112997295633,80
/localization/kinematic_state,113047295634,1785838910845799304,64153614909116,113047295634,0
/control/command/control_cmd,113047295634,1785838910846501437,64153615611406,113047295634,80
/sensing/lidar/top/pointcloud_raw_ex,113047295634,1785838910851984790,64153621094612,113047295634,242744
/localization/pose_estimator/pose_with_covariance,113047295634,1785838910853826272,64153622936069,113047295634,0
/localization/kinematic_state,113097295634,1785838910895958602,64153665068365,113097295634,0
/control/command/control_cmd,113097295634,1785838910896030527,64153665140482,113097295634,80
/localization/kinematic_state,113147295635,1785838910945668133,64153714778115,113147295635,0
/control/command/control_cmd,113147295635,1785838910946359901,64153715469776,113147295635,80
/sensing/lidar/top/pointcloud_raw_ex,113147295635,1785838910952482293,64153721592168,113147295635,240024
/localization/pose_estimator/pose_with_covariance,113147295635,1785838910955108489,64153724218205,113147295635,0
/localization/kinematic_state,113197295636,1785838910995650695,64153764760434,113197295636,0
/control/command/control_cmd,113197295636,1785838910996524041,64153765633868,113197295636,80
/localization/kinematic_state,113247295637,1785838911045434278,64153814544248,113247295637,0
/control/command/control_cmd,113247295637,1785838911045873435,64153814983307,113247295637,80
/sensing/lidar/top/pointcloud_raw_ex,113247295637,1785838911051093630,64153820204006,113247295637,238744
/localization/pose_estimator/pose_with_covariance,113247295637,1785838911054157041,64153823267119,113247295637,0
/localization/kinematic_state,113297295637,1785838911095553086,64153864662908,113297295637,0
/control/command/control_cmd,113297295637,1785838911095560863,64153864670469,113297295637,80
/control/command/control_cmd,113347295638,1785838911147228863,64153916339128,113347295638,80
/localization/kinematic_state,113347295638,1785838911149133225,64153918243002,113347295638,0
/sensing/lidar/top/pointcloud_raw_ex,113347295638,1785838911151008165,64153920118094,113347295638,239896
/localization/pose_estimator/pose_with_covariance,113347295638,1785838911153904183,64153923014156,113347295638,0
/localization/kinematic_state,113397295639,1785838911196135417,64153965245520,113397295639,0
/control/command/control_cmd,113397295639,1785838911196149948,64153965259690,113397295639,80
/localization/kinematic_state,113447295640,1785838911246083117,64154015193028,113447295640,0
/control/command/control_cmd,113447295640,1785838911247423207,64154016533002,113447295640,80
/sensing/lidar/top/pointcloud_raw_ex,113447295640,1785838911251328231,64154020438032,113447295640,237656
/localization/pose_estimator/pose_with_covariance,113447295640,1785838911254483471,64154023593344,113447295640,0
/localization/kinematic_state,113497295640,1785838911295944618,64154065054640,113497295640,0
/control/command/control_cmd,113497295640,1785838911296168888,64154065278601,113497295640,80
/localization/kinematic_state,113547295641,1785838911345816806,64154114926644,113547295641,0
/control/command/control_cmd,113547295641,1785838911347701710,64154116811401,113547295641,80
/sensing/lidar/top/pointcloud_raw_ex,113547295641,1785838911351690773,64154120800610,113547295641,236952
/localization/pose_estimator/pose_with_covariance,113547295641,1785838911354533912,64154123643631,113547295641,0
/localization/kinematic_state,113597295642,1785838911396488442,64154165598640,113597295642,0
/control/command/control_cmd,113597295642,1785838911396504601,64154165614201,113597295642,80
/localization/kinematic_state,113647295643,1785838911445623821,64154214733683,113647295643,0
/control/command/control_cmd,113647295643,1785838911445630847,64154214740459,113647295643,80
/sensing/lidar/top/pointcloud_raw_ex,113647295643,1785838911450579657,64154219689661,113647295643,237976
/localization/pose_estimator/pose_with_covariance,113647295643,1785838911453384851,64154222494600,113647295643,0
/localization/kinematic_state,113697295643,1785838911495844915,64154264954744,113697295643,0
/control/command/control_cmd,113697295643,1785838911495855735,64154264965327,113697295643,80
/localization/kinematic_state,113747295644,1785838911545957103,64154315066932,113747295644,0
/control/command/control_cmd,113747295644,1785838911546349058,64154315458804,113747295644,80
/sensing/lidar/top/pointcloud_raw_ex,113747295644,1785838911550957508,64154320067439,113747295644,240024
/localization/pose_estimator/pose_with_covariance,113747295644,1785838911553820350,64154322930116,113747295644,0
/localization/kinematic_state,113797295645,1785838911595985228,64154365095266,113797295645,0
/control/command/control_cmd,113797295645,1785838911596000604,64154365110226,113797295645,80
/localization/kinematic_state,113847295646,1785838911645708855,64154414818686,113847295646,0
/control/command/control_cmd,113847295646,1785838911645923462,64154415033326,113847295646,80
/sensing/lidar/top/pointcloud_raw_ex,113847295646,1785838911651188122,64154420298135,113847295646,241656
/localization/pose_estimator/pose_with_covariance,113847295646,1785838911653847071,64154422956757,113847295646,0
/localization/kinematic_state,113897295646,1785838911696197635,64154465307559,113897295646,0
/control/command/control_cmd,113897295646,1785838911697158217,64154466267987,113897295646,80
/localization/kinematic_state,113947295647,1785838911745581953,64154514691718,113947295647,0
/control/command/control_cmd,113947295647,1785838911746480535,64154515590329,113947295647,80
/sensing/lidar/top/pointcloud_raw_ex,113947295647,1785838911752023273,64154521133286,113947295647,238424
/localization/pose_estimator/pose_with_covariance,113947295647,1785838911755008155,64154524117867,113947295647,0
/localization/kinematic_state,113997295648,1785838911796113852,64154565223657,113997295648,0
/control/command/control_cmd,113997295648,1785838911796127872,64154565237493,113997295648,80
/localization/kinematic_state,114047295649,1785838911845533931,64154614643789,114047295649,0
/control/command/control_cmd,114047295649,1785838911846112286,64154615222100,114047295649,80
/sensing/lidar/top/pointcloud_raw_ex,114047295649,1785838911851055496,64154620165399,114047295649,239288
/localization/pose_estimator/pose_with_covariance,114047295649,1785838911853781379,64154622891164,114047295649,0
/localization/kinematic_state,114097295649,1785838911896931514,64154666041355,114097295649,0
/control/command/control_cmd,114097295649,1785838911896940433,64154666050053,114097295649,80
/control/command/control_cmd,114147295650,1785838911946037897,64154715147981,114147295650,80
/localization/kinematic_state,114147295650,1785838911946289638,64154715399438,114147295650,0
/sensing/lidar/top/pointcloud_raw_ex,114147295650,1785838911951603410,64154720713635,114147295650,239640
/localization/pose_estimator/pose_with_covariance,114147295650,1785838911954507690,64154723617834,114147295650,0
/localization/kinematic_state,114197295651,1785838911995667355,64154764777241,114197295651,0
/control/command/control_cmd,114197295651,1785838911995911655,64154765021500,114197295651,80
/localization/kinematic_state,114247295652,1785838912045660421,64154814770221,114247295652,0
/control/command/control_cmd,114247295652,1785838912046554103,64154815663884,114247295652,80
/sensing/lidar/top/pointcloud_raw_ex,114247295652,1785838912051219909,64154820329925,114247295652,239288
/localization/pose_estimator/pose_with_covariance,114247295652,1785838912054023364,64154823133173,114247295652,0
/localization/kinematic_state,114297295652,1785838912095995946,64154865105704,114297295652,0
/control/command/control_cmd,114297295652,1785838912096238394,64154865348251,114297295652,80
/control/command/control_cmd,114347295653,1785838912145748556,64154914858641,114347295653,80
/localization/kinematic_state,114347295653,1785838912147965049,64154917074816,114347295653,0
/sensing/lidar/top/pointcloud_raw_ex,114347295653,1785838912151413444,64154920523369,114347295653,239800
/localization/pose_estimator/pose_with_covariance,114347295653,1785838912154228879,64154923338694,114347295653,0
/control/command/control_cmd,114397295654,1785838912195854406,64154964964726,114397295654,80
/localization/kinematic_state,114397295654,1785838912196045875,64154965155621,114397295654,0
/localization/kinematic_state,114447295655,1785838912245938523,64155015048409,114447295655,0
/control/command/control_cmd,114447295655,1785838912245949747,64155015059362,114447295655,80
/sensing/lidar/top/pointcloud_raw_ex,114447295655,1785838912250437383,64155019547328,114447295655,241752
/localization/pose_estimator/pose_with_covariance,114447295655,1785838912253304870,64155022414649,114447295655,0
/localization/kinematic_state,114497295655,1785838912296408432,64155065518116,114497295655,0
/control/command/control_cmd,114497295655,1785838912296416132,64155065525731,114497295655,80
/localization/kinematic_state,114547295656,1785838912345620500,64155114730491,114547295656,0
/control/command/control_cmd,114547295656,1785838912346410180,64155115548390,114547295656,80
/sensing/lidar/top/pointcloud_raw_ex,114547295656,1785838912351422291,64155120532369,114547295656,239576
/localization/pose_estimator/pose_with_covariance,114547295656,1785838912354140039,64155123249842,114547295656,0
/localization/kinematic_state,114597295657,1785838912395930612,64155165040454,114597295657,0
/control/command/control_cmd,114597295657,1785838912395950368,64155165059991,114597295657,80
/localization/kinematic_state,114647295658,1785838912445383130,64155214492894,114647295658,0
/control/command/control_cmd,114647295658,1785838912446681045,64155215790970,114647295658,80
/sensing/lidar/top/pointcloud_raw_ex,114647295658,1785838912450823429,64155219933299,114647295658,236728
/localization/pose_estimator/pose_with_covariance,114647295658,1785838912453425608,64155222535470,114647295658,0
/control/command/control_cmd,114697295658,1785838912495709323,64155264819072,114697295658,80
/localization/kinematic_state,114697295658,1785838912495989435,64155265099216,114697295658,0
/localization/kinematic_state,114747295659,1785838912545838959,64155314948840,114747295659,0
/control/command/control_cmd,114747295659,1785838912546068489,64155315178336,114747295659,80
/sensing/lidar/top/pointcloud_raw_ex,114747295659,1785838912552331804,64155321441970,114747295659,239192
/localization/pose_estimator/pose_with_covariance,114747295659,1785838912555963419,64155325073398,114747295659,0
/localization/kinematic_state,114797295660,1785838912595774724,64155364884543,114797295660,0
/control/command/control_cmd,114797295660,1785838912596037600,64155365147402,114797295660,80
/control/command/control_cmd,114847295661,1785838912645928275,64155415038533,114847295661,80
/localization/kinematic_state,114847295661,1785838912645972822,64155415082533,114847295661,0
/sensing/lidar/top/pointcloud_raw_ex,114847295661,1785838912650297256,64155419407338,114847295661,240120
/localization/pose_estimator/pose_with_covariance,114847295661,1785838912653131431,64155422241278,114847295661,0
/localization/kinematic_state,114897295661,1785838912695303325,64155464413106,114897295661,0
/control/command/control_cmd,114897295661,1785838912695950706,64155465060607,114897295661,80
/localization/kinematic_state,114947295662,1785838912745995525,64155515105416,114947295662,0
/control/command/control_cmd,114947295662,1785838912748154852,64155517264526,114947295662,80
/sensing/lidar/top/pointcloud_raw_ex,114947295662,1785838912750587864,64155519697667,114947295662,239608
/localization/pose_estimator/pose_with_covariance,114947295662,1785838912753434280,64155522544064,114947295662,0
/control/command/control_cmd,114997295663,1785838912796095583,64155565205690,114997295663,80
/localization/kinematic_state,114997295663,1785838912796160272,64155565269905,114997295663,0
/localization/kinematic_state,115047295664,1785838912845901249,64155615011016,115047295664,0
/control/command/control_cmd,115047295664,1785838912846165947,64155615275749,115047295664,80
/sensing/lidar/top/pointcloud_raw_ex,115047295664,1785838912850482834,64155619592801,115047295664,237080
/localization/pose_estimator/pose_with_covariance,115047295664,1785838912853271492,64155622381216,115047295664,0
/localization/kinematic_state,115097295664,1785838912895973022,64155665082782,115097295664,0
/control/command/control_cmd,115097295664,1785838912896396948,64155665506873,115097295664,80
/control/command/control_cmd,115147295665,1785838912945768188,64155714878375,115147295665,80
/localization/kinematic_state,115147295665,1785838912945958838,64155715068604,115147295665,0
/sensing/lidar/top/pointcloud_raw_ex,115147295665,1785838912952498211,64155721608387,115147295665,239672
/localization/pose_estimator/pose_with_covariance,115147295665,1785838912955407449,64155724517379,115147295665,0
/localization/kinematic_state,115197295666,1785838912995492563,64155764602327,115197295666,0
/control/command/control_cmd,115197295666,1785838912995583643,64155764693311,115197295666,80
/localization/kinematic_state,115247295667,1785838913045916190,64155815026050,115247295667,0
/control/command/control_cmd,115247295667,1785838913046184933,64155815294779,115247295667,80
/sensing/lidar/top/pointcloud_raw_ex,115247295667,1785838913051411537,64155820521921,115247295667,242264
/localization/pose_estimator/pose_with_covariance,115247295667,1785838913054620989,64155823730870,115247295667,0
/control/command/control_cmd,115297295667,1785838913095766167,64155864876084,115297295667,80
/localization/kinematic_state,115297295667,1785838913095798141,64155864907762,115297295667,0
/control/command/control_cmd,115347295668,1785838913145847477,64155914957533,115347295668,80
/localization/kinematic_state,115347295668,1785838913145896754,64155915006408,115347295668,0
/sensing/lidar/top/pointcloud_raw_ex,115347295668,1785838913150728402,64155919838281,115347295668,239896
/localization/pose_estimator/pose_with_covariance,115347295668,1785838913153814814,64155922924597,115347295668,0
/localization/kinematic_state,115397295669,1785838913195586160,64155964695904,115397295669,0
/control/command/control_cmd,115397295669,1785838913196205686,64155965315594,115397295669,80
/localization/kinematic_state,115447295669,1785838913246175038,64156015284960,115447295669,0
/control/command/control_cmd,115447295669,1785838913246895140,64156016004844,115447295669,80
/sensing/lidar/top/pointcloud_raw_ex,115447295669,1785838913251142122,64156020252163,115447295669,237080
/localization/pose_estimator/pose_with_covariance,115447295669,1785838913254059516,64156023169264,115447295669,0
/localization/kinematic_state,115497295670,1785838913296138395,64156065248571,115497295670,0
/control/command/control_cmd,115497295670,1785838913296203436,64156065313349,115497295670,80
/localization/kinematic_state,115547295671,1785838913345370020,64156114479718,115547295671,0
/control/command/control_cmd,115547295671,1785838913345384483,64156114494098,115547295671,80
/sensing/lidar/top/pointcloud_raw_ex,115547295671,1785838913351406136,64156120515970,115547295671,238808
/localization/pose_estimator/pose_with_covariance,115547295671,1785838913354151228,64156123261046,115547295671,0
/localization/kinematic_state,115597295672,1785838913396987468,64156166097314,115597295672,0
/control/command/control_cmd,115597295672,1785838913396997186,64156166106784,115597295672,80
/localization/kinematic_state,115647295672,1785838913445778628,64156214888495,115647295672,0
/control/command/control_cmd,115647295672,1785838913445980603,64156215090522,115647295672,80
/sensing/lidar/top/pointcloud_raw_ex,115647295672,1785838913451454175,64156220564254,115647295672,242392
/localization/pose_estimator/pose_with_covariance,115647295672,1785838913454299128,64156223408894,115647295672,0
/localization/kinematic_state,115697295673,1785838913496119516,64156265229275,115697295673,0
/control/command/control_cmd,115697295673,1785838913496128783,64156265238397,115697295673,80
/localization/kinematic_state,115747295674,1785838913545981663,64156315091626,115747295674,0
/control/command/control_cmd,115747295674,1785838913546390767,64156315500598,115747295674,80
/sensing/lidar/top/pointcloud_raw_ex,115747295674,1785838913552163239,64156321273202,115747295674,239896
/localization/pose_estimator/pose_with_covariance,115747295674,1785838913554907539,64156324017284,115747295674,0
/localization/kinematic_state,115797295675,1785838913596046159,64156365155888,115797295675,0
/control/command/control_cmd,115797295675,1785838913597018089,64156366127918,115797295675,80
/localization/kinematic_state,115847295675,1785838913645406220,64156414516091,115847295675,0
/control/command/control_cmd,115847295675,1785838913646399363,64156415509102,115847295675,80
/sensing/lidar/top/pointcloud_raw_ex,115847295675,1785838913650524706,64156419634404,115847295675,238648
/localization/pose_estimator/pose_with_covariance,115847295675,1785838913654504411,64156423614209,115847295675,0
/control/command/control_cmd,115897295676,1785838913696165677,64156465275743,115897295676,80
/localization/kinematic_state,115897295676,1785838913696999106,64156466108816,115897295676,0
/localization/kinematic_state,115947295677,1785838913746013123,64156515123297,115947295677,0
/control/command/control_cmd,115947295677,1785838913746100516,64156515210420,115947295677,80
/sensing/lidar/top/pointcloud_raw_ex,115947295677,1785838913751151606,64156520261719,115947295677,237752
/localization/pose_estimator/pose_with_covariance,115947295677,1785838913754155589,64156523265287,115947295677,0
/localization/kinematic_state,115997295678,1785838913795604919,64156564714758,115997295678,0
/control/command/control_cmd,115997295678,1785838913795940916,64156565050786,115997295678,80
/localization/kinematic_state,116047295678,1785838913846638956,64156615749162,116047295678,0
/control/command/control_cmd,116047295678,1785838913847005295,64156616115230,116047295678,80
/sensing/lidar/top/pointcloud_raw_ex,116047295678,1785838913851107978,64156620217996,116047295678,238840
/localization/pose_estimator/pose_with_covariance,116047295678,1785838913853804017,64156622913788,116047295678,0
/localization/kinematic_state,116097295679,1785838913895808438,64156664918183,116097295679,0
/control/command/control_cmd,116097295679,1785838913896641730,64156665751536,116097295679,80
/localization/kinematic_state,116147295680,1785838913946452345,64156715562400,116147295680,0
/control/command/control_cmd,116147295680,1785838913946849247,64156715959127,116147295680,80
/sensing/lidar/top/pointcloud_raw_ex,116147295680,1785838913953178409,64156722288760,116147295680,239352
/localization/pose_estimator/pose_with_covariance,116147295680,1785838913955917466,64156725027616,116147295680,0
/control/command/control_cmd,116197295681,1785838913995662779,64156764772940,116197295681,80
/localization/kinematic_state,116197295681,1785838913996910033,64156766020182,116197295681,0
/control/command/control_cmd,116247295681,1785838914046130017,64156815240203,116247295681,80
/localization/kinematic_state,116247295681,1785838914046771450,64156815881189,116247295681,0
/sensing/lidar/top/pointcloud_raw_ex,116247295681,1785838914051906576,64156821016425,116247295681,236248
/localization/pose_estimator/pose_with_covariance,116247295681,1785838914055354186,64156824463870,116247295681,0
/control/command/control_cmd,116297295682,1785838914095834149,64156864944023,116297295682,80
/localization/kinematic_state,116297295682,1785838914096162874,64156865272532,116297295682,0
/localization/kinematic_state,116347295683,1785838914146343712,64156915453538,116347295683,0
/control/command/control_cmd,116347295683,1785838914146350048,64156915459651,116347295683,80
/sensing/lidar/top/pointcloud_raw_ex,116347295683,1785838914151863714,64156920973780,116347295683,239000
/localization/pose_estimator/pose_with_covariance,116347295683,1785838914154669130,64156923778858,116347295683,0
/control/command/control_cmd,116397295684,1785838914196301482,64156965411457,116397295684,80
/localization/kinematic_state,116397295684,1785838914196330808,64156965440438,116397295684,0
/localization/kinematic_state,116447295684,1785838914245734192,64157014844031,116447295684,0
/control/command/control_cmd,116447295684,1785838914245748132,64157014857774,116447295684,80
/sensing/lidar/top/pointcloud_raw_ex,116447295684,1785838914251020211,64157020130262,116447295684,242136
/localization/pose_estimator/pose_with_covariance,116447295684,1785838914254698995,64157023808768,116447295684,0
/localization/kinematic_state,116497295685,1785838914295806916,64157064916655,116497295685,0
/control/command/control_cmd,116497295685,1785838914296152841,64157065262496,116497295685,80
/localization/kinematic_state,116547295686,1785838914346963665,64157116073578,116547295686,0
/control/command/control_cmd,116547295686,1785838914347715611,64157116825404,116547295686,80
/sensing/lidar/top/pointcloud_raw_ex,116547295686,1785838914351311310,64157120421087,116547295686,239576
/localization/pose_estimator/pose_with_covariance,116547295686,1785838914354008299,64157123118050,116547295686,0
/localization/kinematic_state,116597295687,1785838914396177887,64157165287598,116597295687,0
/control/command/control_cmd,116597295687,1785838914396186992,64157165296636,116597295687,80
/localization/kinematic_state,116647295687,1785838914446556987,64157215666711,116647295687,0
/control/command/control_cmd,116647295687,1785838914446602023,64157215711898,116647295687,80
/sensing/lidar/top/pointcloud_raw_ex,116647295687,1785838914451172631,64157220282447,116647295687,238424
/localization/pose_estimator/pose_with_covariance,116647295687,1785838914454506871,64157223616582,116647295687,0
/localization/kinematic_state,116697295688,1785838914495895776,64157265005665,116697295688,0
/control/command/control_cmd,116697295688,1785838914495911083,64157265020690,116697295688,80
/localization/kinematic_state,116747295689,1785838914545407852,64157314517730,116747295689,0
/control/command/control_cmd,116747295689,1785838914546418028,64157315527983,116747295689,80
/sensing/lidar/top/pointcloud_raw_ex,116747295689,1785838914551717059,64157320827352,116747295689,239160
/localization/pose_estimator/pose_with_covariance,116747295689,1785838914554439359,64157323549085,116747295689,0
/localization/kinematic_state,116797295690,1785838914595920212,64157365029981,116797295690,0
/control/command/control_cmd,116797295690,1785838914595937904,64157365047531,116797295690,80
/localization/kinematic_state,116847295690,1785838914645443382,64157414553176,116847295690,0
/control/command/control_cmd,116847295690,1785838914646035460,64157415145239,116847295690,80
/sensing/lidar/top/pointcloud_raw_ex,116847295690,1785838914650576597,64157419686615,116847295690,239192
/localization/pose_estimator/pose_with_covariance,116847295690,1785838914653387734,64157422497536,116847295690,0
/control/command/control_cmd,116897295691,1785838914695450615,64157464560621,116897295691,80
/localization/kinematic_state,116897295691,1785838914696410773,64157465520520,116897295691,0
/localization/kinematic_state,116947295692,1785838914745407947,64157514517810,116947295692,0
/control/command/control_cmd,116947295692,1785838914745750301,64157514860251,116947295692,80
/sensing/lidar/top/pointcloud_raw_ex,116947295692,1785838914750605193,64157519715226,116947295692,238968
/localization/pose_estimator/pose_with_covariance,116947295692,1785838914753273369,64157522383159,116947295692,0
/control/command/control_cmd,116997295693,1785838914796010438,64157565120419,116997295693,80
/localization/kinematic_state,116997295693,1785838914796331907,64157565441581,116997295693,0
/localization/kinematic_state,117047295693,1785838914845833000,64157614942813,117047295693,0
/control/command/control_cmd,117047295693,1785838914846651803,64157615761656,117047295693,80
/sensing/lidar/top/pointcloud_raw_ex,117047295693,1785838914850875755,64157619985887,117047295693,236728
/localization/pose_estimator/pose_with_covariance,117047295693,1785838914853795798,64157622905550,117047295693,0
/control/command/control_cmd,117097295694,1785838914896232170,64157665342166,117097295694,80
/localization/kinematic_state,117097295694,1785838914896304769,64157665414419,117097295694,0
/localization/kinematic_state,117147295695,1785838914945928073,64157715038007,117147295695,0
/control/command/control_cmd,117147295695,1785838914946058612,64157715168301,117147295695,80
/sensing/lidar/top/pointcloud_raw_ex,117147295695,1785838914951620644,64157720730952,117147295695,239928
/localization/pose_estimator/pose_with_covariance,117147295695,1785838914954496318,64157723606164,117147295695,0
/localization/kinematic_state,117197295696,1785838914995352236,64157764461979,117197295696,0
/control/command/control_cmd,117197295696,1785838914995696996,64157764806773,117197295696,80
/localization/kinematic_state,117247295696,1785838915045830609,64157814940423,117247295696,0
/control/command/control_cmd,117247295696,1785838915047910852,64157817020601,117247295696,80
/sensing/lidar/top/pointcloud_raw_ex,117247295696,1785838915051904336,64157821014165,117247295696,238936
/localization/pose_estimator/pose_with_covariance,117247295696,1785838915053995303,64157823105121,117247295696,0
/control/command/control_cmd,117297295697,1785838915095707327,64157864817347,117297295697,80
/localization/kinematic_state,117297295697,1785838915095940796,64157865050582,117297295697,0
/localization/kinematic_state,117347295698,1785838915145813290,64157914923225,117347295698,0
/control/command/control_cmd,117347295698,1785838915146201723,64157915311377,117347295698,80
/sensing/lidar/top/pointcloud_raw_ex,117347295698,1785838915151195958,64157920305800,117347295698,239096
/localization/pose_estimator/pose_with_covariance,117347295698,1785838915154915161,64157924025029,117347295698,0
/localization/kinematic_state,117397295699,1785838915195681371,64157964791229,117397295699,0
/control/command/control_cmd,117397295699,1785838915196090720,64157965200594,117397295699,80
/localization/kinematic_state,117447295699,1785838915246017424,64158015127370,117447295699,0
/control/command/control_cmd,117447295699,1785838915246026729,64158015136334,117447295699,80
/sensing/lidar/top/pointcloud_raw_ex,117447295699,1785838915250878899,64158019989055,117447295699,239000
/localization/pose_estimator/pose_with_covariance,117447295699,1785838915253662995,64158022772763,117447295699,0
/control/command/control_cmd,117497295700,1785838915296274558,64158065384342,117497295700,80
/localization/kinematic_state,117497295700,1785838915297191424,64158066301504,117497295700,0
/localization/kinematic_state,117547295701,1785838915346940269,64158116050203,117547295701,0
/control/command/control_cmd,117547295701,1785838915346949101,64158116058700,117547295701,80
/sensing/lidar/top/pointcloud_raw_ex,117547295701,1785838915351395931,64158120506055,117547295701,239032
/localization/pose_estimator/pose_with_covariance,117547295701,1785838915354195058,64158123304851,117547295701,0
/localization/kinematic_state,117597295702,1785838915396588443,64158165698309,117597295702,0
/control/command/control_cmd,117597295702,1785838915397252230,64158166362079,117597295702,80
/localization/kinematic_state,117647295702,1785838915445550453,64158214660323,117647295702,0
/control/command/control_cmd,117647295702,1785838915446876446,64158215986384,117647295702,80
/sensing/lidar/top/pointcloud_raw_ex,117647295702,1785838915450996229,64158220106342,117647295702,239064
/localization/pose_estimator/pose_with_covariance,117647295702,1785838915454730617,64158223840729,117647295702,0
/localization/kinematic_state,117697295703,1785838915495895924,64158265005618,117697295703,0
/control/command/control_cmd,117697295703,1785838915496860807,64158265970605,117697295703,80
/localization/kinematic_state,117747295704,1785838915545760199,64158314870185,117747295704,0
/control/command/control_cmd,117747295704,1785838915545887501,64158314997140,117747295704,80
/sensing/lidar/top/pointcloud_raw_ex,117747295704,1785838915550992542,64158320102377,117747295704,239992
/localization/pose_estimator/pose_with_covariance,117747295704,1785838915553411477,64158322521291,117747295704,0
/localization/kinematic_state,117797295705,1785838915595538251,64158364648013,117797295705,0
/control/command/control_cmd,117797295705,1785838915596151132,64158365261000,117797295705,80
/localization/kinematic_state,117847295705,1785838915645427996,64158414537783,117847295705,0
/control/command/control_cmd,117847295705,1785838915645733196,64158414842997,117847295705,80
/sensing/lidar/top/pointcloud_raw_ex,117847295705,1785838915650508619,64158419618659,117847295705,238136
/localization/pose_estimator/pose_with_covariance,117847295705,1785838915653388779,64158422498548,117847295705,0
/control/command/control_cmd,117897295706,1785838915695421101,64158464530999,117897295706,80
/localization/kinematic_state,117897295706,1785838915696514009,64158465623777,117897295706,0
/localization/kinematic_state,117947295707,1785838915745547888,64158514658102,117947295707,0
/control/command/control_cmd,117947295707,1785838915745559134,64158514668735,117947295707,80
/sensing/lidar/top/pointcloud_raw_ex,117947295707,1785838915751260353,64158520370139,117947295707,238840
/localization/pose_estimator/pose_with_covariance,117947295707,1785838915753934779,64158523044596,117947295707,0
/localization/kinematic_state,117997295707,1785838915795293790,64158564403535,117997295707,0
/control/command/control_cmd,117997295707,1785838915795722068,64158564831785,117997295707,80
/localization/kinematic_state,118047295708,1785838915845516981,64158614626975,118047295708,0
/control/command/control_cmd,118047295708,1785838915846273619,64158615383314,118047295708,80
/sensing/lidar/top/pointcloud_raw_ex,118047295708,1785838915850475632,64158619585503,118047295708,238968
/localization/pose_estimator/pose_with_covariance,118047295708,1785838915853715338,64158622825256,118047295708,0
/localization/kinematic_state,118097295709,1785838915896139988,64158665249741,118097295709,0
/control/command/control_cmd,118097295709,1785838915896694559,64158665804365,118097295709,80
/localization/kinematic_state,118147295710,1785838915945459333,64158714569163,118147295710,0
/control/command/control_cmd,118147295710,1785838915945901919,64158715011821,118147295710,80
/sensing/lidar/top/pointcloud_raw_ex,118147295710,1785838915950434934,64158719545191,118147295710,240184
/localization/pose_estimator/pose_with_covariance,118147295710,1785838915953429805,64158722539584,118147295710,0
/localization/kinematic_state,118197295710,1785838915996002118,64158765111947,118197295710,0
/control/command/control_cmd,118197295710,1785838915996010991,64158765120599,118197295710,80
/localization/kinematic_state,118247295711,1785838916045281549,64158814391485,118247295711,0
/control/command/control_cmd,118247295711,1785838916046582117,64158815692001,118247295711,80
/sensing/lidar/top/pointcloud_raw_ex,118247295711,1785838916051055703,64158820165903,118247295711,239896
/localization/pose_estimator/pose_with_covariance,118247295711,1785838916055044439,64158824154471,118247295711,0
/localization/kinematic_state,118297295712,1785838916095821337,64158864931153,118297295712,0
/control/command/control_cmd,118297295712,1785838916095830023,64158864939624,118297295712,80
/localization/kinematic_state,118347295713,1785838916145106611,64158914216432,118347295713,0
/control/command/control_cmd,118347295713,1785838916145985867,64158915095674,118347295713,80
/sensing/lidar/top/pointcloud_raw_ex,118347295713,1785838916152058341,64158921168028,118347295713,235512
/localization/pose_estimator/pose_with_covariance,118347295713,1785838916155037824,64158924147565,118347295713,0
/control/command/control_cmd,118397295713,1785838916195576339,64158964686141,118397295713,80
/localization/kinematic_state,118397295713,1785838916195794962,64158964904597,118397295713,0
/control/command/control_cmd,118447295714,1785838916245764850,64159014875052,118447295714,80
/localization/kinematic_state,118447295714,1785838916245821501,64159014931246,118447295714,0
/sensing/lidar/top/pointcloud_raw_ex,118447295714,1785838916250996739,64159020106865,118447295714,239608
/localization/pose_estimator/pose_with_covariance,118447295714,1785838916253803840,64159022913639,118447295714,0
/localization/kinematic_state,118497295715,1785838916296282232,64159065392188,118497295715,0
/control/command/control_cmd,118497295715,1785838916296290964,64159065400553,118497295715,80
/localization/kinematic_state,118547295716,1785838916345383329,64159114493065,118547295716,0
/control/command/control_cmd,118547295716,1785838916346986131,64159116096017,118547295716,80
/sensing/lidar/top/pointcloud_raw_ex,118547295716,1785838916350424470,64159119534281,118547295716,236600
/localization/pose_estimator/pose_with_covariance,118547295716,1785838916353319447,64159122429237,118547295716,0
/localization/kinematic_state,118597295716,1785838916395585253,64159164695085,118597295716,0
/control/command/control_cmd,118597295716,1785838916396818297,64159165928118,118597295716,80
/localization/kinematic_state,118647295717,1785838916445402456,64159214512299,118647295717,0
/control/command/control_cmd,118647295717,1785838916445570333,64159214679998,118647295717,80
/sensing/lidar/top/pointcloud_raw_ex,118647295717,1785838916450962224,64159220072064,118647295717,238904
/localization/pose_estimator/pose_with_covariance,118647295717,1785838916454088032,64159223197796,118647295717,0
/control/command/control_cmd,118697295718,1785838916495712175,64159264822114,118697295718,80
/localization/kinematic_state,118697295718,1785838916495828063,64159264970106,118697295718,0
/localization/kinematic_state,118747295719,1785838916546740386,64159315850279,118747295719,0
/control/command/control_cmd,118747295719,1785838916546749799,64159315859433,118747295719,80
/sensing/lidar/top/pointcloud_raw_ex,118747295719,1785838916552269077,64159321379025,118747295719,238360
/localization/pose_estimator/pose_with_covariance,118747295719,1785838916555930252,64159325040020,118747295719,0
/localization/kinematic_state,118797295719,1785838916596063389,64159365173355,118797295719,0
/control/command/control_cmd,118797295719,1785838916596092187,64159365201876,118797295719,80
/localization/kinematic_state,118847295720,1785838916645472929,64159414582749,118847295720,0
/control/command/control_cmd,118847295720,1785838916646363307,64159415473225,118847295720,80
/sensing/lidar/top/pointcloud_raw_ex,118847295720,1785838916650498079,64159419607870,118847295720,236024
/localization/pose_estimator/pose_with_covariance,118847295720,1785838916653461591,64159422571351,118847295720,0
/localization/kinematic_state,118897295721,1785838916696170250,64159465279984,118897295721,0
/control/command/control_cmd,118897295721,1785838916696179452,64159465289070,118897295721,80
/localization/kinematic_state,118947295722,1785838916745439158,64159514548934,118947295722,0
/control/command/control_cmd,118947295722,1785838916745879170,64159514989157,118947295722,80
/sensing/lidar/top/pointcloud_raw_ex,118947295722,1785838916750928364,64159520038220,118947295722,239032
/localization/pose_estimator/pose_with_covariance,118947295722,1785838916753817342,64159522927136,118947295722,0
/localization/kinematic_state,118997295722,1785838916795744682,64159564854548,118997295722,0
/control/command/control_cmd,118997295722,1785838916795753381,64159564862989,118997295722,80
/localization/kinematic_state,119047295723,1785838916845990520,64159615100352,119047295723,0
/control/command/control_cmd,119047295723,1785838916846055819,64159615165538,119047295723,80
/sensing/lidar/top/pointcloud_raw_ex,119047295723,1785838916850974959,64159620085148,119047295723,235352
/localization/pose_estimator/pose_with_covariance,119047295723,1785838916853779427,64159622889203,119047295723,0
/localization/kinematic_state,119097295724,1785838916895354153,64159664463962,119097295724,0
/control/command/control_cmd,119097295724,1785838916895506837,64159664617105,119097295724,80
/localization/kinematic_state,119147295725,1785838916945500539,64159714610402,119147295725,0
/control/command/control_cmd,119147295725,1785838916946981400,64159716091243,119147295725,80
/sensing/lidar/top/pointcloud_raw_ex,119147295725,1785838916951567091,64159720677230,119147295725,241784
/localization/pose_estimator/pose_with_covariance,119147295725,1785838916954633777,64159723743663,119147295725,0
/localization/kinematic_state,119197295725,1785838916995856581,64159764966279,119197295725,0
/control/command/control_cmd,119197295725,1785838916996775886,64159765886113,119197295725,80
/localization/kinematic_state,119247295726,1785838917045730852,64159814840820,119247295726,0
/control/command/control_cmd,119247295726,1785838917045886931,64159814996637,119247295726,80
/sensing/lidar/top/pointcloud_raw_ex,119247295726,1785838917051496402,64159820606491,119247295726,239704
/localization/pose_estimator/pose_with_covariance,119247295726,1785838917054794867,64159823904692,119247295726,0
/localization/kinematic_state,119297295727,1785838917095662853,64159864772604,119297295727,0
/control/command/control_cmd,119297295727,1785838917096104526,64159865214509,119297295727,80
/localization/kinematic_state,119347295728,1785838917145190321,64159914300129,119347295728,0
/control/command/control_cmd,119347295728,1785838917146122162,64159915231949,119347295728,80
/sensing/lidar/top/pointcloud_raw_ex,119347295728,1785838917150174648,64159919284531,119347295728,241016
/localization/pose_estimator/pose_with_covariance,119347295728,1785838917153043635,64159922153947,119347295728,0
/control/command/control_cmd,119397295728,1785838917195819209,64159964929129,119397295728,80
/localization/kinematic_state,119397295728,1785838917196806958,64159965916723,119397295728,0
/localization/kinematic_state,119447295729,1785838917245729927,64160014839937,119447295729,0
/control/command/control_cmd,119447295729,1785838917245746918,64160014856530,119447295729,80
/sensing/lidar/top/pointcloud_raw_ex,119447295729,1785838917250730895,64160019840883,119447295729,237560
/localization/pose_estimator/pose_with_covariance,119447295729,1785838917254371079,64160023480942,119447295729,0
/localization/kinematic_state,119497295730,1785838917295756071,64160064865827,119497295730,0
/control/command/control_cmd,119497295730,1785838917296339032,64160065448843,119497295730,80
/control/command/control_cmd,119547295731,1785838917346113664,64160115223703,119547295731,80
/localization/kinematic_state,119547295731,1785838917346203310,64160115313095,119547295731,0
/sensing/lidar/top/pointcloud_raw_ex,119547295731,1785838917351225184,64160120335125,119547295731,241208
/localization/pose_estimator/pose_with_covariance,119547295731,1785838917354253393,64160123363281,119547295731,0
/control/command/control_cmd,119597295731,1785838917396811084,64160165920852,119597295731,80
/localization/kinematic_state,119597295731,1785838917396837656,64160165947270,119597295731,0
/control/command/control_cmd,119647295732,1785838917445981320,64160215091544,119647295732,80
/localization/kinematic_state,119647295732,1785838917446005972,64160215115577,119647295732,0
/sensing/lidar/top/pointcloud_raw_ex,119647295732,1785838917451225881,64160220336069,119647295732,238104
/localization/pose_estimator/pose_with_covariance,119647295732,1785838917453862487,64160222972371,119647295732,0
/control/command/control_cmd,119697295733,1785838917495932841,64160265042708,119697295733,80
/localization/kinematic_state,119697295733,1785838917496213559,64160265323377,119697295733,0
/localization/kinematic_state,119747295734,1785838917545933704,64160315043536,119747295734,0
/control/command/control_cmd,119747295734,1785838917546377253,64160315487088,119747295734,80
/sensing/lidar/top/pointcloud_raw_ex,119747295734,1785838917552778021,64160321887872,119747295734,237560
/localization/pose_estimator/pose_with_covariance,119747295734,1785838917556838408,64160325948320,119747295734,0
/control/command/control_cmd,119797295734,1785838917595911984,64160365021972,119797295734,80
/localization/kinematic_state,119797295734,1785838917596039651,64160365149328,119797295734,0
/localization/kinematic_state,119847295735,1785838917645833288,64160414943292,119847295735,0
/control/command/control_cmd,119847295735,1785838917646458702,64160415568587,119847295735,80
/sensing/lidar/top/pointcloud_raw_ex,119847295735,1785838917651607450,64160420717836,119847295735,239640
/localization/pose_estimator/pose_with_covariance,119847295735,1785838917654815308,64160423925209,119847295735,0
/control/command/control_cmd,119897295736,1785838917695740579,64160464850483,119897295736,80
/localization/kinematic_state,119897295736,1785838917696431207,64160465541078,119897295736,0
/localization/kinematic_state,119947295737,1785838917746063748,64160515173515,119947295737,0
/control/command/control_cmd,119947295737,1785838917746073832,64160515183448,119947295737,80
/sensing/lidar/top/pointcloud_raw_ex,119947295737,1785838917751086414,64160520196428,119947295737,242616
/localization/pose_estimator/pose_with_covariance,119947295737,1785838917754234293,64160523344067,119947295737,0
/localization/kinematic_state,119997295737,1785838917796150823,64160565260717,119997295737,0
/control/command/control_cmd,119997295737,1785838917796286806,64160565396810,119997295737,80
/localization/kinematic_state,120047295738,1785838917845898128,64160615008152,120047295738,0
/control/command/control_cmd,120047295738,1785838917846079061,64160615189010,120047295738,80
/sensing/lidar/top/pointcloud_raw_ex,120047295738,1785838917851813929,64160620923742,120047295738,237880
/localization/pose_estimator/pose_with_covariance,120047295738,1785838917854958200,64160624068001,120047295738,0
/localization/kinematic_state,120097295739,1785838917895737285,64160664847013,120097295739,0
/control/command/control_cmd,120097295739,1785838917896808425,64160665918343,120097295739,80
/localization/kinematic_state,120147295740,1785838917945402226,64160714512261,120147295740,0
/control/command/control_cmd,120147295740,1785838917945722887,64160714832930,120147295740,80
/sensing/lidar/top/pointcloud_raw_ex,120147295740,1785838917952134851,64160721245293,120147295740,239352
/localization/pose_estimator/pose_with_covariance,120147295740,1785838917955446750,64160724556764,120147295740,0
/localization/kinematic_state,120197295740,1785838917995881991,64160764991965,120197295740,0
/control/command/control_cmd,120197295740,1785838917995898775,64160765008422,120197295740,80
/control/command/control_cmd,120247295741,1785838918046194252,64160815304400,120247295741,80
/localization/kinematic_state,120247295741,1785838918046298515,64160815408135,120247295741,0
/sensing/lidar/top/pointcloud_raw_ex,120247295741,1785838918051299330,64160820409185,120247295741,240280
/localization/pose_estimator/pose_with_covariance,120247295741,1785838918054328304,64160823438070,120247295741,0
/localization/kinematic_state,120297295742,1785838918096074088,64160865184143,120297295742,0
/control/command/control_cmd,120297295742,1785838918096085341,64160865194952,120297295742,80
/localization/kinematic_state,120347295742,1785838918145601572,64160914711405,120347295742,0
/control/command/control_cmd,120347295742,1785838918146237470,64160915347352,120347295742,80
/sensing/lidar/top/pointcloud_raw_ex,120347295742,1785838918152185920,64160921296057,120347295742,235800
/localization/pose_estimator/pose_with_covariance,120347295742,1785838918155154934,64160924264749,120347295742,0
/localization/kinematic_state,120397295743,1785838918195829885,64160964939837,120397295743,0
/control/command/control_cmd,120397295743,1785838918195849683,64160964959325,120397295743,80
/control/command/control_cmd,120447295744,1785838918245699263,64161014809225,120447295744,80
/localization/kinematic_state,120447295744,1785838918245798522,64161014908126,120447295744,0
/sensing/lidar/top/pointcloud_raw_ex,120447295744,1785838918251530537,64161020640595,120447295744,236472
/localization/pose_estimator/pose_with_covariance,120447295744,1785838918254403898,64161023513689,120447295744,0
/localization/kinematic_state,120497295745,1785838918296842341,64161065952566,120497295745,0
/control/command/control_cmd,120497295745,1785838918297417072,64161066526940,120497295745,80
/localization/kinematic_state,120547295745,1785838918345602120,64161114711950,120547295745,0
/control/command/control_cmd,120547295745,1785838918346908429,64161116018191,120547295745,80
/sensing/lidar/top/pointcloud_raw_ex,120547295745,1785838918350884700,64161119994420,120547295745,240408
/localization/pose_estimator/pose_with_covariance,120547295745,1785838918354020997,64161123130829,120547295745,0
/localization/kinematic_state,120597295746,1785838918396502903,64161165612740,120597295746,0
/control/command/control_cmd,120597295746,1785838918396516452,64161165626101,120597295746,80
/localization/kinematic_state,120647295747,1785838918445325878,64161214435756,120647295747,0
/control/command/control_cmd,120647295747,1785838918445512992,64161214622732,120647295747,80
/sensing/lidar/top/pointcloud_raw_ex,120647295747,1785838918450257375,64161219367431,120647295747,240312
/localization/pose_estimator/pose_with_covariance,120647295747,1785838918453236622,64161222346475,120647295747,0
/localization/kinematic_state,120697295748,1785838918496094502,64161265204251,120697295748,0
/control/command/control_cmd,120697295748,1785838918496104186,64161265213793,120697295748,80
/localization/kinematic_state,120747295748,1785838918545788862,64161314898619,120747295748,0
/control/command/control_cmd,120747295748,1785838918546208842,64161315318627,120747295748,80
/sensing/lidar/top/pointcloud_raw_ex,120747295748,1785838918551792421,64161320902206,120747295748,240632
/localization/pose_estimator/pose_with_covariance,120747295748,1785838918554775177,64161323885066,120747295748,0
/localization/kinematic_state,120797295749,1785838918595942987,64161365052993,120797295749,0
/control/command/control_cmd,120797295749,1785838918595950268,64161365059891,120797295749,80
/localization/kinematic_state,120847295750,1785838918645459636,64161414569654,120847295750,0
/control/command/control_cmd,120847295750,1785838918645973898,64161415083760,120847295750,80
/sensing/lidar/top/pointcloud_raw_ex,120847295750,1785838918650549892,64161419660121,120847295750,238040
/localization/pose_estimator/pose_with_covariance,120847295750,1785838918653524445,64161422634219,120847295750,0
/localization/kinematic_state,120897295751,1785838918695955118,64161465064872,120897295751,0
/control/command/control_cmd,120897295751,1785838918696114009,64161465223977,120897295751,80
/localization/kinematic_state,120947295751,1785838918746218782,64161515328706,120947295751,0
/control/command/control_cmd,120947295751,1785838918746918721,64161516028526,120947295751,80
/sensing/lidar/top/pointcloud_raw_ex,120947295751,1785838918752846393,64161521956412,120947295751,234936
/localization/pose_estimator/pose_with_covariance,120947295751,1785838918756411967,64161525521739,120947295751,0
/localization/kinematic_state,120997295752,1785838918795945242,64161565055016,120997295752,0
/control/command/control_cmd,120997295752,1785838918795963330,64161565072950,120997295752,80
/localization/kinematic_state,121047295753,1785838918845584120,64161614694033,121047295753,0
/control/command/control_cmd,121047295753,1785838918847646925,64161616756714,121047295753,80
/sensing/lidar/top/pointcloud_raw_ex,121047295753,1785838918851480335,64161620590067,121047295753,235992
/localization/pose_estimator/pose_with_covariance,121047295753,1785838918854286348,64161623396084,121047295753,0
/localization/kinematic_state,121097295754,1785838918896047211,64161665156924,121097295754,0
/control/command/control_cmd,121097295754,1785838918896108372,64161665218239,121097295754,80
/localization/kinematic_state,121147295754,1785838918946306043,64161715416115,121147295754,0
/control/command/control_cmd,121147295754,1785838918946623262,64161715733076,121147295754,80
/sensing/lidar/top/pointcloud_raw_ex,121147295754,1785838918952269214,64161721379449,121147295754,240760
/localization/pose_estimator/pose_with_covariance,121147295754,1785838918955190434,64161724300239,121147295754,0
/localization/kinematic_state,121197295755,1785838918996177301,64161765286979,121197295755,0
/control/command/control_cmd,121197295755,1785838918996918999,64161766028699,121197295755,80
/localization/kinematic_state,121247295756,1785838919045937207,64161815047210,121247295756,0
/control/command/control_cmd,121247295756,1785838919045955446,64161815065072,121247295756,80
/sensing/lidar/top/pointcloud_raw_ex,121247295756,1785838919050754191,64161819864386,121247295756,236312
/localization/pose_estimator/pose_with_covariance,121247295756,1785838919053912197,64161823022361,121247295756,0
/localization/kinematic_state,121297295757,1785838919095457752,64161864567723,121297295757,0
/control/command/control_cmd,121297295757,1785838919095765596,64161864875500,121297295757,80
/localization/kinematic_state,121347295757,1785838919145446791,64161914556568,121347295757,0
/control/command/control_cmd,121347295757,1785838919145466008,64161914575629,121347295757,80
/sensing/lidar/top/pointcloud_raw_ex,121347295757,1785838919150583563,64161919693778,121347295757,238776
/localization/pose_estimator/pose_with_covariance,121347295757,1785838919153472438,64161922582329,121347295757,0
/control/command/control_cmd,121397295758,1785838919195686425,64161964796318,121397295758,80
/localization/kinematic_state,121397295758,1785838919195718597,64161964828217,121397295758,0
/localization/kinematic_state,121447295759,1785838919245420165,64162014530165,121447295759,0
/control/command/control_cmd,121447295759,1785838919246274782,64162015384460,121447295759,80
/sensing/lidar/top/pointcloud_raw_ex,121447295759,1785838919250888631,64162019998444,121447295759,241432
/localization/pose_estimator/pose_with_covariance,121447295759,1785838919253673356,64162022783058,121447295759,0
/control/command/control_cmd,121497295760,1785838919295841518,64162064951544,121497295760,80
/localization/kinematic_state,121497295760,1785838919296621950,64162065731756,121497295760,0
/control/command/control_cmd,121547295760,1785838919346151033,64162115261123,121547295760,80
/localization/kinematic_state,121547295760,1785838919346446155,64162115555855,121547295760,0
/sensing/lidar/top/pointcloud_raw_ex,121547295760,1785838919352777463,64162121887599,121547295760,239160
/localization/pose_estimator/pose_with_covariance,121547295760,1785838919355883776,64162124993542,121547295760,0
/localization/kinematic_state,121597295761,1785838919395916816,64162165026498,121597295761,0
/control/command/control_cmd,121597295761,1785838919396498538,64162165608437,121597295761,80
/localization/kinematic_state,121647295762,1785838919445863030,64162214972807,121647295762,0
/control/command/control_cmd,121647295762,1785838919446466420,64162215576342,121647295762,80
/sensing/lidar/top/pointcloud_raw_ex,121647295762,1785838919451035920,64162220145828,121647295762,239224
/localization/pose_estimator/pose_with_covariance,121647295762,1785838919454080513,64162223190301,121647295762,0
/control/command/control_cmd,121697295763,1785838919496164869,64162265274829,121697295763,80
/localization/kinematic_state,121697295763,1785838919496468600,64162265578398,121697295763,0
/localization/kinematic_state,121747295763,1785838919545727451,64162314837202,121747295763,0
/control/command/control_cmd,121747295763,1785838919546282878,64162315392793,121747295763,80
/sensing/lidar/top/pointcloud_raw_ex,121747295763,1785838919550471032,64162319581154,121747295763,239256
/localization/pose_estimator/pose_with_covariance,121747295763,1785838919553831229,64162322941015,121747295763,0
/localization/kinematic_state,121797295764,1785838919596261466,64162365371290,121797295764,0
/control/command/control_cmd,121797295764,1785838919596654990,64162365764676,121797295764,80
/localization/kinematic_state,121847295765,1785838919647029811,64162416139620,121847295765,0
/control/command/control_cmd,121847295765,1785838919649531892,64162418641748,121847295765,80
/sensing/lidar/top/pointcloud_raw_ex,121847295765,1785838919652221907,64162421331714,121847295765,238936
/localization/pose_estimator/pose_with_covariance,121847295765,1785838919656233999,64162425343805,121847295765,0
/control/command/control_cmd,121897295766,1785838919696488517,64162465598608,121897295766,80
/localization/kinematic_state,121897295766,1785838919696959181,64162466069014,121897295766,0
/localization/kinematic_state,121947295766,1785838919745401438,64162514511355,121947295766,0
/control/command/control_cmd,121947295766,1785838919745736686,64162514846615,121947295766,80
/sensing/lidar/top/pointcloud_raw_ex,121947295766,1785838919752383841,64162521494014,121947295766,239448
/localization/pose_estimator/pose_with_covariance,121947295766,1785838919755339862,64162524449612,121947295766,0
/control/command/control_cmd,121997295767,1785838919796625594,64162565735490,121997295767,80
/localization/kinematic_state,121997295767,1785838919796653788,64162565763404,121997295767,0
/control/command/control_cmd,122047295768,1785838919846321061,64162615431005,122047295768,80
/localization/kinematic_state,122047295768,1785838919846550014,64162615659812,122047295768,0
/sensing/lidar/top/pointcloud_raw_ex,122047295768,1785838919851320883,64162620430916,122047295768,239192
/localization/pose_estimator/pose_with_covariance,122047295768,1785838919854366054,64162623475749,122047295768,0
/localization/kinematic_state,122097295769,1785838919897112999,64162666222811,122097295769,0
/control/command/control_cmd,122097295769,1785838919897123688,64162666233313,122097295769,80
/localization/kinematic_state,122147295769,1785838919945747990,64162714857734,122147295769,0
/control/command/control_cmd,122147295769,1785838919946559935,64162715669766,122147295769,80
/sensing/lidar/top/pointcloud_raw_ex,122147295769,1785838919951190163,64162720300186,122147295769,241272
/localization/pose_estimator/pose_with_covariance,122147295769,1785838919954162130,64162723272059,122147295769,0
/control/command/control_cmd,122197295770,1785838919996072256,64162765182288,122197295770,80
/localization/kinematic_state,122197295770,1785838919996522010,64162765631776,122197295770,0
/control/command/control_cmd,122247295771,1785838920046196961,64162815306927,122247295771,80
/localization/kinematic_state,122247295771,1785838920046421331,64162815531110,122247295771,0
/sensing/lidar/top/pointcloud_raw_ex,122247295771,1785838920052789342,64162821899648,122247295771,238776
/localization/pose_estimator/pose_with_covariance,122247295771,1785838920055916511,64162825026291,122247295771,0
/control/command/control_cmd,122297295772,1785838920096261945,64162865371745,122297295772,80
/localization/kinematic_state,122297295772,1785838920096939582,64162866049445,122297295772,0
/localization/kinematic_state,122347295772,1785838920146379117,64162915488941,122347295772,0
/control/command/control_cmd,122347295772,1785838920146906151,64162916015824,122347295772,80
/sensing/lidar/top/pointcloud_raw_ex,122347295772,1785838920152178084,64162921288003,122347295772,235992
/localization/pose_estimator/pose_with_covariance,122347295772,1785838920155157942,64162924267627,122347295772,0
/control/command/control_cmd,122397295773,1785838920196072021,64162965181882,122397295773,80
/localization/kinematic_state,122397295773,1785838920196145619,64162965255234,122397295773,0
/localization/kinematic_state,122447295774,1785838920245822126,64163014931993,122447295774,0
/control/command/control_cmd,122447295774,1785838920245884905,64163014994547,122447295774,80
/sensing/lidar/top/pointcloud_raw_ex,122447295774,1785838920252468783,64163021578990,122447295774,238392
/localization/pose_estimator/pose_with_covariance,122447295774,1785838920255501607,64163024611467,122447295774,0
/localization/kinematic_state,122497295775,1785838920296198711,64163065308639,122497295775,0
/control/command/control_cmd,122497295775,1785838920296555196,64163065664994,122497295775,80
/localization/kinematic_state,122547295775,1785838920346301790,64163115411641,122547295775,0
/control/command/control_cmd,122547295775,1785838920346314487,64163115424109,122547295775,80
/sensing/lidar/top/pointcloud_raw_ex,122547295775,1785838920351298621,64163120408629,122547295775,240216
/localization/pose_estimator/pose_with_covariance,122547295775,1785838920355120475,64163124230477,122547295775,0
/control/command/control_cmd,122597295776,1785838920395754140,64163164863980,122597295776,80
/localization/kinematic_state,122597295776,1785838920396935240,64163166045082,122597295776,0
/control/command/control_cmd,122647295777,1785838920446287987,64163215397908,122647295777,80
/localization/kinematic_state,122647295777,1785838920448908430,64163218018292,122647295777,0
/sensing/lidar/top/pointcloud_raw_ex,122647295777,1785838920451142826,64163220252684,122647295777,241560
/localization/pose_estimator/pose_with_covariance,122647295777,1785838920454054036,64163223163757,122647295777,0
/localization/kinematic_state,122697295778,1785838920496317731,64163265427497,122697295778,0
/control/command/control_cmd,122697295778,1785838920496511384,64163265621117,122697295778,80
/control/command/control_cmd,122747295778,1785838920546129162,64163315239413,122747295778,80
/localization/kinematic_state,122747295778,1785838920546168724,64163315278365,122747295778,0
/sensing/lidar/top/pointcloud_raw_ex,122747295778,1785838920552135783,64163321245777,122747295778,239192
/localization/pose_estimator/pose_with_covariance,122747295778,1785838920555678542,64163324788307,122747295778,0
/localization/kinematic_state,122797295779,1785838920596309979,64163365419750,122797295779,0
/control/command/control_cmd,122797295779,1785838920596467113,64163365576863,122797295779,80
/localization/kinematic_state,122847295780,1785838920645817132,64163414926823,122847295780,0
/control/command/control_cmd,122847295780,1785838920645830054,64163414939655,122847295780,80
/sensing/lidar/top/pointcloud_raw_ex,122847295780,1785838920651135265,64163420245393,122847295780,238328
/localization/pose_estimator/pose_with_covariance,122847295780,1785838920654083685,64163423228069,122847295780,0
/localization/kinematic_state,122897295780,1785838920695792122,64163464902197,122897295780,0
/control/command/control_cmd,122897295780,1785838920696846126,64163465955886,122897295780,80
/control/command/control_cmd,122947295781,1785838920745997589,64163515107554,122947295781,80
/localization/kinematic_state,122947295781,1785838920746806473,64163515916227,122947295781,0
/sensing/lidar/top/pointcloud_raw_ex,122947295781,1785838920752026713,64163521136749,122947295781,240952
/localization/pose_estimator/pose_with_covariance,122947295781,1785838920755079118,64163524188906,122947295781,0
/control/command/control_cmd,122997295782,1785838920795814295,64163564924117,122997295782,80
/localization/kinematic_state,122997295782,1785838920795942014,64163565051806,122997295782,0
/localization/kinematic_state,123047295783,1785838920845201492,64163614311221,123047295783,0
/control/command/control_cmd,123047295783,1785838920845889244,64163614999023,123047295783,80
/sensing/lidar/top/pointcloud_raw_ex,123047295783,1785838920850767894,64163619877820,123047295783,239000
/localization/pose_estimator/pose_with_covariance,123047295783,1785838920853686714,64163622796474,123047295783,0
/localization/kinematic_state,123097295783,1785838920895997891,64163665107674,123097295783,0
/control/command/control_cmd,123097295783,1785838920896011890,64163665121531,123097295783,80
/localization/kinematic_state,123147295784,1785838920945916169,64163715026209,123147295784,0
/control/command/control_cmd,123147295784,1785838920946499784,64163715609548,123147295784,80
/sensing/lidar/top/pointcloud_raw_ex,123147295784,1785838920952041824,64163721151973,123147295784,237944
/localization/pose_estimator/pose_with_covariance,123147295784,1785838920955071343,64163724181199,123147295784,0
/localization/kinematic_state,123197295785,1785838920995705528,64163764815277,123197295785,0
/control/command/control_cmd,123197295785,1785838920995784722,64163764894488,123197295785,80
/control/command/control_cmd,123247295786,1785838921045402429,64163814512385,123247295786,80
/localization/kinematic_state,123247295786,1785838921045883401,64163814993169,123247295786,0
/sensing/lidar/top/pointcloud_raw_ex,123247295786,1785838921051391101,64163820501030,123247295786,239128
/localization/pose_estimator/pose_with_covariance,123247295786,1785838921054239804,64163823349700,123247295786,0
/localization/kinematic_state,123297295786,1785838921095566335,64163864676136,123297295786,0
/control/command/control_cmd,123297295786,1785838921096092165,64163865202124,123297295786,80
/localization/kinematic_state,123347295787,1785838921145517530,64163914627445,123347295787,0
/control/command/control_cmd,123347295787,1785838921146035126,64163915145059,123347295787,80
/sensing/lidar/top/pointcloud_raw_ex,123347295787,1785838921150872593,64163919982594,123347295787,239576
/localization/pose_estimator/pose_with_covariance,123347295787,1785838921153868470,64163922978201,123347295787,0
/localization/kinematic_state,123397295788,1785838921196627887,64163965737937,123397295788,0
/control/command/control_cmd,123397295788,1785838921196638411,64163965748054,123397295788,80
/localization/kinematic_state,123447295789,1785838921247958880,64164017068783,123447295789,0
/control/command/control_cmd,123447295789,1785838921247970035,64164017079623,123447295789,80
/sensing/lidar/top/pointcloud_raw_ex,123447295789,1785838921251075091,64164020184860,123447295789,240248
/localization/pose_estimator/pose_with_covariance,123447295789,1785838921254199323,64164023309053,123447295789,0
/localization/kinematic_state,123497295789,1785838921295713170,64164064822894,123497295789,0
/control/command/control_cmd,123497295789,1785838921296616352,64164065726209,123497295789,80
/localization/kinematic_state,123547295790,1785838921345396159,64164114506238,123547295790,0
/control/command/control_cmd,123547295790,1785838921346113651,64164115223531,123547295790,80
/sensing/lidar/top/pointcloud_raw_ex,123547295790,1785838921351527357,64164120637254,123547295790,236056
/localization/pose_estimator/pose_with_covariance,123547295790,1785838921354443601,64164123553311,123547295790,0
/localization/kinematic_state,123597295791,1785838921396424479,64164165534306,123597295791,0
/control/command/control_cmd,123597295791,1785838921396545955,64164165655859,123597295791,80
/localization/kinematic_state,123647295792,1785838921445850093,64164214960096,123647295792,0
/control/command/control_cmd,123647295792,1785838921446212499,64164215322252,123647295792,80
/sensing/lidar/top/pointcloud_raw_ex,123647295792,1785838921451767996,64164220878094,123647295792,240440
/localization/pose_estimator/pose_with_covariance,123647295792,1785838921454799221,64164223909005,123647295792,0
/localization/kinematic_state,123697295792,1785838921495918662,64164265028407,123697295792,0
/control/command/control_cmd,123697295792,1785838921495996575,64164265106219,123697295792,80
/localization/kinematic_state,123747295793,1785838921545687518,64164314797411,123747295793,0
/control/command/control_cmd,123747295793,1785838921545930928,64164315040733,123747295793,80
/sensing/lidar/top/pointcloud_raw_ex,123747295793,1785838921550776334,64164319886187,123747295793,235128
/localization/pose_estimator/pose_with_covariance,123747295793,1785838921554060238,64164323170065,123747295793,0
/localization/kinematic_state,123797295794,1785838921595938064,64164365047868,123797295794,0
/control/command/control_cmd,123797295794,1785838921596355332,64164365465214,123797295794,80
/control/command/control_cmd,123847295795,1785838921645706811,64164414816760,123847295795,80
/localization/kinematic_state,123847295795,1785838921645951924,64164415061748,123847295795,0
/sensing/lidar/top/pointcloud_raw_ex,123847295795,1785838921651618324,64164420728335,123847295795,240856
/localization/pose_estimator/pose_with_covariance,123847295795,1785838921654506931,64164423616699,123847295795,0
/localization/kinematic_state,123897295795,1785838921695574247,64164464683979,123897295795,0
/control/command/control_cmd,123897295795,1785838921696056950,64164465166840,123897295795,80
/localization/kinematic_state,123947295796,1785838921745627954,64164514738021,123947295796,0
/control/command/control_cmd,123947295796,1785838921746127720,64164515237561,123947295796,80
/sensing/lidar/top/pointcloud_raw_ex,123947295796,1785838921750908327,64164520018098,123947295796,239480
/localization/pose_estimator/pose_with_covariance,123947295796,1785838921754206102,64164523315898,123947295796,0
/control/command/control_cmd,123997295797,1785838921795627111,64164564737221,123997295797,80
/localization/kinematic_state,123997295797,1785838921795955431,64164565065228,123997295797,0
/localization/kinematic_state,124047295798,1785838921846325277,64164615435122,124047295798,0
/control/command/control_cmd,124047295798,1785838921846335682,64164615445289,124047295798,80
/sensing/lidar/top/pointcloud_raw_ex,124047295798,1785838921851638229,64164620748020,124047295798,237240
/localization/pose_estimator/pose_with_covariance,124047295798,1785838921855314741,64164624424628,124047295798,0
/control/command/control_cmd,124097295798,1785838921895651192,64164664761029,124097295798,80
/localization/kinematic_state,124097295798,1785838921895912317,64164665022071,124097295798,0
/localization/kinematic_state,124147295799,1785838921945517296,64164714627252,124147295799,0
/control/command/control_cmd,124147295799,1785838921945830037,64164714939876,124147295799,80
/sensing/lidar/top/pointcloud_raw_ex,124147295799,1785838921951210275,64164720320409,124147295799,239704
/localization/pose_estimator/pose_with_covariance,124147295799,1785838921954234363,64164723344464,124147295799,0
/localization/kinematic_state,124197295800,1785838921995374265,64164764484042,124197295800,0
/control/command/control_cmd,124197295800,1785838921995823163,64164764932996,124197295800,80
/localization/kinematic_state,124247295801,1785838922045316627,64164814426378,124247295801,0
/control/command/control_cmd,124247295801,1785838922045535463,64164814645157,124247295801,80
/sensing/lidar/top/pointcloud_raw_ex,124247295801,1785838922050526717,64164819637275,124247295801,238552
/localization/pose_estimator/pose_with_covariance,124247295801,1785838922053540386,64164822650355,124247295801,0
/localization/kinematic_state,124297295801,1785838922095415781,64164864525783,124297295801,0
/control/command/control_cmd,124297295801,1785838922095829695,64164864939348,124297295801,80
/localization/kinematic_state,124347295802,1785838922145509130,64164914619087,124347295802,0
/control/command/control_cmd,124347295802,1785838922146163922,64164915273777,124347295802,80
/sensing/lidar/top/pointcloud_raw_ex,124347295802,1785838922151590603,64164920700384,124347295802,239224
/localization/pose_estimator/pose_with_covariance,124347295802,1785838922154539591,64164923649325,124347295802,0
/localization/kinematic_state,124397295803,1785838922195580852,64164964690586,124397295803,0
/control/command/control_cmd,124397295803,1785838922196255461,64164965365262,124397295803,80
/localization/kinematic_state,124447295804,1785838922245408854,64165014518637,124447295804,0
/control/command/control_cmd,124447295804,1785838922245879563,64165014989439,124447295804,80
/sensing/lidar/top/pointcloud_raw_ex,124447295804,1785838922250390820,64165019500868,124447295804,238008
/localization/pose_estimator/pose_with_covariance,124447295804,1785838922253236801,64165022346559,124447295804,0
/localization/kinematic_state,124497295804,1785838922296300958,64165065410707,124497295804,0
/control/command/control_cmd,124497295804,1785838922296308704,64165065418331,124497295804,80
/localization/kinematic_state,124547295805,1785838922345474376,64165114584510,124547295805,0
/control/command/control_cmd,124547295805,1785838922345682180,64165114792049,124547295805,80
/sensing/lidar/top/pointcloud_raw_ex,124547295805,1785838922350226850,64165119336883,124547295805,235448
/localization/pose_estimator/pose_with_covariance,124547295805,1785838922353119158,64165122228967,124547295805,0
/localization/kinematic_state,124597295806,1785838922395960082,64165165069956,124597295806,0
/control/command/control_cmd,124597295806,1785838922395968242,64165165077850,124597295806,80
/localization/kinematic_state,124647295807,1785838922445802562,64165214912525,124647295807,0
/control/command/control_cmd,124647295807,1785838922446064591,64165215174395,124647295807,80
/sensing/lidar/top/pointcloud_raw_ex,124647295807,1785838922450692207,64165219802130,124647295807,240376
/localization/pose_estimator/pose_with_covariance,124647295807,1785838922453861439,64165222971135,124647295807,0
/localization/kinematic_state,124697295807,1785838922496047532,64165265157360,124697295807,0
/control/command/control_cmd,124697295807,1785838922497279407,64165266389271,124697295807,80
/localization/kinematic_state,124747295808,1785838922547965412,64165317075463,124747295808,0
/control/command/control_cmd,124747295808,1785838922547981213,64165317090831,124747295808,80
/sensing/lidar/top/pointcloud_raw_ex,124747295808,1785838922551836711,64165320946804,124747295808,237848
/localization/pose_estimator/pose_with_covariance,124747295808,1785838922554686421,64165323796240,124747295808,0
/localization/kinematic_state,124797295809,1785838922596015261,64165365125151,124797295809,0
/control/command/control_cmd,124797295809,1785838922596064897,64165365174541,124797295809,80
/localization/kinematic_state,124847295810,1785838922645941284,64165415051207,124847295810,0
/control/command/control_cmd,124847295810,1785838922645948906,64165415058519,124847295810,80
/sensing/lidar/top/pointcloud_raw_ex,124847295810,1785838922653391882,64165422501919,124847295810,236152
/localization/pose_estimator/pose_with_covariance,124847295810,1785838922656503901,64165425613921,124847295810,0
/localization/kinematic_state,124897295810,1785838922695929352,64165465039272,124897295810,0
/control/command/control_cmd,124897295810,1785838922696257746,64165465367692,124897295810,80
/localization/kinematic_state,124947295811,1785838922745939739,64165515049499,124947295811,0
/control/command/control_cmd,124947295811,1785838922746515921,64165515625713,124947295811,80
/sensing/lidar/top/pointcloud_raw_ex,124947295811,1785838922751138596,64165520248511,124947295811,239096
/localization/pose_estimator/pose_with_covariance,124947295811,1785838922754448344,64165523558230,124947295811,0
/localization/kinematic_state,124997295812,1785838922796476757,64165565586629,124997295812,0
/control/command/control_cmd,124997295812,1785838922796486644,64165565596297,124997295812,80
/localization/kinematic_state,125047295813,1785838922846226913,64165615337367,125047295813,0
/control/command/control_cmd,125047295813,1785838922846500660,64165615610522,125047295813,80
/sensing/lidar/top/pointcloud_raw_ex,125047295813,1785838922851841911,64165620951960,125047295813,239960
/localization/pose_estimator/pose_with_covariance,125047295813,1785838922854688519,64165623798253,125047295813,0
/localization/kinematic_state,125097295813,1785838922895895666,64165665005541,125097295813,0
/control/command/control_cmd,125097295813,1785838922896013478,64165665123402,125097295813,80
/localization/kinematic_state,125147295814,1785838922945950490,64165715060479,125147295814,0
/control/command/control_cmd,125147295814,1785838922946851136,64165715960921,125147295814,80
/sensing/lidar/top/pointcloud_raw_ex,125147295814,1785838922951868414,64165720978578,125147295814,237336
/localization/pose_estimator/pose_with_covariance,125147295814,1785838922954906553,64165724016409,125147295814,0
/control/command/control_cmd,125197295815,1785838922996189378,64165765299207,125197295815,80
/localization/kinematic_state,125197295815,1785838922996227784,64165765337420,125197295815,0
/localization/kinematic_state,125247295816,1785838923046331134,64165815441009,125247295816,0
/control/command/control_cmd,125247295816,1785838923046341826,64165815451432,125247295816,80
/sensing/lidar/top/pointcloud_raw_ex,125247295816,1785838923050583113,64165819693224,125247295816,240952
/localization/pose_estimator/pose_with_covariance,125247295816,1785838923053517904,64165822627801,125247295816,0
/control/command/control_cmd,125297295816,1785838923095972936,64165865082782,125297295816,80
/localization/kinematic_state,125297295816,1785838923096598887,64165865708523,125297295816,0
/localization/kinematic_state,125347295817,1785838923145556577,64165914666574,125347295817,0
/control/command/control_cmd,125347295817,1785838923146300832,64165915410758,125347295817,80
/sensing/lidar/top/pointcloud_raw_ex,125347295817,1785838923150795958,64165919905999,125347295817,234200
/localization/pose_estimator/pose_with_covariance,125347295817,1785838923153752156,64165922861912,125347295817,0
/localization/kinematic_state,125397295818,1785838923196217610,64165965327588,125397295818,0
/control/command/control_cmd,125397295818,1785838923196231630,64165965341244,125397295818,80
/localization/kinematic_state,125447295818,1785838923245177183,64166014287000,125447295818,0
/control/command/control_cmd,125447295818,1785838923246432220,64166015542066,125447295818,80
/sensing/lidar/top/pointcloud_raw_ex,125447295818,1785838923250510091,64166019620067,125447295818,240952
/localization/pose_estimator/pose_with_covariance,125447295818,1785838923253456762,64166022566461,125447295818,0
/localization/kinematic_state,125497295819,1785838923295784887,64166064894639,125497295819,0
/control/command/control_cmd,125497295819,1785838923295800744,64166064910357,125497295819,80
/control/command/control_cmd,125547295820,1785838923345794244,64166114904421,125547295820,80
/localization/kinematic_state,125547295820,1785838923345933437,64166115043246,125547295820,0
/sensing/lidar/top/pointcloud_raw_ex,125547295820,1785838923351827311,64166120937574,125547295820,239928
/localization/pose_estimator/pose_with_covariance,125547295820,1785838923354687747,64166123797524,125547295820,0
/control/command/control_cmd,125597295821,1785838923396023728,64166165133521,125597295821,80
/localization/kinematic_state,125597295821,1785838923396053262,64166165162881,125597295821,0
/localization/kinematic_state,125647295821,1785838923445520914,64166214630674,125647295821,0
/control/command/control_cmd,125647295821,1785838923445537459,64166214647087,125647295821,80
/sensing/lidar/top/pointcloud_raw_ex,125647295821,1785838923450747537,64166219857528,125647295821,238168
/localization/pose_estimator/pose_with_covariance,125647295821,1785838923453638124,64166222747902,125647295821,0
/localization/kinematic_state,125697295822,1785838923495675544,64166264785286,125697295822,0
/control/command/control_cmd,125697295822,1785838923496102241,64166265212016,125697295822,80
/localization/kinematic_state,125747295823,1785838923545247896,64166314357653,125747295823,0
/control/command/control_cmd,125747295823,1785838923545792116,64166314902063,125747295823,80
/sensing/lidar/top/pointcloud_raw_ex,125747295823,1785838923550898602,64166320008775,125747295823,239096
/localization/pose_estimator/pose_with_covariance,125747295823,1785838923553754968,64166322864736,125747295823,0
/localization/kinematic_state,125797295824,1785838923596009800,64166365119627,125797295824,0
/control/command/control_cmd,125797295824,1785838923596360068,64166365469928,125797295824,80
/localization/kinematic_state,125847295824,1785838923645706740,64166414816704,125847295824,0
/control/command/control_cmd,125847295824,1785838923645934916,64166415044714,125847295824,80
/sensing/lidar/top/pointcloud_raw_ex,125847295824,1785838923650432052,64166419542093,125847295824,237528
/localization/pose_estimator/pose_with_covariance,125847295824,1785838923653161237,64166422271016,125847295824,0
/localization/kinematic_state,125897295825,1785838923695617206,64166464726960,125897295825,0
/control/command/control_cmd,125897295825,1785838923695664213,64166464774137,125897295825,80
/localization/kinematic_state,125947295826,1785838923745441399,64166514551565,125947295826,0
/control/command/control_cmd,125947295826,1785838923745703634,64166514813474,125947295826,80
/sensing/lidar/top/pointcloud_raw_ex,125947295826,1785838923750933613,64166520043644,125947295826,239096
/localization/pose_estimator/pose_with_covariance,125947295826,1785838923753742843,64166522852705,125947295826,0
/control/command/control_cmd,125997295827,1785838923795506481,64166564616528,125997295827,80
/localization/kinematic_state,125997295827,1785838923795802515,64166564912265,125997295827,0
/localization/kinematic_state,126047295827,1785838923845589957,64166614699820,126047295827,0
/control/command/control_cmd,126047295827,1785838923846249180,64166615358964,126047295827,80
/sensing/lidar/top/pointcloud_raw_ex,126047295827,1785838923851448092,64166620558024,126047295827,238808
/localization/pose_estimator/pose_with_covariance,126047295827,1785838923855351163,64166624461034,126047295827,0
/localization/kinematic_state,126097295828,1785838923895972652,64166665082511,126097295828,0
/control/command/control_cmd,126097295828,1785838923896845388,64166665955334,126097295828,80
/localization/kinematic_state,126147295829,1785838923945854536,64166714964434,126147295829,0
/control/command/control_cmd,126147295829,1785838923946761843,64166715871716,126147295829,80
/sensing/lidar/top/pointcloud_raw_ex,126147295829,1785838923951554758,64166720664949,126147295829,239608
/localization/pose_estimator/pose_with_covariance,126147295829,1785838923954853318,64166723963108,126147295829,0
/localization/kinematic_state,126197295830,1785838923995916946,64166765026691,126197295830,0
/control/command/control_cmd,126197295830,1785838923996387987,64166765497909,126197295830,80
/localization/kinematic_state,126247295830,1785838924045644610,64166814754348,126247295830,0
/control/command/control_cmd,126247295830,1785838924045831342,64166814941050,126247295830,80
/sensing/lidar/top/pointcloud_raw_ex,126247295830,1785838924052667174,64166821777368,126247295830,238488
/localization/pose_estimator/pose_with_covariance,126247295830,1785838924055716931,64166824826650,126247295830,0
/localization/kinematic_state,126297295831,1785838924095743172,64166864852895,126297295831,0
/control/command/control_cmd,126297295831,1785838924095922971,64166865032660,126297295831,80
/localization/kinematic_state,126347295832,1785838924145846142,64166914956115,126347295832,0
/control/command/control_cmd,126347295832,1785838924145944640,64166915054513,126347295832,80
/sensing/lidar/top/pointcloud_raw_ex,126347295832,1785838924151981942,64166921092073,126347295832,238424
/localization/pose_estimator/pose_with_covariance,126347295832,1785838924154903014,64166924012770,126347295832,0
/localization/kinematic_state,126397295833,1785838924195966201,64166965076072,126397295833,0
/control/command/control_cmd,126397295833,1785838924196152355,64166965262026,126397295833,80
/control/command/control_cmd,126447295833,1785838924246018322,64167015128260,126447295833,80
/localization/kinematic_state,126447295833,1785838924246920031,64167016029751,126447295833,0
/sensing/lidar/top/pointcloud_raw_ex,126447295833,1785838924250603354,64167019713086,126447295833,237720
/localization/pose_estimator/pose_with_covariance,126447295833,1785838924253455499,64167022565264,126447295833,0
/localization/kinematic_state,126497295834,1785838924296265343,64167065375284,126497295834,0
/control/command/control_cmd,126497295834,1785838924296304863,64167065414836,126497295834,80
/localization/kinematic_state,126547295835,1785838924345428458,64167114538511,126547295835,0
/control/command/control_cmd,126547295835,1785838924346924182,64167116034036,126547295835,80
/sensing/lidar/top/pointcloud_raw_ex,126547295835,1785838924350697763,64167119807709,126547295835,241496
/localization/pose_estimator/pose_with_covariance,126547295835,1785838924353639439,64167122749175,126547295835,0
/localization/kinematic_state,126597295836,1785838924396510907,64167165620858,126597295836,0
/control/command/control_cmd,126597295836,1785838924396524605,64167165634241,126597295836,80
/localization/kinematic_state,126647295836,1785838924445361674,64167214471431,126647295836,0
/control/command/control_cmd,126647295836,1785838924446116906,64167215226764,126647295836,80
/sensing/lidar/top/pointcloud_raw_ex,126647295836,1785838924450131073,64167219241008,126647295836,239032
/localization/pose_estimator/pose_with_covariance,126647295836,1785838924453070269,64167222180044,126647295836,0
/localization/kinematic_state,126697295837,1785838924495995104,64167265104949,126697295837,0
/control/command/control_cmd,126697295837,1785838924496145961,64167265255899,126697295837,80
/localization/kinematic_state,126747295838,1785838924545758389,64167314868483,126747295838,0
/control/command/control_cmd,126747295838,1785838924546063829,64167315173762,126747295838,80
/sensing/lidar/top/pointcloud_raw_ex,126747295838,1785838924551803889,64167320913945,126747295838,239864
/localization/pose_estimator/pose_with_covariance,126747295838,1785838924554734341,64167323844112,126747295838,0
/localization/kinematic_state,126797295839,1785838924596049873,64167365159617,126797295839,0
/control/command/control_cmd,126797295839,1785838924596402840,64167365512675,126797295839,80
/localization/kinematic_state,126847295839,1785838924646408223,64167415518003,126847295839,0
/control/command/control_cmd,126847295839,1785838924646420972,64167415530595,126847295839,80
/sensing/lidar/top/pointcloud_raw_ex,126847295839,1785838924651862999,64167420973012,126847295839,238424
/localization/pose_estimator/pose_with_covariance,126847295839,1785838924654915828,64167424025716,126847295839,0
/localization/kinematic_state,126897295840,1785838924696172927,64167465282912,126897295840,0
/control/command/control_cmd,126897295840,1785838924696620572,64167465730435,126897295840,80
/localization/kinematic_state,126947295841,1785838924745556583,64167514666324,126947295841,0
/control/command/control_cmd,126947295841,1785838924746507810,64167515617628,126947295841,80
/sensing/lidar/top/pointcloud_raw_ex,126947295841,1785838924750769239,64167519879480,126947295841,236952
/localization/pose_estimator/pose_with_covariance,126947295841,1785838924754249295,64167523359171,126947295841,0
/control/command/control_cmd,126997295842,1785838924796145184,64167565255199,126997295842,80
/localization/kinematic_state,126997295842,1785838924796304537,64167565414237,126997295842,0
/localization/kinematic_state,127047295842,1785838924846014410,64167615124234,127047295842,0
/control/command/control_cmd,127047295842,1785838924847636109,64167616745904,127047295842,80
/sensing/lidar/top/pointcloud_raw_ex,127047295842,1785838924851421066,64167620530913,127047295842,234552
/localization/pose_estimator/pose_with_covariance,127047295842,1785838924854428077,64167623537915,127047295842,0
/localization/kinematic_state,127097295843,1785838924895810576,64167664920319,127097295843,0
/control/command/control_cmd,127097295843,1785838924895993586,64167665103534,127097295843,80
/localization/kinematic_state,127147295844,1785838924946059199,64167715168918,127147295844,0
/control/command/control_cmd,127147295844,1785838924946481923,64167715591603,127147295844,80
/sensing/lidar/top/pointcloud_raw_ex,127147295844,1785838924951714700,64167720824622,127147295844,239160
/localization/pose_estimator/pose_with_covariance,127147295844,1785838924955288356,64167724398278,127147295844,0
/localization/kinematic_state,127197295845,1785838924996268114,64167765377917,127197295845,0
/control/command/control_cmd,127197295845,1785838924996898120,64167766008022,127197295845,80
/localization/kinematic_state,127247295845,1785838925045320107,64167814430128,127247295845,0
/control/command/control_cmd,127247295845,1785838925045905716,64167815015615,127247295845,80
/sensing/lidar/top/pointcloud_raw_ex,127247295845,1785838925050731789,64167819842234,127247295845,235768
/localization/pose_estimator/pose_with_covariance,127247295845,1785838925053902501,64167823012456,127247295845,0
/localization/kinematic_state,127297295846,1785838925095565554,64167864675426,127297295846,0
/control/command/control_cmd,127297295846,1785838925095959996,64167865069871,127297295846,80
/localization/kinematic_state,127347295847,1785838925145414897,64167914524648,127347295847,0
/control/command/control_cmd,127347295847,1785838925145774888,64167914884775,127347295847,80
/sensing/lidar/top/pointcloud_raw_ex,127347295847,1785838925150903724,64167920013624,127347295847,239672
/localization/pose_estimator/pose_with_covariance,127347295847,1785838925153723394,64167922833109,127347295847,0
/control/command/control_cmd,127397295848,1785838925195559281,64167964669361,127397295848,80
/localization/kinematic_state,127397295848,1785838925195689666,64167964799396,127397295848,0
/localization/kinematic_state,127447295848,1785838925245670722,64168014780502,127447295848,0
/control/command/control_cmd,127447295848,1785838925246290072,64168015399967,127447295848,80
/sensing/lidar/top/pointcloud_raw_ex,127447295848,1785838925250857318,64168019967255,127447295848,239320
/localization/pose_estimator/pose_with_covariance,127447295848,1785838925253976905,64168023086662,127447295848,0
/localization/kinematic_state,127497295849,1785838925295646001,64168064755729,127497295849,0
/control/command/control_cmd,127497295849,1785838925295970526,64168065080351,127497295849,80
/localization/kinematic_state,127547295850,1785838925346952609,64168116062400,127547295850,0
/control/command/control_cmd,127547295850,1785838925346991972,64168116101860,127547295850,80
/sensing/lidar/top/pointcloud_raw_ex,127547295850,1785838925352181822,64168121291825,127547295850,239256
/localization/pose_estimator/pose_with_covariance,127547295850,1785838925355063304,64168124173096,127547295850,0
/control/command/control_cmd,127597295851,1785838925395909065,64168165018869,127597295851,80
/localization/kinematic_state,127597295851,1785838925396135021,64168165244660,127597295851,0
/localization/kinematic_state,127647295851,1785838925445771177,64168214880921,127647295851,0
/control/command/control_cmd,127647295851,1785838925446690344,64168215800186,127647295851,80
/sensing/lidar/top/pointcloud_raw_ex,127647295851,1785838925451135346,64168220245178,127647295851,240056
/localization/pose_estimator/pose_with_covariance,127647295851,1785838925454267358,64168223377076,127647295851,0
/localization/kinematic_state,127697295852,1785838925495479250,64168264588990,127697295852,0
/control/command/control_cmd,127697295852,1785838925496301808,64168265411619,127697295852,80
/localization/kinematic_state,127747295853,1785838925545371285,64168314481024,127747295853,0
/control/command/control_cmd,127747295853,1785838925546820502,64168315930412,127747295853,80
/sensing/lidar/top/pointcloud_raw_ex,127747295853,1785838925551139950,64168320249676,127747295853,237560
/localization/pose_estimator/pose_with_covariance,127747295853,1785838925553998349,64168323108090,127747295853,0
/localization/kinematic_state,127797295854,1785838925595983666,64168365093408,127797295854,0
/control/command/control_cmd,127797295854,1785838925595995648,64168365105293,127797295854,80
/localization/kinematic_state,127847295854,1785838925646247514,64168415357190,127847295854,0
/control/command/control_cmd,127847295854,1785838925646295569,64168415405468,127847295854,80
/sensing/lidar/top/pointcloud_raw_ex,127847295854,1785838925650664960,64168419775108,127847295854,239384
/localization/pose_estimator/pose_with_covariance,127847295854,1785838925653721858,64168422831639,127847295854,0
/localization/kinematic_state,127897295855,1785838925695938371,64168465048111,127897295855,0
/control/command/control_cmd,127897295855,1785838925695947426,64168465057067,127897295855,80
/localization/kinematic_state,127947295856,1785838925745239057,64168514348794,127947295856,0
/control/command/control_cmd,127947295856,1785838925746380696,64168515490634,127947295856,80
/sensing/lidar/top/pointcloud_raw_ex,127947295856,1785838925751281146,64168520391096,127947295856,241976
/localization/pose_estimator/pose_with_covariance,127947295856,1785838925754071361,64168523181126,127947295856,0
/localization/kinematic_state,127997295856,1785838925795962040,64168565071828,127997295856,0
/control/command/control_cmd,127997295856,1785838925796308601,64168565418538,127997295856,80
/localization/kinematic_state,128047295857,1785838925845444344,64168614554180,128047295857,0
/control/command/control_cmd,128047295857,1785838925845944047,64168615053864,128047295857,80
/sensing/lidar/top/pointcloud_raw_ex,128047295857,1785838925850690815,64168619800748,128047295857,241688
/localization/pose_estimator/pose_with_covariance,128047295857,1785838925853552549,64168622662259,128047295857,0
/localization/kinematic_state,128097295858,1785838925895881565,64168664991564,128097295858,0
/control/command/control_cmd,128097295858,1785838925895898482,64168665008130,128097295858,80
/localization/kinematic_state,128147295859,1785838925946186788,64168715296608,128147295859,0
/control/command/control_cmd,128147295859,1785838925946489239,64168715599121,128147295859,80
/sensing/lidar/top/pointcloud_raw_ex,128147295859,1785838925950945778,64168720055986,128147295859,240376
/localization/pose_estimator/pose_with_covariance,128147295859,1785838925954155840,64168723265702,128147295859,0
/localization/kinematic_state,128197295859,1785838925996228638,64168765338385,128197295859,0
/control/command/control_cmd,128197295859,1785838925996432465,64168765542281,128197295859,80
/localization/kinematic_state,128247295860,1785838926045242996,64168814352868,128247295860,0
/control/command/control_cmd,128247295860,1785838926046065323,64168815175240,128247295860,80
/sensing/lidar/top/pointcloud_raw_ex,128247295860,1785838926051319838,64168820430220,128247295860,237144
/localization/pose_estimator/pose_with_covariance,128247295860,1785838926054266838,64168823376566,128247295860,0
/localization/kinematic_state,128297295861,1785838926095628946,64168864738774,128297295861,0
/control/command/control_cmd,128297295861,1785838926095878467,64168864988390,128297295861,80
/localization/kinematic_state,128347295862,1785838926145664407,64168914774291,128347295862,0
/control/command/control_cmd,128347295862,1785838926146501952,64168915611753,128347295862,80
/sensing/lidar/top/pointcloud_raw_ex,128347295862,1785838926151234196,64168920344486,128347295862,238776
/localization/pose_estimator/pose_with_covariance,128347295862,1785838926154269407,64168923379155,128347295862,0
/localization/kinematic_state,128397295862,1785838926195705860,64168964815629,128397295862,0
/control/command/control_cmd,128397295862,1785838926195723313,64168964832928,128397295862,80
/localization/kinematic_state,128447295863,1785838926245464372,64169014574179,128447295863,0
/control/command/control_cmd,128447295863,1785838926245789777,64169014922567,128447295863,80
/sensing/lidar/top/pointcloud_raw_ex,128447295863,1785838926250742719,64169019852888,128447295863,241560
/localization/pose_estimator/pose_with_covariance,128447295863,1785838926253679834,64169022789595,128447295863,0
/localization/kinematic_state,128497295864,1785838926295930748,64169065040642,128497295864,0
/control/command/control_cmd,128497295864,1785838926295941387,64169065051004,128497295864,80
/localization/kinematic_state,128547295865,1785838926345715638,64169114825413,128547295865,0
/control/command/control_cmd,128547295865,1785838926346883008,64169115992841,128547295865,80
/sensing/lidar/top/pointcloud_raw_ex,128547295865,1785838926351050650,64169120160362,128547295865,242072
/localization/pose_estimator/pose_with_covariance,128547295865,1785838926353787832,64169122897625,128547295865,0
/localization/kinematic_state,128597295865,1785838926395776344,64169164886257,128597295865,0
/control/command/control_cmd,128597295865,1785838926396697389,64169165807210,128597295865,80
/localization/kinematic_state,128647295866,1785838926445491578,64169214601437,128647295866,0
/control/command/control_cmd,128647295866,1785838926446215486,64169215325300,128647295866,80
/sensing/lidar/top/pointcloud_raw_ex,128647295866,1785838926450526752,64169219636773,128647295866,240664
/localization/pose_estimator/pose_with_covariance,128647295866,1785838926453564891,64169222674657,128647295866,0
/localization/kinematic_state,128697295867,1785838926495719732,64169264829523,128697295867,0
/control/command/control_cmd,128697295867,1785838926496405993,64169265515762,128697295867,80
/localization/kinematic_state,128747295868,1785838926545460101,64169314570109,128747295868,0
/control/command/control_cmd,128747295868,1785838926546972823,64169316082549,128747295868,80
/sensing/lidar/top/pointcloud_raw_ex,128747295868,1785838926552919449,64169322029324,128747295868,238648
/localization/pose_estimator/pose_with_covariance,128747295868,1785838926555831777,64169324941584,128747295868,0
/localization/kinematic_state,128797295868,1785838926595844511,64169364954356,128797295868,0
/control/command/control_cmd,128797295868,1785838926595852457,64169364962059,128797295868,80
/localization/kinematic_state,128847295869,1785838926645496965,64169414606829,128847295869,0
/control/command/control_cmd,128847295869,1785838926645593314,64169414702942,128847295869,80
/sensing/lidar/top/pointcloud_raw_ex,128847295869,1785838926650888439,64169419998206,128847295869,237464
/localization/pose_estimator/pose_with_covariance,128847295869,1785838926653731613,64169422841357,128847295869,0
/localization/kinematic_state,128897295870,1785838926695765770,64169464875621,128897295870,0
/control/command/control_cmd,128897295870,1785838926696114769,64169465224416,128897295870,80
/localization/kinematic_state,128947295871,1785838926745293526,64169514403393,128947295871,0
/control/command/control_cmd,128947295871,1785838926745968370,64169515079730,128947295871,80
/sensing/lidar/top/pointcloud_raw_ex,128947295871,1785838926750952581,64169520062641,128947295871,239288
/localization/pose_estimator/pose_with_covariance,128947295871,1785838926753865164,64169522974932,128947295871,0
/localization/kinematic_state,128997295871,1785838926795520476,64169564630270,128997295871,0
/control/command/control_cmd,128997295871,1785838926795676179,64169564785816,128997295871,80
/localization/kinematic_state,129047295872,1785838926845907804,64169615017504,129047295872,0
/control/command/control_cmd,129047295872,1785838926846570980,64169615680685,129047295872,80
/sensing/lidar/top/pointcloud_raw_ex,129047295872,1785838926850977357,64169620088129,129047295872,236120
/localization/pose_estimator/pose_with_covariance,129047295872,1785838926854015879,64169623125637,129047295872,0
/localization/kinematic_state,129097295873,1785838926895972735,64169665082831,129097295873,0
/control/command/control_cmd,129097295873,1785838926896117330,64169665227056,129097295873,80
/localization/kinematic_state,129147295874,1785838926946180959,64169715290787,129147295874,0
/control/command/control_cmd,129147295874,1785838926946291095,64169715400740,129147295874,80
/sensing/lidar/top/pointcloud_raw_ex,129147295874,1785838926952097059,64169721207003,129147295874,237432
/localization/pose_estimator/pose_with_covariance,129147295874,1785838926955009877,64169724119583,129147295874,0
/control/command/control_cmd,129197295874,1785838926995981012,64169765090826,129197295874,80
/localization/kinematic_state,129197295874,1785838926997044575,64169766154337,129197295874,0
/localization/kinematic_state,129247295875,1785838927046257953,64169815367923,129247295875,0
/control/command/control_cmd,129247295875,1785838927046266306,64169815375930,129247295875,80
/sensing/lidar/top/pointcloud_raw_ex,129247295875,1785838927051291215,64169820401463,129247295875,241400
/localization/pose_estimator/pose_with_covariance,129247295875,1785838927054401790,64169823511646,129247295875,0
/localization/kinematic_state,129297295876,1785838927095412154,64169864521900,129297295876,0
/control/command/control_cmd,129297295876,1785838927096443167,64169865552919,129297295876,80
/localization/kinematic_state,129347295877,1785838927146382031,64169915492035,129347295877,0
/control/command/control_cmd,129347295877,1785838927146392040,64169915501661,129347295877,80
/sensing/lidar/top/pointcloud_raw_ex,129347295877,1785838927151414102,64169920524264,129347295877,238168
/localization/pose_estimator/pose_with_covariance,129347295877,1785838927154063087,64169923172855,129347295877,0
/localization/kinematic_state,129397295877,1785838927195824173,64169964933894,129397295877,0
/control/command/control_cmd,129397295877,1785838927196234981,64169965344785,129397295877,80
/localization/kinematic_state,129447295878,1785838927245904464,64170015014371,129447295878,0
/control/command/control_cmd,129447295878,1785838927246178759,64170015288448,129447295878,80
/sensing/lidar/top/pointcloud_raw_ex,129447295878,1785838927251917280,64170021027304,129447295878,240056
/localization/pose_estimator/pose_with_covariance,129447295878,1785838927255594853,64170024704535,129447295878,0
/localization/kinematic_state,129497295879,1785838927296229554,64170065339535,129497295879,0
/control/command/control_cmd,129497295879,1785838927296237935,64170065347543,129497295879,80
/localization/kinematic_state,129547295880,1785838927345981163,64170115090913,129547295880,0
/control/command/control_cmd,129547295880,1785838927346420150,64170115529875,129547295880,80
/sensing/lidar/top/pointcloud_raw_ex,129547295880,1785838927352086963,64170121196981,129547295880,243288
/localization/pose_estimator/pose_with_covariance,129547295880,1785838927355236106,64170124346008,129547295880,0
/control/command/control_cmd,129597295880,1785838927395963348,64170165073439,129597295880,80
/localization/kinematic_state,129597295880,1785838927396109188,64170165218931,129597295880,0
/localization/kinematic_state,129647295881,1785838927446353250,64170215463006,129647295881,0
/control/command/control_cmd,129647295881,1785838927446368691,64170215478307,129647295881,80
/sensing/lidar/top/pointcloud_raw_ex,129647295881,1785838927451357668,64170220467717,129647295881,239640
/localization/pose_estimator/pose_with_covariance,129647295881,1785838927454287874,64170223397648,129647295881,0
/control/command/control_cmd,129697295882,1785838927495745040,64170264854832,129697295882,80
/localization/kinematic_state,129697295882,1785838927497033616,64170266143337,129697295882,0
/control/command/control_cmd,129747295883,1785838927545671426,64170314781430,129747295883,80
/localization/kinematic_state,129747295883,1785838927548644129,64170317753861,129747295883,0
/sensing/lidar/top/pointcloud_raw_ex,129747295883,1785838927551126661,64170320236482,129747295883,239544
/localization/pose_estimator/pose_with_covariance,129747295883,1785838927554244996,64170323354763,129747295883,0
/localization/kinematic_state,129797295883,1785838927595843606,64170364953354,129797295883,0
/control/command/control_cmd,129797295883,1785838927596129452,64170365239373,129797295883,80
/control/command/control_cmd,129847295884,1785838927645811798,64170414921726,129847295884,80
/localization/kinematic_state,129847295884,1785838927646125562,64170415235425,129847295884,0
/sensing/lidar/top/pointcloud_raw_ex,129847295884,1785838927652878167,64170421988126,129847295884,238328
/localization/pose_estimator/pose_with_covariance,129847295884,1785838927655908391,64170425018199,129847295884,0
/control/command/control_cmd,129897295885,1785838927695896962,64170465006712,129897295885,80
/localization/kinematic_state,129897295885,1785838927696236363,64170465346092,129897295885,0
/localization/kinematic_state,129947295886,1785838927745770261,64170514880090,129947295886,0
/control/command/control_cmd,129947295886,1785838927746715070,64170515825284,129947295886,80
/sensing/lidar/top/pointcloud_raw_ex,129947295886,1785838927750904922,64170520014650,129947295886,237944
/localization/pose_estimator/pose_with_covariance,129947295886,1785838927753912563,64170523022375,129947295886,0
/control/command/control_cmd,129997295886,1785838927795639628,64170564749596,129997295886,80
/localization/kinematic_state,129997295886,1785838927795744137,64170564853911,129997295886,0
/localization/kinematic_state,130047295887,1785838927847963298,64170617073317,130047295887,0
/control/command/control_cmd,130047295887,1785838927847978709,64170617088332,130047295887,80
/sensing/lidar/top/pointcloud_raw_ex,130047295887,1785838927850287528,64170619397219,130047295887,240920
/localization/pose_estimator/pose_with_covariance,130047295887,1785838927853293638,64170622403550,130047295887,0
/control/command/control_cmd,130097295888,1785838927895952055,64170665062036,130097295888,80
/localization/kinematic_state,130097295888,1785838927896731794,64170665841549,130097295888,0
/control/command/control_cmd,130147295889,1785838927945675818,64170714785800,130147295889,80
/localization/kinematic_state,130147295889,1785838927946299711,64170715409404,130147295889,0
/sensing/lidar/top/pointcloud_raw_ex,130147295889,1785838927951275593,64170720385541,130147295889,236408
/localization/pose_estimator/pose_with_covariance,130147295889,1785838927954438491,64170723548441,130147295889,0
/localization/kinematic_state,130197295889,1785838927995379108,64170764488814,130197295889,0
/control/command/control_cmd,130197295889,1785838927995948099,64170765057955,130197295889,80
/localization/kinematic_state,130247295890,1785838928045417493,64170814527491,130247295890,0
/control/command/control_cmd,130247295890,1785838928046224854,64170815334759,130247295890,80
/sensing/lidar/top/pointcloud_raw_ex,130247295890,1785838928051363556,64170820473949,130247295890,240632
/localization/pose_estimator/pose_with_covariance,130247295890,1785838928054449300,64170823559188,130247295890,0
/control/command/control_cmd,130297295891,1785838928095651228,64170864761127,130297295891,80
/localization/kinematic_state,130297295891,1785838928096003383,64170865113176,130297295891,0
/control/command/control_cmd,130347295892,1785838928145987266,64170915097710,130347295892,80
/localization/kinematic_state,130347295892,1785838928146237930,64170915347766,130347295892,0
/sensing/lidar/top/pointcloud_raw_ex,130347295892,1785838928150723214,64170919833170,130347295892,239800
/localization/pose_estimator/pose_with_covariance,130347295892,1785838928153696378,64170922806100,130347295892,0
/control/command/control_cmd,130397295892,1785838928195510406,64170964620480,130397295892,80
/localization/kinematic_state,130397295892,1785838928195738104,64170964847873,130397295892,0
/localization/kinematic_state,130447295893,1785838928245546668,64171014656546,130447295893,0
/control/command/control_cmd,130447295893,1785838928246041361,64171015151187,130447295893,80
/sensing/lidar/top/pointcloud_raw_ex,130447295893,1785838928250315149,64171019425293,130447295893,241272
/localization/pose_estimator/pose_with_covariance,130447295893,1785838928253268410,64171022378209,130447295893,0
/control/command/control_cmd,130497295894,1785838928296158884,64171065269015,130497295894,80
/localization/kinematic_state,130497295894,1785838928296197549,64171065307165,130497295894,0
/localization/kinematic_state,130547295894,1785838928345334860,64171114444798,130547295894,0
/control/command/control_cmd,130547295894,1785838928345676922,64171114786589,130547295894,80
/sensing/lidar/top/pointcloud_raw_ex,130547295894,1785838928350280659,64171119390779,130547295894,238072
/localization/pose_estimator/pose_with_covariance,130547295894,1785838928353053537,64171122163298,130547295894,0
/localization/kinematic_state,130597295895,1785838928395540659,64171164650435,130597295895,0
/control/command/control_cmd,130597295895,1785838928395876646,64171164986475,130597295895,80
/control/command/control_cmd,130647295896,1785838928445869822,64171214979697,130647295896,80
/localization/kinematic_state,130647295896,1785838928445904693,64171215014311,130647295896,0
/sensing/lidar/top/pointcloud_raw_ex,130647295896,1785838928450504913,64171219614845,130647295896,241272
/localization/pose_estimator/pose_with_covariance,130647295896,1785838928453487205,64171222596977,130647295896,0
/localization/kinematic_state,130697295897,1785838928495864599,64171264974481,130697295897,0
/control/command/control_cmd,130697295897,1785838928496056856,64171265166732,130697295897,80
/localization/kinematic_state,130747295897,1785838928545664594,64171314774550,130747295897,0
/control/command/control_cmd,130747295897,1785838928545998155,64171315108089,130747295897,80
/sensing/lidar/top/pointcloud_raw_ex,130747295897,1785838928550876466,64171319986695,130747295897,239928
/localization/pose_estimator/pose_with_covariance,130747295897,1785838928553827482,64171322937187,130747295897,0
/control/command/control_cmd,130797295898,1785838928595534407,64171364644266,130797295898,80
/localization/kinematic_state,130797295898,1785838928596611451,64171365721183,130797295898,0
/control/command/control_cmd,130847295899,1785838928645640081,64171414750321,130847295899,80
/localization/kinematic_state,130847295899,1785838928645997452,64171415107222,130847295899,0
/sensing/lidar/top/pointcloud_raw_ex,130847295899,1785838928650949102,64171420059142,130847295899,236920
/localization/pose_estimator/pose_with_covariance,130847295899,1785838928654049434,64171423159258,130847295899,0
/control/command/control_cmd,130897295900,1785838928695655742,64171464765560,130897295900,80
/localization/kinematic_state,130897295900,1785838928695972464,64171465082218,130897295900,0
/control/command/control_cmd,130947295900,1785838928745480125,64171514589907,130947295900,80
/localization/kinematic_state,130947295900,1785838928745528525,64171514638162,130947295900,0
/sensing/lidar/top/pointcloud_raw_ex,130947295900,1785838928751157222,64171520267510,130947295900,237720
/localization/pose_estimator/pose_with_covariance,130947295900,1785838928754203559,64171523313432,130947295900,0
/localization/kinematic_state,130997295901,1785838928796409908,64171565519990,130997295901,0
/control/command/control_cmd,130997295901,1785838928796423867,64171565533568,130997295901,80
/localization/kinematic_state,131047295902,1785838928845904234,64171615014201,131047295902,0
/control/command/control_cmd,131047295902,1785838928846439979,64171615549774,131047295902,80
/sensing/lidar/top/pointcloud_raw_ex,131047295902,1785838928850704206,64171619814140,131047295902,239544
/localization/pose_estimator/pose_with_covariance,131047295902,1785838928853610549,64171622720274,131047295902,0
/localization/kinematic_state,131097295903,1785838928896161175,64171665271093,131097295903,0
/control/command/control_cmd,131097295903,1785838928896657185,64171665767150,131097295903,80
/control/command/control_cmd,131147295903,1785838928945762042,64171714872036,131147295903,80
/localization/kinematic_state,131147295903,1785838928945951794,64171715061515,131147295903,0
/sensing/lidar/top/pointcloud_raw_ex,131147295903,1785838928951526226,64171720636766,131147295903,240504
/localization/pose_estimator/pose_with_covariance,131147295903,1785838928954579394,64171723689445,131147295903,0
/control/command/control_cmd,131197295904,1785838928995914897,64171765025007,131197295904,80
/localization/kinematic_state,131197295904,1785838928996093062,64171765202854,131197295904,0
/control/command/control_cmd,131247295905,1785838929046253621,64171815363731,131247295905,80
/localization/kinematic_state,131247295905,1785838929046338868,64171815448533,131247295905,0
/sensing/lidar/top/pointcloud_raw_ex,131247295905,1785838929051281794,64171820391769,131247295905,236536
/localization/pose_estimator/pose_with_covariance,131247295905,1785838929055129536,64171824239247,131247295905,0
/localization/kinematic_state,131297295906,1785838929095912213,64171865021959,131297295906,0
/control/command/control_cmd,131297295906,1785838929096760686,64171865870453,131297295906,80
/control/command/control_cmd,131347295906,1785838929146072245,64171915182259,131347295906,80
/localization/kinematic_state,131347295906,1785838929147564921,64171916674619,131347295906,0
/sensing/lidar/top/pointcloud_raw_ex,131347295906,1785838929150468633,64171919578315,131347295906,239800
/localization/pose_estimator/pose_with_covariance,131347295906,1785838929154131981,64171923241679,131347295906,0
/localization/kinematic_state,131397295907,1785838929196907998,64171966017811,131397295907,0
/control/command/control_cmd,131397295907,1785838929196918611,64171966028222,131397295907,80
/localization/kinematic_state,131447295908,1785838929246136595,64172015246405,131447295908,0
/control/command/control_cmd,131447295908,1785838929246464813,64172015574766,131447295908,80
/sensing/lidar/top/pointcloud_raw_ex,131447295908,1785838929251690760,64172020800644,131447295908,240344
/localization/pose_estimator/pose_with_covariance,131447295908,1785838929254854080,64172023963870,131447295908,0
/localization/kinematic_state,131497295909,1785838929297051021,64172066160817,131497295909,0
/control/command/control_cmd,131497295909,1785838929297063824,64172066173439,131497295909,80
/control/command/control_cmd,131547295909,1785838929346157299,64172115267155,131547295909,80
/localization/kinematic_state,131547295909,1785838929346495241,64172115604899,131547295909,0
/sensing/lidar/top/pointcloud_raw_ex,131547295909,1785838929352354681,64172121464469,131547295909,240760
/localization/pose_estimator/pose_with_covariance,131547295909,1785838929355797794,64172124907495,131547295909,0
/localization/kinematic_state,131597295910,1785838929396061323,64172165171099,131597295910,0
/control/command/control_cmd,131597295910,1785838929396628483,64172165738318,131597295910,80
/localization/kinematic_state,131647295911,1785838929446444787,64172215554480,131647295911,0
/control/command/control_cmd,131647295911,1785838929446450733,64172215560332,131647295911,80
/sensing/lidar/top/pointcloud_raw_ex,131647295911,1785838929451987498,64172221097208,131647295911,241080
/localization/pose_estimator/pose_with_covariance,131647295911,1785838929454500653,64172223610411,131647295911,0
/localization/kinematic_state,131697295912,1785838929495951251,64172265061143,131697295912,0
/control/command/control_cmd,131697295912,1785838929496043717,64172265153381,131697295912,80
/localization/kinematic_state,131747295912,1785838929545960473,64172315070180,131747295912,0
/control/command/control_cmd,131747295912,1785838929546150273,64172315260303,131747295912,80
/sensing/lidar/top/pointcloud_raw_ex,131747295912,1785838929551331623,64172320441779,131747295912,239000
/localization/pose_estimator/pose_with_covariance,131747295912,1785838929554086003,64172323195771,131747295912,0
/localization/kinematic_state,131797295913,1785838929595826090,64172364935819,131797295913,0
/control/command/control_cmd,131797295913,1785838929595863116,64172364972720,131797295913,80
/control/command/control_cmd,131847295914,1785838929645644916,64172414755031,131847295914,80
/localization/kinematic_state,131847295914,1785838929645872656,64172414982409,131847295914,0
/sensing/lidar/top/pointcloud_raw_ex,131847295914,1785838929651273184,64172420383082,131847295914,234680
/localization/pose_estimator/pose_with_covariance,131847295914,1785838929654152498,64172423262221,131847295914,0
/localization/kinematic_state,131897295915,1785838929696159345,64172465269121,131897295915,0
/control/command/control_cmd,131897295915,1785838929696552770,64172465662636,131897295915,80
/localization/kinematic_state,131947295915,1785838929746651479,64172515761340,131947295915,0
/control/command/control_cmd,131947295915,1785838929746660054,64172515769669,131947295915,80
/sensing/lidar/top/pointcloud_raw_ex,131947295915,1785838929751829557,64172520939580,131947295915,239704
/localization/pose_estimator/pose_with_covariance,131947295915,1785838929754903504,64172524013198,131947295915,0
/localization/kinematic_state,131997295916,1785838929796250020,64172565359868,131997295916,0
/control/command/control_cmd,131997295916,1785838929796451337,64172565561206,131997295916,80
/localization/kinematic_state,132047295917,1785838929845832354,64172614942247,132047295917,0
/control/command/control_cmd,132047295917,1785838929847356942,64172616466876,132047295917,80
/sensing/lidar/top/pointcloud_raw_ex,132047295917,1785838929851877559,64172620987496,132047295917,237688
/localization/pose_estimator/pose_with_covariance,132047295917,1785838929855253501,64172624363289,132047295917,0
/localization/kinematic_state,132097295918,1785838929895873370,64172664983140,132097295918,0
/control/command/control_cmd,132097295918,1785838929896619908,64172665729712,132097295918,80
/localization/kinematic_state,132147295918,1785838929945851539,64172714961457,132147295918,0
/control/command/control_cmd,132147295918,1785838929945943419,64172715053066,132147295918,80
/sensing/lidar/top/pointcloud_raw_ex,132147295918,1785838929952284533,64172721395016,132147295918,239512
/localization/pose_estimator/pose_with_covariance,132147295918,1785838929955667911,64172724777663,132147295918,0
/localization/kinematic_state,132197295919,1785838929996911702,64172766021395,132197295919,0
/control/command/control_cmd,132197295919,1785838929996923629,64172766033209,132197295919,80
/control/command/control_cmd,132247295920,1785838930046060214,64172815170314,132247295920,80
/localization/kinematic_state,132247295920,1785838930046830769,64172815940599,132247295920,0
/sensing/lidar/top/pointcloud_raw_ex,132247295920,1785838930050812027,64172819921845,132247295920,240696
/localization/pose_estimator/pose_with_covariance,132247295920,1785838930053747007,64172822856812,132247295920,0
/localization/kinematic_state,132297295921,1785838930095676469,64172864786226,132297295921,0
/control/command/control_cmd,132297295921,1785838930096312292,64172865422033,132297295921,80
/localization/kinematic_state,132347295921,1785838930145635766,64172914745616,132347295921,0
/control/command/control_cmd,132347295921,1785838930146344013,64172915453850,132347295921,80
/sensing/lidar/top/pointcloud_raw_ex,132347295921,1785838930151053075,64172920162943,132347295921,242168
/localization/pose_estimator/pose_with_covariance,132347295921,1785838930155167904,64172924277680,132347295921,0
/localization/kinematic_state,132397295922,1785838930195674433,64172964784178,132397295922,0
/control/command/control_cmd,132397295922,1785838930195964014,64172965073782,132397295922,80
/localization/kinematic_state,132447295923,1785838930245947927,64173015057770,132447295923,0
/control/command/control_cmd,132447295923,1785838930245984854,64173015094480,132447295923,80
/sensing/lidar/top/pointcloud_raw_ex,132447295923,1785838930252190754,64173021300805,132447295923,235224
/localization/pose_estimator/pose_with_covariance,132447295923,1785838930255027038,64173024136924,132447295923,0
/localization/kinematic_state,132497295924,1785838930295738611,64173064848472,132497295924,0
/control/command/control_cmd,132497295924,1785838930296172785,64173065282612,132497295924,80
/localization/kinematic_state,132547295924,1785838930345634329,64173114744216,132547295924,0
/control/command/control_cmd,132547295924,1785838930345810895,64173114920649,132547295924,80
/sensing/lidar/top/pointcloud_raw_ex,132547295924,1785838930350151619,64173119261612,132547295924,239736
/localization/pose_estimator/pose_with_covariance,132547295924,1785838930352947104,64173122056889,132547295924,0
/control/command/control_cmd,132597295925,1785838930395905047,64173165014997,132597295925,80
/localization/kinematic_state,132597295925,1785838930395939726,64173165080673,132597295925,0
/localization/kinematic_state,132647295926,1785838930445283763,64173214393662,132647295926,0
/control/command/control_cmd,132647295926,1785838930445823061,64173214933048,132647295926,80
/sensing/lidar/top/pointcloud_raw_ex,132647295926,1785838930450287339,64173219397118,132647295926,232312
/localization/pose_estimator/pose_with_covariance,132647295926,1785838930453044991,64173222154893,132647295926,0
/localization/kinematic_state,132697295927,1785838930496023205,64173265132970,132697295927,0
/control/command/control_cmd,132697295927,1785838930496040935,64173265150553,132697295927,80
/localization/kinematic_state,132747295927,1785838930545823579,64173314933567,132747295927,0
/control/command/control_cmd,132747295927,1785838930545838647,64173314948266,132747295927,80
/sensing/lidar/top/pointcloud_raw_ex,132747295927,1785838930550546916,64173319657000,132747295927,236440
/localization/pose_estimator/pose_with_covariance,132747295927,1785838930553588335,64173322698279,132747295927,0
/control/command/control_cmd,132797295928,1785838930595578145,64173364687966,132797295928,80
/localization/kinematic_state,132797295928,1785838930595900335,64173365010062,132797295928,0
/localization/kinematic_state,132847295929,1785838930645743177,64173414853160,132847295929,0
/control/command/control_cmd,132847295929,1785838930645963808,64173415073686,132847295929,80
/sensing/lidar/top/pointcloud_raw_ex,132847295929,1785838930653779929,64173422890171,132847295929,237976
/localization/pose_estimator/pose_with_covariance,132847295929,1785838930656881464,64173425991338,132847295929,0
/localization/kinematic_state,132897295930,1785838930695986777,64173465096592,132897295930,0
/control/command/control_cmd,132897295930,1785838930695993342,64173465102968,132897295930,80
/localization/kinematic_state,132947295930,1785838930745824608,64173514934358,132947295930,0
/control/command/control_cmd,132947295930,1785838930746243380,64173515353263,132947295930,80
/sensing/lidar/top/pointcloud_raw_ex,132947295930,1785838930750800833,64173519910705,132947295930,240920
/localization/pose_estimator/pose_with_covariance,132947295930,1785838930753620400,64173522730269,132947295930,0
/control/command/control_cmd,132997295931,1785838930796248066,64173565358210,132997295931,80
/localization/kinematic_state,132997295931,1785838930796533670,64173565643435,132997295931,0
/control/command/control_cmd,133047295932,1785838930846288001,64173615397913,133047295932,80
/localization/kinematic_state,133047295932,1785838930847405423,64173616515062,133047295932,0
/sensing/lidar/top/pointcloud_raw_ex,133047295932,1785838930851020071,64173620129904,133047295932,239928
/localization/pose_estimator/pose_with_covariance,133047295932,1785838930854259048,64173623368812,133047295932,0
/control/command/control_cmd,133097295932,1785838930895567902,64173664677848,133097295932,80
/localization/kinematic_state,133097295932,1785838930896299986,64173665409651,133097295932,0
/localization/kinematic_state,133147295933,1785838930948035323,64173717145333,133147295933,0
/control/command/control_cmd,133147295933,1785838930948047456,64173717157071,133147295933,80
/sensing/lidar/top/pointcloud_raw_ex,133147295933,1785838930952099223,64173721209490,133147295933,239640
/localization/pose_estimator/pose_with_covariance,133147295933,1785838930955211792,64173724321711,133147295933,0
/localization/kinematic_state,133197295934,1785838930995621729,64173764731634,133197295934,0
/control/command/control_cmd,133197295934,1785838930995996254,64173765106147,133197295934,80
/localization/kinematic_state,133247295935,1785838931045446510,64173814556441,133247295935,0
/control/command/control_cmd,133247295935,1785838931046024361,64173815134153,133247295935,80
/sensing/lidar/top/pointcloud_raw_ex,133247295935,1785838931051370206,64173820480163,133247295935,238200
/localization/pose_estimator/pose_with_covariance,133247295935,1785838931054423719,64173823533530,133247295935,0
/control/command/control_cmd,133297295935,1785838931095398970,64173864509029,133297295935,80
/localization/kinematic_state,133297295935,1785838931095546772,64173864656630,133297295935,0
/localization/kinematic_state,133347295936,1785838931145574681,64173914684516,133347295936,0
/control/command/control_cmd,133347295936,1785838931146002492,64173915112366,133347295936,80
/sensing/lidar/top/pointcloud_raw_ex,133347295936,1785838931151009782,64173920119848,133347295936,238008
/localization/pose_estimator/pose_with_covariance,133347295936,1785838931153855032,64173922964948,133347295936,0
/localization/kinematic_state,133397295937,1785838931195567575,64173964677337,133397295937,0
/control/command/control_cmd,133397295937,1785838931196027633,64173965137418,133397295937,80
/control/command/control_cmd,133447295938,1785838931245801259,64174014911263,133447295938,80
/localization/kinematic_state,133447295938,1785838931246145561,64174015255299,133447295938,0
/sensing/lidar/top/pointcloud_raw_ex,133447295938,1785838931250916896,64174020027127,133447295938,242104
/localization/pose_estimator/pose_with_covariance,133447295938,1785838931253908714,64174023018436,133447295938,0
/localization/kinematic_state,133497295938,1785838931295744592,64174064854326,133497295938,0
/control/command/control_cmd,133497295938,1785838931295751948,64174064861548,133497295938,80
/control/command/control_cmd,133547295939,1785838931345637436,64174114747358,133547295939,80
/localization/kinematic_state,133547295939,1785838931345897544,64174115007293,133547295939,0
/sensing/lidar/top/pointcloud_raw_ex,133547295939,1785838931350622860,64174119732817,133547295939,236440
/localization/pose_estimator/pose_with_covariance,133547295939,1785838931353726308,64174122836125,133547295939,0
/control/command/control_cmd,133597295940,1785838931395951836,64174165061909,133597295940,80
/localization/kinematic_state,133597295940,1785838931396087433,64174165197181,133597295940,0
/localization/kinematic_state,133647295941,1785838931445622013,64174214732109,133647295941,0
/control/command/control_cmd,133647295941,1785838931445690360,64174214800363,133647295941,80
/sensing/lidar/top/pointcloud_raw_ex,133647295941,1785838931452157251,64174221267180,133647295941,237304
/localization/pose_estimator/pose_with_covariance,133647295941,1785838931455104697,64174224214481,133647295941,0
/control/command/control_cmd,133697295941,1785838931495973043,64174265082849,133697295941,80
/localization/kinematic_state,133697295941,1785838931496137098,64174265246871,133697295941,0
/localization/kinematic_state,133747295942,1785838931545865548,64174314975251,133747295942,0
/control/command/control_cmd,133747295942,1785838931545957804,64174315067441,133747295942,80
/sensing/lidar/top/pointcloud_raw_ex,133747295942,1785838931553291770,64174322401667,133747295942,239992
/localization/pose_estimator/pose_with_covariance,133747295942,1785838931556408464,64174325518130,133747295942,0
/localization/kinematic_state,133797295943,1785838931596230816,64174365340663,133797295943,0
/control/command/control_cmd,133797295943,1785838931596239908,64174365349504,133797295943,80
/localization/kinematic_state,133847295944,1785838931645348125,64174414457885,133847295944,0
/control/command/control_cmd,133847295944,1785838931645951912,64174415061722,133847295944,80
/sensing/lidar/top/pointcloud_raw_ex,133847295944,1785838931650755083,64174419865114,133847295944,238712
/localization/pose_estimator/pose_with_covariance,133847295944,1785838931653956173,64174423066052,133847295944,0
/localization/kinematic_state,133897295944,1785838931695252556,64174464362518,133897295944,0
/control/command/control_cmd,133897295944,1785838931695759573,64174464869448,133897295944,80
/localization/kinematic_state,133947295945,1785838931746498602,64174515608675,133947295945,0
/control/command/control_cmd,133947295945,1785838931747511118,64174516621067,133947295945,80
/sensing/lidar/top/pointcloud_raw_ex,133947295945,1785838931751089574,64174520199418,133947295945,240440
/localization/pose_estimator/pose_with_covariance,133947295945,1785838931754051524,64174523161308,133947295945,0
/localization/kinematic_state,133997295946,1785838931795398802,64174564508501,133997295946,0
/control/command/control_cmd,133997295946,1785838931795565555,64174564675211,133997295946,80
/localization/kinematic_state,134047295947,1785838931845408220,64174614518247,134047295947,0
/control/command/control_cmd,134047295947,1785838931845735425,64174614845321,134047295947,80
/sensing/lidar/top/pointcloud_raw_ex,134047295947,1785838931851862494,64174620972691,134047295947,239128
/localization/pose_estimator/pose_with_covariance,134047295947,1785838931854828364,64174623938102,134047295947,0
/control/command/control_cmd,134097295947,1785838931895739464,64174664849368,134097295947,80
/localization/kinematic_state,134097295947,1785838931895805489,64174664915262,134097295947,0
/control/command/control_cmd,134147295948,1785838931945774270,64174714884578,134147295948,80
/localization/kinematic_state,134147295948,1785838931945827124,64174714936762,134147295948,0
/sensing/lidar/top/pointcloud_raw_ex,134147295948,1785838931951286581,64174720396624,134147295948,240632
/localization/pose_estimator/pose_with_covariance,134147295948,1785838931954110669,64174723220432,134147295948,0
/localization/kinematic_state,134197295949,1785838931995929561,64174765039261,134197295949,0
/control/command/control_cmd,134197295949,1785838931995936133,64174765045748,134197295949,80
/localization/kinematic_state,134247295950,1785838932046483625,64174815593594,134247295950,0
/control/command/control_cmd,134247295950,1785838932046877474,64174815987356,134247295950,80
/sensing/lidar/top/pointcloud_raw_ex,134247295950,1785838932051557934,64174820668069,134247295950,241880
/localization/pose_estimator/pose_with_covariance,134247295950,1785838932054911515,64174824021489,134247295950,0
/localization/kinematic_state,134297295950,1785838932096172299,64174865282189,134297295950,0
/control/command/control_cmd,134297295950,1785838932096188607,64174865298200,134297295950,80
/localization/kinematic_state,134347295951,1785838932145558829,64174914668892,134347295951,0
/control/command/control_cmd,134347295951,1785838932145709221,64174914819005,134347295951,80
/sensing/lidar/top/pointcloud_raw_ex,134347295951,1785838932150735833,64174919845680,134347295951,238648
/localization/pose_estimator/pose_with_covariance,134347295951,1785838932153827222,64174922936916,134347295951,0
/localization/kinematic_state,134397295952,1785838932195993852,64174965103718,134397295952,0
/control/command/control_cmd,134397295952,1785838932196005540,64174965115164,134397295952,80
/localization/kinematic_state,134447295953,1785838932245263689,64175014373514,134447295953,0
/control/command/control_cmd,134447295953,1785838932246692521,64175015802363,134447295953,80
/sensing/lidar/top/pointcloud_raw_ex,134447295953,1785838932252333822,64175021443731,134447295953,240632
/localization/pose_estimator/pose_with_covariance,134447295953,1785838932256143044,64175025252804,134447295953,0
/control/command/control_cmd,134497295953,1785838932295781532,64175064891333,134497295953,80
/localization/kinematic_state,134497295953,1785838932296335648,64175065445297,134497295953,0
/localization/kinematic_state,134547295954,1785838932346086385,64175115196256,134547295954,0
/control/command/control_cmd,134547295954,1785838932346903927,64175116013631,134547295954,80
/sensing/lidar/top/pointcloud_raw_ex,134547295954,1785838932350859287,64175119969231,134547295954,237528
/localization/pose_estimator/pose_with_covariance,134547295954,1785838932353767584,64175122877356,134547295954,0
/localization/kinematic_state,134597295955,1785838932396370670,64175165480444,134597295955,0
/control/command/control_cmd,134597295955,1785838932396485712,64175165595625,134597295955,80
/localization/kinematic_state,134647295956,1785838932445947586,64175215057469,134647295956,0
/control/command/control_cmd,134647295956,1785838932446115572,64175215225522,134647295956,80
/sensing/lidar/top/pointcloud_raw_ex,134647295956,1785838932451213585,64175220323484,134647295956,239384
/localization/pose_estimator/pose_with_covariance,134647295956,1785838932454201722,64175223311472,134647295956,0
/localization/kinematic_state,134697295956,1785838932495906201,64175265015927,134697295956,0
/control/command/control_cmd,134697295956,1785838932495977364,64175265087002,134697295956,80
/localization/kinematic_state,134747295957,1785838932545740638,64175314850792,134747295957,0
/control/command/control_cmd,134747295957,1785838932546632483,64175315742311,134747295957,80
/sensing/lidar/top/pointcloud_raw_ex,134747295957,1785838932551263265,64175320373070,134747295957,241144
/localization/pose_estimator/pose_with_covariance,134747295957,1785838932554078495,64175323188249,134747295957,0
/localization/kinematic_state,134797295958,1785838932595496717,64175364606989,134797295958,0
/control/command/control_cmd,134797295958,1785838932596069111,64175365178912,134797295958,80
/control/command/control_cmd,134847295959,1785838932645738710,64175414848666,134847295959,80
/localization/kinematic_state,134847295959,1785838932646353494,64175415463247,134847295959,0
/sensing/lidar/top/pointcloud_raw_ex,134847295959,1785838932652162055,64175421271915,134847295959,239032
/localization/pose_estimator/pose_with_covariance,134847295959,1785838932655083807,64175424193515,134847295959,0
/control/command/control_cmd,134897295959,1785838932696004394,64175465114389,134897295959,80
/localization/kinematic_state,134897295959,1785838932696047541,64175465157166,134897295959,0
/localization/kinematic_state,134947295960,1785838932746246002,64175515355926,134947295960,0
/control/command/control_cmd,134947295960,1785838932746302854,64175515412690,134947295960,80
/sensing/lidar/top/pointcloud_raw_ex,134947295960,1785838932750872492,64175519982345,134947295960,237912
/localization/pose_estimator/pose_with_covariance,134947295960,1785838932753839113,64175522948860,134947295960,0
/localization/kinematic_state,134997295961,1785838932795623286,64175564733102,134997295961,0
/control/command/control_cmd,134997295961,1785838932796313821,64175565423545,134997295961,80
/control/command/control_cmd,135047295962,1785838932846428696,64175615538820,135047295962,80
/localization/kinematic_state,135047295962,1785838932846997120,64175616106927,135047295962,0
/sensing/lidar/top/pointcloud_raw_ex,135047295962,1785838932852229004,64175621338844,135047295962,242648
/localization/pose_estimator/pose_with_covariance,135047295962,1785838932856102102,64175625211925,135047295962,0
/control/command/control_cmd,135097295962,1785838932896312053,64175665421952,135097295962,80
/localization/kinematic_state,135097295962,1785838932898147435,64175667257187,135097295962,0
/localization/kinematic_state,135147295963,1785838932945827047,64175714936910,135147295963,0
/control/command/control_cmd,135147295963,1785838932946760114,64175715870029,135147295963,80
/sensing/lidar/top/pointcloud_raw_ex,135147295963,1785838932951350579,64175720460657,135147295963,241720
/localization/pose_estimator/pose_with_covariance,135147295963,1785838932954372715,64175723482593,135147295963,0
/localization/kinematic_state,135197295964,1785838932996175548,64175765285343,135197295964,0
/control/command/control_cmd,135197295964,1785838932996184291,64175765293903,135197295964,80
/localization/kinematic_state,135247295965,1785838933045717237,64175814826992,135247295965,0
/control/command/control_cmd,135247295965,1785838933046441014,64175815550752,135247295965,80
/sensing/lidar/top/pointcloud_raw_ex,135247295965,1785838933052480562,64175821590654,135247295965,239832
/localization/pose_estimator/pose_with_covariance,135247295965,1785838933055459581,64175824569295,135247295965,0
/localization/kinematic_state,135297295965,1785838933095472706,64175864582531,135297295965,0
/control/command/control_cmd,135297295965,1785838933095667471,64175864777294,135297295965,80
/localization/kinematic_state,135347295966,1785838933146081197,64175915191052,135347295966,0
/control/command/control_cmd,135347295966,1785838933146089917,64175915199516,135347295966,80
/sensing/lidar/top/pointcloud_raw_ex,135347295966,1785838933151005276,64175920115136,135347295966,237208
/localization/pose_estimator/pose_with_covariance,135347295966,1785838933153922043,64175923031839,135347295966,0
/localization/kinematic_state,135397295967,1785838933196256908,64175965366857,135397295967,0
/control/command/control_cmd,135397295967,1785838933196276588,64175965386200,135397295967,80
/localization/kinematic_state,135447295968,1785838933245682171,64176014792009,135447295968,0
/control/command/control_cmd,135447295968,1785838933245982558,64176015092270,135447295968,80
/sensing/lidar/top/pointcloud_raw_ex,135447295968,1785838933251131431,64176020241439,135447295968,239640
/localization/pose_estimator/pose_with_covariance,135447295968,1785838933254029650,64176023139416,135447295968,0
/localization/kinematic_state,135497295968,1785838933295898221,64176065008103,135497295968,0
/control/command/control_cmd,135497295968,1785838933295913164,64176065022769,135497295968,80
/localization/kinematic_state,135547295969,1785838933346188919,64176115298656,135547295969,0
/control/command/control_cmd,135547295969,1785838933346728739,64176115838548,135547295969,80
/sensing/lidar/top/pointcloud_raw_ex,135547295969,1785838933352991688,64176122101624,135547295969,239192
/localization/pose_estimator/pose_with_covariance,135547295969,1785838933355961263,64176125071002,135547295969,0
/localization/kinematic_state,135597295970,1785838933395841189,64176164950964,135597295970,0
/control/command/control_cmd,135597295970,1785838933395858359,64176164968023,135597295970,80
/localization/kinematic_state,135647295970,1785838933445503256,64176214613282,135647295970,0
/control/command/control_cmd,135647295970,1785838933445708400,64176214818101,135647295970,80
/sensing/lidar/top/pointcloud_raw_ex,135647295970,1785838933451259179,64176220369165,135647295970,240888
/localization/pose_estimator/pose_with_covariance,135647295970,1785838933454328093,64176223438057,135647295970,0
/localization/kinematic_state,135697295971,1785838933496168175,64176265278274,135697295971,0
/control/command/control_cmd,135697295971,1785838933496174927,64176265284539,135697295971,80
/control/command/control_cmd,135747295972,1785838933545795041,64176314904860,135747295972,80
/localization/kinematic_state,135747295972,1785838933546252317,64176315361959,135747295972,0
/sensing/lidar/top/pointcloud_raw_ex,135747295972,1785838933552159504,64176321269290,135747295972,237080
/localization/pose_estimator/pose_with_covariance,135747295972,1785838933555140602,64176324250546,135747295972,0
/localization/kinematic_state,135797295973,1785838933595888556,64176364998399,135797295973,0
/control/command/control_cmd,135797295973,1785838933596051823,64176365161498,135797295973,80
/localization/kinematic_state,135847295973,1785838933645551962,64176414661685,135847295973,0
/control/command/control_cmd,135847295973,1785838933646333483,64176415443328,135847295973,80
/sensing/lidar/top/pointcloud_raw_ex,135847295973,1785838933651449933,64176420559767,135847295973,236664
/localization/pose_estimator/pose_with_covariance,135847295973,1785838933654678539,64176423788430,135847295973,0
/localization/kinematic_state,135897295974,1785838933696480655,64176465590921,135897295974,0
/control/command/control_cmd,135897295974,1785838933696495987,64176465605692,135897295974,80
/localization/kinematic_state,135947295975,1785838933745806530,64176514916368,135947295975,0
/control/command/control_cmd,135947295975,1785838933746786799,64176515896657,135947295975,80
/sensing/lidar/top/pointcloud_raw_ex,135947295975,1785838933751346123,64176520456307,135947295975,236760
/localization/pose_estimator/pose_with_covariance,135947295975,1785838933754646726,64176523756635,135947295975,0
/localization/kinematic_state,135997295976,1785838933795895174,64176565004987,135997295976,0
/control/command/control_cmd,135997295976,1785838933796698640,64176565808446,135997295976,80
/localization/kinematic_state,136047295976,1785838933846066603,64176615176502,136047295976,0
/control/command/control_cmd,136047295976,1785838933846103910,64176615213534,136047295976,80
/sensing/lidar/top/pointcloud_raw_ex,136047295976,1785838933851555847,64176620665965,136047295976,236760
/localization/pose_estimator/pose_with_covariance,136047295976,1785838933854631784,64176623741927,136047295976,0
/localization/kinematic_state,136097295977,1785838933895940231,64176665050063,136097295977,0
/control/command/control_cmd,136097295977,1785838933896872775,64176665982606,136097295977,80
/localization/kinematic_state,136147295978,1785838933946146540,64176715256536,136147295978,0
/control/command/control_cmd,136147295978,1785838933946449250,64176715559079,136147295978,80
/sensing/lidar/top/pointcloud_raw_ex,136147295978,1785838933950904544,64176720014666,136147295978,237912
/localization/pose_estimator/pose_with_covariance,136147295978,1785838933954002297,64176723112080,136147295978,0
/control/command/control_cmd,136197295979,1785838933995812119,64176764921983,136197295979,80
/localization/kinematic_state,136197295979,1785838933996568943,64176765678688,136197295979,0
/localization/kinematic_state,136247295979,1785838934045652856,64176814762926,136247295979,0
/control/command/control_cmd,136247295979,1785838934046250740,64176815360625,136247295979,80
/sensing/lidar/top/pointcloud_raw_ex,136247295979,1785838934050585215,64176819695400,136247295979,235864
/localization/pose_estimator/pose_with_covariance,136247295979,1785838934054202231,64176823312326,136247295979,0
/localization/kinematic_state,136297295980,1785838934095381478,64176864491276,136297295980,0
/control/command/control_cmd,136297295980,1785838934095740605,64176864850399,136297295980,80
/localization/kinematic_state,136347295981,1785838934145421386,64176914531326,136347295981,0
/control/command/control_cmd,136347295981,1785838934145829177,64176914939005,136347295981,80
/sensing/lidar/top/pointcloud_raw_ex,136347295981,1785838934150572595,64176919682535,136347295981,236440
/localization/pose_estimator/pose_with_covariance,136347295981,1785838934153647998,64176922757765,136347295981,0
/control/command/control_cmd,136397295982,1785838934195745493,64176964855489,136397295982,80
/localization/kinematic_state,136397295982,1785838934196211355,64176965321161,136397295982,0
/localization/kinematic_state,136447295982,1785838934245483731,64177014593502,136447295982,0
/control/command/control_cmd,136447295982,1785838934246831135,64177015941062,136447295982,80
/sensing/lidar/top/pointcloud_raw_ex,136447295982,1785838934251650833,64177020760958,136447295982,238520
/localization/pose_estimator/pose_with_covariance,136447295982,1785838934254734190,64177023844071,136447295982,0
/localization/kinematic_state,136497295983,1785838934296081677,64177065191774,136497295983,0
/control/command/control_cmd,136497295983,1785838934296089376,64177065199014,136497295983,80
/localization/kinematic_state,136547295984,1785838934345613199,64177114723035,136547295984,0
/control/command/control_cmd,136547295984,1785838934345989433,64177115099169,136547295984,80
/sensing/lidar/top/pointcloud_raw_ex,136547295984,1785838934350946739,64177120056557,136547295984,238616
/localization/pose_estimator/pose_with_covariance,136547295984,1785838934354081816,64177123191681,136547295984,0
/localization/kinematic_state,136597295985,1785838934395575343,64177164685464,136597295985,0
/control/command/control_cmd,136597295985,1785838934395728469,64177164838304,136597295985,80
/localization/kinematic_state,136647295985,1785838934445572143,64177214682136,136647295985,0
/control/command/control_cmd,136647295985,1785838934445827207,64177214937052,136647295985,80
/sensing/lidar/top/pointcloud_raw_ex,136647295985,1785838934450830222,64177219939946,136647295985,242136
/localization/pose_estimator/pose_with_covariance,136647295985,1785838934453775320,64177222885093,136647295985,0
/localization/kinematic_state,136697295986,1785838934495649145,64177264759086,136697295986,0
/control/command/control_cmd,136697295986,1785838934495709781,64177264819426,136697295986,80
/control/command/control_cmd,136747295987,1785838934546305464,64177315415432,136747295987,80
/localization/kinematic_state,136747295987,1785838934547576708,64177316686584,136747295987,0
/sensing/lidar/top/pointcloud_raw_ex,136747295987,1785838934551228657,64177320338553,136747295987,240088
/localization/pose_estimator/pose_with_covariance,136747295987,1785838934554207560,64177323351983,136747295987,0
/control/command/control_cmd,136797295988,1785838934595781064,64177364891016,136797295988,80
/localization/kinematic_state,136797295988,1785838934596070771,64177365180520,136797295988,0
/localization/kinematic_state,136847295988,1785838934646085573,64177415195649,136847295988,0
/control/command/control_cmd,136847295988,1785838934646638702,64177415748583,136847295988,80
/sensing/lidar/top/pointcloud_raw_ex,136847295988,1785838934651457723,64177420567674,136847295988,237048
/localization/pose_estimator/pose_with_covariance,136847295988,1785838934654947976,64177424057767,136847295988,0
/control/command/control_cmd,136897295989,1785838934695695625,64177464805620,136897295989,80
/localization/kinematic_state,136897295989,1785838934696157322,64177465267065,136897295989,0
/localization/kinematic_state,136947295990,1785838934745865766,64177514975574,136947295990,0
/control/command/control_cmd,136947295990,1785838934745974075,64177515083925,136947295990,80
/sensing/lidar/top/pointcloud_raw_ex,136947295990,1785838934750865741,64177519975598,136947295990,240280
/localization/pose_estimator/pose_with_covariance,136947295990,1785838934753812414,64177522922130,136947295990,0
/control/command/control_cmd,136997295991,1785838934796375213,64177565484961,136997295991,80
/localization/kinematic_state,136997295991,1785838934796679444,64177565789181,136997295991,0
/localization/kinematic_state,137047295991,1785838934846118169,64177615228030,137047295991,0
/control/command/control_cmd,137047295991,1785838934846820470,64177615930309,137047295991,80
/sensing/lidar/top/pointcloud_raw_ex,137047295991,1785838934851098964,64177620208806,137047295991,236312
/localization/pose_estimator/pose_with_covariance,137047295991,1785838934854031312,64177623141076,137047295991,0
/localization/kinematic_state,137097295992,1785838934897137457,64177666247312,137097295992,0
/control/command/control_cmd,137097295992,1785838934897145607,64177666255213,137097295992,80
/localization/kinematic_state,137147295993,1785838934945677860,64177714787672,137147295993,0
/control/command/control_cmd,137147295993,1785838934946287640,64177715397582,137147295993,80
/sensing/lidar/top/pointcloud_raw_ex,137147295993,1785838934951135453,64177720245636,137147295993,236344
/localization/pose_estimator/pose_with_covariance,137147295993,1785838934954187247,64177723296996,137147295993,0
/localization/kinematic_state,137197295994,1785838934995546720,64177764656471,137197295994,0
/control/command/control_cmd,137197295994,1785838934996685088,64177765794865,137197295994,80
/localization/kinematic_state,137247295994,1785838935045542625,64177814652458,137247295994,0
/control/command/control_cmd,137247295994,1785838935046134944,64177815244795,137247295994,80
/sensing/lidar/top/pointcloud_raw_ex,137247295994,1785838935052919316,64177822030154,137247295994,235288
/localization/pose_estimator/pose_with_covariance,137247295994,1785838935055212310,64177824322081,137247295994,0
/localization/kinematic_state,137297295995,1785838935095801446,64177864911209,137297295995,0
/control/command/control_cmd,137297295995,1785838935095914884,64177865024785,137297295995,80
/localization/kinematic_state,137347295996,1785838935146147341,64177915257233,137347295996,0
/control/command/control_cmd,137347295996,1785838935146453514,64177915563455,137347295996,80
/sensing/lidar/top/pointcloud_raw_ex,137347295996,1785838935153542765,64177922652538,137347295996,238488
/localization/pose_estimator/pose_with_covariance,137347295996,1785838935157229640,64177926339532,137347295996,0
/localization/kinematic_state,137397295997,1785838935195853707,64177964963532,137397295997,0
/control/command/control_cmd,137397295997,1785838935196949788,64177966059652,137397295997,80
/localization/kinematic_state,137447295997,1785838935245429235,64178014539121,137447295997,0
/control/command/control_cmd,137447295997,1785838935245608461,64178014718125,137447295997,80
/sensing/lidar/top/pointcloud_raw_ex,137447295997,1785838935250656180,64178019765999,137447295997,236088
/localization/pose_estimator/pose_with_covariance,137447295997,1785838935253475560,64178022585335,137447295997,0
/localization/kinematic_state,137497295998,1785838935296037367,64178065147217,137497295998,0
/control/command/control_cmd,137497295998,1785838935296804514,64178065914303,137497295998,80
/localization/kinematic_state,137547295999,1785838935345820820,64178114930784,137547295999,0
/control/command/control_cmd,137547295999,1785838935346196996,64178115306749,137547295999,80
/sensing/lidar/top/pointcloud_raw_ex,137547295999,1785838935351220169,64178120330401,137547295999,240632
/localization/pose_estimator/pose_with_covariance,137547295999,1785838935354354938,64178123464772,137547295999,0
/localization/kinematic_state,137597296000,1785838935395620497,64178164730445,137597296000,0
/control/command/control_cmd,137597296000,1785838935395838039,64178164947898,137597296000,80
/localization/kinematic_state,137647296000,1785838935445421428,64178214531306,137647296000,0
/control/command/control_cmd,137647296000,1785838935446035411,64178215145201,137647296000,80
/sensing/lidar/top/pointcloud_raw_ex,137647296000,1785838935452301755,64178221411581,137647296000,242488
/localization/pose_estimator/pose_with_covariance,137647296000,1785838935455138811,64178224248559,137647296000,0
/control/command/control_cmd,137697296001,1785838935495941398,64178265051424,137697296001,80
/localization/kinematic_state,137697296001,1785838935496850560,64178265960434,137697296001,0
/localization/kinematic_state,137747296002,1785838935545476685,64178314586656,137747296002,0
/control/command/control_cmd,137747296002,1785838935545795099,64178314904970,137747296002,80
/sensing/lidar/top/pointcloud_raw_ex,137747296002,1785838935551833103,64178320943054,137747296002,238776
/localization/pose_estimator/pose_with_covariance,137747296002,1785838935554865370,64178323975799,137747296002,0
/localization/kinematic_state,137797296003,1785838935596126587,64178365236321,137797296003,0
/control/command/control_cmd,137797296003,1785838935596133858,64178365243471,137797296003,80
/localization/kinematic_state,137847296003,1785838935645754986,64178414864804,137847296003,0
/control/command/control_cmd,137847296003,1785838935645949767,64178415059689,137847296003,80
/sensing/lidar/top/pointcloud_raw_ex,137847296003,1785838935651676382,64178420786379,137847296003,239416
/localization/pose_estimator/pose_with_covariance,137847296003,1785838935654717719,64178423827478,137847296003,0
/control/command/control_cmd,137897296004,1785838935695925172,64178465034980,137897296004,80
/localization/kinematic_state,137897296004,1785838935696869409,64178465979139,137897296004,0
/control/command/control_cmd,137947296005,1785838935745861560,64178514971872,137947296005,80
/localization/kinematic_state,137947296005,1785838935745901608,64178515011217,137947296005,0
/sensing/lidar/top/pointcloud_raw_ex,137947296005,1785838935750958928,64178520069141,137947296005,239416
/localization/pose_estimator/pose_with_covariance,137947296005,1785838935753973578,64178523083319,137947296005,0
/control/command/control_cmd,137997296006,1785838935795666465,64178564776440,137997296006,80
/localization/kinematic_state,137997296006,1785838935795737189,64178564846819,137997296006,0
/localization/kinematic_state,138047296006,1785838935845938916,64178615048912,138047296006,0
/control/command/control_cmd,138047296006,1785838935846389255,64178615499207,138047296006,80
/sensing/lidar/top/pointcloud_raw_ex,138047296006,1785838935852775709,64178621885622,138047296006,238808
/localization/pose_estimator/pose_with_covariance,138047296006,1785838935855792970,64178624902812,138047296006,0
/localization/kinematic_state,138097296007,1785838935896665136,64178665774892,138097296007,0
/control/command/control_cmd,138097296007,1785838935896674180,64178665783801,138097296007,80
/control/command/control_cmd,138147296008,1785838935946208314,64178715318450,138147296008,80
/localization/kinematic_state,138147296008,1785838935946239807,64178715349409,138147296008,0
/sensing/lidar/top/pointcloud_raw_ex,138147296008,1785838935952171018,64178721281292,138147296008,240600
/localization/pose_estimator/pose_with_covariance,138147296008,1785838935954855567,64178723965315,138147296008,0
/control/command/control_cmd,138197296008,1785838935996426623,64178765536692,138197296008,80
/localization/kinematic_state,138197296008,1785838935996608797,64178765718585,138197296008,0
/localization/kinematic_state,138247296009,1785838936045626182,64178814736028,138247296009,0
/control/command/control_cmd,138247296009,1785838936045635794,64178814745409,138247296009,80
/sensing/lidar/top/pointcloud_raw_ex,138247296009,1785838936050354797,64178819465116,138247296009,239416
/localization/pose_estimator/pose_with_covariance,138247296009,1785838936053449108,64178822559005,138247296009,0
/localization/kinematic_state,138297296010,1785838936095757145,64178864866911,138297296010,0
/control/command/control_cmd,138297296010,1785838936095766951,64178864876563,138297296010,80
/localization/kinematic_state,138347296011,1785838936145969201,64178915079146,138347296011,0
/control/command/control_cmd,138347296011,1785838936146227577,64178915337499,138347296011,80
/sensing/lidar/top/pointcloud_raw_ex,138347296011,1785838936150440350,64178919550412,138347296011,240056
/localization/pose_estimator/pose_with_covariance,138347296011,1785838936153385108,64178922494955,138347296011,0
/localization/kinematic_state,138397296011,1785838936196098721,64178965208469,138397296011,0
/control/command/control_cmd,138397296011,1785838936196494646,64178965604527,138397296011,80
/localization/kinematic_state,138447296012,1785838936245970089,64179015079942,138447296012,0
/control/command/control_cmd,138447296012,1785838936246783107,64179015892940,138447296012,80
/sensing/lidar/top/pointcloud_raw_ex,138447296012,1785838936252209112,64179021318917,138447296012,240664
/localization/pose_estimator/pose_with_covariance,138447296012,1785838936255280561,64179024390579,138447296012,0
/localization/kinematic_state,138497296013,1785838936295739371,64179064849212,138497296013,0
/control/command/control_cmd,138497296013,1785838936295820565,64179064930447,138497296013,80
/localization/kinematic_state,138547296014,1785838936345770656,64179114880847,138547296014,0
/control/command/control_cmd,138547296014,1785838936347307067,64179116417122,138547296014,80
/sensing/lidar/top/pointcloud_raw_ex,138547296014,1785838936351384867,64179120494665,138547296014,238744
/localization/pose_estimator/pose_with_covariance,138547296014,1785838936354518585,64179123628294,138547296014,0
/control/command/control_cmd,138597296014,1785838936396244740,64179165354513,138597296014,80
/localization/kinematic_state,138597296014,1785838936396271369,64179165380972,138597296014,0
/localization/kinematic_state,138647296015,1785838936445731525,64179214841381,138647296015,0
/control/command/control_cmd,138647296015,1785838936445745237,64179214854850,138647296015,80
/sensing/lidar/top/pointcloud_raw_ex,138647296015,1785838936451390293,64179220500247,138647296015,237272
/localization/pose_estimator/pose_with_covariance,138647296015,1785838936454371096,64179223480862,138647296015,0
/localization/kinematic_state,138697296016,1785838936495865231,64179264975132,138697296016,0
/control/command/control_cmd,138697296016,1785838936495875376,64179264984993,138697296016,80
/localization/kinematic_state,138747296017,1785838936545943970,64179315054261,138747296017,0
/control/command/control_cmd,138747296017,1785838936546627139,64179315737159,138747296017,80
/sensing/lidar/top/pointcloud_raw_ex,138747296017,1785838936550763641,64179319873565,138747296017,240952
/localization/pose_estimator/pose_with_covariance,138747296017,1785838936553635013,64179322744736,138747296017,0
/localization/kinematic_state,138797296017,1785838936595718709,64179364828411,138797296017,0
/control/command/control_cmd,138797296017,1785838936596394305,64179365504557,138797296017,80
/localization/kinematic_state,138847296018,1785838936645623731,64179414733596,138847296018,0
/control/command/control_cmd,138847296018,1785838936646235717,64179415345644,138847296018,80
/sensing/lidar/top/pointcloud_raw_ex,138847296018,1785838936651052080,64179420161834,138847296018,236632
/localization/pose_estimator/pose_with_covariance,138847296018,1785838936653833708,64179422943485,138847296018,0
/control/command/control_cmd,138897296019,1785838936696056481,64179465166484,138897296019,80
/localization/kinematic_state,138897296019,1785838936696225972,64179465335744,138897296019,0
/localization/kinematic_state,138947296020,1785838936745503942,64179514613749,138947296020,0
/control/command/control_cmd,138947296020,1785838936746342790,64179515452670,138947296020,80
/sensing/lidar/top/pointcloud_raw_ex,138947296020,1785838936751945282,64179521055158,138947296020,237240
/localization/pose_estimator/pose_with_covariance,138947296020,1785838936754887498,64179523997281,138947296020,0
/control/command/control_cmd,138997296020,1785838936795400848,64179564511020,138997296020,80
/localization/kinematic_state,138997296020,1785838936795540592,64179564650231,138997296020,0
/localization/kinematic_state,139047296021,1785838936845632085,64179614741823,139047296021,0
/control/command/control_cmd,139047296021,1785838936846180721,64179615290637,139047296021,80
/sensing/lidar/top/pointcloud_raw_ex,139047296021,1785838936850802550,64179619912321,139047296021,240056
/localization/pose_estimator/pose_with_covariance,139047296021,1785838936853677931,64179622787680,139047296021,0
/localization/kinematic_state,139097296022,1785838936895978234,64179665088070,139097296022,0
/control/command/control_cmd,139097296022,1785838936896022848,64179665132468,139097296022,80
/localization/kinematic_state,139147296023,1785838936946507496,64179715617450,139147296023,0
/control/command/control_cmd,139147296023,1785838936947216811,64179716326547,139147296023,80
/sensing/lidar/top/pointcloud_raw_ex,139147296023,1785838936951400009,64179720510075,139147296023,242968
/localization/pose_estimator/pose_with_covariance,139147296023,1785838936954668607,64179723778458,139147296023,0
/localization/kinematic_state,139197296023,1785838936996129352,64179765239203,139197296023,0
/control/command/control_cmd,139197296023,1785838936996479536,64179765589451,139197296023,80
/localization/kinematic_state,139247296024,1785838937045678493,64179814788448,139247296024,0
/control/command/control_cmd,139247296024,1785838937045691897,64179814801556,139247296024,80
/sensing/lidar/top/pointcloud_raw_ex,139247296024,1785838937051581004,64179820691337,139247296024,239288
/localization/pose_estimator/pose_with_covariance,139247296024,1785838937054845441,64179823955366,139247296024,0
/control/command/control_cmd,139297296025,1785838937095512651,64179864622729,139297296025,80
/localization/kinematic_state,139297296025,1785838937096098330,64179865208064,139297296025,0
/localization/kinematic_state,139347296026,1785838937146162857,64179915272723,139347296026,0
/control/command/control_cmd,139347296026,1785838937146182074,64179915291696,139347296026,80
/sensing/lidar/top/pointcloud_raw_ex,139347296026,1785838937151528425,64179920638687,139347296026,239320
/localization/pose_estimator/pose_with_covariance,139347296026,1785838937154487076,64179923596851,139347296026,0
/localization/kinematic_state,139397296026,1785838937195567252,64179964677196,139397296026,0
/control/command/control_cmd,139397296026,1785838937195630255,64179964739876,139397296026,80
/control/command/control_cmd,139447296027,1785838937245989951,64180015100016,139447296027,80
/localization/kinematic_state,139447296027,1785838937246387588,64180015497304,139447296027,0
/sensing/lidar/top/pointcloud_raw_ex,139447296027,1785838937251976881,64180021086640,139447296027,237816
/localization/pose_estimator/pose_with_covariance,139447296027,1785838937255293337,64180024403111,139447296027,0
/control/command/control_cmd,139497296028,1785838937296062824,64180065172850,139497296028,80
/localization/kinematic_state,139497296028,1785838937296095210,64180065204850,139497296028,0
/localization/kinematic_state,139547296029,1785838937345670015,64180114779851,139547296029,0
/control/command/control_cmd,139547296029,1785838937346232595,64180115342275,139547296029,80
/sensing/lidar/top/pointcloud_raw_ex,139547296029,1785838937351559034,64180120669273,139547296029,240440
/localization/pose_estimator/pose_with_covariance,139547296029,1785838937354528034,64180123637810,139547296029,0
/localization/kinematic_state,139597296029,1785838937395810855,64180164920658,139597296029,0
/control/command/control_cmd,139597296029,1785838937396077605,64180165187508,139597296029,80
/control/command/control_cmd,139647296030,1785838937445760143,64180214870107,139647296030,80
/localization/kinematic_state,139647296030,1785838937447586968,64180216696718,139647296030,0
/sensing/lidar/top/pointcloud_raw_ex,139647296030,1785838937451301138,64180220410942,139647296030,239896
/localization/pose_estimator/pose_with_covariance,139647296030,1785838937454400913,64180223510774,139647296030,0
/localization/kinematic_state,139697296031,1785838937495882836,64180264992777,139697296031,0
/control/command/control_cmd,139697296031,1785838937496072833,64180265182581,139697296031,80
/control/command/control_cmd,139747296032,1785838937546669268,64180315779273,139747296032,80
/localization/kinematic_state,139747296032,1785838937546860199,64180315969995,139747296032,0
/sensing/lidar/top/pointcloud_raw_ex,139747296032,1785838937551888452,64180320998360,139747296032,237976
/localization/pose_estimator/pose_with_covariance,139747296032,1785838937554936142,64180324045892,139747296032,0
/control/command/control_cmd,139797296032,1785838937595659885,64180364769786,139797296032,80
/localization/kinematic_state,139797296032,1785838937595815893,64180364925694,139797296032,0
/localization/kinematic_state,139847296033,1785838937645416263,64180414526231,139847296033,0
/control/command/control_cmd,139847296033,1785838937645888470,64180414998213,139847296033,80
/sensing/lidar/top/pointcloud_raw_ex,139847296033,1785838937650475504,64180419585319,139847296033,239160
/localization/pose_estimator/pose_with_covariance,139847296033,1785838937653767622,64180422877395,139847296033,0
/localization/kinematic_state,139897296034,1785838937695918111,64180465027899,139897296034,0
/control/command/control_cmd,139897296034,1785838937696726535,64180465836444,139897296034,80
/localization/kinematic_state,139947296035,1785838937745384736,64180514494492,139947296035,0
/control/command/control_cmd,139947296035,1785838937745742336,64180514852217,139947296035,80
/sensing/lidar/top/pointcloud_raw_ex,139947296035,1785838937751905192,64180521015115,139947296035,238552
/localization/pose_estimator/pose_with_covariance,139947296035,1785838937754939590,64180524049257,139947296035,0
/control/command/control_cmd,139997296035,1785838937796162467,64180565272216,139997296035,80
/localization/kinematic_state,139997296035,1785838937796206514,64180565316110,139997296035,0
/localization/kinematic_state,140047296036,1785838937845503912,64180614613725,140047296036,0
/control/command/control_cmd,140047296036,1785838937846155103,64180615264924,140047296036,80
/sensing/lidar/top/pointcloud_raw_ex,140047296036,1785838937851768487,64180620878391,140047296036,242968
/localization/pose_estimator/pose_with_covariance,140047296036,1785838937854682091,64180623791887,140047296036,0
/localization/kinematic_state,140097296037,1785838937896625673,64180665735546,140097296037,0
/control/command/control_cmd,140097296037,1785838937896639016,64180665748622,140097296037,80
/control/command/control_cmd,140147296038,1785838937946192623,64180715302678,140147296038,80
/localization/kinematic_state,140147296038,1785838937946606296,64180715716009,140147296038,0
/sensing/lidar/top/pointcloud_raw_ex,140147296038,1785838937951200933,64180720310933,140147296038,238648
/localization/pose_estimator/pose_with_covariance,140147296038,1785838937954168499,64180723278506,140147296038,0
/localization/kinematic_state,140197296038,1785838937996019154,64180765128977,140197296038,0
/control/command/control_cmd,140197296038,1785838937996161300,64180765270995,140197296038,80
/localization/kinematic_state,140247296039,1785838938045227852,64180814337620,140247296039,0
/control/command/control_cmd,140247296039,1785838938046380337,64180815490231,140247296039,80
/sensing/lidar/top/pointcloud_raw_ex,140247296039,1785838938051145352,64180820255503,140247296039,239448
/localization/pose_estimator/pose_with_covariance,140247296039,1785838938054205504,64180823315402,140247296039,0
/localization/kinematic_state,140297296040,1785838938095606839,64180864716572,140297296040,0
/control/command/control_cmd,140297296040,1785838938096337467,64180865447294,140297296040,80
/control/command/control_cmd,140347296041,1785838938145862860,64180914972703,140347296041,80
/localization/kinematic_state,140347296041,1785838938145939215,64180915048829,140347296041,0
/sensing/lidar/top/pointcloud_raw_ex,140347296041,1785838938151283968,64180920393769,140347296041,238264
/localization/pose_estimator/pose_with_covariance,140347296041,1785838938154617723,64180923727451,140347296041,0
/control/command/control_cmd,140397296041,1785838938195713804,64180964823813,140397296041,80
/localization/kinematic_state,140397296041,1785838938195800194,64180964909960,140397296041,0
/localization/kinematic_state,140447296042,1785838938245283035,64181014392961,140447296042,0
/control/command/control_cmd,140447296042,1785838938245769968,64181014879904,140447296042,80
/sensing/lidar/top/pointcloud_raw_ex,140447296042,1785838938250952292,64181020062304,140447296042,238552
/localization/pose_estimator/pose_with_covariance,140447296042,1785838938253930369,64181023040527,140447296042,0
/localization/kinematic_state,140497296043,1785838938295295930,64181064405684,140497296043,0
/control/command/control_cmd,140497296043,1785838938295720929,64181064830743,140497296043,80
/control/command/control_cmd,140547296044,1785838938345919017,64181115029233,140547296044,80
/localization/kinematic_state,140547296044,1785838938346102883,64181115212592,140547296044,0
/sensing/lidar/top/pointcloud_raw_ex,140547296044,1785838938350919254,64181120029449,140547296044,237816
/localization/pose_estimator/pose_with_covariance,140547296044,1785838938354158871,64181123268777,140547296044,0
/localization/kinematic_state,140597296044,1785838938396454978,64181165564934,140597296044,0
/control/command/control_cmd,140597296044,1785838938396912181,64181166022095,140597296044,80
/localization/kinematic_state,140647296045,1785838938445564863,64181214674838,140647296045,0
/control/command/control_cmd,140647296045,1785838938446724850,64181215834704,140647296045,80
/sensing/lidar/top/pointcloud_raw_ex,140647296045,1785838938451493811,64181220603773,140647296045,240216
/localization/pose_estimator/pose_with_covariance,140647296045,1785838938454517033,64181223626804,140647296045,0
/localization/kinematic_state,140697296046,1785838938495902725,64181265012612,140697296046,0
/control/command/control_cmd,140697296046,1785838938496861474,64181265971285,140697296046,80
/control/command/control_cmd,140747296046,1785838938545795176,64181314905149,140747296046,80
/localization/kinematic_state,140747296046,1785838938546622235,64181315731942,140747296046,0
/sensing/lidar/top/pointcloud_raw_ex,140747296046,1785838938551791728,64181320901540,140747296046,236376
/localization/pose_estimator/pose_with_covariance,140747296046,1785838938554877127,64181323986868,140747296046,0
/control/command/control_cmd,140797296047,1785838938596513736,64181365623892,140797296047,80
/localization/kinematic_state,140797296047,1785838938596543975,64181365653596,140797296047,0
/localization/kinematic_state,140847296048,1785838938646972373,64181416082223,140847296048,0
/control/command/control_cmd,140847296048,1785838938646985890,64181416095538,140847296048,80
/sensing/lidar/top/pointcloud_raw_ex,140847296048,1785838938651116747,64181420226739,140847296048,237688
/localization/pose_estimator/pose_with_covariance,140847296048,1785838938654112613,64181423222639,140847296048,0
/control/command/control_cmd,140897296049,1785838938695757689,64181464867567,140897296049,80
/localization/kinematic_state,140897296049,1785838938695868491,64181464978254,140897296049,0
/localization/kinematic_state,140947296049,1785838938747958211,64181517068251,140947296049,0
/control/command/control_cmd,140947296049,1785838938747972221,64181517081844,140947296049,80
/sensing/lidar/top/pointcloud_raw_ex,140947296049,1785838938751493003,64181520602926,140947296049,236984
/localization/pose_estimator/pose_with_covariance,140947296049,1785838938754870199,64181523979946,140947296049,0
/localization/kinematic_state,140997296050,1785838938795631095,64181564740837,140997296050,0
/control/command/control_cmd,140997296050,1785838938796028555,64181565138461,140997296050,80
/localization/kinematic_state,141047296051,1785838938845229644,64181614339684,141047296051,0
/control/command/control_cmd,141047296051,1785838938846096932,64181615206782,141047296051,80
/sensing/lidar/top/pointcloud_raw_ex,141047296051,1785838938850926811,64181620036632,141047296051,238584
/localization/pose_estimator/pose_with_covariance,141047296051,1785838938853773619,64181622883412,141047296051,0
/localization/kinematic_state,141097296052,1785838938895991968,64181665102073,141097296052,0
/control/command/control_cmd,141097296052,1785838938897178284,64181666288455,141097296052,80
/localization/kinematic_state,141147296052,1785838938946504689,64181715614593,141147296052,0
/control/command/control_cmd,141147296052,1785838938946860553,64181715970481,141147296052,80
/sensing/lidar/top/pointcloud_raw_ex,141147296052,1785838938951397362,64181720507384,141147296052,237592
/localization/pose_estimator/pose_with_covariance,141147296052,1785838938955001763,64181724111991,141147296052,0
/control/command/control_cmd,141197296053,1785838938996175273,64181765285610,141197296053,80
/localization/kinematic_state,141197296053,1785838938996224464,64181765334064,141197296053,0
/control/command/control_cmd,141247296054,1785838939045502571,64181814612668,141247296054,80
/localization/kinematic_state,141247296054,1785838939045562354,64181814672185,141247296054,0
/sensing/lidar/top/pointcloud_raw_ex,141247296054,1785838939051870621,64181820980746,141247296054,242168
/localization/pose_estimator/pose_with_covariance,141247296054,1785838939055099829,64181824209810,141247296054,0
/control/command/control_cmd,141297296055,1785838939095702047,64181864811960,141297296055,80
/localization/kinematic_state,141297296055,1785838939095748165,64181864857764,141297296055,0
/localization/kinematic_state,141347296055,1785838939145929162,64181915039039,141347296055,0
/control/command/control_cmd,141347296055,1785838939146495147,64181915605093,141347296055,80
/sensing/lidar/top/pointcloud_raw_ex,141347296055,1785838939151148114,64181920257953,141347296055,238488
/localization/pose_estimator/pose_with_covariance,141347296055,1785838939153937650,64181923047495,141347296055,0
/localization/kinematic_state,141397296056,1785838939195537777,64181964647531,141397296056,0
/control/command/control_cmd,141397296056,1785838939196292101,64181965401903,141397296056,80
/localization/kinematic_state,141447296057,1785838939245770319,64182014880191,141447296057,0
/control/command/control_cmd,141447296057,1785838939246114333,64182015224002,141447296057,80
/sensing/lidar/top/pointcloud_raw_ex,141447296057,1785838939252547895,64182021657810,141447296057,238488
/localization/pose_estimator/pose_with_covariance,141447296057,1785838939255938738,64182025048519,141447296057,0
/localization/kinematic_state,141497296058,1785838939296383163,64182065493048,141497296058,0
/control/command/control_cmd,141497296058,1785838939296397060,64182065506680,141497296058,80
/control/command/control_cmd,141547296058,1785838939345812464,64182114922366,141547296058,80
/localization/kinematic_state,141547296058,1785838939346168473,64182115278146,141547296058,0
/sensing/lidar/top/pointcloud_raw_ex,141547296058,1785838939351427635,64182120537612,141547296058,238200
/localization/pose_estimator/pose_with_covariance,141547296058,1785838939354836892,64182123946760,141547296058,0
/localization/kinematic_state,141597296059,1785838939395743176,64182164853009,141597296059,0
/control/command/control_cmd,141597296059,1785838939395751052,64182164860666,141597296059,80
/localization/kinematic_state,141647296060,1785838939445703840,64182214813830,141647296060,0
/control/command/control_cmd,141647296060,1785838939447036896,64182216146685,141647296060,80
/sensing/lidar/top/pointcloud_raw_ex,141647296060,1785838939451347896,64182220457767,141647296060,235352
/localization/pose_estimator/pose_with_covariance,141647296060,1785838939454213971,64182223323727,141647296060,0
/localization/kinematic_state,141697296061,1785838939495828674,64182264938437,141697296061,0
/control/command/control_cmd,141697296061,1785838939496716074,64182265825904,141697296061,80
/localization/kinematic_state,141747296061,1785838939545602596,64182314712507,141747296061,0
/control/command/control_cmd,141747296061,1785838939546031642,64182315141476,141747296061,80
/sensing/lidar/top/pointcloud_raw_ex,141747296061,1785838939550558936,64182319668724,141747296061,240888
/localization/pose_estimator/pose_with_covariance,141747296061,1785838939553584269,64182322694065,141747296061,0
/localization/kinematic_state,141797296062,1785838939596037812,64182365147530,141797296062,0
/control/command/control_cmd,141797296062,1785838939596748151,64182365857919,141797296062,80
/control/command/control_cmd,141847296063,1785838939645869369,64182414979183,141847296063,80
/localization/kinematic_state,141847296063,1785838939646835371,64182415945042,141847296063,0
/sensing/lidar/top/pointcloud_raw_ex,141847296063,1785838939652555118,64182421665024,141847296063,241400
/localization/pose_estimator/pose_with_covariance,141847296063,1785838939656294355,64182425404390,141847296063,0
/localization/kinematic_state,141897296064,1785838939695620733,64182464731303,141897296064,0
/control/command/control_cmd,141897296064,1785838939695765759,64182464875395,141897296064,80
/localization/kinematic_state,141947296064,1785838939746529146,64182515638944,141947296064,0
/control/command/control_cmd,141947296064,1785838939746778256,64182515887969,141947296064,80
/sensing/lidar/top/pointcloud_raw_ex,141947296064,1785838939751608991,64182520718889,141947296064,241816
/localization/pose_estimator/pose_with_covariance,141947296064,1785838939754696684,64182523806471,141947296064,0
/control/command/control_cmd,141997296065,1785838939795609743,64182564719739,141997296065,80
/localization/kinematic_state,141997296065,1785838939796124034,64182565233782,141997296065,0
/localization/kinematic_state,142047296066,1785838939845796513,64182614906616,142047296066,0
/control/command/control_cmd,142047296066,1785838939846722058,64182615831867,142047296066,80
/sensing/lidar/top/pointcloud_raw_ex,142047296066,1785838939852526227,64182621636017,142047296066,237656
/localization/pose_estimator/pose_with_covariance,142047296066,1785838939855559772,64182624669557,142047296066,0
/localization/kinematic_state,142097296067,1785838939895971900,64182665081777,142097296067,0
/control/command/control_cmd,142097296067,1785838939895981254,64182665090861,142097296067,80
/localization/kinematic_state,142147296067,1785838939945701814,64182714811670,142147296067,0
/control/command/control_cmd,142147296067,1785838939946703637,64182715813459,142147296067,80
/sensing/lidar/top/pointcloud_raw_ex,142147296067,1785838939952010625,64182721120581,142147296067,239000
/localization/pose_estimator/pose_with_covariance,142147296067,1785838939954965085,64182724074847,142147296067,0
/control/command/control_cmd,142197296068,1785838939995582913,64182764692902,142197296068,80
/localization/kinematic_state,142197296068,1785838939995725305,64182764834968,142197296068,0
/localization/kinematic_state,142247296069,1785838940045671033,64182814780840,142247296069,0
/control/command/control_cmd,142247296069,1785838940045690388,64182814800014,142247296069,80
/sensing/lidar/top/pointcloud_raw_ex,142247296069,1785838940051197959,64182820308215,142247296069,241592
/localization/pose_estimator/pose_with_covariance,142247296069,1785838940054288756,64182823398615,142247296069,0
/localization/kinematic_state,142297296070,1785838940095574932,64182864684766,142297296070,0
/control/command/control_cmd,142297296070,1785838940095586947,64182864696563,142297296070,80
/localization/kinematic_state,142347296070,1785838940146239447,64182915349192,142347296070,0
/control/command/control_cmd,142347296070,1785838940147921781,64182917057537,142347296070,80
/sensing/lidar/top/pointcloud_raw_ex,142347296070,1785838940150757599,64182919867513,142347296070,239160
/localization/pose_estimator/pose_with_covariance,142347296070,1785838940153727091,64182922837087,142347296070,0
/localization/kinematic_state,142397296071,1785838940195435134,64182964544957,142397296071,0
/control/command/control_cmd,142397296071,1785838940195759399,64182964869090,142397296071,80
/localization/kinematic_state,142447296072,1785838940245797951,64183014908087,142447296072,0
/control/command/control_cmd,142447296072,1785838940246277290,64183015387029,142447296072,80
/sensing/lidar/top/pointcloud_raw_ex,142447296072,1785838940252106313,64183021216428,142447296072,238776
/localization/pose_estimator/pose_with_covariance,142447296072,1785838940255546076,64183024655855,142447296072,0
/control/command/control_cmd,142497296073,1785838940295551936,64183064661986,142497296073,80
/localization/kinematic_state,142497296073,1785838940295896185,64183065005903,142497296073,0
/localization/kinematic_state,142547296073,1785838940345417006,64183114526846,142547296073,0
/control/command/control_cmd,142547296073,1785838940346348200,64183115458161,142547296073,80
/sensing/lidar/top/pointcloud_raw_ex,142547296073,1785838940350997749,64183120107668,142547296073,239992
/localization/pose_estimator/pose_with_covariance,142547296073,1785838940353792535,64183122902283,142547296073,0
/control/command/control_cmd,142597296074,1785838940395696391,64183164806336,142597296074,80
/localization/kinematic_state,142597296074,1785838940395756779,64183164866413,142597296074,0
/localization/kinematic_state,142647296075,1785838940446136422,64183215246289,142647296075,0
/control/command/control_cmd,142647296075,1785838940446298491,64183215408127,142647296075,80
/sensing/lidar/top/pointcloud_raw_ex,142647296075,1785838940451367223,64183220477174,142647296075,241976
/localization/pose_estimator/pose_with_covariance,142647296075,1785838940455053230,64183224163038,142647296075,0
/control/command/control_cmd,142697296076,1785838940496741593,64183265851461,142697296076,80
/localization/kinematic_state,142697296076,1785838940496769201,64183265878806,142697296076,0
/localization/kinematic_state,142747296076,1785838940546049412,64183315159543,142747296076,0
/control/command/control_cmd,142747296076,1785838940546141043,64183315250688,142747296076,80
/sensing/lidar/top/pointcloud_raw_ex,142747296076,1785838940550715925,64183319825858,142747296076,239992
/localization/pose_estimator/pose_with_covariance,142747296076,1785838940554486178,64183323595966,142747296076,0
/control/command/control_cmd,142797296077,1785838940595934761,64183365044896,142797296077,80
/localization/kinematic_state,142797296077,1785838940596108004,64183365217776,142797296077,0
/localization/kinematic_state,142847296078,1785838940646036117,64183415146022,142847296078,0
/control/command/control_cmd,142847296078,1785838940646047411,64183415157095,142847296078,80
/sensing/lidar/top/pointcloud_raw_ex,142847296078,1785838940651004169,64183420114270,142847296078,241304
/localization/pose_estimator/pose_with_covariance,142847296078,1785838940654007894,64183423117711,142847296078,0
/localization/kinematic_state,142897296079,1785838940695674646,64183464784465,142897296079,0
/control/command/control_cmd,142897296079,1785838940695692121,64183464801724,142897296079,80
/localization/kinematic_state,142947296079,1785838940745821179,64183514931146,142947296079,0
/control/command/control_cmd,142947296079,1785838940745958654,64183515068445,142947296079,80
/sensing/lidar/top/pointcloud_raw_ex,142947296079,1785838940751487015,64183520596938,142947296079,237016
/localization/pose_estimator/pose_with_covariance,142947296079,1785838940754730961,64183523840771,142947296079,0
/localization/kinematic_state,142997296080,1785838940795613920,64183564723659,142997296080,0
/control/command/control_cmd,142997296080,1785838940796059591,64183565169496,142997296080,80
/localization/kinematic_state,143047296081,1785838940845464659,64183614574501,143047296081,0
/control/command/control_cmd,143047296081,1785838940845720301,64183614829955,143047296081,80
/sensing/lidar/top/pointcloud_raw_ex,143047296081,1785838940850487184,64183619597109,143047296081,239768
/localization/pose_estimator/pose_with_covariance,143047296081,1785838940853435902,64183622545717,143047296081,0
/localization/kinematic_state,143097296081,1785838940895897376,64183665007197,143097296081,0
/control/command/control_cmd,143097296081,1785838940895905137,64183665014737,143097296081,80
/localization/kinematic_state,143147296082,1785838940945406386,64183714516184,143147296082,0
/control/command/control_cmd,143147296082,1785838940947461738,64183716571762,143147296082,80
/sensing/lidar/top/pointcloud_raw_ex,143147296082,1785838940951089248,64183720199249,143147296082,242488
/localization/pose_estimator/pose_with_covariance,143147296082,1785838940954121590,64183723231404,143147296082,0
/localization/kinematic_state,143197296083,1785838940995531678,64183764641497,143197296083,0
/control/command/control_cmd,143197296083,1785838940995965669,64183765075506,143197296083,80
/localization/kinematic_state,143247296084,1785838941045747822,64183814857770,143247296084,0
/control/command/control_cmd,143247296084,1785838941046169763,64183815279610,143247296084,80
/sensing/lidar/top/pointcloud_raw_ex,143247296084,1785838941050972036,64183820081992,143247296084,239768
/localization/pose_estimator/pose_with_covariance,143247296084,1785838941054399243,64183823509067,143247296084,0
/localization/kinematic_state,143297296084,1785838941096051591,64183865161296,143297296084,0
/control/command/control_cmd,143297296084,1785838941096066028,64183865175673,143297296084,80
/localization/kinematic_state,143347296085,1785838941145911291,64183915021346,143347296085,0
/control/command/control_cmd,143347296085,1785838941146081170,64183915190962,143347296085,80
/sensing/lidar/top/pointcloud_raw_ex,143347296085,1785838941150779152,64183919889066,143347296085,237624
/localization/pose_estimator/pose_with_covariance,143347296085,1785838941153736830,64183922846576,143347296085,0
/control/command/control_cmd,143397296086,1785838941195901701,64183965011489,143397296086,80
/localization/kinematic_state,143397296086,1785838941196187874,64183965297625,143397296086,0
/control/command/control_cmd,143447296087,1785838941245778340,64184014888176,143447296087,80
/localization/kinematic_state,143447296087,1785838941246016327,64184015125990,143447296087,0
/sensing/lidar/top/pointcloud_raw_ex,143447296087,1785838941251317649,64184020427403,143447296087,239640
/localization/pose_estimator/pose_with_covariance,143447296087,1785838941254274982,64184023384750,143447296087,0
/control/command/control_cmd,143497296087,1785838941295678584,64184064788430,143497296087,80
/localization/kinematic_state,143497296087,1785838941296280348,64184065390103,143497296087,0
/localization/kinematic_state,143547296088,1785838941345608850,64184114718669,143547296088,0
/control/command/control_cmd,143547296088,1785838941346793439,64184115903261,143547296088,80
/sensing/lidar/top/pointcloud_raw_ex,143547296088,1785838941350761547,64184119871544,143547296088,237464
/localization/pose_estimator/pose_with_covariance,143547296088,1785838941353612424,64184122722251,143547296088,0
/control/command/control_cmd,143597296089,1785838941395666975,64184164776928,143597296089,80
/localization/kinematic_state,143597296089,1785838941395934792,64184165044601,143597296089,0
/localization/kinematic_state,143647296090,1785838941445562550,64184214672445,143647296090,0
/control/command/control_cmd,143647296090,1785838941445982317,64184215092003,143647296090,80
/sensing/lidar/top/pointcloud_raw_ex,143647296090,1785838941450869505,64184219979229,143647296090,239640
/localization/pose_estimator/pose_with_covariance,143647296090,1785838941454298687,64184223408451,143647296090,0
/localization/kinematic_state,143697296090,1785838941495822590,64184264932487,143697296090,0
/control/command/control_cmd,143697296090,1785838941495835997,64184264945626,143697296090,80
/localization/kinematic_state,143747296091,1785838941545188821,64184314298814,143747296091,0
/control/command/control_cmd,143747296091,1785838941545696692,64184314806554,143747296091,80
/sensing/lidar/top/pointcloud_raw_ex,143747296091,1785838941551269371,64184320379259,143747296091,237432
/localization/pose_estimator/pose_with_covariance,143747296091,1785838941554216529,64184323326336,143747296091,0
/localization/kinematic_state,143797296092,1785838941595782082,64184364891986,143797296092,0
/control/command/control_cmd,143797296092,1785838941596186733,64184365296600,143797296092,80
/localization/kinematic_state,143847296093,1785838941645835471,64184414945515,143847296093,0
/control/command/control_cmd,143847296093,1785838941645851920,64184414961547,143847296093,80
/sensing/lidar/top/pointcloud_raw_ex,143847296093,1785838941650437319,64184419547074,143847296093,239800
/localization/pose_estimator/pose_with_covariance,143847296093,1785838941653701620,64184422811352,143847296093,0
/control/command/control_cmd,143897296093,1785838941696018319,64184465128268,143897296093,80
/localization/kinematic_state,143897296093,1785838941696048194,64184465157825,143897296093,0
/localization/kinematic_state,143947296094,1785838941745429267,64184514539026,143947296094,0
/control/command/control_cmd,143947296094,1785838941746148696,64184515258407,143947296094,80
/sensing/lidar/top/pointcloud_raw_ex,143947296094,1785838941750930201,64184520040439,143947296094,240120
/localization/pose_estimator/pose_with_covariance,143947296094,1785838941753965194,64184523074925,143947296094,0
/control/command/control_cmd,143997296095,1785838941795774472,64184564884496,143997296095,80
/localization/kinematic_state,143997296095,1785838941796988315,64184566098066,143997296095,0
/localization/kinematic_state,144047296096,1785838941845705349,64184614815364,144047296096,0
/control/command/control_cmd,144047296096,1785838941846580528,64184615690376,144047296096,80
/sensing/lidar/top/pointcloud_raw_ex,144047296096,1785838941851682942,64184620792984,144047296096,237272
/localization/pose_estimator/pose_with_covariance,144047296096,1785838941854731879,64184623841846,144047296096,0
/control/command/control_cmd,144097296096,1785838941895781064,64184664891068,144097296096,80
/localization/kinematic_state,144097296096,1785838941895945927,64184665055661,144097296096,0
/localization/kinematic_state,144147296097,1785838941946051176,64184715161075,144147296097,0
/control/command/control_cmd,144147296097,1785838941947626747,64184716736605,144147296097,80
/sensing/lidar/top/pointcloud_raw_ex,144147296097,1785838941951116830,64184720226686,144147296097,237560
/localization/pose_estimator/pose_with_covariance,144147296097,1785838941954061213,64184723170966,144147296097,0
/localization/kinematic_state,144197296098,1785838941995642594,64184764752368,144197296098,0
/control/command/control_cmd,144197296098,1785838941995750052,64184764859979,144197296098,80
/localization/kinematic_state,144247296099,1785838942045403715,64184814513455,144247296099,0
/control/command/control_cmd,144247296099,1785838942046223676,64184815333506,144247296099,80
/sensing/lidar/top/pointcloud_raw_ex,144247296099,1785838942050855109,64184819964868,144247296099,238904
/localization/pose_estimator/pose_with_covariance,144247296099,1785838942053869637,64184822979483,144247296099,0
/localization/kinematic_state,144297296099,1785838942095782349,64184864892058,144297296099,0
/control/command/control_cmd,144297296099,1785838942097104903,64184866214716,144297296099,80
/localization/kinematic_state,144347296100,1785838942145711523,64184914821414,144347296100,0
/control/command/control_cmd,144347296100,1785838942146215490,64184915325331,144347296100,80
/sensing/lidar/top/pointcloud_raw_ex,144347296100,1785838942150497024,64184919606830,144347296100,240280
/localization/pose_estimator/pose_with_covariance,144347296100,1785838942153353178,64184922462970,144347296100,0
/localization/kinematic_state,144397296101,1785838942196054017,64184965163744,144397296101,0
/control/command/control_cmd,144397296101,1785838942196323316,64184965432983,144397296101,80
/localization/kinematic_state,144447296102,1785838942245414711,64185014524464,144447296102,0
/control/command/control_cmd,144447296102,1785838942246657916,64185015767920,144447296102,80
/sensing/lidar/top/pointcloud_raw_ex,144447296102,1785838942250831896,64185019941911,144447296102,241560
/localization/pose_estimator/pose_with_covariance,144447296102,1785838942253695198,64185022804960,144447296102,0
/control/command/control_cmd,144497296102,1785838942296026115,64185065136028,144497296102,80
/localization/kinematic_state,144497296102,1785838942297035805,64185066145590,144497296102,0
/localization/kinematic_state,144547296103,1785838942345268016,64185114377828,144547296103,0
/control/command/control_cmd,144547296103,1785838942345811377,64185114921291,144547296103,80
/sensing/lidar/top/pointcloud_raw_ex,144547296103,1785838942351577959,64185120687977,144547296103,239544
/localization/pose_estimator/pose_with_covariance,144547296103,1785838942354439128,64185123548906,144547296103,0
/control/command/control_cmd,144597296104,1785838942395486512,64185164596521,144597296104,80
/localization/kinematic_state,144597296104,1785838942396159130,64185165269020,144597296104,0
/localization/kinematic_state,144647296105,1785838942445231032,64185214340841,144647296105,0
/control/command/control_cmd,144647296105,1785838942446026288,64185215136111,144647296105,80
/sensing/lidar/top/pointcloud_raw_ex,144647296105,1785838942450793650,64185219903401,144647296105,239448
/localization/pose_estimator/pose_with_covariance,144647296105,1785838942453718956,64185222828677,144647296105,0
/control/command/control_cmd,144697296105,1785838942495440737,64185264550614,144697296105,80
/localization/kinematic_state,144697296105,1785838942495630982,64185264740718,144697296105,0
/localization/kinematic_state,144747296106,1785838942545888895,64185314998714,144747296106,0
/control/command/control_cmd,144747296106,1785838942546094444,64185315204064,144747296106,80
/sensing/lidar/top/pointcloud_raw_ex,144747296106,1785838942550907652,64185320017429,144747296106,236984
/localization/pose_estimator/pose_with_covariance,144747296106,1785838942553822344,64185322932131,144747296106,0
/localization/kinematic_state,144797296107,1785838942596581961,64185365691766,144797296107,0
/control/command/control_cmd,144797296107,1785838942596590196,64185365699824,144797296107,80
/localization/kinematic_state,144847296108,1785838942645442934,64185414552678,144847296108,0
/control/command/control_cmd,144847296108,1785838942645791395,64185414901091,144847296108,80
/sensing/lidar/top/pointcloud_raw_ex,144847296108,1785838942651399621,64185420509698,144847296108,240472
/localization/pose_estimator/pose_with_covariance,144847296108,1785838942654945299,64185424055060,144847296108,0
/control/command/control_cmd,144897296108,1785838942695909680,64185465019658,144897296108,80
/localization/kinematic_state,144897296108,1785838942696121454,64185465231111,144897296108,0
/localization/kinematic_state,144947296109,1785838942745303617,64185514413379,144947296109,0
/control/command/control_cmd,144947296109,1785838942746176397,64185515286272,144947296109,80
/sensing/lidar/top/pointcloud_raw_ex,144947296109,1785838942751476535,64185520586503,144947296109,241592
/localization/pose_estimator/pose_with_covariance,144947296109,1785838942754690783,64185523800534,144947296109,0
/localization/kinematic_state,144997296110,1785838942795354024,64185564463877,144997296110,0
/control/command/control_cmd,144997296110,1785838942795610490,64185564720336,144997296110,80
/localization/kinematic_state,145047296111,1785838942846320810,64185615430900,145047296111,0
/control/command/control_cmd,145047296111,1785838942848025500,64185617135399,145047296111,80
/sensing/lidar/top/pointcloud_raw_ex,145047296111,1785838942851403615,64185620513358,145047296111,236056
/localization/pose_estimator/pose_with_covariance,145047296111,1785838942854399961,64185623509758,145047296111,0
/localization/kinematic_state,145097296111,1785838942895395303,64185664505177,145097296111,0
/control/command/control_cmd,145097296111,1785838942895988748,64185665098499,145097296111,80
/control/command/control_cmd,145147296112,1785838942946080827,64185715190827,145147296112,80
/localization/kinematic_state,145147296112,1785838942946221906,64185715331512,145147296112,0
/sensing/lidar/top/pointcloud_raw_ex,145147296112,1785838942951133949,64185720243926,145147296112,240056
/localization/pose_estimator/pose_with_covariance,145147296112,1785838942954195453,64185723305392,145147296112,0
/control/command/control_cmd,145197296113,1785838942995656417,64185764766367,145197296113,80
/localization/kinematic_state,145197296113,1785838942995740875,64185764850555,145197296113,0
/control/command/control_cmd,145247296114,1785838943046941892,64185816052245,145247296114,80
/localization/kinematic_state,145247296114,1785838943046975944,64185816085560,145247296114,0
/sensing/lidar/top/pointcloud_raw_ex,145247296114,1785838943050419959,64185819530083,145247296114,239096
/localization/pose_estimator/pose_with_covariance,145247296114,1785838943054128131,64185823237957,145247296114,0
/control/command/control_cmd,145297296114,1785838943095491290,64185864601319,145297296114,80
/localization/kinematic_state,145297296114,1785838943095732441,64185864842300,145297296114,0
/control/command/control_cmd,145347296115,1785838943146088935,64185915198814,145347296115,80
/localization/kinematic_state,145347296115,1785838943146206419,64185915316144,145347296115,0
/sensing/lidar/top/pointcloud_raw_ex,145347296115,1785838943151576366,64185920686238,145347296115,237048
/localization/pose_estimator/pose_with_covariance,145347296115,1785838943154457698,64185923567536,145347296115,0
/localization/kinematic_state,145397296116,1785838943195638486,64185964748248,145397296116,0
/control/command/control_cmd,145397296116,1785838943195647694,64185964757313,145397296116,80
/localization/kinematic_state,145447296117,1785838943245863585,64186014973758,145447296117,0
/control/command/control_cmd,145447296117,1785838943245873934,64186014983552,145447296117,80
/sensing/lidar/top/pointcloud_raw_ex,145447296117,1785838943251459349,64186020569657,145447296117,236312
/localization/pose_estimator/pose_with_covariance,145447296117,1785838943254582279,64186023692116,145447296117,0
/localization/kinematic_state,145497296117,1785838943296044284,64186065154018,145497296117,0
/control/command/control_cmd,145497296117,1785838943296052719,64186065162342,145497296117,80
/localization/kinematic_state,145547296118,1785838943346098551,64186115208565,145547296118,0
/control/command/control_cmd,145547296118,1785838943346532576,64186115642349,145547296118,80
/sensing/lidar/top/pointcloud_raw_ex,145547296118,1785838943350808975,64186119918914,145547296118,240056
/localization/pose_estimator/pose_with_covariance,145547296118,1785838943354043604,64186123153388,145547296118,0
/localization/kinematic_state,145597296119,1785838943396013906,64186165123681,145597296119,0
/control/command/control_cmd,145597296119,1785838943397300768,64186166410539,145597296119,80
/localization/kinematic_state,145647296119,1785838943445386285,64186214496052,145647296119,0
/control/command/control_cmd,145647296119,1785838943446294669,64186215404510,145647296119,80
/sensing/lidar/top/pointcloud_raw_ex,145647296119,1785838943450611342,64186219721162,145647296119,239448
/localization/pose_estimator/pose_with_covariance,145647296119,1785838943453841414,64186222951215,145647296119,0
/localization/kinematic_state,145697296120,1785838943496247579,64186265357667,145697296120,0
/control/command/control_cmd,145697296120,1785838943496255499,64186265365116,145697296120,80
/localization/kinematic_state,145747296121,1785838943545359928,64186314469695,145747296121,0
/control/command/control_cmd,145747296121,1785838943546458762,64186315568591,145747296121,80
/sensing/lidar/top/pointcloud_raw_ex,145747296121,1785838943551388503,64186320498413,145747296121,237016
/localization/pose_estimator/pose_with_covariance,145747296121,1785838943554250275,64186323360058,145747296121,0
/control/command/control_cmd,145797296122,1785838943595599576,64186364709352,145797296122,80
/localization/kinematic_state,145797296122,1785838943595921394,64186365031258,145797296122,0
/control/command/control_cmd,145847296122,1785838943646656845,64186415767040,145847296122,80
/localization/kinematic_state,145847296122,1785838943647933652,64186417043485,145847296122,0
/sensing/lidar/top/pointcloud_raw_ex,145847296122,1785838943651261471,64186420371353,145847296122,238744
/localization/pose_estimator/pose_with_covariance,145847296122,1785838943654755734,64186423865518,145847296122,0
/localization/kinematic_state,145897296123,1785838943695838275,64186464948073,145897296123,0
/control/command/control_cmd,145897296123,1785838943696082712,64186465192605,145897296123,80
/control/command/control_cmd,145947296124,1785838943745658112,64186514768009,145947296124,80
/localization/kinematic_state,145947296124,1785838943745735418,64186514845052,145947296124,0
/sensing/lidar/top/pointcloud_raw_ex,145947296124,1785838943751609755,64186520719599,145947296124,242552
/localization/pose_estimator/pose_with_covariance,145947296124,1785838943754810789,64186523920505,145947296124,0
/localization/kinematic_state,145997296125,1785838943796278121,64186565387987,145997296125,0
/control/command/control_cmd,145997296125,1785838943796287770,64186565397393,145997296125,80
/localization/kinematic_state,146047296125,1785838943846360646,64186615470645,146047296125,0
/control/command/control_cmd,146047296125,1785838943846512813,64186615622525,146047296125,80
/sensing/lidar/top/pointcloud_raw_ex,146047296125,1785838943851670200,64186620780357,146047296125,240600
/localization/pose_estimator/pose_with_covariance,146047296125,1785838943854885931,64186623995744,146047296125,0
/localization/kinematic_state,146097296126,1785838943895997932,64186665107711,146097296126,0
/control/command/control_cmd,146097296126,1785838943896944007,64186666053750,146097296126,80
/localization/kinematic_state,146147296127,1785838943945629217,64186714738946,146147296127,0
/control/command/control_cmd,146147296127,1785838943946255921,64186715365773,146147296127,80
/sensing/lidar/top/pointcloud_raw_ex,146147296127,1785838943952305924,64186721416030,146147296127,237848
/localization/pose_estimator/pose_with_covariance,146147296127,1785838943955062065,64186724171756,146147296127,0
/control/command/control_cmd,146197296128,1785838943995959019,64186765069117,146197296128,80
/localization/kinematic_state,146197296128,1785838943996925743,64186766035464,146197296128,0
/localization/kinematic_state,146247296128,1785838944046754976,64186815864919,146247296128,0
/control/command/control_cmd,146247296128,1785838944046765229,64186815874824,146247296128,80
/sensing/lidar/top/pointcloud_raw_ex,146247296128,1785838944051376905,64186820486896,146247296128,236088
/localization/pose_estimator/pose_with_covariance,146247296128,1785838944054419253,64186823529046,146247296128,0
/control/command/control_cmd,146297296129,1785838944095750444,64186864860434,146297296129,80
/localization/kinematic_state,146297296129,1785838944096046466,64186865156270,146297296129,0
/localization/kinematic_state,146347296130,1785838944145476829,64186914586633,146347296130,0
/control/command/control_cmd,146347296130,1785838944146883584,64186915993495,146347296130,80
/sensing/lidar/top/pointcloud_raw_ex,146347296130,1785838944150858330,64186919968229,146347296130,238488
/localization/pose_estimator/pose_with_covariance,146347296130,1785838944153589593,64186922699374,146347296130,0
/control/command/control_cmd,146397296131,1785838944196579909,64186965689896,146397296131,80
/localization/kinematic_state,146397296131,1785838944196802684,64186965912321,146397296131,0
/control/command/control_cmd,146447296131,1785838944245753099,64187014863269,146447296131,80
/localization/kinematic_state,146447296131,1785838944245783381,64187014892991,146447296131,0
/sensing/lidar/top/pointcloud_raw_ex,146447296131,1785838944251587582,64187020698124,146447296131,238392
/localization/pose_estimator/pose_with_covariance,146447296131,1785838944254514491,64187023624365,146447296131,0
/control/command/control_cmd,146497296132,1785838944296125376,64187065235247,146497296132,80
/localization/kinematic_state,146497296132,1785838944296958545,64187066095197,146497296132,0
/localization/kinematic_state,146547296133,1785838944345714658,64187114824632,146547296133,0
/control/command/control_cmd,146547296133,1785838944345732521,64187114842134,146547296133,80
/sensing/lidar/top/pointcloud_raw_ex,146547296133,1785838944351304138,64187120414116,146547296133,239896
/localization/pose_estimator/pose_with_covariance,146547296133,1785838944354360498,64187123470273,146547296133,0
/localization/kinematic_state,146597296134,1785838944395898535,64187165008441,146597296134,0
/control/command/control_cmd,146597296134,1785838944395909889,64187165019503,146597296134,80
/control/command/control_cmd,146647296134,1785838944445745561,64187214855696,146647296134,80
/localization/kinematic_state,146647296134,1785838944446140541,64187215250296,146647296134,0
/sensing/lidar/top/pointcloud_raw_ex,146647296134,1785838944450902536,64187220012449,146647296134,235960
/localization/pose_estimator/pose_with_covariance,146647296134,1785838944453828292,64187222938059,146647296134,0
/control/command/control_cmd,146697296135,1785838944495550051,64187264660059,146697296135,80
/localization/kinematic_state,146697296135,1785838944495806783,64187264916477,146697296135,0
/localization/kinematic_state,146747296136,1785838944545469230,64187314579118,146747296136,0
/control/command/control_cmd,146747296136,1785838944546842839,64187315952810,146747296136,80
/sensing/lidar/top/pointcloud_raw_ex,146747296136,1785838944551510836,64187320620628,146747296136,239000
/localization/pose_estimator/pose_with_covariance,146747296136,1785838944554643489,64187323753216,146747296136,0
/control/command/control_cmd,146797296137,1785838944595571584,64187364681535,146797296137,80
/localization/kinematic_state,146797296137,1785838944595791155,64187364900916,146797296137,0
/control/command/control_cmd,146847296137,1785838944645855951,64187414966154,146847296137,80
/localization/kinematic_state,146847296137,1785838944645961220,64187415070851,146847296137,0
/sensing/lidar/top/pointcloud_raw_ex,146847296137,1785838944650532678,64187419642420,146847296137,237656
/localization/pose_estimator/pose_with_covariance,146847296137,1785838944653590106,64187422699902,146847296137,0
/control/command/control_cmd,146897296138,1785838944695456930,64187464566870,146897296138,80
/localization/kinematic_state,146897296138,1785838944695588673,64187464698424,146897296138,0
/localization/kinematic_state,146947296139,1785838944745333487,64187514443380,146947296139,0
/control/command/control_cmd,146947296139,1785838944745791361,64187514901413,146947296139,80
/sensing/lidar/top/pointcloud_raw_ex,146947296139,1785838944750932380,64187520042397,146947296139,235672
/localization/pose_estimator/pose_with_covariance,146947296139,1785838944753774310,64187522884100,146947296139,0
/localization/kinematic_state,146997296140,1785838944795840124,64187564949840,146997296140,0
/control/command/control_cmd,146997296140,1785838944795849303,64187564958903,146997296140,80
/localization/kinematic_state,147047296140,1785838944845594133,64187614703978,147047296140,0
/control/command/control_cmd,147047296140,1785838944846285194,64187615395084,147047296140,80
/sensing/lidar/top/pointcloud_raw_ex,147047296140,1785838944851164497,64187620274611,147047296140,239928
/localization/pose_estimator/pose_with_covariance,147047296140,1785838944854017841,64187623127542,147047296140,0
/control/command/control_cmd,147097296141,1785838944895896084,64187665005935,147097296141,80
/localization/kinematic_state,147097296141,1785838944896276876,64187665386675,147097296141,0
/localization/kinematic_state,147147296142,1785838944946189260,64187715299158,147147296142,0
/control/command/control_cmd,147147296142,1785838944946318936,64187715428637,147147296142,80
/sensing/lidar/top/pointcloud_raw_ex,147147296142,1785838944951806331,64187720916718,147147296142,238264
/localization/pose_estimator/pose_with_covariance,147147296142,1785838944954867940,64187723977746,147147296142,0
/localization/kinematic_state,147197296143,1785838944995926532,64187765036394,147197296143,0
/control/command/control_cmd,147197296143,1785838944995934201,64187765043799,147197296143,80
/control/command/control_cmd,147247296143,1785838945045448709,64187814558652,147247296143,80
/localization/kinematic_state,147247296143,1785838945045829971,64187814939775,147247296143,0
/sensing/lidar/top/pointcloud_raw_ex,147247296143,1785838945050466054,64187819576253,147247296143,238872
/localization/pose_estimator/pose_with_covariance,147247296143,1785838945053326196,64187822435877,147247296143,0
/control/command/control_cmd,147297296144,1785838945095781179,64187864891173,147297296144,80
/localization/kinematic_state,147297296144,1785838945095997669,64187865107484,147297296144,0
/control/command/control_cmd,147347296145,1785838945146090957,64187915201110,147347296145,80
/localization/kinematic_state,147347296145,1785838945146122979,64187915232616,147347296145,0
/sensing/lidar/top/pointcloud_raw_ex,147347296145,1785838945151259315,64187920369217,147347296145,236376
/localization/pose_estimator/pose_with_covariance,147347296145,1785838945154148414,64187923258149,147347296145,0
/localization/kinematic_state,147397296146,1785838945196015654,64187965125527,147397296146,0
/control/command/control_cmd,147397296146,1785838945196680208,64187965790006,147397296146,80
/localization/kinematic_state,147447296146,1785838945245736871,64188014846796,147447296146,0
/control/command/control_cmd,147447296146,1785838945245782925,64188014892566,147447296146,80
/sensing/lidar/top/pointcloud_raw_ex,147447296146,1785838945250850520,64188019960830,147447296146,235832
/localization/pose_estimator/pose_with_covariance,147447296146,1785838945253837708,64188022947725,147447296146,0
/localization/kinematic_state,147497296147,1785838945296221340,64188065331209,147497296147,0
/control/command/control_cmd,147497296147,1785838945296471730,64188065581470,147497296147,80
/localization/kinematic_state,147547296148,1785838945345301970,64188114411715,147547296148,0
/control/command/control_cmd,147547296148,1785838945345820264,64188114929924,147547296148,80
/sensing/lidar/top/pointcloud_raw_ex,147547296148,1785838945350675206,64188119785040,147547296148,236408
/localization/pose_estimator/pose_with_covariance,147547296148,1785838945353752270,64188122862038,147547296148,0
/localization/kinematic_state,147597296149,1785838945395846653,64188164956459,147597296149,0
/control/command/control_cmd,147597296149,1785838945396697894,64188165807714,147597296149,80
/localization/kinematic_state,147647296149,1785838945445563991,64188214673888,147647296149,0
/control/command/control_cmd,147647296149,1785838945445574421,64188214684023,147647296149,80
/sensing/lidar/top/pointcloud_raw_ex,147647296149,1785838945450343786,64188219453697,147647296149,235960
/localization/pose_estimator/pose_with_covariance,147647296149,1785838945453196156,64188222305920,147647296149,0
/control/command/control_cmd,147697296150,1785838945495576918,64188264686715,147697296150,80
/localization/kinematic_state,147697296150,1785838945495668180,64188264777837,147697296150,0
/localization/kinematic_state,147747296151,1785838945545490547,64188314600301,147747296151,0
/control/command/control_cmd,147747296151,1785838945546095262,64188315205195,147747296151,80
/sensing/lidar/top/pointcloud_raw_ex,147747296151,1785838945550548629,64188319658451,147747296151,237112
/localization/pose_estimator/pose_with_covariance,147747296151,1785838945554005796,64188323115614,147747296151,0
/localization/kinematic_state,147797296152,1785838945596066210,64188365176089,147797296152,0
/control/command/control_cmd,147797296152,1785838945596481087,64188365590908,147797296152,80
/localization/kinematic_state,147847296152,1785838945645984317,64188415094259,147847296152,0
/control/command/control_cmd,147847296152,1785838945646057217,64188415167116,147847296152,80
/sensing/lidar/top/pointcloud_raw_ex,147847296152,1785838945650939221,64188420049698,147847296152,239288
/localization/pose_estimator/pose_with_covariance,147847296152,1785838945653748987,64188422858730,147847296152,0
/localization/kinematic_state,147897296153,1785838945695789147,64188464898941,147897296153,0
/control/command/control_cmd,147897296153,1785838945696923832,64188466033595,147897296153,80
/localization/kinematic_state,147947296154,1785838945745864292,64188514974140,147947296154,0
/control/command/control_cmd,147947296154,1785838945746098739,64188515208468,147947296154,80
/sensing/lidar/top/pointcloud_raw_ex,147947296154,1785838945751416513,64188520526350,147947296154,239960
/localization/pose_estimator/pose_with_covariance,147947296154,1785838945755744252,64188524854755,147947296154,0
/control/command/control_cmd,147997296155,1785838945795583734,64188564693649,147997296155,80
/localization/kinematic_state,147997296155,1785838945796039084,64188565148781,147997296155,0
/control/command/control_cmd,148047296155,1785838945845915079,64188615025113,148047296155,80
/localization/kinematic_state,148047296155,1785838945846477530,64188615587298,148047296155,0
/sensing/lidar/top/pointcloud_raw_ex,148047296155,1785838945851779942,64188620889815,148047296155,238904
/localization/pose_estimator/pose_with_covariance,148047296155,1785838945854813184,64188623923012,148047296155,0
/localization/kinematic_state,148097296156,1785838945895371470,64188664481240,148097296156,0
/control/command/control_cmd,148097296156,1785838945895746353,64188664856239,148097296156,80
/localization/kinematic_state,148147296157,1785838945945548240,64188714658246,148147296157,0
/control/command/control_cmd,148147296157,1785838945946274962,64188715384841,148147296157,80
/sensing/lidar/top/pointcloud_raw_ex,148147296157,1785838945950604574,64188719714803,148147296157,240376
/localization/pose_estimator/pose_with_covariance,148147296157,1785838945953609487,64188722719264,148147296157,0
/localization/kinematic_state,148197296157,1785838945995707256,64188764817097,148197296157,0
/control/command/control_cmd,148197296157,1785838945995714693,64188764824305,148197296157,80
/control/command/control_cmd,148247296158,1785838946045748407,64188814858703,148247296158,80
/localization/kinematic_state,148247296158,1785838946045876294,64188814986159,148247296158,0
/sensing/lidar/top/pointcloud_raw_ex,148247296158,1785838946051207801,64188820318173,148247296158,240760
/localization/pose_estimator/pose_with_covariance,148247296158,1785838946054082159,64188823191942,148247296158,0
/localization/kinematic_state,148297296159,1785838946095618211,64188864728230,148297296159,0
/control/command/control_cmd,148297296159,1785838946095626588,64188864736199,148297296159,80
/localization/kinematic_state,148347296160,1785838946145629034,64188914739070,148347296160,0
/control/command/control_cmd,148347296160,1785838946146279507,64188915389403,148347296160,80
/sensing/lidar/top/pointcloud_raw_ex,148347296160,1785838946151094622,64188920204593,148347296160,238552
/localization/pose_estimator/pose_with_covariance,148347296160,1785838946154770170,64188923879881,148347296160,0
/localization/kinematic_state,148397296160,1785838946196073324,64188965183076,148397296160,0
/control/command/control_cmd,148397296160,1785838946196087547,64188965197168,148397296160,80
/localization/kinematic_state,148447296161,1785838946245218917,64189014329047,148447296161,0
/control/command/control_cmd,148447296161,1785838946246240506,64189015350366,148447296161,80
/sensing/lidar/top/pointcloud_raw_ex,148447296161,1785838946250155247,64189019265368,148447296161,238936
/localization/pose_estimator/pose_with_covariance,148447296161,1785838946253194117,64189022303856,148447296161,0
/control/command/control_cmd,148497296162,1785838946296101073,64189065210965,148497296162,80
/localization/kinematic_state,148497296162,1785838946296346265,64189065456023,148497296162,0
/localization/kinematic_state,148547296163,1785838946345716615,64189114826361,148547296163,0
/control/command/control_cmd,148547296163,1785838946346528495,64189115638490,148547296163,80
/sensing/lidar/top/pointcloud_raw_ex,148547296163,1785838946351018995,64189120128965,148547296163,241112
/localization/pose_estimator/pose_with_covariance,148547296163,1785838946354622206,64189123731927,148547296163,0
/control/command/control_cmd,148597296163,1785838946396150802,64189165260718,148597296163,80
/localization/kinematic_state,148597296163,1785838946396367945,64189165477667,148597296163,0
/localization/kinematic_state,148647296164,1785838946446418405,64189215528400,148647296164,0
/control/command/control_cmd,148647296164,1785838946446708110,64189215817933,148647296164,80
/sensing/lidar/top/pointcloud_raw_ex,148647296164,1785838946450873040,64189219983091,148647296164,241016
/localization/pose_estimator/pose_with_covariance,148647296164,1785838946453779084,64189222888862,148647296164,0
/localization/kinematic_state,148697296165,1785838946495389480,64189264499467,148697296165,0
/control/command/control_cmd,148697296165,1785838946495669852,64189264779512,148697296165,80
/control/command/control_cmd,148747296166,1785838946546463380,64189315573318,148747296166,80
/localization/kinematic_state,148747296166,1785838946546803207,64189315913030,148747296166,0
/sensing/lidar/top/pointcloud_raw_ex,148747296166,1785838946551906427,64189321016450,148747296166,238296
/localization/pose_estimator/pose_with_covariance,148747296166,1785838946555240456,64189324350334,148747296166,0
/localization/kinematic_state,148797296166,1785838946596142245,64189365252131,148797296166,0
/control/command/control_cmd,148797296166,1785838946596161367,64189365270993,148797296166,80
/localization/kinematic_state,148847296167,1785838946646141578,64189415251327,148847296167,0
/control/command/control_cmd,148847296167,1785838946646151370,64189415260980,148847296167,80
/sensing/lidar/top/pointcloud_raw_ex,148847296167,1785838946651388957,64189420499082,148847296167,236152
/localization/pose_estimator/pose_with_covariance,148847296167,1785838946654400316,64189423510042,148847296167,0
/localization/kinematic_state,148897296168,1785838946696054169,64189465164023,148897296168,0
/control/command/control_cmd,148897296168,1785838946696365504,64189465475350,148897296168,80
/localization/kinematic_state,148947296169,1785838946745716144,64189514826103,148947296169,0
/control/command/control_cmd,148947296169,1785838946746064462,64189515174369,148947296169,80
/sensing/lidar/top/pointcloud_raw_ex,148947296169,1785838946751474142,64189520583977,148947296169,235896
/localization/pose_estimator/pose_with_covariance,148947296169,1785838946754543392,64189523653163,148947296169,0
/localization/kinematic_state,148997296169,1785838946795998491,64189565108454,148997296169,0
/control/command/control_cmd,148997296169,1785838946796012828,64189565122507,148997296169,80
/localization/kinematic_state,149047296170,1785838946846243560,64189615353276,149047296170,0
/control/command/control_cmd,149047296170,1785838946846698673,64189615808428,149047296170,80
/sensing/lidar/top/pointcloud_raw_ex,149047296170,1785838946851417127,64189620527051,149047296170,239352
/localization/pose_estimator/pose_with_covariance,149047296170,1785838946854588707,64189623698417,149047296170,0
/localization/kinematic_state,149097296171,1785838946895717464,64189664827318,149097296171,0
/control/command/control_cmd,149097296171,1785838946895926051,64189665035801,149097296171,80
/localization/kinematic_state,149147296172,1785838946946213055,64189715322915,149147296172,0
/control/command/control_cmd,149147296172,1785838946946415724,64189715525568,149147296172,80
/sensing/lidar/top/pointcloud_raw_ex,149147296172,1785838946952013276,64189721123414,149147296172,238904
/localization/pose_estimator/pose_with_covariance,149147296172,1785838946954961977,64189724071831,149147296172,0
/localization/kinematic_state,149197296172,1785838946995883659,64189764993505,149197296172,0
/control/command/control_cmd,149197296172,1785838946995894154,64189765003759,149197296172,80
/localization/kinematic_state,149247296173,1785838947046402333,64189815512034,149247296173,0
/control/command/control_cmd,149247296173,1785838947046417084,64189815526720,149247296173,80
/sensing/lidar/top/pointcloud_raw_ex,149247296173,1785838947051984588,64189821094729,149247296173,237464
/localization/pose_estimator/pose_with_covariance,149247296173,1785838947055162976,64189824272984,149247296173,0
/localization/kinematic_state,149297296174,1785838947096080009,64189865189958,149297296174,0
/control/command/control_cmd,149297296174,1785838947096099605,64189865209229,149297296174,80
/localization/kinematic_state,149347296175,1785838947145812435,64189914922202,149347296175,0
/control/command/control_cmd,149347296175,1785838947146721885,64189915831533,149347296175,80
/sensing/lidar/top/pointcloud_raw_ex,149347296175,1785838947150878850,64189919988672,149347296175,237912
/localization/pose_estimator/pose_with_covariance,149347296175,1785838947153684829,64189922794606,149347296175,0
/control/command/control_cmd,149397296175,1785838947195917903,64189965027636,149397296175,80
/localization/kinematic_state,149397296175,1785838947196038931,64189965148582,149397296175,0
/control/command/control_cmd,149447296176,1785838947246045022,64190015154875,149447296176,80
/localization/kinematic_state,149447296176,1785838947246372371,64190015482044,149447296176,0
/sensing/lidar/top/pointcloud_raw_ex,149447296176,1785838947252227435,64190021337242,149447296176,240376
/localization/pose_estimator/pose_with_covariance,149447296176,1785838947256027079,64190025136914,149447296176,0
/localization/kinematic_state,149497296177,1785838947295813241,64190064923105,149497296177,0
/control/command/control_cmd,149497296177,1785838947295821883,64190064931511,149497296177,80
/localization/kinematic_state,149547296178,1785838947345519523,64190114629367,149547296178,0
/control/command/control_cmd,149547296178,1785838947345862731,64190114972649,149547296178,80
/sensing/lidar/top/pointcloud_raw_ex,149547296178,1785838947352083543,64190121193733,149547296178,240888
/localization/pose_estimator/pose_with_covariance,149547296178,1785838947354889441,64190123999182,149547296178,0
/control/command/control_cmd,149597296178,1785838947395402854,64190164512648,149597296178,80
/localization/kinematic_state,149597296178,1785838947395564350,64190164674003,149597296178,0
/control/command/control_cmd,149647296179,1785838947445883272,64190214993285,149647296179,80
/localization/kinematic_state,149647296179,1785838947446166507,64190215276235,149647296179,0
/sensing/lidar/top/pointcloud_raw_ex,149647296179,1785838947450822275,64190219932340,149647296179,239256
/localization/pose_estimator/pose_with_covariance,149647296179,1785838947453609992,64190222719772,149647296179,0
/control/command/control_cmd,149697296180,1785838947496036219,64190265146329,149697296180,80
/localization/kinematic_state,149697296180,1785838947496216499,64190265326312,149697296180,0
/localization/kinematic_state,149747296181,1785838947546469897,64190315579732,149747296181,0
/control/command/control_cmd,149747296181,1785838947547369090,64190316478834,149747296181,80
/sensing/lidar/top/pointcloud_raw_ex,149747296181,1785838947552067984,64190321178297,149747296181,240952
/localization/pose_estimator/pose_with_covariance,149747296181,1785838947554895472,64190324005355,149747296181,0
/localization/kinematic_state,149797296181,1785838947595780788,64190364890666,149797296181,0
/control/command/control_cmd,149797296181,1785838947596160305,64190365269959,149797296181,80
/localization/kinematic_state,149847296182,1785838947644971114,64190414080912,149847296182,0
/control/command/control_cmd,149847296182,1785838947646309511,64190415419543,149847296182,80
/sensing/lidar/top/pointcloud_raw_ex,149847296182,1785838947650168171,64190419277996,149847296182,240312
/localization/pose_estimator/pose_with_covariance,149847296182,1785838947653026860,64190422136597,149847296182,0
/localization/kinematic_state,149897296183,1785838947695308233,64190464418011,149897296183,0
/control/command/control_cmd,149897296183,1785838947695577783,64190464687696,149897296183,80
/localization/kinematic_state,149947296184,1785838947746294629,64190515404750,149947296184,0
/control/command/control_cmd,149947296184,1785838947746305845,64190515415458,149947296184,80
/sensing/lidar/top/pointcloud_raw_ex,149947296184,1785838947751635373,64190520745345,149947296184,240728
/localization/pose_estimator/pose_with_covariance,149947296184,1785838947754533554,64190523643339,149947296184,0
/localization/kinematic_state,149997296184,1785838947795494773,64190564604548,149997296184,0
/control/command/control_cmd,149997296184,1785838947796749901,64190565859689,149997296184,80
/localization/kinematic_state,150047296185,1785838947845491625,64190614601476,150047296185,0
/control/command/control_cmd,150047296185,1785838947846343591,64190615453468,150047296185,80
/sensing/lidar/top/pointcloud_raw_ex,150047296185,1785838947850970904,64190620080732,150047296185,241304
/localization/pose_estimator/pose_with_covariance,150047296185,1785838947854098881,64190623208646,150047296185,0
/localization/kinematic_state,150097296186,1785838947895385987,64190664495827,150097296186,0
/control/command/control_cmd,150097296186,1785838947895734402,64190664844116,150097296186,80
/localization/kinematic_state,150147296187,1785838947945397565,64190714507341,150147296187,0
/control/command/control_cmd,150147296187,1785838947945863747,64190714973504,150147296187,80
/sensing/lidar/top/pointcloud_raw_ex,150147296187,1785838947951005610,64190720115977,150147296187,241304
/localization/pose_estimator/pose_with_covariance,150147296187,1785838947954365674,64190723475449,150147296187,0
/localization/kinematic_state,150197296187,1785838947995988798,64190765098700,150197296187,0
/control/command/control_cmd,150197296187,1785838947995999130,64190765108752,150197296187,80
/localization/kinematic_state,150247296188,1785838948045962556,64190815072657,150247296188,0
/control/command/control_cmd,150247296188,1785838948047754905,64190816864827,150247296188,80
/sensing/lidar/top/pointcloud_raw_ex,150247296188,1785838948051841161,64190820951164,150247296188,240888
/localization/pose_estimator/pose_with_covariance,150247296188,1785838948054805799,64190823915672,150247296188,0
/control/command/control_cmd,150297296189,1785838948095930043,64190865040024,150297296189,80
/localization/kinematic_state,150297296189,1785838948096005930,64190865115669,150297296189,0
/control/command/control_cmd,150347296190,1785838948145920205,64190915030012,150347296190,80
/localization/kinematic_state,150347296190,1785838948146158358,64190915268080,150347296190,0
/sensing/lidar/top/pointcloud_raw_ex,150347296190,1785838948150836778,64190919946878,150347296190,238328
/localization/pose_estimator/pose_with_covariance,150347296190,1785838948153475675,64190922585575,150347296190,0
/localization/kinematic_state,150397296190,1785838948196308795,64190965418543,150397296190,0
/control/command/control_cmd,150397296190,1785838948196317929,64190965427553,150397296190,80
/localization/kinematic_state,150447296191,1785838948245398234,64191014508186,150447296191,0
/control/command/control_cmd,150447296191,1785838948246001780,64191015111612,150447296191,80
/sensing/lidar/top/pointcloud_raw_ex,150447296191,1785838948251109361,64191020219286,150447296191,241272
/localization/pose_estimator/pose_with_covariance,150447296191,1785838948253947331,64191023057214,150447296191,0
/localization/kinematic_state,150497296192,1785838948295864151,64191064973895,150497296192,0
/control/command/control_cmd,150497296192,1785838948295914504,64191065024171,150497296192,80
/localization/kinematic_state,150547296193,1785838948345348588,64191114458512,150547296193,0
/control/command/control_cmd,150547296193,1785838948347080653,64191116190395,150547296193,80
/sensing/lidar/top/pointcloud_raw_ex,150547296193,1785838948350627018,64191119736931,150547296193,237976
/localization/pose_estimator/pose_with_covariance,150547296193,1785838948353401408,64191122511125,150547296193,0
/localization/kinematic_state,150597296193,1785838948396224171,64191165333996,150597296193,0
/control/command/control_cmd,150597296193,1785838948396232310,64191165341914,150597296193,80
/localization/kinematic_state,150647296194,1785838948446327690,64191215437530,150647296194,0
/control/command/control_cmd,150647296194,1785838948446606262,64191215715996,150647296194,80
/sensing/lidar/top/pointcloud_raw_ex,150647296194,1785838948451974696,64191221084629,150647296194,237848
/localization/pose_estimator/pose_with_covariance,150647296194,1785838948455550687,64191224695668,150647296194,0
/localization/kinematic_state,150697296195,1785838948496392671,64191265502464,150697296195,0
/control/command/control_cmd,150697296195,1785838948496514622,64191265624311,150697296195,80
/localization/kinematic_state,150747296195,1785838948545587218,64191314697234,150747296195,0
/control/command/control_cmd,150747296195,1785838948546402667,64191315512528,150747296195,80
/sensing/lidar/top/pointcloud_raw_ex,150747296195,1785838948550689452,64191319799433,150747296195,238712
/localization/pose_estimator/pose_with_covariance,150747296195,1785838948553657657,64191322767655,150747296195,0
/control/command/control_cmd,150797296196,1785838948596475672,64191365585596,150797296196,80
/localization/kinematic_state,150797296196,1785838948597010289,64191366120047,150797296196,0
/control/command/control_cmd,150847296197,1785838948646999569,64191416109715,150847296197,80
/localization/kinematic_state,150847296197,1785838948649227214,64191418336936,150847296197,0
/sensing/lidar/top/pointcloud_raw_ex,150847296197,1785838948651720863,64191420830569,150847296197,237432
/localization/pose_estimator/pose_with_covariance,150847296197,1785838948654435959,64191423545817,150847296197,0
/localization/kinematic_state,150897296198,1785838948695920421,64191465030223,150897296198,0
/control/command/control_cmd,150897296198,1785838948695995769,64191465105546,150897296198,80
/localization/kinematic_state,150947296198,1785838948745734124,64191514843983,150947296198,0
/control/command/control_cmd,150947296198,1785838948745784295,64191514894040,150947296198,80
/sensing/lidar/top/pointcloud_raw_ex,150947296198,1785838948750633144,64191519742894,150947296198,235032
/localization/pose_estimator/pose_with_covariance,150947296198,1785838948753686214,64191522795959,150947296198,0
/localization/kinematic_state,150997296199,1785838948796833124,64191565943284,150997296199,0
/control/command/control_cmd,150997296199,1785838948796849421,64191565959216,150997296199,80
/localization/kinematic_state,151047296200,1785838948845537554,64191614647363,151047296200,0
/control/command/control_cmd,151047296200,1785838948846273595,64191615383396,151047296200,80
/sensing/lidar/top/pointcloud_raw_ex,151047296200,1785838948851759979,64191620869960,151047296200,237208
/localization/pose_estimator/pose_with_covariance,151047296200,1785838948854549941,64191623659829,151047296200,0
/control/command/control_cmd,151097296201,1785838948895841026,64191664950917,151097296201,80
/localization/kinematic_state,151097296201,1785838948895983648,64191665093303,151097296201,0
/localization/kinematic_state,151147296201,1785838948945932934,64191715042836,151147296201,0
/control/command/control_cmd,151147296201,1785838948946319187,64191715428952,151147296201,80
/sensing/lidar/top/pointcloud_raw_ex,151147296201,1785838948952105408,64191721215455,151147296201,237144
/localization/pose_estimator/pose_with_covariance,151147296201,1785838948955886770,64191724996654,151147296201,0
/control/command/control_cmd,151197296202,1785838948995983329,64191765093485,151197296202,80
/localization/kinematic_state,151197296202,1785838948996086035,64191765195813,151197296202,0
/localization/kinematic_state,151247296203,1785838949045290420,64191814400266,151247296203,0
/control/command/control_cmd,151247296203,1785838949045679548,64191814789279,151247296203,80
/sensing/lidar/top/pointcloud_raw_ex,151247296203,1785838949051061462,64191820171917,151247296203,239480
/localization/pose_estimator/pose_with_covariance,151247296203,1785838949053823765,64191822933524,151247296203,0
/control/command/control_cmd,151297296204,1785838949095417147,64191864526951,151297296204,80
/localization/kinematic_state,151297296204,1785838949095774795,64191864884507,151297296204,0
/control/command/control_cmd,151347296204,1785838949145326690,64191914436674,151347296204,80
/localization/kinematic_state,151347296204,1785838949145600174,64191914710149,151347296204,0
/sensing/lidar/top/pointcloud_raw_ex,151347296204,1785838949150622778,64191919732625,151347296204,240664
/localization/pose_estimator/pose_with_covariance,151347296204,1785838949153350643,64191922460377,151347296204,0
/localization/kinematic_state,151397296205,1785838949195528207,64191964637938,151397296205,0
/control/command/control_cmd,151397296205,1785838949195623691,64191964733325,151397296205,80
/localization/kinematic_state,151447296206,1785838949245297287,64192014407045,151447296206,0
/control/command/control_cmd,151447296206,1785838949246065705,64192015175547,151447296206,80
/sensing/lidar/top/pointcloud_raw_ex,151447296206,1785838949252005844,64192021115715,151447296206,235640
/localization/pose_estimator/pose_with_covariance,151447296206,1785838949254666103,64192023775905,151447296206,0
/control/command/control_cmd,151497296207,1785838949296359971,64192065470156,151497296207,80
/localization/kinematic_state,151497296207,1785838949296901523,64192066011305,151497296207,0
/control/command/control_cmd,151547296207,1785838949345569355,64192114679409,151547296207,80
/localization/kinematic_state,151547296207,1785838949345602781,64192114712386,151547296207,0
/sensing/lidar/top/pointcloud_raw_ex,151547296207,1785838949350590159,64192119699873,151547296207,237304
/localization/pose_estimator/pose_with_covariance,151547296207,1785838949353383245,64192122493111,151547296207,0
/localization/kinematic_state,151597296208,1785838949395747684,64192164857545,151597296208,0
/control/command/control_cmd,151597296208,1785838949396282010,64192165391881,151597296208,80
/localization/kinematic_state,151647296209,1785838949445374388,64192214484337,151647296209,0
/control/command/control_cmd,151647296209,1785838949445806182,64192214916024,151647296209,80
/sensing/lidar/top/pointcloud_raw_ex,151647296209,1785838949452476917,64192221587155,151647296209,240664
/localization/pose_estimator/pose_with_covariance,151647296209,1785838949455631655,64192224741389,151647296209,0
/control/command/control_cmd,151697296210,1785838949496121630,64192265231451,151697296210,80
/localization/kinematic_state,151697296210,1785838949496480080,64192265589845,151697296210,0
/localization/kinematic_state,151747296210,1785838949545666019,64192314775860,151747296210,0
/control/command/control_cmd,151747296210,1785838949546905832,64192316015524,151747296210,80
/sensing/lidar/top/pointcloud_raw_ex,151747296210,1785838949550928567,64192320038266,151747296210,237272
/localization/pose_estimator/pose_with_covariance,151747296210,1785838949554748691,64192323858600,151747296210,0
/localization/kinematic_state,151797296211,1785838949596646129,64192365756056,151797296211,0
/control/command/control_cmd,151797296211,1785838949596656375,64192365765994,151797296211,80
/localization/kinematic_state,151847296212,1785838949646277622,64192415387431,151847296212,0
/control/command/control_cmd,151847296212,1785838949646984964,64192416094774,151847296212,80
/sensing/lidar/top/pointcloud_raw_ex,151847296212,1785838949650885641,64192419995465,151847296212,239256
/localization/pose_estimator/pose_with_covariance,151847296212,1785838949653850735,64192422960519,151847296212,0
/localization/kinematic_state,151897296213,1785838949696025829,64192465135589,151897296213,0
/control/command/control_cmd,151897296213,1785838949696433548,64192465543436,151897296213,80
/localization/kinematic_state,151947296213,1785838949745646905,64192514756776,151947296213,0
/control/command/control_cmd,151947296213,1785838949746526710,64192515636823,151947296213,80
/sensing/lidar/top/pointcloud_raw_ex,151947296213,1785838949751492728,64192520602670,151947296213,235832
/localization/pose_estimator/pose_with_covariance,151947296213,1785838949754587544,64192523697350,151947296213,0
/localization/kinematic_state,151997296214,1785838949796744527,64192565854862,151997296214,0
/control/command/control_cmd,151997296214,1785838949797085414,64192566195206,151997296214,80
/localization/kinematic_state,152047296215,1785838949845678487,64192614788332,152047296215,0
/control/command/control_cmd,152047296215,1785838949846456015,64192615565852,152047296215,80
/sensing/lidar/top/pointcloud_raw_ex,152047296215,1785838949851724530,64192620834371,152047296215,238872
/localization/pose_estimator/pose_with_covariance,152047296215,1785838949854608418,64192623718153,152047296215,0
/localization/kinematic_state,152097296216,1785838949895591841,64192664701688,152097296216,0
/control/command/control_cmd,152097296216,1785838949895846478,64192664956410,152097296216,80
/localization/kinematic_state,152147296216,1785838949945540478,64192714650211,152147296216,0
/control/command/control_cmd,152147296216,1785838949946035402,64192715145151,152147296216,80
/sensing/lidar/top/pointcloud_raw_ex,152147296216,1785838949951174919,64192720284717,152147296216,236632
/localization/pose_estimator/pose_with_covariance,152147296216,1785838949954123324,64192723233096,152147296216,0
/localization/kinematic_state,152197296217,1785838949995883432,64192764993298,152197296217,0
/control/command/control_cmd,152197296217,1785838949995904999,64192765014648,152197296217,80
/localization/kinematic_state,152247296218,1785838950045336394,64192814446339,152247296218,0
/control/command/control_cmd,152247296218,1785838950047089066,64192816199024,152247296218,80
/sensing/lidar/top/pointcloud_raw_ex,152247296218,1785838950050899121,64192820009067,152247296218,236504
/localization/pose_estimator/pose_with_covariance,152247296218,1785838950053822288,64192822932132,152247296218,0
/localization/kinematic_state,152297296219,1785838950095886146,64192864995931,152297296219,0
/control/command/control_cmd,152297296219,1785838950096115632,64192865225286,152297296219,80
/localization/kinematic_state,152347296219,1785838950146240995,64192915350992,152347296219,0
/control/command/control_cmd,152347296219,1785838950146249766,64192915359395,152347296219,80
/sensing/lidar/top/pointcloud_raw_ex,152347296219,1785838950151561065,64192920671103,152347296219,239768
/localization/pose_estimator/pose_with_covariance,152347296219,1785838950154310447,64192923420239,152347296219,0
/control/command/control_cmd,152397296220,1785838950195900116,64192965010504,152397296220,80
/localization/kinematic_state,152397296220,1785838950196330297,64192965440114,152397296220,0
/localization/kinematic_state,152447296221,1785838950245435643,64193014545410,152447296221,0
/control/command/control_cmd,152447296221,1785838950245617872,64193014727793,152447296221,80
/sensing/lidar/top/pointcloud_raw_ex,152447296221,1785838950251089670,64193020199701,152447296221,239160
/localization/pose_estimator/pose_with_covariance,152447296221,1785838950253886765,64193022996729,152447296221,0
/control/command/control_cmd,152497296222,1785838950295745894,64193064855790,152497296222,80
/localization/kinematic_state,152497296222,1785838950296730517,64193065840250,152497296222,0
/localization/kinematic_state,152547296222,1785838950345684555,64193114794290,152547296222,0
/control/command/control_cmd,152547296222,1785838950345734613,64193114844427,152547296222,80
/sensing/lidar/top/pointcloud_raw_ex,152547296222,1785838950350782197,64193119892259,152547296222,240504
/localization/pose_estimator/pose_with_covariance,152547296222,1785838950354338468,64193123448437,152547296222,0
/control/command/control_cmd,152597296223,1785838950395939691,64193165049705,152597296223,80
/localization/kinematic_state,152597296223,1785838950396023460,64193165133258,152597296223,0
/control/command/control_cmd,152647296224,1785838950445941982,64193215051916,152647296224,80
/localization/kinematic_state,152647296224,1785838950446915473,64193216025541,152647296224,0
/sensing/lidar/top/pointcloud_raw_ex,152647296224,1785838950451386225,64193220496264,152647296224,240216
/localization/pose_estimator/pose_with_covariance,152647296224,1785838950454102033,64193223211819,152647296224,0
/localization/kinematic_state,152697296225,1785838950495758757,64193264868512,152697296225,0
/control/command/control_cmd,152697296225,1785838950495853564,64193264963504,152697296225,80
/control/command/control_cmd,152747296225,1785838950546377168,64193315487350,152747296225,80
/localization/kinematic_state,152747296225,1785838950546547203,64193315656862,152747296225,0
/sensing/lidar/top/pointcloud_raw_ex,152747296225,1785838950552101836,64193321211694,152747296225,239768
/localization/pose_estimator/pose_with_covariance,152747296225,1785838950555048926,64193324158693,152747296225,0
/localization/kinematic_state,152797296226,1785838950596697683,64193365807534,152797296226,0
/control/command/control_cmd,152797296226,1785838950596995999,64193366105892,152797296226,80
/localization/kinematic_state,152847296227,1785838950645587540,64193414697332,152847296227,0
/control/command/control_cmd,152847296227,1785838950645885017,64193414994862,152847296227,80
/sensing/lidar/top/pointcloud_raw_ex,152847296227,1785838950651507535,64193420617562,152847296227,237656
/localization/pose_estimator/pose_with_covariance,152847296227,1785838950654677043,64193423786929,152847296227,0
/localization/kinematic_state,152897296228,1785838950695657624,64193464767398,152897296228,0
/control/command/control_cmd,152897296228,1785838950696037610,64193465147440,152897296228,80
/localization/kinematic_state,152947296228,1785838950745866291,64193514976186,152947296228,0
/control/command/control_cmd,152947296228,1785838950746906223,64193516016130,152947296228,80
/sensing/lidar/top/pointcloud_raw_ex,152947296228,1785838950750564273,64193519674025,152947296228,237880
/localization/pose_estimator/pose_with_covariance,152947296228,1785838950753211293,64193522321069,152947296228,0
/control/command/control_cmd,152997296229,1785838950796022478,64193565132261,152997296229,80
/localization/kinematic_state,152997296229,1785838950796505496,64193565615247,152997296229,0
/control/command/control_cmd,153047296230,1785838950847868786,64193616979053,153047296230,80
/localization/kinematic_state,153047296230,1785838950848885651,64193617995411,153047296230,0
/sensing/lidar/top/pointcloud_raw_ex,153047296230,1785838950851657810,64193620767736,153047296230,239416
/localization/pose_estimator/pose_with_covariance,153047296230,1785838950855004885,64193624114615,153047296230,0
/localization/kinematic_state,153097296231,1785838950895879256,64193664988945,153097296231,0
/control/command/control_cmd,153097296231,1785838950895968805,64193665078752,153097296231,80
/control/command/control_cmd,153147296231,1785838950945943823,64193715053670,153147296231,80
/localization/kinematic_state,153147296231,1785838950946500671,64193715610428,153147296231,0
/sensing/lidar/top/pointcloud_raw_ex,153147296231,1785838950951239557,64193720349653,153147296231,239192
/localization/pose_estimator/pose_with_covariance,153147296231,1785838950954087123,64193723196813,153147296231,0
/control/command/control_cmd,153197296232,1785838950996166807,64193765276666,153197296232,80
/localization/kinematic_state,153197296232,1785838950996197376,64193765306990,153197296232,0
/localization/kinematic_state,153247296233,1785838951045593345,64193814703240,153247296233,0
/control/command/control_cmd,153247296233,1785838951046060114,64193815170147,153247296233,80
/sensing/lidar/top/pointcloud_raw_ex,153247296233,1785838951051808521,64193820918805,153247296233,238424
/localization/pose_estimator/pose_with_covariance,153247296233,1785838951054874305,64193823984153,153247296233,0
/localization/kinematic_state,153297296233,1785838951095440256,64193864550094,153297296233,0
/control/command/control_cmd,153297296233,1785838951097005575,64193866115460,153297296233,80
/control/command/control_cmd,153347296234,1785838951145595599,64193914705674,153347296234,80
/localization/kinematic_state,153347296234,1785838951145940633,64193915050400,153347296234,0
/sensing/lidar/top/pointcloud_raw_ex,153347296234,1785838951150297804,64193919408003,153347296234,238264
/localization/pose_estimator/pose_with_covariance,153347296234,1785838951153138986,64193922248835,153347296234,0
/control/command/control_cmd,153397296235,1785838951195838552,64193964948500,153397296235,80
/localization/kinematic_state,153397296235,1785838951195900329,64193965009994,153397296235,0
/control/command/control_cmd,153447296236,1785838951245670755,64194014780543,153447296236,80
/localization/kinematic_state,153447296236,1785838951246420967,64194015530751,153447296236,0
/sensing/lidar/top/pointcloud_raw_ex,153447296236,1785838951251692368,64194020802220,153447296236,240152
/localization/pose_estimator/pose_with_covariance,153447296236,1785838951254589506,64194023699201,153447296236,0
/localization/kinematic_state,153497296236,1785838951295485622,64194064595519,153497296236,0
/control/command/control_cmd,153497296236,1785838951295954048,64194065063876,153497296236,80
/localization/kinematic_state,153547296237,1785838951345983914,64194115093831,153547296237,0
/control/command/control_cmd,153547296237,1785838951345994770,64194115104398,153547296237,80
/sensing/lidar/top/pointcloud_raw_ex,153547296237,1785838951350646971,64194119757044,153547296237,237784
/localization/pose_estimator/pose_with_covariance,153547296237,1785838951353389575,64194122499362,153547296237,0
/localization/kinematic_state,153597296238,1785838951395961226,64194165071080,153597296238,0
/control/command/control_cmd,153597296238,1785838951396166867,64194165276520,153597296238,80
/control/command/control_cmd,153647296239,1785838951445514538,64194214624543,153647296239,80
/localization/kinematic_state,153647296239,1785838951445667762,64194214777468,153647296239,0
/sensing/lidar/top/pointcloud_raw_ex,153647296239,1785838951451511019,64194220621045,153647296239,237848
/localization/pose_estimator/pose_with_covariance,153647296239,1785838951454278073,64194223387964,153647296239,0
/localization/kinematic_state,153697296239,1785838951495597665,64194264707515,153697296239,0
/control/command/control_cmd,153697296239,1785838951495633965,64194264743576,153697296239,80
/localization/kinematic_state,153747296240,1785838951545452766,64194314562639,153747296240,0
/control/command/control_cmd,153747296240,1785838951546215850,64194315325680,153747296240,80
/sensing/lidar/top/pointcloud_raw_ex,153747296240,1785838951550589594,64194319699501,153747296240,238456
/localization/pose_estimator/pose_with_covariance,153747296240,1785838951553191484,64194322301253,153747296240,0
/localization/kinematic_state,153797296241,1785838951595440851,64194364550664,153797296241,0
/control/command/control_cmd,153797296241,1785838951595822374,64194364932237,153797296241,80
/control/command/control_cmd,153847296242,1785838951645760728,64194414870630,153847296242,80
/localization/kinematic_state,153847296242,1785838951645847292,64194414957068,153847296242,0
/sensing/lidar/top/pointcloud_raw_ex,153847296242,1785838951651480686,64194420590857,153847296242,235768
/localization/pose_estimator/pose_with_covariance,153847296242,1785838951654607783,64194423717566,153847296242,0
/localization/kinematic_state,153897296242,1785838951695785704,64194464895534,153897296242,0
/control/command/control_cmd,153897296242,1785838951695792846,64194464902433,153897296242,80
/localization/kinematic_state,153947296243,1785838951746954711,64194516064559,153947296243,0
/control/command/control_cmd,153947296243,1785838951746963031,64194516072671,153947296243,80
/sensing/lidar/top/pointcloud_raw_ex,153947296243,1785838951750700214,64194519810176,153947296243,235544
/localization/pose_estimator/pose_with_covariance,153947296243,1785838951753511813,64194522621551,153947296243,0
/localization/kinematic_state,153997296244,1785838951795701856,64194564811661,153997296244,0
/control/command/control_cmd,153997296244,1785838951795710645,64194564820235,153997296244,80
/localization/kinematic_state,154047296245,1785838951845178031,64194614288038,154047296245,0
/control/command/control_cmd,154047296245,1785838951846639111,64194615748998,154047296245,80
/sensing/lidar/top/pointcloud_raw_ex,154047296245,1785838951850660616,64194619770475,154047296245,238360
/localization/pose_estimator/pose_with_covariance,154047296245,1785838951853521901,64194622631668,154047296245,0
/control/command/control_cmd,154097296245,1785838951895419393,64194664529460,154097296245,80
/localization/kinematic_state,154097296245,1785838951896247004,64194665356771,154097296245,0
/localization/kinematic_state,154147296246,1785838951946121064,64194715231034,154147296246,0
/control/command/control_cmd,154147296246,1785838951946502511,64194715612307,154147296246,80
/sensing/lidar/top/pointcloud_raw_ex,154147296246,1785838951950867617,64194719977695,154147296246,238616
/localization/pose_estimator/pose_with_covariance,154147296246,1785838951954017640,64194723127515,154147296246,0
/control/command/control_cmd,154197296247,1785838951995705887,64194764816015,154197296247,80
/localization/kinematic_state,154197296247,1785838951995797020,64194764906666,154197296247,0
/localization/kinematic_state,154247296248,1785838952045584744,64194814694628,154247296248,0
/control/command/control_cmd,154247296248,1785838952046879892,64194815990061,154247296248,80
/sensing/lidar/top/pointcloud_raw_ex,154247296248,1785838952050896561,64194820006643,154247296248,240952
/localization/pose_estimator/pose_with_covariance,154247296248,1785838952053988148,64194823098072,154247296248,0
/localization/kinematic_state,154297296248,1785838952095505177,64194864614931,154297296248,0
/control/command/control_cmd,154297296248,1785838952095565036,64194864674899,154297296248,80
/localization/kinematic_state,154347296249,1785838952145968975,64194915079013,154347296249,0
/control/command/control_cmd,154347296249,1785838952146188047,64194915297956,154347296249,80
/sensing/lidar/top/pointcloud_raw_ex,154347296249,1785838952150467316,64194919577234,154347296249,239352
/localization/pose_estimator/pose_with_covariance,154347296249,1785838952153212458,64194922322171,154347296249,0
/localization/kinematic_state,154397296250,1785838952195792283,64194964902117,154397296250,0
/control/command/control_cmd,154397296250,1785838952196032543,64194965142193,154397296250,80
/localization/kinematic_state,154447296251,1785838952245962108,64195015071942,154447296251,0
/control/command/control_cmd,154447296251,1785838952246303526,64195015413208,154447296251,80
/sensing/lidar/top/pointcloud_raw_ex,154447296251,1785838952251592051,64195020701931,154447296251,238232
/localization/pose_estimator/pose_with_covariance,154447296251,1785838952254444397,64195023554158,154447296251,0
/control/command/control_cmd,154497296251,1785838952296025835,64195065135782,154497296251,80
/localization/kinematic_state,154497296251,1785838952296144640,64195065254418,154497296251,0
/control/command/control_cmd,154547296252,1785838952346049719,64195115159665,154547296252,80
/localization/kinematic_state,154547296252,1785838952346392070,64195115501859,154547296252,0
/sensing/lidar/top/pointcloud_raw_ex,154547296252,1785838952351576202,64195120686095,154547296252,240824
/localization/pose_estimator/pose_with_covariance,154547296252,1785838952354578442,64195123688244,154547296252,0
/localization/kinematic_state,154597296253,1785838952395911370,64195165021079,154597296253,0
/control/command/control_cmd,154597296253,1785838952395919549,64195165029163,154597296253,80
/localization/kinematic_state,154647296254,1785838952445902113,64195215012030,154647296254,0
/control/command/control_cmd,154647296254,1785838952446289485,64195215399418,154647296254,80
/sensing/lidar/top/pointcloud_raw_ex,154647296254,1785838952451528354,64195220638232,154647296254,241976
/localization/pose_estimator/pose_with_covariance,154647296254,1785838952455323382,64195224433182,154647296254,0
/control/command/control_cmd,154697296254,1785838952496796795,64195265906849,154697296254,80
/localization/kinematic_state,154697296254,1785838952496877358,64195265987171,154697296254,0
/localization/kinematic_state,154747296255,1785838952546020619,64195315130349,154747296255,0
/control/command/control_cmd,154747296255,1785838952546032501,64195315142099,154747296255,80
/sensing/lidar/top/pointcloud_raw_ex,154747296255,1785838952550409452,64195319519385,154747296255,237624
/localization/pose_estimator/pose_with_covariance,154747296255,1785838952553241146,64195322351033,154747296255,0
/localization/kinematic_state,154797296256,1785838952596147053,64195365256846,154797296256,0
/control/command/control_cmd,154797296256,1785838952597090056,64195366200044,154797296256,80
/localization/kinematic_state,154847296257,1785838952645575536,64195414685272,154847296257,0
/control/command/control_cmd,154847296257,1785838952645938816,64195415048700,154847296257,80
/sensing/lidar/top/pointcloud_raw_ex,154847296257,1785838952651349589,64195420459388,154847296257,238232
/localization/pose_estimator/pose_with_covariance,154847296257,1785838952654133317,64195423243063,154847296257,0
/localization/kinematic_state,154897296257,1785838952695293991,64195464403845,154897296257,0
/control/command/control_cmd,154897296257,1785838952695421404,64195464531036,154897296257,80
/localization/kinematic_state,154947296258,1785838952746086793,64195515196685,154947296258,0
/control/command/control_cmd,154947296258,1785838952746906922,64195516016702,154947296258,80
/sensing/lidar/top/pointcloud_raw_ex,154947296258,1785838952751450994,64195520560784,154947296258,241048
/localization/pose_estimator/pose_with_covariance,154947296258,1785838952754311993,64195523421752,154947296258,0
/localization/kinematic_state,154997296259,1785838952795846730,64195564956476,154997296259,0
/control/command/control_cmd,154997296259,1785838952795863892,64195564973497,154997296259,80
/localization/kinematic_state,155047296260,1785838952845676993,64195614786863,155047296260,0
/control/command/control_cmd,155047296260,1785838952846049665,64195615159478,155047296260,80
/sensing/lidar/top/pointcloud_raw_ex,155047296260,1785838952850676510,64195619786722,155047296260,241688
/localization/pose_estimator/pose_with_covariance,155047296260,1785838952853494751,64195622604496,155047296260,0
/control/command/control_cmd,155097296260,1785838952895399997,64195664509879,155097296260,80
/localization/kinematic_state,155097296260,1785838952895816427,64195664926092,155097296260,0
/localization/kinematic_state,155147296261,1785838952945487296,64195714597024,155147296261,0
/control/command/control_cmd,155147296261,1785838952946189186,64195715298931,155147296261,80
/sensing/lidar/top/pointcloud_raw_ex,155147296261,1785838952950728580,64195719838366,155147296261,239832
/localization/pose_estimator/pose_with_covariance,155147296261,1785838952954552838,64195723662606,155147296261,0
/localization/kinematic_state,155197296262,1785838952995984020,64195765094054,155197296262,0
/control/command/control_cmd,155197296262,1785838952996040011,64195765149911,155197296262,80
/localization/kinematic_state,155247296263,1785838953045693513,64195814803361,155247296263,0
/control/command/control_cmd,155247296263,1785838953046044872,64195815154992,155247296263,80
/sensing/lidar/top/pointcloud_raw_ex,155247296263,1785838953052550875,64195821660878,155247296263,238200
/localization/pose_estimator/pose_with_covariance,155247296263,1785838953055382824,64195824492547,155247296263,0
/localization/kinematic_state,155297296263,1785838953095505978,64195864615723,155297296263,0
/control/command/control_cmd,155297296263,1785838953095700466,64195864810336,155297296263,80
/localization/kinematic_state,155347296264,1785838953145566296,64195914676102,155347296264,0
/control/command/control_cmd,155347296264,1785838953145678751,64195914788402,155347296264,80
/sensing/lidar/top/pointcloud_raw_ex,155347296264,1785838953150422604,64195919532595,155347296264,240088
/localization/pose_estimator/pose_with_covariance,155347296264,1785838953153467928,64195922577833,155347296264,0
/localization/kinematic_state,155397296265,1785838953195844063,64195964953984,155397296265,0
/control/command/control_cmd,155397296265,1785838953195854721,64195964964325,155397296265,80
/localization/kinematic_state,155447296266,1785838953246197907,64196015307701,155447296266,0
/control/command/control_cmd,155447296266,1785838953246382467,64196015492319,155447296266,80
/sensing/lidar/top/pointcloud_raw_ex,155447296266,1785838953250760404,64196019870587,155447296266,243480
/localization/pose_estimator/pose_with_covariance,155447296266,1785838953254476180,64196023586056,155447296266,0
/control/command/control_cmd,155497296266,1785838953295443291,64196064553076,155497296266,80
/localization/kinematic_state,155497296266,1785838953296506297,64196065616047,155497296266,0
/localization/kinematic_state,155547296267,1785838953345747019,64196114856849,155547296267,0
/control/command/control_cmd,155547296267,1785838953345940829,64196115050639,155547296267,80
/sensing/lidar/top/pointcloud_raw_ex,155547296267,1785838953350846648,64196119956471,155547296267,239320
/localization/pose_estimator/pose_with_covariance,155547296267,1785838953354063834,64196123173596,155547296267,0
/control/command/control_cmd,155597296268,1785838953395863113,64196164973047,155597296268,80
/localization/kinematic_state,155597296268,1785838953396720002,64196165829741,155597296268,0
/localization/kinematic_state,155647296269,1785838953445867957,64196214977729,155647296269,0
/control/command/control_cmd,155647296269,1785838953446339559,64196215449370,155647296269,80
/sensing/lidar/top/pointcloud_raw_ex,155647296269,1785838953451205514,64196220315409,155647296269,238744
/localization/pose_estimator/pose_with_covariance,155647296269,1785838953453981600,64196223091404,155647296269,0
/localization/kinematic_state,155697296269,1785838953495781386,64196264891186,155697296269,0
/control/command/control_cmd,155697296269,1785838953495939237,64196265049120,155697296269,80
/localization/kinematic_state,155747296270,1785838953545597327,64196314707056,155747296270,0
/control/command/control_cmd,155747296270,1785838953546283304,64196315393194,155747296270,80
/sensing/lidar/top/pointcloud_raw_ex,155747296270,1785838953550919646,64196320029444,155747296270,236696
/localization/pose_estimator/pose_with_covariance,155747296270,1785838953553796148,64196322905970,155747296270,0
/localization/kinematic_state,155797296271,1785838953595811113,64196364920835,155797296271,0
/control/command/control_cmd,155797296271,1785838953597043939,64196366153740,155797296271,80
/localization/kinematic_state,155847296271,1785838953645713934,64196414823842,155847296271,0
/control/command/control_cmd,155847296271,1785838953646125699,64196415235420,155847296271,80
/sensing/lidar/top/pointcloud_raw_ex,155847296271,1785838953651037501,64196420147608,155847296271,240312
/localization/pose_estimator/pose_with_covariance,155847296271,1785838953653728740,64196422838450,155847296271,0
/localization/kinematic_state,155897296272,1785838953695710822,64196464820637,155897296272,0
/control/command/control_cmd,155897296272,1785838953696055066,64196465164931,155897296272,80
/localization/kinematic_state,155947296273,1785838953745516446,64196514626197,155947296273,0
/control/command/control_cmd,155947296273,1785838953746347909,64196515457685,155947296273,80
/sensing/lidar/top/pointcloud_raw_ex,155947296273,1785838953750752365,64196519862135,155947296273,243192
/localization/pose_estimator/pose_with_covariance,155947296273,1785838953753565383,64196522675138,155947296273,0
/localization/kinematic_state,155997296274,1785838953796039426,64196565149256,155997296274,0
/control/command/control_cmd,155997296274,1785838953796271619,64196565381467,155997296274,80
/localization/kinematic_state,156047296274,1785838953845582398,64196614692347,156047296274,0
/control/command/control_cmd,156047296274,1785838953846161239,64196615271195,156047296274,80
/sensing/lidar/top/pointcloud_raw_ex,156047296274,1785838953851441278,64196620551279,156047296274,241368
/localization/pose_estimator/pose_with_covariance,156047296274,1785838953854288774,64196623398521,156047296274,0
/control/command/control_cmd,156097296275,1785838953895665079,64196664774877,156097296275,80
/localization/kinematic_state,156097296275,1785838953896556705,64196665666549,156097296275,0
/control/command/control_cmd,156147296276,1785838953946017883,64196715127891,156147296276,80
/localization/kinematic_state,156147296276,1785838953946044420,64196715154036,156147296276,0
/sensing/lidar/top/pointcloud_raw_ex,156147296276,1785838953951145673,64196720256120,156147296276,240728
/localization/pose_estimator/pose_with_covariance,156147296276,1785838953953905052,64196723014821,156147296276,0
/control/command/control_cmd,156197296277,1785838953995695966,64196764805972,156197296277,80
/localization/kinematic_state,156197296277,1785838953995910683,64196765020420,156197296277,0
/control/command/control_cmd,156247296277,1785838954046299364,64196815409323,156247296277,80
/localization/kinematic_state,156247296277,1785838954046349857,64196815495105,156247296277,0
/sensing/lidar/top/pointcloud_raw_ex,156247296277,1785838954050823535,64196819933672,156247296277,238360
/localization/pose_estimator/pose_with_covariance,156247296277,1785838954053644218,64196822754129,156247296277,0
/localization/kinematic_state,156297296278,1785838954095353875,64196864463607,156297296278,0
/control/command/control_cmd,156297296278,1785838954095867379,64196864977236,156297296278,80
/localization/kinematic_state,156347296279,1785838954145320254,64196914430202,156347296279,0
/control/command/control_cmd,156347296279,1785838954148607369,64196917717455,156347296279,80
/sensing/lidar/top/pointcloud_raw_ex,156347296279,1785838954150862653,64196919972452,156347296279,237880
/localization/pose_estimator/pose_with_covariance,156347296279,1785838954153572879,64196922682641,156347296279,0
/control/command/control_cmd,156397296280,1785838954195932892,64196965043046,156397296280,80
/localization/kinematic_state,156397296280,1785838954196367579,64196965477339,156397296280,0
/localization/kinematic_state,156447296280,1785838954245777719,64197014887656,156447296280,0
/control/command/control_cmd,156447296280,1785838954246273851,64197015383691,156447296280,80
/sensing/lidar/top/pointcloud_raw_ex,156447296280,1785838954251770844,64197020880885,156447296280,238392
/localization/pose_estimator/pose_with_covariance,156447296280,1785838954254579523,64197023689215,156447296280,0
/localization/kinematic_state,156497296281,1785838954295772220,64197064881962,156497296281,0
/control/command/control_cmd,156497296281,1785838954295823850,64197064933682,156497296281,80
/localization/kinematic_state,156547296282,1785838954345662092,64197114771907,156547296282,0
/control/command/control_cmd,156547296282,1785838954346018378,64197115128239,156547296282,80
/sensing/lidar/top/pointcloud_raw_ex,156547296282,1785838954351248300,64197120358110,156547296282,238136
/localization/pose_estimator/pose_with_covariance,156547296282,1785838954354128491,64197123238378,156547296282,0
/localization/kinematic_state,156597296283,1785838954395599578,64197164709669,156597296283,0
/control/command/control_cmd,156597296283,1785838954395685241,64197164794889,156597296283,80
/localization/kinematic_state,156647296283,1785838954445198450,64197214308364,156647296283,0
/control/command/control_cmd,156647296283,1785838954446262183,64197215372058,156647296283,80
/sensing/lidar/top/pointcloud_raw_ex,156647296283,1785838954451097640,64197220207566,156647296283,239096
/localization/pose_estimator/pose_with_covariance,156647296283,1785838954453861239,64197222970997,156647296283,0
/control/command/control_cmd,156697296284,1785838954496470264,64197265580161,156697296284,80
/localization/kinematic_state,156697296284,1785838954496498776,64197265608370,156697296284,0
/control/command/control_cmd,156747296285,1785838954546939696,64197316049857,156747296285,80
/localization/kinematic_state,156747296285,1785838954547003962,64197316113585,156747296285,0
/sensing/lidar/top/pointcloud_raw_ex,156747296285,1785838954551375568,64197320485528,156747296285,237848
/localization/pose_estimator/pose_with_covariance,156747296285,1785838954554365992,64197323475767,156747296285,0
/localization/kinematic_state,156797296286,1785838954595759206,64197364869055,156797296286,0
/control/command/control_cmd,156797296286,1785838954595816400,64197364926049,156797296286,80
/localization/kinematic_state,156847296286,1785838954645358683,64197414468385,156847296286,0
/control/command/control_cmd,156847296286,1785838954646336711,64197415446529,156847296286,80
/sensing/lidar/top/pointcloud_raw_ex,156847296286,1785838954651554845,64197420664655,156847296286,239576
/localization/pose_estimator/pose_with_covariance,156847296286,1785838954654272454,64197423382221,156847296286,0
/control/command/control_cmd,156897296287,1785838954695640993,64197464751089,156897296287,80
/localization/kinematic_state,156897296287,1785838954695670456,64197464780060,156897296287,0
/localization/kinematic_state,156947296288,1785838954745110555,64197514220577,156947296288,0
/control/command/control_cmd,156947296288,1785838954745413859,64197514523541,156947296288,80
/sensing/lidar/top/pointcloud_raw_ex,156947296288,1785838954750004709,64197519114750,156947296288,237560
/localization/pose_estimator/pose_with_covariance,156947296288,1785838954752637772,64197521747649,156947296288,0
/control/command/control_cmd,156997296289,1785838954795854717,64197564964818,156997296289,80
/localization/kinematic_state,156997296289,1785838954795934975,64197565044612,156997296289,0
/localization/kinematic_state,157047296289,1785838954845679230,64197614789220,157047296289,0
/control/command/control_cmd,157047296289,1785838954846498689,64197615608607,157047296289,80
/sensing/lidar/top/pointcloud_raw_ex,157047296289,1785838954850254617,64197619364486,157047296289,239096
/localization/pose_estimator/pose_with_covariance,157047296289,1785838954853455144,64197622564845,157047296289,0
/localization/kinematic_state,157097296290,1785838954895345636,64197664455436,157097296290,0
/control/command/control_cmd,157097296290,1785838954896009114,64197665118807,157097296290,80
/localization/kinematic_state,157147296291,1785838954945846892,64197714956580,157147296291,0
/control/command/control_cmd,157147296291,1785838954946731436,64197715841190,157147296291,80
/sensing/lidar/top/pointcloud_raw_ex,157147296291,1785838954950917225,64197720027384,157147296291,239896
/localization/pose_estimator/pose_with_covariance,157147296291,1785838954953694472,64197722804458,157147296291,0
/localization/kinematic_state,157197296292,1785838954996087893,64197765197722,157197296292,0
/control/command/control_cmd,157197296292,1785838954996117379,64197765226998,157197296292,80
/localization/kinematic_state,157247296292,1785838955045709618,64197814819719,157247296292,0
/control/command/control_cmd,157247296292,1785838955046719387,64197815829230,157247296292,80
/sensing/lidar/top/pointcloud_raw_ex,157247296292,1785838955051531465,64197820641380,157247296292,237912
/localization/pose_estimator/pose_with_covariance,157247296292,1785838955054291639,64197823401558,157247296292,0
/control/command/control_cmd,157297296293,1785838955096376261,64197865486278,157297296293,80
/localization/kinematic_state,157297296293,1785838955096405221,64197865514863,157297296293,0
/localization/kinematic_state,157347296294,1785838955145323647,64197914433383,157347296294,0
/control/command/control_cmd,157347296294,1785838955146183745,64197915293891,157347296294,80
/sensing/lidar/top/pointcloud_raw_ex,157347296294,1785838955150924332,64197920034248,157347296294,240984
/localization/pose_estimator/pose_with_covariance,157347296294,1785838955154730330,64197923840085,157347296294,0
/localization/kinematic_state,157397296295,1785838955195304595,64197964414371,157397296295,0
/control/command/control_cmd,157397296295,1785838955195587600,64197964697501,157397296295,80
/localization/kinematic_state,157447296295,1785838955245254960,64198014364691,157447296295,0
/control/command/control_cmd,157447296295,1785838955245559242,64198014669127,157447296295,80
/sensing/lidar/top/pointcloud_raw_ex,157447296295,1785838955250715953,64198019826333,157447296295,239928
/localization/pose_estimator/pose_with_covariance,157447296295,1785838955253499379,64198022609162,157447296295,0
/control/command/control_cmd,157497296296,1785838955295867744,64198064977665,157497296296,80
/localization/kinematic_state,157497296296,1785838955296055110,64198065164844,157497296296,0
/localization/kinematic_state,157547296297,1785838955345378476,64198114488285,157547296297,0
/control/command/control_cmd,157547296297,1785838955346254925,64198115364924,157547296297,80
/sensing/lidar/top/pointcloud_raw_ex,157547296297,1785838955351260716,64198120370667,157547296297,239800
/localization/pose_estimator/pose_with_covariance,157547296297,1785838955353797688,64198122907539,157547296297,0
/localization/kinematic_state,157597296298,1785838955395983950,64198165093805,157597296298,0
/control/command/control_cmd,157597296298,1785838955396237393,64198165347176,157597296298,80
/control/command/control_cmd,157647296298,1785838955445972779,64198215082652,157647296298,80
/localization/kinematic_state,157647296298,1785838955447897031,64198217006916,157647296298,0
/sensing/lidar/top/pointcloud_raw_ex,157647296298,1785838955451202200,64198220311918,157647296298,237816
/localization/pose_estimator/pose_with_covariance,157647296298,1785838955453636919,64198222746617,157647296298,0
/localization/kinematic_state,157697296299,1785838955495679750,64198264789556,157697296299,0
/control/command/control_cmd,157697296299,1785838955496966500,64198266076340,157697296299,80
/localization/kinematic_state,157747296300,1785838955546485090,64198315594912,157747296300,0
/control/command/control_cmd,157747296300,1785838955546633287,64198315743188,157747296300,80
/sensing/lidar/top/pointcloud_raw_ex,157747296300,1785838955552727168,64198321837365,157747296300,237976
/localization/pose_estimator/pose_with_covariance,157747296300,1785838955557017601,64198326127420,157747296300,0
/control/command/control_cmd,157797296301,1785838955595682256,64198364792279,157797296301,80
/localization/kinematic_state,157797296301,1785838955595826691,64198364936315,157797296301,0
/localization/kinematic_state,157847296301,1785838955645802141,64198414911901,157847296301,0
/control/command/control_cmd,157847296301,1785838955646502929,64198415612708,157847296301,80
/sensing/lidar/top/pointcloud_raw_ex,157847296301,1785838955651068435,64198420178361,157847296301,236920
/localization/pose_estimator/pose_with_covariance,157847296301,1785838955653806120,64198422915914,157847296301,0
/localization/kinematic_state,157897296302,1785838955695343492,64198464453475,157897296302,0
/control/command/control_cmd,157897296302,1785838955695489868,64198464599540,157897296302,80
/localization/kinematic_state,157947296303,1785838955744990945,64198514100649,157947296303,0
/control/command/control_cmd,157947296303,1785838955745844055,64198514953827,157947296303,80
/sensing/lidar/top/pointcloud_raw_ex,157947296303,1785838955750979982,64198520089953,157947296303,236216
/localization/pose_estimator/pose_with_covariance,157947296303,1785838955753973754,64198523083558,157947296303,0
/localization/kinematic_state,157997296304,1785838955795745267,64198564855063,157997296304,0
/control/command/control_cmd,157997296304,1785838955795755822,64198564865484,157997296304,80
/localization/kinematic_state,158047296304,1785838955845529316,64198614639198,158047296304,0
/control/command/control_cmd,158047296304,1785838955845841567,64198614951253,158047296304,80
/sensing/lidar/top/pointcloud_raw_ex,158047296304,1785838955850846285,64198619956124,158047296304,240664
/localization/pose_estimator/pose_with_covariance,158047296304,1785838955854193597,64198623303338,158047296304,0
/localization/kinematic_state,158097296305,1785838955896148705,64198665258492,158097296305,0
/control/command/control_cmd,158097296305,1785838955896811875,64198665921759,158097296305,80
/control/command/control_cmd,158147296306,1785838955945848884,64198714958765,158147296306,80
/localization/kinematic_state,158147296306,1785838955946950858,64198716060683,158147296306,0
/sensing/lidar/top/pointcloud_raw_ex,158147296306,1785838955951555796,64198720665745,158147296306,240824
/localization/pose_estimator/pose_with_covariance,158147296306,1785838955954335107,64198723444805,158147296306,0
/control/command/control_cmd,158197296307,1785838955995988396,64198765098437,158197296307,80
/localization/kinematic_state,158197296307,1785838955996389786,64198765499595,158197296307,0
/localization/kinematic_state,158247296307,1785838956045614616,64198814724352,158247296307,0
/control/command/control_cmd,158247296307,1785838956045954839,64198815064612,158247296307,80
/sensing/lidar/top/pointcloud_raw_ex,158247296307,1785838956050790444,64198819900611,158247296307,239512
/localization/pose_estimator/pose_with_covariance,158247296307,1785838956053718102,64198822827837,158247296307,0
/control/command/control_cmd,158297296308,1785838956095957853,64198865067964,158297296308,80
/localization/kinematic_state,158297296308,1785838956096162710,64198865272479,158297296308,0
/localization/kinematic_state,158347296309,1785838956145570619,64198914680402,158347296309,0
/control/command/control_cmd,158347296309,1785838956146344809,64198915454702,158347296309,80
/sensing/lidar/top/pointcloud_raw_ex,158347296309,1785838956150835349,64198919945427,158347296309,236792
/localization/pose_estimator/pose_with_covariance,158347296309,1785838956153660582,64198922770290,158347296309,0
/control/command/control_cmd,158397296309,1785838956195611838,64198964722005,158397296309,80
/localization/kinematic_state,158397296309,1785838956195951602,64198965061344,158397296309,0
/localization/kinematic_state,158447296310,1785838956245449855,64199014559677,158447296310,0
/control/command/control_cmd,158447296310,1785838956247019717,64199016129676,158447296310,80
/sensing/lidar/top/pointcloud_raw_ex,158447296310,1785838956250312424,64199019422225,158447296310,237368
/localization/pose_estimator/pose_with_covariance,158447296310,1785838956253376973,64199022486734,158447296310,0
/localization/kinematic_state,158497296311,1785838956295631317,64199064741071,158497296311,0
/control/command/control_cmd,158497296311,1785838956295648659,64199064758274,158497296311,80
/localization/kinematic_state,158547296312,1785838956345427784,64199114537536,158547296312,0
/control/command/control_cmd,158547296312,1785838956348342825,64199117452782,158547296312,80
/sensing/lidar/top/pointcloud_raw_ex,158547296312,1785838956350837380,64199119947274,158547296312,241336
/localization/pose_estimator/pose_with_covariance,158547296312,1785838956353459611,64199122569626,158547296312,0
/localization/kinematic_state,158597296312,1785838956395818626,64199164928498,158597296312,0
/control/command/control_cmd,158597296312,1785838956395828501,64199164938121,158597296312,80
/localization/kinematic_state,158647296313,1785838956445537196,64199214647018,158647296313,0
/control/command/control_cmd,158647296313,1785838956445657057,64199214766953,158647296313,80
/sensing/lidar/top/pointcloud_raw_ex,158647296313,1785838956450866686,64199219976930,158647296313,235960
/localization/pose_estimator/pose_with_covariance,158647296313,1785838956453563394,64199222673192,158647296313,0
/localization/kinematic_state,158697296314,1785838956496851442,64199265961379,158697296314,0
/control/command/control_cmd,158697296314,1785838956496861567,64199265971172,158697296314,80
/localization/kinematic_state,158747296315,1785838956547968309,64199317078262,158747296315,0
/control/command/control_cmd,158747296315,1785838956547981929,64199317091543,158747296315,80
/sensing/lidar/top/pointcloud_raw_ex,158747296315,1785838956550596505,64199319706310,158747296315,239256
/localization/pose_estimator/pose_with_covariance,158747296315,1785838956554022106,64199323131993,158747296315,0
/localization/kinematic_state,158797296315,1785838956595531521,64199364641388,158797296315,0
/control/command/control_cmd,158797296315,1785838956596193008,64199365302790,158797296315,80
/localization/kinematic_state,158847296316,1785838956645939371,64199415049147,158847296316,0
/control/command/control_cmd,158847296316,1785838956646500167,64199415609928,158847296316,80
/sensing/lidar/top/pointcloud_raw_ex,158847296316,1785838956651206818,64199420316620,158847296316,237592
/localization/pose_estimator/pose_with_covariance,158847296316,1785838956654040043,64199423149876,158847296316,0
/control/command/control_cmd,158897296317,1785838956695602871,64199464712803,158897296317,80
/localization/kinematic_state,158897296317,1785838956695886967,64199464996685,158897296317,0
/localization/kinematic_state,158947296318,1785838956745707362,64199514817396,158947296318,0
/control/command/control_cmd,158947296318,1785838956745717378,64199514827023,158947296318,80
/sensing/lidar/top/pointcloud_raw_ex,158947296318,1785838956750734382,64199519844207,158947296318,235864
/localization/pose_estimator/pose_with_covariance,158947296318,1785838956753425684,64199522535408,158947296318,0
/localization/kinematic_state,158997296318,1785838956795486886,64199564596833,158997296318,0
/control/command/control_cmd,158997296318,1785838956795733947,64199564843828,158997296318,80
/localization/kinematic_state,159047296319,1785838956845119843,64199614229616,159047296319,0
/control/command/control_cmd,159047296319,1785838956846244141,64199615354112,159047296319,80
/sensing/lidar/top/pointcloud_raw_ex,159047296319,1785838956851271829,64199620381894,159047296319,239160
/localization/pose_estimator/pose_with_covariance,159047296319,1785838956854046967,64199623156932,159047296319,0
/control/command/control_cmd,159097296320,1785838956895847581,64199664957619,159097296320,80
/localization/kinematic_state,159097296320,1785838956896061015,64199665170778,159097296320,0
/localization/kinematic_state,159147296321,1785838956946029602,64199715139332,159147296321,0
/control/command/control_cmd,159147296321,1785838956946646829,64199715756638,159147296321,80
/sensing/lidar/top/pointcloud_raw_ex,159147296321,1785838956951142986,64199720253107,159147296321,236888
/localization/pose_estimator/pose_with_covariance,159147296321,1785838956953947198,64199723056976,159147296321,0
/localization/kinematic_state,159197296321,1785838956995880297,64199764990178,159197296321,0
/control/command/control_cmd,159197296321,1785838956996030434,64199765140098,159197296321,80
/control/command/control_cmd,159247296322,1785838957045676996,64199814786805,159247296322,80
/localization/kinematic_state,159247296322,1785838957046538615,64199815648490,159247296322,0
/sensing/lidar/top/pointcloud_raw_ex,159247296322,1785838957052108241,64199821218505,159247296322,242744
/localization/pose_estimator/pose_with_covariance,159247296322,1785838957055260138,64199824370043,159247296322,0
/localization/kinematic_state,159297296323,1785838957096623186,64199865733073,159297296323,0
/control/command/control_cmd,159297296323,1785838957096738821,64199865848519,159297296323,80
/localization/kinematic_state,159347296324,1785838957145313706,64199914423454,159347296324,0
/control/command/control_cmd,159347296324,1785838957145927295,64199915037101,159347296324,80
/sensing/lidar/top/pointcloud_raw_ex,159347296324,1785838957151245354,64199920355421,159347296324,236504
/localization/pose_estimator/pose_with_covariance,159347296324,1785838957154034359,64199923144249,159347296324,0
/control/command/control_cmd,159397296324,1785838957196390251,64199965500033,159397296324,80
/localization/kinematic_state,159397296324,1785838957197341546,64199966451296,159397296324,0
/control/command/control_cmd,159447296325,1785838957245451812,64200014562002,159447296325,80
/localization/kinematic_state,159447296325,1785838957246129490,64200015239283,159447296325,0
/sensing/lidar/top/pointcloud_raw_ex,159447296325,1785838957250365705,64200019475718,159447296325,236632
/localization/pose_estimator/pose_with_covariance,159447296325,1785838957253374813,64200022484541,159447296325,0
/localization/kinematic_state,159497296326,1785838957296957292,64200066067242,159497296326,0
/control/command/control_cmd,159497296326,1785838957296966324,64200066075923,159497296326,80
/localization/kinematic_state,159547296327,1785838957346671920,64200115781865,159547296327,0
/control/command/control_cmd,159547296327,1785838957346682078,64200115791702,159547296327,80
/sensing/lidar/top/pointcloud_raw_ex,159547296327,1785838957351032997,64200120142888,159547296327,236376
/localization/pose_estimator/pose_with_covariance,159547296327,1785838957353918640,64200123028336,159547296327,0
/localization/kinematic_state,159597296327,1785838957395519277,64200164629016,159597296327,0
/control/command/control_cmd,159597296327,1785838957396889673,64200166004217,159597296327,80
/control/command/control_cmd,159647296328,1785838957445982491,64200215092493,159647296328,80
/localization/kinematic_state,159647296328,1785838957446125571,64200215235287,159647296328,0
/sensing/lidar/top/pointcloud_raw_ex,159647296328,1785838957451545856,64200220655715,159647296328,243928
/localization/pose_estimator/pose_with_covariance,159647296328,1785838957454524506,64200223634406,159647296328,0
/localization/kinematic_state,159697296329,1785838957496065789,64200265175555,159697296329,0
/control/command/control_cmd,159697296329,1785838957496244653,64200265354428,159697296329,80
/control/command/control_cmd,159747296330,1785838957545984252,64200315094237,159747296330,80
/localization/kinematic_state,159747296330,1785838957546019914,64200315129558,159747296330,0
/sensing/lidar/top/pointcloud_raw_ex,159747296330,1785838957551017556,64200320127727,159747296330,236856
/localization/pose_estimator/pose_with_covariance,159747296330,1785838957554356722,64200323466496,159747296330,0
/localization/kinematic_state,159797296330,1785838957596209638,64200365319417,159797296330,0
/control/command/control_cmd,159797296330,1785838957596219950,64200365329589,159797296330,80
/control/command/control_cmd,159847296331,1785838957646143107,64200415253004,159847296331,80
/localization/kinematic_state,159847296331,1785838957646408745,64200415518508,159847296331,0
/sensing/lidar/top/pointcloud_raw_ex,159847296331,1785838957650632497,64200419742369,159847296331,238008
/localization/pose_estimator/pose_with_covariance,159847296331,1785838957653605450,64200422715318,159847296331,0
/localization/kinematic_state,159897296332,1785838957696240185,64200465349972,159897296332,0
/control/command/control_cmd,159897296332,1785838957696255780,64200465365395,159897296332,80
/control/command/control_cmd,159947296333,1785838957746018911,64200515129066,159947296333,80
/localization/kinematic_state,159947296333,1785838957746256168,64200515366034,159947296333,0
/sensing/lidar/top/pointcloud_raw_ex,159947296333,1785838957751060500,64200520170537,159947296333,241048
/localization/pose_estimator/pose_with_covariance,159947296333,1785838957754135096,64200523244841,159947296333,0
/localization/kinematic_state,159997296333,1785838957795888805,64200564998647,159997296333,0
/control/command/control_cmd,159997296333,1785838957796850011,64200565959779,159997296333,80
/localization/kinematic_state,160047296334,1785838957846995280,64200616105332,160047296334,0
/control/command/control_cmd,160047296334,1785838957847009942,64200616119557,160047296334,80
/sensing/lidar/top/pointcloud_raw_ex,160047296334,1785838957851200064,64200620310030,160047296334,240408
/localization/pose_estimator/pose_with_covariance,160047296334,1785838957854481940,64200623591787,160047296334,0
/control/command/control_cmd,160097296335,1785838957895786411,64200664896212,160097296335,80
/localization/kinematic_state,160097296335,1785838957896010094,64200665119731,160097296335,0
/localization/kinematic_state,160147296336,1785838957945845311,64200714955487,160147296336,0
/control/command/control_cmd,160147296336,1785838957946163988,64200715273854,160147296336,80
/sensing/lidar/top/pointcloud_raw_ex,160147296336,1785838957950634201,64200719744230,160147296336,239672
/localization/pose_estimator/pose_with_covariance,160147296336,1785838957953701575,64200722811289,160147296336,0
/localization/kinematic_state,160197296336,1785838957995863523,64200764973338,160197296336,0
/control/command/control_cmd,160197296336,1785838957995909800,64200765019599,160197296336,80
/localization/kinematic_state,160247296337,1785838958045676507,64200814786334,160247296337,0
/control/command/control_cmd,160247296337,1785838958046016860,64200815126720,160247296337,80
/sensing/lidar/top/pointcloud_raw_ex,160247296337,1785838958051070492,64200820180807,160247296337,238904
/localization/pose_estimator/pose_with_covariance,160247296337,1785838958054638296,64200823748340,160247296337,0
/localization/kinematic_state,160297296338,1785838958095600073,64200864709782,160297296338,0
/control/command/control_cmd,160297296338,1785838958095609461,64200864719061,160297296338,80
/localization/kinematic_state,160347296339,1785838958145791082,64200914900942,160347296339,0
/control/command/control_cmd,160347296339,1785838958145945654,64200915055436,160347296339,80
/sensing/lidar/top/pointcloud_raw_ex,160347296339,1785838958150237954,64200919347783,160347296339,239576
/localization/pose_estimator/pose_with_covariance,160347296339,1785838958153166871,64200922276609,160347296339,0
/control/command/control_cmd,160397296339,1785838958195630915,64200964740852,160397296339,80
/localization/kinematic_state,160397296339,1785838958196168959,64200965322837,160397296339,0
/control/command/control_cmd,160447296340,1785838958245983569,64201015093795,160447296340,80
/localization/kinematic_state,160447296340,1785838958246081395,64201015191079,160447296340,0
/sensing/lidar/top/pointcloud_raw_ex,160447296340,1785838958250882724,64201019992666,160447296340,240472
/localization/pose_estimator/pose_with_covariance,160447296340,1785838958254041054,64201023150838,160447296340,0
/localization/kinematic_state,160497296341,1785838958296418802,64201065528636,160497296341,0
/control/command/control_cmd,160497296341,1785838958296428531,64201065538141,160497296341,80
/localization/kinematic_state,160547296342,1785838958346088052,64201115197774,160547296342,0
/control/command/control_cmd,160547296342,1785838958346097202,64201115206817,160547296342,80
/sensing/lidar/top/pointcloud_raw_ex,160547296342,1785838958351230795,64201120340691,160547296342,237496
/localization/pose_estimator/pose_with_covariance,160547296342,1785838958353965345,64201123075054,160547296342,0
/control/command/control_cmd,160597296342,1785838958395704382,64201164814145,160597296342,80
/localization/kinematic_state,160597296342,1785838958395774269,64201164883877,160597296342,0
/localization/kinematic_state,160647296343,1785838958445857725,64201214967603,160647296343,0
/control/command/control_cmd,160647296343,1785838958445896292,64201215006065,160647296343,80
/sensing/lidar/top/pointcloud_raw_ex,160647296343,1785838958450847215,64201219957192,160647296343,240280
/localization/pose_estimator/pose_with_covariance,160647296343,1785838958453865869,64201222975639,160647296343,0
/localization/kinematic_state,160697296344,1785838958496982382,64201266092245,160697296344,0
/control/command/control_cmd,160697296344,1785838958496995330,64201266104940,160697296344,80
/localization/kinematic_state,160747296345,1785838958547982480,64201317092538,160747296345,0
/control/command/control_cmd,160747296345,1785838958547999143,64201317108767,160747296345,80
/sensing/lidar/top/pointcloud_raw_ex,160747296345,1785838958550718782,64201319828489,160747296345,238744
/localization/pose_estimator/pose_with_covariance,160747296345,1785838958553767408,64201322877436,160747296345,0
/control/command/control_cmd,160797296345,1785838958595888117,64201364998149,160797296345,80
/localization/kinematic_state,160797296345,1785838958595920841,64201365030463,160797296345,0
/control/command/control_cmd,160847296346,1785838958645921604,64201415031769,160847296346,80
/localization/kinematic_state,160847296346,1785838958647021340,64201416131076,160847296346,0
/sensing/lidar/top/pointcloud_raw_ex,160847296346,1785838958650700819,64201419810606,160847296346,243096
/localization/pose_estimator/pose_with_covariance,160847296346,1785838958653727742,64201422837508,160847296346,0
/control/command/control_cmd,160897296347,1785838958695473005,64201464583065,160897296347,80
/localization/kinematic_state,160897296347,1785838958695505090,64201464614725,160897296347,0
/localization/kinematic_state,160947296347,1785838958745540628,64201514650457,160947296347,0
/control/command/control_cmd,160947296347,1785838958747814985,64201516924746,160947296347,80
/sensing/lidar/top/pointcloud_raw_ex,160947296347,1785838958751032767,64201520142482,160947296347,237752
/localization/pose_estimator/pose_with_covariance,160947296347,1785838958753998262,64201523108033,160947296347,0
/localization/kinematic_state,160997296348,1785838958796005226,64201565114987,160997296348,0
/control/command/control_cmd,160997296348,1785838958796014983,64201565124584,160997296348,80
/control/command/control_cmd,161047296349,1785838958845722100,64201614832145,161047296349,80
/localization/kinematic_state,161047296349,1785838958846231753,64201615341555,161047296349,0
/sensing/lidar/top/pointcloud_raw_ex,161047296349,1785838958851114523,64201620224562,161047296349,237144
/localization/pose_estimator/pose_with_covariance,161047296349,1785838958853804093,64201622913885,161047296349,0
/localization/kinematic_state,161097296350,1785838958895618970,64201664728779,161097296350,0
/control/command/control_cmd,161097296350,1785838958895942010,64201665051904,161097296350,80
/localization/kinematic_state,161147296350,1785838958946171786,64201715281765,161147296350,0
/control/command/control_cmd,161147296350,1785838958946180446,64201715290093,161147296350,80
/sensing/lidar/top/pointcloud_raw_ex,161147296350,1785838958952064375,64201721174300,161147296350,236920
/localization/pose_estimator/pose_with_covariance,161147296350,1785838958954982097,64201724091751,161147296350,0
/localization/kinematic_state,161197296351,1785838958995620986,64201764730675,161197296351,0
/control/command/control_cmd,161197296351,1785838958995903615,64201765013415,161197296351,80
/localization/kinematic_state,161247296352,1785838959045660222,64201814769983,161247296352,0
/control/command/control_cmd,161247296352,1785838959045789328,64201814899070,161247296352,80
/sensing/lidar/top/pointcloud_raw_ex,161247296352,1785838959051315279,64201820425290,161247296352,238616
/localization/pose_estimator/pose_with_covariance,161247296352,1785838959054132934,64201823242848,161247296352,0
/localization/kinematic_state,161297296353,1785838959095804595,64201864914639,161297296353,0
/control/command/control_cmd,161297296353,1785838959096450517,64201865560311,161297296353,80
/localization/kinematic_state,161347296353,1785838959146179094,64201915289099,161347296353,0
/control/command/control_cmd,161347296353,1785838959147912565,64201917022276,161347296353,80
/sensing/lidar/top/pointcloud_raw_ex,161347296353,1785838959150184542,64201919294394,161347296353,237848
/localization/pose_estimator/pose_with_covariance,161347296353,1785838959154214818,64201923324625,161347296353,0
/localization/kinematic_state,161397296354,1785838959195386417,64201964496198,161397296354,0
/control/command/control_cmd,161397296354,1785838959196076610,64201965186542,161397296354,80
/localization/kinematic_state,161447296355,1785838959245338418,64202014448241,161447296355,0
/control/command/control_cmd,161447296355,1785838959246242784,64202015352621,161447296355,80
/sensing/lidar/top/pointcloud_raw_ex,161447296355,1785838959251108730,64202020218562,161447296355,237848
/localization/pose_estimator/pose_with_covariance,161447296355,1785838959255449371,64202024559169,161447296355,0
/localization/kinematic_state,161497296356,1785838959295913579,64202065023353,161497296356,0
/control/command/control_cmd,161497296356,1785838959295930421,64202065040031,161497296356,80
/control/command/control_cmd,161547296356,1785838959345675427,64202114785578,161547296356,80
/localization/kinematic_state,161547296356,1785838959345711116,64202114820761,161547296356,0
/sensing/lidar/top/pointcloud_raw_ex,161547296356,1785838959351309530,64202120419394,161547296356,237784
/localization/pose_estimator/pose_with_covariance,161547296356,1785838959354122966,64202123232702,161547296356,0
/control/command/control_cmd,161597296357,1785838959395644891,64202164754863,161597296357,80
/localization/kinematic_state,161597296357,1785838959396889054,64202165998911,161597296357,0
/localization/kinematic_state,161647296358,1785838959445276143,64202214385977,161647296358,0
/control/command/control_cmd,161647296358,1785838959446172153,64202215281942,161647296358,80
/sensing/lidar/top/pointcloud_raw_ex,161647296358,1785838959450757581,64202219867374,161647296358,240056
/localization/pose_estimator/pose_with_covariance,161647296358,1785838959453799406,64202222909179,161647296358,0
/localization/kinematic_state,161697296359,1785838959495676821,64202264786664,161697296359,0
/control/command/control_cmd,161697296359,1785838959495686245,64202264795835,161697296359,80
/localization/kinematic_state,161747296359,1785838959545974966,64202315085189,161747296359,0
/control/command/control_cmd,161747296359,1785838959546222146,64202315332058,161747296359,80
/sensing/lidar/top/pointcloud_raw_ex,161747296359,1785838959550687592,64202319797678,161747296359,235640
/localization/pose_estimator/pose_with_covariance,161747296359,1785838959553629793,64202322739573,161747296359,0
/localization/kinematic_state,161797296360,1785838959595650663,64202364760407,161797296360,0
/control/command/control_cmd,161797296360,1785838959596648517,64202365758437,161797296360,80
/localization/kinematic_state,161847296361,1785838959645409189,64202414518911,161847296361,0
/control/command/control_cmd,161847296361,1785838959646148810,64202415258682,161847296361,80
/sensing/lidar/top/pointcloud_raw_ex,161847296361,1785838959650859735,64202419969528,161847296361,235544
/localization/pose_estimator/pose_with_covariance,161847296361,1785838959653894076,64202423003814,161847296361,0
/localization/kinematic_state,161897296362,1785838959695838835,64202464948667,161897296362,0
/control/command/control_cmd,161897296362,1785838959695852060,64202464961679,161897296362,80
/localization/kinematic_state,161947296362,1785838959745380321,64202514490160,161947296362,0
/control/command/control_cmd,161947296362,1785838959745993426,64202515103113,161947296362,80
/sensing/lidar/top/pointcloud_raw_ex,161947296362,1785838959751204064,64202520313947,161947296362,238904
/localization/pose_estimator/pose_with_covariance,161947296362,1785838959754448867,64202523558639,161947296362,0
/localization/kinematic_state,161997296363,1785838959795581845,64202564691586,161997296363,0
/control/command/control_cmd,161997296363,1785838959795948952,64202565058910,161997296363,80
/localization/kinematic_state,162047296364,1785838959845605403,64202614715156,162047296364,0
/control/command/control_cmd,162047296364,1785838959847071443,64202616181330,162047296364,80
/sensing/lidar/top/pointcloud_raw_ex,162047296364,1785838959850972166,64202620082109,162047296364,242040
/localization/pose_estimator/pose_with_covariance,162047296364,1785838959853946724,64202623056494,162047296364,0
/localization/kinematic_state,162097296365,1785838959895805543,64202664915318,162097296365,0
/control/command/control_cmd,162097296365,1785838959895813133,64202664922743,162097296365,80
/localization/kinematic_state,162147296365,1785838959945492982,64202714602829,162147296365,0
/control/command/control_cmd,162147296365,1785838959946080906,64202715190759,162147296365,80
/sensing/lidar/top/pointcloud_raw_ex,162147296365,1785838959951079986,64202720190110,162147296365,241752
/localization/pose_estimator/pose_with_covariance,162147296365,1785838959954260184,64202723370032,162147296365,0
/localization/kinematic_state,162197296366,1785838959995540421,64202764650163,162197296366,0
/control/command/control_cmd,162197296366,1785838959996249599,64202765359558,162197296366,80
/localization/kinematic_state,162247296367,1785838960046318537,64202815428278,162247296367,0
/control/command/control_cmd,162247296367,1785838960046489301,64202815599250,162247296367,80
/sensing/lidar/top/pointcloud_raw_ex,162247296367,1785838960051414439,64202820524784,162247296367,242520
/localization/pose_estimator/pose_with_covariance,162247296367,1785838960054636410,64202823746471,162247296367,0
/control/command/control_cmd,162297296368,1785838960095729904,64202864839693,162297296368,80
/localization/kinematic_state,162297296368,1785838960095837269,64202864946883,162297296368,0
/localization/kinematic_state,162347296368,1785838960145407245,64202914517341,162347296368,0
/control/command/control_cmd,162347296368,1785838960146008953,64202915118828,162347296368,80
/sensing/lidar/top/pointcloud_raw_ex,162347296368,1785838960150986854,64202920096682,162347296368,236312
/localization/pose_estimator/pose_with_covariance,162347296368,1785838960153829235,64202922939035,162347296368,0
/localization/kinematic_state,162397296369,1785838960195918569,64202965028305,162397296369,0
/control/command/control_cmd,162397296369,1785838960196287303,64202965397138,162397296369,80
/control/command/control_cmd,162447296370,1785838960246784859,64203015894821,162447296370,80
/localization/kinematic_state,162447296370,1785838960246923876,64203016033582,162447296370,0
/sensing/lidar/top/pointcloud_raw_ex,162447296370,1785838960251211732,64203020321662,162447296370,236600
/localization/pose_estimator/pose_with_covariance,162447296370,1785838960254495360,64203023605125,162447296370,0
/localization/kinematic_state,162497296371,1785838960295985853,64203065095749,162497296371,0
/control/command/control_cmd,162497296371,1785838960296330257,64203065439920,162497296371,80
/localization/kinematic_state,162547296371,1785838960345726860,64203114836702,162547296371,0
/control/command/control_cmd,162547296371,1785838960347015137,64203116125136,162547296371,80
/sensing/lidar/top/pointcloud_raw_ex,162547296371,1785838960351470848,64203120580723,162547296371,241592
/localization/pose_estimator/pose_with_covariance,162547296371,1785838960354544981,64203123654758,162547296371,0
/localization/kinematic_state,162597296372,1785838960397208747,64203166319025,162597296372,0
/control/command/control_cmd,162597296372,1785838960397223889,64203166333615,162597296372,80
/localization/kinematic_state,162647296373,1785838960445712916,64203214822645,162647296373,0
/control/command/control_cmd,162647296373,1785838960446059197,64203215169064,162647296373,80
/sensing/lidar/top/pointcloud_raw_ex,162647296373,1785838960452391538,64203221501579,162647296373,236952
/localization/pose_estimator/pose_with_covariance,162647296373,1785838960455584526,64203224694316,162647296373,0
/localization/kinematic_state,162697296374,1785838960496468108,64203265577858,162697296374,0
/control/command/control_cmd,162697296374,1785838960496662280,64203265772093,162697296374,80
/localization/kinematic_state,162747296374,1785838960545544784,64203314654630,162747296374,0
/control/command/control_cmd,162747296374,1785838960545834790,64203314944640,162747296374,80
/sensing/lidar/top/pointcloud_raw_ex,162747296374,1785838960550453026,64203319563277,162747296374,238360
/localization/pose_estimator/pose_with_covariance,162747296374,1785838960553343795,64203322453746,162747296374,0
/localization/kinematic_state,162797296375,1785838960595525459,64203364635422,162797296375,0
/control/command/control_cmd,162797296375,1785838960596103812,64203365213665,162797296375,80
/localization/kinematic_state,162847296376,1785838960645719630,64203414829469,162847296376,0
/control/command/control_cmd,162847296376,1785838960646207656,64203415317547,162847296376,80
/sensing/lidar/top/pointcloud_raw_ex,162847296376,1785838960651157979,64203420268005,162847296376,242488
/localization/pose_estimator/pose_with_covariance,162847296376,1785838960654281471,64203423391214,162847296376,0
/localization/kinematic_state,162897296377,1785838960696019140,64203465129131,162897296377,0
/control/command/control_cmd,162897296377,1785838960696249049,64203465358929,162897296377,80
/localization/kinematic_state,162947296377,1785838960745991226,64203515100909,162947296377,0
/control/command/control_cmd,162947296377,1785838960748452674,64203517562370,162947296377,80
/sensing/lidar/top/pointcloud_raw_ex,162947296377,1785838960751413338,64203520523200,162947296377,239064
/localization/pose_estimator/pose_with_covariance,162947296377,1785838960754498788,64203523608513,162947296377,0
/localization/kinematic_state,162997296378,1785838960796385570,64203565495453,162997296378,0
/control/command/control_cmd,162997296378,1785838960796398890,64203565508515,162997296378,80
/localization/kinematic_state,163047296379,1785838960846046072,64203615156243,163047296379,0
/control/command/control_cmd,163047296379,1785838960847640563,64203616750264,163047296379,80
/sensing/lidar/top/pointcloud_raw_ex,163047296379,1785838960851548134,64203620658025,163047296379,239224
/localization/pose_estimator/pose_with_covariance,163047296379,1785838960854546933,64203623656867,163047296379,0
/control/command/control_cmd,163097296380,1785838960895533128,64203664643119,163097296380,80
/localization/kinematic_state,163097296380,1785838960895921815,64203665031558,163097296380,0
/localization/kinematic_state,163147296380,1785838960946700300,64203715810221,163147296380,0
/control/command/control_cmd,163147296380,1785838960946709465,64203715819070,163147296380,80
/sensing/lidar/top/pointcloud_raw_ex,163147296380,1785838960952093525,64203721203480,163147296380,241560
/localization/pose_estimator/pose_with_covariance,163147296380,1785838960955210180,64203724319898,163147296380,0
/localization/kinematic_state,163197296381,1785838960995465527,64203764575407,163197296381,0
/control/command/control_cmd,163197296381,1785838960995754532,64203764864233,163197296381,80
/localization/kinematic_state,163247296382,1785838961045883282,64203814992979,163247296382,0
/control/command/control_cmd,163247296382,1785838961046789981,64203815899762,163247296382,80
/sensing/lidar/top/pointcloud_raw_ex,163247296382,1785838961051186743,64203820296856,163247296382,239736
/localization/pose_estimator/pose_with_covariance,163247296382,1785838961054147705,64203823257578,163247296382,0
/localization/kinematic_state,163297296383,1785838961095353184,64203864463007,163297296383,0
/control/command/control_cmd,163297296383,1785838961095898082,64203865007865,163297296383,80
/localization/kinematic_state,163347296383,1785838961145484946,64203914594929,163347296383,0
/control/command/control_cmd,163347296383,1785838961145548193,64203914657854,163347296383,80
/sensing/lidar/top/pointcloud_raw_ex,163347296383,1785838961150686790,64203919796436,163347296383,237624
/localization/pose_estimator/pose_with_covariance,163347296383,1785838961153625002,64203922734810,163347296383,0
/localization/kinematic_state,163397296384,1785838961195335816,64203964445683,163397296384,0
/control/command/control_cmd,163397296384,1785838961195512760,64203964622621,163397296384,80
/control/command/control_cmd,163447296385,1785838961245678283,64204014788119,163447296385,80
/localization/kinematic_state,163447296385,1785838961246077851,64204015187619,163447296385,0
/sensing/lidar/top/pointcloud_raw_ex,163447296385,1785838961250687560,64204019797867,163447296385,237592
/localization/pose_estimator/pose_with_covariance,163447296385,1785838961253706103,64204022816145,163447296385,0
/localization/kinematic_state,163497296385,1785838961295970163,64204065079983,163497296385,0
/control/command/control_cmd,163497296385,1785838961295979199,64204065088839,163497296385,80
/control/command/control_cmd,163547296386,1785838961345728015,64204114838095,163547296386,80
/localization/kinematic_state,163547296386,1785838961345937785,64204115047486,163547296386,0
/sensing/lidar/top/pointcloud_raw_ex,163547296386,1785838961350926610,64204120036668,163547296386,237496
/localization/pose_estimator/pose_with_covariance,163547296386,1785838961353950061,64204123060100,163547296386,0
/localization/kinematic_state,163597296387,1785838961396977161,64204166086914,163597296387,0
/control/command/control_cmd,163597296387,1785838961396985866,64204166095460,163597296387,80
/localization/kinematic_state,163647296388,1785838961445651631,64204214761484,163647296388,0
/control/command/control_cmd,163647296388,1785838961446023648,64204215133484,163647296388,80
/sensing/lidar/top/pointcloud_raw_ex,163647296388,1785838961450770072,64204219879811,163647296388,236824
/localization/pose_estimator/pose_with_covariance,163647296388,1785838961453845070,64204222954775,163647296388,0
/control/command/control_cmd,163697296388,1785838961496431994,64204265541918,163697296388,80
/localization/kinematic_state,163697296388,1785838961496464312,64204265573963,163697296388,0
/localization/kinematic_state,163747296389,1785838961546059094,64204315169212,163747296389,0
/control/command/control_cmd,163747296389,1785838961546067581,64204315177201,163747296389,80
/sensing/lidar/top/pointcloud_raw_ex,163747296389,1785838961550402314,64204319512242,163747296389,238104
/localization/pose_estimator/pose_with_covariance,163747296389,1785838961553333681,64204322443488,163747296389,0
/control/command/control_cmd,163797296390,1785838961595796026,64204364906046,163797296390,80
/localization/kinematic_state,163797296390,1785838961595829374,64204364938994,163797296390,0
/localization/kinematic_state,163847296391,1785838961645704211,64204414814087,163847296391,0
/control/command/control_cmd,163847296391,1785838961646187339,64204415297058,163847296391,80
/sensing/lidar/top/pointcloud_raw_ex,163847296391,1785838961650832663,64204419942530,163847296391,240280
/localization/pose_estimator/pose_with_covariance,163847296391,1785838961653997077,64204423106916,163847296391,0
/localization/kinematic_state,163897296391,1785838961695291891,64204464401601,163897296391,0
/control/command/control_cmd,163897296391,1785838961695843960,64204464953795,163897296391,80
/localization/kinematic_state,163947296392,1785838961745515080,64204514624895,163947296392,0
/control/command/control_cmd,163947296392,1785838961745956366,64204515066421,163947296392,80
/sensing/lidar/top/pointcloud_raw_ex,163947296392,1785838961749843766,64204518953784,163947296392,240600
/localization/pose_estimator/pose_with_covariance,163947296392,1785838961752807335,64204521917142,163947296392,0
/control/command/control_cmd,163997296393,1785838961795618651,64204564728577,163997296393,80
/localization/kinematic_state,163997296393,1785838961796117062,64204565226783,163997296393,0
/localization/kinematic_state,164047296394,1785838961845591812,64204614701665,164047296394,0
/control/command/control_cmd,164047296394,1785838961846882193,64204615991969,164047296394,80
/sensing/lidar/top/pointcloud_raw_ex,164047296394,1785838961850903925,64204620013768,164047296394,242776
/localization/pose_estimator/pose_with_covariance,164047296394,1785838961853745897,64204622855685,164047296394,0
/localization/kinematic_state,164097296394,1785838961895981860,64204665091842,164097296394,0
/control/command/control_cmd,164097296394,1785838961895992157,64204665101781,164097296394,80
/localization/kinematic_state,164147296395,1785838961945402202,64204714512079,164147296395,0
/control/command/control_cmd,164147296395,1785838961946220447,64204715330303,164147296395,80
/sensing/lidar/top/pointcloud_raw_ex,164147296395,1785838961950931410,64204720041574,164147296395,236568
/localization/pose_estimator/pose_with_covariance,164147296395,1785838961953988213,64204723098025,164147296395,0
/localization/kinematic_state,164197296396,1785838961995560336,64204764670213,164197296396,0
/control/command/control_cmd,164197296396,1785838961995648807,64204764758752,164197296396,80
/localization/kinematic_state,164247296397,1785838962045542641,64204814652576,164247296397,0
/control/command/control_cmd,164247296397,1785838962046111085,64204815220897,164247296397,80
/sensing/lidar/top/pointcloud_raw_ex,164247296397,1785838962051999515,64204821109727,164247296397,238680
/localization/pose_estimator/pose_with_covariance,164247296397,1785838962055018884,64204824128620,164247296397,0
/localization/kinematic_state,164297296397,1785838962095333643,64204864443496,164297296397,0
/control/command/control_cmd,164297296397,1785838962096077809,64204865187607,164297296397,80
/localization/kinematic_state,164347296398,1785838962145771273,64204914881148,164347296398,0
/control/command/control_cmd,164347296398,1785838962146071983,64204915181703,164347296398,80
/sensing/lidar/top/pointcloud_raw_ex,164347296398,1785838962150184180,64204919293986,164347296398,239224
/localization/pose_estimator/pose_with_covariance,164347296398,1785838962153055805,64204922165621,164347296398,0
/control/command/control_cmd,164397296399,1785838962196212695,64204965322491,164397296399,80
/localization/kinematic_state,164397296399,1785838962196397797,64204965507483,164397296399,0
/localization/kinematic_state,164447296400,1785838962245513838,64205014623684,164447296400,0
/control/command/control_cmd,164447296400,1785838962245890192,64205015003055,164447296400,80
/sensing/lidar/top/pointcloud_raw_ex,164447296400,1785838962250905731,64205020015609,164447296400,236120
/localization/pose_estimator/pose_with_covariance,164447296400,1785838962254678154,64205023787852,164447296400,0
/control/command/control_cmd,164497296400,1785838962296188063,64205065297967,164497296400,80
/localization/kinematic_state,164497296400,1785838962296375000,64205065484667,164497296400,0
/localization/kinematic_state,164547296401,1785838962346133381,64205115243092,164547296401,0
/control/command/control_cmd,164547296401,1785838962346672666,64205115782629,164547296401,80
/sensing/lidar/top/pointcloud_raw_ex,164547296401,1785838962351568889,64205120678892,164547296401,237464
/localization/pose_estimator/pose_with_covariance,164547296401,1785838962354859132,64205124006018,164547296401,0
/localization/kinematic_state,164597296402,1785838962395972420,64205165082234,164597296402,0
/control/command/control_cmd,164597296402,1785838962396463541,64205165573437,164597296402,80
/localization/kinematic_state,164647296403,1785838962445732383,64205214842200,164647296403,0
/control/command/control_cmd,164647296403,1785838962446129320,64205215239197,164647296403,80
/sensing/lidar/top/pointcloud_raw_ex,164647296403,1785838962451097706,64205220208233,164647296403,235800
