topic,header_stamp_ns,x_m,y_m
/localization/pose_estimator/pose_with_covariance,23260670002,53.9068,-141.1288
/localization/pose_estimator/pose_with_covariance,23360670003,53.8887,-141.1298
/localization/pose_estimator/pose_with_covariance,23460670005,53.9047,-141.1263
/localization/pose_estimator/pose_with_covariance,23560670006,53.9075,-141.1300
/localization/pose_estimator/pose_with_covariance,23660670008,53.9059,-141.1275
/localization/pose_estimator/pose_with_covariance,23760670009,53.9060,-141.1368
/localization/pose_estimator/pose_with_covariance,23860670011,53.8924,-141.1255
/localization/pose_estimator/pose_with_covariance,23960670012,53.8988,-141.1299
/localization/pose_estimator/pose_with_covariance,24060670014,53.9086,-141.1309
/localization/pose_estimator/pose_with_covariance,24160670015,53.9014,-141.1319
/localization/pose_estimator/pose_with_covariance,24260670017,53.9008,-141.1292
/localization/pose_estimator/pose_with_covariance,24360670018,53.8940,-141.1210
/localization/pose_estimator/pose_with_covariance,24460670020,53.9005,-141.1282
/localization/pose_estimator/pose_with_covariance,24560670021,53.9034,-141.1331
/localization/pose_estimator/pose_with_covariance,24660670023,53.9003,-141.1288
/localization/pose_estimator/pose_with_covariance,24760670024,53.9013,-141.1370
/localization/pose_estimator/pose_with_covariance,24860670026,53.8978,-141.1346
/localization/pose_estimator/pose_with_covariance,24910670027,53.9061,-141.1264
/localization/pose_estimator/pose_with_covariance,25010670028,53.9057,-141.1333
/localization/pose_estimator/pose_with_covariance,25110670030,53.9101,-141.1350
/localization/pose_estimator/pose_with_covariance,25210670031,53.9091,-141.1323
/localization/pose_estimator/pose_with_covariance,25310670033,53.8922,-141.1209
/localization/pose_estimator/pose_with_covariance,25410670034,53.9009,-141.1308
/localization/pose_estimator/pose_with_covariance,25510670036,53.9035,-141.1256
/localization/pose_estimator/pose_with_covariance,25610670037,53.9061,-141.1287
/localization/pose_estimator/pose_with_covariance,25710670038,53.9036,-141.1320
/localization/pose_estimator/pose_with_covariance,25810670040,53.9020,-141.1308
/localization/pose_estimator/pose_with_covariance,25910670041,53.9041,-141.1296
/localization/pose_estimator/pose_with_covariance,26010670043,53.9040,-141.1272
/localization/pose_estimator/pose_with_covariance,26110670044,53.9047,-141.1328
/localization/pose_estimator/pose_with_covariance,26210670046,53.8968,-141.1282
/localization/pose_estimator/pose_with_covariance,26310670047,53.9027,-141.1278
/localization/pose_estimator/pose_with_covariance,26410670049,53.9015,-141.1268
/localization/pose_estimator/pose_with_covariance,26510670050,53.8950,-141.1264
/localization/pose_estimator/pose_with_covariance,26610670052,53.9013,-141.1269
/localization/pose_estimator/pose_with_covariance,26710670053,53.8986,-141.1283
/localization/pose_estimator/pose_with_covariance,26810670055,53.9044,-141.1174
/localization/pose_estimator/pose_with_covariance,26910670056,53.9017,-141.1252
/localization/pose_estimator/pose_with_covariance,27010670058,53.8992,-141.1275
/localization/pose_estimator/pose_with_covariance,27110670059,53.9012,-141.1186
/localization/pose_estimator/pose_with_covariance,27210670061,53.9027,-141.1317
/localization/pose_estimator/pose_with_covariance,27310670062,53.9058,-141.1263
/localization/pose_estimator/pose_with_covariance,27410670064,53.9097,-141.1297
/localization/pose_estimator/pose_with_covariance,27510670065,53.8958,-141.1163
/localization/pose_estimator/pose_with_covariance,27610670067,53.9092,-141.1283
/localization/pose_estimator/pose_with_covariance,27710670068,53.9121,-141.1229
/localization/pose_estimator/pose_with_covariance,27810670070,53.9074,-141.1189
/localization/pose_estimator/pose_with_covariance,27910670071,53.9071,-141.1233
/localization/pose_estimator/pose_with_covariance,28010670073,53.9059,-141.1249
/localization/pose_estimator/pose_with_covariance,28110670074,53.8985,-141.1257
/localization/pose_estimator/pose_with_covariance,28210670076,53.9148,-141.1224
/localization/pose_estimator/pose_with_covariance,28310670077,53.9081,-141.1245
/localization/pose_estimator/pose_with_covariance,28410670079,53.9063,-141.1157
/localization/pose_estimator/pose_with_covariance,28510670080,53.8997,-141.1242
/localization/pose_estimator/pose_with_covariance,28610670082,53.8913,-141.1247
/localization/pose_estimator/pose_with_covariance,28710670083,53.8985,-141.1236
/localization/pose_estimator/pose_with_covariance,28810670085,53.8887,-141.1167
/localization/pose_estimator/pose_with_covariance,28910670086,53.8998,-141.1264
/localization/pose_estimator/pose_with_covariance,29010670088,53.9052,-141.1194
/localization/pose_estimator/pose_with_covariance,29110670089,53.9042,-141.1254
/localization/pose_estimator/pose_with_covariance,29210670091,53.8995,-141.1208
/localization/pose_estimator/pose_with_covariance,29310670092,53.9002,-141.1210
/localization/pose_estimator/pose_with_covariance,29410670094,53.9042,-141.1243
/localization/pose_estimator/pose_with_covariance,29510670095,53.9016,-141.1215
/localization/pose_estimator/pose_with_covariance,29610670097,53.9163,-141.1224
/localization/pose_estimator/pose_with_covariance,29710670098,53.9039,-141.1124
/localization/pose_estimator/pose_with_covariance,29810670100,53.9130,-141.1136
/localization/pose_estimator/pose_with_covariance,29910670101,53.9085,-141.1214
/localization/pose_estimator/pose_with_covariance,30010670103,53.9026,-141.1211
/localization/pose_estimator/pose_with_covariance,30110670104,53.9170,-141.1198
/localization/pose_estimator/pose_with_covariance,30210670106,53.9044,-141.1194
/localization/pose_estimator/pose_with_covariance,30310670107,53.8930,-141.1176
/localization/pose_estimator/pose_with_covariance,30410670109,53.9058,-141.1095
/localization/pose_estimator/pose_with_covariance,30510670110,53.8992,-141.1160
/localization/pose_estimator/pose_with_covariance,30610670112,53.9079,-141.1206
/localization/pose_estimator/pose_with_covariance,30710670113,53.9022,-141.1288
/localization/pose_estimator/pose_with_covariance,30810670114,53.9064,-141.1246
/localization/pose_estimator/pose_with_covariance,30910670116,53.9108,-141.1122
/localization/pose_estimator/pose_with_covariance,31010670117,53.9111,-141.1228
/localization/pose_estimator/pose_with_covariance,31110670119,53.9120,-141.1139
/localization/pose_estimator/pose_with_covariance,31210670120,53.9063,-141.1097
/localization/pose_estimator/pose_with_covariance,31310670122,53.9062,-141.1227
/localization/pose_estimator/pose_with_covariance,31410670123,53.9121,-141.1124
/localization/pose_estimator/pose_with_covariance,31510670125,53.9048,-141.1183
/localization/pose_estimator/pose_with_covariance,31610670126,53.9059,-141.1142
/localization/pose_estimator/pose_with_covariance,31710670128,53.9132,-141.1151
/localization/pose_estimator/pose_with_covariance,31810670129,53.8996,-141.1169
/localization/pose_estimator/pose_with_covariance,31910670131,53.9119,-141.1212
/localization/pose_estimator/pose_with_covariance,32010670132,53.9044,-141.1190
/localization/pose_estimator/pose_with_covariance,32110670134,53.9043,-141.1261
/localization/pose_estimator/pose_with_covariance,32210670135,53.9224,-141.1119
/localization/pose_estimator/pose_with_covariance,32310670137,53.9046,-141.1170
/localization/pose_estimator/pose_with_covariance,32410670138,53.9074,-141.1225
/localization/pose_estimator/pose_with_covariance,32510670140,53.9098,-141.1193
/localization/pose_estimator/pose_with_covariance,32610670141,53.9063,-141.1116
/localization/pose_estimator/pose_with_covariance,32710670143,53.9025,-141.1164
/localization/pose_estimator/pose_with_covariance,32810670144,53.8936,-141.1106
/localization/pose_estimator/pose_with_covariance,32910670146,53.9037,-141.1075
/localization/pose_estimator/pose_with_covariance,33010670147,53.9060,-141.1162
/localization/pose_estimator/pose_with_covariance,33110670149,53.8980,-141.1121
/localization/pose_estimator/pose_with_covariance,33210670150,53.8952,-141.1101
/localization/pose_estimator/pose_with_covariance,33310670152,53.8962,-141.1089
/localization/pose_estimator/pose_with_covariance,33410670153,53.9073,-141.1179
/localization/pose_estimator/pose_with_covariance,33510670155,53.9007,-141.1232
/localization/pose_estimator/pose_with_covariance,33610670156,53.8993,-141.1191
/localization/pose_estimator/pose_with_covariance,33710670158,53.9119,-141.1105
/localization/pose_estimator/pose_with_covariance,33810670159,53.8920,-141.1077
/localization/pose_estimator/pose_with_covariance,33910670161,53.9005,-141.1052
/localization/pose_estimator/pose_with_covariance,34010670162,53.9018,-141.1191
/localization/pose_estimator/pose_with_covariance,34110670164,53.9178,-141.1225
/localization/pose_estimator/pose_with_covariance,34210670165,53.9286,-141.1241
/localization/pose_estimator/pose_with_covariance,34310670167,53.9226,-141.1209
/localization/pose_estimator/pose_with_covariance,34410670168,53.9378,-141.1176
/localization/pose_estimator/pose_with_covariance,34510670170,53.9521,-141.1220
/localization/pose_estimator/pose_with_covariance,34610670171,53.9789,-141.1217
/localization/pose_estimator/pose_with_covariance,34710670173,54.0130,-141.1157
/localization/pose_estimator/pose_with_covariance,34810670174,54.0576,-141.1180
/localization/pose_estimator/pose_with_covariance,34910670176,54.0968,-141.1101
/localization/pose_estimator/pose_with_covariance,35010670177,54.1619,-141.1136
/localization/pose_estimator/pose_with_covariance,35110670179,54.2138,-141.1174
/localization/pose_estimator/pose_with_covariance,35210670180,54.2973,-141.1096
/localization/pose_estimator/pose_with_covariance,35310670182,54.3743,-141.1108
/localization/pose_estimator/pose_with_covariance,35410670183,54.4662,-141.1157
/localization/pose_estimator/pose_with_covariance,35510670185,54.5816,-141.1165
/localization/pose_estimator/pose_with_covariance,35610670186,54.7125,-141.1187
/localization/pose_estimator/pose_with_covariance,35710670188,54.8304,-141.1141
/localization/pose_estimator/pose_with_covariance,35810670189,54.9676,-141.1052
/localization/pose_estimator/pose_with_covariance,35910670190,55.1248,-141.1167
/localization/pose_estimator/pose_with_covariance,36010670192,55.2935,-141.1280
/localization/pose_estimator/pose_with_covariance,36110670193,55.4341,-141.1251
/localization/pose_estimator/pose_with_covariance,36210670195,55.6029,-141.1321
/localization/pose_estimator/pose_with_covariance,36310670196,55.7726,-141.1342
/localization/pose_estimator/pose_with_covariance,36410670198,55.9622,-141.1502
/localization/pose_estimator/pose_with_covariance,36510670199,56.1466,-141.1519
/localization/pose_estimator/pose_with_covariance,36610670201,56.3599,-141.1669
/localization/pose_estimator/pose_with_covariance,36710670202,56.5476,-141.1653
/localization/pose_estimator/pose_with_covariance,36810670204,56.7829,-141.1706
/localization/pose_estimator/pose_with_covariance,36910670205,56.9999,-141.1815
/localization/pose_estimator/pose_with_covariance,37010670207,57.2275,-141.1668
/localization/pose_estimator/pose_with_covariance,37110670208,57.4911,-141.1624
/localization/pose_estimator/pose_with_covariance,37210670210,57.7512,-141.1730
/localization/pose_estimator/pose_with_covariance,37310670211,58.0345,-141.1728
/localization/pose_estimator/pose_with_covariance,37410670213,58.3234,-141.1819
/localization/pose_estimator/pose_with_covariance,37510670214,58.6149,-141.1868
/localization/pose_estimator/pose_with_covariance,37610670216,58.9140,-141.2108
/localization/pose_estimator/pose_with_covariance,37710670217,59.2246,-141.2175
/localization/pose_estimator/pose_with_covariance,37810670219,59.5443,-141.2260
/localization/pose_estimator/pose_with_covariance,37910670220,59.8650,-141.2393
/localization/pose_estimator/pose_with_covariance,38010670222,60.1794,-141.2114
/localization/pose_estimator/pose_with_covariance,38110670223,60.5355,-141.2241
/localization/pose_estimator/pose_with_covariance,38210670225,60.8755,-141.2264
/localization/pose_estimator/pose_with_covariance,38310670226,61.2585,-141.2258
/localization/pose_estimator/pose_with_covariance,38410670228,61.6428,-141.2260
/localization/pose_estimator/pose_with_covariance,38510670229,62.0320,-141.2239
/localization/pose_estimator/pose_with_covariance,38610670231,62.4332,-141.2235
/localization/pose_estimator/pose_with_covariance,38710670232,62.8143,-141.2221
/localization/pose_estimator/pose_with_covariance,38810670234,63.2124,-141.1822
/localization/pose_estimator/pose_with_covariance,38910670235,63.6095,-141.2076
/localization/pose_estimator/pose_with_covariance,39010670237,64.0099,-141.1799
/localization/pose_estimator/pose_with_covariance,39110670238,64.4408,-141.1735
/localization/pose_estimator/pose_with_covariance,39210670240,64.8691,-141.1584
/localization/pose_estimator/pose_with_covariance,39310670241,65.2922,-141.1194
/localization/pose_estimator/pose_with_covariance,39410670243,65.7064,-141.0958
/localization/pose_estimator/pose_with_covariance,39510670244,66.1253,-141.0931
/localization/pose_estimator/pose_with_covariance,39610670246,66.5320,-141.0713
/localization/pose_estimator/pose_with_covariance,39710670247,66.9571,-141.0394
/localization/pose_estimator/pose_with_covariance,39810670249,67.3670,-140.9978
/localization/pose_estimator/pose_with_covariance,39910670250,67.7967,-140.9634
/localization/pose_estimator/pose_with_covariance,40010670252,68.2286,-140.9402
/localization/pose_estimator/pose_with_covariance,40110670253,68.6250,-140.9124
/localization/pose_estimator/pose_with_covariance,40210670255,69.0527,-140.8498
/localization/pose_estimator/pose_with_covariance,40310670256,69.4781,-140.8017
/localization/pose_estimator/pose_with_covariance,40410670258,69.8862,-140.7533
/localization/pose_estimator/pose_with_covariance,40510670259,70.2948,-140.6842
/localization/pose_estimator/pose_with_covariance,40610670261,70.7200,-140.6458
/localization/pose_estimator/pose_with_covariance,40710670262,71.1426,-140.5871
/localization/pose_estimator/pose_with_covariance,40810670263,71.5640,-140.5277
/localization/pose_estimator/pose_with_covariance,40910670265,71.9736,-140.4678
/localization/pose_estimator/pose_with_covariance,41010670266,72.3859,-140.3806
/localization/pose_estimator/pose_with_covariance,41110670268,72.7897,-140.3021
/localization/pose_estimator/pose_with_covariance,41210670269,73.1980,-140.2373
/localization/pose_estimator/pose_with_covariance,41310670271,73.6013,-140.1584
/localization/pose_estimator/pose_with_covariance,41410670272,74.0266,-140.0809
/localization/pose_estimator/pose_with_covariance,41510670274,74.4177,-139.9978
/localization/pose_estimator/pose_with_covariance,41610670275,74.8263,-139.9010
/localization/pose_estimator/pose_with_covariance,41710670277,75.2489,-139.7861
/localization/pose_estimator/pose_with_covariance,41810670278,75.6328,-139.6810
/localization/pose_estimator/pose_with_covariance,41910670280,76.0517,-139.5782
/localization/pose_estimator/pose_with_covariance,42010670281,76.4522,-139.4653
/localization/pose_estimator/pose_with_covariance,42110670283,76.8429,-139.3455
/localization/pose_estimator/pose_with_covariance,42210670284,77.2273,-139.2214
/localization/pose_estimator/pose_with_covariance,42310670286,77.6483,-139.0963
/localization/pose_estimator/pose_with_covariance,42410670287,78.0267,-138.9873
/localization/pose_estimator/pose_with_covariance,42510670289,78.4311,-138.8309
/localization/pose_estimator/pose_with_covariance,42610670290,78.8499,-138.6965
/localization/pose_estimator/pose_with_covariance,42710670292,79.2275,-138.5557
/localization/pose_estimator/pose_with_covariance,42810670293,79.6091,-138.4088
/localization/pose_estimator/pose_with_covariance,42910670295,79.9869,-138.2785
/localization/pose_estimator/pose_with_covariance,43010670296,80.3651,-138.1217
/localization/pose_estimator/pose_with_covariance,43110670298,80.7699,-137.9648
/localization/pose_estimator/pose_with_covariance,43210670299,81.1351,-137.8027
/localization/pose_estimator/pose_with_covariance,43310670301,81.5029,-137.6481
/localization/pose_estimator/pose_with_covariance,43410670302,81.9127,-137.4719
/localization/pose_estimator/pose_with_covariance,43510670304,82.2773,-137.2971
/localization/pose_estimator/pose_with_covariance,43610670305,82.6509,-137.1244
/localization/pose_estimator/pose_with_covariance,43710670307,83.0264,-136.9440
/localization/pose_estimator/pose_with_covariance,43810670308,83.4021,-136.7643
/localization/pose_estimator/pose_with_covariance,43910670310,83.7747,-136.5701
/localization/pose_estimator/pose_with_covariance,44010670311,84.1665,-136.3698
/localization/pose_estimator/pose_with_covariance,44110670313,84.5259,-136.1587
/localization/pose_estimator/pose_with_covariance,44210670314,84.8997,-135.9588
/localization/pose_estimator/pose_with_covariance,44310670316,85.2423,-135.7512
/localization/pose_estimator/pose_with_covariance,44410670317,85.6013,-135.5479
/localization/pose_estimator/pose_with_covariance,44510670319,85.9739,-135.3341
/localization/pose_estimator/pose_with_covariance,44610670320,86.3135,-135.1161
/localization/pose_estimator/pose_with_covariance,44710670322,86.6859,-134.8898
/localization/pose_estimator/pose_with_covariance,44810670323,87.0310,-134.6774
/localization/pose_estimator/pose_with_covariance,44910670325,87.3835,-134.4518
/localization/pose_estimator/pose_with_covariance,45010670326,87.7302,-134.2189
/localization/pose_estimator/pose_with_covariance,45110670328,88.0729,-133.9900
/localization/pose_estimator/pose_with_covariance,45210670329,88.4274,-133.7518
/localization/pose_estimator/pose_with_covariance,45310670331,88.7587,-133.5315
/localization/pose_estimator/pose_with_covariance,45410670332,89.1166,-133.2835
/localization/pose_estimator/pose_with_covariance,45510670334,89.4609,-133.0358
/localization/pose_estimator/pose_with_covariance,45610670335,89.7935,-132.7835
/localization/pose_estimator/pose_with_covariance,45710670337,90.1237,-132.5205
/localization/pose_estimator/pose_with_covariance,45810670338,90.4449,-132.2667
/localization/pose_estimator/pose_with_covariance,45910670339,90.7585,-132.0075
/localization/pose_estimator/pose_with_covariance,46010670341,91.0735,-131.7428
/localization/pose_estimator/pose_with_covariance,46110670342,91.3980,-131.4668
/localization/pose_estimator/pose_with_covariance,46210670344,91.7097,-131.1998
/localization/pose_estimator/pose_with_covariance,46310670345,92.0183,-130.9333
/localization/pose_estimator/pose_with_covariance,46410670347,92.3329,-130.6620
/localization/pose_estimator/pose_with_covariance,46510670348,92.6523,-130.3768
/localization/pose_estimator/pose_with_covariance,46610670350,92.9645,-130.1034
/localization/pose_estimator/pose_with_covariance,46710670351,93.2415,-129.8249
/localization/pose_estimator/pose_with_covariance,46810670353,93.5788,-129.5362
/localization/pose_estimator/pose_with_covariance,46910670354,93.8672,-129.2289
/localization/pose_estimator/pose_with_covariance,47010670356,94.1494,-128.9271
/localization/pose_estimator/pose_with_covariance,47110670357,94.4486,-128.6277
/localization/pose_estimator/pose_with_covariance,47210670359,94.7436,-128.3236
/localization/pose_estimator/pose_with_covariance,47310670360,95.0308,-128.0352
/localization/pose_estimator/pose_with_covariance,47410670362,95.2979,-127.7270
/localization/pose_estimator/pose_with_covariance,47510670363,95.5940,-127.4184
/localization/pose_estimator/pose_with_covariance,47610670365,95.8524,-127.1009
/localization/pose_estimator/pose_with_covariance,47710670366,96.1213,-126.7837
/localization/pose_estimator/pose_with_covariance,47810670368,96.4021,-126.4762
/localization/pose_estimator/pose_with_covariance,47910670369,96.6908,-126.1654
/localization/pose_estimator/pose_with_covariance,48010670371,96.9536,-125.8620
/localization/pose_estimator/pose_with_covariance,48110670372,97.2124,-125.5238
/localization/pose_estimator/pose_with_covariance,48210670374,97.4819,-125.2106
/localization/pose_estimator/pose_with_covariance,48310670375,97.7680,-124.8856
/localization/pose_estimator/pose_with_covariance,48410670377,98.0118,-124.5483
/localization/pose_estimator/pose_with_covariance,48510670378,98.2609,-124.2122
/localization/pose_estimator/pose_with_covariance,48610670380,98.5121,-123.8839
/localization/pose_estimator/pose_with_covariance,48710670381,98.7615,-123.5512
/localization/pose_estimator/pose_with_covariance,48810670383,98.9906,-123.2119
/localization/pose_estimator/pose_with_covariance,48960670385,99.3604,-122.7191
/localization/pose_estimator/pose_with_covariance,49010670386,99.4788,-122.5489
/localization/pose_estimator/pose_with_covariance,49110670387,99.7186,-122.2012
/localization/pose_estimator/pose_with_covariance,49210670389,99.9593,-121.8519
/localization/pose_estimator/pose_with_covariance,49310670390,100.1834,-121.5023
/localization/pose_estimator/pose_with_covariance,49410670392,100.4109,-121.1636
/localization/pose_estimator/pose_with_covariance,49510670393,100.6308,-120.8067
/localization/pose_estimator/pose_with_covariance,49610670395,100.8586,-120.4561
/localization/pose_estimator/pose_with_covariance,49710670396,101.0853,-120.0972
/localization/pose_estimator/pose_with_covariance,49810670398,101.2952,-119.7473
/localization/pose_estimator/pose_with_covariance,49960670400,101.6385,-119.2134
/localization/pose_estimator/pose_with_covariance,50060670401,101.8624,-118.8679
/localization/pose_estimator/pose_with_covariance,50160670403,102.0472,-118.5136
/localization/pose_estimator/pose_with_covariance,50260670404,102.2595,-118.1509
/localization/pose_estimator/pose_with_covariance,50360670406,102.4467,-117.7832
/localization/pose_estimator/pose_with_covariance,50460670407,102.6346,-117.4149
/localization/pose_estimator/pose_with_covariance,50560670409,102.8299,-117.0423
/localization/pose_estimator/pose_with_covariance,50660670410,103.0228,-116.6697
/localization/pose_estimator/pose_with_covariance,50760670412,103.2097,-116.2951
/localization/pose_estimator/pose_with_covariance,50860670413,103.3975,-115.9313
/localization/pose_estimator/pose_with_covariance,50960670415,103.6169,-115.5594
/localization/pose_estimator/pose_with_covariance,51060670416,103.7895,-115.1968
/localization/pose_estimator/pose_with_covariance,51160670418,103.9644,-114.8254
/localization/pose_estimator/pose_with_covariance,51260670419,104.1387,-114.4329
/localization/pose_estimator/pose_with_covariance,51360670421,104.2874,-114.0627
/localization/pose_estimator/pose_with_covariance,51460670422,104.4775,-113.6727
/localization/pose_estimator/pose_with_covariance,51560670424,104.6257,-113.2814
/localization/pose_estimator/pose_with_covariance,51660670425,104.7840,-112.9000
/localization/pose_estimator/pose_with_covariance,51760670427,104.9476,-112.5063
/localization/pose_estimator/pose_with_covariance,51860670428,105.1162,-112.1288
/localization/pose_estimator/pose_with_covariance,51960670430,105.2346,-111.7477
/localization/pose_estimator/pose_with_covariance,52060670431,105.4130,-111.3735
/localization/pose_estimator/pose_with_covariance,52160670433,105.5445,-110.9775
/localization/pose_estimator/pose_with_covariance,52260670434,105.7042,-110.5707
/localization/pose_estimator/pose_with_covariance,52360670436,105.8276,-110.1702
/localization/pose_estimator/pose_with_covariance,52460670437,105.9667,-109.7779
/localization/pose_estimator/pose_with_covariance,52560670439,106.0907,-109.3994
/localization/pose_estimator/pose_with_covariance,52660670440,106.2325,-108.9919
/localization/pose_estimator/pose_with_covariance,52760670442,106.3458,-108.6017
/localization/pose_estimator/pose_with_covariance,52860670443,106.4629,-108.2112
/localization/pose_estimator/pose_with_covariance,52960670445,106.6030,-107.8065
/localization/pose_estimator/pose_with_covariance,53060670446,106.7264,-107.4151
/localization/pose_estimator/pose_with_covariance,53160670448,106.8422,-107.0056
/localization/pose_estimator/pose_with_covariance,53260670449,106.9413,-106.6027
/localization/pose_estimator/pose_with_covariance,53360670451,107.0679,-106.1982
/localization/pose_estimator/pose_with_covariance,53460670452,107.2006,-105.7919
/localization/pose_estimator/pose_with_covariance,53560670453,107.2855,-105.3822
/localization/pose_estimator/pose_with_covariance,53660670455,107.3780,-104.9705
/localization/pose_estimator/pose_with_covariance,53760670456,107.4773,-104.5746
/localization/pose_estimator/pose_with_covariance,53860670458,107.5781,-104.1773
/localization/pose_estimator/pose_with_covariance,53960670459,107.6790,-103.7701
/localization/pose_estimator/pose_with_covariance,54060670461,107.7707,-103.3671
/localization/pose_estimator/pose_with_covariance,54160670462,107.8504,-102.9607
/localization/pose_estimator/pose_with_covariance,54260670464,107.9192,-102.5589
/localization/pose_estimator/pose_with_covariance,54360670465,108.0002,-102.1434
/localization/pose_estimator/pose_with_covariance,54460670467,108.0868,-101.7317
/localization/pose_estimator/pose_with_covariance,54560670468,108.1494,-101.3258
/localization/pose_estimator/pose_with_covariance,54660670470,108.2263,-100.9166
/localization/pose_estimator/pose_with_covariance,54760670471,108.3125,-100.5195
/localization/pose_estimator/pose_with_covariance,54860670473,108.3691,-100.0911
/localization/pose_estimator/pose_with_covariance,54960670474,108.4154,-99.6817
/localization/pose_estimator/pose_with_covariance,55060670476,108.4894,-99.2787
/localization/pose_estimator/pose_with_covariance,55160670477,108.5352,-98.8573
/localization/pose_estimator/pose_with_covariance,55260670479,108.5757,-98.4436
/localization/pose_estimator/pose_with_covariance,55360670480,108.6493,-98.0222
/localization/pose_estimator/pose_with_covariance,55460670482,108.7172,-97.5999
/localization/pose_estimator/pose_with_covariance,55560670483,108.7530,-97.1845
/localization/pose_estimator/pose_with_covariance,55660670485,108.7884,-96.7757
/localization/pose_estimator/pose_with_covariance,55760670486,108.8322,-96.3698
/localization/pose_estimator/pose_with_covariance,55860670488,108.8741,-95.9465
/localization/pose_estimator/pose_with_covariance,55960670489,108.9065,-95.5388
/localization/pose_estimator/pose_with_covariance,56060670491,108.9234,-95.1255
/localization/pose_estimator/pose_with_covariance,56160670492,108.9494,-94.6990
/localization/pose_estimator/pose_with_covariance,56260670494,108.9956,-94.2892
/localization/pose_estimator/pose_with_covariance,56360670495,109.0276,-93.8794
/localization/pose_estimator/pose_with_covariance,56460670497,109.0387,-93.4670
/localization/pose_estimator/pose_with_covariance,56560670498,109.0527,-93.0350
/localization/pose_estimator/pose_with_covariance,56660670500,109.0738,-92.6133
/localization/pose_estimator/pose_with_covariance,56760670501,109.0879,-92.1985
/localization/pose_estimator/pose_with_covariance,56860670503,109.1233,-91.7843
/localization/pose_estimator/pose_with_covariance,56960670504,109.1460,-91.3662
/localization/pose_estimator/pose_with_covariance,57060670506,109.1512,-90.9414
/localization/pose_estimator/pose_with_covariance,57160670507,109.1792,-90.5359
/localization/pose_estimator/pose_with_covariance,57260670509,109.2062,-90.1275
/localization/pose_estimator/pose_with_covariance,57360670510,109.2012,-89.7201
/localization/pose_estimator/pose_with_covariance,57460670512,109.2121,-89.3141
/localization/pose_estimator/pose_with_covariance,57560670513,109.2159,-88.8845
/localization/pose_estimator/pose_with_covariance,57660670515,109.2267,-88.4599
/localization/pose_estimator/pose_with_covariance,57760670516,109.2592,-88.0435
/localization/pose_estimator/pose_with_covariance,57860670518,109.2422,-87.6529
/localization/pose_estimator/pose_with_covariance,57960670519,109.2531,-87.2376
/localization/pose_estimator/pose_with_covariance,58060670521,109.2537,-86.8190
/localization/pose_estimator/pose_with_covariance,58160670522,109.2770,-86.3932
/localization/pose_estimator/pose_with_covariance,58260670524,109.2859,-85.9732
/localization/pose_estimator/pose_with_covariance,58360670525,109.2724,-85.5602
/localization/pose_estimator/pose_with_covariance,58460670527,109.3022,-85.1508
/localization/pose_estimator/pose_with_covariance,58560670528,109.2995,-84.7445
/localization/pose_estimator/pose_with_covariance,58660670529,109.2822,-84.3137
/localization/pose_estimator/pose_with_covariance,58760670531,109.2877,-83.9157
/localization/pose_estimator/pose_with_covariance,58860670532,109.2883,-83.5050
/localization/pose_estimator/pose_with_covariance,58960670534,109.2966,-83.0736
/localization/pose_estimator/pose_with_covariance,59060670535,109.3042,-82.6619
/localization/pose_estimator/pose_with_covariance,59160670537,109.3002,-82.2513
/localization/pose_estimator/pose_with_covariance,59260670538,109.3104,-81.8269
/localization/pose_estimator/pose_with_covariance,59360670540,109.2773,-81.4175
/localization/pose_estimator/pose_with_covariance,59460670541,109.3112,-80.9970
/localization/pose_estimator/pose_with_covariance,59560670543,109.3117,-80.5838
/localization/pose_estimator/pose_with_covariance,59660670544,109.3162,-80.1652
/localization/pose_estimator/pose_with_covariance,59760670546,109.3028,-79.7487
/localization/pose_estimator/pose_with_covariance,59860670547,109.3228,-79.3527
/localization/pose_estimator/pose_with_covariance,59960670549,109.3131,-78.9240
/localization/pose_estimator/pose_with_covariance,60060670550,109.3351,-78.5102
/localization/pose_estimator/pose_with_covariance,60160670552,109.3200,-78.0839
/localization/pose_estimator/pose_with_covariance,60260670553,109.3269,-77.6825
/localization/pose_estimator/pose_with_covariance,60360670555,109.3197,-77.2572
/localization/pose_estimator/pose_with_covariance,60460670556,109.3393,-76.8392
/localization/pose_estimator/pose_with_covariance,60560670558,109.3263,-76.4380
/localization/pose_estimator/pose_with_covariance,60660670559,109.3463,-76.0264
/localization/pose_estimator/pose_with_covariance,60760670561,109.3303,-75.6021
/localization/pose_estimator/pose_with_covariance,60860670562,109.3130,-75.2006
/localization/pose_estimator/pose_with_covariance,60960670564,109.3182,-74.7822
/localization/pose_estimator/pose_with_covariance,61060670565,109.3158,-74.3533
/localization/pose_estimator/pose_with_covariance,61160670567,109.3527,-73.9154
/localization/pose_estimator/pose_with_covariance,61260670568,109.3362,-73.5121
/localization/pose_estimator/pose_with_covariance,61360670570,109.3505,-73.0804
/localization/pose_estimator/pose_with_covariance,61460670571,109.3472,-72.6701
/localization/pose_estimator/pose_with_covariance,61560670573,109.3572,-72.2585
/localization/pose_estimator/pose_with_covariance,61660670574,109.3475,-71.8541
/localization/pose_estimator/pose_with_covariance,61760670576,109.3231,-71.4247
/localization/pose_estimator/pose_with_covariance,61860670577,109.3301,-71.0004
/localization/pose_estimator/pose_with_covariance,61960670579,109.3251,-70.5884
/localization/pose_estimator/pose_with_covariance,62060670580,109.3332,-70.1727
/localization/pose_estimator/pose_with_covariance,62160670582,109.3397,-69.7619
/localization/pose_estimator/pose_with_covariance,62260670583,109.3452,-69.3406
/localization/pose_estimator/pose_with_covariance,62360670585,109.3401,-68.9372
/localization/pose_estimator/pose_with_covariance,62460670586,109.3314,-68.5269
/localization/pose_estimator/pose_with_covariance,62560670588,109.3542,-68.0991
/localization/pose_estimator/pose_with_covariance,62660670589,109.3549,-67.6851
/localization/pose_estimator/pose_with_covariance,62760670591,109.3596,-67.2677
/localization/pose_estimator/pose_with_covariance,62860670592,109.3633,-66.8551
/localization/pose_estimator/pose_with_covariance,62960670594,109.3772,-66.4338
/localization/pose_estimator/pose_with_covariance,63060670595,109.3560,-66.0182
/localization/pose_estimator/pose_with_covariance,63160670597,109.3859,-65.6056
/localization/pose_estimator/pose_with_covariance,63260670598,109.3683,-65.2035
/localization/pose_estimator/pose_with_covariance,63360670600,109.3865,-64.7545
/localization/pose_estimator/pose_with_covariance,63460670601,109.4102,-64.3224
/localization/pose_estimator/pose_with_covariance,63560670603,109.3962,-63.9183
/localization/pose_estimator/pose_with_covariance,63660670604,109.4038,-63.5205
/localization/pose_estimator/pose_with_covariance,63760670605,109.4088,-63.0940
/localization/pose_estimator/pose_with_covariance,63860670607,109.4129,-62.6860
/localization/pose_estimator/pose_with_covariance,63960670608,109.4150,-62.2829
/localization/pose_estimator/pose_with_covariance,64060670610,109.4174,-61.8615
/localization/pose_estimator/pose_with_covariance,64160670611,109.4301,-61.4272
/localization/pose_estimator/pose_with_covariance,64260670613,109.4142,-61.0138
/localization/pose_estimator/pose_with_covariance,64360670614,109.4096,-60.5915
/localization/pose_estimator/pose_with_covariance,64460670616,109.4182,-60.1799
/localization/pose_estimator/pose_with_covariance,64560670617,109.4188,-59.7737
/localization/pose_estimator/pose_with_covariance,64660670619,109.4564,-59.3658
/localization/pose_estimator/pose_with_covariance,64760670620,109.4520,-58.9392
/localization/pose_estimator/pose_with_covariance,64860670622,109.4561,-58.5281
/localization/pose_estimator/pose_with_covariance,64960670623,109.4674,-58.1091
/localization/pose_estimator/pose_with_covariance,65060670625,109.4672,-57.6951
/localization/pose_estimator/pose_with_covariance,65160670626,109.4701,-57.2935
/localization/pose_estimator/pose_with_covariance,65260670628,109.4700,-56.8782
/localization/pose_estimator/pose_with_covariance,65360670629,109.4758,-56.4593
/localization/pose_estimator/pose_with_covariance,65460670631,109.4700,-56.0526
/localization/pose_estimator/pose_with_covariance,65560670632,109.4804,-55.6239
/localization/pose_estimator/pose_with_covariance,65660670634,109.5020,-55.1991
/localization/pose_estimator/pose_with_covariance,65760670635,109.4862,-54.7970
/localization/pose_estimator/pose_with_covariance,65860670637,109.4891,-54.3932
/localization/pose_estimator/pose_with_covariance,65960670638,109.4961,-53.9776
/localization/pose_estimator/pose_with_covariance,66060670640,109.5045,-53.5546
/localization/pose_estimator/pose_with_covariance,66160670641,109.4972,-53.1486
/localization/pose_estimator/pose_with_covariance,66260670643,109.5204,-52.7216
/localization/pose_estimator/pose_with_covariance,66360670644,109.5124,-52.2952
/localization/pose_estimator/pose_with_covariance,66460670646,109.5139,-51.8879
/localization/pose_estimator/pose_with_covariance,66560670647,109.5378,-51.4812
/localization/pose_estimator/pose_with_covariance,66660670649,109.5257,-51.0525
/localization/pose_estimator/pose_with_covariance,66760670650,109.5403,-50.6372
/localization/pose_estimator/pose_with_covariance,66860670652,109.5428,-50.2068
/localization/pose_estimator/pose_with_covariance,66960670653,109.5353,-49.7843
/localization/pose_estimator/pose_with_covariance,67060670655,109.5315,-49.3789
/localization/pose_estimator/pose_with_covariance,67160670656,109.5476,-48.9781
/localization/pose_estimator/pose_with_covariance,67260670658,109.5585,-48.5469
/localization/pose_estimator/pose_with_covariance,67360670659,109.5528,-48.1453
/localization/pose_estimator/pose_with_covariance,67460670661,109.5668,-47.7141
/localization/pose_estimator/pose_with_covariance,67560670662,109.5512,-47.2878
/localization/pose_estimator/pose_with_covariance,67660670664,109.5540,-46.8772
/localization/pose_estimator/pose_with_covariance,67760670665,109.5810,-46.4536
/localization/pose_estimator/pose_with_covariance,67860670667,109.5493,-46.0472
/localization/pose_estimator/pose_with_covariance,67960670668,109.5791,-45.6285
/localization/pose_estimator/pose_with_covariance,68060670670,109.5629,-45.2092
/localization/pose_estimator/pose_with_covariance,68160670671,109.5663,-44.7785
/localization/pose_estimator/pose_with_covariance,68260670673,109.5659,-44.3648
/localization/pose_estimator/pose_with_covariance,68360670674,109.5781,-43.9495
/localization/pose_estimator/pose_with_covariance,68460670676,109.5640,-43.5207
/localization/pose_estimator/pose_with_covariance,68560670677,109.5817,-43.1170
/localization/pose_estimator/pose_with_covariance,68660670678,109.5799,-42.7087
/localization/pose_estimator/pose_with_covariance,68760670680,109.6074,-42.2761
/localization/pose_estimator/pose_with_covariance,68860670681,109.6029,-41.8765
/localization/pose_estimator/pose_with_covariance,68960670683,109.6223,-41.4455
/localization/pose_estimator/pose_with_covariance,69060670684,109.6023,-41.0305
/localization/pose_estimator/pose_with_covariance,69160670686,109.6020,-40.6117
/localization/pose_estimator/pose_with_covariance,69260670687,109.6028,-40.2167
/localization/pose_estimator/pose_with_covariance,69360670689,109.6062,-39.7844
/localization/pose_estimator/pose_with_covariance,69460670690,109.5999,-39.3798
/localization/pose_estimator/pose_with_covariance,69560670692,109.6122,-38.9551
/localization/pose_estimator/pose_with_covariance,69660670693,109.6092,-38.5355
/localization/pose_estimator/pose_with_covariance,69760670695,109.6388,-38.1190
/localization/pose_estimator/pose_with_covariance,69860670696,109.6197,-37.7296
/localization/pose_estimator/pose_with_covariance,69960670698,109.6030,-37.3039
/localization/pose_estimator/pose_with_covariance,70060670699,109.6112,-36.8901
/localization/pose_estimator/pose_with_covariance,70160670701,109.6043,-36.4842
/localization/pose_estimator/pose_with_covariance,70260670702,109.5981,-36.0633
/localization/pose_estimator/pose_with_covariance,70360670704,109.6204,-35.6328
/localization/pose_estimator/pose_with_covariance,70460670705,109.5987,-35.2359
/localization/pose_estimator/pose_with_covariance,70560670707,109.6328,-34.7916
/localization/pose_estimator/pose_with_covariance,70660670708,109.6342,-34.3893
/localization/pose_estimator/pose_with_covariance,70760670710,109.6211,-33.9829
/localization/pose_estimator/pose_with_covariance,70860670711,109.6184,-33.5659
/localization/pose_estimator/pose_with_covariance,70960670713,109.6223,-33.1577
/localization/pose_estimator/pose_with_covariance,71060670714,109.6167,-32.7271
/localization/pose_estimator/pose_with_covariance,71160670716,109.6459,-32.3104
/localization/pose_estimator/pose_with_covariance,71260670717,109.6206,-31.8900
/localization/pose_estimator/pose_with_covariance,71360670719,109.6281,-31.4856
/localization/pose_estimator/pose_with_covariance,71460670720,109.6119,-31.0672
/localization/pose_estimator/pose_with_covariance,71560670722,109.6129,-30.6502
/localization/pose_estimator/pose_with_covariance,71660670723,109.6074,-30.2459
/localization/pose_estimator/pose_with_covariance,71760670725,109.6314,-29.8302
/localization/pose_estimator/pose_with_covariance,71860670726,109.6071,-29.3830
/localization/pose_estimator/pose_with_covariance,71960670728,109.6321,-28.9599
/localization/pose_estimator/pose_with_covariance,72060670729,109.6368,-28.5541
/localization/pose_estimator/pose_with_covariance,72160670731,109.6249,-28.1690
/localization/pose_estimator/pose_with_covariance,72260670732,109.6278,-27.7364
/localization/pose_estimator/pose_with_covariance,72360670734,109.6371,-27.2962
/localization/pose_estimator/pose_with_covariance,72460670735,109.6347,-26.8995
/localization/pose_estimator/pose_with_covariance,72560670737,109.6635,-26.4669
/localization/pose_estimator/pose_with_covariance,72660670738,109.6252,-26.0463
/localization/pose_estimator/pose_with_covariance,72760670740,109.6371,-25.6356
/localization/pose_estimator/pose_with_covariance,72860670741,109.6493,-25.2295
/localization/pose_estimator/pose_with_covariance,72960670743,109.6434,-24.8194
/localization/pose_estimator/pose_with_covariance,73060670744,109.6569,-24.3941
/localization/pose_estimator/pose_with_covariance,73160670746,109.6580,-23.9658
/localization/pose_estimator/pose_with_covariance,73260670747,109.6509,-23.5602
/localization/pose_estimator/pose_with_covariance,73360670749,109.6466,-23.1138
/localization/pose_estimator/pose_with_covariance,73460670750,109.6485,-22.7273
/localization/pose_estimator/pose_with_covariance,73560670752,109.6593,-22.3095
/localization/pose_estimator/pose_with_covariance,73660670753,109.6491,-21.9050
/localization/pose_estimator/pose_with_covariance,73760670754,109.6747,-21.4928
/localization/pose_estimator/pose_with_covariance,73860670756,109.6738,-21.0592
/localization/pose_estimator/pose_with_covariance,73960670757,109.6737,-20.6681
/localization/pose_estimator/pose_with_covariance,74060670759,109.6973,-20.2266
/localization/pose_estimator/pose_with_covariance,74160670760,109.6785,-19.7926
/localization/pose_estimator/pose_with_covariance,74260670762,109.6891,-19.3777
/localization/pose_estimator/pose_with_covariance,74360670763,109.6815,-18.9387
/localization/pose_estimator/pose_with_covariance,74460670765,109.6981,-18.5427
/localization/pose_estimator/pose_with_covariance,74560670766,109.6992,-18.1504
/localization/pose_estimator/pose_with_covariance,74660670768,109.7108,-17.7199
/localization/pose_estimator/pose_with_covariance,74760670769,109.7100,-17.2785
/localization/pose_estimator/pose_with_covariance,74860670771,109.7074,-16.8660
/localization/pose_estimator/pose_with_covariance,74960670772,109.7118,-16.4455
/localization/pose_estimator/pose_with_covariance,75060670774,109.7365,-16.0416
/localization/pose_estimator/pose_with_covariance,75160670775,109.7206,-15.6410
/localization/pose_estimator/pose_with_covariance,75260670777,109.7387,-15.2278
/localization/pose_estimator/pose_with_covariance,75360670778,109.7330,-14.8160
/localization/pose_estimator/pose_with_covariance,75460670780,109.7462,-14.3731
/localization/pose_estimator/pose_with_covariance,75560670781,109.7568,-13.9601
/localization/pose_estimator/pose_with_covariance,75660670783,109.7575,-13.5422
/localization/pose_estimator/pose_with_covariance,75760670784,109.7476,-13.1191
/localization/pose_estimator/pose_with_covariance,75860670786,109.7539,-12.7435
/localization/pose_estimator/pose_with_covariance,75960670787,109.7464,-12.3203
/localization/pose_estimator/pose_with_covariance,76060670789,109.7536,-11.8978
/localization/pose_estimator/pose_with_covariance,76160670790,109.7631,-11.4824
/localization/pose_estimator/pose_with_covariance,76260670792,109.7582,-11.0617
/localization/pose_estimator/pose_with_covariance,76360670793,109.7621,-10.6370
/localization/pose_estimator/pose_with_covariance,76460670795,109.7708,-10.2006
/localization/pose_estimator/pose_with_covariance,76560670796,109.7665,-9.7963
/localization/pose_estimator/pose_with_covariance,76660670798,109.7743,-9.3916
/localization/pose_estimator/pose_with_covariance,76760670799,109.7625,-9.0000
/localization/pose_estimator/pose_with_covariance,76860670801,109.7815,-8.5931
/localization/pose_estimator/pose_with_covariance,76960670802,109.7759,-8.1378
/localization/pose_estimator/pose_with_covariance,77060670804,109.7713,-7.7112
/localization/pose_estimator/pose_with_covariance,77160670805,109.7747,-7.3093
/localization/pose_estimator/pose_with_covariance,77260670807,109.7989,-6.8879
/localization/pose_estimator/pose_with_covariance,77360670808,109.8124,-6.4789
/localization/pose_estimator/pose_with_covariance,77460670810,109.8008,-6.0566
/localization/pose_estimator/pose_with_covariance,77560670811,109.7664,-5.6510
/localization/pose_estimator/pose_with_covariance,77660670813,109.7893,-5.2154
/localization/pose_estimator/pose_with_covariance,77760670814,109.7946,-4.8257
/localization/pose_estimator/pose_with_covariance,77860670816,109.7913,-4.3922
/localization/pose_estimator/pose_with_covariance,77960670817,109.7981,-3.9660
/localization/pose_estimator/pose_with_covariance,78060670819,109.8204,-3.5580
/localization/pose_estimator/pose_with_covariance,78160670820,109.8157,-3.1686
/localization/pose_estimator/pose_with_covariance,78260670822,109.8465,-2.7414
/localization/pose_estimator/pose_with_covariance,78360670823,109.8284,-2.3302
/localization/pose_estimator/pose_with_covariance,78460670825,109.8179,-1.8637
/localization/pose_estimator/pose_with_covariance,78560670826,109.8154,-1.4558
/localization/pose_estimator/pose_with_covariance,78660670828,109.8315,-1.0433
/localization/pose_estimator/pose_with_covariance,78760670829,109.8478,-0.6354
/localization/pose_estimator/pose_with_covariance,78860670830,109.8416,-0.2163
/localization/pose_estimator/pose_with_covariance,78960670832,109.8354,0.1962
/localization/pose_estimator/pose_with_covariance,79060670833,109.8334,0.6069
/localization/pose_estimator/pose_with_covariance,79160670835,109.8396,1.0218
/localization/pose_estimator/pose_with_covariance,79260670836,109.8399,1.4562
/localization/pose_estimator/pose_with_covariance,79360670838,109.8512,1.8559
/localization/pose_estimator/pose_with_covariance,79460670839,109.8589,2.2796
/localization/pose_estimator/pose_with_covariance,79560670841,109.8558,2.6966
/localization/pose_estimator/pose_with_covariance,79660670842,109.8713,3.0945
/localization/pose_estimator/pose_with_covariance,79760670844,109.8595,3.5150
/localization/pose_estimator/pose_with_covariance,79860670845,109.8722,3.9425
/localization/pose_estimator/pose_with_covariance,79960670847,109.8826,4.3748
/localization/pose_estimator/pose_with_covariance,80060670848,109.8850,4.7862
/localization/pose_estimator/pose_with_covariance,80160670850,109.8725,5.1909
/localization/pose_estimator/pose_with_covariance,80260670851,109.9006,5.5702
/localization/pose_estimator/pose_with_covariance,80360670853,109.8835,6.0257
/localization/pose_estimator/pose_with_covariance,80460670854,109.8760,6.4583
/localization/pose_estimator/pose_with_covariance,80560670856,109.8748,6.8618
/localization/pose_estimator/pose_with_covariance,80660670857,109.8495,7.2765
/localization/pose_estimator/pose_with_covariance,80760670859,109.8529,7.6987
/localization/pose_estimator/pose_with_covariance,80860670860,109.8450,8.1175
/localization/pose_estimator/pose_with_covariance,80960670862,109.8588,8.5205
/localization/pose_estimator/pose_with_covariance,81060670863,109.8670,8.9341
/localization/pose_estimator/pose_with_covariance,81160670865,109.8824,9.3674
/localization/pose_estimator/pose_with_covariance,81260670866,109.8707,9.7889
/localization/pose_estimator/pose_with_covariance,81360670868,109.8546,10.2301
/localization/pose_estimator/pose_with_covariance,81460670869,109.8460,10.6219
/localization/pose_estimator/pose_with_covariance,81560670871,109.8638,11.0352
/localization/pose_estimator/pose_with_covariance,81660670872,109.8933,11.4366
/localization/pose_estimator/pose_with_covariance,81760670874,109.8855,11.8586
/localization/pose_estimator/pose_with_covariance,81860670875,109.9064,12.2696
/localization/pose_estimator/pose_with_covariance,81960670877,109.8951,12.6967
/localization/pose_estimator/pose_with_covariance,82060670878,109.8887,13.1105
/localization/pose_estimator/pose_with_covariance,82160670880,109.8729,13.5200
/localization/pose_estimator/pose_with_covariance,82260670881,109.8876,13.9555
/localization/pose_estimator/pose_with_covariance,82360670883,109.9098,14.3555
/localization/pose_estimator/pose_with_covariance,82460670884,109.9483,14.7911
/localization/pose_estimator/pose_with_covariance,82560670886,109.9443,15.1810
/localization/pose_estimator/pose_with_covariance,82660670887,109.9325,15.6110
/localization/pose_estimator/pose_with_covariance,82760670889,109.9333,16.0450
/localization/pose_estimator/pose_with_covariance,82860670890,109.9433,16.4574
/localization/pose_estimator/pose_with_covariance,82960670892,109.9405,16.8658
/localization/pose_estimator/pose_with_covariance,83060670893,109.9549,17.2652
/localization/pose_estimator/pose_with_covariance,83160670895,109.9543,17.6865
/localization/pose_estimator/pose_with_covariance,83260670896,109.9728,18.0912
/localization/pose_estimator/pose_with_covariance,83360670898,109.9740,18.5032
/localization/pose_estimator/pose_with_covariance,83460670899,109.9726,18.9363
/localization/pose_estimator/pose_with_covariance,83560670901,109.9583,19.3445
/localization/pose_estimator/pose_with_covariance,83660670902,109.9723,19.7546
/localization/pose_estimator/pose_with_covariance,83760670904,109.9769,20.1686
/localization/pose_estimator/pose_with_covariance,83860670905,109.9694,20.5847
/localization/pose_estimator/pose_with_covariance,83960670906,109.9461,20.9977
/localization/pose_estimator/pose_with_covariance,84060670908,109.9184,21.4253
/localization/pose_estimator/pose_with_covariance,84160670909,109.9277,21.8562
/localization/pose_estimator/pose_with_covariance,84260670911,109.9222,22.2678
/localization/pose_estimator/pose_with_covariance,84360670912,109.9095,22.7140
/localization/pose_estimator/pose_with_covariance,84460670914,109.8879,23.1237
/localization/pose_estimator/pose_with_covariance,84560670915,109.8463,23.4988
/localization/pose_estimator/pose_with_covariance,84660670917,109.8438,23.9486
/localization/pose_estimator/pose_with_covariance,84760670918,109.8140,24.3548
/localization/pose_estimator/pose_with_covariance,84860670920,109.8005,24.7750
/localization/pose_estimator/pose_with_covariance,84960670921,109.7819,25.1903
/localization/pose_estimator/pose_with_covariance,85060670923,109.7570,25.6048
/localization/pose_estimator/pose_with_covariance,85160670924,109.6898,26.0084
/localization/pose_estimator/pose_with_covariance,85260670926,109.6417,26.4414
/localization/pose_estimator/pose_with_covariance,85360670927,109.6371,26.8397
/localization/pose_estimator/pose_with_covariance,85460670929,109.5797,27.2200
/localization/pose_estimator/pose_with_covariance,85560670930,109.5489,27.6361
/localization/pose_estimator/pose_with_covariance,85660670932,109.4930,28.0680
/localization/pose_estimator/pose_with_covariance,85760670933,109.4360,28.4739
/localization/pose_estimator/pose_with_covariance,85860670935,109.4122,28.9179
/localization/pose_estimator/pose_with_covariance,85960670936,109.3296,29.3309
/localization/pose_estimator/pose_with_covariance,86060670938,109.2651,29.7241
/localization/pose_estimator/pose_with_covariance,86160670939,109.2032,30.1161
/localization/pose_estimator/pose_with_covariance,86260670941,109.1316,30.5457
/localization/pose_estimator/pose_with_covariance,86360670942,109.0387,30.9262
/localization/pose_estimator/pose_with_covariance,86460670944,108.9625,31.3381
/localization/pose_estimator/pose_with_covariance,86560670945,108.8903,31.7380
/localization/pose_estimator/pose_with_covariance,86660670947,108.8216,32.1410
/localization/pose_estimator/pose_with_covariance,86760670948,108.7465,32.5477
/localization/pose_estimator/pose_with_covariance,86860670950,108.6491,32.9646
/localization/pose_estimator/pose_with_covariance,86960670951,108.5607,33.3749
/localization/pose_estimator/pose_with_covariance,87060670953,108.4833,33.7762
/localization/pose_estimator/pose_with_covariance,87160670954,108.3726,34.1824
/localization/pose_estimator/pose_with_covariance,87260670956,108.2722,34.5777
/localization/pose_estimator/pose_with_covariance,87360670957,108.1764,34.9697
/localization/pose_estimator/pose_with_covariance,87460670959,108.0609,35.3743
/localization/pose_estimator/pose_with_covariance,87560670960,107.9563,35.7826
/localization/pose_estimator/pose_with_covariance,87660670962,107.8503,36.1986
/localization/pose_estimator/pose_with_covariance,87760670963,107.7238,36.5901
/localization/pose_estimator/pose_with_covariance,87860670965,107.6074,36.9974
/localization/pose_estimator/pose_with_covariance,87960670966,107.4743,37.3866
/localization/pose_estimator/pose_with_covariance,88060670968,107.3397,37.7914
/localization/pose_estimator/pose_with_covariance,88160670969,107.1971,38.1689
/localization/pose_estimator/pose_with_covariance,88260670971,107.0532,38.5794
/localization/pose_estimator/pose_with_covariance,88360670972,106.9364,38.9579
/localization/pose_estimator/pose_with_covariance,88460670974,106.8005,39.3507
/localization/pose_estimator/pose_with_covariance,88560670975,106.6407,39.7013
/localization/pose_estimator/pose_with_covariance,88660670977,106.4756,40.1078
/localization/pose_estimator/pose_with_covariance,88760670978,106.3289,40.4677
/localization/pose_estimator/pose_with_covariance,88860670980,106.1533,40.8687
/localization/pose_estimator/pose_with_covariance,88960670981,105.9801,41.2525
/localization/pose_estimator/pose_with_covariance,89060670982,105.8339,41.6224
/localization/pose_estimator/pose_with_covariance,89160670984,105.6382,41.9787
/localization/pose_estimator/pose_with_covariance,89260670985,105.4822,42.3969
/localization/pose_estimator/pose_with_covariance,89360670987,105.3157,42.7718
/localization/pose_estimator/pose_with_covariance,89460670988,105.1235,43.1526
/localization/pose_estimator/pose_with_covariance,89560670990,104.9416,43.5317
/localization/pose_estimator/pose_with_covariance,89660670991,104.7606,43.8953
/localization/pose_estimator/pose_with_covariance,89760670993,104.5698,44.2745
/localization/pose_estimator/pose_with_covariance,89860670994,104.3725,44.6421
/localization/pose_estimator/pose_with_covariance,89960670996,104.1639,45.0033
/localization/pose_estimator/pose_with_covariance,90060670997,103.9575,45.3647
/localization/pose_estimator/pose_with_covariance,90160670999,103.7449,45.7280
/localization/pose_estimator/pose_with_covariance,90260671000,103.5365,46.0825
/localization/pose_estimator/pose_with_covariance,90360671002,103.3302,46.4594
/localization/pose_estimator/pose_with_covariance,90460671003,103.1052,46.8079
/localization/pose_estimator/pose_with_covariance,90560671005,102.8976,47.1638
/localization/pose_estimator/pose_with_covariance,90660671006,102.6764,47.5049
/localization/pose_estimator/pose_with_covariance,90760671008,102.4363,47.8561
/localization/pose_estimator/pose_with_covariance,90860671009,102.2095,48.1925
/localization/pose_estimator/pose_with_covariance,90960671011,101.9829,48.5403
/localization/pose_estimator/pose_with_covariance,91060671012,101.7466,48.9032
/localization/pose_estimator/pose_with_covariance,91160671014,101.5092,49.2391
/localization/pose_estimator/pose_with_covariance,91260671015,101.2670,49.5820
/localization/pose_estimator/pose_with_covariance,91360671017,101.0190,49.8947
/localization/pose_estimator/pose_with_covariance,91460671018,100.7601,50.2284
/localization/pose_estimator/pose_with_covariance,91560671020,100.5197,50.5516
/localization/pose_estimator/pose_with_covariance,91660671021,100.2594,50.9085
/localization/pose_estimator/pose_with_covariance,91760671023,99.9873,51.2292
/localization/pose_estimator/pose_with_covariance,91860671024,99.7295,51.5410
/localization/pose_estimator/pose_with_covariance,91960671026,99.4440,51.8544
/localization/pose_estimator/pose_with_covariance,92060671027,99.1847,52.1723
/localization/pose_estimator/pose_with_covariance,92160671029,98.9276,52.4827
/localization/pose_estimator/pose_with_covariance,92260671030,98.6371,52.7854
/localization/pose_estimator/pose_with_covariance,92360671032,98.3871,53.1083
/localization/pose_estimator/pose_with_covariance,92460671033,98.0953,53.4138
/localization/pose_estimator/pose_with_covariance,92560671035,97.8127,53.7231
/localization/pose_estimator/pose_with_covariance,92660671036,97.5173,54.0102
/localization/pose_estimator/pose_with_covariance,92760671038,97.2294,54.3238
/localization/pose_estimator/pose_with_covariance,92860671039,96.9430,54.6059
/localization/pose_estimator/pose_with_covariance,92960671041,96.6524,54.9042
/localization/pose_estimator/pose_with_covariance,93060671042,96.3363,55.1988
/localization/pose_estimator/pose_with_covariance,93160671044,96.0353,55.4961
/localization/pose_estimator/pose_with_covariance,93260671045,95.7424,55.7909
/localization/pose_estimator/pose_with_covariance,93360671047,95.4508,56.0595
/localization/pose_estimator/pose_with_covariance,93460671048,95.1224,56.3335
/localization/pose_estimator/pose_with_covariance,93560671050,94.8261,56.6253
/localization/pose_estimator/pose_with_covariance,93660671051,94.5256,56.8795
/localization/pose_estimator/pose_with_covariance,93760671053,94.2220,57.1652
/localization/pose_estimator/pose_with_covariance,93860671054,93.8943,57.4424
/localization/pose_estimator/pose_with_covariance,93960671055,93.5587,57.7157
/localization/pose_estimator/pose_with_covariance,94060671057,93.2329,57.9809
/localization/pose_estimator/pose_with_covariance,94160671058,92.9194,58.2320
/localization/pose_estimator/pose_with_covariance,94260671060,92.6021,58.4744
/localization/pose_estimator/pose_with_covariance,94360671061,92.2541,58.7193
/localization/pose_estimator/pose_with_covariance,94460671063,91.9370,58.9732
/localization/pose_estimator/pose_with_covariance,94560671064,91.5819,59.2252
/localization/pose_estimator/pose_with_covariance,94660671066,91.2631,59.4678
/localization/pose_estimator/pose_with_covariance,94760671067,90.9187,59.7067
/localization/pose_estimator/pose_with_covariance,94860671069,90.5824,59.9581
/localization/pose_estimator/pose_with_covariance,94960671070,90.2287,60.1952
/localization/pose_estimator/pose_with_covariance,95060671072,89.8807,60.4185
/localization/pose_estimator/pose_with_covariance,95160671073,89.5191,60.6236
/localization/pose_estimator/pose_with_covariance,95260671075,89.1779,60.8416
/localization/pose_estimator/pose_with_covariance,95360671076,88.8173,61.0719
/localization/pose_estimator/pose_with_covariance,95460671078,88.4560,61.2842
/localization/pose_estimator/pose_with_covariance,95560671079,88.1005,61.4839
/localization/pose_estimator/pose_with_covariance,95660671081,87.7481,61.7024
/localization/pose_estimator/pose_with_covariance,95760671082,87.3933,61.9176
/localization/pose_estimator/pose_with_covariance,95860671084,87.0292,62.1187
/localization/pose_estimator/pose_with_covariance,95960671085,86.6600,62.3010
/localization/pose_estimator/pose_with_covariance,96060671087,86.2877,62.5013
/localization/pose_estimator/pose_with_covariance,96160671088,85.9061,62.6836
/localization/pose_estimator/pose_with_covariance,96260671090,85.5298,62.8910
/localization/pose_estimator/pose_with_covariance,96360671091,85.1652,63.0627
/localization/pose_estimator/pose_with_covariance,96460671093,84.7867,63.2453
/localization/pose_estimator/pose_with_covariance,96560671094,84.4181,63.4253
/localization/pose_estimator/pose_with_covariance,96660671096,84.0417,63.6057
/localization/pose_estimator/pose_with_covariance,96760671097,83.6547,63.7710
/localization/pose_estimator/pose_with_covariance,96860671099,83.2871,63.9322
/localization/pose_estimator/pose_with_covariance,96960671100,82.9353,64.0918
/localization/pose_estimator/pose_with_covariance,97060671102,82.5794,64.2550
/localization/pose_estimator/pose_with_covariance,97160671103,82.2208,64.3984
/localization/pose_estimator/pose_with_covariance,97260671105,81.8586,64.5357
/localization/pose_estimator/pose_with_covariance,97360671106,81.5295,64.6757
/localization/pose_estimator/pose_with_covariance,97460671108,81.1699,64.7957
/localization/pose_estimator/pose_with_covariance,97560671109,80.8488,64.9066
/localization/pose_estimator/pose_with_covariance,97660671111,80.5224,65.0290
/localization/pose_estimator/pose_with_covariance,97760671112,80.2153,65.1509
/localization/pose_estimator/pose_with_covariance,97860671114,79.9097,65.2512
/localization/pose_estimator/pose_with_covariance,97960671115,79.6124,65.3627
/localization/pose_estimator/pose_with_covariance,98060671117,79.3327,65.4576
/localization/pose_estimator/pose_with_covariance,98160671118,79.0509,65.5581
/localization/pose_estimator/pose_with_covariance,98260671120,78.7904,65.6425
/localization/pose_estimator/pose_with_covariance,98360671121,78.5336,65.7275
/localization/pose_estimator/pose_with_covariance,98460671123,78.2785,65.8212
/localization/pose_estimator/pose_with_covariance,98560671124,78.0488,65.8825
/localization/pose_estimator/pose_with_covariance,98660671126,77.8234,65.9558
/localization/pose_estimator/pose_with_covariance,98760671127,77.6019,66.0307
/localization/pose_estimator/pose_with_covariance,98860671129,77.3893,66.1047
/localization/pose_estimator/pose_with_covariance,98960671130,77.1939,66.1545
/localization/pose_estimator/pose_with_covariance,99060671131,77.0047,66.2118
/localization/pose_estimator/pose_with_covariance,99160671133,76.8004,66.2706
/localization/pose_estimator/pose_with_covariance,99260671134,76.6369,66.3298
/localization/pose_estimator/pose_with_covariance,99360671136,76.4755,66.3624
/localization/pose_estimator/pose_with_covariance,99460671137,76.3090,66.4115
/localization/pose_estimator/pose_with_covariance,99560671139,76.1655,66.4449
/localization/pose_estimator/pose_with_covariance,99660671140,76.0155,66.4821
/localization/pose_estimator/pose_with_covariance,99760671142,75.8965,66.5160
/localization/pose_estimator/pose_with_covariance,99860671143,75.7855,66.5556
/localization/pose_estimator/pose_with_covariance,99960671145,75.6577,66.5693
/localization/pose_estimator/pose_with_covariance,100060671146,75.5612,66.6050
/localization/pose_estimator/pose_with_covariance,100160671148,75.4775,66.6243
/localization/pose_estimator/pose_with_covariance,100260671149,75.3753,66.6420
/localization/pose_estimator/pose_with_covariance,100360671151,75.3157,66.6718
/localization/pose_estimator/pose_with_covariance,100460671152,75.2491,66.6815
/localization/pose_estimator/pose_with_covariance,100560671154,75.1864,66.7055
/localization/pose_estimator/pose_with_covariance,100660671155,75.1255,66.7171
/localization/pose_estimator/pose_with_covariance,100760671157,75.0744,66.7215
/localization/pose_estimator/pose_with_covariance,100860671158,75.0402,66.7387
/localization/pose_estimator/pose_with_covariance,100960671160,75.0043,66.7479
/localization/pose_estimator/pose_with_covariance,101060671161,74.9767,66.7563
/localization/pose_estimator/pose_with_covariance,101160671163,74.9521,66.7669
/localization/pose_estimator/pose_with_covariance,101260671164,74.9268,66.7664
/localization/pose_estimator/pose_with_covariance,101360671166,74.8963,66.7744
/localization/pose_estimator/pose_with_covariance,101460671167,74.8671,66.7682
/localization/pose_estimator/pose_with_covariance,101560671169,74.8606,66.7821
/localization/pose_estimator/pose_with_covariance,101660671170,74.8401,66.7809
/localization/pose_estimator/pose_with_covariance,101760671172,74.8354,66.7857
/localization/pose_estimator/pose_with_covariance,101860671173,74.8358,66.7905
/localization/pose_estimator/pose_with_covariance,101960671175,74.8296,66.7846
/localization/pose_estimator/pose_with_covariance,102060671176,74.8179,66.7834
/localization/pose_estimator/pose_with_covariance,102160671178,74.8340,66.7862
/localization/pose_estimator/pose_with_covariance,102260671179,74.8244,66.7887
/localization/pose_estimator/pose_with_covariance,102360671181,74.8285,66.7876
/localization/pose_estimator/pose_with_covariance,102460671182,74.8278,66.7914
/localization/pose_estimator/pose_with_covariance,102560671184,74.8286,66.7898
/localization/pose_estimator/pose_with_covariance,102660671185,74.8273,66.7901
/localization/pose_estimator/pose_with_covariance,102760671187,74.8240,66.7904
/localization/pose_estimator/pose_with_covariance,102860671188,74.8248,66.7795
/localization/pose_estimator/pose_with_covariance,102960671190,74.8241,66.7849
/localization/pose_estimator/pose_with_covariance,103060671191,74.8254,66.7796
/localization/pose_estimator/pose_with_covariance,103160671193,74.8247,66.7841
/localization/pose_estimator/pose_with_covariance,103260671194,74.8225,66.7828
/localization/pose_estimator/pose_with_covariance,103360671196,74.8233,66.7811
/localization/pose_estimator/pose_with_covariance,103460671197,74.8177,66.7800
/localization/pose_estimator/pose_with_covariance,103560671199,74.8252,66.7859
/localization/pose_estimator/pose_with_covariance,103660671200,74.8249,66.7855
/localization/pose_estimator/pose_with_covariance,103760671202,74.8228,66.7835
/localization/pose_estimator/pose_with_covariance,103860671203,74.8257,66.7881
/localization/pose_estimator/pose_with_covariance,103960671205,74.8216,66.7797
/localization/pose_estimator/pose_with_covariance,104060671206,74.8250,66.7843
/localization/pose_estimator/pose_with_covariance,104160671207,74.8215,66.7877
/localization/pose_estimator/pose_with_covariance,104260671209,74.8281,66.7833
/localization/pose_estimator/pose_with_covariance,104360671210,74.8284,66.7814
/localization/pose_estimator/pose_with_covariance,104460671212,74.8224,66.7853
/localization/pose_estimator/pose_with_covariance,104560671213,74.8196,66.7874
/localization/pose_estimator/pose_with_covariance,104660671215,74.8262,66.7774
/localization/pose_estimator/pose_with_covariance,104760671216,74.8268,66.7852
/localization/pose_estimator/pose_with_covariance,104860671218,74.8230,66.7826
/localization/pose_estimator/pose_with_covariance,104960671219,74.8250,66.7862
/localization/pose_estimator/pose_with_covariance,105060671221,74.8328,66.7790
/localization/pose_estimator/pose_with_covariance,105160671222,74.8233,66.7846
/localization/pose_estimator/pose_with_covariance,105260671224,74.8267,66.7783
/localization/pose_estimator/pose_with_covariance,105360671225,74.8328,66.7889
/localization/pose_estimator/pose_with_covariance,105460671227,74.8253,66.7842
/localization/pose_estimator/pose_with_covariance,105560671228,74.8309,66.7827
/localization/pose_estimator/pose_with_covariance,105660671230,74.8221,66.7743
/localization/pose_estimator/pose_with_covariance,105760671231,74.8300,66.7820
/localization/pose_estimator/pose_with_covariance,105860671233,74.8283,66.7767
/localization/pose_estimator/pose_with_covariance,105960671234,74.8275,66.7834
/localization/pose_estimator/pose_with_covariance,106060671236,74.8286,66.7777
/localization/pose_estimator/pose_with_covariance,106160671237,74.8263,66.7693
/localization/pose_estimator/pose_with_covariance,106260671239,74.8199,66.7731
/localization/pose_estimator/pose_with_covariance,106360671240,74.8285,66.7832
/localization/pose_estimator/pose_with_covariance,106460671242,74.8236,66.7812
/localization/pose_estimator/pose_with_covariance,106560671243,74.8177,66.7762
/localization/pose_estimator/pose_with_covariance,106660671245,74.8241,66.7806
/localization/pose_estimator/pose_with_covariance,106760671246,74.8230,66.7776
/localization/pose_estimator/pose_with_covariance,106860671248,74.8239,66.7802
/localization/pose_estimator/pose_with_covariance,106960671249,74.8286,66.7840
/localization/pose_estimator/pose_with_covariance,107060671251,74.8228,66.7804
/localization/pose_estimator/pose_with_covariance,107160671252,74.8158,66.7746
/localization/pose_estimator/pose_with_covariance,107260671254,74.8237,66.7817
/localization/pose_estimator/pose_with_covariance,107360671255,74.8305,66.7741
/localization/pose_estimator/pose_with_covariance,107460671257,74.8218,66.7793
/localization/pose_estimator/pose_with_covariance,107560671258,74.8302,66.7731
/localization/pose_estimator/pose_with_covariance,107660671260,74.8232,66.7828
/localization/pose_estimator/pose_with_covariance,107760671261,74.8278,66.7786
/localization/pose_estimator/pose_with_covariance,107860671263,74.8314,66.7690
/localization/pose_estimator/pose_with_covariance,107960671264,74.8291,66.7713
/localization/pose_estimator/pose_with_covariance,108060671266,74.8239,66.7677
/localization/pose_estimator/pose_with_covariance,108160671267,74.8251,66.7700
/localization/pose_estimator/pose_with_covariance,108260671269,74.8271,66.7744
/localization/pose_estimator/pose_with_covariance,108360671270,74.8275,66.7756
/localization/pose_estimator/pose_with_covariance,108460671272,74.8348,66.7757
/localization/pose_estimator/pose_with_covariance,108560671273,74.8265,66.7714
/localization/pose_estimator/pose_with_covariance,108660671275,74.8120,66.7738
/localization/pose_estimator/pose_with_covariance,108760671276,74.8248,66.7805
/localization/pose_estimator/pose_with_covariance,108860671278,74.8202,66.7810
/localization/pose_estimator/pose_with_covariance,108960671279,74.8295,66.7748
/localization/pose_estimator/pose_with_covariance,109060671281,74.8248,66.7741
/localization/pose_estimator/pose_with_covariance,109160671282,74.8319,66.7710
/localization/pose_estimator/pose_with_covariance,109260671283,74.8206,66.7780
/localization/pose_estimator/pose_with_covariance,109360671285,74.8168,66.7708
/localization/pose_estimator/pose_with_covariance,109460671286,74.8250,66.7670
/localization/pose_estimator/pose_with_covariance,109560671288,74.8209,66.7680
/localization/pose_estimator/pose_with_covariance,109660671289,74.8275,66.7711
/localization/pose_estimator/pose_with_covariance,109760671291,74.8300,66.7612
/localization/pose_estimator/pose_with_covariance,109860671292,74.8204,66.7670
/localization/pose_estimator/pose_with_covariance,109960671294,74.8332,66.7720
/localization/pose_estimator/pose_with_covariance,110060671295,74.8295,66.7748
/localization/pose_estimator/pose_with_covariance,110160671297,74.8244,66.7680
/localization/pose_estimator/pose_with_covariance,110260671298,74.8304,66.7674
/localization/pose_estimator/pose_with_covariance,110360671300,74.8314,66.7721
/localization/pose_estimator/pose_with_covariance,110460671301,74.8283,66.7702
/localization/pose_estimator/pose_with_covariance,110560671303,74.8241,66.7667
/localization/pose_estimator/pose_with_covariance,110660671304,74.8278,66.7606
/localization/pose_estimator/pose_with_covariance,110760671306,74.8258,66.7596
/localization/pose_estimator/pose_with_covariance,110860671307,74.8266,66.7641
/localization/pose_estimator/pose_with_covariance,110960671309,74.8307,66.7607
/localization/pose_estimator/pose_with_covariance,111060671310,74.8238,66.7618
/localization/pose_estimator/pose_with_covariance,111160671312,74.8269,66.7641
/localization/pose_estimator/pose_with_covariance,111260671313,74.8222,66.7580
/localization/pose_estimator/pose_with_covariance,111360671315,74.8304,66.7641
/localization/pose_estimator/pose_with_covariance,111460671316,74.8337,66.7712
/localization/pose_estimator/pose_with_covariance,111560671318,74.8270,66.7624
/localization/pose_estimator/pose_with_covariance,111660671319,74.8315,66.7650
/localization/pose_estimator/pose_with_covariance,111760671321,74.8185,66.7638
/localization/pose_estimator/pose_with_covariance,111860671322,74.8219,66.7672
/localization/pose_estimator/pose_with_covariance,111960671324,74.8233,66.7651
/localization/pose_estimator/pose_with_covariance,112060671325,74.8225,66.7663
/localization/pose_estimator/pose_with_covariance,112160671327,74.8247,66.7606
/localization/pose_estimator/pose_with_covariance,112260671328,74.8309,66.7616
/localization/pose_estimator/pose_with_covariance,112360671330,74.8214,66.7681
/localization/pose_estimator/pose_with_covariance,112460671331,74.8220,66.7641
/localization/pose_estimator/pose_with_covariance,112560671333,74.8301,66.7617
/localization/pose_estimator/pose_with_covariance,112660671334,74.8353,66.7648
/localization/pose_estimator/pose_with_covariance,112760671336,74.8186,66.7598
/localization/pose_estimator/pose_with_covariance,112860671337,74.8171,66.7652
/localization/pose_estimator/pose_with_covariance,112960671339,74.8219,66.7630
/localization/pose_estimator/pose_with_covariance,113060671340,74.8281,66.7624
/localization/pose_estimator/pose_with_covariance,113160671342,74.8203,66.7564
/localization/pose_estimator/pose_with_covariance,113260671343,74.8243,66.7629
/localization/pose_estimator/pose_with_covariance,113360671345,74.8305,66.7672
/localization/pose_estimator/pose_with_covariance,113460671346,74.8316,66.7630
/localization/pose_estimator/pose_with_covariance,113560671348,74.8145,66.7716
/localization/pose_estimator/pose_with_covariance,113660671349,74.8264,66.7590
/localization/pose_estimator/pose_with_covariance,113760671351,74.8258,66.7569
/localization/pose_estimator/pose_with_covariance,113860671352,74.8258,66.7666
/localization/pose_estimator/pose_with_covariance,113960671354,74.8203,66.7583
/localization/pose_estimator/pose_with_covariance,114060671355,74.8301,66.7590
/localization/pose_estimator/pose_with_covariance,114160671356,74.8271,66.7618
/localization/pose_estimator/pose_with_covariance,114260671358,74.8248,66.7551
/localization/pose_estimator/pose_with_covariance,114360671359,74.8260,66.7565
/localization/pose_estimator/pose_with_covariance,114460671361,74.8229,66.7567
/localization/pose_estimator/pose_with_covariance,114560671362,74.8254,66.7480
/localization/pose_estimator/pose_with_covariance,114660671364,74.8170,66.7568
/localization/pose_estimator/pose_with_covariance,114760671365,74.8380,66.7598
/localization/pose_estimator/pose_with_covariance,114860671367,74.8259,66.7590
/localization/pose_estimator/pose_with_covariance,114960671368,74.8243,66.7578
/localization/pose_estimator/pose_with_covariance,115060671370,74.8230,66.7598
/localization/pose_estimator/pose_with_covariance,115160671371,74.8241,66.7561
/localization/pose_estimator/pose_with_covariance,115260671373,74.8239,66.7622
/localization/pose_estimator/pose_with_covariance,115360671374,74.8252,66.7553
/localization/pose_estimator/pose_with_covariance,115460671376,74.8179,66.7549
/localization/pose_estimator/pose_with_covariance,115560671377,74.8221,66.7532
/localization/pose_estimator/pose_with_covariance,115660671379,74.8252,66.7489
/localization/pose_estimator/pose_with_covariance,115760671380,74.8182,66.7560
/localization/pose_estimator/pose_with_covariance,115860671382,74.8208,66.7509
/localization/pose_estimator/pose_with_covariance,115960671383,74.8290,66.7524
/localization/pose_estimator/pose_with_covariance,116060671385,74.8259,66.7508
/localization/pose_estimator/pose_with_covariance,116160671386,74.8153,66.7515
/localization/pose_estimator/pose_with_covariance,116260671388,74.8239,66.7486
/localization/pose_estimator/pose_with_covariance,116360671389,74.8208,66.7567
/localization/pose_estimator/pose_with_covariance,116460671391,74.8328,66.7513
/localization/pose_estimator/pose_with_covariance,116560671392,74.8206,66.7489
/localization/pose_estimator/pose_with_covariance,116660671394,74.8285,66.7533
/localization/pose_estimator/pose_with_covariance,116760671395,74.8245,66.7571
/localization/pose_estimator/pose_with_covariance,116860671397,74.8308,66.7454
/localization/pose_estimator/pose_with_covariance,116960671398,74.8194,66.7471
/localization/pose_estimator/pose_with_covariance,117060671400,74.8296,66.7507
/localization/pose_estimator/pose_with_covariance,117160671401,74.8240,66.7443
/localization/pose_estimator/pose_with_covariance,117260671403,74.8312,66.7443
/localization/pose_estimator/pose_with_covariance,117360671404,74.8316,66.7501
/localization/pose_estimator/pose_with_covariance,117460671406,74.8284,66.7496
/localization/pose_estimator/pose_with_covariance,117560671407,74.8241,66.7518
/localization/pose_estimator/pose_with_covariance,117660671409,74.8319,66.7531
/localization/pose_estimator/pose_with_covariance,117760671410,74.8244,66.7484
/localization/pose_estimator/pose_with_covariance,117860671412,74.8354,66.7465
/localization/pose_estimator/pose_with_covariance,117960671413,74.8297,66.7492
/localization/pose_estimator/pose_with_covariance,118060671415,74.8242,66.7519
/localization/pose_estimator/pose_with_covariance,118160671416,74.8278,66.7533
/localization/pose_estimator/pose_with_covariance,118260671418,74.8281,66.7516
/localization/pose_estimator/pose_with_covariance,118360671419,74.8261,66.7510
/localization/pose_estimator/pose_with_covariance,118460671421,74.8245,66.7522
/localization/pose_estimator/pose_with_covariance,118560671422,74.8226,66.7548
/localization/pose_estimator/pose_with_covariance,118660671424,74.8265,66.7611
/localization/pose_estimator/pose_with_covariance,118760671425,74.8250,66.7508
/localization/pose_estimator/pose_with_covariance,118860671427,74.8255,66.7560
/localization/pose_estimator/pose_with_covariance,118960671428,74.8268,66.7595
/localization/pose_estimator/pose_with_covariance,119060671430,74.8244,66.7598
/localization/pose_estimator/pose_with_covariance,119160671431,74.8280,66.7545
/localization/pose_estimator/pose_with_covariance,119260671432,74.8204,66.7563
/localization/pose_estimator/pose_with_covariance,119360671434,74.8193,66.7528
/localization/pose_estimator/pose_with_covariance,119460671435,74.8370,66.7480
/localization/pose_estimator/pose_with_covariance,119560671437,74.8279,66.7501
/localization/pose_estimator/pose_with_covariance,119660671438,74.8188,66.7508
/localization/pose_estimator/pose_with_covariance,119760671440,74.8242,66.7449
/localization/pose_estimator/pose_with_covariance,119860671441,74.8277,66.7514
/localization/pose_estimator/pose_with_covariance,119960671443,74.8236,66.7443
/localization/pose_estimator/pose_with_covariance,120060671444,74.8212,66.7443
/localization/pose_estimator/pose_with_covariance,120160671446,74.8225,66.7507
/localization/pose_estimator/pose_with_covariance,120260671447,74.8181,66.7437
/localization/pose_estimator/pose_with_covariance,120360671449,74.8208,66.7480
/localization/pose_estimator/pose_with_covariance,120460671450,74.8218,66.7434
/localization/pose_estimator/pose_with_covariance,120560671452,74.8242,66.7427
/localization/pose_estimator/pose_with_covariance,120660671453,74.8238,66.7443
/localization/pose_estimator/pose_with_covariance,120760671455,74.8241,66.7459
/localization/pose_estimator/pose_with_covariance,120860671456,74.8196,66.7466
/localization/pose_estimator/pose_with_covariance,120960671458,74.8146,66.7415
/localization/pose_estimator/pose_with_covariance,121060671459,74.8217,66.7497
/localization/pose_estimator/pose_with_covariance,121160671461,74.8187,66.7470
/localization/pose_estimator/pose_with_covariance,121260671462,74.8127,66.7450
/localization/pose_estimator/pose_with_covariance,121360671464,74.8206,66.7521
/localization/pose_estimator/pose_with_covariance,121460671465,74.8217,66.7437
/localization/pose_estimator/pose_with_covariance,121560671467,74.8199,66.7466
/localization/pose_estimator/pose_with_covariance,121660671468,74.8176,66.7415
/localization/pose_estimator/pose_with_covariance,121760671470,74.8198,66.7494
/localization/pose_estimator/pose_with_covariance,121860671471,74.8201,66.7421
/localization/pose_estimator/pose_with_covariance,121960671473,74.8223,66.7459
/localization/pose_estimator/pose_with_covariance,122060671474,74.8196,66.7411
/localization/pose_estimator/pose_with_covariance,122160671476,74.8268,66.7367
/localization/pose_estimator/pose_with_covariance,122260671477,74.8253,66.7442
/localization/pose_estimator/pose_with_covariance,122360671479,74.8200,66.7409
/localization/pose_estimator/pose_with_covariance,122460671480,74.8174,66.7407
/localization/pose_estimator/pose_with_covariance,122560671482,74.8229,66.7401
/localization/pose_estimator/pose_with_covariance,122660671483,74.8188,66.7468
/localization/pose_estimator/pose_with_covariance,122760671485,74.8166,66.7415
/localization/pose_estimator/pose_with_covariance,122860671486,74.8252,66.7391
/localization/pose_estimator/pose_with_covariance,122960671488,74.8218,66.7456
/localization/pose_estimator/pose_with_covariance,123060671489,74.8233,66.7399
/localization/pose_estimator/pose_with_covariance,123160671491,74.8177,66.7392
/localization/pose_estimator/pose_with_covariance,123260671492,74.8192,66.7462
/localization/pose_estimator/pose_with_covariance,123360671494,74.8184,66.7377
/localization/pose_estimator/pose_with_covariance,123460671495,74.8238,66.7359
/localization/pose_estimator/pose_with_covariance,123560671497,74.8232,66.7375
/localization/pose_estimator/pose_with_covariance,123660671498,74.8175,66.7351
/localization/pose_estimator/pose_with_covariance,123760671500,74.8184,66.7344
/localization/pose_estimator/pose_with_covariance,123860671501,74.8196,66.7349
/localization/pose_estimator/pose_with_covariance,123960671503,74.8224,66.7363
/localization/pose_estimator/pose_with_covariance,124060671504,74.8179,66.7312
/localization/pose_estimator/pose_with_covariance,124160671506,74.8240,66.7360
/localization/pose_estimator/pose_with_covariance,124260671507,74.8237,66.7359
/localization/pose_estimator/pose_with_covariance,124360671508,74.8231,66.7418
/localization/pose_estimator/pose_with_covariance,124460671510,74.8225,66.7404
/localization/pose_estimator/pose_with_covariance,124560671511,74.8210,66.7383
/localization/pose_estimator/pose_with_covariance,124660671513,74.8209,66.7430
/localization/pose_estimator/pose_with_covariance,124760671514,74.8239,66.7383
/localization/pose_estimator/pose_with_covariance,124860671516,74.8208,66.7326
/localization/pose_estimator/pose_with_covariance,124960671517,74.8170,66.7400
/localization/pose_estimator/pose_with_covariance,125060671519,74.8230,66.7281
/localization/pose_estimator/pose_with_covariance,125160671520,74.8236,66.7392
/localization/pose_estimator/pose_with_covariance,125260671522,74.8198,66.7364
/localization/pose_estimator/pose_with_covariance,125360671523,74.8190,66.7341
/localization/pose_estimator/pose_with_covariance,125460671525,74.8235,66.7361
/localization/pose_estimator/pose_with_covariance,125560671526,74.8151,66.7418
/localization/pose_estimator/pose_with_covariance,125660671528,74.8168,66.7360
/localization/pose_estimator/pose_with_covariance,125760671529,74.8267,66.7313
/localization/pose_estimator/pose_with_covariance,125860671531,74.8169,66.7370
/localization/pose_estimator/pose_with_covariance,125960671532,74.8230,66.7399
/localization/pose_estimator/pose_with_covariance,126060671534,74.8150,66.7375
/localization/pose_estimator/pose_with_covariance,126160671535,74.8175,66.7346
/localization/pose_estimator/pose_with_covariance,126260671537,74.8137,66.7325
/localization/pose_estimator/pose_with_covariance,126360671538,74.8119,66.7304
/localization/pose_estimator/pose_with_covariance,126460671540,74.8253,66.7343
/localization/pose_estimator/pose_with_covariance,126560671541,74.8238,66.7346
/localization/pose_estimator/pose_with_covariance,126660671543,74.8171,66.7334
/localization/pose_estimator/pose_with_covariance,126760671544,74.8235,66.7321
/localization/pose_estimator/pose_with_covariance,126860671546,74.8168,66.7333
/localization/pose_estimator/pose_with_covariance,126960671547,74.8148,66.7296
/localization/pose_estimator/pose_with_covariance,127060671549,74.8166,66.7259
/localization/pose_estimator/pose_with_covariance,127160671550,74.8258,66.7308
/localization/pose_estimator/pose_with_covariance,127260671552,74.8177,66.7287
/localization/pose_estimator/pose_with_covariance,127360671553,74.8228,66.7340
/localization/pose_estimator/pose_with_covariance,127460671555,74.8221,66.7303
/localization/pose_estimator/pose_with_covariance,127560671556,74.8212,66.7327
/localization/pose_estimator/pose_with_covariance,127660671558,74.8150,66.7320
/localization/pose_estimator/pose_with_covariance,127760671559,74.8204,66.7306
/localization/pose_estimator/pose_with_covariance,127860671561,74.8175,66.7259
/localization/pose_estimator/pose_with_covariance,127960671562,74.8224,66.7265
/localization/pose_estimator/pose_with_covariance,128060671564,74.8162,66.7278
/localization/pose_estimator/pose_with_covariance,128160671565,74.8162,66.7270
/localization/pose_estimator/pose_with_covariance,128260671567,74.8140,66.7256
/localization/pose_estimator/pose_with_covariance,128360671568,74.8224,66.7352
/localization/pose_estimator/pose_with_covariance,128460671570,74.8184,66.7217
/localization/pose_estimator/pose_with_covariance,128560671571,74.8193,66.7237
/localization/pose_estimator/pose_with_covariance,128660671573,74.8162,66.7286
/localization/pose_estimator/pose_with_covariance,128760671574,74.8198,66.7292
/localization/pose_estimator/pose_with_covariance,128860671576,74.8215,66.7275
/localization/pose_estimator/pose_with_covariance,128960671577,74.8165,66.7246
/localization/pose_estimator/pose_with_covariance,129060671579,74.8182,66.7222
/localization/pose_estimator/pose_with_covariance,129160671580,74.8157,66.7244
/localization/pose_estimator/pose_with_covariance,129260671582,74.8114,66.7279
/localization/pose_estimator/pose_with_covariance,129360671583,74.8171,66.7260
/localization/pose_estimator/pose_with_covariance,129460671584,74.8152,66.7213
/localization/pose_estimator/pose_with_covariance,129560671586,74.8172,66.7248
/localization/pose_estimator/pose_with_covariance,129660671587,74.8165,66.7215
/localization/pose_estimator/pose_with_covariance,129760671589,74.8212,66.7240
/localization/pose_estimator/pose_with_covariance,129860671590,74.8132,66.7217
/localization/pose_estimator/pose_with_covariance,129960671592,74.8206,66.7301
/localization/pose_estimator/pose_with_covariance,130060671593,74.8186,66.7204
/localization/pose_estimator/pose_with_covariance,130160671595,74.8179,66.7220
/localization/pose_estimator/pose_with_covariance,130260671596,74.8149,66.7186
/localization/pose_estimator/pose_with_covariance,130360671598,74.8229,66.7259
/localization/pose_estimator/pose_with_covariance,130460671599,74.8193,66.7182
/localization/pose_estimator/pose_with_covariance,130560671601,74.8184,66.7220
/localization/pose_estimator/pose_with_covariance,130660671602,74.8163,66.7150
/localization/pose_estimator/pose_with_covariance,130760671604,74.8157,66.7185
/localization/pose_estimator/pose_with_covariance,130860671605,74.8141,66.7203
/localization/pose_estimator/pose_with_covariance,130960671607,74.8195,66.7165
/localization/pose_estimator/pose_with_covariance,131060671608,74.8139,66.7211
/localization/pose_estimator/pose_with_covariance,131160671610,74.8185,66.7199
/localization/pose_estimator/pose_with_covariance,131260671611,74.8173,66.7165
/localization/pose_estimator/pose_with_covariance,131360671613,74.8085,66.7168
/localization/pose_estimator/pose_with_covariance,131460671614,74.8112,66.7154
/localization/pose_estimator/pose_with_covariance,131560671616,74.8151,66.7213
/localization/pose_estimator/pose_with_covariance,131660671617,74.8189,66.7178
/localization/pose_estimator/pose_with_covariance,131760671619,74.8259,66.7233
/localization/pose_estimator/pose_with_covariance,131860671620,74.8159,66.7190
/localization/pose_estimator/pose_with_covariance,131960671622,74.8183,66.7213
/localization/pose_estimator/pose_with_covariance,132060671623,74.8171,66.7195
/localization/pose_estimator/pose_with_covariance,132160671625,74.8158,66.7205
/localization/pose_estimator/pose_with_covariance,132260671626,74.8209,66.7223
/localization/pose_estimator/pose_with_covariance,132360671628,74.8084,66.7197
/localization/pose_estimator/pose_with_covariance,132460671629,74.8091,66.7197
/localization/pose_estimator/pose_with_covariance,132560671631,74.8183,66.7192
/localization/pose_estimator/pose_with_covariance,132660671632,74.8157,66.7175
/localization/pose_estimator/pose_with_covariance,132760671634,74.8166,66.7142
/localization/pose_estimator/pose_with_covariance,132860671635,74.8188,66.7184
/localization/pose_estimator/pose_with_covariance,132960671637,74.8180,66.7185
/localization/pose_estimator/pose_with_covariance,133060671638,74.8118,66.7115
/localization/pose_estimator/pose_with_covariance,133160671640,74.8116,66.7162
/localization/pose_estimator/pose_with_covariance,133260671641,74.8153,66.7175
/localization/pose_estimator/pose_with_covariance,133360671643,74.8203,66.7131
/localization/pose_estimator/pose_with_covariance,133460671644,74.8200,66.7113
/localization/pose_estimator/pose_with_covariance,133560671646,74.8263,66.7151
/localization/pose_estimator/pose_with_covariance,133660671647,74.8113,66.7134
/localization/pose_estimator/pose_with_covariance,133760671649,74.8144,66.7126
/localization/pose_estimator/pose_with_covariance,133860671650,74.8176,66.7074
/localization/pose_estimator/pose_with_covariance,133960671652,74.8232,66.7145
/localization/pose_estimator/pose_with_covariance,134060671653,74.8158,66.7128
/localization/pose_estimator/pose_with_covariance,134160671655,74.8176,66.7154
/localization/pose_estimator/pose_with_covariance,134260671656,74.8220,66.7125
/localization/pose_estimator/pose_with_covariance,134360671658,74.8127,66.7143
/localization/pose_estimator/pose_with_covariance,134460671659,74.8146,66.7134
/localization/pose_estimator/pose_with_covariance,134560671660,74.8170,66.7150
/localization/pose_estimator/pose_with_covariance,134660671662,74.8176,66.7112
/localization/pose_estimator/pose_with_covariance,134760671663,74.8186,66.7110
/localization/pose_estimator/pose_with_covariance,134860671665,74.8251,66.7128
/localization/pose_estimator/pose_with_covariance,134960671666,74.8168,66.7109
/localization/pose_estimator/pose_with_covariance,135060671668,74.8114,66.7115
/localization/pose_estimator/pose_with_covariance,135160671669,74.8204,66.7133
/localization/pose_estimator/pose_with_covariance,135260671671,74.8169,66.7153
/localization/pose_estimator/pose_with_covariance,135360671672,74.8137,66.7097
/localization/pose_estimator/pose_with_covariance,135460671674,74.8203,66.7109
/localization/pose_estimator/pose_with_covariance,135560671675,74.8149,66.7106
/localization/pose_estimator/pose_with_covariance,135660671677,74.8089,66.7064
/localization/pose_estimator/pose_with_covariance,135760671678,74.8111,66.7094
/localization/pose_estimator/pose_with_covariance,135860671680,74.8152,66.7068
/localization/pose_estimator/pose_with_covariance,135960671681,74.8115,66.7108
/localization/pose_estimator/pose_with_covariance,136060671683,74.8088,66.7081
/localization/pose_estimator/pose_with_covariance,136160671684,74.8190,66.7102
/localization/pose_estimator/pose_with_covariance,136260671686,74.8179,66.7108
/localization/pose_estimator/pose_with_covariance,136360671687,74.8194,66.7091
/localization/pose_estimator/pose_with_covariance,136460671689,74.8119,66.7156
/localization/pose_estimator/pose_with_covariance,136560671690,74.8097,66.7086
/localization/pose_estimator/pose_with_covariance,136660671692,74.8214,66.7089
/localization/pose_estimator/pose_with_covariance,136760671693,74.8171,66.7025
/localization/pose_estimator/pose_with_covariance,136860671695,74.8098,66.7100
/localization/pose_estimator/pose_with_covariance,136960671696,74.8142,66.7062
/localization/pose_estimator/pose_with_covariance,137060671698,74.8119,66.7047
/localization/pose_estimator/pose_with_covariance,137160671699,74.8116,66.7098
/localization/pose_estimator/pose_with_covariance,137260671701,74.8092,66.7053
/localization/pose_estimator/pose_with_covariance,137360671702,74.8150,66.7105
/localization/pose_estimator/pose_with_covariance,137460671704,74.8083,66.7097
/localization/pose_estimator/pose_with_covariance,137560671705,74.8131,66.7086
/localization/pose_estimator/pose_with_covariance,137660671707,74.8088,66.7067
/localization/pose_estimator/pose_with_covariance,137760671708,74.8113,66.7049
/localization/pose_estimator/pose_with_covariance,137860671710,74.8114,66.7101
/localization/pose_estimator/pose_with_covariance,137960671711,74.8074,66.7075
/localization/pose_estimator/pose_with_covariance,138060671713,74.8029,66.7018
/localization/pose_estimator/pose_with_covariance,138160671714,74.8084,66.7072
/localization/pose_estimator/pose_with_covariance,138260671716,74.8034,66.7028
/localization/pose_estimator/pose_with_covariance,138360671717,74.8104,66.7048
/localization/pose_estimator/pose_with_covariance,138460671719,74.8106,66.7061
/localization/pose_estimator/pose_with_covariance,138560671720,74.8081,66.7079
/localization/pose_estimator/pose_with_covariance,138660671722,74.8097,66.7094
/localization/pose_estimator/pose_with_covariance,138760671723,74.8006,66.7119
/localization/pose_estimator/pose_with_covariance,138860671725,74.8022,66.7028
/localization/pose_estimator/pose_with_covariance,138960671726,74.8120,66.7100
/localization/pose_estimator/pose_with_covariance,139060671728,74.8053,66.7078
/localization/pose_estimator/pose_with_covariance,139160671729,74.8083,66.7065
/localization/pose_estimator/pose_with_covariance,139260671731,74.8041,66.7081
/localization/pose_estimator/pose_with_covariance,139360671732,74.8069,66.7093
/localization/pose_estimator/pose_with_covariance,139460671733,74.8041,66.7054
/localization/pose_estimator/pose_with_covariance,139560671735,74.8161,66.7110
/localization/pose_estimator/pose_with_covariance,139660671736,74.8161,66.7152
/localization/pose_estimator/pose_with_covariance,139760671738,74.8090,66.7026
/localization/pose_estimator/pose_with_covariance,139860671739,74.8086,66.7129
/localization/pose_estimator/pose_with_covariance,139960671741,74.8131,66.7068
/localization/pose_estimator/pose_with_covariance,140060671742,74.8070,66.7122
/localization/pose_estimator/pose_with_covariance,140160671744,74.8075,66.7022
/localization/pose_estimator/pose_with_covariance,140260671745,74.8037,66.7046
/localization/pose_estimator/pose_with_covariance,140360671747,74.8104,66.7041
/localization/pose_estimator/pose_with_covariance,140460671748,74.8143,66.7049
/localization/pose_estimator/pose_with_covariance,140560671750,74.8025,66.7055
/localization/pose_estimator/pose_with_covariance,140660671751,74.8067,66.7049
/localization/pose_estimator/pose_with_covariance,140760671753,74.7984,66.7021
/localization/pose_estimator/pose_with_covariance,140860671754,74.8077,66.7108
/localization/pose_estimator/pose_with_covariance,140960671756,74.8094,66.7014
/localization/pose_estimator/pose_with_covariance,141060671757,74.8047,66.7067
/localization/pose_estimator/pose_with_covariance,141160671759,74.8063,66.7001
/localization/pose_estimator/pose_with_covariance,141260671760,74.8095,66.7033
/localization/pose_estimator/pose_with_covariance,141360671762,74.8059,66.7008
/localization/pose_estimator/pose_with_covariance,141460671763,74.8038,66.7022
/localization/pose_estimator/pose_with_covariance,141560671765,74.8063,66.7005
/localization/pose_estimator/pose_with_covariance,141660671766,74.8068,66.7002
/localization/pose_estimator/pose_with_covariance,141760671768,74.8064,66.6999
/localization/pose_estimator/pose_with_covariance,141860671769,74.8086,66.7027
/localization/pose_estimator/pose_with_covariance,141960671771,74.8023,66.7070
/localization/pose_estimator/pose_with_covariance,142060671772,74.8062,66.6979
/localization/pose_estimator/pose_with_covariance,142160671774,74.8043,66.6965
/localization/pose_estimator/pose_with_covariance,142260671775,74.8083,66.6963
/localization/pose_estimator/pose_with_covariance,142360671777,74.7996,66.7027
/localization/pose_estimator/pose_with_covariance,142460671778,74.8073,66.6981
/localization/pose_estimator/pose_with_covariance,142560671780,74.8053,66.6978
/localization/pose_estimator/pose_with_covariance,142660671781,74.8023,66.6959
/localization/pose_estimator/pose_with_covariance,142760671783,74.8102,66.6920
/localization/pose_estimator/pose_with_covariance,142860671784,74.8064,66.6905
/localization/pose_estimator/pose_with_covariance,142960671786,74.8104,66.6936
/localization/pose_estimator/pose_with_covariance,143060671787,74.8111,66.6984
/localization/pose_estimator/pose_with_covariance,143160671789,74.8014,66.7018
/localization/pose_estimator/pose_with_covariance,143260671790,74.7969,66.7011
/localization/pose_estimator/pose_with_covariance,143360671792,74.8042,66.6924
/localization/pose_estimator/pose_with_covariance,143460671793,74.8102,66.6984
/localization/pose_estimator/pose_with_covariance,143560671795,74.8023,66.6942
/localization/pose_estimator/pose_with_covariance,143660671796,74.8075,66.6924
/localization/pose_estimator/pose_with_covariance,143760671798,74.8085,66.6869
/localization/pose_estimator/pose_with_covariance,143860671799,74.8001,66.6930
/localization/pose_estimator/pose_with_covariance,143960671801,74.8014,66.6875
/localization/pose_estimator/pose_with_covariance,144060671802,74.7986,66.6883
/localization/pose_estimator/pose_with_covariance,144160671804,74.8027,66.6852
/localization/pose_estimator/pose_with_covariance,144260671805,74.7995,66.6876
/localization/pose_estimator/pose_with_covariance,144360671807,74.8065,66.6843
/localization/pose_estimator/pose_with_covariance,144460671808,74.8064,66.6891
/localization/pose_estimator/pose_with_covariance,144560671809,74.8003,66.6959
/localization/pose_estimator/pose_with_covariance,144660671811,74.8008,66.6901
/localization/pose_estimator/pose_with_covariance,144760671812,74.8052,66.6879
/localization/pose_estimator/pose_with_covariance,144860671814,74.8054,66.6868
/localization/pose_estimator/pose_with_covariance,144960671815,74.8017,66.6892
/localization/pose_estimator/pose_with_covariance,145060671817,74.8030,66.6905
/localization/pose_estimator/pose_with_covariance,145160671818,74.8057,66.6831
/localization/pose_estimator/pose_with_covariance,145260671820,74.7985,66.6811
/localization/pose_estimator/pose_with_covariance,145360671821,74.7924,66.6891
/localization/pose_estimator/pose_with_covariance,145460671823,74.7962,66.6880
/localization/pose_estimator/pose_with_covariance,145560671824,74.7977,66.6801
/localization/pose_estimator/pose_with_covariance,145660671826,74.8074,66.6820
/localization/pose_estimator/pose_with_covariance,145760671827,74.8052,66.6821
/localization/pose_estimator/pose_with_covariance,145860671829,74.8039,66.6865
/localization/pose_estimator/pose_with_covariance,145960671830,74.8074,66.6880
/localization/pose_estimator/pose_with_covariance,146060671832,74.8041,66.6804
/localization/pose_estimator/pose_with_covariance,146160671833,74.7977,66.6879
/localization/pose_estimator/pose_with_covariance,146260671835,74.8010,66.6843
/localization/pose_estimator/pose_with_covariance,146360671836,74.8026,66.6820
/localization/pose_estimator/pose_with_covariance,146460671838,74.8028,66.6833
/localization/pose_estimator/pose_with_covariance,146560671839,74.8010,66.6880
/localization/pose_estimator/pose_with_covariance,146660671841,74.8055,66.6858
/localization/pose_estimator/pose_with_covariance,146760671842,74.7971,66.6786
/localization/pose_estimator/pose_with_covariance,146860671844,74.7975,66.6823
/localization/pose_estimator/pose_with_covariance,146960671845,74.8052,66.6822
/localization/pose_estimator/pose_with_covariance,147060671847,74.7973,66.6798
/localization/pose_estimator/pose_with_covariance,147160671848,74.8005,66.6736
/localization/pose_estimator/pose_with_covariance,147260671850,74.7964,66.6817
/localization/pose_estimator/pose_with_covariance,147360671851,74.7892,66.6759
/localization/pose_estimator/pose_with_covariance,147460671853,74.7998,66.6771
/localization/pose_estimator/pose_with_covariance,147560671854,74.7959,66.6743
/localization/pose_estimator/pose_with_covariance,147660671856,74.7979,66.6778
/localization/pose_estimator/pose_with_covariance,147760671857,74.8079,66.6781
/localization/pose_estimator/pose_with_covariance,147860671859,74.7946,66.6781
/localization/pose_estimator/pose_with_covariance,147960671860,74.8020,66.6720
/localization/pose_estimator/pose_with_covariance,148060671862,74.8023,66.6742
/localization/pose_estimator/pose_with_covariance,148160671863,74.7959,66.6797
/localization/pose_estimator/pose_with_covariance,148260671865,74.7940,66.6712
/localization/pose_estimator/pose_with_covariance,148360671866,74.7976,66.6762
/localization/pose_estimator/pose_with_covariance,148460671868,74.7996,66.6743
/localization/pose_estimator/pose_with_covariance,148560671869,74.7986,66.6724
/localization/pose_estimator/pose_with_covariance,148660671871,74.8018,66.6729
/localization/pose_estimator/pose_with_covariance,148760671872,74.7991,66.6760
/localization/pose_estimator/pose_with_covariance,148860671874,74.7918,66.6770
/localization/pose_estimator/pose_with_covariance,148960671875,74.7954,66.6723
/localization/pose_estimator/pose_with_covariance,149060671877,74.7996,66.6729
/localization/pose_estimator/pose_with_covariance,149160671878,74.8004,66.6753
/localization/pose_estimator/pose_with_covariance,149260671880,74.8019,66.6686
/localization/pose_estimator/pose_with_covariance,149360671881,74.8071,66.6696
/localization/pose_estimator/pose_with_covariance,149460671883,74.7978,66.6686
/localization/pose_estimator/pose_with_covariance,149560671884,74.8001,66.6734
/localization/pose_estimator/pose_with_covariance,149660671885,74.7964,66.6764
/localization/pose_estimator/pose_with_covariance,149760671887,74.7924,66.6699
/localization/pose_estimator/pose_with_covariance,149860671888,74.7963,66.6685
/localization/pose_estimator/pose_with_covariance,149960671890,74.8032,66.6737
/localization/pose_estimator/pose_with_covariance,150060671891,74.8002,66.6750
/localization/pose_estimator/pose_with_covariance,150160671893,74.8018,66.6839
/localization/pose_estimator/pose_with_covariance,150260671894,74.8020,66.6779
/localization/pose_estimator/pose_with_covariance,150360671896,74.8022,66.6752
/localization/pose_estimator/pose_with_covariance,150460671897,74.7893,66.6748
/localization/pose_estimator/pose_with_covariance,150560671899,74.7925,66.6757
/localization/pose_estimator/pose_with_covariance,150660671900,74.7970,66.6722
/localization/pose_estimator/pose_with_covariance,150760671902,74.8007,66.6725
/localization/pose_estimator/pose_with_covariance,150860671903,74.7926,66.6713
/localization/pose_estimator/pose_with_covariance,150960671905,74.8012,66.6701
/localization/pose_estimator/pose_with_covariance,151060671906,74.7996,66.6690
/localization/pose_estimator/pose_with_covariance,151160671908,74.7928,66.6687
/localization/pose_estimator/pose_with_covariance,151260671909,74.7981,66.6696
/localization/pose_estimator/pose_with_covariance,151360671911,74.7947,66.6653
/localization/pose_estimator/pose_with_covariance,151460671912,74.7943,66.6678
/localization/pose_estimator/pose_with_covariance,151560671914,74.7983,66.6695
/localization/pose_estimator/pose_with_covariance,151660671915,74.7921,66.6710
/localization/pose_estimator/pose_with_covariance,151760671917,74.7977,66.6664
/localization/pose_estimator/pose_with_covariance,151860671918,74.7946,66.6667
/localization/pose_estimator/pose_with_covariance,151960671920,74.7963,66.6650
/localization/pose_estimator/pose_with_covariance,152060671921,74.7961,66.6623
/localization/pose_estimator/pose_with_covariance,152160671923,74.7919,66.6673
/localization/pose_estimator/pose_with_covariance,152260671924,74.7980,66.6744
/localization/pose_estimator/pose_with_covariance,152360671926,74.7997,66.6697
/localization/pose_estimator/pose_with_covariance,152460671927,74.7927,66.6663
/localization/pose_estimator/pose_with_covariance,152560671929,74.8019,66.6688
/localization/pose_estimator/pose_with_covariance,152660671930,74.7988,66.6645
/localization/pose_estimator/pose_with_covariance,152760671932,74.7898,66.6690
/localization/pose_estimator/pose_with_covariance,152860671933,74.7937,66.6672
/localization/pose_estimator/pose_with_covariance,152960671935,74.7861,66.6704
/localization/pose_estimator/pose_with_covariance,153060671936,74.7973,66.6680
/localization/pose_estimator/pose_with_covariance,153160671938,74.7896,66.6704
/localization/pose_estimator/pose_with_covariance,153260671939,74.7891,66.6727
/localization/pose_estimator/pose_with_covariance,153360671941,74.7920,66.6670
/localization/pose_estimator/pose_with_covariance,153460671942,74.7894,66.6601
/localization/pose_estimator/pose_with_covariance,153560671944,74.8008,66.6668
/localization/pose_estimator/pose_with_covariance,153660671945,74.7856,66.6641
/localization/pose_estimator/pose_with_covariance,153760671947,74.7967,66.6681
/localization/pose_estimator/pose_with_covariance,153860671948,74.7878,66.6675
/localization/pose_estimator/pose_with_covariance,153960671950,74.8001,66.6634
/localization/pose_estimator/pose_with_covariance,154060671951,74.7908,66.6617
/localization/pose_estimator/pose_with_covariance,154160671953,74.7939,66.6588
/localization/pose_estimator/pose_with_covariance,154260671954,74.7923,66.6576
/localization/pose_estimator/pose_with_covariance,154360671956,74.7910,66.6696
/localization/pose_estimator/pose_with_covariance,154460671957,74.7979,66.6534
/localization/pose_estimator/pose_with_covariance,154560671959,74.7868,66.6637
/localization/pose_estimator/pose_with_covariance,154660671960,74.7887,66.6623
/localization/pose_estimator/pose_with_covariance,154760671961,74.7960,66.6595
/localization/pose_estimator/pose_with_covariance,154860671963,74.7955,66.6578
/localization/pose_estimator/pose_with_covariance,154960671964,74.7954,66.6566
/localization/pose_estimator/pose_with_covariance,155060671966,74.7960,66.6620
/localization/pose_estimator/pose_with_covariance,155160671967,74.7933,66.6649
/localization/pose_estimator/pose_with_covariance,155260671969,74.7905,66.6578
/localization/pose_estimator/pose_with_covariance,155360671970,74.7947,66.6602
/localization/pose_estimator/pose_with_covariance,155460671972,74.7917,66.6642
/localization/pose_estimator/pose_with_covariance,155560671973,74.7907,66.6668
/localization/pose_estimator/pose_with_covariance,155660671975,74.7956,66.6663
/localization/pose_estimator/pose_with_covariance,155760671976,74.7902,66.6637
/localization/pose_estimator/pose_with_covariance,155860671978,74.7988,66.6589
/localization/pose_estimator/pose_with_covariance,155960671979,74.7935,66.6690
/localization/pose_estimator/pose_with_covariance,156060671981,74.7915,66.6607
/localization/pose_estimator/pose_with_covariance,156160671982,74.7872,66.6642
/localization/pose_estimator/pose_with_covariance,156260671984,74.7943,66.6589
/localization/pose_estimator/pose_with_covariance,156360671985,74.7956,66.6604
/localization/pose_estimator/pose_with_covariance,156460671987,74.7943,66.6683
/localization/pose_estimator/pose_with_covariance,156560671988,74.7980,66.6600
/localization/pose_estimator/pose_with_covariance,156660671990,74.7971,66.6584
/localization/pose_estimator/pose_with_covariance,156760671991,74.7942,66.6646
/localization/pose_estimator/pose_with_covariance,156860671993,74.7972,66.6584
/localization/pose_estimator/pose_with_covariance,156960671994,74.7882,66.6598
/localization/pose_estimator/pose_with_covariance,157060671996,74.7893,66.6593
/localization/pose_estimator/pose_with_covariance,157160671997,74.7866,66.6615
/localization/pose_estimator/pose_with_covariance,157260671999,74.7970,66.6620
/localization/pose_estimator/pose_with_covariance,157360672000,74.7974,66.6594
/localization/pose_estimator/pose_with_covariance,157460672002,74.7922,66.6569
/localization/pose_estimator/pose_with_covariance,157560672003,74.7835,66.6574
/localization/pose_estimator/pose_with_covariance,157660672005,74.7994,66.6582
/localization/pose_estimator/pose_with_covariance,157760672006,74.7887,66.6634
/localization/pose_estimator/pose_with_covariance,157860672008,74.7932,66.6574
/localization/pose_estimator/pose_with_covariance,157960672009,74.7973,66.6593
/localization/pose_estimator/pose_with_covariance,158060672011,74.7958,66.6547
/localization/pose_estimator/pose_with_covariance,158160672012,74.7903,66.6582
/localization/pose_estimator/pose_with_covariance,158260672014,74.7864,66.6639
/localization/pose_estimator/pose_with_covariance,158360672015,74.7981,66.6596
/localization/pose_estimator/pose_with_covariance,158460672017,74.7951,66.6593
/localization/pose_estimator/pose_with_covariance,158560672018,74.7827,66.6606
/localization/pose_estimator/pose_with_covariance,158660672020,74.7891,66.6553
/localization/pose_estimator/pose_with_covariance,158760672021,74.7868,66.6520
/localization/pose_estimator/pose_with_covariance,158860672023,74.7878,66.6601
/localization/pose_estimator/pose_with_covariance,158960672024,74.7862,66.6572
/localization/pose_estimator/pose_with_covariance,159060672026,74.7847,66.6563
/localization/pose_estimator/pose_with_covariance,159160672027,74.7935,66.6491
/localization/pose_estimator/pose_with_covariance,159260672029,74.7909,66.6599
/localization/pose_estimator/pose_with_covariance,159360672030,74.7911,66.6538
/localization/pose_estimator/pose_with_covariance,159460672032,74.7897,66.6573
/localization/pose_estimator/pose_with_covariance,159560672033,74.7857,66.6532
/localization/pose_estimator/pose_with_covariance,159660672035,74.7853,66.6602
/localization/pose_estimator/pose_with_covariance,159760672036,74.7884,66.6554
/localization/pose_estimator/pose_with_covariance,159860672037,74.7881,66.6462
/localization/pose_estimator/pose_with_covariance,159960672039,74.7847,66.6541
/localization/pose_estimator/pose_with_covariance,160060672040,74.7847,66.6541
/localization/pose_estimator/pose_with_covariance,160160672042,74.7840,66.6605
/localization/pose_estimator/pose_with_covariance,160260672043,74.7913,66.6537
/localization/pose_estimator/pose_with_covariance,160360672045,74.7874,66.6526
/localization/pose_estimator/pose_with_covariance,160460672046,74.7830,66.6497
/localization/pose_estimator/pose_with_covariance,160560672048,74.7901,66.6548
/localization/pose_estimator/pose_with_covariance,160660672049,74.7869,66.6484
/localization/pose_estimator/pose_with_covariance,160760672051,74.7846,66.6588
/localization/pose_estimator/pose_with_covariance,160860672052,74.7856,66.6508
/localization/pose_estimator/pose_with_covariance,160960672054,74.7839,66.6523
/localization/pose_estimator/pose_with_covariance,161060672055,74.7839,66.6512
/localization/pose_estimator/pose_with_covariance,161160672057,74.7915,66.6558
/localization/pose_estimator/pose_with_covariance,161260672058,74.7820,66.6576
/localization/pose_estimator/pose_with_covariance,161360672060,74.7841,66.6556
/localization/pose_estimator/pose_with_covariance,161460672061,74.7817,66.6548
/localization/pose_estimator/pose_with_covariance,161560672063,74.7847,66.6521
/localization/pose_estimator/pose_with_covariance,161660672064,74.7867,66.6464
/localization/pose_estimator/pose_with_covariance,161760672066,74.7811,66.6548
/localization/pose_estimator/pose_with_covariance,161860672067,74.7841,66.6447
/localization/pose_estimator/pose_with_covariance,161960672069,74.7864,66.6499
/localization/pose_estimator/pose_with_covariance,162060672070,74.7970,66.6519
/localization/pose_estimator/pose_with_covariance,162160672072,74.7862,66.6457
/localization/pose_estimator/pose_with_covariance,162260672073,74.7845,66.6508
/localization/pose_estimator/pose_with_covariance,162360672075,74.7957,66.6454
/localization/pose_estimator/pose_with_covariance,162460672076,74.7889,66.6552
/localization/pose_estimator/pose_with_covariance,162560672078,74.7895,66.6510
/localization/pose_estimator/pose_with_covariance,162660672079,74.7930,66.6525
/localization/pose_estimator/pose_with_covariance,162760672081,74.7860,66.6487
/localization/pose_estimator/pose_with_covariance,162860672082,74.7937,66.6535
/localization/pose_estimator/pose_with_covariance,162960672084,74.7868,66.6474
/localization/pose_estimator/pose_with_covariance,163060672085,74.7839,66.6390
/localization/pose_estimator/pose_with_covariance,163160672087,74.7923,66.6427
/localization/pose_estimator/pose_with_covariance,163260672088,74.7891,66.6479
/localization/pose_estimator/pose_with_covariance,163360672090,74.7889,66.6443
/localization/pose_estimator/pose_with_covariance,163460672091,74.7868,66.6489
/localization/pose_estimator/pose_with_covariance,163560672093,74.7812,66.6479
/localization/pose_estimator/pose_with_covariance,163660672094,74.7860,66.6441
/localization/pose_estimator/pose_with_covariance,163760672096,74.7831,66.6438
/localization/pose_estimator/pose_with_covariance,163860672097,74.7859,66.6479
/localization/pose_estimator/pose_with_covariance,163960672099,74.7838,66.6455
/localization/pose_estimator/pose_with_covariance,164060672100,74.7868,66.6441
/localization/pose_estimator/pose_with_covariance,164160672102,74.7943,66.6520
/localization/pose_estimator/pose_with_covariance,164260672103,74.7839,66.6486
/localization/pose_estimator/pose_with_covariance,164360672105,74.7898,66.6481
/localization/pose_estimator/pose_with_covariance,164460672106,74.7851,66.6404
/localization/pose_estimator/pose_with_covariance,164560672108,74.7855,66.6436
/localization/pose_estimator/pose_with_covariance,164660672109,74.7821,66.6384
/localization/pose_estimator/pose_with_covariance,164760672110,74.7834,66.6434
/localization/pose_estimator/pose_with_covariance,164860672112,74.7835,66.6361
/localization/pose_estimator/pose_with_covariance,164960672113,74.7951,66.6348
/localization/pose_estimator/pose_with_covariance,165060672115,74.7767,66.6452
/localization/pose_estimator/pose_with_covariance,165160672116,74.7860,66.6411
/localization/pose_estimator/pose_with_covariance,165260672118,74.7812,66.6358
/localization/pose_estimator/pose_with_covariance,165360672119,74.7806,66.6395
/localization/pose_estimator/pose_with_covariance,165460672121,74.7783,66.6434
/localization/pose_estimator/pose_with_covariance,165560672122,74.7796,66.6387
/localization/pose_estimator/pose_with_covariance,165660672124,74.7844,66.6410
/localization/pose_estimator/pose_with_covariance,165760672125,74.7903,66.6405
/localization/pose_estimator/pose_with_covariance,165860672127,74.7832,66.6364
/localization/pose_estimator/pose_with_covariance,165960672128,74.7811,66.6383
/localization/pose_estimator/pose_with_covariance,166060672130,74.7847,66.6368
/localization/pose_estimator/pose_with_covariance,166160672131,74.7805,66.6357
/localization/pose_estimator/pose_with_covariance,166260672133,74.7919,66.6421
/localization/pose_estimator/pose_with_covariance,166360672134,74.7856,66.6363
/localization/pose_estimator/pose_with_covariance,166460672136,74.7862,66.6385
/localization/pose_estimator/pose_with_covariance,166560672137,74.7861,66.6334
/localization/pose_estimator/pose_with_covariance,166660672139,74.7885,66.6327
/localization/pose_estimator/pose_with_covariance,166760672140,74.7861,66.6339
/localization/pose_estimator/pose_with_covariance,166860672142,74.7773,66.6313
/localization/pose_estimator/pose_with_covariance,166960672143,74.7813,66.6296
/localization/pose_estimator/pose_with_covariance,167060672145,74.7908,66.6277
/localization/pose_estimator/pose_with_covariance,167160672146,74.7786,66.6289
/localization/pose_estimator/pose_with_covariance,167260672148,74.7882,66.6305
/localization/pose_estimator/pose_with_covariance,167360672149,74.7867,66.6330
/localization/pose_estimator/pose_with_covariance,167460672151,74.7860,66.6327
/localization/pose_estimator/pose_with_covariance,167560672152,74.7837,66.6325
/localization/pose_estimator/pose_with_covariance,167660672154,74.7880,66.6258
/localization/pose_estimator/pose_with_covariance,167760672155,74.7807,66.6334
/localization/pose_estimator/pose_with_covariance,167860672157,74.7889,66.6301
/localization/pose_estimator/pose_with_covariance,167960672158,74.7836,66.6332
/localization/pose_estimator/pose_with_covariance,168060672160,74.7839,66.6247
/localization/pose_estimator/pose_with_covariance,168160672161,74.7916,66.6253
/localization/pose_estimator/pose_with_covariance,168260672163,74.7870,66.6268
/localization/pose_estimator/pose_with_covariance,168360672164,74.7846,66.6256
/localization/pose_estimator/pose_with_covariance,168460672166,74.7877,66.6286
/localization/pose_estimator/pose_with_covariance,168560672167,74.7855,66.6221
/localization/pose_estimator/pose_with_covariance,168660672169,74.7794,66.6276
/localization/pose_estimator/pose_with_covariance,168760672170,74.7842,66.6233
/localization/pose_estimator/pose_with_covariance,168860672172,74.7879,66.6279
/localization/pose_estimator/pose_with_covariance,168960672173,74.7856,66.6225
/localization/pose_estimator/pose_with_covariance,169060672175,74.7864,66.6294
/localization/pose_estimator/pose_with_covariance,169160672176,74.7816,66.6284
/localization/pose_estimator/pose_with_covariance,169260672178,74.7825,66.6268
/localization/pose_estimator/pose_with_covariance,169360672179,74.7906,66.6200
/localization/pose_estimator/pose_with_covariance,169460672181,74.7875,66.6268
/localization/pose_estimator/pose_with_covariance,169560672182,74.7929,66.6246
/localization/pose_estimator/pose_with_covariance,169660672184,74.7906,66.6249
/localization/pose_estimator/pose_with_covariance,169760672185,74.7830,66.6312
/localization/pose_estimator/pose_with_covariance,169860672186,74.7897,66.6286
/localization/pose_estimator/pose_with_covariance,169960672188,74.7864,66.6194
/localization/pose_estimator/pose_with_covariance,170060672189,74.7881,66.6306
/localization/pose_estimator/pose_with_covariance,170160672191,74.7855,66.6213
/localization/pose_estimator/pose_with_covariance,170260672192,74.7838,66.6214
/localization/pose_estimator/pose_with_covariance,170360672194,74.7853,66.6246
/localization/pose_estimator/pose_with_covariance,170460672195,74.7788,66.6271
/localization/pose_estimator/pose_with_covariance,170560672197,74.7878,66.6211
/localization/pose_estimator/pose_with_covariance,170660672198,74.7857,66.6234
/localization/pose_estimator/pose_with_covariance,170760672200,74.7897,66.6178
/localization/pose_estimator/pose_with_covariance,170860672201,74.7830,66.6204
/localization/pose_estimator/pose_with_covariance,170960672203,74.7794,66.6185
/localization/pose_estimator/pose_with_covariance,171060672204,74.7847,66.6223
/localization/pose_estimator/pose_with_covariance,171160672206,74.7846,66.6184
/localization/pose_estimator/pose_with_covariance,171260672207,74.7778,66.6151
/localization/pose_estimator/pose_with_covariance,171360672209,74.7825,66.6230
/localization/pose_estimator/pose_with_covariance,171460672210,74.7911,66.6218
/localization/pose_estimator/pose_with_covariance,171560672212,74.7883,66.6206
/localization/pose_estimator/pose_with_covariance,171660672213,74.7840,66.6167
/localization/pose_estimator/pose_with_covariance,171760672215,74.7825,66.6174
/localization/pose_estimator/pose_with_covariance,171860672216,74.7817,66.6208
/localization/pose_estimator/pose_with_covariance,171960672218,74.7841,66.6160
/localization/pose_estimator/pose_with_covariance,172060672219,74.7787,66.6144
/localization/pose_estimator/pose_with_covariance,172160672221,74.7799,66.6146
/localization/pose_estimator/pose_with_covariance,172260672222,74.7840,66.6187
/localization/pose_estimator/pose_with_covariance,172360672224,74.7812,66.6219
/localization/pose_estimator/pose_with_covariance,172460672225,74.7857,66.6176
/localization/pose_estimator/pose_with_covariance,172560672227,74.7768,66.6162
/localization/pose_estimator/pose_with_covariance,172660672228,74.7806,66.6173
/localization/pose_estimator/pose_with_covariance,172760672230,74.7794,66.6146
/localization/pose_estimator/pose_with_covariance,172860672231,74.7815,66.6099
/localization/pose_estimator/pose_with_covariance,172960672233,74.7776,66.6137
/localization/pose_estimator/pose_with_covariance,173060672234,74.7774,66.6188
/localization/pose_estimator/pose_with_covariance,173160672236,74.7847,66.6116
/localization/pose_estimator/pose_with_covariance,173260672237,74.7820,66.6133
/localization/pose_estimator/pose_with_covariance,173360672239,74.7834,66.6143
/localization/pose_estimator/pose_with_covariance,173460672240,74.7769,66.6160
/localization/pose_estimator/pose_with_covariance,173560672242,74.7774,66.6149
/localization/pose_estimator/pose_with_covariance,173660672243,74.7834,66.6123
/localization/pose_estimator/pose_with_covariance,173760672245,74.7835,66.6143
/localization/pose_estimator/pose_with_covariance,173860672246,74.7762,66.6133
/localization/pose_estimator/pose_with_covariance,173960672248,74.7814,66.6149
/localization/pose_estimator/pose_with_covariance,174060672249,74.7872,66.6187
/localization/pose_estimator/pose_with_covariance,174160672251,74.7777,66.6079
/localization/pose_estimator/pose_with_covariance,174260672252,74.7798,66.6070
/localization/pose_estimator/pose_with_covariance,174360672254,74.7831,66.6128
/localization/pose_estimator/pose_with_covariance,174460672255,74.7791,66.6057
/localization/pose_estimator/pose_with_covariance,174560672257,74.7845,66.6145
/localization/pose_estimator/pose_with_covariance,174660672258,74.7837,66.6112
/localization/pose_estimator/pose_with_covariance,174760672260,74.7795,66.6069
/localization/pose_estimator/pose_with_covariance,174860672261,74.7786,66.5992
/localization/pose_estimator/pose_with_covariance,174960672262,74.7820,66.6065
/localization/pose_estimator/pose_with_covariance,175060672264,74.7788,66.6113
/localization/pose_estimator/pose_with_covariance,175160672265,74.7783,66.6084
/localization/pose_estimator/pose_with_covariance,175260672267,74.7847,66.6096
/localization/pose_estimator/pose_with_covariance,175360672268,74.7783,66.6052
/localization/pose_estimator/pose_with_covariance,175460672270,74.7806,66.6080
/localization/pose_estimator/pose_with_covariance,175560672271,74.7784,66.6136
/localization/pose_estimator/pose_with_covariance,175660672273,74.7867,66.6104
/localization/pose_estimator/pose_with_covariance,175760672274,74.7797,66.6072
/localization/pose_estimator/pose_with_covariance,175860672276,74.7710,66.6050
/localization/pose_estimator/pose_with_covariance,175960672277,74.7791,66.6143
/localization/pose_estimator/pose_with_covariance,176060672279,74.7855,66.6037
/localization/pose_estimator/pose_with_covariance,176160672280,74.7769,66.6115
/localization/pose_estimator/pose_with_covariance,176260672282,74.7718,66.6116
/localization/pose_estimator/pose_with_covariance,176360672283,74.7871,66.6117
/localization/pose_estimator/pose_with_covariance,176460672285,74.7798,66.6037
/localization/pose_estimator/pose_with_covariance,176560672286,74.7800,66.6042
/localization/pose_estimator/pose_with_covariance,176660672288,74.7832,66.6040
/localization/pose_estimator/pose_with_covariance,176760672289,74.7905,66.6035
