topic,header_stamp_ns,x_m,y_m
/localization/pose_estimator/pose_with_covariance,22882575868,53.8924,-141.1388
/localization/pose_estimator/pose_with_covariance,22982575869,53.8945,-141.1291
/localization/pose_estimator/pose_with_covariance,23082575871,53.9068,-141.1385
/localization/pose_estimator/pose_with_covariance,23182575872,53.9058,-141.1414
/localization/pose_estimator/pose_with_covariance,23282575874,53.8770,-141.1384
/localization/pose_estimator/pose_with_covariance,23382575875,53.8969,-141.1399
/localization/pose_estimator/pose_with_covariance,23482575877,53.8900,-141.1512
/localization/pose_estimator/pose_with_covariance,23582575878,53.9005,-141.1367
/localization/pose_estimator/pose_with_covariance,23682575880,53.8833,-141.1343
/localization/pose_estimator/pose_with_covariance,23782575881,53.8928,-141.1524
/localization/pose_estimator/pose_with_covariance,23882575883,53.9017,-141.1413
/localization/pose_estimator/pose_with_covariance,23982575884,53.9085,-141.1613
/localization/pose_estimator/pose_with_covariance,24082575886,53.9124,-141.1347
/localization/pose_estimator/pose_with_covariance,24182575887,53.9099,-141.1457
/localization/pose_estimator/pose_with_covariance,24282575889,53.8773,-141.1617
/localization/pose_estimator/pose_with_covariance,24382575890,53.8947,-141.1422
/localization/pose_estimator/pose_with_covariance,24482575892,53.8900,-141.1328
/localization/pose_estimator/pose_with_covariance,24582575893,53.9054,-141.1372
/localization/pose_estimator/pose_with_covariance,24682575895,53.9029,-141.1268
/localization/pose_estimator/pose_with_covariance,24782575896,53.9040,-141.1373
/localization/pose_estimator/pose_with_covariance,24882575898,53.9029,-141.1430
/localization/pose_estimator/pose_with_covariance,24932575898,53.9064,-141.1564
/localization/pose_estimator/pose_with_covariance,25032575900,53.8953,-141.1400
/localization/pose_estimator/pose_with_covariance,25132575901,53.8976,-141.1417
/localization/pose_estimator/pose_with_covariance,25232575903,53.8968,-141.1375
/localization/pose_estimator/pose_with_covariance,25332575904,53.8986,-141.1464
/localization/pose_estimator/pose_with_covariance,25432575906,53.8925,-141.1398
/localization/pose_estimator/pose_with_covariance,25532575907,53.8863,-141.1316
/localization/pose_estimator/pose_with_covariance,25632575909,53.9066,-141.1441
/localization/pose_estimator/pose_with_covariance,25732575910,53.8883,-141.1291
/localization/pose_estimator/pose_with_covariance,25832575912,53.9023,-141.1441
/localization/pose_estimator/pose_with_covariance,25932575913,53.9150,-141.1312
/localization/pose_estimator/pose_with_covariance,26032575915,53.8906,-141.1264
/localization/pose_estimator/pose_with_covariance,26132575916,53.8869,-141.1397
/localization/pose_estimator/pose_with_covariance,26232575918,53.8878,-141.1371
/localization/pose_estimator/pose_with_covariance,26332575919,53.8969,-141.1356
/localization/pose_estimator/pose_with_covariance,26432575921,53.8980,-141.1244
/localization/pose_estimator/pose_with_covariance,26532575922,53.8990,-141.1414
/localization/pose_estimator/pose_with_covariance,26632575924,53.9062,-141.1325
/localization/pose_estimator/pose_with_covariance,26732575925,53.9028,-141.1198
/localization/pose_estimator/pose_with_covariance,26832575927,53.8961,-141.1247
/localization/pose_estimator/pose_with_covariance,26932575928,53.8917,-141.1147
/localization/pose_estimator/pose_with_covariance,27032575930,53.8929,-141.1406
/localization/pose_estimator/pose_with_covariance,27132575931,53.8938,-141.1361
/localization/pose_estimator/pose_with_covariance,27232575933,53.9138,-141.1456
/localization/pose_estimator/pose_with_covariance,27332575934,53.9018,-141.1431
/localization/pose_estimator/pose_with_covariance,27432575936,53.9144,-141.1333
/localization/pose_estimator/pose_with_covariance,27532575937,53.9070,-141.1275
/localization/pose_estimator/pose_with_covariance,27632575939,53.9163,-141.1391
/localization/pose_estimator/pose_with_covariance,27732575940,53.8788,-141.1217
/localization/pose_estimator/pose_with_covariance,27832575942,53.9058,-141.1346
/localization/pose_estimator/pose_with_covariance,27932575943,53.8870,-141.1335
/localization/pose_estimator/pose_with_covariance,28032575945,53.9032,-141.1365
/localization/pose_estimator/pose_with_covariance,28132575946,53.9032,-141.1356
/localization/pose_estimator/pose_with_covariance,28232575948,53.8951,-141.1401
/localization/pose_estimator/pose_with_covariance,28332575949,53.9029,-141.1336
/localization/pose_estimator/pose_with_covariance,28432575951,53.9091,-141.1287
/localization/pose_estimator/pose_with_covariance,28532575952,53.8812,-141.1318
/localization/pose_estimator/pose_with_covariance,28632575954,53.8980,-141.1242
/localization/pose_estimator/pose_with_covariance,28732575955,53.8982,-141.1405
/localization/pose_estimator/pose_with_covariance,28832575957,53.8970,-141.1302
/localization/pose_estimator/pose_with_covariance,28932575958,53.8910,-141.1285
/localization/pose_estimator/pose_with_covariance,29032575960,53.9112,-141.1452
/localization/pose_estimator/pose_with_covariance,29132575961,53.8970,-141.1231
/localization/pose_estimator/pose_with_covariance,29232575963,53.8985,-141.1413
/localization/pose_estimator/pose_with_covariance,29332575964,53.8829,-141.1242
/localization/pose_estimator/pose_with_covariance,29432575966,53.9024,-141.1352
/localization/pose_estimator/pose_with_covariance,29532575967,53.8810,-141.1309
/localization/pose_estimator/pose_with_covariance,29632575969,53.8961,-141.1240
/localization/pose_estimator/pose_with_covariance,29732575970,53.8881,-141.1293
/localization/pose_estimator/pose_with_covariance,29832575972,53.9178,-141.1303
/localization/pose_estimator/pose_with_covariance,29932575973,53.8803,-141.1198
/localization/pose_estimator/pose_with_covariance,30032575974,53.9142,-141.1294
/localization/pose_estimator/pose_with_covariance,30132575976,53.8853,-141.1264
/localization/pose_estimator/pose_with_covariance,30232575977,53.8992,-141.1200
/localization/pose_estimator/pose_with_covariance,30332575979,53.9142,-141.1344
/localization/pose_estimator/pose_with_covariance,30432575980,53.8901,-141.1274
/localization/pose_estimator/pose_with_covariance,30532575982,53.8952,-141.1249
/localization/pose_estimator/pose_with_covariance,30632575983,53.8847,-141.1211
/localization/pose_estimator/pose_with_covariance,30732575985,53.8973,-141.1341
/localization/pose_estimator/pose_with_covariance,30832575986,53.8800,-141.1182
/localization/pose_estimator/pose_with_covariance,30932575988,53.8900,-141.1278
/localization/pose_estimator/pose_with_covariance,31032575989,53.8870,-141.1185
/localization/pose_estimator/pose_with_covariance,31132575991,53.8858,-141.1283
/localization/pose_estimator/pose_with_covariance,31232575992,53.8999,-141.1188
/localization/pose_estimator/pose_with_covariance,31332575994,53.8985,-141.1231
/localization/pose_estimator/pose_with_covariance,31432575995,53.8967,-141.1239
/localization/pose_estimator/pose_with_covariance,31532575997,53.8793,-141.1285
/localization/pose_estimator/pose_with_covariance,31632575998,53.8955,-141.1158
/localization/pose_estimator/pose_with_covariance,31732576000,53.8916,-141.1100
/localization/pose_estimator/pose_with_covariance,31832576001,53.9139,-141.1125
/localization/pose_estimator/pose_with_covariance,31932576003,53.8785,-141.1262
/localization/pose_estimator/pose_with_covariance,32032576004,53.9060,-141.1208
/localization/pose_estimator/pose_with_covariance,32132576006,53.8976,-141.1236
/localization/pose_estimator/pose_with_covariance,32232576007,53.8971,-141.1095
/localization/pose_estimator/pose_with_covariance,32332576009,53.9004,-141.1157
/localization/pose_estimator/pose_with_covariance,32432576010,53.8873,-141.1090
/localization/pose_estimator/pose_with_covariance,32532576012,53.8945,-141.1135
/localization/pose_estimator/pose_with_covariance,32632576013,53.9002,-141.1225
/localization/pose_estimator/pose_with_covariance,32732576015,53.8886,-141.1179
/localization/pose_estimator/pose_with_covariance,32832576016,53.8806,-141.1118
/localization/pose_estimator/pose_with_covariance,32932576018,53.9056,-141.1215
/localization/pose_estimator/pose_with_covariance,33032576019,53.9096,-141.1093
/localization/pose_estimator/pose_with_covariance,33132576021,53.8798,-141.1153
/localization/pose_estimator/pose_with_covariance,33232576022,53.9149,-141.1053
/localization/pose_estimator/pose_with_covariance,33332576024,53.8932,-141.1275
/localization/pose_estimator/pose_with_covariance,33432576025,53.9023,-141.1191
/localization/pose_estimator/pose_with_covariance,33532576027,53.8990,-141.1251
/localization/pose_estimator/pose_with_covariance,33632576028,53.8845,-141.1272
/localization/pose_estimator/pose_with_covariance,33732576030,53.9063,-141.1246
/localization/pose_estimator/pose_with_covariance,33832576031,53.8989,-141.1325
/localization/pose_estimator/pose_with_covariance,33932576033,53.9182,-141.1128
/localization/pose_estimator/pose_with_covariance,34032576034,53.9345,-141.1195
/localization/pose_estimator/pose_with_covariance,34132576036,53.9576,-141.1039
/localization/pose_estimator/pose_with_covariance,34232576037,53.9959,-141.1015
/localization/pose_estimator/pose_with_covariance,34332576039,54.0219,-141.1037
/localization/pose_estimator/pose_with_covariance,34432576040,54.0552,-141.1024
/localization/pose_estimator/pose_with_covariance,34532576042,54.1016,-141.1075
/localization/pose_estimator/pose_with_covariance,34632576043,54.1866,-141.0929
/localization/pose_estimator/pose_with_covariance,34732576045,54.2475,-141.1022
/localization/pose_estimator/pose_with_covariance,34832576046,54.2895,-141.0960
/localization/pose_estimator/pose_with_covariance,34932576048,54.3947,-141.0925
/localization/pose_estimator/pose_with_covariance,35032576049,54.4804,-141.0943
/localization/pose_estimator/pose_with_covariance,35132576050,54.5767,-141.0884
/localization/pose_estimator/pose_with_covariance,35232576052,54.7074,-141.0910
/localization/pose_estimator/pose_with_covariance,35332576053,54.8544,-141.1039
/localization/pose_estimator/pose_with_covariance,35432576055,54.9872,-141.0965
/localization/pose_estimator/pose_with_covariance,35532576056,55.1136,-141.1159
/localization/pose_estimator/pose_with_covariance,35632576058,55.2577,-141.1359
/localization/pose_estimator/pose_with_covariance,35732576059,55.4182,-141.1398
/localization/pose_estimator/pose_with_covariance,35832576061,55.6078,-141.1329
/localization/pose_estimator/pose_with_covariance,35932576062,55.7557,-141.1273
/localization/pose_estimator/pose_with_covariance,36032576064,55.9413,-141.1443
/localization/pose_estimator/pose_with_covariance,36132576065,56.1380,-141.1533
/localization/pose_estimator/pose_with_covariance,36232576067,56.3455,-141.1511
/localization/pose_estimator/pose_with_covariance,36332576068,56.5590,-141.1545
/localization/pose_estimator/pose_with_covariance,36432576070,56.7857,-141.1557
/localization/pose_estimator/pose_with_covariance,36532576071,57.0110,-141.1817
/localization/pose_estimator/pose_with_covariance,36632576073,57.2818,-141.1666
/localization/pose_estimator/pose_with_covariance,36732576074,57.5426,-141.1810
/localization/pose_estimator/pose_with_covariance,36832576076,57.8034,-141.1798
/localization/pose_estimator/pose_with_covariance,36932576077,58.0661,-141.1784
/localization/pose_estimator/pose_with_covariance,37032576079,58.3842,-141.1959
/localization/pose_estimator/pose_with_covariance,37132576080,58.6852,-141.1974
/localization/pose_estimator/pose_with_covariance,37232576082,58.9932,-141.2104
/localization/pose_estimator/pose_with_covariance,37332576083,59.2457,-141.2222
/localization/pose_estimator/pose_with_covariance,37432576085,59.5465,-141.2248
/localization/pose_estimator/pose_with_covariance,37532576086,59.8725,-141.2291
/localization/pose_estimator/pose_with_covariance,37632576088,60.2190,-141.2142
/localization/pose_estimator/pose_with_covariance,37732576089,60.5846,-141.2269
/localization/pose_estimator/pose_with_covariance,37832576091,60.9573,-141.2247
/localization/pose_estimator/pose_with_covariance,37932576092,61.3112,-141.2098
/localization/pose_estimator/pose_with_covariance,38032576094,61.6992,-141.2143
/localization/pose_estimator/pose_with_covariance,38132576095,62.0781,-141.1994
/localization/pose_estimator/pose_with_covariance,38232576097,62.4865,-141.2240
/localization/pose_estimator/pose_with_covariance,38332576098,62.9141,-141.2042
/localization/pose_estimator/pose_with_covariance,38432576100,63.2842,-141.1747
/localization/pose_estimator/pose_with_covariance,38532576101,63.6745,-141.1677
/localization/pose_estimator/pose_with_covariance,38632576103,64.0680,-141.1579
/localization/pose_estimator/pose_with_covariance,38732576104,64.5187,-141.1541
/localization/pose_estimator/pose_with_covariance,38832576106,64.9316,-141.1252
/localization/pose_estimator/pose_with_covariance,38932576107,65.3750,-141.0895
/localization/pose_estimator/pose_with_covariance,39032576109,65.8047,-141.0954
/localization/pose_estimator/pose_with_covariance,39132576110,66.2188,-141.0445
/localization/pose_estimator/pose_with_covariance,39232576112,66.6260,-141.0124
/localization/pose_estimator/pose_with_covariance,39332576113,67.0185,-141.0005
/localization/pose_estimator/pose_with_covariance,39432576115,67.4733,-140.9947
/localization/pose_estimator/pose_with_covariance,39532576116,67.9001,-140.9558
/localization/pose_estimator/pose_with_covariance,39632576118,68.3203,-140.9085
/localization/pose_estimator/pose_with_covariance,39732576119,68.7254,-140.8598
/localization/pose_estimator/pose_with_covariance,39832576121,69.1388,-140.8125
/localization/pose_estimator/pose_with_covariance,39932576122,69.5546,-140.7853
/localization/pose_estimator/pose_with_covariance,40032576124,69.9524,-140.7276
/localization/pose_estimator/pose_with_covariance,40132576125,70.3925,-140.6634
/localization/pose_estimator/pose_with_covariance,40232576126,70.7755,-140.6139
/localization/pose_estimator/pose_with_covariance,40332576128,71.2018,-140.5533
/localization/pose_estimator/pose_with_covariance,40432576129,71.6152,-140.4994
/localization/pose_estimator/pose_with_covariance,40532576131,72.0185,-140.4246
/localization/pose_estimator/pose_with_covariance,40632576132,72.4367,-140.3434
/localization/pose_estimator/pose_with_covariance,40732576134,72.8630,-140.2794
/localization/pose_estimator/pose_with_covariance,40832576135,73.2560,-140.2038
/localization/pose_estimator/pose_with_covariance,40932576137,73.6488,-140.1267
/localization/pose_estimator/pose_with_covariance,41032576138,74.0866,-140.0529
/localization/pose_estimator/pose_with_covariance,41132576140,74.4992,-139.9872
/localization/pose_estimator/pose_with_covariance,41232576141,74.9249,-139.9177
/localization/pose_estimator/pose_with_covariance,41332576143,75.3213,-139.8136
/localization/pose_estimator/pose_with_covariance,41432576144,75.7336,-139.7048
/localization/pose_estimator/pose_with_covariance,41532576146,76.1149,-139.5756
/localization/pose_estimator/pose_with_covariance,41632576147,76.5223,-139.4624
/localization/pose_estimator/pose_with_covariance,41732576149,76.8912,-139.3592
/localization/pose_estimator/pose_with_covariance,41832576150,77.3304,-139.2303
/localization/pose_estimator/pose_with_covariance,41932576152,77.6995,-139.1064
/localization/pose_estimator/pose_with_covariance,42032576153,78.1278,-139.0009
/localization/pose_estimator/pose_with_covariance,42132576155,78.5012,-138.8527
/localization/pose_estimator/pose_with_covariance,42232576156,78.9153,-138.7012
/localization/pose_estimator/pose_with_covariance,42332576158,79.3022,-138.5572
/localization/pose_estimator/pose_with_covariance,42432576159,79.6867,-138.4355
/localization/pose_estimator/pose_with_covariance,42532576161,80.0563,-138.2760
/localization/pose_estimator/pose_with_covariance,42632576162,80.4270,-138.1236
/localization/pose_estimator/pose_with_covariance,42732576164,80.8487,-137.9593
/localization/pose_estimator/pose_with_covariance,42832576165,81.2105,-137.8081
/localization/pose_estimator/pose_with_covariance,42932576167,81.5888,-137.6463
/localization/pose_estimator/pose_with_covariance,43032576168,81.9990,-137.4599
/localization/pose_estimator/pose_with_covariance,43132576170,82.3834,-137.3033
/localization/pose_estimator/pose_with_covariance,43232576171,82.7728,-137.1220
/localization/pose_estimator/pose_with_covariance,43332576173,83.1279,-136.9345
/localization/pose_estimator/pose_with_covariance,43432576174,83.4983,-136.7560
/localization/pose_estimator/pose_with_covariance,43532576176,83.8637,-136.5909
/localization/pose_estimator/pose_with_covariance,43632576177,84.2560,-136.3718
/localization/pose_estimator/pose_with_covariance,43732576179,84.6272,-136.1688
/localization/pose_estimator/pose_with_covariance,43832576180,84.9730,-135.9736
/localization/pose_estimator/pose_with_covariance,43932576182,85.3674,-135.7741
/localization/pose_estimator/pose_with_covariance,44032576183,85.7324,-135.5699
/localization/pose_estimator/pose_with_covariance,44132576185,86.0837,-135.3668
/localization/pose_estimator/pose_with_covariance,44232576186,86.4167,-135.1317
/localization/pose_estimator/pose_with_covariance,44332576188,86.7587,-134.8908
/localization/pose_estimator/pose_with_covariance,44432576189,87.1137,-134.6758
/localization/pose_estimator/pose_with_covariance,44532576191,87.4600,-134.4482
/localization/pose_estimator/pose_with_covariance,44632576192,87.8075,-134.2155
/localization/pose_estimator/pose_with_covariance,44732576194,88.1609,-133.9719
/localization/pose_estimator/pose_with_covariance,44832576195,88.4927,-133.7417
/localization/pose_estimator/pose_with_covariance,44932576197,88.8410,-133.5112
/localization/pose_estimator/pose_with_covariance,45032576198,89.1757,-133.2458
/localization/pose_estimator/pose_with_covariance,45132576199,89.5362,-133.0101
/localization/pose_estimator/pose_with_covariance,45232576201,89.8813,-132.7542
/localization/pose_estimator/pose_with_covariance,45332576202,90.1941,-132.5119
/localization/pose_estimator/pose_with_covariance,45432576204,90.5128,-132.2517
/localization/pose_estimator/pose_with_covariance,45532576205,90.8314,-131.9774
/localization/pose_estimator/pose_with_covariance,45632576207,91.1421,-131.7077
/localization/pose_estimator/pose_with_covariance,45732576208,91.4631,-131.4317
/localization/pose_estimator/pose_with_covariance,45832576210,91.7495,-131.1679
/localization/pose_estimator/pose_with_covariance,45932576211,92.0785,-130.8929
/localization/pose_estimator/pose_with_covariance,46032576213,92.4010,-130.6079
/localization/pose_estimator/pose_with_covariance,46132576214,92.6834,-130.2995
/localization/pose_estimator/pose_with_covariance,46232576216,92.9952,-130.0383
/localization/pose_estimator/pose_with_covariance,46332576217,93.3247,-129.7589
/localization/pose_estimator/pose_with_covariance,46432576219,93.6409,-129.4789
/localization/pose_estimator/pose_with_covariance,46532576220,93.9376,-129.1943
/localization/pose_estimator/pose_with_covariance,46632576222,94.2196,-128.8910
/localization/pose_estimator/pose_with_covariance,46732576223,94.5074,-128.5993
/localization/pose_estimator/pose_with_covariance,46832576225,94.8085,-128.2812
/localization/pose_estimator/pose_with_covariance,46932576226,95.0893,-127.9867
/localization/pose_estimator/pose_with_covariance,47032576228,95.3753,-127.6931
/localization/pose_estimator/pose_with_covariance,47132576229,95.6621,-127.3751
/localization/pose_estimator/pose_with_covariance,47232576231,95.9418,-127.0528
/localization/pose_estimator/pose_with_covariance,47332576232,96.1733,-126.7422
/localization/pose_estimator/pose_with_covariance,47432576234,96.4754,-126.4520
/localization/pose_estimator/pose_with_covariance,47532576235,96.7470,-126.1211
/localization/pose_estimator/pose_with_covariance,47632576237,97.0208,-125.8013
/localization/pose_estimator/pose_with_covariance,47732576238,97.2798,-125.4689
/localization/pose_estimator/pose_with_covariance,47832576240,97.5565,-125.1433
/localization/pose_estimator/pose_with_covariance,47932576241,97.8058,-124.8448
/localization/pose_estimator/pose_with_covariance,48032576243,98.0531,-124.5041
/localization/pose_estimator/pose_with_covariance,48132576244,98.2883,-124.1703
/localization/pose_estimator/pose_with_covariance,48232576246,98.5335,-123.8419
/localization/pose_estimator/pose_with_covariance,48332576247,98.7936,-123.5039
/localization/pose_estimator/pose_with_covariance,48432576249,99.0184,-123.1618
/localization/pose_estimator/pose_with_covariance,48532576250,99.2825,-122.8196
/localization/pose_estimator/pose_with_covariance,48632576252,99.4923,-122.4797
/localization/pose_estimator/pose_with_covariance,48732576253,99.7715,-122.1236
/localization/pose_estimator/pose_with_covariance,48832576255,99.9636,-121.7796
/localization/pose_estimator/pose_with_covariance,48982576257,100.3340,-121.2754
/localization/pose_estimator/pose_with_covariance,49032576258,100.4264,-121.1006
/localization/pose_estimator/pose_with_covariance,49132576259,100.6517,-120.7441
/localization/pose_estimator/pose_with_covariance,49232576261,100.8716,-120.3786
/localization/pose_estimator/pose_with_covariance,49332576262,101.1056,-120.0298
/localization/pose_estimator/pose_with_covariance,49432576264,101.3295,-119.6873
/localization/pose_estimator/pose_with_covariance,49532576265,101.5435,-119.3278
/localization/pose_estimator/pose_with_covariance,49632576267,101.7528,-118.9818
/localization/pose_estimator/pose_with_covariance,49732576268,101.9448,-118.6077
/localization/pose_estimator/pose_with_covariance,49832576270,102.1596,-118.2507
/localization/pose_estimator/pose_with_covariance,49982576272,102.4362,-117.6967
/localization/pose_estimator/pose_with_covariance,50082576273,102.6293,-117.2991
/localization/pose_estimator/pose_with_covariance,50182576275,102.8356,-116.9382
/localization/pose_estimator/pose_with_covariance,50282576276,103.0262,-116.5697
/localization/pose_estimator/pose_with_covariance,50382576278,103.2435,-116.1976
/localization/pose_estimator/pose_with_covariance,50482576279,103.4537,-115.8243
/localization/pose_estimator/pose_with_covariance,50582576281,103.6397,-115.4756
/localization/pose_estimator/pose_with_covariance,50682576282,103.8128,-115.0888
/localization/pose_estimator/pose_with_covariance,50782576284,103.9721,-114.7133
/localization/pose_estimator/pose_with_covariance,50882576285,104.1283,-114.3566
/localization/pose_estimator/pose_with_covariance,50982576287,104.3256,-113.9636
/localization/pose_estimator/pose_with_covariance,51082576288,104.4836,-113.5840
/localization/pose_estimator/pose_with_covariance,51182576290,104.6575,-113.1889
/localization/pose_estimator/pose_with_covariance,51282576291,104.8090,-112.8255
/localization/pose_estimator/pose_with_covariance,51382576293,104.9621,-112.4225
/localization/pose_estimator/pose_with_covariance,51482576294,105.1283,-112.0290
/localization/pose_estimator/pose_with_covariance,51582576296,105.2629,-111.6584
/localization/pose_estimator/pose_with_covariance,51682576297,105.4333,-111.2754
/localization/pose_estimator/pose_with_covariance,51782576299,105.5457,-110.8886
/localization/pose_estimator/pose_with_covariance,51882576300,105.6952,-110.4903
/localization/pose_estimator/pose_with_covariance,51982576302,105.8308,-110.0931
/localization/pose_estimator/pose_with_covariance,52082576303,105.9795,-109.7343
/localization/pose_estimator/pose_with_covariance,52182576305,106.1217,-109.3247
/localization/pose_estimator/pose_with_covariance,52282576306,106.2824,-108.9439
/localization/pose_estimator/pose_with_covariance,52382576308,106.3719,-108.5185
/localization/pose_estimator/pose_with_covariance,52482576309,106.4601,-108.1452
/localization/pose_estimator/pose_with_covariance,52582576311,106.6242,-107.7415
/localization/pose_estimator/pose_with_covariance,52682576312,106.7563,-107.3528
/localization/pose_estimator/pose_with_covariance,52782576313,106.8904,-106.9571
/localization/pose_estimator/pose_with_covariance,52882576315,106.9708,-106.5476
/localization/pose_estimator/pose_with_covariance,52982576316,107.0608,-106.1502
/localization/pose_estimator/pose_with_covariance,53082576318,107.1735,-105.7433
/localization/pose_estimator/pose_with_covariance,53182576319,107.3198,-105.3321
/localization/pose_estimator/pose_with_covariance,53282576321,107.4203,-104.9336
/localization/pose_estimator/pose_with_covariance,53382576322,107.4948,-104.5426
/localization/pose_estimator/pose_with_covariance,53482576324,107.5983,-104.1359
/localization/pose_estimator/pose_with_covariance,53582576325,107.7116,-103.7385
/localization/pose_estimator/pose_with_covariance,53682576327,107.7901,-103.3388
/localization/pose_estimator/pose_with_covariance,53782576328,107.8742,-102.9328
/localization/pose_estimator/pose_with_covariance,53882576330,107.9636,-102.5246
/localization/pose_estimator/pose_with_covariance,53982576331,108.0259,-102.1076
/localization/pose_estimator/pose_with_covariance,54082576333,108.1459,-101.7028
/localization/pose_estimator/pose_with_covariance,54182576334,108.2072,-101.2625
/localization/pose_estimator/pose_with_covariance,54282576336,108.2519,-100.8593
/localization/pose_estimator/pose_with_covariance,54382576337,108.3464,-100.4459
/localization/pose_estimator/pose_with_covariance,54482576339,108.3868,-100.0284
/localization/pose_estimator/pose_with_covariance,54582576340,108.4478,-99.6326
/localization/pose_estimator/pose_with_covariance,54682576342,108.5163,-99.2206
/localization/pose_estimator/pose_with_covariance,54782576343,108.5411,-98.8075
/localization/pose_estimator/pose_with_covariance,54882576345,108.6144,-98.4043
/localization/pose_estimator/pose_with_covariance,54982576346,108.6711,-97.9762
/localization/pose_estimator/pose_with_covariance,55082576348,108.7279,-97.5715
/localization/pose_estimator/pose_with_covariance,55182576349,108.7669,-97.1355
/localization/pose_estimator/pose_with_covariance,55282576351,108.8190,-96.7261
/localization/pose_estimator/pose_with_covariance,55382576352,108.8422,-96.3100
/localization/pose_estimator/pose_with_covariance,55482576354,108.9308,-95.9119
/localization/pose_estimator/pose_with_covariance,55582576355,108.9457,-95.4879
/localization/pose_estimator/pose_with_covariance,55682576357,108.9613,-95.0735
/localization/pose_estimator/pose_with_covariance,55782576358,109.0050,-94.6519
/localization/pose_estimator/pose_with_covariance,55882576360,109.0304,-94.2230
/localization/pose_estimator/pose_with_covariance,55982576361,109.0161,-93.8125
/localization/pose_estimator/pose_with_covariance,56082576363,109.0690,-93.4057
/localization/pose_estimator/pose_with_covariance,56182576364,109.0734,-92.9976
/localization/pose_estimator/pose_with_covariance,56282576366,109.1149,-92.5647
/localization/pose_estimator/pose_with_covariance,56382576367,109.1341,-92.1677
/localization/pose_estimator/pose_with_covariance,56482576369,109.1494,-91.7393
/localization/pose_estimator/pose_with_covariance,56582576370,109.1560,-91.3401
/localization/pose_estimator/pose_with_covariance,56682576372,109.1895,-90.8785
/localization/pose_estimator/pose_with_covariance,56782576373,109.2273,-90.5032
/localization/pose_estimator/pose_with_covariance,56882576375,109.2307,-90.0967
/localization/pose_estimator/pose_with_covariance,56982576376,109.2516,-89.6551
/localization/pose_estimator/pose_with_covariance,57082576378,109.2229,-89.2544
/localization/pose_estimator/pose_with_covariance,57182576379,109.2430,-88.8476
/localization/pose_estimator/pose_with_covariance,57282576381,109.2488,-88.4489
/localization/pose_estimator/pose_with_covariance,57382576382,109.2468,-88.0328
/localization/pose_estimator/pose_with_covariance,57482576384,109.2915,-87.6297
/localization/pose_estimator/pose_with_covariance,57582576385,109.2781,-87.1840
/localization/pose_estimator/pose_with_covariance,57682576387,109.2999,-86.7758
/localization/pose_estimator/pose_with_covariance,57782576388,109.3218,-86.3520
/localization/pose_estimator/pose_with_covariance,57882576389,109.3053,-85.9413
/localization/pose_estimator/pose_with_covariance,57982576391,109.2774,-85.5310
/localization/pose_estimator/pose_with_covariance,58082576392,109.3228,-85.1025
/localization/pose_estimator/pose_with_covariance,58182576394,109.2834,-84.6984
/localization/pose_estimator/pose_with_covariance,58282576395,109.3208,-84.2864
/localization/pose_estimator/pose_with_covariance,58382576397,109.3085,-83.8768
/localization/pose_estimator/pose_with_covariance,58482576398,109.2914,-83.4713
/localization/pose_estimator/pose_with_covariance,58582576400,109.3051,-83.0364
/localization/pose_estimator/pose_with_covariance,58682576401,109.2974,-82.6261
/localization/pose_estimator/pose_with_covariance,58782576403,109.2919,-82.2118
/localization/pose_estimator/pose_with_covariance,58882576404,109.3079,-81.8006
/localization/pose_estimator/pose_with_covariance,58982576406,109.2950,-81.3889
/localization/pose_estimator/pose_with_covariance,59082576407,109.3216,-80.9600
/localization/pose_estimator/pose_with_covariance,59182576409,109.3005,-80.5334
/localization/pose_estimator/pose_with_covariance,59282576410,109.3063,-80.1187
/localization/pose_estimator/pose_with_covariance,59382576412,109.3220,-79.7036
/localization/pose_estimator/pose_with_covariance,59482576413,109.2954,-79.2746
/localization/pose_estimator/pose_with_covariance,59582576415,109.2944,-78.8894
/localization/pose_estimator/pose_with_covariance,59682576416,109.3137,-78.4561
/localization/pose_estimator/pose_with_covariance,59782576418,109.3396,-78.0207
/localization/pose_estimator/pose_with_covariance,59882576419,109.3255,-77.6280
/localization/pose_estimator/pose_with_covariance,59982576421,109.2796,-77.2011
/localization/pose_estimator/pose_with_covariance,60082576422,109.3121,-76.7951
/localization/pose_estimator/pose_with_covariance,60182576424,109.3193,-76.3748
/localization/pose_estimator/pose_with_covariance,60282576425,109.3194,-75.9628
/localization/pose_estimator/pose_with_covariance,60382576427,109.3098,-75.5572
/localization/pose_estimator/pose_with_covariance,60482576428,109.3364,-75.1320
/localization/pose_estimator/pose_with_covariance,60582576430,109.3153,-74.7208
/localization/pose_estimator/pose_with_covariance,60682576431,109.3421,-74.3028
/localization/pose_estimator/pose_with_covariance,60782576433,109.3637,-73.8836
/localization/pose_estimator/pose_with_covariance,60882576434,109.3478,-73.4728
/localization/pose_estimator/pose_with_covariance,60982576436,109.3683,-73.0412
/localization/pose_estimator/pose_with_covariance,61082576437,109.3546,-72.6236
/localization/pose_estimator/pose_with_covariance,61182576439,109.3609,-72.2218
/localization/pose_estimator/pose_with_covariance,61282576440,109.3410,-71.8118
/localization/pose_estimator/pose_with_covariance,61382576442,109.3669,-71.3917
/localization/pose_estimator/pose_with_covariance,61482576443,109.3509,-70.9488
/localization/pose_estimator/pose_with_covariance,61582576445,109.3763,-70.5267
/localization/pose_estimator/pose_with_covariance,61682576446,109.3484,-70.1205
/localization/pose_estimator/pose_with_covariance,61782576448,109.3514,-69.6996
/localization/pose_estimator/pose_with_covariance,61882576449,109.3532,-69.2977
/localization/pose_estimator/pose_with_covariance,61982576451,109.3785,-68.9074
/localization/pose_estimator/pose_with_covariance,62082576452,109.3578,-68.4811
/localization/pose_estimator/pose_with_covariance,62182576454,109.3672,-68.0286
/localization/pose_estimator/pose_with_covariance,62282576455,109.3687,-67.6022
/localization/pose_estimator/pose_with_covariance,62382576457,109.3878,-67.1829
/localization/pose_estimator/pose_with_covariance,62482576458,109.3845,-66.7931
/localization/pose_estimator/pose_with_covariance,62582576460,109.3737,-66.3627
/localization/pose_estimator/pose_with_covariance,62682576461,109.3382,-65.9648
/localization/pose_estimator/pose_with_covariance,62782576463,109.3559,-65.5611
/localization/pose_estimator/pose_with_covariance,62882576464,109.3869,-65.1342
/localization/pose_estimator/pose_with_covariance,62982576465,109.3550,-64.7223
/localization/pose_estimator/pose_with_covariance,63082576467,109.3910,-64.3072
/localization/pose_estimator/pose_with_covariance,63182576468,109.3781,-63.9047
/localization/pose_estimator/pose_with_covariance,63282576470,109.3847,-63.4931
/localization/pose_estimator/pose_with_covariance,63382576471,109.4145,-63.0559
/localization/pose_estimator/pose_with_covariance,63482576473,109.3999,-62.6404
/localization/pose_estimator/pose_with_covariance,63582576474,109.3949,-62.2366
/localization/pose_estimator/pose_with_covariance,63682576476,109.4229,-61.8175
/localization/pose_estimator/pose_with_covariance,63782576477,109.4361,-61.3951
/localization/pose_estimator/pose_with_covariance,63882576479,109.4337,-60.9894
/localization/pose_estimator/pose_with_covariance,63982576480,109.4300,-60.5793
/localization/pose_estimator/pose_with_covariance,64082576482,109.4340,-60.1763
/localization/pose_estimator/pose_with_covariance,64182576483,109.4442,-59.7554
/localization/pose_estimator/pose_with_covariance,64282576485,109.4420,-59.3445
/localization/pose_estimator/pose_with_covariance,64382576486,109.4379,-58.8946
/localization/pose_estimator/pose_with_covariance,64482576488,109.4581,-58.4960
/localization/pose_estimator/pose_with_covariance,64582576489,109.4520,-58.0715
/localization/pose_estimator/pose_with_covariance,64682576491,109.4758,-57.6737
/localization/pose_estimator/pose_with_covariance,64782576492,109.4499,-57.2651
/localization/pose_estimator/pose_with_covariance,64882576494,109.4648,-56.8326
/localization/pose_estimator/pose_with_covariance,64982576495,109.4820,-56.4151
/localization/pose_estimator/pose_with_covariance,65082576497,109.4798,-55.9821
/localization/pose_estimator/pose_with_covariance,65182576498,109.5055,-55.5649
/localization/pose_estimator/pose_with_covariance,65282576500,109.5022,-55.1585
/localization/pose_estimator/pose_with_covariance,65382576501,109.4826,-54.7285
/localization/pose_estimator/pose_with_covariance,65482576503,109.4929,-54.3162
/localization/pose_estimator/pose_with_covariance,65582576504,109.4454,-53.8920
/localization/pose_estimator/pose_with_covariance,65682576506,109.4841,-53.4901
/localization/pose_estimator/pose_with_covariance,65782576507,109.4908,-53.0539
/localization/pose_estimator/pose_with_covariance,65882576509,109.5090,-52.6317
/localization/pose_estimator/pose_with_covariance,65982576510,109.5165,-52.2212
/localization/pose_estimator/pose_with_covariance,66082576512,109.5114,-51.8388
/localization/pose_estimator/pose_with_covariance,66182576513,109.5383,-51.4109
/localization/pose_estimator/pose_with_covariance,66282576515,109.5591,-50.9992
/localization/pose_estimator/pose_with_covariance,66382576516,109.5494,-50.5822
/localization/pose_estimator/pose_with_covariance,66482576518,109.5149,-50.1491
/localization/pose_estimator/pose_with_covariance,66582576519,109.5639,-49.7184
/localization/pose_estimator/pose_with_covariance,66682576521,109.5462,-49.3190
/localization/pose_estimator/pose_with_covariance,66782576522,109.5368,-48.9283
/localization/pose_estimator/pose_with_covariance,66882576524,109.5427,-48.5068
/localization/pose_estimator/pose_with_covariance,66982576525,109.5509,-48.0730
/localization/pose_estimator/pose_with_covariance,67082576527,109.5348,-47.6457
/localization/pose_estimator/pose_with_covariance,67182576528,109.5436,-47.2201
/localization/pose_estimator/pose_with_covariance,67282576530,109.5687,-46.8319
/localization/pose_estimator/pose_with_covariance,67382576531,109.5436,-46.3859
/localization/pose_estimator/pose_with_covariance,67482576533,109.5777,-46.0003
/localization/pose_estimator/pose_with_covariance,67582576534,109.5776,-45.5702
/localization/pose_estimator/pose_with_covariance,67682576536,109.5825,-45.1668
/localization/pose_estimator/pose_with_covariance,67782576537,109.5954,-44.7145
/localization/pose_estimator/pose_with_covariance,67882576538,109.5871,-44.3083
/localization/pose_estimator/pose_with_covariance,67982576540,109.5882,-43.8927
/localization/pose_estimator/pose_with_covariance,68082576541,109.6106,-43.4637
/localization/pose_estimator/pose_with_covariance,68182576543,109.5858,-43.0890
/localization/pose_estimator/pose_with_covariance,68282576544,109.5669,-42.6591
/localization/pose_estimator/pose_with_covariance,68382576546,109.5722,-42.2371
/localization/pose_estimator/pose_with_covariance,68482576547,109.5851,-41.8223
/localization/pose_estimator/pose_with_covariance,68582576549,109.6092,-41.3726
/localization/pose_estimator/pose_with_covariance,68682576550,109.6273,-40.9816
/localization/pose_estimator/pose_with_covariance,68782576552,109.6317,-40.5044
/localization/pose_estimator/pose_with_covariance,68882576553,109.5808,-40.1468
/localization/pose_estimator/pose_with_covariance,68982576555,109.5830,-39.7641
/localization/pose_estimator/pose_with_covariance,69082576556,109.6174,-39.3315
/localization/pose_estimator/pose_with_covariance,69182576558,109.6185,-38.8988
/localization/pose_estimator/pose_with_covariance,69282576559,109.6262,-38.4971
/localization/pose_estimator/pose_with_covariance,69382576561,109.6511,-38.0673
/localization/pose_estimator/pose_with_covariance,69482576562,109.6344,-37.6392
/localization/pose_estimator/pose_with_covariance,69582576564,109.6163,-37.2338
/localization/pose_estimator/pose_with_covariance,69682576565,109.6218,-36.8183
/localization/pose_estimator/pose_with_covariance,69782576567,109.6117,-36.4351
/localization/pose_estimator/pose_with_covariance,69882576568,109.6026,-35.9986
/localization/pose_estimator/pose_with_covariance,69982576570,109.6166,-35.5811
/localization/pose_estimator/pose_with_covariance,70082576571,109.6454,-35.1660
/localization/pose_estimator/pose_with_covariance,70182576573,109.6559,-34.7391
/localization/pose_estimator/pose_with_covariance,70282576574,109.6730,-34.3329
/localization/pose_estimator/pose_with_covariance,70382576576,109.6277,-33.9408
/localization/pose_estimator/pose_with_covariance,70482576577,109.5988,-33.5251
/localization/pose_estimator/pose_with_covariance,70582576579,109.6133,-33.1025
/localization/pose_estimator/pose_with_covariance,70682576580,109.6411,-32.6827
/localization/pose_estimator/pose_with_covariance,70782576582,109.6443,-32.2352
/localization/pose_estimator/pose_with_covariance,70882576583,109.6428,-31.8015
/localization/pose_estimator/pose_with_covariance,70982576585,109.6299,-31.3940
/localization/pose_estimator/pose_with_covariance,71082576586,109.6356,-31.0132
/localization/pose_estimator/pose_with_covariance,71182576588,109.6165,-30.6033
/localization/pose_estimator/pose_with_covariance,71282576589,109.6331,-30.1655
/localization/pose_estimator/pose_with_covariance,71382576591,109.6295,-29.7443
/localization/pose_estimator/pose_with_covariance,71482576592,109.6366,-29.3603
/localization/pose_estimator/pose_with_covariance,71582576594,109.6685,-28.9424
/localization/pose_estimator/pose_with_covariance,71682576595,109.6617,-28.5127
/localization/pose_estimator/pose_with_covariance,71782576597,109.6359,-28.0946
/localization/pose_estimator/pose_with_covariance,71882576598,109.6282,-27.7138
/localization/pose_estimator/pose_with_covariance,71982576600,109.6458,-27.2820
/localization/pose_estimator/pose_with_covariance,72082576601,109.6772,-26.8631
/localization/pose_estimator/pose_with_covariance,72182576603,109.6499,-26.4053
/localization/pose_estimator/pose_with_covariance,72282576604,109.6785,-26.0010
/localization/pose_estimator/pose_with_covariance,72382576606,109.6718,-25.5523
/localization/pose_estimator/pose_with_covariance,72482576607,109.6678,-25.1585
/localization/pose_estimator/pose_with_covariance,72582576609,109.6709,-24.7355
/localization/pose_estimator/pose_with_covariance,72682576610,109.6312,-24.3130
/localization/pose_estimator/pose_with_covariance,72782576612,109.6447,-23.9226
/localization/pose_estimator/pose_with_covariance,72882576613,109.6716,-23.4680
/localization/pose_estimator/pose_with_covariance,72982576614,109.6462,-23.0822
/localization/pose_estimator/pose_with_covariance,73082576616,109.6575,-22.6560
/localization/pose_estimator/pose_with_covariance,73182576617,109.6451,-22.2405
/localization/pose_estimator/pose_with_covariance,73282576619,109.6825,-21.8245
/localization/pose_estimator/pose_with_covariance,73382576620,109.6747,-21.4391
/localization/pose_estimator/pose_with_covariance,73482576622,109.7107,-21.0206
/localization/pose_estimator/pose_with_covariance,73582576623,109.6754,-20.5875
/localization/pose_estimator/pose_with_covariance,73682576625,109.7145,-20.1515
/localization/pose_estimator/pose_with_covariance,73782576626,109.7186,-19.7392
/localization/pose_estimator/pose_with_covariance,73882576628,109.6866,-19.3279
/localization/pose_estimator/pose_with_covariance,73982576629,109.7249,-18.9026
/localization/pose_estimator/pose_with_covariance,74082576631,109.6970,-18.4832
/localization/pose_estimator/pose_with_covariance,74182576632,109.7274,-18.0903
/localization/pose_estimator/pose_with_covariance,74282576634,109.7259,-17.6795
/localization/pose_estimator/pose_with_covariance,74382576635,109.7432,-17.2623
/localization/pose_estimator/pose_with_covariance,74482576637,109.7383,-16.7883
/localization/pose_estimator/pose_with_covariance,74582576638,109.7245,-16.3898
/localization/pose_estimator/pose_with_covariance,74682576640,109.7100,-15.9954
/localization/pose_estimator/pose_with_covariance,74782576641,109.7210,-15.5945
/localization/pose_estimator/pose_with_covariance,74882576643,109.6886,-15.1549
/localization/pose_estimator/pose_with_covariance,74982576644,109.7197,-14.7557
/localization/pose_estimator/pose_with_covariance,75082576646,109.7494,-14.3382
/localization/pose_estimator/pose_with_covariance,75182576647,109.7042,-13.9057
/localization/pose_estimator/pose_with_covariance,75282576649,109.7199,-13.4820
/localization/pose_estimator/pose_with_covariance,75382576650,109.7166,-13.0679
/localization/pose_estimator/pose_with_covariance,75482576652,109.7058,-12.6911
/localization/pose_estimator/pose_with_covariance,75582576653,109.7503,-12.2585
/localization/pose_estimator/pose_with_covariance,75682576655,109.7270,-11.8443
/localization/pose_estimator/pose_with_covariance,75782576656,109.7065,-11.4142
/localization/pose_estimator/pose_with_covariance,75882576658,109.7375,-10.9870
/localization/pose_estimator/pose_with_covariance,75982576659,109.7438,-10.5971
/localization/pose_estimator/pose_with_covariance,76082576661,109.7569,-10.1435
/localization/pose_estimator/pose_with_covariance,76182576662,109.7678,-9.7251
/localization/pose_estimator/pose_with_covariance,76282576664,109.7748,-9.3279
/localization/pose_estimator/pose_with_covariance,76382576665,109.7454,-8.9266
/localization/pose_estimator/pose_with_covariance,76482576667,109.7576,-8.4833
/localization/pose_estimator/pose_with_covariance,76582576668,109.7538,-8.0448
/localization/pose_estimator/pose_with_covariance,76682576670,109.7341,-7.6379
/localization/pose_estimator/pose_with_covariance,76782576671,109.7748,-7.1984
/localization/pose_estimator/pose_with_covariance,76882576673,109.7569,-6.8141
/localization/pose_estimator/pose_with_covariance,76982576674,109.7597,-6.3999
/localization/pose_estimator/pose_with_covariance,77082576676,109.7469,-5.9905
/localization/pose_estimator/pose_with_covariance,77182576677,109.7451,-5.5808
/localization/pose_estimator/pose_with_covariance,77282576679,109.7730,-5.1507
/localization/pose_estimator/pose_with_covariance,77382576680,109.7973,-4.7679
/localization/pose_estimator/pose_with_covariance,77482576682,109.7769,-4.3138
/localization/pose_estimator/pose_with_covariance,77582576683,109.8160,-3.8856
/localization/pose_estimator/pose_with_covariance,77682576685,109.7773,-3.4742
/localization/pose_estimator/pose_with_covariance,77782576686,109.7905,-3.0823
/localization/pose_estimator/pose_with_covariance,77882576688,109.7772,-2.6611
/localization/pose_estimator/pose_with_covariance,77982576689,109.7907,-2.2561
/localization/pose_estimator/pose_with_covariance,78082576690,109.8197,-1.8396
/localization/pose_estimator/pose_with_covariance,78182576692,109.8164,-1.4085
/localization/pose_estimator/pose_with_covariance,78282576693,109.8362,-0.9854
/localization/pose_estimator/pose_with_covariance,78382576695,109.8468,-0.5877
/localization/pose_estimator/pose_with_covariance,78482576696,109.8167,-0.1497
/localization/pose_estimator/pose_with_covariance,78582576698,109.8253,0.2384
/localization/pose_estimator/pose_with_covariance,78682576699,109.8338,0.6921
/localization/pose_estimator/pose_with_covariance,78782576701,109.8529,1.1248
/localization/pose_estimator/pose_with_covariance,78882576702,109.8448,1.5160
/localization/pose_estimator/pose_with_covariance,78982576704,109.8616,1.9356
/localization/pose_estimator/pose_with_covariance,79082576705,109.8745,2.3516
/localization/pose_estimator/pose_with_covariance,79182576707,109.8648,2.7568
/localization/pose_estimator/pose_with_covariance,79282576708,109.8573,3.1752
/localization/pose_estimator/pose_with_covariance,79382576710,109.8448,3.5779
/localization/pose_estimator/pose_with_covariance,79482576711,109.8445,4.0090
/localization/pose_estimator/pose_with_covariance,79582576713,109.8307,4.4216
/localization/pose_estimator/pose_with_covariance,79682576714,109.8501,4.8258
/localization/pose_estimator/pose_with_covariance,79782576716,109.8783,5.2938
/localization/pose_estimator/pose_with_covariance,79882576717,109.8661,5.6979
/localization/pose_estimator/pose_with_covariance,79982576719,109.8658,6.0890
/localization/pose_estimator/pose_with_covariance,80082576720,109.8835,6.5640
/localization/pose_estimator/pose_with_covariance,80182576722,109.8826,6.9374
/localization/pose_estimator/pose_with_covariance,80282576723,109.8500,7.3301
/localization/pose_estimator/pose_with_covariance,80382576725,109.8611,7.7880
/localization/pose_estimator/pose_with_covariance,80482576726,109.8559,8.1872
/localization/pose_estimator/pose_with_covariance,80582576728,109.8558,8.6233
/localization/pose_estimator/pose_with_covariance,80682576729,109.8619,9.0244
/localization/pose_estimator/pose_with_covariance,80782576731,109.8502,9.4611
/localization/pose_estimator/pose_with_covariance,80882576732,109.8285,9.8795
/localization/pose_estimator/pose_with_covariance,80982576734,109.8189,10.3125
/localization/pose_estimator/pose_with_covariance,81082576735,109.8767,10.7014
/localization/pose_estimator/pose_with_covariance,81182576737,109.8369,11.0956
/localization/pose_estimator/pose_with_covariance,81282576738,109.8772,11.5154
/localization/pose_estimator/pose_with_covariance,81382576740,109.8694,11.9425
/localization/pose_estimator/pose_with_covariance,81482576741,109.8950,12.3743
/localization/pose_estimator/pose_with_covariance,81582576743,109.8559,12.7977
/localization/pose_estimator/pose_with_covariance,81682576744,109.8733,13.2053
/localization/pose_estimator/pose_with_covariance,81782576746,109.8688,13.6114
/localization/pose_estimator/pose_with_covariance,81882576747,109.8632,14.0095
/localization/pose_estimator/pose_with_covariance,81982576749,109.9228,14.4219
/localization/pose_estimator/pose_with_covariance,82082576750,109.8851,14.9032
/localization/pose_estimator/pose_with_covariance,82182576752,109.8870,15.2811
/localization/pose_estimator/pose_with_covariance,82282576753,109.8892,15.7253
/localization/pose_estimator/pose_with_covariance,82382576755,109.8965,16.1135
/localization/pose_estimator/pose_with_covariance,82482576756,109.9144,16.5550
/localization/pose_estimator/pose_with_covariance,82582576758,109.9336,16.9501
/localization/pose_estimator/pose_with_covariance,82682576759,109.9598,17.3735
/localization/pose_estimator/pose_with_covariance,82782576761,109.9514,17.7851
/localization/pose_estimator/pose_with_covariance,82882576762,109.9434,18.2093
/localization/pose_estimator/pose_with_covariance,82982576764,109.9458,18.5942
/localization/pose_estimator/pose_with_covariance,83082576765,109.9318,19.0375
/localization/pose_estimator/pose_with_covariance,83182576766,109.9170,19.4141
/localization/pose_estimator/pose_with_covariance,83282576768,109.9157,19.8328
/localization/pose_estimator/pose_with_covariance,83382576769,109.9434,20.2447
/localization/pose_estimator/pose_with_covariance,83482576771,109.9728,20.6434
/localization/pose_estimator/pose_with_covariance,83582576772,109.9610,21.0882
/localization/pose_estimator/pose_with_covariance,83682576774,109.9418,21.4827
/localization/pose_estimator/pose_with_covariance,83782576775,109.9194,21.9002
/localization/pose_estimator/pose_with_covariance,83882576777,109.9124,22.3124
/localization/pose_estimator/pose_with_covariance,83982576778,109.8950,22.7204
/localization/pose_estimator/pose_with_covariance,84082576780,109.9154,23.1734
/localization/pose_estimator/pose_with_covariance,84182576781,109.8908,23.5468
/localization/pose_estimator/pose_with_covariance,84282576783,109.8902,23.9802
/localization/pose_estimator/pose_with_covariance,84382576784,109.8518,24.3914
/localization/pose_estimator/pose_with_covariance,84482576786,109.8134,24.8270
/localization/pose_estimator/pose_with_covariance,84582576787,109.8005,25.2172
/localization/pose_estimator/pose_with_covariance,84682576789,109.7723,25.6127
/localization/pose_estimator/pose_with_covariance,84782576790,109.7853,26.0544
/localization/pose_estimator/pose_with_covariance,84882576792,109.7135,26.4403
/localization/pose_estimator/pose_with_covariance,84982576793,109.6152,26.8807
/localization/pose_estimator/pose_with_covariance,85082576795,109.5928,27.2810
/localization/pose_estimator/pose_with_covariance,85182576796,109.5217,27.7240
/localization/pose_estimator/pose_with_covariance,85282576798,109.4735,28.1157
/localization/pose_estimator/pose_with_covariance,85382576799,109.4344,28.5373
/localization/pose_estimator/pose_with_covariance,85482576801,109.3956,28.9650
/localization/pose_estimator/pose_with_covariance,85582576802,109.3470,29.3923
/localization/pose_estimator/pose_with_covariance,85682576804,109.2912,29.7635
/localization/pose_estimator/pose_with_covariance,85782576805,109.1985,30.1742
/localization/pose_estimator/pose_with_covariance,85882576807,109.1456,30.5969
/localization/pose_estimator/pose_with_covariance,85982576808,109.0345,31.0042
/localization/pose_estimator/pose_with_covariance,86082576810,108.9923,31.3654
/localization/pose_estimator/pose_with_covariance,86182576811,108.9291,31.7909
/localization/pose_estimator/pose_with_covariance,86282576813,108.8340,32.2080
/localization/pose_estimator/pose_with_covariance,86382576814,108.7479,32.6420
/localization/pose_estimator/pose_with_covariance,86482576816,108.7155,33.0388
/localization/pose_estimator/pose_with_covariance,86582576817,108.5619,33.4121
/localization/pose_estimator/pose_with_covariance,86682576819,108.4672,33.8164
/localization/pose_estimator/pose_with_covariance,86782576820,108.3731,34.2268
/localization/pose_estimator/pose_with_covariance,86882576822,108.2523,34.6329
/localization/pose_estimator/pose_with_covariance,86982576823,108.1204,35.0316
/localization/pose_estimator/pose_with_covariance,87082576825,108.0461,35.4320
/localization/pose_estimator/pose_with_covariance,87182576826,107.9688,35.8539
/localization/pose_estimator/pose_with_covariance,87282576828,107.8066,36.2297
/localization/pose_estimator/pose_with_covariance,87382576829,107.7052,36.6526
/localization/pose_estimator/pose_with_covariance,87482576831,107.5861,37.0319
/localization/pose_estimator/pose_with_covariance,87582576832,107.4517,37.4470
/localization/pose_estimator/pose_with_covariance,87682576834,107.3217,37.8285
/localization/pose_estimator/pose_with_covariance,87782576835,107.2059,38.1713
/localization/pose_estimator/pose_with_covariance,87882576837,107.0303,38.6328
/localization/pose_estimator/pose_with_covariance,87982576838,106.9333,38.9972
/localization/pose_estimator/pose_with_covariance,88082576840,106.7559,39.3507
/localization/pose_estimator/pose_with_covariance,88182576841,106.6240,39.7610
/localization/pose_estimator/pose_with_covariance,88282576842,106.4622,40.1175
/localization/pose_estimator/pose_with_covariance,88382576844,106.3131,40.5495
/localization/pose_estimator/pose_with_covariance,88482576845,106.1328,40.9245
/localization/pose_estimator/pose_with_covariance,88582576847,105.9660,41.2946
/localization/pose_estimator/pose_with_covariance,88682576848,105.8117,41.6661
/localization/pose_estimator/pose_with_covariance,88782576850,105.6410,42.0235
/localization/pose_estimator/pose_with_covariance,88882576851,105.4782,42.4355
/localization/pose_estimator/pose_with_covariance,88982576853,105.2851,42.8165
/localization/pose_estimator/pose_with_covariance,89082576854,105.1213,43.1808
/localization/pose_estimator/pose_with_covariance,89182576856,104.9475,43.5771
/localization/pose_estimator/pose_with_covariance,89282576857,104.7266,43.9485
/localization/pose_estimator/pose_with_covariance,89382576859,104.5712,44.3206
/localization/pose_estimator/pose_with_covariance,89482576860,104.3528,44.6692
/localization/pose_estimator/pose_with_covariance,89582576862,104.1748,45.0340
/localization/pose_estimator/pose_with_covariance,89682576863,103.9366,45.3612
/localization/pose_estimator/pose_with_covariance,89782576865,103.7458,45.7418
/localization/pose_estimator/pose_with_covariance,89882576866,103.5271,46.1097
/localization/pose_estimator/pose_with_covariance,89982576868,103.2957,46.4525
/localization/pose_estimator/pose_with_covariance,90082576869,103.0973,46.8184
/localization/pose_estimator/pose_with_covariance,90182576871,102.8678,47.1846
/localization/pose_estimator/pose_with_covariance,90282576872,102.6540,47.5119
/localization/pose_estimator/pose_with_covariance,90382576874,102.4299,47.8706
/localization/pose_estimator/pose_with_covariance,90482576875,102.2252,48.2450
/localization/pose_estimator/pose_with_covariance,90582576877,101.9719,48.5466
/localization/pose_estimator/pose_with_covariance,90682576878,101.7232,48.9041
/localization/pose_estimator/pose_with_covariance,90782576880,101.4961,49.2264
/localization/pose_estimator/pose_with_covariance,90882576881,101.2379,49.5717
/localization/pose_estimator/pose_with_covariance,90982576883,101.0081,49.9254
/localization/pose_estimator/pose_with_covariance,91082576884,100.7501,50.2445
/localization/pose_estimator/pose_with_covariance,91182576886,100.4983,50.5764
/localization/pose_estimator/pose_with_covariance,91282576887,100.2409,50.9051
/localization/pose_estimator/pose_with_covariance,91382576889,100.0025,51.2271
/localization/pose_estimator/pose_with_covariance,91482576890,99.7182,51.5504
/localization/pose_estimator/pose_with_covariance,91582576892,99.4479,51.8586
/localization/pose_estimator/pose_with_covariance,91682576893,99.1790,52.2075
/localization/pose_estimator/pose_with_covariance,91782576895,98.8878,52.5107
/localization/pose_estimator/pose_with_covariance,91882576896,98.6438,52.8129
/localization/pose_estimator/pose_with_covariance,91982576898,98.3813,53.1518
/localization/pose_estimator/pose_with_covariance,92082576899,98.0960,53.4483
/localization/pose_estimator/pose_with_covariance,92182576901,97.8113,53.7520
/localization/pose_estimator/pose_with_covariance,92282576902,97.5338,54.0517
/localization/pose_estimator/pose_with_covariance,92382576904,97.2088,54.3606
/localization/pose_estimator/pose_with_covariance,92482576905,96.9128,54.6243
/localization/pose_estimator/pose_with_covariance,92582576907,96.6457,54.9255
/localization/pose_estimator/pose_with_covariance,92682576908,96.3288,55.2373
/localization/pose_estimator/pose_with_covariance,92782576910,96.0727,55.4903
/localization/pose_estimator/pose_with_covariance,92882576911,95.7375,55.7849
/localization/pose_estimator/pose_with_covariance,92982576913,95.4482,56.0912
/localization/pose_estimator/pose_with_covariance,93082576914,95.1567,56.3675
/localization/pose_estimator/pose_with_covariance,93182576915,94.8001,56.6248
/localization/pose_estimator/pose_with_covariance,93282576917,94.5208,56.8978
/localization/pose_estimator/pose_with_covariance,93382576918,94.1801,57.1575
/localization/pose_estimator/pose_with_covariance,93482576920,93.8536,57.4614
/localization/pose_estimator/pose_with_covariance,93582576921,93.5312,57.7114
/localization/pose_estimator/pose_with_covariance,93682576923,93.2359,57.9945
/localization/pose_estimator/pose_with_covariance,93782576924,92.9020,58.2255
/localization/pose_estimator/pose_with_covariance,93882576926,92.5834,58.4903
/localization/pose_estimator/pose_with_covariance,93982576927,92.2884,58.7452
/localization/pose_estimator/pose_with_covariance,94082576929,91.9137,58.9748
/localization/pose_estimator/pose_with_covariance,94182576930,91.5861,59.2369
/localization/pose_estimator/pose_with_covariance,94282576932,91.2271,59.4715
/localization/pose_estimator/pose_with_covariance,94382576933,90.9182,59.7306
/localization/pose_estimator/pose_with_covariance,94482576935,90.5475,59.9463
/localization/pose_estimator/pose_with_covariance,94582576936,90.2069,60.1945
/localization/pose_estimator/pose_with_covariance,94682576938,89.8654,60.4143
/localization/pose_estimator/pose_with_covariance,94782576939,89.5018,60.6549
/localization/pose_estimator/pose_with_covariance,94882576941,89.1544,60.8651
/localization/pose_estimator/pose_with_covariance,94982576942,88.8047,61.0808
/localization/pose_estimator/pose_with_covariance,95082576944,88.4372,61.3035
/localization/pose_estimator/pose_with_covariance,95182576945,88.0865,61.5069
/localization/pose_estimator/pose_with_covariance,95282576947,87.7261,61.6984
/localization/pose_estimator/pose_with_covariance,95382576948,87.3430,61.9046
/localization/pose_estimator/pose_with_covariance,95482576950,86.9930,62.1269
/localization/pose_estimator/pose_with_covariance,95582576951,86.6183,62.3247
/localization/pose_estimator/pose_with_covariance,95682576953,86.2658,62.5042
/localization/pose_estimator/pose_with_covariance,95782576954,85.8558,62.6794
/localization/pose_estimator/pose_with_covariance,95882576956,85.5116,62.9151
/localization/pose_estimator/pose_with_covariance,95982576957,85.1402,63.0915
/localization/pose_estimator/pose_with_covariance,96082576959,84.7650,63.2621
/localization/pose_estimator/pose_with_covariance,96182576960,84.3978,63.4423
/localization/pose_estimator/pose_with_covariance,96282576962,84.0177,63.6305
/localization/pose_estimator/pose_with_covariance,96382576963,83.6271,63.8058
/localization/pose_estimator/pose_with_covariance,96482576965,83.2531,63.9639
/localization/pose_estimator/pose_with_covariance,96582576966,82.9087,64.0893
/localization/pose_estimator/pose_with_covariance,96682576968,82.5658,64.2767
/localization/pose_estimator/pose_with_covariance,96782576969,82.2061,64.4008
/localization/pose_estimator/pose_with_covariance,96882576971,81.8300,64.5457
/localization/pose_estimator/pose_with_covariance,96982576972,81.4945,64.6917
/localization/pose_estimator/pose_with_covariance,97082576974,81.1641,64.8071
/localization/pose_estimator/pose_with_covariance,97182576975,80.8052,64.9438
/localization/pose_estimator/pose_with_covariance,97282576977,80.5140,65.0657
/localization/pose_estimator/pose_with_covariance,97382576978,80.1971,65.1786
/localization/pose_estimator/pose_with_covariance,97482576980,79.9083,65.2925
/localization/pose_estimator/pose_with_covariance,97582576981,79.6076,65.3917
/localization/pose_estimator/pose_with_covariance,97682576983,79.3199,65.4962
/localization/pose_estimator/pose_with_covariance,97782576984,79.0277,65.5702
/localization/pose_estimator/pose_with_covariance,97882576986,78.7748,65.6596
/localization/pose_estimator/pose_with_covariance,97982576987,78.5364,65.7587
/localization/pose_estimator/pose_with_covariance,98082576989,78.2716,65.8301
/localization/pose_estimator/pose_with_covariance,98182576990,78.0401,65.9157
/localization/pose_estimator/pose_with_covariance,98282576991,77.8151,65.9827
/localization/pose_estimator/pose_with_covariance,98382576993,77.5755,66.0352
/localization/pose_estimator/pose_with_covariance,98482576994,77.3677,66.1058
/localization/pose_estimator/pose_with_covariance,98582576996,77.1761,66.1577
/localization/pose_estimator/pose_with_covariance,98682576997,76.9910,66.2238
/localization/pose_estimator/pose_with_covariance,98782576999,76.8054,66.2773
/localization/pose_estimator/pose_with_covariance,98882577000,76.6225,66.3230
/localization/pose_estimator/pose_with_covariance,98982577002,76.4462,66.3657
/localization/pose_estimator/pose_with_covariance,99082577003,76.2962,66.4181
/localization/pose_estimator/pose_with_covariance,99182577005,76.1630,66.4519
/localization/pose_estimator/pose_with_covariance,99282577006,76.0351,66.4995
/localization/pose_estimator/pose_with_covariance,99382577008,75.9167,66.5347
/localization/pose_estimator/pose_with_covariance,99482577009,75.7718,66.5506
/localization/pose_estimator/pose_with_covariance,99582577011,75.6632,66.5856
/localization/pose_estimator/pose_with_covariance,99682577012,75.5783,66.6021
/localization/pose_estimator/pose_with_covariance,99782577014,75.4925,66.6162
/localization/pose_estimator/pose_with_covariance,99882577015,75.4042,66.6596
/localization/pose_estimator/pose_with_covariance,99982577017,75.3314,66.6682
/localization/pose_estimator/pose_with_covariance,100082577018,75.2733,66.7038
/localization/pose_estimator/pose_with_covariance,100182577020,75.2118,66.6953
/localization/pose_estimator/pose_with_covariance,100282577021,75.1613,66.7122
/localization/pose_estimator/pose_with_covariance,100382577023,75.1199,66.7318
/localization/pose_estimator/pose_with_covariance,100482577024,75.0813,66.7288
/localization/pose_estimator/pose_with_covariance,100582577026,75.0453,66.7533
/localization/pose_estimator/pose_with_covariance,100682577027,74.9997,66.7574
/localization/pose_estimator/pose_with_covariance,100782577029,74.9722,66.7432
/localization/pose_estimator/pose_with_covariance,100882577030,74.9521,66.7659
/localization/pose_estimator/pose_with_covariance,100982577032,74.9259,66.7669
/localization/pose_estimator/pose_with_covariance,101082577033,74.9119,66.7803
/localization/pose_estimator/pose_with_covariance,101182577035,74.8898,66.7863
/localization/pose_estimator/pose_with_covariance,101282577036,74.8744,66.7830
/localization/pose_estimator/pose_with_covariance,101382577038,74.8684,66.7763
/localization/pose_estimator/pose_with_covariance,101482577039,74.8796,66.7768
/localization/pose_estimator/pose_with_covariance,101582577041,74.8566,66.7727
/localization/pose_estimator/pose_with_covariance,101682577042,74.8624,66.7737
/localization/pose_estimator/pose_with_covariance,101782577044,74.8684,66.7752
/localization/pose_estimator/pose_with_covariance,101882577045,74.8670,66.7736
/localization/pose_estimator/pose_with_covariance,101982577047,74.8627,66.7746
/localization/pose_estimator/pose_with_covariance,102082577048,74.8636,66.7707
/localization/pose_estimator/pose_with_covariance,102182577050,74.8675,66.7739
/localization/pose_estimator/pose_with_covariance,102282577051,74.8830,66.7729
/localization/pose_estimator/pose_with_covariance,102382577053,74.8717,66.7622
/localization/pose_estimator/pose_with_covariance,102482577054,74.8629,66.7717
/localization/pose_estimator/pose_with_covariance,102582577056,74.8651,66.7664
/localization/pose_estimator/pose_with_covariance,102682577057,74.8687,66.7778
/localization/pose_estimator/pose_with_covariance,102782577059,74.8600,66.7621
/localization/pose_estimator/pose_with_covariance,102882577060,74.8600,66.7649
/localization/pose_estimator/pose_with_covariance,102982577062,74.8530,66.7702
/localization/pose_estimator/pose_with_covariance,103082577063,74.8625,66.7756
/localization/pose_estimator/pose_with_covariance,103182577065,74.8637,66.7671
/localization/pose_estimator/pose_with_covariance,103282577066,74.8702,66.7699
/localization/pose_estimator/pose_with_covariance,103382577067,74.8617,66.7734
/localization/pose_estimator/pose_with_covariance,103482577069,74.8605,66.7631
/localization/pose_estimator/pose_with_covariance,103582577070,74.8577,66.7614
/localization/pose_estimator/pose_with_covariance,103682577072,74.8660,66.7597
/localization/pose_estimator/pose_with_covariance,103782577073,74.8560,66.7643
/localization/pose_estimator/pose_with_covariance,103882577075,74.8659,66.7620
/localization/pose_estimator/pose_with_covariance,103982577076,74.8538,66.7674
/localization/pose_estimator/pose_with_covariance,104082577078,74.8524,66.7615
/localization/pose_estimator/pose_with_covariance,104182577079,74.8433,66.7629
/localization/pose_estimator/pose_with_covariance,104282577081,74.8676,66.7636
/localization/pose_estimator/pose_with_covariance,104382577082,74.8659,66.7761
/localization/pose_estimator/pose_with_covariance,104482577084,74.8532,66.7723
/localization/pose_estimator/pose_with_covariance,104582577085,74.8603,66.7760
/localization/pose_estimator/pose_with_covariance,104682577087,74.8490,66.7732
/localization/pose_estimator/pose_with_covariance,104782577088,74.8666,66.7663
/localization/pose_estimator/pose_with_covariance,104882577090,74.8559,66.7746
/localization/pose_estimator/pose_with_covariance,104982577091,74.8493,66.7729
/localization/pose_estimator/pose_with_covariance,105082577093,74.8619,66.7711
/localization/pose_estimator/pose_with_covariance,105182577094,74.8566,66.7760
/localization/pose_estimator/pose_with_covariance,105282577096,74.8722,66.7672
/localization/pose_estimator/pose_with_covariance,105382577097,74.8553,66.7660
/localization/pose_estimator/pose_with_covariance,105482577099,74.8458,66.7662
/localization/pose_estimator/pose_with_covariance,105582577100,74.8506,66.7610
/localization/pose_estimator/pose_with_covariance,105682577102,74.8613,66.7638
/localization/pose_estimator/pose_with_covariance,105782577103,74.8453,66.7498
/localization/pose_estimator/pose_with_covariance,105882577105,74.8565,66.7642
/localization/pose_estimator/pose_with_covariance,105982577106,74.8428,66.7629
/localization/pose_estimator/pose_with_covariance,106082577108,74.8635,66.7743
/localization/pose_estimator/pose_with_covariance,106182577109,74.8644,66.7712
/localization/pose_estimator/pose_with_covariance,106282577111,74.8565,66.7596
/localization/pose_estimator/pose_with_covariance,106382577112,74.8558,66.7465
/localization/pose_estimator/pose_with_covariance,106482577114,74.8708,66.7694
/localization/pose_estimator/pose_with_covariance,106582577115,74.8669,66.7583
/localization/pose_estimator/pose_with_covariance,106682577117,74.8552,66.7602
/localization/pose_estimator/pose_with_covariance,106782577118,74.8487,66.7635
/localization/pose_estimator/pose_with_covariance,106882577120,74.8662,66.7673
/localization/pose_estimator/pose_with_covariance,106982577121,74.8657,66.7543
/localization/pose_estimator/pose_with_covariance,107082577123,74.8561,66.7606
/localization/pose_estimator/pose_with_covariance,107182577124,74.8530,66.7555
/localization/pose_estimator/pose_with_covariance,107282577126,74.8726,66.7546
/localization/pose_estimator/pose_with_covariance,107382577127,74.8427,66.7549
/localization/pose_estimator/pose_with_covariance,107482577129,74.8596,66.7560
/localization/pose_estimator/pose_with_covariance,107582577130,74.8529,66.7591
/localization/pose_estimator/pose_with_covariance,107682577132,74.8531,66.7553
/localization/pose_estimator/pose_with_covariance,107782577133,74.8418,66.7600
/localization/pose_estimator/pose_with_covariance,107882577135,74.8629,66.7685
/localization/pose_estimator/pose_with_covariance,107982577136,74.8473,66.7462
/localization/pose_estimator/pose_with_covariance,108082577138,74.8588,66.7551
/localization/pose_estimator/pose_with_covariance,108182577139,74.8488,66.7559
/localization/pose_estimator/pose_with_covariance,108282577141,74.8702,66.7535
/localization/pose_estimator/pose_with_covariance,108382577142,74.8524,66.7510
/localization/pose_estimator/pose_with_covariance,108482577143,74.8594,66.7449
/localization/pose_estimator/pose_with_covariance,108582577145,74.8548,66.7557
/localization/pose_estimator/pose_with_covariance,108682577146,74.8701,66.7633
/localization/pose_estimator/pose_with_covariance,108782577148,74.8551,66.7531
/localization/pose_estimator/pose_with_covariance,108882577149,74.8528,66.7502
/localization/pose_estimator/pose_with_covariance,108982577151,74.8721,66.7616
/localization/pose_estimator/pose_with_covariance,109082577152,74.8562,66.7497
/localization/pose_estimator/pose_with_covariance,109182577154,74.8685,66.7529
/localization/pose_estimator/pose_with_covariance,109282577155,74.8631,66.7595
/localization/pose_estimator/pose_with_covariance,109382577157,74.8439,66.7603
/localization/pose_estimator/pose_with_covariance,109482577158,74.8578,66.7469
/localization/pose_estimator/pose_with_covariance,109582577160,74.8615,66.7660
/localization/pose_estimator/pose_with_covariance,109682577161,74.8542,66.7541
/localization/pose_estimator/pose_with_covariance,109782577163,74.8504,66.7503
/localization/pose_estimator/pose_with_covariance,109882577164,74.8538,66.7525
/localization/pose_estimator/pose_with_covariance,109982577166,74.8613,66.7509
/localization/pose_estimator/pose_with_covariance,110082577167,74.8585,66.7526
/localization/pose_estimator/pose_with_covariance,110182577169,74.8655,66.7454
/localization/pose_estimator/pose_with_covariance,110282577170,74.8515,66.7606
/localization/pose_estimator/pose_with_covariance,110382577172,74.8736,66.7472
/localization/pose_estimator/pose_with_covariance,110482577173,74.8590,66.7495
/localization/pose_estimator/pose_with_covariance,110582577175,74.8620,66.7528
/localization/pose_estimator/pose_with_covariance,110682577176,74.8623,66.7542
/localization/pose_estimator/pose_with_covariance,110782577178,74.8573,66.7509
/localization/pose_estimator/pose_with_covariance,110882577179,74.8705,66.7616
/localization/pose_estimator/pose_with_covariance,110982577181,74.8806,66.7524
/localization/pose_estimator/pose_with_covariance,111082577182,74.8593,66.7579
/localization/pose_estimator/pose_with_covariance,111182577184,74.8741,66.7453
/localization/pose_estimator/pose_with_covariance,111282577185,74.8583,66.7443
/localization/pose_estimator/pose_with_covariance,111382577187,74.8654,66.7509
/localization/pose_estimator/pose_with_covariance,111482577188,74.8651,66.7371
/localization/pose_estimator/pose_with_covariance,111582577190,74.8579,66.7567
/localization/pose_estimator/pose_with_covariance,111682577191,74.8492,66.7477
/localization/pose_estimator/pose_with_covariance,111782577193,74.8635,66.7451
/localization/pose_estimator/pose_with_covariance,111882577194,74.8554,66.7463
/localization/pose_estimator/pose_with_covariance,111982577196,74.8671,66.7414
/localization/pose_estimator/pose_with_covariance,112082577197,74.8618,66.7398
/localization/pose_estimator/pose_with_covariance,112182577199,74.8624,66.7475
/localization/pose_estimator/pose_with_covariance,112282577200,74.8624,66.7515
/localization/pose_estimator/pose_with_covariance,112382577202,74.8607,66.7368
/localization/pose_estimator/pose_with_covariance,112482577203,74.8650,66.7460
/localization/pose_estimator/pose_with_covariance,112582577205,74.8660,66.7468
/localization/pose_estimator/pose_with_covariance,112682577206,74.8549,66.7451
/localization/pose_estimator/pose_with_covariance,112782577208,74.8660,66.7507
/localization/pose_estimator/pose_with_covariance,112882577209,74.8678,66.7471
/localization/pose_estimator/pose_with_covariance,112982577211,74.8627,66.7483
/localization/pose_estimator/pose_with_covariance,113082577212,74.8603,66.7366
/localization/pose_estimator/pose_with_covariance,113182577214,74.8822,66.7444
/localization/pose_estimator/pose_with_covariance,113282577215,74.8557,66.7413
/localization/pose_estimator/pose_with_covariance,113382577217,74.8622,66.7372
/localization/pose_estimator/pose_with_covariance,113482577218,74.8761,66.7458
/localization/pose_estimator/pose_with_covariance,113582577219,74.8673,66.7463
/localization/pose_estimator/pose_with_covariance,113682577221,74.8604,66.7472
/localization/pose_estimator/pose_with_covariance,113782577222,74.8578,66.7392
/localization/pose_estimator/pose_with_covariance,113882577224,74.8747,66.7436
/localization/pose_estimator/pose_with_covariance,113982577225,74.8693,66.7503
/localization/pose_estimator/pose_with_covariance,114082577227,74.8816,66.7452
/localization/pose_estimator/pose_with_covariance,114182577228,74.8582,66.7480
/localization/pose_estimator/pose_with_covariance,114282577230,74.8532,66.7404
/localization/pose_estimator/pose_with_covariance,114382577231,74.8507,66.7390
/localization/pose_estimator/pose_with_covariance,114482577233,74.8662,66.7498
/localization/pose_estimator/pose_with_covariance,114582577234,74.8515,66.7500
/localization/pose_estimator/pose_with_covariance,114682577236,74.8420,66.7386
/localization/pose_estimator/pose_with_covariance,114782577237,74.8511,66.7354
/localization/pose_estimator/pose_with_covariance,114882577239,74.8628,66.7404
/localization/pose_estimator/pose_with_covariance,114982577240,74.8800,66.7389
/localization/pose_estimator/pose_with_covariance,115082577242,74.8515,66.7433
/localization/pose_estimator/pose_with_covariance,115182577243,74.8633,66.7301
/localization/pose_estimator/pose_with_covariance,115282577245,74.8648,66.7448
/localization/pose_estimator/pose_with_covariance,115382577246,74.8649,66.7360
/localization/pose_estimator/pose_with_covariance,115482577248,74.8706,66.7316
/localization/pose_estimator/pose_with_covariance,115582577249,74.8754,66.7419
/localization/pose_estimator/pose_with_covariance,115682577251,74.8620,66.7505
/localization/pose_estimator/pose_with_covariance,115782577252,74.8653,66.7314
/localization/pose_estimator/pose_with_covariance,115882577254,74.8682,66.7416
/localization/pose_estimator/pose_with_covariance,115982577255,74.8636,66.7408
/localization/pose_estimator/pose_with_covariance,116082577257,74.8579,66.7452
/localization/pose_estimator/pose_with_covariance,116182577258,74.8739,66.7375
/localization/pose_estimator/pose_with_covariance,116282577260,74.8633,66.7381
/localization/pose_estimator/pose_with_covariance,116382577261,74.8760,66.7356
/localization/pose_estimator/pose_with_covariance,116482577263,74.8630,66.7275
/localization/pose_estimator/pose_with_covariance,116582577264,74.8680,66.7368
/localization/pose_estimator/pose_with_covariance,116682577266,74.8566,66.7311
/localization/pose_estimator/pose_with_covariance,116782577267,74.8496,66.7298
/localization/pose_estimator/pose_with_covariance,116882577269,74.8764,66.7365
/localization/pose_estimator/pose_with_covariance,116982577270,74.8698,66.7326
/localization/pose_estimator/pose_with_covariance,117082577272,74.8710,66.7290
/localization/pose_estimator/pose_with_covariance,117182577273,74.8866,66.7484
/localization/pose_estimator/pose_with_covariance,117282577275,74.8728,66.7390
/localization/pose_estimator/pose_with_covariance,117382577276,74.8708,66.7324
/localization/pose_estimator/pose_with_covariance,117482577278,74.8457,66.7376
/localization/pose_estimator/pose_with_covariance,117582577279,74.8548,66.7331
/localization/pose_estimator/pose_with_covariance,117682577281,74.8625,66.7429
/localization/pose_estimator/pose_with_covariance,117782577282,74.8710,66.7369
/localization/pose_estimator/pose_with_covariance,117882577284,74.8700,66.7333
/localization/pose_estimator/pose_with_covariance,117982577285,74.8577,66.7308
/localization/pose_estimator/pose_with_covariance,118082577287,74.8606,66.7236
/localization/pose_estimator/pose_with_covariance,118182577288,74.8673,66.7316
/localization/pose_estimator/pose_with_covariance,118282577290,74.8648,66.7290
/localization/pose_estimator/pose_with_covariance,118382577291,74.8748,66.7338
/localization/pose_estimator/pose_with_covariance,118482577292,74.8632,66.7286
/localization/pose_estimator/pose_with_covariance,118582577294,74.8682,66.7236
/localization/pose_estimator/pose_with_covariance,118682577295,74.8714,66.7315
/localization/pose_estimator/pose_with_covariance,118782577297,74.8708,66.7327
/localization/pose_estimator/pose_with_covariance,118882577298,74.8706,66.7211
/localization/pose_estimator/pose_with_covariance,118982577300,74.8728,66.7188
/localization/pose_estimator/pose_with_covariance,119082577301,74.8710,66.7278
/localization/pose_estimator/pose_with_covariance,119182577303,74.8724,66.7254
/localization/pose_estimator/pose_with_covariance,119282577304,74.8826,66.7289
/localization/pose_estimator/pose_with_covariance,119382577306,74.8638,66.7314
/localization/pose_estimator/pose_with_covariance,119482577307,74.8574,66.7315
/localization/pose_estimator/pose_with_covariance,119582577309,74.8612,66.7441
/localization/pose_estimator/pose_with_covariance,119682577310,74.8725,66.7361
/localization/pose_estimator/pose_with_covariance,119782577312,74.8777,66.7265
/localization/pose_estimator/pose_with_covariance,119882577313,74.8770,66.7254
/localization/pose_estimator/pose_with_covariance,119982577315,74.8719,66.7220
/localization/pose_estimator/pose_with_covariance,120082577316,74.8731,66.7227
/localization/pose_estimator/pose_with_covariance,120182577318,74.8706,66.7320
/localization/pose_estimator/pose_with_covariance,120282577319,74.8626,66.7302
/localization/pose_estimator/pose_with_covariance,120382577321,74.8697,66.7239
/localization/pose_estimator/pose_with_covariance,120482577322,74.8672,66.7251
/localization/pose_estimator/pose_with_covariance,120582577324,74.8715,66.7293
/localization/pose_estimator/pose_with_covariance,120682577325,74.8614,66.7298
/localization/pose_estimator/pose_with_covariance,120782577327,74.8616,66.7281
/localization/pose_estimator/pose_with_covariance,120882577328,74.8775,66.7320
/localization/pose_estimator/pose_with_covariance,120982577330,74.8830,66.7247
/localization/pose_estimator/pose_with_covariance,121082577331,74.8711,66.7204
/localization/pose_estimator/pose_with_covariance,121182577333,74.8652,66.7286
/localization/pose_estimator/pose_with_covariance,121282577334,74.8778,66.7249
/localization/pose_estimator/pose_with_covariance,121382577336,74.8820,66.7144
/localization/pose_estimator/pose_with_covariance,121482577337,74.8690,66.7171
/localization/pose_estimator/pose_with_covariance,121582577339,74.8675,66.7156
/localization/pose_estimator/pose_with_covariance,121682577340,74.8749,66.7148
/localization/pose_estimator/pose_with_covariance,121782577342,74.8725,66.7194
/localization/pose_estimator/pose_with_covariance,121882577343,74.8779,66.7210
/localization/pose_estimator/pose_with_covariance,121982577345,74.8722,66.7220
/localization/pose_estimator/pose_with_covariance,122082577346,74.8864,66.7223
/localization/pose_estimator/pose_with_covariance,122182577348,74.8614,66.7291
/localization/pose_estimator/pose_with_covariance,122282577349,74.8658,66.7217
/localization/pose_estimator/pose_with_covariance,122382577351,74.8628,66.7240
/localization/pose_estimator/pose_with_covariance,122482577352,74.8751,66.7249
/localization/pose_estimator/pose_with_covariance,122582577354,74.8764,66.7116
/localization/pose_estimator/pose_with_covariance,122682577355,74.8680,66.7121
/localization/pose_estimator/pose_with_covariance,122782577357,74.8676,66.7201
/localization/pose_estimator/pose_with_covariance,122882577358,74.8781,66.7207
/localization/pose_estimator/pose_with_covariance,122982577360,74.8575,66.7181
/localization/pose_estimator/pose_with_covariance,123082577361,74.8675,66.7197
/localization/pose_estimator/pose_with_covariance,123182577363,74.8701,66.7155
/localization/pose_estimator/pose_with_covariance,123282577364,74.8706,66.7203
/localization/pose_estimator/pose_with_covariance,123382577366,74.8728,66.7135
/localization/pose_estimator/pose_with_covariance,123482577367,74.8730,66.7229
/localization/pose_estimator/pose_with_covariance,123582577368,74.8647,66.7194
/localization/pose_estimator/pose_with_covariance,123682577370,74.8922,66.7216
/localization/pose_estimator/pose_with_covariance,123782577371,74.8663,66.7245
/localization/pose_estimator/pose_with_covariance,123882577373,74.8650,66.7134
/localization/pose_estimator/pose_with_covariance,123982577374,74.8506,66.7166
/localization/pose_estimator/pose_with_covariance,124082577376,74.8674,66.7142
/localization/pose_estimator/pose_with_covariance,124182577377,74.8793,66.7253
/localization/pose_estimator/pose_with_covariance,124282577379,74.8743,66.7187
/localization/pose_estimator/pose_with_covariance,124382577380,74.8742,66.7140
/localization/pose_estimator/pose_with_covariance,124482577382,74.8690,66.7192
/localization/pose_estimator/pose_with_covariance,124582577383,74.8659,66.7288
/localization/pose_estimator/pose_with_covariance,124682577385,74.8719,66.7229
/localization/pose_estimator/pose_with_covariance,124782577386,74.8694,66.7147
/localization/pose_estimator/pose_with_covariance,124882577388,74.8675,66.7173
/localization/pose_estimator/pose_with_covariance,124982577389,74.8543,66.7083
/localization/pose_estimator/pose_with_covariance,125082577391,74.8693,66.7136
/localization/pose_estimator/pose_with_covariance,125182577392,74.8689,66.7064
/localization/pose_estimator/pose_with_covariance,125282577394,74.8585,66.7080
/localization/pose_estimator/pose_with_covariance,125382577395,74.8722,66.7131
/localization/pose_estimator/pose_with_covariance,125482577397,74.8869,66.7170
/localization/pose_estimator/pose_with_covariance,125582577398,74.8663,66.7076
/localization/pose_estimator/pose_with_covariance,125682577400,74.8560,66.7182
/localization/pose_estimator/pose_with_covariance,125782577401,74.8683,66.7237
/localization/pose_estimator/pose_with_covariance,125882577403,74.8784,66.7161
/localization/pose_estimator/pose_with_covariance,125982577404,74.8627,66.7113
/localization/pose_estimator/pose_with_covariance,126082577406,74.8625,66.7076
/localization/pose_estimator/pose_with_covariance,126182577407,74.8635,66.7110
/localization/pose_estimator/pose_with_covariance,126282577409,74.8612,66.7123
/localization/pose_estimator/pose_with_covariance,126382577410,74.8647,66.7250
/localization/pose_estimator/pose_with_covariance,126482577412,74.8651,66.7144
/localization/pose_estimator/pose_with_covariance,126582577413,74.8583,66.7158
/localization/pose_estimator/pose_with_covariance,126682577415,74.8655,66.7186
/localization/pose_estimator/pose_with_covariance,126782577416,74.8663,66.7133
/localization/pose_estimator/pose_with_covariance,126882577418,74.8618,66.7045
/localization/pose_estimator/pose_with_covariance,126982577419,74.8701,66.7121
/localization/pose_estimator/pose_with_covariance,127082577421,74.8563,66.7205
/localization/pose_estimator/pose_with_covariance,127182577422,74.8566,66.7242
/localization/pose_estimator/pose_with_covariance,127282577424,74.8729,66.7182
/localization/pose_estimator/pose_with_covariance,127382577425,74.8551,66.7102
/localization/pose_estimator/pose_with_covariance,127482577427,74.8649,66.7064
/localization/pose_estimator/pose_with_covariance,127582577428,74.8630,66.7078
/localization/pose_estimator/pose_with_covariance,127682577430,74.8685,66.7075
/localization/pose_estimator/pose_with_covariance,127782577431,74.8636,66.7086
/localization/pose_estimator/pose_with_covariance,127882577433,74.8584,66.7153
/localization/pose_estimator/pose_with_covariance,127982577434,74.8549,66.7103
/localization/pose_estimator/pose_with_covariance,128082577436,74.8496,66.7139
/localization/pose_estimator/pose_with_covariance,128182577437,74.8631,66.7154
/localization/pose_estimator/pose_with_covariance,128282577439,74.8555,66.7243
/localization/pose_estimator/pose_with_covariance,128382577440,74.8715,66.7102
/localization/pose_estimator/pose_with_covariance,128482577442,74.8672,66.7095
/localization/pose_estimator/pose_with_covariance,128582577443,74.8750,66.7141
/localization/pose_estimator/pose_with_covariance,128682577444,74.8598,66.7169
/localization/pose_estimator/pose_with_covariance,128782577446,74.8580,66.7059
/localization/pose_estimator/pose_with_covariance,128882577447,74.8648,66.7127
/localization/pose_estimator/pose_with_covariance,128982577449,74.8617,66.7150
/localization/pose_estimator/pose_with_covariance,129082577450,74.8595,66.7099
/localization/pose_estimator/pose_with_covariance,129182577452,74.8554,66.7094
/localization/pose_estimator/pose_with_covariance,129282577453,74.8566,66.7022
/localization/pose_estimator/pose_with_covariance,129382577455,74.8563,66.7034
/localization/pose_estimator/pose_with_covariance,129482577456,74.8573,66.6974
/localization/pose_estimator/pose_with_covariance,129582577458,74.8525,66.7048
/localization/pose_estimator/pose_with_covariance,129682577459,74.8641,66.7102
/localization/pose_estimator/pose_with_covariance,129782577461,74.8662,66.6974
/localization/pose_estimator/pose_with_covariance,129882577462,74.8529,66.7070
/localization/pose_estimator/pose_with_covariance,129982577464,74.8516,66.7021
/localization/pose_estimator/pose_with_covariance,130082577465,74.8392,66.7140
/localization/pose_estimator/pose_with_covariance,130182577467,74.8666,66.7048
/localization/pose_estimator/pose_with_covariance,130282577468,74.8618,66.7139
/localization/pose_estimator/pose_with_covariance,130382577470,74.8612,66.6993
/localization/pose_estimator/pose_with_covariance,130482577471,74.8528,66.7061
/localization/pose_estimator/pose_with_covariance,130582577473,74.8542,66.7111
/localization/pose_estimator/pose_with_covariance,130682577474,74.8512,66.6990
/localization/pose_estimator/pose_with_covariance,130782577476,74.8542,66.7110
/localization/pose_estimator/pose_with_covariance,130882577477,74.8650,66.7116
/localization/pose_estimator/pose_with_covariance,130982577479,74.8639,66.7024
/localization/pose_estimator/pose_with_covariance,131082577480,74.8605,66.7078
/localization/pose_estimator/pose_with_covariance,131182577482,74.8558,66.7025
/localization/pose_estimator/pose_with_covariance,131282577483,74.8545,66.7138
/localization/pose_estimator/pose_with_covariance,131382577485,74.8484,66.7117
/localization/pose_estimator/pose_with_covariance,131482577486,74.8492,66.7061
/localization/pose_estimator/pose_with_covariance,131582577488,74.8546,66.7008
/localization/pose_estimator/pose_with_covariance,131682577489,74.8466,66.7000
/localization/pose_estimator/pose_with_covariance,131782577491,74.8655,66.6938
/localization/pose_estimator/pose_with_covariance,131882577492,74.8679,66.7073
/localization/pose_estimator/pose_with_covariance,131982577494,74.8549,66.7082
/localization/pose_estimator/pose_with_covariance,132082577495,74.8587,66.7057
/localization/pose_estimator/pose_with_covariance,132182577497,74.8543,66.6991
/localization/pose_estimator/pose_with_covariance,132282577498,74.8526,66.7009
/localization/pose_estimator/pose_with_covariance,132382577500,74.8624,66.7026
/localization/pose_estimator/pose_with_covariance,132482577501,74.8569,66.7084
/localization/pose_estimator/pose_with_covariance,132582577503,74.8454,66.6968
/localization/pose_estimator/pose_with_covariance,132682577504,74.8482,66.7068
/localization/pose_estimator/pose_with_covariance,132782577506,74.8597,66.6999
/localization/pose_estimator/pose_with_covariance,132882577507,74.8691,66.6941
/localization/pose_estimator/pose_with_covariance,132982577509,74.8604,66.7077
/localization/pose_estimator/pose_with_covariance,133082577510,74.8483,66.6991
/localization/pose_estimator/pose_with_covariance,133182577512,74.8580,66.7024
/localization/pose_estimator/pose_with_covariance,133282577513,74.8485,66.7010
/localization/pose_estimator/pose_with_covariance,133382577515,74.8600,66.7059
/localization/pose_estimator/pose_with_covariance,133482577516,74.8630,66.7082
/localization/pose_estimator/pose_with_covariance,133582577518,74.8514,66.7008
/localization/pose_estimator/pose_with_covariance,133682577519,74.8564,66.7036
/localization/pose_estimator/pose_with_covariance,133782577520,74.8403,66.7011
/localization/pose_estimator/pose_with_covariance,133882577522,74.8398,66.6992
/localization/pose_estimator/pose_with_covariance,133982577523,74.8520,66.7102
/localization/pose_estimator/pose_with_covariance,134082577525,74.8428,66.6961
/localization/pose_estimator/pose_with_covariance,134182577526,74.8475,66.7006
/localization/pose_estimator/pose_with_covariance,134282577528,74.8562,66.7064
/localization/pose_estimator/pose_with_covariance,134382577529,74.8569,66.6944
/localization/pose_estimator/pose_with_covariance,134482577531,74.8400,66.7073
/localization/pose_estimator/pose_with_covariance,134582577532,74.8444,66.7022
/localization/pose_estimator/pose_with_covariance,134682577534,74.8503,66.6949
/localization/pose_estimator/pose_with_covariance,134782577535,74.8406,66.6982
/localization/pose_estimator/pose_with_covariance,134882577537,74.8517,66.6887
/localization/pose_estimator/pose_with_covariance,134982577538,74.8452,66.6963
/localization/pose_estimator/pose_with_covariance,135082577540,74.8501,66.7020
/localization/pose_estimator/pose_with_covariance,135182577541,74.8532,66.7093
/localization/pose_estimator/pose_with_covariance,135282577543,74.8552,66.7013
/localization/pose_estimator/pose_with_covariance,135382577544,74.8449,66.6966
/localization/pose_estimator/pose_with_covariance,135482577546,74.8565,66.7073
/localization/pose_estimator/pose_with_covariance,135582577547,74.8471,66.6960
/localization/pose_estimator/pose_with_covariance,135682577549,74.8435,66.7026
/localization/pose_estimator/pose_with_covariance,135782577550,74.8514,66.7004
/localization/pose_estimator/pose_with_covariance,135882577552,74.8519,66.6914
/localization/pose_estimator/pose_with_covariance,135982577553,74.8585,66.6945
/localization/pose_estimator/pose_with_covariance,136082577555,74.8481,66.7105
/localization/pose_estimator/pose_with_covariance,136182577556,74.8498,66.6904
/localization/pose_estimator/pose_with_covariance,136282577558,74.8587,66.6933
/localization/pose_estimator/pose_with_covariance,136382577559,74.8496,66.6906
/localization/pose_estimator/pose_with_covariance,136482577561,74.8548,66.6978
/localization/pose_estimator/pose_with_covariance,136582577562,74.8565,66.7009
/localization/pose_estimator/pose_with_covariance,136682577564,74.8503,66.6901
/localization/pose_estimator/pose_with_covariance,136782577565,74.8576,66.6902
/localization/pose_estimator/pose_with_covariance,136882577567,74.8474,66.6946
/localization/pose_estimator/pose_with_covariance,136982577568,74.8410,66.7033
/localization/pose_estimator/pose_with_covariance,137082577570,74.8446,66.6927
/localization/pose_estimator/pose_with_covariance,137182577571,74.8502,66.6999
/localization/pose_estimator/pose_with_covariance,137282577573,74.8418,66.7042
/localization/pose_estimator/pose_with_covariance,137382577574,74.8515,66.6907
/localization/pose_estimator/pose_with_covariance,137482577576,74.8604,66.6997
/localization/pose_estimator/pose_with_covariance,137582577577,74.8336,66.7044
/localization/pose_estimator/pose_with_covariance,137682577579,74.8456,66.6980
/localization/pose_estimator/pose_with_covariance,137782577580,74.8517,66.6999
/localization/pose_estimator/pose_with_covariance,137882577582,74.8492,66.6915
/localization/pose_estimator/pose_with_covariance,137982577583,74.8507,66.6983
/localization/pose_estimator/pose_with_covariance,138082577585,74.8483,66.6970
/localization/pose_estimator/pose_with_covariance,138182577586,74.8518,66.6969
/localization/pose_estimator/pose_with_covariance,138282577588,74.8480,66.6961
/localization/pose_estimator/pose_with_covariance,138382577589,74.8484,66.6867
/localization/pose_estimator/pose_with_covariance,138482577591,74.8420,66.6979
/localization/pose_estimator/pose_with_covariance,138582577592,74.8535,66.6892
/localization/pose_estimator/pose_with_covariance,138682577594,74.8579,66.6902
/localization/pose_estimator/pose_with_covariance,138782577595,74.8359,66.6905
/localization/pose_estimator/pose_with_covariance,138882577596,74.8572,66.6935
/localization/pose_estimator/pose_with_covariance,138982577598,74.8514,66.6936
/localization/pose_estimator/pose_with_covariance,139082577599,74.8476,66.6925
/localization/pose_estimator/pose_with_covariance,139182577601,74.8535,66.6962
/localization/pose_estimator/pose_with_covariance,139282577602,74.8609,66.6942
/localization/pose_estimator/pose_with_covariance,139382577604,74.8478,66.6891
/localization/pose_estimator/pose_with_covariance,139482577605,74.8549,66.6929
/localization/pose_estimator/pose_with_covariance,139582577607,74.8609,66.6833
/localization/pose_estimator/pose_with_covariance,139682577608,74.8580,66.6854
/localization/pose_estimator/pose_with_covariance,139782577610,74.8516,66.6984
/localization/pose_estimator/pose_with_covariance,139882577611,74.8594,66.6889
/localization/pose_estimator/pose_with_covariance,139982577613,74.8575,66.6859
/localization/pose_estimator/pose_with_covariance,140082577614,74.8714,66.6999
/localization/pose_estimator/pose_with_covariance,140182577616,74.8479,66.6897
/localization/pose_estimator/pose_with_covariance,140282577617,74.8385,66.6888
/localization/pose_estimator/pose_with_covariance,140382577619,74.8481,66.6942
/localization/pose_estimator/pose_with_covariance,140482577620,74.8541,66.6858
/localization/pose_estimator/pose_with_covariance,140582577622,74.8468,66.6908
/localization/pose_estimator/pose_with_covariance,140682577623,74.8449,66.6866
/localization/pose_estimator/pose_with_covariance,140782577625,74.8686,66.6896
/localization/pose_estimator/pose_with_covariance,140882577626,74.8513,66.6848
/localization/pose_estimator/pose_with_covariance,140982577628,74.8587,66.6870
/localization/pose_estimator/pose_with_covariance,141082577629,74.8608,66.6928
/localization/pose_estimator/pose_with_covariance,141182577631,74.8485,66.6784
/localization/pose_estimator/pose_with_covariance,141282577632,74.8551,66.6868
/localization/pose_estimator/pose_with_covariance,141382577634,74.8548,66.6859
/localization/pose_estimator/pose_with_covariance,141482577635,74.8619,66.6874
/localization/pose_estimator/pose_with_covariance,141582577637,74.8494,66.6820
/localization/pose_estimator/pose_with_covariance,141682577638,74.8680,66.6885
/localization/pose_estimator/pose_with_covariance,141782577640,74.8637,66.6817
/localization/pose_estimator/pose_with_covariance,141882577641,74.8474,66.6872
/localization/pose_estimator/pose_with_covariance,141982577643,74.8604,66.6877
/localization/pose_estimator/pose_with_covariance,142082577644,74.8560,66.6877
/localization/pose_estimator/pose_with_covariance,142182577646,74.8659,66.6829
/localization/pose_estimator/pose_with_covariance,142282577647,74.8433,66.6802
/localization/pose_estimator/pose_with_covariance,142382577649,74.8592,66.6925
/localization/pose_estimator/pose_with_covariance,142482577650,74.8570,66.6827
/localization/pose_estimator/pose_with_covariance,142582577652,74.8449,66.6842
/localization/pose_estimator/pose_with_covariance,142682577653,74.8463,66.6799
/localization/pose_estimator/pose_with_covariance,142782577655,74.8587,66.6805
/localization/pose_estimator/pose_with_covariance,142882577656,74.8467,66.6804
/localization/pose_estimator/pose_with_covariance,142982577658,74.8311,66.6754
/localization/pose_estimator/pose_with_covariance,143082577659,74.8476,66.6692
/localization/pose_estimator/pose_with_covariance,143182577661,74.8525,66.6781
/localization/pose_estimator/pose_with_covariance,143282577662,74.8355,66.6804
/localization/pose_estimator/pose_with_covariance,143382577664,74.8630,66.6753
/localization/pose_estimator/pose_with_covariance,143482577665,74.8504,66.6749
/localization/pose_estimator/pose_with_covariance,143582577667,74.8617,66.6787
/localization/pose_estimator/pose_with_covariance,143682577668,74.8578,66.6784
/localization/pose_estimator/pose_with_covariance,143782577669,74.8565,66.6751
/localization/pose_estimator/pose_with_covariance,143882577671,74.8507,66.6783
/localization/pose_estimator/pose_with_covariance,143982577672,74.8520,66.6760
/localization/pose_estimator/pose_with_covariance,144082577674,74.8430,66.6761
/localization/pose_estimator/pose_with_covariance,144182577675,74.8526,66.6718
/localization/pose_estimator/pose_with_covariance,144282577677,74.8513,66.6713
/localization/pose_estimator/pose_with_covariance,144382577678,74.8434,66.6834
/localization/pose_estimator/pose_with_covariance,144482577680,74.8489,66.6749
/localization/pose_estimator/pose_with_covariance,144582577681,74.8472,66.6792
/localization/pose_estimator/pose_with_covariance,144682577683,74.8535,66.6660
/localization/pose_estimator/pose_with_covariance,144782577684,74.8665,66.6739
/localization/pose_estimator/pose_with_covariance,144882577686,74.8398,66.6691
/localization/pose_estimator/pose_with_covariance,144982577687,74.8468,66.6790
/localization/pose_estimator/pose_with_covariance,145082577689,74.8557,66.6605
/localization/pose_estimator/pose_with_covariance,145182577690,74.8439,66.6701
/localization/pose_estimator/pose_with_covariance,145282577692,74.8483,66.6688
/localization/pose_estimator/pose_with_covariance,145382577693,74.8593,66.6665
/localization/pose_estimator/pose_with_covariance,145482577695,74.8557,66.6767
/localization/pose_estimator/pose_with_covariance,145582577696,74.8537,66.6597
/localization/pose_estimator/pose_with_covariance,145682577698,74.8476,66.6679
/localization/pose_estimator/pose_with_covariance,145782577699,74.8579,66.6685
/localization/pose_estimator/pose_with_covariance,145882577701,74.8480,66.6684
/localization/pose_estimator/pose_with_covariance,145982577702,74.8505,66.6666
/localization/pose_estimator/pose_with_covariance,146082577704,74.8484,66.6742
/localization/pose_estimator/pose_with_covariance,146182577705,74.8611,66.6591
/localization/pose_estimator/pose_with_covariance,146282577707,74.8521,66.6658
/localization/pose_estimator/pose_with_covariance,146382577708,74.8534,66.6659
/localization/pose_estimator/pose_with_covariance,146482577710,74.8579,66.6626
/localization/pose_estimator/pose_with_covariance,146582577711,74.8651,66.6703
/localization/pose_estimator/pose_with_covariance,146682577713,74.8584,66.6705
/localization/pose_estimator/pose_with_covariance,146782577714,74.8448,66.6611
/localization/pose_estimator/pose_with_covariance,146882577716,74.8488,66.6639
/localization/pose_estimator/pose_with_covariance,146982577717,74.8452,66.6623
/localization/pose_estimator/pose_with_covariance,147082577719,74.8600,66.6599
/localization/pose_estimator/pose_with_covariance,147182577720,74.8501,66.6584
/localization/pose_estimator/pose_with_covariance,147282577722,74.8475,66.6635
/localization/pose_estimator/pose_with_covariance,147382577723,74.8563,66.6628
/localization/pose_estimator/pose_with_covariance,147482577725,74.8473,66.6662
/localization/pose_estimator/pose_with_covariance,147582577726,74.8443,66.6709
/localization/pose_estimator/pose_with_covariance,147682577728,74.8807,66.6649
/localization/pose_estimator/pose_with_covariance,147782577729,74.8549,66.6654
/localization/pose_estimator/pose_with_covariance,147882577731,74.8472,66.6486
/localization/pose_estimator/pose_with_covariance,147982577732,74.8609,66.6639
/localization/pose_estimator/pose_with_covariance,148082577734,74.8467,66.6584
/localization/pose_estimator/pose_with_covariance,148182577735,74.8510,66.6557
/localization/pose_estimator/pose_with_covariance,148282577737,74.8536,66.6647
/localization/pose_estimator/pose_with_covariance,148382577738,74.8493,66.6624
/localization/pose_estimator/pose_with_covariance,148482577740,74.8444,66.6617
/localization/pose_estimator/pose_with_covariance,148582577741,74.8416,66.6631
/localization/pose_estimator/pose_with_covariance,148682577743,74.8511,66.6606
/localization/pose_estimator/pose_with_covariance,148782577744,74.8612,66.6580
/localization/pose_estimator/pose_with_covariance,148882577745,74.8645,66.6587
/localization/pose_estimator/pose_with_covariance,148982577747,74.8480,66.6620
/localization/pose_estimator/pose_with_covariance,149082577748,74.8582,66.6659
/localization/pose_estimator/pose_with_covariance,149182577750,74.8499,66.6609
/localization/pose_estimator/pose_with_covariance,149282577751,74.8577,66.6593
/localization/pose_estimator/pose_with_covariance,149382577753,74.8487,66.6561
/localization/pose_estimator/pose_with_covariance,149482577754,74.8530,66.6548
/localization/pose_estimator/pose_with_covariance,149582577756,74.8589,66.6581
/localization/pose_estimator/pose_with_covariance,149682577757,74.8474,66.6636
/localization/pose_estimator/pose_with_covariance,149782577759,74.8581,66.6518
/localization/pose_estimator/pose_with_covariance,149882577760,74.8638,66.6604
/localization/pose_estimator/pose_with_covariance,149982577762,74.8607,66.6547
/localization/pose_estimator/pose_with_covariance,150082577763,74.8382,66.6621
/localization/pose_estimator/pose_with_covariance,150182577765,74.8518,66.6485
/localization/pose_estimator/pose_with_covariance,150282577766,74.8576,66.6550
/localization/pose_estimator/pose_with_covariance,150382577768,74.8534,66.6546
/localization/pose_estimator/pose_with_covariance,150482577769,74.8569,66.6546
/localization/pose_estimator/pose_with_covariance,150582577771,74.8499,66.6615
/localization/pose_estimator/pose_with_covariance,150682577772,74.8666,66.6565
/localization/pose_estimator/pose_with_covariance,150782577774,74.8510,66.6513
/localization/pose_estimator/pose_with_covariance,150882577775,74.8619,66.6616
/localization/pose_estimator/pose_with_covariance,150982577777,74.8465,66.6633
/localization/pose_estimator/pose_with_covariance,151082577778,74.8419,66.6586
/localization/pose_estimator/pose_with_covariance,151182577780,74.8465,66.6433
/localization/pose_estimator/pose_with_covariance,151282577781,74.8452,66.6575
/localization/pose_estimator/pose_with_covariance,151382577783,74.8361,66.6525
/localization/pose_estimator/pose_with_covariance,151482577784,74.8458,66.6609
/localization/pose_estimator/pose_with_covariance,151582577786,74.8400,66.6522
/localization/pose_estimator/pose_with_covariance,151682577787,74.8615,66.6574
/localization/pose_estimator/pose_with_covariance,151782577789,74.8577,66.6515
/localization/pose_estimator/pose_with_covariance,151882577790,74.8419,66.6570
/localization/pose_estimator/pose_with_covariance,151982577792,74.8608,66.6517
/localization/pose_estimator/pose_with_covariance,152082577793,74.8530,66.6556
/localization/pose_estimator/pose_with_covariance,152182577795,74.8437,66.6508
/localization/pose_estimator/pose_with_covariance,152282577796,74.8398,66.6520
/localization/pose_estimator/pose_with_covariance,152382577798,74.8456,66.6499
/localization/pose_estimator/pose_with_covariance,152482577799,74.8570,66.6569
/localization/pose_estimator/pose_with_covariance,152582577801,74.8499,66.6571
/localization/pose_estimator/pose_with_covariance,152682577802,74.8514,66.6485
/localization/pose_estimator/pose_with_covariance,152782577804,74.8481,66.6577
/localization/pose_estimator/pose_with_covariance,152882577805,74.8627,66.6484
/localization/pose_estimator/pose_with_covariance,152982577807,74.8429,66.6484
/localization/pose_estimator/pose_with_covariance,153082577808,74.8545,66.6547
/localization/pose_estimator/pose_with_covariance,153182577810,74.8445,66.6536
/localization/pose_estimator/pose_with_covariance,153282577811,74.8480,66.6571
/localization/pose_estimator/pose_with_covariance,153382577813,74.8511,66.6518
/localization/pose_estimator/pose_with_covariance,153482577814,74.8578,66.6572
/localization/pose_estimator/pose_with_covariance,153582577816,74.8422,66.6500
/localization/pose_estimator/pose_with_covariance,153682577817,74.8412,66.6416
/localization/pose_estimator/pose_with_covariance,153782577819,74.8441,66.6438
/localization/pose_estimator/pose_with_covariance,153882577820,74.8455,66.6546
/localization/pose_estimator/pose_with_covariance,153982577821,74.8605,66.6478
/localization/pose_estimator/pose_with_covariance,154082577823,74.8486,66.6452
/localization/pose_estimator/pose_with_covariance,154182577824,74.8549,66.6474
/localization/pose_estimator/pose_with_covariance,154282577826,74.8475,66.6500
/localization/pose_estimator/pose_with_covariance,154382577827,74.8384,66.6431
/localization/pose_estimator/pose_with_covariance,154482577829,74.8494,66.6445
/localization/pose_estimator/pose_with_covariance,154582577830,74.8529,66.6429
/localization/pose_estimator/pose_with_covariance,154682577832,74.8437,66.6469
/localization/pose_estimator/pose_with_covariance,154782577833,74.8530,66.6513
/localization/pose_estimator/pose_with_covariance,154882577835,74.8487,66.6444
/localization/pose_estimator/pose_with_covariance,154982577836,74.8357,66.6440
/localization/pose_estimator/pose_with_covariance,155082577838,74.8479,66.6449
/localization/pose_estimator/pose_with_covariance,155182577839,74.8437,66.6500
/localization/pose_estimator/pose_with_covariance,155282577841,74.8495,66.6649
/localization/pose_estimator/pose_with_covariance,155382577842,74.8453,66.6432
/localization/pose_estimator/pose_with_covariance,155482577844,74.8484,66.6513
/localization/pose_estimator/pose_with_covariance,155582577845,74.8368,66.6467
/localization/pose_estimator/pose_with_covariance,155682577847,74.8504,66.6398
/localization/pose_estimator/pose_with_covariance,155782577848,74.8477,66.6346
/localization/pose_estimator/pose_with_covariance,155882577850,74.8470,66.6457
/localization/pose_estimator/pose_with_covariance,155982577851,74.8478,66.6465
/localization/pose_estimator/pose_with_covariance,156082577853,74.8449,66.6393
/localization/pose_estimator/pose_with_covariance,156182577854,74.8451,66.6458
/localization/pose_estimator/pose_with_covariance,156282577856,74.8517,66.6455
/localization/pose_estimator/pose_with_covariance,156382577857,74.8480,66.6413
/localization/pose_estimator/pose_with_covariance,156482577859,74.8459,66.6329
/localization/pose_estimator/pose_with_covariance,156582577860,74.8554,66.6481
/localization/pose_estimator/pose_with_covariance,156682577862,74.8455,66.6403
/localization/pose_estimator/pose_with_covariance,156782577863,74.8412,66.6438
/localization/pose_estimator/pose_with_covariance,156882577865,74.8378,66.6351
/localization/pose_estimator/pose_with_covariance,156982577866,74.8445,66.6344
/localization/pose_estimator/pose_with_covariance,157082577868,74.8384,66.6418
/localization/pose_estimator/pose_with_covariance,157182577869,74.8485,66.6294
/localization/pose_estimator/pose_with_covariance,157282577871,74.8374,66.6326
/localization/pose_estimator/pose_with_covariance,157382577872,74.8419,66.6394
/localization/pose_estimator/pose_with_covariance,157482577874,74.8452,66.6448
/localization/pose_estimator/pose_with_covariance,157582577875,74.8368,66.6488
/localization/pose_estimator/pose_with_covariance,157682577877,74.8474,66.6390
/localization/pose_estimator/pose_with_covariance,157782577878,74.8391,66.6406
/localization/pose_estimator/pose_with_covariance,157882577880,74.8493,66.6394
/localization/pose_estimator/pose_with_covariance,157982577881,74.8450,66.6407
/localization/pose_estimator/pose_with_covariance,158082577883,74.8410,66.6375
/localization/pose_estimator/pose_with_covariance,158182577884,74.8404,66.6306
/localization/pose_estimator/pose_with_covariance,158282577886,74.8472,66.6417
/localization/pose_estimator/pose_with_covariance,158382577887,74.8688,66.6468
/localization/pose_estimator/pose_with_covariance,158482577889,74.8487,66.6357
/localization/pose_estimator/pose_with_covariance,158582577890,74.8414,66.6362
/localization/pose_estimator/pose_with_covariance,158682577892,74.8387,66.6426
/localization/pose_estimator/pose_with_covariance,158782577893,74.8539,66.6430
/localization/pose_estimator/pose_with_covariance,158882577895,74.8359,66.6323
/localization/pose_estimator/pose_with_covariance,158982577896,74.8477,66.6395
/localization/pose_estimator/pose_with_covariance,159082577897,74.8362,66.6449
/localization/pose_estimator/pose_with_covariance,159182577899,74.8605,66.6347
/localization/pose_estimator/pose_with_covariance,159282577900,74.8459,66.6345
/localization/pose_estimator/pose_with_covariance,159382577902,74.8347,66.6359
/localization/pose_estimator/pose_with_covariance,159482577903,74.8366,66.6340
/localization/pose_estimator/pose_with_covariance,159582577905,74.8251,66.6368
/localization/pose_estimator/pose_with_covariance,159682577906,74.8368,66.6327
/localization/pose_estimator/pose_with_covariance,159782577908,74.8346,66.6424
/localization/pose_estimator/pose_with_covariance,159882577909,74.8428,66.6388
/localization/pose_estimator/pose_with_covariance,159982577911,74.8432,66.6348
/localization/pose_estimator/pose_with_covariance,160082577912,74.8207,66.6352
/localization/pose_estimator/pose_with_covariance,160182577914,74.8322,66.6340
/localization/pose_estimator/pose_with_covariance,160282577915,74.8276,66.6359
/localization/pose_estimator/pose_with_covariance,160382577917,74.8323,66.6334
/localization/pose_estimator/pose_with_covariance,160482577918,74.8372,66.6266
/localization/pose_estimator/pose_with_covariance,160582577920,74.8242,66.6301
/localization/pose_estimator/pose_with_covariance,160682577921,74.8447,66.6415
/localization/pose_estimator/pose_with_covariance,160782577923,74.8375,66.6313
/localization/pose_estimator/pose_with_covariance,160882577924,74.8400,66.6369
/localization/pose_estimator/pose_with_covariance,160982577926,74.8468,66.6368
/localization/pose_estimator/pose_with_covariance,161082577927,74.8307,66.6368
/localization/pose_estimator/pose_with_covariance,161182577929,74.8354,66.6335
/localization/pose_estimator/pose_with_covariance,161282577930,74.8450,66.6369
/localization/pose_estimator/pose_with_covariance,161382577932,74.8324,66.6346
/localization/pose_estimator/pose_with_covariance,161482577933,74.8318,66.6349
/localization/pose_estimator/pose_with_covariance,161582577935,74.8434,66.6318
/localization/pose_estimator/pose_with_covariance,161682577936,74.8398,66.6317
/localization/pose_estimator/pose_with_covariance,161782577938,74.8360,66.6310
/localization/pose_estimator/pose_with_covariance,161882577939,74.8432,66.6270
/localization/pose_estimator/pose_with_covariance,161982577941,74.8484,66.6278
/localization/pose_estimator/pose_with_covariance,162082577942,74.8411,66.6247
/localization/pose_estimator/pose_with_covariance,162182577944,74.8355,66.6263
/localization/pose_estimator/pose_with_covariance,162282577945,74.8342,66.6288
/localization/pose_estimator/pose_with_covariance,162382577947,74.8424,66.6244
/localization/pose_estimator/pose_with_covariance,162482577948,74.8389,66.6385
/localization/pose_estimator/pose_with_covariance,162582577950,74.8321,66.6340
/localization/pose_estimator/pose_with_covariance,162682577951,74.8390,66.6241
/localization/pose_estimator/pose_with_covariance,162782577953,74.8364,66.6415
/localization/pose_estimator/pose_with_covariance,162882577954,74.8429,66.6305
/localization/pose_estimator/pose_with_covariance,162982577956,74.8486,66.6216
/localization/pose_estimator/pose_with_covariance,163082577957,74.8376,66.6293
/localization/pose_estimator/pose_with_covariance,163182577959,74.8470,66.6244
/localization/pose_estimator/pose_with_covariance,163282577960,74.8223,66.6286
/localization/pose_estimator/pose_with_covariance,163382577962,74.8304,66.6255
/localization/pose_estimator/pose_with_covariance,163482577963,74.8310,66.6331
/localization/pose_estimator/pose_with_covariance,163582577965,74.8383,66.6167
/localization/pose_estimator/pose_with_covariance,163682577966,74.8339,66.6252
/localization/pose_estimator/pose_with_covariance,163782577968,74.8411,66.6337
/localization/pose_estimator/pose_with_covariance,163882577969,74.8409,66.6194
/localization/pose_estimator/pose_with_covariance,163982577971,74.8333,66.6219
/localization/pose_estimator/pose_with_covariance,164082577972,74.8268,66.6189
/localization/pose_estimator/pose_with_covariance,164182577973,74.8449,66.6314
/localization/pose_estimator/pose_with_covariance,164282577975,74.8335,66.6225
/localization/pose_estimator/pose_with_covariance,164382577976,74.8390,66.6279
/localization/pose_estimator/pose_with_covariance,164482577978,74.8455,66.6271
/localization/pose_estimator/pose_with_covariance,164582577979,74.8302,66.6270
/localization/pose_estimator/pose_with_covariance,164682577981,74.8378,66.6192
/localization/pose_estimator/pose_with_covariance,164782577982,74.8306,66.6259
/localization/pose_estimator/pose_with_covariance,164882577984,74.8306,66.6239
/localization/pose_estimator/pose_with_covariance,164982577985,74.8308,66.6230
/localization/pose_estimator/pose_with_covariance,165082577987,74.8347,66.6162
/localization/pose_estimator/pose_with_covariance,165182577988,74.8256,66.6177
/localization/pose_estimator/pose_with_covariance,165282577990,74.8350,66.6259
/localization/pose_estimator/pose_with_covariance,165382577991,74.8370,66.6222
/localization/pose_estimator/pose_with_covariance,165482577993,74.8295,66.6182
