
################ duel pair 1/10 -> A ################
=== A  arm=closed-loop  run 1/1 ===

 1. cell_info: resolve cell + class, check the arm
      cell=A approach=extension map=Town10HD_Opt carla=0.10-fork arms=[static closed-loop]
      topics=/home/youtalk/src/carla-autoware-extension-worktrees/bench-p0/benchmarks/config/observer_topics/A.yaml
      processes=/home/youtalk/src/carla-autoware-extension-worktrees/bench-p0/benchmarks/config/processes/A.yaml
      route=/home/youtalk/src/carla-autoware-extension-worktrees/bench-p0/benchmarks/config/routes/Town10HD_Opt.yaml  tl_groups=/home/youtalk/src/carla-autoware-extension-worktrees/bench-p0/benchmarks/config/tl_groups/Town10HD_Opt.yaml
      autoware_image=ghcr.io/autowarefoundation/autoware:universe-devel
      observer_image=bench-observer:universe-devel

 2. RUN_DIR: next gap-free index under results/A
      /home/youtalk/src/carla-autoware-extension-worktrees/bench-p0/benchmarks/results/A/run-026

 3. preflight: host load, disk, RPC port, stale SHM, engine BuildId
      $ bash /home/youtalk/src/carla-autoware-extension-worktrees/bench-p0/benchmarks/scripts/preflight.sh A --port 2000 --results-dir /home/youtalk/src/carla-autoware-extension-worktrees/bench-p0/benchmarks/results
      cpu_governor=powersave
      nproc=24
      loadavg=0.99
      results_fs=/home
      free_gb=452
      carla_rpc_port=2000
      shm_user_cleared=84
      shm_root_cleared=0
      shm_root_remaining=0
      engine_build_id=bc08ce19-f19c-46fe-808f-dbb2b0ddf41a
      carla_tree=/home/youtalk/src/carla-autoware-integration
      map_bundle_pin=town10_pcd_regen

 4. write_manifest: transport, versions, placement; excluded=false
      $ python3 -m benchmarks.scripts.write_manifest --run-dir /home/youtalk/src/carla-autoware-extension-worktrees/bench-p0/benchmarks/results/A/run-026 --cell A --arm closed-loop --rmw rmw_cyclonedds_cpp --shm off --dds-profile /home/youtalk/src/carla-autoware-extension-worktrees/bench-p0/docker/cyclonedds.xml --carla-version 0.10-fork --autoware-image ghcr.io/autowarefoundation/autoware:universe-devel --placement-json '<json>' --duel --duel-id A+B-cyc
      duel_admissible=true (--duel): this run WILL feed the primary duel's equivalence verdict

 5. cells/extension.sh: boot sim + stack, wait for readiness
      $ bash /home/youtalk/src/carla-autoware-extension-worktrees/bench-p0/benchmarks/cells/extension.sh up
OK: base_link anchor +0.00000000 m (no vehicle shift)
 Container autoware Creating 
 Container autoware Created 
 Container autoware Starting 
 Container autoware Started 
waiting up to 420s for CARLA + ego (log: /home/youtalk/src/carla-autoware-extension-worktrees/bench-p0/benchmarks/results/A/run-026/launch.log)
OK: CARLA up on port 2000 with a spawned ego

 6. observer: bench_observer container recording into the run dir
      $ cp /home/youtalk/src/carla-autoware-extension-worktrees/bench-p0/benchmarks/config/observer_topics/A.yaml /home/youtalk/src/carla-autoware-extension-worktrees/bench-p0/benchmarks/results/A/run-026/observer_topics.yaml
      $ docker run -d --name bench-observer --net=host --ipc=host -v /home/youtalk/src/carla-autoware-extension-worktrees/bench-p0/benchmarks/results/A/run-026:/out -e RMW_IMPLEMENTATION=rmw_cyclonedds_cpp -e CYCLONEDDS_URI=file:///dds-profile.xml -v /home/youtalk/src/carla-autoware-extension-worktrees/bench-p0/docker/cyclonedds.xml:/dds-profile.xml:ro bench-observer:universe-devel bash -lc '<sourced> exec bench_observer ...'

 7. sampler + collect_gt + clock_watchdog (background)
      $ python3 -m benchmarks.sampler.sample_resources --processes /home/youtalk/src/carla-autoware-extension-worktrees/bench-p0/benchmarks/config/processes/A.yaml --out /home/youtalk/src/carla-autoware-extension-worktrees/bench-p0/benchmarks/results/A/run-026/resources.csv --interval 1.0
      $ env PYTHONPATH=/home/youtalk/src/carla-autoware-extension-worktrees/bench-p0 /home/youtalk/carla-venv/bin/python3 -m benchmarks.scripts.collect_gt --host localhost --port 2000 --role-name ego --map Town10HD_Opt --approach extension --out /home/youtalk/src/carla-autoware-extension-worktrees/bench-p0/benchmarks/results/A/run-026/gt.csv --count-lidar
      $ python3 -m benchmarks.scripts.clock_watchdog --clock-csv /home/youtalk/src/carla-autoware-extension-worktrees/bench-p0/benchmarks/results/A/run-026/clock.csv --stall-s 5 --grace-s 30 --marker /home/youtalk/src/carla-autoware-extension-worktrees/bench-p0/benchmarks/results/A/run-026/clock_stall.marker

 8. injector: clear-road objects + all-green signals (docker exec)
      $ docker exec -e ROS_DOMAIN_ID=0 autoware bash -lc '<setup> PYTHONPATH=/work:$PYTHONPATH python3 /work/benchmarks/injector/dummy_perception.py --tl-groups /work/benchmarks/config/tl_groups/Town10HD_Opt.yaml --grid-center 82.654 -37.160 --grid-size 315.157'

 9. arm: localization only (static) or route + engage (closed-loop)
      $ docker exec -e ROS_DOMAIN_ID=0 autoware bash -lc '<setup> python3 /work/benchmarks/injector/arm_and_goal.py --goal 74.869 66.891 2.926174  --timeout 60'
[INFO] [1785823355.187966942] [arm_and_goal]: waiting for /localization/kinematic_state >= 5 Hz over 5 s (timeout 60 s)
[INFO] [1785823356.420632076] [arm_and_goal]: arm observations [localized]: mode=-1 autonomous=False is_autoware_control_enabled=False is_autonomous_mode_available=False control_cmd_hz~0.00 n=0 nonzero_longitudinal=0/0 frac=nan peak_abs_velocity=0.000 ego_displacement_m=0.004 ego_speed_mps=0.000
[INFO] [1785823356.439308857] [arm_and_goal]: arm observations [pre-engage]: mode=-1 autonomous=False is_autoware_control_enabled=False is_autonomous_mode_available=False control_cmd_hz~0.00 n=0 nonzero_longitudinal=0/0 frac=nan peak_abs_velocity=0.000 ego_displacement_m=0.004 ego_speed_mps=0.000
[INFO] [1785823356.441342378] [arm_and_goal]: MRM config: /control/vehicle_cmd_gate use_emergency_handling=false (the perception-off false MRM; same configuration as the proven extension sequence and as every promoted gate number)
[WARN] [1785823356.451887545] [arm_and_goal]: change_to_autonomous: not yet ok (The target mode is not available. Please check the diagnostics.); retrying
[INFO] [1785823358.454262165] [arm_and_goal]: change_to_autonomous: SUCCEEDED -- per-approach observation, record it (R4.3); the proven /autoware/engage publish still runs next
[INFO] [1785823359.461214748] [arm_and_goal]: /autoware/engage: published engage=true x5
[INFO] [1785823362.938337964] [arm_and_goal]: post-engage state: mode_autonomous=True is_autoware_control_enabled=True (R4.3 observation; only mode_autonomous gates ARMED)
[INFO] [1785823362.938542371] [arm_and_goal]: arm observations [post-engage]: mode=2 autonomous=True is_autoware_control_enabled=True is_autonomous_mode_available=False control_cmd_hz~20.00 n=70 nonzero_longitudinal=66/70 frac=0.943 peak_abs_velocity=0.260 ego_displacement_m=0.029 ego_speed_mps=0.116
ARMED: localized, route set to (74.869, 66.891), autonomous engaged
      $ docker exec -e ROS_DOMAIN_ID=0 autoware bash -lc '<setup> timeout 25 ros2 topic echo --once --no-daemon /control/command/control_cmd'
      OK: /control/command/control_cmd is flowing

10. window: sleep 140s (closed-loop arm)
      $ sleep 140

11. teardown: watchdog + GT -> observer (SIGINT, to flush) -> stack -> sim
      $ bash /home/youtalk/src/carla-autoware-extension-worktrees/bench-p0/benchmarks/scripts/teardown.sh /home/youtalk/src/carla-autoware-extension-worktrees/bench-p0/benchmarks/results/A/run-026
teardown: SIGTERM clock watchdog (pid 1208698)
teardown: SIGINT container bench-observer
teardown: SIGTERM gt collector (pid 1208697)
teardown: SIGTERM resource sampler (pid 1208696)
teardown: SIGTERM run_e2e.sh (pid 1204535)
teardown: saved carla-editor.log (editor stdout/stderr from /tmp/carla-e2e.log)
teardown: docker compose down (/home/youtalk/src/carla-autoware-extension-worktrees/bench-p0/docker/compose.yaml)
teardown: done

12. finalize_rtf: fill resources.csv's rtf column from clock.csv
      $ python3 -m benchmarks.sampler.finalize_rtf --resources /home/youtalk/src/carla-autoware-extension-worktrees/bench-p0/benchmarks/results/A/run-026/resources.csv --clock /home/youtalk/src/carla-autoware-extension-worktrees/bench-p0/benchmarks/results/A/run-026/clock.csv

13. M5 gate: write quality.json (pose_error, goal, NDT rate, G1 ladder)
      $ python3 -m benchmarks.scripts.write_quality --run-dir /home/youtalk/src/carla-autoware-extension-worktrees/bench-p0/benchmarks/results/A/run-026
/home/youtalk/src/carla-autoware-extension-worktrees/bench-p0/benchmarks/results/A/run-026/quality.json: gate_pass=True branch=absolute ndt_rate_ratio=1.000 pose_err_max_m=0.208

14. exclusions: clock stall, short unpaced window, silent control gate
      $ if /home/youtalk/src/carla-autoware-extension-worktrees/bench-p0/benchmarks/results/A/run-026/clock_stall.marker exists: write_manifest --exclude 'stall:clock'
      none

15. smoke: the results tree renders through the real analysis path
      $ python3 -c 'benchmarks.report.summarize_run(/home/youtalk/src/carla-autoware-extension-worktrees/bench-p0/benchmarks/results/A/run-026); render_cell(/home/youtalk/src/carla-autoware-extension-worktrees/bench-p0/benchmarks/results/A)'
      OK (/home/youtalk/src/carla-autoware-extension-worktrees/bench-p0/benchmarks/results/A/run-026/report.md)

run 1/1 complete: /home/youtalk/src/carla-autoware-extension-worktrees/bench-p0/benchmarks/results/A/run-026

duel: pacing 120s floor before B-cyc (pair 1) -- inter-run host-idle time is a measurement condition, see the pacing block near the top of this script
duel: pacing done for B-cyc (pair 1) -- waited 120s total (floor 120s + top-up 0s), loadavg now 2.14

################ duel pair 1/10 -> B-cyc ################
=== B-cyc  arm=closed-loop  run 1/1 ===

 1. cell_info: resolve cell + class, check the arm
      cell=B-cyc approach=tier4-native map=Town10HD_Opt carla=0.10-tier4 arms=[static closed-loop]
      transport: -> rmw_fastrtps_cpp, shm off, /home/youtalk/src/carla-autoware-extension-worktrees/bench-p0/benchmarks/observer/config/udp_only.xml (required for the tier4-native family)
      transport: -> rmw_cyclonedds_cpp, shm off, none (registered for cell B-cyc)
      topics=/home/youtalk/src/carla-autoware-extension-worktrees/bench-p0/benchmarks/config/observer_topics/B-cyc.yaml
      processes=/home/youtalk/src/carla-autoware-extension-worktrees/bench-p0/benchmarks/config/processes/B-cyc.yaml
      route=/home/youtalk/src/carla-autoware-extension-worktrees/bench-p0/benchmarks/config/routes/Town10HD_Opt.yaml  tl_groups=/home/youtalk/src/carla-autoware-extension-worktrees/bench-p0/benchmarks/config/tl_groups/Town10HD_Opt.yaml
      autoware_image=ghcr.io/autowarefoundation/autoware@sha256:5c22369a312f1cd8a03fb65b30c1ab542919c2c7a2cbd18e799956daef3ae8ee
      observer_image=bench-observer:universe-devel

 2. RUN_DIR: next gap-free index under results/B-cyc
      /home/youtalk/src/carla-autoware-extension-worktrees/bench-p0/benchmarks/results/B-cyc/run-012

 3. preflight: host load, disk, RPC port, stale SHM, engine BuildId
      $ bash /home/youtalk/src/carla-autoware-extension-worktrees/bench-p0/benchmarks/scripts/preflight.sh B-cyc --port 2000 --results-dir /home/youtalk/src/carla-autoware-extension-worktrees/bench-p0/benchmarks/results
OK: tier4 plugin artifacts are newer than every source under /home/youtalk/src/carla-autoware-native/LibCarla/source /home/youtalk/src/carla-autoware-native/Unreal/CarlaUnreal/Plugins/Carla/Source /home/youtalk/src/carla-autoware-native/LibCarla/CMakeLists.txt /home/youtalk/src/carla-autoware-native/CMake
OK: tier4 tree identity recorded
      cpu_governor=powersave
      nproc=24
      loadavg=2.14
      results_fs=/home
      free_gb=452
      carla_rpc_port=2000
      shm_user_cleared=0
      shm_root_cleared=0
      shm_root_remaining=0
      engine_build_id=bc08ce19-f19c-46fe-808f-dbb2b0ddf41a
      carla_tree=/home/youtalk/src/carla-autoware-native
      map_bundle_pin=town10_pcd_regen
      tier4_git_sha=6315b856f8faf2118578322eb20a2b902a45a384
      tier4_worktree=registered-patches
      tier4_worktree_paths_sha256=880c2127133214ea5fee1dff1efbf1b8b5c2e9a3a3a9de10156bc299026eafc6
      tier4_worktree_content_sha256=23038d8c20a6a0691f941bd9f0be427819a8151c81088c30cf67222764ed3e49
      tier4_plugin_sha256=26f95decb0b18dda86f73f6c1ebd2445a287d8dedde3f1cb1544bfffbd093c4e
      tier4_ros2_native_sha256=4485f7b6b74404729a605107a6b2c851286cd942c89db416e811677fc62f3149
      tier4_source_sha256=eb8aa9af8d91b65a587409771db0c08a47f3584076a06e18cd665d13db71f5e5
      tier4_plugin_mtime=1785782939
      tier4_ros2_native_mtime=1785786075
      tier4_newest_source_mtime=1785196190
      tier4_stale_ack=none
      tier4_stale_ack_reason=-
      tier4_stale_ack_source_sha256=-
      tier4_stale_ack_artifacts=-

 4. write_manifest: transport, versions, placement; excluded=false
      $ python3 -m benchmarks.scripts.write_manifest --run-dir /home/youtalk/src/carla-autoware-extension-worktrees/bench-p0/benchmarks/results/B-cyc/run-012 --cell B-cyc --arm closed-loop --rmw rmw_cyclonedds_cpp --shm off --dds-profile none --carla-version 0.10-tier4 --autoware-image ghcr.io/autowarefoundation/autoware@sha256:5c22369a312f1cd8a03fb65b30c1ab542919c2c7a2cbd18e799956daef3ae8ee --placement-json '<json>' --duel --duel-id A+B-cyc
      duel_admissible=true (--duel): this run WILL feed the primary duel's equivalence verdict

 5. cells/tier4-native.sh: boot sim + stack, wait for readiness
      $ bash /home/youtalk/src/carla-autoware-extension-worktrees/bench-p0/benchmarks/cells/tier4-native.sh up
OK: tier4 plugin artifacts are newer than every source under /home/youtalk/src/carla-autoware-native/LibCarla/source /home/youtalk/src/carla-autoware-native/Unreal/CarlaUnreal/Plugins/Carla/Source /home/youtalk/src/carla-autoware-native/LibCarla/CMakeLists.txt /home/youtalk/src/carla-autoware-native/CMake
OK: tier4 tree identity recorded
waiting up to 420s for CARLA RPC on 2000 (log: /home/youtalk/src/carla-autoware-extension-worktrees/bench-p0/benchmarks/results/B-cyc/run-012/launch.log)
OK: tier4 CARLA up on port 2000
starting the tier4 Autoware stack via /home/youtalk/src/carla-autoware-extension-worktrees/bench-p0/benchmarks/cells/tier4_autoware.sh
OK: base_link anchor -1.39706787 m matches /home/youtalk/src/carla-autoware-native/PythonAPI/examples/autoware_demo.py
starting the tier4 demo (ego + sensors + 20 Hz sync tick)
waiting up to 180s for CARLA + the tier4 ego
OK: tier4 ego + sensor rig up, world ticking at 20 Hz
OK: bringing Autoware up (map Town10HD_Opt, bundle /autoware_map/town10-regen) -- log /tmp/tier4-autoware.log
waiting up to 120s for /sensing/lidar/top/pointcloud_raw_ex to be readable in the container
OK: the fork's LiDAR is readable inside the stack (Task 9 rung 1 holds)
OK: concat relay /sensing/lidar/top/pointcloud_before_sync -> /sensing/lidar/concatenated/pointcloud
seeding localization at the ego's ground-truth map pose: 53.914 -141.126 -0.002 -0.003764
[INFO] [1785823708.739989370] [seed_localization]: seeding /localization/initialize at (53.914, -141.126, -0.002) yaw=-0.22 deg (timeout 90 s)
SEEDED: NDT locked within 1.0 m of (53.914, -141.126)
OK: NDT locked on the seeded pose
waiting up to 300s for /localization/kinematic_state
closed-loop arm: re-publishing /map/vector_map (ADVISORY -- never aborts)
{"advisory": true, "attempts": [{"attempt": 1, "monitor": {"topic_state_monitor_vector_map: map_topic_status": {"last_message_time": "16.09 [s]", "level": 0, "status": "OK"}}, "relog_after": {"lanelet2_map_visualization]: Map is loaded": 1, "vector_map_tf_generator]: broadcast static tf": 1}, "relog_before": {"lanelet2_map_visualization]: Map is loaded": 1, "vector_map_tf_generator]: broadcast static tf": 1}, "verified": true, "verified_relog": false, "verify_wait_s": 0.008}], "capture_wait_s": 6.001, "captured": true, "data_bytes": 1305281, "exit_code": 0, "matching_settled": true, "monitor_final": {"topic_state_monitor_vector_map: map_topic_status": {"last_message_time": "16.09 [s]", "level": 0, "status": "OK"}}, "pre_republish_delivered": true, "pre_republish_monitor": {"topic_state_monitor_vector_map: map_topic_status": {"last_message_time": "16.09 [s]", "level": 0, "status": "OK"}}, "process_exit_code": 0, "relog_final": {"lanelet2_map_visualization]: Map is loaded": 1, "vector_map_tf_generator]: broadcast static tf": 1}, "subscriber_count": 17, "topic": "/map/vector_map", "verdict_code": 0, "verified": true, "verified_relog": false}
OK: the /map/vector_map re-publish step RAN AND RECORDED A VERDICT -- which is NOT the same as the map being verified. Under --advisory the node exits 0 for every verdict it can reach, so read verdict_code in /home/youtalk/src/carla-autoware-extension-worktrees/bench-p0/benchmarks/results/B-cyc/run-012/vector-map-delivery.json: 0 verified (and the verified / verified_relog keys name which oracle saw it), exit 3 the capture never happened, 4 the publisher matching never settled, 5 the verification never went OK. Only 0 means the map was observed to arrive.
OK: tier4 Autoware stack up on Town10HD_Opt and localizing
OK: tier4 Autoware stack reported ready

 6. observer: bench_observer container recording into the run dir
      $ cp /home/youtalk/src/carla-autoware-extension-worktrees/bench-p0/benchmarks/config/observer_topics/B-cyc.yaml /home/youtalk/src/carla-autoware-extension-worktrees/bench-p0/benchmarks/results/B-cyc/run-012/observer_topics.yaml
      $ docker run -d --name bench-observer --net=host --ipc=host -v /home/youtalk/src/carla-autoware-extension-worktrees/bench-p0/benchmarks/results/B-cyc/run-012:/out -e RMW_IMPLEMENTATION=rmw_cyclonedds_cpp  bench-observer:universe-devel bash -lc '<sourced> exec bench_observer ...'

 7. sampler + collect_gt + clock_watchdog (background)
      $ python3 -m benchmarks.sampler.sample_resources --processes /home/youtalk/src/carla-autoware-extension-worktrees/bench-p0/benchmarks/config/processes/B-cyc.yaml --out /home/youtalk/src/carla-autoware-extension-worktrees/bench-p0/benchmarks/results/B-cyc/run-012/resources.csv --interval 1.0
      $ env PYTHONPATH=/home/youtalk/src/carla-autoware-extension-worktrees/bench-p0 /home/youtalk/carla-tier4-venv/bin/python3 -m benchmarks.scripts.collect_gt --host localhost --port 2000 --role-name ego --map Town10HD_Opt --approach tier4-native --out /home/youtalk/src/carla-autoware-extension-worktrees/bench-p0/benchmarks/results/B-cyc/run-012/gt.csv --count-lidar
      $ python3 -m benchmarks.scripts.clock_watchdog --clock-csv /home/youtalk/src/carla-autoware-extension-worktrees/bench-p0/benchmarks/results/B-cyc/run-012/clock.csv --stall-s 5 --grace-s 30 --marker /home/youtalk/src/carla-autoware-extension-worktrees/bench-p0/benchmarks/results/B-cyc/run-012/clock_stall.marker

 8. injector: clear-road objects + all-green signals (docker exec)
      $ docker exec -e ROS_DOMAIN_ID=0 autoware bash -lc '<setup> PYTHONPATH=/work:$PYTHONPATH python3 /work/benchmarks/injector/dummy_perception.py --tl-groups /work/benchmarks/config/tl_groups/Town10HD_Opt.yaml --grid-center 82.654 -37.160 --grid-size 315.157'

 9. arm: localization only (static) or route + engage (closed-loop)
      $ docker exec -e ROS_DOMAIN_ID=0 autoware bash -lc '<setup> python3 /work/benchmarks/injector/arm_and_goal.py --goal 74.869 66.891 2.926174  --timeout 60'
[INFO] [1785823729.681642308] [arm_and_goal]: waiting for /localization/kinematic_state >= 5 Hz over 5 s (timeout 60 s)
[INFO] [1785823730.868925436] [arm_and_goal]: arm observations [localized]: mode=-1 autonomous=False is_autoware_control_enabled=False is_autonomous_mode_available=False control_cmd_hz~1.33 n=4 nonzero_longitudinal=0/4 frac=0.000 peak_abs_velocity=0.000 ego_displacement_m=0.003 ego_speed_mps=0.000
[INFO] [1785823730.896367073] [arm_and_goal]: arm observations [pre-engage]: mode=-1 autonomous=False is_autoware_control_enabled=False is_autonomous_mode_available=False control_cmd_hz~1.33 n=4 nonzero_longitudinal=0/4 frac=0.000 peak_abs_velocity=0.000 ego_displacement_m=0.003 ego_speed_mps=0.000
[INFO] [1785823730.898944214] [arm_and_goal]: MRM config: /control/vehicle_cmd_gate use_emergency_handling=false (the perception-off false MRM; same configuration as the proven extension sequence and as every promoted gate number)
[WARN] [1785823730.901011107] [arm_and_goal]: change_to_autonomous: not yet ok (The target mode is not available. Please check the diagnostics.); retrying
[INFO] [1785823732.903021356] [arm_and_goal]: change_to_autonomous: SUCCEEDED -- per-approach observation, record it (R4.3); the proven /autoware/engage publish still runs next
[INFO] [1785823733.915623203] [arm_and_goal]: /autoware/engage: published engage=true x5
[INFO] [1785823734.668043462] [arm_and_goal]: post-engage state: mode_autonomous=True is_autoware_control_enabled=True (R4.3 observation; only mode_autonomous gates ARMED)
[INFO] [1785823734.668293829] [arm_and_goal]: arm observations [post-engage]: mode=2 autonomous=True is_autoware_control_enabled=True is_autonomous_mode_available=False control_cmd_hz~5.00 n=15 nonzero_longitudinal=10/15 frac=0.667 peak_abs_velocity=0.258 ego_displacement_m=0.026 ego_speed_mps=0.132
ARMED: localized, route set to (74.869, 66.891), autonomous engaged
      $ docker exec -e ROS_DOMAIN_ID=0 autoware bash -lc '<setup> timeout 25 ros2 topic echo --once --no-daemon /control/command/control_cmd'
      OK: /control/command/control_cmd is flowing

10. window: sleep 140s (closed-loop arm)
      $ sleep 140

11. teardown: watchdog + GT -> observer (SIGINT, to flush) -> stack -> sim
      $ bash /home/youtalk/src/carla-autoware-extension-worktrees/bench-p0/benchmarks/scripts/teardown.sh /home/youtalk/src/carla-autoware-extension-worktrees/bench-p0/benchmarks/results/B-cyc/run-012
teardown: SIGTERM clock watchdog (pid 1225459)
teardown: SIGINT container bench-observer
teardown: SIGTERM gt collector (pid 1225458)
teardown: SIGTERM resource sampler (pid 1225457)
stop: pid 1676 (/tmp/tier4-concat-relay.pid) + 1 descendant(s)
stop: 2 of pid 1676's tree still up; SIGINT
stop: pid 1676 tree gone
stop: pid 120 (/tmp/tier4-autoware.pid) + 52 descendant(s)
stop: 53 of pid 120's tree still up; SIGINT
stop: pid 120 tree gone
autoware launch + concat relay stopped (2 pid file(s) checked, 55 process(es) in the recorded trees, 0 survivor(s); container now: 3 running, 3 defunct)
teardown: SIGTERM tier4 autoware_demo.py (pid 1222277)
teardown: SIGTERM carla (pid 1221486)
teardown: saved tier4-autoware.log
teardown: saved tier4-concat-relay.log
teardown: done

12. finalize_rtf: fill resources.csv's rtf column from clock.csv
      $ python3 -m benchmarks.sampler.finalize_rtf --resources /home/youtalk/src/carla-autoware-extension-worktrees/bench-p0/benchmarks/results/B-cyc/run-012/resources.csv --clock /home/youtalk/src/carla-autoware-extension-worktrees/bench-p0/benchmarks/results/B-cyc/run-012/clock.csv

13. M5 gate: write quality.json (pose_error, goal, NDT rate, G1 ladder)
      $ python3 -m benchmarks.scripts.write_quality --run-dir /home/youtalk/src/carla-autoware-extension-worktrees/bench-p0/benchmarks/results/B-cyc/run-012
/home/youtalk/src/carla-autoware-extension-worktrees/bench-p0/benchmarks/results/B-cyc/run-012/quality.json: gate_pass=True branch=absolute ndt_rate_ratio=1.000 pose_err_max_m=0.166

14. exclusions: clock stall, short unpaced window, silent control gate
      $ if /home/youtalk/src/carla-autoware-extension-worktrees/bench-p0/benchmarks/results/B-cyc/run-012/clock_stall.marker exists: write_manifest --exclude 'stall:clock'
      none

15. smoke: the results tree renders through the real analysis path
      $ python3 -c 'benchmarks.report.summarize_run(/home/youtalk/src/carla-autoware-extension-worktrees/bench-p0/benchmarks/results/B-cyc/run-012); render_cell(/home/youtalk/src/carla-autoware-extension-worktrees/bench-p0/benchmarks/results/B-cyc)'
      OK (/home/youtalk/src/carla-autoware-extension-worktrees/bench-p0/benchmarks/results/B-cyc/run-012/report.md)

run 1/1 complete: /home/youtalk/src/carla-autoware-extension-worktrees/bench-p0/benchmarks/results/B-cyc/run-012

duel: pacing 120s floor before B-cyc (pair 2) -- inter-run host-idle time is a measurement condition, see the pacing block near the top of this script
duel: pacing done for B-cyc (pair 2) -- waited 120s total (floor 120s + top-up 0s), loadavg now 2.08

################ duel pair 2/10 -> B-cyc ################
=== B-cyc  arm=closed-loop  run 1/1 ===

 1. cell_info: resolve cell + class, check the arm
      cell=B-cyc approach=tier4-native map=Town10HD_Opt carla=0.10-tier4 arms=[static closed-loop]
      transport: -> rmw_fastrtps_cpp, shm off, /home/youtalk/src/carla-autoware-extension-worktrees/bench-p0/benchmarks/observer/config/udp_only.xml (required for the tier4-native family)
      transport: -> rmw_cyclonedds_cpp, shm off, none (registered for cell B-cyc)
      topics=/home/youtalk/src/carla-autoware-extension-worktrees/bench-p0/benchmarks/config/observer_topics/B-cyc.yaml
      processes=/home/youtalk/src/carla-autoware-extension-worktrees/bench-p0/benchmarks/config/processes/B-cyc.yaml
      route=/home/youtalk/src/carla-autoware-extension-worktrees/bench-p0/benchmarks/config/routes/Town10HD_Opt.yaml  tl_groups=/home/youtalk/src/carla-autoware-extension-worktrees/bench-p0/benchmarks/config/tl_groups/Town10HD_Opt.yaml
      autoware_image=ghcr.io/autowarefoundation/autoware@sha256:5c22369a312f1cd8a03fb65b30c1ab542919c2c7a2cbd18e799956daef3ae8ee
      observer_image=bench-observer:universe-devel

 2. RUN_DIR: next gap-free index under results/B-cyc
      /home/youtalk/src/carla-autoware-extension-worktrees/bench-p0/benchmarks/results/B-cyc/run-013

 3. preflight: host load, disk, RPC port, stale SHM, engine BuildId
      $ bash /home/youtalk/src/carla-autoware-extension-worktrees/bench-p0/benchmarks/scripts/preflight.sh B-cyc --port 2000 --results-dir /home/youtalk/src/carla-autoware-extension-worktrees/bench-p0/benchmarks/results
OK: tier4 plugin artifacts are newer than every source under /home/youtalk/src/carla-autoware-native/LibCarla/source /home/youtalk/src/carla-autoware-native/Unreal/CarlaUnreal/Plugins/Carla/Source /home/youtalk/src/carla-autoware-native/LibCarla/CMakeLists.txt /home/youtalk/src/carla-autoware-native/CMake
OK: tier4 tree identity recorded
      cpu_governor=powersave
      nproc=24
      loadavg=2.08
      results_fs=/home
      free_gb=452
      carla_rpc_port=2000
      shm_user_cleared=84
      shm_root_cleared=0
      shm_root_remaining=0
      engine_build_id=bc08ce19-f19c-46fe-808f-dbb2b0ddf41a
      carla_tree=/home/youtalk/src/carla-autoware-native
      map_bundle_pin=town10_pcd_regen
      tier4_git_sha=6315b856f8faf2118578322eb20a2b902a45a384
      tier4_worktree=registered-patches
      tier4_worktree_paths_sha256=880c2127133214ea5fee1dff1efbf1b8b5c2e9a3a3a9de10156bc299026eafc6
      tier4_worktree_content_sha256=23038d8c20a6a0691f941bd9f0be427819a8151c81088c30cf67222764ed3e49
      tier4_plugin_sha256=26f95decb0b18dda86f73f6c1ebd2445a287d8dedde3f1cb1544bfffbd093c4e
      tier4_ros2_native_sha256=4485f7b6b74404729a605107a6b2c851286cd942c89db416e811677fc62f3149
      tier4_source_sha256=eb8aa9af8d91b65a587409771db0c08a47f3584076a06e18cd665d13db71f5e5
      tier4_plugin_mtime=1785782939
      tier4_ros2_native_mtime=1785786075
      tier4_newest_source_mtime=1785196190
      tier4_stale_ack=none
      tier4_stale_ack_reason=-
      tier4_stale_ack_source_sha256=-
      tier4_stale_ack_artifacts=-

 4. write_manifest: transport, versions, placement; excluded=false
      $ python3 -m benchmarks.scripts.write_manifest --run-dir /home/youtalk/src/carla-autoware-extension-worktrees/bench-p0/benchmarks/results/B-cyc/run-013 --cell B-cyc --arm closed-loop --rmw rmw_cyclonedds_cpp --shm off --dds-profile none --carla-version 0.10-tier4 --autoware-image ghcr.io/autowarefoundation/autoware@sha256:5c22369a312f1cd8a03fb65b30c1ab542919c2c7a2cbd18e799956daef3ae8ee --placement-json '<json>' --duel --duel-id A+B-cyc
      duel_admissible=true (--duel): this run WILL feed the primary duel's equivalence verdict

 5. cells/tier4-native.sh: boot sim + stack, wait for readiness
      $ bash /home/youtalk/src/carla-autoware-extension-worktrees/bench-p0/benchmarks/cells/tier4-native.sh up
OK: tier4 plugin artifacts are newer than every source under /home/youtalk/src/carla-autoware-native/LibCarla/source /home/youtalk/src/carla-autoware-native/Unreal/CarlaUnreal/Plugins/Carla/Source /home/youtalk/src/carla-autoware-native/LibCarla/CMakeLists.txt /home/youtalk/src/carla-autoware-native/CMake
OK: tier4 tree identity recorded
waiting up to 420s for CARLA RPC on 2000 (log: /home/youtalk/src/carla-autoware-extension-worktrees/bench-p0/benchmarks/results/B-cyc/run-013/launch.log)
OK: tier4 CARLA up on port 2000
starting the tier4 Autoware stack via /home/youtalk/src/carla-autoware-extension-worktrees/bench-p0/benchmarks/cells/tier4_autoware.sh
OK: base_link anchor -1.39706787 m matches /home/youtalk/src/carla-autoware-native/PythonAPI/examples/autoware_demo.py
starting the tier4 demo (ego + sensors + 20 Hz sync tick)
waiting up to 180s for CARLA + the tier4 ego
OK: tier4 ego + sensor rig up, world ticking at 20 Hz
OK: bringing Autoware up (map Town10HD_Opt, bundle /autoware_map/town10-regen) -- log /tmp/tier4-autoware.log
waiting up to 120s for /sensing/lidar/top/pointcloud_raw_ex to be readable in the container
OK: the fork's LiDAR is readable inside the stack (Task 9 rung 1 holds)
OK: concat relay /sensing/lidar/top/pointcloud_before_sync -> /sensing/lidar/concatenated/pointcloud
seeding localization at the ego's ground-truth map pose: 53.914 -141.127 -0.002 -0.003789
[INFO] [1785824071.157743964] [seed_localization]: seeding /localization/initialize at (53.914, -141.127, -0.002) yaw=-0.22 deg (timeout 90 s)
SEEDED: NDT locked within 1.0 m of (53.914, -141.127)
OK: NDT locked on the seeded pose
waiting up to 300s for /localization/kinematic_state
closed-loop arm: re-publishing /map/vector_map (ADVISORY -- never aborts)
{"advisory": true, "attempts": [{"attempt": 1, "monitor": {"topic_state_monitor_vector_map: map_topic_status": {"last_message_time": "15.22 [s]", "level": 0, "status": "OK"}}, "relog_after": {"lanelet2_map_visualization]: Map is loaded": 2, "vector_map_tf_generator]: broadcast static tf": 1}, "relog_before": {"lanelet2_map_visualization]: Map is loaded": 2, "vector_map_tf_generator]: broadcast static tf": 1}, "verified": true, "verified_relog": false, "verify_wait_s": 0.007}], "capture_wait_s": 6.029, "captured": true, "data_bytes": 1305281, "exit_code": 0, "matching_settled": true, "monitor_final": {"topic_state_monitor_vector_map: map_topic_status": {"last_message_time": "15.22 [s]", "level": 0, "status": "OK"}}, "pre_republish_delivered": true, "pre_republish_monitor": {"topic_state_monitor_vector_map: map_topic_status": {"last_message_time": "15.22 [s]", "level": 0, "status": "OK"}}, "process_exit_code": 0, "relog_final": {"lanelet2_map_visualization]: Map is loaded": 2, "vector_map_tf_generator]: broadcast static tf": 1}, "subscriber_count": 17, "topic": "/map/vector_map", "verdict_code": 0, "verified": true, "verified_relog": false}
OK: the /map/vector_map re-publish step RAN AND RECORDED A VERDICT -- which is NOT the same as the map being verified. Under --advisory the node exits 0 for every verdict it can reach, so read verdict_code in /home/youtalk/src/carla-autoware-extension-worktrees/bench-p0/benchmarks/results/B-cyc/run-013/vector-map-delivery.json: 0 verified (and the verified / verified_relog keys name which oracle saw it), exit 3 the capture never happened, 4 the publisher matching never settled, 5 the verification never went OK. Only 0 means the map was observed to arrive.
OK: tier4 Autoware stack up on Town10HD_Opt and localizing
OK: tier4 Autoware stack reported ready

 6. observer: bench_observer container recording into the run dir
      $ cp /home/youtalk/src/carla-autoware-extension-worktrees/bench-p0/benchmarks/config/observer_topics/B-cyc.yaml /home/youtalk/src/carla-autoware-extension-worktrees/bench-p0/benchmarks/results/B-cyc/run-013/observer_topics.yaml
      $ docker run -d --name bench-observer --net=host --ipc=host -v /home/youtalk/src/carla-autoware-extension-worktrees/bench-p0/benchmarks/results/B-cyc/run-013:/out -e RMW_IMPLEMENTATION=rmw_cyclonedds_cpp  bench-observer:universe-devel bash -lc '<sourced> exec bench_observer ...'

 7. sampler + collect_gt + clock_watchdog (background)
      $ python3 -m benchmarks.sampler.sample_resources --processes /home/youtalk/src/carla-autoware-extension-worktrees/bench-p0/benchmarks/config/processes/B-cyc.yaml --out /home/youtalk/src/carla-autoware-extension-worktrees/bench-p0/benchmarks/results/B-cyc/run-013/resources.csv --interval 1.0
      $ env PYTHONPATH=/home/youtalk/src/carla-autoware-extension-worktrees/bench-p0 /home/youtalk/carla-tier4-venv/bin/python3 -m benchmarks.scripts.collect_gt --host localhost --port 2000 --role-name ego --map Town10HD_Opt --approach tier4-native --out /home/youtalk/src/carla-autoware-extension-worktrees/bench-p0/benchmarks/results/B-cyc/run-013/gt.csv --count-lidar
      $ python3 -m benchmarks.scripts.clock_watchdog --clock-csv /home/youtalk/src/carla-autoware-extension-worktrees/bench-p0/benchmarks/results/B-cyc/run-013/clock.csv --stall-s 5 --grace-s 30 --marker /home/youtalk/src/carla-autoware-extension-worktrees/bench-p0/benchmarks/results/B-cyc/run-013/clock_stall.marker

 8. injector: clear-road objects + all-green signals (docker exec)
      $ docker exec -e ROS_DOMAIN_ID=0 autoware bash -lc '<setup> PYTHONPATH=/work:$PYTHONPATH python3 /work/benchmarks/injector/dummy_perception.py --tl-groups /work/benchmarks/config/tl_groups/Town10HD_Opt.yaml --grid-center 82.654 -37.160 --grid-size 315.157'

 9. arm: localization only (static) or route + engage (closed-loop)
      $ docker exec -e ROS_DOMAIN_ID=0 autoware bash -lc '<setup> python3 /work/benchmarks/injector/arm_and_goal.py --goal 74.869 66.891 2.926174  --timeout 60'
[INFO] [1785824092.925007843] [arm_and_goal]: waiting for /localization/kinematic_state >= 5 Hz over 5 s (timeout 60 s)
[INFO] [1785824094.136768256] [arm_and_goal]: arm observations [localized]: mode=-1 autonomous=False is_autoware_control_enabled=False is_autonomous_mode_available=False control_cmd_hz~0.00 n=0 nonzero_longitudinal=0/0 frac=nan peak_abs_velocity=0.000 ego_displacement_m=0.005 ego_speed_mps=0.000
[INFO] [1785824094.145753149] [arm_and_goal]: arm observations [pre-engage]: mode=-1 autonomous=False is_autoware_control_enabled=False is_autonomous_mode_available=False control_cmd_hz~0.00 n=0 nonzero_longitudinal=0/0 frac=nan peak_abs_velocity=0.000 ego_displacement_m=0.005 ego_speed_mps=0.000
[INFO] [1785824094.148159240] [arm_and_goal]: MRM config: /control/vehicle_cmd_gate use_emergency_handling=false (the perception-off false MRM; same configuration as the proven extension sequence and as every promoted gate number)
[WARN] [1785824094.149781144] [arm_and_goal]: change_to_autonomous: not yet ok (The target mode is not available. Please check the diagnostics.); retrying
[INFO] [1785824096.152728242] [arm_and_goal]: change_to_autonomous: SUCCEEDED -- per-approach observation, record it (R4.3); the proven /autoware/engage publish still runs next
[INFO] [1785824097.157211324] [arm_and_goal]: /autoware/engage: published engage=true x5
[INFO] [1785824097.935211323] [arm_and_goal]: post-engage state: mode_autonomous=True is_autoware_control_enabled=True (R4.3 observation; only mode_autonomous gates ARMED)
[INFO] [1785824097.935439883] [arm_and_goal]: arm observations [post-engage]: mode=2 autonomous=True is_autoware_control_enabled=True is_autonomous_mode_available=False control_cmd_hz~5.00 n=15 nonzero_longitudinal=10/15 frac=0.667 peak_abs_velocity=0.259 ego_displacement_m=0.034 ego_speed_mps=0.153
ARMED: localized, route set to (74.869, 66.891), autonomous engaged
      $ docker exec -e ROS_DOMAIN_ID=0 autoware bash -lc '<setup> timeout 25 ros2 topic echo --once --no-daemon /control/command/control_cmd'
      OK: /control/command/control_cmd is flowing

10. window: sleep 140s (closed-loop arm)
      $ sleep 140

11. teardown: watchdog + GT -> observer (SIGINT, to flush) -> stack -> sim
      $ bash /home/youtalk/src/carla-autoware-extension-worktrees/bench-p0/benchmarks/scripts/teardown.sh /home/youtalk/src/carla-autoware-extension-worktrees/bench-p0/benchmarks/results/B-cyc/run-013
teardown: SIGTERM clock watchdog (pid 1241893)
teardown: SIGINT container bench-observer
teardown: SIGTERM gt collector (pid 1241892)
teardown: SIGTERM resource sampler (pid 1241891)
stop: pid 1685 (/tmp/tier4-concat-relay.pid) + 1 descendant(s)
stop: 2 of pid 1685's tree still up; SIGINT
stop: pid 1685 tree gone
stop: pid 120 (/tmp/tier4-autoware.pid) + 51 descendant(s)
stop: 52 of pid 120's tree still up; SIGINT
stop: pid 120 tree gone
autoware launch + concat relay stopped (2 pid file(s) checked, 54 process(es) in the recorded trees, 0 survivor(s); container now: 3 running, 3 defunct)
teardown: SIGTERM tier4 autoware_demo.py (pid 1238940)
teardown: SIGTERM carla (pid 1238250)
teardown: saved tier4-autoware.log
teardown: saved tier4-concat-relay.log
teardown: done

12. finalize_rtf: fill resources.csv's rtf column from clock.csv
      $ python3 -m benchmarks.sampler.finalize_rtf --resources /home/youtalk/src/carla-autoware-extension-worktrees/bench-p0/benchmarks/results/B-cyc/run-013/resources.csv --clock /home/youtalk/src/carla-autoware-extension-worktrees/bench-p0/benchmarks/results/B-cyc/run-013/clock.csv

13. M5 gate: write quality.json (pose_error, goal, NDT rate, G1 ladder)
      $ python3 -m benchmarks.scripts.write_quality --run-dir /home/youtalk/src/carla-autoware-extension-worktrees/bench-p0/benchmarks/results/B-cyc/run-013
/home/youtalk/src/carla-autoware-extension-worktrees/bench-p0/benchmarks/results/B-cyc/run-013/quality.json: gate_pass=True branch=absolute ndt_rate_ratio=1.000 pose_err_max_m=0.142

14. exclusions: clock stall, short unpaced window, silent control gate
      $ if /home/youtalk/src/carla-autoware-extension-worktrees/bench-p0/benchmarks/results/B-cyc/run-013/clock_stall.marker exists: write_manifest --exclude 'stall:clock'
      none

15. smoke: the results tree renders through the real analysis path
      $ python3 -c 'benchmarks.report.summarize_run(/home/youtalk/src/carla-autoware-extension-worktrees/bench-p0/benchmarks/results/B-cyc/run-013); render_cell(/home/youtalk/src/carla-autoware-extension-worktrees/bench-p0/benchmarks/results/B-cyc)'
      OK (/home/youtalk/src/carla-autoware-extension-worktrees/bench-p0/benchmarks/results/B-cyc/run-013/report.md)

run 1/1 complete: /home/youtalk/src/carla-autoware-extension-worktrees/bench-p0/benchmarks/results/B-cyc/run-013

duel: pacing 120s floor before A (pair 2) -- inter-run host-idle time is a measurement condition, see the pacing block near the top of this script
duel: pacing done for A (pair 2) -- waited 120s total (floor 120s + top-up 0s), loadavg now 0.72

################ duel pair 2/10 -> A ################
=== A  arm=closed-loop  run 1/1 ===

 1. cell_info: resolve cell + class, check the arm
      cell=A approach=extension map=Town10HD_Opt carla=0.10-fork arms=[static closed-loop]
      topics=/home/youtalk/src/carla-autoware-extension-worktrees/bench-p0/benchmarks/config/observer_topics/A.yaml
      processes=/home/youtalk/src/carla-autoware-extension-worktrees/bench-p0/benchmarks/config/processes/A.yaml
      route=/home/youtalk/src/carla-autoware-extension-worktrees/bench-p0/benchmarks/config/routes/Town10HD_Opt.yaml  tl_groups=/home/youtalk/src/carla-autoware-extension-worktrees/bench-p0/benchmarks/config/tl_groups/Town10HD_Opt.yaml
      autoware_image=ghcr.io/autowarefoundation/autoware:universe-devel
      observer_image=bench-observer:universe-devel

 2. RUN_DIR: next gap-free index under results/A
      /home/youtalk/src/carla-autoware-extension-worktrees/bench-p0/benchmarks/results/A/run-027

 3. preflight: host load, disk, RPC port, stale SHM, engine BuildId
      $ bash /home/youtalk/src/carla-autoware-extension-worktrees/bench-p0/benchmarks/scripts/preflight.sh A --port 2000 --results-dir /home/youtalk/src/carla-autoware-extension-worktrees/bench-p0/benchmarks/results
      cpu_governor=powersave
      nproc=24
      loadavg=0.72
      results_fs=/home
      free_gb=452
      carla_rpc_port=2000
      shm_user_cleared=84
      shm_root_cleared=0
      shm_root_remaining=0
      engine_build_id=bc08ce19-f19c-46fe-808f-dbb2b0ddf41a
      carla_tree=/home/youtalk/src/carla-autoware-integration
      map_bundle_pin=town10_pcd_regen

 4. write_manifest: transport, versions, placement; excluded=false
      $ python3 -m benchmarks.scripts.write_manifest --run-dir /home/youtalk/src/carla-autoware-extension-worktrees/bench-p0/benchmarks/results/A/run-027 --cell A --arm closed-loop --rmw rmw_cyclonedds_cpp --shm off --dds-profile /home/youtalk/src/carla-autoware-extension-worktrees/bench-p0/docker/cyclonedds.xml --carla-version 0.10-fork --autoware-image ghcr.io/autowarefoundation/autoware:universe-devel --placement-json '<json>' --duel --duel-id A+B-cyc
      duel_admissible=true (--duel): this run WILL feed the primary duel's equivalence verdict

 5. cells/extension.sh: boot sim + stack, wait for readiness
      $ bash /home/youtalk/src/carla-autoware-extension-worktrees/bench-p0/benchmarks/cells/extension.sh up
OK: base_link anchor +0.00000000 m (no vehicle shift)
 Container autoware Creating 
 Container autoware Created 
 Container autoware Starting 
 Container autoware Started 
waiting up to 420s for CARLA + ego (log: /home/youtalk/src/carla-autoware-extension-worktrees/bench-p0/benchmarks/results/A/run-027/launch.log)
OK: CARLA up on port 2000 with a spawned ego

 6. observer: bench_observer container recording into the run dir
      $ cp /home/youtalk/src/carla-autoware-extension-worktrees/bench-p0/benchmarks/config/observer_topics/A.yaml /home/youtalk/src/carla-autoware-extension-worktrees/bench-p0/benchmarks/results/A/run-027/observer_topics.yaml
      $ docker run -d --name bench-observer --net=host --ipc=host -v /home/youtalk/src/carla-autoware-extension-worktrees/bench-p0/benchmarks/results/A/run-027:/out -e RMW_IMPLEMENTATION=rmw_cyclonedds_cpp -e CYCLONEDDS_URI=file:///dds-profile.xml -v /home/youtalk/src/carla-autoware-extension-worktrees/bench-p0/docker/cyclonedds.xml:/dds-profile.xml:ro bench-observer:universe-devel bash -lc '<sourced> exec bench_observer ...'

 7. sampler + collect_gt + clock_watchdog (background)
      $ python3 -m benchmarks.sampler.sample_resources --processes /home/youtalk/src/carla-autoware-extension-worktrees/bench-p0/benchmarks/config/processes/A.yaml --out /home/youtalk/src/carla-autoware-extension-worktrees/bench-p0/benchmarks/results/A/run-027/resources.csv --interval 1.0
      $ env PYTHONPATH=/home/youtalk/src/carla-autoware-extension-worktrees/bench-p0 /home/youtalk/carla-venv/bin/python3 -m benchmarks.scripts.collect_gt --host localhost --port 2000 --role-name ego --map Town10HD_Opt --approach extension --out /home/youtalk/src/carla-autoware-extension-worktrees/bench-p0/benchmarks/results/A/run-027/gt.csv --count-lidar
      $ python3 -m benchmarks.scripts.clock_watchdog --clock-csv /home/youtalk/src/carla-autoware-extension-worktrees/bench-p0/benchmarks/results/A/run-027/clock.csv --stall-s 5 --grace-s 30 --marker /home/youtalk/src/carla-autoware-extension-worktrees/bench-p0/benchmarks/results/A/run-027/clock_stall.marker

 8. injector: clear-road objects + all-green signals (docker exec)
      $ docker exec -e ROS_DOMAIN_ID=0 autoware bash -lc '<setup> PYTHONPATH=/work:$PYTHONPATH python3 /work/benchmarks/injector/dummy_perception.py --tl-groups /work/benchmarks/config/tl_groups/Town10HD_Opt.yaml --grid-center 82.654 -37.160 --grid-size 315.157'

 9. arm: localization only (static) or route + engage (closed-loop)
      $ docker exec -e ROS_DOMAIN_ID=0 autoware bash -lc '<setup> python3 /work/benchmarks/injector/arm_and_goal.py --goal 74.869 66.891 2.926174  --timeout 60'
[INFO] [1785824437.498782443] [arm_and_goal]: waiting for /localization/kinematic_state >= 5 Hz over 5 s (timeout 60 s)
[INFO] [1785824438.714846852] [arm_and_goal]: arm observations [localized]: mode=-1 autonomous=False is_autoware_control_enabled=False is_autonomous_mode_available=False control_cmd_hz~0.00 n=0 nonzero_longitudinal=0/0 frac=nan peak_abs_velocity=0.000 ego_displacement_m=0.002 ego_speed_mps=0.000
[INFO] [1785824438.744721615] [arm_and_goal]: arm observations [pre-engage]: mode=-1 autonomous=False is_autoware_control_enabled=False is_autonomous_mode_available=False control_cmd_hz~0.00 n=0 nonzero_longitudinal=0/0 frac=nan peak_abs_velocity=0.000 ego_displacement_m=0.002 ego_speed_mps=0.000
[INFO] [1785824438.747100522] [arm_and_goal]: MRM config: /control/vehicle_cmd_gate use_emergency_handling=false (the perception-off false MRM; same configuration as the proven extension sequence and as every promoted gate number)
[WARN] [1785824438.767882583] [arm_and_goal]: change_to_autonomous: not yet ok (The target mode is not available. Please check the diagnostics.); retrying
[INFO] [1785824440.772360427] [arm_and_goal]: change_to_autonomous: SUCCEEDED -- per-approach observation, record it (R4.3); the proven /autoware/engage publish still runs next
[INFO] [1785824441.784916124] [arm_and_goal]: /autoware/engage: published engage=true x5
[INFO] [1785824445.327001097] [arm_and_goal]: post-engage state: mode_autonomous=True is_autoware_control_enabled=True (R4.3 observation; only mode_autonomous gates ARMED)
[INFO] [1785824445.327262144] [arm_and_goal]: arm observations [post-engage]: mode=2 autonomous=True is_autoware_control_enabled=True is_autonomous_mode_available=False control_cmd_hz~19.67 n=70 nonzero_longitudinal=65/70 frac=0.929 peak_abs_velocity=0.258 ego_displacement_m=0.018 ego_speed_mps=0.103
ARMED: localized, route set to (74.869, 66.891), autonomous engaged
      $ docker exec -e ROS_DOMAIN_ID=0 autoware bash -lc '<setup> timeout 25 ros2 topic echo --once --no-daemon /control/command/control_cmd'
      OK: /control/command/control_cmd is flowing

10. window: sleep 140s (closed-loop arm)
      $ sleep 140

11. teardown: watchdog + GT -> observer (SIGINT, to flush) -> stack -> sim
      $ bash /home/youtalk/src/carla-autoware-extension-worktrees/bench-p0/benchmarks/scripts/teardown.sh /home/youtalk/src/carla-autoware-extension-worktrees/bench-p0/benchmarks/results/A/run-027
teardown: SIGTERM clock watchdog (pid 1254083)
teardown: SIGINT container bench-observer
teardown: SIGTERM gt collector (pid 1254082)
teardown: SIGTERM resource sampler (pid 1254080)
teardown: SIGTERM run_e2e.sh (pid 1250492)
teardown: SIGKILL run_e2e.sh (pid 1250492): still alive after 30s
teardown: SIGTERM UnrealEditor -game (/home/youtalk/src/carla-autoware-integration) (pid 1250541)
teardown: saved carla-editor.log (editor stdout/stderr from /tmp/carla-e2e.log)
teardown: docker compose down (/home/youtalk/src/carla-autoware-extension-worktrees/bench-p0/docker/compose.yaml)
teardown: done

12. finalize_rtf: fill resources.csv's rtf column from clock.csv
      $ python3 -m benchmarks.sampler.finalize_rtf --resources /home/youtalk/src/carla-autoware-extension-worktrees/bench-p0/benchmarks/results/A/run-027/resources.csv --clock /home/youtalk/src/carla-autoware-extension-worktrees/bench-p0/benchmarks/results/A/run-027/clock.csv

13. M5 gate: write quality.json (pose_error, goal, NDT rate, G1 ladder)
      $ python3 -m benchmarks.scripts.write_quality --run-dir /home/youtalk/src/carla-autoware-extension-worktrees/bench-p0/benchmarks/results/A/run-027
/home/youtalk/src/carla-autoware-extension-worktrees/bench-p0/benchmarks/results/A/run-027/quality.json: gate_pass=True branch=absolute ndt_rate_ratio=1.000 pose_err_max_m=0.223

14. exclusions: clock stall, short unpaced window, silent control gate
      $ if /home/youtalk/src/carla-autoware-extension-worktrees/bench-p0/benchmarks/results/A/run-027/clock_stall.marker exists: write_manifest --exclude 'stall:clock'
      none

15. smoke: the results tree renders through the real analysis path
      $ python3 -c 'benchmarks.report.summarize_run(/home/youtalk/src/carla-autoware-extension-worktrees/bench-p0/benchmarks/results/A/run-027); render_cell(/home/youtalk/src/carla-autoware-extension-worktrees/bench-p0/benchmarks/results/A)'
      OK (/home/youtalk/src/carla-autoware-extension-worktrees/bench-p0/benchmarks/results/A/run-027/report.md)

run 1/1 complete: /home/youtalk/src/carla-autoware-extension-worktrees/bench-p0/benchmarks/results/A/run-027

duel: pacing 120s floor before A (pair 3) -- inter-run host-idle time is a measurement condition, see the pacing block near the top of this script
duel: pacing done for A (pair 3) -- waited 120s total (floor 120s + top-up 0s), loadavg now 1.49

################ duel pair 3/10 -> A ################
=== A  arm=closed-loop  run 1/1 ===

 1. cell_info: resolve cell + class, check the arm
      cell=A approach=extension map=Town10HD_Opt carla=0.10-fork arms=[static closed-loop]
      topics=/home/youtalk/src/carla-autoware-extension-worktrees/bench-p0/benchmarks/config/observer_topics/A.yaml
      processes=/home/youtalk/src/carla-autoware-extension-worktrees/bench-p0/benchmarks/config/processes/A.yaml
      route=/home/youtalk/src/carla-autoware-extension-worktrees/bench-p0/benchmarks/config/routes/Town10HD_Opt.yaml  tl_groups=/home/youtalk/src/carla-autoware-extension-worktrees/bench-p0/benchmarks/config/tl_groups/Town10HD_Opt.yaml
      autoware_image=ghcr.io/autowarefoundation/autoware:universe-devel
      observer_image=bench-observer:universe-devel

 2. RUN_DIR: next gap-free index under results/A
      /home/youtalk/src/carla-autoware-extension-worktrees/bench-p0/benchmarks/results/A/run-028

 3. preflight: host load, disk, RPC port, stale SHM, engine BuildId
      $ bash /home/youtalk/src/carla-autoware-extension-worktrees/bench-p0/benchmarks/scripts/preflight.sh A --port 2000 --results-dir /home/youtalk/src/carla-autoware-extension-worktrees/bench-p0/benchmarks/results
      cpu_governor=powersave
      nproc=24
      loadavg=1.49
      results_fs=/home
      free_gb=452
      carla_rpc_port=2000
      shm_user_cleared=0
      shm_root_cleared=0
      shm_root_remaining=0
      engine_build_id=bc08ce19-f19c-46fe-808f-dbb2b0ddf41a
      carla_tree=/home/youtalk/src/carla-autoware-integration
      map_bundle_pin=town10_pcd_regen

 4. write_manifest: transport, versions, placement; excluded=false
      $ python3 -m benchmarks.scripts.write_manifest --run-dir /home/youtalk/src/carla-autoware-extension-worktrees/bench-p0/benchmarks/results/A/run-028 --cell A --arm closed-loop --rmw rmw_cyclonedds_cpp --shm off --dds-profile /home/youtalk/src/carla-autoware-extension-worktrees/bench-p0/docker/cyclonedds.xml --carla-version 0.10-fork --autoware-image ghcr.io/autowarefoundation/autoware:universe-devel --placement-json '<json>' --duel --duel-id A+B-cyc
      duel_admissible=true (--duel): this run WILL feed the primary duel's equivalence verdict

 5. cells/extension.sh: boot sim + stack, wait for readiness
      $ bash /home/youtalk/src/carla-autoware-extension-worktrees/bench-p0/benchmarks/cells/extension.sh up
OK: base_link anchor +0.00000000 m (no vehicle shift)
 Container autoware Creating 
 Container autoware Created 
 Container autoware Starting 
 Container autoware Started 
waiting up to 420s for CARLA + ego (log: /home/youtalk/src/carla-autoware-extension-worktrees/bench-p0/benchmarks/results/A/run-028/launch.log)
OK: CARLA up on port 2000 with a spawned ego

 6. observer: bench_observer container recording into the run dir
      $ cp /home/youtalk/src/carla-autoware-extension-worktrees/bench-p0/benchmarks/config/observer_topics/A.yaml /home/youtalk/src/carla-autoware-extension-worktrees/bench-p0/benchmarks/results/A/run-028/observer_topics.yaml
      $ docker run -d --name bench-observer --net=host --ipc=host -v /home/youtalk/src/carla-autoware-extension-worktrees/bench-p0/benchmarks/results/A/run-028:/out -e RMW_IMPLEMENTATION=rmw_cyclonedds_cpp -e CYCLONEDDS_URI=file:///dds-profile.xml -v /home/youtalk/src/carla-autoware-extension-worktrees/bench-p0/docker/cyclonedds.xml:/dds-profile.xml:ro bench-observer:universe-devel bash -lc '<sourced> exec bench_observer ...'

 7. sampler + collect_gt + clock_watchdog (background)
      $ python3 -m benchmarks.sampler.sample_resources --processes /home/youtalk/src/carla-autoware-extension-worktrees/bench-p0/benchmarks/config/processes/A.yaml --out /home/youtalk/src/carla-autoware-extension-worktrees/bench-p0/benchmarks/results/A/run-028/resources.csv --interval 1.0
      $ env PYTHONPATH=/home/youtalk/src/carla-autoware-extension-worktrees/bench-p0 /home/youtalk/carla-venv/bin/python3 -m benchmarks.scripts.collect_gt --host localhost --port 2000 --role-name ego --map Town10HD_Opt --approach extension --out /home/youtalk/src/carla-autoware-extension-worktrees/bench-p0/benchmarks/results/A/run-028/gt.csv --count-lidar
      $ python3 -m benchmarks.scripts.clock_watchdog --clock-csv /home/youtalk/src/carla-autoware-extension-worktrees/bench-p0/benchmarks/results/A/run-028/clock.csv --stall-s 5 --grace-s 30 --marker /home/youtalk/src/carla-autoware-extension-worktrees/bench-p0/benchmarks/results/A/run-028/clock_stall.marker

 8. injector: clear-road objects + all-green signals (docker exec)
      $ docker exec -e ROS_DOMAIN_ID=0 autoware bash -lc '<setup> PYTHONPATH=/work:$PYTHONPATH python3 /work/benchmarks/injector/dummy_perception.py --tl-groups /work/benchmarks/config/tl_groups/Town10HD_Opt.yaml --grid-center 82.654 -37.160 --grid-size 315.157'

 9. arm: localization only (static) or route + engage (closed-loop)
      $ docker exec -e ROS_DOMAIN_ID=0 autoware bash -lc '<setup> python3 /work/benchmarks/injector/arm_and_goal.py --goal 74.869 66.891 2.926174  --timeout 60'
[INFO] [1785824805.831236543] [arm_and_goal]: waiting for /localization/kinematic_state >= 5 Hz over 5 s (timeout 60 s)
[INFO] [1785824807.098732345] [arm_and_goal]: arm observations [localized]: mode=-1 autonomous=False is_autoware_control_enabled=False is_autonomous_mode_available=False control_cmd_hz~0.00 n=0 nonzero_longitudinal=0/0 frac=nan peak_abs_velocity=0.000 ego_displacement_m=0.000 ego_speed_mps=0.000
[INFO] [1785824807.109368463] [arm_and_goal]: arm observations [pre-engage]: mode=-1 autonomous=False is_autoware_control_enabled=False is_autonomous_mode_available=False control_cmd_hz~0.00 n=0 nonzero_longitudinal=0/0 frac=nan peak_abs_velocity=0.000 ego_displacement_m=0.000 ego_speed_mps=0.000
[INFO] [1785824807.111683427] [arm_and_goal]: MRM config: /control/vehicle_cmd_gate use_emergency_handling=false (the perception-off false MRM; same configuration as the proven extension sequence and as every promoted gate number)
[WARN] [1785824807.113163560] [arm_and_goal]: change_to_autonomous: not yet ok (The target mode is not available. Please check the diagnostics.); retrying
[INFO] [1785824809.115054428] [arm_and_goal]: change_to_autonomous: SUCCEEDED -- per-approach observation, record it (R4.3); the proven /autoware/engage publish still runs next
[INFO] [1785824810.119303958] [arm_and_goal]: /autoware/engage: published engage=true x5
[INFO] [1785824813.760641667] [arm_and_goal]: post-engage state: mode_autonomous=True is_autoware_control_enabled=True (R4.3 observation; only mode_autonomous gates ARMED)
[INFO] [1785824813.760888421] [arm_and_goal]: arm observations [post-engage]: mode=2 autonomous=True is_autoware_control_enabled=True is_autonomous_mode_available=False control_cmd_hz~19.67 n=72 nonzero_longitudinal=66/72 frac=0.917 peak_abs_velocity=0.260 ego_displacement_m=0.033 ego_speed_mps=0.116
ARMED: localized, route set to (74.869, 66.891), autonomous engaged
      $ docker exec -e ROS_DOMAIN_ID=0 autoware bash -lc '<setup> timeout 25 ros2 topic echo --once --no-daemon /control/command/control_cmd'
      OK: /control/command/control_cmd is flowing

10. window: sleep 140s (closed-loop arm)
      $ sleep 140

11. teardown: watchdog + GT -> observer (SIGINT, to flush) -> stack -> sim
      $ bash /home/youtalk/src/carla-autoware-extension-worktrees/bench-p0/benchmarks/scripts/teardown.sh /home/youtalk/src/carla-autoware-extension-worktrees/bench-p0/benchmarks/results/A/run-028
teardown: SIGTERM clock watchdog (pid 1267017)
teardown: SIGINT container bench-observer
teardown: SIGTERM gt collector (pid 1267016)
teardown: SIGTERM resource sampler (pid 1267015)
teardown: SIGTERM run_e2e.sh (pid 1263403)
teardown: saved carla-editor.log (editor stdout/stderr from /tmp/carla-e2e.log)
teardown: docker compose down (/home/youtalk/src/carla-autoware-extension-worktrees/bench-p0/docker/compose.yaml)
teardown: done

12. finalize_rtf: fill resources.csv's rtf column from clock.csv
      $ python3 -m benchmarks.sampler.finalize_rtf --resources /home/youtalk/src/carla-autoware-extension-worktrees/bench-p0/benchmarks/results/A/run-028/resources.csv --clock /home/youtalk/src/carla-autoware-extension-worktrees/bench-p0/benchmarks/results/A/run-028/clock.csv

13. M5 gate: write quality.json (pose_error, goal, NDT rate, G1 ladder)
      $ python3 -m benchmarks.scripts.write_quality --run-dir /home/youtalk/src/carla-autoware-extension-worktrees/bench-p0/benchmarks/results/A/run-028
/home/youtalk/src/carla-autoware-extension-worktrees/bench-p0/benchmarks/results/A/run-028/quality.json: gate_pass=True branch=absolute ndt_rate_ratio=1.000 pose_err_max_m=0.239

14. exclusions: clock stall, short unpaced window, silent control gate
      $ if /home/youtalk/src/carla-autoware-extension-worktrees/bench-p0/benchmarks/results/A/run-028/clock_stall.marker exists: write_manifest --exclude 'stall:clock'
      none

15. smoke: the results tree renders through the real analysis path
      $ python3 -c 'benchmarks.report.summarize_run(/home/youtalk/src/carla-autoware-extension-worktrees/bench-p0/benchmarks/results/A/run-028); render_cell(/home/youtalk/src/carla-autoware-extension-worktrees/bench-p0/benchmarks/results/A)'
      OK (/home/youtalk/src/carla-autoware-extension-worktrees/bench-p0/benchmarks/results/A/run-028/report.md)

run 1/1 complete: /home/youtalk/src/carla-autoware-extension-worktrees/bench-p0/benchmarks/results/A/run-028

duel: pacing 120s floor before B-cyc (pair 3) -- inter-run host-idle time is a measurement condition, see the pacing block near the top of this script
duel: pacing done for B-cyc (pair 3) -- waited 120s total (floor 120s + top-up 0s), loadavg now 1.24

################ duel pair 3/10 -> B-cyc ################
=== B-cyc  arm=closed-loop  run 1/1 ===

 1. cell_info: resolve cell + class, check the arm
      cell=B-cyc approach=tier4-native map=Town10HD_Opt carla=0.10-tier4 arms=[static closed-loop]
      transport: -> rmw_fastrtps_cpp, shm off, /home/youtalk/src/carla-autoware-extension-worktrees/bench-p0/benchmarks/observer/config/udp_only.xml (required for the tier4-native family)
      transport: -> rmw_cyclonedds_cpp, shm off, none (registered for cell B-cyc)
      topics=/home/youtalk/src/carla-autoware-extension-worktrees/bench-p0/benchmarks/config/observer_topics/B-cyc.yaml
      processes=/home/youtalk/src/carla-autoware-extension-worktrees/bench-p0/benchmarks/config/processes/B-cyc.yaml
      route=/home/youtalk/src/carla-autoware-extension-worktrees/bench-p0/benchmarks/config/routes/Town10HD_Opt.yaml  tl_groups=/home/youtalk/src/carla-autoware-extension-worktrees/bench-p0/benchmarks/config/tl_groups/Town10HD_Opt.yaml
      autoware_image=ghcr.io/autowarefoundation/autoware@sha256:5c22369a312f1cd8a03fb65b30c1ab542919c2c7a2cbd18e799956daef3ae8ee
      observer_image=bench-observer:universe-devel

 2. RUN_DIR: next gap-free index under results/B-cyc
      /home/youtalk/src/carla-autoware-extension-worktrees/bench-p0/benchmarks/results/B-cyc/run-014

 3. preflight: host load, disk, RPC port, stale SHM, engine BuildId
      $ bash /home/youtalk/src/carla-autoware-extension-worktrees/bench-p0/benchmarks/scripts/preflight.sh B-cyc --port 2000 --results-dir /home/youtalk/src/carla-autoware-extension-worktrees/bench-p0/benchmarks/results
OK: tier4 plugin artifacts are newer than every source under /home/youtalk/src/carla-autoware-native/LibCarla/source /home/youtalk/src/carla-autoware-native/Unreal/CarlaUnreal/Plugins/Carla/Source /home/youtalk/src/carla-autoware-native/LibCarla/CMakeLists.txt /home/youtalk/src/carla-autoware-native/CMake
OK: tier4 tree identity recorded
      cpu_governor=powersave
      nproc=24
      loadavg=1.24
      results_fs=/home
      free_gb=452
      carla_rpc_port=2000
      shm_user_cleared=0
      shm_root_cleared=0
      shm_root_remaining=0
      engine_build_id=bc08ce19-f19c-46fe-808f-dbb2b0ddf41a
      carla_tree=/home/youtalk/src/carla-autoware-native
      map_bundle_pin=town10_pcd_regen
      tier4_git_sha=6315b856f8faf2118578322eb20a2b902a45a384
      tier4_worktree=registered-patches
      tier4_worktree_paths_sha256=880c2127133214ea5fee1dff1efbf1b8b5c2e9a3a3a9de10156bc299026eafc6
      tier4_worktree_content_sha256=23038d8c20a6a0691f941bd9f0be427819a8151c81088c30cf67222764ed3e49
      tier4_plugin_sha256=26f95decb0b18dda86f73f6c1ebd2445a287d8dedde3f1cb1544bfffbd093c4e
      tier4_ros2_native_sha256=4485f7b6b74404729a605107a6b2c851286cd942c89db416e811677fc62f3149
      tier4_source_sha256=eb8aa9af8d91b65a587409771db0c08a47f3584076a06e18cd665d13db71f5e5
      tier4_plugin_mtime=1785782939
      tier4_ros2_native_mtime=1785786075
      tier4_newest_source_mtime=1785196190
      tier4_stale_ack=none
      tier4_stale_ack_reason=-
      tier4_stale_ack_source_sha256=-
      tier4_stale_ack_artifacts=-

 4. write_manifest: transport, versions, placement; excluded=false
      $ python3 -m benchmarks.scripts.write_manifest --run-dir /home/youtalk/src/carla-autoware-extension-worktrees/bench-p0/benchmarks/results/B-cyc/run-014 --cell B-cyc --arm closed-loop --rmw rmw_cyclonedds_cpp --shm off --dds-profile none --carla-version 0.10-tier4 --autoware-image ghcr.io/autowarefoundation/autoware@sha256:5c22369a312f1cd8a03fb65b30c1ab542919c2c7a2cbd18e799956daef3ae8ee --placement-json '<json>' --duel --duel-id A+B-cyc
      duel_admissible=true (--duel): this run WILL feed the primary duel's equivalence verdict

 5. cells/tier4-native.sh: boot sim + stack, wait for readiness
      $ bash /home/youtalk/src/carla-autoware-extension-worktrees/bench-p0/benchmarks/cells/tier4-native.sh up
OK: tier4 plugin artifacts are newer than every source under /home/youtalk/src/carla-autoware-native/LibCarla/source /home/youtalk/src/carla-autoware-native/Unreal/CarlaUnreal/Plugins/Carla/Source /home/youtalk/src/carla-autoware-native/LibCarla/CMakeLists.txt /home/youtalk/src/carla-autoware-native/CMake
OK: tier4 tree identity recorded
waiting up to 420s for CARLA RPC on 2000 (log: /home/youtalk/src/carla-autoware-extension-worktrees/bench-p0/benchmarks/results/B-cyc/run-014/launch.log)
OK: tier4 CARLA up on port 2000
starting the tier4 Autoware stack via /home/youtalk/src/carla-autoware-extension-worktrees/bench-p0/benchmarks/cells/tier4_autoware.sh
OK: base_link anchor -1.39706787 m matches /home/youtalk/src/carla-autoware-native/PythonAPI/examples/autoware_demo.py
starting the tier4 demo (ego + sensors + 20 Hz sync tick)
waiting up to 180s for CARLA + the tier4 ego
OK: tier4 ego + sensor rig up, world ticking at 20 Hz
OK: bringing Autoware up (map Town10HD_Opt, bundle /autoware_map/town10-regen) -- log /tmp/tier4-autoware.log
waiting up to 120s for /sensing/lidar/top/pointcloud_raw_ex to be readable in the container
OK: the fork's LiDAR is readable inside the stack (Task 9 rung 1 holds)
OK: concat relay /sensing/lidar/top/pointcloud_before_sync -> /sensing/lidar/concatenated/pointcloud
seeding localization at the ego's ground-truth map pose: 53.917 -141.136 -0.002 -0.004497
[INFO] [1785825152.751138108] [seed_localization]: seeding /localization/initialize at (53.917, -141.136, -0.002) yaw=-0.26 deg (timeout 90 s)
SEEDED: NDT locked within 1.0 m of (53.917, -141.136)
OK: NDT locked on the seeded pose
waiting up to 300s for /localization/kinematic_state
closed-loop arm: re-publishing /map/vector_map (ADVISORY -- never aborts)
{"advisory": true, "attempts": [{"attempt": 1, "monitor": {"topic_state_monitor_vector_map: map_topic_status": {"last_message_time": "15.26 [s]", "level": 0, "status": "OK"}}, "relog_after": {"lanelet2_map_visualization]: Map is loaded": 1, "vector_map_tf_generator]: broadcast static tf": 1}, "relog_before": {"lanelet2_map_visualization]: Map is loaded": 1, "vector_map_tf_generator]: broadcast static tf": 1}, "verified": true, "verified_relog": false, "verify_wait_s": 0.008}], "capture_wait_s": 6.015, "captured": true, "data_bytes": 1305281, "exit_code": 0, "matching_settled": true, "monitor_final": {"topic_state_monitor_vector_map: map_topic_status": {"last_message_time": "15.26 [s]", "level": 0, "status": "OK"}}, "pre_republish_delivered": true, "pre_republish_monitor": {"topic_state_monitor_vector_map: map_topic_status": {"last_message_time": "15.26 [s]", "level": 0, "status": "OK"}}, "process_exit_code": 0, "relog_final": {"lanelet2_map_visualization]: Map is loaded": 1, "vector_map_tf_generator]: broadcast static tf": 1}, "subscriber_count": 17, "topic": "/map/vector_map", "verdict_code": 0, "verified": true, "verified_relog": false}
OK: the /map/vector_map re-publish step RAN AND RECORDED A VERDICT -- which is NOT the same as the map being verified. Under --advisory the node exits 0 for every verdict it can reach, so read verdict_code in /home/youtalk/src/carla-autoware-extension-worktrees/bench-p0/benchmarks/results/B-cyc/run-014/vector-map-delivery.json: 0 verified (and the verified / verified_relog keys name which oracle saw it), exit 3 the capture never happened, 4 the publisher matching never settled, 5 the verification never went OK. Only 0 means the map was observed to arrive.
OK: tier4 Autoware stack up on Town10HD_Opt and localizing
OK: tier4 Autoware stack reported ready

 6. observer: bench_observer container recording into the run dir
      $ cp /home/youtalk/src/carla-autoware-extension-worktrees/bench-p0/benchmarks/config/observer_topics/B-cyc.yaml /home/youtalk/src/carla-autoware-extension-worktrees/bench-p0/benchmarks/results/B-cyc/run-014/observer_topics.yaml
      $ docker run -d --name bench-observer --net=host --ipc=host -v /home/youtalk/src/carla-autoware-extension-worktrees/bench-p0/benchmarks/results/B-cyc/run-014:/out -e RMW_IMPLEMENTATION=rmw_cyclonedds_cpp  bench-observer:universe-devel bash -lc '<sourced> exec bench_observer ...'

 7. sampler + collect_gt + clock_watchdog (background)
      $ python3 -m benchmarks.sampler.sample_resources --processes /home/youtalk/src/carla-autoware-extension-worktrees/bench-p0/benchmarks/config/processes/B-cyc.yaml --out /home/youtalk/src/carla-autoware-extension-worktrees/bench-p0/benchmarks/results/B-cyc/run-014/resources.csv --interval 1.0
      $ env PYTHONPATH=/home/youtalk/src/carla-autoware-extension-worktrees/bench-p0 /home/youtalk/carla-tier4-venv/bin/python3 -m benchmarks.scripts.collect_gt --host localhost --port 2000 --role-name ego --map Town10HD_Opt --approach tier4-native --out /home/youtalk/src/carla-autoware-extension-worktrees/bench-p0/benchmarks/results/B-cyc/run-014/gt.csv --count-lidar
      $ python3 -m benchmarks.scripts.clock_watchdog --clock-csv /home/youtalk/src/carla-autoware-extension-worktrees/bench-p0/benchmarks/results/B-cyc/run-014/clock.csv --stall-s 5 --grace-s 30 --marker /home/youtalk/src/carla-autoware-extension-worktrees/bench-p0/benchmarks/results/B-cyc/run-014/clock_stall.marker

 8. injector: clear-road objects + all-green signals (docker exec)
      $ docker exec -e ROS_DOMAIN_ID=0 autoware bash -lc '<setup> PYTHONPATH=/work:$PYTHONPATH python3 /work/benchmarks/injector/dummy_perception.py --tl-groups /work/benchmarks/config/tl_groups/Town10HD_Opt.yaml --grid-center 82.654 -37.160 --grid-size 315.157'

 9. arm: localization only (static) or route + engage (closed-loop)
      $ docker exec -e ROS_DOMAIN_ID=0 autoware bash -lc '<setup> python3 /work/benchmarks/injector/arm_and_goal.py --goal 74.869 66.891 2.926174  --timeout 60'
[INFO] [1785825173.934588428] [arm_and_goal]: waiting for /localization/kinematic_state >= 5 Hz over 5 s (timeout 60 s)
[INFO] [1785825175.167600258] [arm_and_goal]: arm observations [localized]: mode=1 autonomous=False is_autoware_control_enabled=True is_autonomous_mode_available=False control_cmd_hz~1.00 n=3 nonzero_longitudinal=0/3 frac=0.000 peak_abs_velocity=0.000 ego_displacement_m=0.006 ego_speed_mps=0.000
[INFO] [1785825175.179104473] [arm_and_goal]: arm observations [pre-engage]: mode=1 autonomous=False is_autoware_control_enabled=True is_autonomous_mode_available=False control_cmd_hz~1.00 n=3 nonzero_longitudinal=0/3 frac=0.000 peak_abs_velocity=0.000 ego_displacement_m=0.006 ego_speed_mps=0.000
[INFO] [1785825175.181047157] [arm_and_goal]: MRM config: /control/vehicle_cmd_gate use_emergency_handling=false (the perception-off false MRM; same configuration as the proven extension sequence and as every promoted gate number)
[WARN] [1785825175.182237479] [arm_and_goal]: change_to_autonomous: not yet ok (The target mode is not available. Please check the diagnostics.); retrying
[INFO] [1785825177.184431112] [arm_and_goal]: change_to_autonomous: SUCCEEDED -- per-approach observation, record it (R4.3); the proven /autoware/engage publish still runs next
[INFO] [1785825178.187472843] [arm_and_goal]: /autoware/engage: published engage=true x5
[INFO] [1785825178.918001592] [arm_and_goal]: post-engage state: mode_autonomous=True is_autoware_control_enabled=True (R4.3 observation; only mode_autonomous gates ARMED)
[INFO] [1785825178.918184610] [arm_and_goal]: arm observations [post-engage]: mode=2 autonomous=True is_autoware_control_enabled=True is_autonomous_mode_available=False control_cmd_hz~5.00 n=15 nonzero_longitudinal=11/15 frac=0.733 peak_abs_velocity=0.271 ego_displacement_m=0.033 ego_speed_mps=0.153
ARMED: localized, route set to (74.869, 66.891), autonomous engaged
      $ docker exec -e ROS_DOMAIN_ID=0 autoware bash -lc '<setup> timeout 25 ros2 topic echo --once --no-daemon /control/command/control_cmd'
      OK: /control/command/control_cmd is flowing

10. window: sleep 140s (closed-loop arm)
      $ sleep 140

11. teardown: watchdog + GT -> observer (SIGINT, to flush) -> stack -> sim
      $ bash /home/youtalk/src/carla-autoware-extension-worktrees/bench-p0/benchmarks/scripts/teardown.sh /home/youtalk/src/carla-autoware-extension-worktrees/bench-p0/benchmarks/results/B-cyc/run-014
teardown: SIGTERM clock watchdog (pid 1279523)
teardown: SIGINT container bench-observer
teardown: SIGTERM gt collector (pid 1279522)
teardown: SIGTERM resource sampler (pid 1279521)
stop: pid 440 (/tmp/tier4-concat-relay.pid) + 1 descendant(s)
stop: 2 of pid 440's tree still up; SIGINT
stop: pid 440 tree gone
stop: pid 121 (/tmp/tier4-autoware.pid) + 52 descendant(s)
stop: 53 of pid 121's tree still up; SIGINT
stop: pid 121 tree gone
autoware launch + concat relay stopped (2 pid file(s) checked, 55 process(es) in the recorded trees, 0 survivor(s); container now: 3 running, 3 defunct)
teardown: SIGTERM tier4 autoware_demo.py (pid 1276661)
teardown: SIGTERM carla (pid 1275984)
teardown: saved tier4-autoware.log
teardown: saved tier4-concat-relay.log
teardown: done

12. finalize_rtf: fill resources.csv's rtf column from clock.csv
      $ python3 -m benchmarks.sampler.finalize_rtf --resources /home/youtalk/src/carla-autoware-extension-worktrees/bench-p0/benchmarks/results/B-cyc/run-014/resources.csv --clock /home/youtalk/src/carla-autoware-extension-worktrees/bench-p0/benchmarks/results/B-cyc/run-014/clock.csv

13. M5 gate: write quality.json (pose_error, goal, NDT rate, G1 ladder)
      $ python3 -m benchmarks.scripts.write_quality --run-dir /home/youtalk/src/carla-autoware-extension-worktrees/bench-p0/benchmarks/results/B-cyc/run-014
/home/youtalk/src/carla-autoware-extension-worktrees/bench-p0/benchmarks/results/B-cyc/run-014/quality.json: gate_pass=True branch=absolute ndt_rate_ratio=1.000 pose_err_max_m=0.145

14. exclusions: clock stall, short unpaced window, silent control gate
      $ if /home/youtalk/src/carla-autoware-extension-worktrees/bench-p0/benchmarks/results/B-cyc/run-014/clock_stall.marker exists: write_manifest --exclude 'stall:clock'
      none

15. smoke: the results tree renders through the real analysis path
      $ python3 -c 'benchmarks.report.summarize_run(/home/youtalk/src/carla-autoware-extension-worktrees/bench-p0/benchmarks/results/B-cyc/run-014); render_cell(/home/youtalk/src/carla-autoware-extension-worktrees/bench-p0/benchmarks/results/B-cyc)'
      OK (/home/youtalk/src/carla-autoware-extension-worktrees/bench-p0/benchmarks/results/B-cyc/run-014/report.md)

run 1/1 complete: /home/youtalk/src/carla-autoware-extension-worktrees/bench-p0/benchmarks/results/B-cyc/run-014

duel: pacing 120s floor before B-cyc (pair 4) -- inter-run host-idle time is a measurement condition, see the pacing block near the top of this script
duel: pacing done for B-cyc (pair 4) -- waited 120s total (floor 120s + top-up 0s), loadavg now 0.55

################ duel pair 4/10 -> B-cyc ################
=== B-cyc  arm=closed-loop  run 1/1 ===

 1. cell_info: resolve cell + class, check the arm
      cell=B-cyc approach=tier4-native map=Town10HD_Opt carla=0.10-tier4 arms=[static closed-loop]
      transport: -> rmw_fastrtps_cpp, shm off, /home/youtalk/src/carla-autoware-extension-worktrees/bench-p0/benchmarks/observer/config/udp_only.xml (required for the tier4-native family)
      transport: -> rmw_cyclonedds_cpp, shm off, none (registered for cell B-cyc)
      topics=/home/youtalk/src/carla-autoware-extension-worktrees/bench-p0/benchmarks/config/observer_topics/B-cyc.yaml
      processes=/home/youtalk/src/carla-autoware-extension-worktrees/bench-p0/benchmarks/config/processes/B-cyc.yaml
      route=/home/youtalk/src/carla-autoware-extension-worktrees/bench-p0/benchmarks/config/routes/Town10HD_Opt.yaml  tl_groups=/home/youtalk/src/carla-autoware-extension-worktrees/bench-p0/benchmarks/config/tl_groups/Town10HD_Opt.yaml
      autoware_image=ghcr.io/autowarefoundation/autoware@sha256:5c22369a312f1cd8a03fb65b30c1ab542919c2c7a2cbd18e799956daef3ae8ee
      observer_image=bench-observer:universe-devel

 2. RUN_DIR: next gap-free index under results/B-cyc
      /home/youtalk/src/carla-autoware-extension-worktrees/bench-p0/benchmarks/results/B-cyc/run-015

 3. preflight: host load, disk, RPC port, stale SHM, engine BuildId
      $ bash /home/youtalk/src/carla-autoware-extension-worktrees/bench-p0/benchmarks/scripts/preflight.sh B-cyc --port 2000 --results-dir /home/youtalk/src/carla-autoware-extension-worktrees/bench-p0/benchmarks/results
OK: tier4 plugin artifacts are newer than every source under /home/youtalk/src/carla-autoware-native/LibCarla/source /home/youtalk/src/carla-autoware-native/Unreal/CarlaUnreal/Plugins/Carla/Source /home/youtalk/src/carla-autoware-native/LibCarla/CMakeLists.txt /home/youtalk/src/carla-autoware-native/CMake
OK: tier4 tree identity recorded
      cpu_governor=powersave
      nproc=24
      loadavg=0.55
      results_fs=/home
      free_gb=452
      carla_rpc_port=2000
      shm_user_cleared=84
      shm_root_cleared=0
      shm_root_remaining=0
      engine_build_id=bc08ce19-f19c-46fe-808f-dbb2b0ddf41a
      carla_tree=/home/youtalk/src/carla-autoware-native
      map_bundle_pin=town10_pcd_regen
      tier4_git_sha=6315b856f8faf2118578322eb20a2b902a45a384
      tier4_worktree=registered-patches
      tier4_worktree_paths_sha256=880c2127133214ea5fee1dff1efbf1b8b5c2e9a3a3a9de10156bc299026eafc6
      tier4_worktree_content_sha256=23038d8c20a6a0691f941bd9f0be427819a8151c81088c30cf67222764ed3e49
      tier4_plugin_sha256=26f95decb0b18dda86f73f6c1ebd2445a287d8dedde3f1cb1544bfffbd093c4e
      tier4_ros2_native_sha256=4485f7b6b74404729a605107a6b2c851286cd942c89db416e811677fc62f3149
      tier4_source_sha256=eb8aa9af8d91b65a587409771db0c08a47f3584076a06e18cd665d13db71f5e5
      tier4_plugin_mtime=1785782939
      tier4_ros2_native_mtime=1785786075
      tier4_newest_source_mtime=1785196190
      tier4_stale_ack=none
      tier4_stale_ack_reason=-
      tier4_stale_ack_source_sha256=-
      tier4_stale_ack_artifacts=-

 4. write_manifest: transport, versions, placement; excluded=false
      $ python3 -m benchmarks.scripts.write_manifest --run-dir /home/youtalk/src/carla-autoware-extension-worktrees/bench-p0/benchmarks/results/B-cyc/run-015 --cell B-cyc --arm closed-loop --rmw rmw_cyclonedds_cpp --shm off --dds-profile none --carla-version 0.10-tier4 --autoware-image ghcr.io/autowarefoundation/autoware@sha256:5c22369a312f1cd8a03fb65b30c1ab542919c2c7a2cbd18e799956daef3ae8ee --placement-json '<json>' --duel --duel-id A+B-cyc
      duel_admissible=true (--duel): this run WILL feed the primary duel's equivalence verdict

 5. cells/tier4-native.sh: boot sim + stack, wait for readiness
      $ bash /home/youtalk/src/carla-autoware-extension-worktrees/bench-p0/benchmarks/cells/tier4-native.sh up
OK: tier4 plugin artifacts are newer than every source under /home/youtalk/src/carla-autoware-native/LibCarla/source /home/youtalk/src/carla-autoware-native/Unreal/CarlaUnreal/Plugins/Carla/Source /home/youtalk/src/carla-autoware-native/LibCarla/CMakeLists.txt /home/youtalk/src/carla-autoware-native/CMake
OK: tier4 tree identity recorded
waiting up to 420s for CARLA RPC on 2000 (log: /home/youtalk/src/carla-autoware-extension-worktrees/bench-p0/benchmarks/results/B-cyc/run-015/launch.log)
OK: tier4 CARLA up on port 2000
starting the tier4 Autoware stack via /home/youtalk/src/carla-autoware-extension-worktrees/bench-p0/benchmarks/cells/tier4_autoware.sh
OK: base_link anchor -1.39706787 m matches /home/youtalk/src/carla-autoware-native/PythonAPI/examples/autoware_demo.py
starting the tier4 demo (ego + sensors + 20 Hz sync tick)
waiting up to 180s for CARLA + the tier4 ego
OK: tier4 ego + sensor rig up, world ticking at 20 Hz
OK: bringing Autoware up (map Town10HD_Opt, bundle /autoware_map/town10-regen) -- log /tmp/tier4-autoware.log
waiting up to 120s for /sensing/lidar/top/pointcloud_raw_ex to be readable in the container
OK: the fork's LiDAR is readable inside the stack (Task 9 rung 1 holds)
OK: concat relay /sensing/lidar/top/pointcloud_before_sync -> /sensing/lidar/concatenated/pointcloud
seeding localization at the ego's ground-truth map pose: 53.917 -141.136 -0.002 -0.004518
[INFO] [1785825508.657889600] [seed_localization]: seeding /localization/initialize at (53.917, -141.136, -0.002) yaw=-0.26 deg (timeout 90 s)
SEEDED: NDT locked within 1.0 m of (53.917, -141.136)
OK: NDT locked on the seeded pose
waiting up to 300s for /localization/kinematic_state
closed-loop arm: re-publishing /map/vector_map (ADVISORY -- never aborts)
{"advisory": true, "attempts": [{"attempt": 1, "monitor": {"topic_state_monitor_vector_map: map_topic_status": {"last_message_time": "15.66 [s]", "level": 0, "status": "OK"}}, "relog_after": {"lanelet2_map_visualization]: Map is loaded": 2, "vector_map_tf_generator]: broadcast static tf": 1}, "relog_before": {"lanelet2_map_visualization]: Map is loaded": 2, "vector_map_tf_generator]: broadcast static tf": 1}, "verified": true, "verified_relog": false, "verify_wait_s": 0.006}], "capture_wait_s": 6.019, "captured": true, "data_bytes": 1305281, "exit_code": 0, "matching_settled": true, "monitor_final": {"topic_state_monitor_vector_map: map_topic_status": {"last_message_time": "15.66 [s]", "level": 0, "status": "OK"}}, "pre_republish_delivered": true, "pre_republish_monitor": {"topic_state_monitor_vector_map: map_topic_status": {"last_message_time": "15.66 [s]", "level": 0, "status": "OK"}}, "process_exit_code": 0, "relog_final": {"lanelet2_map_visualization]: Map is loaded": 2, "vector_map_tf_generator]: broadcast static tf": 1}, "subscriber_count": 17, "topic": "/map/vector_map", "verdict_code": 0, "verified": true, "verified_relog": false}
OK: the /map/vector_map re-publish step RAN AND RECORDED A VERDICT -- which is NOT the same as the map being verified. Under --advisory the node exits 0 for every verdict it can reach, so read verdict_code in /home/youtalk/src/carla-autoware-extension-worktrees/bench-p0/benchmarks/results/B-cyc/run-015/vector-map-delivery.json: 0 verified (and the verified / verified_relog keys name which oracle saw it), exit 3 the capture never happened, 4 the publisher matching never settled, 5 the verification never went OK. Only 0 means the map was observed to arrive.
OK: tier4 Autoware stack up on Town10HD_Opt and localizing
OK: tier4 Autoware stack reported ready

 6. observer: bench_observer container recording into the run dir
      $ cp /home/youtalk/src/carla-autoware-extension-worktrees/bench-p0/benchmarks/config/observer_topics/B-cyc.yaml /home/youtalk/src/carla-autoware-extension-worktrees/bench-p0/benchmarks/results/B-cyc/run-015/observer_topics.yaml
      $ docker run -d --name bench-observer --net=host --ipc=host -v /home/youtalk/src/carla-autoware-extension-worktrees/bench-p0/benchmarks/results/B-cyc/run-015:/out -e RMW_IMPLEMENTATION=rmw_cyclonedds_cpp  bench-observer:universe-devel bash -lc '<sourced> exec bench_observer ...'

 7. sampler + collect_gt + clock_watchdog (background)
      $ python3 -m benchmarks.sampler.sample_resources --processes /home/youtalk/src/carla-autoware-extension-worktrees/bench-p0/benchmarks/config/processes/B-cyc.yaml --out /home/youtalk/src/carla-autoware-extension-worktrees/bench-p0/benchmarks/results/B-cyc/run-015/resources.csv --interval 1.0
      $ env PYTHONPATH=/home/youtalk/src/carla-autoware-extension-worktrees/bench-p0 /home/youtalk/carla-tier4-venv/bin/python3 -m benchmarks.scripts.collect_gt --host localhost --port 2000 --role-name ego --map Town10HD_Opt --approach tier4-native --out /home/youtalk/src/carla-autoware-extension-worktrees/bench-p0/benchmarks/results/B-cyc/run-015/gt.csv --count-lidar
      $ python3 -m benchmarks.scripts.clock_watchdog --clock-csv /home/youtalk/src/carla-autoware-extension-worktrees/bench-p0/benchmarks/results/B-cyc/run-015/clock.csv --stall-s 5 --grace-s 30 --marker /home/youtalk/src/carla-autoware-extension-worktrees/bench-p0/benchmarks/results/B-cyc/run-015/clock_stall.marker

 8. injector: clear-road objects + all-green signals (docker exec)
      $ docker exec -e ROS_DOMAIN_ID=0 autoware bash -lc '<setup> PYTHONPATH=/work:$PYTHONPATH python3 /work/benchmarks/injector/dummy_perception.py --tl-groups /work/benchmarks/config/tl_groups/Town10HD_Opt.yaml --grid-center 82.654 -37.160 --grid-size 315.157'

 9. arm: localization only (static) or route + engage (closed-loop)
      $ docker exec -e ROS_DOMAIN_ID=0 autoware bash -lc '<setup> python3 /work/benchmarks/injector/arm_and_goal.py --goal 74.869 66.891 2.926174  --timeout 60'
[INFO] [1785825530.496550220] [arm_and_goal]: waiting for /localization/kinematic_state >= 5 Hz over 5 s (timeout 60 s)
[INFO] [1785825531.723918080] [arm_and_goal]: arm observations [localized]: mode=1 autonomous=False is_autoware_control_enabled=True is_autonomous_mode_available=False control_cmd_hz~1.33 n=4 nonzero_longitudinal=0/4 frac=0.000 peak_abs_velocity=0.000 ego_displacement_m=0.006 ego_speed_mps=0.000
[INFO] [1785825531.732083876] [arm_and_goal]: arm observations [pre-engage]: mode=1 autonomous=False is_autoware_control_enabled=True is_autonomous_mode_available=False control_cmd_hz~1.33 n=4 nonzero_longitudinal=0/4 frac=0.000 peak_abs_velocity=0.000 ego_displacement_m=0.006 ego_speed_mps=0.000
[INFO] [1785825531.734056468] [arm_and_goal]: MRM config: /control/vehicle_cmd_gate use_emergency_handling=false (the perception-off false MRM; same configuration as the proven extension sequence and as every promoted gate number)
[WARN] [1785825531.745468978] [arm_and_goal]: change_to_autonomous: not yet ok (The target mode is not available. Please check the diagnostics.); retrying
[INFO] [1785825533.747326337] [arm_and_goal]: change_to_autonomous: SUCCEEDED -- per-approach observation, record it (R4.3); the proven /autoware/engage publish still runs next
[INFO] [1785825534.750998027] [arm_and_goal]: /autoware/engage: published engage=true x5
[INFO] [1785825535.473812108] [arm_and_goal]: post-engage state: mode_autonomous=True is_autoware_control_enabled=True (R4.3 observation; only mode_autonomous gates ARMED)
[INFO] [1785825535.474004473] [arm_and_goal]: arm observations [post-engage]: mode=2 autonomous=True is_autoware_control_enabled=True is_autonomous_mode_available=False control_cmd_hz~5.00 n=15 nonzero_longitudinal=11/15 frac=0.733 peak_abs_velocity=0.268 ego_displacement_m=0.025 ego_speed_mps=0.132
ARMED: localized, route set to (74.869, 66.891), autonomous engaged
      $ docker exec -e ROS_DOMAIN_ID=0 autoware bash -lc '<setup> timeout 25 ros2 topic echo --once --no-daemon /control/command/control_cmd'
      OK: /control/command/control_cmd is flowing

10. window: sleep 140s (closed-loop arm)
      $ sleep 140

11. teardown: watchdog + GT -> observer (SIGINT, to flush) -> stack -> sim
      $ bash /home/youtalk/src/carla-autoware-extension-worktrees/bench-p0/benchmarks/scripts/teardown.sh /home/youtalk/src/carla-autoware-extension-worktrees/bench-p0/benchmarks/results/B-cyc/run-015
teardown: SIGTERM clock watchdog (pid 1291593)
teardown: SIGINT container bench-observer
teardown: SIGTERM gt collector (pid 1291592)
teardown: SIGTERM resource sampler (pid 1291591)
stop: pid 439 (/tmp/tier4-concat-relay.pid) + 1 descendant(s)
stop: 2 of pid 439's tree still up; SIGINT
stop: pid 439 tree gone
stop: pid 119 (/tmp/tier4-autoware.pid) + 51 descendant(s)
stop: 52 of pid 119's tree still up; SIGINT
stop: pid 119 tree gone
autoware launch + concat relay stopped (2 pid file(s) checked, 54 process(es) in the recorded trees, 0 survivor(s); container now: 3 running, 3 defunct)
teardown: SIGTERM tier4 autoware_demo.py (pid 1288733)
teardown: SIGTERM carla (pid 1288077)
teardown: saved tier4-autoware.log
teardown: saved tier4-concat-relay.log
teardown: done

12. finalize_rtf: fill resources.csv's rtf column from clock.csv
      $ python3 -m benchmarks.sampler.finalize_rtf --resources /home/youtalk/src/carla-autoware-extension-worktrees/bench-p0/benchmarks/results/B-cyc/run-015/resources.csv --clock /home/youtalk/src/carla-autoware-extension-worktrees/bench-p0/benchmarks/results/B-cyc/run-015/clock.csv

13. M5 gate: write quality.json (pose_error, goal, NDT rate, G1 ladder)
      $ python3 -m benchmarks.scripts.write_quality --run-dir /home/youtalk/src/carla-autoware-extension-worktrees/bench-p0/benchmarks/results/B-cyc/run-015
/home/youtalk/src/carla-autoware-extension-worktrees/bench-p0/benchmarks/results/B-cyc/run-015/quality.json: gate_pass=True branch=absolute ndt_rate_ratio=1.000 pose_err_max_m=0.154

14. exclusions: clock stall, short unpaced window, silent control gate
      $ if /home/youtalk/src/carla-autoware-extension-worktrees/bench-p0/benchmarks/results/B-cyc/run-015/clock_stall.marker exists: write_manifest --exclude 'stall:clock'
      none

15. smoke: the results tree renders through the real analysis path
      $ python3 -c 'benchmarks.report.summarize_run(/home/youtalk/src/carla-autoware-extension-worktrees/bench-p0/benchmarks/results/B-cyc/run-015); render_cell(/home/youtalk/src/carla-autoware-extension-worktrees/bench-p0/benchmarks/results/B-cyc)'
      OK (/home/youtalk/src/carla-autoware-extension-worktrees/bench-p0/benchmarks/results/B-cyc/run-015/report.md)

run 1/1 complete: /home/youtalk/src/carla-autoware-extension-worktrees/bench-p0/benchmarks/results/B-cyc/run-015

duel: pacing 120s floor before A (pair 4) -- inter-run host-idle time is a measurement condition, see the pacing block near the top of this script
duel: pacing done for A (pair 4) -- waited 120s total (floor 120s + top-up 0s), loadavg now 1.10

################ duel pair 4/10 -> A ################
=== A  arm=closed-loop  run 1/1 ===

 1. cell_info: resolve cell + class, check the arm
      cell=A approach=extension map=Town10HD_Opt carla=0.10-fork arms=[static closed-loop]
      topics=/home/youtalk/src/carla-autoware-extension-worktrees/bench-p0/benchmarks/config/observer_topics/A.yaml
      processes=/home/youtalk/src/carla-autoware-extension-worktrees/bench-p0/benchmarks/config/processes/A.yaml
      route=/home/youtalk/src/carla-autoware-extension-worktrees/bench-p0/benchmarks/config/routes/Town10HD_Opt.yaml  tl_groups=/home/youtalk/src/carla-autoware-extension-worktrees/bench-p0/benchmarks/config/tl_groups/Town10HD_Opt.yaml
      autoware_image=ghcr.io/autowarefoundation/autoware:universe-devel
      observer_image=bench-observer:universe-devel

 2. RUN_DIR: next gap-free index under results/A
      /home/youtalk/src/carla-autoware-extension-worktrees/bench-p0/benchmarks/results/A/run-029

 3. preflight: host load, disk, RPC port, stale SHM, engine BuildId
      $ bash /home/youtalk/src/carla-autoware-extension-worktrees/bench-p0/benchmarks/scripts/preflight.sh A --port 2000 --results-dir /home/youtalk/src/carla-autoware-extension-worktrees/bench-p0/benchmarks/results
      cpu_governor=powersave
      nproc=24
      loadavg=1.10
      results_fs=/home
      free_gb=452
      carla_rpc_port=2000
      shm_user_cleared=84
      shm_root_cleared=0
      shm_root_remaining=0
      engine_build_id=bc08ce19-f19c-46fe-808f-dbb2b0ddf41a
      carla_tree=/home/youtalk/src/carla-autoware-integration
      map_bundle_pin=town10_pcd_regen

 4. write_manifest: transport, versions, placement; excluded=false
      $ python3 -m benchmarks.scripts.write_manifest --run-dir /home/youtalk/src/carla-autoware-extension-worktrees/bench-p0/benchmarks/results/A/run-029 --cell A --arm closed-loop --rmw rmw_cyclonedds_cpp --shm off --dds-profile /home/youtalk/src/carla-autoware-extension-worktrees/bench-p0/docker/cyclonedds.xml --carla-version 0.10-fork --autoware-image ghcr.io/autowarefoundation/autoware:universe-devel --placement-json '<json>' --duel --duel-id A+B-cyc
      duel_admissible=true (--duel): this run WILL feed the primary duel's equivalence verdict

 5. cells/extension.sh: boot sim + stack, wait for readiness
      $ bash /home/youtalk/src/carla-autoware-extension-worktrees/bench-p0/benchmarks/cells/extension.sh up
OK: base_link anchor +0.00000000 m (no vehicle shift)
 Container autoware Creating 
 Container autoware Created 
 Container autoware Starting 
 Container autoware Started 
waiting up to 420s for CARLA + ego (log: /home/youtalk/src/carla-autoware-extension-worktrees/bench-p0/benchmarks/results/A/run-029/launch.log)
OK: CARLA up on port 2000 with a spawned ego

 6. observer: bench_observer container recording into the run dir
      $ cp /home/youtalk/src/carla-autoware-extension-worktrees/bench-p0/benchmarks/config/observer_topics/A.yaml /home/youtalk/src/carla-autoware-extension-worktrees/bench-p0/benchmarks/results/A/run-029/observer_topics.yaml
      $ docker run -d --name bench-observer --net=host --ipc=host -v /home/youtalk/src/carla-autoware-extension-worktrees/bench-p0/benchmarks/results/A/run-029:/out -e RMW_IMPLEMENTATION=rmw_cyclonedds_cpp -e CYCLONEDDS_URI=file:///dds-profile.xml -v /home/youtalk/src/carla-autoware-extension-worktrees/bench-p0/docker/cyclonedds.xml:/dds-profile.xml:ro bench-observer:universe-devel bash -lc '<sourced> exec bench_observer ...'

 7. sampler + collect_gt + clock_watchdog (background)
      $ python3 -m benchmarks.sampler.sample_resources --processes /home/youtalk/src/carla-autoware-extension-worktrees/bench-p0/benchmarks/config/processes/A.yaml --out /home/youtalk/src/carla-autoware-extension-worktrees/bench-p0/benchmarks/results/A/run-029/resources.csv --interval 1.0
      $ env PYTHONPATH=/home/youtalk/src/carla-autoware-extension-worktrees/bench-p0 /home/youtalk/carla-venv/bin/python3 -m benchmarks.scripts.collect_gt --host localhost --port 2000 --role-name ego --map Town10HD_Opt --approach extension --out /home/youtalk/src/carla-autoware-extension-worktrees/bench-p0/benchmarks/results/A/run-029/gt.csv --count-lidar
      $ python3 -m benchmarks.scripts.clock_watchdog --clock-csv /home/youtalk/src/carla-autoware-extension-worktrees/bench-p0/benchmarks/results/A/run-029/clock.csv --stall-s 5 --grace-s 30 --marker /home/youtalk/src/carla-autoware-extension-worktrees/bench-p0/benchmarks/results/A/run-029/clock_stall.marker

 8. injector: clear-road objects + all-green signals (docker exec)
      $ docker exec -e ROS_DOMAIN_ID=0 autoware bash -lc '<setup> PYTHONPATH=/work:$PYTHONPATH python3 /work/benchmarks/injector/dummy_perception.py --tl-groups /work/benchmarks/config/tl_groups/Town10HD_Opt.yaml --grid-center 82.654 -37.160 --grid-size 315.157'

 9. arm: localization only (static) or route + engage (closed-loop)
      $ docker exec -e ROS_DOMAIN_ID=0 autoware bash -lc '<setup> python3 /work/benchmarks/injector/arm_and_goal.py --goal 74.869 66.891 2.926174  --timeout 60'
[INFO] [1785825875.429986620] [arm_and_goal]: waiting for /localization/kinematic_state >= 5 Hz over 5 s (timeout 60 s)
[INFO] [1785825876.641816035] [arm_and_goal]: arm observations [localized]: mode=-1 autonomous=False is_autoware_control_enabled=False is_autonomous_mode_available=False control_cmd_hz~0.00 n=0 nonzero_longitudinal=0/0 frac=nan peak_abs_velocity=0.000 ego_displacement_m=0.002 ego_speed_mps=0.000
[INFO] [1785825876.651855214] [arm_and_goal]: arm observations [pre-engage]: mode=-1 autonomous=False is_autoware_control_enabled=False is_autonomous_mode_available=False control_cmd_hz~0.00 n=0 nonzero_longitudinal=0/0 frac=nan peak_abs_velocity=0.000 ego_displacement_m=0.002 ego_speed_mps=0.000
[INFO] [1785825876.664602703] [arm_and_goal]: MRM config: /control/vehicle_cmd_gate use_emergency_handling=false (the perception-off false MRM; same configuration as the proven extension sequence and as every promoted gate number)
[WARN] [1785825876.666189920] [arm_and_goal]: change_to_autonomous: not yet ok (The target mode is not available. Please check the diagnostics.); retrying
[INFO] [1785825878.667732345] [arm_and_goal]: change_to_autonomous: SUCCEEDED -- per-approach observation, record it (R4.3); the proven /autoware/engage publish still runs next
[INFO] [1785825879.670839978] [arm_and_goal]: /autoware/engage: published engage=true x5
[INFO] [1785825883.303844373] [arm_and_goal]: post-engage state: mode_autonomous=True is_autoware_control_enabled=True (R4.3 observation; only mode_autonomous gates ARMED)
[INFO] [1785825883.304042830] [arm_and_goal]: arm observations [post-engage]: mode=2 autonomous=True is_autoware_control_enabled=True is_autonomous_mode_available=False control_cmd_hz~19.67 n=72 nonzero_longitudinal=66/72 frac=0.917 peak_abs_velocity=0.259 ego_displacement_m=0.035 ego_speed_mps=0.116
ARMED: localized, route set to (74.869, 66.891), autonomous engaged
      $ docker exec -e ROS_DOMAIN_ID=0 autoware bash -lc '<setup> timeout 25 ros2 topic echo --once --no-daemon /control/command/control_cmd'
      OK: /control/command/control_cmd is flowing

10. window: sleep 140s (closed-loop arm)
      $ sleep 140

11. teardown: watchdog + GT -> observer (SIGINT, to flush) -> stack -> sim
      $ bash /home/youtalk/src/carla-autoware-extension-worktrees/bench-p0/benchmarks/scripts/teardown.sh /home/youtalk/src/carla-autoware-extension-worktrees/bench-p0/benchmarks/results/A/run-029
teardown: SIGTERM clock watchdog (pid 1303859)
teardown: SIGINT container bench-observer
teardown: SIGTERM gt collector (pid 1303858)
teardown: SIGTERM resource sampler (pid 1303857)
teardown: SIGTERM run_e2e.sh (pid 1300221)
teardown: saved carla-editor.log (editor stdout/stderr from /tmp/carla-e2e.log)
teardown: docker compose down (/home/youtalk/src/carla-autoware-extension-worktrees/bench-p0/docker/compose.yaml)
teardown: done

12. finalize_rtf: fill resources.csv's rtf column from clock.csv
      $ python3 -m benchmarks.sampler.finalize_rtf --resources /home/youtalk/src/carla-autoware-extension-worktrees/bench-p0/benchmarks/results/A/run-029/resources.csv --clock /home/youtalk/src/carla-autoware-extension-worktrees/bench-p0/benchmarks/results/A/run-029/clock.csv

13. M5 gate: write quality.json (pose_error, goal, NDT rate, G1 ladder)
      $ python3 -m benchmarks.scripts.write_quality --run-dir /home/youtalk/src/carla-autoware-extension-worktrees/bench-p0/benchmarks/results/A/run-029
/home/youtalk/src/carla-autoware-extension-worktrees/bench-p0/benchmarks/results/A/run-029/quality.json: gate_pass=True branch=absolute ndt_rate_ratio=0.999 pose_err_max_m=0.219

14. exclusions: clock stall, short unpaced window, silent control gate
      $ if /home/youtalk/src/carla-autoware-extension-worktrees/bench-p0/benchmarks/results/A/run-029/clock_stall.marker exists: write_manifest --exclude 'stall:clock'
      none

15. smoke: the results tree renders through the real analysis path
      $ python3 -c 'benchmarks.report.summarize_run(/home/youtalk/src/carla-autoware-extension-worktrees/bench-p0/benchmarks/results/A/run-029); render_cell(/home/youtalk/src/carla-autoware-extension-worktrees/bench-p0/benchmarks/results/A)'
      OK (/home/youtalk/src/carla-autoware-extension-worktrees/bench-p0/benchmarks/results/A/run-029/report.md)

run 1/1 complete: /home/youtalk/src/carla-autoware-extension-worktrees/bench-p0/benchmarks/results/A/run-029

duel: pacing 120s floor before A (pair 5) -- inter-run host-idle time is a measurement condition, see the pacing block near the top of this script
duel: pacing done for A (pair 5) -- waited 120s total (floor 120s + top-up 0s), loadavg now 1.11

################ duel pair 5/10 -> A ################
=== A  arm=closed-loop  run 1/1 ===

 1. cell_info: resolve cell + class, check the arm
      cell=A approach=extension map=Town10HD_Opt carla=0.10-fork arms=[static closed-loop]
      topics=/home/youtalk/src/carla-autoware-extension-worktrees/bench-p0/benchmarks/config/observer_topics/A.yaml
      processes=/home/youtalk/src/carla-autoware-extension-worktrees/bench-p0/benchmarks/config/processes/A.yaml
      route=/home/youtalk/src/carla-autoware-extension-worktrees/bench-p0/benchmarks/config/routes/Town10HD_Opt.yaml  tl_groups=/home/youtalk/src/carla-autoware-extension-worktrees/bench-p0/benchmarks/config/tl_groups/Town10HD_Opt.yaml
      autoware_image=ghcr.io/autowarefoundation/autoware:universe-devel
      observer_image=bench-observer:universe-devel

 2. RUN_DIR: next gap-free index under results/A
      /home/youtalk/src/carla-autoware-extension-worktrees/bench-p0/benchmarks/results/A/run-030

 3. preflight: host load, disk, RPC port, stale SHM, engine BuildId
      $ bash /home/youtalk/src/carla-autoware-extension-worktrees/bench-p0/benchmarks/scripts/preflight.sh A --port 2000 --results-dir /home/youtalk/src/carla-autoware-extension-worktrees/bench-p0/benchmarks/results
      cpu_governor=powersave
      nproc=24
      loadavg=1.11
      results_fs=/home
      free_gb=452
      carla_rpc_port=2000
      shm_user_cleared=0
      shm_root_cleared=0
      shm_root_remaining=0
      engine_build_id=bc08ce19-f19c-46fe-808f-dbb2b0ddf41a
      carla_tree=/home/youtalk/src/carla-autoware-integration
      map_bundle_pin=town10_pcd_regen

 4. write_manifest: transport, versions, placement; excluded=false
      $ python3 -m benchmarks.scripts.write_manifest --run-dir /home/youtalk/src/carla-autoware-extension-worktrees/bench-p0/benchmarks/results/A/run-030 --cell A --arm closed-loop --rmw rmw_cyclonedds_cpp --shm off --dds-profile /home/youtalk/src/carla-autoware-extension-worktrees/bench-p0/docker/cyclonedds.xml --carla-version 0.10-fork --autoware-image ghcr.io/autowarefoundation/autoware:universe-devel --placement-json '<json>' --duel --duel-id A+B-cyc
      duel_admissible=true (--duel): this run WILL feed the primary duel's equivalence verdict

 5. cells/extension.sh: boot sim + stack, wait for readiness
      $ bash /home/youtalk/src/carla-autoware-extension-worktrees/bench-p0/benchmarks/cells/extension.sh up
OK: base_link anchor +0.00000000 m (no vehicle shift)
 Container autoware Creating 
 Container autoware Created 
 Container autoware Starting 
 Container autoware Started 
waiting up to 420s for CARLA + ego (log: /home/youtalk/src/carla-autoware-extension-worktrees/bench-p0/benchmarks/results/A/run-030/launch.log)
OK: CARLA up on port 2000 with a spawned ego

 6. observer: bench_observer container recording into the run dir
      $ cp /home/youtalk/src/carla-autoware-extension-worktrees/bench-p0/benchmarks/config/observer_topics/A.yaml /home/youtalk/src/carla-autoware-extension-worktrees/bench-p0/benchmarks/results/A/run-030/observer_topics.yaml
      $ docker run -d --name bench-observer --net=host --ipc=host -v /home/youtalk/src/carla-autoware-extension-worktrees/bench-p0/benchmarks/results/A/run-030:/out -e RMW_IMPLEMENTATION=rmw_cyclonedds_cpp -e CYCLONEDDS_URI=file:///dds-profile.xml -v /home/youtalk/src/carla-autoware-extension-worktrees/bench-p0/docker/cyclonedds.xml:/dds-profile.xml:ro bench-observer:universe-devel bash -lc '<sourced> exec bench_observer ...'

 7. sampler + collect_gt + clock_watchdog (background)
      $ python3 -m benchmarks.sampler.sample_resources --processes /home/youtalk/src/carla-autoware-extension-worktrees/bench-p0/benchmarks/config/processes/A.yaml --out /home/youtalk/src/carla-autoware-extension-worktrees/bench-p0/benchmarks/results/A/run-030/resources.csv --interval 1.0
      $ env PYTHONPATH=/home/youtalk/src/carla-autoware-extension-worktrees/bench-p0 /home/youtalk/carla-venv/bin/python3 -m benchmarks.scripts.collect_gt --host localhost --port 2000 --role-name ego --map Town10HD_Opt --approach extension --out /home/youtalk/src/carla-autoware-extension-worktrees/bench-p0/benchmarks/results/A/run-030/gt.csv --count-lidar
      $ python3 -m benchmarks.scripts.clock_watchdog --clock-csv /home/youtalk/src/carla-autoware-extension-worktrees/bench-p0/benchmarks/results/A/run-030/clock.csv --stall-s 5 --grace-s 30 --marker /home/youtalk/src/carla-autoware-extension-worktrees/bench-p0/benchmarks/results/A/run-030/clock_stall.marker

 8. injector: clear-road objects + all-green signals (docker exec)
      $ docker exec -e ROS_DOMAIN_ID=0 autoware bash -lc '<setup> PYTHONPATH=/work:$PYTHONPATH python3 /work/benchmarks/injector/dummy_perception.py --tl-groups /work/benchmarks/config/tl_groups/Town10HD_Opt.yaml --grid-center 82.654 -37.160 --grid-size 315.157'

 9. arm: localization only (static) or route + engage (closed-loop)
      $ docker exec -e ROS_DOMAIN_ID=0 autoware bash -lc '<setup> python3 /work/benchmarks/injector/arm_and_goal.py --goal 74.869 66.891 2.926174  --timeout 60'
[INFO] [1785826232.722192233] [arm_and_goal]: waiting for /localization/kinematic_state >= 5 Hz over 5 s (timeout 60 s)
[INFO] [1785826233.938711947] [arm_and_goal]: arm observations [localized]: mode=-1 autonomous=False is_autoware_control_enabled=False is_autonomous_mode_available=False control_cmd_hz~0.00 n=0 nonzero_longitudinal=0/0 frac=nan peak_abs_velocity=0.000 ego_displacement_m=0.008 ego_speed_mps=0.000
[INFO] [1785826233.949094084] [arm_and_goal]: arm observations [pre-engage]: mode=-1 autonomous=False is_autoware_control_enabled=False is_autonomous_mode_available=False control_cmd_hz~0.00 n=0 nonzero_longitudinal=0/0 frac=nan peak_abs_velocity=0.000 ego_displacement_m=0.008 ego_speed_mps=0.000
[INFO] [1785826233.951380742] [arm_and_goal]: MRM config: /control/vehicle_cmd_gate use_emergency_handling=false (the perception-off false MRM; same configuration as the proven extension sequence and as every promoted gate number)
[WARN] [1785826233.953445211] [arm_and_goal]: change_to_autonomous: not yet ok (The target mode is not available. Please check the diagnostics.); retrying
[INFO] [1785826235.955029096] [arm_and_goal]: change_to_autonomous: SUCCEEDED -- per-approach observation, record it (R4.3); the proven /autoware/engage publish still runs next
[INFO] [1785826236.959093077] [arm_and_goal]: /autoware/engage: published engage=true x5
[INFO] [1785826240.549847376] [arm_and_goal]: post-engage state: mode_autonomous=True is_autoware_control_enabled=True (R4.3 observation; only mode_autonomous gates ARMED)
[INFO] [1785826240.550042980] [arm_and_goal]: arm observations [post-engage]: mode=2 autonomous=True is_autoware_control_enabled=True is_autonomous_mode_available=False control_cmd_hz~19.67 n=71 nonzero_longitudinal=66/71 frac=0.930 peak_abs_velocity=0.260 ego_displacement_m=0.026 ego_speed_mps=0.116
ARMED: localized, route set to (74.869, 66.891), autonomous engaged
      $ docker exec -e ROS_DOMAIN_ID=0 autoware bash -lc '<setup> timeout 25 ros2 topic echo --once --no-daemon /control/command/control_cmd'
      OK: /control/command/control_cmd is flowing

10. window: sleep 140s (closed-loop arm)
      $ sleep 140

11. teardown: watchdog + GT -> observer (SIGINT, to flush) -> stack -> sim
      $ bash /home/youtalk/src/carla-autoware-extension-worktrees/bench-p0/benchmarks/scripts/teardown.sh /home/youtalk/src/carla-autoware-extension-worktrees/bench-p0/benchmarks/results/A/run-030
teardown: SIGTERM clock watchdog (pid 1316491)
teardown: SIGINT container bench-observer
teardown: SIGTERM gt collector (pid 1316489)
teardown: SIGTERM resource sampler (pid 1316488)
teardown: SIGTERM run_e2e.sh (pid 1312946)
teardown: saved carla-editor.log (editor stdout/stderr from /tmp/carla-e2e.log)
teardown: docker compose down (/home/youtalk/src/carla-autoware-extension-worktrees/bench-p0/docker/compose.yaml)
teardown: done

12. finalize_rtf: fill resources.csv's rtf column from clock.csv
      $ python3 -m benchmarks.sampler.finalize_rtf --resources /home/youtalk/src/carla-autoware-extension-worktrees/bench-p0/benchmarks/results/A/run-030/resources.csv --clock /home/youtalk/src/carla-autoware-extension-worktrees/bench-p0/benchmarks/results/A/run-030/clock.csv

13. M5 gate: write quality.json (pose_error, goal, NDT rate, G1 ladder)
      $ python3 -m benchmarks.scripts.write_quality --run-dir /home/youtalk/src/carla-autoware-extension-worktrees/bench-p0/benchmarks/results/A/run-030
/home/youtalk/src/carla-autoware-extension-worktrees/bench-p0/benchmarks/results/A/run-030/quality.json: gate_pass=True branch=absolute ndt_rate_ratio=1.000 pose_err_max_m=0.181

14. exclusions: clock stall, short unpaced window, silent control gate
      $ if /home/youtalk/src/carla-autoware-extension-worktrees/bench-p0/benchmarks/results/A/run-030/clock_stall.marker exists: write_manifest --exclude 'stall:clock'
      none

15. smoke: the results tree renders through the real analysis path
      $ python3 -c 'benchmarks.report.summarize_run(/home/youtalk/src/carla-autoware-extension-worktrees/bench-p0/benchmarks/results/A/run-030); render_cell(/home/youtalk/src/carla-autoware-extension-worktrees/bench-p0/benchmarks/results/A)'
      OK (/home/youtalk/src/carla-autoware-extension-worktrees/bench-p0/benchmarks/results/A/run-030/report.md)

run 1/1 complete: /home/youtalk/src/carla-autoware-extension-worktrees/bench-p0/benchmarks/results/A/run-030

duel: pacing 120s floor before B-cyc (pair 5) -- inter-run host-idle time is a measurement condition, see the pacing block near the top of this script
duel: pacing done for B-cyc (pair 5) -- waited 120s total (floor 120s + top-up 0s), loadavg now 0.82

################ duel pair 5/10 -> B-cyc ################
=== B-cyc  arm=closed-loop  run 1/1 ===

 1. cell_info: resolve cell + class, check the arm
      cell=B-cyc approach=tier4-native map=Town10HD_Opt carla=0.10-tier4 arms=[static closed-loop]
      transport: -> rmw_fastrtps_cpp, shm off, /home/youtalk/src/carla-autoware-extension-worktrees/bench-p0/benchmarks/observer/config/udp_only.xml (required for the tier4-native family)
      transport: -> rmw_cyclonedds_cpp, shm off, none (registered for cell B-cyc)
      topics=/home/youtalk/src/carla-autoware-extension-worktrees/bench-p0/benchmarks/config/observer_topics/B-cyc.yaml
      processes=/home/youtalk/src/carla-autoware-extension-worktrees/bench-p0/benchmarks/config/processes/B-cyc.yaml
      route=/home/youtalk/src/carla-autoware-extension-worktrees/bench-p0/benchmarks/config/routes/Town10HD_Opt.yaml  tl_groups=/home/youtalk/src/carla-autoware-extension-worktrees/bench-p0/benchmarks/config/tl_groups/Town10HD_Opt.yaml
      autoware_image=ghcr.io/autowarefoundation/autoware@sha256:5c22369a312f1cd8a03fb65b30c1ab542919c2c7a2cbd18e799956daef3ae8ee
      observer_image=bench-observer:universe-devel

 2. RUN_DIR: next gap-free index under results/B-cyc
      /home/youtalk/src/carla-autoware-extension-worktrees/bench-p0/benchmarks/results/B-cyc/run-016

 3. preflight: host load, disk, RPC port, stale SHM, engine BuildId
      $ bash /home/youtalk/src/carla-autoware-extension-worktrees/bench-p0/benchmarks/scripts/preflight.sh B-cyc --port 2000 --results-dir /home/youtalk/src/carla-autoware-extension-worktrees/bench-p0/benchmarks/results
OK: tier4 plugin artifacts are newer than every source under /home/youtalk/src/carla-autoware-native/LibCarla/source /home/youtalk/src/carla-autoware-native/Unreal/CarlaUnreal/Plugins/Carla/Source /home/youtalk/src/carla-autoware-native/LibCarla/CMakeLists.txt /home/youtalk/src/carla-autoware-native/CMake
OK: tier4 tree identity recorded
      cpu_governor=powersave
      nproc=24
      loadavg=0.82
      results_fs=/home
      free_gb=452
      carla_rpc_port=2000
      shm_user_cleared=0
      shm_root_cleared=0
      shm_root_remaining=0
      engine_build_id=bc08ce19-f19c-46fe-808f-dbb2b0ddf41a
      carla_tree=/home/youtalk/src/carla-autoware-native
      map_bundle_pin=town10_pcd_regen
      tier4_git_sha=6315b856f8faf2118578322eb20a2b902a45a384
      tier4_worktree=registered-patches
      tier4_worktree_paths_sha256=880c2127133214ea5fee1dff1efbf1b8b5c2e9a3a3a9de10156bc299026eafc6
      tier4_worktree_content_sha256=23038d8c20a6a0691f941bd9f0be427819a8151c81088c30cf67222764ed3e49
      tier4_plugin_sha256=26f95decb0b18dda86f73f6c1ebd2445a287d8dedde3f1cb1544bfffbd093c4e
      tier4_ros2_native_sha256=4485f7b6b74404729a605107a6b2c851286cd942c89db416e811677fc62f3149
      tier4_source_sha256=eb8aa9af8d91b65a587409771db0c08a47f3584076a06e18cd665d13db71f5e5
      tier4_plugin_mtime=1785782939
      tier4_ros2_native_mtime=1785786075
      tier4_newest_source_mtime=1785196190
      tier4_stale_ack=none
      tier4_stale_ack_reason=-
      tier4_stale_ack_source_sha256=-
      tier4_stale_ack_artifacts=-

 4. write_manifest: transport, versions, placement; excluded=false
      $ python3 -m benchmarks.scripts.write_manifest --run-dir /home/youtalk/src/carla-autoware-extension-worktrees/bench-p0/benchmarks/results/B-cyc/run-016 --cell B-cyc --arm closed-loop --rmw rmw_cyclonedds_cpp --shm off --dds-profile none --carla-version 0.10-tier4 --autoware-image ghcr.io/autowarefoundation/autoware@sha256:5c22369a312f1cd8a03fb65b30c1ab542919c2c7a2cbd18e799956daef3ae8ee --placement-json '<json>' --duel --duel-id A+B-cyc
      duel_admissible=true (--duel): this run WILL feed the primary duel's equivalence verdict

 5. cells/tier4-native.sh: boot sim + stack, wait for readiness
      $ bash /home/youtalk/src/carla-autoware-extension-worktrees/bench-p0/benchmarks/cells/tier4-native.sh up
OK: tier4 plugin artifacts are newer than every source under /home/youtalk/src/carla-autoware-native/LibCarla/source /home/youtalk/src/carla-autoware-native/Unreal/CarlaUnreal/Plugins/Carla/Source /home/youtalk/src/carla-autoware-native/LibCarla/CMakeLists.txt /home/youtalk/src/carla-autoware-native/CMake
OK: tier4 tree identity recorded
waiting up to 420s for CARLA RPC on 2000 (log: /home/youtalk/src/carla-autoware-extension-worktrees/bench-p0/benchmarks/results/B-cyc/run-016/launch.log)
OK: tier4 CARLA up on port 2000
starting the tier4 Autoware stack via /home/youtalk/src/carla-autoware-extension-worktrees/bench-p0/benchmarks/cells/tier4_autoware.sh
OK: base_link anchor -1.39706787 m matches /home/youtalk/src/carla-autoware-native/PythonAPI/examples/autoware_demo.py
starting the tier4 demo (ego + sensors + 20 Hz sync tick)
waiting up to 180s for CARLA + the tier4 ego
OK: tier4 ego + sensor rig up, world ticking at 20 Hz
OK: bringing Autoware up (map Town10HD_Opt, bundle /autoware_map/town10-regen) -- log /tmp/tier4-autoware.log
waiting up to 120s for /sensing/lidar/top/pointcloud_raw_ex to be readable in the container
OK: the fork's LiDAR is readable inside the stack (Task 9 rung 1 holds)
OK: concat relay /sensing/lidar/top/pointcloud_before_sync -> /sensing/lidar/concatenated/pointcloud
seeding localization at the ego's ground-truth map pose: 53.917 -141.136 -0.002 -0.004485
[INFO] [1785826580.183069479] [seed_localization]: seeding /localization/initialize at (53.917, -141.136, -0.002) yaw=-0.26 deg (timeout 90 s)
SEEDED: NDT locked within 1.0 m of (53.917, -141.136)
OK: NDT locked on the seeded pose
waiting up to 300s for /localization/kinematic_state
closed-loop arm: re-publishing /map/vector_map (ADVISORY -- never aborts)
{"advisory": true, "attempts": [{"attempt": 1, "monitor": {"topic_state_monitor_vector_map: map_topic_status": {"last_message_time": "15.13 [s]", "level": 0, "status": "OK"}}, "relog_after": {"lanelet2_map_visualization]: Map is loaded": 2, "vector_map_tf_generator]: broadcast static tf": 1}, "relog_before": {"lanelet2_map_visualization]: Map is loaded": 2, "vector_map_tf_generator]: broadcast static tf": 1}, "verified": true, "verified_relog": false, "verify_wait_s": 0.006}], "capture_wait_s": 6.018, "captured": true, "data_bytes": 1305281, "exit_code": 0, "matching_settled": true, "monitor_final": {"topic_state_monitor_vector_map: map_topic_status": {"last_message_time": "15.13 [s]", "level": 0, "status": "OK"}}, "pre_republish_delivered": true, "pre_republish_monitor": {"topic_state_monitor_vector_map: map_topic_status": {"last_message_time": "15.13 [s]", "level": 0, "status": "OK"}}, "process_exit_code": 0, "relog_final": {"lanelet2_map_visualization]: Map is loaded": 2, "vector_map_tf_generator]: broadcast static tf": 1}, "subscriber_count": 17, "topic": "/map/vector_map", "verdict_code": 0, "verified": true, "verified_relog": false}
OK: the /map/vector_map re-publish step RAN AND RECORDED A VERDICT -- which is NOT the same as the map being verified. Under --advisory the node exits 0 for every verdict it can reach, so read verdict_code in /home/youtalk/src/carla-autoware-extension-worktrees/bench-p0/benchmarks/results/B-cyc/run-016/vector-map-delivery.json: 0 verified (and the verified / verified_relog keys name which oracle saw it), exit 3 the capture never happened, 4 the publisher matching never settled, 5 the verification never went OK. Only 0 means the map was observed to arrive.
OK: tier4 Autoware stack up on Town10HD_Opt and localizing
OK: tier4 Autoware stack reported ready

 6. observer: bench_observer container recording into the run dir
      $ cp /home/youtalk/src/carla-autoware-extension-worktrees/bench-p0/benchmarks/config/observer_topics/B-cyc.yaml /home/youtalk/src/carla-autoware-extension-worktrees/bench-p0/benchmarks/results/B-cyc/run-016/observer_topics.yaml
      $ docker run -d --name bench-observer --net=host --ipc=host -v /home/youtalk/src/carla-autoware-extension-worktrees/bench-p0/benchmarks/results/B-cyc/run-016:/out -e RMW_IMPLEMENTATION=rmw_cyclonedds_cpp  bench-observer:universe-devel bash -lc '<sourced> exec bench_observer ...'

 7. sampler + collect_gt + clock_watchdog (background)
      $ python3 -m benchmarks.sampler.sample_resources --processes /home/youtalk/src/carla-autoware-extension-worktrees/bench-p0/benchmarks/config/processes/B-cyc.yaml --out /home/youtalk/src/carla-autoware-extension-worktrees/bench-p0/benchmarks/results/B-cyc/run-016/resources.csv --interval 1.0
      $ env PYTHONPATH=/home/youtalk/src/carla-autoware-extension-worktrees/bench-p0 /home/youtalk/carla-tier4-venv/bin/python3 -m benchmarks.scripts.collect_gt --host localhost --port 2000 --role-name ego --map Town10HD_Opt --approach tier4-native --out /home/youtalk/src/carla-autoware-extension-worktrees/bench-p0/benchmarks/results/B-cyc/run-016/gt.csv --count-lidar
      $ python3 -m benchmarks.scripts.clock_watchdog --clock-csv /home/youtalk/src/carla-autoware-extension-worktrees/bench-p0/benchmarks/results/B-cyc/run-016/clock.csv --stall-s 5 --grace-s 30 --marker /home/youtalk/src/carla-autoware-extension-worktrees/bench-p0/benchmarks/results/B-cyc/run-016/clock_stall.marker

 8. injector: clear-road objects + all-green signals (docker exec)
      $ docker exec -e ROS_DOMAIN_ID=0 autoware bash -lc '<setup> PYTHONPATH=/work:$PYTHONPATH python3 /work/benchmarks/injector/dummy_perception.py --tl-groups /work/benchmarks/config/tl_groups/Town10HD_Opt.yaml --grid-center 82.654 -37.160 --grid-size 315.157'

 9. arm: localization only (static) or route + engage (closed-loop)
      $ docker exec -e ROS_DOMAIN_ID=0 autoware bash -lc '<setup> python3 /work/benchmarks/injector/arm_and_goal.py --goal 74.869 66.891 2.926174  --timeout 60'
[INFO] [1785826601.918836188] [arm_and_goal]: waiting for /localization/kinematic_state >= 5 Hz over 5 s (timeout 60 s)
[INFO] [1785826603.138755528] [arm_and_goal]: arm observations [localized]: mode=-1 autonomous=False is_autoware_control_enabled=False is_autonomous_mode_available=False control_cmd_hz~0.67 n=2 nonzero_longitudinal=0/2 frac=0.000 peak_abs_velocity=0.000 ego_displacement_m=0.002 ego_speed_mps=0.000
[INFO] [1785826603.146754519] [arm_and_goal]: arm observations [pre-engage]: mode=-1 autonomous=False is_autoware_control_enabled=False is_autonomous_mode_available=False control_cmd_hz~0.67 n=2 nonzero_longitudinal=0/2 frac=0.000 peak_abs_velocity=0.000 ego_displacement_m=0.002 ego_speed_mps=0.000
[INFO] [1785826603.148912304] [arm_and_goal]: MRM config: /control/vehicle_cmd_gate use_emergency_handling=false (the perception-off false MRM; same configuration as the proven extension sequence and as every promoted gate number)
[WARN] [1785826603.150815643] [arm_and_goal]: change_to_autonomous: not yet ok (The target mode is not available. Please check the diagnostics.); retrying
[INFO] [1785826605.152574521] [arm_and_goal]: change_to_autonomous: SUCCEEDED -- per-approach observation, record it (R4.3); the proven /autoware/engage publish still runs next
[INFO] [1785826606.155814551] [arm_and_goal]: /autoware/engage: published engage=true x5
[INFO] [1785826606.888711871] [arm_and_goal]: post-engage state: mode_autonomous=True is_autoware_control_enabled=True (R4.3 observation; only mode_autonomous gates ARMED)
[INFO] [1785826606.888959980] [arm_and_goal]: arm observations [post-engage]: mode=2 autonomous=True is_autoware_control_enabled=True is_autonomous_mode_available=False control_cmd_hz~5.00 n=15 nonzero_longitudinal=12/15 frac=0.800 peak_abs_velocity=0.280 ego_displacement_m=0.032 ego_speed_mps=0.152
ARMED: localized, route set to (74.869, 66.891), autonomous engaged
      $ docker exec -e ROS_DOMAIN_ID=0 autoware bash -lc '<setup> timeout 25 ros2 topic echo --once --no-daemon /control/command/control_cmd'
      OK: /control/command/control_cmd is flowing

10. window: sleep 140s (closed-loop arm)
      $ sleep 140

11. teardown: watchdog + GT -> observer (SIGINT, to flush) -> stack -> sim
      $ bash /home/youtalk/src/carla-autoware-extension-worktrees/bench-p0/benchmarks/scripts/teardown.sh /home/youtalk/src/carla-autoware-extension-worktrees/bench-p0/benchmarks/results/B-cyc/run-016
teardown: SIGTERM clock watchdog (pid 1329169)
teardown: SIGINT container bench-observer
teardown: SIGTERM gt collector (pid 1329168)
teardown: SIGTERM resource sampler (pid 1329167)
stop: pid 440 (/tmp/tier4-concat-relay.pid) + 1 descendant(s)
stop: 2 of pid 440's tree still up; SIGINT
stop: pid 440 tree gone
stop: pid 120 (/tmp/tier4-autoware.pid) + 51 descendant(s)
stop: 52 of pid 120's tree still up; SIGINT
stop: pid 120 tree gone
autoware launch + concat relay stopped (2 pid file(s) checked, 54 process(es) in the recorded trees, 0 survivor(s); container now: 3 running, 3 defunct)
teardown: SIGTERM tier4 autoware_demo.py (pid 1326300)
teardown: SIGTERM carla (pid 1325659)
teardown: saved tier4-autoware.log
teardown: saved tier4-concat-relay.log
teardown: done

12. finalize_rtf: fill resources.csv's rtf column from clock.csv
      $ python3 -m benchmarks.sampler.finalize_rtf --resources /home/youtalk/src/carla-autoware-extension-worktrees/bench-p0/benchmarks/results/B-cyc/run-016/resources.csv --clock /home/youtalk/src/carla-autoware-extension-worktrees/bench-p0/benchmarks/results/B-cyc/run-016/clock.csv

13. M5 gate: write quality.json (pose_error, goal, NDT rate, G1 ladder)
      $ python3 -m benchmarks.scripts.write_quality --run-dir /home/youtalk/src/carla-autoware-extension-worktrees/bench-p0/benchmarks/results/B-cyc/run-016
/home/youtalk/src/carla-autoware-extension-worktrees/bench-p0/benchmarks/results/B-cyc/run-016/quality.json: gate_pass=True branch=absolute ndt_rate_ratio=1.000 pose_err_max_m=0.153

14. exclusions: clock stall, short unpaced window, silent control gate
      $ if /home/youtalk/src/carla-autoware-extension-worktrees/bench-p0/benchmarks/results/B-cyc/run-016/clock_stall.marker exists: write_manifest --exclude 'stall:clock'
      none

15. smoke: the results tree renders through the real analysis path
      $ python3 -c 'benchmarks.report.summarize_run(/home/youtalk/src/carla-autoware-extension-worktrees/bench-p0/benchmarks/results/B-cyc/run-016); render_cell(/home/youtalk/src/carla-autoware-extension-worktrees/bench-p0/benchmarks/results/B-cyc)'
      OK (/home/youtalk/src/carla-autoware-extension-worktrees/bench-p0/benchmarks/results/B-cyc/run-016/report.md)

run 1/1 complete: /home/youtalk/src/carla-autoware-extension-worktrees/bench-p0/benchmarks/results/B-cyc/run-016

duel: pacing 120s floor before B-cyc (pair 6) -- inter-run host-idle time is a measurement condition, see the pacing block near the top of this script
duel: pacing done for B-cyc (pair 6) -- waited 120s total (floor 120s + top-up 0s), loadavg now 1.47

################ duel pair 6/10 -> B-cyc ################
=== B-cyc  arm=closed-loop  run 1/1 ===

 1. cell_info: resolve cell + class, check the arm
      cell=B-cyc approach=tier4-native map=Town10HD_Opt carla=0.10-tier4 arms=[static closed-loop]
      transport: -> rmw_fastrtps_cpp, shm off, /home/youtalk/src/carla-autoware-extension-worktrees/bench-p0/benchmarks/observer/config/udp_only.xml (required for the tier4-native family)
      transport: -> rmw_cyclonedds_cpp, shm off, none (registered for cell B-cyc)
      topics=/home/youtalk/src/carla-autoware-extension-worktrees/bench-p0/benchmarks/config/observer_topics/B-cyc.yaml
      processes=/home/youtalk/src/carla-autoware-extension-worktrees/bench-p0/benchmarks/config/processes/B-cyc.yaml
      route=/home/youtalk/src/carla-autoware-extension-worktrees/bench-p0/benchmarks/config/routes/Town10HD_Opt.yaml  tl_groups=/home/youtalk/src/carla-autoware-extension-worktrees/bench-p0/benchmarks/config/tl_groups/Town10HD_Opt.yaml
      autoware_image=ghcr.io/autowarefoundation/autoware@sha256:5c22369a312f1cd8a03fb65b30c1ab542919c2c7a2cbd18e799956daef3ae8ee
      observer_image=bench-observer:universe-devel

 2. RUN_DIR: next gap-free index under results/B-cyc
      /home/youtalk/src/carla-autoware-extension-worktrees/bench-p0/benchmarks/results/B-cyc/run-017

 3. preflight: host load, disk, RPC port, stale SHM, engine BuildId
      $ bash /home/youtalk/src/carla-autoware-extension-worktrees/bench-p0/benchmarks/scripts/preflight.sh B-cyc --port 2000 --results-dir /home/youtalk/src/carla-autoware-extension-worktrees/bench-p0/benchmarks/results
OK: tier4 plugin artifacts are newer than every source under /home/youtalk/src/carla-autoware-native/LibCarla/source /home/youtalk/src/carla-autoware-native/Unreal/CarlaUnreal/Plugins/Carla/Source /home/youtalk/src/carla-autoware-native/LibCarla/CMakeLists.txt /home/youtalk/src/carla-autoware-native/CMake
OK: tier4 tree identity recorded
      cpu_governor=powersave
      nproc=24
      loadavg=1.47
      results_fs=/home
      free_gb=452
      carla_rpc_port=2000
      shm_user_cleared=84
      shm_root_cleared=0
      shm_root_remaining=0
      engine_build_id=bc08ce19-f19c-46fe-808f-dbb2b0ddf41a
      carla_tree=/home/youtalk/src/carla-autoware-native
      map_bundle_pin=town10_pcd_regen
      tier4_git_sha=6315b856f8faf2118578322eb20a2b902a45a384
      tier4_worktree=registered-patches
      tier4_worktree_paths_sha256=880c2127133214ea5fee1dff1efbf1b8b5c2e9a3a3a9de10156bc299026eafc6
      tier4_worktree_content_sha256=23038d8c20a6a0691f941bd9f0be427819a8151c81088c30cf67222764ed3e49
      tier4_plugin_sha256=26f95decb0b18dda86f73f6c1ebd2445a287d8dedde3f1cb1544bfffbd093c4e
      tier4_ros2_native_sha256=4485f7b6b74404729a605107a6b2c851286cd942c89db416e811677fc62f3149
      tier4_source_sha256=eb8aa9af8d91b65a587409771db0c08a47f3584076a06e18cd665d13db71f5e5
      tier4_plugin_mtime=1785782939
      tier4_ros2_native_mtime=1785786075
      tier4_newest_source_mtime=1785196190
      tier4_stale_ack=none
      tier4_stale_ack_reason=-
      tier4_stale_ack_source_sha256=-
      tier4_stale_ack_artifacts=-

 4. write_manifest: transport, versions, placement; excluded=false
      $ python3 -m benchmarks.scripts.write_manifest --run-dir /home/youtalk/src/carla-autoware-extension-worktrees/bench-p0/benchmarks/results/B-cyc/run-017 --cell B-cyc --arm closed-loop --rmw rmw_cyclonedds_cpp --shm off --dds-profile none --carla-version 0.10-tier4 --autoware-image ghcr.io/autowarefoundation/autoware@sha256:5c22369a312f1cd8a03fb65b30c1ab542919c2c7a2cbd18e799956daef3ae8ee --placement-json '<json>' --duel --duel-id A+B-cyc
      duel_admissible=true (--duel): this run WILL feed the primary duel's equivalence verdict

 5. cells/tier4-native.sh: boot sim + stack, wait for readiness
      $ bash /home/youtalk/src/carla-autoware-extension-worktrees/bench-p0/benchmarks/cells/tier4-native.sh up
OK: tier4 plugin artifacts are newer than every source under /home/youtalk/src/carla-autoware-native/LibCarla/source /home/youtalk/src/carla-autoware-native/Unreal/CarlaUnreal/Plugins/Carla/Source /home/youtalk/src/carla-autoware-native/LibCarla/CMakeLists.txt /home/youtalk/src/carla-autoware-native/CMake
OK: tier4 tree identity recorded
waiting up to 420s for CARLA RPC on 2000 (log: /home/youtalk/src/carla-autoware-extension-worktrees/bench-p0/benchmarks/results/B-cyc/run-017/launch.log)
OK: tier4 CARLA up on port 2000
starting the tier4 Autoware stack via /home/youtalk/src/carla-autoware-extension-worktrees/bench-p0/benchmarks/cells/tier4_autoware.sh
OK: base_link anchor -1.39706787 m matches /home/youtalk/src/carla-autoware-native/PythonAPI/examples/autoware_demo.py
starting the tier4 demo (ego + sensors + 20 Hz sync tick)
waiting up to 180s for CARLA + the tier4 ego
OK: tier4 ego + sensor rig up, world ticking at 20 Hz
OK: bringing Autoware up (map Town10HD_Opt, bundle /autoware_map/town10-regen) -- log /tmp/tier4-autoware.log
waiting up to 120s for /sensing/lidar/top/pointcloud_raw_ex to be readable in the container
OK: the fork's LiDAR is readable inside the stack (Task 9 rung 1 holds)
OK: concat relay /sensing/lidar/top/pointcloud_before_sync -> /sensing/lidar/concatenated/pointcloud
seeding localization at the ego's ground-truth map pose: 53.914 -141.127 -0.002 -0.003778
[INFO] [1785826942.386036558] [seed_localization]: seeding /localization/initialize at (53.914, -141.127, -0.002) yaw=-0.22 deg (timeout 90 s)
SEEDED: NDT locked within 1.0 m of (53.914, -141.127)
OK: NDT locked on the seeded pose
waiting up to 300s for /localization/kinematic_state
closed-loop arm: re-publishing /map/vector_map (ADVISORY -- never aborts)
{"advisory": true, "attempts": [{"attempt": 1, "monitor": {"topic_state_monitor_vector_map: map_topic_status": {"last_message_time": "15.26 [s]", "level": 0, "status": "OK"}}, "relog_after": {"lanelet2_map_visualization]: Map is loaded": 1, "vector_map_tf_generator]: broadcast static tf": 2}, "relog_before": {"lanelet2_map_visualization]: Map is loaded": 1, "vector_map_tf_generator]: broadcast static tf": 2}, "verified": true, "verified_relog": false, "verify_wait_s": 0.006}], "capture_wait_s": 6.008, "captured": true, "data_bytes": 1305281, "exit_code": 0, "matching_settled": true, "monitor_final": {"topic_state_monitor_vector_map: map_topic_status": {"last_message_time": "15.26 [s]", "level": 0, "status": "OK"}}, "pre_republish_delivered": true, "pre_republish_monitor": {"topic_state_monitor_vector_map: map_topic_status": {"last_message_time": "15.26 [s]", "level": 0, "status": "OK"}}, "process_exit_code": 0, "relog_final": {"lanelet2_map_visualization]: Map is loaded": 1, "vector_map_tf_generator]: broadcast static tf": 2}, "subscriber_count": 17, "topic": "/map/vector_map", "verdict_code": 0, "verified": true, "verified_relog": false}
OK: the /map/vector_map re-publish step RAN AND RECORDED A VERDICT -- which is NOT the same as the map being verified. Under --advisory the node exits 0 for every verdict it can reach, so read verdict_code in /home/youtalk/src/carla-autoware-extension-worktrees/bench-p0/benchmarks/results/B-cyc/run-017/vector-map-delivery.json: 0 verified (and the verified / verified_relog keys name which oracle saw it), exit 3 the capture never happened, 4 the publisher matching never settled, 5 the verification never went OK. Only 0 means the map was observed to arrive.
OK: tier4 Autoware stack up on Town10HD_Opt and localizing
OK: tier4 Autoware stack reported ready

 6. observer: bench_observer container recording into the run dir
      $ cp /home/youtalk/src/carla-autoware-extension-worktrees/bench-p0/benchmarks/config/observer_topics/B-cyc.yaml /home/youtalk/src/carla-autoware-extension-worktrees/bench-p0/benchmarks/results/B-cyc/run-017/observer_topics.yaml
      $ docker run -d --name bench-observer --net=host --ipc=host -v /home/youtalk/src/carla-autoware-extension-worktrees/bench-p0/benchmarks/results/B-cyc/run-017:/out -e RMW_IMPLEMENTATION=rmw_cyclonedds_cpp  bench-observer:universe-devel bash -lc '<sourced> exec bench_observer ...'

 7. sampler + collect_gt + clock_watchdog (background)
      $ python3 -m benchmarks.sampler.sample_resources --processes /home/youtalk/src/carla-autoware-extension-worktrees/bench-p0/benchmarks/config/processes/B-cyc.yaml --out /home/youtalk/src/carla-autoware-extension-worktrees/bench-p0/benchmarks/results/B-cyc/run-017/resources.csv --interval 1.0
      $ env PYTHONPATH=/home/youtalk/src/carla-autoware-extension-worktrees/bench-p0 /home/youtalk/carla-tier4-venv/bin/python3 -m benchmarks.scripts.collect_gt --host localhost --port 2000 --role-name ego --map Town10HD_Opt --approach tier4-native --out /home/youtalk/src/carla-autoware-extension-worktrees/bench-p0/benchmarks/results/B-cyc/run-017/gt.csv --count-lidar
      $ python3 -m benchmarks.scripts.clock_watchdog --clock-csv /home/youtalk/src/carla-autoware-extension-worktrees/bench-p0/benchmarks/results/B-cyc/run-017/clock.csv --stall-s 5 --grace-s 30 --marker /home/youtalk/src/carla-autoware-extension-worktrees/bench-p0/benchmarks/results/B-cyc/run-017/clock_stall.marker

 8. injector: clear-road objects + all-green signals (docker exec)
      $ docker exec -e ROS_DOMAIN_ID=0 autoware bash -lc '<setup> PYTHONPATH=/work:$PYTHONPATH python3 /work/benchmarks/injector/dummy_perception.py --tl-groups /work/benchmarks/config/tl_groups/Town10HD_Opt.yaml --grid-center 82.654 -37.160 --grid-size 315.157'

 9. arm: localization only (static) or route + engage (closed-loop)
      $ docker exec -e ROS_DOMAIN_ID=0 autoware bash -lc '<setup> python3 /work/benchmarks/injector/arm_and_goal.py --goal 74.869 66.891 2.926174  --timeout 60'
[INFO] [1785826963.216385176] [arm_and_goal]: waiting for /localization/kinematic_state >= 5 Hz over 5 s (timeout 60 s)
[INFO] [1785826964.437866903] [arm_and_goal]: arm observations [localized]: mode=-1 autonomous=False is_autoware_control_enabled=False is_autonomous_mode_available=False control_cmd_hz~0.67 n=2 nonzero_longitudinal=0/2 frac=0.000 peak_abs_velocity=0.000 ego_displacement_m=0.002 ego_speed_mps=0.000
[INFO] [1785826964.445663692] [arm_and_goal]: arm observations [pre-engage]: mode=-1 autonomous=False is_autoware_control_enabled=False is_autonomous_mode_available=False control_cmd_hz~0.67 n=2 nonzero_longitudinal=0/2 frac=0.000 peak_abs_velocity=0.000 ego_displacement_m=0.002 ego_speed_mps=0.000
[INFO] [1785826964.448307090] [arm_and_goal]: MRM config: /control/vehicle_cmd_gate use_emergency_handling=false (the perception-off false MRM; same configuration as the proven extension sequence and as every promoted gate number)
[WARN] [1785826964.450146377] [arm_and_goal]: change_to_autonomous: not yet ok (The target mode is not available. Please check the diagnostics.); retrying
[INFO] [1785826966.451921328] [arm_and_goal]: change_to_autonomous: SUCCEEDED -- per-approach observation, record it (R4.3); the proven /autoware/engage publish still runs next
[INFO] [1785826967.455188971] [arm_and_goal]: /autoware/engage: published engage=true x5
[INFO] [1785826968.236071336] [arm_and_goal]: post-engage state: mode_autonomous=True is_autoware_control_enabled=True (R4.3 observation; only mode_autonomous gates ARMED)
[INFO] [1785826968.236344225] [arm_and_goal]: arm observations [post-engage]: mode=2 autonomous=True is_autoware_control_enabled=True is_autonomous_mode_available=False control_cmd_hz~5.00 n=15 nonzero_longitudinal=10/15 frac=0.667 peak_abs_velocity=0.257 ego_displacement_m=0.026 ego_speed_mps=0.132
ARMED: localized, route set to (74.869, 66.891), autonomous engaged
      $ docker exec -e ROS_DOMAIN_ID=0 autoware bash -lc '<setup> timeout 25 ros2 topic echo --once --no-daemon /control/command/control_cmd'
      OK: /control/command/control_cmd is flowing

10. window: sleep 140s (closed-loop arm)
      $ sleep 140

11. teardown: watchdog + GT -> observer (SIGINT, to flush) -> stack -> sim
      $ bash /home/youtalk/src/carla-autoware-extension-worktrees/bench-p0/benchmarks/scripts/teardown.sh /home/youtalk/src/carla-autoware-extension-worktrees/bench-p0/benchmarks/results/B-cyc/run-017
teardown: SIGTERM clock watchdog (pid 1341517)
teardown: SIGINT container bench-observer
teardown: SIGTERM gt collector (pid 1341516)
teardown: SIGTERM resource sampler (pid 1341515)
stop: pid 1675 (/tmp/tier4-concat-relay.pid) + 1 descendant(s)
stop: 2 of pid 1675's tree still up; SIGINT
stop: pid 1675 tree gone
stop: pid 119 (/tmp/tier4-autoware.pid) + 52 descendant(s)
stop: 53 of pid 119's tree still up; SIGINT
stop: pid 119 tree gone
autoware launch + concat relay stopped (2 pid file(s) checked, 55 process(es) in the recorded trees, 0 survivor(s); container now: 3 running, 3 defunct)
teardown: SIGTERM tier4 autoware_demo.py (pid 1338498)
teardown: SIGTERM carla (pid 1337881)
teardown: saved tier4-autoware.log
teardown: saved tier4-concat-relay.log
teardown: done

12. finalize_rtf: fill resources.csv's rtf column from clock.csv
      $ python3 -m benchmarks.sampler.finalize_rtf --resources /home/youtalk/src/carla-autoware-extension-worktrees/bench-p0/benchmarks/results/B-cyc/run-017/resources.csv --clock /home/youtalk/src/carla-autoware-extension-worktrees/bench-p0/benchmarks/results/B-cyc/run-017/clock.csv

13. M5 gate: write quality.json (pose_error, goal, NDT rate, G1 ladder)
      $ python3 -m benchmarks.scripts.write_quality --run-dir /home/youtalk/src/carla-autoware-extension-worktrees/bench-p0/benchmarks/results/B-cyc/run-017
/home/youtalk/src/carla-autoware-extension-worktrees/bench-p0/benchmarks/results/B-cyc/run-017/quality.json: gate_pass=True branch=absolute ndt_rate_ratio=1.000 pose_err_max_m=0.172

14. exclusions: clock stall, short unpaced window, silent control gate
      $ if /home/youtalk/src/carla-autoware-extension-worktrees/bench-p0/benchmarks/results/B-cyc/run-017/clock_stall.marker exists: write_manifest --exclude 'stall:clock'
      none

15. smoke: the results tree renders through the real analysis path
      $ python3 -c 'benchmarks.report.summarize_run(/home/youtalk/src/carla-autoware-extension-worktrees/bench-p0/benchmarks/results/B-cyc/run-017); render_cell(/home/youtalk/src/carla-autoware-extension-worktrees/bench-p0/benchmarks/results/B-cyc)'
      OK (/home/youtalk/src/carla-autoware-extension-worktrees/bench-p0/benchmarks/results/B-cyc/run-017/report.md)

run 1/1 complete: /home/youtalk/src/carla-autoware-extension-worktrees/bench-p0/benchmarks/results/B-cyc/run-017

duel: pacing 120s floor before A (pair 6) -- inter-run host-idle time is a measurement condition, see the pacing block near the top of this script
duel: pacing done for A (pair 6) -- waited 120s total (floor 120s + top-up 0s), loadavg now 0.85

################ duel pair 6/10 -> A ################
=== A  arm=closed-loop  run 1/1 ===

 1. cell_info: resolve cell + class, check the arm
      cell=A approach=extension map=Town10HD_Opt carla=0.10-fork arms=[static closed-loop]
      topics=/home/youtalk/src/carla-autoware-extension-worktrees/bench-p0/benchmarks/config/observer_topics/A.yaml
      processes=/home/youtalk/src/carla-autoware-extension-worktrees/bench-p0/benchmarks/config/processes/A.yaml
      route=/home/youtalk/src/carla-autoware-extension-worktrees/bench-p0/benchmarks/config/routes/Town10HD_Opt.yaml  tl_groups=/home/youtalk/src/carla-autoware-extension-worktrees/bench-p0/benchmarks/config/tl_groups/Town10HD_Opt.yaml
      autoware_image=ghcr.io/autowarefoundation/autoware:universe-devel
      observer_image=bench-observer:universe-devel

 2. RUN_DIR: next gap-free index under results/A
      /home/youtalk/src/carla-autoware-extension-worktrees/bench-p0/benchmarks/results/A/run-031

 3. preflight: host load, disk, RPC port, stale SHM, engine BuildId
      $ bash /home/youtalk/src/carla-autoware-extension-worktrees/bench-p0/benchmarks/scripts/preflight.sh A --port 2000 --results-dir /home/youtalk/src/carla-autoware-extension-worktrees/bench-p0/benchmarks/results
      cpu_governor=powersave
      nproc=24
      loadavg=0.85
      results_fs=/home
      free_gb=452
      carla_rpc_port=2000
      shm_user_cleared=84
      shm_root_cleared=0
      shm_root_remaining=0
      engine_build_id=bc08ce19-f19c-46fe-808f-dbb2b0ddf41a
      carla_tree=/home/youtalk/src/carla-autoware-integration
      map_bundle_pin=town10_pcd_regen

 4. write_manifest: transport, versions, placement; excluded=false
      $ python3 -m benchmarks.scripts.write_manifest --run-dir /home/youtalk/src/carla-autoware-extension-worktrees/bench-p0/benchmarks/results/A/run-031 --cell A --arm closed-loop --rmw rmw_cyclonedds_cpp --shm off --dds-profile /home/youtalk/src/carla-autoware-extension-worktrees/bench-p0/docker/cyclonedds.xml --carla-version 0.10-fork --autoware-image ghcr.io/autowarefoundation/autoware:universe-devel --placement-json '<json>' --duel --duel-id A+B-cyc
      duel_admissible=true (--duel): this run WILL feed the primary duel's equivalence verdict

 5. cells/extension.sh: boot sim + stack, wait for readiness
      $ bash /home/youtalk/src/carla-autoware-extension-worktrees/bench-p0/benchmarks/cells/extension.sh up
OK: base_link anchor +0.00000000 m (no vehicle shift)
 Container autoware Creating 
 Container autoware Created 
 Container autoware Starting 
 Container autoware Started 
waiting up to 420s for CARLA + ego (log: /home/youtalk/src/carla-autoware-extension-worktrees/bench-p0/benchmarks/results/A/run-031/launch.log)
OK: CARLA up on port 2000 with a spawned ego

 6. observer: bench_observer container recording into the run dir
      $ cp /home/youtalk/src/carla-autoware-extension-worktrees/bench-p0/benchmarks/config/observer_topics/A.yaml /home/youtalk/src/carla-autoware-extension-worktrees/bench-p0/benchmarks/results/A/run-031/observer_topics.yaml
      $ docker run -d --name bench-observer --net=host --ipc=host -v /home/youtalk/src/carla-autoware-extension-worktrees/bench-p0/benchmarks/results/A/run-031:/out -e RMW_IMPLEMENTATION=rmw_cyclonedds_cpp -e CYCLONEDDS_URI=file:///dds-profile.xml -v /home/youtalk/src/carla-autoware-extension-worktrees/bench-p0/docker/cyclonedds.xml:/dds-profile.xml:ro bench-observer:universe-devel bash -lc '<sourced> exec bench_observer ...'

 7. sampler + collect_gt + clock_watchdog (background)
      $ python3 -m benchmarks.sampler.sample_resources --processes /home/youtalk/src/carla-autoware-extension-worktrees/bench-p0/benchmarks/config/processes/A.yaml --out /home/youtalk/src/carla-autoware-extension-worktrees/bench-p0/benchmarks/results/A/run-031/resources.csv --interval 1.0
      $ env PYTHONPATH=/home/youtalk/src/carla-autoware-extension-worktrees/bench-p0 /home/youtalk/carla-venv/bin/python3 -m benchmarks.scripts.collect_gt --host localhost --port 2000 --role-name ego --map Town10HD_Opt --approach extension --out /home/youtalk/src/carla-autoware-extension-worktrees/bench-p0/benchmarks/results/A/run-031/gt.csv --count-lidar
      $ python3 -m benchmarks.scripts.clock_watchdog --clock-csv /home/youtalk/src/carla-autoware-extension-worktrees/bench-p0/benchmarks/results/A/run-031/clock.csv --stall-s 5 --grace-s 30 --marker /home/youtalk/src/carla-autoware-extension-worktrees/bench-p0/benchmarks/results/A/run-031/clock_stall.marker

 8. injector: clear-road objects + all-green signals (docker exec)
      $ docker exec -e ROS_DOMAIN_ID=0 autoware bash -lc '<setup> PYTHONPATH=/work:$PYTHONPATH python3 /work/benchmarks/injector/dummy_perception.py --tl-groups /work/benchmarks/config/tl_groups/Town10HD_Opt.yaml --grid-center 82.654 -37.160 --grid-size 315.157'

 9. arm: localization only (static) or route + engage (closed-loop)
      $ docker exec -e ROS_DOMAIN_ID=0 autoware bash -lc '<setup> python3 /work/benchmarks/injector/arm_and_goal.py --goal 74.869 66.891 2.926174  --timeout 60'
[INFO] [1785827307.351306888] [arm_and_goal]: waiting for /localization/kinematic_state >= 5 Hz over 5 s (timeout 60 s)
[INFO] [1785827308.581637124] [arm_and_goal]: arm observations [localized]: mode=-1 autonomous=False is_autoware_control_enabled=False is_autonomous_mode_available=False control_cmd_hz~0.00 n=0 nonzero_longitudinal=0/0 frac=nan peak_abs_velocity=0.000 ego_displacement_m=0.001 ego_speed_mps=0.000
[INFO] [1785827308.590056166] [arm_and_goal]: arm observations [pre-engage]: mode=-1 autonomous=False is_autoware_control_enabled=False is_autonomous_mode_available=False control_cmd_hz~0.00 n=0 nonzero_longitudinal=0/0 frac=nan peak_abs_velocity=0.000 ego_displacement_m=0.001 ego_speed_mps=0.000
[INFO] [1785827308.591909569] [arm_and_goal]: MRM config: /control/vehicle_cmd_gate use_emergency_handling=false (the perception-off false MRM; same configuration as the proven extension sequence and as every promoted gate number)
[WARN] [1785827308.593227019] [arm_and_goal]: change_to_autonomous: not yet ok (The target mode is not available. Please check the diagnostics.); retrying
[INFO] [1785827310.594859151] [arm_and_goal]: change_to_autonomous: SUCCEEDED -- per-approach observation, record it (R4.3); the proven /autoware/engage publish still runs next
[INFO] [1785827311.598548394] [arm_and_goal]: /autoware/engage: published engage=true x5
[INFO] [1785827315.194203066] [arm_and_goal]: post-engage state: mode_autonomous=True is_autoware_control_enabled=True (R4.3 observation; only mode_autonomous gates ARMED)
[INFO] [1785827315.194525763] [arm_and_goal]: arm observations [post-engage]: mode=2 autonomous=True is_autoware_control_enabled=True is_autonomous_mode_available=False control_cmd_hz~19.67 n=71 nonzero_longitudinal=66/71 frac=0.930 peak_abs_velocity=0.258 ego_displacement_m=0.027 ego_speed_mps=0.116
ARMED: localized, route set to (74.869, 66.891), autonomous engaged
      $ docker exec -e ROS_DOMAIN_ID=0 autoware bash -lc '<setup> timeout 25 ros2 topic echo --once --no-daemon /control/command/control_cmd'
      OK: /control/command/control_cmd is flowing

10. window: sleep 140s (closed-loop arm)
      $ sleep 140

11. teardown: watchdog + GT -> observer (SIGINT, to flush) -> stack -> sim
      $ bash /home/youtalk/src/carla-autoware-extension-worktrees/bench-p0/benchmarks/scripts/teardown.sh /home/youtalk/src/carla-autoware-extension-worktrees/bench-p0/benchmarks/results/A/run-031
teardown: SIGTERM clock watchdog (pid 1353834)
teardown: SIGINT container bench-observer
teardown: SIGTERM gt collector (pid 1353833)
teardown: SIGTERM resource sampler (pid 1353831)
teardown: SIGTERM run_e2e.sh (pid 1350261)
teardown: saved carla-editor.log (editor stdout/stderr from /tmp/carla-e2e.log)
teardown: docker compose down (/home/youtalk/src/carla-autoware-extension-worktrees/bench-p0/docker/compose.yaml)
teardown: done

12. finalize_rtf: fill resources.csv's rtf column from clock.csv
      $ python3 -m benchmarks.sampler.finalize_rtf --resources /home/youtalk/src/carla-autoware-extension-worktrees/bench-p0/benchmarks/results/A/run-031/resources.csv --clock /home/youtalk/src/carla-autoware-extension-worktrees/bench-p0/benchmarks/results/A/run-031/clock.csv

13. M5 gate: write quality.json (pose_error, goal, NDT rate, G1 ladder)
      $ python3 -m benchmarks.scripts.write_quality --run-dir /home/youtalk/src/carla-autoware-extension-worktrees/bench-p0/benchmarks/results/A/run-031
/home/youtalk/src/carla-autoware-extension-worktrees/bench-p0/benchmarks/results/A/run-031/quality.json: gate_pass=True branch=absolute ndt_rate_ratio=1.000 pose_err_max_m=0.192

14. exclusions: clock stall, short unpaced window, silent control gate
      $ if /home/youtalk/src/carla-autoware-extension-worktrees/bench-p0/benchmarks/results/A/run-031/clock_stall.marker exists: write_manifest --exclude 'stall:clock'
      none

15. smoke: the results tree renders through the real analysis path
      $ python3 -c 'benchmarks.report.summarize_run(/home/youtalk/src/carla-autoware-extension-worktrees/bench-p0/benchmarks/results/A/run-031); render_cell(/home/youtalk/src/carla-autoware-extension-worktrees/bench-p0/benchmarks/results/A)'
      OK (/home/youtalk/src/carla-autoware-extension-worktrees/bench-p0/benchmarks/results/A/run-031/report.md)

run 1/1 complete: /home/youtalk/src/carla-autoware-extension-worktrees/bench-p0/benchmarks/results/A/run-031

duel: pacing 120s floor before A (pair 7) -- inter-run host-idle time is a measurement condition, see the pacing block near the top of this script
duel: pacing done for A (pair 7) -- waited 120s total (floor 120s + top-up 0s), loadavg now 0.65

################ duel pair 7/10 -> A ################
=== A  arm=closed-loop  run 1/1 ===

 1. cell_info: resolve cell + class, check the arm
      cell=A approach=extension map=Town10HD_Opt carla=0.10-fork arms=[static closed-loop]
      topics=/home/youtalk/src/carla-autoware-extension-worktrees/bench-p0/benchmarks/config/observer_topics/A.yaml
      processes=/home/youtalk/src/carla-autoware-extension-worktrees/bench-p0/benchmarks/config/processes/A.yaml
      route=/home/youtalk/src/carla-autoware-extension-worktrees/bench-p0/benchmarks/config/routes/Town10HD_Opt.yaml  tl_groups=/home/youtalk/src/carla-autoware-extension-worktrees/bench-p0/benchmarks/config/tl_groups/Town10HD_Opt.yaml
      autoware_image=ghcr.io/autowarefoundation/autoware:universe-devel
      observer_image=bench-observer:universe-devel

 2. RUN_DIR: next gap-free index under results/A
      /home/youtalk/src/carla-autoware-extension-worktrees/bench-p0/benchmarks/results/A/run-032

 3. preflight: host load, disk, RPC port, stale SHM, engine BuildId
      $ bash /home/youtalk/src/carla-autoware-extension-worktrees/bench-p0/benchmarks/scripts/preflight.sh A --port 2000 --results-dir /home/youtalk/src/carla-autoware-extension-worktrees/bench-p0/benchmarks/results
      cpu_governor=powersave
      nproc=24
      loadavg=0.65
      results_fs=/home
      free_gb=452
      carla_rpc_port=2000
      shm_user_cleared=0
      shm_root_cleared=0
      shm_root_remaining=0
      engine_build_id=bc08ce19-f19c-46fe-808f-dbb2b0ddf41a
      carla_tree=/home/youtalk/src/carla-autoware-integration
      map_bundle_pin=town10_pcd_regen

 4. write_manifest: transport, versions, placement; excluded=false
      $ python3 -m benchmarks.scripts.write_manifest --run-dir /home/youtalk/src/carla-autoware-extension-worktrees/bench-p0/benchmarks/results/A/run-032 --cell A --arm closed-loop --rmw rmw_cyclonedds_cpp --shm off --dds-profile /home/youtalk/src/carla-autoware-extension-worktrees/bench-p0/docker/cyclonedds.xml --carla-version 0.10-fork --autoware-image ghcr.io/autowarefoundation/autoware:universe-devel --placement-json '<json>' --duel --duel-id A+B-cyc
      duel_admissible=true (--duel): this run WILL feed the primary duel's equivalence verdict

 5. cells/extension.sh: boot sim + stack, wait for readiness
      $ bash /home/youtalk/src/carla-autoware-extension-worktrees/bench-p0/benchmarks/cells/extension.sh up
OK: base_link anchor +0.00000000 m (no vehicle shift)
 Container autoware Creating 
 Container autoware Created 
 Container autoware Starting 
 Container autoware Started 
waiting up to 420s for CARLA + ego (log: /home/youtalk/src/carla-autoware-extension-worktrees/bench-p0/benchmarks/results/A/run-032/launch.log)
OK: CARLA up on port 2000 with a spawned ego

 6. observer: bench_observer container recording into the run dir
      $ cp /home/youtalk/src/carla-autoware-extension-worktrees/bench-p0/benchmarks/config/observer_topics/A.yaml /home/youtalk/src/carla-autoware-extension-worktrees/bench-p0/benchmarks/results/A/run-032/observer_topics.yaml
      $ docker run -d --name bench-observer --net=host --ipc=host -v /home/youtalk/src/carla-autoware-extension-worktrees/bench-p0/benchmarks/results/A/run-032:/out -e RMW_IMPLEMENTATION=rmw_cyclonedds_cpp -e CYCLONEDDS_URI=file:///dds-profile.xml -v /home/youtalk/src/carla-autoware-extension-worktrees/bench-p0/docker/cyclonedds.xml:/dds-profile.xml:ro bench-observer:universe-devel bash -lc '<sourced> exec bench_observer ...'

 7. sampler + collect_gt + clock_watchdog (background)
      $ python3 -m benchmarks.sampler.sample_resources --processes /home/youtalk/src/carla-autoware-extension-worktrees/bench-p0/benchmarks/config/processes/A.yaml --out /home/youtalk/src/carla-autoware-extension-worktrees/bench-p0/benchmarks/results/A/run-032/resources.csv --interval 1.0
      $ env PYTHONPATH=/home/youtalk/src/carla-autoware-extension-worktrees/bench-p0 /home/youtalk/carla-venv/bin/python3 -m benchmarks.scripts.collect_gt --host localhost --port 2000 --role-name ego --map Town10HD_Opt --approach extension --out /home/youtalk/src/carla-autoware-extension-worktrees/bench-p0/benchmarks/results/A/run-032/gt.csv --count-lidar
      $ python3 -m benchmarks.scripts.clock_watchdog --clock-csv /home/youtalk/src/carla-autoware-extension-worktrees/bench-p0/benchmarks/results/A/run-032/clock.csv --stall-s 5 --grace-s 30 --marker /home/youtalk/src/carla-autoware-extension-worktrees/bench-p0/benchmarks/results/A/run-032/clock_stall.marker

 8. injector: clear-road objects + all-green signals (docker exec)
      $ docker exec -e ROS_DOMAIN_ID=0 autoware bash -lc '<setup> PYTHONPATH=/work:$PYTHONPATH python3 /work/benchmarks/injector/dummy_perception.py --tl-groups /work/benchmarks/config/tl_groups/Town10HD_Opt.yaml --grid-center 82.654 -37.160 --grid-size 315.157'

 9. arm: localization only (static) or route + engage (closed-loop)
      $ docker exec -e ROS_DOMAIN_ID=0 autoware bash -lc '<setup> python3 /work/benchmarks/injector/arm_and_goal.py --goal 74.869 66.891 2.926174  --timeout 60'
[INFO] [1785827665.133909220] [arm_and_goal]: waiting for /localization/kinematic_state >= 5 Hz over 5 s (timeout 60 s)
[INFO] [1785827666.403163974] [arm_and_goal]: arm observations [localized]: mode=-1 autonomous=False is_autoware_control_enabled=False is_autonomous_mode_available=False control_cmd_hz~0.00 n=0 nonzero_longitudinal=0/0 frac=nan peak_abs_velocity=0.000 ego_displacement_m=0.004 ego_speed_mps=0.000
[INFO] [1785827666.413073137] [arm_and_goal]: arm observations [pre-engage]: mode=-1 autonomous=False is_autoware_control_enabled=False is_autonomous_mode_available=False control_cmd_hz~0.00 n=0 nonzero_longitudinal=0/0 frac=nan peak_abs_velocity=0.000 ego_displacement_m=0.004 ego_speed_mps=0.000
[INFO] [1785827666.415151449] [arm_and_goal]: MRM config: /control/vehicle_cmd_gate use_emergency_handling=false (the perception-off false MRM; same configuration as the proven extension sequence and as every promoted gate number)
[WARN] [1785827666.416783838] [arm_and_goal]: change_to_autonomous: not yet ok (The target mode is not available. Please check the diagnostics.); retrying
[INFO] [1785827668.418372394] [arm_and_goal]: change_to_autonomous: SUCCEEDED -- per-approach observation, record it (R4.3); the proven /autoware/engage publish still runs next
[INFO] [1785827669.422174788] [arm_and_goal]: /autoware/engage: published engage=true x5
[INFO] [1785827673.017266216] [arm_and_goal]: post-engage state: mode_autonomous=True is_autoware_control_enabled=True (R4.3 observation; only mode_autonomous gates ARMED)
[INFO] [1785827673.017449105] [arm_and_goal]: arm observations [post-engage]: mode=2 autonomous=True is_autoware_control_enabled=True is_autonomous_mode_available=False control_cmd_hz~20.00 n=72 nonzero_longitudinal=67/72 frac=0.931 peak_abs_velocity=0.259 ego_displacement_m=0.035 ego_speed_mps=0.129
ARMED: localized, route set to (74.869, 66.891), autonomous engaged
      $ docker exec -e ROS_DOMAIN_ID=0 autoware bash -lc '<setup> timeout 25 ros2 topic echo --once --no-daemon /control/command/control_cmd'
      OK: /control/command/control_cmd is flowing

10. window: sleep 140s (closed-loop arm)
      $ sleep 140

11. teardown: watchdog + GT -> observer (SIGINT, to flush) -> stack -> sim
      $ bash /home/youtalk/src/carla-autoware-extension-worktrees/bench-p0/benchmarks/scripts/teardown.sh /home/youtalk/src/carla-autoware-extension-worktrees/bench-p0/benchmarks/results/A/run-032
teardown: SIGTERM clock watchdog (pid 1366674)
teardown: SIGINT container bench-observer
teardown: SIGTERM gt collector (pid 1366673)
teardown: SIGTERM resource sampler (pid 1366672)
teardown: SIGTERM run_e2e.sh (pid 1363058)
teardown: saved carla-editor.log (editor stdout/stderr from /tmp/carla-e2e.log)
teardown: docker compose down (/home/youtalk/src/carla-autoware-extension-worktrees/bench-p0/docker/compose.yaml)
teardown: done

12. finalize_rtf: fill resources.csv's rtf column from clock.csv
      $ python3 -m benchmarks.sampler.finalize_rtf --resources /home/youtalk/src/carla-autoware-extension-worktrees/bench-p0/benchmarks/results/A/run-032/resources.csv --clock /home/youtalk/src/carla-autoware-extension-worktrees/bench-p0/benchmarks/results/A/run-032/clock.csv

13. M5 gate: write quality.json (pose_error, goal, NDT rate, G1 ladder)
      $ python3 -m benchmarks.scripts.write_quality --run-dir /home/youtalk/src/carla-autoware-extension-worktrees/bench-p0/benchmarks/results/A/run-032
/home/youtalk/src/carla-autoware-extension-worktrees/bench-p0/benchmarks/results/A/run-032/quality.json: gate_pass=True branch=absolute ndt_rate_ratio=0.998 pose_err_max_m=0.219

14. exclusions: clock stall, short unpaced window, silent control gate
      $ if /home/youtalk/src/carla-autoware-extension-worktrees/bench-p0/benchmarks/results/A/run-032/clock_stall.marker exists: write_manifest --exclude 'stall:clock'
      none

15. smoke: the results tree renders through the real analysis path
      $ python3 -c 'benchmarks.report.summarize_run(/home/youtalk/src/carla-autoware-extension-worktrees/bench-p0/benchmarks/results/A/run-032); render_cell(/home/youtalk/src/carla-autoware-extension-worktrees/bench-p0/benchmarks/results/A)'
      OK (/home/youtalk/src/carla-autoware-extension-worktrees/bench-p0/benchmarks/results/A/run-032/report.md)

run 1/1 complete: /home/youtalk/src/carla-autoware-extension-worktrees/bench-p0/benchmarks/results/A/run-032

duel: pacing 120s floor before B-cyc (pair 7) -- inter-run host-idle time is a measurement condition, see the pacing block near the top of this script
duel: pacing done for B-cyc (pair 7) -- waited 120s total (floor 120s + top-up 0s), loadavg now 0.82

################ duel pair 7/10 -> B-cyc ################
=== B-cyc  arm=closed-loop  run 1/1 ===

 1. cell_info: resolve cell + class, check the arm
      cell=B-cyc approach=tier4-native map=Town10HD_Opt carla=0.10-tier4 arms=[static closed-loop]
      transport: -> rmw_fastrtps_cpp, shm off, /home/youtalk/src/carla-autoware-extension-worktrees/bench-p0/benchmarks/observer/config/udp_only.xml (required for the tier4-native family)
      transport: -> rmw_cyclonedds_cpp, shm off, none (registered for cell B-cyc)
      topics=/home/youtalk/src/carla-autoware-extension-worktrees/bench-p0/benchmarks/config/observer_topics/B-cyc.yaml
      processes=/home/youtalk/src/carla-autoware-extension-worktrees/bench-p0/benchmarks/config/processes/B-cyc.yaml
      route=/home/youtalk/src/carla-autoware-extension-worktrees/bench-p0/benchmarks/config/routes/Town10HD_Opt.yaml  tl_groups=/home/youtalk/src/carla-autoware-extension-worktrees/bench-p0/benchmarks/config/tl_groups/Town10HD_Opt.yaml
      autoware_image=ghcr.io/autowarefoundation/autoware@sha256:5c22369a312f1cd8a03fb65b30c1ab542919c2c7a2cbd18e799956daef3ae8ee
      observer_image=bench-observer:universe-devel

 2. RUN_DIR: next gap-free index under results/B-cyc
      /home/youtalk/src/carla-autoware-extension-worktrees/bench-p0/benchmarks/results/B-cyc/run-018

 3. preflight: host load, disk, RPC port, stale SHM, engine BuildId
      $ bash /home/youtalk/src/carla-autoware-extension-worktrees/bench-p0/benchmarks/scripts/preflight.sh B-cyc --port 2000 --results-dir /home/youtalk/src/carla-autoware-extension-worktrees/bench-p0/benchmarks/results
OK: tier4 plugin artifacts are newer than every source under /home/youtalk/src/carla-autoware-native/LibCarla/source /home/youtalk/src/carla-autoware-native/Unreal/CarlaUnreal/Plugins/Carla/Source /home/youtalk/src/carla-autoware-native/LibCarla/CMakeLists.txt /home/youtalk/src/carla-autoware-native/CMake
OK: tier4 tree identity recorded
      cpu_governor=powersave
      nproc=24
      loadavg=0.82
      results_fs=/home
      free_gb=452
      carla_rpc_port=2000
      shm_user_cleared=0
      shm_root_cleared=0
      shm_root_remaining=0
      engine_build_id=bc08ce19-f19c-46fe-808f-dbb2b0ddf41a
      carla_tree=/home/youtalk/src/carla-autoware-native
      map_bundle_pin=town10_pcd_regen
      tier4_git_sha=6315b856f8faf2118578322eb20a2b902a45a384
      tier4_worktree=registered-patches
      tier4_worktree_paths_sha256=880c2127133214ea5fee1dff1efbf1b8b5c2e9a3a3a9de10156bc299026eafc6
      tier4_worktree_content_sha256=23038d8c20a6a0691f941bd9f0be427819a8151c81088c30cf67222764ed3e49
      tier4_plugin_sha256=26f95decb0b18dda86f73f6c1ebd2445a287d8dedde3f1cb1544bfffbd093c4e
      tier4_ros2_native_sha256=4485f7b6b74404729a605107a6b2c851286cd942c89db416e811677fc62f3149
      tier4_source_sha256=eb8aa9af8d91b65a587409771db0c08a47f3584076a06e18cd665d13db71f5e5
      tier4_plugin_mtime=1785782939
      tier4_ros2_native_mtime=1785786075
      tier4_newest_source_mtime=1785196190
      tier4_stale_ack=none
      tier4_stale_ack_reason=-
      tier4_stale_ack_source_sha256=-
      tier4_stale_ack_artifacts=-

 4. write_manifest: transport, versions, placement; excluded=false
      $ python3 -m benchmarks.scripts.write_manifest --run-dir /home/youtalk/src/carla-autoware-extension-worktrees/bench-p0/benchmarks/results/B-cyc/run-018 --cell B-cyc --arm closed-loop --rmw rmw_cyclonedds_cpp --shm off --dds-profile none --carla-version 0.10-tier4 --autoware-image ghcr.io/autowarefoundation/autoware@sha256:5c22369a312f1cd8a03fb65b30c1ab542919c2c7a2cbd18e799956daef3ae8ee --placement-json '<json>' --duel --duel-id A+B-cyc
      duel_admissible=true (--duel): this run WILL feed the primary duel's equivalence verdict

 5. cells/tier4-native.sh: boot sim + stack, wait for readiness
      $ bash /home/youtalk/src/carla-autoware-extension-worktrees/bench-p0/benchmarks/cells/tier4-native.sh up
OK: tier4 plugin artifacts are newer than every source under /home/youtalk/src/carla-autoware-native/LibCarla/source /home/youtalk/src/carla-autoware-native/Unreal/CarlaUnreal/Plugins/Carla/Source /home/youtalk/src/carla-autoware-native/LibCarla/CMakeLists.txt /home/youtalk/src/carla-autoware-native/CMake
OK: tier4 tree identity recorded
waiting up to 420s for CARLA RPC on 2000 (log: /home/youtalk/src/carla-autoware-extension-worktrees/bench-p0/benchmarks/results/B-cyc/run-018/launch.log)
OK: tier4 CARLA up on port 2000
starting the tier4 Autoware stack via /home/youtalk/src/carla-autoware-extension-worktrees/bench-p0/benchmarks/cells/tier4_autoware.sh
OK: base_link anchor -1.39706787 m matches /home/youtalk/src/carla-autoware-native/PythonAPI/examples/autoware_demo.py
starting the tier4 demo (ego + sensors + 20 Hz sync tick)
waiting up to 180s for CARLA + the tier4 ego
OK: tier4 ego + sensor rig up, world ticking at 20 Hz
OK: bringing Autoware up (map Town10HD_Opt, bundle /autoware_map/town10-regen) -- log /tmp/tier4-autoware.log
waiting up to 120s for /sensing/lidar/top/pointcloud_raw_ex to be readable in the container
OK: the fork's LiDAR is readable inside the stack (Task 9 rung 1 holds)
OK: concat relay /sensing/lidar/top/pointcloud_before_sync -> /sensing/lidar/concatenated/pointcloud
seeding localization at the ego's ground-truth map pose: 53.917 -141.136 -0.002 -0.004508
[INFO] [1785828013.032975575] [seed_localization]: seeding /localization/initialize at (53.917, -141.136, -0.002) yaw=-0.26 deg (timeout 90 s)
SEEDED: NDT locked within 1.0 m of (53.917, -141.136)
OK: NDT locked on the seeded pose
waiting up to 300s for /localization/kinematic_state
closed-loop arm: re-publishing /map/vector_map (ADVISORY -- never aborts)
{"advisory": true, "attempts": [{"attempt": 1, "monitor": {"topic_state_monitor_vector_map: map_topic_status": {"last_message_time": "15.11 [s]", "level": 0, "status": "OK"}}, "relog_after": {"lanelet2_map_visualization]: Map is loaded": 1, "vector_map_tf_generator]: broadcast static tf": 2}, "relog_before": {"lanelet2_map_visualization]: Map is loaded": 1, "vector_map_tf_generator]: broadcast static tf": 2}, "verified": true, "verified_relog": false, "verify_wait_s": 0.006}], "capture_wait_s": 6.002, "captured": true, "data_bytes": 1305281, "exit_code": 0, "matching_settled": true, "monitor_final": {"topic_state_monitor_vector_map: map_topic_status": {"last_message_time": "15.11 [s]", "level": 0, "status": "OK"}}, "pre_republish_delivered": true, "pre_republish_monitor": {"topic_state_monitor_vector_map: map_topic_status": {"last_message_time": "15.11 [s]", "level": 0, "status": "OK"}}, "process_exit_code": 0, "relog_final": {"lanelet2_map_visualization]: Map is loaded": 1, "vector_map_tf_generator]: broadcast static tf": 2}, "subscriber_count": 17, "topic": "/map/vector_map", "verdict_code": 0, "verified": true, "verified_relog": false}
OK: the /map/vector_map re-publish step RAN AND RECORDED A VERDICT -- which is NOT the same as the map being verified. Under --advisory the node exits 0 for every verdict it can reach, so read verdict_code in /home/youtalk/src/carla-autoware-extension-worktrees/bench-p0/benchmarks/results/B-cyc/run-018/vector-map-delivery.json: 0 verified (and the verified / verified_relog keys name which oracle saw it), exit 3 the capture never happened, 4 the publisher matching never settled, 5 the verification never went OK. Only 0 means the map was observed to arrive.
OK: tier4 Autoware stack up on Town10HD_Opt and localizing
OK: tier4 Autoware stack reported ready

 6. observer: bench_observer container recording into the run dir
      $ cp /home/youtalk/src/carla-autoware-extension-worktrees/bench-p0/benchmarks/config/observer_topics/B-cyc.yaml /home/youtalk/src/carla-autoware-extension-worktrees/bench-p0/benchmarks/results/B-cyc/run-018/observer_topics.yaml
      $ docker run -d --name bench-observer --net=host --ipc=host -v /home/youtalk/src/carla-autoware-extension-worktrees/bench-p0/benchmarks/results/B-cyc/run-018:/out -e RMW_IMPLEMENTATION=rmw_cyclonedds_cpp  bench-observer:universe-devel bash -lc '<sourced> exec bench_observer ...'

 7. sampler + collect_gt + clock_watchdog (background)
      $ python3 -m benchmarks.sampler.sample_resources --processes /home/youtalk/src/carla-autoware-extension-worktrees/bench-p0/benchmarks/config/processes/B-cyc.yaml --out /home/youtalk/src/carla-autoware-extension-worktrees/bench-p0/benchmarks/results/B-cyc/run-018/resources.csv --interval 1.0
      $ env PYTHONPATH=/home/youtalk/src/carla-autoware-extension-worktrees/bench-p0 /home/youtalk/carla-tier4-venv/bin/python3 -m benchmarks.scripts.collect_gt --host localhost --port 2000 --role-name ego --map Town10HD_Opt --approach tier4-native --out /home/youtalk/src/carla-autoware-extension-worktrees/bench-p0/benchmarks/results/B-cyc/run-018/gt.csv --count-lidar
      $ python3 -m benchmarks.scripts.clock_watchdog --clock-csv /home/youtalk/src/carla-autoware-extension-worktrees/bench-p0/benchmarks/results/B-cyc/run-018/clock.csv --stall-s 5 --grace-s 30 --marker /home/youtalk/src/carla-autoware-extension-worktrees/bench-p0/benchmarks/results/B-cyc/run-018/clock_stall.marker

 8. injector: clear-road objects + all-green signals (docker exec)
      $ docker exec -e ROS_DOMAIN_ID=0 autoware bash -lc '<setup> PYTHONPATH=/work:$PYTHONPATH python3 /work/benchmarks/injector/dummy_perception.py --tl-groups /work/benchmarks/config/tl_groups/Town10HD_Opt.yaml --grid-center 82.654 -37.160 --grid-size 315.157'

 9. arm: localization only (static) or route + engage (closed-loop)
      $ docker exec -e ROS_DOMAIN_ID=0 autoware bash -lc '<setup> python3 /work/benchmarks/injector/arm_and_goal.py --goal 74.869 66.891 2.926174  --timeout 60'
[INFO] [1785828034.016003241] [arm_and_goal]: waiting for /localization/kinematic_state >= 5 Hz over 5 s (timeout 60 s)
[INFO] [1785828035.244864286] [arm_and_goal]: arm observations [localized]: mode=-1 autonomous=False is_autoware_control_enabled=False is_autonomous_mode_available=False control_cmd_hz~1.00 n=3 nonzero_longitudinal=0/3 frac=0.000 peak_abs_velocity=0.000 ego_displacement_m=0.006 ego_speed_mps=0.000
[INFO] [1785828035.255200023] [arm_and_goal]: arm observations [pre-engage]: mode=-1 autonomous=False is_autoware_control_enabled=False is_autonomous_mode_available=False control_cmd_hz~1.00 n=3 nonzero_longitudinal=0/3 frac=0.000 peak_abs_velocity=0.000 ego_displacement_m=0.006 ego_speed_mps=0.000
[INFO] [1785828035.257190020] [arm_and_goal]: MRM config: /control/vehicle_cmd_gate use_emergency_handling=false (the perception-off false MRM; same configuration as the proven extension sequence and as every promoted gate number)
[WARN] [1785828035.258544699] [arm_and_goal]: change_to_autonomous: not yet ok (The target mode is not available. Please check the diagnostics.); retrying
[INFO] [1785828037.260851508] [arm_and_goal]: change_to_autonomous: SUCCEEDED -- per-approach observation, record it (R4.3); the proven /autoware/engage publish still runs next
[INFO] [1785828038.264012680] [arm_and_goal]: /autoware/engage: published engage=true x5
[INFO] [1785828038.994524446] [arm_and_goal]: post-engage state: mode_autonomous=True is_autoware_control_enabled=True (R4.3 observation; only mode_autonomous gates ARMED)
[INFO] [1785828038.994769935] [arm_and_goal]: arm observations [post-engage]: mode=2 autonomous=True is_autoware_control_enabled=True is_autonomous_mode_available=False control_cmd_hz~5.00 n=15 nonzero_longitudinal=12/15 frac=0.800 peak_abs_velocity=0.279 ego_displacement_m=0.043 ego_speed_mps=0.173
ARMED: localized, route set to (74.869, 66.891), autonomous engaged
      $ docker exec -e ROS_DOMAIN_ID=0 autoware bash -lc '<setup> timeout 25 ros2 topic echo --once --no-daemon /control/command/control_cmd'
      OK: /control/command/control_cmd is flowing

10. window: sleep 140s (closed-loop arm)
      $ sleep 140

11. teardown: watchdog + GT -> observer (SIGINT, to flush) -> stack -> sim
      $ bash /home/youtalk/src/carla-autoware-extension-worktrees/bench-p0/benchmarks/scripts/teardown.sh /home/youtalk/src/carla-autoware-extension-worktrees/bench-p0/benchmarks/results/B-cyc/run-018
teardown: SIGTERM clock watchdog (pid 1379396)
teardown: SIGINT container bench-observer
teardown: SIGTERM gt collector (pid 1379395)
teardown: SIGTERM resource sampler (pid 1379394)
stop: pid 441 (/tmp/tier4-concat-relay.pid) + 1 descendant(s)
stop: 2 of pid 441's tree still up; SIGINT
stop: pid 441 tree gone
stop: pid 121 (/tmp/tier4-autoware.pid) + 52 descendant(s)
stop: 53 of pid 121's tree still up; SIGINT
stop: pid 121 tree gone
autoware launch + concat relay stopped (2 pid file(s) checked, 55 process(es) in the recorded trees, 0 survivor(s); container now: 3 running, 3 defunct)
teardown: SIGTERM tier4 autoware_demo.py (pid 1376500)
teardown: SIGTERM carla (pid 1375871)
teardown: saved tier4-autoware.log
teardown: saved tier4-concat-relay.log
teardown: done

12. finalize_rtf: fill resources.csv's rtf column from clock.csv
      $ python3 -m benchmarks.sampler.finalize_rtf --resources /home/youtalk/src/carla-autoware-extension-worktrees/bench-p0/benchmarks/results/B-cyc/run-018/resources.csv --clock /home/youtalk/src/carla-autoware-extension-worktrees/bench-p0/benchmarks/results/B-cyc/run-018/clock.csv

13. M5 gate: write quality.json (pose_error, goal, NDT rate, G1 ladder)
      $ python3 -m benchmarks.scripts.write_quality --run-dir /home/youtalk/src/carla-autoware-extension-worktrees/bench-p0/benchmarks/results/B-cyc/run-018
/home/youtalk/src/carla-autoware-extension-worktrees/bench-p0/benchmarks/results/B-cyc/run-018/quality.json: gate_pass=True branch=absolute ndt_rate_ratio=1.000 pose_err_max_m=0.150

14. exclusions: clock stall, short unpaced window, silent control gate
      $ if /home/youtalk/src/carla-autoware-extension-worktrees/bench-p0/benchmarks/results/B-cyc/run-018/clock_stall.marker exists: write_manifest --exclude 'stall:clock'
      none

15. smoke: the results tree renders through the real analysis path
      $ python3 -c 'benchmarks.report.summarize_run(/home/youtalk/src/carla-autoware-extension-worktrees/bench-p0/benchmarks/results/B-cyc/run-018); render_cell(/home/youtalk/src/carla-autoware-extension-worktrees/bench-p0/benchmarks/results/B-cyc)'
      OK (/home/youtalk/src/carla-autoware-extension-worktrees/bench-p0/benchmarks/results/B-cyc/run-018/report.md)

run 1/1 complete: /home/youtalk/src/carla-autoware-extension-worktrees/bench-p0/benchmarks/results/B-cyc/run-018

duel: pacing 120s floor before B-cyc (pair 8) -- inter-run host-idle time is a measurement condition, see the pacing block near the top of this script
duel: pacing done for B-cyc (pair 8) -- waited 120s total (floor 120s + top-up 0s), loadavg now 0.46

################ duel pair 8/10 -> B-cyc ################
=== B-cyc  arm=closed-loop  run 1/1 ===

 1. cell_info: resolve cell + class, check the arm
      cell=B-cyc approach=tier4-native map=Town10HD_Opt carla=0.10-tier4 arms=[static closed-loop]
      transport: -> rmw_fastrtps_cpp, shm off, /home/youtalk/src/carla-autoware-extension-worktrees/bench-p0/benchmarks/observer/config/udp_only.xml (required for the tier4-native family)
      transport: -> rmw_cyclonedds_cpp, shm off, none (registered for cell B-cyc)
      topics=/home/youtalk/src/carla-autoware-extension-worktrees/bench-p0/benchmarks/config/observer_topics/B-cyc.yaml
      processes=/home/youtalk/src/carla-autoware-extension-worktrees/bench-p0/benchmarks/config/processes/B-cyc.yaml
      route=/home/youtalk/src/carla-autoware-extension-worktrees/bench-p0/benchmarks/config/routes/Town10HD_Opt.yaml  tl_groups=/home/youtalk/src/carla-autoware-extension-worktrees/bench-p0/benchmarks/config/tl_groups/Town10HD_Opt.yaml
      autoware_image=ghcr.io/autowarefoundation/autoware@sha256:5c22369a312f1cd8a03fb65b30c1ab542919c2c7a2cbd18e799956daef3ae8ee
      observer_image=bench-observer:universe-devel

 2. RUN_DIR: next gap-free index under results/B-cyc
      /home/youtalk/src/carla-autoware-extension-worktrees/bench-p0/benchmarks/results/B-cyc/run-019

 3. preflight: host load, disk, RPC port, stale SHM, engine BuildId
      $ bash /home/youtalk/src/carla-autoware-extension-worktrees/bench-p0/benchmarks/scripts/preflight.sh B-cyc --port 2000 --results-dir /home/youtalk/src/carla-autoware-extension-worktrees/bench-p0/benchmarks/results
OK: tier4 plugin artifacts are newer than every source under /home/youtalk/src/carla-autoware-native/LibCarla/source /home/youtalk/src/carla-autoware-native/Unreal/CarlaUnreal/Plugins/Carla/Source /home/youtalk/src/carla-autoware-native/LibCarla/CMakeLists.txt /home/youtalk/src/carla-autoware-native/CMake
OK: tier4 tree identity recorded
      cpu_governor=powersave
      nproc=24
      loadavg=0.46
      results_fs=/home
      free_gb=452
      carla_rpc_port=2000
      shm_user_cleared=84
      shm_root_cleared=0
      shm_root_remaining=0
      engine_build_id=bc08ce19-f19c-46fe-808f-dbb2b0ddf41a
      carla_tree=/home/youtalk/src/carla-autoware-native
      map_bundle_pin=town10_pcd_regen
      tier4_git_sha=6315b856f8faf2118578322eb20a2b902a45a384
      tier4_worktree=registered-patches
      tier4_worktree_paths_sha256=880c2127133214ea5fee1dff1efbf1b8b5c2e9a3a3a9de10156bc299026eafc6
      tier4_worktree_content_sha256=23038d8c20a6a0691f941bd9f0be427819a8151c81088c30cf67222764ed3e49
      tier4_plugin_sha256=26f95decb0b18dda86f73f6c1ebd2445a287d8dedde3f1cb1544bfffbd093c4e
      tier4_ros2_native_sha256=4485f7b6b74404729a605107a6b2c851286cd942c89db416e811677fc62f3149
      tier4_source_sha256=eb8aa9af8d91b65a587409771db0c08a47f3584076a06e18cd665d13db71f5e5
      tier4_plugin_mtime=1785782939
      tier4_ros2_native_mtime=1785786075
      tier4_newest_source_mtime=1785196190
      tier4_stale_ack=none
      tier4_stale_ack_reason=-
      tier4_stale_ack_source_sha256=-
      tier4_stale_ack_artifacts=-

 4. write_manifest: transport, versions, placement; excluded=false
      $ python3 -m benchmarks.scripts.write_manifest --run-dir /home/youtalk/src/carla-autoware-extension-worktrees/bench-p0/benchmarks/results/B-cyc/run-019 --cell B-cyc --arm closed-loop --rmw rmw_cyclonedds_cpp --shm off --dds-profile none --carla-version 0.10-tier4 --autoware-image ghcr.io/autowarefoundation/autoware@sha256:5c22369a312f1cd8a03fb65b30c1ab542919c2c7a2cbd18e799956daef3ae8ee --placement-json '<json>' --duel --duel-id A+B-cyc
      duel_admissible=true (--duel): this run WILL feed the primary duel's equivalence verdict

 5. cells/tier4-native.sh: boot sim + stack, wait for readiness
      $ bash /home/youtalk/src/carla-autoware-extension-worktrees/bench-p0/benchmarks/cells/tier4-native.sh up
OK: tier4 plugin artifacts are newer than every source under /home/youtalk/src/carla-autoware-native/LibCarla/source /home/youtalk/src/carla-autoware-native/Unreal/CarlaUnreal/Plugins/Carla/Source /home/youtalk/src/carla-autoware-native/LibCarla/CMakeLists.txt /home/youtalk/src/carla-autoware-native/CMake
OK: tier4 tree identity recorded
waiting up to 420s for CARLA RPC on 2000 (log: /home/youtalk/src/carla-autoware-extension-worktrees/bench-p0/benchmarks/results/B-cyc/run-019/launch.log)
OK: tier4 CARLA up on port 2000
starting the tier4 Autoware stack via /home/youtalk/src/carla-autoware-extension-worktrees/bench-p0/benchmarks/cells/tier4_autoware.sh
OK: base_link anchor -1.39706787 m matches /home/youtalk/src/carla-autoware-native/PythonAPI/examples/autoware_demo.py
starting the tier4 demo (ego + sensors + 20 Hz sync tick)
waiting up to 180s for CARLA + the tier4 ego
OK: tier4 ego + sensor rig up, world ticking at 20 Hz
OK: bringing Autoware up (map Town10HD_Opt, bundle /autoware_map/town10-regen) -- log /tmp/tier4-autoware.log
waiting up to 120s for /sensing/lidar/top/pointcloud_raw_ex to be readable in the container
OK: the fork's LiDAR is readable inside the stack (Task 9 rung 1 holds)
OK: concat relay /sensing/lidar/top/pointcloud_before_sync -> /sensing/lidar/concatenated/pointcloud
seeding localization at the ego's ground-truth map pose: 53.917 -141.136 -0.002 -0.004490
[INFO] [1785828369.250494243] [seed_localization]: seeding /localization/initialize at (53.917, -141.136, -0.002) yaw=-0.26 deg (timeout 90 s)
SEEDED: NDT locked within 1.0 m of (53.917, -141.136)
OK: NDT locked on the seeded pose
waiting up to 300s for /localization/kinematic_state
closed-loop arm: re-publishing /map/vector_map (ADVISORY -- never aborts)
{"advisory": true, "attempts": [{"attempt": 1, "monitor": {"topic_state_monitor_vector_map: map_topic_status": {"last_message_time": "15.07 [s]", "level": 0, "status": "OK"}}, "relog_after": {"lanelet2_map_visualization]: Map is loaded": 2, "vector_map_tf_generator]: broadcast static tf": 1}, "relog_before": {"lanelet2_map_visualization]: Map is loaded": 2, "vector_map_tf_generator]: broadcast static tf": 1}, "verified": true, "verified_relog": false, "verify_wait_s": 0.008}], "capture_wait_s": 6.027, "captured": true, "data_bytes": 1305281, "exit_code": 0, "matching_settled": true, "monitor_final": {"topic_state_monitor_vector_map: map_topic_status": {"last_message_time": "15.07 [s]", "level": 0, "status": "OK"}}, "pre_republish_delivered": true, "pre_republish_monitor": {"topic_state_monitor_vector_map: map_topic_status": {"last_message_time": "15.07 [s]", "level": 0, "status": "OK"}}, "process_exit_code": 0, "relog_final": {"lanelet2_map_visualization]: Map is loaded": 2, "vector_map_tf_generator]: broadcast static tf": 1}, "subscriber_count": 17, "topic": "/map/vector_map", "verdict_code": 0, "verified": true, "verified_relog": false}
OK: the /map/vector_map re-publish step RAN AND RECORDED A VERDICT -- which is NOT the same as the map being verified. Under --advisory the node exits 0 for every verdict it can reach, so read verdict_code in /home/youtalk/src/carla-autoware-extension-worktrees/bench-p0/benchmarks/results/B-cyc/run-019/vector-map-delivery.json: 0 verified (and the verified / verified_relog keys name which oracle saw it), exit 3 the capture never happened, 4 the publisher matching never settled, 5 the verification never went OK. Only 0 means the map was observed to arrive.
OK: tier4 Autoware stack up on Town10HD_Opt and localizing
OK: tier4 Autoware stack reported ready

 6. observer: bench_observer container recording into the run dir
      $ cp /home/youtalk/src/carla-autoware-extension-worktrees/bench-p0/benchmarks/config/observer_topics/B-cyc.yaml /home/youtalk/src/carla-autoware-extension-worktrees/bench-p0/benchmarks/results/B-cyc/run-019/observer_topics.yaml
      $ docker run -d --name bench-observer --net=host --ipc=host -v /home/youtalk/src/carla-autoware-extension-worktrees/bench-p0/benchmarks/results/B-cyc/run-019:/out -e RMW_IMPLEMENTATION=rmw_cyclonedds_cpp  bench-observer:universe-devel bash -lc '<sourced> exec bench_observer ...'

 7. sampler + collect_gt + clock_watchdog (background)
      $ python3 -m benchmarks.sampler.sample_resources --processes /home/youtalk/src/carla-autoware-extension-worktrees/bench-p0/benchmarks/config/processes/B-cyc.yaml --out /home/youtalk/src/carla-autoware-extension-worktrees/bench-p0/benchmarks/results/B-cyc/run-019/resources.csv --interval 1.0
      $ env PYTHONPATH=/home/youtalk/src/carla-autoware-extension-worktrees/bench-p0 /home/youtalk/carla-tier4-venv/bin/python3 -m benchmarks.scripts.collect_gt --host localhost --port 2000 --role-name ego --map Town10HD_Opt --approach tier4-native --out /home/youtalk/src/carla-autoware-extension-worktrees/bench-p0/benchmarks/results/B-cyc/run-019/gt.csv --count-lidar
      $ python3 -m benchmarks.scripts.clock_watchdog --clock-csv /home/youtalk/src/carla-autoware-extension-worktrees/bench-p0/benchmarks/results/B-cyc/run-019/clock.csv --stall-s 5 --grace-s 30 --marker /home/youtalk/src/carla-autoware-extension-worktrees/bench-p0/benchmarks/results/B-cyc/run-019/clock_stall.marker

 8. injector: clear-road objects + all-green signals (docker exec)
      $ docker exec -e ROS_DOMAIN_ID=0 autoware bash -lc '<setup> PYTHONPATH=/work:$PYTHONPATH python3 /work/benchmarks/injector/dummy_perception.py --tl-groups /work/benchmarks/config/tl_groups/Town10HD_Opt.yaml --grid-center 82.654 -37.160 --grid-size 315.157'

 9. arm: localization only (static) or route + engage (closed-loop)
      $ docker exec -e ROS_DOMAIN_ID=0 autoware bash -lc '<setup> python3 /work/benchmarks/injector/arm_and_goal.py --goal 74.869 66.891 2.926174  --timeout 60'
[INFO] [1785828390.149491809] [arm_and_goal]: waiting for /localization/kinematic_state >= 5 Hz over 5 s (timeout 60 s)
[INFO] [1785828391.359473144] [arm_and_goal]: arm observations [localized]: mode=-1 autonomous=False is_autoware_control_enabled=False is_autonomous_mode_available=False control_cmd_hz~1.00 n=3 nonzero_longitudinal=0/3 frac=0.000 peak_abs_velocity=0.000 ego_displacement_m=0.009 ego_speed_mps=0.000
[INFO] [1785828391.368752017] [arm_and_goal]: arm observations [pre-engage]: mode=-1 autonomous=False is_autoware_control_enabled=False is_autonomous_mode_available=False control_cmd_hz~1.00 n=3 nonzero_longitudinal=0/3 frac=0.000 peak_abs_velocity=0.000 ego_displacement_m=0.009 ego_speed_mps=0.000
[INFO] [1785828391.370878604] [arm_and_goal]: MRM config: /control/vehicle_cmd_gate use_emergency_handling=false (the perception-off false MRM; same configuration as the proven extension sequence and as every promoted gate number)
[WARN] [1785828391.372278683] [arm_and_goal]: change_to_autonomous: not yet ok (The target mode is not available. Please check the diagnostics.); retrying
[INFO] [1785828393.373990613] [arm_and_goal]: change_to_autonomous: SUCCEEDED -- per-approach observation, record it (R4.3); the proven /autoware/engage publish still runs next
[INFO] [1785828394.376918992] [arm_and_goal]: /autoware/engage: published engage=true x5
[INFO] [1785828395.159246017] [arm_and_goal]: post-engage state: mode_autonomous=True is_autoware_control_enabled=True (R4.3 observation; only mode_autonomous gates ARMED)
[INFO] [1785828395.159512183] [arm_and_goal]: arm observations [post-engage]: mode=2 autonomous=True is_autoware_control_enabled=True is_autonomous_mode_available=False control_cmd_hz~5.00 n=15 nonzero_longitudinal=10/15 frac=0.667 peak_abs_velocity=0.257 ego_displacement_m=0.029 ego_speed_mps=0.132
ARMED: localized, route set to (74.869, 66.891), autonomous engaged
      $ docker exec -e ROS_DOMAIN_ID=0 autoware bash -lc '<setup> timeout 25 ros2 topic echo --once --no-daemon /control/command/control_cmd'
      OK: /control/command/control_cmd is flowing

10. window: sleep 140s (closed-loop arm)
      $ sleep 140

11. teardown: watchdog + GT -> observer (SIGINT, to flush) -> stack -> sim
      $ bash /home/youtalk/src/carla-autoware-extension-worktrees/bench-p0/benchmarks/scripts/teardown.sh /home/youtalk/src/carla-autoware-extension-worktrees/bench-p0/benchmarks/results/B-cyc/run-019
teardown: SIGTERM clock watchdog (pid 1391322)
teardown: SIGINT container bench-observer
teardown: SIGTERM gt collector (pid 1391321)
teardown: SIGTERM resource sampler (pid 1391320)
stop: pid 439 (/tmp/tier4-concat-relay.pid) + 1 descendant(s)
stop: 2 of pid 439's tree still up; SIGINT
stop: pid 439 tree gone
stop: pid 119 (/tmp/tier4-autoware.pid) + 52 descendant(s)
stop: 53 of pid 119's tree still up; SIGINT
stop: pid 119 tree gone
autoware launch + concat relay stopped (2 pid file(s) checked, 55 process(es) in the recorded trees, 0 survivor(s); container now: 3 running, 3 defunct)
teardown: SIGTERM tier4 autoware_demo.py (pid 1388502)
teardown: SIGTERM carla (pid 1387902)
teardown: saved tier4-autoware.log
teardown: saved tier4-concat-relay.log
teardown: done

12. finalize_rtf: fill resources.csv's rtf column from clock.csv
      $ python3 -m benchmarks.sampler.finalize_rtf --resources /home/youtalk/src/carla-autoware-extension-worktrees/bench-p0/benchmarks/results/B-cyc/run-019/resources.csv --clock /home/youtalk/src/carla-autoware-extension-worktrees/bench-p0/benchmarks/results/B-cyc/run-019/clock.csv

13. M5 gate: write quality.json (pose_error, goal, NDT rate, G1 ladder)
      $ python3 -m benchmarks.scripts.write_quality --run-dir /home/youtalk/src/carla-autoware-extension-worktrees/bench-p0/benchmarks/results/B-cyc/run-019
/home/youtalk/src/carla-autoware-extension-worktrees/bench-p0/benchmarks/results/B-cyc/run-019/quality.json: gate_pass=True branch=absolute ndt_rate_ratio=1.000 pose_err_max_m=0.136

14. exclusions: clock stall, short unpaced window, silent control gate
      $ if /home/youtalk/src/carla-autoware-extension-worktrees/bench-p0/benchmarks/results/B-cyc/run-019/clock_stall.marker exists: write_manifest --exclude 'stall:clock'
      none

15. smoke: the results tree renders through the real analysis path
      $ python3 -c 'benchmarks.report.summarize_run(/home/youtalk/src/carla-autoware-extension-worktrees/bench-p0/benchmarks/results/B-cyc/run-019); render_cell(/home/youtalk/src/carla-autoware-extension-worktrees/bench-p0/benchmarks/results/B-cyc)'
      OK (/home/youtalk/src/carla-autoware-extension-worktrees/bench-p0/benchmarks/results/B-cyc/run-019/report.md)

run 1/1 complete: /home/youtalk/src/carla-autoware-extension-worktrees/bench-p0/benchmarks/results/B-cyc/run-019

duel: pacing 120s floor before A (pair 8) -- inter-run host-idle time is a measurement condition, see the pacing block near the top of this script
duel: pacing done for A (pair 8) -- waited 120s total (floor 120s + top-up 0s), loadavg now 0.32

################ duel pair 8/10 -> A ################
=== A  arm=closed-loop  run 1/1 ===

 1. cell_info: resolve cell + class, check the arm
      cell=A approach=extension map=Town10HD_Opt carla=0.10-fork arms=[static closed-loop]
      topics=/home/youtalk/src/carla-autoware-extension-worktrees/bench-p0/benchmarks/config/observer_topics/A.yaml
      processes=/home/youtalk/src/carla-autoware-extension-worktrees/bench-p0/benchmarks/config/processes/A.yaml
      route=/home/youtalk/src/carla-autoware-extension-worktrees/bench-p0/benchmarks/config/routes/Town10HD_Opt.yaml  tl_groups=/home/youtalk/src/carla-autoware-extension-worktrees/bench-p0/benchmarks/config/tl_groups/Town10HD_Opt.yaml
      autoware_image=ghcr.io/autowarefoundation/autoware:universe-devel
      observer_image=bench-observer:universe-devel

 2. RUN_DIR: next gap-free index under results/A
      /home/youtalk/src/carla-autoware-extension-worktrees/bench-p0/benchmarks/results/A/run-033

 3. preflight: host load, disk, RPC port, stale SHM, engine BuildId
      $ bash /home/youtalk/src/carla-autoware-extension-worktrees/bench-p0/benchmarks/scripts/preflight.sh A --port 2000 --results-dir /home/youtalk/src/carla-autoware-extension-worktrees/bench-p0/benchmarks/results
      cpu_governor=powersave
      nproc=24
      loadavg=0.32
      results_fs=/home
      free_gb=452
      carla_rpc_port=2000
      shm_user_cleared=84
      shm_root_cleared=0
      shm_root_remaining=0
      engine_build_id=bc08ce19-f19c-46fe-808f-dbb2b0ddf41a
      carla_tree=/home/youtalk/src/carla-autoware-integration
      map_bundle_pin=town10_pcd_regen

 4. write_manifest: transport, versions, placement; excluded=false
      $ python3 -m benchmarks.scripts.write_manifest --run-dir /home/youtalk/src/carla-autoware-extension-worktrees/bench-p0/benchmarks/results/A/run-033 --cell A --arm closed-loop --rmw rmw_cyclonedds_cpp --shm off --dds-profile /home/youtalk/src/carla-autoware-extension-worktrees/bench-p0/docker/cyclonedds.xml --carla-version 0.10-fork --autoware-image ghcr.io/autowarefoundation/autoware:universe-devel --placement-json '<json>' --duel --duel-id A+B-cyc
      duel_admissible=true (--duel): this run WILL feed the primary duel's equivalence verdict

 5. cells/extension.sh: boot sim + stack, wait for readiness
      $ bash /home/youtalk/src/carla-autoware-extension-worktrees/bench-p0/benchmarks/cells/extension.sh up
OK: base_link anchor +0.00000000 m (no vehicle shift)
 Container autoware Creating 
 Container autoware Created 
 Container autoware Starting 
 Container autoware Started 
waiting up to 420s for CARLA + ego (log: /home/youtalk/src/carla-autoware-extension-worktrees/bench-p0/benchmarks/results/A/run-033/launch.log)
OK: CARLA up on port 2000 with a spawned ego

 6. observer: bench_observer container recording into the run dir
      $ cp /home/youtalk/src/carla-autoware-extension-worktrees/bench-p0/benchmarks/config/observer_topics/A.yaml /home/youtalk/src/carla-autoware-extension-worktrees/bench-p0/benchmarks/results/A/run-033/observer_topics.yaml
      $ docker run -d --name bench-observer --net=host --ipc=host -v /home/youtalk/src/carla-autoware-extension-worktrees/bench-p0/benchmarks/results/A/run-033:/out -e RMW_IMPLEMENTATION=rmw_cyclonedds_cpp -e CYCLONEDDS_URI=file:///dds-profile.xml -v /home/youtalk/src/carla-autoware-extension-worktrees/bench-p0/docker/cyclonedds.xml:/dds-profile.xml:ro bench-observer:universe-devel bash -lc '<sourced> exec bench_observer ...'

 7. sampler + collect_gt + clock_watchdog (background)
      $ python3 -m benchmarks.sampler.sample_resources --processes /home/youtalk/src/carla-autoware-extension-worktrees/bench-p0/benchmarks/config/processes/A.yaml --out /home/youtalk/src/carla-autoware-extension-worktrees/bench-p0/benchmarks/results/A/run-033/resources.csv --interval 1.0
      $ env PYTHONPATH=/home/youtalk/src/carla-autoware-extension-worktrees/bench-p0 /home/youtalk/carla-venv/bin/python3 -m benchmarks.scripts.collect_gt --host localhost --port 2000 --role-name ego --map Town10HD_Opt --approach extension --out /home/youtalk/src/carla-autoware-extension-worktrees/bench-p0/benchmarks/results/A/run-033/gt.csv --count-lidar
      $ python3 -m benchmarks.scripts.clock_watchdog --clock-csv /home/youtalk/src/carla-autoware-extension-worktrees/bench-p0/benchmarks/results/A/run-033/clock.csv --stall-s 5 --grace-s 30 --marker /home/youtalk/src/carla-autoware-extension-worktrees/bench-p0/benchmarks/results/A/run-033/clock_stall.marker

 8. injector: clear-road objects + all-green signals (docker exec)
      $ docker exec -e ROS_DOMAIN_ID=0 autoware bash -lc '<setup> PYTHONPATH=/work:$PYTHONPATH python3 /work/benchmarks/injector/dummy_perception.py --tl-groups /work/benchmarks/config/tl_groups/Town10HD_Opt.yaml --grid-center 82.654 -37.160 --grid-size 315.157'

 9. arm: localization only (static) or route + engage (closed-loop)
      $ docker exec -e ROS_DOMAIN_ID=0 autoware bash -lc '<setup> python3 /work/benchmarks/injector/arm_and_goal.py --goal 74.869 66.891 2.926174  --timeout 60'
[INFO] [1785828734.571294862] [arm_and_goal]: waiting for /localization/kinematic_state >= 5 Hz over 5 s (timeout 60 s)
[INFO] [1785828735.779809270] [arm_and_goal]: arm observations [localized]: mode=-1 autonomous=False is_autoware_control_enabled=False is_autonomous_mode_available=False control_cmd_hz~0.00 n=0 nonzero_longitudinal=0/0 frac=nan peak_abs_velocity=0.000 ego_displacement_m=0.011 ego_speed_mps=0.000
[INFO] [1785828735.809289504] [arm_and_goal]: arm observations [pre-engage]: mode=-1 autonomous=False is_autoware_control_enabled=False is_autonomous_mode_available=False control_cmd_hz~0.00 n=0 nonzero_longitudinal=0/0 frac=nan peak_abs_velocity=0.000 ego_displacement_m=0.011 ego_speed_mps=0.000
[INFO] [1785828735.811458048] [arm_and_goal]: MRM config: /control/vehicle_cmd_gate use_emergency_handling=false (the perception-off false MRM; same configuration as the proven extension sequence and as every promoted gate number)
[WARN] [1785828735.813462173] [arm_and_goal]: change_to_autonomous: not yet ok (The target mode is not available. Please check the diagnostics.); retrying
[INFO] [1785828737.816248406] [arm_and_goal]: change_to_autonomous: SUCCEEDED -- per-approach observation, record it (R4.3); the proven /autoware/engage publish still runs next
[INFO] [1785828738.820154906] [arm_and_goal]: /autoware/engage: published engage=true x5
[INFO] [1785828742.393488443] [arm_and_goal]: post-engage state: mode_autonomous=True is_autoware_control_enabled=True (R4.3 observation; only mode_autonomous gates ARMED)
[INFO] [1785828742.393724871] [arm_and_goal]: arm observations [post-engage]: mode=2 autonomous=True is_autoware_control_enabled=True is_autonomous_mode_available=False control_cmd_hz~20.00 n=72 nonzero_longitudinal=67/72 frac=0.931 peak_abs_velocity=0.259 ego_displacement_m=0.029 ego_speed_mps=0.129
ARMED: localized, route set to (74.869, 66.891), autonomous engaged
      $ docker exec -e ROS_DOMAIN_ID=0 autoware bash -lc '<setup> timeout 25 ros2 topic echo --once --no-daemon /control/command/control_cmd'
      OK: /control/command/control_cmd is flowing

10. window: sleep 140s (closed-loop arm)
      $ sleep 140

11. teardown: watchdog + GT -> observer (SIGINT, to flush) -> stack -> sim
      $ bash /home/youtalk/src/carla-autoware-extension-worktrees/bench-p0/benchmarks/scripts/teardown.sh /home/youtalk/src/carla-autoware-extension-worktrees/bench-p0/benchmarks/results/A/run-033
teardown: SIGTERM clock watchdog (pid 1403526)
teardown: SIGINT container bench-observer
teardown: SIGTERM gt collector (pid 1403525)
teardown: SIGTERM resource sampler (pid 1403524)
teardown: SIGTERM run_e2e.sh (pid 1399935)
teardown: saved carla-editor.log (editor stdout/stderr from /tmp/carla-e2e.log)
teardown: docker compose down (/home/youtalk/src/carla-autoware-extension-worktrees/bench-p0/docker/compose.yaml)
teardown: done

12. finalize_rtf: fill resources.csv's rtf column from clock.csv
      $ python3 -m benchmarks.sampler.finalize_rtf --resources /home/youtalk/src/carla-autoware-extension-worktrees/bench-p0/benchmarks/results/A/run-033/resources.csv --clock /home/youtalk/src/carla-autoware-extension-worktrees/bench-p0/benchmarks/results/A/run-033/clock.csv

13. M5 gate: write quality.json (pose_error, goal, NDT rate, G1 ladder)
      $ python3 -m benchmarks.scripts.write_quality --run-dir /home/youtalk/src/carla-autoware-extension-worktrees/bench-p0/benchmarks/results/A/run-033
/home/youtalk/src/carla-autoware-extension-worktrees/bench-p0/benchmarks/results/A/run-033/quality.json: gate_pass=True branch=absolute ndt_rate_ratio=1.000 pose_err_max_m=0.290

14. exclusions: clock stall, short unpaced window, silent control gate
      $ if /home/youtalk/src/carla-autoware-extension-worktrees/bench-p0/benchmarks/results/A/run-033/clock_stall.marker exists: write_manifest --exclude 'stall:clock'
      none

15. smoke: the results tree renders through the real analysis path
      $ python3 -c 'benchmarks.report.summarize_run(/home/youtalk/src/carla-autoware-extension-worktrees/bench-p0/benchmarks/results/A/run-033); render_cell(/home/youtalk/src/carla-autoware-extension-worktrees/bench-p0/benchmarks/results/A)'
      OK (/home/youtalk/src/carla-autoware-extension-worktrees/bench-p0/benchmarks/results/A/run-033/report.md)

run 1/1 complete: /home/youtalk/src/carla-autoware-extension-worktrees/bench-p0/benchmarks/results/A/run-033

duel: pacing 120s floor before A (pair 9) -- inter-run host-idle time is a measurement condition, see the pacing block near the top of this script
duel: pacing done for A (pair 9) -- waited 120s total (floor 120s + top-up 0s), loadavg now 1.69

################ duel pair 9/10 -> A ################
=== A  arm=closed-loop  run 1/1 ===

 1. cell_info: resolve cell + class, check the arm
      cell=A approach=extension map=Town10HD_Opt carla=0.10-fork arms=[static closed-loop]
      topics=/home/youtalk/src/carla-autoware-extension-worktrees/bench-p0/benchmarks/config/observer_topics/A.yaml
      processes=/home/youtalk/src/carla-autoware-extension-worktrees/bench-p0/benchmarks/config/processes/A.yaml
      route=/home/youtalk/src/carla-autoware-extension-worktrees/bench-p0/benchmarks/config/routes/Town10HD_Opt.yaml  tl_groups=/home/youtalk/src/carla-autoware-extension-worktrees/bench-p0/benchmarks/config/tl_groups/Town10HD_Opt.yaml
      autoware_image=ghcr.io/autowarefoundation/autoware:universe-devel
      observer_image=bench-observer:universe-devel

 2. RUN_DIR: next gap-free index under results/A
      /home/youtalk/src/carla-autoware-extension-worktrees/bench-p0/benchmarks/results/A/run-034

 3. preflight: host load, disk, RPC port, stale SHM, engine BuildId
      $ bash /home/youtalk/src/carla-autoware-extension-worktrees/bench-p0/benchmarks/scripts/preflight.sh A --port 2000 --results-dir /home/youtalk/src/carla-autoware-extension-worktrees/bench-p0/benchmarks/results
      cpu_governor=powersave
      nproc=24
      loadavg=1.69
      results_fs=/home
      free_gb=452
      carla_rpc_port=2000
      shm_user_cleared=0
      shm_root_cleared=0
      shm_root_remaining=0
      engine_build_id=bc08ce19-f19c-46fe-808f-dbb2b0ddf41a
      carla_tree=/home/youtalk/src/carla-autoware-integration
      map_bundle_pin=town10_pcd_regen

 4. write_manifest: transport, versions, placement; excluded=false
      $ python3 -m benchmarks.scripts.write_manifest --run-dir /home/youtalk/src/carla-autoware-extension-worktrees/bench-p0/benchmarks/results/A/run-034 --cell A --arm closed-loop --rmw rmw_cyclonedds_cpp --shm off --dds-profile /home/youtalk/src/carla-autoware-extension-worktrees/bench-p0/docker/cyclonedds.xml --carla-version 0.10-fork --autoware-image ghcr.io/autowarefoundation/autoware:universe-devel --placement-json '<json>' --duel --duel-id A+B-cyc
      duel_admissible=true (--duel): this run WILL feed the primary duel's equivalence verdict

 5. cells/extension.sh: boot sim + stack, wait for readiness
      $ bash /home/youtalk/src/carla-autoware-extension-worktrees/bench-p0/benchmarks/cells/extension.sh up
OK: base_link anchor +0.00000000 m (no vehicle shift)
 Container autoware Creating 
 Container autoware Created 
 Container autoware Starting 
 Container autoware Started 
waiting up to 420s for CARLA + ego (log: /home/youtalk/src/carla-autoware-extension-worktrees/bench-p0/benchmarks/results/A/run-034/launch.log)
OK: CARLA up on port 2000 with a spawned ego

 6. observer: bench_observer container recording into the run dir
      $ cp /home/youtalk/src/carla-autoware-extension-worktrees/bench-p0/benchmarks/config/observer_topics/A.yaml /home/youtalk/src/carla-autoware-extension-worktrees/bench-p0/benchmarks/results/A/run-034/observer_topics.yaml
      $ docker run -d --name bench-observer --net=host --ipc=host -v /home/youtalk/src/carla-autoware-extension-worktrees/bench-p0/benchmarks/results/A/run-034:/out -e RMW_IMPLEMENTATION=rmw_cyclonedds_cpp -e CYCLONEDDS_URI=file:///dds-profile.xml -v /home/youtalk/src/carla-autoware-extension-worktrees/bench-p0/docker/cyclonedds.xml:/dds-profile.xml:ro bench-observer:universe-devel bash -lc '<sourced> exec bench_observer ...'

 7. sampler + collect_gt + clock_watchdog (background)
      $ python3 -m benchmarks.sampler.sample_resources --processes /home/youtalk/src/carla-autoware-extension-worktrees/bench-p0/benchmarks/config/processes/A.yaml --out /home/youtalk/src/carla-autoware-extension-worktrees/bench-p0/benchmarks/results/A/run-034/resources.csv --interval 1.0
      $ env PYTHONPATH=/home/youtalk/src/carla-autoware-extension-worktrees/bench-p0 /home/youtalk/carla-venv/bin/python3 -m benchmarks.scripts.collect_gt --host localhost --port 2000 --role-name ego --map Town10HD_Opt --approach extension --out /home/youtalk/src/carla-autoware-extension-worktrees/bench-p0/benchmarks/results/A/run-034/gt.csv --count-lidar
      $ python3 -m benchmarks.scripts.clock_watchdog --clock-csv /home/youtalk/src/carla-autoware-extension-worktrees/bench-p0/benchmarks/results/A/run-034/clock.csv --stall-s 5 --grace-s 30 --marker /home/youtalk/src/carla-autoware-extension-worktrees/bench-p0/benchmarks/results/A/run-034/clock_stall.marker

 8. injector: clear-road objects + all-green signals (docker exec)
      $ docker exec -e ROS_DOMAIN_ID=0 autoware bash -lc '<setup> PYTHONPATH=/work:$PYTHONPATH python3 /work/benchmarks/injector/dummy_perception.py --tl-groups /work/benchmarks/config/tl_groups/Town10HD_Opt.yaml --grid-center 82.654 -37.160 --grid-size 315.157'

 9. arm: localization only (static) or route + engage (closed-loop)
      $ docker exec -e ROS_DOMAIN_ID=0 autoware bash -lc '<setup> python3 /work/benchmarks/injector/arm_and_goal.py --goal 74.869 66.891 2.926174  --timeout 60'
[INFO] [1785829093.391182935] [arm_and_goal]: waiting for /localization/kinematic_state >= 5 Hz over 5 s (timeout 60 s)
[INFO] [1785829094.609592431] [arm_and_goal]: arm observations [localized]: mode=-1 autonomous=False is_autoware_control_enabled=False is_autonomous_mode_available=False control_cmd_hz~0.00 n=0 nonzero_longitudinal=0/0 frac=nan peak_abs_velocity=0.000 ego_displacement_m=0.005 ego_speed_mps=0.000
[INFO] [1785829094.627786614] [arm_and_goal]: arm observations [pre-engage]: mode=-1 autonomous=False is_autoware_control_enabled=False is_autonomous_mode_available=False control_cmd_hz~0.00 n=0 nonzero_longitudinal=0/0 frac=nan peak_abs_velocity=0.000 ego_displacement_m=0.005 ego_speed_mps=0.000
[INFO] [1785829094.629670470] [arm_and_goal]: MRM config: /control/vehicle_cmd_gate use_emergency_handling=false (the perception-off false MRM; same configuration as the proven extension sequence and as every promoted gate number)
[WARN] [1785829094.631207679] [arm_and_goal]: change_to_autonomous: not yet ok (The target mode is not available. Please check the diagnostics.); retrying
[INFO] [1785829096.633370994] [arm_and_goal]: change_to_autonomous: SUCCEEDED -- per-approach observation, record it (R4.3); the proven /autoware/engage publish still runs next
[INFO] [1785829097.637406420] [arm_and_goal]: /autoware/engage: published engage=true x5
[INFO] [1785829101.221800215] [arm_and_goal]: post-engage state: mode_autonomous=True is_autoware_control_enabled=True (R4.3 observation; only mode_autonomous gates ARMED)
[INFO] [1785829101.222058383] [arm_and_goal]: arm observations [post-engage]: mode=2 autonomous=True is_autoware_control_enabled=True is_autonomous_mode_available=False control_cmd_hz~19.67 n=71 nonzero_longitudinal=66/71 frac=0.930 peak_abs_velocity=0.258 ego_displacement_m=0.032 ego_speed_mps=0.116
ARMED: localized, route set to (74.869, 66.891), autonomous engaged
      $ docker exec -e ROS_DOMAIN_ID=0 autoware bash -lc '<setup> timeout 25 ros2 topic echo --once --no-daemon /control/command/control_cmd'
      OK: /control/command/control_cmd is flowing

10. window: sleep 140s (closed-loop arm)
      $ sleep 140

11. teardown: watchdog + GT -> observer (SIGINT, to flush) -> stack -> sim
      $ bash /home/youtalk/src/carla-autoware-extension-worktrees/bench-p0/benchmarks/scripts/teardown.sh /home/youtalk/src/carla-autoware-extension-worktrees/bench-p0/benchmarks/results/A/run-034
teardown: SIGTERM clock watchdog (pid 1416160)
teardown: SIGINT container bench-observer
teardown: SIGTERM gt collector (pid 1416159)
teardown: SIGTERM resource sampler (pid 1416158)
teardown: SIGTERM run_e2e.sh (pid 1412510)
teardown: saved carla-editor.log (editor stdout/stderr from /tmp/carla-e2e.log)
teardown: docker compose down (/home/youtalk/src/carla-autoware-extension-worktrees/bench-p0/docker/compose.yaml)
teardown: done

12. finalize_rtf: fill resources.csv's rtf column from clock.csv
      $ python3 -m benchmarks.sampler.finalize_rtf --resources /home/youtalk/src/carla-autoware-extension-worktrees/bench-p0/benchmarks/results/A/run-034/resources.csv --clock /home/youtalk/src/carla-autoware-extension-worktrees/bench-p0/benchmarks/results/A/run-034/clock.csv

13. M5 gate: write quality.json (pose_error, goal, NDT rate, G1 ladder)
      $ python3 -m benchmarks.scripts.write_quality --run-dir /home/youtalk/src/carla-autoware-extension-worktrees/bench-p0/benchmarks/results/A/run-034
/home/youtalk/src/carla-autoware-extension-worktrees/bench-p0/benchmarks/results/A/run-034/quality.json: gate_pass=True branch=absolute ndt_rate_ratio=1.000 pose_err_max_m=0.191

14. exclusions: clock stall, short unpaced window, silent control gate
      $ if /home/youtalk/src/carla-autoware-extension-worktrees/bench-p0/benchmarks/results/A/run-034/clock_stall.marker exists: write_manifest --exclude 'stall:clock'
      none

15. smoke: the results tree renders through the real analysis path
      $ python3 -c 'benchmarks.report.summarize_run(/home/youtalk/src/carla-autoware-extension-worktrees/bench-p0/benchmarks/results/A/run-034); render_cell(/home/youtalk/src/carla-autoware-extension-worktrees/bench-p0/benchmarks/results/A)'
      OK (/home/youtalk/src/carla-autoware-extension-worktrees/bench-p0/benchmarks/results/A/run-034/report.md)

run 1/1 complete: /home/youtalk/src/carla-autoware-extension-worktrees/bench-p0/benchmarks/results/A/run-034

duel: pacing 120s floor before B-cyc (pair 9) -- inter-run host-idle time is a measurement condition, see the pacing block near the top of this script
duel: pacing done for B-cyc (pair 9) -- waited 120s total (floor 120s + top-up 0s), loadavg now 0.72

################ duel pair 9/10 -> B-cyc ################
=== B-cyc  arm=closed-loop  run 1/1 ===

 1. cell_info: resolve cell + class, check the arm
      cell=B-cyc approach=tier4-native map=Town10HD_Opt carla=0.10-tier4 arms=[static closed-loop]
      transport: -> rmw_fastrtps_cpp, shm off, /home/youtalk/src/carla-autoware-extension-worktrees/bench-p0/benchmarks/observer/config/udp_only.xml (required for the tier4-native family)
      transport: -> rmw_cyclonedds_cpp, shm off, none (registered for cell B-cyc)
      topics=/home/youtalk/src/carla-autoware-extension-worktrees/bench-p0/benchmarks/config/observer_topics/B-cyc.yaml
      processes=/home/youtalk/src/carla-autoware-extension-worktrees/bench-p0/benchmarks/config/processes/B-cyc.yaml
      route=/home/youtalk/src/carla-autoware-extension-worktrees/bench-p0/benchmarks/config/routes/Town10HD_Opt.yaml  tl_groups=/home/youtalk/src/carla-autoware-extension-worktrees/bench-p0/benchmarks/config/tl_groups/Town10HD_Opt.yaml
      autoware_image=ghcr.io/autowarefoundation/autoware@sha256:5c22369a312f1cd8a03fb65b30c1ab542919c2c7a2cbd18e799956daef3ae8ee
      observer_image=bench-observer:universe-devel

 2. RUN_DIR: next gap-free index under results/B-cyc
      /home/youtalk/src/carla-autoware-extension-worktrees/bench-p0/benchmarks/results/B-cyc/run-020

 3. preflight: host load, disk, RPC port, stale SHM, engine BuildId
      $ bash /home/youtalk/src/carla-autoware-extension-worktrees/bench-p0/benchmarks/scripts/preflight.sh B-cyc --port 2000 --results-dir /home/youtalk/src/carla-autoware-extension-worktrees/bench-p0/benchmarks/results
OK: tier4 plugin artifacts are newer than every source under /home/youtalk/src/carla-autoware-native/LibCarla/source /home/youtalk/src/carla-autoware-native/Unreal/CarlaUnreal/Plugins/Carla/Source /home/youtalk/src/carla-autoware-native/LibCarla/CMakeLists.txt /home/youtalk/src/carla-autoware-native/CMake
OK: tier4 tree identity recorded
      cpu_governor=powersave
      nproc=24
      loadavg=0.72
      results_fs=/home
      free_gb=452
      carla_rpc_port=2000
      shm_user_cleared=0
      shm_root_cleared=0
      shm_root_remaining=0
      engine_build_id=bc08ce19-f19c-46fe-808f-dbb2b0ddf41a
      carla_tree=/home/youtalk/src/carla-autoware-native
      map_bundle_pin=town10_pcd_regen
      tier4_git_sha=6315b856f8faf2118578322eb20a2b902a45a384
      tier4_worktree=registered-patches
      tier4_worktree_paths_sha256=880c2127133214ea5fee1dff1efbf1b8b5c2e9a3a3a9de10156bc299026eafc6
      tier4_worktree_content_sha256=23038d8c20a6a0691f941bd9f0be427819a8151c81088c30cf67222764ed3e49
      tier4_plugin_sha256=26f95decb0b18dda86f73f6c1ebd2445a287d8dedde3f1cb1544bfffbd093c4e
      tier4_ros2_native_sha256=4485f7b6b74404729a605107a6b2c851286cd942c89db416e811677fc62f3149
      tier4_source_sha256=eb8aa9af8d91b65a587409771db0c08a47f3584076a06e18cd665d13db71f5e5
      tier4_plugin_mtime=1785782939
      tier4_ros2_native_mtime=1785786075
      tier4_newest_source_mtime=1785196190
      tier4_stale_ack=none
      tier4_stale_ack_reason=-
      tier4_stale_ack_source_sha256=-
      tier4_stale_ack_artifacts=-

 4. write_manifest: transport, versions, placement; excluded=false
      $ python3 -m benchmarks.scripts.write_manifest --run-dir /home/youtalk/src/carla-autoware-extension-worktrees/bench-p0/benchmarks/results/B-cyc/run-020 --cell B-cyc --arm closed-loop --rmw rmw_cyclonedds_cpp --shm off --dds-profile none --carla-version 0.10-tier4 --autoware-image ghcr.io/autowarefoundation/autoware@sha256:5c22369a312f1cd8a03fb65b30c1ab542919c2c7a2cbd18e799956daef3ae8ee --placement-json '<json>' --duel --duel-id A+B-cyc
      duel_admissible=true (--duel): this run WILL feed the primary duel's equivalence verdict

 5. cells/tier4-native.sh: boot sim + stack, wait for readiness
      $ bash /home/youtalk/src/carla-autoware-extension-worktrees/bench-p0/benchmarks/cells/tier4-native.sh up
OK: tier4 plugin artifacts are newer than every source under /home/youtalk/src/carla-autoware-native/LibCarla/source /home/youtalk/src/carla-autoware-native/Unreal/CarlaUnreal/Plugins/Carla/Source /home/youtalk/src/carla-autoware-native/LibCarla/CMakeLists.txt /home/youtalk/src/carla-autoware-native/CMake
OK: tier4 tree identity recorded
waiting up to 420s for CARLA RPC on 2000 (log: /home/youtalk/src/carla-autoware-extension-worktrees/bench-p0/benchmarks/results/B-cyc/run-020/launch.log)
OK: tier4 CARLA up on port 2000
starting the tier4 Autoware stack via /home/youtalk/src/carla-autoware-extension-worktrees/bench-p0/benchmarks/cells/tier4_autoware.sh
OK: base_link anchor -1.39706787 m matches /home/youtalk/src/carla-autoware-native/PythonAPI/examples/autoware_demo.py
starting the tier4 demo (ego + sensors + 20 Hz sync tick)
waiting up to 180s for CARLA + the tier4 ego
OK: tier4 ego + sensor rig up, world ticking at 20 Hz
OK: bringing Autoware up (map Town10HD_Opt, bundle /autoware_map/town10-regen) -- log /tmp/tier4-autoware.log
waiting up to 120s for /sensing/lidar/top/pointcloud_raw_ex to be readable in the container
OK: the fork's LiDAR is readable inside the stack (Task 9 rung 1 holds)
OK: concat relay /sensing/lidar/top/pointcloud_before_sync -> /sensing/lidar/concatenated/pointcloud
seeding localization at the ego's ground-truth map pose: 53.917 -141.136 -0.002 -0.004496
[INFO] [1785829440.139253374] [seed_localization]: seeding /localization/initialize at (53.917, -141.136, -0.002) yaw=-0.26 deg (timeout 90 s)
SEEDED: NDT locked within 1.0 m of (53.917, -141.136)
OK: NDT locked on the seeded pose
waiting up to 300s for /localization/kinematic_state
closed-loop arm: re-publishing /map/vector_map (ADVISORY -- never aborts)
{"advisory": true, "attempts": [{"attempt": 1, "monitor": {"topic_state_monitor_vector_map: map_topic_status": {"last_message_time": "15.28 [s]", "level": 0, "status": "OK"}}, "relog_after": {"lanelet2_map_visualization]: Map is loaded": 1, "vector_map_tf_generator]: broadcast static tf": 2}, "relog_before": {"lanelet2_map_visualization]: Map is loaded": 1, "vector_map_tf_generator]: broadcast static tf": 2}, "verified": true, "verified_relog": false, "verify_wait_s": 0.006}], "capture_wait_s": 6.039, "captured": true, "data_bytes": 1305281, "exit_code": 0, "matching_settled": true, "monitor_final": {"topic_state_monitor_vector_map: map_topic_status": {"last_message_time": "15.28 [s]", "level": 0, "status": "OK"}}, "pre_republish_delivered": true, "pre_republish_monitor": {"topic_state_monitor_vector_map: map_topic_status": {"last_message_time": "15.28 [s]", "level": 0, "status": "OK"}}, "process_exit_code": 0, "relog_final": {"lanelet2_map_visualization]: Map is loaded": 1, "vector_map_tf_generator]: broadcast static tf": 2}, "subscriber_count": 17, "topic": "/map/vector_map", "verdict_code": 0, "verified": true, "verified_relog": false}
OK: the /map/vector_map re-publish step RAN AND RECORDED A VERDICT -- which is NOT the same as the map being verified. Under --advisory the node exits 0 for every verdict it can reach, so read verdict_code in /home/youtalk/src/carla-autoware-extension-worktrees/bench-p0/benchmarks/results/B-cyc/run-020/vector-map-delivery.json: 0 verified (and the verified / verified_relog keys name which oracle saw it), exit 3 the capture never happened, 4 the publisher matching never settled, 5 the verification never went OK. Only 0 means the map was observed to arrive.
OK: tier4 Autoware stack up on Town10HD_Opt and localizing
OK: tier4 Autoware stack reported ready

 6. observer: bench_observer container recording into the run dir
      $ cp /home/youtalk/src/carla-autoware-extension-worktrees/bench-p0/benchmarks/config/observer_topics/B-cyc.yaml /home/youtalk/src/carla-autoware-extension-worktrees/bench-p0/benchmarks/results/B-cyc/run-020/observer_topics.yaml
      $ docker run -d --name bench-observer --net=host --ipc=host -v /home/youtalk/src/carla-autoware-extension-worktrees/bench-p0/benchmarks/results/B-cyc/run-020:/out -e RMW_IMPLEMENTATION=rmw_cyclonedds_cpp  bench-observer:universe-devel bash -lc '<sourced> exec bench_observer ...'

 7. sampler + collect_gt + clock_watchdog (background)
      $ python3 -m benchmarks.sampler.sample_resources --processes /home/youtalk/src/carla-autoware-extension-worktrees/bench-p0/benchmarks/config/processes/B-cyc.yaml --out /home/youtalk/src/carla-autoware-extension-worktrees/bench-p0/benchmarks/results/B-cyc/run-020/resources.csv --interval 1.0
      $ env PYTHONPATH=/home/youtalk/src/carla-autoware-extension-worktrees/bench-p0 /home/youtalk/carla-tier4-venv/bin/python3 -m benchmarks.scripts.collect_gt --host localhost --port 2000 --role-name ego --map Town10HD_Opt --approach tier4-native --out /home/youtalk/src/carla-autoware-extension-worktrees/bench-p0/benchmarks/results/B-cyc/run-020/gt.csv --count-lidar
      $ python3 -m benchmarks.scripts.clock_watchdog --clock-csv /home/youtalk/src/carla-autoware-extension-worktrees/bench-p0/benchmarks/results/B-cyc/run-020/clock.csv --stall-s 5 --grace-s 30 --marker /home/youtalk/src/carla-autoware-extension-worktrees/bench-p0/benchmarks/results/B-cyc/run-020/clock_stall.marker

 8. injector: clear-road objects + all-green signals (docker exec)
      $ docker exec -e ROS_DOMAIN_ID=0 autoware bash -lc '<setup> PYTHONPATH=/work:$PYTHONPATH python3 /work/benchmarks/injector/dummy_perception.py --tl-groups /work/benchmarks/config/tl_groups/Town10HD_Opt.yaml --grid-center 82.654 -37.160 --grid-size 315.157'

 9. arm: localization only (static) or route + engage (closed-loop)
      $ docker exec -e ROS_DOMAIN_ID=0 autoware bash -lc '<setup> python3 /work/benchmarks/injector/arm_and_goal.py --goal 74.869 66.891 2.926174  --timeout 60'
[INFO] [1785829461.913259219] [arm_and_goal]: waiting for /localization/kinematic_state >= 5 Hz over 5 s (timeout 60 s)
[INFO] [1785829463.141581725] [arm_and_goal]: arm observations [localized]: mode=-1 autonomous=False is_autoware_control_enabled=False is_autonomous_mode_available=False control_cmd_hz~0.67 n=2 nonzero_longitudinal=0/2 frac=0.000 peak_abs_velocity=0.000 ego_displacement_m=0.003 ego_speed_mps=0.000
[INFO] [1785829463.162762002] [arm_and_goal]: arm observations [pre-engage]: mode=-1 autonomous=False is_autoware_control_enabled=False is_autonomous_mode_available=False control_cmd_hz~0.67 n=2 nonzero_longitudinal=0/2 frac=0.000 peak_abs_velocity=0.000 ego_displacement_m=0.003 ego_speed_mps=0.000
[INFO] [1785829463.164898525] [arm_and_goal]: MRM config: /control/vehicle_cmd_gate use_emergency_handling=false (the perception-off false MRM; same configuration as the proven extension sequence and as every promoted gate number)
[WARN] [1785829463.166341260] [arm_and_goal]: change_to_autonomous: not yet ok (The target mode is not available. Please check the diagnostics.); retrying
[INFO] [1785829465.168234395] [arm_and_goal]: change_to_autonomous: SUCCEEDED -- per-approach observation, record it (R4.3); the proven /autoware/engage publish still runs next
[INFO] [1785829466.171345592] [arm_and_goal]: /autoware/engage: published engage=true x5
[INFO] [1785829466.890805442] [arm_and_goal]: post-engage state: mode_autonomous=True is_autoware_control_enabled=True (R4.3 observation; only mode_autonomous gates ARMED)
[INFO] [1785829466.890991295] [arm_and_goal]: arm observations [post-engage]: mode=2 autonomous=True is_autoware_control_enabled=True is_autonomous_mode_available=False control_cmd_hz~5.00 n=15 nonzero_longitudinal=11/15 frac=0.733 peak_abs_velocity=0.267 ego_displacement_m=0.034 ego_speed_mps=0.153
ARMED: localized, route set to (74.869, 66.891), autonomous engaged
      $ docker exec -e ROS_DOMAIN_ID=0 autoware bash -lc '<setup> timeout 25 ros2 topic echo --once --no-daemon /control/command/control_cmd'
      OK: /control/command/control_cmd is flowing

10. window: sleep 140s (closed-loop arm)
      $ sleep 140

11. teardown: watchdog + GT -> observer (SIGINT, to flush) -> stack -> sim
      $ bash /home/youtalk/src/carla-autoware-extension-worktrees/bench-p0/benchmarks/scripts/teardown.sh /home/youtalk/src/carla-autoware-extension-worktrees/bench-p0/benchmarks/results/B-cyc/run-020
teardown: SIGTERM clock watchdog (pid 1428710)
teardown: SIGINT container bench-observer
teardown: SIGTERM gt collector (pid 1428709)
teardown: SIGTERM resource sampler (pid 1428708)
stop: pid 439 (/tmp/tier4-concat-relay.pid) + 1 descendant(s)
stop: 2 of pid 439's tree still up; SIGINT
stop: pid 439 tree gone
stop: pid 119 (/tmp/tier4-autoware.pid) + 51 descendant(s)
stop: 52 of pid 119's tree still up; SIGINT
stop: pid 119 tree gone
autoware launch + concat relay stopped (2 pid file(s) checked, 54 process(es) in the recorded trees, 0 survivor(s); container now: 3 running, 3 defunct)
teardown: SIGTERM tier4 autoware_demo.py (pid 1425929)
teardown: SIGTERM carla (pid 1425210)
teardown: saved tier4-autoware.log
teardown: saved tier4-concat-relay.log
teardown: done

12. finalize_rtf: fill resources.csv's rtf column from clock.csv
      $ python3 -m benchmarks.sampler.finalize_rtf --resources /home/youtalk/src/carla-autoware-extension-worktrees/bench-p0/benchmarks/results/B-cyc/run-020/resources.csv --clock /home/youtalk/src/carla-autoware-extension-worktrees/bench-p0/benchmarks/results/B-cyc/run-020/clock.csv

13. M5 gate: write quality.json (pose_error, goal, NDT rate, G1 ladder)
      $ python3 -m benchmarks.scripts.write_quality --run-dir /home/youtalk/src/carla-autoware-extension-worktrees/bench-p0/benchmarks/results/B-cyc/run-020
/home/youtalk/src/carla-autoware-extension-worktrees/bench-p0/benchmarks/results/B-cyc/run-020/quality.json: gate_pass=True branch=absolute ndt_rate_ratio=1.000 pose_err_max_m=0.151

14. exclusions: clock stall, short unpaced window, silent control gate
      $ if /home/youtalk/src/carla-autoware-extension-worktrees/bench-p0/benchmarks/results/B-cyc/run-020/clock_stall.marker exists: write_manifest --exclude 'stall:clock'
      none

15. smoke: the results tree renders through the real analysis path
      $ python3 -c 'benchmarks.report.summarize_run(/home/youtalk/src/carla-autoware-extension-worktrees/bench-p0/benchmarks/results/B-cyc/run-020); render_cell(/home/youtalk/src/carla-autoware-extension-worktrees/bench-p0/benchmarks/results/B-cyc)'
      OK (/home/youtalk/src/carla-autoware-extension-worktrees/bench-p0/benchmarks/results/B-cyc/run-020/report.md)

run 1/1 complete: /home/youtalk/src/carla-autoware-extension-worktrees/bench-p0/benchmarks/results/B-cyc/run-020

duel: pacing 120s floor before B-cyc (pair 10) -- inter-run host-idle time is a measurement condition, see the pacing block near the top of this script
duel: pacing done for B-cyc (pair 10) -- waited 120s total (floor 120s + top-up 0s), loadavg now 1.22

################ duel pair 10/10 -> B-cyc ################
=== B-cyc  arm=closed-loop  run 1/1 ===

 1. cell_info: resolve cell + class, check the arm
      cell=B-cyc approach=tier4-native map=Town10HD_Opt carla=0.10-tier4 arms=[static closed-loop]
      transport: -> rmw_fastrtps_cpp, shm off, /home/youtalk/src/carla-autoware-extension-worktrees/bench-p0/benchmarks/observer/config/udp_only.xml (required for the tier4-native family)
      transport: -> rmw_cyclonedds_cpp, shm off, none (registered for cell B-cyc)
      topics=/home/youtalk/src/carla-autoware-extension-worktrees/bench-p0/benchmarks/config/observer_topics/B-cyc.yaml
      processes=/home/youtalk/src/carla-autoware-extension-worktrees/bench-p0/benchmarks/config/processes/B-cyc.yaml
      route=/home/youtalk/src/carla-autoware-extension-worktrees/bench-p0/benchmarks/config/routes/Town10HD_Opt.yaml  tl_groups=/home/youtalk/src/carla-autoware-extension-worktrees/bench-p0/benchmarks/config/tl_groups/Town10HD_Opt.yaml
      autoware_image=ghcr.io/autowarefoundation/autoware@sha256:5c22369a312f1cd8a03fb65b30c1ab542919c2c7a2cbd18e799956daef3ae8ee
      observer_image=bench-observer:universe-devel

 2. RUN_DIR: next gap-free index under results/B-cyc
      /home/youtalk/src/carla-autoware-extension-worktrees/bench-p0/benchmarks/results/B-cyc/run-021

 3. preflight: host load, disk, RPC port, stale SHM, engine BuildId
      $ bash /home/youtalk/src/carla-autoware-extension-worktrees/bench-p0/benchmarks/scripts/preflight.sh B-cyc --port 2000 --results-dir /home/youtalk/src/carla-autoware-extension-worktrees/bench-p0/benchmarks/results
OK: tier4 plugin artifacts are newer than every source under /home/youtalk/src/carla-autoware-native/LibCarla/source /home/youtalk/src/carla-autoware-native/Unreal/CarlaUnreal/Plugins/Carla/Source /home/youtalk/src/carla-autoware-native/LibCarla/CMakeLists.txt /home/youtalk/src/carla-autoware-native/CMake
OK: tier4 tree identity recorded
      cpu_governor=powersave
      nproc=24
      loadavg=1.22
      results_fs=/home
      free_gb=452
      carla_rpc_port=2000
      shm_user_cleared=84
      shm_root_cleared=0
      shm_root_remaining=0
      engine_build_id=bc08ce19-f19c-46fe-808f-dbb2b0ddf41a
      carla_tree=/home/youtalk/src/carla-autoware-native
      map_bundle_pin=town10_pcd_regen
      tier4_git_sha=6315b856f8faf2118578322eb20a2b902a45a384
      tier4_worktree=registered-patches
      tier4_worktree_paths_sha256=880c2127133214ea5fee1dff1efbf1b8b5c2e9a3a3a9de10156bc299026eafc6
      tier4_worktree_content_sha256=23038d8c20a6a0691f941bd9f0be427819a8151c81088c30cf67222764ed3e49
      tier4_plugin_sha256=26f95decb0b18dda86f73f6c1ebd2445a287d8dedde3f1cb1544bfffbd093c4e
      tier4_ros2_native_sha256=4485f7b6b74404729a605107a6b2c851286cd942c89db416e811677fc62f3149
      tier4_source_sha256=eb8aa9af8d91b65a587409771db0c08a47f3584076a06e18cd665d13db71f5e5
      tier4_plugin_mtime=1785782939
      tier4_ros2_native_mtime=1785786075
      tier4_newest_source_mtime=1785196190
      tier4_stale_ack=none
      tier4_stale_ack_reason=-
      tier4_stale_ack_source_sha256=-
      tier4_stale_ack_artifacts=-

 4. write_manifest: transport, versions, placement; excluded=false
      $ python3 -m benchmarks.scripts.write_manifest --run-dir /home/youtalk/src/carla-autoware-extension-worktrees/bench-p0/benchmarks/results/B-cyc/run-021 --cell B-cyc --arm closed-loop --rmw rmw_cyclonedds_cpp --shm off --dds-profile none --carla-version 0.10-tier4 --autoware-image ghcr.io/autowarefoundation/autoware@sha256:5c22369a312f1cd8a03fb65b30c1ab542919c2c7a2cbd18e799956daef3ae8ee --placement-json '<json>' --duel --duel-id A+B-cyc
      duel_admissible=true (--duel): this run WILL feed the primary duel's equivalence verdict

 5. cells/tier4-native.sh: boot sim + stack, wait for readiness
      $ bash /home/youtalk/src/carla-autoware-extension-worktrees/bench-p0/benchmarks/cells/tier4-native.sh up
OK: tier4 plugin artifacts are newer than every source under /home/youtalk/src/carla-autoware-native/LibCarla/source /home/youtalk/src/carla-autoware-native/Unreal/CarlaUnreal/Plugins/Carla/Source /home/youtalk/src/carla-autoware-native/LibCarla/CMakeLists.txt /home/youtalk/src/carla-autoware-native/CMake
OK: tier4 tree identity recorded
waiting up to 420s for CARLA RPC on 2000 (log: /home/youtalk/src/carla-autoware-extension-worktrees/bench-p0/benchmarks/results/B-cyc/run-021/launch.log)
OK: tier4 CARLA up on port 2000
starting the tier4 Autoware stack via /home/youtalk/src/carla-autoware-extension-worktrees/bench-p0/benchmarks/cells/tier4_autoware.sh
OK: base_link anchor -1.39706787 m matches /home/youtalk/src/carla-autoware-native/PythonAPI/examples/autoware_demo.py
starting the tier4 demo (ego + sensors + 20 Hz sync tick)
waiting up to 180s for CARLA + the tier4 ego
OK: tier4 ego + sensor rig up, world ticking at 20 Hz
OK: bringing Autoware up (map Town10HD_Opt, bundle /autoware_map/town10-regen) -- log /tmp/tier4-autoware.log
waiting up to 120s for /sensing/lidar/top/pointcloud_raw_ex to be readable in the container
OK: the fork's LiDAR is readable inside the stack (Task 9 rung 1 holds)
OK: concat relay /sensing/lidar/top/pointcloud_before_sync -> /sensing/lidar/concatenated/pointcloud
seeding localization at the ego's ground-truth map pose: 53.917 -141.136 -0.002 -0.004502
[INFO] [1785829796.912243538] [seed_localization]: seeding /localization/initialize at (53.917, -141.136, -0.002) yaw=-0.26 deg (timeout 90 s)
SEEDED: NDT locked within 1.0 m of (53.917, -141.136)
OK: NDT locked on the seeded pose
waiting up to 300s for /localization/kinematic_state
closed-loop arm: re-publishing /map/vector_map (ADVISORY -- never aborts)
{"advisory": true, "attempts": [{"attempt": 1, "monitor": {"topic_state_monitor_vector_map: map_topic_status": {"last_message_time": "15.34 [s]", "level": 0, "status": "OK"}}, "relog_after": {"lanelet2_map_visualization]: Map is loaded": 1, "vector_map_tf_generator]: broadcast static tf": 2}, "relog_before": {"lanelet2_map_visualization]: Map is loaded": 1, "vector_map_tf_generator]: broadcast static tf": 2}, "verified": true, "verified_relog": false, "verify_wait_s": 0.007}], "capture_wait_s": 6.009, "captured": true, "data_bytes": 1305281, "exit_code": 0, "matching_settled": true, "monitor_final": {"topic_state_monitor_vector_map: map_topic_status": {"last_message_time": "15.34 [s]", "level": 0, "status": "OK"}}, "pre_republish_delivered": true, "pre_republish_monitor": {"topic_state_monitor_vector_map: map_topic_status": {"last_message_time": "15.34 [s]", "level": 0, "status": "OK"}}, "process_exit_code": 0, "relog_final": {"lanelet2_map_visualization]: Map is loaded": 1, "vector_map_tf_generator]: broadcast static tf": 2}, "subscriber_count": 17, "topic": "/map/vector_map", "verdict_code": 0, "verified": true, "verified_relog": false}
OK: the /map/vector_map re-publish step RAN AND RECORDED A VERDICT -- which is NOT the same as the map being verified. Under --advisory the node exits 0 for every verdict it can reach, so read verdict_code in /home/youtalk/src/carla-autoware-extension-worktrees/bench-p0/benchmarks/results/B-cyc/run-021/vector-map-delivery.json: 0 verified (and the verified / verified_relog keys name which oracle saw it), exit 3 the capture never happened, 4 the publisher matching never settled, 5 the verification never went OK. Only 0 means the map was observed to arrive.
OK: tier4 Autoware stack up on Town10HD_Opt and localizing
OK: tier4 Autoware stack reported ready

 6. observer: bench_observer container recording into the run dir
      $ cp /home/youtalk/src/carla-autoware-extension-worktrees/bench-p0/benchmarks/config/observer_topics/B-cyc.yaml /home/youtalk/src/carla-autoware-extension-worktrees/bench-p0/benchmarks/results/B-cyc/run-021/observer_topics.yaml
      $ docker run -d --name bench-observer --net=host --ipc=host -v /home/youtalk/src/carla-autoware-extension-worktrees/bench-p0/benchmarks/results/B-cyc/run-021:/out -e RMW_IMPLEMENTATION=rmw_cyclonedds_cpp  bench-observer:universe-devel bash -lc '<sourced> exec bench_observer ...'

 7. sampler + collect_gt + clock_watchdog (background)
      $ python3 -m benchmarks.sampler.sample_resources --processes /home/youtalk/src/carla-autoware-extension-worktrees/bench-p0/benchmarks/config/processes/B-cyc.yaml --out /home/youtalk/src/carla-autoware-extension-worktrees/bench-p0/benchmarks/results/B-cyc/run-021/resources.csv --interval 1.0
      $ env PYTHONPATH=/home/youtalk/src/carla-autoware-extension-worktrees/bench-p0 /home/youtalk/carla-tier4-venv/bin/python3 -m benchmarks.scripts.collect_gt --host localhost --port 2000 --role-name ego --map Town10HD_Opt --approach tier4-native --out /home/youtalk/src/carla-autoware-extension-worktrees/bench-p0/benchmarks/results/B-cyc/run-021/gt.csv --count-lidar
      $ python3 -m benchmarks.scripts.clock_watchdog --clock-csv /home/youtalk/src/carla-autoware-extension-worktrees/bench-p0/benchmarks/results/B-cyc/run-021/clock.csv --stall-s 5 --grace-s 30 --marker /home/youtalk/src/carla-autoware-extension-worktrees/bench-p0/benchmarks/results/B-cyc/run-021/clock_stall.marker

 8. injector: clear-road objects + all-green signals (docker exec)
      $ docker exec -e ROS_DOMAIN_ID=0 autoware bash -lc '<setup> PYTHONPATH=/work:$PYTHONPATH python3 /work/benchmarks/injector/dummy_perception.py --tl-groups /work/benchmarks/config/tl_groups/Town10HD_Opt.yaml --grid-center 82.654 -37.160 --grid-size 315.157'

 9. arm: localization only (static) or route + engage (closed-loop)
      $ docker exec -e ROS_DOMAIN_ID=0 autoware bash -lc '<setup> python3 /work/benchmarks/injector/arm_and_goal.py --goal 74.869 66.891 2.926174  --timeout 60'
[INFO] [1785829818.617516737] [arm_and_goal]: waiting for /localization/kinematic_state >= 5 Hz over 5 s (timeout 60 s)
[INFO] [1785829819.807873073] [arm_and_goal]: arm observations [localized]: mode=-1 autonomous=False is_autoware_control_enabled=False is_autonomous_mode_available=False control_cmd_hz~1.00 n=3 nonzero_longitudinal=0/3 frac=0.000 peak_abs_velocity=0.000 ego_displacement_m=0.006 ego_speed_mps=0.000
[INFO] [1785829819.815050325] [arm_and_goal]: arm observations [pre-engage]: mode=-1 autonomous=False is_autoware_control_enabled=False is_autonomous_mode_available=False control_cmd_hz~1.00 n=3 nonzero_longitudinal=0/3 frac=0.000 peak_abs_velocity=0.000 ego_displacement_m=0.006 ego_speed_mps=0.000
[INFO] [1785829819.817266339] [arm_and_goal]: MRM config: /control/vehicle_cmd_gate use_emergency_handling=false (the perception-off false MRM; same configuration as the proven extension sequence and as every promoted gate number)
[WARN] [1785829819.819272732] [arm_and_goal]: change_to_autonomous: not yet ok (The target mode is not available. Please check the diagnostics.); retrying
[INFO] [1785829821.822290835] [arm_and_goal]: change_to_autonomous: SUCCEEDED -- per-approach observation, record it (R4.3); the proven /autoware/engage publish still runs next
[INFO] [1785829822.825696616] [arm_and_goal]: /autoware/engage: published engage=true x5
[INFO] [1785829823.557375476] [arm_and_goal]: post-engage state: mode_autonomous=True is_autoware_control_enabled=True (R4.3 observation; only mode_autonomous gates ARMED)
[INFO] [1785829823.557570243] [arm_and_goal]: arm observations [post-engage]: mode=2 autonomous=True is_autoware_control_enabled=True is_autonomous_mode_available=False control_cmd_hz~5.00 n=15 nonzero_longitudinal=11/15 frac=0.733 peak_abs_velocity=0.260 ego_displacement_m=0.030 ego_speed_mps=0.132
ARMED: localized, route set to (74.869, 66.891), autonomous engaged
      $ docker exec -e ROS_DOMAIN_ID=0 autoware bash -lc '<setup> timeout 25 ros2 topic echo --once --no-daemon /control/command/control_cmd'
      OK: /control/command/control_cmd is flowing

10. window: sleep 140s (closed-loop arm)
      $ sleep 140

11. teardown: watchdog + GT -> observer (SIGINT, to flush) -> stack -> sim
      $ bash /home/youtalk/src/carla-autoware-extension-worktrees/bench-p0/benchmarks/scripts/teardown.sh /home/youtalk/src/carla-autoware-extension-worktrees/bench-p0/benchmarks/results/B-cyc/run-021
teardown: SIGTERM clock watchdog (pid 1440665)
teardown: SIGINT container bench-observer
teardown: SIGTERM gt collector (pid 1440664)
teardown: SIGTERM resource sampler (pid 1440663)
stop: pid 436 (/tmp/tier4-concat-relay.pid) + 1 descendant(s)
stop: 2 of pid 436's tree still up; SIGINT
stop: pid 436 tree gone
stop: pid 118 (/tmp/tier4-autoware.pid) + 51 descendant(s)
stop: 52 of pid 118's tree still up; SIGINT
stop: pid 118 tree gone
autoware launch + concat relay stopped (2 pid file(s) checked, 54 process(es) in the recorded trees, 0 survivor(s); container now: 3 running, 3 defunct)
teardown: SIGTERM tier4 autoware_demo.py (pid 1437870)
teardown: SIGTERM carla (pid 1437179)
teardown: saved tier4-autoware.log
teardown: saved tier4-concat-relay.log
teardown: done

12. finalize_rtf: fill resources.csv's rtf column from clock.csv
      $ python3 -m benchmarks.sampler.finalize_rtf --resources /home/youtalk/src/carla-autoware-extension-worktrees/bench-p0/benchmarks/results/B-cyc/run-021/resources.csv --clock /home/youtalk/src/carla-autoware-extension-worktrees/bench-p0/benchmarks/results/B-cyc/run-021/clock.csv

13. M5 gate: write quality.json (pose_error, goal, NDT rate, G1 ladder)
      $ python3 -m benchmarks.scripts.write_quality --run-dir /home/youtalk/src/carla-autoware-extension-worktrees/bench-p0/benchmarks/results/B-cyc/run-021
/home/youtalk/src/carla-autoware-extension-worktrees/bench-p0/benchmarks/results/B-cyc/run-021/quality.json: gate_pass=True branch=absolute ndt_rate_ratio=1.000 pose_err_max_m=0.151

14. exclusions: clock stall, short unpaced window, silent control gate
      $ if /home/youtalk/src/carla-autoware-extension-worktrees/bench-p0/benchmarks/results/B-cyc/run-021/clock_stall.marker exists: write_manifest --exclude 'stall:clock'
      none

15. smoke: the results tree renders through the real analysis path
      $ python3 -c 'benchmarks.report.summarize_run(/home/youtalk/src/carla-autoware-extension-worktrees/bench-p0/benchmarks/results/B-cyc/run-021); render_cell(/home/youtalk/src/carla-autoware-extension-worktrees/bench-p0/benchmarks/results/B-cyc)'
      OK (/home/youtalk/src/carla-autoware-extension-worktrees/bench-p0/benchmarks/results/B-cyc/run-021/report.md)

run 1/1 complete: /home/youtalk/src/carla-autoware-extension-worktrees/bench-p0/benchmarks/results/B-cyc/run-021

duel: pacing 120s floor before A (pair 10) -- inter-run host-idle time is a measurement condition, see the pacing block near the top of this script
duel: pacing done for A (pair 10) -- waited 120s total (floor 120s + top-up 0s), loadavg now 0.76

################ duel pair 10/10 -> A ################
=== A  arm=closed-loop  run 1/1 ===

 1. cell_info: resolve cell + class, check the arm
      cell=A approach=extension map=Town10HD_Opt carla=0.10-fork arms=[static closed-loop]
      topics=/home/youtalk/src/carla-autoware-extension-worktrees/bench-p0/benchmarks/config/observer_topics/A.yaml
      processes=/home/youtalk/src/carla-autoware-extension-worktrees/bench-p0/benchmarks/config/processes/A.yaml
      route=/home/youtalk/src/carla-autoware-extension-worktrees/bench-p0/benchmarks/config/routes/Town10HD_Opt.yaml  tl_groups=/home/youtalk/src/carla-autoware-extension-worktrees/bench-p0/benchmarks/config/tl_groups/Town10HD_Opt.yaml
      autoware_image=ghcr.io/autowarefoundation/autoware:universe-devel
      observer_image=bench-observer:universe-devel

 2. RUN_DIR: next gap-free index under results/A
      /home/youtalk/src/carla-autoware-extension-worktrees/bench-p0/benchmarks/results/A/run-035

 3. preflight: host load, disk, RPC port, stale SHM, engine BuildId
      $ bash /home/youtalk/src/carla-autoware-extension-worktrees/bench-p0/benchmarks/scripts/preflight.sh A --port 2000 --results-dir /home/youtalk/src/carla-autoware-extension-worktrees/bench-p0/benchmarks/results
      cpu_governor=powersave
      nproc=24
      loadavg=0.76
      results_fs=/home
      free_gb=452
      carla_rpc_port=2000
      shm_user_cleared=84
      shm_root_cleared=0
      shm_root_remaining=0
      engine_build_id=bc08ce19-f19c-46fe-808f-dbb2b0ddf41a
      carla_tree=/home/youtalk/src/carla-autoware-integration
      map_bundle_pin=town10_pcd_regen

 4. write_manifest: transport, versions, placement; excluded=false
      $ python3 -m benchmarks.scripts.write_manifest --run-dir /home/youtalk/src/carla-autoware-extension-worktrees/bench-p0/benchmarks/results/A/run-035 --cell A --arm closed-loop --rmw rmw_cyclonedds_cpp --shm off --dds-profile /home/youtalk/src/carla-autoware-extension-worktrees/bench-p0/docker/cyclonedds.xml --carla-version 0.10-fork --autoware-image ghcr.io/autowarefoundation/autoware:universe-devel --placement-json '<json>' --duel --duel-id A+B-cyc
      duel_admissible=true (--duel): this run WILL feed the primary duel's equivalence verdict

 5. cells/extension.sh: boot sim + stack, wait for readiness
      $ bash /home/youtalk/src/carla-autoware-extension-worktrees/bench-p0/benchmarks/cells/extension.sh up
OK: base_link anchor +0.00000000 m (no vehicle shift)
 Container autoware Creating 
 Container autoware Created 
 Container autoware Starting 
 Container autoware Started 
waiting up to 420s for CARLA + ego (log: /home/youtalk/src/carla-autoware-extension-worktrees/bench-p0/benchmarks/results/A/run-035/launch.log)
OK: CARLA up on port 2000 with a spawned ego

 6. observer: bench_observer container recording into the run dir
      $ cp /home/youtalk/src/carla-autoware-extension-worktrees/bench-p0/benchmarks/config/observer_topics/A.yaml /home/youtalk/src/carla-autoware-extension-worktrees/bench-p0/benchmarks/results/A/run-035/observer_topics.yaml
      $ docker run -d --name bench-observer --net=host --ipc=host -v /home/youtalk/src/carla-autoware-extension-worktrees/bench-p0/benchmarks/results/A/run-035:/out -e RMW_IMPLEMENTATION=rmw_cyclonedds_cpp -e CYCLONEDDS_URI=file:///dds-profile.xml -v /home/youtalk/src/carla-autoware-extension-worktrees/bench-p0/docker/cyclonedds.xml:/dds-profile.xml:ro bench-observer:universe-devel bash -lc '<sourced> exec bench_observer ...'

 7. sampler + collect_gt + clock_watchdog (background)
      $ python3 -m benchmarks.sampler.sample_resources --processes /home/youtalk/src/carla-autoware-extension-worktrees/bench-p0/benchmarks/config/processes/A.yaml --out /home/youtalk/src/carla-autoware-extension-worktrees/bench-p0/benchmarks/results/A/run-035/resources.csv --interval 1.0
      $ env PYTHONPATH=/home/youtalk/src/carla-autoware-extension-worktrees/bench-p0 /home/youtalk/carla-venv/bin/python3 -m benchmarks.scripts.collect_gt --host localhost --port 2000 --role-name ego --map Town10HD_Opt --approach extension --out /home/youtalk/src/carla-autoware-extension-worktrees/bench-p0/benchmarks/results/A/run-035/gt.csv --count-lidar
      $ python3 -m benchmarks.scripts.clock_watchdog --clock-csv /home/youtalk/src/carla-autoware-extension-worktrees/bench-p0/benchmarks/results/A/run-035/clock.csv --stall-s 5 --grace-s 30 --marker /home/youtalk/src/carla-autoware-extension-worktrees/bench-p0/benchmarks/results/A/run-035/clock_stall.marker

 8. injector: clear-road objects + all-green signals (docker exec)
      $ docker exec -e ROS_DOMAIN_ID=0 autoware bash -lc '<setup> PYTHONPATH=/work:$PYTHONPATH python3 /work/benchmarks/injector/dummy_perception.py --tl-groups /work/benchmarks/config/tl_groups/Town10HD_Opt.yaml --grid-center 82.654 -37.160 --grid-size 315.157'

 9. arm: localization only (static) or route + engage (closed-loop)
      $ docker exec -e ROS_DOMAIN_ID=0 autoware bash -lc '<setup> python3 /work/benchmarks/injector/arm_and_goal.py --goal 74.869 66.891 2.926174  --timeout 60'
[INFO] [1785830165.052438454] [arm_and_goal]: waiting for /localization/kinematic_state >= 5 Hz over 5 s (timeout 60 s)
[INFO] [1785830166.281322714] [arm_and_goal]: arm observations [localized]: mode=-1 autonomous=False is_autoware_control_enabled=False is_autonomous_mode_available=False control_cmd_hz~0.00 n=0 nonzero_longitudinal=0/0 frac=nan peak_abs_velocity=0.000 ego_displacement_m=0.004 ego_speed_mps=0.000
[INFO] [1785830166.290375440] [arm_and_goal]: arm observations [pre-engage]: mode=-1 autonomous=False is_autoware_control_enabled=False is_autonomous_mode_available=False control_cmd_hz~0.00 n=0 nonzero_longitudinal=0/0 frac=nan peak_abs_velocity=0.000 ego_displacement_m=0.004 ego_speed_mps=0.000
[INFO] [1785830166.293224451] [arm_and_goal]: MRM config: /control/vehicle_cmd_gate use_emergency_handling=false (the perception-off false MRM; same configuration as the proven extension sequence and as every promoted gate number)
[WARN] [1785830166.295888042] [arm_and_goal]: change_to_autonomous: not yet ok (The target mode is not available. Please check the diagnostics.); retrying
[INFO] [1785830168.297772754] [arm_and_goal]: change_to_autonomous: SUCCEEDED -- per-approach observation, record it (R4.3); the proven /autoware/engage publish still runs next
[INFO] [1785830169.301065771] [arm_and_goal]: /autoware/engage: published engage=true x5
[INFO] [1785830172.893672888] [arm_and_goal]: post-engage state: mode_autonomous=True is_autoware_control_enabled=True (R4.3 observation; only mode_autonomous gates ARMED)
[INFO] [1785830172.893946040] [arm_and_goal]: arm observations [post-engage]: mode=2 autonomous=True is_autoware_control_enabled=True is_autonomous_mode_available=False control_cmd_hz~19.67 n=71 nonzero_longitudinal=66/71 frac=0.930 peak_abs_velocity=0.257 ego_displacement_m=0.029 ego_speed_mps=0.116
ARMED: localized, route set to (74.869, 66.891), autonomous engaged
      $ docker exec -e ROS_DOMAIN_ID=0 autoware bash -lc '<setup> timeout 25 ros2 topic echo --once --no-daemon /control/command/control_cmd'
      OK: /control/command/control_cmd is flowing

10. window: sleep 140s (closed-loop arm)
      $ sleep 140

11. teardown: watchdog + GT -> observer (SIGINT, to flush) -> stack -> sim
      $ bash /home/youtalk/src/carla-autoware-extension-worktrees/bench-p0/benchmarks/scripts/teardown.sh /home/youtalk/src/carla-autoware-extension-worktrees/bench-p0/benchmarks/results/A/run-035
teardown: SIGTERM clock watchdog (pid 1452868)
teardown: SIGINT container bench-observer
teardown: SIGTERM gt collector (pid 1452867)
teardown: SIGTERM resource sampler (pid 1452865)
teardown: SIGTERM run_e2e.sh (pid 1449175)
teardown: saved carla-editor.log (editor stdout/stderr from /tmp/carla-e2e.log)
teardown: docker compose down (/home/youtalk/src/carla-autoware-extension-worktrees/bench-p0/docker/compose.yaml)
teardown: done

12. finalize_rtf: fill resources.csv's rtf column from clock.csv
      $ python3 -m benchmarks.sampler.finalize_rtf --resources /home/youtalk/src/carla-autoware-extension-worktrees/bench-p0/benchmarks/results/A/run-035/resources.csv --clock /home/youtalk/src/carla-autoware-extension-worktrees/bench-p0/benchmarks/results/A/run-035/clock.csv

13. M5 gate: write quality.json (pose_error, goal, NDT rate, G1 ladder)
      $ python3 -m benchmarks.scripts.write_quality --run-dir /home/youtalk/src/carla-autoware-extension-worktrees/bench-p0/benchmarks/results/A/run-035
/home/youtalk/src/carla-autoware-extension-worktrees/bench-p0/benchmarks/results/A/run-035/quality.json: gate_pass=True branch=absolute ndt_rate_ratio=1.000 pose_err_max_m=0.180

14. exclusions: clock stall, short unpaced window, silent control gate
      $ if /home/youtalk/src/carla-autoware-extension-worktrees/bench-p0/benchmarks/results/A/run-035/clock_stall.marker exists: write_manifest --exclude 'stall:clock'
      none

15. smoke: the results tree renders through the real analysis path
      $ python3 -c 'benchmarks.report.summarize_run(/home/youtalk/src/carla-autoware-extension-worktrees/bench-p0/benchmarks/results/A/run-035); render_cell(/home/youtalk/src/carla-autoware-extension-worktrees/bench-p0/benchmarks/results/A)'
      OK (/home/youtalk/src/carla-autoware-extension-worktrees/bench-p0/benchmarks/results/A/run-035/report.md)

run 1/1 complete: /home/youtalk/src/carla-autoware-extension-worktrees/bench-p0/benchmarks/results/A/run-035

duel complete: A 10 ok / 0 failed, B-cyc 10 ok / 0 failed
