topic,header_stamp_ns,x_m,y_m
/localization/pose_estimator/pose_with_covariance,22074581967,55.3599,-141.2039
/localization/pose_estimator/pose_with_covariance,22124581968,55.3463,-141.1450
/localization/pose_estimator/pose_with_covariance,22174581969,55.3510,-141.2113
/localization/pose_estimator/pose_with_covariance,22224581969,55.3569,-141.1631
/localization/pose_estimator/pose_with_covariance,22274581970,55.3441,-141.2008
/localization/pose_estimator/pose_with_covariance,22324581971,55.3598,-141.1677
/localization/pose_estimator/pose_with_covariance,22374581972,55.3506,-141.1943
/localization/pose_estimator/pose_with_covariance,22424581972,55.3770,-141.1764
/localization/pose_estimator/pose_with_covariance,22474581973,55.3275,-141.2034
/localization/pose_estimator/pose_with_covariance,22524581974,55.3683,-141.1445
/localization/pose_estimator/pose_with_covariance,22574581975,55.3311,-141.2064
/localization/pose_estimator/pose_with_covariance,22624581975,55.3652,-141.1583
/localization/pose_estimator/pose_with_covariance,22674581976,55.3404,-141.1877
/localization/pose_estimator/pose_with_covariance,22724581977,55.3541,-141.1412
/localization/pose_estimator/pose_with_covariance,22774581978,55.3507,-141.2005
/localization/pose_estimator/pose_with_covariance,22824581978,55.3629,-141.1778
/localization/pose_estimator/pose_with_covariance,22874581979,55.3470,-141.2204
/localization/pose_estimator/pose_with_covariance,22924581980,55.3591,-141.1776
/localization/pose_estimator/pose_with_covariance,22974581981,55.3149,-141.2158
/localization/pose_estimator/pose_with_covariance,23024581981,55.3644,-141.1748
/localization/pose_estimator/pose_with_covariance,23074581982,55.3335,-141.2112
/localization/pose_estimator/pose_with_covariance,23124581983,55.3643,-141.1637
/localization/pose_estimator/pose_with_covariance,23174581984,55.3361,-141.2156
/localization/pose_estimator/pose_with_covariance,23224581984,55.3473,-141.1798
/localization/pose_estimator/pose_with_covariance,23274581985,55.3283,-141.1927
/localization/pose_estimator/pose_with_covariance,23324581986,55.3639,-141.1777
/localization/pose_estimator/pose_with_covariance,23374581987,55.3598,-141.1893
/localization/pose_estimator/pose_with_covariance,23424581987,55.3508,-141.1674
/localization/pose_estimator/pose_with_covariance,23474581988,55.3329,-141.2036
/localization/pose_estimator/pose_with_covariance,23524581989,55.3793,-141.1648
/localization/pose_estimator/pose_with_covariance,23574581990,55.3371,-141.1942
/localization/pose_estimator/pose_with_covariance,23624581990,55.3720,-141.1584
/localization/pose_estimator/pose_with_covariance,23674581991,55.3251,-141.2028
/localization/pose_estimator/pose_with_covariance,23724581992,55.3673,-141.1711
/localization/pose_estimator/pose_with_covariance,23774581993,55.3475,-141.2240
/localization/pose_estimator/pose_with_covariance,23824581993,55.3612,-141.1895
/localization/pose_estimator/pose_with_covariance,23874581994,55.3237,-141.2034
/localization/pose_estimator/pose_with_covariance,23924581995,55.3469,-141.1652
/localization/pose_estimator/pose_with_covariance,23974581996,55.3446,-141.2063
/localization/pose_estimator/pose_with_covariance,24024581996,55.3584,-141.1379
/localization/pose_estimator/pose_with_covariance,24074581997,55.3438,-141.2179
/localization/pose_estimator/pose_with_covariance,24124581998,55.3713,-141.1802
/localization/pose_estimator/pose_with_covariance,24174581999,55.3336,-141.2015
/localization/pose_estimator/pose_with_covariance,24224581999,55.3646,-141.1695
/localization/pose_estimator/pose_with_covariance,24274582000,55.3280,-141.2228
/localization/pose_estimator/pose_with_covariance,24324582001,55.3549,-141.1803
/localization/pose_estimator/pose_with_covariance,24374582002,55.3301,-141.2054
/localization/pose_estimator/pose_with_covariance,24424582002,55.3649,-141.1745
/localization/pose_estimator/pose_with_covariance,24474582003,55.3288,-141.1860
/localization/pose_estimator/pose_with_covariance,24524582004,55.3611,-141.1690
/localization/pose_estimator/pose_with_covariance,24574582005,55.3448,-141.2133
/localization/pose_estimator/pose_with_covariance,24624582005,55.3843,-141.1857
/localization/pose_estimator/pose_with_covariance,24674582006,55.3525,-141.2038
/localization/pose_estimator/pose_with_covariance,24724582007,55.3704,-141.1545
/localization/pose_estimator/pose_with_covariance,24774582007,55.3393,-141.2038
/localization/pose_estimator/pose_with_covariance,24824582008,55.3701,-141.1684
/localization/pose_estimator/pose_with_covariance,24874582009,55.3459,-141.2008
/localization/pose_estimator/pose_with_covariance,24924582010,55.3495,-141.1495
/localization/pose_estimator/pose_with_covariance,24974582010,55.3461,-141.2030
/localization/pose_estimator/pose_with_covariance,25024582011,55.3715,-141.1690
/localization/pose_estimator/pose_with_covariance,25074582012,55.3331,-141.2137
/localization/pose_estimator/pose_with_covariance,25124582013,55.3679,-141.1733
/localization/pose_estimator/pose_with_covariance,25174582013,55.3326,-141.2153
/localization/pose_estimator/pose_with_covariance,25224582014,55.3521,-141.1576
/localization/pose_estimator/pose_with_covariance,25274582015,55.3223,-141.2141
/localization/pose_estimator/pose_with_covariance,25324582016,55.3819,-141.1590
/localization/pose_estimator/pose_with_covariance,25374582016,55.3620,-141.1994
/localization/pose_estimator/pose_with_covariance,25424582017,55.3727,-141.1625
/localization/pose_estimator/pose_with_covariance,25474582018,55.3057,-141.2032
/localization/pose_estimator/pose_with_covariance,25524582019,55.3668,-141.1619
/localization/pose_estimator/pose_with_covariance,25574582019,55.3107,-141.2047
/localization/pose_estimator/pose_with_covariance,25624582020,55.3595,-141.1832
/localization/pose_estimator/pose_with_covariance,25674582021,55.3357,-141.2050
/localization/pose_estimator/pose_with_covariance,25724582022,55.3630,-141.1743
/localization/pose_estimator/pose_with_covariance,25774582022,55.3616,-141.2010
/localization/pose_estimator/pose_with_covariance,25824582023,55.3725,-141.1697
/localization/pose_estimator/pose_with_covariance,25874582024,55.3436,-141.2431
/localization/pose_estimator/pose_with_covariance,25924582025,55.3654,-141.1454
/localization/pose_estimator/pose_with_covariance,25974582025,55.3296,-141.1856
/localization/pose_estimator/pose_with_covariance,26024582026,55.3683,-141.1852
/localization/pose_estimator/pose_with_covariance,26074582027,55.3629,-141.2065
/localization/pose_estimator/pose_with_covariance,26124582028,55.3774,-141.1724
/localization/pose_estimator/pose_with_covariance,26174582028,55.3462,-141.2091
/localization/pose_estimator/pose_with_covariance,26224582029,55.3697,-141.1776
/localization/pose_estimator/pose_with_covariance,26274582030,55.3246,-141.2187
/localization/pose_estimator/pose_with_covariance,26324582031,55.3666,-141.1738
/localization/pose_estimator/pose_with_covariance,26374582031,55.3360,-141.2292
/localization/pose_estimator/pose_with_covariance,26424582032,55.3674,-141.1862
/localization/pose_estimator/pose_with_covariance,26474582033,55.3752,-141.1858
/localization/pose_estimator/pose_with_covariance,26524582034,55.3656,-141.1710
/localization/pose_estimator/pose_with_covariance,26574582034,55.3523,-141.2024
/localization/pose_estimator/pose_with_covariance,26624582035,55.3516,-141.1742
/localization/pose_estimator/pose_with_covariance,26674582036,55.3372,-141.1950
/localization/pose_estimator/pose_with_covariance,26724582037,55.3650,-141.1672
/localization/pose_estimator/pose_with_covariance,26774582037,55.3104,-141.2278
/localization/pose_estimator/pose_with_covariance,26824582038,55.3628,-141.1627
/localization/pose_estimator/pose_with_covariance,26874582039,55.3407,-141.2097
/localization/pose_estimator/pose_with_covariance,26924582040,55.3813,-141.1744
/localization/pose_estimator/pose_with_covariance,26974582040,55.3345,-141.2089
/localization/pose_estimator/pose_with_covariance,27024582041,55.3673,-141.1795
/localization/pose_estimator/pose_with_covariance,27074582042,55.3583,-141.2044
/localization/pose_estimator/pose_with_covariance,27124582043,55.3581,-141.1669
/localization/pose_estimator/pose_with_covariance,27174582043,55.3334,-141.2225
/localization/pose_estimator/pose_with_covariance,27224582044,55.3795,-141.1723
/localization/pose_estimator/pose_with_covariance,27274582045,55.2906,-141.2283
/localization/pose_estimator/pose_with_covariance,27324582045,55.3690,-141.1692
/localization/pose_estimator/pose_with_covariance,27374582046,55.3160,-141.1930
/localization/pose_estimator/pose_with_covariance,27424582047,55.3622,-141.1518
/localization/pose_estimator/pose_with_covariance,27474582048,55.3320,-141.2063
/localization/pose_estimator/pose_with_covariance,27524582048,55.3670,-141.1880
/localization/pose_estimator/pose_with_covariance,27574582049,55.3410,-141.2238
/localization/pose_estimator/pose_with_covariance,27624582050,55.3522,-141.1485
/localization/pose_estimator/pose_with_covariance,27674582051,55.3497,-141.2260
/localization/pose_estimator/pose_with_covariance,27724582051,55.3526,-141.1562
/localization/pose_estimator/pose_with_covariance,27774582052,55.3359,-141.1959
/localization/pose_estimator/pose_with_covariance,27824582053,55.3568,-141.1822
/localization/pose_estimator/pose_with_covariance,27874582054,55.3711,-141.1937
/localization/pose_estimator/pose_with_covariance,27924582054,55.3753,-141.1733
/localization/pose_estimator/pose_with_covariance,27974582055,55.3143,-141.2295
/localization/pose_estimator/pose_with_covariance,28024582056,55.3603,-141.1815
/localization/pose_estimator/pose_with_covariance,28074582057,55.3275,-141.2161
/localization/pose_estimator/pose_with_covariance,28124582057,55.3584,-141.1651
/localization/pose_estimator/pose_with_covariance,28174582058,55.3576,-141.2207
/localization/pose_estimator/pose_with_covariance,28224582059,55.3645,-141.1785
/localization/pose_estimator/pose_with_covariance,28274582060,55.3470,-141.1918
/localization/pose_estimator/pose_with_covariance,28324582060,55.3656,-141.1833
/localization/pose_estimator/pose_with_covariance,28374582061,55.3301,-141.2295
/localization/pose_estimator/pose_with_covariance,28424582062,55.3545,-141.1686
/localization/pose_estimator/pose_with_covariance,28474582063,55.3450,-141.2191
/localization/pose_estimator/pose_with_covariance,28524582063,55.3701,-141.1626
/localization/pose_estimator/pose_with_covariance,28574582064,55.3394,-141.2164
/localization/pose_estimator/pose_with_covariance,28624582065,55.3626,-141.1904
/localization/pose_estimator/pose_with_covariance,28674582066,55.3422,-141.2036
/localization/pose_estimator/pose_with_covariance,28724582066,55.3739,-141.1669
/localization/pose_estimator/pose_with_covariance,28774582067,55.3683,-141.2120
/localization/pose_estimator/pose_with_covariance,28824582068,55.3657,-141.1553
/localization/pose_estimator/pose_with_covariance,28874582069,55.3490,-141.1918
/localization/pose_estimator/pose_with_covariance,28924582069,55.3634,-141.1857
/localization/pose_estimator/pose_with_covariance,28974582070,55.3664,-141.1996
/localization/pose_estimator/pose_with_covariance,29024582071,55.3571,-141.1793
/localization/pose_estimator/pose_with_covariance,29074582072,55.3057,-141.2262
/localization/pose_estimator/pose_with_covariance,29124582072,55.3679,-141.1659
/localization/pose_estimator/pose_with_covariance,29174582073,55.3200,-141.2036
/localization/pose_estimator/pose_with_covariance,29224582074,55.3573,-141.1552
/localization/pose_estimator/pose_with_covariance,29274582075,55.3373,-141.2129
/localization/pose_estimator/pose_with_covariance,29324582075,55.3653,-141.1525
/localization/pose_estimator/pose_with_covariance,29374582076,55.3466,-141.2101
/localization/pose_estimator/pose_with_covariance,29424582077,55.3633,-141.1648
/localization/pose_estimator/pose_with_covariance,29474582078,55.3617,-141.1893
/localization/pose_estimator/pose_with_covariance,29524582078,55.3808,-141.1410
/localization/pose_estimator/pose_with_covariance,29574582079,55.3417,-141.2230
/localization/pose_estimator/pose_with_covariance,29624582080,55.3615,-141.1634
/localization/pose_estimator/pose_with_covariance,29674582081,55.3334,-141.2260
/localization/pose_estimator/pose_with_covariance,29724582081,55.3715,-141.1629
/localization/pose_estimator/pose_with_covariance,29774582082,55.3336,-141.1933
/localization/pose_estimator/pose_with_covariance,29824582083,55.3630,-141.1771
/localization/pose_estimator/pose_with_covariance,29874582083,55.3593,-141.2078
/localization/pose_estimator/pose_with_covariance,29924582084,55.3604,-141.1597
/localization/pose_estimator/pose_with_covariance,29974582085,55.3176,-141.2258
/localization/pose_estimator/pose_with_covariance,30024582086,55.3678,-141.1500
/localization/pose_estimator/pose_with_covariance,30074582086,55.3480,-141.2164
/localization/pose_estimator/pose_with_covariance,30124582087,55.3749,-141.1658
/localization/pose_estimator/pose_with_covariance,30174582088,55.3313,-141.2272
/localization/pose_estimator/pose_with_covariance,30224582089,55.3610,-141.1733
/localization/pose_estimator/pose_with_covariance,30274582089,55.3559,-141.1993
/localization/pose_estimator/pose_with_covariance,30324582090,55.3525,-141.1888
/localization/pose_estimator/pose_with_covariance,30374582091,55.3371,-141.1953
/localization/pose_estimator/pose_with_covariance,30424582092,55.3647,-141.1590
/localization/pose_estimator/pose_with_covariance,30474582092,55.3544,-141.1899
/localization/pose_estimator/pose_with_covariance,30524582093,55.3558,-141.1750
/localization/pose_estimator/pose_with_covariance,30574582094,55.3275,-141.2176
/localization/pose_estimator/pose_with_covariance,30624582095,55.3759,-141.1743
/localization/pose_estimator/pose_with_covariance,30674582095,55.3573,-141.1951
/localization/pose_estimator/pose_with_covariance,30724582096,55.3625,-141.1422
/localization/pose_estimator/pose_with_covariance,30774582097,55.3450,-141.1995
/localization/pose_estimator/pose_with_covariance,30824582098,55.3895,-141.1732
/localization/pose_estimator/pose_with_covariance,30874582098,55.3088,-141.2208
/localization/pose_estimator/pose_with_covariance,30924582099,55.3619,-141.1743
/localization/pose_estimator/pose_with_covariance,30974582100,55.3174,-141.2170
/localization/pose_estimator/pose_with_covariance,31024582101,55.3634,-141.1811
/localization/pose_estimator/pose_with_covariance,31074582101,55.3641,-141.2133
/localization/pose_estimator/pose_with_covariance,31124582102,55.3604,-141.1537
/localization/pose_estimator/pose_with_covariance,31174582103,55.3305,-141.2249
/localization/pose_estimator/pose_with_covariance,31224582104,55.3617,-141.1638
/localization/pose_estimator/pose_with_covariance,31274582104,55.3660,-141.2013
/localization/pose_estimator/pose_with_covariance,31324582105,55.3638,-141.1861
/localization/pose_estimator/pose_with_covariance,31374582106,55.3051,-141.2156
/localization/pose_estimator/pose_with_covariance,31424582107,55.3784,-141.1727
/localization/pose_estimator/pose_with_covariance,31474582107,55.3619,-141.1940
/localization/pose_estimator/pose_with_covariance,31524582108,55.3603,-141.1740
/localization/pose_estimator/pose_with_covariance,31574582109,55.3556,-141.2110
/localization/pose_estimator/pose_with_covariance,31624582110,55.3482,-141.1659
/localization/pose_estimator/pose_with_covariance,31674582110,55.3066,-141.2048
/localization/pose_estimator/pose_with_covariance,31724582111,55.3532,-141.1833
/localization/pose_estimator/pose_with_covariance,31774582112,55.3336,-141.2163
/localization/pose_estimator/pose_with_covariance,31824582113,55.3539,-141.1545
/localization/pose_estimator/pose_with_covariance,31874582113,55.3299,-141.2160
/localization/pose_estimator/pose_with_covariance,31924582114,55.3576,-141.1668
/localization/pose_estimator/pose_with_covariance,31974582115,55.3265,-141.2026
/localization/pose_estimator/pose_with_covariance,32024582116,55.3565,-141.1834
/localization/pose_estimator/pose_with_covariance,32074582116,55.3219,-141.2210
/localization/pose_estimator/pose_with_covariance,32124582117,55.3763,-141.1805
/localization/pose_estimator/pose_with_covariance,32174582118,55.3744,-141.2013
/localization/pose_estimator/pose_with_covariance,32224582119,55.3614,-141.1467
/localization/pose_estimator/pose_with_covariance,32274582119,55.3143,-141.2315
/localization/pose_estimator/pose_with_covariance,32324582120,55.3481,-141.1710
/localization/pose_estimator/pose_with_covariance,32374582121,55.3335,-141.2039
/localization/pose_estimator/pose_with_covariance,32424582121,55.3518,-141.1450
/localization/pose_estimator/pose_with_covariance,32474582122,55.3476,-141.2041
/localization/pose_estimator/pose_with_covariance,32524582123,55.3604,-141.1640
/localization/pose_estimator/pose_with_covariance,32574582124,55.3597,-141.2095
/localization/pose_estimator/pose_with_covariance,32624582124,55.3688,-141.1621
/localization/pose_estimator/pose_with_covariance,32674582125,55.3269,-141.2169
/localization/pose_estimator/pose_with_covariance,32724582126,55.3598,-141.1766
/localization/pose_estimator/pose_with_covariance,32774582127,55.3384,-141.2096
/localization/pose_estimator/pose_with_covariance,32824582127,55.3664,-141.1566
/localization/pose_estimator/pose_with_covariance,32874582128,55.3306,-141.2164
/localization/pose_estimator/pose_with_covariance,32924582129,55.3730,-141.1853
/localization/pose_estimator/pose_with_covariance,32974582130,55.3309,-141.2245
/localization/pose_estimator/pose_with_covariance,33024582130,55.3614,-141.1728
/localization/pose_estimator/pose_with_covariance,33074582131,55.3071,-141.2336
/localization/pose_estimator/pose_with_covariance,33124582132,55.3417,-141.1630
/localization/pose_estimator/pose_with_covariance,33174582133,55.3351,-141.1966
/localization/pose_estimator/pose_with_covariance,33224582133,55.3583,-141.1753
/localization/pose_estimator/pose_with_covariance,33274582134,55.3286,-141.2019
/localization/pose_estimator/pose_with_covariance,33324582135,55.3551,-141.1701
/localization/pose_estimator/pose_with_covariance,33374582136,55.3430,-141.2258
/localization/pose_estimator/pose_with_covariance,33424582136,55.3753,-141.1833
/localization/pose_estimator/pose_with_covariance,33474582137,55.3225,-141.1911
/localization/pose_estimator/pose_with_covariance,33524582138,55.3456,-141.1558
/localization/pose_estimator/pose_with_covariance,33574582139,55.3450,-141.1947
/localization/pose_estimator/pose_with_covariance,33624582139,55.3515,-141.1638
/localization/pose_estimator/pose_with_covariance,33674582140,55.3390,-141.1962
/localization/pose_estimator/pose_with_covariance,33724582141,55.3751,-141.1750
/localization/pose_estimator/pose_with_covariance,33774582142,55.3403,-141.1979
/localization/pose_estimator/pose_with_covariance,33824582142,55.3564,-141.1773
/localization/pose_estimator/pose_with_covariance,33874582143,55.3595,-141.2122
/localization/pose_estimator/pose_with_covariance,33924582144,55.3510,-141.1747
/localization/pose_estimator/pose_with_covariance,33974582145,55.3527,-141.2035
/localization/pose_estimator/pose_with_covariance,34024582145,55.3577,-141.1770
/localization/pose_estimator/pose_with_covariance,34074582146,55.3480,-141.2112
/localization/pose_estimator/pose_with_covariance,34124582147,55.3634,-141.1676
/localization/pose_estimator/pose_with_covariance,34174582148,55.3284,-141.2133
/localization/pose_estimator/pose_with_covariance,34224582148,55.3556,-141.1677
/localization/pose_estimator/pose_with_covariance,34274582149,55.3362,-141.2078
/localization/pose_estimator/pose_with_covariance,34324582150,55.3582,-141.1631
/localization/pose_estimator/pose_with_covariance,34374582151,55.3434,-141.1960
/localization/pose_estimator/pose_with_covariance,34424582151,55.3599,-141.1764
/localization/pose_estimator/pose_with_covariance,34474582152,55.3260,-141.2218
/localization/pose_estimator/pose_with_covariance,34524582153,55.3591,-141.1766
/localization/pose_estimator/pose_with_covariance,34574582154,55.3608,-141.2213
/localization/pose_estimator/pose_with_covariance,34624582154,55.3643,-141.1641
/localization/pose_estimator/pose_with_covariance,34674582155,55.3372,-141.2026
/localization/pose_estimator/pose_with_covariance,34724582156,55.3504,-141.1701
/localization/pose_estimator/pose_with_covariance,34774582157,55.3041,-141.2185
/localization/pose_estimator/pose_with_covariance,34824582157,55.3651,-141.1454
/localization/pose_estimator/pose_with_covariance,34874582158,55.3238,-141.1983
/localization/pose_estimator/pose_with_covariance,34924582159,55.3532,-141.1492
/localization/pose_estimator/pose_with_covariance,34974582159,55.3669,-141.2052
/localization/pose_estimator/pose_with_covariance,35024582160,55.3750,-141.1529
/localization/pose_estimator/pose_with_covariance,35074582161,55.3249,-141.2268
/localization/pose_estimator/pose_with_covariance,35124582162,55.3891,-141.1699
/localization/pose_estimator/pose_with_covariance,35174582162,55.3243,-141.2066
/localization/pose_estimator/pose_with_covariance,35224582163,55.3708,-141.1589
/localization/pose_estimator/pose_with_covariance,35274582164,55.3270,-141.2215
/localization/pose_estimator/pose_with_covariance,35324582165,55.3779,-141.1775
/localization/pose_estimator/pose_with_covariance,35374582165,55.3241,-141.2211
/localization/pose_estimator/pose_with_covariance,35424582166,55.3504,-141.1543
/localization/pose_estimator/pose_with_covariance,35474582167,55.3606,-141.1973
/localization/pose_estimator/pose_with_covariance,35524582168,55.3697,-141.1709
/localization/pose_estimator/pose_with_covariance,35574582168,55.3756,-141.1957
/localization/pose_estimator/pose_with_covariance,35624582169,55.3793,-141.1702
/localization/pose_estimator/pose_with_covariance,35674582170,55.3839,-141.1859
/localization/pose_estimator/pose_with_covariance,35724582171,55.3880,-141.1924
/localization/pose_estimator/pose_with_covariance,35774582171,55.3503,-141.2146
/localization/pose_estimator/pose_with_covariance,35824582172,55.4040,-141.1692
/localization/pose_estimator/pose_with_covariance,35874582173,55.3593,-141.2097
/localization/pose_estimator/pose_with_covariance,35924582174,55.4167,-141.1800
/localization/pose_estimator/pose_with_covariance,35974582174,55.4058,-141.2064
/localization/pose_estimator/pose_with_covariance,36024582175,55.4075,-141.1692
/localization/pose_estimator/pose_with_covariance,36074582176,55.4124,-141.2189
/localization/pose_estimator/pose_with_covariance,36124582177,55.4242,-141.1732
/localization/pose_estimator/pose_with_covariance,36174582177,55.3820,-141.2274
/localization/pose_estimator/pose_with_covariance,36224582178,55.4441,-141.1826
/localization/pose_estimator/pose_with_covariance,36274582179,55.4840,-141.1974
/localization/pose_estimator/pose_with_covariance,36324582180,55.4740,-141.1915
/localization/pose_estimator/pose_with_covariance,36374582180,55.4730,-141.2239
/localization/pose_estimator/pose_with_covariance,36424582181,55.4845,-141.1800
/localization/pose_estimator/pose_with_covariance,36474582182,55.5251,-141.2170
/localization/pose_estimator/pose_with_covariance,36524582183,55.5167,-141.1688
/localization/pose_estimator/pose_with_covariance,36574582183,55.5522,-141.2109
/localization/pose_estimator/pose_with_covariance,36624582184,55.5704,-141.1768
/localization/pose_estimator/pose_with_covariance,36674582185,55.5934,-141.1990
/localization/pose_estimator/pose_with_covariance,36724582186,55.5536,-141.1740
/localization/pose_estimator/pose_with_covariance,36774582186,55.6322,-141.1970
/localization/pose_estimator/pose_with_covariance,36824582187,55.6053,-141.1619
/localization/pose_estimator/pose_with_covariance,36874582188,55.6496,-141.2163
/localization/pose_estimator/pose_with_covariance,36924582189,55.6600,-141.2046
/localization/pose_estimator/pose_with_covariance,36974582189,55.6560,-141.2235
/localization/pose_estimator/pose_with_covariance,37024582190,55.6641,-141.2023
/localization/pose_estimator/pose_with_covariance,37074582191,55.6945,-141.2154
/localization/pose_estimator/pose_with_covariance,37124582192,55.7296,-141.2117
/localization/pose_estimator/pose_with_covariance,37174582192,55.7585,-141.2124
/localization/pose_estimator/pose_with_covariance,37224582193,55.7583,-141.1956
/localization/pose_estimator/pose_with_covariance,37274582194,55.7784,-141.2203
/localization/pose_estimator/pose_with_covariance,37324582195,55.7846,-141.1800
/localization/pose_estimator/pose_with_covariance,37374582195,55.8126,-141.1999
/localization/pose_estimator/pose_with_covariance,37424582196,55.8307,-141.2045
/localization/pose_estimator/pose_with_covariance,37474582197,55.8724,-141.2332
/localization/pose_estimator/pose_with_covariance,37524582197,55.8525,-141.1842
/localization/pose_estimator/pose_with_covariance,37574582198,55.9028,-141.2247
/localization/pose_estimator/pose_with_covariance,37624582199,55.8894,-141.1938
/localization/pose_estimator/pose_with_covariance,37674582200,55.9289,-141.2284
/localization/pose_estimator/pose_with_covariance,37724582200,55.9356,-141.2142
/localization/pose_estimator/pose_with_covariance,37774582201,55.9605,-141.2288
/localization/pose_estimator/pose_with_covariance,37824582202,55.9920,-141.2078
/localization/pose_estimator/pose_with_covariance,37874582203,56.0052,-141.2368
/localization/pose_estimator/pose_with_covariance,37924582203,56.0248,-141.2080
/localization/pose_estimator/pose_with_covariance,37974582204,56.0516,-141.2284
/localization/pose_estimator/pose_with_covariance,38024582205,56.0609,-141.2326
/localization/pose_estimator/pose_with_covariance,38074582206,56.0996,-141.2497
/localization/pose_estimator/pose_with_covariance,38124582206,56.1110,-141.2219
/localization/pose_estimator/pose_with_covariance,38174582207,56.1667,-141.2226
/localization/pose_estimator/pose_with_covariance,38224582208,56.1391,-141.2043
/localization/pose_estimator/pose_with_covariance,38274582209,56.1991,-141.2171
/localization/pose_estimator/pose_with_covariance,38324582209,56.1869,-141.2111
/localization/pose_estimator/pose_with_covariance,38374582210,56.2624,-141.2192
/localization/pose_estimator/pose_with_covariance,38424582211,56.2268,-141.2354
/localization/pose_estimator/pose_with_covariance,38474582212,56.3239,-141.2320
/localization/pose_estimator/pose_with_covariance,38524582212,56.3025,-141.2089
/localization/pose_estimator/pose_with_covariance,38574582213,56.3653,-141.2331
/localization/pose_estimator/pose_with_covariance,38624582214,56.3360,-141.2324
/localization/pose_estimator/pose_with_covariance,38674582215,56.4218,-141.2327
/localization/pose_estimator/pose_with_covariance,38724582215,56.4051,-141.2199
/localization/pose_estimator/pose_with_covariance,38774582216,56.4945,-141.2338
/localization/pose_estimator/pose_with_covariance,38824582217,56.4719,-141.2277
/localization/pose_estimator/pose_with_covariance,38874582218,56.5877,-141.2280
/localization/pose_estimator/pose_with_covariance,38924582218,56.5389,-141.2239
/localization/pose_estimator/pose_with_covariance,38974582219,56.6731,-141.2553
/localization/pose_estimator/pose_with_covariance,39024582220,56.6029,-141.2374
/localization/pose_estimator/pose_with_covariance,39074582221,56.7752,-141.2068
/localization/pose_estimator/pose_with_covariance,39124582221,56.6746,-141.2066
/localization/pose_estimator/pose_with_covariance,39174582222,56.8229,-141.2361
/localization/pose_estimator/pose_with_covariance,39224582223,56.7839,-141.2283
/localization/pose_estimator/pose_with_covariance,39274582224,56.8896,-141.2389
/localization/pose_estimator/pose_with_covariance,39324582224,56.8461,-141.2264
/localization/pose_estimator/pose_with_covariance,39374582225,56.9433,-141.2258
/localization/pose_estimator/pose_with_covariance,39424582226,56.9300,-141.2358
/localization/pose_estimator/pose_with_covariance,39474582227,57.0379,-141.2461
/localization/pose_estimator/pose_with_covariance,39524582227,57.0450,-141.1962
/localization/pose_estimator/pose_with_covariance,39574582228,57.1355,-141.2664
/localization/pose_estimator/pose_with_covariance,39624582229,57.1412,-141.2334
/localization/pose_estimator/pose_with_covariance,39674582230,57.2417,-141.2590
/localization/pose_estimator/pose_with_covariance,39724582230,57.2571,-141.1972
/localization/pose_estimator/pose_with_covariance,39774582231,57.3812,-141.2353
/localization/pose_estimator/pose_with_covariance,39824582232,57.3602,-141.2296
/localization/pose_estimator/pose_with_covariance,39874582233,57.4704,-141.2224
/localization/pose_estimator/pose_with_covariance,39924582233,57.4755,-141.2004
/localization/pose_estimator/pose_with_covariance,39974582234,57.5760,-141.2323
/localization/pose_estimator/pose_with_covariance,40024582235,57.6071,-141.2148
/localization/pose_estimator/pose_with_covariance,40074582235,57.7360,-141.2468
/localization/pose_estimator/pose_with_covariance,40124582236,57.7681,-141.2363
/localization/pose_estimator/pose_with_covariance,40174582237,57.8177,-141.2517
/localization/pose_estimator/pose_with_covariance,40224582238,57.9030,-141.2413
/localization/pose_estimator/pose_with_covariance,40274582238,57.9979,-141.2452
/localization/pose_estimator/pose_with_covariance,40324582239,58.0366,-141.2215
/localization/pose_estimator/pose_with_covariance,40374582240,58.0982,-141.2474
/localization/pose_estimator/pose_with_covariance,40424582241,58.2125,-141.2480
/localization/pose_estimator/pose_with_covariance,40474582241,58.2115,-141.2328
/localization/pose_estimator/pose_with_covariance,40524582242,58.3566,-141.2487
/localization/pose_estimator/pose_with_covariance,40574582243,58.3943,-141.2180
/localization/pose_estimator/pose_with_covariance,40624582244,58.4781,-141.2401
/localization/pose_estimator/pose_with_covariance,40674582244,58.6135,-141.2207
/localization/pose_estimator/pose_with_covariance,40724582245,58.6639,-141.2566
/localization/pose_estimator/pose_with_covariance,40774582246,58.7753,-141.2055
/localization/pose_estimator/pose_with_covariance,40824582247,58.7929,-141.2242
/localization/pose_estimator/pose_with_covariance,40874582247,58.9317,-141.2301
/localization/pose_estimator/pose_with_covariance,40924582248,58.9540,-141.2390
/localization/pose_estimator/pose_with_covariance,40974582249,59.0976,-141.2140
/localization/pose_estimator/pose_with_covariance,41024582250,59.1299,-141.2432
/localization/pose_estimator/pose_with_covariance,41074582250,59.3161,-141.2099
/localization/pose_estimator/pose_with_covariance,41124582251,59.2778,-141.2405
/localization/pose_estimator/pose_with_covariance,41174582252,59.4782,-141.2120
/localization/pose_estimator/pose_with_covariance,41224582253,59.4996,-141.2242
/localization/pose_estimator/pose_with_covariance,41274582253,59.6414,-141.2257
/localization/pose_estimator/pose_with_covariance,41324582254,59.6509,-141.2391
/localization/pose_estimator/pose_with_covariance,41374582255,59.8597,-141.2258
/localization/pose_estimator/pose_with_covariance,41424582256,59.8662,-141.2286
/localization/pose_estimator/pose_with_covariance,41474582256,60.0733,-141.2204
/localization/pose_estimator/pose_with_covariance,41524582257,60.0476,-141.2318
/localization/pose_estimator/pose_with_covariance,41574582258,60.2393,-141.2025
/localization/pose_estimator/pose_with_covariance,41624582259,60.2802,-141.2493
/localization/pose_estimator/pose_with_covariance,41674582259,60.4399,-141.2099
/localization/pose_estimator/pose_with_covariance,41724582260,60.4703,-141.2075
/localization/pose_estimator/pose_with_covariance,41774582261,60.6720,-141.2287
/localization/pose_estimator/pose_with_covariance,41824582262,60.7141,-141.2428
/localization/pose_estimator/pose_with_covariance,41874582262,60.8966,-141.2131
/localization/pose_estimator/pose_with_covariance,41924582263,60.9171,-141.2265
/localization/pose_estimator/pose_with_covariance,41974582264,61.1093,-141.2040
/localization/pose_estimator/pose_with_covariance,42024582265,61.1306,-141.2159
/localization/pose_estimator/pose_with_covariance,42074582265,61.3207,-141.2042
/localization/pose_estimator/pose_with_covariance,42124582266,61.3681,-141.1947
/localization/pose_estimator/pose_with_covariance,42174582267,61.5104,-141.2000
/localization/pose_estimator/pose_with_covariance,42224582268,61.6030,-141.2113
/localization/pose_estimator/pose_with_covariance,42274582268,61.7463,-141.1867
/localization/pose_estimator/pose_with_covariance,42324582269,61.8397,-141.2344
/localization/pose_estimator/pose_with_covariance,42374582270,61.9524,-141.1707
/localization/pose_estimator/pose_with_covariance,42424582270,62.0667,-141.2190
/localization/pose_estimator/pose_with_covariance,42474582271,62.2277,-141.1686
/localization/pose_estimator/pose_with_covariance,42524582272,62.2943,-141.2380
/localization/pose_estimator/pose_with_covariance,42574582273,62.4599,-141.1581
/localization/pose_estimator/pose_with_covariance,42624582273,62.5395,-141.2324
/localization/pose_estimator/pose_with_covariance,42674582274,62.7057,-141.1649
/localization/pose_estimator/pose_with_covariance,42724582275,62.8201,-141.2087
/localization/pose_estimator/pose_with_covariance,42774582276,62.9573,-141.1513
/localization/pose_estimator/pose_with_covariance,42824582276,63.0563,-141.1878
/localization/pose_estimator/pose_with_covariance,42874582277,63.2196,-141.1299
/localization/pose_estimator/pose_with_covariance,42924582278,63.3783,-141.1994
/localization/pose_estimator/pose_with_covariance,42974582279,63.4699,-141.1408
/localization/pose_estimator/pose_with_covariance,43024582279,63.6242,-141.1503
/localization/pose_estimator/pose_with_covariance,43074582280,63.7755,-141.1299
/localization/pose_estimator/pose_with_covariance,43124582281,63.8677,-141.1490
/localization/pose_estimator/pose_with_covariance,43174582282,64.0657,-141.1028
/localization/pose_estimator/pose_with_covariance,43224582282,64.1811,-141.1077
/localization/pose_estimator/pose_with_covariance,43274582283,64.3417,-141.0822
/localization/pose_estimator/pose_with_covariance,43324582284,64.4773,-141.0812
/localization/pose_estimator/pose_with_covariance,43374582285,64.6581,-141.0892
/localization/pose_estimator/pose_with_covariance,43424582285,64.7656,-141.0760
/localization/pose_estimator/pose_with_covariance,43474582286,64.9500,-141.0613
/localization/pose_estimator/pose_with_covariance,43524582287,65.1187,-141.0564
/localization/pose_estimator/pose_with_covariance,43574582288,65.2647,-141.0199
/localization/pose_estimator/pose_with_covariance,43624582288,65.4218,-141.0123
/localization/pose_estimator/pose_with_covariance,43674582289,65.6172,-141.0029
/localization/pose_estimator/pose_with_covariance,43724582290,65.7322,-140.9942
/localization/pose_estimator/pose_with_covariance,43774582291,65.9616,-140.9904
/localization/pose_estimator/pose_with_covariance,43824582291,66.0756,-140.9860
/localization/pose_estimator/pose_with_covariance,43874582292,66.2963,-140.9677
/localization/pose_estimator/pose_with_covariance,43924582293,66.4085,-140.9313
/localization/pose_estimator/pose_with_covariance,43974582294,66.6103,-140.9323
/localization/pose_estimator/pose_with_covariance,44024582294,66.7951,-140.9373
/localization/pose_estimator/pose_with_covariance,44074582295,66.9462,-140.8990
/localization/pose_estimator/pose_with_covariance,44124582296,67.1087,-140.8822
/localization/pose_estimator/pose_with_covariance,44174582297,67.3086,-140.8624
/localization/pose_estimator/pose_with_covariance,44224582297,67.5112,-140.8562
/localization/pose_estimator/pose_with_covariance,44274582298,67.6682,-140.8063
/localization/pose_estimator/pose_with_covariance,44324582299,67.8630,-140.8195
/localization/pose_estimator/pose_with_covariance,44374582300,68.0656,-140.7797
/localization/pose_estimator/pose_with_covariance,44424582300,68.2330,-140.7509
/localization/pose_estimator/pose_with_covariance,44474582301,68.4573,-140.7419
/localization/pose_estimator/pose_with_covariance,44524582302,68.5957,-140.7219
/localization/pose_estimator/pose_with_covariance,44574582303,68.8260,-140.6961
/localization/pose_estimator/pose_with_covariance,44624582303,68.9805,-140.6785
/localization/pose_estimator/pose_with_covariance,44674582304,69.2127,-140.6534
/localization/pose_estimator/pose_with_covariance,44724582305,69.3719,-140.6283
/localization/pose_estimator/pose_with_covariance,44774582306,69.5688,-140.5968
/localization/pose_estimator/pose_with_covariance,44824582306,69.7775,-140.5903
/localization/pose_estimator/pose_with_covariance,44874582307,69.9547,-140.5656
/localization/pose_estimator/pose_with_covariance,44924582308,70.1589,-140.5247
/localization/pose_estimator/pose_with_covariance,44974582308,70.4109,-140.5035
/localization/pose_estimator/pose_with_covariance,45024582309,70.5691,-140.4851
/localization/pose_estimator/pose_with_covariance,45074582310,70.7893,-140.4434
/localization/pose_estimator/pose_with_covariance,45124582311,70.9734,-140.3974
/localization/pose_estimator/pose_with_covariance,45174582311,71.1841,-140.3938
/localization/pose_estimator/pose_with_covariance,45224582312,71.3501,-140.3371
/localization/pose_estimator/pose_with_covariance,45274582313,71.5549,-140.3212
/localization/pose_estimator/pose_with_covariance,45324582314,71.7411,-140.2516
/localization/pose_estimator/pose_with_covariance,45374582314,71.9608,-140.2407
/localization/pose_estimator/pose_with_covariance,45424582315,72.1139,-140.1762
/localization/pose_estimator/pose_with_covariance,45474582316,72.3279,-140.1519
/localization/pose_estimator/pose_with_covariance,45524582317,72.5246,-140.1223
/localization/pose_estimator/pose_with_covariance,45574582317,72.7713,-140.0605
/localization/pose_estimator/pose_with_covariance,45624582318,72.9232,-140.0193
/localization/pose_estimator/pose_with_covariance,45674582319,73.1775,-139.9909
/localization/pose_estimator/pose_with_covariance,45724582320,73.3219,-139.9265
/localization/pose_estimator/pose_with_covariance,45774582320,73.5431,-139.8969
/localization/pose_estimator/pose_with_covariance,45824582321,73.7060,-139.8397
/localization/pose_estimator/pose_with_covariance,45874582322,73.9329,-139.8164
/localization/pose_estimator/pose_with_covariance,45924582323,74.0841,-139.7406
/localization/pose_estimator/pose_with_covariance,45974582323,74.3527,-139.7262
/localization/pose_estimator/pose_with_covariance,46024582324,74.5195,-139.6760
/localization/pose_estimator/pose_with_covariance,46074582325,74.7339,-139.6219
/localization/pose_estimator/pose_with_covariance,46124582326,74.9597,-139.5829
/localization/pose_estimator/pose_with_covariance,46174582326,75.1242,-139.5356
/localization/pose_estimator/pose_with_covariance,46224582327,75.3132,-139.4947
/localization/pose_estimator/pose_with_covariance,46274582328,75.5746,-139.4283
/localization/pose_estimator/pose_with_covariance,46324582329,75.6809,-139.3543
/localization/pose_estimator/pose_with_covariance,46374582329,75.9141,-139.2907
/localization/pose_estimator/pose_with_covariance,46424582330,76.0998,-139.2794
/localization/pose_estimator/pose_with_covariance,46474582331,76.2725,-139.1826
/localization/pose_estimator/pose_with_covariance,46524582332,76.5008,-139.1625
/localization/pose_estimator/pose_with_covariance,46574582332,76.6969,-139.0646
/localization/pose_estimator/pose_with_covariance,46624582333,76.8865,-139.0375
/localization/pose_estimator/pose_with_covariance,46674582334,77.0407,-138.9345
/localization/pose_estimator/pose_with_covariance,46724582335,77.2647,-138.9237
/localization/pose_estimator/pose_with_covariance,46774582335,77.4541,-138.8232
/localization/pose_estimator/pose_with_covariance,46824582336,77.6749,-138.7878
/localization/pose_estimator/pose_with_covariance,46874582337,77.8244,-138.7027
/localization/pose_estimator/pose_with_covariance,46924582338,78.0075,-138.6696
/localization/pose_estimator/pose_with_covariance,46974582338,78.1702,-138.5521
/localization/pose_estimator/pose_with_covariance,47024582339,78.4387,-138.5731
/localization/pose_estimator/pose_with_covariance,47074582340,78.6125,-138.4463
/localization/pose_estimator/pose_with_covariance,47124582341,78.7757,-138.3651
/localization/pose_estimator/pose_with_covariance,47174582341,78.9787,-138.2999
/localization/pose_estimator/pose_with_covariance,47224582342,79.1608,-138.2325
/localization/pose_estimator/pose_with_covariance,47274582343,79.3415,-138.1518
/localization/pose_estimator/pose_with_covariance,47324582344,79.5107,-138.0931
/localization/pose_estimator/pose_with_covariance,47374582344,79.7203,-138.0277
/localization/pose_estimator/pose_with_covariance,47424582345,79.9127,-137.9360
/localization/pose_estimator/pose_with_covariance,47474582346,80.1115,-137.8842
/localization/pose_estimator/pose_with_covariance,47524582346,80.3139,-137.8034
/localization/pose_estimator/pose_with_covariance,47574582347,80.4906,-137.7141
/localization/pose_estimator/pose_with_covariance,47624582348,80.6556,-137.6551
/localization/pose_estimator/pose_with_covariance,47674582349,80.8584,-137.5719
/localization/pose_estimator/pose_with_covariance,47724582349,81.0592,-137.5185
/localization/pose_estimator/pose_with_covariance,47774582350,81.2655,-137.4143
/localization/pose_estimator/pose_with_covariance,47824582351,81.4276,-137.3177
/localization/pose_estimator/pose_with_covariance,47874582352,81.6197,-137.2446
/localization/pose_estimator/pose_with_covariance,47924582352,81.8217,-137.1587
/localization/pose_estimator/pose_with_covariance,47974582353,81.9503,-137.0715
/localization/pose_estimator/pose_with_covariance,48024582354,82.1486,-136.9951
/localization/pose_estimator/pose_with_covariance,48074582355,82.3494,-136.9274
/localization/pose_estimator/pose_with_covariance,48124582355,82.5157,-136.8343
/localization/pose_estimator/pose_with_covariance,48174582356,82.7581,-136.7551
/localization/pose_estimator/pose_with_covariance,48224582357,82.9285,-136.6846
/localization/pose_estimator/pose_with_covariance,48274582358,83.0995,-136.5513
/localization/pose_estimator/pose_with_covariance,48324582358,83.3069,-136.4878
/localization/pose_estimator/pose_with_covariance,48374582359,83.4644,-136.3680
/localization/pose_estimator/pose_with_covariance,48424582360,83.6496,-136.2738
/localization/pose_estimator/pose_with_covariance,48474582361,83.8279,-136.2065
/localization/pose_estimator/pose_with_covariance,48524582361,83.9878,-136.0893
/localization/pose_estimator/pose_with_covariance,48574582362,84.1858,-136.0455
/localization/pose_estimator/pose_with_covariance,48624582363,84.3569,-135.8961
/localization/pose_estimator/pose_with_covariance,48674582364,84.5875,-135.8258
/localization/pose_estimator/pose_with_covariance,48724582364,84.7157,-135.7071
/localization/pose_estimator/pose_with_covariance,48774582365,84.9194,-135.6404
/localization/pose_estimator/pose_with_covariance,48824582366,85.1004,-135.5047
/localization/pose_estimator/pose_with_covariance,48874582367,85.3304,-135.4248
/localization/pose_estimator/pose_with_covariance,48924582367,85.4359,-135.2775
/localization/pose_estimator/pose_with_covariance,48974582368,85.6871,-135.2615
/localization/pose_estimator/pose_with_covariance,49024582369,85.7837,-135.0624
/localization/pose_estimator/pose_with_covariance,49074582370,86.0377,-135.0055
/localization/pose_estimator/pose_with_covariance,49124582370,86.2043,-134.8797
/localization/pose_estimator/pose_with_covariance,49174582371,86.3580,-134.7666
/localization/pose_estimator/pose_with_covariance,49224582372,86.5697,-134.6634
/localization/pose_estimator/pose_with_covariance,49274582373,86.7253,-134.5723
/localization/pose_estimator/pose_with_covariance,49324582373,86.9239,-134.4087
/localization/pose_estimator/pose_with_covariance,49374582374,87.0720,-134.3726
/localization/pose_estimator/pose_with_covariance,49424582375,87.2609,-134.2011
/localization/pose_estimator/pose_with_covariance,49474582376,87.4457,-134.1208
/localization/pose_estimator/pose_with_covariance,49524582376,87.6369,-134.0102
/localization/pose_estimator/pose_with_covariance,49574582377,87.7958,-133.8984
/localization/pose_estimator/pose_with_covariance,49624582378,87.9992,-133.7712
/localization/pose_estimator/pose_with_covariance,49674582379,88.1530,-133.6540
/localization/pose_estimator/pose_with_covariance,49724582379,88.3606,-133.5329
/localization/pose_estimator/pose_with_covariance,49774582380,88.5262,-133.4200
/localization/pose_estimator/pose_with_covariance,49824582381,88.6784,-133.2799
/localization/pose_estimator/pose_with_covariance,49874582382,88.8565,-133.1922
/localization/pose_estimator/pose_with_covariance,49924582382,89.0322,-133.0461
/localization/pose_estimator/pose_with_covariance,49974582383,89.1925,-132.9597
/localization/pose_estimator/pose_with_covariance,50024582384,89.3661,-132.8074
/localization/pose_estimator/pose_with_covariance,50074582384,89.5410,-132.7132
/localization/pose_estimator/pose_with_covariance,50124582385,89.6911,-132.5194
/localization/pose_estimator/pose_with_covariance,50174582386,89.8469,-132.4340
/localization/pose_estimator/pose_with_covariance,50224582387,90.0229,-132.2718
/localization/pose_estimator/pose_with_covariance,50274582387,90.1943,-132.1628
/localization/pose_estimator/pose_with_covariance,50324582388,90.3613,-132.0229
/localization/pose_estimator/pose_with_covariance,50374582389,90.5057,-131.9447
/localization/pose_estimator/pose_with_covariance,50424582390,90.6802,-131.7878
/localization/pose_estimator/pose_with_covariance,50474582390,90.8436,-131.6623
/localization/pose_estimator/pose_with_covariance,50524582391,91.0039,-131.5101
/localization/pose_estimator/pose_with_covariance,50574582392,91.1942,-131.3609
/localization/pose_estimator/pose_with_covariance,50624582393,91.3354,-131.2575
/localization/pose_estimator/pose_with_covariance,50674582393,91.4991,-131.1237
/localization/pose_estimator/pose_with_covariance,50724582394,91.6710,-130.9846
/localization/pose_estimator/pose_with_covariance,50774582395,91.8244,-130.8416
/localization/pose_estimator/pose_with_covariance,50824582396,92.0050,-130.6998
/localization/pose_estimator/pose_with_covariance,50874582396,92.1640,-130.5623
/localization/pose_estimator/pose_with_covariance,50924582397,92.3005,-130.4265
/localization/pose_estimator/pose_with_covariance,50974582398,92.4354,-130.3007
/localization/pose_estimator/pose_with_covariance,51024582399,92.6217,-130.1573
/localization/pose_estimator/pose_with_covariance,51074582399,92.7998,-130.0381
/localization/pose_estimator/pose_with_covariance,51124582400,92.9598,-129.9171
/localization/pose_estimator/pose_with_covariance,51174582401,93.0659,-129.7285
/localization/pose_estimator/pose_with_covariance,51224582402,93.2365,-129.6096
/localization/pose_estimator/pose_with_covariance,51274582402,93.3467,-129.4843
/localization/pose_estimator/pose_with_covariance,51324582403,93.5175,-129.3069
/localization/pose_estimator/pose_with_covariance,51374582404,93.6307,-129.1699
/localization/pose_estimator/pose_with_covariance,51424582405,93.8160,-129.0536
/localization/pose_estimator/pose_with_covariance,51474582405,93.9116,-128.9053
/localization/pose_estimator/pose_with_covariance,51524582406,94.0924,-128.7273
/localization/pose_estimator/pose_with_covariance,51574582407,94.2778,-128.6208
/localization/pose_estimator/pose_with_covariance,51624582408,94.3790,-128.4399
/localization/pose_estimator/pose_with_covariance,51674582408,94.5255,-128.3391
/localization/pose_estimator/pose_with_covariance,51724582409,94.6666,-128.1279
/localization/pose_estimator/pose_with_covariance,51774582410,94.8448,-128.0304
/localization/pose_estimator/pose_with_covariance,51824582411,94.9693,-127.8774
/localization/pose_estimator/pose_with_covariance,51874582411,95.0953,-127.7208
/localization/pose_estimator/pose_with_covariance,51924582412,95.2466,-127.5706
/localization/pose_estimator/pose_with_covariance,51974582413,95.3624,-127.4380
/localization/pose_estimator/pose_with_covariance,52024582414,95.5291,-127.2508
/localization/pose_estimator/pose_with_covariance,52074582414,95.6867,-127.1200
/localization/pose_estimator/pose_with_covariance,52124582415,95.8404,-126.9873
/localization/pose_estimator/pose_with_covariance,52174582416,95.9246,-126.8091
/localization/pose_estimator/pose_with_covariance,52224582417,96.0982,-126.6644
/localization/pose_estimator/pose_with_covariance,52274582417,96.1580,-126.5061
/localization/pose_estimator/pose_with_covariance,52324582418,96.3722,-126.3809
/localization/pose_estimator/pose_with_covariance,52374582419,96.4747,-126.2078
/localization/pose_estimator/pose_with_covariance,52424582420,96.6165,-126.0663
/localization/pose_estimator/pose_with_covariance,52474582420,96.7078,-125.9328
/localization/pose_estimator/pose_with_covariance,52524582421,96.8842,-125.7390
/localization/pose_estimator/pose_with_covariance,52574582422,97.0051,-125.6183
/localization/pose_estimator/pose_with_covariance,52624582422,97.1325,-125.4400
/localization/pose_estimator/pose_with_covariance,52674582423,97.3097,-125.2640
/localization/pose_estimator/pose_with_covariance,52724582424,97.3700,-125.0893
/localization/pose_estimator/pose_with_covariance,52774582425,97.5778,-124.9701
/localization/pose_estimator/pose_with_covariance,52824582425,97.6418,-124.7804
/localization/pose_estimator/pose_with_covariance,52874582426,97.7955,-124.6453
/localization/pose_estimator/pose_with_covariance,52924582427,97.8924,-124.4783
/localization/pose_estimator/pose_with_covariance,52974582428,98.0355,-124.3501
/localization/pose_estimator/pose_with_covariance,53024582428,98.1231,-124.1304
/localization/pose_estimator/pose_with_covariance,53074582429,98.3179,-124.0281
/localization/pose_estimator/pose_with_covariance,53124582430,98.3925,-123.8209
/localization/pose_estimator/pose_with_covariance,53174582431,98.5024,-123.6935
/localization/pose_estimator/pose_with_covariance,53224582431,98.6449,-123.5102
/localization/pose_estimator/pose_with_covariance,53274582432,98.7713,-123.3377
/localization/pose_estimator/pose_with_covariance,53324582433,98.8967,-123.1660
/localization/pose_estimator/pose_with_covariance,53374582434,99.0691,-123.0319
/localization/pose_estimator/pose_with_covariance,53424582434,99.1483,-122.8067
/localization/pose_estimator/pose_with_covariance,53474582435,99.3202,-122.7111
/localization/pose_estimator/pose_with_covariance,53524582436,99.3660,-122.4740
/localization/pose_estimator/pose_with_covariance,53574582437,99.5161,-122.3642
/localization/pose_estimator/pose_with_covariance,53624582437,99.6152,-122.1271
/localization/pose_estimator/pose_with_covariance,53674582438,99.7517,-122.0152
/localization/pose_estimator/pose_with_covariance,53724582439,99.8431,-121.8215
/localization/pose_estimator/pose_with_covariance,53774582440,100.0122,-121.6633
/localization/pose_estimator/pose_with_covariance,53824582440,100.1009,-121.4727
/localization/pose_estimator/pose_with_covariance,53874582441,100.1937,-121.3265
/localization/pose_estimator/pose_with_covariance,53924582442,100.3267,-121.1404
/localization/pose_estimator/pose_with_covariance,53974582443,100.4760,-120.9520
/localization/pose_estimator/pose_with_covariance,54024582443,100.5770,-120.7729
/localization/pose_estimator/pose_with_covariance,54074582444,100.6792,-120.5855
/localization/pose_estimator/pose_with_covariance,54124582445,100.7860,-120.4178
/localization/pose_estimator/pose_with_covariance,54174582446,100.9446,-120.2333
/localization/pose_estimator/pose_with_covariance,54224582446,101.0251,-120.0654
/localization/pose_estimator/pose_with_covariance,54274582447,101.1462,-119.8751
/localization/pose_estimator/pose_with_covariance,54324582448,101.2382,-119.6739
/localization/pose_estimator/pose_with_covariance,54374582449,101.4046,-119.5326
/localization/pose_estimator/pose_with_covariance,54424582449,101.4399,-119.3268
/localization/pose_estimator/pose_with_covariance,54474582450,101.6173,-119.1532
/localization/pose_estimator/pose_with_covariance,54524582451,101.6573,-118.9446
/localization/pose_estimator/pose_with_covariance,54574582452,101.8236,-118.7838
/localization/pose_estimator/pose_with_covariance,54624582452,101.8791,-118.5740
/localization/pose_estimator/pose_with_covariance,54674582453,102.0358,-118.4377
/localization/pose_estimator/pose_with_covariance,54724582454,102.0752,-118.1776
/localization/pose_estimator/pose_with_covariance,54774582455,102.1713,-118.0584
/localization/pose_estimator/pose_with_covariance,54824582455,102.2932,-117.8293
/localization/pose_estimator/pose_with_covariance,54874582456,102.4406,-117.6843
/localization/pose_estimator/pose_with_covariance,54924582457,102.5089,-117.4583
/localization/pose_estimator/pose_with_covariance,54974582458,102.6619,-117.3447
/localization/pose_estimator/pose_with_covariance,55024582458,102.7098,-117.0624
/localization/pose_estimator/pose_with_covariance,55074582459,102.8044,-116.9313
/localization/pose_estimator/pose_with_covariance,55124582460,102.9137,-116.6855
/localization/pose_estimator/pose_with_covariance,55174582460,103.0136,-116.5548
/localization/pose_estimator/pose_with_covariance,55224582461,103.1171,-116.3210
/localization/pose_estimator/pose_with_covariance,55274582462,103.1720,-116.1641
/localization/pose_estimator/pose_with_covariance,55324582463,103.2802,-115.9268
/localization/pose_estimator/pose_with_covariance,55374582463,103.3984,-115.7906
/localization/pose_estimator/pose_with_covariance,55424582464,103.4735,-115.5490
/localization/pose_estimator/pose_with_covariance,55474582465,103.5941,-115.3869
/localization/pose_estimator/pose_with_covariance,55524582466,103.6749,-115.1651
/localization/pose_estimator/pose_with_covariance,55574582466,103.7745,-115.0015
/localization/pose_estimator/pose_with_covariance,55624582467,103.8708,-114.7510
/localization/pose_estimator/pose_with_covariance,55674582468,103.9678,-114.6146
/localization/pose_estimator/pose_with_covariance,55724582469,104.0441,-114.3628
/localization/pose_estimator/pose_with_covariance,55774582469,104.1305,-114.2329
/localization/pose_estimator/pose_with_covariance,55824582470,104.2465,-114.0084
/localization/pose_estimator/pose_with_covariance,55874582471,104.3072,-113.8506
/localization/pose_estimator/pose_with_covariance,55924582472,104.4077,-113.6146
/localization/pose_estimator/pose_with_covariance,55974582472,104.5027,-113.4828
/localization/pose_estimator/pose_with_covariance,56024582473,104.5650,-113.2273
/localization/pose_estimator/pose_with_covariance,56074582474,104.6860,-113.0907
/localization/pose_estimator/pose_with_covariance,56124582475,104.7398,-112.8454
/localization/pose_estimator/pose_with_covariance,56174582475,104.8083,-112.7085
/localization/pose_estimator/pose_with_covariance,56224582476,104.9119,-112.4574
/localization/pose_estimator/pose_with_covariance,56274582477,105.0395,-112.3017
/localization/pose_estimator/pose_with_covariance,56324582478,105.0462,-112.0543
/localization/pose_estimator/pose_with_covariance,56374582478,105.1727,-111.9017
/localization/pose_estimator/pose_with_covariance,56424582479,105.2220,-111.6645
/localization/pose_estimator/pose_with_covariance,56474582480,105.2869,-111.5198
/localization/pose_estimator/pose_with_covariance,56524582481,105.3739,-111.2865
/localization/pose_estimator/pose_with_covariance,56574582481,105.4465,-111.1243
/localization/pose_estimator/pose_with_covariance,56624582482,105.5194,-110.8487
/localization/pose_estimator/pose_with_covariance,56674582483,105.6186,-110.7208
/localization/pose_estimator/pose_with_covariance,56724582484,105.6627,-110.4563
/localization/pose_estimator/pose_with_covariance,56774582484,105.7982,-110.3202
/localization/pose_estimator/pose_with_covariance,56824582485,105.7969,-110.0615
/localization/pose_estimator/pose_with_covariance,56874582486,105.8983,-109.9393
/localization/pose_estimator/pose_with_covariance,56924582487,105.9459,-109.6656
/localization/pose_estimator/pose_with_covariance,56974582487,106.0697,-109.5029
/localization/pose_estimator/pose_with_covariance,57024582488,106.0857,-109.2793
/localization/pose_estimator/pose_with_covariance,57074582489,106.1998,-109.1213
/localization/pose_estimator/pose_with_covariance,57124582490,106.2225,-108.8759
/localization/pose_estimator/pose_with_covariance,57174582490,106.2802,-108.7423
/localization/pose_estimator/pose_with_covariance,57224582491,106.3580,-108.4809
/localization/pose_estimator/pose_with_covariance,57274582492,106.4202,-108.3463
/localization/pose_estimator/pose_with_covariance,57324582493,106.4687,-108.0722
/localization/pose_estimator/pose_with_covariance,57374582493,106.5820,-107.9147
/localization/pose_estimator/pose_with_covariance,57424582494,106.5981,-107.6449
/localization/pose_estimator/pose_with_covariance,57474582495,106.6663,-107.4989
/localization/pose_estimator/pose_with_covariance,57524582496,106.7368,-107.2650
/localization/pose_estimator/pose_with_covariance,57574582496,106.8385,-107.1182
/localization/pose_estimator/pose_with_covariance,57624582497,106.8563,-106.8615
/localization/pose_estimator/pose_with_covariance,57674582498,106.9681,-106.6922
/localization/pose_estimator/pose_with_covariance,57724582498,106.9705,-106.4729
/localization/pose_estimator/pose_with_covariance,57774582499,107.0938,-106.3095
/localization/pose_estimator/pose_with_covariance,57824582500,107.0705,-106.0581
/localization/pose_estimator/pose_with_covariance,57874582501,107.1942,-105.8921
/localization/pose_estimator/pose_with_covariance,57924582501,107.1869,-105.6468
/localization/pose_estimator/pose_with_covariance,57974582502,107.3147,-105.4837
/localization/pose_estimator/pose_with_covariance,58024582503,107.3173,-105.2252
/localization/pose_estimator/pose_with_covariance,58074582504,107.4442,-105.0756
/localization/pose_estimator/pose_with_covariance,58124582504,107.4312,-104.8407
/localization/pose_estimator/pose_with_covariance,58174582505,107.5193,-104.6900
/localization/pose_estimator/pose_with_covariance,58224582506,107.5190,-104.4281
/localization/pose_estimator/pose_with_covariance,58274582507,107.5772,-104.2874
/localization/pose_estimator/pose_with_covariance,58324582507,107.5874,-104.0110
/localization/pose_estimator/pose_with_covariance,58374582508,107.6931,-103.8677
/localization/pose_estimator/pose_with_covariance,58424582509,107.6841,-103.6295
/localization/pose_estimator/pose_with_covariance,58474582510,107.7928,-103.4518
/localization/pose_estimator/pose_with_covariance,58524582510,107.7736,-103.2073
/localization/pose_estimator/pose_with_covariance,58574582511,107.9206,-103.0422
/localization/pose_estimator/pose_with_covariance,58624582512,107.8595,-102.8085
/localization/pose_estimator/pose_with_covariance,58674582513,107.9933,-102.6253
/localization/pose_estimator/pose_with_covariance,58724582513,107.9198,-102.3768
/localization/pose_estimator/pose_with_covariance,58774582514,108.0904,-102.2327
/localization/pose_estimator/pose_with_covariance,58824582515,108.0002,-101.9777
/localization/pose_estimator/pose_with_covariance,58874582516,108.0950,-101.8199
/localization/pose_estimator/pose_with_covariance,58924582516,108.0932,-101.5428
/localization/pose_estimator/pose_with_covariance,58974582517,108.2131,-101.4113
/localization/pose_estimator/pose_with_covariance,59024582518,108.1678,-101.1653
/localization/pose_estimator/pose_with_covariance,59074582519,108.3234,-100.9906
/localization/pose_estimator/pose_with_covariance,59124582519,108.2352,-100.7748
/localization/pose_estimator/pose_with_covariance,59174582520,108.3702,-100.5633
/localization/pose_estimator/pose_with_covariance,59224582521,108.2937,-100.3724
/localization/pose_estimator/pose_with_covariance,59274582522,108.3813,-100.1781
/localization/pose_estimator/pose_with_covariance,59324582522,108.3842,-99.9347
/localization/pose_estimator/pose_with_covariance,59374582523,108.4892,-99.7580
/localization/pose_estimator/pose_with_covariance,59424582524,108.4425,-99.5214
/localization/pose_estimator/pose_with_covariance,59474582525,108.5440,-99.3820
/localization/pose_estimator/pose_with_covariance,59524582525,108.4732,-99.0833
/localization/pose_estimator/pose_with_covariance,59574582526,108.6124,-98.9474
/localization/pose_estimator/pose_with_covariance,59624582527,108.5579,-98.7091
/localization/pose_estimator/pose_with_covariance,59674582528,108.6884,-98.5243
/localization/pose_estimator/pose_with_covariance,59724582528,108.6226,-98.2906
/localization/pose_estimator/pose_with_covariance,59774582529,108.6827,-98.1200
/localization/pose_estimator/pose_with_covariance,59824582530,108.6785,-97.8902
/localization/pose_estimator/pose_with_covariance,59874582531,108.6783,-97.7090
/localization/pose_estimator/pose_with_covariance,59924582531,108.7102,-97.4875
/localization/pose_estimator/pose_with_covariance,59974582532,108.8318,-97.2767
/localization/pose_estimator/pose_with_covariance,60024582533,108.7692,-97.0723
/localization/pose_estimator/pose_with_covariance,60074582534,108.8759,-96.8576
/localization/pose_estimator/pose_with_covariance,60124582534,108.7852,-96.6103
/localization/pose_estimator/pose_with_covariance,60174582535,108.8479,-96.4781
/localization/pose_estimator/pose_with_covariance,60224582536,108.8443,-96.2195
/localization/pose_estimator/pose_with_covariance,60274582536,108.9017,-96.0542
/localization/pose_estimator/pose_with_covariance,60324582537,108.8893,-95.8240
/localization/pose_estimator/pose_with_covariance,60374582538,108.9904,-95.6139
/localization/pose_estimator/pose_with_covariance,60424582539,108.9327,-95.4086
/localization/pose_estimator/pose_with_covariance,60474582539,109.0307,-95.1979
/localization/pose_estimator/pose_with_covariance,60524582540,108.9880,-94.9894
/localization/pose_estimator/pose_with_covariance,60574582541,109.0707,-94.7783
/localization/pose_estimator/pose_with_covariance,60624582542,109.0096,-94.5723
/localization/pose_estimator/pose_with_covariance,60674582542,109.1128,-94.3715
/localization/pose_estimator/pose_with_covariance,60724582543,109.0368,-94.1614
/localization/pose_estimator/pose_with_covariance,60774582544,109.1117,-93.9581
/localization/pose_estimator/pose_with_covariance,60824582545,109.0815,-93.7306
/localization/pose_estimator/pose_with_covariance,60874582545,109.1533,-93.5628
/localization/pose_estimator/pose_with_covariance,60924582546,109.1312,-93.3323
/localization/pose_estimator/pose_with_covariance,60974582547,109.2190,-93.1412
/localization/pose_estimator/pose_with_covariance,61024582548,109.1533,-92.8994
/localization/pose_estimator/pose_with_covariance,61074582548,109.2112,-92.7147
/localization/pose_estimator/pose_with_covariance,61124582549,109.1573,-92.4993
/localization/pose_estimator/pose_with_covariance,61174582550,109.2261,-92.2963
/localization/pose_estimator/pose_with_covariance,61224582551,109.2064,-92.1221
/localization/pose_estimator/pose_with_covariance,61274582551,109.2829,-91.8922
/localization/pose_estimator/pose_with_covariance,61324582552,109.2035,-91.7037
/localization/pose_estimator/pose_with_covariance,61374582553,109.3045,-91.4476
/localization/pose_estimator/pose_with_covariance,61424582554,109.2295,-91.2942
/localization/pose_estimator/pose_with_covariance,61474582554,109.3005,-91.0712
/localization/pose_estimator/pose_with_covariance,61524582555,109.2613,-90.8842
/localization/pose_estimator/pose_with_covariance,61574582556,109.2954,-90.6469
/localization/pose_estimator/pose_with_covariance,61624582557,109.2737,-90.4635
/localization/pose_estimator/pose_with_covariance,61674582557,109.3633,-90.2136
/localization/pose_estimator/pose_with_covariance,61724582558,109.2775,-90.0575
/localization/pose_estimator/pose_with_covariance,61774582559,109.4079,-89.8226
/localization/pose_estimator/pose_with_covariance,61824582560,109.2650,-89.6256
/localization/pose_estimator/pose_with_covariance,61874582560,109.3736,-89.4325
/localization/pose_estimator/pose_with_covariance,61924582561,109.3049,-89.2383
/localization/pose_estimator/pose_with_covariance,61974582562,109.3824,-89.0392
/localization/pose_estimator/pose_with_covariance,62024582563,109.2915,-88.8297
/localization/pose_estimator/pose_with_covariance,62074582563,109.3684,-88.5914
/localization/pose_estimator/pose_with_covariance,62124582564,109.3321,-88.4260
/localization/pose_estimator/pose_with_covariance,62174582565,109.4109,-88.2154
/localization/pose_estimator/pose_with_covariance,62224582566,109.3253,-88.0058
/localization/pose_estimator/pose_with_covariance,62274582566,109.3711,-87.7987
/localization/pose_estimator/pose_with_covariance,62324582567,109.3209,-87.6047
/localization/pose_estimator/pose_with_covariance,62374582568,109.4051,-87.3728
/localization/pose_estimator/pose_with_covariance,62424582569,109.3647,-87.1930
/localization/pose_estimator/pose_with_covariance,62474582569,109.4241,-86.9701
/localization/pose_estimator/pose_with_covariance,62524582570,109.3884,-86.7721
/localization/pose_estimator/pose_with_covariance,62574582571,109.4361,-86.5561
/localization/pose_estimator/pose_with_covariance,62624582572,109.3673,-86.3892
/localization/pose_estimator/pose_with_covariance,62674582572,109.3996,-86.1727
/localization/pose_estimator/pose_with_covariance,62724582573,109.4115,-85.9597
/localization/pose_estimator/pose_with_covariance,62774582574,109.4775,-85.7357
/localization/pose_estimator/pose_with_covariance,62824582574,109.3928,-85.5284
/localization/pose_estimator/pose_with_covariance,62874582575,109.4779,-85.3103
/localization/pose_estimator/pose_with_covariance,62924582576,109.4332,-85.1355
/localization/pose_estimator/pose_with_covariance,62974582577,109.4839,-84.8925
/localization/pose_estimator/pose_with_covariance,63024582577,109.4259,-84.6861
/localization/pose_estimator/pose_with_covariance,63074582578,109.4808,-84.4959
/localization/pose_estimator/pose_with_covariance,63124582579,109.4377,-84.3025
/localization/pose_estimator/pose_with_covariance,63174582580,109.4746,-84.0474
/localization/pose_estimator/pose_with_covariance,63224582580,109.3752,-83.8542
/localization/pose_estimator/pose_with_covariance,63274582581,109.5025,-83.6508
/localization/pose_estimator/pose_with_covariance,63324582582,109.4283,-83.4646
/localization/pose_estimator/pose_with_covariance,63374582583,109.5411,-83.1912
/localization/pose_estimator/pose_with_covariance,63424582583,109.4756,-83.0497
/localization/pose_estimator/pose_with_covariance,63474582584,109.5128,-82.7701
/localization/pose_estimator/pose_with_covariance,63524582585,109.4660,-82.5829
/localization/pose_estimator/pose_with_covariance,63574582586,109.5414,-82.3511
/localization/pose_estimator/pose_with_covariance,63624582586,109.4713,-82.1911
/localization/pose_estimator/pose_with_covariance,63674582587,109.5358,-81.9489
/localization/pose_estimator/pose_with_covariance,63724582588,109.4745,-81.7461
/localization/pose_estimator/pose_with_covariance,63774582589,109.5190,-81.5478
/localization/pose_estimator/pose_with_covariance,63824582589,109.4795,-81.3296
/localization/pose_estimator/pose_with_covariance,63874582590,109.5122,-81.1162
/localization/pose_estimator/pose_with_covariance,63924582591,109.4917,-80.9193
/localization/pose_estimator/pose_with_covariance,63974582592,109.5565,-80.6914
/localization/pose_estimator/pose_with_covariance,64024582592,109.5113,-80.4884
/localization/pose_estimator/pose_with_covariance,64074582593,109.5609,-80.2396
/localization/pose_estimator/pose_with_covariance,64124582594,109.5150,-80.0365
/localization/pose_estimator/pose_with_covariance,64174582595,109.5692,-79.8228
/localization/pose_estimator/pose_with_covariance,64224582595,109.5538,-79.6196
/localization/pose_estimator/pose_with_covariance,64274582596,109.5692,-79.3811
/localization/pose_estimator/pose_with_covariance,64324582597,109.5214,-79.2050
/localization/pose_estimator/pose_with_covariance,64374582598,109.5501,-78.9826
/localization/pose_estimator/pose_with_covariance,64424582598,109.5565,-78.7630
/localization/pose_estimator/pose_with_covariance,64474582599,109.5498,-78.5643
/localization/pose_estimator/pose_with_covariance,64524582600,109.5275,-78.3643
/localization/pose_estimator/pose_with_covariance,64574582601,109.5627,-78.1279
/localization/pose_estimator/pose_with_covariance,64624582601,109.5372,-77.9271
/localization/pose_estimator/pose_with_covariance,64674582602,109.5917,-77.6992
/localization/pose_estimator/pose_with_covariance,64724582603,109.5314,-77.4977
/localization/pose_estimator/pose_with_covariance,64774582604,109.5706,-77.2575
/localization/pose_estimator/pose_with_covariance,64824582604,109.5504,-77.0755
/localization/pose_estimator/pose_with_covariance,64874582605,109.5998,-76.8113
/localization/pose_estimator/pose_with_covariance,64924582606,109.5298,-76.6271
/localization/pose_estimator/pose_with_covariance,64974582607,109.6038,-76.3716
/localization/pose_estimator/pose_with_covariance,65024582607,109.5243,-76.2016
/localization/pose_estimator/pose_with_covariance,65074582608,109.6004,-75.9685
/localization/pose_estimator/pose_with_covariance,65124582609,109.5787,-75.7770
/localization/pose_estimator/pose_with_covariance,65174582610,109.6155,-75.5476
/localization/pose_estimator/pose_with_covariance,65224582610,109.5447,-75.3553
/localization/pose_estimator/pose_with_covariance,65274582611,109.6107,-75.1288
/localization/pose_estimator/pose_with_covariance,65324582612,109.5651,-74.9284
/localization/pose_estimator/pose_with_covariance,65374582612,109.5969,-74.6923
/localization/pose_estimator/pose_with_covariance,65424582613,109.5760,-74.5090
/localization/pose_estimator/pose_with_covariance,65474582614,109.5967,-74.2905
/localization/pose_estimator/pose_with_covariance,65524582615,109.5840,-74.0955
/localization/pose_estimator/pose_with_covariance,65574582615,109.6118,-73.8178
/localization/pose_estimator/pose_with_covariance,65624582616,109.5830,-73.6702
/localization/pose_estimator/pose_with_covariance,65674582617,109.6596,-73.3765
/localization/pose_estimator/pose_with_covariance,65724582618,109.6021,-73.2414
/localization/pose_estimator/pose_with_covariance,65774582618,109.6536,-72.9576
/localization/pose_estimator/pose_with_covariance,65824582619,109.5970,-72.8001
/localization/pose_estimator/pose_with_covariance,65874582620,109.6500,-72.5415
/localization/pose_estimator/pose_with_covariance,65924582621,109.5785,-72.3708
/localization/pose_estimator/pose_with_covariance,65974582621,109.6454,-72.0870
/localization/pose_estimator/pose_with_covariance,66024582622,109.6149,-71.9562
/localization/pose_estimator/pose_with_covariance,66074582623,109.6312,-71.7110
/localization/pose_estimator/pose_with_covariance,66124582624,109.6242,-71.5155
/localization/pose_estimator/pose_with_covariance,66174582624,109.6360,-71.2640
/localization/pose_estimator/pose_with_covariance,66224582625,109.6150,-71.1020
/localization/pose_estimator/pose_with_covariance,66274582626,109.6557,-70.8506
/localization/pose_estimator/pose_with_covariance,66324582627,109.5908,-70.6458
/localization/pose_estimator/pose_with_covariance,66374582627,109.6523,-70.3927
/localization/pose_estimator/pose_with_covariance,66424582628,109.6106,-70.2327
/localization/pose_estimator/pose_with_covariance,66474582629,109.6294,-69.9807
/localization/pose_estimator/pose_with_covariance,66524582630,109.5750,-69.8330
/localization/pose_estimator/pose_with_covariance,66574582630,109.6300,-69.5698
/localization/pose_estimator/pose_with_covariance,66624582631,109.5931,-69.3801
/localization/pose_estimator/pose_with_covariance,66674582632,109.6606,-69.1114
/localization/pose_estimator/pose_with_covariance,66724582633,109.6305,-68.9604
/localization/pose_estimator/pose_with_covariance,66774582633,109.6423,-68.6686
/localization/pose_estimator/pose_with_covariance,66824582634,109.6508,-68.5279
/localization/pose_estimator/pose_with_covariance,66874582635,109.6889,-68.2654
/localization/pose_estimator/pose_with_covariance,66924582636,109.6801,-68.1200
/localization/pose_estimator/pose_with_covariance,66974582636,109.7190,-67.7784
/localization/pose_estimator/pose_with_covariance,67024582637,109.6346,-67.6798
/localization/pose_estimator/pose_with_covariance,67074582638,109.7020,-67.4009
/localization/pose_estimator/pose_with_covariance,67124582639,109.6238,-67.2474
/localization/pose_estimator/pose_with_covariance,67174582639,109.7098,-66.9924
/localization/pose_estimator/pose_with_covariance,67224582640,109.6358,-66.8279
/localization/pose_estimator/pose_with_covariance,67274582641,109.7198,-66.5738
/localization/pose_estimator/pose_with_covariance,67324582642,109.6093,-66.4041
/localization/pose_estimator/pose_with_covariance,67374582642,109.6887,-66.1048
/localization/pose_estimator/pose_with_covariance,67424582643,109.6153,-65.9774
/localization/pose_estimator/pose_with_covariance,67474582644,109.6710,-65.6848
/localization/pose_estimator/pose_with_covariance,67524582645,109.6487,-65.5464
/localization/pose_estimator/pose_with_covariance,67574582645,109.7061,-65.2080
/localization/pose_estimator/pose_with_covariance,67624582646,109.6677,-65.1364
/localization/pose_estimator/pose_with_covariance,67674582647,109.6935,-64.7701
/localization/pose_estimator/pose_with_covariance,67724582647,109.6537,-64.7150
/localization/pose_estimator/pose_with_covariance,67774582648,109.6991,-64.3877
/localization/pose_estimator/pose_with_covariance,67824582649,109.6774,-64.2746
/localization/pose_estimator/pose_with_covariance,67874582650,109.7037,-63.9845
/localization/pose_estimator/pose_with_covariance,67924582650,109.6327,-63.8686
/localization/pose_estimator/pose_with_covariance,67974582651,109.7182,-63.5190
/localization/pose_estimator/pose_with_covariance,68024582652,109.6644,-63.4414
/localization/pose_estimator/pose_with_covariance,68074582653,109.7545,-63.0558
/localization/pose_estimator/pose_with_covariance,68124582653,109.6512,-63.0191
/localization/pose_estimator/pose_with_covariance,68174582654,109.7538,-62.6912
/localization/pose_estimator/pose_with_covariance,68224582655,109.6726,-62.5791
/localization/pose_estimator/pose_with_covariance,68274582656,109.7224,-62.2497
/localization/pose_estimator/pose_with_covariance,68324582656,109.6807,-62.1767
/localization/pose_estimator/pose_with_covariance,68374582657,109.7605,-61.8660
/localization/pose_estimator/pose_with_covariance,68424582658,109.6661,-61.7392
/localization/pose_estimator/pose_with_covariance,68474582659,109.7397,-61.4693
/localization/pose_estimator/pose_with_covariance,68524582659,109.6533,-61.3363
/localization/pose_estimator/pose_with_covariance,68574582660,109.7400,-61.0760
/localization/pose_estimator/pose_with_covariance,68624582661,109.6786,-60.9010
/localization/pose_estimator/pose_with_covariance,68674582662,109.7480,-60.5796
/localization/pose_estimator/pose_with_covariance,68724582662,109.6883,-60.4807
/localization/pose_estimator/pose_with_covariance,68774582663,109.7451,-60.1161
/localization/pose_estimator/pose_with_covariance,68824582664,109.6431,-60.0949
/localization/pose_estimator/pose_with_covariance,68874582665,109.7285,-59.6900
/localization/pose_estimator/pose_with_covariance,68924582665,109.7160,-59.6655
/localization/pose_estimator/pose_with_covariance,68974582666,109.6854,-59.2673
/localization/pose_estimator/pose_with_covariance,69024582667,109.6853,-59.2589
/localization/pose_estimator/pose_with_covariance,69074582668,109.7250,-58.8390
/localization/pose_estimator/pose_with_covariance,69124582668,109.7099,-58.8168
/localization/pose_estimator/pose_with_covariance,69174582669,109.7499,-58.4259
/localization/pose_estimator/pose_with_covariance,69224582670,109.7057,-58.4130
/localization/pose_estimator/pose_with_covariance,69274582671,109.7665,-58.1253
/localization/pose_estimator/pose_with_covariance,69324582671,109.6769,-58.0058
/localization/pose_estimator/pose_with_covariance,69374582672,109.7516,-57.6716
/localization/pose_estimator/pose_with_covariance,69424582673,109.6874,-57.5916
/localization/pose_estimator/pose_with_covariance,69474582674,109.7468,-57.2831
/localization/pose_estimator/pose_with_covariance,69524582674,109.6970,-57.1832
/localization/pose_estimator/pose_with_covariance,69574582675,109.7431,-56.8759
/localization/pose_estimator/pose_with_covariance,69624582676,109.7032,-56.7576
/localization/pose_estimator/pose_with_covariance,69674582677,109.7476,-56.4459
/localization/pose_estimator/pose_with_covariance,69724582677,109.6951,-56.3420
/localization/pose_estimator/pose_with_covariance,69774582678,109.7410,-56.0185
/localization/pose_estimator/pose_with_covariance,69824582679,109.7259,-55.9439
/localization/pose_estimator/pose_with_covariance,69874582680,109.7549,-55.6397
/localization/pose_estimator/pose_with_covariance,69924582680,109.7296,-55.4915
/localization/pose_estimator/pose_with_covariance,69974582681,109.7812,-55.1807
/localization/pose_estimator/pose_with_covariance,70024582682,109.7017,-55.1096
/localization/pose_estimator/pose_with_covariance,70074582683,109.7551,-54.8163
/localization/pose_estimator/pose_with_covariance,70124582683,109.7051,-54.6967
/localization/pose_estimator/pose_with_covariance,70174582684,109.7671,-54.4047
/localization/pose_estimator/pose_with_covariance,70224582685,109.7066,-54.2858
/localization/pose_estimator/pose_with_covariance,70274582685,109.7670,-53.9655
/localization/pose_estimator/pose_with_covariance,70324582686,109.6845,-53.8784
/localization/pose_estimator/pose_with_covariance,70374582687,109.7595,-53.5782
/localization/pose_estimator/pose_with_covariance,70424582688,109.7400,-53.4950
/localization/pose_estimator/pose_with_covariance,70474582688,109.7468,-53.1413
/localization/pose_estimator/pose_with_covariance,70524582689,109.7421,-53.0280
/localization/pose_estimator/pose_with_covariance,70574582690,109.7445,-52.7406
/localization/pose_estimator/pose_with_covariance,70624582691,109.7559,-52.6099
/localization/pose_estimator/pose_with_covariance,70674582691,109.7447,-52.3233
/localization/pose_estimator/pose_with_covariance,70724582692,109.7294,-52.1916
/localization/pose_estimator/pose_with_covariance,70774582693,109.7539,-51.9441
/localization/pose_estimator/pose_with_covariance,70824582694,109.7253,-51.7808
/localization/pose_estimator/pose_with_covariance,70874582694,109.7564,-51.4987
/localization/pose_estimator/pose_with_covariance,70924582695,109.7368,-51.3635
/localization/pose_estimator/pose_with_covariance,70974582696,109.7854,-51.0785
/localization/pose_estimator/pose_with_covariance,71024582697,109.7551,-50.9394
/localization/pose_estimator/pose_with_covariance,71074582697,109.7842,-50.6222
/localization/pose_estimator/pose_with_covariance,71124582698,109.7759,-50.5251
/localization/pose_estimator/pose_with_covariance,71174582699,109.7870,-50.2176
/localization/pose_estimator/pose_with_covariance,71224582700,109.8162,-50.1101
/localization/pose_estimator/pose_with_covariance,71274582700,109.7544,-49.8097
/localization/pose_estimator/pose_with_covariance,71324582701,109.7627,-49.6769
/localization/pose_estimator/pose_with_covariance,71374582702,109.7493,-49.3703
/localization/pose_estimator/pose_with_covariance,71424582703,109.7439,-49.2387
/localization/pose_estimator/pose_with_covariance,71474582703,109.7829,-48.9771
/localization/pose_estimator/pose_with_covariance,71524582704,109.7378,-48.8490
/localization/pose_estimator/pose_with_covariance,71574582705,109.7704,-48.5504
/localization/pose_estimator/pose_with_covariance,71624582706,109.7277,-48.4138
/localization/pose_estimator/pose_with_covariance,71674582706,109.7715,-48.0858
/localization/pose_estimator/pose_with_covariance,71724582707,109.7494,-48.0057
/localization/pose_estimator/pose_with_covariance,71774582708,109.7887,-47.7060
/localization/pose_estimator/pose_with_covariance,71824582709,109.7546,-47.5657
/localization/pose_estimator/pose_with_covariance,71874582709,109.7770,-47.2185
/localization/pose_estimator/pose_with_covariance,71924582710,109.7517,-47.1453
/localization/pose_estimator/pose_with_covariance,71974582711,109.7782,-46.8035
/localization/pose_estimator/pose_with_covariance,72024582712,109.7897,-46.7252
/localization/pose_estimator/pose_with_covariance,72074582712,109.7560,-46.4136
/localization/pose_estimator/pose_with_covariance,72124582713,109.7685,-46.2868
/localization/pose_estimator/pose_with_covariance,72174582714,109.7534,-45.9945
/localization/pose_estimator/pose_with_covariance,72224582715,109.7827,-45.8947
/localization/pose_estimator/pose_with_covariance,72274582715,109.7509,-45.5818
/localization/pose_estimator/pose_with_covariance,72324582716,109.7653,-45.4711
/localization/pose_estimator/pose_with_covariance,72374582717,109.7716,-45.1562
/localization/pose_estimator/pose_with_covariance,72424582718,109.7839,-45.0346
/localization/pose_estimator/pose_with_covariance,72474582718,109.8071,-44.7204
/localization/pose_estimator/pose_with_covariance,72524582719,109.7847,-44.6247
/localization/pose_estimator/pose_with_covariance,72574582720,109.7477,-44.2622
/localization/pose_estimator/pose_with_covariance,72624582721,109.7592,-44.1704
/localization/pose_estimator/pose_with_covariance,72674582721,109.7323,-43.8816
/localization/pose_estimator/pose_with_covariance,72724582722,109.7772,-43.7474
/localization/pose_estimator/pose_with_covariance,72774582723,109.7894,-43.4484
/localization/pose_estimator/pose_with_covariance,72824582723,109.7514,-43.2845
/localization/pose_estimator/pose_with_covariance,72874582724,109.7378,-43.0475
/localization/pose_estimator/pose_with_covariance,72924582725,109.7738,-42.9510
/localization/pose_estimator/pose_with_covariance,72974582726,109.7576,-42.6117
/localization/pose_estimator/pose_with_covariance,73024582726,109.7921,-42.4993
/localization/pose_estimator/pose_with_covariance,73074582727,109.8003,-42.2257
/localization/pose_estimator/pose_with_covariance,73124582728,109.7818,-42.0741
/localization/pose_estimator/pose_with_covariance,73174582729,109.7863,-41.7850
/localization/pose_estimator/pose_with_covariance,73224582729,109.7901,-41.6509
/localization/pose_estimator/pose_with_covariance,73274582730,109.8058,-41.3228
/localization/pose_estimator/pose_with_covariance,73324582731,109.7931,-41.1973
/localization/pose_estimator/pose_with_covariance,73374582732,109.7800,-40.9330
/localization/pose_estimator/pose_with_covariance,73424582732,109.7925,-40.7648
/localization/pose_estimator/pose_with_covariance,73474582733,109.7551,-40.5192
/localization/pose_estimator/pose_with_covariance,73524582734,109.7730,-40.3828
/localization/pose_estimator/pose_with_covariance,73574582735,109.8130,-40.1062
/localization/pose_estimator/pose_with_covariance,73624582735,109.8030,-39.9797
/localization/pose_estimator/pose_with_covariance,73674582736,109.7756,-39.7230
/localization/pose_estimator/pose_with_covariance,73724582737,109.7951,-39.5477
/localization/pose_estimator/pose_with_covariance,73774582738,109.7615,-39.2862
/localization/pose_estimator/pose_with_covariance,73824582738,109.8236,-39.1299
/localization/pose_estimator/pose_with_covariance,73874582739,109.7726,-38.8613
/localization/pose_estimator/pose_with_covariance,73924582740,109.8576,-38.7485
/localization/pose_estimator/pose_with_covariance,73974582741,109.7411,-38.3847
/localization/pose_estimator/pose_with_covariance,74024582741,109.8244,-38.2952
/localization/pose_estimator/pose_with_covariance,74074582742,109.7185,-37.9746
/localization/pose_estimator/pose_with_covariance,74124582743,109.8594,-37.8939
/localization/pose_estimator/pose_with_covariance,74174582744,109.7536,-37.6055
/localization/pose_estimator/pose_with_covariance,74224582744,109.8470,-37.4563
/localization/pose_estimator/pose_with_covariance,74274582745,109.7318,-37.2349
/localization/pose_estimator/pose_with_covariance,74324582746,109.8138,-37.0506
/localization/pose_estimator/pose_with_covariance,74374582747,109.7451,-36.8064
/localization/pose_estimator/pose_with_covariance,74424582747,109.8562,-36.6932
/localization/pose_estimator/pose_with_covariance,74474582748,109.7411,-36.3576
/localization/pose_estimator/pose_with_covariance,74524582749,109.8187,-36.2634
/localization/pose_estimator/pose_with_covariance,74574582750,109.7600,-35.9460
/localization/pose_estimator/pose_with_covariance,74624582750,109.8080,-35.7964
/localization/pose_estimator/pose_with_covariance,74674582751,109.7393,-35.5623
/localization/pose_estimator/pose_with_covariance,74724582752,109.8681,-35.4154
/localization/pose_estimator/pose_with_covariance,74774582753,109.7473,-35.1022
/localization/pose_estimator/pose_with_covariance,74824582753,109.8349,-34.9744
/localization/pose_estimator/pose_with_covariance,74874582754,109.7087,-34.6645
/localization/pose_estimator/pose_with_covariance,74924582755,109.8432,-34.5617
/localization/pose_estimator/pose_with_covariance,74974582756,109.7687,-34.3020
/localization/pose_estimator/pose_with_covariance,75024582756,109.8410,-34.1754
/localization/pose_estimator/pose_with_covariance,75074582757,109.7216,-33.9051
/localization/pose_estimator/pose_with_covariance,75124582758,109.8412,-33.7821
/localization/pose_estimator/pose_with_covariance,75174582759,109.7310,-33.5076
/localization/pose_estimator/pose_with_covariance,75224582759,109.8684,-33.3714
/localization/pose_estimator/pose_with_covariance,75274582760,109.7504,-33.0203
/localization/pose_estimator/pose_with_covariance,75324582761,109.8911,-32.9554
/localization/pose_estimator/pose_with_covariance,75374582761,109.7499,-32.6140
/localization/pose_estimator/pose_with_covariance,75424582762,109.8751,-32.5263
/localization/pose_estimator/pose_with_covariance,75474582763,109.7758,-32.1710
/localization/pose_estimator/pose_with_covariance,75524582764,109.8822,-32.0690
/localization/pose_estimator/pose_with_covariance,75574582764,109.7620,-31.7731
/localization/pose_estimator/pose_with_covariance,75624582765,109.8691,-31.6396
/localization/pose_estimator/pose_with_covariance,75674582766,109.7453,-31.3748
/localization/pose_estimator/pose_with_covariance,75724582767,109.8846,-31.2582
/localization/pose_estimator/pose_with_covariance,75774582767,109.7497,-30.9593
/localization/pose_estimator/pose_with_covariance,75824582768,109.8765,-30.8607
/localization/pose_estimator/pose_with_covariance,75874582769,109.6786,-30.5374
/localization/pose_estimator/pose_with_covariance,75924582770,109.8524,-30.4303
/localization/pose_estimator/pose_with_covariance,75974582770,109.7591,-30.1520
/localization/pose_estimator/pose_with_covariance,76024582771,109.8923,-30.0244
/localization/pose_estimator/pose_with_covariance,76074582772,109.7166,-29.7083
/localization/pose_estimator/pose_with_covariance,76124582773,109.9111,-29.4722
/localization/pose_estimator/pose_with_covariance,76174582773,109.7009,-29.2591
/localization/pose_estimator/pose_with_covariance,76224582774,109.8712,-29.1146
/localization/pose_estimator/pose_with_covariance,76274582775,109.6628,-28.8121
/localization/pose_estimator/pose_with_covariance,76324582776,109.8994,-28.6963
/localization/pose_estimator/pose_with_covariance,76374582776,109.7162,-28.3937
/localization/pose_estimator/pose_with_covariance,76424582777,109.8724,-28.3002
/localization/pose_estimator/pose_with_covariance,76474582778,109.7100,-28.0064
/localization/pose_estimator/pose_with_covariance,76524582779,109.8545,-27.8695
/localization/pose_estimator/pose_with_covariance,76574582779,109.7110,-27.5727
/localization/pose_estimator/pose_with_covariance,76624582780,109.9144,-27.4949
/localization/pose_estimator/pose_with_covariance,76674582781,109.7114,-27.1218
/localization/pose_estimator/pose_with_covariance,76724582782,109.8980,-27.0126
/localization/pose_estimator/pose_with_covariance,76774582782,109.7042,-26.7084
/localization/pose_estimator/pose_with_covariance,76824582783,109.8916,-26.5858
/localization/pose_estimator/pose_with_covariance,76874582784,109.7205,-26.2756
/localization/pose_estimator/pose_with_covariance,76924582785,109.8791,-26.1317
/localization/pose_estimator/pose_with_covariance,76974582785,109.6883,-25.8808
/localization/pose_estimator/pose_with_covariance,77024582786,109.8996,-25.7222
/localization/pose_estimator/pose_with_covariance,77074582787,109.7045,-25.4468
/localization/pose_estimator/pose_with_covariance,77124582788,109.9018,-25.2838
/localization/pose_estimator/pose_with_covariance,77174582788,109.7253,-25.0303
/localization/pose_estimator/pose_with_covariance,77224582789,109.8783,-24.9028
/localization/pose_estimator/pose_with_covariance,77274582790,109.7017,-24.5961
/localization/pose_estimator/pose_with_covariance,77324582791,109.8803,-24.5011
/localization/pose_estimator/pose_with_covariance,77374582791,109.7428,-24.1765
/localization/pose_estimator/pose_with_covariance,77424582792,109.8661,-24.0831
/localization/pose_estimator/pose_with_covariance,77474582793,109.7904,-23.7587
/localization/pose_estimator/pose_with_covariance,77524582794,109.8958,-23.6392
/localization/pose_estimator/pose_with_covariance,77574582794,109.7104,-23.3063
/localization/pose_estimator/pose_with_covariance,77624582795,109.9377,-23.1466
/localization/pose_estimator/pose_with_covariance,77674582796,109.7014,-22.8342
/localization/pose_estimator/pose_with_covariance,77724582797,109.9541,-22.7229
/localization/pose_estimator/pose_with_covariance,77774582797,109.7532,-22.4664
/localization/pose_estimator/pose_with_covariance,77824582798,109.9045,-22.3484
/localization/pose_estimator/pose_with_covariance,77874582799,109.7614,-22.0518
/localization/pose_estimator/pose_with_covariance,77924582799,109.9346,-21.9354
/localization/pose_estimator/pose_with_covariance,77974582800,109.7600,-21.6279
/localization/pose_estimator/pose_with_covariance,78024582801,109.9490,-21.5312
/localization/pose_estimator/pose_with_covariance,78074582802,109.7224,-21.2195
/localization/pose_estimator/pose_with_covariance,78124582802,109.9282,-21.0922
/localization/pose_estimator/pose_with_covariance,78174582803,109.7417,-20.7879
/localization/pose_estimator/pose_with_covariance,78224582804,109.9229,-20.6460
/localization/pose_estimator/pose_with_covariance,78274582805,109.7925,-20.3482
/localization/pose_estimator/pose_with_covariance,78324582805,109.9697,-20.1949
/localization/pose_estimator/pose_with_covariance,78374582806,109.7991,-19.9136
/localization/pose_estimator/pose_with_covariance,78424582807,109.9696,-19.7755
/localization/pose_estimator/pose_with_covariance,78474582808,109.7746,-19.5004
/localization/pose_estimator/pose_with_covariance,78524582808,109.9844,-19.3599
/localization/pose_estimator/pose_with_covariance,78574582809,109.8368,-19.0473
/localization/pose_estimator/pose_with_covariance,78624582810,109.9877,-18.9519
/localization/pose_estimator/pose_with_covariance,78674582811,109.8602,-18.6497
/localization/pose_estimator/pose_with_covariance,78724582811,109.9874,-18.4897
/localization/pose_estimator/pose_with_covariance,78774582812,109.8759,-18.2111
/localization/pose_estimator/pose_with_covariance,78824582813,109.9842,-18.1126
/localization/pose_estimator/pose_with_covariance,78874582814,109.8000,-17.7791
/localization/pose_estimator/pose_with_covariance,78924582814,110.0257,-17.7017
/localization/pose_estimator/pose_with_covariance,78974582815,109.8186,-17.3484
/localization/pose_estimator/pose_with_covariance,79024582816,110.0217,-17.2065
/localization/pose_estimator/pose_with_covariance,79074582817,109.8128,-16.9079
/localization/pose_estimator/pose_with_covariance,79124582817,110.0353,-16.8131
/localization/pose_estimator/pose_with_covariance,79174582818,109.8437,-16.5088
/localization/pose_estimator/pose_with_covariance,79224582819,110.0082,-16.4125
/localization/pose_estimator/pose_with_covariance,79274582820,109.8321,-16.1010
/localization/pose_estimator/pose_with_covariance,79324582820,109.9921,-15.9978
/localization/pose_estimator/pose_with_covariance,79374582821,109.8721,-15.6859
/localization/pose_estimator/pose_with_covariance,79424582822,110.0387,-15.5634
/localization/pose_estimator/pose_with_covariance,79474582823,109.8750,-15.2326
/localization/pose_estimator/pose_with_covariance,79524582823,110.0197,-15.1776
/localization/pose_estimator/pose_with_covariance,79574582824,109.8432,-14.8543
/localization/pose_estimator/pose_with_covariance,79624582825,110.0094,-14.7642
/localization/pose_estimator/pose_with_covariance,79674582826,109.8303,-14.4339
/localization/pose_estimator/pose_with_covariance,79724582826,110.0105,-14.3204
/localization/pose_estimator/pose_with_covariance,79774582827,109.8234,-14.0229
/localization/pose_estimator/pose_with_covariance,79824582828,110.0149,-13.9127
/localization/pose_estimator/pose_with_covariance,79874582829,109.8448,-13.6039
/localization/pose_estimator/pose_with_covariance,79924582829,110.0402,-13.4721
/localization/pose_estimator/pose_with_covariance,79974582830,109.9166,-13.1801
/localization/pose_estimator/pose_with_covariance,80024582831,110.0171,-13.0906
/localization/pose_estimator/pose_with_covariance,80074582832,109.8927,-12.7703
/localization/pose_estimator/pose_with_covariance,80124582832,110.0520,-12.6576
/localization/pose_estimator/pose_with_covariance,80174582833,109.8488,-12.3322
/localization/pose_estimator/pose_with_covariance,80224582834,110.0464,-12.2656
/localization/pose_estimator/pose_with_covariance,80274582835,109.8586,-11.9355
/localization/pose_estimator/pose_with_covariance,80324582835,110.0375,-11.8295
/localization/pose_estimator/pose_with_covariance,80374582836,109.8616,-11.5168
/localization/pose_estimator/pose_with_covariance,80424582837,110.0409,-11.3744
/localization/pose_estimator/pose_with_covariance,80474582837,109.8939,-11.1242
/localization/pose_estimator/pose_with_covariance,80524582838,110.0575,-10.9626
/localization/pose_estimator/pose_with_covariance,80574582839,109.9045,-10.6864
/localization/pose_estimator/pose_with_covariance,80624582840,110.0266,-10.5445
/localization/pose_estimator/pose_with_covariance,80674582840,109.8651,-10.2604
/localization/pose_estimator/pose_with_covariance,80724582841,110.0442,-10.1356
/localization/pose_estimator/pose_with_covariance,80774582842,109.8796,-9.8805
/localization/pose_estimator/pose_with_covariance,80824582843,110.0516,-9.7176
/localization/pose_estimator/pose_with_covariance,80874582843,109.9181,-9.4666
/localization/pose_estimator/pose_with_covariance,80924582844,110.0154,-9.2821
/localization/pose_estimator/pose_with_covariance,80974582845,109.9194,-9.0463
/localization/pose_estimator/pose_with_covariance,81024582846,110.0304,-8.9034
/localization/pose_estimator/pose_with_covariance,81074582846,109.8870,-8.6807
/localization/pose_estimator/pose_with_covariance,81124582847,110.0260,-8.4663
/localization/pose_estimator/pose_with_covariance,81174582848,109.8702,-8.2105
/localization/pose_estimator/pose_with_covariance,81224582849,110.0422,-8.0470
/localization/pose_estimator/pose_with_covariance,81274582849,109.8743,-7.8117
/localization/pose_estimator/pose_with_covariance,81324582850,110.0400,-7.5985
/localization/pose_estimator/pose_with_covariance,81374582851,109.9059,-7.4089
/localization/pose_estimator/pose_with_covariance,81424582852,110.0488,-7.2099
/localization/pose_estimator/pose_with_covariance,81474582852,109.9305,-6.9831
/localization/pose_estimator/pose_with_covariance,81524582853,110.0346,-6.8140
/localization/pose_estimator/pose_with_covariance,81574582854,109.9087,-6.5782
/localization/pose_estimator/pose_with_covariance,81624582855,110.0454,-6.3752
/localization/pose_estimator/pose_with_covariance,81674582855,109.9087,-6.1710
/localization/pose_estimator/pose_with_covariance,81724582856,110.0508,-5.9335
/localization/pose_estimator/pose_with_covariance,81774582857,109.9155,-5.6977
/localization/pose_estimator/pose_with_covariance,81824582858,110.0242,-5.5246
/localization/pose_estimator/pose_with_covariance,81874582858,109.9043,-5.3141
/localization/pose_estimator/pose_with_covariance,81924582859,110.0471,-5.1185
/localization/pose_estimator/pose_with_covariance,81974582860,109.9246,-4.8831
/localization/pose_estimator/pose_with_covariance,82024582861,110.0432,-4.7096
/localization/pose_estimator/pose_with_covariance,82074582861,109.9243,-4.4803
/localization/pose_estimator/pose_with_covariance,82124582862,110.0145,-4.2696
/localization/pose_estimator/pose_with_covariance,82174582863,109.9477,-4.0763
/localization/pose_estimator/pose_with_covariance,82224582864,110.0131,-3.8683
/localization/pose_estimator/pose_with_covariance,82274582864,109.9532,-3.6252
/localization/pose_estimator/pose_with_covariance,82324582865,110.0382,-3.4877
/localization/pose_estimator/pose_with_covariance,82374582866,109.9736,-3.2569
/localization/pose_estimator/pose_with_covariance,82424582867,110.0218,-3.0559
/localization/pose_estimator/pose_with_covariance,82474582867,109.9745,-2.8540
/localization/pose_estimator/pose_with_covariance,82524582868,110.0516,-2.6026
/localization/pose_estimator/pose_with_covariance,82574582869,109.9372,-2.3993
/localization/pose_estimator/pose_with_covariance,82624582870,110.0464,-2.1867
/localization/pose_estimator/pose_with_covariance,82674582870,109.9792,-1.9921
/localization/pose_estimator/pose_with_covariance,82724582871,110.0730,-1.8053
/localization/pose_estimator/pose_with_covariance,82774582872,110.0242,-1.5308
/localization/pose_estimator/pose_with_covariance,82824582873,110.0526,-1.3343
/localization/pose_estimator/pose_with_covariance,82874582873,110.0285,-1.1515
/localization/pose_estimator/pose_with_covariance,82924582874,110.0787,-0.9544
/localization/pose_estimator/pose_with_covariance,82974582875,109.9944,-0.7555
/localization/pose_estimator/pose_with_covariance,83024582875,110.0514,-0.4921
/localization/pose_estimator/pose_with_covariance,83074582876,109.9799,-0.3209
/localization/pose_estimator/pose_with_covariance,83124582877,110.0573,-0.1247
/localization/pose_estimator/pose_with_covariance,83174582878,109.9639,0.0817
/localization/pose_estimator/pose_with_covariance,83224582878,110.0644,0.2768
/localization/pose_estimator/pose_with_covariance,83274582879,110.0026,0.5234
/localization/pose_estimator/pose_with_covariance,83324582880,110.0835,0.7282
/localization/pose_estimator/pose_with_covariance,83374582881,110.0028,0.9243
/localization/pose_estimator/pose_with_covariance,83424582881,110.0837,1.1625
/localization/pose_estimator/pose_with_covariance,83474582882,110.0054,1.3144
/localization/pose_estimator/pose_with_covariance,83524582883,110.0647,1.5550
/localization/pose_estimator/pose_with_covariance,83574582884,110.0081,1.7565
/localization/pose_estimator/pose_with_covariance,83624582884,110.0524,1.9781
/localization/pose_estimator/pose_with_covariance,83674582885,110.0096,2.1531
/localization/pose_estimator/pose_with_covariance,83724582886,110.1081,2.3985
/localization/pose_estimator/pose_with_covariance,83774582887,110.0090,2.6467
/localization/pose_estimator/pose_with_covariance,83824582887,110.0738,2.7992
/localization/pose_estimator/pose_with_covariance,83874582888,110.0528,3.0710
/localization/pose_estimator/pose_with_covariance,83924582889,110.0971,3.2297
/localization/pose_estimator/pose_with_covariance,83974582890,110.0521,3.3983
/localization/pose_estimator/pose_with_covariance,84024582890,110.0773,3.6456
/localization/pose_estimator/pose_with_covariance,84074582891,110.0949,3.8524
/localization/pose_estimator/pose_with_covariance,84124582892,110.1204,4.0893
/localization/pose_estimator/pose_with_covariance,84174582893,110.0466,4.2620
/localization/pose_estimator/pose_with_covariance,84224582893,110.1064,4.5407
/localization/pose_estimator/pose_with_covariance,84274582894,110.0536,4.7413
/localization/pose_estimator/pose_with_covariance,84324582895,110.0726,4.9532
/localization/pose_estimator/pose_with_covariance,84374582896,110.0244,5.1277
/localization/pose_estimator/pose_with_covariance,84424582896,110.0826,5.3855
/localization/pose_estimator/pose_with_covariance,84474582897,110.0588,5.6070
/localization/pose_estimator/pose_with_covariance,84524582898,110.1101,5.7912
/localization/pose_estimator/pose_with_covariance,84574582899,110.0499,5.9029
/localization/pose_estimator/pose_with_covariance,84624582899,110.0973,6.1763
/localization/pose_estimator/pose_with_covariance,84674582900,110.0382,6.3948
/localization/pose_estimator/pose_with_covariance,84724582901,110.0958,6.6504
/localization/pose_estimator/pose_with_covariance,84774582902,110.0836,6.7928
/localization/pose_estimator/pose_with_covariance,84824582902,110.0758,7.1113
/localization/pose_estimator/pose_with_covariance,84874582903,110.0242,7.1706
/localization/pose_estimator/pose_with_covariance,84924582904,110.1104,7.5033
/localization/pose_estimator/pose_with_covariance,84974582905,110.0450,7.5861
/localization/pose_estimator/pose_with_covariance,85024582905,110.1074,7.9335
/localization/pose_estimator/pose_with_covariance,85074582906,110.0328,8.1790
/localization/pose_estimator/pose_with_covariance,85124582907,110.0948,8.3519
/localization/pose_estimator/pose_with_covariance,85174582908,110.0782,8.6462
/localization/pose_estimator/pose_with_covariance,85224582908,110.1272,8.7840
/localization/pose_estimator/pose_with_covariance,85274582909,109.9236,9.0151
/localization/pose_estimator/pose_with_covariance,85324582910,110.1192,9.2077
/localization/pose_estimator/pose_with_covariance,85374582911,109.9225,9.4684
/localization/pose_estimator/pose_with_covariance,85424582911,110.1045,9.6170
/localization/pose_estimator/pose_with_covariance,85474582912,110.0543,9.9378
/localization/pose_estimator/pose_with_covariance,85524582913,110.1017,10.0756
/localization/pose_estimator/pose_with_covariance,85574582913,109.9906,10.2704
/localization/pose_estimator/pose_with_covariance,85624582914,110.0873,10.5175
/localization/pose_estimator/pose_with_covariance,85674582915,110.0451,10.7343
/localization/pose_estimator/pose_with_covariance,85724582916,110.0910,10.9593
/localization/pose_estimator/pose_with_covariance,85774582916,110.0268,11.1494
/localization/pose_estimator/pose_with_covariance,85824582917,110.1205,11.3426
/localization/pose_estimator/pose_with_covariance,85874582918,110.0941,11.5720
/localization/pose_estimator/pose_with_covariance,85924582919,110.1354,11.8453
/localization/pose_estimator/pose_with_covariance,85974582919,110.1530,11.9951
/localization/pose_estimator/pose_with_covariance,86024582920,110.1206,12.2195
/localization/pose_estimator/pose_with_covariance,86074582921,110.0380,12.4362
/localization/pose_estimator/pose_with_covariance,86124582922,110.1544,12.6737
/localization/pose_estimator/pose_with_covariance,86174582922,110.0643,12.9071
/localization/pose_estimator/pose_with_covariance,86224582923,110.1233,13.1422
/localization/pose_estimator/pose_with_covariance,86274582924,110.1624,13.3245
/localization/pose_estimator/pose_with_covariance,86324582925,110.1317,13.5770
/localization/pose_estimator/pose_with_covariance,86374582925,110.1229,13.7329
/localization/pose_estimator/pose_with_covariance,86424582926,110.1230,13.9981
/localization/pose_estimator/pose_with_covariance,86474582927,110.1085,14.1641
/localization/pose_estimator/pose_with_covariance,86524582928,110.1378,14.4645
/localization/pose_estimator/pose_with_covariance,86574582928,110.1861,14.6298
/localization/pose_estimator/pose_with_covariance,86624582929,110.1611,14.8566
/localization/pose_estimator/pose_with_covariance,86674582930,110.1613,15.0611
/localization/pose_estimator/pose_with_covariance,86724582931,110.1743,15.3269
/localization/pose_estimator/pose_with_covariance,86774582931,110.1666,15.4768
/localization/pose_estimator/pose_with_covariance,86824582932,110.1839,15.7318
/localization/pose_estimator/pose_with_covariance,86874582933,110.2146,15.9360
/localization/pose_estimator/pose_with_covariance,86924582934,110.1743,16.1496
/localization/pose_estimator/pose_with_covariance,86974582934,110.1847,16.3203
/localization/pose_estimator/pose_with_covariance,87024582935,110.1720,16.5726
/localization/pose_estimator/pose_with_covariance,87074582936,110.1827,16.8082
/localization/pose_estimator/pose_with_covariance,87124582937,110.1641,16.9794
/localization/pose_estimator/pose_with_covariance,87174582937,110.1583,17.1761
/localization/pose_estimator/pose_with_covariance,87224582938,110.1512,17.4358
/localization/pose_estimator/pose_with_covariance,87274582939,110.1967,17.5863
/localization/pose_estimator/pose_with_covariance,87324582940,110.1986,17.8523
/localization/pose_estimator/pose_with_covariance,87374582940,110.1580,18.0263
/localization/pose_estimator/pose_with_covariance,87424582941,110.2004,18.2879
/localization/pose_estimator/pose_with_covariance,87474582942,110.1084,18.4817
/localization/pose_estimator/pose_with_covariance,87524582943,110.1788,18.7024
/localization/pose_estimator/pose_with_covariance,87574582943,110.1530,18.9191
/localization/pose_estimator/pose_with_covariance,87624582944,110.1648,19.1453
/localization/pose_estimator/pose_with_covariance,87674582945,110.1504,19.3282
/localization/pose_estimator/pose_with_covariance,87724582946,110.1523,19.5684
/localization/pose_estimator/pose_with_covariance,87774582946,110.1604,19.6958
/localization/pose_estimator/pose_with_covariance,87824582947,110.1182,20.0642
/localization/pose_estimator/pose_with_covariance,87874582948,110.1489,20.1305
/localization/pose_estimator/pose_with_covariance,87924582949,110.0918,20.4137
/localization/pose_estimator/pose_with_covariance,87974582949,110.1123,20.5499
/localization/pose_estimator/pose_with_covariance,88024582950,110.1022,20.8283
/localization/pose_estimator/pose_with_covariance,88074582951,110.0953,20.9785
/localization/pose_estimator/pose_with_covariance,88124582951,110.0874,21.2644
/localization/pose_estimator/pose_with_covariance,88174582952,110.1012,21.5043
/localization/pose_estimator/pose_with_covariance,88224582953,110.0731,21.7092
/localization/pose_estimator/pose_with_covariance,88274582954,110.0948,21.9092
/localization/pose_estimator/pose_with_covariance,88324582954,110.0447,22.1079
/localization/pose_estimator/pose_with_covariance,88374582955,110.0399,22.3112
/localization/pose_estimator/pose_with_covariance,88424582956,110.0325,22.5236
/localization/pose_estimator/pose_with_covariance,88474582957,110.0531,22.7695
/localization/pose_estimator/pose_with_covariance,88524582957,110.0170,22.9564
/localization/pose_estimator/pose_with_covariance,88574582958,110.0353,23.1755
/localization/pose_estimator/pose_with_covariance,88624582959,109.9796,23.3902
/localization/pose_estimator/pose_with_covariance,88674582960,110.0503,23.5852
/localization/pose_estimator/pose_with_covariance,88724582960,109.9377,23.7999
/localization/pose_estimator/pose_with_covariance,88774582961,110.0060,23.9550
/localization/pose_estimator/pose_with_covariance,88824582962,109.8841,24.2323
/localization/pose_estimator/pose_with_covariance,88874582963,110.0024,24.4413
/localization/pose_estimator/pose_with_covariance,88924582963,109.8797,24.7102
/localization/pose_estimator/pose_with_covariance,88974582964,109.9559,24.8313
/localization/pose_estimator/pose_with_covariance,89024582965,109.8640,25.1155
/localization/pose_estimator/pose_with_covariance,89074582966,109.9321,25.3951
/localization/pose_estimator/pose_with_covariance,89124582966,109.7934,25.4839
/localization/pose_estimator/pose_with_covariance,89174582967,109.9070,25.7456
/localization/pose_estimator/pose_with_covariance,89224582968,109.7502,25.9252
/localization/pose_estimator/pose_with_covariance,89274582969,109.8214,26.0709
/localization/pose_estimator/pose_with_covariance,89324582969,109.6826,26.3390
/localization/pose_estimator/pose_with_covariance,89374582970,109.7680,26.5044
/localization/pose_estimator/pose_with_covariance,89424582971,109.6647,26.7829
/localization/pose_estimator/pose_with_covariance,89474582972,109.7055,26.9065
/localization/pose_estimator/pose_with_covariance,89524582972,109.6061,27.1703
/localization/pose_estimator/pose_with_covariance,89574582973,109.6632,27.3566
/localization/pose_estimator/pose_with_covariance,89624582974,109.5759,27.5931
/localization/pose_estimator/pose_with_covariance,89674582975,109.5958,27.6896
/localization/pose_estimator/pose_with_covariance,89724582975,109.5386,28.0171
/localization/pose_estimator/pose_with_covariance,89774582976,109.5258,28.1781
/localization/pose_estimator/pose_with_covariance,89824582977,109.4694,28.4511
/localization/pose_estimator/pose_with_covariance,89874582978,109.4754,28.5922
/localization/pose_estimator/pose_with_covariance,89924582978,109.3829,28.8317
/localization/pose_estimator/pose_with_covariance,89974582979,109.4438,29.0530
/localization/pose_estimator/pose_with_covariance,90024582980,109.3208,29.2542
/localization/pose_estimator/pose_with_covariance,90074582981,109.3840,29.4706
/localization/pose_estimator/pose_with_covariance,90124582981,109.2147,29.6579
/localization/pose_estimator/pose_with_covariance,90174582982,109.2890,29.8275
/localization/pose_estimator/pose_with_covariance,90224582983,109.1472,30.0589
/localization/pose_estimator/pose_with_covariance,90274582984,109.1968,30.2121
/localization/pose_estimator/pose_with_covariance,90324582984,109.0796,30.4465
/localization/pose_estimator/pose_with_covariance,90374582985,109.1039,30.5895
/localization/pose_estimator/pose_with_covariance,90424582986,108.9996,30.8841
/localization/pose_estimator/pose_with_covariance,90474582987,109.0387,31.0083
/localization/pose_estimator/pose_with_covariance,90524582987,108.9146,31.2660
/localization/pose_estimator/pose_with_covariance,90574582988,108.9081,31.3902
/localization/pose_estimator/pose_with_covariance,90624582989,108.8722,31.6792
/localization/pose_estimator/pose_with_covariance,90674582989,108.8304,31.7784
/localization/pose_estimator/pose_with_covariance,90724582990,108.7605,32.1010
/localization/pose_estimator/pose_with_covariance,90774582991,108.7310,32.2173
/localization/pose_estimator/pose_with_covariance,90824582992,108.6991,32.4953
/localization/pose_estimator/pose_with_covariance,90874582992,108.6713,32.6004
/localization/pose_estimator/pose_with_covariance,90924582993,108.5836,32.8893
/localization/pose_estimator/pose_with_covariance,90974582994,108.5466,33.0242
/localization/pose_estimator/pose_with_covariance,91024582995,108.4717,33.3136
/localization/pose_estimator/pose_with_covariance,91074582995,108.4750,33.3846
/localization/pose_estimator/pose_with_covariance,91124582996,108.3684,33.6952
/localization/pose_estimator/pose_with_covariance,91174582997,108.3998,33.8167
/localization/pose_estimator/pose_with_covariance,91224582998,108.2969,34.1083
/localization/pose_estimator/pose_with_covariance,91274582998,108.2769,34.2217
/localization/pose_estimator/pose_with_covariance,91324582999,108.1924,34.4892
/localization/pose_estimator/pose_with_covariance,91374583000,108.1511,34.5956
/localization/pose_estimator/pose_with_covariance,91424583001,108.0559,34.8931
/localization/pose_estimator/pose_with_covariance,91474583001,108.0677,35.0107
/localization/pose_estimator/pose_with_covariance,91524583002,107.9374,35.2736
/localization/pose_estimator/pose_with_covariance,91574583003,107.9731,35.4039
/localization/pose_estimator/pose_with_covariance,91624583004,107.7864,35.6828
/localization/pose_estimator/pose_with_covariance,91674583004,107.8674,35.7877
/localization/pose_estimator/pose_with_covariance,91724583005,107.6695,36.0567
/localization/pose_estimator/pose_with_covariance,91774583006,107.7024,36.1959
/localization/pose_estimator/pose_with_covariance,91824583007,107.5658,36.4436
/localization/pose_estimator/pose_with_covariance,91874583007,107.5437,36.6063
/localization/pose_estimator/pose_with_covariance,91924583008,107.4092,36.8237
/localization/pose_estimator/pose_with_covariance,91974583009,107.4460,36.9935
/localization/pose_estimator/pose_with_covariance,92024583010,107.2964,37.2105
/localization/pose_estimator/pose_with_covariance,92074583010,107.3285,37.3347
/localization/pose_estimator/pose_with_covariance,92124583011,107.2139,37.6153
/localization/pose_estimator/pose_with_covariance,92174583012,107.2076,37.7518
/localization/pose_estimator/pose_with_covariance,92224583013,107.0583,37.9985
/localization/pose_estimator/pose_with_covariance,92274583013,107.0824,38.0954
/localization/pose_estimator/pose_with_covariance,92324583014,106.8777,38.3900
/localization/pose_estimator/pose_with_covariance,92374583015,106.9229,38.4936
/localization/pose_estimator/pose_with_covariance,92424583016,106.7421,38.7727
/localization/pose_estimator/pose_with_covariance,92474583016,106.7589,38.8990
/localization/pose_estimator/pose_with_covariance,92524583017,106.6260,39.1816
/localization/pose_estimator/pose_with_covariance,92574583018,106.6177,39.2637
/localization/pose_estimator/pose_with_covariance,92624583019,106.4639,39.5560
/localization/pose_estimator/pose_with_covariance,92674583019,106.4897,39.6509
/localization/pose_estimator/pose_with_covariance,92724583020,106.3215,39.9080
/localization/pose_estimator/pose_with_covariance,92774583021,106.2972,39.9767
/localization/pose_estimator/pose_with_covariance,92824583022,106.1912,40.2953
/localization/pose_estimator/pose_with_covariance,92874583022,106.1308,40.4008
/localization/pose_estimator/pose_with_covariance,92924583023,106.0256,40.6925
/localization/pose_estimator/pose_with_covariance,92974583024,105.9834,40.7558
/localization/pose_estimator/pose_with_covariance,93024583024,105.8283,41.0519
/localization/pose_estimator/pose_with_covariance,93074583025,105.8571,41.1761
/localization/pose_estimator/pose_with_covariance,93124583026,105.6336,41.4158
/localization/pose_estimator/pose_with_covariance,93174583027,105.6477,41.5585
/localization/pose_estimator/pose_with_covariance,93224583027,105.5091,41.7843
/localization/pose_estimator/pose_with_covariance,93274583028,105.4992,41.9498
/localization/pose_estimator/pose_with_covariance,93324583029,105.3182,42.1816
/localization/pose_estimator/pose_with_covariance,93374583030,105.3067,42.2977
/localization/pose_estimator/pose_with_covariance,93424583030,105.1672,42.5423
/localization/pose_estimator/pose_with_covariance,93474583031,105.1549,42.6611
/localization/pose_estimator/pose_with_covariance,93524583032,105.0010,42.9433
/localization/pose_estimator/pose_with_covariance,93574583033,104.9215,43.0525
/localization/pose_estimator/pose_with_covariance,93624583033,104.8037,43.3136
/localization/pose_estimator/pose_with_covariance,93674583034,104.7242,43.4359
/localization/pose_estimator/pose_with_covariance,93724583035,104.5799,43.7170
/localization/pose_estimator/pose_with_covariance,93774583036,104.5700,43.7939
/localization/pose_estimator/pose_with_covariance,93824583036,104.3799,44.0644
/localization/pose_estimator/pose_with_covariance,93874583037,104.3533,44.1790
/localization/pose_estimator/pose_with_covariance,93924583038,104.1695,44.4508
/localization/pose_estimator/pose_with_covariance,93974583039,104.1590,44.5368
/localization/pose_estimator/pose_with_covariance,94024583039,103.9674,44.8270
/localization/pose_estimator/pose_with_covariance,94074583040,103.9642,44.9096
/localization/pose_estimator/pose_with_covariance,94124583041,103.7335,45.2056
/localization/pose_estimator/pose_with_covariance,94174583042,103.7752,45.2840
/localization/pose_estimator/pose_with_covariance,94224583042,103.5550,45.5460
/localization/pose_estimator/pose_with_covariance,94274583043,103.5487,45.6491
/localization/pose_estimator/pose_with_covariance,94324583044,103.3093,45.8970
/localization/pose_estimator/pose_with_covariance,94374583045,103.3247,46.0213
/localization/pose_estimator/pose_with_covariance,94424583045,103.1341,46.2612
/localization/pose_estimator/pose_with_covariance,94474583046,103.0977,46.3556
/localization/pose_estimator/pose_with_covariance,94524583047,102.8993,46.6540
/localization/pose_estimator/pose_with_covariance,94574583048,102.9084,46.7298
/localization/pose_estimator/pose_with_covariance,94624583048,102.6904,47.0423
/localization/pose_estimator/pose_with_covariance,94674583049,102.6730,47.0805
/localization/pose_estimator/pose_with_covariance,94724583050,102.4612,47.3254
/localization/pose_estimator/pose_with_covariance,94774583051,102.4192,47.4292
/localization/pose_estimator/pose_with_covariance,94824583051,102.2517,47.6818
/localization/pose_estimator/pose_with_covariance,94874583052,102.1846,47.8013
/localization/pose_estimator/pose_with_covariance,94924583053,102.0311,48.0121
/localization/pose_estimator/pose_with_covariance,94974583054,102.0182,48.1650
/localization/pose_estimator/pose_with_covariance,95024583054,101.7146,48.3516
/localization/pose_estimator/pose_with_covariance,95074583055,101.6980,48.4767
/localization/pose_estimator/pose_with_covariance,95124583056,101.5223,48.7204
/localization/pose_estimator/pose_with_covariance,95224583057,101.3175,49.0781
/localization/pose_estimator/pose_with_covariance,95274583058,101.2801,49.1983
/localization/pose_estimator/pose_with_covariance,95324583059,101.0324,49.3708
/localization/pose_estimator/pose_with_covariance,95374583060,101.0025,49.5208
/localization/pose_estimator/pose_with_covariance,95424583060,100.7893,49.7007
/localization/pose_estimator/pose_with_covariance,95474583061,100.7331,49.8709
/localization/pose_estimator/pose_with_covariance,95524583062,100.5147,50.0416
/localization/pose_estimator/pose_with_covariance,95574583062,100.5254,50.1926
/localization/pose_estimator/pose_with_covariance,95624583063,100.3316,50.3989
/localization/pose_estimator/pose_with_covariance,95674583064,100.2409,50.4999
/localization/pose_estimator/pose_with_covariance,95724583065,100.0564,50.7227
/localization/pose_estimator/pose_with_covariance,95774583065,99.9688,50.8281
/localization/pose_estimator/pose_with_covariance,95824583066,99.7561,51.0555
/localization/pose_estimator/pose_with_covariance,95874583067,99.7045,51.1674
/localization/pose_estimator/pose_with_covariance,95924583068,99.4838,51.4114
/localization/pose_estimator/pose_with_covariance,95974583068,99.4785,51.4981
/localization/pose_estimator/pose_with_covariance,96024583069,99.2330,51.7063
/localization/pose_estimator/pose_with_covariance,96074583070,99.1728,51.7639
/localization/pose_estimator/pose_with_covariance,96124583071,98.9268,52.0244
/localization/pose_estimator/pose_with_covariance,96174583071,98.9360,52.0916
/localization/pose_estimator/pose_with_covariance,96224583072,98.6729,52.3318
/localization/pose_estimator/pose_with_covariance,96274583073,98.6420,52.4184
/localization/pose_estimator/pose_with_covariance,96324583074,98.4645,52.6402
/localization/pose_estimator/pose_with_covariance,96374583074,98.3775,52.7117
/localization/pose_estimator/pose_with_covariance,96424583075,98.1686,52.9297
/localization/pose_estimator/pose_with_covariance,96474583076,98.0947,53.0495
/localization/pose_estimator/pose_with_covariance,96524583077,97.8840,53.2350
/localization/pose_estimator/pose_with_covariance,96574583077,97.8539,53.3433
/localization/pose_estimator/pose_with_covariance,96624583078,97.5831,53.5601
/localization/pose_estimator/pose_with_covariance,96674583079,97.5415,53.6501
/localization/pose_estimator/pose_with_covariance,96724583080,97.3120,53.8504
/localization/pose_estimator/pose_with_covariance,96774583080,97.2842,53.9525
/localization/pose_estimator/pose_with_covariance,96824583081,97.0029,54.1157
/localization/pose_estimator/pose_with_covariance,96874583082,96.9705,54.2349
/localization/pose_estimator/pose_with_covariance,96924583083,96.7062,54.4440
/localization/pose_estimator/pose_with_covariance,96974583083,96.6738,54.5550
/localization/pose_estimator/pose_with_covariance,97024583084,96.4582,54.7615
/localization/pose_estimator/pose_with_covariance,97074583085,96.3958,54.8554
/localization/pose_estimator/pose_with_covariance,97124583086,96.1599,55.0099
/localization/pose_estimator/pose_with_covariance,97174583086,96.0703,55.1329
/localization/pose_estimator/pose_with_covariance,97224583087,95.8325,55.2770
/localization/pose_estimator/pose_with_covariance,97274583088,95.8089,55.4275
/localization/pose_estimator/pose_with_covariance,97324583089,95.5688,55.6064
/localization/pose_estimator/pose_with_covariance,97374583089,95.4992,55.7115
/localization/pose_estimator/pose_with_covariance,97424583090,95.2193,55.8959
/localization/pose_estimator/pose_with_covariance,97474583091,95.1771,55.9885
/localization/pose_estimator/pose_with_covariance,97524583092,94.8875,56.1486
/localization/pose_estimator/pose_with_covariance,97574583092,94.8996,56.2769
/localization/pose_estimator/pose_with_covariance,97624583093,94.6182,56.4368
/localization/pose_estimator/pose_with_covariance,97674583094,94.5390,56.5626
/localization/pose_estimator/pose_with_covariance,97724583095,94.3290,56.7321
/localization/pose_estimator/pose_with_covariance,97774583095,94.2358,56.8115
/localization/pose_estimator/pose_with_covariance,97824583096,94.0296,57.0030
/localization/pose_estimator/pose_with_covariance,97874583097,93.8913,57.0879
/localization/pose_estimator/pose_with_covariance,97924583098,93.6815,57.2670
/localization/pose_estimator/pose_with_covariance,97974583098,93.6103,57.3550
/localization/pose_estimator/pose_with_covariance,98024583099,93.4155,57.5722
/localization/pose_estimator/pose_with_covariance,98074583100,93.2851,57.5976
/localization/pose_estimator/pose_with_covariance,98124583100,93.0804,57.7902
/localization/pose_estimator/pose_with_covariance,98174583101,92.9553,57.8781
/localization/pose_estimator/pose_with_covariance,98224583102,92.7128,58.0845
/localization/pose_estimator/pose_with_covariance,98274583103,92.6153,58.1689
/localization/pose_estimator/pose_with_covariance,98324583103,92.4391,58.3246
/localization/pose_estimator/pose_with_covariance,98374583104,92.2654,58.4074
/localization/pose_estimator/pose_with_covariance,98424583105,92.1063,58.5790
/localization/pose_estimator/pose_with_covariance,98474583106,91.9698,58.6571
/localization/pose_estimator/pose_with_covariance,98524583106,91.7594,58.7891
/localization/pose_estimator/pose_with_covariance,98574583107,91.6418,58.9131
/localization/pose_estimator/pose_with_covariance,98624583108,91.4373,59.0709
/localization/pose_estimator/pose_with_covariance,98674583109,91.2848,59.1582
/localization/pose_estimator/pose_with_covariance,98724583109,91.0673,59.3300
/localization/pose_estimator/pose_with_covariance,98774583110,90.9467,59.4087
/localization/pose_estimator/pose_with_covariance,98824583111,90.7302,59.5996
/localization/pose_estimator/pose_with_covariance,98874583112,90.5851,59.6423
/localization/pose_estimator/pose_with_covariance,98924583112,90.3785,59.8478
/localization/pose_estimator/pose_with_covariance,98974583113,90.2602,59.8896
/localization/pose_estimator/pose_with_covariance,99024583114,90.0342,60.0754
/localization/pose_estimator/pose_with_covariance,99074583115,89.8829,60.1315
/localization/pose_estimator/pose_with_covariance,99124583115,89.6818,60.3120
/localization/pose_estimator/pose_with_covariance,99174583116,89.5402,60.3467
/localization/pose_estimator/pose_with_covariance,99224583117,89.3307,60.5385
/localization/pose_estimator/pose_with_covariance,99274583118,89.1408,60.5748
/localization/pose_estimator/pose_with_covariance,99324583118,88.9686,60.7818
/localization/pose_estimator/pose_with_covariance,99374583119,88.7973,60.7933
/localization/pose_estimator/pose_with_covariance,99424583120,88.6027,60.9860
/localization/pose_estimator/pose_with_covariance,99474583121,88.4399,61.0132
/localization/pose_estimator/pose_with_covariance,99524583121,88.2400,61.2276
/localization/pose_estimator/pose_with_covariance,99574583122,88.0346,61.2547
/localization/pose_estimator/pose_with_covariance,99624583123,87.8695,61.4391
/localization/pose_estimator/pose_with_covariance,99674583124,87.6685,61.4770
/localization/pose_estimator/pose_with_covariance,99724583124,87.5119,61.6329
/localization/pose_estimator/pose_with_covariance,99774583125,87.3106,61.6689
/localization/pose_estimator/pose_with_covariance,99824583126,87.1134,61.8623
/localization/pose_estimator/pose_with_covariance,99874583127,86.9000,61.8905
/localization/pose_estimator/pose_with_covariance,99924583127,86.7332,62.0801
/localization/pose_estimator/pose_with_covariance,99974583128,86.5815,62.0926
/localization/pose_estimator/pose_with_covariance,100024583129,86.3203,62.2712
/localization/pose_estimator/pose_with_covariance,100074583130,86.1901,62.3040
/localization/pose_estimator/pose_with_covariance,100124583130,86.0025,62.4489
/localization/pose_estimator/pose_with_covariance,100174583131,85.7668,62.5142
/localization/pose_estimator/pose_with_covariance,100224583132,85.5844,62.6496
/localization/pose_estimator/pose_with_covariance,100274583133,85.4033,62.6866
/localization/pose_estimator/pose_with_covariance,100324583133,85.1974,62.8415
/localization/pose_estimator/pose_with_covariance,100374583134,84.9848,62.8706
/localization/pose_estimator/pose_with_covariance,100424583135,84.7753,63.0543
/localization/pose_estimator/pose_with_covariance,100474583136,84.6181,63.0658
/localization/pose_estimator/pose_with_covariance,100524583136,84.3840,63.1942
/localization/pose_estimator/pose_with_covariance,100574583137,84.2251,63.2540
/localization/pose_estimator/pose_with_covariance,100624583138,84.0193,63.3658
/localization/pose_estimator/pose_with_covariance,100674583138,83.8400,63.4399
/localization/pose_estimator/pose_with_covariance,100724583139,83.6225,63.5744
/localization/pose_estimator/pose_with_covariance,100774583140,83.4622,63.6051
/localization/pose_estimator/pose_with_covariance,100824583141,83.2396,63.7309
/localization/pose_estimator/pose_with_covariance,100874583141,83.0630,63.7607
/localization/pose_estimator/pose_with_covariance,100924583142,82.8237,63.8966
/localization/pose_estimator/pose_with_covariance,100974583143,82.6514,63.9424
/localization/pose_estimator/pose_with_covariance,101024583144,82.4433,64.0731
/localization/pose_estimator/pose_with_covariance,101074583144,82.2774,64.1090
/localization/pose_estimator/pose_with_covariance,101124583145,82.0512,64.2361
/localization/pose_estimator/pose_with_covariance,101174583146,81.8926,64.2615
/localization/pose_estimator/pose_with_covariance,101224583147,81.6710,64.3820
/localization/pose_estimator/pose_with_covariance,101274583147,81.4810,64.4193
/localization/pose_estimator/pose_with_covariance,101324583148,81.2397,64.5575
/localization/pose_estimator/pose_with_covariance,101374583149,81.1047,64.5739
/localization/pose_estimator/pose_with_covariance,101424583150,80.8218,64.7130
/localization/pose_estimator/pose_with_covariance,101474583150,80.7137,64.7228
/localization/pose_estimator/pose_with_covariance,101524583151,80.4551,64.8693
/localization/pose_estimator/pose_with_covariance,101574583152,80.3184,64.8804
/localization/pose_estimator/pose_with_covariance,101624583153,80.0732,65.0300
/localization/pose_estimator/pose_with_covariance,101674583153,79.8838,65.0321
/localization/pose_estimator/pose_with_covariance,101724583154,79.7025,65.1691
/localization/pose_estimator/pose_with_covariance,101774583155,79.5589,65.1874
/localization/pose_estimator/pose_with_covariance,101824583156,79.3121,65.3038
/localization/pose_estimator/pose_with_covariance,101874583156,79.1482,65.3178
/localization/pose_estimator/pose_with_covariance,101924583157,78.9234,65.4532
/localization/pose_estimator/pose_with_covariance,101974583158,78.7456,65.4512
/localization/pose_estimator/pose_with_covariance,102024583159,78.5272,65.5659
/localization/pose_estimator/pose_with_covariance,102074583159,78.3666,65.6055
/localization/pose_estimator/pose_with_covariance,102124583160,78.1473,65.7060
/localization/pose_estimator/pose_with_covariance,102174583161,77.9789,65.7109
/localization/pose_estimator/pose_with_covariance,102224583162,77.7545,65.8154
/localization/pose_estimator/pose_with_covariance,102274583162,77.6146,65.8196
/localization/pose_estimator/pose_with_covariance,102324583163,77.4177,65.9478
/localization/pose_estimator/pose_with_covariance,102374583164,77.2604,65.9361
/localization/pose_estimator/pose_with_covariance,102424583165,77.0536,66.0590
/localization/pose_estimator/pose_with_covariance,102474583165,76.8774,66.0558
/localization/pose_estimator/pose_with_covariance,102524583166,76.6811,66.1587
/localization/pose_estimator/pose_with_covariance,102574583167,76.5651,66.1672
/localization/pose_estimator/pose_with_covariance,102624583168,76.3272,66.2426
/localization/pose_estimator/pose_with_covariance,102674583168,76.1998,66.2717
/localization/pose_estimator/pose_with_covariance,102724583169,76.0257,66.3464
/localization/pose_estimator/pose_with_covariance,102774583170,75.8976,66.3684
/localization/pose_estimator/pose_with_covariance,102824583171,75.6887,66.4417
/localization/pose_estimator/pose_with_covariance,102874583171,75.5719,66.4529
/localization/pose_estimator/pose_with_covariance,102924583172,75.3699,66.5186
/localization/pose_estimator/pose_with_covariance,102974583173,75.2996,66.5369
/localization/pose_estimator/pose_with_covariance,103024583174,75.0552,66.5927
/localization/pose_estimator/pose_with_covariance,103074583174,74.9618,66.5986
/localization/pose_estimator/pose_with_covariance,103124583175,74.7751,66.6955
/localization/pose_estimator/pose_with_covariance,103174583176,74.6410,66.6535
/localization/pose_estimator/pose_with_covariance,103224583176,74.4869,66.7485
/localization/pose_estimator/pose_with_covariance,103274583177,74.4227,66.7365
/localization/pose_estimator/pose_with_covariance,103324583178,74.2420,66.8302
/localization/pose_estimator/pose_with_covariance,103374583179,74.1539,66.7827
/localization/pose_estimator/pose_with_covariance,103424583179,73.9550,66.8851
/localization/pose_estimator/pose_with_covariance,103474583180,73.9044,66.8391
/localization/pose_estimator/pose_with_covariance,103524583181,73.7552,66.9265
/localization/pose_estimator/pose_with_covariance,103574583182,73.6785,66.8968
/localization/pose_estimator/pose_with_covariance,103624583182,73.5341,66.9641
/localization/pose_estimator/pose_with_covariance,103674583183,73.5185,66.9591
/localization/pose_estimator/pose_with_covariance,103724583184,73.3472,67.0437
/localization/pose_estimator/pose_with_covariance,103774583185,73.2985,67.0097
/localization/pose_estimator/pose_with_covariance,103824583185,73.1430,67.0827
/localization/pose_estimator/pose_with_covariance,103874583186,73.1178,67.0693
/localization/pose_estimator/pose_with_covariance,103924583187,72.9877,67.1415
/localization/pose_estimator/pose_with_covariance,103974583188,72.9652,67.1205
/localization/pose_estimator/pose_with_covariance,104024583188,72.8173,67.1615
/localization/pose_estimator/pose_with_covariance,104074583189,72.8259,67.1595
/localization/pose_estimator/pose_with_covariance,104124583190,72.6998,67.2231
/localization/pose_estimator/pose_with_covariance,104174583191,72.7066,67.2053
/localization/pose_estimator/pose_with_covariance,104224583191,72.5864,67.2593
/localization/pose_estimator/pose_with_covariance,104274583192,72.6010,67.2381
/localization/pose_estimator/pose_with_covariance,104324583193,72.4731,67.3001
/localization/pose_estimator/pose_with_covariance,104374583194,72.5024,67.2713
/localization/pose_estimator/pose_with_covariance,104424583194,72.3941,67.3254
/localization/pose_estimator/pose_with_covariance,104474583195,72.3976,67.2961
/localization/pose_estimator/pose_with_covariance,104524583196,72.3238,67.3698
/localization/pose_estimator/pose_with_covariance,104574583197,72.3176,67.3486
/localization/pose_estimator/pose_with_covariance,104624583197,72.2397,67.3978
/localization/pose_estimator/pose_with_covariance,104674583198,72.2436,67.3550
/localization/pose_estimator/pose_with_covariance,104724583199,72.1282,67.3842
/localization/pose_estimator/pose_with_covariance,104774583200,72.1982,67.3769
/localization/pose_estimator/pose_with_covariance,104824583200,72.1070,67.4206
/localization/pose_estimator/pose_with_covariance,104874583201,72.1254,67.3702
/localization/pose_estimator/pose_with_covariance,104924583202,72.0316,67.4361
/localization/pose_estimator/pose_with_covariance,104974583203,72.0713,67.4187
/localization/pose_estimator/pose_with_covariance,105024583203,72.0081,67.4446
/localization/pose_estimator/pose_with_covariance,105074583204,72.0172,67.4229
/localization/pose_estimator/pose_with_covariance,105124583205,71.9615,67.4666
/localization/pose_estimator/pose_with_covariance,105174583206,72.0003,67.4152
/localization/pose_estimator/pose_with_covariance,105224583206,71.9247,67.4725
/localization/pose_estimator/pose_with_covariance,105274583207,71.9393,67.4270
/localization/pose_estimator/pose_with_covariance,105324583208,71.8500,67.4878
/localization/pose_estimator/pose_with_covariance,105374583209,71.9084,67.4608
/localization/pose_estimator/pose_with_covariance,105424583209,71.8440,67.5065
/localization/pose_estimator/pose_with_covariance,105474583210,71.8482,67.4820
/localization/pose_estimator/pose_with_covariance,105524583211,71.7950,67.5063
/localization/pose_estimator/pose_with_covariance,105574583212,71.8160,67.4863
/localization/pose_estimator/pose_with_covariance,105624583212,71.7622,67.4955
/localization/pose_estimator/pose_with_covariance,105674583213,71.7779,67.4922
/localization/pose_estimator/pose_with_covariance,105724583214,71.7354,67.5337
/localization/pose_estimator/pose_with_covariance,105774583214,71.7324,67.4925
/localization/pose_estimator/pose_with_covariance,105824583215,71.6558,67.5543
/localization/pose_estimator/pose_with_covariance,105874583216,71.6880,67.5049
/localization/pose_estimator/pose_with_covariance,105924583217,71.6258,67.5685
/localization/pose_estimator/pose_with_covariance,105974583217,71.6556,67.5266
/localization/pose_estimator/pose_with_covariance,106024583218,71.5862,67.5711
/localization/pose_estimator/pose_with_covariance,106074583219,71.6171,67.5286
/localization/pose_estimator/pose_with_covariance,106124583220,71.5296,67.5833
/localization/pose_estimator/pose_with_covariance,106174583220,71.5807,67.5392
/localization/pose_estimator/pose_with_covariance,106224583221,71.5066,67.6205
/localization/pose_estimator/pose_with_covariance,106274583222,71.5344,67.5535
/localization/pose_estimator/pose_with_covariance,106324583223,71.4460,67.6119
/localization/pose_estimator/pose_with_covariance,106374583223,71.4982,67.5657
/localization/pose_estimator/pose_with_covariance,106424583224,71.3946,67.6084
/localization/pose_estimator/pose_with_covariance,106474583225,71.4614,67.5918
/localization/pose_estimator/pose_with_covariance,106524583226,71.3464,67.6445
/localization/pose_estimator/pose_with_covariance,106574583226,71.4002,67.6195
/localization/pose_estimator/pose_with_covariance,106624583227,71.3227,67.6630
/localization/pose_estimator/pose_with_covariance,106674583228,71.3822,67.6380
/localization/pose_estimator/pose_with_covariance,106724583229,71.2824,67.6636
/localization/pose_estimator/pose_with_covariance,106774583229,71.3216,67.6229
/localization/pose_estimator/pose_with_covariance,106824583230,71.2501,67.6809
/localization/pose_estimator/pose_with_covariance,106874583231,71.2823,67.6524
/localization/pose_estimator/pose_with_covariance,106924583232,71.1803,67.6890
/localization/pose_estimator/pose_with_covariance,106974583232,71.2424,67.6678
/localization/pose_estimator/pose_with_covariance,107024583233,71.1222,67.6960
/localization/pose_estimator/pose_with_covariance,107074583234,71.1586,67.6799
/localization/pose_estimator/pose_with_covariance,107124583235,71.0863,67.7060
/localization/pose_estimator/pose_with_covariance,107174583235,71.1049,67.7025
/localization/pose_estimator/pose_with_covariance,107224583236,71.0621,67.7254
/localization/pose_estimator/pose_with_covariance,107274583237,71.0623,67.7281
/localization/pose_estimator/pose_with_covariance,107324583238,71.0184,67.7626
/localization/pose_estimator/pose_with_covariance,107374583238,71.0298,67.7420
/localization/pose_estimator/pose_with_covariance,107424583239,71.0110,67.7660
/localization/pose_estimator/pose_with_covariance,107474583240,70.9991,67.7379
/localization/pose_estimator/pose_with_covariance,107524583241,70.9431,67.7743
/localization/pose_estimator/pose_with_covariance,107574583241,70.9536,67.7516
/localization/pose_estimator/pose_with_covariance,107624583242,70.9187,67.7866
/localization/pose_estimator/pose_with_covariance,107674583243,70.9567,67.7421
/localization/pose_estimator/pose_with_covariance,107724583244,70.8873,67.8069
/localization/pose_estimator/pose_with_covariance,107774583244,70.9192,67.7517
/localization/pose_estimator/pose_with_covariance,107824583245,70.8562,67.8059
/localization/pose_estimator/pose_with_covariance,107874583246,70.9088,67.7611
/localization/pose_estimator/pose_with_covariance,107924583247,70.8480,67.7983
/localization/pose_estimator/pose_with_covariance,107974583247,70.8789,67.7658
/localization/pose_estimator/pose_with_covariance,108024583248,70.8284,67.7983
/localization/pose_estimator/pose_with_covariance,108074583249,70.8786,67.7737
/localization/pose_estimator/pose_with_covariance,108124583250,70.8170,67.8058
/localization/pose_estimator/pose_with_covariance,108174583250,70.8411,67.7903
/localization/pose_estimator/pose_with_covariance,108224583251,70.8070,67.8185
/localization/pose_estimator/pose_with_covariance,108274583252,70.8477,67.7952
/localization/pose_estimator/pose_with_covariance,108324583252,70.8117,67.8344
/localization/pose_estimator/pose_with_covariance,108374583253,70.8344,67.7900
/localization/pose_estimator/pose_with_covariance,108424583254,70.8154,67.8365
/localization/pose_estimator/pose_with_covariance,108474583255,70.8307,67.7772
/localization/pose_estimator/pose_with_covariance,108524583255,70.8095,67.8032
/localization/pose_estimator/pose_with_covariance,108574583256,70.8342,67.7748
/localization/pose_estimator/pose_with_covariance,108624583257,70.8170,67.8055
/localization/pose_estimator/pose_with_covariance,108674583258,70.8365,67.7923
/localization/pose_estimator/pose_with_covariance,108724583258,70.8044,67.8096
/localization/pose_estimator/pose_with_covariance,108774583259,70.8448,67.7725
/localization/pose_estimator/pose_with_covariance,108824583260,70.8211,67.8290
/localization/pose_estimator/pose_with_covariance,108874583261,70.8454,67.7905
/localization/pose_estimator/pose_with_covariance,108924583261,70.8132,67.8211
/localization/pose_estimator/pose_with_covariance,108974583262,70.8401,67.7747
/localization/pose_estimator/pose_with_covariance,109024583263,70.8113,67.8159
/localization/pose_estimator/pose_with_covariance,109074583264,70.8621,67.7855
/localization/pose_estimator/pose_with_covariance,109124583264,70.8056,67.7926
/localization/pose_estimator/pose_with_covariance,109174583265,70.8383,67.7700
/localization/pose_estimator/pose_with_covariance,109224583266,70.8277,67.8175
/localization/pose_estimator/pose_with_covariance,109274583267,70.8393,67.7810
/localization/pose_estimator/pose_with_covariance,109324583267,70.8024,67.8234
/localization/pose_estimator/pose_with_covariance,109374583268,70.8533,67.7771
/localization/pose_estimator/pose_with_covariance,109424583269,70.8116,67.7980
/localization/pose_estimator/pose_with_covariance,109474583270,70.8437,67.7834
/localization/pose_estimator/pose_with_covariance,109524583270,70.8068,67.8017
/localization/pose_estimator/pose_with_covariance,109574583271,70.8528,67.7890
/localization/pose_estimator/pose_with_covariance,109624583272,70.7895,67.8147
/localization/pose_estimator/pose_with_covariance,109674583273,70.8231,67.7882
/localization/pose_estimator/pose_with_covariance,109724583273,70.8181,67.8036
/localization/pose_estimator/pose_with_covariance,109774583274,70.8455,67.7830
/localization/pose_estimator/pose_with_covariance,109824583275,70.8111,67.8296
/localization/pose_estimator/pose_with_covariance,109874583276,70.8587,67.7845
/localization/pose_estimator/pose_with_covariance,109924583276,70.8218,67.8223
/localization/pose_estimator/pose_with_covariance,109974583277,70.8346,67.7720
/localization/pose_estimator/pose_with_covariance,110024583278,70.8142,67.8140
/localization/pose_estimator/pose_with_covariance,110074583279,70.8579,67.7917
/localization/pose_estimator/pose_with_covariance,110124583279,70.8280,67.8202
/localization/pose_estimator/pose_with_covariance,110174583280,70.8319,67.7822
/localization/pose_estimator/pose_with_covariance,110224583281,70.8102,67.8158
/localization/pose_estimator/pose_with_covariance,110274583282,70.8452,67.7656
/localization/pose_estimator/pose_with_covariance,110324583282,70.8031,67.8150
/localization/pose_estimator/pose_with_covariance,110374583283,70.8152,67.7870
/localization/pose_estimator/pose_with_covariance,110424583284,70.8130,67.8187
/localization/pose_estimator/pose_with_covariance,110474583285,70.8384,67.7782
/localization/pose_estimator/pose_with_covariance,110524583285,70.8157,67.8245
/localization/pose_estimator/pose_with_covariance,110574583286,70.8458,67.7670
/localization/pose_estimator/pose_with_covariance,110624583287,70.8263,67.8130
/localization/pose_estimator/pose_with_covariance,110674583288,70.8382,67.7835
/localization/pose_estimator/pose_with_covariance,110724583288,70.8088,67.8207
/localization/pose_estimator/pose_with_covariance,110774583289,70.8390,67.7777
/localization/pose_estimator/pose_with_covariance,110824583290,70.8099,67.8091
/localization/pose_estimator/pose_with_covariance,110874583290,70.8242,67.7914
/localization/pose_estimator/pose_with_covariance,110924583291,70.8103,67.7985
/localization/pose_estimator/pose_with_covariance,110974583292,70.8578,67.7860
/localization/pose_estimator/pose_with_covariance,111024583293,70.8085,67.8140
/localization/pose_estimator/pose_with_covariance,111074583293,70.8496,67.7790
/localization/pose_estimator/pose_with_covariance,111124583294,70.8169,67.8281
/localization/pose_estimator/pose_with_covariance,111174583295,70.8284,67.7648
/localization/pose_estimator/pose_with_covariance,111224583296,70.8144,67.7974
/localization/pose_estimator/pose_with_covariance,111274583296,70.8425,67.7764
/localization/pose_estimator/pose_with_covariance,111324583297,70.8027,67.8123
/localization/pose_estimator/pose_with_covariance,111374583298,70.8336,67.7864
/localization/pose_estimator/pose_with_covariance,111424583299,70.8161,67.8236
/localization/pose_estimator/pose_with_covariance,111474583299,70.8497,67.7847
/localization/pose_estimator/pose_with_covariance,111524583300,70.8235,67.8231
/localization/pose_estimator/pose_with_covariance,111574583301,70.8481,67.7785
/localization/pose_estimator/pose_with_covariance,111624583302,70.7878,67.8150
/localization/pose_estimator/pose_with_covariance,111674583302,70.8399,67.7816
/localization/pose_estimator/pose_with_covariance,111724583303,70.8155,67.8242
/localization/pose_estimator/pose_with_covariance,111774583304,70.8275,67.7896
/localization/pose_estimator/pose_with_covariance,111824583305,70.8094,67.8179
/localization/pose_estimator/pose_with_covariance,111874583305,70.8378,67.7789
/localization/pose_estimator/pose_with_covariance,111924583306,70.7969,67.8047
/localization/pose_estimator/pose_with_covariance,111974583307,70.8255,67.7941
/localization/pose_estimator/pose_with_covariance,112024583308,70.8155,67.8269
/localization/pose_estimator/pose_with_covariance,112074583308,70.8359,67.7906
/localization/pose_estimator/pose_with_covariance,112124583309,70.8141,67.8394
/localization/pose_estimator/pose_with_covariance,112174583310,70.8451,67.7826
/localization/pose_estimator/pose_with_covariance,112224583311,70.8105,67.8139
/localization/pose_estimator/pose_with_covariance,112274583311,70.8488,67.7849
/localization/pose_estimator/pose_with_covariance,112324583312,70.8199,67.8222
/localization/pose_estimator/pose_with_covariance,112374583313,70.8377,67.7782
/localization/pose_estimator/pose_with_covariance,112424583314,70.8078,67.8291
/localization/pose_estimator/pose_with_covariance,112474583314,70.8238,67.7505
/localization/pose_estimator/pose_with_covariance,112524583315,70.8286,67.8172
/localization/pose_estimator/pose_with_covariance,112574583316,70.8428,67.7731
/localization/pose_estimator/pose_with_covariance,112624583317,70.8199,67.8223
/localization/pose_estimator/pose_with_covariance,112674583317,70.8540,67.7844
/localization/pose_estimator/pose_with_covariance,112724583318,70.8049,67.8248
/localization/pose_estimator/pose_with_covariance,112774583319,70.8371,67.7927
/localization/pose_estimator/pose_with_covariance,112824583320,70.7993,67.8359
/localization/pose_estimator/pose_with_covariance,112874583320,70.8355,67.7810
/localization/pose_estimator/pose_with_covariance,112924583321,70.8262,67.8042
/localization/pose_estimator/pose_with_covariance,112974583322,70.8503,67.7910
/localization/pose_estimator/pose_with_covariance,113024583323,70.8086,67.8115
/localization/pose_estimator/pose_with_covariance,113074583323,70.8362,67.7790
/localization/pose_estimator/pose_with_covariance,113124583324,70.8133,67.8304
/localization/pose_estimator/pose_with_covariance,113174583325,70.8537,67.7614
/localization/pose_estimator/pose_with_covariance,113224583326,70.8036,67.8129
/localization/pose_estimator/pose_with_covariance,113274583326,70.8490,67.7773
/localization/pose_estimator/pose_with_covariance,113324583327,70.8068,67.8155
/localization/pose_estimator/pose_with_covariance,113374583328,70.8450,67.7908
/localization/pose_estimator/pose_with_covariance,113424583328,70.8125,67.8165
/localization/pose_estimator/pose_with_covariance,113474583329,70.8392,67.7773
/localization/pose_estimator/pose_with_covariance,113524583330,70.8072,67.8189
/localization/pose_estimator/pose_with_covariance,113574583331,70.8389,67.7869
/localization/pose_estimator/pose_with_covariance,113624583331,70.8209,67.8155
/localization/pose_estimator/pose_with_covariance,113674583332,70.8426,67.7880
/localization/pose_estimator/pose_with_covariance,113724583333,70.8053,67.7951
/localization/pose_estimator/pose_with_covariance,113774583334,70.8338,67.7779
/localization/pose_estimator/pose_with_covariance,113824583334,70.8125,67.8207
/localization/pose_estimator/pose_with_covariance,113874583335,70.8431,67.7845
/localization/pose_estimator/pose_with_covariance,113924583336,70.7988,67.8129
/localization/pose_estimator/pose_with_covariance,113974583337,70.8530,67.7688
/localization/pose_estimator/pose_with_covariance,114024583337,70.8192,67.8102
/localization/pose_estimator/pose_with_covariance,114074583338,70.8282,67.7820
/localization/pose_estimator/pose_with_covariance,114124583339,70.8079,67.8131
/localization/pose_estimator/pose_with_covariance,114174583340,70.8296,67.7865
/localization/pose_estimator/pose_with_covariance,114224583340,70.8212,67.8138
/localization/pose_estimator/pose_with_covariance,114274583341,70.8390,67.7767
/localization/pose_estimator/pose_with_covariance,114324583342,70.8193,67.8075
/localization/pose_estimator/pose_with_covariance,114374583343,70.8402,67.7683
/localization/pose_estimator/pose_with_covariance,114424583343,70.8167,67.8050
/localization/pose_estimator/pose_with_covariance,114474583344,70.8479,67.7783
/localization/pose_estimator/pose_with_covariance,114524583345,70.8184,67.8148
/localization/pose_estimator/pose_with_covariance,114574583346,70.8453,67.7897
/localization/pose_estimator/pose_with_covariance,114624583346,70.8212,67.8277
/localization/pose_estimator/pose_with_covariance,114674583347,70.8515,67.7632
/localization/pose_estimator/pose_with_covariance,114724583348,70.8044,67.8163
/localization/pose_estimator/pose_with_covariance,114774583349,70.8435,67.7855
/localization/pose_estimator/pose_with_covariance,114824583349,70.8075,67.8166
/localization/pose_estimator/pose_with_covariance,114874583350,70.8320,67.7822
/localization/pose_estimator/pose_with_covariance,114924583351,70.8028,67.8172
/localization/pose_estimator/pose_with_covariance,114974583352,70.8450,67.7790
/localization/pose_estimator/pose_with_covariance,115024583352,70.8218,67.8284
/localization/pose_estimator/pose_with_covariance,115074583353,70.8550,67.7861
/localization/pose_estimator/pose_with_covariance,115124583354,70.8106,67.8144
/localization/pose_estimator/pose_with_covariance,115174583355,70.8254,67.7891
/localization/pose_estimator/pose_with_covariance,115224583355,70.8163,67.7948
/localization/pose_estimator/pose_with_covariance,115274583356,70.8403,67.7786
/localization/pose_estimator/pose_with_covariance,115324583357,70.8072,67.8131
/localization/pose_estimator/pose_with_covariance,115374583358,70.8437,67.7794
/localization/pose_estimator/pose_with_covariance,115424583358,70.8292,67.8021
/localization/pose_estimator/pose_with_covariance,115474583359,70.8432,67.7871
/localization/pose_estimator/pose_with_covariance,115524583360,70.8174,67.8131
/localization/pose_estimator/pose_with_covariance,115574583361,70.8272,67.7867
/localization/pose_estimator/pose_with_covariance,115624583361,70.8212,67.8071
/localization/pose_estimator/pose_with_covariance,115674583362,70.8520,67.7771
/localization/pose_estimator/pose_with_covariance,115724583363,70.7941,67.8185
/localization/pose_estimator/pose_with_covariance,115774583364,70.8417,67.7857
/localization/pose_estimator/pose_with_covariance,115824583364,70.8056,67.8161
/localization/pose_estimator/pose_with_covariance,115874583365,70.8449,67.7819
/localization/pose_estimator/pose_with_covariance,115924583366,70.8221,67.8170
/localization/pose_estimator/pose_with_covariance,115974583366,70.8566,67.7741
/localization/pose_estimator/pose_with_covariance,116024583367,70.8133,67.8089
/localization/pose_estimator/pose_with_covariance,116074583368,70.8345,67.7973
/localization/pose_estimator/pose_with_covariance,116124583369,70.8114,67.8233
/localization/pose_estimator/pose_with_covariance,116174583369,70.8570,67.7768
/localization/pose_estimator/pose_with_covariance,116224583370,70.8214,67.8124
/localization/pose_estimator/pose_with_covariance,116274583371,70.8452,67.7812
/localization/pose_estimator/pose_with_covariance,116324583372,70.7914,67.8174
/localization/pose_estimator/pose_with_covariance,116374583372,70.8454,67.7956
/localization/pose_estimator/pose_with_covariance,116424583373,70.8077,67.8221
/localization/pose_estimator/pose_with_covariance,116474583374,70.8386,67.7822
/localization/pose_estimator/pose_with_covariance,116524583375,70.8148,67.8229
/localization/pose_estimator/pose_with_covariance,116574583375,70.8370,67.7849
/localization/pose_estimator/pose_with_covariance,116624583376,70.8319,67.8158
/localization/pose_estimator/pose_with_covariance,116674583377,70.8209,67.8007
/localization/pose_estimator/pose_with_covariance,116724583378,70.8213,67.8151
/localization/pose_estimator/pose_with_covariance,116774583378,70.8497,67.7881
/localization/pose_estimator/pose_with_covariance,116824583379,70.8137,67.8361
/localization/pose_estimator/pose_with_covariance,116874583380,70.8351,67.7822
/localization/pose_estimator/pose_with_covariance,116924583381,70.8121,67.8055
/localization/pose_estimator/pose_with_covariance,116974583381,70.8412,67.7860
/localization/pose_estimator/pose_with_covariance,117024583382,70.8230,67.8125
/localization/pose_estimator/pose_with_covariance,117074583383,70.8408,67.7837
/localization/pose_estimator/pose_with_covariance,117124583384,70.8208,67.8211
/localization/pose_estimator/pose_with_covariance,117174583384,70.8406,67.7803
/localization/pose_estimator/pose_with_covariance,117224583385,70.7924,67.8140
/localization/pose_estimator/pose_with_covariance,117274583386,70.8405,67.7845
/localization/pose_estimator/pose_with_covariance,117324583387,70.8231,67.8126
/localization/pose_estimator/pose_with_covariance,117374583387,70.8432,67.7815
/localization/pose_estimator/pose_with_covariance,117424583388,70.8323,67.8102
/localization/pose_estimator/pose_with_covariance,117474583389,70.8585,67.7772
/localization/pose_estimator/pose_with_covariance,117524583390,70.8100,67.8113
/localization/pose_estimator/pose_with_covariance,117574583390,70.8473,67.7565
/localization/pose_estimator/pose_with_covariance,117624583391,70.8038,67.8218
/localization/pose_estimator/pose_with_covariance,117674583392,70.8391,67.7843
/localization/pose_estimator/pose_with_covariance,117724583393,70.8091,67.8160
/localization/pose_estimator/pose_with_covariance,117774583393,70.8560,67.7794
/localization/pose_estimator/pose_with_covariance,117824583394,70.8067,67.8073
/localization/pose_estimator/pose_with_covariance,117874583395,70.8455,67.7841
/localization/pose_estimator/pose_with_covariance,117924583396,70.8133,67.8179
/localization/pose_estimator/pose_with_covariance,117974583396,70.8479,67.7662
/localization/pose_estimator/pose_with_covariance,118024583397,70.8055,67.8087
/localization/pose_estimator/pose_with_covariance,118074583398,70.8343,67.7921
/localization/pose_estimator/pose_with_covariance,118124583399,70.8029,67.8185
/localization/pose_estimator/pose_with_covariance,118174583399,70.8464,67.7763
/localization/pose_estimator/pose_with_covariance,118224583400,70.8154,67.8169
/localization/pose_estimator/pose_with_covariance,118274583401,70.8432,67.7790
/localization/pose_estimator/pose_with_covariance,118324583401,70.8167,67.8114
/localization/pose_estimator/pose_with_covariance,118374583402,70.8371,67.7599
/localization/pose_estimator/pose_with_covariance,118424583403,70.8053,67.8056
/localization/pose_estimator/pose_with_covariance,118474583404,70.8392,67.7905
/localization/pose_estimator/pose_with_covariance,118524583404,70.8328,67.8153
/localization/pose_estimator/pose_with_covariance,118574583405,70.8521,67.7609
/localization/pose_estimator/pose_with_covariance,118624583406,70.8117,67.8089
/localization/pose_estimator/pose_with_covariance,118674583407,70.8318,67.7764
/localization/pose_estimator/pose_with_covariance,118724583407,70.8081,67.8081
/localization/pose_estimator/pose_with_covariance,118774583408,70.8536,67.7745
/localization/pose_estimator/pose_with_covariance,118824583409,70.8209,67.8163
/localization/pose_estimator/pose_with_covariance,118874583410,70.8539,67.7869
/localization/pose_estimator/pose_with_covariance,118924583410,70.8156,67.8255
/localization/pose_estimator/pose_with_covariance,118974583411,70.8314,67.7767
/localization/pose_estimator/pose_with_covariance,119024583412,70.8201,67.8132
/localization/pose_estimator/pose_with_covariance,119074583413,70.8430,67.7801
/localization/pose_estimator/pose_with_covariance,119124583413,70.8424,67.8096
/localization/pose_estimator/pose_with_covariance,119174583414,70.8278,67.7754
/localization/pose_estimator/pose_with_covariance,119224583415,70.8274,67.8261
/localization/pose_estimator/pose_with_covariance,119274583416,70.8319,67.7875
/localization/pose_estimator/pose_with_covariance,119324583416,70.8110,67.8159
/localization/pose_estimator/pose_with_covariance,119374583417,70.8266,67.7906
/localization/pose_estimator/pose_with_covariance,119424583418,70.8125,67.8171
/localization/pose_estimator/pose_with_covariance,119474583419,70.8316,67.7831
/localization/pose_estimator/pose_with_covariance,119524583419,70.8254,67.8161
/localization/pose_estimator/pose_with_covariance,119574583420,70.8447,67.7832
/localization/pose_estimator/pose_with_covariance,119624583421,70.8347,67.8140
/localization/pose_estimator/pose_with_covariance,119674583422,70.8483,67.7691
/localization/pose_estimator/pose_with_covariance,119724583422,70.8151,67.8336
/localization/pose_estimator/pose_with_covariance,119774583423,70.8381,67.7786
/localization/pose_estimator/pose_with_covariance,119824583424,70.8010,67.8097
/localization/pose_estimator/pose_with_covariance,119874583425,70.8445,67.7832
/localization/pose_estimator/pose_with_covariance,119924583425,70.8230,67.8148
/localization/pose_estimator/pose_with_covariance,119974583426,70.8365,67.7778
/localization/pose_estimator/pose_with_covariance,120024583427,70.8078,67.8037
/localization/pose_estimator/pose_with_covariance,120074583428,70.8353,67.7691
/localization/pose_estimator/pose_with_covariance,120124583428,70.8110,67.8200
/localization/pose_estimator/pose_with_covariance,120174583429,70.8365,67.7920
/localization/pose_estimator/pose_with_covariance,120224583430,70.7845,67.8106
/localization/pose_estimator/pose_with_covariance,120274583431,70.8599,67.7803
/localization/pose_estimator/pose_with_covariance,120324583431,70.8072,67.8217
/localization/pose_estimator/pose_with_covariance,120374583432,70.8470,67.7775
/localization/pose_estimator/pose_with_covariance,120424583433,70.8298,67.8111
/localization/pose_estimator/pose_with_covariance,120474583434,70.8515,67.7719
/localization/pose_estimator/pose_with_covariance,120524583434,70.8144,67.8209
/localization/pose_estimator/pose_with_covariance,120574583435,70.8441,67.7796
/localization/pose_estimator/pose_with_covariance,120624583436,70.8222,67.8195
/localization/pose_estimator/pose_with_covariance,120674583437,70.8326,67.7889
/localization/pose_estimator/pose_with_covariance,120724583437,70.8129,67.8099
/localization/pose_estimator/pose_with_covariance,120774583438,70.8277,67.7781
/localization/pose_estimator/pose_with_covariance,120824583439,70.8303,67.8323
/localization/pose_estimator/pose_with_covariance,120874583439,70.8361,67.7802
/localization/pose_estimator/pose_with_covariance,120924583440,70.8114,67.8158
/localization/pose_estimator/pose_with_covariance,120974583441,70.8279,67.7726
/localization/pose_estimator/pose_with_covariance,121024583442,70.8291,67.8125
/localization/pose_estimator/pose_with_covariance,121074583442,70.8347,67.7819
/localization/pose_estimator/pose_with_covariance,121124583443,70.8151,67.8313
/localization/pose_estimator/pose_with_covariance,121174583444,70.8426,67.7811
/localization/pose_estimator/pose_with_covariance,121224583445,70.8138,67.8159
/localization/pose_estimator/pose_with_covariance,121274583445,70.8371,67.7800
/localization/pose_estimator/pose_with_covariance,121324583446,70.8242,67.8121
/localization/pose_estimator/pose_with_covariance,121374583447,70.8533,67.7856
/localization/pose_estimator/pose_with_covariance,121424583448,70.8153,67.8272
/localization/pose_estimator/pose_with_covariance,121474583448,70.8565,67.7791
/localization/pose_estimator/pose_with_covariance,121524583449,70.8033,67.7991
/localization/pose_estimator/pose_with_covariance,121574583450,70.8566,67.7916
/localization/pose_estimator/pose_with_covariance,121624583451,70.8070,67.8156
/localization/pose_estimator/pose_with_covariance,121674583451,70.8370,67.7771
/localization/pose_estimator/pose_with_covariance,121724583452,70.8195,67.8150
/localization/pose_estimator/pose_with_covariance,121774583453,70.8545,67.7831
/localization/pose_estimator/pose_with_covariance,121824583454,70.8027,67.8240
/localization/pose_estimator/pose_with_covariance,121874583454,70.8467,67.7810
/localization/pose_estimator/pose_with_covariance,121924583455,70.8115,67.8141
/localization/pose_estimator/pose_with_covariance,121974583456,70.8525,67.7852
/localization/pose_estimator/pose_with_covariance,122024583457,70.8069,67.8132
/localization/pose_estimator/pose_with_covariance,122074583457,70.8286,67.7914
/localization/pose_estimator/pose_with_covariance,122124583458,70.8177,67.8215
/localization/pose_estimator/pose_with_covariance,122174583459,70.8349,67.7744
/localization/pose_estimator/pose_with_covariance,122224583460,70.8059,67.8215
/localization/pose_estimator/pose_with_covariance,122274583460,70.8485,67.7814
/localization/pose_estimator/pose_with_covariance,122324583461,70.8155,67.8165
/localization/pose_estimator/pose_with_covariance,122374583462,70.8541,67.7727
/localization/pose_estimator/pose_with_covariance,122424583463,70.8112,67.8186
/localization/pose_estimator/pose_with_covariance,122474583463,70.8524,67.7714
/localization/pose_estimator/pose_with_covariance,122524583464,70.8022,67.8171
/localization/pose_estimator/pose_with_covariance,122574583465,70.8481,67.7742
/localization/pose_estimator/pose_with_covariance,122624583466,70.8143,67.8282
/localization/pose_estimator/pose_with_covariance,122674583466,70.8564,67.7836
/localization/pose_estimator/pose_with_covariance,122724583467,70.8235,67.8289
/localization/pose_estimator/pose_with_covariance,122774583468,70.8360,67.7826
/localization/pose_estimator/pose_with_covariance,122824583469,70.8201,67.8183
/localization/pose_estimator/pose_with_covariance,122874583469,70.8475,67.7844
/localization/pose_estimator/pose_with_covariance,122924583470,70.8187,67.8071
/localization/pose_estimator/pose_with_covariance,122974583471,70.8400,67.7954
/localization/pose_estimator/pose_with_covariance,123024583472,70.8015,67.8127
/localization/pose_estimator/pose_with_covariance,123074583472,70.8432,67.7936
/localization/pose_estimator/pose_with_covariance,123124583473,70.8247,67.8240
/localization/pose_estimator/pose_with_covariance,123174583474,70.8382,67.7944
/localization/pose_estimator/pose_with_covariance,123224583475,70.7973,67.8131
/localization/pose_estimator/pose_with_covariance,123274583475,70.8474,67.7792
/localization/pose_estimator/pose_with_covariance,123324583476,70.8206,67.8167
/localization/pose_estimator/pose_with_covariance,123374583477,70.8328,67.7716
/localization/pose_estimator/pose_with_covariance,123424583477,70.8059,67.8159
/localization/pose_estimator/pose_with_covariance,123474583478,70.8418,67.7720
/localization/pose_estimator/pose_with_covariance,123524583479,70.8279,67.8170
/localization/pose_estimator/pose_with_covariance,123574583480,70.8564,67.7772
/localization/pose_estimator/pose_with_covariance,123624583480,70.8387,67.8206
/localization/pose_estimator/pose_with_covariance,123674583481,70.8482,67.7765
/localization/pose_estimator/pose_with_covariance,123724583482,70.8089,67.8080
/localization/pose_estimator/pose_with_covariance,123774583483,70.8545,67.7869
/localization/pose_estimator/pose_with_covariance,123824583483,70.7944,67.8186
/localization/pose_estimator/pose_with_covariance,123874583484,70.8456,67.7698
/localization/pose_estimator/pose_with_covariance,123924583485,70.8233,67.8273
/localization/pose_estimator/pose_with_covariance,123974583486,70.8530,67.7872
/localization/pose_estimator/pose_with_covariance,124024583486,70.8196,67.8329
/localization/pose_estimator/pose_with_covariance,124074583487,70.8423,67.7779
/localization/pose_estimator/pose_with_covariance,124124583488,70.8079,67.8138
/localization/pose_estimator/pose_with_covariance,124174583489,70.8570,67.7750
/localization/pose_estimator/pose_with_covariance,124224583489,70.8228,67.8088
/localization/pose_estimator/pose_with_covariance,124274583490,70.8339,67.7833
/localization/pose_estimator/pose_with_covariance,124324583491,70.8207,67.8226
/localization/pose_estimator/pose_with_covariance,124374583492,70.8267,67.7851
/localization/pose_estimator/pose_with_covariance,124424583492,70.8119,67.8151
/localization/pose_estimator/pose_with_covariance,124474583493,70.8473,67.7707
/localization/pose_estimator/pose_with_covariance,124524583494,70.7992,67.8118
/localization/pose_estimator/pose_with_covariance,124574583495,70.8394,67.7833
/localization/pose_estimator/pose_with_covariance,124624583495,70.8093,67.8138
/localization/pose_estimator/pose_with_covariance,124674583496,70.8354,67.7903
/localization/pose_estimator/pose_with_covariance,124724583497,70.7980,67.8203
/localization/pose_estimator/pose_with_covariance,124774583498,70.8414,67.7810
/localization/pose_estimator/pose_with_covariance,124824583498,70.7975,67.7925
/localization/pose_estimator/pose_with_covariance,124874583499,70.8564,67.7718
/localization/pose_estimator/pose_with_covariance,124924583500,70.8057,67.8171
/localization/pose_estimator/pose_with_covariance,124974583501,70.8440,67.7917
/localization/pose_estimator/pose_with_covariance,125024583501,70.8134,67.8132
/localization/pose_estimator/pose_with_covariance,125074583502,70.8515,67.7700
/localization/pose_estimator/pose_with_covariance,125124583503,70.8348,67.8100
/localization/pose_estimator/pose_with_covariance,125174583504,70.8575,67.7746
/localization/pose_estimator/pose_with_covariance,125224583504,70.7938,67.8223
/localization/pose_estimator/pose_with_covariance,125274583505,70.8445,67.7818
/localization/pose_estimator/pose_with_covariance,125324583506,70.8171,67.8128
/localization/pose_estimator/pose_with_covariance,125374583507,70.8480,67.7717
/localization/pose_estimator/pose_with_covariance,125424583507,70.7963,67.8043
/localization/pose_estimator/pose_with_covariance,125474583508,70.8489,67.7821
/localization/pose_estimator/pose_with_covariance,125524583509,70.8043,67.8124
/localization/pose_estimator/pose_with_covariance,125574583510,70.8554,67.7914
/localization/pose_estimator/pose_with_covariance,125624583510,70.8103,67.7964
/localization/pose_estimator/pose_with_covariance,125674583511,70.8475,67.7785
/localization/pose_estimator/pose_with_covariance,125724583512,70.8274,67.8120
/localization/pose_estimator/pose_with_covariance,125774583513,70.8451,67.7744
/localization/pose_estimator/pose_with_covariance,125824583513,70.8022,67.8185
/localization/pose_estimator/pose_with_covariance,125874583514,70.8507,67.7780
/localization/pose_estimator/pose_with_covariance,125924583515,70.7916,67.8178
/localization/pose_estimator/pose_with_covariance,125974583515,70.8379,67.7847
/localization/pose_estimator/pose_with_covariance,126024583516,70.8133,67.8146
/localization/pose_estimator/pose_with_covariance,126074583517,70.8519,67.7692
/localization/pose_estimator/pose_with_covariance,126124583518,70.8159,67.8322
/localization/pose_estimator/pose_with_covariance,126174583518,70.8331,67.7872
/localization/pose_estimator/pose_with_covariance,126224583519,70.8064,67.8256
/localization/pose_estimator/pose_with_covariance,126274583520,70.8349,67.7772
/localization/pose_estimator/pose_with_covariance,126324583521,70.8307,67.8224
/localization/pose_estimator/pose_with_covariance,126374583521,70.8478,67.7783
/localization/pose_estimator/pose_with_covariance,126424583522,70.8095,67.8102
/localization/pose_estimator/pose_with_covariance,126474583523,70.8422,67.7817
/localization/pose_estimator/pose_with_covariance,126524583524,70.8119,67.8210
/localization/pose_estimator/pose_with_covariance,126574583524,70.8493,67.7944
/localization/pose_estimator/pose_with_covariance,126624583525,70.8122,67.8184
/localization/pose_estimator/pose_with_covariance,126674583526,70.8363,67.7876
/localization/pose_estimator/pose_with_covariance,126724583527,70.8207,67.8257
/localization/pose_estimator/pose_with_covariance,126774583527,70.8461,67.7788
/localization/pose_estimator/pose_with_covariance,126824583528,70.8189,67.8138
/localization/pose_estimator/pose_with_covariance,126874583529,70.8456,67.7881
/localization/pose_estimator/pose_with_covariance,126924583530,70.8150,67.8102
/localization/pose_estimator/pose_with_covariance,126974583530,70.8342,67.7877
/localization/pose_estimator/pose_with_covariance,127024583531,70.8140,67.8240
/localization/pose_estimator/pose_with_covariance,127074583532,70.8488,67.7945
/localization/pose_estimator/pose_with_covariance,127124583533,70.8044,67.8130
/localization/pose_estimator/pose_with_covariance,127174583533,70.8374,67.7821
/localization/pose_estimator/pose_with_covariance,127224583534,70.8109,67.8167
/localization/pose_estimator/pose_with_covariance,127274583535,70.8345,67.7918
/localization/pose_estimator/pose_with_covariance,127324583536,70.8080,67.7977
/localization/pose_estimator/pose_with_covariance,127374583536,70.8469,67.7809
/localization/pose_estimator/pose_with_covariance,127424583537,70.8341,67.8304
/localization/pose_estimator/pose_with_covariance,127474583538,70.8353,67.7953
/localization/pose_estimator/pose_with_covariance,127524583539,70.8002,67.8184
/localization/pose_estimator/pose_with_covariance,127574583539,70.8354,67.7805
/localization/pose_estimator/pose_with_covariance,127624583540,70.8047,67.8020
/localization/pose_estimator/pose_with_covariance,127674583541,70.8404,67.7854
/localization/pose_estimator/pose_with_covariance,127724583542,70.8121,67.8116
/localization/pose_estimator/pose_with_covariance,127774583542,70.8506,67.7832
/localization/pose_estimator/pose_with_covariance,127824583543,70.8054,67.8078
/localization/pose_estimator/pose_with_covariance,127874583544,70.8330,67.7784
/localization/pose_estimator/pose_with_covariance,127924583545,70.7929,67.8248
/localization/pose_estimator/pose_with_covariance,127974583545,70.8305,67.7964
/localization/pose_estimator/pose_with_covariance,128024583546,70.7949,67.8148
/localization/pose_estimator/pose_with_covariance,128074583547,70.8342,67.7645
/localization/pose_estimator/pose_with_covariance,128124583548,70.7923,67.8279
/localization/pose_estimator/pose_with_covariance,128174583548,70.8358,67.7905
/localization/pose_estimator/pose_with_covariance,128224583549,70.8235,67.8152
/localization/pose_estimator/pose_with_covariance,128274583550,70.8419,67.7883
/localization/pose_estimator/pose_with_covariance,128324583551,70.8285,67.8226
/localization/pose_estimator/pose_with_covariance,128374583551,70.8521,67.7783
/localization/pose_estimator/pose_with_covariance,128424583552,70.8071,67.8232
/localization/pose_estimator/pose_with_covariance,128474583553,70.8428,67.7797
/localization/pose_estimator/pose_with_covariance,128524583553,70.8150,67.8136
/localization/pose_estimator/pose_with_covariance,128574583554,70.8245,67.7862
/localization/pose_estimator/pose_with_covariance,128624583555,70.8015,67.8158
/localization/pose_estimator/pose_with_covariance,128674583556,70.8488,67.7826
/localization/pose_estimator/pose_with_covariance,128724583556,70.8091,67.8068
/localization/pose_estimator/pose_with_covariance,128774583557,70.8453,67.7812
/localization/pose_estimator/pose_with_covariance,128824583558,70.8209,67.8125
/localization/pose_estimator/pose_with_covariance,128874583559,70.8329,67.7817
/localization/pose_estimator/pose_with_covariance,128924583559,70.8125,67.8159
/localization/pose_estimator/pose_with_covariance,128974583560,70.8374,67.7704
/localization/pose_estimator/pose_with_covariance,129024583561,70.8325,67.8224
/localization/pose_estimator/pose_with_covariance,129074583562,70.8449,67.7872
/localization/pose_estimator/pose_with_covariance,129124583562,70.7984,67.8183
/localization/pose_estimator/pose_with_covariance,129174583563,70.8396,67.7809
/localization/pose_estimator/pose_with_covariance,129224583564,70.7995,67.8094
/localization/pose_estimator/pose_with_covariance,129274583565,70.8432,67.7817
/localization/pose_estimator/pose_with_covariance,129324583565,70.8288,67.8133
/localization/pose_estimator/pose_with_covariance,129374583566,70.8475,67.7820
/localization/pose_estimator/pose_with_covariance,129424583567,70.8086,67.8342
/localization/pose_estimator/pose_with_covariance,129474583568,70.8517,67.7730
/localization/pose_estimator/pose_with_covariance,129524583568,70.8133,67.7995
/localization/pose_estimator/pose_with_covariance,129574583569,70.8552,67.7772
/localization/pose_estimator/pose_with_covariance,129624583570,70.8144,67.8100
/localization/pose_estimator/pose_with_covariance,129674583571,70.8391,67.7904
/localization/pose_estimator/pose_with_covariance,129724583571,70.8163,67.8284
/localization/pose_estimator/pose_with_covariance,129774583572,70.8473,67.7737
/localization/pose_estimator/pose_with_covariance,129824583573,70.8124,67.8009
/localization/pose_estimator/pose_with_covariance,129874583574,70.8608,67.7854
/localization/pose_estimator/pose_with_covariance,129924583574,70.8126,67.8292
/localization/pose_estimator/pose_with_covariance,129974583575,70.8435,67.7728
/localization/pose_estimator/pose_with_covariance,130024583576,70.8071,67.8219
/localization/pose_estimator/pose_with_covariance,130074583577,70.8469,67.7914
/localization/pose_estimator/pose_with_covariance,130124583577,70.8171,67.8093
/localization/pose_estimator/pose_with_covariance,130174583578,70.8485,67.7919
/localization/pose_estimator/pose_with_covariance,130224583579,70.8214,67.8272
/localization/pose_estimator/pose_with_covariance,130274583580,70.8425,67.7707
/localization/pose_estimator/pose_with_covariance,130324583580,70.8038,67.8192
/localization/pose_estimator/pose_with_covariance,130374583581,70.8327,67.7841
/localization/pose_estimator/pose_with_covariance,130424583582,70.7951,67.8050
/localization/pose_estimator/pose_with_covariance,130474583583,70.8460,67.7843
/localization/pose_estimator/pose_with_covariance,130524583583,70.8145,67.8242
/localization/pose_estimator/pose_with_covariance,130574583584,70.8522,67.7729
/localization/pose_estimator/pose_with_covariance,130624583585,70.8202,67.8173
/localization/pose_estimator/pose_with_covariance,130674583586,70.8454,67.7756
/localization/pose_estimator/pose_with_covariance,130724583586,70.8211,67.8172
/localization/pose_estimator/pose_with_covariance,130774583587,70.8332,67.7985
/localization/pose_estimator/pose_with_covariance,130824583588,70.8095,67.8164
/localization/pose_estimator/pose_with_covariance,130874583589,70.8384,67.7829
/localization/pose_estimator/pose_with_covariance,130924583589,70.8089,67.8090
/localization/pose_estimator/pose_with_covariance,130974583590,70.8278,67.7821
/localization/pose_estimator/pose_with_covariance,131024583591,70.8206,67.8106
/localization/pose_estimator/pose_with_covariance,131074583591,70.8492,67.7780
/localization/pose_estimator/pose_with_covariance,131124583592,70.8160,67.8086
/localization/pose_estimator/pose_with_covariance,131174583593,70.8537,67.7830
/localization/pose_estimator/pose_with_covariance,131224583594,70.8134,67.8119
/localization/pose_estimator/pose_with_covariance,131274583594,70.8390,67.7854
/localization/pose_estimator/pose_with_covariance,131324583595,70.7955,67.8026
/localization/pose_estimator/pose_with_covariance,131374583596,70.8487,67.7944
/localization/pose_estimator/pose_with_covariance,131424583597,70.8177,67.8083
/localization/pose_estimator/pose_with_covariance,131474583597,70.8306,67.7963
/localization/pose_estimator/pose_with_covariance,131524583598,70.8076,67.8264
/localization/pose_estimator/pose_with_covariance,131574583599,70.8699,67.7805
/localization/pose_estimator/pose_with_covariance,131624583600,70.8149,67.8082
/localization/pose_estimator/pose_with_covariance,131674583600,70.8553,67.7831
/localization/pose_estimator/pose_with_covariance,131724583601,70.8336,67.8078
/localization/pose_estimator/pose_with_covariance,131774583602,70.8323,67.7833
/localization/pose_estimator/pose_with_covariance,131824583603,70.7991,67.8219
/localization/pose_estimator/pose_with_covariance,131874583603,70.8433,67.7815
/localization/pose_estimator/pose_with_covariance,131924583604,70.8115,67.8250
/localization/pose_estimator/pose_with_covariance,131974583605,70.8177,67.7919
/localization/pose_estimator/pose_with_covariance,132024583606,70.8017,67.8113
/localization/pose_estimator/pose_with_covariance,132074583606,70.8398,67.7806
/localization/pose_estimator/pose_with_covariance,132124583607,70.7962,67.8051
/localization/pose_estimator/pose_with_covariance,132174583608,70.8448,67.7734
/localization/pose_estimator/pose_with_covariance,132224583609,70.8210,67.8257
/localization/pose_estimator/pose_with_covariance,132274583609,70.8551,67.7694
/localization/pose_estimator/pose_with_covariance,132324583610,70.8172,67.8213
/localization/pose_estimator/pose_with_covariance,132374583611,70.8359,67.7877
/localization/pose_estimator/pose_with_covariance,132424583612,70.8113,67.8291
/localization/pose_estimator/pose_with_covariance,132474583612,70.8515,67.7827
/localization/pose_estimator/pose_with_covariance,132524583613,70.8170,67.8184
/localization/pose_estimator/pose_with_covariance,132574583614,70.8544,67.7789
/localization/pose_estimator/pose_with_covariance,132624583615,70.8293,67.8147
/localization/pose_estimator/pose_with_covariance,132674583615,70.8349,67.7845
/localization/pose_estimator/pose_with_covariance,132724583616,70.7915,67.8147
/localization/pose_estimator/pose_with_covariance,132774583617,70.8508,67.7783
/localization/pose_estimator/pose_with_covariance,132824583618,70.8176,67.8231
/localization/pose_estimator/pose_with_covariance,132874583618,70.8532,67.7818
/localization/pose_estimator/pose_with_covariance,132924583619,70.8180,67.8134
/localization/pose_estimator/pose_with_covariance,132974583620,70.8354,67.7853
/localization/pose_estimator/pose_with_covariance,133024583621,70.8051,67.8100
/localization/pose_estimator/pose_with_covariance,133074583621,70.8421,67.7853
/localization/pose_estimator/pose_with_covariance,133124583622,70.7968,67.8221
/localization/pose_estimator/pose_with_covariance,133174583623,70.8467,67.7753
/localization/pose_estimator/pose_with_covariance,133224583624,70.7975,67.8125
/localization/pose_estimator/pose_with_covariance,133274583624,70.8483,67.7844
/localization/pose_estimator/pose_with_covariance,133324583625,70.8102,67.8180
/localization/pose_estimator/pose_with_covariance,133374583626,70.8430,67.7831
/localization/pose_estimator/pose_with_covariance,133424583627,70.8148,67.8052
/localization/pose_estimator/pose_with_covariance,133474583627,70.8367,67.7939
/localization/pose_estimator/pose_with_covariance,133524583628,70.8101,67.8133
/localization/pose_estimator/pose_with_covariance,133574583629,70.8374,67.7912
/localization/pose_estimator/pose_with_covariance,133624583629,70.7973,67.8034
/localization/pose_estimator/pose_with_covariance,133674583630,70.8483,67.7795
/localization/pose_estimator/pose_with_covariance,133724583631,70.8280,67.8235
/localization/pose_estimator/pose_with_covariance,133774583632,70.8505,67.7794
/localization/pose_estimator/pose_with_covariance,133824583632,70.8106,67.8279
/localization/pose_estimator/pose_with_covariance,133874583633,70.8568,67.7815
/localization/pose_estimator/pose_with_covariance,133924583634,70.8027,67.7965
/localization/pose_estimator/pose_with_covariance,133974583635,70.8367,67.7822
/localization/pose_estimator/pose_with_covariance,134024583635,70.8229,67.8150
/localization/pose_estimator/pose_with_covariance,134074583636,70.8367,67.7877
/localization/pose_estimator/pose_with_covariance,134124583637,70.8195,67.8196
/localization/pose_estimator/pose_with_covariance,134174583638,70.8359,67.7871
/localization/pose_estimator/pose_with_covariance,134224583638,70.7983,67.8151
/localization/pose_estimator/pose_with_covariance,134274583639,70.8488,67.7959
/localization/pose_estimator/pose_with_covariance,134324583640,70.8089,67.8104
/localization/pose_estimator/pose_with_covariance,134374583641,70.8455,67.7813
/localization/pose_estimator/pose_with_covariance,134424583641,70.8027,67.8136
/localization/pose_estimator/pose_with_covariance,134474583642,70.8586,67.7771
/localization/pose_estimator/pose_with_covariance,134524583643,70.8157,67.8156
/localization/pose_estimator/pose_with_covariance,134574583644,70.8486,67.7730
/localization/pose_estimator/pose_with_covariance,134624583644,70.8250,67.8216
/localization/pose_estimator/pose_with_covariance,134674583645,70.8461,67.7664
/localization/pose_estimator/pose_with_covariance,134724583646,70.8073,67.8191
/localization/pose_estimator/pose_with_covariance,134774583647,70.8394,67.7927
/localization/pose_estimator/pose_with_covariance,134824583647,70.8086,67.8235
/localization/pose_estimator/pose_with_covariance,134874583648,70.8525,67.7784
/localization/pose_estimator/pose_with_covariance,134924583649,70.8029,67.8332
/localization/pose_estimator/pose_with_covariance,134974583650,70.8194,67.7888
/localization/pose_estimator/pose_with_covariance,135024583650,70.8078,67.7972
/localization/pose_estimator/pose_with_covariance,135074583651,70.8267,67.7873
/localization/pose_estimator/pose_with_covariance,135124583652,70.8064,67.8215
/localization/pose_estimator/pose_with_covariance,135174583653,70.8558,67.7794
/localization/pose_estimator/pose_with_covariance,135224583653,70.8116,67.8104
/localization/pose_estimator/pose_with_covariance,135274583654,70.8553,67.7764
/localization/pose_estimator/pose_with_covariance,135324583655,70.7995,67.8076
/localization/pose_estimator/pose_with_covariance,135374583656,70.8548,67.7843
/localization/pose_estimator/pose_with_covariance,135424583656,70.8220,67.8220
/localization/pose_estimator/pose_with_covariance,135474583657,70.8229,67.7882
/localization/pose_estimator/pose_with_covariance,135524583658,70.8276,67.8197
/localization/pose_estimator/pose_with_covariance,135574583659,70.8435,67.7720
/localization/pose_estimator/pose_with_covariance,135624583659,70.8096,67.8123
/localization/pose_estimator/pose_with_covariance,135674583660,70.8410,67.7804
/localization/pose_estimator/pose_with_covariance,135724583661,70.8040,67.8175
/localization/pose_estimator/pose_with_covariance,135774583662,70.8458,67.7802
/localization/pose_estimator/pose_with_covariance,135824583662,70.8001,67.8000
/localization/pose_estimator/pose_with_covariance,135874583663,70.8496,67.7759
/localization/pose_estimator/pose_with_covariance,135924583664,70.8169,67.8213
/localization/pose_estimator/pose_with_covariance,135974583665,70.8375,67.7894
/localization/pose_estimator/pose_with_covariance,136024583665,70.8219,67.8268
/localization/pose_estimator/pose_with_covariance,136074583666,70.8335,67.8043
/localization/pose_estimator/pose_with_covariance,136124583667,70.8053,67.8240
/localization/pose_estimator/pose_with_covariance,136174583667,70.8453,67.7726
/localization/pose_estimator/pose_with_covariance,136224583668,70.8130,67.8097
/localization/pose_estimator/pose_with_covariance,136274583669,70.8377,67.7975
/localization/pose_estimator/pose_with_covariance,136324583670,70.8140,67.8152
/localization/pose_estimator/pose_with_covariance,136374583670,70.8500,67.7815
/localization/pose_estimator/pose_with_covariance,136424583671,70.8097,67.8085
/localization/pose_estimator/pose_with_covariance,136474583672,70.8449,67.7924
/localization/pose_estimator/pose_with_covariance,136524583673,70.8035,67.8205
/localization/pose_estimator/pose_with_covariance,136574583673,70.8257,67.7832
/localization/pose_estimator/pose_with_covariance,136624583674,70.7987,67.8308
/localization/pose_estimator/pose_with_covariance,136674583675,70.8539,67.7817
/localization/pose_estimator/pose_with_covariance,136724583676,70.8089,67.8274
/localization/pose_estimator/pose_with_covariance,136774583676,70.8481,67.7850
/localization/pose_estimator/pose_with_covariance,136824583677,70.8341,67.8334
/localization/pose_estimator/pose_with_covariance,136874583678,70.8347,67.7900
/localization/pose_estimator/pose_with_covariance,136924583679,70.8073,67.8104
/localization/pose_estimator/pose_with_covariance,136974583679,70.8270,67.7866
/localization/pose_estimator/pose_with_covariance,137024583680,70.8114,67.8086
/localization/pose_estimator/pose_with_covariance,137074583681,70.8413,67.7767
/localization/pose_estimator/pose_with_covariance,137124583682,70.8174,67.8210
/localization/pose_estimator/pose_with_covariance,137174583682,70.8461,67.7724
/localization/pose_estimator/pose_with_covariance,137224583683,70.7986,67.8003
/localization/pose_estimator/pose_with_covariance,137274583684,70.8354,67.7915
/localization/pose_estimator/pose_with_covariance,137324583685,70.8022,67.8171
/localization/pose_estimator/pose_with_covariance,137374583685,70.8372,67.7802
/localization/pose_estimator/pose_with_covariance,137424583686,70.8222,67.8147
/localization/pose_estimator/pose_with_covariance,137474583687,70.8534,67.7754
/localization/pose_estimator/pose_with_covariance,137524583688,70.8011,67.8020
/localization/pose_estimator/pose_with_covariance,137574583688,70.8543,67.7782
/localization/pose_estimator/pose_with_covariance,137624583689,70.8147,67.8080
/localization/pose_estimator/pose_with_covariance,137674583690,70.8183,67.7718
/localization/pose_estimator/pose_with_covariance,137724583691,70.8092,67.7948
/localization/pose_estimator/pose_with_covariance,137774583691,70.8535,67.7730
/localization/pose_estimator/pose_with_covariance,137824583692,70.7906,67.8105
/localization/pose_estimator/pose_with_covariance,137874583693,70.8323,67.7826
/localization/pose_estimator/pose_with_covariance,137924583694,70.7875,67.8187
/localization/pose_estimator/pose_with_covariance,137974583694,70.8450,67.7746
/localization/pose_estimator/pose_with_covariance,138024583695,70.8033,67.8109
/localization/pose_estimator/pose_with_covariance,138074583696,70.8320,67.7866
/localization/pose_estimator/pose_with_covariance,138124583697,70.7940,67.8049
/localization/pose_estimator/pose_with_covariance,138174583697,70.8425,67.7713
/localization/pose_estimator/pose_with_covariance,138224583698,70.8180,67.8216
/localization/pose_estimator/pose_with_covariance,138274583699,70.8509,67.7833
/localization/pose_estimator/pose_with_covariance,138324583700,70.8082,67.8098
/localization/pose_estimator/pose_with_covariance,138374583700,70.8466,67.7764
/localization/pose_estimator/pose_with_covariance,138424583701,70.8016,67.8244
/localization/pose_estimator/pose_with_covariance,138474583702,70.8482,67.7848
/localization/pose_estimator/pose_with_covariance,138524583703,70.8102,67.8092
/localization/pose_estimator/pose_with_covariance,138574583703,70.8540,67.7848
/localization/pose_estimator/pose_with_covariance,138624583704,70.8083,67.8164
/localization/pose_estimator/pose_with_covariance,138674583705,70.8314,67.7847
/localization/pose_estimator/pose_with_covariance,138724583705,70.8087,67.8128
/localization/pose_estimator/pose_with_covariance,138774583706,70.8453,67.7950
/localization/pose_estimator/pose_with_covariance,138824583707,70.8083,67.8046
/localization/pose_estimator/pose_with_covariance,138874583708,70.8279,67.7908
/localization/pose_estimator/pose_with_covariance,138924583708,70.8286,67.8142
/localization/pose_estimator/pose_with_covariance,138974583709,70.8475,67.7892
/localization/pose_estimator/pose_with_covariance,139024583710,70.8187,67.8131
/localization/pose_estimator/pose_with_covariance,139074583711,70.8434,67.7817
/localization/pose_estimator/pose_with_covariance,139124583711,70.8109,67.8155
/localization/pose_estimator/pose_with_covariance,139174583712,70.8605,67.7813
/localization/pose_estimator/pose_with_covariance,139224583713,70.8225,67.8168
/localization/pose_estimator/pose_with_covariance,139274583714,70.8442,67.7922
/localization/pose_estimator/pose_with_covariance,139324583714,70.7994,67.8195
/localization/pose_estimator/pose_with_covariance,139374583715,70.8367,67.7844
/localization/pose_estimator/pose_with_covariance,139424583716,70.8010,67.8229
/localization/pose_estimator/pose_with_covariance,139474583717,70.8335,67.7825
/localization/pose_estimator/pose_with_covariance,139524583717,70.8153,67.8055
/localization/pose_estimator/pose_with_covariance,139574583718,70.8458,67.7746
/localization/pose_estimator/pose_with_covariance,139624583719,70.8057,67.8042
/localization/pose_estimator/pose_with_covariance,139674583720,70.8355,67.7821
/localization/pose_estimator/pose_with_covariance,139724583720,70.8044,67.8163
/localization/pose_estimator/pose_with_covariance,139774583721,70.8458,67.7733
/localization/pose_estimator/pose_with_covariance,139824583722,70.8130,67.7978
/localization/pose_estimator/pose_with_covariance,139874583723,70.8335,67.7793
/localization/pose_estimator/pose_with_covariance,139924583723,70.8096,67.8063
/localization/pose_estimator/pose_with_covariance,139974583724,70.8510,67.7861
/localization/pose_estimator/pose_with_covariance,140024583725,70.8046,67.8125
/localization/pose_estimator/pose_with_covariance,140074583726,70.8410,67.7770
/localization/pose_estimator/pose_with_covariance,140124583726,70.8168,67.8163
/localization/pose_estimator/pose_with_covariance,140174583727,70.8281,67.7777
/localization/pose_estimator/pose_with_covariance,140224583728,70.8056,67.8195
/localization/pose_estimator/pose_with_covariance,140274583729,70.8587,67.7794
/localization/pose_estimator/pose_with_covariance,140324583729,70.8236,67.8089
/localization/pose_estimator/pose_with_covariance,140374583730,70.8509,67.7864
/localization/pose_estimator/pose_with_covariance,140424583731,70.8130,67.8050
/localization/pose_estimator/pose_with_covariance,140474583732,70.8394,67.7802
/localization/pose_estimator/pose_with_covariance,140524583732,70.8126,67.8021
/localization/pose_estimator/pose_with_covariance,140574583733,70.8558,67.7756
/localization/pose_estimator/pose_with_covariance,140624583734,70.8119,67.8187
/localization/pose_estimator/pose_with_covariance,140674583735,70.8384,67.7711
/localization/pose_estimator/pose_with_covariance,140724583735,70.8159,67.8161
/localization/pose_estimator/pose_with_covariance,140774583736,70.8537,67.7713
/localization/pose_estimator/pose_with_covariance,140824583737,70.8029,67.8226
/localization/pose_estimator/pose_with_covariance,140874583738,70.8567,67.7815
/localization/pose_estimator/pose_with_covariance,140924583738,70.8175,67.8135
/localization/pose_estimator/pose_with_covariance,140974583739,70.8374,67.7921
/localization/pose_estimator/pose_with_covariance,141024583740,70.8070,67.8105
/localization/pose_estimator/pose_with_covariance,141074583740,70.8473,67.7708
/localization/pose_estimator/pose_with_covariance,141124583741,70.8120,67.8101
/localization/pose_estimator/pose_with_covariance,141174583742,70.8597,67.7764
/localization/pose_estimator/pose_with_covariance,141224583743,70.8240,67.8231
/localization/pose_estimator/pose_with_covariance,141274583743,70.8353,67.7877
/localization/pose_estimator/pose_with_covariance,141324583744,70.8196,67.7976
/localization/pose_estimator/pose_with_covariance,141374583745,70.8460,67.7846
/localization/pose_estimator/pose_with_covariance,141424583746,70.8090,67.8086
/localization/pose_estimator/pose_with_covariance,141474583746,70.8439,67.7872
/localization/pose_estimator/pose_with_covariance,141524583747,70.8103,67.8155
/localization/pose_estimator/pose_with_covariance,141574583748,70.8631,67.7842
/localization/pose_estimator/pose_with_covariance,141624583749,70.8236,67.8109
/localization/pose_estimator/pose_with_covariance,141674583749,70.8484,67.7753
/localization/pose_estimator/pose_with_covariance,141724583750,70.8035,67.8104
/localization/pose_estimator/pose_with_covariance,141774583751,70.8543,67.7778
/localization/pose_estimator/pose_with_covariance,141824583752,70.8069,67.8147
/localization/pose_estimator/pose_with_covariance,141874583752,70.8553,67.7903
/localization/pose_estimator/pose_with_covariance,141924583753,70.8173,67.8099
/localization/pose_estimator/pose_with_covariance,141974583754,70.8399,67.7811
/localization/pose_estimator/pose_with_covariance,142024583755,70.7968,67.8080
/localization/pose_estimator/pose_with_covariance,142074583755,70.8525,67.7590
/localization/pose_estimator/pose_with_covariance,142124583756,70.8232,67.8211
/localization/pose_estimator/pose_with_covariance,142174583757,70.8273,67.7729
/localization/pose_estimator/pose_with_covariance,142224583758,70.8188,67.8198
/localization/pose_estimator/pose_with_covariance,142274583758,70.8523,67.7936
/localization/pose_estimator/pose_with_covariance,142324583759,70.8128,67.8186
/localization/pose_estimator/pose_with_covariance,142374583760,70.8577,67.7791
/localization/pose_estimator/pose_with_covariance,142424583761,70.8255,67.8030
/localization/pose_estimator/pose_with_covariance,142474583761,70.8366,67.7852
/localization/pose_estimator/pose_with_covariance,142524583762,70.8169,67.8147
/localization/pose_estimator/pose_with_covariance,142574583763,70.8429,67.7858
/localization/pose_estimator/pose_with_covariance,142624583764,70.8210,67.8127
/localization/pose_estimator/pose_with_covariance,142674583764,70.8475,67.7938
/localization/pose_estimator/pose_with_covariance,142724583765,70.8289,67.8270
/localization/pose_estimator/pose_with_covariance,142774583766,70.8296,67.7862
/localization/pose_estimator/pose_with_covariance,142824583767,70.8076,67.8242
/localization/pose_estimator/pose_with_covariance,142874583767,70.8391,67.7600
/localization/pose_estimator/pose_with_covariance,142924583768,70.8023,67.8149
/localization/pose_estimator/pose_with_covariance,142974583769,70.8449,67.7729
/localization/pose_estimator/pose_with_covariance,143024583770,70.8072,67.8058
/localization/pose_estimator/pose_with_covariance,143074583770,70.8345,67.7789
/localization/pose_estimator/pose_with_covariance,143124583771,70.8054,67.8039
/localization/pose_estimator/pose_with_covariance,143174583772,70.8549,67.7789
/localization/pose_estimator/pose_with_covariance,143224583773,70.7956,67.8094
/localization/pose_estimator/pose_with_covariance,143274583773,70.8385,67.7878
/localization/pose_estimator/pose_with_covariance,143324583774,70.8096,67.8085
/localization/pose_estimator/pose_with_covariance,143374583775,70.8384,67.7895
/localization/pose_estimator/pose_with_covariance,143424583776,70.8039,67.8210
/localization/pose_estimator/pose_with_covariance,143474583776,70.8393,67.7869
/localization/pose_estimator/pose_with_covariance,143524583777,70.8091,67.8106
/localization/pose_estimator/pose_with_covariance,143574583778,70.8423,67.7783
/localization/pose_estimator/pose_with_covariance,143624583778,70.8191,67.8139
/localization/pose_estimator/pose_with_covariance,143674583779,70.8519,67.7792
/localization/pose_estimator/pose_with_covariance,143724583780,70.8121,67.8049
/localization/pose_estimator/pose_with_covariance,143774583781,70.8360,67.7936
/localization/pose_estimator/pose_with_covariance,143824583781,70.8205,67.8071
/localization/pose_estimator/pose_with_covariance,143874583782,70.8506,67.7823
/localization/pose_estimator/pose_with_covariance,143924583783,70.8238,67.8051
/localization/pose_estimator/pose_with_covariance,143974583784,70.8565,67.7722
/localization/pose_estimator/pose_with_covariance,144024583784,70.8129,67.8062
/localization/pose_estimator/pose_with_covariance,144074583785,70.8356,67.7898
/localization/pose_estimator/pose_with_covariance,144124583786,70.8205,67.8261
/localization/pose_estimator/pose_with_covariance,144174583787,70.8507,67.7774
/localization/pose_estimator/pose_with_covariance,144224583787,70.8088,67.8153
/localization/pose_estimator/pose_with_covariance,144274583788,70.8389,67.7887
/localization/pose_estimator/pose_with_covariance,144324583789,70.8223,67.8167
/localization/pose_estimator/pose_with_covariance,144374583790,70.8161,67.7796
/localization/pose_estimator/pose_with_covariance,144424583790,70.8238,67.8150
/localization/pose_estimator/pose_with_covariance,144474583791,70.8382,67.7828
/localization/pose_estimator/pose_with_covariance,144524583792,70.8129,67.8217
/localization/pose_estimator/pose_with_covariance,144574583793,70.8436,67.7790
/localization/pose_estimator/pose_with_covariance,144624583793,70.8018,67.8088
/localization/pose_estimator/pose_with_covariance,144674583794,70.8490,67.7835
/localization/pose_estimator/pose_with_covariance,144724583795,70.7915,67.8202
/localization/pose_estimator/pose_with_covariance,144774583796,70.8401,67.7854
/localization/pose_estimator/pose_with_covariance,144824583796,70.8177,67.8116
/localization/pose_estimator/pose_with_covariance,144874583797,70.8362,67.7767
/localization/pose_estimator/pose_with_covariance,144924583798,70.8157,67.8238
/localization/pose_estimator/pose_with_covariance,144974583799,70.8410,67.7771
/localization/pose_estimator/pose_with_covariance,145024583799,70.8057,67.8177
/localization/pose_estimator/pose_with_covariance,145074583800,70.8414,67.7903
/localization/pose_estimator/pose_with_covariance,145124583801,70.8240,67.8191
/localization/pose_estimator/pose_with_covariance,145174583802,70.8354,67.7980
/localization/pose_estimator/pose_with_covariance,145224583802,70.8153,67.8284
/localization/pose_estimator/pose_with_covariance,145274583803,70.8434,67.7720
/localization/pose_estimator/pose_with_covariance,145324583804,70.8266,67.8067
/localization/pose_estimator/pose_with_covariance,145374583805,70.8322,67.7871
/localization/pose_estimator/pose_with_covariance,145424583805,70.8075,67.8149
/localization/pose_estimator/pose_with_covariance,145474583806,70.8460,67.7819
/localization/pose_estimator/pose_with_covariance,145524583807,70.8021,67.8233
/localization/pose_estimator/pose_with_covariance,145574583808,70.8465,67.7793
/localization/pose_estimator/pose_with_covariance,145624583808,70.8202,67.8271
/localization/pose_estimator/pose_with_covariance,145674583809,70.8328,67.7913
/localization/pose_estimator/pose_with_covariance,145724583810,70.8231,67.8141
/localization/pose_estimator/pose_with_covariance,145774583811,70.8338,67.7894
/localization/pose_estimator/pose_with_covariance,145824583811,70.8036,67.8070
/localization/pose_estimator/pose_with_covariance,145874583812,70.8443,67.7785
/localization/pose_estimator/pose_with_covariance,145924583813,70.8168,67.8249
/localization/pose_estimator/pose_with_covariance,145974583814,70.8322,67.7817
/localization/pose_estimator/pose_with_covariance,146024583814,70.7999,67.8140
/localization/pose_estimator/pose_with_covariance,146074583815,70.8474,67.7814
/localization/pose_estimator/pose_with_covariance,146124583816,70.8137,67.8056
/localization/pose_estimator/pose_with_covariance,146174583816,70.8301,67.7938
/localization/pose_estimator/pose_with_covariance,146224583817,70.7860,67.8115
/localization/pose_estimator/pose_with_covariance,146274583818,70.8497,67.7738
/localization/pose_estimator/pose_with_covariance,146324583819,70.7993,67.8151
/localization/pose_estimator/pose_with_covariance,146374583819,70.8198,67.7929
/localization/pose_estimator/pose_with_covariance,146424583820,70.8241,67.8105
/localization/pose_estimator/pose_with_covariance,146474583821,70.8335,67.7790
/localization/pose_estimator/pose_with_covariance,146524583822,70.8136,67.8215
/localization/pose_estimator/pose_with_covariance,146574583822,70.8356,67.7936
/localization/pose_estimator/pose_with_covariance,146624583823,70.8140,67.8162
/localization/pose_estimator/pose_with_covariance,146674583824,70.8351,67.7928
/localization/pose_estimator/pose_with_covariance,146724583825,70.8065,67.8114
/localization/pose_estimator/pose_with_covariance,146774583825,70.8421,67.7766
/localization/pose_estimator/pose_with_covariance,146824583826,70.8134,67.8039
/localization/pose_estimator/pose_with_covariance,146874583827,70.8283,67.7865
/localization/pose_estimator/pose_with_covariance,146924583828,70.8171,67.8144
/localization/pose_estimator/pose_with_covariance,146974583828,70.8321,67.7947
/localization/pose_estimator/pose_with_covariance,147024583829,70.8178,67.8292
/localization/pose_estimator/pose_with_covariance,147074583830,70.8413,67.7834
/localization/pose_estimator/pose_with_covariance,147124583831,70.8050,67.8220
/localization/pose_estimator/pose_with_covariance,147174583831,70.8362,67.7933
/localization/pose_estimator/pose_with_covariance,147224583832,70.8177,67.8183
/localization/pose_estimator/pose_with_covariance,147274583833,70.8491,67.7735
/localization/pose_estimator/pose_with_covariance,147324583834,70.8255,67.8287
/localization/pose_estimator/pose_with_covariance,147374583834,70.8437,67.7693
/localization/pose_estimator/pose_with_covariance,147424583835,70.7924,67.8193
/localization/pose_estimator/pose_with_covariance,147474583836,70.8382,67.7737
/localization/pose_estimator/pose_with_covariance,147524583837,70.8081,67.8094
/localization/pose_estimator/pose_with_covariance,147574583837,70.8318,67.7791
/localization/pose_estimator/pose_with_covariance,147624583838,70.8231,67.8170
/localization/pose_estimator/pose_with_covariance,147674583839,70.8457,67.7748
/localization/pose_estimator/pose_with_covariance,147724583840,70.8137,67.8366
/localization/pose_estimator/pose_with_covariance,147774583840,70.8504,67.7731
/localization/pose_estimator/pose_with_covariance,147824583841,70.8099,67.8250
/localization/pose_estimator/pose_with_covariance,147874583842,70.8281,67.7725
/localization/pose_estimator/pose_with_covariance,147924583843,70.8318,67.8129
/localization/pose_estimator/pose_with_covariance,147974583843,70.8560,67.7896
/localization/pose_estimator/pose_with_covariance,148024583844,70.8105,67.8152
/localization/pose_estimator/pose_with_covariance,148074583845,70.8322,67.7875
/localization/pose_estimator/pose_with_covariance,148124583846,70.8018,67.8235
/localization/pose_estimator/pose_with_covariance,148174583846,70.8398,67.7850
/localization/pose_estimator/pose_with_covariance,148224583847,70.8130,67.8231
/localization/pose_estimator/pose_with_covariance,148274583848,70.8426,67.7956
/localization/pose_estimator/pose_with_covariance,148324583849,70.8076,67.8050
/localization/pose_estimator/pose_with_covariance,148374583849,70.8483,67.7891
/localization/pose_estimator/pose_with_covariance,148424583850,70.7978,67.8175
/localization/pose_estimator/pose_with_covariance,148474583851,70.8389,67.7832
/localization/pose_estimator/pose_with_covariance,148524583852,70.7996,67.8043
/localization/pose_estimator/pose_with_covariance,148574583852,70.8409,67.7838
/localization/pose_estimator/pose_with_covariance,148624583853,70.8063,67.8175
/localization/pose_estimator/pose_with_covariance,148674583854,70.8421,67.7746
/localization/pose_estimator/pose_with_covariance,148724583854,70.8045,67.8065
/localization/pose_estimator/pose_with_covariance,148774583855,70.8394,67.7721
/localization/pose_estimator/pose_with_covariance,148824583856,70.8187,67.8105
/localization/pose_estimator/pose_with_covariance,148874583857,70.8408,67.7884
/localization/pose_estimator/pose_with_covariance,148924583857,70.8048,67.8156
/localization/pose_estimator/pose_with_covariance,148974583858,70.8324,67.7743
/localization/pose_estimator/pose_with_covariance,149024583859,70.8012,67.8300
/localization/pose_estimator/pose_with_covariance,149074583860,70.8427,67.7778
/localization/pose_estimator/pose_with_covariance,149124583860,70.8123,67.8201
/localization/pose_estimator/pose_with_covariance,149174583861,70.8594,67.7825
/localization/pose_estimator/pose_with_covariance,149224583862,70.8094,67.8192
/localization/pose_estimator/pose_with_covariance,149274583863,70.8360,67.7833
/localization/pose_estimator/pose_with_covariance,149324583863,70.8052,67.8118
/localization/pose_estimator/pose_with_covariance,149374583864,70.8592,67.7874
/localization/pose_estimator/pose_with_covariance,149424583865,70.7969,67.8132
/localization/pose_estimator/pose_with_covariance,149474583866,70.8324,67.7835
/localization/pose_estimator/pose_with_covariance,149524583866,70.8115,67.8052
/localization/pose_estimator/pose_with_covariance,149574583867,70.8650,67.7770
/localization/pose_estimator/pose_with_covariance,149624583868,70.7977,67.8115
/localization/pose_estimator/pose_with_covariance,149674583869,70.8361,67.7843
/localization/pose_estimator/pose_with_covariance,149724583869,70.8161,67.8213
/localization/pose_estimator/pose_with_covariance,149774583870,70.8273,67.7938
/localization/pose_estimator/pose_with_covariance,149824583871,70.8000,67.8187
/localization/pose_estimator/pose_with_covariance,149874583872,70.8464,67.7748
/localization/pose_estimator/pose_with_covariance,149924583872,70.7992,67.8027
/localization/pose_estimator/pose_with_covariance,149974583873,70.8488,67.7684
/localization/pose_estimator/pose_with_covariance,150024583874,70.7931,67.8195
/localization/pose_estimator/pose_with_covariance,150074583875,70.8250,67.7805
/localization/pose_estimator/pose_with_covariance,150124583875,70.8097,67.8180
/localization/pose_estimator/pose_with_covariance,150174583876,70.8505,67.7928
/localization/pose_estimator/pose_with_covariance,150224583877,70.8176,67.8115
/localization/pose_estimator/pose_with_covariance,150274583878,70.8505,67.7856
/localization/pose_estimator/pose_with_covariance,150324583878,70.8178,67.8253
/localization/pose_estimator/pose_with_covariance,150374583879,70.8354,67.7731
/localization/pose_estimator/pose_with_covariance,150424583880,70.8148,67.8181
/localization/pose_estimator/pose_with_covariance,150474583881,70.8439,67.7727
/localization/pose_estimator/pose_with_covariance,150524583881,70.8193,67.8132
/localization/pose_estimator/pose_with_covariance,150574583882,70.8416,67.7826
/localization/pose_estimator/pose_with_covariance,150624583883,70.8281,67.8036
/localization/pose_estimator/pose_with_covariance,150674583884,70.8557,67.7731
/localization/pose_estimator/pose_with_covariance,150724583884,70.8113,67.8302
/localization/pose_estimator/pose_with_covariance,150774583885,70.8380,67.7875
/localization/pose_estimator/pose_with_covariance,150824583886,70.8123,67.8213
/localization/pose_estimator/pose_with_covariance,150874583887,70.8325,67.7859
/localization/pose_estimator/pose_with_covariance,150924583887,70.7923,67.8161
/localization/pose_estimator/pose_with_covariance,150974583888,70.8546,67.7784
/localization/pose_estimator/pose_with_covariance,151024583889,70.8221,67.8182
/localization/pose_estimator/pose_with_covariance,151074583890,70.8418,67.7741
/localization/pose_estimator/pose_with_covariance,151124583890,70.8116,67.8056
/localization/pose_estimator/pose_with_covariance,151174583891,70.8472,67.7917
/localization/pose_estimator/pose_with_covariance,151224583892,70.8095,67.8208
/localization/pose_estimator/pose_with_covariance,151274583892,70.8341,67.7960
/localization/pose_estimator/pose_with_covariance,151324583893,70.8174,67.8192
/localization/pose_estimator/pose_with_covariance,151374583894,70.8570,67.7833
/localization/pose_estimator/pose_with_covariance,151424583895,70.7997,67.8224
/localization/pose_estimator/pose_with_covariance,151474583895,70.8452,67.7692
/localization/pose_estimator/pose_with_covariance,151524583896,70.8356,67.8140
/localization/pose_estimator/pose_with_covariance,151574583897,70.8217,67.7787
/localization/pose_estimator/pose_with_covariance,151624583898,70.8050,67.8154
/localization/pose_estimator/pose_with_covariance,151674583898,70.8568,67.7767
/localization/pose_estimator/pose_with_covariance,151724583899,70.8095,67.8038
/localization/pose_estimator/pose_with_covariance,151774583900,70.8458,67.7931
/localization/pose_estimator/pose_with_covariance,151824583901,70.8119,67.8034
/localization/pose_estimator/pose_with_covariance,151874583901,70.8524,67.7856
/localization/pose_estimator/pose_with_covariance,151924583902,70.8168,67.8182
/localization/pose_estimator/pose_with_covariance,151974583903,70.8477,67.7877
/localization/pose_estimator/pose_with_covariance,152024583904,70.8219,67.8141
/localization/pose_estimator/pose_with_covariance,152074583904,70.8524,67.7788
/localization/pose_estimator/pose_with_covariance,152124583905,70.8004,67.8174
/localization/pose_estimator/pose_with_covariance,152174583906,70.8347,67.7849
/localization/pose_estimator/pose_with_covariance,152224583907,70.8132,67.8232
/localization/pose_estimator/pose_with_covariance,152274583907,70.8434,67.7921
/localization/pose_estimator/pose_with_covariance,152324583908,70.8234,67.8222
/localization/pose_estimator/pose_with_covariance,152374583909,70.8433,67.7803
/localization/pose_estimator/pose_with_covariance,152424583910,70.8302,67.7951
/localization/pose_estimator/pose_with_covariance,152474583910,70.8271,67.8029
/localization/pose_estimator/pose_with_covariance,152524583911,70.8216,67.8273
/localization/pose_estimator/pose_with_covariance,152574583912,70.8412,67.7810
/localization/pose_estimator/pose_with_covariance,152624583913,70.8056,67.8138
/localization/pose_estimator/pose_with_covariance,152674583913,70.8421,67.7915
/localization/pose_estimator/pose_with_covariance,152724583914,70.8250,67.8080
/localization/pose_estimator/pose_with_covariance,152774583915,70.8542,67.7775
/localization/pose_estimator/pose_with_covariance,152824583916,70.8135,67.8029
/localization/pose_estimator/pose_with_covariance,152874583916,70.8546,67.7764
/localization/pose_estimator/pose_with_covariance,152924583917,70.8025,67.8167
/localization/pose_estimator/pose_with_covariance,152974583918,70.8519,67.7841
/localization/pose_estimator/pose_with_covariance,153024583919,70.8190,67.8183
/localization/pose_estimator/pose_with_covariance,153074583919,70.8481,67.7884
/localization/pose_estimator/pose_with_covariance,153124583920,70.8036,67.8168
/localization/pose_estimator/pose_with_covariance,153174583921,70.8575,67.7827
/localization/pose_estimator/pose_with_covariance,153224583922,70.7963,67.8152
/localization/pose_estimator/pose_with_covariance,153274583922,70.8492,67.7818
/localization/pose_estimator/pose_with_covariance,153324583923,70.8217,67.8204
/localization/pose_estimator/pose_with_covariance,153374583924,70.8499,67.7835
/localization/pose_estimator/pose_with_covariance,153424583925,70.8322,67.8107
/localization/pose_estimator/pose_with_covariance,153474583925,70.8540,67.7906
/localization/pose_estimator/pose_with_covariance,153524583926,70.7993,67.7904
/localization/pose_estimator/pose_with_covariance,153574583927,70.8524,67.7809
/localization/pose_estimator/pose_with_covariance,153624583928,70.8078,67.8135
/localization/pose_estimator/pose_with_covariance,153674583928,70.8342,67.7716
/localization/pose_estimator/pose_with_covariance,153724583929,70.8116,67.8178
/localization/pose_estimator/pose_with_covariance,153774583930,70.8617,67.7741
/localization/pose_estimator/pose_with_covariance,153824583930,70.8315,67.8113
/localization/pose_estimator/pose_with_covariance,153874583931,70.8518,67.7793
/localization/pose_estimator/pose_with_covariance,153924583932,70.8177,67.8168
/localization/pose_estimator/pose_with_covariance,153974583933,70.8411,67.7794
/localization/pose_estimator/pose_with_covariance,154024583933,70.8173,67.8123
/localization/pose_estimator/pose_with_covariance,154074583934,70.8290,67.7708
/localization/pose_estimator/pose_with_covariance,154124583935,70.8186,67.8276
/localization/pose_estimator/pose_with_covariance,154174583936,70.8406,67.7848
/localization/pose_estimator/pose_with_covariance,154224583936,70.8136,67.8113
/localization/pose_estimator/pose_with_covariance,154274583937,70.8505,67.7931
/localization/pose_estimator/pose_with_covariance,154324583938,70.8047,67.8128
/localization/pose_estimator/pose_with_covariance,154374583939,70.8454,67.7879
/localization/pose_estimator/pose_with_covariance,154424583939,70.8069,67.8290
/localization/pose_estimator/pose_with_covariance,154474583940,70.8492,67.7787
/localization/pose_estimator/pose_with_covariance,154524583941,70.8264,67.8177
/localization/pose_estimator/pose_with_covariance,154574583942,70.8358,67.7789
/localization/pose_estimator/pose_with_covariance,154624583942,70.8115,67.8175
/localization/pose_estimator/pose_with_covariance,154674583943,70.8312,67.7923
/localization/pose_estimator/pose_with_covariance,154724583944,70.8121,67.8121
/localization/pose_estimator/pose_with_covariance,154774583945,70.8461,67.7802
/localization/pose_estimator/pose_with_covariance,154824583945,70.8016,67.8109
/localization/pose_estimator/pose_with_covariance,154874583946,70.8434,67.7858
/localization/pose_estimator/pose_with_covariance,154924583947,70.8179,67.8262
/localization/pose_estimator/pose_with_covariance,154974583948,70.8415,67.7752
/localization/pose_estimator/pose_with_covariance,155024583948,70.8140,67.7948
/localization/pose_estimator/pose_with_covariance,155074583949,70.8477,67.7779
/localization/pose_estimator/pose_with_covariance,155124583950,70.8161,67.8228
/localization/pose_estimator/pose_with_covariance,155174583951,70.8536,67.7762
/localization/pose_estimator/pose_with_covariance,155224583951,70.8252,67.8346
/localization/pose_estimator/pose_with_covariance,155274583952,70.8444,67.7798
/localization/pose_estimator/pose_with_covariance,155324583953,70.8135,67.8243
/localization/pose_estimator/pose_with_covariance,155374583954,70.8428,67.7882
/localization/pose_estimator/pose_with_covariance,155424583954,70.8107,67.8195
/localization/pose_estimator/pose_with_covariance,155474583955,70.8550,67.7863
/localization/pose_estimator/pose_with_covariance,155524583956,70.8174,67.8049
/localization/pose_estimator/pose_with_covariance,155574583957,70.8300,67.7883
/localization/pose_estimator/pose_with_covariance,155624583957,70.8040,67.8245
/localization/pose_estimator/pose_with_covariance,155674583958,70.8432,67.7807
/localization/pose_estimator/pose_with_covariance,155724583959,70.8238,67.8180
/localization/pose_estimator/pose_with_covariance,155774583960,70.8306,67.7735
/localization/pose_estimator/pose_with_covariance,155824583960,70.8102,67.8256
/localization/pose_estimator/pose_with_covariance,155874583961,70.8237,67.7708
/localization/pose_estimator/pose_with_covariance,155924583962,70.8052,67.8181
/localization/pose_estimator/pose_with_covariance,155974583963,70.8527,67.7679
/localization/pose_estimator/pose_with_covariance,156024583963,70.7982,67.8159
/localization/pose_estimator/pose_with_covariance,156074583964,70.8446,67.7784
/localization/pose_estimator/pose_with_covariance,156124583965,70.8116,67.8115
/localization/pose_estimator/pose_with_covariance,156174583966,70.8524,67.7809
/localization/pose_estimator/pose_with_covariance,156224583966,70.8128,67.8202
/localization/pose_estimator/pose_with_covariance,156274583967,70.8304,67.7758
/localization/pose_estimator/pose_with_covariance,156324583968,70.8134,67.8244
/localization/pose_estimator/pose_with_covariance,156374583968,70.8294,67.7886
/localization/pose_estimator/pose_with_covariance,156424583969,70.8293,67.8120
/localization/pose_estimator/pose_with_covariance,156474583970,70.8333,67.7825
/localization/pose_estimator/pose_with_covariance,156524583971,70.8215,67.8093
/localization/pose_estimator/pose_with_covariance,156574583971,70.8409,67.7731
/localization/pose_estimator/pose_with_covariance,156624583972,70.8075,67.8125
/localization/pose_estimator/pose_with_covariance,156674583973,70.8306,67.7869
/localization/pose_estimator/pose_with_covariance,156724583974,70.8129,67.8153
/localization/pose_estimator/pose_with_covariance,156774583974,70.8375,67.7783
/localization/pose_estimator/pose_with_covariance,156824583975,70.8035,67.8231
/localization/pose_estimator/pose_with_covariance,156874583976,70.8450,67.7739
/localization/pose_estimator/pose_with_covariance,156924583977,70.7995,67.8051
/localization/pose_estimator/pose_with_covariance,156974583977,70.8290,67.7881
/localization/pose_estimator/pose_with_covariance,157024583978,70.8048,67.8095
/localization/pose_estimator/pose_with_covariance,157074583979,70.8633,67.7957
/localization/pose_estimator/pose_with_covariance,157124583980,70.8177,67.8120
/localization/pose_estimator/pose_with_covariance,157174583980,70.8443,67.7885
/localization/pose_estimator/pose_with_covariance,157224583981,70.8147,67.8157
/localization/pose_estimator/pose_with_covariance,157274583982,70.8413,67.7804
/localization/pose_estimator/pose_with_covariance,157324583983,70.8180,67.8169
/localization/pose_estimator/pose_with_covariance,157374583983,70.8557,67.7827
/localization/pose_estimator/pose_with_covariance,157424583984,70.8035,67.8116
/localization/pose_estimator/pose_with_covariance,157474583985,70.8365,67.7877
/localization/pose_estimator/pose_with_covariance,157524583986,70.8092,67.8086
/localization/pose_estimator/pose_with_covariance,157574583986,70.8533,67.7861
/localization/pose_estimator/pose_with_covariance,157624583987,70.8188,67.8168
/localization/pose_estimator/pose_with_covariance,157674583988,70.8361,67.7953
/localization/pose_estimator/pose_with_covariance,157724583989,70.8167,67.7955
/localization/pose_estimator/pose_with_covariance,157774583989,70.8369,67.7841
/localization/pose_estimator/pose_with_covariance,157824583990,70.8182,67.8236
/localization/pose_estimator/pose_with_covariance,157874583991,70.8430,67.7886
/localization/pose_estimator/pose_with_covariance,157924583992,70.8147,67.8158
/localization/pose_estimator/pose_with_covariance,157974583992,70.8530,67.7992
/localization/pose_estimator/pose_with_covariance,158024583993,70.7966,67.8099
/localization/pose_estimator/pose_with_covariance,158074583994,70.8294,67.7838
/localization/pose_estimator/pose_with_covariance,158124583995,70.8057,67.8200
/localization/pose_estimator/pose_with_covariance,158174583995,70.8463,67.7815
/localization/pose_estimator/pose_with_covariance,158224583996,70.8031,67.8137
/localization/pose_estimator/pose_with_covariance,158274583997,70.8428,67.7730
/localization/pose_estimator/pose_with_covariance,158324583998,70.8059,67.8218
/localization/pose_estimator/pose_with_covariance,158374583998,70.8456,67.7806
/localization/pose_estimator/pose_with_covariance,158424583999,70.8130,67.8139
/localization/pose_estimator/pose_with_covariance,158474584000,70.8479,67.7784
/localization/pose_estimator/pose_with_covariance,158524584001,70.8169,67.8076
/localization/pose_estimator/pose_with_covariance,158574584001,70.8517,67.7775
/localization/pose_estimator/pose_with_covariance,158624584002,70.8248,67.8209
/localization/pose_estimator/pose_with_covariance,158674584003,70.8299,67.7832
/localization/pose_estimator/pose_with_covariance,158724584004,70.8250,67.8059
/localization/pose_estimator/pose_with_covariance,158774584004,70.8234,67.7981
/localization/pose_estimator/pose_with_covariance,158824584005,70.8104,67.8139
/localization/pose_estimator/pose_with_covariance,158874584006,70.8441,67.7833
/localization/pose_estimator/pose_with_covariance,158924584006,70.8063,67.8197
/localization/pose_estimator/pose_with_covariance,158974584007,70.8433,67.7821
/localization/pose_estimator/pose_with_covariance,159024584008,70.8026,67.8123
/localization/pose_estimator/pose_with_covariance,159074584009,70.8342,67.7700
/localization/pose_estimator/pose_with_covariance,159124584009,70.8060,67.8119
/localization/pose_estimator/pose_with_covariance,159174584010,70.8598,67.7790
/localization/pose_estimator/pose_with_covariance,159224584011,70.8170,67.8276
/localization/pose_estimator/pose_with_covariance,159274584012,70.8290,67.7766
/localization/pose_estimator/pose_with_covariance,159324584012,70.8177,67.8193
/localization/pose_estimator/pose_with_covariance,159374584013,70.8488,67.7742
/localization/pose_estimator/pose_with_covariance,159424584014,70.8077,67.8104
/localization/pose_estimator/pose_with_covariance,159474584015,70.8705,67.7678
/localization/pose_estimator/pose_with_covariance,159524584015,70.8142,67.8196
/localization/pose_estimator/pose_with_covariance,159574584016,70.8488,67.7776
/localization/pose_estimator/pose_with_covariance,159624584017,70.8029,67.8120
/localization/pose_estimator/pose_with_covariance,159674584018,70.8324,67.7829
/localization/pose_estimator/pose_with_covariance,159724584018,70.8060,67.8181
/localization/pose_estimator/pose_with_covariance,159774584019,70.8459,67.7782
/localization/pose_estimator/pose_with_covariance,159824584020,70.8180,67.8293
/localization/pose_estimator/pose_with_covariance,159874584021,70.8202,67.7783
/localization/pose_estimator/pose_with_covariance,159924584021,70.7954,67.8008
/localization/pose_estimator/pose_with_covariance,159974584022,70.8519,67.7817
/localization/pose_estimator/pose_with_covariance,160024584023,70.8131,67.8103
/localization/pose_estimator/pose_with_covariance,160074584024,70.8592,67.7856
/localization/pose_estimator/pose_with_covariance,160124584024,70.8157,67.8202
/localization/pose_estimator/pose_with_covariance,160174584025,70.8303,67.7834
/localization/pose_estimator/pose_with_covariance,160224584026,70.8063,67.8070
/localization/pose_estimator/pose_with_covariance,160274584027,70.8414,67.7680
/localization/pose_estimator/pose_with_covariance,160324584027,70.8179,67.8170
/localization/pose_estimator/pose_with_covariance,160374584028,70.8413,67.7768
/localization/pose_estimator/pose_with_covariance,160424584029,70.7977,67.8239
/localization/pose_estimator/pose_with_covariance,160474584030,70.8463,67.7824
/localization/pose_estimator/pose_with_covariance,160524584030,70.8020,67.8253
/localization/pose_estimator/pose_with_covariance,160574584031,70.8425,67.7834
/localization/pose_estimator/pose_with_covariance,160624584032,70.8085,67.8088
/localization/pose_estimator/pose_with_covariance,160674584033,70.8434,67.7747
/localization/pose_estimator/pose_with_covariance,160724584033,70.8137,67.8105
/localization/pose_estimator/pose_with_covariance,160774584034,70.8372,67.7743
/localization/pose_estimator/pose_with_covariance,160824584035,70.8161,67.8116
/localization/pose_estimator/pose_with_covariance,160874584036,70.8613,67.7859
/localization/pose_estimator/pose_with_covariance,160924584036,70.8140,67.7961
/localization/pose_estimator/pose_with_covariance,160974584037,70.8524,67.7827
/localization/pose_estimator/pose_with_covariance,161024584038,70.8023,67.8123
/localization/pose_estimator/pose_with_covariance,161074584039,70.8359,67.7905
/localization/pose_estimator/pose_with_covariance,161124584039,70.8083,67.8056
/localization/pose_estimator/pose_with_covariance,161174584040,70.8458,67.7814
/localization/pose_estimator/pose_with_covariance,161224584041,70.8111,67.8132
/localization/pose_estimator/pose_with_covariance,161274584042,70.8512,67.7806
/localization/pose_estimator/pose_with_covariance,161324584042,70.8108,67.8063
/localization/pose_estimator/pose_with_covariance,161374584043,70.8436,67.7785
/localization/pose_estimator/pose_with_covariance,161424584044,70.8005,67.8268
/localization/pose_estimator/pose_with_covariance,161474584044,70.8455,67.7736
/localization/pose_estimator/pose_with_covariance,161524584045,70.8013,67.8147
/localization/pose_estimator/pose_with_covariance,161574584046,70.8345,67.7851
/localization/pose_estimator/pose_with_covariance,161624584047,70.8210,67.8209
/localization/pose_estimator/pose_with_covariance,161674584047,70.8427,67.7767
/localization/pose_estimator/pose_with_covariance,161724584048,70.8159,67.8084
/localization/pose_estimator/pose_with_covariance,161774584049,70.8333,67.7941
/localization/pose_estimator/pose_with_covariance,161824584050,70.8050,67.8174
/localization/pose_estimator/pose_with_covariance,161874584050,70.8391,67.7904
/localization/pose_estimator/pose_with_covariance,161924584051,70.8171,67.8153
/localization/pose_estimator/pose_with_covariance,161974584052,70.8452,67.7748
/localization/pose_estimator/pose_with_covariance,162024584053,70.8216,67.8077
/localization/pose_estimator/pose_with_covariance,162074584053,70.8374,67.7784
/localization/pose_estimator/pose_with_covariance,162124584054,70.8180,67.8090
/localization/pose_estimator/pose_with_covariance,162174584055,70.8350,67.7828
/localization/pose_estimator/pose_with_covariance,162224584056,70.8119,67.8230
/localization/pose_estimator/pose_with_covariance,162274584056,70.8471,67.7874
/localization/pose_estimator/pose_with_covariance,162324584057,70.8175,67.8181
/localization/pose_estimator/pose_with_covariance,162374584058,70.8476,67.7815
/localization/pose_estimator/pose_with_covariance,162424584059,70.8230,67.7974
/localization/pose_estimator/pose_with_covariance,162474584059,70.8436,67.7800
/localization/pose_estimator/pose_with_covariance,162524584060,70.8118,67.8080
/localization/pose_estimator/pose_with_covariance,162574584061,70.8525,67.7809
/localization/pose_estimator/pose_with_covariance,162624584062,70.8308,67.8284
/localization/pose_estimator/pose_with_covariance,162674584062,70.8233,67.7895
/localization/pose_estimator/pose_with_covariance,162724584063,70.8287,67.7944
/localization/pose_estimator/pose_with_covariance,162774584064,70.8444,67.7812
/localization/pose_estimator/pose_with_covariance,162824584065,70.8055,67.8260
/localization/pose_estimator/pose_with_covariance,162874584065,70.8427,67.7896
/localization/pose_estimator/pose_with_covariance,162924584066,70.8286,67.8274
/localization/pose_estimator/pose_with_covariance,162974584067,70.8457,67.7903
/localization/pose_estimator/pose_with_covariance,163024584068,70.8186,67.8103
/localization/pose_estimator/pose_with_covariance,163074584068,70.8493,67.7758
/localization/pose_estimator/pose_with_covariance,163124584069,70.8028,67.8188
/localization/pose_estimator/pose_with_covariance,163174584070,70.8504,67.7878
/localization/pose_estimator/pose_with_covariance,163224584071,70.8273,67.8094
/localization/pose_estimator/pose_with_covariance,163274584071,70.8403,67.7843
/localization/pose_estimator/pose_with_covariance,163324584072,70.8067,67.8310
/localization/pose_estimator/pose_with_covariance,163374584073,70.8442,67.7907
/localization/pose_estimator/pose_with_covariance,163424584074,70.8105,67.8032
/localization/pose_estimator/pose_with_covariance,163474584074,70.8477,67.7816
/localization/pose_estimator/pose_with_covariance,163524584075,70.8239,67.8234
/localization/pose_estimator/pose_with_covariance,163574584076,70.8315,67.7954
/localization/pose_estimator/pose_with_covariance,163624584077,70.8216,67.8196
/localization/pose_estimator/pose_with_covariance,163674584077,70.8277,67.7794
/localization/pose_estimator/pose_with_covariance,163724584078,70.8151,67.8108
/localization/pose_estimator/pose_with_covariance,163774584079,70.8406,67.7907
/localization/pose_estimator/pose_with_covariance,163824584080,70.8134,67.8251
/localization/pose_estimator/pose_with_covariance,163874584080,70.8509,67.7730
/localization/pose_estimator/pose_with_covariance,163924584081,70.8137,67.8094
/localization/pose_estimator/pose_with_covariance,163974584082,70.8364,67.7803
/localization/pose_estimator/pose_with_covariance,164024584082,70.8107,67.8218
/localization/pose_estimator/pose_with_covariance,164074584083,70.8384,67.7892
/localization/pose_estimator/pose_with_covariance,164124584084,70.8055,67.8049
/localization/pose_estimator/pose_with_covariance,164174584085,70.8350,67.7646
/localization/pose_estimator/pose_with_covariance,164224584085,70.8109,67.8057
/localization/pose_estimator/pose_with_covariance,164274584086,70.8522,67.7801
/localization/pose_estimator/pose_with_covariance,164324584087,70.8082,67.8238
/localization/pose_estimator/pose_with_covariance,164374584088,70.8661,67.7705
/localization/pose_estimator/pose_with_covariance,164424584088,70.8091,67.8255
/localization/pose_estimator/pose_with_covariance,164474584089,70.8446,67.7895
/localization/pose_estimator/pose_with_covariance,164524584090,70.8224,67.8183
/localization/pose_estimator/pose_with_covariance,164574584091,70.8501,67.7760
/localization/pose_estimator/pose_with_covariance,164624584091,70.8168,67.8110
/localization/pose_estimator/pose_with_covariance,164674584092,70.8449,67.7740
/localization/pose_estimator/pose_with_covariance,164724584093,70.8279,67.8192
/localization/pose_estimator/pose_with_covariance,164774584094,70.8482,67.7813
/localization/pose_estimator/pose_with_covariance,164824584094,70.8036,67.7819
/localization/pose_estimator/pose_with_covariance,164874584095,70.8291,67.7767
/localization/pose_estimator/pose_with_covariance,164924584096,70.8141,67.8249
/localization/pose_estimator/pose_with_covariance,164974584097,70.8368,67.7929
/localization/pose_estimator/pose_with_covariance,165024584097,70.8068,67.8229
/localization/pose_estimator/pose_with_covariance,165074584098,70.8490,67.7738
/localization/pose_estimator/pose_with_covariance,165124584099,70.7904,67.8065
/localization/pose_estimator/pose_with_covariance,165174584100,70.8399,67.7817
/localization/pose_estimator/pose_with_covariance,165224584100,70.8076,67.8260
/localization/pose_estimator/pose_with_covariance,165274584101,70.8471,67.7869
/localization/pose_estimator/pose_with_covariance,165324584102,70.8004,67.8112
/localization/pose_estimator/pose_with_covariance,165374584103,70.8439,67.7951
/localization/pose_estimator/pose_with_covariance,165424584103,70.7994,67.8173
/localization/pose_estimator/pose_with_covariance,165474584104,70.8417,67.7891
/localization/pose_estimator/pose_with_covariance,165524584105,70.8295,67.8193
/localization/pose_estimator/pose_with_covariance,165574584106,70.8478,67.7831
/localization/pose_estimator/pose_with_covariance,165624584106,70.8110,67.8143
/localization/pose_estimator/pose_with_covariance,165674584107,70.8445,67.7840
/localization/pose_estimator/pose_with_covariance,165724584108,70.7893,67.8186
/localization/pose_estimator/pose_with_covariance,165774584109,70.8506,67.7873
/localization/pose_estimator/pose_with_covariance,165824584109,70.8191,67.8218
/localization/pose_estimator/pose_with_covariance,165874584110,70.8341,67.7742
/localization/pose_estimator/pose_with_covariance,165924584111,70.8114,67.8242
/localization/pose_estimator/pose_with_covariance,165974584112,70.8499,67.7786
/localization/pose_estimator/pose_with_covariance,166024584112,70.8045,67.8170
/localization/pose_estimator/pose_with_covariance,166074584113,70.8285,67.7818
/localization/pose_estimator/pose_with_covariance,166124584114,70.8098,67.8233
/localization/pose_estimator/pose_with_covariance,166174584115,70.8551,67.7775
/localization/pose_estimator/pose_with_covariance,166224584115,70.8009,67.8263
/localization/pose_estimator/pose_with_covariance,166274584116,70.8514,67.7853
/localization/pose_estimator/pose_with_covariance,166324584117,70.8213,67.8105
/localization/pose_estimator/pose_with_covariance,166374584117,70.8618,67.7782
/localization/pose_estimator/pose_with_covariance,166424584118,70.7955,67.8227
/localization/pose_estimator/pose_with_covariance,166474584119,70.8609,67.7870
/localization/pose_estimator/pose_with_covariance,166524584120,70.7980,67.8118
/localization/pose_estimator/pose_with_covariance,166574584120,70.8390,67.7997
/localization/pose_estimator/pose_with_covariance,166624584121,70.8369,67.8192
/localization/pose_estimator/pose_with_covariance,166674584122,70.8323,67.7983
/localization/pose_estimator/pose_with_covariance,166724584123,70.7979,67.8160
/localization/pose_estimator/pose_with_covariance,166774584123,70.8318,67.7802
/localization/pose_estimator/pose_with_covariance,166824584124,70.7926,67.8199
/localization/pose_estimator/pose_with_covariance,166874584125,70.8402,67.7819
/localization/pose_estimator/pose_with_covariance,166924584126,70.8024,67.8191
/localization/pose_estimator/pose_with_covariance,166974584126,70.8641,67.7705
/localization/pose_estimator/pose_with_covariance,167024584127,70.8087,67.8128
/localization/pose_estimator/pose_with_covariance,167074584128,70.8284,67.7886
/localization/pose_estimator/pose_with_covariance,167124584129,70.8234,67.8145
/localization/pose_estimator/pose_with_covariance,167174584129,70.8568,67.7813
/localization/pose_estimator/pose_with_covariance,167224584130,70.8012,67.8174
/localization/pose_estimator/pose_with_covariance,167274584131,70.8315,67.7836
/localization/pose_estimator/pose_with_covariance,167324584132,70.8093,67.8262
/localization/pose_estimator/pose_with_covariance,167374584132,70.8212,67.7965
/localization/pose_estimator/pose_with_covariance,167424584133,70.8085,67.8317
/localization/pose_estimator/pose_with_covariance,167474584134,70.8373,67.7811
/localization/pose_estimator/pose_with_covariance,167524584135,70.8091,67.8140
/localization/pose_estimator/pose_with_covariance,167574584135,70.8552,67.7936
/localization/pose_estimator/pose_with_covariance,167624584136,70.8277,67.8081
/localization/pose_estimator/pose_with_covariance,167674584137,70.8518,67.7771
/localization/pose_estimator/pose_with_covariance,167724584138,70.8103,67.8291
/localization/pose_estimator/pose_with_covariance,167774584138,70.8524,67.7878
/localization/pose_estimator/pose_with_covariance,167824584139,70.8085,67.8042
/localization/pose_estimator/pose_with_covariance,167874584140,70.8384,67.7850
/localization/pose_estimator/pose_with_covariance,167924584141,70.8158,67.8170
/localization/pose_estimator/pose_with_covariance,167974584141,70.8529,67.7738
/localization/pose_estimator/pose_with_covariance,168024584142,70.8177,67.8070
/localization/pose_estimator/pose_with_covariance,168074584143,70.8482,67.7825
/localization/pose_estimator/pose_with_covariance,168124584144,70.8145,67.8258
/localization/pose_estimator/pose_with_covariance,168174584144,70.8444,67.7858
/localization/pose_estimator/pose_with_covariance,168224584145,70.8208,67.8080
/localization/pose_estimator/pose_with_covariance,168274584146,70.8412,67.7822
/localization/pose_estimator/pose_with_covariance,168324584147,70.8006,67.8169
/localization/pose_estimator/pose_with_covariance,168374584147,70.8522,67.7769
/localization/pose_estimator/pose_with_covariance,168424584148,70.8147,67.8086
/localization/pose_estimator/pose_with_covariance,168474584149,70.8421,67.7829
/localization/pose_estimator/pose_with_covariance,168524584150,70.8069,67.8173
/localization/pose_estimator/pose_with_covariance,168574584150,70.8257,67.7863
/localization/pose_estimator/pose_with_covariance,168624584151,70.8369,67.8147
/localization/pose_estimator/pose_with_covariance,168674584152,70.8443,67.7743
/localization/pose_estimator/pose_with_covariance,168724584153,70.8299,67.8241
/localization/pose_estimator/pose_with_covariance,168774584153,70.8354,67.8005
/localization/pose_estimator/pose_with_covariance,168824584154,70.8024,67.8026
/localization/pose_estimator/pose_with_covariance,168874584155,70.8397,67.7841
/localization/pose_estimator/pose_with_covariance,168924584155,70.8117,67.8014
/localization/pose_estimator/pose_with_covariance,168974584156,70.8442,67.7981
/localization/pose_estimator/pose_with_covariance,169024584157,70.8183,67.8274
/localization/pose_estimator/pose_with_covariance,169074584158,70.8313,67.7906
/localization/pose_estimator/pose_with_covariance,169124584158,70.8180,67.8249
/localization/pose_estimator/pose_with_covariance,169174584159,70.8447,67.7815
/localization/pose_estimator/pose_with_covariance,169224584160,70.8172,67.8321
/localization/pose_estimator/pose_with_covariance,169274584161,70.8428,67.7861
/localization/pose_estimator/pose_with_covariance,169324584161,70.8010,67.8046
/localization/pose_estimator/pose_with_covariance,169374584162,70.8479,67.7831
/localization/pose_estimator/pose_with_covariance,169424584163,70.8097,67.8228
/localization/pose_estimator/pose_with_covariance,169474584164,70.8391,67.7759
/localization/pose_estimator/pose_with_covariance,169524584164,70.8182,67.8160
/localization/pose_estimator/pose_with_covariance,169574584165,70.8498,67.7839
/localization/pose_estimator/pose_with_covariance,169624584166,70.8177,67.8340
/localization/pose_estimator/pose_with_covariance,169674584167,70.8347,67.7766
/localization/pose_estimator/pose_with_covariance,169724584167,70.8052,67.8125
/localization/pose_estimator/pose_with_covariance,169774584168,70.8432,67.7824
/localization/pose_estimator/pose_with_covariance,169824584169,70.8190,67.8184
/localization/pose_estimator/pose_with_covariance,169874584170,70.8637,67.7712
/localization/pose_estimator/pose_with_covariance,169924584170,70.8087,67.8195
/localization/pose_estimator/pose_with_covariance,169974584171,70.8380,67.7899
/localization/pose_estimator/pose_with_covariance,170024584172,70.8091,67.8335
/localization/pose_estimator/pose_with_covariance,170074584173,70.8388,67.7825
/localization/pose_estimator/pose_with_covariance,170124584173,70.8169,67.8148
/localization/pose_estimator/pose_with_covariance,170174584174,70.8460,67.7824
/localization/pose_estimator/pose_with_covariance,170224584175,70.8162,67.8108
/localization/pose_estimator/pose_with_covariance,170274584176,70.8550,67.7780
/localization/pose_estimator/pose_with_covariance,170324584176,70.8088,67.8096
/localization/pose_estimator/pose_with_covariance,170374584177,70.8480,67.7708
/localization/pose_estimator/pose_with_covariance,170424584178,70.8197,67.8182
/localization/pose_estimator/pose_with_covariance,170474584179,70.8213,67.7764
/localization/pose_estimator/pose_with_covariance,170524584179,70.8193,67.8297
/localization/pose_estimator/pose_with_covariance,170574584180,70.8457,67.7839
/localization/pose_estimator/pose_with_covariance,170624584181,70.7935,67.8173
/localization/pose_estimator/pose_with_covariance,170674584182,70.8208,67.7697
/localization/pose_estimator/pose_with_covariance,170724584182,70.7998,67.8065
/localization/pose_estimator/pose_with_covariance,170774584183,70.8318,67.8074
/localization/pose_estimator/pose_with_covariance,170824584184,70.8181,67.7980
/localization/pose_estimator/pose_with_covariance,170874584185,70.8309,67.7852
/localization/pose_estimator/pose_with_covariance,170924584185,70.8128,67.8197
/localization/pose_estimator/pose_with_covariance,170974584186,70.8433,67.7812
/localization/pose_estimator/pose_with_covariance,171024584187,70.8021,67.8105
/localization/pose_estimator/pose_with_covariance,171074584188,70.8442,67.7804
/localization/pose_estimator/pose_with_covariance,171124584188,70.8150,67.8264
/localization/pose_estimator/pose_with_covariance,171174584189,70.8443,67.7668
/localization/pose_estimator/pose_with_covariance,171224584190,70.8109,67.8022
/localization/pose_estimator/pose_with_covariance,171274584191,70.8429,67.7940
/localization/pose_estimator/pose_with_covariance,171324584191,70.8067,67.8095
/localization/pose_estimator/pose_with_covariance,171374584192,70.8429,67.7890
/localization/pose_estimator/pose_with_covariance,171424584193,70.8136,67.8149
/localization/pose_estimator/pose_with_covariance,171474584193,70.8485,67.7907
/localization/pose_estimator/pose_with_covariance,171524584194,70.7912,67.8149
/localization/pose_estimator/pose_with_covariance,171574584195,70.8670,67.7863
/localization/pose_estimator/pose_with_covariance,171624584196,70.8129,67.8298
/localization/pose_estimator/pose_with_covariance,171674584196,70.8467,67.7962
/localization/pose_estimator/pose_with_covariance,171724584197,70.8044,67.8086
/localization/pose_estimator/pose_with_covariance,171774584198,70.8421,67.7883
/localization/pose_estimator/pose_with_covariance,171824584199,70.8201,67.8035
/localization/pose_estimator/pose_with_covariance,171874584199,70.8300,67.7842
/localization/pose_estimator/pose_with_covariance,171924584200,70.8173,67.8187
/localization/pose_estimator/pose_with_covariance,171974584201,70.8445,67.7887
/localization/pose_estimator/pose_with_covariance,172024584202,70.7995,67.8233
/localization/pose_estimator/pose_with_covariance,172074584202,70.8312,67.7833
/localization/pose_estimator/pose_with_covariance,172124584203,70.8088,67.8078
/localization/pose_estimator/pose_with_covariance,172174584204,70.8426,67.7831
/localization/pose_estimator/pose_with_covariance,172224584205,70.8023,67.8064
/localization/pose_estimator/pose_with_covariance,172274584205,70.8364,67.7902
/localization/pose_estimator/pose_with_covariance,172324584206,70.8127,67.8103
/localization/pose_estimator/pose_with_covariance,172374584207,70.8391,67.7822
/localization/pose_estimator/pose_with_covariance,172424584208,70.7899,67.8264
/localization/pose_estimator/pose_with_covariance,172474584208,70.8389,67.7824
/localization/pose_estimator/pose_with_covariance,172524584209,70.8168,67.8102
/localization/pose_estimator/pose_with_covariance,172574584210,70.8624,67.7906
/localization/pose_estimator/pose_with_covariance,172624584211,70.8000,67.8117
/localization/pose_estimator/pose_with_covariance,172674584211,70.8310,67.7821
/localization/pose_estimator/pose_with_covariance,172724584212,70.8156,67.7999
/localization/pose_estimator/pose_with_covariance,172774584213,70.8227,67.7821
/localization/pose_estimator/pose_with_covariance,172824584214,70.7961,67.8113
/localization/pose_estimator/pose_with_covariance,172874584214,70.8507,67.7754
/localization/pose_estimator/pose_with_covariance,172924584215,70.7988,67.8197
/localization/pose_estimator/pose_with_covariance,172974584216,70.8355,67.7870
/localization/pose_estimator/pose_with_covariance,173024584217,70.8223,67.7975
/localization/pose_estimator/pose_with_covariance,173074584217,70.8320,67.7800
/localization/pose_estimator/pose_with_covariance,173124584218,70.8226,67.7979
/localization/pose_estimator/pose_with_covariance,173174584219,70.8473,67.7631
/localization/pose_estimator/pose_with_covariance,173224584220,70.8061,67.8189
/localization/pose_estimator/pose_with_covariance,173274584220,70.8557,67.7792
/localization/pose_estimator/pose_with_covariance,173324584221,70.8249,67.8248
/localization/pose_estimator/pose_with_covariance,173374584222,70.8214,67.7809
/localization/pose_estimator/pose_with_covariance,173424584223,70.8178,67.8185
/localization/pose_estimator/pose_with_covariance,173474584223,70.8431,67.7747
/localization/pose_estimator/pose_with_covariance,173524584224,70.8098,67.8152
/localization/pose_estimator/pose_with_covariance,173574584225,70.8640,67.7761
/localization/pose_estimator/pose_with_covariance,173624584226,70.8079,67.8200
/localization/pose_estimator/pose_with_covariance,173674584226,70.8453,67.7749
/localization/pose_estimator/pose_with_covariance,173724584227,70.8086,67.8172
/localization/pose_estimator/pose_with_covariance,173774584228,70.8495,67.7866
/localization/pose_estimator/pose_with_covariance,173824584229,70.8049,67.8114
/localization/pose_estimator/pose_with_covariance,173874584229,70.8382,67.7815
/localization/pose_estimator/pose_with_covariance,173924584230,70.8022,67.8231
/localization/pose_estimator/pose_with_covariance,173974584231,70.8246,67.7847
/localization/pose_estimator/pose_with_covariance,174024584231,70.8189,67.8096
/localization/pose_estimator/pose_with_covariance,174074584232,70.8476,67.7834
/localization/pose_estimator/pose_with_covariance,174124584233,70.8113,67.8015
/localization/pose_estimator/pose_with_covariance,174174584234,70.8350,67.7819
/localization/pose_estimator/pose_with_covariance,174224584234,70.8154,67.8138
/localization/pose_estimator/pose_with_covariance,174274584235,70.8542,67.7710
/localization/pose_estimator/pose_with_covariance,174324584236,70.8122,67.8214
/localization/pose_estimator/pose_with_covariance,174374584237,70.8489,67.7830
/localization/pose_estimator/pose_with_covariance,174424584237,70.8104,67.8114
/localization/pose_estimator/pose_with_covariance,174474584238,70.8480,67.7785
/localization/pose_estimator/pose_with_covariance,174524584239,70.8116,67.8242
/localization/pose_estimator/pose_with_covariance,174574584240,70.8355,67.7848
/localization/pose_estimator/pose_with_covariance,174624584240,70.8166,67.8077
/localization/pose_estimator/pose_with_covariance,174674584241,70.8283,67.7896
/localization/pose_estimator/pose_with_covariance,174724584242,70.8055,67.8119
/localization/pose_estimator/pose_with_covariance,174774584243,70.8413,67.7848
/localization/pose_estimator/pose_with_covariance,174824584243,70.8128,67.8166
/localization/pose_estimator/pose_with_covariance,174874584244,70.8447,67.7760
/localization/pose_estimator/pose_with_covariance,174924584245,70.8115,67.8313
/localization/pose_estimator/pose_with_covariance,174974584246,70.8461,67.7784
/localization/pose_estimator/pose_with_covariance,175024584246,70.8026,67.8218
/localization/pose_estimator/pose_with_covariance,175074584247,70.8664,67.7791
/localization/pose_estimator/pose_with_covariance,175124584248,70.7990,67.8272
/localization/pose_estimator/pose_with_covariance,175174584249,70.8478,67.7862
/localization/pose_estimator/pose_with_covariance,175224584249,70.8018,67.8231
/localization/pose_estimator/pose_with_covariance,175274584250,70.8414,67.7702
/localization/pose_estimator/pose_with_covariance,175324584251,70.8281,67.8112
/localization/pose_estimator/pose_with_covariance,175374584252,70.8491,67.7776
/localization/pose_estimator/pose_with_covariance,175424584252,70.8174,67.8121
/localization/pose_estimator/pose_with_covariance,175474584253,70.8532,67.7736
/localization/pose_estimator/pose_with_covariance,175524584254,70.8017,67.8029
/localization/pose_estimator/pose_with_covariance,175574584255,70.8368,67.7716
/localization/pose_estimator/pose_with_covariance,175624584255,70.8131,67.8170
/localization/pose_estimator/pose_with_covariance,175674584256,70.8402,67.7835
/localization/pose_estimator/pose_with_covariance,175724584257,70.7943,67.8316
/localization/pose_estimator/pose_with_covariance,175774584258,70.8444,67.7737
/localization/pose_estimator/pose_with_covariance,175824584258,70.7941,67.8127
/localization/pose_estimator/pose_with_covariance,175874584259,70.8393,67.7857
/localization/pose_estimator/pose_with_covariance,175924584260,70.8173,67.8152
/localization/pose_estimator/pose_with_covariance,175974584261,70.8545,67.7848
/localization/pose_estimator/pose_with_covariance,176024584261,70.8107,67.8284
/localization/pose_estimator/pose_with_covariance,176074584262,70.8495,67.7881
/localization/pose_estimator/pose_with_covariance,176124584263,70.8107,67.8112
/localization/pose_estimator/pose_with_covariance,176174584264,70.8523,67.7805
/localization/pose_estimator/pose_with_covariance,176224584264,70.8227,67.8195
/localization/pose_estimator/pose_with_covariance,176274584265,70.8323,67.7876
/localization/pose_estimator/pose_with_covariance,176324584266,70.8049,67.8148
/localization/pose_estimator/pose_with_covariance,176374584267,70.8305,67.7905
/localization/pose_estimator/pose_with_covariance,176424584267,70.8109,67.8165
/localization/pose_estimator/pose_with_covariance,176474584268,70.8379,67.7686
/localization/pose_estimator/pose_with_covariance,176524584269,70.8120,67.8043
/localization/pose_estimator/pose_with_covariance,176574584269,70.8606,67.7682
/localization/pose_estimator/pose_with_covariance,176624584270,70.8029,67.8127
/localization/pose_estimator/pose_with_covariance,176674584271,70.8405,67.7826
/localization/pose_estimator/pose_with_covariance,176724584272,70.8194,67.8061
/localization/pose_estimator/pose_with_covariance,176774584272,70.8483,67.7853
/localization/pose_estimator/pose_with_covariance,176824584273,70.8122,67.8214
/localization/pose_estimator/pose_with_covariance,176874584274,70.8489,67.7642
/localization/pose_estimator/pose_with_covariance,176924584275,70.8139,67.8151
/localization/pose_estimator/pose_with_covariance,176974584275,70.8290,67.7824
/localization/pose_estimator/pose_with_covariance,177024584276,70.8196,67.8198
/localization/pose_estimator/pose_with_covariance,177074584277,70.8500,67.7803
/localization/pose_estimator/pose_with_covariance,177124584278,70.8049,67.8102
/localization/pose_estimator/pose_with_covariance,177174584278,70.8499,67.7850
/localization/pose_estimator/pose_with_covariance,177224584279,70.7989,67.7986
/localization/pose_estimator/pose_with_covariance,177274584280,70.8448,67.7877
/localization/pose_estimator/pose_with_covariance,177324584281,70.7995,67.8119
/localization/pose_estimator/pose_with_covariance,177374584281,70.8507,67.7820
/localization/pose_estimator/pose_with_covariance,177424584282,70.8142,67.8108
/localization/pose_estimator/pose_with_covariance,177474584283,70.8457,67.7665
/localization/pose_estimator/pose_with_covariance,177524584284,70.8195,67.8283
/localization/pose_estimator/pose_with_covariance,177574584284,70.8408,67.7852
/localization/pose_estimator/pose_with_covariance,177624584285,70.8016,67.8090
/localization/pose_estimator/pose_with_covariance,177674584286,70.8250,67.7747
/localization/pose_estimator/pose_with_covariance,177724584287,70.8152,67.8225
/localization/pose_estimator/pose_with_covariance,177774584287,70.8425,67.7865
/localization/pose_estimator/pose_with_covariance,177824584288,70.8034,67.8199
/localization/pose_estimator/pose_with_covariance,177874584289,70.8254,67.7670
/localization/pose_estimator/pose_with_covariance,177924584290,70.8121,67.8225
/localization/pose_estimator/pose_with_covariance,177974584290,70.8427,67.7863
/localization/pose_estimator/pose_with_covariance,178024584291,70.8192,67.8067
/localization/pose_estimator/pose_with_covariance,178074584292,70.8436,67.7832
