topic,source_header_ns,published_ns
/control/command/control_cmd/debug/published_time,29824582083,1785825877192076127
/control/command/control_cmd/debug/published_time,29874582083,1785825877242795325
/control/command/control_cmd/debug/published_time,29924582084,1785825877291622516
/control/command/control_cmd/debug/published_time,29974582085,1785825877342164230
/control/command/control_cmd/debug/published_time,30024582086,1785825877392033286
/control/command/control_cmd/debug/published_time,30074582086,1785825877441751386
/control/command/control_cmd/debug/published_time,30124582087,1785825877492180128
/control/command/control_cmd/debug/published_time,30174582088,1785825877542084446
/control/command/control_cmd/debug/published_time,30224582089,1785825877592665105
/control/command/control_cmd/debug/published_time,30274582089,1785825877642400706
/control/command/control_cmd/debug/published_time,30324582090,1785825877692786886
/control/command/control_cmd/debug/published_time,30374582091,1785825877743789243
/control/command/control_cmd/debug/published_time,30424582092,1785825877793265194
/control/command/control_cmd/debug/published_time,30474582092,1785825877842791158
/control/command/control_cmd/debug/published_time,30524582093,1785825877892750889
/control/command/control_cmd/debug/published_time,30574582094,1785825877943775291
/control/command/control_cmd/debug/published_time,30624582095,1785825877992730218
/control/command/control_cmd/debug/published_time,30674582095,1785825878043323413
/control/command/control_cmd/debug/published_time,30724582096,1785825878093196261
/control/command/control_cmd/debug/published_time,30774582097,1785825878143930404
/control/command/control_cmd/debug/published_time,30824582098,1785825878193632097
/control/command/control_cmd/debug/published_time,30874582098,1785825878243374926
/control/command/control_cmd/debug/published_time,30924582099,1785825878293322697
/control/command/control_cmd/debug/published_time,30974582100,1785825878344000809
/control/command/control_cmd/debug/published_time,31024582101,1785825878393754104
/control/command/control_cmd/debug/published_time,31074582101,1785825878443642580
/control/command/control_cmd/debug/published_time,31124582102,1785825878493795193
/control/command/control_cmd/debug/published_time,31174582103,1785825878544420590
/control/command/control_cmd/debug/published_time,31224582104,1785825878593861918
/control/command/control_cmd/debug/published_time,31274582104,1785825878644590609
/control/command/control_cmd/debug/published_time,31324582105,1785825878695148171
/control/command/control_cmd/debug/published_time,31374582106,1785825878745257815
/control/command/control_cmd/debug/published_time,31424582107,1785825878794468092
/control/command/control_cmd/debug/published_time,31474582107,1785825878844590599
/control/command/control_cmd/debug/published_time,31524582108,1785825878895494795
/control/command/control_cmd/debug/published_time,31574582109,1785825878945548918
/control/command/control_cmd/debug/published_time,31624582110,1785825878994963596
/control/command/control_cmd/debug/published_time,31674582110,1785825879046760093
/control/command/control_cmd/debug/published_time,31724582111,1785825879095497900
/control/command/control_cmd/debug/published_time,31774582112,1785825879145493464
/control/command/control_cmd/debug/published_time,31824582113,1785825879195897641
/control/command/control_cmd/debug/published_time,31874582113,1785825879246151521
/control/command/control_cmd/debug/published_time,31924582114,1785825879296170796
/control/command/control_cmd/debug/published_time,31974582115,1785825879347457838
/control/command/control_cmd/debug/published_time,32024582116,1785825879396554660
/control/command/control_cmd/debug/published_time,32074582116,1785825879446028181
/control/command/control_cmd/debug/published_time,32124582117,1785825879495762041
/control/command/control_cmd/debug/published_time,32174582118,1785825879545906750
/control/command/control_cmd/debug/published_time,32224582119,1785825879596324507
/control/command/control_cmd/debug/published_time,32274582119,1785825879647393903
/control/command/control_cmd/debug/published_time,32324582120,1785825879696250387
/control/command/control_cmd/debug/published_time,32374582121,1785825879747308008
/control/command/control_cmd/debug/published_time,32424582121,1785825879796627764
/control/command/control_cmd/debug/published_time,32474582122,1785825879846651248
/control/command/control_cmd/debug/published_time,32524582123,1785825879897040780
/control/command/control_cmd/debug/published_time,32574582124,1785825879947475495
/control/command/control_cmd/debug/published_time,32624582124,1785825879996906154
/control/command/control_cmd/debug/published_time,32674582125,1785825880047285820
/control/command/control_cmd/debug/published_time,32724582126,1785825880097213840
/control/command/control_cmd/debug/published_time,32774582127,1785825880147373157
/control/command/control_cmd/debug/published_time,32824582127,1785825880197720635
/control/command/control_cmd/debug/published_time,32874582128,1785825880247550119
/control/command/control_cmd/debug/published_time,32924582129,1785825880298366715
/control/command/control_cmd/debug/published_time,32974582130,1785825880348176754
/control/command/control_cmd/debug/published_time,33024582130,1785825880398366016
/control/command/control_cmd/debug/published_time,33074582131,1785825880448320895
/control/command/control_cmd/debug/published_time,33124582132,1785825880497747411
/control/command/control_cmd/debug/published_time,33174582133,1785825880548968448
/control/command/control_cmd/debug/published_time,33224582133,1785825880598499668
/control/command/control_cmd/debug/published_time,33274582134,1785825880648529534
/control/command/control_cmd/debug/published_time,33324582135,1785825880698474378
/control/command/control_cmd/debug/published_time,33374582136,1785825880749092460
/control/command/control_cmd/debug/published_time,33424582136,1785825880798734634
/control/command/control_cmd/debug/published_time,33474582137,1785825880849063295
/control/command/control_cmd/debug/published_time,33524582138,1785825880898291326
/control/command/control_cmd/debug/published_time,33574582139,1785825880949178564
/control/command/control_cmd/debug/published_time,33624582139,1785825880999272746
/control/command/control_cmd/debug/published_time,33674582140,1785825881049527490
/control/command/control_cmd/debug/published_time,33724582141,1785825881099626841
/control/command/control_cmd/debug/published_time,33774582142,1785825881149600673
/control/command/control_cmd/debug/published_time,33824582142,1785825881199878732
/control/command/control_cmd/debug/published_time,33874582143,1785825881249817273
/control/command/control_cmd/debug/published_time,33924582144,1785825881300038320
/control/command/control_cmd/debug/published_time,33974582145,1785825881350707157
/control/command/control_cmd/debug/published_time,34024582145,1785825881399976270
/control/command/control_cmd/debug/published_time,34074582146,1785825881450492373
/control/command/control_cmd/debug/published_time,34124582147,1785825881501137327
/control/command/control_cmd/debug/published_time,34174582148,1785825881551381588
/control/command/control_cmd/debug/published_time,34224582148,1785825881600675257
/control/command/control_cmd/debug/published_time,34274582149,1785825881651002024
/control/command/control_cmd/debug/published_time,34324582150,1785825881700809409
/control/command/control_cmd/debug/published_time,34374582151,1785825881751340358
/control/command/control_cmd/debug/published_time,34424582151,1785825881801701906
/control/command/control_cmd/debug/published_time,34474582152,1785825881851122608
/control/command/control_cmd/debug/published_time,34524582153,1785825881901145595
/control/command/control_cmd/debug/published_time,34574582154,1785825881951203176
/control/command/control_cmd/debug/published_time,34624582154,1785825882001293859
/control/command/control_cmd/debug/published_time,34674582155,1785825882051835589
/control/command/control_cmd/debug/published_time,34724582156,1785825882101735176
/control/command/control_cmd/debug/published_time,34774582157,1785825882151807703
/control/command/control_cmd/debug/published_time,34824582157,1785825882202124108
/control/command/control_cmd/debug/published_time,34874582158,1785825882252267141
/control/command/control_cmd/debug/published_time,34924582159,1785825882302303930
/control/command/control_cmd/debug/published_time,34974582159,1785825882352139997
/control/command/control_cmd/debug/published_time,35024582160,1785825882402733028
/control/command/control_cmd/debug/published_time,35074582161,1785825882452704242
/control/command/control_cmd/debug/published_time,35124582162,1785825882502731721
/control/command/control_cmd/debug/published_time,35174582162,1785825882553392487
/control/command/control_cmd/debug/published_time,35224582163,1785825882603467903
/control/command/control_cmd/debug/published_time,35274582164,1785825882652735539
/control/command/control_cmd/debug/published_time,35324582165,1785825882703493648
/control/command/control_cmd/debug/published_time,35374582165,1785825882753826092
/control/command/control_cmd/debug/published_time,35424582166,1785825882802908647
/control/command/control_cmd/debug/published_time,35474582167,1785825882853494499
/control/command/control_cmd/debug/published_time,35524582168,1785825882903171787
/control/command/control_cmd/debug/published_time,35574582168,1785825882953404322
/control/command/control_cmd/debug/published_time,35624582169,1785825883003790485
/control/command/control_cmd/debug/published_time,35674582170,1785825883053795047
/control/command/control_cmd/debug/published_time,35724582171,1785825883103331872
/control/command/control_cmd/debug/published_time,35774582171,1785825883154715991
/control/command/control_cmd/debug/published_time,35824582172,1785825883204093851
/control/command/control_cmd/debug/published_time,35874582173,1785825883254191436
/control/command/control_cmd/debug/published_time,35924582174,1785825883304164449
/control/command/control_cmd/debug/published_time,35974582174,1785825883354202495
/control/command/control_cmd/debug/published_time,36024582175,1785825883404646931
/control/command/control_cmd/debug/published_time,36074582176,1785825883454258290
/control/command/control_cmd/debug/published_time,36124582177,1785825883504531765
/control/command/control_cmd/debug/published_time,36174582177,1785825883555230470
/control/command/control_cmd/debug/published_time,36224582178,1785825883604755797
/control/command/control_cmd/debug/published_time,36274582179,1785825883655009132
/control/command/control_cmd/debug/published_time,36324582180,1785825883704899220
/control/command/control_cmd/debug/published_time,36374582180,1785825883755307650
/control/command/control_cmd/debug/published_time,36424582181,1785825883805805184
/control/command/control_cmd/debug/published_time,36474582182,1785825883855128198
/control/command/control_cmd/debug/published_time,36524582183,1785825883905050087
/control/command/control_cmd/debug/published_time,36574582183,1785825883955644256
/control/command/control_cmd/debug/published_time,36624582184,1785825884005043924
/control/command/control_cmd/debug/published_time,36674582185,1785825884055463512
/control/command/control_cmd/debug/published_time,36724582186,1785825884105363366
/control/command/control_cmd/debug/published_time,36774582186,1785825884155956329
/control/command/control_cmd/debug/published_time,36824582187,1785825884205514516
/control/command/control_cmd/debug/published_time,36874582188,1785825884255779010
/control/command/control_cmd/debug/published_time,36924582189,1785825884305744109
/control/command/control_cmd/debug/published_time,36974582189,1785825884356619412
/control/command/control_cmd/debug/published_time,37024582190,1785825884406063944
/control/command/control_cmd/debug/published_time,37074582191,1785825884456376523
/control/command/control_cmd/debug/published_time,37124582192,1785825884506481037
/control/command/control_cmd/debug/published_time,37174582192,1785825884556442415
/control/command/control_cmd/debug/published_time,37224582193,1785825884607022502
/control/command/control_cmd/debug/published_time,37274582194,1785825884656180730
/control/command/control_cmd/debug/published_time,37324582195,1785825884707210204
/control/command/control_cmd/debug/published_time,37374582195,1785825884757477948
/control/command/control_cmd/debug/published_time,37424582196,1785825884807085740
/control/command/control_cmd/debug/published_time,37474582197,1785825884857204377
/control/command/control_cmd/debug/published_time,37524582197,1785825884906630223
/control/command/control_cmd/debug/published_time,37574582198,1785825884957084450
/control/command/control_cmd/debug/published_time,37624582199,1785825885007475037
/control/command/control_cmd/debug/published_time,37674582200,1785825885057872743
/control/command/control_cmd/debug/published_time,37724582200,1785825885107744330
/control/command/control_cmd/debug/published_time,37774582201,1785825885158339702
/control/command/control_cmd/debug/published_time,37824582202,1785825885207981135
/control/command/control_cmd/debug/published_time,37874582203,1785825885258234981
/control/command/control_cmd/debug/published_time,37924582203,1785825885307658169
/control/command/control_cmd/debug/published_time,37974582204,1785825885358233843
/control/command/control_cmd/debug/published_time,38024582205,1785825885407827133
/control/command/control_cmd/debug/published_time,38074582206,1785825885458606573
/control/command/control_cmd/debug/published_time,38124582206,1785825885508514608
/control/command/control_cmd/debug/published_time,38174582207,1785825885558603058
/control/command/control_cmd/debug/published_time,38224582208,1785825885609125629
/control/command/control_cmd/debug/published_time,38274582209,1785825885658928292
/control/command/control_cmd/debug/published_time,38324582209,1785825885709031560
/control/command/control_cmd/debug/published_time,38374582210,1785825885759083287
/control/command/control_cmd/debug/published_time,38424582211,1785825885808475705
/control/command/control_cmd/debug/published_time,38474582212,1785825885858706566
/control/command/control_cmd/debug/published_time,38524582212,1785825885909182697
/control/command/control_cmd/debug/published_time,38574582213,1785825885958951276
/control/command/control_cmd/debug/published_time,38624582214,1785825886009010940
/control/command/control_cmd/debug/published_time,38674582215,1785825886059140936
/control/command/control_cmd/debug/published_time,38724582215,1785825886109833951
/control/command/control_cmd/debug/published_time,38774582216,1785825886159788852
/control/command/control_cmd/debug/published_time,38824582217,1785825886209842288
/control/command/control_cmd/debug/published_time,38874582218,1785825886259982217
/control/command/control_cmd/debug/published_time,38924582218,1785825886309944102
/control/command/control_cmd/debug/published_time,38974582219,1785825886359800990
/control/command/control_cmd/debug/published_time,39024582220,1785825886410126429
/control/command/control_cmd/debug/published_time,39074582221,1785825886460470433
/control/command/control_cmd/debug/published_time,39124582221,1785825886510807227
/control/command/control_cmd/debug/published_time,39174582222,1785825886560676617
/control/command/control_cmd/debug/published_time,39224582223,1785825886611455681
/control/command/control_cmd/debug/published_time,39274582224,1785825886661099506
/control/command/control_cmd/debug/published_time,39324582224,1785825886711134139
/control/command/control_cmd/debug/published_time,39374582225,1785825886761794065
/control/command/control_cmd/debug/published_time,39424582226,1785825886811515780
/control/command/control_cmd/debug/published_time,39474582227,1785825886861648056
/control/command/control_cmd/debug/published_time,39524582227,1785825886911316848
/control/command/control_cmd/debug/published_time,39574582228,1785825886961916610
/control/command/control_cmd/debug/published_time,39624582229,1785825887011271616
/control/command/control_cmd/debug/published_time,39674582230,1785825887062005741
/control/command/control_cmd/debug/published_time,39724582230,1785825887111706616
/control/command/control_cmd/debug/published_time,39774582231,1785825887162315176
/control/command/control_cmd/debug/published_time,39824582232,1785825887212229100
/control/command/control_cmd/debug/published_time,39874582233,1785825887262513181
/control/command/control_cmd/debug/published_time,39924582233,1785825887312653498
/control/command/control_cmd/debug/published_time,39974582234,1785825887362701654
/control/command/control_cmd/debug/published_time,40024582235,1785825887412610783
/control/command/control_cmd/debug/published_time,40074582235,1785825887463752328
/control/command/control_cmd/debug/published_time,40124582236,1785825887512699615
/control/command/control_cmd/debug/published_time,40174582237,1785825887562998273
/control/command/control_cmd/debug/published_time,40224582238,1785825887612564713
/control/command/control_cmd/debug/published_time,40274582238,1785825887663543098
/control/command/control_cmd/debug/published_time,40324582239,1785825887713568907
/control/command/control_cmd/debug/published_time,40374582240,1785825887763813837
/control/command/control_cmd/debug/published_time,40424582241,1785825887813363330
/control/command/control_cmd/debug/published_time,40474582241,1785825887863532776
/control/command/control_cmd/debug/published_time,40524582242,1785825887913697255
/control/command/control_cmd/debug/published_time,40574582243,1785825887964373993
/control/command/control_cmd/debug/published_time,40624582244,1785825888013858065
/control/command/control_cmd/debug/published_time,40674582244,1785825888064072473
/control/command/control_cmd/debug/published_time,40724582245,1785825888114038708
/control/command/control_cmd/debug/published_time,40774582246,1785825888164098599
/control/command/control_cmd/debug/published_time,40824582247,1785825888214718772
/control/command/control_cmd/debug/published_time,40874582247,1785825888264659195
/control/command/control_cmd/debug/published_time,40924582248,1785825888314416113
/control/command/control_cmd/debug/published_time,40974582249,1785825888364558692
/control/command/control_cmd/debug/published_time,41024582250,1785825888414950076
/control/command/control_cmd/debug/published_time,41074582250,1785825888465545269
/control/command/control_cmd/debug/published_time,41124582251,1785825888515379998
/control/command/control_cmd/debug/published_time,41174582252,1785825888565780810
/control/command/control_cmd/debug/published_time,41224582253,1785825888615180171
/control/command/control_cmd/debug/published_time,41274582253,1785825888665997083
/control/command/control_cmd/debug/published_time,41324582254,1785825888715543113
/control/command/control_cmd/debug/published_time,41374582255,1785825888765841089
/control/command/control_cmd/debug/published_time,41424582256,1785825888815829196
/control/command/control_cmd/debug/published_time,41474582256,1785825888865800314
/control/command/control_cmd/debug/published_time,41524582257,1785825888916324334
/control/command/control_cmd/debug/published_time,41574582258,1785825888966221159
/control/command/control_cmd/debug/published_time,41624582259,1785825889016062660
/control/command/control_cmd/debug/published_time,41674582259,1785825889067363425
/control/command/control_cmd/debug/published_time,41724582260,1785825889116471362
/control/command/control_cmd/debug/published_time,41774582261,1785825889166214536
/control/command/control_cmd/debug/published_time,41824582262,1785825889217316967
/control/command/control_cmd/debug/published_time,41874582262,1785825889266916166
/control/command/control_cmd/debug/published_time,41924582263,1785825889317449930
/control/command/control_cmd/debug/published_time,41974582264,1785825889367511083
/control/command/control_cmd/debug/published_time,42024582265,1785825889417939616
/control/command/control_cmd/debug/published_time,42074582265,1785825889468268902
/control/command/control_cmd/debug/published_time,42124582266,1785825889516763618
/control/command/control_cmd/debug/published_time,42174582267,1785825889567697807
/control/command/control_cmd/debug/published_time,42224582268,1785825889617620788
/control/command/control_cmd/debug/published_time,42274582268,1785825889667928487
/control/command/control_cmd/debug/published_time,42324582269,1785825889717338115
/control/command/control_cmd/debug/published_time,42374582270,1785825889768666193
/control/command/control_cmd/debug/published_time,42424582270,1785825889818076471
/control/command/control_cmd/debug/published_time,42474582271,1785825889868271925
/control/command/control_cmd/debug/published_time,42524582272,1785825889918782980
/control/command/control_cmd/debug/published_time,42574582273,1785825889968129730
/control/command/control_cmd/debug/published_time,42624582273,1785825890019073130
/control/command/control_cmd/debug/published_time,42674582274,1785825890068057982
/control/command/control_cmd/debug/published_time,42724582275,1785825890119356745
/control/command/control_cmd/debug/published_time,42774582276,1785825890169463508
/control/command/control_cmd/debug/published_time,42824582276,1785825890218868478
/control/command/control_cmd/debug/published_time,42874582277,1785825890268742285
/control/command/control_cmd/debug/published_time,42924582278,1785825890318989065
/control/command/control_cmd/debug/published_time,42974582279,1785825890369408365
/control/command/control_cmd/debug/published_time,43024582279,1785825890419783952
/control/command/control_cmd/debug/published_time,43074582280,1785825890469779361
/control/command/control_cmd/debug/published_time,43124582281,1785825890519331499
/control/command/control_cmd/debug/published_time,43174582282,1785825890569616693
/control/command/control_cmd/debug/published_time,43224582282,1785825890619563308
/control/command/control_cmd/debug/published_time,43274582283,1785825890669830421
/control/command/control_cmd/debug/published_time,43324582284,1785825890720389924
/control/command/control_cmd/debug/published_time,43374582285,1785825890770176441
/control/command/control_cmd/debug/published_time,43424582285,1785825890820396768
/control/command/control_cmd/debug/published_time,43474582286,1785825890870127002
/control/command/control_cmd/debug/published_time,43524582287,1785825890920796956
/control/command/control_cmd/debug/published_time,43574582288,1785825890970571060
/control/command/control_cmd/debug/published_time,43624582288,1785825891020765044
/control/command/control_cmd/debug/published_time,43674582289,1785825891070947776
/control/command/control_cmd/debug/published_time,43724582290,1785825891121075384
/control/command/control_cmd/debug/published_time,43774582291,1785825891171279171
/control/command/control_cmd/debug/published_time,43824582291,1785825891221410983
/control/command/control_cmd/debug/published_time,43874582292,1785825891272299628
/control/command/control_cmd/debug/published_time,43924582293,1785825891321392136
/control/command/control_cmd/debug/published_time,43974582294,1785825891372049479
/control/command/control_cmd/debug/published_time,44024582294,1785825891422129490
/control/command/control_cmd/debug/published_time,44074582295,1785825891472382587
/control/command/control_cmd/debug/published_time,44124582296,1785825891523226625
/control/command/control_cmd/debug/published_time,44174582297,1785825891572872988
/control/command/control_cmd/debug/published_time,44224582297,1785825891621994919
/control/command/control_cmd/debug/published_time,44274582298,1785825891672247487
/control/command/control_cmd/debug/published_time,44324582299,1785825891722300647
/control/command/control_cmd/debug/published_time,44374582300,1785825891772783476
/control/command/control_cmd/debug/published_time,44424582300,1785825891822540525
/control/command/control_cmd/debug/published_time,44474582301,1785825891872715549
/control/command/control_cmd/debug/published_time,44524582302,1785825891923115771
/control/command/control_cmd/debug/published_time,44574582303,1785825891972606508
/control/command/control_cmd/debug/published_time,44624582303,1785825892023342690
/control/command/control_cmd/debug/published_time,44674582304,1785825892073426734
/control/command/control_cmd/debug/published_time,44724582305,1785825892123808196
/control/command/control_cmd/debug/published_time,44774582306,1785825892173589713
/control/command/control_cmd/debug/published_time,44824582306,1785825892224381617
/control/command/control_cmd/debug/published_time,44874582307,1785825892274111694
/control/command/control_cmd/debug/published_time,44924582308,1785825892324253155
/control/command/control_cmd/debug/published_time,44974582308,1785825892374850912
/control/command/control_cmd/debug/published_time,45024582309,1785825892424419423
/control/command/control_cmd/debug/published_time,45074582310,1785825892474607116
/control/command/control_cmd/debug/published_time,45124582311,1785825892525568541
/control/command/control_cmd/debug/published_time,45174582311,1785825892574725732
/control/command/control_cmd/debug/published_time,45224582312,1785825892624727875
/control/command/control_cmd/debug/published_time,45274582313,1785825892675812086
/control/command/control_cmd/debug/published_time,45324582314,1785825892725073069
/control/command/control_cmd/debug/published_time,45374582314,1785825892774744087
/control/command/control_cmd/debug/published_time,45424582315,1785825892825026017
/control/command/control_cmd/debug/published_time,45474582316,1785825892874819787
/control/command/control_cmd/debug/published_time,45524582317,1785825892925457871
/control/command/control_cmd/debug/published_time,45574582317,1785825892974988843
/control/command/control_cmd/debug/published_time,45624582318,1785825893025359647
/control/command/control_cmd/debug/published_time,45674582319,1785825893076323728
/control/command/control_cmd/debug/published_time,45724582320,1785825893125878763
/control/command/control_cmd/debug/published_time,45774582320,1785825893176235046
/control/command/control_cmd/debug/published_time,45824582321,1785825893226813535
/control/command/control_cmd/debug/published_time,45874582322,1785825893275831236
/control/command/control_cmd/debug/published_time,45924582323,1785825893325863095
/control/command/control_cmd/debug/published_time,45974582323,1785825893376400202
/control/command/control_cmd/debug/published_time,46024582324,1785825893426734236
/control/command/control_cmd/debug/published_time,46074582325,1785825893476224781
/control/command/control_cmd/debug/published_time,46124582326,1785825893526433297
/control/command/control_cmd/debug/published_time,46174582326,1785825893577528025
/control/command/control_cmd/debug/published_time,46224582327,1785825893627056108
/control/command/control_cmd/debug/published_time,46274582328,1785825893677693608
/control/command/control_cmd/debug/published_time,46324582329,1785825893727411132
/control/command/control_cmd/debug/published_time,46374582329,1785825893777553958
/control/command/control_cmd/debug/published_time,46424582330,1785825893827177485
/control/command/control_cmd/debug/published_time,46474582331,1785825893877377243
/control/command/control_cmd/debug/published_time,46524582332,1785825893926986768
/control/command/control_cmd/debug/published_time,46574582332,1785825893977579094
/control/command/control_cmd/debug/published_time,46624582333,1785825894027050793
/control/command/control_cmd/debug/published_time,46674582334,1785825894077039613
/control/command/control_cmd/debug/published_time,46724582335,1785825894127248461
/control/command/control_cmd/debug/published_time,46774582335,1785825894177735515
/control/command/control_cmd/debug/published_time,46824582336,1785825894228266051
/control/command/control_cmd/debug/published_time,46874582337,1785825894278504447
/control/command/control_cmd/debug/published_time,46924582338,1785825894328823172
/control/command/control_cmd/debug/published_time,46974582338,1785825894379110223
/control/command/control_cmd/debug/published_time,47024582339,1785825894429558359
/control/command/control_cmd/debug/published_time,47074582340,1785825894478501715
/control/command/control_cmd/debug/published_time,47124582341,1785825894529077427
/control/command/control_cmd/debug/published_time,47174582341,1785825894579155479
/control/command/control_cmd/debug/published_time,47224582342,1785825894628740009
/control/command/control_cmd/debug/published_time,47274582343,1785825894679391309
/control/command/control_cmd/debug/published_time,47324582344,1785825894729322496
/control/command/control_cmd/debug/published_time,47374582344,1785825894779295030
/control/command/control_cmd/debug/published_time,47424582345,1785825894829742149
/control/command/control_cmd/debug/published_time,47474582346,1785825894880057740
/control/command/control_cmd/debug/published_time,47524582346,1785825894929548258
/control/command/control_cmd/debug/published_time,47574582347,1785825894980348897
/control/command/control_cmd/debug/published_time,47624582348,1785825895030260802
/control/command/control_cmd/debug/published_time,47674582349,1785825895080962930
/control/command/control_cmd/debug/published_time,47724582349,1785825895130451904
/control/command/control_cmd/debug/published_time,47774582350,1785825895180572559
/control/command/control_cmd/debug/published_time,47824582351,1785825895230489654
/control/command/control_cmd/debug/published_time,47874582352,1785825895280769080
/control/command/control_cmd/debug/published_time,47924582352,1785825895330985953
/control/command/control_cmd/debug/published_time,47974582353,1785825895381498593
/control/command/control_cmd/debug/published_time,48024582354,1785825895431635859
/control/command/control_cmd/debug/published_time,48074582355,1785825895481189631
/control/command/control_cmd/debug/published_time,48124582355,1785825895530984240
/control/command/control_cmd/debug/published_time,48174582356,1785825895582309674
/control/command/control_cmd/debug/published_time,48224582357,1785825895631259327
/control/command/control_cmd/debug/published_time,48274582358,1785825895683185574
/control/command/control_cmd/debug/published_time,48324582358,1785825895732490702
/control/command/control_cmd/debug/published_time,48374582359,1785825895781866755
/control/command/control_cmd/debug/published_time,48424582360,1785825895832115756
/control/command/control_cmd/debug/published_time,48474582361,1785825895881621918
/control/command/control_cmd/debug/published_time,48524582361,1785825895932284127
/control/command/control_cmd/debug/published_time,48574582362,1785825895981729233
/control/command/control_cmd/debug/published_time,48624582363,1785825896032014901
/control/command/control_cmd/debug/published_time,48674582364,1785825896082213753
/control/command/control_cmd/debug/published_time,48724582364,1785825896132836005
/control/command/control_cmd/debug/published_time,48774582365,1785825896182556764
/control/command/control_cmd/debug/published_time,48824582366,1785825896233141374
/control/command/control_cmd/debug/published_time,48874582367,1785825896282775831
/control/command/control_cmd/debug/published_time,48924582367,1785825896333143884
/control/command/control_cmd/debug/published_time,48974582368,1785825896382874843
/control/command/control_cmd/debug/published_time,49024582369,1785825896433480202
/control/command/control_cmd/debug/published_time,49074582370,1785825896484282912
/control/command/control_cmd/debug/published_time,49124582370,1785825896533071635
/control/command/control_cmd/debug/published_time,49174582371,1785825896583712249
/control/command/control_cmd/debug/published_time,49224582372,1785825896634248621
/control/command/control_cmd/debug/published_time,49274582373,1785825896683661961
/control/command/control_cmd/debug/published_time,49324582373,1785825896734305898
/control/command/control_cmd/debug/published_time,49374582374,1785825896784950295
/control/command/control_cmd/debug/published_time,49424582375,1785825896834879292
/control/command/control_cmd/debug/published_time,49474582376,1785825896884638748
/control/command/control_cmd/debug/published_time,49524582376,1785825896934920453
/control/command/control_cmd/debug/published_time,49574582377,1785825896984866978
/control/command/control_cmd/debug/published_time,49624582378,1785825897034638604
/control/command/control_cmd/debug/published_time,49674582379,1785825897085297986
/control/command/control_cmd/debug/published_time,49724582379,1785825897135071987
/control/command/control_cmd/debug/published_time,49774582380,1785825897185037715
/control/command/control_cmd/debug/published_time,49824582381,1785825897235657799
/control/command/control_cmd/debug/published_time,49874582382,1785825897285708592
/control/command/control_cmd/debug/published_time,49924582382,1785825897335132876
/control/command/control_cmd/debug/published_time,49974582383,1785825897386350548
/control/command/control_cmd/debug/published_time,50024582384,1785825897435538024
/control/command/control_cmd/debug/published_time,50074582384,1785825897486533561
/control/command/control_cmd/debug/published_time,50124582385,1785825897536002099
/control/command/control_cmd/debug/published_time,50174582386,1785825897585680226
/control/command/control_cmd/debug/published_time,50224582387,1785825897636086237
/control/command/control_cmd/debug/published_time,50274582387,1785825897686269933
/control/command/control_cmd/debug/published_time,50324582388,1785825897735887945
/control/command/control_cmd/debug/published_time,50374582389,1785825897785573895
/control/command/control_cmd/debug/published_time,50424582390,1785825897836183984
/control/command/control_cmd/debug/published_time,50474582390,1785825897886249900
/control/command/control_cmd/debug/published_time,50524582391,1785825897936575397
/control/command/control_cmd/debug/published_time,50574582392,1785825897986531485
/control/command/control_cmd/debug/published_time,50624582393,1785825898037100372
/control/command/control_cmd/debug/published_time,50674582393,1785825898087346733
/control/command/control_cmd/debug/published_time,50724582394,1785825898138204686
/control/command/control_cmd/debug/published_time,50774582395,1785825898187310359
/control/command/control_cmd/debug/published_time,50824582396,1785825898237439313
/control/command/control_cmd/debug/published_time,50874582396,1785825898287625973
/control/command/control_cmd/debug/published_time,50924582397,1785825898337878875
/control/command/control_cmd/debug/published_time,50974582398,1785825898387533858
/control/command/control_cmd/debug/published_time,51024582399,1785825898438346307
/control/command/control_cmd/debug/published_time,51074582399,1785825898488175413
/control/command/control_cmd/debug/published_time,51124582400,1785825898537424780
/control/command/control_cmd/debug/published_time,51174582401,1785825898587980672
/control/command/control_cmd/debug/published_time,51224582402,1785825898637576832
/control/command/control_cmd/debug/published_time,51274582402,1785825898688642100
/control/command/control_cmd/debug/published_time,51324582403,1785825898737733079
/control/command/control_cmd/debug/published_time,51374582404,1785825898788055402
/control/command/control_cmd/debug/published_time,51424582405,1785825898837896170
/control/command/control_cmd/debug/published_time,51474582405,1785825898888366581
/control/command/control_cmd/debug/published_time,51524582406,1785825898938203222
/control/command/control_cmd/debug/published_time,51574582407,1785825898989302137
/control/command/control_cmd/debug/published_time,51624582408,1785825899038872832
/control/command/control_cmd/debug/published_time,51674582408,1785825899088904029
/control/command/control_cmd/debug/published_time,51724582409,1785825899138330948
/control/command/control_cmd/debug/published_time,51774582410,1785825899188977555
/control/command/control_cmd/debug/published_time,51824582411,1785825899239411871
/control/command/control_cmd/debug/published_time,51874582411,1785825899289604576
/control/command/control_cmd/debug/published_time,51924582412,1785825899338681399
/control/command/control_cmd/debug/published_time,51974582413,1785825899389499465
/control/command/control_cmd/debug/published_time,52024582414,1785825899440079859
/control/command/control_cmd/debug/published_time,52074582414,1785825899489759075
/control/command/control_cmd/debug/published_time,52124582415,1785825899540560958
/control/command/control_cmd/debug/published_time,52174582416,1785825899590503465
/control/command/control_cmd/debug/published_time,52224582417,1785825899639830519
/control/command/control_cmd/debug/published_time,52274582417,1785825899690425150
/control/command/control_cmd/debug/published_time,52324582418,1785825899740009088
/control/command/control_cmd/debug/published_time,52374582419,1785825899790253907
/control/command/control_cmd/debug/published_time,52424582420,1785825899840046339
/control/command/control_cmd/debug/published_time,52474582420,1785825899890598769
/control/command/control_cmd/debug/published_time,52524582421,1785825899940655156
/control/command/control_cmd/debug/published_time,52574582422,1785825899990803460
/control/command/control_cmd/debug/published_time,52624582422,1785825900040475078
/control/command/control_cmd/debug/published_time,52674582423,1785825900091749931
/control/command/control_cmd/debug/published_time,52724582424,1785825900141409869
/control/command/control_cmd/debug/published_time,52774582425,1785825900191483853
/control/command/control_cmd/debug/published_time,52824582425,1785825900241889742
/control/command/control_cmd/debug/published_time,52874582426,1785825900290574902
/control/command/control_cmd/debug/published_time,52924582427,1785825900341267181
/control/command/control_cmd/debug/published_time,52974582428,1785825900391714477
/control/command/control_cmd/debug/published_time,53024582428,1785825900441534213
/control/command/control_cmd/debug/published_time,53074582429,1785825900491141864
/control/command/control_cmd/debug/published_time,53124582430,1785825900541091843
/control/command/control_cmd/debug/published_time,53174582431,1785825900591369089
/control/command/control_cmd/debug/published_time,53224582431,1785825900641999116
/control/command/control_cmd/debug/published_time,53274582432,1785825900693053429
/control/command/control_cmd/debug/published_time,53324582433,1785825900741559878
/control/command/control_cmd/debug/published_time,53374582434,1785825900791961254
/control/command/control_cmd/debug/published_time,53424582434,1785825900842056130
/control/command/control_cmd/debug/published_time,53474582435,1785825900892150157
/control/command/control_cmd/debug/published_time,53524582436,1785825900942035942
/control/command/control_cmd/debug/published_time,53574582437,1785825900992484864
/control/command/control_cmd/debug/published_time,53624582437,1785825901042705241
/control/command/control_cmd/debug/published_time,53674582438,1785825901092863780
/control/command/control_cmd/debug/published_time,53724582439,1785825901142042409
/control/command/control_cmd/debug/published_time,53774582440,1785825901192278948
/control/command/control_cmd/debug/published_time,53824582440,1785825901243468794
/control/command/control_cmd/debug/published_time,53874582441,1785825901293045199
/control/command/control_cmd/debug/published_time,53924582442,1785825901342650472
/control/command/control_cmd/debug/published_time,53974582443,1785825901393165127
/control/command/control_cmd/debug/published_time,54024582443,1785825901443937515
/control/command/control_cmd/debug/published_time,54074582444,1785825901493947489
/control/command/control_cmd/debug/published_time,54124582445,1785825901543834232
/control/command/control_cmd/debug/published_time,54174582446,1785825901593927755
/control/command/control_cmd/debug/published_time,54224582446,1785825901643899638
/control/command/control_cmd/debug/published_time,54274582447,1785825901693943939
/control/command/control_cmd/debug/published_time,54324582448,1785825901744683804
/control/command/control_cmd/debug/published_time,54374582449,1785825901794210887
/control/command/control_cmd/debug/published_time,54424582449,1785825901844522360
/control/command/control_cmd/debug/published_time,54474582450,1785825901893725625
/control/command/control_cmd/debug/published_time,54524582451,1785825901944006027
/control/command/control_cmd/debug/published_time,54574582452,1785825901994435671
/control/command/control_cmd/debug/published_time,54624582452,1785825902043971538
/control/command/control_cmd/debug/published_time,54674582453,1785825902094086022
/control/command/control_cmd/debug/published_time,54724582454,1785825902144335726
/control/command/control_cmd/debug/published_time,54774582455,1785825902194839422
/control/command/control_cmd/debug/published_time,54824582455,1785825902244545430
/control/command/control_cmd/debug/published_time,54874582456,1785825902295064902
/control/command/control_cmd/debug/published_time,54924582457,1785825902345276878
/control/command/control_cmd/debug/published_time,54974582458,1785825902394632860
/control/command/control_cmd/debug/published_time,55024582458,1785825902445297997
/control/command/control_cmd/debug/published_time,55074582459,1785825902495049475
/control/command/control_cmd/debug/published_time,55124582460,1785825902545819575
/control/command/control_cmd/debug/published_time,55174582460,1785825902595370745
/control/command/control_cmd/debug/published_time,55224582461,1785825902645734792
/control/command/control_cmd/debug/published_time,55274582462,1785825902695519977
/control/command/control_cmd/debug/published_time,55324582463,1785825902745677713
/control/command/control_cmd/debug/published_time,55374582463,1785825902795817955
/control/command/control_cmd/debug/published_time,55424582464,1785825902846256505
/control/command/control_cmd/debug/published_time,55474582465,1785825902896272704
/control/command/control_cmd/debug/published_time,55524582466,1785825902947065399
/control/command/control_cmd/debug/published_time,55574582466,1785825902996577364
/control/command/control_cmd/debug/published_time,55624582467,1785825903046525433
/control/command/control_cmd/debug/published_time,55674582468,1785825903096884882
/control/command/control_cmd/debug/published_time,55724582469,1785825903146567887
/control/command/control_cmd/debug/published_time,55774582469,1785825903196825974
/control/command/control_cmd/debug/published_time,55824582470,1785825903246951966
/control/command/control_cmd/debug/published_time,55874582471,1785825903297177654
/control/command/control_cmd/debug/published_time,55924582472,1785825903347204268
/control/command/control_cmd/debug/published_time,55974582472,1785825903397988702
/control/command/control_cmd/debug/published_time,56024582473,1785825903447202527
/control/command/control_cmd/debug/published_time,56074582474,1785825903497756799
/control/command/control_cmd/debug/published_time,56124582475,1785825903547614417
/control/command/control_cmd/debug/published_time,56174582475,1785825903597569460
/control/command/control_cmd/debug/published_time,56224582476,1785825903647869924
/control/command/control_cmd/debug/published_time,56274582477,1785825903698823976
/control/command/control_cmd/debug/published_time,56324582478,1785825903748414457
/control/command/control_cmd/debug/published_time,56374582478,1785825903798468373
/control/command/control_cmd/debug/published_time,56424582479,1785825903848572681
/control/command/control_cmd/debug/published_time,56474582480,1785825903898346607
/control/command/control_cmd/debug/published_time,56524582481,1785825903948859199
/control/command/control_cmd/debug/published_time,56574582481,1785825903999323286
/control/command/control_cmd/debug/published_time,56624582482,1785825904049039202
/control/command/control_cmd/debug/published_time,56674582483,1785825904098637732
/control/command/control_cmd/debug/published_time,56724582484,1785825904148578660
/control/command/control_cmd/debug/published_time,56774582484,1785825904198799153
/control/command/control_cmd/debug/published_time,56824582485,1785825904249216529
/control/command/control_cmd/debug/published_time,56874582486,1785825904299360860
/control/command/control_cmd/debug/published_time,56924582487,1785825904350304237
/control/command/control_cmd/debug/published_time,56974582487,1785825904399632556
/control/command/control_cmd/debug/published_time,57024582488,1785825904449836460
/control/command/control_cmd/debug/published_time,57074582489,1785825904499809981
/control/command/control_cmd/debug/published_time,57124582490,1785825904550045020
/control/command/control_cmd/debug/published_time,57174582490,1785825904600016754
/control/command/control_cmd/debug/published_time,57224582491,1785825904650321164
/control/command/control_cmd/debug/published_time,57274582492,1785825904701134652
/control/command/control_cmd/debug/published_time,57324582493,1785825904749919531
/control/command/control_cmd/debug/published_time,57374582493,1785825904801097742
/control/command/control_cmd/debug/published_time,57424582494,1785825904851516220
/control/command/control_cmd/debug/published_time,57474582495,1785825904901573161
/control/command/control_cmd/debug/published_time,57524582496,1785825904951315277
/control/command/control_cmd/debug/published_time,57574582496,1785825905000954468
/control/command/control_cmd/debug/published_time,57624582497,1785825905051594930
/control/command/control_cmd/debug/published_time,57674582498,1785825905102267394
/control/command/control_cmd/debug/published_time,57724582498,1785825905151350076
/control/command/control_cmd/debug/published_time,57774582499,1785825905201392127
/control/command/control_cmd/debug/published_time,57824582500,1785825905252061492
/control/command/control_cmd/debug/published_time,57874582501,1785825905302382887
/control/command/control_cmd/debug/published_time,57924582501,1785825905352026430
/control/command/control_cmd/debug/published_time,57974582502,1785825905401996228
/control/command/control_cmd/debug/published_time,58024582503,1785825905452592727
/control/command/control_cmd/debug/published_time,58074582504,1785825905502813279
/control/command/control_cmd/debug/published_time,58124582504,1785825905552669275
/control/command/control_cmd/debug/published_time,58174582505,1785825905602691546
/control/command/control_cmd/debug/published_time,58224582506,1785825905653249646
/control/command/control_cmd/debug/published_time,58274582507,1785825905703190772
/control/command/control_cmd/debug/published_time,58324582507,1785825905753046328
/control/command/control_cmd/debug/published_time,58374582508,1785825905802745017
/control/command/control_cmd/debug/published_time,58424582509,1785825905853196525
/control/command/control_cmd/debug/published_time,58474582510,1785825905903989578
/control/command/control_cmd/debug/published_time,58524582510,1785825905954248083
/control/command/control_cmd/debug/published_time,58574582511,1785825906003453829
/control/command/control_cmd/debug/published_time,58624582512,1785825906053846151
/control/command/control_cmd/debug/published_time,58674582513,1785825906104131612
/control/command/control_cmd/debug/published_time,58724582513,1785825906154133716
/control/command/control_cmd/debug/published_time,58774582514,1785825906204252275
/control/command/control_cmd/debug/published_time,58824582515,1785825906254147937
/control/command/control_cmd/debug/published_time,58874582516,1785825906304088583
/control/command/control_cmd/debug/published_time,58924582516,1785825906354401886
/control/command/control_cmd/debug/published_time,58974582517,1785825906403953806
/control/command/control_cmd/debug/published_time,59024582518,1785825906454008864
/control/command/control_cmd/debug/published_time,59074582519,1785825906504662049
/control/command/control_cmd/debug/published_time,59124582519,1785825906554085020
/control/command/control_cmd/debug/published_time,59174582520,1785825906604476255
/control/command/control_cmd/debug/published_time,59224582521,1785825906655316556
/control/command/control_cmd/debug/published_time,59274582522,1785825906705686197
/control/command/control_cmd/debug/published_time,59324582522,1785825906755224816
/control/command/control_cmd/debug/published_time,59374582523,1785825906805274403
/control/command/control_cmd/debug/published_time,59424582524,1785825906854682996
/control/command/control_cmd/debug/published_time,59474582525,1785825906906782619
/control/command/control_cmd/debug/published_time,59524582525,1785825906955867731
/control/command/control_cmd/debug/published_time,59574582526,1785825907005239144
/control/command/control_cmd/debug/published_time,59624582527,1785825907055839131
/control/command/control_cmd/debug/published_time,59674582528,1785825907106180804
/control/command/control_cmd/debug/published_time,59724582528,1785825907155589998
/control/command/control_cmd/debug/published_time,59774582529,1785825907205969419
/control/command/control_cmd/debug/published_time,59824582530,1785825907256587615
/control/command/control_cmd/debug/published_time,59874582531,1785825907305735215
/control/command/control_cmd/debug/published_time,59924582531,1785825907355875135
/control/command/control_cmd/debug/published_time,59974582532,1785825907405778205
/control/command/control_cmd/debug/published_time,60024582533,1785825907455760583
/control/command/control_cmd/debug/published_time,60074582534,1785825907506217204
/control/command/control_cmd/debug/published_time,60124582534,1785825907556675590
/control/command/control_cmd/debug/published_time,60174582535,1785825907606526875
/control/command/control_cmd/debug/published_time,60224582536,1785825907656733987
/control/command/control_cmd/debug/published_time,60274582536,1785825907706322943
/control/command/control_cmd/debug/published_time,60324582537,1785825907756532321
/control/command/control_cmd/debug/published_time,60374582538,1785825907806845750
/control/command/control_cmd/debug/published_time,60424582539,1785825907857614272
/control/command/control_cmd/debug/published_time,60474582539,1785825907907287254
/control/command/control_cmd/debug/published_time,60524582540,1785825907957942066
/control/command/control_cmd/debug/published_time,60574582541,1785825908007713917
/control/command/control_cmd/debug/published_time,60624582542,1785825908057468424
/control/command/control_cmd/debug/published_time,60674582542,1785825908107573060
/control/command/control_cmd/debug/published_time,60724582543,1785825908157963517
/control/command/control_cmd/debug/published_time,60774582544,1785825908207838230
/control/command/control_cmd/debug/published_time,60824582545,1785825908258218760
/control/command/control_cmd/debug/published_time,60874582545,1785825908307972496
/control/command/control_cmd/debug/published_time,60924582546,1785825908358182773
/control/command/control_cmd/debug/published_time,60974582547,1785825908408180710
/control/command/control_cmd/debug/published_time,61024582548,1785825908459157938
/control/command/control_cmd/debug/published_time,61074582548,1785825908508832814
/control/command/control_cmd/debug/published_time,61124582549,1785825908559308347
/control/command/control_cmd/debug/published_time,61174582550,1785825908608990801
/control/command/control_cmd/debug/published_time,61224582551,1785825908659427132
/control/command/control_cmd/debug/published_time,61274582551,1785825908708929502
/control/command/control_cmd/debug/published_time,61324582552,1785825908759757108
/control/command/control_cmd/debug/published_time,61374582553,1785825908809635272
/control/command/control_cmd/debug/published_time,61424582554,1785825908859779161
/control/command/control_cmd/debug/published_time,61474582554,1785825908909851418
/control/command/control_cmd/debug/published_time,61524582555,1785825908960554035
/control/command/control_cmd/debug/published_time,61574582556,1785825909012266174
/control/command/control_cmd/debug/published_time,61624582557,1785825909060596524
/control/command/control_cmd/debug/published_time,61674582557,1785825909111256586
/control/command/control_cmd/debug/published_time,61724582558,1785825909160067862
/control/command/control_cmd/debug/published_time,61774582559,1785825909210831965
/control/command/control_cmd/debug/published_time,61824582560,1785825909260887015
/control/command/control_cmd/debug/published_time,61874582560,1785825909311185518
/control/command/control_cmd/debug/published_time,61924582561,1785825909360573631
/control/command/control_cmd/debug/published_time,61974582562,1785825909411215642
/control/command/control_cmd/debug/published_time,62024582563,1785825909461019706
/control/command/control_cmd/debug/published_time,62074582563,1785825909511279777
/control/command/control_cmd/debug/published_time,62124582564,1785825909560883505
/control/command/control_cmd/debug/published_time,62174582565,1785825909611323174
/control/command/control_cmd/debug/published_time,62224582566,1785825909661105918
/control/command/control_cmd/debug/published_time,62274582566,1785825909712028011
/control/command/control_cmd/debug/published_time,62324582567,1785825909761530274
/control/command/control_cmd/debug/published_time,62374582568,1785825909811627744
/control/command/control_cmd/debug/published_time,62424582569,1785825909862059364
/control/command/control_cmd/debug/published_time,62474582569,1785825909911283687
/control/command/control_cmd/debug/published_time,62524582570,1785825909962243619
/control/command/control_cmd/debug/published_time,62574582571,1785825910013345589
/control/command/control_cmd/debug/published_time,62624582572,1785825910062558224
/control/command/control_cmd/debug/published_time,62674582572,1785825910113067940
/control/command/control_cmd/debug/published_time,62724582573,1785825910163066726
/control/command/control_cmd/debug/published_time,62774582574,1785825910213822046
/control/command/control_cmd/debug/published_time,62824582574,1785825910263617237
/control/command/control_cmd/debug/published_time,62874582575,1785825910314359264
/control/command/control_cmd/debug/published_time,62924582576,1785825910363668869
/control/command/control_cmd/debug/published_time,62974582577,1785825910413811069
/control/command/control_cmd/debug/published_time,63024582577,1785825910464329713
/control/command/control_cmd/debug/published_time,63074582578,1785825910514416886
/control/command/control_cmd/debug/published_time,63124582579,1785825910564168138
/control/command/control_cmd/debug/published_time,63174582580,1785825910614165186
/control/command/control_cmd/debug/published_time,63224582580,1785825910664555625
/control/command/control_cmd/debug/published_time,63274582581,1785825910714332118
/control/command/control_cmd/debug/published_time,63324582582,1785825910765053071
/control/command/control_cmd/debug/published_time,63374582583,1785825910815085037
/control/command/control_cmd/debug/published_time,63424582583,1785825910865028705
/control/command/control_cmd/debug/published_time,63474582584,1785825910915630581
/control/command/control_cmd/debug/published_time,63524582585,1785825910964811195
/control/command/control_cmd/debug/published_time,63574582586,1785825911015461125
/control/command/control_cmd/debug/published_time,63624582586,1785825911065341643
/control/command/control_cmd/debug/published_time,63674582587,1785825911115451133
/control/command/control_cmd/debug/published_time,63724582588,1785825911165718356
/control/command/control_cmd/debug/published_time,63774582589,1785825911215899664
/control/command/control_cmd/debug/published_time,63824582589,1785825911266247782
/control/command/control_cmd/debug/published_time,63874582590,1785825911315960945
/control/command/control_cmd/debug/published_time,63924582591,1785825911366274760
/control/command/control_cmd/debug/published_time,63974582592,1785825911416957437
/control/command/control_cmd/debug/published_time,64024582592,1785825911466568706
/control/command/control_cmd/debug/published_time,64074582593,1785825911517411319
/control/command/control_cmd/debug/published_time,64124582594,1785825911567333985
/control/command/control_cmd/debug/published_time,64174582595,1785825911617102422
/control/command/control_cmd/debug/published_time,64224582595,1785825911667086021
/control/command/control_cmd/debug/published_time,64274582596,1785825911717216802
/control/command/control_cmd/debug/published_time,64324582597,1785825911767314291
/control/command/control_cmd/debug/published_time,64374582598,1785825911817196612
/control/command/control_cmd/debug/published_time,64424582598,1785825911867629848
/control/command/control_cmd/debug/published_time,64474582599,1785825911917424119
/control/command/control_cmd/debug/published_time,64524582600,1785825911967680438
/control/command/control_cmd/debug/published_time,64574582601,1785825912017976703
/control/command/control_cmd/debug/published_time,64624582601,1785825912068533449
/control/command/control_cmd/debug/published_time,64674582602,1785825912118515703
/control/command/control_cmd/debug/published_time,64724582603,1785825912168408281
/control/command/control_cmd/debug/published_time,64774582604,1785825912218358052
/control/command/control_cmd/debug/published_time,64824582604,1785825912268173084
/control/command/control_cmd/debug/published_time,64874582605,1785825912318509298
/control/command/control_cmd/debug/published_time,64924582606,1785825912368324244
/control/command/control_cmd/debug/published_time,64974582607,1785825912418810288
/control/command/control_cmd/debug/published_time,65024582607,1785825912468194758
/control/command/control_cmd/debug/published_time,65074582608,1785825912519051826
/control/command/control_cmd/debug/published_time,65124582609,1785825912569031984
/control/command/control_cmd/debug/published_time,65174582610,1785825912619109764
/control/command/control_cmd/debug/published_time,65224582610,1785825912669458791
/control/command/control_cmd/debug/published_time,65274582611,1785825912719802625
/control/command/control_cmd/debug/published_time,65324582612,1785825912769460493
/control/command/control_cmd/debug/published_time,65374582612,1785825912819828763
/control/command/control_cmd/debug/published_time,65424582613,1785825912870161395
/control/command/control_cmd/debug/published_time,65474582614,1785825912919663003
/control/command/control_cmd/debug/published_time,65524582615,1785825912970575862
/control/command/control_cmd/debug/published_time,65574582615,1785825913020721982
/control/command/control_cmd/debug/published_time,65624582616,1785825913070603774
/control/command/control_cmd/debug/published_time,65674582617,1785825913121082885
/control/command/control_cmd/debug/published_time,65724582618,1785825913170939273
/control/command/control_cmd/debug/published_time,65774582618,1785825913220684474
/control/command/control_cmd/debug/published_time,65824582619,1785825913271073802
/control/command/control_cmd/debug/published_time,65874582620,1785825913321137089
/control/command/control_cmd/debug/published_time,65924582621,1785825913371750310
/control/command/control_cmd/debug/published_time,65974582621,1785825913421462754
/control/command/control_cmd/debug/published_time,66024582622,1785825913471245752
/control/command/control_cmd/debug/published_time,66074582623,1785825913521746722
/control/command/control_cmd/debug/published_time,66124582624,1785825913571617977
/control/command/control_cmd/debug/published_time,66174582624,1785825913621753369
/control/command/control_cmd/debug/published_time,66224582625,1785825913672767793
/control/command/control_cmd/debug/published_time,66274582626,1785825913722122012
/control/command/control_cmd/debug/published_time,66324582627,1785825913771889567
/control/command/control_cmd/debug/published_time,66374582627,1785825913822115186
/control/command/control_cmd/debug/published_time,66424582628,1785825913872231890
/control/command/control_cmd/debug/published_time,66474582629,1785825913922018963
/control/command/control_cmd/debug/published_time,66524582630,1785825913972555191
/control/command/control_cmd/debug/published_time,66574582630,1785825914022550731
/control/command/control_cmd/debug/published_time,66624582631,1785825914072388267
/control/command/control_cmd/debug/published_time,66674582632,1785825914122412547
/control/command/control_cmd/debug/published_time,66724582633,1785825914173360001
/control/command/control_cmd/debug/published_time,66774582633,1785825914223127765
/control/command/control_cmd/debug/published_time,66824582634,1785825914274028089
/control/command/control_cmd/debug/published_time,66874582635,1785825914323497234
/control/command/control_cmd/debug/published_time,66924582636,1785825914373291996
/control/command/control_cmd/debug/published_time,66974582636,1785825914423095957
/control/command/control_cmd/debug/published_time,67024582637,1785825914473717796
/control/command/control_cmd/debug/published_time,67074582638,1785825914523764986
/control/command/control_cmd/debug/published_time,67124582639,1785825914573406308
/control/command/control_cmd/debug/published_time,67174582639,1785825914623354198
/control/command/control_cmd/debug/published_time,67224582640,1785825914673696027
/control/command/control_cmd/debug/published_time,67274582641,1785825914723575572
/control/command/control_cmd/debug/published_time,67324582642,1785825914773188684
/control/command/control_cmd/debug/published_time,67374582642,1785825914824144626
/control/command/control_cmd/debug/published_time,67424582643,1785825914873844056
/control/command/control_cmd/debug/published_time,67474582644,1785825914924262612
/control/command/control_cmd/debug/published_time,67524582645,1785825914974677738
/control/command/control_cmd/debug/published_time,67574582645,1785825915024674897
/control/command/control_cmd/debug/published_time,67624582646,1785825915074452715
/control/command/control_cmd/debug/published_time,67674582647,1785825915124269751
/control/command/control_cmd/debug/published_time,67724582647,1785825915175205393
/control/command/control_cmd/debug/published_time,67774582648,1785825915225321808
/control/command/control_cmd/debug/published_time,67824582649,1785825915275157136
/control/command/control_cmd/debug/published_time,67874582650,1785825915325034485
/control/command/control_cmd/debug/published_time,67924582650,1785825915374909306
/control/command/control_cmd/debug/published_time,67974582651,1785825915425686979
/control/command/control_cmd/debug/published_time,68024582652,1785825915475339826
/control/command/control_cmd/debug/published_time,68074582653,1785825915526626165
/control/command/control_cmd/debug/published_time,68124582653,1785825915575603061
/control/command/control_cmd/debug/published_time,68174582654,1785825915626167428
/control/command/control_cmd/debug/published_time,68224582655,1785825915675818379
/control/command/control_cmd/debug/published_time,68274582656,1785825915726397776
/control/command/control_cmd/debug/published_time,68324582656,1785825915776141932
/control/command/control_cmd/debug/published_time,68374582657,1785825915826325313
/control/command/control_cmd/debug/published_time,68424582658,1785825915876387225
/control/command/control_cmd/debug/published_time,68474582659,1785825915926693106
/control/command/control_cmd/debug/published_time,68524582659,1785825915977207964
/control/command/control_cmd/debug/published_time,68574582660,1785825916027402474
/control/command/control_cmd/debug/published_time,68624582661,1785825916077639100
/control/command/control_cmd/debug/published_time,68674582662,1785825916127389799
/control/command/control_cmd/debug/published_time,68724582662,1785825916177444574
/control/command/control_cmd/debug/published_time,68774582663,1785825916227784942
/control/command/control_cmd/debug/published_time,68824582664,1785825916277715262
/control/command/control_cmd/debug/published_time,68874582665,1785825916328235774
/control/command/control_cmd/debug/published_time,68924582665,1785825916377673263
/control/command/control_cmd/debug/published_time,68974582666,1785825916428276026
/control/command/control_cmd/debug/published_time,69024582667,1785825916478222555
/control/command/control_cmd/debug/published_time,69074582668,1785825916528431894
/control/command/control_cmd/debug/published_time,69124582668,1785825916578371774
/control/command/control_cmd/debug/published_time,69174582669,1785825916628123329
/control/command/control_cmd/debug/published_time,69224582670,1785825916678323858
/control/command/control_cmd/debug/published_time,69274582671,1785825916728773152
/control/command/control_cmd/debug/published_time,69324582671,1785825916778412586
/control/command/control_cmd/debug/published_time,69374582672,1785825916828494408
/control/command/control_cmd/debug/published_time,69424582673,1785825916878523119
/control/command/control_cmd/debug/published_time,69474582674,1785825916929206144
/control/command/control_cmd/debug/published_time,69524582674,1785825916978985450
/control/command/control_cmd/debug/published_time,69574582675,1785825917029380987
/control/command/control_cmd/debug/published_time,69624582676,1785825917079552794
/control/command/control_cmd/debug/published_time,69674582677,1785825917128917756
/control/command/control_cmd/debug/published_time,69724582677,1785825917179486692
/control/command/control_cmd/debug/published_time,69774582678,1785825917229470301
/control/command/control_cmd/debug/published_time,69824582679,1785825917279965951
/control/command/control_cmd/debug/published_time,69874582680,1785825917329402606
/control/command/control_cmd/debug/published_time,69924582680,1785825917379306290
/control/command/control_cmd/debug/published_time,69974582681,1785825917430189361
/control/command/control_cmd/debug/published_time,70024582682,1785825917479627216
/control/command/control_cmd/debug/published_time,70074582683,1785825917530359931
/control/command/control_cmd/debug/published_time,70124582683,1785825917579783615
/control/command/control_cmd/debug/published_time,70174582684,1785825917630436881
/control/command/control_cmd/debug/published_time,70224582685,1785825917680619666
/control/command/control_cmd/debug/published_time,70274582685,1785825917730115758
/control/command/control_cmd/debug/published_time,70324582686,1785825917779921881
/control/command/control_cmd/debug/published_time,70374582687,1785825917830225142
/control/command/control_cmd/debug/published_time,70424582688,1785825917880675365
/control/command/control_cmd/debug/published_time,70474582688,1785825917930287286
/control/command/control_cmd/debug/published_time,70524582689,1785825917980388359
/control/command/control_cmd/debug/published_time,70574582690,1785825918030252279
/control/command/control_cmd/debug/published_time,70624582691,1785825918080673265
/control/command/control_cmd/debug/published_time,70674582691,1785825918131084742
/control/command/control_cmd/debug/published_time,70724582692,1785825918181071994
/control/command/control_cmd/debug/published_time,70774582693,1785825918231483003
/control/command/control_cmd/debug/published_time,70824582694,1785825918281700363
/control/command/control_cmd/debug/published_time,70874582694,1785825918331071791
/control/command/control_cmd/debug/published_time,70924582695,1785825918381103217
/control/command/control_cmd/debug/published_time,70974582696,1785825918431479784
/control/command/control_cmd/debug/published_time,71024582697,1785825918481378078
/control/command/control_cmd/debug/published_time,71074582697,1785825918531809584
/control/command/control_cmd/debug/published_time,71124582698,1785825918581476448
/control/command/control_cmd/debug/published_time,71174582699,1785825918632123826
/control/command/control_cmd/debug/published_time,71224582700,1785825918683666635
/control/command/control_cmd/debug/published_time,71274582700,1785825918731889760
/control/command/control_cmd/debug/published_time,71324582701,1785825918781978163
/control/command/control_cmd/debug/published_time,71374582702,1785825918832340359
/control/command/control_cmd/debug/published_time,71424582703,1785825918882408967
/control/command/control_cmd/debug/published_time,71474582703,1785825918932481697
/control/command/control_cmd/debug/published_time,71524582704,1785825918983052742
/control/command/control_cmd/debug/published_time,71574582705,1785825919032975934
/control/command/control_cmd/debug/published_time,71624582706,1785825919082484783
/control/command/control_cmd/debug/published_time,71674582706,1785825919132964772
/control/command/control_cmd/debug/published_time,71724582707,1785825919182834514
/control/command/control_cmd/debug/published_time,71774582708,1785825919233043352
/control/command/control_cmd/debug/published_time,71824582709,1785825919283474125
/control/command/control_cmd/debug/published_time,71874582709,1785825919333460378
/control/command/control_cmd/debug/published_time,71924582710,1785825919383704128
/control/command/control_cmd/debug/published_time,71974582711,1785825919433596113
/control/command/control_cmd/debug/published_time,72024582712,1785825919484090337
/control/command/control_cmd/debug/published_time,72074582712,1785825919534061732
/control/command/control_cmd/debug/published_time,72124582713,1785825919584253793
/control/command/control_cmd/debug/published_time,72174582714,1785825919634271253
/control/command/control_cmd/debug/published_time,72224582715,1785825919684419857
/control/command/control_cmd/debug/published_time,72274582715,1785825919734382442
/control/command/control_cmd/debug/published_time,72324582716,1785825919784244637
/control/command/control_cmd/debug/published_time,72374582717,1785825919834373299
/control/command/control_cmd/debug/published_time,72424582718,1785825919884847612
/control/command/control_cmd/debug/published_time,72474582718,1785825919934497857
/control/command/control_cmd/debug/published_time,72524582719,1785825919984179493
/control/command/control_cmd/debug/published_time,72574582720,1785825920034647861
/control/command/control_cmd/debug/published_time,72624582721,1785825920084730731
/control/command/control_cmd/debug/published_time,72674582721,1785825920135651415
/control/command/control_cmd/debug/published_time,72724582722,1785825920185206480
/control/command/control_cmd/debug/published_time,72774582723,1785825920235567121
/control/command/control_cmd/debug/published_time,72824582723,1785825920286041919
/control/command/control_cmd/debug/published_time,72874582724,1785825920336232160
/control/command/control_cmd/debug/published_time,72924582725,1785825920386358454
/control/command/control_cmd/debug/published_time,72974582726,1785825920435952209
/control/command/control_cmd/debug/published_time,73024582726,1785825920486215309
/control/command/control_cmd/debug/published_time,73074582727,1785825920536989369
/control/command/control_cmd/debug/published_time,73124582728,1785825920586036819
/control/command/control_cmd/debug/published_time,73174582729,1785825920636982371
/control/command/control_cmd/debug/published_time,73224582729,1785825920686703353
/control/command/control_cmd/debug/published_time,73274582730,1785825920737130800
/control/command/control_cmd/debug/published_time,73324582731,1785825920786261163
/control/command/control_cmd/debug/published_time,73374582732,1785825920837176973
/control/command/control_cmd/debug/published_time,73424582732,1785825920886641283
/control/command/control_cmd/debug/published_time,73474582733,1785825920937095985
/control/command/control_cmd/debug/published_time,73524582734,1785825920986883295
/control/command/control_cmd/debug/published_time,73574582735,1785825921037188850
/control/command/control_cmd/debug/published_time,73624582735,1785825921087290754
/control/command/control_cmd/debug/published_time,73674582736,1785825921137507029
/control/command/control_cmd/debug/published_time,73724582737,1785825921188218092
/control/command/control_cmd/debug/published_time,73774582738,1785825921237746849
/control/command/control_cmd/debug/published_time,73824582738,1785825921287660361
/control/command/control_cmd/debug/published_time,73874582739,1785825921337414635
/control/command/control_cmd/debug/published_time,73924582740,1785825921387587399
/control/command/control_cmd/debug/published_time,73974582741,1785825921438460789
/control/command/control_cmd/debug/published_time,74024582741,1785825921487715753
/control/command/control_cmd/debug/published_time,74074582742,1785825921538743193
/control/command/control_cmd/debug/published_time,74124582743,1785825921588680535
/control/command/control_cmd/debug/published_time,74174582744,1785825921638714217
/control/command/control_cmd/debug/published_time,74224582744,1785825921689742465
/control/command/control_cmd/debug/published_time,74274582745,1785825921739032418
/control/command/control_cmd/debug/published_time,74324582746,1785825921789026123
/control/command/control_cmd/debug/published_time,74374582747,1785825921839438390
/control/command/control_cmd/debug/published_time,74424582747,1785825921889297193
/control/command/control_cmd/debug/published_time,74474582748,1785825921939066768
/control/command/control_cmd/debug/published_time,74524582749,1785825921989758883
/control/command/control_cmd/debug/published_time,74574582750,1785825922040014035
/control/command/control_cmd/debug/published_time,74624582750,1785825922089837783
/control/command/control_cmd/debug/published_time,74674582751,1785825922139799373
/control/command/control_cmd/debug/published_time,74724582752,1785825922189923508
/control/command/control_cmd/debug/published_time,74774582753,1785825922240167565
/control/command/control_cmd/debug/published_time,74824582753,1785825922290047087
/control/command/control_cmd/debug/published_time,74874582754,1785825922340230646
/control/command/control_cmd/debug/published_time,74924582755,1785825922390418581
/control/command/control_cmd/debug/published_time,74974582756,1785825922441382750
/control/command/control_cmd/debug/published_time,75024582756,1785825922490791349
/control/command/control_cmd/debug/published_time,75074582757,1785825922540973345
/control/command/control_cmd/debug/published_time,75124582758,1785825922591077146
/control/command/control_cmd/debug/published_time,75174582759,1785825922641183789
/control/command/control_cmd/debug/published_time,75224582759,1785825922691364741
/control/command/control_cmd/debug/published_time,75274582760,1785825922742136123
/control/command/control_cmd/debug/published_time,75324582761,1785825922791127654
/control/command/control_cmd/debug/published_time,75374582761,1785825922841774359
/control/command/control_cmd/debug/published_time,75424582762,1785825922892356750
/control/command/control_cmd/debug/published_time,75474582763,1785825922942202500
/control/command/control_cmd/debug/published_time,75524582764,1785825922991921480
/control/command/control_cmd/debug/published_time,75574582764,1785825923042005641
/control/command/control_cmd/debug/published_time,75624582765,1785825923092279675
/control/command/control_cmd/debug/published_time,75674582766,1785825923142439630
/control/command/control_cmd/debug/published_time,75724582767,1785825923191823120
/control/command/control_cmd/debug/published_time,75774582767,1785825923242238528
/control/command/control_cmd/debug/published_time,75824582768,1785825923292380520
/control/command/control_cmd/debug/published_time,75874582769,1785825923342491759
/control/command/control_cmd/debug/published_time,75924582770,1785825923392657584
/control/command/control_cmd/debug/published_time,75974582770,1785825923443010945
/control/command/control_cmd/debug/published_time,76024582771,1785825923493618706
/control/command/control_cmd/debug/published_time,76074582772,1785825923543082637
/control/command/control_cmd/debug/published_time,76124582773,1785825923593842850
/control/command/control_cmd/debug/published_time,76174582773,1785825923643384174
/control/command/control_cmd/debug/published_time,76224582774,1785825923693347098
/control/command/control_cmd/debug/published_time,76274582775,1785825923744384875
/control/command/control_cmd/debug/published_time,76324582776,1785825923793839362
/control/command/control_cmd/debug/published_time,76374582776,1785825923843598136
/control/command/control_cmd/debug/published_time,76424582777,1785825923893981426
/control/command/control_cmd/debug/published_time,76474582778,1785825923944078141
/control/command/control_cmd/debug/published_time,76524582779,1785825923993867956
/control/command/control_cmd/debug/published_time,76574582779,1785825924044542352
/control/command/control_cmd/debug/published_time,76624582780,1785825924094239087
/control/command/control_cmd/debug/published_time,76674582781,1785825924144123113
/control/command/control_cmd/debug/published_time,76724582782,1785825924194491383
/control/command/control_cmd/debug/published_time,76774582782,1785825924244883149
/control/command/control_cmd/debug/published_time,76824582783,1785825924295131491
/control/command/control_cmd/debug/published_time,76874582784,1785825924345074254
/control/command/control_cmd/debug/published_time,76924582785,1785825924394653228
/control/command/control_cmd/debug/published_time,76974582785,1785825924445342251
/control/command/control_cmd/debug/published_time,77024582786,1785825924495585511
/control/command/control_cmd/debug/published_time,77074582787,1785825924545859069
/control/command/control_cmd/debug/published_time,77124582788,1785825924595492032
/control/command/control_cmd/debug/published_time,77174582788,1785825924645978997
/control/command/control_cmd/debug/published_time,77224582789,1785825924695441939
/control/command/control_cmd/debug/published_time,77274582790,1785825924746040935
/control/command/control_cmd/debug/published_time,77324582791,1785825924796450461
/control/command/control_cmd/debug/published_time,77374582791,1785825924845540751
/control/command/control_cmd/debug/published_time,77424582792,1785825924896351683
/control/command/control_cmd/debug/published_time,77474582793,1785825924945551652
/control/command/control_cmd/debug/published_time,77524582794,1785825924996236281
/control/command/control_cmd/debug/published_time,77574582794,1785825925046205422
/control/command/control_cmd/debug/published_time,77624582795,1785825925096442762
/control/command/control_cmd/debug/published_time,77674582796,1785825925146587744
/control/command/control_cmd/debug/published_time,77724582797,1785825925196488319
/control/command/control_cmd/debug/published_time,77774582797,1785825925246906691
/control/command/control_cmd/debug/published_time,77824582798,1785825925300913178
/control/command/control_cmd/debug/published_time,77874582799,1785825925346547863
/control/command/control_cmd/debug/published_time,77924582799,1785825925396916425
/control/command/control_cmd/debug/published_time,77974582800,1785825925446825127
/control/command/control_cmd/debug/published_time,78024582801,1785825925496786423
/control/command/control_cmd/debug/published_time,78074582802,1785825925547381583
/control/command/control_cmd/debug/published_time,78124582802,1785825925597739030
/control/command/control_cmd/debug/published_time,78174582803,1785825925648693454
/control/command/control_cmd/debug/published_time,78224582804,1785825925697852763
/control/command/control_cmd/debug/published_time,78274582805,1785825925748868134
/control/command/control_cmd/debug/published_time,78324582805,1785825925797978282
/control/command/control_cmd/debug/published_time,78374582806,1785825925848194437
/control/command/control_cmd/debug/published_time,78424582807,1785825925898658661
/control/command/control_cmd/debug/published_time,78474582808,1785825925948432914
/control/command/control_cmd/debug/published_time,78524582808,1785825925997873336
/control/command/control_cmd/debug/published_time,78574582809,1785825926047883625
/control/command/control_cmd/debug/published_time,78624582810,1785825926097761920
/control/command/control_cmd/debug/published_time,78674582811,1785825926148728367
/control/command/control_cmd/debug/published_time,78724582811,1785825926197999148
/control/command/control_cmd/debug/published_time,78774582812,1785825926248527008
/control/command/control_cmd/debug/published_time,78824582813,1785825926299338021
/control/command/control_cmd/debug/published_time,78874582814,1785825926348423007
/control/command/control_cmd/debug/published_time,78924582814,1785825926399065766
/control/command/control_cmd/debug/published_time,78974582815,1785825926449486640
/control/command/control_cmd/debug/published_time,79024582816,1785825926503094702
/control/command/control_cmd/debug/published_time,79074582817,1785825926549206651
/control/command/control_cmd/debug/published_time,79124582817,1785825926599048830
/control/command/control_cmd/debug/published_time,79174582818,1785825926650016418
/control/command/control_cmd/debug/published_time,79224582819,1785825926699393122
/control/command/control_cmd/debug/published_time,79274582820,1785825926749663483
/control/command/control_cmd/debug/published_time,79324582820,1785825926800069757
/control/command/control_cmd/debug/published_time,79374582821,1785825926849508295
/control/command/control_cmd/debug/published_time,79424582822,1785825926899952635
/control/command/control_cmd/debug/published_time,79474582823,1785825926950317784
/control/command/control_cmd/debug/published_time,79524582823,1785825926999919473
/control/command/control_cmd/debug/published_time,79574582824,1785825927050384139
/control/command/control_cmd/debug/published_time,79624582825,1785825927100452546
/control/command/control_cmd/debug/published_time,79674582826,1785825927150597101
/control/command/control_cmd/debug/published_time,79724582826,1785825927200706868
/control/command/control_cmd/debug/published_time,79774582827,1785825927250522655
/control/command/control_cmd/debug/published_time,79824582828,1785825927301386629
/control/command/control_cmd/debug/published_time,79874582829,1785825927351685520
/control/command/control_cmd/debug/published_time,79924582829,1785825927400795041
/control/command/control_cmd/debug/published_time,79974582830,1785825927451157502
/control/command/control_cmd/debug/published_time,80024582831,1785825927501869732
/control/command/control_cmd/debug/published_time,80074582832,1785825927551637563
/control/command/control_cmd/debug/published_time,80124582832,1785825927601619954
/control/command/control_cmd/debug/published_time,80174582833,1785825927653219651
/control/command/control_cmd/debug/published_time,80224582834,1785825927702039213
/control/command/control_cmd/debug/published_time,80274582835,1785825927752699550
/control/command/control_cmd/debug/published_time,80324582835,1785825927802646714
/control/command/control_cmd/debug/published_time,80374582836,1785825927852197082
/control/command/control_cmd/debug/published_time,80424582837,1785825927901849229
/control/command/control_cmd/debug/published_time,80474582837,1785825927952744138
/control/command/control_cmd/debug/published_time,80524582838,1785825928002541533
/control/command/control_cmd/debug/published_time,80574582839,1785825928052844165
/control/command/control_cmd/debug/published_time,80624582840,1785825928102561403
/control/command/control_cmd/debug/published_time,80674582840,1785825928153555941
/control/command/control_cmd/debug/published_time,80724582841,1785825928202646834
/control/command/control_cmd/debug/published_time,80774582842,1785825928252785856
/control/command/control_cmd/debug/published_time,80824582843,1785825928303517955
/control/command/control_cmd/debug/published_time,80874582843,1785825928353551235
/control/command/control_cmd/debug/published_time,80924582844,1785825928403622486
/control/command/control_cmd/debug/published_time,80974582845,1785825928453706500
/control/command/control_cmd/debug/published_time,81024582846,1785825928504107830
/control/command/control_cmd/debug/published_time,81074582846,1785825928554209762
/control/command/control_cmd/debug/published_time,81124582847,1785825928604213080
/control/command/control_cmd/debug/published_time,81174582848,1785825928654163488
/control/command/control_cmd/debug/published_time,81224582849,1785825928704118721
/control/command/control_cmd/debug/published_time,81274582849,1785825928755383418
/control/command/control_cmd/debug/published_time,81324582850,1785825928804694815
/control/command/control_cmd/debug/published_time,81374582851,1785825928853950203
/control/command/control_cmd/debug/published_time,81424582852,1785825928904293919
/control/command/control_cmd/debug/published_time,81474582852,1785825928955374719
/control/command/control_cmd/debug/published_time,81524582853,1785825929004490419
/control/command/control_cmd/debug/published_time,81574582854,1785825929054727141
/control/command/control_cmd/debug/published_time,81624582855,1785825929105218498
/control/command/control_cmd/debug/published_time,81674582855,1785825929155624303
/control/command/control_cmd/debug/published_time,81724582856,1785825929205180397
/control/command/control_cmd/debug/published_time,81774582857,1785825929255651289
/control/command/control_cmd/debug/published_time,81824582858,1785825929305730270
/control/command/control_cmd/debug/published_time,81874582858,1785825929355366993
/control/command/control_cmd/debug/published_time,81924582859,1785825929405383643
/control/command/control_cmd/debug/published_time,81974582860,1785825929455546112
/control/command/control_cmd/debug/published_time,82024582861,1785825929506194316
/control/command/control_cmd/debug/published_time,82074582861,1785825929555660719
/control/command/control_cmd/debug/published_time,82124582862,1785825929605905051
/control/command/control_cmd/debug/published_time,82174582863,1785825929656280677
/control/command/control_cmd/debug/published_time,82224582864,1785825929706036120
/control/command/control_cmd/debug/published_time,82274582864,1785825929757015362
/control/command/control_cmd/debug/published_time,82324582865,1785825929806654662
/control/command/control_cmd/debug/published_time,82374582866,1785825929856019872
/control/command/control_cmd/debug/published_time,82424582867,1785825929906356651
/control/command/control_cmd/debug/published_time,82474582867,1785825929957106023
/control/command/control_cmd/debug/published_time,82524582868,1785825930006413283
/control/command/control_cmd/debug/published_time,82574582869,1785825930057017016
/control/command/control_cmd/debug/published_time,82624582870,1785825930107172562
/control/command/control_cmd/debug/published_time,82674582870,1785825930157452454
/control/command/control_cmd/debug/published_time,82724582871,1785825930207210941
/control/command/control_cmd/debug/published_time,82774582872,1785825930257938455
/control/command/control_cmd/debug/published_time,82824582873,1785825930308120749
/control/command/control_cmd/debug/published_time,82874582873,1785825930357655657
/control/command/control_cmd/debug/published_time,82924582874,1785825930407995225
/control/command/control_cmd/debug/published_time,82974582875,1785825930458429429
/control/command/control_cmd/debug/published_time,83024582875,1785825930508412397
/control/command/control_cmd/debug/published_time,83074582876,1785825930558726081
/control/command/control_cmd/debug/published_time,83124582877,1785825930608145798
/control/command/control_cmd/debug/published_time,83174582878,1785825930658186563
/control/command/control_cmd/debug/published_time,83224582878,1785825930709006711
/control/command/control_cmd/debug/published_time,83274582879,1785825930759141760
/control/command/control_cmd/debug/published_time,83324582880,1785825930808879020
/control/command/control_cmd/debug/published_time,83374582881,1785825930858664123
/control/command/control_cmd/debug/published_time,83424582881,1785825930908344024
/control/command/control_cmd/debug/published_time,83474582882,1785825930959189445
/control/command/control_cmd/debug/published_time,83524582883,1785825931010362563
/control/command/control_cmd/debug/published_time,83574582884,1785825931059568632
/control/command/control_cmd/debug/published_time,83624582884,1785825931109471064
/control/command/control_cmd/debug/published_time,83674582885,1785825931160157694
/control/command/control_cmd/debug/published_time,83724582886,1785825931209453066
/control/command/control_cmd/debug/published_time,83774582887,1785825931259705509
/control/command/control_cmd/debug/published_time,83824582887,1785825931310479325
/control/command/control_cmd/debug/published_time,83874582888,1785825931360184795
/control/command/control_cmd/debug/published_time,83924582889,1785825931410334486
/control/command/control_cmd/debug/published_time,83974582890,1785825931460800202
/control/command/control_cmd/debug/published_time,84024582890,1785825931510292071
/control/command/control_cmd/debug/published_time,84074582891,1785825931561165072
/control/command/control_cmd/debug/published_time,84124582892,1785825931610354006
/control/command/control_cmd/debug/published_time,84174582893,1785825931661116806
/control/command/control_cmd/debug/published_time,84224582893,1785825931711109171
/control/command/control_cmd/debug/published_time,84274582894,1785825931762074381
/control/command/control_cmd/debug/published_time,84324582895,1785825931812049860
/control/command/control_cmd/debug/published_time,84374582896,1785825931862026324
/control/command/control_cmd/debug/published_time,84424582896,1785825931911618219
/control/command/control_cmd/debug/published_time,84474582897,1785825931962111284
/control/command/control_cmd/debug/published_time,84524582898,1785825932012313228
/control/command/control_cmd/debug/published_time,84574582899,1785825932062438248
/control/command/control_cmd/debug/published_time,84624582899,1785825932112822751
/control/command/control_cmd/debug/published_time,84674582900,1785825932162328747
/control/command/control_cmd/debug/published_time,84724582901,1785825932215151277
/control/command/control_cmd/debug/published_time,84774582902,1785825932263264295
/control/command/control_cmd/debug/published_time,84824582902,1785825932312778248
/control/command/control_cmd/debug/published_time,84874582903,1785825932362469959
/control/command/control_cmd/debug/published_time,84924582904,1785825932412681890
/control/command/control_cmd/debug/published_time,84974582905,1785825932463665411
/control/command/control_cmd/debug/published_time,85024582905,1785825932512416392
/control/command/control_cmd/debug/published_time,85074582906,1785825932563423164
/control/command/control_cmd/debug/published_time,85124582907,1785825932612992917
/control/command/control_cmd/debug/published_time,85174582908,1785825932663530051
/control/command/control_cmd/debug/published_time,85224582908,1785825932713975414
/control/command/control_cmd/debug/published_time,85274582909,1785825932763613909
/control/command/control_cmd/debug/published_time,85324582910,1785825932813257534
/control/command/control_cmd/debug/published_time,85374582911,1785825932864090145
/control/command/control_cmd/debug/published_time,85424582911,1785825932913734740
/control/command/control_cmd/debug/published_time,85474582912,1785825932964247490
/control/command/control_cmd/debug/published_time,85524582913,1785825933014544544
/control/command/control_cmd/debug/published_time,85574582913,1785825933064289372
/control/command/control_cmd/debug/published_time,85624582914,1785825933114731230
/control/command/control_cmd/debug/published_time,85674582915,1785825933164527968
/control/command/control_cmd/debug/published_time,85724582916,1785825933214581967
/control/command/control_cmd/debug/published_time,85774582916,1785825933264640901
/control/command/control_cmd/debug/published_time,85824582917,1785825933315416196
/control/command/control_cmd/debug/published_time,85874582918,1785825933365218460
/control/command/control_cmd/debug/published_time,85924582919,1785825933414702884
/control/command/control_cmd/debug/published_time,85974582919,1785825933465267660
/control/command/control_cmd/debug/published_time,86024582920,1785825933515352446
/control/command/control_cmd/debug/published_time,86074582921,1785825933566146900
/control/command/control_cmd/debug/published_time,86124582922,1785825933615932542
/control/command/control_cmd/debug/published_time,86174582922,1785825933665650967
/control/command/control_cmd/debug/published_time,86224582923,1785825933715274063
/control/command/control_cmd/debug/published_time,86274582924,1785825933766019387
/control/command/control_cmd/debug/published_time,86324582925,1785825933815024283
/control/command/control_cmd/debug/published_time,86374582925,1785825933866027262
/control/command/control_cmd/debug/published_time,86424582926,1785825933915971351
/control/command/control_cmd/debug/published_time,86474582927,1785825933965752503
/control/command/control_cmd/debug/published_time,86524582928,1785825934015864402
/control/command/control_cmd/debug/published_time,86574582928,1785825934065961848
/control/command/control_cmd/debug/published_time,86624582929,1785825934116745402
/control/command/control_cmd/debug/published_time,86674582930,1785825934166456940
/control/command/control_cmd/debug/published_time,86724582931,1785825934216389027
/control/command/control_cmd/debug/published_time,86774582931,1785825934266017403
/control/command/control_cmd/debug/published_time,86824582932,1785825934317062036
/control/command/control_cmd/debug/published_time,86874582933,1785825934367048281
/control/command/control_cmd/debug/published_time,86924582934,1785825934417622380
/control/command/control_cmd/debug/published_time,86974582934,1785825934467282855
/control/command/control_cmd/debug/published_time,87024582935,1785825934517400594
/control/command/control_cmd/debug/published_time,87074582936,1785825934566979635
/control/command/control_cmd/debug/published_time,87124582937,1785825934617078668
/control/command/control_cmd/debug/published_time,87174582937,1785825934668445305
/control/command/control_cmd/debug/published_time,87224582938,1785825934718002522
/control/command/control_cmd/debug/published_time,87274582939,1785825934767567427
/control/command/control_cmd/debug/published_time,87324582940,1785825934817561710
/control/command/control_cmd/debug/published_time,87374582940,1785825934867299785
/control/command/control_cmd/debug/published_time,87424582941,1785825934918678604
/control/command/control_cmd/debug/published_time,87474582942,1785825934968300370
/control/command/control_cmd/debug/published_time,87524582943,1785825935018425179
/control/command/control_cmd/debug/published_time,87574582943,1785825935070232291
/control/command/control_cmd/debug/published_time,87624582944,1785825935118675594
/control/command/control_cmd/debug/published_time,87674582945,1785825935168534196
/control/command/control_cmd/debug/published_time,87724582946,1785825935218186234
/control/command/control_cmd/debug/published_time,87774582946,1785825935268756465
/control/command/control_cmd/debug/published_time,87824582947,1785825935319957595
/control/command/control_cmd/debug/published_time,87874582948,1785825935369053022
/control/command/control_cmd/debug/published_time,87924582949,1785825935419069095
/control/command/control_cmd/debug/published_time,87974582949,1785825935469368785
/control/command/control_cmd/debug/published_time,88024582950,1785825935519061971
/control/command/control_cmd/debug/published_time,88074582951,1785825935569315120
/control/command/control_cmd/debug/published_time,88124582951,1785825935620370712
/control/command/control_cmd/debug/published_time,88174582952,1785825935669952326
/control/command/control_cmd/debug/published_time,88224582953,1785825935719818652
/control/command/control_cmd/debug/published_time,88274582954,1785825935769993385
/control/command/control_cmd/debug/published_time,88324582954,1785825935819687606
/control/command/control_cmd/debug/published_time,88374582955,1785825935870285609
/control/command/control_cmd/debug/published_time,88424582956,1785825935921393994
/control/command/control_cmd/debug/published_time,88474582957,1785825935970473280
/control/command/control_cmd/debug/published_time,88524582957,1785825936022026086
/control/command/control_cmd/debug/published_time,88574582958,1785825936071486695
/control/command/control_cmd/debug/published_time,88624582959,1785825936121485922
/control/command/control_cmd/debug/published_time,88674582960,1785825936170856285
/control/command/control_cmd/debug/published_time,88724582960,1785825936221169520
/control/command/control_cmd/debug/published_time,88774582961,1785825936271617819
/control/command/control_cmd/debug/published_time,88824582962,1785825936322124241
/control/command/control_cmd/debug/published_time,88874582963,1785825936371465281
/control/command/control_cmd/debug/published_time,88924582963,1785825936421666633
/control/command/control_cmd/debug/published_time,88974582964,1785825936471287784
/control/command/control_cmd/debug/published_time,89024582965,1785825936521549023
/control/command/control_cmd/debug/published_time,89074582966,1785825936571638892
/control/command/control_cmd/debug/published_time,89124582966,1785825936621707672
/control/command/control_cmd/debug/published_time,89174582967,1785825936672029236
/control/command/control_cmd/debug/published_time,89224582968,1785825936721882456
/control/command/control_cmd/debug/published_time,89274582969,1785825936773040315
/control/command/control_cmd/debug/published_time,89324582969,1785825936822042291
/control/command/control_cmd/debug/published_time,89374582970,1785825936873331350
/control/command/control_cmd/debug/published_time,89424582971,1785825936922730838
/control/command/control_cmd/debug/published_time,89474582972,1785825936972554375
/control/command/control_cmd/debug/published_time,89524582972,1785825937022682486
/control/command/control_cmd/debug/published_time,89574582973,1785825937073098617
/control/command/control_cmd/debug/published_time,89624582974,1785825937123469601
/control/command/control_cmd/debug/published_time,89674582975,1785825937173563969
/control/command/control_cmd/debug/published_time,89724582975,1785825937223907119
/control/command/control_cmd/debug/published_time,89774582976,1785825937274241309
/control/command/control_cmd/debug/published_time,89824582977,1785825937324384547
/control/command/control_cmd/debug/published_time,89874582978,1785825937374214278
/control/command/control_cmd/debug/published_time,89924582978,1785825937423615520
/control/command/control_cmd/debug/published_time,89974582979,1785825937474119809
/control/command/control_cmd/debug/published_time,90024582980,1785825937524106792
/control/command/control_cmd/debug/published_time,90074582981,1785825937574238773
/control/command/control_cmd/debug/published_time,90124582981,1785825937624738967
/control/command/control_cmd/debug/published_time,90174582982,1785825937674227094
/control/command/control_cmd/debug/published_time,90224582983,1785825937724646535
/control/command/control_cmd/debug/published_time,90274582984,1785825937775085863
/control/command/control_cmd/debug/published_time,90324582984,1785825937824556479
/control/command/control_cmd/debug/published_time,90374582985,1785825937875277173
/control/command/control_cmd/debug/published_time,90424582986,1785825937924516891
/control/command/control_cmd/debug/published_time,90474582987,1785825937974999324
/control/command/control_cmd/debug/published_time,90524582987,1785825938025644033
/control/command/control_cmd/debug/published_time,90574582988,1785825938075630716
/control/command/control_cmd/debug/published_time,90624582989,1785825938125557998
/control/command/control_cmd/debug/published_time,90674582989,1785825938176036388
/control/command/control_cmd/debug/published_time,90724582990,1785825938225901073
/control/command/control_cmd/debug/published_time,90774582991,1785825938275934621
/control/command/control_cmd/debug/published_time,90824582992,1785825938326583923
/control/command/control_cmd/debug/published_time,90874582992,1785825938375701996
/control/command/control_cmd/debug/published_time,90924582993,1785825938426324559
/control/command/control_cmd/debug/published_time,90974582994,1785825938476586693
/control/command/control_cmd/debug/published_time,91024582995,1785825938526622315
/control/command/control_cmd/debug/published_time,91074582995,1785825938576905585
/control/command/control_cmd/debug/published_time,91124582996,1785825938626745147
/control/command/control_cmd/debug/published_time,91174582997,1785825938677505946
/control/command/control_cmd/debug/published_time,91224582998,1785825938727006883
/control/command/control_cmd/debug/published_time,91274582998,1785825938776795748
/control/command/control_cmd/debug/published_time,91324582999,1785825938826713176
/control/command/control_cmd/debug/published_time,91374583000,1785825938877230562
/control/command/control_cmd/debug/published_time,91424583001,1785825938927833713
/control/command/control_cmd/debug/published_time,91474583001,1785825938977292650
/control/command/control_cmd/debug/published_time,91524583002,1785825939028080952
/control/command/control_cmd/debug/published_time,91574583003,1785825939077883859
/control/command/control_cmd/debug/published_time,91624583004,1785825939127929275
/control/command/control_cmd/debug/published_time,91674583004,1785825939178143768
/control/command/control_cmd/debug/published_time,91724583005,1785825939228228315
/control/command/control_cmd/debug/published_time,91774583006,1785825939278321536
/control/command/control_cmd/debug/published_time,91824583007,1785825939328165645
/control/command/control_cmd/debug/published_time,91874583007,1785825939378298769
/control/command/control_cmd/debug/published_time,91924583008,1785825939428655445
/control/command/control_cmd/debug/published_time,91974583009,1785825939478245542
/control/command/control_cmd/debug/published_time,92024583010,1785825939528597627
/control/command/control_cmd/debug/published_time,92074583010,1785825939578735211
/control/command/control_cmd/debug/published_time,92124583011,1785825939628664432
/control/command/control_cmd/debug/published_time,92174583012,1785825939679236243
/control/command/control_cmd/debug/published_time,92224583013,1785825939729817404
/control/command/control_cmd/debug/published_time,92274583013,1785825939779397958
/control/command/control_cmd/debug/published_time,92324583014,1785825939829397033
/control/command/control_cmd/debug/published_time,92374583015,1785825939879771670
/control/command/control_cmd/debug/published_time,92424583016,1785825939930146315
/control/command/control_cmd/debug/published_time,92474583016,1785825939980125765
/control/command/control_cmd/debug/published_time,92524583017,1785825940030257064
/control/command/control_cmd/debug/published_time,92574583018,1785825940080570436
/control/command/control_cmd/debug/published_time,92624583019,1785825940130449660
/control/command/control_cmd/debug/published_time,92674583019,1785825940180826726
/control/command/control_cmd/debug/published_time,92724583020,1785825940230469548
/control/command/control_cmd/debug/published_time,92774583021,1785825940280678755
/control/command/control_cmd/debug/published_time,92824583022,1785825940331032457
/control/command/control_cmd/debug/published_time,92874583022,1785825940380960302
/control/command/control_cmd/debug/published_time,92924583023,1785825940431399352
/control/command/control_cmd/debug/published_time,92974583024,1785825940481226430
/control/command/control_cmd/debug/published_time,93024583024,1785825940532380135
/control/command/control_cmd/debug/published_time,93074583025,1785825940581614557
/control/command/control_cmd/debug/published_time,93124583026,1785825940631800745
/control/command/control_cmd/debug/published_time,93174583027,1785825940682517164
/control/command/control_cmd/debug/published_time,93224583027,1785825940732317213
/control/command/control_cmd/debug/published_time,93274583028,1785825940782156843
/control/command/control_cmd/debug/published_time,93324583029,1785825940833002907
/control/command/control_cmd/debug/published_time,93374583030,1785825940883695952
/control/command/control_cmd/debug/published_time,93424583030,1785825940932697786
/control/command/control_cmd/debug/published_time,93474583031,1785825940982827379
/control/command/control_cmd/debug/published_time,93524583032,1785825941033645605
/control/command/control_cmd/debug/published_time,93574583033,1785825941083249532
/control/command/control_cmd/debug/published_time,93624583033,1785825941132814870
/control/command/control_cmd/debug/published_time,93674583034,1785825941183341891
/control/command/control_cmd/debug/published_time,93724583035,1785825941233497763
/control/command/control_cmd/debug/published_time,93774583036,1785825941284065313
/control/command/control_cmd/debug/published_time,93824583036,1785825941334192432
/control/command/control_cmd/debug/published_time,93874583037,1785825941383002667
/control/command/control_cmd/debug/published_time,93924583038,1785825941434118028
/control/command/control_cmd/debug/published_time,93974583039,1785825941483282667
/control/command/control_cmd/debug/published_time,94024583039,1785825941533593733
/control/command/control_cmd/debug/published_time,94074583040,1785825941583848946
/control/command/control_cmd/debug/published_time,94124583041,1785825941635113872
/control/command/control_cmd/debug/published_time,94174583042,1785825941684252138
/control/command/control_cmd/debug/published_time,94224583042,1785825941733874571
/control/command/control_cmd/debug/published_time,94274583043,1785825941784048544
/control/command/control_cmd/debug/published_time,94324583044,1785825941834207511
/control/command/control_cmd/debug/published_time,94374583045,1785825941885201297
/control/command/control_cmd/debug/published_time,94424583045,1785825941934170264
/control/command/control_cmd/debug/published_time,94474583046,1785825941985052563
/control/command/control_cmd/debug/published_time,94524583047,1785825942034449099
/control/command/control_cmd/debug/published_time,94574583048,1785825942085078022
/control/command/control_cmd/debug/published_time,94624583048,1785825942135679804
/control/command/control_cmd/debug/published_time,94674583049,1785825942185711791
/control/command/control_cmd/debug/published_time,94724583050,1785825942235455731
/control/command/control_cmd/debug/published_time,94774583051,1785825942285942041
/control/command/control_cmd/debug/published_time,94824583051,1785825942335693787
/control/command/control_cmd/debug/published_time,94874583052,1785825942385377403
/control/command/control_cmd/debug/published_time,94924583053,1785825942436164609
/control/command/control_cmd/debug/published_time,94974583054,1785825942486906727
/control/command/control_cmd/debug/published_time,95024583054,1785825942536404339
/control/command/control_cmd/debug/published_time,95074583055,1785825942587048671
/control/command/control_cmd/debug/published_time,95124583056,1785825942636537162
/control/command/control_cmd/debug/published_time,95174583057,1785825942686347055
/control/command/control_cmd/debug/published_time,95224583057,1785825942736899276
/control/command/control_cmd/debug/published_time,95274583058,1785825942787329470
/control/command/control_cmd/debug/published_time,95324583059,1785825942836440279
/control/command/control_cmd/debug/published_time,95374583060,1785825942886854800
/control/command/control_cmd/debug/published_time,95424583060,1785825942937047166
/control/command/control_cmd/debug/published_time,95474583061,1785825942987460203
/control/command/control_cmd/debug/published_time,95524583062,1785825943037401699
/control/command/control_cmd/debug/published_time,95574583062,1785825943088480232
/control/command/control_cmd/debug/published_time,95624583063,1785825943137069166
/control/command/control_cmd/debug/published_time,95674583064,1785825943188259322
/control/command/control_cmd/debug/published_time,95724583065,1785825943238068953
/control/command/control_cmd/debug/published_time,95774583065,1785825943287698290
/control/command/control_cmd/debug/published_time,95824583066,1785825943338133794
/control/command/control_cmd/debug/published_time,95874583067,1785825943387543723
/control/command/control_cmd/debug/published_time,95924583068,1785825943439467782
/control/command/control_cmd/debug/published_time,95974583068,1785825943488598295
/control/command/control_cmd/debug/published_time,96024583069,1785825943540150433
/control/command/control_cmd/debug/published_time,96074583070,1785825943588409386
/control/command/control_cmd/debug/published_time,96124583071,1785825943638908563
/control/command/control_cmd/debug/published_time,96174583071,1785825943688714058
/control/command/control_cmd/debug/published_time,96224583072,1785825943738956006
/control/command/control_cmd/debug/published_time,96274583073,1785825943788895231
/control/command/control_cmd/debug/published_time,96324583074,1785825943839988879
/control/command/control_cmd/debug/published_time,96374583074,1785825943889614811
/control/command/control_cmd/debug/published_time,96424583075,1785825943939576601
/control/command/control_cmd/debug/published_time,96474583076,1785825943989959109
/control/command/control_cmd/debug/published_time,96524583077,1785825944039213359
/control/command/control_cmd/debug/published_time,96574583077,1785825944090162473
/control/command/control_cmd/debug/published_time,96624583078,1785825944139901014
/control/command/control_cmd/debug/published_time,96674583079,1785825944190315651
/control/command/control_cmd/debug/published_time,96724583080,1785825944240525152
/control/command/control_cmd/debug/published_time,96774583080,1785825944290786254
/control/command/control_cmd/debug/published_time,96824583081,1785825944340915293
/control/command/control_cmd/debug/published_time,96874583082,1785825944391864875
/control/command/control_cmd/debug/published_time,96924583083,1785825944441685252
/control/command/control_cmd/debug/published_time,96974583083,1785825944490954492
/control/command/control_cmd/debug/published_time,97024583084,1785825944540824176
/control/command/control_cmd/debug/published_time,97074583085,1785825944591120987
/control/command/control_cmd/debug/published_time,97124583086,1785825944641065261
/control/command/control_cmd/debug/published_time,97174583086,1785825944691541538
/control/command/control_cmd/debug/published_time,97224583087,1785825944740950135
/control/command/control_cmd/debug/published_time,97274583088,1785825944791439120
/control/command/control_cmd/debug/published_time,97324583089,1785825944841536124
/control/command/control_cmd/debug/published_time,97374583089,1785825944892129583
/control/command/control_cmd/debug/published_time,97424583090,1785825944941761857
/control/command/control_cmd/debug/published_time,97474583091,1785825944991796411
/control/command/control_cmd/debug/published_time,97524583092,1785825945042063630
/control/command/control_cmd/debug/published_time,97574583092,1785825945092268137
/control/command/control_cmd/debug/published_time,97624583093,1785825945142153331
/control/command/control_cmd/debug/published_time,97674583094,1785825945192561410
/control/command/control_cmd/debug/published_time,97724583095,1785825945242484954
/control/command/control_cmd/debug/published_time,97774583095,1785825945292413075
/control/command/control_cmd/debug/published_time,97824583096,1785825945342582615
/control/command/control_cmd/debug/published_time,97874583097,1785825945392487378
/control/command/control_cmd/debug/published_time,97924583098,1785825945442960341
/control/command/control_cmd/debug/published_time,97974583098,1785825945492886066
/control/command/control_cmd/debug/published_time,98024583099,1785825945544067324
/control/command/control_cmd/debug/published_time,98074583100,1785825945593244415
/control/command/control_cmd/debug/published_time,98124583100,1785825945643706315
/control/command/control_cmd/debug/published_time,98174583101,1785825945693677059
/control/command/control_cmd/debug/published_time,98224583102,1785825945743853196
/control/command/control_cmd/debug/published_time,98274583103,1785825945793733915
/control/command/control_cmd/debug/published_time,98324583103,1785825945843916493
/control/command/control_cmd/debug/published_time,98374583104,1785825945893884448
/control/command/control_cmd/debug/published_time,98424583105,1785825945944335221
/control/command/control_cmd/debug/published_time,98474583106,1785825945994030819
/control/command/control_cmd/debug/published_time,98524583106,1785825946044228898
/control/command/control_cmd/debug/published_time,98574583107,1785825946094449917
/control/command/control_cmd/debug/published_time,98624583108,1785825946144630234
/control/command/control_cmd/debug/published_time,98674583109,1785825946194090436
/control/command/control_cmd/debug/published_time,98724583109,1785825946244758907
/control/command/control_cmd/debug/published_time,98774583110,1785825946295453904
/control/command/control_cmd/debug/published_time,98824583111,1785825946345054053
/control/command/control_cmd/debug/published_time,98874583112,1785825946395020540
/control/command/control_cmd/debug/published_time,98924583112,1785825946445208399
/control/command/control_cmd/debug/published_time,98974583113,1785825946495519561
/control/command/control_cmd/debug/published_time,99024583114,1785825946545584146
/control/command/control_cmd/debug/published_time,99074583115,1785825946595367329
/control/command/control_cmd/debug/published_time,99124583115,1785825946645825178
/control/command/control_cmd/debug/published_time,99174583116,1785825946696174325
/control/command/control_cmd/debug/published_time,99224583117,1785825946746731669
/control/command/control_cmd/debug/published_time,99274583118,1785825946795788072
/control/command/control_cmd/debug/published_time,99324583118,1785825946845755486
/control/command/control_cmd/debug/published_time,99374583119,1785825946896706070
/control/command/control_cmd/debug/published_time,99424583120,1785825946946676253
/control/command/control_cmd/debug/published_time,99474583121,1785825946996889618
/control/command/control_cmd/debug/published_time,99524583121,1785825947046635198
/control/command/control_cmd/debug/published_time,99574583122,1785825947097101644
/control/command/control_cmd/debug/published_time,99624583123,1785825947147380516
/control/command/control_cmd/debug/published_time,99674583124,1785825947197650383
/control/command/control_cmd/debug/published_time,99724583124,1785825947247797282
/control/command/control_cmd/debug/published_time,99774583125,1785825947297494847
/control/command/control_cmd/debug/published_time,99824583126,1785825947347715685
/control/command/control_cmd/debug/published_time,99874583127,1785825947397858350
/control/command/control_cmd/debug/published_time,99924583127,1785825947447582589
/control/command/control_cmd/debug/published_time,99974583128,1785825947498038610
/control/command/control_cmd/debug/published_time,100024583129,1785825947548017018
/control/command/control_cmd/debug/published_time,100074583130,1785825947597903963
/control/command/control_cmd/debug/published_time,100124583130,1785825947648264837
/control/command/control_cmd/debug/published_time,100174583131,1785825947697983010
/control/command/control_cmd/debug/published_time,100224583132,1785825947748273114
/control/command/control_cmd/debug/published_time,100274583133,1785825947798403336
/control/command/control_cmd/debug/published_time,100324583133,1785825947848636130
/control/command/control_cmd/debug/published_time,100374583134,1785825947898516468
/control/command/control_cmd/debug/published_time,100424583135,1785825947949920395
/control/command/control_cmd/debug/published_time,100474583136,1785825948000090848
/control/command/control_cmd/debug/published_time,100524583136,1785825948049319726
/control/command/control_cmd/debug/published_time,100574583137,1785825948099898070
/control/command/control_cmd/debug/published_time,100624583138,1785825948149807509
/control/command/control_cmd/debug/published_time,100674583138,1785825948200480731
/control/command/control_cmd/debug/published_time,100724583139,1785825948250635771
/control/command/control_cmd/debug/published_time,100774583140,1785825948299714472
/control/command/control_cmd/debug/published_time,100824583141,1785825948350059220
/control/command/control_cmd/debug/published_time,100874583141,1785825948400282348
/control/command/control_cmd/debug/published_time,100924583142,1785825948450507445
/control/command/control_cmd/debug/published_time,100974583143,1785825948500556390
/control/command/control_cmd/debug/published_time,101024583144,1785825948550771771
/control/command/control_cmd/debug/published_time,101074583144,1785825948600827635
/control/command/control_cmd/debug/published_time,101124583145,1785825948650782547
/control/command/control_cmd/debug/published_time,101174583146,1785825948700803313
/control/command/control_cmd/debug/published_time,101224583147,1785825948750706796
/control/command/control_cmd/debug/published_time,101274583147,1785825948800924935
/control/command/control_cmd/debug/published_time,101324583148,1785825948850812624
/control/command/control_cmd/debug/published_time,101374583149,1785825948900866873
/control/command/control_cmd/debug/published_time,101424583150,1785825948951360531
/control/command/control_cmd/debug/published_time,101474583150,1785825949001947437
/control/command/control_cmd/debug/published_time,101524583151,1785825949053301857
/control/command/control_cmd/debug/published_time,101574583152,1785825949102041625
/control/command/control_cmd/debug/published_time,101624583153,1785825949152465286
/control/command/control_cmd/debug/published_time,101674583153,1785825949202172154
/control/command/control_cmd/debug/published_time,101724583154,1785825949253455225
/control/command/control_cmd/debug/published_time,101774583155,1785825949303129644
/control/command/control_cmd/debug/published_time,101824583156,1785825949353740142
/control/command/control_cmd/debug/published_time,101874583156,1785825949402467946
/control/command/control_cmd/debug/published_time,101924583157,1785825949453259246
/control/command/control_cmd/debug/published_time,101974583158,1785825949503642640
/control/command/control_cmd/debug/published_time,102024583159,1785825949553755448
/control/command/control_cmd/debug/published_time,102074583159,1785825949604241674
/control/command/control_cmd/debug/published_time,102124583160,1785825949654523583
/control/command/control_cmd/debug/published_time,102174583161,1785825949704090524
/control/command/control_cmd/debug/published_time,102224583162,1785825949753730232
/control/command/control_cmd/debug/published_time,102274583162,1785825949804733112
/control/command/control_cmd/debug/published_time,102324583163,1785825949854677000
/control/command/control_cmd/debug/published_time,102374583164,1785825949903949119
/control/command/control_cmd/debug/published_time,102424583165,1785825949954266527
/control/command/control_cmd/debug/published_time,102474583165,1785825950004364791
/control/command/control_cmd/debug/published_time,102524583166,1785825950054692633
/control/command/control_cmd/debug/published_time,102574583167,1785825950104264724
/control/command/control_cmd/debug/published_time,102624583168,1785825950154307625
/control/command/control_cmd/debug/published_time,102674583168,1785825950204531722
/control/command/control_cmd/debug/published_time,102724583169,1785825950255199249
/control/command/control_cmd/debug/published_time,102774583170,1785825950305861030
/control/command/control_cmd/debug/published_time,102824583171,1785825950355707131
/control/command/control_cmd/debug/published_time,102874583171,1785825950405221224
/control/command/control_cmd/debug/published_time,102924583172,1785825950456051106
/control/command/control_cmd/debug/published_time,102974583173,1785825950505422590
/control/command/control_cmd/debug/published_time,103024583174,1785825950555587171
/control/command/control_cmd/debug/published_time,103074583174,1785825950606256747
/control/command/control_cmd/debug/published_time,103124583175,1785825950656127506
/control/command/control_cmd/debug/published_time,103174583176,1785825950706322749
/control/command/control_cmd/debug/published_time,103224583176,1785825950756883341
/control/command/control_cmd/debug/published_time,103274583177,1785825950806697821
/control/command/control_cmd/debug/published_time,103324583178,1785825950856974399
/control/command/control_cmd/debug/published_time,103374583179,1785825950907543702
/control/command/control_cmd/debug/published_time,103424583179,1785825950956824006
/control/command/control_cmd/debug/published_time,103474583180,1785825951006954484
/control/command/control_cmd/debug/published_time,103524583181,1785825951057057596
/control/command/control_cmd/debug/published_time,103574583182,1785825951107169958
/control/command/control_cmd/debug/published_time,103624583182,1785825951157495209
/control/command/control_cmd/debug/published_time,103674583183,1785825951207196826
/control/command/control_cmd/debug/published_time,103724583184,1785825951257797376
/control/command/control_cmd/debug/published_time,103774583185,1785825951308435221
/control/command/control_cmd/debug/published_time,103824583185,1785825951358209075
/control/command/control_cmd/debug/published_time,103874583186,1785825951408139503
/control/command/control_cmd/debug/published_time,103924583187,1785825951458537792
/control/command/control_cmd/debug/published_time,103974583188,1785825951508449517
/control/command/control_cmd/debug/published_time,104024583188,1785825951558745535
/control/command/control_cmd/debug/published_time,104074583189,1785825951608873328
/control/command/control_cmd/debug/published_time,104124583190,1785825951658312759
/control/command/control_cmd/debug/published_time,104174583191,1785825951708188301
/control/command/control_cmd/debug/published_time,104224583191,1785825951758223554
/control/command/control_cmd/debug/published_time,104274583192,1785825951808495091
/control/command/control_cmd/debug/published_time,104324583193,1785825951859253372
/control/command/control_cmd/debug/published_time,104374583194,1785825951909208105
/control/command/control_cmd/debug/published_time,104424583194,1785825951958981096
/control/command/control_cmd/debug/published_time,104474583195,1785825952009009351
/control/command/control_cmd/debug/published_time,104524583196,1785825952060269096
/control/command/control_cmd/debug/published_time,104574583197,1785825952109350228
/control/command/control_cmd/debug/published_time,104624583197,1785825952159720451
/control/command/control_cmd/debug/published_time,104674583198,1785825952209914228
/control/command/control_cmd/debug/published_time,104724583199,1785825952260527500
/control/command/control_cmd/debug/published_time,104774583200,1785825952309624774
/control/command/control_cmd/debug/published_time,104824583200,1785825952360535061
/control/command/control_cmd/debug/published_time,104874583201,1785825952410907678
/control/command/control_cmd/debug/published_time,104924583202,1785825952460531815
/control/command/control_cmd/debug/published_time,104974583203,1785825952510286157
/control/command/control_cmd/debug/published_time,105024583203,1785825952560874482
/control/command/control_cmd/debug/published_time,105074583204,1785825952611036568
/control/command/control_cmd/debug/published_time,105124583205,1785825952661074701
/control/command/control_cmd/debug/published_time,105174583206,1785825952711302860
/control/command/control_cmd/debug/published_time,105224583206,1785825952761596269
/control/command/control_cmd/debug/published_time,105274583207,1785825952811522523
/control/command/control_cmd/debug/published_time,105324583208,1785825952861717535
/control/command/control_cmd/debug/published_time,105374583209,1785825952912029066
/control/command/control_cmd/debug/published_time,105424583209,1785825952962503601
/control/command/control_cmd/debug/published_time,105474583210,1785825953012129098
/control/command/control_cmd/debug/published_time,105524583211,1785825953062235674
/control/command/control_cmd/debug/published_time,105574583212,1785825953111792913
/control/command/control_cmd/debug/published_time,105624583212,1785825953162171791
/control/command/control_cmd/debug/published_time,105674583213,1785825953212799453
/control/command/control_cmd/debug/published_time,105724583214,1785825953262314017
/control/command/control_cmd/debug/published_time,105774583214,1785825953312359977
/control/command/control_cmd/debug/published_time,105824583215,1785825953362827619
/control/command/control_cmd/debug/published_time,105874583216,1785825953413602057
/control/command/control_cmd/debug/published_time,105924583217,1785825953463661679
/control/command/control_cmd/debug/published_time,105974583217,1785825953512877924
/control/command/control_cmd/debug/published_time,106024583218,1785825953563812050
/control/command/control_cmd/debug/published_time,106074583219,1785825953614298619
/control/command/control_cmd/debug/published_time,106124583220,1785825953664586702
/control/command/control_cmd/debug/published_time,106174583220,1785825953713938318
/control/command/control_cmd/debug/published_time,106224583221,1785825953764193143
/control/command/control_cmd/debug/published_time,106274583222,1785825953814125540
/control/command/control_cmd/debug/published_time,106324583223,1785825953863617429
/control/command/control_cmd/debug/published_time,106374583223,1785825953914590827
/control/command/control_cmd/debug/published_time,106424583224,1785825953964809858
/control/command/control_cmd/debug/published_time,106474583225,1785825954014359911
/control/command/control_cmd/debug/published_time,106524583226,1785825954064879520
/control/command/control_cmd/debug/published_time,106574583226,1785825954114684160
/control/command/control_cmd/debug/published_time,106624583227,1785825954165674206
/control/command/control_cmd/debug/published_time,106674583228,1785825954214908040
/control/command/control_cmd/debug/published_time,106724583229,1785825954265227675
/control/command/control_cmd/debug/published_time,106774583229,1785825954315305141
/control/command/control_cmd/debug/published_time,106824583230,1785825954366234863
/control/command/control_cmd/debug/published_time,106874583231,1785825954415929468
/control/command/control_cmd/debug/published_time,106924583232,1785825954465767406
/control/command/control_cmd/debug/published_time,106974583232,1785825954516008290
/control/command/control_cmd/debug/published_time,107024583233,1785825954565535344
/control/command/control_cmd/debug/published_time,107074583234,1785825954616239556
/control/command/control_cmd/debug/published_time,107124583235,1785825954666061417
/control/command/control_cmd/debug/published_time,107174583235,1785825954716860375
/control/command/control_cmd/debug/published_time,107224583236,1785825954765628907
/control/command/control_cmd/debug/published_time,107274583237,1785825954815833720
/control/command/control_cmd/debug/published_time,107324583238,1785825954865822755
/control/command/control_cmd/debug/published_time,107374583238,1785825954916580718
/control/command/control_cmd/debug/published_time,107424583239,1785825954966631684
/control/command/control_cmd/debug/published_time,107474583240,1785825955018071058
/control/command/control_cmd/debug/published_time,107524583241,1785825955067058927
/control/command/control_cmd/debug/published_time,107574583241,1785825955116945519
/control/command/control_cmd/debug/published_time,107624583242,1785825955167102334
/control/command/control_cmd/debug/published_time,107674583243,1785825955217745578
/control/command/control_cmd/debug/published_time,107724583244,1785825955267876945
/control/command/control_cmd/debug/published_time,107774583244,1785825955317026758
/control/command/control_cmd/debug/published_time,107824583245,1785825955367849214
/control/command/control_cmd/debug/published_time,107874583246,1785825955417651493
/control/command/control_cmd/debug/published_time,107924583247,1785825955467709928
/control/command/control_cmd/debug/published_time,107974583247,1785825955517764714
/control/command/control_cmd/debug/published_time,108024583248,1785825955568076497
/control/command/control_cmd/debug/published_time,108074583249,1785825955617785085
/control/command/control_cmd/debug/published_time,108124583250,1785825955668483683
/control/command/control_cmd/debug/published_time,108174583250,1785825955718645148
/control/command/control_cmd/debug/published_time,108224583251,1785825955769217898
/control/command/control_cmd/debug/published_time,108274583252,1785825955818914638
/control/command/control_cmd/debug/published_time,108324583252,1785825955868549047
/control/command/control_cmd/debug/published_time,108374583253,1785825955919116248
/control/command/control_cmd/debug/published_time,108424583254,1785825955969098277
/control/command/control_cmd/debug/published_time,108474583255,1785825956019419251
/control/command/control_cmd/debug/published_time,108524583255,1785825956068695667
/control/command/control_cmd/debug/published_time,108574583256,1785825956119301122
/control/command/control_cmd/debug/published_time,108624583257,1785825956169230914
/control/command/control_cmd/debug/published_time,108674583258,1785825956219843707
/control/command/control_cmd/debug/published_time,108724583258,1785825956269446726
/control/command/control_cmd/debug/published_time,108774583259,1785825956319466988
/control/command/control_cmd/debug/published_time,108824583260,1785825956369382612
/control/command/control_cmd/debug/published_time,108874583261,1785825956419473753
/control/command/control_cmd/debug/published_time,108924583261,1785825956470698223
/control/command/control_cmd/debug/published_time,108974583262,1785825956519839156
/control/command/control_cmd/debug/published_time,109024583263,1785825956570394903
/control/command/control_cmd/debug/published_time,109074583264,1785825956620361690
/control/command/control_cmd/debug/published_time,109124583264,1785825956670833671
/control/command/control_cmd/debug/published_time,109174583265,1785825956720692547
/control/command/control_cmd/debug/published_time,109224583266,1785825956770430288
/control/command/control_cmd/debug/published_time,109274583267,1785825956820409858
/control/command/control_cmd/debug/published_time,109324583267,1785825956871111726
/control/command/control_cmd/debug/published_time,109374583268,1785825956921840721
/control/command/control_cmd/debug/published_time,109424583269,1785825956971216169
/control/command/control_cmd/debug/published_time,109474583270,1785825957021004846
/control/command/control_cmd/debug/published_time,109524583270,1785825957071659794
/control/command/control_cmd/debug/published_time,109574583271,1785825957121554145
/control/command/control_cmd/debug/published_time,109624583272,1785825957171593151
/control/command/control_cmd/debug/published_time,109674583273,1785825957221779009
/control/command/control_cmd/debug/published_time,109724583273,1785825957272167891
/control/command/control_cmd/debug/published_time,109774583274,1785825957322812339
/control/command/control_cmd/debug/published_time,109824583275,1785825957373385470
/control/command/control_cmd/debug/published_time,109874583276,1785825957422675117
/control/command/control_cmd/debug/published_time,109924583276,1785825957472650118
/control/command/control_cmd/debug/published_time,109974583277,1785825957522388406
/control/command/control_cmd/debug/published_time,110024583278,1785825957573047907
/control/command/control_cmd/debug/published_time,110074583279,1785825957622382861
/control/command/control_cmd/debug/published_time,110124583279,1785825957672645156
/control/command/control_cmd/debug/published_time,110174583280,1785825957722855280
/control/command/control_cmd/debug/published_time,110224583281,1785825957773330299
/control/command/control_cmd/debug/published_time,110274583282,1785825957822911631
/control/command/control_cmd/debug/published_time,110324583282,1785825957873614013
/control/command/control_cmd/debug/published_time,110374583283,1785825957922737105
/control/command/control_cmd/debug/published_time,110424583284,1785825957974463162
/control/command/control_cmd/debug/published_time,110474583285,1785825958023469238
/control/command/control_cmd/debug/published_time,110524583285,1785825958073766014
/control/command/control_cmd/debug/published_time,110574583286,1785825958123735767
/control/command/control_cmd/debug/published_time,110624583287,1785825958174259456
/control/command/control_cmd/debug/published_time,110674583288,1785825958225161044
/control/command/control_cmd/debug/published_time,110724583288,1785825958274378336
/control/command/control_cmd/debug/published_time,110774583289,1785825958324754036
/control/command/control_cmd/debug/published_time,110824583290,1785825958375045206
/control/command/control_cmd/debug/published_time,110874583290,1785825958425199347
/control/command/control_cmd/debug/published_time,110924583291,1785825958474946847
/control/command/control_cmd/debug/published_time,110974583292,1785825958525186493
/control/command/control_cmd/debug/published_time,111024583293,1785825958574880450
/control/command/control_cmd/debug/published_time,111074583293,1785825958625936387
/control/command/control_cmd/debug/published_time,111124583294,1785825958675828636
/control/command/control_cmd/debug/published_time,111174583295,1785825958726247056
/control/command/control_cmd/debug/published_time,111224583296,1785825958776186569
/control/command/control_cmd/debug/published_time,111274583296,1785825958825464949
/control/command/control_cmd/debug/published_time,111324583297,1785825958875688152
/control/command/control_cmd/debug/published_time,111374583298,1785825958926174058
/control/command/control_cmd/debug/published_time,111424583299,1785825958977405748
/control/command/control_cmd/debug/published_time,111474583299,1785825959026635409
/control/command/control_cmd/debug/published_time,111524583300,1785825959077390803
/control/command/control_cmd/debug/published_time,111574583301,1785825959127176378
/control/command/control_cmd/debug/published_time,111624583302,1785825959176551350
/control/command/control_cmd/debug/published_time,111674583302,1785825959226489007
/control/command/control_cmd/debug/published_time,111724583303,1785825959276588563
/control/command/control_cmd/debug/published_time,111774583304,1785825959327211062
/control/command/control_cmd/debug/published_time,111824583305,1785825959377513866
/control/command/control_cmd/debug/published_time,111874583305,1785825959427433734
/control/command/control_cmd/debug/published_time,111924583306,1785825959477396213
/control/command/control_cmd/debug/published_time,111974583307,1785825959527331993
/control/command/control_cmd/debug/published_time,112024583308,1785825959577969751
/control/command/control_cmd/debug/published_time,112074583308,1785825959627482174
/control/command/control_cmd/debug/published_time,112124583309,1785825959677728737
/control/command/control_cmd/debug/published_time,112174583310,1785825959728565850
/control/command/control_cmd/debug/published_time,112224583311,1785825959778043253
/control/command/control_cmd/debug/published_time,112274583311,1785825959828149462
/control/command/control_cmd/debug/published_time,112324583312,1785825959878242129
/control/command/control_cmd/debug/published_time,112374583313,1785825959928793010
/control/command/control_cmd/debug/published_time,112424583314,1785825959979465136
/control/command/control_cmd/debug/published_time,112474583314,1785825960028825863
/control/command/control_cmd/debug/published_time,112524583315,1785825960078732332
/control/command/control_cmd/debug/published_time,112574583316,1785825960129164921
/control/command/control_cmd/debug/published_time,112624583317,1785825960179282648
/control/command/control_cmd/debug/published_time,112674583317,1785825960229044242
/control/command/control_cmd/debug/published_time,112724583318,1785825960279354328
/control/command/control_cmd/debug/published_time,112774583319,1785825960330110902
/control/command/control_cmd/debug/published_time,112824583320,1785825960379890408
/control/command/control_cmd/debug/published_time,112874583320,1785825960429551068
/control/command/control_cmd/debug/published_time,112924583321,1785825960479830277
/control/command/control_cmd/debug/published_time,112974583322,1785825960530489303
/control/command/control_cmd/debug/published_time,113024583323,1785825960580526787
/control/command/control_cmd/debug/published_time,113074583323,1785825960630424837
/control/command/control_cmd/debug/published_time,113124583324,1785825960680480439
/control/command/control_cmd/debug/published_time,113174583325,1785825960730380303
/control/command/control_cmd/debug/published_time,113224583326,1785825960780728746
/control/command/control_cmd/debug/published_time,113274583326,1785825960830406943
/control/command/control_cmd/debug/published_time,113324583327,1785825960880708842
/control/command/control_cmd/debug/published_time,113374583328,1785825960931508044
/control/command/control_cmd/debug/published_time,113424583328,1785825960980648476
/control/command/control_cmd/debug/published_time,113474583329,1785825961031416108
/control/command/control_cmd/debug/published_time,113524583330,1785825961081797122
/control/command/control_cmd/debug/published_time,113574583331,1785825961132176112
/control/command/control_cmd/debug/published_time,113624583331,1785825961181448979
/control/command/control_cmd/debug/published_time,113674583332,1785825961231843890
/control/command/control_cmd/debug/published_time,113724583333,1785825961281376254
/control/command/control_cmd/debug/published_time,113774583334,1785825961332209353
/control/command/control_cmd/debug/published_time,113824583334,1785825961383455146
/control/command/control_cmd/debug/published_time,113874583335,1785825961432225751
/control/command/control_cmd/debug/published_time,113924583336,1785825961481741288
/control/command/control_cmd/debug/published_time,113974583337,1785825961533031091
/control/command/control_cmd/debug/published_time,114024583337,1785825961582463888
/control/command/control_cmd/debug/published_time,114074583338,1785825961632930217
/control/command/control_cmd/debug/published_time,114124583339,1785825961682370700
/control/command/control_cmd/debug/published_time,114174583340,1785825961732631195
/control/command/control_cmd/debug/published_time,114224583340,1785825961782825170
/control/command/control_cmd/debug/published_time,114274583341,1785825961832525786
/control/command/control_cmd/debug/published_time,114324583342,1785825961882452963
/control/command/control_cmd/debug/published_time,114374583343,1785825961933047590
/control/command/control_cmd/debug/published_time,114424583343,1785825961983295749
/control/command/control_cmd/debug/published_time,114474583344,1785825962033418990
/control/command/control_cmd/debug/published_time,114524583345,1785825962083961892
/control/command/control_cmd/debug/published_time,114574583346,1785825962134272121
/control/command/control_cmd/debug/published_time,114624583346,1785825962183966498
/control/command/control_cmd/debug/published_time,114674583347,1785825962234767511
/control/command/control_cmd/debug/published_time,114724583348,1785825962284295845
/control/command/control_cmd/debug/published_time,114774583349,1785825962333928998
/control/command/control_cmd/debug/published_time,114824583349,1785825962384296927
/control/command/control_cmd/debug/published_time,114874583350,1785825962434087029
/control/command/control_cmd/debug/published_time,114924583351,1785825962484085820
/control/command/control_cmd/debug/published_time,114974583352,1785825962534182652
/control/command/control_cmd/debug/published_time,115024583352,1785825962584533147
/control/command/control_cmd/debug/published_time,115074583353,1785825962635086984
/control/command/control_cmd/debug/published_time,115124583354,1785825962684303090
/control/command/control_cmd/debug/published_time,115174583355,1785825962734816686
/control/command/control_cmd/debug/published_time,115224583355,1785825962784758303
/control/command/control_cmd/debug/published_time,115274583356,1785825962835179445
/control/command/control_cmd/debug/published_time,115324583357,1785825962885274963
/control/command/control_cmd/debug/published_time,115374583358,1785825962935992063
/control/command/control_cmd/debug/published_time,115424583358,1785825962984992781
/control/command/control_cmd/debug/published_time,115474583359,1785825963035049836
/control/command/control_cmd/debug/published_time,115524583360,1785825963085507074
/control/command/control_cmd/debug/published_time,115574583361,1785825963136656304
/control/command/control_cmd/debug/published_time,115624583361,1785825963185904947
/control/command/control_cmd/debug/published_time,115674583362,1785825963235564239
/control/command/control_cmd/debug/published_time,115724583363,1785825963286345319
/control/command/control_cmd/debug/published_time,115774583364,1785825963336613806
/control/command/control_cmd/debug/published_time,115824583364,1785825963386929604
/control/command/control_cmd/debug/published_time,115874583365,1785825963436596629
/control/command/control_cmd/debug/published_time,115924583366,1785825963486068802
/control/command/control_cmd/debug/published_time,115974583366,1785825963537146768
/control/command/control_cmd/debug/published_time,116024583367,1785825963587221516
/control/command/control_cmd/debug/published_time,116074583368,1785825963637744130
/control/command/control_cmd/debug/published_time,116124583369,1785825963687347087
/control/command/control_cmd/debug/published_time,116174583369,1785825963737197128
/control/command/control_cmd/debug/published_time,116224583370,1785825963787832111
/control/command/control_cmd/debug/published_time,116274583371,1785825963838400509
/control/command/control_cmd/debug/published_time,116324583372,1785825963888101295
/control/command/control_cmd/debug/published_time,116374583372,1785825963938026356
/control/command/control_cmd/debug/published_time,116424583373,1785825963987979097
/control/command/control_cmd/debug/published_time,116474583374,1785825964038248749
/control/command/control_cmd/debug/published_time,116524583375,1785825964088669412
/control/command/control_cmd/debug/published_time,116574583375,1785825964138372912
/control/command/control_cmd/debug/published_time,116624583376,1785825964188607907
/control/command/control_cmd/debug/published_time,116674583377,1785825964238212229
/control/command/control_cmd/debug/published_time,116724583378,1785825964288601655
/control/command/control_cmd/debug/published_time,116774583378,1785825964339070087
/control/command/control_cmd/debug/published_time,116824583379,1785825964388782954
/control/command/control_cmd/debug/published_time,116874583380,1785825964438938361
/control/command/control_cmd/debug/published_time,116924583381,1785825964489495789
/control/command/control_cmd/debug/published_time,116974583381,1785825964539593548
/control/command/control_cmd/debug/published_time,117024583382,1785825964589841688
/control/command/control_cmd/debug/published_time,117074583383,1785825964639231342
/control/command/control_cmd/debug/published_time,117124583384,1785825964689675192
/control/command/control_cmd/debug/published_time,117174583384,1785825964739831664
/control/command/control_cmd/debug/published_time,117224583385,1785825964789704004
/control/command/control_cmd/debug/published_time,117274583386,1785825964839859479
/control/command/control_cmd/debug/published_time,117324583387,1785825964889928747
/control/command/control_cmd/debug/published_time,117374583387,1785825964940826309
/control/command/control_cmd/debug/published_time,117424583388,1785825964989920914
/control/command/control_cmd/debug/published_time,117474583389,1785825965041134438
/control/command/control_cmd/debug/published_time,117524583390,1785825965090581735
/control/command/control_cmd/debug/published_time,117574583390,1785825965141045474
/control/command/control_cmd/debug/published_time,117624583391,1785825965190391952
/control/command/control_cmd/debug/published_time,117674583392,1785825965241372656
/control/command/control_cmd/debug/published_time,117724583393,1785825965290634031
/control/command/control_cmd/debug/published_time,117774583393,1785825965341832974
/control/command/control_cmd/debug/published_time,117824583394,1785825965391952957
/control/command/control_cmd/debug/published_time,117874583395,1785825965442203034
/control/command/control_cmd/debug/published_time,117924583396,1785825965491497647
/control/command/control_cmd/debug/published_time,117974583396,1785825965541188861
/control/command/control_cmd/debug/published_time,118024583397,1785825965591858874
/control/command/control_cmd/debug/published_time,118074583398,1785825965641742120
/control/command/control_cmd/debug/published_time,118124583399,1785825965692263853
/control/command/control_cmd/debug/published_time,118174583399,1785825965742798556
/control/command/control_cmd/debug/published_time,118224583400,1785825965792549626
/control/command/control_cmd/debug/published_time,118274583401,1785825965842097170
/control/command/control_cmd/debug/published_time,118324583401,1785825965892054983
/control/command/control_cmd/debug/published_time,118374583402,1785825965942785798
/control/command/control_cmd/debug/published_time,118424583403,1785825965992348025
/control/command/control_cmd/debug/published_time,118474583404,1785825966042599007
/control/command/control_cmd/debug/published_time,118524583404,1785825966092645639
/control/command/control_cmd/debug/published_time,118574583405,1785825966142766684
/control/command/control_cmd/debug/published_time,118624583406,1785825966194129403
/control/command/control_cmd/debug/published_time,118674583407,1785825966243350217
/control/command/control_cmd/debug/published_time,118724583407,1785825966293462188
/control/command/control_cmd/debug/published_time,118774583408,1785825966343912413
/control/command/control_cmd/debug/published_time,118824583409,1785825966394146518
/control/command/control_cmd/debug/published_time,118874583410,1785825966444413824
/control/command/control_cmd/debug/published_time,118924583410,1785825966494488413
/control/command/control_cmd/debug/published_time,118974583411,1785825966543890226
/control/command/control_cmd/debug/published_time,119024583412,1785825966593690958
/control/command/control_cmd/debug/published_time,119074583413,1785825966644949171
/control/command/control_cmd/debug/published_time,119124583413,1785825966694617822
/control/command/control_cmd/debug/published_time,119174583414,1785825966744849551
/control/command/control_cmd/debug/published_time,119224583415,1785825966794812693
/control/command/control_cmd/debug/published_time,119274583416,1785825966844921507
/control/command/control_cmd/debug/published_time,119324583416,1785825966894303828
/control/command/control_cmd/debug/published_time,119374583417,1785825966944302476
/control/command/control_cmd/debug/published_time,119424583418,1785825966995050946
/control/command/control_cmd/debug/published_time,119474583419,1785825967045330243
/control/command/control_cmd/debug/published_time,119524583419,1785825967095915136
/control/command/control_cmd/debug/published_time,119574583420,1785825967145760804
/control/command/control_cmd/debug/published_time,119624583421,1785825967195582865
/control/command/control_cmd/debug/published_time,119674583422,1785825967245446442
/control/command/control_cmd/debug/published_time,119724583422,1785825967296319700
/control/command/control_cmd/debug/published_time,119774583423,1785825967345404873
/control/command/control_cmd/debug/published_time,119824583424,1785825967396328437
/control/command/control_cmd/debug/published_time,119874583425,1785825967446325738
/control/command/control_cmd/debug/published_time,119924583425,1785825967496434085
/control/command/control_cmd/debug/published_time,119974583426,1785825967546499992
/control/command/control_cmd/debug/published_time,120024583427,1785825967597134285
/control/command/control_cmd/debug/published_time,120074583428,1785825967645828204
/control/command/control_cmd/debug/published_time,120124583428,1785825967696931026
/control/command/control_cmd/debug/published_time,120174583429,1785825967747129861
/control/command/control_cmd/debug/published_time,120224583430,1785825967796749817
/control/command/control_cmd/debug/published_time,120274583431,1785825967846932042
/control/command/control_cmd/debug/published_time,120324583431,1785825967896493715
/control/command/control_cmd/debug/published_time,120374583432,1785825967947469329
/control/command/control_cmd/debug/published_time,120424583433,1785825967997370647
/control/command/control_cmd/debug/published_time,120474583434,1785825968047027691
/control/command/control_cmd/debug/published_time,120524583434,1785825968097388202
/control/command/control_cmd/debug/published_time,120574583435,1785825968147322615
/control/command/control_cmd/debug/published_time,120624583436,1785825968198138009
/control/command/control_cmd/debug/published_time,120674583437,1785825968247402606
/control/command/control_cmd/debug/published_time,120724583437,1785825968297496842
/control/command/control_cmd/debug/published_time,120774583438,1785825968347451013
/control/command/control_cmd/debug/published_time,120824583439,1785825968397985679
/control/command/control_cmd/debug/published_time,120874583439,1785825968448192481
/control/command/control_cmd/debug/published_time,120924583440,1785825968498015925
/control/command/control_cmd/debug/published_time,120974583441,1785825968548369793
/control/command/control_cmd/debug/published_time,121024583442,1785825968599056024
/control/command/control_cmd/debug/published_time,121074583442,1785825968648727687
/control/command/control_cmd/debug/published_time,121124583443,1785825968699138293
/control/command/control_cmd/debug/published_time,121174583444,1785825968748508972
/control/command/control_cmd/debug/published_time,121224583445,1785825968799035662
/control/command/control_cmd/debug/published_time,121274583445,1785825968849295483
/control/command/control_cmd/debug/published_time,121324583446,1785825968899716831
/control/command/control_cmd/debug/published_time,121374583447,1785825968949735787
/control/command/control_cmd/debug/published_time,121424583448,1785825968999805163
/control/command/control_cmd/debug/published_time,121474583448,1785825969049655601
/control/command/control_cmd/debug/published_time,121524583449,1785825969100270194
/control/command/control_cmd/debug/published_time,121574583450,1785825969150348887
/control/command/control_cmd/debug/published_time,121624583451,1785825969200167425
/control/command/control_cmd/debug/published_time,121674583451,1785825969250913972
/control/command/control_cmd/debug/published_time,121724583452,1785825969299934055
/control/command/control_cmd/debug/published_time,121774583453,1785825969350639901
/control/command/control_cmd/debug/published_time,121824583454,1785825969400868791
/control/command/control_cmd/debug/published_time,121874583454,1785825969450400369
/control/command/control_cmd/debug/published_time,121924583455,1785825969500710023
/control/command/control_cmd/debug/published_time,121974583456,1785825969552639572
/control/command/control_cmd/debug/published_time,122024583457,1785825969601174674
/control/command/control_cmd/debug/published_time,122074583457,1785825969651747665
/control/command/control_cmd/debug/published_time,122124583458,1785825969701851711
/control/command/control_cmd/debug/published_time,122174583459,1785825969751719829
/control/command/control_cmd/debug/published_time,122224583460,1785825969801928499
/control/command/control_cmd/debug/published_time,122274583460,1785825969851653343
/control/command/control_cmd/debug/published_time,122324583461,1785825969901444909
/control/command/control_cmd/debug/published_time,122374583462,1785825969951910718
/control/command/control_cmd/debug/published_time,122424583463,1785825970001447628
/control/command/control_cmd/debug/published_time,122474583463,1785825970051683843
/control/command/control_cmd/debug/published_time,122524583464,1785825970101908554
/control/command/control_cmd/debug/published_time,122574583465,1785825970152033830
/control/command/control_cmd/debug/published_time,122624583466,1785825970202520303
/control/command/control_cmd/debug/published_time,122674583466,1785825970252099101
/control/command/control_cmd/debug/published_time,122724583467,1785825970302508029
/control/command/control_cmd/debug/published_time,122774583468,1785825970353309296
/control/command/control_cmd/debug/published_time,122824583469,1785825970403165907
/control/command/control_cmd/debug/published_time,122874583469,1785825970453689992
/control/command/control_cmd/debug/published_time,122924583470,1785825970503443339
/control/command/control_cmd/debug/published_time,122974583471,1785825970552757760
/control/command/control_cmd/debug/published_time,123024583472,1785825970603997213
/control/command/control_cmd/debug/published_time,123074583472,1785825970654212752
/control/command/control_cmd/debug/published_time,123124583473,1785825970704219217
/control/command/control_cmd/debug/published_time,123174583474,1785825970753903937
/control/command/control_cmd/debug/published_time,123224583475,1785825970803425990
/control/command/control_cmd/debug/published_time,123274583475,1785825970853814609
/control/command/control_cmd/debug/published_time,123324583476,1785825970904322029
/control/command/control_cmd/debug/published_time,123374583477,1785825970953991509
/control/command/control_cmd/debug/published_time,123424583477,1785825971004418368
/control/command/control_cmd/debug/published_time,123474583478,1785825971054680338
/control/command/control_cmd/debug/published_time,123524583479,1785825971104630053
/control/command/control_cmd/debug/published_time,123574583480,1785825971154461873
/control/command/control_cmd/debug/published_time,123624583480,1785825971205344368
/control/command/control_cmd/debug/published_time,123674583481,1785825971255374091
/control/command/control_cmd/debug/published_time,123724583482,1785825971304490656
/control/command/control_cmd/debug/published_time,123774583483,1785825971355033075
/control/command/control_cmd/debug/published_time,123824583483,1785825971405708938
/control/command/control_cmd/debug/published_time,123874583484,1785825971454928400
/control/command/control_cmd/debug/published_time,123924583485,1785825971505057380
/control/command/control_cmd/debug/published_time,123974583486,1785825971555798582
/control/command/control_cmd/debug/published_time,124024583486,1785825971605568081
/control/command/control_cmd/debug/published_time,124074583487,1785825971655676414
/control/command/control_cmd/debug/published_time,124124583488,1785825971705901426
/control/command/control_cmd/debug/published_time,124174583489,1785825971755790095
/control/command/control_cmd/debug/published_time,124224583489,1785825971806682187
/control/command/control_cmd/debug/published_time,124274583490,1785825971857307775
/control/command/control_cmd/debug/published_time,124324583491,1785825971906259889
/control/command/control_cmd/debug/published_time,124374583492,1785825971956593041
/control/command/control_cmd/debug/published_time,124424583492,1785825972005999484
/control/command/control_cmd/debug/published_time,124474583493,1785825972056689690
/control/command/control_cmd/debug/published_time,124524583494,1785825972106479958
/control/command/control_cmd/debug/published_time,124574583495,1785825972157186117
/control/command/control_cmd/debug/published_time,124624583495,1785825972207223887
/control/command/control_cmd/debug/published_time,124674583496,1785825972256814804
/control/command/control_cmd/debug/published_time,124724583497,1785825972308257461
/control/command/control_cmd/debug/published_time,124774583498,1785825972357401254
/control/command/control_cmd/debug/published_time,124824583498,1785825972408074477
/control/command/control_cmd/debug/published_time,124874583499,1785825972457731641
/control/command/control_cmd/debug/published_time,124924583500,1785825972508283444
/control/command/control_cmd/debug/published_time,124974583501,1785825972558636972
/control/command/control_cmd/debug/published_time,125024583501,1785825972608497066
/control/command/control_cmd/debug/published_time,125074583502,1785825972659468142
/control/command/control_cmd/debug/published_time,125124583503,1785825972709238105
/control/command/control_cmd/debug/published_time,125174583504,1785825972758367557
/control/command/control_cmd/debug/published_time,125224583504,1785825972808526830
/control/command/control_cmd/debug/published_time,125274583505,1785825972858990873
/control/command/control_cmd/debug/published_time,125324583506,1785825972908951317
/control/command/control_cmd/debug/published_time,125374583507,1785825972959221520
/control/command/control_cmd/debug/published_time,125424583507,1785825973008899339
/control/command/control_cmd/debug/published_time,125474583508,1785825973058986906
/control/command/control_cmd/debug/published_time,125524583509,1785825973109119898
/control/command/control_cmd/debug/published_time,125574583510,1785825973159143949
/control/command/control_cmd/debug/published_time,125624583510,1785825973209431214
/control/command/control_cmd/debug/published_time,125674583511,1785825973259884051
/control/command/control_cmd/debug/published_time,125724583512,1785825973309618326
/control/command/control_cmd/debug/published_time,125774583513,1785825973359727114
/control/command/control_cmd/debug/published_time,125824583513,1785825973410698499
/control/command/control_cmd/debug/published_time,125874583514,1785825973460599040
/control/command/control_cmd/debug/published_time,125924583515,1785825973510267067
/control/command/control_cmd/debug/published_time,125974583515,1785825973561699433
/control/command/control_cmd/debug/published_time,126024583516,1785825973610943017
/control/command/control_cmd/debug/published_time,126074583517,1785825973660571575
/control/command/control_cmd/debug/published_time,126124583518,1785825973710704836
/control/command/control_cmd/debug/published_time,126174583518,1785825973760963152
/control/command/control_cmd/debug/published_time,126224583519,1785825973811465514
/control/command/control_cmd/debug/published_time,126274583520,1785825973862383910
/control/command/control_cmd/debug/published_time,126324583521,1785825973911066836
/control/command/control_cmd/debug/published_time,126374583521,1785825973961804901
/control/command/control_cmd/debug/published_time,126424583522,1785825974011304323
/control/command/control_cmd/debug/published_time,126474583523,1785825974061216746
/control/command/control_cmd/debug/published_time,126524583524,1785825974111373236
/control/command/control_cmd/debug/published_time,126574583524,1785825974161321424
/control/command/control_cmd/debug/published_time,126624583525,1785825974212116342
/control/command/control_cmd/debug/published_time,126674583526,1785825974261922220
/control/command/control_cmd/debug/published_time,126724583527,1785825974311948289
/control/command/control_cmd/debug/published_time,126774583527,1785825974362258830
/control/command/control_cmd/debug/published_time,126824583528,1785825974412598034
/control/command/control_cmd/debug/published_time,126874583529,1785825974462557586
/control/command/control_cmd/debug/published_time,126924583530,1785825974512795666
/control/command/control_cmd/debug/published_time,126974583530,1785825974563100456
/control/command/control_cmd/debug/published_time,127024583531,1785825974613235594
/control/command/control_cmd/debug/published_time,127074583532,1785825974663056972
/control/command/control_cmd/debug/published_time,127124583533,1785825974713320226
/control/command/control_cmd/debug/published_time,127174583533,1785825974763555054
/control/command/control_cmd/debug/published_time,127224583534,1785825974813366276
/control/command/control_cmd/debug/published_time,127274583535,1785825974863152718
/control/command/control_cmd/debug/published_time,127324583536,1785825974913926131
/control/command/control_cmd/debug/published_time,127374583536,1785825974963449409
/control/command/control_cmd/debug/published_time,127424583537,1785825975013449162
/control/command/control_cmd/debug/published_time,127474583538,1785825975064603669
/control/command/control_cmd/debug/published_time,127524583539,1785825975113555284
/control/command/control_cmd/debug/published_time,127574583539,1785825975164521431
/control/command/control_cmd/debug/published_time,127624583540,1785825975213851823
/control/command/control_cmd/debug/published_time,127674583541,1785825975264159526
/control/command/control_cmd/debug/published_time,127724583542,1785825975314410714
/control/command/control_cmd/debug/published_time,127774583542,1785825975364537163
/control/command/control_cmd/debug/published_time,127824583543,1785825975414832588
/control/command/control_cmd/debug/published_time,127874583544,1785825975464476248
/control/command/control_cmd/debug/published_time,127924583545,1785825975515696116
/control/command/control_cmd/debug/published_time,127974583545,1785825975564478533
/control/command/control_cmd/debug/published_time,128024583546,1785825975615026248
/control/command/control_cmd/debug/published_time,128074583547,1785825975665002366
/control/command/control_cmd/debug/published_time,128124583548,1785825975715877875
/control/command/control_cmd/debug/published_time,128174583548,1785825975765485627
/control/command/control_cmd/debug/published_time,128224583549,1785825975815739112
/control/command/control_cmd/debug/published_time,128274583550,1785825975866696981
/control/command/control_cmd/debug/published_time,128324583551,1785825975915732364
/control/command/control_cmd/debug/published_time,128374583551,1785825975965487976
/control/command/control_cmd/debug/published_time,128424583552,1785825976015897474
/control/command/control_cmd/debug/published_time,128474583553,1785825976065778439
/control/command/control_cmd/debug/published_time,128524583553,1785825976116120422
/control/command/control_cmd/debug/published_time,128574583554,1785825976166458646
/control/command/control_cmd/debug/published_time,128624583555,1785825976215942979
/control/command/control_cmd/debug/published_time,128674583556,1785825976266494619
/control/command/control_cmd/debug/published_time,128724583556,1785825976316588311
/control/command/control_cmd/debug/published_time,128774583557,1785825976366840410
/control/command/control_cmd/debug/published_time,128824583558,1785825976417353704
/control/command/control_cmd/debug/published_time,128874583559,1785825976466869614
/control/command/control_cmd/debug/published_time,128924583559,1785825976517231164
/control/command/control_cmd/debug/published_time,128974583560,1785825976566865455
/control/command/control_cmd/debug/published_time,129024583561,1785825976617683428
/control/command/control_cmd/debug/published_time,129074583562,1785825976667594520
/control/command/control_cmd/debug/published_time,129124583562,1785825976717862353
/control/command/control_cmd/debug/published_time,129174583563,1785825976767922207
/control/command/control_cmd/debug/published_time,129224583564,1785825976818097737
/control/command/control_cmd/debug/published_time,129274583565,1785825976867910506
/control/command/control_cmd/debug/published_time,129324583565,1785825976919259430
/control/command/control_cmd/debug/published_time,129374583566,1785825976968591903
/control/command/control_cmd/debug/published_time,129424583567,1785825977018365285
/control/command/control_cmd/debug/published_time,129474583568,1785825977068640866
/control/command/control_cmd/debug/published_time,129524583568,1785825977118589386
/control/command/control_cmd/debug/published_time,129574583569,1785825977168226955
/control/command/control_cmd/debug/published_time,129624583570,1785825977218834476
/control/command/control_cmd/debug/published_time,129674583571,1785825977269075201
/control/command/control_cmd/debug/published_time,129724583571,1785825977318673068
/control/command/control_cmd/debug/published_time,129774583572,1785825977369491002
/control/command/control_cmd/debug/published_time,129824583573,1785825977419232423
/control/command/control_cmd/debug/published_time,129874583574,1785825977469605220
/control/command/control_cmd/debug/published_time,129924583574,1785825977518875990
/control/command/control_cmd/debug/published_time,129974583575,1785825977569402918
/control/command/control_cmd/debug/published_time,130024583576,1785825977619633093
/control/command/control_cmd/debug/published_time,130074583577,1785825977670752388
/control/command/control_cmd/debug/published_time,130124583577,1785825977719730551
/control/command/control_cmd/debug/published_time,130174583578,1785825977770195942
/control/command/control_cmd/debug/published_time,130224583579,1785825977819917962
/control/command/control_cmd/debug/published_time,130274583580,1785825977870357812
/control/command/control_cmd/debug/published_time,130324583580,1785825977920305392
/control/command/control_cmd/debug/published_time,130374583581,1785825977970017377
/control/command/control_cmd/debug/published_time,130424583582,1785825978020311622
/control/command/control_cmd/debug/published_time,130474583583,1785825978070609715
/control/command/control_cmd/debug/published_time,130524583583,1785825978120929079
/control/command/control_cmd/debug/published_time,130574583584,1785825978170801806
/control/command/control_cmd/debug/published_time,130624583585,1785825978221156660
/control/command/control_cmd/debug/published_time,130674583586,1785825978271255510
/control/command/control_cmd/debug/published_time,130724583586,1785825978321622106
/control/command/control_cmd/debug/published_time,130774583587,1785825978371161754
/control/command/control_cmd/debug/published_time,130824583588,1785825978421129184
/control/command/control_cmd/debug/published_time,130874583589,1785825978471634093
/control/command/control_cmd/debug/published_time,130924583589,1785825978521520112
/control/command/control_cmd/debug/published_time,130974583590,1785825978571298314
/control/command/control_cmd/debug/published_time,131024583591,1785825978622056091
/control/command/control_cmd/debug/published_time,131074583591,1785825978672240438
/control/command/control_cmd/debug/published_time,131124583592,1785825978721985856
/control/command/control_cmd/debug/published_time,131174583593,1785825978772004718
/control/command/control_cmd/debug/published_time,131224583594,1785825978822083572
/control/command/control_cmd/debug/published_time,131274583594,1785825978872576705
/control/command/control_cmd/debug/published_time,131324583595,1785825978922801545
/control/command/control_cmd/debug/published_time,131374583596,1785825978972419201
/control/command/control_cmd/debug/published_time,131424583597,1785825979022636832
/control/command/control_cmd/debug/published_time,131474583597,1785825979073016289
/control/command/control_cmd/debug/published_time,131524583598,1785825979122900211
/control/command/control_cmd/debug/published_time,131574583599,1785825979173720330
/control/command/control_cmd/debug/published_time,131624583600,1785825979223262866
/control/command/control_cmd/debug/published_time,131674583600,1785825979273477329
/control/command/control_cmd/debug/published_time,131724583601,1785825979323819904
/control/command/control_cmd/debug/published_time,131774583602,1785825979373940678
/control/command/control_cmd/debug/published_time,131824583603,1785825979424497216
/control/command/control_cmd/debug/published_time,131874583603,1785825979474245684
/control/command/control_cmd/debug/published_time,131924583604,1785825979524376113
/control/command/control_cmd/debug/published_time,131974583605,1785825979574307581
/control/command/control_cmd/debug/published_time,132024583606,1785825979624843081
/control/command/control_cmd/debug/published_time,132074583606,1785825979674492195
/control/command/control_cmd/debug/published_time,132124583607,1785825979724657280
/control/command/control_cmd/debug/published_time,132174583608,1785825979775456022
/control/command/control_cmd/debug/published_time,132224583609,1785825979826571551
/control/command/control_cmd/debug/published_time,132274583609,1785825979875330739
/control/command/control_cmd/debug/published_time,132324583610,1785825979924904240
/control/command/control_cmd/debug/published_time,132374583611,1785825979976145939
/control/command/control_cmd/debug/published_time,132424583612,1785825980025187844
/control/command/control_cmd/debug/published_time,132474583612,1785825980076935490
/control/command/control_cmd/debug/published_time,132524583613,1785825980126004830
/control/command/control_cmd/debug/published_time,132574583614,1785825980176275908
/control/command/control_cmd/debug/published_time,132624583615,1785825980225807953
/control/command/control_cmd/debug/published_time,132674583615,1785825980276140415
/control/command/control_cmd/debug/published_time,132724583616,1785825980326374901
/control/command/control_cmd/debug/published_time,132774583617,1785825980376439040
/control/command/control_cmd/debug/published_time,132824583618,1785825980427045448
/control/command/control_cmd/debug/published_time,132874583618,1785825980476835449
/control/command/control_cmd/debug/published_time,132924583619,1785825980526907191
/control/command/control_cmd/debug/published_time,132974583620,1785825980576811251
/control/command/control_cmd/debug/published_time,133024583621,1785825980627422773
/control/command/control_cmd/debug/published_time,133074583621,1785825980677716557
/control/command/control_cmd/debug/published_time,133124583622,1785825980727302182
/control/command/control_cmd/debug/published_time,133174583623,1785825980777564455
/control/command/control_cmd/debug/published_time,133224583624,1785825980827387356
/control/command/control_cmd/debug/published_time,133274583624,1785825980878092421
/control/command/control_cmd/debug/published_time,133324583625,1785825980927886825
/control/command/control_cmd/debug/published_time,133374583626,1785825980977898603
/control/command/control_cmd/debug/published_time,133424583627,1785825981028087413
/control/command/control_cmd/debug/published_time,133474583627,1785825981078503678
/control/command/control_cmd/debug/published_time,133524583628,1785825981128738739
/control/command/control_cmd/debug/published_time,133574583629,1785825981178587072
/control/command/control_cmd/debug/published_time,133624583629,1785825981228803494
/control/command/control_cmd/debug/published_time,133674583630,1785825981279125072
/control/command/control_cmd/debug/published_time,133724583631,1785825981329440322
/control/command/control_cmd/debug/published_time,133774583632,1785825981379642162
/control/command/control_cmd/debug/published_time,133824583632,1785825981429978909
/control/command/control_cmd/debug/published_time,133874583633,1785825981479384736
/control/command/control_cmd/debug/published_time,133924583634,1785825981529547397
/control/command/control_cmd/debug/published_time,133974583635,1785825981579880235
/control/command/control_cmd/debug/published_time,134024583635,1785825981630142273
/control/command/control_cmd/debug/published_time,134074583636,1785825981679617861
/control/command/control_cmd/debug/published_time,134124583637,1785825981730093575
/control/command/control_cmd/debug/published_time,134174583638,1785825981779666756
/control/command/control_cmd/debug/published_time,134224583638,1785825981829566230
/control/command/control_cmd/debug/published_time,134274583639,1785825981880099656
/control/command/control_cmd/debug/published_time,134324583640,1785825981930386367
/control/command/control_cmd/debug/published_time,134374583641,1785825981980236770
/control/command/control_cmd/debug/published_time,134424583641,1785825982030439710
/control/command/control_cmd/debug/published_time,134474583642,1785825982080161608
/control/command/control_cmd/debug/published_time,134524583643,1785825982130830482
/control/command/control_cmd/debug/published_time,134574583644,1785825982180653065
/control/command/control_cmd/debug/published_time,134624583644,1785825982230983451
/control/command/control_cmd/debug/published_time,134674583645,1785825982280658405
/control/command/control_cmd/debug/published_time,134724583646,1785825982331143098
/control/command/control_cmd/debug/published_time,134774583647,1785825982381642823
/control/command/control_cmd/debug/published_time,134824583647,1785825982431175492
/control/command/control_cmd/debug/published_time,134874583648,1785825982481740660
/control/command/control_cmd/debug/published_time,134924583649,1785825982531673406
/control/command/control_cmd/debug/published_time,134974583650,1785825982581538388
/control/command/control_cmd/debug/published_time,135024583650,1785825982632616709
/control/command/control_cmd/debug/published_time,135074583651,1785825982682869668
/control/command/control_cmd/debug/published_time,135124583652,1785825982732214337
/control/command/control_cmd/debug/published_time,135174583653,1785825982783007624
/control/command/control_cmd/debug/published_time,135224583653,1785825982832386454
/control/command/control_cmd/debug/published_time,135274583654,1785825982882713634
/control/command/control_cmd/debug/published_time,135324583655,1785825982934232909
/control/command/control_cmd/debug/published_time,135374583656,1785825982982896192
/control/command/control_cmd/debug/published_time,135424583656,1785825983033075435
/control/command/control_cmd/debug/published_time,135474583657,1785825983084248782
/control/command/control_cmd/debug/published_time,135524583658,1785825983133161111
/control/command/control_cmd/debug/published_time,135574583659,1785825983183855456
/control/command/control_cmd/debug/published_time,135624583659,1785825983233416020
/control/command/control_cmd/debug/published_time,135674583660,1785825983284435238
/control/command/control_cmd/debug/published_time,135724583661,1785825983333406641
/control/command/control_cmd/debug/published_time,135774583662,1785825983383711001
/control/command/control_cmd/debug/published_time,135824583662,1785825983434869791
/control/command/control_cmd/debug/published_time,135874583663,1785825983484070077
/control/command/control_cmd/debug/published_time,135924583664,1785825983534081726
/control/command/control_cmd/debug/published_time,135974583665,1785825983584329412
/control/command/control_cmd/debug/published_time,136024583665,1785825983634841522
/control/command/control_cmd/debug/published_time,136074583666,1785825983685357984
/control/command/control_cmd/debug/published_time,136124583667,1785825983735212069
/control/command/control_cmd/debug/published_time,136174583667,1785825983784764897
/control/command/control_cmd/debug/published_time,136224583668,1785825983834722626
/control/command/control_cmd/debug/published_time,136274583669,1785825983885323254
/control/command/control_cmd/debug/published_time,136324583670,1785825983935472957
/control/command/control_cmd/debug/published_time,136374583670,1785825983985470827
/control/command/control_cmd/debug/published_time,136424583671,1785825984035624111
/control/command/control_cmd/debug/published_time,136474583672,1785825984085592925
/control/command/control_cmd/debug/published_time,136524583673,1785825984135345734
/control/command/control_cmd/debug/published_time,136574583673,1785825984185675169
/control/command/control_cmd/debug/published_time,136624583674,1785825984235870961
/control/command/control_cmd/debug/published_time,136674583675,1785825984285714855
/control/command/control_cmd/debug/published_time,136724583676,1785825984335428086
/control/command/control_cmd/debug/published_time,136774583676,1785825984386037192
/control/command/control_cmd/debug/published_time,136824583677,1785825984437483569
/control/command/control_cmd/debug/published_time,136874583678,1785825984486441842
/control/command/control_cmd/debug/published_time,136924583679,1785825984536819927
/control/command/control_cmd/debug/published_time,136974583679,1785825984586505403
/control/command/control_cmd/debug/published_time,137024583680,1785825984636628038
/control/command/control_cmd/debug/published_time,137074583681,1785825984686655710
/control/command/control_cmd/debug/published_time,137124583682,1785825984737179968
/control/command/control_cmd/debug/published_time,137174583682,1785825984786454007
/control/command/control_cmd/debug/published_time,137224583683,1785825984836735803
/control/command/control_cmd/debug/published_time,137274583684,1785825984886977363
/control/command/control_cmd/debug/published_time,137324583685,1785825984937718671
/control/command/control_cmd/debug/published_time,137374583685,1785825984988014134
/control/command/control_cmd/debug/published_time,137424583686,1785825985037660805
/control/command/control_cmd/debug/published_time,137474583687,1785825985087878548
/control/command/control_cmd/debug/published_time,137524583688,1785825985137979989
/control/command/control_cmd/debug/published_time,137574583688,1785825985187560458
/control/command/control_cmd/debug/published_time,137624583689,1785825985237782219
/control/command/control_cmd/debug/published_time,137674583690,1785825985289322230
/control/command/control_cmd/debug/published_time,137724583691,1785825985338536299
/control/command/control_cmd/debug/published_time,137774583691,1785825985387934546
/control/command/control_cmd/debug/published_time,137824583692,1785825985438291614
/control/command/control_cmd/debug/published_time,137874583693,1785825985489165677
/control/command/control_cmd/debug/published_time,137924583694,1785825985538457724
/control/command/control_cmd/debug/published_time,137974583694,1785825985588594167
/control/command/control_cmd/debug/published_time,138024583695,1785825985638396783
/control/command/control_cmd/debug/published_time,138074583696,1785825985689078314
/control/command/control_cmd/debug/published_time,138124583697,1785825985738859090
/control/command/control_cmd/debug/published_time,138174583697,1785825985789096710
/control/command/control_cmd/debug/published_time,138224583698,1785825985838864894
/control/command/control_cmd/debug/published_time,138274583699,1785825985889246032
/control/command/control_cmd/debug/published_time,138324583700,1785825985939632550
/control/command/control_cmd/debug/published_time,138374583700,1785825985989505484
/control/command/control_cmd/debug/published_time,138424583701,1785825986039640413
/control/command/control_cmd/debug/published_time,138474583702,1785825986089999391
/control/command/control_cmd/debug/published_time,138524583703,1785825986140498559
/control/command/control_cmd/debug/published_time,138574583703,1785825986190617654
/control/command/control_cmd/debug/published_time,138624583704,1785825986239842581
/control/command/control_cmd/debug/published_time,138674583705,1785825986291022505
/control/command/control_cmd/debug/published_time,138724583705,1785825986340568790
/control/command/control_cmd/debug/published_time,138774583706,1785825986391311579
/control/command/control_cmd/debug/published_time,138824583707,1785825986441201636
/control/command/control_cmd/debug/published_time,138874583708,1785825986491364627
/control/command/control_cmd/debug/published_time,138924583708,1785825986541319584
/control/command/control_cmd/debug/published_time,138974583709,1785825986590805630
/control/command/control_cmd/debug/published_time,139024583710,1785825986641126612
/control/command/control_cmd/debug/published_time,139074583711,1785825986691834586
/control/command/control_cmd/debug/published_time,139124583711,1785825986740932388
/control/command/control_cmd/debug/published_time,139174583712,1785825986792017738
/control/command/control_cmd/debug/published_time,139224583713,1785825986841450330
/control/command/control_cmd/debug/published_time,139274583714,1785825986891790528
/control/command/control_cmd/debug/published_time,139324583714,1785825986941520452
/control/command/control_cmd/debug/published_time,139374583715,1785825986991817866
/control/command/control_cmd/debug/published_time,139424583716,1785825987042208179
/control/command/control_cmd/debug/published_time,139474583717,1785825987092647146
/control/command/control_cmd/debug/published_time,139524583717,1785825987141788564
/control/command/control_cmd/debug/published_time,139574583718,1785825987192914816
/control/command/control_cmd/debug/published_time,139624583719,1785825987242507980
/control/command/control_cmd/debug/published_time,139674583720,1785825987292225262
/control/command/control_cmd/debug/published_time,139724583720,1785825987342445887
/control/command/control_cmd/debug/published_time,139774583721,1785825987392575337
/control/command/control_cmd/debug/published_time,139824583722,1785825987443008281
/control/command/control_cmd/debug/published_time,139874583723,1785825987492773745
/control/command/control_cmd/debug/published_time,139924583723,1785825987544277201
/control/command/control_cmd/debug/published_time,139974583724,1785825987594971175
/control/command/control_cmd/debug/published_time,140024583725,1785825987643644186
/control/command/control_cmd/debug/published_time,140074583726,1785825987693685378
/control/command/control_cmd/debug/published_time,140124583726,1785825987743670353
/control/command/control_cmd/debug/published_time,140174583727,1785825987793894402
/control/command/control_cmd/debug/published_time,140224583728,1785825987843700500
/control/command/control_cmd/debug/published_time,140274583729,1785825987894668892
/control/command/control_cmd/debug/published_time,140324583729,1785825987943888078
/control/command/control_cmd/debug/published_time,140374583730,1785825987994014453
/control/command/control_cmd/debug/published_time,140424583731,1785825988043750384
/control/command/control_cmd/debug/published_time,140474583732,1785825988094061574
/control/command/control_cmd/debug/published_time,140524583732,1785825988144594497
/control/command/control_cmd/debug/published_time,140574583733,1785825988194437138
/control/command/control_cmd/debug/published_time,140624583734,1785825988244465302
/control/command/control_cmd/debug/published_time,140674583735,1785825988295027822
/control/command/control_cmd/debug/published_time,140724583735,1785825988344389343
/control/command/control_cmd/debug/published_time,140774583736,1785825988395216231
/control/command/control_cmd/debug/published_time,140824583737,1785825988445457921
/control/command/control_cmd/debug/published_time,140874583738,1785825988495502670
/control/command/control_cmd/debug/published_time,140924583738,1785825988545195675
/control/command/control_cmd/debug/published_time,140974583739,1785825988595573741
/control/command/control_cmd/debug/published_time,141024583740,1785825988645732632
/control/command/control_cmd/debug/published_time,141074583740,1785825988696022655
/control/command/control_cmd/debug/published_time,141124583741,1785825988745553458
/control/command/control_cmd/debug/published_time,141174583742,1785825988795791289
/control/command/control_cmd/debug/published_time,141224583743,1785825988846228545
/control/command/control_cmd/debug/published_time,141274583743,1785825988896334863
/control/command/control_cmd/debug/published_time,141324583744,1785825988946118051
/control/command/control_cmd/debug/published_time,141374583745,1785825988996258987
/control/command/control_cmd/debug/published_time,141424583746,1785825989046378300
/control/command/control_cmd/debug/published_time,141474583746,1785825989096408145
/control/command/control_cmd/debug/published_time,141524583747,1785825989146442367
/control/command/control_cmd/debug/published_time,141574583748,1785825989196676728
/control/command/control_cmd/debug/published_time,141624583749,1785825989247516448
/control/command/control_cmd/debug/published_time,141674583749,1785825989298484898
/control/command/control_cmd/debug/published_time,141724583750,1785825989347130496
/control/command/control_cmd/debug/published_time,141774583751,1785825989397563554
/control/command/control_cmd/debug/published_time,141824583752,1785825989447772356
/control/command/control_cmd/debug/published_time,141874583752,1785825989497874128
/control/command/control_cmd/debug/published_time,141924583753,1785825989547470300
/control/command/control_cmd/debug/published_time,141974583754,1785825989597473087
/control/command/control_cmd/debug/published_time,142024583755,1785825989647957554
/control/command/control_cmd/debug/published_time,142074583755,1785825989698972921
/control/command/control_cmd/debug/published_time,142124583756,1785825989748148821
/control/command/control_cmd/debug/published_time,142174583757,1785825989798249534
/control/command/control_cmd/debug/published_time,142224583758,1785825989848777530
/control/command/control_cmd/debug/published_time,142274583758,1785825989899268864
/control/command/control_cmd/debug/published_time,142324583759,1785825989948100733
/control/command/control_cmd/debug/published_time,142374583760,1785825989998564199
/control/command/control_cmd/debug/published_time,142424583761,1785825990048209270
/control/command/control_cmd/debug/published_time,142474583761,1785825990098218538
/control/command/control_cmd/debug/published_time,142524583762,1785825990148696041
/control/command/control_cmd/debug/published_time,142574583763,1785825990199249839
/control/command/control_cmd/debug/published_time,142624583764,1785825990249020042
/control/command/control_cmd/debug/published_time,142674583764,1785825990298994993
/control/command/control_cmd/debug/published_time,142724583765,1785825990349351615
/control/command/control_cmd/debug/published_time,142774583766,1785825990400770876
/control/command/control_cmd/debug/published_time,142824583767,1785825990450198452
/control/command/control_cmd/debug/published_time,142874583767,1785825990500449948
/control/command/control_cmd/debug/published_time,142924583768,1785825990550452314
/control/command/control_cmd/debug/published_time,142974583769,1785825990601340462
/control/command/control_cmd/debug/published_time,143024583770,1785825990650427285
/control/command/control_cmd/debug/published_time,143074583770,1785825990700419990
/control/command/control_cmd/debug/published_time,143124583771,1785825990750218712
/control/command/control_cmd/debug/published_time,143174583772,1785825990800112081
/control/command/control_cmd/debug/published_time,143224583773,1785825990850212035
/control/command/control_cmd/debug/published_time,143274583773,1785825990900778495
/control/command/control_cmd/debug/published_time,143324583774,1785825990951623414
/control/command/control_cmd/debug/published_time,143374583775,1785825991000397140
/control/command/control_cmd/debug/published_time,143424583776,1785825991050476475
/control/command/control_cmd/debug/published_time,143474583776,1785825991101273089
/control/command/control_cmd/debug/published_time,143524583777,1785825991151530451
/control/command/control_cmd/debug/published_time,143574583778,1785825991201494364
/control/command/control_cmd/debug/published_time,143624583778,1785825991251611946
/control/command/control_cmd/debug/published_time,143674583779,1785825991301418208
/control/command/control_cmd/debug/published_time,143724583780,1785825991351471431
/control/command/control_cmd/debug/published_time,143774583781,1785825991401310319
/control/command/control_cmd/debug/published_time,143824583781,1785825991452557819
/control/command/control_cmd/debug/published_time,143874583782,1785825991502122393
/control/command/control_cmd/debug/published_time,143924583783,1785825991551727431
/control/command/control_cmd/debug/published_time,143974583784,1785825991602574840
/control/command/control_cmd/debug/published_time,144024583784,1785825991652812213
/control/command/control_cmd/debug/published_time,144074583785,1785825991702330016
/control/command/control_cmd/debug/published_time,144124583786,1785825991752812183
/control/command/control_cmd/debug/published_time,144174583787,1785825991802764575
/control/command/control_cmd/debug/published_time,144224583787,1785825991852822395
/control/command/control_cmd/debug/published_time,144274583788,1785825991903115857
/control/command/control_cmd/debug/published_time,144324583789,1785825991952963777
/control/command/control_cmd/debug/published_time,144374583790,1785825992003025951
/control/command/control_cmd/debug/published_time,144424583790,1785825992052935745
/control/command/control_cmd/debug/published_time,144474583791,1785825992103495043
/control/command/control_cmd/debug/published_time,144524583792,1785825992153510947
/control/command/control_cmd/debug/published_time,144574583793,1785825992203441331
/control/command/control_cmd/debug/published_time,144624583793,1785825992254234235
/control/command/control_cmd/debug/published_time,144674583794,1785825992304306500
/control/command/control_cmd/debug/published_time,144724583795,1785825992354242504
/control/command/control_cmd/debug/published_time,144774583796,1785825992404408904
/control/command/control_cmd/debug/published_time,144824583796,1785825992454449157
/control/command/control_cmd/debug/published_time,144874583797,1785825992504331490
/control/command/control_cmd/debug/published_time,144924583798,1785825992554410339
/control/command/control_cmd/debug/published_time,144974583799,1785825992604858116
/control/command/control_cmd/debug/published_time,145024583799,1785825992654079023
/control/command/control_cmd/debug/published_time,145074583800,1785825992705012285
/control/command/control_cmd/debug/published_time,145124583801,1785825992754756003
/control/command/control_cmd/debug/published_time,145174583802,1785825992804720678
/control/command/control_cmd/debug/published_time,145224583802,1785825992855163547
/control/command/control_cmd/debug/published_time,145274583803,1785825992906115313
/control/command/control_cmd/debug/published_time,145324583804,1785825992956158762
/control/command/control_cmd/debug/published_time,145374583805,1785825993005830135
/control/command/control_cmd/debug/published_time,145424583805,1785825993056444703
/control/command/control_cmd/debug/published_time,145474583806,1785825993105648321
/control/command/control_cmd/debug/published_time,145524583807,1785825993156071485
/control/command/control_cmd/debug/published_time,145574583808,1785825993205415008
/control/command/control_cmd/debug/published_time,145624583808,1785825993255434106
/control/command/control_cmd/debug/published_time,145674583809,1785825993306118237
/control/command/control_cmd/debug/published_time,145724583810,1785825993356237012
/control/command/control_cmd/debug/published_time,145774583811,1785825993406327314
/control/command/control_cmd/debug/published_time,145824583811,1785825993456537542
/control/command/control_cmd/debug/published_time,145874583812,1785825993506516895
/control/command/control_cmd/debug/published_time,145924583813,1785825993556702811
/control/command/control_cmd/debug/published_time,145974583814,1785825993606861363
/control/command/control_cmd/debug/published_time,146024583814,1785825993656840655
/control/command/control_cmd/debug/published_time,146074583815,1785825993707442650
/control/command/control_cmd/debug/published_time,146124583816,1785825993757334901
/control/command/control_cmd/debug/published_time,146174583816,1785825993808303164
/control/command/control_cmd/debug/published_time,146224583817,1785825993858718328
/control/command/control_cmd/debug/published_time,146274583818,1785825993908247324
/control/command/control_cmd/debug/published_time,146324583819,1785825993957465117
/control/command/control_cmd/debug/published_time,146374583819,1785825994008447929
/control/command/control_cmd/debug/published_time,146424583820,1785825994058278614
/control/command/control_cmd/debug/published_time,146474583821,1785825994108441817
/control/command/control_cmd/debug/published_time,146524583822,1785825994159469706
/control/command/control_cmd/debug/published_time,146574583822,1785825994209378869
/control/command/control_cmd/debug/published_time,146624583823,1785825994259310216
/control/command/control_cmd/debug/published_time,146674583824,1785825994308769425
/control/command/control_cmd/debug/published_time,146724583825,1785825994358950998
/control/command/control_cmd/debug/published_time,146774583825,1785825994409109788
/control/command/control_cmd/debug/published_time,146824583826,1785825994459583648
/control/command/control_cmd/debug/published_time,146874583827,1785825994509487901
/control/command/control_cmd/debug/published_time,146924583828,1785825994559237057
/control/command/control_cmd/debug/published_time,146974583828,1785825994609424383
/control/command/control_cmd/debug/published_time,147024583829,1785825994659684774
/control/command/control_cmd/debug/published_time,147074583830,1785825994710305229
/control/command/control_cmd/debug/published_time,147124583831,1785825994760007827
/control/command/control_cmd/debug/published_time,147174583831,1785825994809898093
/control/command/control_cmd/debug/published_time,147224583832,1785825994860514735
/control/command/control_cmd/debug/published_time,147274583833,1785825994910022015
/control/command/control_cmd/debug/published_time,147324583834,1785825994960077818
/control/command/control_cmd/debug/published_time,147374583834,1785825995010464676
/control/command/control_cmd/debug/published_time,147424583835,1785825995061227090
/control/command/control_cmd/debug/published_time,147474583836,1785825995110783623
/control/command/control_cmd/debug/published_time,147524583837,1785825995160709656
/control/command/control_cmd/debug/published_time,147574583837,1785825995210540589
/control/command/control_cmd/debug/published_time,147624583838,1785825995261025342
/control/command/control_cmd/debug/published_time,147674583839,1785825995310497173
/control/command/control_cmd/debug/published_time,147724583840,1785825995362124283
/control/command/control_cmd/debug/published_time,147774583840,1785825995411208517
/control/command/control_cmd/debug/published_time,147824583841,1785825995461349244
/control/command/control_cmd/debug/published_time,147874583842,1785825995511124549
/control/command/control_cmd/debug/published_time,147924583843,1785825995561216304
/control/command/control_cmd/debug/published_time,147974583843,1785825995611439673
/control/command/control_cmd/debug/published_time,148024583844,1785825995661258263
/control/command/control_cmd/debug/published_time,148074583845,1785825995711897631
/control/command/control_cmd/debug/published_time,148124583846,1785825995761928654
/control/command/control_cmd/debug/published_time,148174583846,1785825995812769023
/control/command/control_cmd/debug/published_time,148224583847,1785825995862968632
/control/command/control_cmd/debug/published_time,148274583848,1785825995912390533
/control/command/control_cmd/debug/published_time,148324583849,1785825995963426430
/control/command/control_cmd/debug/published_time,148374583849,1785825996013608806
/control/command/control_cmd/debug/published_time,148424583850,1785825996063444682
/control/command/control_cmd/debug/published_time,148474583851,1785825996112691064
/control/command/control_cmd/debug/published_time,148524583852,1785825996164811154
/control/command/control_cmd/debug/published_time,148574583852,1785825996213387521
/control/command/control_cmd/debug/published_time,148624583853,1785825996263398393
/control/command/control_cmd/debug/published_time,148674583854,1785825996313744408
/control/command/control_cmd/debug/published_time,148724583854,1785825996363672118
/control/command/control_cmd/debug/published_time,148774583855,1785825996414222018
/control/command/control_cmd/debug/published_time,148824583856,1785825996464935467
/control/command/control_cmd/debug/published_time,148874583857,1785825996515005223
/control/command/control_cmd/debug/published_time,148924583857,1785825996564625463
/control/command/control_cmd/debug/published_time,148974583858,1785825996614852163
/control/command/control_cmd/debug/published_time,149024583859,1785825996665131788
/control/command/control_cmd/debug/published_time,149074583860,1785825996715915699
/control/command/control_cmd/debug/published_time,149124583860,1785825996764684731
/control/command/control_cmd/debug/published_time,149174583861,1785825996814416355
/control/command/control_cmd/debug/published_time,149224583862,1785825996865160235
/control/command/control_cmd/debug/published_time,149274583863,1785825996915432523
/control/command/control_cmd/debug/published_time,149324583863,1785825996965014573
/control/command/control_cmd/debug/published_time,149374583864,1785825997015594061
/control/command/control_cmd/debug/published_time,149424583865,1785825997065804095
/control/command/control_cmd/debug/published_time,149474583866,1785825997115698311
/control/command/control_cmd/debug/published_time,149524583866,1785825997166556079
/control/command/control_cmd/debug/published_time,149574583867,1785825997216666859
/control/command/control_cmd/debug/published_time,149624583868,1785825997266649606
/control/command/control_cmd/debug/published_time,149674583869,1785825997316595918
/control/command/control_cmd/debug/published_time,149724583869,1785825997366693444
/control/command/control_cmd/debug/published_time,149774583870,1785825997416428947
/control/command/control_cmd/debug/published_time,149824583871,1785825997466741320
/control/command/control_cmd/debug/published_time,149874583872,1785825997516377424
/control/command/control_cmd/debug/published_time,149924583872,1785825997566584387
/control/command/control_cmd/debug/published_time,149974583873,1785825997616951143
/control/command/control_cmd/debug/published_time,150024583874,1785825997667463594
/control/command/control_cmd/debug/published_time,150074583875,1785825997717289195
/control/command/control_cmd/debug/published_time,150124583875,1785825997767338324
/control/command/control_cmd/debug/published_time,150174583876,1785825997817769056
/control/command/control_cmd/debug/published_time,150224583877,1785825997868501509
/control/command/control_cmd/debug/published_time,150274583878,1785825997917988219
/control/command/control_cmd/debug/published_time,150324583878,1785825997967905464
/control/command/control_cmd/debug/published_time,150374583879,1785825998019403593
/control/command/control_cmd/debug/published_time,150424583880,1785825998071901052
/control/command/control_cmd/debug/published_time,150474583881,1785825998118224222
/control/command/control_cmd/debug/published_time,150524583881,1785825998167726313
/control/command/control_cmd/debug/published_time,150574583882,1785825998218034502
/control/command/control_cmd/debug/published_time,150624583883,1785825998268191045
/control/command/control_cmd/debug/published_time,150674583884,1785825998317983988
/control/command/control_cmd/debug/published_time,150724583884,1785825998368438788
/control/command/control_cmd/debug/published_time,150774583885,1785825998419048879
/control/command/control_cmd/debug/published_time,150824583886,1785825998469221462
/control/command/control_cmd/debug/published_time,150874583887,1785825998519385661
/control/command/control_cmd/debug/published_time,150924583887,1785825998570218048
/control/command/control_cmd/debug/published_time,150974583888,1785825998618923544
/control/command/control_cmd/debug/published_time,151024583889,1785825998669684319
/control/command/control_cmd/debug/published_time,151074583890,1785825998719777671
/control/command/control_cmd/debug/published_time,151124583890,1785825998769599268
/control/command/control_cmd/debug/published_time,151174583891,1785825998819470641
/control/command/control_cmd/debug/published_time,151224583892,1785825998869856969
/control/command/control_cmd/debug/published_time,151274583892,1785825998919728763
/control/command/control_cmd/debug/published_time,151324583893,1785825998969932969
/control/command/control_cmd/debug/published_time,151374583894,1785825999020209426
/control/command/control_cmd/debug/published_time,151424583895,1785825999069939584
/control/command/control_cmd/debug/published_time,151474583895,1785825999120300133
/control/command/control_cmd/debug/published_time,151524583896,1785825999170702059
/control/command/control_cmd/debug/published_time,151574583897,1785825999221009806
/control/command/control_cmd/debug/published_time,151624583898,1785825999270419039
/control/command/control_cmd/debug/published_time,151674583898,1785825999321012017
/control/command/control_cmd/debug/published_time,151724583899,1785825999370919618
/control/command/control_cmd/debug/published_time,151774583900,1785825999421391790
/control/command/control_cmd/debug/published_time,151824583901,1785825999471688909
/control/command/control_cmd/debug/published_time,151874583901,1785825999521331383
/control/command/control_cmd/debug/published_time,151924583902,1785825999571371588
/control/command/control_cmd/debug/published_time,151974583903,1785825999621661730
/control/command/control_cmd/debug/published_time,152024583904,1785825999671501402
/control/command/control_cmd/debug/published_time,152074583904,1785825999721318440
/control/command/control_cmd/debug/published_time,152124583905,1785825999772042063
/control/command/control_cmd/debug/published_time,152174583906,1785825999821727097
/control/command/control_cmd/debug/published_time,152224583907,1785825999871937648
/control/command/control_cmd/debug/published_time,152274583907,1785825999922124106
/control/command/control_cmd/debug/published_time,152324583908,1785825999972407496
/control/command/control_cmd/debug/published_time,152374583909,1785826000022336892
/control/command/control_cmd/debug/published_time,152424583910,1785826000072522294
/control/command/control_cmd/debug/published_time,152474583910,1785826000122787438
/control/command/control_cmd/debug/published_time,152524583911,1785826000172961442
/control/command/control_cmd/debug/published_time,152574583912,1785826000222903276
/control/command/control_cmd/debug/published_time,152624583913,1785826000273026905
/control/command/control_cmd/debug/published_time,152674583913,1785826000323826387
/control/command/control_cmd/debug/published_time,152724583914,1785826000372741033
/control/command/control_cmd/debug/published_time,152774583915,1785826000423127696
/control/command/control_cmd/debug/published_time,152824583916,1785826000473326125
/control/command/control_cmd/debug/published_time,152874583916,1785826000523328533
/control/command/control_cmd/debug/published_time,152924583917,1785826000574007610
/control/command/control_cmd/debug/published_time,152974583918,1785826000624691357
/control/command/control_cmd/debug/published_time,153024583919,1785826000674065928
/control/command/control_cmd/debug/published_time,153074583919,1785826000723719442
/control/command/control_cmd/debug/published_time,153124583920,1785826000774699393
/control/command/control_cmd/debug/published_time,153174583921,1785826000824459293
/control/command/control_cmd/debug/published_time,153224583922,1785826000874556855
/control/command/control_cmd/debug/published_time,153274583922,1785826000925034727
/control/command/control_cmd/debug/published_time,153324583923,1785826000974599070
/control/command/control_cmd/debug/published_time,153374583924,1785826001024641003
/control/command/control_cmd/debug/published_time,153424583925,1785826001075286944
/control/command/control_cmd/debug/published_time,153474583925,1785826001126225031
/control/command/control_cmd/debug/published_time,153524583926,1785826001175183592
/control/command/control_cmd/debug/published_time,153574583927,1785826001225038991
/control/command/control_cmd/debug/published_time,153624583928,1785826001275819240
/control/command/control_cmd/debug/published_time,153674583928,1785826001325738021
/control/command/control_cmd/debug/published_time,153724583929,1785826001375460890
/control/command/control_cmd/debug/published_time,153774583930,1785826001426386296
/control/command/control_cmd/debug/published_time,153824583930,1785826001476313269
/control/command/control_cmd/debug/published_time,153874583931,1785826001526333185
/control/command/control_cmd/debug/published_time,153924583932,1785826001576485924
/control/command/control_cmd/debug/published_time,153974583933,1785826001626274183
/control/command/control_cmd/debug/published_time,154024583933,1785826001676507145
/control/command/control_cmd/debug/published_time,154074583934,1785826001726769500
/control/command/control_cmd/debug/published_time,154124583935,1785826001776005827
/control/command/control_cmd/debug/published_time,154174583936,1785826001826926401
/control/command/control_cmd/debug/published_time,154224583936,1785826001876653867
/control/command/control_cmd/debug/published_time,154274583937,1785826001927853406
/control/command/control_cmd/debug/published_time,154324583938,1785826001977508586
/control/command/control_cmd/debug/published_time,154374583939,1785826002027524812
/control/command/control_cmd/debug/published_time,154424583939,1785826002078032412
/control/command/control_cmd/debug/published_time,154474583940,1785826002127612237
/control/command/control_cmd/debug/published_time,154524583941,1785826002178017729
/control/command/control_cmd/debug/published_time,154574583942,1785826002227769825
/control/command/control_cmd/debug/published_time,154624583942,1785826002278193865
/control/command/control_cmd/debug/published_time,154674583943,1785826002327952054
/control/command/control_cmd/debug/published_time,154724583944,1785826002377719403
/control/command/control_cmd/debug/published_time,154774583945,1785826002428119982
/control/command/control_cmd/debug/published_time,154824583945,1785826002478526311
/control/command/control_cmd/debug/published_time,154874583946,1785826002529149712
/control/command/control_cmd/debug/published_time,154924583947,1785826002578701181
/control/command/control_cmd/debug/published_time,154974583948,1785826002628655894
/control/command/control_cmd/debug/published_time,155024583948,1785826002678481401
/control/command/control_cmd/debug/published_time,155074583949,1785826002728681090
/control/command/control_cmd/debug/published_time,155124583950,1785826002778770244
/control/command/control_cmd/debug/published_time,155174583951,1785826002828619204
/control/command/control_cmd/debug/published_time,155224583951,1785826002878930909
/control/command/control_cmd/debug/published_time,155274583952,1785826002929862516
/control/command/control_cmd/debug/published_time,155324583953,1785826002979183699
/control/command/control_cmd/debug/published_time,155374583954,1785826003029796978
/control/command/control_cmd/debug/published_time,155424583954,1785826003079654487
/control/command/control_cmd/debug/published_time,155474583955,1785826003129980337
/control/command/control_cmd/debug/published_time,155524583956,1785826003179875643
/control/command/control_cmd/debug/published_time,155574583957,1785826003229970926
/control/command/control_cmd/debug/published_time,155624583957,1785826003280173134
/control/command/control_cmd/debug/published_time,155674583958,1785826003330770011
/control/command/control_cmd/debug/published_time,155724583959,1785826003380786917
/control/command/control_cmd/debug/published_time,155774583960,1785826003430703408
/control/command/control_cmd/debug/published_time,155824583960,1785826003480725654
/control/command/control_cmd/debug/published_time,155874583961,1785826003530530902
/control/command/control_cmd/debug/published_time,155924583962,1785826003581642831
/control/command/control_cmd/debug/published_time,155974583963,1785826003631522572
/control/command/control_cmd/debug/published_time,156024583963,1785826003681771832
/control/command/control_cmd/debug/published_time,156074583964,1785826003731338240
/control/command/control_cmd/debug/published_time,156124583965,1785826003781278236
/control/command/control_cmd/debug/published_time,156174583966,1785826003830962624
/control/command/control_cmd/debug/published_time,156224583966,1785826003882184358
/control/command/control_cmd/debug/published_time,156274583967,1785826003931568447
/control/command/control_cmd/debug/published_time,156324583968,1785826003981792408
/control/command/control_cmd/debug/published_time,156374583968,1785826004031994744
/control/command/control_cmd/debug/published_time,156424583969,1785826004081911634
/control/command/control_cmd/debug/published_time,156474583970,1785826004131979016
/control/command/control_cmd/debug/published_time,156524583971,1785826004181808544
/control/command/control_cmd/debug/published_time,156574583971,1785826004231961502
/control/command/control_cmd/debug/published_time,156624583972,1785826004282498168
/control/command/control_cmd/debug/published_time,156674583973,1785826004332907076
/control/command/control_cmd/debug/published_time,156724583974,1785826004383493924
/control/command/control_cmd/debug/published_time,156774583974,1785826004432885660
/control/command/control_cmd/debug/published_time,156824583975,1785826004482740057
/control/command/control_cmd/debug/published_time,156874583976,1785826004533554959
/control/command/control_cmd/debug/published_time,156924583977,1785826004583483608
/control/command/control_cmd/debug/published_time,156974583977,1785826004633288323
/control/command/control_cmd/debug/published_time,157024583978,1785826004683518809
/control/command/control_cmd/debug/published_time,157074583979,1785826004733858234
/control/command/control_cmd/debug/published_time,157124583980,1785826004783699315
/control/command/control_cmd/debug/published_time,157174583980,1785826004833661240
/control/command/control_cmd/debug/published_time,157224583981,1785826004883784886
/control/command/control_cmd/debug/published_time,157274583982,1785826004934520259
/control/command/control_cmd/debug/published_time,157324583983,1785826004984202708
/control/command/control_cmd/debug/published_time,157374583983,1785826005034608219
/control/command/control_cmd/debug/published_time,157424583984,1785826005085007539
/control/command/control_cmd/debug/published_time,157474583985,1785826005135112968
/control/command/control_cmd/debug/published_time,157524583986,1785826005184399343
/control/command/control_cmd/debug/published_time,157574583986,1785826005235065057
/control/command/control_cmd/debug/published_time,157624583987,1785826005285525241
/control/command/control_cmd/debug/published_time,157674583988,1785826005335142035
/control/command/control_cmd/debug/published_time,157724583989,1785826005385482684
/control/command/control_cmd/debug/published_time,157774583989,1785826005436265578
/control/command/control_cmd/debug/published_time,157824583990,1785826005485401778
/control/command/control_cmd/debug/published_time,157874583991,1785826005535300751
/control/command/control_cmd/debug/published_time,157924583992,1785826005585478607
/control/command/control_cmd/debug/published_time,157974583992,1785826005636015252
/control/command/control_cmd/debug/published_time,158024583993,1785826005686015149
/control/command/control_cmd/debug/published_time,158074583994,1785826005735459700
/control/command/control_cmd/debug/published_time,158124583995,1785826005785378579
/control/command/control_cmd/debug/published_time,158174583995,1785826005836321463
/control/command/control_cmd/debug/published_time,158224583996,1785826005886055909
/control/command/control_cmd/debug/published_time,158274583997,1785826005935705591
/control/command/control_cmd/debug/published_time,158324583998,1785826005986602968
/control/command/control_cmd/debug/published_time,158374583998,1785826006036107602
/control/command/control_cmd/debug/published_time,158424583999,1785826006086420253
/control/command/control_cmd/debug/published_time,158474584000,1785826006136856433
/control/command/control_cmd/debug/published_time,158524584001,1785826006186508782
/control/command/control_cmd/debug/published_time,158574584001,1785826006236455870
/control/command/control_cmd/debug/published_time,158624584002,1785826006286598674
/control/command/control_cmd/debug/published_time,158674584003,1785826006336618160
/control/command/control_cmd/debug/published_time,158724584004,1785826006387250592
/control/command/control_cmd/debug/published_time,158774584004,1785826006437102987
/control/command/control_cmd/debug/published_time,158824584005,1785826006487301942
/control/command/control_cmd/debug/published_time,158874584006,1785826006537986369
/control/command/control_cmd/debug/published_time,158924584006,1785826006587395467
/control/command/control_cmd/debug/published_time,158974584007,1785826006637151490
/control/command/control_cmd/debug/published_time,159024584008,1785826006687281597
/control/command/control_cmd/debug/published_time,159074584009,1785826006737350404
/control/command/control_cmd/debug/published_time,159124584009,1785826006787888139
/control/command/control_cmd/debug/published_time,159174584010,1785826006837888660
/control/command/control_cmd/debug/published_time,159224584011,1785826006888226317
/control/command/control_cmd/debug/published_time,159274584012,1785826006938868020
/control/command/control_cmd/debug/published_time,159324584012,1785826006988214920
/control/command/control_cmd/debug/published_time,159374584013,1785826007038689292
/control/command/control_cmd/debug/published_time,159424584014,1785826007088796135
/control/command/control_cmd/debug/published_time,159474584015,1785826007139617426
/control/command/control_cmd/debug/published_time,159524584015,1785826007189685723
/control/command/control_cmd/debug/published_time,159574584016,1785826007239585245
/control/command/control_cmd/debug/published_time,159624584017,1785826007289138990
/control/command/control_cmd/debug/published_time,159674584018,1785826007339032373
/control/command/control_cmd/debug/published_time,159724584018,1785826007390312961
/control/command/control_cmd/debug/published_time,159774584019,1785826007439888084
/control/command/control_cmd/debug/published_time,159824584020,1785826007489850658
/control/command/control_cmd/debug/published_time,159874584021,1785826007540161512
/control/command/control_cmd/debug/published_time,159924584021,1785826007590394508
/control/command/control_cmd/debug/published_time,159974584022,1785826007640034216
/control/command/control_cmd/debug/published_time,160024584023,1785826007690395892
/control/command/control_cmd/debug/published_time,160074584024,1785826007740583509
/control/command/control_cmd/debug/published_time,160124584024,1785826007790383035
/control/command/control_cmd/debug/published_time,160174584025,1785826007840664426
/control/command/control_cmd/debug/published_time,160224584026,1785826007890311986
/control/command/control_cmd/debug/published_time,160274584027,1785826007941193551
/control/command/control_cmd/debug/published_time,160324584027,1785826007991220305
/control/command/control_cmd/debug/published_time,160374584028,1785826008043304479
/control/command/control_cmd/debug/published_time,160424584029,1785826008090813449
/control/command/control_cmd/debug/published_time,160474584030,1785826008141941495
/control/command/control_cmd/debug/published_time,160524584030,1785826008191797678
/control/command/control_cmd/debug/published_time,160574584031,1785826008241424106
/control/command/control_cmd/debug/published_time,160624584032,1785826008291919450
/control/command/control_cmd/debug/published_time,160674584033,1785826008341924286
/control/command/control_cmd/debug/published_time,160724584033,1785826008391860235
/control/command/control_cmd/debug/published_time,160774584034,1785826008442205265
/control/command/control_cmd/debug/published_time,160824584035,1785826008493011671
/control/command/control_cmd/debug/published_time,160874584036,1785826008542099834
/control/command/control_cmd/debug/published_time,160924584036,1785826008592401036
/control/command/control_cmd/debug/published_time,160974584037,1785826008642524974
/control/command/control_cmd/debug/published_time,161024584038,1785826008692315120
/control/command/control_cmd/debug/published_time,161074584039,1785826008742675446
/control/command/control_cmd/debug/published_time,161124584039,1785826008792941818
/control/command/control_cmd/debug/published_time,161174584040,1785826008842574427
/control/command/control_cmd/debug/published_time,161224584041,1785826008892992456
/control/command/control_cmd/debug/published_time,161274584042,1785826008942827249
/control/command/control_cmd/debug/published_time,161324584042,1785826008992943903
/control/command/control_cmd/debug/published_time,161374584043,1785826009042923676
/control/command/control_cmd/debug/published_time,161424584044,1785826009094078628
/control/command/control_cmd/debug/published_time,161474584044,1785826009143610482
/control/command/control_cmd/debug/published_time,161524584045,1785826009193446694
/control/command/control_cmd/debug/published_time,161574584046,1785826009244366743
/control/command/control_cmd/debug/published_time,161624584047,1785826009294349751
/control/command/control_cmd/debug/published_time,161674584047,1785826009344372368
/control/command/control_cmd/debug/published_time,161724584048,1785826009394339155
/control/command/control_cmd/debug/published_time,161774584049,1785826009444400486
/control/command/control_cmd/debug/published_time,161824584050,1785826009493903404
/control/command/control_cmd/debug/published_time,161874584050,1785826009545141814
/control/command/control_cmd/debug/published_time,161924584051,1785826009595395369
/control/command/control_cmd/debug/published_time,161974584052,1785826009644644034
/control/command/control_cmd/debug/published_time,162024584053,1785826009695324109
/control/command/control_cmd/debug/published_time,162074584053,1785826009745328944
/control/command/control_cmd/debug/published_time,162124584054,1785826009794777916
/control/command/control_cmd/debug/published_time,162174584055,1785826009844541476
/control/command/control_cmd/debug/published_time,162224584056,1785826009894525002
/control/command/control_cmd/debug/published_time,162274584056,1785826009945110704
/control/command/control_cmd/debug/published_time,162324584057,1785826009995037572
/control/command/control_cmd/debug/published_time,162374584058,1785826010046974186
/control/command/control_cmd/debug/published_time,162424584059,1785826010095856073
/control/command/control_cmd/debug/published_time,162474584059,1785826010145935420
/control/command/control_cmd/debug/published_time,162524584060,1785826010195374570
/control/command/control_cmd/debug/published_time,162574584061,1785826010245694590
/control/command/control_cmd/debug/published_time,162624584062,1785826010296106343
/control/command/control_cmd/debug/published_time,162674584062,1785826010346237924
/control/command/control_cmd/debug/published_time,162724584063,1785826010396369335
/control/command/control_cmd/debug/published_time,162774584064,1785826010446919006
/control/command/control_cmd/debug/published_time,162824584065,1785826010497463852
/control/command/control_cmd/debug/published_time,162874584065,1785826010546958848
/control/command/control_cmd/debug/published_time,162924584066,1785826010597303255
/control/command/control_cmd/debug/published_time,162974584067,1785826010646502556
/control/command/control_cmd/debug/published_time,163024584068,1785826010697230003
/control/command/control_cmd/debug/published_time,163074584068,1785826010747889969
/control/command/control_cmd/debug/published_time,163124584069,1785826010797771887
/control/command/control_cmd/debug/published_time,163174584070,1785826010847945835
/control/command/control_cmd/debug/published_time,163224584071,1785826010897017217
/control/command/control_cmd/debug/published_time,163274584071,1785826010947530842
/control/command/control_cmd/debug/published_time,163324584072,1785826010998509239
/control/command/control_cmd/debug/published_time,163374584073,1785826011048851068
/control/command/control_cmd/debug/published_time,163424584074,1785826011097852507
/control/command/control_cmd/debug/published_time,163474584074,1785826011148298754
/control/command/control_cmd/debug/published_time,163524584075,1785826011197977968
/control/command/control_cmd/debug/published_time,163574584076,1785826011249115181
/control/command/control_cmd/debug/published_time,163624584077,1785826011298231498
/control/command/control_cmd/debug/published_time,163674584077,1785826011348850072
/control/command/control_cmd/debug/published_time,163724584078,1785826011398608550
/control/command/control_cmd/debug/published_time,163774584079,1785826011448984058
/control/command/control_cmd/debug/published_time,163824584080,1785826011498948538
/control/command/control_cmd/debug/published_time,163874584080,1785826011549936344
/control/command/control_cmd/debug/published_time,163924584081,1785826011600324049
/control/command/control_cmd/debug/published_time,163974584082,1785826011649210974
/control/command/control_cmd/debug/published_time,164024584082,1785826011699565051
/control/command/control_cmd/debug/published_time,164074584083,1785826011749949566
/control/command/control_cmd/debug/published_time,164124584084,1785826011799572973
/control/command/control_cmd/debug/published_time,164174584085,1785826011850535268
/control/command/control_cmd/debug/published_time,164224584085,1785826011900232595
/control/command/control_cmd/debug/published_time,164274584086,1785826011950738805
/control/command/control_cmd/debug/published_time,164324584087,1785826011999879631
/control/command/control_cmd/debug/published_time,164374584088,1785826012050162524
/control/command/control_cmd/debug/published_time,164424584088,1785826012100753609
/control/command/control_cmd/debug/published_time,164474584089,1785826012150593481
/control/command/control_cmd/debug/published_time,164524584090,1785826012200660131
/control/command/control_cmd/debug/published_time,164574584091,1785826012251860718
/control/command/control_cmd/debug/published_time,164624584091,1785826012300803280
/control/command/control_cmd/debug/published_time,164674584092,1785826012351659836
/control/command/control_cmd/debug/published_time,164724584093,1785826012401244725
/control/command/control_cmd/debug/published_time,164774584094,1785826012451597738
/control/command/control_cmd/debug/published_time,164824584094,1785826012502310552
/control/command/control_cmd/debug/published_time,164874584095,1785826012552053318
/control/command/control_cmd/debug/published_time,164924584096,1785826012601522817
/control/command/control_cmd/debug/published_time,164974584097,1785826012652983836
/control/command/control_cmd/debug/published_time,165024584097,1785826012701343446
/control/command/control_cmd/debug/published_time,165074584098,1785826012752025736
/control/command/control_cmd/debug/published_time,165124584099,1785826012802533421
/control/command/control_cmd/debug/published_time,165174584100,1785826012852756555
/control/command/control_cmd/debug/published_time,165224584100,1785826012902506335
/control/command/control_cmd/debug/published_time,165274584101,1785826012952907764
/control/command/control_cmd/debug/published_time,165324584102,1785826013002838052
/control/command/control_cmd/debug/published_time,165374584103,1785826013052707490
/control/command/control_cmd/debug/published_time,165424584103,1785826013103260587
/control/command/control_cmd/debug/published_time,165474584104,1785826013153807315
/control/command/control_cmd/debug/published_time,165524584105,1785826013203408513
/control/command/control_cmd/debug/published_time,165574584106,1785826013253939753
/control/command/control_cmd/debug/published_time,165624584106,1785826013303510039
/control/command/control_cmd/debug/published_time,165674584107,1785826013353607192
/control/command/control_cmd/debug/published_time,165724584108,1785826013403448950
/control/command/control_cmd/debug/published_time,165774584109,1785826013453456806
/control/command/control_cmd/debug/published_time,165824584109,1785826013503999501
/control/command/control_cmd/debug/published_time,165874584110,1785826013554467753
/control/command/control_cmd/debug/published_time,165924584111,1785826013603625490
/control/command/control_cmd/debug/published_time,165974584112,1785826013654653442
/control/command/control_cmd/debug/published_time,166024584112,1785826013704302116
/control/command/control_cmd/debug/published_time,166074584113,1785826013754220543
/control/command/control_cmd/debug/published_time,166124584114,1785826013804480651
/control/command/control_cmd/debug/published_time,166174584115,1785826013853744816
/control/command/control_cmd/debug/published_time,166224584115,1785826013904160057
/control/command/control_cmd/debug/published_time,166274584116,1785826013953972060
/control/command/control_cmd/debug/published_time,166324584117,1785826014004801855
/control/command/control_cmd/debug/published_time,166374584117,1785826014054826566
/control/command/control_cmd/debug/published_time,166424584118,1785826014104366672
/control/command/control_cmd/debug/published_time,166474584119,1785826014154951563
/control/command/control_cmd/debug/published_time,166524584120,1785826014204957864
/control/command/control_cmd/debug/published_time,166574584120,1785826014256113695
/control/command/control_cmd/debug/published_time,166624584121,1785826014305529272
/control/command/control_cmd/debug/published_time,166674584122,1785826014355711091
/control/command/control_cmd/debug/published_time,166724584123,1785826014406205846
/control/command/control_cmd/debug/published_time,166774584123,1785826014455667131
/control/command/control_cmd/debug/published_time,166824584124,1785826014505969951
/control/command/control_cmd/debug/published_time,166874584125,1785826014555781012
/control/command/control_cmd/debug/published_time,166924584126,1785826014606380025
/control/command/control_cmd/debug/published_time,166974584126,1785826014657226731
/control/command/control_cmd/debug/published_time,167024584127,1785826014706947203
/control/command/control_cmd/debug/published_time,167074584128,1785826014757190039
/control/command/control_cmd/debug/published_time,167124584129,1785826014806655130
/control/command/control_cmd/debug/published_time,167174584129,1785826014856980133
/control/command/control_cmd/debug/published_time,167224584130,1785826014907023554
/control/command/control_cmd/debug/published_time,167274584131,1785826014957422480
/control/command/control_cmd/debug/published_time,167324584132,1785826015006962383
/control/command/control_cmd/debug/published_time,167374584132,1785826015057338049
/control/command/control_cmd/debug/published_time,167424584133,1785826015107527613
/control/command/control_cmd/debug/published_time,167474584134,1785826015157511436
/control/command/control_cmd/debug/published_time,167524584135,1785826015207435633
/control/command/control_cmd/debug/published_time,167574584135,1785826015257884723
/control/command/control_cmd/debug/published_time,167624584136,1785826015307851576
/control/command/control_cmd/debug/published_time,167674584137,1785826015357996302
/control/command/control_cmd/debug/published_time,167724584138,1785826015408156355
/control/command/control_cmd/debug/published_time,167774584138,1785826015458595916
/control/command/control_cmd/debug/published_time,167824584139,1785826015508419586
/control/command/control_cmd/debug/published_time,167874584140,1785826015558814896
/control/command/control_cmd/debug/published_time,167924584141,1785826015609324169
/control/command/control_cmd/debug/published_time,167974584141,1785826015659611000
/control/command/control_cmd/debug/published_time,168024584142,1785826015709236239
/control/command/control_cmd/debug/published_time,168074584143,1785826015759242378
/control/command/control_cmd/debug/published_time,168124584144,1785826015809242088
/control/command/control_cmd/debug/published_time,168174584144,1785826015859393546
/control/command/control_cmd/debug/published_time,168224584145,1785826015909578670
/control/command/control_cmd/debug/published_time,168274584146,1785826015959974627
/control/command/control_cmd/debug/published_time,168324584147,1785826016009375333
/control/command/control_cmd/debug/published_time,168374584147,1785826016060002009
/control/command/control_cmd/debug/published_time,168424584148,1785826016109991491
/control/command/control_cmd/debug/published_time,168474584149,1785826016159801001
/control/command/control_cmd/debug/published_time,168524584150,1785826016209837174
/control/command/control_cmd/debug/published_time,168574584150,1785826016259820628
/control/command/control_cmd/debug/published_time,168624584151,1785826016310100820
/control/command/control_cmd/debug/published_time,168674584152,1785826016360345587
/control/command/control_cmd/debug/published_time,168724584153,1785826016410152337
/control/command/control_cmd/debug/published_time,168774584153,1785826016460730648
/control/command/control_cmd/debug/published_time,168824584154,1785826016511408705
/control/command/control_cmd/debug/published_time,168874584155,1785826016561058120
/control/command/control_cmd/debug/published_time,168924584155,1785826016610898731
/control/command/control_cmd/debug/published_time,168974584156,1785826016660887127
/control/command/control_cmd/debug/published_time,169024584157,1785826016711383024
/control/command/control_cmd/debug/published_time,169074584158,1785826016762718825
/control/command/control_cmd/debug/published_time,169124584158,1785826016811511141
/control/command/control_cmd/debug/published_time,169174584159,1785826016862135858
/control/command/control_cmd/debug/published_time,169224584160,1785826016912078983
/control/command/control_cmd/debug/published_time,169274584161,1785826016962447487
/control/command/control_cmd/debug/published_time,169324584161,1785826017012637705
/control/command/control_cmd/debug/published_time,169374584162,1785826017062345699
/control/command/control_cmd/debug/published_time,169424584163,1785826017112680994
/control/command/control_cmd/debug/published_time,169474584164,1785826017163056538
/control/command/control_cmd/debug/published_time,169524584164,1785826017213081009
/control/command/control_cmd/debug/published_time,169574584165,1785826017262679305
/control/command/control_cmd/debug/published_time,169624584166,1785826017312924054
/control/command/control_cmd/debug/published_time,169674584167,1785826017363205397
/control/command/control_cmd/debug/published_time,169724584167,1785826017412923665
/control/command/control_cmd/debug/published_time,169774584168,1785826017463346017
/control/command/control_cmd/debug/published_time,169824584169,1785826017513590533
/control/command/control_cmd/debug/published_time,169874584170,1785826017562963520
/control/command/control_cmd/debug/published_time,169924584170,1785826017613309743
/control/command/control_cmd/debug/published_time,169974584171,1785826017663602475
/control/command/control_cmd/debug/published_time,170024584172,1785826017713660430
/control/command/control_cmd/debug/published_time,170074584173,1785826017762964189
/control/command/control_cmd/debug/published_time,170124584173,1785826017813701528
/control/command/control_cmd/debug/published_time,170174584174,1785826017863887721
/control/command/control_cmd/debug/published_time,170224584175,1785826017913780255
/control/command/control_cmd/debug/published_time,170274584176,1785826017964105779
/control/command/control_cmd/debug/published_time,170324584176,1785826018013730089
/control/command/control_cmd/debug/published_time,170374584177,1785826018064851020
/control/command/control_cmd/debug/published_time,170424584178,1785826018114443791
/control/command/control_cmd/debug/published_time,170474584179,1785826018164722634
/control/command/control_cmd/debug/published_time,170524584179,1785826018214748413
/control/command/control_cmd/debug/published_time,170574584180,1785826018265232395
/control/command/control_cmd/debug/published_time,170624584181,1785826018314840051
/control/command/control_cmd/debug/published_time,170674584182,1785826018365550284
/control/command/control_cmd/debug/published_time,170724584182,1785826018415068083
/control/command/control_cmd/debug/published_time,170774584183,1785826018465132606
/control/command/control_cmd/debug/published_time,170824584184,1785826018515761311
/control/command/control_cmd/debug/published_time,170874584185,1785826018565821048
/control/command/control_cmd/debug/published_time,170924584185,1785826018615536262
/control/command/control_cmd/debug/published_time,170974584186,1785826018666013029
/control/command/control_cmd/debug/published_time,171024584187,1785826018716081106
/control/command/control_cmd/debug/published_time,171074584188,1785826018767568659
/control/command/control_cmd/debug/published_time,171124584188,1785826018816316845
/control/command/control_cmd/debug/published_time,171174584189,1785826018866008778
/control/command/control_cmd/debug/published_time,171224584190,1785826018917014539
/control/command/control_cmd/debug/published_time,171274584191,1785826018966379841
/control/command/control_cmd/debug/published_time,171324584191,1785826019016256047
/control/command/control_cmd/debug/published_time,171374584192,1785826019066681675
/control/command/control_cmd/debug/published_time,171424584193,1785826019116839097
/control/command/control_cmd/debug/published_time,171474584193,1785826019166992212
/control/command/control_cmd/debug/published_time,171524584194,1785826019217576194
/control/command/control_cmd/debug/published_time,171574584195,1785826019267578066
/control/command/control_cmd/debug/published_time,171624584196,1785826019317421003
/control/command/control_cmd/debug/published_time,171674584196,1785826019367685143
/control/command/control_cmd/debug/published_time,171724584197,1785826019417842383
/control/command/control_cmd/debug/published_time,171774584198,1785826019467728043
/control/command/control_cmd/debug/published_time,171824584199,1785826019518848595
/control/command/control_cmd/debug/published_time,171874584199,1785826019568797257
/control/command/control_cmd/debug/published_time,171924584200,1785826019618266895
/control/command/control_cmd/debug/published_time,171974584201,1785826019669322410
/control/command/control_cmd/debug/published_time,172024584202,1785826019718589847
/control/command/control_cmd/debug/published_time,172074584202,1785826019768484489
/control/command/control_cmd/debug/published_time,172124584203,1785826019818496541
/control/command/control_cmd/debug/published_time,172174584204,1785826019869123927
/control/command/control_cmd/debug/published_time,172224584205,1785826019918733633
/control/command/control_cmd/debug/published_time,172274584205,1785826019968912744
/control/command/control_cmd/debug/published_time,172324584206,1785826020018737606
/control/command/control_cmd/debug/published_time,172374584207,1785826020069575453
/control/command/control_cmd/debug/published_time,172424584208,1785826020119480331
/control/command/control_cmd/debug/published_time,172474584208,1785826020169739144
/control/command/control_cmd/debug/published_time,172524584209,1785826020220206350
/control/command/control_cmd/debug/published_time,172574584210,1785826020270236430
/control/command/control_cmd/debug/published_time,172624584211,1785826020320289443
/control/command/control_cmd/debug/published_time,172674584211,1785826020370671570
/control/command/control_cmd/debug/published_time,172724584212,1785826020420478139
/control/command/control_cmd/debug/published_time,172774584213,1785826020470220586
/control/command/control_cmd/debug/published_time,172824584214,1785826020520904864
/control/command/control_cmd/debug/published_time,172874584214,1785826020570522012
/control/command/control_cmd/debug/published_time,172924584215,1785826020620902711
/control/command/control_cmd/debug/published_time,172974584216,1785826020670929936
/control/command/control_cmd/debug/published_time,173024584217,1785826020720762128
/control/command/control_cmd/debug/published_time,173074584217,1785826020770832171
/control/command/control_cmd/debug/published_time,173124584218,1785826020821213284
/control/command/control_cmd/debug/published_time,173174584219,1785826020871419317
/control/command/control_cmd/debug/published_time,173224584220,1785826020921441040
/control/command/control_cmd/debug/published_time,173274584220,1785826020971949402
/control/command/control_cmd/debug/published_time,173324584221,1785826021021325379
/control/command/control_cmd/debug/published_time,173374584222,1785826021071207246
/control/command/control_cmd/debug/published_time,173424584223,1785826021121887676
/control/command/control_cmd/debug/published_time,173474584223,1785826021171883486
/control/command/control_cmd/debug/published_time,173524584224,1785826021221634380
/control/command/control_cmd/debug/published_time,173574584225,1785826021272043489
/control/command/control_cmd/debug/published_time,173624584226,1785826021322299173
/control/command/control_cmd/debug/published_time,173674584226,1785826021372531500
/control/command/control_cmd/debug/published_time,173724584227,1785826021422425164
/control/command/control_cmd/debug/published_time,173774584228,1785826021473189047
/control/command/control_cmd/debug/published_time,173824584229,1785826021522403504
/control/command/control_cmd/debug/published_time,173874584229,1785826021573381146
/control/command/control_cmd/debug/published_time,173924584230,1785826021623143095
/control/command/control_cmd/debug/published_time,173974584231,1785826021672762340
/control/command/control_cmd/debug/published_time,174024584231,1785826021722913470
/control/command/control_cmd/debug/published_time,174074584232,1785826021773256854
/control/command/control_cmd/debug/published_time,174124584233,1785826021822519466
/control/command/control_cmd/debug/published_time,174174584234,1785826021873408760
/control/command/control_cmd/debug/published_time,174224584234,1785826021922915479
/control/command/control_cmd/debug/published_time,174274584235,1785826021973137216
/control/command/control_cmd/debug/published_time,174324584236,1785826022022742229
/control/command/control_cmd/debug/published_time,174374584237,1785826022072983525
/control/command/control_cmd/debug/published_time,174424584237,1785826022123839387
/control/command/control_cmd/debug/published_time,174474584238,1785826022174226253
/control/command/control_cmd/debug/published_time,174524584239,1785826022224019082
/control/command/control_cmd/debug/published_time,174574584240,1785826022274012050
/control/command/control_cmd/debug/published_time,174624584240,1785826022323926945
/control/command/control_cmd/debug/published_time,174674584241,1785826022374665123
/control/command/control_cmd/debug/published_time,174724584242,1785826022424245281
/control/command/control_cmd/debug/published_time,174774584243,1785826022474526884
/control/command/control_cmd/debug/published_time,174824584243,1785826022528624647
/control/command/control_cmd/debug/published_time,174874584244,1785826022574929314
/control/command/control_cmd/debug/published_time,174924584245,1785826022625738787
/control/command/control_cmd/debug/published_time,174974584246,1785826022675107188
/control/command/control_cmd/debug/published_time,175024584246,1785826022725057848
/control/command/control_cmd/debug/published_time,175074584247,1785826022775674933
/control/command/control_cmd/debug/published_time,175124584248,1785826022825699338
/control/command/control_cmd/debug/published_time,175174584249,1785826022876495076
/control/command/control_cmd/debug/published_time,175224584249,1785826022924992638
/control/command/control_cmd/debug/published_time,175274584250,1785826022976488932
/control/command/control_cmd/debug/published_time,175324584251,1785826023025715108
/control/command/control_cmd/debug/published_time,175374584252,1785826023076035305
/control/command/control_cmd/debug/published_time,175424584252,1785826023126070666
/control/command/control_cmd/debug/published_time,175474584253,1785826023176311942
/control/command/control_cmd/debug/published_time,175524584254,1785826023225979313
/control/command/control_cmd/debug/published_time,175574584255,1785826023276283203
/control/command/control_cmd/debug/published_time,175624584255,1785826023326787240
/control/command/control_cmd/debug/published_time,175674584256,1785826023376957554
/control/command/control_cmd/debug/published_time,175724584257,1785826023426464017
/control/command/control_cmd/debug/published_time,175774584258,1785826023477966645
/control/command/control_cmd/debug/published_time,175824584258,1785826023527275012
/control/command/control_cmd/debug/published_time,175874584259,1785826023577730244
/control/command/control_cmd/debug/published_time,175924584260,1785826023627352143
/control/command/control_cmd/debug/published_time,175974584261,1785826023677598211
/control/command/control_cmd/debug/published_time,176024584261,1785826023727690163
/control/command/control_cmd/debug/published_time,176074584262,1785826023777394151
/control/command/control_cmd/debug/published_time,176124584263,1785826023828009385
/control/command/control_cmd/debug/published_time,176174584264,1785826023877723077
/control/command/control_cmd/debug/published_time,176224584264,1785826023929185591
/control/command/control_cmd/debug/published_time,176274584265,1785826023978755968
/control/command/control_cmd/debug/published_time,176324584266,1785826024028334273
/control/command/control_cmd/debug/published_time,176374584267,1785826024079293631
/control/command/control_cmd/debug/published_time,176424584267,1785826024128319053
/control/command/control_cmd/debug/published_time,176474584268,1785826024178260290
/control/command/control_cmd/debug/published_time,176524584269,1785826024229161045
/control/command/control_cmd/debug/published_time,176574584269,1785826024279754298
/control/command/control_cmd/debug/published_time,176624584270,1785826024328959200
/control/command/control_cmd/debug/published_time,176674584271,1785826024378511349
/control/command/control_cmd/debug/published_time,176724584272,1785826024429523624
/control/command/control_cmd/debug/published_time,176774584272,1785826024479613436
/control/command/control_cmd/debug/published_time,176824584273,1785826024529578588
/control/command/control_cmd/debug/published_time,176874584274,1785826024579819612
/control/command/control_cmd/debug/published_time,176924584275,1785826024629138510
/control/command/control_cmd/debug/published_time,176974584275,1785826024680093619
/control/command/control_cmd/debug/published_time,177024584276,1785826024729720615
/control/command/control_cmd/debug/published_time,177074584277,1785826024779532859
/control/command/control_cmd/debug/published_time,177124584278,1785826024829995318
/control/command/control_cmd/debug/published_time,177174584278,1785826024880075649
/control/command/control_cmd/debug/published_time,177224584279,1785826024929638317
/control/command/control_cmd/debug/published_time,177274584280,1785826024980127238
/control/command/control_cmd/debug/published_time,177324584281,1785826025030302648
/control/command/control_cmd/debug/published_time,177374584281,1785826025080481669
/control/command/control_cmd/debug/published_time,177424584282,1785826025130578712
/control/command/control_cmd/debug/published_time,177474584283,1785826025180294621
/control/command/control_cmd/debug/published_time,177524584284,1785826025230866598
/control/command/control_cmd/debug/published_time,177574584284,1785826025280697815
/control/command/control_cmd/debug/published_time,177624584285,1785826025330972266
/control/command/control_cmd/debug/published_time,177674584286,1785826025381501227
/control/command/control_cmd/debug/published_time,177724584287,1785826025431249128
/control/command/control_cmd/debug/published_time,177774584287,1785826025481969404
/control/command/control_cmd/debug/published_time,177824584288,1785826025531575385
/control/command/control_cmd/debug/published_time,177874584289,1785826025582019454
/control/command/control_cmd/debug/published_time,177924584290,1785826025632115972
/control/command/control_cmd/debug/published_time,177974584290,1785826025683204625
/control/command/control_cmd/debug/published_time,178024584291,1785826025731771454
/control/command/control_cmd/debug/published_time,178074584292,1785826025782156490
