[INFO] [launch]: All log files can be found below /root/.ros/log/2026-08-01-13-56-48-817878-youtalk-desktop-120
[INFO] [launch]: Default logging verbosity is set to INFO
[INFO] [component_container_mt-1]: process started with pid [461]
[INFO] [robot_state_publisher-2]: process started with pid [463]
[INFO] [autoware_duplicated_node_checker_node-3]: process started with pid [465]
[INFO] [processing_time_checker_node-4]: process started with pid [467]
[INFO] [autoware_pipeline_latency_monitor_node-5]: process started with pid [469]
[INFO] [service_log_checker_node-6]: process started with pid [471]
[INFO] [component_container-7]: process started with pid [473]
[INFO] [component_container-8]: process started with pid [475]
[INFO] [component_container-9]: process started with pid [477]
[INFO] [aggregator_node-10]: process started with pid [479]
[INFO] [converter_node-11]: process started with pid [565]
[INFO] [autoware_hazard_status_converter_node-12]: process started with pid [569]
[INFO] [autoware_mrm_handler_node-13]: process started with pid [571]
[INFO] [logging_node-14]: process started with pid [574]
[INFO] [component_container_mt-15]: process started with pid [577]
[INFO] [map_hash_generator-16]: process started with pid [607]
[INFO] [autoware_map_projection_loader_node-17]: process started with pid [609]
[INFO] [component_container-18]: process started with pid [614]
[INFO] [component_container-19]: process started with pid [630]
[INFO] [component_container-20]: process started with pid [635]
[INFO] [imu_corrector_node-21]: process started with pid [672]
[INFO] [gyro_bias_estimator_node-22]: process started with pid [684]
[INFO] [autoware_vehicle_velocity_converter_node-23]: process started with pid [699]
[INFO] [autoware_ndt_scan_matcher_node-24]: process started with pid [703]
[INFO] [autoware_gyro_odometer_node-25]: process started with pid [730]
[INFO] [autoware_pose_initializer_node-26]: process started with pid [736]
[INFO] [autoware_automatic_pose_initializer_node-27]: process started with pid [743]
[INFO] [autoware_ekf_localizer_node-28]: process started with pid [745]
[INFO] [autoware_stop_filter_node-29]: process started with pid [748]
[INFO] [autoware_twist2accel_node-30]: process started with pid [760]
[INFO] [autoware_pose_instability_detector_node-31]: process started with pid [763]
[INFO] [autoware_localization_error_monitor_node-32]: process started with pid [786]
[INFO] [autoware_manual_lane_change_handler_node-33]: process started with pid [789]
[INFO] [component_container_mt-34]: process started with pid [791]
[INFO] [goal_pose_visualizer-35]: process started with pid [794]
[INFO] [autoware_scenario_selector_node-36]: process started with pid [796]
[INFO] [external_velocity_limit_selector-37]: process started with pid [798]
[INFO] [component_container-38]: process started with pid [800]
[INFO] [autoware_hazard_lights_selector_node-39]: process started with pid [806]
[INFO] [component_container_mt-40]: process started with pid [808]
[INFO] [component_container_mt-41]: process started with pid [816]
[INFO] [component_container_mt-42]: process started with pid [825]
[INFO] [component_container_mt-43]: process started with pid [827]
[INFO] [planning_evaluator-44]: process started with pid [837]
[INFO] [autoware_remaining_distance_time_calculator_node-45]: process started with pid [928]
[INFO] [relay-46]: process started with pid [934]
[INFO] [component_container_mt-47]: process started with pid [938]
[INFO] [component_container_mt-48]: process started with pid [944]
[INFO] [control_evaluator-49]: process started with pid [954]
[INFO] [component_container_mt-50]: process started with pid [966]
[INFO] [initial_pose_adaptor_node-51]: process started with pid [973]
[INFO] [routing_adaptor_node-52]: process started with pid [977]
[autoware_map_projection_loader_node-17] Load /autoware_map/town10-regen/map_projector_info.yaml
[component_container_mt-1] [INFO] [1785592616.452192944] [pointcloud_container]: Load Library: /opt/autoware/lib/libautoware_glog_component.so
[component_container_mt-1] [INFO] [1785592616.453021987] [pointcloud_container]: Found class: rclcpp_components::NodeFactoryTemplate<autoware::glog_component::GlogComponent>
[component_container_mt-1] [INFO] [1785592616.453039074] [pointcloud_container]: Instantiate class: rclcpp_components::NodeFactoryTemplate<autoware::glog_component::GlogComponent>
[robot_state_publisher-2] [INFO] [1785592616.378409560] [robot_state_publisher]: got segment base_link
[robot_state_publisher-2] [INFO] [1785592616.378491754] [robot_state_publisher]: got segment camera0/camera_link
[robot_state_publisher-2] [INFO] [1785592616.378496238] [robot_state_publisher]: got segment camera0/camera_optical_link
[robot_state_publisher-2] [INFO] [1785592616.378498391] [robot_state_publisher]: got segment camera1/camera_link
[robot_state_publisher-2] [INFO] [1785592616.378500476] [robot_state_publisher]: got segment camera1/camera_optical_link
[robot_state_publisher-2] [INFO] [1785592616.378502412] [robot_state_publisher]: got segment camera2/camera_link
[robot_state_publisher-2] [INFO] [1785592616.378504293] [robot_state_publisher]: got segment camera2/camera_optical_link
[robot_state_publisher-2] [INFO] [1785592616.378506058] [robot_state_publisher]: got segment camera3/camera_link
[robot_state_publisher-2] [INFO] [1785592616.378507729] [robot_state_publisher]: got segment camera3/camera_optical_link
[robot_state_publisher-2] [INFO] [1785592616.378509380] [robot_state_publisher]: got segment camera4/camera_link
[robot_state_publisher-2] [INFO] [1785592616.378511104] [robot_state_publisher]: got segment camera4/camera_optical_link
[robot_state_publisher-2] [INFO] [1785592616.378512692] [robot_state_publisher]: got segment camera5/camera_link
[robot_state_publisher-2] [INFO] [1785592616.378514256] [robot_state_publisher]: got segment camera5/camera_optical_link
[robot_state_publisher-2] [INFO] [1785592616.378515790] [robot_state_publisher]: got segment gnss_link
[robot_state_publisher-2] [INFO] [1785592616.378517468] [robot_state_publisher]: got segment sensor_kit_base_link
[robot_state_publisher-2] [INFO] [1785592616.378519147] [robot_state_publisher]: got segment tamagawa/imu_link
[robot_state_publisher-2] [INFO] [1785592616.378520748] [robot_state_publisher]: got segment traffic_light_left_camera/camera_link
[robot_state_publisher-2] [INFO] [1785592616.378522558] [robot_state_publisher]: got segment traffic_light_left_camera/camera_optical_link
[robot_state_publisher-2] [INFO] [1785592616.378524393] [robot_state_publisher]: got segment traffic_light_right_camera/camera_link
[robot_state_publisher-2] [INFO] [1785592616.378525979] [robot_state_publisher]: got segment traffic_light_right_camera/camera_optical_link
[robot_state_publisher-2] [INFO] [1785592616.378527517] [robot_state_publisher]: got segment velodyne_left
[robot_state_publisher-2] [INFO] [1785592616.378529256] [robot_state_publisher]: got segment velodyne_left_base_link
[robot_state_publisher-2] [INFO] [1785592616.378530869] [robot_state_publisher]: got segment velodyne_rear
[robot_state_publisher-2] [INFO] [1785592616.378532538] [robot_state_publisher]: got segment velodyne_rear_base_link
[INFO] [launch_ros.actions.load_composable_nodes]: Loaded node '/pointcloud_container/glog_component' in container '/pointcloud_container'
[robot_state_publisher-2] [INFO] [1785592616.378534074] [robot_state_publisher]: got segment velodyne_right
[robot_state_publisher-2] [INFO] [1785592616.378535767] [robot_state_publisher]: got segment velodyne_right_base_link
[robot_state_publisher-2] [INFO] [1785592616.378537481] [robot_state_publisher]: got segment velodyne_top
[robot_state_publisher-2] [INFO] [1785592616.378539124] [robot_state_publisher]: got segment velodyne_top_base_link
[autoware_pipeline_latency_monitor_node-5] [INFO] [1785592616.393948893] [system.pipeline_latency_monitor]: PipelineLatencyMonitorNode initialized
[imu_corrector_node-21] [INFO] [1785592616.469406127] [sensing.imu.imu_corrector]: correct_for_static_bias: true
[imu_corrector_node-21] [INFO] [1785592616.471035174] [sensing.imu.imu_corrector]: correct_for_dynamic_bias: false
[imu_corrector_node-21] [INFO] [1785592616.471045322] [sensing.imu.imu_corrector]: correct_for_scale: false
[component_container_mt-1] [INFO] [1785592616.632384038] [pointcloud_container]: Load Library: /opt/autoware/lib/libpointcloud_preprocessor_filter.so
[component_container_mt-1] [INFO] [1785592616.701734042] [pointcloud_container]: Found class: rclcpp_components::NodeFactoryTemplate<autoware::pointcloud_preprocessor::ApproximateDownsampleFilterComponent>
[component_container_mt-1] [INFO] [1785592616.701784637] [pointcloud_container]: Found class: rclcpp_components::NodeFactoryTemplate<autoware::pointcloud_preprocessor::BlockageDiagComponent>
[component_container_mt-1] [INFO] [1785592616.701790164] [pointcloud_container]: Found class: rclcpp_components::NodeFactoryTemplate<autoware::pointcloud_preprocessor::CropBoxFilterComponent>
[component_container_mt-1] [INFO] [1785592616.701793315] [pointcloud_container]: Found class: rclcpp_components::NodeFactoryTemplate<autoware::pointcloud_preprocessor::DistortionCorrectorComponent>
[component_container_mt-1] [INFO] [1785592616.701796103] [pointcloud_container]: Found class: rclcpp_components::NodeFactoryTemplate<autoware::pointcloud_preprocessor::DualReturnOutlierFilterComponent>
[component_container_mt-1] [INFO] [1785592616.701798913] [pointcloud_container]: Found class: rclcpp_components::NodeFactoryTemplate<autoware::pointcloud_preprocessor::Lanelet2MapFilterComponent>
[component_container_mt-1] [INFO] [1785592616.701802203] [pointcloud_container]: Found class: rclcpp_components::NodeFactoryTemplate<autoware::pointcloud_preprocessor::PassThroughFilterComponent>
[component_container_mt-1] [INFO] [1785592616.701805088] [pointcloud_container]: Found class: rclcpp_components::NodeFactoryTemplate<autoware::pointcloud_preprocessor::PassThroughFilterUInt16Component>
[component_container_mt-1] [INFO] [1785592616.701807819] [pointcloud_container]: Found class: rclcpp_components::NodeFactoryTemplate<autoware::pointcloud_preprocessor::PickupBasedVoxelGridDownsampleFilterComponent>
[component_container_mt-1] [INFO] [1785592616.701810990] [pointcloud_container]: Found class: rclcpp_components::NodeFactoryTemplate<autoware::pointcloud_preprocessor::PointCloudConcatenateDataSynchronizerComponent>
[component_container_mt-1] [INFO] [1785592616.701813971] [pointcloud_container]: Instantiate class: rclcpp_components::NodeFactoryTemplate<autoware::pointcloud_preprocessor::PointCloudConcatenateDataSynchronizerComponent>
[component_container-9] [INFO] [1785592616.831216113] [system.mrm_emergency_stop_operator.mrm_emergency_stop_operator_container]: Load Library: /opt/autoware/lib/libautoware_mrm_emergency_stop_operator_component.so
[component_container-9] [INFO] [1785592616.832394080] [system.mrm_emergency_stop_operator.mrm_emergency_stop_operator_container]: Found class: rclcpp_components::NodeFactoryTemplate<autoware::mrm_emergency_stop_operator::MrmEmergencyStopOperator>
[component_container-9] [INFO] [1785592616.832422810] [system.mrm_emergency_stop_operator.mrm_emergency_stop_operator_container]: Instantiate class: rclcpp_components::NodeFactoryTemplate<autoware::mrm_emergency_stop_operator::MrmEmergencyStopOperator>
[gyro_bias_estimator_node-22] [WARN] [1785592616.835503654] [sensing.imu.gyro_bias_scale_validator]: failed to get transform from tamagawa/imu_link to base_link: "tamagawa/imu_link" passed to lookupTransform argument target_frame does not exist. 
[gyro_bias_estimator_node-22] [ERROR] [1785592616.835678891] [sensing.imu.gyro_bias_scale_validator]: Please publish TF base_link to tamagawa/imu_link
[component_container-7] [INFO] [1785592617.582730678] [system.component_state_monitor.container]: Load Library: /opt/autoware/lib/libautoware_topic_state_monitor.so
[component_container-7] [INFO] [1785592617.583966788] [system.component_state_monitor.container]: Found class: rclcpp_components::NodeFactoryTemplate<autoware::topic_state_monitor::TopicStateMonitorNode>
[component_container-7] [INFO] [1785592617.583998126] [system.component_state_monitor.container]: Instantiate class: rclcpp_components::NodeFactoryTemplate<autoware::topic_state_monitor::TopicStateMonitorNode>
[component_container-8] [INFO] [1785592617.959336320] [system.mrm_comfortable_stop_operator.mrm_comfortable_stop_operator_container]: Load Library: /opt/autoware/lib/libautoware_mrm_comfortable_stop_operator_component.so
[component_container-8] [INFO] [1785592617.961243411] [system.mrm_comfortable_stop_operator.mrm_comfortable_stop_operator_container]: Found class: rclcpp_components::NodeFactoryTemplate<autoware::mrm_comfortable_stop_operator::MrmComfortableStopOperator>
[component_container-8] [INFO] [1785592617.961262291] [system.mrm_comfortable_stop_operator.mrm_comfortable_stop_operator_container]: Instantiate class: rclcpp_components::NodeFactoryTemplate<autoware::mrm_comfortable_stop_operator::MrmComfortableStopOperator>
[logging_node-14] [WARN] [1785592617.974067861] [logging_diag_graph]: The target mode is not available for the following reasons:
[logging_node-14] - /autoware/modes/autonomous ERROR
[logging_node-14]     - /autoware/map ERROR
[logging_node-14]         - /autoware/map/topic_rate_check/vector_map STALE
[logging_node-14]         - /autoware/map/topic_rate_check/pointcloud_map STALE
[logging_node-14]     - /autoware/localization ERROR
[logging_node-14]         - /autoware/localization/state STALE
[logging_node-14]         - [anonymous group] ERROR
[logging_node-14]             - /autoware/localization/topic_rate_check/transform STALE
[logging_node-14]             - /autoware/localization/topic_rate_check/pose_twist_fusion STALE
[logging_node-14]             - /autoware/localization/scan_matching_status STALE
[logging_node-14]             - /autoware/localization/accuracy STALE
[logging_node-14]             - /autoware/localization/sensor_fusion_status STALE
[logging_node-14]     - /autoware/planning ERROR
[logging_node-14]         - /autoware/planning/routing/state STALE
[logging_node-14]         - [anonymous group] ERROR
[logging_node-14]             - /autoware/planning/topic_rate_check/route STALE
[logging_node-14]             - /autoware/planning/topic_rate_check/trajectory STALE
[logging_node-14]             - /autoware/planning/trajectory_validation ERROR
[logging_node-14]     - /autoware/perception ERROR
[logging_node-14]         - /autoware/perception/topic_rate_check/objects STALE
[logging_node-14]         - /autoware/perception/topic_rate_check/pointcloud STALE
[logging_node-14]     - /autoware/control ERROR
[logging_node-14]         - /autoware/control/topic_rate_check/trajectory_follower STALE
[logging_node-14]         - /autoware/control/topic_rate_check/control_command STALE
[logging_node-14]         - /autoware/control/node_alive_monitoring/command_gate ERROR
[logging_node-14]             - /autoware/control/node_alive_monitoring/vehicle_cmd_gate STALE
[logging_node-14]             - /autoware/control/node_alive_monitoring/control_command_gate STALE
[logging_node-14]         - /autoware/control/emergency_braking STALE
[logging_node-14]         - /autoware/control/performance_monitoring/lane_departure STALE
[logging_node-14]         - /autoware/control/performance_monitoring/control_state STALE
[logging_node-14]     - /autoware/vehicle ERROR
[logging_node-14]         - /autoware/vehicle/topic_rate_check/velocity STALE
[logging_node-14]         - /autoware/vehicle/topic_rate_check/steering STALE
[logging_node-14]     - /autoware/system ERROR
[logging_node-14]         - /autoware/system/duplicated_node_checker STALE
[logging_node-14]         - /autoware/system/topic_rate_check/emergency_control_command STALE
[logging_node-14]         - /autoware/system/emergency_stop_operation ERROR
[logging_node-14]             - /autoware/system/emergency_stop_operation/vehicle_cmd_gate STALE
[logging_node-14]             - /autoware/system/emergency_stop_operation/control_command_gate STALE
[logging_node-14]     - /adapi/mrm_request/delegate STALE
[logging_node-14] 
[component_container_mt-34] [INFO] [1785592618.001087743] [planning.mission_planning.mission_planner_container]: Load Library: /opt/autoware/lib/libautoware_mission_planner_universe_component.so
[component_container_mt-34] [INFO] [1785592618.039187794] [planning.mission_planning.mission_planner_container]: Found class: rclcpp_components::NodeFactoryTemplate<autoware::mission_planner_universe::MissionPlanner>
[component_container_mt-34] [INFO] [1785592618.039240847] [planning.mission_planning.mission_planner_container]: Instantiate class: rclcpp_components::NodeFactoryTemplate<autoware::mission_planner_universe::MissionPlanner>
[INFO] [launch_ros.actions.load_composable_nodes]: Loaded node '/system/topic_state_monitor_traffic_light_recognition_traffic_signals' in container '/system/component_state_monitor/container'
[component_container-7] [INFO] [1785592618.081297292] [system.component_state_monitor.container]: Found class: rclcpp_components::NodeFactoryTemplate<autoware::topic_state_monitor::TopicStateMonitorNode>
[component_container-7] [INFO] [1785592618.081345056] [system.component_state_monitor.container]: Instantiate class: rclcpp_components::NodeFactoryTemplate<autoware::topic_state_monitor::TopicStateMonitorNode>
[INFO] [launch_ros.actions.load_composable_nodes]: Loaded node '/system/mrm_comfortable_stop_operator' in container '/system/mrm_comfortable_stop_operator/mrm_comfortable_stop_operator_container'
[component_container_mt-1] [INFO] [1785592618.106051932] [sensing.lidar.concatenate_data]: Utilize advanced matching strategy
[INFO] [launch_ros.actions.load_composable_nodes]: Loaded node '/system/mrm_emergency_stop_operator' in container '/system/mrm_emergency_stop_operator/mrm_emergency_stop_operator_container'
[component_container_mt-41] [INFO] [1785592618.144611148] [planning.scenario_planning.lane_driving.motion_planning.motion_planning_container]: Load Library: /opt/autoware/lib/libautoware_path_optimizer.so
[component_container-19] [INFO] [1785592618.146002456] [sensing.lidar.left.pointcloud_preprocessor.pointcloud_container]: Load Library: /opt/autoware/lib/libautoware_glog_component.so
[component_container-19] [INFO] [1785592618.146875430] [sensing.lidar.left.pointcloud_preprocessor.pointcloud_container]: Found class: rclcpp_components::NodeFactoryTemplate<autoware::glog_component::GlogComponent>
[component_container-19] [INFO] [1785592618.146894389] [sensing.lidar.left.pointcloud_preprocessor.pointcloud_container]: Instantiate class: rclcpp_components::NodeFactoryTemplate<autoware::glog_component::GlogComponent>
[component_container-20] [INFO] [1785592618.147150459] [sensing.lidar.right.pointcloud_preprocessor.pointcloud_container]: Load Library: /opt/autoware/lib/libautoware_glog_component.so
[component_container-38] [INFO] [1785592618.147230118] [planning.scenario_planning.velocity_smoother_container]: Load Library: /opt/autoware/lib/libautoware_velocity_smoother_node.so
[component_container-20] [INFO] [1785592618.147953995] [sensing.lidar.right.pointcloud_preprocessor.pointcloud_container]: Found class: rclcpp_components::NodeFactoryTemplate<autoware::glog_component::GlogComponent>
[component_container-20] [INFO] [1785592618.147979613] [sensing.lidar.right.pointcloud_preprocessor.pointcloud_container]: Instantiate class: rclcpp_components::NodeFactoryTemplate<autoware::glog_component::GlogComponent>
[component_container_mt-41] [INFO] [1785592618.152719709] [planning.scenario_planning.lane_driving.motion_planning.motion_planning_container]: Found class: rclcpp_components::NodeFactoryTemplate<autoware::path_optimizer::PathOptimizer>
[component_container_mt-41] [INFO] [1785592618.152769757] [planning.scenario_planning.lane_driving.motion_planning.motion_planning_container]: Instantiate class: rclcpp_components::NodeFactoryTemplate<autoware::path_optimizer::PathOptimizer>
[component_container-38] [INFO] [1785592618.155815090] [planning.scenario_planning.velocity_smoother_container]: Found class: rclcpp_components::NodeFactoryTemplate<autoware::velocity_smoother::VelocitySmootherNode>
[component_container-38] [INFO] [1785592618.155908931] [planning.scenario_planning.velocity_smoother_container]: Instantiate class: rclcpp_components::NodeFactoryTemplate<autoware::velocity_smoother::VelocitySmootherNode>
[autoware_ekf_localizer_node-28] [WARN] [1785592618.167397213] [localization.pose_twist_fusion_filter.ekf_localizer]: The node is not activated. Provide initial pose to pose_initializer
[autoware_scenario_selector_node-36] [INFO] [1785592618.169185242] [planning.scenario_planning.scenario_selector]: Waiting for current pose.
[autoware_mrm_handler_node-13] [INFO] [1785592618.170300437] [system.mrm_handler]: waiting for mrm comfortable stop to become available...
[INFO] [launch_ros.actions.load_composable_nodes]: Loaded node '/sensing/lidar/right/glog_component' in container '/sensing/lidar/right/pointcloud_preprocessor/pointcloud_container'
[INFO] [launch_ros.actions.load_composable_nodes]: Loaded node '/sensing/lidar/concatenate_data' in container 'pointcloud_container'
[component_container_mt-1] [INFO] [1785592618.196037819] [pointcloud_container]: Found class: rclcpp_components::NodeFactoryTemplate<autoware::pointcloud_preprocessor::ApproximateDownsampleFilterComponent>
[component_container_mt-1] [INFO] [1785592618.196085702] [pointcloud_container]: Found class: rclcpp_components::NodeFactoryTemplate<autoware::pointcloud_preprocessor::BlockageDiagComponent>
[component_container_mt-1] [INFO] [1785592618.196089947] [pointcloud_container]: Found class: rclcpp_components::NodeFactoryTemplate<autoware::pointcloud_preprocessor::CropBoxFilterComponent>
[component_container_mt-1] [INFO] [1785592618.196092973] [pointcloud_container]: Instantiate class: rclcpp_components::NodeFactoryTemplate<autoware::pointcloud_preprocessor::CropBoxFilterComponent>
[component_container_mt-42] [INFO] [1785592618.206538989] [planning.scenario_planning.parking.parking_container]: Load Library: /opt/autoware/lib/libcostmap_generator_node.so
[INFO] [launch_ros.actions.load_composable_nodes]: Loaded node '/sensing/lidar/left/glog_component' in container '/sensing/lidar/left/pointcloud_preprocessor/pointcloud_container'
[component_container_mt-43] [INFO] [1785592618.212301657] [planning.planning_validator_container]: Load Library: /opt/autoware/lib/libautoware_glog_component.so
[component_container_mt-43] [INFO] [1785592618.213000036] [planning.planning_validator_container]: Found class: rclcpp_components::NodeFactoryTemplate<autoware::glog_component::GlogComponent>
[component_container_mt-43] [INFO] [1785592618.213014237] [planning.planning_validator_container]: Instantiate class: rclcpp_components::NodeFactoryTemplate<autoware::glog_component::GlogComponent>
[INFO] [launch_ros.actions.load_composable_nodes]: Loaded node '/system/topic_state_monitor_mission_planning_route' in container '/system/component_state_monitor/container'
[component_container-7] [INFO] [1785592618.256386661] [system.topic_state_monitor_traffic_light_recognition_traffic_signals]: /perception/traffic_light_recognition/traffic_signals has not received. Set ERROR in diagnostics.
[component_container-7] [INFO] [1785592618.256589410] [system.component_state_monitor.container]: Found class: rclcpp_components::NodeFactoryTemplate<autoware::topic_state_monitor::TopicStateMonitorNode>
[component_container-7] [INFO] [1785592618.256606916] [system.component_state_monitor.container]: Instantiate class: rclcpp_components::NodeFactoryTemplate<autoware::topic_state_monitor::TopicStateMonitorNode>
[component_container_mt-40] [INFO] [1785592618.257127796] [planning.scenario_planning.lane_driving.behavior_planning.behavior_planning_container]: Load Library: /opt/autoware/lib/libautoware_glog_component.so
[component_container_mt-40] [INFO] [1785592618.258596000] [planning.scenario_planning.lane_driving.behavior_planning.behavior_planning_container]: Found class: rclcpp_components::NodeFactoryTemplate<autoware::glog_component::GlogComponent>
[component_container_mt-40] [INFO] [1785592618.258652803] [planning.scenario_planning.lane_driving.behavior_planning.behavior_planning_container]: Instantiate class: rclcpp_components::NodeFactoryTemplate<autoware::glog_component::GlogComponent>
[component_container_mt-15] [INFO] [1785592618.257601249] [map.map_container]: Load Library: /opt/autoware/lib/libpointcloud_map_loader_node.so
[component_container_mt-47] [INFO] [1785592618.264818894] [control.control_container]: Load Library: /opt/autoware/lib/libautoware_glog_component.so
[component_container_mt-47] [INFO] [1785592618.265742468] [control.control_container]: Found class: rclcpp_components::NodeFactoryTemplate<autoware::glog_component::GlogComponent>
[component_container_mt-47] [INFO] [1785592618.265768331] [control.control_container]: Instantiate class: rclcpp_components::NodeFactoryTemplate<autoware::glog_component::GlogComponent>
[INFO] [launch_ros.actions.load_composable_nodes]: Loaded node '/planning/mission_planning/mission_planner' in container '/planning/mission_planning/mission_planner_container'
[INFO] [launch_ros.actions.load_composable_nodes]: Loaded node '/planning/glog_component' in container '/planning/planning_validator_container'
[INFO] [launch_ros.actions.load_composable_nodes]: Loaded node '/localization/util/crop_box_filter_measurement_range' in container '/pointcloud_container'
[component_container_mt-42] [INFO] [1785592618.269928374] [planning.scenario_planning.parking.parking_container]: Found class: rclcpp_components::NodeFactoryTemplate<autoware::costmap_generator::CostmapGenerator>
[component_container_mt-42] [INFO] [1785592618.269985926] [planning.scenario_planning.parking.parking_container]: Instantiate class: rclcpp_components::NodeFactoryTemplate<autoware::costmap_generator::CostmapGenerator>
[component_container_mt-41] [INFO] [1785592618.287010537] [planning.scenario_planning.lane_driving.motion_planning.motion_planning_container]: Load Library: /opt/autoware/lib/libautoware_glog_component.so
[INFO] [launch_ros.actions.load_composable_nodes]: Loaded node '/planning/scenario_planning/lane_driving/motion_planning/path_optimizer' in container '/planning/scenario_planning/lane_driving/motion_planning/motion_planning_container'
[component_container_mt-41] [INFO] [1785592618.287712291] [planning.scenario_planning.lane_driving.motion_planning.motion_planning_container]: Found class: rclcpp_components::NodeFactoryTemplate<autoware::glog_component::GlogComponent>
[component_container_mt-41] [INFO] [1785592618.287727704] [planning.scenario_planning.lane_driving.motion_planning.motion_planning_container]: Instantiate class: rclcpp_components::NodeFactoryTemplate<autoware::glog_component::GlogComponent>
[component_container_mt-48] [INFO] [1785592618.292436735] [control.control_check_container]: Load Library: /opt/autoware/lib/libautoware_glog_component.so
[component_container_mt-48] [INFO] [1785592618.293364377] [control.control_check_container]: Found class: rclcpp_components::NodeFactoryTemplate<autoware::glog_component::GlogComponent>
[component_container_mt-48] [INFO] [1785592618.293392561] [control.control_check_container]: Instantiate class: rclcpp_components::NodeFactoryTemplate<autoware::glog_component::GlogComponent>
[component_container_mt-15] [INFO] [1785592618.293582992] [map.map_container]: Found class: rclcpp_components::NodeFactoryTemplate<autoware::map_loader::PointCloudMapLoaderNode>
[component_container_mt-15] [INFO] [1785592618.293618199] [map.map_container]: Instantiate class: rclcpp_components::NodeFactoryTemplate<autoware::map_loader::PointCloudMapLoaderNode>
[component_container_mt-40] [INFO] [1785592618.305045567] [planning.scenario_planning.lane_driving.behavior_planning.behavior_planning_container]: Load Library: /opt/autoware/lib/libautoware_behavior_path_planner_lib.so
[INFO] [launch_ros.actions.load_composable_nodes]: Loaded node '/planning/scenario_planning/lane_driving/behavior_planning/glog_component' in container '/planning/scenario_planning/lane_driving/behavior_planning/behavior_planning_container'
[component_container-7] [INFO] [1785592618.313461857] [system.component_state_monitor.container]: Found class: rclcpp_components::NodeFactoryTemplate<autoware::topic_state_monitor::TopicStateMonitorNode>
[INFO] [launch_ros.actions.load_composable_nodes]: Loaded node '/system/topic_state_monitor_control_command_control_cmd' in container '/system/component_state_monitor/container'
[INFO] [launch_ros.actions.load_composable_nodes]: Loaded node '/control/glog_control_container_component' in container '/control/control_container'
[component_container-7] [INFO] [1785592618.313499259] [system.component_state_monitor.container]: Instantiate class: rclcpp_components::NodeFactoryTemplate<autoware::topic_state_monitor::TopicStateMonitorNode>
[component_container_mt-34] [INFO] [1785592618.317653584] [planning.mission_planning.mission_planner]: waiting lanelet map... Route API is not ready.
[component_container_mt-47] [INFO] [1785592618.320135649] [control.control_container]: Load Library: /opt/autoware/lib/libcontroller_node.so
[component_container_mt-40] [INFO] [1785592618.322491436] [planning.scenario_planning.lane_driving.behavior_planning.behavior_planning_container]: Found class: rclcpp_components::NodeFactoryTemplate<autoware::behavior_path_planner::BehaviorPathPlannerNode>
[component_container_mt-40] [INFO] [1785592618.322532705] [planning.scenario_planning.lane_driving.behavior_planning.behavior_planning_container]: Instantiate class: rclcpp_components::NodeFactoryTemplate<autoware::behavior_path_planner::BehaviorPathPlannerNode>
[component_container_mt-47] [INFO] [1785592618.328653202] [control.control_container]: Found class: rclcpp_components::NodeFactoryTemplate<autoware::motion::control::trajectory_follower_node::Controller>
[component_container_mt-47] [INFO] [1785592618.328691401] [control.control_container]: Instantiate class: rclcpp_components::NodeFactoryTemplate<autoware::motion::control::trajectory_follower_node::Controller>
[INFO] [launch_ros.actions.load_composable_nodes]: Loaded node '/planning/scenario_planning/velocity_smoother' in container '/planning/scenario_planning/velocity_smoother_container'
[component_container_mt-41] [INFO] [1785592618.339321505] [planning.scenario_planning.lane_driving.motion_planning.motion_planning_container]: Load Library: /opt/autoware/lib/libautoware_path_smoother.so
[component_container_mt-41] [INFO] [1785592618.340542567] [planning.scenario_planning.lane_driving.motion_planning.motion_planning_container]: Found class: rclcpp_components::NodeFactoryTemplate<autoware::path_smoother::ElasticBandSmoother>
[INFO] [launch_ros.actions.load_composable_nodes]: Loaded node '/planning/scenario_planning/lane_driving/motion_planning/glog_component' in container '/planning/scenario_planning/lane_driving/motion_planning/motion_planning_container'
[component_container_mt-41] [INFO] [1785592618.340561981] [planning.scenario_planning.lane_driving.motion_planning.motion_planning_container]: Instantiate class: rclcpp_components::NodeFactoryTemplate<autoware::path_smoother::ElasticBandSmoother>
[INFO] [launch_ros.actions.load_composable_nodes]: Loaded node '/control/glog_control_check_container_component' in container '/control/control_check_container'
[component_container_mt-48] [INFO] [1785592618.354802710] [control.control_check_container]: Load Library: /opt/autoware/lib/libautoware_lane_departure_checker.so
[component_container-20] [INFO] [1785592618.360525022] [sensing.lidar.right.pointcloud_preprocessor.pointcloud_container]: Load Library: /opt/autoware/lib/libpointcloud_preprocessor_filter.so
[component_container_mt-48] [INFO] [1785592618.370888231] [control.control_check_container]: Found class: rclcpp_components::NodeFactoryTemplate<autoware::lane_departure_checker::LaneDepartureCheckerNode>
[component_container_mt-48] [INFO] [1785592618.370936856] [control.control_check_container]: Instantiate class: rclcpp_components::NodeFactoryTemplate<autoware::lane_departure_checker::LaneDepartureCheckerNode>
[INFO] [launch_ros.actions.load_composable_nodes]: Loaded node '/system/topic_state_monitor_trajectory_follower_control_cmd' in container '/system/component_state_monitor/container'
[component_container-7] [INFO] [1785592618.397915253] [system.component_state_monitor.container]: Found class: rclcpp_components::NodeFactoryTemplate<autoware::topic_state_monitor::TopicStateMonitorNode>
[component_container-7] [INFO] [1785592618.397955402] [system.component_state_monitor.container]: Instantiate class: rclcpp_components::NodeFactoryTemplate<autoware::topic_state_monitor::TopicStateMonitorNode>
[component_container-19] [INFO] [1785592618.402955079] [sensing.lidar.left.pointcloud_preprocessor.pointcloud_container]: Load Library: /opt/autoware/lib/libpointcloud_preprocessor_filter.so
[INFO] [launch_ros.actions.load_composable_nodes]: Loaded node '/planning/scenario_planning/parking/costmap_generator' in container '/planning/scenario_planning/parking/parking_container'
[component_container_mt-34] [INFO] [1785592618.412455286] [planning.mission_planning.mission_planner_container]: Found class: rclcpp_components::NodeFactoryTemplate<autoware::mission_planner_universe::MissionPlanner>
[component_container_mt-34] [INFO] [1785592618.412500971] [planning.mission_planning.mission_planner_container]: Found class: rclcpp_components::NodeFactoryTemplate<autoware::mission_planner_universe::RouteSelector>
[component_container_mt-34] [INFO] [1785592618.412508135] [planning.mission_planning.mission_planner_container]: Instantiate class: rclcpp_components::NodeFactoryTemplate<autoware::mission_planner_universe::RouteSelector>
[INFO] [launch_ros.actions.load_composable_nodes]: Loaded node '/adapi/node/interface' in container '/adapi/container'
[component_container_mt-43] [INFO] [1785592618.439312731] [planning.planning_validator_container]: Load Library: /opt/autoware/lib/libautoware_planning_validator_component.so
[component_container-20] [INFO] [1785592618.447645976] [sensing.lidar.right.pointcloud_preprocessor.pointcloud_container]: Found class: rclcpp_components::NodeFactoryTemplate<autoware::pointcloud_preprocessor::ApproximateDownsampleFilterComponent>
[component_container-20] [INFO] [1785592618.447697691] [sensing.lidar.right.pointcloud_preprocessor.pointcloud_container]: Found class: rclcpp_components::NodeFactoryTemplate<autoware::pointcloud_preprocessor::BlockageDiagComponent>
[component_container-20] [INFO] [1785592618.447703022] [sensing.lidar.right.pointcloud_preprocessor.pointcloud_container]: Found class: rclcpp_components::NodeFactoryTemplate<autoware::pointcloud_preprocessor::CropBoxFilterComponent>
[component_container-20] [INFO] [1785592618.447706851] [sensing.lidar.right.pointcloud_preprocessor.pointcloud_container]: Instantiate class: rclcpp_components::NodeFactoryTemplate<autoware::pointcloud_preprocessor::CropBoxFilterComponent>
[INFO] [launch_ros.actions.load_composable_nodes]: Loaded node '/planning/scenario_planning/lane_driving/motion_planning/elastic_band_smoother' in container '/planning/scenario_planning/lane_driving/motion_planning/motion_planning_container'
[component_container_mt-43] [INFO] [1785592618.460148491] [planning.planning_validator_container]: Found class: rclcpp_components::NodeFactoryTemplate<autoware::planning_validator::PlanningValidatorNode>
[component_container_mt-43] [INFO] [1785592618.460194070] [planning.planning_validator_container]: Instantiate class: rclcpp_components::NodeFactoryTemplate<autoware::planning_validator::PlanningValidatorNode>
[component_container_mt-41] [INFO] [1785592618.460453039] [planning.scenario_planning.lane_driving.motion_planning.motion_planning_container]: Load Library: /opt/autoware/lib/libautoware_motion_velocity_planner_lib.so
[component_container_mt-1] [INFO] [1785592618.463673182] [pointcloud_container]: Found class: rclcpp_components::NodeFactoryTemplate<autoware::pointcloud_preprocessor::ApproximateDownsampleFilterComponent>
[component_container_mt-1] [INFO] [1785592618.464213521] [pointcloud_container]: Found class: rclcpp_components::NodeFactoryTemplate<autoware::pointcloud_preprocessor::BlockageDiagComponent>
[component_container_mt-1] [INFO] [1785592618.464363723] [pointcloud_container]: Found class: rclcpp_components::NodeFactoryTemplate<autoware::pointcloud_preprocessor::CropBoxFilterComponent>
[component_container_mt-1] [INFO] [1785592618.464369554] [pointcloud_container]: Found class: rclcpp_components::NodeFactoryTemplate<autoware::pointcloud_preprocessor::DistortionCorrectorComponent>
[component_container_mt-1] [INFO] [1785592618.464373772] [pointcloud_container]: Found class: rclcpp_components::NodeFactoryTemplate<autoware::pointcloud_preprocessor::DualReturnOutlierFilterComponent>
[component_container_mt-1] [INFO] [1785592618.464452214] [pointcloud_container]: Found class: rclcpp_components::NodeFactoryTemplate<autoware::pointcloud_preprocessor::Lanelet2MapFilterComponent>
[component_container_mt-1] [INFO] [1785592618.464458067] [pointcloud_container]: Found class: rclcpp_components::NodeFactoryTemplate<autoware::pointcloud_preprocessor::PassThroughFilterComponent>
[component_container_mt-1] [INFO] [1785592618.464462188] [pointcloud_container]: Found class: rclcpp_components::NodeFactoryTemplate<autoware::pointcloud_preprocessor::PassThroughFilterUInt16Component>
[component_container_mt-1] [INFO] [1785592618.464466435] [pointcloud_container]: Found class: rclcpp_components::NodeFactoryTemplate<autoware::pointcloud_preprocessor::PickupBasedVoxelGridDownsampleFilterComponent>
[component_container_mt-1] [INFO] [1785592618.464470673] [pointcloud_container]: Found class: rclcpp_components::NodeFactoryTemplate<autoware::pointcloud_preprocessor::PointCloudConcatenateDataSynchronizerComponent>
[component_container_mt-1] [INFO] [1785592618.464474559] [pointcloud_container]: Found class: rclcpp_components::NodeFactoryTemplate<autoware::pointcloud_preprocessor::PointCloudConcatenationComponent>
[component_container_mt-1] [INFO] [1785592618.464478695] [pointcloud_container]: Found class: rclcpp_components::NodeFactoryTemplate<autoware::pointcloud_preprocessor::PointCloudDataSynchronizerComponent>
[component_container_mt-1] [INFO] [1785592618.464482453] [pointcloud_container]: Found class: rclcpp_components::NodeFactoryTemplate<autoware::pointcloud_preprocessor::PointCloudDensifierNode>
[component_container_mt-1] [INFO] [1785592618.464486237] [pointcloud_container]: Found class: rclcpp_components::NodeFactoryTemplate<autoware::pointcloud_preprocessor::PointcloudAccumulatorComponent>
[component_container_mt-1] [INFO] [1785592618.464489757] [pointcloud_container]: Found class: rclcpp_components::NodeFactoryTemplate<autoware::pointcloud_preprocessor::PolarVoxelOutlierFilterComponent>
[component_container_mt-1] [INFO] [1785592618.464493993] [pointcloud_container]: Found class: rclcpp_components::NodeFactoryTemplate<autoware::pointcloud_preprocessor::PolygonRemoverComponent>
[component_container_mt-1] [INFO] [1785592618.464497691] [pointcloud_container]: Found class: rclcpp_components::NodeFactoryTemplate<autoware::pointcloud_preprocessor::RadiusSearch2DOutlierFilterComponent>
[component_container_mt-1] [INFO] [1785592618.464501926] [pointcloud_container]: Found class: rclcpp_components::NodeFactoryTemplate<autoware::pointcloud_preprocessor::RandomDownsampleFilterComponent>
[component_container_mt-1] [INFO] [1785592618.464505703] [pointcloud_container]: Found class: rclcpp_components::NodeFactoryTemplate<autoware::pointcloud_preprocessor::RingOutlierFilterComponent>
[component_container_mt-1] [INFO] [1785592618.464509294] [pointcloud_container]: Found class: rclcpp_components::NodeFactoryTemplate<autoware::pointcloud_preprocessor::VectorMapInsideAreaFilterComponent>
[component_container_mt-1] [INFO] [1785592618.464513324] [pointcloud_container]: Found class: rclcpp_components::NodeFactoryTemplate<autoware::pointcloud_preprocessor::VoxelGridDownsampleFilterComponent>
[component_container_mt-1] [INFO] [1785592618.464517308] [pointcloud_container]: Instantiate class: rclcpp_components::NodeFactoryTemplate<autoware::pointcloud_preprocessor::VoxelGridDownsampleFilterComponent>
[component_container_mt-42] [ERROR] [1785592618.469045856] [planning.scenario_planning.parking.costmap_generator]: "map" passed to lookupTransform argument target_frame does not exist. 
[INFO] [launch_ros.actions.load_composable_nodes]: Loaded node '/system/topic_state_monitor_scenario_planning_trajectory' in container '/system/component_state_monitor/container'
[component_container-7] [INFO] [1785592618.505655536] [system.component_state_monitor.container]: Found class: rclcpp_components::NodeFactoryTemplate<autoware::topic_state_monitor::TopicStateMonitorNode>
[component_container-7] [INFO] [1785592618.505698237] [system.component_state_monitor.container]: Instantiate class: rclcpp_components::NodeFactoryTemplate<autoware::topic_state_monitor::TopicStateMonitorNode>
[component_container_mt-41] [INFO] [1785592618.535704923] [planning.scenario_planning.lane_driving.motion_planning.motion_planning_container]: Found class: rclcpp_components::NodeFactoryTemplate<autoware::motion_velocity_planner::MotionVelocityPlannerNode>
[component_container_mt-41] [INFO] [1785592618.535755717] [planning.scenario_planning.lane_driving.motion_planning.motion_planning_container]: Instantiate class: rclcpp_components::NodeFactoryTemplate<autoware::motion_velocity_planner::MotionVelocityPlannerNode>
[INFO] [launch_ros.actions.load_composable_nodes]: Loaded node '/control/trajectory_follower/lane_departure_checker_node' in container '/control/control_check_container'
[component_container_mt-48] [INFO] [1785592618.535763854] [control.control_check_container]: Load Library: /opt/autoware/lib/libautoware_control_validator_component.so
[component_container_mt-48] [INFO] [1785592618.538190959] [control.control_check_container]: Found class: rclcpp_components::NodeFactoryTemplate<autoware::control_validator::ControlValidator>
[component_container_mt-48] [INFO] [1785592618.538214373] [control.control_check_container]: Instantiate class: rclcpp_components::NodeFactoryTemplate<autoware::control_validator::ControlValidator>
[component_container-19] [INFO] [1785592618.544867176] [sensing.lidar.left.pointcloud_preprocessor.pointcloud_container]: Found class: rclcpp_components::NodeFactoryTemplate<autoware::pointcloud_preprocessor::ApproximateDownsampleFilterComponent>
[INFO] [launch_ros.actions.load_composable_nodes]: Loaded node '/localization/util/voxel_grid_downsample_filter' in container '/pointcloud_container'
[component_container-19] [INFO] [1785592618.544914247] [sensing.lidar.left.pointcloud_preprocessor.pointcloud_container]: Found class: rclcpp_components::NodeFactoryTemplate<autoware::pointcloud_preprocessor::BlockageDiagComponent>
[component_container-19] [INFO] [1785592618.544918744] [sensing.lidar.left.pointcloud_preprocessor.pointcloud_container]: Found class: rclcpp_components::NodeFactoryTemplate<autoware::pointcloud_preprocessor::CropBoxFilterComponent>
[component_container-19] [INFO] [1785592618.544922195] [sensing.lidar.left.pointcloud_preprocessor.pointcloud_container]: Instantiate class: rclcpp_components::NodeFactoryTemplate<autoware::pointcloud_preprocessor::CropBoxFilterComponent>
[component_container-38] [INFO] [1785592618.553114532] [planning.scenario_planning.velocity_smoother_container]: Load Library: /opt/autoware/lib/libautoware_glog_component.so
[component_container-38] [INFO] [1785592618.553831127] [planning.scenario_planning.velocity_smoother_container]: Found class: rclcpp_components::NodeFactoryTemplate<autoware::glog_component::GlogComponent>
[component_container-38] [INFO] [1785592618.553849006] [planning.scenario_planning.velocity_smoother_container]: Instantiate class: rclcpp_components::NodeFactoryTemplate<autoware::glog_component::GlogComponent>
[INFO] [launch_ros.actions.load_composable_nodes]: Loaded node '/map/pointcloud_map_loader' in container '/map/map_container'
[component_container_mt-42] [INFO] [1785592618.560249680] [planning.scenario_planning.parking.parking_container]: Load Library: /opt/autoware/lib/libfreespace_planner_node.so
[component_container_mt-42] [INFO] [1785592618.565348033] [planning.scenario_planning.parking.parking_container]: Found class: rclcpp_components::NodeFactoryTemplate<autoware::freespace_planner::FreespacePlannerNode>
[component_container_mt-42] [INFO] [1785592618.565400374] [planning.scenario_planning.parking.parking_container]: Instantiate class: rclcpp_components::NodeFactoryTemplate<autoware::freespace_planner::FreespacePlannerNode>
[component_container-18] [INFO] [1785592618.567488748] [sensing.lidar.top.pointcloud_preprocessor.pointcloud_container]: Load Library: /opt/autoware/lib/libautoware_glog_component.so
[autoware_mrm_handler_node-13] [INFO] [1785592618.567399127] [system.mrm_handler]: MRM State changed: NORMAL -> MRM_OPERATING
[autoware_mrm_handler_node-13] [WARN] [1785592618.567897436] [system.mrm_handler]: no mrm operation available: operate emergency_stop
[component_container-18] [INFO] [1785592618.568245952] [sensing.lidar.top.pointcloud_preprocessor.pointcloud_container]: Found class: rclcpp_components::NodeFactoryTemplate<autoware::glog_component::GlogComponent>
[component_container-18] [INFO] [1785592618.568260551] [sensing.lidar.top.pointcloud_preprocessor.pointcloud_container]: Instantiate class: rclcpp_components::NodeFactoryTemplate<autoware::glog_component::GlogComponent>
[autoware_mrm_handler_node-13] [WARN] [1785592618.568302236] [system.mrm_handler]: EMERGENCY_STOP is operated.
[INFO] [launch_ros.actions.load_composable_nodes]: Loaded node '/sensing/lidar/right/crop_box_filter_self' in container '/sensing/lidar/right/pointcloud_preprocessor/pointcloud_container'
[INFO] [launch_ros.actions.load_composable_nodes]: Loaded node '/planning/mission_planning/route_selector' in container '/planning/mission_planning/mission_planner_container'
[component_container_mt-1] [INFO] [1785592618.599948531] [pointcloud_container]: Found class: rclcpp_components::NodeFactoryTemplate<autoware::pointcloud_preprocessor::ApproximateDownsampleFilterComponent>
[component_container_mt-1] [INFO] [1785592618.599997853] [pointcloud_container]: Found class: rclcpp_components::NodeFactoryTemplate<autoware::pointcloud_preprocessor::BlockageDiagComponent>
[component_container_mt-1] [INFO] [1785592618.600002889] [pointcloud_container]: Found class: rclcpp_components::NodeFactoryTemplate<autoware::pointcloud_preprocessor::CropBoxFilterComponent>
[component_container_mt-1] [INFO] [1785592618.600006573] [pointcloud_container]: Found class: rclcpp_components::NodeFactoryTemplate<autoware::pointcloud_preprocessor::DistortionCorrectorComponent>
[component_container_mt-1] [INFO] [1785592618.600009871] [pointcloud_container]: Found class: rclcpp_components::NodeFactoryTemplate<autoware::pointcloud_preprocessor::DualReturnOutlierFilterComponent>
[component_container_mt-1] [INFO] [1785592618.600012795] [pointcloud_container]: Found class: rclcpp_components::NodeFactoryTemplate<autoware::pointcloud_preprocessor::Lanelet2MapFilterComponent>
[component_container_mt-1] [INFO] [1785592618.600016104] [pointcloud_container]: Found class: rclcpp_components::NodeFactoryTemplate<autoware::pointcloud_preprocessor::PassThroughFilterComponent>
[component_container_mt-1] [INFO] [1785592618.600051656] [pointcloud_container]: Found class: rclcpp_components::NodeFactoryTemplate<autoware::pointcloud_preprocessor::PassThroughFilterUInt16Component>
[component_container_mt-1] [INFO] [1785592618.600054900] [pointcloud_container]: Found class: rclcpp_components::NodeFactoryTemplate<autoware::pointcloud_preprocessor::PickupBasedVoxelGridDownsampleFilterComponent>
[component_container_mt-1] [INFO] [1785592618.600058141] [pointcloud_container]: Found class: rclcpp_components::NodeFactoryTemplate<autoware::pointcloud_preprocessor::PointCloudConcatenateDataSynchronizerComponent>
[component_container_mt-1] [INFO] [1785592618.600061413] [pointcloud_container]: Found class: rclcpp_components::NodeFactoryTemplate<autoware::pointcloud_preprocessor::PointCloudConcatenationComponent>
[component_container_mt-1] [INFO] [1785592618.600064852] [pointcloud_container]: Found class: rclcpp_components::NodeFactoryTemplate<autoware::pointcloud_preprocessor::PointCloudDataSynchronizerComponent>
[component_container_mt-1] [INFO] [1785592618.600067606] [pointcloud_container]: Found class: rclcpp_components::NodeFactoryTemplate<autoware::pointcloud_preprocessor::PointCloudDensifierNode>
[component_container_mt-1] [INFO] [1785592618.600070469] [pointcloud_container]: Found class: rclcpp_components::NodeFactoryTemplate<autoware::pointcloud_preprocessor::PointcloudAccumulatorComponent>
[component_container_mt-1] [INFO] [1785592618.600073290] [pointcloud_container]: Found class: rclcpp_components::NodeFactoryTemplate<autoware::pointcloud_preprocessor::PolarVoxelOutlierFilterComponent>
[component_container_mt-1] [INFO] [1785592618.600076006] [pointcloud_container]: Found class: rclcpp_components::NodeFactoryTemplate<autoware::pointcloud_preprocessor::PolygonRemoverComponent>
[component_container_mt-1] [INFO] [1785592618.600078816] [pointcloud_container]: Found class: rclcpp_components::NodeFactoryTemplate<autoware::pointcloud_preprocessor::RadiusSearch2DOutlierFilterComponent>
[component_container_mt-1] [INFO] [1785592618.600081557] [pointcloud_container]: Found class: rclcpp_components::NodeFactoryTemplate<autoware::pointcloud_preprocessor::RandomDownsampleFilterComponent>
[component_container_mt-1] [INFO] [1785592618.600084776] [pointcloud_container]: Instantiate class: rclcpp_components::NodeFactoryTemplate<autoware::pointcloud_preprocessor::RandomDownsampleFilterComponent>
[component_container-7] [INFO] [1785592618.613667296] [system.component_state_monitor.container]: Found class: rclcpp_components::NodeFactoryTemplate<autoware::topic_state_monitor::TopicStateMonitorNode>
[component_container-7] [INFO] [1785592618.613737422] [system.component_state_monitor.container]: Instantiate class: rclcpp_components::NodeFactoryTemplate<autoware::topic_state_monitor::TopicStateMonitorNode>
[INFO] [launch_ros.actions.load_composable_nodes]: Loaded node '/system/topic_state_monitor_vehicle_status_velocity_status' in container '/system/component_state_monitor/container'
[component_container_mt-48] [INFO] [1785592618.618476065] [control.trajectory_follower.lane_departure_checker_node]: waiting for current_twist msg...
[component_container_mt-15] [INFO] [1785592618.618939528] [map.map_container]: Load Library: /opt/autoware/lib/liblanelet2_map_loader_node.so
[component_container_mt-15] [INFO] [1785592618.631247324] [map.map_container]: Found class: rclcpp_components::NodeFactoryTemplate<autoware::map_loader::Lanelet2MapLoaderNode>
[component_container_mt-15] [INFO] [1785592618.631293490] [map.map_container]: Instantiate class: rclcpp_components::NodeFactoryTemplate<autoware::map_loader::Lanelet2MapLoaderNode>
[autoware_mrm_handler_node-13] [WARN] [1785592618.668368231] [system.mrm_handler]: no mrm operation available: operate emergency_stop
[INFO] [launch_ros.actions.load_composable_nodes]: Loaded node '/sensing/lidar/top/glog_component' in container '/sensing/lidar/top/pointcloud_preprocessor/pointcloud_container'
[component_container-20] [INFO] [1785592618.695401366] [sensing.lidar.right.pointcloud_preprocessor.pointcloud_container]: Found class: rclcpp_components::NodeFactoryTemplate<autoware::pointcloud_preprocessor::ApproximateDownsampleFilterComponent>
[component_container-20] [INFO] [1785592618.695445935] [sensing.lidar.right.pointcloud_preprocessor.pointcloud_container]: Found class: rclcpp_components::NodeFactoryTemplate<autoware::pointcloud_preprocessor::BlockageDiagComponent>
[component_container-20] [INFO] [1785592618.695452528] [sensing.lidar.right.pointcloud_preprocessor.pointcloud_container]: Found class: rclcpp_components::NodeFactoryTemplate<autoware::pointcloud_preprocessor::CropBoxFilterComponent>
[component_container-20] [INFO] [1785592618.695456901] [sensing.lidar.right.pointcloud_preprocessor.pointcloud_container]: Instantiate class: rclcpp_components::NodeFactoryTemplate<autoware::pointcloud_preprocessor::CropBoxFilterComponent>
[INFO] [launch_ros.actions.load_composable_nodes]: Loaded node '/sensing/lidar/left/crop_box_filter_self' in container '/sensing/lidar/left/pointcloud_preprocessor/pointcloud_container'
[component_container_mt-34] [INFO] [1785592618.734357123] [planning.mission_planning.mission_planner_container]: Load Library: /opt/autoware/lib/libautoware_glog_component.so
[component_container_mt-34] [INFO] [1785592618.735137871] [planning.mission_planning.mission_planner_container]: Found class: rclcpp_components::NodeFactoryTemplate<autoware::glog_component::GlogComponent>
[component_container_mt-34] [INFO] [1785592618.735155437] [planning.mission_planning.mission_planner_container]: Instantiate class: rclcpp_components::NodeFactoryTemplate<autoware::glog_component::GlogComponent>
[INFO] [launch_ros.actions.load_composable_nodes]: Loaded node '/planning/scenario_planning/glog_component' in container '/planning/scenario_planning/velocity_smoother_container'
[component_container-18] [INFO] [1785592618.742927177] [sensing.lidar.top.pointcloud_preprocessor.pointcloud_container]: Load Library: /opt/autoware/lib/libpointcloud_preprocessor_filter.so
[INFO] [launch_ros.actions.load_composable_nodes]: Loaded node '/localization/util/random_downsample_filter' in container '/pointcloud_container'
[component_container-7] [INFO] [1785592618.752030369] [system.component_state_monitor.container]: Found class: rclcpp_components::NodeFactoryTemplate<autoware::topic_state_monitor::TopicStateMonitorNode>
[INFO] [launch_ros.actions.load_composable_nodes]: Loaded node '/map/lanelet2_map_loader' in container '/map/map_container'
[INFO] [launch_ros.actions.load_composable_nodes]: Loaded node '/system/topic_state_monitor_system_emergency_control_cmd' in container '/system/component_state_monitor/container'
[component_container-7] [INFO] [1785592618.752074499] [system.component_state_monitor.container]: Instantiate class: rclcpp_components::NodeFactoryTemplate<autoware::topic_state_monitor::TopicStateMonitorNode>
[component_container-19] [INFO] [1785592618.766465705] [sensing.lidar.left.pointcloud_preprocessor.pointcloud_container]: Found class: rclcpp_components::NodeFactoryTemplate<autoware::pointcloud_preprocessor::ApproximateDownsampleFilterComponent>
[component_container-19] [INFO] [1785592618.766738976] [sensing.lidar.left.pointcloud_preprocessor.pointcloud_container]: Found class: rclcpp_components::NodeFactoryTemplate<autoware::pointcloud_preprocessor::BlockageDiagComponent>
[component_container-19] [INFO] [1785592618.766776597] [sensing.lidar.left.pointcloud_preprocessor.pointcloud_container]: Found class: rclcpp_components::NodeFactoryTemplate<autoware::pointcloud_preprocessor::CropBoxFilterComponent>
[component_container-19] [INFO] [1785592618.766781062] [sensing.lidar.left.pointcloud_preprocessor.pointcloud_container]: Instantiate class: rclcpp_components::NodeFactoryTemplate<autoware::pointcloud_preprocessor::CropBoxFilterComponent>
[autoware_mrm_handler_node-13] [WARN] [1785592618.767505132] [system.mrm_handler]: no mrm operation available: operate emergency_stop
[component_container_mt-15] [INFO] [1785592618.770486140] [map.map_container]: Load Library: /opt/autoware/lib/liblanelet2_map_visualization_node.so
[component_container_mt-15] [INFO] [1785592618.773017087] [map.map_container]: Found class: rclcpp_components::NodeFactoryTemplate<autoware::lanelet2_map_visualizer::Lanelet2MapVisualizationNode>
[component_container_mt-15] [INFO] [1785592618.773058386] [map.map_container]: Instantiate class: rclcpp_components::NodeFactoryTemplate<autoware::lanelet2_map_visualizer::Lanelet2MapVisualizationNode>
[component_container_mt-42] [INFO] [1785592618.800892409] [planning.scenario_planning.parking.freespace_planner]: initialize planning algorithm: astar
[component_container_mt-15] [WARN] [1785592618.816785724] [map.lanelet2_map_loader]: /autoware_map/town10-regen/lanelet2_map.osm has no format_version(null) or non semver-style format_version(null) information
[component_container_mt-15] [INFO] [1785592618.816845787] [map.lanelet2_map_loader]: Loaded map format_version: null
[component_container-18] [INFO] [1785592618.843208627] [sensing.lidar.top.pointcloud_preprocessor.pointcloud_container]: Found class: rclcpp_components::NodeFactoryTemplate<autoware::pointcloud_preprocessor::ApproximateDownsampleFilterComponent>
[component_container-18] [INFO] [1785592618.843270468] [sensing.lidar.top.pointcloud_preprocessor.pointcloud_container]: Found class: rclcpp_components::NodeFactoryTemplate<autoware::pointcloud_preprocessor::BlockageDiagComponent>
[component_container-18] [INFO] [1785592618.843276680] [sensing.lidar.top.pointcloud_preprocessor.pointcloud_container]: Found class: rclcpp_components::NodeFactoryTemplate<autoware::pointcloud_preprocessor::CropBoxFilterComponent>
[component_container-18] [INFO] [1785592618.843281400] [sensing.lidar.top.pointcloud_preprocessor.pointcloud_container]: Instantiate class: rclcpp_components::NodeFactoryTemplate<autoware::pointcloud_preprocessor::CropBoxFilterComponent>
[INFO] [launch_ros.actions.load_composable_nodes]: Loaded node '/sensing/lidar/right/crop_box_filter_mirror' in container '/sensing/lidar/right/pointcloud_preprocessor/pointcloud_container'
[INFO] [launch_ros.actions.load_composable_nodes]: Loaded node '/control/trajectory_follower/controller_node_exe' in container '/control/control_container'
[component_container_mt-47] [INFO] [1785592618.849769520] [control.control_container]: Load Library: /opt/autoware/lib/libautoware_external_cmd_selector_node.so
[component_container_mt-47] [INFO] [1785592618.854056707] [control.control_container]: Found class: rclcpp_components::NodeFactoryTemplate<autoware::external_cmd_selector::ExternalCmdSelector>
[component_container_mt-47] [INFO] [1785592618.854132423] [control.control_container]: Instantiate class: rclcpp_components::NodeFactoryTemplate<autoware::external_cmd_selector::ExternalCmdSelector>
[component_container-20] [INFO] [1785592618.865472930] [sensing.lidar.right.pointcloud_preprocessor.pointcloud_container]: Found class: rclcpp_components::NodeFactoryTemplate<autoware::pointcloud_preprocessor::ApproximateDownsampleFilterComponent>
[component_container-20] [INFO] [1785592618.865534863] [sensing.lidar.right.pointcloud_preprocessor.pointcloud_container]: Found class: rclcpp_components::NodeFactoryTemplate<autoware::pointcloud_preprocessor::BlockageDiagComponent>
[component_container-20] [INFO] [1785592618.865654194] [sensing.lidar.right.pointcloud_preprocessor.pointcloud_container]: Found class: rclcpp_components::NodeFactoryTemplate<autoware::pointcloud_preprocessor::CropBoxFilterComponent>
[component_container-20] [INFO] [1785592618.865660166] [sensing.lidar.right.pointcloud_preprocessor.pointcloud_container]: Found class: rclcpp_components::NodeFactoryTemplate<autoware::pointcloud_preprocessor::DistortionCorrectorComponent>
[component_container-20] [INFO] [1785592618.865664736] [sensing.lidar.right.pointcloud_preprocessor.pointcloud_container]: Instantiate class: rclcpp_components::NodeFactoryTemplate<autoware::pointcloud_preprocessor::DistortionCorrectorComponent>
[autoware_mrm_handler_node-13] [WARN] [1785592618.867207700] [system.mrm_handler]: no mrm operation available: operate emergency_stop
[INFO] [launch_ros.actions.load_composable_nodes]: Loaded node '/adapi/node/localization' in container '/adapi/container'
[component_container_mt-47] [INFO] [1785592618.872044610] [control.trajectory_follower.controller_node_exe]: Waiting for acceleration data
[component_container_mt-47] [INFO] [1785592618.872131099] [control.trajectory_follower.controller_node_exe]: Control is skipped since input data is not ready.
[component_container_mt-15] [INFO] [1785592618.873561406] [map.lanelet2_map_loader]: Succeeded to load lanelet2_map. Map is published.
[INFO] [launch_ros.actions.load_composable_nodes]: Loaded node '/sensing/lidar/left/crop_box_filter_mirror' in container '/sensing/lidar/left/pointcloud_preprocessor/pointcloud_container'
[INFO] [launch_ros.actions.load_composable_nodes]: Loaded node '/system/topic_state_monitor_vehicle_status_steering_status' in container '/system/component_state_monitor/container'
[component_container-7] [INFO] [1785592618.894298581] [system.component_state_monitor.container]: Found class: rclcpp_components::NodeFactoryTemplate<autoware::topic_state_monitor::TopicStateMonitorNode>
[component_container-7] [INFO] [1785592618.895449131] [system.component_state_monitor.container]: Instantiate class: rclcpp_components::NodeFactoryTemplate<autoware::topic_state_monitor::TopicStateMonitorNode>
[component_container-19] [INFO] [1785592618.901673249] [sensing.lidar.left.pointcloud_preprocessor.pointcloud_container]: Found class: rclcpp_components::NodeFactoryTemplate<autoware::pointcloud_preprocessor::ApproximateDownsampleFilterComponent>
[component_container-19] [INFO] [1785592618.901721936] [sensing.lidar.left.pointcloud_preprocessor.pointcloud_container]: Found class: rclcpp_components::NodeFactoryTemplate<autoware::pointcloud_preprocessor::BlockageDiagComponent>
[component_container-19] [INFO] [1785592618.901728467] [sensing.lidar.left.pointcloud_preprocessor.pointcloud_container]: Found class: rclcpp_components::NodeFactoryTemplate<autoware::pointcloud_preprocessor::CropBoxFilterComponent>
[component_container-19] [INFO] [1785592618.901732856] [sensing.lidar.left.pointcloud_preprocessor.pointcloud_container]: Found class: rclcpp_components::NodeFactoryTemplate<autoware::pointcloud_preprocessor::DistortionCorrectorComponent>
[component_container-19] [INFO] [1785592618.901737461] [sensing.lidar.left.pointcloud_preprocessor.pointcloud_container]: Instantiate class: rclcpp_components::NodeFactoryTemplate<autoware::pointcloud_preprocessor::DistortionCorrectorComponent>
[INFO] [launch_ros.actions.load_composable_nodes]: Loaded node '/map/lanelet2_map_visualization' in container '/map/map_container'
[component_container_mt-15] [INFO] [1785592618.916520117] [map.map_container]: Load Library: /opt/autoware/lib/libvector_map_tf_generator_node.so
[component_container_mt-15] [INFO] [1785592618.923201202] [map.map_container]: Found class: rclcpp_components::NodeFactoryTemplate<autoware::map_tf_generator::VectorMapTFGeneratorNode>
[component_container_mt-15] [INFO] [1785592618.924677325] [map.map_container]: Instantiate class: rclcpp_components::NodeFactoryTemplate<autoware::map_tf_generator::VectorMapTFGeneratorNode>
[component_container_mt-15] [INFO] [1785592618.943292157] [map.lanelet2_map_visualization]: Map is loaded
[component_container_mt-15] 
[component_container_mt-15] [1;33mCould not find valid vertex for ear clipping triangulation. Triangulation result might be invalid[0m
[component_container_mt-15] [1;33mCould not find valid vertex for ear clipping triangulation. Triangulation result might be invalid[0m
[INFO] [launch_ros.actions.load_composable_nodes]: Loaded node '/planning/scenario_planning/parking/freespace_planner' in container '/planning/scenario_planning/parking/parking_container'
[component_container_mt-15] [1;33mCould not find valid vertex for ear clipping triangulation. Triangulation result might be invalid[0m
[component_container_mt-15] [1;33mCould not find valid vertex for ear clipping triangulation. Triangulation result might be invalid[0m
[component_container_mt-42] [INFO] [1785592618.961992021] [planning.scenario_planning.parking.parking_container]: Load Library: /opt/autoware/lib/libautoware_glog_component.so
[component_container_mt-42] [INFO] [1785592618.962710751] [planning.scenario_planning.parking.parking_container]: Found class: rclcpp_components::NodeFactoryTemplate<autoware::glog_component::GlogComponent>
[component_container_mt-42] [INFO] [1785592618.962727988] [planning.scenario_planning.parking.parking_container]: Instantiate class: rclcpp_components::NodeFactoryTemplate<autoware::glog_component::GlogComponent>
[autoware_mrm_handler_node-13] [WARN] [1785592618.967556693] [system.mrm_handler]: no mrm operation available: operate emergency_stop
[INFO] [launch_ros.actions.load_composable_nodes]: Loaded node '/sensing/lidar/top/crop_box_filter_self' in container '/sensing/lidar/top/pointcloud_preprocessor/pointcloud_container'
[component_container-18] [INFO] [1785592618.990817323] [sensing.lidar.top.pointcloud_preprocessor.pointcloud_container]: Found class: rclcpp_components::NodeFactoryTemplate<autoware::pointcloud_preprocessor::ApproximateDownsampleFilterComponent>
[component_container-18] [INFO] [1785592618.991596679] [sensing.lidar.top.pointcloud_preprocessor.pointcloud_container]: Found class: rclcpp_components::NodeFactoryTemplate<autoware::pointcloud_preprocessor::BlockageDiagComponent>
[component_container-18] [INFO] [1785592618.991603945] [sensing.lidar.top.pointcloud_preprocessor.pointcloud_container]: Found class: rclcpp_components::NodeFactoryTemplate<autoware::pointcloud_preprocessor::CropBoxFilterComponent>
[component_container-18] [INFO] [1785592618.991607937] [sensing.lidar.top.pointcloud_preprocessor.pointcloud_container]: Instantiate class: rclcpp_components::NodeFactoryTemplate<autoware::pointcloud_preprocessor::CropBoxFilterComponent>
[INFO] [launch_ros.actions.load_composable_nodes]: Loaded node '/control/control_validator' in container '/control/control_check_container'
[component_container_mt-48] [INFO] [1785592618.997183005] [control.control_check_container]: Load Library: /opt/autoware/lib/libautoware_autonomous_emergency_braking_node.so
[autoware_manual_lane_change_handler_node-33] [WARN] [1785592619.019577140] [route_handler]: setMap() for invalid version map: 
[autoware_scenario_selector_node-36] [WARN] [1785592619.023031523] [route_handler]: setMap() for invalid version map: 
[autoware_mrm_handler_node-13] [WARN] [1785592619.068066902] [system.mrm_handler]: no mrm operation available: operate emergency_stop
[INFO] [launch_ros.actions.load_composable_nodes]: Loaded node '/planning/scenario_planning/parking/glog_component' in container '/planning/scenario_planning/parking/parking_container'
[INFO] [launch_ros.actions.load_composable_nodes]: Loaded node '/system/topic_state_monitor_transform_map_to_base_link' in container '/system/component_state_monitor/container'
[component_container-7] [INFO] [1785592619.089898134] [system.component_state_monitor.container]: Found class: rclcpp_components::NodeFactoryTemplate<autoware::topic_state_monitor::TopicStateMonitorNode>
[component_container-7] [INFO] [1785592619.089945355] [system.component_state_monitor.container]: Instantiate class: rclcpp_components::NodeFactoryTemplate<autoware::topic_state_monitor::TopicStateMonitorNode>
[component_container_mt-48] [INFO] [1785592619.092352886] [control.control_check_container]: Found class: rclcpp_components::NodeFactoryTemplate<autoware::motion::control::autonomous_emergency_braking::AEB>
[component_container_mt-48] [INFO] [1785592619.092399163] [control.control_check_container]: Instantiate class: rclcpp_components::NodeFactoryTemplate<autoware::motion::control::autonomous_emergency_braking::AEB>
[INFO] [launch_ros.actions.load_composable_nodes]: Loaded node '/map/vector_map_tf_generator' in container '/map/map_container'
[INFO] [launch_ros.actions.load_composable_nodes]: Loaded node '/planning/mission_planning/glog_component' in container '/planning/mission_planning/mission_planner_container'
[INFO] [launch_ros.actions.load_composable_nodes]: Loaded node '/sensing/lidar/right/distortion_corrector_node' in container '/sensing/lidar/right/pointcloud_preprocessor/pointcloud_container'
[component_container_mt-15] [INFO] [1785592619.127896195] [map.vector_map_tf_generator]: broadcast static tf. map_frame:map, viewer_frame:viewer, x:-9.0952, y:-32.2807, z:0
[INFO] [launch_ros.actions.load_composable_nodes]: Loaded node '/adapi/node/routing' in container '/adapi/container'
[INFO] [launch_ros.actions.load_composable_nodes]: Loaded node '/sensing/lidar/left/distortion_corrector_node' in container '/sensing/lidar/left/pointcloud_preprocessor/pointcloud_container'
[component_container_mt-47] [INFO] [1785592619.149467040] [control.control_container]: Load Library: /opt/autoware/lib/libautoware_external_cmd_converter.so
[INFO] [launch_ros.actions.load_composable_nodes]: Loaded node '/control/external_cmd_selector' in container '/control/control_container'
[component_container_mt-47] [INFO] [1785592619.151677113] [control.control_container]: Found class: rclcpp_components::NodeFactoryTemplate<autoware::external_cmd_converter::ExternalCmdConverterNode>
[component_container_mt-47] [INFO] [1785592619.151695109] [control.control_container]: Instantiate class: rclcpp_components::NodeFactoryTemplate<autoware::external_cmd_converter::ExternalCmdConverterNode>
[autoware_mrm_handler_node-13] [WARN] [1785592619.167439258] [system.mrm_handler]: no mrm operation available: operate emergency_stop
[component_container-7] [INFO] [1785592619.242787373] [system.component_state_monitor.container]: Found class: rclcpp_components::NodeFactoryTemplate<autoware::topic_state_monitor::TopicStateMonitorNode>
[component_container-7] [INFO] [1785592619.242863291] [system.component_state_monitor.container]: Instantiate class: rclcpp_components::NodeFactoryTemplate<autoware::topic_state_monitor::TopicStateMonitorNode>
[INFO] [launch_ros.actions.load_composable_nodes]: Loaded node '/system/topic_state_monitor_vector_map' in container '/system/component_state_monitor/container'
[INFO] [launch_ros.actions.load_composable_nodes]: Loaded node '/sensing/lidar/top/crop_box_filter_mirror' in container '/sensing/lidar/top/pointcloud_preprocessor/pointcloud_container'
[autoware_mrm_handler_node-13] [WARN] [1785592619.267274919] [system.mrm_handler]: no mrm operation available: operate emergency_stop
[component_container_mt-47] [INFO] [1785592619.314938252] [control.control_container]: Load Library: /opt/autoware/lib/libautoware_shift_decider_node.so
[INFO] [launch_ros.actions.load_composable_nodes]: Loaded node '/control/external_cmd_converter' in container '/control/control_container'
[component_container_mt-47] [INFO] [1785592619.316398650] [control.control_container]: Found class: rclcpp_components::NodeFactoryTemplate<autoware::shift_decider::ShiftDecider>
[component_container_mt-47] [INFO] [1785592619.316418404] [control.control_container]: Instantiate class: rclcpp_components::NodeFactoryTemplate<autoware::shift_decider::ShiftDecider>
[autoware_mrm_handler_node-13] [WARN] [1785592619.368059463] [system.mrm_handler]: no mrm operation available: operate emergency_stop
[INFO] [launch_ros.actions.load_composable_nodes]: Loaded node '/adapi/node/autoware_state' in container '/adapi/container'
[INFO] [launch_ros.actions.load_composable_nodes]: Loaded node '/system/topic_state_monitor_initialpose3d' in container '/system/component_state_monitor/container'
[component_container-7] [INFO] [1785592619.416456868] [system.component_state_monitor.container]: Load Library: /opt/autoware/lib/libautoware_component_state_monitor.so
[component_container-7] [INFO] [1785592619.417263137] [system.component_state_monitor.container]: Found class: rclcpp_components::NodeFactoryTemplate<autoware::component_state_monitor::StateMonitor>
[component_container-7] [INFO] [1785592619.417276921] [system.component_state_monitor.container]: Instantiate class: rclcpp_components::NodeFactoryTemplate<autoware::component_state_monitor::StateMonitor>
[autoware_mrm_handler_node-13] [WARN] [1785592619.469841856] [system.mrm_handler]: no mrm operation available: operate emergency_stop
[INFO] [launch_ros.actions.load_composable_nodes]: Loaded node '/control/autoware_shift_decider' in container '/control/control_container'
[component_container_mt-48] [INFO] [1785592619.521904611] [control.control_check_container]: Load Library: /opt/autoware/lib/libautoware_collision_detector.so
[INFO] [launch_ros.actions.load_composable_nodes]: Loaded node '/control/autonomous_emergency_braking' in container '/control/control_check_container'
[component_container_mt-48] [INFO] [1785592619.532930843] [control.control_check_container]: Found class: rclcpp_components::NodeFactoryTemplate<autoware::collision_detector::CollisionDetectorNode>
[component_container_mt-48] [INFO] [1785592619.532976803] [control.control_check_container]: Instantiate class: rclcpp_components::NodeFactoryTemplate<autoware::collision_detector::CollisionDetectorNode>
[autoware_mrm_handler_node-13] [WARN] [1785592619.567207029] [system.mrm_handler]: no mrm operation available: operate emergency_stop
[INFO] [launch_ros.actions.load_composable_nodes]: Loaded node '/adapi/node/diagnostics' in container '/adapi/container'
[autoware_mrm_handler_node-13] [WARN] [1785592619.669424572] [system.mrm_handler]: no mrm operation available: operate emergency_stop
[INFO] [launch_ros.actions.load_composable_nodes]: Loaded node '/planning/planning_validator' in container '/planning/planning_validator_container'
[autoware_mrm_handler_node-13] [WARN] [1785592619.768462653] [system.mrm_handler]: no mrm operation available: operate emergency_stop
[autoware_mrm_handler_node-13] [WARN] [1785592619.868157744] [system.mrm_handler]: no mrm operation available: operate emergency_stop
[autoware_mrm_handler_node-13] [WARN] [1785592619.967042001] [system.mrm_handler]: no mrm operation available: operate emergency_stop
[autoware_mrm_handler_node-13] [WARN] [1785592620.067956956] [system.mrm_handler]: no mrm operation available: operate emergency_stop
[autoware_ekf_localizer_node-28] [WARN] [1785592620.167602279] [localization.pose_twist_fusion_filter.ekf_localizer]: The node is not activated. Provide initial pose to pose_initializer
[autoware_mrm_handler_node-13] [WARN] [1785592620.167694087] [system.mrm_handler]: no mrm operation available: operate emergency_stop
[autoware_mrm_handler_node-13] [WARN] [1785592620.267912896] [system.mrm_handler]: no mrm operation available: operate emergency_stop
[autoware_mrm_handler_node-13] [WARN] [1785592620.368533361] [system.mrm_handler]: no mrm operation available: operate emergency_stop
[autoware_mrm_handler_node-13] [WARN] [1785592620.469407827] [system.mrm_handler]: no mrm operation available: operate emergency_stop
[autoware_mrm_handler_node-13] [WARN] [1785592620.568226254] [system.mrm_handler]: no mrm operation available: operate emergency_stop
[INFO] [launch_ros.actions.load_composable_nodes]: Loaded node '/system/component_state_monitor/component' in container '/system/component_state_monitor/container'
[component_container-7] [WARN] [1785592620.651463577] [system.topic_state_monitor_vehicle_status_steering_status]: /vehicle/status/steering_status topic is timeout. Set ERROR in diagnostics.
[INFO] [launch_ros.actions.load_composable_nodes]: Loaded node '/control/collision_detector' in container '/control/control_check_container'
[component_container-7] [INFO] [1785592620.653323046] [system.component_state_monitor.container]: Found class: rclcpp_components::NodeFactoryTemplate<autoware::topic_state_monitor::TopicStateMonitorNode>
[component_container-7] [INFO] [1785592620.653350985] [system.component_state_monitor.container]: Instantiate class: rclcpp_components::NodeFactoryTemplate<autoware::topic_state_monitor::TopicStateMonitorNode>
[autoware_mrm_handler_node-13] [WARN] [1785592620.669082280] [system.mrm_handler]: no mrm operation available: operate emergency_stop
[component_container_mt-48] [INFO] [1785592620.728267578] [control.collision_detector]: waiting for current odometry...
[autoware_mrm_handler_node-13] [WARN] [1785592620.767226083] [system.mrm_handler]: no mrm operation available: operate emergency_stop
[component_container-7] [INFO] [1785592620.853986621] [system.component_state_monitor.container]: Found class: rclcpp_components::NodeFactoryTemplate<autoware::topic_state_monitor::TopicStateMonitorNode>
[component_container-7] [INFO] [1785592620.854023440] [system.component_state_monitor.container]: Instantiate class: rclcpp_components::NodeFactoryTemplate<autoware::topic_state_monitor::TopicStateMonitorNode>
[component_container-20] [INFO] [1785592620.854530111] [sensing.lidar.right.pointcloud_preprocessor.pointcloud_container]: Found class: rclcpp_components::NodeFactoryTemplate<autoware::pointcloud_preprocessor::ApproximateDownsampleFilterComponent>
[component_container-20] [INFO] [1785592620.854572807] [sensing.lidar.right.pointcloud_preprocessor.pointcloud_container]: Found class: rclcpp_components::NodeFactoryTemplate<autoware::pointcloud_preprocessor::BlockageDiagComponent>
[component_container-20] [INFO] [1785592620.854579286] [sensing.lidar.right.pointcloud_preprocessor.pointcloud_container]: Found class: rclcpp_components::NodeFactoryTemplate<autoware::pointcloud_preprocessor::CropBoxFilterComponent>
[component_container-20] [INFO] [1785592620.854631534] [sensing.lidar.right.pointcloud_preprocessor.pointcloud_container]: Found class: rclcpp_components::NodeFactoryTemplate<autoware::pointcloud_preprocessor::DistortionCorrectorComponent>
[component_container-20] [INFO] [1785592620.854637365] [sensing.lidar.right.pointcloud_preprocessor.pointcloud_container]: Found class: rclcpp_components::NodeFactoryTemplate<autoware::pointcloud_preprocessor::DualReturnOutlierFilterComponent>
[component_container-20] [INFO] [1785592620.854641797] [sensing.lidar.right.pointcloud_preprocessor.pointcloud_container]: Found class: rclcpp_components::NodeFactoryTemplate<autoware::pointcloud_preprocessor::Lanelet2MapFilterComponent>
[component_container-20] [INFO] [1785592620.854645889] [sensing.lidar.right.pointcloud_preprocessor.pointcloud_container]: Found class: rclcpp_components::NodeFactoryTemplate<autoware::pointcloud_preprocessor::PassThroughFilterComponent>
[component_container-20] [INFO] [1785592620.854649735] [sensing.lidar.right.pointcloud_preprocessor.pointcloud_container]: Found class: rclcpp_components::NodeFactoryTemplate<autoware::pointcloud_preprocessor::PassThroughFilterUInt16Component>
[component_container-20] [INFO] [1785592620.854653479] [sensing.lidar.right.pointcloud_preprocessor.pointcloud_container]: Found class: rclcpp_components::NodeFactoryTemplate<autoware::pointcloud_preprocessor::PickupBasedVoxelGridDownsampleFilterComponent>
[component_container-20] [INFO] [1785592620.854657789] [sensing.lidar.right.pointcloud_preprocessor.pointcloud_container]: Found class: rclcpp_components::NodeFactoryTemplate<autoware::pointcloud_preprocessor::PointCloudConcatenateDataSynchronizerComponent>
[component_container-20] [INFO] [1785592620.854661606] [sensing.lidar.right.pointcloud_preprocessor.pointcloud_container]: Found class: rclcpp_components::NodeFactoryTemplate<autoware::pointcloud_preprocessor::PointCloudConcatenationComponent>
[component_container-20] [INFO] [1785592620.854665354] [sensing.lidar.right.pointcloud_preprocessor.pointcloud_container]: Found class: rclcpp_components::NodeFactoryTemplate<autoware::pointcloud_preprocessor::PointCloudDataSynchronizerComponent>
[component_container-20] [INFO] [1785592620.854669284] [sensing.lidar.right.pointcloud_preprocessor.pointcloud_container]: Found class: rclcpp_components::NodeFactoryTemplate<autoware::pointcloud_preprocessor::PointCloudDensifierNode>
[component_container-20] [INFO] [1785592620.854673356] [sensing.lidar.right.pointcloud_preprocessor.pointcloud_container]: Found class: rclcpp_components::NodeFactoryTemplate<autoware::pointcloud_preprocessor::PointcloudAccumulatorComponent>
[component_container-20] [INFO] [1785592620.854677300] [sensing.lidar.right.pointcloud_preprocessor.pointcloud_container]: Found class: rclcpp_components::NodeFactoryTemplate<autoware::pointcloud_preprocessor::PolarVoxelOutlierFilterComponent>
[component_container-20] [INFO] [1785592620.854681193] [sensing.lidar.right.pointcloud_preprocessor.pointcloud_container]: Found class: rclcpp_components::NodeFactoryTemplate<autoware::pointcloud_preprocessor::PolygonRemoverComponent>
[component_container-20] [INFO] [1785592620.854684852] [sensing.lidar.right.pointcloud_preprocessor.pointcloud_container]: Found class: rclcpp_components::NodeFactoryTemplate<autoware::pointcloud_preprocessor::RadiusSearch2DOutlierFilterComponent>
[component_container-20] [INFO] [1785592620.854688568] [sensing.lidar.right.pointcloud_preprocessor.pointcloud_container]: Found class: rclcpp_components::NodeFactoryTemplate<autoware::pointcloud_preprocessor::RandomDownsampleFilterComponent>
[component_container-20] [INFO] [1785592620.854692486] [sensing.lidar.right.pointcloud_preprocessor.pointcloud_container]: Found class: rclcpp_components::NodeFactoryTemplate<autoware::pointcloud_preprocessor::RingOutlierFilterComponent>
[component_container-20] [INFO] [1785592620.854698166] [sensing.lidar.right.pointcloud_preprocessor.pointcloud_container]: Instantiate class: rclcpp_components::NodeFactoryTemplate<autoware::pointcloud_preprocessor::RingOutlierFilterComponent>
[INFO] [launch_ros.actions.load_composable_nodes]: Loaded node '/system/topic_state_monitor_pointcloud_map' in container '/system/component_state_monitor/container'
[autoware_mrm_handler_node-13] [WARN] [1785592620.868655494] [system.mrm_handler]: no mrm operation available: operate emergency_stop
[logging_node-14] [WARN] [1785592620.966962192] [logging_diag_graph]: The target mode is not available for the following reasons:
[logging_node-14] - /autoware/modes/autonomous ERROR
[logging_node-14]     - /autoware/map ERROR
[logging_node-14]         - /autoware/map/topic_rate_check/vector_map ERROR
[logging_node-14]     - /autoware/localization ERROR
[logging_node-14]         - /autoware/localization/state STALE
[logging_node-14]         - [anonymous group] ERROR
[logging_node-14]             - /autoware/localization/topic_rate_check/transform ERROR
[logging_node-14]             - /autoware/localization/topic_rate_check/pose_twist_fusion STALE
[logging_node-14]             - /autoware/localization/scan_matching_status STALE
[logging_node-14]             - /autoware/localization/accuracy STALE
[logging_node-14]             - /autoware/localization/sensor_fusion_status WARN 
[logging_node-14]     - /autoware/planning ERROR
[logging_node-14]         - /autoware/planning/routing/state ERROR
[logging_node-14]         - [anonymous group] ERROR
[logging_node-14]             - /autoware/planning/topic_rate_check/route ERROR
[logging_node-14]             - /autoware/planning/topic_rate_check/trajectory ERROR
[logging_node-14]     - /autoware/perception ERROR
[logging_node-14]         - /autoware/perception/topic_rate_check/objects STALE
[logging_node-14]         - /autoware/perception/topic_rate_check/pointcloud STALE
[logging_node-14]     - /autoware/control ERROR
[logging_node-14]         - /autoware/control/topic_rate_check/trajectory_follower ERROR
[logging_node-14]         - /autoware/control/topic_rate_check/control_command ERROR
[logging_node-14]         - /autoware/control/node_alive_monitoring/command_gate ERROR
[logging_node-14]             - /autoware/control/node_alive_monitoring/vehicle_cmd_gate STALE
[logging_node-14]             - /autoware/control/node_alive_monitoring/control_command_gate STALE
[logging_node-14]     - /autoware/vehicle WARN 
[logging_node-14]         - /autoware/vehicle/topic_rate_check/velocity WARN 
[logging_node-14]         - /autoware/vehicle/topic_rate_check/steering WARN 
[logging_node-14]     - /autoware/system ERROR
[logging_node-14]         - /autoware/system/topic_rate_check/emergency_control_command WARN 
[logging_node-14]         - /autoware/system/emergency_stop_operation ERROR
[logging_node-14]             - /autoware/system/emergency_stop_operation/vehicle_cmd_gate STALE
[logging_node-14]             - /autoware/system/emergency_stop_operation/control_command_gate STALE
[logging_node-14]     - /adapi/mrm_request/delegate STALE
[logging_node-14] 
[autoware_mrm_handler_node-13] [WARN] [1785592620.968056737] [system.mrm_handler]: no mrm operation available: operate emergency_stop
[INFO] [launch_ros.actions.load_composable_nodes]: Loaded node '/sensing/lidar/right/ring_outlier_filter' in container '/sensing/lidar/right/pointcloud_preprocessor/pointcloud_container'
[component_container-7] [INFO] [1785592621.050668105] [system.component_state_monitor.container]: Found class: rclcpp_components::NodeFactoryTemplate<autoware::topic_state_monitor::TopicStateMonitorNode>
[INFO] [launch_ros.actions.load_composable_nodes]: Loaded node '/system/topic_state_monitor_pose_twist_fusion_filter_pose' in container '/system/component_state_monitor/container'
[component_container-7] [INFO] [1785592621.050701733] [system.component_state_monitor.container]: Instantiate class: rclcpp_components::NodeFactoryTemplate<autoware::topic_state_monitor::TopicStateMonitorNode>
[autoware_mrm_handler_node-13] [WARN] [1785592621.067077045] [system.mrm_handler]: no mrm operation available: operate emergency_stop
[autoware_mrm_handler_node-13] [WARN] [1785592621.170728391] [system.mrm_handler]: no mrm operation available: operate emergency_stop
[component_container-7] [INFO] [1785592621.202027585] [system.component_state_monitor.container]: Found class: rclcpp_components::NodeFactoryTemplate<autoware::topic_state_monitor::TopicStateMonitorNode>
[component_container-7] [INFO] [1785592621.202067368] [system.component_state_monitor.container]: Instantiate class: rclcpp_components::NodeFactoryTemplate<autoware::topic_state_monitor::TopicStateMonitorNode>
[INFO] [launch_ros.actions.load_composable_nodes]: Loaded node '/system/topic_state_monitor_object_recognition_objects' in container '/system/component_state_monitor/container'
[INFO] [launch_ros.actions.load_composable_nodes]: Loaded node '/adapi/node/fail_safe' in container '/adapi/container'
[autoware_mrm_handler_node-13] [WARN] [1785592621.267798374] [system.mrm_handler]: no mrm operation available: operate emergency_stop
[component_container_mt-34] [WARN] [1785592621.293747341] [route_handler]: setMap() for invalid version map: 
[autoware_mrm_handler_node-13] [WARN] [1785592621.367364979] [system.mrm_handler]: no mrm operation available: operate emergency_stop
[INFO] [launch_ros.actions.load_composable_nodes]: Loaded node '/system/topic_state_monitor_obstacle_segmentation_pointcloud' in container '/system/component_state_monitor/container'
[INFO] [launch_ros.actions.load_composable_nodes]: Loaded node '/adapi/node/heartbeat' in container '/adapi/container'
[autoware_mrm_handler_node-13] [WARN] [1785592621.468268713] [system.mrm_handler]: no mrm operation available: operate emergency_stop
[component_container_mt-34] [INFO] [1785592621.476352247] [planning.mission_planning.mission_planner]: waiting odometry... Route API is not ready.
[autoware_mrm_handler_node-13] [WARN] [1785592621.569577325] [system.mrm_handler]: no mrm operation available: operate emergency_stop
[component_container-7] [INFO] [1785592621.596980495] [system.topic_state_monitor_traffic_light_recognition_traffic_signals]: /perception/traffic_light_recognition/traffic_signals has not received. Set ERROR in diagnostics.
[autoware_mrm_handler_node-13] [WARN] [1785592621.667666073] [system.mrm_handler]: no mrm operation available: operate emergency_stop
[INFO] [launch_ros.actions.load_composable_nodes]: Loaded node '/adapi/node/manual/local' in container '/adapi/container'
[autoware_mrm_handler_node-13] [WARN] [1785592621.768101432] [system.mrm_handler]: no mrm operation available: operate emergency_stop
[autoware_mrm_handler_node-13] [WARN] [1785592621.869420533] [system.mrm_handler]: no mrm operation available: operate emergency_stop
[autoware_mrm_handler_node-13] [WARN] [1785592621.969688158] [system.mrm_handler]: no mrm operation available: operate emergency_stop
[autoware_mrm_handler_node-13] [WARN] [1785592622.067531013] [system.mrm_handler]: no mrm operation available: operate emergency_stop
[autoware_mrm_handler_node-13] [WARN] [1785592622.167264235] [system.mrm_handler]: no mrm operation available: operate emergency_stop
[autoware_ekf_localizer_node-28] [WARN] [1785592622.168115302] [localization.pose_twist_fusion_filter.ekf_localizer]: The node is not activated. Provide initial pose to pose_initializer
[autoware_mrm_handler_node-13] [WARN] [1785592622.267955242] [system.mrm_handler]: no mrm operation available: operate emergency_stop
[autoware_mrm_handler_node-13] [WARN] [1785592622.369557330] [system.mrm_handler]: no mrm operation available: operate emergency_stop
[autoware_mrm_handler_node-13] [WARN] [1785592622.468048949] [system.mrm_handler]: no mrm operation available: operate emergency_stop
[autoware_mrm_handler_node-13] [WARN] [1785592622.573052055] [system.mrm_handler]: no mrm operation available: operate emergency_stop
[autoware_mrm_handler_node-13] [WARN] [1785592622.667520227] [system.mrm_handler]: no mrm operation available: operate emergency_stop
[autoware_mrm_handler_node-13] [WARN] [1785592622.767367143] [system.mrm_handler]: no mrm operation available: operate emergency_stop
[autoware_mrm_handler_node-13] [WARN] [1785592622.868398762] [system.mrm_handler]: no mrm operation available: operate emergency_stop
[autoware_mrm_handler_node-13] [WARN] [1785592622.969814017] [system.mrm_handler]: no mrm operation available: operate emergency_stop
[autoware_mrm_handler_node-13] [WARN] [1785592623.067346274] [system.mrm_handler]: no mrm operation available: operate emergency_stop
[autoware_mrm_handler_node-13] [WARN] [1785592623.170205327] [system.mrm_handler]: no mrm operation available: operate emergency_stop
[autoware_scenario_selector_node-36] [INFO] [1785592623.176604538] [planning.scenario_planning.scenario_selector]: Waiting for current pose.
[autoware_mrm_handler_node-13] [WARN] [1785592623.269456687] [system.mrm_handler]: no mrm operation available: operate emergency_stop
[component_container-18] [WARN] [1785592623.340982213] [sensing.lidar.top.crop_box_filter_self]: Invalid PointCloud: is_dense is false. The point cloud should be organized (dense) and contain only valid points. This will be an ERROR starting in 2026 JulyFrame: 'velodyne_top', Stamp: 20.973952304
[autoware_mrm_handler_node-13] [WARN] [1785592623.367717472] [system.mrm_handler]: no mrm operation available: operate emergency_stop
[autoware_mrm_handler_node-13] [WARN] [1785592623.469843029] [system.mrm_handler]: no mrm operation available: operate emergency_stop
[component_container_mt-42] [ERROR] [1785592623.475628556] [planning.scenario_planning.parking.costmap_generator]: Could not find a connection between 'map' and 'base_link' because they are not part of the same tree.Tf has two or more unconnected trees.
[autoware_mrm_handler_node-13] [WARN] [1785592623.568966765] [system.mrm_handler]: no mrm operation available: operate emergency_stop
[component_container-19] [INFO] [1785592623.575269899] [sensing.lidar.left.pointcloud_preprocessor.pointcloud_container]: Found class: rclcpp_components::NodeFactoryTemplate<autoware::pointcloud_preprocessor::ApproximateDownsampleFilterComponent>
[component_container-19] [INFO] [1785592623.575725223] [sensing.lidar.left.pointcloud_preprocessor.pointcloud_container]: Found class: rclcpp_components::NodeFactoryTemplate<autoware::pointcloud_preprocessor::BlockageDiagComponent>
[component_container-19] [INFO] [1785592623.575731161] [sensing.lidar.left.pointcloud_preprocessor.pointcloud_container]: Found class: rclcpp_components::NodeFactoryTemplate<autoware::pointcloud_preprocessor::CropBoxFilterComponent>
[component_container-19] [INFO] [1785592623.575735348] [sensing.lidar.left.pointcloud_preprocessor.pointcloud_container]: Found class: rclcpp_components::NodeFactoryTemplate<autoware::pointcloud_preprocessor::DistortionCorrectorComponent>
[component_container-19] [INFO] [1785592623.575738653] [sensing.lidar.left.pointcloud_preprocessor.pointcloud_container]: Found class: rclcpp_components::NodeFactoryTemplate<autoware::pointcloud_preprocessor::DualReturnOutlierFilterComponent>
[component_container-19] [INFO] [1785592623.575741785] [sensing.lidar.left.pointcloud_preprocessor.pointcloud_container]: Found class: rclcpp_components::NodeFactoryTemplate<autoware::pointcloud_preprocessor::Lanelet2MapFilterComponent>
[component_container-19] [INFO] [1785592623.575744926] [sensing.lidar.left.pointcloud_preprocessor.pointcloud_container]: Found class: rclcpp_components::NodeFactoryTemplate<autoware::pointcloud_preprocessor::PassThroughFilterComponent>
[component_container-19] [INFO] [1785592623.576290444] [sensing.lidar.left.pointcloud_preprocessor.pointcloud_container]: Found class: rclcpp_components::NodeFactoryTemplate<autoware::pointcloud_preprocessor::PassThroughFilterUInt16Component>
[component_container-19] [INFO] [1785592623.576294188] [sensing.lidar.left.pointcloud_preprocessor.pointcloud_container]: Found class: rclcpp_components::NodeFactoryTemplate<autoware::pointcloud_preprocessor::PickupBasedVoxelGridDownsampleFilterComponent>
[component_container-19] [INFO] [1785592623.576297812] [sensing.lidar.left.pointcloud_preprocessor.pointcloud_container]: Found class: rclcpp_components::NodeFactoryTemplate<autoware::pointcloud_preprocessor::PointCloudConcatenateDataSynchronizerComponent>
[component_container-19] [INFO] [1785592623.576301042] [sensing.lidar.left.pointcloud_preprocessor.pointcloud_container]: Found class: rclcpp_components::NodeFactoryTemplate<autoware::pointcloud_preprocessor::PointCloudConcatenationComponent>
[component_container-19] [INFO] [1785592623.576307519] [sensing.lidar.left.pointcloud_preprocessor.pointcloud_container]: Found class: rclcpp_components::NodeFactoryTemplate<autoware::pointcloud_preprocessor::PointCloudDataSynchronizerComponent>
[component_container-19] [INFO] [1785592623.576310430] [sensing.lidar.left.pointcloud_preprocessor.pointcloud_container]: Found class: rclcpp_components::NodeFactoryTemplate<autoware::pointcloud_preprocessor::PointCloudDensifierNode>
[component_container-19] [INFO] [1785592623.576313648] [sensing.lidar.left.pointcloud_preprocessor.pointcloud_container]: Found class: rclcpp_components::NodeFactoryTemplate<autoware::pointcloud_preprocessor::PointcloudAccumulatorComponent>
[component_container-19] [INFO] [1785592623.576316470] [sensing.lidar.left.pointcloud_preprocessor.pointcloud_container]: Found class: rclcpp_components::NodeFactoryTemplate<autoware::pointcloud_preprocessor::PolarVoxelOutlierFilterComponent>
[component_container-19] [INFO] [1785592623.576319604] [sensing.lidar.left.pointcloud_preprocessor.pointcloud_container]: Found class: rclcpp_components::NodeFactoryTemplate<autoware::pointcloud_preprocessor::PolygonRemoverComponent>
[component_container-19] [INFO] [1785592623.576322560] [sensing.lidar.left.pointcloud_preprocessor.pointcloud_container]: Found class: rclcpp_components::NodeFactoryTemplate<autoware::pointcloud_preprocessor::RadiusSearch2DOutlierFilterComponent>
[component_container-19] [INFO] [1785592623.576325308] [sensing.lidar.left.pointcloud_preprocessor.pointcloud_container]: Found class: rclcpp_components::NodeFactoryTemplate<autoware::pointcloud_preprocessor::RandomDownsampleFilterComponent>
[component_container-19] [INFO] [1785592623.576328099] [sensing.lidar.left.pointcloud_preprocessor.pointcloud_container]: Found class: rclcpp_components::NodeFactoryTemplate<autoware::pointcloud_preprocessor::RingOutlierFilterComponent>
[component_container-19] [INFO] [1785592623.576363792] [sensing.lidar.left.pointcloud_preprocessor.pointcloud_container]: Instantiate class: rclcpp_components::NodeFactoryTemplate<autoware::pointcloud_preprocessor::RingOutlierFilterComponent>
[autoware_pose_initializer_node-26] [INFO] [1785592623.636715975] [localization.util.pose_initializer]: EKF triggering service is available!
[autoware_pose_initializer_node-26] [INFO] [1785592623.647919387] [localization.util.pose_initializer]: EKF Deactivation succeeded
[autoware_pose_initializer_node-26] [INFO] [1785592623.648460621] [localization.util.pose_initializer]: NDT triggering service is available!
[autoware_pose_initializer_node-26] [INFO] [1785592623.653350728] [localization.util.pose_initializer]: NDT Deactivation succeeded
[autoware_pose_initializer_node-26] [INFO] [1785592623.653819219] [localization.util.pose_initializer]: Call align server.
[autoware_mrm_handler_node-13] [WARN] [1785592623.667985190] [system.mrm_handler]: no mrm operation available: operate emergency_stop
[component_container_mt-48] [INFO] [1785592623.678423508] [control.trajectory_follower.lane_departure_checker_node]: waiting for current_twist msg...
[autoware_mrm_handler_node-13] [WARN] [1785592623.770471468] [system.mrm_handler]: no mrm operation available: operate emergency_stop
[autoware_mrm_handler_node-13] [WARN] [1785592623.868198214] [system.mrm_handler]: no mrm operation available: operate emergency_stop
[INFO] [launch_ros.actions.load_composable_nodes]: Loaded node '/sensing/lidar/left/ring_outlier_filter' in container '/sensing/lidar/left/pointcloud_preprocessor/pointcloud_container'
[component_container_mt-47] [INFO] [1785592623.917190345] [control.trajectory_follower.controller_node_exe]: Waiting for acceleration data
[component_container_mt-47] [INFO] [1785592623.917269342] [control.trajectory_follower.controller_node_exe]: Control is skipped since input data is not ready.
[logging_node-14] [WARN] [1785592623.967711555] [logging_diag_graph]: The target mode is not available for the following reasons:
[logging_node-14] - /autoware/modes/autonomous ERROR
[logging_node-14]     - /autoware/map ERROR
[logging_node-14]         - /autoware/map/topic_rate_check/vector_map ERROR
[logging_node-14]         - /autoware/map/topic_rate_check/pointcloud_map ERROR
[logging_node-14]     - /autoware/localization ERROR
[logging_node-14]         - /autoware/localization/state ERROR
[logging_node-14]         - [anonymous group] ERROR
[logging_node-14]             - /autoware/localization/topic_rate_check/transform ERROR
[logging_node-14]             - /autoware/localization/topic_rate_check/pose_twist_fusion ERROR
[logging_node-14]             - /autoware/localization/scan_matching_status STALE
[logging_node-14]             - /autoware/localization/accuracy STALE
[logging_node-14]             - /autoware/localization/sensor_fusion_status WARN 
[logging_node-14]     - /autoware/planning ERROR
[logging_node-14]         - /autoware/planning/routing/state ERROR
[logging_node-14]         - [anonymous group] ERROR
[logging_node-14]             - /autoware/planning/topic_rate_check/route ERROR
[logging_node-14]             - /autoware/planning/topic_rate_check/trajectory ERROR
[logging_node-14]             - /autoware/planning/trajectory_validation ERROR
[logging_node-14]     - /autoware/perception ERROR
[logging_node-14]         - /autoware/perception/topic_rate_check/objects ERROR
[logging_node-14]         - /autoware/perception/topic_rate_check/pointcloud ERROR
[logging_node-14]     - /autoware/control ERROR
[logging_node-14]         - /autoware/control/topic_rate_check/trajectory_follower ERROR
[logging_node-14]         - /autoware/control/topic_rate_check/control_command ERROR
[logging_node-14]         - /autoware/control/node_alive_monitoring/command_gate ERROR
[logging_node-14]             - /autoware/control/node_alive_monitoring/vehicle_cmd_gate STALE
[logging_node-14]             - /autoware/control/node_alive_monitoring/control_command_gate STALE
[logging_node-14]     - /autoware/system ERROR
[logging_node-14]         - /autoware/system/emergency_stop_operation ERROR
[logging_node-14]             - /autoware/system/emergency_stop_operation/vehicle_cmd_gate STALE
[logging_node-14]             - /autoware/system/emergency_stop_operation/control_command_gate STALE
[logging_node-14]     - /adapi/mrm_request/delegate STALE
[logging_node-14] 
[autoware_mrm_handler_node-13] [WARN] [1785592623.967864453] [system.mrm_handler]: no mrm operation available: operate emergency_stop
[autoware_mrm_handler_node-13] [WARN] [1785592624.068267939] [system.mrm_handler]: no mrm operation available: operate emergency_stop
[autoware_mrm_handler_node-13] [WARN] [1785592624.167174443] [system.mrm_handler]: no mrm operation available: operate emergency_stop
[autoware_ekf_localizer_node-28] [WARN] [1785592624.167823247] [localization.pose_twist_fusion_filter.ekf_localizer]: The node is not activated. Provide initial pose to pose_initializer
[autoware_ndt_scan_matcher_node-24] [WARN] [1785592624.261172586] [localization.pose_estimator.ndt_scan_matcher]: No InputSource. Please check the input lidar topic
[autoware_mrm_handler_node-13] [WARN] [1785592624.267521253] [system.mrm_handler]: no mrm operation available: operate emergency_stop
[component_container_mt-40] added a slot with 1 modules
[component_container_mt-40] external_request_lane_change_left registered in slot_configuration is not registered, skipping
[component_container_mt-40] external_request_lane_change_right registered in slot_configuration is not registered, skipping
[component_container_mt-40] added a slot with 6 modules
[component_container_mt-40] added a slot with 1 modules
[component_container_mt-40] dynamic_obstacle_avoidance registered in slot_configuration is not registered, skipping
[INFO] [launch_ros.actions.load_composable_nodes]: Loaded node '/planning/scenario_planning/lane_driving/motion_planning/motion_velocity_planner' in container '/planning/scenario_planning/lane_driving/motion_planning/motion_planning_container'
[autoware_mrm_handler_node-13] [WARN] [1785592624.368656375] [system.mrm_handler]: no mrm operation available: operate emergency_stop
[autoware_mrm_handler_node-13] [WARN] [1785592624.467316786] [system.mrm_handler]: no mrm operation available: operate emergency_stop
[component_container-18] [ERROR] [1785592624.541809195] [sensing.lidar.top.crop_box_filter_self]: Failure to get transform from base_link to velodyne_top with error: "base_link" passed to lookupTransform argument target_frame does not exist. 
[autoware_mrm_handler_node-13] [WARN] [1785592624.567845889] [system.mrm_handler]: no mrm operation available: operate emergency_stop
[autoware_mrm_handler_node-13] [WARN] [1785592624.668277543] [system.mrm_handler]: no mrm operation available: operate emergency_stop
[component_container-7] [INFO] [1785592624.677484559] [system.topic_state_monitor_control_command_control_cmd]: /control/command/control_cmd has not received. Set ERROR in diagnostics.
[autoware_mrm_handler_node-13] [WARN] [1785592624.767353721] [system.mrm_handler]: no mrm operation available: operate emergency_stop
[component_container_mt-48] [INFO] [1785592624.767524156] [control.autonomous_emergency_braking]: [AEB] waiting for object pointcloud message
[autoware_mrm_handler_node-13] [WARN] [1785592624.867245000] [system.mrm_handler]: no mrm operation available: operate emergency_stop
[component_container_mt-40] [INFO] [1785592624.957706879] [planning.scenario_planning.lane_driving.behavior_planning.behavior_planning_container]: Load Library: /opt/autoware/lib/libautoware_behavior_velocity_planner_lib.so
[INFO] [launch_ros.actions.load_composable_nodes]: Loaded node '/planning/scenario_planning/lane_driving/behavior_planning/behavior_path_planner' in container '/planning/scenario_planning/lane_driving/behavior_planning/behavior_planning_container'
[component_container_mt-40] [INFO] [1785592624.965175751] [planning.scenario_planning.lane_driving.behavior_planning.behavior_planning_container]: Found class: rclcpp_components::NodeFactoryTemplate<autoware::behavior_velocity_planner::BehaviorVelocityPlannerNode>
[component_container_mt-40] [INFO] [1785592624.965218088] [planning.scenario_planning.lane_driving.behavior_planning.behavior_planning_container]: Found class: rclcpp_components::NodeFactoryTemplate<autoware::behavior_velocity_planner::experimental::BehaviorVelocityPlannerNode>
[component_container_mt-40] [INFO] [1785592624.965224423] [planning.scenario_planning.lane_driving.behavior_planning.behavior_planning_container]: Instantiate class: rclcpp_components::NodeFactoryTemplate<autoware::behavior_velocity_planner::experimental::BehaviorVelocityPlannerNode>
[autoware_mrm_handler_node-13] [WARN] [1785592624.967215221] [system.mrm_handler]: no mrm operation available: operate emergency_stop
[autoware_mrm_handler_node-13] [WARN] [1785592625.067179209] [system.mrm_handler]: no mrm operation available: operate emergency_stop
[autoware_mrm_handler_node-13] [WARN] [1785592625.168069540] [system.mrm_handler]: no mrm operation available: operate emergency_stop
[autoware_mrm_handler_node-13] [WARN] [1785592625.267222219] [system.mrm_handler]: no mrm operation available: operate emergency_stop
[autoware_mrm_handler_node-13] [WARN] [1785592625.367423363] [system.mrm_handler]: no mrm operation available: operate emergency_stop
[autoware_mrm_handler_node-13] [WARN] [1785592625.467132091] [system.mrm_handler]: no mrm operation available: operate emergency_stop
[autoware_mrm_handler_node-13] [WARN] [1785592625.567205410] [system.mrm_handler]: no mrm operation available: operate emergency_stop
[autoware_mrm_handler_node-13] [WARN] [1785592625.667361403] [system.mrm_handler]: no mrm operation available: operate emergency_stop
[component_container-7] [WARN] [1785592625.741985743] [system.topic_state_monitor_vehicle_status_steering_status]: /vehicle/status/steering_status topic rate has dropped to the warning level. Set WARN in diagnostics.
[autoware_mrm_handler_node-13] [WARN] [1785592625.767257897] [system.mrm_handler]: no mrm operation available: operate emergency_stop
[component_container_mt-48] [INFO] [1785592625.769356616] [control.collision_detector]: waiting for current odometry...
[autoware_mrm_handler_node-13] [WARN] [1785592625.871151610] [system.mrm_handler]: no mrm operation available: operate emergency_stop
[autoware_mrm_handler_node-13] [WARN] [1785592625.967560022] [system.mrm_handler]: no mrm operation available: operate emergency_stop
[autoware_mrm_handler_node-13] [WARN] [1785592626.067959687] [system.mrm_handler]: no mrm operation available: operate emergency_stop
[autoware_mrm_handler_node-13] [WARN] [1785592626.167905757] [system.mrm_handler]: no mrm operation available: operate emergency_stop
[autoware_ekf_localizer_node-28] [WARN] [1785592626.168267233] [localization.pose_twist_fusion_filter.ekf_localizer]: The node is not activated. Provide initial pose to pose_initializer
[autoware_pose_initializer_node-26] [INFO] [1785592626.265320919] [localization.util.pose_initializer]: EKF triggering service is available!
[autoware_pose_initializer_node-26] [INFO] [1785592626.267449727] [localization.util.pose_initializer]: EKF Deactivation succeeded
[autoware_pose_initializer_node-26] [INFO] [1785592626.267894242] [localization.util.pose_initializer]: NDT triggering service is available!
[autoware_pose_initializer_node-26] [INFO] [1785592626.269814138] [localization.util.pose_initializer]: NDT Deactivation succeeded
[autoware_mrm_handler_node-13] [WARN] [1785592626.270980592] [system.mrm_handler]: no mrm operation available: operate emergency_stop
[autoware_pose_initializer_node-26] [INFO] [1785592626.277121116] [localization.util.pose_initializer]: Call align server.
[autoware_mrm_handler_node-13] [WARN] [1785592626.367334017] [system.mrm_handler]: no mrm operation available: operate emergency_stop
[autoware_mrm_handler_node-13] [WARN] [1785592626.467297861] [system.mrm_handler]: no mrm operation available: operate emergency_stop
[component_container_mt-34] [INFO] [1785592626.525741890] [planning.mission_planning.mission_planner]: waiting odometry... Route API is not ready.
[autoware_mrm_handler_node-13] [WARN] [1785592626.567333717] [system.mrm_handler]: no mrm operation available: operate emergency_stop
[autoware_mrm_handler_node-13] [WARN] [1785592626.670049506] [system.mrm_handler]: no mrm operation available: operate emergency_stop
[autoware_ndt_scan_matcher_node-24] [WARN] [1785592626.679003307] [localization.pose_estimator.ndt_scan_matcher]: No InputSource. Please check the input lidar topic
[autoware_mrm_handler_node-13] [WARN] [1785592626.767276403] [system.mrm_handler]: no mrm operation available: operate emergency_stop
[autoware_mrm_handler_node-13] [WARN] [1785592626.869020178] [system.mrm_handler]: no mrm operation available: operate emergency_stop
[logging_node-14] [WARN] [1785592626.967311370] [logging_diag_graph]: The target mode is not available for the following reasons:
[logging_node-14] - /autoware/modes/autonomous ERROR
[logging_node-14]     - /autoware/map ERROR
[logging_node-14]         - /autoware/map/topic_rate_check/vector_map ERROR
[logging_node-14]         - /autoware/map/topic_rate_check/pointcloud_map ERROR
[logging_node-14]     - /autoware/localization ERROR
[logging_node-14]         - /autoware/localization/state ERROR
[logging_node-14]         - [anonymous group] ERROR
[logging_node-14]             - /autoware/localization/topic_rate_check/transform ERROR
[logging_node-14]             - /autoware/localization/topic_rate_check/pose_twist_fusion ERROR
[logging_node-14]             - /autoware/localization/scan_matching_status STALE
[logging_node-14]             - /autoware/localization/accuracy STALE
[logging_node-14]             - /autoware/localization/sensor_fusion_status WARN 
[logging_node-14]     - /autoware/planning ERROR
[logging_node-14]         - /autoware/planning/routing/state ERROR
[logging_node-14]         - [anonymous group] ERROR
[logging_node-14]             - /autoware/planning/topic_rate_check/route ERROR
[logging_node-14]             - /autoware/planning/topic_rate_check/trajectory ERROR
[logging_node-14]     - /autoware/perception ERROR
[logging_node-14]         - /autoware/perception/topic_rate_check/objects ERROR
[logging_node-14]         - /autoware/perception/topic_rate_check/pointcloud ERROR
[logging_node-14]     - /autoware/control ERROR
[logging_node-14]         - /autoware/control/topic_rate_check/trajectory_follower ERROR
[logging_node-14]         - /autoware/control/topic_rate_check/control_command ERROR
[logging_node-14]         - /autoware/control/node_alive_monitoring/command_gate ERROR
[logging_node-14]             - /autoware/control/node_alive_monitoring/vehicle_cmd_gate STALE
[logging_node-14]             - /autoware/control/node_alive_monitoring/control_command_gate STALE
[logging_node-14]     - /autoware/system ERROR
[logging_node-14]         - /autoware/system/emergency_stop_operation ERROR
[logging_node-14]             - /autoware/system/emergency_stop_operation/vehicle_cmd_gate STALE
[logging_node-14]             - /autoware/system/emergency_stop_operation/control_command_gate STALE
[logging_node-14]     - /adapi/mrm_request/delegate STALE
[logging_node-14] 
[autoware_mrm_handler_node-13] [WARN] [1785592626.967328736] [system.mrm_handler]: no mrm operation available: operate emergency_stop
[component_container_mt-47] [INFO] [1785592627.062676483] [control.control_container]: Load Library: /opt/autoware/lib/libvehicle_cmd_gate_node.so
[autoware_mrm_handler_node-13] [WARN] [1785592627.067767423] [system.mrm_handler]: no mrm operation available: operate emergency_stop
[component_container_mt-47] [INFO] [1785592627.069313253] [control.control_container]: Found class: rclcpp_components::NodeFactoryTemplate<autoware::vehicle_cmd_gate::VehicleCmdGate>
[component_container_mt-47] [INFO] [1785592627.069350951] [control.control_container]: Instantiate class: rclcpp_components::NodeFactoryTemplate<autoware::vehicle_cmd_gate::VehicleCmdGate>
[autoware_mrm_handler_node-13] [WARN] [1785592627.167360719] [system.mrm_handler]: no mrm operation available: operate emergency_stop
[autoware_mrm_handler_node-13] [WARN] [1785592627.267175085] [system.mrm_handler]: no mrm operation available: operate emergency_stop
[INFO] [launch_ros.actions.load_composable_nodes]: Loaded node '/adapi/node/manual/remote' in container '/adapi/container'
[autoware_mrm_handler_node-13] [WARN] [1785592627.367463445] [system.mrm_handler]: no mrm operation available: operate emergency_stop
[autoware_mrm_handler_node-13] [WARN] [1785592627.467364708] [system.mrm_handler]: no mrm operation available: operate emergency_stop
[component_container_mt-40] [INFO] [1785592627.499604002] [planning.scenario_planning.lane_driving.behavior_planning.behavior_velocity_planner]: The scene plugin 'autoware::behavior_velocity_planner::experimental::CrosswalkModulePlugin' is loaded.
[component_container_mt-40] [INFO] [1785592627.564924159] [planning.scenario_planning.lane_driving.behavior_planning.behavior_velocity_planner]: The scene plugin 'autoware::behavior_velocity_planner::experimental::WalkwayModulePlugin' is loaded.
[autoware_mrm_handler_node-13] [WARN] [1785592627.568619444] [system.mrm_handler]: no mrm operation available: operate emergency_stop
[component_container-18] [INFO] [1785592627.580513621] [sensing.lidar.top.pointcloud_preprocessor.pointcloud_container]: Found class: rclcpp_components::NodeFactoryTemplate<autoware::pointcloud_preprocessor::ApproximateDownsampleFilterComponent>
[component_container-18] [INFO] [1785592627.580634562] [sensing.lidar.top.pointcloud_preprocessor.pointcloud_container]: Found class: rclcpp_components::NodeFactoryTemplate<autoware::pointcloud_preprocessor::BlockageDiagComponent>
[component_container-18] [INFO] [1785592627.580639841] [sensing.lidar.top.pointcloud_preprocessor.pointcloud_container]: Found class: rclcpp_components::NodeFactoryTemplate<autoware::pointcloud_preprocessor::CropBoxFilterComponent>
[component_container-18] [INFO] [1785592627.580643519] [sensing.lidar.top.pointcloud_preprocessor.pointcloud_container]: Found class: rclcpp_components::NodeFactoryTemplate<autoware::pointcloud_preprocessor::DistortionCorrectorComponent>
[component_container-18] [INFO] [1785592627.580646672] [sensing.lidar.top.pointcloud_preprocessor.pointcloud_container]: Instantiate class: rclcpp_components::NodeFactoryTemplate<autoware::pointcloud_preprocessor::DistortionCorrectorComponent>
[INFO] [launch_ros.actions.load_composable_nodes]: Loaded node '/control/vehicle_cmd_gate' in container '/control/control_container'
[component_container_mt-47] [WARN] [1785592627.650874092] [control.vehicle_cmd_gate]: Emergency!
[component_container-7] [INFO] [1785592627.685937711] [system.topic_state_monitor_traffic_light_recognition_traffic_signals]: /perception/traffic_light_recognition/traffic_signals has not received. Set ERROR in diagnostics.
[component_container_mt-40] [INFO] [1785592627.738997146] [planning.scenario_planning.lane_driving.behavior_planning.behavior_velocity_planner]: The scene plugin 'autoware::behavior_velocity_planner::experimental::TrafficLightModulePlugin' is loaded.
[INFO] [launch_ros.actions.load_composable_nodes]: Loaded node '/sensing/lidar/top/distortion_corrector_node' in container '/sensing/lidar/top/pointcloud_preprocessor/pointcloud_container'
[component_container-18] [INFO] [1785592627.780265578] [sensing.lidar.top.pointcloud_preprocessor.pointcloud_container]: Found class: rclcpp_components::NodeFactoryTemplate<autoware::pointcloud_preprocessor::ApproximateDownsampleFilterComponent>
[component_container-18] [INFO] [1785592627.780323344] [sensing.lidar.top.pointcloud_preprocessor.pointcloud_container]: Found class: rclcpp_components::NodeFactoryTemplate<autoware::pointcloud_preprocessor::BlockageDiagComponent>
[component_container-18] [INFO] [1785592627.780329654] [sensing.lidar.top.pointcloud_preprocessor.pointcloud_container]: Found class: rclcpp_components::NodeFactoryTemplate<autoware::pointcloud_preprocessor::CropBoxFilterComponent>
[component_container-18] [INFO] [1785592627.780333654] [sensing.lidar.top.pointcloud_preprocessor.pointcloud_container]: Found class: rclcpp_components::NodeFactoryTemplate<autoware::pointcloud_preprocessor::DistortionCorrectorComponent>
[component_container-18] [INFO] [1785592627.780337420] [sensing.lidar.top.pointcloud_preprocessor.pointcloud_container]: Found class: rclcpp_components::NodeFactoryTemplate<autoware::pointcloud_preprocessor::DualReturnOutlierFilterComponent>
[component_container-18] [INFO] [1785592627.780340931] [sensing.lidar.top.pointcloud_preprocessor.pointcloud_container]: Found class: rclcpp_components::NodeFactoryTemplate<autoware::pointcloud_preprocessor::Lanelet2MapFilterComponent>
[component_container-18] [INFO] [1785592627.780344746] [sensing.lidar.top.pointcloud_preprocessor.pointcloud_container]: Found class: rclcpp_components::NodeFactoryTemplate<autoware::pointcloud_preprocessor::PassThroughFilterComponent>
[component_container-18] [INFO] [1785592627.780348368] [sensing.lidar.top.pointcloud_preprocessor.pointcloud_container]: Found class: rclcpp_components::NodeFactoryTemplate<autoware::pointcloud_preprocessor::PassThroughFilterUInt16Component>
[component_container-18] [INFO] [1785592627.780352028] [sensing.lidar.top.pointcloud_preprocessor.pointcloud_container]: Found class: rclcpp_components::NodeFactoryTemplate<autoware::pointcloud_preprocessor::PickupBasedVoxelGridDownsampleFilterComponent>
[component_container-18] [INFO] [1785592627.780355953] [sensing.lidar.top.pointcloud_preprocessor.pointcloud_container]: Found class: rclcpp_components::NodeFactoryTemplate<autoware::pointcloud_preprocessor::PointCloudConcatenateDataSynchronizerComponent>
[component_container-18] [INFO] [1785592627.780359631] [sensing.lidar.top.pointcloud_preprocessor.pointcloud_container]: Found class: rclcpp_components::NodeFactoryTemplate<autoware::pointcloud_preprocessor::PointCloudConcatenationComponent>
[component_container-18] [INFO] [1785592627.780363159] [sensing.lidar.top.pointcloud_preprocessor.pointcloud_container]: Found class: rclcpp_components::NodeFactoryTemplate<autoware::pointcloud_preprocessor::PointCloudDataSynchronizerComponent>
[component_container-18] [INFO] [1785592627.780366685] [sensing.lidar.top.pointcloud_preprocessor.pointcloud_container]: Found class: rclcpp_components::NodeFactoryTemplate<autoware::pointcloud_preprocessor::PointCloudDensifierNode>
[component_container-18] [INFO] [1785592627.780370208] [sensing.lidar.top.pointcloud_preprocessor.pointcloud_container]: Found class: rclcpp_components::NodeFactoryTemplate<autoware::pointcloud_preprocessor::PointcloudAccumulatorComponent>
[component_container-18] [INFO] [1785592627.780373710] [sensing.lidar.top.pointcloud_preprocessor.pointcloud_container]: Found class: rclcpp_components::NodeFactoryTemplate<autoware::pointcloud_preprocessor::PolarVoxelOutlierFilterComponent>
[component_container-18] [INFO] [1785592627.780404812] [sensing.lidar.top.pointcloud_preprocessor.pointcloud_container]: Found class: rclcpp_components::NodeFactoryTemplate<autoware::pointcloud_preprocessor::PolygonRemoverComponent>
[component_container-18] [INFO] [1785592627.780408991] [sensing.lidar.top.pointcloud_preprocessor.pointcloud_container]: Found class: rclcpp_components::NodeFactoryTemplate<autoware::pointcloud_preprocessor::RadiusSearch2DOutlierFilterComponent>
[component_container-18] [INFO] [1785592627.780412306] [sensing.lidar.top.pointcloud_preprocessor.pointcloud_container]: Found class: rclcpp_components::NodeFactoryTemplate<autoware::pointcloud_preprocessor::RandomDownsampleFilterComponent>
[component_container-18] [INFO] [1785592627.780415761] [sensing.lidar.top.pointcloud_preprocessor.pointcloud_container]: Found class: rclcpp_components::NodeFactoryTemplate<autoware::pointcloud_preprocessor::RingOutlierFilterComponent>
[component_container-18] [INFO] [1785592627.780419263] [sensing.lidar.top.pointcloud_preprocessor.pointcloud_container]: Instantiate class: rclcpp_components::NodeFactoryTemplate<autoware::pointcloud_preprocessor::RingOutlierFilterComponent>
[INFO] [launch_ros.actions.load_composable_nodes]: Loaded node '/sensing/lidar/top/ring_outlier_filter' in container '/sensing/lidar/top/pointcloud_preprocessor/pointcloud_container'
[component_container_mt-47] [WARN] [1785592628.122303261] [control.vehicle_cmd_gate]: system_emergency heartbeat is timeout.
[autoware_scenario_selector_node-36] [INFO] [1785592628.167568800] [planning.scenario_planning.scenario_selector]: Waiting for current pose.
[autoware_ekf_localizer_node-28] [WARN] [1785592628.168870365] [localization.pose_twist_fusion_filter.ekf_localizer]: The node is not activated. Provide initial pose to pose_initializer
[component_container_mt-40] [INFO] [1785592628.296664109] [planning.scenario_planning.lane_driving.behavior_planning.behavior_velocity_planner]: The scene plugin 'autoware::behavior_velocity_planner::experimental::IntersectionModulePlugin' is loaded.
[component_container-18] [WARN] [1785592628.334111047] [sensing.lidar.top.crop_box_filter_self]: Invalid PointCloud: is_dense is false. The point cloud should be organized (dense) and contain only valid points. This will be an ERROR starting in 2026 JulyFrame: 'velodyne_top', Stamp: 25.973952379
[component_container-18] [WARN] [1785592628.335225878] [sensing.lidar.top.distortion_corrector_node]: Twist time_stamp is too late. Could not interpolate.
[component_container_mt-1] [WARN] [1785592628.380232866] [localization.util.crop_box_filter_measurement_range]: Invalid PointCloud: row_step mismatch. Expected: 102096 (width 6381 * point_step 16), Got: 0. Frame: 'base_link', Stamp: 25.973952379 Please fill in the `cloud->row_step` field accordingly. This will be an ERROR starting in 2026 July
[component_container_mt-42] [ERROR] [1785592628.469025915] [planning.scenario_planning.parking.costmap_generator]: Could not find a connection between 'map' and 'base_link' because they are not part of the same tree.Tf has two or more unconnected trees.
[component_container_mt-40] [INFO] [1785592628.516595667] [planning.scenario_planning.lane_driving.behavior_planning.behavior_velocity_planner]: The scene plugin 'autoware::behavior_velocity_planner::experimental::BlindSpotModulePlugin' is loaded.
[component_container_mt-1] [WARN] [1785592628.569934706] [sensing.lidar.concatenate_data]: transformed_raw_points[/sensing/lidar/right/pointcloud_before_sync] is nullptr, skipping pointcloud publish.
[component_container_mt-1] [WARN] [1785592628.570004262] [sensing.lidar.concatenate_data]: transformed_raw_points[/sensing/lidar/left/pointcloud_before_sync] is nullptr, skipping pointcloud publish.
[component_container_mt-48] [INFO] [1785592628.676031670] [control.trajectory_follower.lane_departure_checker_node]: waiting for current_twist msg...
[autoware_pose_initializer_node-26] [INFO] [1785592628.683402863] [localization.util.pose_initializer]: EKF triggering service is available!
[autoware_pose_initializer_node-26] [INFO] [1785592628.685395728] [localization.util.pose_initializer]: EKF Deactivation succeeded
[autoware_pose_initializer_node-26] [INFO] [1785592628.686496608] [localization.util.pose_initializer]: NDT triggering service is available!
[autoware_pose_initializer_node-26] [INFO] [1785592628.688795410] [localization.util.pose_initializer]: NDT Deactivation succeeded
[autoware_pose_initializer_node-26] [INFO] [1785592628.689181199] [localization.util.pose_initializer]: Call align server.
[component_container_mt-1] [WARN] [1785592628.919857110] [sensing.lidar.concatenate_data]: transformed_raw_points[/sensing/lidar/right/pointcloud_before_sync] is nullptr, skipping pointcloud publish.
[component_container_mt-1] [WARN] [1785592628.919947893] [sensing.lidar.concatenate_data]: transformed_raw_points[/sensing/lidar/left/pointcloud_before_sync] is nullptr, skipping pointcloud publish.
[component_container_mt-40] [INFO] [1785592628.946508396] [planning.scenario_planning.lane_driving.behavior_planning.behavior_velocity_planner]: The scene plugin 'autoware::behavior_velocity_planner::experimental::DetectionAreaModulePlugin' is loaded.
[component_container_mt-47] [INFO] [1785592628.990332329] [control.trajectory_follower.controller_node_exe]: Waiting for acceleration data
[component_container_mt-47] [INFO] [1785592628.990388377] [control.trajectory_follower.controller_node_exe]: Control is skipped since input data is not ready.
[component_container_mt-1] [WARN] [1785592629.017563241] [sensing.lidar.concatenate_data]: transformed_raw_points[/sensing/lidar/right/pointcloud_before_sync] is nullptr, skipping pointcloud publish.
[component_container_mt-1] [WARN] [1785592629.017639569] [sensing.lidar.concatenate_data]: transformed_raw_points[/sensing/lidar/left/pointcloud_before_sync] is nullptr, skipping pointcloud publish.
[component_container_mt-47] [WARN] [1785592629.039490433] [control.vehicle_cmd_gate]: Emergency!
[component_container_mt-40] [INFO] [1785592629.171623510] [planning.scenario_planning.lane_driving.behavior_planning.behavior_velocity_planner]: The scene plugin 'autoware::behavior_velocity_planner::experimental::VirtualTrafficLightModulePlugin' is loaded.
[component_container-7] [WARN] [1785592629.486704138] [system.topic_state_monitor_control_command_control_cmd]: /control/command/control_cmd topic rate has dropped to the warning level. Set WARN in diagnostics.
[component_container_mt-40] [INFO] [1785592629.639017179] [planning.scenario_planning.lane_driving.behavior_planning.behavior_velocity_planner]: The scene plugin 'autoware::behavior_velocity_planner::experimental::NoStoppingAreaModulePlugin' is loaded.
[autoware_mrm_handler_node-13] [WARN] [1785592629.767188928] [system.mrm_handler]: no mrm operation available: operate emergency_stop
[component_container_mt-40] [INFO] [1785592629.795789124] [planning.scenario_planning.lane_driving.behavior_planning.behavior_velocity_planner]: The scene plugin 'autoware::behavior_velocity_planner::experimental::StopLineModulePlugin' is loaded.
[component_container_mt-48] [INFO] [1785592629.819960625] [control.autonomous_emergency_braking]: [AEB] waiting for object pointcloud message
[autoware_mrm_handler_node-13] [WARN] [1785592629.867790602] [system.mrm_handler]: no mrm operation available: operate emergency_stop
[INFO] [launch_ros.actions.load_composable_nodes]: Loaded node '/planning/scenario_planning/lane_driving/behavior_planning/behavior_velocity_planner' in container '/planning/scenario_planning/lane_driving/behavior_planning/behavior_planning_container'
[logging_node-14] [WARN] [1785592629.967117181] [logging_diag_graph]: The target mode is not available for the following reasons:
[logging_node-14] - /autoware/modes/autonomous ERROR
[logging_node-14]     - /autoware/map ERROR
[logging_node-14]         - /autoware/map/topic_rate_check/vector_map ERROR
[logging_node-14]         - /autoware/map/topic_rate_check/pointcloud_map ERROR
[logging_node-14]     - /autoware/localization ERROR
[logging_node-14]         - /autoware/localization/state ERROR
[logging_node-14]         - [anonymous group] ERROR
[logging_node-14]             - /autoware/localization/topic_rate_check/transform ERROR
[logging_node-14]             - /autoware/localization/topic_rate_check/pose_twist_fusion ERROR
[logging_node-14]             - /autoware/localization/scan_matching_status STALE
[logging_node-14]             - /autoware/localization/accuracy STALE
[logging_node-14]             - /autoware/localization/sensor_fusion_status WARN 
[logging_node-14]     - /autoware/planning ERROR
[logging_node-14]         - /autoware/planning/routing/state ERROR
[logging_node-14]         - [anonymous group] ERROR
[logging_node-14]             - /autoware/planning/topic_rate_check/route ERROR
[logging_node-14]             - /autoware/planning/topic_rate_check/trajectory ERROR
[logging_node-14]     - /autoware/perception ERROR
[logging_node-14]         - /autoware/perception/topic_rate_check/objects ERROR
[logging_node-14]         - /autoware/perception/topic_rate_check/pointcloud ERROR
[logging_node-14]     - /autoware/control ERROR
[logging_node-14]         - /autoware/control/topic_rate_check/trajectory_follower ERROR
[logging_node-14]         - /autoware/control/topic_rate_check/control_command WARN 
[logging_node-14]     - /autoware/vehicle WARN 
[logging_node-14]         - /autoware/vehicle/topic_rate_check/steering WARN 
[logging_node-14]     - /adapi/mrm_request/delegate STALE
[logging_node-14] 
[component_container_mt-47] [WARN] [1785592630.018412372] [control.vehicle_cmd_gate]: Emergency!
[autoware_pose_initializer_node-26] [INFO] [1785592630.064260737] [localization.util.pose_initializer]: align server succeeded.
[autoware_pose_initializer_node-26] [INFO] [1785592630.065046557] [localization.util.pose_initializer]: EKF triggering service is available!
[autoware_pose_initializer_node-26] [INFO] [1785592630.070235022] [localization.util.pose_initializer]: EKF Activation succeeded
[autoware_pose_initializer_node-26] [INFO] [1785592630.071190654] [localization.util.pose_initializer]: NDT triggering service is available!
[autoware_pose_initializer_node-26] [INFO] [1785592630.073387563] [localization.util.pose_initializer]: NDT Activation succeeded
[autoware_scenario_selector_node-36] [INFO] [1785592630.167401766] [planning.scenario_planning.scenario_selector]: Waiting for route.
[autoware_mrm_handler_node-13] [INFO] [1785592630.168215259] [system.mrm_handler]: MRM State changed: MRM_OPERATING -> MRM_SUCCEEDED
[control_evaluator-49] [WARN] [1785592630.245916561] [route_handler]: setMap() for invalid version map: 
[planning_evaluator-44] [WARN] [1785592630.250885498] [route_handler]: setMap() for invalid version map: 
[INFO] [launch_ros.actions.load_composable_nodes]: Loaded node '/adapi/node/motion' in container '/adapi/container'
[component_container_mt-40] [INFO] [1785592630.321117985] [planning.scenario_planning.lane_driving.behavior_planning.behavior_path_planner]: waiting for scenario_topic
[component_container_mt-48] [INFO] [1785592630.418584525] [control.trajectory_follower.lane_departure_checker_node]: waiting for route msg...
[component_container_mt-1] [WARN] [1785592630.818142569] [sensing.lidar.concatenate_data]: transformed_raw_points[/sensing/lidar/right/pointcloud_before_sync] is nullptr, skipping pointcloud publish.
[component_container_mt-1] [WARN] [1785592630.818387055] [sensing.lidar.concatenate_data]: transformed_raw_points[/sensing/lidar/left/pointcloud_before_sync] is nullptr, skipping pointcloud publish.
[gyro_bias_estimator_node-22] [ERROR] [1785592630.830930249] [sensing.imu.gyro_bias_scale_validator]: DT_pose is zero
[autoware_pose_initializer_node-26] [INFO] [1785592630.913886389] [localization.util.pose_initializer]: EKF triggering service is available!
[autoware_pose_initializer_node-26] [INFO] [1785592630.919557153] [localization.util.pose_initializer]: EKF Deactivation succeeded
[autoware_pose_initializer_node-26] [INFO] [1785592630.919886927] [localization.util.pose_initializer]: NDT triggering service is available!
[autoware_pose_initializer_node-26] [INFO] [1785592630.921678047] [localization.util.pose_initializer]: NDT Deactivation succeeded
[autoware_pose_initializer_node-26] [INFO] [1785592630.921753542] [localization.util.pose_initializer]: fit_target: pointcloud_map, frame: map
[autoware_ekf_localizer_node-28] [WARN] [1785592630.967164018] [localization.pose_twist_fusion_filter.ekf_localizer]: The node is not activated. Provide initial pose to pose_initializer
[component_container_mt-47] [WARN] [1785592631.040977397] [control.vehicle_cmd_gate]: Emergency!
[component_container-7] [INFO] [1785592631.138280148] [system.topic_state_monitor_traffic_light_recognition_traffic_signals]: /perception/traffic_light_recognition/traffic_signals has not received. Set ERROR in diagnostics.
[component_container_mt-1] [WARN] [1785592631.618425540] [sensing.lidar.concatenate_data]: transformed_raw_points[/sensing/lidar/right/pointcloud_before_sync] is nullptr, skipping pointcloud publish.
[component_container_mt-1] [WARN] [1785592631.618800032] [sensing.lidar.concatenate_data]: transformed_raw_points[/sensing/lidar/left/pointcloud_before_sync] is nullptr, skipping pointcloud publish.
[component_container_mt-1] [WARN] [1785592631.917808550] [sensing.lidar.concatenate_data]: transformed_raw_points[/sensing/lidar/right/pointcloud_before_sync] is nullptr, skipping pointcloud publish.
[component_container_mt-1] [WARN] [1785592631.917904562] [sensing.lidar.concatenate_data]: transformed_raw_points[/sensing/lidar/left/pointcloud_before_sync] is nullptr, skipping pointcloud publish.
[component_container_mt-47] [WARN] [1785592632.092869035] [control.vehicle_cmd_gate]: Emergency!
[component_container_mt-1] [WARN] [1785592632.518614185] [sensing.lidar.concatenate_data]: transformed_raw_points[/sensing/lidar/right/pointcloud_before_sync] is nullptr, skipping pointcloud publish.
[component_container_mt-1] [WARN] [1785592632.518676436] [sensing.lidar.concatenate_data]: transformed_raw_points[/sensing/lidar/left/pointcloud_before_sync] is nullptr, skipping pointcloud publish.
[component_container-7] [WARN] [1785592632.532687437] [system.topic_state_monitor_control_command_control_cmd]: /control/command/control_cmd topic rate has dropped to the warning level. Set WARN in diagnostics.
[component_container_mt-48] [INFO] [1785592632.955120585] [control.control_validator]: waiting for /planning/trajectory
[autoware_ekf_localizer_node-28] [WARN] [1785592632.967771263] [localization.pose_twist_fusion_filter.ekf_localizer]: The node is not activated. Provide initial pose to pose_initializer
[logging_node-14] [WARN] [1785592632.970407652] [logging_diag_graph]: The target mode is not available for the following reasons:
[logging_node-14] - /autoware/modes/autonomous ERROR
[logging_node-14]     - /autoware/map ERROR
[logging_node-14]         - /autoware/map/topic_rate_check/vector_map ERROR
[logging_node-14]         - /autoware/map/topic_rate_check/pointcloud_map ERROR
[logging_node-14]     - /autoware/localization ERROR
[logging_node-14]         - /autoware/localization/state ERROR
[logging_node-14]         - [anonymous group] ERROR
[logging_node-14]             - /autoware/localization/topic_rate_check/transform ERROR
[logging_node-14]             - /autoware/localization/topic_rate_check/pose_twist_fusion ERROR
[logging_node-14]             - /autoware/localization/scan_matching_status WARN 
[logging_node-14]             - /autoware/localization/accuracy STALE
[logging_node-14]             - /autoware/localization/sensor_fusion_status WARN 
[logging_node-14]     - /autoware/planning ERROR
[logging_node-14]         - /autoware/planning/routing/state ERROR
[logging_node-14]         - [anonymous group] ERROR
[logging_node-14]             - /autoware/planning/topic_rate_check/route ERROR
[logging_node-14]             - /autoware/planning/topic_rate_check/trajectory ERROR
[logging_node-14]     - /autoware/perception ERROR
[logging_node-14]         - /autoware/perception/topic_rate_check/objects ERROR
[logging_node-14]         - /autoware/perception/topic_rate_check/pointcloud ERROR
[logging_node-14]     - /autoware/control ERROR
[logging_node-14]         - /autoware/control/topic_rate_check/trajectory_follower ERROR
[logging_node-14]         - /autoware/control/topic_rate_check/control_command WARN 
[logging_node-14]     - /adapi/mrm_request/delegate STALE
[logging_node-14] 
[component_container_mt-47] [INFO] [1785592633.080727926] [control.control_container]: Load Library: /opt/autoware/lib/libautoware_operation_mode_transition_manager_node.so
[component_container_mt-47] [INFO] [1785592633.087068189] [control.control_container]: Found class: rclcpp_components::NodeFactoryTemplate<autoware::operation_mode_transition_manager::AutonomousModeTransitionFlagNode>
[component_container_mt-47] [INFO] [1785592633.087125055] [control.control_container]: Found class: rclcpp_components::NodeFactoryTemplate<autoware::operation_mode_transition_manager::OperationModeTransitionManager>
[component_container_mt-47] [INFO] [1785592633.087131287] [control.control_container]: Instantiate class: rclcpp_components::NodeFactoryTemplate<autoware::operation_mode_transition_manager::OperationModeTransitionManager>
[INFO] [launch_ros.actions.load_composable_nodes]: Loaded node '/adapi/node/mrm_request' in container '/adapi/container'
[component_container_mt-47] [WARN] [1785592633.330688485] [control.vehicle_cmd_gate]: Emergency!
[component_container-18] [WARN] [1785592633.331094515] [sensing.lidar.top.crop_box_filter_self]: Invalid PointCloud: is_dense is false. The point cloud should be organized (dense) and contain only valid points. This will be an ERROR starting in 2026 JulyFrame: 'velodyne_top', Stamp: 30.973952453
[component_container_mt-1] [WARN] [1785592633.517397973] [sensing.lidar.concatenate_data]: transformed_raw_points[/sensing/lidar/right/pointcloud_before_sync] is nullptr, skipping pointcloud publish.
[component_container_mt-1] [WARN] [1785592633.517457873] [sensing.lidar.concatenate_data]: transformed_raw_points[/sensing/lidar/left/pointcloud_before_sync] is nullptr, skipping pointcloud publish.
[INFO] [launch_ros.actions.load_composable_nodes]: Loaded node '/control/autoware_operation_mode_transition_manager' in container '/control/control_container'
[component_container_mt-47] [INFO] [1785592633.996907293] [control.trajectory_follower.controller_node_exe]: Waiting for trajectory data
[component_container_mt-47] [INFO] [1785592633.996976623] [control.trajectory_follower.controller_node_exe]: Control is skipped since input data is not ready.
[component_container-7] [INFO] [1785592634.221941694] [system.topic_state_monitor_traffic_light_recognition_traffic_signals]: /perception/traffic_light_recognition/traffic_signals has not received. Set ERROR in diagnostics.
[autoware_pose_initializer_node-26] [INFO] [1785592634.290799541] [localization.util.pose_initializer]: Call align server.
[component_container_mt-1] [WARN] [1785592634.340115822] [localization.util.crop_box_filter_measurement_range]: Invalid PointCloud: row_step mismatch. Expected: 99088 (width 6193 * point_step 16), Got: 0. Frame: 'base_link', Stamp: 31.973952468 Please fill in the `cloud->row_step` field accordingly. This will be an ERROR starting in 2026 July
[component_container_mt-47] [WARN] [1785592634.419366176] [control.vehicle_cmd_gate]: Emergency!
[component_container_mt-1] [WARN] [1785592634.517962560] [sensing.lidar.concatenate_data]: transformed_raw_points[/sensing/lidar/right/pointcloud_before_sync] is nullptr, skipping pointcloud publish.
[component_container_mt-1] [WARN] [1785592634.518032127] [sensing.lidar.concatenate_data]: transformed_raw_points[/sensing/lidar/left/pointcloud_before_sync] is nullptr, skipping pointcloud publish.
[component_container_mt-48] [INFO] [1785592634.867705825] [control.autonomous_emergency_braking]: [AEB] waiting for object pointcloud message
[component_container_mt-1] [WARN] [1785592634.920593330] [sensing.lidar.concatenate_data]: transformed_raw_points[/sensing/lidar/right/pointcloud_before_sync] is nullptr, skipping pointcloud publish.
[component_container_mt-1] [WARN] [1785592634.920658738] [sensing.lidar.concatenate_data]: transformed_raw_points[/sensing/lidar/left/pointcloud_before_sync] is nullptr, skipping pointcloud publish.
[autoware_ekf_localizer_node-28] [WARN] [1785592634.967394511] [localization.pose_twist_fusion_filter.ekf_localizer]: The node is not activated. Provide initial pose to pose_initializer
[autoware_scenario_selector_node-36] [INFO] [1785592635.168051450] [planning.scenario_planning.scenario_selector]: Waiting for route.
[component_container_mt-1] [WARN] [1785592635.217668558] [sensing.lidar.concatenate_data]: transformed_raw_points[/sensing/lidar/right/pointcloud_before_sync] is nullptr, skipping pointcloud publish.
[component_container_mt-1] [WARN] [1785592635.217898392] [sensing.lidar.concatenate_data]: transformed_raw_points[/sensing/lidar/left/pointcloud_before_sync] is nullptr, skipping pointcloud publish.
[component_container_mt-48] [INFO] [1785592635.418416589] [control.trajectory_follower.lane_departure_checker_node]: waiting for route msg...
[component_container_mt-47] [WARN] [1785592635.469867795] [control.vehicle_cmd_gate]: Emergency!
[component_container-7] [WARN] [1785592635.535529205] [system.topic_state_monitor_control_command_control_cmd]: /control/command/control_cmd topic rate has dropped to the warning level. Set WARN in diagnostics.
[autoware_pose_initializer_node-26] [INFO] [1785592635.568428083] [localization.util.pose_initializer]: align server succeeded.
[autoware_pose_initializer_node-26] [INFO] [1785592635.569178120] [localization.util.pose_initializer]: EKF triggering service is available!
[autoware_pose_initializer_node-26] [INFO] [1785592635.571097415] [localization.util.pose_initializer]: EKF Activation succeeded
[autoware_pose_initializer_node-26] [INFO] [1785592635.571563265] [localization.util.pose_initializer]: NDT triggering service is available!
[autoware_pose_initializer_node-26] [INFO] [1785592635.574574880] [localization.util.pose_initializer]: NDT Activation succeeded
[component_container_mt-1] [WARN] [1785592636.019342144] [sensing.lidar.concatenate_data]: transformed_raw_points[/sensing/lidar/right/pointcloud_before_sync] is nullptr, skipping pointcloud publish.
[component_container_mt-1] [WARN] [1785592636.019416529] [sensing.lidar.concatenate_data]: transformed_raw_points[/sensing/lidar/left/pointcloud_before_sync] is nullptr, skipping pointcloud publish.
[logging_node-14] [WARN] [1785592636.067240073] [logging_diag_graph]: The target mode is not available for the following reasons:
[logging_node-14] - /autoware/modes/autonomous ERROR
[logging_node-14]     - /autoware/map ERROR
[logging_node-14]         - /autoware/map/topic_rate_check/vector_map ERROR
[logging_node-14]         - /autoware/map/topic_rate_check/pointcloud_map ERROR
[logging_node-14]     - /autoware/localization ERROR
[logging_node-14]         - /autoware/localization/state ERROR
[logging_node-14]         - [anonymous group] ERROR
[logging_node-14]             - /autoware/localization/topic_rate_check/transform ERROR
[logging_node-14]             - /autoware/localization/topic_rate_check/pose_twist_fusion WARN 
[logging_node-14]             - /autoware/localization/scan_matching_status WARN 
[logging_node-14]             - /autoware/localization/accuracy ERROR
[logging_node-14]             - /autoware/localization/sensor_fusion_status ERROR
[logging_node-14]     - /autoware/planning ERROR
[logging_node-14]         - /autoware/planning/routing/state ERROR
[logging_node-14]         - [anonymous group] ERROR
[logging_node-14]             - /autoware/planning/topic_rate_check/route ERROR
[logging_node-14]             - /autoware/planning/topic_rate_check/trajectory ERROR
[logging_node-14]     - /autoware/perception ERROR
[logging_node-14]         - /autoware/perception/topic_rate_check/objects ERROR
[logging_node-14]         - /autoware/perception/topic_rate_check/pointcloud ERROR
[logging_node-14]     - /autoware/control ERROR
[logging_node-14]         - /autoware/control/topic_rate_check/trajectory_follower ERROR
[logging_node-14]         - /autoware/control/topic_rate_check/control_command WARN 
[logging_node-14] 
[component_container_mt-40] [INFO] [1785592636.374848925] [planning.scenario_planning.lane_driving.behavior_planning.behavior_path_planner]: waiting for scenario_topic
[INFO] [launch_ros.actions.load_composable_nodes]: Loaded node '/adapi/node/operation_mode' in container '/adapi/container'
[component_container_mt-47] [WARN] [1785592636.491671393] [control.vehicle_cmd_gate]: Emergency!
[INFO] [launch_ros.actions.load_composable_nodes]: Loaded node '/adapi/node/perception' in container '/adapi/container'
[component_container_mt-1] [WARN] [1785592637.124315909] [sensing.lidar.concatenate_data]: transformed_raw_points[/sensing/lidar/right/pointcloud_before_sync] is nullptr, skipping pointcloud publish.
[component_container_mt-1] [WARN] [1785592637.124381427] [sensing.lidar.concatenate_data]: transformed_raw_points[/sensing/lidar/left/pointcloud_before_sync] is nullptr, skipping pointcloud publish.
[component_container-7] [INFO] [1785592637.379685615] [system.topic_state_monitor_traffic_light_recognition_traffic_signals]: /perception/traffic_light_recognition/traffic_signals has not received. Set ERROR in diagnostics.
[component_container_mt-47] [WARN] [1785592637.507125982] [control.vehicle_cmd_gate]: system_emergency heartbeat is timeout.
[component_container_mt-47] [WARN] [1785592637.620036485] [control.vehicle_cmd_gate]: Emergency!
[INFO] [launch_ros.actions.load_composable_nodes]: Loaded node '/adapi/node/planning' in container '/adapi/container'
[component_container_mt-48] [INFO] [1785592638.071823927] [control.control_validator]: waiting for /planning/trajectory
[component_container_mt-1] [WARN] [1785592638.119492890] [sensing.lidar.concatenate_data]: transformed_raw_points[/sensing/lidar/right/pointcloud_before_sync] is nullptr, skipping pointcloud publish.
[component_container_mt-1] [WARN] [1785592638.119584460] [sensing.lidar.concatenate_data]: transformed_raw_points[/sensing/lidar/left/pointcloud_before_sync] is nullptr, skipping pointcloud publish.
[component_container-7] [WARN] [1785592638.570667611] [system.topic_state_monitor_control_command_control_cmd]: /control/command/control_cmd topic rate has dropped to the warning level. Set WARN in diagnostics.
[component_container_mt-47] [WARN] [1785592638.617663906] [control.vehicle_cmd_gate]: Emergency!
[component_container_mt-47] [INFO] [1785592638.986180706] [control.trajectory_follower.controller_node_exe]: Waiting for trajectory data
[component_container_mt-47] [INFO] [1785592638.986244117] [control.trajectory_follower.controller_node_exe]: Control is skipped since input data is not ready.
[logging_node-14] [WARN] [1785592639.067913432] [logging_diag_graph]: The target mode is not available for the following reasons:
[logging_node-14] - /autoware/modes/autonomous ERROR
[logging_node-14]     - /autoware/map ERROR
[logging_node-14]         - /autoware/map/topic_rate_check/vector_map ERROR
[logging_node-14]         - /autoware/map/topic_rate_check/pointcloud_map ERROR
[logging_node-14]     - /autoware/localization ERROR
[logging_node-14]         - [anonymous group] ERROR
[logging_node-14]             - /autoware/localization/topic_rate_check/transform ERROR
[logging_node-14]             - /autoware/localization/scan_matching_status STALE
[logging_node-14]             - /autoware/localization/accuracy ERROR
[logging_node-14]             - /autoware/localization/sensor_fusion_status ERROR
[logging_node-14]     - /autoware/planning ERROR
[logging_node-14]         - /autoware/planning/routing/state ERROR
[logging_node-14]         - [anonymous group] ERROR
[logging_node-14]             - /autoware/planning/topic_rate_check/route ERROR
[logging_node-14]             - /autoware/planning/topic_rate_check/trajectory ERROR
[logging_node-14]     - /autoware/perception ERROR
[logging_node-14]         - /autoware/perception/topic_rate_check/objects ERROR
[logging_node-14]         - /autoware/perception/topic_rate_check/pointcloud ERROR
[logging_node-14]     - /autoware/control ERROR
[logging_node-14]         - /autoware/control/topic_rate_check/trajectory_follower ERROR
[logging_node-14] 
[component_container_mt-47] [WARN] [1785592639.718449336] [control.vehicle_cmd_gate]: Emergency!
[autoware_ekf_localizer_node-28] [WARN] [1785592639.719690938] [localization.pose_twist_fusion_filter.ekf_localizer]: EKF period may be too slow to finish pose smoothing!! (0.1000 sec)
[component_container_mt-48] [INFO] [1785592640.023700851] [control.autonomous_emergency_braking]: [AEB] waiting for object pointcloud message
[autoware_scenario_selector_node-36] [INFO] [1785592640.167826217] [planning.scenario_planning.scenario_selector]: Waiting for route.
[component_container-18] [WARN] [1785592640.329644144] [sensing.lidar.top.crop_box_filter_self]: Invalid PointCloud: is_dense is false. The point cloud should be organized (dense) and contain only valid points. This will be an ERROR starting in 2026 JulyFrame: 'velodyne_top', Stamp: 37.973952557
[component_container_mt-1] [WARN] [1785592640.335807886] [localization.util.crop_box_filter_measurement_range]: Invalid PointCloud: row_step mismatch. Expected: 99072 (width 6192 * point_step 16), Got: 0. Frame: 'base_link', Stamp: 37.973952557 Please fill in the `cloud->row_step` field accordingly. This will be an ERROR starting in 2026 July
[component_container-7] [INFO] [1785592640.430881206] [system.topic_state_monitor_traffic_light_recognition_traffic_signals]: /perception/traffic_light_recognition/traffic_signals has not received. Set ERROR in diagnostics.
[component_container-18] [WARN] [1785592640.432926979] [sensing.lidar.top.distortion_corrector_node]: Twist time_stamp is too late. Could not interpolate.
[component_container_mt-48] [INFO] [1785592640.447528198] [control.trajectory_follower.lane_departure_checker_node]: waiting for route msg...
[component_container_mt-1] [WARN] [1785592640.518496239] [sensing.lidar.concatenate_data]: transformed_raw_points[/sensing/lidar/right/pointcloud_before_sync] is nullptr, skipping pointcloud publish.
[component_container_mt-1] [WARN] [1785592640.518575877] [sensing.lidar.concatenate_data]: transformed_raw_points[/sensing/lidar/left/pointcloud_before_sync] is nullptr, skipping pointcloud publish.
[component_container_mt-1] [WARN] [1785592640.618073294] [sensing.lidar.concatenate_data]: transformed_raw_points[/sensing/lidar/right/pointcloud_before_sync] is nullptr, skipping pointcloud publish.
[component_container_mt-1] [WARN] [1785592640.618130854] [sensing.lidar.concatenate_data]: transformed_raw_points[/sensing/lidar/left/pointcloud_before_sync] is nullptr, skipping pointcloud publish.
[component_container_mt-1] [WARN] [1785592640.917452546] [sensing.lidar.concatenate_data]: transformed_raw_points[/sensing/lidar/right/pointcloud_before_sync] is nullptr, skipping pointcloud publish.
[component_container_mt-1] [WARN] [1785592640.917608510] [sensing.lidar.concatenate_data]: transformed_raw_points[/sensing/lidar/left/pointcloud_before_sync] is nullptr, skipping pointcloud publish.
[component_container-7] [WARN] [1785592641.568977866] [system.topic_state_monitor_control_command_control_cmd]: /control/command/control_cmd topic is timeout. Set ERROR in diagnostics.
[component_container_mt-40] [INFO] [1785592641.619201122] [planning.scenario_planning.lane_driving.behavior_planning.behavior_path_planner]: waiting for scenario_topic
[autoware_ekf_localizer_node-28] [WARN] [1785592641.717316970] [localization.pose_twist_fusion_filter.ekf_localizer]: EKF period may be too slow to finish pose smoothing!! (0.1000 sec)
[component_container_mt-47] [WARN] [1785592641.779483994] [control.vehicle_cmd_gate]: Emergency!
[logging_node-14] [WARN] [1785592642.172722877] [logging_diag_graph]: The target mode is not available for the following reasons:
[logging_node-14] - /autoware/modes/autonomous ERROR
[logging_node-14]     - /autoware/map ERROR
[logging_node-14]         - /autoware/map/topic_rate_check/vector_map ERROR
[logging_node-14]         - /autoware/map/topic_rate_check/pointcloud_map ERROR
[logging_node-14]     - /autoware/localization ERROR
[logging_node-14]         - [anonymous group] ERROR
[logging_node-14]             - /autoware/localization/topic_rate_check/transform ERROR
[logging_node-14]             - /autoware/localization/accuracy ERROR
[logging_node-14]             - /autoware/localization/sensor_fusion_status ERROR
[logging_node-14]     - /autoware/planning ERROR
[logging_node-14]         - /autoware/planning/routing/state ERROR
[logging_node-14]         - [anonymous group] ERROR
[logging_node-14]             - /autoware/planning/topic_rate_check/route ERROR
[logging_node-14]             - /autoware/planning/topic_rate_check/trajectory ERROR
[logging_node-14]     - /autoware/control ERROR
[logging_node-14]         - /autoware/control/topic_rate_check/trajectory_follower ERROR
[logging_node-14]         - /autoware/control/topic_rate_check/control_command WARN 
[logging_node-14] 
[component_container_mt-1] [WARN] [1785592642.223440789] [sensing.lidar.concatenate_data]: transformed_raw_points[/sensing/lidar/right/pointcloud_before_sync] is nullptr, skipping pointcloud publish.
[component_container_mt-1] [WARN] [1785592642.223511588] [sensing.lidar.concatenate_data]: transformed_raw_points[/sensing/lidar/left/pointcloud_before_sync] is nullptr, skipping pointcloud publish.
[INFO] [launch_ros.actions.load_composable_nodes]: Loaded node '/adapi/node/vehicle_status' in container '/adapi/container'
[INFO] [launch_ros.actions.load_composable_nodes]: Loaded node '/adapi/node/vehicle_command' in container '/adapi/container'
[component_container_mt-47] [WARN] [1785592642.843275968] [control.vehicle_cmd_gate]: Emergency!
[INFO] [launch_ros.actions.load_composable_nodes]: Loaded node '/adapi/node/vehicle_metrics' in container '/adapi/container'
[component_container_mt-47] [WARN] [1785592643.017631406] [control.vehicle_cmd_gate]: system_emergency heartbeat is timeout.
[component_container_mt-48] [INFO] [1785592643.080290360] [control.control_validator]: waiting for /planning/trajectory
[component_container-7] [INFO] [1785592643.571299837] [system.topic_state_monitor_scenario_planning_trajectory]: /planning/trajectory has not received. Set ERROR in diagnostics.
[component_container_mt-1] [WARN] [1785592643.774510551] [sensing.lidar.concatenate_data]: transformed_raw_points[/sensing/lidar/right/pointcloud_before_sync] is nullptr, skipping pointcloud publish.
[autoware_ekf_localizer_node-28] [WARN] [1785592643.774834577] [localization.pose_twist_fusion_filter.ekf_localizer]: EKF period may be too slow to finish pose smoothing!! (0.1000 sec)
[component_container_mt-1] [WARN] [1785592643.775977170] [sensing.lidar.concatenate_data]: transformed_raw_points[/sensing/lidar/left/pointcloud_before_sync] is nullptr, skipping pointcloud publish.
[autoware_ndt_scan_matcher_node-24] [INFO] [1785592643.783856522] [localization.pose_estimator.ndt_scan_matcher]: pose_buffer_.size() < 2
[component_container_mt-47] [WARN] [1785592643.821691203] [control.vehicle_cmd_gate]: Emergency!
[component_container_mt-1] [WARN] [1785592643.925148559] [sensing.lidar.concatenate_data]: transformed_raw_points[/sensing/lidar/right/pointcloud_before_sync] is nullptr, skipping pointcloud publish.
[component_container_mt-1] [WARN] [1785592643.925229332] [sensing.lidar.concatenate_data]: transformed_raw_points[/sensing/lidar/left/pointcloud_before_sync] is nullptr, skipping pointcloud publish.
[autoware_ndt_scan_matcher_node-24] [INFO] [1785592643.950091335] [localization.pose_estimator.ndt_scan_matcher]: Mismatch between pose timestamp and current timestamp
[component_container_mt-47] [INFO] [1785592643.980833123] [control.trajectory_follower.controller_node_exe]: Waiting for trajectory data
[component_container_mt-47] [INFO] [1785592643.980898734] [control.trajectory_follower.controller_node_exe]: Control is skipped since input data is not ready.
[component_container-7] [WARN] [1785592644.579710224] [system.topic_state_monitor_traffic_light_recognition_traffic_signals]: /perception/traffic_light_recognition/traffic_signals topic rate has dropped to the warning level. Set WARN in diagnostics.
[component_container_mt-47] [WARN] [1785592644.821375238] [control.vehicle_cmd_gate]: Emergency!
[component_container_mt-1] [WARN] [1785592645.118363519] [sensing.lidar.concatenate_data]: transformed_raw_points[/sensing/lidar/right/pointcloud_before_sync] is nullptr, skipping pointcloud publish.
[component_container_mt-1] [WARN] [1785592645.118751277] [sensing.lidar.concatenate_data]: transformed_raw_points[/sensing/lidar/left/pointcloud_before_sync] is nullptr, skipping pointcloud publish.
[logging_node-14] [WARN] [1785592645.167205788] [logging_diag_graph]: The target mode is not available for the following reasons:
[logging_node-14] - /autoware/modes/autonomous ERROR
[logging_node-14]     - /autoware/map ERROR
[logging_node-14]         - /autoware/map/topic_rate_check/vector_map ERROR
[logging_node-14]         - /autoware/map/topic_rate_check/pointcloud_map ERROR
[logging_node-14]     - /autoware/localization ERROR
[logging_node-14]         - [anonymous group] ERROR
[logging_node-14]             - /autoware/localization/topic_rate_check/transform ERROR
[logging_node-14]             - /autoware/localization/sensor_fusion_status ERROR
[logging_node-14]     - /autoware/planning ERROR
[logging_node-14]         - /autoware/planning/routing/state ERROR
[logging_node-14]         - [anonymous group] ERROR
[logging_node-14]             - /autoware/planning/topic_rate_check/route ERROR
[logging_node-14]             - /autoware/planning/topic_rate_check/trajectory ERROR
[logging_node-14]     - /autoware/perception WARN 
[logging_node-14]         - /autoware/perception/topic_rate_check/objects WARN 
[logging_node-14]         - /autoware/perception/topic_rate_check/pointcloud WARN 
[logging_node-14]     - /autoware/control ERROR
[logging_node-14]         - /autoware/control/topic_rate_check/trajectory_follower ERROR
[logging_node-14] 
[autoware_scenario_selector_node-36] [INFO] [1785592645.167254279] [planning.scenario_planning.scenario_selector]: Waiting for route.
[component_container_mt-48] [INFO] [1785592645.417531477] [control.trajectory_follower.lane_departure_checker_node]: waiting for route msg...
[component_container-18] [WARN] [1785592645.431193112] [sensing.lidar.top.crop_box_filter_self]: Invalid PointCloud: is_dense is false. The point cloud should be organized (dense) and contain only valid points. This will be an ERROR starting in 2026 JulyFrame: 'velodyne_top', Stamp: 43.073952633
[component_container_mt-1] [WARN] [1785592645.434361470] [localization.util.crop_box_filter_measurement_range]: Invalid PointCloud: row_step mismatch. Expected: 100912 (width 6307 * point_step 16), Got: 0. Frame: 'base_link', Stamp: 43.073952633 Please fill in the `cloud->row_step` field accordingly. This will be an ERROR starting in 2026 July
[component_container_mt-1] [WARN] [1785592645.568533713] [sensing.lidar.concatenate_data]: transformed_raw_points[/sensing/lidar/right/pointcloud_before_sync] is nullptr, skipping pointcloud publish.
[component_container_mt-1] [WARN] [1785592645.568594547] [sensing.lidar.concatenate_data]: transformed_raw_points[/sensing/lidar/left/pointcloud_before_sync] is nullptr, skipping pointcloud publish.
[autoware_ndt_scan_matcher_node-24] [INFO] [1785592645.571409687] [localization.pose_estimator.ndt_scan_matcher]: pose_buffer_.size() < 2
[component_container_mt-1] [WARN] [1785592645.718062705] [sensing.lidar.concatenate_data]: transformed_raw_points[/sensing/lidar/right/pointcloud_before_sync] is nullptr, skipping pointcloud publish.
[component_container_mt-1] [WARN] [1785592645.718133667] [sensing.lidar.concatenate_data]: transformed_raw_points[/sensing/lidar/left/pointcloud_before_sync] is nullptr, skipping pointcloud publish.
[component_container_mt-47] [WARN] [1785592645.848588507] [control.vehicle_cmd_gate]: Emergency!
[autoware_ekf_localizer_node-28] [WARN] [1785592645.917680989] [localization.pose_twist_fusion_filter.ekf_localizer]: EKF period may be too slow to finish pose smoothing!! (0.1000 sec)
[component_container-7] [INFO] [1785592646.528347267] [system.topic_state_monitor_mission_planning_route]: /planning/mission_planning/route has not received. Set ERROR in diagnostics.
[component_container_mt-47] [WARN] [1785592646.871375004] [control.vehicle_cmd_gate]: Emergency!
[component_container_mt-1] [WARN] [1785592646.917243508] [sensing.lidar.concatenate_data]: transformed_raw_points[/sensing/lidar/right/pointcloud_before_sync] is nullptr, skipping pointcloud publish.
[component_container_mt-1] [WARN] [1785592646.917350224] [sensing.lidar.concatenate_data]: transformed_raw_points[/sensing/lidar/left/pointcloud_before_sync] is nullptr, skipping pointcloud publish.
[component_container_mt-40] [INFO] [1785592646.917636601] [planning.scenario_planning.lane_driving.behavior_planning.behavior_path_planner]: waiting for scenario_topic
[component_container_mt-48] [INFO] [1785592647.318663719] [control.autonomous_emergency_braking]: [AEB] waiting for imu message
[component_container_mt-48] [INFO] [1785592647.318764346] [control.autonomous_emergency_braking]: [AEB] waiting for control predicted trajectory
[component_container_mt-48] [INFO] [1785592647.318836032] [control.autonomous_emergency_braking]: [AEB] At least one path (IMU or predicted trajectory) is required for operation
[component_container_mt-1] [WARN] [1785592647.517608962] [sensing.lidar.concatenate_data]: transformed_raw_points[/sensing/lidar/right/pointcloud_before_sync] is nullptr, skipping pointcloud publish.
[component_container_mt-1] [WARN] [1785592647.517691154] [sensing.lidar.concatenate_data]: transformed_raw_points[/sensing/lidar/left/pointcloud_before_sync] is nullptr, skipping pointcloud publish.
[component_container-7] [WARN] [1785592647.619689015] [system.topic_state_monitor_traffic_light_recognition_traffic_signals]: /perception/traffic_light_recognition/traffic_signals topic rate has dropped to the warning level. Set WARN in diagnostics.
[component_container_mt-1] [WARN] [1785592647.718035630] [sensing.lidar.concatenate_data]: transformed_raw_points[/sensing/lidar/right/pointcloud_before_sync] is nullptr, skipping pointcloud publish.
[component_container_mt-1] [WARN] [1785592647.718106103] [sensing.lidar.concatenate_data]: transformed_raw_points[/sensing/lidar/left/pointcloud_before_sync] is nullptr, skipping pointcloud publish.
[component_container_mt-47] [WARN] [1785592647.970249406] [control.vehicle_cmd_gate]: Emergency!
[autoware_ekf_localizer_node-28] [WARN] [1785592648.017447664] [localization.pose_twist_fusion_filter.ekf_localizer]: EKF period may be too slow to finish pose smoothing!! (0.1000 sec)
[component_container_mt-1] [WARN] [1785592648.127387785] [sensing.lidar.concatenate_data]: transformed_raw_points[/sensing/lidar/right/pointcloud_before_sync] is nullptr, skipping pointcloud publish.
[component_container_mt-1] [WARN] [1785592648.127473541] [sensing.lidar.concatenate_data]: transformed_raw_points[/sensing/lidar/left/pointcloud_before_sync] is nullptr, skipping pointcloud publish.
[component_container_mt-48] [INFO] [1785592648.203480307] [control.control_validator]: waiting for /planning/trajectory
[component_container_mt-48] [WARN] [1785592648.267431215] [control.collision_detector]: waiting for operation mode info...
[INFO] [launch_ros.actions.load_composable_nodes]: Loaded node '/adapi/node/vehicle_info' in container '/adapi/container'
[logging_node-14] [WARN] [1785592648.472202562] [logging_diag_graph]: The target mode is not available for the following reasons:
[logging_node-14] - /autoware/modes/autonomous ERROR
[logging_node-14]     - /autoware/map ERROR
[logging_node-14]         - /autoware/map/topic_rate_check/vector_map ERROR
[logging_node-14]         - /autoware/map/topic_rate_check/pointcloud_map ERROR
[logging_node-14]     - /autoware/localization ERROR
[logging_node-14]         - [anonymous group] ERROR
[logging_node-14]             - /autoware/localization/topic_rate_check/transform ERROR
[logging_node-14]             - /autoware/localization/accuracy ERROR
[logging_node-14]             - /autoware/localization/sensor_fusion_status ERROR
[logging_node-14]     - /autoware/planning ERROR
[logging_node-14]         - /autoware/planning/routing/state STALE
[logging_node-14]         - [anonymous group] ERROR
[logging_node-14]             - /autoware/planning/topic_rate_check/route ERROR
[logging_node-14]             - /autoware/planning/topic_rate_check/trajectory ERROR
[logging_node-14]     - /autoware/perception WARN 
[logging_node-14]         - /autoware/perception/topic_rate_check/objects WARN 
[logging_node-14]         - /autoware/perception/topic_rate_check/pointcloud WARN 
[logging_node-14]     - /autoware/control ERROR
[logging_node-14]         - /autoware/control/topic_rate_check/trajectory_follower ERROR
[logging_node-14]         - /autoware/control/topic_rate_check/control_command WARN 
[logging_node-14]         - /autoware/control/performance_monitoring/control_state STALE
[logging_node-14]     - /adapi/mrm_request/delegate STALE
[logging_node-14] 
[INFO] [launch_ros.actions.load_composable_nodes]: Loaded node '/adapi/node/vehicle_door' in container '/adapi/container'
[component_container_mt-47] [INFO] [1785592649.118047444] [control.trajectory_follower.controller_node_exe]: Waiting for trajectory data
[component_container_mt-47] [INFO] [1785592649.118121456] [control.trajectory_follower.controller_node_exe]: Control is skipped since input data is not ready.
[component_container_mt-47] [WARN] [1785592649.132632948] [control.vehicle_cmd_gate]: Emergency!
[component_container_mt-47] [WARN] [1785592649.571293173] [control.vehicle_cmd_gate]: system_emergency heartbeat is timeout.
[component_container-7] [INFO] [1785592649.573002551] [system.topic_state_monitor_mission_planning_route]: /planning/mission_planning/route has not received. Set ERROR in diagnostics.
[autoware_scenario_selector_node-36] [INFO] [1785592650.167278150] [planning.scenario_planning.scenario_selector]: Waiting for route.
[component_container_mt-47] [WARN] [1785592650.193868699] [control.vehicle_cmd_gate]: Emergency!
[component_container_mt-48] [INFO] [1785592650.419165207] [control.trajectory_follower.lane_departure_checker_node]: waiting for route msg...
[autoware_ekf_localizer_node-28] [WARN] [1785592650.567679691] [localization.pose_twist_fusion_filter.ekf_localizer]: EKF period may be too slow to finish pose smoothing!! (0.1000 sec)
[component_container-7] [WARN] [1785592650.827767977] [system.topic_state_monitor_traffic_light_recognition_traffic_signals]: /perception/traffic_light_recognition/traffic_signals topic rate has dropped to the warning level. Set WARN in diagnostics.
[component_container_mt-47] [WARN] [1785592651.369071454] [control.vehicle_cmd_gate]: Emergency!
[logging_node-14] [WARN] [1785592651.467609557] [logging_diag_graph]: The target mode is not available for the following reasons:
[logging_node-14] - /autoware/modes/autonomous ERROR
[logging_node-14]     - /autoware/map ERROR
[logging_node-14]         - /autoware/map/topic_rate_check/vector_map ERROR
[logging_node-14]         - /autoware/map/topic_rate_check/pointcloud_map ERROR
[logging_node-14]     - /autoware/localization ERROR
[logging_node-14]         - [anonymous group] ERROR
[logging_node-14]             - /autoware/localization/topic_rate_check/transform ERROR
[logging_node-14]             - /autoware/localization/scan_matching_status STALE
[logging_node-14]             - /autoware/localization/accuracy ERROR
[logging_node-14]             - /autoware/localization/sensor_fusion_status ERROR
[logging_node-14]     - /autoware/planning ERROR
[logging_node-14]         - /autoware/planning/routing/state STALE
[logging_node-14]         - [anonymous group] ERROR
[logging_node-14]             - /autoware/planning/topic_rate_check/route ERROR
[logging_node-14]             - /autoware/planning/topic_rate_check/trajectory ERROR
[logging_node-14]     - /autoware/perception WARN 
[logging_node-14]         - /autoware/perception/topic_rate_check/objects WARN 
[logging_node-14]         - /autoware/perception/topic_rate_check/pointcloud WARN 
[logging_node-14]     - /autoware/control ERROR
[logging_node-14]         - /autoware/control/topic_rate_check/trajectory_follower ERROR
[logging_node-14]         - /autoware/control/topic_rate_check/control_command WARN 
[logging_node-14]         - /autoware/control/performance_monitoring/lane_departure STALE
[logging_node-14]     - /adapi/mrm_request/delegate STALE
[logging_node-14] 
[component_container-18] [WARN] [1785592651.851463041] [sensing.lidar.top.crop_box_filter_self]: Invalid PointCloud: is_dense is false. The point cloud should be organized (dense) and contain only valid points. This will be an ERROR starting in 2026 JulyFrame: 'velodyne_top', Stamp: 49.473952729
[component_container-18] [WARN] [1785592651.852437814] [sensing.lidar.top.distortion_corrector_node]: Twist time_stamp is too late. Could not interpolate.
[component_container_mt-1] [WARN] [1785592652.017902491] [sensing.lidar.concatenate_data]: transformed_raw_points[/sensing/lidar/right/pointcloud_before_sync] is nullptr, skipping pointcloud publish.
[component_container_mt-1] [WARN] [1785592652.017983621] [sensing.lidar.concatenate_data]: transformed_raw_points[/sensing/lidar/left/pointcloud_before_sync] is nullptr, skipping pointcloud publish.
[component_container_mt-48] [INFO] [1785592652.418191591] [control.autonomous_emergency_braking]: [AEB] waiting for imu message
[component_container_mt-48] [INFO] [1785592652.418249261] [control.autonomous_emergency_braking]: [AEB] waiting for control predicted trajectory
[component_container_mt-48] [INFO] [1785592652.418255139] [control.autonomous_emergency_braking]: [AEB] At least one path (IMU or predicted trajectory) is required for operation
[component_container-7] [INFO] [1785592652.569624539] [system.topic_state_monitor_mission_planning_route]: /planning/mission_planning/route has not received. Set ERROR in diagnostics.
[component_container_mt-47] [WARN] [1785592652.622651037] [control.vehicle_cmd_gate]: Emergency!
[autoware_ekf_localizer_node-28] [WARN] [1785592652.917449337] [localization.pose_twist_fusion_filter.ekf_localizer]: EKF period may be too slow to finish pose smoothing!! (0.1000 sec)
[component_container_mt-1] [WARN] [1785592653.143413526] [localization.util.crop_box_filter_measurement_range]: Invalid PointCloud: row_step mismatch. Expected: 98016 (width 6126 * point_step 16), Got: 0. Frame: 'base_link', Stamp: 50.773952748 Please fill in the `cloud->row_step` field accordingly. This will be an ERROR starting in 2026 July
[autoware_ndt_scan_matcher_node-24] [INFO] [1785592653.239002614] [localization.pose_estimator.ndt_scan_matcher]: pose_buffer_.size() < 2
[component_container_mt-40] [INFO] [1785592653.292513414] [planning.scenario_planning.lane_driving.behavior_planning.behavior_path_planner]: waiting for scenario_topic
[component_container_mt-1] [WARN] [1785592653.318030205] [sensing.lidar.concatenate_data]: transformed_raw_points[/sensing/lidar/right/pointcloud_before_sync] is nullptr, skipping pointcloud publish.
[component_container_mt-1] [WARN] [1785592653.318095385] [sensing.lidar.concatenate_data]: transformed_raw_points[/sensing/lidar/left/pointcloud_before_sync] is nullptr, skipping pointcloud publish.
[autoware_ndt_scan_matcher_node-24] [INFO] [1785592653.319063971] [localization.pose_estimator.ndt_scan_matcher]: Mismatch between pose timestamp and current timestamp
[component_container_mt-48] [WARN] [1785592653.418730435] [control.collision_detector]: waiting for operation mode info...
[component_container_mt-1] [WARN] [1785592653.419021061] [sensing.lidar.concatenate_data]: transformed_raw_points[/sensing/lidar/right/pointcloud_before_sync] is nullptr, skipping pointcloud publish.
[component_container_mt-1] [WARN] [1785592653.419084252] [sensing.lidar.concatenate_data]: transformed_raw_points[/sensing/lidar/left/pointcloud_before_sync] is nullptr, skipping pointcloud publish.
[component_container_mt-48] [INFO] [1785592653.419778435] [control.control_validator]: waiting for /planning/trajectory
[component_container_mt-47] [WARN] [1785592653.633213648] [control.vehicle_cmd_gate]: Emergency!
[component_container-7] [WARN] [1785592653.924840658] [system.topic_state_monitor_traffic_light_recognition_traffic_signals]: /perception/traffic_light_recognition/traffic_signals topic rate has dropped to the warning level. Set WARN in diagnostics.
[component_container_mt-47] [INFO] [1785592654.167388251] [control.trajectory_follower.controller_node_exe]: Waiting for trajectory data
[component_container_mt-47] [INFO] [1785592654.167445371] [control.trajectory_follower.controller_node_exe]: Control is skipped since input data is not ready.
[autoware_mrm_handler_node-13] [WARN] [1785592654.368009760] [system.mrm_handler]: no mrm operation available: operate emergency_stop
[component_container_mt-1] [WARN] [1785592654.467216358] [sensing.lidar.concatenate_data]: transformed_raw_points[/sensing/lidar/right/pointcloud_before_sync] is nullptr, skipping pointcloud publish.
[component_container_mt-1] [WARN] [1785592654.467294547] [sensing.lidar.concatenate_data]: transformed_raw_points[/sensing/lidar/left/pointcloud_before_sync] is nullptr, skipping pointcloud publish.
[logging_node-14] [WARN] [1785592654.468130939] [logging_diag_graph]: The target mode is not available for the following reasons:
[logging_node-14] - /autoware/modes/autonomous ERROR
[logging_node-14]     - /autoware/map ERROR
[logging_node-14]         - /autoware/map/topic_rate_check/vector_map ERROR
[logging_node-14]         - /autoware/map/topic_rate_check/pointcloud_map ERROR
[logging_node-14]     - /autoware/localization ERROR
[logging_node-14]         - [anonymous group] ERROR
[logging_node-14]             - /autoware/localization/topic_rate_check/transform ERROR
[logging_node-14]             - /autoware/localization/topic_rate_check/pose_twist_fusion WARN 
[logging_node-14]             - /autoware/localization/scan_matching_status STALE
[logging_node-14]             - /autoware/localization/accuracy ERROR
[logging_node-14]             - /autoware/localization/sensor_fusion_status ERROR
[logging_node-14]     - /autoware/planning ERROR
[logging_node-14]         - /autoware/planning/routing/state STALE
[logging_node-14]         - [anonymous group] ERROR
[logging_node-14]             - /autoware/planning/topic_rate_check/route ERROR
[logging_node-14]             - /autoware/planning/topic_rate_check/trajectory ERROR
[logging_node-14]     - /autoware/perception WARN 
[logging_node-14]         - /autoware/perception/topic_rate_check/objects WARN 
[logging_node-14]         - /autoware/perception/topic_rate_check/pointcloud WARN 
[logging_node-14]     - /autoware/control ERROR
[logging_node-14]         - /autoware/control/topic_rate_check/trajectory_follower ERROR
[logging_node-14]         - /autoware/control/topic_rate_check/control_command WARN 
[logging_node-14]     - /autoware/vehicle WARN 
[logging_node-14]         - /autoware/vehicle/topic_rate_check/velocity WARN 
[logging_node-14]         - /autoware/vehicle/topic_rate_check/steering WARN 
[logging_node-14]     - /adapi/mrm_request/delegate STALE
[logging_node-14] 
[autoware_mrm_handler_node-13] [WARN] [1785592654.469403628] [system.mrm_handler]: no mrm operation available: operate emergency_stop
[autoware_ndt_scan_matcher_node-24] [INFO] [1785592654.472610499] [localization.pose_estimator.ndt_scan_matcher]: Mismatch between pose timestamp and current timestamp
[component_container_mt-1] [WARN] [1785592654.567418943] [sensing.lidar.concatenate_data]: transformed_raw_points[/sensing/lidar/right/pointcloud_before_sync] is nullptr, skipping pointcloud publish.
[component_container_mt-1] [WARN] [1785592654.567492754] [sensing.lidar.concatenate_data]: transformed_raw_points[/sensing/lidar/left/pointcloud_before_sync] is nullptr, skipping pointcloud publish.
[component_container_mt-47] [WARN] [1785592654.733172196] [control.vehicle_cmd_gate]: Emergency!
[autoware_ekf_localizer_node-28] [WARN] [1785592655.017373858] [localization.pose_twist_fusion_filter.ekf_localizer]: EKF period may be too slow to finish pose smoothing!! (0.1000 sec)
[autoware_scenario_selector_node-36] [INFO] [1785592655.168201725] [planning.scenario_planning.scenario_selector]: Waiting for route.
[component_container_mt-48] [INFO] [1785592655.419450796] [control.trajectory_follower.lane_departure_checker_node]: waiting for route msg...
[component_container-7] [INFO] [1785592655.578116380] [system.topic_state_monitor_mission_planning_route]: /planning/mission_planning/route has not received. Set ERROR in diagnostics.
[component_container_mt-47] [WARN] [1785592655.770774952] [control.vehicle_cmd_gate]: Emergency!
[component_container_mt-1] [WARN] [1785592655.867621551] [sensing.lidar.concatenate_data]: transformed_raw_points[/sensing/lidar/right/pointcloud_before_sync] is nullptr, skipping pointcloud publish.
[component_container_mt-1] [WARN] [1785592655.870446831] [sensing.lidar.concatenate_data]: transformed_raw_points[/sensing/lidar/left/pointcloud_before_sync] is nullptr, skipping pointcloud publish.
[component_container_mt-47] [WARN] [1785592656.468449994] [control.vehicle_cmd_gate]: system_emergency heartbeat is timeout.
[component_container_mt-1] [WARN] [1785592656.667639436] [sensing.lidar.concatenate_data]: transformed_raw_points[/sensing/lidar/right/pointcloud_before_sync] is nullptr, skipping pointcloud publish.
[component_container_mt-1] [WARN] [1785592656.667707003] [sensing.lidar.concatenate_data]: transformed_raw_points[/sensing/lidar/left/pointcloud_before_sync] is nullptr, skipping pointcloud publish.
[component_container_mt-47] [WARN] [1785592656.877530519] [control.vehicle_cmd_gate]: Emergency!
[component_container-7] [WARN] [1785592656.970495817] [system.topic_state_monitor_control_command_control_cmd]: /control/command/control_cmd topic is timeout. Set ERROR in diagnostics.
[component_container-18] [WARN] [1785592657.181204282] [sensing.lidar.top.crop_box_filter_self]: Invalid PointCloud: is_dense is false. The point cloud should be organized (dense) and contain only valid points. This will be an ERROR starting in 2026 JulyFrame: 'velodyne_top', Stamp: 54.823952808
[autoware_ekf_localizer_node-28] [WARN] [1785592657.268363265] [localization.pose_twist_fusion_filter.ekf_localizer]: EKF period may be too slow to finish pose smoothing!! (0.1000 sec)
[component_container_mt-1] [WARN] [1785592657.368787162] [sensing.lidar.concatenate_data]: transformed_raw_points[/sensing/lidar/right/pointcloud_before_sync] is nullptr, skipping pointcloud publish.
[component_container_mt-1] [WARN] [1785592657.368851910] [sensing.lidar.concatenate_data]: transformed_raw_points[/sensing/lidar/left/pointcloud_before_sync] is nullptr, skipping pointcloud publish.
[autoware_ndt_scan_matcher_node-24] [WARN] [1785592657.377726774] [localization.pose_estimator.ndt_scan_matcher]: Score is below the threshold. Score: 1.95248, Threshold: 2.3
[component_container_mt-48] [INFO] [1785592657.428800971] [control.autonomous_emergency_braking]: [AEB] waiting for imu message
[component_container_mt-48] [INFO] [1785592657.428872723] [control.autonomous_emergency_braking]: [AEB] waiting for control predicted trajectory
[component_container_mt-48] [INFO] [1785592657.428879564] [control.autonomous_emergency_braking]: [AEB] At least one path (IMU or predicted trajectory) is required for operation
[logging_node-14] [WARN] [1785592657.467707214] [logging_diag_graph]: The target mode is not available for the following reasons:
[logging_node-14] - /autoware/modes/autonomous ERROR
[logging_node-14]     - /autoware/map ERROR
[logging_node-14]         - /autoware/map/topic_rate_check/vector_map ERROR
[logging_node-14]         - /autoware/map/topic_rate_check/pointcloud_map ERROR
[logging_node-14]     - /autoware/localization ERROR
[logging_node-14]         - [anonymous group] ERROR
[logging_node-14]             - /autoware/localization/topic_rate_check/transform ERROR
[logging_node-14]             - /autoware/localization/accuracy ERROR
[logging_node-14]             - /autoware/localization/sensor_fusion_status ERROR
[logging_node-14]     - /autoware/planning ERROR
[logging_node-14]         - /autoware/planning/routing/state STALE
[logging_node-14]         - [anonymous group] ERROR
[logging_node-14]             - /autoware/planning/topic_rate_check/route ERROR
[logging_node-14]             - /autoware/planning/topic_rate_check/trajectory ERROR
[logging_node-14]     - /autoware/perception WARN 
[logging_node-14]         - /autoware/perception/topic_rate_check/objects WARN 
[logging_node-14]         - /autoware/perception/topic_rate_check/pointcloud WARN 
[logging_node-14]     - /autoware/control ERROR
[logging_node-14]         - /autoware/control/topic_rate_check/trajectory_follower ERROR
[logging_node-14]         - /autoware/control/topic_rate_check/control_command ERROR
[logging_node-14]     - /adapi/mrm_request/delegate STALE
[logging_node-14] 
[component_container_mt-1] [WARN] [1785592657.668621074] [sensing.lidar.concatenate_data]: transformed_raw_points[/sensing/lidar/right/pointcloud_before_sync] is nullptr, skipping pointcloud publish.
[component_container_mt-1] [WARN] [1785592657.668681766] [sensing.lidar.concatenate_data]: transformed_raw_points[/sensing/lidar/left/pointcloud_before_sync] is nullptr, skipping pointcloud publish.
[component_container_mt-47] [WARN] [1785592657.869742464] [control.vehicle_cmd_gate]: Emergency!
[component_container_mt-1] [WARN] [1785592658.187302477] [localization.util.crop_box_filter_measurement_range]: Invalid PointCloud: row_step mismatch. Expected: 99824 (width 6239 * point_step 16), Got: 0. Frame: 'base_link', Stamp: 55.823952823 Please fill in the `cloud->row_step` field accordingly. This will be an ERROR starting in 2026 July
[component_container_mt-1] [WARN] [1785592658.368379151] [sensing.lidar.concatenate_data]: transformed_raw_points[/sensing/lidar/right/pointcloud_before_sync] is nullptr, skipping pointcloud publish.
[component_container_mt-1] [WARN] [1785592658.368456148] [sensing.lidar.concatenate_data]: transformed_raw_points[/sensing/lidar/left/pointcloud_before_sync] is nullptr, skipping pointcloud publish.
[autoware_ndt_scan_matcher_node-24] [WARN] [1785592658.377589833] [localization.pose_estimator.ndt_scan_matcher]: Score is below the threshold. Score: 1.9471, Threshold: 2.3
[autoware_mrm_handler_node-13] [WARN] [1785592658.468058362] [system.mrm_handler]: no mrm operation available: operate emergency_stop
[component_container_mt-48] [WARN] [1785592658.518944454] [control.collision_detector]: waiting for operation mode info...
[autoware_mrm_handler_node-13] [WARN] [1785592658.567363363] [system.mrm_handler]: no mrm operation available: operate emergency_stop
[component_container_mt-40] [INFO] [1785592658.617982988] [planning.scenario_planning.lane_driving.behavior_planning.behavior_path_planner]: waiting for scenario_topic
[autoware_mrm_handler_node-13] [WARN] [1785592658.667828541] [system.mrm_handler]: no mrm operation available: operate emergency_stop
[component_container-7] [INFO] [1785592658.677461499] [system.topic_state_monitor_mission_planning_route]: /planning/mission_planning/route has not received. Set ERROR in diagnostics.
[component_container_mt-48] [INFO] [1785592658.720897001] [control.control_validator]: waiting for /planning/trajectory
[autoware_mrm_handler_node-13] [WARN] [1785592658.767690386] [system.mrm_handler]: no mrm operation available: operate emergency_stop
[autoware_ndt_scan_matcher_node-24] [INFO] [1785592658.774526374] [localization.pose_estimator.ndt_scan_matcher]: Mismatch between pose timestamp and current timestamp
[component_container_mt-1] [WARN] [1785592658.775030468] [sensing.lidar.concatenate_data]: transformed_raw_points[/sensing/lidar/right/pointcloud_before_sync] is nullptr, skipping pointcloud publish.
[component_container_mt-1] [WARN] [1785592658.775144766] [sensing.lidar.concatenate_data]: transformed_raw_points[/sensing/lidar/left/pointcloud_before_sync] is nullptr, skipping pointcloud publish.
[autoware_mrm_handler_node-13] [WARN] [1785592658.868087041] [system.mrm_handler]: no mrm operation available: operate emergency_stop
[component_container_mt-1] [WARN] [1785592658.868582823] [sensing.lidar.concatenate_data]: transformed_raw_points[/sensing/lidar/right/pointcloud_before_sync] is nullptr, skipping pointcloud publish.
[component_container_mt-1] [WARN] [1785592658.868653196] [sensing.lidar.concatenate_data]: transformed_raw_points[/sensing/lidar/left/pointcloud_before_sync] is nullptr, skipping pointcloud publish.
[autoware_mrm_handler_node-13] [WARN] [1785592658.967643219] [system.mrm_handler]: no mrm operation available: operate emergency_stop
[autoware_mrm_handler_node-13] [WARN] [1785592659.067001521] [system.mrm_handler]: no mrm operation available: operate emergency_stop
[component_container_mt-47] [INFO] [1785592659.167966753] [control.trajectory_follower.controller_node_exe]: Waiting for trajectory data
[component_container_mt-47] [INFO] [1785592659.168018256] [control.trajectory_follower.controller_node_exe]: Control is skipped since input data is not ready.
[autoware_mrm_handler_node-13] [WARN] [1785592659.169932713] [system.mrm_handler]: no mrm operation available: operate emergency_stop
[component_container_mt-47] [WARN] [1785592659.217701744] [control.vehicle_cmd_gate]: Emergency!
[autoware_mrm_handler_node-13] [WARN] [1785592659.267252831] [system.mrm_handler]: no mrm operation available: operate emergency_stop
[autoware_ekf_localizer_node-28] [WARN] [1785592659.567525298] [localization.pose_twist_fusion_filter.ekf_localizer]: EKF period may be too slow to finish pose smoothing!! (0.1000 sec)
[component_container_mt-1] [WARN] [1785592659.768584810] [sensing.lidar.concatenate_data]: transformed_raw_points[/sensing/lidar/right/pointcloud_before_sync] is nullptr, skipping pointcloud publish.
[component_container_mt-1] [WARN] [1785592659.768646164] [sensing.lidar.concatenate_data]: transformed_raw_points[/sensing/lidar/left/pointcloud_before_sync] is nullptr, skipping pointcloud publish.
[autoware_scenario_selector_node-36] [INFO] [1785592660.167384867] [planning.scenario_planning.scenario_selector]: Waiting for route.
[component_container_mt-47] [WARN] [1785592660.231173217] [control.vehicle_cmd_gate]: Emergency!
[component_container-7] [WARN] [1785592660.340537394] [system.topic_state_monitor_traffic_light_recognition_traffic_signals]: /perception/traffic_light_recognition/traffic_signals topic rate has dropped to the warning level. Set WARN in diagnostics.
[logging_node-14] [WARN] [1785592660.467222583] [logging_diag_graph]: The target mode is not available for the following reasons:
[logging_node-14] - /autoware/modes/autonomous ERROR
[logging_node-14]     - /autoware/map ERROR
[logging_node-14]         - /autoware/map/topic_rate_check/vector_map ERROR
[logging_node-14]         - /autoware/map/topic_rate_check/pointcloud_map ERROR
[logging_node-14]     - /autoware/localization ERROR
[logging_node-14]         - [anonymous group] ERROR
[logging_node-14]             - /autoware/localization/topic_rate_check/transform ERROR
[logging_node-14]             - /autoware/localization/scan_matching_status WARN 
[logging_node-14]             - /autoware/localization/accuracy ERROR
[logging_node-14]             - /autoware/localization/sensor_fusion_status ERROR
[logging_node-14]     - /autoware/planning ERROR
[logging_node-14]         - /autoware/planning/routing/state STALE
[logging_node-14]         - [anonymous group] ERROR
[logging_node-14]             - /autoware/planning/topic_rate_check/route ERROR
[logging_node-14]             - /autoware/planning/topic_rate_check/trajectory ERROR
[logging_node-14]     - /autoware/perception WARN 
[logging_node-14]         - /autoware/perception/topic_rate_check/objects WARN 
[logging_node-14]     - /autoware/control ERROR
[logging_node-14]         - /autoware/control/topic_rate_check/trajectory_follower ERROR
[logging_node-14]         - /autoware/control/topic_rate_check/control_command ERROR
[logging_node-14]     - /adapi/mrm_request/delegate STALE
[logging_node-14] 
[component_container_mt-48] [INFO] [1785592660.484441260] [control.trajectory_follower.lane_departure_checker_node]: waiting for route msg...
[component_container_mt-1] [WARN] [1785592660.571054011] [sensing.lidar.concatenate_data]: transformed_raw_points[/sensing/lidar/right/pointcloud_before_sync] is nullptr, skipping pointcloud publish.
[component_container_mt-1] [WARN] [1785592660.571138193] [sensing.lidar.concatenate_data]: transformed_raw_points[/sensing/lidar/left/pointcloud_before_sync] is nullptr, skipping pointcloud publish.
[autoware_ndt_scan_matcher_node-24] [INFO] [1785592660.571899966] [localization.pose_estimator.ndt_scan_matcher]: Mismatch between pose timestamp and current timestamp
[component_container_mt-1] [WARN] [1785592660.869972804] [sensing.lidar.concatenate_data]: transformed_raw_points[/sensing/lidar/right/pointcloud_before_sync] is nullptr, skipping pointcloud publish.
[component_container_mt-1] [WARN] [1785592660.870076251] [sensing.lidar.concatenate_data]: transformed_raw_points[/sensing/lidar/left/pointcloud_before_sync] is nullptr, skipping pointcloud publish.
[autoware_ndt_scan_matcher_node-24] [WARN] [1785592660.882541833] [localization.pose_estimator.ndt_scan_matcher]: Score is below the threshold. Score: 1.97796, Threshold: 2.3
[component_container_mt-47] [WARN] [1785592661.331342614] [control.vehicle_cmd_gate]: Emergency!
[component_container_mt-47] [WARN] [1785592661.667587061] [control.vehicle_cmd_gate]: system_emergency heartbeat is timeout.
[component_container-7] [INFO] [1785592661.669423841] [system.topic_state_monitor_mission_planning_route]: /planning/mission_planning/route has not received. Set ERROR in diagnostics.
[component_container-18] [WARN] [1785592661.879203215] [sensing.lidar.top.distortion_corrector_node]: Twist time_stamp is too late. Could not interpolate.
[component_container_mt-1] [WARN] [1785592661.967192513] [sensing.lidar.concatenate_data]: transformed_raw_points[/sensing/lidar/right/pointcloud_before_sync] is nullptr, skipping pointcloud publish.
[component_container_mt-1] [WARN] [1785592661.967250849] [sensing.lidar.concatenate_data]: transformed_raw_points[/sensing/lidar/left/pointcloud_before_sync] is nullptr, skipping pointcloud publish.
[autoware_mrm_handler_node-13] [WARN] [1785592661.968510238] [system.mrm_handler]: no mrm operation available: operate emergency_stop
[autoware_mrm_handler_node-13] [WARN] [1785592662.069945450] [system.mrm_handler]: no mrm operation available: operate emergency_stop
[component_container_mt-1] [WARN] [1785592662.069938329] [sensing.lidar.concatenate_data]: transformed_raw_points[/sensing/lidar/right/pointcloud_before_sync] is nullptr, skipping pointcloud publish.
[component_container_mt-1] [WARN] [1785592662.070022787] [sensing.lidar.concatenate_data]: transformed_raw_points[/sensing/lidar/left/pointcloud_before_sync] is nullptr, skipping pointcloud publish.
[autoware_ekf_localizer_node-28] [WARN] [1785592662.117623957] [localization.pose_twist_fusion_filter.ekf_localizer]: Pose delay exceeds the compensation limit, ignored. delay: 7.750[s], limit: 2.650[s]
[autoware_mrm_handler_node-13] [WARN] [1785592662.168261026] [system.mrm_handler]: no mrm operation available: operate emergency_stop
[component_container_mt-47] [WARN] [1785592662.374934623] [control.vehicle_cmd_gate]: Emergency!
[component_container-18] [WARN] [1785592662.382963706] [sensing.lidar.top.crop_box_filter_self]: Invalid PointCloud: is_dense is false. The point cloud should be organized (dense) and contain only valid points. This will be an ERROR starting in 2026 JulyFrame: 'velodyne_top', Stamp: 60.023952886
[component_container_mt-48] [INFO] [1785592662.468988365] [control.autonomous_emergency_braking]: [AEB] waiting for imu message
[component_container_mt-48] [INFO] [1785592662.469046181] [control.autonomous_emergency_braking]: [AEB] waiting for control predicted trajectory
[component_container_mt-48] [INFO] [1785592662.469051451] [control.autonomous_emergency_braking]: [AEB] At least one path (IMU or predicted trajectory) is required for operation
[component_container_mt-1] [WARN] [1785592662.569166880] [sensing.lidar.concatenate_data]: transformed_raw_points[/sensing/lidar/right/pointcloud_before_sync] is nullptr, skipping pointcloud publish.
[component_container_mt-1] [WARN] [1785592662.569232634] [sensing.lidar.concatenate_data]: transformed_raw_points[/sensing/lidar/left/pointcloud_before_sync] is nullptr, skipping pointcloud publish.
[component_container_mt-1] [WARN] [1785592662.867298133] [sensing.lidar.concatenate_data]: transformed_raw_points[/sensing/lidar/right/pointcloud_before_sync] is nullptr, skipping pointcloud publish.
[component_container_mt-1] [WARN] [1785592662.867380889] [sensing.lidar.concatenate_data]: transformed_raw_points[/sensing/lidar/left/pointcloud_before_sync] is nullptr, skipping pointcloud publish.
[component_container_mt-1] [WARN] [1785592663.182105589] [localization.util.crop_box_filter_measurement_range]: Invalid PointCloud: row_step mismatch. Expected: 99408 (width 6213 * point_step 16), Got: 0. Frame: 'base_link', Stamp: 60.823952898 Please fill in the `cloud->row_step` field accordingly. This will be an ERROR starting in 2026 July
[autoware_ndt_scan_matcher_node-24] [WARN] [1785592663.198244742] [localization.pose_estimator.ndt_scan_matcher]: Score is below the threshold. Score: 1.99219, Threshold: 2.3
[component_container_mt-1] [WARN] [1785592663.367900170] [sensing.lidar.concatenate_data]: transformed_raw_points[/sensing/lidar/right/pointcloud_before_sync] is nullptr, skipping pointcloud publish.
[component_container_mt-1] [WARN] [1785592663.367968370] [sensing.lidar.concatenate_data]: transformed_raw_points[/sensing/lidar/left/pointcloud_before_sync] is nullptr, skipping pointcloud publish.
[component_container_mt-47] [WARN] [1785592663.450342448] [control.vehicle_cmd_gate]: Emergency!
[component_container_mt-48] [WARN] [1785592663.517092786] [control.collision_detector]: waiting for operation mode info...
[logging_node-14] [WARN] [1785592663.567372044] [logging_diag_graph]: The target mode is not available for the following reasons:
[logging_node-14] - /autoware/modes/autonomous ERROR
[logging_node-14]     - /autoware/map ERROR
[logging_node-14]         - /autoware/map/topic_rate_check/vector_map ERROR
[logging_node-14]         - /autoware/map/topic_rate_check/pointcloud_map ERROR
[logging_node-14]     - /autoware/localization ERROR
[logging_node-14]         - [anonymous group] ERROR
[logging_node-14]             - /autoware/localization/topic_rate_check/transform ERROR
[logging_node-14]             - /autoware/localization/scan_matching_status WARN 
[logging_node-14]             - /autoware/localization/accuracy ERROR
[logging_node-14]             - /autoware/localization/sensor_fusion_status ERROR
[logging_node-14]     - /autoware/planning ERROR
[logging_node-14]         - /autoware/planning/routing/state STALE
[logging_node-14]         - [anonymous group] ERROR
[logging_node-14]             - /autoware/planning/topic_rate_check/route ERROR
[logging_node-14]             - /autoware/planning/topic_rate_check/trajectory ERROR
[logging_node-14]     - /autoware/perception WARN 
[logging_node-14]         - /autoware/perception/topic_rate_check/objects WARN 
[logging_node-14]     - /autoware/control ERROR
[logging_node-14]         - /autoware/control/topic_rate_check/trajectory_follower ERROR
[logging_node-14]         - /autoware/control/topic_rate_check/control_command WARN 
[logging_node-14]         - /autoware/control/performance_monitoring/lane_departure STALE
[logging_node-14]     - /adapi/mrm_request/delegate STALE
[logging_node-14] 
[component_container-7] [WARN] [1785592663.581223701] [system.topic_state_monitor_traffic_light_recognition_traffic_signals]: /perception/traffic_light_recognition/traffic_signals topic rate has dropped to the warning level. Set WARN in diagnostics.
[component_container_mt-40] [INFO] [1785592663.626887772] [planning.scenario_planning.lane_driving.behavior_planning.behavior_path_planner]: waiting for scenario_topic
[component_container_mt-48] [INFO] [1785592663.701229120] [control.control_validator]: waiting for /planning/trajectory
[component_container_mt-1] [WARN] [1785592663.917702447] [sensing.lidar.concatenate_data]: transformed_raw_points[/sensing/lidar/right/pointcloud_before_sync] is nullptr, skipping pointcloud publish.
[component_container_mt-1] [WARN] [1785592663.917779462] [sensing.lidar.concatenate_data]: transformed_raw_points[/sensing/lidar/left/pointcloud_before_sync] is nullptr, skipping pointcloud publish.
[autoware_mrm_handler_node-13] [INFO] [1785592664.070474313] [system.mrm_handler]: MRM State changed: MRM_SUCCEEDED -> NORMAL
[autoware_mrm_handler_node-13] [WARN] [1785592664.078348972] [system.mrm_handler]: EMERGENCY_STOP is canceled.
[component_container_mt-47] [INFO] [1785592664.167604139] [control.trajectory_follower.controller_node_exe]: Waiting for trajectory data
[component_container_mt-47] [INFO] [1785592664.167662854] [control.trajectory_follower.controller_node_exe]: Control is skipped since input data is not ready.
[component_container_mt-47] [INFO] [1785592664.168888020] [control.vehicle_cmd_gate]: The operation mode is changed, but the GearCommand is not received yet:
[autoware_ekf_localizer_node-28] [WARN] [1785592664.269136049] [localization.pose_twist_fusion_filter.ekf_localizer]: EKF period may be too slow to finish pose smoothing!! (0.1000 sec)
[component_container-7] [INFO] [1785592664.767766728] [system.topic_state_monitor_mission_planning_route]: /planning/mission_planning/route has not received. Set ERROR in diagnostics.
[component_container_mt-1] [WARN] [1785592664.868832618] [sensing.lidar.concatenate_data]: transformed_raw_points[/sensing/lidar/right/pointcloud_before_sync] is nullptr, skipping pointcloud publish.
[component_container_mt-1] [WARN] [1785592664.868925635] [sensing.lidar.concatenate_data]: transformed_raw_points[/sensing/lidar/left/pointcloud_before_sync] is nullptr, skipping pointcloud publish.
[autoware_scenario_selector_node-36] [INFO] [1785592665.167701094] [planning.scenario_planning.scenario_selector]: Waiting for route.
[component_container_mt-1] [WARN] [1785592665.567810058] [sensing.lidar.concatenate_data]: transformed_raw_points[/sensing/lidar/right/pointcloud_before_sync] is nullptr, skipping pointcloud publish.
[component_container_mt-1] [WARN] [1785592665.567868046] [sensing.lidar.concatenate_data]: transformed_raw_points[/sensing/lidar/left/pointcloud_before_sync] is nullptr, skipping pointcloud publish.
[component_container_mt-48] [INFO] [1785592665.567933297] [control.trajectory_follower.lane_departure_checker_node]: waiting for route msg...
[autoware_ndt_scan_matcher_node-24] [WARN] [1785592666.310715853] [localization.pose_estimator.ndt_scan_matcher]: Score is below the threshold. Score: 2.29452, Threshold: 2.3
[autoware_ekf_localizer_node-28] [WARN] [1785592666.317448035] [localization.pose_twist_fusion_filter.ekf_localizer]: EKF period may be too slow to finish pose smoothing!! (0.1000 sec)
[component_container_mt-1] [WARN] [1785592666.467192051] [sensing.lidar.concatenate_data]: transformed_raw_points[/sensing/lidar/right/pointcloud_before_sync] is nullptr, skipping pointcloud publish.
[component_container_mt-1] [WARN] [1785592666.467268410] [sensing.lidar.concatenate_data]: transformed_raw_points[/sensing/lidar/left/pointcloud_before_sync] is nullptr, skipping pointcloud publish.
[autoware_mrm_handler_node-13] [INFO] [1785592666.467784005] [system.mrm_handler]: MRM State changed: NORMAL -> MRM_OPERATING
[autoware_mrm_handler_node-13] [WARN] [1785592666.468891070] [system.mrm_handler]: EMERGENCY_STOP is operated.
[autoware_ndt_scan_matcher_node-24] [INFO] [1785592666.470660524] [localization.pose_estimator.ndt_scan_matcher]: Mismatch between pose timestamp and current timestamp
[logging_node-14] [WARN] [1785592666.567015319] [logging_diag_graph]: The target mode is not available for the following reasons:
[logging_node-14] - /autoware/modes/autonomous ERROR
[logging_node-14]     - /autoware/map ERROR
[logging_node-14]         - /autoware/map/topic_rate_check/vector_map ERROR
[logging_node-14]         - /autoware/map/topic_rate_check/pointcloud_map ERROR
[logging_node-14]     - /autoware/localization ERROR
[logging_node-14]         - [anonymous group] ERROR
[logging_node-14]             - /autoware/localization/topic_rate_check/transform ERROR
[logging_node-14]             - /autoware/localization/scan_matching_status WARN 
[logging_node-14]             - /autoware/localization/accuracy ERROR
[logging_node-14]             - /autoware/localization/sensor_fusion_status ERROR
[logging_node-14]     - /autoware/planning ERROR
[logging_node-14]         - /autoware/planning/routing/state ERROR
[logging_node-14]         - [anonymous group] ERROR
[logging_node-14]             - /autoware/planning/topic_rate_check/route ERROR
[logging_node-14]             - /autoware/planning/topic_rate_check/trajectory ERROR
[logging_node-14]     - /autoware/perception WARN 
[logging_node-14]         - /autoware/perception/topic_rate_check/objects WARN 
[logging_node-14]         - /autoware/perception/topic_rate_check/pointcloud WARN 
[logging_node-14]     - /autoware/control ERROR
[logging_node-14]         - /autoware/control/topic_rate_check/trajectory_follower ERROR
[logging_node-14]         - /autoware/control/topic_rate_check/control_command WARN 
[logging_node-14]         - /autoware/control/performance_monitoring/lane_departure STALE
[logging_node-14]         - /autoware/control/performance_monitoring/control_state STALE
[logging_node-14] 
[component_container_mt-1] [WARN] [1785592666.567815311] [sensing.lidar.concatenate_data]: transformed_raw_points[/sensing/lidar/right/pointcloud_before_sync] is nullptr, skipping pointcloud publish.
[component_container_mt-1] [WARN] [1785592666.567879015] [sensing.lidar.concatenate_data]: transformed_raw_points[/sensing/lidar/left/pointcloud_before_sync] is nullptr, skipping pointcloud publish.
[autoware_mrm_handler_node-13] [INFO] [1785592666.573288276] [system.mrm_handler]: MRM State changed: MRM_OPERATING -> NORMAL
[autoware_mrm_handler_node-13] [WARN] [1785592666.573578595] [system.mrm_handler]: EMERGENCY_STOP is canceled.
[component_container-7] [WARN] [1785592666.574380672] [system.topic_state_monitor_control_command_control_cmd]: /control/command/control_cmd topic rate has dropped to the warning level. Set WARN in diagnostics.
[autoware_ndt_scan_matcher_node-24] [WARN] [1785592667.394178130] [localization.pose_estimator.ndt_scan_matcher]: Score is below the threshold. Score: 1.9317, Threshold: 2.3
[autoware_mrm_handler_node-13] [INFO] [1785592667.467164011] [system.mrm_handler]: MRM State changed: NORMAL -> MRM_OPERATING
[autoware_mrm_handler_node-13] [WARN] [1785592667.467392606] [system.mrm_handler]: EMERGENCY_STOP is operated.
[component_container-18] [WARN] [1785592667.480464350] [sensing.lidar.top.crop_box_filter_self]: Invalid PointCloud: is_dense is false. The point cloud should be organized (dense) and contain only valid points. This will be an ERROR starting in 2026 JulyFrame: 'velodyne_top', Stamp: 65.123952962
[component_container_mt-47] [WARN] [1785592667.519995537] [control.vehicle_cmd_gate]: Emergency!
[component_container_mt-1] [WARN] [1785592667.567945021] [sensing.lidar.concatenate_data]: transformed_raw_points[/sensing/lidar/right/pointcloud_before_sync] is nullptr, skipping pointcloud publish.
[component_container_mt-1] [WARN] [1785592667.568024754] [sensing.lidar.concatenate_data]: transformed_raw_points[/sensing/lidar/left/pointcloud_before_sync] is nullptr, skipping pointcloud publish.
[autoware_mrm_handler_node-13] [INFO] [1785592667.568104887] [system.mrm_handler]: MRM State changed: MRM_OPERATING -> NORMAL
[autoware_mrm_handler_node-13] [WARN] [1785592667.568401246] [system.mrm_handler]: EMERGENCY_STOP is canceled.
[autoware_ndt_scan_matcher_node-24] [INFO] [1785592667.573041941] [localization.pose_estimator.ndt_scan_matcher]: Mismatch between pose timestamp and current timestamp
[component_container_mt-48] [INFO] [1785592667.628401949] [control.autonomous_emergency_braking]: [AEB] waiting for imu message
[component_container_mt-48] [INFO] [1785592667.628454460] [control.autonomous_emergency_braking]: [AEB] waiting for control predicted trajectory
[component_container_mt-48] [INFO] [1785592667.628461619] [control.autonomous_emergency_braking]: [AEB] At least one path (IMU or predicted trajectory) is required for operation
[component_container_mt-1] [WARN] [1785592667.671321056] [sensing.lidar.concatenate_data]: transformed_raw_points[/sensing/lidar/right/pointcloud_before_sync] is nullptr, skipping pointcloud publish.
[component_container_mt-1] [WARN] [1785592667.671405198] [sensing.lidar.concatenate_data]: transformed_raw_points[/sensing/lidar/left/pointcloud_before_sync] is nullptr, skipping pointcloud publish.
[component_container-7] [INFO] [1785592667.780281756] [system.topic_state_monitor_mission_planning_route]: /planning/mission_planning/route has not received. Set ERROR in diagnostics.
[component_container_mt-47] [WARN] [1785592668.043893364] [control.vehicle_cmd_gate]: system_emergency heartbeat is timeout.
[autoware_ekf_localizer_node-28] [WARN] [1785592668.317802743] [localization.pose_twist_fusion_filter.ekf_localizer]: EKF period may be too slow to finish pose smoothing!! (0.1000 sec)
[autoware_mrm_handler_node-13] [INFO] [1785592668.467500081] [system.mrm_handler]: MRM State changed: NORMAL -> MRM_OPERATING
[autoware_mrm_handler_node-13] [WARN] [1785592668.468764086] [system.mrm_handler]: EMERGENCY_STOP is operated.
[autoware_mrm_handler_node-13] [INFO] [1785592668.569851060] [system.mrm_handler]: MRM State changed: MRM_OPERATING -> NORMAL
[autoware_mrm_handler_node-13] [WARN] [1785592668.574011899] [system.mrm_handler]: EMERGENCY_STOP is canceled.
[component_container-18] [WARN] [1785592668.681899686] [sensing.lidar.top.distortion_corrector_node]: IMU time_stamp is too late. Could not interpolate.
[component_container_mt-1] [WARN] [1785592668.685595635] [localization.util.crop_box_filter_measurement_range]: Invalid PointCloud: row_step mismatch. Expected: 99248 (width 6203 * point_step 16), Got: 0. Frame: 'base_link', Stamp: 66.323952980 Please fill in the `cloud->row_step` field accordingly. This will be an ERROR starting in 2026 July
[autoware_ndt_scan_matcher_node-24] [WARN] [1785592668.696524150] [localization.pose_estimator.ndt_scan_matcher]: Score is below the threshold. Score: 2.04539, Threshold: 2.3
[component_container_mt-40] [INFO] [1785592668.715388028] [planning.scenario_planning.lane_driving.behavior_planning.behavior_path_planner]: waiting for scenario_topic
[component_container_mt-1] [WARN] [1785592668.868866127] [sensing.lidar.concatenate_data]: transformed_raw_points[/sensing/lidar/right/pointcloud_before_sync] is nullptr, skipping pointcloud publish.
[component_container_mt-1] [WARN] [1785592668.868936400] [sensing.lidar.concatenate_data]: transformed_raw_points[/sensing/lidar/left/pointcloud_before_sync] is nullptr, skipping pointcloud publish.
[component_container_mt-47] [INFO] [1785592669.218731840] [control.vehicle_cmd_gate]: The operation mode is changed, but the GearCommand is not received yet:
[component_container_mt-47] [INFO] [1785592669.220500415] [control.trajectory_follower.controller_node_exe]: Waiting for trajectory data
[component_container_mt-47] [INFO] [1785592669.220543465] [control.trajectory_follower.controller_node_exe]: Control is skipped since input data is not ready.
[component_container_mt-1] [WARN] [1785592669.270873565] [sensing.lidar.concatenate_data]: transformed_raw_points[/sensing/lidar/right/pointcloud_before_sync] is nullptr, skipping pointcloud publish.
[component_container_mt-1] [WARN] [1785592669.270953514] [sensing.lidar.concatenate_data]: transformed_raw_points[/sensing/lidar/left/pointcloud_before_sync] is nullptr, skipping pointcloud publish.
[autoware_mrm_handler_node-13] [INFO] [1785592669.468042674] [system.mrm_handler]: MRM State changed: NORMAL -> MRM_OPERATING
[autoware_mrm_handler_node-13] [WARN] [1785592669.468379324] [system.mrm_handler]: EMERGENCY_STOP is operated.
[component_container_mt-1] [WARN] [1785592669.468313282] [sensing.lidar.concatenate_data]: transformed_raw_points[/sensing/lidar/right/pointcloud_before_sync] is nullptr, skipping pointcloud publish.
[component_container_mt-1] [WARN] [1785592669.468388964] [sensing.lidar.concatenate_data]: transformed_raw_points[/sensing/lidar/left/pointcloud_before_sync] is nullptr, skipping pointcloud publish.
[logging_node-14] [WARN] [1785592669.571345634] [logging_diag_graph]: The target mode is not available for the following reasons:
[logging_node-14] - /autoware/modes/autonomous ERROR
[logging_node-14]     - /autoware/map ERROR
[logging_node-14]         - /autoware/map/topic_rate_check/vector_map ERROR
[logging_node-14]         - /autoware/map/topic_rate_check/pointcloud_map ERROR
[logging_node-14]     - /autoware/localization ERROR
[logging_node-14]         - [anonymous group] ERROR
[logging_node-14]             - /autoware/localization/topic_rate_check/transform ERROR
[logging_node-14]             - /autoware/localization/scan_matching_status WARN 
[logging_node-14]             - /autoware/localization/accuracy ERROR
[logging_node-14]             - /autoware/localization/sensor_fusion_status ERROR
[logging_node-14]     - /autoware/planning ERROR
[logging_node-14]         - /autoware/planning/routing/state ERROR
[logging_node-14]         - [anonymous group] ERROR
[logging_node-14]             - /autoware/planning/topic_rate_check/route ERROR
[logging_node-14]             - /autoware/planning/topic_rate_check/trajectory ERROR
[logging_node-14]     - /autoware/perception WARN 
[logging_node-14]         - /autoware/perception/topic_rate_check/objects WARN 
[logging_node-14]     - /autoware/control ERROR
[logging_node-14]         - /autoware/control/topic_rate_check/trajectory_follower ERROR
[logging_node-14]         - /autoware/control/topic_rate_check/control_command ERROR
[logging_node-14]         - /autoware/control/performance_monitoring/lane_departure STALE
[logging_node-14] 
[autoware_mrm_handler_node-13] [INFO] [1785592669.573028948] [system.mrm_handler]: MRM State changed: MRM_OPERATING -> NORMAL
[autoware_mrm_handler_node-13] [WARN] [1785592669.574629769] [system.mrm_handler]: EMERGENCY_STOP is canceled.
[component_container-7] [WARN] [1785592669.670713977] [system.topic_state_monitor_traffic_light_recognition_traffic_signals]: /perception/traffic_light_recognition/traffic_signals topic rate has dropped to the warning level. Set WARN in diagnostics.
[component_container_mt-48] [INFO] [1785592669.771034158] [control.control_validator]: waiting for /planning/trajectory
[autoware_scenario_selector_node-36] [INFO] [1785592670.167905205] [planning.scenario_planning.scenario_selector]: Waiting for route.
[autoware_mrm_handler_node-13] [INFO] [1785592670.467964552] [system.mrm_handler]: MRM State changed: NORMAL -> MRM_OPERATING
[autoware_mrm_handler_node-13] [WARN] [1785592670.468013707] [system.mrm_handler]: no mrm operation available: operate emergency_stop
[autoware_mrm_handler_node-13] [WARN] [1785592670.470420425] [system.mrm_handler]: EMERGENCY_STOP is operated.
[autoware_ekf_localizer_node-28] [WARN] [1785592670.518131579] [localization.pose_twist_fusion_filter.ekf_localizer]: EKF period may be too slow to finish pose smoothing!! (0.1000 sec)
[component_container_mt-47] [WARN] [1785592670.523664800] [control.vehicle_cmd_gate]: Emergency!
[autoware_mrm_handler_node-13] [INFO] [1785592670.567525803] [system.mrm_handler]: MRM State changed: MRM_OPERATING -> NORMAL
[autoware_mrm_handler_node-13] [WARN] [1785592670.569587543] [system.mrm_handler]: EMERGENCY_STOP is canceled.
[component_container_mt-48] [INFO] [1785592670.576576652] [control.trajectory_follower.lane_departure_checker_node]: waiting for route msg...
[component_container-7] [INFO] [1785592670.777738459] [system.topic_state_monitor_trajectory_follower_control_cmd]: /control/trajectory_follower/control_cmd has not received. Set ERROR in diagnostics.
[autoware_ndt_scan_matcher_node-24] [WARN] [1785592671.395276190] [localization.pose_estimator.ndt_scan_matcher]: Score is below the threshold. Score: 2.01087, Threshold: 2.3
[autoware_mrm_handler_node-13] [INFO] [1785592671.467174216] [system.mrm_handler]: MRM State changed: NORMAL -> MRM_OPERATING
[autoware_mrm_handler_node-13] [WARN] [1785592671.468791189] [system.mrm_handler]: EMERGENCY_STOP is operated.
[component_container_mt-1] [WARN] [1785592671.570017291] [sensing.lidar.concatenate_data]: transformed_raw_points[/sensing/lidar/right/pointcloud_before_sync] is nullptr, skipping pointcloud publish.
[component_container_mt-1] [WARN] [1785592671.570092363] [sensing.lidar.concatenate_data]: transformed_raw_points[/sensing/lidar/left/pointcloud_before_sync] is nullptr, skipping pointcloud publish.
[autoware_mrm_handler_node-13] [INFO] [1785592671.570661388] [system.mrm_handler]: MRM State changed: MRM_OPERATING -> NORMAL
[autoware_mrm_handler_node-13] [WARN] [1785592671.571373315] [system.mrm_handler]: EMERGENCY_STOP is canceled.
[component_container_mt-1] [WARN] [1785592671.969766645] [sensing.lidar.concatenate_data]: transformed_raw_points[/sensing/lidar/right/pointcloud_before_sync] is nullptr, skipping pointcloud publish.
[component_container_mt-1] [WARN] [1785592671.969836635] [sensing.lidar.concatenate_data]: transformed_raw_points[/sensing/lidar/left/pointcloud_before_sync] is nullptr, skipping pointcloud publish.
[component_container-18] [WARN] [1785592671.983200181] [sensing.lidar.top.distortion_corrector_node]: Twist time_stamp is too late. Could not interpolate.
[component_container_mt-1] [WARN] [1785592672.167360294] [sensing.lidar.concatenate_data]: transformed_raw_points[/sensing/lidar/right/pointcloud_before_sync] is nullptr, skipping pointcloud publish.
[component_container_mt-1] [WARN] [1785592672.167417518] [sensing.lidar.concatenate_data]: transformed_raw_points[/sensing/lidar/left/pointcloud_before_sync] is nullptr, skipping pointcloud publish.
[component_container-18] [WARN] [1785592672.481348779] [sensing.lidar.top.crop_box_filter_self]: Invalid PointCloud: is_dense is false. The point cloud should be organized (dense) and contain only valid points. This will be an ERROR starting in 2026 JulyFrame: 'velodyne_top', Stamp: 70.123953036
[logging_node-14] [WARN] [1785592672.570808702] [logging_diag_graph]: The target mode is not available for the following reasons:
[logging_node-14] - /autoware/modes/autonomous ERROR
[logging_node-14]     - /autoware/map ERROR
[logging_node-14]         - /autoware/map/topic_rate_check/vector_map ERROR
[logging_node-14]         - /autoware/map/topic_rate_check/pointcloud_map ERROR
[logging_node-14]     - /autoware/localization ERROR
[logging_node-14]         - [anonymous group] ERROR
[logging_node-14]             - /autoware/localization/topic_rate_check/transform ERROR
[logging_node-14]             - /autoware/localization/scan_matching_status WARN 
[logging_node-14]             - /autoware/localization/accuracy ERROR
[logging_node-14]             - /autoware/localization/sensor_fusion_status ERROR
[logging_node-14]     - /autoware/planning ERROR
[logging_node-14]         - /autoware/planning/routing/state ERROR
[logging_node-14]         - [anonymous group] ERROR
[logging_node-14]             - /autoware/planning/topic_rate_check/route ERROR
[logging_node-14]             - /autoware/planning/topic_rate_check/trajectory ERROR
[logging_node-14]     - /autoware/perception WARN 
[logging_node-14]         - /autoware/perception/topic_rate_check/objects WARN 
[logging_node-14]         - /autoware/perception/topic_rate_check/pointcloud WARN 
[logging_node-14]     - /autoware/control ERROR
[logging_node-14]         - /autoware/control/topic_rate_check/trajectory_follower ERROR
[logging_node-14]         - /autoware/control/topic_rate_check/control_command ERROR
[logging_node-14] 
[component_container_mt-1] [WARN] [1785592672.668610964] [sensing.lidar.concatenate_data]: transformed_raw_points[/sensing/lidar/right/pointcloud_before_sync] is nullptr, skipping pointcloud publish.
[component_container_mt-1] [WARN] [1785592672.668659063] [sensing.lidar.concatenate_data]: transformed_raw_points[/sensing/lidar/left/pointcloud_before_sync] is nullptr, skipping pointcloud publish.
[autoware_ndt_scan_matcher_node-24] [WARN] [1785592672.678687604] [localization.pose_estimator.ndt_scan_matcher]: Score is below the threshold. Score: 2.0576, Threshold: 2.3
[component_container_mt-48] [INFO] [1785592672.719664421] [control.autonomous_emergency_braking]: [AEB] waiting for control predicted trajectory
[component_container-7] [WARN] [1785592672.729380345] [system.topic_state_monitor_traffic_light_recognition_traffic_signals]: /perception/traffic_light_recognition/traffic_signals topic is timeout. Set ERROR in diagnostics.
[autoware_ekf_localizer_node-28] [WARN] [1785592672.970599401] [localization.pose_twist_fusion_filter.ekf_localizer]: EKF period may be too slow to finish pose smoothing!! (0.1000 sec)
[component_container_mt-47] [WARN] [1785592673.043767246] [control.vehicle_cmd_gate]: system_emergency heartbeat is timeout.
[component_container_mt-1] [WARN] [1785592673.367881476] [sensing.lidar.concatenate_data]: transformed_raw_points[/sensing/lidar/right/pointcloud_before_sync] is nullptr, skipping pointcloud publish.
[component_container_mt-1] [WARN] [1785592673.367946488] [sensing.lidar.concatenate_data]: transformed_raw_points[/sensing/lidar/left/pointcloud_before_sync] is nullptr, skipping pointcloud publish.
[component_container_mt-1] [WARN] [1785592673.667938982] [sensing.lidar.concatenate_data]: transformed_raw_points[/sensing/lidar/right/pointcloud_before_sync] is nullptr, skipping pointcloud publish.
[component_container_mt-1] [WARN] [1785592673.668002139] [sensing.lidar.concatenate_data]: transformed_raw_points[/sensing/lidar/left/pointcloud_before_sync] is nullptr, skipping pointcloud publish.
[autoware_ndt_scan_matcher_node-24] [WARN] [1785592673.677325370] [localization.pose_estimator.ndt_scan_matcher]: Score is below the threshold. Score: 2.07272, Threshold: 2.3
[component_container_mt-40] [INFO] [1785592673.767658458] [planning.scenario_planning.lane_driving.behavior_planning.behavior_path_planner]: waiting for scenario_topic
[component_container-7] [INFO] [1785592673.774565290] [system.topic_state_monitor_mission_planning_route]: /planning/mission_planning/route has not received. Set ERROR in diagnostics.
[component_container_mt-1] [WARN] [1785592674.194514404] [localization.util.crop_box_filter_measurement_range]: Invalid PointCloud: row_step mismatch. Expected: 100336 (width 6271 * point_step 16), Got: 0. Frame: 'base_link', Stamp: 71.823953062 Please fill in the `cloud->row_step` field accordingly. This will be an ERROR starting in 2026 July
[component_container_mt-47] [INFO] [1785592674.328843162] [control.trajectory_follower.controller_node_exe]: Waiting for trajectory data
[component_container_mt-47] [INFO] [1785592674.328901214] [control.trajectory_follower.controller_node_exe]: Control is skipped since input data is not ready.
[component_container_mt-47] [INFO] [1785592674.329423237] [control.vehicle_cmd_gate]: The operation mode is changed, but the GearCommand is not received yet:
[component_container_mt-1] [WARN] [1785592674.367689069] [sensing.lidar.concatenate_data]: transformed_raw_points[/sensing/lidar/right/pointcloud_before_sync] is nullptr, skipping pointcloud publish.
[component_container_mt-1] [WARN] [1785592674.367750591] [sensing.lidar.concatenate_data]: transformed_raw_points[/sensing/lidar/left/pointcloud_before_sync] is nullptr, skipping pointcloud publish.
[autoware_ndt_scan_matcher_node-24] [INFO] [1785592674.368505569] [localization.pose_estimator.ndt_scan_matcher]: pose_buffer_.size() < 2
[component_container_mt-1] [WARN] [1785592674.668083875] [sensing.lidar.concatenate_data]: transformed_raw_points[/sensing/lidar/right/pointcloud_before_sync] is nullptr, skipping pointcloud publish.
[component_container_mt-1] [WARN] [1785592674.668160749] [sensing.lidar.concatenate_data]: transformed_raw_points[/sensing/lidar/left/pointcloud_before_sync] is nullptr, skipping pointcloud publish.
[autoware_ndt_scan_matcher_node-24] [WARN] [1785592674.695857964] [localization.pose_estimator.ndt_scan_matcher]: Score is below the threshold. Score: 2.11568, Threshold: 2.3
[autoware_ekf_localizer_node-28] [WARN] [1785592675.122582973] [localization.pose_twist_fusion_filter.ekf_localizer]: EKF period may be too slow to finish pose smoothing!! (0.1000 sec)
[component_container_mt-1] [WARN] [1785592675.167881975] [sensing.lidar.concatenate_data]: transformed_raw_points[/sensing/lidar/right/pointcloud_before_sync] is nullptr, skipping pointcloud publish.
[component_container_mt-1] [WARN] [1785592675.167958813] [sensing.lidar.concatenate_data]: transformed_raw_points[/sensing/lidar/left/pointcloud_before_sync] is nullptr, skipping pointcloud publish.
[autoware_scenario_selector_node-36] [INFO] [1785592675.175966346] [planning.scenario_planning.scenario_selector]: Waiting for route.
[autoware_mrm_handler_node-13] [INFO] [1785592675.467143388] [system.mrm_handler]: MRM State changed: NORMAL -> MRM_OPERATING
[autoware_mrm_handler_node-13] [WARN] [1785592675.469605360] [system.mrm_handler]: EMERGENCY_STOP is operated.
[logging_node-14] [WARN] [1785592675.567239172] [logging_diag_graph]: The target mode is not available for the following reasons:
[logging_node-14] - /autoware/modes/autonomous ERROR
[logging_node-14]     - /autoware/map ERROR
[logging_node-14]         - /autoware/map/topic_rate_check/vector_map ERROR
[logging_node-14]         - /autoware/map/topic_rate_check/pointcloud_map ERROR
[logging_node-14]     - /autoware/localization ERROR
[logging_node-14]         - [anonymous group] ERROR
[logging_node-14]             - /autoware/localization/topic_rate_check/transform ERROR
[logging_node-14]             - /autoware/localization/scan_matching_status WARN 
[logging_node-14]             - /autoware/localization/accuracy ERROR
[logging_node-14]             - /autoware/localization/sensor_fusion_status ERROR
[logging_node-14]     - /autoware/planning ERROR
[logging_node-14]         - /autoware/planning/routing/state STALE
[logging_node-14]         - [anonymous group] ERROR
[logging_node-14]             - /autoware/planning/topic_rate_check/route ERROR
[logging_node-14]             - /autoware/planning/topic_rate_check/trajectory ERROR
[logging_node-14]     - /autoware/perception WARN 
[logging_node-14]         - /autoware/perception/topic_rate_check/objects WARN 
[logging_node-14]     - /autoware/control ERROR
[logging_node-14]         - /autoware/control/topic_rate_check/trajectory_follower ERROR
[logging_node-14]         - /autoware/control/topic_rate_check/control_command ERROR
[logging_node-14]     - /adapi/mrm_request/delegate STALE
[logging_node-14] 
[component_container_mt-48] [INFO] [1785592675.630158650] [control.trajectory_follower.lane_departure_checker_node]: waiting for route msg...
[autoware_mrm_handler_node-13] [INFO] [1785592675.667648214] [system.mrm_handler]: MRM State changed: MRM_OPERATING -> NORMAL
[autoware_mrm_handler_node-13] [WARN] [1785592675.668406890] [system.mrm_handler]: EMERGENCY_STOP is canceled.
[component_container_mt-48] [INFO] [1785592675.814941434] [control.control_validator]: waiting for /planning/trajectory
[component_container-7] [WARN] [1785592675.833881709] [system.topic_state_monitor_traffic_light_recognition_traffic_signals]: /perception/traffic_light_recognition/traffic_signals topic rate has dropped to the warning level. Set WARN in diagnostics.
[autoware_mrm_handler_node-13] [INFO] [1785592676.469460939] [system.mrm_handler]: MRM State changed: NORMAL -> MRM_OPERATING
[autoware_mrm_handler_node-13] [WARN] [1785592676.469509821] [system.mrm_handler]: no mrm operation available: operate emergency_stop
[autoware_mrm_handler_node-13] [WARN] [1785592676.470597547] [system.mrm_handler]: EMERGENCY_STOP is operated.
[autoware_mrm_handler_node-13] [WARN] [1785592676.567724079] [system.mrm_handler]: no mrm operation available: operate emergency_stop
[autoware_mrm_handler_node-13] [INFO] [1785592676.670392453] [system.mrm_handler]: MRM State changed: MRM_OPERATING -> NORMAL
[autoware_mrm_handler_node-13] [WARN] [1785592676.671383009] [system.mrm_handler]: EMERGENCY_STOP is canceled.
[autoware_ndt_scan_matcher_node-24] [WARN] [1785592676.693475787] [localization.pose_estimator.ndt_scan_matcher]: Score is below the threshold. Score: 2.14437, Threshold: 2.3
[component_container-7] [INFO] [1785592676.823839376] [system.topic_state_monitor_mission_planning_route]: /planning/mission_planning/route has not received. Set ERROR in diagnostics.
[component_container_mt-1] [WARN] [1785592676.867888624] [sensing.lidar.concatenate_data]: transformed_raw_points[/sensing/lidar/right/pointcloud_before_sync] is nullptr, skipping pointcloud publish.
[component_container_mt-1] [WARN] [1785592676.869154548] [sensing.lidar.concatenate_data]: transformed_raw_points[/sensing/lidar/left/pointcloud_before_sync] is nullptr, skipping pointcloud publish.
[autoware_ekf_localizer_node-28] [WARN] [1785592677.117528201] [localization.pose_twist_fusion_filter.ekf_localizer]: EKF period may be too slow to finish pose smoothing!! (0.1000 sec)
[component_container_mt-1] [WARN] [1785592677.569231515] [sensing.lidar.concatenate_data]: transformed_raw_points[/sensing/lidar/right/pointcloud_before_sync] is nullptr, skipping pointcloud publish.
[component_container_mt-1] [WARN] [1785592677.569301577] [sensing.lidar.concatenate_data]: transformed_raw_points[/sensing/lidar/left/pointcloud_before_sync] is nullptr, skipping pointcloud publish.
[component_container-18] [WARN] [1785592677.780484135] [sensing.lidar.top.crop_box_filter_self]: Invalid PointCloud: is_dense is false. The point cloud should be organized (dense) and contain only valid points. This will be an ERROR starting in 2026 JulyFrame: 'velodyne_top', Stamp: 75.423953115
[autoware_ndt_scan_matcher_node-24] [WARN] [1785592677.795041372] [localization.pose_estimator.ndt_scan_matcher]: Score is below the threshold. Score: 2.05357, Threshold: 2.3
[component_container_mt-48] [INFO] [1785592677.817487070] [control.autonomous_emergency_braking]: [AEB] waiting for control predicted trajectory
[component_container_mt-1] [WARN] [1785592677.968658164] [sensing.lidar.concatenate_data]: transformed_raw_points[/sensing/lidar/right/pointcloud_before_sync] is nullptr, skipping pointcloud publish.
[component_container_mt-1] [WARN] [1785592677.968733186] [sensing.lidar.concatenate_data]: transformed_raw_points[/sensing/lidar/left/pointcloud_before_sync] is nullptr, skipping pointcloud publish.
[component_container_mt-1] [WARN] [1785592678.069379432] [sensing.lidar.concatenate_data]: transformed_raw_points[/sensing/lidar/right/pointcloud_before_sync] is nullptr, skipping pointcloud publish.
[component_container_mt-1] [WARN] [1785592678.069460738] [sensing.lidar.concatenate_data]: transformed_raw_points[/sensing/lidar/left/pointcloud_before_sync] is nullptr, skipping pointcloud publish.
[autoware_mrm_handler_node-13] [INFO] [1785592678.467279235] [system.mrm_handler]: MRM State changed: NORMAL -> MRM_OPERATING
[autoware_mrm_handler_node-13] [WARN] [1785592678.468190014] [system.mrm_handler]: EMERGENCY_STOP is operated.
[autoware_mrm_handler_node-13] [INFO] [1785592678.567103378] [system.mrm_handler]: MRM State changed: MRM_OPERATING -> NORMAL
[logging_node-14] [WARN] [1785592678.567224200] [logging_diag_graph]: The target mode is not available for the following reasons:
[logging_node-14] - /autoware/modes/autonomous ERROR
[logging_node-14]     - /autoware/map ERROR
[logging_node-14]         - /autoware/map/topic_rate_check/vector_map ERROR
[logging_node-14]         - /autoware/map/topic_rate_check/pointcloud_map ERROR
[logging_node-14]     - /autoware/localization ERROR
[logging_node-14]         - [anonymous group] ERROR
[logging_node-14]             - /autoware/localization/topic_rate_check/transform ERROR
[logging_node-14]             - /autoware/localization/scan_matching_status WARN 
[logging_node-14]             - /autoware/localization/accuracy ERROR
[logging_node-14]             - /autoware/localization/sensor_fusion_status ERROR
[logging_node-14]     - /autoware/planning ERROR
[logging_node-14]         - /autoware/planning/routing/state ERROR
[logging_node-14]         - [anonymous group] ERROR
[logging_node-14]             - /autoware/planning/topic_rate_check/route ERROR
[logging_node-14]             - /autoware/planning/topic_rate_check/trajectory ERROR
[logging_node-14]     - /autoware/perception WARN 
[logging_node-14]         - /autoware/perception/topic_rate_check/pointcloud WARN 
[logging_node-14]     - /autoware/control ERROR
[logging_node-14]         - /autoware/control/topic_rate_check/trajectory_follower ERROR
[logging_node-14]         - /autoware/control/topic_rate_check/control_command ERROR
[logging_node-14]         - /autoware/control/performance_monitoring/lane_departure STALE
[logging_node-14] 
[component_container_mt-1] [WARN] [1785592678.567499758] [sensing.lidar.concatenate_data]: transformed_raw_points[/sensing/lidar/right/pointcloud_before_sync] is nullptr, skipping pointcloud publish.
[component_container_mt-1] [WARN] [1785592678.567549705] [sensing.lidar.concatenate_data]: transformed_raw_points[/sensing/lidar/left/pointcloud_before_sync] is nullptr, skipping pointcloud publish.
[autoware_mrm_handler_node-13] [WARN] [1785592678.570112116] [system.mrm_handler]: EMERGENCY_STOP is canceled.
[component_container_mt-1] [WARN] [1785592678.769740888] [sensing.lidar.concatenate_data]: transformed_raw_points[/sensing/lidar/right/pointcloud_before_sync] is nullptr, skipping pointcloud publish.
[component_container_mt-1] [WARN] [1785592678.769802724] [sensing.lidar.concatenate_data]: transformed_raw_points[/sensing/lidar/left/pointcloud_before_sync] is nullptr, skipping pointcloud publish.
[autoware_ndt_scan_matcher_node-24] [WARN] [1785592678.795279977] [localization.pose_estimator.ndt_scan_matcher]: Score is below the threshold. Score: 1.99652, Threshold: 2.3
[component_container-7] [WARN] [1785592678.829856746] [system.topic_state_monitor_obstacle_segmentation_pointcloud]: /perception/obstacle_segmentation/pointcloud topic rate has dropped to the warning level. Set WARN in diagnostics.
[component_container_mt-47] [INFO] [1785592679.317486410] [control.trajectory_follower.controller_node_exe]: Waiting for trajectory data
[component_container_mt-47] [INFO] [1785592679.317560039] [control.trajectory_follower.controller_node_exe]: Control is skipped since input data is not ready.
[component_container_mt-47] [INFO] [1785592679.322476360] [control.vehicle_cmd_gate]: The operation mode is changed, but the GearCommand is not received yet:
[autoware_ekf_localizer_node-28] [WARN] [1785592679.369910489] [localization.pose_twist_fusion_filter.ekf_localizer]: EKF period may be too slow to finish pose smoothing!! (0.1500 sec)
[autoware_mrm_handler_node-13] [INFO] [1785592679.468243602] [system.mrm_handler]: MRM State changed: NORMAL -> MRM_OPERATING
[autoware_mrm_handler_node-13] [WARN] [1785592679.469434194] [system.mrm_handler]: EMERGENCY_STOP is operated.
[component_container_mt-47] [WARN] [1785592679.520702276] [control.vehicle_cmd_gate]: system_emergency heartbeat is timeout.
[component_container_mt-47] [WARN] [1785592679.570399301] [control.vehicle_cmd_gate]: Emergency!
[autoware_mrm_handler_node-13] [INFO] [1785592679.672553513] [system.mrm_handler]: MRM State changed: MRM_OPERATING -> NORMAL
[autoware_mrm_handler_node-13] [WARN] [1785592679.674674314] [system.mrm_handler]: EMERGENCY_STOP is canceled.
[component_container_mt-40] [INFO] [1785592679.729391442] [planning.scenario_planning.lane_driving.behavior_planning.behavior_path_planner]: waiting for scenario_topic
[component_container-7] [INFO] [1785592679.921362854] [system.topic_state_monitor_mission_planning_route]: /planning/mission_planning/route has not received. Set ERROR in diagnostics.
[component_container-18] [WARN] [1785592679.985826493] [sensing.lidar.top.distortion_corrector_node]: IMU time_stamp is too late. Could not interpolate.
[component_container_mt-1] [WARN] [1785592679.987761867] [localization.util.crop_box_filter_measurement_range]: Invalid PointCloud: row_step mismatch. Expected: 99088 (width 6193 * point_step 16), Got: 0. Frame: 'base_link', Stamp: 77.623953148 Please fill in the `cloud->row_step` field accordingly. This will be an ERROR starting in 2026 July
[autoware_ndt_scan_matcher_node-24] [WARN] [1785592680.018386643] [localization.pose_estimator.ndt_scan_matcher]: Score is below the threshold. Score: 2.0315, Threshold: 2.3
[component_container_mt-1] [WARN] [1785592680.167178216] [sensing.lidar.concatenate_data]: transformed_raw_points[/sensing/lidar/right/pointcloud_before_sync] is nullptr, skipping pointcloud publish.
[component_container_mt-1] [WARN] [1785592680.167261100] [sensing.lidar.concatenate_data]: transformed_raw_points[/sensing/lidar/left/pointcloud_before_sync] is nullptr, skipping pointcloud publish.
[autoware_scenario_selector_node-36] [INFO] [1785592680.167698195] [planning.scenario_planning.scenario_selector]: Waiting for route.
[component_container_mt-48] [INFO] [1785592680.632398352] [control.trajectory_follower.lane_departure_checker_node]: waiting for route msg...
[autoware_mrm_handler_node-13] [INFO] [1785592681.467217518] [system.mrm_handler]: MRM State changed: NORMAL -> MRM_OPERATING
[autoware_mrm_handler_node-13] [WARN] [1785592681.468749931] [system.mrm_handler]: EMERGENCY_STOP is operated.
[logging_node-14] [WARN] [1785592681.567194910] [logging_diag_graph]: The target mode is not available for the following reasons:
[logging_node-14] - /autoware/modes/autonomous ERROR
[logging_node-14]     - /autoware/map ERROR
[logging_node-14]         - /autoware/map/topic_rate_check/vector_map ERROR
[logging_node-14]         - /autoware/map/topic_rate_check/pointcloud_map ERROR
[logging_node-14]     - /autoware/localization ERROR
[logging_node-14]         - [anonymous group] ERROR
[logging_node-14]             - /autoware/localization/topic_rate_check/transform ERROR
[logging_node-14]             - /autoware/localization/scan_matching_status STALE
[logging_node-14]             - /autoware/localization/accuracy ERROR
[logging_node-14]             - /autoware/localization/sensor_fusion_status ERROR
[logging_node-14]     - /autoware/planning ERROR
[logging_node-14]         - /autoware/planning/routing/state ERROR
[logging_node-14]         - [anonymous group] ERROR
[logging_node-14]             - /autoware/planning/topic_rate_check/route ERROR
[logging_node-14]             - /autoware/planning/topic_rate_check/trajectory ERROR
[logging_node-14]     - /autoware/perception WARN 
[logging_node-14]         - /autoware/perception/topic_rate_check/objects WARN 
[logging_node-14]     - /autoware/control ERROR
[logging_node-14]         - /autoware/control/topic_rate_check/trajectory_follower ERROR
[logging_node-14]         - /autoware/control/topic_rate_check/control_command ERROR
[logging_node-14]         - /autoware/control/performance_monitoring/lane_departure STALE
[logging_node-14] 
[autoware_mrm_handler_node-13] [INFO] [1785592681.569602699] [system.mrm_handler]: MRM State changed: MRM_OPERATING -> NORMAL
[autoware_mrm_handler_node-13] [WARN] [1785592681.571443499] [system.mrm_handler]: EMERGENCY_STOP is canceled.
[autoware_ekf_localizer_node-28] [WARN] [1785592681.617266126] [localization.pose_twist_fusion_filter.ekf_localizer]: EKF period may be too slow to finish pose smoothing!! (0.1000 sec)
[component_container_mt-48] [INFO] [1785592681.684418164] [control.control_validator]: waiting for /planning/trajectory
[component_container-7] [WARN] [1785592681.880531016] [system.topic_state_monitor_traffic_light_recognition_traffic_signals]: /perception/traffic_light_recognition/traffic_signals topic rate has dropped to the warning level. Set WARN in diagnostics.
[component_container-18] [WARN] [1785592682.282524046] [sensing.lidar.top.distortion_corrector_node]: Twist time_stamp is too late. Could not interpolate.
[autoware_ndt_scan_matcher_node-24] [WARN] [1785592682.299215046] [localization.pose_estimator.ndt_scan_matcher]: Score is below the threshold. Score: 2.13148, Threshold: 2.3
[component_container_mt-1] [WARN] [1785592682.468850820] [sensing.lidar.concatenate_data]: transformed_raw_points[/sensing/lidar/right/pointcloud_before_sync] is nullptr, skipping pointcloud publish.
[component_container_mt-1] [WARN] [1785592682.470849511] [sensing.lidar.concatenate_data]: transformed_raw_points[/sensing/lidar/left/pointcloud_before_sync] is nullptr, skipping pointcloud publish.
[autoware_mrm_handler_node-13] [INFO] [1785592682.470451962] [system.mrm_handler]: MRM State changed: NORMAL -> MRM_OPERATING
[autoware_ndt_scan_matcher_node-24] [INFO] [1785592682.471788407] [localization.pose_estimator.ndt_scan_matcher]: Mismatch between pose timestamp and current timestamp
[autoware_mrm_handler_node-13] [WARN] [1785592682.472670601] [system.mrm_handler]: EMERGENCY_STOP is operated.
[autoware_mrm_handler_node-13] [INFO] [1785592682.569362794] [system.mrm_handler]: MRM State changed: MRM_OPERATING -> NORMAL
[autoware_mrm_handler_node-13] [WARN] [1785592682.573929563] [system.mrm_handler]: EMERGENCY_STOP is canceled.
[component_container_mt-48] [INFO] [1785592682.880861850] [control.autonomous_emergency_braking]: [AEB] waiting for control predicted trajectory
[component_container-18] [WARN] [1785592682.887740987] [sensing.lidar.top.crop_box_filter_self]: Invalid PointCloud: is_dense is false. The point cloud should be organized (dense) and contain only valid points. This will be an ERROR starting in 2026 JulyFrame: 'velodyne_top', Stamp: 80.523953191
[component_container-7] [INFO] [1785592682.919216463] [system.topic_state_monitor_pointcloud_map]: /map/pointcloud_map has not received. Set ERROR in diagnostics.
[component_container_mt-1] [WARN] [1785592683.069147018] [sensing.lidar.concatenate_data]: transformed_raw_points[/sensing/lidar/right/pointcloud_before_sync] is nullptr, skipping pointcloud publish.
[component_container_mt-1] [WARN] [1785592683.069209974] [sensing.lidar.concatenate_data]: transformed_raw_points[/sensing/lidar/left/pointcloud_before_sync] is nullptr, skipping pointcloud publish.
[autoware_mrm_handler_node-13] [INFO] [1785592683.467338827] [system.mrm_handler]: MRM State changed: NORMAL -> MRM_OPERATING
[autoware_mrm_handler_node-13] [WARN] [1785592683.468183165] [system.mrm_handler]: EMERGENCY_STOP is operated.
[autoware_mrm_handler_node-13] [INFO] [1785592683.567044424] [system.mrm_handler]: MRM State changed: MRM_OPERATING -> NORMAL
[autoware_mrm_handler_node-13] [WARN] [1785592683.568765174] [system.mrm_handler]: EMERGENCY_STOP is canceled.
[autoware_ndt_scan_matcher_node-24] [WARN] [1785592683.897824911] [localization.pose_estimator.ndt_scan_matcher]: Score is below the threshold. Score: 1.99961, Threshold: 2.3
[component_container_mt-1] [WARN] [1785592684.067474744] [sensing.lidar.concatenate_data]: transformed_raw_points[/sensing/lidar/right/pointcloud_before_sync] is nullptr, skipping pointcloud publish.
[component_container_mt-1] [WARN] [1785592684.068497363] [sensing.lidar.concatenate_data]: transformed_raw_points[/sensing/lidar/left/pointcloud_before_sync] is nullptr, skipping pointcloud publish.
[autoware_ekf_localizer_node-28] [WARN] [1785592684.176501576] [localization.pose_twist_fusion_filter.ekf_localizer]: EKF period may be too slow to finish pose smoothing!! (0.1000 sec)
[component_container_mt-47] [INFO] [1785592684.425810080] [control.vehicle_cmd_gate]: The operation mode is changed, but the GearCommand is not received yet:
[component_container_mt-47] [INFO] [1785592684.428736634] [control.trajectory_follower.controller_node_exe]: Waiting for trajectory data
[component_container_mt-47] [INFO] [1785592684.428790890] [control.trajectory_follower.controller_node_exe]: Control is skipped since input data is not ready.
[autoware_mrm_handler_node-13] [INFO] [1785592684.467086722] [system.mrm_handler]: MRM State changed: NORMAL -> MRM_OPERATING
[autoware_mrm_handler_node-13] [WARN] [1785592684.474321359] [system.mrm_handler]: EMERGENCY_STOP is operated.
[autoware_mrm_handler_node-13] [INFO] [1785592684.567209373] [system.mrm_handler]: MRM State changed: MRM_OPERATING -> NORMAL
[autoware_mrm_handler_node-13] [WARN] [1785592684.568494976] [system.mrm_handler]: EMERGENCY_STOP is canceled.
[logging_node-14] [WARN] [1785592684.570369523] [logging_diag_graph]: The target mode is not available for the following reasons:
[logging_node-14] - /autoware/modes/autonomous ERROR
[logging_node-14]     - /autoware/map ERROR
[logging_node-14]         - /autoware/map/topic_rate_check/vector_map ERROR
[logging_node-14]         - /autoware/map/topic_rate_check/pointcloud_map ERROR
[logging_node-14]     - /autoware/localization ERROR
[logging_node-14]         - [anonymous group] ERROR
[logging_node-14]             - /autoware/localization/topic_rate_check/transform ERROR
[logging_node-14]             - /autoware/localization/scan_matching_status WARN 
[logging_node-14]             - /autoware/localization/accuracy ERROR
[logging_node-14]             - /autoware/localization/sensor_fusion_status ERROR
[logging_node-14]     - /autoware/planning ERROR
[logging_node-14]         - /autoware/planning/routing/state ERROR
[logging_node-14]         - [anonymous group] ERROR
[logging_node-14]             - /autoware/planning/topic_rate_check/route ERROR
[logging_node-14]             - /autoware/planning/topic_rate_check/trajectory ERROR
[logging_node-14]     - /autoware/perception WARN 
[logging_node-14]         - /autoware/perception/topic_rate_check/pointcloud WARN 
[logging_node-14]     - /autoware/control ERROR
[logging_node-14]         - /autoware/control/topic_rate_check/trajectory_follower ERROR
[logging_node-14]         - /autoware/control/topic_rate_check/control_command ERROR
[logging_node-14] 
[component_container_mt-40] [INFO] [1785592684.813861213] [planning.scenario_planning.lane_driving.behavior_planning.behavior_path_planner]: waiting for scenario_topic
[component_container-7] [WARN] [1785592684.872575705] [system.topic_state_monitor_traffic_light_recognition_traffic_signals]: /perception/traffic_light_recognition/traffic_signals topic rate has dropped to the warning level. Set WARN in diagnostics.
[autoware_scenario_selector_node-36] [INFO] [1785592685.167570391] [planning.scenario_planning.scenario_selector]: Waiting for route.
[component_container_mt-47] [WARN] [1785592685.327579460] [control.vehicle_cmd_gate]: system_emergency heartbeat is timeout.
[component_container_mt-1] [WARN] [1785592685.491773858] [localization.util.crop_box_filter_measurement_range]: Invalid PointCloud: row_step mismatch. Expected: 100368 (width 6273 * point_step 16), Got: 0. Frame: 'base_link', Stamp: 83.123953230 Please fill in the `cloud->row_step` field accordingly. This will be an ERROR starting in 2026 July
[autoware_ndt_scan_matcher_node-24] [WARN] [1785592685.513314741] [localization.pose_estimator.ndt_scan_matcher]: Score is below the threshold. Score: 2.04738, Threshold: 2.3
[component_container_mt-1] [WARN] [1785592685.567395747] [sensing.lidar.concatenate_data]: transformed_raw_points[/sensing/lidar/right/pointcloud_before_sync] is nullptr, skipping pointcloud publish.
[component_container_mt-1] [WARN] [1785592685.567457833] [sensing.lidar.concatenate_data]: transformed_raw_points[/sensing/lidar/left/pointcloud_before_sync] is nullptr, skipping pointcloud publish.
[autoware_ndt_scan_matcher_node-24] [INFO] [1785592685.570019851] [localization.pose_estimator.ndt_scan_matcher]: pose_buffer_.size() < 2
[component_container_mt-48] [INFO] [1785592685.618934168] [control.trajectory_follower.lane_departure_checker_node]: waiting for route msg...
[component_container_mt-1] [WARN] [1785592685.668395157] [sensing.lidar.concatenate_data]: transformed_raw_points[/sensing/lidar/right/pointcloud_before_sync] is nullptr, skipping pointcloud publish.
[component_container_mt-1] [WARN] [1785592685.668473167] [sensing.lidar.concatenate_data]: transformed_raw_points[/sensing/lidar/left/pointcloud_before_sync] is nullptr, skipping pointcloud publish.
[component_container-7] [INFO] [1785592685.928910588] [system.topic_state_monitor_pointcloud_map]: /map/pointcloud_map has not received. Set ERROR in diagnostics.
[component_container_mt-1] [WARN] [1785592685.968706346] [sensing.lidar.concatenate_data]: transformed_raw_points[/sensing/lidar/right/pointcloud_before_sync] is nullptr, skipping pointcloud publish.
[component_container_mt-1] [WARN] [1785592685.968776219] [sensing.lidar.concatenate_data]: transformed_raw_points[/sensing/lidar/left/pointcloud_before_sync] is nullptr, skipping pointcloud publish.
[autoware_ekf_localizer_node-28] [WARN] [1785592686.267788621] [localization.pose_twist_fusion_filter.ekf_localizer]: EKF period may be too slow to finish pose smoothing!! (0.1000 sec)
[autoware_mrm_handler_node-13] [INFO] [1785592686.467932894] [system.mrm_handler]: MRM State changed: NORMAL -> MRM_OPERATING
[component_container_mt-1] [WARN] [1785592686.467838248] [sensing.lidar.concatenate_data]: transformed_raw_points[/sensing/lidar/right/pointcloud_before_sync] is nullptr, skipping pointcloud publish.
[component_container_mt-1] [WARN] [1785592686.468027235] [sensing.lidar.concatenate_data]: transformed_raw_points[/sensing/lidar/left/pointcloud_before_sync] is nullptr, skipping pointcloud publish.
[autoware_mrm_handler_node-13] [WARN] [1785592686.469179733] [system.mrm_handler]: EMERGENCY_STOP is operated.
[autoware_ndt_scan_matcher_node-24] [WARN] [1785592686.489614376] [localization.pose_estimator.ndt_scan_matcher]: Score is below the threshold. Score: 2.13169, Threshold: 2.3
[component_container_mt-47] [WARN] [1785592686.568593957] [control.vehicle_cmd_gate]: Emergency!
[autoware_mrm_handler_node-13] [INFO] [1785592686.670786909] [system.mrm_handler]: MRM State changed: MRM_OPERATING -> NORMAL
[autoware_mrm_handler_node-13] [WARN] [1785592686.673659773] [system.mrm_handler]: EMERGENCY_STOP is canceled.
[component_container_mt-1] [WARN] [1785592686.768460102] [sensing.lidar.concatenate_data]: transformed_raw_points[/sensing/lidar/right/pointcloud_before_sync] is nullptr, skipping pointcloud publish.
[component_container_mt-1] [WARN] [1785592686.769680572] [sensing.lidar.concatenate_data]: transformed_raw_points[/sensing/lidar/left/pointcloud_before_sync] is nullptr, skipping pointcloud publish.
[autoware_ndt_scan_matcher_node-24] [INFO] [1785592686.779155894] [localization.pose_estimator.ndt_scan_matcher]: Mismatch between pose timestamp and current timestamp
[component_container_mt-1] [WARN] [1785592686.969049891] [sensing.lidar.concatenate_data]: transformed_raw_points[/sensing/lidar/right/pointcloud_before_sync] is nullptr, skipping pointcloud publish.
[component_container_mt-1] [WARN] [1785592686.969124223] [sensing.lidar.concatenate_data]: transformed_raw_points[/sensing/lidar/left/pointcloud_before_sync] is nullptr, skipping pointcloud publish.
[logging_node-14] [WARN] [1785592687.567492358] [logging_diag_graph]: The target mode is not available for the following reasons:
[logging_node-14] - /autoware/modes/autonomous ERROR
[logging_node-14]     - /autoware/map ERROR
[logging_node-14]         - /autoware/map/topic_rate_check/vector_map ERROR
[logging_node-14]         - /autoware/map/topic_rate_check/pointcloud_map ERROR
[logging_node-14]     - /autoware/localization ERROR
[logging_node-14]         - [anonymous group] ERROR
[logging_node-14]             - /autoware/localization/topic_rate_check/transform ERROR
[logging_node-14]             - /autoware/localization/scan_matching_status WARN 
[logging_node-14]             - /autoware/localization/accuracy ERROR
[logging_node-14]             - /autoware/localization/sensor_fusion_status ERROR
[logging_node-14]     - /autoware/planning ERROR
[logging_node-14]         - /autoware/planning/routing/state STALE
[logging_node-14]         - [anonymous group] ERROR
[logging_node-14]             - /autoware/planning/topic_rate_check/route ERROR
[logging_node-14]             - /autoware/planning/topic_rate_check/trajectory ERROR
[logging_node-14]     - /autoware/perception WARN 
[logging_node-14]         - /autoware/perception/topic_rate_check/objects WARN 
[logging_node-14]         - /autoware/perception/topic_rate_check/pointcloud WARN 
[logging_node-14]     - /autoware/control ERROR
[logging_node-14]         - /autoware/control/topic_rate_check/trajectory_follower ERROR
[logging_node-14]         - /autoware/control/topic_rate_check/control_command ERROR
[logging_node-14]         - /autoware/control/performance_monitoring/control_state STALE
[logging_node-14]     - /adapi/mrm_request/delegate STALE
[logging_node-14] 
[autoware_ndt_scan_matcher_node-24] [WARN] [1785592687.802360810] [localization.pose_estimator.ndt_scan_matcher]: Score is below the threshold. Score: 1.95056, Threshold: 2.3
[component_container_mt-1] [WARN] [1785592687.969255819] [sensing.lidar.concatenate_data]: transformed_raw_points[/sensing/lidar/right/pointcloud_before_sync] is nullptr, skipping pointcloud publish.
[component_container_mt-1] [WARN] [1785592687.969338624] [sensing.lidar.concatenate_data]: transformed_raw_points[/sensing/lidar/left/pointcloud_before_sync] is nullptr, skipping pointcloud publish.
[autoware_ndt_scan_matcher_node-24] [INFO] [1785592687.970746820] [localization.pose_estimator.ndt_scan_matcher]: Mismatch between pose timestamp and current timestamp
[component_container-7] [WARN] [1785592687.987233619] [system.topic_state_monitor_traffic_light_recognition_traffic_signals]: /perception/traffic_light_recognition/traffic_signals topic rate has dropped to the warning level. Set WARN in diagnostics.
[component_container_mt-48] [INFO] [1785592688.267638984] [control.autonomous_emergency_braking]: [AEB] waiting for control predicted trajectory
[autoware_ekf_localizer_node-28] [WARN] [1785592688.468096111] [localization.pose_twist_fusion_filter.ekf_localizer]: EKF period may be too slow to finish pose smoothing!! (0.1000 sec)
[component_container-18] [WARN] [1785592688.584503121] [sensing.lidar.top.crop_box_filter_self]: Invalid PointCloud: is_dense is false. The point cloud should be organized (dense) and contain only valid points. This will be an ERROR starting in 2026 JulyFrame: 'velodyne_top', Stamp: 86.223953276
[component_container_mt-1] [WARN] [1785592688.767425204] [sensing.lidar.concatenate_data]: transformed_raw_points[/sensing/lidar/right/pointcloud_before_sync] is nullptr, skipping pointcloud publish.
[component_container_mt-1] [WARN] [1785592688.767513477] [sensing.lidar.concatenate_data]: transformed_raw_points[/sensing/lidar/left/pointcloud_before_sync] is nullptr, skipping pointcloud publish.
[autoware_ndt_scan_matcher_node-24] [INFO] [1785592688.775974581] [localization.pose_estimator.ndt_scan_matcher]: Mismatch between pose timestamp and current timestamp
[component_container_mt-1] [WARN] [1785592688.868891296] [sensing.lidar.concatenate_data]: transformed_raw_points[/sensing/lidar/right/pointcloud_before_sync] is nullptr, skipping pointcloud publish.
[component_container_mt-1] [WARN] [1785592688.868956013] [sensing.lidar.concatenate_data]: transformed_raw_points[/sensing/lidar/left/pointcloud_before_sync] is nullptr, skipping pointcloud publish.
[autoware_ndt_scan_matcher_node-24] [WARN] [1785592688.877884380] [localization.pose_estimator.ndt_scan_matcher]: Score is below the threshold. Score: 1.98877, Threshold: 2.3
[component_container-7] [INFO] [1785592689.071188579] [system.topic_state_monitor_mission_planning_route]: /planning/mission_planning/route has not received. Set ERROR in diagnostics.
[autoware_mrm_handler_node-13] [INFO] [1785592689.467093107] [system.mrm_handler]: MRM State changed: NORMAL -> MRM_OPERATING
[component_container_mt-47] [INFO] [1785592689.467481918] [control.vehicle_cmd_gate]: The operation mode is changed, but the GearCommand is not received yet:
[component_container_mt-47] [INFO] [1785592689.467748688] [control.trajectory_follower.controller_node_exe]: Waiting for trajectory data
[component_container_mt-47] [INFO] [1785592689.467785767] [control.trajectory_follower.controller_node_exe]: Control is skipped since input data is not ready.
[autoware_mrm_handler_node-13] [WARN] [1785592689.470080950] [system.mrm_handler]: EMERGENCY_STOP is operated.
[component_container_mt-47] [WARN] [1785592689.535475190] [control.vehicle_cmd_gate]: Emergency!
[autoware_mrm_handler_node-13] [INFO] [1785592689.767731999] [system.mrm_handler]: MRM State changed: MRM_OPERATING -> NORMAL
[autoware_mrm_handler_node-13] [WARN] [1785592689.768974857] [system.mrm_handler]: EMERGENCY_STOP is canceled.
[component_container_mt-40] [INFO] [1785592690.117850868] [planning.scenario_planning.lane_driving.behavior_planning.behavior_path_planner]: waiting for scenario_topic
[autoware_scenario_selector_node-36] [INFO] [1785592690.167184642] [planning.scenario_planning.scenario_selector]: Waiting for route.
[component_container-18] [WARN] [1785592690.283041055] [sensing.lidar.top.distortion_corrector_node]: IMU time_stamp is too late. Could not interpolate.
[autoware_ndt_scan_matcher_node-24] [WARN] [1785592690.315359241] [localization.pose_estimator.ndt_scan_matcher]: Score is below the threshold. Score: 2.0421, Threshold: 2.3
[component_container_mt-1] [WARN] [1785592690.467495494] [sensing.lidar.concatenate_data]: transformed_raw_points[/sensing/lidar/right/pointcloud_before_sync] is nullptr, skipping pointcloud publish.
[component_container_mt-1] [WARN] [1785592690.467610097] [sensing.lidar.concatenate_data]: transformed_raw_points[/sensing/lidar/left/pointcloud_before_sync] is nullptr, skipping pointcloud publish.
[component_container_mt-48] [INFO] [1785592690.479054718] [control.control_validator]: waiting for /planning/trajectory
[component_container_mt-1] [WARN] [1785592690.486186700] [localization.util.crop_box_filter_measurement_range]: Invalid PointCloud: row_step mismatch. Expected: 99392 (width 6212 * point_step 16), Got: 0. Frame: 'base_link', Stamp: 88.123953305 Please fill in the `cloud->row_step` field accordingly. This will be an ERROR starting in 2026 July
[logging_node-14] [WARN] [1785592690.569170377] [logging_diag_graph]: The target mode is not available for the following reasons:
[logging_node-14] - /autoware/modes/autonomous ERROR
[logging_node-14]     - /autoware/map ERROR
[logging_node-14]         - /autoware/map/topic_rate_check/vector_map ERROR
[logging_node-14]         - /autoware/map/topic_rate_check/pointcloud_map ERROR
[logging_node-14]     - /autoware/localization ERROR
[logging_node-14]         - [anonymous group] ERROR
[logging_node-14]             - /autoware/localization/topic_rate_check/transform ERROR
[logging_node-14]             - /autoware/localization/scan_matching_status WARN 
[logging_node-14]             - /autoware/localization/accuracy ERROR
[logging_node-14]             - /autoware/localization/sensor_fusion_status ERROR
[logging_node-14]     - /autoware/planning ERROR
[logging_node-14]         - /autoware/planning/routing/state ERROR
[logging_node-14]         - [anonymous group] ERROR
[logging_node-14]             - /autoware/planning/topic_rate_check/route ERROR
[logging_node-14]             - /autoware/planning/topic_rate_check/trajectory ERROR
[logging_node-14]     - /autoware/perception WARN 
[logging_node-14]         - /autoware/perception/topic_rate_check/objects WARN 
[logging_node-14]         - /autoware/perception/topic_rate_check/pointcloud WARN 
[logging_node-14]     - /autoware/control ERROR
[logging_node-14]         - /autoware/control/topic_rate_check/trajectory_follower ERROR
[logging_node-14]         - /autoware/control/topic_rate_check/control_command ERROR
[logging_node-14]         - /autoware/control/performance_monitoring/lane_departure STALE
[logging_node-14] 
[component_container_mt-48] [INFO] [1785592690.667399110] [control.trajectory_follower.lane_departure_checker_node]: waiting for route msg...
[component_container_mt-1] [WARN] [1785592690.667868718] [sensing.lidar.concatenate_data]: transformed_raw_points[/sensing/lidar/right/pointcloud_before_sync] is nullptr, skipping pointcloud publish.
[component_container_mt-1] [WARN] [1785592690.667931524] [sensing.lidar.concatenate_data]: transformed_raw_points[/sensing/lidar/left/pointcloud_before_sync] is nullptr, skipping pointcloud publish.
[component_container-7] [WARN] [1785592691.006073554] [system.topic_state_monitor_traffic_light_recognition_traffic_signals]: /perception/traffic_light_recognition/traffic_signals topic rate has dropped to the warning level. Set WARN in diagnostics.
[autoware_ndt_scan_matcher_node-24] [WARN] [1785592691.411426228] [localization.pose_estimator.ndt_scan_matcher]: Score is below the threshold. Score: 1.98054, Threshold: 2.3
[autoware_mrm_handler_node-13] [INFO] [1785592691.473416690] [system.mrm_handler]: MRM State changed: NORMAL -> MRM_OPERATING
[autoware_mrm_handler_node-13] [WARN] [1785592691.473675264] [system.mrm_handler]: EMERGENCY_STOP is operated.
[component_container_mt-1] [WARN] [1785592691.567610985] [sensing.lidar.concatenate_data]: transformed_raw_points[/sensing/lidar/right/pointcloud_before_sync] is nullptr, skipping pointcloud publish.
[component_container_mt-1] [WARN] [1785592691.567689618] [sensing.lidar.concatenate_data]: transformed_raw_points[/sensing/lidar/left/pointcloud_before_sync] is nullptr, skipping pointcloud publish.
[component_container_mt-47] [WARN] [1785592691.667958827] [control.vehicle_cmd_gate]: Emergency!
[autoware_mrm_handler_node-13] [INFO] [1785592691.668406458] [system.mrm_handler]: MRM State changed: MRM_OPERATING -> NORMAL
[autoware_mrm_handler_node-13] [WARN] [1785592691.669020233] [system.mrm_handler]: EMERGENCY_STOP is canceled.
[component_container_mt-1] [WARN] [1785592691.767263150] [sensing.lidar.concatenate_data]: transformed_raw_points[/sensing/lidar/right/pointcloud_before_sync] is nullptr, skipping pointcloud publish.
[component_container_mt-1] [WARN] [1785592691.767333585] [sensing.lidar.concatenate_data]: transformed_raw_points[/sensing/lidar/left/pointcloud_before_sync] is nullptr, skipping pointcloud publish.
[autoware_ekf_localizer_node-28] [WARN] [1785592691.880492335] [localization.pose_twist_fusion_filter.ekf_localizer]: EKF period may be too slow to finish pose smoothing!! (0.1000 sec)
[component_container-7] [INFO] [1785592692.078987706] [system.topic_state_monitor_mission_planning_route]: /planning/mission_planning/route has not received. Set ERROR in diagnostics.
[component_container_mt-1] [WARN] [1785592692.468835185] [sensing.lidar.concatenate_data]: transformed_raw_points[/sensing/lidar/right/pointcloud_before_sync] is nullptr, skipping pointcloud publish.
[component_container_mt-1] [WARN] [1785592692.468899972] [sensing.lidar.concatenate_data]: transformed_raw_points[/sensing/lidar/left/pointcloud_before_sync] is nullptr, skipping pointcloud publish.
[autoware_ndt_scan_matcher_node-24] [INFO] [1785592692.470852574] [localization.pose_estimator.ndt_scan_matcher]: Mismatch between pose timestamp and current timestamp
[component_container_mt-48] [INFO] [1785592693.267785659] [control.autonomous_emergency_braking]: [AEB] waiting for control predicted trajectory
[component_container-18] [WARN] [1785592693.386036652] [sensing.lidar.top.distortion_corrector_node]: Twist time_stamp is too late. Could not interpolate.
[autoware_mrm_handler_node-13] [INFO] [1785592693.467603019] [system.mrm_handler]: MRM State changed: NORMAL -> MRM_OPERATING
[autoware_mrm_handler_node-13] [WARN] [1785592693.468516408] [system.mrm_handler]: EMERGENCY_STOP is operated.
[component_container_mt-47] [WARN] [1785592693.517608157] [control.vehicle_cmd_gate]: Emergency!
[logging_node-14] [WARN] [1785592693.567951063] [logging_diag_graph]: The target mode is not available for the following reasons:
[logging_node-14] - /autoware/modes/autonomous ERROR
[logging_node-14]     - /autoware/map ERROR
[logging_node-14]         - /autoware/map/topic_rate_check/vector_map ERROR
[logging_node-14]         - /autoware/map/topic_rate_check/pointcloud_map ERROR
[logging_node-14]     - /autoware/localization ERROR
[logging_node-14]         - [anonymous group] ERROR
[logging_node-14]             - /autoware/localization/topic_rate_check/transform ERROR
[logging_node-14]             - /autoware/localization/scan_matching_status STALE
[logging_node-14]             - /autoware/localization/accuracy ERROR
[logging_node-14]             - /autoware/localization/sensor_fusion_status ERROR
[logging_node-14]     - /autoware/planning ERROR
[logging_node-14]         - /autoware/planning/routing/state STALE
[logging_node-14]         - [anonymous group] ERROR
[logging_node-14]             - /autoware/planning/topic_rate_check/route ERROR
[logging_node-14]             - /autoware/planning/topic_rate_check/trajectory ERROR
[logging_node-14]     - /autoware/perception WARN 
[logging_node-14]         - /autoware/perception/topic_rate_check/objects WARN 
[logging_node-14]     - /autoware/control ERROR
[logging_node-14]         - /autoware/control/topic_rate_check/trajectory_follower ERROR
[logging_node-14]         - /autoware/control/topic_rate_check/control_command ERROR
[logging_node-14]     - /adapi/mrm_request/delegate STALE
[logging_node-14] 
[component_container_mt-1] [WARN] [1785592693.570764108] [sensing.lidar.concatenate_data]: transformed_raw_points[/sensing/lidar/right/pointcloud_before_sync] is nullptr, skipping pointcloud publish.
[component_container_mt-1] [WARN] [1785592693.570834935] [sensing.lidar.concatenate_data]: transformed_raw_points[/sensing/lidar/left/pointcloud_before_sync] is nullptr, skipping pointcloud publish.
[autoware_ndt_scan_matcher_node-24] [WARN] [1785592693.586476988] [localization.pose_estimator.ndt_scan_matcher]: Score is below the threshold. Score: 1.99742, Threshold: 2.3
[autoware_mrm_handler_node-13] [INFO] [1785592693.667996918] [system.mrm_handler]: MRM State changed: MRM_OPERATING -> NORMAL
[autoware_mrm_handler_node-13] [WARN] [1785592693.668403624] [system.mrm_handler]: EMERGENCY_STOP is canceled.
[component_container-18] [WARN] [1785592693.783930352] [sensing.lidar.top.crop_box_filter_self]: Invalid PointCloud: is_dense is false. The point cloud should be organized (dense) and contain only valid points. This will be an ERROR starting in 2026 JulyFrame: 'velodyne_top', Stamp: 91.423953354
[autoware_ekf_localizer_node-28] [WARN] [1785592693.967781450] [localization.pose_twist_fusion_filter.ekf_localizer]: EKF period may be too slow to finish pose smoothing!! (0.1000 sec)
[component_container_mt-1] [WARN] [1785592693.969737271] [sensing.lidar.concatenate_data]: transformed_raw_points[/sensing/lidar/right/pointcloud_before_sync] is nullptr, skipping pointcloud publish.
[component_container_mt-1] [WARN] [1785592693.969800379] [sensing.lidar.concatenate_data]: transformed_raw_points[/sensing/lidar/left/pointcloud_before_sync] is nullptr, skipping pointcloud publish.
[component_container-7] [WARN] [1785592693.977056812] [system.topic_state_monitor_control_command_control_cmd]: /control/command/control_cmd topic rate has dropped to the error level. Set ERROR in diagnostics.
[component_container_mt-47] [INFO] [1785592694.619222106] [control.vehicle_cmd_gate]: The operation mode is changed, but the GearCommand is not received yet:
[component_container_mt-47] [INFO] [1785592694.619296641] [control.trajectory_follower.controller_node_exe]: Waiting for trajectory data
[component_container_mt-47] [INFO] [1785592694.621023296] [control.trajectory_follower.controller_node_exe]: Control is skipped since input data is not ready.
[component_container_mt-47] [WARN] [1785592694.668342451] [control.vehicle_cmd_gate]: system_emergency heartbeat is timeout.
[component_container_mt-40] [INFO] [1785592695.150281555] [planning.scenario_planning.lane_driving.behavior_planning.behavior_path_planner]: waiting for scenario_topic
[autoware_scenario_selector_node-36] [INFO] [1785592695.167533973] [planning.scenario_planning.scenario_selector]: Waiting for route.
[component_container_mt-48] [INFO] [1785592695.669047929] [control.trajectory_follower.lane_departure_checker_node]: waiting for route msg...
[component_container-7] [INFO] [1785592695.677194839] [system.topic_state_monitor_mission_planning_route]: /planning/mission_planning/route has not received. Set ERROR in diagnostics.
[component_container_mt-1] [WARN] [1785592695.788357034] [localization.util.crop_box_filter_measurement_range]: Invalid PointCloud: row_step mismatch. Expected: 99104 (width 6194 * point_step 16), Got: 0. Frame: 'base_link', Stamp: 93.423953384 Please fill in the `cloud->row_step` field accordingly. This will be an ERROR starting in 2026 July
[autoware_ndt_scan_matcher_node-24] [WARN] [1785592695.795418526] [localization.pose_estimator.ndt_scan_matcher]: Score is below the threshold. Score: 2.01867, Threshold: 2.3
[component_container_mt-1] [WARN] [1785592695.967357068] [sensing.lidar.concatenate_data]: transformed_raw_points[/sensing/lidar/right/pointcloud_before_sync] is nullptr, skipping pointcloud publish.
[component_container_mt-1] [WARN] [1785592695.967430798] [sensing.lidar.concatenate_data]: transformed_raw_points[/sensing/lidar/left/pointcloud_before_sync] is nullptr, skipping pointcloud publish.
[autoware_ekf_localizer_node-28] [WARN] [1785592696.167486624] [localization.pose_twist_fusion_filter.ekf_localizer]: EKF period may be too slow to finish pose smoothing!! (0.1000 sec)
[component_container_mt-1] [WARN] [1785592696.268390901] [sensing.lidar.concatenate_data]: transformed_raw_points[/sensing/lidar/right/pointcloud_before_sync] is nullptr, skipping pointcloud publish.
[component_container_mt-1] [WARN] [1785592696.268466336] [sensing.lidar.concatenate_data]: transformed_raw_points[/sensing/lidar/left/pointcloud_before_sync] is nullptr, skipping pointcloud publish.
[autoware_mrm_handler_node-13] [INFO] [1785592696.467125697] [system.mrm_handler]: MRM State changed: NORMAL -> MRM_OPERATING
[autoware_mrm_handler_node-13] [WARN] [1785592696.467552228] [system.mrm_handler]: EMERGENCY_STOP is operated.
[logging_node-14] [WARN] [1785592696.568195244] [logging_diag_graph]: The target mode is not available for the following reasons:
[logging_node-14] - /autoware/modes/autonomous ERROR
[logging_node-14]     - /autoware/map ERROR
[logging_node-14]         - /autoware/map/topic_rate_check/vector_map ERROR
[logging_node-14]         - /autoware/map/topic_rate_check/pointcloud_map ERROR
[logging_node-14]     - /autoware/localization ERROR
[logging_node-14]         - [anonymous group] ERROR
[logging_node-14]             - /autoware/localization/topic_rate_check/transform ERROR
[logging_node-14]             - /autoware/localization/scan_matching_status WARN 
[logging_node-14]             - /autoware/localization/accuracy ERROR
[logging_node-14]             - /autoware/localization/sensor_fusion_status ERROR
[logging_node-14]     - /autoware/planning ERROR
[logging_node-14]         - /autoware/planning/routing/state ERROR
[logging_node-14]         - [anonymous group] ERROR
[logging_node-14]             - /autoware/planning/topic_rate_check/route ERROR
[logging_node-14]             - /autoware/planning/topic_rate_check/trajectory ERROR
[logging_node-14]     - /autoware/perception WARN 
[logging_node-14]         - /autoware/perception/topic_rate_check/objects WARN 
[logging_node-14]     - /autoware/control ERROR
[logging_node-14]         - /autoware/control/topic_rate_check/trajectory_follower ERROR
[logging_node-14]         - /autoware/control/topic_rate_check/control_command ERROR
[logging_node-14]         - /autoware/control/performance_monitoring/lane_departure STALE
[logging_node-14] 
[autoware_mrm_handler_node-13] [INFO] [1785592696.570532815] [system.mrm_handler]: MRM State changed: MRM_OPERATING -> NORMAL
[autoware_mrm_handler_node-13] [WARN] [1785592696.577954191] [system.mrm_handler]: EMERGENCY_STOP is canceled.
[component_container_mt-1] [WARN] [1785592696.669356107] [sensing.lidar.concatenate_data]: transformed_raw_points[/sensing/lidar/right/pointcloud_before_sync] is nullptr, skipping pointcloud publish.
[component_container_mt-1] [WARN] [1785592696.669430167] [sensing.lidar.concatenate_data]: transformed_raw_points[/sensing/lidar/left/pointcloud_before_sync] is nullptr, skipping pointcloud publish.
[autoware_ndt_scan_matcher_node-24] [INFO] [1785592696.671941782] [localization.pose_estimator.ndt_scan_matcher]: Mismatch between pose timestamp and current timestamp
[component_container-7] [WARN] [1785592696.981985037] [system.topic_state_monitor_traffic_light_recognition_traffic_signals]: /perception/traffic_light_recognition/traffic_signals topic is timeout. Set ERROR in diagnostics.
[component_container_mt-47] [WARN] [1785592697.686665977] [control.autoware_operation_mode_transition_manager]: Subscribed control_cmd is timed out.
[autoware_ndt_scan_matcher_node-24] [WARN] [1785592698.114936583] [localization.pose_estimator.ndt_scan_matcher]: Score is below the threshold. Score: 1.98731, Threshold: 2.3
[autoware_ekf_localizer_node-28] [WARN] [1785592698.167842816] [localization.pose_twist_fusion_filter.ekf_localizer]: EKF period may be too slow to finish pose smoothing!! (0.1000 sec)
[component_container_mt-1] [WARN] [1785592698.268384298] [sensing.lidar.concatenate_data]: transformed_raw_points[/sensing/lidar/right/pointcloud_before_sync] is nullptr, skipping pointcloud publish.
[component_container_mt-1] [WARN] [1785592698.268457342] [sensing.lidar.concatenate_data]: transformed_raw_points[/sensing/lidar/left/pointcloud_before_sync] is nullptr, skipping pointcloud publish.
[component_container_mt-48] [INFO] [1785592698.289952727] [control.autonomous_emergency_braking]: [AEB] waiting for control predicted trajectory
[component_container_mt-1] [WARN] [1785592698.870506018] [sensing.lidar.concatenate_data]: transformed_raw_points[/sensing/lidar/right/pointcloud_before_sync] is nullptr, skipping pointcloud publish.
[component_container_mt-1] [WARN] [1785592698.870591747] [sensing.lidar.concatenate_data]: transformed_raw_points[/sensing/lidar/left/pointcloud_before_sync] is nullptr, skipping pointcloud publish.
[component_container-18] [WARN] [1785592698.887598953] [sensing.lidar.top.crop_box_filter_self]: Invalid PointCloud: is_dense is false. The point cloud should be organized (dense) and contain only valid points. This will be an ERROR starting in 2026 JulyFrame: 'velodyne_top', Stamp: 96.523953430
[autoware_ndt_scan_matcher_node-24] [INFO] [1785592698.891431163] [localization.pose_estimator.ndt_scan_matcher]: pose_buffer_.size() < 2
[component_container-7] [INFO] [1785592698.919003759] [system.topic_state_monitor_mission_planning_route]: /planning/mission_planning/route has not received. Set ERROR in diagnostics.
[component_container_mt-1] [WARN] [1785592698.967358959] [sensing.lidar.concatenate_data]: transformed_raw_points[/sensing/lidar/right/pointcloud_before_sync] is nullptr, skipping pointcloud publish.
[component_container_mt-1] [WARN] [1785592698.967419980] [sensing.lidar.concatenate_data]: transformed_raw_points[/sensing/lidar/left/pointcloud_before_sync] is nullptr, skipping pointcloud publish.
[autoware_ndt_scan_matcher_node-24] [INFO] [1785592698.970640276] [localization.pose_estimator.ndt_scan_matcher]: pose_buffer_.size() < 2
[component_container_mt-1] [WARN] [1785592699.069599523] [sensing.lidar.concatenate_data]: transformed_raw_points[/sensing/lidar/right/pointcloud_before_sync] is nullptr, skipping pointcloud publish.
[component_container_mt-1] [WARN] [1785592699.069661252] [sensing.lidar.concatenate_data]: transformed_raw_points[/sensing/lidar/left/pointcloud_before_sync] is nullptr, skipping pointcloud publish.
[autoware_ndt_scan_matcher_node-24] [INFO] [1785592699.076500888] [localization.pose_estimator.ndt_scan_matcher]: Mismatch between pose timestamp and current timestamp
[component_container_mt-1] [WARN] [1785592699.168880372] [sensing.lidar.concatenate_data]: transformed_raw_points[/sensing/lidar/right/pointcloud_before_sync] is nullptr, skipping pointcloud publish.
[component_container_mt-1] [WARN] [1785592699.168952408] [sensing.lidar.concatenate_data]: transformed_raw_points[/sensing/lidar/left/pointcloud_before_sync] is nullptr, skipping pointcloud publish.
[autoware_ndt_scan_matcher_node-24] [WARN] [1785592699.182073247] [localization.pose_estimator.ndt_scan_matcher]: Score is below the threshold. Score: 2.08824, Threshold: 2.3
[autoware_mrm_handler_node-13] [INFO] [1785592699.467491668] [system.mrm_handler]: MRM State changed: NORMAL -> MRM_OPERATING
[autoware_mrm_handler_node-13] [WARN] [1785592699.472595789] [system.mrm_handler]: EMERGENCY_STOP is operated.
[logging_node-14] [WARN] [1785592699.567607652] [logging_diag_graph]: The target mode is not available for the following reasons:
[logging_node-14] - /autoware/modes/autonomous ERROR
[logging_node-14]     - /autoware/map ERROR
[logging_node-14]         - /autoware/map/topic_rate_check/vector_map ERROR
[logging_node-14]         - /autoware/map/topic_rate_check/pointcloud_map ERROR
[logging_node-14]     - /autoware/localization ERROR
[logging_node-14]         - [anonymous group] ERROR
[logging_node-14]             - /autoware/localization/topic_rate_check/transform ERROR
[logging_node-14]             - /autoware/localization/scan_matching_status WARN 
[logging_node-14]             - /autoware/localization/accuracy ERROR
[logging_node-14]             - /autoware/localization/sensor_fusion_status ERROR
[logging_node-14]     - /autoware/planning ERROR
[logging_node-14]         - /autoware/planning/routing/state ERROR
[logging_node-14]         - [anonymous group] ERROR
[logging_node-14]             - /autoware/planning/topic_rate_check/route ERROR
[logging_node-14]             - /autoware/planning/topic_rate_check/trajectory ERROR
[logging_node-14]     - /autoware/control ERROR
[logging_node-14]         - /autoware/control/topic_rate_check/trajectory_follower ERROR
[logging_node-14]         - /autoware/control/topic_rate_check/control_command ERROR
[logging_node-14]         - /autoware/control/performance_monitoring/control_state STALE
[logging_node-14] 
[autoware_mrm_handler_node-13] [INFO] [1785592699.568368327] [system.mrm_handler]: MRM State changed: MRM_OPERATING -> NORMAL
[autoware_mrm_handler_node-13] [WARN] [1785592699.568984491] [system.mrm_handler]: EMERGENCY_STOP is canceled.
[component_container_mt-47] [INFO] [1785592699.617584742] [control.trajectory_follower.controller_node_exe]: Waiting for trajectory data
[component_container_mt-47] [INFO] [1785592699.617636779] [control.trajectory_follower.controller_node_exe]: Control is skipped since input data is not ready.
[component_container_mt-47] [INFO] [1785592699.868555863] [control.vehicle_cmd_gate]: The operation mode is changed, but the GearCommand is not received yet:
[component_container-7] [WARN] [1785592700.127564262] [system.topic_state_monitor_traffic_light_recognition_traffic_signals]: /perception/traffic_light_recognition/traffic_signals topic rate has dropped to the warning level. Set WARN in diagnostics.
[autoware_scenario_selector_node-36] [INFO] [1785592700.168391606] [planning.scenario_planning.scenario_selector]: Waiting for route.
[component_container-18] [WARN] [1785592700.284561900] [sensing.lidar.top.distortion_corrector_node]: IMU time_stamp is too late. Could not interpolate.
[autoware_ndt_scan_matcher_node-24] [WARN] [1785592700.295900552] [localization.pose_estimator.ndt_scan_matcher]: Score is below the threshold. Score: 1.97945, Threshold: 2.3
[autoware_mrm_handler_node-13] [INFO] [1785592700.467367436] [system.mrm_handler]: MRM State changed: NORMAL -> MRM_OPERATING
[autoware_mrm_handler_node-13] [WARN] [1785592700.468231517] [system.mrm_handler]: EMERGENCY_STOP is operated.
[autoware_ekf_localizer_node-28] [WARN] [1785592700.467482910] [localization.pose_twist_fusion_filter.ekf_localizer]: EKF period may be too slow to finish pose smoothing!! (0.1000 sec)
[component_container_mt-1] [WARN] [1785592700.468034060] [sensing.lidar.concatenate_data]: transformed_raw_points[/sensing/lidar/right/pointcloud_before_sync] is nullptr, skipping pointcloud publish.
[component_container_mt-1] [WARN] [1785592700.468107336] [sensing.lidar.concatenate_data]: transformed_raw_points[/sensing/lidar/left/pointcloud_before_sync] is nullptr, skipping pointcloud publish.
[autoware_mrm_handler_node-13] [INFO] [1785592700.569036436] [system.mrm_handler]: MRM State changed: MRM_OPERATING -> NORMAL
[autoware_mrm_handler_node-13] [WARN] [1785592700.570684317] [system.mrm_handler]: EMERGENCY_STOP is canceled.
[component_container_mt-48] [INFO] [1785592700.726478816] [control.trajectory_follower.lane_departure_checker_node]: waiting for route msg...
[component_container_mt-47] [WARN] [1785592700.817757982] [control.autoware_operation_mode_transition_manager]: Subscribed control_cmd is timed out.
[component_container_mt-40] [INFO] [1785592700.919841432] [planning.scenario_planning.lane_driving.behavior_planning.behavior_path_planner]: waiting for scenario_topic
[component_container_mt-47] [WARN] [1785592701.203923468] [control.vehicle_cmd_gate]: system_emergency heartbeat is timeout.
[component_container_mt-48] [INFO] [1785592701.208184613] [control.control_validator]: waiting for /planning/trajectory
[autoware_mrm_handler_node-13] [INFO] [1785592701.467213579] [system.mrm_handler]: MRM State changed: NORMAL -> MRM_OPERATING
[autoware_mrm_handler_node-13] [WARN] [1785592701.467585722] [system.mrm_handler]: EMERGENCY_STOP is operated.
[autoware_mrm_handler_node-13] [INFO] [1785592701.567122683] [system.mrm_handler]: MRM State changed: MRM_OPERATING -> NORMAL
[autoware_mrm_handler_node-13] [WARN] [1785592701.567971343] [system.mrm_handler]: EMERGENCY_STOP is canceled.
[component_container-7] [INFO] [1785592701.975892112] [system.topic_state_monitor_mission_planning_route]: /planning/mission_planning/route has not received. Set ERROR in diagnostics.
[logging_node-14] [WARN] [1785592702.867126614] [logging_diag_graph]: The target mode is not available for the following reasons:
[logging_node-14] - /autoware/modes/autonomous ERROR
[logging_node-14]     - /autoware/map ERROR
[logging_node-14]         - /autoware/map/topic_rate_check/vector_map ERROR
[logging_node-14]         - /autoware/map/topic_rate_check/pointcloud_map ERROR
[logging_node-14]     - /autoware/localization ERROR
[logging_node-14]         - /autoware/localization/state STALE
[logging_node-14]         - [anonymous group] ERROR
[logging_node-14]             - /autoware/localization/topic_rate_check/transform ERROR
[logging_node-14]             - /autoware/localization/scan_matching_status STALE
[logging_node-14]             - /autoware/localization/accuracy ERROR
[logging_node-14]             - /autoware/localization/sensor_fusion_status ERROR
[logging_node-14]     - /autoware/planning ERROR
[logging_node-14]         - /autoware/planning/routing/state ERROR
[logging_node-14]         - [anonymous group] ERROR
[logging_node-14]             - /autoware/planning/topic_rate_check/route ERROR
[logging_node-14]             - /autoware/planning/topic_rate_check/trajectory ERROR
[logging_node-14]     - /autoware/perception WARN 
[logging_node-14]         - /autoware/perception/topic_rate_check/objects WARN 
[logging_node-14]     - /autoware/control ERROR
[logging_node-14]         - /autoware/control/topic_rate_check/trajectory_follower ERROR
[logging_node-14]         - /autoware/control/topic_rate_check/control_command ERROR
[logging_node-14] 
[component_container_mt-1] [WARN] [1785592703.102004006] [localization.util.crop_box_filter_measurement_range]: Invalid PointCloud: row_step mismatch. Expected: 99248 (width 6203 * point_step 16), Got: 0. Frame: 'base_link', Stamp: 100.723953492 Please fill in the `cloud->row_step` field accordingly. This will be an ERROR starting in 2026 July
[component_container-7] [WARN] [1785592703.122884014] [system.topic_state_monitor_traffic_light_recognition_traffic_signals]: /perception/traffic_light_recognition/traffic_signals topic rate has dropped to the warning level. Set WARN in diagnostics.
[autoware_ndt_scan_matcher_node-24] [WARN] [1785592703.123275949] [localization.pose_estimator.ndt_scan_matcher]: Score is below the threshold. Score: 2.06435, Threshold: 2.3
[component_container_mt-1] [WARN] [1785592703.267783890] [sensing.lidar.concatenate_data]: transformed_raw_points[/sensing/lidar/right/pointcloud_before_sync] is nullptr, skipping pointcloud publish.
[component_container_mt-1] [WARN] [1785592703.267845566] [sensing.lidar.concatenate_data]: transformed_raw_points[/sensing/lidar/left/pointcloud_before_sync] is nullptr, skipping pointcloud publish.
[autoware_ndt_scan_matcher_node-24] [INFO] [1785592703.273445660] [localization.pose_estimator.ndt_scan_matcher]: Mismatch between pose timestamp and current timestamp
[autoware_ekf_localizer_node-28] [WARN] [1785592703.317930451] [localization.pose_twist_fusion_filter.ekf_localizer]: EKF period may be too slow to finish pose smoothing!! (0.1000 sec)
[component_container_mt-48] [INFO] [1785592703.331488650] [control.autonomous_emergency_braking]: [AEB] waiting for control predicted trajectory
[component_container_mt-1] [WARN] [1785592703.370389600] [sensing.lidar.concatenate_data]: transformed_raw_points[/sensing/lidar/right/pointcloud_before_sync] is nullptr, skipping pointcloud publish.
[component_container_mt-1] [WARN] [1785592703.370451253] [sensing.lidar.concatenate_data]: transformed_raw_points[/sensing/lidar/left/pointcloud_before_sync] is nullptr, skipping pointcloud publish.
[autoware_mrm_handler_node-13] [INFO] [1785592703.567166026] [system.mrm_handler]: MRM State changed: NORMAL -> MRM_OPERATING
[autoware_mrm_handler_node-13] [WARN] [1785592703.567774463] [system.mrm_handler]: no mrm operation available: operate emergency_stop
[autoware_mrm_handler_node-13] [WARN] [1785592703.568011142] [system.mrm_handler]: EMERGENCY_STOP is operated.
[autoware_mrm_handler_node-13] [INFO] [1785592703.668003233] [system.mrm_handler]: MRM State changed: MRM_OPERATING -> NORMAL
[autoware_mrm_handler_node-13] [WARN] [1785592703.668641902] [system.mrm_handler]: EMERGENCY_STOP is canceled.
[component_container-18] [WARN] [1785592704.193082313] [sensing.lidar.top.crop_box_filter_self]: Invalid PointCloud: is_dense is false. The point cloud should be organized (dense) and contain only valid points. This will be an ERROR starting in 2026 JulyFrame: 'velodyne_top', Stamp: 101.823953509
[component_container-18] [WARN] [1785592704.194089028] [sensing.lidar.top.distortion_corrector_node]: Twist time_stamp is too late. Could not interpolate.
[autoware_ndt_scan_matcher_node-24] [WARN] [1785592704.209939303] [localization.pose_estimator.ndt_scan_matcher]: Score is below the threshold. Score: 2.0123, Threshold: 2.3
[component_container_mt-1] [WARN] [1785592704.367154806] [sensing.lidar.concatenate_data]: transformed_raw_points[/sensing/lidar/right/pointcloud_before_sync] is nullptr, skipping pointcloud publish.
[component_container_mt-1] [WARN] [1785592704.367233319] [sensing.lidar.concatenate_data]: transformed_raw_points[/sensing/lidar/left/pointcloud_before_sync] is nullptr, skipping pointcloud publish.
[component_container_mt-47] [INFO] [1785592704.627489741] [control.trajectory_follower.controller_node_exe]: Waiting for trajectory data
[component_container_mt-47] [INFO] [1785592704.627551077] [control.trajectory_follower.controller_node_exe]: Control is skipped since input data is not ready.
[component_container_mt-47] [INFO] [1785592704.867816878] [control.vehicle_cmd_gate]: The operation mode is changed, but the GearCommand is not received yet:
[component_container-7] [INFO] [1785592705.020906363] [system.topic_state_monitor_mission_planning_route]: /planning/mission_planning/route has not received. Set ERROR in diagnostics.
[autoware_scenario_selector_node-36] [INFO] [1785592705.167900247] [planning.scenario_planning.scenario_selector]: Waiting for route.
[autoware_mrm_handler_node-13] [INFO] [1785592705.368344306] [system.mrm_handler]: MRM State changed: NORMAL -> MRM_OPERATING
[autoware_ekf_localizer_node-28] [WARN] [1785592705.368487565] [localization.pose_twist_fusion_filter.ekf_localizer]: EKF period may be too slow to finish pose smoothing!! (0.1000 sec)
[autoware_mrm_handler_node-13] [WARN] [1785592705.373411147] [system.mrm_handler]: EMERGENCY_STOP is operated.
[autoware_ndt_scan_matcher_node-24] [WARN] [1785592705.396274222] [localization.pose_estimator.ndt_scan_matcher]: Score is below the threshold. Score: 2.03278, Threshold: 2.3
[component_container_mt-47] [WARN] [1785592705.499992747] [control.vehicle_cmd_gate]: Emergency!
[autoware_mrm_handler_node-13] [INFO] [1785592705.567194035] [system.mrm_handler]: MRM State changed: MRM_OPERATING -> NORMAL
[component_container_mt-1] [WARN] [1785592705.567678253] [sensing.lidar.concatenate_data]: transformed_raw_points[/sensing/lidar/right/pointcloud_before_sync] is nullptr, skipping pointcloud publish.
[component_container_mt-1] [WARN] [1785592705.567749640] [sensing.lidar.concatenate_data]: transformed_raw_points[/sensing/lidar/left/pointcloud_before_sync] is nullptr, skipping pointcloud publish.
[autoware_mrm_handler_node-13] [WARN] [1785592705.570244654] [system.mrm_handler]: EMERGENCY_STOP is canceled.
[component_container_mt-48] [INFO] [1785592705.721262504] [control.trajectory_follower.lane_departure_checker_node]: waiting for route msg...
[component_container_mt-1] [WARN] [1785592705.767503585] [sensing.lidar.concatenate_data]: transformed_raw_points[/sensing/lidar/right/pointcloud_before_sync] is nullptr, skipping pointcloud publish.
[component_container_mt-1] [WARN] [1785592705.767563756] [sensing.lidar.concatenate_data]: transformed_raw_points[/sensing/lidar/left/pointcloud_before_sync] is nullptr, skipping pointcloud publish.
[logging_node-14] [WARN] [1785592705.967069181] [logging_diag_graph]: The target mode is not available for the following reasons:
[logging_node-14] - /autoware/modes/autonomous ERROR
[logging_node-14]     - /autoware/map ERROR
[logging_node-14]         - /autoware/map/topic_rate_check/vector_map ERROR
[logging_node-14]         - /autoware/map/topic_rate_check/pointcloud_map ERROR
[logging_node-14]     - /autoware/localization ERROR
[logging_node-14]         - /autoware/localization/state STALE
[logging_node-14]         - [anonymous group] ERROR
[logging_node-14]             - /autoware/localization/topic_rate_check/transform ERROR
[logging_node-14]             - /autoware/localization/scan_matching_status WARN 
[logging_node-14]             - /autoware/localization/accuracy ERROR
[logging_node-14]             - /autoware/localization/sensor_fusion_status ERROR
[logging_node-14]     - /autoware/planning ERROR
[logging_node-14]         - /autoware/planning/routing/state ERROR
[logging_node-14]         - [anonymous group] ERROR
[logging_node-14]             - /autoware/planning/topic_rate_check/route ERROR
[logging_node-14]             - /autoware/planning/topic_rate_check/trajectory ERROR
[logging_node-14]     - /autoware/perception WARN 
[logging_node-14]         - /autoware/perception/topic_rate_check/objects WARN 
[logging_node-14]     - /autoware/control ERROR
[logging_node-14]         - /autoware/control/topic_rate_check/trajectory_follower ERROR
[logging_node-14]         - /autoware/control/topic_rate_check/control_command ERROR
[logging_node-14] 
[component_container_mt-1] [WARN] [1785592706.067217170] [sensing.lidar.concatenate_data]: transformed_raw_points[/sensing/lidar/right/pointcloud_before_sync] is nullptr, skipping pointcloud publish.
[component_container_mt-1] [WARN] [1785592706.067291233] [sensing.lidar.concatenate_data]: transformed_raw_points[/sensing/lidar/left/pointcloud_before_sync] is nullptr, skipping pointcloud publish.
[autoware_ndt_scan_matcher_node-24] [INFO] [1785592706.069059222] [localization.pose_estimator.ndt_scan_matcher]: Mismatch between pose timestamp and current timestamp
[component_container-7] [WARN] [1785592706.227904652] [system.topic_state_monitor_control_command_control_cmd]: /control/command/control_cmd topic is timeout. Set ERROR in diagnostics.
[autoware_mrm_handler_node-13] [INFO] [1785592706.371812935] [system.mrm_handler]: MRM State changed: NORMAL -> MRM_OPERATING
[autoware_mrm_handler_node-13] [WARN] [1785592706.376522875] [system.mrm_handler]: EMERGENCY_STOP is operated.
[component_container_mt-47] [WARN] [1785592706.489468443] [control.vehicle_cmd_gate]: Emergency!
[component_container_mt-48] [INFO] [1785592706.492157902] [control.control_validator]: waiting for /planning/trajectory
[autoware_mrm_handler_node-13] [INFO] [1785592706.567026071] [system.mrm_handler]: MRM State changed: MRM_OPERATING -> NORMAL
[autoware_mrm_handler_node-13] [WARN] [1785592706.568096691] [system.mrm_handler]: EMERGENCY_STOP is canceled.
[component_container_mt-1] [WARN] [1785592706.969184951] [sensing.lidar.concatenate_data]: transformed_raw_points[/sensing/lidar/right/pointcloud_before_sync] is nullptr, skipping pointcloud publish.
[component_container_mt-1] [WARN] [1785592706.969280478] [sensing.lidar.concatenate_data]: transformed_raw_points[/sensing/lidar/left/pointcloud_before_sync] is nullptr, skipping pointcloud publish.
[autoware_ndt_scan_matcher_node-24] [WARN] [1785592706.985659642] [localization.pose_estimator.ndt_scan_matcher]: Score is below the threshold. Score: 1.83739, Threshold: 2.3
[autoware_ekf_localizer_node-28] [WARN] [1785592707.518817328] [localization.pose_twist_fusion_filter.ekf_localizer]: EKF period may be too slow to finish pose smoothing!! (0.1000 sec)
[component_container_mt-1] [WARN] [1785592708.076253182] [sensing.lidar.concatenate_data]: transformed_raw_points[/sensing/lidar/right/pointcloud_before_sync] is nullptr, skipping pointcloud publish.
[component_container_mt-1] [WARN] [1785592708.076509110] [sensing.lidar.concatenate_data]: transformed_raw_points[/sensing/lidar/left/pointcloud_before_sync] is nullptr, skipping pointcloud publish.
[autoware_ndt_scan_matcher_node-24] [WARN] [1785592708.089458787] [localization.pose_estimator.ndt_scan_matcher]: Score is below the threshold. Score: 2.05949, Threshold: 2.3
[component_container-7] [INFO] [1785592708.159065456] [system.topic_state_monitor_trajectory_follower_control_cmd]: /control/trajectory_follower/control_cmd has not received. Set ERROR in diagnostics.
[component_container_mt-48] [INFO] [1785592708.325786607] [control.autonomous_emergency_braking]: [AEB] waiting for control predicted trajectory
[autoware_mrm_handler_node-13] [INFO] [1785592708.468179333] [system.mrm_handler]: MRM State changed: NORMAL -> MRM_OPERATING
[autoware_mrm_handler_node-13] [WARN] [1785592708.469608138] [system.mrm_handler]: EMERGENCY_STOP is operated.
[component_container_mt-47] [WARN] [1785592708.568495600] [control.vehicle_cmd_gate]: Emergency!
[component_container_mt-40] [INFO] [1785592708.579847676] [planning.scenario_planning.lane_driving.behavior_planning.behavior_path_planner]: waiting for scenario_topic
[autoware_mrm_handler_node-13] [INFO] [1785592708.669841281] [system.mrm_handler]: MRM State changed: MRM_OPERATING -> NORMAL
[autoware_mrm_handler_node-13] [WARN] [1785592708.670180829] [system.mrm_handler]: EMERGENCY_STOP is canceled.
[logging_node-14] [WARN] [1785592708.967233564] [logging_diag_graph]: The target mode is not available for the following reasons:
[logging_node-14] - /autoware/modes/autonomous ERROR
[logging_node-14]     - /autoware/map ERROR
[logging_node-14]         - /autoware/map/topic_rate_check/vector_map ERROR
[logging_node-14]         - /autoware/map/topic_rate_check/pointcloud_map ERROR
[logging_node-14]     - /autoware/localization ERROR
[logging_node-14]         - /autoware/localization/state STALE
[logging_node-14]         - [anonymous group] ERROR
[logging_node-14]             - /autoware/localization/topic_rate_check/transform ERROR
[logging_node-14]             - /autoware/localization/scan_matching_status STALE
[logging_node-14]             - /autoware/localization/accuracy ERROR
[logging_node-14]             - /autoware/localization/sensor_fusion_status ERROR
[logging_node-14]     - /autoware/planning ERROR
[logging_node-14]         - /autoware/planning/routing/state ERROR
[logging_node-14]         - [anonymous group] ERROR
[logging_node-14]             - /autoware/planning/topic_rate_check/route ERROR
[logging_node-14]             - /autoware/planning/topic_rate_check/trajectory ERROR
[logging_node-14]     - /autoware/perception WARN 
[logging_node-14]         - /autoware/perception/topic_rate_check/objects WARN 
[logging_node-14]         - /autoware/perception/topic_rate_check/pointcloud WARN 
[logging_node-14]     - /autoware/control ERROR
[logging_node-14]         - /autoware/control/topic_rate_check/trajectory_follower ERROR
[logging_node-14]         - /autoware/control/topic_rate_check/control_command ERROR
[logging_node-14] 
[component_container-7] [WARN] [1785592709.523812909] [system.topic_state_monitor_traffic_light_recognition_traffic_signals]: /perception/traffic_light_recognition/traffic_signals topic rate has dropped to the warning level. Set WARN in diagnostics.
[autoware_ekf_localizer_node-28] [WARN] [1785592709.618384917] [localization.pose_twist_fusion_filter.ekf_localizer]: EKF period may be too slow to finish pose smoothing!! (0.1000 sec)
[component_container_mt-47] [WARN] [1785592709.730171288] [control.vehicle_cmd_gate]: system_emergency heartbeat is timeout.
[component_container_mt-47] [INFO] [1785592709.730500161] [control.trajectory_follower.controller_node_exe]: Waiting for trajectory data
[component_container_mt-47] [INFO] [1785592709.730856421] [control.trajectory_follower.controller_node_exe]: Control is skipped since input data is not ready.
[component_container_mt-47] [INFO] [1785592709.868428282] [control.vehicle_cmd_gate]: The operation mode is changed, but the GearCommand is not received yet:
[autoware_scenario_selector_node-36] [INFO] [1785592710.168806036] [planning.scenario_planning.scenario_selector]: Waiting for route.
[component_container-18] [WARN] [1785592710.288702048] [sensing.lidar.top.crop_box_filter_self]: Invalid PointCloud: is_dense is false. The point cloud should be organized (dense) and contain only valid points. This will be an ERROR starting in 2026 JulyFrame: 'velodyne_top', Stamp: 107.923953600
[component_container-18] [WARN] [1785592710.291225449] [sensing.lidar.top.distortion_corrector_node]: IMU time_stamp is too late. Could not interpolate.
[autoware_mrm_handler_node-13] [INFO] [1785592710.467120875] [system.mrm_handler]: MRM State changed: NORMAL -> MRM_OPERATING
[autoware_mrm_handler_node-13] [WARN] [1785592710.468684662] [system.mrm_handler]: EMERGENCY_STOP is operated.
[component_container_mt-1] [WARN] [1785592710.468767017] [sensing.lidar.concatenate_data]: transformed_raw_points[/sensing/lidar/right/pointcloud_before_sync] is nullptr, skipping pointcloud publish.
[component_container_mt-1] [WARN] [1785592710.468820658] [sensing.lidar.concatenate_data]: transformed_raw_points[/sensing/lidar/left/pointcloud_before_sync] is nullptr, skipping pointcloud publish.
[autoware_ndt_scan_matcher_node-24] [WARN] [1785592710.481020622] [localization.pose_estimator.ndt_scan_matcher]: Score is below the threshold. Score: 2.09762, Threshold: 2.3
[autoware_mrm_handler_node-13] [INFO] [1785592710.667247464] [system.mrm_handler]: MRM State changed: MRM_OPERATING -> NORMAL
[component_container_mt-1] [WARN] [1785592710.668173883] [sensing.lidar.concatenate_data]: transformed_raw_points[/sensing/lidar/right/pointcloud_before_sync] is nullptr, skipping pointcloud publish.
[component_container_mt-1] [WARN] [1785592710.668231149] [sensing.lidar.concatenate_data]: transformed_raw_points[/sensing/lidar/left/pointcloud_before_sync] is nullptr, skipping pointcloud publish.
[autoware_mrm_handler_node-13] [WARN] [1785592710.668673142] [system.mrm_handler]: EMERGENCY_STOP is canceled.
[component_container_mt-48] [INFO] [1785592710.831200709] [control.trajectory_follower.lane_departure_checker_node]: waiting for route msg...
[component_container_mt-1] [WARN] [1785592710.968278053] [sensing.lidar.concatenate_data]: transformed_raw_points[/sensing/lidar/right/pointcloud_before_sync] is nullptr, skipping pointcloud publish.
[component_container_mt-1] [WARN] [1785592710.973159242] [sensing.lidar.concatenate_data]: transformed_raw_points[/sensing/lidar/left/pointcloud_before_sync] is nullptr, skipping pointcloud publish.
[component_container-7] [INFO] [1785592711.178682335] [system.topic_state_monitor_mission_planning_route]: /planning/mission_planning/route has not received. Set ERROR in diagnostics.
[component_container_mt-1] [WARN] [1785592711.267838511] [sensing.lidar.concatenate_data]: transformed_raw_points[/sensing/lidar/right/pointcloud_before_sync] is nullptr, skipping pointcloud publish.
[component_container_mt-1] [WARN] [1785592711.267907821] [sensing.lidar.concatenate_data]: transformed_raw_points[/sensing/lidar/left/pointcloud_before_sync] is nullptr, skipping pointcloud publish.
[logging_node-14] [WARN] [1785592711.967049921] [logging_diag_graph]: The target mode is not available for the following reasons:
[logging_node-14] - /autoware/modes/autonomous ERROR
[logging_node-14]     - /autoware/map ERROR
[logging_node-14]         - /autoware/map/topic_rate_check/vector_map ERROR
[logging_node-14]         - /autoware/map/topic_rate_check/pointcloud_map ERROR
[logging_node-14]     - /autoware/localization ERROR
[logging_node-14]         - [anonymous group] ERROR
[logging_node-14]             - /autoware/localization/topic_rate_check/transform ERROR
[logging_node-14]             - /autoware/localization/scan_matching_status WARN 
[logging_node-14]             - /autoware/localization/accuracy ERROR
[logging_node-14]             - /autoware/localization/sensor_fusion_status ERROR
[logging_node-14]     - /autoware/planning ERROR
[logging_node-14]         - /autoware/planning/routing/state ERROR
[logging_node-14]         - [anonymous group] ERROR
[logging_node-14]             - /autoware/planning/topic_rate_check/route ERROR
[logging_node-14]             - /autoware/planning/topic_rate_check/trajectory ERROR
[logging_node-14]             - /autoware/planning/trajectory_validation ERROR
[logging_node-14]     - /autoware/perception ERROR
[logging_node-14]         - /autoware/perception/topic_rate_check/objects ERROR
[logging_node-14]         - /autoware/perception/topic_rate_check/pointcloud ERROR
[logging_node-14]     - /autoware/control ERROR
[logging_node-14]         - /autoware/control/topic_rate_check/trajectory_follower ERROR
[logging_node-14]         - /autoware/control/topic_rate_check/control_command ERROR
[logging_node-14] 
[autoware_ekf_localizer_node-28] [WARN] [1785592712.319080078] [localization.pose_twist_fusion_filter.ekf_localizer]: EKF period may be too slow to finish pose smoothing!! (0.1000 sec)
[component_container_mt-1] [WARN] [1785592712.419683939] [sensing.lidar.concatenate_data]: transformed_raw_points[/sensing/lidar/right/pointcloud_before_sync] is nullptr, skipping pointcloud publish.
[component_container_mt-1] [WARN] [1785592712.420666559] [sensing.lidar.concatenate_data]: transformed_raw_points[/sensing/lidar/left/pointcloud_before_sync] is nullptr, skipping pointcloud publish.
[autoware_ndt_scan_matcher_node-24] [WARN] [1785592712.428171308] [localization.pose_estimator.ndt_scan_matcher]: Score is below the threshold. Score: 2.01846, Threshold: 2.3
[autoware_mrm_handler_node-13] [INFO] [1785592712.468871505] [system.mrm_handler]: MRM State changed: NORMAL -> MRM_OPERATING
[autoware_mrm_handler_node-13] [WARN] [1785592712.471213423] [system.mrm_handler]: EMERGENCY_STOP is operated.
[autoware_mrm_handler_node-13] [INFO] [1785592712.567274565] [system.mrm_handler]: MRM State changed: MRM_OPERATING -> NORMAL
[autoware_mrm_handler_node-13] [WARN] [1785592712.567783998] [system.mrm_handler]: EMERGENCY_STOP is canceled.
[component_container-7] [WARN] [1785592712.574957219] [system.topic_state_monitor_traffic_light_recognition_traffic_signals]: /perception/traffic_light_recognition/traffic_signals topic is timeout. Set ERROR in diagnostics.
[component_container_mt-48] [INFO] [1785592713.373412710] [control.autonomous_emergency_braking]: [AEB] waiting for control predicted trajectory
[autoware_mrm_handler_node-13] [INFO] [1785592713.470706192] [system.mrm_handler]: MRM State changed: NORMAL -> MRM_OPERATING
[autoware_mrm_handler_node-13] [WARN] [1785592713.471126917] [system.mrm_handler]: EMERGENCY_STOP is operated.
[autoware_mrm_handler_node-13] [INFO] [1785592713.567180195] [system.mrm_handler]: MRM State changed: MRM_OPERATING -> NORMAL
[autoware_mrm_handler_node-13] [WARN] [1785592713.569390801] [system.mrm_handler]: EMERGENCY_STOP is canceled.
[component_container_mt-48] [INFO] [1785592713.582724850] [control.control_validator]: waiting for /planning/trajectory
[component_container_mt-40] [INFO] [1785592713.676216042] [planning.scenario_planning.lane_driving.behavior_planning.behavior_path_planner]: waiting for scenario_topic
[component_container-7] [INFO] [1785592714.220543926] [system.topic_state_monitor_mission_planning_route]: /planning/mission_planning/route has not received. Set ERROR in diagnostics.
[autoware_mrm_handler_node-13] [INFO] [1785592714.467256067] [system.mrm_handler]: MRM State changed: NORMAL -> MRM_OPERATING
[autoware_mrm_handler_node-13] [WARN] [1785592714.467570223] [system.mrm_handler]: EMERGENCY_STOP is operated.
[component_container_mt-47] [WARN] [1785592714.470841548] [control.vehicle_cmd_gate]: Emergency!
[autoware_mrm_handler_node-13] [INFO] [1785592714.567105502] [system.mrm_handler]: MRM State changed: MRM_OPERATING -> NORMAL
[autoware_mrm_handler_node-13] [WARN] [1785592714.567791637] [system.mrm_handler]: EMERGENCY_STOP is canceled.
[autoware_ekf_localizer_node-28] [WARN] [1785592714.717912920] [localization.pose_twist_fusion_filter.ekf_localizer]: EKF period may be too slow to finish pose smoothing!! (0.1000 sec)
[component_container_mt-47] [INFO] [1785592714.767958641] [control.trajectory_follower.controller_node_exe]: Waiting for trajectory data
[component_container_mt-47] [INFO] [1785592714.768007112] [control.trajectory_follower.controller_node_exe]: Control is skipped since input data is not ready.
[component_container_mt-47] [INFO] [1785592715.019879374] [control.vehicle_cmd_gate]: The operation mode is changed, but the GearCommand is not received yet:
[logging_node-14] [WARN] [1785592715.067077423] [logging_diag_graph]: The target mode is not available for the following reasons:
[logging_node-14] - /autoware/modes/autonomous ERROR
[logging_node-14]     - /autoware/map ERROR
[logging_node-14]         - /autoware/map/topic_rate_check/vector_map ERROR
[logging_node-14]         - /autoware/map/topic_rate_check/pointcloud_map ERROR
[logging_node-14]     - /autoware/localization ERROR
[logging_node-14]         - [anonymous group] ERROR
[logging_node-14]             - /autoware/localization/topic_rate_check/transform ERROR
[logging_node-14]             - /autoware/localization/scan_matching_status STALE
[logging_node-14]             - /autoware/localization/accuracy ERROR
[logging_node-14]             - /autoware/localization/sensor_fusion_status ERROR
[logging_node-14]     - /autoware/planning ERROR
[logging_node-14]         - /autoware/planning/routing/state ERROR
[logging_node-14]         - [anonymous group] ERROR
[logging_node-14]             - /autoware/planning/topic_rate_check/route ERROR
[logging_node-14]             - /autoware/planning/topic_rate_check/trajectory ERROR
[logging_node-14]             - /autoware/planning/trajectory_validation ERROR
[logging_node-14]     - /autoware/perception ERROR
[logging_node-14]         - /autoware/perception/topic_rate_check/objects ERROR
[logging_node-14]         - /autoware/perception/topic_rate_check/pointcloud ERROR
[logging_node-14]     - /autoware/control ERROR
[logging_node-14]         - /autoware/control/topic_rate_check/trajectory_follower ERROR
[logging_node-14]         - /autoware/control/topic_rate_check/control_command ERROR
[logging_node-14] 
[component_container_mt-1] [INFO] [1785592715.104496247] [rclcpp]: signal_handler(SIGINT/SIGTERM)
[processing_time_checker_node-4] [INFO] [1785592715.104513886] [rclcpp]: signal_handler(SIGINT/SIGTERM)
[component_container-7] [INFO] [1785592715.104557199] [rclcpp]: signal_handler(SIGINT/SIGTERM)
[component_container_mt-15] [INFO] [1785592715.104576365] [rclcpp]: signal_handler(SIGINT/SIGTERM)
[logging_node-14] [INFO] [1785592715.104634313] [rclcpp]: signal_handler(SIGINT/SIGTERM)
[aggregator_node-10] [INFO] [1785592715.104683751] [rclcpp]: signal_handler(SIGINT/SIGTERM)
[autoware_map_projection_loader_node-17] [INFO] [1785592715.104740039] [rclcpp]: signal_handler(SIGINT/SIGTERM)
[service_log_checker_node-6] [INFO] [1785592715.104758416] [rclcpp]: signal_handler(SIGINT/SIGTERM)
[autoware_pipeline_latency_monitor_node-5] [INFO] [1785592715.104787041] [rclcpp]: signal_handler(SIGINT/SIGTERM)
[component_container-19] [INFO] [1785592715.104771290] [rclcpp]: signal_handler(SIGINT/SIGTERM)
[component_container-20] [INFO] [1785592715.104814671] [rclcpp]: signal_handler(SIGINT/SIGTERM)
[autoware_hazard_status_converter_node-12] [INFO] [1785592715.104869503] [rclcpp]: signal_handler(SIGINT/SIGTERM)
[robot_state_publisher-2] [INFO] [1785592715.104994070] [rclcpp]: signal_handler(SIGINT/SIGTERM)
[autoware_gyro_odometer_node-25] [INFO] [1785592715.105014854] [rclcpp]: signal_handler(SIGINT/SIGTERM)
[autoware_mrm_handler_node-13] [INFO] [1785592715.105210233] [rclcpp]: signal_handler(SIGINT/SIGTERM)
[autoware_automatic_pose_initializer_node-27] [INFO] [1785592715.105286093] [rclcpp]: signal_handler(SIGINT/SIGTERM)
[imu_corrector_node-21] [INFO] [1785592715.105317538] [rclcpp]: signal_handler(SIGINT/SIGTERM)
[component_container-18] [INFO] [1785592715.105497499] [rclcpp]: signal_handler(SIGINT/SIGTERM)
[INFO] [goal_pose_visualizer-35]: process has finished cleanly [pid 794]
[autoware_ndt_scan_matcher_node-24] [INFO] [1785592715.105548332] [rclcpp]: signal_handler(SIGINT/SIGTERM)
[autoware_vehicle_velocity_converter_node-23] [INFO] [1785592715.105643173] [rclcpp]: signal_handler(SIGINT/SIGTERM)
[component_container-8] [INFO] [1785592715.105686541] [rclcpp]: signal_handler(SIGINT/SIGTERM)
[component_container_mt-42] [INFO] [1785592715.106531060] [rclcpp]: signal_handler(SIGINT/SIGTERM)
[autoware_hazard_lights_selector_node-39] [INFO] [1785592715.106600672] [rclcpp]: signal_handler(SIGINT/SIGTERM)
[component_container-9] [INFO] [1785592715.107230046] [rclcpp]: signal_handler(SIGINT/SIGTERM)
[component_container_mt-40] [INFO] [1785592715.107294284] [rclcpp]: signal_handler(SIGINT/SIGTERM)
[map_hash_generator-16] Traceback (most recent call last):
[map_hash_generator-16]   File "/opt/autoware/lib/autoware_map_loader/map_hash_generator", line 109, in <module>
[map_hash_generator-16]     main()
[map_hash_generator-16]   File "/opt/autoware/lib/autoware_map_loader/map_hash_generator", line 103, in main
[map_hash_generator-16]     rclpy.spin(node)
[map_hash_generator-16]   File "/opt/ros/humble/local/lib/python3.10/dist-packages/rclpy/__init__.py", line 229, in spin
[map_hash_generator-16]     executor.spin_once()
[map_hash_generator-16]   File "/opt/ros/humble/local/lib/python3.10/dist-packages/rclpy/executors.py", line 808, in spin_once
[map_hash_generator-16]     self._spin_once_impl(timeout_sec)
[map_hash_generator-16]   File "/opt/ros/humble/local/lib/python3.10/dist-packages/rclpy/executors.py", line 797, in _spin_once_impl
[map_hash_generator-16]     handler, entity, node = self.wait_for_ready_callbacks(timeout_sec=timeout_sec)
[map_hash_generator-16]   File "/opt/ros/humble/local/lib/python3.10/dist-packages/rclpy/executors.py", line 780, in wait_for_ready_callbacks
[map_hash_generator-16]     return next(self._cb_iter)
[map_hash_generator-16]   File "/opt/ros/humble/local/lib/python3.10/dist-packages/rclpy/executors.py", line 681, in _wait_for_ready_callbacks
[map_hash_generator-16]     raise ExternalShutdownException()
[map_hash_generator-16] rclpy.executors.ExternalShutdownException
[gyro_bias_estimator_node-22] [INFO] [1785592715.107528034] [rclcpp]: signal_handler(SIGINT/SIGTERM)
[autoware_pose_initializer_node-26] [INFO] [1785592715.107529022] [rclcpp]: signal_handler(SIGINT/SIGTERM)
[component_container-38] [INFO] [1785592715.107531760] [rclcpp]: signal_handler(SIGINT/SIGTERM)
[autoware_pose_instability_detector_node-31] [INFO] [1785592715.107608697] [rclcpp]: signal_handler(SIGINT/SIGTERM)
[autoware_duplicated_node_checker_node-3] [INFO] [1785592715.108203488] [rclcpp]: signal_handler(SIGINT/SIGTERM)
[autoware_stop_filter_node-29] [INFO] [1785592715.108539468] [rclcpp]: signal_handler(SIGINT/SIGTERM)
[autoware_twist2accel_node-30] [INFO] [1785592715.109055935] [rclcpp]: signal_handler(SIGINT/SIGTERM)
[autoware_manual_lane_change_handler_node-33] [INFO] [1785592715.109316341] [rclcpp]: signal_handler(SIGINT/SIGTERM)
[planning_evaluator-44] [INFO] [1785592715.110753369] [rclcpp]: signal_handler(SIGINT/SIGTERM)
[component_container_mt-43] [INFO] [1785592715.111957252] [rclcpp]: signal_handler(SIGINT/SIGTERM)
[converter_node-11] [INFO] [1785592715.112514820] [rclcpp]: signal_handler(SIGINT/SIGTERM)
[routing_adaptor_node-52] [INFO] [1785592715.112585845] [rclcpp]: signal_handler(SIGINT/SIGTERM)
[autoware_ekf_localizer_node-28] [INFO] [1785592715.112671430] [rclcpp]: signal_handler(SIGINT/SIGTERM)
[external_velocity_limit_selector-37] [INFO] [1785592715.112671350] [rclcpp]: signal_handler(SIGINT/SIGTERM)
[autoware_scenario_selector_node-36] [INFO] [1785592715.112865423] [rclcpp]: signal_handler(SIGINT/SIGTERM)
[component_container_mt-41] [INFO] [1785592715.113311087] [rclcpp]: signal_handler(SIGINT/SIGTERM)
[component_container_mt-50] [INFO] [1785592715.113338450] [rclcpp]: signal_handler(SIGINT/SIGTERM)
[control_evaluator-49] [INFO] [1785592715.113525105] [rclcpp]: signal_handler(SIGINT/SIGTERM)
[autoware_localization_error_monitor_node-32] [INFO] [1785592715.113773748] [rclcpp]: signal_handler(SIGINT/SIGTERM)
[autoware_remaining_distance_time_calculator_node-45] [INFO] [1785592715.114429833] [rclcpp]: signal_handler(SIGINT/SIGTERM)
[relay-46] [INFO] [1785592715.114597686] [rclcpp]: signal_handler(SIGINT/SIGTERM)
[component_container_mt-47] [INFO] [1785592715.114654719] [rclcpp]: signal_handler(SIGINT/SIGTERM)
[component_container_mt-34] [INFO] [1785592715.116035569] [rclcpp]: signal_handler(SIGINT/SIGTERM)
[component_container_mt-48] [INFO] [1785592715.116798052] [rclcpp]: signal_handler(SIGINT/SIGTERM)
[goal_pose_visualizer-35] [INFO] [1785592715.117577503] [rclcpp]: signal_handler(SIGINT/SIGTERM)
[initial_pose_adaptor_node-51] [INFO] [1785592715.120535123] [rclcpp]: signal_handler(SIGINT/SIGTERM)
[INFO] [service_log_checker_node-6]: process has finished cleanly [pid 471]
[INFO] [autoware_map_projection_loader_node-17]: process has finished cleanly [pid 609]
[INFO] [converter_node-11]: process has finished cleanly [pid 565]
[INFO] [autoware_localization_error_monitor_node-32]: process has finished cleanly [pid 786]
[INFO] [autoware_hazard_status_converter_node-12]: process has finished cleanly [pid 569]
[INFO] [robot_state_publisher-2]: process has finished cleanly [pid 463]
[INFO] [autoware_vehicle_velocity_converter_node-23]: process has finished cleanly [pid 699]
[INFO] [autoware_hazard_lights_selector_node-39]: process has finished cleanly [pid 806]
[INFO] [autoware_stop_filter_node-29]: process has finished cleanly [pid 748]
[INFO] [autoware_pose_instability_detector_node-31]: process has finished cleanly [pid 763]
[INFO] [autoware_automatic_pose_initializer_node-27]: process has finished cleanly [pid 743]
[INFO] [autoware_twist2accel_node-30]: process has finished cleanly [pid 760]
[INFO] [autoware_duplicated_node_checker_node-3]: process has finished cleanly [pid 465]
[INFO] [external_velocity_limit_selector-37]: process has finished cleanly [pid 798]
[INFO] [autoware_manual_lane_change_handler_node-33]: process has finished cleanly [pid 789]
[INFO] [relay-46]: process has finished cleanly [pid 934]
[INFO] [routing_adaptor_node-52]: process has finished cleanly [pid 977]
[INFO] [aggregator_node-10]: process has finished cleanly [pid 479]
[INFO] [logging_node-14]: process has finished cleanly [pid 574]
[INFO] [imu_corrector_node-21]: process has finished cleanly [pid 672]
[INFO] [autoware_remaining_distance_time_calculator_node-45]: process has finished cleanly [pid 928]
[INFO] [autoware_pipeline_latency_monitor_node-5]: process has finished cleanly [pid 469]
[INFO] [gyro_bias_estimator_node-22]: process has finished cleanly [pid 684]
[INFO] [autoware_gyro_odometer_node-25]: process has finished cleanly [pid 730]
[INFO] [autoware_scenario_selector_node-36]: process has finished cleanly [pid 796]
[INFO] [component_container-9]: process has finished cleanly [pid 477]
[INFO] [initial_pose_adaptor_node-51]: process has finished cleanly [pid 973]
[ERROR] [map_hash_generator-16]: process has died [pid 607, exit code 1, cmd '/opt/autoware/lib/autoware_map_loader/map_hash_generator --ros-args -r __node:=map_hash_generator -r __ns:=/map -p use_sim_time:=True -p wheel_radius:=0.383 -p wheel_width:=0.235 -p wheel_base:=2.79 -p wheel_tread:=1.64 -p front_overhang:=1.0 -p rear_overhang:=1.1 -p left_overhang:=0.128 -p right_overhang:=0.128 -p vehicle_height:=2.5 -p max_steer_angle:=0.7 -p use_sim_time:=True -p use_sim_time:=True --params-file /tmp/launch_params_n0t1tal0 --params-file /tmp/launch_params_p2kldf01'].
[INFO] [autoware_mrm_handler_node-13]: process has finished cleanly [pid 571]
[INFO] [control_evaluator-49]: process has finished cleanly [pid 954]
[INFO] [component_container-8]: process has finished cleanly [pid 475]
[component_container_mt-34] *** Aborted at 1785592715 (unix time) try "date -d @1785592715" if you are using GNU date ***
[component_container_mt-34] PC: @                0x0 (unknown)
[component_container_mt-34] *** SIGSEGV (@0x709db9eb3de0) received by PID 791 (TID 0x709de165af40) from PID 18446744072533786080; stack trace: ***
[component_container_mt-34]     @     0x709db93b64d6 google::(anonymous namespace)::FailureSignalHandler()
[component_container_mt-34]     @     0x709de195b520 (unknown)
[component_container_mt-34]     @     0x709de1e9eb31 rclcpp::CallbackGroup::~CallbackGroup()
[component_container_mt-34]     @     0x709de1e99d3a (unknown)
[component_container_mt-34]     @     0x709de1ec8001 rclcpp::node_interfaces::NodeBase::~NodeBase()
[INFO] [autoware_ekf_localizer_node-28]: process has finished cleanly [pid 745]
[component_container_mt-34]     @     0x709de1ec80ba (unknown)
[component_container_mt-34]     @     0x709de1e99d3a (unknown)
[component_container_mt-34]     @     0x709de1ebeb2f rclcpp::Node::~Node()
[INFO] [autoware_pose_initializer_node-26]: process has finished cleanly [pid 736]
[component_container_mt-34]     @     0x709de1fd510a (unknown)
[component_container_mt-34]     @     0x709de1fd56a8 rclcpp_components::ComponentManager::~ComponentManager()
[component_container_mt-34]     @     0x5634c4d71bf4 (unknown)
[component_container_mt-34]     @     0x5634c4d716b9 (unknown)
[component_container_mt-34]     @     0x709de1942d90 (unknown)
[component_container_mt-34]     @     0x709de1942e40 __libc_start_main
[component_container_mt-34]     @     0x5634c4d71975 (unknown)
[INFO] [planning_evaluator-44]: process has finished cleanly [pid 837]
[INFO] [processing_time_checker_node-4]: process has finished cleanly [pid 467]
[INFO] [component_container-38]: process has finished cleanly [pid 800]
[INFO] [autoware_ndt_scan_matcher_node-24]: process has finished cleanly [pid 703]
[ERROR] [component_container_mt-34]: process has died [pid 791, exit code -11, cmd '/opt/ros/humble/lib/rclcpp_components/component_container_mt --ros-args -r __node:=mission_planner_container -r __ns:=/planning/mission_planning -p use_sim_time:=True -p wheel_radius:=0.383 -p wheel_width:=0.235 -p wheel_base:=2.79 -p wheel_tread:=1.64 -p front_overhang:=1.0 -p rear_overhang:=1.1 -p left_overhang:=0.128 -p right_overhang:=0.128 -p vehicle_height:=2.5 -p max_steer_angle:=0.7 -p use_sim_time:=True -p use_sim_time:=True -p use_sim_time:=True -p wheel_radius:=0.383 -p wheel_width:=0.235 -p wheel_base:=2.79 -p wheel_tread:=1.64 -p front_overhang:=1.0 -p rear_overhang:=1.1 -p left_overhang:=0.128 -p right_overhang:=0.128 -p vehicle_height:=2.5 -p max_steer_angle:=0.7 -p use_sim_time:=True -p wheel_radius:=0.383 -p wheel_width:=0.235 -p wheel_base:=2.79 -p wheel_tread:=1.64 -p front_overhang:=1.0 -p rear_overhang:=1.1 -p left_overhang:=0.128 -p right_overhang:=0.128 -p vehicle_height:=2.5 -p max_steer_angle:=0.7 -p use_sim_time:=True -p wheel_radius:=0.383 -p wheel_width:=0.235 -p wheel_base:=2.79 -p wheel_tread:=1.64 -p front_overhang:=1.0 -p rear_overhang:=1.1 -p left_overhang:=0.128 -p right_overhang:=0.128 -p vehicle_height:=2.5 -p max_steer_angle:=0.7'].
[INFO] [component_container_mt-43]: process has finished cleanly [pid 827]
[INFO] [component_container_mt-42]: process has finished cleanly [pid 825]
[INFO] [component_container_mt-15]: process has finished cleanly [pid 577]
[INFO] [component_container_mt-1]: process has finished cleanly [pid 461]
[INFO] [component_container-19]: process has finished cleanly [pid 630]
[INFO] [component_container-20]: process has finished cleanly [pid 635]
[component_container_mt-41] *** Aborted at 1785592715 (unix time) try "date -d @1785592715" if you are using GNU date ***
[component_container_mt-41] PC: @                0x0 (unknown)
[component_container_mt-41] *** SIGSEGV (@0x77676a1205e8) received by PID 816 (TID 0x77680420df40) from PID 1779566056; stack trace: ***
[component_container_mt-41]     @     0x7767de4134d6 google::(anonymous namespace)::FailureSignalHandler()
[INFO] [component_container-18]: process has finished cleanly [pid 614]
[component_container_mt-41]     @     0x77680450e520 (unknown)
[INFO] [component_container_mt-48]: process has finished cleanly [pid 944]
[component_container_mt-41]     @     0x776804a51b31 rclcpp::CallbackGroup::~CallbackGroup()
[component_container_mt-41]     @     0x776804a4cd3a (unknown)
[component_container_mt-41]     @     0x776804a7b001 rclcpp::node_interfaces::NodeBase::~NodeBase()
[component_container_mt-41]     @     0x776804a7b0ba (unknown)
[component_container_mt-41]     @     0x776804a4cd3a (unknown)
[component_container_mt-41]     @     0x776804a71b2f rclcpp::Node::~Node()
[component_container_mt-41]     @     0x776804b8810a (unknown)
[component_container_mt-41]     @     0x776804b969f7 (unknown)
[component_container_mt-41]     @     0x776804b969ce (unknown)
[component_container_mt-41]     @     0x776804b8867f rclcpp_components::ComponentManager::~ComponentManager()
[component_container_mt-41]     @     0x5c3cccdafbf4 (unknown)
[component_container_mt-41]     @     0x5c3cccdaf6b9 (unknown)
[component_container_mt-41]     @     0x7768044f5d90 (unknown)
[component_container_mt-41]     @     0x7768044f5e40 __libc_start_main
[component_container_mt-41]     @     0x5c3cccdaf975 (unknown)
[component_container_mt-40] Warning: class_loader.ClassLoader: SEVERE WARNING!!! Attempting to unload library while objects created by this loader exist in the heap! You should delete your objects before attempting to unload the library or destroying the ClassLoader. The library will NOT be unloaded.
[component_container_mt-40]          at line 127 in ./src/class_loader.cpp
[component_container_mt-40] Warning: class_loader.ClassLoader: SEVERE WARNING!!! Attempting to unload library while objects created by this loader exist in the heap! You should delete your objects before attempting to unload the library or destroying the ClassLoader. The library will NOT be unloaded.
[component_container_mt-40]          at line 127 in ./src/class_loader.cpp
[component_container_mt-40] Warning: class_loader.ClassLoader: SEVERE WARNING!!! Attempting to unload library while objects created by this loader exist in the heap! You should delete your objects before attempting to unload the library or destroying the ClassLoader. The library will NOT be unloaded.
[component_container_mt-40]          at line 127 in ./src/class_loader.cpp
[component_container_mt-40] Warning: class_loader.ClassLoader: SEVERE WARNING!!! Attempting to unload library while objects created by this loader exist in the heap! You should delete your objects before attempting to unload the library or destroying the ClassLoader. The library will NOT be unloaded.
[component_container_mt-40]          at line 127 in ./src/class_loader.cpp
[component_container_mt-40] Warning: class_loader.ClassLoader: SEVERE WARNING!!! Attempting to unload library while objects created by this loader exist in the heap! You should delete your objects before attempting to unload the library or destroying the ClassLoader. The library will NOT be unloaded.
[component_container_mt-40]          at line 127 in ./src/class_loader.cpp
[component_container_mt-40] Warning: class_loader.ClassLoader: SEVERE WARNING!!! Attempting to unload library while objects created by this loader exist in the heap! You should delete your objects before attempting to unload the library or destroying the ClassLoader. The library will NOT be unloaded.
[component_container_mt-40]          at line 127 in ./src/class_loader.cpp
[component_container_mt-40] Warning: class_loader.ClassLoader: SEVERE WARNING!!! Attempting to unload library while objects created by this loader exist in the heap! You should delete your objects before attempting to unload the library or destroying the ClassLoader. The library will NOT be unloaded.
[component_container_mt-40]          at line 127 in ./src/class_loader.cpp
[INFO] [component_container_mt-47]: process has finished cleanly [pid 938]
[ERROR] [component_container_mt-41]: process has died [pid 816, exit code -11, cmd '/opt/ros/humble/lib/rclcpp_components/component_container_mt --ros-args -r __node:=motion_planning_container -r __ns:=/planning/scenario_planning/lane_driving/motion_planning -p use_sim_time:=True -p wheel_radius:=0.383 -p wheel_width:=0.235 -p wheel_base:=2.79 -p wheel_tread:=1.64 -p front_overhang:=1.0 -p rear_overhang:=1.1 -p left_overhang:=0.128 -p right_overhang:=0.128 -p vehicle_height:=2.5 -p max_steer_angle:=0.7 -p use_sim_time:=True -p use_sim_time:=True -p use_sim_time:=True -p wheel_radius:=0.383 -p wheel_width:=0.235 -p wheel_base:=2.79 -p wheel_tread:=1.64 -p front_overhang:=1.0 -p rear_overhang:=1.1 -p left_overhang:=0.128 -p right_overhang:=0.128 -p vehicle_height:=2.5 -p max_steer_angle:=0.7 -p use_sim_time:=True -p wheel_radius:=0.383 -p wheel_width:=0.235 -p wheel_base:=2.79 -p wheel_tread:=1.64 -p front_overhang:=1.0 -p rear_overhang:=1.1 -p left_overhang:=0.128 -p right_overhang:=0.128 -p vehicle_height:=2.5 -p max_steer_angle:=0.7 -p use_sim_time:=True -p wheel_radius:=0.383 -p wheel_width:=0.235 -p wheel_base:=2.79 -p wheel_tread:=1.64 -p front_overhang:=1.0 -p rear_overhang:=1.1 -p left_overhang:=0.128 -p right_overhang:=0.128 -p vehicle_height:=2.5 -p max_steer_angle:=0.7'].
[INFO] [component_container-7]: process has finished cleanly [pid 473]
[INFO] [component_container_mt-40]: process has finished cleanly [pid 808]
[INFO] [component_container_mt-50]: process has finished cleanly [pid 966]
