arrival_system_ns,sim_ns,x_m,y_m,z_m,yaw_rad
1785828727862631928,21385226548,55.3321,-141.1693,-0.0147,-0.005434
1785828727911614223,21435226548,55.3321,-141.1693,-0.0147,-0.005434
1785828727962188527,21485226549,55.3321,-141.1693,-0.0147,-0.005434
1785828728012015352,21535226550,55.3321,-141.1693,-0.0147,-0.005434
1785828728062442947,21585226551,55.3321,-141.1693,-0.0147,-0.005434
1785828728112691844,21635226551,55.3321,-141.1693,-0.0147,-0.005434
1785828728163162887,21685226552,55.3321,-141.1693,-0.0147,-0.005434
1785828728212792076,21735226553,55.3321,-141.1693,-0.0147,-0.005434
1785828728262954328,21785226554,55.3321,-141.1693,-0.0147,-0.005434
1785828728313070725,21835226554,55.3321,-141.1693,-0.0147,-0.005434
1785828728364286523,21885226555,55.3321,-141.1693,-0.0147,-0.005434
1785828728413232079,21935226556,55.3321,-141.1693,-0.0147,-0.005434
1785828728463764304,21985226556,55.3321,-141.1693,-0.0147,-0.005434
1785828728515970168,22035226557,55.3321,-141.1693,-0.0147,-0.005434
1785828728563975254,22085226558,55.3321,-141.1693,-0.0147,-0.005434
1785828728613316164,22135226559,55.3321,-141.1693,-0.0147,-0.005434
1785828728663061866,22185226559,55.3321,-141.1693,-0.0147,-0.005434
1785828728713824091,22235226560,55.3321,-141.1693,-0.0147,-0.005434
1785828728763716311,22285226561,55.3321,-141.1693,-0.0147,-0.005434
1785828728814204496,22335226562,55.3321,-141.1693,-0.0147,-0.005434
1785828728863662608,22385226562,55.3321,-141.1693,-0.0147,-0.005434
1785828728914621845,22435226563,55.3321,-141.1693,-0.0147,-0.005434
1785828728965370629,22485226564,55.3321,-141.1693,-0.0147,-0.005434
1785828729013975435,22535226565,55.3321,-141.1693,-0.0147,-0.005434
1785828729064574719,22585226565,55.3321,-141.1693,-0.0147,-0.005434
1785828729114325466,22635226566,55.3321,-141.1693,-0.0147,-0.005434
1785828729164073941,22685226567,55.3321,-141.1693,-0.0147,-0.005434
1785828729214012010,22735226568,55.3321,-141.1693,-0.0147,-0.005434
1785828729264640853,22785226568,55.3321,-141.1693,-0.0147,-0.005434
1785828729314604942,22835226569,55.3321,-141.1693,-0.0147,-0.005434
1785828729364458864,22885226570,55.3321,-141.1693,-0.0147,-0.005434
1785828729415031172,22935226571,55.3321,-141.1693,-0.0147,-0.005434
1785828729464354979,22985226571,55.3321,-141.1693,-0.0147,-0.005434
1785828729515777401,23035226572,55.3321,-141.1693,-0.0147,-0.005434
1785828729565196515,23085226573,55.3321,-141.1693,-0.0147,-0.005434
1785828729615198473,23135226574,55.3321,-141.1693,-0.0147,-0.005434
1785828729665094190,23185226574,55.3321,-141.1693,-0.0147,-0.005434
1785828729715654111,23235226575,55.3321,-141.1693,-0.0147,-0.005434
1785828729766608121,23285226576,55.3321,-141.1693,-0.0147,-0.005434
1785828729816189020,23335226577,55.3321,-141.1693,-0.0147,-0.005434
1785828729865752713,23385226577,55.3321,-141.1693,-0.0147,-0.005434
1785828729915961763,23435226578,55.3321,-141.1693,-0.0147,-0.005434
1785828729966451433,23485226579,55.3321,-141.1693,-0.0147,-0.005434
1785828730015838340,23535226580,55.3321,-141.1693,-0.0147,-0.005434
1785828730066054479,23585226580,55.3321,-141.1693,-0.0147,-0.005434
1785828730116515353,23635226581,55.3321,-141.1693,-0.0147,-0.005434
1785828730166482023,23685226582,55.3321,-141.1693,-0.0147,-0.005434
1785828730216307038,23735226583,55.3321,-141.1693,-0.0147,-0.005434
1785828730268253505,23785226583,55.3321,-141.1693,-0.0147,-0.005434
1785828730316871244,23835226584,55.3321,-141.1693,-0.0147,-0.005434
1785828730368168415,23885226585,55.3321,-141.1693,-0.0147,-0.005434
1785828730417181006,23935226586,55.3321,-141.1693,-0.0147,-0.005434
1785828730466708275,23985226586,55.3321,-141.1693,-0.0147,-0.005434
1785828730517015889,24035226587,55.3321,-141.1693,-0.0147,-0.005434
1785828730567937613,24085226588,55.3321,-141.1693,-0.0147,-0.005434
1785828730617219412,24135226589,55.3321,-141.1693,-0.0147,-0.005434
1785828730668106570,24185226589,55.3321,-141.1693,-0.0147,-0.005434
1785828730718019030,24235226590,55.3321,-141.1693,-0.0147,-0.005434
1785828730767725957,24285226591,55.3321,-141.1693,-0.0147,-0.005434
1785828730818085794,24335226592,55.3321,-141.1693,-0.0147,-0.005434
1785828730868048044,24385226592,55.3321,-141.1693,-0.0147,-0.005434
1785828730919295961,24435226593,55.3321,-141.1693,-0.0147,-0.005434
1785828730967632544,24485226594,55.3321,-141.1693,-0.0147,-0.005434
1785828731019026240,24535226594,55.3321,-141.1693,-0.0147,-0.005434
1785828731068147812,24585226595,55.3321,-141.1693,-0.0147,-0.005434
1785828731119111359,24635226596,55.3321,-141.1693,-0.0147,-0.005434
1785828731168719267,24685226597,55.3321,-141.1693,-0.0147,-0.005434
1785828731218453630,24735226597,55.3321,-141.1693,-0.0147,-0.005434
1785828731269275071,24785226598,55.3321,-141.1693,-0.0147,-0.005434
1785828731318913896,24835226599,55.3321,-141.1693,-0.0147,-0.005434
1785828731368914517,24885226600,55.3321,-141.1693,-0.0147,-0.005434
1785828731419079423,24935226600,55.3321,-141.1693,-0.0147,-0.005434
1785828731470426508,24985226601,55.3321,-141.1693,-0.0147,-0.005434
1785828731521254080,25035226602,55.3321,-141.1693,-0.0147,-0.005434
1785828731569233970,25085226603,55.3321,-141.1693,-0.0147,-0.005434
1785828731619447498,25135226603,55.3321,-141.1693,-0.0147,-0.005434
1785828731671386802,25185226604,55.3321,-141.1693,-0.0147,-0.005434
1785828731720760180,25235226605,55.3321,-141.1693,-0.0147,-0.005434
1785828731769820640,25285226606,55.3321,-141.1693,-0.0147,-0.005434
1785828731820965307,25335226606,55.3321,-141.1693,-0.0147,-0.005434
1785828731870234223,25385226607,55.3321,-141.1693,-0.0147,-0.005434
1785828731920340904,25435226608,55.3321,-141.1693,-0.0147,-0.005434
1785828731970824902,25485226609,55.3321,-141.1693,-0.0147,-0.005434
1785828732020513915,25535226609,55.3321,-141.1693,-0.0147,-0.005434
1785828732070654922,25585226610,55.3321,-141.1693,-0.0147,-0.005434
1785828732121221379,25635226611,55.3321,-141.1693,-0.0147,-0.005434
1785828732171650033,25685226612,55.3321,-141.1693,-0.0147,-0.005434
1785828732221353034,25735226612,55.3321,-141.1693,-0.0147,-0.005434
1785828732271169804,25785226613,55.3321,-141.1693,-0.0147,-0.005434
1785828732321908209,25835226614,55.3321,-141.1693,-0.0147,-0.005434
1785828732371148882,25885226615,55.3321,-141.1693,-0.0147,-0.005434
1785828732421921105,25935226615,55.3321,-141.1693,-0.0147,-0.005434
1785828732472458133,25985226616,55.3321,-141.1693,-0.0147,-0.005434
1785828732521559120,26035226617,55.3321,-141.1693,-0.0147,-0.005434
1785828732571472945,26085226618,55.3321,-141.1693,-0.0147,-0.005434
1785828732624032328,26135226618,55.3321,-141.1693,-0.0147,-0.005434
1785828732671629432,26185226619,55.3321,-141.1693,-0.0147,-0.005434
1785828732722017157,26235226620,55.3321,-141.1693,-0.0147,-0.005434
1785828732772668989,26285226621,55.3321,-141.1693,-0.0147,-0.005434
1785828732824035342,26335226621,55.3321,-141.1693,-0.0147,-0.005434
1785828732873618799,26385226622,55.3321,-141.1693,-0.0147,-0.005434
1785828732923225292,26435226623,55.3321,-141.1693,-0.0147,-0.005434
1785828732973463578,26485226624,55.3321,-141.1693,-0.0147,-0.005434
1785828733023020139,26535226624,55.3321,-141.1693,-0.0147,-0.005434
1785828733072894499,26585226625,55.3321,-141.1693,-0.0147,-0.005434
1785828733123694746,26635226626,55.3321,-141.1693,-0.0147,-0.005434
1785828733173695679,26685226627,55.3321,-141.1693,-0.0147,-0.005434
1785828733223030384,26735226627,55.3321,-141.1693,-0.0147,-0.005434
1785828733273201390,26785226628,55.3321,-141.1693,-0.0147,-0.005434
1785828733324090231,26835226629,55.3321,-141.1693,-0.0147,-0.005434
1785828733373385244,26885226630,55.3321,-141.1693,-0.0147,-0.005434
1785828733423390755,26935226630,55.3321,-141.1693,-0.0147,-0.005434
1785828733474827314,26985226631,55.3321,-141.1693,-0.0147,-0.005434
1785828733524824475,27035226632,55.3321,-141.1693,-0.0147,-0.005434
1785828733573662173,27085226632,55.3321,-141.1693,-0.0147,-0.005434
1785828733625229649,27135226633,55.3321,-141.1693,-0.0147,-0.005434
1785828733675110943,27185226634,55.3321,-141.1693,-0.0147,-0.005434
1785828733724825134,27235226635,55.3321,-141.1693,-0.0147,-0.005434
1785828733775988645,27285226635,55.3321,-141.1693,-0.0147,-0.005434
1785828733824719078,27335226636,55.3321,-141.1693,-0.0147,-0.005434
1785828733874164269,27385226637,55.3321,-141.1693,-0.0147,-0.005434
1785828733924798086,27435226638,55.3321,-141.1693,-0.0147,-0.005434
1785828733976942129,27485226638,55.3321,-141.1693,-0.0147,-0.005434
1785828734024725339,27535226639,55.3321,-141.1693,-0.0147,-0.005434
1785828734075778857,27585226640,55.3321,-141.1693,-0.0147,-0.005434
1785828734124911768,27635226641,55.3321,-141.1693,-0.0147,-0.005434
1785828734174878487,27685226641,55.3321,-141.1693,-0.0147,-0.005434
1785828734226650081,27735226642,55.3321,-141.1693,-0.0147,-0.005434
1785828734276837324,27785226643,55.3321,-141.1693,-0.0147,-0.005434
1785828734325942997,27835226644,55.3321,-141.1693,-0.0147,-0.005434
1785828734376060529,27885226644,55.3321,-141.1693,-0.0147,-0.005434
1785828734426289798,27935226645,55.3321,-141.1693,-0.0147,-0.005434
1785828734477024310,27985226646,55.3321,-141.1693,-0.0147,-0.005434
1785828734526610893,28035226647,55.3321,-141.1693,-0.0147,-0.005434
1785828734577625904,28085226647,55.3321,-141.1693,-0.0147,-0.005434
1785828734626169198,28135226648,55.3321,-141.1693,-0.0147,-0.005434
1785828734676499812,28185226649,55.3321,-141.1693,-0.0147,-0.005434
1785828734726452762,28235226650,55.3321,-141.1693,-0.0147,-0.005434
1785828734779574437,28285226650,55.3321,-141.1693,-0.0147,-0.005434
1785828734826748789,28335226651,55.3321,-141.1693,-0.0147,-0.005434
1785828734878715464,28385226652,55.3321,-141.1693,-0.0147,-0.005434
1785828734927334621,28435226653,55.3321,-141.1693,-0.0147,-0.005434
1785828734976755191,28485226653,55.3321,-141.1693,-0.0147,-0.005434
1785828735027414261,28535226654,55.3321,-141.1693,-0.0147,-0.005434
1785828735078179121,28585226655,55.3321,-141.1693,-0.0147,-0.005434
1785828735128570933,28635226656,55.3321,-141.1693,-0.0147,-0.005434
1785828735180039738,28685226656,55.3321,-141.1693,-0.0147,-0.005434
1785828735227698226,28735226657,55.3321,-141.1693,-0.0147,-0.005434
1785828735278543627,28785226658,55.3321,-141.1693,-0.0147,-0.005434
1785828735328654004,28835226659,55.3321,-141.1693,-0.0147,-0.005434
1785828735378333548,28885226659,55.3321,-141.1693,-0.0147,-0.005434
1785828735428508205,28935226660,55.3321,-141.1693,-0.0147,-0.005434
1785828735479240439,28985226661,55.3321,-141.1693,-0.0147,-0.005434
1785828735528888572,29035226662,55.3321,-141.1693,-0.0147,-0.005434
1785828735579010157,29085226662,55.3321,-141.1693,-0.0147,-0.005434
1785828735628823930,29135226663,55.3321,-141.1693,-0.0147,-0.005434
1785828735679971885,29185226664,55.3321,-141.1693,-0.0147,-0.005434
1785828735729059674,29235226665,55.3321,-141.1693,-0.0147,-0.005434
1785828735780103272,29285226665,55.3321,-141.1693,-0.0147,-0.005434
1785828735832573084,29335226666,55.3321,-141.1693,-0.0147,-0.005434
1785828735879971892,29385226667,55.3321,-141.1693,-0.0147,-0.005434
1785828735929748228,29435226668,55.3321,-141.1693,-0.0147,-0.005434
1785828735979774813,29485226668,55.3321,-141.1693,-0.0147,-0.005434
1785828736029450699,29535226669,55.3321,-141.1693,-0.0147,-0.005434
1785828736080690600,29585226670,55.3321,-141.1693,-0.0147,-0.005434
1785828736129764024,29635226670,55.3321,-141.1693,-0.0147,-0.005434
1785828736180102426,29685226671,55.3321,-141.1693,-0.0147,-0.005434
1785828736230883735,29735226672,55.3321,-141.1693,-0.0147,-0.005434
1785828736280082316,29785226673,55.3321,-141.1693,-0.0147,-0.005434
1785828736329915126,29835226673,55.3321,-141.1693,-0.0147,-0.005434
1785828736380431524,29885226674,55.3321,-141.1693,-0.0147,-0.005434
1785828736433723656,29935226675,55.3321,-141.1693,-0.0147,-0.005434
1785828736480206632,29985226676,55.3321,-141.1693,-0.0147,-0.005434
1785828736531731107,30035226676,55.3321,-141.1693,-0.0147,-0.005434
1785828736580642072,30085226677,55.3321,-141.1693,-0.0147,-0.005434
1785828736630994118,30135226678,55.3321,-141.1693,-0.0147,-0.005434
1785828736680598650,30185226679,55.3321,-141.1693,-0.0147,-0.005434
1785828736732712993,30235226679,55.3321,-141.1693,-0.0147,-0.005434
1785828736781119492,30285226680,55.3321,-141.1693,-0.0147,-0.005434
1785828736831924305,30335226681,55.3321,-141.1693,-0.0147,-0.005434
1785828736882733892,30385226682,55.3321,-141.1693,-0.0147,-0.005434
1785828736931855458,30435226682,55.3321,-141.1693,-0.0147,-0.005434
1785828736981349444,30485226683,55.3321,-141.1693,-0.0147,-0.005434
1785828737032868223,30535226684,55.3321,-141.1693,-0.0147,-0.005434
1785828737081780676,30585226685,55.3321,-141.1693,-0.0147,-0.005434
1785828737131918606,30635226685,55.3321,-141.1693,-0.0147,-0.005434
1785828737183008575,30685226686,55.3321,-141.1693,-0.0147,-0.005434
1785828737232436135,30735226687,55.3321,-141.1693,-0.0147,-0.005434
1785828737281860917,30785226688,55.3321,-141.1693,-0.0147,-0.005434
1785828737333026351,30835226688,55.3321,-141.1693,-0.0147,-0.005434
1785828737384021011,30885226689,55.3321,-141.1693,-0.0147,-0.005434
1785828737434549932,30935226690,55.3321,-141.1693,-0.0147,-0.005434
1785828737482671018,30985226691,55.3321,-141.1693,-0.0147,-0.005434
1785828737533979207,31035226691,55.3321,-141.1693,-0.0147,-0.005434
1785828737582753236,31085226692,55.3321,-141.1693,-0.0147,-0.005434
1785828737633103027,31135226693,55.3321,-141.1693,-0.0147,-0.005434
1785828737683487918,31185226694,55.3321,-141.1693,-0.0147,-0.005434
1785828737733520263,31235226694,55.3321,-141.1693,-0.0147,-0.005434
1785828737783466612,31285226695,55.3321,-141.1693,-0.0147,-0.005434
1785828737834104222,31335226696,55.3321,-141.1693,-0.0147,-0.005434
1785828737884158985,31385226697,55.3321,-141.1693,-0.0147,-0.005434
1785828737934090051,31435226697,55.3321,-141.1693,-0.0147,-0.005434
1785828737984058171,31485226698,55.3321,-141.1693,-0.0147,-0.005434
1785828738034623467,31535226699,55.3321,-141.1693,-0.0147,-0.005434
1785828738083835440,31585226700,55.3321,-141.1693,-0.0147,-0.005434
1785828738134280514,31635226700,55.3321,-141.1693,-0.0147,-0.005434
1785828738185542490,31685226701,55.3321,-141.1693,-0.0147,-0.005434
1785828738234105812,31735226702,55.3321,-141.1693,-0.0147,-0.005434
1785828738284189402,31785226703,55.3321,-141.1693,-0.0147,-0.005434
1785828738334863263,31835226703,55.3321,-141.1693,-0.0147,-0.005434
1785828738385684330,31885226704,55.3321,-141.1693,-0.0147,-0.005434
1785828738435046005,31935226705,55.3321,-141.1693,-0.0147,-0.005434
1785828738486160011,31985226706,55.3321,-141.1693,-0.0147,-0.005434
1785828738535468835,32035226706,55.3321,-141.1693,-0.0147,-0.005434
1785828738585037330,32085226707,55.3321,-141.1693,-0.0147,-0.005434
1785828738635341600,32135226708,55.3321,-141.1693,-0.0147,-0.005434
1785828738685835853,32185226708,55.3321,-141.1693,-0.0147,-0.005434
1785828738736558095,32235226709,55.3321,-141.1693,-0.0147,-0.005434
1785828738786133963,32285226710,55.3321,-141.1693,-0.0147,-0.005434
1785828738836681843,32335226711,55.3321,-141.1693,-0.0147,-0.005434
1785828738886573808,32385226711,55.3321,-141.1693,-0.0147,-0.005434
1785828738936530526,32435226712,55.3321,-141.1693,-0.0147,-0.005434
1785828738987334096,32485226713,55.3321,-141.1693,-0.0147,-0.005434
1785828739039731207,32535226714,55.3321,-141.1693,-0.0147,-0.005434
1785828739086296172,32585226714,55.3321,-141.1693,-0.0147,-0.005434
1785828739138326009,32635226715,55.3321,-141.1693,-0.0147,-0.005434
1785828739185847495,32685226716,55.3321,-141.1693,-0.0147,-0.005434
1785828739236462160,32735226717,55.3321,-141.1693,-0.0147,-0.005434
1785828739286324907,32785226717,55.3321,-141.1693,-0.0147,-0.005434
1785828739338125740,32835226718,55.3321,-141.1693,-0.0147,-0.005434
1785828739386456377,32885226719,55.3321,-141.1693,-0.0147,-0.005434
1785828739436598534,32935226720,55.3321,-141.1693,-0.0147,-0.005434
1785828739487180658,32985226720,55.3321,-141.1693,-0.0147,-0.005434
1785828739536798523,33035226721,55.3321,-141.1693,-0.0147,-0.005434
1785828739587416087,33085226722,55.3321,-141.1693,-0.0147,-0.005434
1785828739637994499,33135226723,55.3321,-141.1693,-0.0147,-0.005434
1785828739688185329,33185226723,55.3321,-141.1693,-0.0147,-0.005434
1785828739738162084,33235226724,55.3321,-141.1693,-0.0147,-0.005434
1785828739787708743,33285226725,55.3321,-141.1693,-0.0147,-0.005434
1785828739838983161,33335226726,55.3321,-141.1693,-0.0147,-0.005434
1785828739887965259,33385226726,55.3321,-141.1693,-0.0147,-0.005434
1785828739939358814,33435226727,55.3321,-141.1693,-0.0147,-0.005434
1785828739988354083,33485226728,55.3321,-141.1693,-0.0147,-0.005434
1785828740040883471,33535226729,55.3321,-141.1693,-0.0147,-0.005434
1785828740088012229,33585226729,55.3321,-141.1693,-0.0147,-0.005434
1785828740138836217,33635226730,55.3321,-141.1693,-0.0147,-0.005434
1785828740189218333,33685226731,55.3321,-141.1693,-0.0147,-0.005434
1785828740239241943,33735226732,55.3321,-141.1693,-0.0147,-0.005434
1785828740288717709,33785226732,55.3321,-141.1693,-0.0147,-0.005434
1785828740339341406,33835226733,55.3321,-141.1693,-0.0147,-0.005434
1785828740388966225,33885226734,55.3321,-141.1693,-0.0147,-0.005434
1785828740440082330,33935226735,55.3321,-141.1693,-0.0147,-0.005434
1785828740488760932,33985226735,55.3321,-141.1693,-0.0147,-0.005434
1785828740539798594,34035226736,55.3321,-141.1693,-0.0147,-0.005434
1785828740589309906,34085226737,55.3321,-141.1693,-0.0147,-0.005434
1785828740642266997,34135226738,55.3321,-141.1693,-0.0147,-0.005434
1785828740689406529,34185226738,55.3321,-141.1693,-0.0147,-0.005434
1785828740739441411,34235226739,55.3321,-141.1693,-0.0147,-0.005434
1785828740790634500,34285226740,55.3321,-141.1693,-0.0147,-0.005434
1785828740840189322,34335226741,55.3321,-141.1693,-0.0147,-0.005434
1785828740889624648,34385226741,55.3321,-141.1693,-0.0147,-0.005434
1785828740943001976,34435226742,55.3321,-141.1693,-0.0147,-0.005434
1785828740990226430,34485226743,55.3321,-141.1693,-0.0147,-0.005434
1785828741041417575,34535226744,55.3321,-141.1693,-0.0147,-0.005434
1785828741089920525,34585226744,55.3321,-141.1693,-0.0147,-0.005434
1785828741140132569,34635226745,55.3321,-141.1693,-0.0147,-0.005434
1785828741190149746,34685226746,55.3321,-141.1693,-0.0147,-0.005434
1785828741241712589,34735226746,55.3321,-141.1693,-0.0147,-0.005434
1785828741290321672,34785226747,55.3321,-141.1693,-0.0147,-0.005434
1785828741341046453,34835226748,55.3321,-141.1693,-0.0147,-0.005434
1785828741391222196,34885226749,55.3321,-141.1693,-0.0147,-0.005434
1785828741440980600,34935226749,55.3321,-141.1693,-0.0147,-0.005434
1785828741491930145,34985226750,55.3321,-141.1693,-0.0147,-0.005434
1785828741540911200,35035226751,55.3321,-141.1693,-0.0147,-0.005434
1785828741592617067,35085226752,55.3321,-141.1693,-0.0147,-0.005434
1785828741642695426,35135226752,55.3321,-141.1693,-0.0147,-0.005434
1785828741691384880,35185226753,55.3321,-141.1693,-0.0147,-0.005434
1785828741743569375,35235226754,55.3321,-141.1693,-0.0147,-0.005434
1785828741792415578,35285226755,55.3321,-141.1693,-0.0147,-0.005434
1785828741842389814,35335226755,55.3321,-141.1693,-0.0147,-0.005434
1785828741892526530,35385226756,55.3321,-141.1693,-0.0147,-0.005434
1785828741942276577,35435226757,55.3384,-141.1693,-0.0136,-0.005423
1785828741992380452,35485226758,55.3398,-141.1693,-0.0136,-0.005422
1785828742042772474,35535226758,55.3420,-141.1693,-0.0136,-0.005420
1785828742093079413,35585226759,55.3449,-141.1693,-0.0135,-0.005417
1785828742142791749,35635226760,55.3486,-141.1694,-0.0135,-0.005413
1785828742192995826,35685226761,55.3530,-141.1694,-0.0135,-0.005408
1785828742244425418,35735226761,55.3580,-141.1694,-0.0135,-0.005403
1785828742293679265,35785226762,55.3637,-141.1694,-0.0134,-0.005397
1785828742342938762,35835226763,55.3700,-141.1695,-0.0134,-0.005392
1785828742393121479,35885226764,55.3770,-141.1695,-0.0133,-0.005386
1785828742443245565,35935226764,55.3845,-141.1696,-0.0133,-0.005380
1785828742493957706,35985226765,55.3927,-141.1696,-0.0132,-0.005375
1785828742543708895,36035226766,55.4015,-141.1696,-0.0131,-0.005374
1785828742593646493,36085226767,55.4108,-141.1697,-0.0131,-0.005378
1785828742643774260,36135226767,55.4207,-141.1698,-0.0130,-0.005388
1785828742694309834,36185226768,55.4311,-141.1698,-0.0129,-0.005399
1785828742746207912,36235226769,55.4420,-141.1699,-0.0128,-0.005412
1785828742793792580,36285226770,55.4534,-141.1700,-0.0127,-0.005426
1785828742844996339,36335226770,55.4653,-141.1701,-0.0126,-0.005442
1785828742894343535,36385226771,55.4777,-141.1702,-0.0125,-0.005465
1785828742944433132,36435226772,55.4906,-141.1703,-0.0124,-0.005493
1785828742994521489,36485226773,55.5038,-141.1704,-0.0123,-0.005528
1785828743045594572,36535226773,55.5175,-141.1705,-0.0121,-0.005565
1785828743095889270,36585226774,55.5316,-141.1706,-0.0120,-0.005604
1785828743144910013,36635226775,55.5461,-141.1707,-0.0119,-0.005646
1785828743195558244,36685226776,55.5610,-141.1709,-0.0118,-0.005690
1785828743245434258,36735226776,55.5762,-141.1710,-0.0116,-0.005736
1785828743295553174,36785226777,55.5919,-141.1712,-0.0115,-0.005785
1785828743346159117,36835226778,55.6078,-141.1713,-0.0113,-0.005836
1785828743395451083,36885226779,55.6241,-141.1715,-0.0112,-0.005893
1785828743446985238,36935226779,55.6407,-141.1716,-0.0110,-0.005953
1785828743496187106,36985226780,55.6576,-141.1718,-0.0109,-0.006020
1785828743545426279,37035226781,55.6748,-141.1720,-0.0107,-0.006089
1785828743595377111,37085226782,55.6924,-141.1722,-0.0106,-0.006165
1785828743647531066,37135226782,55.7102,-141.1723,-0.0104,-0.006244
1785828743696705795,37185226783,55.7283,-141.1726,-0.0102,-0.006330
1785828743746236757,37235226784,55.7467,-141.1728,-0.0101,-0.006418
1785828743796733435,37285226784,55.7653,-141.1730,-0.0099,-0.006509
1785828743846869796,37335226785,55.7843,-141.1732,-0.0097,-0.006605
1785828743896456532,37385226786,55.8035,-141.1734,-0.0096,-0.006704
1785828743946863987,37435226787,55.8230,-141.1737,-0.0094,-0.006808
1785828743996147120,37485226787,55.8428,-141.1739,-0.0092,-0.006915
1785828744047174800,37535226788,55.8629,-141.1741,-0.0090,-0.007024
1785828744097106425,37585226789,55.8832,-141.1744,-0.0088,-0.007139
1785828744146781369,37635226790,55.9039,-141.1747,-0.0086,-0.007257
1785828744197308956,37685226790,55.9248,-141.1749,-0.0084,-0.007378
1785828744246925162,37735226791,55.9461,-141.1752,-0.0082,-0.007503
1785828744297817817,37785226792,55.9677,-141.1755,-0.0080,-0.007631
1785828744348047843,37835226793,55.9897,-141.1758,-0.0078,-0.007763
1785828744396962342,37885226793,56.0120,-141.1760,-0.0076,-0.007897
1785828744447193844,37935226794,56.0346,-141.1763,-0.0074,-0.008034
1785828744497827298,37985226795,56.0576,-141.1767,-0.0072,-0.008173
1785828744547879623,38035226796,56.0810,-141.1770,-0.0070,-0.008316
1785828744597615371,38085226796,56.1048,-141.1773,-0.0067,-0.008463
1785828744651253411,38135226797,56.1291,-141.1777,-0.0065,-0.008612
1785828744697942595,38185226798,56.1538,-141.1780,-0.0063,-0.008765
1785828744748882077,38235226799,56.1791,-141.1784,-0.0061,-0.008920
1785828744797909996,38285226799,56.2048,-141.1788,-0.0058,-0.009078
1785828744848382248,38335226800,56.2312,-141.1791,-0.0056,-0.009240
1785828744898676008,38385226801,56.2581,-141.1795,-0.0053,-0.009405
1785828744948802472,38435226802,56.2857,-141.1800,-0.0051,-0.009572
1785828744999426902,38485226802,56.3140,-141.1804,-0.0048,-0.009742
1785828745050130842,38535226803,56.3430,-141.1809,-0.0045,-0.009915
1785828745098702734,38585226804,56.3727,-141.1814,-0.0042,-0.010092
1785828745149600673,38635226805,56.4032,-141.1819,-0.0038,-0.010271
1785828745199568091,38685226805,56.4346,-141.1824,-0.0035,-0.010453
1785828745249824076,38735226806,56.4668,-141.1830,-0.0031,-0.010637
1785828745299198987,38785226807,56.4999,-141.1836,-0.0027,-0.010822
1785828745351067762,38835226808,56.5339,-141.1842,-0.0023,-0.011008
1785828745401030812,38885226808,56.5689,-141.1848,-0.0019,-0.011194
1785828745450764168,38935226809,56.6048,-141.1854,-0.0015,-0.011378
1785828745501725565,38985226810,56.6419,-141.1861,-0.0011,-0.011561
1785828745550708478,39035226811,56.6800,-141.1867,-0.0007,-0.011740
1785828745599554476,39085226811,56.7192,-141.1874,-0.0002,-0.011914
1785828745649758615,39135226812,56.7596,-141.1880,0.0002,-0.012082
1785828745700286275,39185226813,56.8011,-141.1887,0.0007,-0.012244
1785828745751160141,39235226814,56.8439,-141.1894,0.0012,-0.012400
1785828745800821884,39285226814,56.8878,-141.1902,0.0018,-0.012550
1785828745850923426,39335226815,56.9329,-141.1909,0.0026,-0.012691
1785828745900875147,39385226816,56.9794,-141.1916,0.0034,-0.012823
1785828745951765706,39435226817,57.0271,-141.1924,0.0043,-0.012943
1785828746001025944,39485226817,57.0761,-141.1931,0.0052,-0.013040
1785828746050781485,39535226818,57.1265,-141.1938,0.0062,-0.013111
1785828746102011600,39585226819,57.1782,-141.1944,0.0071,-0.013162
1785828746151474094,39635226820,57.2313,-141.1951,0.0080,-0.013192
1785828746202672708,39685226820,57.2859,-141.1957,0.0089,-0.013202
1785828746253138899,39735226821,57.3418,-141.1963,0.0098,-0.013195
1785828746302212846,39785226822,57.3992,-141.1969,0.0107,-0.013174
1785828746352848262,39835226822,57.4580,-141.1975,0.0117,-0.013140
1785828746402656144,39885226823,57.5183,-141.1981,0.0127,-0.013094
1785828746452448770,39935226824,57.5800,-141.1987,0.0137,-0.013035
1785828746502506169,39985226825,57.6431,-141.1993,0.0147,-0.012954
1785828746553098975,40035226825,57.7078,-141.1998,0.0156,-0.012849
1785828746602564637,40085226826,57.7738,-141.2003,0.0165,-0.012720
1785828746652977541,40135226827,57.8414,-141.2007,0.0174,-0.012569
1785828746703532033,40185226828,57.9103,-141.2011,0.0183,-0.012401
1785828746753080698,40235226828,57.9806,-141.2015,0.0192,-0.012220
1785828746804548421,40285226829,58.0524,-141.2019,0.0201,-0.012029
1785828746853767529,40335226830,58.1255,-141.2022,0.0211,-0.011828
1785828746904207141,40385226831,58.2000,-141.2025,0.0220,-0.011615
1785828746955011005,40435226831,58.2758,-141.2029,0.0230,-0.011387
1785828747004170965,40485226832,58.3529,-141.2031,0.0240,-0.011143
1785828747055161242,40535226833,58.4313,-141.2034,0.0250,-0.010883
1785828747103731126,40585226834,58.5110,-141.2036,0.0260,-0.010604
1785828747154424926,40635226834,58.5920,-141.2038,0.0271,-0.010307
1785828747204082693,40685226835,58.6742,-141.2039,0.0282,-0.009980
1785828747254655501,40735226836,58.7576,-141.2039,0.0292,-0.009620
1785828747304277449,40785226837,58.8422,-141.2039,0.0303,-0.009228
1785828747354259835,40835226837,58.9280,-141.2039,0.0313,-0.008804
1785828747404370189,40885226838,59.0149,-141.2038,0.0324,-0.008353
1785828747454415230,40935226839,59.1030,-141.2036,0.0335,-0.007882
1785828747505764480,40985226840,59.1922,-141.2033,0.0346,-0.007398
1785828747554888785,41035226840,59.2825,-141.2031,0.0358,-0.006885
1785828747605431472,41085226841,59.3739,-141.2028,0.0370,-0.006355
1785828747655115860,41135226842,59.4662,-141.2025,0.0383,-0.005807
1785828747704816052,41185226843,59.5597,-141.2021,0.0397,-0.005244
1785828747755171002,41235226843,59.6541,-141.2016,0.0411,-0.004663
1785828747805569620,41285226844,59.7496,-141.2011,0.0425,-0.004060
1785828747856485452,41335226845,59.8461,-141.2005,0.0440,-0.003432
1785828747905574133,41385226846,59.9436,-141.1998,0.0454,-0.002770
1785828747956342159,41435226846,60.0422,-141.1989,0.0467,-0.002074
1785828748006142441,41485226847,60.1419,-141.1979,0.0480,-0.001362
1785828748055468228,41535226848,60.2425,-141.1969,0.0493,-0.000642
1785828748105524070,41585226849,60.3443,-141.1957,0.0506,0.000077
1785828748156576593,41635226849,60.4470,-141.1946,0.0519,0.000796
1785828748206444870,41685226850,60.5508,-141.1934,0.0533,0.001510
1785828748256603270,41735226851,60.6557,-141.1921,0.0548,0.002220
1785828748307577532,41785226852,60.7616,-141.1907,0.0562,0.002929
1785828748356753395,41835226852,60.8685,-141.1893,0.0578,0.003645
1785828748406436957,41885226853,60.9765,-141.1877,0.0592,0.004370
1785828748456598175,41935226854,61.0856,-141.1860,0.0605,0.005120
1785828748506185331,41985226855,61.1959,-141.1842,0.0616,0.005901
1785828748558612709,42035226855,61.3073,-141.1822,0.0624,0.006714
1785828748608134775,42085226856,61.4198,-141.1801,0.0632,0.007563
1785828748657760627,42135226857,61.5337,-141.1778,0.0638,0.008447
1785828748707714778,42185226858,61.6488,-141.1754,0.0644,0.009364
1785828748758376167,42235226858,61.7652,-141.1729,0.0650,0.010317
1785828748807134374,42285226859,61.8829,-141.1701,0.0657,0.011306
1785828748858628024,42335226860,62.0019,-141.1672,0.0663,0.012330
1785828748907480559,42385226860,62.1223,-141.1641,0.0670,0.013384
1785828748957935345,42435226861,62.2441,-141.1608,0.0678,0.014461
1785828749009049702,42485226862,62.3672,-141.1573,0.0685,0.015559
1785828749058657812,42535226863,62.4919,-141.1537,0.0693,0.016675
1785828749107694458,42585226863,62.6180,-141.1498,0.0701,0.017807
1785828749158111642,42635226864,62.7456,-141.1458,0.0709,0.018962
1785828749208038435,42685226865,62.8747,-141.1415,0.0717,0.020147
1785828749258965929,42735226866,63.0054,-141.1371,0.0725,0.021367
1785828749308374733,42785226866,63.1376,-141.1324,0.0734,0.022633
1785828749358930167,42835226867,63.2714,-141.1274,0.0745,0.023945
1785828749408745690,42885226868,63.4068,-141.1222,0.0756,0.025309
1785828749460333614,42935226869,63.5438,-141.1167,0.0767,0.026731
1785828749508668236,42985226869,63.6826,-141.1109,0.0777,0.028213
1785828749559799285,43035226870,63.8230,-141.1048,0.0787,0.029755
1785828749608946683,43085226871,63.9654,-141.0983,0.0793,0.031351
1785828749659534387,43135226872,64.1097,-141.0914,0.0796,0.032993
1785828749710204306,43185226872,64.2559,-141.0842,0.0796,0.034677
1785828749761024605,43235226873,64.4040,-141.0766,0.0795,0.036398
1785828749810691138,43285226874,64.5540,-141.0686,0.0793,0.038155
1785828749860197004,43335226875,64.7059,-141.0602,0.0791,0.039946
1785828749909966074,43385226875,64.8598,-141.0515,0.0789,0.041767
1785828749960239494,43435226876,65.0155,-141.0423,0.0788,0.043614
1785828750010805844,43485226877,65.1732,-141.0328,0.0787,0.045483
1785828750060248396,43535226878,65.3328,-141.0228,0.0787,0.047374
1785828750110659640,43585226878,65.4943,-141.0125,0.0787,0.049293
1785828750160921995,43635226879,65.6578,-141.0016,0.0788,0.051253
1785828750212813006,43685226880,65.8232,-140.9902,0.0788,0.053268
1785828750261156695,43735226881,65.9904,-140.9783,0.0788,0.055350
1785828750310794848,43785226881,66.1595,-140.9659,0.0788,0.057513
1785828750362782904,43835226882,66.3304,-140.9528,0.0787,0.059760
1785828750410765723,43885226883,66.5032,-140.9392,0.0784,0.062092
1785828750462080740,43935226884,66.6777,-140.9249,0.0781,0.064508
1785828750514024498,43985226884,66.8541,-140.9100,0.0777,0.067007
1785828750561625222,44035226885,67.0321,-140.8944,0.0773,0.069575
1785828750612424288,44085226886,67.2117,-140.8782,0.0769,0.072200
1785828750661715057,44135226887,67.3928,-140.8613,0.0765,0.074874
1785828750712177674,44185226887,67.5755,-140.8438,0.0762,0.077597
1785828750762093734,44235226888,67.7595,-140.8256,0.0758,0.080376
1785828750812199260,44285226889,67.9449,-140.8067,0.0754,0.083223
1785828750862077911,44335226890,68.1316,-140.7871,0.0750,0.086155
1785828750914113333,44385226890,68.3195,-140.7666,0.0746,0.089172
1785828750962337540,44435226891,68.5085,-140.7452,0.0745,0.092271
1785828751013870297,44485226892,68.6985,-140.7231,0.0743,0.095447
1785828751061940724,44535226893,68.8895,-140.7001,0.0741,0.098697
1785828751111945875,44585226893,69.0815,-140.6765,0.0739,0.102013
1785828751163355899,44635226894,69.2742,-140.6520,0.0737,0.105390
1785828751212328982,44685226895,69.4677,-140.6267,0.0735,0.108817
1785828751262690646,44735226896,69.6619,-140.6007,0.0733,0.112287
1785828751312686265,44785226896,69.8567,-140.5737,0.0732,0.115801
1785828751364091978,44835226897,70.0521,-140.5459,0.0732,0.119362
1785828751413315521,44885226898,70.2479,-140.5173,0.0731,0.122974
1785828751462977950,44935226898,70.4443,-140.4878,0.0732,0.126638
1785828751514932487,44985226899,70.6410,-140.4575,0.0732,0.130363
1785828751563927271,45035226900,70.8382,-140.4262,0.0733,0.134151
1785828751613213204,45085226901,71.0356,-140.3940,0.0734,0.137998
1785828751663690148,45135226901,71.2333,-140.3609,0.0737,0.141900
1785828751715107808,45185226902,71.4312,-140.3269,0.0741,0.145848
1785828751763786034,45235226903,71.6292,-140.2920,0.0745,0.149825
1785828751814790260,45285226904,71.8274,-140.2564,0.0748,0.153835
1785828751864283715,45335226904,72.0257,-140.2199,0.0751,0.157880
1785828751914455477,45385226905,72.2241,-140.1826,0.0754,0.161957
1785828751963713534,45435226906,72.4226,-140.1443,0.0756,0.166070
1785828752014335397,45485226907,72.6210,-140.1051,0.0758,0.170227
1785828752065924980,45535226907,72.8195,-140.0650,0.0761,0.174418
1785828752114755735,45585226908,73.0180,-140.0240,0.0766,0.178637
1785828752164872685,45635226909,73.2164,-139.9821,0.0772,0.182884
1785828752214649116,45685226910,73.4147,-139.9393,0.0780,0.187161
1785828752265636014,45735226910,73.6129,-139.8956,0.0789,0.191478
1785828752316001816,45785226911,73.8108,-139.8507,0.0800,0.195850
1785828752364754546,45835226912,74.0085,-139.8048,0.0812,0.200254
1785828752415090501,45885226913,74.2060,-139.7580,0.0824,0.204685
1785828752465046222,45935226913,74.4033,-139.7103,0.0836,0.209144
1785828752515437777,45985226914,74.6004,-139.6617,0.0847,0.213633
1785828752565118137,46035226915,74.7973,-139.6124,0.0858,0.218133
1785828752615953267,46085226916,74.9939,-139.5622,0.0869,0.222642
1785828752665260141,46135226916,75.1903,-139.5111,0.0879,0.227158
1785828752715924530,46185226917,75.3865,-139.4592,0.0887,0.231666
1785828752765537545,46235226918,75.5823,-139.4064,0.0893,0.236158
1785828752815698331,46285226919,75.7777,-139.3528,0.0899,0.240642
1785828752866969835,46335226919,75.9729,-139.2984,0.0904,0.245117
1785828752915569777,46385226920,76.1677,-139.2429,0.0908,0.249574
1785828752965844205,46435226921,76.3623,-139.1866,0.0911,0.254053
1785828753015314423,46485226922,76.5565,-139.1293,0.0915,0.258585
1785828753066004610,46535226922,76.7503,-139.0710,0.0920,0.263153
1785828753116798708,46585226923,76.9437,-139.0118,0.0926,0.267754
1785828753170123544,46635226924,77.1368,-138.9517,0.0932,0.272389
1785828753216539735,46685226925,77.3296,-138.8907,0.0939,0.277063
1785828753266476302,46735226925,77.5219,-138.8289,0.0947,0.281776
1785828753317038287,46785226926,77.7138,-138.7663,0.0955,0.286521
1785828753366583138,46835226927,77.9053,-138.7027,0.0961,0.291291
1785828753417045058,46885226928,78.0966,-138.6382,0.0965,0.296082
1785828753466643997,46935226928,78.2876,-138.5728,0.0965,0.300900
1785828753517381257,46985226929,78.4784,-138.5065,0.0963,0.305725
1785828753566999328,47035226930,78.6689,-138.4392,0.0958,0.310542
1785828753616841163,47085226931,78.8591,-138.3710,0.0952,0.315345
1785828753669846405,47135226931,79.0491,-138.3019,0.0945,0.320122
1785828753717045533,47185226932,79.2389,-138.2320,0.0938,0.324881
1785828753767565818,47235226933,79.4284,-138.1612,0.0931,0.329624
1785828753818576769,47285226933,79.6176,-138.0894,0.0924,0.334352
1785828753867156133,47335226934,79.8065,-138.0168,0.0917,0.339064
1785828753917615934,47385226935,79.9952,-137.9433,0.0911,0.343762
1785828753967986345,47435226936,80.1835,-137.8688,0.0904,0.348451
1785828754017759205,47485226936,80.3716,-137.7933,0.0897,0.353152
1785828754067672104,47535226937,80.5594,-137.7169,0.0887,0.357864
1785828754118001507,47585226938,80.7471,-137.6396,0.0875,0.362577
1785828754168481133,47635226939,80.9345,-137.5613,0.0862,0.367297
1785828754217617395,47685226939,81.1217,-137.4821,0.0848,0.372024
1785828754268654784,47735226940,81.3086,-137.4020,0.0833,0.376760
1785828754317701615,47785226941,81.4954,-137.3210,0.0819,0.381508
1785828754368913652,47835226942,81.6819,-137.2390,0.0804,0.386268
1785828754418450201,47885226942,81.8682,-137.1560,0.0790,0.391044
1785828754468741528,47935226943,82.0542,-137.0721,0.0776,0.395845
1785828754519867713,47985226944,82.2400,-136.9872,0.0762,0.400678
1785828754568772382,48035226945,82.4255,-136.9014,0.0747,0.405550
1785828754618836378,48085226945,82.6108,-136.8147,0.0731,0.410447
1785828754669935791,48135226946,82.7959,-136.7269,0.0713,0.415354
1785828754719557323,48185226947,82.9806,-136.6379,0.0693,0.420281
1785828754770198895,48235226948,83.1652,-136.5479,0.0672,0.425223
1785828754819989444,48285226948,83.3494,-136.4568,0.0650,0.430173
1785828754870152957,48335226949,83.5335,-136.3647,0.0628,0.435128
1785828754919574670,48385226950,83.7173,-136.2715,0.0607,0.440088
1785828754969525442,48435226951,83.9008,-136.1774,0.0585,0.445051
1785828755020339562,48485226951,84.0841,-136.0822,0.0563,0.450025
1785828755069894356,48535226952,84.2672,-135.9862,0.0542,0.455015
1785828755121486236,48585226953,84.4500,-135.8891,0.0521,0.460025
1785828755171040761,48635226954,84.6325,-135.7909,0.0501,0.465059
1785828755221149175,48685226954,84.8147,-135.6918,0.0479,0.470096
1785828755271197572,48735226955,84.9967,-135.5916,0.0458,0.475179
1785828755321027514,48785226956,85.1782,-135.4902,0.0434,0.480386
1785828755370630879,48835226957,85.3593,-135.3873,0.0408,0.485733
1785828755422106127,48885226957,85.5399,-135.2832,0.0382,0.491210
1785828755471009620,48935226958,85.7200,-135.1776,0.0356,0.496784
1785828755520737311,48985226959,85.8998,-135.0709,0.0331,0.502410
1785828755570896512,49035226960,86.0792,-134.9632,0.0308,0.508044
1785828755622779975,49085226960,86.2583,-134.8544,0.0288,0.513654
1785828755673007801,49135226961,86.4369,-134.7447,0.0269,0.519206
1785828755722414956,49185226962,86.6152,-134.6339,0.0251,0.524661
1785828755772223948,49235226963,86.7931,-134.5223,0.0235,0.529997
1785828755822119488,49285226963,86.9706,-134.4099,0.0218,0.535191
1785828755873270030,49335226964,87.1477,-134.2966,0.0201,0.540247
1785828755922522113,49385226965,87.3244,-134.1825,0.0183,0.545179
1785828755972224383,49435226966,87.5007,-134.0674,0.0165,0.550013
1785828756022586851,49485226966,87.6765,-133.9513,0.0146,0.554798
1785828756072951337,49535226967,87.8519,-133.8343,0.0128,0.559556
1785828756124949871,49585226968,88.0267,-133.7164,0.0111,0.564306
1785828756173484987,49635226969,88.2009,-133.5976,0.0096,0.569056
1785828756222785031,49685226969,88.3745,-133.4781,0.0083,0.573818
1785828756272650135,49735226970,88.5476,-133.3579,0.0073,0.578601
1785828756324591530,49785226971,88.7200,-133.2369,0.0062,0.583420
1785828756372943908,49835226971,88.8919,-133.1151,0.0054,0.588291
1785828756423998107,49885226972,89.0630,-132.9923,0.0046,0.593207
1785828756473147579,49935226973,89.2336,-132.8687,0.0039,0.598168
1785828756524347975,49985226974,89.4034,-132.7442,0.0031,0.603173
1785828756573437624,50035226974,89.5726,-132.6188,0.0024,0.608217
1785828756624804549,50085226975,89.7410,-132.4926,0.0019,0.613293
1785828756674635032,50135226976,89.9087,-132.3655,0.0015,0.618390
1785828756723938808,50185226977,90.0755,-132.2375,0.0014,0.623496
1785828756773987618,50235226977,90.2417,-132.1086,0.0013,0.628598
1785828756824793057,50285226978,90.4071,-131.9790,0.0012,0.633682
1785828756876246192,50335226979,90.5718,-131.8487,0.0010,0.638740
1785828756924589131,50385226980,90.7358,-131.7177,0.0008,0.643769
1785828756974937996,50435226980,90.8992,-131.5859,0.0005,0.648767
1785828757024305655,50485226981,91.0617,-131.4537,0.0000,0.653715
1785828757074304088,50535226982,91.2229,-131.3212,-0.0004,0.658609
1785828757124758329,50585226983,91.3834,-131.1883,-0.0008,0.663479
1785828757175041856,50635226983,91.5431,-131.0547,-0.0011,0.668327
1785828757224717241,50685226984,91.7021,-130.9204,-0.0014,0.673151
1785828757275426969,50735226985,91.8604,-130.7853,-0.0018,0.677958
1785828757325234284,50785226986,92.0180,-130.6496,-0.0020,0.682757
1785828757375805123,50835226986,92.1747,-130.5131,-0.0021,0.687539
1785828757426420703,50885226987,92.3306,-130.3759,-0.0023,0.692312
1785828757476540816,50935226988,92.4857,-130.2380,-0.0023,0.697083
1785828757526359080,50985226989,92.6401,-130.0994,-0.0024,0.701851
1785828757576478385,51035226989,92.7937,-129.9601,-0.0026,0.706609
1785828757626353089,51085226990,92.9448,-129.8189,-0.0056,0.711373
1785828757676392329,51135226991,93.0953,-129.6771,-0.0096,0.716169
1785828757726897333,51185226992,93.2469,-129.5365,-0.0111,0.720913
1785828757778371176,51235226992,93.3985,-129.3957,-0.0106,0.725658
1785828757826312963,51285226993,93.5497,-129.2540,-0.0087,0.730403
1785828757876474508,51335226994,93.6998,-129.1115,-0.0063,0.735131
1785828757927957287,51385226995,93.8489,-128.9682,-0.0041,0.739844
1785828757976568826,51435226995,93.9969,-128.8241,-0.0024,0.744553
1785828758026481115,51485226996,94.1440,-128.6795,-0.0013,0.749257
1785828758077104251,51535226997,94.2901,-128.5343,-0.0007,0.753956
1785828758126329073,51585226998,94.4355,-128.3885,-0.0005,0.758657
1785828758176701978,51635226998,94.5800,-128.2421,-0.0005,0.763365
1785828758228135761,51685226999,94.7237,-128.0950,-0.0005,0.768080
1785828758276994910,51735227000,94.8663,-127.9467,-0.0016,0.772748
1785828758326968581,51785227001,95.0077,-127.7966,-0.0049,0.777399
1785828758379025292,51835227001,95.1488,-127.6466,-0.0074,0.782061
1785828758428058773,51885227002,95.2898,-127.4983,-0.0069,0.786784
1785828758477552664,51935227003,95.4299,-127.3495,-0.0052,0.791398
1785828758527697124,51985227004,95.5691,-127.1999,-0.0033,0.795972
1785828758578837143,52035227004,95.7074,-127.0495,-0.0017,0.800520
1785828758628034781,52085227005,95.8451,-126.8984,-0.0004,0.805046
1785828758678486902,52135227006,95.9821,-126.7467,0.0005,0.809550
1785828758728145518,52185227007,96.1186,-126.5945,0.0011,0.814044
1785828758779024035,52235227007,96.2543,-126.4417,0.0016,0.818539
1785828758828406753,52285227008,96.3893,-126.2884,0.0020,0.823039
1785828758878669079,52335227009,96.5235,-126.1344,0.0024,0.827542
1785828758929436544,52385227009,96.6569,-125.9799,0.0028,0.832044
1785828758979226668,52435227010,96.7895,-125.8247,0.0031,0.836558
1785828759028839861,52485227011,96.9214,-125.6687,0.0032,0.841086
1785828759079711905,52535227012,97.0524,-125.5121,0.0033,0.845619
1785828759130831759,52585227012,97.1826,-125.3548,0.0034,0.850142
1785828759179450712,52635227013,97.3121,-125.1969,0.0036,0.854645
1785828759228640827,52685227014,97.4410,-125.0384,0.0038,0.859128
1785828759280533540,52735227015,97.5693,-124.8793,0.0040,0.863592
1785828759328960771,52785227015,97.6969,-124.7197,0.0043,0.868031
1785828759379287824,52835227016,97.8240,-124.5596,0.0048,0.872433
1785828759430283853,52885227017,97.9506,-124.3991,0.0054,0.876805
1785828759479567727,52935227018,98.0765,-124.2381,0.0058,0.881159
1785828759529578968,52985227018,98.2019,-124.0764,0.0059,0.885508
1785828759579600366,53035227019,98.3268,-123.9142,0.0059,0.889851
1785828759630751970,53085227020,98.4510,-123.7513,0.0058,0.894185
1785828759679866844,53135227021,98.5747,-123.5877,0.0056,0.898511
1785828759729648752,53185227021,98.6978,-123.4234,0.0054,0.902837
1785828759780374074,53235227022,98.8202,-123.2584,0.0051,0.907174
1785828759831585355,53285227023,98.9420,-123.0927,0.0046,0.911511
1785828759880785386,53335227024,99.0632,-122.9262,0.0041,0.915853
1785828759930904604,53385227024,99.1837,-122.7589,0.0036,0.920207
1785828759980788705,53435227025,99.3036,-122.5909,0.0033,0.924573
1785828760031386073,53485227026,99.4228,-122.4222,0.0030,0.928942
1785828760081704372,53535227027,99.5415,-122.2527,0.0028,0.933339
1785828760131951925,53585227027,99.6594,-122.0825,0.0026,0.937825
1785828760182015924,53635227028,99.7765,-121.9113,0.0023,0.942447
1785828760230819278,53685227029,99.8930,-121.7391,0.0016,0.947187
1785828760282731024,53735227030,100.0088,-121.5661,0.0007,0.951993
1785828760331574129,53785227030,100.1240,-121.3924,-0.0006,0.956814
1785828760382278948,53835227031,100.2386,-121.2178,-0.0020,0.961608
1785828760432221348,53885227032,100.3527,-121.0425,-0.0036,0.966347
1785828760482732590,53935227033,100.4663,-120.8664,-0.0052,0.971001
1785828760532050978,53985227033,100.5794,-120.6895,-0.0070,0.975558
1785828760583090890,54035227034,100.6920,-120.5117,-0.0087,0.980000
1785828760632389203,54085227035,100.8042,-120.3333,-0.0103,0.984318
1785828760682431851,54135227036,100.9159,-120.1543,-0.0116,0.988511
1785828760732775020,54185227036,101.0273,-119.9747,-0.0125,0.992589
1785828760785530044,54235227037,101.1381,-119.7945,-0.0134,0.996581
1785828760832293102,54285227038,101.2484,-119.6136,-0.0141,1.000520
1785828760884478679,54335227039,101.3581,-119.4322,-0.0148,1.004429
1785828760933302689,54385227039,101.4672,-119.2501,-0.0156,1.008319
1785828760982790914,54435227040,101.5756,-119.0673,-0.0165,1.012208
1785828761033180403,54485227041,101.6834,-118.8839,-0.0176,1.016117
1785828761084363633,54535227042,101.7906,-118.6999,-0.0190,1.020054
1785828761132804266,54585227042,101.8971,-118.5152,-0.0203,1.024027
1785828761183217270,54635227043,102.0028,-118.3299,-0.0215,1.028033
1785828761234018097,54685227044,102.1078,-118.1441,-0.0225,1.032079
1785828761283418530,54735227045,102.2120,-117.9577,-0.0233,1.036152
1785828761333736086,54785227045,102.3155,-117.7708,-0.0240,1.040236
1785828761383682126,54835227046,102.4183,-117.5836,-0.0244,1.044319
1785828761434170872,54885227047,102.5204,-117.3961,-0.0245,1.048395
1785828761484001074,54935227047,102.6219,-117.2082,-0.0246,1.052453
1785828761533545963,54985227048,102.7225,-117.0198,-0.0247,1.056488
1785828761584584508,55035227049,102.8225,-116.8311,-0.0248,1.060505
1785828761634839420,55085227050,102.9216,-116.6419,-0.0249,1.064495
1785828761684919839,55135227050,103.0201,-116.4524,-0.0250,1.068467
1785828761734556624,55185227051,103.1179,-116.2625,-0.0251,1.072426
1785828761785499185,55235227052,103.2149,-116.0723,-0.0252,1.076374
1785828761835206346,55285227053,103.3112,-115.8818,-0.0252,1.080315
1785828761885080644,55335227053,103.4068,-115.6909,-0.0253,1.084252
1785828761935549065,55385227054,103.5015,-115.4997,-0.0253,1.088184
1785828761985133323,55435227055,103.5955,-115.3082,-0.0251,1.092115
1785828762035489900,55485227056,103.6887,-115.1163,-0.0248,1.096055
1785828762085294539,55535227056,103.7810,-114.9241,-0.0245,1.100007
1785828762135617454,55585227057,103.8726,-114.7317,-0.0241,1.103967
1785828762188479274,55635227058,103.9634,-114.5389,-0.0238,1.107928
1785828762235589161,55685227059,104.0533,-114.3458,-0.0235,1.111874
1785828762285407883,55735227059,104.1423,-114.1524,-0.0233,1.115814
1785828762335995516,55785227060,104.2305,-113.9587,-0.0232,1.119751
1785828762385800565,55835227061,104.3179,-113.7648,-0.0233,1.123670
1785828762435621803,55885227062,104.4048,-113.5707,-0.0235,1.127569
1785828762486422617,55935227062,104.4909,-113.3762,-0.0239,1.131471
1785828762536881789,55985227063,104.5762,-113.1814,-0.0242,1.135390
1785828762585957868,56035227064,104.6606,-112.9864,-0.0244,1.139321
1785828762636705064,56085227065,104.7442,-112.7911,-0.0244,1.143270
1785828762686229958,56135227065,104.8270,-112.5956,-0.0243,1.147240
1785828762736170683,56185227066,104.9089,-112.3997,-0.0241,1.151240
1785828762786787008,56235227067,104.9900,-112.2037,-0.0240,1.155275
1785828762836981892,56285227068,105.0702,-112.0074,-0.0238,1.159346
1785828762887199258,56335227068,105.1494,-111.8108,-0.0236,1.163445
1785828762936695232,56385227069,105.2277,-111.6140,-0.0235,1.167566
1785828762987275490,56435227070,105.3051,-111.4168,-0.0236,1.171702
1785828763036865385,56485227071,105.3818,-111.2194,-0.0240,1.175839
1785828763087259392,56535227071,105.4576,-111.0216,-0.0244,1.179978
1785828763137204164,56585227072,105.5327,-110.8236,-0.0249,1.184111
1785828763187980237,56635227073,105.6069,-110.6254,-0.0255,1.188231
1785828763237536891,56685227074,105.6803,-110.4269,-0.0260,1.192319
1785828763287533647,56735227074,105.7529,-110.2283,-0.0267,1.196379
1785828763337838013,56785227075,105.8247,-110.0294,-0.0274,1.200426
1785828763388568454,56835227076,105.8956,-109.8303,-0.0281,1.204458
1785828763438753528,56885227077,105.9659,-109.6310,-0.0290,1.208464
1785828763488721648,56935227077,106.0353,-109.4314,-0.0298,1.212454
1785828763538791393,56985227078,106.1038,-109.2316,-0.0304,1.216460
1785828763589137704,57035227079,106.1714,-109.0314,-0.0306,1.220512
1785828763638555116,57085227080,106.2381,-108.8310,-0.0307,1.224617
1785828763688628854,57135227080,106.3039,-108.6304,-0.0307,1.228761
1785828763738902214,57185227081,106.3690,-108.4297,-0.0307,1.232925
1785828763789783028,57235227082,106.4332,-108.2288,-0.0309,1.237076
1785828763839220193,57285227083,106.4967,-108.0278,-0.0312,1.241192
1785828763889024242,57335227083,106.5593,-107.8266,-0.0315,1.245275
1785828763938830564,57385227084,106.6211,-107.6253,-0.0320,1.249316
1785828763989427127,57435227085,106.6822,-107.4241,-0.0328,1.253307
1785828764039421940,57485227085,106.7423,-107.2233,-0.0339,1.257257
1785828764090267167,57535227086,106.8015,-107.0225,-0.0351,1.261187
1785828764139770741,57585227087,106.8600,-106.8214,-0.0364,1.265107
1785828764190350624,57635227088,106.9177,-106.6201,-0.0376,1.269014
1785828764239002363,57685227088,106.9745,-106.4188,-0.0384,1.272904
1785828764290672905,57735227089,107.0304,-106.2173,-0.0388,1.276772
1785828764341560647,57785227090,107.0855,-106.0157,-0.0390,1.280645
1785828764391351578,57835227091,107.1397,-105.8140,-0.0390,1.284504
1785828764439686484,57885227091,107.1933,-105.6122,-0.0391,1.288355
1785828764490853826,57935227092,107.2461,-105.4105,-0.0394,1.292185
1785828764541338834,57985227093,107.2979,-105.2093,-0.0397,1.296004
1785828764590172939,58035227094,107.3489,-105.0082,-0.0401,1.299823
1785828764640934059,58085227094,107.3990,-104.8070,-0.0407,1.303649
1785828764691584479,58135227095,107.4484,-104.6055,-0.0414,1.307469
1785828764740468551,58185227096,107.4971,-104.4039,-0.0423,1.311274
1785828764791187638,58235227097,107.5451,-104.2021,-0.0432,1.315071
1785828764841464077,58285227097,107.5922,-104.0002,-0.0442,1.318859
1785828764891623572,58335227098,107.6385,-103.7981,-0.0453,1.322647
1785828764941378097,58385227099,107.6840,-103.5958,-0.0464,1.326439
1785828764991669040,58435227100,107.7287,-103.3934,-0.0476,1.330235
1785828765041567805,58485227100,107.7726,-103.1907,-0.0488,1.334033
1785828765092815171,58535227101,107.8158,-102.9879,-0.0499,1.337809
1785828765141216408,58585227102,107.8581,-102.7850,-0.0509,1.341562
1785828765192362094,58635227103,107.8996,-102.5819,-0.0518,1.345312
1785828765242803363,58685227103,107.9405,-102.3787,-0.0526,1.349045
1785828765294241765,58735227104,107.9805,-102.1754,-0.0533,1.352753
1785828765342793227,58785227105,108.0200,-101.9719,-0.0540,1.356440
1785828765392336392,58835227106,108.0587,-101.7684,-0.0545,1.360104
1785828765442879467,58885227106,108.0969,-101.5647,-0.0552,1.363732
1785828765494065288,58935227107,108.1343,-101.3609,-0.0561,1.367326
1785828765542571884,58985227108,108.1709,-101.1568,-0.0571,1.370886
1785828765593060808,59035227109,108.2069,-100.9527,-0.0583,1.374404
1785828765643018289,59085227109,108.2423,-100.7484,-0.0597,1.377878
1785828765693450702,59135227110,108.2771,-100.5439,-0.0613,1.381310
1785828765744267085,59185227111,108.3113,-100.3393,-0.0629,1.384707
1785828765793538337,59235227112,108.3448,-100.1345,-0.0645,1.388068
1785828765843762233,59285227112,108.3778,-99.9296,-0.0659,1.391400
1785828765893737560,59335227113,108.4101,-99.7244,-0.0670,1.394706
1785828765944673397,59385227114,108.4416,-99.5191,-0.0679,1.397990
1785828765996111851,59435227115,108.4725,-99.3137,-0.0686,1.401250
1785828766044260054,59485227115,108.5026,-99.1083,-0.0692,1.404483
1785828766093980712,59535227116,108.5322,-98.9027,-0.0698,1.407691
1785828766144219502,59585227117,108.5611,-98.6971,-0.0707,1.410870
1785828766193902588,59635227118,108.5895,-98.4913,-0.0717,1.414030
1785828766244614370,59685227118,108.6173,-98.2855,-0.0729,1.417174
1785828766293965766,59735227119,108.6445,-98.0794,-0.0742,1.420305
1785828766345166076,59785227120,108.6712,-97.8732,-0.0757,1.423431
1785828766394387756,59835227121,108.6974,-97.6668,-0.0772,1.426550
1785828766444789184,59885227121,108.7229,-97.4601,-0.0785,1.429670
1785828766495361763,59935227122,108.7476,-97.2533,-0.0795,1.432782
1785828766543992372,59985227123,108.7718,-97.0464,-0.0799,1.435871
1785828766594792017,60035227123,108.7953,-96.8396,-0.0798,1.438928
1785828766646297816,60085227124,108.8182,-96.6328,-0.0795,1.441950
1785828766696900900,60135227125,108.8404,-96.4259,-0.0793,1.444938
1785828766744842427,60185227126,108.8621,-96.2191,-0.0792,1.447889
1785828766795774570,60235227126,108.8833,-96.0121,-0.0793,1.450798
1785828766846048196,60285227127,108.9040,-95.8051,-0.0797,1.453664
1785828766897812279,60335227128,108.9243,-95.5979,-0.0803,1.456491
1785828766945464364,60385227129,108.9440,-95.3906,-0.0812,1.459280
1785828766995948810,60435227129,108.9632,-95.1832,-0.0819,1.462021
1785828767046749760,60485227130,108.9818,-94.9757,-0.0823,1.464703
1785828767096780359,60535227131,108.9999,-94.7681,-0.0822,1.467321
1785828767145947934,60585227132,109.0175,-94.5606,-0.0816,1.469884
1785828767196227078,60635227132,109.0345,-94.3533,-0.0805,1.472391
1785828767246654010,60685227133,109.0510,-94.1460,-0.0791,1.474837
1785828767298323110,60735227134,109.0673,-93.9389,-0.0775,1.477207
1785828767347005118,60785227135,109.0833,-93.7318,-0.0758,1.479519
1785828767396961580,60835227135,109.0989,-93.5247,-0.0742,1.481781
1785828767446027368,60885227136,109.1141,-93.3176,-0.0727,1.483997
1785828767496600442,60935227137,109.1290,-93.1106,-0.0712,1.486176
1785828767547717814,60985227138,109.1434,-92.9035,-0.0698,1.488315
1785828767597772850,61035227138,109.1572,-92.6964,-0.0685,1.490426
1785828767647244838,61085227139,109.1705,-92.4893,-0.0674,1.492528
1785828767697180664,61135227140,109.1833,-92.2823,-0.0661,1.494635
1785828767747602952,61185227141,109.1955,-92.0754,-0.0645,1.496754
1785828767797735487,61235227141,109.2072,-91.8685,-0.0627,1.498894
1785828767848031928,61285227142,109.2183,-91.6618,-0.0607,1.501080
1785828767898737060,61335227143,109.2291,-91.4550,-0.0586,1.503307
1785828767947721226,61385227144,109.2396,-91.2482,-0.0562,1.505569
1785828767997145942,61435227144,109.2497,-91.0415,-0.0534,1.507849
1785828768047232064,61485227145,109.2594,-90.8348,-0.0505,1.510132
1785828768098894240,61535227146,109.2687,-90.6282,-0.0475,1.512406
1785828768147838502,61585227147,109.2775,-90.4216,-0.0445,1.514655
1785828768198579228,61635227147,109.2859,-90.2150,-0.0415,1.516856
1785828768250528859,61685227148,109.2938,-90.0084,-0.0387,1.518996
1785828768298437856,61735227149,109.3014,-89.8017,-0.0359,1.521059
1785828768347905503,61785227150,109.3085,-89.5949,-0.0332,1.523034
1785828768400379021,61835227150,109.3153,-89.3880,-0.0307,1.524898
1785828768448101418,61885227151,109.3218,-89.1810,-0.0285,1.526625
1785828768499686555,61935227152,109.3280,-88.9739,-0.0265,1.528227
1785828768549881807,61985227153,109.3341,-88.7667,-0.0245,1.529719
1785828768599501655,62035227153,109.3402,-88.5594,-0.0223,1.531115
1785828768651134089,62085227154,109.3462,-88.3521,-0.0199,1.532422
1785828768702018050,62135227155,109.3522,-88.1446,-0.0174,1.533652
1785828768750417063,62185227156,109.3580,-87.9370,-0.0149,1.534813
1785828768799753618,62235227156,109.3637,-87.7292,-0.0124,1.535917
1785828768849167942,62285227157,109.3692,-87.5213,-0.0100,1.536960
1785828768900943538,62335227158,109.3746,-87.3131,-0.0076,1.537932
1785828768949791641,62385227159,109.3799,-87.1047,-0.0052,1.538835
1785828769000023949,62435227159,109.3851,-86.8961,-0.0028,1.539670
1785828769049864872,62485227160,109.3903,-86.6873,-0.0003,1.540430
1785828769100396438,62535227161,109.3954,-86.4783,0.0023,1.541144
1785828769149811343,62585227161,109.4004,-86.2690,0.0047,1.541825
1785828769200065299,62635227162,109.4053,-86.0594,0.0071,1.542469
1785828769250132049,62685227163,109.4101,-85.8497,0.0094,1.543080
1785828769300864253,62735227164,109.4148,-85.6397,0.0116,1.543663
1785828769350085089,62785227164,109.4195,-85.4295,0.0137,1.544225
1785828769400738169,62835227165,109.4241,-85.2192,0.0157,1.544767
1785828769450315965,62885227166,109.4286,-85.0086,0.0176,1.545287
1785828769501184707,62935227167,109.4330,-84.7978,0.0196,1.545775
1785828769550568743,62985227167,109.4372,-84.5868,0.0213,1.546240
1785828769601178029,63035227168,109.4413,-84.3757,0.0230,1.546700
1785828769651469961,63085227169,109.4452,-84.1644,0.0247,1.547157
1785828769701265488,63135227170,109.4492,-83.9530,0.0264,1.547624
1785828769751269432,63185227170,109.4531,-83.7415,0.0283,1.548101
1785828769801549483,63235227171,109.4571,-83.5299,0.0303,1.548575
1785828769853315658,63285227172,109.4610,-83.3182,0.0323,1.549039
1785828769901651462,63335227173,109.4650,-83.1065,0.0341,1.549484
1785828769952409959,63385227173,109.4690,-82.8946,0.0357,1.549901
1785828770002169446,63435227174,109.4729,-82.6825,0.0371,1.550288
1785828770052729358,63485227175,109.4768,-82.4703,0.0385,1.550640
1785828770103824764,63535227176,109.4806,-82.2580,0.0399,1.550958
1785828770152043567,63585227176,109.4843,-82.0457,0.0414,1.551254
1785828770202588333,63635227177,109.4879,-81.8332,0.0427,1.551552
1785828770252228408,63685227178,109.4914,-81.6205,0.0439,1.551848
1785828770302289660,63735227179,109.4948,-81.4078,0.0450,1.552148
1785828770353638672,63785227179,109.4981,-81.1949,0.0461,1.552454
1785828770403317954,63835227180,109.5015,-80.9820,0.0469,1.552764
1785828770453151448,63885227181,109.5047,-80.7691,0.0477,1.553082
1785828770503983796,63935227182,109.5080,-80.5560,0.0483,1.553400
1785828770553349078,63985227182,109.5113,-80.3427,0.0486,1.553714
1785828770603503288,64035227183,109.5145,-80.1293,0.0488,1.554023
1785828770653472107,64085227184,109.5177,-79.9158,0.0490,1.554322
1785828770703688801,64135227185,109.5209,-79.7022,0.0491,1.554613
1785828770754193785,64185227185,109.5239,-79.4885,0.0493,1.554902
1785828770805187201,64235227186,109.5269,-79.2748,0.0495,1.555182
1785828770853603243,64285227187,109.5298,-79.0610,0.0497,1.555455
1785828770904640326,64335227188,109.5327,-78.8471,0.0499,1.555724
1785828770954099803,64385227188,109.5356,-78.6332,0.0499,1.555995
1785828771004885620,64435227189,109.5384,-78.4192,0.0496,1.556267
1785828771054574452,64485227190,109.5412,-78.2051,0.0490,1.556540
1785828771104295692,64535227191,109.5439,-77.9908,0.0482,1.556819
1785828771154793641,64585227191,109.5467,-77.7764,0.0474,1.557116
1785828771204861499,64635227192,109.5494,-77.5618,0.0468,1.557415
1785828771254396685,64685227193,109.5519,-77.3472,0.0464,1.557730
1785828771305447208,64735227194,109.5536,-77.1334,0.0512,1.557856
1785828771354934849,64785227194,109.5556,-76.9202,0.0595,1.557907
1785828771404874828,64835227195,109.5584,-76.7074,0.0670,1.558001
1785828771456052435,64885227196,109.5618,-76.4953,0.0706,1.558074
1785828771505374682,64935227197,109.5658,-76.2855,0.0656,1.558190
1785828771556048603,64985227197,109.5687,-76.0758,0.0574,1.558357
1785828771608590819,65035227198,109.5711,-75.8653,0.0496,1.558543
1785828771656035021,65085227199,109.5732,-75.6539,0.0434,1.558752
1785828771706102131,65135227199,109.5753,-75.4416,0.0392,1.558982
1785828771755925969,65185227200,109.5774,-75.2289,0.0368,1.559231
1785828771807244316,65235227201,109.5795,-75.0157,0.0357,1.559487
1785828771855831043,65285227202,109.5817,-74.8024,0.0356,1.559748
1785828771906234319,65335227202,109.5838,-74.5891,0.0357,1.560005
1785828771957115648,65385227203,109.5859,-74.3768,0.0379,1.560353
1785828772006383469,65435227204,109.5869,-74.1683,0.0461,1.560835
1785828772056663088,65485227205,109.5884,-73.9601,0.0549,1.561199
1785828772107469070,65535227205,109.5906,-73.7507,0.0606,1.561524
1785828772157080511,65585227206,109.5932,-73.5389,0.0580,1.561759
1785828772207270604,65635227207,109.5961,-73.3249,0.0472,1.561958
1785828772258933234,65685227208,109.5983,-73.1115,0.0383,1.562106
1785828772307438000,65735227208,109.6000,-72.8989,0.0322,1.562210
1785828772357818739,65785227209,109.6016,-72.6868,0.0289,1.562281
1785828772407027856,65835227210,109.6032,-72.4750,0.0275,1.562335
1785828772457079654,65885227211,109.6049,-72.2631,0.0273,1.562384
1785828772508018453,65935227211,109.6065,-72.0512,0.0276,1.562437
1785828772558710095,65985227212,109.6081,-71.8391,0.0280,1.562499
1785828772609024263,66035227213,109.6097,-71.6268,0.0282,1.562576
1785828772657180538,66085227214,109.6112,-71.4144,0.0281,1.562669
1785828772707889164,66135227214,109.6127,-71.2019,0.0279,1.562772
1785828772759015517,66185227215,109.6141,-70.9893,0.0275,1.562883
1785828772808983111,66235227216,109.6156,-70.7767,0.0270,1.562994
1785828772858868511,66285227217,109.6170,-70.5641,0.0264,1.563100
1785828772908707042,66335227217,109.6184,-70.3514,0.0259,1.563194
1785828772958933638,66385227218,109.6199,-70.1387,0.0254,1.563274
1785828773008375378,66435227219,109.6214,-69.9260,0.0250,1.563339
1785828773058361955,66485227220,109.6228,-69.7133,0.0246,1.563388
1785828773108866773,66535227220,109.6243,-69.5006,0.0243,1.563424
1785828773158932882,66585227221,109.6258,-69.2879,0.0242,1.563443
1785828773209172593,66635227222,109.6273,-69.0752,0.0243,1.563446
1785828773258814572,66685227223,109.6288,-68.8625,0.0246,1.563440
1785828773309647007,66735227223,109.6303,-68.6500,0.0250,1.563425
1785828773359136562,66785227224,109.6317,-68.4375,0.0254,1.563398
1785828773409150693,66835227225,109.6332,-68.2251,0.0257,1.563372
1785828773459824337,66885227226,109.6346,-68.0128,0.0259,1.563355
1785828773509112160,66935227226,109.6361,-67.8005,0.0260,1.563339
1785828773560323159,66985227227,109.6375,-67.5883,0.0261,1.563348
1785828773609365828,67035227228,109.6389,-67.3762,0.0261,1.563384
1785828773660321361,67085227229,109.6402,-67.1642,0.0262,1.563441
1785828773711371928,67135227229,109.6416,-66.9522,0.0265,1.563523
1785828773759956682,67185227230,109.6429,-66.7402,0.0270,1.563628
1785828773810083865,67235227231,109.6442,-66.5285,0.0278,1.563747
1785828773860677010,67285227232,109.6454,-66.3171,0.0289,1.563871
1785828773910307991,67335227232,109.6466,-66.1058,0.0300,1.563992
1785828773959820378,67385227233,109.6476,-65.8948,0.0311,1.564111
1785828774011362742,67435227234,109.6486,-65.6838,0.0320,1.564229
1785828774060220175,67485227235,109.6496,-65.4730,0.0327,1.564338
1785828774110518708,67535227235,109.6506,-65.2624,0.0334,1.564440
1785828774161080472,67585227236,109.6515,-65.0518,0.0340,1.564535
1785828774210683324,67635227237,109.6524,-64.8414,0.0345,1.564625
1785828774260620725,67685227237,109.6535,-64.6311,0.0350,1.564710
1785828774311369721,67735227238,109.6545,-64.4210,0.0355,1.564794
1785828774360785088,67785227239,109.6555,-64.2111,0.0361,1.564874
1785828774413195156,67835227240,109.6566,-64.0014,0.0370,1.564949
1785828774460373271,67885227240,109.6577,-63.7919,0.0380,1.565017
1785828774511052387,67935227241,109.6588,-63.5826,0.0391,1.565076
1785828774561268390,67985227242,109.6598,-63.3734,0.0401,1.565131
1785828774611644263,68035227243,109.6607,-63.1644,0.0410,1.565182
1785828774661053793,68085227243,109.6617,-62.9554,0.0419,1.565231
1785828774713202410,68135227244,109.6626,-62.7466,0.0426,1.565283
1785828774761550644,68185227245,109.6635,-62.5379,0.0434,1.565343
1785828774812689060,68235227246,109.6643,-62.3294,0.0441,1.565410
1785828774861951396,68285227246,109.6652,-62.1210,0.0448,1.565493
1785828774912278989,68335227247,109.6660,-61.9128,0.0455,1.565594
1785828774962673972,68385227248,109.6669,-61.7047,0.0462,1.565705
1785828775012302952,68435227249,109.6677,-61.4966,0.0467,1.565824
1785828775062267702,68485227249,109.6684,-61.2887,0.0472,1.565952
1785828775112688704,68535227250,109.6691,-61.0809,0.0477,1.566087
1785828775163502354,68585227251,109.6698,-60.8733,0.0481,1.566226
1785828775212845007,68635227252,109.6705,-60.6657,0.0486,1.566367
1785828775263773366,68685227252,109.6711,-60.4581,0.0490,1.566506
1785828775314052250,68735227253,109.6717,-60.2507,0.0495,1.566640
1785828775363892806,68785227254,109.6723,-60.0434,0.0501,1.566766
1785828775413493025,68835227255,109.6729,-59.8362,0.0506,1.566885
1785828775464156129,68885227255,109.6734,-59.6290,0.0512,1.566992
1785828775514630255,68935227256,109.6740,-59.4219,0.0517,1.567087
1785828775563186463,68985227257,109.6745,-59.2149,0.0523,1.567167
1785828775613783801,69035227258,109.6751,-59.0079,0.0528,1.567232
1785828775663109096,69085227258,109.6756,-58.8010,0.0533,1.567284
1785828775714481773,69135227259,109.6762,-58.5940,0.0537,1.567321
1785828775764408575,69185227260,109.6768,-58.3871,0.0542,1.567336
1785828775815783178,69235227261,109.6775,-58.1802,0.0548,1.567334
1785828775864155287,69285227261,109.6782,-57.9733,0.0554,1.567318
1785828775914449143,69335227262,109.6789,-57.7664,0.0560,1.567282
1785828775963801127,69385227263,109.6796,-57.5596,0.0564,1.567234
1785828776015151185,69435227264,109.6803,-57.3528,0.0568,1.567182
1785828776064225829,69485227264,109.6811,-57.1459,0.0571,1.567124
1785828776115013360,69535227265,109.6818,-56.9390,0.0573,1.567062
1785828776164922689,69585227266,109.6826,-56.7320,0.0575,1.566999
1785828776214615242,69635227267,109.6834,-56.5250,0.0577,1.566940
1785828776265683185,69685227267,109.6841,-56.3179,0.0579,1.566888
1785828776315042384,69735227268,109.6849,-56.1107,0.0581,1.566843
1785828776364698488,69785227269,109.6857,-55.9034,0.0583,1.566811
1785828776415939434,69835227270,109.6865,-55.6961,0.0587,1.566797
1785828776465388497,69885227270,109.6874,-55.4887,0.0591,1.566797
1785828776516354941,69935227271,109.6882,-55.2812,0.0595,1.566810
1785828776566211849,69985227272,109.6891,-55.0737,0.0599,1.566831
1785828776616096476,70035227272,109.6900,-54.8660,0.0602,1.566857
1785828776666090334,70085227273,109.6908,-54.6581,0.0603,1.566875
1785828776717019743,70135227274,109.6917,-54.4500,0.0603,1.566881
1785828776766008311,70185227275,109.6926,-54.2418,0.0603,1.566873
1785828776816696503,70235227275,109.6936,-54.0334,0.0603,1.566848
1785828776866752940,70285227276,109.6946,-53.8248,0.0603,1.566810
1785828776916989872,70335227277,109.6956,-53.6160,0.0603,1.566760
1785828776966682341,70385227278,109.6966,-53.4071,0.0603,1.566701
1785828777019530644,70435227278,109.6976,-53.1980,0.0604,1.566636
1785828777066902022,70485227279,109.6987,-52.9888,0.0604,1.566568
1785828777117090400,70535227280,109.6997,-52.7794,0.0604,1.566504
1785828777166752861,70585227281,109.7008,-52.5698,0.0603,1.566446
1785828777218066361,70635227281,109.7019,-52.3600,0.0601,1.566399
1785828777266877434,70685227282,109.7029,-52.1499,0.0598,1.566368
1785828777317517664,70735227283,109.7040,-51.9397,0.0596,1.566355
1785828777368938559,70785227284,109.7050,-51.7294,0.0593,1.566359
1785828777417427883,70835227284,109.7060,-51.5188,0.0591,1.566376
1785828777467656068,70885227285,109.7070,-51.3082,0.0589,1.566400
1785828777519274672,70935227286,109.7080,-51.0973,0.0587,1.566428
1785828777568021113,70985227287,109.7089,-50.8863,0.0585,1.566457
1785828777619596212,71035227287,109.7099,-50.6752,0.0581,1.566483
1785828777668118261,71085227288,109.7109,-50.4639,0.0576,1.566506
1785828777719319327,71135227289,109.7118,-50.2525,0.0569,1.566521
1785828777768178743,71185227290,109.7129,-50.0409,0.0563,1.566534
1785828777818545984,71235227290,109.7139,-49.8291,0.0556,1.566541
1785828777868952065,71285227291,109.7150,-49.6172,0.0550,1.566547
1785828777918653865,71335227292,109.7161,-49.4051,0.0545,1.566554
1785828777969863034,71385227293,109.7171,-49.1930,0.0540,1.566565
1785828778019032620,71435227293,109.7182,-48.9807,0.0535,1.566588
1785828778069248536,71485227294,109.7192,-48.7684,0.0530,1.566619
1785828778119811617,71535227295,109.7202,-48.5559,0.0525,1.566666
1785828778168982330,71585227296,109.7211,-48.3434,0.0520,1.566730
1785828778219958456,71635227296,109.7219,-48.1308,0.0514,1.566805
1785828778270794077,71685227297,109.7226,-47.9180,0.0507,1.566890
1785828778319942372,71735227298,109.7234,-47.7051,0.0499,1.566985
1785828778370676426,71785227299,109.7242,-47.4921,0.0490,1.567084
1785828778419808999,71835227299,109.7250,-47.2790,0.0482,1.567180
1785828778469504913,71885227300,109.7259,-47.0658,0.0474,1.567272
1785828778520185183,71935227301,109.7267,-46.8527,0.0468,1.567359
1785828778570428005,71985227302,109.7275,-46.6395,0.0461,1.567435
1785828778620571538,72035227302,109.7283,-46.4262,0.0455,1.567505
1785828778669938463,72085227303,109.7291,-46.2129,0.0450,1.567566
1785828778722154301,72135227304,109.7298,-45.9996,0.0448,1.567617
1785828778770417553,72185227305,109.7306,-45.7863,0.0450,1.567656
1785828778820748665,72235227305,109.7313,-45.5730,0.0454,1.567687
1785828778871193616,72285227306,109.7319,-45.3597,0.0459,1.567702
1785828778921027948,72335227307,109.7325,-45.1466,0.0463,1.567705
1785828778970219802,72385227308,109.7331,-44.9335,0.0467,1.567696
1785828779021106536,72435227308,109.7337,-44.7205,0.0470,1.567674
1785828779071723096,72485227309,109.7344,-44.5077,0.0473,1.567640
1785828779124150225,72535227310,109.7352,-44.2949,0.0476,1.567593
1785828779172529061,72585227310,109.7359,-44.0822,0.0478,1.567535
1785828779223224506,72635227311,109.7367,-43.8696,0.0481,1.567466
1785828779271420880,72685227312,109.7376,-43.6571,0.0484,1.567386
1785828779322734289,72735227313,109.7386,-43.4447,0.0489,1.567301
1785828779371647173,72785227313,109.7395,-43.2325,0.0497,1.567216
1785828779421455928,72835227314,109.7403,-43.0206,0.0509,1.567124
1785828779472409458,72885227315,109.7412,-42.8090,0.0523,1.567028
1785828779522056340,72935227316,109.7420,-42.5976,0.0537,1.566926
1785828779571957571,72985227316,109.7428,-42.3864,0.0550,1.566817
1785828779622594536,73035227317,109.7437,-42.1751,0.0568,1.566697
1785828779673057610,73085227318,109.7446,-41.9638,0.0592,1.566569
1785828779722623832,73135227319,109.7455,-41.7528,0.0611,1.566439
1785828779773632097,73185227319,109.7465,-41.5423,0.0620,1.566314
1785828779823641854,73235227320,109.7474,-41.3320,0.0625,1.566195
1785828779872503615,73285227321,109.7485,-41.1219,0.0628,1.566086
1785828779923699032,73335227322,109.7495,-40.9120,0.0633,1.565988
1785828779973302691,73385227322,109.7505,-40.7022,0.0640,1.565905
1785828780024173951,73435227323,109.7515,-40.4926,0.0649,1.565838
1785828780074084929,73485227324,109.7526,-40.2832,0.0661,1.565785
1785828780124695754,73535227325,109.7536,-40.0736,0.0681,1.565737
1785828780174271494,73585227325,109.7546,-39.8640,0.0706,1.565694
1785828780223561720,73635227326,109.7559,-39.6546,0.0728,1.565668
1785828780273791740,73685227327,109.7575,-39.4457,0.0743,1.565643
1785828780323882279,73735227328,109.7590,-39.2374,0.0761,1.565619
1785828780375269560,73785227328,109.7603,-39.0292,0.0777,1.565591
1785828780424686108,73835227329,109.7614,-38.8208,0.0780,1.565550
1785828780474333237,73885227330,109.7625,-38.6123,0.0775,1.565505
1785828780524933886,73935227331,109.7636,-38.4038,0.0768,1.565457
1785828780575035160,73985227331,109.7648,-38.1955,0.0762,1.565414
1785828780625854936,74035227332,109.7659,-37.9872,0.0759,1.565381
1785828780675937451,74085227333,109.7670,-37.7790,0.0757,1.565353
1785828780725129242,74135227334,109.7679,-37.5707,0.0762,1.565320
1785828780775789307,74185227334,109.7686,-37.3626,0.0773,1.565304
1785828780826435213,74235227335,109.7695,-37.1549,0.0790,1.565323
1785828780874732018,74285227336,109.7706,-36.9476,0.0802,1.565366
1785828780927616516,74335227337,109.7722,-36.7401,0.0802,1.565411
1785828780975825621,74385227337,109.7738,-36.5323,0.0794,1.565434
1785828781025510082,74435227338,109.7754,-36.3243,0.0783,1.565446
1785828781077814368,74485227339,109.7767,-36.1162,0.0772,1.565454
1785828781125734459,74535227340,109.7779,-35.9080,0.0764,1.565456
1785828781176160012,74585227340,109.7791,-35.6997,0.0758,1.565454
1785828781226625806,74635227341,109.7804,-35.4914,0.0754,1.565445
1785828781275692008,74685227342,109.7816,-35.2831,0.0750,1.565425
1785828781327056382,74735227343,109.7829,-35.0748,0.0747,1.565395
1785828781376274956,74785227343,109.7841,-34.8664,0.0745,1.565355
1785828781426497999,74835227344,109.7852,-34.6581,0.0748,1.565313
1785828781476977538,74885227345,109.7862,-34.4497,0.0753,1.565271
1785828781526772030,74935227346,109.7873,-34.2410,0.0747,1.565209
1785828781576782502,74985227346,109.7885,-34.0321,0.0734,1.565139
1785828781627683644,75035227347,109.7898,-33.8232,0.0720,1.565064
1785828781678665509,75085227348,109.7912,-33.6143,0.0709,1.564989
1785828781727728184,75135227348,109.7926,-33.4055,0.0702,1.564914
1785828781779795203,75185227349,109.7940,-33.1967,0.0698,1.564834
1785828781827662830,75235227350,109.7955,-32.9879,0.0695,1.564745
1785828781877234409,75285227351,109.7970,-32.7790,0.0694,1.564645
1785828781928259832,75335227351,109.7986,-32.5701,0.0695,1.564527
1785828781977333771,75385227352,109.8003,-32.3611,0.0695,1.564394
1785828782028633244,75435227353,109.8019,-32.1521,0.0695,1.564255
1785828782077983676,75485227354,109.8035,-31.9430,0.0694,1.564114
1785828782128771852,75535227354,109.8052,-31.7339,0.0692,1.563978
1785828782177997310,75585227355,109.8060,-31.5249,0.0678,1.563889
1785828782228318067,75635227356,109.8074,-31.3156,0.0667,1.563766
1785828782278987628,75685227357,109.8095,-31.1065,0.0642,1.563649
1785828782329994193,75735227357,109.8108,-30.8970,0.0624,1.563606
1785828782378548902,75785227358,109.8116,-30.6873,0.0611,1.563649
1785828782429511948,75835227359,109.8125,-30.4772,0.0602,1.563744
1785828782478548342,75885227360,109.8144,-30.2667,0.0606,1.563721
1785828782529050313,75935227360,109.8165,-30.0562,0.0618,1.563726
1785828782579177019,75985227361,109.8189,-29.8457,0.0636,1.563644
1785828782629291410,76035227362,109.8204,-29.6355,0.0643,1.563569
1785828782681960111,76085227363,109.8225,-29.4253,0.0651,1.563458
1785828782729953949,76135227363,109.8239,-29.2151,0.0648,1.563350
1785828782780027795,76185227364,109.8253,-29.0049,0.0639,1.563201
1785828782830563748,76235227365,109.8260,-28.7944,0.0616,1.563258
1785828782880148570,76285227366,109.8272,-28.5828,0.0592,1.563229
1785828782932522642,76335227366,109.8295,-28.3712,0.0573,1.563227
1785828782980314122,76385227367,109.8312,-28.1592,0.0539,1.562936
1785828783031576632,76435227368,109.8326,-27.9476,0.0521,1.562766
1785828783081712995,76485227369,109.8337,-27.7359,0.0511,1.562400
1785828783130586531,76535227369,109.8353,-27.5244,0.0504,1.562213
1785828783180131566,76585227370,109.8375,-27.3129,0.0506,1.562257
1785828783230396154,76635227371,109.8400,-27.1013,0.0512,1.562130
1785828783281232600,76685227372,109.8430,-26.8895,0.0524,1.562148
1785828783331462348,76735227372,109.8459,-26.6775,0.0537,1.562006
1785828783381355401,76785227373,109.8488,-26.4655,0.0551,1.561869
1785828783431900980,76835227374,109.8511,-26.2533,0.0555,1.561764
1785828783482929937,76885227375,109.8528,-26.0407,0.0547,1.561688
1785828783532199571,76935227375,109.8551,-25.8283,0.0544,1.561590
1785828783581911186,76985227376,109.8581,-25.6162,0.0551,1.561544
1785828783631461305,77035227377,109.8603,-25.4040,0.0550,1.561510
1785828783681200631,77085227378,109.8624,-25.1919,0.0544,1.561486
1785828783732208371,77135227378,109.8646,-24.9798,0.0537,1.561420
1785828783781406978,77185227379,109.8665,-24.7677,0.0523,1.561425
1785828783832055390,77235227380,109.8688,-24.5557,0.0513,1.561339
1785828783881912132,77285227381,109.8711,-24.3438,0.0505,1.561232
1785828783933848169,77335227381,109.8739,-24.1321,0.0501,1.561171
1785828783982174804,77385227382,109.8764,-23.9205,0.0497,1.561084
1785828784032413078,77435227383,109.8792,-23.7091,0.0498,1.560965
1785828784084192877,77485227384,109.8816,-23.4976,0.0496,1.560862
1785828784132730289,77535227384,109.8841,-23.2859,0.0494,1.560788
1785828784182310004,77585227385,109.8872,-23.0745,0.0499,1.560718
1785828784234243626,77635227386,109.8902,-22.8632,0.0507,1.560658
1785828784282352038,77685227386,109.8930,-22.6519,0.0514,1.560610
1785828784332726377,77735227387,109.8956,-22.4406,0.0517,1.560572
1785828784382256446,77785227388,109.8981,-22.2292,0.0517,1.560533
1785828784433555515,77835227389,109.9006,-22.0179,0.0514,1.560499
1785828784483525867,77885227389,109.9030,-21.8065,0.0509,1.560469
1785828784533337330,77935227390,109.9054,-21.5953,0.0503,1.560444
1785828784583729013,77985227391,109.9077,-21.3840,0.0495,1.560428
1785828784633610934,78035227392,109.9100,-21.1728,0.0487,1.560421
1785828784683202219,78085227392,109.9122,-20.9617,0.0479,1.560428
1785828784734142366,78135227393,109.9145,-20.7506,0.0471,1.560450
1785828784785099857,78185227394,109.9167,-20.5396,0.0464,1.560490
1785828784835553873,78235227395,109.9189,-20.3287,0.0460,1.560545
1785828784884168631,78285227395,109.9211,-20.1178,0.0456,1.560614
1785828784934649349,78335227396,109.9233,-19.9070,0.0452,1.560699
1785828784983673977,78385227397,109.9254,-19.6963,0.0449,1.560795
1785828785034583307,78435227398,109.9274,-19.4856,0.0446,1.560898
1785828785083949419,78485227398,109.9295,-19.2751,0.0443,1.561003
1785828785134007299,78535227399,109.9314,-19.0645,0.0439,1.561110
1785828785184191175,78585227400,109.9333,-18.8541,0.0436,1.561221
1785828785235032115,78635227401,109.9352,-18.6438,0.0434,1.561336
1785828785284226298,78685227401,109.9370,-18.4335,0.0430,1.561456
1785828785334219356,78735227402,109.9388,-18.2232,0.0426,1.561580
1785828785384994069,78785227403,109.9406,-18.0130,0.0421,1.561707
1785828785435805455,78835227404,109.9424,-17.8029,0.0415,1.561834
1785828785484449599,78885227404,109.9441,-17.5933,0.0410,1.561965
1785828785535403158,78935227405,109.9458,-17.3843,0.0405,1.562100
1785828785585049213,78985227406,109.9474,-17.1757,0.0400,1.562240
1785828785635050845,79035227407,109.9489,-16.9672,0.0395,1.562387
1785828785685850791,79085227407,109.9505,-16.7587,0.0390,1.562539
1785828785735716597,79135227408,109.9520,-16.5502,0.0385,1.562697
1785828785785593632,79185227409,109.9535,-16.3418,0.0379,1.562857
1785828785836222124,79235227410,109.9549,-16.1335,0.0374,1.563017
1785828785886865078,79285227410,109.9563,-15.9253,0.0370,1.563174
1785828785936455969,79335227411,109.9576,-15.7172,0.0366,1.563329
1785828785986080533,79385227412,109.9590,-15.5091,0.0363,1.563482
1785828786036390255,79435227413,109.9604,-15.3011,0.0360,1.563631
1785828786088548614,79485227413,109.9618,-15.0931,0.0357,1.563767
1785828786136267772,79535227414,109.9632,-14.8852,0.0353,1.563888
1785828786186153372,79585227415,109.9646,-14.6774,0.0350,1.563990
1785828786238792636,79635227416,109.9659,-14.4696,0.0346,1.564072
1785828786286538397,79685227416,109.9673,-14.2619,0.0341,1.564138
1785828786337068640,79735227417,109.9688,-14.0543,0.0336,1.564191
1785828786387732601,79785227418,109.9702,-13.8467,0.0330,1.564238
1785828786437508027,79835227419,109.9716,-13.6392,0.0324,1.564278
1785828786488581411,79885227419,109.9730,-13.4317,0.0318,1.564314
1785828786537524809,79935227420,109.9744,-13.2242,0.0311,1.564350
1785828786589349038,79985227421,109.9757,-13.0168,0.0305,1.564388
1785828786637622016,80035227422,109.9770,-12.8095,0.0298,1.564422
1785828786687634369,80085227422,109.9783,-12.6022,0.0292,1.564440
1785828786737819124,80135227423,109.9797,-12.3950,0.0287,1.564450
1785828786787840874,80185227424,109.9810,-12.1879,0.0281,1.564454
1785828786837975883,80235227424,109.9824,-11.9807,0.0276,1.564456
1785828786887873799,80285227425,109.9838,-11.7736,0.0271,1.564457
1785828786939068120,80335227426,109.9852,-11.5666,0.0267,1.564461
1785828786989014958,80385227427,109.9867,-11.3595,0.0261,1.564469
1785828787038902641,80435227427,109.9881,-11.1525,0.0256,1.564482
1785828787088010645,80485227428,109.9895,-10.9455,0.0249,1.564502
1785828787138984843,80535227429,109.9909,-10.7385,0.0243,1.564529
1785828787189154096,80585227430,109.9922,-10.5315,0.0235,1.564559
1785828787238945804,80635227430,109.9934,-10.3245,0.0228,1.564587
1785828787288648441,80685227431,109.9947,-10.1175,0.0219,1.564611
1785828787338823895,80735227432,109.9959,-9.9105,0.0209,1.564632
1785828787390582142,80785227433,109.9971,-9.7034,0.0198,1.564648
1785828787440100071,80835227433,109.9983,-9.4963,0.0187,1.564661
1785828787489936898,80885227434,109.9996,-9.2892,0.0174,1.564672
1785828787539534277,80935227435,110.0008,-9.0820,0.0163,1.564683
1785828787589602744,80985227436,110.0021,-8.8747,0.0151,1.564697
1785828787639717295,81035227436,110.0034,-8.6674,0.0141,1.564724
1785828787691677754,81085227437,110.0048,-8.4600,0.0131,1.564763
1785828787739926746,81135227438,110.0061,-8.2525,0.0123,1.564809
1785828787790330148,81185227439,110.0074,-8.0449,0.0115,1.564859
1785828787840636335,81235227439,110.0086,-7.8373,0.0106,1.564914
1785828787890735900,81285227440,110.0098,-7.6296,0.0096,1.564970
1785828787941402095,81335227441,110.0109,-7.4217,0.0087,1.565025
1785828787990158637,81385227442,110.0121,-7.2138,0.0078,1.565074
1785828788040570305,81435227442,110.0132,-7.0058,0.0070,1.565115
1785828788091522902,81485227443,110.0142,-6.7976,0.0060,1.565147
1785828788141150621,81535227444,110.0153,-6.5894,0.0050,1.565167
1785828788190641009,81585227445,110.0164,-6.3810,0.0040,1.565174
1785828788241673320,81635227445,110.0175,-6.1725,0.0031,1.565168
1785828788290609631,81685227446,110.0187,-5.9640,0.0021,1.565147
1785828788341055121,81735227447,110.0199,-5.7553,0.0013,1.565105
1785828788392290979,81785227448,110.0212,-5.5467,0.0006,1.565049
1785828788441183136,81835227448,110.0226,-5.3380,-0.0001,1.564984
1785828788491059877,81885227449,110.0240,-5.1292,-0.0006,1.564913
1785828788541626170,81935227450,110.0254,-4.9202,-0.0008,1.564846
1785828788594406681,81985227451,110.0269,-4.7110,-0.0003,1.564787
1785828788641879299,82035227451,110.0283,-4.5018,0.0006,1.564724
1785828788691898466,82085227452,110.0296,-4.2927,0.0013,1.564655
1785828788742084322,82135227453,110.0309,-4.0836,0.0018,1.564576
1785828788791910395,82185227454,110.0322,-3.8746,0.0020,1.564486
1785828788842334373,82235227454,110.0336,-3.6656,0.0021,1.564392
1785828788892523809,82285227455,110.0350,-3.4565,0.0020,1.564286
1785828788942698350,82335227456,110.0365,-3.2474,0.0020,1.564173
1785828788992043736,82385227457,110.0381,-3.0383,0.0020,1.564055
1785828789042201096,82435227457,110.0396,-2.8292,0.0019,1.563934
1785828789093088186,82485227458,110.0412,-2.6200,0.0017,1.563813
1785828789142899586,82535227459,110.0428,-2.4108,0.0014,1.563689
1785828789192263174,82585227460,110.0444,-2.2015,0.0013,1.563570
1785828789243199916,82635227460,110.0460,-1.9923,0.0016,1.563450
1785828789292706026,82685227461,110.0475,-1.7834,0.0020,1.563326
1785828789343387543,82735227462,110.0490,-1.5744,0.0020,1.563218
1785828789394390787,82785227462,110.0504,-1.3653,0.0016,1.563130
1785828789443423319,82835227463,110.0519,-1.1560,0.0010,1.563061
1785828789494068440,82885227464,110.0534,-0.9464,0.0005,1.563002
1785828789545010707,82935227465,110.0550,-0.7368,0.0002,1.562950
1785828789595132374,82985227465,110.0566,-0.5270,0.0000,1.562897
1785828789644578960,83035227466,110.0583,-0.3172,-0.0001,1.562845
1785828789693730890,83085227467,110.0600,-0.1074,-0.0001,1.562794
1785828789744149480,83135227468,110.0618,0.1025,-0.0002,1.562743
1785828789794551752,83185227468,110.0635,0.3127,-0.0007,1.562697
1785828789845046520,83235227469,110.0652,0.5229,-0.0012,1.562650
1785828789894841164,83285227470,110.0668,0.7332,-0.0018,1.562597
1785828789944526090,83335227471,110.0684,0.9436,-0.0027,1.562541
1785828789994576226,83385227471,110.0699,1.1544,-0.0044,1.562490
1785828790044426341,83435227472,110.0715,1.3653,-0.0061,1.562437
1785828790094221965,83485227473,110.0731,1.5762,-0.0077,1.562381
1785828790144655577,83535227474,110.0748,1.7870,-0.0089,1.562319
1785828790195505887,83585227474,110.0766,1.9978,-0.0098,1.562253
1785828790244698249,83635227475,110.0785,2.2087,-0.0106,1.562186
1785828790294903429,83685227476,110.0805,2.4196,-0.0112,1.562118
1785828790345188490,83735227477,110.0825,2.6306,-0.0119,1.562052
1785828790396252643,83785227477,110.0844,2.8416,-0.0126,1.561996
1785828790445348117,83835227478,110.0863,3.0527,-0.0134,1.561942
1785828790495806768,83885227479,110.0882,3.2638,-0.0144,1.561889
1785828790546084574,83935227480,110.0900,3.4751,-0.0154,1.561841
1785828790595311027,83985227480,110.0919,3.6864,-0.0165,1.561800
1785828790647418342,84035227481,110.0937,3.8977,-0.0175,1.561767
1785828790695482558,84085227482,110.0956,4.1091,-0.0186,1.561738
1785828790746484778,84135227483,110.0976,4.3205,-0.0198,1.561716
1785828790796351600,84185227483,110.0997,4.5320,-0.0210,1.561704
1785828790846730613,84235227484,110.1018,4.7436,-0.0223,1.561700
1785828790896875992,84285227485,110.1039,4.9552,-0.0236,1.561703
1785828790946420178,84335227486,110.1060,5.1669,-0.0249,1.561725
1785828790997021906,84385227486,110.1079,5.3787,-0.0265,1.561757
1785828791047517630,84435227487,110.1097,5.5905,-0.0283,1.561791
1785828791096873304,84485227488,110.1116,5.8025,-0.0303,1.561829
1785828791147413267,84535227489,110.1134,6.0146,-0.0326,1.561867
1785828791196902287,84585227489,110.1153,6.2268,-0.0349,1.561904
1785828791248012277,84635227490,110.1171,6.4392,-0.0373,1.561936
1785828791296516099,84685227491,110.1190,6.6517,-0.0397,1.561963
1785828791347028227,84735227492,110.1209,6.8644,-0.0422,1.561988
1785828791398064060,84785227492,110.1228,7.0774,-0.0447,1.562016
1785828791447518924,84835227493,110.1247,7.2905,-0.0471,1.562040
1785828791497150182,84885227494,110.1268,7.5038,-0.0493,1.562072
1785828791548393585,84935227495,110.1289,7.7173,-0.0511,1.562099
1785828791597106549,84985227495,110.1311,7.9308,-0.0528,1.562118
1785828791648839364,85035227496,110.1331,8.1446,-0.0547,1.562130
1785828791698553693,85085227497,110.1350,8.3585,-0.0566,1.562139
1785828791747927582,85135227498,110.1370,8.5726,-0.0589,1.562134
1785828791798399054,85185227498,110.1389,8.7868,-0.0613,1.562114
1785828791848797061,85235227499,110.1408,9.0012,-0.0638,1.562071
1785828791898011683,85285227500,110.1428,9.2158,-0.0665,1.562010
1785828791948712037,85335227500,110.1448,9.4305,-0.0692,1.561935
1785828791998839817,85385227501,110.1468,9.6455,-0.0719,1.561850
1785828792049401586,85435227502,110.1488,9.8601,-0.0743,1.561749
1785828792098997654,85485227503,110.1509,10.0741,-0.0765,1.561640
1785828792149398460,85535227503,110.1530,10.2880,-0.0783,1.561511
1785828792198847932,85585227504,110.1553,10.5018,-0.0798,1.561372
1785828792250218379,85635227505,110.1576,10.7156,-0.0810,1.561233
1785828792299032851,85685227506,110.1599,10.9294,-0.0821,1.561102
1785828792348828696,85735227506,110.1622,11.1433,-0.0831,1.560981
1785828792399763408,85785227507,110.1644,11.3571,-0.0840,1.560872
1785828792449443100,85835227508,110.1666,11.5710,-0.0850,1.560777
1785828792500410632,85885227509,110.1686,11.7849,-0.0860,1.560698
1785828792550140370,85935227509,110.1707,11.9988,-0.0870,1.560639
1785828792600915420,85985227510,110.1726,12.2127,-0.0881,1.560611
1785828792650333935,86035227511,110.1745,12.4265,-0.0892,1.560614
1785828792700244221,86085227512,110.1763,12.6403,-0.0902,1.560640
1785828792751053252,86135227512,110.1782,12.8540,-0.0911,1.560701
1785828792801095752,86185227513,110.1800,13.0672,-0.0919,1.560802
1785828792850966580,86235227514,110.1817,13.2798,-0.0926,1.560948
1785828792900604846,86285227515,110.1833,13.4922,-0.0931,1.561133
1785828792950641651,86335227515,110.1849,13.7045,-0.0936,1.561355
1785828793001371790,86385227516,110.1862,13.9167,-0.0938,1.561615
1785828793051128950,86435227517,110.1874,14.1287,-0.0939,1.561919
1785828793101048440,86485227518,110.1884,14.3407,-0.0940,1.562272
1785828793152798295,86535227518,110.1893,14.5525,-0.0940,1.562675
1785828793201317716,86585227519,110.1901,14.7643,-0.0941,1.563127
1785828793251354110,86635227520,110.1907,14.9759,-0.0942,1.563622
1785828793301906066,86685227521,110.1911,15.1875,-0.0942,1.564148
1785828793351360766,86735227521,110.1913,15.3990,-0.0943,1.564703
1785828793401222526,86785227522,110.1914,15.6104,-0.0945,1.565283
1785828793452279603,86835227523,110.1913,15.8217,-0.0947,1.565890
1785828793501704542,86885227524,110.1911,16.0328,-0.0949,1.566525
1785828793553990231,86935227524,110.1907,16.2438,-0.0949,1.567189
1785828793602875279,86985227525,110.1901,16.4547,-0.0949,1.567890
1785828793652455892,87035227526,110.1893,16.6653,-0.0948,1.568636
1785828793703281077,87085227527,110.1882,16.8759,-0.0947,1.569438
1785828793753438977,87135227527,110.1868,17.0864,-0.0947,1.570304
1785828793804132729,87185227528,110.1852,17.2967,-0.0946,1.571242
1785828793853557454,87235227529,110.1833,17.5070,-0.0946,1.572257
1785828793903100057,87285227530,110.1810,17.7171,-0.0945,1.573342
1785828793954215689,87335227530,110.1784,17.9270,-0.0944,1.574486
1785828794003520922,87385227531,110.1755,18.1368,-0.0943,1.575680
1785828794053814351,87435227532,110.1722,18.3465,-0.0941,1.576921
1785828794103718148,87485227533,110.1687,18.5561,-0.0941,1.578205
1785828794154932728,87535227533,110.1648,18.7656,-0.0940,1.579531
1785828794204032989,87585227534,110.1607,18.9750,-0.0940,1.580902
1785828794254313346,87635227535,110.1562,19.1843,-0.0940,1.582316
1785828794306785290,87685227536,110.1513,19.3935,-0.0941,1.583776
1785828794354906868,87735227536,110.1460,19.6026,-0.0941,1.585277
1785828794404908177,87785227537,110.1404,19.8116,-0.0942,1.586816
1785828794455729230,87835227538,110.1344,20.0205,-0.0943,1.588389
1785828794505076988,87885227538,110.1280,20.2293,-0.0944,1.589993
1785828794557251612,87935227539,110.1213,20.4380,-0.0946,1.591629
1785828794607721626,87985227540,110.1141,20.6467,-0.0949,1.593301
1785828794656887855,88035227541,110.1066,20.8553,-0.0952,1.595014
1785828794705760424,88085227541,110.0986,21.0638,-0.0955,1.596774
1785828794756579152,88135227542,110.0902,21.2722,-0.0959,1.598583
1785828794807649650,88185227543,110.0813,21.4807,-0.0962,1.600447
1785828794855637184,88235227544,110.0720,21.6890,-0.0965,1.602360
1785828794906286624,88285227544,110.0621,21.8973,-0.0968,1.604323
1785828794956804928,88335227545,110.0518,22.1056,-0.0970,1.606336
1785828795005819437,88385227546,110.0410,22.3138,-0.0972,1.608396
1785828795056298695,88435227547,110.0297,22.5219,-0.0974,1.610500
1785828795106388832,88485227547,110.0179,22.7299,-0.0977,1.612647
1785828795156842736,88535227548,110.0056,22.9379,-0.0981,1.614844
1785828795206202277,88585227549,109.9928,23.1459,-0.0986,1.617091
1785828795256826078,88635227550,109.9794,23.3540,-0.0992,1.619390
1785828795306620548,88685227550,109.9655,23.5620,-0.0998,1.621740
1785828795357957601,88735227551,109.9510,23.7699,-0.1004,1.624147
1785828795407638912,88785227552,109.9360,23.9779,-0.1010,1.626602
1785828795456879922,88835227553,109.9202,24.1859,-0.1013,1.629105
1785828795507659275,88885227553,109.9039,24.3938,-0.1016,1.631662
1785828795557334978,88935227554,109.8868,24.6017,-0.1017,1.634280
1785828795608872318,88985227555,109.8692,24.8094,-0.1017,1.636963
1785828795658944604,89035227556,109.8509,25.0171,-0.1017,1.639715
1785828795707471609,89085227556,109.8320,25.2248,-0.1018,1.642530
1785828795758140885,89135227557,109.8125,25.4324,-0.1020,1.645401
1785828795809497135,89185227558,109.7923,25.6401,-0.1023,1.648327
1785828795858876906,89235227559,109.7714,25.8477,-0.1027,1.651304
1785828795908010883,89285227559,109.7499,26.0553,-0.1031,1.654328
1785828795958130343,89335227560,109.7276,26.2628,-0.1034,1.657399
1785828796007747131,89385227561,109.7045,26.4704,-0.1036,1.660532
1785828796058978547,89435227562,109.6806,26.6778,-0.1037,1.663735
1785828796109124842,89485227562,109.6560,26.8852,-0.1037,1.667028
1785828796158751368,89535227563,109.6305,27.0924,-0.1033,1.670400
1785828796209883304,89585227564,109.6042,27.2994,-0.1027,1.673842
1785828796259158134,89635227565,109.5771,27.5064,-0.1018,1.677340
1785828796308887806,89685227565,109.5493,27.7133,-0.1010,1.680875
1785828796360092870,89735227566,109.5208,27.9200,-0.1001,1.684431
1785828796411656707,89785227567,109.4915,28.1267,-0.0993,1.687991
1785828796461412693,89835227568,109.4617,28.3333,-0.0988,1.691543
1785828796509649054,89885227568,109.4313,28.5398,-0.0984,1.695088
1785828796559837532,89935227569,109.4001,28.7462,-0.0982,1.698643
1785828796609822479,89985227570,109.3680,28.9525,-0.0980,1.702220
1785828796659984993,90035227571,109.3352,29.1587,-0.0977,1.705832
1785828796710883774,90085227571,109.3014,29.3648,-0.0974,1.709487
1785828796760598505,90135227572,109.2668,29.5708,-0.0972,1.713188
1785828796811058291,90185227573,109.2315,29.7768,-0.0968,1.716929
1785828796861341687,90235227574,109.1954,29.9825,-0.0962,1.720707
1785828796909856295,90285227574,109.1585,30.1882,-0.0954,1.724520
1785828796961234561,90335227575,109.1207,30.3936,-0.0946,1.728366
1785828797011060463,90385227576,109.0821,30.5990,-0.0936,1.732239
1785828797061329779,90435227576,109.0426,30.8042,-0.0927,1.736132
1785828797111928161,90485227577,109.0024,31.0094,-0.0919,1.739998
1785828797161394264,90535227578,108.9616,31.2146,-0.0911,1.743852
1785828797210727963,90585227579,108.9200,31.4197,-0.0905,1.747715
1785828797261836719,90635227579,108.8774,31.6248,-0.0899,1.751625
1785828797312121766,90685227580,108.8339,31.8297,-0.0894,1.755602
1785828797362912575,90735227581,108.7896,32.0346,-0.0889,1.759657
1785828797413280142,90785227582,108.7443,32.2393,-0.0885,1.763798
1785828797461520322,90835227582,108.6980,32.4439,-0.0881,1.767986
1785828797512395890,90885227583,108.6508,32.6484,-0.0876,1.772216
1785828797562495765,90935227584,108.6026,32.8527,-0.0870,1.776471
1785828797611824525,90985227585,108.5536,33.0569,-0.0864,1.780734
1785828797663005832,91035227585,108.5036,33.2609,-0.0857,1.784992
1785828797712170342,91085227586,108.4529,33.4648,-0.0850,1.789269
1785828797762865231,91135227587,108.4014,33.6685,-0.0842,1.793529
1785828797812142090,91185227588,108.3491,33.8720,-0.0833,1.797761
1785828797862430337,91235227588,108.2959,34.0753,-0.0823,1.801965
1785828797912936313,91285227589,108.2419,34.2785,-0.0814,1.806147
1785828797963619210,91335227590,108.1868,34.4815,-0.0805,1.810294
1785828798012624730,91385227591,108.1308,34.6843,-0.0796,1.814388
1785828798063412956,91435227591,108.0741,34.8869,-0.0789,1.818474
1785828798113478110,91485227592,108.0165,35.0892,-0.0780,1.822573
1785828798163329920,91535227593,107.9581,35.2912,-0.0772,1.826680
1785828798213494043,91585227594,107.8987,35.4929,-0.0765,1.830809
1785828798263837080,91635227594,107.8386,35.6945,-0.0759,1.834966
1785828798313424192,91685227595,107.7776,35.8958,-0.0754,1.839161
1785828798363613714,91735227596,107.7158,36.0969,-0.0750,1.843402
1785828798415577614,91785227597,107.6531,36.2977,-0.0746,1.847681
1785828798464253765,91835227597,107.5894,36.4983,-0.0740,1.851982
1785828798513743257,91885227598,107.5247,36.6986,-0.0732,1.856276
1785828798563833809,91935227599,107.4592,36.8986,-0.0721,1.860554
1785828798615381245,91985227600,107.3927,37.0982,-0.0709,1.864848
1785828798664443283,92035227600,107.3255,37.2975,-0.0697,1.869172
1785828798714135786,92085227601,107.2576,37.4965,-0.0687,1.873505
1785828798765356206,92135227602,107.1889,37.6953,-0.0679,1.877873
1785828798815330075,92185227603,107.1193,37.8937,-0.0672,1.882261
1785828798865831278,92235227603,107.0486,38.0918,-0.0668,1.886667
1785828798915734133,92285227604,106.9770,38.2895,-0.0669,1.891065
1785828798965235911,92335227605,106.9048,38.4872,-0.0670,1.895455
1785828799015158294,92385227606,106.8318,38.6846,-0.0670,1.899838
1785828799064861481,92435227606,106.7579,38.8816,-0.0668,1.904234
1785828799115393795,92485227607,106.6832,39.0783,-0.0665,1.908611
1785828799165079431,92535227608,106.6074,39.2746,-0.0657,1.912975
1785828799216991228,92585227609,106.5306,39.4702,-0.0645,1.917346
1785828799266537929,92635227609,106.4529,39.6653,-0.0633,1.921744
1785828799315835706,92685227610,106.3743,39.8599,-0.0623,1.926183
1785828799366240934,92735227611,106.2951,40.0541,-0.0617,1.930615
1785828799417398791,92785227612,106.2151,40.2480,-0.0614,1.935047
1785828799466269337,92835227612,106.1344,40.4417,-0.0614,1.939483
1785828799516728149,92885227613,106.0527,40.6350,-0.0617,1.943935
1785828799568361909,92935227614,105.9701,40.8282,-0.0623,1.948411
1785828799617467717,92985227614,105.8867,41.0210,-0.0626,1.952894
1785828799666916116,93035227615,105.8026,41.2134,-0.0626,1.957384
1785828799717936061,93085227616,105.7177,41.4054,-0.0624,1.961883
1785828799767700427,93135227617,105.6318,41.5967,-0.0619,1.966409
1785828799818757621,93185227617,105.5450,41.7875,-0.0612,1.970947
1785828799867145918,93235227618,105.4573,41.9777,-0.0603,1.975482
1785828799918364845,93285227619,105.3686,42.1674,-0.0597,1.980014
1785828799967622476,93335227620,105.2789,42.3568,-0.0593,1.984526
1785828800017344524,93385227620,105.1883,42.5459,-0.0591,1.989041
1785828800068431426,93435227621,105.0970,42.7346,-0.0590,1.993562
1785828800118702573,93485227622,105.0047,42.9228,-0.0588,1.998087
1785828800167988020,93535227623,104.9116,43.1105,-0.0588,2.002614
1785828800217993191,93585227623,104.8178,43.2977,-0.0587,2.007159
1785828800269079366,93635227624,104.7232,43.4844,-0.0584,2.011731
1785828800320018627,93685227625,104.6279,43.6705,-0.0580,2.016314
1785828800368756978,93735227626,104.5318,43.8561,-0.0577,2.020919
1785828800419286966,93785227626,104.4347,44.0411,-0.0571,2.025541
1785828800468397718,93835227627,104.3368,44.2256,-0.0564,2.030181
1785828800518408408,93885227628,104.2380,44.4095,-0.0556,2.034840
1785828800569823011,93935227629,104.1383,44.5929,-0.0548,2.039517
1785828800619863116,93985227629,104.0381,44.7756,-0.0538,2.044218
1785828800670912653,94035227630,103.9372,44.9577,-0.0525,2.048916
1785828800721432090,94085227631,103.8356,45.1391,-0.0511,2.053612
1785828800769442089,94135227632,103.7332,45.3199,-0.0498,2.058304
1785828800820942318,94185227632,103.6299,45.5000,-0.0487,2.062994
1785828800869553654,94235227633,103.5257,45.6796,-0.0478,2.067682
1785828800920346406,94285227634,103.4206,45.8586,-0.0471,2.072371
1785828800969952321,94335227635,103.3148,46.0370,-0.0466,2.077065
1785828801019696496,94385227635,103.2083,46.2149,-0.0461,2.081732
1785828801069644455,94435227636,103.1011,46.3922,-0.0454,2.086398
1785828801120474456,94485227637,102.9932,46.5688,-0.0444,2.091039
1785828801170148525,94535227638,102.8846,46.7449,-0.0432,2.095650
1785828801219409864,94585227638,102.7754,46.9203,-0.0419,2.100244
1785828801269845268,94635227639,102.6654,47.0952,-0.0404,2.104824
1785828801321253949,94685227640,102.5546,47.2694,-0.0390,2.109392
1785828801371177819,94735227641,102.4431,47.4430,-0.0376,2.113957
1785828801421295909,94785227641,102.3308,47.6160,-0.0364,2.118525
1785828801470666550,94835227642,102.2175,47.7882,-0.0357,2.123116
1785828801520250356,94885227643,102.1033,47.9598,-0.0353,2.127740
1785828801570684582,94935227644,101.9883,48.1310,-0.0349,2.132380
1785828801622364837,94985227644,101.8726,48.3016,-0.0345,2.137022
1785828801671258974,95035227645,101.7561,48.4716,-0.0340,2.141695
1785828801721842477,95085227646,101.6391,48.6413,-0.0331,2.146376
1785828801771805780,95135227647,101.5213,48.8103,-0.0322,2.151060
1785828801821881595,95185227647,101.4020,48.9778,-0.0328,2.155764
1785828801871495528,95235227648,101.2819,49.1446,-0.0344,2.160516
1785828801922507629,95285227649,101.1613,49.3114,-0.0359,2.165225
1785828801971853223,95335227649,101.0405,49.4782,-0.0365,2.170028
1785828802022305654,95385227650,100.9193,49.6448,-0.0360,2.174698
1785828802072297943,95435227651,100.7984,49.8113,-0.0330,2.179467
1785828802122676390,95485227652,100.6760,49.9769,-0.0301,2.184158
1785828802172608218,95535227652,100.5518,50.1413,-0.0286,2.188835
1785828802223313317,95585227653,100.4266,50.3051,-0.0277,2.193534
1785828802273921491,95635227654,100.3012,50.4686,-0.0267,2.198148
1785828802322363279,95685227655,100.1746,50.6312,-0.0266,2.202780
1785828802373110590,95735227655,100.0472,50.7934,-0.0265,2.207421
1785828802422574336,95785227656,99.9192,50.9551,-0.0262,2.212058
1785828802473776397,95835227657,99.7900,51.1162,-0.0261,2.216687
1785828802522940592,95885227658,99.6592,51.2767,-0.0274,2.221352
1785828802574685773,95935227658,99.5281,51.4368,-0.0282,2.225946
1785828802624603421,95985227659,99.3966,51.5964,-0.0287,2.230530
1785828802674088289,96035227660,99.2646,51.7556,-0.0289,2.235225
1785828802723641441,96085227661,99.1325,51.9141,-0.0280,2.239827
1785828802774618349,96135227661,99.0012,52.0719,-0.0249,2.244370
1785828802824281055,96185227662,98.8682,52.2288,-0.0227,2.249022
1785828802874360874,96235227663,98.7337,52.3851,-0.0214,2.253650
1785828802924156983,96285227664,98.5983,52.5411,-0.0206,2.258290
1785828802975473672,96335227664,98.4616,52.6966,-0.0206,2.262902
1785828803024046296,96385227665,98.3245,52.8518,-0.0200,2.267555
1785828803074329525,96435227666,98.1869,53.0065,-0.0189,2.272220
1785828803124765482,96485227667,98.0484,53.1605,-0.0173,2.276913
1785828803175028623,96535227667,97.9089,53.3138,-0.0154,2.281632
1785828803224344559,96585227668,97.7685,53.4664,-0.0137,2.286376
1785828803276050045,96635227669,97.6272,53.6183,-0.0123,2.291140
1785828803325593151,96685227670,97.4850,53.7696,-0.0110,2.295931
1785828803374971977,96735227670,97.3419,53.9202,-0.0100,2.300747
1785828803425642970,96785227671,97.1980,54.0703,-0.0091,2.305581
1785828803475525741,96835227672,97.0533,54.2198,-0.0082,2.310419
1785828803526535089,96885227673,96.9077,54.3689,-0.0075,2.315260
1785828803576295682,96935227673,96.7613,54.5174,-0.0067,2.320104
1785828803626842848,96985227674,96.6143,54.6653,-0.0057,2.324956
1785828803677265962,97035227675,96.4666,54.8127,-0.0045,2.329802
1785828803727157338,97085227676,96.3182,54.9594,-0.0032,2.334646
1785828803776451449,97135227676,96.1691,55.1055,-0.0017,2.339491
1785828803826107973,97185227677,96.0191,55.2510,-0.0001,2.344337
1785828803877018390,97235227678,95.8682,55.3956,0.0015,2.349181
1785828803926959532,97285227679,95.7164,55.5396,0.0029,2.354027
1785828803977613611,97335227679,95.5638,55.6828,0.0041,2.358863
1785828804026740378,97385227680,95.4103,55.8254,0.0050,2.363675
1785828804076725798,97435227681,95.2560,55.9672,0.0059,2.368479
1785828804127857778,97485227682,95.1010,56.1085,0.0066,2.373288
1785828804177048994,97535227682,94.9452,56.2490,0.0074,2.378109
1785828804227581743,97585227683,94.7886,56.3889,0.0082,2.382940
1785828804277493308,97635227684,94.6313,56.5280,0.0090,2.387789
1785828804326737491,97685227685,94.4734,56.6665,0.0099,2.392664
1785828804377449778,97735227685,94.3147,56.8044,0.0108,2.397552
1785828804427866274,97785227686,94.1555,56.9416,0.0116,2.402442
1785828804477635364,97835227687,93.9955,57.0780,0.0124,2.407333
1785828804528231416,97885227687,93.8348,57.2137,0.0131,2.412231
1785828804578189739,97935227688,93.6734,57.3487,0.0138,2.417148
1785828804628503546,97985227689,93.5112,57.4828,0.0145,2.422090
1785828804678183338,98035227690,93.3481,57.6161,0.0150,2.427055
1785828804728245980,98085227690,93.1843,57.7486,0.0154,2.432040
1785828804779531905,98135227691,93.0196,57.8803,0.0156,2.437037
1785828804827933647,98185227692,92.8543,58.0112,0.0156,2.442043
1785828804878157364,98235227693,92.6883,58.1413,0.0155,2.447051
1785828804928652826,98285227693,92.5216,58.2707,0.0153,2.452036
1785828804978876870,98335227694,92.3541,58.3994,0.0152,2.456990
1785828805029172626,98385227695,92.1860,58.5272,0.0152,2.461925
1785828805079406467,98435227696,92.0173,58.6544,0.0150,2.466853
1785828805128677567,98485227696,91.8478,58.7809,0.0148,2.471786
1785828805180714058,98535227697,91.6776,58.9067,0.0145,2.476730
1785828805229129851,98585227698,91.5068,59.0316,0.0141,2.481692
1785828805280352493,98635227699,91.3352,59.1557,0.0137,2.486672
1785828805329279049,98685227699,91.1630,59.2791,0.0134,2.491647
1785828805380529472,98735227700,90.9902,59.4016,0.0131,2.496601
1785828805429803523,98785227701,90.8167,59.5234,0.0126,2.501541
1785828805479376519,98835227702,90.6426,59.6446,0.0116,2.506469
1785828805529339986,98885227702,90.4678,59.7650,0.0101,2.511401
1785828805580186318,98935227703,90.2921,59.8845,0.0082,2.516343
1785828805630102619,98985227704,90.1157,60.0031,0.0063,2.521307
1785828805680953755,99035227705,89.9386,60.1208,0.0044,2.526299
1785828805729944189,99085227705,89.7606,60.2377,0.0025,2.531324
1785828805780662195,99135227706,89.5819,60.3537,0.0005,2.536368
1785828805831209818,99185227707,89.4025,60.4689,-0.0016,2.541409
1785828805880340236,99235227708,89.2224,60.5834,-0.0036,2.546427
1785828805931290762,99285227708,89.0416,60.6972,-0.0054,2.551417
1785828805979958070,99335227709,88.8601,60.8103,-0.0070,2.556393
1785828806030513356,99385227710,88.6780,60.9224,-0.0083,2.561370
1785828806080728277,99435227711,88.4951,61.0338,-0.0095,2.566342
1785828806131565669,99485227711,88.3114,61.1443,-0.0107,2.571328
1785828806181171026,99535227712,88.1271,61.2539,-0.0121,2.576339
1785828806230960254,99585227713,87.9419,61.3627,-0.0136,2.581380
1785828806282292705,99635227714,87.7562,61.4707,-0.0151,2.586429
1785828806331385120,99685227714,87.5698,61.5779,-0.0165,2.591452
1785828806381852314,99735227715,87.3829,61.6842,-0.0181,2.596433
1785828806431057843,99785227716,87.1953,61.7898,-0.0197,2.601383
1785828806482292043,99835227717,87.0072,61.8945,-0.0214,2.606320
1785828806531933688,99885227717,86.8184,61.9983,-0.0232,2.611259
1785828806582183674,99935227718,86.6292,62.1012,-0.0248,2.616207
1785828806632468917,99985227719,86.4395,62.2032,-0.0262,2.621169
1785828806682703899,100035227720,86.2491,62.3040,-0.0274,2.626129
1785828806733262242,100085227720,86.0582,62.4036,-0.0280,2.631070
1785828806782929398,100135227721,85.8667,62.5022,-0.0282,2.635961
1785828806833449966,100185227722,85.6749,62.5998,-0.0282,2.640795
1785828806882760548,100235227723,85.4827,62.6967,-0.0280,2.645571
1785828806932539053,100285227723,85.2904,62.7928,-0.0274,2.650300
1785828806982501861,100335227724,85.0979,62.8882,-0.0263,2.655024
1785828807032885520,100385227725,84.9052,62.9826,-0.0248,2.659770
1785828807083013917,100435227725,84.7120,63.0757,-0.0236,2.664517
1785828807133053157,100485227726,84.5184,63.1678,-0.0226,2.669267
1785828807185926416,100535227727,84.3246,63.2589,-0.0220,2.674002
1785828807233750651,100585227728,84.1306,63.3493,-0.0219,2.678691
1785828807282574632,100635227728,83.9362,63.4389,-0.0220,2.683313
1785828807334949217,100685227729,83.7415,63.5274,-0.0221,2.687870
1785828807383669433,100735227730,83.5465,63.6149,-0.0219,2.692377
1785828807433995144,100785227731,83.3511,63.7013,-0.0215,2.696853
1785828807483575358,100835227731,83.1556,63.7868,-0.0208,2.701322
1785828807535177310,100885227732,82.9599,63.8715,-0.0198,2.705779
1785828807584191617,100935227733,82.7642,63.9555,-0.0185,2.710211
1785828807634978386,100985227734,82.5684,64.0388,-0.0171,2.714612
1785828807685352719,101035227734,82.3726,64.1213,-0.0158,2.718984
1785828807735745478,101085227735,82.1765,64.2027,-0.0148,2.723304
1785828807784351328,101135227736,81.9800,64.2831,-0.0141,2.727547
1785828807834055591,101185227737,81.7833,64.3627,-0.0136,2.731727
1785828807886682939,101235227737,81.5863,64.4414,-0.0134,2.735865
1785828807934544361,101285227738,81.3890,64.5195,-0.0134,2.739969
1785828807984885353,101335227739,81.1915,64.5966,-0.0133,2.744029
1785828808036077005,101385227740,80.9938,64.6731,-0.0133,2.748024
1785828808085208870,101435227740,80.7961,64.7489,-0.0131,2.751935
1785828808134995224,101485227741,80.5984,64.8241,-0.0130,2.755763
1785828808185465097,101535227742,80.4005,64.8986,-0.0129,2.759470
1785828808235551629,101585227743,80.2029,64.9724,-0.0128,2.763023
1785828808285198566,101635227743,80.0061,65.0454,-0.0126,2.766445
1785828808335598019,101685227744,79.8100,65.1175,-0.0128,2.769780
1785828808386586353,101735227745,79.6144,65.1887,-0.0133,2.773070
1785828808435883561,101785227746,79.4195,65.2590,-0.0139,2.776321
1785828808486542210,101835227746,79.2253,65.3285,-0.0148,2.779536
1785828808536973834,101885227747,79.0319,65.3969,-0.0157,2.782742
1785828808586862238,101935227748,78.8393,65.4641,-0.0165,2.785973
1785828808636631626,101985227749,78.6477,65.5302,-0.0173,2.789228
1785828808686849244,102035227749,78.4572,65.5951,-0.0179,2.792476
1785828808737708754,102085227750,78.2679,65.6590,-0.0183,2.795711
1785828808787200139,102135227751,78.0799,65.7217,-0.0188,2.798957
1785828808837229733,102185227752,77.8932,65.7833,-0.0195,2.802253
1785828808887544687,102235227752,77.7079,65.8436,-0.0203,2.805609
1785828808938217441,102285227753,77.5242,65.9026,-0.0212,2.808988
1785828808987377101,102335227754,77.3421,65.9604,-0.0221,2.812349
1785828809037253945,102385227755,77.1618,66.0170,-0.0233,2.815679
1785828809087468601,102435227755,76.9832,66.0723,-0.0245,2.818992
1785828809138186293,102485227756,76.8066,66.1262,-0.0258,2.822351
1785828809188377518,102535227757,76.6319,66.1786,-0.0271,2.825797
1785828809238103556,102585227758,76.4593,66.2296,-0.0283,2.829322
1785828809288622272,102635227758,76.2890,66.2794,-0.0295,2.832886
1785828809338997542,102685227759,76.1211,66.3278,-0.0304,2.836409
1785828809389288935,102735227760,75.9556,66.3750,-0.0312,2.839837
1785828809438771591,102785227761,75.7927,66.4209,-0.0319,2.843128
1785828809490715634,102835227761,75.6325,66.4656,-0.0326,2.846286
1785828809538652039,102885227762,75.4752,66.5090,-0.0332,2.849325
1785828809589537599,102935227763,75.3206,66.5510,-0.0339,2.852340
1785828809638804762,102985227763,75.1688,66.5913,-0.0347,2.855560
1785828809690728140,103035227764,75.0199,66.6296,-0.0356,2.859196
1785828809740003424,103085227765,74.8739,66.6656,-0.0365,2.863363
1785828809790180675,103135227766,74.7310,66.6995,-0.0374,2.867937
1785828809839211913,103185227766,74.5913,66.7318,-0.0384,2.872645
1785828809890929015,103235227767,74.4551,66.7628,-0.0393,2.877167
1785828809941086011,103285227768,74.3225,66.7928,-0.0403,2.881247
1785828809991791926,103335227769,74.1937,66.8223,-0.0411,2.884686
1785828810039941432,103385227769,74.0689,66.8513,-0.0419,2.887370
1785828810089834635,103435227770,73.9481,66.8801,-0.0426,2.889221
1785828810140015131,103485227771,73.8316,66.9089,-0.0432,2.890208
1785828810191541397,103535227772,73.7193,66.9375,-0.0436,2.890348
1785828810240767404,103585227772,73.6114,66.9663,-0.0440,2.889644
1785828810290732124,103635227773,73.5080,66.9950,-0.0444,2.888170
1785828810341977258,103685227774,73.4090,67.0235,-0.0446,2.886140
1785828810391821299,103735227775,73.3142,67.0515,-0.0448,2.883863
1785828810441566464,103785227775,73.2237,67.0786,-0.0449,2.881556
1785828810491420713,103835227776,73.1372,67.1047,-0.0450,2.879358
1785828810541825145,103885227777,73.0548,67.1297,-0.0451,2.877341
1785828810592086062,103935227778,72.9764,67.1535,-0.0452,2.875528
1785828810641774428,103985227778,72.9020,67.1762,-0.0452,2.873913
1785828810693301822,104035227779,72.8314,67.1977,-0.0453,2.872475
1785828810742781395,104085227780,72.7647,67.2180,-0.0454,2.871181
1785828810793019514,104135227781,72.7017,67.2373,-0.0454,2.869992
1785828810842406954,104185227781,72.6423,67.2556,-0.0455,2.868878
1785828810893692676,104235227782,72.5865,67.2728,-0.0456,2.867813
1785828810942553764,104285227783,72.5341,67.2891,-0.0457,2.866783
1785828810993007672,104335227784,72.4850,67.3045,-0.0458,2.865777
1785828811042767365,104385227784,72.4390,67.3190,-0.0458,2.864792
1785828811094568450,104435227785,72.3960,67.3326,-0.0459,2.863853
1785828811143123675,104485227786,72.3558,67.3453,-0.0459,2.863033
1785828811193366895,104535227787,72.3182,67.3569,-0.0459,2.862399
1785828811243617161,104585227787,72.2829,67.3677,-0.0459,2.861960
1785828811293267460,104635227788,72.2500,67.3776,-0.0460,2.861670
1785828811343161846,104685227789,72.2191,67.3868,-0.0460,2.861471
1785828811393797871,104735227790,72.1902,67.3954,-0.0460,2.861317
1785828811444000354,104785227790,72.1630,67.4035,-0.0460,2.861183
1785828811493864097,104835227791,72.1374,67.4111,-0.0461,2.861051
1785828811544308657,104885227792,72.1133,67.4183,-0.0461,2.860922
1785828811594409015,104935227793,72.0903,67.4251,-0.0461,2.860805
1785828811644298605,104985227793,72.0684,67.4316,-0.0461,2.860704
1785828811694489017,105035227794,72.0474,67.4378,-0.0462,2.860628
1785828811744783190,105085227795,72.0271,67.4437,-0.0462,2.860581
1785828811794618886,105135227796,72.0073,67.4494,-0.0462,2.860570
1785828811844323862,105185227796,71.9880,67.4550,-0.0462,2.860595
1785828811894637388,105235227797,71.9688,67.4605,-0.0462,2.860659
1785828811945342119,105285227798,71.9496,67.4659,-0.0462,2.860762
1785828811995250420,105335227799,71.9304,67.4713,-0.0462,2.860894
1785828812045506504,105385227799,71.9112,67.4767,-0.0463,2.861048
1785828812095327885,105435227800,71.8920,67.4820,-0.0463,2.861221
1785828812146933240,105485227801,71.8728,67.4873,-0.0463,2.861406
1785828812195470630,105535227801,71.8536,67.4926,-0.0463,2.861596
1785828812246001470,105585227802,71.8344,67.4979,-0.0463,2.861790
1785828812296167145,105635227803,71.8151,67.5033,-0.0463,2.861982
1785828812346053340,105685227804,71.7957,67.5086,-0.0464,2.862175
1785828812396185212,105735227804,71.7763,67.5139,-0.0464,2.862369
1785828812445522545,105785227805,71.7568,67.5193,-0.0464,2.862562
1785828812496171009,105835227806,71.7372,67.5247,-0.0464,2.862758
1785828812546790352,105885227807,71.7175,67.5301,-0.0464,2.862954
1785828812597524157,105935227807,71.6976,67.5355,-0.0465,2.863154
1785828812645972765,105985227808,71.6775,67.5410,-0.0465,2.863353
1785828812697397582,106035227809,71.6572,67.5466,-0.0465,2.863556
1785828812747993900,106085227810,71.6368,67.5522,-0.0465,2.863754
1785828812797669398,106135227810,71.6161,67.5578,-0.0465,2.863951
1785828812847614491,106185227811,71.5952,67.5636,-0.0465,2.864143
1785828812896810274,106235227812,71.5741,67.5694,-0.0465,2.864331
1785828812947694344,106285227813,71.5527,67.5752,-0.0465,2.864505
1785828812997703947,106335227813,71.5311,67.5812,-0.0465,2.864663
1785828813048325529,106385227814,71.5093,67.5872,-0.0465,2.864784
1785828813098039570,106435227815,71.4873,67.5935,-0.0465,2.864829
1785828813148872466,106485227816,71.4650,67.5999,-0.0465,2.864764
1785828813197447958,106535227816,71.4427,67.6066,-0.0465,2.864554
1785828813246780127,106585227817,71.4202,67.6136,-0.0465,2.864194
1785828813298517570,106635227818,71.3975,67.6208,-0.0465,2.863697
1785828813347630307,106685227819,71.3747,67.6282,-0.0465,2.863102
1785828813397870190,106735227819,71.3518,67.6357,-0.0465,2.862442
1785828813447612537,106785227820,71.3288,67.6433,-0.0465,2.861746
1785828813497887401,106835227821,71.3056,67.6510,-0.0465,2.861034
1785828813548294725,106885227822,71.2824,67.6588,-0.0465,2.860316
1785828813598017208,106935227822,71.2590,67.6666,-0.0465,2.859600
1785828813648047852,106985227823,71.2356,67.6744,-0.0464,2.858890
1785828813698334063,107035227824,71.2122,67.6823,-0.0464,2.858185
1785828813750048926,107085227825,71.1887,67.6902,-0.0464,2.857486
1785828813798942631,107135227825,71.1652,67.6981,-0.0463,2.856793
1785828813849602828,107185227826,71.1418,67.7060,-0.0463,2.856103
1785828813900148691,107235227827,71.1183,67.7139,-0.0462,2.855418
1785828813949265755,107285227828,71.0948,67.7218,-0.0462,2.854738
1785828813999147467,107335227828,71.0716,67.7296,-0.0461,2.854074
1785828814049969959,107385227829,71.0489,67.7373,-0.0461,2.853430
1785828814099804441,107435227830,71.0269,67.7447,-0.0460,2.852811
1785828814149689743,107485227831,71.0057,67.7519,-0.0460,2.852219
1785828814199747513,107535227831,70.9854,67.7588,-0.0459,2.851655
1785828814250220795,107585227832,70.9660,67.7653,-0.0459,2.851128
1785828814299828630,107635227833,70.9476,67.7715,-0.0458,2.850641
1785828814349611173,107685227834,70.9304,67.7773,-0.0458,2.850203
1785828814401534414,107735227834,70.9142,67.7828,-0.0458,2.849811
1785828814450205076,107785227835,70.8992,67.7878,-0.0457,2.849467
1785828814501477385,107835227836,70.8855,67.7923,-0.0457,2.849175
1785828814550765313,107885227837,70.8730,67.7964,-0.0456,2.848930
1785828814600880377,107935227837,70.8618,67.8001,-0.0456,2.848729
1785828814650133795,107985227838,70.8520,67.8033,-0.0455,2.848571
1785828814702117686,108035227839,70.8434,67.8060,-0.0455,2.848448
1785828814750495799,108085227839,70.8362,67.8083,-0.0454,2.848354
1785828814800932916,108135227840,70.8303,67.8102,-0.0454,2.848288
1785828814852286405,108185227841,70.8257,67.8117,-0.0454,2.848240
1785828814901521721,108235227842,70.8223,67.8127,-0.0454,2.848208
1785828814951177328,108285227842,70.8216,67.8130,-0.0453,2.848187
1785828815001763445,108335227843,70.8216,67.8130,-0.0453,2.848187
1785828815051505754,108385227844,70.8216,67.8130,-0.0453,2.848187
1785828815102052772,108435227845,70.8216,67.8130,-0.0453,2.848187
1785828815151618503,108485227845,70.8216,67.8130,-0.0453,2.848187
1785828815202039046,108535227846,70.8216,67.8130,-0.0453,2.848187
1785828815252906530,108585227847,70.8216,67.8130,-0.0453,2.848187
1785828815303136736,108635227848,70.8216,67.8130,-0.0453,2.848187
1785828815352046481,108685227848,70.8216,67.8130,-0.0453,2.848187
1785828815402577384,108735227849,70.8216,67.8130,-0.0453,2.848187
1785828815452850305,108785227850,70.8216,67.8130,-0.0453,2.848187
1785828815503517750,108835227851,70.8216,67.8130,-0.0453,2.848187
1785828815552101059,108885227851,70.8216,67.8130,-0.0453,2.848187
1785828815603440840,108935227852,70.8216,67.8130,-0.0453,2.848187
1785828815653110538,108985227853,70.8216,67.8130,-0.0453,2.848187
1785828815703650215,109035227854,70.8216,67.8130,-0.0453,2.848187
1785828815753167172,109085227854,70.8216,67.8130,-0.0453,2.848187
1785828815805114786,109135227855,70.8216,67.8130,-0.0453,2.848187
1785828815853645705,109185227856,70.8216,67.8130,-0.0453,2.848187
1785828815903849431,109235227857,70.8216,67.8130,-0.0453,2.848187
1785828815954842191,109285227857,70.8216,67.8130,-0.0453,2.848187
1785828816003998073,109335227858,70.8216,67.8130,-0.0453,2.848187
1785828816053859075,109385227859,70.8216,67.8130,-0.0453,2.848187
1785828816104084956,109435227860,70.8216,67.8130,-0.0453,2.848187
1785828816155023960,109485227860,70.8216,67.8130,-0.0453,2.848187
1785828816204297440,109535227861,70.8216,67.8130,-0.0453,2.848187
1785828816254767298,109585227862,70.8216,67.8130,-0.0453,2.848187
1785828816305919394,109635227863,70.8216,67.8130,-0.0453,2.848187
1785828816354466432,109685227863,70.8216,67.8130,-0.0453,2.848187
1785828816405443695,109735227864,70.8216,67.8130,-0.0453,2.848187
1785828816456648070,109785227865,70.8216,67.8130,-0.0453,2.848187
1785828816505679586,109835227866,70.8216,67.8130,-0.0453,2.848187
1785828816555596987,109885227866,70.8216,67.8130,-0.0453,2.848187
1785828816606348338,109935227867,70.8216,67.8130,-0.0453,2.848187
1785828816655811324,109985227868,70.8216,67.8130,-0.0453,2.848187
1785828816706965362,110035227869,70.8216,67.8130,-0.0453,2.848187
1785828816755761830,110085227869,70.8216,67.8130,-0.0453,2.848187
1785828816807316930,110135227870,70.8216,67.8130,-0.0453,2.848187
1785828816858045209,110185227871,70.8216,67.8130,-0.0453,2.848187
1785828816906792812,110235227872,70.8216,67.8130,-0.0453,2.848187
1785828816956814631,110285227872,70.8216,67.8130,-0.0453,2.848187
1785828817007636339,110335227873,70.8216,67.8130,-0.0453,2.848187
1785828817056515560,110385227874,70.8216,67.8130,-0.0453,2.848187
1785828817107549791,110435227875,70.8216,67.8130,-0.0453,2.848187
1785828817157639113,110485227875,70.8216,67.8130,-0.0453,2.848187
1785828817207207998,110535227876,70.8216,67.8130,-0.0453,2.848187
1785828817257097285,110585227877,70.8216,67.8130,-0.0453,2.848187
1785828817308589551,110635227877,70.8216,67.8130,-0.0453,2.848187
1785828817357049671,110685227878,70.8216,67.8130,-0.0453,2.848187
1785828817408517801,110735227879,70.8216,67.8130,-0.0453,2.848187
1785828817457907908,110785227880,70.8216,67.8130,-0.0453,2.848187
1785828817507843795,110835227880,70.8216,67.8130,-0.0453,2.848187
1785828817559646083,110885227881,70.8216,67.8130,-0.0453,2.848187
1785828817607677947,110935227882,70.8216,67.8130,-0.0453,2.848187
1785828817659207170,110985227883,70.8216,67.8130,-0.0453,2.848187
1785828817708423635,111035227883,70.8216,67.8130,-0.0453,2.848187
1785828817758074430,111085227884,70.8216,67.8130,-0.0453,2.848187
1785828817809516376,111135227885,70.8216,67.8130,-0.0453,2.848187
1785828817858077315,111185227886,70.8216,67.8130,-0.0453,2.848187
1785828817908806067,111235227886,70.8216,67.8130,-0.0453,2.848187
1785828817958837467,111285227887,70.8216,67.8130,-0.0453,2.848187
1785828818009667141,111335227888,70.8216,67.8130,-0.0453,2.848187
1785828818059545356,111385227889,70.8216,67.8130,-0.0453,2.848187
1785828818110988157,111435227889,70.8216,67.8130,-0.0453,2.848187
1785828818160486435,111485227890,70.8216,67.8130,-0.0453,2.848187
1785828818209210362,111535227891,70.8216,67.8130,-0.0453,2.848187
1785828818259812100,111585227892,70.8216,67.8130,-0.0453,2.848187
1785828818309907811,111635227892,70.8216,67.8130,-0.0453,2.848187
1785828818359542202,111685227893,70.8216,67.8130,-0.0453,2.848187
1785828818409979539,111735227894,70.8216,67.8130,-0.0453,2.848187
1785828818460074504,111785227895,70.8216,67.8130,-0.0453,2.848187
1785828818510664965,111835227895,70.8216,67.8130,-0.0453,2.848187
1785828818560545465,111885227896,70.8216,67.8130,-0.0453,2.848187
1785828818610619268,111935227897,70.8216,67.8130,-0.0453,2.848187
1785828818660680603,111985227898,70.8216,67.8130,-0.0453,2.848187
1785828818709936642,112035227898,70.8216,67.8130,-0.0453,2.848187
1785828818760357385,112085227899,70.8216,67.8130,-0.0453,2.848187
1785828818811013188,112135227900,70.8216,67.8130,-0.0453,2.848187
1785828818860806728,112185227901,70.8216,67.8130,-0.0453,2.848187
1785828818910917191,112235227901,70.8216,67.8130,-0.0453,2.848187
1785828818961314500,112285227902,70.8216,67.8130,-0.0453,2.848187
1785828819010668446,112335227903,70.8216,67.8130,-0.0453,2.848187
1785828819061287447,112385227904,70.8216,67.8130,-0.0453,2.848187
1785828819112209095,112435227904,70.8216,67.8130,-0.0453,2.848187
1785828819162097480,112485227905,70.8216,67.8130,-0.0453,2.848187
1785828819211615993,112535227906,70.8216,67.8130,-0.0453,2.848187
1785828819261426384,112585227907,70.8216,67.8130,-0.0453,2.848187
1785828819312621846,112635227907,70.8216,67.8130,-0.0453,2.848187
1785828819361436829,112685227908,70.8216,67.8130,-0.0453,2.848187
1785828819412006449,112735227909,70.8216,67.8130,-0.0453,2.848187
1785828819462450837,112785227910,70.8216,67.8130,-0.0453,2.848187
1785828819512840740,112835227910,70.8216,67.8130,-0.0453,2.848187
1785828819563408702,112885227911,70.8216,67.8130,-0.0453,2.848187
1785828819612073854,112935227912,70.8216,67.8130,-0.0453,2.848187
1785828819662797277,112985227913,70.8216,67.8130,-0.0453,2.848187
1785828819712488230,113035227913,70.8216,67.8130,-0.0453,2.848187
1785828819763264460,113085227914,70.8216,67.8130,-0.0453,2.848187
1785828819812942419,113135227915,70.8216,67.8130,-0.0453,2.848187
1785828819863796065,113185227915,70.8216,67.8130,-0.0453,2.848187
1785828819915564712,113235227916,70.8216,67.8130,-0.0453,2.848187
1785828819962980389,113285227917,70.8216,67.8130,-0.0453,2.848187
1785828820012963805,113335227918,70.8216,67.8130,-0.0453,2.848187
1785828820065188343,113385227918,70.8216,67.8130,-0.0453,2.848187
1785828820113486294,113435227919,70.8216,67.8130,-0.0453,2.848187
1785828820162834842,113485227920,70.8216,67.8130,-0.0453,2.848187
1785828820213101775,113535227921,70.8216,67.8130,-0.0453,2.848187
1785828820263623986,113585227921,70.8216,67.8130,-0.0453,2.848187
1785828820313508633,113635227922,70.8216,67.8130,-0.0453,2.848187
1785828820363548519,113685227923,70.8216,67.8130,-0.0453,2.848187
1785828820415089982,113735227924,70.8216,67.8130,-0.0453,2.848187
1785828820463442502,113785227924,70.8216,67.8130,-0.0453,2.848187
1785828820514134503,113835227925,70.8216,67.8130,-0.0453,2.848187
1785828820564530973,113885227926,70.8216,67.8130,-0.0453,2.848187
1785828820614779398,113935227927,70.8216,67.8130,-0.0453,2.848187
1785828820665188173,113985227927,70.8216,67.8130,-0.0453,2.848187
1785828820714414043,114035227928,70.8216,67.8130,-0.0453,2.848187
1785828820764247840,114085227929,70.8216,67.8130,-0.0453,2.848187
1785828820816365441,114135227930,70.8216,67.8130,-0.0453,2.848187
1785828820864137515,114185227930,70.8216,67.8130,-0.0453,2.848187
1785828820915414213,114235227931,70.8216,67.8130,-0.0453,2.848187
1785828820964418061,114285227932,70.8216,67.8130,-0.0453,2.848187
1785828821016658662,114335227933,70.8216,67.8130,-0.0453,2.848187
1785828821064767949,114385227933,70.8216,67.8130,-0.0453,2.848187
1785828821115747207,114435227934,70.8216,67.8130,-0.0453,2.848187
1785828821166127611,114485227935,70.8216,67.8130,-0.0453,2.848187
1785828821215815533,114535227936,70.8216,67.8130,-0.0453,2.848187
1785828821265113305,114585227936,70.8216,67.8130,-0.0453,2.848187
1785828821316856698,114635227937,70.8216,67.8130,-0.0453,2.848187
1785828821366288672,114685227938,70.8216,67.8130,-0.0453,2.848187
1785828821416617055,114735227939,70.8216,67.8130,-0.0453,2.848187
1785828821465831336,114785227939,70.8216,67.8130,-0.0453,2.848187
1785828821516894825,114835227940,70.8216,67.8130,-0.0453,2.848187
1785828821565927075,114885227941,70.8216,67.8130,-0.0453,2.848187
1785828821617124646,114935227942,70.8216,67.8130,-0.0453,2.848187
1785828821667671569,114985227942,70.8216,67.8130,-0.0453,2.848187
1785828821716437540,115035227943,70.8216,67.8130,-0.0453,2.848187
1785828821766501070,115085227944,70.8216,67.8130,-0.0453,2.848187
1785828821817183068,115135227945,70.8216,67.8130,-0.0453,2.848187
1785828821867922285,115185227945,70.8216,67.8130,-0.0453,2.848187
1785828821917953109,115235227946,70.8216,67.8130,-0.0453,2.848187
1785828821967352989,115285227947,70.8216,67.8130,-0.0453,2.848187
1785828822017099042,115335227948,70.8216,67.8130,-0.0453,2.848187
1785828822067925546,115385227948,70.8216,67.8130,-0.0453,2.848187
1785828822117554899,115435227949,70.8216,67.8130,-0.0453,2.848187
1785828822167555948,115485227950,70.8216,67.8130,-0.0453,2.848187
1785828822221414101,115535227951,70.8216,67.8130,-0.0453,2.848187
1785828822268940460,115585227951,70.8216,67.8130,-0.0453,2.848187
1785828822319429318,115635227952,70.8216,67.8130,-0.0453,2.848187
1785828822368492961,115685227953,70.8216,67.8130,-0.0453,2.848187
1785828822418901221,115735227953,70.8216,67.8130,-0.0453,2.848187
1785828822468423340,115785227954,70.8216,67.8130,-0.0453,2.848187
1785828822519544263,115835227955,70.8216,67.8130,-0.0453,2.848187
1785828822570808226,115885227956,70.8216,67.8130,-0.0453,2.848187
1785828822619363469,115935227956,70.8216,67.8130,-0.0453,2.848187
1785828822670260843,115985227957,70.8216,67.8130,-0.0453,2.848187
1785828822720444898,116035227958,70.8216,67.8130,-0.0453,2.848187
1785828822769260843,116085227959,70.8216,67.8130,-0.0453,2.848187
1785828822819623301,116135227959,70.8216,67.8130,-0.0453,2.848187
1785828822870207252,116185227960,70.8216,67.8130,-0.0453,2.848187
1785828822920257343,116235227961,70.8216,67.8130,-0.0453,2.848187
1785828822969689321,116285227962,70.8216,67.8130,-0.0453,2.848187
1785828823019698712,116335227962,70.8216,67.8130,-0.0453,2.848187
1785828823070849994,116385227963,70.8216,67.8130,-0.0453,2.848187
1785828823119961258,116435227964,70.8216,67.8130,-0.0453,2.848187
1785828823170121405,116485227965,70.8216,67.8130,-0.0453,2.848187
1785828823221426857,116535227965,70.8216,67.8130,-0.0453,2.848187
1785828823270950922,116585227966,70.8216,67.8130,-0.0453,2.848187
1785828823321300148,116635227967,70.8216,67.8130,-0.0453,2.848187
1785828823370597334,116685227968,70.8216,67.8130,-0.0453,2.848187
1785828823421418542,116735227968,70.8216,67.8130,-0.0453,2.848187
1785828823471024277,116785227969,70.8216,67.8130,-0.0453,2.848187
1785828823521408331,116835227970,70.8216,67.8130,-0.0453,2.848187
1785828823572000833,116885227971,70.8216,67.8130,-0.0453,2.848187
1785828823621315883,116935227971,70.8216,67.8130,-0.0453,2.848187
1785828823671224946,116985227972,70.8216,67.8130,-0.0453,2.848187
1785828823721561430,117035227973,70.8216,67.8130,-0.0453,2.848187
1785828823772294786,117085227974,70.8216,67.8130,-0.0453,2.848187
1785828823822495904,117135227974,70.8216,67.8130,-0.0453,2.848187
1785828823872471597,117185227975,70.8216,67.8130,-0.0453,2.848187
1785828823922514420,117235227976,70.8216,67.8130,-0.0453,2.848187
1785828823972038746,117285227977,70.8216,67.8130,-0.0453,2.848187
1785828824023325723,117335227977,70.8216,67.8130,-0.0453,2.848187
1785828824072377047,117385227978,70.8216,67.8130,-0.0453,2.848187
1785828824122370631,117435227979,70.8216,67.8130,-0.0453,2.848187
1785828824172897943,117485227980,70.8216,67.8130,-0.0453,2.848187
1785828824223717049,117535227980,70.8216,67.8130,-0.0453,2.848187
1785828824274662054,117585227981,70.8216,67.8130,-0.0453,2.848187
1785828824323359933,117635227982,70.8216,67.8130,-0.0453,2.848187
1785828824374122092,117685227983,70.8216,67.8130,-0.0453,2.848187
1785828824424322095,117735227983,70.8216,67.8130,-0.0453,2.848187
1785828824474192574,117785227984,70.8216,67.8130,-0.0453,2.848187
1785828824524394087,117835227985,70.8216,67.8130,-0.0453,2.848187
1785828824573799461,117885227986,70.8216,67.8130,-0.0453,2.848187
1785828824624207118,117935227986,70.8216,67.8130,-0.0453,2.848187
1785828824674493971,117985227987,70.8216,67.8130,-0.0453,2.848187
1785828824725042551,118035227988,70.8216,67.8130,-0.0453,2.848187
1785828824773705872,118085227989,70.8216,67.8130,-0.0453,2.848187
1785828824824573661,118135227989,70.8216,67.8130,-0.0453,2.848187
1785828824874762409,118185227990,70.8216,67.8130,-0.0453,2.848187
1785828824924546823,118235227991,70.8216,67.8130,-0.0453,2.848187
1785828824974672500,118285227991,70.8216,67.8130,-0.0453,2.848187
1785828825025953984,118335227992,70.8216,67.8130,-0.0453,2.848187
1785828825075239278,118385227993,70.8216,67.8130,-0.0453,2.848187
1785828825124747241,118435227994,70.8216,67.8130,-0.0453,2.848187
1785828825174483336,118485227994,70.8216,67.8130,-0.0453,2.848187
1785828825224805311,118535227995,70.8216,67.8130,-0.0453,2.848187
1785828825275273521,118585227996,70.8216,67.8130,-0.0453,2.848187
1785828825325012508,118635227997,70.8216,67.8130,-0.0453,2.848187
1785828825375160568,118685227997,70.8216,67.8130,-0.0453,2.848187
1785828825425783001,118735227998,70.8216,67.8130,-0.0453,2.848187
1785828825474956156,118785227999,70.8216,67.8130,-0.0453,2.848187
1785828825525438742,118835228000,70.8216,67.8130,-0.0453,2.848187
1785828825575594062,118885228000,70.8216,67.8130,-0.0453,2.848187
1785828825625570499,118935228001,70.8216,67.8130,-0.0453,2.848187
1785828825675095974,118985228002,70.8216,67.8130,-0.0453,2.848187
1785828825726443964,119035228003,70.8216,67.8130,-0.0453,2.848187
1785828825775747833,119085228003,70.8216,67.8130,-0.0453,2.848187
1785828825826298231,119135228004,70.8216,67.8130,-0.0453,2.848187
1785828825876190378,119185228005,70.8216,67.8130,-0.0453,2.848187
1785828825927259931,119235228006,70.8216,67.8130,-0.0453,2.848187
1785828825976419766,119285228006,70.8216,67.8130,-0.0453,2.848187
1785828826026493001,119335228007,70.8216,67.8130,-0.0453,2.848187
1785828826076795897,119385228008,70.8216,67.8130,-0.0453,2.848187
1785828826126179250,119435228009,70.8216,67.8130,-0.0453,2.848187
1785828826175625038,119485228009,70.8216,67.8130,-0.0453,2.848187
1785828826226503016,119535228010,70.8216,67.8130,-0.0453,2.848187
1785828826276990560,119585228011,70.8216,67.8130,-0.0453,2.848187
1785828826327221274,119635228012,70.8216,67.8130,-0.0453,2.848187
1785828826376962946,119685228012,70.8216,67.8130,-0.0453,2.848187
1785828826426920834,119735228013,70.8216,67.8130,-0.0453,2.848187
1785828826477223939,119785228014,70.8216,67.8130,-0.0453,2.848187
1785828826527018070,119835228015,70.8216,67.8130,-0.0453,2.848187
1785828826577015851,119885228015,70.8216,67.8130,-0.0453,2.848187
1785828826627209945,119935228016,70.8216,67.8130,-0.0453,2.848187
1785828826678075242,119985228017,70.8216,67.8130,-0.0453,2.848187
1785828826728579649,120035228018,70.8216,67.8130,-0.0453,2.848187
1785828826777309876,120085228018,70.8216,67.8130,-0.0453,2.848187
1785828826828437390,120135228019,70.8216,67.8130,-0.0453,2.848187
1785828826877360963,120185228020,70.8216,67.8130,-0.0453,2.848187
1785828826928509048,120235228021,70.8216,67.8130,-0.0453,2.848187
1785828826977818496,120285228021,70.8216,67.8130,-0.0453,2.848187
1785828827028592228,120335228022,70.8216,67.8130,-0.0453,2.848187
1785828827078131515,120385228023,70.8216,67.8130,-0.0453,2.848187
1785828827128252226,120435228024,70.8216,67.8130,-0.0453,2.848187
1785828827178690496,120485228024,70.8216,67.8130,-0.0453,2.848187
1785828827228696523,120535228025,70.8216,67.8130,-0.0453,2.848187
1785828827278226678,120585228026,70.8216,67.8130,-0.0453,2.848187
1785828827328932113,120635228026,70.8216,67.8130,-0.0453,2.848187
1785828827379136546,120685228027,70.8216,67.8130,-0.0453,2.848187
1785828827430562444,120735228028,70.8216,67.8130,-0.0453,2.848187
1785828827481197609,120785228029,70.8216,67.8130,-0.0453,2.848187
1785828827529737376,120835228029,70.8216,67.8130,-0.0453,2.848187
1785828827578655466,120885228030,70.8216,67.8130,-0.0453,2.848187
1785828827629248716,120935228031,70.8216,67.8130,-0.0453,2.848187
1785828827679713461,120985228032,70.8216,67.8130,-0.0453,2.848187
1785828827730463187,121035228032,70.8216,67.8130,-0.0453,2.848187
1785828827779538392,121085228033,70.8216,67.8130,-0.0453,2.848187
1785828827829841877,121135228034,70.8216,67.8130,-0.0453,2.848187
1785828827880095412,121185228035,70.8216,67.8130,-0.0453,2.848187
1785828827930212416,121235228035,70.8216,67.8130,-0.0453,2.848187
1785828827979674993,121285228036,70.8216,67.8130,-0.0453,2.848187
1785828828030169179,121335228037,70.8216,67.8130,-0.0453,2.848187
1785828828081606681,121385228038,70.8216,67.8130,-0.0453,2.848187
1785828828130217521,121435228038,70.8216,67.8130,-0.0453,2.848187
1785828828181214031,121485228039,70.8216,67.8130,-0.0453,2.848187
1785828828231067966,121535228040,70.8216,67.8130,-0.0453,2.848187
1785828828282161059,121585228041,70.8216,67.8130,-0.0453,2.848187
1785828828331234232,121635228041,70.8216,67.8130,-0.0453,2.848187
1785828828381162653,121685228042,70.8216,67.8130,-0.0453,2.848187
1785828828431512777,121735228043,70.8216,67.8130,-0.0453,2.848187
1785828828482194301,121785228044,70.8216,67.8130,-0.0453,2.848187
1785828828534514484,121835228044,70.8216,67.8130,-0.0453,2.848187
1785828828584088213,121885228045,70.8216,67.8130,-0.0453,2.848187
1785828828631934496,121935228046,70.8216,67.8130,-0.0453,2.848187
1785828828683700107,121985228047,70.8216,67.8130,-0.0453,2.848187
1785828828732176907,122035228047,70.8216,67.8130,-0.0453,2.848187
1785828828783212033,122085228048,70.8216,67.8130,-0.0453,2.848187
1785828828833359372,122135228049,70.8216,67.8130,-0.0453,2.848187
1785828828881995448,122185228050,70.8216,67.8130,-0.0453,2.848187
1785828828932717805,122235228050,70.8216,67.8130,-0.0453,2.848187
1785828828982918530,122285228051,70.8216,67.8130,-0.0453,2.848187
1785828829032601592,122335228052,70.8216,67.8130,-0.0453,2.848187
1785828829082883413,122385228053,70.8216,67.8130,-0.0453,2.848187
1785828829133553738,122435228053,70.8216,67.8130,-0.0453,2.848187
1785828829183203146,122485228054,70.8216,67.8130,-0.0453,2.848187
1785828829233711435,122535228055,70.8216,67.8130,-0.0453,2.848187
1785828829283154812,122585228056,70.8216,67.8130,-0.0453,2.848187
1785828829334597896,122635228056,70.8216,67.8130,-0.0453,2.848187
1785828829383524254,122685228057,70.8216,67.8130,-0.0453,2.848187
1785828829434229703,122735228058,70.8216,67.8130,-0.0453,2.848187
1785828829483716047,122785228059,70.8216,67.8130,-0.0453,2.848187
1785828829534461387,122835228059,70.8216,67.8130,-0.0453,2.848187
1785828829583667231,122885228060,70.8216,67.8130,-0.0453,2.848187
1785828829634198114,122935228061,70.8216,67.8130,-0.0453,2.848187
1785828829684596777,122985228062,70.8216,67.8130,-0.0453,2.848187
1785828829734524693,123035228062,70.8216,67.8130,-0.0453,2.848187
1785828829785407901,123085228063,70.8216,67.8130,-0.0453,2.848187
1785828829835442827,123135228064,70.8216,67.8130,-0.0453,2.848187
1785828829884070563,123185228064,70.8216,67.8130,-0.0453,2.848187
1785828829934581375,123235228065,70.8216,67.8130,-0.0453,2.848187
1785828829985637940,123285228066,70.8216,67.8130,-0.0453,2.848187
1785828830034818327,123335228067,70.8216,67.8130,-0.0453,2.848187
1785828830084669088,123385228067,70.8216,67.8130,-0.0453,2.848187
1785828830135512905,123435228068,70.8216,67.8130,-0.0453,2.848187
1785828830185556078,123485228069,70.8216,67.8130,-0.0453,2.848187
1785828830235069391,123535228070,70.8216,67.8130,-0.0453,2.848187
1785828830285638636,123585228070,70.8216,67.8130,-0.0453,2.848187
1785828830335352144,123635228071,70.8216,67.8130,-0.0453,2.848187
1785828830385882159,123685228072,70.8216,67.8130,-0.0453,2.848187
1785828830436920805,123735228073,70.8216,67.8130,-0.0453,2.848187
1785828830485840420,123785228073,70.8216,67.8130,-0.0453,2.848187
1785828830536681101,123835228074,70.8216,67.8130,-0.0453,2.848187
1785828830585790066,123885228075,70.8216,67.8130,-0.0453,2.848187
1785828830636288186,123935228076,70.8216,67.8130,-0.0453,2.848187
1785828830686097538,123985228076,70.8216,67.8130,-0.0453,2.848187
1785828830737848692,124035228077,70.8216,67.8130,-0.0453,2.848187
1785828830787688869,124085228078,70.8216,67.8130,-0.0453,2.848187
1785828830837147007,124135228079,70.8216,67.8130,-0.0453,2.848187
1785828830886730085,124185228079,70.8216,67.8130,-0.0453,2.848187
1785828830938711664,124235228080,70.8216,67.8130,-0.0453,2.848187
1785828830987305212,124285228081,70.8216,67.8130,-0.0453,2.848187
1785828831037124657,124335228082,70.8216,67.8130,-0.0453,2.848187
1785828831087273535,124385228082,70.8216,67.8130,-0.0453,2.848187
1785828831137607035,124435228083,70.8216,67.8130,-0.0453,2.848187
1785828831187846602,124485228084,70.8216,67.8130,-0.0453,2.848187
1785828831238372404,124535228085,70.8216,67.8130,-0.0453,2.848187
1785828831287715144,124585228085,70.8216,67.8130,-0.0453,2.848187
1785828831338506311,124635228086,70.8216,67.8130,-0.0453,2.848187
1785828831387558379,124685228087,70.8216,67.8130,-0.0453,2.848187
1785828831438158227,124735228088,70.8216,67.8130,-0.0453,2.848187
1785828831490853165,124785228088,70.8216,67.8130,-0.0453,2.848187
1785828831538026945,124835228089,70.8216,67.8130,-0.0453,2.848187
1785828831588217467,124885228090,70.8216,67.8130,-0.0453,2.848187
1785828831638009255,124935228091,70.8216,67.8130,-0.0453,2.848187
1785828831689045996,124985228091,70.8216,67.8130,-0.0453,2.848187
1785828831739039253,125035228092,70.8216,67.8130,-0.0453,2.848187
1785828831790998230,125085228093,70.8216,67.8130,-0.0453,2.848187
1785828831840010337,125135228094,70.8216,67.8130,-0.0453,2.848187
1785828831889283796,125185228094,70.8216,67.8130,-0.0453,2.848187
1785828831939026156,125235228095,70.8216,67.8130,-0.0453,2.848187
1785828831989355632,125285228096,70.8216,67.8130,-0.0453,2.848187
1785828832040507901,125335228097,70.8216,67.8130,-0.0453,2.848187
1785828832090453227,125385228097,70.8216,67.8130,-0.0453,2.848187
1785828832139673284,125435228098,70.8216,67.8130,-0.0453,2.848187
1785828832190756639,125485228099,70.8216,67.8130,-0.0453,2.848187
1785828832240234129,125535228100,70.8216,67.8130,-0.0453,2.848187
1785828832289826979,125585228100,70.8216,67.8130,-0.0453,2.848187
1785828832340186828,125635228101,70.8216,67.8130,-0.0453,2.848187
1785828832391312079,125685228102,70.8216,67.8130,-0.0453,2.848187
1785828832440318150,125735228102,70.8216,67.8130,-0.0453,2.848187
1785828832490900182,125785228103,70.8216,67.8130,-0.0453,2.848187
1785828832540771190,125835228104,70.8216,67.8130,-0.0453,2.848187
1785828832592125581,125885228105,70.8216,67.8130,-0.0453,2.848187
1785828832640794093,125935228105,70.8216,67.8130,-0.0453,2.848187
1785828832691426519,125985228106,70.8216,67.8130,-0.0453,2.848187
1785828832741943302,126035228107,70.8216,67.8130,-0.0453,2.848187
1785828832791769350,126085228108,70.8216,67.8130,-0.0453,2.848187
1785828832842200818,126135228108,70.8216,67.8130,-0.0453,2.848187
1785828832891449762,126185228109,70.8216,67.8130,-0.0453,2.848187
1785828832941775357,126235228110,70.8216,67.8130,-0.0453,2.848187
1785828832993279710,126285228111,70.8216,67.8130,-0.0453,2.848187
1785828833041611491,126335228111,70.8216,67.8130,-0.0453,2.848187
1785828833091869673,126385228112,70.8216,67.8130,-0.0453,2.848187
1785828833141872631,126435228113,70.8216,67.8130,-0.0453,2.848187
1785828833192329790,126485228114,70.8216,67.8130,-0.0453,2.848187
1785828833242130048,126535228114,70.8216,67.8130,-0.0453,2.848187
1785828833291671785,126585228115,70.8216,67.8130,-0.0453,2.848187
1785828833342854245,126635228116,70.8216,67.8130,-0.0453,2.848187
1785828833391890367,126685228117,70.8216,67.8130,-0.0453,2.848187
1785828833443022073,126735228117,70.8216,67.8130,-0.0453,2.848187
1785828833492644810,126785228118,70.8216,67.8130,-0.0453,2.848187
1785828833542924334,126835228119,70.8216,67.8130,-0.0453,2.848187
1785828833595002068,126885228120,70.8216,67.8130,-0.0453,2.848187
1785828833643250453,126935228120,70.8216,67.8130,-0.0453,2.848187
1785828833693370451,126985228121,70.8216,67.8130,-0.0453,2.848187
1785828833743678484,127035228122,70.8216,67.8130,-0.0453,2.848187
1785828833794938285,127085228123,70.8216,67.8130,-0.0453,2.848187
1785828833844345406,127135228123,70.8216,67.8130,-0.0453,2.848187
1785828833895833536,127185228124,70.8216,67.8130,-0.0453,2.848187
1785828833944355463,127235228125,70.8216,67.8130,-0.0453,2.848187
1785828833994257462,127285228126,70.8216,67.8130,-0.0453,2.848187
1785828834044542320,127335228126,70.8216,67.8130,-0.0453,2.848187
1785828834093539773,127385228127,70.8216,67.8130,-0.0453,2.848187
1785828834144216529,127435228128,70.8216,67.8130,-0.0453,2.848187
1785828834194705712,127485228129,70.8216,67.8130,-0.0453,2.848187
1785828834244088814,127535228129,70.8216,67.8130,-0.0453,2.848187
1785828834295050741,127585228130,70.8216,67.8130,-0.0453,2.848187
1785828834344950917,127635228131,70.8216,67.8130,-0.0453,2.848187
1785828834394890047,127685228132,70.8216,67.8130,-0.0453,2.848187
1785828834445880396,127735228132,70.8216,67.8130,-0.0453,2.848187
1785828834494746795,127785228133,70.8216,67.8130,-0.0453,2.848187
1785828834545144087,127835228134,70.8216,67.8130,-0.0453,2.848187
1785828834594719826,127885228135,70.8216,67.8130,-0.0453,2.848187
1785828834646264290,127935228135,70.8216,67.8130,-0.0453,2.848187
1785828834695208797,127985228136,70.8216,67.8130,-0.0453,2.848187
1785828834745719787,128035228137,70.8216,67.8130,-0.0453,2.848187
1785828834796762640,128085228138,70.8216,67.8130,-0.0453,2.848187
1785828834845797361,128135228138,70.8216,67.8130,-0.0453,2.848187
1785828834896981715,128185228139,70.8216,67.8130,-0.0453,2.848187
1785828834946201928,128235228140,70.8216,67.8130,-0.0453,2.848187
1785828834996452276,128285228140,70.8216,67.8130,-0.0453,2.848187
1785828835047429197,128335228141,70.8216,67.8130,-0.0453,2.848187
1785828835095847699,128385228142,70.8216,67.8130,-0.0453,2.848187
1785828835146883887,128435228143,70.8216,67.8130,-0.0453,2.848187
1785828835195950885,128485228143,70.8216,67.8130,-0.0453,2.848187
1785828835246459466,128535228144,70.8216,67.8130,-0.0453,2.848187
1785828835296710532,128585228145,70.8216,67.8130,-0.0453,2.848187
1785828835348045395,128635228146,70.8216,67.8130,-0.0453,2.848187
1785828835396631371,128685228146,70.8216,67.8130,-0.0453,2.848187
1785828835446856218,128735228147,70.8216,67.8130,-0.0453,2.848187
1785828835498606595,128785228148,70.8216,67.8130,-0.0453,2.848187
1785828835547405042,128835228149,70.8216,67.8130,-0.0453,2.848187
1785828835597031986,128885228149,70.8216,67.8130,-0.0453,2.848187
1785828835647514085,128935228150,70.8216,67.8130,-0.0453,2.848187
1785828835697346847,128985228151,70.8216,67.8130,-0.0453,2.848187
1785828835747203086,129035228152,70.8216,67.8130,-0.0453,2.848187
1785828835797637359,129085228152,70.8216,67.8130,-0.0453,2.848187
1785828835847828823,129135228153,70.8216,67.8130,-0.0453,2.848187
1785828835898068780,129185228154,70.8216,67.8130,-0.0453,2.848187
1785828835948060500,129235228155,70.8216,67.8130,-0.0453,2.848187
1785828835997713476,129285228155,70.8216,67.8130,-0.0453,2.848187
1785828836047873607,129335228156,70.8216,67.8130,-0.0453,2.848187
1785828836099592939,129385228157,70.8216,67.8130,-0.0453,2.848187
1785828836148263960,129435228158,70.8216,67.8130,-0.0453,2.848187
1785828836198195061,129485228158,70.8216,67.8130,-0.0453,2.848187
1785828836248867910,129535228159,70.8216,67.8130,-0.0453,2.848187
1785828836298746744,129585228160,70.8216,67.8130,-0.0453,2.848187
1785828836349248263,129635228161,70.8216,67.8130,-0.0453,2.848187
1785828836398782900,129685228161,70.8216,67.8130,-0.0453,2.848187
1785828836449009747,129735228162,70.8216,67.8130,-0.0453,2.848187
1785828836500021240,129785228163,70.8216,67.8130,-0.0453,2.848187
1785828836550487565,129835228164,70.8216,67.8130,-0.0453,2.848187
1785828836599341601,129885228164,70.8216,67.8130,-0.0453,2.848187
1785828836650285202,129935228165,70.8216,67.8130,-0.0453,2.848187
1785828836701235163,129985228166,70.8216,67.8130,-0.0453,2.848187
1785828836750021596,130035228167,70.8216,67.8130,-0.0453,2.848187
1785828836800817672,130085228167,70.8216,67.8130,-0.0453,2.848187
1785828836850774822,130135228168,70.8216,67.8130,-0.0453,2.848187
1785828836899935969,130185228169,70.8216,67.8130,-0.0453,2.848187
1785828836950184286,130235228170,70.8216,67.8130,-0.0453,2.848187
1785828837000209065,130285228170,70.8216,67.8130,-0.0453,2.848187
1785828837051031899,130335228171,70.8216,67.8130,-0.0453,2.848187
1785828837099859870,130385228172,70.8216,67.8130,-0.0453,2.848187
1785828837151212837,130435228173,70.8216,67.8130,-0.0453,2.848187
1785828837201237491,130485228173,70.8216,67.8130,-0.0453,2.848187
1785828837250990481,130535228174,70.8216,67.8130,-0.0453,2.848187
1785828837303241084,130585228175,70.8216,67.8130,-0.0453,2.848187
1785828837351079986,130635228176,70.8216,67.8130,-0.0453,2.848187
1785828837400959186,130685228176,70.8216,67.8130,-0.0453,2.848187
1785828837451494682,130735228177,70.8216,67.8130,-0.0453,2.848187
1785828837502447595,130785228178,70.8216,67.8130,-0.0453,2.848187
1785828837551982235,130835228178,70.8216,67.8130,-0.0453,2.848187
1785828837602878773,130885228179,70.8216,67.8130,-0.0453,2.848187
1785828837653818466,130935228180,70.8216,67.8130,-0.0453,2.848187
1785828837701839567,130985228181,70.8216,67.8130,-0.0453,2.848187
1785828837752504973,131035228181,70.8216,67.8130,-0.0453,2.848187
1785828837802974643,131085228182,70.8216,67.8130,-0.0453,2.848187
1785828837853008145,131135228183,70.8216,67.8130,-0.0453,2.848187
1785828837902407437,131185228184,70.8216,67.8130,-0.0453,2.848187
1785828837952689011,131235228184,70.8216,67.8130,-0.0453,2.848187
1785828838002256611,131285228185,70.8216,67.8130,-0.0453,2.848187
1785828838053640891,131335228186,70.8216,67.8130,-0.0453,2.848187
1785828838102924752,131385228187,70.8216,67.8130,-0.0453,2.848187
1785828838152845218,131435228187,70.8216,67.8130,-0.0453,2.848187
1785828838202884983,131485228188,70.8216,67.8130,-0.0453,2.848187
1785828838254052933,131535228189,70.8216,67.8130,-0.0453,2.848187
1785828838303454416,131585228190,70.8216,67.8130,-0.0453,2.848187
1785828838353702458,131635228190,70.8216,67.8130,-0.0453,2.848187
1785828838403984831,131685228191,70.8216,67.8130,-0.0453,2.848187
1785828838454594256,131735228192,70.8216,67.8130,-0.0453,2.848187
1785828838503359470,131785228193,70.8216,67.8130,-0.0453,2.848187
1785828838554137451,131835228193,70.8216,67.8130,-0.0453,2.848187
1785828838605606429,131885228194,70.8216,67.8130,-0.0453,2.848187
1785828838654611342,131935228195,70.8216,67.8130,-0.0453,2.848187
1785828838706005978,131985228196,70.8216,67.8130,-0.0453,2.848187
1785828838754666164,132035228196,70.8216,67.8130,-0.0453,2.848187
1785828838806809259,132085228197,70.8216,67.8130,-0.0453,2.848187
1785828838855244877,132135228198,70.8216,67.8130,-0.0453,2.848187
1785828838905175239,132185228199,70.8216,67.8130,-0.0453,2.848187
1785828838955292623,132235228199,70.8216,67.8130,-0.0453,2.848187
1785828839007232566,132285228200,70.8216,67.8130,-0.0453,2.848187
1785828839055965566,132335228201,70.8216,67.8130,-0.0453,2.848187
1785828839104988468,132385228202,70.8216,67.8130,-0.0453,2.848187
1785828839156240552,132435228202,70.8216,67.8130,-0.0453,2.848187
1785828839206100867,132485228203,70.8216,67.8130,-0.0453,2.848187
1785828839256375330,132535228204,70.8216,67.8130,-0.0453,2.848187
1785828839306673157,132585228205,70.8216,67.8130,-0.0453,2.848187
1785828839356025238,132635228205,70.8216,67.8130,-0.0453,2.848187
1785828839407184861,132685228206,70.8216,67.8130,-0.0453,2.848187
1785828839457320216,132735228207,70.8216,67.8130,-0.0453,2.848187
1785828839507107863,132785228208,70.8216,67.8130,-0.0453,2.848187
1785828839557493490,132835228208,70.8216,67.8130,-0.0453,2.848187
1785828839606647945,132885228209,70.8216,67.8130,-0.0453,2.848187
1785828839657347474,132935228210,70.8216,67.8130,-0.0453,2.848187
1785828839707770789,132985228211,70.8216,67.8130,-0.0453,2.848187
1785828839757472070,133035228211,70.8216,67.8130,-0.0453,2.848187
1785828839807417365,133085228212,70.8216,67.8130,-0.0453,2.848187
1785828839857158184,133135228213,70.8216,67.8130,-0.0453,2.848187
1785828839908404107,133185228214,70.8216,67.8130,-0.0453,2.848187
1785828839958431384,133235228214,70.8216,67.8130,-0.0453,2.848187
1785828840007040341,133285228215,70.8216,67.8130,-0.0453,2.848187
1785828840060676858,133335228216,70.8216,67.8130,-0.0453,2.848187
1785828840107656103,133385228216,70.8216,67.8130,-0.0453,2.848187
1785828840158258061,133435228217,70.8216,67.8130,-0.0453,2.848187
1785828840207776075,133485228218,70.8216,67.8130,-0.0453,2.848187
1785828840259239816,133535228219,70.8216,67.8130,-0.0453,2.848187
1785828840309226852,133585228219,70.8216,67.8130,-0.0453,2.848187
1785828840359452262,133635228220,70.8216,67.8130,-0.0453,2.848187
1785828840409293745,133685228221,70.8216,67.8130,-0.0453,2.848187
1785828840459272085,133735228222,70.8216,67.8130,-0.0453,2.848187
1785828840509007633,133785228222,70.8216,67.8130,-0.0453,2.848187
1785828840559874251,133835228223,70.8216,67.8130,-0.0453,2.848187
1785828840609185147,133885228224,70.8216,67.8130,-0.0453,2.848187
1785828840659928418,133935228225,70.8216,67.8130,-0.0453,2.848187
1785828840709471937,133985228225,70.8216,67.8130,-0.0453,2.848187
1785828840760336312,134035228226,70.8216,67.8130,-0.0453,2.848187
1785828840809407677,134085228227,70.8216,67.8130,-0.0453,2.848187
1785828840859848064,134135228228,70.8216,67.8130,-0.0453,2.848187
1785828840909613387,134185228228,70.8216,67.8130,-0.0453,2.848187
1785828840960916169,134235228229,70.8216,67.8130,-0.0453,2.848187
1785828841009968088,134285228230,70.8216,67.8130,-0.0453,2.848187
1785828841060782432,134335228231,70.8216,67.8130,-0.0453,2.848187
1785828841110529427,134385228231,70.8216,67.8130,-0.0453,2.848187
1785828841160467098,134435228232,70.8216,67.8130,-0.0453,2.848187
1785828841210110744,134485228233,70.8216,67.8130,-0.0453,2.848187
1785828841260542600,134535228234,70.8216,67.8130,-0.0453,2.848187
1785828841310143854,134585228234,70.8216,67.8130,-0.0453,2.848187
1785828841361440331,134635228235,70.8216,67.8130,-0.0453,2.848187
1785828841411697139,134685228236,70.8216,67.8130,-0.0453,2.848187
1785828841461493421,134735228237,70.8216,67.8130,-0.0453,2.848187
1785828841511714491,134785228237,70.8216,67.8130,-0.0453,2.848187
1785828841561794622,134835228238,70.8216,67.8130,-0.0453,2.848187
1785828841610848017,134885228239,70.8216,67.8130,-0.0453,2.848187
1785828841661673131,134935228240,70.8216,67.8130,-0.0453,2.848187
1785828841713985671,134985228240,70.8216,67.8130,-0.0453,2.848187
1785828841761665610,135035228241,70.8216,67.8130,-0.0453,2.848187
1785828841813913899,135085228242,70.8216,67.8130,-0.0453,2.848187
1785828841862904251,135135228243,70.8216,67.8130,-0.0453,2.848187
1785828841911661055,135185228243,70.8216,67.8130,-0.0453,2.848187
1785828841962083061,135235228244,70.8216,67.8130,-0.0453,2.848187
1785828842012343884,135285228245,70.8216,67.8130,-0.0453,2.848187
1785828842062424681,135335228246,70.8216,67.8130,-0.0453,2.848187
1785828842112271354,135385228246,70.8216,67.8130,-0.0453,2.848187
1785828842162465412,135435228247,70.8216,67.8130,-0.0453,2.848187
1785828842213074958,135485228248,70.8216,67.8130,-0.0453,2.848187
1785828842263175950,135535228249,70.8216,67.8130,-0.0453,2.848187
1785828842313551484,135585228249,70.8216,67.8130,-0.0453,2.848187
1785828842364362744,135635228250,70.8216,67.8130,-0.0453,2.848187
1785828842413680370,135685228251,70.8216,67.8130,-0.0453,2.848187
1785828842463412516,135735228252,70.8216,67.8130,-0.0453,2.848187
1785828842513480958,135785228252,70.8216,67.8130,-0.0453,2.848187
1785828842564185683,135835228253,70.8216,67.8130,-0.0453,2.848187
1785828842616381341,135885228254,70.8216,67.8130,-0.0453,2.848187
1785828842664589202,135935228254,70.8216,67.8130,-0.0453,2.848187
1785828842714538415,135985228255,70.8216,67.8130,-0.0453,2.848187
1785828842764738388,136035228256,70.8216,67.8130,-0.0453,2.848187
1785828842814414813,136085228257,70.8216,67.8130,-0.0453,2.848187
1785828842864478367,136135228257,70.8216,67.8130,-0.0453,2.848187
1785828842915274305,136185228258,70.8216,67.8130,-0.0453,2.848187
1785828842964696907,136235228259,70.8216,67.8130,-0.0453,2.848187
1785828843015071762,136285228260,70.8216,67.8130,-0.0453,2.848187
1785828843065719978,136335228260,70.8216,67.8130,-0.0453,2.848187
1785828843114937973,136385228261,70.8216,67.8130,-0.0453,2.848187
1785828843165978012,136435228262,70.8216,67.8130,-0.0453,2.848187
1785828843215020718,136485228263,70.8216,67.8130,-0.0453,2.848187
1785828843265384104,136535228263,70.8216,67.8130,-0.0453,2.848187
1785828843315708174,136585228264,70.8216,67.8130,-0.0453,2.848187
1785828843366323378,136635228265,70.8216,67.8130,-0.0453,2.848187
1785828843416216480,136685228266,70.8216,67.8130,-0.0453,2.848187
1785828843466546218,136735228266,70.8216,67.8130,-0.0453,2.848187
1785828843516184287,136785228267,70.8216,67.8130,-0.0453,2.848187
1785828843566132006,136835228268,70.8216,67.8130,-0.0453,2.848187
1785828843615992615,136885228269,70.8216,67.8130,-0.0453,2.848187
1785828843668365621,136935228269,70.8216,67.8130,-0.0453,2.848187
1785828843716989949,136985228270,70.8216,67.8130,-0.0453,2.848187
1785828843767359477,137035228271,70.8216,67.8130,-0.0453,2.848187
1785828843818790538,137085228272,70.8216,67.8130,-0.0453,2.848187
1785828843870075101,137135228272,70.8216,67.8130,-0.0453,2.848187
1785828843916979963,137185228273,70.8216,67.8130,-0.0453,2.848187
1785828843966875706,137235228274,70.8216,67.8130,-0.0453,2.848187
1785828844017308207,137285228275,70.8216,67.8130,-0.0453,2.848187
1785828844068346753,137335228275,70.8216,67.8130,-0.0453,2.848187
1785828844117095964,137385228276,70.8216,67.8130,-0.0453,2.848187
1785828844167484027,137435228277,70.8216,67.8130,-0.0453,2.848187
1785828844218674803,137485228278,70.8216,67.8130,-0.0453,2.848187
1785828844268372654,137535228278,70.8216,67.8130,-0.0453,2.848187
1785828844317992388,137585228279,70.8216,67.8130,-0.0453,2.848187
1785828844367854406,137635228280,70.8216,67.8130,-0.0453,2.848187
1785828844418770141,137685228281,70.8216,67.8130,-0.0453,2.848187
1785828844468325330,137735228281,70.8216,67.8130,-0.0453,2.848187
1785828844518629064,137785228282,70.8216,67.8130,-0.0453,2.848187
1785828844569142091,137835228283,70.8216,67.8130,-0.0453,2.848187
1785828844618566769,137885228284,70.8216,67.8130,-0.0453,2.848187
1785828844668750371,137935228284,70.8216,67.8130,-0.0453,2.848187
1785828844719098575,137985228285,70.8216,67.8130,-0.0453,2.848187
1785828844769389309,138035228286,70.8216,67.8130,-0.0453,2.848187
1785828844818938628,138085228287,70.8216,67.8130,-0.0453,2.848187
1785828844869200927,138135228287,70.8216,67.8130,-0.0453,2.848187
1785828844919512101,138185228288,70.8216,67.8130,-0.0453,2.848187
1785828844970255422,138235228289,70.8216,67.8130,-0.0453,2.848187
1785828845019107800,138285228290,70.8216,67.8130,-0.0453,2.848187
1785828845069613760,138335228290,70.8216,67.8130,-0.0453,2.848187
1785828845120114066,138385228291,70.8216,67.8130,-0.0453,2.848187
1785828845169962804,138435228292,70.8216,67.8130,-0.0453,2.848187
1785828845220336632,138485228292,70.8216,67.8130,-0.0453,2.848187
1785828845269977801,138535228293,70.8216,67.8130,-0.0453,2.848187
1785828845319748250,138585228294,70.8216,67.8130,-0.0453,2.848187
1785828845371153989,138635228295,70.8216,67.8130,-0.0453,2.848187
1785828845419916826,138685228295,70.8216,67.8130,-0.0453,2.848187
1785828845470877022,138735228296,70.8216,67.8130,-0.0453,2.848187
1785828845520980351,138785228297,70.8216,67.8130,-0.0453,2.848187
1785828845570981079,138835228298,70.8216,67.8130,-0.0453,2.848187
1785828845620464550,138885228298,70.8216,67.8130,-0.0453,2.848187
1785828845670832458,138935228299,70.8216,67.8130,-0.0453,2.848187
1785828845720670773,138985228300,70.8216,67.8130,-0.0453,2.848187
1785828845773010731,139035228301,70.8216,67.8130,-0.0453,2.848187
1785828845822373810,139085228301,70.8216,67.8130,-0.0453,2.848187
1785828845872127522,139135228302,70.8216,67.8130,-0.0453,2.848187
1785828845921811976,139185228303,70.8216,67.8130,-0.0453,2.848187
1785828845971599354,139235228304,70.8216,67.8130,-0.0453,2.848187
1785828846021372555,139285228304,70.8216,67.8130,-0.0453,2.848187
1785828846072243665,139335228305,70.8216,67.8130,-0.0453,2.848187
1785828846122124015,139385228306,70.8216,67.8130,-0.0453,2.848187
1785828846172310843,139435228307,70.8216,67.8130,-0.0453,2.848187
1785828846222769883,139485228307,70.8216,67.8130,-0.0453,2.848187
1785828846272991163,139535228308,70.8216,67.8130,-0.0453,2.848187
1785828846321957359,139585228309,70.8216,67.8130,-0.0453,2.848187
1785828846372798748,139635228310,70.8216,67.8130,-0.0453,2.848187
1785828846423417904,139685228310,70.8216,67.8130,-0.0453,2.848187
1785828846472374212,139735228311,70.8216,67.8130,-0.0453,2.848187
1785828846522191734,139785228312,70.8216,67.8130,-0.0453,2.848187
1785828846572771299,139835228313,70.8216,67.8130,-0.0453,2.848187
1785828846622834432,139885228313,70.8216,67.8130,-0.0453,2.848187
1785828846674530140,139935228314,70.8216,67.8130,-0.0453,2.848187
1785828846722879157,139985228315,70.8216,67.8130,-0.0453,2.848187
1785828846773633506,140035228316,70.8216,67.8130,-0.0453,2.848187
1785828846823246674,140085228316,70.8216,67.8130,-0.0453,2.848187
1785828846874517171,140135228317,70.8216,67.8130,-0.0453,2.848187
1785828846923375027,140185228318,70.8216,67.8130,-0.0453,2.848187
1785828846973740379,140235228319,70.8216,67.8130,-0.0453,2.848187
1785828847024046679,140285228319,70.8216,67.8130,-0.0453,2.848187
1785828847075392545,140335228320,70.8216,67.8130,-0.0453,2.848187
1785828847124123508,140385228321,70.8216,67.8130,-0.0453,2.848187
1785828847174169976,140435228322,70.8216,67.8130,-0.0453,2.848187
1785828847225198676,140485228322,70.8216,67.8130,-0.0453,2.848187
1785828847274755013,140535228323,70.8216,67.8130,-0.0453,2.848187
1785828847327047075,140585228324,70.8216,67.8130,-0.0453,2.848187
1785828847376065910,140635228325,70.8216,67.8130,-0.0453,2.848187
1785828847424938769,140685228325,70.8216,67.8130,-0.0453,2.848187
1785828847476195350,140735228326,70.8216,67.8130,-0.0453,2.848187
1785828847524776139,140785228327,70.8216,67.8130,-0.0453,2.848187
1785828847575843056,140835228328,70.8216,67.8130,-0.0453,2.848187
1785828847625671940,140885228328,70.8216,67.8130,-0.0453,2.848187
1785828847675574142,140935228329,70.8216,67.8130,-0.0453,2.848187
1785828847725401051,140985228330,70.8216,67.8130,-0.0453,2.848187
1785828847776827095,141035228330,70.8216,67.8130,-0.0453,2.848187
1785828847825768686,141085228331,70.8216,67.8130,-0.0453,2.848187
1785828847876077740,141135228332,70.8216,67.8130,-0.0453,2.848187
1785828847926703793,141185228333,70.8216,67.8130,-0.0453,2.848187
1785828847977198253,141235228333,70.8216,67.8130,-0.0453,2.848187
1785828848026876816,141285228334,70.8216,67.8130,-0.0453,2.848187
1785828848076865573,141335228335,70.8216,67.8130,-0.0453,2.848187
1785828848127942705,141385228336,70.8216,67.8130,-0.0453,2.848187
1785828848176833594,141435228336,70.8216,67.8130,-0.0453,2.848187
1785828848226474137,141485228337,70.8216,67.8130,-0.0453,2.848187
1785828848277977590,141535228338,70.8216,67.8130,-0.0453,2.848187
1785828848326905676,141585228339,70.8216,67.8130,-0.0453,2.848187
1785828848377475966,141635228339,70.8216,67.8130,-0.0453,2.848187
1785828848427074736,141685228340,70.8216,67.8130,-0.0453,2.848187
1785828848479285189,141735228341,70.8216,67.8130,-0.0453,2.848187
1785828848528087444,141785228342,70.8216,67.8130,-0.0453,2.848187
1785828848578579662,141835228342,70.8216,67.8130,-0.0453,2.848187
1785828848628868567,141885228343,70.8216,67.8130,-0.0453,2.848187
1785828848678653885,141935228344,70.8216,67.8130,-0.0453,2.848187
1785828848728914651,141985228345,70.8216,67.8130,-0.0453,2.848187
1785828848778655755,142035228345,70.8216,67.8130,-0.0453,2.848187
1785828848829280494,142085228346,70.8216,67.8130,-0.0453,2.848187
1785828848878808608,142135228347,70.8216,67.8130,-0.0453,2.848187
1785828848929115819,142185228348,70.8216,67.8130,-0.0453,2.848187
1785828848978766501,142235228348,70.8216,67.8130,-0.0453,2.848187
1785828849029221119,142285228349,70.8216,67.8130,-0.0453,2.848187
1785828849078984003,142335228350,70.8216,67.8130,-0.0453,2.848187
1785828849128648686,142385228351,70.8216,67.8130,-0.0453,2.848187
1785828849180111792,142435228351,70.8216,67.8130,-0.0453,2.848187
1785828849229540475,142485228352,70.8216,67.8130,-0.0453,2.848187
1785828849279326546,142535228353,70.8216,67.8130,-0.0453,2.848187
1785828849329086300,142585228354,70.8216,67.8130,-0.0453,2.848187
1785828849379604533,142635228354,70.8216,67.8130,-0.0453,2.848187
1785828849430206493,142685228355,70.8216,67.8130,-0.0453,2.848187
1785828849479719763,142735228356,70.8216,67.8130,-0.0453,2.848187
1785828849529851322,142785228357,70.8216,67.8130,-0.0453,2.848187
1785828849581148273,142835228357,70.8216,67.8130,-0.0453,2.848187
1785828849630856590,142885228358,70.8216,67.8130,-0.0453,2.848187
1785828849681472503,142935228359,70.8216,67.8130,-0.0453,2.848187
1785828849731130803,142985228360,70.8216,67.8130,-0.0453,2.848187
1785828849782905108,143035228360,70.8216,67.8130,-0.0453,2.848187
1785828849830752962,143085228361,70.8216,67.8130,-0.0453,2.848187
1785828849881492462,143135228362,70.8216,67.8130,-0.0453,2.848187
1785828849931843942,143185228363,70.8216,67.8130,-0.0453,2.848187
1785828849982174347,143235228363,70.8216,67.8130,-0.0453,2.848187
1785828850031668346,143285228364,70.8216,67.8130,-0.0453,2.848187
1785828850081721316,143335228365,70.8216,67.8130,-0.0453,2.848187
1785828850131945438,143385228365,70.8216,67.8130,-0.0453,2.848187
1785828850182091481,143435228366,70.8216,67.8130,-0.0453,2.848187
1785828850232193163,143485228367,70.8216,67.8130,-0.0453,2.848187
1785828850282802984,143535228368,70.8216,67.8130,-0.0453,2.848187
1785828850331890103,143585228368,70.8216,67.8130,-0.0453,2.848187
1785828850382637794,143635228369,70.8216,67.8130,-0.0453,2.848187
1785828850432833295,143685228370,70.8216,67.8130,-0.0453,2.848187
1785828850483477844,143735228371,70.8216,67.8130,-0.0453,2.848187
1785828850532574605,143785228371,70.8216,67.8130,-0.0453,2.848187
1785828850583027761,143835228372,70.8216,67.8130,-0.0453,2.848187
1785828850633087481,143885228373,70.8216,67.8130,-0.0453,2.848187
1785828850684407424,143935228374,70.8216,67.8130,-0.0453,2.848187
1785828850733220162,143985228374,70.8216,67.8130,-0.0453,2.848187
1785828850783026160,144035228375,70.8216,67.8130,-0.0453,2.848187
1785828850834016249,144085228376,70.8216,67.8130,-0.0453,2.848187
1785828850883525266,144135228377,70.8216,67.8130,-0.0453,2.848187
1785828850933422306,144185228377,70.8216,67.8130,-0.0453,2.848187
1785828850983876613,144235228378,70.8216,67.8130,-0.0453,2.848187
1785828851034179732,144285228379,70.8216,67.8130,-0.0453,2.848187
1785828851084118812,144335228380,70.8216,67.8130,-0.0453,2.848187
1785828851133091344,144385228380,70.8216,67.8130,-0.0453,2.848187
1785828851183671273,144435228381,70.8216,67.8130,-0.0453,2.848187
1785828851234657612,144485228382,70.8216,67.8130,-0.0453,2.848187
1785828851285885290,144535228383,70.8216,67.8130,-0.0453,2.848187
1785828851334693925,144585228383,70.8216,67.8130,-0.0453,2.848187
1785828851385436140,144635228384,70.8216,67.8130,-0.0453,2.848187
1785828851436295379,144685228385,70.8216,67.8130,-0.0453,2.848187
1785828851485457110,144735228386,70.8216,67.8130,-0.0453,2.848187
1785828851534757000,144785228386,70.8216,67.8130,-0.0453,2.848187
1785828851584940001,144835228387,70.8216,67.8130,-0.0453,2.848187
1785828851635493515,144885228388,70.8216,67.8130,-0.0453,2.848187
1785828851685900020,144935228389,70.8216,67.8130,-0.0453,2.848187
1785828851735165069,144985228389,70.8216,67.8130,-0.0453,2.848187
1785828851785520145,145035228390,70.8216,67.8130,-0.0453,2.848187
1785828851836833448,145085228391,70.8216,67.8130,-0.0453,2.848187
1785828851885226779,145135228392,70.8216,67.8130,-0.0453,2.848187
1785828851935388689,145185228392,70.8216,67.8130,-0.0453,2.848187
1785828851986173597,145235228393,70.8216,67.8130,-0.0453,2.848187
1785828852035662935,145285228394,70.8216,67.8130,-0.0453,2.848187
1785828852088242770,145335228395,70.8216,67.8130,-0.0453,2.848187
1785828852135179254,145385228395,70.8216,67.8130,-0.0453,2.848187
1785828852188895588,145435228396,70.8216,67.8130,-0.0453,2.848187
1785828852236324938,145485228397,70.8216,67.8130,-0.0453,2.848187
1785828852287606593,145535228398,70.8216,67.8130,-0.0453,2.848187
1785828852336320541,145585228398,70.8216,67.8130,-0.0453,2.848187
1785828852387327408,145635228399,70.8216,67.8130,-0.0453,2.848187
1785828852436963547,145685228400,70.8216,67.8130,-0.0453,2.848187
1785828852488108565,145735228401,70.8216,67.8130,-0.0453,2.848187
1785828852537496452,145785228401,70.8216,67.8130,-0.0453,2.848187
1785828852587875552,145835228402,70.8216,67.8130,-0.0453,2.848187
1785828852637730212,145885228403,70.8216,67.8130,-0.0453,2.848187
1785828852688109852,145935228403,70.8216,67.8130,-0.0453,2.848187
1785828852736974354,145985228404,70.8216,67.8130,-0.0453,2.848187
1785828852788421332,146035228405,70.8216,67.8130,-0.0453,2.848187
1785828852838620774,146085228406,70.8216,67.8130,-0.0453,2.848187
1785828852888181950,146135228406,70.8216,67.8130,-0.0453,2.848187
1785828852938169554,146185228407,70.8216,67.8130,-0.0453,2.848187
1785828852988586953,146235228408,70.8216,67.8130,-0.0453,2.848187
1785828853038184585,146285228409,70.8216,67.8130,-0.0453,2.848187
1785828853088059503,146335228409,70.8216,67.8130,-0.0453,2.848187
1785828853138381878,146385228410,70.8216,67.8130,-0.0453,2.848187
1785828853189549139,146435228411,70.8216,67.8130,-0.0453,2.848187
1785828853238878209,146485228412,70.8216,67.8130,-0.0453,2.848187
1785828853288707411,146535228412,70.8216,67.8130,-0.0453,2.848187
1785828853339302111,146585228413,70.8216,67.8130,-0.0453,2.848187
1785828853389342148,146635228414,70.8216,67.8130,-0.0453,2.848187
1785828853438493230,146685228415,70.8216,67.8130,-0.0453,2.848187
1785828853488775533,146735228415,70.8216,67.8130,-0.0453,2.848187
1785828853540469667,146785228416,70.8216,67.8130,-0.0453,2.848187
1785828853590305197,146835228417,70.8216,67.8130,-0.0453,2.848187
1785828853638996816,146885228418,70.8216,67.8130,-0.0453,2.848187
1785828853690277349,146935228418,70.8216,67.8130,-0.0453,2.848187
1785828853739617083,146985228419,70.8216,67.8130,-0.0453,2.848187
1785828853789967116,147035228420,70.8216,67.8130,-0.0453,2.848187
1785828853839817082,147085228421,70.8216,67.8130,-0.0453,2.848187
1785828853889898033,147135228421,70.8216,67.8130,-0.0453,2.848187
1785828853940755181,147185228422,70.8216,67.8130,-0.0453,2.848187
1785828853990534973,147235228423,70.8216,67.8130,-0.0453,2.848187
1785828854040569334,147285228424,70.8216,67.8130,-0.0453,2.848187
1785828854091051928,147335228424,70.8216,67.8130,-0.0453,2.848187
1785828854140276696,147385228425,70.8216,67.8130,-0.0453,2.848187
1785828854190153611,147435228426,70.8216,67.8130,-0.0453,2.848187
1785828854240771545,147485228427,70.8216,67.8130,-0.0453,2.848187
1785828854290293967,147535228427,70.8216,67.8130,-0.0453,2.848187
1785828854340993878,147585228428,70.8216,67.8130,-0.0453,2.848187
1785828854391611087,147635228429,70.8216,67.8130,-0.0453,2.848187
1785828854440654535,147685228430,70.8216,67.8130,-0.0453,2.848187
1785828854491833575,147735228430,70.8216,67.8130,-0.0453,2.848187
1785828854541570169,147785228431,70.8216,67.8130,-0.0453,2.848187
1785828854592101968,147835228432,70.8216,67.8130,-0.0453,2.848187
1785828854641758422,147885228433,70.8216,67.8130,-0.0453,2.848187
1785828854691768307,147935228433,70.8216,67.8130,-0.0453,2.848187
1785828854743071158,147985228434,70.8216,67.8130,-0.0453,2.848187
1785828854792064874,148035228435,70.8216,67.8130,-0.0453,2.848187
1785828854841674534,148085228436,70.8216,67.8130,-0.0453,2.848187
1785828854892706195,148135228436,70.8216,67.8130,-0.0453,2.848187
1785828854941568827,148185228437,70.8216,67.8130,-0.0453,2.848187
1785828854991934107,148235228438,70.8216,67.8130,-0.0453,2.848187
1785828855041590830,148285228439,70.8216,67.8130,-0.0453,2.848187
1785828855093280791,148335228439,70.8216,67.8130,-0.0453,2.848187
1785828855142461411,148385228440,70.8216,67.8130,-0.0453,2.848187
1785828855192671698,148435228441,70.8216,67.8130,-0.0453,2.848187
1785828855242731252,148485228441,70.8216,67.8130,-0.0453,2.848187
1785828855292811328,148535228442,70.8216,67.8130,-0.0453,2.848187
1785828855343743879,148585228443,70.8216,67.8130,-0.0453,2.848187
1785828855392889078,148635228444,70.8216,67.8130,-0.0453,2.848187
1785828855442997174,148685228444,70.8216,67.8130,-0.0453,2.848187
1785828855494189237,148735228445,70.8216,67.8130,-0.0453,2.848187
1785828855542793887,148785228446,70.8216,67.8130,-0.0453,2.848187
1785828855593522567,148835228447,70.8216,67.8130,-0.0453,2.848187
1785828855643172684,148885228447,70.8216,67.8130,-0.0453,2.848187
1785828855694441063,148935228448,70.8216,67.8130,-0.0453,2.848187
1785828855743795840,148985228449,70.8216,67.8130,-0.0453,2.848187
1785828855795469150,149035228450,70.8216,67.8130,-0.0453,2.848187
1785828855844859952,149085228450,70.8216,67.8130,-0.0453,2.848187
1785828855894759419,149135228451,70.8216,67.8130,-0.0453,2.848187
1785828855945942324,149185228452,70.8216,67.8130,-0.0453,2.848187
1785828855993952033,149235228453,70.8216,67.8130,-0.0453,2.848187
1785828856045540199,149285228453,70.8216,67.8130,-0.0453,2.848187
1785828856094408166,149335228454,70.8216,67.8130,-0.0453,2.848187
1785828856144594960,149385228455,70.8216,67.8130,-0.0453,2.848187
1785828856195387637,149435228456,70.8216,67.8130,-0.0453,2.848187
1785828856246417421,149485228456,70.8216,67.8130,-0.0453,2.848187
1785828856294423789,149535228457,70.8216,67.8130,-0.0453,2.848187
1785828856346297767,149585228458,70.8216,67.8130,-0.0453,2.848187
1785828856395098738,149635228459,70.8216,67.8130,-0.0453,2.848187
1785828856444753555,149685228459,70.8216,67.8130,-0.0453,2.848187
1785828856495413904,149735228460,70.8216,67.8130,-0.0453,2.848187
1785828856546930249,149785228461,70.8216,67.8130,-0.0453,2.848187
1785828856596428267,149835228462,70.8216,67.8130,-0.0453,2.848187
1785828856646507505,149885228462,70.8216,67.8130,-0.0453,2.848187
1785828856696027612,149935228463,70.8216,67.8130,-0.0453,2.848187
1785828856746455526,149985228464,70.8216,67.8130,-0.0453,2.848187
1785828856796351962,150035228465,70.8216,67.8130,-0.0453,2.848187
1785828856846810038,150085228465,70.8216,67.8130,-0.0453,2.848187
1785828856896173118,150135228466,70.8216,67.8130,-0.0453,2.848187
1785828856947335244,150185228467,70.8216,67.8130,-0.0453,2.848187
1785828856996550869,150235228468,70.8216,67.8130,-0.0453,2.848187
1785828857046594347,150285228468,70.8216,67.8130,-0.0453,2.848187
1785828857097382058,150335228469,70.8216,67.8130,-0.0453,2.848187
1785828857146992341,150385228470,70.8216,67.8130,-0.0453,2.848187
1785828857196737677,150435228471,70.8216,67.8130,-0.0453,2.848187
1785828857246898800,150485228471,70.8216,67.8130,-0.0453,2.848187
1785828857297377656,150535228472,70.8216,67.8130,-0.0453,2.848187
1785828857347427747,150585228473,70.8216,67.8130,-0.0453,2.848187
1785828857397807424,150635228474,70.8216,67.8130,-0.0453,2.848187
1785828857447023953,150685228474,70.8216,67.8130,-0.0453,2.848187
1785828857498507836,150735228475,70.8216,67.8130,-0.0453,2.848187
1785828857547621348,150785228476,70.8216,67.8130,-0.0453,2.848187
1785828857598301796,150835228477,70.8216,67.8130,-0.0453,2.848187
1785828857647788774,150885228477,70.8216,67.8130,-0.0453,2.848187
1785828857698367786,150935228478,70.8216,67.8130,-0.0453,2.848187
1785828857748750007,150985228479,70.8216,67.8130,-0.0453,2.848187
1785828857798814878,151035228479,70.8216,67.8130,-0.0453,2.848187
1785828857849339825,151085228480,70.8216,67.8130,-0.0453,2.848187
1785828857899456399,151135228481,70.8216,67.8130,-0.0453,2.848187
1785828857949971897,151185228482,70.8216,67.8130,-0.0453,2.848187
1785828857999015099,151235228482,70.8216,67.8130,-0.0453,2.848187
1785828858049511351,151285228483,70.8216,67.8130,-0.0453,2.848187
1785828858101291315,151335228484,70.8216,67.8130,-0.0453,2.848187
1785828858148600358,151385228485,70.8216,67.8130,-0.0453,2.848187
1785828858201016127,151435228485,70.8216,67.8130,-0.0453,2.848187
1785828858249474888,151485228486,70.8216,67.8130,-0.0453,2.848187
1785828858299608301,151535228487,70.8216,67.8130,-0.0453,2.848187
1785828858349375221,151585228488,70.8216,67.8130,-0.0453,2.848187
1785828858400924956,151635228488,70.8216,67.8130,-0.0453,2.848187
1785828858450004790,151685228489,70.8216,67.8130,-0.0453,2.848187
1785828858501534928,151735228490,70.8216,67.8130,-0.0453,2.848187
1785828858550313126,151785228491,70.8216,67.8130,-0.0453,2.848187
1785828858600682184,151835228491,70.8216,67.8130,-0.0453,2.848187
1785828858650650863,151885228492,70.8216,67.8130,-0.0453,2.848187
1785828858701967971,151935228493,70.8216,67.8130,-0.0453,2.848187
1785828858751943960,151985228494,70.8216,67.8130,-0.0453,2.848187
1785828858801900614,152035228494,70.8216,67.8130,-0.0453,2.848187
1785828858851642936,152085228495,70.8216,67.8130,-0.0453,2.848187
1785828858901406406,152135228496,70.8216,67.8130,-0.0453,2.848187
1785828858952217685,152185228497,70.8216,67.8130,-0.0453,2.848187
1785828859001599084,152235228497,70.8216,67.8130,-0.0453,2.848187
1785828859051640746,152285228498,70.8216,67.8130,-0.0453,2.848187
1785828859101701161,152335228499,70.8216,67.8130,-0.0453,2.848187
1785828859153147525,152385228500,70.8216,67.8130,-0.0453,2.848187
1785828859201943468,152435228500,70.8216,67.8130,-0.0453,2.848187
1785828859252900182,152485228501,70.8216,67.8130,-0.0453,2.848187
1785828859302043061,152535228502,70.8216,67.8130,-0.0453,2.848187
1785828859352401318,152585228503,70.8216,67.8130,-0.0453,2.848187
1785828859402065421,152635228503,70.8216,67.8130,-0.0453,2.848187
1785828859452017281,152685228504,70.8216,67.8130,-0.0453,2.848187
1785828859503982318,152735228505,70.8216,67.8130,-0.0453,2.848187
1785828859553889546,152785228506,70.8216,67.8130,-0.0453,2.848187
1785828859603313843,152835228506,70.8216,67.8130,-0.0453,2.848187
1785828859653149692,152885228507,70.8216,67.8130,-0.0453,2.848187
1785828859703054092,152935228508,70.8216,67.8130,-0.0453,2.848187
1785828859753089551,152985228509,70.8216,67.8130,-0.0453,2.848187
1785828859803723421,153035228509,70.8216,67.8130,-0.0453,2.848187
1785828859853649267,153085228510,70.8216,67.8130,-0.0453,2.848187
1785828859903757205,153135228511,70.8216,67.8130,-0.0453,2.848187
1785828859953059565,153185228512,70.8216,67.8130,-0.0453,2.848187
1785828860004411953,153235228512,70.8216,67.8130,-0.0453,2.848187
1785828860054871247,153285228513,70.8216,67.8130,-0.0453,2.848187
1785828860103590683,153335228514,70.8216,67.8130,-0.0453,2.848187
1785828860154426148,153385228515,70.8216,67.8130,-0.0453,2.848187
1785828860204146554,153435228515,70.8216,67.8130,-0.0453,2.848187
1785828860254838489,153485228516,70.8216,67.8130,-0.0453,2.848187
1785828860304111310,153535228517,70.8216,67.8130,-0.0453,2.848187
1785828860354828365,153585228517,70.8216,67.8130,-0.0453,2.848187
1785828860404701088,153635228518,70.8216,67.8130,-0.0453,2.848187
1785828860454142179,153685228519,70.8216,67.8130,-0.0453,2.848187
1785828860505248579,153735228520,70.8216,67.8130,-0.0453,2.848187
1785828860554540242,153785228520,70.8216,67.8130,-0.0453,2.848187
1785828860605421739,153835228521,70.8216,67.8130,-0.0453,2.848187
1785828860655046775,153885228522,70.8216,67.8130,-0.0453,2.848187
1785828860705860082,153935228523,70.8216,67.8130,-0.0453,2.848187
1785828860755330179,153985228523,70.8216,67.8130,-0.0453,2.848187
1785828860805558301,154035228524,70.8216,67.8130,-0.0453,2.848187
1785828860855606750,154085228525,70.8216,67.8130,-0.0453,2.848187
1785828860906509380,154135228526,70.8216,67.8130,-0.0453,2.848187
1785828860955457172,154185228526,70.8216,67.8130,-0.0453,2.848187
1785828861005569060,154235228527,70.8216,67.8130,-0.0453,2.848187
1785828861055626018,154285228528,70.8216,67.8130,-0.0453,2.848187
1785828861106964360,154335228529,70.8216,67.8130,-0.0453,2.848187
1785828861155909058,154385228529,70.8216,67.8130,-0.0453,2.848187
1785828861206218285,154435228530,70.8216,67.8130,-0.0453,2.848187
1785828861255936496,154485228531,70.8216,67.8130,-0.0453,2.848187
1785828861307319692,154535228532,70.8216,67.8130,-0.0453,2.848187
1785828861356038755,154585228532,70.8216,67.8130,-0.0453,2.848187
1785828861406439028,154635228533,70.8216,67.8130,-0.0453,2.848187
1785828861457503802,154685228534,70.8216,67.8130,-0.0453,2.848187
1785828861507760640,154735228535,70.8216,67.8130,-0.0453,2.848187
1785828861556854816,154785228535,70.8216,67.8130,-0.0453,2.848187
1785828861608020129,154835228536,70.8216,67.8130,-0.0453,2.848187
1785828861657394499,154885228537,70.8216,67.8130,-0.0453,2.848187
1785828861707405218,154935228538,70.8216,67.8130,-0.0453,2.848187
1785828861757005943,154985228538,70.8216,67.8130,-0.0453,2.848187
1785828861808619718,155035228539,70.8216,67.8130,-0.0453,2.848187
1785828861858402328,155085228540,70.8216,67.8130,-0.0453,2.848187
1785828861908319371,155135228541,70.8216,67.8130,-0.0453,2.848187
1785828861958243640,155185228541,70.8216,67.8130,-0.0453,2.848187
1785828862008069344,155235228542,70.8216,67.8130,-0.0453,2.848187
1785828862058011004,155285228543,70.8216,67.8130,-0.0453,2.848187
1785828862108063158,155335228544,70.8216,67.8130,-0.0453,2.848187
1785828862158904006,155385228544,70.8216,67.8130,-0.0453,2.848187
1785828862209590068,155435228545,70.8216,67.8130,-0.0453,2.848187
1785828862259312393,155485228546,70.8216,67.8130,-0.0453,2.848187
1785828862309220968,155535228547,70.8216,67.8130,-0.0453,2.848187
1785828862359372344,155585228547,70.8216,67.8130,-0.0453,2.848187
1785828862409727756,155635228548,70.8216,67.8130,-0.0453,2.848187
1785828862459244168,155685228549,70.8216,67.8130,-0.0453,2.848187
1785828862509619426,155735228550,70.8216,67.8130,-0.0453,2.848187
1785828862560273787,155785228550,70.8216,67.8130,-0.0453,2.848187
1785828862609936794,155835228551,70.8216,67.8130,-0.0453,2.848187
1785828862659188869,155885228552,70.8216,67.8130,-0.0453,2.848187
1785828862710014245,155935228553,70.8216,67.8130,-0.0453,2.848187
1785828862760776392,155985228553,70.8216,67.8130,-0.0453,2.848187
1785828862810289340,156035228554,70.8216,67.8130,-0.0453,2.848187
1785828862860452813,156085228555,70.8216,67.8130,-0.0453,2.848187
1785828862910887294,156135228555,70.8216,67.8130,-0.0453,2.848187
1785828862959806355,156185228556,70.8216,67.8130,-0.0453,2.848187
1785828863010478723,156235228557,70.8216,67.8130,-0.0453,2.848187
1785828863060032202,156285228558,70.8216,67.8130,-0.0453,2.848187
1785828863111346609,156335228558,70.8216,67.8130,-0.0453,2.848187
1785828863161338951,156385228559,70.8216,67.8130,-0.0453,2.848187
1785828863211131671,156435228560,70.8216,67.8130,-0.0453,2.848187
1785828863261994934,156485228561,70.8216,67.8130,-0.0453,2.848187
1785828863311767671,156535228561,70.8216,67.8130,-0.0453,2.848187
1785828863360987144,156585228562,70.8216,67.8130,-0.0453,2.848187
1785828863411887925,156635228563,70.8216,67.8130,-0.0453,2.848187
1785828863461769305,156685228564,70.8216,67.8130,-0.0453,2.848187
1785828863511604506,156735228564,70.8216,67.8130,-0.0453,2.848187
1785828863561471405,156785228565,70.8216,67.8130,-0.0453,2.848187
1785828863611998630,156835228566,70.8216,67.8130,-0.0453,2.848187
1785828863662409890,156885228567,70.8216,67.8130,-0.0453,2.848187
1785828863712379931,156935228567,70.8216,67.8130,-0.0453,2.848187
1785828863761784075,156985228568,70.8216,67.8130,-0.0453,2.848187
1785828863813132671,157035228569,70.8216,67.8130,-0.0453,2.848187
1785828863862191788,157085228570,70.8216,67.8130,-0.0453,2.848187
1785828863912277145,157135228570,70.8216,67.8130,-0.0453,2.848187
1785828863963243894,157185228571,70.8216,67.8130,-0.0453,2.848187
1785828864012460511,157235228572,70.8216,67.8130,-0.0453,2.848187
1785828864063155915,157285228573,70.8216,67.8130,-0.0453,2.848187
1785828864114051475,157335228573,70.8216,67.8130,-0.0453,2.848187
1785828864163449662,157385228574,70.8216,67.8130,-0.0453,2.848187
1785828864214174151,157435228575,70.8216,67.8130,-0.0453,2.848187
1785828864262821858,157485228576,70.8216,67.8130,-0.0453,2.848187
1785828864315190863,157535228576,70.8216,67.8130,-0.0453,2.848187
1785828864363768164,157585228577,70.8216,67.8130,-0.0453,2.848187
1785828864413906482,157635228578,70.8216,67.8130,-0.0453,2.848187
1785828864466770155,157685228579,70.8216,67.8130,-0.0453,2.848187
1785828864514116511,157735228579,70.8216,67.8130,-0.0453,2.848187
1785828864563814968,157785228580,70.8216,67.8130,-0.0453,2.848187
1785828864614904009,157835228581,70.8216,67.8130,-0.0453,2.848187
1785828864663895000,157885228582,70.8216,67.8130,-0.0453,2.848187
1785828864714510031,157935228582,70.8216,67.8130,-0.0453,2.848187
1785828864764210973,157985228583,70.8216,67.8130,-0.0453,2.848187
1785828864815367755,158035228584,70.8216,67.8130,-0.0453,2.848187
1785828864864976815,158085228585,70.8216,67.8130,-0.0453,2.848187
1785828864916550266,158135228585,70.8216,67.8130,-0.0453,2.848187
1785828864965526051,158185228586,70.8216,67.8130,-0.0453,2.848187
1785828865015968734,158235228587,70.8216,67.8130,-0.0453,2.848187
1785828865065376905,158285228588,70.8216,67.8130,-0.0453,2.848187
1785828865115669978,158335228588,70.8216,67.8130,-0.0453,2.848187
1785828865164766632,158385228589,70.8216,67.8130,-0.0453,2.848187
1785828865215344075,158435228590,70.8216,67.8130,-0.0453,2.848187
1785828865264895035,158485228591,70.8216,67.8130,-0.0453,2.848187
1785828865315943700,158535228591,70.8216,67.8130,-0.0453,2.848187
1785828865365283646,158585228592,70.8216,67.8130,-0.0453,2.848187
1785828865415561131,158635228593,70.8216,67.8130,-0.0453,2.848187
1785828865467356517,158685228593,70.8216,67.8130,-0.0453,2.848187
1785828865516207990,158735228594,70.8216,67.8130,-0.0453,2.848187
1785828865566483442,158785228595,70.8216,67.8130,-0.0453,2.848187
1785828865616851284,158835228596,70.8216,67.8130,-0.0453,2.848187
1785828865666328241,158885228596,70.8216,67.8130,-0.0453,2.848187
1785828865716656003,158935228597,70.8216,67.8130,-0.0453,2.848187
1785828865766036309,158985228598,70.8216,67.8130,-0.0453,2.848187
1785828865817365792,159035228599,70.8216,67.8130,-0.0453,2.848187
1785828865867912243,159085228599,70.8216,67.8130,-0.0453,2.848187
1785828865917459642,159135228600,70.8216,67.8130,-0.0453,2.848187
1785828865967641088,159185228601,70.8216,67.8130,-0.0453,2.848187
1785828866017633055,159235228602,70.8216,67.8130,-0.0453,2.848187
1785828866067949817,159285228602,70.8216,67.8130,-0.0453,2.848187
1785828866117335362,159335228603,70.8216,67.8130,-0.0453,2.848187
1785828866168036500,159385228604,70.8216,67.8130,-0.0453,2.848187
1785828866217932839,159435228605,70.8216,67.8130,-0.0453,2.848187
1785828866269191368,159485228605,70.8216,67.8130,-0.0453,2.848187
1785828866318288429,159535228606,70.8216,67.8130,-0.0453,2.848187
1785828866368448323,159585228607,70.8216,67.8130,-0.0453,2.848187
1785828866418109238,159635228608,70.8216,67.8130,-0.0453,2.848187
1785828866468708343,159685228608,70.8216,67.8130,-0.0453,2.848187
1785828866518503408,159735228609,70.8216,67.8130,-0.0453,2.848187
1785828866568445738,159785228610,70.8216,67.8130,-0.0453,2.848187
1785828866619210211,159835228611,70.8216,67.8130,-0.0453,2.848187
1785828866668670203,159885228611,70.8216,67.8130,-0.0453,2.848187
1785828866719364040,159935228612,70.8216,67.8130,-0.0453,2.848187
1785828866768973156,159985228613,70.8216,67.8130,-0.0453,2.848187
1785828866819798748,160035228614,70.8216,67.8130,-0.0453,2.848187
1785828866869202858,160085228614,70.8216,67.8130,-0.0453,2.848187
1785828866920264147,160135228615,70.8216,67.8130,-0.0453,2.848187
1785828866969562541,160185228616,70.8216,67.8130,-0.0453,2.848187
1785828867020262006,160235228617,70.8216,67.8130,-0.0453,2.848187
1785828867069527767,160285228617,70.8216,67.8130,-0.0453,2.848187
1785828867121383093,160335228618,70.8216,67.8130,-0.0453,2.848187
1785828867170260345,160385228619,70.8216,67.8130,-0.0453,2.848187
1785828867220135381,160435228620,70.8216,67.8130,-0.0453,2.848187
1785828867269556787,160485228620,70.8216,67.8130,-0.0453,2.848187
1785828867320626947,160535228621,70.8216,67.8130,-0.0453,2.848187
1785828867370240479,160585228622,70.8216,67.8130,-0.0453,2.848187
1785828867420963142,160635228623,70.8216,67.8130,-0.0453,2.848187
1785828867471158836,160685228623,70.8216,67.8130,-0.0453,2.848187
1785828867519940720,160735228624,70.8216,67.8130,-0.0453,2.848187
1785828867570830481,160785228625,70.8216,67.8130,-0.0453,2.848187
1785828867620507389,160835228626,70.8216,67.8130,-0.0453,2.848187
1785828867672393876,160885228626,70.8216,67.8130,-0.0453,2.848187
1785828867720997155,160935228627,70.8216,67.8130,-0.0453,2.848187
1785828867771478339,160985228628,70.8216,67.8130,-0.0453,2.848187
1785828867821701049,161035228629,70.8216,67.8130,-0.0453,2.848187
1785828867870508054,161085228629,70.8216,67.8130,-0.0453,2.848187
1785828867921064218,161135228630,70.8216,67.8130,-0.0453,2.848187
1785828867972326575,161185228631,70.8216,67.8130,-0.0453,2.848187
1785828868021308825,161235228631,70.8216,67.8130,-0.0453,2.848187
1785828868070913229,161285228632,70.8216,67.8130,-0.0453,2.848187
1785828868122234503,161335228633,70.8216,67.8130,-0.0453,2.848187
1785828868171141775,161385228634,70.8216,67.8130,-0.0453,2.848187
1785828868221610409,161435228634,70.8216,67.8130,-0.0453,2.848187
1785828868273979056,161485228635,70.8216,67.8130,-0.0453,2.848187
1785828868322225708,161535228636,70.8216,67.8130,-0.0453,2.848187
1785828868371518666,161585228637,70.8216,67.8130,-0.0453,2.848187
1785828868423172330,161635228637,70.8216,67.8130,-0.0453,2.848187
1785828868471935694,161685228638,70.8216,67.8130,-0.0453,2.848187
1785828868523065775,161735228639,70.8216,67.8130,-0.0453,2.848187
1785828868572790289,161785228640,70.8216,67.8130,-0.0453,2.848187
1785828868622759512,161835228640,70.8216,67.8130,-0.0453,2.848187
1785828868672679936,161885228641,70.8216,67.8130,-0.0453,2.848187
1785828868722700374,161935228642,70.8216,67.8130,-0.0453,2.848187
1785828868773640721,161985228643,70.8216,67.8130,-0.0453,2.848187
1785828868824333956,162035228643,70.8216,67.8130,-0.0453,2.848187
1785828868873057748,162085228644,70.8216,67.8130,-0.0453,2.848187
1785828868923511427,162135228645,70.8216,67.8130,-0.0453,2.848187
1785828868974477590,162185228646,70.8216,67.8130,-0.0453,2.848187
1785828869023615772,162235228646,70.8216,67.8130,-0.0453,2.848187
1785828869073252027,162285228647,70.8216,67.8130,-0.0453,2.848187
1785828869123937248,162335228648,70.8216,67.8130,-0.0453,2.848187
1785828869174732522,162385228649,70.8216,67.8130,-0.0453,2.848187
1785828869224724833,162435228649,70.8216,67.8130,-0.0453,2.848187
1785828869275452418,162485228650,70.8216,67.8130,-0.0453,2.848187
1785828869325077285,162535228651,70.8216,67.8130,-0.0453,2.848187
1785828869375009257,162585228652,70.8216,67.8130,-0.0453,2.848187
1785828869424598794,162635228652,70.8216,67.8130,-0.0453,2.848187
1785828869474854641,162685228653,70.8216,67.8130,-0.0453,2.848187
1785828869525267096,162735228654,70.8216,67.8130,-0.0453,2.848187
1785828869575163152,162785228655,70.8216,67.8130,-0.0453,2.848187
1785828869625395742,162835228655,70.8216,67.8130,-0.0453,2.848187
1785828869675269997,162885228656,70.8216,67.8130,-0.0453,2.848187
1785828869726838796,162935228657,70.8216,67.8130,-0.0453,2.848187
1785828869776040894,162985228658,70.8216,67.8130,-0.0453,2.848187
1785828869826557188,163035228658,70.8216,67.8130,-0.0453,2.848187
1785828869877441917,163085228659,70.8216,67.8130,-0.0453,2.848187
1785828869925804834,163135228660,70.8216,67.8130,-0.0453,2.848187
1785828869976091078,163185228661,70.8216,67.8130,-0.0453,2.848187
1785828870026086052,163235228661,70.8216,67.8130,-0.0453,2.848187
1785828870076260967,163285228662,70.8216,67.8130,-0.0453,2.848187
1785828870126074304,163335228663,70.8216,67.8130,-0.0453,2.848187
1785828870175252931,163385228664,70.8216,67.8130,-0.0453,2.848187
1785828870227180676,163435228664,70.8216,67.8130,-0.0453,2.848187
1785828870275809970,163485228665,70.8216,67.8130,-0.0453,2.848187
1785828870326038637,163535228666,70.8216,67.8130,-0.0453,2.848187
1785828870377020039,163585228667,70.8216,67.8130,-0.0453,2.848187
1785828870426875295,163635228667,70.8216,67.8130,-0.0453,2.848187
1785828870478017186,163685228668,70.8216,67.8130,-0.0453,2.848187
1785828870527202854,163735228669,70.8216,67.8130,-0.0453,2.848187
1785828870576512200,163785228669,70.8216,67.8130,-0.0453,2.848187
1785828870626820771,163835228670,70.8216,67.8130,-0.0453,2.848187
1785828870677402437,163885228671,70.8216,67.8130,-0.0453,2.848187
1785828870727910263,163935228672,70.8216,67.8130,-0.0453,2.848187
1785828870777260440,163985228672,70.8216,67.8130,-0.0453,2.848187
1785828870828854478,164035228673,70.8216,67.8130,-0.0453,2.848187
1785828870877850745,164085228674,70.8216,67.8130,-0.0453,2.848187
1785828870927971473,164135228675,70.8216,67.8130,-0.0453,2.848187
1785828870977785056,164185228675,70.8216,67.8130,-0.0453,2.848187
1785828871027970234,164235228676,70.8216,67.8130,-0.0453,2.848187
1785828871078874783,164285228677,70.8216,67.8130,-0.0453,2.848187
1785828871129726670,164335228678,70.8216,67.8130,-0.0453,2.848187
1785828871177505248,164385228678,70.8216,67.8130,-0.0453,2.848187
1785828871231992129,164435228679,70.8216,67.8130,-0.0453,2.848187
1785828871278066448,164485228680,70.8216,67.8130,-0.0453,2.848187
1785828871330069758,164535228681,70.8216,67.8130,-0.0453,2.848187
1785828871378360346,164585228681,70.8216,67.8130,-0.0453,2.848187
1785828871428587477,164635228682,70.8216,67.8130,-0.0453,2.848187
1785828871479820768,164685228683,70.8216,67.8130,-0.0453,2.848187
1785828871529680418,164735228684,70.8216,67.8130,-0.0453,2.848187
1785828871578628206,164785228684,70.8216,67.8130,-0.0453,2.848187
1785828871629068692,164835228685,70.8216,67.8130,-0.0453,2.848187
1785828871679714403,164885228686,70.8216,67.8130,-0.0453,2.848187
1785828871729192327,164935228687,70.8216,67.8130,-0.0453,2.848187
1785828871779400517,164985228687,70.8216,67.8130,-0.0453,2.848187
1785828871830496705,165035228688,70.8216,67.8130,-0.0453,2.848187
1785828871880380001,165085228689,70.8216,67.8130,-0.0453,2.848187
1785828871930359449,165135228690,70.8216,67.8130,-0.0453,2.848187
1785828871980984127,165185228690,70.8216,67.8130,-0.0453,2.848187
1785828872030714506,165235228691,70.8216,67.8130,-0.0453,2.848187
1785828872080012880,165285228692,70.8216,67.8130,-0.0453,2.848187
1785828872130045589,165335228693,70.8216,67.8130,-0.0453,2.848187
1785828872180929283,165385228693,70.8216,67.8130,-0.0453,2.848187
1785828872232992202,165435228694,70.8216,67.8130,-0.0453,2.848187
1785828872280897907,165485228695,70.8216,67.8130,-0.0453,2.848187
1785828872331157068,165535228696,70.8216,67.8130,-0.0453,2.848187
1785828872381383524,165585228696,70.8216,67.8130,-0.0453,2.848187
1785828872431523888,165635228697,70.8216,67.8130,-0.0453,2.848187
1785828872481284261,165685228698,70.8216,67.8130,-0.0453,2.848187
1785828872532139905,165735228699,70.8216,67.8130,-0.0453,2.848187
1785828872583614301,165785228699,70.8216,67.8130,-0.0453,2.848187
1785828872632066573,165835228700,70.8216,67.8130,-0.0453,2.848187
1785828872681236533,165885228701,70.8216,67.8130,-0.0453,2.848187
1785828872732248405,165935228702,70.8216,67.8130,-0.0453,2.848187
1785828872781973950,165985228702,70.8216,67.8130,-0.0453,2.848187
1785828872832661504,166035228703,70.8216,67.8130,-0.0453,2.848187
1785828872882235765,166085228704,70.8216,67.8130,-0.0453,2.848187
1785828872933159287,166135228705,70.8216,67.8130,-0.0453,2.848187
1785828872981973846,166185228705,70.8216,67.8130,-0.0453,2.848187
1785828873032805515,166235228706,70.8216,67.8130,-0.0453,2.848187
1785828873082147898,166285228707,70.8216,67.8130,-0.0453,2.848187
1785828873132642506,166335228707,70.8216,67.8130,-0.0453,2.848187
1785828873182671138,166385228708,70.8216,67.8130,-0.0453,2.848187
1785828873233503002,166435228709,70.8216,67.8130,-0.0453,2.848187
1785828873283948178,166485228710,70.8216,67.8130,-0.0453,2.848187
1785828873332788043,166535228710,70.8216,67.8130,-0.0453,2.848187
1785828873384545801,166585228711,70.8216,67.8130,-0.0453,2.848187
1785828873433715059,166635228712,70.8216,67.8130,-0.0453,2.848187
1785828873483604849,166685228713,70.8216,67.8130,-0.0453,2.848187
1785828873533489733,166735228713,70.8216,67.8130,-0.0453,2.848187
1785828873583996216,166785228714,70.8216,67.8130,-0.0453,2.848187
1785828873633337762,166835228715,70.8216,67.8130,-0.0453,2.848187
1785828873684235108,166885228716,70.8216,67.8130,-0.0453,2.848187
1785828873735279370,166935228716,70.8216,67.8130,-0.0453,2.848187
1785828873783944796,166985228717,70.8216,67.8130,-0.0453,2.848187
1785828873834959816,167035228718,70.8216,67.8130,-0.0453,2.848187
1785828873884254046,167085228719,70.8216,67.8130,-0.0453,2.848187
1785828873935345441,167135228719,70.8216,67.8130,-0.0453,2.848187
1785828873984320184,167185228720,70.8216,67.8130,-0.0453,2.848187
1785828874036003448,167235228721,70.8216,67.8130,-0.0453,2.848187
1785828874084958039,167285228722,70.8216,67.8130,-0.0453,2.848187
1785828874136352942,167335228722,70.8216,67.8130,-0.0453,2.848187
1785828874185157814,167385228723,70.8216,67.8130,-0.0453,2.848187
1785828874236135183,167435228724,70.8216,67.8130,-0.0453,2.848187
1785828874284903953,167485228725,70.8216,67.8130,-0.0453,2.848187
1785828874336062830,167535228725,70.8216,67.8130,-0.0453,2.848187
1785828874384824365,167585228726,70.8216,67.8130,-0.0453,2.848187
1785828874435526476,167635228727,70.8216,67.8130,-0.0453,2.848187
1785828874485700736,167685228728,70.8216,67.8130,-0.0453,2.848187
1785828874536877152,167735228728,70.8216,67.8130,-0.0453,2.848187
1785828874585954051,167785228729,70.8216,67.8130,-0.0453,2.848187
1785828874635999155,167835228730,70.8216,67.8130,-0.0453,2.848187
1785828874687432011,167885228731,70.8216,67.8130,-0.0453,2.848187
1785828874736948696,167935228731,70.8216,67.8130,-0.0453,2.848187
1785828874787373776,167985228732,70.8216,67.8130,-0.0453,2.848187
1785828874837779236,168035228733,70.8216,67.8130,-0.0453,2.848187
1785828874886317177,168085228734,70.8216,67.8130,-0.0453,2.848187
1785828874938444565,168135228734,70.8216,67.8130,-0.0453,2.848187
1785828874987119975,168185228735,70.8216,67.8130,-0.0453,2.848187
1785828875037923948,168235228736,70.8216,67.8130,-0.0453,2.848187
1785828875087492689,168285228737,70.8216,67.8130,-0.0453,2.848187
1785828875137356948,168335228737,70.8216,67.8130,-0.0453,2.848187
1785828875187177252,168385228738,70.8216,67.8130,-0.0453,2.848187
1785828875238084450,168435228739,70.8216,67.8130,-0.0453,2.848187
1785828875287593973,168485228740,70.8216,67.8130,-0.0453,2.848187
1785828875339926152,168535228740,70.8216,67.8130,-0.0453,2.848187
1785828875389118034,168585228741,70.8216,67.8130,-0.0453,2.848187
1785828875438445415,168635228742,70.8216,67.8130,-0.0453,2.848187
1785828875487743944,168685228742,70.8216,67.8130,-0.0453,2.848187
1785828875538092065,168735228743,70.8216,67.8130,-0.0453,2.848187
1785828875589442188,168785228744,70.8216,67.8130,-0.0453,2.848187
1785828875639020427,168835228745,70.8216,67.8130,-0.0453,2.848187
1785828875689539069,168885228745,70.8216,67.8130,-0.0453,2.848187
1785828875738733165,168935228746,70.8216,67.8130,-0.0453,2.848187
1785828875789543940,168985228747,70.8216,67.8130,-0.0453,2.848187
1785828875839390695,169035228748,70.8216,67.8130,-0.0453,2.848187
1785828875888681161,169085228748,70.8216,67.8130,-0.0453,2.848187
1785828875939337314,169135228749,70.8216,67.8130,-0.0453,2.848187
1785828875989454886,169185228750,70.8216,67.8130,-0.0453,2.848187
1785828876042270014,169235228751,70.8216,67.8130,-0.0453,2.848187
1785828876089217761,169285228751,70.8216,67.8130,-0.0453,2.848187
1785828876140157635,169335228752,70.8216,67.8130,-0.0453,2.848187
1785828876189944868,169385228753,70.8216,67.8130,-0.0453,2.848187
1785828876240155780,169435228754,70.8216,67.8130,-0.0453,2.848187
1785828876289687264,169485228754,70.8216,67.8130,-0.0453,2.848187
1785828876340780854,169535228755,70.8216,67.8130,-0.0453,2.848187
1785828876391152880,169585228756,70.8216,67.8130,-0.0453,2.848187
1785828876440160003,169635228757,70.8216,67.8130,-0.0453,2.848187
1785828876490738264,169685228757,70.8216,67.8130,-0.0453,2.848187
1785828876541750371,169735228758,70.8216,67.8130,-0.0453,2.848187
1785828876591630071,169785228759,70.8216,67.8130,-0.0453,2.848187
1785828876641392348,169835228760,70.8216,67.8130,-0.0453,2.848187
1785828876690781052,169885228760,70.8216,67.8130,-0.0453,2.848187
1785828876742268666,169935228761,70.8216,67.8130,-0.0453,2.848187
1785828876791685411,169985228762,70.8216,67.8130,-0.0453,2.848187
1785828876842047048,170035228763,70.8216,67.8130,-0.0453,2.848187
1785828876891145723,170085228763,70.8216,67.8130,-0.0453,2.848187
1785828876942439746,170135228764,70.8216,67.8130,-0.0453,2.848187
1785828876992239455,170185228765,70.8216,67.8130,-0.0453,2.848187
1785828877041858058,170235228766,70.8216,67.8130,-0.0453,2.848187
1785828877091701158,170285228766,70.8216,67.8130,-0.0453,2.848187
1785828877143815357,170335228767,70.8216,67.8130,-0.0453,2.848187
1785828877191881211,170385228768,70.8216,67.8130,-0.0453,2.848187
1785828877242979808,170435228769,70.8216,67.8130,-0.0453,2.848187
1785828877292730129,170485228769,70.8216,67.8130,-0.0453,2.848187
1785828877342537036,170535228770,70.8216,67.8130,-0.0453,2.848187
1785828877391855261,170585228771,70.8216,67.8130,-0.0453,2.848187
1785828877442624543,170635228772,70.8216,67.8130,-0.0453,2.848187
1785828877493469214,170685228772,70.8216,67.8130,-0.0453,2.848187
1785828877544336791,170735228773,70.8216,67.8130,-0.0453,2.848187
1785828877593468943,170785228774,70.8216,67.8130,-0.0453,2.848187
1785828877643911564,170835228775,70.8216,67.8130,-0.0453,2.848187
1785828877693068823,170885228775,70.8216,67.8130,-0.0453,2.848187
1785828877743396603,170935228776,70.8216,67.8130,-0.0453,2.848187
1785828877793165593,170985228777,70.8216,67.8130,-0.0453,2.848187
1785828877844375252,171035228778,70.8216,67.8130,-0.0453,2.848187
1785828877893299037,171085228778,70.8216,67.8130,-0.0453,2.848187
1785828877944716334,171135228779,70.8216,67.8130,-0.0453,2.848187
1785828877993959853,171185228780,70.8216,67.8130,-0.0453,2.848187
1785828878043682743,171235228780,70.8216,67.8130,-0.0453,2.848187
1785828878093936305,171285228781,70.8216,67.8130,-0.0453,2.848187
1785828878144051024,171335228782,70.8216,67.8130,-0.0453,2.848187
1785828878194314139,171385228783,70.8216,67.8130,-0.0453,2.848187
1785828878243911252,171435228783,70.8216,67.8130,-0.0453,2.848187
1785828878294292222,171485228784,70.8216,67.8130,-0.0453,2.848187
1785828878344862020,171535228785,70.8216,67.8130,-0.0453,2.848187
1785828878394543713,171585228786,70.8216,67.8130,-0.0453,2.848187
1785828878444448035,171635228786,70.8216,67.8130,-0.0453,2.848187
1785828878495324526,171685228787,70.8216,67.8130,-0.0453,2.848187
1785828878545888517,171735228788,70.8216,67.8130,-0.0453,2.848187
1785828878594302463,171785228789,70.8216,67.8130,-0.0453,2.848187
1785828878645968479,171835228789,70.8216,67.8130,-0.0453,2.848187
1785828878695105829,171885228790,70.8216,67.8130,-0.0453,2.848187
1785828878745348120,171935228791,70.8216,67.8130,-0.0453,2.848187
1785828878795447259,171985228792,70.8216,67.8130,-0.0453,2.848187
1785828878846391660,172035228792,70.8216,67.8130,-0.0453,2.848187
1785828878895594625,172085228793,70.8216,67.8130,-0.0453,2.848187
1785828878945816375,172135228794,70.8216,67.8130,-0.0453,2.848187
1785828878996685564,172185228795,70.8216,67.8130,-0.0453,2.848187
1785828879046748361,172235228795,70.8216,67.8130,-0.0453,2.848187
1785828879097022939,172285228796,70.8216,67.8130,-0.0453,2.848187
1785828879146624065,172335228797,70.8216,67.8130,-0.0453,2.848187
1785828879196300624,172385228798,70.8216,67.8130,-0.0453,2.848187
1785828879247279249,172435228798,70.8216,67.8130,-0.0453,2.848187
1785828879296803866,172485228799,70.8216,67.8130,-0.0453,2.848187
1785828879347838218,172535228800,70.8216,67.8130,-0.0453,2.848187
1785828879397574773,172585228801,70.8216,67.8130,-0.0453,2.848187
1785828879447373539,172635228801,70.8216,67.8130,-0.0453,2.848187
1785828879496983898,172685228802,70.8216,67.8130,-0.0453,2.848187
1785828879547185875,172735228803,70.8216,67.8130,-0.0453,2.848187
1785828879596742458,172785228804,70.8216,67.8130,-0.0453,2.848187
1785828879648590416,172835228804,70.8216,67.8130,-0.0453,2.848187
1785828879697340352,172885228805,70.8216,67.8130,-0.0453,2.848187
1785828879747694254,172935228806,70.8216,67.8130,-0.0453,2.848187
1785828879798805279,172985228807,70.8216,67.8130,-0.0453,2.848187
1785828879847720471,173035228807,70.8216,67.8130,-0.0453,2.848187
1785828879898151301,173085228808,70.8216,67.8130,-0.0453,2.848187
1785828879948407862,173135228809,70.8216,67.8130,-0.0453,2.848187
1785828879998879763,173185228810,70.8216,67.8130,-0.0453,2.848187
1785828880048621139,173235228810,70.8216,67.8130,-0.0453,2.848187
1785828880097893872,173285228811,70.8216,67.8130,-0.0453,2.848187
1785828880149001694,173335228812,70.8216,67.8130,-0.0453,2.848187
1785828880198820044,173385228813,70.8216,67.8130,-0.0453,2.848187
1785828880250186699,173435228813,70.8216,67.8130,-0.0453,2.848187
1785828880299099800,173485228814,70.8216,67.8130,-0.0453,2.848187
1785828880349016911,173535228815,70.8216,67.8130,-0.0453,2.848187
1785828880398453745,173585228816,70.8216,67.8130,-0.0453,2.848187
1785828880451079786,173635228816,70.8216,67.8130,-0.0453,2.848187
1785828880498931843,173685228817,70.8216,67.8130,-0.0453,2.848187
1785828880549641026,173735228818,70.8216,67.8130,-0.0453,2.848187
1785828880599857492,173785228818,70.8216,67.8130,-0.0453,2.848187
1785828880650021686,173835228819,70.8216,67.8130,-0.0453,2.848187
1785828880699877767,173885228820,70.8216,67.8130,-0.0453,2.848187
1785828880751187033,173935228821,70.8216,67.8130,-0.0453,2.848187
1785828880802002384,173985228821,70.8216,67.8130,-0.0453,2.848187
1785828880852584509,174035228822,70.8216,67.8130,-0.0453,2.848187
1785828880901814457,174085228823,70.8216,67.8130,-0.0453,2.848187
1785828880951347056,174135228824,70.8216,67.8130,-0.0453,2.848187
1785828881000196089,174185228824,70.8216,67.8130,-0.0453,2.848187
1785828881050964343,174235228825,70.8216,67.8130,-0.0453,2.848187
1785828881101767207,174285228826,70.8216,67.8130,-0.0453,2.848187
1785828881150896795,174335228827,70.8216,67.8130,-0.0453,2.848187
1785828881200707122,174385228827,70.8216,67.8130,-0.0453,2.848187
1785828881250966076,174435228828,70.8216,67.8130,-0.0453,2.848187
1785828881301378630,174485228829,70.8216,67.8130,-0.0453,2.848187
1785828881351007224,174535228830,70.8216,67.8130,-0.0453,2.848187
1785828881400566797,174585228830,70.8216,67.8130,-0.0453,2.848187
1785828881451843904,174635228831,70.8216,67.8130,-0.0453,2.848187
1785828881501440390,174685228832,70.8216,67.8130,-0.0453,2.848187
1785828881551504660,174735228833,70.8216,67.8130,-0.0453,2.848187
1785828881602030878,174785228833,70.8216,67.8130,-0.0453,2.848187
1785828881652917012,174835228834,70.8216,67.8130,-0.0453,2.848187
1785828881704416123,174885228835,70.8216,67.8130,-0.0453,2.848187
1785828881752950775,174935228836,70.8216,67.8130,-0.0453,2.848187
1785828881802878540,174985228836,70.8216,67.8130,-0.0453,2.848187
1785828881852913659,175035228837,70.8216,67.8130,-0.0453,2.848187
1785828881903353811,175085228838,70.8216,67.8130,-0.0453,2.848187
1785828881952765412,175135228839,70.8216,67.8130,-0.0453,2.848187
1785828882003455945,175185228839,70.8216,67.8130,-0.0453,2.848187
1785828882053015955,175235228840,70.8216,67.8130,-0.0453,2.848187
1785828882103861948,175285228841,70.8216,67.8130,-0.0453,2.848187
1785828882153363888,175335228842,70.8216,67.8130,-0.0453,2.848187
1785828882204396731,175385228842,70.8216,67.8130,-0.0453,2.848187
1785828882254521385,175435228843,70.8216,67.8130,-0.0453,2.848187
1785828882303510963,175485228844,70.8216,67.8130,-0.0453,2.848187
1785828882356920383,175535228845,70.8216,67.8130,-0.0453,2.848187
1785828882404009275,175585228845,70.8216,67.8130,-0.0453,2.848187
1785828882453566597,175635228846,70.8216,67.8130,-0.0453,2.848187
1785828882503502248,175685228847,70.8216,67.8130,-0.0453,2.848187
1785828882554378973,175735228848,70.8216,67.8130,-0.0453,2.848187
1785828882604392422,175785228848,70.8216,67.8130,-0.0453,2.848187
1785828882655060339,175835228849,70.8216,67.8130,-0.0453,2.848187
1785828882704308429,175885228850,70.8216,67.8130,-0.0453,2.848187
1785828882755575030,175935228851,70.8216,67.8130,-0.0453,2.848187
1785828882804568167,175985228851,70.8216,67.8130,-0.0453,2.848187
1785828882854879181,176035228852,70.8216,67.8130,-0.0453,2.848187
1785828882905867548,176085228853,70.8216,67.8130,-0.0453,2.848187
1785828882955236720,176135228854,70.8216,67.8130,-0.0453,2.848187
1785828883004960769,176185228854,70.8216,67.8130,-0.0453,2.848187
1785828883055805281,176235228855,70.8216,67.8130,-0.0453,2.848187
1785828883105887352,176285228856,70.8216,67.8130,-0.0453,2.848187
1785828883156536197,176335228856,70.8216,67.8130,-0.0453,2.848187
1785828883207302623,176385228857,70.8216,67.8130,-0.0453,2.848187
1785828883256775040,176435228858,70.8216,67.8130,-0.0453,2.848187
1785828883305506544,176485228859,70.8216,67.8130,-0.0453,2.848187
1785828883355907822,176535228859,70.8216,67.8130,-0.0453,2.848187
1785828883407104182,176585228860,70.8216,67.8130,-0.0453,2.848187
1785828883455568347,176635228861,70.8216,67.8130,-0.0453,2.848187
1785828883505705983,176685228862,70.8216,67.8130,-0.0453,2.848187
1785828883556576304,176735228862,70.8216,67.8130,-0.0453,2.848187
1785828883607131350,176785228863,70.8216,67.8130,-0.0453,2.848187
1785828883656647821,176835228864,70.8216,67.8130,-0.0453,2.848187
1785828883706713683,176885228865,70.8216,67.8130,-0.0453,2.848187
1785828883757877471,176935228865,70.8216,67.8130,-0.0453,2.848187
1785828883807912740,176985228866,70.8216,67.8130,-0.0453,2.848187
1785828883858384761,177035228867,70.8216,67.8130,-0.0453,2.848187
1785828883908240115,177085228868,70.8216,67.8130,-0.0453,2.848187
1785828883958443580,177135228868,70.8216,67.8130,-0.0453,2.848187
1785828884007903990,177185228869,70.8216,67.8130,-0.0453,2.848187
1785828884058244647,177235228870,70.8216,67.8130,-0.0453,2.848187
1785828884109791581,177285228871,70.8216,67.8130,-0.0453,2.848187
1785828884158999825,177335228871,70.8216,67.8130,-0.0453,2.848187
1785828884207883021,177385228872,70.8216,67.8130,-0.0453,2.848187
1785828884258327104,177435228873,70.8216,67.8130,-0.0453,2.848187
1785828884308962351,177485228874,70.8216,67.8130,-0.0453,2.848187
1785828884358736182,177535228874,70.8216,67.8130,-0.0453,2.848187
1785828884408441465,177585228875,70.8216,67.8130,-0.0453,2.848187
1785828884459791158,177635228876,70.8216,67.8130,-0.0453,2.848187
1785828884508372765,177685228877,70.8216,67.8130,-0.0453,2.848187
1785828884559237685,177735228877,70.8216,67.8130,-0.0453,2.848187
1785828884609325816,177785228878,70.8216,67.8130,-0.0453,2.848187
1785828884659087798,177835228879,70.8216,67.8130,-0.0453,2.848187
1785828884709926238,177885228880,70.8216,67.8130,-0.0453,2.848187
1785828884759654826,177935228880,70.8216,67.8130,-0.0453,2.848187
1785828884810932254,177985228881,70.8216,67.8130,-0.0453,2.848187
1785828884860556155,178035228882,70.8216,67.8130,-0.0453,2.848187
1785828884909465309,178085228883,70.8216,67.8130,-0.0453,2.848187
1785828884959594831,178135228883,70.8216,67.8130,-0.0453,2.848187
1785828885009511565,178185228884,70.8216,67.8130,-0.0453,2.848187
1785828885059998625,178235228885,70.8216,67.8130,-0.0453,2.848187
1785828885110710150,178285228886,70.8216,67.8130,-0.0453,2.848187
1785828885160092795,178335228886,70.8216,67.8130,-0.0453,2.848187
1785828885209938266,178385228887,70.8216,67.8130,-0.0453,2.848187
1785828885261733238,178435228888,70.8216,67.8130,-0.0453,2.848187
1785828885310223175,178485228889,70.8216,67.8130,-0.0453,2.848187
1785828885360804300,178535228889,70.8216,67.8130,-0.0453,2.848187
1785828885410964575,178585228890,70.8216,67.8130,-0.0453,2.848187
1785828885460566614,178635228891,70.8216,67.8130,-0.0453,2.848187
1785828885512433353,178685228892,70.8216,67.8130,-0.0453,2.848187
1785828885561041918,178735228892,70.8216,67.8130,-0.0453,2.848187
1785828885611264119,178785228893,70.8216,67.8130,-0.0453,2.848187
1785828885661574792,178835228894,70.8216,67.8130,-0.0453,2.848187
1785828885711062859,178885228894,70.8216,67.8130,-0.0453,2.848187
1785828885762139666,178935228895,70.8216,67.8130,-0.0453,2.848187
1785828885812130001,178985228896,70.8216,67.8130,-0.0453,2.848187
1785828885861782771,179035228897,70.8216,67.8130,-0.0453,2.848187
1785828885911886526,179085228897,70.8216,67.8130,-0.0453,2.848187
1785828885962409168,179135228898,70.8216,67.8130,-0.0453,2.848187
1785828886011401708,179185228899,70.8216,67.8130,-0.0453,2.848187
