topic,header_stamp_ns,arrival_system_ns,arrival_steady_ns,clock_ns,size_bytes
/localization/kinematic_state,22044770725,1785816278153376351,41520922486418,22044770725,0
/sensing/lidar/top/pointcloud_raw_ex,22044770725,1785816278159716601,41520928826829,22044770725,516984
/localization/pose_estimator/pose_with_covariance,22044770725,1785816278164775446,41520933885337,22044770725,0
/localization/kinematic_state,22094770726,1785816278204820928,41520973930745,22094770726,0
/sensing/lidar/top/pointcloud_raw_ex,22094770726,1785816278210221363,41520979331475,22094770726,507160
/localization/pose_estimator/pose_with_covariance,22094770726,1785816278214752709,41520983863005,22094770726,0
/localization/kinematic_state,22144770727,1785816278254181805,41521023291674,22144770727,0
/sensing/lidar/top/pointcloud_raw_ex,22144770727,1785816278260077312,41521029187493,22144770727,519832
/localization/pose_estimator/pose_with_covariance,22144770727,1785816278264552758,41521033662818,22144770727,0
/localization/kinematic_state,22194770727,1785816278304014916,41521073124781,22194770727,0
/sensing/lidar/top/pointcloud_raw_ex,22194770727,1785816278311049404,41521080159811,22194770727,507416
/localization/pose_estimator/pose_with_covariance,22194770727,1785816278315443082,41521084553304,22194770727,0
/localization/kinematic_state,22244770728,1785816278355035719,41521124145434,22244770728,0
/sensing/lidar/top/pointcloud_raw_ex,22244770728,1785816278359648377,41521128758203,22244770728,515096
/localization/pose_estimator/pose_with_covariance,22244770728,1785816278364401726,41521133511562,22244770728,0
/localization/kinematic_state,22294770729,1785816278404836365,41521173946316,22294770729,0
/sensing/lidar/top/pointcloud_raw_ex,22294770729,1785816278411155707,41521180266066,22294770729,512024
/localization/pose_estimator/pose_with_covariance,22294770729,1785816278415863974,41521184974047,22294770729,0
/localization/kinematic_state,22344770730,1785816278454686171,41521223796032,22344770730,0
/sensing/lidar/top/pointcloud_raw_ex,22344770730,1785816278460533261,41521229643225,22344770730,513656
/localization/pose_estimator/pose_with_covariance,22344770730,1785816278465879352,41521234989600,22344770730,0
/localization/kinematic_state,22394770730,1785816278504852207,41521273961966,22394770730,0
/sensing/lidar/top/pointcloud_raw_ex,22394770730,1785816278511359356,41521280469901,22394770730,512728
/localization/pose_estimator/pose_with_covariance,22394770730,1785816278516579545,41521285689818,22394770730,0
/localization/kinematic_state,22444770731,1785816278555123725,41521324233712,22444770731,0
/sensing/lidar/top/pointcloud_raw_ex,22444770731,1785816278560177648,41521329287708,22444770731,512504
/localization/pose_estimator/pose_with_covariance,22444770731,1785816278565252787,41521334362934,22444770731,0
/localization/kinematic_state,22494770732,1785816278605020451,41521374130358,22494770732,0
/sensing/lidar/top/pointcloud_raw_ex,22494770732,1785816278612147613,41521381257782,22494770732,510136
/localization/pose_estimator/pose_with_covariance,22494770732,1785816278616663274,41521385773136,22494770732,0
/localization/kinematic_state,22544770733,1785816278654403032,41521423512956,22544770733,0
/sensing/lidar/top/pointcloud_raw_ex,22544770733,1785816278660360669,41521429470877,22544770733,516760
/localization/pose_estimator/pose_with_covariance,22544770733,1785816278664791937,41521433902088,22544770733,0
/localization/kinematic_state,22594770733,1785816278704354643,41521473464589,22594770733,0
/sensing/lidar/top/pointcloud_raw_ex,22594770733,1785816278710941297,41521480051501,22594770733,509944
/localization/pose_estimator/pose_with_covariance,22594770733,1785816278715103052,41521484213003,22594770733,0
/localization/kinematic_state,22644770734,1785816278754398427,41521523508517,22644770734,0
/sensing/lidar/top/pointcloud_raw_ex,22644770734,1785816278760169368,41521529279200,22644770734,520856
/localization/pose_estimator/pose_with_covariance,22644770734,1785816278766728027,41521535838172,22644770734,0
/localization/kinematic_state,22694770735,1785816278804759171,41521573869006,22694770735,0
/sensing/lidar/top/pointcloud_raw_ex,22694770735,1785816278812908594,41521582018741,22694770735,513400
/localization/pose_estimator/pose_with_covariance,22694770735,1785816278817790197,41521586900383,22694770735,0
/localization/kinematic_state,22744770736,1785816278854575262,41521623685171,22744770736,0
/sensing/lidar/top/pointcloud_raw_ex,22744770736,1785816278860397129,41521629507165,22744770736,515864
/localization/pose_estimator/pose_with_covariance,22744770736,1785816278865624305,41521634734546,22744770736,0
/localization/kinematic_state,22794770736,1785816278904815248,41521673925178,22794770736,0
/sensing/lidar/top/pointcloud_raw_ex,22794770736,1785816278912416293,41521681526367,22794770736,508568
/localization/pose_estimator/pose_with_covariance,22794770736,1785816278917223293,41521686333409,22794770736,0
/localization/kinematic_state,22844770737,1785816278955054678,41521724164493,22844770737,0
/sensing/lidar/top/pointcloud_raw_ex,22844770737,1785816278961246651,41521730356623,22844770737,513144
/localization/pose_estimator/pose_with_covariance,22844770737,1785816278967222274,41521736332248,22844770737,0
/localization/kinematic_state,22894770738,1785816279005201849,41521774311968,22894770738,0
/sensing/lidar/top/pointcloud_raw_ex,22894770738,1785816279011580556,41521780691032,22894770738,505400
/localization/pose_estimator/pose_with_covariance,22894770738,1785816279015728253,41521784838678,22894770738,0
/localization/kinematic_state,22944770738,1785816279056453292,41521825563239,22944770738,0
/sensing/lidar/top/pointcloud_raw_ex,22944770738,1785816279061769672,41521830879490,22944770738,514584
/localization/pose_estimator/pose_with_covariance,22944770738,1785816279067678354,41521836788583,22944770738,0
/localization/kinematic_state,22994770739,1785816279105831099,41521874940932,22994770739,0
/sensing/lidar/top/pointcloud_raw_ex,22994770739,1785816279112639481,41521881749756,22994770739,514904
/localization/pose_estimator/pose_with_covariance,22994770739,1785816279117210036,41521886320123,22994770739,0
/localization/kinematic_state,23044770740,1785816279156078656,41521925188648,23044770740,0
/sensing/lidar/top/pointcloud_raw_ex,23044770740,1785816279163099824,41521932209790,23044770740,512632
/localization/pose_estimator/pose_with_covariance,23044770740,1785816279167620071,41521936730141,23044770740,0
/localization/kinematic_state,23094770741,1785816279205676482,41521974786181,23094770741,0
/sensing/lidar/top/pointcloud_raw_ex,23094770741,1785816279211608828,41521980718703,23094770741,507256
/localization/pose_estimator/pose_with_covariance,23094770741,1785816279215496663,41521984606783,23094770741,0
/localization/kinematic_state,23144770741,1785816279256838341,41522025948296,23144770741,0
/sensing/lidar/top/pointcloud_raw_ex,23144770741,1785816279261827019,41522030937168,23144770741,519128
/localization/pose_estimator/pose_with_covariance,23144770741,1785816279268562193,41522037672379,23144770741,0
/localization/kinematic_state,23194770742,1785816279305942426,41522075052114,23194770742,0
/sensing/lidar/top/pointcloud_raw_ex,23194770742,1785816279312439490,41522081549381,23194770742,511864
/localization/pose_estimator/pose_with_covariance,23194770742,1785816279318077281,41522087187505,23194770742,0
/localization/kinematic_state,23244770743,1785816279355969971,41522125079918,23244770743,0
/sensing/lidar/top/pointcloud_raw_ex,23244770743,1785816279361305545,41522130415479,23244770743,518328
/localization/pose_estimator/pose_with_covariance,23244770743,1785816279366666463,41522135776147,23244770743,0
/localization/kinematic_state,23294770744,1785816279405418629,41522174528563,23294770744,0
/sensing/lidar/top/pointcloud_raw_ex,23294770744,1785816279412340651,41522181450889,23294770744,511384
/localization/pose_estimator/pose_with_covariance,23294770744,1785816279416940169,41522186050231,23294770744,0
/localization/kinematic_state,23344770744,1785816279456966333,41522226076397,23344770744,0
/sensing/lidar/top/pointcloud_raw_ex,23344770744,1785816279462730197,41522231840082,23344770744,514712
/localization/pose_estimator/pose_with_covariance,23344770744,1785816279467784889,41522236895052,23344770744,0
/localization/kinematic_state,23394770745,1785816279506449311,41522275559126,23394770745,0
/sensing/lidar/top/pointcloud_raw_ex,23394770745,1785816279515738420,41522284848719,23394770745,506424
/localization/pose_estimator/pose_with_covariance,23394770745,1785816279520462714,41522289573117,23394770745,0
/localization/kinematic_state,23444770746,1785816279557096880,41522326207203,23444770746,0
/sensing/lidar/top/pointcloud_raw_ex,23444770746,1785816279562462190,41522331572184,23444770746,517176
/localization/pose_estimator/pose_with_covariance,23444770746,1785816279569729169,41522338839375,23444770746,0
/localization/kinematic_state,23494770747,1785816279606462471,41522375572192,23494770747,0
/sensing/lidar/top/pointcloud_raw_ex,23494770747,1785816279616131822,41522385242366,23494770747,507352
/localization/pose_estimator/pose_with_covariance,23494770747,1785816279620357139,41522389467181,23494770747,0
/localization/kinematic_state,23544770747,1785816279657981667,41522427091801,23544770747,0
/sensing/lidar/top/pointcloud_raw_ex,23544770747,1785816279662153802,41522431263673,23544770747,512792
/localization/pose_estimator/pose_with_covariance,23544770747,1785816279667525665,41522436635994,23544770747,0
/localization/kinematic_state,23594770748,1785816279707208169,41522476318060,23594770748,0
/sensing/lidar/top/pointcloud_raw_ex,23594770748,1785816279714763935,41522483874343,23594770748,511832
/localization/pose_estimator/pose_with_covariance,23594770748,1785816279719203796,41522488313524,23594770748,0
/localization/kinematic_state,23644770749,1785816279757002826,41522526112592,23644770749,0
/sensing/lidar/top/pointcloud_raw_ex,23644770749,1785816279765037201,41522534147545,23644770749,515864
/localization/pose_estimator/pose_with_covariance,23644770749,1785816279770572435,41522539683201,23644770749,0
/localization/kinematic_state,23694770750,1785816279807108363,41522576218285,23694770750,0
/sensing/lidar/top/pointcloud_raw_ex,23694770750,1785816279813655126,41522582765623,23694770750,507416
/localization/pose_estimator/pose_with_covariance,23694770750,1785816279819202682,41522588312639,23694770750,0
/localization/kinematic_state,23744770750,1785816279856987715,41522626097604,23744770750,0
/sensing/lidar/top/pointcloud_raw_ex,23744770750,1785816279864581626,41522633691470,23744770750,516664
/localization/pose_estimator/pose_with_covariance,23744770750,1785816279869848428,41522638958694,23744770750,0
/localization/kinematic_state,23794770751,1785816279906725621,41522675835451,23794770751,0
/sensing/lidar/top/pointcloud_raw_ex,23794770751,1785816279914479268,41522683589233,23794770751,511640
/localization/pose_estimator/pose_with_covariance,23794770751,1785816279918612366,41522687722297,23794770751,0
/localization/kinematic_state,23844770752,1785816279956881559,41522725991643,23844770752,0
/sensing/lidar/top/pointcloud_raw_ex,23844770752,1785816279963701701,41522732811913,23844770752,516952
/localization/pose_estimator/pose_with_covariance,23844770752,1785816279971087070,41522740197306,23844770752,0
/localization/kinematic_state,23894770753,1785816280007268200,41522776377913,23894770753,0
/sensing/lidar/top/pointcloud_raw_ex,23894770753,1785816280014418188,41522783528070,23894770753,510616
/localization/pose_estimator/pose_with_covariance,23894770753,1785816280018470836,41522787580905,23894770753,0
/localization/kinematic_state,23944770753,1785816280057404666,41522826514560,23944770753,0
/sensing/lidar/top/pointcloud_raw_ex,23944770753,1785816280064965328,41522834075395,23944770753,516440
/localization/pose_estimator/pose_with_covariance,23944770753,1785816280070029115,41522839139099,23944770753,0
/localization/kinematic_state,23994770754,1785816280107746909,41522876856653,23994770754,0
/sensing/lidar/top/pointcloud_raw_ex,23994770754,1785816280115111284,41522884222027,23994770754,509944
/localization/pose_estimator/pose_with_covariance,23994770754,1785816280119458772,41522888568864,23994770754,0
/localization/kinematic_state,24044770755,1785816280158549770,41522927659748,24044770755,0
/sensing/lidar/top/pointcloud_raw_ex,24044770755,1785816280163169180,41522932279009,24044770755,516248
/localization/pose_estimator/pose_with_covariance,24044770755,1785816280167459973,41522936570234,24044770755,0
/localization/kinematic_state,24094770756,1785816280207752414,41522976862356,24094770756,0
/sensing/lidar/top/pointcloud_raw_ex,24094770756,1785816280215410777,41522984521162,24094770756,513944
/localization/pose_estimator/pose_with_covariance,24094770756,1785816280219572295,41522988682284,24094770756,0
/localization/kinematic_state,24144770756,1785816280258117992,41523027227760,24144770756,0
/sensing/lidar/top/pointcloud_raw_ex,24144770756,1785816280263418866,41523032528944,24144770756,515800
/localization/pose_estimator/pose_with_covariance,24144770756,1785816280268239775,41523037349780,24144770756,0
/localization/kinematic_state,24194770757,1785816280308333850,41523077443651,24194770757,0
/sensing/lidar/top/pointcloud_raw_ex,24194770757,1785816280317381261,41523086491361,24194770757,510040
/localization/pose_estimator/pose_with_covariance,24194770757,1785816280323480120,41523092590618,24194770757,0
/localization/kinematic_state,24244770758,1785816280357827708,41523126937623,24244770758,0
/sensing/lidar/top/pointcloud_raw_ex,24244770758,1785816280365154282,41523134264665,24244770758,516152
/localization/pose_estimator/pose_with_covariance,24244770758,1785816280370970613,41523140081099,24244770758,0
/localization/kinematic_state,24294770759,1785816280409631651,41523178741602,24294770759,0
/sensing/lidar/top/pointcloud_raw_ex,24294770759,1785816280415181957,41523184292275,24294770759,507992
/localization/pose_estimator/pose_with_covariance,24294770759,1785816280419527317,41523188637321,24294770759,0
/localization/kinematic_state,24344770759,1785816280458745349,41523227855314,24344770759,0
/sensing/lidar/top/pointcloud_raw_ex,24344770759,1785816280464340274,41523233450229,24344770759,515384
/localization/pose_estimator/pose_with_covariance,24344770759,1785816280468825523,41523237935719,24344770759,0
/localization/kinematic_state,24394770760,1785816280508530219,41523277640084,24394770760,0
/sensing/lidar/top/pointcloud_raw_ex,24394770760,1785816280515591881,41523284701996,24394770760,510968
/localization/pose_estimator/pose_with_covariance,24394770760,1785816280520464450,41523289574329,24394770760,0
/localization/kinematic_state,24444770761,1785816280559778752,41523328888732,24444770761,0
/sensing/lidar/top/pointcloud_raw_ex,24444770761,1785816280564577219,41523333687310,24444770761,517784
/localization/pose_estimator/pose_with_covariance,24444770761,1785816280571423895,41523340533720,24444770761,0
/localization/kinematic_state,24494770762,1785816280608604065,41523377713810,24494770762,0
/sensing/lidar/top/pointcloud_raw_ex,24494770762,1785816280615981579,41523385091775,24494770762,512088
/localization/pose_estimator/pose_with_covariance,24494770762,1785816280621916242,41523391026311,24494770762,0
/localization/kinematic_state,24544770762,1785816280658567530,41523427677412,24544770762,0
/sensing/lidar/top/pointcloud_raw_ex,24544770762,1785816280664563325,41523433673602,24544770762,514296
/localization/pose_estimator/pose_with_covariance,24544770762,1785816280670883340,41523439993464,24544770762,0
/localization/kinematic_state,24594770763,1785816280709174066,41523478284538,24594770763,0
/sensing/lidar/top/pointcloud_raw_ex,24594770763,1785816280715429347,41523484539498,24594770763,504408
/localization/pose_estimator/pose_with_covariance,24594770763,1785816280720368339,41523489478004,24594770763,0
/localization/kinematic_state,24644770764,1785816280758652226,41523527762182,24644770764,0
/sensing/lidar/top/pointcloud_raw_ex,24644770764,1785816280767889024,41523536999704,24644770764,517112
/localization/pose_estimator/pose_with_covariance,24644770764,1785816280772767067,41523541876911,24644770764,0
/localization/kinematic_state,24694770765,1785816280809055541,41523578165514,24694770765,0
/sensing/lidar/top/pointcloud_raw_ex,24694770765,1785816280815462897,41523584613643,24694770765,512216
/localization/pose_estimator/pose_with_covariance,24694770765,1785816280820263777,41523589373879,24694770765,0
/localization/kinematic_state,24744770765,1785816280859232202,41523628342880,24744770765,0
/sensing/lidar/top/pointcloud_raw_ex,24744770765,1785816280865402892,41523634513221,24744770765,512472
/localization/pose_estimator/pose_with_covariance,24744770765,1785816280870713414,41523639823609,24744770765,0
/localization/kinematic_state,24794770766,1785816280908852772,41523677962686,24794770766,0
/sensing/lidar/top/pointcloud_raw_ex,24794770766,1785816280916118762,41523685228903,24794770766,511864
/localization/pose_estimator/pose_with_covariance,24794770766,1785816280920508504,41523689618516,24794770766,0
/localization/kinematic_state,24844770767,1785816280959682124,41523728792266,24844770767,0
/sensing/lidar/top/pointcloud_raw_ex,24844770767,1785816280966648096,41523735758349,24844770767,517240
/localization/pose_estimator/pose_with_covariance,24844770767,1785816280973527281,41523742637282,24844770767,0
/localization/kinematic_state,24894770768,1785816281009405474,41523778515368,24894770768,0
/sensing/lidar/top/pointcloud_raw_ex,24894770768,1785816281014573750,41523783683533,24894770768,507000
/localization/pose_estimator/pose_with_covariance,24894770768,1785816281020971997,41523790081938,24894770768,0
/localization/kinematic_state,24944770768,1785816281059329189,41523828439274,24944770768,0
/sensing/lidar/top/pointcloud_raw_ex,24944770768,1785816281067003818,41523836113963,24944770768,515352
/localization/pose_estimator/pose_with_covariance,24944770768,1785816281071885526,41523840995429,24944770768,0
/localization/kinematic_state,24994770769,1785816281110483618,41523879593947,24994770769,0
/sensing/lidar/top/pointcloud_raw_ex,24994770769,1785816281116161334,41523885271699,24994770769,507064
/localization/pose_estimator/pose_with_covariance,24994770769,1785816281121881968,41523890992137,24994770769,0
/localization/kinematic_state,25044770770,1785816281161017926,41523930127904,25044770770,0
/sensing/lidar/top/pointcloud_raw_ex,25044770770,1785816281166040548,41523935150861,25044770770,514040
/localization/pose_estimator/pose_with_covariance,25044770770,1785816281171426948,41523940536810,25044770770,0
/localization/kinematic_state,25094770771,1785816281209507216,41523978617311,25094770771,0
/sensing/lidar/top/pointcloud_raw_ex,25094770771,1785816281217594848,41523986705115,25094770771,513624
/localization/pose_estimator/pose_with_covariance,25094770771,1785816281222346773,41523991456708,25094770771,0
/localization/kinematic_state,25144770771,1785816281259443899,41524028553868,25144770771,0
/sensing/lidar/top/pointcloud_raw_ex,25144770771,1785816281265754955,41524034865071,25144770771,520568
/localization/pose_estimator/pose_with_covariance,25144770771,1785816281272252184,41524041362016,25144770771,0
/localization/kinematic_state,25194770772,1785816281310941363,41524080051434,25194770772,0
/sensing/lidar/top/pointcloud_raw_ex,25194770772,1785816281316205598,41524085315690,25194770772,513624
/localization/pose_estimator/pose_with_covariance,25194770772,1785816281320882107,41524089992417,25194770772,0
/localization/kinematic_state,25244770773,1785816281359429795,41524128540197,25244770773,0
/sensing/lidar/top/pointcloud_raw_ex,25244770773,1785816281366088311,41524135198444,25244770773,510296
/localization/pose_estimator/pose_with_covariance,25244770773,1785816281371528534,41524140638353,25244770773,0
/localization/kinematic_state,25294770774,1785816281409967175,41524179077017,25294770774,0
/sensing/lidar/top/pointcloud_raw_ex,25294770774,1785816281419714435,41524188824799,25294770774,507960
/localization/pose_estimator/pose_with_covariance,25294770774,1785816281424399488,41524193509706,25294770774,0
/localization/kinematic_state,25344770774,1785816281460292973,41524229402949,25344770774,0
/sensing/lidar/top/pointcloud_raw_ex,25344770774,1785816281466868012,41524235977927,25344770774,512856
/localization/pose_estimator/pose_with_covariance,25344770774,1785816281472780949,41524241890967,25344770774,0
/localization/kinematic_state,25394770775,1785816281510951082,41524280060982,25394770775,0
/sensing/lidar/top/pointcloud_raw_ex,25394770775,1785816281516525183,41524285635507,25394770775,509336
/localization/pose_estimator/pose_with_covariance,25394770775,1785816281521021678,41524290131687,25394770775,0
/localization/kinematic_state,25444770776,1785816281560912244,41524330022498,25444770776,0
/sensing/lidar/top/pointcloud_raw_ex,25444770776,1785816281566904283,41524336014498,25444770776,517048
/localization/pose_estimator/pose_with_covariance,25444770776,1785816281571492257,41524340602238,25444770776,0
/localization/kinematic_state,25494770776,1785816281609968603,41524379078398,25494770776,0
/sensing/lidar/top/pointcloud_raw_ex,25494770776,1785816281616479979,41524385590195,25494770776,512216
/localization/pose_estimator/pose_with_covariance,25494770776,1785816281621571438,41524390681406,25494770776,0
/localization/kinematic_state,25544770777,1785816281661135075,41524430245182,25544770777,0
/sensing/lidar/top/pointcloud_raw_ex,25544770777,1785816281668371954,41524437481869,25544770777,514232
/localization/pose_estimator/pose_with_covariance,25544770777,1785816281673445765,41524442555767,25544770777,0
/localization/kinematic_state,25594770778,1785816281710867215,41524479977260,25594770778,0
/sensing/lidar/top/pointcloud_raw_ex,25594770778,1785816281719852481,41524488963011,25594770778,506488
/localization/pose_estimator/pose_with_covariance,25594770778,1785816281724610455,41524493720576,25594770778,0
/localization/kinematic_state,25644770779,1785816281761166586,41524530276609,25644770779,0
/sensing/lidar/top/pointcloud_raw_ex,25644770779,1785816281766429966,41524535539749,25644770779,519384
/localization/pose_estimator/pose_with_covariance,25644770779,1785816281772855904,41524541965976,25644770779,0
/localization/kinematic_state,25694770779,1785816281810956630,41524580066565,25694770779,0
/sensing/lidar/top/pointcloud_raw_ex,25694770779,1785816281817174407,41524586284429,25694770779,504536
/localization/pose_estimator/pose_with_covariance,25694770779,1785816281822016674,41524591126634,25694770779,0
/localization/kinematic_state,25744770780,1785816281860808008,41524629917881,25744770780,0
/sensing/lidar/top/pointcloud_raw_ex,25744770780,1785816281866985473,41524636095362,25744770780,519096
/localization/pose_estimator/pose_with_covariance,25744770780,1785816281871731090,41524640841237,25744770780,0
/localization/kinematic_state,25794770781,1785816281910825368,41524679935191,25794770781,0
/sensing/lidar/top/pointcloud_raw_ex,25794770781,1785816281916846136,41524685956394,25794770781,509080
/localization/pose_estimator/pose_with_covariance,25794770781,1785816281922327842,41524691437770,25794770781,0
/localization/kinematic_state,25844770782,1785816281961179319,41524730289274,25844770782,0
/sensing/lidar/top/pointcloud_raw_ex,25844770782,1785816281966624797,41524735734825,25844770782,518904
/localization/pose_estimator/pose_with_covariance,25844770782,1785816281972834747,41524741944968,25844770782,0
/localization/kinematic_state,25894770782,1785816282011917830,41524781027838,25894770782,0
/sensing/lidar/top/pointcloud_raw_ex,25894770782,1785816282017986960,41524787097196,25894770782,510392
/localization/pose_estimator/pose_with_covariance,25894770782,1785816282022704840,41524791815148,25894770782,0
/localization/kinematic_state,25944770783,1785816282061957879,41524831067873,25944770783,0
/sensing/lidar/top/pointcloud_raw_ex,25944770783,1785816282068881549,41524837991527,25944770783,520024
/localization/pose_estimator/pose_with_covariance,25944770783,1785816282073570676,41524842680531,25944770783,0
/localization/kinematic_state,25994770784,1785816282111151406,41524880261139,25994770784,0
/sensing/lidar/top/pointcloud_raw_ex,25994770784,1785816282119410603,41524888520433,25994770784,512312
/localization/pose_estimator/pose_with_covariance,25994770784,1785816282124428805,41524893538764,25994770784,0
/localization/kinematic_state,26044770785,1785816282161584179,41524930694109,26044770785,0
/sensing/lidar/top/pointcloud_raw_ex,26044770785,1785816282168791629,41524937902099,26044770785,516856
/localization/pose_estimator/pose_with_covariance,26044770785,1785816282176570593,41524945680661,26044770785,0
/localization/kinematic_state,26094770785,1785816282211584779,41524980694990,26094770785,0
/sensing/lidar/top/pointcloud_raw_ex,26094770785,1785816282219397296,41524988507511,26094770785,514744
/localization/pose_estimator/pose_with_covariance,26094770785,1785816282225178425,41524994288633,26094770785,0
/localization/kinematic_state,26144770786,1785816282261502121,41525030611869,26144770786,0
/sensing/lidar/top/pointcloud_raw_ex,26144770786,1785816282268060122,41525037170375,26144770786,519064
/localization/pose_estimator/pose_with_covariance,26144770786,1785816282272618790,41525041729658,26144770786,0
/localization/kinematic_state,26194770787,1785816282311558170,41525080668016,26194770787,0
/sensing/lidar/top/pointcloud_raw_ex,26194770787,1785816282318317130,41525087427275,26194770787,507864
/localization/pose_estimator/pose_with_covariance,26194770787,1785816282322654901,41525091764887,26194770787,0
/localization/kinematic_state,26244770788,1785816282362489968,41525131599809,26244770788,0
/sensing/lidar/top/pointcloud_raw_ex,26244770788,1785816282368071357,41525137181081,26244770788,512696
/localization/pose_estimator/pose_with_covariance,26244770788,1785816282372646774,41525141756469,26244770788,0
/localization/kinematic_state,26294770788,1785816282412070450,41525181180528,26294770788,0
/sensing/lidar/top/pointcloud_raw_ex,26294770788,1785816282418669313,41525187779513,26294770788,515864
/localization/pose_estimator/pose_with_covariance,26294770788,1785816282424615678,41525193725646,26294770788,0
/localization/kinematic_state,26344770789,1785816282462413442,41525231523357,26344770789,0
/sensing/lidar/top/pointcloud_raw_ex,26344770789,1785816282469143079,41525238253370,26344770789,513016
/localization/pose_estimator/pose_with_covariance,26344770789,1785816282473806961,41525242916900,26344770789,0
/localization/kinematic_state,26394770790,1785816282512858182,41525281968094,26394770790,0
/sensing/lidar/top/pointcloud_raw_ex,26394770790,1785816282519431004,41525288541343,26394770790,510360
/localization/pose_estimator/pose_with_covariance,26394770790,1785816282524090668,41525293200925,26394770790,0
/localization/kinematic_state,26444770791,1785816282562339381,41525331449388,26444770791,0
/sensing/lidar/top/pointcloud_raw_ex,26444770791,1785816282568971004,41525338081204,26444770791,511576
/localization/pose_estimator/pose_with_covariance,26444770791,1785816282573861846,41525342971948,26444770791,0
/localization/kinematic_state,26494770791,1785816282613209226,41525382319222,26494770791,0
/sensing/lidar/top/pointcloud_raw_ex,26494770791,1785816282618898852,41525388008942,26494770791,510808
/localization/pose_estimator/pose_with_covariance,26494770791,1785816282622836822,41525391946856,26494770791,0
/localization/kinematic_state,26544770792,1785816282664141173,41525433251312,26544770792,0
/sensing/lidar/top/pointcloud_raw_ex,26544770792,1785816282668624945,41525437734744,26544770792,511864
/localization/pose_estimator/pose_with_covariance,26544770792,1785816282674506988,41525443617221,26544770792,0
/localization/kinematic_state,26594770793,1785816282713898399,41525483008496,26594770793,0
/sensing/lidar/top/pointcloud_raw_ex,26594770793,1785816282719382802,41525488492973,26594770793,511864
/localization/pose_estimator/pose_with_covariance,26594770793,1785816282725908977,41525495018886,26594770793,0
/localization/kinematic_state,26644770794,1785816282762575487,41525531685335,26644770794,0
/sensing/lidar/top/pointcloud_raw_ex,26644770794,1785816282769102748,41525538213070,26644770794,518936
/localization/pose_estimator/pose_with_covariance,26644770794,1785816282775790501,41525544900521,26644770794,0
/localization/kinematic_state,26694770794,1785816282814487780,41525583597673,26694770794,0
/sensing/lidar/top/pointcloud_raw_ex,26694770794,1785816282819735005,41525588844881,26694770794,510360
/localization/pose_estimator/pose_with_covariance,26694770794,1785816282825179972,41525594289988,26694770794,0
/localization/kinematic_state,26744770795,1785816282864290191,41525633400404,26744770795,0
/sensing/lidar/top/pointcloud_raw_ex,26744770795,1785816282869682130,41525638791997,26744770795,517880
/localization/pose_estimator/pose_with_covariance,26744770795,1785816282876626964,41525645736794,26744770795,0
/localization/kinematic_state,26794770796,1785816282914187706,41525683297465,26794770796,0
/sensing/lidar/top/pointcloud_raw_ex,26794770796,1785816282920489577,41525689599599,26794770796,509656
/localization/pose_estimator/pose_with_covariance,26794770796,1785816282925624263,41525694734505,26794770796,0
/localization/kinematic_state,26844770797,1785816282966805225,41525735915299,26844770797,0
/sensing/lidar/top/pointcloud_raw_ex,26844770797,1785816282969112354,41525738222045,26844770797,516600
/localization/pose_estimator/pose_with_covariance,26844770797,1785816282973738629,41525742848628,26844770797,0
/localization/kinematic_state,26894770797,1785816283014571174,41525783680922,26894770797,0
/sensing/lidar/top/pointcloud_raw_ex,26894770797,1785816283020287961,41525789397955,26894770797,507768
/localization/pose_estimator/pose_with_covariance,26894770797,1785816283024573511,41525793683726,26894770797,0
/localization/kinematic_state,26944770798,1785816283063704399,41525832814413,26944770798,0
/sensing/lidar/top/pointcloud_raw_ex,26944770798,1785816283070369334,41525839479361,26944770798,516920
/localization/pose_estimator/pose_with_covariance,26944770798,1785816283076268191,41525845378254,26944770798,0
/localization/kinematic_state,26994770799,1785816283113939579,41525883049323,26994770799,0
/sensing/lidar/top/pointcloud_raw_ex,26994770799,1785816283120679909,41525889790071,26994770799,509464
/localization/pose_estimator/pose_with_covariance,26994770799,1785816283126364590,41525895474524,26994770799,0
/localization/kinematic_state,27044770800,1785816283163678568,41525932788436,27044770800,0
/sensing/lidar/top/pointcloud_raw_ex,27044770800,1785816283171284881,41525940394931,27044770800,511320
/localization/pose_estimator/pose_with_covariance,27044770800,1785816283176558705,41525945668923,27044770800,0
/localization/kinematic_state,27094770800,1785816283214209275,41525983319099,27094770800,0
/sensing/lidar/top/pointcloud_raw_ex,27094770800,1785816283220583001,41525989692806,27094770800,509208
/localization/pose_estimator/pose_with_covariance,27094770800,1785816283225761152,41525994871119,27094770800,0
/localization/kinematic_state,27144770801,1785816283264278522,41526033388526,27144770801,0
/sensing/lidar/top/pointcloud_raw_ex,27144770801,1785816283269651088,41526038761231,27144770801,511768
/localization/pose_estimator/pose_with_covariance,27144770801,1785816283275668798,41526044778699,27144770801,0
/localization/kinematic_state,27194770802,1785816283314506177,41526083616092,27194770802,0
/sensing/lidar/top/pointcloud_raw_ex,27194770802,1785816283320807808,41526089918175,27194770802,509624
/localization/pose_estimator/pose_with_covariance,27194770802,1785816283325671794,41526094781612,27194770802,0
/localization/kinematic_state,27244770803,1785816283364259116,41526133369148,27244770803,0
/sensing/lidar/top/pointcloud_raw_ex,27244770803,1785816283370172240,41526139282375,27244770803,516888
/localization/pose_estimator/pose_with_covariance,27244770803,1785816283376362034,41526145472147,27244770803,0
/localization/kinematic_state,27294770803,1785816283417982313,41526187092466,27294770803,0
/sensing/lidar/top/pointcloud_raw_ex,27294770803,1785816283420558127,41526189667922,27294770803,508664
/localization/pose_estimator/pose_with_covariance,27294770803,1785816283425703568,41526194813394,27294770803,0
/localization/kinematic_state,27344770804,1785816283465835505,41526234945858,27344770804,0
/sensing/lidar/top/pointcloud_raw_ex,27344770804,1785816283472517336,41526241627313,27344770804,516696
/localization/pose_estimator/pose_with_covariance,27344770804,1785816283479160364,41526248270412,27344770804,0
/localization/kinematic_state,27394770805,1785816283514398562,41526283508578,27394770805,0
/sensing/lidar/top/pointcloud_raw_ex,27394770805,1785816283521149293,41526290259519,27394770805,506136
/localization/pose_estimator/pose_with_covariance,27394770805,1785816283525333295,41526294443390,27394770805,0
/localization/kinematic_state,27444770806,1785816283565169297,41526334279473,27444770806,0
/sensing/lidar/top/pointcloud_raw_ex,27444770806,1785816283571435987,41526340545918,27444770806,518616
/localization/pose_estimator/pose_with_covariance,27444770806,1785816283576730453,41526345840825,27444770806,0
/localization/kinematic_state,27494770806,1785816283614148972,41526383258827,27494770806,0
/sensing/lidar/top/pointcloud_raw_ex,27494770806,1785816283623558909,41526392669114,27494770806,509816
/localization/pose_estimator/pose_with_covariance,27494770806,1785816283627673193,41526396783163,27494770806,0
/localization/kinematic_state,27544770807,1785816283665285846,41526434395799,27544770807,0
/sensing/lidar/top/pointcloud_raw_ex,27544770807,1785816283670178735,41526439288697,27544770807,511768
/localization/pose_estimator/pose_with_covariance,27544770807,1785816283676720877,41526445830861,27544770807,0
/localization/kinematic_state,27594770808,1785816283714571557,41526483681309,27594770808,0
/sensing/lidar/top/pointcloud_raw_ex,27594770808,1785816283721204203,41526490314561,27594770808,511896
/localization/pose_estimator/pose_with_covariance,27594770808,1785816283725860450,41526494970620,27594770808,0
/localization/kinematic_state,27644770809,1785816283764888097,41526533997830,27644770809,0
/sensing/lidar/top/pointcloud_raw_ex,27644770809,1785816283770709246,41526539819658,27644770809,514360
/localization/pose_estimator/pose_with_covariance,27644770809,1785816283775314582,41526544424522,27644770809,0
/localization/kinematic_state,27694770809,1785816283815351991,41526584461909,27694770809,0
/sensing/lidar/top/pointcloud_raw_ex,27694770809,1785816283821728410,41526590838784,27694770809,511096
/localization/pose_estimator/pose_with_covariance,27694770809,1785816283825835152,41526594944842,27694770809,0
/localization/kinematic_state,27744770810,1785816283865228134,41526634338013,27744770810,0
/sensing/lidar/top/pointcloud_raw_ex,27744770810,1785816283871600107,41526640710424,27744770810,515672
/localization/pose_estimator/pose_with_covariance,27744770810,1785816283877815169,41526646925198,27744770810,0
/localization/kinematic_state,27794770811,1785816283915460910,41526684570807,27794770811,0
/sensing/lidar/top/pointcloud_raw_ex,27794770811,1785816283922536249,41526691646323,27794770811,512952
/localization/pose_estimator/pose_with_covariance,27794770811,1785816283928017310,41526697127193,27794770811,0
/localization/kinematic_state,27844770812,1785816283965823250,41526734933149,27844770812,0
/sensing/lidar/top/pointcloud_raw_ex,27844770812,1785816283970841569,41526739951586,27844770812,515608
/localization/pose_estimator/pose_with_covariance,27844770812,1785816283975641122,41526744751324,27844770812,0
/localization/kinematic_state,27894770812,1785816284015346670,41526784456689,27894770812,0
/sensing/lidar/top/pointcloud_raw_ex,27894770812,1785816284021943425,41526791053500,27894770812,511160
/localization/pose_estimator/pose_with_covariance,27894770812,1785816284026696973,41526795807036,27894770812,0
/localization/kinematic_state,27944770813,1785816284065738886,41526834848838,27944770813,0
/sensing/lidar/top/pointcloud_raw_ex,27944770813,1785816284071996724,41526841106559,27944770813,516952
/localization/pose_estimator/pose_with_covariance,27944770813,1785816284077954023,41526847064040,27944770813,0
/localization/kinematic_state,27994770814,1785816284121805567,41526890915624,27994770814,0
/sensing/lidar/top/pointcloud_raw_ex,27994770814,1785816284127034683,41526896144972,27994770814,511928
/localization/pose_estimator/pose_with_covariance,27994770814,1785816284132482968,41526901593211,27994770814,0
/localization/kinematic_state,28044770814,1785816284165963753,41526935074050,28044770814,0
/sensing/lidar/top/pointcloud_raw_ex,28044770814,1785816284172471700,41526941581942,28044770814,512088
/localization/pose_estimator/pose_with_covariance,28044770814,1785816284177464797,41526946574748,28044770814,0
/localization/kinematic_state,28094770815,1785816284215685166,41526984795095,28094770815,0
/sensing/lidar/top/pointcloud_raw_ex,28094770815,1785816284223112193,41526992222443,28094770815,511192
/localization/pose_estimator/pose_with_covariance,28094770815,1785816284228926350,41526998036649,28094770815,0
/localization/kinematic_state,28144770816,1785816284266278929,41527035388872,28144770816,0
/sensing/lidar/top/pointcloud_raw_ex,28144770816,1785816284274352614,41527043462968,28144770816,515896
/localization/pose_estimator/pose_with_covariance,28144770816,1785816284279454900,41527048564985,28144770816,0
/localization/kinematic_state,28194770817,1785816284316160003,41527085269728,28194770817,0
/sensing/lidar/top/pointcloud_raw_ex,28194770817,1785816284322431667,41527091541936,28194770817,513144
/localization/pose_estimator/pose_with_covariance,28194770817,1785816284328392925,41527097503047,28194770817,0
/localization/kinematic_state,28244770817,1785816284367406528,41527136516521,28244770817,0
/sensing/lidar/top/pointcloud_raw_ex,28244770817,1785816284372604306,41527141714608,28244770817,515768
/localization/pose_estimator/pose_with_covariance,28244770817,1785816284378061686,41527147171817,28244770817,0
/localization/kinematic_state,28294770818,1785816284416652745,41527185762479,28294770818,0
/sensing/lidar/top/pointcloud_raw_ex,28294770818,1785816284424613964,41527193724072,28294770818,507128
/localization/pose_estimator/pose_with_covariance,28294770818,1785816284429483407,41527198593642,28294770818,0
/localization/kinematic_state,28344770819,1785816284466845220,41527235955208,28344770819,0
/sensing/lidar/top/pointcloud_raw_ex,28344770819,1785816284472425969,41527241535917,28344770819,519896
/localization/pose_estimator/pose_with_covariance,28344770819,1785816284477466998,41527246577289,28344770819,0
/localization/kinematic_state,28394770820,1785816284516759600,41527285869366,28394770820,0
/sensing/lidar/top/pointcloud_raw_ex,28394770820,1785816284523279062,41527292389184,28394770820,513336
/localization/pose_estimator/pose_with_covariance,28394770820,1785816284528585633,41527297695621,28394770820,0
/localization/kinematic_state,28444770820,1785816284567040746,41527336150701,28444770820,0
/sensing/lidar/top/pointcloud_raw_ex,28444770820,1785816284574002025,41527343112124,28444770820,513976
/localization/pose_estimator/pose_with_covariance,28444770820,1785816284579419657,41527348529666,28444770820,0
/localization/kinematic_state,28494770821,1785816284617172528,41527386282441,28494770821,0
/sensing/lidar/top/pointcloud_raw_ex,28494770821,1785816284625190457,41527394300835,28494770821,510808
/localization/pose_estimator/pose_with_covariance,28494770821,1785816284629230651,41527398340459,28494770821,0
/localization/kinematic_state,28544770822,1785816284667122678,41527436232685,28544770822,0
/sensing/lidar/top/pointcloud_raw_ex,28544770822,1785816284672530175,41527441640234,28544770822,514744
/localization/pose_estimator/pose_with_covariance,28544770822,1785816284677540526,41527446650397,28544770822,0
/localization/kinematic_state,28594770823,1785816284716932558,41527486042522,28594770823,0
/sensing/lidar/top/pointcloud_raw_ex,28594770823,1785816284723016717,41527492126708,28594770823,509880
/localization/pose_estimator/pose_with_covariance,28594770823,1785816284727505369,41527496615294,28594770823,0
/localization/kinematic_state,28644770823,1785816284767067951,41527536177846,28644770823,0
/sensing/lidar/top/pointcloud_raw_ex,28644770823,1785816284772596861,41527541706950,28644770823,519960
/localization/pose_estimator/pose_with_covariance,28644770823,1785816284778155368,41527547265616,28644770823,0
/localization/kinematic_state,28694770824,1785816284817396363,41527586506401,28694770824,0
/sensing/lidar/top/pointcloud_raw_ex,28694770824,1785816284825466129,41527594576597,28694770824,509400
/localization/pose_estimator/pose_with_covariance,28694770824,1785816284829656046,41527598766040,28694770824,0
/localization/kinematic_state,28744770825,1785816284868056261,41527637200343,28744770825,0
/sensing/lidar/top/pointcloud_raw_ex,28744770825,1785816284873651240,41527642761291,28744770825,517720
/localization/pose_estimator/pose_with_covariance,28744770825,1785816284878223073,41527647332906,28744770825,0
/localization/kinematic_state,28794770826,1785816284917636431,41527686746294,28794770826,0
/sensing/lidar/top/pointcloud_raw_ex,28794770826,1785816284925544053,41527694654257,28794770826,509016
/localization/pose_estimator/pose_with_covariance,28794770826,1785816284930535922,41527699646163,28794770826,0
/localization/kinematic_state,28844770826,1785816284968212011,41527737321855,28844770826,0
/sensing/lidar/top/pointcloud_raw_ex,28844770826,1785816284974762380,41527743872630,28844770826,513592
/localization/pose_estimator/pose_with_covariance,28844770826,1785816284979830642,41527748940464,28844770826,0
/localization/kinematic_state,28894770827,1785816285017925307,41527787035162,28894770827,0
/sensing/lidar/top/pointcloud_raw_ex,28894770827,1785816285025782386,41527794892703,28894770827,512472
/localization/pose_estimator/pose_with_covariance,28894770827,1785816285030885025,41527799995250,28894770827,0
/localization/kinematic_state,28944770828,1785816285067742654,41527836852652,28944770828,0
/sensing/lidar/top/pointcloud_raw_ex,28944770828,1785816285073390556,41527842500739,28944770828,519000
/localization/pose_estimator/pose_with_covariance,28944770828,1785816285078395042,41527847505123,28944770828,0
/localization/kinematic_state,28994770829,1785816285117816334,41527886926362,28994770829,0
/sensing/lidar/top/pointcloud_raw_ex,28994770829,1785816285124346962,41527893456915,28994770829,513368
/localization/pose_estimator/pose_with_covariance,28994770829,1785816285129920731,41527899030692,28994770829,0
/localization/kinematic_state,29044770829,1785816285167990161,41527937100143,29044770829,0
/sensing/lidar/top/pointcloud_raw_ex,29044770829,1785816285174435397,41527943545436,29044770829,514872
/localization/pose_estimator/pose_with_covariance,29044770829,1785816285179576683,41527948686469,29044770829,0
/localization/kinematic_state,29094770830,1785816285219669495,41527988779605,29094770830,0
/sensing/lidar/top/pointcloud_raw_ex,29094770830,1785816285225589950,41527994700190,29094770830,512344
/localization/pose_estimator/pose_with_covariance,29094770830,1785816285230934988,41528000044950,29094770830,0
/localization/kinematic_state,29144770831,1785816285268544633,41528037654760,29144770831,0
/sensing/lidar/top/pointcloud_raw_ex,29144770831,1785816285273670902,41528042781079,29144770831,515064
/localization/pose_estimator/pose_with_covariance,29144770831,1785816285278701314,41528047811631,29144770831,0
/localization/kinematic_state,29194770832,1785816285318798206,41528087908203,29194770832,0
/sensing/lidar/top/pointcloud_raw_ex,29194770832,1785816285325006883,41528094117048,29194770832,506712
/localization/pose_estimator/pose_with_covariance,29194770832,1785816285331414512,41528100524339,29194770832,0
/localization/kinematic_state,29244770832,1785816285368849776,41528137959795,29244770832,0
/sensing/lidar/top/pointcloud_raw_ex,29244770832,1785816285376869295,41528145979607,29244770832,516760
/localization/pose_estimator/pose_with_covariance,29244770832,1785816285382930256,41528152040409,29244770832,0
/localization/kinematic_state,29294770833,1785816285418516239,41528187626118,29294770833,0
/sensing/lidar/top/pointcloud_raw_ex,29294770833,1785816285424387507,41528193497749,29294770833,510424
/localization/pose_estimator/pose_with_covariance,29294770833,1785816285428984010,41528198093965,29294770833,0
/localization/kinematic_state,29344770834,1785816285468459246,41528237569185,29344770834,0
/sensing/lidar/top/pointcloud_raw_ex,29344770834,1785816285474524780,41528243634780,29344770834,514744
/localization/pose_estimator/pose_with_covariance,29344770834,1785816285479339973,41528248449826,29344770834,0
/localization/kinematic_state,29394770835,1785816285518675132,41528287785136,29394770835,0
/sensing/lidar/top/pointcloud_raw_ex,29394770835,1785816285525880088,41528294990363,29394770835,515576
/localization/pose_estimator/pose_with_covariance,29394770835,1785816285530382995,41528299493175,29394770835,0
/localization/kinematic_state,29444770835,1785816285569024096,41528338134087,29444770835,0
/sensing/lidar/top/pointcloud_raw_ex,29444770835,1785816285575707499,41528344817646,29444770835,510968
/localization/pose_estimator/pose_with_covariance,29444770835,1785816285581585550,41528350695505,29444770835,0
/localization/kinematic_state,29494770836,1785816285618581090,41528387691003,29494770836,0
/sensing/lidar/top/pointcloud_raw_ex,29494770836,1785816285625392658,41528394503069,29494770836,509688
/localization/pose_estimator/pose_with_covariance,29494770836,1785816285630600907,41528399711002,29494770836,0
/localization/kinematic_state,29544770837,1785816285668410895,41528437520818,29544770837,0
/sensing/lidar/top/pointcloud_raw_ex,29544770837,1785816285675843124,41528444953701,29544770837,517208
/localization/pose_estimator/pose_with_covariance,29544770837,1785816285680546416,41528449656599,29544770837,0
/localization/kinematic_state,29594770838,1785816285718739523,41528487849661,29594770838,0
/sensing/lidar/top/pointcloud_raw_ex,29594770838,1785816285725289283,41528494399419,29594770838,505656
/localization/pose_estimator/pose_with_covariance,29594770838,1785816285729317455,41528498427283,29594770838,0
/localization/kinematic_state,29644770838,1785816285769979470,41528539089332,29644770838,0
/sensing/lidar/top/pointcloud_raw_ex,29644770838,1785816285778573096,41528547683039,29644770838,518392
/localization/pose_estimator/pose_with_covariance,29644770838,1785816285783527174,41528552637042,29644770838,0
/localization/kinematic_state,29694770839,1785816285819718920,41528588828750,29694770839,0
/sensing/lidar/top/pointcloud_raw_ex,29694770839,1785816285826906253,41528596016735,29694770839,511128
/localization/pose_estimator/pose_with_covariance,29694770839,1785816285832547932,41528601658078,29694770839,0
/localization/kinematic_state,29744770840,1785816285869816406,41528638926299,29744770840,0
/sensing/lidar/top/pointcloud_raw_ex,29744770840,1785816285876078867,41528645188921,29744770840,517528
/localization/pose_estimator/pose_with_covariance,29744770840,1785816285880508145,41528649617961,29744770840,0
/localization/kinematic_state,29794770841,1785816285919960648,41528689070489,29794770841,0
/sensing/lidar/top/pointcloud_raw_ex,29794770841,1785816285926465533,41528695575547,29794770841,512280
/localization/pose_estimator/pose_with_covariance,29794770841,1785816285933515457,41528702625658,29794770841,0
/localization/kinematic_state,29844770841,1785816285969860029,41528738969777,29844770841,0
/sensing/lidar/top/pointcloud_raw_ex,29844770841,1785816285976163638,41528745273688,29844770841,513720
/localization/pose_estimator/pose_with_covariance,29844770841,1785816285980468596,41528749578528,29844770841,0
/localization/kinematic_state,29894770842,1785816286021968493,41528791078605,29894770842,0
/sensing/lidar/top/pointcloud_raw_ex,29894770842,1785816286026019840,41528795129912,29894770842,513496
/localization/pose_estimator/pose_with_covariance,29894770842,1785816286030804677,41528799914852,29894770842,0
/localization/kinematic_state,29944770843,1785816286069903003,41528839013038,29944770843,0
/sensing/lidar/top/pointcloud_raw_ex,29944770843,1785816286075229936,41528844340093,29944770843,519576
/localization/pose_estimator/pose_with_covariance,29944770843,1785816286079880597,41528848990659,29944770843,0
/localization/kinematic_state,29994770844,1785816286119749912,41528888859826,29994770844,0
/sensing/lidar/top/pointcloud_raw_ex,29994770844,1785816286125789217,41528894899598,29994770844,504280
/localization/pose_estimator/pose_with_covariance,29994770844,1785816286129983782,41528899093708,29994770844,0
/localization/kinematic_state,30044770844,1785816286170128926,41528939239009,30044770844,0
/sensing/lidar/top/pointcloud_raw_ex,30044770844,1785816286176602143,41528945712345,30044770844,517272
/localization/pose_estimator/pose_with_covariance,30044770844,1785816286181782810,41528950892794,30044770844,0
/localization/kinematic_state,30094770845,1785816286220836548,41528989946448,30094770845,0
/sensing/lidar/top/pointcloud_raw_ex,30094770845,1785816286226381634,41528995491826,30094770845,510616
/localization/pose_estimator/pose_with_covariance,30094770845,1785816286231406889,41529000516763,30094770845,0
/localization/kinematic_state,30144770846,1785816286270791458,41529039901422,30144770846,0
/sensing/lidar/top/pointcloud_raw_ex,30144770846,1785816286275753533,41529044863776,30144770846,515736
/localization/pose_estimator/pose_with_covariance,30144770846,1785816286281391971,41529050502059,30144770846,0
/localization/kinematic_state,30194770847,1785816286320139997,41529089249802,30194770847,0
/sensing/lidar/top/pointcloud_raw_ex,30194770847,1785816286329809683,41529098919763,30194770847,508952
/localization/pose_estimator/pose_with_covariance,30194770847,1785816286334971218,41529104080893,30194770847,0
/localization/kinematic_state,30244770847,1785816286370043649,41529139153546,30244770847,0
/sensing/lidar/top/pointcloud_raw_ex,30244770847,1785816286376720719,41529145830842,30244770847,521912
/localization/pose_estimator/pose_with_covariance,30244770847,1785816286381997504,41529151107523,30244770847,0
/localization/kinematic_state,30294770848,1785816286420847056,41529189956935,30294770848,0
/sensing/lidar/top/pointcloud_raw_ex,30294770848,1785816286427354978,41529196465033,30294770848,507448
/localization/pose_estimator/pose_with_covariance,30294770848,1785816286434031132,41529203140971,30294770848,0
/localization/kinematic_state,30344770849,1785816286472940713,41529242050397,30344770849,0
/sensing/lidar/top/pointcloud_raw_ex,30344770849,1785816286476548269,41529245658149,30344770849,514360
/localization/pose_estimator/pose_with_covariance,30344770849,1785816286482258944,41529251368880,30344770849,0
/localization/kinematic_state,30394770850,1785816286520475937,41529289585713,30394770850,0
/sensing/lidar/top/pointcloud_raw_ex,30394770850,1785816286526699442,41529295809603,30394770850,506776
/localization/pose_estimator/pose_with_covariance,30394770850,1785816286531428600,41529300538671,30394770850,0
/localization/kinematic_state,30444770850,1785816286570437115,41529339547089,30444770850,0
/sensing/lidar/top/pointcloud_raw_ex,30444770850,1785816286577468142,41529346578160,30444770850,514872
/localization/pose_estimator/pose_with_covariance,30444770850,1785816286582215029,41529351324975,30444770850,0
/localization/kinematic_state,30494770851,1785816286621944954,41529391054938,30494770851,0
/sensing/lidar/top/pointcloud_raw_ex,30494770851,1785816286626421951,41529395531984,30494770851,510584
/localization/pose_estimator/pose_with_covariance,30494770851,1785816286631295820,41529400405504,30494770851,0
/localization/kinematic_state,30544770852,1785816286670456186,41529439566046,30544770852,0
/sensing/lidar/top/pointcloud_raw_ex,30544770852,1785816286676799313,41529445909183,30544770852,518104
/localization/pose_estimator/pose_with_covariance,30544770852,1785816286681546183,41529450656043,30544770852,0
/localization/kinematic_state,30594770852,1785816286720846853,41529489956579,30594770852,0
/sensing/lidar/top/pointcloud_raw_ex,30594770852,1785816286726607962,41529495718172,30594770852,512184
/localization/pose_estimator/pose_with_covariance,30594770852,1785816286731310006,41529500420308,30594770852,0
/localization/kinematic_state,30644770853,1785816286771150284,41529540260130,30644770853,0
/sensing/lidar/top/pointcloud_raw_ex,30644770853,1785816286777736141,41529546846229,30644770853,518136
/localization/pose_estimator/pose_with_covariance,30644770853,1785816286782834477,41529551944661,30644770853,0
/localization/kinematic_state,30694770854,1785816286821228191,41529590338222,30694770854,0
/sensing/lidar/top/pointcloud_raw_ex,30694770854,1785816286826658962,41529595769187,30694770854,506360
/localization/pose_estimator/pose_with_covariance,30694770854,1785816286831671956,41529600781855,30694770854,0
/localization/kinematic_state,30744770855,1785816286871442974,41529640553134,30744770855,0
/sensing/lidar/top/pointcloud_raw_ex,30744770855,1785816286877142639,41529646253038,30744770855,510520
/localization/pose_estimator/pose_with_covariance,30744770855,1785816286882357454,41529651467365,30744770855,0
/localization/kinematic_state,30794770855,1785816286921810936,41529690920838,30794770855,0
/sensing/lidar/top/pointcloud_raw_ex,30794770855,1785816286928668412,41529697778129,30794770855,511928
/localization/pose_estimator/pose_with_covariance,30794770855,1785816286933355076,41529702465138,30794770855,0
/localization/kinematic_state,30844770856,1785816286971301974,41529740412042,30844770856,0
/sensing/lidar/top/pointcloud_raw_ex,30844770856,1785816286976372277,41529745482480,30844770856,515352
/localization/pose_estimator/pose_with_covariance,30844770856,1785816286980863043,41529749972996,30844770856,0
/localization/kinematic_state,30894770857,1785816287022677335,41529791787589,30894770857,0
/sensing/lidar/top/pointcloud_raw_ex,30894770857,1785816287028892779,41529798002986,30894770857,506040
/localization/pose_estimator/pose_with_covariance,30894770857,1785816287034646879,41529803756784,30894770857,0
/localization/kinematic_state,30944770858,1785816287071370708,41529840480576,30944770858,0
/sensing/lidar/top/pointcloud_raw_ex,30944770858,1785816287078088076,41529847198390,30944770858,512888
/localization/pose_estimator/pose_with_covariance,30944770858,1785816287082441792,41529851551935,30944770858,0
/localization/kinematic_state,30994770858,1785816287123029426,41529892139478,30994770858,0
/sensing/lidar/top/pointcloud_raw_ex,30994770858,1785816287128425158,41529897535095,30994770858,511384
/localization/pose_estimator/pose_with_covariance,30994770858,1785816287132594047,41529901703994,30994770858,0
/localization/kinematic_state,31044770859,1785816287173174375,41529942284318,31044770859,0
/sensing/lidar/top/pointcloud_raw_ex,31044770859,1785816287178186582,41529947296993,31044770859,518456
/localization/pose_estimator/pose_with_covariance,31044770859,1785816287182717939,41529951828004,31044770859,0
/localization/kinematic_state,31094770860,1785816287222179308,41529991289306,31094770860,0
/sensing/lidar/top/pointcloud_raw_ex,31094770860,1785816287229275516,41529998385639,31094770860,511576
/localization/pose_estimator/pose_with_covariance,31094770860,1785816287232608013,41530001717816,31094770860,0
/localization/kinematic_state,31144770861,1785816287272486064,41530041595859,31144770861,0
/sensing/lidar/top/pointcloud_raw_ex,31144770861,1785816287279616344,41530048726186,31144770861,519480
/localization/pose_estimator/pose_with_covariance,31144770861,1785816287287002779,41530056112618,31144770861,0
/localization/kinematic_state,31194770861,1785816287322451324,41530091561205,31194770861,0
/sensing/lidar/top/pointcloud_raw_ex,31194770861,1785816287329630896,41530098740905,31194770861,510968
/localization/pose_estimator/pose_with_covariance,31194770861,1785816287335515063,41530104624952,31194770861,0
/localization/kinematic_state,31244770862,1785816287372882309,41530141992273,31244770862,0
/sensing/lidar/top/pointcloud_raw_ex,31244770862,1785816287378260540,41530147370639,31244770862,516056
/localization/pose_estimator/pose_with_covariance,31244770862,1785816287382618527,41530151728370,31244770862,0
/localization/kinematic_state,31294770863,1785816287422662908,41530191772861,31294770863,0
/sensing/lidar/top/pointcloud_raw_ex,31294770863,1785816287429237142,41530198347302,31294770863,512632
/localization/pose_estimator/pose_with_covariance,31294770863,1785816287434129703,41530203239795,31294770863,0
/localization/kinematic_state,31344770864,1785816287473160236,41530242270239,31344770864,0
/sensing/lidar/top/pointcloud_raw_ex,31344770864,1785816287478613918,41530247723852,31344770864,516056
/localization/pose_estimator/pose_with_covariance,31344770864,1785816287483045319,41530252155278,31344770864,0
/localization/kinematic_state,31394770864,1785816287522935433,41530292045340,31394770864,0
/sensing/lidar/top/pointcloud_raw_ex,31394770864,1785816287528711722,41530297821792,31394770864,510072
/localization/pose_estimator/pose_with_covariance,31394770864,1785816287532870555,41530301980442,31394770864,0
/localization/kinematic_state,31444770865,1785816287572508078,41530341617891,31444770865,0
/sensing/lidar/top/pointcloud_raw_ex,31444770865,1785816287579111026,41530348221218,31444770865,512664
/localization/pose_estimator/pose_with_covariance,31444770865,1785816287583992653,41530353102701,31444770865,0
/localization/kinematic_state,31494770866,1785816287623687275,41530392797226,31494770866,0
/sensing/lidar/top/pointcloud_raw_ex,31494770866,1785816287629712092,41530398822157,31494770866,510360
/localization/pose_estimator/pose_with_covariance,31494770866,1785816287635634725,41530404744684,31494770866,0
/localization/kinematic_state,31544770867,1785816287672931994,41530442042065,31544770867,0
/sensing/lidar/top/pointcloud_raw_ex,31544770867,1785816287678335111,41530447445067,31544770867,518520
/localization/pose_estimator/pose_with_covariance,31544770867,1785816287683760659,41530452870660,31544770867,0
/localization/kinematic_state,31594770867,1785816287722935958,41530492046018,31594770867,0
/sensing/lidar/top/pointcloud_raw_ex,31594770867,1785816287729551431,41530498661837,31594770867,511896
/localization/pose_estimator/pose_with_covariance,31594770867,1785816287734903442,41530504013548,31594770867,0
/localization/kinematic_state,31644770868,1785816287772934587,41530542044346,31644770868,0
/sensing/lidar/top/pointcloud_raw_ex,31644770868,1785816287779675791,41530548785973,31644770868,522936
/localization/pose_estimator/pose_with_covariance,31644770868,1785816287785294355,41530554404434,31644770868,0
/localization/kinematic_state,31694770869,1785816287823118148,41530592228094,31694770869,0
/sensing/lidar/top/pointcloud_raw_ex,31694770869,1785816287830205790,41530599315727,31694770869,512120
/localization/pose_estimator/pose_with_covariance,31694770869,1785816287836936406,41530606046341,31694770869,0
/localization/kinematic_state,31744770870,1785816287873367654,41530642477530,31744770870,0
/sensing/lidar/top/pointcloud_raw_ex,31744770870,1785816287878708844,41530647818662,31744770870,521208
/localization/pose_estimator/pose_with_covariance,31744770870,1785816287883237595,41530652347413,31744770870,0
/localization/kinematic_state,31794770870,1785816287923265402,41530692375204,31794770870,0
/sensing/lidar/top/pointcloud_raw_ex,31794770870,1785816287930062780,41530699173179,31794770870,505976
/localization/pose_estimator/pose_with_covariance,31794770870,1785816287934487927,41530703598133,31794770870,0
/localization/kinematic_state,31844770871,1785816287973786191,41530742895935,31844770871,0
/sensing/lidar/top/pointcloud_raw_ex,31844770871,1785816287979312992,41530748423157,31844770871,514552
/localization/pose_estimator/pose_with_covariance,31844770871,1785816287984574618,41530753684510,31844770871,0
/localization/kinematic_state,31894770872,1785816288023204676,41530792314370,31894770872,0
/sensing/lidar/top/pointcloud_raw_ex,31894770872,1785816288030512495,41530799622448,31894770872,509112
/localization/pose_estimator/pose_with_covariance,31894770872,1785816288034448308,41530803558152,31894770872,0
/localization/kinematic_state,31944770873,1785816288073759076,41530842869040,31944770873,0
/sensing/lidar/top/pointcloud_raw_ex,31944770873,1785816288079204465,41530848314861,31944770873,508536
/localization/pose_estimator/pose_with_covariance,31944770873,1785816288084989883,41530854099848,31944770873,0
/localization/kinematic_state,31994770873,1785816288124067353,41530893177077,31994770873,0
/sensing/lidar/top/pointcloud_raw_ex,31994770873,1785816288129985339,41530899095327,31994770873,511928
/localization/pose_estimator/pose_with_covariance,31994770873,1785816288134505041,41530903614955,31994770873,0
/localization/kinematic_state,32044770874,1785816288174680266,41530943790287,32044770874,0
/sensing/lidar/top/pointcloud_raw_ex,32044770874,1785816288178885805,41530947995776,32044770874,511640
/localization/pose_estimator/pose_with_covariance,32044770874,1785816288183342724,41530952452815,32044770874,0
/localization/kinematic_state,32094770875,1785816288225045866,41530994155942,32094770875,0
/sensing/lidar/top/pointcloud_raw_ex,32094770875,1785816288229570075,41530998680294,32094770875,511576
/localization/pose_estimator/pose_with_covariance,32094770875,1785816288235170009,41531004280208,32094770875,0
/localization/kinematic_state,32144770876,1785816288274564089,41531043673783,32144770876,0
/sensing/lidar/top/pointcloud_raw_ex,32144770876,1785816288282097771,41531051207734,32144770876,513912
/localization/pose_estimator/pose_with_covariance,32144770876,1785816288289113818,41531058224067,32144770876,0
/localization/kinematic_state,32194770876,1785816288324590101,41531093699882,32194770876,0
/sensing/lidar/top/pointcloud_raw_ex,32194770876,1785816288331026296,41531100136773,32194770876,510456
/localization/pose_estimator/pose_with_covariance,32194770876,1785816288336154899,41531105265070,32194770876,0
/localization/kinematic_state,32244770877,1785816288375772369,41531144882583,32244770877,0
/sensing/lidar/top/pointcloud_raw_ex,32244770877,1785816288380545376,41531149655358,32244770877,516152
/localization/pose_estimator/pose_with_covariance,32244770877,1785816288386504075,41531155614053,32244770877,0
/localization/kinematic_state,32294770878,1785816288425958154,41531195068260,32294770878,0
/sensing/lidar/top/pointcloud_raw_ex,32294770878,1785816288430823299,41531199933402,32294770878,511608
/localization/pose_estimator/pose_with_covariance,32294770878,1785816288435866101,41531204975917,32294770878,0
/localization/kinematic_state,32344770879,1785816288475095172,41531244205097,32344770879,0
/sensing/lidar/top/pointcloud_raw_ex,32344770879,1785816288480093156,41531249202902,32344770879,519096
/localization/pose_estimator/pose_with_covariance,32344770879,1785816288485111291,41531254221123,32344770879,0
/localization/kinematic_state,32394770879,1785816288524385485,41531293495284,32394770879,0
/sensing/lidar/top/pointcloud_raw_ex,32394770879,1785816288532042020,41531301151991,32394770879,511864
/localization/pose_estimator/pose_with_covariance,32394770879,1785816288536639499,41531305749468,32394770879,0
/localization/kinematic_state,32444770880,1785816288574662239,41531343772321,32444770880,0
/sensing/lidar/top/pointcloud_raw_ex,32444770880,1785816288579984100,41531349094057,32444770880,518328
/localization/pose_estimator/pose_with_covariance,32444770880,1785816288584851551,41531353961377,32444770880,0
/localization/kinematic_state,32494770881,1785816288625050292,41531394160589,32494770881,0
/sensing/lidar/top/pointcloud_raw_ex,32494770881,1785816288631115731,41531400225707,32494770881,506808
/localization/pose_estimator/pose_with_covariance,32494770881,1785816288636980273,41531406090391,32494770881,0
/localization/kinematic_state,32544770882,1785816288674811808,41531443921657,32544770882,0
/sensing/lidar/top/pointcloud_raw_ex,32544770882,1785816288681177160,41531450287143,32544770882,516312
/localization/pose_estimator/pose_with_covariance,32544770882,1785816288686570561,41531455680614,32544770882,0
/localization/kinematic_state,32594770882,1785816288724597839,41531493707634,32594770882,0
/sensing/lidar/top/pointcloud_raw_ex,32594770882,1785816288731515858,41531500626172,32594770882,511480
/localization/pose_estimator/pose_with_covariance,32594770882,1785816288736398025,41531505508192,32594770882,0
/localization/kinematic_state,32644770883,1785816288774936373,41531544046296,32644770883,0
/sensing/lidar/top/pointcloud_raw_ex,32644770883,1785816288780119189,41531549229491,32644770883,515960
/localization/pose_estimator/pose_with_covariance,32644770883,1785816288788298896,41531557409158,32644770883,0
/localization/kinematic_state,32694770884,1785816288824840787,41531593950705,32694770884,0
/sensing/lidar/top/pointcloud_raw_ex,32694770884,1785816288832121142,41531601231314,32694770884,512856
/localization/pose_estimator/pose_with_covariance,32694770884,1785816288837742642,41531606852896,32694770884,0
/localization/kinematic_state,32744770885,1785816288874970955,41531644080921,32744770885,0
/sensing/lidar/top/pointcloud_raw_ex,32744770885,1785816288880972483,41531650082512,32744770885,516536
/localization/pose_estimator/pose_with_covariance,32744770885,1785816288886149417,41531655259283,32744770885,0
/localization/kinematic_state,32794770885,1785816288926534489,41531695644429,32794770885,0
/sensing/lidar/top/pointcloud_raw_ex,32794770885,1785816288932320624,41531701430717,32794770885,505752
/localization/pose_estimator/pose_with_covariance,32794770885,1785816288936488950,41531705598872,32794770885,0
/localization/kinematic_state,32844770886,1785816288975456156,41531744566176,32844770886,0
/sensing/lidar/top/pointcloud_raw_ex,32844770886,1785816288980379667,41531749489603,32844770886,515960
/localization/pose_estimator/pose_with_covariance,32844770886,1785816288985599222,41531754709060,32844770886,0
/localization/kinematic_state,32894770887,1785816289025118597,41531794228311,32894770887,0
/sensing/lidar/top/pointcloud_raw_ex,32894770887,1785816289033557492,41531802667732,32894770887,511352
/localization/pose_estimator/pose_with_covariance,32894770887,1785816289038550489,41531807660476,32894770887,0
/localization/kinematic_state,32944770888,1785816289075513810,41531844623637,32944770888,0
/sensing/lidar/top/pointcloud_raw_ex,32944770888,1785816289080829835,41531849939697,32944770888,510904
/localization/pose_estimator/pose_with_covariance,32944770888,1785816289086325616,41531855435657,32944770888,0
/localization/kinematic_state,32994770888,1785816289126319067,41531895429041,32994770888,0
/sensing/lidar/top/pointcloud_raw_ex,32994770888,1785816289132227854,41531901337932,32994770888,506360
/localization/pose_estimator/pose_with_covariance,32994770888,1785816289137023154,41531906133386,32994770888,0
/localization/kinematic_state,33044770889,1785816289175520355,41531944630257,33044770889,0
/sensing/lidar/top/pointcloud_raw_ex,33044770889,1785816289181204098,41531950314202,33044770889,517560
/localization/pose_estimator/pose_with_covariance,33044770889,1785816289187585279,41531956695609,33044770889,0
/localization/kinematic_state,33094770890,1785816289225882811,41531994992550,33094770890,0
/sensing/lidar/top/pointcloud_raw_ex,33094770890,1785816289231936345,41532001046455,33094770890,514040
/localization/pose_estimator/pose_with_covariance,33094770890,1785816289236794775,41532005904582,33094770890,0
/localization/kinematic_state,33144770890,1785816289275621710,41532044731465,33144770890,0
/sensing/lidar/top/pointcloud_raw_ex,33144770890,1785816289281343266,41532050453533,33144770890,517528
/localization/pose_estimator/pose_with_covariance,33144770890,1785816289286537330,41532055647477,33144770890,0
/localization/kinematic_state,33194770891,1785816289325700378,41532094810142,33194770891,0
/sensing/lidar/top/pointcloud_raw_ex,33194770891,1785816289332958549,41532102068704,33194770891,507800
/localization/pose_estimator/pose_with_covariance,33194770891,1785816289338029710,41532107139994,33194770891,0
/localization/kinematic_state,33244770892,1785816289375821908,41532144931674,33244770892,0
/sensing/lidar/top/pointcloud_raw_ex,33244770892,1785816289383173374,41532152283658,33244770892,513752
/localization/pose_estimator/pose_with_covariance,33244770892,1785816289388568527,41532157678552,33244770892,0
/localization/kinematic_state,33294770893,1785816289426334813,41532195444506,33294770893,0
/sensing/lidar/top/pointcloud_raw_ex,33294770893,1785816289433055048,41532202165134,33294770893,512440
/localization/pose_estimator/pose_with_covariance,33294770893,1785816289438376487,41532207486533,33294770893,0
/localization/kinematic_state,33344770893,1785816289476771340,41532245881295,33344770893,0
/sensing/lidar/top/pointcloud_raw_ex,33344770893,1785816289482482863,41532251593066,33344770893,512056
/localization/pose_estimator/pose_with_covariance,33344770893,1785816289487303538,41532256413766,33344770893,0
/localization/kinematic_state,33394770894,1785816289526311968,41532295421749,33394770894,0
/sensing/lidar/top/pointcloud_raw_ex,33394770894,1785816289533032225,41532302142265,33394770894,505272
/localization/pose_estimator/pose_with_covariance,33394770894,1785816289537155734,41532306265547,33394770894,0
/localization/kinematic_state,33444770895,1785816289576595749,41532345705605,33444770895,0
/sensing/lidar/top/pointcloud_raw_ex,33444770895,1785816289581990518,41532351100772,33444770895,517656
/localization/pose_estimator/pose_with_covariance,33444770895,1785816289586577906,41532355688021,33444770895,0
/localization/kinematic_state,33494770896,1785816289626138052,41532395247831,33494770896,0
/sensing/lidar/top/pointcloud_raw_ex,33494770896,1785816289632735355,41532401845372,33494770896,507960
/localization/pose_estimator/pose_with_covariance,33494770896,1785816289637677327,41532406787581,33494770896,0
/localization/kinematic_state,33544770896,1785816289677170904,41532446280827,33544770896,0
/sensing/lidar/top/pointcloud_raw_ex,33544770896,1785816289682631346,41532451741548,33544770896,519192
/localization/pose_estimator/pose_with_covariance,33544770896,1785816289688296760,41532457406685,33544770896,0
/localization/kinematic_state,33594770897,1785816289726631384,41532495741128,33594770897,0
/sensing/lidar/top/pointcloud_raw_ex,33594770897,1785816289732809239,41532501919182,33594770897,508440
/localization/pose_estimator/pose_with_covariance,33594770897,1785816289737986427,41532507096228,33594770897,0
/localization/kinematic_state,33644770898,1785816289776705157,41532545815111,33644770898,0
/sensing/lidar/top/pointcloud_raw_ex,33644770898,1785816289783655774,41532552765791,33644770898,522744
/localization/pose_estimator/pose_with_covariance,33644770898,1785816289791070423,41532560180410,33644770898,0
/localization/kinematic_state,33694770899,1785816289827554717,41532596664692,33694770899,0
/sensing/lidar/top/pointcloud_raw_ex,33694770899,1785816289834488864,41532603599120,33694770899,510712
/localization/pose_estimator/pose_with_covariance,33694770899,1785816289839393546,41532608503874,33694770899,0
/localization/kinematic_state,33744770899,1785816289877631417,41532646741377,33744770899,0
/sensing/lidar/top/pointcloud_raw_ex,33744770899,1785816289883200211,41532652310275,33744770899,520024
/localization/pose_estimator/pose_with_covariance,33744770899,1785816289888514152,41532657624334,33744770899,0
/localization/kinematic_state,33794770900,1785816289927039589,41532696149347,33794770900,0
/sensing/lidar/top/pointcloud_raw_ex,33794770900,1785816289932918097,41532702028010,33794770900,507480
/localization/pose_estimator/pose_with_covariance,33794770900,1785816289938185491,41532707295300,33794770900,0
/localization/kinematic_state,33844770901,1785816289978367907,41532747478138,33844770901,0
/sensing/lidar/top/pointcloud_raw_ex,33844770901,1785816289983908156,41532753018750,33844770901,519224
/localization/pose_estimator/pose_with_covariance,33844770901,1785816289991371022,41532760481111,33844770901,0
/localization/kinematic_state,33894770902,1785816290027146332,41532796256153,33894770902,0
/sensing/lidar/top/pointcloud_raw_ex,33894770902,1785816290033155672,41532802265809,33894770902,512792
/localization/pose_estimator/pose_with_covariance,33894770902,1785816290038386389,41532807496285,33894770902,0
/localization/kinematic_state,33944770902,1785816290077187960,41532846298048,33944770902,0
/sensing/lidar/top/pointcloud_raw_ex,33944770902,1785816290084095477,41532853205692,33944770902,520664
/localization/pose_estimator/pose_with_covariance,33944770902,1785816290089643384,41532858753366,33944770902,0
/localization/kinematic_state,33994770903,1785816290127824654,41532896934639,33994770903,0
/sensing/lidar/top/pointcloud_raw_ex,33994770903,1785816290135759840,41532904870108,33994770903,507608
/localization/pose_estimator/pose_with_covariance,33994770903,1785816290142122164,41532911232595,33994770903,0
/localization/kinematic_state,34044770904,1785816290178499828,41532947609677,34044770904,0
/sensing/lidar/top/pointcloud_raw_ex,34044770904,1785816290183800881,41532952910972,34044770904,515416
/localization/pose_estimator/pose_with_covariance,34044770904,1785816290189711394,41532958821781,34044770904,0
/localization/kinematic_state,34094770905,1785816290228186382,41532997296399,34094770905,0
/sensing/lidar/top/pointcloud_raw_ex,34094770905,1785816290235728388,41533004838921,34094770905,519480
/localization/pose_estimator/pose_with_covariance,34094770905,1785816290239759778,41533008869990,34094770905,0
/localization/kinematic_state,34144770905,1785816290278182762,41533047292476,34144770905,0
/sensing/lidar/top/pointcloud_raw_ex,34144770905,1785816290284909778,41533054019649,34144770905,516120
/localization/pose_estimator/pose_with_covariance,34144770905,1785816290289610190,41533058720231,34144770905,0
/localization/kinematic_state,34194770906,1785816290328586743,41533097696635,34194770906,0
/sensing/lidar/top/pointcloud_raw_ex,34194770906,1785816290334944913,41533104054961,34194770906,513976
/localization/pose_estimator/pose_with_covariance,34194770906,1785816290342781264,41533111891254,34194770906,0
/localization/kinematic_state,34244770907,1785816290378237820,41533147347673,34244770907,0
/sensing/lidar/top/pointcloud_raw_ex,34244770907,1785816290384761915,41533153872178,34244770907,515064
/localization/pose_estimator/pose_with_covariance,34244770907,1785816290391061945,41533160171907,34244770907,0
/localization/kinematic_state,34294770908,1785816290428658783,41533197768743,34294770908,0
/sensing/lidar/top/pointcloud_raw_ex,34294770908,1785816290434342065,41533203452015,34294770908,511960
/localization/pose_estimator/pose_with_covariance,34294770908,1785816290440803956,41533209914393,34294770908,0
/localization/kinematic_state,34344770908,1785816290478214371,41533247324333,34344770908,0
/sensing/lidar/top/pointcloud_raw_ex,34344770908,1785816290483702822,41533252812891,34344770908,520856
/localization/pose_estimator/pose_with_covariance,34344770908,1785816290488859317,41533257969157,34344770908,0
/localization/kinematic_state,34394770909,1785816290528227973,41533297338058,34394770909,0
/sensing/lidar/top/pointcloud_raw_ex,34394770909,1785816290535077924,41533304188154,34394770909,510104
/localization/pose_estimator/pose_with_covariance,34394770909,1785816290540252921,41533309363123,34394770909,0
/localization/kinematic_state,34444770910,1785816290578253287,41533347363222,34444770910,0
/sensing/lidar/top/pointcloud_raw_ex,34444770910,1785816290583789798,41533352899763,34444770910,514200
/localization/pose_estimator/pose_with_covariance,34444770910,1785816290589263652,41533358373989,34444770910,0
/localization/kinematic_state,34494770911,1785816290629840808,41533398950788,34494770911,0
/sensing/lidar/top/pointcloud_raw_ex,34494770911,1785816290635303650,41533404413976,34494770911,508344
/localization/pose_estimator/pose_with_covariance,34494770911,1785816290640504057,41533409613770,34494770911,0
/localization/kinematic_state,34544770911,1785816290680020632,41533449130815,34544770911,0
/sensing/lidar/top/pointcloud_raw_ex,34544770911,1785816290683940434,41533453050244,34544770911,513336
/localization/pose_estimator/pose_with_covariance,34544770911,1785816290688761569,41533457871500,34544770911,0
/localization/kinematic_state,34594770912,1785816290729551740,41533498661475,34594770912,0
/sensing/lidar/top/pointcloud_raw_ex,34594770912,1785816290735170857,41533504281078,34594770912,508888
/localization/pose_estimator/pose_with_covariance,34594770912,1785816290740339934,41533509449994,34594770912,0
/localization/kinematic_state,34644770913,1785816290779024109,41533548134106,34644770913,0
/sensing/lidar/top/pointcloud_raw_ex,34644770913,1785816290784309242,41533553419159,34644770913,513336
/localization/pose_estimator/pose_with_covariance,34644770913,1785816290789315718,41533558425951,34644770913,0
/localization/kinematic_state,34694770914,1785816290828742747,41533597852812,34694770914,0
/sensing/lidar/top/pointcloud_raw_ex,34694770914,1785816290835526442,41533604636357,34694770914,510872
/localization/pose_estimator/pose_with_covariance,34694770914,1785816290842047425,41533611157377,34694770914,0
/localization/kinematic_state,34744770914,1785816290879225268,41533648335215,34744770914,0
/sensing/lidar/top/pointcloud_raw_ex,34744770914,1785816290885523824,41533654633944,34744770914,519128
/localization/pose_estimator/pose_with_covariance,34744770914,1785816290890497203,41533659607368,34744770914,0
/localization/kinematic_state,34794770915,1785816290929419029,41533698529004,34794770915,0
/sensing/lidar/top/pointcloud_raw_ex,34794770915,1785816290935299450,41533704409269,34794770915,509880
/localization/pose_estimator/pose_with_covariance,34794770915,1785816290939911328,41533709021348,34794770915,0
/localization/kinematic_state,34844770916,1785816290979049105,41533748158774,34844770916,0
/sensing/lidar/top/pointcloud_raw_ex,34844770916,1785816290986155420,41533755265582,34844770916,508952
/localization/pose_estimator/pose_with_covariance,34844770916,1785816290991456179,41533760566236,34844770916,0
/localization/kinematic_state,34894770917,1785816291029092616,41533798202496,34894770917,0
/sensing/lidar/top/pointcloud_raw_ex,34894770917,1785816291038243193,41533807354182,34894770917,506296
/localization/pose_estimator/pose_with_covariance,34894770917,1785816291044317867,41533813428299,34894770917,0
/localization/kinematic_state,34944770917,1785816291079990260,41533849100141,34944770917,0
/sensing/lidar/top/pointcloud_raw_ex,34944770917,1785816291086260219,41533855370235,34944770917,516152
/localization/pose_estimator/pose_with_covariance,34944770917,1785816291091405259,41533860515191,34944770917,0
/localization/kinematic_state,34994770918,1785816291129341908,41533898451699,34994770918,0
/sensing/lidar/top/pointcloud_raw_ex,34994770918,1785816291134826541,41533903936672,34994770918,509624
/localization/pose_estimator/pose_with_covariance,34994770918,1785816291140155076,41533909264910,34994770918,0
/localization/kinematic_state,35044770919,1785816291179213328,41533948323196,35044770919,0
/sensing/lidar/top/pointcloud_raw_ex,35044770919,1785816291186019642,41533955129760,35044770919,517880
/localization/pose_estimator/pose_with_covariance,35044770919,1785816291191543745,41533960653682,35044770919,0
/localization/kinematic_state,35094770920,1785816291229926377,41533999036341,35094770920,0
/sensing/lidar/top/pointcloud_raw_ex,35094770920,1785816291239085113,41534008195585,35094770920,512152
/localization/pose_estimator/pose_with_covariance,35094770920,1785816291244855691,41534013965842,35094770920,0
/localization/kinematic_state,35144770920,1785816291280916322,41534050026358,35144770920,0
/sensing/lidar/top/pointcloud_raw_ex,35144770920,1785816291285796124,41534054906108,35144770920,517656
/localization/pose_estimator/pose_with_covariance,35144770920,1785816291291578722,41534060689030,35144770920,0
/localization/kinematic_state,35194770921,1785816291330508330,41534099618373,35194770921,0
/sensing/lidar/top/pointcloud_raw_ex,35194770921,1785816291335972660,41534105082499,35194770921,509624
/localization/pose_estimator/pose_with_covariance,35194770921,1785816291343119738,41534112229407,35194770921,0
/localization/kinematic_state,35244770922,1785816291380100208,41534149210139,35244770922,0
/sensing/lidar/top/pointcloud_raw_ex,35244770922,1785816291386220603,41534155330683,35244770922,515448
/localization/pose_estimator/pose_with_covariance,35244770922,1785816291391615196,41534160725183,35244770922,0
/localization/kinematic_state,35294770923,1785816291430125667,41534199235610,35294770923,0
/sensing/lidar/top/pointcloud_raw_ex,35294770923,1785816291437907635,41534207017823,35294770923,512984
/localization/pose_estimator/pose_with_covariance,35294770923,1785816291444236110,41534213346156,35294770923,0
/localization/kinematic_state,35344770923,1785816291480332152,41534249442134,35344770923,0
/sensing/lidar/top/pointcloud_raw_ex,35344770923,1785816291485544145,41534254654126,35344770923,516056
/localization/pose_estimator/pose_with_covariance,35344770923,1785816291491168242,41534260278552,35344770923,0
/localization/kinematic_state,35394770924,1785816291530027585,41534299137389,35394770924,0
/sensing/lidar/top/pointcloud_raw_ex,35394770924,1785816291537827244,41534306937601,35394770924,508504
/localization/pose_estimator/pose_with_covariance,35394770924,1785816291542530571,41534311640662,35394770924,0
/localization/kinematic_state,35444770925,1785816291580540805,41534349650688,35444770925,0
/sensing/lidar/top/pointcloud_raw_ex,35444770925,1785816291586516148,41534355626420,35444770925,513816
/localization/pose_estimator/pose_with_covariance,35444770925,1785816291593642819,41534362753089,35444770925,0
/localization/kinematic_state,35494770926,1785816291630319753,41534399429638,35494770926,0
/sensing/lidar/top/pointcloud_raw_ex,35494770926,1785816291636015722,41534405125767,35494770926,508728
/localization/pose_estimator/pose_with_covariance,35494770926,1785816291640629396,41534409739222,35494770926,0
/localization/kinematic_state,35544770926,1785816291681819344,41534450929231,35544770926,0
/sensing/lidar/top/pointcloud_raw_ex,35544770926,1785816291687229081,41534456339119,35544770926,517464
/localization/pose_estimator/pose_with_covariance,35544770926,1785816291692425569,41534461535494,35544770926,0
/localization/kinematic_state,35594770927,1785816291730999846,41534500109707,35594770927,0
/sensing/lidar/top/pointcloud_raw_ex,35594770927,1785816291739657659,41534508767918,35594770927,512760
/localization/pose_estimator/pose_with_covariance,35594770927,1785816291745165376,41534514275460,35594770927,0
/localization/kinematic_state,35644770928,1785816291781026080,41534550135848,35644770928,0
/sensing/lidar/top/pointcloud_raw_ex,35644770928,1785816291787770775,41534556880983,35644770928,517592
/localization/pose_estimator/pose_with_covariance,35644770928,1785816291793005673,41534562115637,35644770928,0
/localization/kinematic_state,35694770928,1785816291832960305,41534602070366,35694770928,0
/sensing/lidar/top/pointcloud_raw_ex,35694770928,1785816291838095475,41534607205667,35694770928,506808
/localization/pose_estimator/pose_with_covariance,35694770928,1785816291842853316,41534611963548,35694770928,0
/localization/kinematic_state,35744770929,1785816291881416388,41534650526315,35744770929,0
/sensing/lidar/top/pointcloud_raw_ex,35744770929,1785816291888310331,41534657420332,35744770929,512024
/localization/pose_estimator/pose_with_covariance,35744770929,1785816291895055664,41534664165682,35744770929,0
/localization/kinematic_state,35794770930,1785816291932860705,41534701970471,35794770930,0
/sensing/lidar/top/pointcloud_raw_ex,35794770930,1785816291940573308,41534709683233,35794770930,509336
/localization/pose_estimator/pose_with_covariance,35794770930,1785816291945850352,41534714960375,35794770930,0
/localization/kinematic_state,35844770931,1785816291981975382,41534751085182,35844770931,0
/sensing/lidar/top/pointcloud_raw_ex,35844770931,1785816291987110887,41534756220892,35844770931,511096
/localization/pose_estimator/pose_with_covariance,35844770931,1785816291991530939,41534760640880,35844770931,0
/localization/kinematic_state,35894770931,1785816292032179841,41534801289702,35894770931,0
/sensing/lidar/top/pointcloud_raw_ex,35894770931,1785816292039754476,41534808864607,35894770931,511384
/localization/pose_estimator/pose_with_covariance,35894770931,1785816292046168872,41534815279198,35894770931,0
/localization/kinematic_state,35944770932,1785816292082213508,41534851323353,35944770932,0
/sensing/lidar/top/pointcloud_raw_ex,35944770932,1785816292088372042,41534857482011,35944770932,515192
/localization/pose_estimator/pose_with_covariance,35944770932,1785816292095781623,41534864891896,35944770932,0
/localization/kinematic_state,35994770933,1785816292132089865,41534901199773,35994770933,0
/sensing/lidar/top/pointcloud_raw_ex,35994770933,1785816292138053898,41534907164157,35994770933,511864
/localization/pose_estimator/pose_with_covariance,35994770933,1785816292142131116,41534911241049,35994770933,0
/localization/kinematic_state,36044770934,1785816292182753624,41534951863447,36044770934,0
/sensing/lidar/top/pointcloud_raw_ex,36044770934,1785816292189268236,41534958378236,36044770934,513944
/localization/pose_estimator/pose_with_covariance,36044770934,1785816292194815239,41534963925468,36044770934,0
/localization/kinematic_state,36094770934,1785816292232814488,41535001924353,36094770934,0
/sensing/lidar/top/pointcloud_raw_ex,36094770934,1785816292239943882,41535009054028,36094770934,516632
/localization/pose_estimator/pose_with_covariance,36094770934,1785816292246649720,41535015760075,36094770934,0
/localization/kinematic_state,36144770935,1785816292282938362,41535052048281,36144770935,0
/sensing/lidar/top/pointcloud_raw_ex,36144770935,1785816292288436300,41535057546398,36144770935,512952
/localization/pose_estimator/pose_with_covariance,36144770935,1785816292294267039,41535063377104,36144770935,0
/localization/kinematic_state,36194770936,1785816292333677569,41535102787340,36194770936,0
/sensing/lidar/top/pointcloud_raw_ex,36194770936,1785816292339796188,41535108906408,36194770936,506584
/localization/pose_estimator/pose_with_covariance,36194770936,1785816292345535092,41535114645038,36194770936,0
/localization/kinematic_state,36244770937,1785816292382735893,41535151845711,36244770937,0
/sensing/lidar/top/pointcloud_raw_ex,36244770937,1785816292389663431,41535158773578,36244770937,517624
/localization/pose_estimator/pose_with_covariance,36244770937,1785816292396571645,41535165681931,36244770937,0
/localization/kinematic_state,36294770937,1785816292436158865,41535205268901,36294770937,0
/sensing/lidar/top/pointcloud_raw_ex,36294770937,1785816292439287942,41535208397719,36294770937,507576
/localization/pose_estimator/pose_with_covariance,36294770937,1785816292445000020,41535214110036,36294770937,0
/localization/kinematic_state,36344770938,1785816292484946699,41535254056823,36344770938,0
/sensing/lidar/top/pointcloud_raw_ex,36344770938,1785816292488880997,41535257990953,36344770938,510456
/localization/pose_estimator/pose_with_covariance,36344770938,1785816292493819185,41535262929287,36344770938,0
/localization/kinematic_state,36394770939,1785816292533074582,41535302184350,36394770939,0
/sensing/lidar/top/pointcloud_raw_ex,36394770939,1785816292540768901,41535309879182,36394770939,517496
/localization/pose_estimator/pose_with_covariance,36394770939,1785816292544905694,41535314015790,36394770939,0
/localization/kinematic_state,36444770940,1785816292582884223,41535351994125,36444770940,0
/sensing/lidar/top/pointcloud_raw_ex,36444770940,1785816292589225678,41535358335800,36444770940,524088
/localization/pose_estimator/pose_with_covariance,36444770940,1785816292593571324,41535362681127,36444770940,0
/localization/kinematic_state,36494770940,1785816292633523510,41535402633203,36494770940,0
/sensing/lidar/top/pointcloud_raw_ex,36494770940,1785816292639621592,41535408731551,36494770940,508920
/localization/pose_estimator/pose_with_covariance,36494770940,1785816292643974242,41535413084209,36494770940,0
/localization/kinematic_state,36544770941,1785816292684206630,41535453316752,36544770941,0
/sensing/lidar/top/pointcloud_raw_ex,36544770941,1785816292689478160,41535458588383,36544770941,516152
/localization/pose_estimator/pose_with_covariance,36544770941,1785816292694477986,41535463587893,36544770941,0
/localization/kinematic_state,36594770942,1785816292733858422,41535502968359,36594770942,0
/sensing/lidar/top/pointcloud_raw_ex,36594770942,1785816292739469561,41535508579620,36594770942,508888
/localization/pose_estimator/pose_with_covariance,36594770942,1785816292743496198,41535512606241,36594770942,0
/localization/kinematic_state,36644770943,1785816292783470799,41535552580696,36644770943,0
/sensing/lidar/top/pointcloud_raw_ex,36644770943,1785816292789600405,41535558710687,36644770943,514200
/localization/pose_estimator/pose_with_covariance,36644770943,1785816292793949516,41535563059855,36644770943,0
/localization/kinematic_state,36694770943,1785816292834002484,41535603112305,36694770943,0
/sensing/lidar/top/pointcloud_raw_ex,36694770943,1785816292840123560,41535609233536,36694770943,509144
/localization/pose_estimator/pose_with_covariance,36694770943,1785816292845595075,41535614705529,36694770943,0
/localization/kinematic_state,36744770944,1785816292885004605,41535654114774,36744770944,0
/sensing/lidar/top/pointcloud_raw_ex,36744770944,1785816292890214455,41535659324611,36744770944,514648
/localization/pose_estimator/pose_with_covariance,36744770944,1785816292895290648,41535664400751,36744770944,0
/localization/kinematic_state,36794770945,1785816292934120437,41535703230316,36794770945,0
/sensing/lidar/top/pointcloud_raw_ex,36794770945,1785816292940277066,41535709387133,36794770945,511192
/localization/pose_estimator/pose_with_covariance,36794770945,1785816292944540977,41535713651189,36794770945,0
/localization/kinematic_state,36844770946,1785816292983856588,41535752966436,36844770946,0
/sensing/lidar/top/pointcloud_raw_ex,36844770946,1785816292993412470,41535762522541,36844770946,520120
/localization/pose_estimator/pose_with_covariance,36844770946,1785816292998903138,41535768013260,36844770946,0
/localization/kinematic_state,36894770946,1785816293033786404,41535802896284,36894770946,0
/sensing/lidar/top/pointcloud_raw_ex,36894770946,1785816293041068083,41535810178399,36894770946,507800
/localization/pose_estimator/pose_with_covariance,36894770946,1785816293045456619,41535814566902,36894770946,0
/localization/kinematic_state,36944770947,1785816293084515484,41535853625236,36944770947,0
/sensing/lidar/top/pointcloud_raw_ex,36944770947,1785816293092328644,41535861438882,36944770947,515288
/localization/pose_estimator/pose_with_covariance,36944770947,1785816293097770458,41535866880406,36944770947,0
/localization/kinematic_state,36994770948,1785816293134627536,41535903737264,36994770948,0
/sensing/lidar/top/pointcloud_raw_ex,36994770948,1785816293141423132,41535910533667,36994770948,514584
/localization/pose_estimator/pose_with_covariance,36994770948,1785816293147487806,41535916597917,36994770948,0
/localization/kinematic_state,37044770949,1785816293185321792,41535954431674,37044770949,0
/sensing/lidar/top/pointcloud_raw_ex,37044770949,1785816293190646748,41535959756704,37044770949,516600
/localization/pose_estimator/pose_with_covariance,37044770949,1785816293196040565,41535965150871,37044770949,0
/localization/kinematic_state,37094770949,1785816293235355120,41536004465005,37094770949,0
/sensing/lidar/top/pointcloud_raw_ex,37094770949,1785816293242215051,41536011325043,37094770949,509208
/localization/pose_estimator/pose_with_covariance,37094770949,1785816293250015440,41536019125824,37094770949,0
/localization/kinematic_state,37144770950,1785816293285126205,41536054236198,37144770950,0
/sensing/lidar/top/pointcloud_raw_ex,37144770950,1785816293290676320,41536059786462,37144770950,514616
/localization/pose_estimator/pose_with_covariance,37144770950,1785816293296374813,41536065484655,37144770950,0
/localization/kinematic_state,37194770951,1785816293335174295,41536104283990,37194770951,0
/sensing/lidar/top/pointcloud_raw_ex,37194770951,1785816293341224991,41536110335224,37194770951,511192
/localization/pose_estimator/pose_with_covariance,37194770951,1785816293345794812,41536114904759,37194770951,0
/localization/kinematic_state,37244770952,1785816293384990390,41536154100381,37244770952,0
/sensing/lidar/top/pointcloud_raw_ex,37244770952,1785816293391192752,41536160302907,37244770952,517080
/localization/pose_estimator/pose_with_covariance,37244770952,1785816293396583276,41536165693347,37244770952,0
/localization/kinematic_state,37294770952,1785816293435374036,41536204483909,37294770952,0
/sensing/lidar/top/pointcloud_raw_ex,37294770952,1785816293442258884,41536211369135,37294770952,510840
/localization/pose_estimator/pose_with_covariance,37294770952,1785816293447519900,41536216629840,37294770952,0
/localization/kinematic_state,37344770953,1785816293487177455,41536256287870,37344770953,0
/sensing/lidar/top/pointcloud_raw_ex,37344770953,1785816293490685113,41536259795273,37344770953,512376
/localization/pose_estimator/pose_with_covariance,37344770953,1785816293495857332,41536264967512,37344770953,0
/localization/kinematic_state,37394770954,1785816293534950857,41536304060546,37394770954,0
/sensing/lidar/top/pointcloud_raw_ex,37394770954,1785816293540900209,41536310010274,37394770954,512216
/localization/pose_estimator/pose_with_covariance,37394770954,1785816293546709053,41536315819019,37394770954,0
/localization/kinematic_state,37444770955,1785816293585405946,41536354515787,37444770955,0
/sensing/lidar/top/pointcloud_raw_ex,37444770955,1785816293591548288,41536360658412,37444770955,516600
/localization/pose_estimator/pose_with_covariance,37444770955,1785816293596669718,41536365779537,37444770955,0
/localization/kinematic_state,37494770955,1785816293635253009,41536404362833,37494770955,0
/sensing/lidar/top/pointcloud_raw_ex,37494770955,1785816293643003775,41536412114125,37494770955,505976
/localization/pose_estimator/pose_with_covariance,37494770955,1785816293647394868,41536416505053,37494770955,0
/localization/kinematic_state,37544770956,1785816293685463027,41536454572984,37544770956,0
/sensing/lidar/top/pointcloud_raw_ex,37544770956,1785816293690534135,41536459644141,37544770956,513528
/localization/pose_estimator/pose_with_covariance,37544770956,1785816293695580657,41536464690572,37544770956,0
/localization/kinematic_state,37594770957,1785816293735949734,41536505059559,37594770957,0
/sensing/lidar/top/pointcloud_raw_ex,37594770957,1785816293741874250,41536510984278,37594770957,510392
/localization/pose_estimator/pose_with_covariance,37594770957,1785816293747515199,41536516625226,37594770957,0
/localization/kinematic_state,37644770958,1785816293785949925,41536555059892,37644770958,0
/sensing/lidar/top/pointcloud_raw_ex,37644770958,1785816293791260217,41536560370211,37644770958,523256
/localization/pose_estimator/pose_with_covariance,37644770958,1785816293796463850,41536565573800,37644770958,0
/localization/kinematic_state,37694770958,1785816293835979938,41536605089834,37694770958,0
/sensing/lidar/top/pointcloud_raw_ex,37694770958,1785816293841791183,41536610901487,37694770958,511448
/localization/pose_estimator/pose_with_covariance,37694770958,1785816293847623843,41536616734108,37694770958,0
/localization/kinematic_state,37744770959,1785816293886462774,41536655572746,37744770959,0
/sensing/lidar/top/pointcloud_raw_ex,37744770959,1785816293891966984,41536661077056,37744770959,512248
/localization/pose_estimator/pose_with_covariance,37744770959,1785816293897127453,41536666237500,37744770959,0
/localization/kinematic_state,37794770960,1785816293936365427,41536705475402,37794770960,0
/sensing/lidar/top/pointcloud_raw_ex,37794770960,1785816293942923405,41536712033563,37794770960,509368
/localization/pose_estimator/pose_with_covariance,37794770960,1785816293947673619,41536716783930,37794770960,0
/localization/kinematic_state,37844770961,1785816293986510043,41536755620321,37844770961,0
/sensing/lidar/top/pointcloud_raw_ex,37844770961,1785816293991911069,41536761020906,37844770961,516056
/localization/pose_estimator/pose_with_covariance,37844770961,1785816293997917535,41536767027481,37844770961,0
/localization/kinematic_state,37894770961,1785816294036307742,41536805417637,37894770961,0
/sensing/lidar/top/pointcloud_raw_ex,37894770961,1785816294043263639,41536812373981,37894770961,510488
/localization/pose_estimator/pose_with_covariance,37894770961,1785816294047930071,41536817040207,37894770961,0
/localization/kinematic_state,37944770962,1785816294086265953,41536855375981,37944770962,0
/sensing/lidar/top/pointcloud_raw_ex,37944770962,1785816294091570297,41536860680444,37944770962,517048
/localization/pose_estimator/pose_with_covariance,37944770962,1785816294097829635,41536866939834,37944770962,0
/localization/kinematic_state,37994770963,1785816294136530680,41536905640460,37994770963,0
/sensing/lidar/top/pointcloud_raw_ex,37994770963,1785816294143304249,41536912414220,37994770963,510808
/localization/pose_estimator/pose_with_covariance,37994770963,1785816294149743495,41536918853308,37994770963,0
/localization/kinematic_state,38044770963,1785816294186626733,41536955736583,38044770963,0
/sensing/lidar/top/pointcloud_raw_ex,38044770963,1785816294192573138,41536961683007,38044770963,513784
/localization/pose_estimator/pose_with_covariance,38044770963,1785816294197451764,41536966561848,38044770963,0
/localization/kinematic_state,38094770964,1785816294236909643,41537006019489,38094770964,0
/sensing/lidar/top/pointcloud_raw_ex,38094770964,1785816294243825320,41537012935361,38094770964,513144
/localization/pose_estimator/pose_with_covariance,38094770964,1785816294247925356,41537017035260,38094770964,0
/localization/kinematic_state,38144770965,1785816294286468829,41537055578800,38144770965,0
/sensing/lidar/top/pointcloud_raw_ex,38144770965,1785816294291964764,41537061074614,38144770965,512760
/localization/pose_estimator/pose_with_covariance,38144770965,1785816294296952819,41537066062646,38144770965,0
/localization/kinematic_state,38194770966,1785816294336855595,41537105965570,38194770966,0
/sensing/lidar/top/pointcloud_raw_ex,38194770966,1785816294344622883,41537113732629,38194770966,510648
/localization/pose_estimator/pose_with_covariance,38194770966,1785816294349357907,41537118468107,38194770966,0
/localization/kinematic_state,38244770966,1785816294387093856,41537156203854,38244770966,0
/sensing/lidar/top/pointcloud_raw_ex,38244770966,1785816294392614741,41537161724844,38244770966,515640
/localization/pose_estimator/pose_with_covariance,38244770966,1785816294397556777,41537166666797,38244770966,0
/localization/kinematic_state,38294770967,1785816294437007133,41537206117083,38294770967,0
/sensing/lidar/top/pointcloud_raw_ex,38294770967,1785816294442859942,41537211970206,38294770967,509240
/localization/pose_estimator/pose_with_covariance,38294770967,1785816294448747544,41537217857713,38294770967,0
/localization/kinematic_state,38344770968,1785816294487264610,41537256374708,38344770968,0
/sensing/lidar/top/pointcloud_raw_ex,38344770968,1785816294493107162,41537262217134,38344770968,513784
/localization/pose_estimator/pose_with_covariance,38344770968,1785816294498062207,41537267172145,38344770968,0
/localization/kinematic_state,38394770969,1785816294536265815,41537305375772,38394770969,0
/sensing/lidar/top/pointcloud_raw_ex,38394770969,1785816294542986853,41537312097162,38394770969,505400
/localization/pose_estimator/pose_with_covariance,38394770969,1785816294547390892,41537316500923,38394770969,0
/localization/kinematic_state,38444770969,1785816294586572415,41537355682659,38444770969,0
/sensing/lidar/top/pointcloud_raw_ex,38444770969,1785816294592293734,41537361403759,38444770969,516344
/localization/pose_estimator/pose_with_covariance,38444770969,1785816294597530873,41537366640842,38444770969,0
/localization/kinematic_state,38494770970,1785816294636741740,41537405851601,38494770970,0
/sensing/lidar/top/pointcloud_raw_ex,38494770970,1785816294642868603,41537411979137,38494770970,510200
/localization/pose_estimator/pose_with_covariance,38494770970,1785816294647911341,41537417021521,38494770970,0
/localization/kinematic_state,38544770971,1785816294686461615,41537455571594,38544770971,0
/sensing/lidar/top/pointcloud_raw_ex,38544770971,1785816294692824195,41537461934461,38544770971,516056
/localization/pose_estimator/pose_with_covariance,38544770971,1785816294697544954,41537466654891,38544770971,0
/localization/kinematic_state,38594770972,1785816294737052225,41537506162112,38594770972,0
/sensing/lidar/top/pointcloud_raw_ex,38594770972,1785816294743645356,41537512755675,38594770972,512408
/localization/pose_estimator/pose_with_covariance,38594770972,1785816294749173038,41537518282871,38594770972,0
/localization/kinematic_state,38644770972,1785816294787072707,41537556182630,38644770972,0
/sensing/lidar/top/pointcloud_raw_ex,38644770972,1785816294792915022,41537562025185,38644770972,514808
/localization/pose_estimator/pose_with_covariance,38644770972,1785816294797351964,41537566461949,38644770972,0
/localization/kinematic_state,38694770973,1785816294837216890,41537606326690,38694770973,0
/sensing/lidar/top/pointcloud_raw_ex,38694770973,1785816294842959300,41537612069421,38694770973,513272
/localization/pose_estimator/pose_with_covariance,38694770973,1785816294847212087,41537616322045,38694770973,0
/localization/kinematic_state,38744770974,1785816294887582735,41537656692687,38744770974,0
/sensing/lidar/top/pointcloud_raw_ex,38744770974,1785816294893294812,41537662405049,38744770974,518712
/localization/pose_estimator/pose_with_covariance,38744770974,1785816294898288733,41537667398805,38744770974,0
/localization/kinematic_state,38794770975,1785816294938958806,41537708068733,38794770975,0
/sensing/lidar/top/pointcloud_raw_ex,38794770975,1785816294944074850,41537713184830,38794770975,513048
/localization/pose_estimator/pose_with_covariance,38794770975,1785816294948899892,41537718009992,38794770975,0
/localization/kinematic_state,38844770975,1785816294987472974,41537756582922,38844770975,0
/sensing/lidar/top/pointcloud_raw_ex,38844770975,1785816294993569094,41537762679229,38844770975,512120
/localization/pose_estimator/pose_with_covariance,38844770975,1785816294999710183,41537768820160,38844770975,0
/localization/kinematic_state,38894770976,1785816295038351173,41537807461151,38894770976,0
/sensing/lidar/top/pointcloud_raw_ex,38894770976,1785816295043755446,41537812865507,38894770976,507576
/localization/pose_estimator/pose_with_covariance,38894770976,1785816295049469251,41537818579461,38894770976,0
/localization/kinematic_state,38944770977,1785816295088278395,41537857388323,38944770977,0
/sensing/lidar/top/pointcloud_raw_ex,38944770977,1785816295093658723,41537862768810,38944770977,517912
/localization/pose_estimator/pose_with_covariance,38944770977,1785816295099007554,41537868117694,38944770977,0
/localization/kinematic_state,38994770978,1785816295138980311,41537908090277,38994770978,0
/sensing/lidar/top/pointcloud_raw_ex,38994770978,1785816295144615848,41537913726082,38994770978,511256
/localization/pose_estimator/pose_with_covariance,38994770978,1785816295150714213,41537919824352,38994770978,0
/localization/kinematic_state,39044770978,1785816295188045997,41537957155930,39044770978,0
/sensing/lidar/top/pointcloud_raw_ex,39044770978,1785816295193732130,41537962842252,39044770978,513240
/localization/pose_estimator/pose_with_covariance,39044770978,1785816295202334348,41537971444269,39044770978,0
/localization/kinematic_state,39094770979,1785816295239879530,41538008989462,39094770979,0
/sensing/lidar/top/pointcloud_raw_ex,39094770979,1785816295245886012,41538014996080,39094770979,507576
/localization/pose_estimator/pose_with_covariance,39094770979,1785816295250300578,41538019410410,39094770979,0
/localization/kinematic_state,39144770980,1785816295289468133,41538058578444,39144770980,0
/sensing/lidar/top/pointcloud_raw_ex,39144770980,1785816295295302857,41538064412902,39144770980,519512
/localization/pose_estimator/pose_with_covariance,39144770980,1785816295301056203,41538070166280,39144770980,0
/localization/kinematic_state,39194770981,1785816295338733957,41538107843805,39194770981,0
/sensing/lidar/top/pointcloud_raw_ex,39194770981,1785816295346702525,41538115812734,39194770981,509496
/localization/pose_estimator/pose_with_covariance,39194770981,1785816295353311370,41538122421501,39194770981,0
/localization/kinematic_state,39244770981,1785816295387984270,41538157094196,39244770981,0
/sensing/lidar/top/pointcloud_raw_ex,39244770981,1785816295395311304,41538164421701,39244770981,514328
/localization/pose_estimator/pose_with_covariance,39244770981,1785816295402210837,41538171321052,39244770981,0
/localization/kinematic_state,39294770982,1785816295438518803,41538207628564,39294770982,0
/sensing/lidar/top/pointcloud_raw_ex,39294770982,1785816295445333682,41538214443911,39294770982,511064
/localization/pose_estimator/pose_with_covariance,39294770982,1785816295450576688,41538219686590,39294770982,0
/localization/kinematic_state,39344770983,1785816295488541299,41538257651108,39344770983,0
/sensing/lidar/top/pointcloud_raw_ex,39344770983,1785816295494464114,41538263574342,39344770983,517784
/localization/pose_estimator/pose_with_covariance,39344770983,1785816295500496879,41538269606709,39344770983,0
/localization/kinematic_state,39394770984,1785816295538938920,41538308048869,39394770984,0
/sensing/lidar/top/pointcloud_raw_ex,39394770984,1785816295544374694,41538313484884,39394770984,505944
/localization/pose_estimator/pose_with_covariance,39394770984,1785816295549512605,41538318622662,39394770984,0
/localization/kinematic_state,39444770984,1785816295589298227,41538358408082,39444770984,0
/sensing/lidar/top/pointcloud_raw_ex,39444770984,1785816295594746691,41538363856673,39444770984,519352
/localization/pose_estimator/pose_with_covariance,39444770984,1785816295602995720,41538372105930,39444770984,0
/localization/kinematic_state,39494770985,1785816295638771429,41538407881369,39494770985,0
/sensing/lidar/top/pointcloud_raw_ex,39494770985,1785816295644725265,41538413835558,39494770985,511352
/localization/pose_estimator/pose_with_covariance,39494770985,1785816295651012583,41538420122704,39494770985,0
/localization/kinematic_state,39544770986,1785816295689093615,41538458203617,39544770986,0
/sensing/lidar/top/pointcloud_raw_ex,39544770986,1785816295694437002,41538463546836,39544770986,519064
/localization/pose_estimator/pose_with_covariance,39544770986,1785816295700292783,41538469402793,39544770986,0
/localization/kinematic_state,39594770987,1785816295738876436,41538507986275,39594770987,0
/sensing/lidar/top/pointcloud_raw_ex,39594770987,1785816295746619590,41538515729644,39594770987,510424
/localization/pose_estimator/pose_with_covariance,39594770987,1785816295751741201,41538520851388,39594770987,0
/localization/kinematic_state,39644770987,1785816295790189779,41538559300091,39644770987,0
/sensing/lidar/top/pointcloud_raw_ex,39644770987,1785816295797028933,41538566139353,39644770987,518808
/localization/pose_estimator/pose_with_covariance,39644770987,1785816295802690096,41538571800325,39644770987,0
/localization/kinematic_state,39694770988,1785816295839109922,41538608219702,39694770988,0
/sensing/lidar/top/pointcloud_raw_ex,39694770988,1785816295845982258,41538615092635,39694770988,509752
/localization/pose_estimator/pose_with_covariance,39694770988,1785816295850581092,41538619691174,39694770988,0
/localization/kinematic_state,39744770989,1785816295889440342,41538658550325,39744770989,0
/sensing/lidar/top/pointcloud_raw_ex,39744770989,1785816295896173576,41538665283783,39744770989,520376
/localization/pose_estimator/pose_with_covariance,39744770989,1785816295901151623,41538670262045,39744770989,0
/localization/kinematic_state,39794770990,1785816295939958237,41538709068094,39794770990,0
/sensing/lidar/top/pointcloud_raw_ex,39794770990,1785816295945051967,41538714162063,39794770990,502040
/localization/pose_estimator/pose_with_covariance,39794770990,1785816295949080301,41538718190229,39794770990,0
/localization/kinematic_state,39844770990,1785816295989902491,41538759012238,39844770990,0
/sensing/lidar/top/pointcloud_raw_ex,39844770990,1785816295995282168,41538764392254,39844770990,518104
/localization/pose_estimator/pose_with_covariance,39844770990,1785816296000706790,41538769816848,39844770990,0
/localization/kinematic_state,39894770991,1785816296039570495,41538808680656,39894770991,0
/sensing/lidar/top/pointcloud_raw_ex,39894770991,1785816296046091838,41538815201881,39894770991,510552
/localization/pose_estimator/pose_with_covariance,39894770991,1785816296052064771,41538821174736,39894770991,0
/localization/kinematic_state,39944770992,1785816296089800887,41538858910830,39944770992,0
/sensing/lidar/top/pointcloud_raw_ex,39944770992,1785816296095827870,41538864937807,39944770992,515352
/localization/pose_estimator/pose_with_covariance,39944770992,1785816296100399596,41538869509304,39944770992,0
/localization/kinematic_state,39994770993,1785816296140189603,41538909299572,39994770993,0
/sensing/lidar/top/pointcloud_raw_ex,39994770993,1785816296146860600,41538915970874,39994770993,509240
/localization/pose_estimator/pose_with_covariance,39994770993,1785816296152965047,41538922075245,39994770993,0
/localization/kinematic_state,40044770993,1785816296190196396,41538959306348,40044770993,0
/sensing/lidar/top/pointcloud_raw_ex,40044770993,1785816296195696759,41538964806964,40044770993,512280
/localization/pose_estimator/pose_with_covariance,40044770993,1785816296200097315,41538969207290,40044770993,0
/localization/kinematic_state,40094770994,1785816296239944963,41539009054774,40094770994,0
/sensing/lidar/top/pointcloud_raw_ex,40094770994,1785816296246620067,41539015730292,40094770994,505368
/localization/pose_estimator/pose_with_covariance,40094770994,1785816296252095789,41539021205628,40094770994,0
/localization/kinematic_state,40144770995,1785816296290962551,41539060072424,40144770995,0
/sensing/lidar/top/pointcloud_raw_ex,40144770995,1785816296296413235,41539065523154,40144770995,512920
/localization/pose_estimator/pose_with_covariance,40144770995,1785816296300816545,41539069926399,40144770995,0
/localization/kinematic_state,40194770996,1785816296340218795,41539109328564,40194770996,0
/sensing/lidar/top/pointcloud_raw_ex,40194770996,1785816296347928437,41539117038492,40194770996,509464
/localization/pose_estimator/pose_with_covariance,40194770996,1785816296352049067,41539121159135,40194770996,0
/localization/kinematic_state,40244770996,1785816296392202973,41539161312948,40244770996,0
/sensing/lidar/top/pointcloud_raw_ex,40244770996,1785816296397356212,41539166465898,40244770996,517304
/localization/pose_estimator/pose_with_covariance,40244770996,1785816296402619144,41539171728962,40244770996,0
/localization/kinematic_state,40294770997,1785816296440275467,41539209385360,40294770997,0
/sensing/lidar/top/pointcloud_raw_ex,40294770997,1785816296447241129,41539216351077,40294770997,512536
/localization/pose_estimator/pose_with_covariance,40294770997,1785816296451948895,41539221058774,40294770997,0
/localization/kinematic_state,40344770998,1785816296490979096,41539260089248,40344770998,0
/sensing/lidar/top/pointcloud_raw_ex,40344770998,1785816296496443267,41539265553239,40344770998,517560
/localization/pose_estimator/pose_with_covariance,40344770998,1785816296501318078,41539270428169,40344770998,0
/localization/kinematic_state,40394770999,1785816296542974419,41539312084421,40394770999,0
/sensing/lidar/top/pointcloud_raw_ex,40394770999,1785816296546989881,41539316099826,40394770999,510136
/localization/pose_estimator/pose_with_covariance,40394770999,1785816296551671559,41539320781724,40394770999,0
/localization/kinematic_state,40444770999,1785816296591122877,41539360232611,40444770999,0
/sensing/lidar/top/pointcloud_raw_ex,40444770999,1785816296596801746,41539365911685,40444770999,517624
/localization/pose_estimator/pose_with_covariance,40444770999,1785816296602716741,41539371826906,40444770999,0
/localization/kinematic_state,40494771000,1785816296640616190,41539409725924,40494771000,0
/sensing/lidar/top/pointcloud_raw_ex,40494771000,1785816296648092538,41539417202810,40494771000,515064
/localization/pose_estimator/pose_with_covariance,40494771000,1785816296652667269,41539421777201,40494771000,0
/localization/kinematic_state,40544771001,1785816296690816040,41539459926056,40544771001,0
/sensing/lidar/top/pointcloud_raw_ex,40544771001,1785816296696230501,41539465340353,40544771001,514904
/localization/pose_estimator/pose_with_covariance,40544771001,1785816296701610628,41539470720781,40544771001,0
/localization/kinematic_state,40594771001,1785816296741265581,41539510375462,40594771001,0
/sensing/lidar/top/pointcloud_raw_ex,40594771001,1785816296747107995,41539516218362,40594771001,511768
/localization/pose_estimator/pose_with_covariance,40594771001,1785816296752742088,41539521852266,40594771001,0
/localization/kinematic_state,40644771002,1785816296791574162,41539560684104,40644771002,0
/sensing/lidar/top/pointcloud_raw_ex,40644771002,1785816296796562640,41539565672744,40644771002,515544
/localization/pose_estimator/pose_with_covariance,40644771002,1785816296802277688,41539571387840,40644771002,0
/localization/kinematic_state,40694771003,1785816296840626864,41539609736699,40694771003,0
/sensing/lidar/top/pointcloud_raw_ex,40694771003,1785816296847282763,41539616392893,40694771003,512792
/localization/pose_estimator/pose_with_covariance,40694771003,1785816296852552406,41539621662347,40694771003,0
/localization/kinematic_state,40744771004,1785816296891096092,41539660206161,40744771004,0
/sensing/lidar/top/pointcloud_raw_ex,40744771004,1785816296897394735,41539666505003,40744771004,515960
/localization/pose_estimator/pose_with_covariance,40744771004,1785816296902927409,41539672037246,40744771004,0
/localization/kinematic_state,40794771004,1785816296941746251,41539710856270,40794771004,0
/sensing/lidar/top/pointcloud_raw_ex,40794771004,1785816296947384946,41539716495245,40794771004,510072
/localization/pose_estimator/pose_with_covariance,40794771004,1785816296952339761,41539721449989,40794771004,0
/localization/kinematic_state,40844771005,1785816296992159513,41539761269262,40844771005,0
/sensing/lidar/top/pointcloud_raw_ex,40844771005,1785816296997387038,41539766497031,40844771005,517048
/localization/pose_estimator/pose_with_covariance,40844771005,1785816297003393955,41539772504262,40844771005,0
/localization/kinematic_state,40894771006,1785816297041329726,41539810439653,40894771006,0
/sensing/lidar/top/pointcloud_raw_ex,40894771006,1785816297046990991,41539816101089,40894771006,514424
/localization/pose_estimator/pose_with_covariance,40894771006,1785816297052302524,41539821412690,40894771006,0
/localization/kinematic_state,40944771007,1785816297091415105,41539860525075,40944771007,0
/sensing/lidar/top/pointcloud_raw_ex,40944771007,1785816297097779283,41539866889548,40944771007,519000
/localization/pose_estimator/pose_with_covariance,40944771007,1785816297102815517,41539871925625,40944771007,0
/localization/kinematic_state,40994771007,1785816297141819660,41539910929506,40994771007,0
/sensing/lidar/top/pointcloud_raw_ex,40994771007,1785816297147267157,41539916377206,40994771007,507928
/localization/pose_estimator/pose_with_covariance,40994771007,1785816297152114942,41539921224922,40994771007,0
/localization/kinematic_state,41044771008,1785816297191728684,41539960838658,41044771008,0
/sensing/lidar/top/pointcloud_raw_ex,41044771008,1785816297197815076,41539966925476,41044771008,520344
/localization/pose_estimator/pose_with_covariance,41044771008,1785816297206147628,41539975257627,41044771008,0
/localization/kinematic_state,41094771009,1785816297241678915,41540010788824,41094771009,0
/sensing/lidar/top/pointcloud_raw_ex,41094771009,1785816297248283831,41540017393956,41094771009,511320
/localization/pose_estimator/pose_with_covariance,41094771009,1785816297254945260,41540024055649,41094771009,0
/localization/kinematic_state,41144771010,1785816297292352880,41540061462730,41144771010,0
/sensing/lidar/top/pointcloud_raw_ex,41144771010,1785816297299224943,41540068335001,41144771010,518360
/localization/pose_estimator/pose_with_covariance,41144771010,1785816297304457090,41540073567036,41144771010,0
/localization/kinematic_state,41194771010,1785816297342018509,41540111128456,41194771010,0
/sensing/lidar/top/pointcloud_raw_ex,41194771010,1785816297349549088,41540118659064,41194771010,515864
/localization/pose_estimator/pose_with_covariance,41194771010,1785816297355786812,41540124896649,41194771010,0
/localization/kinematic_state,41244771011,1785816297393255047,41540162365031,41244771011,0
/sensing/lidar/top/pointcloud_raw_ex,41244771011,1785816297398831418,41540167941954,41244771011,518552
/localization/pose_estimator/pose_with_covariance,41244771011,1785816297404174946,41540173284838,41244771011,0
/localization/kinematic_state,41294771012,1785816297442819764,41540211929788,41294771012,0
/sensing/lidar/top/pointcloud_raw_ex,41294771012,1785816297449314421,41540218424389,41294771012,510616
/localization/pose_estimator/pose_with_covariance,41294771012,1785816297453407484,41540222517319,41294771012,0
/localization/kinematic_state,41344771013,1785816297492938862,41540262048547,41344771013,0
/sensing/lidar/top/pointcloud_raw_ex,41344771013,1785816297498964885,41540268074895,41344771013,516184
/localization/pose_estimator/pose_with_covariance,41344771013,1785816297503473283,41540272583245,41344771013,0
/localization/kinematic_state,41394771013,1785816297542552836,41540311662601,41394771013,0
/sensing/lidar/top/pointcloud_raw_ex,41394771013,1785816297548773722,41540317884020,41394771013,511672
/localization/pose_estimator/pose_with_covariance,41394771013,1785816297552928431,41540322038221,41394771013,0
/localization/kinematic_state,41444771014,1785816297593153362,41540362263184,41444771014,0
/sensing/lidar/top/pointcloud_raw_ex,41444771014,1785816297600153905,41540369263911,41444771014,520856
/localization/pose_estimator/pose_with_covariance,41444771014,1785816297604963422,41540374073574,41444771014,0
/localization/kinematic_state,41494771015,1785816297643453778,41540412563856,41494771015,0
/sensing/lidar/top/pointcloud_raw_ex,41494771015,1785816297651902487,41540421012782,41494771015,511480
/localization/pose_estimator/pose_with_covariance,41494771015,1785816297656664859,41540425774687,41494771015,0
/localization/kinematic_state,41544771016,1785816297693065048,41540462175062,41544771016,0
/sensing/lidar/top/pointcloud_raw_ex,41544771016,1785816297698668233,41540467778497,41544771016,515864
/localization/pose_estimator/pose_with_covariance,41544771016,1785816297703151504,41540472261441,41544771016,0
/localization/kinematic_state,41594771016,1785816297744331386,41540513441268,41594771016,0
/sensing/lidar/top/pointcloud_raw_ex,41594771016,1785816297750435585,41540519545847,41594771016,509432
/localization/pose_estimator/pose_with_covariance,41594771016,1785816297755490428,41540524600751,41594771016,0
/localization/kinematic_state,41644771017,1785816297794280887,41540563390742,41644771017,0
/sensing/lidar/top/pointcloud_raw_ex,41644771017,1785816297799661013,41540568770867,41644771017,517944
/localization/pose_estimator/pose_with_covariance,41644771017,1785816297804810263,41540573920078,41644771017,0
/localization/kinematic_state,41694771018,1785816297844144136,41540613253843,41694771018,0
/sensing/lidar/top/pointcloud_raw_ex,41694771018,1785816297850160627,41540619270762,41694771018,512280
/localization/pose_estimator/pose_with_covariance,41694771018,1785816297854571249,41540623681113,41694771018,0
/localization/kinematic_state,41744771019,1785816297894853265,41540663963097,41744771019,0
/sensing/lidar/top/pointcloud_raw_ex,41744771019,1785816297900155002,41540669265286,41744771019,509944
/localization/pose_estimator/pose_with_covariance,41744771019,1785816297905510712,41540674620804,41744771019,0
/localization/kinematic_state,41794771019,1785816297945047495,41540714157458,41794771019,0
/sensing/lidar/top/pointcloud_raw_ex,41794771019,1785816297950220105,41540719330321,41794771019,510744
/localization/pose_estimator/pose_with_covariance,41794771019,1785816297955547828,41540724657532,41794771019,0
/localization/kinematic_state,41844771020,1785816297994460945,41540763570907,41844771020,0
/sensing/lidar/top/pointcloud_raw_ex,41844771020,1785816298000826522,41540769936616,41844771020,520440
/localization/pose_estimator/pose_with_covariance,41844771020,1785816298007114067,41540776224359,41844771020,0
/localization/kinematic_state,41894771021,1785816298043878786,41540812988743,41894771021,0
/sensing/lidar/top/pointcloud_raw_ex,41894771021,1785816298051241562,41540820351801,41894771021,510744
/localization/pose_estimator/pose_with_covariance,41894771021,1785816298055912594,41540825022640,41894771021,0
/localization/kinematic_state,41944771022,1785816298095943102,41540865053027,41944771022,0
/sensing/lidar/top/pointcloud_raw_ex,41944771022,1785816298099714265,41540868824091,41944771022,517336
/localization/pose_estimator/pose_with_covariance,41944771022,1785816298105256647,41540874366473,41944771022,0
/localization/kinematic_state,41994771022,1785816298146288338,41540915398300,41994771022,0
/sensing/lidar/top/pointcloud_raw_ex,41994771022,1785816298150556710,41540919666525,41994771022,509080
/localization/pose_estimator/pose_with_covariance,41994771022,1785816298154763750,41540923873737,41994771022,0
/localization/kinematic_state,42044771023,1785816298195054022,41540964163821,42044771023,0
/sensing/lidar/top/pointcloud_raw_ex,42044771023,1785816298201703200,41540970813383,42044771023,516824
/localization/pose_estimator/pose_with_covariance,42044771023,1785816298208870105,41540977979968,42044771023,0
/localization/kinematic_state,42094771024,1785816298245949221,41541015059021,42094771024,0
/sensing/lidar/top/pointcloud_raw_ex,42094771024,1785816298251033098,41541020143080,42094771024,512984
/localization/pose_estimator/pose_with_covariance,42094771024,1785816298255683364,41541024793303,42094771024,0
/localization/kinematic_state,42144771025,1785816298295064231,41541064174158,42144771025,0
/sensing/lidar/top/pointcloud_raw_ex,42144771025,1785816298300283939,41541069393889,42144771025,513016
/localization/pose_estimator/pose_with_covariance,42144771025,1785816298305573584,41541074683404,42144771025,0
/localization/kinematic_state,42194771025,1785816298345020821,41541114130546,42194771025,0
/sensing/lidar/top/pointcloud_raw_ex,42194771025,1785816298352564819,41541121675213,42194771025,512440
/localization/pose_estimator/pose_with_covariance,42194771025,1785816298357598466,41541126708774,42194771025,0
/localization/kinematic_state,42244771026,1785816298395543076,41541164653007,42244771026,0
/sensing/lidar/top/pointcloud_raw_ex,42244771026,1785816298400365399,41541169475851,42244771026,513880
/localization/pose_estimator/pose_with_covariance,42244771026,1785816298405403622,41541174513813,42244771026,0
/localization/kinematic_state,42294771027,1785816298446172986,41541215283291,42294771027,0
/sensing/lidar/top/pointcloud_raw_ex,42294771027,1785816298450797912,41541219907824,42294771027,508824
/localization/pose_estimator/pose_with_covariance,42294771027,1785816298455300856,41541224410682,42294771027,0
/localization/kinematic_state,42344771028,1785816298495645602,41541264755676,42344771028,0
/sensing/lidar/top/pointcloud_raw_ex,42344771028,1785816298501356115,41541270465857,42344771028,516056
/localization/pose_estimator/pose_with_covariance,42344771028,1785816298508748467,41541277858282,42344771028,0
/localization/kinematic_state,42394771028,1785816298545347786,41541314457554,42394771028,0
/sensing/lidar/top/pointcloud_raw_ex,42394771028,1785816298552071371,41541321181445,42394771028,507128
/localization/pose_estimator/pose_with_covariance,42394771028,1785816298556369694,41541325479620,42394771028,0
/localization/kinematic_state,42444771029,1785816298595523929,41541364633756,42444771029,0
/sensing/lidar/top/pointcloud_raw_ex,42444771029,1785816298601785829,41541370895905,42444771029,517112
/localization/pose_estimator/pose_with_covariance,42444771029,1785816298608794437,41541377904500,42444771029,0
/localization/kinematic_state,42494771030,1785816298645764956,41541414874851,42494771030,0
/sensing/lidar/top/pointcloud_raw_ex,42494771030,1785816298651353647,41541420463734,42494771030,508984
/localization/pose_estimator/pose_with_covariance,42494771030,1785816298656547024,41541425656987,42494771030,0
/localization/kinematic_state,42544771031,1785816298696078538,41541465188564,42544771031,0
/sensing/lidar/top/pointcloud_raw_ex,42544771031,1785816298701346410,41541470456336,42544771031,513368
/localization/pose_estimator/pose_with_covariance,42544771031,1785816298709354241,41541478464485,42544771031,0
/localization/kinematic_state,42594771031,1785816298746950098,41541516059971,42594771031,0
/sensing/lidar/top/pointcloud_raw_ex,42594771031,1785816298751197656,41541520307505,42594771031,509112
/localization/pose_estimator/pose_with_covariance,42594771031,1785816298757359167,41541526469436,42594771031,0
/localization/kinematic_state,42644771032,1785816298796416649,41541565526545,42644771032,0
/sensing/lidar/top/pointcloud_raw_ex,42644771032,1785816298802031698,41541571141530,42644771032,510584
/localization/pose_estimator/pose_with_covariance,42644771032,1785816298807822595,41541576932800,42644771032,0
/localization/kinematic_state,42694771033,1785816298848158910,41541617269009,42694771033,0
/sensing/lidar/top/pointcloud_raw_ex,42694771033,1785816298852053506,41541621163453,42694771033,512632
/localization/pose_estimator/pose_with_covariance,42694771033,1785816298856517164,41541625627161,42694771033,0
/localization/kinematic_state,42744771034,1785816298895863985,41541664973840,42744771034,0
/sensing/lidar/top/pointcloud_raw_ex,42744771034,1785816298902131642,41541671242035,42744771034,516216
/localization/pose_estimator/pose_with_covariance,42744771034,1785816298909179438,41541678289399,42744771034,0
/localization/kinematic_state,42794771034,1785816298945978462,41541715088425,42794771034,0
/sensing/lidar/top/pointcloud_raw_ex,42794771034,1785816298951921394,41541721031786,42794771034,511896
/localization/pose_estimator/pose_with_covariance,42794771034,1785816298959106194,41541728215992,42794771034,0
/localization/kinematic_state,42844771035,1785816298996244206,41541765354047,42844771035,0
/sensing/lidar/top/pointcloud_raw_ex,42844771035,1785816299001495159,41541770605047,42844771035,515192
/localization/pose_estimator/pose_with_covariance,42844771035,1785816299006357994,41541775468035,42844771035,0
/localization/kinematic_state,42894771036,1785816299048068374,41541817178676,42894771036,0
/sensing/lidar/top/pointcloud_raw_ex,42894771036,1785816299052862935,41541821973047,42894771036,513016
/localization/pose_estimator/pose_with_covariance,42894771036,1785816299057623257,41541826733212,42894771036,0
/localization/kinematic_state,42944771037,1785816299098246711,41541867356676,42944771037,0
/sensing/lidar/top/pointcloud_raw_ex,42944771037,1785816299102727960,41541871837772,42944771037,514360
/localization/pose_estimator/pose_with_covariance,42944771037,1785816299109362417,41541878472861,42944771037,0
/localization/kinematic_state,42994771037,1785816299146846647,41541915956390,42994771037,0
/sensing/lidar/top/pointcloud_raw_ex,42994771037,1785816299152569121,41541921679172,42994771037,507768
/localization/pose_estimator/pose_with_covariance,42994771037,1785816299156609686,41541925719800,42994771037,0
/localization/kinematic_state,43044771038,1785816299196374034,41541965484158,43044771038,0
/sensing/lidar/top/pointcloud_raw_ex,43044771038,1785816299203107146,41541972217134,43044771038,519000
/localization/pose_estimator/pose_with_covariance,43044771038,1785816299210024562,41541979134393,43044771038,0
/localization/kinematic_state,43094771039,1785816299246344313,41542015454294,43094771039,0
/sensing/lidar/top/pointcloud_raw_ex,43094771039,1785816299253004790,41542022114985,43094771039,511416
/localization/pose_estimator/pose_with_covariance,43094771039,1785816299257552844,41542026662719,43094771039,0
/localization/kinematic_state,43144771039,1785816299296574741,41542065684694,43144771039,0
/sensing/lidar/top/pointcloud_raw_ex,43144771039,1785816299303223465,41542072333818,43144771039,520440
/localization/pose_estimator/pose_with_covariance,43144771039,1785816299307720969,41542076830974,43144771039,0
/localization/kinematic_state,43194771040,1785816299347203252,41542116313132,43194771040,0
/sensing/lidar/top/pointcloud_raw_ex,43194771040,1785816299352844010,41542121954092,43194771040,512984
/localization/pose_estimator/pose_with_covariance,43194771040,1785816299359048657,41542128158737,43194771040,0
/localization/kinematic_state,43244771041,1785816299396875805,41542165985670,43244771041,0
/sensing/lidar/top/pointcloud_raw_ex,43244771041,1785816299402690003,41542171800126,43244771041,521304
/localization/pose_estimator/pose_with_covariance,43244771041,1785816299410633497,41542179744037,43244771041,0
/localization/kinematic_state,43294771042,1785816299448022327,41542217132309,43294771042,0
/sensing/lidar/top/pointcloud_raw_ex,43294771042,1785816299454455114,41542223565201,43294771042,508952
/localization/pose_estimator/pose_with_covariance,43294771042,1785816299458416055,41542227526289,43294771042,0
/localization/kinematic_state,43344771042,1785816299497930200,41542267040517,43344771042,0
/sensing/lidar/top/pointcloud_raw_ex,43344771042,1785816299503740473,41542272850892,43344771042,513784
/localization/pose_estimator/pose_with_covariance,43344771042,1785816299509447949,41542278558022,43344771042,0
/localization/kinematic_state,43394771043,1785816299547056036,41542316166015,43394771043,0
/sensing/lidar/top/pointcloud_raw_ex,43394771043,1785816299553145951,41542322256121,43394771043,508504
/localization/pose_estimator/pose_with_covariance,43394771043,1785816299557447982,41542326557824,43394771043,0
/localization/kinematic_state,43444771044,1785816299597131334,41542366241468,43444771044,0
/sensing/lidar/top/pointcloud_raw_ex,43444771044,1785816299602371349,41542371481318,43444771044,519416
/localization/pose_estimator/pose_with_covariance,43444771044,1785816299606792096,41542375902112,43444771044,0
/localization/kinematic_state,43494771045,1785816299647189355,41542416299149,43494771045,0
/sensing/lidar/top/pointcloud_raw_ex,43494771045,1785816299653892700,41542423002798,43494771045,513048
/localization/pose_estimator/pose_with_covariance,43494771045,1785816299660016146,41542429126461,43494771045,0
/localization/kinematic_state,43544771045,1785816299699203439,41542468313513,43544771045,0
/sensing/lidar/top/pointcloud_raw_ex,43544771045,1785816299702696803,41542471806580,43544771045,517208
/localization/pose_estimator/pose_with_covariance,43544771045,1785816299707815139,41542476925269,43544771045,0
/localization/kinematic_state,43594771046,1785816299747244233,41542516354188,43594771046,0
/sensing/lidar/top/pointcloud_raw_ex,43594771046,1785816299753256567,41542522366811,43594771046,516568
/localization/pose_estimator/pose_with_covariance,43594771046,1785816299758823905,41542527933869,43594771046,0
/localization/kinematic_state,43644771047,1785816299797618375,41542566728247,43644771047,0
/sensing/lidar/top/pointcloud_raw_ex,43644771047,1785816299804249786,41542573359841,43644771047,514776
/localization/pose_estimator/pose_with_covariance,43644771047,1785816299808802245,41542577912057,43644771047,0
/localization/kinematic_state,43694771048,1785816299849091207,41542618201020,43694771048,0
/sensing/lidar/top/pointcloud_raw_ex,43694771048,1785816299857459432,41542626569361,43694771048,510904
/localization/pose_estimator/pose_with_covariance,43694771048,1785816299862519405,41542631629345,43694771048,0
/localization/kinematic_state,43744771048,1785816299897918980,41542667028934,43744771048,0
/sensing/lidar/top/pointcloud_raw_ex,43744771048,1785816299904226959,41542673337093,43744771048,518200
/localization/pose_estimator/pose_with_covariance,43744771048,1785816299911288876,41542680399015,43744771048,0
/localization/kinematic_state,43794771049,1785816299947804433,41542716914306,43794771049,0
/sensing/lidar/top/pointcloud_raw_ex,43794771049,1785816299953613633,41542722723929,43794771049,510360
/localization/pose_estimator/pose_with_covariance,43794771049,1785816299959377182,41542728487297,43794771049,0
/localization/kinematic_state,43844771050,1785816299997755105,41542766864848,43844771050,0
/sensing/lidar/top/pointcloud_raw_ex,43844771050,1785816300003995437,41542773105661,43844771050,513048
/localization/pose_estimator/pose_with_covariance,43844771050,1785816300009192358,41542778302267,43844771050,0
/localization/kinematic_state,43894771051,1785816300048011491,41542817121291,43894771051,0
/sensing/lidar/top/pointcloud_raw_ex,43894771051,1785816300053836244,41542822946314,43894771051,509688
/localization/pose_estimator/pose_with_covariance,43894771051,1785816300058431831,41542827541816,43894771051,0
/localization/kinematic_state,43944771051,1785816300097830822,41542866940681,43944771051,0
/sensing/lidar/top/pointcloud_raw_ex,43944771051,1785816300104875835,41542873986050,43944771051,514648
/localization/pose_estimator/pose_with_covariance,43944771051,1785816300110532131,41542879642032,43944771051,0
/localization/kinematic_state,43994771052,1785816300148261829,41542917371595,43994771052,0
/sensing/lidar/top/pointcloud_raw_ex,43994771052,1785816300155289466,41542924399448,43994771052,507640
/localization/pose_estimator/pose_with_covariance,43994771052,1785816300159840540,41542928950359,43994771052,0
/localization/kinematic_state,44044771053,1785816300199997853,41542969108037,44044771053,0
/sensing/lidar/top/pointcloud_raw_ex,44044771053,1785816300204841606,41542973951702,44044771053,516952
/localization/pose_estimator/pose_with_covariance,44044771053,1785816300209406353,41542978516348,44044771053,0
/localization/kinematic_state,44094771054,1785816300248402925,41543017512830,44094771054,0
/sensing/lidar/top/pointcloud_raw_ex,44094771054,1785816300254093379,41543023203570,44094771054,508152
/localization/pose_estimator/pose_with_covariance,44094771054,1785816300258406259,41543027516141,44094771054,0
/localization/kinematic_state,44144771054,1785816300299053325,41543068163379,44144771054,0
/sensing/lidar/top/pointcloud_raw_ex,44144771054,1785816300304605259,41543073715278,44144771054,518008
/localization/pose_estimator/pose_with_covariance,44144771054,1785816300310839425,41543079949637,44144771054,0
/localization/kinematic_state,44194771055,1785816300349414254,41543118524136,44194771055,0
/sensing/lidar/top/pointcloud_raw_ex,44194771055,1785816300358066094,41543127176554,44194771055,511544
/localization/pose_estimator/pose_with_covariance,44194771055,1785816300362958639,41543132068607,44194771055,0
/localization/kinematic_state,44244771056,1785816300399144639,41543168254507,44244771056,0
/sensing/lidar/top/pointcloud_raw_ex,44244771056,1785816300404887297,41543173997445,44244771056,513176
/localization/pose_estimator/pose_with_covariance,44244771056,1785816300409163033,41543178273002,44244771056,0
/localization/kinematic_state,44294771057,1785816300449135234,41543218245016,44294771057,0
/sensing/lidar/top/pointcloud_raw_ex,44294771057,1785816300455374701,41543224484883,44294771057,506744
/localization/pose_estimator/pose_with_covariance,44294771057,1785816300461981586,41543231091882,44294771057,0
/localization/kinematic_state,44344771057,1785816300499720962,41543268830981,44344771057,0
/sensing/lidar/top/pointcloud_raw_ex,44344771057,1785816300507315395,41543276425454,44344771057,516568
/localization/pose_estimator/pose_with_covariance,44344771057,1785816300513296487,41543282406391,44344771057,0
/localization/kinematic_state,44394771058,1785816300549977525,41543319087368,44394771058,0
/sensing/lidar/top/pointcloud_raw_ex,44394771058,1785816300556434639,41543325544617,44394771058,511416
/localization/pose_estimator/pose_with_covariance,44394771058,1785816300561670036,41543330780225,44394771058,0
/localization/kinematic_state,44444771059,1785816300599020600,41543368130568,44444771059,0
/sensing/lidar/top/pointcloud_raw_ex,44444771059,1785816300604960113,41543374070352,44444771059,514648
/localization/pose_estimator/pose_with_covariance,44444771059,1785816300611886942,41543380996862,44444771059,0
/localization/kinematic_state,44494771060,1785816300649760422,41543418870225,44494771060,0
/sensing/lidar/top/pointcloud_raw_ex,44494771060,1785816300655378268,41543424488598,44494771060,508920
/localization/pose_estimator/pose_with_covariance,44494771060,1785816300660959173,41543430069262,44494771060,0
/localization/kinematic_state,44544771060,1785816300699673616,41543468783743,44544771060,0
/sensing/lidar/top/pointcloud_raw_ex,44544771060,1785816300704977444,41543474087701,44544771060,514424
/localization/pose_estimator/pose_with_covariance,44544771060,1785816300709586306,41543478696547,44544771060,0
/localization/kinematic_state,44594771061,1785816300749724861,41543518834608,44594771061,0
/sensing/lidar/top/pointcloud_raw_ex,44594771061,1785816300756183169,41543525293159,44594771061,509560
/localization/pose_estimator/pose_with_covariance,44594771061,1785816300760667459,41543529777575,44594771061,0
/localization/kinematic_state,44644771062,1785816300801948486,41543571058472,44644771062,0
/sensing/lidar/top/pointcloud_raw_ex,44644771062,1785816300805558168,41543574667903,44644771062,519768
/localization/pose_estimator/pose_with_covariance,44644771062,1785816300810740908,41543579850951,44644771062,0
/localization/kinematic_state,44694771063,1785816300851110164,41543620220064,44694771063,0
/sensing/lidar/top/pointcloud_raw_ex,44694771063,1785816300855819419,41543624929284,44694771063,510168
/localization/pose_estimator/pose_with_covariance,44694771063,1785816300860553442,41543629663374,44694771063,0
/localization/kinematic_state,44744771063,1785816300899711758,41543668821711,44744771063,0
/sensing/lidar/top/pointcloud_raw_ex,44744771063,1785816300904934792,41543674044865,44744771063,516024
/localization/pose_estimator/pose_with_covariance,44744771063,1785816300910987629,41543680097675,44744771063,0
/localization/kinematic_state,44794771064,1785816300949355085,41543718464838,44794771064,0
/sensing/lidar/top/pointcloud_raw_ex,44794771064,1785816300957364277,41543726474947,44794771064,506840
/localization/pose_estimator/pose_with_covariance,44794771064,1785816300961326656,41543730436724,44794771064,0
/localization/kinematic_state,44844771065,1785816301000468448,41543769578528,44844771065,0
/sensing/lidar/top/pointcloud_raw_ex,44844771065,1785816301005963515,41543775073452,44844771065,518520
/localization/pose_estimator/pose_with_covariance,44844771065,1785816301010511712,41543779622047,44844771065,0
/localization/kinematic_state,44894771066,1785816301050053898,41543819163678,44894771066,0
/sensing/lidar/top/pointcloud_raw_ex,44894771066,1785816301055446303,41543824556578,44894771066,513048
/localization/pose_estimator/pose_with_covariance,44894771066,1785816301060586099,41543829696099,44894771066,0
/localization/kinematic_state,44944771066,1785816301099836843,41543868946741,44944771066,0
/sensing/lidar/top/pointcloud_raw_ex,44944771066,1785816301107470081,41543876580251,44944771066,514424
/localization/pose_estimator/pose_with_covariance,44944771066,1785816301112511646,41543881621677,44944771066,0
/localization/kinematic_state,44994771067,1785816301151025421,41543920135814,44994771067,0
/sensing/lidar/top/pointcloud_raw_ex,44994771067,1785816301155923990,41543925034232,44994771067,508888
/localization/pose_estimator/pose_with_covariance,44994771067,1785816301161943693,41543931053948,44994771067,0
/localization/kinematic_state,45044771068,1785816301200552632,41543969662517,45044771068,0
/sensing/lidar/top/pointcloud_raw_ex,45044771068,1785816301207403354,41543976513473,45044771068,517688
/localization/pose_estimator/pose_with_covariance,45044771068,1785816301212383344,41543981493316,45044771068,0
/localization/kinematic_state,45094771069,1785816301250267155,41544019376975,45094771069,0
/sensing/lidar/top/pointcloud_raw_ex,45094771069,1785816301257851236,41544026961213,45094771069,510328
/localization/pose_estimator/pose_with_covariance,45094771069,1785816301262516182,41544031626242,45094771069,0
/localization/kinematic_state,45144771069,1785816301300725328,41544069835314,45144771069,0
/sensing/lidar/top/pointcloud_raw_ex,45144771069,1785816301305690386,41544074800286,45144771069,508440
/localization/pose_estimator/pose_with_covariance,45144771069,1785816301310986342,41544080096292,45144771069,0
/localization/kinematic_state,45194771070,1785816301351960139,41544121070284,45194771070,0
/sensing/lidar/top/pointcloud_raw_ex,45194771070,1785816301356753432,41544125863816,45194771070,511896
/localization/pose_estimator/pose_with_covariance,45194771070,1785816301360788191,41544129898020,45194771070,0
/localization/kinematic_state,45244771071,1785816301400334084,41544169443802,45244771071,0
/sensing/lidar/top/pointcloud_raw_ex,45244771071,1785816301407073421,41544176183250,45244771071,515288
/localization/pose_estimator/pose_with_covariance,45244771071,1785816301411471298,41544180581257,45244771071,0
/localization/kinematic_state,45294771072,1785816301450273548,41544219383399,45294771072,0
/sensing/lidar/top/pointcloud_raw_ex,45294771072,1785816301456574424,41544225684719,45294771072,511224
/localization/pose_estimator/pose_with_covariance,45294771072,1785816301460677522,41544229787617,45294771072,0
/localization/kinematic_state,45344771072,1785816301500919615,41544270029498,45344771072,0
/sensing/lidar/top/pointcloud_raw_ex,45344771072,1785816301506488108,41544275598457,45344771072,518168
/localization/pose_estimator/pose_with_covariance,45344771072,1785816301511758233,41544280868276,45344771072,0
/localization/kinematic_state,45394771073,1785816301550995194,41544320105080,45394771073,0
/sensing/lidar/top/pointcloud_raw_ex,45394771073,1785816301557089566,41544326199738,45394771073,514264
/localization/pose_estimator/pose_with_covariance,45394771073,1785816301561745226,41544330855240,45394771073,0
/localization/kinematic_state,45444771074,1785816301600630380,41544369740344,45444771074,0
/sensing/lidar/top/pointcloud_raw_ex,45444771074,1785816301607846441,41544376956459,45444771074,520088
/localization/pose_estimator/pose_with_covariance,45444771074,1785816301612826187,41544381936488,45444771074,0
/localization/kinematic_state,45494771075,1785816301651326003,41544420436026,45494771075,0
/sensing/lidar/top/pointcloud_raw_ex,45494771075,1785816301656654069,41544425764174,45494771075,511160
/localization/pose_estimator/pose_with_covariance,45494771075,1785816301660761516,41544429871450,45494771075,0
/localization/kinematic_state,45544771075,1785816301702016816,41544471126824,45544771075,0
/sensing/lidar/top/pointcloud_raw_ex,45544771075,1785816301708815841,41544477925784,45544771075,512888
/localization/pose_estimator/pose_with_covariance,45544771075,1785816301713439715,41544482549619,45544771075,0
/localization/kinematic_state,45594771076,1785816301751241178,41544520350997,45594771076,0
/sensing/lidar/top/pointcloud_raw_ex,45594771076,1785816301757531765,41544526642223,45594771076,512184
/localization/pose_estimator/pose_with_covariance,45594771076,1785816301763340074,41544532449934,45594771076,0
/localization/kinematic_state,45644771077,1785816301801223934,41544570333821,45644771077,0
/sensing/lidar/top/pointcloud_raw_ex,45644771077,1785816301808426035,41544577536284,45644771077,515640
/localization/pose_estimator/pose_with_covariance,45644771077,1785816301813670356,41544582780318,45644771077,0
/localization/kinematic_state,45694771077,1785816301851588357,41544620698385,45694771077,0
/sensing/lidar/top/pointcloud_raw_ex,45694771077,1785816301857039674,41544626149642,45694771077,510072
/localization/pose_estimator/pose_with_covariance,45694771077,1785816301861751669,41544630861695,45694771077,0
/localization/kinematic_state,45744771078,1785816301901985889,41544671095972,45744771078,0
/sensing/lidar/top/pointcloud_raw_ex,45744771078,1785816301908192073,41544677302244,45744771078,513496
/localization/pose_estimator/pose_with_covariance,45744771078,1785816301913531680,41544682641719,45744771078,0
/localization/kinematic_state,45794771079,1785816301952000203,41544721110227,45794771079,0
/sensing/lidar/top/pointcloud_raw_ex,45794771079,1785816301958929216,41544728039311,45794771079,512152
/localization/pose_estimator/pose_with_covariance,45794771079,1785816301964186016,41544733295903,45794771079,0
/localization/kinematic_state,45844771080,1785816302002453014,41544771562960,45844771080,0
/sensing/lidar/top/pointcloud_raw_ex,45844771080,1785816302007588197,41544776698219,45844771080,516664
/localization/pose_estimator/pose_with_covariance,45844771080,1785816302013496655,41544782606825,45844771080,0
/localization/kinematic_state,45894771080,1785816302052955654,41544822065626,45894771080,0
/sensing/lidar/top/pointcloud_raw_ex,45894771080,1785816302058696028,41544827806347,45894771080,514040
/localization/pose_estimator/pose_with_covariance,45894771080,1785816302063749672,41544832859735,45894771080,0
/localization/kinematic_state,45944771081,1785816302101928428,41544871038176,45944771081,0
/sensing/lidar/top/pointcloud_raw_ex,45944771081,1785816302107456811,41544876566807,45944771081,519256
/localization/pose_estimator/pose_with_covariance,45944771081,1785816302112192256,41544881302599,45944771081,0
/localization/kinematic_state,45994771082,1785816302153449903,41544922559794,45994771082,0
/sensing/lidar/top/pointcloud_raw_ex,45994771082,1785816302158789510,41544927899659,45994771082,507960
/localization/pose_estimator/pose_with_covariance,45994771082,1785816302163736071,41544932846045,45994771082,0
/localization/kinematic_state,46044771083,1785816302202109240,41544971219146,46044771083,0
/sensing/lidar/top/pointcloud_raw_ex,46044771083,1785816302208637702,41544977747761,46044771083,516184
/localization/pose_estimator/pose_with_covariance,46044771083,1785816302213336608,41544982446716,46044771083,0
/localization/kinematic_state,46094771083,1785816302254134754,41545023244673,46094771083,0
/sensing/lidar/top/pointcloud_raw_ex,46094771083,1785816302260416050,41545029526333,46094771083,509848
/localization/pose_estimator/pose_with_covariance,46094771083,1785816302265835658,41545034945789,46094771083,0
/localization/kinematic_state,46144771084,1785816302302596431,41545071706192,46144771084,0
/sensing/lidar/top/pointcloud_raw_ex,46144771084,1785816302309141002,41545078250984,46144771084,516600
/localization/pose_estimator/pose_with_covariance,46144771084,1785816302313569898,41545082679884,46144771084,0
/localization/kinematic_state,46194771085,1785816302352613800,41545121723594,46194771085,0
/sensing/lidar/top/pointcloud_raw_ex,46194771085,1785816302360906842,41545130016778,46194771085,511736
/localization/pose_estimator/pose_with_covariance,46194771085,1785816302366023815,41545135134113,46194771085,0
/localization/kinematic_state,46244771086,1785816302402505227,41545171615146,46244771086,0
/sensing/lidar/top/pointcloud_raw_ex,46244771086,1785816302408692460,41545177802646,46244771086,513432
/localization/pose_estimator/pose_with_covariance,46244771086,1785816302414333106,41545183443509,46244771086,0
/localization/kinematic_state,46294771086,1785816302452770015,41545221879993,46294771086,0
/sensing/lidar/top/pointcloud_raw_ex,46294771086,1785816302459954554,41545229064787,46294771086,507576
/localization/pose_estimator/pose_with_covariance,46294771086,1785816302465319669,41545234429608,46294771086,0
/localization/kinematic_state,46344771087,1785816302503612258,41545272722497,46344771087,0
/sensing/lidar/top/pointcloud_raw_ex,46344771087,1785816302508801977,41545277912074,46344771087,513688
/localization/pose_estimator/pose_with_covariance,46344771087,1785816302514161279,41545283271470,46344771087,0
/localization/kinematic_state,46394771088,1785816302553181135,41545322291182,46394771088,0
/sensing/lidar/top/pointcloud_raw_ex,46394771088,1785816302559300700,41545328411149,46394771088,515544
/localization/pose_estimator/pose_with_covariance,46394771088,1785816302565689960,41545334800321,46394771088,0
/localization/kinematic_state,46444771089,1785816302602905266,41545372015241,46444771089,0
/sensing/lidar/top/pointcloud_raw_ex,46444771089,1785816302608445248,41545377555243,46444771089,518296
/localization/pose_estimator/pose_with_covariance,46444771089,1785816302613498155,41545382608309,46444771089,0
/localization/kinematic_state,46494771089,1785816302652502281,41545421612269,46494771089,0
/sensing/lidar/top/pointcloud_raw_ex,46494771089,1785816302658639630,41545427749858,46494771089,503864
/localization/pose_estimator/pose_with_covariance,46494771089,1785816302662303642,41545431413594,46494771089,0
/localization/kinematic_state,46544771090,1785816302702527501,41545471637629,46544771090,0
/sensing/lidar/top/pointcloud_raw_ex,46544771090,1785816302709292004,41545478402097,46544771090,516824
/localization/pose_estimator/pose_with_covariance,46544771090,1785816302714743745,41545483853872,46544771090,0
/localization/kinematic_state,46594771091,1785816302752649262,41545521759041,46594771091,0
/sensing/lidar/top/pointcloud_raw_ex,46594771091,1785816302758463987,41545527574162,46594771091,510424
/localization/pose_estimator/pose_with_covariance,46594771091,1785816302762347510,41545531457548,46594771091,0
/localization/kinematic_state,46644771092,1785816302803958245,41545573068156,46644771092,0
/sensing/lidar/top/pointcloud_raw_ex,46644771092,1785816302809101560,41545578211568,46644771092,513880
/localization/pose_estimator/pose_with_covariance,46644771092,1785816302813898155,41545583008405,46644771092,0
/localization/kinematic_state,46694771092,1785816302852971814,41545622081590,46694771092,0
/sensing/lidar/top/pointcloud_raw_ex,46694771092,1785816302860269463,41545629379736,46694771092,512952
/localization/pose_estimator/pose_with_covariance,46694771092,1785816302864533762,41545633643549,46694771092,0
/localization/kinematic_state,46744771093,1785816302903010009,41545672120067,46744771093,0
/sensing/lidar/top/pointcloud_raw_ex,46744771093,1785816302908860727,41545677970580,46744771093,516408
/localization/pose_estimator/pose_with_covariance,46744771093,1785816302913344531,41545682454239,46744771093,0
/localization/kinematic_state,46794771094,1785816302953178406,41545722288144,46794771094,0
/sensing/lidar/top/pointcloud_raw_ex,46794771094,1785816302960657832,41545729768119,46794771094,508696
/localization/pose_estimator/pose_with_covariance,46794771094,1785816302965248615,41545734358500,46794771094,0
/localization/kinematic_state,46844771095,1785816303004147010,41545773257278,46844771095,0
/sensing/lidar/top/pointcloud_raw_ex,46844771095,1785816303009100072,41545778210045,46844771095,515384
/localization/pose_estimator/pose_with_covariance,46844771095,1785816303016169720,41545785279423,46844771095,0
/localization/kinematic_state,46894771095,1785816303053771828,41545822881654,46894771095,0
/sensing/lidar/top/pointcloud_raw_ex,46894771095,1785816303059548037,41545828657989,46894771095,514072
/localization/pose_estimator/pose_with_covariance,46894771095,1785816303064570083,41545833680082,46894771095,0
/localization/kinematic_state,46944771096,1785816303103739428,41545872849283,46944771096,0
/sensing/lidar/top/pointcloud_raw_ex,46944771096,1785816303109734622,41545878844560,46944771096,514456
/localization/pose_estimator/pose_with_covariance,46944771096,1785816303114369174,41545883479106,46944771096,0
/localization/kinematic_state,46994771097,1785816303154055968,41545923165844,46994771097,0
/sensing/lidar/top/pointcloud_raw_ex,46994771097,1785816303160606319,41545929716756,46994771097,510200
/localization/pose_estimator/pose_with_covariance,46994771097,1785816303165699711,41545934810022,46994771097,0
/localization/kinematic_state,47044771098,1785816303204231873,41545973341792,47044771098,0
/sensing/lidar/top/pointcloud_raw_ex,47044771098,1785816303209677924,41545978788471,47044771098,514808
/localization/pose_estimator/pose_with_covariance,47044771098,1785816303215711315,41545984821392,47044771098,0
/localization/kinematic_state,47094771098,1785816303253990345,41546023100150,47094771098,0
/sensing/lidar/top/pointcloud_raw_ex,47094771098,1785816303260738554,41546029848633,47094771098,505368
/localization/pose_estimator/pose_with_covariance,47094771098,1785816303266027887,41546035138026,47094771098,0
/localization/kinematic_state,47144771099,1785816303305100267,41546074210287,47144771099,0
/sensing/lidar/top/pointcloud_raw_ex,47144771099,1785816303310769937,41546079879906,47144771099,516504
/localization/pose_estimator/pose_with_covariance,47144771099,1785816303315215399,41546084325331,47144771099,0
/localization/kinematic_state,47194771100,1785816303355949316,41546125059376,47194771100,0
/sensing/lidar/top/pointcloud_raw_ex,47194771100,1785816303360859124,41546129969388,47194771100,510808
/localization/pose_estimator/pose_with_covariance,47194771100,1785816303365481642,41546134591636,47194771100,0
/localization/kinematic_state,47244771101,1785816303404223167,41546173333108,47244771101,0
/sensing/lidar/top/pointcloud_raw_ex,47244771101,1785816303410263923,41546179374134,47244771101,519640
/localization/pose_estimator/pose_with_covariance,47244771101,1785816303416196505,41546185306839,47244771101,0
/localization/kinematic_state,47294771101,1785816303454325228,41546223435122,47294771101,0
/sensing/lidar/top/pointcloud_raw_ex,47294771101,1785816303462353557,41546231463730,47294771101,511192
/localization/pose_estimator/pose_with_covariance,47294771101,1785816303467494754,41546236604852,47294771101,0
/localization/kinematic_state,47344771102,1785816303504999539,41546274109708,47344771102,0
/sensing/lidar/top/pointcloud_raw_ex,47344771102,1785816303510825001,41546279935538,47344771102,511704
/localization/pose_estimator/pose_with_covariance,47344771102,1785816303517237716,41546286348046,47344771102,0
/localization/kinematic_state,47394771103,1785816303554457507,41546323567243,47394771103,0
/sensing/lidar/top/pointcloud_raw_ex,47394771103,1785816303562139220,41546331249363,47394771103,512856
/localization/pose_estimator/pose_with_covariance,47394771103,1785816303567515099,41546336625001,47394771103,0
/localization/kinematic_state,47444771104,1785816303605233960,41546374344023,47444771104,0
/sensing/lidar/top/pointcloud_raw_ex,47444771104,1785816303611530430,41546380640728,47444771104,515128
/localization/pose_estimator/pose_with_covariance,47444771104,1785816303617500011,41546386609919,47444771104,0
/localization/kinematic_state,47494771104,1785816303655164180,41546424273935,47494771104,0
/sensing/lidar/top/pointcloud_raw_ex,47494771104,1785816303662013859,41546431124103,47494771104,511288
/localization/pose_estimator/pose_with_covariance,47494771104,1785816303667492053,41546436602138,47494771104,0
/localization/kinematic_state,47544771105,1785816303705039720,41546474149567,47544771105,0
/sensing/lidar/top/pointcloud_raw_ex,47544771105,1785816303710938336,41546480048282,47544771105,517944
/localization/pose_estimator/pose_with_covariance,47544771105,1785816303716808526,41546485918352,47544771105,0
/localization/kinematic_state,47594771106,1785816303756047854,41546525157959,47594771106,0
/sensing/lidar/top/pointcloud_raw_ex,47594771106,1785816303761969475,41546531079632,47594771106,508120
/localization/pose_estimator/pose_with_covariance,47594771106,1785816303766643490,41546535753537,47594771106,0
/localization/kinematic_state,47644771107,1785816303805086120,41546574195888,47644771107,0
/sensing/lidar/top/pointcloud_raw_ex,47644771107,1785816303811166373,41546580276544,47644771107,518552
/localization/pose_estimator/pose_with_covariance,47644771107,1785816303816606738,41546585716852,47644771107,0
/localization/kinematic_state,47694771107,1785816303856809015,41546625918977,47694771107,0
/sensing/lidar/top/pointcloud_raw_ex,47694771107,1785816303861560241,41546630670476,47694771107,509944
/localization/pose_estimator/pose_with_covariance,47694771107,1785816303865952711,41546635062568,47694771107,0
/localization/kinematic_state,47744771108,1785816303905862762,41546674972489,47744771108,0
/sensing/lidar/top/pointcloud_raw_ex,47744771108,1785816303911290711,41546680400507,47744771108,519736
/localization/pose_estimator/pose_with_covariance,47744771108,1785816303916621898,41546685731970,47744771108,0
/localization/kinematic_state,47794771109,1785816303955624090,41546724734304,47794771109,0
/sensing/lidar/top/pointcloud_raw_ex,47794771109,1785816303962240861,41546731350974,47794771109,508408
/localization/pose_estimator/pose_with_covariance,47794771109,1785816303966881353,41546735991450,47794771109,0
/localization/kinematic_state,47844771110,1785816304005580391,41546774690316,47844771110,0
/sensing/lidar/top/pointcloud_raw_ex,47844771110,1785816304011775080,41546780884914,47844771110,520568
/localization/pose_estimator/pose_with_covariance,47844771110,1785816304017436817,41546786546785,47844771110,0
/localization/kinematic_state,47894771110,1785816304055661563,41546824771445,47894771110,0
/sensing/lidar/top/pointcloud_raw_ex,47894771110,1785816304061524118,41546830634441,47894771110,512760
/localization/pose_estimator/pose_with_covariance,47894771110,1785816304067495424,41546836605812,47894771110,0
/localization/kinematic_state,47944771111,1785816304105642846,41546874752907,47944771111,0
/sensing/lidar/top/pointcloud_raw_ex,47944771111,1785816304111692382,41546880802394,47944771111,515352
/localization/pose_estimator/pose_with_covariance,47944771111,1785816304116364852,41546885474981,47944771111,0
/localization/kinematic_state,47994771112,1785816304156480735,41546925590586,47994771112,0
/sensing/lidar/top/pointcloud_raw_ex,47994771112,1785816304164380171,41546933490364,47994771112,505624
/localization/pose_estimator/pose_with_covariance,47994771112,1785816304168724502,41546937834559,47994771112,0
/localization/kinematic_state,48044771113,1785816304207009332,41546976119295,48044771113,0
/sensing/lidar/top/pointcloud_raw_ex,48044771113,1785816304213143078,41546982253140,48044771113,520280
/localization/pose_estimator/pose_with_covariance,48044771113,1785816304220048961,41546989159236,48044771113,0
/localization/kinematic_state,48094771113,1785816304256083487,41547025193533,48094771113,0
/sensing/lidar/top/pointcloud_raw_ex,48094771113,1785816304262202189,41547031312347,48094771113,510904
/localization/pose_estimator/pose_with_covariance,48094771113,1785816304269955241,41547039065353,48094771113,0
/localization/kinematic_state,48144771114,1785816304306958253,41547076068491,48144771114,0
/sensing/lidar/top/pointcloud_raw_ex,48144771114,1785816304313157027,41547082267023,48144771114,515704
/localization/pose_estimator/pose_with_covariance,48144771114,1785816304318150194,41547087260651,48144771114,0
/localization/kinematic_state,48194771115,1785816304357935783,41547127045895,48194771115,0
/sensing/lidar/top/pointcloud_raw_ex,48194771115,1785816304363434077,41547132544107,48194771115,506424
/localization/pose_estimator/pose_with_covariance,48194771115,1785816304368483086,41547137593446,48194771115,0
/localization/kinematic_state,48244771115,1785816304406581688,41547175691531,48244771115,0
/sensing/lidar/top/pointcloud_raw_ex,48244771115,1785816304413648826,41547182758680,48244771115,520120
/localization/pose_estimator/pose_with_covariance,48244771115,1785816304418683492,41547187793987,48244771115,0
/localization/kinematic_state,48294771116,1785816304456556208,41547225666077,48294771116,0
/sensing/lidar/top/pointcloud_raw_ex,48294771116,1785816304464770766,41547233880835,48294771116,508248
/localization/pose_estimator/pose_with_covariance,48294771116,1785816304469751391,41547238861233,48294771116,0
/localization/kinematic_state,48344771117,1785816304506459192,41547275569084,48344771117,0
/sensing/lidar/top/pointcloud_raw_ex,48344771117,1785816304514741832,41547283851969,48344771117,516696
/localization/pose_estimator/pose_with_covariance,48344771117,1785816304520468563,41547289578982,48344771117,0
/localization/kinematic_state,48394771118,1785816304556757071,41547325867062,48394771118,0
/sensing/lidar/top/pointcloud_raw_ex,48394771118,1785816304562981179,41547332091338,48394771118,509240
/localization/pose_estimator/pose_with_covariance,48394771118,1785816304567033765,41547336143751,48394771118,0
/localization/kinematic_state,48444771118,1785816304607396107,41547376505998,48444771118,0
/sensing/lidar/top/pointcloud_raw_ex,48444771118,1785816304612476654,41547381586686,48444771118,515416
/localization/pose_estimator/pose_with_covariance,48444771118,1785816304617384952,41547386495080,48444771118,0
/localization/kinematic_state,48494771119,1785816304656887470,41547425997526,48494771119,0
/sensing/lidar/top/pointcloud_raw_ex,48494771119,1785816304664118370,41547433228472,48494771119,510680
/localization/pose_estimator/pose_with_covariance,48494771119,1785816304668732249,41547437842501,48494771119,0
/localization/kinematic_state,48544771120,1785816304706911919,41547476021771,48544771120,0
/sensing/lidar/top/pointcloud_raw_ex,48544771120,1785816304713699251,41547482809129,48544771120,513880
/localization/pose_estimator/pose_with_covariance,48544771120,1785816304719404882,41547488514836,48544771120,0
/localization/kinematic_state,48594771121,1785816304757404967,41547526514952,48594771121,0
/sensing/lidar/top/pointcloud_raw_ex,48594771121,1785816304762892656,41547532002960,48594771121,507832
/localization/pose_estimator/pose_with_covariance,48594771121,1785816304767400010,41547536510000,48594771121,0
/localization/kinematic_state,48644771121,1785816304807318103,41547576428008,48644771121,0
/sensing/lidar/top/pointcloud_raw_ex,48644771121,1785816304813324712,41547582434675,48644771121,513240
/localization/pose_estimator/pose_with_covariance,48644771121,1785816304818546832,41547587656798,48644771121,0
/localization/kinematic_state,48694771122,1785816304857870373,41547626980429,48694771122,0
/sensing/lidar/top/pointcloud_raw_ex,48694771122,1785816304863399806,41547632509703,48694771122,505240
/localization/pose_estimator/pose_with_covariance,48694771122,1785816304867947764,41547637057693,48694771122,0
/localization/kinematic_state,48744771123,1785816304907675607,41547676785506,48744771123,0
/sensing/lidar/top/pointcloud_raw_ex,48744771123,1785816304913077239,41547682187246,48744771123,517592
/localization/pose_estimator/pose_with_covariance,48744771123,1785816304917699871,41547686809679,48744771123,0
/localization/kinematic_state,48794771124,1785816304958060417,41547727170246,48794771124,0
/sensing/lidar/top/pointcloud_raw_ex,48794771124,1785816304964752844,41547733862638,48794771124,508984
/localization/pose_estimator/pose_with_covariance,48794771124,1785816304969610584,41547738720421,48794771124,0
/localization/kinematic_state,48844771124,1785816305007807358,41547776917203,48844771124,0
/sensing/lidar/top/pointcloud_raw_ex,48844771124,1785816305014236609,41547783346594,48844771124,512696
/localization/pose_estimator/pose_with_covariance,48844771124,1785816305021322352,41547790432198,48844771124,0
/localization/kinematic_state,48894771125,1785816305058177751,41547827287604,48894771125,0
/sensing/lidar/top/pointcloud_raw_ex,48894771125,1785816305066510795,41547835620670,48894771125,510904
/localization/pose_estimator/pose_with_covariance,48894771125,1785816305072425496,41547841535615,48894771125,0
/localization/kinematic_state,48944771126,1785816305108241081,41547877351142,48944771126,0
/sensing/lidar/top/pointcloud_raw_ex,48944771126,1785816305116083864,41547885194386,48944771126,516408
/localization/pose_estimator/pose_with_covariance,48944771126,1785816305123199116,41547892309395,48944771126,0
/localization/kinematic_state,48994771127,1785816305158707825,41547927817539,48994771127,0
/sensing/lidar/top/pointcloud_raw_ex,48994771127,1785816305164583950,41547933694061,48994771127,509176
/localization/pose_estimator/pose_with_covariance,48994771127,1785816305169349821,41547938459897,48994771127,0
/localization/kinematic_state,49044771127,1785816305208319708,41547977429631,49044771127,0
/sensing/lidar/top/pointcloud_raw_ex,49044771127,1785816305213708684,41547982818764,49044771127,513464
/localization/pose_estimator/pose_with_covariance,49044771127,1785816305218789071,41547987899002,49044771127,0
/localization/kinematic_state,49094771128,1785816305258793981,41548027903918,49094771128,0
/sensing/lidar/top/pointcloud_raw_ex,49094771128,1785816305267321853,41548036431821,49094771128,510168
/localization/pose_estimator/pose_with_covariance,49094771128,1785816305271606570,41548040716541,49094771128,0
/localization/kinematic_state,49144771129,1785816305308443728,41548077553762,49144771129,0
/sensing/lidar/top/pointcloud_raw_ex,49144771129,1785816305315054518,41548084164844,49144771129,514424
/localization/pose_estimator/pose_with_covariance,49144771129,1785816305322501155,41548091611200,49144771129,0
/localization/kinematic_state,49194771130,1785816305358926162,41548128035952,49194771130,0
/sensing/lidar/top/pointcloud_raw_ex,49194771130,1785816305365268517,41548134378840,49194771130,507608
/localization/pose_estimator/pose_with_covariance,49194771130,1785816305370980674,41548140090764,49194771130,0
/localization/kinematic_state,49244771130,1785816305409059264,41548178169251,49244771130,0
/sensing/lidar/top/pointcloud_raw_ex,49244771130,1785816305414103596,41548183213725,49244771130,511800
/localization/pose_estimator/pose_with_covariance,49244771130,1785816305418581994,41548187692058,49244771130,0
/localization/kinematic_state,49294771131,1785816305458816129,41548227925992,49294771131,0
/sensing/lidar/top/pointcloud_raw_ex,49294771131,1785816305467295827,41548236405773,49294771131,512120
/localization/pose_estimator/pose_with_covariance,49294771131,1785816305471277024,41548240386876,49294771131,0
/localization/kinematic_state,49344771132,1785816305509061205,41548278171206,49344771132,0
/sensing/lidar/top/pointcloud_raw_ex,49344771132,1785816305514615828,41548283725817,49344771132,514168
/localization/pose_estimator/pose_with_covariance,49344771132,1785816305519095306,41548288205253,49344771132,0
/localization/kinematic_state,49394771133,1785816305559275376,41548328385228,49394771133,0
/sensing/lidar/top/pointcloud_raw_ex,49394771133,1785816305566495287,41548335605486,49394771133,512280
/localization/pose_estimator/pose_with_covariance,49394771133,1785816305572589567,41548341699994,49394771133,0
/localization/kinematic_state,49444771133,1785816305609793399,41548378903551,49444771133,0
/sensing/lidar/top/pointcloud_raw_ex,49444771133,1785816305614709260,41548383819092,49444771133,519832
/localization/pose_estimator/pose_with_covariance,49444771133,1785816305620631771,41548389741467,49444771133,0
/localization/kinematic_state,49494771134,1785816305659079123,41548428188831,49494771134,0
/sensing/lidar/top/pointcloud_raw_ex,49494771134,1785816305668120945,41548437230929,49494771134,505400
/localization/pose_estimator/pose_with_covariance,49494771134,1785816305672271239,41548441381230,49494771134,0
/localization/kinematic_state,49544771135,1785816305709838525,41548478948526,49544771135,0
/sensing/lidar/top/pointcloud_raw_ex,49544771135,1785816305716790684,41548485900867,49544771135,517368
/localization/pose_estimator/pose_with_covariance,49544771135,1785816305723432290,41548492542142,49544771135,0
/localization/kinematic_state,49594771136,1785816305759868086,41548528977828,49594771136,0
/sensing/lidar/top/pointcloud_raw_ex,49594771136,1785816305766018582,41548535128913,49594771136,512344
/localization/pose_estimator/pose_with_covariance,49594771136,1785816305773187547,41548542297939,49594771136,0
/localization/kinematic_state,49644771136,1785816305811947899,41548581057844,49644771136,0
/sensing/lidar/top/pointcloud_raw_ex,49644771136,1785816305814856184,41548583965942,49644771136,518200
/localization/pose_estimator/pose_with_covariance,49644771136,1785816305819747720,41548588857687,49644771136,0
/localization/kinematic_state,49694771137,1785816305860116611,41548629226502,49694771137,0
/sensing/lidar/top/pointcloud_raw_ex,49694771137,1785816305867015814,41548636125626,49694771137,508408
/localization/pose_estimator/pose_with_covariance,49694771137,1785816305872276736,41548641386422,49694771137,0
/localization/kinematic_state,49744771138,1785816305909840472,41548678950381,49744771138,0
/sensing/lidar/top/pointcloud_raw_ex,49744771138,1785816305915531330,41548684641436,49744771138,517016
/localization/pose_estimator/pose_with_covariance,49744771138,1785816305921799506,41548690909501,49744771138,0
/localization/kinematic_state,49794771139,1785816305959753740,41548728863559,49794771139,0
/sensing/lidar/top/pointcloud_raw_ex,49794771139,1785816305968345816,41548737455916,49794771139,508248
/localization/pose_estimator/pose_with_covariance,49794771139,1785816305973864040,41548742974245,49794771139,0
/localization/kinematic_state,49844771139,1785816306010239180,41548779349144,49844771139,0
/sensing/lidar/top/pointcloud_raw_ex,49844771139,1785816306016116557,41548785226624,49844771139,515128
/localization/pose_estimator/pose_with_covariance,49844771139,1785816306021584858,41548790694964,49844771139,0
/localization/kinematic_state,49894771140,1785816306061381524,41548830491411,49894771140,0
/sensing/lidar/top/pointcloud_raw_ex,49894771140,1785816306067524288,41548836634239,49894771140,509912
/localization/pose_estimator/pose_with_covariance,49894771140,1785816306072551206,41548841661349,49894771140,0
/localization/kinematic_state,49944771141,1785816306110473242,41548879583165,49944771141,0
/sensing/lidar/top/pointcloud_raw_ex,49944771141,1785816306117033676,41548886143766,49944771141,514424
/localization/pose_estimator/pose_with_covariance,49944771141,1785816306121606134,41548890716171,49944771141,0
/localization/kinematic_state,49994771142,1785816306160533302,41548929643076,49994771142,0
/sensing/lidar/top/pointcloud_raw_ex,49994771142,1785816306166356758,41548935467069,49994771142,511096
/localization/pose_estimator/pose_with_covariance,49994771142,1785816306171557600,41548940667806,49994771142,0
/localization/kinematic_state,50044771142,1785816306210799650,41548979909654,50044771142,0
/sensing/lidar/top/pointcloud_raw_ex,50044771142,1785816306217915781,41548987025520,50044771142,512280
/localization/pose_estimator/pose_with_covariance,50044771142,1785816306222639328,41548991749351,50044771142,0
/localization/kinematic_state,50094771143,1785816306261065322,41549030175461,50094771143,0
/sensing/lidar/top/pointcloud_raw_ex,50094771143,1785816306268054942,41549037164861,50094771143,508984
/localization/pose_estimator/pose_with_covariance,50094771143,1785816306272840028,41549041949878,50094771143,0
/localization/kinematic_state,50144771144,1785816306310886962,41549079996913,50144771144,0
/sensing/lidar/top/pointcloud_raw_ex,50144771144,1785816306316828723,41549085938842,50144771144,514136
/localization/pose_estimator/pose_with_covariance,50144771144,1785816306322283932,41549091393792,50144771144,0
/localization/kinematic_state,50194771145,1785816306361719439,41549130829398,50194771145,0
/sensing/lidar/top/pointcloud_raw_ex,50194771145,1785816306368365522,41549137475761,50194771145,507384
/localization/pose_estimator/pose_with_covariance,50194771145,1785816306373497343,41549142607394,50194771145,0
/localization/kinematic_state,50244771145,1785816306410639263,41549179749682,50244771145,0
/sensing/lidar/top/pointcloud_raw_ex,50244771145,1785816306417538576,41549186648858,50244771145,513144
/localization/pose_estimator/pose_with_covariance,50244771145,1785816306424255072,41549193365289,50244771145,0
/localization/kinematic_state,50294771146,1785816306461420823,41549230530568,50294771146,0
/sensing/lidar/top/pointcloud_raw_ex,50294771146,1785816306468869645,41549237979807,50294771146,512280
/localization/pose_estimator/pose_with_covariance,50294771146,1785816306473637339,41549242747335,50294771146,0
/localization/kinematic_state,50344771147,1785816306511484730,41549280594750,50344771147,0
/sensing/lidar/top/pointcloud_raw_ex,50344771147,1785816306518058356,41549287168344,50344771147,512760
/localization/pose_estimator/pose_with_covariance,50344771147,1785816306523322783,41549292432647,50344771147,0
/localization/kinematic_state,50394771148,1785816306561263068,41549330372898,50394771148,0
/sensing/lidar/top/pointcloud_raw_ex,50394771148,1785816306569200373,41549338310573,50394771148,510424
/localization/pose_estimator/pose_with_covariance,50394771148,1785816306575460817,41549344570499,50394771148,0
/localization/kinematic_state,50444771148,1785816306611075661,41549380185548,50444771148,0
/sensing/lidar/top/pointcloud_raw_ex,50444771148,1785816306618552715,41549387662875,50444771148,516760
/localization/pose_estimator/pose_with_covariance,50444771148,1785816306623692259,41549392802372,50444771148,0
/localization/kinematic_state,50494771149,1785816306661678426,41549430788350,50494771149,0
/sensing/lidar/top/pointcloud_raw_ex,50494771149,1785816306668856475,41549437966800,50494771149,508760
/localization/pose_estimator/pose_with_covariance,50494771149,1785816306673236357,41549442346343,50494771149,0
/localization/kinematic_state,50544771150,1785816306711880072,41549480990040,50544771150,0
/sensing/lidar/top/pointcloud_raw_ex,50544771150,1785816306720220642,41549489330594,50544771150,516312
/localization/pose_estimator/pose_with_covariance,50544771150,1785816306725352181,41549494462253,50544771150,0
/localization/kinematic_state,50594771151,1785816306761713489,41549530824042,50594771151,0
/sensing/lidar/top/pointcloud_raw_ex,50594771151,1785816306769479748,41549538590023,50594771151,508664
/localization/pose_estimator/pose_with_covariance,50594771151,1785816306775038709,41549544148579,50594771151,0
/localization/kinematic_state,50644771151,1785816306812231692,41549581341559,50644771151,0
/sensing/lidar/top/pointcloud_raw_ex,50644771151,1785816306819314424,41549588424455,50644771151,511544
/localization/pose_estimator/pose_with_covariance,50644771151,1785816306824646987,41549593756820,50644771151,0
/localization/kinematic_state,50694771152,1785816306861793569,41549630903466,50694771152,0
/sensing/lidar/top/pointcloud_raw_ex,50694771152,1785816306869261074,41549638371245,50694771152,507288
/localization/pose_estimator/pose_with_covariance,50694771152,1785816306874216236,41549643326169,50694771152,0
/localization/kinematic_state,50744771153,1785816306911913092,41549681022968,50744771153,0
/sensing/lidar/top/pointcloud_raw_ex,50744771153,1785816306917170088,41549686280289,50744771153,513752
/localization/pose_estimator/pose_with_covariance,50744771153,1785816306922291295,41549691401285,50744771153,0
/localization/kinematic_state,50794771153,1785816306962460821,41549731570634,50794771153,0
/sensing/lidar/top/pointcloud_raw_ex,50794771153,1785816306969995975,41549739105808,50794771153,511640
/localization/pose_estimator/pose_with_covariance,50794771153,1785816306974547084,41549743657080,50794771153,0
/localization/kinematic_state,50844771154,1785816307011499343,41549780609177,50844771154,0
/sensing/lidar/top/pointcloud_raw_ex,50844771154,1785816307019058312,41549788168359,50844771154,514776
/localization/pose_estimator/pose_with_covariance,50844771154,1785816307024332710,41549793442792,50844771154,0
/localization/kinematic_state,50894771155,1785816307061663951,41549830773702,50894771155,0
/sensing/lidar/top/pointcloud_raw_ex,50894771155,1785816307069266709,41549838376871,50894771155,515544
/localization/pose_estimator/pose_with_covariance,50894771155,1785816307074443440,41549843553444,50894771155,0
/localization/kinematic_state,50944771156,1785816307113039448,41549882149943,50944771156,0
/sensing/lidar/top/pointcloud_raw_ex,50944771156,1785816307118305630,41549887415623,50944771156,519768
/localization/pose_estimator/pose_with_covariance,50944771156,1785816307124064949,41549893174736,50944771156,0
/localization/kinematic_state,50994771156,1785816307162870429,41549931980312,50994771156,0
/sensing/lidar/top/pointcloud_raw_ex,50994771156,1785816307169072584,41549938183041,50994771156,509496
/localization/pose_estimator/pose_with_covariance,50994771156,1785816307173610230,41549942720254,50994771156,0
/localization/kinematic_state,51044771157,1785816307212551351,41549981661337,51044771157,0
/sensing/lidar/top/pointcloud_raw_ex,51044771157,1785816307219637247,41549988747358,51044771157,520920
/localization/pose_estimator/pose_with_covariance,51044771157,1785816307225490503,41549994600362,51044771157,0
/localization/kinematic_state,51094771158,1785816307263995202,41550033105187,51094771158,0
/sensing/lidar/top/pointcloud_raw_ex,51094771158,1785816307268517840,41550037627877,51094771158,508568
/localization/pose_estimator/pose_with_covariance,51094771158,1785816307273681065,41550042791236,51094771158,0
/localization/kinematic_state,51144771159,1785816307313969329,41550083079283,51144771159,0
/sensing/lidar/top/pointcloud_raw_ex,51144771159,1785816307318349273,41550087459384,51144771159,512568
/localization/pose_estimator/pose_with_covariance,51144771159,1785816307323635378,41550092745457,51144771159,0
/localization/kinematic_state,51194771159,1785816307362835212,41550131944948,51194771159,0
/sensing/lidar/top/pointcloud_raw_ex,51194771159,1785816307371051056,41550140161763,51194771159,509944
/localization/pose_estimator/pose_with_covariance,51194771159,1785816307377904638,41550147014799,51194771159,0
/localization/kinematic_state,51244771160,1785816307412711831,41550181821726,51244771160,0
/sensing/lidar/top/pointcloud_raw_ex,51244771160,1785816307419392298,41550188502659,51244771160,517912
/localization/pose_estimator/pose_with_covariance,51244771160,1785816307424190975,41550193300794,51244771160,0
/localization/kinematic_state,51294771161,1785816307463208727,41550232318444,51294771161,0
/sensing/lidar/top/pointcloud_raw_ex,51294771161,1785816307470736137,41550239846084,51294771161,514200
/localization/pose_estimator/pose_with_covariance,51294771161,1785816307475800415,41550244910322,51294771161,0
/localization/kinematic_state,51344771162,1785816307513920754,41550283030575,51344771162,0
/sensing/lidar/top/pointcloud_raw_ex,51344771162,1785816307520479282,41550289589491,51344771162,515992
/localization/pose_estimator/pose_with_covariance,51344771162,1785816307525713580,41550294823521,51344771162,0
/localization/kinematic_state,51394771162,1785816307564014035,41550333124031,51394771162,0
/sensing/lidar/top/pointcloud_raw_ex,51394771162,1785816307570530852,41550339640851,51394771162,510680
/localization/pose_estimator/pose_with_covariance,51394771162,1785816307575565161,41550344675335,51394771162,0
/localization/kinematic_state,51444771163,1785816307613508046,41550382617986,51444771163,0
/sensing/lidar/top/pointcloud_raw_ex,51444771163,1785816307620683645,41550389793975,51444771163,513752
/localization/pose_estimator/pose_with_covariance,51444771163,1785816307625551566,41550394661768,51444771163,0
/localization/kinematic_state,51494771164,1785816307664165665,41550433276108,51494771164,0
/sensing/lidar/top/pointcloud_raw_ex,51494771164,1785816307671307887,41550440417882,51494771164,513656
/localization/pose_estimator/pose_with_covariance,51494771164,1785816307675716291,41550444826159,51494771164,0
/localization/kinematic_state,51544771165,1785816307714469647,41550483579402,51544771165,0
/sensing/lidar/top/pointcloud_raw_ex,51544771165,1785816307720234098,41550489344031,51544771165,520568
/localization/pose_estimator/pose_with_covariance,51544771165,1785816307726093462,41550495203838,51544771165,0
/localization/kinematic_state,51594771165,1785816307764308001,41550533417966,51594771165,0
/sensing/lidar/top/pointcloud_raw_ex,51594771165,1785816307771699909,41550540809953,51594771165,508440
/localization/pose_estimator/pose_with_covariance,51594771165,1785816307776294828,41550545405080,51594771165,0
/localization/kinematic_state,51644771166,1785816307814733911,41550583843941,51644771166,0
/sensing/lidar/top/pointcloud_raw_ex,51644771166,1785816307819986302,41550589096400,51644771166,514776
/localization/pose_estimator/pose_with_covariance,51644771166,1785816307824380227,41550593490141,51644771166,0
/localization/kinematic_state,51694771167,1785816307866219868,41550635329954,51694771167,0
/sensing/lidar/top/pointcloud_raw_ex,51694771167,1785816307871254360,41550640364425,51694771167,507736
/localization/pose_estimator/pose_with_covariance,51694771167,1785816307876158542,41550645268763,51694771167,0
/localization/kinematic_state,51744771168,1785816307915236749,41550684346675,51744771168,0
/sensing/lidar/top/pointcloud_raw_ex,51744771168,1785816307921751911,41550690862058,51744771168,516056
/localization/pose_estimator/pose_with_covariance,51744771168,1785816307926423933,41550695534060,51744771168,0
/localization/kinematic_state,51794771168,1785816307964281103,41550733390964,51794771168,0
/sensing/lidar/top/pointcloud_raw_ex,51794771168,1785816307971579521,41550740689757,51794771168,514136
/localization/pose_estimator/pose_with_covariance,51794771168,1785816307976122719,41550745232917,51794771168,0
/localization/kinematic_state,51844771169,1785816308014599800,41550783709673,51844771169,0
/sensing/lidar/top/pointcloud_raw_ex,51844771169,1785816308020879404,41550789989879,51844771169,513112
/localization/pose_estimator/pose_with_covariance,51844771169,1785816308025746366,41550794856458,51844771169,0
/localization/kinematic_state,51894771170,1785816308064920154,41550834030035,51894771170,0
/sensing/lidar/top/pointcloud_raw_ex,51894771170,1785816308071554650,41550840664695,51894771170,509912
/localization/pose_estimator/pose_with_covariance,51894771170,1785816308077420248,41550846530481,51894771170,0
/localization/kinematic_state,51944771171,1785816308115609525,41550884719531,51944771171,0
/sensing/lidar/top/pointcloud_raw_ex,51944771171,1785816308121881674,41550890991710,51944771171,518936
/localization/pose_estimator/pose_with_covariance,51944771171,1785816308128775765,41550897885846,51944771171,0
/localization/kinematic_state,51994771171,1785816308165545282,41550934655172,51994771171,0
/sensing/lidar/top/pointcloud_raw_ex,51994771171,1785816308171559709,41550940669877,51994771171,508472
/localization/pose_estimator/pose_with_covariance,51994771171,1785816308177512860,41550946622925,51994771171,0
/localization/kinematic_state,52044771172,1785816308215701897,41550984811841,52044771172,0
/sensing/lidar/top/pointcloud_raw_ex,52044771172,1785816308220543511,41550989653445,52044771172,508600
/localization/pose_estimator/pose_with_covariance,52044771172,1785816308228101128,41550997211396,52044771172,0
/localization/kinematic_state,52094771173,1785816308265179761,41551034289610,52094771173,0
/sensing/lidar/top/pointcloud_raw_ex,52094771173,1785816308271200988,41551040311084,52094771173,511512
/localization/pose_estimator/pose_with_covariance,52094771173,1785816308276628073,41551045738077,52094771173,0
/localization/kinematic_state,52144771174,1785816308314846212,41551083956065,52144771174,0
/sensing/lidar/top/pointcloud_raw_ex,52144771174,1785816308322523016,41551091632784,52144771174,519640
/localization/pose_estimator/pose_with_covariance,52144771174,1785816308327496804,41551096606551,52144771174,0
/localization/kinematic_state,52194771174,1785816308365641456,41551134751251,52194771174,0
/sensing/lidar/top/pointcloud_raw_ex,52194771174,1785816308372628346,41551141738549,52194771174,509304
/localization/pose_estimator/pose_with_covariance,52194771174,1785816308377188899,41551146298830,52194771174,0
/localization/kinematic_state,52244771175,1785816308415956175,41551185066170,52244771175,0
/sensing/lidar/top/pointcloud_raw_ex,52244771175,1785816308421488290,41551190598292,52244771175,518744
/localization/pose_estimator/pose_with_covariance,52244771175,1785816308426831433,41551195941286,52244771175,0
/localization/kinematic_state,52294771176,1785816308465488361,41551234598269,52294771176,0
/sensing/lidar/top/pointcloud_raw_ex,52294771176,1785816308473703930,41551242814362,52294771176,505080
/localization/pose_estimator/pose_with_covariance,52294771176,1785816308477743754,41551246853716,52294771176,0
/localization/kinematic_state,52344771177,1785816308516585830,41551285695879,52344771177,0
/sensing/lidar/top/pointcloud_raw_ex,52344771177,1785816308521739787,41551290849645,52344771177,518104
/localization/pose_estimator/pose_with_covariance,52344771177,1785816308527015224,41551296125150,52344771177,0
/localization/kinematic_state,52394771177,1785816308566797211,41551335907065,52394771177,0
/sensing/lidar/top/pointcloud_raw_ex,52394771177,1785816308574738065,41551343848051,52394771177,509688
/localization/pose_estimator/pose_with_covariance,52394771177,1785816308579638977,41551348748834,52394771177,0
/localization/kinematic_state,52444771178,1785816308615615508,41551384725415,52444771178,0
/sensing/lidar/top/pointcloud_raw_ex,52444771178,1785816308621614059,41551390724081,52444771178,519608
/localization/pose_estimator/pose_with_covariance,52444771178,1785816308625912852,41551395022915,52444771178,0
/localization/kinematic_state,52494771179,1785816308666404109,41551435514063,52494771179,0
/sensing/lidar/top/pointcloud_raw_ex,52494771179,1785816308672009714,41551441119869,52494771179,512600
/localization/pose_estimator/pose_with_covariance,52494771179,1785816308676736151,41551445846014,52494771179,0
/localization/kinematic_state,52544771180,1785816308716935888,41551486046022,52544771180,0
/sensing/lidar/top/pointcloud_raw_ex,52544771180,1785816308722414653,41551491524789,52544771180,517400
/localization/pose_estimator/pose_with_covariance,52544771180,1785816308728661863,41551497771696,52544771180,0
/localization/kinematic_state,52594771180,1785816308766568351,41551535678202,52594771180,0
/sensing/lidar/top/pointcloud_raw_ex,52594771180,1785816308774672223,41551543782438,52594771180,510136
/localization/pose_estimator/pose_with_covariance,52594771180,1785816308780522292,41551549632381,52594771180,0
/localization/kinematic_state,52644771181,1785816308816242022,41551585352042,52644771181,0
/sensing/lidar/top/pointcloud_raw_ex,52644771181,1785816308821168753,41551590278723,52644771181,521848
/localization/pose_estimator/pose_with_covariance,52644771181,1785816308828316263,41551597426524,52644771181,0
/localization/kinematic_state,52694771182,1785816308866308110,41551635417971,52694771182,0
/sensing/lidar/top/pointcloud_raw_ex,52694771182,1785816308874365591,41551643475805,52694771182,510616
/localization/pose_estimator/pose_with_covariance,52694771182,1785816308879450015,41551648560107,52694771182,0
/localization/kinematic_state,52744771183,1785816308916330228,41551685440053,52744771183,0
/sensing/lidar/top/pointcloud_raw_ex,52744771183,1785816308923183195,41551692293183,52744771183,516536
/localization/pose_estimator/pose_with_covariance,52744771183,1785816308928274212,41551697384403,52744771183,0
/localization/kinematic_state,52794771183,1785816308966341384,41551735451159,52794771183,0
/sensing/lidar/top/pointcloud_raw_ex,52794771183,1785816308973901618,41551743012260,52794771183,512440
/localization/pose_estimator/pose_with_covariance,52794771183,1785816308978927253,41551748037518,52794771183,0
/localization/kinematic_state,52844771184,1785816309016583666,41551785693538,52844771184,0
/sensing/lidar/top/pointcloud_raw_ex,52844771184,1785816309022600736,41551791710583,52844771184,511352
/localization/pose_estimator/pose_with_covariance,52844771184,1785816309028041769,41551797151707,52844771184,0
/localization/kinematic_state,52894771185,1785816309066092315,41551835202260,52894771185,0
/sensing/lidar/top/pointcloud_raw_ex,52894771185,1785816309073114571,41551842224902,52894771185,507288
/localization/pose_estimator/pose_with_covariance,52894771185,1785816309079367605,41551848477789,52894771185,0
/localization/kinematic_state,52944771186,1785816309116258389,41551885368246,52944771186,0
/sensing/lidar/top/pointcloud_raw_ex,52944771186,1785816309122008254,41551891118578,52944771186,510488
/localization/pose_estimator/pose_with_covariance,52944771186,1785816309126801040,41551895910939,52944771186,0
/localization/kinematic_state,52994771186,1785816309166560320,41551935670101,52994771186,0
/sensing/lidar/top/pointcloud_raw_ex,52994771186,1785816309174682103,41551943792397,52994771186,510392
/localization/pose_estimator/pose_with_covariance,52994771186,1785816309179596013,41551948706403,52994771186,0
/localization/kinematic_state,53044771187,1785816309217217188,41551986327073,53044771187,0
/sensing/lidar/top/pointcloud_raw_ex,53044771187,1785816309222374022,41551991484319,53044771187,518104
/localization/pose_estimator/pose_with_covariance,53044771187,1785816309229970332,41551999080609,53044771187,0
/localization/kinematic_state,53094771188,1785816309267150350,41552036260384,53094771188,0
/sensing/lidar/top/pointcloud_raw_ex,53094771188,1785816309274107414,41552043217630,53094771188,509976
/localization/pose_estimator/pose_with_covariance,53094771188,1785816309278803721,41552047913430,53094771188,0
/localization/kinematic_state,53144771189,1785816309317297145,41552086407031,53144771189,0
/sensing/lidar/top/pointcloud_raw_ex,53144771189,1785816309322410121,41552091520383,53144771189,511352
/localization/pose_estimator/pose_with_covariance,53144771189,1785816309328545135,41552097655030,53144771189,0
/localization/kinematic_state,53194771189,1785816309366596436,41552135706174,53194771189,0
/sensing/lidar/top/pointcloud_raw_ex,53194771189,1785816309373458964,41552142569170,53194771189,506008
/localization/pose_estimator/pose_with_covariance,53194771189,1785816309377438008,41552146548101,53194771189,0
/localization/kinematic_state,53244771190,1785816309417438403,41552186548340,53244771190,0
/sensing/lidar/top/pointcloud_raw_ex,53244771190,1785816309423161278,41552192271438,53244771190,513368
/localization/pose_estimator/pose_with_covariance,53244771190,1785816309429455219,41552198565542,53244771190,0
/localization/kinematic_state,53294771191,1785816309467288303,41552236398183,53294771191,0
/sensing/lidar/top/pointcloud_raw_ex,53294771191,1785816309473809849,41552242919942,53294771191,515416
/localization/pose_estimator/pose_with_covariance,53294771191,1785816309479618576,41552248728863,53294771191,0
/localization/kinematic_state,53344771191,1785816309517244753,41552286354574,53344771191,0
/sensing/lidar/top/pointcloud_raw_ex,53344771191,1785816309524150324,41552293260370,53344771191,516920
/localization/pose_estimator/pose_with_covariance,53344771191,1785816309528970550,41552298080687,53344771191,0
/localization/kinematic_state,53394771192,1785816309567795898,41552336905656,53394771192,0
/sensing/lidar/top/pointcloud_raw_ex,53394771192,1785816309573518381,41552342628626,53394771192,511256
/localization/pose_estimator/pose_with_covariance,53394771192,1785816309578353730,41552347463808,53394771192,0
/localization/kinematic_state,53444771193,1785816309618175671,41552387285463,53444771193,0
/sensing/lidar/top/pointcloud_raw_ex,53444771193,1785816309624424287,41552393534300,53444771193,517144
/localization/pose_estimator/pose_with_covariance,53444771193,1785816309631031943,41552400142061,53444771193,0
/localization/kinematic_state,53494771194,1785816309667700252,41552436809997,53494771194,0
/sensing/lidar/top/pointcloud_raw_ex,53494771194,1785816309676238197,41552445348391,53494771194,510232
/localization/pose_estimator/pose_with_covariance,53494771194,1785816309680607489,41552449717460,53494771194,0
/localization/kinematic_state,53544771194,1785816309717805514,41552486915347,53544771194,0
/sensing/lidar/top/pointcloud_raw_ex,53544771194,1785816309724080051,41552493190003,53544771194,517560
/localization/pose_estimator/pose_with_covariance,53544771194,1785816309729290787,41552498400866,53544771194,0
/localization/kinematic_state,53594771195,1785816309768133940,41552537243953,53594771195,0
/sensing/lidar/top/pointcloud_raw_ex,53594771195,1785816309773555542,41552542665622,53594771195,505432
/localization/pose_estimator/pose_with_covariance,53594771195,1785816309778489757,41552547599832,53594771195,0
/localization/kinematic_state,53644771196,1785816309818303852,41552587414063,53644771196,0
/sensing/lidar/top/pointcloud_raw_ex,53644771196,1785816309824768276,41552593878371,53644771196,520568
/localization/pose_estimator/pose_with_covariance,53644771196,1785816309829235256,41552598345335,53644771196,0
/localization/kinematic_state,53694771197,1785816309868680133,41552637789991,53694771197,0
/sensing/lidar/top/pointcloud_raw_ex,53694771197,1785816309874171503,41552643282057,53694771197,511224
/localization/pose_estimator/pose_with_covariance,53694771197,1785816309879166821,41552648276964,53694771197,0
/localization/kinematic_state,53744771197,1785816309918942530,41552688052528,53744771197,0
/sensing/lidar/top/pointcloud_raw_ex,53744771197,1785816309924498149,41552693608336,53744771197,516280
/localization/pose_estimator/pose_with_covariance,53744771197,1785816309929894063,41552699003867,53744771197,0
/localization/kinematic_state,53794771198,1785816309968964718,41552738074605,53794771198,0
/sensing/lidar/top/pointcloud_raw_ex,53794771198,1785816309974137126,41552743247272,53794771198,509784
/localization/pose_estimator/pose_with_covariance,53794771198,1785816309980929895,41552750039958,53794771198,0
/localization/kinematic_state,53844771199,1785816310019141530,41552788252014,53844771199,0
/sensing/lidar/top/pointcloud_raw_ex,53844771199,1785816310025557531,41552794667946,53844771199,514520
/localization/pose_estimator/pose_with_covariance,53844771199,1785816310031470640,41552800580972,53844771199,0
/localization/kinematic_state,53894771200,1785816310069860737,41552838971041,53894771200,0
/sensing/lidar/top/pointcloud_raw_ex,53894771200,1785816310075973949,41552845084032,53894771200,514584
/localization/pose_estimator/pose_with_covariance,53894771200,1785816310081699423,41552850809547,53894771200,0
/localization/kinematic_state,53944771200,1785816310119029977,41552888139726,53944771200,0
/sensing/lidar/top/pointcloud_raw_ex,53944771200,1785816310124494109,41552893604150,53944771200,515512
/localization/pose_estimator/pose_with_covariance,53944771200,1785816310130319634,41552899429769,53944771200,0
/localization/kinematic_state,53994771201,1785816310168859234,41552937968958,53994771201,0
/sensing/lidar/top/pointcloud_raw_ex,53994771201,1785816310176413112,41552945523286,53994771201,508568
/localization/pose_estimator/pose_with_covariance,53994771201,1785816310181679837,41552950790066,53994771201,0
/localization/kinematic_state,54044771202,1785816310218876950,41552987986994,54044771202,0
/sensing/lidar/top/pointcloud_raw_ex,54044771202,1785816310224710049,41552993820338,54044771202,515448
/localization/pose_estimator/pose_with_covariance,54044771202,1785816310231955247,41553001065614,54044771202,0
/localization/kinematic_state,54094771203,1785816310269187104,41553038296998,54094771203,0
/sensing/lidar/top/pointcloud_raw_ex,54094771203,1785816310276364377,41553045474855,54094771203,506520
/localization/pose_estimator/pose_with_covariance,54094771203,1785816310281337970,41553050447907,54094771203,0
/localization/kinematic_state,54144771203,1785816310319216940,41553088326914,54144771203,0
/sensing/lidar/top/pointcloud_raw_ex,54144771203,1785816310325471714,41553094581669,54144771203,514872
/localization/pose_estimator/pose_with_covariance,54144771203,1785816310331936096,41553101046323,54144771203,0
/localization/kinematic_state,54194771204,1785816310371366353,41553140476525,54194771204,0
/sensing/lidar/top/pointcloud_raw_ex,54194771204,1785816310376493574,41553145603587,54194771204,511864
/localization/pose_estimator/pose_with_covariance,54194771204,1785816310381351549,41553150461433,54194771204,0
/localization/kinematic_state,54244771205,1785816310419733939,41553188843836,54244771205,0
/sensing/lidar/top/pointcloud_raw_ex,54244771205,1785816310425358800,41553194468782,54244771205,514520
/localization/pose_estimator/pose_with_covariance,54244771205,1785816310430069032,41553199178968,54244771205,0
/localization/kinematic_state,54294771206,1785816310469901020,41553239010896,54294771206,0
/sensing/lidar/top/pointcloud_raw_ex,54294771206,1785816310476588443,41553245698883,54294771206,511736
/localization/pose_estimator/pose_with_covariance,54294771206,1785816310480760390,41553249870612,54294771206,0
/localization/kinematic_state,54344771206,1785816310519907936,41553289017903,54344771206,0
/sensing/lidar/top/pointcloud_raw_ex,54344771206,1785816310525734035,41553294844472,54344771206,523160
/localization/pose_estimator/pose_with_covariance,54344771206,1785816310531210475,41553300320734,54344771206,0
/localization/kinematic_state,54394771207,1785816310570085882,41553339195827,54394771207,0
/sensing/lidar/top/pointcloud_raw_ex,54394771207,1785816310575855558,41553344965779,54394771207,511352
/localization/pose_estimator/pose_with_covariance,54394771207,1785816310580577490,41553349687993,54394771207,0
/localization/kinematic_state,54444771208,1785816310619804416,41553388914298,54444771208,0
/sensing/lidar/top/pointcloud_raw_ex,54444771208,1785816310625044932,41553394154920,54444771208,516088
/localization/pose_estimator/pose_with_covariance,54444771208,1785816310629500359,41553398610446,54444771208,0
/localization/kinematic_state,54494771209,1785816310669625209,41553438735148,54494771209,0
/sensing/lidar/top/pointcloud_raw_ex,54494771209,1785816310676665865,41553445776186,54494771209,511896
/localization/pose_estimator/pose_with_covariance,54494771209,1785816310681164643,41553450274764,54494771209,0
/localization/kinematic_state,54544771209,1785816310720067349,41553489177305,54544771209,0
/sensing/lidar/top/pointcloud_raw_ex,54544771209,1785816310725453977,41553494564254,54544771209,518520
/localization/pose_estimator/pose_with_covariance,54544771209,1785816310731632775,41553500742854,54544771209,0
/localization/kinematic_state,54594771210,1785816310769945791,41553539055688,54594771210,0
/sensing/lidar/top/pointcloud_raw_ex,54594771210,1785816310777010287,41553546120680,54594771210,511608
/localization/pose_estimator/pose_with_covariance,54594771210,1785816310781624593,41553550734291,54594771210,0
/localization/kinematic_state,54644771211,1785816310820189067,41553589298868,54644771211,0
/sensing/lidar/top/pointcloud_raw_ex,54644771211,1785816310826854009,41553595964314,54644771211,519768
/localization/pose_estimator/pose_with_covariance,54644771211,1785816310831723331,41553600833386,54644771211,0
/localization/kinematic_state,54694771212,1785816310870194077,41553639304061,54694771212,0
/sensing/lidar/top/pointcloud_raw_ex,54694771212,1785816310877345473,41553646455425,54694771212,512632
/localization/pose_estimator/pose_with_covariance,54694771212,1785816310883133255,41553652243196,54694771212,0
/localization/kinematic_state,54744771212,1785816310920182736,41553689292537,54744771212,0
/sensing/lidar/top/pointcloud_raw_ex,54744771212,1785816310928186637,41553697296686,54744771212,513400
/localization/pose_estimator/pose_with_covariance,54744771212,1785816310933562357,41553702672024,54744771212,0
/localization/kinematic_state,54794771213,1785816310970285904,41553739395662,54794771213,0
/sensing/lidar/top/pointcloud_raw_ex,54794771213,1785816310977998274,41553747108683,54794771213,512408
/localization/pose_estimator/pose_with_covariance,54794771213,1785816310982730924,41553751840998,54794771213,0
/localization/kinematic_state,54844771214,1785816311020413361,41553789523375,54844771214,0
/sensing/lidar/top/pointcloud_raw_ex,54844771214,1785816311027369488,41553796479782,54844771214,516952
/localization/pose_estimator/pose_with_covariance,54844771214,1785816311032798830,41553801909111,54844771214,0
/localization/kinematic_state,54894771215,1785816311070798978,41553839908768,54894771215,0
/sensing/lidar/top/pointcloud_raw_ex,54894771215,1785816311077402987,41553846513219,54894771215,508664
/localization/pose_estimator/pose_with_covariance,54894771215,1785816311082444131,41553851554140,54894771215,0
/localization/kinematic_state,54944771215,1785816311120703749,41553889813704,54944771215,0
/sensing/lidar/top/pointcloud_raw_ex,54944771215,1785816311125959409,41553895069354,54944771215,521048
/localization/pose_estimator/pose_with_covariance,54944771215,1785816311131138498,41553900248267,54944771215,0
/localization/kinematic_state,54994771216,1785816311170664537,41553939774381,54994771216,0
/sensing/lidar/top/pointcloud_raw_ex,54994771216,1785816311176757186,41553945867395,54994771216,510392
/localization/pose_estimator/pose_with_covariance,54994771216,1785816311182969749,41553952079621,54994771216,0
/localization/kinematic_state,55044771217,1785816311221727763,41553990837716,55044771217,0
/sensing/lidar/top/pointcloud_raw_ex,55044771217,1785816311228333568,41553997443634,55044771217,516344
/localization/pose_estimator/pose_with_covariance,55044771217,1785816311234266199,41554003376254,55044771217,0
/localization/kinematic_state,55094771218,1785816311271906067,41554041016098,55094771218,0
/sensing/lidar/top/pointcloud_raw_ex,55094771218,1785816311277749303,41554046859359,55094771218,511160
/localization/pose_estimator/pose_with_covariance,55094771218,1785816311282596258,41554051706218,55094771218,0
/localization/kinematic_state,55144771218,1785816311321076726,41554090186579,55144771218,0
/sensing/lidar/top/pointcloud_raw_ex,55144771218,1785816311327763357,41554096873593,55144771218,516824
/localization/pose_estimator/pose_with_covariance,55144771218,1785816311333293203,41554102403390,55144771218,0
/localization/kinematic_state,55194771219,1785816311371054573,41554140164433,55194771219,0
/sensing/lidar/top/pointcloud_raw_ex,55194771219,1785816311377808021,41554146917798,55194771219,506264
/localization/pose_estimator/pose_with_covariance,55194771219,1785816311382202365,41554151312347,55194771219,0
/localization/kinematic_state,55244771220,1785816311422290017,41554191399919,55244771220,0
/sensing/lidar/top/pointcloud_raw_ex,55244771220,1785816311427703643,41554196813633,55244771220,518552
/localization/pose_estimator/pose_with_covariance,55244771220,1785816311432419869,41554201529920,55244771220,0
/localization/kinematic_state,55294771221,1785816311471323092,41554240433028,55294771221,0
/sensing/lidar/top/pointcloud_raw_ex,55294771221,1785816311478829943,41554247940305,55294771221,509912
/localization/pose_estimator/pose_with_covariance,55294771221,1785816311482976734,41554252086613,55294771221,0
/localization/kinematic_state,55344771221,1785816311521497450,41554290607392,55344771221,0
/sensing/lidar/top/pointcloud_raw_ex,55344771221,1785816311527818950,41554296928859,55344771221,522296
/localization/pose_estimator/pose_with_covariance,55344771221,1785816311534210988,41554303321261,55344771221,0
/localization/kinematic_state,55394771222,1785816311570839536,41554339949379,55394771222,0
/sensing/lidar/top/pointcloud_raw_ex,55394771222,1785816311579135133,41554348245240,55394771222,506072
/localization/pose_estimator/pose_with_covariance,55394771222,1785816311585473088,41554354583098,55394771222,0
/localization/kinematic_state,55444771223,1785816311621486572,41554390596459,55444771223,0
/sensing/lidar/top/pointcloud_raw_ex,55444771223,1785816311629286512,41554398396898,55444771223,519288
/localization/pose_estimator/pose_with_covariance,55444771223,1785816311636060685,41554405170746,55444771223,0
/localization/kinematic_state,55494771224,1785816311671359239,41554440469124,55494771224,0
/sensing/lidar/top/pointcloud_raw_ex,55494771224,1785816311678101413,41554447211431,55494771224,507416
/localization/pose_estimator/pose_with_covariance,55494771224,1785816311682389970,41554451499932,55494771224,0
/localization/kinematic_state,55544771224,1785816311721781663,41554490891734,55544771224,0
/sensing/lidar/top/pointcloud_raw_ex,55544771224,1785816311726974077,41554496083960,55544771224,515992
/localization/pose_estimator/pose_with_covariance,55544771224,1785816311732188683,41554501298621,55544771224,0
/localization/kinematic_state,55594771225,1785816311772065551,41554541175336,55594771225,0
/sensing/lidar/top/pointcloud_raw_ex,55594771225,1785816311778929483,41554548039979,55594771225,510872
/localization/pose_estimator/pose_with_covariance,55594771225,1785816311783714230,41554552824371,55594771225,0
/localization/kinematic_state,55644771226,1785816311824312311,41554593422517,55644771226,0
/sensing/lidar/top/pointcloud_raw_ex,55644771226,1785816311827135109,41554596244884,55644771226,515032
/localization/pose_estimator/pose_with_covariance,55644771226,1785816311832227690,41554601337524,55644771226,0
/localization/kinematic_state,55694771227,1785816311872951317,41554642061179,55694771227,0
/sensing/lidar/top/pointcloud_raw_ex,55694771227,1785816311877952982,41554647063225,55694771227,506296
/localization/pose_estimator/pose_with_covariance,55694771227,1785816311882575502,41554651685324,55694771227,0
/localization/kinematic_state,55744771227,1785816311921815878,41554690925838,55744771227,0
/sensing/lidar/top/pointcloud_raw_ex,55744771227,1785816311928247353,41554697357616,55744771227,510872
/localization/pose_estimator/pose_with_covariance,55744771227,1785816311932565074,41554701675065,55744771227,0
/localization/kinematic_state,55794771228,1785816311972074859,41554741184858,55794771228,0
/sensing/lidar/top/pointcloud_raw_ex,55794771228,1785816311978606756,41554747717116,55794771228,510488
/localization/pose_estimator/pose_with_covariance,55794771228,1785816311983247579,41554752357538,55794771228,0
/localization/kinematic_state,55844771229,1785816312022905829,41554792015812,55844771229,0
/sensing/lidar/top/pointcloud_raw_ex,55844771229,1785816312028013304,41554797123371,55844771229,517240
/localization/pose_estimator/pose_with_covariance,55844771229,1785816312033438189,41554802547889,55844771229,0
/localization/kinematic_state,55894771229,1785816312072539469,41554841649277,55894771229,0
/sensing/lidar/top/pointcloud_raw_ex,55894771229,1785816312079085354,41554848195755,55894771229,512280
/localization/pose_estimator/pose_with_covariance,55894771229,1785816312084168112,41554853278028,55894771229,0
/localization/kinematic_state,55944771230,1785816312122956723,41554892066586,55944771230,0
/sensing/lidar/top/pointcloud_raw_ex,55944771230,1785816312129528822,41554898639171,55944771230,518264
/localization/pose_estimator/pose_with_covariance,55944771230,1785816312134964703,41554904074933,55944771230,0
/localization/kinematic_state,55994771231,1785816312173437907,41554942547782,55994771231,0
/sensing/lidar/top/pointcloud_raw_ex,55994771231,1785816312180781089,41554949891588,55994771231,513720
/localization/pose_estimator/pose_with_covariance,55994771231,1785816312185727577,41554954837761,55994771231,0
/localization/kinematic_state,56044771232,1785816312223243819,41554992353656,56044771232,0
/sensing/lidar/top/pointcloud_raw_ex,56044771232,1785816312229674374,41554998784392,56044771232,513816
/localization/pose_estimator/pose_with_covariance,56044771232,1785816312234583536,41555003693889,56044771232,0
/localization/kinematic_state,56094771232,1785816312274053803,41555043163674,56094771232,0
/sensing/lidar/top/pointcloud_raw_ex,56094771232,1785816312279501449,41555048611684,56094771232,511320
/localization/pose_estimator/pose_with_covariance,56094771232,1785816312284438085,41555053548315,56094771232,0
/localization/kinematic_state,56144771233,1785816312323496339,41555092606217,56144771233,0
/sensing/lidar/top/pointcloud_raw_ex,56144771233,1785816312330178184,41555099288540,56144771233,512888
/localization/pose_estimator/pose_with_covariance,56144771233,1785816312335532805,41555104643267,56144771233,0
/localization/kinematic_state,56194771234,1785816312373580655,41555142690668,56194771234,0
/sensing/lidar/top/pointcloud_raw_ex,56194771234,1785816312379904411,41555149014508,56194771234,513304
/localization/pose_estimator/pose_with_covariance,56194771234,1785816312385129461,41555154239390,56194771234,0
/localization/kinematic_state,56244771235,1785816312423463432,41555192573292,56244771235,0
/sensing/lidar/top/pointcloud_raw_ex,56244771235,1785816312429653200,41555198763204,56244771235,519320
/localization/pose_estimator/pose_with_covariance,56244771235,1785816312434522377,41555203632428,56244771235,0
/localization/kinematic_state,56294771235,1785816312473574000,41555242683783,56294771235,0
/sensing/lidar/top/pointcloud_raw_ex,56294771235,1785816312480933868,41555250043764,56294771235,515736
/localization/pose_estimator/pose_with_covariance,56294771235,1785816312486636645,41555255746673,56294771235,0
/localization/kinematic_state,56344771236,1785816312524883405,41555293993683,56344771236,0
/sensing/lidar/top/pointcloud_raw_ex,56344771236,1785816312530191114,41555299301391,56344771236,520216
/localization/pose_estimator/pose_with_covariance,56344771236,1785816312536693920,41555305803750,56344771236,0
/localization/kinematic_state,56394771237,1785816312573428682,41555342538408,56394771237,0
/sensing/lidar/top/pointcloud_raw_ex,56394771237,1785816312580969173,41555350079266,56394771237,512408
/localization/pose_estimator/pose_with_covariance,56394771237,1785816312586208172,41555355318259,56394771237,0
/localization/kinematic_state,56444771238,1785816312623715159,41555392825033,56444771238,0
/sensing/lidar/top/pointcloud_raw_ex,56444771238,1785816312629890457,41555399003482,56444771238,517720
/localization/pose_estimator/pose_with_covariance,56444771238,1785816312635381736,41555404491595,56444771238,0
/localization/kinematic_state,56494771238,1785816312673794388,41555442904201,56494771238,0
/sensing/lidar/top/pointcloud_raw_ex,56494771238,1785816312681305919,41555450415983,56494771238,508856
/localization/pose_estimator/pose_with_covariance,56494771238,1785816312685974392,41555455084311,56494771238,0
/localization/kinematic_state,56544771239,1785816312723870670,41555492980667,56544771239,0
/sensing/lidar/top/pointcloud_raw_ex,56544771239,1785816312731278603,41555500388840,56544771239,513720
/localization/pose_estimator/pose_with_covariance,56544771239,1785816312736991049,41555506101169,56544771239,0
/localization/kinematic_state,56594771240,1785816312773535770,41555542645518,56594771240,0
/sensing/lidar/top/pointcloud_raw_ex,56594771240,1785816312780493138,41555549603202,56594771240,507768
/localization/pose_estimator/pose_with_covariance,56594771240,1785816312785056348,41555554166386,56594771240,0
/localization/kinematic_state,56644771241,1785816312824214890,41555593324879,56644771241,0
/sensing/lidar/top/pointcloud_raw_ex,56644771241,1785816312831692166,41555600802689,56644771241,518264
/localization/pose_estimator/pose_with_covariance,56644771241,1785816312836432097,41555605542362,56644771241,0
/localization/kinematic_state,56694771241,1785816312874013244,41555643123255,56694771241,0
/sensing/lidar/top/pointcloud_raw_ex,56694771241,1785816312880945031,41555650055189,56694771241,507000
/localization/pose_estimator/pose_with_covariance,56694771241,1785816312885178963,41555654288899,56694771241,0
/localization/kinematic_state,56744771242,1785816312924423827,41555693533830,56744771242,0
/sensing/lidar/top/pointcloud_raw_ex,56744771242,1785816312930207194,41555699317367,56744771242,516216
/localization/pose_estimator/pose_with_covariance,56744771242,1785816312935357407,41555704467585,56744771242,0
/localization/kinematic_state,56794771243,1785816312974825832,41555743935610,56794771243,0
/sensing/lidar/top/pointcloud_raw_ex,56794771243,1785816312981018396,41555750129200,56794771243,508920
/localization/pose_estimator/pose_with_covariance,56794771243,1785816312985292756,41555754402720,56794771243,0
/localization/kinematic_state,56844771244,1785816313025121069,41555794231178,56844771244,0
/sensing/lidar/top/pointcloud_raw_ex,56844771244,1785816313031846677,41555800956884,56844771244,515160
/localization/pose_estimator/pose_with_covariance,56844771244,1785816313037371557,41555806481772,56844771244,0
/localization/kinematic_state,56894771244,1785816313074720517,41555843830468,56894771244,0
/sensing/lidar/top/pointcloud_raw_ex,56894771244,1785816313080799062,41555849909473,56894771244,509560
/localization/pose_estimator/pose_with_covariance,56894771244,1785816313084824202,41555853934280,56894771244,0
/localization/kinematic_state,56944771245,1785816313125115349,41555894225156,56944771245,0
/sensing/lidar/top/pointcloud_raw_ex,56944771245,1785816313131150975,41555900261231,56944771245,519480
/localization/pose_estimator/pose_with_covariance,56944771245,1785816313137107111,41555906217065,56944771245,0
/localization/kinematic_state,56994771246,1785816313174821791,41555943931936,56994771246,0
/sensing/lidar/top/pointcloud_raw_ex,56994771246,1785816313182478126,41555951588613,56994771246,512088
/localization/pose_estimator/pose_with_covariance,56994771246,1785816313187024574,41555956134862,56994771246,0
/localization/kinematic_state,57044771247,1785816313225848470,41555994958238,57044771247,0
/sensing/lidar/top/pointcloud_raw_ex,57044771247,1785816313231295213,41556000405125,57044771247,513880
/localization/pose_estimator/pose_with_covariance,57044771247,1785816313236305740,41556005415905,57044771247,0
/localization/kinematic_state,57094771247,1785816313275465881,41556044575786,57094771247,0
/sensing/lidar/top/pointcloud_raw_ex,57094771247,1785816313283543279,41556052653498,57094771247,511096
/localization/pose_estimator/pose_with_covariance,57094771247,1785816313288429515,41556057539576,57094771247,0
/localization/kinematic_state,57144771248,1785816313325581404,41556094691701,57144771248,0
/sensing/lidar/top/pointcloud_raw_ex,57144771248,1785816313331937132,41556101047318,57144771248,517944
/localization/pose_estimator/pose_with_covariance,57144771248,1785816313337004785,41556106114797,57144771248,0
/localization/kinematic_state,57194771249,1785816313376039366,41556145149139,57194771249,0
/sensing/lidar/top/pointcloud_raw_ex,57194771249,1785816313382493968,41556151604328,57194771249,510936
/localization/pose_estimator/pose_with_covariance,57194771249,1785816313387111706,41556156222006,57194771249,0
/localization/kinematic_state,57244771250,1785816313426117537,41556195227462,57244771250,0
/sensing/lidar/top/pointcloud_raw_ex,57244771250,1785816313432080641,41556201190818,57244771250,516280
/localization/pose_estimator/pose_with_covariance,57244771250,1785816313436479038,41556205589070,57244771250,0
/localization/kinematic_state,57294771250,1785816313475772100,41556244882143,57294771250,0
/sensing/lidar/top/pointcloud_raw_ex,57294771250,1785816313482355659,41556251465511,57294771250,503544
/localization/pose_estimator/pose_with_covariance,57294771250,1785816313486344360,41556255454186,57294771250,0
/localization/kinematic_state,57344771251,1785816313525628448,41556294738342,57344771251,0
/sensing/lidar/top/pointcloud_raw_ex,57344771251,1785816313532337862,41556301448254,57344771251,515832
/localization/pose_estimator/pose_with_covariance,57344771251,1785816313536780658,41556305890933,57344771251,0
/localization/kinematic_state,57394771252,1785816313575711597,41556344821336,57394771252,0
/sensing/lidar/top/pointcloud_raw_ex,57394771252,1785816313582617091,41556351727288,57394771252,512472
/localization/pose_estimator/pose_with_covariance,57394771252,1785816313587766477,41556356876546,57394771252,0
/localization/kinematic_state,57444771253,1785816313626963304,41556396073193,57444771253,0
/sensing/lidar/top/pointcloud_raw_ex,57444771253,1785816313632473217,41556401583290,57444771253,519992
/localization/pose_estimator/pose_with_covariance,57444771253,1785816313637555172,41556406665162,57444771253,0
/localization/kinematic_state,57494771253,1785816313675932887,41556445042656,57494771253,0
/sensing/lidar/top/pointcloud_raw_ex,57494771253,1785816313683257806,41556452368131,57494771253,510680
/localization/pose_estimator/pose_with_covariance,57494771253,1785816313687500557,41556456610738,57494771253,0
/localization/kinematic_state,57544771254,1785816313726240206,41556495349914,57544771254,0
/sensing/lidar/top/pointcloud_raw_ex,57544771254,1785816313733963730,41556503073857,57544771254,521944
/localization/pose_estimator/pose_with_covariance,57544771254,1785816313739222014,41556508331844,57544771254,0
/localization/kinematic_state,57594771255,1785816313776874959,41556545984743,57594771255,0
/sensing/lidar/top/pointcloud_raw_ex,57594771255,1785816313785175057,41556554285248,57594771255,512088
/localization/pose_estimator/pose_with_covariance,57594771255,1785816313790180514,41556559290684,57594771255,0
/localization/kinematic_state,57644771256,1785816313826378228,41556595488245,57644771256,0
/sensing/lidar/top/pointcloud_raw_ex,57644771256,1785816313831937787,41556601048208,57644771256,521528
/localization/pose_estimator/pose_with_covariance,57644771256,1785816313836781815,41556605892117,57644771256,0
/localization/kinematic_state,57694771256,1785816313876446542,41556645556368,57694771256,0
/sensing/lidar/top/pointcloud_raw_ex,57694771256,1785816313882200739,41556651310719,57694771256,513080
/localization/pose_estimator/pose_with_covariance,57694771256,1785816313887836370,41556656946501,57694771256,0
/localization/kinematic_state,57744771257,1785816313926674957,41556695784819,57744771257,0
/sensing/lidar/top/pointcloud_raw_ex,57744771257,1785816313933918782,41556703029096,57744771257,515384
/localization/pose_estimator/pose_with_covariance,57744771257,1785816313938558238,41556707668226,57744771257,0
/localization/kinematic_state,57794771258,1785816313977823779,41556746933470,57794771258,0
/sensing/lidar/top/pointcloud_raw_ex,57794771258,1785816313984328268,41556753438286,57794771258,518136
/localization/pose_estimator/pose_with_covariance,57794771258,1785816313988943037,41556758052864,57794771258,0
/localization/kinematic_state,57844771259,1785816314027965728,41556797075928,57844771259,0
/sensing/lidar/top/pointcloud_raw_ex,57844771259,1785816314032440356,41556801550188,57844771259,520760
/localization/pose_estimator/pose_with_covariance,57844771259,1785816314038771157,41556807881210,57844771259,0
/localization/kinematic_state,57894771259,1785816314077400202,41556846510084,57894771259,0
/sensing/lidar/top/pointcloud_raw_ex,57894771259,1785816314085145182,41556854255250,57894771259,509880
/localization/pose_estimator/pose_with_covariance,57894771259,1785816314089466912,41556858576805,57894771259,0
/localization/kinematic_state,57944771260,1785816314127381359,41556896491270,57944771260,0
/sensing/lidar/top/pointcloud_raw_ex,57944771260,1785816314133614544,41556902724523,57944771260,515544
/localization/pose_estimator/pose_with_covariance,57944771260,1785816314139373196,41556908483348,57944771260,0
/localization/kinematic_state,57994771261,1785816314177416808,41556946526594,57994771261,0
/sensing/lidar/top/pointcloud_raw_ex,57994771261,1785816314184446383,41556953556560,57994771261,510840
/localization/pose_estimator/pose_with_covariance,57994771261,1785816314189972149,41556959082744,57994771261,0
/localization/kinematic_state,58044771262,1785816314227291697,41556996401634,58044771262,0
/sensing/lidar/top/pointcloud_raw_ex,58044771262,1785816314233564261,41557002674731,58044771262,517912
/localization/pose_estimator/pose_with_covariance,58044771262,1785816314239181016,41557008291021,58044771262,0
/localization/kinematic_state,58094771262,1785816314278997620,41557048107600,58094771262,0
/sensing/lidar/top/pointcloud_raw_ex,58094771262,1785816314286421389,41557055531363,58094771262,509720
/localization/pose_estimator/pose_with_covariance,58094771262,1785816314293475022,41557062585195,58094771262,0
/localization/kinematic_state,58144771263,1785816314327356327,41557096466188,58144771263,0
/sensing/lidar/top/pointcloud_raw_ex,58144771263,1785816314333114447,41557102224580,58144771263,519768
/localization/pose_estimator/pose_with_covariance,58144771263,1785816314337749974,41557106859801,58144771263,0
/localization/kinematic_state,58194771264,1785816314378242660,41557147352660,58194771264,0
/sensing/lidar/top/pointcloud_raw_ex,58194771264,1785816314384667768,41557153777953,58194771264,510424
/localization/pose_estimator/pose_with_covariance,58194771264,1785816314389827362,41557158937667,58194771264,0
/localization/kinematic_state,58244771265,1785816314428412337,41557197522310,58244771265,0
/sensing/lidar/top/pointcloud_raw_ex,58244771265,1785816314433947298,41557203057238,58244771265,514744
/localization/pose_estimator/pose_with_covariance,58244771265,1785816314439798168,41557208908335,58244771265,0
/localization/kinematic_state,58294771265,1785816314478247778,41557247357721,58294771265,0
/sensing/lidar/top/pointcloud_raw_ex,58294771265,1785816314485793247,41557254903440,58294771265,510712
/localization/pose_estimator/pose_with_covariance,58294771265,1785816314490733479,41557259843474,58294771265,0
/localization/kinematic_state,58344771266,1785816314527934269,41557297044305,58344771266,0
/sensing/lidar/top/pointcloud_raw_ex,58344771266,1785816314534279053,41557303389478,58344771266,518680
/localization/pose_estimator/pose_with_covariance,58344771266,1785816314539175476,41557308285687,58344771266,0
/localization/kinematic_state,58394771267,1785816314578107126,41557347216860,58394771267,0
/sensing/lidar/top/pointcloud_raw_ex,58394771267,1785816314585334287,41557354444436,58394771267,509080
/localization/pose_estimator/pose_with_covariance,58394771267,1785816314590377171,41557359487243,58394771267,0
/localization/kinematic_state,58444771267,1785816314628922418,41557398032669,58444771267,0
/sensing/lidar/top/pointcloud_raw_ex,58444771267,1785816314635762947,41557404873063,58444771267,515864
/localization/pose_estimator/pose_with_covariance,58444771267,1785816314641407039,41557410516986,58444771267,0
/localization/kinematic_state,58494771268,1785816314678554515,41557447664407,58494771268,0
/sensing/lidar/top/pointcloud_raw_ex,58494771268,1785816314685995335,41557455105711,58494771268,510104
/localization/pose_estimator/pose_with_covariance,58494771268,1785816314690627613,41557459737570,58494771268,0
/localization/kinematic_state,58544771269,1785816314728959199,41557498069151,58544771269,0
/sensing/lidar/top/pointcloud_raw_ex,58544771269,1785816314734862841,41557503972895,58544771269,514936
/localization/pose_estimator/pose_with_covariance,58544771269,1785816314739907191,41557509017427,58544771269,0
/localization/kinematic_state,58594771270,1785816314778438612,41557547548341,58594771270,0
/sensing/lidar/top/pointcloud_raw_ex,58594771270,1785816314785965918,41557555075942,58594771270,511384
/localization/pose_estimator/pose_with_covariance,58594771270,1785816314790618824,41557559728971,58594771270,0
/localization/kinematic_state,58644771270,1785816314829511916,41557598621990,58644771270,0
/sensing/lidar/top/pointcloud_raw_ex,58644771270,1785816314835644452,41557604754874,58644771270,512376
/localization/pose_estimator/pose_with_covariance,58644771270,1785816314840797061,41557609907057,58644771270,0
/localization/kinematic_state,58694771271,1785816314878653751,41557647763885,58694771271,0
/sensing/lidar/top/pointcloud_raw_ex,58694771271,1785816314885747512,41557654857607,58694771271,512184
/localization/pose_estimator/pose_with_covariance,58694771271,1785816314891324450,41557660434285,58694771271,0
/localization/kinematic_state,58744771272,1785816314929007389,41557698117224,58744771272,0
/sensing/lidar/top/pointcloud_raw_ex,58744771272,1785816314936214977,41557705325156,58744771272,516088
/localization/pose_estimator/pose_with_covariance,58744771272,1785816314943125727,41557712235688,58744771272,0
/localization/kinematic_state,58794771273,1785816314978860007,41557747969907,58794771273,0
/sensing/lidar/top/pointcloud_raw_ex,58794771273,1785816314986222437,41557755332764,58794771273,514488
/localization/pose_estimator/pose_with_covariance,58794771273,1785816314990735999,41557759846103,58794771273,0
/localization/kinematic_state,58844771273,1785816315029294797,41557798404945,58844771273,0
/sensing/lidar/top/pointcloud_raw_ex,58844771273,1785816315035189318,41557804299486,58844771273,517400
/localization/pose_estimator/pose_with_covariance,58844771273,1785816315039639966,41557808750074,58844771273,0
/localization/kinematic_state,58894771274,1785816315079012116,41557848121975,58894771274,0
/sensing/lidar/top/pointcloud_raw_ex,58894771274,1785816315084555626,41557853665860,58894771274,512472
/localization/pose_estimator/pose_with_covariance,58894771274,1785816315088591886,41557857701584,58894771274,0
/localization/kinematic_state,58944771275,1785816315130769056,41557899878907,58944771275,0
/sensing/lidar/top/pointcloud_raw_ex,58944771275,1785816315138111984,41557907222145,58944771275,517528
/localization/pose_estimator/pose_with_covariance,58944771275,1785816315143421324,41557912531325,58944771275,0
/localization/kinematic_state,58994771276,1785816315180950659,41557950060589,58994771276,0
/sensing/lidar/top/pointcloud_raw_ex,58994771276,1785816315186171109,41557955281411,58994771276,513784
/localization/pose_estimator/pose_with_covariance,58994771276,1785816315190581698,41557959691653,58994771276,0
/localization/kinematic_state,59044771276,1785816315229653090,41557998762923,59044771276,0
/sensing/lidar/top/pointcloud_raw_ex,59044771276,1785816315235722247,41558004832192,59044771276,514968
/localization/pose_estimator/pose_with_covariance,59044771276,1785816315240667278,41558009777516,59044771276,0
/localization/kinematic_state,59094771277,1785816315279398976,41558048508824,59094771277,0
/sensing/lidar/top/pointcloud_raw_ex,59094771277,1785816315286692369,41558055802214,59094771277,508568
/localization/pose_estimator/pose_with_covariance,59094771277,1785816315292298328,41558061408330,59094771277,0
/localization/kinematic_state,59144771278,1785816315330092145,41558099202074,59144771278,0
/sensing/lidar/top/pointcloud_raw_ex,59144771278,1785816315335901742,41558105011793,59144771278,515864
/localization/pose_estimator/pose_with_covariance,59144771278,1785816315340815184,41558109925277,59144771278,0
/localization/kinematic_state,59194771279,1785816315379668399,41558148778184,59194771279,0
/sensing/lidar/top/pointcloud_raw_ex,59194771279,1785816315386165686,41558155275857,59194771279,511320
/localization/pose_estimator/pose_with_covariance,59194771279,1785816315391213095,41558160323279,59194771279,0
/localization/kinematic_state,59244771279,1785816315429847762,41558198957718,59244771279,0
/sensing/lidar/top/pointcloud_raw_ex,59244771279,1785816315435655543,41558204765506,59244771279,513208
/localization/pose_estimator/pose_with_covariance,59244771279,1785816315440523565,41558209633804,59244771279,0
/localization/kinematic_state,59294771280,1785816315479593328,41558248703063,59294771280,0
/sensing/lidar/top/pointcloud_raw_ex,59294771280,1785816315488077810,41558257187881,59294771280,515352
/localization/pose_estimator/pose_with_covariance,59294771280,1785816315493010997,41558262121059,59294771280,0
/localization/kinematic_state,59344771281,1785816315530061023,41558299171148,59344771281,0
/sensing/lidar/top/pointcloud_raw_ex,59344771281,1785816315536543104,41558305653195,59344771281,519672
/localization/pose_estimator/pose_with_covariance,59344771281,1785816315541881026,41558310990961,59344771281,0
/localization/kinematic_state,59394771282,1785816315580086448,41558349196326,59394771282,0
/sensing/lidar/top/pointcloud_raw_ex,59394771282,1785816315586231819,41558355342097,59394771282,510072
/localization/pose_estimator/pose_with_covariance,59394771282,1785816315591154426,41558360264382,59394771282,0
/localization/kinematic_state,59444771282,1785816315630012030,41558399121944,59444771282,0
/sensing/lidar/top/pointcloud_raw_ex,59444771282,1785816315636445936,41558405555836,59444771282,515672
/localization/pose_estimator/pose_with_covariance,59444771282,1785816315643182348,41558412292360,59444771282,0
/localization/kinematic_state,59494771283,1785816315680191774,41558449301537,59494771283,0
/sensing/lidar/top/pointcloud_raw_ex,59494771283,1785816315687814074,41558456924435,59494771283,514200
/localization/pose_estimator/pose_with_covariance,59494771283,1785816315692221655,41558461331588,59494771283,0
/localization/kinematic_state,59544771284,1785816315730898332,41558500008312,59544771284,0
/sensing/lidar/top/pointcloud_raw_ex,59544771284,1785816315736093064,41558505203409,59544771284,518296
/localization/pose_estimator/pose_with_covariance,59544771284,1785816315741151485,41558510261600,59544771284,0
/localization/kinematic_state,59594771285,1785816315782292485,41558551402449,59594771285,0
/sensing/lidar/top/pointcloud_raw_ex,59594771285,1785816315786798915,41558555908638,59594771285,511352
/localization/pose_estimator/pose_with_covariance,59594771285,1785816315792912166,41558562021849,59594771285,0
/localization/kinematic_state,59644771285,1785816315831595295,41558600705315,59644771285,0
/sensing/lidar/top/pointcloud_raw_ex,59644771285,1785816315838240889,41558607350908,59644771285,516568
/localization/pose_estimator/pose_with_covariance,59644771285,1785816315844426668,41558613536846,59644771285,0
/localization/kinematic_state,59694771286,1785816315880988721,41558650098666,59694771286,0
/sensing/lidar/top/pointcloud_raw_ex,59694771286,1785816315889085168,41558658195543,59694771286,505944
/localization/pose_estimator/pose_with_covariance,59694771286,1785816315893613181,41558662723027,59694771286,0
/localization/kinematic_state,59744771287,1785816315931308708,41558700418657,59744771287,0
/sensing/lidar/top/pointcloud_raw_ex,59744771287,1785816315936791491,41558705901414,59744771287,518360
/localization/pose_estimator/pose_with_covariance,59744771287,1785816315941857661,41558710967660,59744771287,0
/localization/kinematic_state,59794771288,1785816315981041034,41558750150908,59794771288,0
/sensing/lidar/top/pointcloud_raw_ex,59794771288,1785816315987828391,41558756938652,59794771288,512376
/localization/pose_estimator/pose_with_covariance,59794771288,1785816315992513321,41558761623286,59794771288,0
/localization/kinematic_state,59844771288,1785816316031945475,41558801055428,59844771288,0
/sensing/lidar/top/pointcloud_raw_ex,59844771288,1785816316036837751,41558805947742,59844771288,516376
/localization/pose_estimator/pose_with_covariance,59844771288,1785816316042160700,41558811270369,59844771288,0
/localization/kinematic_state,59894771289,1785816316081138964,41558850248923,59894771289,0
/sensing/lidar/top/pointcloud_raw_ex,59894771289,1785816316087937135,41558857047418,59894771289,508088
/localization/pose_estimator/pose_with_covariance,59894771289,1785816316092275337,41558861385439,59894771289,0
/localization/kinematic_state,59944771290,1785816316131267700,41558900377404,59944771290,0
/sensing/lidar/top/pointcloud_raw_ex,59944771290,1785816316137901154,41558907011083,59944771290,513464
/localization/pose_estimator/pose_with_covariance,59944771290,1785816316142611935,41558911721722,59944771290,0
/localization/kinematic_state,59994771291,1785816316182949734,41558952059595,59994771291,0
/sensing/lidar/top/pointcloud_raw_ex,59994771291,1785816316188409567,41558957519812,59994771291,510488
/localization/pose_estimator/pose_with_covariance,59994771291,1785816316192836023,41558961946326,59994771291,0
/localization/kinematic_state,60044771291,1785816316232243523,41559001353479,60044771291,0
/sensing/lidar/top/pointcloud_raw_ex,60044771291,1785816316238131325,41559007241317,60044771291,517528
/localization/pose_estimator/pose_with_covariance,60044771291,1785816316245647838,41559014758012,60044771291,0
/localization/kinematic_state,60094771292,1785816316283045593,41559052155515,60094771292,0
/sensing/lidar/top/pointcloud_raw_ex,60094771292,1785816316289201266,41559058311471,60094771292,513272
/localization/pose_estimator/pose_with_covariance,60094771292,1785816316293601018,41559062711128,60094771292,0
/localization/kinematic_state,60144771293,1785816316332476387,41559101586354,60144771293,0
/sensing/lidar/top/pointcloud_raw_ex,60144771293,1785816316337403033,41559106512952,60144771293,514840
/localization/pose_estimator/pose_with_covariance,60144771293,1785816316343621935,41559112731993,60144771293,0
/localization/kinematic_state,60194771294,1785816316382945552,41559152055649,60194771294,0
/sensing/lidar/top/pointcloud_raw_ex,60194771294,1785816316387582831,41559156692677,60194771294,510616
/localization/pose_estimator/pose_with_covariance,60194771294,1785816316393388066,41559162498208,60194771294,0
/localization/kinematic_state,60244771294,1785816316431703757,41559200813607,60244771294,0
/sensing/lidar/top/pointcloud_raw_ex,60244771294,1785816316438536906,41559207647200,60244771294,516696
/localization/pose_estimator/pose_with_covariance,60244771294,1785816316445042993,41559214153183,60244771294,0
/localization/kinematic_state,60294771295,1785816316481956712,41559251066637,60294771295,0
/sensing/lidar/top/pointcloud_raw_ex,60294771295,1785816316488833262,41559257943480,60294771295,507864
/localization/pose_estimator/pose_with_covariance,60294771295,1785816316493430691,41559262540620,60294771295,0
/localization/kinematic_state,60344771296,1785816316532422646,41559301532497,60344771296,0
/sensing/lidar/top/pointcloud_raw_ex,60344771296,1785816316537769348,41559306879529,60344771296,518168
/localization/pose_estimator/pose_with_covariance,60344771296,1785816316545774294,41559314884575,60344771296,0
/localization/kinematic_state,60394771297,1785816316582638790,41559351748613,60394771297,0
/sensing/lidar/top/pointcloud_raw_ex,60394771297,1785816316589236752,41559358346935,60394771297,512536
/localization/pose_estimator/pose_with_covariance,60394771297,1785816316595385336,41559364495394,60394771297,0
/localization/kinematic_state,60444771297,1785816316632760302,41559401870177,60444771297,0
/sensing/lidar/top/pointcloud_raw_ex,60444771297,1785816316638801537,41559407911365,60444771297,515256
/localization/pose_estimator/pose_with_covariance,60444771297,1785816316643494924,41559412604908,60444771297,0
/localization/kinematic_state,60494771298,1785816316683345244,41559452455123,60494771298,0
/sensing/lidar/top/pointcloud_raw_ex,60494771298,1785816316689304247,41559458414533,60494771298,514968
/localization/pose_estimator/pose_with_covariance,60494771298,1785816316695017687,41559464128010,60494771298,0
/localization/kinematic_state,60544771299,1785816316732490364,41559501600130,60544771299,0
/sensing/lidar/top/pointcloud_raw_ex,60544771299,1785816316738210492,41559507320591,60544771299,519320
/localization/pose_estimator/pose_with_covariance,60544771299,1785816316742916208,41559512026294,60544771299,0
/localization/kinematic_state,60594771300,1785816316783351950,41559552461683,60594771300,0
/sensing/lidar/top/pointcloud_raw_ex,60594771300,1785816316790288597,41559559398957,60594771300,508056
/localization/pose_estimator/pose_with_covariance,60594771300,1785816316794726041,41559563835984,60594771300,0
/localization/kinematic_state,60644771300,1785816316832971085,41559602081223,60644771300,0
/sensing/lidar/top/pointcloud_raw_ex,60644771300,1785816316838625153,41559607735027,60644771300,517816
/localization/pose_estimator/pose_with_covariance,60644771300,1785816316844028290,41559613138271,60644771300,0
/localization/kinematic_state,60694771301,1785816316882769380,41559651879219,60694771301,0
/sensing/lidar/top/pointcloud_raw_ex,60694771301,1785816316889922672,41559659032821,60694771301,506712
/localization/pose_estimator/pose_with_covariance,60694771301,1785816316895197193,41559664307221,60694771301,0
/localization/kinematic_state,60744771302,1785816316933843780,41559702953872,60744771302,0
/sensing/lidar/top/pointcloud_raw_ex,60744771302,1785816316940065273,41559709175515,60744771302,514872
/localization/pose_estimator/pose_with_covariance,60744771302,1785816316946786707,41559715896852,60744771302,0
/localization/kinematic_state,60794771303,1785816316983303186,41559752413178,60794771303,0
/sensing/lidar/top/pointcloud_raw_ex,60794771303,1785816316989186883,41559758296928,60794771303,510456
/localization/pose_estimator/pose_with_covariance,60794771303,1785816316994422320,41559763532522,60794771303,0
/localization/kinematic_state,60844771303,1785816317033166154,41559802275973,60844771303,0
/sensing/lidar/top/pointcloud_raw_ex,60844771303,1785816317038702801,41559807813207,60844771303,515448
/localization/pose_estimator/pose_with_covariance,60844771303,1785816317044529574,41559813639538,60844771303,0
/localization/kinematic_state,60894771304,1785816317083066223,41559852176185,60894771304,0
/sensing/lidar/top/pointcloud_raw_ex,60894771304,1785816317089095791,41559858205774,60894771304,511928
/localization/pose_estimator/pose_with_covariance,60894771304,1785816317093947109,41559863057174,60894771304,0
/localization/kinematic_state,60944771305,1785816317132623375,41559901733464,60944771305,0
/sensing/lidar/top/pointcloud_raw_ex,60944771305,1785816317139643628,41559908753880,60944771305,516696
/localization/pose_estimator/pose_with_covariance,60944771305,1785816317146339550,41559915449627,60944771305,0
/localization/kinematic_state,60994771305,1785816317183830575,41559952940490,60994771305,0
/sensing/lidar/top/pointcloud_raw_ex,60994771305,1785816317190072602,41559959182827,60994771305,515256
/localization/pose_estimator/pose_with_covariance,60994771305,1785816317194810970,41559963920954,60994771305,0
/localization/kinematic_state,61044771306,1785816317234999802,41560004109976,61044771306,0
/sensing/lidar/top/pointcloud_raw_ex,61044771306,1785816317239511775,41560008621902,61044771306,516408
/localization/pose_estimator/pose_with_covariance,61044771306,1785816317244534925,41560013644712,61044771306,0
/localization/kinematic_state,61094771307,1785816317283827497,41560052937381,61094771307,0
/sensing/lidar/top/pointcloud_raw_ex,61094771307,1785816317290708775,41560059818969,61094771307,509336
/localization/pose_estimator/pose_with_covariance,61094771307,1785816317295678252,41560064788277,61094771307,0
/localization/kinematic_state,61144771308,1785816317334946778,41560104056598,61144771308,0
/sensing/lidar/top/pointcloud_raw_ex,61144771308,1785816317339139846,41560108249677,61144771308,518200
/localization/pose_estimator/pose_with_covariance,61144771308,1785816317345717602,41560114827387,61144771308,0
/localization/kinematic_state,61194771308,1785816317383839088,41560152949077,61194771308,0
/sensing/lidar/top/pointcloud_raw_ex,61194771308,1785816317389355225,41560158465205,61194771308,514520
/localization/pose_estimator/pose_with_covariance,61194771308,1785816317393625495,41560162735529,61194771308,0
/localization/kinematic_state,61244771309,1785816317433695405,41560202805249,61244771309,0
/sensing/lidar/top/pointcloud_raw_ex,61244771309,1785816317439547656,41560208657763,61244771309,520536
/localization/pose_estimator/pose_with_covariance,61244771309,1785816317444748280,41560213858245,61244771309,0
/localization/kinematic_state,61294771310,1785816317484046639,41560253156401,61294771310,0
/sensing/lidar/top/pointcloud_raw_ex,61294771310,1785816317490245528,41560259355630,61294771310,504216
/localization/pose_estimator/pose_with_covariance,61294771310,1785816317495544416,41560264654404,61294771310,0
/localization/kinematic_state,61344771311,1785816317533882615,41560302992520,61344771311,0
/sensing/lidar/top/pointcloud_raw_ex,61344771311,1785816317541140863,41560310250993,61344771311,513880
/localization/pose_estimator/pose_with_covariance,61344771311,1785816317545653759,41560314763896,61344771311,0
/localization/kinematic_state,61394771311,1785816317584808163,41560353918068,61394771311,0
/sensing/lidar/top/pointcloud_raw_ex,61394771311,1785816317592190587,41560361300923,61394771311,512024
/localization/pose_estimator/pose_with_covariance,61394771311,1785816317596460216,41560365570320,61394771311,0
/localization/kinematic_state,61444771312,1785816317635534731,41560404644540,61444771312,0
/sensing/lidar/top/pointcloud_raw_ex,61444771312,1785816317641698366,41560410808391,61444771312,512344
/localization/pose_estimator/pose_with_covariance,61444771312,1785816317648268549,41560417378800,61444771312,0
/localization/kinematic_state,61494771313,1785816317684713987,41560453823999,61494771313,0
/sensing/lidar/top/pointcloud_raw_ex,61494771313,1785816317693411026,41560462520961,61494771313,509240
/localization/pose_estimator/pose_with_covariance,61494771313,1785816317699029179,41560468139268,61494771313,0
/localization/kinematic_state,61544771314,1785816317734572634,41560503682729,61544771314,0
/sensing/lidar/top/pointcloud_raw_ex,61544771314,1785816317741594868,41560510704963,61544771314,516088
/localization/pose_estimator/pose_with_covariance,61544771314,1785816317746279708,41560515389966,61544771314,0
/localization/kinematic_state,61594771314,1785816317784372381,41560553482214,61594771314,0
/sensing/lidar/top/pointcloud_raw_ex,61594771314,1785816317790846456,41560559956528,61594771314,512248
/localization/pose_estimator/pose_with_covariance,61594771314,1785816317794860881,41560563970849,61594771314,0
/localization/kinematic_state,61644771315,1785816317835902888,41560605012690,61644771315,0
/sensing/lidar/top/pointcloud_raw_ex,61644771315,1785816317841944792,41560611054661,61644771315,516536
/localization/pose_estimator/pose_with_covariance,61644771315,1785816317848056608,41560617166463,61644771315,0
/localization/kinematic_state,61694771316,1785816317884716424,41560653826207,61694771316,0
/sensing/lidar/top/pointcloud_raw_ex,61694771316,1785816317891922052,41560661032440,61694771316,509912
/localization/pose_estimator/pose_with_covariance,61694771316,1785816317896712208,41560665822046,61694771316,0
/localization/kinematic_state,61744771317,1785816317934782399,41560703892266,61744771317,0
/sensing/lidar/top/pointcloud_raw_ex,61744771317,1785816317940371068,41560709481506,61744771317,516536
/localization/pose_estimator/pose_with_covariance,61744771317,1785816317945666913,41560714777037,61744771317,0
/localization/kinematic_state,61794771317,1785816317985028775,41560754138538,61794771317,0
/sensing/lidar/top/pointcloud_raw_ex,61794771317,1785816317992417184,41560761527559,61794771317,508248
/localization/pose_estimator/pose_with_covariance,61794771317,1785816317998555092,41560767665154,61794771317,0
/localization/kinematic_state,61844771318,1785816318037473168,41560806583447,61844771318,0
/sensing/lidar/top/pointcloud_raw_ex,61844771318,1785816318040678623,41560809788386,61844771318,521496
/localization/pose_estimator/pose_with_covariance,61844771318,1785816318046562581,41560815672609,61844771318,0
/localization/kinematic_state,61894771319,1785816318085052856,41560854162634,61894771319,0
/sensing/lidar/top/pointcloud_raw_ex,61894771319,1785816318092348284,41560861458588,61894771319,509624
/localization/pose_estimator/pose_with_covariance,61894771319,1785816318096568184,41560865678020,61894771319,0
/localization/kinematic_state,61944771320,1785816318135914155,41560905024456,61944771320,0
/sensing/lidar/top/pointcloud_raw_ex,61944771320,1785816318141622987,41560910733115,61944771320,515768
/localization/pose_estimator/pose_with_covariance,61944771320,1785816318147236636,41560916346545,61944771320,0
/localization/kinematic_state,61994771320,1785816318185008339,41560954118280,61994771320,0
/sensing/lidar/top/pointcloud_raw_ex,61994771320,1785816318191407026,41560960516755,61994771320,511224
/localization/pose_estimator/pose_with_covariance,61994771320,1785816318197705120,41560966815309,61994771320,0
/localization/kinematic_state,62044771321,1785816318235118694,41561004228642,62044771321,0
/sensing/lidar/top/pointcloud_raw_ex,62044771321,1785816318241541142,41561010650921,62044771321,516824
/localization/pose_estimator/pose_with_covariance,62044771321,1785816318248557809,41561017667610,62044771321,0
/localization/kinematic_state,62094771322,1785816318285563522,41561054673295,62094771322,0
/sensing/lidar/top/pointcloud_raw_ex,62094771322,1785816318292316917,41561061426773,62094771322,508856
/localization/pose_estimator/pose_with_covariance,62094771322,1785816318297033508,41561066143479,62094771322,0
/localization/kinematic_state,62144771323,1785816318335711427,41561104821546,62144771323,0
/sensing/lidar/top/pointcloud_raw_ex,62144771323,1785816318340590705,41561109700695,62144771323,522520
/localization/pose_estimator/pose_with_covariance,62144771323,1785816318345862785,41561114972907,62144771323,0
/localization/kinematic_state,62194771323,1785816318386924048,41561156034058,62194771323,0
/sensing/lidar/top/pointcloud_raw_ex,62194771323,1785816318392158355,41561161268629,62194771323,514200
/localization/pose_estimator/pose_with_covariance,62194771323,1785816318397110218,41561166220327,62194771323,0
/localization/kinematic_state,62244771324,1785816318435868408,41561204978268,62244771324,0
/sensing/lidar/top/pointcloud_raw_ex,62244771324,1785816318441728325,41561210838239,62244771324,517656
/localization/pose_estimator/pose_with_covariance,62244771324,1785816318447131839,41561216241739,62244771324,0
/localization/kinematic_state,62294771325,1785816318486184717,41561255294525,62294771325,0
/sensing/lidar/top/pointcloud_raw_ex,62294771325,1785816318493926215,41561263036496,62294771325,515608
/localization/pose_estimator/pose_with_covariance,62294771325,1785816318499584113,41561268694165,62294771325,0
/localization/kinematic_state,62344771326,1785816318535677598,41561304787695,62344771326,0
/sensing/lidar/top/pointcloud_raw_ex,62344771326,1785816318541709861,41561310819930,62344771326,516792
/localization/pose_estimator/pose_with_covariance,62344771326,1785816318546585723,41561315695888,62344771326,0
/localization/kinematic_state,62394771326,1785816318585659603,41561354769360,62394771326,0
/sensing/lidar/top/pointcloud_raw_ex,62394771326,1785816318592382891,41561361493128,62394771326,510584
/localization/pose_estimator/pose_with_covariance,62394771326,1785816318597104627,41561366214538,62394771326,0
/localization/kinematic_state,62444771327,1785816318635687969,41561404797955,62444771327,0
/sensing/lidar/top/pointcloud_raw_ex,62444771327,1785816318645298004,41561414408448,62444771327,520376
/localization/pose_estimator/pose_with_covariance,62444771327,1785816318650299560,41561419409824,62444771327,0
/localization/kinematic_state,62494771328,1785816318685980339,41561455090262,62494771328,0
/sensing/lidar/top/pointcloud_raw_ex,62494771328,1785816318692409647,41561461519987,62494771328,513432
/localization/pose_estimator/pose_with_covariance,62494771328,1785816318696690944,41561465801062,62494771328,0
/localization/kinematic_state,62544771329,1785816318736045283,41561505155139,62544771329,0
/sensing/lidar/top/pointcloud_raw_ex,62544771329,1785816318741340070,41561510450024,62544771329,514424
/localization/pose_estimator/pose_with_covariance,62544771329,1785816318745806272,41561514916107,62544771329,0
/localization/kinematic_state,62594771329,1785816318786169580,41561555279395,62594771329,0
/sensing/lidar/top/pointcloud_raw_ex,62594771329,1785816318792245300,41561561355451,62594771329,512760
/localization/pose_estimator/pose_with_covariance,62594771329,1785816318797065989,41561566175911,62594771329,0
/localization/kinematic_state,62644771330,1785816318836266589,41561605376399,62644771330,0
/sensing/lidar/top/pointcloud_raw_ex,62644771330,1785816318841884195,41561610994279,62644771330,513944
/localization/pose_estimator/pose_with_covariance,62644771330,1785816318846754136,41561615864042,62644771330,0
/localization/kinematic_state,62694771331,1785816318886031748,41561655141503,62694771331,0
/sensing/lidar/top/pointcloud_raw_ex,62694771331,1785816318892760044,41561661870292,62694771331,509080
/localization/pose_estimator/pose_with_covariance,62694771331,1785816318897044648,41561666154617,62694771331,0
/localization/kinematic_state,62744771332,1785816318937945866,41561707055813,62744771332,0
/sensing/lidar/top/pointcloud_raw_ex,62744771332,1785816318942603294,41561711713052,62744771332,515032
/localization/pose_estimator/pose_with_covariance,62744771332,1785816318947853520,41561716964045,62744771332,0
/localization/kinematic_state,62794771332,1785816318986668159,41561755778072,62794771332,0
/sensing/lidar/top/pointcloud_raw_ex,62794771332,1785816318993962626,41561763073291,62794771332,507640
/localization/pose_estimator/pose_with_covariance,62794771332,1785816318999248007,41561768358246,62794771332,0
/localization/kinematic_state,62844771333,1785816319037952132,41561807061915,62844771333,0
/sensing/lidar/top/pointcloud_raw_ex,62844771333,1785816319043066782,41561812177123,62844771333,518872
/localization/pose_estimator/pose_with_covariance,62844771333,1785816319047793329,41561816903416,62844771333,0
/localization/kinematic_state,62894771334,1785816319087249606,41561856359437,62894771334,0
/sensing/lidar/top/pointcloud_raw_ex,62894771334,1785816319092910980,41561862021075,62894771334,510712
/localization/pose_estimator/pose_with_covariance,62894771334,1785816319099566251,41561868676219,62894771334,0
/localization/kinematic_state,62944771335,1785816319137000298,41561906110161,62944771335,0
/sensing/lidar/top/pointcloud_raw_ex,62944771335,1785816319142476983,41561911587206,62944771335,517528
/localization/pose_estimator/pose_with_covariance,62944771335,1785816319149148736,41561918258825,62944771335,0
/localization/kinematic_state,62994771335,1785816319187199305,41561956309045,62994771335,0
/sensing/lidar/top/pointcloud_raw_ex,62994771335,1785816319193435891,41561962545975,62994771335,509240
/localization/pose_estimator/pose_with_covariance,62994771335,1785816319198499584,41561967609632,62994771335,0
/localization/kinematic_state,63044771336,1785816319236754454,41562005864323,63044771336,0
/sensing/lidar/top/pointcloud_raw_ex,63044771336,1785816319243045526,41562012155737,63044771336,514744
/localization/pose_estimator/pose_with_covariance,63044771336,1785816319248662370,41562017772179,63044771336,0
/localization/kinematic_state,63094771337,1785816319287056059,41562056165873,63094771337,0
/sensing/lidar/top/pointcloud_raw_ex,63094771337,1785816319293288889,41562062399219,63094771337,514424
/localization/pose_estimator/pose_with_covariance,63094771337,1785816319298530663,41562067640530,63094771337,0
/localization/kinematic_state,63144771338,1785816319337058082,41562106168271,63144771338,0
/sensing/lidar/top/pointcloud_raw_ex,63144771338,1785816319343291750,41562112402104,63144771338,516792
/localization/pose_estimator/pose_with_covariance,63144771338,1785816319348167732,41562117277694,63144771338,0
/localization/kinematic_state,63194771338,1785816319388953187,41562158063003,63194771338,0
/sensing/lidar/top/pointcloud_raw_ex,63194771338,1785816319393658647,41562162768548,63194771338,512248
/localization/pose_estimator/pose_with_covariance,63194771338,1785816319398348143,41562167458476,63194771338,0
/localization/kinematic_state,63244771339,1785816319438644118,41562207754071,63244771339,0
/sensing/lidar/top/pointcloud_raw_ex,63244771339,1785816319443984352,41562213094344,63244771339,515576
/localization/pose_estimator/pose_with_covariance,63244771339,1785816319448822464,41562217932419,63244771339,0
/localization/kinematic_state,63294771340,1785816319487472482,41562256582343,63294771340,0
/sensing/lidar/top/pointcloud_raw_ex,63294771340,1785816319494702822,41562263813387,63294771340,504248
/localization/pose_estimator/pose_with_covariance,63294771340,1785816319498732001,41562267842039,63294771340,0
/localization/kinematic_state,63344771340,1785816319538287034,41562307396955,63344771340,0
/sensing/lidar/top/pointcloud_raw_ex,63344771340,1785816319544206662,41562313316618,63344771340,515544
/localization/pose_estimator/pose_with_covariance,63344771340,1785816319548856315,41562317966239,63344771340,0
/localization/kinematic_state,63394771341,1785816319588031943,41562357141813,63394771341,0
/sensing/lidar/top/pointcloud_raw_ex,63394771341,1785816319594880598,41562363990639,63394771341,513144
/localization/pose_estimator/pose_with_covariance,63394771341,1785816319600381515,41562369491483,63394771341,0
/localization/kinematic_state,63444771342,1785816319638139906,41562407249817,63444771342,0
/sensing/lidar/top/pointcloud_raw_ex,63444771342,1785816319643383996,41562412494009,63444771342,514328
/localization/pose_estimator/pose_with_covariance,63444771342,1785816319649162296,41562418272285,63444771342,0
/localization/kinematic_state,63494771343,1785816319688536432,41562457646553,63494771343,0
/sensing/lidar/top/pointcloud_raw_ex,63494771343,1785816319695181570,41562464291828,63494771343,510136
/localization/pose_estimator/pose_with_covariance,63494771343,1785816319699522607,41562468632697,63494771343,0
/localization/kinematic_state,63544771343,1785816319739612314,41562508722340,63544771343,0
/sensing/lidar/top/pointcloud_raw_ex,63544771343,1785816319744589517,41562513699323,63544771343,515448
/localization/pose_estimator/pose_with_covariance,63544771343,1785816319750447787,41562519557736,63544771343,0
/localization/kinematic_state,63594771344,1785816319791670647,41562560780873,63594771344,0
/sensing/lidar/top/pointcloud_raw_ex,63594771344,1785816319793755145,41562562864875,63594771344,509688
/localization/pose_estimator/pose_with_covariance,63594771344,1785816319800096053,41562569206134,63594771344,0
/localization/kinematic_state,63644771345,1785816319838801082,41562607910993,63644771345,0
/sensing/lidar/top/pointcloud_raw_ex,63644771345,1785816319846864915,41562615974916,63644771345,517976
/localization/pose_estimator/pose_with_covariance,63644771345,1785816319852790370,41562621900384,63644771345,0
/localization/kinematic_state,63694771346,1785816319888735852,41562657845830,63694771346,0
/sensing/lidar/top/pointcloud_raw_ex,63694771346,1785816319894748326,41562663858498,63694771346,508632
/localization/pose_estimator/pose_with_covariance,63694771346,1785816319899792851,41562668902923,63694771346,0
/localization/kinematic_state,63744771346,1785816319939008173,41562708118279,63744771346,0
/sensing/lidar/top/pointcloud_raw_ex,63744771346,1785816319944672922,41562713782916,63744771346,517848
/localization/pose_estimator/pose_with_covariance,63744771346,1785816319949603229,41562718713051,63744771346,0
/localization/kinematic_state,63794771347,1785816319988669789,41562757779659,63794771347,0
/sensing/lidar/top/pointcloud_raw_ex,63794771347,1785816319994737473,41562763847660,63794771347,512408
/localization/pose_estimator/pose_with_covariance,63794771347,1785816319999899572,41562769009502,63794771347,0
/localization/kinematic_state,63844771348,1785816320039208159,41562808318043,63844771348,0
/sensing/lidar/top/pointcloud_raw_ex,63844771348,1785816320045116125,41562814226106,63844771348,520792
/localization/pose_estimator/pose_with_covariance,63844771348,1785816320049990516,41562819100474,63844771348,0
/localization/kinematic_state,63894771349,1785816320088480121,41562857590070,63894771349,0
/sensing/lidar/top/pointcloud_raw_ex,63894771349,1785816320096276719,41562865386949,63894771349,511768
/localization/pose_estimator/pose_with_covariance,63894771349,1785816320101329906,41562870440044,63894771349,0
/localization/kinematic_state,63944771349,1785816320138840525,41562907950317,63944771349,0
/sensing/lidar/top/pointcloud_raw_ex,63944771349,1785816320145423972,41562914533834,63944771349,513560
/localization/pose_estimator/pose_with_covariance,63944771349,1785816320150285410,41562919395433,63944771349,0
/localization/kinematic_state,63994771350,1785816320189387215,41562958497172,63994771350,0
/sensing/lidar/top/pointcloud_raw_ex,63994771350,1785816320195552030,41562964662237,63994771350,508248
/localization/pose_estimator/pose_with_covariance,63994771350,1785816320203270874,41562972381181,63994771350,0
/localization/kinematic_state,64044771351,1785816320239834443,41563008944629,64044771351,0
/sensing/lidar/top/pointcloud_raw_ex,64044771351,1785816320245769138,41563014879645,64044771351,517432
/localization/pose_estimator/pose_with_covariance,64044771351,1785816320250779523,41563019889428,64044771351,0
/localization/kinematic_state,64094771352,1785816320289982259,41563059092140,64094771352,0
/sensing/lidar/top/pointcloud_raw_ex,64094771352,1785816320298284457,41563067394983,64094771352,509016
/localization/pose_estimator/pose_with_covariance,64094771352,1785816320303526255,41563072636460,64094771352,0
/localization/kinematic_state,64144771352,1785816320340187063,41563109296875,64144771352,0
/sensing/lidar/top/pointcloud_raw_ex,64144771352,1785816320346952303,41563116062320,64144771352,520664
/localization/pose_estimator/pose_with_covariance,64144771352,1785816320352260496,41563121370538,64144771352,0
/localization/kinematic_state,64194771353,1785816320390430737,41563159540638,64194771353,0
/sensing/lidar/top/pointcloud_raw_ex,64194771353,1785816320398431550,41563167541288,64194771353,511480
/localization/pose_estimator/pose_with_covariance,64194771353,1785816320404593688,41563173703895,64194771353,0
/localization/kinematic_state,64244771354,1785816320439933127,41563209043053,64244771354,0
/sensing/lidar/top/pointcloud_raw_ex,64244771354,1785816320446360005,41563215470351,64244771354,517176
/localization/pose_estimator/pose_with_covariance,64244771354,1785816320451447016,41563220557077,64244771354,0
/localization/kinematic_state,64294771355,1785816320490103512,41563259213368,64294771355,0
/sensing/lidar/top/pointcloud_raw_ex,64294771355,1785816320496131606,41563265241681,64294771355,507544
/localization/pose_estimator/pose_with_covariance,64294771355,1785816320501858986,41563270969192,64294771355,0
/localization/kinematic_state,64344771355,1785816320539946964,41563309057004,64344771355,0
/sensing/lidar/top/pointcloud_raw_ex,64344771355,1785816320545720380,41563314831191,64344771355,521912
/localization/pose_estimator/pose_with_covariance,64344771355,1785816320550512075,41563319622105,64344771355,0
/localization/kinematic_state,64394771356,1785816320590863643,41563359973505,64394771356,0
/sensing/lidar/top/pointcloud_raw_ex,64394771356,1785816320596452268,41563365562244,64394771356,510488
/localization/pose_estimator/pose_with_covariance,64394771356,1785816320602429757,41563371539939,64394771356,0
/localization/kinematic_state,64444771357,1785816320640298525,41563409408470,64444771357,0
/sensing/lidar/top/pointcloud_raw_ex,64444771357,1785816320646088970,41563415199217,64444771357,522648
/localization/pose_estimator/pose_with_covariance,64444771357,1785816320650931871,41563420041897,64444771357,0
/localization/kinematic_state,64494771358,1785816320690576054,41563459685931,64494771358,0
/sensing/lidar/top/pointcloud_raw_ex,64494771358,1785816320696605560,41563465715685,64494771358,512696
/localization/pose_estimator/pose_with_covariance,64494771358,1785816320701318106,41563470428044,64494771358,0
/localization/kinematic_state,64544771358,1785816320740866569,41563509976442,64544771358,0
/sensing/lidar/top/pointcloud_raw_ex,64544771358,1785816320746388199,41563515498373,64544771358,521944
/localization/pose_estimator/pose_with_covariance,64544771358,1785816320753026452,41563522136653,64544771358,0
/localization/kinematic_state,64594771359,1785816320790425100,41563559535016,64594771359,0
/sensing/lidar/top/pointcloud_raw_ex,64594771359,1785816320795945846,41563565056201,64594771359,506104
/localization/pose_estimator/pose_with_covariance,64594771359,1785816320801422473,41563570532589,64594771359,0
/localization/kinematic_state,64644771360,1785816320840539792,41563609649762,64644771360,0
/sensing/lidar/top/pointcloud_raw_ex,64644771360,1785816320846942433,41563616052974,64644771360,516024
/localization/pose_estimator/pose_with_covariance,64644771360,1785816320852542258,41563621652297,64644771360,0
/localization/kinematic_state,64694771361,1785816320890800199,41563659910052,64694771361,0
/sensing/lidar/top/pointcloud_raw_ex,64694771361,1785816320897164895,41563666275142,64694771361,509368
/localization/pose_estimator/pose_with_covariance,64694771361,1785816320902901890,41563672011947,64694771361,0
/localization/kinematic_state,64744771361,1785816320940455670,41563709565604,64744771361,0
/sensing/lidar/top/pointcloud_raw_ex,64744771361,1785816320947546658,41563716656656,64744771361,516984
/localization/pose_estimator/pose_with_covariance,64744771361,1785816320955533744,41563724643556,64744771361,0
/localization/kinematic_state,64794771362,1785816320991301715,41563760411463,64794771362,0
/sensing/lidar/top/pointcloud_raw_ex,64794771362,1785816320998186357,41563767296698,64794771362,513368
/localization/pose_estimator/pose_with_covariance,64794771362,1785816321002344743,41563771454608,64794771362,0
/localization/kinematic_state,64844771363,1785816321041117779,41563810227562,64844771363,0
/sensing/lidar/top/pointcloud_raw_ex,64844771363,1785816321046576506,41563815686560,64844771363,519256
/localization/pose_estimator/pose_with_covariance,64844771363,1785816321051442143,41563820552338,64844771363,0
/localization/kinematic_state,64894771364,1785816321091150543,41563860260552,64894771364,0
/sensing/lidar/top/pointcloud_raw_ex,64894771364,1785816321097962543,41563867072743,64894771364,509816
/localization/pose_estimator/pose_with_covariance,64894771364,1785816321103112930,41563872222898,64894771364,0
/localization/kinematic_state,64944771364,1785816321141039202,41563910149349,64944771364,0
/sensing/lidar/top/pointcloud_raw_ex,64944771364,1785816321148016171,41563917126238,64944771364,518872
/localization/pose_estimator/pose_with_covariance,64944771364,1785816321154144861,41563923254997,64944771364,0
/localization/kinematic_state,64994771365,1785816321191747268,41563960857068,64994771365,0
/sensing/lidar/top/pointcloud_raw_ex,64994771365,1785816321198802865,41563967913185,64994771365,511320
/localization/pose_estimator/pose_with_covariance,64994771365,1785816321203675365,41563972785576,64994771365,0
/localization/kinematic_state,65044771366,1785816321241434840,41564010544864,65044771366,0
/sensing/lidar/top/pointcloud_raw_ex,65044771366,1785816321247130326,41564016240459,65044771366,519704
/localization/pose_estimator/pose_with_covariance,65044771366,1785816321251465195,41564020574995,65044771366,0
/localization/kinematic_state,65094771367,1785816321291609360,41564060719379,65094771367,0
/sensing/lidar/top/pointcloud_raw_ex,65094771367,1785816321297476135,41564066586315,65094771367,509848
/localization/pose_estimator/pose_with_covariance,65094771367,1785816321302339497,41564071449561,65094771367,0
/localization/kinematic_state,65144771367,1785816321341853319,41564110963307,65144771367,0
/sensing/lidar/top/pointcloud_raw_ex,65144771367,1785816321347191505,41564116301504,65144771367,514488
/localization/pose_estimator/pose_with_covariance,65144771367,1785816321352502288,41564121612461,65144771367,0
/localization/kinematic_state,65194771368,1785816321391816827,41564160926819,65194771368,0
/sensing/lidar/top/pointcloud_raw_ex,65194771368,1785816321399413193,41564168523161,65194771368,513144
/localization/pose_estimator/pose_with_covariance,65194771368,1785816321404454629,41564173564935,65194771368,0
/localization/kinematic_state,65244771369,1785816321441843404,41564210953646,65244771369,0
/sensing/lidar/top/pointcloud_raw_ex,65244771369,1785816321449217630,41564218327955,65244771369,516632
/localization/pose_estimator/pose_with_covariance,65244771369,1785816321454312119,41564223422126,65244771369,0
/localization/kinematic_state,65294771370,1785816321491967324,41564261077143,65294771370,0
/sensing/lidar/top/pointcloud_raw_ex,65294771370,1785816321500159912,41564269270047,65294771370,512312
/localization/pose_estimator/pose_with_covariance,65294771370,1785816321506119337,41564275229325,65294771370,0
/localization/kinematic_state,65344771370,1785816321541881614,41564310991725,65344771370,0
/sensing/lidar/top/pointcloud_raw_ex,65344771370,1785816321547507729,41564316617543,65344771370,514392
/localization/pose_estimator/pose_with_covariance,65344771370,1785816321554433337,41564323543409,65344771370,0
/localization/kinematic_state,65394771371,1785816321592116654,41564361226634,65394771371,0
/sensing/lidar/top/pointcloud_raw_ex,65394771371,1785816321598652503,41564367762423,65394771371,512024
/localization/pose_estimator/pose_with_covariance,65394771371,1785816321603779375,41564372889626,65394771371,0
/localization/kinematic_state,65444771372,1785816321642482136,41564411592026,65444771372,0
/sensing/lidar/top/pointcloud_raw_ex,65444771372,1785816321648034551,41564417144436,65444771372,515928
/localization/pose_estimator/pose_with_covariance,65444771372,1785816321654388298,41564423498406,65444771372,0
/localization/kinematic_state,65494771373,1785816321692977547,41564462087694,65494771373,0
/sensing/lidar/top/pointcloud_raw_ex,65494771373,1785816321699944838,41564469055004,65494771373,511864
/localization/pose_estimator/pose_with_covariance,65494771373,1785816321705448781,41564474558894,65494771373,0
/localization/kinematic_state,65544771373,1785816321742601879,41564511711762,65544771373,0
/sensing/lidar/top/pointcloud_raw_ex,65544771373,1785816321749203209,41564518313466,65544771373,521368
/localization/pose_estimator/pose_with_covariance,65544771373,1785816321754850137,41564523960232,65544771373,0
/localization/kinematic_state,65594771374,1785816321792441842,41564561551576,65594771374,0
/sensing/lidar/top/pointcloud_raw_ex,65594771374,1785816321798705418,41564567815506,65594771374,509304
/localization/pose_estimator/pose_with_covariance,65594771374,1785816321805573691,41564574683967,65594771374,0
/localization/kinematic_state,65644771375,1785816321842932074,41564612041845,65644771375,0
/sensing/lidar/top/pointcloud_raw_ex,65644771375,1785816321849281368,41564618391667,65644771375,514904
/localization/pose_estimator/pose_with_covariance,65644771375,1785816321854653327,41564623763535,65644771375,0
/localization/kinematic_state,65694771376,1785816321895964886,41564665074767,65694771376,0
/sensing/lidar/top/pointcloud_raw_ex,65694771376,1785816321899703748,41564668813565,65694771376,509016
/localization/pose_estimator/pose_with_covariance,65694771376,1785816321905475807,41564674585745,65694771376,0
/localization/kinematic_state,65744771376,1785816321943141347,41564712251422,65744771376,0
/sensing/lidar/top/pointcloud_raw_ex,65744771376,1785816321953222476,41564722332771,65744771376,519160
/localization/pose_estimator/pose_with_covariance,65744771376,1785816321958642981,41564727753039,65744771376,0
/localization/kinematic_state,65794771377,1785816321993001500,41564762111337,65794771377,0
/sensing/lidar/top/pointcloud_raw_ex,65794771377,1785816321999423351,41564768533336,65794771377,509560
/localization/pose_estimator/pose_with_covariance,65794771377,1785816322004388232,41564773498182,65794771377,0
/localization/kinematic_state,65844771378,1785816322043407614,41564812518153,65844771378,0
/sensing/lidar/top/pointcloud_raw_ex,65844771378,1785816322050069823,41564819180030,65844771378,511960
/localization/pose_estimator/pose_with_covariance,65844771378,1785816322055361322,41564824471419,65844771378,0
/localization/kinematic_state,65894771378,1785816322093759449,41564862869289,65894771378,0
/sensing/lidar/top/pointcloud_raw_ex,65894771378,1785816322101319143,41564870429180,65894771378,511864
/localization/pose_estimator/pose_with_covariance,65894771378,1785816322106301530,41564875411712,65894771378,0
/localization/kinematic_state,65944771379,1785816322142908753,41564912018787,65944771379,0
/sensing/lidar/top/pointcloud_raw_ex,65944771379,1785816322148867636,41564917977604,65944771379,516920
/localization/pose_estimator/pose_with_covariance,65944771379,1785816322153445805,41564922556031,65944771379,0
/localization/kinematic_state,65994771380,1785816322193159019,41564962268894,65994771380,0
/sensing/lidar/top/pointcloud_raw_ex,65994771380,1785816322200065526,41564969175808,65994771380,511864
/localization/pose_estimator/pose_with_covariance,65994771380,1785816322204765476,41564973875448,65994771380,0
/localization/kinematic_state,66044771381,1785816322243693790,41565012803836,66044771381,0
/sensing/lidar/top/pointcloud_raw_ex,66044771381,1785816322249585588,41565018695502,66044771381,515096
/localization/pose_estimator/pose_with_covariance,66044771381,1785816322254198179,41565023307932,66044771381,0
/localization/kinematic_state,66094771381,1785816322294169054,41565063279152,66094771381,0
/sensing/lidar/top/pointcloud_raw_ex,66094771381,1785816322299526039,41565068636201,66094771381,507512
/localization/pose_estimator/pose_with_covariance,66094771381,1785816322304819979,41565073929928,66094771381,0
/localization/kinematic_state,66144771382,1785816322343569375,41565112679293,66144771382,0
/sensing/lidar/top/pointcloud_raw_ex,66144771382,1785816322350066833,41565119176900,66144771382,518328
/localization/pose_estimator/pose_with_covariance,66144771382,1785816322356385626,41565125495592,66144771382,0
/localization/kinematic_state,66194771383,1785816322394484752,41565163594713,66194771383,0
/sensing/lidar/top/pointcloud_raw_ex,66194771383,1785816322400926931,41565170037120,66194771383,510328
/localization/pose_estimator/pose_with_covariance,66194771383,1785816322406257995,41565175368290,66194771383,0
/localization/kinematic_state,66244771384,1785816322443365058,41565212474993,66244771384,0
/sensing/lidar/top/pointcloud_raw_ex,66244771384,1785816322449109962,41565218219979,66244771384,517016
/localization/pose_estimator/pose_with_covariance,66244771384,1785816322454414642,41565223524750,66244771384,0
/localization/kinematic_state,66294771384,1785816322493741476,41565262851245,66294771384,0
/sensing/lidar/top/pointcloud_raw_ex,66294771384,1785816322500175102,41565269285211,66294771384,511992
/localization/pose_estimator/pose_with_covariance,66294771384,1785816322504400072,41565273510128,66294771384,0
/localization/kinematic_state,66344771385,1785816322544046932,41565313156933,66344771385,0
/sensing/lidar/top/pointcloud_raw_ex,66344771385,1785816322549184248,41565318294618,66344771385,516088
/localization/pose_estimator/pose_with_covariance,66344771385,1785816322555481344,41565324591603,66344771385,0
/localization/kinematic_state,66394771386,1785816322593782553,41565362892471,66394771386,0
/sensing/lidar/top/pointcloud_raw_ex,66394771386,1785816322599828563,41565368938771,66394771386,508632
/localization/pose_estimator/pose_with_covariance,66394771386,1785816322604343643,41565373453469,66394771386,0
/localization/kinematic_state,66444771387,1785816322644356195,41565413466064,66444771387,0
/sensing/lidar/top/pointcloud_raw_ex,66444771387,1785816322650317953,41565419428001,66444771387,514616
/localization/pose_estimator/pose_with_covariance,66444771387,1785816322654832823,41565423943062,66444771387,0
/localization/kinematic_state,66494771387,1785816322693691625,41565462801375,66494771387,0
/sensing/lidar/top/pointcloud_raw_ex,66494771387,1785816322700853990,41565469964497,66494771387,521336
/localization/pose_estimator/pose_with_covariance,66494771387,1785816322707568275,41565476678497,66494771387,0
/localization/kinematic_state,66544771388,1785816322744144181,41565513254082,66544771388,0
/sensing/lidar/top/pointcloud_raw_ex,66544771388,1785816322750144584,41565519254564,66544771388,517592
/localization/pose_estimator/pose_with_covariance,66544771388,1785816322755882868,41565524992539,66544771388,0
/localization/kinematic_state,66594771389,1785816322794596144,41565563705981,66594771389,0
/sensing/lidar/top/pointcloud_raw_ex,66594771389,1785816322802205774,41565571315997,66594771389,510328
/localization/pose_estimator/pose_with_covariance,66594771389,1785816322806508854,41565575618919,66594771389,0
/localization/kinematic_state,66644771390,1785816322844696536,41565613806754,66644771390,0
/sensing/lidar/top/pointcloud_raw_ex,66644771390,1785816322850329815,41565619440067,66644771390,517560
/localization/pose_estimator/pose_with_covariance,66644771390,1785816322855348609,41565624458462,66644771390,0
/localization/kinematic_state,66694771390,1785816322894758401,41565663868316,66694771390,0
/sensing/lidar/top/pointcloud_raw_ex,66694771390,1785816322901734195,41565670844442,66694771390,506648
/localization/pose_estimator/pose_with_covariance,66694771390,1785816322907212553,41565676322572,66694771390,0
/localization/kinematic_state,66744771391,1785816322945384901,41565714494708,66744771391,0
/sensing/lidar/top/pointcloud_raw_ex,66744771391,1785816322949956378,41565719066456,66744771391,516824
/localization/pose_estimator/pose_with_covariance,66744771391,1785816322954787586,41565723897548,66744771391,0
/localization/kinematic_state,66794771392,1785816322994925648,41565764035352,66794771392,0
/sensing/lidar/top/pointcloud_raw_ex,66794771392,1785816323002114362,41565771224639,66794771392,512440
/localization/pose_estimator/pose_with_covariance,66794771392,1785816323006277388,41565775387195,66794771392,0
/localization/kinematic_state,66844771393,1785816323044657952,41565813767988,66844771393,0
/sensing/lidar/top/pointcloud_raw_ex,66844771393,1785816323050357298,41565819467285,66844771393,519480
/localization/pose_estimator/pose_with_covariance,66844771393,1785816323055585396,41565824695366,66844771393,0
/localization/kinematic_state,66894771393,1785816323095717223,41565864827214,66894771393,0
/sensing/lidar/top/pointcloud_raw_ex,66894771393,1785816323102613027,41565871722881,66894771393,508888
/localization/pose_estimator/pose_with_covariance,66894771393,1785816323107975174,41565877085180,66894771393,0
/localization/kinematic_state,66944771394,1785816323145210297,41565914320203,66944771394,0
/sensing/lidar/top/pointcloud_raw_ex,66944771394,1785816323150825641,41565919935840,66944771394,515480
/localization/pose_estimator/pose_with_covariance,66944771394,1785816323157802736,41565926913255,66944771394,0
/localization/kinematic_state,66994771395,1785816323194872502,41565963982378,66994771395,0
/sensing/lidar/top/pointcloud_raw_ex,66994771395,1785816323201877089,41565970987458,66994771395,506008
/localization/pose_estimator/pose_with_covariance,66994771395,1785816323208661707,41565977771672,66994771395,0
/localization/kinematic_state,67044771396,1785816323245372963,41566014482914,67044771396,0
/sensing/lidar/top/pointcloud_raw_ex,67044771396,1785816323250797088,41566019907210,67044771396,512728
/localization/pose_estimator/pose_with_covariance,67044771396,1785816323257046192,41566026156112,67044771396,0
/localization/kinematic_state,67094771396,1785816323295701868,41566064811577,67094771396,0
/sensing/lidar/top/pointcloud_raw_ex,67094771396,1785816323301555621,41566070665580,67094771396,504728
/localization/pose_estimator/pose_with_covariance,67094771396,1785816323307625435,41566076735518,67094771396,0
/localization/kinematic_state,67144771397,1785816323345673428,41566114783392,67144771397,0
/sensing/lidar/top/pointcloud_raw_ex,67144771397,1785816323351909899,41566121020077,67144771397,515352
/localization/pose_estimator/pose_with_covariance,67144771397,1785816323356433107,41566125543000,67144771397,0
/localization/kinematic_state,67194771398,1785816323396928252,41566166038231,67194771398,0
/sensing/lidar/top/pointcloud_raw_ex,67194771398,1785816323403213520,41566172323944,67194771398,509240
/localization/pose_estimator/pose_with_covariance,67194771398,1785816323408259211,41566177369318,67194771398,0
/localization/kinematic_state,67244771399,1785816323445577373,41566214687295,67244771399,0
/sensing/lidar/top/pointcloud_raw_ex,67244771399,1785816323452011132,41566221121336,67244771399,518680
/localization/pose_estimator/pose_with_covariance,67244771399,1785816323457970107,41566227080648,67244771399,0
/localization/kinematic_state,67294771399,1785816323497298192,41566266408148,67294771399,0
/sensing/lidar/top/pointcloud_raw_ex,67294771399,1785816323502966426,41566272076423,67294771399,511096
/localization/pose_estimator/pose_with_covariance,67294771399,1785816323507708018,41566276817957,67294771399,0
/localization/kinematic_state,67344771400,1785816323545839627,41566314949475,67344771400,0
/sensing/lidar/top/pointcloud_raw_ex,67344771400,1785816323553414649,41566322524500,67344771400,514040
/localization/pose_estimator/pose_with_covariance,67344771400,1785816323558396761,41566327506847,67344771400,0
/localization/kinematic_state,67394771401,1785816323596328529,41566365438411,67394771401,0
/sensing/lidar/top/pointcloud_raw_ex,67394771401,1785816323603916182,41566373026247,67394771401,509432
/localization/pose_estimator/pose_with_covariance,67394771401,1785816323608790416,41566377900409,67394771401,0
/localization/kinematic_state,67444771402,1785816323646930957,41566416040811,67444771402,0
/sensing/lidar/top/pointcloud_raw_ex,67444771402,1785816323655348327,41566424458376,67444771402,521368
/localization/pose_estimator/pose_with_covariance,67444771402,1785816323661984847,41566431095193,67444771402,0
/localization/kinematic_state,67494771402,1785816323696848472,41566465958459,67494771402,0
/sensing/lidar/top/pointcloud_raw_ex,67494771402,1785816323702590244,41566471700393,67494771402,510616
/localization/pose_estimator/pose_with_covariance,67494771402,1785816323707317380,41566476427530,67494771402,0
/localization/kinematic_state,67544771403,1785816323746638807,41566515748658,67544771403,0
/sensing/lidar/top/pointcloud_raw_ex,67544771403,1785816323752557977,41566521668089,67544771403,519384
/localization/pose_estimator/pose_with_covariance,67544771403,1785816323758491191,41566527601603,67544771403,0
/localization/kinematic_state,67594771404,1785816323796777122,41566565887050,67594771404,0
/sensing/lidar/top/pointcloud_raw_ex,67594771404,1785816323802544133,41566571654312,67594771404,508792
/localization/pose_estimator/pose_with_covariance,67594771404,1785816323807910966,41566577020938,67594771404,0
/localization/kinematic_state,67644771405,1785816323846558036,41566615667780,67644771405,0
/sensing/lidar/top/pointcloud_raw_ex,67644771405,1785816323852673054,41566621783198,67644771405,519704
/localization/pose_estimator/pose_with_covariance,67644771405,1785816323857625042,41566626735336,67644771405,0
/localization/kinematic_state,67694771405,1785816323897097730,41566666207637,67694771405,0
/sensing/lidar/top/pointcloud_raw_ex,67694771405,1785816323903746171,41566672856436,67694771405,509912
/localization/pose_estimator/pose_with_covariance,67694771405,1785816323908464963,41566677574780,67694771405,0
/localization/kinematic_state,67744771406,1785816323947113152,41566716223019,67744771406,0
/sensing/lidar/top/pointcloud_raw_ex,67744771406,1785816323952807140,41566721917214,67744771406,519512
/localization/pose_estimator/pose_with_covariance,67744771406,1785816323957942771,41566727052678,67744771406,0
/localization/kinematic_state,67794771407,1785816323998065045,41566767175126,67794771407,0
/sensing/lidar/top/pointcloud_raw_ex,67794771407,1785816324003845668,41566772955511,67794771407,507416
/localization/pose_estimator/pose_with_covariance,67794771407,1785816324008574320,41566777684336,67794771407,0
/localization/kinematic_state,67844771408,1785816324047832690,41566816942658,67844771408,0
/sensing/lidar/top/pointcloud_raw_ex,67844771408,1785816324054878940,41566823989132,67844771408,512792
/localization/pose_estimator/pose_with_covariance,67844771408,1785816324059684516,41566828794423,67844771408,0
/localization/kinematic_state,67894771408,1785816324098062480,41566867172353,67894771408,0
/sensing/lidar/top/pointcloud_raw_ex,67894771408,1785816324104364395,41566873474710,67894771408,508024
/localization/pose_estimator/pose_with_covariance,67894771408,1785816324109774779,41566878884849,67894771408,0
/localization/kinematic_state,67944771409,1785816324147199079,41566916308824,67944771409,0
/sensing/lidar/top/pointcloud_raw_ex,67944771409,1785816324154150431,41566923260634,67944771409,517496
/localization/pose_estimator/pose_with_covariance,67944771409,1785816324159120174,41566928230131,67944771409,0
/localization/kinematic_state,67994771410,1785816324197495803,41566966605544,67994771410,0
/sensing/lidar/top/pointcloud_raw_ex,67994771410,1785816324204981777,41566974092375,67994771410,510872
/localization/pose_estimator/pose_with_covariance,67994771410,1785816324210733208,41566979843747,67994771410,0
/localization/kinematic_state,68044771411,1785816324247870858,41567016980672,68044771411,0
/sensing/lidar/top/pointcloud_raw_ex,68044771411,1785816324253946666,41567023056876,68044771411,517432
/localization/pose_estimator/pose_with_covariance,68044771411,1785816324260137561,41567029248016,68044771411,0
/localization/kinematic_state,68094771411,1785816324298273896,41567067383741,68094771411,0
/sensing/lidar/top/pointcloud_raw_ex,68094771411,1785816324305425591,41567074535753,68094771411,510488
/localization/pose_estimator/pose_with_covariance,68094771411,1785816324310973938,41567080083830,68094771411,0
/localization/kinematic_state,68144771412,1785816324348945748,41567118055548,68144771412,0
/sensing/lidar/top/pointcloud_raw_ex,68144771412,1785816324355245557,41567124355811,68144771412,515992
/localization/pose_estimator/pose_with_covariance,68144771412,1785816324360381428,41567129491536,68144771412,0
/localization/kinematic_state,68194771413,1785816324398308876,41567167418791,68194771413,0
/sensing/lidar/top/pointcloud_raw_ex,68194771413,1785816324405518811,41567174629182,68194771413,512056
/localization/pose_estimator/pose_with_covariance,68194771413,1785816324409936597,41567179046403,68194771413,0
/localization/kinematic_state,68244771414,1785816324448064398,41567217174201,68244771414,0
/sensing/lidar/top/pointcloud_raw_ex,68244771414,1785816324453923670,41567223033593,68244771414,518328
/localization/pose_estimator/pose_with_covariance,68244771414,1785816324458845216,41567227955151,68244771414,0
/localization/kinematic_state,68294771414,1785816324498002944,41567267113358,68294771414,0
/sensing/lidar/top/pointcloud_raw_ex,68294771414,1785816324504182857,41567273292683,68294771414,512568
/localization/pose_estimator/pose_with_covariance,68294771414,1785816324509429829,41567278539507,68294771414,0
/localization/kinematic_state,68344771415,1785816324547871047,41567316980900,68344771415,0
/sensing/lidar/top/pointcloud_raw_ex,68344771415,1785816324554696761,41567323806799,68344771415,515416
/localization/pose_estimator/pose_with_covariance,68344771415,1785816324560441520,41567329551347,68344771415,0
/localization/kinematic_state,68394771416,1785816324598246971,41567367356798,68394771416,0
/sensing/lidar/top/pointcloud_raw_ex,68394771416,1785816324604731400,41567373841681,68394771416,511512
/localization/pose_estimator/pose_with_covariance,68394771416,1785816324609984115,41567379093938,68394771416,0
/localization/kinematic_state,68444771416,1785816324648861142,41567417970975,68444771416,0
/sensing/lidar/top/pointcloud_raw_ex,68444771416,1785816324654626519,41567423736309,68444771416,518904
/localization/pose_estimator/pose_with_covariance,68444771416,1785816324659897107,41567429006988,68444771416,0
/localization/kinematic_state,68494771417,1785816324699080253,41567468190142,68494771417,0
/sensing/lidar/top/pointcloud_raw_ex,68494771417,1785816324705948545,41567475058759,68494771417,506424
/localization/pose_estimator/pose_with_covariance,68494771417,1785816324710544454,41567479654810,68494771417,0
/localization/kinematic_state,68544771418,1785816324748863690,41567517973453,68544771418,0
/sensing/lidar/top/pointcloud_raw_ex,68544771418,1785816324754592398,41567523702567,68544771418,517688
/localization/pose_estimator/pose_with_covariance,68544771418,1785816324759735340,41567528845324,68544771418,0
/localization/kinematic_state,68594771419,1785816324798760613,41567567870447,68594771419,0
/sensing/lidar/top/pointcloud_raw_ex,68594771419,1785816324806439946,41567575550077,68594771419,513176
/localization/pose_estimator/pose_with_covariance,68594771419,1785816324811422434,41567580532544,68594771419,0
/localization/kinematic_state,68644771419,1785816324849360112,41567618470230,68644771419,0
/sensing/lidar/top/pointcloud_raw_ex,68644771419,1785816324855924325,41567625034378,68644771419,516536
/localization/pose_estimator/pose_with_covariance,68644771419,1785816324862698756,41567631808815,68644771419,0
/localization/kinematic_state,68694771420,1785816324899206712,41567668316472,68694771420,0
/sensing/lidar/top/pointcloud_raw_ex,68694771420,1785816324907300009,41567676410109,68694771420,507512
/localization/pose_estimator/pose_with_covariance,68694771420,1785816324912943616,41567682053868,68694771420,0
/localization/kinematic_state,68744771421,1785816324949176140,41567718285951,68744771421,0
/sensing/lidar/top/pointcloud_raw_ex,68744771421,1785816324954417167,41567723527368,68744771421,518040
/localization/pose_estimator/pose_with_covariance,68744771421,1785816324960155349,41567729265468,68744771421,0
/localization/kinematic_state,68794771422,1785816324999752833,41567768862687,68794771422,0
/sensing/lidar/top/pointcloud_raw_ex,68794771422,1785816325006800076,41567775910313,68794771422,509752
/localization/pose_estimator/pose_with_covariance,68794771422,1785816325011498480,41567780608865,68794771422,0
/localization/kinematic_state,68844771422,1785816325049201890,41567818311993,68844771422,0
/sensing/lidar/top/pointcloud_raw_ex,68844771422,1785816325055806103,41567824916162,68844771422,516056
/localization/pose_estimator/pose_with_covariance,68844771422,1785816325062106178,41567831216151,68844771422,0
/localization/kinematic_state,68894771423,1785816325100816112,41567869925921,68894771423,0
/sensing/lidar/top/pointcloud_raw_ex,68894771423,1785816325105391332,41567874501300,68894771423,508984
/localization/pose_estimator/pose_with_covariance,68894771423,1785816325110691978,41567879802091,68894771423,0
/localization/kinematic_state,68944771424,1785816325149556792,41567918666776,68944771424,0
/sensing/lidar/top/pointcloud_raw_ex,68944771424,1785816325155753703,41567924863939,68944771424,514264
/localization/pose_estimator/pose_with_covariance,68944771424,1785816325161441915,41567930551966,68944771424,0
/localization/kinematic_state,68994771425,1785816325200725191,41567969835174,68994771425,0
/sensing/lidar/top/pointcloud_raw_ex,68994771425,1785816325206765665,41567975875875,68994771425,513304
/localization/pose_estimator/pose_with_covariance,68994771425,1785816325211347868,41567980457871,68994771425,0
/localization/kinematic_state,69044771425,1785816325249562758,41568018672689,69044771425,0
/sensing/lidar/top/pointcloud_raw_ex,69044771425,1785816325256844709,41568025955152,69044771425,521176
/localization/pose_estimator/pose_with_covariance,69044771425,1785816325261411055,41568030521310,69044771425,0
/localization/kinematic_state,69094771426,1785816325300936458,41568070046197,69094771426,0
/sensing/lidar/top/pointcloud_raw_ex,69094771426,1785816325308258424,41568077368535,69094771426,509848
/localization/pose_estimator/pose_with_covariance,69094771426,1785816325313334565,41568082444625,69094771426,0
/localization/kinematic_state,69144771427,1785816325349702710,41568118812855,69144771427,0
/sensing/lidar/top/pointcloud_raw_ex,69144771427,1785816325355615600,41568124725588,69144771427,514328
/localization/pose_estimator/pose_with_covariance,69144771427,1785816325362350288,41568131460493,69144771427,0
/localization/kinematic_state,69194771428,1785816325399393269,41568168503275,69194771428,0
/sensing/lidar/top/pointcloud_raw_ex,69194771428,1785816325407813922,41568176923908,69194771428,517528
/localization/pose_estimator/pose_with_covariance,69194771428,1785816325412728585,41568181838426,69194771428,0
/localization/kinematic_state,69244771428,1785816325450309671,41568219419618,69244771428,0
/sensing/lidar/top/pointcloud_raw_ex,69244771428,1785816325457063984,41568226174057,69244771428,512728
/localization/pose_estimator/pose_with_covariance,69244771428,1785816325462432777,41568231542827,69244771428,0
/localization/kinematic_state,69294771429,1785816325500397767,41568269507633,69294771429,0
/sensing/lidar/top/pointcloud_raw_ex,69294771429,1785816325508008004,41568277118161,69294771429,511672
/localization/pose_estimator/pose_with_covariance,69294771429,1785816325513002116,41568282112107,69294771429,0
/localization/kinematic_state,69344771430,1785816325550227434,41568319337567,69344771430,0
/sensing/lidar/top/pointcloud_raw_ex,69344771430,1785816325556162426,41568325272430,69344771430,511832
/localization/pose_estimator/pose_with_covariance,69344771430,1785816325561154089,41568330264045,69344771430,0
/localization/kinematic_state,69394771431,1785816325600582716,41568369692822,69394771431,0
/sensing/lidar/top/pointcloud_raw_ex,69394771431,1785816325606424309,41568375534526,69394771431,509912
/localization/pose_estimator/pose_with_covariance,69394771431,1785816325611627172,41568380737295,69394771431,0
/localization/kinematic_state,69444771431,1785816325651071989,41568420181758,69444771431,0
/sensing/lidar/top/pointcloud_raw_ex,69444771431,1785816325659293383,41568428403352,69444771431,513176
/localization/pose_estimator/pose_with_covariance,69444771431,1785816325664108198,41568433218124,69444771431,0
/localization/kinematic_state,69494771432,1785816325701285989,41568470395903,69494771432,0
/sensing/lidar/top/pointcloud_raw_ex,69494771432,1785816325708064565,41568477174811,69494771432,508056
/localization/pose_estimator/pose_with_covariance,69494771432,1785816325712408625,41568481518838,69494771432,0
/localization/kinematic_state,69544771433,1785816325752945660,41568522055578,69544771433,0
/sensing/lidar/top/pointcloud_raw_ex,69544771433,1785816325756140760,41568525250593,69544771433,517368
/localization/pose_estimator/pose_with_covariance,69544771433,1785816325761717395,41568530827452,69544771433,0
/localization/kinematic_state,69594771434,1785816325801609890,41568570719636,69594771434,0
/sensing/lidar/top/pointcloud_raw_ex,69594771434,1785816325807219821,41568576330178,69594771434,514680
/localization/pose_estimator/pose_with_covariance,69594771434,1785816325811878143,41568580988183,69594771434,0
/localization/kinematic_state,69644771434,1785816325851071172,41568620181224,69644771434,0
/sensing/lidar/top/pointcloud_raw_ex,69644771434,1785816325857599928,41568626710026,69644771434,520792
/localization/pose_estimator/pose_with_covariance,69644771434,1785816325862425933,41568631535994,69644771434,0
/localization/kinematic_state,69694771435,1785816325903436463,41568672546584,69694771435,0
/sensing/lidar/top/pointcloud_raw_ex,69694771435,1785816325908391598,41568677501556,69694771435,508952
/localization/pose_estimator/pose_with_covariance,69694771435,1785816325912936268,41568682046377,69694771435,0
/localization/kinematic_state,69744771436,1785816325951428764,41568720538737,69744771436,0
/sensing/lidar/top/pointcloud_raw_ex,69744771436,1785816325958124860,41568727234602,69744771436,518200
/localization/pose_estimator/pose_with_covariance,69744771436,1785816325963369181,41568732479139,69744771436,0
/localization/kinematic_state,69794771437,1785816326002340834,41568771450930,69794771437,0
/sensing/lidar/top/pointcloud_raw_ex,69794771437,1785816326009279113,41568778388940,69794771437,502360
/localization/pose_estimator/pose_with_covariance,69794771437,1785816326014097422,41568783207166,69794771437,0
/localization/kinematic_state,69844771437,1785816326052994592,41568822104571,69844771437,0
/sensing/lidar/top/pointcloud_raw_ex,69844771437,1785816326057734087,41568826844088,69844771437,518872
/localization/pose_estimator/pose_with_covariance,69844771437,1785816326063387903,41568832497928,69844771437,0
/localization/kinematic_state,69894771438,1785816326101950664,41568871060606,69894771438,0
/sensing/lidar/top/pointcloud_raw_ex,69894771438,1785816326107460041,41568876570154,69894771438,511576
/localization/pose_estimator/pose_with_covariance,69894771438,1785816326113217423,41568882327548,69894771438,0
/localization/kinematic_state,69944771439,1785816326154698957,41568923808931,69944771439,0
/sensing/lidar/top/pointcloud_raw_ex,69944771439,1785816326157628247,41568926738045,69944771439,509464
/localization/pose_estimator/pose_with_covariance,69944771439,1785816326164256512,41568933366689,69944771439,0
/localization/kinematic_state,69994771440,1785816326202536256,41568971646087,69994771440,0
/sensing/lidar/top/pointcloud_raw_ex,69994771440,1785816326208590561,41568977700348,69994771440,509112
/localization/pose_estimator/pose_with_covariance,69994771440,1785816326213582429,41568982692266,69994771440,0
/localization/kinematic_state,70044771440,1785816326251659992,41569020769709,70044771440,0
/sensing/lidar/top/pointcloud_raw_ex,70044771440,1785816326257051788,41569026161688,70044771440,522296
/localization/pose_estimator/pose_with_covariance,70044771440,1785816326262682522,41569031792587,70044771440,0
/localization/kinematic_state,70094771441,1785816326301937061,41569071046933,70094771441,0
/sensing/lidar/top/pointcloud_raw_ex,70094771441,1785816326307754429,41569076864906,70094771441,509784
/localization/pose_estimator/pose_with_covariance,70094771441,1785816326312827010,41569081937138,70094771441,0
/localization/kinematic_state,70144771442,1785816326351876365,41569120986530,70144771442,0
/sensing/lidar/top/pointcloud_raw_ex,70144771442,1785816326357411716,41569126521916,70144771442,518136
/localization/pose_estimator/pose_with_covariance,70144771442,1785816326362887114,41569131997670,70144771442,0
/localization/kinematic_state,70194771443,1785816326402259727,41569171369759,70194771443,0
/sensing/lidar/top/pointcloud_raw_ex,70194771443,1785816326410230241,41569179340584,70194771443,508184
/localization/pose_estimator/pose_with_covariance,70194771443,1785816326414862905,41569183972848,70194771443,0
/localization/kinematic_state,70244771443,1785816326452814558,41569221924559,70244771443,0
/sensing/lidar/top/pointcloud_raw_ex,70244771443,1785816326459148933,41569228259168,70244771443,515160
/localization/pose_estimator/pose_with_covariance,70244771443,1785816326465251552,41569234361642,70244771443,0
/localization/kinematic_state,70294771444,1785816326501829999,41569270939996,70294771444,0
/sensing/lidar/top/pointcloud_raw_ex,70294771444,1785816326508632223,41569277742450,70294771444,507352
/localization/pose_estimator/pose_with_covariance,70294771444,1785816326514352933,41569283463114,70294771444,0
/localization/kinematic_state,70344771445,1785816326551799076,41569320909142,70344771445,0
/sensing/lidar/top/pointcloud_raw_ex,70344771445,1785816326557526805,41569326637060,70344771445,517016
/localization/pose_estimator/pose_with_covariance,70344771445,1785816326564051282,41569333161448,70344771445,0
/localization/kinematic_state,70394771446,1785816326601997484,41569371107293,70394771446,0
/sensing/lidar/top/pointcloud_raw_ex,70394771446,1785816326608483033,41569377593385,70394771446,511416
/localization/pose_estimator/pose_with_covariance,70394771446,1785816326612700586,41569381810609,70394771446,0
/localization/kinematic_state,70444771446,1785816326652038526,41569421148463,70444771446,0
/sensing/lidar/top/pointcloud_raw_ex,70444771446,1785816326658190958,41569427301154,70444771446,513144
/localization/pose_estimator/pose_with_covariance,70444771446,1785816326662487618,41569431597777,70444771446,0
/localization/kinematic_state,70494771447,1785816326702359946,41569471469923,70494771447,0
/sensing/lidar/top/pointcloud_raw_ex,70494771447,1785816326708512784,41569477622880,70494771447,511192
/localization/pose_estimator/pose_with_covariance,70494771447,1785816326713546840,41569482657066,70494771447,0
/localization/kinematic_state,70544771448,1785816326752526655,41569521636786,70544771448,0
/sensing/lidar/top/pointcloud_raw_ex,70544771448,1785816326759913051,41569529023091,70544771448,513208
/localization/pose_estimator/pose_with_covariance,70544771448,1785816326764369332,41569533479258,70544771448,0
/localization/kinematic_state,70594771449,1785816326802418808,41569571529059,70594771449,0
/sensing/lidar/top/pointcloud_raw_ex,70594771449,1785816326807975452,41569577085553,70594771449,510776
/localization/pose_estimator/pose_with_covariance,70594771449,1785816326812214641,41569581324639,70594771449,0
/localization/kinematic_state,70644771449,1785816326852415433,41569621525178,70644771449,0
/sensing/lidar/top/pointcloud_raw_ex,70644771449,1785816326859442636,41569628552871,70644771449,520696
/localization/pose_estimator/pose_with_covariance,70644771449,1785816326863635303,41569632745191,70644771449,0
/localization/kinematic_state,70694771450,1785816326902887809,41569671997780,70694771450,0
/sensing/lidar/top/pointcloud_raw_ex,70694771450,1785816326912513625,41569681623721,70694771450,512216
/localization/pose_estimator/pose_with_covariance,70694771450,1785816326917602079,41569686712041,70694771450,0
/localization/kinematic_state,70744771451,1785816326953618496,41569722728343,70744771451,0
/sensing/lidar/top/pointcloud_raw_ex,70744771451,1785816326958610413,41569727720625,70744771451,517272
/localization/pose_estimator/pose_with_covariance,70744771451,1785816326964313192,41569733423313,70744771451,0
/localization/kinematic_state,70794771452,1785816327003502049,41569772612226,70794771452,0
/sensing/lidar/top/pointcloud_raw_ex,70794771452,1785816327009712495,41569778822363,70794771452,513656
/localization/pose_estimator/pose_with_covariance,70794771452,1785816327014452537,41569783562385,70794771452,0
/localization/kinematic_state,70844771452,1785816327052919041,41569822028915,70844771452,0
/sensing/lidar/top/pointcloud_raw_ex,70844771452,1785816327060236631,41569829346628,70844771452,515672
/localization/pose_estimator/pose_with_covariance,70844771452,1785816327066338909,41569835448822,70844771452,0
/localization/kinematic_state,70894771453,1785816327103380914,41569872490993,70894771453,0
/sensing/lidar/top/pointcloud_raw_ex,70894771453,1785816327109210408,41569878320521,70894771453,506392
/localization/pose_estimator/pose_with_covariance,70894771453,1785816327114927772,41569884037895,70894771453,0
/localization/kinematic_state,70944771454,1785816327154223990,41569923333888,70944771454,0
/sensing/lidar/top/pointcloud_raw_ex,70944771454,1785816327160096218,41569929206073,70944771454,514456
/localization/pose_estimator/pose_with_covariance,70944771454,1785816327166706400,41569935816575,70944771454,0
/localization/kinematic_state,70994771454,1785816327203641718,41569972751632,70994771454,0
/sensing/lidar/top/pointcloud_raw_ex,70994771454,1785816327211503751,41569980614122,70994771454,507352
/localization/pose_estimator/pose_with_covariance,70994771454,1785816327215727830,41569984837814,70994771454,0
/localization/kinematic_state,71044771455,1785816327254145100,41570023255213,71044771455,0
/sensing/lidar/top/pointcloud_raw_ex,71044771455,1785816327259145704,41570028255647,71044771455,513656
/localization/pose_estimator/pose_with_covariance,71044771455,1785816327265312154,41570034422418,71044771455,0
/localization/kinematic_state,71094771456,1785816327303490772,41570072600750,71094771456,0
/sensing/lidar/top/pointcloud_raw_ex,71094771456,1785816327311284058,41570080394268,71094771456,507512
/localization/pose_estimator/pose_with_covariance,71094771456,1785816327318377218,41570087487652,71094771456,0
/localization/kinematic_state,71144771457,1785816327353769322,41570122879359,71144771457,0
/sensing/lidar/top/pointcloud_raw_ex,71144771457,1785816327360828450,41570129938712,71144771457,517976
/localization/pose_estimator/pose_with_covariance,71144771457,1785816327365464363,41570134574299,71144771457,0
/localization/kinematic_state,71194771457,1785816327403627061,41570172736908,71194771457,0
/sensing/lidar/top/pointcloud_raw_ex,71194771457,1785816327412201039,41570181311236,71194771457,514456
/localization/pose_estimator/pose_with_covariance,71194771457,1785816327416500505,41570185610354,71194771457,0
/localization/kinematic_state,71244771458,1785816327453591313,41570222701274,71244771458,0
/sensing/lidar/top/pointcloud_raw_ex,71244771458,1785816327459883796,41570228993794,71244771458,514296
/localization/pose_estimator/pose_with_covariance,71244771458,1785816327466945872,41570236055649,71244771458,0
/localization/kinematic_state,71294771459,1785816327503950398,41570273060100,71294771459,0
/sensing/lidar/top/pointcloud_raw_ex,71294771459,1785816327510457190,41570279567457,71294771459,503608
/localization/pose_estimator/pose_with_covariance,71294771459,1785816327516349139,41570285459433,71294771459,0
/localization/kinematic_state,71344771460,1785816327554527707,41570323637697,71344771460,0
/sensing/lidar/top/pointcloud_raw_ex,71344771460,1785816327560047734,41570329158092,71344771460,514808
/localization/pose_estimator/pose_with_covariance,71344771460,1785816327565128306,41570334238251,71344771460,0
/localization/kinematic_state,71394771460,1785816327606006678,41570375116723,71394771460,0
/sensing/lidar/top/pointcloud_raw_ex,71394771460,1785816327610817542,41570379927585,71394771460,507192
/localization/pose_estimator/pose_with_covariance,71394771460,1785816327616478274,41570385588284,71394771460,0
/localization/kinematic_state,71444771461,1785816327654412781,41570423522959,71444771461,0
/sensing/lidar/top/pointcloud_raw_ex,71444771461,1785816327661360880,41570430471053,71444771461,517720
/localization/pose_estimator/pose_with_covariance,71444771461,1785816327667685630,41570436795744,71444771461,0
/localization/kinematic_state,71494771462,1785816327704809795,41570473919550,71494771462,0
/sensing/lidar/top/pointcloud_raw_ex,71494771462,1785816327710824647,41570479934714,71494771462,511320
/localization/pose_estimator/pose_with_covariance,71494771462,1785816327715490332,41570484600538,71494771462,0
/localization/kinematic_state,71544771463,1785816327755276184,41570524386333,71544771463,0
/sensing/lidar/top/pointcloud_raw_ex,71544771463,1785816327759806513,41570528916320,71544771463,516152
/localization/pose_estimator/pose_with_covariance,71544771463,1785816327767700567,41570536811001,71544771463,0
/localization/kinematic_state,71594771463,1785816327806100356,41570575210276,71594771463,0
/sensing/lidar/top/pointcloud_raw_ex,71594771463,1785816327811591043,41570580701476,71594771463,514936
/localization/pose_estimator/pose_with_covariance,71594771463,1785816327816224175,41570585334458,71594771463,0
/localization/kinematic_state,71644771464,1785816327855309203,41570624419207,71644771464,0
/sensing/lidar/top/pointcloud_raw_ex,71644771464,1785816327861223737,41570630333601,71644771464,517016
/localization/pose_estimator/pose_with_covariance,71644771464,1785816327868859954,41570637969965,71644771464,0
/localization/kinematic_state,71694771465,1785816327905055410,41570674165146,71694771465,0
/sensing/lidar/top/pointcloud_raw_ex,71694771465,1785816327911776648,41570680886789,71694771465,512664
/localization/pose_estimator/pose_with_covariance,71694771465,1785816327916048995,41570685159350,71694771465,0
/localization/kinematic_state,71744771466,1785816327956943315,41570726053133,71744771466,0
/sensing/lidar/top/pointcloud_raw_ex,71744771466,1785816327960807910,41570729917649,71744771466,516312
/localization/pose_estimator/pose_with_covariance,71744771466,1785816327967421093,41570736531118,71744771466,0
/localization/kinematic_state,71794771466,1785816328005394303,41570774504049,71794771466,0
/sensing/lidar/top/pointcloud_raw_ex,71794771466,1785816328011984188,41570781094374,71794771466,516248
/localization/pose_estimator/pose_with_covariance,71794771466,1785816328017465949,41570786576051,71794771466,0
/localization/kinematic_state,71844771467,1785816328055613995,41570824723961,71844771467,0
/sensing/lidar/top/pointcloud_raw_ex,71844771467,1785816328061587774,41570830697943,71844771467,510904
/localization/pose_estimator/pose_with_covariance,71844771467,1785816328066267747,41570835377708,71844771467,0
/localization/kinematic_state,71894771468,1785816328105219915,41570874329790,71894771468,0
/sensing/lidar/top/pointcloud_raw_ex,71894771468,1785816328111147809,41570880257716,71894771468,508504
/localization/pose_estimator/pose_with_covariance,71894771468,1785816328115952228,41570885062207,71894771468,0
/localization/kinematic_state,71944771469,1785816328156012871,41570925122979,71944771469,0
/sensing/lidar/top/pointcloud_raw_ex,71944771469,1785816328161483148,41570930593196,71944771469,513816
/localization/pose_estimator/pose_with_covariance,71944771469,1785816328167563546,41570936673784,71944771469,0
/localization/kinematic_state,71994771469,1785816328205897168,41570975006950,71994771469,0
/sensing/lidar/top/pointcloud_raw_ex,71994771469,1785816328213402646,41570982512739,71994771469,508152
/localization/pose_estimator/pose_with_covariance,71994771469,1785816328218367180,41570987477109,71994771469,0
/localization/kinematic_state,72044771470,1785816328255496985,41571024606903,72044771470,0
/sensing/lidar/top/pointcloud_raw_ex,72044771470,1785816328260881051,41571029991294,72044771470,513112
/localization/pose_estimator/pose_with_covariance,72044771470,1785816328265418950,41571034529066,72044771470,0
/localization/kinematic_state,72094771471,1785816328306120632,41571075230504,72094771471,0
/sensing/lidar/top/pointcloud_raw_ex,72094771471,1785816328314335811,41571083446301,72094771471,511704
/localization/pose_estimator/pose_with_covariance,72094771471,1785816328318571747,41571087681919,72094771471,0
/localization/kinematic_state,72144771472,1785816328356154119,41571125264046,72144771472,0
/sensing/lidar/top/pointcloud_raw_ex,72144771472,1785816328362060740,41571131170722,72144771472,511384
/localization/pose_estimator/pose_with_covariance,72144771472,1785816328366805687,41571135915673,72144771472,0
/localization/kinematic_state,72194771472,1785816328405882422,41571174992241,72194771472,0
/sensing/lidar/top/pointcloud_raw_ex,72194771472,1785816328414398916,41571183508876,72194771472,514680
/localization/pose_estimator/pose_with_covariance,72194771472,1785816328419275954,41571188386102,72194771472,0
/localization/kinematic_state,72244771473,1785816328455560803,41571224670696,72244771473,0
/sensing/lidar/top/pointcloud_raw_ex,72244771473,1785816328462296446,41571231406727,72244771473,516216
/localization/pose_estimator/pose_with_covariance,72244771473,1785816328467299832,41571236409882,72244771473,0
/localization/kinematic_state,72294771474,1785816328506076257,41571275186069,72294771474,0
/sensing/lidar/top/pointcloud_raw_ex,72294771474,1785816328513982681,41571283092717,72294771474,506616
/localization/pose_estimator/pose_with_covariance,72294771474,1785816328519337055,41571288447207,72294771474,0
/localization/kinematic_state,72344771475,1785816328555960257,41571325070289,72344771475,0
/sensing/lidar/top/pointcloud_raw_ex,72344771475,1785816328561772362,41571330882344,72344771475,518808
/localization/pose_estimator/pose_with_covariance,72344771475,1785816328567242155,41571336352253,72344771475,0
/localization/kinematic_state,72394771475,1785816328606262048,41571375371990,72394771475,0
/sensing/lidar/top/pointcloud_raw_ex,72394771475,1785816328612821111,41571381931029,72394771475,512056
/localization/pose_estimator/pose_with_covariance,72394771475,1785816328620425258,41571389535405,72394771475,0
/localization/kinematic_state,72444771476,1785816328656160685,41571425270669,72444771476,0
/sensing/lidar/top/pointcloud_raw_ex,72444771476,1785816328661996085,41571431106118,72444771476,512184
/localization/pose_estimator/pose_with_covariance,72444771476,1785816328668245158,41571437355543,72444771476,0
/localization/kinematic_state,72494771477,1785816328706679079,41571475789338,72494771477,0
/sensing/lidar/top/pointcloud_raw_ex,72494771477,1785816328714809935,41571483920117,72494771477,513176
/localization/pose_estimator/pose_with_covariance,72494771477,1785816328720669981,41571489780250,72494771477,0
/localization/kinematic_state,72544771478,1785816328757963336,41571527073416,72544771478,0
/sensing/lidar/top/pointcloud_raw_ex,72544771478,1785816328761993976,41571531104014,72544771478,515800
/localization/pose_estimator/pose_with_covariance,72544771478,1785816328767809201,41571536919482,72544771478,0
/localization/kinematic_state,72594771478,1785816328806536826,41571575646738,72594771478,0
/sensing/lidar/top/pointcloud_raw_ex,72594771478,1785816328813606414,41571582716516,72594771478,509304
/localization/pose_estimator/pose_with_covariance,72594771478,1785816328818434030,41571587544048,72594771478,0
/localization/kinematic_state,72644771479,1785816328856407705,41571625517595,72644771479,0
/sensing/lidar/top/pointcloud_raw_ex,72644771479,1785816328863581314,41571632691334,72644771479,521560
/localization/pose_estimator/pose_with_covariance,72644771479,1785816328870582855,41571639692813,72644771479,0
/localization/kinematic_state,72694771480,1785816328907023979,41571676133822,72694771480,0
/sensing/lidar/top/pointcloud_raw_ex,72694771480,1785816328914795080,41571683905120,72694771480,510584
/localization/pose_estimator/pose_with_covariance,72694771480,1785816328919873382,41571688983720,72694771480,0
/localization/kinematic_state,72744771481,1785816328957028485,41571726138417,72744771481,0
/sensing/lidar/top/pointcloud_raw_ex,72744771481,1785816328964877120,41571733987449,72744771481,514136
/localization/pose_estimator/pose_with_covariance,72744771481,1785816328969928906,41571739038711,72744771481,0
/localization/kinematic_state,72794771481,1785816329007314716,41571776424718,72794771481,0
/sensing/lidar/top/pointcloud_raw_ex,72794771481,1785816329013044156,41571782154319,72794771481,512824
/localization/pose_estimator/pose_with_covariance,72794771481,1785816329017901899,41571787011866,72794771481,0
/localization/kinematic_state,72844771482,1785816329057795038,41571826905031,72844771482,0
/sensing/lidar/top/pointcloud_raw_ex,72844771482,1785816329063309756,41571832419853,72844771482,511064
/localization/pose_estimator/pose_with_covariance,72844771482,1785816329067488035,41571836598098,72844771482,0
/localization/kinematic_state,72894771483,1785816329106820904,41571875930908,72894771483,0
/sensing/lidar/top/pointcloud_raw_ex,72894771483,1785816329112794549,41571881904669,72894771483,515224
/localization/pose_estimator/pose_with_covariance,72894771483,1785816329117246814,41571886356823,72894771483,0
/localization/kinematic_state,72944771484,1785816329158243214,41571927353240,72944771484,0
/sensing/lidar/top/pointcloud_raw_ex,72944771484,1785816329162657288,41571931767273,72944771484,519960
/localization/pose_estimator/pose_with_covariance,72944771484,1785816329168800905,41571937910836,72944771484,0
/localization/kinematic_state,72994771484,1785816329206956899,41571976067049,72994771484,0
/sensing/lidar/top/pointcloud_raw_ex,72994771484,1785816329214819600,41571983929578,72994771484,505656
/localization/pose_estimator/pose_with_covariance,72994771484,1785816329219571695,41571988681524,72994771484,0
/localization/kinematic_state,73044771485,1785816329257373482,41572026483446,73044771485,0
/sensing/lidar/top/pointcloud_raw_ex,73044771485,1785816329263907551,41572033017879,73044771485,517272
/localization/pose_estimator/pose_with_covariance,73044771485,1785816329269485771,41572038595796,73044771485,0
/localization/kinematic_state,73094771486,1785816329308868870,41572077978718,73094771486,0
/sensing/lidar/top/pointcloud_raw_ex,73094771486,1785816329313810161,41572082920090,73094771486,511032
/localization/pose_estimator/pose_with_covariance,73094771486,1785816329318237525,41572087347607,73094771486,0
/localization/kinematic_state,73144771487,1785816329359964111,41572129074320,73144771487,0
/sensing/lidar/top/pointcloud_raw_ex,73144771487,1785816329363861305,41572132971274,73144771487,516440
/localization/pose_estimator/pose_with_covariance,73144771487,1785816329368808071,41572137918258,73144771487,0
/localization/kinematic_state,73194771487,1785816329408777656,41572177887588,73194771487,0
/sensing/lidar/top/pointcloud_raw_ex,73194771487,1785816329415675207,41572184785228,73194771487,511512
/localization/pose_estimator/pose_with_covariance,73194771487,1785816329420493096,41572189603087,73194771487,0
/localization/kinematic_state,73244771488,1785816329458145320,41572227255244,73244771488,0
/sensing/lidar/top/pointcloud_raw_ex,73244771488,1785816329464042055,41572233151812,73244771488,521304
/localization/pose_estimator/pose_with_covariance,73244771488,1785816329469858871,41572238968823,73244771488,0
/localization/kinematic_state,73294771489,1785816329508064668,41572277174418,73294771489,0
/sensing/lidar/top/pointcloud_raw_ex,73294771489,1785816329514241381,41572283351803,73294771489,507800
/localization/pose_estimator/pose_with_covariance,73294771489,1785816329519235786,41572288346180,73294771489,0
/localization/kinematic_state,73344771490,1785816329559084740,41572328194664,73344771490,0
/sensing/lidar/top/pointcloud_raw_ex,73344771490,1785816329563864929,41572332975154,73344771490,517336
/localization/pose_estimator/pose_with_covariance,73344771490,1785816329568947073,41572338057335,73344771490,0
/localization/kinematic_state,73394771490,1785816329608494680,41572377604512,73394771490,0
/sensing/lidar/top/pointcloud_raw_ex,73394771490,1785816329615886453,41572384996614,73394771490,512856
/localization/pose_estimator/pose_with_covariance,73394771490,1785816329620802793,41572389912669,73394771490,0
/localization/kinematic_state,73444771491,1785816329658278236,41572427388272,73444771491,0
/sensing/lidar/top/pointcloud_raw_ex,73444771491,1785816329664646778,41572433756659,73444771491,512472
/localization/pose_estimator/pose_with_covariance,73444771491,1785816329669580013,41572438690095,73444771491,0
/localization/kinematic_state,73494771492,1785816329710131852,41572479241965,73494771492,0
/sensing/lidar/top/pointcloud_raw_ex,73494771492,1785816329715030454,41572484140452,73494771492,511096
/localization/pose_estimator/pose_with_covariance,73494771492,1785816329720487166,41572489596914,73494771492,0
/localization/kinematic_state,73544771492,1785816329759382662,41572528492635,73544771492,0
/sensing/lidar/top/pointcloud_raw_ex,73544771492,1785816329765369001,41572534479380,73544771492,519000
/localization/pose_estimator/pose_with_covariance,73544771492,1785816329770026657,41572539136474,73544771492,0
/localization/kinematic_state,73594771493,1785816329809464985,41572578575356,73594771493,0
/sensing/lidar/top/pointcloud_raw_ex,73594771493,1785816329816243448,41572585353823,73594771493,511704
/localization/pose_estimator/pose_with_covariance,73594771493,1785816329823632832,41572592742820,73594771493,0
/localization/kinematic_state,73644771494,1785816329858745527,41572627855366,73644771494,0
/sensing/lidar/top/pointcloud_raw_ex,73644771494,1785816329865329895,41572634439966,73644771494,516856
/localization/pose_estimator/pose_with_covariance,73644771494,1785816329870784757,41572639894611,73644771494,0
/localization/kinematic_state,73694771495,1785816329909248998,41572678358742,73694771495,0
/sensing/lidar/top/pointcloud_raw_ex,73694771495,1785816329914778317,41572683888610,73694771495,508888
/localization/pose_estimator/pose_with_covariance,73694771495,1785816329919787863,41572688897906,73694771495,0
/localization/kinematic_state,73744771495,1785816329960153607,41572729263727,73744771495,0
/sensing/lidar/top/pointcloud_raw_ex,73744771495,1785816329965367763,41572734477888,73744771495,517720
/localization/pose_estimator/pose_with_covariance,73744771495,1785816329972378985,41572741489062,73744771495,0
/localization/kinematic_state,73794771496,1785816330009909466,41572779019215,73794771496,0
/sensing/lidar/top/pointcloud_raw_ex,73794771496,1785816330017328632,41572786438821,73794771496,510296
/localization/pose_estimator/pose_with_covariance,73794771496,1785816330022145026,41572791255226,73794771496,0
/localization/kinematic_state,73844771497,1785816330060457131,41572829567441,73844771497,0
/sensing/lidar/top/pointcloud_raw_ex,73844771497,1785816330065222516,41572834332462,73844771497,518200
/localization/pose_estimator/pose_with_covariance,73844771497,1785816330070311331,41572839421244,73844771497,0
/localization/kinematic_state,73894771498,1785816330110271174,41572879381229,73894771498,0
/sensing/lidar/top/pointcloud_raw_ex,73894771498,1785816330116176462,41572885286473,73894771498,510552
/localization/pose_estimator/pose_with_covariance,73894771498,1785816330120512816,41572889622750,73894771498,0
/localization/kinematic_state,73944771498,1785816330160976009,41572930086257,73944771498,0
/sensing/lidar/top/pointcloud_raw_ex,73944771498,1785816330166029738,41572935139928,73944771498,519960
/localization/pose_estimator/pose_with_covariance,73944771498,1785816330170874501,41572939984558,73944771498,0
/localization/kinematic_state,73994771499,1785816330210274884,41572979384613,73994771499,0
/sensing/lidar/top/pointcloud_raw_ex,73994771499,1785816330218054543,41572987164525,73994771499,508600
/localization/pose_estimator/pose_with_covariance,73994771499,1785816330223136313,41572992246365,73994771499,0
/localization/kinematic_state,74044771500,1785816330260346099,41573029456200,74044771500,0
/sensing/lidar/top/pointcloud_raw_ex,74044771500,1785816330268130640,41573037240751,74044771500,520632
/localization/pose_estimator/pose_with_covariance,74044771500,1785816330274744422,41573043854456,74044771500,0
/localization/kinematic_state,74094771501,1785816330310368020,41573079477774,74094771501,0
/sensing/lidar/top/pointcloud_raw_ex,74094771501,1785816330317816029,41573086926202,74094771501,508696
/localization/pose_estimator/pose_with_covariance,74094771501,1785816330321828970,41573090938896,74094771501,0
/localization/kinematic_state,74144771501,1785816330359818675,41573128928438,74144771501,0
/sensing/lidar/top/pointcloud_raw_ex,74144771501,1785816330367654805,41573136765138,74144771501,514008
/localization/pose_estimator/pose_with_covariance,74144771501,1785816330374821819,41573143932242,74144771501,0
/localization/kinematic_state,74194771502,1785816330410583753,41573179693487,74194771502,0
/sensing/lidar/top/pointcloud_raw_ex,74194771502,1785816330417999120,41573187109336,74194771502,511128
/localization/pose_estimator/pose_with_covariance,74194771502,1785816330423333261,41573192443416,74194771502,0
/localization/kinematic_state,74244771503,1785816330460651228,41573229761191,74244771503,0
/sensing/lidar/top/pointcloud_raw_ex,74244771503,1785816330466252758,41573235362539,74244771503,517784
/localization/pose_estimator/pose_with_covariance,74244771503,1785816330472782820,41573241892651,74244771503,0
/localization/kinematic_state,74294771504,1785816330510881750,41573279991561,74294771504,0
/sensing/lidar/top/pointcloud_raw_ex,74294771504,1785816330518020728,41573287130936,74294771504,510328
/localization/pose_estimator/pose_with_covariance,74294771504,1785816330523166591,41573292276635,74294771504,0
/localization/kinematic_state,74344771504,1785816330561234789,41573330344972,74344771504,0
/sensing/lidar/top/pointcloud_raw_ex,74344771504,1785816330567148290,41573336258394,74344771504,515448
/localization/pose_estimator/pose_with_covariance,74344771504,1785816330573465412,41573342575636,74344771504,0
/localization/kinematic_state,74394771505,1785816330612360393,41573381470585,74394771505,0
/sensing/lidar/top/pointcloud_raw_ex,74394771505,1785816330617210347,41573386320297,74394771505,509304
/localization/pose_estimator/pose_with_covariance,74394771505,1785816330622297793,41573391407676,74394771505,0
/localization/kinematic_state,74444771506,1785816330661092703,41573430202652,74444771506,0
/sensing/lidar/top/pointcloud_raw_ex,74444771506,1785816330666251693,41573435361841,74444771506,513432
/localization/pose_estimator/pose_with_covariance,74444771506,1785816330671601764,41573440711700,74444771506,0
/localization/kinematic_state,74494771507,1785816330711252524,41573480362404,74494771507,0
/sensing/lidar/top/pointcloud_raw_ex,74494771507,1785816330718371661,41573487482035,74494771507,511640
/localization/pose_estimator/pose_with_covariance,74494771507,1785816330723596570,41573492706554,74494771507,0
/localization/kinematic_state,74544771507,1785816330761433486,41573530543609,74544771507,0
/sensing/lidar/top/pointcloud_raw_ex,74544771507,1785816330767667518,41573536777665,74544771507,515864
/localization/pose_estimator/pose_with_covariance,74544771507,1785816330773764261,41573542874124,74544771507,0
/localization/kinematic_state,74594771508,1785816330811475402,41573580585229,74594771508,0
/sensing/lidar/top/pointcloud_raw_ex,74594771508,1785816330819565343,41573588675276,74594771508,510328
/localization/pose_estimator/pose_with_covariance,74594771508,1785816330826190739,41573595300750,74594771508,0
/localization/kinematic_state,74644771509,1785816330861222804,41573630332688,74644771509,0
/sensing/lidar/top/pointcloud_raw_ex,74644771509,1785816330867372272,41573636482297,74644771509,517272
/localization/pose_estimator/pose_with_covariance,74644771509,1785816330872803065,41573641912904,74644771509,0
/localization/kinematic_state,74694771510,1785816330911435703,41573680545483,74694771510,0
/sensing/lidar/top/pointcloud_raw_ex,74694771510,1785816330917707060,41573686817227,74694771510,513272
/localization/pose_estimator/pose_with_covariance,74694771510,1785816330921946359,41573691056449,74694771510,0
/localization/kinematic_state,74744771510,1785816330961780662,41573730890941,74744771510,0
/sensing/lidar/top/pointcloud_raw_ex,74744771510,1785816330970516590,41573739626618,74744771510,516664
/localization/pose_estimator/pose_with_covariance,74744771510,1785816330975382264,41573744492285,74744771510,0
/localization/kinematic_state,74794771511,1785816331011414200,41573780524058,74794771511,0
/sensing/lidar/top/pointcloud_raw_ex,74794771511,1785816331017989368,41573787099340,74794771511,512248
/localization/pose_estimator/pose_with_covariance,74794771511,1785816331022644774,41573791754781,74794771511,0
/localization/kinematic_state,74844771512,1785816331061798102,41573830907865,74844771512,0
/sensing/lidar/top/pointcloud_raw_ex,74844771512,1785816331068360954,41573837471168,74844771512,516728
/localization/pose_estimator/pose_with_covariance,74844771512,1785816331074799206,41573843909652,74844771512,0
/localization/kinematic_state,74894771513,1785816331111729776,41573880839477,74894771513,0
/sensing/lidar/top/pointcloud_raw_ex,74894771513,1785816331117692169,41573886802004,74894771513,510840
/localization/pose_estimator/pose_with_covariance,74894771513,1785816331122268734,41573891378647,74894771513,0
/localization/kinematic_state,74944771513,1785816331162005898,41573931115754,74944771513,0
/sensing/lidar/top/pointcloud_raw_ex,74944771513,1785816331167773634,41573936883355,74944771513,515960
/localization/pose_estimator/pose_with_covariance,74944771513,1785816331173553228,41573942663203,74944771513,0
/localization/kinematic_state,74994771514,1785816331212960389,41573982070324,74994771514,0
/sensing/lidar/top/pointcloud_raw_ex,74994771514,1785816331219301661,41573988411716,74994771514,510616
/localization/pose_estimator/pose_with_covariance,74994771514,1785816331225584260,41573994694119,74994771514,0
/localization/kinematic_state,75044771515,1785816331262046154,41574031156056,75044771515,0
/sensing/lidar/top/pointcloud_raw_ex,75044771515,1785816331268397740,41574037507873,75044771515,522744
/localization/pose_estimator/pose_with_covariance,75044771515,1785816331273027663,41574042137591,75044771515,0
/localization/kinematic_state,75094771516,1785816331311932192,41574081041936,75094771516,0
/sensing/lidar/top/pointcloud_raw_ex,75094771516,1785816331319760607,41574088870695,75094771516,511544
/localization/pose_estimator/pose_with_covariance,75094771516,1785816331324935090,41574094045036,75094771516,0
/localization/kinematic_state,75144771516,1785816331361988445,41574131098359,75144771516,0
/sensing/lidar/top/pointcloud_raw_ex,75144771516,1785816331369094984,41574138204912,75144771516,517976
/localization/pose_estimator/pose_with_covariance,75144771516,1785816331375279384,41574144389612,75144771516,0
/localization/kinematic_state,75194771517,1785816331412264223,41574181374068,75194771517,0
/sensing/lidar/top/pointcloud_raw_ex,75194771517,1785816331420070082,41574189180168,75194771517,504728
/localization/pose_estimator/pose_with_covariance,75194771517,1785816331425824953,41574194935014,75194771517,0
/localization/kinematic_state,75244771518,1785816331462660189,41574231770374,75244771518,0
/sensing/lidar/top/pointcloud_raw_ex,75244771518,1785816331468571480,41574237681474,75244771518,514552
/localization/pose_estimator/pose_with_covariance,75244771518,1785816331474319666,41574243430121,75244771518,0
/localization/kinematic_state,75294771519,1785816331514000390,41574283110347,75294771519,0
/sensing/lidar/top/pointcloud_raw_ex,75294771519,1785816331520362880,41574289472855,75294771519,509688
/localization/pose_estimator/pose_with_covariance,75294771519,1785816331524737243,41574293847235,75294771519,0
/localization/kinematic_state,75344771519,1785816331561840404,41574330950591,75344771519,0
/sensing/lidar/top/pointcloud_raw_ex,75344771519,1785816331569765232,41574338875651,75344771519,518136
/localization/pose_estimator/pose_with_covariance,75344771519,1785816331575995308,41574345105542,75344771519,0
/localization/kinematic_state,75394771520,1785816331612649943,41574381759803,75394771520,0
/sensing/lidar/top/pointcloud_raw_ex,75394771520,1785816331619682661,41574388792741,75394771520,508440
/localization/pose_estimator/pose_with_covariance,75394771520,1785816331624910037,41574394020210,75394771520,0
/localization/kinematic_state,75444771521,1785816331662843333,41574431953306,75444771521,0
/sensing/lidar/top/pointcloud_raw_ex,75444771521,1785816331670079646,41574439189666,75444771521,511288
/localization/pose_estimator/pose_with_covariance,75444771521,1785816331676932351,41574446042460,75444771521,0
/localization/kinematic_state,75494771522,1785816331712599996,41574481709719,75494771522,0
/sensing/lidar/top/pointcloud_raw_ex,75494771522,1785816331719132934,41574488243186,75494771522,511032
/localization/pose_estimator/pose_with_covariance,75494771522,1785816331723247536,41574492357310,75494771522,0
/localization/kinematic_state,75544771522,1785816331763777234,41574532887266,75544771522,0
/sensing/lidar/top/pointcloud_raw_ex,75544771522,1785816331770208002,41574539317921,75544771522,519544
/localization/pose_estimator/pose_with_covariance,75544771522,1785816331775563482,41574544673394,75544771522,0
/localization/kinematic_state,75594771523,1785816331812967166,41574582076983,75594771523,0
/sensing/lidar/top/pointcloud_raw_ex,75594771523,1785816331820479103,41574589589277,75594771523,515992
/localization/pose_estimator/pose_with_covariance,75594771523,1785816331826195531,41574595305350,75594771523,0
/localization/kinematic_state,75644771524,1785816331862863305,41574631973296,75644771524,0
/sensing/lidar/top/pointcloud_raw_ex,75644771524,1785816331868228318,41574637338346,75644771524,518392
/localization/pose_estimator/pose_with_covariance,75644771524,1785816331873627881,41574642737972,75644771524,0
/localization/kinematic_state,75694771525,1785816331912987715,41574682097505,75694771525,0
/sensing/lidar/top/pointcloud_raw_ex,75694771525,1785816331919101316,41574688211501,75694771525,508760
/localization/pose_estimator/pose_with_covariance,75694771525,1785816331925404338,41574694514550,75694771525,0
/localization/kinematic_state,75744771525,1785816331963863631,41574732973561,75744771525,0
/sensing/lidar/top/pointcloud_raw_ex,75744771525,1785816331971713749,41574740824013,75744771525,519096
/localization/pose_estimator/pose_with_covariance,75744771525,1785816331978386268,41574747496621,75744771525,0
/localization/kinematic_state,75794771526,1785816332013986907,41574783096811,75794771526,0
/sensing/lidar/top/pointcloud_raw_ex,75794771526,1785816332019354636,41574788464646,75794771526,512856
/localization/pose_estimator/pose_with_covariance,75794771526,1785816332023531103,41574792640999,75794771526,0
/localization/kinematic_state,75844771527,1785816332064181420,41574833291470,75844771527,0
/sensing/lidar/top/pointcloud_raw_ex,75844771527,1785816332069501700,41574838611679,75844771527,515192
/localization/pose_estimator/pose_with_covariance,75844771527,1785816332074636448,41574843746278,75844771527,0
/localization/kinematic_state,75894771528,1785816332113958685,41574883068491,75894771528,0
/sensing/lidar/top/pointcloud_raw_ex,75894771528,1785816332122236071,41574891346628,75894771528,510872
/localization/pose_estimator/pose_with_covariance,75894771528,1785816332126931547,41574896041471,75894771528,0
/localization/kinematic_state,75944771528,1785816332163659252,41574932769223,75944771528,0
/sensing/lidar/top/pointcloud_raw_ex,75944771528,1785816332169096524,41574938206840,75944771528,516920
/localization/pose_estimator/pose_with_covariance,75944771528,1785816332175675803,41574944785859,75944771528,0
/localization/kinematic_state,75994771529,1785816332213883977,41574982993892,75994771529,0
/sensing/lidar/top/pointcloud_raw_ex,75994771529,1785816332219808988,41574988919702,75994771529,507864
/localization/pose_estimator/pose_with_covariance,75994771529,1785816332224695244,41574993805093,75994771529,0
/localization/kinematic_state,76044771530,1785816332264054809,41575033164769,76044771530,0
/sensing/lidar/top/pointcloud_raw_ex,76044771530,1785816332270655427,41575039765732,76044771530,521560
/localization/pose_estimator/pose_with_covariance,76044771530,1785816332277104466,41575046214893,76044771530,0
/localization/kinematic_state,76094771530,1785816332314126031,41575083235841,76094771530,0
/sensing/lidar/top/pointcloud_raw_ex,76094771530,1785816332322711919,41575091822347,76094771530,509848
/localization/pose_estimator/pose_with_covariance,76094771530,1785816332327826788,41575096936838,76094771530,0
/localization/kinematic_state,76144771531,1785816332364730697,41575133840773,76144771531,0
/sensing/lidar/top/pointcloud_raw_ex,76144771531,1785816332369723951,41575138833961,76144771531,514392
/localization/pose_estimator/pose_with_covariance,76144771531,1785816332374754906,41575143864628,76144771531,0
/localization/kinematic_state,76194771532,1785816332415391087,41575184501030,76194771532,0
/sensing/lidar/top/pointcloud_raw_ex,76194771532,1785816332421869001,41575190979230,76194771532,509624
/localization/pose_estimator/pose_with_covariance,76194771532,1785816332426220134,41575195329994,76194771532,0
/localization/kinematic_state,76244771533,1785816332464121563,41575233231619,76244771533,0
/sensing/lidar/top/pointcloud_raw_ex,76244771533,1785816332470416311,41575239526417,76244771533,516984
/localization/pose_estimator/pose_with_covariance,76244771533,1785816332474997949,41575244107883,76244771533,0
/localization/kinematic_state,76294771533,1785816332514485396,41575283595290,76294771533,0
/sensing/lidar/top/pointcloud_raw_ex,76294771533,1785816332520377684,41575289487945,76294771533,516312
/localization/pose_estimator/pose_with_covariance,76294771533,1785816332525104853,41575294214740,76294771533,0
/localization/kinematic_state,76344771534,1785816332565063881,41575334173905,76344771534,0
/sensing/lidar/top/pointcloud_raw_ex,76344771534,1785816332570638999,41575339749225,76344771534,518680
/localization/pose_estimator/pose_with_covariance,76344771534,1785816332575213614,41575344323632,76344771534,0
/localization/kinematic_state,76394771535,1785816332615758086,41575384867990,76394771535,0
/sensing/lidar/top/pointcloud_raw_ex,76394771535,1785816332621667781,41575390778152,76394771535,513400
/localization/pose_estimator/pose_with_covariance,76394771535,1785816332626400842,41575395510924,76394771535,0
/localization/kinematic_state,76444771536,1785816332664870662,41575433980565,76444771536,0
/sensing/lidar/top/pointcloud_raw_ex,76444771536,1785816332670421075,41575439531130,76444771536,511608
/localization/pose_estimator/pose_with_covariance,76444771536,1785816332676411701,41575445521886,76444771536,0
/localization/kinematic_state,76494771536,1785816332714827849,41575483937724,76494771536,0
/sensing/lidar/top/pointcloud_raw_ex,76494771536,1785816332723499488,41575492609674,76494771536,515352
/localization/pose_estimator/pose_with_covariance,76494771536,1785816332729081205,41575498191171,76494771536,0
/localization/kinematic_state,76544771537,1785816332764928393,41575534038221,76544771537,0
/sensing/lidar/top/pointcloud_raw_ex,76544771537,1785816332770508459,41575539618337,76544771537,514616
/localization/pose_estimator/pose_with_covariance,76544771537,1785816332775707112,41575544817267,76544771537,0
/localization/kinematic_state,76594771538,1785816332814915298,41575584025005,76594771538,0
/sensing/lidar/top/pointcloud_raw_ex,76594771538,1785816332821627812,41575590737813,76594771538,513336
/localization/pose_estimator/pose_with_covariance,76594771538,1785816332826823557,41575595933763,76594771538,0
/localization/kinematic_state,76644771539,1785816332865727334,41575634837384,76644771539,0
/sensing/lidar/top/pointcloud_raw_ex,76644771539,1785816332871514361,41575640624349,76644771539,512472
/localization/pose_estimator/pose_with_covariance,76644771539,1785816332876375021,41575645484848,76644771539,0
/localization/kinematic_state,76694771539,1785816332916027976,41575685137996,76694771539,0
/sensing/lidar/top/pointcloud_raw_ex,76694771539,1785816332922536551,41575691646414,76694771539,509688
/localization/pose_estimator/pose_with_covariance,76694771539,1785816332927418936,41575696529018,76694771539,0
/localization/kinematic_state,76744771540,1785816332965993699,41575735103671,76744771540,0
/sensing/lidar/top/pointcloud_raw_ex,76744771540,1785816332973018483,41575742128561,76744771540,513336
/localization/pose_estimator/pose_with_covariance,76744771540,1785816332978150098,41575747260071,76744771540,0
/localization/kinematic_state,76794771541,1785816333016208931,41575785318915,76794771541,0
/sensing/lidar/top/pointcloud_raw_ex,76794771541,1785816333022271573,41575791381714,76794771541,511448
/localization/pose_estimator/pose_with_covariance,76794771541,1785816333028565940,41575797676052,76794771541,0
/localization/kinematic_state,76844771542,1785816333065481418,41575834591637,76844771542,0
/sensing/lidar/top/pointcloud_raw_ex,76844771542,1785816333072395156,41575841505120,76844771542,514072
/localization/pose_estimator/pose_with_covariance,76844771542,1785816333079501783,41575848612171,76844771542,0
/localization/kinematic_state,76894771542,1785816333115765580,41575884875430,76894771542,0
/sensing/lidar/top/pointcloud_raw_ex,76894771542,1785816333121706915,41575890817122,76894771542,507480
/localization/pose_estimator/pose_with_covariance,76894771542,1785816333127579018,41575896688835,76894771542,0
/localization/kinematic_state,76944771543,1785816333166064057,41575935173833,76944771543,0
/sensing/lidar/top/pointcloud_raw_ex,76944771543,1785816333173086193,41575942196451,76944771543,519384
/localization/pose_estimator/pose_with_covariance,76944771543,1785816333177810997,41575946921039,76944771543,0
/localization/kinematic_state,76994771544,1785816333216191900,41575985301656,76994771544,0
/sensing/lidar/top/pointcloud_raw_ex,76994771544,1785816333222447774,41575991558061,76994771544,509656
/localization/pose_estimator/pose_with_covariance,76994771544,1785816333227587063,41575996697361,76994771544,0
/localization/kinematic_state,77044771545,1785816333266543665,41576035653535,77044771545,0
/sensing/lidar/top/pointcloud_raw_ex,77044771545,1785816333272962968,41576042073128,77044771545,521976
/localization/pose_estimator/pose_with_covariance,77044771545,1785816333280033847,41576049143996,77044771545,0
/localization/kinematic_state,77094771545,1785816333318937879,41576088047989,77094771545,0
/sensing/lidar/top/pointcloud_raw_ex,77094771545,1785816333322076138,41576091185929,77094771545,510360
/localization/pose_estimator/pose_with_covariance,77094771545,1785816333327302794,41576096412675,77094771545,0
/localization/kinematic_state,77144771546,1785816333366377189,41576135487207,77144771546,0
/sensing/lidar/top/pointcloud_raw_ex,77144771546,1785816333372356872,41576141466971,77144771546,520024
/localization/pose_estimator/pose_with_covariance,77144771546,1785816333378847269,41576147957543,77144771546,0
/localization/kinematic_state,77194771547,1785816333417578614,41576186688432,77194771547,0
/sensing/lidar/top/pointcloud_raw_ex,77194771547,1785816333421920395,41576191030338,77194771547,507416
/localization/pose_estimator/pose_with_covariance,77194771547,1785816333426447210,41576195557043,77194771547,0
/localization/kinematic_state,77244771548,1785816333466338799,41576235448774,77244771548,0
/sensing/lidar/top/pointcloud_raw_ex,77244771548,1785816333472813742,41576241924132,77244771548,520728
/localization/pose_estimator/pose_with_covariance,77244771548,1785816333477457670,41576246567672,77244771548,0
/localization/kinematic_state,77294771548,1785816333516781916,41576285891864,77294771548,0
/sensing/lidar/top/pointcloud_raw_ex,77294771548,1785816333522417977,41576291528821,77294771548,509016
/localization/pose_estimator/pose_with_covariance,77294771548,1785816333526475343,41576295585549,77294771548,0
/localization/kinematic_state,77344771549,1785816333566566283,41576335676243,77344771549,0
/sensing/lidar/top/pointcloud_raw_ex,77344771549,1785816333573047984,41576342158157,77344771549,516312
/localization/pose_estimator/pose_with_covariance,77344771549,1785816333577661138,41576346771289,77344771549,0
/localization/kinematic_state,77394771550,1785816333616466440,41576385576220,77394771550,0
/sensing/lidar/top/pointcloud_raw_ex,77394771550,1785816333622430309,41576391540293,77394771550,512056
/localization/pose_estimator/pose_with_covariance,77394771550,1785816333627323911,41576396433970,77394771550,0
/localization/kinematic_state,77444771551,1785816333666668676,41576435778516,77444771551,0
/sensing/lidar/top/pointcloud_raw_ex,77444771551,1785816333672524711,41576441634817,77444771551,522264
/localization/pose_estimator/pose_with_covariance,77444771551,1785816333677124132,41576446234129,77444771551,0
/localization/kinematic_state,77494771551,1785816333717957778,41576487067731,77494771551,0
/sensing/lidar/top/pointcloud_raw_ex,77494771551,1785816333723361556,41576492471908,77494771551,507256
/localization/pose_estimator/pose_with_covariance,77494771551,1785816333727869838,41576496979917,77494771551,0
/localization/kinematic_state,77544771552,1785816333767184239,41576536294116,77544771552,0
/sensing/lidar/top/pointcloud_raw_ex,77544771552,1785816333773466648,41576542576784,77544771552,520600
/localization/pose_estimator/pose_with_covariance,77544771552,1785816333778646676,41576547756762,77544771552,0
/localization/kinematic_state,77594771553,1785816333816963898,41576586073811,77594771553,0
/sensing/lidar/top/pointcloud_raw_ex,77594771553,1785816333823393415,41576592503673,77594771553,510040
/localization/pose_estimator/pose_with_covariance,77594771553,1785816333829491012,41576598600937,77594771553,0
/localization/kinematic_state,77644771554,1785816333867035263,41576636145183,77644771554,0
/sensing/lidar/top/pointcloud_raw_ex,77644771554,1785816333872113209,41576641223341,77644771554,516088
/localization/pose_estimator/pose_with_covariance,77644771554,1785816333877424786,41576646534630,77644771554,0
/localization/kinematic_state,77694771554,1785816333918031793,41576687141750,77694771554,0
/sensing/lidar/top/pointcloud_raw_ex,77694771554,1785816333924396355,41576693506450,77694771554,509240
/localization/pose_estimator/pose_with_covariance,77694771554,1785816333929914353,41576699024455,77694771554,0
/localization/kinematic_state,77744771555,1785816333968077079,41576737187613,77744771555,0
/sensing/lidar/top/pointcloud_raw_ex,77744771555,1785816333975432696,41576744542890,77744771555,518104
/localization/pose_estimator/pose_with_covariance,77744771555,1785816333981810225,41576750920245,77744771555,0
/localization/kinematic_state,77794771556,1785816334018174445,41576787284281,77794771556,0
/sensing/lidar/top/pointcloud_raw_ex,77794771556,1785816334025398608,41576794508890,77794771556,514200
/localization/pose_estimator/pose_with_covariance,77794771556,1785816334032660648,41576801770758,77794771556,0
/localization/kinematic_state,77844771557,1785816334067105095,41576836215147,77844771557,0
/sensing/lidar/top/pointcloud_raw_ex,77844771557,1785816334073069043,41576842178892,77844771557,513688
/localization/pose_estimator/pose_with_covariance,77844771557,1785816334078466840,41576847577226,77844771557,0
/localization/kinematic_state,77894771557,1785816334118055275,41576887165246,77894771557,0
/sensing/lidar/top/pointcloud_raw_ex,77894771557,1785816334124807906,41576893918035,77894771557,507640
/localization/pose_estimator/pose_with_covariance,77894771557,1785816334131165970,41576900276365,77894771557,0
/localization/kinematic_state,77944771558,1785816334167802968,41576936912829,77944771558,0
/sensing/lidar/top/pointcloud_raw_ex,77944771558,1785816334173958638,41576943068699,77944771558,517880
/localization/pose_estimator/pose_with_covariance,77944771558,1785816334178825923,41576947936033,77944771558,0
/localization/kinematic_state,77994771559,1785816334217450218,41576986560170,77994771559,0
/sensing/lidar/top/pointcloud_raw_ex,77994771559,1785816334224204856,41576993314814,77994771559,512600
/localization/pose_estimator/pose_with_covariance,77994771559,1785816334232015774,41577001125836,77994771559,0
/localization/kinematic_state,78044771560,1785816334268917423,41577038027099,78044771560,0
/sensing/lidar/top/pointcloud_raw_ex,78044771560,1785816334273375657,41577042485385,78044771560,519352
/localization/pose_estimator/pose_with_covariance,78044771560,1785816334278489366,41577047599326,78044771560,0
/localization/kinematic_state,78094771560,1785816334317547572,41577086657329,78094771560,0
/sensing/lidar/top/pointcloud_raw_ex,78094771560,1785816334324023838,41577093133894,78094771560,512888
/localization/pose_estimator/pose_with_covariance,78094771560,1785816334328052486,41577097162638,78094771560,0
/localization/kinematic_state,78144771561,1785816334368124339,41577137234343,78144771561,0
/sensing/lidar/top/pointcloud_raw_ex,78144771561,1785816334374753647,41577143863830,78144771561,515000
/localization/pose_estimator/pose_with_covariance,78144771561,1785816334380487422,41577149597823,78144771561,0
/localization/kinematic_state,78194771562,1785816334418259153,41577187369032,78194771562,0
/sensing/lidar/top/pointcloud_raw_ex,78194771562,1785816334424948799,41577194059091,78194771562,511832
/localization/pose_estimator/pose_with_covariance,78194771562,1785816334429949174,41577199059443,78194771562,0
/localization/kinematic_state,78244771563,1785816334468854304,41577237964316,78244771563,0
/sensing/lidar/top/pointcloud_raw_ex,78244771563,1785816334475668254,41577244778313,78244771563,519096
/localization/pose_estimator/pose_with_covariance,78244771563,1785816334481015091,41577250125188,78244771563,0
/localization/kinematic_state,78294771563,1785816334518412728,41577287522671,78294771563,0
/sensing/lidar/top/pointcloud_raw_ex,78294771563,1785816334523894355,41577293004616,78294771563,509176
/localization/pose_estimator/pose_with_covariance,78294771563,1785816334528008563,41577297118670,78294771563,0
/localization/kinematic_state,78344771564,1785816334568829208,41577337939064,78344771564,0
/sensing/lidar/top/pointcloud_raw_ex,78344771564,1785816334574522253,41577343632376,78344771564,511192
/localization/pose_estimator/pose_with_covariance,78344771564,1785816334580324609,41577349434659,78344771564,0
/localization/kinematic_state,78394771565,1785816334618384556,41577387494368,78394771565,0
/sensing/lidar/top/pointcloud_raw_ex,78394771565,1785816334624571513,41577393681731,78394771565,510872
/localization/pose_estimator/pose_with_covariance,78394771565,1785816334629161458,41577398271646,78394771565,0
/localization/kinematic_state,78444771566,1785816334671565727,41577440675920,78444771566,0
/sensing/lidar/top/pointcloud_raw_ex,78444771566,1785816334674406377,41577443516185,78444771566,514200
/localization/pose_estimator/pose_with_covariance,78444771566,1785816334679467820,41577448578024,78444771566,0
/localization/kinematic_state,78494771566,1785816334718386651,41577487496576,78494771566,0
/sensing/lidar/top/pointcloud_raw_ex,78494771566,1785816334725288633,41577494399088,78494771566,505720
/localization/pose_estimator/pose_with_covariance,78494771566,1785816334729463667,41577498573658,78494771566,0
/localization/kinematic_state,78544771567,1785816334768582044,41577537692003,78544771567,0
/sensing/lidar/top/pointcloud_raw_ex,78544771567,1785816334775461970,41577544572989,78544771567,517304
/localization/pose_estimator/pose_with_covariance,78544771567,1785816334780516465,41577549626763,78544771567,0
/localization/kinematic_state,78594771568,1785816334818423020,41577587533013,78594771568,0
/sensing/lidar/top/pointcloud_raw_ex,78594771568,1785816334826359270,41577595469454,78594771568,513080
/localization/pose_estimator/pose_with_covariance,78594771568,1785816334831303446,41577600413271,78594771568,0
/localization/kinematic_state,78644771568,1785816334868582101,41577637691942,78644771568,0
/sensing/lidar/top/pointcloud_raw_ex,78644771568,1785816334874394588,41577643504718,78644771568,522776
/localization/pose_estimator/pose_with_covariance,78644771568,1785816334880592251,41577649702138,78644771568,0
/localization/kinematic_state,78694771569,1785816334918960253,41577688070417,78694771569,0
/sensing/lidar/top/pointcloud_raw_ex,78694771569,1785816334926043138,41577695153017,78694771569,514136
/localization/pose_estimator/pose_with_covariance,78694771569,1785816334933079463,41577702189685,78694771569,0
/localization/kinematic_state,78744771570,1785816334968932334,41577738042202,78744771570,0
/sensing/lidar/top/pointcloud_raw_ex,78744771570,1785816334975190538,41577744300673,78744771570,514552
/localization/pose_estimator/pose_with_covariance,78744771570,1785816334981471799,41577750581723,78744771570,0
/localization/kinematic_state,78794771571,1785816335020354135,41577789464139,78794771571,0
/sensing/lidar/top/pointcloud_raw_ex,78794771571,1785816335025574109,41577794684371,78794771571,510200
/localization/pose_estimator/pose_with_covariance,78794771571,1785816335029914058,41577799023940,78794771571,0
/localization/kinematic_state,78844771571,1785816335070549644,41577839659602,78844771571,0
/sensing/lidar/top/pointcloud_raw_ex,78844771571,1785816335076313793,41577845423763,78844771571,515672
/localization/pose_estimator/pose_with_covariance,78844771571,1785816335082889487,41577851999432,78844771571,0
/localization/kinematic_state,78894771572,1785816335119842411,41577888952194,78894771572,0
/sensing/lidar/top/pointcloud_raw_ex,78894771572,1785816335126797080,41577895907177,78894771572,509400
/localization/pose_estimator/pose_with_covariance,78894771572,1785816335131312995,41577900422981,78894771572,0
/localization/kinematic_state,78944771573,1785816335169509258,41577938619205,78944771573,0
/sensing/lidar/top/pointcloud_raw_ex,78944771573,1785816335176166290,41577945276188,78944771573,520248
/localization/pose_estimator/pose_with_covariance,78944771573,1785816335181767601,41577950877804,78944771573,0
/localization/kinematic_state,78994771574,1785816335219900184,41577989010089,78994771574,0
/sensing/lidar/top/pointcloud_raw_ex,78994771574,1785816335226149755,41577995260008,78994771574,515256
/localization/pose_estimator/pose_with_covariance,78994771574,1785816335231274129,41578000384230,78994771574,0
/localization/kinematic_state,79044771574,1785816335271566571,41578040676881,79044771574,0
/sensing/lidar/top/pointcloud_raw_ex,79044771574,1785816335275604361,41578044714490,79044771574,519768
/localization/pose_estimator/pose_with_covariance,79044771574,1785816335280265629,41578049375304,79044771574,0
/localization/kinematic_state,79094771575,1785816335319869661,41578088979536,79094771575,0
/sensing/lidar/top/pointcloud_raw_ex,79094771575,1785816335327303763,41578096413721,79094771575,507832
/localization/pose_estimator/pose_with_covariance,79094771575,1785816335334009186,41578103119375,79094771575,0
/localization/kinematic_state,79144771576,1785816335370600705,41578139710517,79144771576,0
/sensing/lidar/top/pointcloud_raw_ex,79144771576,1785816335378180387,41578147290364,79144771576,513720
/localization/pose_estimator/pose_with_covariance,79144771576,1785816335383265117,41578152375317,79144771576,0
/localization/kinematic_state,79194771577,1785816335420647432,41578189757410,79194771577,0
/sensing/lidar/top/pointcloud_raw_ex,79194771577,1785816335426781911,41578195892205,79194771577,510264
/localization/pose_estimator/pose_with_covariance,79194771577,1785816335431448257,41578200558465,79194771577,0
/localization/kinematic_state,79244771577,1785816335470782800,41578239892713,79244771577,0
/sensing/lidar/top/pointcloud_raw_ex,79244771577,1785816335477344552,41578246454628,79244771577,517720
/localization/pose_estimator/pose_with_covariance,79244771577,1785816335483247370,41578252357412,79244771577,0
/localization/kinematic_state,79294771578,1785816335520611331,41578289721134,79294771578,0
/sensing/lidar/top/pointcloud_raw_ex,79294771578,1785816335527161666,41578296271780,79294771578,515064
/localization/pose_estimator/pose_with_covariance,79294771578,1785816335531460663,41578300570759,79294771578,0
/localization/kinematic_state,79344771579,1785816335570987127,41578340097106,79344771579,0
/sensing/lidar/top/pointcloud_raw_ex,79344771579,1785816335576875676,41578345985542,79344771579,523512
/localization/pose_estimator/pose_with_covariance,79344771579,1785816335582420018,41578351530051,79344771579,0
/localization/kinematic_state,79394771580,1785816335622269245,41578391379250,79394771580,0
/sensing/lidar/top/pointcloud_raw_ex,79394771580,1785816335628019891,41578397129861,79394771580,510456
/localization/pose_estimator/pose_with_covariance,79394771580,1785816335633184549,41578402294609,79394771580,0
/localization/kinematic_state,79444771580,1785816335671290968,41578440400846,79444771580,0
/sensing/lidar/top/pointcloud_raw_ex,79444771580,1785816335676285468,41578445395401,79444771580,516120
/localization/pose_estimator/pose_with_covariance,79444771580,1785816335682081256,41578451191443,79444771580,0
/localization/kinematic_state,79494771581,1785816335721387138,41578490496878,79494771581,0
/sensing/lidar/top/pointcloud_raw_ex,79494771581,1785816335728164484,41578497274763,79494771581,508184
/localization/pose_estimator/pose_with_covariance,79494771581,1785816335733461004,41578502571373,79494771581,0
/localization/kinematic_state,79544771582,1785816335771272598,41578540382641,79544771582,0
/sensing/lidar/top/pointcloud_raw_ex,79544771582,1785816335776744881,41578545854853,79544771582,515288
/localization/pose_estimator/pose_with_covariance,79544771582,1785816335783171127,41578552280950,79544771582,0
/localization/kinematic_state,79594771583,1785816335821944472,41578591054552,79594771583,0
/sensing/lidar/top/pointcloud_raw_ex,79594771583,1785816335827116663,41578596226671,79594771583,507928
/localization/pose_estimator/pose_with_covariance,79594771583,1785816335831358695,41578600469012,79594771583,0
/localization/kinematic_state,79644771583,1785816335871428380,41578640538516,79644771583,0
/sensing/lidar/top/pointcloud_raw_ex,79644771583,1785816335877925960,41578647035927,79644771583,517624
/localization/pose_estimator/pose_with_covariance,79644771583,1785816335882723370,41578651833368,79644771583,0
/localization/kinematic_state,79694771584,1785816335922166265,41578691276106,79694771584,0
/sensing/lidar/top/pointcloud_raw_ex,79694771584,1785816335929777133,41578698886960,79694771584,512504
/localization/pose_estimator/pose_with_covariance,79694771584,1785816335935459181,41578704569219,79694771584,0
/localization/kinematic_state,79744771585,1785816335971698547,41578740808322,79744771585,0
/sensing/lidar/top/pointcloud_raw_ex,79744771585,1785816335978979561,41578748089923,79744771585,510104
/localization/pose_estimator/pose_with_covariance,79744771585,1785816335986151317,41578755261677,79744771585,0
/localization/kinematic_state,79794771586,1785816336022115883,41578791225574,79794771586,0
/sensing/lidar/top/pointcloud_raw_ex,79794771586,1785816336027670992,41578796781112,79794771586,511064
/localization/pose_estimator/pose_with_covariance,79794771586,1785816336032764551,41578801874538,79794771586,0
/localization/kinematic_state,79844771586,1785816336071972810,41578841082659,79844771586,0
/sensing/lidar/top/pointcloud_raw_ex,79844771586,1785816336078024555,41578847134768,79844771586,523896
/localization/pose_estimator/pose_with_covariance,79844771586,1785816336082781581,41578851891777,79844771586,0
/localization/kinematic_state,79894771587,1785816336122967164,41578892077141,79894771587,0
/sensing/lidar/top/pointcloud_raw_ex,79894771587,1785816336128711727,41578897821899,79894771587,509656
/localization/pose_estimator/pose_with_covariance,79894771587,1785816336134957382,41578904067474,79894771587,0
/localization/kinematic_state,79944771588,1785816336172501206,41578941611141,79944771588,0
/sensing/lidar/top/pointcloud_raw_ex,79944771588,1785816336177616252,41578946726235,79944771588,516216
/localization/pose_estimator/pose_with_covariance,79944771588,1785816336184439855,41578953550246,79944771588,0
/localization/kinematic_state,79994771589,1785816336222071741,41578991181582,79994771589,0
/sensing/lidar/top/pointcloud_raw_ex,79994771589,1785816336229334079,41578998443960,79994771589,514328
/localization/pose_estimator/pose_with_covariance,79994771589,1785816336233715941,41579002825776,79994771589,0
/localization/kinematic_state,80044771589,1785816336272879190,41579041989122,80044771589,0
/sensing/lidar/top/pointcloud_raw_ex,80044771589,1785816336278622046,41579047732053,80044771589,511352
/localization/pose_estimator/pose_with_covariance,80044771589,1785816336283677950,41579052788346,80044771589,0
/localization/kinematic_state,80094771590,1785816336322600246,41579091710051,80094771590,0
/sensing/lidar/top/pointcloud_raw_ex,80094771590,1785816336329248067,41579098358707,80094771590,510712
/localization/pose_estimator/pose_with_covariance,80094771590,1785816336334712193,41579103822463,80094771590,0
/localization/kinematic_state,80144771591,1785816336372136411,41579141246524,80144771591,0
/sensing/lidar/top/pointcloud_raw_ex,80144771591,1785816336379277518,41579148387338,80144771591,515160
/localization/pose_estimator/pose_with_covariance,80144771591,1785816336384267511,41579153377607,80144771591,0
/localization/kinematic_state,80194771592,1785816336422934637,41579192044793,80194771592,0
/sensing/lidar/top/pointcloud_raw_ex,80194771592,1785816336430149434,41579199259643,80194771592,511800
/localization/pose_estimator/pose_with_covariance,80194771592,1785816336436224387,41579205334573,80194771592,0
/localization/kinematic_state,80244771592,1785816336473981141,41579243091159,80244771592,0
/sensing/lidar/top/pointcloud_raw_ex,80244771592,1785816336478501150,41579247610963,80244771592,515928
/localization/pose_estimator/pose_with_covariance,80244771592,1785816336483554236,41579252663965,80244771592,0
/localization/kinematic_state,80294771593,1785816336522451131,41579291560902,80294771593,0
/sensing/lidar/top/pointcloud_raw_ex,80294771593,1785816336528281239,41579297391599,80294771593,508344
/localization/pose_estimator/pose_with_covariance,80294771593,1785816336532761727,41579301871577,80294771593,0
/localization/kinematic_state,80344771594,1785816336572524302,41579341634157,80344771594,0
/sensing/lidar/top/pointcloud_raw_ex,80344771594,1785816336578857170,41579347967256,80344771594,514328
/localization/pose_estimator/pose_with_covariance,80344771594,1785816336583552918,41579352663056,80344771594,0
/localization/kinematic_state,80394771595,1785816336622908214,41579392017995,80394771595,0
/sensing/lidar/top/pointcloud_raw_ex,80394771595,1785816336629881142,41579398991397,80394771595,505976
/localization/pose_estimator/pose_with_covariance,80394771595,1785816336635909416,41579405019242,80394771595,0
/localization/kinematic_state,80444771595,1785816336672851357,41579441961198,80444771595,0
/sensing/lidar/top/pointcloud_raw_ex,80444771595,1785816336678886362,41579447996624,80444771595,517848
/localization/pose_estimator/pose_with_covariance,80444771595,1785816336683660292,41579452770428,80444771595,0
/localization/kinematic_state,80494771596,1785816336723198478,41579492308366,80494771596,0
/sensing/lidar/top/pointcloud_raw_ex,80494771596,1785816336730319973,41579499430337,80494771596,507544
/localization/pose_estimator/pose_with_covariance,80494771596,1785816336736688813,41579505799034,80494771596,0
/localization/kinematic_state,80544771597,1785816336773068332,41579542178202,80544771597,0
/sensing/lidar/top/pointcloud_raw_ex,80544771597,1785816336778615731,41579547725761,80544771597,517496
/localization/pose_estimator/pose_with_covariance,80544771597,1785816336784686247,41579553796371,80544771597,0
/localization/kinematic_state,80594771598,1785816336823043434,41579592153152,80594771598,0
/sensing/lidar/top/pointcloud_raw_ex,80594771598,1785816336829797380,41579598907493,80594771598,507032
/localization/pose_estimator/pose_with_covariance,80594771598,1785816336834552799,41579603662924,80594771598,0
/localization/kinematic_state,80644771598,1785816336873540019,41579642650031,80644771598,0
/sensing/lidar/top/pointcloud_raw_ex,80644771598,1785816336880636711,41579649746659,80644771598,514872
/localization/pose_estimator/pose_with_covariance,80644771598,1785816336885982946,41579655093195,80644771598,0
/localization/kinematic_state,80694771599,1785816336923333617,41579692443455,80694771599,0
/sensing/lidar/top/pointcloud_raw_ex,80694771599,1785816336930312517,41579699422819,80694771599,511640
/localization/pose_estimator/pose_with_covariance,80694771599,1785816336934882107,41579703992175,80694771599,0
/localization/kinematic_state,80744771600,1785816336973538811,41579742648753,80744771600,0
/sensing/lidar/top/pointcloud_raw_ex,80744771600,1785816336979927847,41579749038005,80744771600,513784
/localization/pose_estimator/pose_with_covariance,80744771600,1785816336985417444,41579754527661,80744771600,0
/localization/kinematic_state,80794771601,1785816337025158567,41579794268435,80794771601,0
/sensing/lidar/top/pointcloud_raw_ex,80794771601,1785816337032867466,41579801977707,80794771601,512920
/localization/pose_estimator/pose_with_covariance,80794771601,1785816337037346097,41579806456125,80794771601,0
/localization/kinematic_state,80844771601,1785816337074815836,41579843925873,80844771601,0
/sensing/lidar/top/pointcloud_raw_ex,80844771601,1785816337080101744,41579849211854,80844771601,516632
/localization/pose_estimator/pose_with_covariance,80844771601,1785816337087224299,41579856334345,80844771601,0
/localization/kinematic_state,80894771602,1785816337123859384,41579892969138,80894771602,0
/sensing/lidar/top/pointcloud_raw_ex,80894771602,1785816337129788543,41579898898735,80894771602,510360
/localization/pose_estimator/pose_with_covariance,80894771602,1785816337134293239,41579903403242,80894771602,0
/localization/kinematic_state,80944771603,1785816337173989251,41579943099342,80944771603,0
/sensing/lidar/top/pointcloud_raw_ex,80944771603,1785816337178865770,41579947975844,80944771603,518616
/localization/pose_estimator/pose_with_covariance,80944771603,1785816337185173591,41579954283803,80944771603,0
/localization/kinematic_state,80994771604,1785816337224626580,41579993736685,80994771604,0
/sensing/lidar/top/pointcloud_raw_ex,80994771604,1785816337230852108,41579999962353,80994771604,510264
/localization/pose_estimator/pose_with_covariance,80994771604,1785816337235369736,41580004479709,80994771604,0
/localization/kinematic_state,81044771604,1785816337277751413,41580046861525,81044771604,0
/sensing/lidar/top/pointcloud_raw_ex,81044771604,1785816337280327451,41580049437297,81044771604,513912
/localization/pose_estimator/pose_with_covariance,81044771604,1785816337285386134,41580054496416,81044771604,0
/localization/kinematic_state,81094771605,1785816337325011539,41580094121579,81094771605,0
/sensing/lidar/top/pointcloud_raw_ex,81094771605,1785816337331125935,41580100236338,81094771605,513976
/localization/pose_estimator/pose_with_covariance,81094771605,1785816337336403009,41580105512872,81094771605,0
/localization/kinematic_state,81144771606,1785816337375314308,41580144424304,81144771606,0
/sensing/lidar/top/pointcloud_raw_ex,81144771606,1785816337380928429,41580150038279,81144771606,514008
/localization/pose_estimator/pose_with_covariance,81144771606,1785816337385527418,41580154637361,81144771606,0
/localization/kinematic_state,81194771606,1785816337425148348,41580194258168,81194771606,0
/sensing/lidar/top/pointcloud_raw_ex,81194771606,1785816337431999940,41580201110006,81194771606,506488
/localization/pose_estimator/pose_with_covariance,81194771606,1785816337436385899,41580205495921,81194771606,0
/localization/kinematic_state,81244771607,1785816337474997019,41580244106916,81244771607,0
/sensing/lidar/top/pointcloud_raw_ex,81244771607,1785816337480224105,41580249334434,81244771607,514936
/localization/pose_estimator/pose_with_covariance,81244771607,1785816337485520938,41580254631043,81244771607,0
/localization/kinematic_state,81294771608,1785816337524641577,41580293751331,81294771608,0
/sensing/lidar/top/pointcloud_raw_ex,81294771608,1785816337530984448,41580300094573,81294771608,509432
/localization/pose_estimator/pose_with_covariance,81294771608,1785816337535545830,41580304655818,81294771608,0
/localization/kinematic_state,81344771609,1785816337575155822,41580344265563,81344771609,0
/sensing/lidar/top/pointcloud_raw_ex,81344771609,1785816337581367477,41580350477644,81344771609,515416
/localization/pose_estimator/pose_with_covariance,81344771609,1785816337586461596,41580355571439,81344771609,0
/localization/kinematic_state,81394771609,1785816337625084696,41580394194549,81394771609,0
/sensing/lidar/top/pointcloud_raw_ex,81394771609,1785816337632441384,41580401551788,81394771609,511224
/localization/pose_estimator/pose_with_covariance,81394771609,1785816337637176076,41580406286332,81394771609,0
/localization/kinematic_state,81444771610,1785816337675675572,41580444785852,81444771610,0
/sensing/lidar/top/pointcloud_raw_ex,81444771610,1785816337680670553,41580449780800,81444771610,519096
/localization/pose_estimator/pose_with_covariance,81444771610,1785816337686106630,41580455216483,81444771610,0
/localization/kinematic_state,81494771611,1785816337725038509,41580494148274,81494771611,0
/sensing/lidar/top/pointcloud_raw_ex,81494771611,1785816337732520102,41580501629992,81494771611,512312
/localization/pose_estimator/pose_with_covariance,81494771611,1785816337737713799,41580506824095,81494771611,0
/localization/kinematic_state,81544771612,1785816337774798013,41580543907797,81544771612,0
/sensing/lidar/top/pointcloud_raw_ex,81544771612,1785816337780845566,41580549955883,81544771612,515864
/localization/pose_estimator/pose_with_covariance,81544771612,1785816337785893407,41580555003270,81544771612,0
/localization/kinematic_state,81594771612,1785816337825598070,41580594707918,81594771612,0
/sensing/lidar/top/pointcloud_raw_ex,81594771612,1785816337831356152,41580600466151,81594771612,509656
/localization/pose_estimator/pose_with_covariance,81594771612,1785816337835262136,41580604372007,81594771612,0
/localization/kinematic_state,81644771613,1785816337876560555,41580645670457,81644771613,0
/sensing/lidar/top/pointcloud_raw_ex,81644771613,1785816337881266799,41580650376815,81644771613,516824
/localization/pose_estimator/pose_with_covariance,81644771613,1785816337885554169,41580654664022,81644771613,0
/localization/kinematic_state,81694771614,1785816337925177739,41580694287628,81694771614,0
/sensing/lidar/top/pointcloud_raw_ex,81694771614,1785816337932583148,41580701693269,81694771614,508024
/localization/pose_estimator/pose_with_covariance,81694771614,1785816337938454412,41580707564254,81694771614,0
/localization/kinematic_state,81744771615,1785816337976145389,41580745255441,81744771615,0
/sensing/lidar/top/pointcloud_raw_ex,81744771615,1785816337982233363,41580751343338,81744771615,515032
/localization/pose_estimator/pose_with_covariance,81744771615,1785816337988066841,41580757176745,81744771615,0
/localization/kinematic_state,81794771615,1785816338025983093,41580795093040,81794771615,0
/sensing/lidar/top/pointcloud_raw_ex,81794771615,1785816338033130894,41580802240972,81794771615,505080
/localization/pose_estimator/pose_with_covariance,81794771615,1785816338039182551,41580808292382,81794771615,0
/localization/kinematic_state,81844771616,1785816338076292959,41580845402944,81844771616,0
/sensing/lidar/top/pointcloud_raw_ex,81844771616,1785816338081323567,41580850433969,81844771616,520344
/localization/pose_estimator/pose_with_covariance,81844771616,1785816338086511765,41580855621916,81844771616,0
/localization/kinematic_state,81894771617,1785816338127103010,41580896213324,81894771617,0
/sensing/lidar/top/pointcloud_raw_ex,81894771617,1785816338133279936,41580902390272,81894771617,512888
/localization/pose_estimator/pose_with_covariance,81894771617,1785816338137738129,41580906847961,81894771617,0
/localization/kinematic_state,81944771618,1785816338176309372,41580945419093,81944771618,0
/sensing/lidar/top/pointcloud_raw_ex,81944771618,1785816338181811043,41580950920969,81944771618,520920
/localization/pose_estimator/pose_with_covariance,81944771618,1785816338186696683,41580955806524,81944771618,0
/localization/kinematic_state,81994771618,1785816338225949418,41580995059196,81994771618,0
/sensing/lidar/top/pointcloud_raw_ex,81994771618,1785816338232403507,41581001513803,81994771618,503928
/localization/pose_estimator/pose_with_covariance,81994771618,1785816338237240920,41581006351220,81994771618,0
/localization/kinematic_state,82044771619,1785816338276109128,41581045219018,82044771619,0
/sensing/lidar/top/pointcloud_raw_ex,82044771619,1785816338282483615,41581051593877,82044771619,516888
/localization/pose_estimator/pose_with_covariance,82044771619,1785816338287195371,41581056305185,82044771619,0
/localization/kinematic_state,82094771620,1785816338326289265,41581095399169,82094771620,0
/sensing/lidar/top/pointcloud_raw_ex,82094771620,1785816338334128159,41581103238242,82094771620,513144
/localization/pose_estimator/pose_with_covariance,82094771620,1785816338338669961,41581107779954,82094771620,0
/localization/kinematic_state,82144771621,1785816338377517729,41581146627701,82144771621,0
/sensing/lidar/top/pointcloud_raw_ex,82144771621,1785816338385006410,41581154116557,82144771621,516408
/localization/pose_estimator/pose_with_covariance,82144771621,1785816338389586046,41581158695982,82144771621,0
/localization/kinematic_state,82194771621,1785816338426936612,41581196046594,82194771621,0
/sensing/lidar/top/pointcloud_raw_ex,82194771621,1785816338433132856,41581202242960,82194771621,511992
/localization/pose_estimator/pose_with_covariance,82194771621,1785816338437619936,41581206730148,82194771621,0
/localization/kinematic_state,82244771622,1785816338476263677,41581245373682,82244771622,0
/sensing/lidar/top/pointcloud_raw_ex,82244771622,1785816338483454307,41581252564448,82244771622,516248
/localization/pose_estimator/pose_with_covariance,82244771622,1785816338488758586,41581257868435,82244771622,0
/localization/kinematic_state,82294771623,1785816338526342132,41581295451988,82294771623,0
/sensing/lidar/top/pointcloud_raw_ex,82294771623,1785816338532247428,41581301357677,82294771623,509368
/localization/pose_estimator/pose_with_covariance,82294771623,1785816338536545227,41581305655199,82294771623,0
/localization/kinematic_state,82344771624,1785816338577020043,41581346130047,82344771624,0
/sensing/lidar/top/pointcloud_raw_ex,82344771624,1785816338583803947,41581352914152,82344771624,517816
/localization/pose_estimator/pose_with_covariance,82344771624,1785816338591813367,41581360923961,82344771624,0
/localization/kinematic_state,82394771624,1785816338628292077,41581397402130,82394771624,0
/sensing/lidar/top/pointcloud_raw_ex,82394771624,1785816338635345385,41581404455403,82394771624,512664
/localization/pose_estimator/pose_with_covariance,82394771624,1785816338640962186,41581410071982,82394771624,0
/localization/kinematic_state,82444771625,1785816338679293999,41581448404158,82444771625,0
/sensing/lidar/top/pointcloud_raw_ex,82444771625,1785816338682562520,41581451672315,82444771625,515480
/localization/pose_estimator/pose_with_covariance,82444771625,1785816338688173178,41581457283168,82444771625,0
/localization/kinematic_state,82494771626,1785816338727302342,41581496412192,82494771626,0
/sensing/lidar/top/pointcloud_raw_ex,82494771626,1785816338734133013,41581503243215,82494771626,507768
/localization/pose_estimator/pose_with_covariance,82494771626,1785816338738856662,41581507966702,82494771626,0
/localization/kinematic_state,82544771627,1785816338778220860,41581547330835,82544771627,0
/sensing/lidar/top/pointcloud_raw_ex,82544771627,1785816338785117484,41581554227689,82544771627,518616
/localization/pose_estimator/pose_with_covariance,82544771627,1785816338789640333,41581558750365,82544771627,0
/localization/kinematic_state,82594771627,1785816338827491027,41581596600977,82594771627,0
/sensing/lidar/top/pointcloud_raw_ex,82594771627,1785816338835025099,41581604135278,82594771627,512280
/localization/pose_estimator/pose_with_covariance,82594771627,1785816338840621644,41581609731703,82594771627,0
/localization/kinematic_state,82644771628,1785816338878187316,41581647297311,82644771628,0
/sensing/lidar/top/pointcloud_raw_ex,82644771628,1785816338885597603,41581654707803,82644771628,513176
/localization/pose_estimator/pose_with_covariance,82644771628,1785816338891061400,41581660171367,82644771628,0
/localization/kinematic_state,82694771629,1785816338927868444,41581696978711,82694771629,0
/sensing/lidar/top/pointcloud_raw_ex,82694771629,1785816338933739325,41581702849504,82694771629,506712
/localization/pose_estimator/pose_with_covariance,82694771629,1785816338940486279,41581709596607,82694771629,0
/localization/kinematic_state,82744771630,1785816338977551421,41581746661210,82744771630,0
/sensing/lidar/top/pointcloud_raw_ex,82744771630,1785816338984933671,41581754043994,82744771630,516664
/localization/pose_estimator/pose_with_covariance,82744771630,1785816338989978143,41581759087935,82744771630,0
/localization/kinematic_state,82794771630,1785816339027638454,41581796748260,82794771630,0
/sensing/lidar/top/pointcloud_raw_ex,82794771630,1785816339034034155,41581803144513,82794771630,507064
/localization/pose_estimator/pose_with_covariance,82794771630,1785816339040445953,41581809555776,82794771630,0
/localization/kinematic_state,82844771631,1785816339077866190,41581846976282,82844771631,0
/sensing/lidar/top/pointcloud_raw_ex,82844771631,1785816339084041471,41581853151557,82844771631,520760
/localization/pose_estimator/pose_with_covariance,82844771631,1785816339091240047,41581860349896,82844771631,0
/localization/kinematic_state,82894771632,1785816339128422017,41581897531749,82894771632,0
/sensing/lidar/top/pointcloud_raw_ex,82894771632,1785816339134780372,41581903890179,82894771632,505464
/localization/pose_estimator/pose_with_covariance,82894771632,1785816339138861035,41581907971037,82894771632,0
/localization/kinematic_state,82944771633,1785816339177995623,41581947105782,82944771633,0
/sensing/lidar/top/pointcloud_raw_ex,82944771633,1785816339184002959,41581953113064,82944771633,515864
/localization/pose_estimator/pose_with_covariance,82944771633,1785816339189606522,41581958716387,82944771633,0
/localization/kinematic_state,82994771633,1785816339229883979,41581998993925,82994771633,0
/sensing/lidar/top/pointcloud_raw_ex,82994771633,1785816339234806348,41582003916454,82994771633,511576
/localization/pose_estimator/pose_with_covariance,82994771633,1785816339239897617,41582009007638,82994771633,0
/localization/kinematic_state,83044771634,1785816339279163834,41582048273788,83044771634,0
/sensing/lidar/top/pointcloud_raw_ex,83044771634,1785816339283989759,41582053099587,83044771634,517976
/localization/pose_estimator/pose_with_covariance,83044771634,1785816339288550988,41582057660930,83044771634,0
/localization/kinematic_state,83094771635,1785816339329665737,41582098775719,83094771635,0
/sensing/lidar/top/pointcloud_raw_ex,83094771635,1785816339334902376,41582104012311,83094771635,509496
/localization/pose_estimator/pose_with_covariance,83094771635,1785816339339257227,41582108367264,83094771635,0
/localization/kinematic_state,83144771636,1785816339379035007,41582148144951,83144771636,0
/sensing/lidar/top/pointcloud_raw_ex,83144771636,1785816339385113866,41582154224089,83144771636,515992
/localization/pose_estimator/pose_with_covariance,83144771636,1785816339390781790,41582159892077,83144771636,0
/localization/kinematic_state,83194771636,1785816339429232550,41582198342338,83194771636,0
/sensing/lidar/top/pointcloud_raw_ex,83194771636,1785816339435022420,41582204132464,83194771636,506616
/localization/pose_estimator/pose_with_covariance,83194771636,1785816339439729983,41582208840577,83194771636,0
/localization/kinematic_state,83244771637,1785816339478868414,41582247978250,83244771637,0
/sensing/lidar/top/pointcloud_raw_ex,83244771637,1785816339485246095,41582254356223,83244771637,517432
/localization/pose_estimator/pose_with_covariance,83244771637,1785816339490391991,41582259502161,83244771637,0
/localization/kinematic_state,83294771638,1785816339528532617,41582297642394,83294771638,0
/sensing/lidar/top/pointcloud_raw_ex,83294771638,1785816339535283432,41582304393651,83294771638,508632
/localization/pose_estimator/pose_with_covariance,83294771638,1785816339539757072,41582308867211,83294771638,0
/localization/kinematic_state,83344771639,1785816339579597484,41582348707619,83344771639,0
/sensing/lidar/top/pointcloud_raw_ex,83344771639,1785816339586373220,41582355483187,83344771639,515736
/localization/pose_estimator/pose_with_covariance,83344771639,1785816339591614377,41582360724242,83344771639,0
/localization/kinematic_state,83394771639,1785816339628910547,41582398020357,83394771639,0
/sensing/lidar/top/pointcloud_raw_ex,83394771639,1785816339636222091,41582405332090,83394771639,511160
/localization/pose_estimator/pose_with_covariance,83394771639,1785816339641703906,41582410813883,83394771639,0
/localization/kinematic_state,83444771640,1785816339680853238,41582449963344,83444771640,0
/sensing/lidar/top/pointcloud_raw_ex,83444771640,1785816339685835572,41582454945545,83444771640,516184
/localization/pose_estimator/pose_with_covariance,83444771640,1785816339691864716,41582460974885,83444771640,0
/localization/kinematic_state,83494771641,1785816339729273267,41582498383024,83494771641,0
/sensing/lidar/top/pointcloud_raw_ex,83494771641,1785816339736321185,41582505431015,83494771641,504248
/localization/pose_estimator/pose_with_covariance,83494771641,1785816339740636915,41582509746817,83494771641,0
/localization/kinematic_state,83544771642,1785816339779217681,41582548327670,83544771642,0
/sensing/lidar/top/pointcloud_raw_ex,83544771642,1785816339784856884,41582553966916,83544771642,519608
/localization/pose_estimator/pose_with_covariance,83544771642,1785816339789966390,41582559076590,83544771642,0
/localization/kinematic_state,83594771642,1785816339832956366,41582602066195,83594771642,0
/sensing/lidar/top/pointcloud_raw_ex,83594771642,1785816339836119851,41582605229733,83594771642,507352
/localization/pose_estimator/pose_with_covariance,83594771642,1785816339842325024,41582611434863,83594771642,0
/localization/kinematic_state,83644771643,1785816339879820429,41582648930397,83644771643,0
/sensing/lidar/top/pointcloud_raw_ex,83644771643,1785816339886490558,41582655600653,83644771643,516856
/localization/pose_estimator/pose_with_covariance,83644771643,1785816339892243874,41582661354096,83644771643,0
/localization/kinematic_state,83694771644,1785816339930556157,41582699666105,83694771644,0
/sensing/lidar/top/pointcloud_raw_ex,83694771644,1785816339936984147,41582706094359,83694771644,507896
/localization/pose_estimator/pose_with_covariance,83694771644,1785816339943204770,41582712314714,83694771644,0
/localization/kinematic_state,83744771644,1785816339979651734,41582748761584,83744771644,0
/sensing/lidar/top/pointcloud_raw_ex,83744771644,1785816339987987629,41582757098036,83744771644,512824
/localization/pose_estimator/pose_with_covariance,83744771644,1785816339992015071,41582761125093,83744771644,0
/localization/kinematic_state,83794771645,1785816340029974937,41582799084764,83794771645,0
/sensing/lidar/top/pointcloud_raw_ex,83794771645,1785816340036308245,41582805418497,83794771645,511192
/localization/pose_estimator/pose_with_covariance,83794771645,1785816340042561018,41582811671124,83794771645,0
/localization/kinematic_state,83844771646,1785816340080424044,41582849533922,83844771646,0
/sensing/lidar/top/pointcloud_raw_ex,83844771646,1785816340085728832,41582854839221,83844771646,518200
/localization/pose_estimator/pose_with_covariance,83844771646,1785816340092196773,41582861306696,83844771646,0
/localization/kinematic_state,83894771647,1785816340130584072,41582899693865,83894771647,0
/sensing/lidar/top/pointcloud_raw_ex,83894771647,1785816340137700137,41582906810492,83894771647,510008
/localization/pose_estimator/pose_with_covariance,83894771647,1785816340142535328,41582911645534,83894771647,0
/localization/kinematic_state,83944771647,1785816340180810228,41582949920362,83944771647,0
/sensing/lidar/top/pointcloud_raw_ex,83944771647,1785816340187596809,41582956706774,83944771647,514936
/localization/pose_estimator/pose_with_covariance,83944771647,1785816340192666555,41582961776750,83944771647,0
/localization/kinematic_state,83994771648,1785816340230982017,41583000092069,83994771648,0
/sensing/lidar/top/pointcloud_raw_ex,83994771648,1785816340238116128,41583007225958,83994771648,511576
/localization/pose_estimator/pose_with_covariance,83994771648,1785816340243220126,41583012330169,83994771648,0
/localization/kinematic_state,84044771649,1785816340281103601,41583050213624,84044771649,0
/sensing/lidar/top/pointcloud_raw_ex,84044771649,1785816340288405346,41583057515588,84044771649,515896
/localization/pose_estimator/pose_with_covariance,84044771649,1785816340296053704,41583065164107,84044771649,0
/localization/kinematic_state,84094771650,1785816340331265799,41583100376027,84094771650,0
/sensing/lidar/top/pointcloud_raw_ex,84094771650,1785816340336555407,41583105665393,84094771650,509528
/localization/pose_estimator/pose_with_covariance,84094771650,1785816340344547760,41583113657900,84094771650,0
/localization/kinematic_state,84144771650,1785816340381457440,41583150567364,84144771650,0
/sensing/lidar/top/pointcloud_raw_ex,84144771650,1785816340388182623,41583157292651,84144771650,517656
/localization/pose_estimator/pose_with_covariance,84144771650,1785816340393558134,41583162668438,84144771650,0
/localization/kinematic_state,84194771651,1785816340431114444,41583200224202,84194771651,0
/sensing/lidar/top/pointcloud_raw_ex,84194771651,1785816340437773766,41583206884062,84194771651,506712
/localization/pose_estimator/pose_with_covariance,84194771651,1785816340442802015,41583211912060,84194771651,0
/localization/kinematic_state,84244771652,1785816340480738756,41583249848583,84244771652,0
/sensing/lidar/top/pointcloud_raw_ex,84244771652,1785816340487150619,41583256260963,84244771652,511960
/localization/pose_estimator/pose_with_covariance,84244771652,1785816340491787292,41583260897432,84244771652,0
/localization/kinematic_state,84294771653,1785816340530695763,41583299805724,84294771653,0
/sensing/lidar/top/pointcloud_raw_ex,84294771653,1785816340536870388,41583305980431,84294771653,506904
/localization/pose_estimator/pose_with_covariance,84294771653,1785816340541052704,41583310162435,84294771653,0
/localization/kinematic_state,84344771653,1785816340581250398,41583350360470,84344771653,0
/sensing/lidar/top/pointcloud_raw_ex,84344771653,1785816340587165993,41583356275794,84344771653,517592
/localization/pose_estimator/pose_with_covariance,84344771653,1785816340591934854,41583361045005,84344771653,0
/localization/kinematic_state,84394771654,1785816340631251740,41583400361438,84394771654,0
/sensing/lidar/top/pointcloud_raw_ex,84394771654,1785816340637325878,41583406435732,84394771654,510840
/localization/pose_estimator/pose_with_covariance,84394771654,1785816340642764608,41583411874902,84394771654,0
/localization/kinematic_state,84444771655,1785816340681767633,41583450878019,84444771655,0
/sensing/lidar/top/pointcloud_raw_ex,84444771655,1785816340686688569,41583455799002,84444771655,517848
/localization/pose_estimator/pose_with_covariance,84444771655,1785816340691919645,41583461029446,84444771655,0
/localization/kinematic_state,84494771656,1785816340731995867,41583501105687,84494771656,0
/sensing/lidar/top/pointcloud_raw_ex,84494771656,1785816340737712159,41583506821963,84494771656,509624
/localization/pose_estimator/pose_with_covariance,84494771656,1785816340743618229,41583512728217,84494771656,0
/localization/kinematic_state,84544771656,1785816340781995820,41583551105690,84544771656,0
/sensing/lidar/top/pointcloud_raw_ex,84544771656,1785816340787940190,41583557050256,84544771656,515352
/localization/pose_estimator/pose_with_covariance,84544771656,1785816340793556985,41583562667267,84544771656,0
/localization/kinematic_state,84594771657,1785816340833951071,41583603060914,84594771657,0
/sensing/lidar/top/pointcloud_raw_ex,84594771657,1785816340837794040,41583606903826,84594771657,511832
/localization/pose_estimator/pose_with_covariance,84594771657,1785816340843290033,41583612400150,84594771657,0
/localization/kinematic_state,84644771658,1785816340881822928,41583650932933,84644771658,0
/sensing/lidar/top/pointcloud_raw_ex,84644771658,1785816340887768618,41583656878610,84644771658,518296
/localization/pose_estimator/pose_with_covariance,84644771658,1785816340894603067,41583663713234,84644771658,0
/localization/kinematic_state,84694771659,1785816340931626591,41583700736423,84694771659,0
/sensing/lidar/top/pointcloud_raw_ex,84694771659,1785816340939393495,41583708503661,84694771659,509368
/localization/pose_estimator/pose_with_covariance,84694771659,1785816340945384296,41583714494229,84694771659,0
/localization/kinematic_state,84744771659,1785816340983081951,41583752192322,84744771659,0
/sensing/lidar/top/pointcloud_raw_ex,84744771659,1785816340989131688,41583758241632,84744771659,512344
/localization/pose_estimator/pose_with_covariance,84744771659,1785816340995188164,41583764298222,84744771659,0
/localization/kinematic_state,84794771660,1785816341031949811,41583801059579,84794771660,0
/sensing/lidar/top/pointcloud_raw_ex,84794771660,1785816341039425002,41583808535400,84794771660,510968
/localization/pose_estimator/pose_with_covariance,84794771660,1785816341043660652,41583812770480,84794771660,0
/localization/kinematic_state,84844771661,1785816341081919130,41583851028977,84844771661,0
/sensing/lidar/top/pointcloud_raw_ex,84844771661,1785816341088320927,41583857431141,84844771661,522648
/localization/pose_estimator/pose_with_covariance,84844771661,1785816341094194445,41583863304460,84844771661,0
/localization/kinematic_state,84894771662,1785816341132240065,41583901350016,84894771662,0
/sensing/lidar/top/pointcloud_raw_ex,84894771662,1785816341139227432,41583908337523,84894771662,509368
/localization/pose_estimator/pose_with_covariance,84894771662,1785816341143019903,41583912129860,84894771662,0
/localization/kinematic_state,84944771662,1785816341182524221,41583951634272,84944771662,0
/sensing/lidar/top/pointcloud_raw_ex,84944771662,1785816341187610001,41583956720144,84944771662,517656
/localization/pose_estimator/pose_with_covariance,84944771662,1785816341192321033,41583961431209,84944771662,0
/localization/kinematic_state,84994771663,1785816341232415338,41584001525274,84994771663,0
/sensing/lidar/top/pointcloud_raw_ex,84994771663,1785816341240713397,41584009823485,84994771663,511576
/localization/pose_estimator/pose_with_covariance,84994771663,1785816341245365998,41584014475983,84994771663,0
/localization/kinematic_state,85044771664,1785816341283366698,41584052476695,85044771664,0
/sensing/lidar/top/pointcloud_raw_ex,85044771664,1785816341289656197,41584058766350,85044771664,514168
/localization/pose_estimator/pose_with_covariance,85044771664,1785816341294457565,41584063567562,85044771664,0
/localization/kinematic_state,85094771665,1785816341333519975,41584102629861,85094771665,0
/sensing/lidar/top/pointcloud_raw_ex,85094771665,1785816341340382971,41584109493175,85094771665,504472
/localization/pose_estimator/pose_with_covariance,85094771665,1785816341345434066,41584114544479,85094771665,0
/localization/kinematic_state,85144771665,1785816341382820888,41584151930967,85144771665,0
/sensing/lidar/top/pointcloud_raw_ex,85144771665,1785816341389194024,41584158304261,85144771665,510264
/localization/pose_estimator/pose_with_covariance,85144771665,1785816341396321974,41584165432401,85144771665,0
/localization/kinematic_state,85194771666,1785816341432770454,41584201880448,85194771666,0
/sensing/lidar/top/pointcloud_raw_ex,85194771666,1785816341440395249,41584209505602,85194771666,513496
/localization/pose_estimator/pose_with_covariance,85194771666,1785816341445502976,41584214613188,85194771666,0
/localization/kinematic_state,85244771667,1785816341483671104,41584252781101,85244771667,0
/sensing/lidar/top/pointcloud_raw_ex,85244771667,1785816341489607956,41584258718255,85244771667,519128
/localization/pose_estimator/pose_with_covariance,85244771667,1785816341494798011,41584263908251,85244771667,0
/localization/kinematic_state,85294771668,1785816341532936908,41584302046729,85294771668,0
/sensing/lidar/top/pointcloud_raw_ex,85294771668,1785816341540101273,41584309211420,85294771668,513560
/localization/pose_estimator/pose_with_covariance,85294771668,1785816341544443424,41584313553366,85294771668,0
/localization/kinematic_state,85344771668,1785816341584947411,41584354057467,85344771668,0
/sensing/lidar/top/pointcloud_raw_ex,85344771668,1785816341588746941,41584357856762,85344771668,514360
/localization/pose_estimator/pose_with_covariance,85344771668,1785816341593753894,41584362863827,85344771668,0
/localization/kinematic_state,85394771669,1785816341633302963,41584402412976,85394771669,0
/sensing/lidar/top/pointcloud_raw_ex,85394771669,1785816341638967994,41584408078080,85394771669,507768
/localization/pose_estimator/pose_with_covariance,85394771669,1785816341644543071,41584413653031,85394771669,0
/localization/kinematic_state,85444771670,1785816341683366529,41584452476549,85444771670,0
/sensing/lidar/top/pointcloud_raw_ex,85444771670,1785816341689573709,41584458683805,85444771670,509752
/localization/pose_estimator/pose_with_covariance,85444771670,1785816341695736799,41584464846898,85444771670,0
/localization/kinematic_state,85494771671,1785816341734313135,41584503423140,85494771671,0
/sensing/lidar/top/pointcloud_raw_ex,85494771671,1785816341739585063,41584508695033,85494771671,512728
/localization/pose_estimator/pose_with_covariance,85494771671,1785816341744185239,41584513295353,85494771671,0
/localization/kinematic_state,85544771671,1785816341783501077,41584552611094,85544771671,0
/sensing/lidar/top/pointcloud_raw_ex,85544771671,1785816341790453394,41584559563327,85544771671,516056
/localization/pose_estimator/pose_with_covariance,85544771671,1785816341795537575,41584564647788,85544771671,0
/localization/kinematic_state,85594771672,1785816341834056318,41584603166232,85594771672,0
/sensing/lidar/top/pointcloud_raw_ex,85594771672,1785816341839973175,41584609083125,85594771672,512248
/localization/pose_estimator/pose_with_covariance,85594771672,1785816341844940901,41584614050592,85594771672,0
/localization/kinematic_state,85644771673,1785816341884050915,41584653160679,85644771673,0
/sensing/lidar/top/pointcloud_raw_ex,85644771673,1785816341890505050,41584659615216,85644771673,517304
/localization/pose_estimator/pose_with_covariance,85644771673,1785816341895743675,41584664853815,85644771673,0
/localization/kinematic_state,85694771674,1785816341933996418,41584703106313,85694771674,0
/sensing/lidar/top/pointcloud_raw_ex,85694771674,1785816341940790498,41584709900572,85694771674,505656
/localization/pose_estimator/pose_with_covariance,85694771674,1785816341945524223,41584714634240,85694771674,0
/localization/kinematic_state,85744771674,1785816341984091084,41584753201037,85744771674,0
/sensing/lidar/top/pointcloud_raw_ex,85744771674,1785816341989371875,41584758482090,85744771674,518456
/localization/pose_estimator/pose_with_covariance,85744771674,1785816341995995252,41584765105665,85744771674,0
/localization/kinematic_state,85794771675,1785816342036115659,41584805225623,85794771675,0
/sensing/lidar/top/pointcloud_raw_ex,85794771675,1785816342041088433,41584810198408,85794771675,515448
/localization/pose_estimator/pose_with_covariance,85794771675,1785816342045723838,41584814833753,85794771675,0
/localization/kinematic_state,85844771676,1785816342084578636,41584853688486,85844771676,0
/sensing/lidar/top/pointcloud_raw_ex,85844771676,1785816342090027885,41584859137747,85844771676,518456
/localization/pose_estimator/pose_with_covariance,85844771676,1785816342096771879,41584865882018,85844771676,0
/localization/kinematic_state,85894771677,1785816342134443375,41584903553221,85894771677,0
/sensing/lidar/top/pointcloud_raw_ex,85894771677,1785816342140457717,41584909567953,85894771677,508472
/localization/pose_estimator/pose_with_covariance,85894771677,1785816342145200516,41584914310686,85894771677,0
/localization/kinematic_state,85944771677,1785816342186063568,41584955173639,85944771677,0
/sensing/lidar/top/pointcloud_raw_ex,85944771677,1785816342191131790,41584960241584,85944771677,517624
/localization/pose_estimator/pose_with_covariance,85944771677,1785816342195702602,41584964812715,85944771677,0
/localization/kinematic_state,85994771678,1785816342235936225,41585005046368,85994771678,0
/sensing/lidar/top/pointcloud_raw_ex,85994771678,1785816342244163882,41585013274105,85994771678,508856
/localization/pose_estimator/pose_with_covariance,85994771678,1785816342248083339,41585017193313,85994771678,0
/localization/kinematic_state,86044771679,1785816342284771039,41585053880994,86044771679,0
/sensing/lidar/top/pointcloud_raw_ex,86044771679,1785816342290638410,41585059748459,86044771679,512536
/localization/pose_estimator/pose_with_covariance,86044771679,1785816342295684824,41585064794784,86044771679,0
/localization/kinematic_state,86094771680,1785816342335476962,41585104586920,86094771680,0
/sensing/lidar/top/pointcloud_raw_ex,86094771680,1785816342340838126,41585109948275,86094771680,508568
/localization/pose_estimator/pose_with_covariance,86094771680,1785816342346202431,41585115312347,86094771680,0
/localization/kinematic_state,86144771680,1785816342384532662,41585153642639,86144771680,0
/sensing/lidar/top/pointcloud_raw_ex,86144771680,1785816342390889602,41585159999813,86144771680,519704
/localization/pose_estimator/pose_with_covariance,86144771680,1785816342395853594,41585164963919,86144771680,0
/localization/kinematic_state,86194771681,1785816342434587517,41585203697261,86194771681,0
/sensing/lidar/top/pointcloud_raw_ex,86194771681,1785816342444145341,41585213255934,86194771681,510040
/localization/pose_estimator/pose_with_covariance,86194771681,1785816342449094861,41585218204996,86194771681,0
/localization/kinematic_state,86244771682,1785816342484814766,41585253924609,86244771682,0
/sensing/lidar/top/pointcloud_raw_ex,86244771682,1785816342491327303,41585260437150,86244771682,514328
/localization/pose_estimator/pose_with_covariance,86244771682,1785816342496549437,41585265659360,86244771682,0
/localization/kinematic_state,86294771682,1785816342534663398,41585303773285,86294771682,0
/sensing/lidar/top/pointcloud_raw_ex,86294771682,1785816342540541716,41585309651997,86294771682,511256
/localization/pose_estimator/pose_with_covariance,86294771682,1785816342544847412,41585313957211,86294771682,0
/localization/kinematic_state,86344771683,1785816342585967012,41585355077188,86344771683,0
/sensing/lidar/top/pointcloud_raw_ex,86344771683,1785816342591187023,41585360297309,86344771683,518104
/localization/pose_estimator/pose_with_covariance,86344771683,1785816342596380423,41585365490474,86344771683,0
/localization/kinematic_state,86394771684,1785816342634676182,41585403786052,86394771684,0
/sensing/lidar/top/pointcloud_raw_ex,86394771684,1785816342640965248,41585410075514,86394771684,508568
/localization/pose_estimator/pose_with_covariance,86394771684,1785816342645714694,41585414824770,86394771684,0
/localization/kinematic_state,86444771685,1785816342685318906,41585454428908,86444771685,0
/sensing/lidar/top/pointcloud_raw_ex,86444771685,1785816342690300983,41585459411067,86444771685,520408
/localization/pose_estimator/pose_with_covariance,86444771685,1785816342694985497,41585464095881,86444771685,0
/localization/kinematic_state,86494771685,1785816342735176916,41585504286774,86494771685,0
/sensing/lidar/top/pointcloud_raw_ex,86494771685,1785816342744355082,41585513465369,86494771685,509176
/localization/pose_estimator/pose_with_covariance,86494771685,1785816342749211363,41585518321369,86494771685,0
/localization/kinematic_state,86544771686,1785816342785204848,41585554314861,86544771686,0
/sensing/lidar/top/pointcloud_raw_ex,86544771686,1785816342792983704,41585562093979,86544771686,519672
/localization/pose_estimator/pose_with_covariance,86544771686,1785816342797713068,41585566823030,86544771686,0
/localization/kinematic_state,86594771687,1785816342835351919,41585604461679,86594771687,0
/sensing/lidar/top/pointcloud_raw_ex,86594771687,1785816342841929796,41585611039852,86594771687,504888
/localization/pose_estimator/pose_with_covariance,86594771687,1785816342846137206,41585615247162,86594771687,0
/localization/kinematic_state,86644771688,1785816342886483082,41585655593166,86644771688,0
/sensing/lidar/top/pointcloud_raw_ex,86644771688,1785816342890659348,41585659769263,86644771688,516856
/localization/pose_estimator/pose_with_covariance,86644771688,1785816342895186154,41585664296205,86644771688,0
/localization/kinematic_state,86694771688,1785816342935466542,41585704576463,86694771688,0
/sensing/lidar/top/pointcloud_raw_ex,86694771688,1785816342941253833,41585710364049,86694771688,518264
/localization/pose_estimator/pose_with_covariance,86694771688,1785816342946718280,41585715828509,86694771688,0
/localization/kinematic_state,86744771689,1785816342986406373,41585755516487,86744771689,0
/sensing/lidar/top/pointcloud_raw_ex,86744771689,1785816342993604211,41585762714171,86744771689,517272
/localization/pose_estimator/pose_with_covariance,86744771689,1785816342998679992,41585767789978,86744771689,0
/localization/kinematic_state,86794771690,1785816343036001855,41585805111855,86794771690,0
/sensing/lidar/top/pointcloud_raw_ex,86794771690,1785816343042026887,41585811137111,86794771690,515192
/localization/pose_estimator/pose_with_covariance,86794771690,1785816343047189911,41585816299881,86794771690,0
/localization/kinematic_state,86844771691,1785816343087038332,41585856148380,86844771691,0
/sensing/lidar/top/pointcloud_raw_ex,86844771691,1785816343091473869,41585860583710,86844771691,516536
/localization/pose_estimator/pose_with_covariance,86844771691,1785816343096886590,41585865996909,86844771691,0
/localization/kinematic_state,86894771691,1785816343136740988,41585905850756,86894771691,0
/sensing/lidar/top/pointcloud_raw_ex,86894771691,1785816343142741393,41585911851709,86894771691,510616
/localization/pose_estimator/pose_with_covariance,86894771691,1785816343147544477,41585916654512,86894771691,0
/localization/kinematic_state,86944771692,1785816343186402943,41585955512755,86944771692,0
/sensing/lidar/top/pointcloud_raw_ex,86944771692,1785816343194804631,41585963914524,86944771692,517112
/localization/pose_estimator/pose_with_covariance,86944771692,1785816343201523675,41585970633771,86944771692,0
/localization/kinematic_state,86994771693,1785816343237943514,41586007053669,86994771693,0
/sensing/lidar/top/pointcloud_raw_ex,86994771693,1785816343243598354,41586012708176,86994771693,509272
/localization/pose_estimator/pose_with_covariance,86994771693,1785816343248657636,41586017767719,86994771693,0
/localization/kinematic_state,87044771694,1785816343286155158,41586055264863,87044771694,0
/sensing/lidar/top/pointcloud_raw_ex,87044771694,1785816343291463682,41586060573663,87044771694,518072
/localization/pose_estimator/pose_with_covariance,87044771694,1785816343296905404,41586066015614,87044771694,0
/localization/kinematic_state,87094771694,1785816343336244843,41586105354749,87094771694,0
/sensing/lidar/top/pointcloud_raw_ex,87094771694,1785816343343838835,41586112949252,87094771694,510808
/localization/pose_estimator/pose_with_covariance,87094771694,1785816343349623113,41586118733061,87094771694,0
/localization/kinematic_state,87144771695,1785816343386706968,41586155817115,87144771695,0
/sensing/lidar/top/pointcloud_raw_ex,87144771695,1785816343393876898,41586162987064,87144771695,511384
/localization/pose_estimator/pose_with_covariance,87144771695,1785816343399169029,41586168279182,87144771695,0
/localization/kinematic_state,87194771696,1785816343436854861,41586205964818,87194771696,0
/sensing/lidar/top/pointcloud_raw_ex,87194771696,1785816343443363794,41586212473727,87194771696,509112
/localization/pose_estimator/pose_with_covariance,87194771696,1785816343447705731,41586216815601,87194771696,0
/localization/kinematic_state,87244771697,1785816343487534873,41586256644994,87244771697,0
/sensing/lidar/top/pointcloud_raw_ex,87244771697,1785816343492296475,41586261406467,87244771697,517304
/localization/pose_estimator/pose_with_covariance,87244771697,1785816343497676459,41586266786330,87244771697,0
/localization/kinematic_state,87294771697,1785816343537807710,41586306917574,87294771697,0
/sensing/lidar/top/pointcloud_raw_ex,87294771697,1785816343542994466,41586312104891,87294771697,512664
/localization/pose_estimator/pose_with_covariance,87294771697,1785816343547526336,41586316636163,87294771697,0
/localization/kinematic_state,87344771698,1785816343587089502,41586356199386,87344771698,0
/sensing/lidar/top/pointcloud_raw_ex,87344771698,1785816343593111537,41586362221747,87344771698,515736
/localization/pose_estimator/pose_with_covariance,87344771698,1785816343598616053,41586367725958,87344771698,0
/localization/kinematic_state,87394771699,1785816343637307995,41586406417879,87394771699,0
/sensing/lidar/top/pointcloud_raw_ex,87394771699,1785816343642958794,41586412068667,87394771699,511160
/localization/pose_estimator/pose_with_covariance,87394771699,1785816343647561907,41586416671894,87394771699,0
/localization/kinematic_state,87444771700,1785816343687207012,41586456316983,87444771700,0
/sensing/lidar/top/pointcloud_raw_ex,87444771700,1785816343693590015,41586462700280,87444771700,514648
/localization/pose_estimator/pose_with_covariance,87444771700,1785816343698131908,41586467241728,87444771700,0
/localization/kinematic_state,87494771700,1785816343737621058,41586506731047,87494771700,0
/sensing/lidar/top/pointcloud_raw_ex,87494771700,1785816343743476941,41586512587292,87494771700,507416
/localization/pose_estimator/pose_with_covariance,87494771700,1785816343748156755,41586517266864,87494771700,0
/localization/kinematic_state,87544771701,1785816343787005821,41586556115788,87544771701,0
/sensing/lidar/top/pointcloud_raw_ex,87544771701,1785816343793677244,41586562787456,87544771701,511576
/localization/pose_estimator/pose_with_covariance,87544771701,1785816343800822961,41586569933155,87544771701,0
/localization/kinematic_state,87594771702,1785816343837328191,41586606438146,87594771702,0
/sensing/lidar/top/pointcloud_raw_ex,87594771702,1785816343844641740,41586613752133,87594771702,510488
/localization/pose_estimator/pose_with_covariance,87594771702,1785816343849522345,41586618632482,87594771702,0
/localization/kinematic_state,87644771703,1785816343887914553,41586657024507,87644771703,0
/sensing/lidar/top/pointcloud_raw_ex,87644771703,1785816343892861965,41586661971842,87644771703,517560
/localization/pose_estimator/pose_with_covariance,87644771703,1785816343898648188,41586667758637,87644771703,0
/localization/kinematic_state,87694771703,1785816343937976295,41586707086134,87694771703,0
/sensing/lidar/top/pointcloud_raw_ex,87694771703,1785816343944784563,41586713894578,87694771703,512312
/localization/pose_estimator/pose_with_covariance,87694771703,1785816343948787328,41586717897353,87694771703,0
/localization/kinematic_state,87744771704,1785816343987875238,41586756985333,87744771704,0
/sensing/lidar/top/pointcloud_raw_ex,87744771704,1785816343993440074,41586762550061,87744771704,516728
/localization/pose_estimator/pose_with_covariance,87744771704,1785816343997766254,41586766876313,87744771704,0
/localization/kinematic_state,87794771705,1785816344037733210,41586806842994,87794771705,0
/sensing/lidar/top/pointcloud_raw_ex,87794771705,1785816344044914746,41586814025177,87794771705,512920
/localization/pose_estimator/pose_with_covariance,87794771705,1785816344049396548,41586818506724,87794771705,0
/localization/kinematic_state,87844771706,1785816344088198417,41586857308518,87844771706,0
/sensing/lidar/top/pointcloud_raw_ex,87844771706,1785816344093839331,41586862949333,87844771706,515928
/localization/pose_estimator/pose_with_covariance,87844771706,1785816344100933063,41586870043070,87844771706,0
/localization/kinematic_state,87894771706,1785816344138654002,41586907763724,87894771706,0
/sensing/lidar/top/pointcloud_raw_ex,87894771706,1785816344144724552,41586913834371,87894771706,513176
/localization/pose_estimator/pose_with_covariance,87894771706,1785816344149639772,41586918749746,87894771706,0
/localization/kinematic_state,87944771707,1785816344189108186,41586958218108,87944771707,0
/sensing/lidar/top/pointcloud_raw_ex,87944771707,1785816344193863351,41586962973424,87944771707,511320
/localization/pose_estimator/pose_with_covariance,87944771707,1785816344198305808,41586967415753,87944771707,0
/localization/kinematic_state,87994771708,1785816344238706096,41587007816192,87994771708,0
/sensing/lidar/top/pointcloud_raw_ex,87994771708,1785816344244584869,41587013694982,87994771708,506168
/localization/pose_estimator/pose_with_covariance,87994771708,1785816344249089307,41587018199222,87994771708,0
/localization/kinematic_state,88044771709,1785816344289374545,41587058484613,88044771709,0
/sensing/lidar/top/pointcloud_raw_ex,88044771709,1785816344294637860,41587063747969,88044771709,515864
/localization/pose_estimator/pose_with_covariance,88044771709,1785816344300055850,41587069165916,88044771709,0
/localization/kinematic_state,88094771709,1785816344339887333,41587108997277,88094771709,0
/sensing/lidar/top/pointcloud_raw_ex,88094771709,1785816344344915925,41587114025856,88094771709,505656
/localization/pose_estimator/pose_with_covariance,88094771709,1785816344350292364,41587119402605,88094771709,0
/localization/kinematic_state,88144771710,1785816344388604852,41587157714700,88144771710,0
/sensing/lidar/top/pointcloud_raw_ex,88144771710,1785816344394922869,41587164033259,88144771710,517208
/localization/pose_estimator/pose_with_covariance,88144771710,1785816344399741997,41587168852009,88144771710,0
/localization/kinematic_state,88194771711,1785816344438910724,41587208020652,88194771711,0
/sensing/lidar/top/pointcloud_raw_ex,88194771711,1785816344444612178,41587213722274,88194771711,507064
/localization/pose_estimator/pose_with_covariance,88194771711,1785816344449482838,41587218592772,88194771711,0
/localization/kinematic_state,88244771712,1785816344489385540,41587258495385,88244771712,0
/sensing/lidar/top/pointcloud_raw_ex,88244771712,1785816344495852163,41587264962154,88244771712,526520
/localization/pose_estimator/pose_with_covariance,88244771712,1785816344502273159,41587271383249,88244771712,0
/localization/kinematic_state,88294771712,1785816344538787071,41587307896976,88294771712,0
/sensing/lidar/top/pointcloud_raw_ex,88294771712,1785816344544496067,41587313606284,88294771712,507256
/localization/pose_estimator/pose_with_covariance,88294771712,1785816344548664081,41587317774069,88294771712,0
/localization/kinematic_state,88344771713,1785816344588828747,41587357938523,88344771713,0
/sensing/lidar/top/pointcloud_raw_ex,88344771713,1785816344593920673,41587363030746,88344771713,516952
/localization/pose_estimator/pose_with_covariance,88344771713,1785816344598695403,41587367805521,88344771713,0
/localization/kinematic_state,88394771714,1785816344639097017,41587408206787,88394771714,0
/sensing/lidar/top/pointcloud_raw_ex,88394771714,1785816344645961264,41587415071598,88394771714,514328
/localization/pose_estimator/pose_with_covariance,88394771714,1785816344650550932,41587419660819,88394771714,0
/localization/kinematic_state,88444771715,1785816344688887136,41587457997120,88444771715,0
/sensing/lidar/top/pointcloud_raw_ex,88444771715,1785816344695736246,41587464846209,88444771715,520280
/localization/pose_estimator/pose_with_covariance,88444771715,1785816344700470618,41587469580578,88444771715,0
/localization/kinematic_state,88494771715,1785816344738867310,41587507977128,88494771715,0
/sensing/lidar/top/pointcloud_raw_ex,88494771715,1785816344746183359,41587515293525,88494771715,507896
/localization/pose_estimator/pose_with_covariance,88494771715,1785816344750333895,41587519443834,88494771715,0
/localization/kinematic_state,88544771716,1785816344789309419,41587558419234,88544771716,0
/sensing/lidar/top/pointcloud_raw_ex,88544771716,1785816344796089511,41587565199729,88544771716,516568
/localization/pose_estimator/pose_with_covariance,88544771716,1785816344801063136,41587570173069,88544771716,0
/localization/kinematic_state,88594771717,1785816344839491002,41587608601049,88594771717,0
/sensing/lidar/top/pointcloud_raw_ex,88594771717,1785816344846885196,41587615995208,88594771717,512984
/localization/pose_estimator/pose_with_covariance,88594771717,1785816344851779518,41587620889331,88594771717,0
/localization/kinematic_state,88644771717,1785816344889712290,41587658822272,88644771717,0
/sensing/lidar/top/pointcloud_raw_ex,88644771717,1785816344895283694,41587664393801,88644771717,514104
/localization/pose_estimator/pose_with_covariance,88644771717,1785816344901785237,41587670895273,88644771717,0
/localization/kinematic_state,88694771718,1785816344940197787,41587709307912,88694771718,0
/sensing/lidar/top/pointcloud_raw_ex,88694771718,1785816344947367941,41587716477940,88694771718,508536
/localization/pose_estimator/pose_with_covariance,88694771718,1785816344953271427,41587722381523,88694771718,0
/localization/kinematic_state,88744771719,1785816344991010809,41587760121096,88744771719,0
/sensing/lidar/top/pointcloud_raw_ex,88744771719,1785816344996154170,41587765264168,88744771719,521528
/localization/pose_estimator/pose_with_covariance,88744771719,1785816345001491692,41587770601504,88744771719,0
/localization/kinematic_state,88794771720,1785816345040773590,41587809883665,88794771720,0
/sensing/lidar/top/pointcloud_raw_ex,88794771720,1785816345046671537,41587815782058,88794771720,513400
/localization/pose_estimator/pose_with_covariance,88794771720,1785816345052830152,41587821940079,88794771720,0
/localization/kinematic_state,88844771720,1785816345090678624,41587859788596,88844771720,0
/sensing/lidar/top/pointcloud_raw_ex,88844771720,1785816345096246897,41587865356582,88844771720,515992
/localization/pose_estimator/pose_with_covariance,88844771720,1785816345101723232,41587870833171,88844771720,0
/localization/kinematic_state,88894771721,1785816345140318797,41587909428640,88894771721,0
/sensing/lidar/top/pointcloud_raw_ex,88894771721,1785816345146466507,41587915576541,88894771721,506200
/localization/pose_estimator/pose_with_covariance,88894771721,1785816345151317322,41587920427520,88894771721,0
/localization/kinematic_state,88944771722,1785816345190118095,41587959228047,88944771722,0
/sensing/lidar/top/pointcloud_raw_ex,88944771722,1785816345196025194,41587965135466,88944771722,514072
/localization/pose_estimator/pose_with_covariance,88944771722,1785816345202149386,41587971259576,88944771722,0
/localization/kinematic_state,88994771723,1785816345239986492,41588009096272,88994771723,0
/sensing/lidar/top/pointcloud_raw_ex,88994771723,1785816345246794936,41588015905215,88994771723,507160
/localization/pose_estimator/pose_with_covariance,88994771723,1785816345251808627,41588020918726,88994771723,0
/localization/kinematic_state,89044771723,1785816345290631404,41588059741267,89044771723,0
/sensing/lidar/top/pointcloud_raw_ex,89044771723,1785816345296037738,41588065147857,89044771723,516216
/localization/pose_estimator/pose_with_covariance,89044771723,1785816345300746900,41588069856855,89044771723,0
/localization/kinematic_state,89094771724,1785816345341869247,41588110979220,89094771724,0
/sensing/lidar/top/pointcloud_raw_ex,89094771724,1785816345347799773,41588116910105,89094771724,506552
/localization/pose_estimator/pose_with_covariance,89094771724,1785816345353163849,41588122274181,89094771724,0
/localization/kinematic_state,89144771725,1785816345390583281,41588159693191,89144771725,0
/sensing/lidar/top/pointcloud_raw_ex,89144771725,1785816345397626998,41588166737015,89144771725,514680
/localization/pose_estimator/pose_with_covariance,89144771725,1785816345403071224,41588172180920,89144771725,0
/localization/kinematic_state,89194771726,1785816345440759920,41588209869852,89194771726,0
/sensing/lidar/top/pointcloud_raw_ex,89194771726,1785816345447698481,41588216808624,89194771726,507896
/localization/pose_estimator/pose_with_covariance,89194771726,1785816345452657340,41588221767302,89194771726,0
/localization/kinematic_state,89244771726,1785816345490779261,41588259889023,89244771726,0
/sensing/lidar/top/pointcloud_raw_ex,89244771726,1785816345497512170,41588266622453,89244771726,521048
/localization/pose_estimator/pose_with_covariance,89244771726,1785816345502571325,41588271681525,89244771726,0
/localization/kinematic_state,89294771727,1785816345540483606,41588309593377,89294771727,0
/sensing/lidar/top/pointcloud_raw_ex,89294771727,1785816345547391109,41588316501392,89294771727,508952
/localization/pose_estimator/pose_with_covariance,89294771727,1785816345553222809,41588322333011,89294771727,0
/localization/kinematic_state,89344771728,1785816345591196319,41588360306217,89344771728,0
/sensing/lidar/top/pointcloud_raw_ex,89344771728,1785816345596734072,41588365844257,89344771728,519352
/localization/pose_estimator/pose_with_covariance,89344771728,1785816345603366244,41588372476185,89344771728,0
/localization/kinematic_state,89394771729,1785816345640797871,41588409907881,89394771729,0
/sensing/lidar/top/pointcloud_raw_ex,89394771729,1785816345648315052,41588417425377,89394771729,510680
/localization/pose_estimator/pose_with_covariance,89394771729,1785816345653283080,41588422393053,89394771729,0
/localization/kinematic_state,89444771729,1785816345691403742,41588460513554,89444771729,0
/sensing/lidar/top/pointcloud_raw_ex,89444771729,1785816345697627139,41588466737226,89444771729,514680
/localization/pose_estimator/pose_with_covariance,89444771729,1785816345705839123,41588474949245,89444771729,0
/localization/kinematic_state,89494771730,1785816345741490726,41588510600585,89494771730,0
/sensing/lidar/top/pointcloud_raw_ex,89494771730,1785816345747640523,41588516751010,89494771730,511000
/localization/pose_estimator/pose_with_covariance,89494771730,1785816345753461929,41588522571957,89494771730,0
/localization/kinematic_state,89544771731,1785816345791357632,41588560467466,89544771731,0
/sensing/lidar/top/pointcloud_raw_ex,89544771731,1785816345796962418,41588566072390,89544771731,521400
/localization/pose_estimator/pose_with_covariance,89544771731,1785816345802097767,41588571207578,89544771731,0
/localization/kinematic_state,89594771732,1785816345841838082,41588610947839,89594771732,0
/sensing/lidar/top/pointcloud_raw_ex,89594771732,1785816345848281419,41588617391709,89594771732,510488
/localization/pose_estimator/pose_with_covariance,89594771732,1785816345853290683,41588622400707,89594771732,0
/localization/kinematic_state,89644771732,1785816345891894795,41588661004558,89644771732,0
/sensing/lidar/top/pointcloud_raw_ex,89644771732,1785816345898205268,41588667315610,89644771732,511480
/localization/pose_estimator/pose_with_covariance,89644771732,1785816345902798542,41588671908605,89644771732,0
/localization/kinematic_state,89694771733,1785816345942163458,41588711273339,89694771733,0
/sensing/lidar/top/pointcloud_raw_ex,89694771733,1785816345950175199,41588719285483,89694771733,508248
/localization/pose_estimator/pose_with_covariance,89694771733,1785816345956184764,41588725295025,89694771733,0
/localization/kinematic_state,89744771734,1785816345992977631,41588762087632,89744771734,0
/sensing/lidar/top/pointcloud_raw_ex,89744771734,1785816345997802744,41588766912677,89744771734,514488
/localization/pose_estimator/pose_with_covariance,89744771734,1785816346002917720,41588772027546,89744771734,0
/localization/kinematic_state,89794771735,1785816346042554471,41588811664293,89794771735,0
/sensing/lidar/top/pointcloud_raw_ex,89794771735,1785816346048152529,41588817262628,89794771735,504216
/localization/pose_estimator/pose_with_covariance,89794771735,1785816346052303934,41588821414149,89794771735,0
/localization/kinematic_state,89844771735,1785816346091954936,41588861064802,89844771735,0
/sensing/lidar/top/pointcloud_raw_ex,89844771735,1785816346097863580,41588866973812,89844771735,514776
/localization/pose_estimator/pose_with_covariance,89844771735,1785816346102406116,41588871515914,89844771735,0
/localization/kinematic_state,89894771736,1785816346142430964,41588911540878,89894771736,0
/sensing/lidar/top/pointcloud_raw_ex,89894771736,1785816346148382510,41588917492804,89894771736,511608
/localization/pose_estimator/pose_with_covariance,89894771736,1785816346152634416,41588921744601,89894771736,0
/localization/kinematic_state,89944771737,1785816346192415294,41588961525237,89944771737,0
/sensing/lidar/top/pointcloud_raw_ex,89944771737,1785816346198637292,41588967747422,89944771737,516280
/localization/pose_estimator/pose_with_covariance,89944771737,1785816346203916519,41588973026627,89944771737,0
/localization/kinematic_state,89994771738,1785816346245094150,41589014204347,89994771738,0
/sensing/lidar/top/pointcloud_raw_ex,89994771738,1785816346249262125,41589018372084,89994771738,506968
/localization/pose_estimator/pose_with_covariance,89994771738,1785816346253763737,41589022873920,89994771738,0
/localization/kinematic_state,90044771738,1785816346293245436,41589062355557,90044771738,0
/sensing/lidar/top/pointcloud_raw_ex,90044771738,1785816346298224203,41589067334095,90044771738,516952
/localization/pose_estimator/pose_with_covariance,90044771738,1785816346304277229,41589073387217,90044771738,0
/localization/kinematic_state,90094771739,1785816346342540315,41589111650132,90094771739,0
/sensing/lidar/top/pointcloud_raw_ex,90094771739,1785816346348546700,41589117657008,90094771739,507320
/localization/pose_estimator/pose_with_covariance,90094771739,1785816346353186971,41589122297073,90094771739,0
/localization/kinematic_state,90144771740,1785816346392994076,41589162103882,90144771740,0
/sensing/lidar/top/pointcloud_raw_ex,90144771740,1785816346399842712,41589168952929,90144771740,516664
/localization/pose_estimator/pose_with_covariance,90144771740,1785816346405722777,41589174832791,90144771740,0
/localization/kinematic_state,90194771741,1785816346442835265,41589211945025,90194771741,0
/sensing/lidar/top/pointcloud_raw_ex,90194771741,1785816346451962750,41589221073243,90194771741,511352
/localization/pose_estimator/pose_with_covariance,90194771741,1785816346458034903,41589227144974,90194771741,0
/localization/kinematic_state,90244771741,1785816346492653149,41589261763216,90244771741,0
/sensing/lidar/top/pointcloud_raw_ex,90244771741,1785816346498507634,41589267617739,90244771741,512344
/localization/pose_estimator/pose_with_covariance,90244771741,1785816346505549144,41589274659394,90244771741,0
/localization/kinematic_state,90294771742,1785816346542306694,41589311416479,90294771742,0
/sensing/lidar/top/pointcloud_raw_ex,90294771742,1785816346549170691,41589318281060,90294771742,509528
/localization/pose_estimator/pose_with_covariance,90294771742,1785816346553657948,41589322768068,90294771742,0
/localization/kinematic_state,90344771743,1785816346593498806,41589362608771,90344771743,0
/sensing/lidar/top/pointcloud_raw_ex,90344771743,1785816346598888494,41589367998681,90344771743,516024
/localization/pose_estimator/pose_with_covariance,90344771743,1785816346603850078,41589372960211,90344771743,0
/localization/kinematic_state,90394771744,1785816346642643758,41589411753453,90394771744,0
/sensing/lidar/top/pointcloud_raw_ex,90394771744,1785816346649351915,41589418461793,90394771744,504664
/localization/pose_estimator/pose_with_covariance,90394771744,1785816346654130779,41589423240475,90394771744,0
