[INFO] [launch]: All log files can be found below /root/.ros/log/2026-08-04-04-00-01-384379-youtalk-desktop-120
[INFO] [launch]: Default logging verbosity is set to INFO
[INFO] [component_container_mt-1]: process started with pid [499]
[INFO] [robot_state_publisher-2]: process started with pid [501]
[INFO] [autoware_duplicated_node_checker_node-3]: process started with pid [503]
[INFO] [processing_time_checker_node-4]: process started with pid [505]
[INFO] [autoware_pipeline_latency_monitor_node-5]: process started with pid [507]
[INFO] [service_log_checker_node-6]: process started with pid [509]
[INFO] [component_container-7]: process started with pid [511]
[INFO] [component_container-8]: process started with pid [513]
[INFO] [component_container-9]: process started with pid [515]
[INFO] [aggregator_node-10]: process started with pid [517]
[INFO] [converter_node-11]: process started with pid [519]
[INFO] [autoware_hazard_status_converter_node-12]: process started with pid [521]
[INFO] [autoware_mrm_handler_node-13]: process started with pid [523]
[INFO] [logging_node-14]: process started with pid [525]
[INFO] [component_container_mt-15]: process started with pid [531]
[INFO] [map_hash_generator-16]: process started with pid [740]
[INFO] [autoware_map_projection_loader_node-17]: process started with pid [742]
[INFO] [component_container-18]: process started with pid [744]
[INFO] [component_container-19]: process started with pid [746]
[INFO] [component_container-20]: process started with pid [781]
[INFO] [imu_corrector_node-21]: process started with pid [784]
[INFO] [gyro_bias_estimator_node-22]: process started with pid [786]
[INFO] [autoware_vehicle_velocity_converter_node-23]: process started with pid [788]
[INFO] [autoware_ndt_scan_matcher_node-24]: process started with pid [794]
[INFO] [autoware_gyro_odometer_node-25]: process started with pid [816]
[INFO] [autoware_pose_initializer_node-26]: process started with pid [826]
[INFO] [autoware_automatic_pose_initializer_node-27]: process started with pid [829]
[INFO] [autoware_ekf_localizer_node-28]: process started with pid [840]
[INFO] [autoware_stop_filter_node-29]: process started with pid [842]
[INFO] [autoware_twist2accel_node-30]: process started with pid [854]
[INFO] [autoware_pose_instability_detector_node-31]: process started with pid [865]
[INFO] [autoware_localization_error_monitor_node-32]: process started with pid [873]
[INFO] [autoware_manual_lane_change_handler_node-33]: process started with pid [879]
[INFO] [component_container_mt-34]: process started with pid [889]
[INFO] [goal_pose_visualizer-35]: process started with pid [898]
[INFO] [autoware_scenario_selector_node-36]: process started with pid [915]
[INFO] [external_velocity_limit_selector-37]: process started with pid [1000]
[INFO] [component_container-38]: process started with pid [1006]
[INFO] [autoware_hazard_lights_selector_node-39]: process started with pid [1010]
[INFO] [component_container_mt-40]: process started with pid [1013]
[INFO] [component_container_mt-41]: process started with pid [1015]
[INFO] [component_container_mt-42]: process started with pid [1026]
[INFO] [component_container_mt-43]: process started with pid [1044]
[INFO] [planning_evaluator-44]: process started with pid [1049]
[INFO] [autoware_remaining_distance_time_calculator_node-45]: process started with pid [1051]
[INFO] [relay-46]: process started with pid [1053]
[INFO] [component_container_mt-47]: process started with pid [1055]
[INFO] [component_container_mt-48]: process started with pid [1069]
[INFO] [control_evaluator-49]: process started with pid [1118]
[INFO] [component_container_mt-50]: process started with pid [1120]
[INFO] [initial_pose_adaptor_node-51]: process started with pid [1125]
[INFO] [routing_adaptor_node-52]: process started with pid [1133]
[INFO] [launch_ros.actions.load_composable_nodes]: Loaded node '/sensing/lidar/right/glog_component' in container '/sensing/lidar/right/pointcloud_preprocessor/pointcloud_container'
[robot_state_publisher-2] [INFO] [1785816009.077658415] [robot_state_publisher]: got segment base_link
[robot_state_publisher-2] [INFO] [1785816009.077742538] [robot_state_publisher]: got segment camera0/camera_link
[robot_state_publisher-2] [INFO] [1785816009.077749424] [robot_state_publisher]: got segment camera0/camera_optical_link
[robot_state_publisher-2] [INFO] [1785816009.077753545] [robot_state_publisher]: got segment camera1/camera_link
[robot_state_publisher-2] [INFO] [1785816009.077756896] [robot_state_publisher]: got segment camera1/camera_optical_link
[robot_state_publisher-2] [INFO] [1785816009.077760214] [robot_state_publisher]: got segment camera2/camera_link
[robot_state_publisher-2] [INFO] [1785816009.077763242] [robot_state_publisher]: got segment camera2/camera_optical_link
[robot_state_publisher-2] [INFO] [1785816009.077766335] [robot_state_publisher]: got segment camera3/camera_link
[robot_state_publisher-2] [INFO] [1785816009.077769550] [robot_state_publisher]: got segment camera3/camera_optical_link
[robot_state_publisher-2] [INFO] [1785816009.077772668] [robot_state_publisher]: got segment camera4/camera_link
[robot_state_publisher-2] [INFO] [1785816009.077775818] [robot_state_publisher]: got segment camera4/camera_optical_link
[robot_state_publisher-2] [INFO] [1785816009.077778951] [robot_state_publisher]: got segment camera5/camera_link
[robot_state_publisher-2] [INFO] [1785816009.077782073] [robot_state_publisher]: got segment camera5/camera_optical_link
[robot_state_publisher-2] [INFO] [1785816009.077785268] [robot_state_publisher]: got segment gnss_link
[robot_state_publisher-2] [INFO] [1785816009.077788418] [robot_state_publisher]: got segment sensor_kit_base_link
[robot_state_publisher-2] [INFO] [1785816009.077791641] [robot_state_publisher]: got segment tamagawa/imu_link
[robot_state_publisher-2] [INFO] [1785816009.077795098] [robot_state_publisher]: got segment traffic_light_left_camera/camera_link
[robot_state_publisher-2] [INFO] [1785816009.077798457] [robot_state_publisher]: got segment traffic_light_left_camera/camera_optical_link
[robot_state_publisher-2] [INFO] [1785816009.077801596] [robot_state_publisher]: got segment traffic_light_right_camera/camera_link
[robot_state_publisher-2] [INFO] [1785816009.077804779] [robot_state_publisher]: got segment traffic_light_right_camera/camera_optical_link
[robot_state_publisher-2] [INFO] [1785816009.077807873] [robot_state_publisher]: got segment velodyne_left
[robot_state_publisher-2] [INFO] [1785816009.077811035] [robot_state_publisher]: got segment velodyne_left_base_link
[robot_state_publisher-2] [INFO] [1785816009.077814299] [robot_state_publisher]: got segment velodyne_rear
[robot_state_publisher-2] [INFO] [1785816009.077817297] [robot_state_publisher]: got segment velodyne_rear_base_link
[robot_state_publisher-2] [INFO] [1785816009.077820323] [robot_state_publisher]: got segment velodyne_right
[robot_state_publisher-2] [INFO] [1785816009.077823376] [robot_state_publisher]: got segment velodyne_right_base_link
[robot_state_publisher-2] [INFO] [1785816009.077826432] [robot_state_publisher]: got segment velodyne_top
[robot_state_publisher-2] [INFO] [1785816009.077829443] [robot_state_publisher]: got segment velodyne_top_base_link
[autoware_pipeline_latency_monitor_node-5] [INFO] [1785816009.072489410] [system.pipeline_latency_monitor]: PipelineLatencyMonitorNode initialized
[autoware_mrm_handler_node-13] [INFO] [1785816009.139386361] [system.mrm_handler]: waiting for operation_mode_availability msg...
[autoware_mrm_handler_node-13] [INFO] [1785816009.184174182] [system.mrm_handler]: waiting for mrm comfortable stop to become available...
[component_container_mt-15] [INFO] [1785816009.163195583] [map.map_container]: Load Library: /opt/autoware/lib/libpointcloud_map_loader_node.so
[component_container_mt-15] [INFO] [1785816009.192871152] [map.map_container]: Found class: rclcpp_components::NodeFactoryTemplate<autoware::map_loader::PointCloudMapLoaderNode>
[component_container_mt-15] [INFO] [1785816009.193029505] [map.map_container]: Instantiate class: rclcpp_components::NodeFactoryTemplate<autoware::map_loader::PointCloudMapLoaderNode>
[imu_corrector_node-21] [INFO] [1785816009.108307410] [sensing.imu.imu_corrector]: correct_for_static_bias: true
[imu_corrector_node-21] [INFO] [1785816009.108632495] [sensing.imu.imu_corrector]: correct_for_dynamic_bias: false
[imu_corrector_node-21] [INFO] [1785816009.108649169] [sensing.imu.imu_corrector]: correct_for_scale: false
[imu_corrector_node-21] [ERROR] [1785816009.151650850] [sensing.imu.imu_corrector]: Please publish TF base_link to tamagawa/imu_link
[imu_corrector_node-21] [ERROR] [1785816009.187030473] [sensing.imu.imu_corrector]: Please publish TF base_link to tamagawa/imu_link
[component_container-20] [INFO] [1785816009.255701437] [sensing.lidar.right.pointcloud_preprocessor.pointcloud_container]: Load Library: /opt/autoware/lib/libautoware_glog_component.so
[component_container-20] [INFO] [1785816009.256664579] [sensing.lidar.right.pointcloud_preprocessor.pointcloud_container]: Found class: rclcpp_components::NodeFactoryTemplate<autoware::glog_component::GlogComponent>
[component_container-20] [INFO] [1785816009.256694990] [sensing.lidar.right.pointcloud_preprocessor.pointcloud_container]: Instantiate class: rclcpp_components::NodeFactoryTemplate<autoware::glog_component::GlogComponent>
[autoware_map_projection_loader_node-17] Load /autoware_map/town10-regen/map_projector_info.yaml
[component_container-8] [INFO] [1785816009.363341209] [system.mrm_comfortable_stop_operator.mrm_comfortable_stop_operator_container]: Load Library: /opt/autoware/lib/libautoware_mrm_comfortable_stop_operator_component.so
[component_container-8] [INFO] [1785816009.364163966] [system.mrm_comfortable_stop_operator.mrm_comfortable_stop_operator_container]: Found class: rclcpp_components::NodeFactoryTemplate<autoware::mrm_comfortable_stop_operator::MrmComfortableStopOperator>
[component_container-8] [INFO] [1785816009.364183049] [system.mrm_comfortable_stop_operator.mrm_comfortable_stop_operator_container]: Instantiate class: rclcpp_components::NodeFactoryTemplate<autoware::mrm_comfortable_stop_operator::MrmComfortableStopOperator>
[component_container_mt-1] [INFO] [1785816009.420680244] [pointcloud_container]: Load Library: /opt/autoware/lib/libautoware_glog_component.so
[component_container_mt-1] [INFO] [1785816009.421916045] [pointcloud_container]: Found class: rclcpp_components::NodeFactoryTemplate<autoware::glog_component::GlogComponent>
[component_container_mt-1] [INFO] [1785816009.421936899] [pointcloud_container]: Instantiate class: rclcpp_components::NodeFactoryTemplate<autoware::glog_component::GlogComponent>
[INFO] [launch_ros.actions.load_composable_nodes]: Loaded node '/map/pointcloud_map_loader' in container '/map/map_container'
[autoware_scenario_selector_node-36] [INFO] [1785816009.431591333] [planning.scenario_planning.scenario_selector]: Waiting for current pose.
[INFO] [launch_ros.actions.load_composable_nodes]: Loaded node '/system/mrm_comfortable_stop_operator' in container '/system/mrm_comfortable_stop_operator/mrm_comfortable_stop_operator_container'
[autoware_ekf_localizer_node-28] [WARN] [1785816009.431870203] [localization.pose_twist_fusion_filter.ekf_localizer]: The node is not activated. Provide initial pose to pose_initializer
[logging_node-14] [WARN] [1785816009.432685607] [logging_diag_graph]: The target mode is not available for the following reasons:
[logging_node-14] - /autoware/modes/autonomous ERROR
[logging_node-14]     - /autoware/map ERROR
[logging_node-14]         - /autoware/map/topic_rate_check/vector_map STALE
[logging_node-14]         - /autoware/map/topic_rate_check/pointcloud_map STALE
[logging_node-14]     - /autoware/localization ERROR
[logging_node-14]         - /autoware/localization/state STALE
[logging_node-14]         - [anonymous group] ERROR
[logging_node-14]             - /autoware/localization/topic_rate_check/transform STALE
[logging_node-14]             - /autoware/localization/topic_rate_check/pose_twist_fusion STALE
[logging_node-14]             - /autoware/localization/scan_matching_status STALE
[logging_node-14]             - /autoware/localization/accuracy STALE
[logging_node-14]             - /autoware/localization/sensor_fusion_status STALE
[logging_node-14]     - /autoware/planning ERROR
[logging_node-14]         - /autoware/planning/routing/state STALE
[logging_node-14]         - [anonymous group] ERROR
[logging_node-14]             - /autoware/planning/topic_rate_check/route STALE
[logging_node-14]             - /autoware/planning/topic_rate_check/trajectory STALE
[logging_node-14]             - /autoware/planning/trajectory_validation ERROR
[logging_node-14]     - /autoware/perception ERROR
[logging_node-14]         - /autoware/perception/topic_rate_check/objects STALE
[logging_node-14]         - /autoware/perception/topic_rate_check/pointcloud STALE
[logging_node-14]     - /autoware/control ERROR
[logging_node-14]         - /autoware/control/topic_rate_check/trajectory_follower STALE
[logging_node-14]         - /autoware/control/topic_rate_check/control_command STALE
[logging_node-14]         - /autoware/control/node_alive_monitoring/command_gate ERROR
[logging_node-14]             - /autoware/control/node_alive_monitoring/vehicle_cmd_gate STALE
[logging_node-14]             - /autoware/control/node_alive_monitoring/control_command_gate STALE
[logging_node-14]         - /autoware/control/emergency_braking STALE
[logging_node-14]         - /autoware/control/performance_monitoring/lane_departure STALE
[logging_node-14]         - /autoware/control/performance_monitoring/control_state STALE
[logging_node-14]     - /autoware/vehicle ERROR
[logging_node-14]         - /autoware/vehicle/topic_rate_check/velocity STALE
[logging_node-14]         - /autoware/vehicle/topic_rate_check/steering STALE
[logging_node-14]     - /autoware/system ERROR
[logging_node-14]         - /autoware/system/duplicated_node_checker STALE
[logging_node-14]         - /autoware/system/topic_rate_check/emergency_control_command STALE
[logging_node-14]         - /autoware/system/emergency_stop_operation ERROR
[logging_node-14]             - /autoware/system/emergency_stop_operation/vehicle_cmd_gate STALE
[logging_node-14]             - /autoware/system/emergency_stop_operation/control_command_gate STALE
[logging_node-14]     - /adapi/mrm_request/delegate STALE
[logging_node-14] 
[component_container_mt-34] [INFO] [1785816009.444310786] [planning.mission_planning.mission_planner_container]: Load Library: /opt/autoware/lib/libautoware_mission_planner_universe_component.so
[component_container_mt-34] [INFO] [1785816009.455779241] [planning.mission_planning.mission_planner_container]: Found class: rclcpp_components::NodeFactoryTemplate<autoware::mission_planner_universe::MissionPlanner>
[component_container_mt-34] [INFO] [1785816009.456214791] [planning.mission_planning.mission_planner_container]: Instantiate class: rclcpp_components::NodeFactoryTemplate<autoware::mission_planner_universe::MissionPlanner>
[INFO] [launch_ros.actions.load_composable_nodes]: Loaded node '/pointcloud_container/glog_component' in container '/pointcloud_container'
[component_container_mt-1] [INFO] [1785816009.465989360] [pointcloud_container]: Load Library: /opt/autoware/lib/libpointcloud_preprocessor_filter.so
[component_container_mt-34] [INFO] [1785816009.531334856] [planning.mission_planning.mission_planner]: waiting lanelet map... Route API is not ready.
[INFO] [launch_ros.actions.load_composable_nodes]: Loaded node '/planning/mission_planning/mission_planner' in container '/planning/mission_planning/mission_planner_container'
[component_container-19] [INFO] [1785816009.539747860] [sensing.lidar.left.pointcloud_preprocessor.pointcloud_container]: Load Library: /opt/autoware/lib/libautoware_glog_component.so
[component_container-19] [INFO] [1785816009.540659070] [sensing.lidar.left.pointcloud_preprocessor.pointcloud_container]: Found class: rclcpp_components::NodeFactoryTemplate<autoware::glog_component::GlogComponent>
[component_container-19] [INFO] [1785816009.540686822] [sensing.lidar.left.pointcloud_preprocessor.pointcloud_container]: Instantiate class: rclcpp_components::NodeFactoryTemplate<autoware::glog_component::GlogComponent>
[component_container-18] [INFO] [1785816009.539786430] [sensing.lidar.top.pointcloud_preprocessor.pointcloud_container]: Load Library: /opt/autoware/lib/libautoware_glog_component.so
[component_container-18] [INFO] [1785816009.540655430] [sensing.lidar.top.pointcloud_preprocessor.pointcloud_container]: Found class: rclcpp_components::NodeFactoryTemplate<autoware::glog_component::GlogComponent>
[component_container-18] [INFO] [1785816009.540683959] [sensing.lidar.top.pointcloud_preprocessor.pointcloud_container]: Instantiate class: rclcpp_components::NodeFactoryTemplate<autoware::glog_component::GlogComponent>
[component_container_mt-40] [INFO] [1785816009.540826756] [planning.scenario_planning.lane_driving.behavior_planning.behavior_planning_container]: Load Library: /opt/autoware/lib/libautoware_behavior_path_planner_lib.so
[component_container_mt-41] [INFO] [1785816009.543923190] [planning.scenario_planning.lane_driving.motion_planning.motion_planning_container]: Load Library: /opt/autoware/lib/libautoware_motion_velocity_planner_lib.so
[INFO] [launch_ros.actions.load_composable_nodes]: Loaded node '/sensing/lidar/left/glog_component' in container '/sensing/lidar/left/pointcloud_preprocessor/pointcloud_container'
[INFO] [launch_ros.actions.load_composable_nodes]: Loaded node '/sensing/lidar/top/glog_component' in container '/sensing/lidar/top/pointcloud_preprocessor/pointcloud_container'
[component_container_mt-42] [INFO] [1785816009.559546853] [planning.scenario_planning.parking.parking_container]: Load Library: /opt/autoware/lib/libcostmap_generator_node.so
[component_container_mt-43] [INFO] [1785816009.560975460] [planning.planning_validator_container]: Load Library: /opt/autoware/lib/libautoware_glog_component.so
[component_container_mt-43] [INFO] [1785816009.561825953] [planning.planning_validator_container]: Found class: rclcpp_components::NodeFactoryTemplate<autoware::glog_component::GlogComponent>
[component_container_mt-43] [INFO] [1785816009.561853501] [planning.planning_validator_container]: Instantiate class: rclcpp_components::NodeFactoryTemplate<autoware::glog_component::GlogComponent>
[component_container_mt-40] [INFO] [1785816009.564219206] [planning.scenario_planning.lane_driving.behavior_planning.behavior_planning_container]: Found class: rclcpp_components::NodeFactoryTemplate<autoware::behavior_path_planner::BehaviorPathPlannerNode>
[component_container_mt-40] [INFO] [1785816009.564268846] [planning.scenario_planning.lane_driving.behavior_planning.behavior_planning_container]: Instantiate class: rclcpp_components::NodeFactoryTemplate<autoware::behavior_path_planner::BehaviorPathPlannerNode>
[INFO] [launch_ros.actions.load_composable_nodes]: Loaded node '/planning/glog_component' in container '/planning/planning_validator_container'
[autoware_mrm_handler_node-13] [INFO] [1785816009.581203527] [system.mrm_handler]: waiting for mrm emergency stop to become available...
[component_container_mt-47] [INFO] [1785816009.582030105] [control.control_container]: Load Library: /opt/autoware/lib/libautoware_glog_component.so
[component_container_mt-47] [INFO] [1785816009.582706601] [control.control_container]: Found class: rclcpp_components::NodeFactoryTemplate<autoware::glog_component::GlogComponent>
[component_container_mt-47] [INFO] [1785816009.582722723] [control.control_container]: Instantiate class: rclcpp_components::NodeFactoryTemplate<autoware::glog_component::GlogComponent>
[component_container_mt-1] [INFO] [1785816009.585999352] [pointcloud_container]: Found class: rclcpp_components::NodeFactoryTemplate<autoware::pointcloud_preprocessor::ApproximateDownsampleFilterComponent>
[component_container_mt-1] [INFO] [1785816009.586050077] [pointcloud_container]: Found class: rclcpp_components::NodeFactoryTemplate<autoware::pointcloud_preprocessor::BlockageDiagComponent>
[component_container_mt-1] [INFO] [1785816009.586056014] [pointcloud_container]: Found class: rclcpp_components::NodeFactoryTemplate<autoware::pointcloud_preprocessor::CropBoxFilterComponent>
[component_container_mt-1] [INFO] [1785816009.586060318] [pointcloud_container]: Instantiate class: rclcpp_components::NodeFactoryTemplate<autoware::pointcloud_preprocessor::CropBoxFilterComponent>
[INFO] [launch_ros.actions.load_composable_nodes]: Loaded node '/control/glog_control_container_component' in container '/control/control_container'
[component_container_mt-47] [INFO] [1785816009.602764497] [control.control_container]: Load Library: /opt/autoware/lib/libcontroller_node.so
[component_container_mt-47] [INFO] [1785816009.610785926] [control.control_container]: Found class: rclcpp_components::NodeFactoryTemplate<autoware::motion::control::trajectory_follower_node::Controller>
[component_container_mt-47] [INFO] [1785816009.611707824] [control.control_container]: Instantiate class: rclcpp_components::NodeFactoryTemplate<autoware::motion::control::trajectory_follower_node::Controller>
[component_container_mt-42] [INFO] [1785816009.615903444] [planning.scenario_planning.parking.parking_container]: Found class: rclcpp_components::NodeFactoryTemplate<autoware::costmap_generator::CostmapGenerator>
[component_container_mt-42] [INFO] [1785816009.615972210] [planning.scenario_planning.parking.parking_container]: Instantiate class: rclcpp_components::NodeFactoryTemplate<autoware::costmap_generator::CostmapGenerator>
[component_container_mt-1] [INFO] [1785816009.616320886] [pointcloud_container]: Found class: rclcpp_components::NodeFactoryTemplate<autoware::pointcloud_preprocessor::ApproximateDownsampleFilterComponent>
[component_container_mt-1] [INFO] [1785816009.616362103] [pointcloud_container]: Found class: rclcpp_components::NodeFactoryTemplate<autoware::pointcloud_preprocessor::BlockageDiagComponent>
[component_container_mt-1] [INFO] [1785816009.616368333] [pointcloud_container]: Found class: rclcpp_components::NodeFactoryTemplate<autoware::pointcloud_preprocessor::CropBoxFilterComponent>
[component_container_mt-1] [INFO] [1785816009.616373001] [pointcloud_container]: Found class: rclcpp_components::NodeFactoryTemplate<autoware::pointcloud_preprocessor::DistortionCorrectorComponent>
[component_container_mt-1] [INFO] [1785816009.616377441] [pointcloud_container]: Found class: rclcpp_components::NodeFactoryTemplate<autoware::pointcloud_preprocessor::DualReturnOutlierFilterComponent>
[component_container_mt-1] [INFO] [1785816009.616381788] [pointcloud_container]: Found class: rclcpp_components::NodeFactoryTemplate<autoware::pointcloud_preprocessor::Lanelet2MapFilterComponent>
[component_container_mt-1] [INFO] [1785816009.616386057] [pointcloud_container]: Found class: rclcpp_components::NodeFactoryTemplate<autoware::pointcloud_preprocessor::PassThroughFilterComponent>
[component_container_mt-1] [INFO] [1785816009.616390301] [pointcloud_container]: Found class: rclcpp_components::NodeFactoryTemplate<autoware::pointcloud_preprocessor::PassThroughFilterUInt16Component>
[component_container_mt-1] [INFO] [1785816009.616394404] [pointcloud_container]: Found class: rclcpp_components::NodeFactoryTemplate<autoware::pointcloud_preprocessor::PickupBasedVoxelGridDownsampleFilterComponent>
[component_container_mt-1] [INFO] [1785816009.616398977] [pointcloud_container]: Found class: rclcpp_components::NodeFactoryTemplate<autoware::pointcloud_preprocessor::PointCloudConcatenateDataSynchronizerComponent>
[component_container_mt-1] [INFO] [1785816009.616403550] [pointcloud_container]: Instantiate class: rclcpp_components::NodeFactoryTemplate<autoware::pointcloud_preprocessor::PointCloudConcatenateDataSynchronizerComponent>
[component_container_mt-41] [INFO] [1785816009.617885802] [planning.scenario_planning.lane_driving.motion_planning.motion_planning_container]: Found class: rclcpp_components::NodeFactoryTemplate<autoware::motion_velocity_planner::MotionVelocityPlannerNode>
[component_container_mt-41] [INFO] [1785816009.617933140] [planning.scenario_planning.lane_driving.motion_planning.motion_planning_container]: Instantiate class: rclcpp_components::NodeFactoryTemplate<autoware::motion_velocity_planner::MotionVelocityPlannerNode>
[component_container-38] [INFO] [1785816009.619359658] [planning.scenario_planning.velocity_smoother_container]: Load Library: /opt/autoware/lib/libautoware_velocity_smoother_node.so
[INFO] [launch_ros.actions.load_composable_nodes]: Loaded node '/localization/util/crop_box_filter_measurement_range' in container '/pointcloud_container'
[component_container-38] [INFO] [1785816009.626880716] [planning.scenario_planning.velocity_smoother_container]: Found class: rclcpp_components::NodeFactoryTemplate<autoware::velocity_smoother::VelocitySmootherNode>
[component_container-38] [INFO] [1785816009.626940343] [planning.scenario_planning.velocity_smoother_container]: Instantiate class: rclcpp_components::NodeFactoryTemplate<autoware::velocity_smoother::VelocitySmootherNode>
[component_container_mt-1] [INFO] [1785816009.632821319] [sensing.lidar.concatenate_data]: Utilize advanced matching strategy
[INFO] [launch_ros.actions.load_composable_nodes]: Loaded node '/sensing/lidar/concatenate_data' in container 'pointcloud_container'
[component_container_mt-47] [INFO] [1785816009.672975829] [control.control_container]: Load Library: /opt/autoware/lib/libautoware_external_cmd_selector_node.so
[INFO] [launch_ros.actions.load_composable_nodes]: Loaded node '/control/trajectory_follower/controller_node_exe' in container '/control/control_container'
[component_container_mt-47] [INFO] [1785816009.676541332] [control.control_container]: Found class: rclcpp_components::NodeFactoryTemplate<autoware::external_cmd_selector::ExternalCmdSelector>
[component_container_mt-47] [INFO] [1785816009.676576120] [control.control_container]: Instantiate class: rclcpp_components::NodeFactoryTemplate<autoware::external_cmd_selector::ExternalCmdSelector>
[component_container_mt-48] [INFO] [1785816009.677695297] [control.control_check_container]: Load Library: /opt/autoware/lib/libautoware_glog_component.so
[component_container_mt-48] [INFO] [1785816009.678939509] [control.control_check_container]: Found class: rclcpp_components::NodeFactoryTemplate<autoware::glog_component::GlogComponent>
[component_container_mt-48] [INFO] [1785816009.678976488] [control.control_check_container]: Instantiate class: rclcpp_components::NodeFactoryTemplate<autoware::glog_component::GlogComponent>
[INFO] [launch_ros.actions.load_composable_nodes]: Loaded node '/planning/scenario_planning/parking/costmap_generator' in container '/planning/scenario_planning/parking/parking_container'
[component_container_mt-42] [ERROR] [1785816009.683604004] [planning.scenario_planning.parking.costmap_generator]: "map" passed to lookupTransform argument target_frame does not exist. 
[component_container_mt-47] [INFO] [1785816009.684217311] [control.trajectory_follower.controller_node_exe]: Waiting for acceleration data
[component_container_mt-47] [INFO] [1785816009.684360616] [control.trajectory_follower.controller_node_exe]: Control is skipped since input data is not ready.
[INFO] [launch_ros.actions.load_composable_nodes]: Loaded node '/planning/scenario_planning/velocity_smoother' in container '/planning/scenario_planning/velocity_smoother_container'
[INFO] [launch_ros.actions.load_composable_nodes]: Loaded node '/control/glog_control_check_container_component' in container '/control/control_check_container'
[component_container_mt-48] [INFO] [1785816009.700753016] [control.control_check_container]: Load Library: /opt/autoware/lib/libautoware_lane_departure_checker.so
[component_container_mt-48] [INFO] [1785816009.716078411] [control.control_check_container]: Found class: rclcpp_components::NodeFactoryTemplate<autoware::lane_departure_checker::LaneDepartureCheckerNode>
[component_container_mt-48] [INFO] [1785816009.717090588] [control.control_check_container]: Instantiate class: rclcpp_components::NodeFactoryTemplate<autoware::lane_departure_checker::LaneDepartureCheckerNode>
[INFO] [launch_ros.actions.load_composable_nodes]: Loaded node '/control/external_cmd_selector' in container '/control/control_container'
[component_container_mt-47] [INFO] [1785816009.727458166] [control.control_container]: Load Library: /opt/autoware/lib/libautoware_external_cmd_converter.so
[component_container_mt-47] [INFO] [1785816009.731882081] [control.control_container]: Found class: rclcpp_components::NodeFactoryTemplate<autoware::external_cmd_converter::ExternalCmdConverterNode>
[component_container_mt-47] [INFO] [1785816009.731925398] [control.control_container]: Instantiate class: rclcpp_components::NodeFactoryTemplate<autoware::external_cmd_converter::ExternalCmdConverterNode>
[INFO] [launch_ros.actions.load_composable_nodes]: Loaded node '/control/trajectory_follower/lane_departure_checker_node' in container '/control/control_check_container'
[INFO] [launch_ros.actions.load_composable_nodes]: Loaded node '/control/external_cmd_converter' in container '/control/control_container'
[component_container_mt-48] [INFO] [1785816009.769553640] [control.control_check_container]: Load Library: /opt/autoware/lib/libautoware_control_validator_component.so
[component_container_mt-48] [INFO] [1785816009.772970016] [control.control_check_container]: Found class: rclcpp_components::NodeFactoryTemplate<autoware::control_validator::ControlValidator>
[component_container_mt-48] [INFO] [1785816009.773006077] [control.control_check_container]: Instantiate class: rclcpp_components::NodeFactoryTemplate<autoware::control_validator::ControlValidator>
[component_container-20] [INFO] [1785816009.774500684] [sensing.lidar.right.pointcloud_preprocessor.pointcloud_container]: Load Library: /opt/autoware/lib/libpointcloud_preprocessor_filter.so
[component_container_mt-48] [INFO] [1785816009.781162008] [control.trajectory_follower.lane_departure_checker_node]: waiting for current_twist msg...
[INFO] [launch_ros.actions.load_composable_nodes]: Loaded node '/adapi/node/interface' in container '/adapi/container'
[component_container_mt-15] [INFO] [1785816009.803499553] [map.map_container]: Load Library: /opt/autoware/lib/liblanelet2_map_loader_node.so
[component_container_mt-15] [INFO] [1785816009.811760797] [map.map_container]: Found class: rclcpp_components::NodeFactoryTemplate<autoware::map_loader::Lanelet2MapLoaderNode>
[component_container_mt-15] [INFO] [1785816009.811811503] [map.map_container]: Instantiate class: rclcpp_components::NodeFactoryTemplate<autoware::map_loader::Lanelet2MapLoaderNode>
[INFO] [launch_ros.actions.load_composable_nodes]: Loaded node '/control/control_validator' in container '/control/control_check_container'
[component_container_mt-48] [INFO] [1785816009.823491753] [control.control_check_container]: Load Library: /opt/autoware/lib/libautoware_autonomous_emergency_braking_node.so
[component_container_mt-34] [INFO] [1785816009.824821538] [planning.mission_planning.mission_planner_container]: Found class: rclcpp_components::NodeFactoryTemplate<autoware::mission_planner_universe::MissionPlanner>
[component_container_mt-34] [INFO] [1785816009.824854494] [planning.mission_planning.mission_planner_container]: Found class: rclcpp_components::NodeFactoryTemplate<autoware::mission_planner_universe::RouteSelector>
[component_container_mt-34] [INFO] [1785816009.824860506] [planning.mission_planning.mission_planner_container]: Instantiate class: rclcpp_components::NodeFactoryTemplate<autoware::mission_planner_universe::RouteSelector>
[INFO] [launch_ros.actions.load_composable_nodes]: Loaded node '/map/lanelet2_map_loader' in container '/map/map_container'
[component_container-19] [INFO] [1785816009.847347106] [sensing.lidar.left.pointcloud_preprocessor.pointcloud_container]: Load Library: /opt/autoware/lib/libpointcloud_preprocessor_filter.so
[INFO] [launch_ros.actions.load_composable_nodes]: Loaded node '/planning/mission_planning/route_selector' in container '/planning/mission_planning/mission_planner_container'
[component_container-18] [INFO] [1785816009.864872056] [sensing.lidar.top.pointcloud_preprocessor.pointcloud_container]: Load Library: /opt/autoware/lib/libpointcloud_preprocessor_filter.so
[component_container-20] [INFO] [1785816009.875014669] [sensing.lidar.right.pointcloud_preprocessor.pointcloud_container]: Found class: rclcpp_components::NodeFactoryTemplate<autoware::pointcloud_preprocessor::ApproximateDownsampleFilterComponent>
[component_container-20] [INFO] [1785816009.875064906] [sensing.lidar.right.pointcloud_preprocessor.pointcloud_container]: Found class: rclcpp_components::NodeFactoryTemplate<autoware::pointcloud_preprocessor::BlockageDiagComponent>
[component_container-20] [INFO] [1785816009.875071183] [sensing.lidar.right.pointcloud_preprocessor.pointcloud_container]: Found class: rclcpp_components::NodeFactoryTemplate<autoware::pointcloud_preprocessor::CropBoxFilterComponent>
[component_container-20] [INFO] [1785816009.875075671] [sensing.lidar.right.pointcloud_preprocessor.pointcloud_container]: Instantiate class: rclcpp_components::NodeFactoryTemplate<autoware::pointcloud_preprocessor::CropBoxFilterComponent>
[component_container_mt-48] [INFO] [1785816009.883271905] [control.control_check_container]: Found class: rclcpp_components::NodeFactoryTemplate<autoware::motion::control::autonomous_emergency_braking::AEB>
[component_container_mt-48] [INFO] [1785816009.883321161] [control.control_check_container]: Instantiate class: rclcpp_components::NodeFactoryTemplate<autoware::motion::control::autonomous_emergency_braking::AEB>
[component_container_mt-15] [WARN] [1785816009.888834344] [map.lanelet2_map_loader]: /autoware_map/town10-regen/lanelet2_map.osm has no format_version(null) or non semver-style format_version(null) information
[component_container_mt-15] [INFO] [1785816009.888888710] [map.lanelet2_map_loader]: Loaded map format_version: null
[INFO] [launch_ros.actions.load_composable_nodes]: Loaded node '/sensing/lidar/right/crop_box_filter_self' in container '/sensing/lidar/right/pointcloud_preprocessor/pointcloud_container'
[component_container_mt-43] [INFO] [1785816009.915730040] [planning.planning_validator_container]: Load Library: /opt/autoware/lib/libautoware_planning_validator_component.so
[component_container-19] [INFO] [1785816009.931425277] [sensing.lidar.left.pointcloud_preprocessor.pointcloud_container]: Found class: rclcpp_components::NodeFactoryTemplate<autoware::pointcloud_preprocessor::ApproximateDownsampleFilterComponent>
[component_container-19] [INFO] [1785816009.931476618] [sensing.lidar.left.pointcloud_preprocessor.pointcloud_container]: Found class: rclcpp_components::NodeFactoryTemplate<autoware::pointcloud_preprocessor::BlockageDiagComponent>
[component_container-19] [INFO] [1785816009.931483753] [sensing.lidar.left.pointcloud_preprocessor.pointcloud_container]: Found class: rclcpp_components::NodeFactoryTemplate<autoware::pointcloud_preprocessor::CropBoxFilterComponent>
[component_container-19] [INFO] [1785816009.931489497] [sensing.lidar.left.pointcloud_preprocessor.pointcloud_container]: Instantiate class: rclcpp_components::NodeFactoryTemplate<autoware::pointcloud_preprocessor::CropBoxFilterComponent>
[component_container_mt-40] added a slot with 1 modules
[component_container_mt-40] external_request_lane_change_left registered in slot_configuration is not registered, skipping
[component_container_mt-40] external_request_lane_change_right registered in slot_configuration is not registered, skipping
[component_container_mt-40] added a slot with 6 modules
[component_container_mt-40] added a slot with 1 modules
[component_container_mt-40] dynamic_obstacle_avoidance registered in slot_configuration is not registered, skipping
[component_container_mt-43] [INFO] [1785816009.937008719] [planning.planning_validator_container]: Found class: rclcpp_components::NodeFactoryTemplate<autoware::planning_validator::PlanningValidatorNode>
[component_container_mt-43] [INFO] [1785816009.937057608] [planning.planning_validator_container]: Instantiate class: rclcpp_components::NodeFactoryTemplate<autoware::planning_validator::PlanningValidatorNode>
[component_container_mt-40] [INFO] [1785816009.944646920] [planning.scenario_planning.lane_driving.behavior_planning.behavior_planning_container]: Load Library: /opt/autoware/lib/libautoware_glog_component.so
[INFO] [launch_ros.actions.load_composable_nodes]: Loaded node '/planning/scenario_planning/lane_driving/behavior_planning/behavior_path_planner' in container '/planning/scenario_planning/lane_driving/behavior_planning/behavior_planning_container'
[component_container-18] [INFO] [1785816009.947492407] [sensing.lidar.top.pointcloud_preprocessor.pointcloud_container]: Found class: rclcpp_components::NodeFactoryTemplate<autoware::pointcloud_preprocessor::ApproximateDownsampleFilterComponent>
[component_container-18] [INFO] [1785816009.947536187] [sensing.lidar.top.pointcloud_preprocessor.pointcloud_container]: Found class: rclcpp_components::NodeFactoryTemplate<autoware::pointcloud_preprocessor::BlockageDiagComponent>
[component_container-18] [INFO] [1785816009.947543795] [sensing.lidar.top.pointcloud_preprocessor.pointcloud_container]: Found class: rclcpp_components::NodeFactoryTemplate<autoware::pointcloud_preprocessor::CropBoxFilterComponent>
[component_container-18] [INFO] [1785816009.947549713] [sensing.lidar.top.pointcloud_preprocessor.pointcloud_container]: Instantiate class: rclcpp_components::NodeFactoryTemplate<autoware::pointcloud_preprocessor::CropBoxFilterComponent>
[component_container_mt-15] [INFO] [1785816009.947563409] [map.lanelet2_map_loader]: Succeeded to load lanelet2_map. Map is published.
[component_container_mt-48] [INFO] [1785816009.948049222] [control.control_check_container]: Load Library: /opt/autoware/lib/libautoware_collision_detector.so
[component_container_mt-40] [INFO] [1785816009.950485593] [planning.scenario_planning.lane_driving.behavior_planning.behavior_planning_container]: Found class: rclcpp_components::NodeFactoryTemplate<autoware::glog_component::GlogComponent>
[component_container_mt-40] [INFO] [1785816009.950524759] [planning.scenario_planning.lane_driving.behavior_planning.behavior_planning_container]: Instantiate class: rclcpp_components::NodeFactoryTemplate<autoware::glog_component::GlogComponent>
[component_container_mt-47] [INFO] [1785816009.951396623] [control.control_container]: Load Library: /opt/autoware/lib/libautoware_shift_decider_node.so
[INFO] [launch_ros.actions.load_composable_nodes]: Loaded node '/sensing/lidar/left/crop_box_filter_self' in container '/sensing/lidar/left/pointcloud_preprocessor/pointcloud_container'
[INFO] [launch_ros.actions.load_composable_nodes]: Loaded node '/control/autonomous_emergency_braking' in container '/control/control_check_container'
[component_container_mt-47] [INFO] [1785816009.953137404] [control.control_container]: Found class: rclcpp_components::NodeFactoryTemplate<autoware::shift_decider::ShiftDecider>
[component_container_mt-47] [INFO] [1785816009.953172509] [control.control_container]: Instantiate class: rclcpp_components::NodeFactoryTemplate<autoware::shift_decider::ShiftDecider>
[component_container_mt-48] [INFO] [1785816009.955712209] [control.control_check_container]: Found class: rclcpp_components::NodeFactoryTemplate<autoware::collision_detector::CollisionDetectorNode>
[component_container_mt-48] [INFO] [1785816009.955841676] [control.control_check_container]: Instantiate class: rclcpp_components::NodeFactoryTemplate<autoware::collision_detector::CollisionDetectorNode>
[component_container_mt-1] [INFO] [1785816009.976037103] [pointcloud_container]: Found class: rclcpp_components::NodeFactoryTemplate<autoware::pointcloud_preprocessor::ApproximateDownsampleFilterComponent>
[component_container_mt-1] [INFO] [1785816009.976086518] [pointcloud_container]: Found class: rclcpp_components::NodeFactoryTemplate<autoware::pointcloud_preprocessor::BlockageDiagComponent>
[component_container_mt-1] [INFO] [1785816009.976094474] [pointcloud_container]: Found class: rclcpp_components::NodeFactoryTemplate<autoware::pointcloud_preprocessor::CropBoxFilterComponent>
[component_container_mt-1] [INFO] [1785816009.976099751] [pointcloud_container]: Found class: rclcpp_components::NodeFactoryTemplate<autoware::pointcloud_preprocessor::DistortionCorrectorComponent>
[component_container_mt-1] [INFO] [1785816009.976104700] [pointcloud_container]: Found class: rclcpp_components::NodeFactoryTemplate<autoware::pointcloud_preprocessor::DualReturnOutlierFilterComponent>
[INFO] [launch_ros.actions.load_composable_nodes]: Loaded node '/control/autoware_shift_decider' in container '/control/control_container'
[component_container_mt-1] [INFO] [1785816009.976142773] [pointcloud_container]: Found class: rclcpp_components::NodeFactoryTemplate<autoware::pointcloud_preprocessor::Lanelet2MapFilterComponent>
[component_container_mt-1] [INFO] [1785816009.976148983] [pointcloud_container]: Found class: rclcpp_components::NodeFactoryTemplate<autoware::pointcloud_preprocessor::PassThroughFilterComponent>
[component_container_mt-1] [INFO] [1785816009.976153633] [pointcloud_container]: Found class: rclcpp_components::NodeFactoryTemplate<autoware::pointcloud_preprocessor::PassThroughFilterUInt16Component>
[component_container_mt-1] [INFO] [1785816009.976158346] [pointcloud_container]: Found class: rclcpp_components::NodeFactoryTemplate<autoware::pointcloud_preprocessor::PickupBasedVoxelGridDownsampleFilterComponent>
[component_container_mt-1] [INFO] [1785816009.976162980] [pointcloud_container]: Found class: rclcpp_components::NodeFactoryTemplate<autoware::pointcloud_preprocessor::PointCloudConcatenateDataSynchronizerComponent>
[component_container_mt-1] [INFO] [1785816009.976170428] [pointcloud_container]: Found class: rclcpp_components::NodeFactoryTemplate<autoware::pointcloud_preprocessor::PointCloudConcatenationComponent>
[component_container_mt-1] [INFO] [1785816009.976175446] [pointcloud_container]: Found class: rclcpp_components::NodeFactoryTemplate<autoware::pointcloud_preprocessor::PointCloudDataSynchronizerComponent>
[component_container_mt-1] [INFO] [1785816009.976179996] [pointcloud_container]: Found class: rclcpp_components::NodeFactoryTemplate<autoware::pointcloud_preprocessor::PointCloudDensifierNode>
[INFO] [launch_ros.actions.load_composable_nodes]: Loaded node '/planning/scenario_planning/lane_driving/behavior_planning/glog_component' in container '/planning/scenario_planning/lane_driving/behavior_planning/behavior_planning_container'
[component_container_mt-1] [INFO] [1785816009.976184644] [pointcloud_container]: Found class: rclcpp_components::NodeFactoryTemplate<autoware::pointcloud_preprocessor::PointcloudAccumulatorComponent>
[component_container_mt-1] [INFO] [1785816009.976189953] [pointcloud_container]: Found class: rclcpp_components::NodeFactoryTemplate<autoware::pointcloud_preprocessor::PolarVoxelOutlierFilterComponent>
[component_container_mt-1] [INFO] [1785816009.976194518] [pointcloud_container]: Found class: rclcpp_components::NodeFactoryTemplate<autoware::pointcloud_preprocessor::PolygonRemoverComponent>
[component_container_mt-1] [INFO] [1785816009.976198948] [pointcloud_container]: Found class: rclcpp_components::NodeFactoryTemplate<autoware::pointcloud_preprocessor::RadiusSearch2DOutlierFilterComponent>
[component_container_mt-1] [INFO] [1785816009.976203697] [pointcloud_container]: Found class: rclcpp_components::NodeFactoryTemplate<autoware::pointcloud_preprocessor::RandomDownsampleFilterComponent>
[component_container_mt-1] [INFO] [1785816009.976208113] [pointcloud_container]: Found class: rclcpp_components::NodeFactoryTemplate<autoware::pointcloud_preprocessor::RingOutlierFilterComponent>
[component_container_mt-1] [INFO] [1785816009.976212515] [pointcloud_container]: Found class: rclcpp_components::NodeFactoryTemplate<autoware::pointcloud_preprocessor::VectorMapInsideAreaFilterComponent>
[component_container_mt-1] [INFO] [1785816009.976217159] [pointcloud_container]: Found class: rclcpp_components::NodeFactoryTemplate<autoware::pointcloud_preprocessor::VoxelGridDownsampleFilterComponent>
[component_container_mt-1] [INFO] [1785816009.976221881] [pointcloud_container]: Instantiate class: rclcpp_components::NodeFactoryTemplate<autoware::pointcloud_preprocessor::VoxelGridDownsampleFilterComponent>
[component_container_mt-42] [INFO] [1785816009.988313460] [planning.scenario_planning.parking.parking_container]: Load Library: /opt/autoware/lib/libfreespace_planner_node.so
[component_container_mt-42] [INFO] [1785816010.000440528] [planning.scenario_planning.parking.parking_container]: Found class: rclcpp_components::NodeFactoryTemplate<autoware::freespace_planner::FreespacePlannerNode>
[component_container_mt-42] [INFO] [1785816010.000490974] [planning.scenario_planning.parking.parking_container]: Instantiate class: rclcpp_components::NodeFactoryTemplate<autoware::freespace_planner::FreespacePlannerNode>
[component_container-38] [INFO] [1785816009.991539918] [planning.scenario_planning.velocity_smoother_container]: Load Library: /opt/autoware/lib/libautoware_glog_component.so
[component_container-38] [INFO] [1785816009.992585918] [planning.scenario_planning.velocity_smoother_container]: Found class: rclcpp_components::NodeFactoryTemplate<autoware::glog_component::GlogComponent>
[component_container-38] [INFO] [1785816009.992615660] [planning.scenario_planning.velocity_smoother_container]: Instantiate class: rclcpp_components::NodeFactoryTemplate<autoware::glog_component::GlogComponent>
[INFO] [launch_ros.actions.load_composable_nodes]: Loaded node '/sensing/lidar/top/crop_box_filter_self' in container '/sensing/lidar/top/pointcloud_preprocessor/pointcloud_container'
[INFO] [launch_ros.actions.load_composable_nodes]: Loaded node '/control/collision_detector' in container '/control/control_check_container'
[autoware_manual_lane_change_handler_node-33] [WARN] [1785816010.025652796] [route_handler]: setMap() for invalid version map: 
[autoware_scenario_selector_node-36] [WARN] [1785816010.027462779] [route_handler]: setMap() for invalid version map: 
[component_container_mt-15] [INFO] [1785816010.028266774] [map.map_container]: Load Library: /opt/autoware/lib/liblanelet2_map_visualization_node.so
[component_container_mt-15] [INFO] [1785816010.032776767] [map.map_container]: Found class: rclcpp_components::NodeFactoryTemplate<autoware::lanelet2_map_visualizer::Lanelet2MapVisualizationNode>
[component_container_mt-15] [INFO] [1785816010.032815465] [map.map_container]: Instantiate class: rclcpp_components::NodeFactoryTemplate<autoware::lanelet2_map_visualizer::Lanelet2MapVisualizationNode>
[component_container_mt-34] [INFO] [1785816010.033700496] [planning.mission_planning.mission_planner_container]: Load Library: /opt/autoware/lib/libautoware_glog_component.so
[component_container_mt-48] [INFO] [1785816010.035114839] [control.collision_detector]: waiting for current odometry...
[component_container_mt-34] [INFO] [1785816010.035260549] [planning.mission_planning.mission_planner_container]: Found class: rclcpp_components::NodeFactoryTemplate<autoware::glog_component::GlogComponent>
[component_container_mt-34] [INFO] [1785816010.035288804] [planning.mission_planning.mission_planner_container]: Instantiate class: rclcpp_components::NodeFactoryTemplate<autoware::glog_component::GlogComponent>
[INFO] [launch_ros.actions.load_composable_nodes]: Loaded node '/localization/util/voxel_grid_downsample_filter' in container '/pointcloud_container'
[component_container-20] [INFO] [1785816010.039855086] [sensing.lidar.right.pointcloud_preprocessor.pointcloud_container]: Found class: rclcpp_components::NodeFactoryTemplate<autoware::pointcloud_preprocessor::ApproximateDownsampleFilterComponent>
[INFO] [launch_ros.actions.load_composable_nodes]: Loaded node '/adapi/node/localization' in container '/adapi/container'
[INFO] [launch_ros.actions.load_composable_nodes]: Loaded node '/planning/scenario_planning/glog_component' in container '/planning/scenario_planning/velocity_smoother_container'
[component_container-20] [INFO] [1785816010.040698663] [sensing.lidar.right.pointcloud_preprocessor.pointcloud_container]: Found class: rclcpp_components::NodeFactoryTemplate<autoware::pointcloud_preprocessor::BlockageDiagComponent>
[component_container-20] [INFO] [1785816010.040710760] [sensing.lidar.right.pointcloud_preprocessor.pointcloud_container]: Found class: rclcpp_components::NodeFactoryTemplate<autoware::pointcloud_preprocessor::CropBoxFilterComponent>
[component_container-20] [INFO] [1785816010.040716261] [sensing.lidar.right.pointcloud_preprocessor.pointcloud_container]: Instantiate class: rclcpp_components::NodeFactoryTemplate<autoware::pointcloud_preprocessor::CropBoxFilterComponent>
[component_container-19] [INFO] [1785816010.059294244] [sensing.lidar.left.pointcloud_preprocessor.pointcloud_container]: Found class: rclcpp_components::NodeFactoryTemplate<autoware::pointcloud_preprocessor::ApproximateDownsampleFilterComponent>
[component_container-19] [INFO] [1785816010.059340573] [sensing.lidar.left.pointcloud_preprocessor.pointcloud_container]: Found class: rclcpp_components::NodeFactoryTemplate<autoware::pointcloud_preprocessor::BlockageDiagComponent>
[component_container-19] [INFO] [1785816010.059348689] [sensing.lidar.left.pointcloud_preprocessor.pointcloud_container]: Found class: rclcpp_components::NodeFactoryTemplate<autoware::pointcloud_preprocessor::CropBoxFilterComponent>
[component_container-19] [INFO] [1785816010.059354759] [sensing.lidar.left.pointcloud_preprocessor.pointcloud_container]: Instantiate class: rclcpp_components::NodeFactoryTemplate<autoware::pointcloud_preprocessor::CropBoxFilterComponent>
[component_container_mt-34] [WARN] [1785816010.059974564] [route_handler]: setMap() for invalid version map: 
[component_container-18] [WARN] [1785816010.062382625] [sensing.lidar.top.crop_box_filter_self]: Invalid PointCloud: is_dense is false. The point cloud should be organized (dense) and contain only valid points. This will be an ERROR starting in 2026 JulyFrame: 'velodyne_top', Stamp: 15.072812465
[component_container_mt-47] [INFO] [1785816010.065525625] [control.control_container]: Load Library: /opt/autoware/lib/libvehicle_cmd_gate_node.so
[component_container_mt-47] [INFO] [1785816010.074796345] [control.control_container]: Found class: rclcpp_components::NodeFactoryTemplate<autoware::vehicle_cmd_gate::VehicleCmdGate>
[component_container_mt-47] [INFO] [1785816010.074841414] [control.control_container]: Instantiate class: rclcpp_components::NodeFactoryTemplate<autoware::vehicle_cmd_gate::VehicleCmdGate>
[component_container_mt-42] [INFO] [1785816010.076060704] [planning.scenario_planning.parking.freespace_planner]: initialize planning algorithm: astar
[INFO] [launch_ros.actions.load_composable_nodes]: Loaded node '/planning/mission_planning/glog_component' in container '/planning/mission_planning/mission_planner_container'
[INFO] [launch_ros.actions.load_composable_nodes]: Loaded node '/map/lanelet2_map_visualization' in container '/map/map_container'
[INFO] [launch_ros.actions.load_composable_nodes]: Loaded node '/sensing/lidar/right/crop_box_filter_mirror' in container '/sensing/lidar/right/pointcloud_preprocessor/pointcloud_container'
[component_container-7] [INFO] [1785816010.105113793] [system.component_state_monitor.container]: Load Library: /opt/autoware/lib/libautoware_component_state_monitor.so
[component_container-7] [INFO] [1785816010.106295883] [system.component_state_monitor.container]: Found class: rclcpp_components::NodeFactoryTemplate<autoware::component_state_monitor::StateMonitor>
[component_container-7] [INFO] [1785816010.106319898] [system.component_state_monitor.container]: Instantiate class: rclcpp_components::NodeFactoryTemplate<autoware::component_state_monitor::StateMonitor>
[component_container_mt-34] [INFO] [1785816010.116527406] [planning.mission_planning.mission_planner]: waiting odometry... Route API is not ready.
[component_container_mt-1] [INFO] [1785816010.116707550] [pointcloud_container]: Found class: rclcpp_components::NodeFactoryTemplate<autoware::pointcloud_preprocessor::ApproximateDownsampleFilterComponent>
[component_container_mt-1] [INFO] [1785816010.116783424] [pointcloud_container]: Found class: rclcpp_components::NodeFactoryTemplate<autoware::pointcloud_preprocessor::BlockageDiagComponent>
[component_container_mt-1] [INFO] [1785816010.116789544] [pointcloud_container]: Found class: rclcpp_components::NodeFactoryTemplate<autoware::pointcloud_preprocessor::CropBoxFilterComponent>
[component_container_mt-1] [INFO] [1785816010.116793840] [pointcloud_container]: Found class: rclcpp_components::NodeFactoryTemplate<autoware::pointcloud_preprocessor::DistortionCorrectorComponent>
[component_container_mt-1] [INFO] [1785816010.116797554] [pointcloud_container]: Found class: rclcpp_components::NodeFactoryTemplate<autoware::pointcloud_preprocessor::DualReturnOutlierFilterComponent>
[component_container_mt-1] [INFO] [1785816010.116801827] [pointcloud_container]: Found class: rclcpp_components::NodeFactoryTemplate<autoware::pointcloud_preprocessor::Lanelet2MapFilterComponent>
[component_container_mt-1] [INFO] [1785816010.116805849] [pointcloud_container]: Found class: rclcpp_components::NodeFactoryTemplate<autoware::pointcloud_preprocessor::PassThroughFilterComponent>
[component_container_mt-1] [INFO] [1785816010.116853266] [pointcloud_container]: Found class: rclcpp_components::NodeFactoryTemplate<autoware::pointcloud_preprocessor::PassThroughFilterUInt16Component>
[component_container_mt-1] [INFO] [1785816010.116858809] [pointcloud_container]: Found class: rclcpp_components::NodeFactoryTemplate<autoware::pointcloud_preprocessor::PickupBasedVoxelGridDownsampleFilterComponent>
[component_container_mt-1] [INFO] [1785816010.116863029] [pointcloud_container]: Found class: rclcpp_components::NodeFactoryTemplate<autoware::pointcloud_preprocessor::PointCloudConcatenateDataSynchronizerComponent>
[component_container_mt-1] [INFO] [1785816010.116867058] [pointcloud_container]: Found class: rclcpp_components::NodeFactoryTemplate<autoware::pointcloud_preprocessor::PointCloudConcatenationComponent>
[component_container_mt-1] [INFO] [1785816010.116872696] [pointcloud_container]: Found class: rclcpp_components::NodeFactoryTemplate<autoware::pointcloud_preprocessor::PointCloudDataSynchronizerComponent>
[component_container_mt-1] [INFO] [1785816010.116876195] [pointcloud_container]: Found class: rclcpp_components::NodeFactoryTemplate<autoware::pointcloud_preprocessor::PointCloudDensifierNode>
[component_container_mt-1] [INFO] [1785816010.116879690] [pointcloud_container]: Found class: rclcpp_components::NodeFactoryTemplate<autoware::pointcloud_preprocessor::PointcloudAccumulatorComponent>
[component_container_mt-1] [INFO] [1785816010.116883037] [pointcloud_container]: Found class: rclcpp_components::NodeFactoryTemplate<autoware::pointcloud_preprocessor::PolarVoxelOutlierFilterComponent>
[component_container_mt-1] [INFO] [1785816010.116886562] [pointcloud_container]: Found class: rclcpp_components::NodeFactoryTemplate<autoware::pointcloud_preprocessor::PolygonRemoverComponent>
[component_container_mt-1] [INFO] [1785816010.116890028] [pointcloud_container]: Found class: rclcpp_components::NodeFactoryTemplate<autoware::pointcloud_preprocessor::RadiusSearch2DOutlierFilterComponent>
[component_container_mt-1] [INFO] [1785816010.116970516] [pointcloud_container]: Found class: rclcpp_components::NodeFactoryTemplate<autoware::pointcloud_preprocessor::RandomDownsampleFilterComponent>
[component_container_mt-1] [INFO] [1785816010.116974461] [pointcloud_container]: Instantiate class: rclcpp_components::NodeFactoryTemplate<autoware::pointcloud_preprocessor::RandomDownsampleFilterComponent>
[component_container_mt-40] [INFO] [1785816010.119352151] [planning.scenario_planning.lane_driving.behavior_planning.behavior_planning_container]: Load Library: /opt/autoware/lib/libautoware_behavior_velocity_planner_lib.so
[component_container_mt-15] [INFO] [1785816010.125974099] [map.lanelet2_map_visualization]: Map is loaded
[component_container_mt-15] 
[component_container-18] [INFO] [1785816010.126816084] [sensing.lidar.top.pointcloud_preprocessor.pointcloud_container]: Found class: rclcpp_components::NodeFactoryTemplate<autoware::pointcloud_preprocessor::ApproximateDownsampleFilterComponent>
[component_container-18] [INFO] [1785816010.127031511] [sensing.lidar.top.pointcloud_preprocessor.pointcloud_container]: Found class: rclcpp_components::NodeFactoryTemplate<autoware::pointcloud_preprocessor::BlockageDiagComponent>
[component_container-18] [INFO] [1785816010.127046081] [sensing.lidar.top.pointcloud_preprocessor.pointcloud_container]: Found class: rclcpp_components::NodeFactoryTemplate<autoware::pointcloud_preprocessor::CropBoxFilterComponent>
[component_container-18] [INFO] [1785816010.127052654] [sensing.lidar.top.pointcloud_preprocessor.pointcloud_container]: Instantiate class: rclcpp_components::NodeFactoryTemplate<autoware::pointcloud_preprocessor::CropBoxFilterComponent>
[INFO] [launch_ros.actions.load_composable_nodes]: Loaded node '/planning/scenario_planning/parking/freespace_planner' in container '/planning/scenario_planning/parking/parking_container'
[INFO] [launch_ros.actions.load_composable_nodes]: Loaded node '/sensing/lidar/left/crop_box_filter_mirror' in container '/sensing/lidar/left/pointcloud_preprocessor/pointcloud_container'
[component_container_mt-40] [INFO] [1785816010.134538235] [planning.scenario_planning.lane_driving.behavior_planning.behavior_planning_container]: Found class: rclcpp_components::NodeFactoryTemplate<autoware::behavior_velocity_planner::BehaviorVelocityPlannerNode>
[component_container_mt-40] [INFO] [1785816010.134584356] [planning.scenario_planning.lane_driving.behavior_planning.behavior_planning_container]: Found class: rclcpp_components::NodeFactoryTemplate<autoware::behavior_velocity_planner::experimental::BehaviorVelocityPlannerNode>
[component_container_mt-40] [INFO] [1785816010.134592846] [planning.scenario_planning.lane_driving.behavior_planning.behavior_planning_container]: Instantiate class: rclcpp_components::NodeFactoryTemplate<autoware::behavior_velocity_planner::experimental::BehaviorVelocityPlannerNode>
[component_container_mt-15] [1;33mCould not find valid vertex for ear clipping triangulation. Triangulation result might be invalid[0m
[component_container_mt-15] [1;33mCould not find valid vertex for ear clipping triangulation. Triangulation result might be invalid[0m
[component_container_mt-15] [INFO] [1785816010.143216100] [map.map_container]: Load Library: /opt/autoware/lib/libvector_map_tf_generator_node.so
[component_container-9] [INFO] [1785816010.145757339] [system.mrm_emergency_stop_operator.mrm_emergency_stop_operator_container]: Load Library: /opt/autoware/lib/libautoware_mrm_emergency_stop_operator_component.so
[component_container_mt-15] [1;33mCould not find valid vertex for ear clipping triangulation. Triangulation result might be invalid[0m
[component_container_mt-15] [1;33mCould not find valid vertex for ear clipping triangulation. Triangulation result might be invalid[0m
[component_container_mt-15] [INFO] [1785816010.152361617] [map.map_container]: Found class: rclcpp_components::NodeFactoryTemplate<autoware::map_tf_generator::VectorMapTFGeneratorNode>
[component_container_mt-15] [INFO] [1785816010.152407597] [map.map_container]: Instantiate class: rclcpp_components::NodeFactoryTemplate<autoware::map_tf_generator::VectorMapTFGeneratorNode>
[component_container-9] [INFO] [1785816010.158444539] [system.mrm_emergency_stop_operator.mrm_emergency_stop_operator_container]: Found class: rclcpp_components::NodeFactoryTemplate<autoware::mrm_emergency_stop_operator::MrmEmergencyStopOperator>
[component_container-9] [INFO] [1785816010.158491032] [system.mrm_emergency_stop_operator.mrm_emergency_stop_operator_container]: Instantiate class: rclcpp_components::NodeFactoryTemplate<autoware::mrm_emergency_stop_operator::MrmEmergencyStopOperator>
[INFO] [launch_ros.actions.load_composable_nodes]: Loaded node '/planning/scenario_planning/lane_driving/motion_planning/motion_velocity_planner' in container '/planning/scenario_planning/lane_driving/motion_planning/motion_planning_container'
[component_container_mt-41] [INFO] [1785816010.162095059] [planning.scenario_planning.lane_driving.motion_planning.motion_planning_container]: Load Library: /opt/autoware/lib/libautoware_glog_component.so
[component_container-7] [INFO] [1785816010.164332357] [system.component_state_monitor.container]: Load Library: /opt/autoware/lib/libautoware_topic_state_monitor.so
[component_container-7] [INFO] [1785816010.165139713] [system.component_state_monitor.container]: Found class: rclcpp_components::NodeFactoryTemplate<autoware::topic_state_monitor::TopicStateMonitorNode>
[component_container-7] [INFO] [1785816010.165155340] [system.component_state_monitor.container]: Instantiate class: rclcpp_components::NodeFactoryTemplate<autoware::topic_state_monitor::TopicStateMonitorNode>
[component_container_mt-41] [INFO] [1785816010.164627825] [planning.scenario_planning.lane_driving.motion_planning.motion_planning_container]: Found class: rclcpp_components::NodeFactoryTemplate<autoware::glog_component::GlogComponent>
[component_container_mt-41] [INFO] [1785816010.164665342] [planning.scenario_planning.lane_driving.motion_planning.motion_planning_container]: Instantiate class: rclcpp_components::NodeFactoryTemplate<autoware::glog_component::GlogComponent>
[component_container-20] [INFO] [1785816010.166609063] [sensing.lidar.right.pointcloud_preprocessor.pointcloud_container]: Found class: rclcpp_components::NodeFactoryTemplate<autoware::pointcloud_preprocessor::ApproximateDownsampleFilterComponent>
[component_container-20] [INFO] [1785816010.166648862] [sensing.lidar.right.pointcloud_preprocessor.pointcloud_container]: Found class: rclcpp_components::NodeFactoryTemplate<autoware::pointcloud_preprocessor::BlockageDiagComponent>
[component_container-20] [INFO] [1785816010.166656460] [sensing.lidar.right.pointcloud_preprocessor.pointcloud_container]: Found class: rclcpp_components::NodeFactoryTemplate<autoware::pointcloud_preprocessor::CropBoxFilterComponent>
[component_container-20] [INFO] [1785816010.166661902] [sensing.lidar.right.pointcloud_preprocessor.pointcloud_container]: Found class: rclcpp_components::NodeFactoryTemplate<autoware::pointcloud_preprocessor::DistortionCorrectorComponent>
[component_container-20] [INFO] [1785816010.166667452] [sensing.lidar.right.pointcloud_preprocessor.pointcloud_container]: Instantiate class: rclcpp_components::NodeFactoryTemplate<autoware::pointcloud_preprocessor::DistortionCorrectorComponent>
[INFO] [launch_ros.actions.load_composable_nodes]: Loaded node '/system/component_state_monitor/component' in container '/system/component_state_monitor/container'
[INFO] [launch_ros.actions.load_composable_nodes]: Loaded node '/localization/util/random_downsample_filter' in container '/pointcloud_container'
[component_container_mt-42] [INFO] [1785816010.171356553] [planning.scenario_planning.parking.parking_container]: Load Library: /opt/autoware/lib/libautoware_glog_component.so
[component_container_mt-42] [INFO] [1785816010.174388417] [planning.scenario_planning.parking.parking_container]: Found class: rclcpp_components::NodeFactoryTemplate<autoware::glog_component::GlogComponent>
[component_container_mt-42] [INFO] [1785816010.174429906] [planning.scenario_planning.parking.parking_container]: Instantiate class: rclcpp_components::NodeFactoryTemplate<autoware::glog_component::GlogComponent>
[component_container-19] [INFO] [1785816010.174938258] [sensing.lidar.left.pointcloud_preprocessor.pointcloud_container]: Found class: rclcpp_components::NodeFactoryTemplate<autoware::pointcloud_preprocessor::ApproximateDownsampleFilterComponent>
[component_container-19] [INFO] [1785816010.174975495] [sensing.lidar.left.pointcloud_preprocessor.pointcloud_container]: Found class: rclcpp_components::NodeFactoryTemplate<autoware::pointcloud_preprocessor::BlockageDiagComponent>
[component_container-19] [INFO] [1785816010.174982905] [sensing.lidar.left.pointcloud_preprocessor.pointcloud_container]: Found class: rclcpp_components::NodeFactoryTemplate<autoware::pointcloud_preprocessor::CropBoxFilterComponent>
[component_container-19] [INFO] [1785816010.174989251] [sensing.lidar.left.pointcloud_preprocessor.pointcloud_container]: Found class: rclcpp_components::NodeFactoryTemplate<autoware::pointcloud_preprocessor::DistortionCorrectorComponent>
[component_container-19] [INFO] [1785816010.175029794] [sensing.lidar.left.pointcloud_preprocessor.pointcloud_container]: Instantiate class: rclcpp_components::NodeFactoryTemplate<autoware::pointcloud_preprocessor::DistortionCorrectorComponent>
[INFO] [launch_ros.actions.load_composable_nodes]: Loaded node '/map/vector_map_tf_generator' in container '/map/map_container'
[INFO] [launch_ros.actions.load_composable_nodes]: Loaded node '/control/vehicle_cmd_gate' in container '/control/control_container'
[component_container_mt-41] [INFO] [1785816010.208792551] [planning.scenario_planning.lane_driving.motion_planning.motion_planning_container]: Load Library: /opt/autoware/lib/libautoware_path_smoother.so
[INFO] [launch_ros.actions.load_composable_nodes]: Loaded node '/sensing/lidar/top/crop_box_filter_mirror' in container '/sensing/lidar/top/pointcloud_preprocessor/pointcloud_container'
[INFO] [launch_ros.actions.load_composable_nodes]: Loaded node '/planning/scenario_planning/lane_driving/motion_planning/glog_component' in container '/planning/scenario_planning/lane_driving/motion_planning/motion_planning_container'
[component_container_mt-47] [INFO] [1785816010.212477186] [control.control_container]: Load Library: /opt/autoware/lib/libautoware_operation_mode_transition_manager_node.so
[INFO] [launch_ros.actions.load_composable_nodes]: Loaded node '/system/topic_state_monitor_vector_map' in container '/system/component_state_monitor/container'
[component_container_mt-41] [INFO] [1785816010.214846806] [planning.scenario_planning.lane_driving.motion_planning.motion_planning_container]: Found class: rclcpp_components::NodeFactoryTemplate<autoware::path_smoother::ElasticBandSmoother>
[component_container_mt-41] [INFO] [1785816010.214887475] [planning.scenario_planning.lane_driving.motion_planning.motion_planning_container]: Instantiate class: rclcpp_components::NodeFactoryTemplate<autoware::path_smoother::ElasticBandSmoother>
[component_container-7] [INFO] [1785816010.216980869] [system.component_state_monitor.container]: Found class: rclcpp_components::NodeFactoryTemplate<autoware::topic_state_monitor::TopicStateMonitorNode>
[INFO] [launch_ros.actions.load_composable_nodes]: Loaded node '/adapi/node/routing' in container '/adapi/container'
[INFO] [launch_ros.actions.load_composable_nodes]: Loaded node '/system/mrm_emergency_stop_operator' in container '/system/mrm_emergency_stop_operator/mrm_emergency_stop_operator_container'
[component_container-7] [INFO] [1785816010.217014815] [system.component_state_monitor.container]: Instantiate class: rclcpp_components::NodeFactoryTemplate<autoware::topic_state_monitor::TopicStateMonitorNode>
[component_container_mt-47] [INFO] [1785816010.218898931] [control.control_container]: Found class: rclcpp_components::NodeFactoryTemplate<autoware::operation_mode_transition_manager::AutonomousModeTransitionFlagNode>
[component_container_mt-47] [INFO] [1785816010.218938015] [control.control_container]: Found class: rclcpp_components::NodeFactoryTemplate<autoware::operation_mode_transition_manager::OperationModeTransitionManager>
[component_container_mt-47] [INFO] [1785816010.218945585] [control.control_container]: Instantiate class: rclcpp_components::NodeFactoryTemplate<autoware::operation_mode_transition_manager::OperationModeTransitionManager>
[component_container-18] [INFO] [1785816010.228810939] [sensing.lidar.top.pointcloud_preprocessor.pointcloud_container]: Found class: rclcpp_components::NodeFactoryTemplate<autoware::pointcloud_preprocessor::ApproximateDownsampleFilterComponent>
[component_container-18] [INFO] [1785816010.228845062] [sensing.lidar.top.pointcloud_preprocessor.pointcloud_container]: Found class: rclcpp_components::NodeFactoryTemplate<autoware::pointcloud_preprocessor::BlockageDiagComponent>
[component_container-18] [INFO] [1785816010.228850461] [sensing.lidar.top.pointcloud_preprocessor.pointcloud_container]: Found class: rclcpp_components::NodeFactoryTemplate<autoware::pointcloud_preprocessor::CropBoxFilterComponent>
[component_container-18] [INFO] [1785816010.228854480] [sensing.lidar.top.pointcloud_preprocessor.pointcloud_container]: Found class: rclcpp_components::NodeFactoryTemplate<autoware::pointcloud_preprocessor::DistortionCorrectorComponent>
[component_container-18] [INFO] [1785816010.228858459] [sensing.lidar.top.pointcloud_preprocessor.pointcloud_container]: Instantiate class: rclcpp_components::NodeFactoryTemplate<autoware::pointcloud_preprocessor::DistortionCorrectorComponent>
[INFO] [launch_ros.actions.load_composable_nodes]: Loaded node '/sensing/lidar/left/distortion_corrector_node' in container '/sensing/lidar/left/pointcloud_preprocessor/pointcloud_container'
[component_container-19] [INFO] [1785816010.264761029] [sensing.lidar.left.pointcloud_preprocessor.pointcloud_container]: Found class: rclcpp_components::NodeFactoryTemplate<autoware::pointcloud_preprocessor::ApproximateDownsampleFilterComponent>
[component_container-19] [INFO] [1785816010.264811548] [sensing.lidar.left.pointcloud_preprocessor.pointcloud_container]: Found class: rclcpp_components::NodeFactoryTemplate<autoware::pointcloud_preprocessor::BlockageDiagComponent>
[component_container-19] [INFO] [1785816010.264819000] [sensing.lidar.left.pointcloud_preprocessor.pointcloud_container]: Found class: rclcpp_components::NodeFactoryTemplate<autoware::pointcloud_preprocessor::CropBoxFilterComponent>
[component_container-19] [INFO] [1785816010.264855529] [sensing.lidar.left.pointcloud_preprocessor.pointcloud_container]: Found class: rclcpp_components::NodeFactoryTemplate<autoware::pointcloud_preprocessor::DistortionCorrectorComponent>
[component_container-19] [INFO] [1785816010.264860560] [sensing.lidar.left.pointcloud_preprocessor.pointcloud_container]: Found class: rclcpp_components::NodeFactoryTemplate<autoware::pointcloud_preprocessor::DualReturnOutlierFilterComponent>
[component_container-19] [INFO] [1785816010.264865059] [sensing.lidar.left.pointcloud_preprocessor.pointcloud_container]: Found class: rclcpp_components::NodeFactoryTemplate<autoware::pointcloud_preprocessor::Lanelet2MapFilterComponent>
[component_container-19] [INFO] [1785816010.264869711] [sensing.lidar.left.pointcloud_preprocessor.pointcloud_container]: Found class: rclcpp_components::NodeFactoryTemplate<autoware::pointcloud_preprocessor::PassThroughFilterComponent>
[component_container-19] [INFO] [1785816010.264873729] [sensing.lidar.left.pointcloud_preprocessor.pointcloud_container]: Found class: rclcpp_components::NodeFactoryTemplate<autoware::pointcloud_preprocessor::PassThroughFilterUInt16Component>
[component_container-19] [INFO] [1785816010.264877920] [sensing.lidar.left.pointcloud_preprocessor.pointcloud_container]: Found class: rclcpp_components::NodeFactoryTemplate<autoware::pointcloud_preprocessor::PickupBasedVoxelGridDownsampleFilterComponent>
[component_container-19] [INFO] [1785816010.264881967] [sensing.lidar.left.pointcloud_preprocessor.pointcloud_container]: Found class: rclcpp_components::NodeFactoryTemplate<autoware::pointcloud_preprocessor::PointCloudConcatenateDataSynchronizerComponent>
[component_container-19] [INFO] [1785816010.264886314] [sensing.lidar.left.pointcloud_preprocessor.pointcloud_container]: Found class: rclcpp_components::NodeFactoryTemplate<autoware::pointcloud_preprocessor::PointCloudConcatenationComponent>
[component_container-19] [INFO] [1785816010.266957449] [sensing.lidar.left.pointcloud_preprocessor.pointcloud_container]: Found class: rclcpp_components::NodeFactoryTemplate<autoware::pointcloud_preprocessor::PointCloudDataSynchronizerComponent>
[component_container-19] [INFO] [1785816010.267000708] [sensing.lidar.left.pointcloud_preprocessor.pointcloud_container]: Found class: rclcpp_components::NodeFactoryTemplate<autoware::pointcloud_preprocessor::PointCloudDensifierNode>
[component_container-19] [INFO] [1785816010.267006882] [sensing.lidar.left.pointcloud_preprocessor.pointcloud_container]: Found class: rclcpp_components::NodeFactoryTemplate<autoware::pointcloud_preprocessor::PointcloudAccumulatorComponent>
[component_container-19] [INFO] [1785816010.267012300] [sensing.lidar.left.pointcloud_preprocessor.pointcloud_container]: Found class: rclcpp_components::NodeFactoryTemplate<autoware::pointcloud_preprocessor::PolarVoxelOutlierFilterComponent>
[component_container-19] [INFO] [1785816010.267016969] [sensing.lidar.left.pointcloud_preprocessor.pointcloud_container]: Found class: rclcpp_components::NodeFactoryTemplate<autoware::pointcloud_preprocessor::PolygonRemoverComponent>
[component_container-19] [INFO] [1785816010.267022872] [sensing.lidar.left.pointcloud_preprocessor.pointcloud_container]: Found class: rclcpp_components::NodeFactoryTemplate<autoware::pointcloud_preprocessor::RadiusSearch2DOutlierFilterComponent>
[component_container-19] [INFO] [1785816010.267027406] [sensing.lidar.left.pointcloud_preprocessor.pointcloud_container]: Found class: rclcpp_components::NodeFactoryTemplate<autoware::pointcloud_preprocessor::RandomDownsampleFilterComponent>
[component_container-19] [INFO] [1785816010.267031820] [sensing.lidar.left.pointcloud_preprocessor.pointcloud_container]: Found class: rclcpp_components::NodeFactoryTemplate<autoware::pointcloud_preprocessor::RingOutlierFilterComponent>
[component_container-19] [INFO] [1785816010.267036590] [sensing.lidar.left.pointcloud_preprocessor.pointcloud_container]: Instantiate class: rclcpp_components::NodeFactoryTemplate<autoware::pointcloud_preprocessor::RingOutlierFilterComponent>
[INFO] [launch_ros.actions.load_composable_nodes]: Loaded node '/sensing/lidar/right/distortion_corrector_node' in container '/sensing/lidar/right/pointcloud_preprocessor/pointcloud_container'
[component_container-7] [INFO] [1785816010.274453428] [system.topic_state_monitor_vector_map]: /map/vector_map has not received. Set ERROR in diagnostics.
[INFO] [launch_ros.actions.load_composable_nodes]: Loaded node '/system/topic_state_monitor_pointcloud_map' in container '/system/component_state_monitor/container'
[INFO] [launch_ros.actions.load_composable_nodes]: Loaded node '/planning/scenario_planning/parking/glog_component' in container '/planning/scenario_planning/parking/parking_container'
[component_container-7] [INFO] [1785816010.278965483] [system.component_state_monitor.container]: Found class: rclcpp_components::NodeFactoryTemplate<autoware::topic_state_monitor::TopicStateMonitorNode>
[component_container-7] [INFO] [1785816010.279010614] [system.component_state_monitor.container]: Instantiate class: rclcpp_components::NodeFactoryTemplate<autoware::topic_state_monitor::TopicStateMonitorNode>
[INFO] [launch_ros.actions.load_composable_nodes]: Loaded node '/planning/scenario_planning/lane_driving/motion_planning/elastic_band_smoother' in container '/planning/scenario_planning/lane_driving/motion_planning/motion_planning_container'
[autoware_mrm_handler_node-13] [INFO] [1785816010.281882018] [system.mrm_handler]: MRM State changed: NORMAL -> MRM_OPERATING
[autoware_mrm_handler_node-13] [WARN] [1785816010.281946677] [system.mrm_handler]: no mrm operation available: operate emergency_stop
[component_container_mt-47] [WARN] [1785816010.283675861] [control.vehicle_cmd_gate]: emergency_state_heartbeat_received_time_ is false
[component_container_mt-47] [INFO] [1785816010.283718535] [control.vehicle_cmd_gate]: waiting topics...
[autoware_mrm_handler_node-13] [WARN] [1785816010.283928140] [system.mrm_handler]: EMERGENCY_STOP is operated.
[component_container-20] [INFO] [1785816010.283942630] [sensing.lidar.right.pointcloud_preprocessor.pointcloud_container]: Found class: rclcpp_components::NodeFactoryTemplate<autoware::pointcloud_preprocessor::ApproximateDownsampleFilterComponent>
[component_container-20] [INFO] [1785816010.283977368] [sensing.lidar.right.pointcloud_preprocessor.pointcloud_container]: Found class: rclcpp_components::NodeFactoryTemplate<autoware::pointcloud_preprocessor::BlockageDiagComponent>
[component_container-20] [INFO] [1785816010.283984976] [sensing.lidar.right.pointcloud_preprocessor.pointcloud_container]: Found class: rclcpp_components::NodeFactoryTemplate<autoware::pointcloud_preprocessor::CropBoxFilterComponent>
[component_container-20] [INFO] [1785816010.284093832] [sensing.lidar.right.pointcloud_preprocessor.pointcloud_container]: Found class: rclcpp_components::NodeFactoryTemplate<autoware::pointcloud_preprocessor::DistortionCorrectorComponent>
[component_container-20] [INFO] [1785816010.284104184] [sensing.lidar.right.pointcloud_preprocessor.pointcloud_container]: Found class: rclcpp_components::NodeFactoryTemplate<autoware::pointcloud_preprocessor::DualReturnOutlierFilterComponent>
[component_container-20] [INFO] [1785816010.284110338] [sensing.lidar.right.pointcloud_preprocessor.pointcloud_container]: Found class: rclcpp_components::NodeFactoryTemplate<autoware::pointcloud_preprocessor::Lanelet2MapFilterComponent>
[component_container-20] [INFO] [1785816010.284116268] [sensing.lidar.right.pointcloud_preprocessor.pointcloud_container]: Found class: rclcpp_components::NodeFactoryTemplate<autoware::pointcloud_preprocessor::PassThroughFilterComponent>
[component_container-20] [INFO] [1785816010.284133288] [sensing.lidar.right.pointcloud_preprocessor.pointcloud_container]: Found class: rclcpp_components::NodeFactoryTemplate<autoware::pointcloud_preprocessor::PassThroughFilterUInt16Component>
[component_container-20] [INFO] [1785816010.284138679] [sensing.lidar.right.pointcloud_preprocessor.pointcloud_container]: Found class: rclcpp_components::NodeFactoryTemplate<autoware::pointcloud_preprocessor::PickupBasedVoxelGridDownsampleFilterComponent>
[component_container-20] [INFO] [1785816010.284143945] [sensing.lidar.right.pointcloud_preprocessor.pointcloud_container]: Found class: rclcpp_components::NodeFactoryTemplate<autoware::pointcloud_preprocessor::PointCloudConcatenateDataSynchronizerComponent>
[component_container-20] [INFO] [1785816010.284149024] [sensing.lidar.right.pointcloud_preprocessor.pointcloud_container]: Found class: rclcpp_components::NodeFactoryTemplate<autoware::pointcloud_preprocessor::PointCloudConcatenationComponent>
[component_container-20] [INFO] [1785816010.284154315] [sensing.lidar.right.pointcloud_preprocessor.pointcloud_container]: Found class: rclcpp_components::NodeFactoryTemplate<autoware::pointcloud_preprocessor::PointCloudDataSynchronizerComponent>
[component_container-20] [INFO] [1785816010.284159661] [sensing.lidar.right.pointcloud_preprocessor.pointcloud_container]: Found class: rclcpp_components::NodeFactoryTemplate<autoware::pointcloud_preprocessor::PointCloudDensifierNode>
[component_container-20] [INFO] [1785816010.284164855] [sensing.lidar.right.pointcloud_preprocessor.pointcloud_container]: Found class: rclcpp_components::NodeFactoryTemplate<autoware::pointcloud_preprocessor::PointcloudAccumulatorComponent>
[component_container-20] [INFO] [1785816010.284169938] [sensing.lidar.right.pointcloud_preprocessor.pointcloud_container]: Found class: rclcpp_components::NodeFactoryTemplate<autoware::pointcloud_preprocessor::PolarVoxelOutlierFilterComponent>
[component_container-20] [INFO] [1785816010.284175046] [sensing.lidar.right.pointcloud_preprocessor.pointcloud_container]: Found class: rclcpp_components::NodeFactoryTemplate<autoware::pointcloud_preprocessor::PolygonRemoverComponent>
[component_container-20] [INFO] [1785816010.284181093] [sensing.lidar.right.pointcloud_preprocessor.pointcloud_container]: Found class: rclcpp_components::NodeFactoryTemplate<autoware::pointcloud_preprocessor::RadiusSearch2DOutlierFilterComponent>
[component_container-20] [INFO] [1785816010.284187882] [sensing.lidar.right.pointcloud_preprocessor.pointcloud_container]: Found class: rclcpp_components::NodeFactoryTemplate<autoware::pointcloud_preprocessor::RandomDownsampleFilterComponent>
[component_container-20] [INFO] [1785816010.284192890] [sensing.lidar.right.pointcloud_preprocessor.pointcloud_container]: Found class: rclcpp_components::NodeFactoryTemplate<autoware::pointcloud_preprocessor::RingOutlierFilterComponent>
[component_container-20] [INFO] [1785816010.284199616] [sensing.lidar.right.pointcloud_preprocessor.pointcloud_container]: Instantiate class: rclcpp_components::NodeFactoryTemplate<autoware::pointcloud_preprocessor::RingOutlierFilterComponent>
[component_container_mt-41] [INFO] [1785816010.285272524] [planning.scenario_planning.lane_driving.motion_planning.motion_planning_container]: Load Library: /opt/autoware/lib/libautoware_path_optimizer.so
[component_container_mt-47] [WARN] [1785816010.287931976] [control.vehicle_cmd_gate]: Emergency!
[component_container_mt-15] [INFO] [1785816010.287984987] [map.vector_map_tf_generator]: broadcast static tf. map_frame:map, viewer_frame:viewer, x:-9.0952, y:-32.2807, z:0
[component_container_mt-41] [INFO] [1785816010.289930805] [planning.scenario_planning.lane_driving.motion_planning.motion_planning_container]: Found class: rclcpp_components::NodeFactoryTemplate<autoware::path_optimizer::PathOptimizer>
[component_container_mt-41] [INFO] [1785816010.289979075] [planning.scenario_planning.lane_driving.motion_planning.motion_planning_container]: Instantiate class: rclcpp_components::NodeFactoryTemplate<autoware::path_optimizer::PathOptimizer>
[INFO] [launch_ros.actions.load_composable_nodes]: Loaded node '/planning/planning_validator' in container '/planning/planning_validator_container'
[INFO] [launch_ros.actions.load_composable_nodes]: Loaded node '/control/autoware_operation_mode_transition_manager' in container '/control/control_container'
[INFO] [launch_ros.actions.load_composable_nodes]: Loaded node '/sensing/lidar/top/distortion_corrector_node' in container '/sensing/lidar/top/pointcloud_preprocessor/pointcloud_container'
[component_container-18] [INFO] [1785816010.328167440] [sensing.lidar.top.pointcloud_preprocessor.pointcloud_container]: Found class: rclcpp_components::NodeFactoryTemplate<autoware::pointcloud_preprocessor::ApproximateDownsampleFilterComponent>
[component_container-18] [INFO] [1785816010.328200255] [sensing.lidar.top.pointcloud_preprocessor.pointcloud_container]: Found class: rclcpp_components::NodeFactoryTemplate<autoware::pointcloud_preprocessor::BlockageDiagComponent>
[component_container-18] [INFO] [1785816010.328236120] [sensing.lidar.top.pointcloud_preprocessor.pointcloud_container]: Found class: rclcpp_components::NodeFactoryTemplate<autoware::pointcloud_preprocessor::CropBoxFilterComponent>
[component_container-18] [INFO] [1785816010.328241550] [sensing.lidar.top.pointcloud_preprocessor.pointcloud_container]: Found class: rclcpp_components::NodeFactoryTemplate<autoware::pointcloud_preprocessor::DistortionCorrectorComponent>
[component_container-18] [INFO] [1785816010.328246363] [sensing.lidar.top.pointcloud_preprocessor.pointcloud_container]: Found class: rclcpp_components::NodeFactoryTemplate<autoware::pointcloud_preprocessor::DualReturnOutlierFilterComponent>
[component_container-18] [INFO] [1785816010.328250767] [sensing.lidar.top.pointcloud_preprocessor.pointcloud_container]: Found class: rclcpp_components::NodeFactoryTemplate<autoware::pointcloud_preprocessor::Lanelet2MapFilterComponent>
[component_container-18] [INFO] [1785816010.328255015] [sensing.lidar.top.pointcloud_preprocessor.pointcloud_container]: Found class: rclcpp_components::NodeFactoryTemplate<autoware::pointcloud_preprocessor::PassThroughFilterComponent>
[component_container-18] [INFO] [1785816010.328259104] [sensing.lidar.top.pointcloud_preprocessor.pointcloud_container]: Found class: rclcpp_components::NodeFactoryTemplate<autoware::pointcloud_preprocessor::PassThroughFilterUInt16Component>
[component_container-18] [INFO] [1785816010.328263054] [sensing.lidar.top.pointcloud_preprocessor.pointcloud_container]: Found class: rclcpp_components::NodeFactoryTemplate<autoware::pointcloud_preprocessor::PickupBasedVoxelGridDownsampleFilterComponent>
[component_container-18] [INFO] [1785816010.328267240] [sensing.lidar.top.pointcloud_preprocessor.pointcloud_container]: Found class: rclcpp_components::NodeFactoryTemplate<autoware::pointcloud_preprocessor::PointCloudConcatenateDataSynchronizerComponent>
[component_container-18] [INFO] [1785816010.328271019] [sensing.lidar.top.pointcloud_preprocessor.pointcloud_container]: Found class: rclcpp_components::NodeFactoryTemplate<autoware::pointcloud_preprocessor::PointCloudConcatenationComponent>
[component_container-18] [INFO] [1785816010.328275118] [sensing.lidar.top.pointcloud_preprocessor.pointcloud_container]: Found class: rclcpp_components::NodeFactoryTemplate<autoware::pointcloud_preprocessor::PointCloudDataSynchronizerComponent>
[component_container-18] [INFO] [1785816010.328279164] [sensing.lidar.top.pointcloud_preprocessor.pointcloud_container]: Found class: rclcpp_components::NodeFactoryTemplate<autoware::pointcloud_preprocessor::PointCloudDensifierNode>
[component_container-18] [INFO] [1785816010.328283300] [sensing.lidar.top.pointcloud_preprocessor.pointcloud_container]: Found class: rclcpp_components::NodeFactoryTemplate<autoware::pointcloud_preprocessor::PointcloudAccumulatorComponent>
[component_container-18] [INFO] [1785816010.328287408] [sensing.lidar.top.pointcloud_preprocessor.pointcloud_container]: Found class: rclcpp_components::NodeFactoryTemplate<autoware::pointcloud_preprocessor::PolarVoxelOutlierFilterComponent>
[component_container-18] [INFO] [1785816010.328291114] [sensing.lidar.top.pointcloud_preprocessor.pointcloud_container]: Found class: rclcpp_components::NodeFactoryTemplate<autoware::pointcloud_preprocessor::PolygonRemoverComponent>
[component_container-18] [INFO] [1785816010.328295846] [sensing.lidar.top.pointcloud_preprocessor.pointcloud_container]: Found class: rclcpp_components::NodeFactoryTemplate<autoware::pointcloud_preprocessor::RadiusSearch2DOutlierFilterComponent>
[component_container-18] [INFO] [1785816010.328299595] [sensing.lidar.top.pointcloud_preprocessor.pointcloud_container]: Found class: rclcpp_components::NodeFactoryTemplate<autoware::pointcloud_preprocessor::RandomDownsampleFilterComponent>
[component_container-18] [INFO] [1785816010.328303414] [sensing.lidar.top.pointcloud_preprocessor.pointcloud_container]: Found class: rclcpp_components::NodeFactoryTemplate<autoware::pointcloud_preprocessor::RingOutlierFilterComponent>
[component_container-18] [INFO] [1785816010.328308542] [sensing.lidar.top.pointcloud_preprocessor.pointcloud_container]: Instantiate class: rclcpp_components::NodeFactoryTemplate<autoware::pointcloud_preprocessor::RingOutlierFilterComponent>
[INFO] [launch_ros.actions.load_composable_nodes]: Loaded node '/sensing/lidar/left/ring_outlier_filter' in container '/sensing/lidar/left/pointcloud_preprocessor/pointcloud_container'
[component_container-7] [INFO] [1785816010.335724052] [system.component_state_monitor.container]: Found class: rclcpp_components::NodeFactoryTemplate<autoware::topic_state_monitor::TopicStateMonitorNode>
[component_container-7] [INFO] [1785816010.335755762] [system.component_state_monitor.container]: Instantiate class: rclcpp_components::NodeFactoryTemplate<autoware::topic_state_monitor::TopicStateMonitorNode>
[INFO] [launch_ros.actions.load_composable_nodes]: Loaded node '/system/topic_state_monitor_initialpose3d' in container '/system/component_state_monitor/container'
[INFO] [launch_ros.actions.load_composable_nodes]: Loaded node '/sensing/lidar/right/ring_outlier_filter' in container '/sensing/lidar/right/pointcloud_preprocessor/pointcloud_container'
[INFO] [launch_ros.actions.load_composable_nodes]: Loaded node '/adapi/node/autoware_state' in container '/adapi/container'
[component_container_mt-40] [INFO] [1785816010.355636212] [planning.scenario_planning.lane_driving.behavior_planning.behavior_velocity_planner]: The scene plugin 'autoware::behavior_velocity_planner::experimental::CrosswalkModulePlugin' is loaded.
[component_container_mt-40] [INFO] [1785816010.365220657] [planning.scenario_planning.lane_driving.behavior_planning.behavior_velocity_planner]: The scene plugin 'autoware::behavior_velocity_planner::experimental::WalkwayModulePlugin' is loaded.
[INFO] [launch_ros.actions.load_composable_nodes]: Loaded node '/planning/scenario_planning/lane_driving/motion_planning/path_optimizer' in container '/planning/scenario_planning/lane_driving/motion_planning/motion_planning_container'
[autoware_mrm_handler_node-13] [WARN] [1785816010.381260599] [system.mrm_handler]: no mrm operation available: operate emergency_stop
[INFO] [launch_ros.actions.load_composable_nodes]: Loaded node '/adapi/node/diagnostics' in container '/adapi/container'
[component_container-7] [INFO] [1785816010.391866933] [system.component_state_monitor.container]: Found class: rclcpp_components::NodeFactoryTemplate<autoware::topic_state_monitor::TopicStateMonitorNode>
[INFO] [launch_ros.actions.load_composable_nodes]: Loaded node '/system/topic_state_monitor_pose_twist_fusion_filter_pose' in container '/system/component_state_monitor/container'
[component_container-7] [INFO] [1785816010.391904624] [system.component_state_monitor.container]: Instantiate class: rclcpp_components::NodeFactoryTemplate<autoware::topic_state_monitor::TopicStateMonitorNode>
[component_container-18] [WARN] [1785816010.397717376] [sensing.lidar.top.distortion_corrector_node]: Twist time_stamp is too late. Could not interpolate.
[INFO] [launch_ros.actions.load_composable_nodes]: Loaded node '/sensing/lidar/top/ring_outlier_filter' in container '/sensing/lidar/top/pointcloud_preprocessor/pointcloud_container'
[component_container-18] [WARN] [1785816010.398027824] [sensing.lidar.top.distortion_corrector_node]: IMU time_stamp is too late. Could not interpolate.
[component_container_mt-40] [INFO] [1785816010.398362299] [planning.scenario_planning.lane_driving.behavior_planning.behavior_velocity_planner]: The scene plugin 'autoware::behavior_velocity_planner::experimental::TrafficLightModulePlugin' is loaded.
[INFO] [launch_ros.actions.load_composable_nodes]: Loaded node '/system/topic_state_monitor_obstacle_segmentation_pointcloud' in container '/system/component_state_monitor/container'
[component_container-7] [INFO] [1785816010.413851310] [system.component_state_monitor.container]: Found class: rclcpp_components::NodeFactoryTemplate<autoware::topic_state_monitor::TopicStateMonitorNode>
[component_container-7] [INFO] [1785816010.413898983] [system.component_state_monitor.container]: Instantiate class: rclcpp_components::NodeFactoryTemplate<autoware::topic_state_monitor::TopicStateMonitorNode>
[INFO] [launch_ros.actions.load_composable_nodes]: Loaded node '/adapi/node/fail_safe' in container '/adapi/container'
[autoware_pose_initializer_node-26] [INFO] [1785816010.434276717] [localization.util.pose_initializer]: EKF triggering service is available!
[autoware_pose_initializer_node-26] [INFO] [1785816010.435862572] [localization.util.pose_initializer]: EKF Deactivation succeeded
[autoware_pose_initializer_node-26] [INFO] [1785816010.436078611] [localization.util.pose_initializer]: NDT triggering service is available!
[autoware_pose_initializer_node-26] [INFO] [1785816010.437833993] [localization.util.pose_initializer]: NDT Deactivation succeeded
[autoware_pose_initializer_node-26] [INFO] [1785816010.438069106] [localization.util.pose_initializer]: fit_target: pointcloud_map, frame: map
[component_container-7] [INFO] [1785816010.443675300] [system.component_state_monitor.container]: Found class: rclcpp_components::NodeFactoryTemplate<autoware::topic_state_monitor::TopicStateMonitorNode>
[INFO] [launch_ros.actions.load_composable_nodes]: Loaded node '/system/topic_state_monitor_object_recognition_objects' in container '/system/component_state_monitor/container'
[component_container-7] [INFO] [1785816010.443712343] [system.component_state_monitor.container]: Instantiate class: rclcpp_components::NodeFactoryTemplate<autoware::topic_state_monitor::TopicStateMonitorNode>
[component_container_mt-40] [INFO] [1785816010.446189045] [planning.scenario_planning.lane_driving.behavior_planning.behavior_velocity_planner]: The scene plugin 'autoware::behavior_velocity_planner::experimental::IntersectionModulePlugin' is loaded.
[INFO] [launch_ros.actions.load_composable_nodes]: Loaded node '/adapi/node/heartbeat' in container '/adapi/container'
[component_container_mt-40] [INFO] [1785816010.461442879] [planning.scenario_planning.lane_driving.behavior_planning.behavior_velocity_planner]: The scene plugin 'autoware::behavior_velocity_planner::experimental::BlindSpotModulePlugin' is loaded.
[component_container_mt-1] [WARN] [1785816010.464572733] [localization.util.crop_box_filter_measurement_range]: Invalid PointCloud: row_step mismatch. Expected: 99360 (width 6210 * point_step 16), Got: 0. Frame: 'base_link', Stamp: 15.472812471 Please fill in the `cloud->row_step` field accordingly. This will be an ERROR starting in 2026 July
[INFO] [launch_ros.actions.load_composable_nodes]: Loaded node '/system/topic_state_monitor_traffic_light_recognition_traffic_signals' in container '/system/component_state_monitor/container'
[component_container-7] [INFO] [1785816010.475387345] [system.component_state_monitor.container]: Found class: rclcpp_components::NodeFactoryTemplate<autoware::topic_state_monitor::TopicStateMonitorNode>
[component_container-7] [INFO] [1785816010.475424217] [system.component_state_monitor.container]: Instantiate class: rclcpp_components::NodeFactoryTemplate<autoware::topic_state_monitor::TopicStateMonitorNode>
[component_container_mt-40] [INFO] [1785816010.478270374] [planning.scenario_planning.lane_driving.behavior_planning.behavior_velocity_planner]: The scene plugin 'autoware::behavior_velocity_planner::experimental::DetectionAreaModulePlugin' is loaded.
[autoware_mrm_handler_node-13] [WARN] [1785816010.481882277] [system.mrm_handler]: no mrm operation available: operate emergency_stop
[component_container_mt-40] [INFO] [1785816010.489949823] [planning.scenario_planning.lane_driving.behavior_planning.behavior_velocity_planner]: The scene plugin 'autoware::behavior_velocity_planner::experimental::VirtualTrafficLightModulePlugin' is loaded.
[INFO] [launch_ros.actions.load_composable_nodes]: Loaded node '/adapi/node/manual/local' in container '/adapi/container'
[INFO] [launch_ros.actions.load_composable_nodes]: Loaded node '/system/topic_state_monitor_mission_planning_route' in container '/system/component_state_monitor/container'
[component_container_mt-40] [INFO] [1785816010.503981960] [planning.scenario_planning.lane_driving.behavior_planning.behavior_velocity_planner]: The scene plugin 'autoware::behavior_velocity_planner::experimental::NoStoppingAreaModulePlugin' is loaded.
[component_container-7] [INFO] [1785816010.505759819] [system.component_state_monitor.container]: Found class: rclcpp_components::NodeFactoryTemplate<autoware::topic_state_monitor::TopicStateMonitorNode>
[component_container-7] [INFO] [1785816010.505789293] [system.component_state_monitor.container]: Instantiate class: rclcpp_components::NodeFactoryTemplate<autoware::topic_state_monitor::TopicStateMonitorNode>
[component_container_mt-40] [INFO] [1785816010.511030031] [planning.scenario_planning.lane_driving.behavior_planning.behavior_velocity_planner]: The scene plugin 'autoware::behavior_velocity_planner::experimental::StopLineModulePlugin' is loaded.
[INFO] [launch_ros.actions.load_composable_nodes]: Loaded node '/planning/scenario_planning/lane_driving/behavior_planning/behavior_velocity_planner' in container '/planning/scenario_planning/lane_driving/behavior_planning/behavior_planning_container'
[INFO] [launch_ros.actions.load_composable_nodes]: Loaded node '/adapi/node/manual/remote' in container '/adapi/container'
[component_container-7] [INFO] [1785816010.533319515] [system.component_state_monitor.container]: Found class: rclcpp_components::NodeFactoryTemplate<autoware::topic_state_monitor::TopicStateMonitorNode>
[component_container-7] [INFO] [1785816010.533405873] [system.component_state_monitor.container]: Instantiate class: rclcpp_components::NodeFactoryTemplate<autoware::topic_state_monitor::TopicStateMonitorNode>
[INFO] [launch_ros.actions.load_composable_nodes]: Loaded node '/system/topic_state_monitor_scenario_planning_trajectory' in container '/system/component_state_monitor/container'
[INFO] [launch_ros.actions.load_composable_nodes]: Loaded node '/system/topic_state_monitor_trajectory_follower_control_cmd' in container '/system/component_state_monitor/container'
[INFO] [launch_ros.actions.load_composable_nodes]: Loaded node '/adapi/node/motion' in container '/adapi/container'
[component_container-7] [INFO] [1785816010.551030670] [system.component_state_monitor.container]: Found class: rclcpp_components::NodeFactoryTemplate<autoware::topic_state_monitor::TopicStateMonitorNode>
[component_container-7] [INFO] [1785816010.551070624] [system.component_state_monitor.container]: Instantiate class: rclcpp_components::NodeFactoryTemplate<autoware::topic_state_monitor::TopicStateMonitorNode>
[component_container_mt-1] [WARN] [1785816010.556348077] [sensing.lidar.concatenate_data]: Reset the oldest collector because the number of processing collectors is equal to the limit of (3).
[component_container-7] [INFO] [1785816010.570131203] [system.component_state_monitor.container]: Found class: rclcpp_components::NodeFactoryTemplate<autoware::topic_state_monitor::TopicStateMonitorNode>
[INFO] [launch_ros.actions.load_composable_nodes]: Loaded node '/system/topic_state_monitor_control_command_control_cmd' in container '/system/component_state_monitor/container'
[component_container-7] [INFO] [1785816010.570163960] [system.component_state_monitor.container]: Instantiate class: rclcpp_components::NodeFactoryTemplate<autoware::topic_state_monitor::TopicStateMonitorNode>
[INFO] [launch_ros.actions.load_composable_nodes]: Loaded node '/adapi/node/mrm_request' in container '/adapi/container'
[autoware_mrm_handler_node-13] [WARN] [1785816010.582963944] [system.mrm_handler]: no mrm operation available: operate emergency_stop
[component_container_mt-1] [WARN] [1785816010.583067450] [sensing.lidar.concatenate_data]: transformed_raw_points[/sensing/lidar/right/pointcloud_before_sync] is nullptr, skipping pointcloud publish.
[component_container_mt-1] [WARN] [1785816010.583105073] [sensing.lidar.concatenate_data]: transformed_raw_points[/sensing/lidar/left/pointcloud_before_sync] is nullptr, skipping pointcloud publish.
[component_container-7] [INFO] [1785816010.587241411] [system.component_state_monitor.container]: Found class: rclcpp_components::NodeFactoryTemplate<autoware::topic_state_monitor::TopicStateMonitorNode>
[component_container-7] [INFO] [1785816010.587275455] [system.component_state_monitor.container]: Instantiate class: rclcpp_components::NodeFactoryTemplate<autoware::topic_state_monitor::TopicStateMonitorNode>
[INFO] [launch_ros.actions.load_composable_nodes]: Loaded node '/system/topic_state_monitor_vehicle_status_velocity_status' in container '/system/component_state_monitor/container'
[component_container-7] [INFO] [1785816010.609203221] [system.component_state_monitor.container]: Found class: rclcpp_components::NodeFactoryTemplate<autoware::topic_state_monitor::TopicStateMonitorNode>
[component_container-7] [INFO] [1785816010.609243573] [system.component_state_monitor.container]: Instantiate class: rclcpp_components::NodeFactoryTemplate<autoware::topic_state_monitor::TopicStateMonitorNode>
[INFO] [launch_ros.actions.load_composable_nodes]: Loaded node '/system/topic_state_monitor_vehicle_status_steering_status' in container '/system/component_state_monitor/container'
[INFO] [launch_ros.actions.load_composable_nodes]: Loaded node '/adapi/node/operation_mode' in container '/adapi/container'
[component_container-7] [INFO] [1785816010.627846704] [system.component_state_monitor.container]: Found class: rclcpp_components::NodeFactoryTemplate<autoware::topic_state_monitor::TopicStateMonitorNode>
[INFO] [launch_ros.actions.load_composable_nodes]: Loaded node '/system/topic_state_monitor_system_emergency_control_cmd' in container '/system/component_state_monitor/container'
[component_container-7] [INFO] [1785816010.627879502] [system.component_state_monitor.container]: Instantiate class: rclcpp_components::NodeFactoryTemplate<autoware::topic_state_monitor::TopicStateMonitorNode>
[component_container_mt-1] [WARN] [1785816010.631733540] [sensing.lidar.concatenate_data]: transformed_raw_points[/sensing/lidar/right/pointcloud_before_sync] is nullptr, skipping pointcloud publish.
[component_container_mt-1] [WARN] [1785816010.631815043] [sensing.lidar.concatenate_data]: transformed_raw_points[/sensing/lidar/left/pointcloud_before_sync] is nullptr, skipping pointcloud publish.
[INFO] [launch_ros.actions.load_composable_nodes]: Loaded node '/adapi/node/perception' in container '/adapi/container'
[INFO] [launch_ros.actions.load_composable_nodes]: Loaded node '/system/topic_state_monitor_transform_map_to_base_link' in container '/system/component_state_monitor/container'
[INFO] [launch_ros.actions.load_composable_nodes]: Loaded node '/adapi/node/planning' in container '/adapi/container'
[autoware_mrm_handler_node-13] [WARN] [1785816010.681609230] [system.mrm_handler]: no mrm operation available: operate emergency_stop
[INFO] [launch_ros.actions.load_composable_nodes]: Loaded node '/adapi/node/vehicle_status' in container '/adapi/container'
[INFO] [launch_ros.actions.load_composable_nodes]: Loaded node '/adapi/node/vehicle_command' in container '/adapi/container'
[component_container_mt-1] [WARN] [1785816010.731469999] [sensing.lidar.concatenate_data]: transformed_raw_points[/sensing/lidar/right/pointcloud_before_sync] is nullptr, skipping pointcloud publish.
[component_container_mt-1] [WARN] [1785816010.731525033] [sensing.lidar.concatenate_data]: transformed_raw_points[/sensing/lidar/left/pointcloud_before_sync] is nullptr, skipping pointcloud publish.
[INFO] [launch_ros.actions.load_composable_nodes]: Loaded node '/adapi/node/vehicle_metrics' in container '/adapi/container'
[INFO] [launch_ros.actions.load_composable_nodes]: Loaded node '/adapi/node/vehicle_info' in container '/adapi/container'
[INFO] [launch_ros.actions.load_composable_nodes]: Loaded node '/adapi/node/vehicle_door' in container '/adapi/container'
[autoware_mrm_handler_node-13] [INFO] [1785816010.781278865] [system.mrm_handler]: MRM State changed: MRM_OPERATING -> NORMAL
[autoware_mrm_handler_node-13] [WARN] [1785816010.781677025] [system.mrm_handler]: EMERGENCY_STOP is canceled.
[component_container_mt-1] [WARN] [1785816010.831472843] [sensing.lidar.concatenate_data]: transformed_raw_points[/sensing/lidar/right/pointcloud_before_sync] is nullptr, skipping pointcloud publish.
[component_container_mt-1] [WARN] [1785816010.831524970] [sensing.lidar.concatenate_data]: transformed_raw_points[/sensing/lidar/left/pointcloud_before_sync] is nullptr, skipping pointcloud publish.
[component_container_mt-47] [INFO] [1785816010.881511688] [control.vehicle_cmd_gate]: The operation mode is changed, but the GearCommand is not received yet:
[component_container_mt-1] [WARN] [1785816010.931442739] [sensing.lidar.concatenate_data]: transformed_raw_points[/sensing/lidar/right/pointcloud_before_sync] is nullptr, skipping pointcloud publish.
[component_container_mt-1] [WARN] [1785816010.931523027] [sensing.lidar.concatenate_data]: transformed_raw_points[/sensing/lidar/left/pointcloud_before_sync] is nullptr, skipping pointcloud publish.
[component_container_mt-1] [WARN] [1785816011.031492628] [sensing.lidar.concatenate_data]: transformed_raw_points[/sensing/lidar/right/pointcloud_before_sync] is nullptr, skipping pointcloud publish.
[component_container_mt-1] [WARN] [1785816011.031537480] [sensing.lidar.concatenate_data]: transformed_raw_points[/sensing/lidar/left/pointcloud_before_sync] is nullptr, skipping pointcloud publish.
[component_container_mt-1] [WARN] [1785816011.131331730] [sensing.lidar.concatenate_data]: transformed_raw_points[/sensing/lidar/right/pointcloud_before_sync] is nullptr, skipping pointcloud publish.
[component_container_mt-1] [WARN] [1785816011.131386208] [sensing.lidar.concatenate_data]: transformed_raw_points[/sensing/lidar/left/pointcloud_before_sync] is nullptr, skipping pointcloud publish.
[component_container_mt-1] [WARN] [1785816011.232701570] [sensing.lidar.concatenate_data]: transformed_raw_points[/sensing/lidar/right/pointcloud_before_sync] is nullptr, skipping pointcloud publish.
[component_container_mt-1] [WARN] [1785816011.232750831] [sensing.lidar.concatenate_data]: transformed_raw_points[/sensing/lidar/left/pointcloud_before_sync] is nullptr, skipping pointcloud publish.
[autoware_pose_initializer_node-26] [INFO] [1785816011.237245937] [localization.util.pose_initializer]: Call align server.
[component_container_mt-1] [WARN] [1785816011.331482959] [sensing.lidar.concatenate_data]: transformed_raw_points[/sensing/lidar/right/pointcloud_before_sync] is nullptr, skipping pointcloud publish.
[component_container_mt-1] [WARN] [1785816011.331530402] [sensing.lidar.concatenate_data]: transformed_raw_points[/sensing/lidar/left/pointcloud_before_sync] is nullptr, skipping pointcloud publish.
[autoware_ekf_localizer_node-28] [WARN] [1785816011.431634499] [localization.pose_twist_fusion_filter.ekf_localizer]: The node is not activated. Provide initial pose to pose_initializer
[component_container_mt-1] [WARN] [1785816011.431767842] [sensing.lidar.concatenate_data]: transformed_raw_points[/sensing/lidar/right/pointcloud_before_sync] is nullptr, skipping pointcloud publish.
[component_container_mt-1] [WARN] [1785816011.431807775] [sensing.lidar.concatenate_data]: transformed_raw_points[/sensing/lidar/left/pointcloud_before_sync] is nullptr, skipping pointcloud publish.
[component_container_mt-1] [WARN] [1785816011.531882022] [sensing.lidar.concatenate_data]: transformed_raw_points[/sensing/lidar/right/pointcloud_before_sync] is nullptr, skipping pointcloud publish.
[component_container_mt-1] [WARN] [1785816011.531934078] [sensing.lidar.concatenate_data]: transformed_raw_points[/sensing/lidar/left/pointcloud_before_sync] is nullptr, skipping pointcloud publish.
[component_container_mt-1] [WARN] [1785816011.631895204] [sensing.lidar.concatenate_data]: transformed_raw_points[/sensing/lidar/right/pointcloud_before_sync] is nullptr, skipping pointcloud publish.
[component_container_mt-1] [WARN] [1785816011.631947089] [sensing.lidar.concatenate_data]: transformed_raw_points[/sensing/lidar/left/pointcloud_before_sync] is nullptr, skipping pointcloud publish.
[component_container_mt-1] [WARN] [1785816011.731882648] [sensing.lidar.concatenate_data]: transformed_raw_points[/sensing/lidar/right/pointcloud_before_sync] is nullptr, skipping pointcloud publish.
[component_container_mt-1] [WARN] [1785816011.731938759] [sensing.lidar.concatenate_data]: transformed_raw_points[/sensing/lidar/left/pointcloud_before_sync] is nullptr, skipping pointcloud publish.
[component_container-7] [WARN] [1785816011.782296777] [system.topic_state_monitor_control_command_control_cmd]: /control/command/control_cmd topic is timeout. Set ERROR in diagnostics.
[component_container_mt-1] [WARN] [1785816011.831920402] [sensing.lidar.concatenate_data]: transformed_raw_points[/sensing/lidar/right/pointcloud_before_sync] is nullptr, skipping pointcloud publish.
[component_container_mt-1] [WARN] [1785816011.831967428] [sensing.lidar.concatenate_data]: transformed_raw_points[/sensing/lidar/left/pointcloud_before_sync] is nullptr, skipping pointcloud publish.
[component_container_mt-1] [WARN] [1785816011.931915541] [sensing.lidar.concatenate_data]: transformed_raw_points[/sensing/lidar/right/pointcloud_before_sync] is nullptr, skipping pointcloud publish.
[component_container_mt-1] [WARN] [1785816011.931959460] [sensing.lidar.concatenate_data]: transformed_raw_points[/sensing/lidar/left/pointcloud_before_sync] is nullptr, skipping pointcloud publish.
[component_container_mt-1] [WARN] [1785816012.031579785] [sensing.lidar.concatenate_data]: transformed_raw_points[/sensing/lidar/right/pointcloud_before_sync] is nullptr, skipping pointcloud publish.
[component_container_mt-1] [WARN] [1785816012.031627311] [sensing.lidar.concatenate_data]: transformed_raw_points[/sensing/lidar/left/pointcloud_before_sync] is nullptr, skipping pointcloud publish.
[autoware_mrm_handler_node-13] [INFO] [1785816012.081197939] [system.mrm_handler]: MRM State changed: NORMAL -> MRM_OPERATING
[autoware_mrm_handler_node-13] [WARN] [1785816012.081986637] [system.mrm_handler]: EMERGENCY_STOP is operated.
[component_container_mt-47] [WARN] [1785816012.082397876] [control.vehicle_cmd_gate]: Emergency!
[component_container_mt-1] [WARN] [1785816012.131829993] [sensing.lidar.concatenate_data]: transformed_raw_points[/sensing/lidar/right/pointcloud_before_sync] is nullptr, skipping pointcloud publish.
[component_container_mt-1] [WARN] [1785816012.131880226] [sensing.lidar.concatenate_data]: transformed_raw_points[/sensing/lidar/left/pointcloud_before_sync] is nullptr, skipping pointcloud publish.
[autoware_mrm_handler_node-13] [INFO] [1785816012.181252838] [system.mrm_handler]: MRM State changed: MRM_OPERATING -> NORMAL
[autoware_mrm_handler_node-13] [WARN] [1785816012.181454074] [system.mrm_handler]: EMERGENCY_STOP is canceled.
[autoware_pose_initializer_node-26] [INFO] [1785816012.209699060] [localization.util.pose_initializer]: align server succeeded.
[autoware_pose_initializer_node-26] [INFO] [1785816012.210306606] [localization.util.pose_initializer]: EKF triggering service is available!
[autoware_pose_initializer_node-26] [INFO] [1785816012.210472241] [localization.util.pose_initializer]: EKF Activation succeeded
[autoware_pose_initializer_node-26] [INFO] [1785816012.210535884] [localization.util.pose_initializer]: NDT triggering service is available!
[autoware_pose_initializer_node-26] [INFO] [1785816012.210763219] [localization.util.pose_initializer]: NDT Activation succeeded
[component_container_mt-1] [WARN] [1785816012.231473753] [sensing.lidar.concatenate_data]: transformed_raw_points[/sensing/lidar/right/pointcloud_before_sync] is nullptr, skipping pointcloud publish.
[component_container_mt-1] [WARN] [1785816012.231517882] [sensing.lidar.concatenate_data]: transformed_raw_points[/sensing/lidar/left/pointcloud_before_sync] is nullptr, skipping pointcloud publish.
[autoware_ndt_scan_matcher_node-24] [INFO] [1785816012.231972282] [localization.pose_estimator.ndt_scan_matcher]: pose_buffer_.size() < 2
[autoware_ndt_scan_matcher_node-24] [INFO] [1785816012.239683959] [localization.pose_estimator.ndt_scan_matcher]: pose_buffer_.size() < 2
[component_container_mt-48] [INFO] [1785816012.281145165] [control.trajectory_follower.lane_departure_checker_node]: waiting for route msg...
[autoware_scenario_selector_node-36] [INFO] [1785816012.281434730] [planning.scenario_planning.scenario_selector]: Waiting for route.
[planning_evaluator-44] [WARN] [1785816012.331231488] [route_handler]: setMap() for invalid version map: 
[component_container_mt-1] [WARN] [1785816012.331529264] [sensing.lidar.concatenate_data]: transformed_raw_points[/sensing/lidar/right/pointcloud_before_sync] is nullptr, skipping pointcloud publish.
[component_container_mt-1] [WARN] [1785816012.331569234] [sensing.lidar.concatenate_data]: transformed_raw_points[/sensing/lidar/left/pointcloud_before_sync] is nullptr, skipping pointcloud publish.
[control_evaluator-49] [WARN] [1785816012.331744226] [route_handler]: setMap() for invalid version map: 
[autoware_ndt_scan_matcher_node-24] [INFO] [1785816012.332074933] [localization.pose_estimator.ndt_scan_matcher]: Mismatch between pose timestamp and current timestamp
[component_container_mt-1] [WARN] [1785816012.431487282] [sensing.lidar.concatenate_data]: transformed_raw_points[/sensing/lidar/right/pointcloud_before_sync] is nullptr, skipping pointcloud publish.
[component_container_mt-1] [WARN] [1785816012.431531392] [sensing.lidar.concatenate_data]: transformed_raw_points[/sensing/lidar/left/pointcloud_before_sync] is nullptr, skipping pointcloud publish.
[autoware_ndt_scan_matcher_node-24] [INFO] [1785816012.432328841] [localization.pose_estimator.ndt_scan_matcher]: Mismatch between pose timestamp and current timestamp
[logging_node-14] [WARN] [1785816012.481951216] [logging_diag_graph]: The target mode is not available for the following reasons:
[logging_node-14] - /autoware/modes/autonomous ERROR
[logging_node-14]     - /autoware/localization ERROR
[logging_node-14]         - /autoware/localization/state ERROR
[logging_node-14]         - [anonymous group] ERROR
[logging_node-14]             - /autoware/localization/accuracy ERROR
[logging_node-14]             - /autoware/localization/sensor_fusion_status ERROR
[logging_node-14]     - /autoware/planning ERROR
[logging_node-14]         - /autoware/planning/routing/state ERROR
[logging_node-14]         - [anonymous group] ERROR
[logging_node-14]             - /autoware/planning/topic_rate_check/route ERROR
[logging_node-14]             - /autoware/planning/topic_rate_check/trajectory ERROR
[logging_node-14]     - /autoware/perception ERROR
[logging_node-14]         - /autoware/perception/topic_rate_check/objects ERROR
[logging_node-14]         - /autoware/perception/topic_rate_check/pointcloud ERROR
[logging_node-14]     - /autoware/control ERROR
[logging_node-14]         - /autoware/control/topic_rate_check/trajectory_follower ERROR
[logging_node-14]         - /autoware/control/topic_rate_check/control_command WARN 
[logging_node-14]         - /autoware/control/emergency_braking STALE
[logging_node-14]         - /autoware/control/performance_monitoring/lane_departure STALE
[logging_node-14] 
[component_container_mt-1] [WARN] [1785816012.531510684] [sensing.lidar.concatenate_data]: transformed_raw_points[/sensing/lidar/right/pointcloud_before_sync] is nullptr, skipping pointcloud publish.
[component_container_mt-1] [WARN] [1785816012.531557725] [sensing.lidar.concatenate_data]: transformed_raw_points[/sensing/lidar/left/pointcloud_before_sync] is nullptr, skipping pointcloud publish.
[autoware_ndt_scan_matcher_node-24] [INFO] [1785816012.532031760] [localization.pose_estimator.ndt_scan_matcher]: Mismatch between pose timestamp and current timestamp
[component_container_mt-1] [WARN] [1785816012.632502764] [sensing.lidar.concatenate_data]: transformed_raw_points[/sensing/lidar/right/pointcloud_before_sync] is nullptr, skipping pointcloud publish.
[component_container_mt-1] [WARN] [1785816012.632544411] [sensing.lidar.concatenate_data]: transformed_raw_points[/sensing/lidar/left/pointcloud_before_sync] is nullptr, skipping pointcloud publish.
[autoware_ndt_scan_matcher_node-24] [INFO] [1785816012.633057837] [localization.pose_estimator.ndt_scan_matcher]: Mismatch between pose timestamp and current timestamp
[component_container_mt-1] [WARN] [1785816012.732219826] [sensing.lidar.concatenate_data]: transformed_raw_points[/sensing/lidar/right/pointcloud_before_sync] is nullptr, skipping pointcloud publish.
[component_container_mt-1] [WARN] [1785816012.732266215] [sensing.lidar.concatenate_data]: transformed_raw_points[/sensing/lidar/left/pointcloud_before_sync] is nullptr, skipping pointcloud publish.
[autoware_ndt_scan_matcher_node-24] [INFO] [1785816012.733627237] [localization.pose_estimator.ndt_scan_matcher]: Mismatch between pose timestamp and current timestamp
[component_container_mt-1] [WARN] [1785816012.832533951] [sensing.lidar.concatenate_data]: transformed_raw_points[/sensing/lidar/right/pointcloud_before_sync] is nullptr, skipping pointcloud publish.
[component_container_mt-1] [WARN] [1785816012.832573870] [sensing.lidar.concatenate_data]: transformed_raw_points[/sensing/lidar/left/pointcloud_before_sync] is nullptr, skipping pointcloud publish.
[autoware_ndt_scan_matcher_node-24] [INFO] [1785816012.833244640] [localization.pose_estimator.ndt_scan_matcher]: Mismatch between pose timestamp and current timestamp
[component_container_mt-1] [WARN] [1785816012.931911797] [sensing.lidar.concatenate_data]: transformed_raw_points[/sensing/lidar/right/pointcloud_before_sync] is nullptr, skipping pointcloud publish.
[component_container_mt-1] [WARN] [1785816012.931957554] [sensing.lidar.concatenate_data]: transformed_raw_points[/sensing/lidar/left/pointcloud_before_sync] is nullptr, skipping pointcloud publish.
[autoware_ndt_scan_matcher_node-24] [INFO] [1785816012.932556025] [localization.pose_estimator.ndt_scan_matcher]: Mismatch between pose timestamp and current timestamp
[component_container_mt-1] [WARN] [1785816013.031697747] [sensing.lidar.concatenate_data]: transformed_raw_points[/sensing/lidar/right/pointcloud_before_sync] is nullptr, skipping pointcloud publish.
[component_container_mt-1] [WARN] [1785816013.031771681] [sensing.lidar.concatenate_data]: transformed_raw_points[/sensing/lidar/left/pointcloud_before_sync] is nullptr, skipping pointcloud publish.
[autoware_ndt_scan_matcher_node-24] [INFO] [1785816013.033002625] [localization.pose_estimator.ndt_scan_matcher]: Mismatch between pose timestamp and current timestamp
[autoware_mrm_handler_node-13] [INFO] [1785816013.082619966] [system.mrm_handler]: MRM State changed: NORMAL -> MRM_OPERATING
[autoware_mrm_handler_node-13] [WARN] [1785816013.082797038] [system.mrm_handler]: EMERGENCY_STOP is operated.
[component_container_mt-47] [WARN] [1785816013.131845477] [control.vehicle_cmd_gate]: Emergency!
[component_container_mt-1] [WARN] [1785816013.132026894] [sensing.lidar.concatenate_data]: transformed_raw_points[/sensing/lidar/right/pointcloud_before_sync] is nullptr, skipping pointcloud publish.
[component_container_mt-1] [WARN] [1785816013.132062643] [sensing.lidar.concatenate_data]: transformed_raw_points[/sensing/lidar/left/pointcloud_before_sync] is nullptr, skipping pointcloud publish.
[autoware_ndt_scan_matcher_node-24] [INFO] [1785816013.132623023] [localization.pose_estimator.ndt_scan_matcher]: Mismatch between pose timestamp and current timestamp
[autoware_mrm_handler_node-13] [INFO] [1785816013.182059012] [system.mrm_handler]: MRM State changed: MRM_OPERATING -> NORMAL
[autoware_mrm_handler_node-13] [WARN] [1785816013.183467583] [system.mrm_handler]: EMERGENCY_STOP is canceled.
[component_container-7] [INFO] [1785816013.231707713] [system.topic_state_monitor_scenario_planning_trajectory]: /planning/trajectory has not received. Set ERROR in diagnostics.
[component_container_mt-1] [WARN] [1785816013.232149328] [sensing.lidar.concatenate_data]: transformed_raw_points[/sensing/lidar/right/pointcloud_before_sync] is nullptr, skipping pointcloud publish.
[component_container_mt-1] [WARN] [1785816013.232188816] [sensing.lidar.concatenate_data]: transformed_raw_points[/sensing/lidar/left/pointcloud_before_sync] is nullptr, skipping pointcloud publish.
[autoware_ndt_scan_matcher_node-24] [INFO] [1785816013.232662026] [localization.pose_estimator.ndt_scan_matcher]: Mismatch between pose timestamp and current timestamp
[component_container_mt-1] [WARN] [1785816013.331755646] [sensing.lidar.concatenate_data]: transformed_raw_points[/sensing/lidar/right/pointcloud_before_sync] is nullptr, skipping pointcloud publish.
[component_container_mt-1] [WARN] [1785816013.331803295] [sensing.lidar.concatenate_data]: transformed_raw_points[/sensing/lidar/left/pointcloud_before_sync] is nullptr, skipping pointcloud publish.
[autoware_ndt_scan_matcher_node-24] [INFO] [1785816013.332416868] [localization.pose_estimator.ndt_scan_matcher]: Mismatch between pose timestamp and current timestamp
[component_container_mt-1] [WARN] [1785816013.432253886] [sensing.lidar.concatenate_data]: transformed_raw_points[/sensing/lidar/right/pointcloud_before_sync] is nullptr, skipping pointcloud publish.
[component_container_mt-1] [WARN] [1785816013.432302295] [sensing.lidar.concatenate_data]: transformed_raw_points[/sensing/lidar/left/pointcloud_before_sync] is nullptr, skipping pointcloud publish.
[autoware_ndt_scan_matcher_node-24] [INFO] [1785816013.432763035] [localization.pose_estimator.ndt_scan_matcher]: Mismatch between pose timestamp and current timestamp
[component_container_mt-1] [WARN] [1785816013.531804493] [sensing.lidar.concatenate_data]: transformed_raw_points[/sensing/lidar/right/pointcloud_before_sync] is nullptr, skipping pointcloud publish.
[component_container_mt-1] [WARN] [1785816013.531853347] [sensing.lidar.concatenate_data]: transformed_raw_points[/sensing/lidar/left/pointcloud_before_sync] is nullptr, skipping pointcloud publish.
[autoware_ndt_scan_matcher_node-24] [INFO] [1785816013.533368070] [localization.pose_estimator.ndt_scan_matcher]: Mismatch between pose timestamp and current timestamp
[component_container_mt-1] [WARN] [1785816013.631786196] [sensing.lidar.concatenate_data]: transformed_raw_points[/sensing/lidar/right/pointcloud_before_sync] is nullptr, skipping pointcloud publish.
[component_container_mt-1] [WARN] [1785816013.631840684] [sensing.lidar.concatenate_data]: transformed_raw_points[/sensing/lidar/left/pointcloud_before_sync] is nullptr, skipping pointcloud publish.
[autoware_ndt_scan_matcher_node-24] [INFO] [1785816013.633105029] [localization.pose_estimator.ndt_scan_matcher]: Mismatch between pose timestamp and current timestamp
[component_container_mt-1] [WARN] [1785816013.731523997] [sensing.lidar.concatenate_data]: transformed_raw_points[/sensing/lidar/right/pointcloud_before_sync] is nullptr, skipping pointcloud publish.
[component_container_mt-1] [WARN] [1785816013.731573142] [sensing.lidar.concatenate_data]: transformed_raw_points[/sensing/lidar/left/pointcloud_before_sync] is nullptr, skipping pointcloud publish.
[autoware_ndt_scan_matcher_node-24] [INFO] [1785816013.732277227] [localization.pose_estimator.ndt_scan_matcher]: Mismatch between pose timestamp and current timestamp
[autoware_pose_initializer_node-26] [INFO] [1785816013.742117766] [localization.util.pose_initializer]: EKF triggering service is available!
[autoware_pose_initializer_node-26] [INFO] [1785816013.742629150] [localization.util.pose_initializer]: EKF Deactivation succeeded
[autoware_pose_initializer_node-26] [INFO] [1785816013.742860272] [localization.util.pose_initializer]: NDT triggering service is available!
[autoware_pose_initializer_node-26] [INFO] [1785816013.743250599] [localization.util.pose_initializer]: NDT Deactivation succeeded
[autoware_pose_initializer_node-26] [INFO] [1785816013.743384430] [localization.util.pose_initializer]: Call align server.
[autoware_ekf_localizer_node-28] [WARN] [1785816013.781742523] [localization.pose_twist_fusion_filter.ekf_localizer]: The node is not activated. Provide initial pose to pose_initializer
[component_container_mt-1] [WARN] [1785816013.831791430] [sensing.lidar.concatenate_data]: transformed_raw_points[/sensing/lidar/right/pointcloud_before_sync] is nullptr, skipping pointcloud publish.
[component_container_mt-1] [WARN] [1785816013.831838010] [sensing.lidar.concatenate_data]: transformed_raw_points[/sensing/lidar/left/pointcloud_before_sync] is nullptr, skipping pointcloud publish.
[component_container_mt-1] [WARN] [1785816013.932149134] [sensing.lidar.concatenate_data]: transformed_raw_points[/sensing/lidar/right/pointcloud_before_sync] is nullptr, skipping pointcloud publish.
[component_container_mt-1] [WARN] [1785816013.932192508] [sensing.lidar.concatenate_data]: transformed_raw_points[/sensing/lidar/left/pointcloud_before_sync] is nullptr, skipping pointcloud publish.
[component_container_mt-1] [WARN] [1785816014.031778627] [sensing.lidar.concatenate_data]: transformed_raw_points[/sensing/lidar/right/pointcloud_before_sync] is nullptr, skipping pointcloud publish.
[component_container_mt-1] [WARN] [1785816014.031832914] [sensing.lidar.concatenate_data]: transformed_raw_points[/sensing/lidar/left/pointcloud_before_sync] is nullptr, skipping pointcloud publish.
[autoware_mrm_handler_node-13] [INFO] [1785816014.081773020] [system.mrm_handler]: MRM State changed: NORMAL -> MRM_OPERATING
[autoware_mrm_handler_node-13] [WARN] [1785816014.082029628] [system.mrm_handler]: EMERGENCY_STOP is operated.
[component_container_mt-1] [WARN] [1785816014.131589286] [sensing.lidar.concatenate_data]: transformed_raw_points[/sensing/lidar/right/pointcloud_before_sync] is nullptr, skipping pointcloud publish.
[component_container_mt-1] [WARN] [1785816014.131637332] [sensing.lidar.concatenate_data]: transformed_raw_points[/sensing/lidar/left/pointcloud_before_sync] is nullptr, skipping pointcloud publish.
[component_container_mt-47] [WARN] [1785816014.131606230] [control.vehicle_cmd_gate]: Emergency!
[autoware_mrm_handler_node-13] [INFO] [1785816014.181932249] [system.mrm_handler]: MRM State changed: MRM_OPERATING -> NORMAL
[autoware_mrm_handler_node-13] [WARN] [1785816014.182518580] [system.mrm_handler]: EMERGENCY_STOP is canceled.
[component_container_mt-1] [WARN] [1785816014.231620424] [sensing.lidar.concatenate_data]: transformed_raw_points[/sensing/lidar/right/pointcloud_before_sync] is nullptr, skipping pointcloud publish.
[component_container_mt-1] [WARN] [1785816014.231665838] [sensing.lidar.concatenate_data]: transformed_raw_points[/sensing/lidar/left/pointcloud_before_sync] is nullptr, skipping pointcloud publish.
[component_container_mt-1] [WARN] [1785816014.331570194] [sensing.lidar.concatenate_data]: transformed_raw_points[/sensing/lidar/right/pointcloud_before_sync] is nullptr, skipping pointcloud publish.
[component_container_mt-1] [WARN] [1785816014.331615689] [sensing.lidar.concatenate_data]: transformed_raw_points[/sensing/lidar/left/pointcloud_before_sync] is nullptr, skipping pointcloud publish.
[component_container_mt-1] [WARN] [1785816014.432013852] [sensing.lidar.concatenate_data]: transformed_raw_points[/sensing/lidar/right/pointcloud_before_sync] is nullptr, skipping pointcloud publish.
[component_container_mt-1] [WARN] [1785816014.432062648] [sensing.lidar.concatenate_data]: transformed_raw_points[/sensing/lidar/left/pointcloud_before_sync] is nullptr, skipping pointcloud publish.
[autoware_pose_instability_detector_node-31] terminate called after throwing an instance of 'std::runtime_error'
[autoware_pose_instability_detector_node-31]   what():  cannot store a negative time point in rclcpp::Time
[ERROR] [autoware_pose_instability_detector_node-31]: process has died [pid 865, exit code -6, cmd '/opt/autoware/lib/autoware_pose_instability_detector/autoware_pose_instability_detector_node --ros-args -r __node:=pose_instability_detector -r __ns:=/localization/pose_twist_fusion_filter -p use_sim_time:=True -p wheel_radius:=0.383 -p wheel_width:=0.235 -p wheel_base:=2.79 -p wheel_tread:=1.64 -p front_overhang:=1.0 -p rear_overhang:=1.1 -p left_overhang:=0.128 -p right_overhang:=0.128 -p vehicle_height:=2.5 -p max_steer_angle:=0.7 -p use_sim_time:=True -p use_sim_time:=True -p use_sim_time:=True -p wheel_radius:=0.383 -p wheel_width:=0.235 -p wheel_base:=2.79 -p wheel_tread:=1.64 -p front_overhang:=1.0 -p rear_overhang:=1.1 -p left_overhang:=0.128 -p right_overhang:=0.128 -p vehicle_height:=2.5 -p max_steer_angle:=0.7 -p use_sim_time:=True -p wheel_radius:=0.383 -p wheel_width:=0.235 -p wheel_base:=2.79 -p wheel_tread:=1.64 -p front_overhang:=1.0 -p rear_overhang:=1.1 -p left_overhang:=0.128 -p right_overhang:=0.128 -p vehicle_height:=2.5 -p max_steer_angle:=0.7 --params-file /opt/autoware/share/autoware_launch/config/localization/pose_instability_detector.param.yaml -r ~/input/odometry:=/localization/kinematic_state -r ~/input/twist:=/localization/twist_estimator/twist_with_covariance'].
[autoware_pose_initializer_node-26] [INFO] [1785816014.517613041] [localization.util.pose_initializer]: align server succeeded.
[autoware_pose_initializer_node-26] [INFO] [1785816014.518196941] [localization.util.pose_initializer]: EKF triggering service is available!
[autoware_pose_initializer_node-26] [INFO] [1785816014.518361130] [localization.util.pose_initializer]: EKF Activation succeeded
[autoware_pose_initializer_node-26] [INFO] [1785816014.518417276] [localization.util.pose_initializer]: NDT triggering service is available!
[autoware_pose_initializer_node-26] [INFO] [1785816014.518608696] [localization.util.pose_initializer]: NDT Activation succeeded
[component_container_mt-1] [WARN] [1785816014.531468547] [sensing.lidar.concatenate_data]: transformed_raw_points[/sensing/lidar/right/pointcloud_before_sync] is nullptr, skipping pointcloud publish.
[component_container_mt-1] [WARN] [1785816014.531509712] [sensing.lidar.concatenate_data]: transformed_raw_points[/sensing/lidar/left/pointcloud_before_sync] is nullptr, skipping pointcloud publish.
[autoware_ndt_scan_matcher_node-24] [INFO] [1785816014.532135905] [localization.pose_estimator.ndt_scan_matcher]: pose_buffer_.size() < 2
[autoware_ndt_scan_matcher_node-24] [INFO] [1785816014.540800213] [localization.pose_estimator.ndt_scan_matcher]: pose_buffer_.size() < 2
[component_container_mt-1] [WARN] [1785816014.632142031] [sensing.lidar.concatenate_data]: transformed_raw_points[/sensing/lidar/right/pointcloud_before_sync] is nullptr, skipping pointcloud publish.
[component_container_mt-1] [WARN] [1785816014.632189471] [sensing.lidar.concatenate_data]: transformed_raw_points[/sensing/lidar/left/pointcloud_before_sync] is nullptr, skipping pointcloud publish.
[autoware_ndt_scan_matcher_node-24] [INFO] [1785816014.632814673] [localization.pose_estimator.ndt_scan_matcher]: Mismatch between pose timestamp and current timestamp
[component_container_mt-47] [INFO] [1785816014.682368353] [control.trajectory_follower.controller_node_exe]: Waiting for trajectory data
[component_container_mt-47] [INFO] [1785816014.682414384] [control.trajectory_follower.controller_node_exe]: Control is skipped since input data is not ready.
[component_container_mt-1] [WARN] [1785816014.731691500] [sensing.lidar.concatenate_data]: transformed_raw_points[/sensing/lidar/right/pointcloud_before_sync] is nullptr, skipping pointcloud publish.
[component_container_mt-1] [WARN] [1785816014.731745416] [sensing.lidar.concatenate_data]: transformed_raw_points[/sensing/lidar/left/pointcloud_before_sync] is nullptr, skipping pointcloud publish.
[autoware_ndt_scan_matcher_node-24] [INFO] [1785816014.732305763] [localization.pose_estimator.ndt_scan_matcher]: Mismatch between pose timestamp and current timestamp
[component_container-7] [WARN] [1785816014.781846934] [system.topic_state_monitor_control_command_control_cmd]: /control/command/control_cmd topic rate has dropped to the warning level. Set WARN in diagnostics.
[component_container_mt-1] [WARN] [1785816014.831838707] [sensing.lidar.concatenate_data]: transformed_raw_points[/sensing/lidar/right/pointcloud_before_sync] is nullptr, skipping pointcloud publish.
[component_container_mt-1] [WARN] [1785816014.831897198] [sensing.lidar.concatenate_data]: transformed_raw_points[/sensing/lidar/left/pointcloud_before_sync] is nullptr, skipping pointcloud publish.
[autoware_ndt_scan_matcher_node-24] [INFO] [1785816014.832519508] [localization.pose_estimator.ndt_scan_matcher]: Mismatch between pose timestamp and current timestamp
[component_container_mt-1] [WARN] [1785816014.932109540] [sensing.lidar.concatenate_data]: transformed_raw_points[/sensing/lidar/right/pointcloud_before_sync] is nullptr, skipping pointcloud publish.
[component_container_mt-1] [WARN] [1785816014.932880635] [sensing.lidar.concatenate_data]: transformed_raw_points[/sensing/lidar/left/pointcloud_before_sync] is nullptr, skipping pointcloud publish.
[autoware_ndt_scan_matcher_node-24] [INFO] [1785816014.933014265] [localization.pose_estimator.ndt_scan_matcher]: Mismatch between pose timestamp and current timestamp
[component_container_mt-48] [INFO] [1785816014.982083382] [control.autonomous_emergency_braking]: [AEB] waiting for object pointcloud message
[component_container_mt-40] [INFO] [1785816015.031790439] [planning.scenario_planning.lane_driving.behavior_planning.behavior_path_planner]: waiting for scenario_topic
[component_container_mt-1] [WARN] [1785816015.032111165] [sensing.lidar.concatenate_data]: transformed_raw_points[/sensing/lidar/right/pointcloud_before_sync] is nullptr, skipping pointcloud publish.
[component_container_mt-1] [WARN] [1785816015.032146085] [sensing.lidar.concatenate_data]: transformed_raw_points[/sensing/lidar/left/pointcloud_before_sync] is nullptr, skipping pointcloud publish.
[autoware_ndt_scan_matcher_node-24] [INFO] [1785816015.032665046] [localization.pose_estimator.ndt_scan_matcher]: Mismatch between pose timestamp and current timestamp
[component_container-18] [WARN] [1785816015.037436978] [sensing.lidar.top.crop_box_filter_self]: Invalid PointCloud: is_dense is false. The point cloud should be organized (dense) and contain only valid points. This will be an ERROR starting in 2026 JulyFrame: 'velodyne_top', Stamp: 20.072812539
[autoware_mrm_handler_node-13] [INFO] [1785816015.082402373] [system.mrm_handler]: MRM State changed: NORMAL -> MRM_OPERATING
[autoware_mrm_handler_node-13] [WARN] [1785816015.082561336] [system.mrm_handler]: EMERGENCY_STOP is operated.
[component_container_mt-1] [WARN] [1785816015.131700016] [sensing.lidar.concatenate_data]: transformed_raw_points[/sensing/lidar/right/pointcloud_before_sync] is nullptr, skipping pointcloud publish.
[component_container_mt-1] [WARN] [1785816015.131746986] [sensing.lidar.concatenate_data]: transformed_raw_points[/sensing/lidar/left/pointcloud_before_sync] is nullptr, skipping pointcloud publish.
[component_container_mt-47] [WARN] [1785816015.132688064] [control.vehicle_cmd_gate]: Emergency!
[autoware_ndt_scan_matcher_node-24] [INFO] [1785816015.132991546] [localization.pose_estimator.ndt_scan_matcher]: Mismatch between pose timestamp and current timestamp
[autoware_mrm_handler_node-13] [INFO] [1785816015.181843868] [system.mrm_handler]: MRM State changed: MRM_OPERATING -> NORMAL
[autoware_mrm_handler_node-13] [WARN] [1785816015.182241335] [system.mrm_handler]: EMERGENCY_STOP is canceled.
[component_container_mt-1] [WARN] [1785816015.231710563] [sensing.lidar.concatenate_data]: transformed_raw_points[/sensing/lidar/right/pointcloud_before_sync] is nullptr, skipping pointcloud publish.
[component_container_mt-1] [WARN] [1785816015.231760575] [sensing.lidar.concatenate_data]: transformed_raw_points[/sensing/lidar/left/pointcloud_before_sync] is nullptr, skipping pointcloud publish.
[autoware_ndt_scan_matcher_node-24] [INFO] [1785816015.232354372] [localization.pose_estimator.ndt_scan_matcher]: Mismatch between pose timestamp and current timestamp
[component_container_mt-1] [WARN] [1785816015.331812853] [sensing.lidar.concatenate_data]: transformed_raw_points[/sensing/lidar/right/pointcloud_before_sync] is nullptr, skipping pointcloud publish.
[component_container_mt-1] [WARN] [1785816015.331860104] [sensing.lidar.concatenate_data]: transformed_raw_points[/sensing/lidar/left/pointcloud_before_sync] is nullptr, skipping pointcloud publish.
[autoware_ndt_scan_matcher_node-24] [INFO] [1785816015.332445614] [localization.pose_estimator.ndt_scan_matcher]: Mismatch between pose timestamp and current timestamp
[component_container_mt-1] [WARN] [1785816015.431630353] [sensing.lidar.concatenate_data]: transformed_raw_points[/sensing/lidar/right/pointcloud_before_sync] is nullptr, skipping pointcloud publish.
[component_container_mt-1] [WARN] [1785816015.431681799] [sensing.lidar.concatenate_data]: transformed_raw_points[/sensing/lidar/left/pointcloud_before_sync] is nullptr, skipping pointcloud publish.
[autoware_ndt_scan_matcher_node-24] [INFO] [1785816015.432258011] [localization.pose_estimator.ndt_scan_matcher]: Mismatch between pose timestamp and current timestamp
[component_container_mt-1] [WARN] [1785816015.438442182] [localization.util.crop_box_filter_measurement_range]: Invalid PointCloud: row_step mismatch. Expected: 98960 (width 6185 * point_step 16), Got: 0. Frame: 'base_link', Stamp: 20.472812545 Please fill in the `cloud->row_step` field accordingly. This will be an ERROR starting in 2026 July
[component_container_mt-1] [WARN] [1785816015.532194462] [sensing.lidar.concatenate_data]: transformed_raw_points[/sensing/lidar/right/pointcloud_before_sync] is nullptr, skipping pointcloud publish.
[component_container_mt-1] [WARN] [1785816015.532246799] [sensing.lidar.concatenate_data]: transformed_raw_points[/sensing/lidar/left/pointcloud_before_sync] is nullptr, skipping pointcloud publish.
[autoware_ndt_scan_matcher_node-24] [INFO] [1785816015.532796933] [localization.pose_estimator.ndt_scan_matcher]: Mismatch between pose timestamp and current timestamp
[component_container_mt-1] [WARN] [1785816015.631884484] [sensing.lidar.concatenate_data]: transformed_raw_points[/sensing/lidar/right/pointcloud_before_sync] is nullptr, skipping pointcloud publish.
[component_container_mt-1] [WARN] [1785816015.631930805] [sensing.lidar.concatenate_data]: transformed_raw_points[/sensing/lidar/left/pointcloud_before_sync] is nullptr, skipping pointcloud publish.
[autoware_ndt_scan_matcher_node-24] [INFO] [1785816015.632394050] [localization.pose_estimator.ndt_scan_matcher]: Mismatch between pose timestamp and current timestamp
[component_container_mt-1] [WARN] [1785816015.731733286] [sensing.lidar.concatenate_data]: transformed_raw_points[/sensing/lidar/right/pointcloud_before_sync] is nullptr, skipping pointcloud publish.
[component_container_mt-1] [WARN] [1785816015.731783098] [sensing.lidar.concatenate_data]: transformed_raw_points[/sensing/lidar/left/pointcloud_before_sync] is nullptr, skipping pointcloud publish.
[autoware_ndt_scan_matcher_node-24] [INFO] [1785816015.732582157] [localization.pose_estimator.ndt_scan_matcher]: Mismatch between pose timestamp and current timestamp
[component_container_mt-1] [WARN] [1785816015.832149873] [sensing.lidar.concatenate_data]: transformed_raw_points[/sensing/lidar/right/pointcloud_before_sync] is nullptr, skipping pointcloud publish.
[component_container_mt-1] [WARN] [1785816015.832193569] [sensing.lidar.concatenate_data]: transformed_raw_points[/sensing/lidar/left/pointcloud_before_sync] is nullptr, skipping pointcloud publish.
[autoware_ndt_scan_matcher_node-24] [INFO] [1785816015.832627083] [localization.pose_estimator.ndt_scan_matcher]: Mismatch between pose timestamp and current timestamp
[component_container_mt-47] [INFO] [1785816015.882092739] [control.vehicle_cmd_gate]: The operation mode is changed, but the GearCommand is not received yet:
[component_container_mt-1] [WARN] [1785816015.931979446] [sensing.lidar.concatenate_data]: transformed_raw_points[/sensing/lidar/right/pointcloud_before_sync] is nullptr, skipping pointcloud publish.
[component_container_mt-1] [WARN] [1785816015.932024298] [sensing.lidar.concatenate_data]: transformed_raw_points[/sensing/lidar/left/pointcloud_before_sync] is nullptr, skipping pointcloud publish.
[autoware_ndt_scan_matcher_node-24] [INFO] [1785816015.932461931] [localization.pose_estimator.ndt_scan_matcher]: Mismatch between pose timestamp and current timestamp
[component_container_mt-1] [WARN] [1785816016.031490501] [sensing.lidar.concatenate_data]: transformed_raw_points[/sensing/lidar/right/pointcloud_before_sync] is nullptr, skipping pointcloud publish.
[component_container_mt-1] [WARN] [1785816016.031537098] [sensing.lidar.concatenate_data]: transformed_raw_points[/sensing/lidar/left/pointcloud_before_sync] is nullptr, skipping pointcloud publish.
[autoware_ndt_scan_matcher_node-24] [INFO] [1785816016.032961005] [localization.pose_estimator.ndt_scan_matcher]: Mismatch between pose timestamp and current timestamp
[logging_node-14] [WARN] [1785816016.081540065] [logging_diag_graph]: The target mode is not available for the following reasons:
[logging_node-14] - /autoware/modes/autonomous ERROR
[logging_node-14]     - /autoware/planning ERROR
[logging_node-14]         - /autoware/planning/routing/state STALE
[logging_node-14]         - [anonymous group] ERROR
[logging_node-14]             - /autoware/planning/topic_rate_check/route ERROR
[logging_node-14]             - /autoware/planning/topic_rate_check/trajectory ERROR
[logging_node-14]             - /autoware/planning/trajectory_validation ERROR
[logging_node-14]     - /autoware/perception ERROR
[logging_node-14]         - /autoware/perception/topic_rate_check/objects ERROR
[logging_node-14]         - /autoware/perception/topic_rate_check/pointcloud ERROR
[logging_node-14]     - /autoware/control ERROR
[logging_node-14]         - /autoware/control/topic_rate_check/trajectory_follower ERROR
[logging_node-14]         - /autoware/control/topic_rate_check/control_command WARN 
[logging_node-14]         - /autoware/control/emergency_braking STALE
[logging_node-14]         - /autoware/control/performance_monitoring/lane_departure STALE
[logging_node-14]         - /autoware/control/performance_monitoring/control_state STALE
[logging_node-14]     - /adapi/mrm_request/delegate STALE
[logging_node-14] 
[autoware_mrm_handler_node-13] [INFO] [1785816016.081549712] [system.mrm_handler]: MRM State changed: NORMAL -> MRM_OPERATING
[autoware_mrm_handler_node-13] [WARN] [1785816016.082042072] [system.mrm_handler]: EMERGENCY_STOP is operated.
[component_container_mt-48] [INFO] [1785816016.083103016] [control.control_validator]: waiting for /planning/trajectory
[component_container_mt-47] [WARN] [1785816016.131362944] [control.vehicle_cmd_gate]: Emergency!
[component_container_mt-1] [WARN] [1785816016.131443175] [sensing.lidar.concatenate_data]: transformed_raw_points[/sensing/lidar/right/pointcloud_before_sync] is nullptr, skipping pointcloud publish.
[component_container_mt-1] [WARN] [1785816016.131480341] [sensing.lidar.concatenate_data]: transformed_raw_points[/sensing/lidar/left/pointcloud_before_sync] is nullptr, skipping pointcloud publish.
[autoware_ndt_scan_matcher_node-24] [INFO] [1785816016.132397976] [localization.pose_estimator.ndt_scan_matcher]: Mismatch between pose timestamp and current timestamp
[autoware_mrm_handler_node-13] [INFO] [1785816016.181859756] [system.mrm_handler]: MRM State changed: MRM_OPERATING -> NORMAL
[autoware_mrm_handler_node-13] [WARN] [1785816016.183030496] [system.mrm_handler]: EMERGENCY_STOP is canceled.
[component_container-7] [INFO] [1785816016.231558520] [system.topic_state_monitor_scenario_planning_trajectory]: /planning/trajectory has not received. Set ERROR in diagnostics.
[component_container_mt-1] [WARN] [1785816016.231573406] [sensing.lidar.concatenate_data]: transformed_raw_points[/sensing/lidar/right/pointcloud_before_sync] is nullptr, skipping pointcloud publish.
[component_container_mt-1] [WARN] [1785816016.231609513] [sensing.lidar.concatenate_data]: transformed_raw_points[/sensing/lidar/left/pointcloud_before_sync] is nullptr, skipping pointcloud publish.
[autoware_ndt_scan_matcher_node-24] [INFO] [1785816016.232567836] [localization.pose_estimator.ndt_scan_matcher]: Mismatch between pose timestamp and current timestamp
[component_container_mt-1] [WARN] [1785816016.331719851] [sensing.lidar.concatenate_data]: transformed_raw_points[/sensing/lidar/right/pointcloud_before_sync] is nullptr, skipping pointcloud publish.
[component_container_mt-1] [WARN] [1785816016.331768675] [sensing.lidar.concatenate_data]: transformed_raw_points[/sensing/lidar/left/pointcloud_before_sync] is nullptr, skipping pointcloud publish.
[autoware_ndt_scan_matcher_node-24] [INFO] [1785816016.332539083] [localization.pose_estimator.ndt_scan_matcher]: Mismatch between pose timestamp and current timestamp
[component_container_mt-1] [WARN] [1785816016.431912967] [sensing.lidar.concatenate_data]: transformed_raw_points[/sensing/lidar/right/pointcloud_before_sync] is nullptr, skipping pointcloud publish.
[component_container_mt-1] [WARN] [1785816016.431962583] [sensing.lidar.concatenate_data]: transformed_raw_points[/sensing/lidar/left/pointcloud_before_sync] is nullptr, skipping pointcloud publish.
[autoware_ndt_scan_matcher_node-24] [INFO] [1785816016.432392054] [localization.pose_estimator.ndt_scan_matcher]: Mismatch between pose timestamp and current timestamp
[component_container_mt-1] [WARN] [1785816016.532356389] [sensing.lidar.concatenate_data]: transformed_raw_points[/sensing/lidar/right/pointcloud_before_sync] is nullptr, skipping pointcloud publish.
[component_container_mt-1] [WARN] [1785816016.532396265] [sensing.lidar.concatenate_data]: transformed_raw_points[/sensing/lidar/left/pointcloud_before_sync] is nullptr, skipping pointcloud publish.
[autoware_ndt_scan_matcher_node-24] [INFO] [1785816016.532876162] [localization.pose_estimator.ndt_scan_matcher]: Mismatch between pose timestamp and current timestamp
[component_container_mt-1] [WARN] [1785816016.631734164] [sensing.lidar.concatenate_data]: transformed_raw_points[/sensing/lidar/right/pointcloud_before_sync] is nullptr, skipping pointcloud publish.
[component_container_mt-1] [WARN] [1785816016.631782151] [sensing.lidar.concatenate_data]: transformed_raw_points[/sensing/lidar/left/pointcloud_before_sync] is nullptr, skipping pointcloud publish.
[autoware_ndt_scan_matcher_node-24] [INFO] [1785816016.632425180] [localization.pose_estimator.ndt_scan_matcher]: Mismatch between pose timestamp and current timestamp
[component_container_mt-1] [WARN] [1785816016.731489883] [sensing.lidar.concatenate_data]: transformed_raw_points[/sensing/lidar/right/pointcloud_before_sync] is nullptr, skipping pointcloud publish.
[component_container_mt-1] [WARN] [1785816016.731540051] [sensing.lidar.concatenate_data]: transformed_raw_points[/sensing/lidar/left/pointcloud_before_sync] is nullptr, skipping pointcloud publish.
[autoware_ndt_scan_matcher_node-24] [INFO] [1785816016.732547916] [localization.pose_estimator.ndt_scan_matcher]: Mismatch between pose timestamp and current timestamp
[component_container_mt-1] [WARN] [1785816016.831274302] [sensing.lidar.concatenate_data]: transformed_raw_points[/sensing/lidar/right/pointcloud_before_sync] is nullptr, skipping pointcloud publish.
[component_container_mt-1] [WARN] [1785816016.831324869] [sensing.lidar.concatenate_data]: transformed_raw_points[/sensing/lidar/left/pointcloud_before_sync] is nullptr, skipping pointcloud publish.
[autoware_ndt_scan_matcher_node-24] [INFO] [1785816016.832046814] [localization.pose_estimator.ndt_scan_matcher]: Mismatch between pose timestamp and current timestamp
[component_container_mt-1] [WARN] [1785816016.933110962] [sensing.lidar.concatenate_data]: transformed_raw_points[/sensing/lidar/right/pointcloud_before_sync] is nullptr, skipping pointcloud publish.
[component_container_mt-1] [WARN] [1785816016.933153031] [sensing.lidar.concatenate_data]: transformed_raw_points[/sensing/lidar/left/pointcloud_before_sync] is nullptr, skipping pointcloud publish.
[autoware_ndt_scan_matcher_node-24] [INFO] [1785816016.933791844] [localization.pose_estimator.ndt_scan_matcher]: Mismatch between pose timestamp and current timestamp
[component_container_mt-1] [WARN] [1785816017.032526713] [sensing.lidar.concatenate_data]: transformed_raw_points[/sensing/lidar/right/pointcloud_before_sync] is nullptr, skipping pointcloud publish.
[component_container_mt-1] [WARN] [1785816017.032573850] [sensing.lidar.concatenate_data]: transformed_raw_points[/sensing/lidar/left/pointcloud_before_sync] is nullptr, skipping pointcloud publish.
[autoware_ndt_scan_matcher_node-24] [INFO] [1785816017.033997082] [localization.pose_estimator.ndt_scan_matcher]: Mismatch between pose timestamp and current timestamp
[autoware_mrm_handler_node-13] [INFO] [1785816017.081536358] [system.mrm_handler]: MRM State changed: NORMAL -> MRM_OPERATING
[autoware_mrm_handler_node-13] [WARN] [1785816017.081695969] [system.mrm_handler]: EMERGENCY_STOP is operated.
[component_container_mt-1] [WARN] [1785816017.131511220] [sensing.lidar.concatenate_data]: transformed_raw_points[/sensing/lidar/right/pointcloud_before_sync] is nullptr, skipping pointcloud publish.
[component_container_mt-1] [WARN] [1785816017.131555724] [sensing.lidar.concatenate_data]: transformed_raw_points[/sensing/lidar/left/pointcloud_before_sync] is nullptr, skipping pointcloud publish.
[component_container_mt-47] [WARN] [1785816017.131837844] [control.vehicle_cmd_gate]: Emergency!
[autoware_ndt_scan_matcher_node-24] [INFO] [1785816017.132075835] [localization.pose_estimator.ndt_scan_matcher]: Mismatch between pose timestamp and current timestamp
[autoware_mrm_handler_node-13] [INFO] [1785816017.181752946] [system.mrm_handler]: MRM State changed: MRM_OPERATING -> NORMAL
[autoware_mrm_handler_node-13] [WARN] [1785816017.182121948] [system.mrm_handler]: EMERGENCY_STOP is canceled.
[component_container_mt-1] [WARN] [1785816017.231603889] [sensing.lidar.concatenate_data]: transformed_raw_points[/sensing/lidar/right/pointcloud_before_sync] is nullptr, skipping pointcloud publish.
[component_container_mt-1] [WARN] [1785816017.231652829] [sensing.lidar.concatenate_data]: transformed_raw_points[/sensing/lidar/left/pointcloud_before_sync] is nullptr, skipping pointcloud publish.
[autoware_ndt_scan_matcher_node-24] [INFO] [1785816017.232852733] [localization.pose_estimator.ndt_scan_matcher]: Mismatch between pose timestamp and current timestamp
[autoware_scenario_selector_node-36] [INFO] [1785816017.281070496] [planning.scenario_planning.scenario_selector]: Waiting for route.
[component_container_mt-48] [INFO] [1785816017.281206590] [control.trajectory_follower.lane_departure_checker_node]: waiting for route msg...
[component_container_mt-1] [WARN] [1785816017.331287372] [sensing.lidar.concatenate_data]: transformed_raw_points[/sensing/lidar/right/pointcloud_before_sync] is nullptr, skipping pointcloud publish.
[component_container_mt-1] [WARN] [1785816017.331332148] [sensing.lidar.concatenate_data]: transformed_raw_points[/sensing/lidar/left/pointcloud_before_sync] is nullptr, skipping pointcloud publish.
[autoware_ndt_scan_matcher_node-24] [INFO] [1785816017.332219524] [localization.pose_estimator.ndt_scan_matcher]: Mismatch between pose timestamp and current timestamp
[component_container_mt-1] [WARN] [1785816017.431915519] [sensing.lidar.concatenate_data]: transformed_raw_points[/sensing/lidar/right/pointcloud_before_sync] is nullptr, skipping pointcloud publish.
[component_container_mt-1] [WARN] [1785816017.431963849] [sensing.lidar.concatenate_data]: transformed_raw_points[/sensing/lidar/left/pointcloud_before_sync] is nullptr, skipping pointcloud publish.
[autoware_ndt_scan_matcher_node-24] [INFO] [1785816017.432637752] [localization.pose_estimator.ndt_scan_matcher]: Mismatch between pose timestamp and current timestamp
[component_container_mt-1] [WARN] [1785816017.531642294] [sensing.lidar.concatenate_data]: transformed_raw_points[/sensing/lidar/right/pointcloud_before_sync] is nullptr, skipping pointcloud publish.
[component_container_mt-1] [WARN] [1785816017.531697057] [sensing.lidar.concatenate_data]: transformed_raw_points[/sensing/lidar/left/pointcloud_before_sync] is nullptr, skipping pointcloud publish.
[autoware_ndt_scan_matcher_node-24] [INFO] [1785816017.532453845] [localization.pose_estimator.ndt_scan_matcher]: Mismatch between pose timestamp and current timestamp
[component_container_mt-1] [WARN] [1785816017.631770153] [sensing.lidar.concatenate_data]: transformed_raw_points[/sensing/lidar/right/pointcloud_before_sync] is nullptr, skipping pointcloud publish.
[component_container_mt-1] [WARN] [1785816017.631810468] [sensing.lidar.concatenate_data]: transformed_raw_points[/sensing/lidar/left/pointcloud_before_sync] is nullptr, skipping pointcloud publish.
[autoware_ndt_scan_matcher_node-24] [INFO] [1785816017.632360940] [localization.pose_estimator.ndt_scan_matcher]: Mismatch between pose timestamp and current timestamp
[component_container_mt-1] [WARN] [1785816017.731348783] [sensing.lidar.concatenate_data]: transformed_raw_points[/sensing/lidar/right/pointcloud_before_sync] is nullptr, skipping pointcloud publish.
[autoware_ndt_scan_matcher_node-24] [INFO] [1785816017.732095786] [localization.pose_estimator.ndt_scan_matcher]: Mismatch between pose timestamp and current timestamp
[component_container_mt-1] [WARN] [1785816017.732765234] [sensing.lidar.concatenate_data]: transformed_raw_points[/sensing/lidar/left/pointcloud_before_sync] is nullptr, skipping pointcloud publish.
[component_container-7] [WARN] [1785816017.781635701] [system.topic_state_monitor_control_command_control_cmd]: /control/command/control_cmd topic rate has dropped to the warning level. Set WARN in diagnostics.
[component_container_mt-1] [WARN] [1785816017.831469443] [sensing.lidar.concatenate_data]: transformed_raw_points[/sensing/lidar/right/pointcloud_before_sync] is nullptr, skipping pointcloud publish.
[component_container_mt-1] [WARN] [1785816017.831518776] [sensing.lidar.concatenate_data]: transformed_raw_points[/sensing/lidar/left/pointcloud_before_sync] is nullptr, skipping pointcloud publish.
[autoware_ndt_scan_matcher_node-24] [INFO] [1785816017.832836308] [localization.pose_estimator.ndt_scan_matcher]: Mismatch between pose timestamp and current timestamp
[component_container_mt-1] [WARN] [1785816017.931703265] [sensing.lidar.concatenate_data]: transformed_raw_points[/sensing/lidar/right/pointcloud_before_sync] is nullptr, skipping pointcloud publish.
[component_container_mt-1] [WARN] [1785816017.931751620] [sensing.lidar.concatenate_data]: transformed_raw_points[/sensing/lidar/left/pointcloud_before_sync] is nullptr, skipping pointcloud publish.
[autoware_ndt_scan_matcher_node-24] [INFO] [1785816017.933434649] [localization.pose_estimator.ndt_scan_matcher]: Mismatch between pose timestamp and current timestamp
[component_container_mt-1] [WARN] [1785816018.031650748] [sensing.lidar.concatenate_data]: transformed_raw_points[/sensing/lidar/right/pointcloud_before_sync] is nullptr, skipping pointcloud publish.
[component_container_mt-1] [WARN] [1785816018.031704521] [sensing.lidar.concatenate_data]: transformed_raw_points[/sensing/lidar/left/pointcloud_before_sync] is nullptr, skipping pointcloud publish.
[autoware_ndt_scan_matcher_node-24] [INFO] [1785816018.032204397] [localization.pose_estimator.ndt_scan_matcher]: Mismatch between pose timestamp and current timestamp
[autoware_mrm_handler_node-13] [INFO] [1785816018.081648463] [system.mrm_handler]: MRM State changed: NORMAL -> MRM_OPERATING
[autoware_mrm_handler_node-13] [WARN] [1785816018.082440964] [system.mrm_handler]: EMERGENCY_STOP is operated.
[component_container_mt-47] [WARN] [1785816018.131365537] [control.vehicle_cmd_gate]: Emergency!
[component_container_mt-1] [WARN] [1785816018.131718582] [sensing.lidar.concatenate_data]: transformed_raw_points[/sensing/lidar/right/pointcloud_before_sync] is nullptr, skipping pointcloud publish.
[component_container_mt-1] [WARN] [1785816018.131750567] [sensing.lidar.concatenate_data]: transformed_raw_points[/sensing/lidar/left/pointcloud_before_sync] is nullptr, skipping pointcloud publish.
[autoware_ndt_scan_matcher_node-24] [INFO] [1785816018.132217398] [localization.pose_estimator.ndt_scan_matcher]: Mismatch between pose timestamp and current timestamp
[autoware_mrm_handler_node-13] [INFO] [1785816018.181532769] [system.mrm_handler]: MRM State changed: MRM_OPERATING -> NORMAL
[autoware_mrm_handler_node-13] [WARN] [1785816018.181804228] [system.mrm_handler]: EMERGENCY_STOP is canceled.
[component_container_mt-1] [WARN] [1785816018.231833577] [sensing.lidar.concatenate_data]: transformed_raw_points[/sensing/lidar/right/pointcloud_before_sync] is nullptr, skipping pointcloud publish.
[component_container_mt-1] [WARN] [1785816018.231885689] [sensing.lidar.concatenate_data]: transformed_raw_points[/sensing/lidar/left/pointcloud_before_sync] is nullptr, skipping pointcloud publish.
[autoware_ndt_scan_matcher_node-24] [INFO] [1785816018.232959534] [localization.pose_estimator.ndt_scan_matcher]: Mismatch between pose timestamp and current timestamp
[component_container_mt-1] [WARN] [1785816018.331977558] [sensing.lidar.concatenate_data]: transformed_raw_points[/sensing/lidar/right/pointcloud_before_sync] is nullptr, skipping pointcloud publish.
[component_container_mt-1] [WARN] [1785816018.332021170] [sensing.lidar.concatenate_data]: transformed_raw_points[/sensing/lidar/left/pointcloud_before_sync] is nullptr, skipping pointcloud publish.
[autoware_ndt_scan_matcher_node-24] [INFO] [1785816018.332471956] [localization.pose_estimator.ndt_scan_matcher]: Mismatch between pose timestamp and current timestamp
[component_container_mt-1] [WARN] [1785816018.432028062] [sensing.lidar.concatenate_data]: transformed_raw_points[/sensing/lidar/right/pointcloud_before_sync] is nullptr, skipping pointcloud publish.
[component_container_mt-1] [WARN] [1785816018.432074678] [sensing.lidar.concatenate_data]: transformed_raw_points[/sensing/lidar/left/pointcloud_before_sync] is nullptr, skipping pointcloud publish.
[autoware_ndt_scan_matcher_node-24] [INFO] [1785816018.432932840] [localization.pose_estimator.ndt_scan_matcher]: Mismatch between pose timestamp and current timestamp
[component_container_mt-1] [WARN] [1785816018.531859866] [sensing.lidar.concatenate_data]: transformed_raw_points[/sensing/lidar/right/pointcloud_before_sync] is nullptr, skipping pointcloud publish.
[component_container_mt-1] [WARN] [1785816018.531909777] [sensing.lidar.concatenate_data]: transformed_raw_points[/sensing/lidar/left/pointcloud_before_sync] is nullptr, skipping pointcloud publish.
[autoware_ndt_scan_matcher_node-24] [INFO] [1785816018.532952358] [localization.pose_estimator.ndt_scan_matcher]: Mismatch between pose timestamp and current timestamp
[component_container_mt-1] [WARN] [1785816018.631712467] [sensing.lidar.concatenate_data]: transformed_raw_points[/sensing/lidar/right/pointcloud_before_sync] is nullptr, skipping pointcloud publish.
[component_container_mt-1] [WARN] [1785816018.631762073] [sensing.lidar.concatenate_data]: transformed_raw_points[/sensing/lidar/left/pointcloud_before_sync] is nullptr, skipping pointcloud publish.
[autoware_ndt_scan_matcher_node-24] [INFO] [1785816018.632400272] [localization.pose_estimator.ndt_scan_matcher]: Mismatch between pose timestamp and current timestamp
[component_container_mt-1] [WARN] [1785816018.731703573] [sensing.lidar.concatenate_data]: transformed_raw_points[/sensing/lidar/right/pointcloud_before_sync] is nullptr, skipping pointcloud publish.
[component_container_mt-1] [WARN] [1785816018.731757125] [sensing.lidar.concatenate_data]: transformed_raw_points[/sensing/lidar/left/pointcloud_before_sync] is nullptr, skipping pointcloud publish.
[autoware_ndt_scan_matcher_node-24] [INFO] [1785816018.732295833] [localization.pose_estimator.ndt_scan_matcher]: Mismatch between pose timestamp and current timestamp
[component_container_mt-1] [WARN] [1785816018.831682995] [sensing.lidar.concatenate_data]: transformed_raw_points[/sensing/lidar/right/pointcloud_before_sync] is nullptr, skipping pointcloud publish.
[component_container_mt-1] [WARN] [1785816018.831730006] [sensing.lidar.concatenate_data]: transformed_raw_points[/sensing/lidar/left/pointcloud_before_sync] is nullptr, skipping pointcloud publish.
[autoware_ndt_scan_matcher_node-24] [INFO] [1785816018.832263655] [localization.pose_estimator.ndt_scan_matcher]: Mismatch between pose timestamp and current timestamp
[component_container_mt-1] [WARN] [1785816018.931945046] [sensing.lidar.concatenate_data]: transformed_raw_points[/sensing/lidar/right/pointcloud_before_sync] is nullptr, skipping pointcloud publish.
[component_container_mt-1] [WARN] [1785816018.931992068] [sensing.lidar.concatenate_data]: transformed_raw_points[/sensing/lidar/left/pointcloud_before_sync] is nullptr, skipping pointcloud publish.
[autoware_ndt_scan_matcher_node-24] [INFO] [1785816018.932503411] [localization.pose_estimator.ndt_scan_matcher]: Mismatch between pose timestamp and current timestamp
[component_container_mt-1] [WARN] [1785816019.031944787] [sensing.lidar.concatenate_data]: transformed_raw_points[/sensing/lidar/right/pointcloud_before_sync] is nullptr, skipping pointcloud publish.
[component_container_mt-1] [WARN] [1785816019.031990097] [sensing.lidar.concatenate_data]: transformed_raw_points[/sensing/lidar/left/pointcloud_before_sync] is nullptr, skipping pointcloud publish.
[autoware_ndt_scan_matcher_node-24] [INFO] [1785816019.032584935] [localization.pose_estimator.ndt_scan_matcher]: Mismatch between pose timestamp and current timestamp
[logging_node-14] [WARN] [1785816019.081340524] [logging_diag_graph]: The target mode is not available for the following reasons:
[logging_node-14] - /autoware/modes/autonomous ERROR
[logging_node-14]     - /autoware/planning ERROR
[logging_node-14]         - /autoware/planning/routing/state STALE
[logging_node-14]         - [anonymous group] ERROR
[logging_node-14]             - /autoware/planning/topic_rate_check/route ERROR
[logging_node-14]             - /autoware/planning/topic_rate_check/trajectory ERROR
[logging_node-14]             - /autoware/planning/trajectory_validation ERROR
[logging_node-14]     - /autoware/perception ERROR
[logging_node-14]         - /autoware/perception/topic_rate_check/objects ERROR
[logging_node-14]         - /autoware/perception/topic_rate_check/pointcloud ERROR
[logging_node-14]     - /autoware/control ERROR
[logging_node-14]         - /autoware/control/topic_rate_check/trajectory_follower ERROR
[logging_node-14]         - /autoware/control/topic_rate_check/control_command WARN 
[logging_node-14]         - /autoware/control/performance_monitoring/lane_departure STALE
[logging_node-14]         - /autoware/control/performance_monitoring/control_state STALE
[logging_node-14]     - /adapi/mrm_request/delegate STALE
[logging_node-14] 
[autoware_mrm_handler_node-13] [INFO] [1785816019.082129717] [system.mrm_handler]: MRM State changed: NORMAL -> MRM_OPERATING
[autoware_mrm_handler_node-13] [WARN] [1785816019.082355600] [system.mrm_handler]: EMERGENCY_STOP is operated.
[component_container_mt-47] [WARN] [1785816019.131776232] [control.vehicle_cmd_gate]: Emergency!
[component_container_mt-1] [WARN] [1785816019.131978090] [sensing.lidar.concatenate_data]: transformed_raw_points[/sensing/lidar/right/pointcloud_before_sync] is nullptr, skipping pointcloud publish.
[component_container_mt-1] [WARN] [1785816019.132012664] [sensing.lidar.concatenate_data]: transformed_raw_points[/sensing/lidar/left/pointcloud_before_sync] is nullptr, skipping pointcloud publish.
[autoware_ndt_scan_matcher_node-24] [INFO] [1785816019.132478170] [localization.pose_estimator.ndt_scan_matcher]: Mismatch between pose timestamp and current timestamp
[autoware_mrm_handler_node-13] [INFO] [1785816019.181967969] [system.mrm_handler]: MRM State changed: MRM_OPERATING -> NORMAL
[autoware_mrm_handler_node-13] [WARN] [1785816019.182942620] [system.mrm_handler]: EMERGENCY_STOP is canceled.
[component_container-7] [INFO] [1785816019.231417993] [system.topic_state_monitor_scenario_planning_trajectory]: /planning/trajectory has not received. Set ERROR in diagnostics.
[component_container_mt-1] [WARN] [1785816019.231431985] [sensing.lidar.concatenate_data]: transformed_raw_points[/sensing/lidar/right/pointcloud_before_sync] is nullptr, skipping pointcloud publish.
[component_container_mt-1] [WARN] [1785816019.231473145] [sensing.lidar.concatenate_data]: transformed_raw_points[/sensing/lidar/left/pointcloud_before_sync] is nullptr, skipping pointcloud publish.
[autoware_ndt_scan_matcher_node-24] [INFO] [1785816019.231929878] [localization.pose_estimator.ndt_scan_matcher]: Mismatch between pose timestamp and current timestamp
[component_container_mt-1] [WARN] [1785816019.331399498] [sensing.lidar.concatenate_data]: transformed_raw_points[/sensing/lidar/right/pointcloud_before_sync] is nullptr, skipping pointcloud publish.
[component_container_mt-1] [WARN] [1785816019.331449425] [sensing.lidar.concatenate_data]: transformed_raw_points[/sensing/lidar/left/pointcloud_before_sync] is nullptr, skipping pointcloud publish.
[autoware_ndt_scan_matcher_node-24] [INFO] [1785816019.331931839] [localization.pose_estimator.ndt_scan_matcher]: Mismatch between pose timestamp and current timestamp
[component_container_mt-1] [WARN] [1785816019.432233858] [sensing.lidar.concatenate_data]: transformed_raw_points[/sensing/lidar/right/pointcloud_before_sync] is nullptr, skipping pointcloud publish.
[component_container_mt-1] [WARN] [1785816019.432273711] [sensing.lidar.concatenate_data]: transformed_raw_points[/sensing/lidar/left/pointcloud_before_sync] is nullptr, skipping pointcloud publish.
[autoware_ndt_scan_matcher_node-24] [INFO] [1785816019.433052847] [localization.pose_estimator.ndt_scan_matcher]: Mismatch between pose timestamp and current timestamp
[component_container_mt-1] [WARN] [1785816019.531727580] [sensing.lidar.concatenate_data]: transformed_raw_points[/sensing/lidar/right/pointcloud_before_sync] is nullptr, skipping pointcloud publish.
[component_container_mt-1] [WARN] [1785816019.531775267] [sensing.lidar.concatenate_data]: transformed_raw_points[/sensing/lidar/left/pointcloud_before_sync] is nullptr, skipping pointcloud publish.
[autoware_ndt_scan_matcher_node-24] [INFO] [1785816019.532245775] [localization.pose_estimator.ndt_scan_matcher]: Mismatch between pose timestamp and current timestamp
[component_container_mt-1] [WARN] [1785816019.631672775] [sensing.lidar.concatenate_data]: transformed_raw_points[/sensing/lidar/right/pointcloud_before_sync] is nullptr, skipping pointcloud publish.
[component_container_mt-1] [WARN] [1785816019.631718262] [sensing.lidar.concatenate_data]: transformed_raw_points[/sensing/lidar/left/pointcloud_before_sync] is nullptr, skipping pointcloud publish.
[autoware_ndt_scan_matcher_node-24] [INFO] [1785816019.632217882] [localization.pose_estimator.ndt_scan_matcher]: Mismatch between pose timestamp and current timestamp
[component_container_mt-47] [INFO] [1785816019.681252292] [control.trajectory_follower.controller_node_exe]: Waiting for trajectory data
[component_container_mt-47] [INFO] [1785816019.681304463] [control.trajectory_follower.controller_node_exe]: Control is skipped since input data is not ready.
[component_container_mt-1] [WARN] [1785816019.731804463] [sensing.lidar.concatenate_data]: transformed_raw_points[/sensing/lidar/right/pointcloud_before_sync] is nullptr, skipping pointcloud publish.
[component_container_mt-1] [WARN] [1785816019.731858812] [sensing.lidar.concatenate_data]: transformed_raw_points[/sensing/lidar/left/pointcloud_before_sync] is nullptr, skipping pointcloud publish.
[autoware_ndt_scan_matcher_node-24] [INFO] [1785816019.733162021] [localization.pose_estimator.ndt_scan_matcher]: Mismatch between pose timestamp and current timestamp
[component_container_mt-1] [WARN] [1785816019.831754914] [sensing.lidar.concatenate_data]: transformed_raw_points[/sensing/lidar/right/pointcloud_before_sync] is nullptr, skipping pointcloud publish.
[component_container_mt-1] [WARN] [1785816019.831802704] [sensing.lidar.concatenate_data]: transformed_raw_points[/sensing/lidar/left/pointcloud_before_sync] is nullptr, skipping pointcloud publish.
[autoware_ndt_scan_matcher_node-24] [INFO] [1785816019.833747105] [localization.pose_estimator.ndt_scan_matcher]: Mismatch between pose timestamp and current timestamp
[component_container_mt-1] [WARN] [1785816019.931900517] [sensing.lidar.concatenate_data]: transformed_raw_points[/sensing/lidar/right/pointcloud_before_sync] is nullptr, skipping pointcloud publish.
[component_container_mt-1] [WARN] [1785816019.931945694] [sensing.lidar.concatenate_data]: transformed_raw_points[/sensing/lidar/left/pointcloud_before_sync] is nullptr, skipping pointcloud publish.
[autoware_ndt_scan_matcher_node-24] [INFO] [1785816019.933049066] [localization.pose_estimator.ndt_scan_matcher]: Mismatch between pose timestamp and current timestamp
[component_container_mt-48] [INFO] [1785816019.981815123] [control.autonomous_emergency_braking]: [AEB] waiting for object pointcloud message
[component_container_mt-40] [INFO] [1785816020.031670603] [planning.scenario_planning.lane_driving.behavior_planning.behavior_path_planner]: waiting for scenario_topic
[component_container_mt-1] [WARN] [1785816020.031950895] [sensing.lidar.concatenate_data]: transformed_raw_points[/sensing/lidar/right/pointcloud_before_sync] is nullptr, skipping pointcloud publish.
[component_container_mt-1] [WARN] [1785816020.031988683] [sensing.lidar.concatenate_data]: transformed_raw_points[/sensing/lidar/left/pointcloud_before_sync] is nullptr, skipping pointcloud publish.
[autoware_ndt_scan_matcher_node-24] [INFO] [1785816020.032592641] [localization.pose_estimator.ndt_scan_matcher]: pose_buffer_.size() < 2
[autoware_mrm_handler_node-13] [INFO] [1785816020.082260056] [system.mrm_handler]: MRM State changed: NORMAL -> MRM_OPERATING
[component_container_mt-1] [WARN] [1785816020.082463078] [sensing.lidar.concatenate_data]: transformed_raw_points[/sensing/lidar/right/pointcloud_before_sync] is nullptr, skipping pointcloud publish.
[component_container_mt-1] [WARN] [1785816020.082500214] [sensing.lidar.concatenate_data]: transformed_raw_points[/sensing/lidar/left/pointcloud_before_sync] is nullptr, skipping pointcloud publish.
[autoware_mrm_handler_node-13] [WARN] [1785816020.082695319] [system.mrm_handler]: EMERGENCY_STOP is operated.
[autoware_ndt_scan_matcher_node-24] [INFO] [1785816020.083019671] [localization.pose_estimator.ndt_scan_matcher]: Mismatch between pose timestamp and current timestamp
[component_container-18] [WARN] [1785816020.088391785] [sensing.lidar.top.crop_box_filter_self]: Invalid PointCloud: is_dense is false. The point cloud should be organized (dense) and contain only valid points. This will be an ERROR starting in 2026 JulyFrame: 'velodyne_top', Stamp: 25.122812614
[component_container_mt-47] [WARN] [1785816020.131706802] [control.vehicle_cmd_gate]: Emergency!
[autoware_mrm_handler_node-13] [INFO] [1785816020.181229075] [system.mrm_handler]: MRM State changed: MRM_OPERATING -> NORMAL
[component_container_mt-1] [WARN] [1785816020.181510266] [sensing.lidar.concatenate_data]: transformed_raw_points[/sensing/lidar/right/pointcloud_before_sync] is nullptr, skipping pointcloud publish.
[component_container_mt-1] [WARN] [1785816020.181542582] [sensing.lidar.concatenate_data]: transformed_raw_points[/sensing/lidar/left/pointcloud_before_sync] is nullptr, skipping pointcloud publish.
[autoware_mrm_handler_node-13] [WARN] [1785816020.181553789] [system.mrm_handler]: EMERGENCY_STOP is canceled.
[autoware_ndt_scan_matcher_node-24] [INFO] [1785816020.182248907] [localization.pose_estimator.ndt_scan_matcher]: Mismatch between pose timestamp and current timestamp
[component_container_mt-1] [WARN] [1785816020.281411215] [sensing.lidar.concatenate_data]: transformed_raw_points[/sensing/lidar/right/pointcloud_before_sync] is nullptr, skipping pointcloud publish.
[component_container_mt-1] [WARN] [1785816020.281457652] [sensing.lidar.concatenate_data]: transformed_raw_points[/sensing/lidar/left/pointcloud_before_sync] is nullptr, skipping pointcloud publish.
[autoware_ndt_scan_matcher_node-24] [INFO] [1785816020.281997819] [localization.pose_estimator.ndt_scan_matcher]: Mismatch between pose timestamp and current timestamp
[component_container_mt-1] [WARN] [1785816020.381852671] [sensing.lidar.concatenate_data]: transformed_raw_points[/sensing/lidar/right/pointcloud_before_sync] is nullptr, skipping pointcloud publish.
[component_container_mt-1] [WARN] [1785816020.381895711] [sensing.lidar.concatenate_data]: transformed_raw_points[/sensing/lidar/left/pointcloud_before_sync] is nullptr, skipping pointcloud publish.
[autoware_ndt_scan_matcher_node-24] [INFO] [1785816020.382549051] [localization.pose_estimator.ndt_scan_matcher]: Mismatch between pose timestamp and current timestamp
[component_container_mt-1] [WARN] [1785816020.481772605] [sensing.lidar.concatenate_data]: transformed_raw_points[/sensing/lidar/right/pointcloud_before_sync] is nullptr, skipping pointcloud publish.
[component_container_mt-1] [WARN] [1785816020.481815394] [sensing.lidar.concatenate_data]: transformed_raw_points[/sensing/lidar/left/pointcloud_before_sync] is nullptr, skipping pointcloud publish.
[autoware_ndt_scan_matcher_node-24] [INFO] [1785816020.482462711] [localization.pose_estimator.ndt_scan_matcher]: Mismatch between pose timestamp and current timestamp
[component_container_mt-1] [WARN] [1785816020.488999877] [localization.util.crop_box_filter_measurement_range]: Invalid PointCloud: row_step mismatch. Expected: 101184 (width 6324 * point_step 16), Got: 0. Frame: 'base_link', Stamp: 25.522812620 Please fill in the `cloud->row_step` field accordingly. This will be an ERROR starting in 2026 July
[component_container_mt-1] [WARN] [1785816020.581740609] [sensing.lidar.concatenate_data]: transformed_raw_points[/sensing/lidar/right/pointcloud_before_sync] is nullptr, skipping pointcloud publish.
[component_container_mt-1] [WARN] [1785816020.581789068] [sensing.lidar.concatenate_data]: transformed_raw_points[/sensing/lidar/left/pointcloud_before_sync] is nullptr, skipping pointcloud publish.
[autoware_ndt_scan_matcher_node-24] [INFO] [1785816020.582287470] [localization.pose_estimator.ndt_scan_matcher]: Mismatch between pose timestamp and current timestamp
[component_container_mt-1] [WARN] [1785816020.681872174] [sensing.lidar.concatenate_data]: transformed_raw_points[/sensing/lidar/right/pointcloud_before_sync] is nullptr, skipping pointcloud publish.
[component_container_mt-1] [WARN] [1785816020.681932217] [sensing.lidar.concatenate_data]: transformed_raw_points[/sensing/lidar/left/pointcloud_before_sync] is nullptr, skipping pointcloud publish.
[autoware_ndt_scan_matcher_node-24] [INFO] [1785816020.682665163] [localization.pose_estimator.ndt_scan_matcher]: Mismatch between pose timestamp and current timestamp
[component_container_mt-50] [INFO] [1785816020.731493262] [adapi.node.autoware_state]: AutowareState: Initializing => WaitingForRoute
[component_container_mt-1] [WARN] [1785816020.782160000] [sensing.lidar.concatenate_data]: transformed_raw_points[/sensing/lidar/right/pointcloud_before_sync] is nullptr, skipping pointcloud publish.
[component_container_mt-1] [WARN] [1785816020.782206560] [sensing.lidar.concatenate_data]: transformed_raw_points[/sensing/lidar/left/pointcloud_before_sync] is nullptr, skipping pointcloud publish.
[component_container-7] [WARN] [1785816020.782307876] [system.topic_state_monitor_control_command_control_cmd]: /control/command/control_cmd topic rate has dropped to the warning level. Set WARN in diagnostics.
[autoware_ndt_scan_matcher_node-24] [INFO] [1785816020.782936377] [localization.pose_estimator.ndt_scan_matcher]: Mismatch between pose timestamp and current timestamp
[component_container-18] [WARN] [1785816020.789625436] [sensing.lidar.top.distortion_corrector_node]: Twist time_stamp is too late. Could not interpolate.
[component_container-18] [WARN] [1785816020.789653009] [sensing.lidar.top.distortion_corrector_node]: IMU time_stamp is too late. Could not interpolate.
[component_container_mt-1] [WARN] [1785816020.881576581] [sensing.lidar.concatenate_data]: transformed_raw_points[/sensing/lidar/right/pointcloud_before_sync] is nullptr, skipping pointcloud publish.
[component_container_mt-1] [WARN] [1785816020.881781778] [sensing.lidar.concatenate_data]: transformed_raw_points[/sensing/lidar/left/pointcloud_before_sync] is nullptr, skipping pointcloud publish.
[component_container_mt-47] [INFO] [1785816020.881839311] [control.vehicle_cmd_gate]: The operation mode is changed, but the GearCommand is not received yet:
[autoware_ndt_scan_matcher_node-24] [INFO] [1785816020.882474306] [localization.pose_estimator.ndt_scan_matcher]: Mismatch between pose timestamp and current timestamp
[component_container_mt-1] [WARN] [1785816020.982907693] [sensing.lidar.concatenate_data]: transformed_raw_points[/sensing/lidar/right/pointcloud_before_sync] is nullptr, skipping pointcloud publish.
[component_container_mt-1] [WARN] [1785816020.982950537] [sensing.lidar.concatenate_data]: transformed_raw_points[/sensing/lidar/left/pointcloud_before_sync] is nullptr, skipping pointcloud publish.
[autoware_ndt_scan_matcher_node-24] [INFO] [1785816020.983593333] [localization.pose_estimator.ndt_scan_matcher]: Mismatch between pose timestamp and current timestamp
[autoware_mrm_handler_node-13] [INFO] [1785816021.081856649] [system.mrm_handler]: MRM State changed: NORMAL -> MRM_OPERATING
[component_container_mt-1] [WARN] [1785816021.082206268] [sensing.lidar.concatenate_data]: transformed_raw_points[/sensing/lidar/right/pointcloud_before_sync] is nullptr, skipping pointcloud publish.
[component_container_mt-1] [WARN] [1785816021.082243496] [sensing.lidar.concatenate_data]: transformed_raw_points[/sensing/lidar/left/pointcloud_before_sync] is nullptr, skipping pointcloud publish.
[autoware_mrm_handler_node-13] [WARN] [1785816021.082547559] [system.mrm_handler]: EMERGENCY_STOP is operated.
[autoware_ndt_scan_matcher_node-24] [INFO] [1785816021.083669914] [localization.pose_estimator.ndt_scan_matcher]: Mismatch between pose timestamp and current timestamp
[component_container_mt-47] [WARN] [1785816021.131549559] [control.vehicle_cmd_gate]: Emergency!
[component_container_mt-48] [INFO] [1785816021.131757460] [control.control_validator]: waiting for /planning/trajectory
[autoware_mrm_handler_node-13] [INFO] [1785816021.181738804] [system.mrm_handler]: MRM State changed: MRM_OPERATING -> NORMAL
[component_container_mt-1] [WARN] [1785816021.181775225] [sensing.lidar.concatenate_data]: transformed_raw_points[/sensing/lidar/right/pointcloud_before_sync] is nullptr, skipping pointcloud publish.
[component_container_mt-1] [WARN] [1785816021.181809768] [sensing.lidar.concatenate_data]: transformed_raw_points[/sensing/lidar/left/pointcloud_before_sync] is nullptr, skipping pointcloud publish.
[autoware_ndt_scan_matcher_node-24] [INFO] [1785816021.182302718] [localization.pose_estimator.ndt_scan_matcher]: Mismatch between pose timestamp and current timestamp
[autoware_mrm_handler_node-13] [WARN] [1785816021.183041991] [system.mrm_handler]: EMERGENCY_STOP is canceled.
[component_container_mt-1] [WARN] [1785816021.282226574] [sensing.lidar.concatenate_data]: transformed_raw_points[/sensing/lidar/right/pointcloud_before_sync] is nullptr, skipping pointcloud publish.
[component_container_mt-1] [WARN] [1785816021.282268408] [sensing.lidar.concatenate_data]: transformed_raw_points[/sensing/lidar/left/pointcloud_before_sync] is nullptr, skipping pointcloud publish.
[autoware_ndt_scan_matcher_node-24] [INFO] [1785816021.282711081] [localization.pose_estimator.ndt_scan_matcher]: Mismatch between pose timestamp and current timestamp
[component_container_mt-1] [WARN] [1785816021.381679566] [sensing.lidar.concatenate_data]: transformed_raw_points[/sensing/lidar/right/pointcloud_before_sync] is nullptr, skipping pointcloud publish.
[component_container_mt-1] [WARN] [1785816021.381721950] [sensing.lidar.concatenate_data]: transformed_raw_points[/sensing/lidar/left/pointcloud_before_sync] is nullptr, skipping pointcloud publish.
[autoware_ndt_scan_matcher_node-24] [INFO] [1785816021.382419214] [localization.pose_estimator.ndt_scan_matcher]: Mismatch between pose timestamp and current timestamp
[component_container_mt-1] [WARN] [1785816021.481670649] [sensing.lidar.concatenate_data]: transformed_raw_points[/sensing/lidar/right/pointcloud_before_sync] is nullptr, skipping pointcloud publish.
[component_container_mt-1] [WARN] [1785816021.481718706] [sensing.lidar.concatenate_data]: transformed_raw_points[/sensing/lidar/left/pointcloud_before_sync] is nullptr, skipping pointcloud publish.
[autoware_ndt_scan_matcher_node-24] [INFO] [1785816021.482427363] [localization.pose_estimator.ndt_scan_matcher]: Mismatch between pose timestamp and current timestamp
[component_container_mt-1] [WARN] [1785816021.581970946] [sensing.lidar.concatenate_data]: transformed_raw_points[/sensing/lidar/right/pointcloud_before_sync] is nullptr, skipping pointcloud publish.
[component_container_mt-1] [WARN] [1785816021.582030649] [sensing.lidar.concatenate_data]: transformed_raw_points[/sensing/lidar/left/pointcloud_before_sync] is nullptr, skipping pointcloud publish.
[autoware_ndt_scan_matcher_node-24] [INFO] [1785816021.582733030] [localization.pose_estimator.ndt_scan_matcher]: Mismatch between pose timestamp and current timestamp
[component_container_mt-1] [WARN] [1785816021.682479267] [sensing.lidar.concatenate_data]: transformed_raw_points[/sensing/lidar/right/pointcloud_before_sync] is nullptr, skipping pointcloud publish.
[component_container_mt-1] [WARN] [1785816021.682525488] [sensing.lidar.concatenate_data]: transformed_raw_points[/sensing/lidar/left/pointcloud_before_sync] is nullptr, skipping pointcloud publish.
[autoware_ndt_scan_matcher_node-24] [INFO] [1785816021.683051100] [localization.pose_estimator.ndt_scan_matcher]: Mismatch between pose timestamp and current timestamp
[component_container_mt-1] [WARN] [1785816021.782156773] [sensing.lidar.concatenate_data]: transformed_raw_points[/sensing/lidar/right/pointcloud_before_sync] is nullptr, skipping pointcloud publish.
[component_container_mt-1] [WARN] [1785816021.782202247] [sensing.lidar.concatenate_data]: transformed_raw_points[/sensing/lidar/left/pointcloud_before_sync] is nullptr, skipping pointcloud publish.
[autoware_ndt_scan_matcher_node-24] [INFO] [1785816021.782741521] [localization.pose_estimator.ndt_scan_matcher]: Mismatch between pose timestamp and current timestamp
[component_container_mt-1] [WARN] [1785816021.882328103] [sensing.lidar.concatenate_data]: transformed_raw_points[/sensing/lidar/right/pointcloud_before_sync] is nullptr, skipping pointcloud publish.
[component_container_mt-1] [WARN] [1785816021.882374384] [sensing.lidar.concatenate_data]: transformed_raw_points[/sensing/lidar/left/pointcloud_before_sync] is nullptr, skipping pointcloud publish.
[autoware_ndt_scan_matcher_node-24] [INFO] [1785816021.882882444] [localization.pose_estimator.ndt_scan_matcher]: Mismatch between pose timestamp and current timestamp
[component_container_mt-1] [WARN] [1785816021.982347605] [sensing.lidar.concatenate_data]: transformed_raw_points[/sensing/lidar/right/pointcloud_before_sync] is nullptr, skipping pointcloud publish.
[component_container_mt-1] [WARN] [1785816021.982395669] [sensing.lidar.concatenate_data]: transformed_raw_points[/sensing/lidar/left/pointcloud_before_sync] is nullptr, skipping pointcloud publish.
[autoware_ndt_scan_matcher_node-24] [INFO] [1785816021.983008283] [localization.pose_estimator.ndt_scan_matcher]: Mismatch between pose timestamp and current timestamp
[autoware_mrm_handler_node-13] [INFO] [1785816022.081795238] [system.mrm_handler]: MRM State changed: NORMAL -> MRM_OPERATING
[logging_node-14] [WARN] [1785816022.081885998] [logging_diag_graph]: The target mode is not available for the following reasons:
[logging_node-14] - /autoware/modes/autonomous ERROR
[logging_node-14]     - /autoware/planning ERROR
[logging_node-14]         - /autoware/planning/routing/state STALE
[logging_node-14]         - [anonymous group] ERROR
[logging_node-14]             - /autoware/planning/topic_rate_check/route ERROR
[logging_node-14]             - /autoware/planning/topic_rate_check/trajectory ERROR
[logging_node-14]             - /autoware/planning/trajectory_validation ERROR
[logging_node-14]     - /autoware/control ERROR
[logging_node-14]         - /autoware/control/topic_rate_check/trajectory_follower ERROR
[logging_node-14]         - /autoware/control/topic_rate_check/control_command WARN 
[logging_node-14]         - /autoware/control/performance_monitoring/lane_departure STALE
[logging_node-14]         - /autoware/control/performance_monitoring/control_state STALE
[logging_node-14]     - /adapi/mrm_request/delegate STALE
[logging_node-14] 
[component_container_mt-1] [WARN] [1785816022.082136260] [sensing.lidar.concatenate_data]: transformed_raw_points[/sensing/lidar/right/pointcloud_before_sync] is nullptr, skipping pointcloud publish.
[component_container_mt-1] [WARN] [1785816022.082173156] [sensing.lidar.concatenate_data]: transformed_raw_points[/sensing/lidar/left/pointcloud_before_sync] is nullptr, skipping pointcloud publish.
[autoware_ndt_scan_matcher_node-24] [INFO] [1785816022.082808967] [localization.pose_estimator.ndt_scan_matcher]: Mismatch between pose timestamp and current timestamp
[autoware_mrm_handler_node-13] [WARN] [1785816022.083180733] [system.mrm_handler]: EMERGENCY_STOP is operated.
[component_container_mt-1] [WARN] [1785816022.181462239] [sensing.lidar.concatenate_data]: transformed_raw_points[/sensing/lidar/right/pointcloud_before_sync] is nullptr, skipping pointcloud publish.
[component_container_mt-1] [WARN] [1785816022.181508747] [sensing.lidar.concatenate_data]: transformed_raw_points[/sensing/lidar/left/pointcloud_before_sync] is nullptr, skipping pointcloud publish.
[autoware_mrm_handler_node-13] [INFO] [1785816022.181606439] [system.mrm_handler]: MRM State changed: MRM_OPERATING -> NORMAL
[autoware_mrm_handler_node-13] [WARN] [1785816022.181827881] [system.mrm_handler]: EMERGENCY_STOP is canceled.
[autoware_ndt_scan_matcher_node-24] [INFO] [1785816022.182092558] [localization.pose_estimator.ndt_scan_matcher]: Mismatch between pose timestamp and current timestamp
[component_container-7] [INFO] [1785816022.231457909] [system.topic_state_monitor_scenario_planning_trajectory]: /planning/trajectory has not received. Set ERROR in diagnostics.
[autoware_scenario_selector_node-36] [INFO] [1785816022.281649508] [planning.scenario_planning.scenario_selector]: Waiting for route.
[component_container_mt-48] [INFO] [1785816022.281949198] [control.trajectory_follower.lane_departure_checker_node]: waiting for route msg...
[component_container_mt-1] [WARN] [1785816022.281971331] [sensing.lidar.concatenate_data]: transformed_raw_points[/sensing/lidar/right/pointcloud_before_sync] is nullptr, skipping pointcloud publish.
[component_container_mt-1] [WARN] [1785816022.282008193] [sensing.lidar.concatenate_data]: transformed_raw_points[/sensing/lidar/left/pointcloud_before_sync] is nullptr, skipping pointcloud publish.
[autoware_ndt_scan_matcher_node-24] [INFO] [1785816022.282699500] [localization.pose_estimator.ndt_scan_matcher]: Mismatch between pose timestamp and current timestamp
[component_container_mt-1] [WARN] [1785816022.382036884] [sensing.lidar.concatenate_data]: transformed_raw_points[/sensing/lidar/right/pointcloud_before_sync] is nullptr, skipping pointcloud publish.
[component_container_mt-1] [WARN] [1785816022.382079141] [sensing.lidar.concatenate_data]: transformed_raw_points[/sensing/lidar/left/pointcloud_before_sync] is nullptr, skipping pointcloud publish.
[autoware_ndt_scan_matcher_node-24] [INFO] [1785816022.382652449] [localization.pose_estimator.ndt_scan_matcher]: Mismatch between pose timestamp and current timestamp
[component_container_mt-1] [WARN] [1785816022.481904130] [sensing.lidar.concatenate_data]: transformed_raw_points[/sensing/lidar/right/pointcloud_before_sync] is nullptr, skipping pointcloud publish.
[component_container_mt-1] [WARN] [1785816022.481951095] [sensing.lidar.concatenate_data]: transformed_raw_points[/sensing/lidar/left/pointcloud_before_sync] is nullptr, skipping pointcloud publish.
[autoware_ndt_scan_matcher_node-24] [INFO] [1785816022.482794112] [localization.pose_estimator.ndt_scan_matcher]: Mismatch between pose timestamp and current timestamp
[component_container_mt-1] [WARN] [1785816022.581514757] [sensing.lidar.concatenate_data]: transformed_raw_points[/sensing/lidar/right/pointcloud_before_sync] is nullptr, skipping pointcloud publish.
[component_container_mt-1] [WARN] [1785816022.581565900] [sensing.lidar.concatenate_data]: transformed_raw_points[/sensing/lidar/left/pointcloud_before_sync] is nullptr, skipping pointcloud publish.
[autoware_ndt_scan_matcher_node-24] [INFO] [1785816022.582398871] [localization.pose_estimator.ndt_scan_matcher]: Mismatch between pose timestamp and current timestamp
[component_container_mt-1] [WARN] [1785816022.681841476] [sensing.lidar.concatenate_data]: transformed_raw_points[/sensing/lidar/right/pointcloud_before_sync] is nullptr, skipping pointcloud publish.
[component_container_mt-1] [WARN] [1785816022.681885425] [sensing.lidar.concatenate_data]: transformed_raw_points[/sensing/lidar/left/pointcloud_before_sync] is nullptr, skipping pointcloud publish.
[autoware_ndt_scan_matcher_node-24] [INFO] [1785816022.683230327] [localization.pose_estimator.ndt_scan_matcher]: Mismatch between pose timestamp and current timestamp
[component_container_mt-1] [WARN] [1785816022.782453268] [sensing.lidar.concatenate_data]: transformed_raw_points[/sensing/lidar/right/pointcloud_before_sync] is nullptr, skipping pointcloud publish.
[component_container_mt-1] [WARN] [1785816022.782498522] [sensing.lidar.concatenate_data]: transformed_raw_points[/sensing/lidar/left/pointcloud_before_sync] is nullptr, skipping pointcloud publish.
[autoware_ndt_scan_matcher_node-24] [INFO] [1785816022.783243475] [localization.pose_estimator.ndt_scan_matcher]: Mismatch between pose timestamp and current timestamp
[component_container_mt-1] [WARN] [1785816022.882354485] [sensing.lidar.concatenate_data]: transformed_raw_points[/sensing/lidar/right/pointcloud_before_sync] is nullptr, skipping pointcloud publish.
[component_container_mt-1] [WARN] [1785816022.882530613] [sensing.lidar.concatenate_data]: transformed_raw_points[/sensing/lidar/left/pointcloud_before_sync] is nullptr, skipping pointcloud publish.
[autoware_ndt_scan_matcher_node-24] [INFO] [1785816022.883360659] [localization.pose_estimator.ndt_scan_matcher]: Mismatch between pose timestamp and current timestamp
[component_container_mt-1] [WARN] [1785816022.982088709] [sensing.lidar.concatenate_data]: transformed_raw_points[/sensing/lidar/right/pointcloud_before_sync] is nullptr, skipping pointcloud publish.
[component_container_mt-1] [WARN] [1785816022.982140035] [sensing.lidar.concatenate_data]: transformed_raw_points[/sensing/lidar/left/pointcloud_before_sync] is nullptr, skipping pointcloud publish.
[autoware_ndt_scan_matcher_node-24] [INFO] [1785816022.983033622] [localization.pose_estimator.ndt_scan_matcher]: Mismatch between pose timestamp and current timestamp
[autoware_mrm_handler_node-13] [INFO] [1785816023.081896271] [system.mrm_handler]: MRM State changed: NORMAL -> MRM_OPERATING
[component_container_mt-1] [WARN] [1785816023.082124143] [sensing.lidar.concatenate_data]: transformed_raw_points[/sensing/lidar/right/pointcloud_before_sync] is nullptr, skipping pointcloud publish.
[component_container_mt-1] [WARN] [1785816023.082163259] [sensing.lidar.concatenate_data]: transformed_raw_points[/sensing/lidar/left/pointcloud_before_sync] is nullptr, skipping pointcloud publish.
[autoware_mrm_handler_node-13] [WARN] [1785816023.082427587] [system.mrm_handler]: EMERGENCY_STOP is operated.
[autoware_ndt_scan_matcher_node-24] [INFO] [1785816023.082643859] [localization.pose_estimator.ndt_scan_matcher]: Mismatch between pose timestamp and current timestamp
[component_container_mt-47] [WARN] [1785816023.131960114] [control.vehicle_cmd_gate]: Emergency!
[autoware_mrm_handler_node-13] [INFO] [1785816023.181433495] [system.mrm_handler]: MRM State changed: MRM_OPERATING -> NORMAL
[component_container_mt-1] [WARN] [1785816023.181684794] [sensing.lidar.concatenate_data]: transformed_raw_points[/sensing/lidar/right/pointcloud_before_sync] is nullptr, skipping pointcloud publish.
[component_container_mt-1] [WARN] [1785816023.181726731] [sensing.lidar.concatenate_data]: transformed_raw_points[/sensing/lidar/left/pointcloud_before_sync] is nullptr, skipping pointcloud publish.
[autoware_ndt_scan_matcher_node-24] [INFO] [1785816023.182442277] [localization.pose_estimator.ndt_scan_matcher]: Mismatch between pose timestamp and current timestamp
[autoware_mrm_handler_node-13] [WARN] [1785816023.183054826] [system.mrm_handler]: EMERGENCY_STOP is canceled.
[component_container_mt-1] [WARN] [1785816023.281249885] [sensing.lidar.concatenate_data]: transformed_raw_points[/sensing/lidar/right/pointcloud_before_sync] is nullptr, skipping pointcloud publish.
[component_container_mt-1] [WARN] [1785816023.281292205] [sensing.lidar.concatenate_data]: transformed_raw_points[/sensing/lidar/left/pointcloud_before_sync] is nullptr, skipping pointcloud publish.
[autoware_ndt_scan_matcher_node-24] [INFO] [1785816023.282055947] [localization.pose_estimator.ndt_scan_matcher]: Mismatch between pose timestamp and current timestamp
[component_container_mt-1] [WARN] [1785816023.381589955] [sensing.lidar.concatenate_data]: transformed_raw_points[/sensing/lidar/right/pointcloud_before_sync] is nullptr, skipping pointcloud publish.
[component_container_mt-1] [WARN] [1785816023.381632391] [sensing.lidar.concatenate_data]: transformed_raw_points[/sensing/lidar/left/pointcloud_before_sync] is nullptr, skipping pointcloud publish.
[autoware_ndt_scan_matcher_node-24] [INFO] [1785816023.382093660] [localization.pose_estimator.ndt_scan_matcher]: Mismatch between pose timestamp and current timestamp
[component_container_mt-1] [WARN] [1785816023.482100090] [sensing.lidar.concatenate_data]: transformed_raw_points[/sensing/lidar/right/pointcloud_before_sync] is nullptr, skipping pointcloud publish.
[component_container_mt-1] [WARN] [1785816023.482145947] [sensing.lidar.concatenate_data]: transformed_raw_points[/sensing/lidar/left/pointcloud_before_sync] is nullptr, skipping pointcloud publish.
[autoware_ndt_scan_matcher_node-24] [INFO] [1785816023.482735768] [localization.pose_estimator.ndt_scan_matcher]: Mismatch between pose timestamp and current timestamp
[component_container_mt-1] [WARN] [1785816023.581833725] [sensing.lidar.concatenate_data]: transformed_raw_points[/sensing/lidar/right/pointcloud_before_sync] is nullptr, skipping pointcloud publish.
[component_container_mt-1] [WARN] [1785816023.581881944] [sensing.lidar.concatenate_data]: transformed_raw_points[/sensing/lidar/left/pointcloud_before_sync] is nullptr, skipping pointcloud publish.
[autoware_ndt_scan_matcher_node-24] [INFO] [1785816023.582633248] [localization.pose_estimator.ndt_scan_matcher]: Mismatch between pose timestamp and current timestamp
[component_container_mt-1] [WARN] [1785816023.681775624] [sensing.lidar.concatenate_data]: transformed_raw_points[/sensing/lidar/right/pointcloud_before_sync] is nullptr, skipping pointcloud publish.
[component_container_mt-1] [WARN] [1785816023.681813999] [sensing.lidar.concatenate_data]: transformed_raw_points[/sensing/lidar/left/pointcloud_before_sync] is nullptr, skipping pointcloud publish.
[autoware_ndt_scan_matcher_node-24] [INFO] [1785816023.682437804] [localization.pose_estimator.ndt_scan_matcher]: Mismatch between pose timestamp and current timestamp
[component_container-7] [WARN] [1785816023.781404151] [system.topic_state_monitor_control_command_control_cmd]: /control/command/control_cmd topic rate has dropped to the warning level. Set WARN in diagnostics.
[component_container_mt-1] [WARN] [1785816023.781529295] [sensing.lidar.concatenate_data]: transformed_raw_points[/sensing/lidar/right/pointcloud_before_sync] is nullptr, skipping pointcloud publish.
[component_container_mt-1] [WARN] [1785816023.781567188] [sensing.lidar.concatenate_data]: transformed_raw_points[/sensing/lidar/left/pointcloud_before_sync] is nullptr, skipping pointcloud publish.
[autoware_ndt_scan_matcher_node-24] [INFO] [1785816023.782204294] [localization.pose_estimator.ndt_scan_matcher]: Mismatch between pose timestamp and current timestamp
[component_container_mt-1] [WARN] [1785816023.882481428] [sensing.lidar.concatenate_data]: transformed_raw_points[/sensing/lidar/right/pointcloud_before_sync] is nullptr, skipping pointcloud publish.
[component_container_mt-1] [WARN] [1785816023.882521167] [sensing.lidar.concatenate_data]: transformed_raw_points[/sensing/lidar/left/pointcloud_before_sync] is nullptr, skipping pointcloud publish.
[autoware_ndt_scan_matcher_node-24] [INFO] [1785816023.883006552] [localization.pose_estimator.ndt_scan_matcher]: Mismatch between pose timestamp and current timestamp
[component_container_mt-1] [WARN] [1785816023.982019725] [sensing.lidar.concatenate_data]: transformed_raw_points[/sensing/lidar/right/pointcloud_before_sync] is nullptr, skipping pointcloud publish.
[component_container_mt-1] [WARN] [1785816023.982066561] [sensing.lidar.concatenate_data]: transformed_raw_points[/sensing/lidar/left/pointcloud_before_sync] is nullptr, skipping pointcloud publish.
[autoware_ndt_scan_matcher_node-24] [INFO] [1785816023.982705145] [localization.pose_estimator.ndt_scan_matcher]: Mismatch between pose timestamp and current timestamp
[autoware_mrm_handler_node-13] [INFO] [1785816024.081945175] [system.mrm_handler]: MRM State changed: NORMAL -> MRM_OPERATING
[component_container_mt-1] [WARN] [1785816024.082189334] [sensing.lidar.concatenate_data]: transformed_raw_points[/sensing/lidar/right/pointcloud_before_sync] is nullptr, skipping pointcloud publish.
[component_container_mt-1] [WARN] [1785816024.082231275] [sensing.lidar.concatenate_data]: transformed_raw_points[/sensing/lidar/left/pointcloud_before_sync] is nullptr, skipping pointcloud publish.
[autoware_ndt_scan_matcher_node-24] [INFO] [1785816024.082830660] [localization.pose_estimator.ndt_scan_matcher]: Mismatch between pose timestamp and current timestamp
[autoware_mrm_handler_node-13] [WARN] [1785816024.082952369] [system.mrm_handler]: EMERGENCY_STOP is operated.
[component_container_mt-47] [WARN] [1785816024.131943264] [control.vehicle_cmd_gate]: Emergency!
[autoware_mrm_handler_node-13] [INFO] [1785816024.181466261] [system.mrm_handler]: MRM State changed: MRM_OPERATING -> NORMAL
[autoware_mrm_handler_node-13] [WARN] [1785816024.181879030] [system.mrm_handler]: EMERGENCY_STOP is canceled.
[component_container_mt-1] [WARN] [1785816024.182017384] [sensing.lidar.concatenate_data]: transformed_raw_points[/sensing/lidar/right/pointcloud_before_sync] is nullptr, skipping pointcloud publish.
[component_container_mt-1] [WARN] [1785816024.182052642] [sensing.lidar.concatenate_data]: transformed_raw_points[/sensing/lidar/left/pointcloud_before_sync] is nullptr, skipping pointcloud publish.
[autoware_ndt_scan_matcher_node-24] [INFO] [1785816024.182505825] [localization.pose_estimator.ndt_scan_matcher]: Mismatch between pose timestamp and current timestamp
[component_container_mt-1] [WARN] [1785816024.281889022] [sensing.lidar.concatenate_data]: transformed_raw_points[/sensing/lidar/right/pointcloud_before_sync] is nullptr, skipping pointcloud publish.
[component_container_mt-1] [WARN] [1785816024.281958649] [sensing.lidar.concatenate_data]: transformed_raw_points[/sensing/lidar/left/pointcloud_before_sync] is nullptr, skipping pointcloud publish.
[autoware_ndt_scan_matcher_node-24] [INFO] [1785816024.283085478] [localization.pose_estimator.ndt_scan_matcher]: Mismatch between pose timestamp and current timestamp
[component_container_mt-1] [WARN] [1785816024.382285850] [sensing.lidar.concatenate_data]: transformed_raw_points[/sensing/lidar/right/pointcloud_before_sync] is nullptr, skipping pointcloud publish.
[component_container_mt-1] [WARN] [1785816024.382331231] [sensing.lidar.concatenate_data]: transformed_raw_points[/sensing/lidar/left/pointcloud_before_sync] is nullptr, skipping pointcloud publish.
[autoware_ndt_scan_matcher_node-24] [INFO] [1785816024.382790432] [localization.pose_estimator.ndt_scan_matcher]: Mismatch between pose timestamp and current timestamp
[component_container_mt-1] [WARN] [1785816024.482014389] [sensing.lidar.concatenate_data]: transformed_raw_points[/sensing/lidar/right/pointcloud_before_sync] is nullptr, skipping pointcloud publish.
[component_container_mt-1] [WARN] [1785816024.482064175] [sensing.lidar.concatenate_data]: transformed_raw_points[/sensing/lidar/left/pointcloud_before_sync] is nullptr, skipping pointcloud publish.
[autoware_ndt_scan_matcher_node-24] [INFO] [1785816024.482710149] [localization.pose_estimator.ndt_scan_matcher]: Mismatch between pose timestamp and current timestamp
[component_container_mt-1] [WARN] [1785816024.581878355] [sensing.lidar.concatenate_data]: transformed_raw_points[/sensing/lidar/right/pointcloud_before_sync] is nullptr, skipping pointcloud publish.
[component_container_mt-1] [WARN] [1785816024.581933675] [sensing.lidar.concatenate_data]: transformed_raw_points[/sensing/lidar/left/pointcloud_before_sync] is nullptr, skipping pointcloud publish.
[autoware_ndt_scan_matcher_node-24] [INFO] [1785816024.582534776] [localization.pose_estimator.ndt_scan_matcher]: Mismatch between pose timestamp and current timestamp
[component_container_mt-47] [INFO] [1785816024.681752623] [control.trajectory_follower.controller_node_exe]: Waiting for trajectory data
[component_container_mt-47] [INFO] [1785816024.681797643] [control.trajectory_follower.controller_node_exe]: Control is skipped since input data is not ready.
[component_container_mt-1] [WARN] [1785816024.682379581] [sensing.lidar.concatenate_data]: transformed_raw_points[/sensing/lidar/right/pointcloud_before_sync] is nullptr, skipping pointcloud publish.
[component_container_mt-1] [WARN] [1785816024.682415612] [sensing.lidar.concatenate_data]: transformed_raw_points[/sensing/lidar/left/pointcloud_before_sync] is nullptr, skipping pointcloud publish.
[autoware_ndt_scan_matcher_node-24] [INFO] [1785816024.682919432] [localization.pose_estimator.ndt_scan_matcher]: Mismatch between pose timestamp and current timestamp
[component_container_mt-1] [WARN] [1785816024.782421732] [sensing.lidar.concatenate_data]: transformed_raw_points[/sensing/lidar/right/pointcloud_before_sync] is nullptr, skipping pointcloud publish.
[component_container_mt-1] [WARN] [1785816024.782467798] [sensing.lidar.concatenate_data]: transformed_raw_points[/sensing/lidar/left/pointcloud_before_sync] is nullptr, skipping pointcloud publish.
[autoware_ndt_scan_matcher_node-24] [INFO] [1785816024.784026273] [localization.pose_estimator.ndt_scan_matcher]: Mismatch between pose timestamp and current timestamp
[component_container_mt-1] [WARN] [1785816024.882467217] [sensing.lidar.concatenate_data]: transformed_raw_points[/sensing/lidar/right/pointcloud_before_sync] is nullptr, skipping pointcloud publish.
[component_container_mt-1] [WARN] [1785816024.882515512] [sensing.lidar.concatenate_data]: transformed_raw_points[/sensing/lidar/left/pointcloud_before_sync] is nullptr, skipping pointcloud publish.
[autoware_ndt_scan_matcher_node-24] [INFO] [1785816024.882998690] [localization.pose_estimator.ndt_scan_matcher]: Mismatch between pose timestamp and current timestamp
[component_container_mt-1] [WARN] [1785816024.981711590] [sensing.lidar.concatenate_data]: transformed_raw_points[/sensing/lidar/right/pointcloud_before_sync] is nullptr, skipping pointcloud publish.
[component_container_mt-1] [WARN] [1785816024.981760058] [sensing.lidar.concatenate_data]: transformed_raw_points[/sensing/lidar/left/pointcloud_before_sync] is nullptr, skipping pointcloud publish.
[autoware_ndt_scan_matcher_node-24] [INFO] [1785816024.982333602] [localization.pose_estimator.ndt_scan_matcher]: Mismatch between pose timestamp and current timestamp
[component_container_mt-40] [INFO] [1785816025.031983889] [planning.scenario_planning.lane_driving.behavior_planning.behavior_path_planner]: waiting for scenario_topic
[component_container_mt-1] [WARN] [1785816025.081376208] [sensing.lidar.concatenate_data]: transformed_raw_points[/sensing/lidar/right/pointcloud_before_sync] is nullptr, skipping pointcloud publish.
[component_container_mt-1] [WARN] [1785816025.081426512] [sensing.lidar.concatenate_data]: transformed_raw_points[/sensing/lidar/left/pointcloud_before_sync] is nullptr, skipping pointcloud publish.
[autoware_mrm_handler_node-13] [INFO] [1785816025.081680802] [system.mrm_handler]: MRM State changed: NORMAL -> MRM_OPERATING
[autoware_mrm_handler_node-13] [WARN] [1785816025.081856164] [system.mrm_handler]: EMERGENCY_STOP is operated.
[autoware_ndt_scan_matcher_node-24] [INFO] [1785816025.082086568] [localization.pose_estimator.ndt_scan_matcher]: Mismatch between pose timestamp and current timestamp
[component_container-18] [WARN] [1785816025.089144262] [sensing.lidar.top.crop_box_filter_self]: Invalid PointCloud: is_dense is false. The point cloud should be organized (dense) and contain only valid points. This will be an ERROR starting in 2026 JulyFrame: 'velodyne_top', Stamp: 30.122812689
[component_container_mt-47] [WARN] [1785816025.132118871] [control.vehicle_cmd_gate]: Emergency!
[logging_node-14] [WARN] [1785816025.181840739] [logging_diag_graph]: The target mode is not available for the following reasons:
[logging_node-14] - /autoware/modes/autonomous ERROR
[logging_node-14]     - /autoware/planning ERROR
[logging_node-14]         - /autoware/planning/routing/state ERROR
[logging_node-14]         - [anonymous group] ERROR
[logging_node-14]             - /autoware/planning/topic_rate_check/route ERROR
[logging_node-14]             - /autoware/planning/topic_rate_check/trajectory ERROR
[logging_node-14]     - /autoware/control ERROR
[logging_node-14]         - /autoware/control/topic_rate_check/trajectory_follower ERROR
[logging_node-14]         - /autoware/control/topic_rate_check/control_command WARN 
[logging_node-14] 
[component_container_mt-1] [WARN] [1785816025.182001646] [sensing.lidar.concatenate_data]: transformed_raw_points[/sensing/lidar/right/pointcloud_before_sync] is nullptr, skipping pointcloud publish.
[component_container_mt-1] [WARN] [1785816025.182036863] [sensing.lidar.concatenate_data]: transformed_raw_points[/sensing/lidar/left/pointcloud_before_sync] is nullptr, skipping pointcloud publish.
[autoware_mrm_handler_node-13] [INFO] [1785816025.182103184] [system.mrm_handler]: MRM State changed: MRM_OPERATING -> NORMAL
[autoware_mrm_handler_node-13] [WARN] [1785816025.182521327] [system.mrm_handler]: EMERGENCY_STOP is canceled.
[autoware_ndt_scan_matcher_node-24] [INFO] [1785816025.183123397] [localization.pose_estimator.ndt_scan_matcher]: Mismatch between pose timestamp and current timestamp
[component_container-7] [INFO] [1785816025.231373463] [system.topic_state_monitor_scenario_planning_trajectory]: /planning/trajectory has not received. Set ERROR in diagnostics.
[component_container_mt-1] [WARN] [1785816025.281779756] [sensing.lidar.concatenate_data]: transformed_raw_points[/sensing/lidar/right/pointcloud_before_sync] is nullptr, skipping pointcloud publish.
[component_container_mt-1] [WARN] [1785816025.281824043] [sensing.lidar.concatenate_data]: transformed_raw_points[/sensing/lidar/left/pointcloud_before_sync] is nullptr, skipping pointcloud publish.
[autoware_ndt_scan_matcher_node-24] [INFO] [1785816025.282531130] [localization.pose_estimator.ndt_scan_matcher]: Mismatch between pose timestamp and current timestamp
[component_container_mt-1] [WARN] [1785816025.381621556] [sensing.lidar.concatenate_data]: transformed_raw_points[/sensing/lidar/right/pointcloud_before_sync] is nullptr, skipping pointcloud publish.
[component_container_mt-1] [WARN] [1785816025.381664155] [sensing.lidar.concatenate_data]: transformed_raw_points[/sensing/lidar/left/pointcloud_before_sync] is nullptr, skipping pointcloud publish.
[autoware_ndt_scan_matcher_node-24] [INFO] [1785816025.382324730] [localization.pose_estimator.ndt_scan_matcher]: Mismatch between pose timestamp and current timestamp
[component_container_mt-1] [WARN] [1785816025.481861834] [sensing.lidar.concatenate_data]: transformed_raw_points[/sensing/lidar/right/pointcloud_before_sync] is nullptr, skipping pointcloud publish.
[component_container_mt-1] [WARN] [1785816025.481910185] [sensing.lidar.concatenate_data]: transformed_raw_points[/sensing/lidar/left/pointcloud_before_sync] is nullptr, skipping pointcloud publish.
[autoware_ndt_scan_matcher_node-24] [INFO] [1785816025.482656280] [localization.pose_estimator.ndt_scan_matcher]: Mismatch between pose timestamp and current timestamp
[component_container_mt-1] [WARN] [1785816025.490637872] [localization.util.crop_box_filter_measurement_range]: Invalid PointCloud: row_step mismatch. Expected: 98336 (width 6146 * point_step 16), Got: 0. Frame: 'base_link', Stamp: 30.522812695 Please fill in the `cloud->row_step` field accordingly. This will be an ERROR starting in 2026 July
[component_container_mt-48] [INFO] [1785816025.531623846] [control.autonomous_emergency_braking]: [AEB] waiting for control predicted trajectory
[component_container_mt-1] [WARN] [1785816025.581859134] [sensing.lidar.concatenate_data]: transformed_raw_points[/sensing/lidar/right/pointcloud_before_sync] is nullptr, skipping pointcloud publish.
[component_container_mt-1] [WARN] [1785816025.581909755] [sensing.lidar.concatenate_data]: transformed_raw_points[/sensing/lidar/left/pointcloud_before_sync] is nullptr, skipping pointcloud publish.
[autoware_ndt_scan_matcher_node-24] [INFO] [1785816025.582585536] [localization.pose_estimator.ndt_scan_matcher]: Mismatch between pose timestamp and current timestamp
[component_container_mt-1] [WARN] [1785816025.681812606] [sensing.lidar.concatenate_data]: transformed_raw_points[/sensing/lidar/right/pointcloud_before_sync] is nullptr, skipping pointcloud publish.
[component_container_mt-1] [WARN] [1785816025.681860729] [sensing.lidar.concatenate_data]: transformed_raw_points[/sensing/lidar/left/pointcloud_before_sync] is nullptr, skipping pointcloud publish.
[autoware_ndt_scan_matcher_node-24] [INFO] [1785816025.682465745] [localization.pose_estimator.ndt_scan_matcher]: Mismatch between pose timestamp and current timestamp
[component_container_mt-1] [WARN] [1785816025.781963192] [sensing.lidar.concatenate_data]: transformed_raw_points[/sensing/lidar/right/pointcloud_before_sync] is nullptr, skipping pointcloud publish.
[component_container_mt-1] [WARN] [1785816025.782012105] [sensing.lidar.concatenate_data]: transformed_raw_points[/sensing/lidar/left/pointcloud_before_sync] is nullptr, skipping pointcloud publish.
[autoware_ndt_scan_matcher_node-24] [INFO] [1785816025.782715267] [localization.pose_estimator.ndt_scan_matcher]: Mismatch between pose timestamp and current timestamp
[component_container_mt-1] [WARN] [1785816025.881680551] [sensing.lidar.concatenate_data]: transformed_raw_points[/sensing/lidar/right/pointcloud_before_sync] is nullptr, skipping pointcloud publish.
[component_container_mt-1] [WARN] [1785816025.881731359] [sensing.lidar.concatenate_data]: transformed_raw_points[/sensing/lidar/left/pointcloud_before_sync] is nullptr, skipping pointcloud publish.
[component_container_mt-47] [INFO] [1785816025.881926531] [control.vehicle_cmd_gate]: The operation mode is changed, but the GearCommand is not received yet:
[autoware_ndt_scan_matcher_node-24] [INFO] [1785816025.882756841] [localization.pose_estimator.ndt_scan_matcher]: Mismatch between pose timestamp and current timestamp
[component_container_mt-1] [WARN] [1785816025.981904021] [sensing.lidar.concatenate_data]: transformed_raw_points[/sensing/lidar/right/pointcloud_before_sync] is nullptr, skipping pointcloud publish.
[component_container_mt-1] [WARN] [1785816025.981960012] [sensing.lidar.concatenate_data]: transformed_raw_points[/sensing/lidar/left/pointcloud_before_sync] is nullptr, skipping pointcloud publish.
[autoware_ndt_scan_matcher_node-24] [INFO] [1785816025.982675291] [localization.pose_estimator.ndt_scan_matcher]: Mismatch between pose timestamp and current timestamp
[component_container_mt-1] [WARN] [1785816026.082112335] [sensing.lidar.concatenate_data]: transformed_raw_points[/sensing/lidar/right/pointcloud_before_sync] is nullptr, skipping pointcloud publish.
[component_container_mt-1] [WARN] [1785816026.082162301] [sensing.lidar.concatenate_data]: transformed_raw_points[/sensing/lidar/left/pointcloud_before_sync] is nullptr, skipping pointcloud publish.
[autoware_ndt_scan_matcher_node-24] [INFO] [1785816026.082780054] [localization.pose_estimator.ndt_scan_matcher]: Mismatch between pose timestamp and current timestamp
[component_container_mt-1] [WARN] [1785816026.182075162] [sensing.lidar.concatenate_data]: transformed_raw_points[/sensing/lidar/right/pointcloud_before_sync] is nullptr, skipping pointcloud publish.
[component_container_mt-1] [WARN] [1785816026.182751442] [sensing.lidar.concatenate_data]: transformed_raw_points[/sensing/lidar/left/pointcloud_before_sync] is nullptr, skipping pointcloud publish.
[autoware_ndt_scan_matcher_node-24] [INFO] [1785816026.182796013] [localization.pose_estimator.ndt_scan_matcher]: Mismatch between pose timestamp and current timestamp
[component_container_mt-1] [WARN] [1785816026.281404113] [sensing.lidar.concatenate_data]: transformed_raw_points[/sensing/lidar/right/pointcloud_before_sync] is nullptr, skipping pointcloud publish.
[component_container_mt-1] [WARN] [1785816026.281447077] [sensing.lidar.concatenate_data]: transformed_raw_points[/sensing/lidar/left/pointcloud_before_sync] is nullptr, skipping pointcloud publish.
[autoware_ndt_scan_matcher_node-24] [INFO] [1785816026.281887670] [localization.pose_estimator.ndt_scan_matcher]: Mismatch between pose timestamp and current timestamp
[component_container_mt-1] [WARN] [1785816026.381400591] [sensing.lidar.concatenate_data]: transformed_raw_points[/sensing/lidar/right/pointcloud_before_sync] is nullptr, skipping pointcloud publish.
[component_container_mt-1] [WARN] [1785816026.381447875] [sensing.lidar.concatenate_data]: transformed_raw_points[/sensing/lidar/left/pointcloud_before_sync] is nullptr, skipping pointcloud publish.
[autoware_ndt_scan_matcher_node-24] [INFO] [1785816026.382043322] [localization.pose_estimator.ndt_scan_matcher]: Mismatch between pose timestamp and current timestamp
[component_container_mt-1] [WARN] [1785816026.482118022] [sensing.lidar.concatenate_data]: transformed_raw_points[/sensing/lidar/right/pointcloud_before_sync] is nullptr, skipping pointcloud publish.
[component_container_mt-1] [WARN] [1785816026.482166522] [sensing.lidar.concatenate_data]: transformed_raw_points[/sensing/lidar/left/pointcloud_before_sync] is nullptr, skipping pointcloud publish.
[autoware_ndt_scan_matcher_node-24] [INFO] [1785816026.482724668] [localization.pose_estimator.ndt_scan_matcher]: Mismatch between pose timestamp and current timestamp
[component_container_mt-1] [WARN] [1785816026.582774856] [sensing.lidar.concatenate_data]: transformed_raw_points[/sensing/lidar/right/pointcloud_before_sync] is nullptr, skipping pointcloud publish.
[component_container_mt-1] [WARN] [1785816026.582821597] [sensing.lidar.concatenate_data]: transformed_raw_points[/sensing/lidar/left/pointcloud_before_sync] is nullptr, skipping pointcloud publish.
[autoware_ndt_scan_matcher_node-24] [INFO] [1785816026.584032081] [localization.pose_estimator.ndt_scan_matcher]: Mismatch between pose timestamp and current timestamp
[component_container_mt-1] [WARN] [1785816026.682218199] [sensing.lidar.concatenate_data]: transformed_raw_points[/sensing/lidar/right/pointcloud_before_sync] is nullptr, skipping pointcloud publish.
[component_container_mt-1] [WARN] [1785816026.682264035] [sensing.lidar.concatenate_data]: transformed_raw_points[/sensing/lidar/left/pointcloud_before_sync] is nullptr, skipping pointcloud publish.
[autoware_ndt_scan_matcher_node-24] [INFO] [1785816026.683079782] [localization.pose_estimator.ndt_scan_matcher]: Mismatch between pose timestamp and current timestamp
[component_container_mt-1] [WARN] [1785816026.781656341] [sensing.lidar.concatenate_data]: transformed_raw_points[/sensing/lidar/right/pointcloud_before_sync] is nullptr, skipping pointcloud publish.
[component_container_mt-1] [WARN] [1785816026.781704960] [sensing.lidar.concatenate_data]: transformed_raw_points[/sensing/lidar/left/pointcloud_before_sync] is nullptr, skipping pointcloud publish.
[component_container-7] [WARN] [1785816026.781868612] [system.topic_state_monitor_control_command_control_cmd]: /control/command/control_cmd topic is timeout. Set ERROR in diagnostics.
[autoware_ndt_scan_matcher_node-24] [INFO] [1785816026.782489382] [localization.pose_estimator.ndt_scan_matcher]: Mismatch between pose timestamp and current timestamp
[component_container_mt-1] [WARN] [1785816026.882244848] [sensing.lidar.concatenate_data]: transformed_raw_points[/sensing/lidar/right/pointcloud_before_sync] is nullptr, skipping pointcloud publish.
[component_container_mt-1] [WARN] [1785816026.882287536] [sensing.lidar.concatenate_data]: transformed_raw_points[/sensing/lidar/left/pointcloud_before_sync] is nullptr, skipping pointcloud publish.
[autoware_ndt_scan_matcher_node-24] [INFO] [1785816026.882871985] [localization.pose_estimator.ndt_scan_matcher]: Mismatch between pose timestamp and current timestamp
[component_container_mt-1] [WARN] [1785816026.981494212] [sensing.lidar.concatenate_data]: transformed_raw_points[/sensing/lidar/right/pointcloud_before_sync] is nullptr, skipping pointcloud publish.
[component_container_mt-1] [WARN] [1785816026.981543114] [sensing.lidar.concatenate_data]: transformed_raw_points[/sensing/lidar/left/pointcloud_before_sync] is nullptr, skipping pointcloud publish.
[autoware_ndt_scan_matcher_node-24] [INFO] [1785816026.982154591] [localization.pose_estimator.ndt_scan_matcher]: Mismatch between pose timestamp and current timestamp
[autoware_mrm_handler_node-13] [INFO] [1785816027.081701300] [system.mrm_handler]: MRM State changed: NORMAL -> MRM_OPERATING
[autoware_mrm_handler_node-13] [WARN] [1785816027.081952482] [system.mrm_handler]: EMERGENCY_STOP is operated.
[component_container_mt-47] [WARN] [1785816027.082373858] [control.vehicle_cmd_gate]: Emergency!
[component_container_mt-1] [WARN] [1785816027.082379336] [sensing.lidar.concatenate_data]: transformed_raw_points[/sensing/lidar/right/pointcloud_before_sync] is nullptr, skipping pointcloud publish.
[component_container_mt-1] [WARN] [1785816027.082414075] [sensing.lidar.concatenate_data]: transformed_raw_points[/sensing/lidar/left/pointcloud_before_sync] is nullptr, skipping pointcloud publish.
[component_container_mt-48] [INFO] [1785816027.082614088] [control.control_validator]: waiting for /planning/trajectory
[autoware_ndt_scan_matcher_node-24] [INFO] [1785816027.083014549] [localization.pose_estimator.ndt_scan_matcher]: Mismatch between pose timestamp and current timestamp
[autoware_mrm_handler_node-13] [INFO] [1785816027.181315115] [system.mrm_handler]: MRM State changed: MRM_OPERATING -> NORMAL
[component_container_mt-1] [WARN] [1785816027.181435335] [sensing.lidar.concatenate_data]: transformed_raw_points[/sensing/lidar/right/pointcloud_before_sync] is nullptr, skipping pointcloud publish.
[component_container_mt-1] [WARN] [1785816027.181471216] [sensing.lidar.concatenate_data]: transformed_raw_points[/sensing/lidar/left/pointcloud_before_sync] is nullptr, skipping pointcloud publish.
[autoware_mrm_handler_node-13] [WARN] [1785816027.181789920] [system.mrm_handler]: EMERGENCY_STOP is canceled.
[autoware_ndt_scan_matcher_node-24] [INFO] [1785816027.182086561] [localization.pose_estimator.ndt_scan_matcher]: Mismatch between pose timestamp and current timestamp
[component_container_mt-1] [WARN] [1785816027.281724242] [sensing.lidar.concatenate_data]: transformed_raw_points[/sensing/lidar/right/pointcloud_before_sync] is nullptr, skipping pointcloud publish.
[component_container_mt-1] [WARN] [1785816027.281776545] [sensing.lidar.concatenate_data]: transformed_raw_points[/sensing/lidar/left/pointcloud_before_sync] is nullptr, skipping pointcloud publish.
[component_container_mt-48] [INFO] [1785816027.282038155] [control.trajectory_follower.lane_departure_checker_node]: waiting for route msg...
[autoware_scenario_selector_node-36] [INFO] [1785816027.282561395] [planning.scenario_planning.scenario_selector]: Waiting for route.
[autoware_ndt_scan_matcher_node-24] [INFO] [1785816027.282581283] [localization.pose_estimator.ndt_scan_matcher]: Mismatch between pose timestamp and current timestamp
[component_container_mt-1] [WARN] [1785816027.382218112] [sensing.lidar.concatenate_data]: transformed_raw_points[/sensing/lidar/right/pointcloud_before_sync] is nullptr, skipping pointcloud publish.
[component_container_mt-1] [WARN] [1785816027.382269349] [sensing.lidar.concatenate_data]: transformed_raw_points[/sensing/lidar/left/pointcloud_before_sync] is nullptr, skipping pointcloud publish.
[autoware_ndt_scan_matcher_node-24] [INFO] [1785816027.383117903] [localization.pose_estimator.ndt_scan_matcher]: Mismatch between pose timestamp and current timestamp
[component_container_mt-1] [WARN] [1785816027.482093475] [sensing.lidar.concatenate_data]: transformed_raw_points[/sensing/lidar/right/pointcloud_before_sync] is nullptr, skipping pointcloud publish.
[component_container_mt-1] [WARN] [1785816027.482143401] [sensing.lidar.concatenate_data]: transformed_raw_points[/sensing/lidar/left/pointcloud_before_sync] is nullptr, skipping pointcloud publish.
[autoware_ndt_scan_matcher_node-24] [INFO] [1785816027.482883734] [localization.pose_estimator.ndt_scan_matcher]: Mismatch between pose timestamp and current timestamp
[component_container_mt-1] [WARN] [1785816027.581537905] [sensing.lidar.concatenate_data]: transformed_raw_points[/sensing/lidar/right/pointcloud_before_sync] is nullptr, skipping pointcloud publish.
[component_container_mt-1] [WARN] [1785816027.581585941] [sensing.lidar.concatenate_data]: transformed_raw_points[/sensing/lidar/left/pointcloud_before_sync] is nullptr, skipping pointcloud publish.
[autoware_ndt_scan_matcher_node-24] [INFO] [1785816027.582277437] [localization.pose_estimator.ndt_scan_matcher]: Mismatch between pose timestamp and current timestamp
[component_container_mt-1] [WARN] [1785816027.682370826] [sensing.lidar.concatenate_data]: transformed_raw_points[/sensing/lidar/right/pointcloud_before_sync] is nullptr, skipping pointcloud publish.
[component_container_mt-1] [WARN] [1785816027.682413486] [sensing.lidar.concatenate_data]: transformed_raw_points[/sensing/lidar/left/pointcloud_before_sync] is nullptr, skipping pointcloud publish.
[autoware_ndt_scan_matcher_node-24] [INFO] [1785816027.682995921] [localization.pose_estimator.ndt_scan_matcher]: Mismatch between pose timestamp and current timestamp
[component_container_mt-1] [WARN] [1785816027.781876826] [sensing.lidar.concatenate_data]: transformed_raw_points[/sensing/lidar/right/pointcloud_before_sync] is nullptr, skipping pointcloud publish.
[autoware_ndt_scan_matcher_node-24] [INFO] [1785816027.782528644] [localization.pose_estimator.ndt_scan_matcher]: Mismatch between pose timestamp and current timestamp
[component_container_mt-1] [WARN] [1785816027.782986277] [sensing.lidar.concatenate_data]: transformed_raw_points[/sensing/lidar/left/pointcloud_before_sync] is nullptr, skipping pointcloud publish.
[component_container_mt-1] [WARN] [1785816027.882475999] [sensing.lidar.concatenate_data]: transformed_raw_points[/sensing/lidar/right/pointcloud_before_sync] is nullptr, skipping pointcloud publish.
[component_container_mt-1] [WARN] [1785816027.882519161] [sensing.lidar.concatenate_data]: transformed_raw_points[/sensing/lidar/left/pointcloud_before_sync] is nullptr, skipping pointcloud publish.
[autoware_ndt_scan_matcher_node-24] [INFO] [1785816027.882966509] [localization.pose_estimator.ndt_scan_matcher]: Mismatch between pose timestamp and current timestamp
[component_container_mt-1] [WARN] [1785816027.981985606] [sensing.lidar.concatenate_data]: transformed_raw_points[/sensing/lidar/right/pointcloud_before_sync] is nullptr, skipping pointcloud publish.
[component_container_mt-1] [WARN] [1785816027.982034802] [sensing.lidar.concatenate_data]: transformed_raw_points[/sensing/lidar/left/pointcloud_before_sync] is nullptr, skipping pointcloud publish.
[autoware_ndt_scan_matcher_node-24] [INFO] [1785816027.982664216] [localization.pose_estimator.ndt_scan_matcher]: Mismatch between pose timestamp and current timestamp
[component_container_mt-1] [WARN] [1785816028.081501087] [sensing.lidar.concatenate_data]: transformed_raw_points[/sensing/lidar/right/pointcloud_before_sync] is nullptr, skipping pointcloud publish.
[component_container_mt-1] [WARN] [1785816028.081553372] [sensing.lidar.concatenate_data]: transformed_raw_points[/sensing/lidar/left/pointcloud_before_sync] is nullptr, skipping pointcloud publish.
[autoware_mrm_handler_node-13] [INFO] [1785816028.081616881] [system.mrm_handler]: MRM State changed: NORMAL -> MRM_OPERATING
[autoware_ndt_scan_matcher_node-24] [INFO] [1785816028.082215638] [localization.pose_estimator.ndt_scan_matcher]: Mismatch between pose timestamp and current timestamp
[autoware_mrm_handler_node-13] [WARN] [1785816028.082374752] [system.mrm_handler]: EMERGENCY_STOP is operated.
[component_container_mt-47] [WARN] [1785816028.131751985] [control.vehicle_cmd_gate]: Emergency!
[component_container_mt-1] [WARN] [1785816028.181442387] [sensing.lidar.concatenate_data]: transformed_raw_points[/sensing/lidar/right/pointcloud_before_sync] is nullptr, skipping pointcloud publish.
[logging_node-14] [WARN] [1785816028.181794178] [logging_diag_graph]: The target mode is not available for the following reasons:
[logging_node-14] - /autoware/modes/autonomous ERROR
[logging_node-14]     - /autoware/planning ERROR
[logging_node-14]         - /autoware/planning/routing/state ERROR
[logging_node-14]         - [anonymous group] ERROR
[logging_node-14]             - /autoware/planning/topic_rate_check/route ERROR
[logging_node-14]             - /autoware/planning/topic_rate_check/trajectory ERROR
[logging_node-14]     - /autoware/control ERROR
[logging_node-14]         - /autoware/control/topic_rate_check/trajectory_follower ERROR
[logging_node-14]         - /autoware/control/topic_rate_check/control_command WARN 
[logging_node-14] 
[autoware_mrm_handler_node-13] [INFO] [1785816028.182394919] [system.mrm_handler]: MRM State changed: MRM_OPERATING -> NORMAL
[component_container_mt-1] [WARN] [1785816028.181490151] [sensing.lidar.concatenate_data]: transformed_raw_points[/sensing/lidar/left/pointcloud_before_sync] is nullptr, skipping pointcloud publish.
[autoware_ndt_scan_matcher_node-24] [INFO] [1785816028.182865072] [localization.pose_estimator.ndt_scan_matcher]: Mismatch between pose timestamp and current timestamp
[autoware_mrm_handler_node-13] [WARN] [1785816028.183009480] [system.mrm_handler]: EMERGENCY_STOP is canceled.
[component_container-7] [INFO] [1785816028.231714172] [system.topic_state_monitor_scenario_planning_trajectory]: /planning/trajectory has not received. Set ERROR in diagnostics.
[component_container_mt-1] [WARN] [1785816028.282442478] [sensing.lidar.concatenate_data]: transformed_raw_points[/sensing/lidar/right/pointcloud_before_sync] is nullptr, skipping pointcloud publish.
[component_container_mt-1] [WARN] [1785816028.282489057] [sensing.lidar.concatenate_data]: transformed_raw_points[/sensing/lidar/left/pointcloud_before_sync] is nullptr, skipping pointcloud publish.
[autoware_ndt_scan_matcher_node-24] [INFO] [1785816028.283013036] [localization.pose_estimator.ndt_scan_matcher]: Mismatch between pose timestamp and current timestamp
[component_container_mt-1] [WARN] [1785816028.381796201] [sensing.lidar.concatenate_data]: transformed_raw_points[/sensing/lidar/right/pointcloud_before_sync] is nullptr, skipping pointcloud publish.
[component_container_mt-1] [WARN] [1785816028.381844489] [sensing.lidar.concatenate_data]: transformed_raw_points[/sensing/lidar/left/pointcloud_before_sync] is nullptr, skipping pointcloud publish.
[autoware_ndt_scan_matcher_node-24] [INFO] [1785816028.382482929] [localization.pose_estimator.ndt_scan_matcher]: Mismatch between pose timestamp and current timestamp
[component_container_mt-1] [WARN] [1785816028.482451501] [sensing.lidar.concatenate_data]: transformed_raw_points[/sensing/lidar/right/pointcloud_before_sync] is nullptr, skipping pointcloud publish.
[component_container_mt-1] [WARN] [1785816028.482492306] [sensing.lidar.concatenate_data]: transformed_raw_points[/sensing/lidar/left/pointcloud_before_sync] is nullptr, skipping pointcloud publish.
[autoware_ndt_scan_matcher_node-24] [INFO] [1785816028.483810579] [localization.pose_estimator.ndt_scan_matcher]: Mismatch between pose timestamp and current timestamp
[component_container_mt-1] [WARN] [1785816028.581947733] [sensing.lidar.concatenate_data]: transformed_raw_points[/sensing/lidar/right/pointcloud_before_sync] is nullptr, skipping pointcloud publish.
[component_container_mt-1] [WARN] [1785816028.581998273] [sensing.lidar.concatenate_data]: transformed_raw_points[/sensing/lidar/left/pointcloud_before_sync] is nullptr, skipping pointcloud publish.
[autoware_ndt_scan_matcher_node-24] [INFO] [1785816028.582681516] [localization.pose_estimator.ndt_scan_matcher]: Mismatch between pose timestamp and current timestamp
[component_container_mt-1] [WARN] [1785816028.682709175] [sensing.lidar.concatenate_data]: transformed_raw_points[/sensing/lidar/right/pointcloud_before_sync] is nullptr, skipping pointcloud publish.
[autoware_ndt_scan_matcher_node-24] [INFO] [1785816028.683260091] [localization.pose_estimator.ndt_scan_matcher]: Mismatch between pose timestamp and current timestamp
[component_container_mt-1] [WARN] [1785816028.683527737] [sensing.lidar.concatenate_data]: transformed_raw_points[/sensing/lidar/left/pointcloud_before_sync] is nullptr, skipping pointcloud publish.
[component_container_mt-1] [WARN] [1785816028.782071690] [sensing.lidar.concatenate_data]: transformed_raw_points[/sensing/lidar/right/pointcloud_before_sync] is nullptr, skipping pointcloud publish.
[component_container_mt-1] [WARN] [1785816028.782122634] [sensing.lidar.concatenate_data]: transformed_raw_points[/sensing/lidar/left/pointcloud_before_sync] is nullptr, skipping pointcloud publish.
[autoware_ndt_scan_matcher_node-24] [INFO] [1785816028.783063439] [localization.pose_estimator.ndt_scan_matcher]: Mismatch between pose timestamp and current timestamp
[component_container_mt-1] [WARN] [1785816028.881887779] [sensing.lidar.concatenate_data]: transformed_raw_points[/sensing/lidar/right/pointcloud_before_sync] is nullptr, skipping pointcloud publish.
[component_container_mt-1] [WARN] [1785816028.881937778] [sensing.lidar.concatenate_data]: transformed_raw_points[/sensing/lidar/left/pointcloud_before_sync] is nullptr, skipping pointcloud publish.
[autoware_ndt_scan_matcher_node-24] [INFO] [1785816028.882929123] [localization.pose_estimator.ndt_scan_matcher]: Mismatch between pose timestamp and current timestamp
[component_container_mt-1] [WARN] [1785816028.982108786] [sensing.lidar.concatenate_data]: transformed_raw_points[/sensing/lidar/right/pointcloud_before_sync] is nullptr, skipping pointcloud publish.
[component_container_mt-1] [WARN] [1785816028.982152407] [sensing.lidar.concatenate_data]: transformed_raw_points[/sensing/lidar/left/pointcloud_before_sync] is nullptr, skipping pointcloud publish.
[autoware_ndt_scan_matcher_node-24] [INFO] [1785816028.982657041] [localization.pose_estimator.ndt_scan_matcher]: Mismatch between pose timestamp and current timestamp
[component_container_mt-1] [WARN] [1785816029.081689629] [sensing.lidar.concatenate_data]: transformed_raw_points[/sensing/lidar/right/pointcloud_before_sync] is nullptr, skipping pointcloud publish.
[component_container_mt-1] [WARN] [1785816029.082029876] [sensing.lidar.concatenate_data]: transformed_raw_points[/sensing/lidar/left/pointcloud_before_sync] is nullptr, skipping pointcloud publish.
[autoware_mrm_handler_node-13] [INFO] [1785816029.082340656] [system.mrm_handler]: MRM State changed: NORMAL -> MRM_OPERATING
[autoware_ndt_scan_matcher_node-24] [INFO] [1785816029.082335486] [localization.pose_estimator.ndt_scan_matcher]: Mismatch between pose timestamp and current timestamp
[autoware_mrm_handler_node-13] [WARN] [1785816029.083228560] [system.mrm_handler]: EMERGENCY_STOP is operated.
[component_container_mt-47] [WARN] [1785816029.131885478] [control.vehicle_cmd_gate]: Emergency!
[component_container_mt-1] [WARN] [1785816029.181615987] [sensing.lidar.concatenate_data]: transformed_raw_points[/sensing/lidar/right/pointcloud_before_sync] is nullptr, skipping pointcloud publish.
[component_container_mt-1] [WARN] [1785816029.181685210] [sensing.lidar.concatenate_data]: transformed_raw_points[/sensing/lidar/left/pointcloud_before_sync] is nullptr, skipping pointcloud publish.
[autoware_mrm_handler_node-13] [INFO] [1785816029.181937904] [system.mrm_handler]: MRM State changed: MRM_OPERATING -> NORMAL
[autoware_mrm_handler_node-13] [WARN] [1785816029.182441564] [system.mrm_handler]: EMERGENCY_STOP is canceled.
[autoware_ndt_scan_matcher_node-24] [INFO] [1785816029.182905637] [localization.pose_estimator.ndt_scan_matcher]: Mismatch between pose timestamp and current timestamp
[component_container_mt-1] [WARN] [1785816029.281511962] [sensing.lidar.concatenate_data]: transformed_raw_points[/sensing/lidar/right/pointcloud_before_sync] is nullptr, skipping pointcloud publish.
[component_container_mt-1] [WARN] [1785816029.281564379] [sensing.lidar.concatenate_data]: transformed_raw_points[/sensing/lidar/left/pointcloud_before_sync] is nullptr, skipping pointcloud publish.
[autoware_ndt_scan_matcher_node-24] [INFO] [1785816029.282068354] [localization.pose_estimator.ndt_scan_matcher]: Mismatch between pose timestamp and current timestamp
[component_container_mt-1] [WARN] [1785816029.381571228] [sensing.lidar.concatenate_data]: transformed_raw_points[/sensing/lidar/right/pointcloud_before_sync] is nullptr, skipping pointcloud publish.
[component_container_mt-1] [WARN] [1785816029.381618479] [sensing.lidar.concatenate_data]: transformed_raw_points[/sensing/lidar/left/pointcloud_before_sync] is nullptr, skipping pointcloud publish.
[autoware_ndt_scan_matcher_node-24] [INFO] [1785816029.382243631] [localization.pose_estimator.ndt_scan_matcher]: Mismatch between pose timestamp and current timestamp
[component_container_mt-1] [WARN] [1785816029.482088737] [sensing.lidar.concatenate_data]: transformed_raw_points[/sensing/lidar/right/pointcloud_before_sync] is nullptr, skipping pointcloud publish.
[component_container_mt-1] [WARN] [1785816029.482128811] [sensing.lidar.concatenate_data]: transformed_raw_points[/sensing/lidar/left/pointcloud_before_sync] is nullptr, skipping pointcloud publish.
[autoware_ndt_scan_matcher_node-24] [INFO] [1785816029.482567531] [localization.pose_estimator.ndt_scan_matcher]: Mismatch between pose timestamp and current timestamp
[component_container_mt-1] [WARN] [1785816029.581874321] [sensing.lidar.concatenate_data]: transformed_raw_points[/sensing/lidar/right/pointcloud_before_sync] is nullptr, skipping pointcloud publish.
[component_container_mt-1] [WARN] [1785816029.581931274] [sensing.lidar.concatenate_data]: transformed_raw_points[/sensing/lidar/left/pointcloud_before_sync] is nullptr, skipping pointcloud publish.
[autoware_ndt_scan_matcher_node-24] [INFO] [1785816029.582638010] [localization.pose_estimator.ndt_scan_matcher]: Mismatch between pose timestamp and current timestamp
[component_container_mt-47] [INFO] [1785816029.681592726] [control.trajectory_follower.controller_node_exe]: Waiting for trajectory data
[component_container_mt-47] [INFO] [1785816029.681684213] [control.trajectory_follower.controller_node_exe]: Control is skipped since input data is not ready.
[component_container_mt-1] [WARN] [1785816029.682348135] [sensing.lidar.concatenate_data]: transformed_raw_points[/sensing/lidar/right/pointcloud_before_sync] is nullptr, skipping pointcloud publish.
[component_container_mt-1] [WARN] [1785816029.682383630] [sensing.lidar.concatenate_data]: transformed_raw_points[/sensing/lidar/left/pointcloud_before_sync] is nullptr, skipping pointcloud publish.
[autoware_ndt_scan_matcher_node-24] [INFO] [1785816029.682867288] [localization.pose_estimator.ndt_scan_matcher]: Mismatch between pose timestamp and current timestamp
[component_container_mt-1] [WARN] [1785816029.781769750] [sensing.lidar.concatenate_data]: transformed_raw_points[/sensing/lidar/right/pointcloud_before_sync] is nullptr, skipping pointcloud publish.
[component_container_mt-1] [WARN] [1785816029.781820233] [sensing.lidar.concatenate_data]: transformed_raw_points[/sensing/lidar/left/pointcloud_before_sync] is nullptr, skipping pointcloud publish.
[component_container-7] [WARN] [1785816029.782241255] [system.topic_state_monitor_control_command_control_cmd]: /control/command/control_cmd topic rate has dropped to the warning level. Set WARN in diagnostics.
[autoware_ndt_scan_matcher_node-24] [INFO] [1785816029.782434158] [localization.pose_estimator.ndt_scan_matcher]: Mismatch between pose timestamp and current timestamp
[component_container_mt-1] [WARN] [1785816029.881607305] [sensing.lidar.concatenate_data]: transformed_raw_points[/sensing/lidar/right/pointcloud_before_sync] is nullptr, skipping pointcloud publish.
[component_container_mt-1] [WARN] [1785816029.881654949] [sensing.lidar.concatenate_data]: transformed_raw_points[/sensing/lidar/left/pointcloud_before_sync] is nullptr, skipping pointcloud publish.
[autoware_ndt_scan_matcher_node-24] [INFO] [1785816029.882490328] [localization.pose_estimator.ndt_scan_matcher]: Mismatch between pose timestamp and current timestamp
[component_container_mt-1] [WARN] [1785816029.982870009] [sensing.lidar.concatenate_data]: transformed_raw_points[/sensing/lidar/right/pointcloud_before_sync] is nullptr, skipping pointcloud publish.
[component_container_mt-1] [WARN] [1785816029.982918002] [sensing.lidar.concatenate_data]: transformed_raw_points[/sensing/lidar/left/pointcloud_before_sync] is nullptr, skipping pointcloud publish.
[autoware_ndt_scan_matcher_node-24] [INFO] [1785816029.983474726] [localization.pose_estimator.ndt_scan_matcher]: Mismatch between pose timestamp and current timestamp
[component_container_mt-40] [INFO] [1785816030.032403704] [planning.scenario_planning.lane_driving.behavior_planning.behavior_path_planner]: waiting for scenario_topic
[component_container_mt-1] [WARN] [1785816030.082140199] [sensing.lidar.concatenate_data]: transformed_raw_points[/sensing/lidar/right/pointcloud_before_sync] is nullptr, skipping pointcloud publish.
[component_container_mt-1] [WARN] [1785816030.082186068] [sensing.lidar.concatenate_data]: transformed_raw_points[/sensing/lidar/left/pointcloud_before_sync] is nullptr, skipping pointcloud publish.
[autoware_mrm_handler_node-13] [INFO] [1785816030.082436350] [system.mrm_handler]: MRM State changed: NORMAL -> MRM_OPERATING
[autoware_mrm_handler_node-13] [WARN] [1785816030.082627270] [system.mrm_handler]: EMERGENCY_STOP is operated.
[autoware_ndt_scan_matcher_node-24] [INFO] [1785816030.082796924] [localization.pose_estimator.ndt_scan_matcher]: Mismatch between pose timestamp and current timestamp
[component_container-18] [WARN] [1785816030.088797214] [sensing.lidar.top.crop_box_filter_self]: Invalid PointCloud: is_dense is false. The point cloud should be organized (dense) and contain only valid points. This will be an ERROR starting in 2026 JulyFrame: 'velodyne_top', Stamp: 35.122812763
[component_container_mt-47] [WARN] [1785816030.131783553] [control.vehicle_cmd_gate]: Emergency!
[autoware_mrm_handler_node-13] [INFO] [1785816030.181476539] [system.mrm_handler]: MRM State changed: MRM_OPERATING -> NORMAL
[autoware_mrm_handler_node-13] [WARN] [1785816030.181897057] [system.mrm_handler]: EMERGENCY_STOP is canceled.
[component_container_mt-1] [WARN] [1785816030.181988161] [sensing.lidar.concatenate_data]: transformed_raw_points[/sensing/lidar/right/pointcloud_before_sync] is nullptr, skipping pointcloud publish.
[component_container_mt-1] [WARN] [1785816030.182023986] [sensing.lidar.concatenate_data]: transformed_raw_points[/sensing/lidar/left/pointcloud_before_sync] is nullptr, skipping pointcloud publish.
[autoware_ndt_scan_matcher_node-24] [INFO] [1785816030.182625698] [localization.pose_estimator.ndt_scan_matcher]: Mismatch between pose timestamp and current timestamp
[component_container_mt-1] [WARN] [1785816030.282075849] [sensing.lidar.concatenate_data]: transformed_raw_points[/sensing/lidar/right/pointcloud_before_sync] is nullptr, skipping pointcloud publish.
[component_container_mt-1] [WARN] [1785816030.282123038] [sensing.lidar.concatenate_data]: transformed_raw_points[/sensing/lidar/left/pointcloud_before_sync] is nullptr, skipping pointcloud publish.
[autoware_ndt_scan_matcher_node-24] [INFO] [1785816030.282918759] [localization.pose_estimator.ndt_scan_matcher]: Mismatch between pose timestamp and current timestamp
[component_container_mt-1] [WARN] [1785816030.382279268] [sensing.lidar.concatenate_data]: transformed_raw_points[/sensing/lidar/right/pointcloud_before_sync] is nullptr, skipping pointcloud publish.
[component_container_mt-1] [WARN] [1785816030.382325210] [sensing.lidar.concatenate_data]: transformed_raw_points[/sensing/lidar/left/pointcloud_before_sync] is nullptr, skipping pointcloud publish.
[autoware_ndt_scan_matcher_node-24] [INFO] [1785816030.385394100] [localization.pose_estimator.ndt_scan_matcher]: Mismatch between pose timestamp and current timestamp
[component_container_mt-1] [WARN] [1785816030.481559691] [sensing.lidar.concatenate_data]: transformed_raw_points[/sensing/lidar/right/pointcloud_before_sync] is nullptr, skipping pointcloud publish.
[component_container_mt-1] [WARN] [1785816030.481630491] [sensing.lidar.concatenate_data]: transformed_raw_points[/sensing/lidar/left/pointcloud_before_sync] is nullptr, skipping pointcloud publish.
[autoware_ndt_scan_matcher_node-24] [INFO] [1785816030.483078287] [localization.pose_estimator.ndt_scan_matcher]: Mismatch between pose timestamp and current timestamp
[component_container_mt-1] [WARN] [1785816030.488901512] [localization.util.crop_box_filter_measurement_range]: Invalid PointCloud: row_step mismatch. Expected: 101456 (width 6341 * point_step 16), Got: 0. Frame: 'base_link', Stamp: 35.522812769 Please fill in the `cloud->row_step` field accordingly. This will be an ERROR starting in 2026 July
[component_container_mt-48] [INFO] [1785816030.531368232] [control.autonomous_emergency_braking]: [AEB] waiting for control predicted trajectory
[component_container_mt-1] [WARN] [1785816030.582585620] [sensing.lidar.concatenate_data]: transformed_raw_points[/sensing/lidar/right/pointcloud_before_sync] is nullptr, skipping pointcloud publish.
[component_container_mt-1] [WARN] [1785816030.582622444] [sensing.lidar.concatenate_data]: transformed_raw_points[/sensing/lidar/left/pointcloud_before_sync] is nullptr, skipping pointcloud publish.
[autoware_ndt_scan_matcher_node-24] [INFO] [1785816030.583196746] [localization.pose_estimator.ndt_scan_matcher]: Mismatch between pose timestamp and current timestamp
[component_container_mt-1] [WARN] [1785816030.681784222] [sensing.lidar.concatenate_data]: transformed_raw_points[/sensing/lidar/right/pointcloud_before_sync] is nullptr, skipping pointcloud publish.
[component_container_mt-1] [WARN] [1785816030.681853464] [sensing.lidar.concatenate_data]: transformed_raw_points[/sensing/lidar/left/pointcloud_before_sync] is nullptr, skipping pointcloud publish.
[autoware_ndt_scan_matcher_node-24] [INFO] [1785816030.682448402] [localization.pose_estimator.ndt_scan_matcher]: Mismatch between pose timestamp and current timestamp
[component_container_mt-1] [WARN] [1785816030.782046227] [sensing.lidar.concatenate_data]: transformed_raw_points[/sensing/lidar/right/pointcloud_before_sync] is nullptr, skipping pointcloud publish.
[component_container_mt-1] [WARN] [1785816030.782091408] [sensing.lidar.concatenate_data]: transformed_raw_points[/sensing/lidar/left/pointcloud_before_sync] is nullptr, skipping pointcloud publish.
[autoware_ndt_scan_matcher_node-24] [INFO] [1785816030.782613892] [localization.pose_estimator.ndt_scan_matcher]: Mismatch between pose timestamp and current timestamp
[component_container-18] [WARN] [1785816030.791612978] [sensing.lidar.top.distortion_corrector_node]: Twist time_stamp is too late. Could not interpolate.
[component_container-18] [WARN] [1785816030.791645235] [sensing.lidar.top.distortion_corrector_node]: IMU time_stamp is too late. Could not interpolate.
[component_container_mt-47] [INFO] [1785816030.881906557] [control.vehicle_cmd_gate]: The operation mode is changed, but the GearCommand is not received yet:
[component_container_mt-1] [WARN] [1785816030.882016848] [sensing.lidar.concatenate_data]: transformed_raw_points[/sensing/lidar/right/pointcloud_before_sync] is nullptr, skipping pointcloud publish.
[component_container_mt-1] [WARN] [1785816030.882061444] [sensing.lidar.concatenate_data]: transformed_raw_points[/sensing/lidar/left/pointcloud_before_sync] is nullptr, skipping pointcloud publish.
[autoware_ndt_scan_matcher_node-24] [INFO] [1785816030.883181449] [localization.pose_estimator.ndt_scan_matcher]: Mismatch between pose timestamp and current timestamp
[component_container_mt-1] [WARN] [1785816030.981859089] [sensing.lidar.concatenate_data]: transformed_raw_points[/sensing/lidar/right/pointcloud_before_sync] is nullptr, skipping pointcloud publish.
[component_container_mt-1] [WARN] [1785816030.981920962] [sensing.lidar.concatenate_data]: transformed_raw_points[/sensing/lidar/left/pointcloud_before_sync] is nullptr, skipping pointcloud publish.
[autoware_ndt_scan_matcher_node-24] [INFO] [1785816030.982393261] [localization.pose_estimator.ndt_scan_matcher]: Mismatch between pose timestamp and current timestamp
[autoware_mrm_handler_node-13] [INFO] [1785816031.081917334] [system.mrm_handler]: MRM State changed: NORMAL -> MRM_OPERATING
[component_container_mt-1] [WARN] [1785816031.082262056] [sensing.lidar.concatenate_data]: transformed_raw_points[/sensing/lidar/right/pointcloud_before_sync] is nullptr, skipping pointcloud publish.
[component_container_mt-1] [WARN] [1785816031.082319096] [sensing.lidar.concatenate_data]: transformed_raw_points[/sensing/lidar/left/pointcloud_before_sync] is nullptr, skipping pointcloud publish.
[autoware_ndt_scan_matcher_node-24] [INFO] [1785816031.083606372] [localization.pose_estimator.ndt_scan_matcher]: Mismatch between pose timestamp and current timestamp
[autoware_mrm_handler_node-13] [WARN] [1785816031.083678885] [system.mrm_handler]: EMERGENCY_STOP is operated.
[component_container_mt-47] [WARN] [1785816031.131708474] [control.vehicle_cmd_gate]: Emergency!
[logging_node-14] [WARN] [1785816031.181422023] [logging_diag_graph]: The target mode is not available for the following reasons:
[logging_node-14] - /autoware/modes/autonomous ERROR
[logging_node-14]     - /autoware/planning ERROR
[logging_node-14]         - /autoware/planning/routing/state ERROR
[logging_node-14]         - [anonymous group] ERROR
[logging_node-14]             - /autoware/planning/topic_rate_check/route ERROR
[logging_node-14]             - /autoware/planning/topic_rate_check/trajectory ERROR
[logging_node-14]     - /autoware/control ERROR
[logging_node-14]         - /autoware/control/topic_rate_check/trajectory_follower ERROR
[logging_node-14]         - /autoware/control/topic_rate_check/control_command WARN 
[logging_node-14] 
[autoware_mrm_handler_node-13] [INFO] [1785816031.181781808] [system.mrm_handler]: MRM State changed: MRM_OPERATING -> NORMAL
[component_container_mt-1] [WARN] [1785816031.181692009] [sensing.lidar.concatenate_data]: transformed_raw_points[/sensing/lidar/right/pointcloud_before_sync] is nullptr, skipping pointcloud publish.
[component_container_mt-1] [WARN] [1785816031.181825469] [sensing.lidar.concatenate_data]: transformed_raw_points[/sensing/lidar/left/pointcloud_before_sync] is nullptr, skipping pointcloud publish.
[autoware_ndt_scan_matcher_node-24] [INFO] [1785816031.182293636] [localization.pose_estimator.ndt_scan_matcher]: Mismatch between pose timestamp and current timestamp
[autoware_mrm_handler_node-13] [WARN] [1785816031.182903527] [system.mrm_handler]: EMERGENCY_STOP is canceled.
[component_container-7] [INFO] [1785816031.231428274] [system.topic_state_monitor_scenario_planning_trajectory]: /planning/trajectory has not received. Set ERROR in diagnostics.
[component_container_mt-1] [WARN] [1785816031.282091301] [sensing.lidar.concatenate_data]: transformed_raw_points[/sensing/lidar/right/pointcloud_before_sync] is nullptr, skipping pointcloud publish.
[component_container_mt-1] [WARN] [1785816031.282139906] [sensing.lidar.concatenate_data]: transformed_raw_points[/sensing/lidar/left/pointcloud_before_sync] is nullptr, skipping pointcloud publish.
[autoware_ndt_scan_matcher_node-24] [INFO] [1785816031.283919066] [localization.pose_estimator.ndt_scan_matcher]: Mismatch between pose timestamp and current timestamp
[component_container_mt-1] [WARN] [1785816031.381790152] [sensing.lidar.concatenate_data]: transformed_raw_points[/sensing/lidar/right/pointcloud_before_sync] is nullptr, skipping pointcloud publish.
[component_container_mt-1] [WARN] [1785816031.381836231] [sensing.lidar.concatenate_data]: transformed_raw_points[/sensing/lidar/left/pointcloud_before_sync] is nullptr, skipping pointcloud publish.
[autoware_ndt_scan_matcher_node-24] [INFO] [1785816031.382795407] [localization.pose_estimator.ndt_scan_matcher]: Mismatch between pose timestamp and current timestamp
[component_container_mt-1] [WARN] [1785816031.482464254] [sensing.lidar.concatenate_data]: transformed_raw_points[/sensing/lidar/right/pointcloud_before_sync] is nullptr, skipping pointcloud publish.
[component_container_mt-1] [WARN] [1785816031.482505183] [sensing.lidar.concatenate_data]: transformed_raw_points[/sensing/lidar/left/pointcloud_before_sync] is nullptr, skipping pointcloud publish.
[autoware_ndt_scan_matcher_node-24] [INFO] [1785816031.483009038] [localization.pose_estimator.ndt_scan_matcher]: Mismatch between pose timestamp and current timestamp
[component_container_mt-1] [WARN] [1785816031.582160750] [sensing.lidar.concatenate_data]: transformed_raw_points[/sensing/lidar/right/pointcloud_before_sync] is nullptr, skipping pointcloud publish.
[component_container_mt-1] [WARN] [1785816031.582207784] [sensing.lidar.concatenate_data]: transformed_raw_points[/sensing/lidar/left/pointcloud_before_sync] is nullptr, skipping pointcloud publish.
[autoware_ndt_scan_matcher_node-24] [INFO] [1785816031.583066594] [localization.pose_estimator.ndt_scan_matcher]: Mismatch between pose timestamp and current timestamp
[component_container_mt-1] [WARN] [1785816031.682748654] [sensing.lidar.concatenate_data]: transformed_raw_points[/sensing/lidar/right/pointcloud_before_sync] is nullptr, skipping pointcloud publish.
[component_container_mt-1] [WARN] [1785816031.682788321] [sensing.lidar.concatenate_data]: transformed_raw_points[/sensing/lidar/left/pointcloud_before_sync] is nullptr, skipping pointcloud publish.
[autoware_ndt_scan_matcher_node-24] [INFO] [1785816031.683389929] [localization.pose_estimator.ndt_scan_matcher]: Mismatch between pose timestamp and current timestamp
[component_container_mt-1] [WARN] [1785816031.782490730] [sensing.lidar.concatenate_data]: transformed_raw_points[/sensing/lidar/right/pointcloud_before_sync] is nullptr, skipping pointcloud publish.
[component_container_mt-1] [WARN] [1785816031.782537286] [sensing.lidar.concatenate_data]: transformed_raw_points[/sensing/lidar/left/pointcloud_before_sync] is nullptr, skipping pointcloud publish.
[autoware_ndt_scan_matcher_node-24] [INFO] [1785816031.783692749] [localization.pose_estimator.ndt_scan_matcher]: Mismatch between pose timestamp and current timestamp
[component_container_mt-1] [WARN] [1785816031.882188192] [sensing.lidar.concatenate_data]: transformed_raw_points[/sensing/lidar/right/pointcloud_before_sync] is nullptr, skipping pointcloud publish.
[component_container_mt-1] [WARN] [1785816031.882233113] [sensing.lidar.concatenate_data]: transformed_raw_points[/sensing/lidar/left/pointcloud_before_sync] is nullptr, skipping pointcloud publish.
[autoware_ndt_scan_matcher_node-24] [INFO] [1785816031.884954936] [localization.pose_estimator.ndt_scan_matcher]: Mismatch between pose timestamp and current timestamp
[component_container_mt-1] [WARN] [1785816031.982441758] [sensing.lidar.concatenate_data]: transformed_raw_points[/sensing/lidar/right/pointcloud_before_sync] is nullptr, skipping pointcloud publish.
[component_container_mt-1] [WARN] [1785816031.982556598] [sensing.lidar.concatenate_data]: transformed_raw_points[/sensing/lidar/left/pointcloud_before_sync] is nullptr, skipping pointcloud publish.
[autoware_ndt_scan_matcher_node-24] [INFO] [1785816031.983155537] [localization.pose_estimator.ndt_scan_matcher]: Mismatch between pose timestamp and current timestamp
[component_container_mt-1] [WARN] [1785816032.081402653] [sensing.lidar.concatenate_data]: transformed_raw_points[/sensing/lidar/right/pointcloud_before_sync] is nullptr, skipping pointcloud publish.
[component_container_mt-1] [WARN] [1785816032.081451941] [sensing.lidar.concatenate_data]: transformed_raw_points[/sensing/lidar/left/pointcloud_before_sync] is nullptr, skipping pointcloud publish.
[autoware_mrm_handler_node-13] [INFO] [1785816032.081664671] [system.mrm_handler]: MRM State changed: NORMAL -> MRM_OPERATING
[autoware_mrm_handler_node-13] [WARN] [1785816032.082088196] [system.mrm_handler]: EMERGENCY_STOP is operated.
[autoware_ndt_scan_matcher_node-24] [INFO] [1785816032.082089926] [localization.pose_estimator.ndt_scan_matcher]: Mismatch between pose timestamp and current timestamp
[component_container_mt-48] [INFO] [1785816032.082511352] [control.control_validator]: waiting for /planning/trajectory
[component_container_mt-47] [WARN] [1785816032.131706253] [control.vehicle_cmd_gate]: Emergency!
[autoware_mrm_handler_node-13] [INFO] [1785816032.181907391] [system.mrm_handler]: MRM State changed: MRM_OPERATING -> NORMAL
[component_container_mt-1] [WARN] [1785816032.182006277] [sensing.lidar.concatenate_data]: transformed_raw_points[/sensing/lidar/right/pointcloud_before_sync] is nullptr, skipping pointcloud publish.
[component_container_mt-1] [WARN] [1785816032.182041666] [sensing.lidar.concatenate_data]: transformed_raw_points[/sensing/lidar/left/pointcloud_before_sync] is nullptr, skipping pointcloud publish.
[autoware_mrm_handler_node-13] [WARN] [1785816032.183021710] [system.mrm_handler]: EMERGENCY_STOP is canceled.
[autoware_ndt_scan_matcher_node-24] [INFO] [1785816032.183173729] [localization.pose_estimator.ndt_scan_matcher]: Mismatch between pose timestamp and current timestamp
[autoware_scenario_selector_node-36] [INFO] [1785816032.281120166] [planning.scenario_planning.scenario_selector]: Waiting for route.
[component_container_mt-48] [INFO] [1785816032.281210130] [control.trajectory_follower.lane_departure_checker_node]: waiting for route msg...
[component_container_mt-1] [WARN] [1785816032.281638321] [sensing.lidar.concatenate_data]: transformed_raw_points[/sensing/lidar/right/pointcloud_before_sync] is nullptr, skipping pointcloud publish.
[component_container_mt-1] [WARN] [1785816032.281673444] [sensing.lidar.concatenate_data]: transformed_raw_points[/sensing/lidar/left/pointcloud_before_sync] is nullptr, skipping pointcloud publish.
[autoware_ndt_scan_matcher_node-24] [INFO] [1785816032.282523580] [localization.pose_estimator.ndt_scan_matcher]: Mismatch between pose timestamp and current timestamp
[component_container_mt-1] [WARN] [1785816032.381747075] [sensing.lidar.concatenate_data]: transformed_raw_points[/sensing/lidar/right/pointcloud_before_sync] is nullptr, skipping pointcloud publish.
[component_container_mt-1] [WARN] [1785816032.381793370] [sensing.lidar.concatenate_data]: transformed_raw_points[/sensing/lidar/left/pointcloud_before_sync] is nullptr, skipping pointcloud publish.
[autoware_ndt_scan_matcher_node-24] [INFO] [1785816032.382398710] [localization.pose_estimator.ndt_scan_matcher]: Mismatch between pose timestamp and current timestamp
[component_container_mt-1] [WARN] [1785816032.482057043] [sensing.lidar.concatenate_data]: transformed_raw_points[/sensing/lidar/right/pointcloud_before_sync] is nullptr, skipping pointcloud publish.
[component_container_mt-1] [WARN] [1785816032.482099263] [sensing.lidar.concatenate_data]: transformed_raw_points[/sensing/lidar/left/pointcloud_before_sync] is nullptr, skipping pointcloud publish.
[autoware_ndt_scan_matcher_node-24] [INFO] [1785816032.482881232] [localization.pose_estimator.ndt_scan_matcher]: Mismatch between pose timestamp and current timestamp
[component_container_mt-1] [WARN] [1785816032.581985555] [sensing.lidar.concatenate_data]: transformed_raw_points[/sensing/lidar/right/pointcloud_before_sync] is nullptr, skipping pointcloud publish.
[component_container_mt-1] [WARN] [1785816032.582027352] [sensing.lidar.concatenate_data]: transformed_raw_points[/sensing/lidar/left/pointcloud_before_sync] is nullptr, skipping pointcloud publish.
[autoware_ndt_scan_matcher_node-24] [INFO] [1785816032.582714149] [localization.pose_estimator.ndt_scan_matcher]: Mismatch between pose timestamp and current timestamp
[component_container_mt-1] [WARN] [1785816032.681572201] [sensing.lidar.concatenate_data]: transformed_raw_points[/sensing/lidar/right/pointcloud_before_sync] is nullptr, skipping pointcloud publish.
[component_container_mt-1] [WARN] [1785816032.681622453] [sensing.lidar.concatenate_data]: transformed_raw_points[/sensing/lidar/left/pointcloud_before_sync] is nullptr, skipping pointcloud publish.
[autoware_ndt_scan_matcher_node-24] [INFO] [1785816032.682907546] [localization.pose_estimator.ndt_scan_matcher]: Mismatch between pose timestamp and current timestamp
[component_container_mt-1] [WARN] [1785816032.781943281] [sensing.lidar.concatenate_data]: transformed_raw_points[/sensing/lidar/right/pointcloud_before_sync] is nullptr, skipping pointcloud publish.
[component_container_mt-1] [WARN] [1785816032.781990460] [sensing.lidar.concatenate_data]: transformed_raw_points[/sensing/lidar/left/pointcloud_before_sync] is nullptr, skipping pointcloud publish.
[component_container-7] [WARN] [1785816032.782108865] [system.topic_state_monitor_control_command_control_cmd]: /control/command/control_cmd topic rate has dropped to the warning level. Set WARN in diagnostics.
[autoware_ndt_scan_matcher_node-24] [INFO] [1785816032.782411303] [localization.pose_estimator.ndt_scan_matcher]: Mismatch between pose timestamp and current timestamp
[component_container_mt-1] [WARN] [1785816032.881929001] [sensing.lidar.concatenate_data]: transformed_raw_points[/sensing/lidar/right/pointcloud_before_sync] is nullptr, skipping pointcloud publish.
[component_container_mt-1] [WARN] [1785816032.881974702] [sensing.lidar.concatenate_data]: transformed_raw_points[/sensing/lidar/left/pointcloud_before_sync] is nullptr, skipping pointcloud publish.
[autoware_ndt_scan_matcher_node-24] [INFO] [1785816032.883793263] [localization.pose_estimator.ndt_scan_matcher]: Mismatch between pose timestamp and current timestamp
[component_container_mt-1] [WARN] [1785816032.982263090] [sensing.lidar.concatenate_data]: transformed_raw_points[/sensing/lidar/right/pointcloud_before_sync] is nullptr, skipping pointcloud publish.
[component_container_mt-1] [WARN] [1785816032.982305888] [sensing.lidar.concatenate_data]: transformed_raw_points[/sensing/lidar/left/pointcloud_before_sync] is nullptr, skipping pointcloud publish.
[autoware_ndt_scan_matcher_node-24] [INFO] [1785816032.983266670] [localization.pose_estimator.ndt_scan_matcher]: Mismatch between pose timestamp and current timestamp
[component_container_mt-1] [WARN] [1785816033.081468759] [sensing.lidar.concatenate_data]: transformed_raw_points[/sensing/lidar/right/pointcloud_before_sync] is nullptr, skipping pointcloud publish.
[autoware_mrm_handler_node-13] [INFO] [1785816033.081654246] [system.mrm_handler]: MRM State changed: NORMAL -> MRM_OPERATING
[autoware_mrm_handler_node-13] [WARN] [1785816033.081991472] [system.mrm_handler]: EMERGENCY_STOP is operated.
[autoware_ndt_scan_matcher_node-24] [INFO] [1785816033.082077678] [localization.pose_estimator.ndt_scan_matcher]: Mismatch between pose timestamp and current timestamp
[component_container_mt-1] [WARN] [1785816033.082947451] [sensing.lidar.concatenate_data]: transformed_raw_points[/sensing/lidar/left/pointcloud_before_sync] is nullptr, skipping pointcloud publish.
[component_container_mt-47] [WARN] [1785816033.131233296] [control.vehicle_cmd_gate]: Emergency!
[component_container_mt-1] [WARN] [1785816033.181507503] [sensing.lidar.concatenate_data]: transformed_raw_points[/sensing/lidar/right/pointcloud_before_sync] is nullptr, skipping pointcloud publish.
[component_container_mt-1] [WARN] [1785816033.181551828] [sensing.lidar.concatenate_data]: transformed_raw_points[/sensing/lidar/left/pointcloud_before_sync] is nullptr, skipping pointcloud publish.
[autoware_mrm_handler_node-13] [INFO] [1785816033.181516869] [system.mrm_handler]: MRM State changed: MRM_OPERATING -> NORMAL
[autoware_mrm_handler_node-13] [WARN] [1785816033.181673087] [system.mrm_handler]: EMERGENCY_STOP is canceled.
[autoware_ndt_scan_matcher_node-24] [INFO] [1785816033.182121619] [localization.pose_estimator.ndt_scan_matcher]: Mismatch between pose timestamp and current timestamp
[component_container_mt-1] [WARN] [1785816033.281811951] [sensing.lidar.concatenate_data]: transformed_raw_points[/sensing/lidar/right/pointcloud_before_sync] is nullptr, skipping pointcloud publish.
[component_container_mt-1] [WARN] [1785816033.281857236] [sensing.lidar.concatenate_data]: transformed_raw_points[/sensing/lidar/left/pointcloud_before_sync] is nullptr, skipping pointcloud publish.
[autoware_ndt_scan_matcher_node-24] [INFO] [1785816033.282536884] [localization.pose_estimator.ndt_scan_matcher]: Mismatch between pose timestamp and current timestamp
[component_container_mt-1] [WARN] [1785816033.381515195] [sensing.lidar.concatenate_data]: transformed_raw_points[/sensing/lidar/right/pointcloud_before_sync] is nullptr, skipping pointcloud publish.
[component_container_mt-1] [WARN] [1785816033.381560740] [sensing.lidar.concatenate_data]: transformed_raw_points[/sensing/lidar/left/pointcloud_before_sync] is nullptr, skipping pointcloud publish.
[autoware_ndt_scan_matcher_node-24] [INFO] [1785816033.382637191] [localization.pose_estimator.ndt_scan_matcher]: Mismatch between pose timestamp and current timestamp
[component_container_mt-1] [WARN] [1785816033.481991529] [sensing.lidar.concatenate_data]: transformed_raw_points[/sensing/lidar/right/pointcloud_before_sync] is nullptr, skipping pointcloud publish.
[component_container_mt-1] [WARN] [1785816033.482038078] [sensing.lidar.concatenate_data]: transformed_raw_points[/sensing/lidar/left/pointcloud_before_sync] is nullptr, skipping pointcloud publish.
[autoware_ndt_scan_matcher_node-24] [INFO] [1785816033.482565806] [localization.pose_estimator.ndt_scan_matcher]: Mismatch between pose timestamp and current timestamp
[component_container_mt-1] [WARN] [1785816033.582063778] [sensing.lidar.concatenate_data]: transformed_raw_points[/sensing/lidar/right/pointcloud_before_sync] is nullptr, skipping pointcloud publish.
[component_container_mt-1] [WARN] [1785816033.582104507] [sensing.lidar.concatenate_data]: transformed_raw_points[/sensing/lidar/left/pointcloud_before_sync] is nullptr, skipping pointcloud publish.
[autoware_ndt_scan_matcher_node-24] [INFO] [1785816033.582744809] [localization.pose_estimator.ndt_scan_matcher]: Mismatch between pose timestamp and current timestamp
[component_container_mt-1] [WARN] [1785816033.681797298] [sensing.lidar.concatenate_data]: transformed_raw_points[/sensing/lidar/right/pointcloud_before_sync] is nullptr, skipping pointcloud publish.
[component_container_mt-1] [WARN] [1785816033.681850631] [sensing.lidar.concatenate_data]: transformed_raw_points[/sensing/lidar/left/pointcloud_before_sync] is nullptr, skipping pointcloud publish.
[autoware_ndt_scan_matcher_node-24] [INFO] [1785816033.682560443] [localization.pose_estimator.ndt_scan_matcher]: Mismatch between pose timestamp and current timestamp
[component_container_mt-1] [WARN] [1785816033.781796182] [sensing.lidar.concatenate_data]: transformed_raw_points[/sensing/lidar/right/pointcloud_before_sync] is nullptr, skipping pointcloud publish.
[component_container_mt-1] [WARN] [1785816033.781835335] [sensing.lidar.concatenate_data]: transformed_raw_points[/sensing/lidar/left/pointcloud_before_sync] is nullptr, skipping pointcloud publish.
[autoware_ndt_scan_matcher_node-24] [INFO] [1785816033.782446940] [localization.pose_estimator.ndt_scan_matcher]: Mismatch between pose timestamp and current timestamp
[component_container_mt-1] [WARN] [1785816033.881863310] [sensing.lidar.concatenate_data]: transformed_raw_points[/sensing/lidar/right/pointcloud_before_sync] is nullptr, skipping pointcloud publish.
[component_container_mt-1] [WARN] [1785816033.881917946] [sensing.lidar.concatenate_data]: transformed_raw_points[/sensing/lidar/left/pointcloud_before_sync] is nullptr, skipping pointcloud publish.
[autoware_ndt_scan_matcher_node-24] [INFO] [1785816033.882539601] [localization.pose_estimator.ndt_scan_matcher]: Mismatch between pose timestamp and current timestamp
[component_container_mt-1] [WARN] [1785816033.982357855] [sensing.lidar.concatenate_data]: transformed_raw_points[/sensing/lidar/right/pointcloud_before_sync] is nullptr, skipping pointcloud publish.
[component_container_mt-1] [WARN] [1785816033.982402999] [sensing.lidar.concatenate_data]: transformed_raw_points[/sensing/lidar/left/pointcloud_before_sync] is nullptr, skipping pointcloud publish.
[autoware_mrm_handler_node-13] [INFO] [1785816033.982621944] [system.mrm_handler]: MRM State changed: NORMAL -> MRM_OPERATING
[autoware_mrm_handler_node-13] [WARN] [1785816033.982765086] [system.mrm_handler]: EMERGENCY_STOP is operated.
[autoware_ndt_scan_matcher_node-24] [INFO] [1785816033.983005571] [localization.pose_estimator.ndt_scan_matcher]: Mismatch between pose timestamp and current timestamp
[component_container_mt-1] [WARN] [1785816034.081618715] [sensing.lidar.concatenate_data]: transformed_raw_points[/sensing/lidar/right/pointcloud_before_sync] is nullptr, skipping pointcloud publish.
[component_container_mt-1] [WARN] [1785816034.081665616] [sensing.lidar.concatenate_data]: transformed_raw_points[/sensing/lidar/left/pointcloud_before_sync] is nullptr, skipping pointcloud publish.
[autoware_mrm_handler_node-13] [INFO] [1785816034.081870450] [system.mrm_handler]: MRM State changed: MRM_OPERATING -> MRM_SUCCEEDED
[autoware_ndt_scan_matcher_node-24] [INFO] [1785816034.082349349] [localization.pose_estimator.ndt_scan_matcher]: Mismatch between pose timestamp and current timestamp
[component_container_mt-47] [WARN] [1785816034.131887221] [control.vehicle_cmd_gate]: Emergency!
[autoware_mrm_handler_node-13] [INFO] [1785816034.181529826] [system.mrm_handler]: MRM State changed: MRM_SUCCEEDED -> NORMAL
[logging_node-14] [WARN] [1785816034.182160538] [logging_diag_graph]: The target mode is not available for the following reasons:
[logging_node-14] - /autoware/modes/autonomous ERROR
[logging_node-14]     - /autoware/planning ERROR
[logging_node-14]         - /autoware/planning/routing/state ERROR
[logging_node-14]         - [anonymous group] ERROR
[logging_node-14]             - /autoware/planning/topic_rate_check/route ERROR
[logging_node-14]             - /autoware/planning/topic_rate_check/trajectory ERROR
[logging_node-14]     - /autoware/control ERROR
[logging_node-14]         - /autoware/control/topic_rate_check/trajectory_follower ERROR
[logging_node-14]         - /autoware/control/topic_rate_check/control_command WARN 
[logging_node-14] 
[component_container_mt-1] [WARN] [1785816034.182194643] [sensing.lidar.concatenate_data]: transformed_raw_points[/sensing/lidar/right/pointcloud_before_sync] is nullptr, skipping pointcloud publish.
[component_container_mt-1] [WARN] [1785816034.182231329] [sensing.lidar.concatenate_data]: transformed_raw_points[/sensing/lidar/left/pointcloud_before_sync] is nullptr, skipping pointcloud publish.
[autoware_mrm_handler_node-13] [WARN] [1785816034.182636419] [system.mrm_handler]: EMERGENCY_STOP is canceled.
[autoware_ndt_scan_matcher_node-24] [INFO] [1785816034.183017094] [localization.pose_estimator.ndt_scan_matcher]: Mismatch between pose timestamp and current timestamp
[component_container-7] [INFO] [1785816034.231464083] [system.topic_state_monitor_scenario_planning_trajectory]: /planning/trajectory has not received. Set ERROR in diagnostics.
[component_container_mt-1] [WARN] [1785816034.281531532] [sensing.lidar.concatenate_data]: transformed_raw_points[/sensing/lidar/right/pointcloud_before_sync] is nullptr, skipping pointcloud publish.
[component_container_mt-1] [WARN] [1785816034.281583002] [sensing.lidar.concatenate_data]: transformed_raw_points[/sensing/lidar/left/pointcloud_before_sync] is nullptr, skipping pointcloud publish.
[autoware_ndt_scan_matcher_node-24] [INFO] [1785816034.282491897] [localization.pose_estimator.ndt_scan_matcher]: Mismatch between pose timestamp and current timestamp
[component_container_mt-1] [WARN] [1785816034.381912272] [sensing.lidar.concatenate_data]: transformed_raw_points[/sensing/lidar/right/pointcloud_before_sync] is nullptr, skipping pointcloud publish.
[component_container_mt-1] [WARN] [1785816034.381954856] [sensing.lidar.concatenate_data]: transformed_raw_points[/sensing/lidar/left/pointcloud_before_sync] is nullptr, skipping pointcloud publish.
[autoware_ndt_scan_matcher_node-24] [INFO] [1785816034.382577409] [localization.pose_estimator.ndt_scan_matcher]: Mismatch between pose timestamp and current timestamp
[component_container_mt-1] [WARN] [1785816034.481714828] [sensing.lidar.concatenate_data]: transformed_raw_points[/sensing/lidar/right/pointcloud_before_sync] is nullptr, skipping pointcloud publish.
[component_container_mt-1] [WARN] [1785816034.481764650] [sensing.lidar.concatenate_data]: transformed_raw_points[/sensing/lidar/left/pointcloud_before_sync] is nullptr, skipping pointcloud publish.
[autoware_ndt_scan_matcher_node-24] [INFO] [1785816034.482423098] [localization.pose_estimator.ndt_scan_matcher]: Mismatch between pose timestamp and current timestamp
[component_container_mt-1] [WARN] [1785816034.581683192] [sensing.lidar.concatenate_data]: transformed_raw_points[/sensing/lidar/right/pointcloud_before_sync] is nullptr, skipping pointcloud publish.
[component_container_mt-1] [WARN] [1785816034.581731817] [sensing.lidar.concatenate_data]: transformed_raw_points[/sensing/lidar/left/pointcloud_before_sync] is nullptr, skipping pointcloud publish.
[autoware_ndt_scan_matcher_node-24] [INFO] [1785816034.582624602] [localization.pose_estimator.ndt_scan_matcher]: Mismatch between pose timestamp and current timestamp
[component_container_mt-47] [INFO] [1785816034.681911921] [control.trajectory_follower.controller_node_exe]: Waiting for trajectory data
[component_container_mt-47] [INFO] [1785816034.681963733] [control.trajectory_follower.controller_node_exe]: Control is skipped since input data is not ready.
[component_container_mt-1] [WARN] [1785816034.682222216] [sensing.lidar.concatenate_data]: transformed_raw_points[/sensing/lidar/right/pointcloud_before_sync] is nullptr, skipping pointcloud publish.
[component_container_mt-1] [WARN] [1785816034.682261865] [sensing.lidar.concatenate_data]: transformed_raw_points[/sensing/lidar/left/pointcloud_before_sync] is nullptr, skipping pointcloud publish.
[autoware_ndt_scan_matcher_node-24] [INFO] [1785816034.682765425] [localization.pose_estimator.ndt_scan_matcher]: Mismatch between pose timestamp and current timestamp
[component_container_mt-1] [WARN] [1785816034.782186649] [sensing.lidar.concatenate_data]: transformed_raw_points[/sensing/lidar/right/pointcloud_before_sync] is nullptr, skipping pointcloud publish.
[component_container_mt-1] [WARN] [1785816034.782243877] [sensing.lidar.concatenate_data]: transformed_raw_points[/sensing/lidar/left/pointcloud_before_sync] is nullptr, skipping pointcloud publish.
[autoware_ndt_scan_matcher_node-24] [INFO] [1785816034.783104724] [localization.pose_estimator.ndt_scan_matcher]: Mismatch between pose timestamp and current timestamp
[component_container_mt-1] [WARN] [1785816034.881947452] [sensing.lidar.concatenate_data]: transformed_raw_points[/sensing/lidar/right/pointcloud_before_sync] is nullptr, skipping pointcloud publish.
[component_container_mt-1] [WARN] [1785816034.881993103] [sensing.lidar.concatenate_data]: transformed_raw_points[/sensing/lidar/left/pointcloud_before_sync] is nullptr, skipping pointcloud publish.
[autoware_ndt_scan_matcher_node-24] [INFO] [1785816034.882768091] [localization.pose_estimator.ndt_scan_matcher]: Mismatch between pose timestamp and current timestamp
[component_container_mt-1] [WARN] [1785816034.982450898] [sensing.lidar.concatenate_data]: transformed_raw_points[/sensing/lidar/right/pointcloud_before_sync] is nullptr, skipping pointcloud publish.
[component_container_mt-1] [WARN] [1785816034.982496973] [sensing.lidar.concatenate_data]: transformed_raw_points[/sensing/lidar/left/pointcloud_before_sync] is nullptr, skipping pointcloud publish.
[autoware_ndt_scan_matcher_node-24] [INFO] [1785816034.983301146] [localization.pose_estimator.ndt_scan_matcher]: Mismatch between pose timestamp and current timestamp
[component_container_mt-40] [INFO] [1785816035.032018452] [planning.scenario_planning.lane_driving.behavior_planning.behavior_path_planner]: waiting for scenario_topic
[component_container_mt-1] [WARN] [1785816035.082350409] [sensing.lidar.concatenate_data]: transformed_raw_points[/sensing/lidar/right/pointcloud_before_sync] is nullptr, skipping pointcloud publish.
[component_container_mt-1] [WARN] [1785816035.082395997] [sensing.lidar.concatenate_data]: transformed_raw_points[/sensing/lidar/left/pointcloud_before_sync] is nullptr, skipping pointcloud publish.
[autoware_mrm_handler_node-13] [INFO] [1785816035.082506241] [system.mrm_handler]: MRM State changed: NORMAL -> MRM_OPERATING
[autoware_mrm_handler_node-13] [WARN] [1785816035.082620981] [system.mrm_handler]: EMERGENCY_STOP is operated.
[autoware_ndt_scan_matcher_node-24] [INFO] [1785816035.082942114] [localization.pose_estimator.ndt_scan_matcher]: Mismatch between pose timestamp and current timestamp
[component_container-18] [WARN] [1785816035.088958651] [sensing.lidar.top.crop_box_filter_self]: Invalid PointCloud: is_dense is false. The point cloud should be organized (dense) and contain only valid points. This will be an ERROR starting in 2026 JulyFrame: 'velodyne_top', Stamp: 40.122812838
[component_container_mt-47] [WARN] [1785816035.131887620] [control.vehicle_cmd_gate]: Emergency!
[autoware_mrm_handler_node-13] [INFO] [1785816035.181507151] [system.mrm_handler]: MRM State changed: MRM_OPERATING -> NORMAL
[component_container_mt-1] [WARN] [1785816035.181634459] [sensing.lidar.concatenate_data]: transformed_raw_points[/sensing/lidar/right/pointcloud_before_sync] is nullptr, skipping pointcloud publish.
[component_container_mt-1] [WARN] [1785816035.181673933] [sensing.lidar.concatenate_data]: transformed_raw_points[/sensing/lidar/left/pointcloud_before_sync] is nullptr, skipping pointcloud publish.
[autoware_mrm_handler_node-13] [WARN] [1785816035.182049288] [system.mrm_handler]: EMERGENCY_STOP is canceled.
[autoware_ndt_scan_matcher_node-24] [INFO] [1785816035.182253427] [localization.pose_estimator.ndt_scan_matcher]: Mismatch between pose timestamp and current timestamp
[component_container_mt-1] [WARN] [1785816035.281969008] [sensing.lidar.concatenate_data]: transformed_raw_points[/sensing/lidar/right/pointcloud_before_sync] is nullptr, skipping pointcloud publish.
[component_container_mt-1] [WARN] [1785816035.282013053] [sensing.lidar.concatenate_data]: transformed_raw_points[/sensing/lidar/left/pointcloud_before_sync] is nullptr, skipping pointcloud publish.
[autoware_ndt_scan_matcher_node-24] [INFO] [1785816035.282544644] [localization.pose_estimator.ndt_scan_matcher]: Mismatch between pose timestamp and current timestamp
[component_container_mt-1] [WARN] [1785816035.382349317] [sensing.lidar.concatenate_data]: transformed_raw_points[/sensing/lidar/right/pointcloud_before_sync] is nullptr, skipping pointcloud publish.
[component_container_mt-1] [WARN] [1785816035.382387945] [sensing.lidar.concatenate_data]: transformed_raw_points[/sensing/lidar/left/pointcloud_before_sync] is nullptr, skipping pointcloud publish.
[autoware_ndt_scan_matcher_node-24] [INFO] [1785816035.382838275] [localization.pose_estimator.ndt_scan_matcher]: Mismatch between pose timestamp and current timestamp
[component_container_mt-1] [WARN] [1785816035.482285466] [sensing.lidar.concatenate_data]: transformed_raw_points[/sensing/lidar/right/pointcloud_before_sync] is nullptr, skipping pointcloud publish.
[component_container_mt-1] [WARN] [1785816035.482329967] [sensing.lidar.concatenate_data]: transformed_raw_points[/sensing/lidar/left/pointcloud_before_sync] is nullptr, skipping pointcloud publish.
[autoware_ndt_scan_matcher_node-24] [INFO] [1785816035.482845288] [localization.pose_estimator.ndt_scan_matcher]: Mismatch between pose timestamp and current timestamp
[component_container_mt-1] [WARN] [1785816035.489637890] [localization.util.crop_box_filter_measurement_range]: Invalid PointCloud: row_step mismatch. Expected: 99840 (width 6240 * point_step 16), Got: 0. Frame: 'base_link', Stamp: 40.522812844 Please fill in the `cloud->row_step` field accordingly. This will be an ERROR starting in 2026 July
[component_container_mt-48] [INFO] [1785816035.532181089] [control.autonomous_emergency_braking]: [AEB] waiting for control predicted trajectory
[component_container_mt-1] [WARN] [1785816035.582335292] [sensing.lidar.concatenate_data]: transformed_raw_points[/sensing/lidar/right/pointcloud_before_sync] is nullptr, skipping pointcloud publish.
[component_container_mt-1] [WARN] [1785816035.582382117] [sensing.lidar.concatenate_data]: transformed_raw_points[/sensing/lidar/left/pointcloud_before_sync] is nullptr, skipping pointcloud publish.
[autoware_ndt_scan_matcher_node-24] [INFO] [1785816035.583372288] [localization.pose_estimator.ndt_scan_matcher]: Mismatch between pose timestamp and current timestamp
[component_container_mt-1] [WARN] [1785816035.682198583] [sensing.lidar.concatenate_data]: transformed_raw_points[/sensing/lidar/right/pointcloud_before_sync] is nullptr, skipping pointcloud publish.
[component_container_mt-1] [WARN] [1785816035.682245486] [sensing.lidar.concatenate_data]: transformed_raw_points[/sensing/lidar/left/pointcloud_before_sync] is nullptr, skipping pointcloud publish.
[autoware_ndt_scan_matcher_node-24] [INFO] [1785816035.683088600] [localization.pose_estimator.ndt_scan_matcher]: Mismatch between pose timestamp and current timestamp
[component_container-7] [WARN] [1785816035.781985079] [system.topic_state_monitor_control_command_control_cmd]: /control/command/control_cmd topic rate has dropped to the warning level. Set WARN in diagnostics.
[component_container_mt-1] [WARN] [1785816035.782556899] [sensing.lidar.concatenate_data]: transformed_raw_points[/sensing/lidar/right/pointcloud_before_sync] is nullptr, skipping pointcloud publish.
[component_container_mt-1] [WARN] [1785816035.782590542] [sensing.lidar.concatenate_data]: transformed_raw_points[/sensing/lidar/left/pointcloud_before_sync] is nullptr, skipping pointcloud publish.
[autoware_ndt_scan_matcher_node-24] [INFO] [1785816035.783188652] [localization.pose_estimator.ndt_scan_matcher]: Mismatch between pose timestamp and current timestamp
[component_container_mt-47] [INFO] [1785816035.882201263] [control.vehicle_cmd_gate]: The operation mode is changed, but the GearCommand is not received yet:
[component_container_mt-1] [WARN] [1785816035.882226077] [sensing.lidar.concatenate_data]: transformed_raw_points[/sensing/lidar/right/pointcloud_before_sync] is nullptr, skipping pointcloud publish.
[component_container_mt-1] [WARN] [1785816035.882260560] [sensing.lidar.concatenate_data]: transformed_raw_points[/sensing/lidar/left/pointcloud_before_sync] is nullptr, skipping pointcloud publish.
[autoware_ndt_scan_matcher_node-24] [INFO] [1785816035.882825791] [localization.pose_estimator.ndt_scan_matcher]: Mismatch between pose timestamp and current timestamp
[component_container_mt-1] [WARN] [1785816035.982408387] [sensing.lidar.concatenate_data]: transformed_raw_points[/sensing/lidar/right/pointcloud_before_sync] is nullptr, skipping pointcloud publish.
[component_container_mt-1] [WARN] [1785816035.982459819] [sensing.lidar.concatenate_data]: transformed_raw_points[/sensing/lidar/left/pointcloud_before_sync] is nullptr, skipping pointcloud publish.
[autoware_ndt_scan_matcher_node-24] [INFO] [1785816035.983008226] [localization.pose_estimator.ndt_scan_matcher]: Mismatch between pose timestamp and current timestamp
[autoware_mrm_handler_node-13] [INFO] [1785816036.081994027] [system.mrm_handler]: MRM State changed: NORMAL -> MRM_OPERATING
[autoware_mrm_handler_node-13] [WARN] [1785816036.082352962] [system.mrm_handler]: EMERGENCY_STOP is operated.
[component_container_mt-1] [WARN] [1785816036.082945395] [sensing.lidar.concatenate_data]: transformed_raw_points[/sensing/lidar/right/pointcloud_before_sync] is nullptr, skipping pointcloud publish.
[component_container_mt-1] [WARN] [1785816036.082977484] [sensing.lidar.concatenate_data]: transformed_raw_points[/sensing/lidar/left/pointcloud_before_sync] is nullptr, skipping pointcloud publish.
[autoware_ndt_scan_matcher_node-24] [INFO] [1785816036.083445023] [localization.pose_estimator.ndt_scan_matcher]: Mismatch between pose timestamp and current timestamp
[component_container_mt-47] [WARN] [1785816036.132286311] [control.vehicle_cmd_gate]: Emergency!
[component_container_mt-1] [WARN] [1785816036.181790244] [sensing.lidar.concatenate_data]: transformed_raw_points[/sensing/lidar/right/pointcloud_before_sync] is nullptr, skipping pointcloud publish.
[component_container_mt-1] [WARN] [1785816036.181838461] [sensing.lidar.concatenate_data]: transformed_raw_points[/sensing/lidar/left/pointcloud_before_sync] is nullptr, skipping pointcloud publish.
[autoware_mrm_handler_node-13] [INFO] [1785816036.182029477] [system.mrm_handler]: MRM State changed: MRM_OPERATING -> NORMAL
[autoware_ndt_scan_matcher_node-24] [INFO] [1785816036.183058449] [localization.pose_estimator.ndt_scan_matcher]: Mismatch between pose timestamp and current timestamp
[autoware_mrm_handler_node-13] [WARN] [1785816036.183163319] [system.mrm_handler]: EMERGENCY_STOP is canceled.
[component_container_mt-1] [WARN] [1785816036.282040524] [sensing.lidar.concatenate_data]: transformed_raw_points[/sensing/lidar/right/pointcloud_before_sync] is nullptr, skipping pointcloud publish.
[component_container_mt-1] [WARN] [1785816036.282087880] [sensing.lidar.concatenate_data]: transformed_raw_points[/sensing/lidar/left/pointcloud_before_sync] is nullptr, skipping pointcloud publish.
[autoware_ndt_scan_matcher_node-24] [INFO] [1785816036.282867328] [localization.pose_estimator.ndt_scan_matcher]: Mismatch between pose timestamp and current timestamp
[component_container_mt-1] [WARN] [1785816036.382134192] [sensing.lidar.concatenate_data]: transformed_raw_points[/sensing/lidar/right/pointcloud_before_sync] is nullptr, skipping pointcloud publish.
[component_container_mt-1] [WARN] [1785816036.382175997] [sensing.lidar.concatenate_data]: transformed_raw_points[/sensing/lidar/left/pointcloud_before_sync] is nullptr, skipping pointcloud publish.
[autoware_ndt_scan_matcher_node-24] [INFO] [1785816036.382825689] [localization.pose_estimator.ndt_scan_matcher]: Mismatch between pose timestamp and current timestamp
[component_container_mt-1] [WARN] [1785816036.481582961] [sensing.lidar.concatenate_data]: transformed_raw_points[/sensing/lidar/right/pointcloud_before_sync] is nullptr, skipping pointcloud publish.
[component_container_mt-1] [WARN] [1785816036.481629178] [sensing.lidar.concatenate_data]: transformed_raw_points[/sensing/lidar/left/pointcloud_before_sync] is nullptr, skipping pointcloud publish.
[autoware_ndt_scan_matcher_node-24] [INFO] [1785816036.482251266] [localization.pose_estimator.ndt_scan_matcher]: Mismatch between pose timestamp and current timestamp
[component_container_mt-1] [WARN] [1785816036.582628711] [sensing.lidar.concatenate_data]: transformed_raw_points[/sensing/lidar/right/pointcloud_before_sync] is nullptr, skipping pointcloud publish.
[component_container_mt-1] [WARN] [1785816036.582677260] [sensing.lidar.concatenate_data]: transformed_raw_points[/sensing/lidar/left/pointcloud_before_sync] is nullptr, skipping pointcloud publish.
[autoware_ndt_scan_matcher_node-24] [INFO] [1785816036.583300390] [localization.pose_estimator.ndt_scan_matcher]: Mismatch between pose timestamp and current timestamp
[component_container_mt-1] [WARN] [1785816036.682422691] [sensing.lidar.concatenate_data]: transformed_raw_points[/sensing/lidar/right/pointcloud_before_sync] is nullptr, skipping pointcloud publish.
[component_container_mt-1] [WARN] [1785816036.682468012] [sensing.lidar.concatenate_data]: transformed_raw_points[/sensing/lidar/left/pointcloud_before_sync] is nullptr, skipping pointcloud publish.
[autoware_ndt_scan_matcher_node-24] [INFO] [1785816036.683144703] [localization.pose_estimator.ndt_scan_matcher]: Mismatch between pose timestamp and current timestamp
[component_container_mt-1] [WARN] [1785816036.782922480] [sensing.lidar.concatenate_data]: transformed_raw_points[/sensing/lidar/right/pointcloud_before_sync] is nullptr, skipping pointcloud publish.
[component_container_mt-1] [WARN] [1785816036.782968096] [sensing.lidar.concatenate_data]: transformed_raw_points[/sensing/lidar/left/pointcloud_before_sync] is nullptr, skipping pointcloud publish.
[autoware_ndt_scan_matcher_node-24] [INFO] [1785816036.783505247] [localization.pose_estimator.ndt_scan_matcher]: Mismatch between pose timestamp and current timestamp
[component_container_mt-1] [WARN] [1785816036.882444180] [sensing.lidar.concatenate_data]: transformed_raw_points[/sensing/lidar/right/pointcloud_before_sync] is nullptr, skipping pointcloud publish.
[component_container_mt-1] [WARN] [1785816036.882488728] [sensing.lidar.concatenate_data]: transformed_raw_points[/sensing/lidar/left/pointcloud_before_sync] is nullptr, skipping pointcloud publish.
[autoware_ndt_scan_matcher_node-24] [INFO] [1785816036.883133725] [localization.pose_estimator.ndt_scan_matcher]: Mismatch between pose timestamp and current timestamp
[component_container_mt-1] [WARN] [1785816036.982452344] [sensing.lidar.concatenate_data]: transformed_raw_points[/sensing/lidar/right/pointcloud_before_sync] is nullptr, skipping pointcloud publish.
[component_container_mt-1] [WARN] [1785816036.982499652] [sensing.lidar.concatenate_data]: transformed_raw_points[/sensing/lidar/left/pointcloud_before_sync] is nullptr, skipping pointcloud publish.
[autoware_ndt_scan_matcher_node-24] [INFO] [1785816036.982956246] [localization.pose_estimator.ndt_scan_matcher]: Mismatch between pose timestamp and current timestamp
[component_container_mt-1] [WARN] [1785816037.081836639] [sensing.lidar.concatenate_data]: transformed_raw_points[/sensing/lidar/right/pointcloud_before_sync] is nullptr, skipping pointcloud publish.
[component_container_mt-1] [WARN] [1785816037.081899970] [sensing.lidar.concatenate_data]: transformed_raw_points[/sensing/lidar/left/pointcloud_before_sync] is nullptr, skipping pointcloud publish.
[autoware_mrm_handler_node-13] [INFO] [1785816037.082243640] [system.mrm_handler]: MRM State changed: NORMAL -> MRM_OPERATING
[autoware_ndt_scan_matcher_node-24] [INFO] [1785816037.082619912] [localization.pose_estimator.ndt_scan_matcher]: Mismatch between pose timestamp and current timestamp
[autoware_mrm_handler_node-13] [WARN] [1785816037.083190906] [system.mrm_handler]: EMERGENCY_STOP is operated.
[component_container_mt-47] [WARN] [1785816037.131612820] [control.vehicle_cmd_gate]: Emergency!
[component_container_mt-48] [INFO] [1785816037.131772898] [control.control_validator]: waiting for /planning/trajectory
[component_container_mt-1] [WARN] [1785816037.181605598] [sensing.lidar.concatenate_data]: transformed_raw_points[/sensing/lidar/right/pointcloud_before_sync] is nullptr, skipping pointcloud publish.
[component_container_mt-1] [WARN] [1785816037.181652594] [sensing.lidar.concatenate_data]: transformed_raw_points[/sensing/lidar/left/pointcloud_before_sync] is nullptr, skipping pointcloud publish.
[logging_node-14] [WARN] [1785816037.181744522] [logging_diag_graph]: The target mode is not available for the following reasons:
[logging_node-14] - /autoware/modes/autonomous ERROR
[logging_node-14]     - /autoware/planning ERROR
[logging_node-14]         - /autoware/planning/routing/state ERROR
[logging_node-14]         - [anonymous group] ERROR
[logging_node-14]             - /autoware/planning/topic_rate_check/route ERROR
[logging_node-14]             - /autoware/planning/topic_rate_check/trajectory ERROR
[logging_node-14]     - /autoware/control ERROR
[logging_node-14]         - /autoware/control/topic_rate_check/trajectory_follower ERROR
[logging_node-14]         - /autoware/control/topic_rate_check/control_command WARN 
[logging_node-14] 
[autoware_mrm_handler_node-13] [INFO] [1785816037.181881300] [system.mrm_handler]: MRM State changed: MRM_OPERATING -> NORMAL
[autoware_ndt_scan_matcher_node-24] [INFO] [1785816037.182444057] [localization.pose_estimator.ndt_scan_matcher]: Mismatch between pose timestamp and current timestamp
[autoware_mrm_handler_node-13] [WARN] [1785816037.182731012] [system.mrm_handler]: EMERGENCY_STOP is canceled.
[component_container-7] [INFO] [1785816037.231496110] [system.topic_state_monitor_scenario_planning_trajectory]: /planning/trajectory has not received. Set ERROR in diagnostics.
[autoware_scenario_selector_node-36] [INFO] [1785816037.281706517] [planning.scenario_planning.scenario_selector]: Waiting for route.
[component_container_mt-48] [INFO] [1785816037.281999986] [control.trajectory_follower.lane_departure_checker_node]: waiting for route msg...
[component_container_mt-1] [WARN] [1785816037.282028110] [sensing.lidar.concatenate_data]: transformed_raw_points[/sensing/lidar/right/pointcloud_before_sync] is nullptr, skipping pointcloud publish.
[component_container_mt-1] [WARN] [1785816037.282061446] [sensing.lidar.concatenate_data]: transformed_raw_points[/sensing/lidar/left/pointcloud_before_sync] is nullptr, skipping pointcloud publish.
[autoware_ndt_scan_matcher_node-24] [INFO] [1785816037.282650634] [localization.pose_estimator.ndt_scan_matcher]: Mismatch between pose timestamp and current timestamp
[component_container_mt-1] [WARN] [1785816037.382167371] [sensing.lidar.concatenate_data]: transformed_raw_points[/sensing/lidar/right/pointcloud_before_sync] is nullptr, skipping pointcloud publish.
[component_container_mt-1] [WARN] [1785816037.382213905] [sensing.lidar.concatenate_data]: transformed_raw_points[/sensing/lidar/left/pointcloud_before_sync] is nullptr, skipping pointcloud publish.
[autoware_ndt_scan_matcher_node-24] [INFO] [1785816037.382878149] [localization.pose_estimator.ndt_scan_matcher]: Mismatch between pose timestamp and current timestamp
[component_container_mt-1] [WARN] [1785816037.482212039] [sensing.lidar.concatenate_data]: transformed_raw_points[/sensing/lidar/right/pointcloud_before_sync] is nullptr, skipping pointcloud publish.
[component_container_mt-1] [WARN] [1785816037.482256203] [sensing.lidar.concatenate_data]: transformed_raw_points[/sensing/lidar/left/pointcloud_before_sync] is nullptr, skipping pointcloud publish.
[autoware_ndt_scan_matcher_node-24] [INFO] [1785816037.483150677] [localization.pose_estimator.ndt_scan_matcher]: Mismatch between pose timestamp and current timestamp
[component_container_mt-1] [WARN] [1785816037.582065324] [sensing.lidar.concatenate_data]: transformed_raw_points[/sensing/lidar/right/pointcloud_before_sync] is nullptr, skipping pointcloud publish.
[component_container_mt-1] [WARN] [1785816037.582116176] [sensing.lidar.concatenate_data]: transformed_raw_points[/sensing/lidar/left/pointcloud_before_sync] is nullptr, skipping pointcloud publish.
[autoware_ndt_scan_matcher_node-24] [INFO] [1785816037.582830228] [localization.pose_estimator.ndt_scan_matcher]: Mismatch between pose timestamp and current timestamp
[component_container_mt-1] [WARN] [1785816037.682627344] [sensing.lidar.concatenate_data]: transformed_raw_points[/sensing/lidar/right/pointcloud_before_sync] is nullptr, skipping pointcloud publish.
[component_container_mt-1] [WARN] [1785816037.682667017] [sensing.lidar.concatenate_data]: transformed_raw_points[/sensing/lidar/left/pointcloud_before_sync] is nullptr, skipping pointcloud publish.
[autoware_ndt_scan_matcher_node-24] [INFO] [1785816037.683555650] [localization.pose_estimator.ndt_scan_matcher]: Mismatch between pose timestamp and current timestamp
[component_container_mt-1] [WARN] [1785816037.781910682] [sensing.lidar.concatenate_data]: transformed_raw_points[/sensing/lidar/right/pointcloud_before_sync] is nullptr, skipping pointcloud publish.
[component_container_mt-1] [WARN] [1785816037.781961881] [sensing.lidar.concatenate_data]: transformed_raw_points[/sensing/lidar/left/pointcloud_before_sync] is nullptr, skipping pointcloud publish.
[autoware_ndt_scan_matcher_node-24] [INFO] [1785816037.782626658] [localization.pose_estimator.ndt_scan_matcher]: Mismatch between pose timestamp and current timestamp
[component_container_mt-1] [WARN] [1785816037.881758835] [sensing.lidar.concatenate_data]: transformed_raw_points[/sensing/lidar/right/pointcloud_before_sync] is nullptr, skipping pointcloud publish.
[component_container_mt-1] [WARN] [1785816037.881808555] [sensing.lidar.concatenate_data]: transformed_raw_points[/sensing/lidar/left/pointcloud_before_sync] is nullptr, skipping pointcloud publish.
[autoware_ndt_scan_matcher_node-24] [INFO] [1785816037.882984112] [localization.pose_estimator.ndt_scan_matcher]: Mismatch between pose timestamp and current timestamp
[component_container_mt-1] [WARN] [1785816037.982017341] [sensing.lidar.concatenate_data]: transformed_raw_points[/sensing/lidar/right/pointcloud_before_sync] is nullptr, skipping pointcloud publish.
[component_container_mt-1] [WARN] [1785816037.982067489] [sensing.lidar.concatenate_data]: transformed_raw_points[/sensing/lidar/left/pointcloud_before_sync] is nullptr, skipping pointcloud publish.
[autoware_ndt_scan_matcher_node-24] [INFO] [1785816037.983071722] [localization.pose_estimator.ndt_scan_matcher]: Mismatch between pose timestamp and current timestamp
[component_container_mt-1] [WARN] [1785816038.081743579] [sensing.lidar.concatenate_data]: transformed_raw_points[/sensing/lidar/right/pointcloud_before_sync] is nullptr, skipping pointcloud publish.
[component_container_mt-1] [WARN] [1785816038.081789933] [sensing.lidar.concatenate_data]: transformed_raw_points[/sensing/lidar/left/pointcloud_before_sync] is nullptr, skipping pointcloud publish.
[autoware_mrm_handler_node-13] [INFO] [1785816038.082190773] [system.mrm_handler]: MRM State changed: NORMAL -> MRM_OPERATING
[autoware_ndt_scan_matcher_node-24] [INFO] [1785816038.082621353] [localization.pose_estimator.ndt_scan_matcher]: Mismatch between pose timestamp and current timestamp
[autoware_mrm_handler_node-13] [WARN] [1785816038.082776512] [system.mrm_handler]: EMERGENCY_STOP is operated.
[component_container_mt-47] [WARN] [1785816038.131803852] [control.vehicle_cmd_gate]: Emergency!
[autoware_mrm_handler_node-13] [INFO] [1785816038.182379799] [system.mrm_handler]: MRM State changed: MRM_OPERATING -> NORMAL
[component_container_mt-1] [WARN] [1785816038.182536853] [sensing.lidar.concatenate_data]: transformed_raw_points[/sensing/lidar/right/pointcloud_before_sync] is nullptr, skipping pointcloud publish.
[component_container_mt-1] [WARN] [1785816038.182571540] [sensing.lidar.concatenate_data]: transformed_raw_points[/sensing/lidar/left/pointcloud_before_sync] is nullptr, skipping pointcloud publish.
[autoware_mrm_handler_node-13] [WARN] [1785816038.182652884] [system.mrm_handler]: EMERGENCY_STOP is canceled.
[autoware_ndt_scan_matcher_node-24] [INFO] [1785816038.183860976] [localization.pose_estimator.ndt_scan_matcher]: Mismatch between pose timestamp and current timestamp
[component_container_mt-1] [WARN] [1785816038.281424363] [sensing.lidar.concatenate_data]: transformed_raw_points[/sensing/lidar/right/pointcloud_before_sync] is nullptr, skipping pointcloud publish.
[component_container_mt-1] [WARN] [1785816038.281474023] [sensing.lidar.concatenate_data]: transformed_raw_points[/sensing/lidar/left/pointcloud_before_sync] is nullptr, skipping pointcloud publish.
[autoware_ndt_scan_matcher_node-24] [INFO] [1785816038.281941182] [localization.pose_estimator.ndt_scan_matcher]: Mismatch between pose timestamp and current timestamp
[component_container_mt-1] [WARN] [1785816038.381902320] [sensing.lidar.concatenate_data]: transformed_raw_points[/sensing/lidar/right/pointcloud_before_sync] is nullptr, skipping pointcloud publish.
[component_container_mt-1] [WARN] [1785816038.381953067] [sensing.lidar.concatenate_data]: transformed_raw_points[/sensing/lidar/left/pointcloud_before_sync] is nullptr, skipping pointcloud publish.
[autoware_ndt_scan_matcher_node-24] [INFO] [1785816038.382683054] [localization.pose_estimator.ndt_scan_matcher]: Mismatch between pose timestamp and current timestamp
[component_container_mt-1] [WARN] [1785816038.482219767] [sensing.lidar.concatenate_data]: transformed_raw_points[/sensing/lidar/right/pointcloud_before_sync] is nullptr, skipping pointcloud publish.
[component_container_mt-1] [WARN] [1785816038.482261155] [sensing.lidar.concatenate_data]: transformed_raw_points[/sensing/lidar/left/pointcloud_before_sync] is nullptr, skipping pointcloud publish.
[autoware_ndt_scan_matcher_node-24] [INFO] [1785816038.483253053] [localization.pose_estimator.ndt_scan_matcher]: Mismatch between pose timestamp and current timestamp
[component_container_mt-1] [WARN] [1785816038.582309752] [sensing.lidar.concatenate_data]: transformed_raw_points[/sensing/lidar/right/pointcloud_before_sync] is nullptr, skipping pointcloud publish.
[component_container_mt-1] [WARN] [1785816038.582352576] [sensing.lidar.concatenate_data]: transformed_raw_points[/sensing/lidar/left/pointcloud_before_sync] is nullptr, skipping pointcloud publish.
[autoware_ndt_scan_matcher_node-24] [INFO] [1785816038.582948186] [localization.pose_estimator.ndt_scan_matcher]: Mismatch between pose timestamp and current timestamp
[component_container_mt-1] [WARN] [1785816038.682644769] [sensing.lidar.concatenate_data]: transformed_raw_points[/sensing/lidar/right/pointcloud_before_sync] is nullptr, skipping pointcloud publish.
[component_container_mt-1] [WARN] [1785816038.682700456] [sensing.lidar.concatenate_data]: transformed_raw_points[/sensing/lidar/left/pointcloud_before_sync] is nullptr, skipping pointcloud publish.
[autoware_ndt_scan_matcher_node-24] [INFO] [1785816038.683616178] [localization.pose_estimator.ndt_scan_matcher]: Mismatch between pose timestamp and current timestamp
[component_container_mt-1] [WARN] [1785816038.782206980] [sensing.lidar.concatenate_data]: transformed_raw_points[/sensing/lidar/right/pointcloud_before_sync] is nullptr, skipping pointcloud publish.
[component_container_mt-1] [WARN] [1785816038.782251795] [sensing.lidar.concatenate_data]: transformed_raw_points[/sensing/lidar/left/pointcloud_before_sync] is nullptr, skipping pointcloud publish.
[component_container-7] [WARN] [1785816038.782404505] [system.topic_state_monitor_control_command_control_cmd]: /control/command/control_cmd topic rate has dropped to the warning level. Set WARN in diagnostics.
[autoware_ndt_scan_matcher_node-24] [INFO] [1785816038.782749431] [localization.pose_estimator.ndt_scan_matcher]: Mismatch between pose timestamp and current timestamp
[component_container_mt-1] [WARN] [1785816038.882372520] [sensing.lidar.concatenate_data]: transformed_raw_points[/sensing/lidar/right/pointcloud_before_sync] is nullptr, skipping pointcloud publish.
[component_container_mt-1] [WARN] [1785816038.882420621] [sensing.lidar.concatenate_data]: transformed_raw_points[/sensing/lidar/left/pointcloud_before_sync] is nullptr, skipping pointcloud publish.
[autoware_ndt_scan_matcher_node-24] [INFO] [1785816038.882948694] [localization.pose_estimator.ndt_scan_matcher]: Mismatch between pose timestamp and current timestamp
[component_container_mt-1] [WARN] [1785816038.982558118] [sensing.lidar.concatenate_data]: transformed_raw_points[/sensing/lidar/right/pointcloud_before_sync] is nullptr, skipping pointcloud publish.
[component_container_mt-1] [WARN] [1785816038.982605702] [sensing.lidar.concatenate_data]: transformed_raw_points[/sensing/lidar/left/pointcloud_before_sync] is nullptr, skipping pointcloud publish.
[autoware_ndt_scan_matcher_node-24] [INFO] [1785816038.983484520] [localization.pose_estimator.ndt_scan_matcher]: Mismatch between pose timestamp and current timestamp
[autoware_mrm_handler_node-13] [INFO] [1785816039.081889511] [system.mrm_handler]: MRM State changed: NORMAL -> MRM_OPERATING
[component_container_mt-1] [WARN] [1785816039.082126549] [sensing.lidar.concatenate_data]: transformed_raw_points[/sensing/lidar/right/pointcloud_before_sync] is nullptr, skipping pointcloud publish.
[component_container_mt-1] [WARN] [1785816039.082159731] [sensing.lidar.concatenate_data]: transformed_raw_points[/sensing/lidar/left/pointcloud_before_sync] is nullptr, skipping pointcloud publish.
[autoware_ndt_scan_matcher_node-24] [INFO] [1785816039.082713345] [localization.pose_estimator.ndt_scan_matcher]: Mismatch between pose timestamp and current timestamp
[autoware_mrm_handler_node-13] [WARN] [1785816039.083885237] [system.mrm_handler]: EMERGENCY_STOP is operated.
[autoware_mrm_handler_node-13] [INFO] [1785816039.181796355] [system.mrm_handler]: MRM State changed: MRM_OPERATING -> NORMAL
[autoware_mrm_handler_node-13] [WARN] [1785816039.182455237] [system.mrm_handler]: EMERGENCY_STOP is canceled.
[component_container_mt-1] [WARN] [1785816039.182614748] [sensing.lidar.concatenate_data]: transformed_raw_points[/sensing/lidar/right/pointcloud_before_sync] is nullptr, skipping pointcloud publish.
[component_container_mt-1] [WARN] [1785816039.182649281] [sensing.lidar.concatenate_data]: transformed_raw_points[/sensing/lidar/left/pointcloud_before_sync] is nullptr, skipping pointcloud publish.
[autoware_ndt_scan_matcher_node-24] [INFO] [1785816039.183570991] [localization.pose_estimator.ndt_scan_matcher]: Mismatch between pose timestamp and current timestamp
[component_container_mt-1] [WARN] [1785816039.282028499] [sensing.lidar.concatenate_data]: transformed_raw_points[/sensing/lidar/right/pointcloud_before_sync] is nullptr, skipping pointcloud publish.
[component_container_mt-1] [WARN] [1785816039.282074599] [sensing.lidar.concatenate_data]: transformed_raw_points[/sensing/lidar/left/pointcloud_before_sync] is nullptr, skipping pointcloud publish.
[autoware_ndt_scan_matcher_node-24] [INFO] [1785816039.282669257] [localization.pose_estimator.ndt_scan_matcher]: Mismatch between pose timestamp and current timestamp
[component_container_mt-1] [WARN] [1785816039.381900069] [sensing.lidar.concatenate_data]: transformed_raw_points[/sensing/lidar/right/pointcloud_before_sync] is nullptr, skipping pointcloud publish.
[component_container_mt-1] [WARN] [1785816039.381945481] [sensing.lidar.concatenate_data]: transformed_raw_points[/sensing/lidar/left/pointcloud_before_sync] is nullptr, skipping pointcloud publish.
[autoware_ndt_scan_matcher_node-24] [INFO] [1785816039.382480058] [localization.pose_estimator.ndt_scan_matcher]: Mismatch between pose timestamp and current timestamp
[component_container_mt-1] [WARN] [1785816039.481880299] [sensing.lidar.concatenate_data]: transformed_raw_points[/sensing/lidar/right/pointcloud_before_sync] is nullptr, skipping pointcloud publish.
[autoware_ndt_scan_matcher_node-24] [INFO] [1785816039.482415949] [localization.pose_estimator.ndt_scan_matcher]: Mismatch between pose timestamp and current timestamp
[component_container_mt-1] [WARN] [1785816039.482531223] [sensing.lidar.concatenate_data]: transformed_raw_points[/sensing/lidar/left/pointcloud_before_sync] is nullptr, skipping pointcloud publish.
[component_container_mt-1] [WARN] [1785816039.581815271] [sensing.lidar.concatenate_data]: transformed_raw_points[/sensing/lidar/right/pointcloud_before_sync] is nullptr, skipping pointcloud publish.
[component_container_mt-1] [WARN] [1785816039.581857699] [sensing.lidar.concatenate_data]: transformed_raw_points[/sensing/lidar/left/pointcloud_before_sync] is nullptr, skipping pointcloud publish.
[autoware_ndt_scan_matcher_node-24] [INFO] [1785816039.582898663] [localization.pose_estimator.ndt_scan_matcher]: Mismatch between pose timestamp and current timestamp
[component_container_mt-1] [WARN] [1785816039.681725760] [sensing.lidar.concatenate_data]: transformed_raw_points[/sensing/lidar/right/pointcloud_before_sync] is nullptr, skipping pointcloud publish.
[component_container_mt-1] [WARN] [1785816039.681774796] [sensing.lidar.concatenate_data]: transformed_raw_points[/sensing/lidar/left/pointcloud_before_sync] is nullptr, skipping pointcloud publish.
[component_container_mt-47] [INFO] [1785816039.681994010] [control.trajectory_follower.controller_node_exe]: Waiting for trajectory data
[component_container_mt-47] [INFO] [1785816039.682037614] [control.trajectory_follower.controller_node_exe]: Control is skipped since input data is not ready.
[autoware_ndt_scan_matcher_node-24] [INFO] [1785816039.682632319] [localization.pose_estimator.ndt_scan_matcher]: Mismatch between pose timestamp and current timestamp
[component_container_mt-1] [WARN] [1785816039.781924571] [sensing.lidar.concatenate_data]: transformed_raw_points[/sensing/lidar/right/pointcloud_before_sync] is nullptr, skipping pointcloud publish.
[component_container_mt-1] [WARN] [1785816039.781967967] [sensing.lidar.concatenate_data]: transformed_raw_points[/sensing/lidar/left/pointcloud_before_sync] is nullptr, skipping pointcloud publish.
[autoware_ndt_scan_matcher_node-24] [INFO] [1785816039.782398447] [localization.pose_estimator.ndt_scan_matcher]: Mismatch between pose timestamp and current timestamp
[component_container_mt-1] [WARN] [1785816039.882295227] [sensing.lidar.concatenate_data]: transformed_raw_points[/sensing/lidar/right/pointcloud_before_sync] is nullptr, skipping pointcloud publish.
[component_container_mt-1] [WARN] [1785816039.882344140] [sensing.lidar.concatenate_data]: transformed_raw_points[/sensing/lidar/left/pointcloud_before_sync] is nullptr, skipping pointcloud publish.
[autoware_ndt_scan_matcher_node-24] [INFO] [1785816039.883683349] [localization.pose_estimator.ndt_scan_matcher]: Mismatch between pose timestamp and current timestamp
[component_container_mt-1] [WARN] [1785816039.982258810] [sensing.lidar.concatenate_data]: transformed_raw_points[/sensing/lidar/right/pointcloud_before_sync] is nullptr, skipping pointcloud publish.
[component_container_mt-1] [WARN] [1785816039.982307447] [sensing.lidar.concatenate_data]: transformed_raw_points[/sensing/lidar/left/pointcloud_before_sync] is nullptr, skipping pointcloud publish.
[autoware_ndt_scan_matcher_node-24] [INFO] [1785816039.982800508] [localization.pose_estimator.ndt_scan_matcher]: Mismatch between pose timestamp and current timestamp
[component_container_mt-40] [INFO] [1785816040.032522665] [planning.scenario_planning.lane_driving.behavior_planning.behavior_path_planner]: waiting for scenario_topic
[autoware_mrm_handler_node-13] [INFO] [1785816040.081240858] [system.mrm_handler]: MRM State changed: NORMAL -> MRM_OPERATING
[autoware_mrm_handler_node-13] [WARN] [1785816040.082226965] [system.mrm_handler]: EMERGENCY_STOP is operated.
[component_container_mt-1] [WARN] [1785816040.082809340] [sensing.lidar.concatenate_data]: transformed_raw_points[/sensing/lidar/right/pointcloud_before_sync] is nullptr, skipping pointcloud publish.
[component_container_mt-1] [WARN] [1785816040.082843452] [sensing.lidar.concatenate_data]: transformed_raw_points[/sensing/lidar/left/pointcloud_before_sync] is nullptr, skipping pointcloud publish.
[autoware_ndt_scan_matcher_node-24] [INFO] [1785816040.085006309] [localization.pose_estimator.ndt_scan_matcher]: Mismatch between pose timestamp and current timestamp
[component_container-18] [WARN] [1785816040.089112191] [sensing.lidar.top.crop_box_filter_self]: Invalid PointCloud: is_dense is false. The point cloud should be organized (dense) and contain only valid points. This will be an ERROR starting in 2026 JulyFrame: 'velodyne_top', Stamp: 45.122812912
[component_container_mt-47] [WARN] [1785816040.131917819] [control.vehicle_cmd_gate]: Emergency!
[logging_node-14] [WARN] [1785816040.181620543] [logging_diag_graph]: The target mode is not available for the following reasons:
[logging_node-14] - /autoware/modes/autonomous ERROR
[logging_node-14]     - /autoware/planning ERROR
[logging_node-14]         - /autoware/planning/routing/state ERROR
[logging_node-14]         - [anonymous group] ERROR
[logging_node-14]             - /autoware/planning/topic_rate_check/route ERROR
[logging_node-14]             - /autoware/planning/topic_rate_check/trajectory ERROR
[logging_node-14]     - /autoware/control ERROR
[logging_node-14]         - /autoware/control/topic_rate_check/trajectory_follower ERROR
[logging_node-14]         - /autoware/control/topic_rate_check/control_command WARN 
[logging_node-14] 
[component_container_mt-1] [WARN] [1785816040.181853997] [sensing.lidar.concatenate_data]: transformed_raw_points[/sensing/lidar/right/pointcloud_before_sync] is nullptr, skipping pointcloud publish.
[component_container_mt-1] [WARN] [1785816040.181895138] [sensing.lidar.concatenate_data]: transformed_raw_points[/sensing/lidar/left/pointcloud_before_sync] is nullptr, skipping pointcloud publish.
[autoware_mrm_handler_node-13] [INFO] [1785816040.182157883] [system.mrm_handler]: MRM State changed: MRM_OPERATING -> NORMAL
[autoware_ndt_scan_matcher_node-24] [INFO] [1785816040.182925974] [localization.pose_estimator.ndt_scan_matcher]: Mismatch between pose timestamp and current timestamp
[autoware_mrm_handler_node-13] [WARN] [1785816040.182952494] [system.mrm_handler]: EMERGENCY_STOP is canceled.
[component_container-7] [INFO] [1785816040.231472496] [system.topic_state_monitor_scenario_planning_trajectory]: /planning/trajectory has not received. Set ERROR in diagnostics.
[component_container_mt-1] [WARN] [1785816040.282450796] [sensing.lidar.concatenate_data]: transformed_raw_points[/sensing/lidar/right/pointcloud_before_sync] is nullptr, skipping pointcloud publish.
[component_container_mt-1] [WARN] [1785816040.282497980] [sensing.lidar.concatenate_data]: transformed_raw_points[/sensing/lidar/left/pointcloud_before_sync] is nullptr, skipping pointcloud publish.
[autoware_ndt_scan_matcher_node-24] [INFO] [1785816040.282764554] [localization.pose_estimator.ndt_scan_matcher]: Mismatch between pose timestamp and current timestamp
[component_container_mt-1] [WARN] [1785816040.382389639] [sensing.lidar.concatenate_data]: transformed_raw_points[/sensing/lidar/right/pointcloud_before_sync] is nullptr, skipping pointcloud publish.
[component_container_mt-1] [WARN] [1785816040.382436759] [sensing.lidar.concatenate_data]: transformed_raw_points[/sensing/lidar/left/pointcloud_before_sync] is nullptr, skipping pointcloud publish.
[autoware_ndt_scan_matcher_node-24] [INFO] [1785816040.383083282] [localization.pose_estimator.ndt_scan_matcher]: Mismatch between pose timestamp and current timestamp
[component_container_mt-1] [WARN] [1785816040.482293927] [sensing.lidar.concatenate_data]: transformed_raw_points[/sensing/lidar/right/pointcloud_before_sync] is nullptr, skipping pointcloud publish.
[component_container_mt-1] [WARN] [1785816040.482338774] [sensing.lidar.concatenate_data]: transformed_raw_points[/sensing/lidar/left/pointcloud_before_sync] is nullptr, skipping pointcloud publish.
[autoware_ndt_scan_matcher_node-24] [INFO] [1785816040.482769923] [localization.pose_estimator.ndt_scan_matcher]: Mismatch between pose timestamp and current timestamp
[component_container_mt-1] [WARN] [1785816040.489274627] [localization.util.crop_box_filter_measurement_range]: Invalid PointCloud: row_step mismatch. Expected: 98656 (width 6166 * point_step 16), Got: 0. Frame: 'base_link', Stamp: 45.522812918 Please fill in the `cloud->row_step` field accordingly. This will be an ERROR starting in 2026 July
[component_container_mt-48] [INFO] [1785816040.531888464] [control.autonomous_emergency_braking]: [AEB] waiting for control predicted trajectory
[component_container_mt-1] [WARN] [1785816040.581669471] [sensing.lidar.concatenate_data]: transformed_raw_points[/sensing/lidar/right/pointcloud_before_sync] is nullptr, skipping pointcloud publish.
[component_container_mt-1] [WARN] [1785816040.581718853] [sensing.lidar.concatenate_data]: transformed_raw_points[/sensing/lidar/left/pointcloud_before_sync] is nullptr, skipping pointcloud publish.
[autoware_ndt_scan_matcher_node-24] [INFO] [1785816040.582635357] [localization.pose_estimator.ndt_scan_matcher]: Mismatch between pose timestamp and current timestamp
[component_container_mt-1] [WARN] [1785816040.682158783] [sensing.lidar.concatenate_data]: transformed_raw_points[/sensing/lidar/right/pointcloud_before_sync] is nullptr, skipping pointcloud publish.
[component_container_mt-1] [WARN] [1785816040.682200126] [sensing.lidar.concatenate_data]: transformed_raw_points[/sensing/lidar/left/pointcloud_before_sync] is nullptr, skipping pointcloud publish.
[autoware_ndt_scan_matcher_node-24] [INFO] [1785816040.682853778] [localization.pose_estimator.ndt_scan_matcher]: Mismatch between pose timestamp and current timestamp
[component_container_mt-1] [WARN] [1785816040.781827424] [sensing.lidar.concatenate_data]: transformed_raw_points[/sensing/lidar/right/pointcloud_before_sync] is nullptr, skipping pointcloud publish.
[component_container_mt-1] [WARN] [1785816040.781876297] [sensing.lidar.concatenate_data]: transformed_raw_points[/sensing/lidar/left/pointcloud_before_sync] is nullptr, skipping pointcloud publish.
[autoware_ndt_scan_matcher_node-24] [INFO] [1785816040.782503151] [localization.pose_estimator.ndt_scan_matcher]: Mismatch between pose timestamp and current timestamp
[component_container-18] [WARN] [1785816040.789624811] [sensing.lidar.top.distortion_corrector_node]: Twist time_stamp is too late. Could not interpolate.
[component_container-18] [WARN] [1785816040.789653566] [sensing.lidar.top.distortion_corrector_node]: IMU time_stamp is too late. Could not interpolate.
[component_container_mt-47] [INFO] [1785816040.881993810] [control.vehicle_cmd_gate]: The operation mode is changed, but the GearCommand is not received yet:
[component_container_mt-1] [WARN] [1785816040.882027236] [sensing.lidar.concatenate_data]: transformed_raw_points[/sensing/lidar/right/pointcloud_before_sync] is nullptr, skipping pointcloud publish.
[component_container_mt-1] [WARN] [1785816040.882064815] [sensing.lidar.concatenate_data]: transformed_raw_points[/sensing/lidar/left/pointcloud_before_sync] is nullptr, skipping pointcloud publish.
[autoware_ndt_scan_matcher_node-24] [INFO] [1785816040.882623459] [localization.pose_estimator.ndt_scan_matcher]: Mismatch between pose timestamp and current timestamp
[component_container_mt-1] [WARN] [1785816040.982334379] [sensing.lidar.concatenate_data]: transformed_raw_points[/sensing/lidar/right/pointcloud_before_sync] is nullptr, skipping pointcloud publish.
[component_container_mt-1] [WARN] [1785816040.982378554] [sensing.lidar.concatenate_data]: transformed_raw_points[/sensing/lidar/left/pointcloud_before_sync] is nullptr, skipping pointcloud publish.
[autoware_ndt_scan_matcher_node-24] [INFO] [1785816040.983054612] [localization.pose_estimator.ndt_scan_matcher]: Mismatch between pose timestamp and current timestamp
[autoware_mrm_handler_node-13] [INFO] [1785816041.081425948] [system.mrm_handler]: MRM State changed: NORMAL -> MRM_OPERATING
[autoware_mrm_handler_node-13] [WARN] [1785816041.081820035] [system.mrm_handler]: EMERGENCY_STOP is operated.
[component_container_mt-1] [WARN] [1785816041.082082363] [sensing.lidar.concatenate_data]: transformed_raw_points[/sensing/lidar/right/pointcloud_before_sync] is nullptr, skipping pointcloud publish.
[component_container_mt-1] [WARN] [1785816041.082118719] [sensing.lidar.concatenate_data]: transformed_raw_points[/sensing/lidar/left/pointcloud_before_sync] is nullptr, skipping pointcloud publish.
[autoware_ndt_scan_matcher_node-24] [INFO] [1785816041.082590697] [localization.pose_estimator.ndt_scan_matcher]: Mismatch between pose timestamp and current timestamp
[component_container_mt-47] [WARN] [1785816041.131208763] [control.vehicle_cmd_gate]: Emergency!
[component_container_mt-1] [WARN] [1785816041.181530234] [sensing.lidar.concatenate_data]: transformed_raw_points[/sensing/lidar/right/pointcloud_before_sync] is nullptr, skipping pointcloud publish.
[component_container_mt-1] [WARN] [1785816041.181580024] [sensing.lidar.concatenate_data]: transformed_raw_points[/sensing/lidar/left/pointcloud_before_sync] is nullptr, skipping pointcloud publish.
[autoware_mrm_handler_node-13] [INFO] [1785816041.181800702] [system.mrm_handler]: MRM State changed: MRM_OPERATING -> NORMAL
[autoware_mrm_handler_node-13] [WARN] [1785816041.181956575] [system.mrm_handler]: EMERGENCY_STOP is canceled.
[autoware_ndt_scan_matcher_node-24] [INFO] [1785816041.182070973] [localization.pose_estimator.ndt_scan_matcher]: Mismatch between pose timestamp and current timestamp
[component_container_mt-1] [WARN] [1785816041.281369479] [sensing.lidar.concatenate_data]: transformed_raw_points[/sensing/lidar/right/pointcloud_before_sync] is nullptr, skipping pointcloud publish.
[component_container_mt-1] [WARN] [1785816041.281413031] [sensing.lidar.concatenate_data]: transformed_raw_points[/sensing/lidar/left/pointcloud_before_sync] is nullptr, skipping pointcloud publish.
[autoware_ndt_scan_matcher_node-24] [INFO] [1785816041.282004049] [localization.pose_estimator.ndt_scan_matcher]: Mismatch between pose timestamp and current timestamp
[component_container_mt-1] [WARN] [1785816041.382043664] [sensing.lidar.concatenate_data]: transformed_raw_points[/sensing/lidar/right/pointcloud_before_sync] is nullptr, skipping pointcloud publish.
[component_container_mt-1] [WARN] [1785816041.382093961] [sensing.lidar.concatenate_data]: transformed_raw_points[/sensing/lidar/left/pointcloud_before_sync] is nullptr, skipping pointcloud publish.
[autoware_ndt_scan_matcher_node-24] [INFO] [1785816041.382607941] [localization.pose_estimator.ndt_scan_matcher]: Mismatch between pose timestamp and current timestamp
[component_container_mt-1] [WARN] [1785816041.481952151] [sensing.lidar.concatenate_data]: transformed_raw_points[/sensing/lidar/right/pointcloud_before_sync] is nullptr, skipping pointcloud publish.
[component_container_mt-1] [WARN] [1785816041.481998749] [sensing.lidar.concatenate_data]: transformed_raw_points[/sensing/lidar/left/pointcloud_before_sync] is nullptr, skipping pointcloud publish.
[autoware_ndt_scan_matcher_node-24] [INFO] [1785816041.482551303] [localization.pose_estimator.ndt_scan_matcher]: Mismatch between pose timestamp and current timestamp
[component_container_mt-1] [WARN] [1785816041.582127865] [sensing.lidar.concatenate_data]: transformed_raw_points[/sensing/lidar/right/pointcloud_before_sync] is nullptr, skipping pointcloud publish.
[component_container_mt-1] [WARN] [1785816041.582176130] [sensing.lidar.concatenate_data]: transformed_raw_points[/sensing/lidar/left/pointcloud_before_sync] is nullptr, skipping pointcloud publish.
[autoware_ndt_scan_matcher_node-24] [INFO] [1785816041.582665229] [localization.pose_estimator.ndt_scan_matcher]: Mismatch between pose timestamp and current timestamp
[component_container_mt-1] [WARN] [1785816041.682480213] [sensing.lidar.concatenate_data]: transformed_raw_points[/sensing/lidar/right/pointcloud_before_sync] is nullptr, skipping pointcloud publish.
[component_container_mt-1] [WARN] [1785816041.682521343] [sensing.lidar.concatenate_data]: transformed_raw_points[/sensing/lidar/left/pointcloud_before_sync] is nullptr, skipping pointcloud publish.
[autoware_ndt_scan_matcher_node-24] [INFO] [1785816041.682974004] [localization.pose_estimator.ndt_scan_matcher]: Mismatch between pose timestamp and current timestamp
[component_container_mt-1] [WARN] [1785816041.781836438] [sensing.lidar.concatenate_data]: transformed_raw_points[/sensing/lidar/right/pointcloud_before_sync] is nullptr, skipping pointcloud publish.
[component_container_mt-1] [WARN] [1785816041.781884187] [sensing.lidar.concatenate_data]: transformed_raw_points[/sensing/lidar/left/pointcloud_before_sync] is nullptr, skipping pointcloud publish.
[component_container-7] [WARN] [1785816041.781927488] [system.topic_state_monitor_control_command_control_cmd]: /control/command/control_cmd topic rate has dropped to the warning level. Set WARN in diagnostics.
[autoware_ndt_scan_matcher_node-24] [INFO] [1785816041.783782266] [localization.pose_estimator.ndt_scan_matcher]: Mismatch between pose timestamp and current timestamp
[component_container_mt-1] [WARN] [1785816041.881819414] [sensing.lidar.concatenate_data]: transformed_raw_points[/sensing/lidar/right/pointcloud_before_sync] is nullptr, skipping pointcloud publish.
[component_container_mt-1] [WARN] [1785816041.881869099] [sensing.lidar.concatenate_data]: transformed_raw_points[/sensing/lidar/left/pointcloud_before_sync] is nullptr, skipping pointcloud publish.
[autoware_ndt_scan_matcher_node-24] [INFO] [1785816041.883798888] [localization.pose_estimator.ndt_scan_matcher]: Mismatch between pose timestamp and current timestamp
[component_container_mt-1] [WARN] [1785816041.981705524] [sensing.lidar.concatenate_data]: transformed_raw_points[/sensing/lidar/right/pointcloud_before_sync] is nullptr, skipping pointcloud publish.
[component_container_mt-1] [WARN] [1785816041.981753393] [sensing.lidar.concatenate_data]: transformed_raw_points[/sensing/lidar/left/pointcloud_before_sync] is nullptr, skipping pointcloud publish.
[autoware_ndt_scan_matcher_node-24] [INFO] [1785816041.982562078] [localization.pose_estimator.ndt_scan_matcher]: Mismatch between pose timestamp and current timestamp
[autoware_mrm_handler_node-13] [INFO] [1785816042.081496694] [system.mrm_handler]: MRM State changed: NORMAL -> MRM_OPERATING
[component_container_mt-1] [WARN] [1785816042.082314809] [sensing.lidar.concatenate_data]: transformed_raw_points[/sensing/lidar/right/pointcloud_before_sync] is nullptr, skipping pointcloud publish.
[component_container_mt-1] [WARN] [1785816042.082346625] [sensing.lidar.concatenate_data]: transformed_raw_points[/sensing/lidar/left/pointcloud_before_sync] is nullptr, skipping pointcloud publish.
[autoware_mrm_handler_node-13] [WARN] [1785816042.082776904] [system.mrm_handler]: EMERGENCY_STOP is operated.
[autoware_ndt_scan_matcher_node-24] [INFO] [1785816042.082954257] [localization.pose_estimator.ndt_scan_matcher]: Mismatch between pose timestamp and current timestamp
[component_container_mt-48] [INFO] [1785816042.131796845] [control.control_validator]: waiting for /planning/trajectory
[component_container_mt-1] [WARN] [1785816042.181431560] [sensing.lidar.concatenate_data]: transformed_raw_points[/sensing/lidar/right/pointcloud_before_sync] is nullptr, skipping pointcloud publish.
[component_container_mt-1] [WARN] [1785816042.181486656] [sensing.lidar.concatenate_data]: transformed_raw_points[/sensing/lidar/left/pointcloud_before_sync] is nullptr, skipping pointcloud publish.
[autoware_mrm_handler_node-13] [INFO] [1785816042.181425394] [system.mrm_handler]: MRM State changed: MRM_OPERATING -> NORMAL
[autoware_ndt_scan_matcher_node-24] [INFO] [1785816042.182072239] [localization.pose_estimator.ndt_scan_matcher]: Mismatch between pose timestamp and current timestamp
[component_container_mt-47] [WARN] [1785816042.182307970] [control.vehicle_cmd_gate]: Emergency!
[autoware_mrm_handler_node-13] [WARN] [1785816042.182625538] [system.mrm_handler]: EMERGENCY_STOP is canceled.
[component_container_mt-48] [INFO] [1785816042.281609578] [control.trajectory_follower.lane_departure_checker_node]: waiting for route msg...
[autoware_scenario_selector_node-36] [INFO] [1785816042.282316583] [planning.scenario_planning.scenario_selector]: Waiting for route.
[component_container_mt-1] [WARN] [1785816042.282540622] [sensing.lidar.concatenate_data]: transformed_raw_points[/sensing/lidar/right/pointcloud_before_sync] is nullptr, skipping pointcloud publish.
[component_container_mt-1] [WARN] [1785816042.282574815] [sensing.lidar.concatenate_data]: transformed_raw_points[/sensing/lidar/left/pointcloud_before_sync] is nullptr, skipping pointcloud publish.
[autoware_ndt_scan_matcher_node-24] [INFO] [1785816042.283103525] [localization.pose_estimator.ndt_scan_matcher]: Mismatch between pose timestamp and current timestamp
[component_container_mt-1] [WARN] [1785816042.381882779] [sensing.lidar.concatenate_data]: transformed_raw_points[/sensing/lidar/right/pointcloud_before_sync] is nullptr, skipping pointcloud publish.
[component_container_mt-1] [WARN] [1785816042.381930874] [sensing.lidar.concatenate_data]: transformed_raw_points[/sensing/lidar/left/pointcloud_before_sync] is nullptr, skipping pointcloud publish.
[autoware_ndt_scan_matcher_node-24] [INFO] [1785816042.382391447] [localization.pose_estimator.ndt_scan_matcher]: Mismatch between pose timestamp and current timestamp
[component_container_mt-1] [WARN] [1785816042.481686372] [sensing.lidar.concatenate_data]: transformed_raw_points[/sensing/lidar/right/pointcloud_before_sync] is nullptr, skipping pointcloud publish.
[component_container_mt-1] [WARN] [1785816042.481733299] [sensing.lidar.concatenate_data]: transformed_raw_points[/sensing/lidar/left/pointcloud_before_sync] is nullptr, skipping pointcloud publish.
[autoware_ndt_scan_matcher_node-24] [INFO] [1785816042.482516310] [localization.pose_estimator.ndt_scan_matcher]: Mismatch between pose timestamp and current timestamp
[component_container_mt-1] [WARN] [1785816042.581807952] [sensing.lidar.concatenate_data]: transformed_raw_points[/sensing/lidar/right/pointcloud_before_sync] is nullptr, skipping pointcloud publish.
[component_container_mt-1] [WARN] [1785816042.581849812] [sensing.lidar.concatenate_data]: transformed_raw_points[/sensing/lidar/left/pointcloud_before_sync] is nullptr, skipping pointcloud publish.
[autoware_ndt_scan_matcher_node-24] [INFO] [1785816042.582449282] [localization.pose_estimator.ndt_scan_matcher]: Mismatch between pose timestamp and current timestamp
[component_container_mt-1] [WARN] [1785816042.682161670] [sensing.lidar.concatenate_data]: transformed_raw_points[/sensing/lidar/right/pointcloud_before_sync] is nullptr, skipping pointcloud publish.
[component_container_mt-1] [WARN] [1785816042.682231076] [sensing.lidar.concatenate_data]: transformed_raw_points[/sensing/lidar/left/pointcloud_before_sync] is nullptr, skipping pointcloud publish.
[autoware_ndt_scan_matcher_node-24] [INFO] [1785816042.682778305] [localization.pose_estimator.ndt_scan_matcher]: Mismatch between pose timestamp and current timestamp
[component_container_mt-1] [WARN] [1785816042.782443327] [sensing.lidar.concatenate_data]: transformed_raw_points[/sensing/lidar/right/pointcloud_before_sync] is nullptr, skipping pointcloud publish.
[component_container_mt-1] [WARN] [1785816042.782487844] [sensing.lidar.concatenate_data]: transformed_raw_points[/sensing/lidar/left/pointcloud_before_sync] is nullptr, skipping pointcloud publish.
[autoware_ndt_scan_matcher_node-24] [INFO] [1785816042.783008756] [localization.pose_estimator.ndt_scan_matcher]: Mismatch between pose timestamp and current timestamp
[component_container_mt-1] [WARN] [1785816042.882193511] [sensing.lidar.concatenate_data]: transformed_raw_points[/sensing/lidar/right/pointcloud_before_sync] is nullptr, skipping pointcloud publish.
[component_container_mt-1] [WARN] [1785816042.882238753] [sensing.lidar.concatenate_data]: transformed_raw_points[/sensing/lidar/left/pointcloud_before_sync] is nullptr, skipping pointcloud publish.
[autoware_ndt_scan_matcher_node-24] [INFO] [1785816042.882715429] [localization.pose_estimator.ndt_scan_matcher]: Mismatch between pose timestamp and current timestamp
[component_container_mt-1] [WARN] [1785816042.981871733] [sensing.lidar.concatenate_data]: transformed_raw_points[/sensing/lidar/right/pointcloud_before_sync] is nullptr, skipping pointcloud publish.
[component_container_mt-1] [WARN] [1785816042.981921026] [sensing.lidar.concatenate_data]: transformed_raw_points[/sensing/lidar/left/pointcloud_before_sync] is nullptr, skipping pointcloud publish.
[autoware_ndt_scan_matcher_node-24] [INFO] [1785816042.983792660] [localization.pose_estimator.ndt_scan_matcher]: Mismatch between pose timestamp and current timestamp
[autoware_mrm_handler_node-13] [INFO] [1785816043.081466852] [system.mrm_handler]: MRM State changed: NORMAL -> MRM_OPERATING
[component_container_mt-1] [WARN] [1785816043.082531536] [sensing.lidar.concatenate_data]: transformed_raw_points[/sensing/lidar/right/pointcloud_before_sync] is nullptr, skipping pointcloud publish.
[component_container_mt-1] [WARN] [1785816043.082623894] [sensing.lidar.concatenate_data]: transformed_raw_points[/sensing/lidar/left/pointcloud_before_sync] is nullptr, skipping pointcloud publish.
[autoware_mrm_handler_node-13] [WARN] [1785816043.083134440] [system.mrm_handler]: EMERGENCY_STOP is operated.
[autoware_ndt_scan_matcher_node-24] [INFO] [1785816043.083774873] [localization.pose_estimator.ndt_scan_matcher]: Mismatch between pose timestamp and current timestamp
[logging_node-14] [WARN] [1785816043.181605460] [logging_diag_graph]: The target mode is not available for the following reasons:
[logging_node-14] - /autoware/modes/autonomous ERROR
[logging_node-14]     - /autoware/planning ERROR
[logging_node-14]         - /autoware/planning/routing/state ERROR
[logging_node-14]         - [anonymous group] ERROR
[logging_node-14]             - /autoware/planning/topic_rate_check/route ERROR
[logging_node-14]             - /autoware/planning/topic_rate_check/trajectory ERROR
[logging_node-14]     - /autoware/control ERROR
[logging_node-14]         - /autoware/control/topic_rate_check/trajectory_follower ERROR
[logging_node-14]         - /autoware/control/topic_rate_check/control_command WARN 
[logging_node-14] 
[autoware_mrm_handler_node-13] [INFO] [1785816043.181760540] [system.mrm_handler]: MRM State changed: MRM_OPERATING -> NORMAL
[autoware_mrm_handler_node-13] [WARN] [1785816043.182390010] [system.mrm_handler]: EMERGENCY_STOP is canceled.
[component_container_mt-1] [WARN] [1785816043.182219761] [sensing.lidar.concatenate_data]: transformed_raw_points[/sensing/lidar/right/pointcloud_before_sync] is nullptr, skipping pointcloud publish.
[component_container_mt-1] [WARN] [1785816043.182253591] [sensing.lidar.concatenate_data]: transformed_raw_points[/sensing/lidar/left/pointcloud_before_sync] is nullptr, skipping pointcloud publish.
[autoware_ndt_scan_matcher_node-24] [INFO] [1785816043.183014440] [localization.pose_estimator.ndt_scan_matcher]: Mismatch between pose timestamp and current timestamp
[component_container-7] [INFO] [1785816043.231840119] [system.topic_state_monitor_scenario_planning_trajectory]: /planning/trajectory has not received. Set ERROR in diagnostics.
[component_container_mt-1] [WARN] [1785816043.282003491] [sensing.lidar.concatenate_data]: transformed_raw_points[/sensing/lidar/right/pointcloud_before_sync] is nullptr, skipping pointcloud publish.
[component_container_mt-1] [WARN] [1785816043.282054303] [sensing.lidar.concatenate_data]: transformed_raw_points[/sensing/lidar/left/pointcloud_before_sync] is nullptr, skipping pointcloud publish.
[autoware_ndt_scan_matcher_node-24] [INFO] [1785816043.282533244] [localization.pose_estimator.ndt_scan_matcher]: Mismatch between pose timestamp and current timestamp
[component_container_mt-1] [WARN] [1785816043.381964163] [sensing.lidar.concatenate_data]: transformed_raw_points[/sensing/lidar/right/pointcloud_before_sync] is nullptr, skipping pointcloud publish.
[component_container_mt-1] [WARN] [1785816043.382010367] [sensing.lidar.concatenate_data]: transformed_raw_points[/sensing/lidar/left/pointcloud_before_sync] is nullptr, skipping pointcloud publish.
[autoware_ndt_scan_matcher_node-24] [INFO] [1785816043.383063636] [localization.pose_estimator.ndt_scan_matcher]: Mismatch between pose timestamp and current timestamp
[component_container_mt-1] [WARN] [1785816043.481994837] [sensing.lidar.concatenate_data]: transformed_raw_points[/sensing/lidar/right/pointcloud_before_sync] is nullptr, skipping pointcloud publish.
[component_container_mt-1] [WARN] [1785816043.482046742] [sensing.lidar.concatenate_data]: transformed_raw_points[/sensing/lidar/left/pointcloud_before_sync] is nullptr, skipping pointcloud publish.
[autoware_ndt_scan_matcher_node-24] [INFO] [1785816043.482698787] [localization.pose_estimator.ndt_scan_matcher]: Mismatch between pose timestamp and current timestamp
[component_container_mt-1] [WARN] [1785816043.582259782] [sensing.lidar.concatenate_data]: transformed_raw_points[/sensing/lidar/right/pointcloud_before_sync] is nullptr, skipping pointcloud publish.
[component_container_mt-1] [WARN] [1785816043.582300273] [sensing.lidar.concatenate_data]: transformed_raw_points[/sensing/lidar/left/pointcloud_before_sync] is nullptr, skipping pointcloud publish.
[autoware_ndt_scan_matcher_node-24] [INFO] [1785816043.583051091] [localization.pose_estimator.ndt_scan_matcher]: Mismatch between pose timestamp and current timestamp
[component_container_mt-1] [WARN] [1785816043.681650501] [sensing.lidar.concatenate_data]: transformed_raw_points[/sensing/lidar/right/pointcloud_before_sync] is nullptr, skipping pointcloud publish.
[component_container_mt-1] [WARN] [1785816043.681702282] [sensing.lidar.concatenate_data]: transformed_raw_points[/sensing/lidar/left/pointcloud_before_sync] is nullptr, skipping pointcloud publish.
[autoware_ndt_scan_matcher_node-24] [INFO] [1785816043.683298143] [localization.pose_estimator.ndt_scan_matcher]: Mismatch between pose timestamp and current timestamp
[component_container_mt-1] [WARN] [1785816043.782108094] [sensing.lidar.concatenate_data]: transformed_raw_points[/sensing/lidar/right/pointcloud_before_sync] is nullptr, skipping pointcloud publish.
[component_container_mt-1] [WARN] [1785816043.782156113] [sensing.lidar.concatenate_data]: transformed_raw_points[/sensing/lidar/left/pointcloud_before_sync] is nullptr, skipping pointcloud publish.
[autoware_ndt_scan_matcher_node-24] [INFO] [1785816043.782747407] [localization.pose_estimator.ndt_scan_matcher]: Mismatch between pose timestamp and current timestamp
[component_container_mt-1] [WARN] [1785816043.882240411] [sensing.lidar.concatenate_data]: transformed_raw_points[/sensing/lidar/right/pointcloud_before_sync] is nullptr, skipping pointcloud publish.
[component_container_mt-1] [WARN] [1785816043.882287486] [sensing.lidar.concatenate_data]: transformed_raw_points[/sensing/lidar/left/pointcloud_before_sync] is nullptr, skipping pointcloud publish.
[autoware_ndt_scan_matcher_node-24] [INFO] [1785816043.883922040] [localization.pose_estimator.ndt_scan_matcher]: Mismatch between pose timestamp and current timestamp
[component_container_mt-1] [WARN] [1785816043.981563227] [sensing.lidar.concatenate_data]: transformed_raw_points[/sensing/lidar/right/pointcloud_before_sync] is nullptr, skipping pointcloud publish.
[component_container_mt-1] [WARN] [1785816043.981755837] [sensing.lidar.concatenate_data]: transformed_raw_points[/sensing/lidar/left/pointcloud_before_sync] is nullptr, skipping pointcloud publish.
[autoware_ndt_scan_matcher_node-24] [INFO] [1785816043.982512886] [localization.pose_estimator.ndt_scan_matcher]: pose_buffer_.size() < 2
[autoware_mrm_handler_node-13] [INFO] [1785816044.081313149] [system.mrm_handler]: MRM State changed: NORMAL -> MRM_OPERATING
[autoware_mrm_handler_node-13] [WARN] [1785816044.081914664] [system.mrm_handler]: EMERGENCY_STOP is operated.
[component_container_mt-47] [WARN] [1785816044.082472365] [control.vehicle_cmd_gate]: Emergency!
[component_container_mt-1] [WARN] [1785816044.131870091] [sensing.lidar.concatenate_data]: transformed_raw_points[/sensing/lidar/right/pointcloud_before_sync] is nullptr, skipping pointcloud publish.
[component_container_mt-1] [WARN] [1785816044.131951232] [sensing.lidar.concatenate_data]: transformed_raw_points[/sensing/lidar/left/pointcloud_before_sync] is nullptr, skipping pointcloud publish.
[autoware_ndt_scan_matcher_node-24] [INFO] [1785816044.132390402] [localization.pose_estimator.ndt_scan_matcher]: pose_buffer_.size() < 2
[component_container_mt-1] [WARN] [1785816044.181814268] [sensing.lidar.concatenate_data]: transformed_raw_points[/sensing/lidar/right/pointcloud_before_sync] is nullptr, skipping pointcloud publish.
[component_container_mt-1] [WARN] [1785816044.181859794] [sensing.lidar.concatenate_data]: transformed_raw_points[/sensing/lidar/left/pointcloud_before_sync] is nullptr, skipping pointcloud publish.
[autoware_mrm_handler_node-13] [INFO] [1785816044.181961008] [system.mrm_handler]: MRM State changed: MRM_OPERATING -> NORMAL
[autoware_ndt_scan_matcher_node-24] [INFO] [1785816044.182615386] [localization.pose_estimator.ndt_scan_matcher]: Mismatch between pose timestamp and current timestamp
[autoware_mrm_handler_node-13] [WARN] [1785816044.182766026] [system.mrm_handler]: EMERGENCY_STOP is canceled.
[component_container_mt-1] [WARN] [1785816044.282089492] [sensing.lidar.concatenate_data]: transformed_raw_points[/sensing/lidar/right/pointcloud_before_sync] is nullptr, skipping pointcloud publish.
[component_container_mt-1] [WARN] [1785816044.282137393] [sensing.lidar.concatenate_data]: transformed_raw_points[/sensing/lidar/left/pointcloud_before_sync] is nullptr, skipping pointcloud publish.
[autoware_ndt_scan_matcher_node-24] [INFO] [1785816044.282617753] [localization.pose_estimator.ndt_scan_matcher]: Mismatch between pose timestamp and current timestamp
[component_container_mt-1] [WARN] [1785816044.382367064] [sensing.lidar.concatenate_data]: transformed_raw_points[/sensing/lidar/right/pointcloud_before_sync] is nullptr, skipping pointcloud publish.
[component_container_mt-1] [WARN] [1785816044.382413417] [sensing.lidar.concatenate_data]: transformed_raw_points[/sensing/lidar/left/pointcloud_before_sync] is nullptr, skipping pointcloud publish.
[autoware_ndt_scan_matcher_node-24] [INFO] [1785816044.383788416] [localization.pose_estimator.ndt_scan_matcher]: Mismatch between pose timestamp and current timestamp
[component_container_mt-1] [WARN] [1785816044.482443926] [sensing.lidar.concatenate_data]: transformed_raw_points[/sensing/lidar/right/pointcloud_before_sync] is nullptr, skipping pointcloud publish.
[component_container_mt-1] [WARN] [1785816044.482483940] [sensing.lidar.concatenate_data]: transformed_raw_points[/sensing/lidar/left/pointcloud_before_sync] is nullptr, skipping pointcloud publish.
[autoware_ndt_scan_matcher_node-24] [INFO] [1785816044.483042928] [localization.pose_estimator.ndt_scan_matcher]: Mismatch between pose timestamp and current timestamp
[component_container_mt-1] [WARN] [1785816044.582884607] [sensing.lidar.concatenate_data]: transformed_raw_points[/sensing/lidar/right/pointcloud_before_sync] is nullptr, skipping pointcloud publish.
[component_container_mt-1] [WARN] [1785816044.582931933] [sensing.lidar.concatenate_data]: transformed_raw_points[/sensing/lidar/left/pointcloud_before_sync] is nullptr, skipping pointcloud publish.
[autoware_ndt_scan_matcher_node-24] [INFO] [1785816044.583490808] [localization.pose_estimator.ndt_scan_matcher]: Mismatch between pose timestamp and current timestamp
[component_container_mt-47] [INFO] [1785816044.682151214] [control.trajectory_follower.controller_node_exe]: Waiting for trajectory data
[component_container_mt-47] [INFO] [1785816044.682261978] [control.trajectory_follower.controller_node_exe]: Control is skipped since input data is not ready.
[component_container_mt-1] [WARN] [1785816044.682360611] [sensing.lidar.concatenate_data]: transformed_raw_points[/sensing/lidar/right/pointcloud_before_sync] is nullptr, skipping pointcloud publish.
[component_container_mt-1] [WARN] [1785816044.682399847] [sensing.lidar.concatenate_data]: transformed_raw_points[/sensing/lidar/left/pointcloud_before_sync] is nullptr, skipping pointcloud publish.
[autoware_ndt_scan_matcher_node-24] [INFO] [1785816044.682922296] [localization.pose_estimator.ndt_scan_matcher]: Mismatch between pose timestamp and current timestamp
[component_container-7] [WARN] [1785816044.782223443] [system.topic_state_monitor_control_command_control_cmd]: /control/command/control_cmd topic rate has dropped to the warning level. Set WARN in diagnostics.
[component_container_mt-1] [WARN] [1785816044.782360224] [sensing.lidar.concatenate_data]: transformed_raw_points[/sensing/lidar/right/pointcloud_before_sync] is nullptr, skipping pointcloud publish.
[component_container_mt-1] [WARN] [1785816044.782395163] [sensing.lidar.concatenate_data]: transformed_raw_points[/sensing/lidar/left/pointcloud_before_sync] is nullptr, skipping pointcloud publish.
[autoware_ndt_scan_matcher_node-24] [INFO] [1785816044.783098803] [localization.pose_estimator.ndt_scan_matcher]: Mismatch between pose timestamp and current timestamp
[component_container_mt-1] [WARN] [1785816044.882681277] [sensing.lidar.concatenate_data]: transformed_raw_points[/sensing/lidar/right/pointcloud_before_sync] is nullptr, skipping pointcloud publish.
[component_container_mt-1] [WARN] [1785816044.882724122] [sensing.lidar.concatenate_data]: transformed_raw_points[/sensing/lidar/left/pointcloud_before_sync] is nullptr, skipping pointcloud publish.
[autoware_ndt_scan_matcher_node-24] [INFO] [1785816044.883373905] [localization.pose_estimator.ndt_scan_matcher]: Mismatch between pose timestamp and current timestamp
[component_container_mt-1] [WARN] [1785816044.981920478] [sensing.lidar.concatenate_data]: transformed_raw_points[/sensing/lidar/right/pointcloud_before_sync] is nullptr, skipping pointcloud publish.
[component_container_mt-1] [WARN] [1785816044.981971852] [sensing.lidar.concatenate_data]: transformed_raw_points[/sensing/lidar/left/pointcloud_before_sync] is nullptr, skipping pointcloud publish.
[autoware_ndt_scan_matcher_node-24] [INFO] [1785816044.983044614] [localization.pose_estimator.ndt_scan_matcher]: Mismatch between pose timestamp and current timestamp
[component_container_mt-40] [INFO] [1785816045.032307293] [planning.scenario_planning.lane_driving.behavior_planning.behavior_path_planner]: waiting for scenario_topic
[autoware_mrm_handler_node-13] [INFO] [1785816045.082431302] [system.mrm_handler]: MRM State changed: NORMAL -> MRM_OPERATING
[autoware_mrm_handler_node-13] [WARN] [1785816045.082611493] [system.mrm_handler]: EMERGENCY_STOP is operated.
[component_container_mt-47] [WARN] [1785816045.085157706] [control.vehicle_cmd_gate]: Emergency!
[component_container_mt-1] [WARN] [1785816045.132118533] [sensing.lidar.concatenate_data]: transformed_raw_points[/sensing/lidar/right/pointcloud_before_sync] is nullptr, skipping pointcloud publish.
[component_container_mt-1] [WARN] [1785816045.132176032] [sensing.lidar.concatenate_data]: transformed_raw_points[/sensing/lidar/left/pointcloud_before_sync] is nullptr, skipping pointcloud publish.
[autoware_ndt_scan_matcher_node-24] [INFO] [1785816045.132598690] [localization.pose_estimator.ndt_scan_matcher]: Mismatch between pose timestamp and current timestamp
[component_container-18] [WARN] [1785816045.139091559] [sensing.lidar.top.crop_box_filter_self]: Invalid PointCloud: is_dense is false. The point cloud should be organized (dense) and contain only valid points. This will be an ERROR starting in 2026 JulyFrame: 'velodyne_top', Stamp: 50.172812988
[autoware_mrm_handler_node-13] [INFO] [1785816045.181923756] [system.mrm_handler]: MRM State changed: MRM_OPERATING -> NORMAL
[autoware_mrm_handler_node-13] [WARN] [1785816045.182501829] [system.mrm_handler]: EMERGENCY_STOP is canceled.
[component_container_mt-1] [WARN] [1785816045.232120608] [sensing.lidar.concatenate_data]: transformed_raw_points[/sensing/lidar/right/pointcloud_before_sync] is nullptr, skipping pointcloud publish.
[component_container_mt-1] [WARN] [1785816045.232165363] [sensing.lidar.concatenate_data]: transformed_raw_points[/sensing/lidar/left/pointcloud_before_sync] is nullptr, skipping pointcloud publish.
[autoware_ndt_scan_matcher_node-24] [INFO] [1785816045.232631094] [localization.pose_estimator.ndt_scan_matcher]: Mismatch between pose timestamp and current timestamp
[component_container_mt-1] [WARN] [1785816045.331706712] [sensing.lidar.concatenate_data]: transformed_raw_points[/sensing/lidar/right/pointcloud_before_sync] is nullptr, skipping pointcloud publish.
[component_container_mt-1] [WARN] [1785816045.331752410] [sensing.lidar.concatenate_data]: transformed_raw_points[/sensing/lidar/left/pointcloud_before_sync] is nullptr, skipping pointcloud publish.
[autoware_ndt_scan_matcher_node-24] [INFO] [1785816045.333103853] [localization.pose_estimator.ndt_scan_matcher]: Mismatch between pose timestamp and current timestamp
[component_container_mt-1] [WARN] [1785816045.432496396] [sensing.lidar.concatenate_data]: transformed_raw_points[/sensing/lidar/right/pointcloud_before_sync] is nullptr, skipping pointcloud publish.
[component_container_mt-1] [WARN] [1785816045.432536670] [sensing.lidar.concatenate_data]: transformed_raw_points[/sensing/lidar/left/pointcloud_before_sync] is nullptr, skipping pointcloud publish.
[autoware_ndt_scan_matcher_node-24] [INFO] [1785816045.432923070] [localization.pose_estimator.ndt_scan_matcher]: Mismatch between pose timestamp and current timestamp
[component_container_mt-1] [WARN] [1785816045.531747304] [sensing.lidar.concatenate_data]: transformed_raw_points[/sensing/lidar/right/pointcloud_before_sync] is nullptr, skipping pointcloud publish.
[component_container_mt-1] [WARN] [1785816045.531796204] [sensing.lidar.concatenate_data]: transformed_raw_points[/sensing/lidar/left/pointcloud_before_sync] is nullptr, skipping pointcloud publish.
[component_container_mt-48] [INFO] [1785816045.531847172] [control.autonomous_emergency_braking]: [AEB] waiting for control predicted trajectory
[autoware_ndt_scan_matcher_node-24] [INFO] [1785816045.533176468] [localization.pose_estimator.ndt_scan_matcher]: Mismatch between pose timestamp and current timestamp
[component_container_mt-1] [WARN] [1785816045.538927248] [localization.util.crop_box_filter_measurement_range]: Invalid PointCloud: row_step mismatch. Expected: 99664 (width 6229 * point_step 16), Got: 0. Frame: 'base_link', Stamp: 50.572812994 Please fill in the `cloud->row_step` field accordingly. This will be an ERROR starting in 2026 July
[component_container_mt-1] [WARN] [1785816045.631412691] [sensing.lidar.concatenate_data]: transformed_raw_points[/sensing/lidar/right/pointcloud_before_sync] is nullptr, skipping pointcloud publish.
[component_container_mt-1] [WARN] [1785816045.631457011] [sensing.lidar.concatenate_data]: transformed_raw_points[/sensing/lidar/left/pointcloud_before_sync] is nullptr, skipping pointcloud publish.
[autoware_ndt_scan_matcher_node-24] [INFO] [1785816045.632112031] [localization.pose_estimator.ndt_scan_matcher]: Mismatch between pose timestamp and current timestamp
[component_container_mt-1] [WARN] [1785816045.731734449] [sensing.lidar.concatenate_data]: transformed_raw_points[/sensing/lidar/right/pointcloud_before_sync] is nullptr, skipping pointcloud publish.
[component_container_mt-1] [WARN] [1785816045.731782530] [sensing.lidar.concatenate_data]: transformed_raw_points[/sensing/lidar/left/pointcloud_before_sync] is nullptr, skipping pointcloud publish.
[autoware_ndt_scan_matcher_node-24] [INFO] [1785816045.732270800] [localization.pose_estimator.ndt_scan_matcher]: Mismatch between pose timestamp and current timestamp
[component_container_mt-1] [WARN] [1785816045.832250984] [sensing.lidar.concatenate_data]: transformed_raw_points[/sensing/lidar/right/pointcloud_before_sync] is nullptr, skipping pointcloud publish.
[component_container_mt-1] [WARN] [1785816045.832296937] [sensing.lidar.concatenate_data]: transformed_raw_points[/sensing/lidar/left/pointcloud_before_sync] is nullptr, skipping pointcloud publish.
[autoware_ndt_scan_matcher_node-24] [INFO] [1785816045.832740568] [localization.pose_estimator.ndt_scan_matcher]: Mismatch between pose timestamp and current timestamp
[component_container_mt-47] [INFO] [1785816045.881600212] [control.vehicle_cmd_gate]: The operation mode is changed, but the GearCommand is not received yet:
[component_container_mt-1] [WARN] [1785816045.931419311] [sensing.lidar.concatenate_data]: transformed_raw_points[/sensing/lidar/right/pointcloud_before_sync] is nullptr, skipping pointcloud publish.
[component_container_mt-1] [WARN] [1785816045.931466956] [sensing.lidar.concatenate_data]: transformed_raw_points[/sensing/lidar/left/pointcloud_before_sync] is nullptr, skipping pointcloud publish.
[autoware_ndt_scan_matcher_node-24] [INFO] [1785816045.932099834] [localization.pose_estimator.ndt_scan_matcher]: Mismatch between pose timestamp and current timestamp
[component_container_mt-1] [WARN] [1785816046.031695393] [sensing.lidar.concatenate_data]: transformed_raw_points[/sensing/lidar/right/pointcloud_before_sync] is nullptr, skipping pointcloud publish.
[component_container_mt-1] [WARN] [1785816046.031744297] [sensing.lidar.concatenate_data]: transformed_raw_points[/sensing/lidar/left/pointcloud_before_sync] is nullptr, skipping pointcloud publish.
[autoware_ndt_scan_matcher_node-24] [INFO] [1785816046.033197256] [localization.pose_estimator.ndt_scan_matcher]: Mismatch between pose timestamp and current timestamp
[autoware_mrm_handler_node-13] [INFO] [1785816046.081688979] [system.mrm_handler]: MRM State changed: NORMAL -> MRM_OPERATING
[autoware_mrm_handler_node-13] [WARN] [1785816046.082115106] [system.mrm_handler]: EMERGENCY_STOP is operated.
[component_container_mt-47] [WARN] [1785816046.082496774] [control.vehicle_cmd_gate]: Emergency!
[component_container_mt-1] [WARN] [1785816046.131571389] [sensing.lidar.concatenate_data]: transformed_raw_points[/sensing/lidar/right/pointcloud_before_sync] is nullptr, skipping pointcloud publish.
[component_container_mt-1] [WARN] [1785816046.131617706] [sensing.lidar.concatenate_data]: transformed_raw_points[/sensing/lidar/left/pointcloud_before_sync] is nullptr, skipping pointcloud publish.
[autoware_ndt_scan_matcher_node-24] [INFO] [1785816046.132173834] [localization.pose_estimator.ndt_scan_matcher]: Mismatch between pose timestamp and current timestamp
[autoware_mrm_handler_node-13] [INFO] [1785816046.181662941] [system.mrm_handler]: MRM State changed: MRM_OPERATING -> NORMAL
[logging_node-14] [WARN] [1785816046.181766344] [logging_diag_graph]: The target mode is not available for the following reasons:
[logging_node-14] - /autoware/modes/autonomous ERROR
[logging_node-14]     - /autoware/planning ERROR
[logging_node-14]         - /autoware/planning/routing/state ERROR
[logging_node-14]         - [anonymous group] ERROR
[logging_node-14]             - /autoware/planning/topic_rate_check/route ERROR
[logging_node-14]             - /autoware/planning/topic_rate_check/trajectory ERROR
[logging_node-14]     - /autoware/control ERROR
[logging_node-14]         - /autoware/control/topic_rate_check/trajectory_follower ERROR
[logging_node-14]         - /autoware/control/topic_rate_check/control_command WARN 
[logging_node-14] 
[autoware_mrm_handler_node-13] [WARN] [1785816046.184058902] [system.mrm_handler]: EMERGENCY_STOP is canceled.
[component_container-7] [INFO] [1785816046.231513836] [system.topic_state_monitor_scenario_planning_trajectory]: /planning/trajectory has not received. Set ERROR in diagnostics.
[component_container_mt-1] [WARN] [1785816046.231680371] [sensing.lidar.concatenate_data]: transformed_raw_points[/sensing/lidar/right/pointcloud_before_sync] is nullptr, skipping pointcloud publish.
[component_container_mt-1] [WARN] [1785816046.231734254] [sensing.lidar.concatenate_data]: transformed_raw_points[/sensing/lidar/left/pointcloud_before_sync] is nullptr, skipping pointcloud publish.
[autoware_ndt_scan_matcher_node-24] [INFO] [1785816046.232750437] [localization.pose_estimator.ndt_scan_matcher]: Mismatch between pose timestamp and current timestamp
[component_container_mt-1] [WARN] [1785816046.331648263] [sensing.lidar.concatenate_data]: transformed_raw_points[/sensing/lidar/right/pointcloud_before_sync] is nullptr, skipping pointcloud publish.
[component_container_mt-1] [WARN] [1785816046.331694235] [sensing.lidar.concatenate_data]: transformed_raw_points[/sensing/lidar/left/pointcloud_before_sync] is nullptr, skipping pointcloud publish.
[autoware_ndt_scan_matcher_node-24] [INFO] [1785816046.332172541] [localization.pose_estimator.ndt_scan_matcher]: Mismatch between pose timestamp and current timestamp
[component_container_mt-1] [WARN] [1785816046.431491123] [sensing.lidar.concatenate_data]: transformed_raw_points[/sensing/lidar/right/pointcloud_before_sync] is nullptr, skipping pointcloud publish.
[component_container_mt-1] [WARN] [1785816046.431553476] [sensing.lidar.concatenate_data]: transformed_raw_points[/sensing/lidar/left/pointcloud_before_sync] is nullptr, skipping pointcloud publish.
[autoware_ndt_scan_matcher_node-24] [INFO] [1785816046.432470231] [localization.pose_estimator.ndt_scan_matcher]: Mismatch between pose timestamp and current timestamp
[component_container_mt-1] [WARN] [1785816046.531506526] [sensing.lidar.concatenate_data]: transformed_raw_points[/sensing/lidar/right/pointcloud_before_sync] is nullptr, skipping pointcloud publish.
[component_container_mt-1] [WARN] [1785816046.531549809] [sensing.lidar.concatenate_data]: transformed_raw_points[/sensing/lidar/left/pointcloud_before_sync] is nullptr, skipping pointcloud publish.
[autoware_ndt_scan_matcher_node-24] [INFO] [1785816046.532100559] [localization.pose_estimator.ndt_scan_matcher]: Mismatch between pose timestamp and current timestamp
[component_container_mt-1] [WARN] [1785816046.631419364] [sensing.lidar.concatenate_data]: transformed_raw_points[/sensing/lidar/right/pointcloud_before_sync] is nullptr, skipping pointcloud publish.
[component_container_mt-1] [WARN] [1785816046.631463993] [sensing.lidar.concatenate_data]: transformed_raw_points[/sensing/lidar/left/pointcloud_before_sync] is nullptr, skipping pointcloud publish.
[autoware_ndt_scan_matcher_node-24] [INFO] [1785816046.631971211] [localization.pose_estimator.ndt_scan_matcher]: Mismatch between pose timestamp and current timestamp
[component_container_mt-1] [WARN] [1785816046.731640373] [sensing.lidar.concatenate_data]: transformed_raw_points[/sensing/lidar/right/pointcloud_before_sync] is nullptr, skipping pointcloud publish.
[component_container_mt-1] [WARN] [1785816046.731684000] [sensing.lidar.concatenate_data]: transformed_raw_points[/sensing/lidar/left/pointcloud_before_sync] is nullptr, skipping pointcloud publish.
[autoware_ndt_scan_matcher_node-24] [INFO] [1785816046.732190183] [localization.pose_estimator.ndt_scan_matcher]: Mismatch between pose timestamp and current timestamp
[component_container_mt-1] [WARN] [1785816046.831606069] [sensing.lidar.concatenate_data]: transformed_raw_points[/sensing/lidar/right/pointcloud_before_sync] is nullptr, skipping pointcloud publish.
[component_container_mt-1] [WARN] [1785816046.831653202] [sensing.lidar.concatenate_data]: transformed_raw_points[/sensing/lidar/left/pointcloud_before_sync] is nullptr, skipping pointcloud publish.
[autoware_ndt_scan_matcher_node-24] [INFO] [1785816046.832270550] [localization.pose_estimator.ndt_scan_matcher]: Mismatch between pose timestamp and current timestamp
[component_container_mt-1] [WARN] [1785816046.932024476] [sensing.lidar.concatenate_data]: transformed_raw_points[/sensing/lidar/right/pointcloud_before_sync] is nullptr, skipping pointcloud publish.
[component_container_mt-1] [WARN] [1785816046.932068556] [sensing.lidar.concatenate_data]: transformed_raw_points[/sensing/lidar/left/pointcloud_before_sync] is nullptr, skipping pointcloud publish.
[autoware_ndt_scan_matcher_node-24] [INFO] [1785816046.932822454] [localization.pose_estimator.ndt_scan_matcher]: Mismatch between pose timestamp and current timestamp
[component_container_mt-1] [WARN] [1785816047.032482932] [sensing.lidar.concatenate_data]: transformed_raw_points[/sensing/lidar/right/pointcloud_before_sync] is nullptr, skipping pointcloud publish.
[component_container_mt-1] [WARN] [1785816047.032526050] [sensing.lidar.concatenate_data]: transformed_raw_points[/sensing/lidar/left/pointcloud_before_sync] is nullptr, skipping pointcloud publish.
[autoware_ndt_scan_matcher_node-24] [INFO] [1785816047.033275225] [localization.pose_estimator.ndt_scan_matcher]: Mismatch between pose timestamp and current timestamp
[autoware_mrm_handler_node-13] [INFO] [1785816047.081804158] [system.mrm_handler]: MRM State changed: NORMAL -> MRM_OPERATING
[autoware_mrm_handler_node-13] [WARN] [1785816047.083213828] [system.mrm_handler]: EMERGENCY_STOP is operated.
[component_container_mt-1] [WARN] [1785816047.131673759] [sensing.lidar.concatenate_data]: transformed_raw_points[/sensing/lidar/right/pointcloud_before_sync] is nullptr, skipping pointcloud publish.
[component_container_mt-1] [WARN] [1785816047.131716593] [sensing.lidar.concatenate_data]: transformed_raw_points[/sensing/lidar/left/pointcloud_before_sync] is nullptr, skipping pointcloud publish.
[component_container_mt-47] [WARN] [1785816047.131901447] [control.vehicle_cmd_gate]: Emergency!
[component_container_mt-48] [INFO] [1785816047.132052982] [control.control_validator]: waiting for /planning/trajectory
[autoware_ndt_scan_matcher_node-24] [INFO] [1785816047.132412123] [localization.pose_estimator.ndt_scan_matcher]: Mismatch between pose timestamp and current timestamp
[autoware_mrm_handler_node-13] [INFO] [1785816047.181345662] [system.mrm_handler]: MRM State changed: MRM_OPERATING -> NORMAL
[autoware_mrm_handler_node-13] [WARN] [1785816047.181720502] [system.mrm_handler]: EMERGENCY_STOP is canceled.
[component_container_mt-1] [WARN] [1785816047.231612799] [sensing.lidar.concatenate_data]: transformed_raw_points[/sensing/lidar/right/pointcloud_before_sync] is nullptr, skipping pointcloud publish.
[component_container_mt-1] [WARN] [1785816047.231658695] [sensing.lidar.concatenate_data]: transformed_raw_points[/sensing/lidar/left/pointcloud_before_sync] is nullptr, skipping pointcloud publish.
[autoware_ndt_scan_matcher_node-24] [INFO] [1785816047.232122786] [localization.pose_estimator.ndt_scan_matcher]: Mismatch between pose timestamp and current timestamp
[component_container_mt-48] [INFO] [1785816047.281272105] [control.trajectory_follower.lane_departure_checker_node]: waiting for route msg...
[autoware_scenario_selector_node-36] [INFO] [1785816047.281438600] [planning.scenario_planning.scenario_selector]: Waiting for route.
[component_container_mt-1] [WARN] [1785816047.331237943] [sensing.lidar.concatenate_data]: transformed_raw_points[/sensing/lidar/right/pointcloud_before_sync] is nullptr, skipping pointcloud publish.
[component_container_mt-1] [WARN] [1785816047.331277052] [sensing.lidar.concatenate_data]: transformed_raw_points[/sensing/lidar/left/pointcloud_before_sync] is nullptr, skipping pointcloud publish.
[autoware_ndt_scan_matcher_node-24] [INFO] [1785816047.331700711] [localization.pose_estimator.ndt_scan_matcher]: Mismatch between pose timestamp and current timestamp
[component_container_mt-1] [WARN] [1785816047.432029709] [sensing.lidar.concatenate_data]: transformed_raw_points[/sensing/lidar/right/pointcloud_before_sync] is nullptr, skipping pointcloud publish.
[component_container_mt-1] [WARN] [1785816047.432071442] [sensing.lidar.concatenate_data]: transformed_raw_points[/sensing/lidar/left/pointcloud_before_sync] is nullptr, skipping pointcloud publish.
[autoware_ndt_scan_matcher_node-24] [INFO] [1785816047.432607910] [localization.pose_estimator.ndt_scan_matcher]: Mismatch between pose timestamp and current timestamp
[component_container_mt-1] [WARN] [1785816047.531982679] [sensing.lidar.concatenate_data]: transformed_raw_points[/sensing/lidar/right/pointcloud_before_sync] is nullptr, skipping pointcloud publish.
[component_container_mt-1] [WARN] [1785816047.532029576] [sensing.lidar.concatenate_data]: transformed_raw_points[/sensing/lidar/left/pointcloud_before_sync] is nullptr, skipping pointcloud publish.
[autoware_ndt_scan_matcher_node-24] [INFO] [1785816047.533181074] [localization.pose_estimator.ndt_scan_matcher]: Mismatch between pose timestamp and current timestamp
[component_container_mt-1] [WARN] [1785816047.631590158] [sensing.lidar.concatenate_data]: transformed_raw_points[/sensing/lidar/right/pointcloud_before_sync] is nullptr, skipping pointcloud publish.
[component_container_mt-1] [WARN] [1785816047.631632469] [sensing.lidar.concatenate_data]: transformed_raw_points[/sensing/lidar/left/pointcloud_before_sync] is nullptr, skipping pointcloud publish.
[autoware_ndt_scan_matcher_node-24] [INFO] [1785816047.632910422] [localization.pose_estimator.ndt_scan_matcher]: Mismatch between pose timestamp and current timestamp
[component_container_mt-1] [WARN] [1785816047.731499949] [sensing.lidar.concatenate_data]: transformed_raw_points[/sensing/lidar/right/pointcloud_before_sync] is nullptr, skipping pointcloud publish.
[component_container_mt-1] [WARN] [1785816047.731549042] [sensing.lidar.concatenate_data]: transformed_raw_points[/sensing/lidar/left/pointcloud_before_sync] is nullptr, skipping pointcloud publish.
[autoware_ndt_scan_matcher_node-24] [INFO] [1785816047.732272526] [localization.pose_estimator.ndt_scan_matcher]: Mismatch between pose timestamp and current timestamp
[component_container-7] [WARN] [1785816047.782417294] [system.topic_state_monitor_control_command_control_cmd]: /control/command/control_cmd topic rate has dropped to the warning level. Set WARN in diagnostics.
[component_container_mt-1] [WARN] [1785816047.831641531] [sensing.lidar.concatenate_data]: transformed_raw_points[/sensing/lidar/right/pointcloud_before_sync] is nullptr, skipping pointcloud publish.
[autoware_ndt_scan_matcher_node-24] [INFO] [1785816047.832198693] [localization.pose_estimator.ndt_scan_matcher]: Mismatch between pose timestamp and current timestamp
[component_container_mt-1] [WARN] [1785816047.832774376] [sensing.lidar.concatenate_data]: transformed_raw_points[/sensing/lidar/left/pointcloud_before_sync] is nullptr, skipping pointcloud publish.
[component_container_mt-1] [WARN] [1785816047.932079773] [sensing.lidar.concatenate_data]: transformed_raw_points[/sensing/lidar/right/pointcloud_before_sync] is nullptr, skipping pointcloud publish.
[component_container_mt-1] [WARN] [1785816047.932125925] [sensing.lidar.concatenate_data]: transformed_raw_points[/sensing/lidar/left/pointcloud_before_sync] is nullptr, skipping pointcloud publish.
[autoware_ndt_scan_matcher_node-24] [INFO] [1785816047.932818663] [localization.pose_estimator.ndt_scan_matcher]: Mismatch between pose timestamp and current timestamp
[component_container_mt-1] [WARN] [1785816048.031730876] [sensing.lidar.concatenate_data]: transformed_raw_points[/sensing/lidar/right/pointcloud_before_sync] is nullptr, skipping pointcloud publish.
[component_container_mt-1] [WARN] [1785816048.031783086] [sensing.lidar.concatenate_data]: transformed_raw_points[/sensing/lidar/left/pointcloud_before_sync] is nullptr, skipping pointcloud publish.
[autoware_ndt_scan_matcher_node-24] [INFO] [1785816048.033876443] [localization.pose_estimator.ndt_scan_matcher]: Mismatch between pose timestamp and current timestamp
[autoware_mrm_handler_node-13] [INFO] [1785816048.082370029] [system.mrm_handler]: MRM State changed: NORMAL -> MRM_OPERATING
[autoware_mrm_handler_node-13] [WARN] [1785816048.082557003] [system.mrm_handler]: EMERGENCY_STOP is operated.
[component_container_mt-47] [WARN] [1785816048.131619289] [control.vehicle_cmd_gate]: Emergency!
[component_container_mt-1] [WARN] [1785816048.131738165] [sensing.lidar.concatenate_data]: transformed_raw_points[/sensing/lidar/right/pointcloud_before_sync] is nullptr, skipping pointcloud publish.
[component_container_mt-1] [WARN] [1785816048.131776245] [sensing.lidar.concatenate_data]: transformed_raw_points[/sensing/lidar/left/pointcloud_before_sync] is nullptr, skipping pointcloud publish.
[autoware_ndt_scan_matcher_node-24] [INFO] [1785816048.132404446] [localization.pose_estimator.ndt_scan_matcher]: Mismatch between pose timestamp and current timestamp
[autoware_mrm_handler_node-13] [INFO] [1785816048.182573607] [system.mrm_handler]: MRM State changed: MRM_OPERATING -> NORMAL
[autoware_mrm_handler_node-13] [WARN] [1785816048.182731847] [system.mrm_handler]: EMERGENCY_STOP is canceled.
[component_container_mt-1] [WARN] [1785816048.231956606] [sensing.lidar.concatenate_data]: transformed_raw_points[/sensing/lidar/right/pointcloud_before_sync] is nullptr, skipping pointcloud publish.
[component_container_mt-1] [WARN] [1785816048.231998510] [sensing.lidar.concatenate_data]: transformed_raw_points[/sensing/lidar/left/pointcloud_before_sync] is nullptr, skipping pointcloud publish.
[autoware_ndt_scan_matcher_node-24] [INFO] [1785816048.232964177] [localization.pose_estimator.ndt_scan_matcher]: Mismatch between pose timestamp and current timestamp
[component_container_mt-1] [WARN] [1785816048.331737513] [sensing.lidar.concatenate_data]: transformed_raw_points[/sensing/lidar/right/pointcloud_before_sync] is nullptr, skipping pointcloud publish.
[autoware_ndt_scan_matcher_node-24] [INFO] [1785816048.332319509] [localization.pose_estimator.ndt_scan_matcher]: Mismatch between pose timestamp and current timestamp
[component_container_mt-1] [WARN] [1785816048.332865626] [sensing.lidar.concatenate_data]: transformed_raw_points[/sensing/lidar/left/pointcloud_before_sync] is nullptr, skipping pointcloud publish.
[component_container_mt-1] [WARN] [1785816048.431396804] [sensing.lidar.concatenate_data]: transformed_raw_points[/sensing/lidar/right/pointcloud_before_sync] is nullptr, skipping pointcloud publish.
[component_container_mt-1] [WARN] [1785816048.431441311] [sensing.lidar.concatenate_data]: transformed_raw_points[/sensing/lidar/left/pointcloud_before_sync] is nullptr, skipping pointcloud publish.
[autoware_ndt_scan_matcher_node-24] [INFO] [1785816048.432677360] [localization.pose_estimator.ndt_scan_matcher]: Mismatch between pose timestamp and current timestamp
[component_container_mt-1] [WARN] [1785816048.531933574] [sensing.lidar.concatenate_data]: transformed_raw_points[/sensing/lidar/right/pointcloud_before_sync] is nullptr, skipping pointcloud publish.
[component_container_mt-1] [WARN] [1785816048.531977299] [sensing.lidar.concatenate_data]: transformed_raw_points[/sensing/lidar/left/pointcloud_before_sync] is nullptr, skipping pointcloud publish.
[autoware_ndt_scan_matcher_node-24] [INFO] [1785816048.533676990] [localization.pose_estimator.ndt_scan_matcher]: Mismatch between pose timestamp and current timestamp
[component_container_mt-1] [WARN] [1785816048.632341826] [sensing.lidar.concatenate_data]: transformed_raw_points[/sensing/lidar/right/pointcloud_before_sync] is nullptr, skipping pointcloud publish.
[component_container_mt-1] [WARN] [1785816048.632381174] [sensing.lidar.concatenate_data]: transformed_raw_points[/sensing/lidar/left/pointcloud_before_sync] is nullptr, skipping pointcloud publish.
[autoware_ndt_scan_matcher_node-24] [INFO] [1785816048.632858750] [localization.pose_estimator.ndt_scan_matcher]: Mismatch between pose timestamp and current timestamp
[component_container_mt-1] [WARN] [1785816048.731804041] [sensing.lidar.concatenate_data]: transformed_raw_points[/sensing/lidar/right/pointcloud_before_sync] is nullptr, skipping pointcloud publish.
[component_container_mt-1] [WARN] [1785816048.731851868] [sensing.lidar.concatenate_data]: transformed_raw_points[/sensing/lidar/left/pointcloud_before_sync] is nullptr, skipping pointcloud publish.
[autoware_ndt_scan_matcher_node-24] [INFO] [1785816048.732565430] [localization.pose_estimator.ndt_scan_matcher]: Mismatch between pose timestamp and current timestamp
[component_container_mt-1] [WARN] [1785816048.831863052] [sensing.lidar.concatenate_data]: transformed_raw_points[/sensing/lidar/right/pointcloud_before_sync] is nullptr, skipping pointcloud publish.
[component_container_mt-1] [WARN] [1785816048.831912782] [sensing.lidar.concatenate_data]: transformed_raw_points[/sensing/lidar/left/pointcloud_before_sync] is nullptr, skipping pointcloud publish.
[autoware_ndt_scan_matcher_node-24] [INFO] [1785816048.833107908] [localization.pose_estimator.ndt_scan_matcher]: Mismatch between pose timestamp and current timestamp
[component_container_mt-1] [WARN] [1785816048.931877994] [sensing.lidar.concatenate_data]: transformed_raw_points[/sensing/lidar/right/pointcloud_before_sync] is nullptr, skipping pointcloud publish.
[component_container_mt-1] [WARN] [1785816048.931926107] [sensing.lidar.concatenate_data]: transformed_raw_points[/sensing/lidar/left/pointcloud_before_sync] is nullptr, skipping pointcloud publish.
[autoware_ndt_scan_matcher_node-24] [INFO] [1785816048.932354806] [localization.pose_estimator.ndt_scan_matcher]: Mismatch between pose timestamp and current timestamp
[component_container_mt-1] [WARN] [1785816049.032282175] [sensing.lidar.concatenate_data]: transformed_raw_points[/sensing/lidar/right/pointcloud_before_sync] is nullptr, skipping pointcloud publish.
[component_container_mt-1] [WARN] [1785816049.032330003] [sensing.lidar.concatenate_data]: transformed_raw_points[/sensing/lidar/left/pointcloud_before_sync] is nullptr, skipping pointcloud publish.
[autoware_ndt_scan_matcher_node-24] [INFO] [1785816049.032785401] [localization.pose_estimator.ndt_scan_matcher]: Mismatch between pose timestamp and current timestamp
[autoware_mrm_handler_node-13] [INFO] [1785816049.081514581] [system.mrm_handler]: MRM State changed: NORMAL -> MRM_OPERATING
[autoware_mrm_handler_node-13] [WARN] [1785816049.081708559] [system.mrm_handler]: EMERGENCY_STOP is operated.
[component_container_mt-1] [WARN] [1785816049.131544266] [sensing.lidar.concatenate_data]: transformed_raw_points[/sensing/lidar/right/pointcloud_before_sync] is nullptr, skipping pointcloud publish.
[component_container_mt-1] [WARN] [1785816049.131589034] [sensing.lidar.concatenate_data]: transformed_raw_points[/sensing/lidar/left/pointcloud_before_sync] is nullptr, skipping pointcloud publish.
[component_container_mt-47] [WARN] [1785816049.131567543] [control.vehicle_cmd_gate]: Emergency!
[autoware_ndt_scan_matcher_node-24] [INFO] [1785816049.132084338] [localization.pose_estimator.ndt_scan_matcher]: Mismatch between pose timestamp and current timestamp
[logging_node-14] [WARN] [1785816049.181775235] [logging_diag_graph]: The target mode is not available for the following reasons:
[logging_node-14] - /autoware/modes/autonomous ERROR
[logging_node-14]     - /autoware/planning ERROR
[logging_node-14]         - /autoware/planning/routing/state ERROR
[logging_node-14]         - [anonymous group] ERROR
[logging_node-14]             - /autoware/planning/topic_rate_check/route ERROR
[logging_node-14]             - /autoware/planning/topic_rate_check/trajectory ERROR
[logging_node-14]     - /autoware/control ERROR
[logging_node-14]         - /autoware/control/topic_rate_check/trajectory_follower ERROR
[logging_node-14]         - /autoware/control/topic_rate_check/control_command WARN 
[logging_node-14] 
[autoware_mrm_handler_node-13] [INFO] [1785816049.182590974] [system.mrm_handler]: MRM State changed: MRM_OPERATING -> NORMAL
[autoware_mrm_handler_node-13] [WARN] [1785816049.182718423] [system.mrm_handler]: EMERGENCY_STOP is canceled.
[component_container_mt-1] [WARN] [1785816049.231179597] [sensing.lidar.concatenate_data]: transformed_raw_points[/sensing/lidar/right/pointcloud_before_sync] is nullptr, skipping pointcloud publish.
[component_container_mt-1] [WARN] [1785816049.231224357] [sensing.lidar.concatenate_data]: transformed_raw_points[/sensing/lidar/left/pointcloud_before_sync] is nullptr, skipping pointcloud publish.
[component_container-7] [INFO] [1785816049.231407705] [system.topic_state_monitor_scenario_planning_trajectory]: /planning/trajectory has not received. Set ERROR in diagnostics.
[autoware_ndt_scan_matcher_node-24] [INFO] [1785816049.231737883] [localization.pose_estimator.ndt_scan_matcher]: Mismatch between pose timestamp and current timestamp
[component_container_mt-1] [WARN] [1785816049.331485730] [sensing.lidar.concatenate_data]: transformed_raw_points[/sensing/lidar/right/pointcloud_before_sync] is nullptr, skipping pointcloud publish.
[component_container_mt-1] [WARN] [1785816049.331530870] [sensing.lidar.concatenate_data]: transformed_raw_points[/sensing/lidar/left/pointcloud_before_sync] is nullptr, skipping pointcloud publish.
[autoware_ndt_scan_matcher_node-24] [INFO] [1785816049.332189273] [localization.pose_estimator.ndt_scan_matcher]: Mismatch between pose timestamp and current timestamp
[component_container_mt-1] [WARN] [1785816049.431564732] [sensing.lidar.concatenate_data]: transformed_raw_points[/sensing/lidar/right/pointcloud_before_sync] is nullptr, skipping pointcloud publish.
[component_container_mt-1] [WARN] [1785816049.432394044] [sensing.lidar.concatenate_data]: transformed_raw_points[/sensing/lidar/left/pointcloud_before_sync] is nullptr, skipping pointcloud publish.
[autoware_ndt_scan_matcher_node-24] [INFO] [1785816049.432887762] [localization.pose_estimator.ndt_scan_matcher]: Mismatch between pose timestamp and current timestamp
[component_container_mt-1] [WARN] [1785816049.531696341] [sensing.lidar.concatenate_data]: transformed_raw_points[/sensing/lidar/right/pointcloud_before_sync] is nullptr, skipping pointcloud publish.
[component_container_mt-1] [WARN] [1785816049.531740667] [sensing.lidar.concatenate_data]: transformed_raw_points[/sensing/lidar/left/pointcloud_before_sync] is nullptr, skipping pointcloud publish.
[autoware_ndt_scan_matcher_node-24] [INFO] [1785816049.532261032] [localization.pose_estimator.ndt_scan_matcher]: Mismatch between pose timestamp and current timestamp
[component_container_mt-1] [WARN] [1785816049.632316409] [sensing.lidar.concatenate_data]: transformed_raw_points[/sensing/lidar/right/pointcloud_before_sync] is nullptr, skipping pointcloud publish.
[component_container_mt-1] [WARN] [1785816049.632359843] [sensing.lidar.concatenate_data]: transformed_raw_points[/sensing/lidar/left/pointcloud_before_sync] is nullptr, skipping pointcloud publish.
[autoware_ndt_scan_matcher_node-24] [INFO] [1785816049.632932589] [localization.pose_estimator.ndt_scan_matcher]: Mismatch between pose timestamp and current timestamp
[component_container_mt-47] [INFO] [1785816049.682035620] [control.trajectory_follower.controller_node_exe]: Waiting for trajectory data
[component_container_mt-47] [INFO] [1785816049.682115397] [control.trajectory_follower.controller_node_exe]: Control is skipped since input data is not ready.
[component_container_mt-1] [WARN] [1785816049.731485062] [sensing.lidar.concatenate_data]: transformed_raw_points[/sensing/lidar/right/pointcloud_before_sync] is nullptr, skipping pointcloud publish.
[component_container_mt-1] [WARN] [1785816049.731536614] [sensing.lidar.concatenate_data]: transformed_raw_points[/sensing/lidar/left/pointcloud_before_sync] is nullptr, skipping pointcloud publish.
[autoware_ndt_scan_matcher_node-24] [INFO] [1785816049.732369971] [localization.pose_estimator.ndt_scan_matcher]: Mismatch between pose timestamp and current timestamp
[component_container_mt-1] [WARN] [1785816049.831806199] [sensing.lidar.concatenate_data]: transformed_raw_points[/sensing/lidar/right/pointcloud_before_sync] is nullptr, skipping pointcloud publish.
[component_container_mt-1] [WARN] [1785816049.831852717] [sensing.lidar.concatenate_data]: transformed_raw_points[/sensing/lidar/left/pointcloud_before_sync] is nullptr, skipping pointcloud publish.
[autoware_ndt_scan_matcher_node-24] [INFO] [1785816049.832517175] [localization.pose_estimator.ndt_scan_matcher]: Mismatch between pose timestamp and current timestamp
[component_container_mt-1] [WARN] [1785816049.931907989] [sensing.lidar.concatenate_data]: transformed_raw_points[/sensing/lidar/right/pointcloud_before_sync] is nullptr, skipping pointcloud publish.
[component_container_mt-1] [WARN] [1785816049.931953271] [sensing.lidar.concatenate_data]: transformed_raw_points[/sensing/lidar/left/pointcloud_before_sync] is nullptr, skipping pointcloud publish.
[autoware_ndt_scan_matcher_node-24] [INFO] [1785816049.932668053] [localization.pose_estimator.ndt_scan_matcher]: Mismatch between pose timestamp and current timestamp
[component_container_mt-1] [WARN] [1785816050.031703976] [sensing.lidar.concatenate_data]: transformed_raw_points[/sensing/lidar/right/pointcloud_before_sync] is nullptr, skipping pointcloud publish.
[component_container_mt-1] [WARN] [1785816050.031758104] [sensing.lidar.concatenate_data]: transformed_raw_points[/sensing/lidar/left/pointcloud_before_sync] is nullptr, skipping pointcloud publish.
[component_container_mt-40] [INFO] [1785816050.031851498] [planning.scenario_planning.lane_driving.behavior_planning.behavior_path_planner]: waiting for scenario_topic
[autoware_ndt_scan_matcher_node-24] [INFO] [1785816050.032213868] [localization.pose_estimator.ndt_scan_matcher]: Mismatch between pose timestamp and current timestamp
[autoware_mrm_handler_node-13] [INFO] [1785816050.081459351] [system.mrm_handler]: MRM State changed: NORMAL -> MRM_OPERATING
[autoware_mrm_handler_node-13] [WARN] [1785816050.081987357] [system.mrm_handler]: EMERGENCY_STOP is operated.
[component_container_mt-1] [WARN] [1785816050.131445819] [sensing.lidar.concatenate_data]: transformed_raw_points[/sensing/lidar/right/pointcloud_before_sync] is nullptr, skipping pointcloud publish.
[component_container_mt-1] [WARN] [1785816050.131492198] [sensing.lidar.concatenate_data]: transformed_raw_points[/sensing/lidar/left/pointcloud_before_sync] is nullptr, skipping pointcloud publish.
[component_container_mt-47] [WARN] [1785816050.131589814] [control.vehicle_cmd_gate]: Emergency!
[autoware_ndt_scan_matcher_node-24] [INFO] [1785816050.132237792] [localization.pose_estimator.ndt_scan_matcher]: Mismatch between pose timestamp and current timestamp
[component_container-18] [WARN] [1785816050.137393654] [sensing.lidar.top.crop_box_filter_self]: Invalid PointCloud: is_dense is false. The point cloud should be organized (dense) and contain only valid points. This will be an ERROR starting in 2026 JulyFrame: 'velodyne_top', Stamp: 55.172813062
[autoware_mrm_handler_node-13] [INFO] [1785816050.181673065] [system.mrm_handler]: MRM State changed: MRM_OPERATING -> NORMAL
[autoware_mrm_handler_node-13] [WARN] [1785816050.181841609] [system.mrm_handler]: EMERGENCY_STOP is canceled.
[component_container_mt-1] [WARN] [1785816050.231524348] [sensing.lidar.concatenate_data]: transformed_raw_points[/sensing/lidar/right/pointcloud_before_sync] is nullptr, skipping pointcloud publish.
[component_container_mt-1] [WARN] [1785816050.231563224] [sensing.lidar.concatenate_data]: transformed_raw_points[/sensing/lidar/left/pointcloud_before_sync] is nullptr, skipping pointcloud publish.
[autoware_ndt_scan_matcher_node-24] [INFO] [1785816050.231990043] [localization.pose_estimator.ndt_scan_matcher]: Mismatch between pose timestamp and current timestamp
[component_container_mt-1] [WARN] [1785816050.331316317] [sensing.lidar.concatenate_data]: transformed_raw_points[/sensing/lidar/right/pointcloud_before_sync] is nullptr, skipping pointcloud publish.
[component_container_mt-1] [WARN] [1785816050.331364629] [sensing.lidar.concatenate_data]: transformed_raw_points[/sensing/lidar/left/pointcloud_before_sync] is nullptr, skipping pointcloud publish.
[autoware_ndt_scan_matcher_node-24] [INFO] [1785816050.332050374] [localization.pose_estimator.ndt_scan_matcher]: Mismatch between pose timestamp and current timestamp
[component_container_mt-1] [WARN] [1785816050.431471945] [sensing.lidar.concatenate_data]: transformed_raw_points[/sensing/lidar/right/pointcloud_before_sync] is nullptr, skipping pointcloud publish.
[component_container_mt-1] [WARN] [1785816050.431515952] [sensing.lidar.concatenate_data]: transformed_raw_points[/sensing/lidar/left/pointcloud_before_sync] is nullptr, skipping pointcloud publish.
[autoware_ndt_scan_matcher_node-24] [INFO] [1785816050.432150006] [localization.pose_estimator.ndt_scan_matcher]: Mismatch between pose timestamp and current timestamp
[component_container_mt-48] [INFO] [1785816050.531689622] [control.autonomous_emergency_braking]: [AEB] waiting for control predicted trajectory
[component_container_mt-1] [WARN] [1785816050.531684074] [sensing.lidar.concatenate_data]: transformed_raw_points[/sensing/lidar/right/pointcloud_before_sync] is nullptr, skipping pointcloud publish.
[component_container_mt-1] [WARN] [1785816050.531728750] [sensing.lidar.concatenate_data]: transformed_raw_points[/sensing/lidar/left/pointcloud_before_sync] is nullptr, skipping pointcloud publish.
[autoware_ndt_scan_matcher_node-24] [INFO] [1785816050.532526796] [localization.pose_estimator.ndt_scan_matcher]: Mismatch between pose timestamp and current timestamp
[component_container_mt-1] [WARN] [1785816050.540132700] [localization.util.crop_box_filter_measurement_range]: Invalid PointCloud: row_step mismatch. Expected: 100144 (width 6259 * point_step 16), Got: 0. Frame: 'base_link', Stamp: 55.572813068 Please fill in the `cloud->row_step` field accordingly. This will be an ERROR starting in 2026 July
[component_container_mt-1] [WARN] [1785816050.631877813] [sensing.lidar.concatenate_data]: transformed_raw_points[/sensing/lidar/right/pointcloud_before_sync] is nullptr, skipping pointcloud publish.
[component_container_mt-1] [WARN] [1785816050.631920483] [sensing.lidar.concatenate_data]: transformed_raw_points[/sensing/lidar/left/pointcloud_before_sync] is nullptr, skipping pointcloud publish.
[autoware_ndt_scan_matcher_node-24] [INFO] [1785816050.632573133] [localization.pose_estimator.ndt_scan_matcher]: Mismatch between pose timestamp and current timestamp
[component_container_mt-1] [WARN] [1785816050.731390282] [sensing.lidar.concatenate_data]: transformed_raw_points[/sensing/lidar/right/pointcloud_before_sync] is nullptr, skipping pointcloud publish.
[component_container_mt-1] [WARN] [1785816050.731437265] [sensing.lidar.concatenate_data]: transformed_raw_points[/sensing/lidar/left/pointcloud_before_sync] is nullptr, skipping pointcloud publish.
[autoware_ndt_scan_matcher_node-24] [INFO] [1785816050.732053435] [localization.pose_estimator.ndt_scan_matcher]: Mismatch between pose timestamp and current timestamp
[component_container-7] [WARN] [1785816050.781389057] [system.topic_state_monitor_control_command_control_cmd]: /control/command/control_cmd topic rate has dropped to the warning level. Set WARN in diagnostics.
[component_container_mt-1] [WARN] [1785816050.831726523] [sensing.lidar.concatenate_data]: transformed_raw_points[/sensing/lidar/right/pointcloud_before_sync] is nullptr, skipping pointcloud publish.
[component_container_mt-1] [WARN] [1785816050.831768539] [sensing.lidar.concatenate_data]: transformed_raw_points[/sensing/lidar/left/pointcloud_before_sync] is nullptr, skipping pointcloud publish.
[autoware_ndt_scan_matcher_node-24] [INFO] [1785816050.832380346] [localization.pose_estimator.ndt_scan_matcher]: Mismatch between pose timestamp and current timestamp
[component_container_mt-47] [INFO] [1785816050.881978035] [control.vehicle_cmd_gate]: The operation mode is changed, but the GearCommand is not received yet:
[component_container_mt-1] [WARN] [1785816050.931513596] [sensing.lidar.concatenate_data]: transformed_raw_points[/sensing/lidar/right/pointcloud_before_sync] is nullptr, skipping pointcloud publish.
[component_container_mt-1] [WARN] [1785816050.931559996] [sensing.lidar.concatenate_data]: transformed_raw_points[/sensing/lidar/left/pointcloud_before_sync] is nullptr, skipping pointcloud publish.
[autoware_ndt_scan_matcher_node-24] [INFO] [1785816050.932179744] [localization.pose_estimator.ndt_scan_matcher]: Mismatch between pose timestamp and current timestamp
[component_container-18] [WARN] [1785816050.938045840] [sensing.lidar.top.distortion_corrector_node]: Twist time_stamp is too late. Could not interpolate.
[component_container-18] [WARN] [1785816050.938073483] [sensing.lidar.top.distortion_corrector_node]: IMU time_stamp is too late. Could not interpolate.
[component_container_mt-1] [WARN] [1785816051.031899042] [sensing.lidar.concatenate_data]: transformed_raw_points[/sensing/lidar/right/pointcloud_before_sync] is nullptr, skipping pointcloud publish.
[component_container_mt-1] [WARN] [1785816051.031948402] [sensing.lidar.concatenate_data]: transformed_raw_points[/sensing/lidar/left/pointcloud_before_sync] is nullptr, skipping pointcloud publish.
[autoware_ndt_scan_matcher_node-24] [INFO] [1785816051.032458626] [localization.pose_estimator.ndt_scan_matcher]: Mismatch between pose timestamp and current timestamp
[autoware_mrm_handler_node-13] [INFO] [1785816051.081779920] [system.mrm_handler]: MRM State changed: NORMAL -> MRM_OPERATING
[autoware_mrm_handler_node-13] [WARN] [1785816051.082204478] [system.mrm_handler]: EMERGENCY_STOP is operated.
[component_container_mt-1] [WARN] [1785816051.131568255] [sensing.lidar.concatenate_data]: transformed_raw_points[/sensing/lidar/right/pointcloud_before_sync] is nullptr, skipping pointcloud publish.
[component_container_mt-1] [WARN] [1785816051.131662332] [sensing.lidar.concatenate_data]: transformed_raw_points[/sensing/lidar/left/pointcloud_before_sync] is nullptr, skipping pointcloud publish.
[component_container_mt-47] [WARN] [1785816051.131961788] [control.vehicle_cmd_gate]: Emergency!
[autoware_ndt_scan_matcher_node-24] [INFO] [1785816051.132957409] [localization.pose_estimator.ndt_scan_matcher]: Mismatch between pose timestamp and current timestamp
[autoware_mrm_handler_node-13] [INFO] [1785816051.181732627] [system.mrm_handler]: MRM State changed: MRM_OPERATING -> NORMAL
[autoware_mrm_handler_node-13] [WARN] [1785816051.181943099] [system.mrm_handler]: EMERGENCY_STOP is canceled.
[component_container_mt-1] [WARN] [1785816051.231421364] [sensing.lidar.concatenate_data]: transformed_raw_points[/sensing/lidar/right/pointcloud_before_sync] is nullptr, skipping pointcloud publish.
[component_container_mt-1] [WARN] [1785816051.231483610] [sensing.lidar.concatenate_data]: transformed_raw_points[/sensing/lidar/left/pointcloud_before_sync] is nullptr, skipping pointcloud publish.
[autoware_ndt_scan_matcher_node-24] [INFO] [1785816051.232417533] [localization.pose_estimator.ndt_scan_matcher]: Mismatch between pose timestamp and current timestamp
[component_container_mt-1] [WARN] [1785816051.331805524] [sensing.lidar.concatenate_data]: transformed_raw_points[/sensing/lidar/right/pointcloud_before_sync] is nullptr, skipping pointcloud publish.
[component_container_mt-1] [WARN] [1785816051.331841924] [sensing.lidar.concatenate_data]: transformed_raw_points[/sensing/lidar/left/pointcloud_before_sync] is nullptr, skipping pointcloud publish.
[autoware_ndt_scan_matcher_node-24] [INFO] [1785816051.332752257] [localization.pose_estimator.ndt_scan_matcher]: Mismatch between pose timestamp and current timestamp
[component_container_mt-1] [WARN] [1785816051.431829202] [sensing.lidar.concatenate_data]: transformed_raw_points[/sensing/lidar/right/pointcloud_before_sync] is nullptr, skipping pointcloud publish.
[component_container_mt-1] [WARN] [1785816051.431876996] [sensing.lidar.concatenate_data]: transformed_raw_points[/sensing/lidar/left/pointcloud_before_sync] is nullptr, skipping pointcloud publish.
[autoware_ndt_scan_matcher_node-24] [INFO] [1785816051.432468429] [localization.pose_estimator.ndt_scan_matcher]: Mismatch between pose timestamp and current timestamp
[component_container_mt-1] [WARN] [1785816051.531581893] [sensing.lidar.concatenate_data]: transformed_raw_points[/sensing/lidar/right/pointcloud_before_sync] is nullptr, skipping pointcloud publish.
[component_container_mt-1] [WARN] [1785816051.531626014] [sensing.lidar.concatenate_data]: transformed_raw_points[/sensing/lidar/left/pointcloud_before_sync] is nullptr, skipping pointcloud publish.
[autoware_ndt_scan_matcher_node-24] [INFO] [1785816051.532346628] [localization.pose_estimator.ndt_scan_matcher]: Mismatch between pose timestamp and current timestamp
[component_container_mt-1] [WARN] [1785816051.631800666] [sensing.lidar.concatenate_data]: transformed_raw_points[/sensing/lidar/right/pointcloud_before_sync] is nullptr, skipping pointcloud publish.
[component_container_mt-1] [WARN] [1785816051.631846177] [sensing.lidar.concatenate_data]: transformed_raw_points[/sensing/lidar/left/pointcloud_before_sync] is nullptr, skipping pointcloud publish.
[autoware_ndt_scan_matcher_node-24] [INFO] [1785816051.632364127] [localization.pose_estimator.ndt_scan_matcher]: Mismatch between pose timestamp and current timestamp
[component_container_mt-1] [WARN] [1785816051.732229151] [sensing.lidar.concatenate_data]: transformed_raw_points[/sensing/lidar/right/pointcloud_before_sync] is nullptr, skipping pointcloud publish.
[component_container_mt-1] [WARN] [1785816051.732277067] [sensing.lidar.concatenate_data]: transformed_raw_points[/sensing/lidar/left/pointcloud_before_sync] is nullptr, skipping pointcloud publish.
[autoware_ndt_scan_matcher_node-24] [INFO] [1785816051.733415316] [localization.pose_estimator.ndt_scan_matcher]: Mismatch between pose timestamp and current timestamp
[component_container_mt-1] [WARN] [1785816051.831895871] [sensing.lidar.concatenate_data]: transformed_raw_points[/sensing/lidar/right/pointcloud_before_sync] is nullptr, skipping pointcloud publish.
[component_container_mt-1] [WARN] [1785816051.831939414] [sensing.lidar.concatenate_data]: transformed_raw_points[/sensing/lidar/left/pointcloud_before_sync] is nullptr, skipping pointcloud publish.
[autoware_ndt_scan_matcher_node-24] [INFO] [1785816051.832455759] [localization.pose_estimator.ndt_scan_matcher]: Mismatch between pose timestamp and current timestamp
[component_container_mt-1] [WARN] [1785816051.932568197] [sensing.lidar.concatenate_data]: transformed_raw_points[/sensing/lidar/right/pointcloud_before_sync] is nullptr, skipping pointcloud publish.
[component_container_mt-1] [WARN] [1785816051.932606882] [sensing.lidar.concatenate_data]: transformed_raw_points[/sensing/lidar/left/pointcloud_before_sync] is nullptr, skipping pointcloud publish.
[autoware_ndt_scan_matcher_node-24] [INFO] [1785816051.933006248] [localization.pose_estimator.ndt_scan_matcher]: Mismatch between pose timestamp and current timestamp
[component_container_mt-1] [WARN] [1785816052.031933342] [sensing.lidar.concatenate_data]: transformed_raw_points[/sensing/lidar/right/pointcloud_before_sync] is nullptr, skipping pointcloud publish.
[component_container_mt-1] [WARN] [1785816052.031979505] [sensing.lidar.concatenate_data]: transformed_raw_points[/sensing/lidar/left/pointcloud_before_sync] is nullptr, skipping pointcloud publish.
[autoware_ndt_scan_matcher_node-24] [INFO] [1785816052.032502283] [localization.pose_estimator.ndt_scan_matcher]: Mismatch between pose timestamp and current timestamp
[autoware_mrm_handler_node-13] [INFO] [1785816052.081536851] [system.mrm_handler]: MRM State changed: NORMAL -> MRM_OPERATING
[autoware_mrm_handler_node-13] [WARN] [1785816052.082007504] [system.mrm_handler]: EMERGENCY_STOP is operated.
[component_container_mt-47] [WARN] [1785816052.131366141] [control.vehicle_cmd_gate]: Emergency!
[component_container_mt-1] [WARN] [1785816052.131512373] [sensing.lidar.concatenate_data]: transformed_raw_points[/sensing/lidar/right/pointcloud_before_sync] is nullptr, skipping pointcloud publish.
[component_container_mt-1] [WARN] [1785816052.131551562] [sensing.lidar.concatenate_data]: transformed_raw_points[/sensing/lidar/left/pointcloud_before_sync] is nullptr, skipping pointcloud publish.
[component_container_mt-48] [INFO] [1785816052.131523314] [control.control_validator]: waiting for /planning/trajectory
[autoware_ndt_scan_matcher_node-24] [INFO] [1785816052.131993398] [localization.pose_estimator.ndt_scan_matcher]: Mismatch between pose timestamp and current timestamp
[autoware_mrm_handler_node-13] [INFO] [1785816052.181628942] [system.mrm_handler]: MRM State changed: MRM_OPERATING -> NORMAL
[logging_node-14] [WARN] [1785816052.181904586] [logging_diag_graph]: The target mode is not available for the following reasons:
[logging_node-14] - /autoware/modes/autonomous ERROR
[logging_node-14]     - /autoware/planning ERROR
[logging_node-14]         - /autoware/planning/routing/state ERROR
[logging_node-14]         - [anonymous group] ERROR
[logging_node-14]             - /autoware/planning/topic_rate_check/route ERROR
[logging_node-14]             - /autoware/planning/topic_rate_check/trajectory ERROR
[logging_node-14]     - /autoware/control ERROR
[logging_node-14]         - /autoware/control/topic_rate_check/trajectory_follower ERROR
[logging_node-14]         - /autoware/control/topic_rate_check/control_command WARN 
[logging_node-14] 
[autoware_mrm_handler_node-13] [WARN] [1785816052.182414235] [system.mrm_handler]: EMERGENCY_STOP is canceled.
[component_container-7] [INFO] [1785816052.231355551] [system.topic_state_monitor_scenario_planning_trajectory]: /planning/trajectory has not received. Set ERROR in diagnostics.
[component_container_mt-1] [WARN] [1785816052.231574857] [sensing.lidar.concatenate_data]: transformed_raw_points[/sensing/lidar/right/pointcloud_before_sync] is nullptr, skipping pointcloud publish.
[component_container_mt-1] [WARN] [1785816052.231610620] [sensing.lidar.concatenate_data]: transformed_raw_points[/sensing/lidar/left/pointcloud_before_sync] is nullptr, skipping pointcloud publish.
[autoware_ndt_scan_matcher_node-24] [INFO] [1785816052.232794221] [localization.pose_estimator.ndt_scan_matcher]: Mismatch between pose timestamp and current timestamp
[component_container_mt-48] [INFO] [1785816052.281585617] [control.trajectory_follower.lane_departure_checker_node]: waiting for route msg...
[autoware_scenario_selector_node-36] [INFO] [1785816052.281584739] [planning.scenario_planning.scenario_selector]: Waiting for route.
[component_container_mt-1] [WARN] [1785816052.332017976] [sensing.lidar.concatenate_data]: transformed_raw_points[/sensing/lidar/right/pointcloud_before_sync] is nullptr, skipping pointcloud publish.
[component_container_mt-1] [WARN] [1785816052.332059274] [sensing.lidar.concatenate_data]: transformed_raw_points[/sensing/lidar/left/pointcloud_before_sync] is nullptr, skipping pointcloud publish.
[autoware_ndt_scan_matcher_node-24] [INFO] [1785816052.332558273] [localization.pose_estimator.ndt_scan_matcher]: Mismatch between pose timestamp and current timestamp
[component_container_mt-1] [WARN] [1785816052.431659612] [sensing.lidar.concatenate_data]: transformed_raw_points[/sensing/lidar/right/pointcloud_before_sync] is nullptr, skipping pointcloud publish.
[component_container_mt-1] [WARN] [1785816052.431709045] [sensing.lidar.concatenate_data]: transformed_raw_points[/sensing/lidar/left/pointcloud_before_sync] is nullptr, skipping pointcloud publish.
[autoware_ndt_scan_matcher_node-24] [INFO] [1785816052.432183815] [localization.pose_estimator.ndt_scan_matcher]: Mismatch between pose timestamp and current timestamp
[component_container_mt-1] [WARN] [1785816052.532011167] [sensing.lidar.concatenate_data]: transformed_raw_points[/sensing/lidar/right/pointcloud_before_sync] is nullptr, skipping pointcloud publish.
[component_container_mt-1] [WARN] [1785816052.532054409] [sensing.lidar.concatenate_data]: transformed_raw_points[/sensing/lidar/left/pointcloud_before_sync] is nullptr, skipping pointcloud publish.
[autoware_ndt_scan_matcher_node-24] [INFO] [1785816052.532524874] [localization.pose_estimator.ndt_scan_matcher]: Mismatch between pose timestamp and current timestamp
[component_container_mt-1] [WARN] [1785816052.631792222] [sensing.lidar.concatenate_data]: transformed_raw_points[/sensing/lidar/right/pointcloud_before_sync] is nullptr, skipping pointcloud publish.
[component_container_mt-1] [WARN] [1785816052.631835727] [sensing.lidar.concatenate_data]: transformed_raw_points[/sensing/lidar/left/pointcloud_before_sync] is nullptr, skipping pointcloud publish.
[autoware_ndt_scan_matcher_node-24] [INFO] [1785816052.632676926] [localization.pose_estimator.ndt_scan_matcher]: Mismatch between pose timestamp and current timestamp
[component_container_mt-1] [WARN] [1785816052.731846035] [sensing.lidar.concatenate_data]: transformed_raw_points[/sensing/lidar/right/pointcloud_before_sync] is nullptr, skipping pointcloud publish.
[component_container_mt-1] [WARN] [1785816052.731922348] [sensing.lidar.concatenate_data]: transformed_raw_points[/sensing/lidar/left/pointcloud_before_sync] is nullptr, skipping pointcloud publish.
[autoware_ndt_scan_matcher_node-24] [INFO] [1785816052.732582823] [localization.pose_estimator.ndt_scan_matcher]: Mismatch between pose timestamp and current timestamp
[component_container_mt-1] [WARN] [1785816052.832149272] [sensing.lidar.concatenate_data]: transformed_raw_points[/sensing/lidar/right/pointcloud_before_sync] is nullptr, skipping pointcloud publish.
[component_container_mt-1] [WARN] [1785816052.832186106] [sensing.lidar.concatenate_data]: transformed_raw_points[/sensing/lidar/left/pointcloud_before_sync] is nullptr, skipping pointcloud publish.
[autoware_ndt_scan_matcher_node-24] [INFO] [1785816052.832708187] [localization.pose_estimator.ndt_scan_matcher]: Mismatch between pose timestamp and current timestamp
[component_container_mt-1] [WARN] [1785816052.931509437] [sensing.lidar.concatenate_data]: transformed_raw_points[/sensing/lidar/right/pointcloud_before_sync] is nullptr, skipping pointcloud publish.
[component_container_mt-1] [WARN] [1785816052.931554660] [sensing.lidar.concatenate_data]: transformed_raw_points[/sensing/lidar/left/pointcloud_before_sync] is nullptr, skipping pointcloud publish.
[autoware_ndt_scan_matcher_node-24] [INFO] [1785816052.932752276] [localization.pose_estimator.ndt_scan_matcher]: Mismatch between pose timestamp and current timestamp
[component_container_mt-1] [WARN] [1785816053.031733313] [sensing.lidar.concatenate_data]: transformed_raw_points[/sensing/lidar/right/pointcloud_before_sync] is nullptr, skipping pointcloud publish.
[component_container_mt-1] [WARN] [1785816053.031783116] [sensing.lidar.concatenate_data]: transformed_raw_points[/sensing/lidar/left/pointcloud_before_sync] is nullptr, skipping pointcloud publish.
[autoware_ndt_scan_matcher_node-24] [INFO] [1785816053.032364283] [localization.pose_estimator.ndt_scan_matcher]: Mismatch between pose timestamp and current timestamp
[autoware_mrm_handler_node-13] [INFO] [1785816053.081624558] [system.mrm_handler]: MRM State changed: NORMAL -> MRM_OPERATING
[autoware_mrm_handler_node-13] [WARN] [1785816053.082354180] [system.mrm_handler]: EMERGENCY_STOP is operated.
[component_container_mt-47] [WARN] [1785816053.131357736] [control.vehicle_cmd_gate]: Emergency!
[component_container_mt-1] [WARN] [1785816053.131709605] [sensing.lidar.concatenate_data]: transformed_raw_points[/sensing/lidar/right/pointcloud_before_sync] is nullptr, skipping pointcloud publish.
[component_container_mt-1] [WARN] [1785816053.131745683] [sensing.lidar.concatenate_data]: transformed_raw_points[/sensing/lidar/left/pointcloud_before_sync] is nullptr, skipping pointcloud publish.
[autoware_ndt_scan_matcher_node-24] [INFO] [1785816053.132738531] [localization.pose_estimator.ndt_scan_matcher]: Mismatch between pose timestamp and current timestamp
[autoware_mrm_handler_node-13] [INFO] [1785816053.181680245] [system.mrm_handler]: MRM State changed: MRM_OPERATING -> NORMAL
[autoware_mrm_handler_node-13] [WARN] [1785816053.181885007] [system.mrm_handler]: EMERGENCY_STOP is canceled.
[component_container_mt-1] [WARN] [1785816053.231326912] [sensing.lidar.concatenate_data]: transformed_raw_points[/sensing/lidar/right/pointcloud_before_sync] is nullptr, skipping pointcloud publish.
[component_container_mt-1] [WARN] [1785816053.231374746] [sensing.lidar.concatenate_data]: transformed_raw_points[/sensing/lidar/left/pointcloud_before_sync] is nullptr, skipping pointcloud publish.
[autoware_ndt_scan_matcher_node-24] [INFO] [1785816053.231825500] [localization.pose_estimator.ndt_scan_matcher]: Mismatch between pose timestamp and current timestamp
[component_container_mt-1] [WARN] [1785816053.331557027] [sensing.lidar.concatenate_data]: transformed_raw_points[/sensing/lidar/right/pointcloud_before_sync] is nullptr, skipping pointcloud publish.
[component_container_mt-1] [WARN] [1785816053.331592653] [sensing.lidar.concatenate_data]: transformed_raw_points[/sensing/lidar/left/pointcloud_before_sync] is nullptr, skipping pointcloud publish.
[autoware_ndt_scan_matcher_node-24] [INFO] [1785816053.332100439] [localization.pose_estimator.ndt_scan_matcher]: Mismatch between pose timestamp and current timestamp
[component_container_mt-1] [WARN] [1785816053.431626048] [sensing.lidar.concatenate_data]: transformed_raw_points[/sensing/lidar/right/pointcloud_before_sync] is nullptr, skipping pointcloud publish.
[component_container_mt-1] [WARN] [1785816053.431670958] [sensing.lidar.concatenate_data]: transformed_raw_points[/sensing/lidar/left/pointcloud_before_sync] is nullptr, skipping pointcloud publish.
[autoware_ndt_scan_matcher_node-24] [INFO] [1785816053.433180218] [localization.pose_estimator.ndt_scan_matcher]: Mismatch between pose timestamp and current timestamp
[component_container_mt-1] [WARN] [1785816053.532298622] [sensing.lidar.concatenate_data]: transformed_raw_points[/sensing/lidar/right/pointcloud_before_sync] is nullptr, skipping pointcloud publish.
[component_container_mt-1] [WARN] [1785816053.532342694] [sensing.lidar.concatenate_data]: transformed_raw_points[/sensing/lidar/left/pointcloud_before_sync] is nullptr, skipping pointcloud publish.
[autoware_ndt_scan_matcher_node-24] [INFO] [1785816053.533641977] [localization.pose_estimator.ndt_scan_matcher]: Mismatch between pose timestamp and current timestamp
[component_container_mt-1] [WARN] [1785816053.632011930] [sensing.lidar.concatenate_data]: transformed_raw_points[/sensing/lidar/right/pointcloud_before_sync] is nullptr, skipping pointcloud publish.
[component_container_mt-1] [WARN] [1785816053.632057462] [sensing.lidar.concatenate_data]: transformed_raw_points[/sensing/lidar/left/pointcloud_before_sync] is nullptr, skipping pointcloud publish.
[autoware_ndt_scan_matcher_node-24] [INFO] [1785816053.633378606] [localization.pose_estimator.ndt_scan_matcher]: Mismatch between pose timestamp and current timestamp
[component_container_mt-1] [WARN] [1785816053.731675496] [sensing.lidar.concatenate_data]: transformed_raw_points[/sensing/lidar/right/pointcloud_before_sync] is nullptr, skipping pointcloud publish.
[component_container_mt-1] [WARN] [1785816053.731721929] [sensing.lidar.concatenate_data]: transformed_raw_points[/sensing/lidar/left/pointcloud_before_sync] is nullptr, skipping pointcloud publish.
[autoware_ndt_scan_matcher_node-24] [INFO] [1785816053.732269227] [localization.pose_estimator.ndt_scan_matcher]: Mismatch between pose timestamp and current timestamp
[component_container-7] [WARN] [1785816053.781644253] [system.topic_state_monitor_control_command_control_cmd]: /control/command/control_cmd topic rate has dropped to the warning level. Set WARN in diagnostics.
[component_container_mt-1] [WARN] [1785816053.831617769] [sensing.lidar.concatenate_data]: transformed_raw_points[/sensing/lidar/right/pointcloud_before_sync] is nullptr, skipping pointcloud publish.
[component_container_mt-1] [WARN] [1785816053.831660653] [sensing.lidar.concatenate_data]: transformed_raw_points[/sensing/lidar/left/pointcloud_before_sync] is nullptr, skipping pointcloud publish.
[autoware_ndt_scan_matcher_node-24] [INFO] [1785816053.832735455] [localization.pose_estimator.ndt_scan_matcher]: Mismatch between pose timestamp and current timestamp
[component_container_mt-1] [WARN] [1785816053.931524062] [sensing.lidar.concatenate_data]: transformed_raw_points[/sensing/lidar/right/pointcloud_before_sync] is nullptr, skipping pointcloud publish.
[component_container_mt-1] [WARN] [1785816053.931588413] [sensing.lidar.concatenate_data]: transformed_raw_points[/sensing/lidar/left/pointcloud_before_sync] is nullptr, skipping pointcloud publish.
[autoware_ndt_scan_matcher_node-24] [INFO] [1785816053.932162379] [localization.pose_estimator.ndt_scan_matcher]: Mismatch between pose timestamp and current timestamp
[component_container_mt-1] [WARN] [1785816054.031523948] [sensing.lidar.concatenate_data]: transformed_raw_points[/sensing/lidar/right/pointcloud_before_sync] is nullptr, skipping pointcloud publish.
[component_container_mt-1] [WARN] [1785816054.031571609] [sensing.lidar.concatenate_data]: transformed_raw_points[/sensing/lidar/left/pointcloud_before_sync] is nullptr, skipping pointcloud publish.
[autoware_ndt_scan_matcher_node-24] [INFO] [1785816054.032771475] [localization.pose_estimator.ndt_scan_matcher]: Mismatch between pose timestamp and current timestamp
[autoware_mrm_handler_node-13] [INFO] [1785816054.081396935] [system.mrm_handler]: MRM State changed: NORMAL -> MRM_OPERATING
[autoware_mrm_handler_node-13] [WARN] [1785816054.081745369] [system.mrm_handler]: EMERGENCY_STOP is operated.
[component_container_mt-1] [WARN] [1785816054.131611581] [sensing.lidar.concatenate_data]: transformed_raw_points[/sensing/lidar/right/pointcloud_before_sync] is nullptr, skipping pointcloud publish.
[component_container_mt-1] [WARN] [1785816054.131654368] [sensing.lidar.concatenate_data]: transformed_raw_points[/sensing/lidar/left/pointcloud_before_sync] is nullptr, skipping pointcloud publish.
[component_container_mt-47] [WARN] [1785816054.131720444] [control.vehicle_cmd_gate]: Emergency!
[autoware_ndt_scan_matcher_node-24] [INFO] [1785816054.132332565] [localization.pose_estimator.ndt_scan_matcher]: Mismatch between pose timestamp and current timestamp
[autoware_mrm_handler_node-13] [INFO] [1785816054.181510610] [system.mrm_handler]: MRM State changed: MRM_OPERATING -> NORMAL
[autoware_mrm_handler_node-13] [WARN] [1785816054.183309966] [system.mrm_handler]: EMERGENCY_STOP is canceled.
[component_container_mt-1] [WARN] [1785816054.231760244] [sensing.lidar.concatenate_data]: transformed_raw_points[/sensing/lidar/right/pointcloud_before_sync] is nullptr, skipping pointcloud publish.
[component_container_mt-1] [WARN] [1785816054.231822891] [sensing.lidar.concatenate_data]: transformed_raw_points[/sensing/lidar/left/pointcloud_before_sync] is nullptr, skipping pointcloud publish.
[autoware_ndt_scan_matcher_node-24] [INFO] [1785816054.233195992] [localization.pose_estimator.ndt_scan_matcher]: Mismatch between pose timestamp and current timestamp
[component_container_mt-1] [WARN] [1785816054.331837415] [sensing.lidar.concatenate_data]: transformed_raw_points[/sensing/lidar/right/pointcloud_before_sync] is nullptr, skipping pointcloud publish.
[component_container_mt-1] [WARN] [1785816054.331880097] [sensing.lidar.concatenate_data]: transformed_raw_points[/sensing/lidar/left/pointcloud_before_sync] is nullptr, skipping pointcloud publish.
[autoware_ndt_scan_matcher_node-24] [INFO] [1785816054.332395282] [localization.pose_estimator.ndt_scan_matcher]: Mismatch between pose timestamp and current timestamp
[component_container_mt-1] [WARN] [1785816054.431855592] [sensing.lidar.concatenate_data]: transformed_raw_points[/sensing/lidar/right/pointcloud_before_sync] is nullptr, skipping pointcloud publish.
[component_container_mt-1] [WARN] [1785816054.431913242] [sensing.lidar.concatenate_data]: transformed_raw_points[/sensing/lidar/left/pointcloud_before_sync] is nullptr, skipping pointcloud publish.
[autoware_ndt_scan_matcher_node-24] [INFO] [1785816054.432706459] [localization.pose_estimator.ndt_scan_matcher]: Mismatch between pose timestamp and current timestamp
[component_container_mt-1] [WARN] [1785816054.531763566] [sensing.lidar.concatenate_data]: transformed_raw_points[/sensing/lidar/right/pointcloud_before_sync] is nullptr, skipping pointcloud publish.
[component_container_mt-1] [WARN] [1785816054.531811639] [sensing.lidar.concatenate_data]: transformed_raw_points[/sensing/lidar/left/pointcloud_before_sync] is nullptr, skipping pointcloud publish.
[autoware_ndt_scan_matcher_node-24] [INFO] [1785816054.532455725] [localization.pose_estimator.ndt_scan_matcher]: Mismatch between pose timestamp and current timestamp
[component_container_mt-1] [WARN] [1785816054.631852950] [sensing.lidar.concatenate_data]: transformed_raw_points[/sensing/lidar/right/pointcloud_before_sync] is nullptr, skipping pointcloud publish.
[component_container_mt-1] [WARN] [1785816054.631909204] [sensing.lidar.concatenate_data]: transformed_raw_points[/sensing/lidar/left/pointcloud_before_sync] is nullptr, skipping pointcloud publish.
[autoware_ndt_scan_matcher_node-24] [INFO] [1785816054.633168294] [localization.pose_estimator.ndt_scan_matcher]: Mismatch between pose timestamp and current timestamp
[component_container_mt-47] [INFO] [1785816054.681617318] [control.trajectory_follower.controller_node_exe]: Waiting for trajectory data
[component_container_mt-47] [INFO] [1785816054.681667473] [control.trajectory_follower.controller_node_exe]: Control is skipped since input data is not ready.
[component_container_mt-1] [WARN] [1785816054.731726513] [sensing.lidar.concatenate_data]: transformed_raw_points[/sensing/lidar/right/pointcloud_before_sync] is nullptr, skipping pointcloud publish.
[component_container_mt-1] [WARN] [1785816054.731769890] [sensing.lidar.concatenate_data]: transformed_raw_points[/sensing/lidar/left/pointcloud_before_sync] is nullptr, skipping pointcloud publish.
[autoware_ndt_scan_matcher_node-24] [INFO] [1785816054.732272001] [localization.pose_estimator.ndt_scan_matcher]: Mismatch between pose timestamp and current timestamp
[component_container_mt-1] [WARN] [1785816054.831983127] [sensing.lidar.concatenate_data]: transformed_raw_points[/sensing/lidar/right/pointcloud_before_sync] is nullptr, skipping pointcloud publish.
[component_container_mt-1] [WARN] [1785816054.832026971] [sensing.lidar.concatenate_data]: transformed_raw_points[/sensing/lidar/left/pointcloud_before_sync] is nullptr, skipping pointcloud publish.
[autoware_ndt_scan_matcher_node-24] [INFO] [1785816054.832532326] [localization.pose_estimator.ndt_scan_matcher]: Mismatch between pose timestamp and current timestamp
[component_container_mt-1] [WARN] [1785816054.931777945] [sensing.lidar.concatenate_data]: transformed_raw_points[/sensing/lidar/right/pointcloud_before_sync] is nullptr, skipping pointcloud publish.
[component_container_mt-1] [WARN] [1785816054.931827051] [sensing.lidar.concatenate_data]: transformed_raw_points[/sensing/lidar/left/pointcloud_before_sync] is nullptr, skipping pointcloud publish.
[autoware_ndt_scan_matcher_node-24] [INFO] [1785816054.932318944] [localization.pose_estimator.ndt_scan_matcher]: Mismatch between pose timestamp and current timestamp
[component_container_mt-1] [WARN] [1785816055.031734563] [sensing.lidar.concatenate_data]: transformed_raw_points[/sensing/lidar/right/pointcloud_before_sync] is nullptr, skipping pointcloud publish.
[component_container_mt-1] [WARN] [1785816055.031811104] [sensing.lidar.concatenate_data]: transformed_raw_points[/sensing/lidar/left/pointcloud_before_sync] is nullptr, skipping pointcloud publish.
[autoware_ndt_scan_matcher_node-24] [INFO] [1785816055.032555307] [localization.pose_estimator.ndt_scan_matcher]: Mismatch between pose timestamp and current timestamp
[component_container_mt-40] [INFO] [1785816055.032549767] [planning.scenario_planning.lane_driving.behavior_planning.behavior_path_planner]: waiting for scenario_topic
[autoware_mrm_handler_node-13] [INFO] [1785816055.082306629] [system.mrm_handler]: MRM State changed: NORMAL -> MRM_OPERATING
[autoware_mrm_handler_node-13] [WARN] [1785816055.083442865] [system.mrm_handler]: EMERGENCY_STOP is operated.
[component_container_mt-1] [WARN] [1785816055.131648796] [sensing.lidar.concatenate_data]: transformed_raw_points[/sensing/lidar/right/pointcloud_before_sync] is nullptr, skipping pointcloud publish.
[component_container_mt-1] [WARN] [1785816055.131692678] [sensing.lidar.concatenate_data]: transformed_raw_points[/sensing/lidar/left/pointcloud_before_sync] is nullptr, skipping pointcloud publish.
[component_container_mt-47] [WARN] [1785816055.131993478] [control.vehicle_cmd_gate]: Emergency!
[autoware_ndt_scan_matcher_node-24] [INFO] [1785816055.132304020] [localization.pose_estimator.ndt_scan_matcher]: Mismatch between pose timestamp and current timestamp
[component_container-18] [WARN] [1785816055.138457055] [sensing.lidar.top.crop_box_filter_self]: Invalid PointCloud: is_dense is false. The point cloud should be organized (dense) and contain only valid points. This will be an ERROR starting in 2026 JulyFrame: 'velodyne_top', Stamp: 60.172813137
[logging_node-14] [WARN] [1785816055.181700185] [logging_diag_graph]: The target mode is not available for the following reasons:
[logging_node-14] - /autoware/modes/autonomous ERROR
[logging_node-14]     - /autoware/planning ERROR
[logging_node-14]         - /autoware/planning/routing/state ERROR
[logging_node-14]         - [anonymous group] ERROR
[logging_node-14]             - /autoware/planning/topic_rate_check/route ERROR
[logging_node-14]             - /autoware/planning/topic_rate_check/trajectory ERROR
[logging_node-14]     - /autoware/control ERROR
[logging_node-14]         - /autoware/control/topic_rate_check/trajectory_follower ERROR
[logging_node-14]         - /autoware/control/topic_rate_check/control_command WARN 
[logging_node-14] 
[autoware_mrm_handler_node-13] [INFO] [1785816055.182085627] [system.mrm_handler]: MRM State changed: MRM_OPERATING -> NORMAL
[autoware_mrm_handler_node-13] [WARN] [1785816055.182911336] [system.mrm_handler]: EMERGENCY_STOP is canceled.
[component_container-7] [INFO] [1785816055.231515796] [system.topic_state_monitor_scenario_planning_trajectory]: /planning/trajectory has not received. Set ERROR in diagnostics.
[component_container_mt-1] [WARN] [1785816055.232447927] [sensing.lidar.concatenate_data]: transformed_raw_points[/sensing/lidar/right/pointcloud_before_sync] is nullptr, skipping pointcloud publish.
[component_container_mt-1] [WARN] [1785816055.232481869] [sensing.lidar.concatenate_data]: transformed_raw_points[/sensing/lidar/left/pointcloud_before_sync] is nullptr, skipping pointcloud publish.
[autoware_ndt_scan_matcher_node-24] [INFO] [1785816055.232928708] [localization.pose_estimator.ndt_scan_matcher]: Mismatch between pose timestamp and current timestamp
[component_container_mt-1] [WARN] [1785816055.331424146] [sensing.lidar.concatenate_data]: transformed_raw_points[/sensing/lidar/right/pointcloud_before_sync] is nullptr, skipping pointcloud publish.
[component_container_mt-1] [WARN] [1785816055.331480736] [sensing.lidar.concatenate_data]: transformed_raw_points[/sensing/lidar/left/pointcloud_before_sync] is nullptr, skipping pointcloud publish.
[autoware_ndt_scan_matcher_node-24] [INFO] [1785816055.332435837] [localization.pose_estimator.ndt_scan_matcher]: Mismatch between pose timestamp and current timestamp
[component_container_mt-1] [WARN] [1785816055.431746006] [sensing.lidar.concatenate_data]: transformed_raw_points[/sensing/lidar/right/pointcloud_before_sync] is nullptr, skipping pointcloud publish.
[component_container_mt-1] [WARN] [1785816055.431787624] [sensing.lidar.concatenate_data]: transformed_raw_points[/sensing/lidar/left/pointcloud_before_sync] is nullptr, skipping pointcloud publish.
[autoware_ndt_scan_matcher_node-24] [INFO] [1785816055.432257940] [localization.pose_estimator.ndt_scan_matcher]: Mismatch between pose timestamp and current timestamp
[component_container_mt-48] [INFO] [1785816055.531509495] [control.autonomous_emergency_braking]: [AEB] waiting for control predicted trajectory
[component_container_mt-1] [WARN] [1785816055.531667182] [sensing.lidar.concatenate_data]: transformed_raw_points[/sensing/lidar/right/pointcloud_before_sync] is nullptr, skipping pointcloud publish.
[component_container_mt-1] [WARN] [1785816055.531704381] [sensing.lidar.concatenate_data]: transformed_raw_points[/sensing/lidar/left/pointcloud_before_sync] is nullptr, skipping pointcloud publish.
[autoware_ndt_scan_matcher_node-24] [INFO] [1785816055.532448520] [localization.pose_estimator.ndt_scan_matcher]: Mismatch between pose timestamp and current timestamp
[component_container_mt-1] [WARN] [1785816055.539744302] [localization.util.crop_box_filter_measurement_range]: Invalid PointCloud: row_step mismatch. Expected: 98432 (width 6152 * point_step 16), Got: 0. Frame: 'base_link', Stamp: 60.572813143 Please fill in the `cloud->row_step` field accordingly. This will be an ERROR starting in 2026 July
[component_container_mt-1] [WARN] [1785816055.632117092] [sensing.lidar.concatenate_data]: transformed_raw_points[/sensing/lidar/right/pointcloud_before_sync] is nullptr, skipping pointcloud publish.
[component_container_mt-1] [WARN] [1785816055.632160266] [sensing.lidar.concatenate_data]: transformed_raw_points[/sensing/lidar/left/pointcloud_before_sync] is nullptr, skipping pointcloud publish.
[autoware_ndt_scan_matcher_node-24] [INFO] [1785816055.633558472] [localization.pose_estimator.ndt_scan_matcher]: Mismatch between pose timestamp and current timestamp
[component_container_mt-1] [WARN] [1785816055.731777038] [sensing.lidar.concatenate_data]: transformed_raw_points[/sensing/lidar/right/pointcloud_before_sync] is nullptr, skipping pointcloud publish.
[component_container_mt-1] [WARN] [1785816055.731826381] [sensing.lidar.concatenate_data]: transformed_raw_points[/sensing/lidar/left/pointcloud_before_sync] is nullptr, skipping pointcloud publish.
[autoware_ndt_scan_matcher_node-24] [INFO] [1785816055.733050721] [localization.pose_estimator.ndt_scan_matcher]: Mismatch between pose timestamp and current timestamp
[component_container_mt-1] [WARN] [1785816055.831650752] [sensing.lidar.concatenate_data]: transformed_raw_points[/sensing/lidar/right/pointcloud_before_sync] is nullptr, skipping pointcloud publish.
[component_container_mt-1] [WARN] [1785816055.831723706] [sensing.lidar.concatenate_data]: transformed_raw_points[/sensing/lidar/left/pointcloud_before_sync] is nullptr, skipping pointcloud publish.
[autoware_ndt_scan_matcher_node-24] [INFO] [1785816055.832285760] [localization.pose_estimator.ndt_scan_matcher]: Mismatch between pose timestamp and current timestamp
[component_container_mt-47] [INFO] [1785816055.882517961] [control.vehicle_cmd_gate]: The operation mode is changed, but the GearCommand is not received yet:
[component_container_mt-1] [WARN] [1785816055.931750003] [sensing.lidar.concatenate_data]: transformed_raw_points[/sensing/lidar/right/pointcloud_before_sync] is nullptr, skipping pointcloud publish.
[component_container_mt-1] [WARN] [1785816055.931794122] [sensing.lidar.concatenate_data]: transformed_raw_points[/sensing/lidar/left/pointcloud_before_sync] is nullptr, skipping pointcloud publish.
[autoware_ndt_scan_matcher_node-24] [INFO] [1785816055.933493915] [localization.pose_estimator.ndt_scan_matcher]: Mismatch between pose timestamp and current timestamp
[component_container_mt-1] [WARN] [1785816056.031467080] [sensing.lidar.concatenate_data]: transformed_raw_points[/sensing/lidar/right/pointcloud_before_sync] is nullptr, skipping pointcloud publish.
[component_container_mt-1] [WARN] [1785816056.031529318] [sensing.lidar.concatenate_data]: transformed_raw_points[/sensing/lidar/left/pointcloud_before_sync] is nullptr, skipping pointcloud publish.
[autoware_ndt_scan_matcher_node-24] [INFO] [1785816056.032198443] [localization.pose_estimator.ndt_scan_matcher]: Mismatch between pose timestamp and current timestamp
[autoware_mrm_handler_node-13] [INFO] [1785816056.082085651] [system.mrm_handler]: MRM State changed: NORMAL -> MRM_OPERATING
[autoware_mrm_handler_node-13] [WARN] [1785816056.082287097] [system.mrm_handler]: EMERGENCY_STOP is operated.
[component_container_mt-1] [WARN] [1785816056.131944007] [sensing.lidar.concatenate_data]: transformed_raw_points[/sensing/lidar/right/pointcloud_before_sync] is nullptr, skipping pointcloud publish.
[component_container_mt-1] [WARN] [1785816056.131990524] [sensing.lidar.concatenate_data]: transformed_raw_points[/sensing/lidar/left/pointcloud_before_sync] is nullptr, skipping pointcloud publish.
[component_container_mt-47] [WARN] [1785816056.132550767] [control.vehicle_cmd_gate]: Emergency!
[autoware_ndt_scan_matcher_node-24] [INFO] [1785816056.132827964] [localization.pose_estimator.ndt_scan_matcher]: Mismatch between pose timestamp and current timestamp
[autoware_mrm_handler_node-13] [INFO] [1785816056.181677085] [system.mrm_handler]: MRM State changed: MRM_OPERATING -> NORMAL
[autoware_mrm_handler_node-13] [WARN] [1785816056.182460402] [system.mrm_handler]: EMERGENCY_STOP is canceled.
[component_container_mt-1] [WARN] [1785816056.231447816] [sensing.lidar.concatenate_data]: transformed_raw_points[/sensing/lidar/right/pointcloud_before_sync] is nullptr, skipping pointcloud publish.
[component_container_mt-1] [WARN] [1785816056.231490406] [sensing.lidar.concatenate_data]: transformed_raw_points[/sensing/lidar/left/pointcloud_before_sync] is nullptr, skipping pointcloud publish.
[autoware_ndt_scan_matcher_node-24] [INFO] [1785816056.231895835] [localization.pose_estimator.ndt_scan_matcher]: Mismatch between pose timestamp and current timestamp
[component_container_mt-1] [WARN] [1785816056.331473695] [sensing.lidar.concatenate_data]: transformed_raw_points[/sensing/lidar/right/pointcloud_before_sync] is nullptr, skipping pointcloud publish.
[component_container_mt-1] [WARN] [1785816056.331517552] [sensing.lidar.concatenate_data]: transformed_raw_points[/sensing/lidar/left/pointcloud_before_sync] is nullptr, skipping pointcloud publish.
[autoware_ndt_scan_matcher_node-24] [INFO] [1785816056.331986505] [localization.pose_estimator.ndt_scan_matcher]: Mismatch between pose timestamp and current timestamp
[component_container_mt-1] [WARN] [1785816056.431978448] [sensing.lidar.concatenate_data]: transformed_raw_points[/sensing/lidar/right/pointcloud_before_sync] is nullptr, skipping pointcloud publish.
[component_container_mt-1] [WARN] [1785816056.432018628] [sensing.lidar.concatenate_data]: transformed_raw_points[/sensing/lidar/left/pointcloud_before_sync] is nullptr, skipping pointcloud publish.
[autoware_ndt_scan_matcher_node-24] [INFO] [1785816056.432518184] [localization.pose_estimator.ndt_scan_matcher]: Mismatch between pose timestamp and current timestamp
[component_container_mt-1] [WARN] [1785816056.531976930] [sensing.lidar.concatenate_data]: transformed_raw_points[/sensing/lidar/right/pointcloud_before_sync] is nullptr, skipping pointcloud publish.
[component_container_mt-1] [WARN] [1785816056.532012648] [sensing.lidar.concatenate_data]: transformed_raw_points[/sensing/lidar/left/pointcloud_before_sync] is nullptr, skipping pointcloud publish.
[autoware_ndt_scan_matcher_node-24] [INFO] [1785816056.533581721] [localization.pose_estimator.ndt_scan_matcher]: Mismatch between pose timestamp and current timestamp
[component_container_mt-1] [WARN] [1785816056.632690360] [sensing.lidar.concatenate_data]: transformed_raw_points[/sensing/lidar/right/pointcloud_before_sync] is nullptr, skipping pointcloud publish.
[component_container_mt-1] [WARN] [1785816056.632733761] [sensing.lidar.concatenate_data]: transformed_raw_points[/sensing/lidar/left/pointcloud_before_sync] is nullptr, skipping pointcloud publish.
[autoware_ndt_scan_matcher_node-24] [INFO] [1785816056.633213880] [localization.pose_estimator.ndt_scan_matcher]: Mismatch between pose timestamp and current timestamp
[component_container_mt-1] [WARN] [1785816056.731464388] [sensing.lidar.concatenate_data]: transformed_raw_points[/sensing/lidar/right/pointcloud_before_sync] is nullptr, skipping pointcloud publish.
[component_container_mt-1] [WARN] [1785816056.731516208] [sensing.lidar.concatenate_data]: transformed_raw_points[/sensing/lidar/left/pointcloud_before_sync] is nullptr, skipping pointcloud publish.
[autoware_ndt_scan_matcher_node-24] [INFO] [1785816056.732103343] [localization.pose_estimator.ndt_scan_matcher]: Mismatch between pose timestamp and current timestamp
[component_container-7] [WARN] [1785816056.781426940] [system.topic_state_monitor_control_command_control_cmd]: /control/command/control_cmd topic rate has dropped to the warning level. Set WARN in diagnostics.
[component_container_mt-1] [WARN] [1785816056.831725323] [sensing.lidar.concatenate_data]: transformed_raw_points[/sensing/lidar/right/pointcloud_before_sync] is nullptr, skipping pointcloud publish.
[component_container_mt-1] [WARN] [1785816056.831770211] [sensing.lidar.concatenate_data]: transformed_raw_points[/sensing/lidar/left/pointcloud_before_sync] is nullptr, skipping pointcloud publish.
[autoware_ndt_scan_matcher_node-24] [INFO] [1785816056.832242481] [localization.pose_estimator.ndt_scan_matcher]: Mismatch between pose timestamp and current timestamp
[component_container_mt-1] [WARN] [1785816056.931665359] [sensing.lidar.concatenate_data]: transformed_raw_points[/sensing/lidar/right/pointcloud_before_sync] is nullptr, skipping pointcloud publish.
[component_container_mt-1] [WARN] [1785816056.931713134] [sensing.lidar.concatenate_data]: transformed_raw_points[/sensing/lidar/left/pointcloud_before_sync] is nullptr, skipping pointcloud publish.
[autoware_ndt_scan_matcher_node-24] [INFO] [1785816056.932985987] [localization.pose_estimator.ndt_scan_matcher]: Mismatch between pose timestamp and current timestamp
[component_container_mt-1] [WARN] [1785816057.032388149] [sensing.lidar.concatenate_data]: transformed_raw_points[/sensing/lidar/right/pointcloud_before_sync] is nullptr, skipping pointcloud publish.
[component_container_mt-1] [WARN] [1785816057.032436488] [sensing.lidar.concatenate_data]: transformed_raw_points[/sensing/lidar/left/pointcloud_before_sync] is nullptr, skipping pointcloud publish.
[autoware_ndt_scan_matcher_node-24] [INFO] [1785816057.033184517] [localization.pose_estimator.ndt_scan_matcher]: Mismatch between pose timestamp and current timestamp
[autoware_mrm_handler_node-13] [INFO] [1785816057.081769592] [system.mrm_handler]: MRM State changed: NORMAL -> MRM_OPERATING
[autoware_mrm_handler_node-13] [WARN] [1785816057.082060140] [system.mrm_handler]: EMERGENCY_STOP is operated.
[component_container_mt-1] [WARN] [1785816057.131794672] [sensing.lidar.concatenate_data]: transformed_raw_points[/sensing/lidar/right/pointcloud_before_sync] is nullptr, skipping pointcloud publish.
[component_container_mt-1] [WARN] [1785816057.131843391] [sensing.lidar.concatenate_data]: transformed_raw_points[/sensing/lidar/left/pointcloud_before_sync] is nullptr, skipping pointcloud publish.
[component_container_mt-47] [WARN] [1785816057.131870215] [control.vehicle_cmd_gate]: Emergency!
[component_container_mt-48] [INFO] [1785816057.132021130] [control.control_validator]: waiting for /planning/trajectory
[autoware_ndt_scan_matcher_node-24] [INFO] [1785816057.132422104] [localization.pose_estimator.ndt_scan_matcher]: Mismatch between pose timestamp and current timestamp
[autoware_mrm_handler_node-13] [INFO] [1785816057.182258097] [system.mrm_handler]: MRM State changed: MRM_OPERATING -> NORMAL
[autoware_mrm_handler_node-13] [WARN] [1785816057.182927234] [system.mrm_handler]: EMERGENCY_STOP is canceled.
[component_container_mt-1] [WARN] [1785816057.231253315] [sensing.lidar.concatenate_data]: transformed_raw_points[/sensing/lidar/right/pointcloud_before_sync] is nullptr, skipping pointcloud publish.
[component_container_mt-1] [WARN] [1785816057.231300183] [sensing.lidar.concatenate_data]: transformed_raw_points[/sensing/lidar/left/pointcloud_before_sync] is nullptr, skipping pointcloud publish.
[autoware_ndt_scan_matcher_node-24] [INFO] [1785816057.231743582] [localization.pose_estimator.ndt_scan_matcher]: Mismatch between pose timestamp and current timestamp
[autoware_scenario_selector_node-36] [INFO] [1785816057.281167170] [planning.scenario_planning.scenario_selector]: Waiting for route.
[component_container_mt-48] [INFO] [1785816057.281678581] [control.trajectory_follower.lane_departure_checker_node]: waiting for route msg...
[component_container_mt-1] [WARN] [1785816057.331328753] [sensing.lidar.concatenate_data]: transformed_raw_points[/sensing/lidar/right/pointcloud_before_sync] is nullptr, skipping pointcloud publish.
[component_container_mt-1] [WARN] [1785816057.331374555] [sensing.lidar.concatenate_data]: transformed_raw_points[/sensing/lidar/left/pointcloud_before_sync] is nullptr, skipping pointcloud publish.
[autoware_ndt_scan_matcher_node-24] [INFO] [1785816057.332027007] [localization.pose_estimator.ndt_scan_matcher]: Mismatch between pose timestamp and current timestamp
[component_container_mt-1] [WARN] [1785816057.431589873] [sensing.lidar.concatenate_data]: transformed_raw_points[/sensing/lidar/right/pointcloud_before_sync] is nullptr, skipping pointcloud publish.
[component_container_mt-1] [WARN] [1785816057.431634721] [sensing.lidar.concatenate_data]: transformed_raw_points[/sensing/lidar/left/pointcloud_before_sync] is nullptr, skipping pointcloud publish.
[autoware_ndt_scan_matcher_node-24] [INFO] [1785816057.432083670] [localization.pose_estimator.ndt_scan_matcher]: Mismatch between pose timestamp and current timestamp
[component_container_mt-1] [WARN] [1785816057.532111798] [sensing.lidar.concatenate_data]: transformed_raw_points[/sensing/lidar/right/pointcloud_before_sync] is nullptr, skipping pointcloud publish.
[component_container_mt-1] [WARN] [1785816057.532153235] [sensing.lidar.concatenate_data]: transformed_raw_points[/sensing/lidar/left/pointcloud_before_sync] is nullptr, skipping pointcloud publish.
[autoware_ndt_scan_matcher_node-24] [INFO] [1785816057.533205231] [localization.pose_estimator.ndt_scan_matcher]: Mismatch between pose timestamp and current timestamp
[component_container_mt-1] [WARN] [1785816057.631934681] [sensing.lidar.concatenate_data]: transformed_raw_points[/sensing/lidar/right/pointcloud_before_sync] is nullptr, skipping pointcloud publish.
[component_container_mt-1] [WARN] [1785816057.631979437] [sensing.lidar.concatenate_data]: transformed_raw_points[/sensing/lidar/left/pointcloud_before_sync] is nullptr, skipping pointcloud publish.
[autoware_ndt_scan_matcher_node-24] [INFO] [1785816057.632449730] [localization.pose_estimator.ndt_scan_matcher]: Mismatch between pose timestamp and current timestamp
[component_container_mt-1] [WARN] [1785816057.731597126] [sensing.lidar.concatenate_data]: transformed_raw_points[/sensing/lidar/right/pointcloud_before_sync] is nullptr, skipping pointcloud publish.
[component_container_mt-1] [WARN] [1785816057.731648607] [sensing.lidar.concatenate_data]: transformed_raw_points[/sensing/lidar/left/pointcloud_before_sync] is nullptr, skipping pointcloud publish.
[autoware_ndt_scan_matcher_node-24] [INFO] [1785816057.732388772] [localization.pose_estimator.ndt_scan_matcher]: Mismatch between pose timestamp and current timestamp
[component_container_mt-1] [WARN] [1785816057.832017122] [sensing.lidar.concatenate_data]: transformed_raw_points[/sensing/lidar/right/pointcloud_before_sync] is nullptr, skipping pointcloud publish.
[component_container_mt-1] [WARN] [1785816057.832059126] [sensing.lidar.concatenate_data]: transformed_raw_points[/sensing/lidar/left/pointcloud_before_sync] is nullptr, skipping pointcloud publish.
[autoware_ndt_scan_matcher_node-24] [INFO] [1785816057.832562902] [localization.pose_estimator.ndt_scan_matcher]: Mismatch between pose timestamp and current timestamp
[component_container_mt-1] [WARN] [1785816057.932075388] [sensing.lidar.concatenate_data]: transformed_raw_points[/sensing/lidar/right/pointcloud_before_sync] is nullptr, skipping pointcloud publish.
[component_container_mt-1] [WARN] [1785816057.932121414] [sensing.lidar.concatenate_data]: transformed_raw_points[/sensing/lidar/left/pointcloud_before_sync] is nullptr, skipping pointcloud publish.
[autoware_ndt_scan_matcher_node-24] [INFO] [1785816057.932778443] [localization.pose_estimator.ndt_scan_matcher]: Mismatch between pose timestamp and current timestamp
[component_container_mt-1] [WARN] [1785816058.031823871] [sensing.lidar.concatenate_data]: transformed_raw_points[/sensing/lidar/right/pointcloud_before_sync] is nullptr, skipping pointcloud publish.
[component_container_mt-1] [WARN] [1785816058.031870306] [sensing.lidar.concatenate_data]: transformed_raw_points[/sensing/lidar/left/pointcloud_before_sync] is nullptr, skipping pointcloud publish.
[autoware_ndt_scan_matcher_node-24] [INFO] [1785816058.032426274] [localization.pose_estimator.ndt_scan_matcher]: Mismatch between pose timestamp and current timestamp
[autoware_mrm_handler_node-13] [INFO] [1785816058.081637362] [system.mrm_handler]: MRM State changed: NORMAL -> MRM_OPERATING
[autoware_mrm_handler_node-13] [WARN] [1785816058.082573557] [system.mrm_handler]: EMERGENCY_STOP is operated.
[component_container_mt-1] [WARN] [1785816058.132023194] [sensing.lidar.concatenate_data]: transformed_raw_points[/sensing/lidar/right/pointcloud_before_sync] is nullptr, skipping pointcloud publish.
[component_container_mt-1] [WARN] [1785816058.132076024] [sensing.lidar.concatenate_data]: transformed_raw_points[/sensing/lidar/left/pointcloud_before_sync] is nullptr, skipping pointcloud publish.
[component_container_mt-47] [WARN] [1785816058.132304232] [control.vehicle_cmd_gate]: Emergency!
[autoware_ndt_scan_matcher_node-24] [INFO] [1785816058.132609955] [localization.pose_estimator.ndt_scan_matcher]: Mismatch between pose timestamp and current timestamp
[autoware_mrm_handler_node-13] [INFO] [1785816058.181737293] [system.mrm_handler]: MRM State changed: MRM_OPERATING -> NORMAL
[logging_node-14] [WARN] [1785816058.181969243] [logging_diag_graph]: The target mode is not available for the following reasons:
[logging_node-14] - /autoware/modes/autonomous ERROR
[logging_node-14]     - /autoware/planning ERROR
[logging_node-14]         - /autoware/planning/routing/state ERROR
[logging_node-14]         - [anonymous group] ERROR
[logging_node-14]             - /autoware/planning/topic_rate_check/route ERROR
[logging_node-14]             - /autoware/planning/topic_rate_check/trajectory ERROR
[logging_node-14]     - /autoware/control ERROR
[logging_node-14]         - /autoware/control/topic_rate_check/trajectory_follower ERROR
[logging_node-14]         - /autoware/control/topic_rate_check/control_command WARN 
[logging_node-14] 
[autoware_mrm_handler_node-13] [WARN] [1785816058.182014624] [system.mrm_handler]: EMERGENCY_STOP is canceled.
[component_container_mt-1] [WARN] [1785816058.231756548] [sensing.lidar.concatenate_data]: transformed_raw_points[/sensing/lidar/right/pointcloud_before_sync] is nullptr, skipping pointcloud publish.
[component_container_mt-1] [WARN] [1785816058.231803690] [sensing.lidar.concatenate_data]: transformed_raw_points[/sensing/lidar/left/pointcloud_before_sync] is nullptr, skipping pointcloud publish.
[component_container-7] [INFO] [1785816058.232202885] [system.topic_state_monitor_scenario_planning_trajectory]: /planning/trajectory has not received. Set ERROR in diagnostics.
[autoware_ndt_scan_matcher_node-24] [INFO] [1785816058.232594978] [localization.pose_estimator.ndt_scan_matcher]: Mismatch between pose timestamp and current timestamp
[component_container_mt-1] [WARN] [1785816058.332232233] [sensing.lidar.concatenate_data]: transformed_raw_points[/sensing/lidar/right/pointcloud_before_sync] is nullptr, skipping pointcloud publish.
[component_container_mt-1] [WARN] [1785816058.332271068] [sensing.lidar.concatenate_data]: transformed_raw_points[/sensing/lidar/left/pointcloud_before_sync] is nullptr, skipping pointcloud publish.
[autoware_ndt_scan_matcher_node-24] [INFO] [1785816058.332725533] [localization.pose_estimator.ndt_scan_matcher]: Mismatch between pose timestamp and current timestamp
[component_container_mt-1] [WARN] [1785816058.431981841] [sensing.lidar.concatenate_data]: transformed_raw_points[/sensing/lidar/right/pointcloud_before_sync] is nullptr, skipping pointcloud publish.
[component_container_mt-1] [WARN] [1785816058.432027739] [sensing.lidar.concatenate_data]: transformed_raw_points[/sensing/lidar/left/pointcloud_before_sync] is nullptr, skipping pointcloud publish.
[autoware_ndt_scan_matcher_node-24] [INFO] [1785816058.432517874] [localization.pose_estimator.ndt_scan_matcher]: Mismatch between pose timestamp and current timestamp
[component_container_mt-1] [WARN] [1785816058.531905080] [sensing.lidar.concatenate_data]: transformed_raw_points[/sensing/lidar/right/pointcloud_before_sync] is nullptr, skipping pointcloud publish.
[component_container_mt-1] [WARN] [1785816058.531950994] [sensing.lidar.concatenate_data]: transformed_raw_points[/sensing/lidar/left/pointcloud_before_sync] is nullptr, skipping pointcloud publish.
[autoware_ndt_scan_matcher_node-24] [INFO] [1785816058.532760734] [localization.pose_estimator.ndt_scan_matcher]: Mismatch between pose timestamp and current timestamp
[component_container_mt-1] [WARN] [1785816058.631568765] [sensing.lidar.concatenate_data]: transformed_raw_points[/sensing/lidar/right/pointcloud_before_sync] is nullptr, skipping pointcloud publish.
[autoware_ndt_scan_matcher_node-24] [INFO] [1785816058.632174695] [localization.pose_estimator.ndt_scan_matcher]: Mismatch between pose timestamp and current timestamp
[component_container_mt-1] [WARN] [1785816058.632470567] [sensing.lidar.concatenate_data]: transformed_raw_points[/sensing/lidar/left/pointcloud_before_sync] is nullptr, skipping pointcloud publish.
[component_container_mt-1] [WARN] [1785816058.731917446] [sensing.lidar.concatenate_data]: transformed_raw_points[/sensing/lidar/right/pointcloud_before_sync] is nullptr, skipping pointcloud publish.
[component_container_mt-1] [WARN] [1785816058.731975398] [sensing.lidar.concatenate_data]: transformed_raw_points[/sensing/lidar/left/pointcloud_before_sync] is nullptr, skipping pointcloud publish.
[autoware_ndt_scan_matcher_node-24] [INFO] [1785816058.732534796] [localization.pose_estimator.ndt_scan_matcher]: Mismatch between pose timestamp and current timestamp
[component_container_mt-1] [WARN] [1785816058.832075801] [sensing.lidar.concatenate_data]: transformed_raw_points[/sensing/lidar/right/pointcloud_before_sync] is nullptr, skipping pointcloud publish.
[component_container_mt-1] [WARN] [1785816058.832115944] [sensing.lidar.concatenate_data]: transformed_raw_points[/sensing/lidar/left/pointcloud_before_sync] is nullptr, skipping pointcloud publish.
[autoware_ndt_scan_matcher_node-24] [INFO] [1785816058.832653697] [localization.pose_estimator.ndt_scan_matcher]: Mismatch between pose timestamp and current timestamp
[component_container_mt-1] [WARN] [1785816058.932398067] [sensing.lidar.concatenate_data]: transformed_raw_points[/sensing/lidar/right/pointcloud_before_sync] is nullptr, skipping pointcloud publish.
[component_container_mt-1] [WARN] [1785816058.932439532] [sensing.lidar.concatenate_data]: transformed_raw_points[/sensing/lidar/left/pointcloud_before_sync] is nullptr, skipping pointcloud publish.
[autoware_ndt_scan_matcher_node-24] [INFO] [1785816058.933031427] [localization.pose_estimator.ndt_scan_matcher]: Mismatch between pose timestamp and current timestamp
[component_container_mt-1] [WARN] [1785816059.031920217] [sensing.lidar.concatenate_data]: transformed_raw_points[/sensing/lidar/right/pointcloud_before_sync] is nullptr, skipping pointcloud publish.
[component_container_mt-1] [WARN] [1785816059.032005045] [sensing.lidar.concatenate_data]: transformed_raw_points[/sensing/lidar/left/pointcloud_before_sync] is nullptr, skipping pointcloud publish.
[autoware_ndt_scan_matcher_node-24] [INFO] [1785816059.032508974] [localization.pose_estimator.ndt_scan_matcher]: Mismatch between pose timestamp and current timestamp
[autoware_mrm_handler_node-13] [INFO] [1785816059.081502129] [system.mrm_handler]: MRM State changed: NORMAL -> MRM_OPERATING
[autoware_mrm_handler_node-13] [WARN] [1785816059.081938130] [system.mrm_handler]: EMERGENCY_STOP is operated.
[component_container_mt-47] [WARN] [1785816059.131816159] [control.vehicle_cmd_gate]: Emergency!
[component_container_mt-1] [WARN] [1785816059.132085363] [sensing.lidar.concatenate_data]: transformed_raw_points[/sensing/lidar/right/pointcloud_before_sync] is nullptr, skipping pointcloud publish.
[component_container_mt-1] [WARN] [1785816059.132124627] [sensing.lidar.concatenate_data]: transformed_raw_points[/sensing/lidar/left/pointcloud_before_sync] is nullptr, skipping pointcloud publish.
[autoware_ndt_scan_matcher_node-24] [INFO] [1785816059.132614160] [localization.pose_estimator.ndt_scan_matcher]: Mismatch between pose timestamp and current timestamp
[autoware_mrm_handler_node-13] [INFO] [1785816059.181697287] [system.mrm_handler]: MRM State changed: MRM_OPERATING -> NORMAL
[autoware_mrm_handler_node-13] [WARN] [1785816059.181921891] [system.mrm_handler]: EMERGENCY_STOP is canceled.
[component_container_mt-1] [WARN] [1785816059.231445837] [sensing.lidar.concatenate_data]: transformed_raw_points[/sensing/lidar/right/pointcloud_before_sync] is nullptr, skipping pointcloud publish.
[component_container_mt-1] [WARN] [1785816059.231489549] [sensing.lidar.concatenate_data]: transformed_raw_points[/sensing/lidar/left/pointcloud_before_sync] is nullptr, skipping pointcloud publish.
[autoware_ndt_scan_matcher_node-24] [INFO] [1785816059.231921434] [localization.pose_estimator.ndt_scan_matcher]: Mismatch between pose timestamp and current timestamp
[component_container_mt-1] [WARN] [1785816059.331324725] [sensing.lidar.concatenate_data]: transformed_raw_points[/sensing/lidar/right/pointcloud_before_sync] is nullptr, skipping pointcloud publish.
[component_container_mt-1] [WARN] [1785816059.331420576] [sensing.lidar.concatenate_data]: transformed_raw_points[/sensing/lidar/left/pointcloud_before_sync] is nullptr, skipping pointcloud publish.
[autoware_ndt_scan_matcher_node-24] [INFO] [1785816059.331915319] [localization.pose_estimator.ndt_scan_matcher]: Mismatch between pose timestamp and current timestamp
[component_container_mt-1] [WARN] [1785816059.431599798] [sensing.lidar.concatenate_data]: transformed_raw_points[/sensing/lidar/right/pointcloud_before_sync] is nullptr, skipping pointcloud publish.
[component_container_mt-1] [WARN] [1785816059.431646216] [sensing.lidar.concatenate_data]: transformed_raw_points[/sensing/lidar/left/pointcloud_before_sync] is nullptr, skipping pointcloud publish.
[autoware_ndt_scan_matcher_node-24] [INFO] [1785816059.432328346] [localization.pose_estimator.ndt_scan_matcher]: Mismatch between pose timestamp and current timestamp
[component_container_mt-1] [WARN] [1785816059.532157034] [sensing.lidar.concatenate_data]: transformed_raw_points[/sensing/lidar/right/pointcloud_before_sync] is nullptr, skipping pointcloud publish.
[component_container_mt-1] [WARN] [1785816059.532193153] [sensing.lidar.concatenate_data]: transformed_raw_points[/sensing/lidar/left/pointcloud_before_sync] is nullptr, skipping pointcloud publish.
[autoware_ndt_scan_matcher_node-24] [INFO] [1785816059.533251106] [localization.pose_estimator.ndt_scan_matcher]: Mismatch between pose timestamp and current timestamp
[component_container_mt-1] [WARN] [1785816059.631875827] [sensing.lidar.concatenate_data]: transformed_raw_points[/sensing/lidar/right/pointcloud_before_sync] is nullptr, skipping pointcloud publish.
[component_container_mt-1] [WARN] [1785816059.631946817] [sensing.lidar.concatenate_data]: transformed_raw_points[/sensing/lidar/left/pointcloud_before_sync] is nullptr, skipping pointcloud publish.
[autoware_ndt_scan_matcher_node-24] [INFO] [1785816059.632636261] [localization.pose_estimator.ndt_scan_matcher]: Mismatch between pose timestamp and current timestamp
[component_container_mt-47] [INFO] [1785816059.681730539] [control.trajectory_follower.controller_node_exe]: Waiting for trajectory data
[component_container_mt-47] [INFO] [1785816059.681780821] [control.trajectory_follower.controller_node_exe]: Control is skipped since input data is not ready.
[component_container_mt-1] [WARN] [1785816059.731712313] [sensing.lidar.concatenate_data]: transformed_raw_points[/sensing/lidar/right/pointcloud_before_sync] is nullptr, skipping pointcloud publish.
[component_container_mt-1] [WARN] [1785816059.731757711] [sensing.lidar.concatenate_data]: transformed_raw_points[/sensing/lidar/left/pointcloud_before_sync] is nullptr, skipping pointcloud publish.
[autoware_ndt_scan_matcher_node-24] [INFO] [1785816059.732207604] [localization.pose_estimator.ndt_scan_matcher]: Mismatch between pose timestamp and current timestamp
[component_container-7] [WARN] [1785816059.782176449] [system.topic_state_monitor_control_command_control_cmd]: /control/command/control_cmd topic rate has dropped to the warning level. Set WARN in diagnostics.
[component_container_mt-1] [WARN] [1785816059.831644945] [sensing.lidar.concatenate_data]: transformed_raw_points[/sensing/lidar/right/pointcloud_before_sync] is nullptr, skipping pointcloud publish.
[component_container_mt-1] [WARN] [1785816059.831712785] [sensing.lidar.concatenate_data]: transformed_raw_points[/sensing/lidar/left/pointcloud_before_sync] is nullptr, skipping pointcloud publish.
[autoware_ndt_scan_matcher_node-24] [INFO] [1785816059.832219601] [localization.pose_estimator.ndt_scan_matcher]: Mismatch between pose timestamp and current timestamp
[component_container_mt-1] [WARN] [1785816059.932142190] [sensing.lidar.concatenate_data]: transformed_raw_points[/sensing/lidar/right/pointcloud_before_sync] is nullptr, skipping pointcloud publish.
[component_container_mt-1] [WARN] [1785816059.932185937] [sensing.lidar.concatenate_data]: transformed_raw_points[/sensing/lidar/left/pointcloud_before_sync] is nullptr, skipping pointcloud publish.
[autoware_ndt_scan_matcher_node-24] [INFO] [1785816059.933950797] [localization.pose_estimator.ndt_scan_matcher]: Mismatch between pose timestamp and current timestamp
[component_container_mt-1] [WARN] [1785816060.031545730] [sensing.lidar.concatenate_data]: transformed_raw_points[/sensing/lidar/right/pointcloud_before_sync] is nullptr, skipping pointcloud publish.
[component_container_mt-1] [WARN] [1785816060.031608970] [sensing.lidar.concatenate_data]: transformed_raw_points[/sensing/lidar/left/pointcloud_before_sync] is nullptr, skipping pointcloud publish.
[component_container_mt-40] [INFO] [1785816060.032027377] [planning.scenario_planning.lane_driving.behavior_planning.behavior_path_planner]: waiting for scenario_topic
[autoware_ndt_scan_matcher_node-24] [INFO] [1785816060.032860367] [localization.pose_estimator.ndt_scan_matcher]: Mismatch between pose timestamp and current timestamp
[autoware_mrm_handler_node-13] [INFO] [1785816060.081875999] [system.mrm_handler]: MRM State changed: NORMAL -> MRM_OPERATING
[autoware_mrm_handler_node-13] [WARN] [1785816060.082766438] [system.mrm_handler]: EMERGENCY_STOP is operated.
[component_container_mt-47] [WARN] [1785816060.131450638] [control.vehicle_cmd_gate]: Emergency!
[component_container_mt-1] [WARN] [1785816060.131486443] [sensing.lidar.concatenate_data]: transformed_raw_points[/sensing/lidar/right/pointcloud_before_sync] is nullptr, skipping pointcloud publish.
[component_container_mt-1] [WARN] [1785816060.131522784] [sensing.lidar.concatenate_data]: transformed_raw_points[/sensing/lidar/left/pointcloud_before_sync] is nullptr, skipping pointcloud publish.
[autoware_ndt_scan_matcher_node-24] [INFO] [1785816060.132012387] [localization.pose_estimator.ndt_scan_matcher]: Mismatch between pose timestamp and current timestamp
[component_container-18] [WARN] [1785816060.139436339] [sensing.lidar.top.crop_box_filter_self]: Invalid PointCloud: is_dense is false. The point cloud should be organized (dense) and contain only valid points. This will be an ERROR starting in 2026 JulyFrame: 'velodyne_top', Stamp: 65.172813211
[autoware_mrm_handler_node-13] [INFO] [1785816060.181727186] [system.mrm_handler]: MRM State changed: MRM_OPERATING -> NORMAL
[autoware_mrm_handler_node-13] [WARN] [1785816060.182638893] [system.mrm_handler]: EMERGENCY_STOP is canceled.
[component_container_mt-1] [WARN] [1785816060.231920864] [sensing.lidar.concatenate_data]: transformed_raw_points[/sensing/lidar/right/pointcloud_before_sync] is nullptr, skipping pointcloud publish.
[component_container_mt-1] [WARN] [1785816060.231965216] [sensing.lidar.concatenate_data]: transformed_raw_points[/sensing/lidar/left/pointcloud_before_sync] is nullptr, skipping pointcloud publish.
[autoware_ndt_scan_matcher_node-24] [INFO] [1785816060.232408311] [localization.pose_estimator.ndt_scan_matcher]: Mismatch between pose timestamp and current timestamp
[component_container_mt-1] [WARN] [1785816060.331784298] [sensing.lidar.concatenate_data]: transformed_raw_points[/sensing/lidar/right/pointcloud_before_sync] is nullptr, skipping pointcloud publish.
[component_container_mt-1] [WARN] [1785816060.331826680] [sensing.lidar.concatenate_data]: transformed_raw_points[/sensing/lidar/left/pointcloud_before_sync] is nullptr, skipping pointcloud publish.
[autoware_ndt_scan_matcher_node-24] [INFO] [1785816060.332294921] [localization.pose_estimator.ndt_scan_matcher]: Mismatch between pose timestamp and current timestamp
[component_container_mt-1] [WARN] [1785816060.431494139] [sensing.lidar.concatenate_data]: transformed_raw_points[/sensing/lidar/right/pointcloud_before_sync] is nullptr, skipping pointcloud publish.
[component_container_mt-1] [WARN] [1785816060.431540053] [sensing.lidar.concatenate_data]: transformed_raw_points[/sensing/lidar/left/pointcloud_before_sync] is nullptr, skipping pointcloud publish.
[autoware_ndt_scan_matcher_node-24] [INFO] [1785816060.432678927] [localization.pose_estimator.ndt_scan_matcher]: Mismatch between pose timestamp and current timestamp
[component_container_mt-48] [INFO] [1785816060.531533525] [control.autonomous_emergency_braking]: [AEB] waiting for control predicted trajectory
[component_container_mt-1] [WARN] [1785816060.531831412] [sensing.lidar.concatenate_data]: transformed_raw_points[/sensing/lidar/right/pointcloud_before_sync] is nullptr, skipping pointcloud publish.
[component_container_mt-1] [WARN] [1785816060.531862084] [sensing.lidar.concatenate_data]: transformed_raw_points[/sensing/lidar/left/pointcloud_before_sync] is nullptr, skipping pointcloud publish.
[autoware_ndt_scan_matcher_node-24] [INFO] [1785816060.532963163] [localization.pose_estimator.ndt_scan_matcher]: Mismatch between pose timestamp and current timestamp
[component_container_mt-1] [WARN] [1785816060.540355589] [localization.util.crop_box_filter_measurement_range]: Invalid PointCloud: row_step mismatch. Expected: 97728 (width 6108 * point_step 16), Got: 0. Frame: 'base_link', Stamp: 65.572813217 Please fill in the `cloud->row_step` field accordingly. This will be an ERROR starting in 2026 July
[component_container_mt-1] [WARN] [1785816060.631948041] [sensing.lidar.concatenate_data]: transformed_raw_points[/sensing/lidar/right/pointcloud_before_sync] is nullptr, skipping pointcloud publish.
[component_container_mt-1] [WARN] [1785816060.631989719] [sensing.lidar.concatenate_data]: transformed_raw_points[/sensing/lidar/left/pointcloud_before_sync] is nullptr, skipping pointcloud publish.
[autoware_ndt_scan_matcher_node-24] [INFO] [1785816060.632536810] [localization.pose_estimator.ndt_scan_matcher]: Mismatch between pose timestamp and current timestamp
[component_container_mt-1] [WARN] [1785816060.731848941] [sensing.lidar.concatenate_data]: transformed_raw_points[/sensing/lidar/right/pointcloud_before_sync] is nullptr, skipping pointcloud publish.
[component_container_mt-1] [WARN] [1785816060.731922656] [sensing.lidar.concatenate_data]: transformed_raw_points[/sensing/lidar/left/pointcloud_before_sync] is nullptr, skipping pointcloud publish.
[autoware_ndt_scan_matcher_node-24] [INFO] [1785816060.733039445] [localization.pose_estimator.ndt_scan_matcher]: Mismatch between pose timestamp and current timestamp
[component_container_mt-1] [WARN] [1785816060.832003440] [sensing.lidar.concatenate_data]: transformed_raw_points[/sensing/lidar/right/pointcloud_before_sync] is nullptr, skipping pointcloud publish.
[component_container_mt-1] [WARN] [1785816060.832049551] [sensing.lidar.concatenate_data]: transformed_raw_points[/sensing/lidar/left/pointcloud_before_sync] is nullptr, skipping pointcloud publish.
[autoware_ndt_scan_matcher_node-24] [INFO] [1785816060.832500355] [localization.pose_estimator.ndt_scan_matcher]: Mismatch between pose timestamp and current timestamp
[component_container_mt-47] [INFO] [1785816060.882090284] [control.vehicle_cmd_gate]: The operation mode is changed, but the GearCommand is not received yet:
[component_container_mt-1] [WARN] [1785816060.931827018] [sensing.lidar.concatenate_data]: transformed_raw_points[/sensing/lidar/right/pointcloud_before_sync] is nullptr, skipping pointcloud publish.
[component_container_mt-1] [WARN] [1785816060.931877155] [sensing.lidar.concatenate_data]: transformed_raw_points[/sensing/lidar/left/pointcloud_before_sync] is nullptr, skipping pointcloud publish.
[autoware_ndt_scan_matcher_node-24] [INFO] [1785816060.932338281] [localization.pose_estimator.ndt_scan_matcher]: Mismatch between pose timestamp and current timestamp
[component_container-18] [WARN] [1785816060.939054138] [sensing.lidar.top.distortion_corrector_node]: Twist time_stamp is too late. Could not interpolate.
[component_container-18] [WARN] [1785816060.939080080] [sensing.lidar.top.distortion_corrector_node]: IMU time_stamp is too late. Could not interpolate.
[component_container_mt-1] [WARN] [1785816061.031486077] [sensing.lidar.concatenate_data]: transformed_raw_points[/sensing/lidar/right/pointcloud_before_sync] is nullptr, skipping pointcloud publish.
[component_container_mt-1] [WARN] [1785816061.031545036] [sensing.lidar.concatenate_data]: transformed_raw_points[/sensing/lidar/left/pointcloud_before_sync] is nullptr, skipping pointcloud publish.
[autoware_ndt_scan_matcher_node-24] [INFO] [1785816061.032812340] [localization.pose_estimator.ndt_scan_matcher]: Mismatch between pose timestamp and current timestamp
[autoware_mrm_handler_node-13] [INFO] [1785816061.081621723] [system.mrm_handler]: MRM State changed: NORMAL -> MRM_OPERATING
[autoware_mrm_handler_node-13] [WARN] [1785816061.081802260] [system.mrm_handler]: EMERGENCY_STOP is operated.
[component_container_mt-47] [WARN] [1785816061.131560182] [control.vehicle_cmd_gate]: Emergency!
[component_container_mt-1] [WARN] [1785816061.132156383] [sensing.lidar.concatenate_data]: transformed_raw_points[/sensing/lidar/right/pointcloud_before_sync] is nullptr, skipping pointcloud publish.
[component_container_mt-1] [WARN] [1785816061.132190925] [sensing.lidar.concatenate_data]: transformed_raw_points[/sensing/lidar/left/pointcloud_before_sync] is nullptr, skipping pointcloud publish.
[autoware_ndt_scan_matcher_node-24] [INFO] [1785816061.132681740] [localization.pose_estimator.ndt_scan_matcher]: Mismatch between pose timestamp and current timestamp
[autoware_mrm_handler_node-13] [INFO] [1785816061.181395263] [system.mrm_handler]: MRM State changed: MRM_OPERATING -> NORMAL
[logging_node-14] [WARN] [1785816061.181619828] [logging_diag_graph]: The target mode is not available for the following reasons:
[logging_node-14] - /autoware/modes/autonomous ERROR
[logging_node-14]     - /autoware/planning ERROR
[logging_node-14]         - /autoware/planning/routing/state ERROR
[logging_node-14]         - [anonymous group] ERROR
[logging_node-14]             - /autoware/planning/topic_rate_check/route ERROR
[logging_node-14]             - /autoware/planning/topic_rate_check/trajectory ERROR
[logging_node-14]     - /autoware/control ERROR
[logging_node-14]         - /autoware/control/topic_rate_check/trajectory_follower ERROR
[logging_node-14]         - /autoware/control/topic_rate_check/control_command WARN 
[logging_node-14] 
[autoware_mrm_handler_node-13] [WARN] [1785816061.181811771] [system.mrm_handler]: EMERGENCY_STOP is canceled.
[component_container_mt-1] [WARN] [1785816061.231452708] [sensing.lidar.concatenate_data]: transformed_raw_points[/sensing/lidar/right/pointcloud_before_sync] is nullptr, skipping pointcloud publish.
[component_container_mt-1] [WARN] [1785816061.231501512] [sensing.lidar.concatenate_data]: transformed_raw_points[/sensing/lidar/left/pointcloud_before_sync] is nullptr, skipping pointcloud publish.
[component_container-7] [INFO] [1785816061.231760122] [system.topic_state_monitor_scenario_planning_trajectory]: /planning/trajectory has not received. Set ERROR in diagnostics.
[autoware_ndt_scan_matcher_node-24] [INFO] [1785816061.231956737] [localization.pose_estimator.ndt_scan_matcher]: Mismatch between pose timestamp and current timestamp
[component_container_mt-1] [WARN] [1785816061.332673245] [sensing.lidar.concatenate_data]: transformed_raw_points[/sensing/lidar/right/pointcloud_before_sync] is nullptr, skipping pointcloud publish.
[component_container_mt-1] [WARN] [1785816061.332717345] [sensing.lidar.concatenate_data]: transformed_raw_points[/sensing/lidar/left/pointcloud_before_sync] is nullptr, skipping pointcloud publish.
[autoware_ndt_scan_matcher_node-24] [INFO] [1785816061.333990748] [localization.pose_estimator.ndt_scan_matcher]: Mismatch between pose timestamp and current timestamp
[component_container_mt-1] [WARN] [1785816061.432239285] [sensing.lidar.concatenate_data]: transformed_raw_points[/sensing/lidar/right/pointcloud_before_sync] is nullptr, skipping pointcloud publish.
[component_container_mt-1] [WARN] [1785816061.432283058] [sensing.lidar.concatenate_data]: transformed_raw_points[/sensing/lidar/left/pointcloud_before_sync] is nullptr, skipping pointcloud publish.
[autoware_ndt_scan_matcher_node-24] [INFO] [1785816061.432841489] [localization.pose_estimator.ndt_scan_matcher]: Mismatch between pose timestamp and current timestamp
[component_container_mt-1] [WARN] [1785816061.531811512] [sensing.lidar.concatenate_data]: transformed_raw_points[/sensing/lidar/right/pointcloud_before_sync] is nullptr, skipping pointcloud publish.
[component_container_mt-1] [WARN] [1785816061.531855430] [sensing.lidar.concatenate_data]: transformed_raw_points[/sensing/lidar/left/pointcloud_before_sync] is nullptr, skipping pointcloud publish.
[autoware_ndt_scan_matcher_node-24] [INFO] [1785816061.532390295] [localization.pose_estimator.ndt_scan_matcher]: Mismatch between pose timestamp and current timestamp
[component_container_mt-1] [WARN] [1785816061.631905963] [sensing.lidar.concatenate_data]: transformed_raw_points[/sensing/lidar/right/pointcloud_before_sync] is nullptr, skipping pointcloud publish.
[component_container_mt-1] [WARN] [1785816061.631955069] [sensing.lidar.concatenate_data]: transformed_raw_points[/sensing/lidar/left/pointcloud_before_sync] is nullptr, skipping pointcloud publish.
[autoware_ndt_scan_matcher_node-24] [INFO] [1785816061.632582723] [localization.pose_estimator.ndt_scan_matcher]: Mismatch between pose timestamp and current timestamp
[component_container_mt-1] [WARN] [1785816061.732771969] [sensing.lidar.concatenate_data]: transformed_raw_points[/sensing/lidar/right/pointcloud_before_sync] is nullptr, skipping pointcloud publish.
[component_container_mt-1] [WARN] [1785816061.732815484] [sensing.lidar.concatenate_data]: transformed_raw_points[/sensing/lidar/left/pointcloud_before_sync] is nullptr, skipping pointcloud publish.
[autoware_ndt_scan_matcher_node-24] [INFO] [1785816061.733321296] [localization.pose_estimator.ndt_scan_matcher]: Mismatch between pose timestamp and current timestamp
[component_container_mt-1] [WARN] [1785816061.831915677] [sensing.lidar.concatenate_data]: transformed_raw_points[/sensing/lidar/right/pointcloud_before_sync] is nullptr, skipping pointcloud publish.
[component_container_mt-1] [WARN] [1785816061.831964438] [sensing.lidar.concatenate_data]: transformed_raw_points[/sensing/lidar/left/pointcloud_before_sync] is nullptr, skipping pointcloud publish.
[autoware_ndt_scan_matcher_node-24] [INFO] [1785816061.832438090] [localization.pose_estimator.ndt_scan_matcher]: Mismatch between pose timestamp and current timestamp
[component_container_mt-1] [WARN] [1785816061.931477275] [sensing.lidar.concatenate_data]: transformed_raw_points[/sensing/lidar/right/pointcloud_before_sync] is nullptr, skipping pointcloud publish.
[component_container_mt-1] [WARN] [1785816061.931524524] [sensing.lidar.concatenate_data]: transformed_raw_points[/sensing/lidar/left/pointcloud_before_sync] is nullptr, skipping pointcloud publish.
[autoware_ndt_scan_matcher_node-24] [INFO] [1785816061.932739377] [localization.pose_estimator.ndt_scan_matcher]: Mismatch between pose timestamp and current timestamp
[component_container_mt-1] [WARN] [1785816062.032213414] [sensing.lidar.concatenate_data]: transformed_raw_points[/sensing/lidar/right/pointcloud_before_sync] is nullptr, skipping pointcloud publish.
[component_container_mt-1] [WARN] [1785816062.032262942] [sensing.lidar.concatenate_data]: transformed_raw_points[/sensing/lidar/left/pointcloud_before_sync] is nullptr, skipping pointcloud publish.
[autoware_ndt_scan_matcher_node-24] [INFO] [1785816062.033880971] [localization.pose_estimator.ndt_scan_matcher]: Mismatch between pose timestamp and current timestamp
[autoware_mrm_handler_node-13] [INFO] [1785816062.082236825] [system.mrm_handler]: MRM State changed: NORMAL -> MRM_OPERATING
[autoware_mrm_handler_node-13] [WARN] [1785816062.082698162] [system.mrm_handler]: EMERGENCY_STOP is operated.
[component_container_mt-1] [WARN] [1785816062.131517092] [sensing.lidar.concatenate_data]: transformed_raw_points[/sensing/lidar/right/pointcloud_before_sync] is nullptr, skipping pointcloud publish.
[component_container_mt-1] [WARN] [1785816062.131562602] [sensing.lidar.concatenate_data]: transformed_raw_points[/sensing/lidar/left/pointcloud_before_sync] is nullptr, skipping pointcloud publish.
[component_container_mt-47] [WARN] [1785816062.131998230] [control.vehicle_cmd_gate]: Emergency!
[autoware_ndt_scan_matcher_node-24] [INFO] [1785816062.132033936] [localization.pose_estimator.ndt_scan_matcher]: Mismatch between pose timestamp and current timestamp
[component_container_mt-48] [INFO] [1785816062.132167089] [control.control_validator]: waiting for /planning/trajectory
[autoware_mrm_handler_node-13] [INFO] [1785816062.183155069] [system.mrm_handler]: MRM State changed: MRM_OPERATING -> NORMAL
[autoware_mrm_handler_node-13] [WARN] [1785816062.183966147] [system.mrm_handler]: EMERGENCY_STOP is canceled.
[component_container_mt-1] [WARN] [1785816062.231667550] [sensing.lidar.concatenate_data]: transformed_raw_points[/sensing/lidar/right/pointcloud_before_sync] is nullptr, skipping pointcloud publish.
[component_container_mt-1] [WARN] [1785816062.231709730] [sensing.lidar.concatenate_data]: transformed_raw_points[/sensing/lidar/left/pointcloud_before_sync] is nullptr, skipping pointcloud publish.
[autoware_ndt_scan_matcher_node-24] [INFO] [1785816062.232290644] [localization.pose_estimator.ndt_scan_matcher]: Mismatch between pose timestamp and current timestamp
[component_container_mt-48] [INFO] [1785816062.281351840] [control.trajectory_follower.lane_departure_checker_node]: waiting for route msg...
[autoware_scenario_selector_node-36] [INFO] [1785816062.281962896] [planning.scenario_planning.scenario_selector]: Waiting for route.
[component_container_mt-1] [WARN] [1785816062.331606059] [sensing.lidar.concatenate_data]: transformed_raw_points[/sensing/lidar/right/pointcloud_before_sync] is nullptr, skipping pointcloud publish.
[component_container_mt-1] [WARN] [1785816062.331657072] [sensing.lidar.concatenate_data]: transformed_raw_points[/sensing/lidar/left/pointcloud_before_sync] is nullptr, skipping pointcloud publish.
[autoware_ndt_scan_matcher_node-24] [INFO] [1785816062.332109038] [localization.pose_estimator.ndt_scan_matcher]: Mismatch between pose timestamp and current timestamp
[component_container_mt-1] [WARN] [1785816062.431559789] [sensing.lidar.concatenate_data]: transformed_raw_points[/sensing/lidar/right/pointcloud_before_sync] is nullptr, skipping pointcloud publish.
[component_container_mt-1] [WARN] [1785816062.431618222] [sensing.lidar.concatenate_data]: transformed_raw_points[/sensing/lidar/left/pointcloud_before_sync] is nullptr, skipping pointcloud publish.
[autoware_ndt_scan_matcher_node-24] [INFO] [1785816062.432166708] [localization.pose_estimator.ndt_scan_matcher]: Mismatch between pose timestamp and current timestamp
[component_container_mt-1] [WARN] [1785816062.532179728] [sensing.lidar.concatenate_data]: transformed_raw_points[/sensing/lidar/right/pointcloud_before_sync] is nullptr, skipping pointcloud publish.
[component_container_mt-1] [WARN] [1785816062.532221877] [sensing.lidar.concatenate_data]: transformed_raw_points[/sensing/lidar/left/pointcloud_before_sync] is nullptr, skipping pointcloud publish.
[autoware_ndt_scan_matcher_node-24] [INFO] [1785816062.532798957] [localization.pose_estimator.ndt_scan_matcher]: Mismatch between pose timestamp and current timestamp
[component_container_mt-1] [WARN] [1785816062.631970556] [sensing.lidar.concatenate_data]: transformed_raw_points[/sensing/lidar/right/pointcloud_before_sync] is nullptr, skipping pointcloud publish.
[component_container_mt-1] [WARN] [1785816062.632011998] [sensing.lidar.concatenate_data]: transformed_raw_points[/sensing/lidar/left/pointcloud_before_sync] is nullptr, skipping pointcloud publish.
[autoware_ndt_scan_matcher_node-24] [INFO] [1785816062.632445310] [localization.pose_estimator.ndt_scan_matcher]: Mismatch between pose timestamp and current timestamp
[component_container_mt-1] [WARN] [1785816062.732604225] [sensing.lidar.concatenate_data]: transformed_raw_points[/sensing/lidar/right/pointcloud_before_sync] is nullptr, skipping pointcloud publish.
[component_container_mt-1] [WARN] [1785816062.732647334] [sensing.lidar.concatenate_data]: transformed_raw_points[/sensing/lidar/left/pointcloud_before_sync] is nullptr, skipping pointcloud publish.
[autoware_ndt_scan_matcher_node-24] [INFO] [1785816062.733128810] [localization.pose_estimator.ndt_scan_matcher]: Mismatch between pose timestamp and current timestamp
[component_container-7] [WARN] [1785816062.781939301] [system.topic_state_monitor_control_command_control_cmd]: /control/command/control_cmd topic rate has dropped to the warning level. Set WARN in diagnostics.
[component_container_mt-1] [WARN] [1785816062.831980245] [sensing.lidar.concatenate_data]: transformed_raw_points[/sensing/lidar/right/pointcloud_before_sync] is nullptr, skipping pointcloud publish.
[component_container_mt-1] [WARN] [1785816062.832019230] [sensing.lidar.concatenate_data]: transformed_raw_points[/sensing/lidar/left/pointcloud_before_sync] is nullptr, skipping pointcloud publish.
[autoware_ndt_scan_matcher_node-24] [INFO] [1785816062.833141659] [localization.pose_estimator.ndt_scan_matcher]: Mismatch between pose timestamp and current timestamp
[component_container_mt-1] [WARN] [1785816062.931828927] [sensing.lidar.concatenate_data]: transformed_raw_points[/sensing/lidar/right/pointcloud_before_sync] is nullptr, skipping pointcloud publish.
[component_container_mt-1] [WARN] [1785816062.931869825] [sensing.lidar.concatenate_data]: transformed_raw_points[/sensing/lidar/left/pointcloud_before_sync] is nullptr, skipping pointcloud publish.
[autoware_ndt_scan_matcher_node-24] [INFO] [1785816062.933004984] [localization.pose_estimator.ndt_scan_matcher]: Mismatch between pose timestamp and current timestamp
[component_container_mt-1] [WARN] [1785816063.031933066] [sensing.lidar.concatenate_data]: transformed_raw_points[/sensing/lidar/right/pointcloud_before_sync] is nullptr, skipping pointcloud publish.
[component_container_mt-1] [WARN] [1785816063.031981299] [sensing.lidar.concatenate_data]: transformed_raw_points[/sensing/lidar/left/pointcloud_before_sync] is nullptr, skipping pointcloud publish.
[autoware_ndt_scan_matcher_node-24] [INFO] [1785816063.033079215] [localization.pose_estimator.ndt_scan_matcher]: Mismatch between pose timestamp and current timestamp
[autoware_mrm_handler_node-13] [INFO] [1785816063.081687082] [system.mrm_handler]: MRM State changed: NORMAL -> MRM_OPERATING
[autoware_mrm_handler_node-13] [WARN] [1785816063.081858008] [system.mrm_handler]: EMERGENCY_STOP is operated.
[component_container_mt-1] [WARN] [1785816063.131485637] [sensing.lidar.concatenate_data]: transformed_raw_points[/sensing/lidar/right/pointcloud_before_sync] is nullptr, skipping pointcloud publish.
[component_container_mt-1] [WARN] [1785816063.131530173] [sensing.lidar.concatenate_data]: transformed_raw_points[/sensing/lidar/left/pointcloud_before_sync] is nullptr, skipping pointcloud publish.
[component_container_mt-47] [WARN] [1785816063.131729671] [control.vehicle_cmd_gate]: Emergency!
[autoware_ndt_scan_matcher_node-24] [INFO] [1785816063.132092505] [localization.pose_estimator.ndt_scan_matcher]: Mismatch between pose timestamp and current timestamp
[autoware_mrm_handler_node-13] [INFO] [1785816063.181836881] [system.mrm_handler]: MRM State changed: MRM_OPERATING -> NORMAL
[autoware_mrm_handler_node-13] [WARN] [1785816063.182068143] [system.mrm_handler]: EMERGENCY_STOP is canceled.
[component_container_mt-1] [WARN] [1785816063.232018827] [sensing.lidar.concatenate_data]: transformed_raw_points[/sensing/lidar/right/pointcloud_before_sync] is nullptr, skipping pointcloud publish.
[component_container_mt-1] [WARN] [1785816063.232063264] [sensing.lidar.concatenate_data]: transformed_raw_points[/sensing/lidar/left/pointcloud_before_sync] is nullptr, skipping pointcloud publish.
[autoware_ndt_scan_matcher_node-24] [INFO] [1785816063.233159292] [localization.pose_estimator.ndt_scan_matcher]: Mismatch between pose timestamp and current timestamp
[component_container_mt-1] [WARN] [1785816063.331361519] [sensing.lidar.concatenate_data]: transformed_raw_points[/sensing/lidar/right/pointcloud_before_sync] is nullptr, skipping pointcloud publish.
[component_container_mt-1] [WARN] [1785816063.331408164] [sensing.lidar.concatenate_data]: transformed_raw_points[/sensing/lidar/left/pointcloud_before_sync] is nullptr, skipping pointcloud publish.
[autoware_ndt_scan_matcher_node-24] [INFO] [1785816063.332154903] [localization.pose_estimator.ndt_scan_matcher]: Mismatch between pose timestamp and current timestamp
[component_container_mt-1] [WARN] [1785816063.431580813] [sensing.lidar.concatenate_data]: transformed_raw_points[/sensing/lidar/right/pointcloud_before_sync] is nullptr, skipping pointcloud publish.
[component_container_mt-1] [WARN] [1785816063.431622160] [sensing.lidar.concatenate_data]: transformed_raw_points[/sensing/lidar/left/pointcloud_before_sync] is nullptr, skipping pointcloud publish.
[autoware_ndt_scan_matcher_node-24] [INFO] [1785816063.432867849] [localization.pose_estimator.ndt_scan_matcher]: Mismatch between pose timestamp and current timestamp
[component_container_mt-1] [WARN] [1785816063.531505941] [sensing.lidar.concatenate_data]: transformed_raw_points[/sensing/lidar/right/pointcloud_before_sync] is nullptr, skipping pointcloud publish.
[component_container_mt-1] [WARN] [1785816063.531559767] [sensing.lidar.concatenate_data]: transformed_raw_points[/sensing/lidar/left/pointcloud_before_sync] is nullptr, skipping pointcloud publish.
[autoware_ndt_scan_matcher_node-24] [INFO] [1785816063.532669663] [localization.pose_estimator.ndt_scan_matcher]: Mismatch between pose timestamp and current timestamp
[component_container_mt-1] [WARN] [1785816063.631353538] [sensing.lidar.concatenate_data]: transformed_raw_points[/sensing/lidar/right/pointcloud_before_sync] is nullptr, skipping pointcloud publish.
[component_container_mt-1] [WARN] [1785816063.631413662] [sensing.lidar.concatenate_data]: transformed_raw_points[/sensing/lidar/left/pointcloud_before_sync] is nullptr, skipping pointcloud publish.
[autoware_ndt_scan_matcher_node-24] [INFO] [1785816063.632006538] [localization.pose_estimator.ndt_scan_matcher]: Mismatch between pose timestamp and current timestamp
[component_container_mt-1] [WARN] [1785816063.731431310] [sensing.lidar.concatenate_data]: transformed_raw_points[/sensing/lidar/right/pointcloud_before_sync] is nullptr, skipping pointcloud publish.
[autoware_ndt_scan_matcher_node-24] [INFO] [1785816063.732087529] [localization.pose_estimator.ndt_scan_matcher]: Mismatch between pose timestamp and current timestamp
[component_container_mt-1] [WARN] [1785816063.731481760] [sensing.lidar.concatenate_data]: transformed_raw_points[/sensing/lidar/left/pointcloud_before_sync] is nullptr, skipping pointcloud publish.
[component_container_mt-1] [WARN] [1785816063.832041808] [sensing.lidar.concatenate_data]: transformed_raw_points[/sensing/lidar/right/pointcloud_before_sync] is nullptr, skipping pointcloud publish.
[component_container_mt-1] [WARN] [1785816063.832082838] [sensing.lidar.concatenate_data]: transformed_raw_points[/sensing/lidar/left/pointcloud_before_sync] is nullptr, skipping pointcloud publish.
[autoware_ndt_scan_matcher_node-24] [INFO] [1785816063.832508006] [localization.pose_estimator.ndt_scan_matcher]: Mismatch between pose timestamp and current timestamp
[component_container_mt-1] [WARN] [1785816063.932048887] [sensing.lidar.concatenate_data]: transformed_raw_points[/sensing/lidar/right/pointcloud_before_sync] is nullptr, skipping pointcloud publish.
[component_container_mt-1] [WARN] [1785816063.932090915] [sensing.lidar.concatenate_data]: transformed_raw_points[/sensing/lidar/left/pointcloud_before_sync] is nullptr, skipping pointcloud publish.
[autoware_ndt_scan_matcher_node-24] [INFO] [1785816063.932566817] [localization.pose_estimator.ndt_scan_matcher]: Mismatch between pose timestamp and current timestamp
[component_container_mt-1] [WARN] [1785816064.031776758] [sensing.lidar.concatenate_data]: transformed_raw_points[/sensing/lidar/right/pointcloud_before_sync] is nullptr, skipping pointcloud publish.
[component_container_mt-1] [WARN] [1785816064.031826642] [sensing.lidar.concatenate_data]: transformed_raw_points[/sensing/lidar/left/pointcloud_before_sync] is nullptr, skipping pointcloud publish.
[autoware_ndt_scan_matcher_node-24] [INFO] [1785816064.032321666] [localization.pose_estimator.ndt_scan_matcher]: Mismatch between pose timestamp and current timestamp
[autoware_mrm_handler_node-13] [INFO] [1785816064.081623963] [system.mrm_handler]: MRM State changed: NORMAL -> MRM_OPERATING
[autoware_mrm_handler_node-13] [WARN] [1785816064.082198908] [system.mrm_handler]: EMERGENCY_STOP is operated.
[component_container_mt-47] [WARN] [1785816064.131792921] [control.vehicle_cmd_gate]: Emergency!
[component_container_mt-1] [WARN] [1785816064.131581872] [sensing.lidar.concatenate_data]: transformed_raw_points[/sensing/lidar/right/pointcloud_before_sync] is nullptr, skipping pointcloud publish.
[component_container_mt-1] [WARN] [1785816064.131957773] [sensing.lidar.concatenate_data]: transformed_raw_points[/sensing/lidar/left/pointcloud_before_sync] is nullptr, skipping pointcloud publish.
[autoware_ndt_scan_matcher_node-24] [INFO] [1785816064.132309593] [localization.pose_estimator.ndt_scan_matcher]: Mismatch between pose timestamp and current timestamp
[autoware_mrm_handler_node-13] [INFO] [1785816064.181313710] [system.mrm_handler]: MRM State changed: MRM_OPERATING -> NORMAL
[autoware_mrm_handler_node-13] [WARN] [1785816064.181722799] [system.mrm_handler]: EMERGENCY_STOP is canceled.
[logging_node-14] [WARN] [1785816064.182149422] [logging_diag_graph]: The target mode is not available for the following reasons:
[logging_node-14] - /autoware/modes/autonomous ERROR
[logging_node-14]     - /autoware/planning ERROR
[logging_node-14]         - /autoware/planning/routing/state ERROR
[logging_node-14]         - [anonymous group] ERROR
[logging_node-14]             - /autoware/planning/topic_rate_check/route ERROR
[logging_node-14]             - /autoware/planning/topic_rate_check/trajectory ERROR
[logging_node-14]     - /autoware/control ERROR
[logging_node-14]         - /autoware/control/topic_rate_check/trajectory_follower ERROR
[logging_node-14]         - /autoware/control/topic_rate_check/control_command WARN 
[logging_node-14] 
[component_container_mt-1] [WARN] [1785816064.231798790] [sensing.lidar.concatenate_data]: transformed_raw_points[/sensing/lidar/right/pointcloud_before_sync] is nullptr, skipping pointcloud publish.
[component_container_mt-1] [WARN] [1785816064.231842716] [sensing.lidar.concatenate_data]: transformed_raw_points[/sensing/lidar/left/pointcloud_before_sync] is nullptr, skipping pointcloud publish.
[component_container-7] [INFO] [1785816064.231851965] [system.topic_state_monitor_scenario_planning_trajectory]: /planning/trajectory has not received. Set ERROR in diagnostics.
[autoware_ndt_scan_matcher_node-24] [INFO] [1785816064.232494149] [localization.pose_estimator.ndt_scan_matcher]: Mismatch between pose timestamp and current timestamp
[component_container_mt-1] [WARN] [1785816064.331320032] [sensing.lidar.concatenate_data]: transformed_raw_points[/sensing/lidar/right/pointcloud_before_sync] is nullptr, skipping pointcloud publish.
[component_container_mt-1] [WARN] [1785816064.331366877] [sensing.lidar.concatenate_data]: transformed_raw_points[/sensing/lidar/left/pointcloud_before_sync] is nullptr, skipping pointcloud publish.
[autoware_ndt_scan_matcher_node-24] [INFO] [1785816064.332531173] [localization.pose_estimator.ndt_scan_matcher]: Mismatch between pose timestamp and current timestamp
[component_container_mt-1] [WARN] [1785816064.431919167] [sensing.lidar.concatenate_data]: transformed_raw_points[/sensing/lidar/right/pointcloud_before_sync] is nullptr, skipping pointcloud publish.
[component_container_mt-1] [WARN] [1785816064.431963436] [sensing.lidar.concatenate_data]: transformed_raw_points[/sensing/lidar/left/pointcloud_before_sync] is nullptr, skipping pointcloud publish.
[autoware_ndt_scan_matcher_node-24] [INFO] [1785816064.433231560] [localization.pose_estimator.ndt_scan_matcher]: Mismatch between pose timestamp and current timestamp
[component_container_mt-1] [WARN] [1785816064.531594970] [sensing.lidar.concatenate_data]: transformed_raw_points[/sensing/lidar/right/pointcloud_before_sync] is nullptr, skipping pointcloud publish.
[component_container_mt-1] [WARN] [1785816064.531638261] [sensing.lidar.concatenate_data]: transformed_raw_points[/sensing/lidar/left/pointcloud_before_sync] is nullptr, skipping pointcloud publish.
[autoware_ndt_scan_matcher_node-24] [INFO] [1785816064.532485745] [localization.pose_estimator.ndt_scan_matcher]: Mismatch between pose timestamp and current timestamp
[component_container_mt-1] [WARN] [1785816064.631796342] [sensing.lidar.concatenate_data]: transformed_raw_points[/sensing/lidar/right/pointcloud_before_sync] is nullptr, skipping pointcloud publish.
[component_container_mt-1] [WARN] [1785816064.631845064] [sensing.lidar.concatenate_data]: transformed_raw_points[/sensing/lidar/left/pointcloud_before_sync] is nullptr, skipping pointcloud publish.
[autoware_ndt_scan_matcher_node-24] [INFO] [1785816064.632320064] [localization.pose_estimator.ndt_scan_matcher]: Mismatch between pose timestamp and current timestamp
[component_container_mt-47] [INFO] [1785816064.681509436] [control.trajectory_follower.controller_node_exe]: Waiting for trajectory data
[component_container_mt-47] [INFO] [1785816064.681568468] [control.trajectory_follower.controller_node_exe]: Control is skipped since input data is not ready.
[component_container_mt-1] [WARN] [1785816064.732199806] [sensing.lidar.concatenate_data]: transformed_raw_points[/sensing/lidar/right/pointcloud_before_sync] is nullptr, skipping pointcloud publish.
[component_container_mt-1] [WARN] [1785816064.732246406] [sensing.lidar.concatenate_data]: transformed_raw_points[/sensing/lidar/left/pointcloud_before_sync] is nullptr, skipping pointcloud publish.
[autoware_ndt_scan_matcher_node-24] [INFO] [1785816064.732818997] [localization.pose_estimator.ndt_scan_matcher]: Mismatch between pose timestamp and current timestamp
[component_container_mt-1] [WARN] [1785816064.831771864] [sensing.lidar.concatenate_data]: transformed_raw_points[/sensing/lidar/right/pointcloud_before_sync] is nullptr, skipping pointcloud publish.
[component_container_mt-1] [WARN] [1785816064.831817037] [sensing.lidar.concatenate_data]: transformed_raw_points[/sensing/lidar/left/pointcloud_before_sync] is nullptr, skipping pointcloud publish.
[autoware_ndt_scan_matcher_node-24] [INFO] [1785816064.832358184] [localization.pose_estimator.ndt_scan_matcher]: Mismatch between pose timestamp and current timestamp
[component_container_mt-1] [WARN] [1785816064.931875979] [sensing.lidar.concatenate_data]: transformed_raw_points[/sensing/lidar/right/pointcloud_before_sync] is nullptr, skipping pointcloud publish.
[component_container_mt-1] [WARN] [1785816064.931922640] [sensing.lidar.concatenate_data]: transformed_raw_points[/sensing/lidar/left/pointcloud_before_sync] is nullptr, skipping pointcloud publish.
[autoware_ndt_scan_matcher_node-24] [INFO] [1785816064.932500300] [localization.pose_estimator.ndt_scan_matcher]: Mismatch between pose timestamp and current timestamp
[component_container_mt-1] [WARN] [1785816065.031936223] [sensing.lidar.concatenate_data]: transformed_raw_points[/sensing/lidar/right/pointcloud_before_sync] is nullptr, skipping pointcloud publish.
[component_container_mt-1] [WARN] [1785816065.031985262] [sensing.lidar.concatenate_data]: transformed_raw_points[/sensing/lidar/left/pointcloud_before_sync] is nullptr, skipping pointcloud publish.
[component_container_mt-40] [INFO] [1785816065.032268055] [planning.scenario_planning.lane_driving.behavior_planning.behavior_path_planner]: waiting for scenario_topic
[autoware_ndt_scan_matcher_node-24] [INFO] [1785816065.032578373] [localization.pose_estimator.ndt_scan_matcher]: Mismatch between pose timestamp and current timestamp
[autoware_mrm_handler_node-13] [INFO] [1785816065.081206146] [system.mrm_handler]: MRM State changed: NORMAL -> MRM_OPERATING
[autoware_mrm_handler_node-13] [WARN] [1785816065.082143753] [system.mrm_handler]: EMERGENCY_STOP is operated.
[component_container_mt-47] [WARN] [1785816065.131297524] [control.vehicle_cmd_gate]: Emergency!
[component_container_mt-1] [WARN] [1785816065.131323983] [sensing.lidar.concatenate_data]: transformed_raw_points[/sensing/lidar/right/pointcloud_before_sync] is nullptr, skipping pointcloud publish.
[component_container_mt-1] [WARN] [1785816065.131361879] [sensing.lidar.concatenate_data]: transformed_raw_points[/sensing/lidar/left/pointcloud_before_sync] is nullptr, skipping pointcloud publish.
[autoware_ndt_scan_matcher_node-24] [INFO] [1785816065.131836065] [localization.pose_estimator.ndt_scan_matcher]: Mismatch between pose timestamp and current timestamp
[component_container-18] [WARN] [1785816065.137616164] [sensing.lidar.top.crop_box_filter_self]: Invalid PointCloud: is_dense is false. The point cloud should be organized (dense) and contain only valid points. This will be an ERROR starting in 2026 JulyFrame: 'velodyne_top', Stamp: 70.172813286
[autoware_mrm_handler_node-13] [INFO] [1785816065.182280721] [system.mrm_handler]: MRM State changed: MRM_OPERATING -> NORMAL
[autoware_mrm_handler_node-13] [WARN] [1785816065.182416738] [system.mrm_handler]: EMERGENCY_STOP is canceled.
[component_container_mt-1] [WARN] [1785816065.231315636] [sensing.lidar.concatenate_data]: transformed_raw_points[/sensing/lidar/right/pointcloud_before_sync] is nullptr, skipping pointcloud publish.
[component_container_mt-1] [WARN] [1785816065.231359620] [sensing.lidar.concatenate_data]: transformed_raw_points[/sensing/lidar/left/pointcloud_before_sync] is nullptr, skipping pointcloud publish.
[autoware_ndt_scan_matcher_node-24] [INFO] [1785816065.232054175] [localization.pose_estimator.ndt_scan_matcher]: Mismatch between pose timestamp and current timestamp
[component_container_mt-1] [WARN] [1785816065.331286149] [sensing.lidar.concatenate_data]: transformed_raw_points[/sensing/lidar/right/pointcloud_before_sync] is nullptr, skipping pointcloud publish.
[component_container_mt-1] [WARN] [1785816065.331330580] [sensing.lidar.concatenate_data]: transformed_raw_points[/sensing/lidar/left/pointcloud_before_sync] is nullptr, skipping pointcloud publish.
[autoware_ndt_scan_matcher_node-24] [INFO] [1785816065.331781318] [localization.pose_estimator.ndt_scan_matcher]: Mismatch between pose timestamp and current timestamp
[component_container_mt-1] [WARN] [1785816065.431981898] [sensing.lidar.concatenate_data]: transformed_raw_points[/sensing/lidar/right/pointcloud_before_sync] is nullptr, skipping pointcloud publish.
[component_container_mt-1] [WARN] [1785816065.432022717] [sensing.lidar.concatenate_data]: transformed_raw_points[/sensing/lidar/left/pointcloud_before_sync] is nullptr, skipping pointcloud publish.
[autoware_ndt_scan_matcher_node-24] [INFO] [1785816065.432454462] [localization.pose_estimator.ndt_scan_matcher]: Mismatch between pose timestamp and current timestamp
[component_container_mt-48] [INFO] [1785816065.531520331] [control.autonomous_emergency_braking]: [AEB] waiting for control predicted trajectory
[component_container_mt-1] [WARN] [1785816065.531702366] [sensing.lidar.concatenate_data]: transformed_raw_points[/sensing/lidar/right/pointcloud_before_sync] is nullptr, skipping pointcloud publish.
[component_container_mt-1] [WARN] [1785816065.531744670] [sensing.lidar.concatenate_data]: transformed_raw_points[/sensing/lidar/left/pointcloud_before_sync] is nullptr, skipping pointcloud publish.
[autoware_ndt_scan_matcher_node-24] [INFO] [1785816065.532216644] [localization.pose_estimator.ndt_scan_matcher]: Mismatch between pose timestamp and current timestamp
[component_container_mt-1] [WARN] [1785816065.539441073] [localization.util.crop_box_filter_measurement_range]: Invalid PointCloud: row_step mismatch. Expected: 100336 (width 6271 * point_step 16), Got: 0. Frame: 'base_link', Stamp: 70.572813292 Please fill in the `cloud->row_step` field accordingly. This will be an ERROR starting in 2026 July
[component_container_mt-1] [WARN] [1785816065.631554229] [sensing.lidar.concatenate_data]: transformed_raw_points[/sensing/lidar/right/pointcloud_before_sync] is nullptr, skipping pointcloud publish.
[component_container_mt-1] [WARN] [1785816065.631599965] [sensing.lidar.concatenate_data]: transformed_raw_points[/sensing/lidar/left/pointcloud_before_sync] is nullptr, skipping pointcloud publish.
[autoware_ndt_scan_matcher_node-24] [INFO] [1785816065.633144356] [localization.pose_estimator.ndt_scan_matcher]: Mismatch between pose timestamp and current timestamp
[component_container_mt-1] [WARN] [1785816065.732053616] [sensing.lidar.concatenate_data]: transformed_raw_points[/sensing/lidar/right/pointcloud_before_sync] is nullptr, skipping pointcloud publish.
[component_container_mt-1] [WARN] [1785816065.732098955] [sensing.lidar.concatenate_data]: transformed_raw_points[/sensing/lidar/left/pointcloud_before_sync] is nullptr, skipping pointcloud publish.
[autoware_ndt_scan_matcher_node-24] [INFO] [1785816065.732571402] [localization.pose_estimator.ndt_scan_matcher]: Mismatch between pose timestamp and current timestamp
[component_container-7] [WARN] [1785816065.782067804] [system.topic_state_monitor_control_command_control_cmd]: /control/command/control_cmd topic rate has dropped to the warning level. Set WARN in diagnostics.
[component_container_mt-1] [WARN] [1785816065.831982712] [sensing.lidar.concatenate_data]: transformed_raw_points[/sensing/lidar/right/pointcloud_before_sync] is nullptr, skipping pointcloud publish.
[component_container_mt-1] [WARN] [1785816065.832046863] [sensing.lidar.concatenate_data]: transformed_raw_points[/sensing/lidar/left/pointcloud_before_sync] is nullptr, skipping pointcloud publish.
[autoware_ndt_scan_matcher_node-24] [INFO] [1785816065.832885404] [localization.pose_estimator.ndt_scan_matcher]: Mismatch between pose timestamp and current timestamp
[component_container_mt-47] [INFO] [1785816065.881898012] [control.vehicle_cmd_gate]: The operation mode is changed, but the GearCommand is not received yet:
[component_container_mt-1] [WARN] [1785816065.932187437] [sensing.lidar.concatenate_data]: transformed_raw_points[/sensing/lidar/right/pointcloud_before_sync] is nullptr, skipping pointcloud publish.
[component_container_mt-1] [WARN] [1785816065.932227766] [sensing.lidar.concatenate_data]: transformed_raw_points[/sensing/lidar/left/pointcloud_before_sync] is nullptr, skipping pointcloud publish.
[autoware_ndt_scan_matcher_node-24] [INFO] [1785816065.932922326] [localization.pose_estimator.ndt_scan_matcher]: Mismatch between pose timestamp and current timestamp
[autoware_mrm_handler_node-13] [INFO] [1785816065.982329226] [system.mrm_handler]: MRM State changed: NORMAL -> MRM_OPERATING
[autoware_mrm_handler_node-13] [WARN] [1785816065.982656103] [system.mrm_handler]: EMERGENCY_STOP is operated.
[component_container_mt-1] [WARN] [1785816066.031490844] [sensing.lidar.concatenate_data]: transformed_raw_points[/sensing/lidar/right/pointcloud_before_sync] is nullptr, skipping pointcloud publish.
[component_container_mt-1] [WARN] [1785816066.031542446] [sensing.lidar.concatenate_data]: transformed_raw_points[/sensing/lidar/left/pointcloud_before_sync] is nullptr, skipping pointcloud publish.
[autoware_ndt_scan_matcher_node-24] [INFO] [1785816066.032834268] [localization.pose_estimator.ndt_scan_matcher]: Mismatch between pose timestamp and current timestamp
[autoware_mrm_handler_node-13] [INFO] [1785816066.081870697] [system.mrm_handler]: MRM State changed: MRM_OPERATING -> MRM_SUCCEEDED
[component_container_mt-1] [WARN] [1785816066.131498493] [sensing.lidar.concatenate_data]: transformed_raw_points[/sensing/lidar/right/pointcloud_before_sync] is nullptr, skipping pointcloud publish.
[component_container_mt-1] [WARN] [1785816066.131543278] [sensing.lidar.concatenate_data]: transformed_raw_points[/sensing/lidar/left/pointcloud_before_sync] is nullptr, skipping pointcloud publish.
[autoware_ndt_scan_matcher_node-24] [INFO] [1785816066.132045015] [localization.pose_estimator.ndt_scan_matcher]: Mismatch between pose timestamp and current timestamp
[component_container_mt-47] [WARN] [1785816066.132133668] [control.vehicle_cmd_gate]: Emergency!
[autoware_mrm_handler_node-13] [INFO] [1785816066.182174638] [system.mrm_handler]: MRM State changed: MRM_SUCCEEDED -> NORMAL
[autoware_mrm_handler_node-13] [WARN] [1785816066.183940137] [system.mrm_handler]: EMERGENCY_STOP is canceled.
[component_container_mt-1] [WARN] [1785816066.231717780] [sensing.lidar.concatenate_data]: transformed_raw_points[/sensing/lidar/right/pointcloud_before_sync] is nullptr, skipping pointcloud publish.
[component_container_mt-1] [WARN] [1785816066.231764815] [sensing.lidar.concatenate_data]: transformed_raw_points[/sensing/lidar/left/pointcloud_before_sync] is nullptr, skipping pointcloud publish.
[autoware_ndt_scan_matcher_node-24] [INFO] [1785816066.232547476] [localization.pose_estimator.ndt_scan_matcher]: Mismatch between pose timestamp and current timestamp
[component_container_mt-1] [WARN] [1785816066.332445365] [sensing.lidar.concatenate_data]: transformed_raw_points[/sensing/lidar/right/pointcloud_before_sync] is nullptr, skipping pointcloud publish.
[component_container_mt-1] [WARN] [1785816066.332488887] [sensing.lidar.concatenate_data]: transformed_raw_points[/sensing/lidar/left/pointcloud_before_sync] is nullptr, skipping pointcloud publish.
[autoware_ndt_scan_matcher_node-24] [INFO] [1785816066.332953282] [localization.pose_estimator.ndt_scan_matcher]: Mismatch between pose timestamp and current timestamp
[component_container_mt-1] [WARN] [1785816066.432037523] [sensing.lidar.concatenate_data]: transformed_raw_points[/sensing/lidar/right/pointcloud_before_sync] is nullptr, skipping pointcloud publish.
[component_container_mt-1] [WARN] [1785816066.432088252] [sensing.lidar.concatenate_data]: transformed_raw_points[/sensing/lidar/left/pointcloud_before_sync] is nullptr, skipping pointcloud publish.
[autoware_ndt_scan_matcher_node-24] [INFO] [1785816066.433411245] [localization.pose_estimator.ndt_scan_matcher]: Mismatch between pose timestamp and current timestamp
[component_container_mt-1] [WARN] [1785816066.531961005] [sensing.lidar.concatenate_data]: transformed_raw_points[/sensing/lidar/right/pointcloud_before_sync] is nullptr, skipping pointcloud publish.
[component_container_mt-1] [WARN] [1785816066.531999718] [sensing.lidar.concatenate_data]: transformed_raw_points[/sensing/lidar/left/pointcloud_before_sync] is nullptr, skipping pointcloud publish.
[autoware_ndt_scan_matcher_node-24] [INFO] [1785816066.532494806] [localization.pose_estimator.ndt_scan_matcher]: Mismatch between pose timestamp and current timestamp
[component_container_mt-1] [WARN] [1785816066.631759949] [sensing.lidar.concatenate_data]: transformed_raw_points[/sensing/lidar/right/pointcloud_before_sync] is nullptr, skipping pointcloud publish.
[component_container_mt-1] [WARN] [1785816066.631804685] [sensing.lidar.concatenate_data]: transformed_raw_points[/sensing/lidar/left/pointcloud_before_sync] is nullptr, skipping pointcloud publish.
[autoware_ndt_scan_matcher_node-24] [INFO] [1785816066.632405861] [localization.pose_estimator.ndt_scan_matcher]: Mismatch between pose timestamp and current timestamp
[component_container_mt-1] [WARN] [1785816066.731992373] [sensing.lidar.concatenate_data]: transformed_raw_points[/sensing/lidar/right/pointcloud_before_sync] is nullptr, skipping pointcloud publish.
[component_container_mt-1] [WARN] [1785816066.732037176] [sensing.lidar.concatenate_data]: transformed_raw_points[/sensing/lidar/left/pointcloud_before_sync] is nullptr, skipping pointcloud publish.
[autoware_ndt_scan_matcher_node-24] [INFO] [1785816066.733511963] [localization.pose_estimator.ndt_scan_matcher]: Mismatch between pose timestamp and current timestamp
[component_container_mt-1] [WARN] [1785816066.831558720] [sensing.lidar.concatenate_data]: transformed_raw_points[/sensing/lidar/right/pointcloud_before_sync] is nullptr, skipping pointcloud publish.
[component_container_mt-1] [WARN] [1785816066.831604858] [sensing.lidar.concatenate_data]: transformed_raw_points[/sensing/lidar/left/pointcloud_before_sync] is nullptr, skipping pointcloud publish.
[autoware_ndt_scan_matcher_node-24] [INFO] [1785816066.832074270] [localization.pose_estimator.ndt_scan_matcher]: Mismatch between pose timestamp and current timestamp
[component_container_mt-1] [WARN] [1785816066.932188844] [sensing.lidar.concatenate_data]: transformed_raw_points[/sensing/lidar/right/pointcloud_before_sync] is nullptr, skipping pointcloud publish.
[component_container_mt-1] [WARN] [1785816066.932232327] [sensing.lidar.concatenate_data]: transformed_raw_points[/sensing/lidar/left/pointcloud_before_sync] is nullptr, skipping pointcloud publish.
[autoware_ndt_scan_matcher_node-24] [INFO] [1785816066.932741298] [localization.pose_estimator.ndt_scan_matcher]: Mismatch between pose timestamp and current timestamp
[component_container_mt-1] [WARN] [1785816067.031753854] [sensing.lidar.concatenate_data]: transformed_raw_points[/sensing/lidar/right/pointcloud_before_sync] is nullptr, skipping pointcloud publish.
[component_container_mt-1] [WARN] [1785816067.031798898] [sensing.lidar.concatenate_data]: transformed_raw_points[/sensing/lidar/left/pointcloud_before_sync] is nullptr, skipping pointcloud publish.
[autoware_ndt_scan_matcher_node-24] [INFO] [1785816067.032603032] [localization.pose_estimator.ndt_scan_matcher]: Mismatch between pose timestamp and current timestamp
[autoware_mrm_handler_node-13] [INFO] [1785816067.081841489] [system.mrm_handler]: MRM State changed: NORMAL -> MRM_OPERATING
[autoware_mrm_handler_node-13] [WARN] [1785816067.082227122] [system.mrm_handler]: EMERGENCY_STOP is operated.
[component_container_mt-1] [WARN] [1785816067.131431446] [sensing.lidar.concatenate_data]: transformed_raw_points[/sensing/lidar/right/pointcloud_before_sync] is nullptr, skipping pointcloud publish.
[component_container_mt-1] [WARN] [1785816067.131481748] [sensing.lidar.concatenate_data]: transformed_raw_points[/sensing/lidar/left/pointcloud_before_sync] is nullptr, skipping pointcloud publish.
[component_container_mt-47] [WARN] [1785816067.131585794] [control.vehicle_cmd_gate]: Emergency!
[component_container_mt-48] [INFO] [1785816067.131758804] [control.control_validator]: waiting for /planning/trajectory
[autoware_ndt_scan_matcher_node-24] [INFO] [1785816067.131935962] [localization.pose_estimator.ndt_scan_matcher]: Mismatch between pose timestamp and current timestamp
[logging_node-14] [WARN] [1785816067.181200477] [logging_diag_graph]: The target mode is not available for the following reasons:
[logging_node-14] - /autoware/modes/autonomous ERROR
[logging_node-14]     - /autoware/planning ERROR
[logging_node-14]         - /autoware/planning/routing/state ERROR
[logging_node-14]         - [anonymous group] ERROR
[logging_node-14]             - /autoware/planning/topic_rate_check/route ERROR
[logging_node-14]             - /autoware/planning/topic_rate_check/trajectory ERROR
[logging_node-14]     - /autoware/control ERROR
[logging_node-14]         - /autoware/control/topic_rate_check/trajectory_follower ERROR
[logging_node-14]         - /autoware/control/topic_rate_check/control_command WARN 
[logging_node-14] 
[autoware_mrm_handler_node-13] [INFO] [1785816067.182461292] [system.mrm_handler]: MRM State changed: MRM_OPERATING -> NORMAL
[autoware_mrm_handler_node-13] [WARN] [1785816067.182633302] [system.mrm_handler]: EMERGENCY_STOP is canceled.
[component_container_mt-1] [WARN] [1785816067.231358821] [sensing.lidar.concatenate_data]: transformed_raw_points[/sensing/lidar/right/pointcloud_before_sync] is nullptr, skipping pointcloud publish.
[component_container_mt-1] [WARN] [1785816067.231405313] [sensing.lidar.concatenate_data]: transformed_raw_points[/sensing/lidar/left/pointcloud_before_sync] is nullptr, skipping pointcloud publish.
[component_container-7] [INFO] [1785816067.231791722] [system.topic_state_monitor_scenario_planning_trajectory]: /planning/trajectory has not received. Set ERROR in diagnostics.
[autoware_ndt_scan_matcher_node-24] [INFO] [1785816067.231940340] [localization.pose_estimator.ndt_scan_matcher]: Mismatch between pose timestamp and current timestamp
[component_container_mt-48] [INFO] [1785816067.282352517] [control.trajectory_follower.lane_departure_checker_node]: waiting for route msg...
[autoware_scenario_selector_node-36] [INFO] [1785816067.282702308] [planning.scenario_planning.scenario_selector]: Waiting for route.
[component_container_mt-1] [WARN] [1785816067.331566976] [sensing.lidar.concatenate_data]: transformed_raw_points[/sensing/lidar/right/pointcloud_before_sync] is nullptr, skipping pointcloud publish.
[component_container_mt-1] [WARN] [1785816067.331612988] [sensing.lidar.concatenate_data]: transformed_raw_points[/sensing/lidar/left/pointcloud_before_sync] is nullptr, skipping pointcloud publish.
[autoware_ndt_scan_matcher_node-24] [INFO] [1785816067.333968517] [localization.pose_estimator.ndt_scan_matcher]: Mismatch between pose timestamp and current timestamp
[component_container_mt-1] [WARN] [1785816067.432520388] [sensing.lidar.concatenate_data]: transformed_raw_points[/sensing/lidar/right/pointcloud_before_sync] is nullptr, skipping pointcloud publish.
[component_container_mt-1] [WARN] [1785816067.432562039] [sensing.lidar.concatenate_data]: transformed_raw_points[/sensing/lidar/left/pointcloud_before_sync] is nullptr, skipping pointcloud publish.
[autoware_ndt_scan_matcher_node-24] [INFO] [1785816067.433963165] [localization.pose_estimator.ndt_scan_matcher]: Mismatch between pose timestamp and current timestamp
[component_container_mt-1] [WARN] [1785816067.532016231] [sensing.lidar.concatenate_data]: transformed_raw_points[/sensing/lidar/right/pointcloud_before_sync] is nullptr, skipping pointcloud publish.
[component_container_mt-1] [WARN] [1785816067.532065368] [sensing.lidar.concatenate_data]: transformed_raw_points[/sensing/lidar/left/pointcloud_before_sync] is nullptr, skipping pointcloud publish.
[autoware_ndt_scan_matcher_node-24] [INFO] [1785816067.532590020] [localization.pose_estimator.ndt_scan_matcher]: Mismatch between pose timestamp and current timestamp
[component_container_mt-1] [WARN] [1785816067.631915123] [sensing.lidar.concatenate_data]: transformed_raw_points[/sensing/lidar/right/pointcloud_before_sync] is nullptr, skipping pointcloud publish.
[component_container_mt-1] [WARN] [1785816067.631960711] [sensing.lidar.concatenate_data]: transformed_raw_points[/sensing/lidar/left/pointcloud_before_sync] is nullptr, skipping pointcloud publish.
[autoware_ndt_scan_matcher_node-24] [INFO] [1785816067.633308606] [localization.pose_estimator.ndt_scan_matcher]: Mismatch between pose timestamp and current timestamp
[component_container_mt-1] [WARN] [1785816067.731999987] [sensing.lidar.concatenate_data]: transformed_raw_points[/sensing/lidar/right/pointcloud_before_sync] is nullptr, skipping pointcloud publish.
[component_container_mt-1] [WARN] [1785816067.732044355] [sensing.lidar.concatenate_data]: transformed_raw_points[/sensing/lidar/left/pointcloud_before_sync] is nullptr, skipping pointcloud publish.
[autoware_ndt_scan_matcher_node-24] [INFO] [1785816067.732977785] [localization.pose_estimator.ndt_scan_matcher]: Mismatch between pose timestamp and current timestamp
[component_container_mt-1] [WARN] [1785816067.831944180] [sensing.lidar.concatenate_data]: transformed_raw_points[/sensing/lidar/right/pointcloud_before_sync] is nullptr, skipping pointcloud publish.
[component_container_mt-1] [WARN] [1785816067.831988645] [sensing.lidar.concatenate_data]: transformed_raw_points[/sensing/lidar/left/pointcloud_before_sync] is nullptr, skipping pointcloud publish.
[autoware_ndt_scan_matcher_node-24] [INFO] [1785816067.832416655] [localization.pose_estimator.ndt_scan_matcher]: Mismatch between pose timestamp and current timestamp
[component_container_mt-1] [WARN] [1785816067.931580972] [sensing.lidar.concatenate_data]: transformed_raw_points[/sensing/lidar/right/pointcloud_before_sync] is nullptr, skipping pointcloud publish.
[component_container_mt-1] [WARN] [1785816067.931644875] [sensing.lidar.concatenate_data]: transformed_raw_points[/sensing/lidar/left/pointcloud_before_sync] is nullptr, skipping pointcloud publish.
[autoware_ndt_scan_matcher_node-24] [INFO] [1785816067.932265002] [localization.pose_estimator.ndt_scan_matcher]: Mismatch between pose timestamp and current timestamp
[component_container_mt-1] [WARN] [1785816068.031784059] [sensing.lidar.concatenate_data]: transformed_raw_points[/sensing/lidar/right/pointcloud_before_sync] is nullptr, skipping pointcloud publish.
[component_container_mt-1] [WARN] [1785816068.031829061] [sensing.lidar.concatenate_data]: transformed_raw_points[/sensing/lidar/left/pointcloud_before_sync] is nullptr, skipping pointcloud publish.
[autoware_ndt_scan_matcher_node-24] [INFO] [1785816068.032334468] [localization.pose_estimator.ndt_scan_matcher]: Mismatch between pose timestamp and current timestamp
[autoware_mrm_handler_node-13] [INFO] [1785816068.081428954] [system.mrm_handler]: MRM State changed: NORMAL -> MRM_OPERATING
[autoware_mrm_handler_node-13] [WARN] [1785816068.082082198] [system.mrm_handler]: EMERGENCY_STOP is operated.
[component_container_mt-1] [WARN] [1785816068.131606263] [sensing.lidar.concatenate_data]: transformed_raw_points[/sensing/lidar/right/pointcloud_before_sync] is nullptr, skipping pointcloud publish.
[component_container_mt-1] [WARN] [1785816068.131651523] [sensing.lidar.concatenate_data]: transformed_raw_points[/sensing/lidar/left/pointcloud_before_sync] is nullptr, skipping pointcloud publish.
[component_container_mt-47] [WARN] [1785816068.132019546] [control.vehicle_cmd_gate]: Emergency!
[autoware_ndt_scan_matcher_node-24] [INFO] [1785816068.132108022] [localization.pose_estimator.ndt_scan_matcher]: Mismatch between pose timestamp and current timestamp
[autoware_mrm_handler_node-13] [INFO] [1785816068.181680633] [system.mrm_handler]: MRM State changed: MRM_OPERATING -> NORMAL
[autoware_mrm_handler_node-13] [WARN] [1785816068.182700657] [system.mrm_handler]: EMERGENCY_STOP is canceled.
[component_container_mt-1] [WARN] [1785816068.231466357] [sensing.lidar.concatenate_data]: transformed_raw_points[/sensing/lidar/right/pointcloud_before_sync] is nullptr, skipping pointcloud publish.
[component_container_mt-1] [WARN] [1785816068.231512793] [sensing.lidar.concatenate_data]: transformed_raw_points[/sensing/lidar/left/pointcloud_before_sync] is nullptr, skipping pointcloud publish.
[autoware_ndt_scan_matcher_node-24] [INFO] [1785816068.232214699] [localization.pose_estimator.ndt_scan_matcher]: Mismatch between pose timestamp and current timestamp
[component_container_mt-1] [WARN] [1785816068.331298970] [sensing.lidar.concatenate_data]: transformed_raw_points[/sensing/lidar/right/pointcloud_before_sync] is nullptr, skipping pointcloud publish.
[component_container_mt-1] [WARN] [1785816068.331345654] [sensing.lidar.concatenate_data]: transformed_raw_points[/sensing/lidar/left/pointcloud_before_sync] is nullptr, skipping pointcloud publish.
[autoware_ndt_scan_matcher_node-24] [INFO] [1785816068.332046856] [localization.pose_estimator.ndt_scan_matcher]: Mismatch between pose timestamp and current timestamp
[component_container_mt-1] [WARN] [1785816068.431644344] [sensing.lidar.concatenate_data]: transformed_raw_points[/sensing/lidar/right/pointcloud_before_sync] is nullptr, skipping pointcloud publish.
[component_container_mt-1] [WARN] [1785816068.431690642] [sensing.lidar.concatenate_data]: transformed_raw_points[/sensing/lidar/left/pointcloud_before_sync] is nullptr, skipping pointcloud publish.
[autoware_ndt_scan_matcher_node-24] [INFO] [1785816068.432170738] [localization.pose_estimator.ndt_scan_matcher]: Mismatch between pose timestamp and current timestamp
[component_container_mt-1] [WARN] [1785816068.531882870] [sensing.lidar.concatenate_data]: transformed_raw_points[/sensing/lidar/right/pointcloud_before_sync] is nullptr, skipping pointcloud publish.
[component_container_mt-1] [WARN] [1785816068.531930865] [sensing.lidar.concatenate_data]: transformed_raw_points[/sensing/lidar/left/pointcloud_before_sync] is nullptr, skipping pointcloud publish.
[autoware_ndt_scan_matcher_node-24] [INFO] [1785816068.532364691] [localization.pose_estimator.ndt_scan_matcher]: Mismatch between pose timestamp and current timestamp
[component_container_mt-1] [WARN] [1785816068.631685417] [sensing.lidar.concatenate_data]: transformed_raw_points[/sensing/lidar/right/pointcloud_before_sync] is nullptr, skipping pointcloud publish.
[component_container_mt-1] [WARN] [1785816068.631728317] [sensing.lidar.concatenate_data]: transformed_raw_points[/sensing/lidar/left/pointcloud_before_sync] is nullptr, skipping pointcloud publish.
[autoware_ndt_scan_matcher_node-24] [INFO] [1785816068.632178899] [localization.pose_estimator.ndt_scan_matcher]: Mismatch between pose timestamp and current timestamp
[component_container_mt-1] [WARN] [1785816068.731458913] [sensing.lidar.concatenate_data]: transformed_raw_points[/sensing/lidar/right/pointcloud_before_sync] is nullptr, skipping pointcloud publish.
[component_container_mt-1] [WARN] [1785816068.731500754] [sensing.lidar.concatenate_data]: transformed_raw_points[/sensing/lidar/left/pointcloud_before_sync] is nullptr, skipping pointcloud publish.
[autoware_ndt_scan_matcher_node-24] [INFO] [1785816068.732120359] [localization.pose_estimator.ndt_scan_matcher]: Mismatch between pose timestamp and current timestamp
[component_container-7] [WARN] [1785816068.782382419] [system.topic_state_monitor_control_command_control_cmd]: /control/command/control_cmd topic rate has dropped to the warning level. Set WARN in diagnostics.
[component_container_mt-1] [WARN] [1785816068.831759241] [sensing.lidar.concatenate_data]: transformed_raw_points[/sensing/lidar/right/pointcloud_before_sync] is nullptr, skipping pointcloud publish.
[component_container_mt-1] [WARN] [1785816068.831802743] [sensing.lidar.concatenate_data]: transformed_raw_points[/sensing/lidar/left/pointcloud_before_sync] is nullptr, skipping pointcloud publish.
[autoware_ndt_scan_matcher_node-24] [INFO] [1785816068.832283596] [localization.pose_estimator.ndt_scan_matcher]: Mismatch between pose timestamp and current timestamp
[component_container_mt-1] [WARN] [1785816068.931690580] [sensing.lidar.concatenate_data]: transformed_raw_points[/sensing/lidar/right/pointcloud_before_sync] is nullptr, skipping pointcloud publish.
[component_container_mt-1] [WARN] [1785816068.931736998] [sensing.lidar.concatenate_data]: transformed_raw_points[/sensing/lidar/left/pointcloud_before_sync] is nullptr, skipping pointcloud publish.
[autoware_ndt_scan_matcher_node-24] [INFO] [1785816068.932350444] [localization.pose_estimator.ndt_scan_matcher]: Mismatch between pose timestamp and current timestamp
[component_container_mt-1] [WARN] [1785816069.031563114] [sensing.lidar.concatenate_data]: transformed_raw_points[/sensing/lidar/right/pointcloud_before_sync] is nullptr, skipping pointcloud publish.
[component_container_mt-1] [WARN] [1785816069.031609702] [sensing.lidar.concatenate_data]: transformed_raw_points[/sensing/lidar/left/pointcloud_before_sync] is nullptr, skipping pointcloud publish.
[autoware_ndt_scan_matcher_node-24] [INFO] [1785816069.032436145] [localization.pose_estimator.ndt_scan_matcher]: Mismatch between pose timestamp and current timestamp
[autoware_mrm_handler_node-13] [INFO] [1785816069.081451877] [system.mrm_handler]: MRM State changed: NORMAL -> MRM_OPERATING
[autoware_mrm_handler_node-13] [WARN] [1785816069.082221366] [system.mrm_handler]: EMERGENCY_STOP is operated.
[component_container_mt-47] [WARN] [1785816069.132321112] [control.vehicle_cmd_gate]: Emergency!
[component_container_mt-1] [WARN] [1785816069.132438894] [sensing.lidar.concatenate_data]: transformed_raw_points[/sensing/lidar/right/pointcloud_before_sync] is nullptr, skipping pointcloud publish.
[component_container_mt-1] [WARN] [1785816069.132479551] [sensing.lidar.concatenate_data]: transformed_raw_points[/sensing/lidar/left/pointcloud_before_sync] is nullptr, skipping pointcloud publish.
[autoware_ndt_scan_matcher_node-24] [INFO] [1785816069.133148276] [localization.pose_estimator.ndt_scan_matcher]: Mismatch between pose timestamp and current timestamp
[autoware_mrm_handler_node-13] [INFO] [1785816069.181196756] [system.mrm_handler]: MRM State changed: MRM_OPERATING -> NORMAL
[autoware_mrm_handler_node-13] [WARN] [1785816069.182413974] [system.mrm_handler]: EMERGENCY_STOP is canceled.
[component_container_mt-1] [WARN] [1785816069.231774982] [sensing.lidar.concatenate_data]: transformed_raw_points[/sensing/lidar/right/pointcloud_before_sync] is nullptr, skipping pointcloud publish.
[component_container_mt-1] [WARN] [1785816069.231837563] [sensing.lidar.concatenate_data]: transformed_raw_points[/sensing/lidar/left/pointcloud_before_sync] is nullptr, skipping pointcloud publish.
[autoware_ndt_scan_matcher_node-24] [INFO] [1785816069.232559783] [localization.pose_estimator.ndt_scan_matcher]: Mismatch between pose timestamp and current timestamp
[component_container_mt-1] [WARN] [1785816069.331992574] [sensing.lidar.concatenate_data]: transformed_raw_points[/sensing/lidar/right/pointcloud_before_sync] is nullptr, skipping pointcloud publish.
[component_container_mt-1] [WARN] [1785816069.332032588] [sensing.lidar.concatenate_data]: transformed_raw_points[/sensing/lidar/left/pointcloud_before_sync] is nullptr, skipping pointcloud publish.
[autoware_ndt_scan_matcher_node-24] [INFO] [1785816069.332542358] [localization.pose_estimator.ndt_scan_matcher]: Mismatch between pose timestamp and current timestamp
[component_container_mt-1] [WARN] [1785816069.431648174] [sensing.lidar.concatenate_data]: transformed_raw_points[/sensing/lidar/right/pointcloud_before_sync] is nullptr, skipping pointcloud publish.
[component_container_mt-1] [WARN] [1785816069.432003278] [sensing.lidar.concatenate_data]: transformed_raw_points[/sensing/lidar/left/pointcloud_before_sync] is nullptr, skipping pointcloud publish.
[autoware_ndt_scan_matcher_node-24] [INFO] [1785816069.432291296] [localization.pose_estimator.ndt_scan_matcher]: Mismatch between pose timestamp and current timestamp
[component_container_mt-1] [WARN] [1785816069.531997006] [sensing.lidar.concatenate_data]: transformed_raw_points[/sensing/lidar/right/pointcloud_before_sync] is nullptr, skipping pointcloud publish.
[component_container_mt-1] [WARN] [1785816069.532043598] [sensing.lidar.concatenate_data]: transformed_raw_points[/sensing/lidar/left/pointcloud_before_sync] is nullptr, skipping pointcloud publish.
[autoware_ndt_scan_matcher_node-24] [INFO] [1785816069.532952340] [localization.pose_estimator.ndt_scan_matcher]: Mismatch between pose timestamp and current timestamp
[component_container_mt-1] [WARN] [1785816069.632100033] [sensing.lidar.concatenate_data]: transformed_raw_points[/sensing/lidar/right/pointcloud_before_sync] is nullptr, skipping pointcloud publish.
[component_container_mt-1] [WARN] [1785816069.632143536] [sensing.lidar.concatenate_data]: transformed_raw_points[/sensing/lidar/left/pointcloud_before_sync] is nullptr, skipping pointcloud publish.
[autoware_ndt_scan_matcher_node-24] [INFO] [1785816069.632659807] [localization.pose_estimator.ndt_scan_matcher]: Mismatch between pose timestamp and current timestamp
[component_container_mt-47] [INFO] [1785816069.681822725] [control.trajectory_follower.controller_node_exe]: Waiting for trajectory data
[component_container_mt-47] [INFO] [1785816069.681890586] [control.trajectory_follower.controller_node_exe]: Control is skipped since input data is not ready.
[component_container_mt-1] [WARN] [1785816069.731545516] [sensing.lidar.concatenate_data]: transformed_raw_points[/sensing/lidar/right/pointcloud_before_sync] is nullptr, skipping pointcloud publish.
[component_container_mt-1] [WARN] [1785816069.731591810] [sensing.lidar.concatenate_data]: transformed_raw_points[/sensing/lidar/left/pointcloud_before_sync] is nullptr, skipping pointcloud publish.
[autoware_ndt_scan_matcher_node-24] [INFO] [1785816069.733794567] [localization.pose_estimator.ndt_scan_matcher]: Mismatch between pose timestamp and current timestamp
[component_container_mt-1] [WARN] [1785816069.831926851] [sensing.lidar.concatenate_data]: transformed_raw_points[/sensing/lidar/right/pointcloud_before_sync] is nullptr, skipping pointcloud publish.
[component_container_mt-1] [WARN] [1785816069.831974125] [sensing.lidar.concatenate_data]: transformed_raw_points[/sensing/lidar/left/pointcloud_before_sync] is nullptr, skipping pointcloud publish.
[autoware_ndt_scan_matcher_node-24] [INFO] [1785816069.832409476] [localization.pose_estimator.ndt_scan_matcher]: Mismatch between pose timestamp and current timestamp
[component_container_mt-1] [WARN] [1785816069.931773338] [sensing.lidar.concatenate_data]: transformed_raw_points[/sensing/lidar/right/pointcloud_before_sync] is nullptr, skipping pointcloud publish.
[component_container_mt-1] [WARN] [1785816069.931820599] [sensing.lidar.concatenate_data]: transformed_raw_points[/sensing/lidar/left/pointcloud_before_sync] is nullptr, skipping pointcloud publish.
[autoware_ndt_scan_matcher_node-24] [INFO] [1785816069.932278579] [localization.pose_estimator.ndt_scan_matcher]: Mismatch between pose timestamp and current timestamp
[component_container_mt-1] [WARN] [1785816070.032054489] [sensing.lidar.concatenate_data]: transformed_raw_points[/sensing/lidar/right/pointcloud_before_sync] is nullptr, skipping pointcloud publish.
[component_container_mt-1] [WARN] [1785816070.032098726] [sensing.lidar.concatenate_data]: transformed_raw_points[/sensing/lidar/left/pointcloud_before_sync] is nullptr, skipping pointcloud publish.
[component_container_mt-40] [INFO] [1785816070.032480051] [planning.scenario_planning.lane_driving.behavior_planning.behavior_path_planner]: waiting for scenario_topic
[autoware_ndt_scan_matcher_node-24] [INFO] [1785816070.033040511] [localization.pose_estimator.ndt_scan_matcher]: Mismatch between pose timestamp and current timestamp
[autoware_mrm_handler_node-13] [INFO] [1785816070.081429993] [system.mrm_handler]: MRM State changed: NORMAL -> MRM_OPERATING
[autoware_mrm_handler_node-13] [WARN] [1785816070.081954351] [system.mrm_handler]: EMERGENCY_STOP is operated.
[component_container_mt-1] [WARN] [1785816070.131519794] [sensing.lidar.concatenate_data]: transformed_raw_points[/sensing/lidar/right/pointcloud_before_sync] is nullptr, skipping pointcloud publish.
[component_container_mt-1] [WARN] [1785816070.131943283] [sensing.lidar.concatenate_data]: transformed_raw_points[/sensing/lidar/left/pointcloud_before_sync] is nullptr, skipping pointcloud publish.
[component_container_mt-47] [WARN] [1785816070.131969708] [control.vehicle_cmd_gate]: Emergency!
[autoware_ndt_scan_matcher_node-24] [INFO] [1785816070.132049320] [localization.pose_estimator.ndt_scan_matcher]: Mismatch between pose timestamp and current timestamp
[component_container-18] [WARN] [1785816070.137948262] [sensing.lidar.top.crop_box_filter_self]: Invalid PointCloud: is_dense is false. The point cloud should be organized (dense) and contain only valid points. This will be an ERROR starting in 2026 JulyFrame: 'velodyne_top', Stamp: 75.172813360
[autoware_mrm_handler_node-13] [INFO] [1785816070.182096786] [system.mrm_handler]: MRM State changed: MRM_OPERATING -> NORMAL
[autoware_mrm_handler_node-13] [WARN] [1785816070.182363593] [system.mrm_handler]: EMERGENCY_STOP is canceled.
[logging_node-14] [WARN] [1785816070.182509156] [logging_diag_graph]: The target mode is not available for the following reasons:
[logging_node-14] - /autoware/modes/autonomous ERROR
[logging_node-14]     - /autoware/planning ERROR
[logging_node-14]         - /autoware/planning/routing/state ERROR
[logging_node-14]         - [anonymous group] ERROR
[logging_node-14]             - /autoware/planning/topic_rate_check/route ERROR
[logging_node-14]             - /autoware/planning/topic_rate_check/trajectory ERROR
[logging_node-14]     - /autoware/control ERROR
[logging_node-14]         - /autoware/control/topic_rate_check/trajectory_follower ERROR
[logging_node-14]         - /autoware/control/topic_rate_check/control_command WARN 
[logging_node-14] 
[component_container_mt-1] [WARN] [1785816070.231439615] [sensing.lidar.concatenate_data]: transformed_raw_points[/sensing/lidar/right/pointcloud_before_sync] is nullptr, skipping pointcloud publish.
[component_container_mt-1] [WARN] [1785816070.231482997] [sensing.lidar.concatenate_data]: transformed_raw_points[/sensing/lidar/left/pointcloud_before_sync] is nullptr, skipping pointcloud publish.
[component_container-7] [INFO] [1785816070.231631372] [system.topic_state_monitor_scenario_planning_trajectory]: /planning/trajectory has not received. Set ERROR in diagnostics.
[autoware_ndt_scan_matcher_node-24] [INFO] [1785816070.231964941] [localization.pose_estimator.ndt_scan_matcher]: Mismatch between pose timestamp and current timestamp
[component_container_mt-1] [WARN] [1785816070.332184652] [sensing.lidar.concatenate_data]: transformed_raw_points[/sensing/lidar/right/pointcloud_before_sync] is nullptr, skipping pointcloud publish.
[component_container_mt-1] [WARN] [1785816070.332226889] [sensing.lidar.concatenate_data]: transformed_raw_points[/sensing/lidar/left/pointcloud_before_sync] is nullptr, skipping pointcloud publish.
[autoware_ndt_scan_matcher_node-24] [INFO] [1785816070.333155222] [localization.pose_estimator.ndt_scan_matcher]: Mismatch between pose timestamp and current timestamp
[component_container_mt-1] [WARN] [1785816070.432088396] [sensing.lidar.concatenate_data]: transformed_raw_points[/sensing/lidar/right/pointcloud_before_sync] is nullptr, skipping pointcloud publish.
[component_container_mt-1] [WARN] [1785816070.432147661] [sensing.lidar.concatenate_data]: transformed_raw_points[/sensing/lidar/left/pointcloud_before_sync] is nullptr, skipping pointcloud publish.
[autoware_ndt_scan_matcher_node-24] [INFO] [1785816070.432558919] [localization.pose_estimator.ndt_scan_matcher]: Mismatch between pose timestamp and current timestamp
[component_container_mt-1] [WARN] [1785816070.531405782] [sensing.lidar.concatenate_data]: transformed_raw_points[/sensing/lidar/right/pointcloud_before_sync] is nullptr, skipping pointcloud publish.
[component_container_mt-1] [WARN] [1785816070.531450073] [sensing.lidar.concatenate_data]: transformed_raw_points[/sensing/lidar/left/pointcloud_before_sync] is nullptr, skipping pointcloud publish.
[component_container_mt-48] [INFO] [1785816070.531514188] [control.autonomous_emergency_braking]: [AEB] waiting for control predicted trajectory
[autoware_ndt_scan_matcher_node-24] [INFO] [1785816070.532697442] [localization.pose_estimator.ndt_scan_matcher]: Mismatch between pose timestamp and current timestamp
[component_container_mt-1] [WARN] [1785816070.540444852] [localization.util.crop_box_filter_measurement_range]: Invalid PointCloud: row_step mismatch. Expected: 100512 (width 6282 * point_step 16), Got: 0. Frame: 'base_link', Stamp: 75.572813366 Please fill in the `cloud->row_step` field accordingly. This will be an ERROR starting in 2026 July
[component_container_mt-1] [WARN] [1785816070.632179113] [sensing.lidar.concatenate_data]: transformed_raw_points[/sensing/lidar/right/pointcloud_before_sync] is nullptr, skipping pointcloud publish.
[component_container_mt-1] [WARN] [1785816070.632220400] [sensing.lidar.concatenate_data]: transformed_raw_points[/sensing/lidar/left/pointcloud_before_sync] is nullptr, skipping pointcloud publish.
[autoware_ndt_scan_matcher_node-24] [INFO] [1785816070.633117695] [localization.pose_estimator.ndt_scan_matcher]: Mismatch between pose timestamp and current timestamp
[component_container_mt-1] [WARN] [1785816070.731948766] [sensing.lidar.concatenate_data]: transformed_raw_points[/sensing/lidar/right/pointcloud_before_sync] is nullptr, skipping pointcloud publish.
[component_container_mt-1] [WARN] [1785816070.731989290] [sensing.lidar.concatenate_data]: transformed_raw_points[/sensing/lidar/left/pointcloud_before_sync] is nullptr, skipping pointcloud publish.
[autoware_ndt_scan_matcher_node-24] [INFO] [1785816070.732794554] [localization.pose_estimator.ndt_scan_matcher]: Mismatch between pose timestamp and current timestamp
[component_container_mt-1] [WARN] [1785816070.831780929] [sensing.lidar.concatenate_data]: transformed_raw_points[/sensing/lidar/right/pointcloud_before_sync] is nullptr, skipping pointcloud publish.
[component_container_mt-1] [WARN] [1785816070.831825457] [sensing.lidar.concatenate_data]: transformed_raw_points[/sensing/lidar/left/pointcloud_before_sync] is nullptr, skipping pointcloud publish.
[autoware_ndt_scan_matcher_node-24] [INFO] [1785816070.832925480] [localization.pose_estimator.ndt_scan_matcher]: Mismatch between pose timestamp and current timestamp
[component_container_mt-47] [INFO] [1785816070.882226550] [control.vehicle_cmd_gate]: The operation mode is changed, but the GearCommand is not received yet:
[component_container_mt-1] [WARN] [1785816070.931313541] [sensing.lidar.concatenate_data]: transformed_raw_points[/sensing/lidar/right/pointcloud_before_sync] is nullptr, skipping pointcloud publish.
[component_container_mt-1] [WARN] [1785816070.931363835] [sensing.lidar.concatenate_data]: transformed_raw_points[/sensing/lidar/left/pointcloud_before_sync] is nullptr, skipping pointcloud publish.
[autoware_ndt_scan_matcher_node-24] [INFO] [1785816070.932711282] [localization.pose_estimator.ndt_scan_matcher]: Mismatch between pose timestamp and current timestamp
[component_container-18] [WARN] [1785816070.938115036] [sensing.lidar.top.distortion_corrector_node]: Twist time_stamp is too late. Could not interpolate.
[component_container-18] [WARN] [1785816070.938144374] [sensing.lidar.top.distortion_corrector_node]: IMU time_stamp is too late. Could not interpolate.
[component_container_mt-1] [WARN] [1785816071.031732910] [sensing.lidar.concatenate_data]: transformed_raw_points[/sensing/lidar/right/pointcloud_before_sync] is nullptr, skipping pointcloud publish.
[component_container_mt-1] [WARN] [1785816071.031777680] [sensing.lidar.concatenate_data]: transformed_raw_points[/sensing/lidar/left/pointcloud_before_sync] is nullptr, skipping pointcloud publish.
[autoware_ndt_scan_matcher_node-24] [INFO] [1785816071.032220258] [localization.pose_estimator.ndt_scan_matcher]: Mismatch between pose timestamp and current timestamp
[autoware_mrm_handler_node-13] [INFO] [1785816071.082163932] [system.mrm_handler]: MRM State changed: NORMAL -> MRM_OPERATING
[autoware_mrm_handler_node-13] [WARN] [1785816071.083113101] [system.mrm_handler]: EMERGENCY_STOP is operated.
[component_container_mt-47] [WARN] [1785816071.132237497] [control.vehicle_cmd_gate]: Emergency!
[component_container_mt-1] [WARN] [1785816071.132334035] [sensing.lidar.concatenate_data]: transformed_raw_points[/sensing/lidar/right/pointcloud_before_sync] is nullptr, skipping pointcloud publish.
[component_container_mt-1] [WARN] [1785816071.132371857] [sensing.lidar.concatenate_data]: transformed_raw_points[/sensing/lidar/left/pointcloud_before_sync] is nullptr, skipping pointcloud publish.
[autoware_ndt_scan_matcher_node-24] [INFO] [1785816071.133051933] [localization.pose_estimator.ndt_scan_matcher]: Mismatch between pose timestamp and current timestamp
[autoware_mrm_handler_node-13] [INFO] [1785816071.181670358] [system.mrm_handler]: MRM State changed: MRM_OPERATING -> NORMAL
[autoware_mrm_handler_node-13] [WARN] [1785816071.183149563] [system.mrm_handler]: EMERGENCY_STOP is canceled.
[component_container_mt-1] [WARN] [1785816071.231384699] [sensing.lidar.concatenate_data]: transformed_raw_points[/sensing/lidar/right/pointcloud_before_sync] is nullptr, skipping pointcloud publish.
[component_container_mt-1] [WARN] [1785816071.231429587] [sensing.lidar.concatenate_data]: transformed_raw_points[/sensing/lidar/left/pointcloud_before_sync] is nullptr, skipping pointcloud publish.
[autoware_ndt_scan_matcher_node-24] [INFO] [1785816071.231859326] [localization.pose_estimator.ndt_scan_matcher]: Mismatch between pose timestamp and current timestamp
[component_container_mt-1] [WARN] [1785816071.331302004] [sensing.lidar.concatenate_data]: transformed_raw_points[/sensing/lidar/right/pointcloud_before_sync] is nullptr, skipping pointcloud publish.
[component_container_mt-1] [WARN] [1785816071.331350555] [sensing.lidar.concatenate_data]: transformed_raw_points[/sensing/lidar/left/pointcloud_before_sync] is nullptr, skipping pointcloud publish.
[autoware_ndt_scan_matcher_node-24] [INFO] [1785816071.332132853] [localization.pose_estimator.ndt_scan_matcher]: Mismatch between pose timestamp and current timestamp
[component_container_mt-1] [WARN] [1785816071.431451524] [sensing.lidar.concatenate_data]: transformed_raw_points[/sensing/lidar/right/pointcloud_before_sync] is nullptr, skipping pointcloud publish.
[autoware_ndt_scan_matcher_node-24] [INFO] [1785816071.432122807] [localization.pose_estimator.ndt_scan_matcher]: Mismatch between pose timestamp and current timestamp
[component_container_mt-1] [WARN] [1785816071.432420725] [sensing.lidar.concatenate_data]: transformed_raw_points[/sensing/lidar/left/pointcloud_before_sync] is nullptr, skipping pointcloud publish.
[component_container_mt-1] [WARN] [1785816071.531662920] [sensing.lidar.concatenate_data]: transformed_raw_points[/sensing/lidar/right/pointcloud_before_sync] is nullptr, skipping pointcloud publish.
[component_container_mt-1] [WARN] [1785816071.531709044] [sensing.lidar.concatenate_data]: transformed_raw_points[/sensing/lidar/left/pointcloud_before_sync] is nullptr, skipping pointcloud publish.
[autoware_ndt_scan_matcher_node-24] [INFO] [1785816071.532492936] [localization.pose_estimator.ndt_scan_matcher]: Mismatch between pose timestamp and current timestamp
[component_container_mt-1] [WARN] [1785816071.632082927] [sensing.lidar.concatenate_data]: transformed_raw_points[/sensing/lidar/right/pointcloud_before_sync] is nullptr, skipping pointcloud publish.
[component_container_mt-1] [WARN] [1785816071.632124401] [sensing.lidar.concatenate_data]: transformed_raw_points[/sensing/lidar/left/pointcloud_before_sync] is nullptr, skipping pointcloud publish.
[autoware_ndt_scan_matcher_node-24] [INFO] [1785816071.633391335] [localization.pose_estimator.ndt_scan_matcher]: Mismatch between pose timestamp and current timestamp
[component_container_mt-1] [WARN] [1785816071.732269560] [sensing.lidar.concatenate_data]: transformed_raw_points[/sensing/lidar/right/pointcloud_before_sync] is nullptr, skipping pointcloud publish.
[component_container_mt-1] [WARN] [1785816071.732313722] [sensing.lidar.concatenate_data]: transformed_raw_points[/sensing/lidar/left/pointcloud_before_sync] is nullptr, skipping pointcloud publish.
[autoware_ndt_scan_matcher_node-24] [INFO] [1785816071.732771397] [localization.pose_estimator.ndt_scan_matcher]: Mismatch between pose timestamp and current timestamp
[component_container-7] [WARN] [1785816071.781566831] [system.topic_state_monitor_control_command_control_cmd]: /control/command/control_cmd topic rate has dropped to the warning level. Set WARN in diagnostics.
[component_container_mt-1] [WARN] [1785816071.831830918] [sensing.lidar.concatenate_data]: transformed_raw_points[/sensing/lidar/right/pointcloud_before_sync] is nullptr, skipping pointcloud publish.
[component_container_mt-1] [WARN] [1785816071.831868932] [sensing.lidar.concatenate_data]: transformed_raw_points[/sensing/lidar/left/pointcloud_before_sync] is nullptr, skipping pointcloud publish.
[autoware_ndt_scan_matcher_node-24] [INFO] [1785816071.832988188] [localization.pose_estimator.ndt_scan_matcher]: Mismatch between pose timestamp and current timestamp
[component_container_mt-1] [WARN] [1785816071.932469151] [sensing.lidar.concatenate_data]: transformed_raw_points[/sensing/lidar/right/pointcloud_before_sync] is nullptr, skipping pointcloud publish.
[component_container_mt-1] [WARN] [1785816071.932511239] [sensing.lidar.concatenate_data]: transformed_raw_points[/sensing/lidar/left/pointcloud_before_sync] is nullptr, skipping pointcloud publish.
[autoware_ndt_scan_matcher_node-24] [INFO] [1785816071.933138721] [localization.pose_estimator.ndt_scan_matcher]: Mismatch between pose timestamp and current timestamp
[component_container_mt-1] [WARN] [1785816072.031973696] [sensing.lidar.concatenate_data]: transformed_raw_points[/sensing/lidar/right/pointcloud_before_sync] is nullptr, skipping pointcloud publish.
[component_container_mt-1] [WARN] [1785816072.032019965] [sensing.lidar.concatenate_data]: transformed_raw_points[/sensing/lidar/left/pointcloud_before_sync] is nullptr, skipping pointcloud publish.
[autoware_ndt_scan_matcher_node-24] [INFO] [1785816072.032502101] [localization.pose_estimator.ndt_scan_matcher]: Mismatch between pose timestamp and current timestamp
[autoware_mrm_handler_node-13] [INFO] [1785816072.081943530] [system.mrm_handler]: MRM State changed: NORMAL -> MRM_OPERATING
[autoware_mrm_handler_node-13] [WARN] [1785816072.082114398] [system.mrm_handler]: EMERGENCY_STOP is operated.
[component_container_mt-1] [WARN] [1785816072.131565099] [sensing.lidar.concatenate_data]: transformed_raw_points[/sensing/lidar/right/pointcloud_before_sync] is nullptr, skipping pointcloud publish.
[component_container_mt-1] [WARN] [1785816072.131614338] [sensing.lidar.concatenate_data]: transformed_raw_points[/sensing/lidar/left/pointcloud_before_sync] is nullptr, skipping pointcloud publish.
[component_container_mt-47] [WARN] [1785816072.131850511] [control.vehicle_cmd_gate]: Emergency!
[component_container_mt-48] [INFO] [1785816072.132011974] [control.control_validator]: waiting for /planning/trajectory
[autoware_ndt_scan_matcher_node-24] [INFO] [1785816072.132274037] [localization.pose_estimator.ndt_scan_matcher]: Mismatch between pose timestamp and current timestamp
[autoware_mrm_handler_node-13] [INFO] [1785816072.182345881] [system.mrm_handler]: MRM State changed: MRM_OPERATING -> NORMAL
[autoware_mrm_handler_node-13] [WARN] [1785816072.183457112] [system.mrm_handler]: EMERGENCY_STOP is canceled.
[component_container_mt-1] [WARN] [1785816072.231790429] [sensing.lidar.concatenate_data]: transformed_raw_points[/sensing/lidar/right/pointcloud_before_sync] is nullptr, skipping pointcloud publish.
[component_container_mt-1] [WARN] [1785816072.231846653] [sensing.lidar.concatenate_data]: transformed_raw_points[/sensing/lidar/left/pointcloud_before_sync] is nullptr, skipping pointcloud publish.
[autoware_ndt_scan_matcher_node-24] [INFO] [1785816072.232462706] [localization.pose_estimator.ndt_scan_matcher]: Mismatch between pose timestamp and current timestamp
[autoware_scenario_selector_node-36] [INFO] [1785816072.281494965] [planning.scenario_planning.scenario_selector]: Waiting for route.
[component_container_mt-48] [INFO] [1785816072.281808405] [control.trajectory_follower.lane_departure_checker_node]: waiting for route msg...
[component_container_mt-1] [WARN] [1785816072.331716908] [sensing.lidar.concatenate_data]: transformed_raw_points[/sensing/lidar/right/pointcloud_before_sync] is nullptr, skipping pointcloud publish.
[component_container_mt-1] [WARN] [1785816072.331760538] [sensing.lidar.concatenate_data]: transformed_raw_points[/sensing/lidar/left/pointcloud_before_sync] is nullptr, skipping pointcloud publish.
[autoware_ndt_scan_matcher_node-24] [INFO] [1785816072.332410812] [localization.pose_estimator.ndt_scan_matcher]: Mismatch between pose timestamp and current timestamp
[component_container_mt-1] [WARN] [1785816072.431451084] [sensing.lidar.concatenate_data]: transformed_raw_points[/sensing/lidar/right/pointcloud_before_sync] is nullptr, skipping pointcloud publish.
[component_container_mt-1] [WARN] [1785816072.431498574] [sensing.lidar.concatenate_data]: transformed_raw_points[/sensing/lidar/left/pointcloud_before_sync] is nullptr, skipping pointcloud publish.
[autoware_ndt_scan_matcher_node-24] [INFO] [1785816072.431926963] [localization.pose_estimator.ndt_scan_matcher]: Mismatch between pose timestamp and current timestamp
[component_container_mt-1] [WARN] [1785816072.531447677] [sensing.lidar.concatenate_data]: transformed_raw_points[/sensing/lidar/right/pointcloud_before_sync] is nullptr, skipping pointcloud publish.
[component_container_mt-1] [WARN] [1785816072.531492554] [sensing.lidar.concatenate_data]: transformed_raw_points[/sensing/lidar/left/pointcloud_before_sync] is nullptr, skipping pointcloud publish.
[autoware_ndt_scan_matcher_node-24] [INFO] [1785816072.532181598] [localization.pose_estimator.ndt_scan_matcher]: Mismatch between pose timestamp and current timestamp
[component_container_mt-1] [WARN] [1785816072.631693333] [sensing.lidar.concatenate_data]: transformed_raw_points[/sensing/lidar/right/pointcloud_before_sync] is nullptr, skipping pointcloud publish.
[component_container_mt-1] [WARN] [1785816072.631738291] [sensing.lidar.concatenate_data]: transformed_raw_points[/sensing/lidar/left/pointcloud_before_sync] is nullptr, skipping pointcloud publish.
[autoware_ndt_scan_matcher_node-24] [INFO] [1785816072.632239790] [localization.pose_estimator.ndt_scan_matcher]: Mismatch between pose timestamp and current timestamp
[component_container_mt-1] [WARN] [1785816072.731837285] [sensing.lidar.concatenate_data]: transformed_raw_points[/sensing/lidar/right/pointcloud_before_sync] is nullptr, skipping pointcloud publish.
[component_container_mt-1] [WARN] [1785816072.731879200] [sensing.lidar.concatenate_data]: transformed_raw_points[/sensing/lidar/left/pointcloud_before_sync] is nullptr, skipping pointcloud publish.
[autoware_ndt_scan_matcher_node-24] [INFO] [1785816072.732595532] [localization.pose_estimator.ndt_scan_matcher]: Mismatch between pose timestamp and current timestamp
[component_container_mt-1] [WARN] [1785816072.831873363] [sensing.lidar.concatenate_data]: transformed_raw_points[/sensing/lidar/right/pointcloud_before_sync] is nullptr, skipping pointcloud publish.
[component_container_mt-1] [WARN] [1785816072.831924663] [sensing.lidar.concatenate_data]: transformed_raw_points[/sensing/lidar/left/pointcloud_before_sync] is nullptr, skipping pointcloud publish.
[autoware_ndt_scan_matcher_node-24] [INFO] [1785816072.832545789] [localization.pose_estimator.ndt_scan_matcher]: Mismatch between pose timestamp and current timestamp
[component_container_mt-1] [WARN] [1785816072.932012283] [sensing.lidar.concatenate_data]: transformed_raw_points[/sensing/lidar/right/pointcloud_before_sync] is nullptr, skipping pointcloud publish.
[component_container_mt-1] [WARN] [1785816072.932056685] [sensing.lidar.concatenate_data]: transformed_raw_points[/sensing/lidar/left/pointcloud_before_sync] is nullptr, skipping pointcloud publish.
[autoware_ndt_scan_matcher_node-24] [INFO] [1785816072.932528492] [localization.pose_estimator.ndt_scan_matcher]: Mismatch between pose timestamp and current timestamp
[autoware_mrm_handler_node-13] [INFO] [1785816072.982574417] [system.mrm_handler]: MRM State changed: NORMAL -> MRM_OPERATING
[autoware_mrm_handler_node-13] [WARN] [1785816072.982763210] [system.mrm_handler]: EMERGENCY_STOP is operated.
[component_container_mt-1] [WARN] [1785816073.031634371] [sensing.lidar.concatenate_data]: transformed_raw_points[/sensing/lidar/right/pointcloud_before_sync] is nullptr, skipping pointcloud publish.
[component_container_mt-1] [WARN] [1785816073.031686038] [sensing.lidar.concatenate_data]: transformed_raw_points[/sensing/lidar/left/pointcloud_before_sync] is nullptr, skipping pointcloud publish.
[autoware_ndt_scan_matcher_node-24] [INFO] [1785816073.032425492] [localization.pose_estimator.ndt_scan_matcher]: Mismatch between pose timestamp and current timestamp
[autoware_mrm_handler_node-13] [INFO] [1785816073.082212114] [system.mrm_handler]: MRM State changed: MRM_OPERATING -> MRM_SUCCEEDED
[component_container_mt-47] [WARN] [1785816073.131245281] [control.vehicle_cmd_gate]: Emergency!
[component_container_mt-1] [WARN] [1785816073.131420087] [sensing.lidar.concatenate_data]: transformed_raw_points[/sensing/lidar/right/pointcloud_before_sync] is nullptr, skipping pointcloud publish.
[component_container_mt-1] [WARN] [1785816073.131452988] [sensing.lidar.concatenate_data]: transformed_raw_points[/sensing/lidar/left/pointcloud_before_sync] is nullptr, skipping pointcloud publish.
[autoware_ndt_scan_matcher_node-24] [INFO] [1785816073.131916555] [localization.pose_estimator.ndt_scan_matcher]: Mismatch between pose timestamp and current timestamp
[logging_node-14] [WARN] [1785816073.181686203] [logging_diag_graph]: The target mode is not available for the following reasons:
[logging_node-14] - /autoware/modes/autonomous ERROR
[logging_node-14]     - /autoware/planning ERROR
[logging_node-14]         - /autoware/planning/routing/state ERROR
[logging_node-14]         - [anonymous group] ERROR
[logging_node-14]             - /autoware/planning/topic_rate_check/route ERROR
[logging_node-14]             - /autoware/planning/topic_rate_check/trajectory ERROR
[logging_node-14]     - /autoware/control ERROR
[logging_node-14]         - /autoware/control/topic_rate_check/trajectory_follower ERROR
[logging_node-14]         - /autoware/control/topic_rate_check/control_command WARN 
[logging_node-14] 
[autoware_mrm_handler_node-13] [INFO] [1785816073.181807453] [system.mrm_handler]: MRM State changed: MRM_SUCCEEDED -> NORMAL
[autoware_mrm_handler_node-13] [WARN] [1785816073.181958467] [system.mrm_handler]: EMERGENCY_STOP is canceled.
[component_container-7] [INFO] [1785816073.231281811] [system.topic_state_monitor_scenario_planning_trajectory]: /planning/trajectory has not received. Set ERROR in diagnostics.
[component_container_mt-1] [WARN] [1785816073.231659200] [sensing.lidar.concatenate_data]: transformed_raw_points[/sensing/lidar/right/pointcloud_before_sync] is nullptr, skipping pointcloud publish.
[component_container_mt-1] [WARN] [1785816073.231691708] [sensing.lidar.concatenate_data]: transformed_raw_points[/sensing/lidar/left/pointcloud_before_sync] is nullptr, skipping pointcloud publish.
[autoware_ndt_scan_matcher_node-24] [INFO] [1785816073.232190147] [localization.pose_estimator.ndt_scan_matcher]: Mismatch between pose timestamp and current timestamp
[component_container_mt-1] [WARN] [1785816073.331777615] [sensing.lidar.concatenate_data]: transformed_raw_points[/sensing/lidar/right/pointcloud_before_sync] is nullptr, skipping pointcloud publish.
[component_container_mt-1] [WARN] [1785816073.331819689] [sensing.lidar.concatenate_data]: transformed_raw_points[/sensing/lidar/left/pointcloud_before_sync] is nullptr, skipping pointcloud publish.
[autoware_ndt_scan_matcher_node-24] [INFO] [1785816073.332320242] [localization.pose_estimator.ndt_scan_matcher]: Mismatch between pose timestamp and current timestamp
[component_container_mt-1] [WARN] [1785816073.432037815] [sensing.lidar.concatenate_data]: transformed_raw_points[/sensing/lidar/right/pointcloud_before_sync] is nullptr, skipping pointcloud publish.
[component_container_mt-1] [WARN] [1785816073.432081581] [sensing.lidar.concatenate_data]: transformed_raw_points[/sensing/lidar/left/pointcloud_before_sync] is nullptr, skipping pointcloud publish.
[autoware_ndt_scan_matcher_node-24] [INFO] [1785816073.432672543] [localization.pose_estimator.ndt_scan_matcher]: Mismatch between pose timestamp and current timestamp
[component_container_mt-1] [WARN] [1785816073.531699724] [sensing.lidar.concatenate_data]: transformed_raw_points[/sensing/lidar/right/pointcloud_before_sync] is nullptr, skipping pointcloud publish.
[component_container_mt-1] [WARN] [1785816073.531743784] [sensing.lidar.concatenate_data]: transformed_raw_points[/sensing/lidar/left/pointcloud_before_sync] is nullptr, skipping pointcloud publish.
[autoware_ndt_scan_matcher_node-24] [INFO] [1785816073.532156194] [localization.pose_estimator.ndt_scan_matcher]: Mismatch between pose timestamp and current timestamp
[component_container_mt-1] [WARN] [1785816073.631532813] [sensing.lidar.concatenate_data]: transformed_raw_points[/sensing/lidar/right/pointcloud_before_sync] is nullptr, skipping pointcloud publish.
[autoware_ndt_scan_matcher_node-24] [INFO] [1785816073.632047889] [localization.pose_estimator.ndt_scan_matcher]: Mismatch between pose timestamp and current timestamp
[component_container_mt-1] [WARN] [1785816073.632384642] [sensing.lidar.concatenate_data]: transformed_raw_points[/sensing/lidar/left/pointcloud_before_sync] is nullptr, skipping pointcloud publish.
[component_container_mt-1] [WARN] [1785816073.731839958] [sensing.lidar.concatenate_data]: transformed_raw_points[/sensing/lidar/right/pointcloud_before_sync] is nullptr, skipping pointcloud publish.
[component_container_mt-1] [WARN] [1785816073.731883736] [sensing.lidar.concatenate_data]: transformed_raw_points[/sensing/lidar/left/pointcloud_before_sync] is nullptr, skipping pointcloud publish.
[autoware_ndt_scan_matcher_node-24] [INFO] [1785816073.732400796] [localization.pose_estimator.ndt_scan_matcher]: Mismatch between pose timestamp and current timestamp
[component_container_mt-1] [WARN] [1785816073.831463898] [sensing.lidar.concatenate_data]: transformed_raw_points[/sensing/lidar/right/pointcloud_before_sync] is nullptr, skipping pointcloud publish.
[component_container_mt-1] [WARN] [1785816073.831510421] [sensing.lidar.concatenate_data]: transformed_raw_points[/sensing/lidar/left/pointcloud_before_sync] is nullptr, skipping pointcloud publish.
[autoware_ndt_scan_matcher_node-24] [INFO] [1785816073.832876628] [localization.pose_estimator.ndt_scan_matcher]: Mismatch between pose timestamp and current timestamp
[component_container_mt-1] [WARN] [1785816073.931831588] [sensing.lidar.concatenate_data]: transformed_raw_points[/sensing/lidar/right/pointcloud_before_sync] is nullptr, skipping pointcloud publish.
[autoware_ndt_scan_matcher_node-24] [INFO] [1785816073.932412722] [localization.pose_estimator.ndt_scan_matcher]: Mismatch between pose timestamp and current timestamp
[component_container_mt-1] [WARN] [1785816073.932682013] [sensing.lidar.concatenate_data]: transformed_raw_points[/sensing/lidar/left/pointcloud_before_sync] is nullptr, skipping pointcloud publish.
[component_container_mt-1] [WARN] [1785816074.031678300] [sensing.lidar.concatenate_data]: transformed_raw_points[/sensing/lidar/right/pointcloud_before_sync] is nullptr, skipping pointcloud publish.
[component_container_mt-1] [WARN] [1785816074.032026872] [sensing.lidar.concatenate_data]: transformed_raw_points[/sensing/lidar/left/pointcloud_before_sync] is nullptr, skipping pointcloud publish.
[autoware_ndt_scan_matcher_node-24] [INFO] [1785816074.032283662] [localization.pose_estimator.ndt_scan_matcher]: Mismatch between pose timestamp and current timestamp
[autoware_mrm_handler_node-13] [INFO] [1785816074.081761126] [system.mrm_handler]: MRM State changed: NORMAL -> MRM_OPERATING
[autoware_mrm_handler_node-13] [WARN] [1785816074.082333563] [system.mrm_handler]: EMERGENCY_STOP is operated.
[component_container_mt-1] [WARN] [1785816074.131505121] [sensing.lidar.concatenate_data]: transformed_raw_points[/sensing/lidar/right/pointcloud_before_sync] is nullptr, skipping pointcloud publish.
[component_container_mt-1] [WARN] [1785816074.131554631] [sensing.lidar.concatenate_data]: transformed_raw_points[/sensing/lidar/left/pointcloud_before_sync] is nullptr, skipping pointcloud publish.
[component_container_mt-47] [WARN] [1785816074.131589114] [control.vehicle_cmd_gate]: Emergency!
[autoware_ndt_scan_matcher_node-24] [INFO] [1785816074.132069614] [localization.pose_estimator.ndt_scan_matcher]: Mismatch between pose timestamp and current timestamp
[autoware_mrm_handler_node-13] [INFO] [1785816074.181534123] [system.mrm_handler]: MRM State changed: MRM_OPERATING -> NORMAL
[autoware_mrm_handler_node-13] [WARN] [1785816074.181934287] [system.mrm_handler]: EMERGENCY_STOP is canceled.
[component_container_mt-1] [WARN] [1785816074.231511814] [sensing.lidar.concatenate_data]: transformed_raw_points[/sensing/lidar/right/pointcloud_before_sync] is nullptr, skipping pointcloud publish.
[component_container_mt-1] [WARN] [1785816074.231557001] [sensing.lidar.concatenate_data]: transformed_raw_points[/sensing/lidar/left/pointcloud_before_sync] is nullptr, skipping pointcloud publish.
[autoware_ndt_scan_matcher_node-24] [INFO] [1785816074.232212956] [localization.pose_estimator.ndt_scan_matcher]: Mismatch between pose timestamp and current timestamp
[component_container_mt-1] [WARN] [1785816074.331607815] [sensing.lidar.concatenate_data]: transformed_raw_points[/sensing/lidar/right/pointcloud_before_sync] is nullptr, skipping pointcloud publish.
[component_container_mt-1] [WARN] [1785816074.331652189] [sensing.lidar.concatenate_data]: transformed_raw_points[/sensing/lidar/left/pointcloud_before_sync] is nullptr, skipping pointcloud publish.
[autoware_ndt_scan_matcher_node-24] [INFO] [1785816074.332100573] [localization.pose_estimator.ndt_scan_matcher]: Mismatch between pose timestamp and current timestamp
[component_container_mt-1] [WARN] [1785816074.432100521] [sensing.lidar.concatenate_data]: transformed_raw_points[/sensing/lidar/right/pointcloud_before_sync] is nullptr, skipping pointcloud publish.
[component_container_mt-1] [WARN] [1785816074.432148110] [sensing.lidar.concatenate_data]: transformed_raw_points[/sensing/lidar/left/pointcloud_before_sync] is nullptr, skipping pointcloud publish.
[autoware_ndt_scan_matcher_node-24] [INFO] [1785816074.432853899] [localization.pose_estimator.ndt_scan_matcher]: Mismatch between pose timestamp and current timestamp
[component_container_mt-1] [WARN] [1785816074.531645359] [sensing.lidar.concatenate_data]: transformed_raw_points[/sensing/lidar/right/pointcloud_before_sync] is nullptr, skipping pointcloud publish.
[component_container_mt-1] [WARN] [1785816074.531701665] [sensing.lidar.concatenate_data]: transformed_raw_points[/sensing/lidar/left/pointcloud_before_sync] is nullptr, skipping pointcloud publish.
[autoware_ndt_scan_matcher_node-24] [INFO] [1785816074.532265603] [localization.pose_estimator.ndt_scan_matcher]: Mismatch between pose timestamp and current timestamp
[component_container_mt-1] [WARN] [1785816074.631602366] [sensing.lidar.concatenate_data]: transformed_raw_points[/sensing/lidar/right/pointcloud_before_sync] is nullptr, skipping pointcloud publish.
[component_container_mt-1] [WARN] [1785816074.631655897] [sensing.lidar.concatenate_data]: transformed_raw_points[/sensing/lidar/left/pointcloud_before_sync] is nullptr, skipping pointcloud publish.
[autoware_ndt_scan_matcher_node-24] [INFO] [1785816074.632233557] [localization.pose_estimator.ndt_scan_matcher]: Mismatch between pose timestamp and current timestamp
[component_container_mt-47] [INFO] [1785816074.681599419] [control.trajectory_follower.controller_node_exe]: Waiting for trajectory data
[component_container_mt-47] [INFO] [1785816074.681660611] [control.trajectory_follower.controller_node_exe]: Control is skipped since input data is not ready.
[component_container_mt-1] [WARN] [1785816074.731814654] [sensing.lidar.concatenate_data]: transformed_raw_points[/sensing/lidar/right/pointcloud_before_sync] is nullptr, skipping pointcloud publish.
[component_container_mt-1] [WARN] [1785816074.731866321] [sensing.lidar.concatenate_data]: transformed_raw_points[/sensing/lidar/left/pointcloud_before_sync] is nullptr, skipping pointcloud publish.
[autoware_ndt_scan_matcher_node-24] [INFO] [1785816074.732383181] [localization.pose_estimator.ndt_scan_matcher]: Mismatch between pose timestamp and current timestamp
[component_container-7] [WARN] [1785816074.782180049] [system.topic_state_monitor_control_command_control_cmd]: /control/command/control_cmd topic rate has dropped to the warning level. Set WARN in diagnostics.
[component_container_mt-1] [WARN] [1785816074.831751981] [sensing.lidar.concatenate_data]: transformed_raw_points[/sensing/lidar/right/pointcloud_before_sync] is nullptr, skipping pointcloud publish.
[component_container_mt-1] [WARN] [1785816074.831800627] [sensing.lidar.concatenate_data]: transformed_raw_points[/sensing/lidar/left/pointcloud_before_sync] is nullptr, skipping pointcloud publish.
[autoware_ndt_scan_matcher_node-24] [INFO] [1785816074.832261158] [localization.pose_estimator.ndt_scan_matcher]: Mismatch between pose timestamp and current timestamp
[component_container_mt-1] [WARN] [1785816074.931666727] [sensing.lidar.concatenate_data]: transformed_raw_points[/sensing/lidar/right/pointcloud_before_sync] is nullptr, skipping pointcloud publish.
[component_container_mt-1] [WARN] [1785816074.931708445] [sensing.lidar.concatenate_data]: transformed_raw_points[/sensing/lidar/left/pointcloud_before_sync] is nullptr, skipping pointcloud publish.
[autoware_ndt_scan_matcher_node-24] [INFO] [1785816074.932306238] [localization.pose_estimator.ndt_scan_matcher]: Mismatch between pose timestamp and current timestamp
[component_container_mt-40] [INFO] [1785816075.031924461] [planning.scenario_planning.lane_driving.behavior_planning.behavior_path_planner]: waiting for scenario_topic
[component_container_mt-1] [WARN] [1785816075.032060049] [sensing.lidar.concatenate_data]: transformed_raw_points[/sensing/lidar/right/pointcloud_before_sync] is nullptr, skipping pointcloud publish.
[component_container_mt-1] [WARN] [1785816075.032093770] [sensing.lidar.concatenate_data]: transformed_raw_points[/sensing/lidar/left/pointcloud_before_sync] is nullptr, skipping pointcloud publish.
[autoware_ndt_scan_matcher_node-24] [INFO] [1785816075.032604131] [localization.pose_estimator.ndt_scan_matcher]: Mismatch between pose timestamp and current timestamp
[autoware_mrm_handler_node-13] [INFO] [1785816075.081759312] [system.mrm_handler]: MRM State changed: NORMAL -> MRM_OPERATING
[autoware_mrm_handler_node-13] [WARN] [1785816075.082529469] [system.mrm_handler]: EMERGENCY_STOP is operated.
[component_container_mt-1] [WARN] [1785816075.131498880] [sensing.lidar.concatenate_data]: transformed_raw_points[/sensing/lidar/right/pointcloud_before_sync] is nullptr, skipping pointcloud publish.
[component_container_mt-1] [WARN] [1785816075.131548479] [sensing.lidar.concatenate_data]: transformed_raw_points[/sensing/lidar/left/pointcloud_before_sync] is nullptr, skipping pointcloud publish.
[component_container_mt-47] [WARN] [1785816075.131710979] [control.vehicle_cmd_gate]: Emergency!
[autoware_ndt_scan_matcher_node-24] [INFO] [1785816075.132092943] [localization.pose_estimator.ndt_scan_matcher]: Mismatch between pose timestamp and current timestamp
[component_container-18] [WARN] [1785816075.138049827] [sensing.lidar.top.crop_box_filter_self]: Invalid PointCloud: is_dense is false. The point cloud should be organized (dense) and contain only valid points. This will be an ERROR starting in 2026 JulyFrame: 'velodyne_top', Stamp: 80.172813435
[autoware_mrm_handler_node-13] [INFO] [1785816075.182659870] [system.mrm_handler]: MRM State changed: MRM_OPERATING -> NORMAL
[autoware_mrm_handler_node-13] [WARN] [1785816075.182867195] [system.mrm_handler]: EMERGENCY_STOP is canceled.
[component_container_mt-1] [WARN] [1785816075.231903696] [sensing.lidar.concatenate_data]: transformed_raw_points[/sensing/lidar/right/pointcloud_before_sync] is nullptr, skipping pointcloud publish.
[component_container_mt-1] [WARN] [1785816075.231948839] [sensing.lidar.concatenate_data]: transformed_raw_points[/sensing/lidar/left/pointcloud_before_sync] is nullptr, skipping pointcloud publish.
[autoware_ndt_scan_matcher_node-24] [INFO] [1785816075.232504327] [localization.pose_estimator.ndt_scan_matcher]: Mismatch between pose timestamp and current timestamp
[component_container_mt-1] [WARN] [1785816075.332004853] [sensing.lidar.concatenate_data]: transformed_raw_points[/sensing/lidar/right/pointcloud_before_sync] is nullptr, skipping pointcloud publish.
[component_container_mt-1] [WARN] [1785816075.332054016] [sensing.lidar.concatenate_data]: transformed_raw_points[/sensing/lidar/left/pointcloud_before_sync] is nullptr, skipping pointcloud publish.
[autoware_ndt_scan_matcher_node-24] [INFO] [1785816075.332504883] [localization.pose_estimator.ndt_scan_matcher]: Mismatch between pose timestamp and current timestamp
[component_container_mt-1] [WARN] [1785816075.431613027] [sensing.lidar.concatenate_data]: transformed_raw_points[/sensing/lidar/right/pointcloud_before_sync] is nullptr, skipping pointcloud publish.
[component_container_mt-1] [WARN] [1785816075.431717939] [sensing.lidar.concatenate_data]: transformed_raw_points[/sensing/lidar/left/pointcloud_before_sync] is nullptr, skipping pointcloud publish.
[autoware_ndt_scan_matcher_node-24] [INFO] [1785816075.432424498] [localization.pose_estimator.ndt_scan_matcher]: Mismatch between pose timestamp and current timestamp
[component_container_mt-1] [WARN] [1785816075.531660788] [sensing.lidar.concatenate_data]: transformed_raw_points[/sensing/lidar/right/pointcloud_before_sync] is nullptr, skipping pointcloud publish.
[component_container_mt-1] [WARN] [1785816075.531707786] [sensing.lidar.concatenate_data]: transformed_raw_points[/sensing/lidar/left/pointcloud_before_sync] is nullptr, skipping pointcloud publish.
[component_container_mt-48] [INFO] [1785816075.531746585] [control.autonomous_emergency_braking]: [AEB] waiting for control predicted trajectory
[autoware_ndt_scan_matcher_node-24] [INFO] [1785816075.532393427] [localization.pose_estimator.ndt_scan_matcher]: Mismatch between pose timestamp and current timestamp
[component_container_mt-1] [WARN] [1785816075.538700691] [localization.util.crop_box_filter_measurement_range]: Invalid PointCloud: row_step mismatch. Expected: 100352 (width 6272 * point_step 16), Got: 0. Frame: 'base_link', Stamp: 80.572813441 Please fill in the `cloud->row_step` field accordingly. This will be an ERROR starting in 2026 July
[component_container_mt-1] [WARN] [1785816075.632011572] [sensing.lidar.concatenate_data]: transformed_raw_points[/sensing/lidar/right/pointcloud_before_sync] is nullptr, skipping pointcloud publish.
[component_container_mt-1] [WARN] [1785816075.632057788] [sensing.lidar.concatenate_data]: transformed_raw_points[/sensing/lidar/left/pointcloud_before_sync] is nullptr, skipping pointcloud publish.
[autoware_ndt_scan_matcher_node-24] [INFO] [1785816075.632491749] [localization.pose_estimator.ndt_scan_matcher]: Mismatch between pose timestamp and current timestamp
[component_container_mt-1] [WARN] [1785816075.731496753] [sensing.lidar.concatenate_data]: transformed_raw_points[/sensing/lidar/right/pointcloud_before_sync] is nullptr, skipping pointcloud publish.
[component_container_mt-1] [WARN] [1785816075.731545187] [sensing.lidar.concatenate_data]: transformed_raw_points[/sensing/lidar/left/pointcloud_before_sync] is nullptr, skipping pointcloud publish.
[autoware_ndt_scan_matcher_node-24] [INFO] [1785816075.733112211] [localization.pose_estimator.ndt_scan_matcher]: Mismatch between pose timestamp and current timestamp
[component_container_mt-1] [WARN] [1785816075.831914086] [sensing.lidar.concatenate_data]: transformed_raw_points[/sensing/lidar/right/pointcloud_before_sync] is nullptr, skipping pointcloud publish.
[component_container_mt-1] [WARN] [1785816075.831959589] [sensing.lidar.concatenate_data]: transformed_raw_points[/sensing/lidar/left/pointcloud_before_sync] is nullptr, skipping pointcloud publish.
[autoware_ndt_scan_matcher_node-24] [INFO] [1785816075.832408045] [localization.pose_estimator.ndt_scan_matcher]: Mismatch between pose timestamp and current timestamp
[component_container_mt-47] [INFO] [1785816075.882876946] [control.vehicle_cmd_gate]: The operation mode is changed, but the GearCommand is not received yet:
[component_container_mt-1] [WARN] [1785816075.931779970] [sensing.lidar.concatenate_data]: transformed_raw_points[/sensing/lidar/right/pointcloud_before_sync] is nullptr, skipping pointcloud publish.
[component_container_mt-1] [WARN] [1785816075.931827362] [sensing.lidar.concatenate_data]: transformed_raw_points[/sensing/lidar/left/pointcloud_before_sync] is nullptr, skipping pointcloud publish.
[autoware_ndt_scan_matcher_node-24] [INFO] [1785816075.932475000] [localization.pose_estimator.ndt_scan_matcher]: Mismatch between pose timestamp and current timestamp
[component_container_mt-1] [WARN] [1785816076.031795655] [sensing.lidar.concatenate_data]: transformed_raw_points[/sensing/lidar/right/pointcloud_before_sync] is nullptr, skipping pointcloud publish.
[component_container_mt-1] [WARN] [1785816076.031846359] [sensing.lidar.concatenate_data]: transformed_raw_points[/sensing/lidar/left/pointcloud_before_sync] is nullptr, skipping pointcloud publish.
[autoware_ndt_scan_matcher_node-24] [INFO] [1785816076.032528666] [localization.pose_estimator.ndt_scan_matcher]: Mismatch between pose timestamp and current timestamp
[autoware_mrm_handler_node-13] [INFO] [1785816076.081473234] [system.mrm_handler]: MRM State changed: NORMAL -> MRM_OPERATING
[autoware_mrm_handler_node-13] [WARN] [1785816076.081939227] [system.mrm_handler]: EMERGENCY_STOP is operated.
[component_container_mt-1] [WARN] [1785816076.131844497] [sensing.lidar.concatenate_data]: transformed_raw_points[/sensing/lidar/right/pointcloud_before_sync] is nullptr, skipping pointcloud publish.
[component_container_mt-1] [WARN] [1785816076.131896566] [sensing.lidar.concatenate_data]: transformed_raw_points[/sensing/lidar/left/pointcloud_before_sync] is nullptr, skipping pointcloud publish.
[component_container_mt-47] [WARN] [1785816076.131894378] [control.vehicle_cmd_gate]: Emergency!
[autoware_ndt_scan_matcher_node-24] [INFO] [1785816076.132472835] [localization.pose_estimator.ndt_scan_matcher]: Mismatch between pose timestamp and current timestamp
[logging_node-14] [WARN] [1785816076.181694909] [logging_diag_graph]: The target mode is not available for the following reasons:
[logging_node-14] - /autoware/modes/autonomous ERROR
[logging_node-14]     - /autoware/planning ERROR
[logging_node-14]         - /autoware/planning/routing/state ERROR
[logging_node-14]         - [anonymous group] ERROR
[logging_node-14]             - /autoware/planning/topic_rate_check/route ERROR
[logging_node-14]             - /autoware/planning/topic_rate_check/trajectory ERROR
[logging_node-14]     - /autoware/control ERROR
[logging_node-14]         - /autoware/control/topic_rate_check/trajectory_follower ERROR
[logging_node-14]         - /autoware/control/topic_rate_check/control_command WARN 
[logging_node-14] 
[autoware_mrm_handler_node-13] [INFO] [1785816076.181815495] [system.mrm_handler]: MRM State changed: MRM_OPERATING -> NORMAL
[autoware_mrm_handler_node-13] [WARN] [1785816076.182296373] [system.mrm_handler]: EMERGENCY_STOP is canceled.
[component_container-7] [INFO] [1785816076.231554579] [system.topic_state_monitor_scenario_planning_trajectory]: /planning/trajectory has not received. Set ERROR in diagnostics.
[component_container_mt-1] [WARN] [1785816076.231662606] [sensing.lidar.concatenate_data]: transformed_raw_points[/sensing/lidar/right/pointcloud_before_sync] is nullptr, skipping pointcloud publish.
[component_container_mt-1] [WARN] [1785816076.231705235] [sensing.lidar.concatenate_data]: transformed_raw_points[/sensing/lidar/left/pointcloud_before_sync] is nullptr, skipping pointcloud publish.
[autoware_ndt_scan_matcher_node-24] [INFO] [1785816076.232249761] [localization.pose_estimator.ndt_scan_matcher]: Mismatch between pose timestamp and current timestamp
[component_container_mt-1] [WARN] [1785816076.331585211] [sensing.lidar.concatenate_data]: transformed_raw_points[/sensing/lidar/right/pointcloud_before_sync] is nullptr, skipping pointcloud publish.
[component_container_mt-1] [WARN] [1785816076.331637244] [sensing.lidar.concatenate_data]: transformed_raw_points[/sensing/lidar/left/pointcloud_before_sync] is nullptr, skipping pointcloud publish.
[autoware_ndt_scan_matcher_node-24] [INFO] [1785816076.332392530] [localization.pose_estimator.ndt_scan_matcher]: Mismatch between pose timestamp and current timestamp
[component_container_mt-1] [WARN] [1785816076.431897890] [sensing.lidar.concatenate_data]: transformed_raw_points[/sensing/lidar/right/pointcloud_before_sync] is nullptr, skipping pointcloud publish.
[component_container_mt-1] [WARN] [1785816076.431940900] [sensing.lidar.concatenate_data]: transformed_raw_points[/sensing/lidar/left/pointcloud_before_sync] is nullptr, skipping pointcloud publish.
[autoware_ndt_scan_matcher_node-24] [INFO] [1785816076.432422216] [localization.pose_estimator.ndt_scan_matcher]: Mismatch between pose timestamp and current timestamp
[component_container_mt-1] [WARN] [1785816076.531601418] [sensing.lidar.concatenate_data]: transformed_raw_points[/sensing/lidar/right/pointcloud_before_sync] is nullptr, skipping pointcloud publish.
[component_container_mt-1] [WARN] [1785816076.531649379] [sensing.lidar.concatenate_data]: transformed_raw_points[/sensing/lidar/left/pointcloud_before_sync] is nullptr, skipping pointcloud publish.
[autoware_ndt_scan_matcher_node-24] [INFO] [1785816076.533386175] [localization.pose_estimator.ndt_scan_matcher]: Mismatch between pose timestamp and current timestamp
[component_container_mt-1] [WARN] [1785816076.631484230] [sensing.lidar.concatenate_data]: transformed_raw_points[/sensing/lidar/right/pointcloud_before_sync] is nullptr, skipping pointcloud publish.
[component_container_mt-1] [WARN] [1785816076.631537157] [sensing.lidar.concatenate_data]: transformed_raw_points[/sensing/lidar/left/pointcloud_before_sync] is nullptr, skipping pointcloud publish.
[autoware_ndt_scan_matcher_node-24] [INFO] [1785816076.632455373] [localization.pose_estimator.ndt_scan_matcher]: Mismatch between pose timestamp and current timestamp
[component_container_mt-1] [WARN] [1785816076.731979167] [sensing.lidar.concatenate_data]: transformed_raw_points[/sensing/lidar/right/pointcloud_before_sync] is nullptr, skipping pointcloud publish.
[component_container_mt-1] [WARN] [1785816076.732026859] [sensing.lidar.concatenate_data]: transformed_raw_points[/sensing/lidar/left/pointcloud_before_sync] is nullptr, skipping pointcloud publish.
[autoware_ndt_scan_matcher_node-24] [INFO] [1785816076.732495536] [localization.pose_estimator.ndt_scan_matcher]: Mismatch between pose timestamp and current timestamp
[component_container_mt-1] [WARN] [1785816076.831661323] [sensing.lidar.concatenate_data]: transformed_raw_points[/sensing/lidar/right/pointcloud_before_sync] is nullptr, skipping pointcloud publish.
[component_container_mt-1] [WARN] [1785816076.831710162] [sensing.lidar.concatenate_data]: transformed_raw_points[/sensing/lidar/left/pointcloud_before_sync] is nullptr, skipping pointcloud publish.
[autoware_ndt_scan_matcher_node-24] [INFO] [1785816076.832227706] [localization.pose_estimator.ndt_scan_matcher]: Mismatch between pose timestamp and current timestamp
[component_container_mt-1] [WARN] [1785816076.932060413] [sensing.lidar.concatenate_data]: transformed_raw_points[/sensing/lidar/right/pointcloud_before_sync] is nullptr, skipping pointcloud publish.
[component_container_mt-1] [WARN] [1785816076.932100931] [sensing.lidar.concatenate_data]: transformed_raw_points[/sensing/lidar/left/pointcloud_before_sync] is nullptr, skipping pointcloud publish.
[autoware_ndt_scan_matcher_node-24] [INFO] [1785816076.933249717] [localization.pose_estimator.ndt_scan_matcher]: Mismatch between pose timestamp and current timestamp
[component_container_mt-1] [WARN] [1785816077.032036143] [sensing.lidar.concatenate_data]: transformed_raw_points[/sensing/lidar/right/pointcloud_before_sync] is nullptr, skipping pointcloud publish.
[component_container_mt-1] [WARN] [1785816077.032095196] [sensing.lidar.concatenate_data]: transformed_raw_points[/sensing/lidar/left/pointcloud_before_sync] is nullptr, skipping pointcloud publish.
[autoware_ndt_scan_matcher_node-24] [INFO] [1785816077.032826842] [localization.pose_estimator.ndt_scan_matcher]: Mismatch between pose timestamp and current timestamp
[autoware_mrm_handler_node-13] [INFO] [1785816077.081959258] [system.mrm_handler]: MRM State changed: NORMAL -> MRM_OPERATING
[autoware_mrm_handler_node-13] [WARN] [1785816077.082983307] [system.mrm_handler]: EMERGENCY_STOP is operated.
[component_container_mt-47] [WARN] [1785816077.131907948] [control.vehicle_cmd_gate]: Emergency!
[component_container_mt-1] [WARN] [1785816077.131914792] [sensing.lidar.concatenate_data]: transformed_raw_points[/sensing/lidar/right/pointcloud_before_sync] is nullptr, skipping pointcloud publish.
[component_container_mt-1] [WARN] [1785816077.131952174] [sensing.lidar.concatenate_data]: transformed_raw_points[/sensing/lidar/left/pointcloud_before_sync] is nullptr, skipping pointcloud publish.
[component_container_mt-48] [INFO] [1785816077.132118303] [control.control_validator]: waiting for /planning/trajectory
[autoware_ndt_scan_matcher_node-24] [INFO] [1785816077.132464280] [localization.pose_estimator.ndt_scan_matcher]: Mismatch between pose timestamp and current timestamp
[autoware_mrm_handler_node-13] [INFO] [1785816077.182324920] [system.mrm_handler]: MRM State changed: MRM_OPERATING -> NORMAL
[autoware_mrm_handler_node-13] [WARN] [1785816077.182545419] [system.mrm_handler]: EMERGENCY_STOP is canceled.
[component_container_mt-1] [WARN] [1785816077.231322901] [sensing.lidar.concatenate_data]: transformed_raw_points[/sensing/lidar/right/pointcloud_before_sync] is nullptr, skipping pointcloud publish.
[component_container_mt-1] [WARN] [1785816077.231369630] [sensing.lidar.concatenate_data]: transformed_raw_points[/sensing/lidar/left/pointcloud_before_sync] is nullptr, skipping pointcloud publish.
[autoware_ndt_scan_matcher_node-24] [INFO] [1785816077.231864267] [localization.pose_estimator.ndt_scan_matcher]: Mismatch between pose timestamp and current timestamp
[component_container_mt-48] [INFO] [1785816077.281313392] [control.trajectory_follower.lane_departure_checker_node]: waiting for route msg...
[autoware_scenario_selector_node-36] [INFO] [1785816077.281451112] [planning.scenario_planning.scenario_selector]: Waiting for route.
[component_container_mt-1] [WARN] [1785816077.331304685] [sensing.lidar.concatenate_data]: transformed_raw_points[/sensing/lidar/right/pointcloud_before_sync] is nullptr, skipping pointcloud publish.
[component_container_mt-1] [WARN] [1785816077.331356431] [sensing.lidar.concatenate_data]: transformed_raw_points[/sensing/lidar/left/pointcloud_before_sync] is nullptr, skipping pointcloud publish.
[autoware_ndt_scan_matcher_node-24] [INFO] [1785816077.332127388] [localization.pose_estimator.ndt_scan_matcher]: Mismatch between pose timestamp and current timestamp
[component_container_mt-1] [WARN] [1785816077.431823253] [sensing.lidar.concatenate_data]: transformed_raw_points[/sensing/lidar/right/pointcloud_before_sync] is nullptr, skipping pointcloud publish.
[component_container_mt-1] [WARN] [1785816077.431868523] [sensing.lidar.concatenate_data]: transformed_raw_points[/sensing/lidar/left/pointcloud_before_sync] is nullptr, skipping pointcloud publish.
[autoware_ndt_scan_matcher_node-24] [INFO] [1785816077.432382037] [localization.pose_estimator.ndt_scan_matcher]: Mismatch between pose timestamp and current timestamp
[component_container_mt-1] [WARN] [1785816077.531633542] [sensing.lidar.concatenate_data]: transformed_raw_points[/sensing/lidar/right/pointcloud_before_sync] is nullptr, skipping pointcloud publish.
[component_container_mt-1] [WARN] [1785816077.531683284] [sensing.lidar.concatenate_data]: transformed_raw_points[/sensing/lidar/left/pointcloud_before_sync] is nullptr, skipping pointcloud publish.
[autoware_ndt_scan_matcher_node-24] [INFO] [1785816077.532246629] [localization.pose_estimator.ndt_scan_matcher]: Mismatch between pose timestamp and current timestamp
[component_container_mt-1] [WARN] [1785816077.631653992] [sensing.lidar.concatenate_data]: transformed_raw_points[/sensing/lidar/right/pointcloud_before_sync] is nullptr, skipping pointcloud publish.
[component_container_mt-1] [WARN] [1785816077.631701211] [sensing.lidar.concatenate_data]: transformed_raw_points[/sensing/lidar/left/pointcloud_before_sync] is nullptr, skipping pointcloud publish.
[autoware_ndt_scan_matcher_node-24] [INFO] [1785816077.632331808] [localization.pose_estimator.ndt_scan_matcher]: Mismatch between pose timestamp and current timestamp
[component_container_mt-1] [WARN] [1785816077.731655695] [sensing.lidar.concatenate_data]: transformed_raw_points[/sensing/lidar/right/pointcloud_before_sync] is nullptr, skipping pointcloud publish.
[component_container_mt-1] [WARN] [1785816077.731700664] [sensing.lidar.concatenate_data]: transformed_raw_points[/sensing/lidar/left/pointcloud_before_sync] is nullptr, skipping pointcloud publish.
[autoware_ndt_scan_matcher_node-24] [INFO] [1785816077.732328034] [localization.pose_estimator.ndt_scan_matcher]: Mismatch between pose timestamp and current timestamp
[component_container-7] [WARN] [1785816077.782023859] [system.topic_state_monitor_control_command_control_cmd]: /control/command/control_cmd topic rate has dropped to the warning level. Set WARN in diagnostics.
[component_container_mt-1] [WARN] [1785816077.831851392] [sensing.lidar.concatenate_data]: transformed_raw_points[/sensing/lidar/right/pointcloud_before_sync] is nullptr, skipping pointcloud publish.
[component_container_mt-1] [WARN] [1785816077.831904952] [sensing.lidar.concatenate_data]: transformed_raw_points[/sensing/lidar/left/pointcloud_before_sync] is nullptr, skipping pointcloud publish.
[autoware_ndt_scan_matcher_node-24] [INFO] [1785816077.832442798] [localization.pose_estimator.ndt_scan_matcher]: Mismatch between pose timestamp and current timestamp
[component_container_mt-1] [WARN] [1785816077.931869852] [sensing.lidar.concatenate_data]: transformed_raw_points[/sensing/lidar/right/pointcloud_before_sync] is nullptr, skipping pointcloud publish.
[component_container_mt-1] [WARN] [1785816077.931915091] [sensing.lidar.concatenate_data]: transformed_raw_points[/sensing/lidar/left/pointcloud_before_sync] is nullptr, skipping pointcloud publish.
[autoware_ndt_scan_matcher_node-24] [INFO] [1785816077.932802072] [localization.pose_estimator.ndt_scan_matcher]: Mismatch between pose timestamp and current timestamp
[component_container_mt-1] [WARN] [1785816078.031571104] [sensing.lidar.concatenate_data]: transformed_raw_points[/sensing/lidar/right/pointcloud_before_sync] is nullptr, skipping pointcloud publish.
[component_container_mt-1] [WARN] [1785816078.031622442] [sensing.lidar.concatenate_data]: transformed_raw_points[/sensing/lidar/left/pointcloud_before_sync] is nullptr, skipping pointcloud publish.
[autoware_ndt_scan_matcher_node-24] [INFO] [1785816078.032099246] [localization.pose_estimator.ndt_scan_matcher]: Mismatch between pose timestamp and current timestamp
[autoware_mrm_handler_node-13] [INFO] [1785816078.081494586] [system.mrm_handler]: MRM State changed: NORMAL -> MRM_OPERATING
[autoware_mrm_handler_node-13] [WARN] [1785816078.081707627] [system.mrm_handler]: EMERGENCY_STOP is operated.
[component_container_mt-1] [WARN] [1785816078.131736868] [sensing.lidar.concatenate_data]: transformed_raw_points[/sensing/lidar/right/pointcloud_before_sync] is nullptr, skipping pointcloud publish.
[component_container_mt-1] [WARN] [1785816078.131784165] [sensing.lidar.concatenate_data]: transformed_raw_points[/sensing/lidar/left/pointcloud_before_sync] is nullptr, skipping pointcloud publish.
[component_container_mt-47] [WARN] [1785816078.131833224] [control.vehicle_cmd_gate]: Emergency!
[autoware_ndt_scan_matcher_node-24] [INFO] [1785816078.132411746] [localization.pose_estimator.ndt_scan_matcher]: Mismatch between pose timestamp and current timestamp
[autoware_mrm_handler_node-13] [INFO] [1785816078.182939577] [system.mrm_handler]: MRM State changed: MRM_OPERATING -> NORMAL
[autoware_mrm_handler_node-13] [WARN] [1785816078.183716703] [system.mrm_handler]: EMERGENCY_STOP is canceled.
[component_container_mt-1] [WARN] [1785816078.231622245] [sensing.lidar.concatenate_data]: transformed_raw_points[/sensing/lidar/right/pointcloud_before_sync] is nullptr, skipping pointcloud publish.
[component_container_mt-1] [WARN] [1785816078.231670666] [sensing.lidar.concatenate_data]: transformed_raw_points[/sensing/lidar/left/pointcloud_before_sync] is nullptr, skipping pointcloud publish.
[autoware_ndt_scan_matcher_node-24] [INFO] [1785816078.232338498] [localization.pose_estimator.ndt_scan_matcher]: Mismatch between pose timestamp and current timestamp
[component_container_mt-1] [WARN] [1785816078.331562273] [sensing.lidar.concatenate_data]: transformed_raw_points[/sensing/lidar/right/pointcloud_before_sync] is nullptr, skipping pointcloud publish.
[component_container_mt-1] [WARN] [1785816078.331609851] [sensing.lidar.concatenate_data]: transformed_raw_points[/sensing/lidar/left/pointcloud_before_sync] is nullptr, skipping pointcloud publish.
[autoware_ndt_scan_matcher_node-24] [INFO] [1785816078.332105033] [localization.pose_estimator.ndt_scan_matcher]: Mismatch between pose timestamp and current timestamp
[component_container_mt-1] [WARN] [1785816078.431712139] [sensing.lidar.concatenate_data]: transformed_raw_points[/sensing/lidar/right/pointcloud_before_sync] is nullptr, skipping pointcloud publish.
[component_container_mt-1] [WARN] [1785816078.431755773] [sensing.lidar.concatenate_data]: transformed_raw_points[/sensing/lidar/left/pointcloud_before_sync] is nullptr, skipping pointcloud publish.
[autoware_ndt_scan_matcher_node-24] [INFO] [1785816078.432239848] [localization.pose_estimator.ndt_scan_matcher]: Mismatch between pose timestamp and current timestamp
[component_container_mt-1] [WARN] [1785816078.531699277] [sensing.lidar.concatenate_data]: transformed_raw_points[/sensing/lidar/right/pointcloud_before_sync] is nullptr, skipping pointcloud publish.
[component_container_mt-1] [WARN] [1785816078.531766966] [sensing.lidar.concatenate_data]: transformed_raw_points[/sensing/lidar/left/pointcloud_before_sync] is nullptr, skipping pointcloud publish.
[autoware_ndt_scan_matcher_node-24] [INFO] [1785816078.532199395] [localization.pose_estimator.ndt_scan_matcher]: Mismatch between pose timestamp and current timestamp
[component_container_mt-1] [WARN] [1785816078.631719071] [sensing.lidar.concatenate_data]: transformed_raw_points[/sensing/lidar/right/pointcloud_before_sync] is nullptr, skipping pointcloud publish.
[component_container_mt-1] [WARN] [1785816078.631763832] [sensing.lidar.concatenate_data]: transformed_raw_points[/sensing/lidar/left/pointcloud_before_sync] is nullptr, skipping pointcloud publish.
[autoware_ndt_scan_matcher_node-24] [INFO] [1785816078.632384945] [localization.pose_estimator.ndt_scan_matcher]: Mismatch between pose timestamp and current timestamp
[component_container_mt-1] [WARN] [1785816078.731624752] [sensing.lidar.concatenate_data]: transformed_raw_points[/sensing/lidar/right/pointcloud_before_sync] is nullptr, skipping pointcloud publish.
[component_container_mt-1] [WARN] [1785816078.731668797] [sensing.lidar.concatenate_data]: transformed_raw_points[/sensing/lidar/left/pointcloud_before_sync] is nullptr, skipping pointcloud publish.
[autoware_ndt_scan_matcher_node-24] [INFO] [1785816078.732337158] [localization.pose_estimator.ndt_scan_matcher]: Mismatch between pose timestamp and current timestamp
[component_container_mt-1] [WARN] [1785816078.831597345] [sensing.lidar.concatenate_data]: transformed_raw_points[/sensing/lidar/right/pointcloud_before_sync] is nullptr, skipping pointcloud publish.
[component_container_mt-1] [WARN] [1785816078.831639345] [sensing.lidar.concatenate_data]: transformed_raw_points[/sensing/lidar/left/pointcloud_before_sync] is nullptr, skipping pointcloud publish.
[autoware_ndt_scan_matcher_node-24] [INFO] [1785816078.832311356] [localization.pose_estimator.ndt_scan_matcher]: Mismatch between pose timestamp and current timestamp
[component_container_mt-1] [WARN] [1785816078.931573669] [sensing.lidar.concatenate_data]: transformed_raw_points[/sensing/lidar/right/pointcloud_before_sync] is nullptr, skipping pointcloud publish.
[autoware_ndt_scan_matcher_node-24] [INFO] [1785816078.932082531] [localization.pose_estimator.ndt_scan_matcher]: Mismatch between pose timestamp and current timestamp
[component_container_mt-1] [WARN] [1785816078.931621674] [sensing.lidar.concatenate_data]: transformed_raw_points[/sensing/lidar/left/pointcloud_before_sync] is nullptr, skipping pointcloud publish.
[component_container_mt-1] [WARN] [1785816079.031475067] [sensing.lidar.concatenate_data]: transformed_raw_points[/sensing/lidar/right/pointcloud_before_sync] is nullptr, skipping pointcloud publish.
[component_container_mt-1] [WARN] [1785816079.031522750] [sensing.lidar.concatenate_data]: transformed_raw_points[/sensing/lidar/left/pointcloud_before_sync] is nullptr, skipping pointcloud publish.
[autoware_ndt_scan_matcher_node-24] [INFO] [1785816079.032232596] [localization.pose_estimator.ndt_scan_matcher]: Mismatch between pose timestamp and current timestamp
[autoware_mrm_handler_node-13] [INFO] [1785816079.081265880] [system.mrm_handler]: MRM State changed: NORMAL -> MRM_OPERATING
[autoware_mrm_handler_node-13] [WARN] [1785816079.081537874] [system.mrm_handler]: EMERGENCY_STOP is operated.
[component_container_mt-1] [WARN] [1785816079.131563217] [sensing.lidar.concatenate_data]: transformed_raw_points[/sensing/lidar/right/pointcloud_before_sync] is nullptr, skipping pointcloud publish.
[component_container_mt-1] [WARN] [1785816079.131609782] [sensing.lidar.concatenate_data]: transformed_raw_points[/sensing/lidar/left/pointcloud_before_sync] is nullptr, skipping pointcloud publish.
[component_container_mt-47] [WARN] [1785816079.131881501] [control.vehicle_cmd_gate]: Emergency!
[autoware_ndt_scan_matcher_node-24] [INFO] [1785816079.132130449] [localization.pose_estimator.ndt_scan_matcher]: Mismatch between pose timestamp and current timestamp
[logging_node-14] [WARN] [1785816079.181486043] [logging_diag_graph]: The target mode is not available for the following reasons:
[logging_node-14] - /autoware/modes/autonomous ERROR
[logging_node-14]     - /autoware/planning ERROR
[logging_node-14]         - /autoware/planning/routing/state ERROR
[logging_node-14]         - [anonymous group] ERROR
[logging_node-14]             - /autoware/planning/topic_rate_check/route ERROR
[logging_node-14]             - /autoware/planning/topic_rate_check/trajectory ERROR
[logging_node-14]     - /autoware/control ERROR
[logging_node-14]         - /autoware/control/topic_rate_check/trajectory_follower ERROR
[logging_node-14]         - /autoware/control/topic_rate_check/control_command WARN 
[logging_node-14] 
[autoware_mrm_handler_node-13] [INFO] [1785816079.181728532] [system.mrm_handler]: MRM State changed: MRM_OPERATING -> NORMAL
[autoware_mrm_handler_node-13] [WARN] [1785816079.182157923] [system.mrm_handler]: EMERGENCY_STOP is canceled.
[component_container_mt-1] [WARN] [1785816079.232026637] [sensing.lidar.concatenate_data]: transformed_raw_points[/sensing/lidar/right/pointcloud_before_sync] is nullptr, skipping pointcloud publish.
[component_container_mt-1] [WARN] [1785816079.232070919] [sensing.lidar.concatenate_data]: transformed_raw_points[/sensing/lidar/left/pointcloud_before_sync] is nullptr, skipping pointcloud publish.
[component_container-7] [INFO] [1785816079.232410055] [system.topic_state_monitor_scenario_planning_trajectory]: /planning/trajectory has not received. Set ERROR in diagnostics.
[autoware_ndt_scan_matcher_node-24] [INFO] [1785816079.232814829] [localization.pose_estimator.ndt_scan_matcher]: Mismatch between pose timestamp and current timestamp
[component_container_mt-1] [WARN] [1785816079.332036832] [sensing.lidar.concatenate_data]: transformed_raw_points[/sensing/lidar/right/pointcloud_before_sync] is nullptr, skipping pointcloud publish.
[component_container_mt-1] [WARN] [1785816079.332082611] [sensing.lidar.concatenate_data]: transformed_raw_points[/sensing/lidar/left/pointcloud_before_sync] is nullptr, skipping pointcloud publish.
[autoware_ndt_scan_matcher_node-24] [INFO] [1785816079.332573409] [localization.pose_estimator.ndt_scan_matcher]: Mismatch between pose timestamp and current timestamp
[component_container_mt-1] [WARN] [1785816079.432055832] [sensing.lidar.concatenate_data]: transformed_raw_points[/sensing/lidar/right/pointcloud_before_sync] is nullptr, skipping pointcloud publish.
[component_container_mt-1] [WARN] [1785816079.432105272] [sensing.lidar.concatenate_data]: transformed_raw_points[/sensing/lidar/left/pointcloud_before_sync] is nullptr, skipping pointcloud publish.
[autoware_ndt_scan_matcher_node-24] [INFO] [1785816079.432536409] [localization.pose_estimator.ndt_scan_matcher]: Mismatch between pose timestamp and current timestamp
[component_container_mt-1] [WARN] [1785816079.531948687] [sensing.lidar.concatenate_data]: transformed_raw_points[/sensing/lidar/right/pointcloud_before_sync] is nullptr, skipping pointcloud publish.
[component_container_mt-1] [WARN] [1785816079.531991798] [sensing.lidar.concatenate_data]: transformed_raw_points[/sensing/lidar/left/pointcloud_before_sync] is nullptr, skipping pointcloud publish.
[autoware_ndt_scan_matcher_node-24] [INFO] [1785816079.532505571] [localization.pose_estimator.ndt_scan_matcher]: Mismatch between pose timestamp and current timestamp
[component_container_mt-1] [WARN] [1785816079.631743576] [sensing.lidar.concatenate_data]: transformed_raw_points[/sensing/lidar/right/pointcloud_before_sync] is nullptr, skipping pointcloud publish.
[component_container_mt-1] [WARN] [1785816079.631787368] [sensing.lidar.concatenate_data]: transformed_raw_points[/sensing/lidar/left/pointcloud_before_sync] is nullptr, skipping pointcloud publish.
[autoware_ndt_scan_matcher_node-24] [INFO] [1785816079.632247393] [localization.pose_estimator.ndt_scan_matcher]: Mismatch between pose timestamp and current timestamp
[component_container_mt-47] [INFO] [1785816079.681232922] [control.trajectory_follower.controller_node_exe]: Waiting for trajectory data
[component_container_mt-47] [INFO] [1785816079.681289348] [control.trajectory_follower.controller_node_exe]: Control is skipped since input data is not ready.
[component_container_mt-1] [WARN] [1785816079.731940905] [sensing.lidar.concatenate_data]: transformed_raw_points[/sensing/lidar/right/pointcloud_before_sync] is nullptr, skipping pointcloud publish.
[component_container_mt-1] [WARN] [1785816079.731989154] [sensing.lidar.concatenate_data]: transformed_raw_points[/sensing/lidar/left/pointcloud_before_sync] is nullptr, skipping pointcloud publish.
[autoware_ndt_scan_matcher_node-24] [INFO] [1785816079.732446164] [localization.pose_estimator.ndt_scan_matcher]: Mismatch between pose timestamp and current timestamp
[component_container_mt-1] [WARN] [1785816079.831723717] [sensing.lidar.concatenate_data]: transformed_raw_points[/sensing/lidar/right/pointcloud_before_sync] is nullptr, skipping pointcloud publish.
[component_container_mt-1] [WARN] [1785816079.831763771] [sensing.lidar.concatenate_data]: transformed_raw_points[/sensing/lidar/left/pointcloud_before_sync] is nullptr, skipping pointcloud publish.
[autoware_ndt_scan_matcher_node-24] [INFO] [1785816079.832228369] [localization.pose_estimator.ndt_scan_matcher]: Mismatch between pose timestamp and current timestamp
[component_container_mt-1] [WARN] [1785816079.931930587] [sensing.lidar.concatenate_data]: transformed_raw_points[/sensing/lidar/right/pointcloud_before_sync] is nullptr, skipping pointcloud publish.
[component_container_mt-1] [WARN] [1785816079.931973885] [sensing.lidar.concatenate_data]: transformed_raw_points[/sensing/lidar/left/pointcloud_before_sync] is nullptr, skipping pointcloud publish.
[autoware_ndt_scan_matcher_node-24] [INFO] [1785816079.932470589] [localization.pose_estimator.ndt_scan_matcher]: Mismatch between pose timestamp and current timestamp
[component_container_mt-1] [WARN] [1785816080.031787176] [sensing.lidar.concatenate_data]: transformed_raw_points[/sensing/lidar/right/pointcloud_before_sync] is nullptr, skipping pointcloud publish.
[component_container_mt-1] [WARN] [1785816080.031841874] [sensing.lidar.concatenate_data]: transformed_raw_points[/sensing/lidar/left/pointcloud_before_sync] is nullptr, skipping pointcloud publish.
[component_container_mt-40] [INFO] [1785816080.033049982] [planning.scenario_planning.lane_driving.behavior_planning.behavior_path_planner]: waiting for scenario_topic
[autoware_ndt_scan_matcher_node-24] [INFO] [1785816080.033121465] [localization.pose_estimator.ndt_scan_matcher]: Mismatch between pose timestamp and current timestamp
[autoware_mrm_handler_node-13] [INFO] [1785816080.081797235] [system.mrm_handler]: MRM State changed: NORMAL -> MRM_OPERATING
[autoware_mrm_handler_node-13] [WARN] [1785816080.082731032] [system.mrm_handler]: EMERGENCY_STOP is operated.
[component_container_mt-1] [WARN] [1785816080.131690377] [sensing.lidar.concatenate_data]: transformed_raw_points[/sensing/lidar/right/pointcloud_before_sync] is nullptr, skipping pointcloud publish.
[component_container_mt-1] [WARN] [1785816080.131727410] [sensing.lidar.concatenate_data]: transformed_raw_points[/sensing/lidar/left/pointcloud_before_sync] is nullptr, skipping pointcloud publish.
[component_container_mt-47] [WARN] [1785816080.131771547] [control.vehicle_cmd_gate]: Emergency!
[autoware_ndt_scan_matcher_node-24] [INFO] [1785816080.132171427] [localization.pose_estimator.ndt_scan_matcher]: Mismatch between pose timestamp and current timestamp
[component_container-18] [WARN] [1785816080.137841288] [sensing.lidar.top.crop_box_filter_self]: Invalid PointCloud: is_dense is false. The point cloud should be organized (dense) and contain only valid points. This will be an ERROR starting in 2026 JulyFrame: 'velodyne_top', Stamp: 85.172813509
[autoware_mrm_handler_node-13] [INFO] [1785816080.181980924] [system.mrm_handler]: MRM State changed: MRM_OPERATING -> NORMAL
[autoware_mrm_handler_node-13] [WARN] [1785816080.183099208] [system.mrm_handler]: EMERGENCY_STOP is canceled.
[component_container_mt-1] [WARN] [1785816080.231233684] [sensing.lidar.concatenate_data]: transformed_raw_points[/sensing/lidar/right/pointcloud_before_sync] is nullptr, skipping pointcloud publish.
[component_container_mt-1] [WARN] [1785816080.231278552] [sensing.lidar.concatenate_data]: transformed_raw_points[/sensing/lidar/left/pointcloud_before_sync] is nullptr, skipping pointcloud publish.
[autoware_ndt_scan_matcher_node-24] [INFO] [1785816080.231938240] [localization.pose_estimator.ndt_scan_matcher]: Mismatch between pose timestamp and current timestamp
[component_container_mt-1] [WARN] [1785816080.331515245] [sensing.lidar.concatenate_data]: transformed_raw_points[/sensing/lidar/right/pointcloud_before_sync] is nullptr, skipping pointcloud publish.
[component_container_mt-1] [WARN] [1785816080.331566188] [sensing.lidar.concatenate_data]: transformed_raw_points[/sensing/lidar/left/pointcloud_before_sync] is nullptr, skipping pointcloud publish.
[autoware_ndt_scan_matcher_node-24] [INFO] [1785816080.332794034] [localization.pose_estimator.ndt_scan_matcher]: Mismatch between pose timestamp and current timestamp
[component_container_mt-1] [WARN] [1785816080.432226276] [sensing.lidar.concatenate_data]: transformed_raw_points[/sensing/lidar/right/pointcloud_before_sync] is nullptr, skipping pointcloud publish.
[component_container_mt-1] [WARN] [1785816080.432272488] [sensing.lidar.concatenate_data]: transformed_raw_points[/sensing/lidar/left/pointcloud_before_sync] is nullptr, skipping pointcloud publish.
[autoware_ndt_scan_matcher_node-24] [INFO] [1785816080.432710626] [localization.pose_estimator.ndt_scan_matcher]: Mismatch between pose timestamp and current timestamp
[component_container_mt-1] [WARN] [1785816080.531916828] [sensing.lidar.concatenate_data]: transformed_raw_points[/sensing/lidar/right/pointcloud_before_sync] is nullptr, skipping pointcloud publish.
[component_container_mt-1] [WARN] [1785816080.531955892] [sensing.lidar.concatenate_data]: transformed_raw_points[/sensing/lidar/left/pointcloud_before_sync] is nullptr, skipping pointcloud publish.
[component_container_mt-48] [INFO] [1785816080.531917649] [control.autonomous_emergency_braking]: [AEB] waiting for control predicted trajectory
[autoware_ndt_scan_matcher_node-24] [INFO] [1785816080.532571677] [localization.pose_estimator.ndt_scan_matcher]: Mismatch between pose timestamp and current timestamp
[component_container_mt-1] [WARN] [1785816080.541161621] [localization.util.crop_box_filter_measurement_range]: Invalid PointCloud: row_step mismatch. Expected: 100064 (width 6254 * point_step 16), Got: 0. Frame: 'base_link', Stamp: 85.572813515 Please fill in the `cloud->row_step` field accordingly. This will be an ERROR starting in 2026 July
[component_container_mt-1] [WARN] [1785816080.631590779] [sensing.lidar.concatenate_data]: transformed_raw_points[/sensing/lidar/right/pointcloud_before_sync] is nullptr, skipping pointcloud publish.
[component_container_mt-1] [WARN] [1785816080.631639882] [sensing.lidar.concatenate_data]: transformed_raw_points[/sensing/lidar/left/pointcloud_before_sync] is nullptr, skipping pointcloud publish.
[autoware_ndt_scan_matcher_node-24] [INFO] [1785816080.633113001] [localization.pose_estimator.ndt_scan_matcher]: Mismatch between pose timestamp and current timestamp
[component_container_mt-1] [WARN] [1785816080.731789674] [sensing.lidar.concatenate_data]: transformed_raw_points[/sensing/lidar/right/pointcloud_before_sync] is nullptr, skipping pointcloud publish.
[component_container_mt-1] [WARN] [1785816080.731837061] [sensing.lidar.concatenate_data]: transformed_raw_points[/sensing/lidar/left/pointcloud_before_sync] is nullptr, skipping pointcloud publish.
[autoware_ndt_scan_matcher_node-24] [INFO] [1785816080.732425864] [localization.pose_estimator.ndt_scan_matcher]: Mismatch between pose timestamp and current timestamp
[component_container-7] [WARN] [1785816080.783025897] [system.topic_state_monitor_control_command_control_cmd]: /control/command/control_cmd topic rate has dropped to the warning level. Set WARN in diagnostics.
[component_container_mt-1] [WARN] [1785816080.832399567] [sensing.lidar.concatenate_data]: transformed_raw_points[/sensing/lidar/right/pointcloud_before_sync] is nullptr, skipping pointcloud publish.
[component_container_mt-1] [WARN] [1785816080.832435886] [sensing.lidar.concatenate_data]: transformed_raw_points[/sensing/lidar/left/pointcloud_before_sync] is nullptr, skipping pointcloud publish.
[autoware_ndt_scan_matcher_node-24] [INFO] [1785816080.832957464] [localization.pose_estimator.ndt_scan_matcher]: Mismatch between pose timestamp and current timestamp
[component_container_mt-47] [INFO] [1785816080.881950543] [control.vehicle_cmd_gate]: The operation mode is changed, but the GearCommand is not received yet:
[component_container_mt-1] [WARN] [1785816080.931904518] [sensing.lidar.concatenate_data]: transformed_raw_points[/sensing/lidar/right/pointcloud_before_sync] is nullptr, skipping pointcloud publish.
[component_container_mt-1] [WARN] [1785816080.931947890] [sensing.lidar.concatenate_data]: transformed_raw_points[/sensing/lidar/left/pointcloud_before_sync] is nullptr, skipping pointcloud publish.
[autoware_ndt_scan_matcher_node-24] [INFO] [1785816080.932555987] [localization.pose_estimator.ndt_scan_matcher]: Mismatch between pose timestamp and current timestamp
[component_container-18] [WARN] [1785816080.940040066] [sensing.lidar.top.distortion_corrector_node]: Twist time_stamp is too late. Could not interpolate.
[component_container-18] [WARN] [1785816080.940065260] [sensing.lidar.top.distortion_corrector_node]: IMU time_stamp is too late. Could not interpolate.
[component_container_mt-1] [WARN] [1785816081.031711515] [sensing.lidar.concatenate_data]: transformed_raw_points[/sensing/lidar/right/pointcloud_before_sync] is nullptr, skipping pointcloud publish.
[component_container_mt-1] [WARN] [1785816081.031768527] [sensing.lidar.concatenate_data]: transformed_raw_points[/sensing/lidar/left/pointcloud_before_sync] is nullptr, skipping pointcloud publish.
[autoware_ndt_scan_matcher_node-24] [INFO] [1785816081.032268835] [localization.pose_estimator.ndt_scan_matcher]: Mismatch between pose timestamp and current timestamp
[autoware_mrm_handler_node-13] [INFO] [1785816081.081773980] [system.mrm_handler]: MRM State changed: NORMAL -> MRM_OPERATING
[autoware_mrm_handler_node-13] [WARN] [1785816081.082251691] [system.mrm_handler]: EMERGENCY_STOP is operated.
[component_container_mt-47] [WARN] [1785816081.131295097] [control.vehicle_cmd_gate]: Emergency!
[component_container_mt-1] [WARN] [1785816081.131680905] [sensing.lidar.concatenate_data]: transformed_raw_points[/sensing/lidar/right/pointcloud_before_sync] is nullptr, skipping pointcloud publish.
[component_container_mt-1] [WARN] [1785816081.131715954] [sensing.lidar.concatenate_data]: transformed_raw_points[/sensing/lidar/left/pointcloud_before_sync] is nullptr, skipping pointcloud publish.
[autoware_ndt_scan_matcher_node-24] [INFO] [1785816081.132156023] [localization.pose_estimator.ndt_scan_matcher]: Mismatch between pose timestamp and current timestamp
[autoware_mrm_handler_node-13] [INFO] [1785816081.181612297] [system.mrm_handler]: MRM State changed: MRM_OPERATING -> NORMAL
[autoware_mrm_handler_node-13] [WARN] [1785816081.181818473] [system.mrm_handler]: EMERGENCY_STOP is canceled.
[component_container_mt-1] [WARN] [1785816081.231772319] [sensing.lidar.concatenate_data]: transformed_raw_points[/sensing/lidar/right/pointcloud_before_sync] is nullptr, skipping pointcloud publish.
[component_container_mt-1] [WARN] [1785816081.231809245] [sensing.lidar.concatenate_data]: transformed_raw_points[/sensing/lidar/left/pointcloud_before_sync] is nullptr, skipping pointcloud publish.
[autoware_ndt_scan_matcher_node-24] [INFO] [1785816081.232321073] [localization.pose_estimator.ndt_scan_matcher]: Mismatch between pose timestamp and current timestamp
[component_container_mt-1] [WARN] [1785816081.331934553] [sensing.lidar.concatenate_data]: transformed_raw_points[/sensing/lidar/right/pointcloud_before_sync] is nullptr, skipping pointcloud publish.
[component_container_mt-1] [WARN] [1785816081.331973321] [sensing.lidar.concatenate_data]: transformed_raw_points[/sensing/lidar/left/pointcloud_before_sync] is nullptr, skipping pointcloud publish.
[autoware_ndt_scan_matcher_node-24] [INFO] [1785816081.332525451] [localization.pose_estimator.ndt_scan_matcher]: Mismatch between pose timestamp and current timestamp
[component_container_mt-1] [WARN] [1785816081.432380697] [sensing.lidar.concatenate_data]: transformed_raw_points[/sensing/lidar/right/pointcloud_before_sync] is nullptr, skipping pointcloud publish.
[component_container_mt-1] [WARN] [1785816081.432435161] [sensing.lidar.concatenate_data]: transformed_raw_points[/sensing/lidar/left/pointcloud_before_sync] is nullptr, skipping pointcloud publish.
[autoware_ndt_scan_matcher_node-24] [INFO] [1785816081.433046549] [localization.pose_estimator.ndt_scan_matcher]: Mismatch between pose timestamp and current timestamp
[component_container_mt-1] [WARN] [1785816081.531976258] [sensing.lidar.concatenate_data]: transformed_raw_points[/sensing/lidar/right/pointcloud_before_sync] is nullptr, skipping pointcloud publish.
[component_container_mt-1] [WARN] [1785816081.532020583] [sensing.lidar.concatenate_data]: transformed_raw_points[/sensing/lidar/left/pointcloud_before_sync] is nullptr, skipping pointcloud publish.
[autoware_ndt_scan_matcher_node-24] [INFO] [1785816081.533149203] [localization.pose_estimator.ndt_scan_matcher]: Mismatch between pose timestamp and current timestamp
[component_container_mt-1] [WARN] [1785816081.632002282] [sensing.lidar.concatenate_data]: transformed_raw_points[/sensing/lidar/right/pointcloud_before_sync] is nullptr, skipping pointcloud publish.
[component_container_mt-1] [WARN] [1785816081.632049354] [sensing.lidar.concatenate_data]: transformed_raw_points[/sensing/lidar/left/pointcloud_before_sync] is nullptr, skipping pointcloud publish.
[autoware_ndt_scan_matcher_node-24] [INFO] [1785816081.632464513] [localization.pose_estimator.ndt_scan_matcher]: Mismatch between pose timestamp and current timestamp
[component_container_mt-1] [WARN] [1785816081.731951540] [sensing.lidar.concatenate_data]: transformed_raw_points[/sensing/lidar/right/pointcloud_before_sync] is nullptr, skipping pointcloud publish.
[component_container_mt-1] [WARN] [1785816081.731999954] [sensing.lidar.concatenate_data]: transformed_raw_points[/sensing/lidar/left/pointcloud_before_sync] is nullptr, skipping pointcloud publish.
[autoware_ndt_scan_matcher_node-24] [INFO] [1785816081.732623873] [localization.pose_estimator.ndt_scan_matcher]: Mismatch between pose timestamp and current timestamp
[component_container_mt-1] [WARN] [1785816081.831643356] [sensing.lidar.concatenate_data]: transformed_raw_points[/sensing/lidar/right/pointcloud_before_sync] is nullptr, skipping pointcloud publish.
[component_container_mt-1] [WARN] [1785816081.831689356] [sensing.lidar.concatenate_data]: transformed_raw_points[/sensing/lidar/left/pointcloud_before_sync] is nullptr, skipping pointcloud publish.
[autoware_ndt_scan_matcher_node-24] [INFO] [1785816081.833175204] [localization.pose_estimator.ndt_scan_matcher]: Mismatch between pose timestamp and current timestamp
[component_container_mt-1] [WARN] [1785816081.933028003] [sensing.lidar.concatenate_data]: transformed_raw_points[/sensing/lidar/right/pointcloud_before_sync] is nullptr, skipping pointcloud publish.
[component_container_mt-1] [WARN] [1785816081.933070290] [sensing.lidar.concatenate_data]: transformed_raw_points[/sensing/lidar/left/pointcloud_before_sync] is nullptr, skipping pointcloud publish.
[autoware_ndt_scan_matcher_node-24] [INFO] [1785816081.933864940] [localization.pose_estimator.ndt_scan_matcher]: Mismatch between pose timestamp and current timestamp
[component_container_mt-1] [WARN] [1785816082.031965674] [sensing.lidar.concatenate_data]: transformed_raw_points[/sensing/lidar/right/pointcloud_before_sync] is nullptr, skipping pointcloud publish.
[component_container_mt-1] [WARN] [1785816082.032013147] [sensing.lidar.concatenate_data]: transformed_raw_points[/sensing/lidar/left/pointcloud_before_sync] is nullptr, skipping pointcloud publish.
[autoware_ndt_scan_matcher_node-24] [INFO] [1785816082.032662044] [localization.pose_estimator.ndt_scan_matcher]: Mismatch between pose timestamp and current timestamp
[autoware_mrm_handler_node-13] [INFO] [1785816082.082277986] [system.mrm_handler]: MRM State changed: NORMAL -> MRM_OPERATING
[autoware_mrm_handler_node-13] [WARN] [1785816082.083184734] [system.mrm_handler]: EMERGENCY_STOP is operated.
[component_container_mt-47] [WARN] [1785816082.131467578] [control.vehicle_cmd_gate]: Emergency!
[component_container_mt-48] [INFO] [1785816082.131880578] [control.control_validator]: waiting for /planning/trajectory
[component_container_mt-1] [WARN] [1785816082.131924495] [sensing.lidar.concatenate_data]: transformed_raw_points[/sensing/lidar/right/pointcloud_before_sync] is nullptr, skipping pointcloud publish.
[component_container_mt-1] [WARN] [1785816082.131964894] [sensing.lidar.concatenate_data]: transformed_raw_points[/sensing/lidar/left/pointcloud_before_sync] is nullptr, skipping pointcloud publish.
[autoware_ndt_scan_matcher_node-24] [INFO] [1785816082.132469067] [localization.pose_estimator.ndt_scan_matcher]: Mismatch between pose timestamp and current timestamp
[autoware_mrm_handler_node-13] [INFO] [1785816082.181869352] [system.mrm_handler]: MRM State changed: MRM_OPERATING -> NORMAL
[logging_node-14] [WARN] [1785816082.182056006] [logging_diag_graph]: The target mode is not available for the following reasons:
[logging_node-14] - /autoware/modes/autonomous ERROR
[logging_node-14]     - /autoware/planning ERROR
[logging_node-14]         - /autoware/planning/routing/state ERROR
[logging_node-14]         - [anonymous group] ERROR
[logging_node-14]             - /autoware/planning/topic_rate_check/route ERROR
[logging_node-14]             - /autoware/planning/topic_rate_check/trajectory ERROR
[logging_node-14]     - /autoware/control ERROR
[logging_node-14]         - /autoware/control/topic_rate_check/trajectory_follower ERROR
[logging_node-14]         - /autoware/control/topic_rate_check/control_command WARN 
[logging_node-14] 
[autoware_mrm_handler_node-13] [WARN] [1785816082.182349728] [system.mrm_handler]: EMERGENCY_STOP is canceled.
[component_container-7] [INFO] [1785816082.231295140] [system.topic_state_monitor_scenario_planning_trajectory]: /planning/trajectory has not received. Set ERROR in diagnostics.
[component_container_mt-1] [WARN] [1785816082.231509777] [sensing.lidar.concatenate_data]: transformed_raw_points[/sensing/lidar/right/pointcloud_before_sync] is nullptr, skipping pointcloud publish.
[component_container_mt-1] [WARN] [1785816082.231546428] [sensing.lidar.concatenate_data]: transformed_raw_points[/sensing/lidar/left/pointcloud_before_sync] is nullptr, skipping pointcloud publish.
[autoware_ndt_scan_matcher_node-24] [INFO] [1785816082.232288167] [localization.pose_estimator.ndt_scan_matcher]: Mismatch between pose timestamp and current timestamp
[autoware_scenario_selector_node-36] [INFO] [1785816082.282022799] [planning.scenario_planning.scenario_selector]: Waiting for route.
[component_container_mt-48] [INFO] [1785816082.282107321] [control.trajectory_follower.lane_departure_checker_node]: waiting for route msg...
[component_container_mt-1] [WARN] [1785816082.332007217] [sensing.lidar.concatenate_data]: transformed_raw_points[/sensing/lidar/right/pointcloud_before_sync] is nullptr, skipping pointcloud publish.
[component_container_mt-1] [WARN] [1785816082.332044269] [sensing.lidar.concatenate_data]: transformed_raw_points[/sensing/lidar/left/pointcloud_before_sync] is nullptr, skipping pointcloud publish.
[autoware_ndt_scan_matcher_node-24] [INFO] [1785816082.332617228] [localization.pose_estimator.ndt_scan_matcher]: Mismatch between pose timestamp and current timestamp
[component_container_mt-1] [WARN] [1785816082.431783420] [sensing.lidar.concatenate_data]: transformed_raw_points[/sensing/lidar/right/pointcloud_before_sync] is nullptr, skipping pointcloud publish.
[component_container_mt-1] [WARN] [1785816082.431836289] [sensing.lidar.concatenate_data]: transformed_raw_points[/sensing/lidar/left/pointcloud_before_sync] is nullptr, skipping pointcloud publish.
[autoware_ndt_scan_matcher_node-24] [INFO] [1785816082.432263783] [localization.pose_estimator.ndt_scan_matcher]: Mismatch between pose timestamp and current timestamp
[component_container_mt-1] [WARN] [1785816082.531702427] [sensing.lidar.concatenate_data]: transformed_raw_points[/sensing/lidar/right/pointcloud_before_sync] is nullptr, skipping pointcloud publish.
[component_container_mt-1] [WARN] [1785816082.531752743] [sensing.lidar.concatenate_data]: transformed_raw_points[/sensing/lidar/left/pointcloud_before_sync] is nullptr, skipping pointcloud publish.
[autoware_ndt_scan_matcher_node-24] [INFO] [1785816082.532778047] [localization.pose_estimator.ndt_scan_matcher]: Mismatch between pose timestamp and current timestamp
[component_container_mt-1] [WARN] [1785816082.632026157] [sensing.lidar.concatenate_data]: transformed_raw_points[/sensing/lidar/right/pointcloud_before_sync] is nullptr, skipping pointcloud publish.
[component_container_mt-1] [WARN] [1785816082.632065729] [sensing.lidar.concatenate_data]: transformed_raw_points[/sensing/lidar/left/pointcloud_before_sync] is nullptr, skipping pointcloud publish.
[autoware_ndt_scan_matcher_node-24] [INFO] [1785816082.632517170] [localization.pose_estimator.ndt_scan_matcher]: Mismatch between pose timestamp and current timestamp
[component_container_mt-1] [WARN] [1785816082.731459607] [sensing.lidar.concatenate_data]: transformed_raw_points[/sensing/lidar/right/pointcloud_before_sync] is nullptr, skipping pointcloud publish.
[component_container_mt-1] [WARN] [1785816082.731509652] [sensing.lidar.concatenate_data]: transformed_raw_points[/sensing/lidar/left/pointcloud_before_sync] is nullptr, skipping pointcloud publish.
[autoware_ndt_scan_matcher_node-24] [INFO] [1785816082.733018153] [localization.pose_estimator.ndt_scan_matcher]: Mismatch between pose timestamp and current timestamp
[component_container_mt-1] [WARN] [1785816082.831926244] [sensing.lidar.concatenate_data]: transformed_raw_points[/sensing/lidar/right/pointcloud_before_sync] is nullptr, skipping pointcloud publish.
[component_container_mt-1] [WARN] [1785816082.831971369] [sensing.lidar.concatenate_data]: transformed_raw_points[/sensing/lidar/left/pointcloud_before_sync] is nullptr, skipping pointcloud publish.
[autoware_ndt_scan_matcher_node-24] [INFO] [1785816082.832626894] [localization.pose_estimator.ndt_scan_matcher]: Mismatch between pose timestamp and current timestamp
[component_container_mt-1] [WARN] [1785816082.931491348] [sensing.lidar.concatenate_data]: transformed_raw_points[/sensing/lidar/right/pointcloud_before_sync] is nullptr, skipping pointcloud publish.
[component_container_mt-1] [WARN] [1785816082.931541115] [sensing.lidar.concatenate_data]: transformed_raw_points[/sensing/lidar/left/pointcloud_before_sync] is nullptr, skipping pointcloud publish.
[autoware_ndt_scan_matcher_node-24] [INFO] [1785816082.932882796] [localization.pose_estimator.ndt_scan_matcher]: Mismatch between pose timestamp and current timestamp
[component_container_mt-1] [WARN] [1785816083.031917005] [sensing.lidar.concatenate_data]: transformed_raw_points[/sensing/lidar/right/pointcloud_before_sync] is nullptr, skipping pointcloud publish.
[component_container_mt-1] [WARN] [1785816083.031966091] [sensing.lidar.concatenate_data]: transformed_raw_points[/sensing/lidar/left/pointcloud_before_sync] is nullptr, skipping pointcloud publish.
[autoware_ndt_scan_matcher_node-24] [INFO] [1785816083.032924242] [localization.pose_estimator.ndt_scan_matcher]: Mismatch between pose timestamp and current timestamp
[autoware_mrm_handler_node-13] [INFO] [1785816083.081433022] [system.mrm_handler]: MRM State changed: NORMAL -> MRM_OPERATING
[autoware_mrm_handler_node-13] [WARN] [1785816083.083077587] [system.mrm_handler]: EMERGENCY_STOP is operated.
[component_container_mt-1] [WARN] [1785816083.131729676] [sensing.lidar.concatenate_data]: transformed_raw_points[/sensing/lidar/right/pointcloud_before_sync] is nullptr, skipping pointcloud publish.
[component_container_mt-1] [WARN] [1785816083.131772526] [sensing.lidar.concatenate_data]: transformed_raw_points[/sensing/lidar/left/pointcloud_before_sync] is nullptr, skipping pointcloud publish.
[autoware_ndt_scan_matcher_node-24] [INFO] [1785816083.132321856] [localization.pose_estimator.ndt_scan_matcher]: Mismatch between pose timestamp and current timestamp
[component_container_mt-47] [WARN] [1785816083.132492421] [control.vehicle_cmd_gate]: Emergency!
[autoware_mrm_handler_node-13] [INFO] [1785816083.181861928] [system.mrm_handler]: MRM State changed: MRM_OPERATING -> NORMAL
[autoware_mrm_handler_node-13] [WARN] [1785816083.182132936] [system.mrm_handler]: EMERGENCY_STOP is canceled.
[component_container_mt-1] [WARN] [1785816083.232045093] [sensing.lidar.concatenate_data]: transformed_raw_points[/sensing/lidar/right/pointcloud_before_sync] is nullptr, skipping pointcloud publish.
[component_container_mt-1] [WARN] [1785816083.232088155] [sensing.lidar.concatenate_data]: transformed_raw_points[/sensing/lidar/left/pointcloud_before_sync] is nullptr, skipping pointcloud publish.
[autoware_ndt_scan_matcher_node-24] [INFO] [1785816083.232515159] [localization.pose_estimator.ndt_scan_matcher]: Mismatch between pose timestamp and current timestamp
[component_container_mt-1] [WARN] [1785816083.331395911] [sensing.lidar.concatenate_data]: transformed_raw_points[/sensing/lidar/right/pointcloud_before_sync] is nullptr, skipping pointcloud publish.
[component_container_mt-1] [WARN] [1785816083.331437124] [sensing.lidar.concatenate_data]: transformed_raw_points[/sensing/lidar/left/pointcloud_before_sync] is nullptr, skipping pointcloud publish.
[autoware_ndt_scan_matcher_node-24] [INFO] [1785816083.331965514] [localization.pose_estimator.ndt_scan_matcher]: Mismatch between pose timestamp and current timestamp
[component_container_mt-1] [WARN] [1785816083.431603992] [sensing.lidar.concatenate_data]: transformed_raw_points[/sensing/lidar/right/pointcloud_before_sync] is nullptr, skipping pointcloud publish.
[component_container_mt-1] [WARN] [1785816083.431650944] [sensing.lidar.concatenate_data]: transformed_raw_points[/sensing/lidar/left/pointcloud_before_sync] is nullptr, skipping pointcloud publish.
[autoware_ndt_scan_matcher_node-24] [INFO] [1785816083.432298449] [localization.pose_estimator.ndt_scan_matcher]: Mismatch between pose timestamp and current timestamp
[component_container_mt-1] [WARN] [1785816083.532031296] [sensing.lidar.concatenate_data]: transformed_raw_points[/sensing/lidar/right/pointcloud_before_sync] is nullptr, skipping pointcloud publish.
[component_container_mt-1] [WARN] [1785816083.532082671] [sensing.lidar.concatenate_data]: transformed_raw_points[/sensing/lidar/left/pointcloud_before_sync] is nullptr, skipping pointcloud publish.
[autoware_ndt_scan_matcher_node-24] [INFO] [1785816083.532509796] [localization.pose_estimator.ndt_scan_matcher]: Mismatch between pose timestamp and current timestamp
[component_container_mt-1] [WARN] [1785816083.632250679] [sensing.lidar.concatenate_data]: transformed_raw_points[/sensing/lidar/right/pointcloud_before_sync] is nullptr, skipping pointcloud publish.
[component_container_mt-1] [WARN] [1785816083.632291726] [sensing.lidar.concatenate_data]: transformed_raw_points[/sensing/lidar/left/pointcloud_before_sync] is nullptr, skipping pointcloud publish.
[autoware_ndt_scan_matcher_node-24] [INFO] [1785816083.632908248] [localization.pose_estimator.ndt_scan_matcher]: Mismatch between pose timestamp and current timestamp
[component_container_mt-1] [WARN] [1785816083.731364644] [sensing.lidar.concatenate_data]: transformed_raw_points[/sensing/lidar/right/pointcloud_before_sync] is nullptr, skipping pointcloud publish.
[component_container_mt-1] [WARN] [1785816083.731414531] [sensing.lidar.concatenate_data]: transformed_raw_points[/sensing/lidar/left/pointcloud_before_sync] is nullptr, skipping pointcloud publish.
[autoware_ndt_scan_matcher_node-24] [INFO] [1785816083.732707700] [localization.pose_estimator.ndt_scan_matcher]: Mismatch between pose timestamp and current timestamp
[component_container-7] [WARN] [1785816083.781826613] [system.topic_state_monitor_control_command_control_cmd]: /control/command/control_cmd topic rate has dropped to the warning level. Set WARN in diagnostics.
[component_container_mt-1] [WARN] [1785816083.831611297] [sensing.lidar.concatenate_data]: transformed_raw_points[/sensing/lidar/right/pointcloud_before_sync] is nullptr, skipping pointcloud publish.
[component_container_mt-1] [WARN] [1785816083.831675579] [sensing.lidar.concatenate_data]: transformed_raw_points[/sensing/lidar/left/pointcloud_before_sync] is nullptr, skipping pointcloud publish.
[autoware_ndt_scan_matcher_node-24] [INFO] [1785816083.832138783] [localization.pose_estimator.ndt_scan_matcher]: Mismatch between pose timestamp and current timestamp
[component_container_mt-1] [WARN] [1785816083.932004551] [sensing.lidar.concatenate_data]: transformed_raw_points[/sensing/lidar/right/pointcloud_before_sync] is nullptr, skipping pointcloud publish.
[component_container_mt-1] [WARN] [1785816083.932049718] [sensing.lidar.concatenate_data]: transformed_raw_points[/sensing/lidar/left/pointcloud_before_sync] is nullptr, skipping pointcloud publish.
[autoware_ndt_scan_matcher_node-24] [INFO] [1785816083.932684158] [localization.pose_estimator.ndt_scan_matcher]: Mismatch between pose timestamp and current timestamp
[component_container_mt-1] [WARN] [1785816084.031862764] [sensing.lidar.concatenate_data]: transformed_raw_points[/sensing/lidar/right/pointcloud_before_sync] is nullptr, skipping pointcloud publish.
[component_container_mt-1] [WARN] [1785816084.031924433] [sensing.lidar.concatenate_data]: transformed_raw_points[/sensing/lidar/left/pointcloud_before_sync] is nullptr, skipping pointcloud publish.
[autoware_ndt_scan_matcher_node-24] [INFO] [1785816084.032849073] [localization.pose_estimator.ndt_scan_matcher]: Mismatch between pose timestamp and current timestamp
[autoware_mrm_handler_node-13] [INFO] [1785816084.081650432] [system.mrm_handler]: MRM State changed: NORMAL -> MRM_OPERATING
[autoware_mrm_handler_node-13] [WARN] [1785816084.081861878] [system.mrm_handler]: EMERGENCY_STOP is operated.
[component_container_mt-1] [WARN] [1785816084.131460466] [sensing.lidar.concatenate_data]: transformed_raw_points[/sensing/lidar/right/pointcloud_before_sync] is nullptr, skipping pointcloud publish.
[component_container_mt-1] [WARN] [1785816084.131507204] [sensing.lidar.concatenate_data]: transformed_raw_points[/sensing/lidar/left/pointcloud_before_sync] is nullptr, skipping pointcloud publish.
[autoware_ndt_scan_matcher_node-24] [INFO] [1785816084.132061454] [localization.pose_estimator.ndt_scan_matcher]: Mismatch between pose timestamp and current timestamp
[component_container_mt-47] [WARN] [1785816084.132322221] [control.vehicle_cmd_gate]: Emergency!
[autoware_mrm_handler_node-13] [INFO] [1785816084.181672842] [system.mrm_handler]: MRM State changed: MRM_OPERATING -> NORMAL
[autoware_mrm_handler_node-13] [WARN] [1785816084.182707611] [system.mrm_handler]: EMERGENCY_STOP is canceled.
[component_container_mt-1] [WARN] [1785816084.231419682] [sensing.lidar.concatenate_data]: transformed_raw_points[/sensing/lidar/right/pointcloud_before_sync] is nullptr, skipping pointcloud publish.
[component_container_mt-1] [WARN] [1785816084.231464537] [sensing.lidar.concatenate_data]: transformed_raw_points[/sensing/lidar/left/pointcloud_before_sync] is nullptr, skipping pointcloud publish.
[autoware_ndt_scan_matcher_node-24] [INFO] [1785816084.231991518] [localization.pose_estimator.ndt_scan_matcher]: Mismatch between pose timestamp and current timestamp
[component_container_mt-1] [WARN] [1785816084.331359089] [sensing.lidar.concatenate_data]: transformed_raw_points[/sensing/lidar/right/pointcloud_before_sync] is nullptr, skipping pointcloud publish.
[component_container_mt-1] [WARN] [1785816084.331404584] [sensing.lidar.concatenate_data]: transformed_raw_points[/sensing/lidar/left/pointcloud_before_sync] is nullptr, skipping pointcloud publish.
[autoware_ndt_scan_matcher_node-24] [INFO] [1785816084.332099528] [localization.pose_estimator.ndt_scan_matcher]: Mismatch between pose timestamp and current timestamp
[component_container_mt-1] [WARN] [1785816084.431556520] [sensing.lidar.concatenate_data]: transformed_raw_points[/sensing/lidar/right/pointcloud_before_sync] is nullptr, skipping pointcloud publish.
[component_container_mt-1] [WARN] [1785816084.431623358] [sensing.lidar.concatenate_data]: transformed_raw_points[/sensing/lidar/left/pointcloud_before_sync] is nullptr, skipping pointcloud publish.
[autoware_ndt_scan_matcher_node-24] [INFO] [1785816084.432883993] [localization.pose_estimator.ndt_scan_matcher]: Mismatch between pose timestamp and current timestamp
[component_container_mt-1] [WARN] [1785816084.531878263] [sensing.lidar.concatenate_data]: transformed_raw_points[/sensing/lidar/right/pointcloud_before_sync] is nullptr, skipping pointcloud publish.
[component_container_mt-1] [WARN] [1785816084.531930825] [sensing.lidar.concatenate_data]: transformed_raw_points[/sensing/lidar/left/pointcloud_before_sync] is nullptr, skipping pointcloud publish.
[autoware_ndt_scan_matcher_node-24] [INFO] [1785816084.532946636] [localization.pose_estimator.ndt_scan_matcher]: Mismatch between pose timestamp and current timestamp
[component_container_mt-1] [WARN] [1785816084.631572316] [sensing.lidar.concatenate_data]: transformed_raw_points[/sensing/lidar/right/pointcloud_before_sync] is nullptr, skipping pointcloud publish.
[component_container_mt-1] [WARN] [1785816084.631612852] [sensing.lidar.concatenate_data]: transformed_raw_points[/sensing/lidar/left/pointcloud_before_sync] is nullptr, skipping pointcloud publish.
[autoware_ndt_scan_matcher_node-24] [INFO] [1785816084.632618765] [localization.pose_estimator.ndt_scan_matcher]: Mismatch between pose timestamp and current timestamp
[component_container_mt-47] [INFO] [1785816084.681874378] [control.trajectory_follower.controller_node_exe]: Waiting for trajectory data
[component_container_mt-47] [INFO] [1785816084.681943289] [control.trajectory_follower.controller_node_exe]: Control is skipped since input data is not ready.
[component_container_mt-1] [WARN] [1785816084.731496756] [sensing.lidar.concatenate_data]: transformed_raw_points[/sensing/lidar/right/pointcloud_before_sync] is nullptr, skipping pointcloud publish.
[component_container_mt-1] [WARN] [1785816084.731543025] [sensing.lidar.concatenate_data]: transformed_raw_points[/sensing/lidar/left/pointcloud_before_sync] is nullptr, skipping pointcloud publish.
[autoware_ndt_scan_matcher_node-24] [INFO] [1785816084.732090875] [localization.pose_estimator.ndt_scan_matcher]: Mismatch between pose timestamp and current timestamp
[component_container_mt-1] [WARN] [1785816084.832085560] [sensing.lidar.concatenate_data]: transformed_raw_points[/sensing/lidar/right/pointcloud_before_sync] is nullptr, skipping pointcloud publish.
[component_container_mt-1] [WARN] [1785816084.832128164] [sensing.lidar.concatenate_data]: transformed_raw_points[/sensing/lidar/left/pointcloud_before_sync] is nullptr, skipping pointcloud publish.
[autoware_ndt_scan_matcher_node-24] [INFO] [1785816084.833264390] [localization.pose_estimator.ndt_scan_matcher]: Mismatch between pose timestamp and current timestamp
[component_container_mt-1] [WARN] [1785816084.932056165] [sensing.lidar.concatenate_data]: transformed_raw_points[/sensing/lidar/right/pointcloud_before_sync] is nullptr, skipping pointcloud publish.
[component_container_mt-1] [WARN] [1785816084.932095635] [sensing.lidar.concatenate_data]: transformed_raw_points[/sensing/lidar/left/pointcloud_before_sync] is nullptr, skipping pointcloud publish.
[autoware_ndt_scan_matcher_node-24] [INFO] [1785816084.932809740] [localization.pose_estimator.ndt_scan_matcher]: Mismatch between pose timestamp and current timestamp
[component_container_mt-1] [WARN] [1785816085.031619316] [sensing.lidar.concatenate_data]: transformed_raw_points[/sensing/lidar/right/pointcloud_before_sync] is nullptr, skipping pointcloud publish.
[component_container_mt-1] [WARN] [1785816085.031667714] [sensing.lidar.concatenate_data]: transformed_raw_points[/sensing/lidar/left/pointcloud_before_sync] is nullptr, skipping pointcloud publish.
[component_container_mt-40] [INFO] [1785816085.031970166] [planning.scenario_planning.lane_driving.behavior_planning.behavior_path_planner]: waiting for scenario_topic
[autoware_ndt_scan_matcher_node-24] [INFO] [1785816085.032140326] [localization.pose_estimator.ndt_scan_matcher]: Mismatch between pose timestamp and current timestamp
[autoware_mrm_handler_node-13] [INFO] [1785816085.081644399] [system.mrm_handler]: MRM State changed: NORMAL -> MRM_OPERATING
[autoware_mrm_handler_node-13] [WARN] [1785816085.082365925] [system.mrm_handler]: EMERGENCY_STOP is operated.
[component_container_mt-1] [WARN] [1785816085.131397019] [sensing.lidar.concatenate_data]: transformed_raw_points[/sensing/lidar/right/pointcloud_before_sync] is nullptr, skipping pointcloud publish.
[component_container_mt-1] [WARN] [1785816085.131446311] [sensing.lidar.concatenate_data]: transformed_raw_points[/sensing/lidar/left/pointcloud_before_sync] is nullptr, skipping pointcloud publish.
[component_container_mt-47] [WARN] [1785816085.131723507] [control.vehicle_cmd_gate]: Emergency!
[autoware_ndt_scan_matcher_node-24] [INFO] [1785816085.132005734] [localization.pose_estimator.ndt_scan_matcher]: Mismatch between pose timestamp and current timestamp
[component_container-18] [WARN] [1785816085.137871786] [sensing.lidar.top.crop_box_filter_self]: Invalid PointCloud: is_dense is false. The point cloud should be organized (dense) and contain only valid points. This will be an ERROR starting in 2026 JulyFrame: 'velodyne_top', Stamp: 90.172813584
[autoware_mrm_handler_node-13] [INFO] [1785816085.181499071] [system.mrm_handler]: MRM State changed: MRM_OPERATING -> NORMAL
[autoware_mrm_handler_node-13] [WARN] [1785816085.181912159] [system.mrm_handler]: EMERGENCY_STOP is canceled.
[logging_node-14] [WARN] [1785816085.181582246] [logging_diag_graph]: The target mode is not available for the following reasons:
[logging_node-14] - /autoware/modes/autonomous ERROR
[logging_node-14]     - /autoware/planning ERROR
[logging_node-14]         - /autoware/planning/routing/state ERROR
[logging_node-14]         - [anonymous group] ERROR
[logging_node-14]             - /autoware/planning/topic_rate_check/route ERROR
[logging_node-14]             - /autoware/planning/topic_rate_check/trajectory ERROR
[logging_node-14]     - /autoware/control ERROR
[logging_node-14]         - /autoware/control/topic_rate_check/trajectory_follower ERROR
[logging_node-14]         - /autoware/control/topic_rate_check/control_command WARN 
[logging_node-14] 
[component_container_mt-1] [WARN] [1785816085.231640033] [sensing.lidar.concatenate_data]: transformed_raw_points[/sensing/lidar/right/pointcloud_before_sync] is nullptr, skipping pointcloud publish.
[component_container_mt-1] [WARN] [1785816085.231685308] [sensing.lidar.concatenate_data]: transformed_raw_points[/sensing/lidar/left/pointcloud_before_sync] is nullptr, skipping pointcloud publish.
[component_container-7] [INFO] [1785816085.231693303] [system.topic_state_monitor_scenario_planning_trajectory]: /planning/trajectory has not received. Set ERROR in diagnostics.
[autoware_ndt_scan_matcher_node-24] [INFO] [1785816085.233484851] [localization.pose_estimator.ndt_scan_matcher]: Mismatch between pose timestamp and current timestamp
[component_container_mt-1] [WARN] [1785816085.331437489] [sensing.lidar.concatenate_data]: transformed_raw_points[/sensing/lidar/right/pointcloud_before_sync] is nullptr, skipping pointcloud publish.
[component_container_mt-1] [WARN] [1785816085.331483149] [sensing.lidar.concatenate_data]: transformed_raw_points[/sensing/lidar/left/pointcloud_before_sync] is nullptr, skipping pointcloud publish.
[autoware_ndt_scan_matcher_node-24] [INFO] [1785816085.331940699] [localization.pose_estimator.ndt_scan_matcher]: Mismatch between pose timestamp and current timestamp
[component_container_mt-1] [WARN] [1785816085.431707733] [sensing.lidar.concatenate_data]: transformed_raw_points[/sensing/lidar/right/pointcloud_before_sync] is nullptr, skipping pointcloud publish.
[component_container_mt-1] [WARN] [1785816085.431751992] [sensing.lidar.concatenate_data]: transformed_raw_points[/sensing/lidar/left/pointcloud_before_sync] is nullptr, skipping pointcloud publish.
[autoware_ndt_scan_matcher_node-24] [INFO] [1785816085.433726753] [localization.pose_estimator.ndt_scan_matcher]: Mismatch between pose timestamp and current timestamp
[component_container_mt-48] [INFO] [1785816085.531447505] [control.autonomous_emergency_braking]: [AEB] waiting for control predicted trajectory
[component_container_mt-1] [WARN] [1785816085.531936580] [sensing.lidar.concatenate_data]: transformed_raw_points[/sensing/lidar/right/pointcloud_before_sync] is nullptr, skipping pointcloud publish.
[component_container_mt-1] [WARN] [1785816085.531967379] [sensing.lidar.concatenate_data]: transformed_raw_points[/sensing/lidar/left/pointcloud_before_sync] is nullptr, skipping pointcloud publish.
[autoware_ndt_scan_matcher_node-24] [INFO] [1785816085.532420120] [localization.pose_estimator.ndt_scan_matcher]: Mismatch between pose timestamp and current timestamp
[component_container_mt-1] [WARN] [1785816085.539492664] [localization.util.crop_box_filter_measurement_range]: Invalid PointCloud: row_step mismatch. Expected: 99248 (width 6203 * point_step 16), Got: 0. Frame: 'base_link', Stamp: 90.572813590 Please fill in the `cloud->row_step` field accordingly. This will be an ERROR starting in 2026 July
[component_container_mt-1] [WARN] [1785816085.631687846] [sensing.lidar.concatenate_data]: transformed_raw_points[/sensing/lidar/right/pointcloud_before_sync] is nullptr, skipping pointcloud publish.
[component_container_mt-1] [WARN] [1785816085.631736325] [sensing.lidar.concatenate_data]: transformed_raw_points[/sensing/lidar/left/pointcloud_before_sync] is nullptr, skipping pointcloud publish.
[autoware_ndt_scan_matcher_node-24] [INFO] [1785816085.632283622] [localization.pose_estimator.ndt_scan_matcher]: Mismatch between pose timestamp and current timestamp
[component_container_mt-1] [WARN] [1785816085.731628254] [sensing.lidar.concatenate_data]: transformed_raw_points[/sensing/lidar/right/pointcloud_before_sync] is nullptr, skipping pointcloud publish.
[component_container_mt-1] [WARN] [1785816085.731671661] [sensing.lidar.concatenate_data]: transformed_raw_points[/sensing/lidar/left/pointcloud_before_sync] is nullptr, skipping pointcloud publish.
[autoware_ndt_scan_matcher_node-24] [INFO] [1785816085.732810117] [localization.pose_estimator.ndt_scan_matcher]: Mismatch between pose timestamp and current timestamp
[component_container_mt-1] [WARN] [1785816085.831737142] [sensing.lidar.concatenate_data]: transformed_raw_points[/sensing/lidar/right/pointcloud_before_sync] is nullptr, skipping pointcloud publish.
[component_container_mt-1] [WARN] [1785816085.831783319] [sensing.lidar.concatenate_data]: transformed_raw_points[/sensing/lidar/left/pointcloud_before_sync] is nullptr, skipping pointcloud publish.
[autoware_ndt_scan_matcher_node-24] [INFO] [1785816085.832199508] [localization.pose_estimator.ndt_scan_matcher]: Mismatch between pose timestamp and current timestamp
[component_container_mt-47] [INFO] [1785816085.882464720] [control.vehicle_cmd_gate]: The operation mode is changed, but the GearCommand is not received yet:
[component_container_mt-1] [WARN] [1785816085.931729944] [sensing.lidar.concatenate_data]: transformed_raw_points[/sensing/lidar/right/pointcloud_before_sync] is nullptr, skipping pointcloud publish.
[component_container_mt-1] [WARN] [1785816085.931785499] [sensing.lidar.concatenate_data]: transformed_raw_points[/sensing/lidar/left/pointcloud_before_sync] is nullptr, skipping pointcloud publish.
[autoware_ndt_scan_matcher_node-24] [INFO] [1785816085.932377659] [localization.pose_estimator.ndt_scan_matcher]: Mismatch between pose timestamp and current timestamp
[component_container_mt-1] [WARN] [1785816086.032905263] [sensing.lidar.concatenate_data]: transformed_raw_points[/sensing/lidar/right/pointcloud_before_sync] is nullptr, skipping pointcloud publish.
[component_container_mt-1] [WARN] [1785816086.032954842] [sensing.lidar.concatenate_data]: transformed_raw_points[/sensing/lidar/left/pointcloud_before_sync] is nullptr, skipping pointcloud publish.
[autoware_ndt_scan_matcher_node-24] [INFO] [1785816086.033449869] [localization.pose_estimator.ndt_scan_matcher]: Mismatch between pose timestamp and current timestamp
[autoware_mrm_handler_node-13] [INFO] [1785816086.081810819] [system.mrm_handler]: MRM State changed: NORMAL -> MRM_OPERATING
[autoware_mrm_handler_node-13] [WARN] [1785816086.082025231] [system.mrm_handler]: EMERGENCY_STOP is operated.
[component_container_mt-1] [WARN] [1785816086.131448546] [sensing.lidar.concatenate_data]: transformed_raw_points[/sensing/lidar/right/pointcloud_before_sync] is nullptr, skipping pointcloud publish.
[component_container_mt-1] [WARN] [1785816086.131492551] [sensing.lidar.concatenate_data]: transformed_raw_points[/sensing/lidar/left/pointcloud_before_sync] is nullptr, skipping pointcloud publish.
[component_container_mt-47] [WARN] [1785816086.131591585] [control.vehicle_cmd_gate]: Emergency!
[autoware_ndt_scan_matcher_node-24] [INFO] [1785816086.132006985] [localization.pose_estimator.ndt_scan_matcher]: Mismatch between pose timestamp and current timestamp
[autoware_mrm_handler_node-13] [INFO] [1785816086.181670223] [system.mrm_handler]: MRM State changed: MRM_OPERATING -> NORMAL
[autoware_mrm_handler_node-13] [WARN] [1785816086.182028305] [system.mrm_handler]: EMERGENCY_STOP is canceled.
[component_container_mt-1] [WARN] [1785816086.231459611] [sensing.lidar.concatenate_data]: transformed_raw_points[/sensing/lidar/right/pointcloud_before_sync] is nullptr, skipping pointcloud publish.
[component_container_mt-1] [WARN] [1785816086.231502565] [sensing.lidar.concatenate_data]: transformed_raw_points[/sensing/lidar/left/pointcloud_before_sync] is nullptr, skipping pointcloud publish.
[autoware_ndt_scan_matcher_node-24] [INFO] [1785816086.231929362] [localization.pose_estimator.ndt_scan_matcher]: Mismatch between pose timestamp and current timestamp
[component_container_mt-1] [WARN] [1785816086.331848751] [sensing.lidar.concatenate_data]: transformed_raw_points[/sensing/lidar/right/pointcloud_before_sync] is nullptr, skipping pointcloud publish.
[component_container_mt-1] [WARN] [1785816086.331885630] [sensing.lidar.concatenate_data]: transformed_raw_points[/sensing/lidar/left/pointcloud_before_sync] is nullptr, skipping pointcloud publish.
[autoware_ndt_scan_matcher_node-24] [INFO] [1785816086.332385710] [localization.pose_estimator.ndt_scan_matcher]: Mismatch between pose timestamp and current timestamp
[component_container_mt-1] [WARN] [1785816086.431630861] [sensing.lidar.concatenate_data]: transformed_raw_points[/sensing/lidar/right/pointcloud_before_sync] is nullptr, skipping pointcloud publish.
[component_container_mt-1] [WARN] [1785816086.431675937] [sensing.lidar.concatenate_data]: transformed_raw_points[/sensing/lidar/left/pointcloud_before_sync] is nullptr, skipping pointcloud publish.
[autoware_ndt_scan_matcher_node-24] [INFO] [1785816086.432237492] [localization.pose_estimator.ndt_scan_matcher]: Mismatch between pose timestamp and current timestamp
[component_container_mt-1] [WARN] [1785816086.531979436] [sensing.lidar.concatenate_data]: transformed_raw_points[/sensing/lidar/right/pointcloud_before_sync] is nullptr, skipping pointcloud publish.
[component_container_mt-1] [WARN] [1785816086.532020428] [sensing.lidar.concatenate_data]: transformed_raw_points[/sensing/lidar/left/pointcloud_before_sync] is nullptr, skipping pointcloud publish.
[autoware_ndt_scan_matcher_node-24] [INFO] [1785816086.532480286] [localization.pose_estimator.ndt_scan_matcher]: Mismatch between pose timestamp and current timestamp
[component_container_mt-1] [WARN] [1785816086.631681021] [sensing.lidar.concatenate_data]: transformed_raw_points[/sensing/lidar/right/pointcloud_before_sync] is nullptr, skipping pointcloud publish.
[component_container_mt-1] [WARN] [1785816086.631731537] [sensing.lidar.concatenate_data]: transformed_raw_points[/sensing/lidar/left/pointcloud_before_sync] is nullptr, skipping pointcloud publish.
[autoware_ndt_scan_matcher_node-24] [INFO] [1785816086.633207129] [localization.pose_estimator.ndt_scan_matcher]: Mismatch between pose timestamp and current timestamp
[component_container_mt-1] [WARN] [1785816086.732287070] [sensing.lidar.concatenate_data]: transformed_raw_points[/sensing/lidar/right/pointcloud_before_sync] is nullptr, skipping pointcloud publish.
[component_container_mt-1] [WARN] [1785816086.732329952] [sensing.lidar.concatenate_data]: transformed_raw_points[/sensing/lidar/left/pointcloud_before_sync] is nullptr, skipping pointcloud publish.
[autoware_ndt_scan_matcher_node-24] [INFO] [1785816086.733088797] [localization.pose_estimator.ndt_scan_matcher]: Mismatch between pose timestamp and current timestamp
[component_container-7] [WARN] [1785816086.782507306] [system.topic_state_monitor_control_command_control_cmd]: /control/command/control_cmd topic rate has dropped to the warning level. Set WARN in diagnostics.
[component_container_mt-1] [WARN] [1785816086.832926251] [sensing.lidar.concatenate_data]: transformed_raw_points[/sensing/lidar/right/pointcloud_before_sync] is nullptr, skipping pointcloud publish.
[component_container_mt-1] [WARN] [1785816086.832961515] [sensing.lidar.concatenate_data]: transformed_raw_points[/sensing/lidar/left/pointcloud_before_sync] is nullptr, skipping pointcloud publish.
[autoware_ndt_scan_matcher_node-24] [INFO] [1785816086.833434343] [localization.pose_estimator.ndt_scan_matcher]: Mismatch between pose timestamp and current timestamp
[component_container_mt-1] [WARN] [1785816086.931665386] [sensing.lidar.concatenate_data]: transformed_raw_points[/sensing/lidar/right/pointcloud_before_sync] is nullptr, skipping pointcloud publish.
[component_container_mt-1] [WARN] [1785816086.931706361] [sensing.lidar.concatenate_data]: transformed_raw_points[/sensing/lidar/left/pointcloud_before_sync] is nullptr, skipping pointcloud publish.
[autoware_ndt_scan_matcher_node-24] [INFO] [1785816086.932828934] [localization.pose_estimator.ndt_scan_matcher]: Mismatch between pose timestamp and current timestamp
[component_container_mt-1] [WARN] [1785816087.032255868] [sensing.lidar.concatenate_data]: transformed_raw_points[/sensing/lidar/right/pointcloud_before_sync] is nullptr, skipping pointcloud publish.
[component_container_mt-1] [WARN] [1785816087.032299175] [sensing.lidar.concatenate_data]: transformed_raw_points[/sensing/lidar/left/pointcloud_before_sync] is nullptr, skipping pointcloud publish.
[autoware_ndt_scan_matcher_node-24] [INFO] [1785816087.032909395] [localization.pose_estimator.ndt_scan_matcher]: Mismatch between pose timestamp and current timestamp
[autoware_mrm_handler_node-13] [INFO] [1785816087.081491072] [system.mrm_handler]: MRM State changed: NORMAL -> MRM_OPERATING
[autoware_mrm_handler_node-13] [WARN] [1785816087.082470871] [system.mrm_handler]: EMERGENCY_STOP is operated.
[component_container_mt-47] [WARN] [1785816087.131602701] [control.vehicle_cmd_gate]: Emergency!
[component_container_mt-48] [INFO] [1785816087.131777717] [control.control_validator]: waiting for /planning/trajectory
[component_container_mt-1] [WARN] [1785816087.131777751] [sensing.lidar.concatenate_data]: transformed_raw_points[/sensing/lidar/right/pointcloud_before_sync] is nullptr, skipping pointcloud publish.
[component_container_mt-1] [WARN] [1785816087.131812507] [sensing.lidar.concatenate_data]: transformed_raw_points[/sensing/lidar/left/pointcloud_before_sync] is nullptr, skipping pointcloud publish.
[autoware_ndt_scan_matcher_node-24] [INFO] [1785816087.132453852] [localization.pose_estimator.ndt_scan_matcher]: Mismatch between pose timestamp and current timestamp
[autoware_mrm_handler_node-13] [INFO] [1785816087.181359270] [system.mrm_handler]: MRM State changed: MRM_OPERATING -> NORMAL
[autoware_mrm_handler_node-13] [WARN] [1785816087.182291655] [system.mrm_handler]: EMERGENCY_STOP is canceled.
[component_container_mt-1] [WARN] [1785816087.231328779] [sensing.lidar.concatenate_data]: transformed_raw_points[/sensing/lidar/right/pointcloud_before_sync] is nullptr, skipping pointcloud publish.
[component_container_mt-1] [WARN] [1785816087.231373597] [sensing.lidar.concatenate_data]: transformed_raw_points[/sensing/lidar/left/pointcloud_before_sync] is nullptr, skipping pointcloud publish.
[autoware_ndt_scan_matcher_node-24] [INFO] [1785816087.232146168] [localization.pose_estimator.ndt_scan_matcher]: Mismatch between pose timestamp and current timestamp
[autoware_scenario_selector_node-36] [INFO] [1785816087.281183360] [planning.scenario_planning.scenario_selector]: Waiting for route.
[component_container_mt-48] [INFO] [1785816087.281496680] [control.trajectory_follower.lane_departure_checker_node]: waiting for route msg...
[component_container_mt-1] [WARN] [1785816087.331378083] [sensing.lidar.concatenate_data]: transformed_raw_points[/sensing/lidar/right/pointcloud_before_sync] is nullptr, skipping pointcloud publish.
[component_container_mt-1] [WARN] [1785816087.331414884] [sensing.lidar.concatenate_data]: transformed_raw_points[/sensing/lidar/left/pointcloud_before_sync] is nullptr, skipping pointcloud publish.
[autoware_ndt_scan_matcher_node-24] [INFO] [1785816087.332152566] [localization.pose_estimator.ndt_scan_matcher]: Mismatch between pose timestamp and current timestamp
[component_container_mt-1] [WARN] [1785816087.431989479] [sensing.lidar.concatenate_data]: transformed_raw_points[/sensing/lidar/right/pointcloud_before_sync] is nullptr, skipping pointcloud publish.
[component_container_mt-1] [WARN] [1785816087.432030829] [sensing.lidar.concatenate_data]: transformed_raw_points[/sensing/lidar/left/pointcloud_before_sync] is nullptr, skipping pointcloud publish.
[autoware_ndt_scan_matcher_node-24] [INFO] [1785816087.432489348] [localization.pose_estimator.ndt_scan_matcher]: Mismatch between pose timestamp and current timestamp
[component_container_mt-1] [WARN] [1785816087.531943977] [sensing.lidar.concatenate_data]: transformed_raw_points[/sensing/lidar/right/pointcloud_before_sync] is nullptr, skipping pointcloud publish.
[component_container_mt-1] [WARN] [1785816087.531983029] [sensing.lidar.concatenate_data]: transformed_raw_points[/sensing/lidar/left/pointcloud_before_sync] is nullptr, skipping pointcloud publish.
[autoware_ndt_scan_matcher_node-24] [INFO] [1785816087.533396418] [localization.pose_estimator.ndt_scan_matcher]: Mismatch between pose timestamp and current timestamp
[component_container_mt-1] [WARN] [1785816087.631255310] [sensing.lidar.concatenate_data]: transformed_raw_points[/sensing/lidar/right/pointcloud_before_sync] is nullptr, skipping pointcloud publish.
[component_container_mt-1] [WARN] [1785816087.631302568] [sensing.lidar.concatenate_data]: transformed_raw_points[/sensing/lidar/left/pointcloud_before_sync] is nullptr, skipping pointcloud publish.
[autoware_ndt_scan_matcher_node-24] [INFO] [1785816087.633404944] [localization.pose_estimator.ndt_scan_matcher]: Mismatch between pose timestamp and current timestamp
[component_container_mt-1] [WARN] [1785816087.731407612] [sensing.lidar.concatenate_data]: transformed_raw_points[/sensing/lidar/right/pointcloud_before_sync] is nullptr, skipping pointcloud publish.
[component_container_mt-1] [WARN] [1785816087.731453175] [sensing.lidar.concatenate_data]: transformed_raw_points[/sensing/lidar/left/pointcloud_before_sync] is nullptr, skipping pointcloud publish.
[autoware_ndt_scan_matcher_node-24] [INFO] [1785816087.732167953] [localization.pose_estimator.ndt_scan_matcher]: Mismatch between pose timestamp and current timestamp
[component_container_mt-1] [WARN] [1785816087.831448056] [sensing.lidar.concatenate_data]: transformed_raw_points[/sensing/lidar/right/pointcloud_before_sync] is nullptr, skipping pointcloud publish.
[component_container_mt-1] [WARN] [1785816087.831499744] [sensing.lidar.concatenate_data]: transformed_raw_points[/sensing/lidar/left/pointcloud_before_sync] is nullptr, skipping pointcloud publish.
[autoware_ndt_scan_matcher_node-24] [INFO] [1785816087.832904665] [localization.pose_estimator.ndt_scan_matcher]: Mismatch between pose timestamp and current timestamp
[component_container_mt-1] [WARN] [1785816087.932060854] [sensing.lidar.concatenate_data]: transformed_raw_points[/sensing/lidar/right/pointcloud_before_sync] is nullptr, skipping pointcloud publish.
[component_container_mt-1] [WARN] [1785816087.932100853] [sensing.lidar.concatenate_data]: transformed_raw_points[/sensing/lidar/left/pointcloud_before_sync] is nullptr, skipping pointcloud publish.
[autoware_ndt_scan_matcher_node-24] [INFO] [1785816087.932633437] [localization.pose_estimator.ndt_scan_matcher]: Mismatch between pose timestamp and current timestamp
[component_container_mt-1] [WARN] [1785816088.031879500] [sensing.lidar.concatenate_data]: transformed_raw_points[/sensing/lidar/right/pointcloud_before_sync] is nullptr, skipping pointcloud publish.
[component_container_mt-1] [WARN] [1785816088.032152041] [sensing.lidar.concatenate_data]: transformed_raw_points[/sensing/lidar/left/pointcloud_before_sync] is nullptr, skipping pointcloud publish.
[autoware_ndt_scan_matcher_node-24] [INFO] [1785816088.032432099] [localization.pose_estimator.ndt_scan_matcher]: Mismatch between pose timestamp and current timestamp
[autoware_mrm_handler_node-13] [INFO] [1785816088.081520680] [system.mrm_handler]: MRM State changed: NORMAL -> MRM_OPERATING
[autoware_mrm_handler_node-13] [WARN] [1785816088.081764650] [system.mrm_handler]: EMERGENCY_STOP is operated.
[component_container_mt-1] [WARN] [1785816088.131327569] [sensing.lidar.concatenate_data]: transformed_raw_points[/sensing/lidar/right/pointcloud_before_sync] is nullptr, skipping pointcloud publish.
[component_container_mt-1] [WARN] [1785816088.131375006] [sensing.lidar.concatenate_data]: transformed_raw_points[/sensing/lidar/left/pointcloud_before_sync] is nullptr, skipping pointcloud publish.
[component_container_mt-47] [WARN] [1785816088.131356337] [control.vehicle_cmd_gate]: Emergency!
[autoware_ndt_scan_matcher_node-24] [INFO] [1785816088.131955635] [localization.pose_estimator.ndt_scan_matcher]: Mismatch between pose timestamp and current timestamp
[autoware_mrm_handler_node-13] [INFO] [1785816088.181656014] [system.mrm_handler]: MRM State changed: MRM_OPERATING -> NORMAL
[autoware_mrm_handler_node-13] [WARN] [1785816088.181901958] [system.mrm_handler]: EMERGENCY_STOP is canceled.
[logging_node-14] [WARN] [1785816088.181994449] [logging_diag_graph]: The target mode is not available for the following reasons:
[logging_node-14] - /autoware/modes/autonomous ERROR
[logging_node-14]     - /autoware/planning ERROR
[logging_node-14]         - /autoware/planning/routing/state ERROR
[logging_node-14]         - [anonymous group] ERROR
[logging_node-14]             - /autoware/planning/topic_rate_check/route ERROR
[logging_node-14]             - /autoware/planning/topic_rate_check/trajectory ERROR
[logging_node-14]     - /autoware/control ERROR
[logging_node-14]         - /autoware/control/topic_rate_check/trajectory_follower ERROR
[logging_node-14]         - /autoware/control/topic_rate_check/control_command WARN 
[logging_node-14] 
[component_container_mt-1] [WARN] [1785816088.231951019] [sensing.lidar.concatenate_data]: transformed_raw_points[/sensing/lidar/right/pointcloud_before_sync] is nullptr, skipping pointcloud publish.
[component_container_mt-1] [WARN] [1785816088.231995981] [sensing.lidar.concatenate_data]: transformed_raw_points[/sensing/lidar/left/pointcloud_before_sync] is nullptr, skipping pointcloud publish.
[component_container-7] [INFO] [1785816088.232161694] [system.topic_state_monitor_scenario_planning_trajectory]: /planning/trajectory has not received. Set ERROR in diagnostics.
[autoware_ndt_scan_matcher_node-24] [INFO] [1785816088.233069181] [localization.pose_estimator.ndt_scan_matcher]: Mismatch between pose timestamp and current timestamp
[component_container_mt-1] [WARN] [1785816088.331869076] [sensing.lidar.concatenate_data]: transformed_raw_points[/sensing/lidar/right/pointcloud_before_sync] is nullptr, skipping pointcloud publish.
[component_container_mt-1] [WARN] [1785816088.331923431] [sensing.lidar.concatenate_data]: transformed_raw_points[/sensing/lidar/left/pointcloud_before_sync] is nullptr, skipping pointcloud publish.
[autoware_ndt_scan_matcher_node-24] [INFO] [1785816088.333210642] [localization.pose_estimator.ndt_scan_matcher]: Mismatch between pose timestamp and current timestamp
[component_container_mt-1] [WARN] [1785816088.432032378] [sensing.lidar.concatenate_data]: transformed_raw_points[/sensing/lidar/right/pointcloud_before_sync] is nullptr, skipping pointcloud publish.
[component_container_mt-1] [WARN] [1785816088.432076543] [sensing.lidar.concatenate_data]: transformed_raw_points[/sensing/lidar/left/pointcloud_before_sync] is nullptr, skipping pointcloud publish.
[autoware_ndt_scan_matcher_node-24] [INFO] [1785816088.432864576] [localization.pose_estimator.ndt_scan_matcher]: Mismatch between pose timestamp and current timestamp
[component_container_mt-1] [WARN] [1785816088.531828100] [sensing.lidar.concatenate_data]: transformed_raw_points[/sensing/lidar/right/pointcloud_before_sync] is nullptr, skipping pointcloud publish.
[component_container_mt-1] [WARN] [1785816088.531871974] [sensing.lidar.concatenate_data]: transformed_raw_points[/sensing/lidar/left/pointcloud_before_sync] is nullptr, skipping pointcloud publish.
[autoware_ndt_scan_matcher_node-24] [INFO] [1785816088.532362412] [localization.pose_estimator.ndt_scan_matcher]: Mismatch between pose timestamp and current timestamp
[component_container_mt-1] [WARN] [1785816088.632074153] [sensing.lidar.concatenate_data]: transformed_raw_points[/sensing/lidar/right/pointcloud_before_sync] is nullptr, skipping pointcloud publish.
[component_container_mt-1] [WARN] [1785816088.632116851] [sensing.lidar.concatenate_data]: transformed_raw_points[/sensing/lidar/left/pointcloud_before_sync] is nullptr, skipping pointcloud publish.
[autoware_ndt_scan_matcher_node-24] [INFO] [1785816088.632600112] [localization.pose_estimator.ndt_scan_matcher]: Mismatch between pose timestamp and current timestamp
[component_container_mt-1] [WARN] [1785816088.731628288] [sensing.lidar.concatenate_data]: transformed_raw_points[/sensing/lidar/right/pointcloud_before_sync] is nullptr, skipping pointcloud publish.
[component_container_mt-1] [WARN] [1785816088.731674385] [sensing.lidar.concatenate_data]: transformed_raw_points[/sensing/lidar/left/pointcloud_before_sync] is nullptr, skipping pointcloud publish.
[autoware_ndt_scan_matcher_node-24] [INFO] [1785816088.732225921] [localization.pose_estimator.ndt_scan_matcher]: Mismatch between pose timestamp and current timestamp
[component_container_mt-1] [WARN] [1785816088.831880390] [sensing.lidar.concatenate_data]: transformed_raw_points[/sensing/lidar/right/pointcloud_before_sync] is nullptr, skipping pointcloud publish.
[component_container_mt-1] [WARN] [1785816088.831929184] [sensing.lidar.concatenate_data]: transformed_raw_points[/sensing/lidar/left/pointcloud_before_sync] is nullptr, skipping pointcloud publish.
[autoware_ndt_scan_matcher_node-24] [INFO] [1785816088.832727566] [localization.pose_estimator.ndt_scan_matcher]: Mismatch between pose timestamp and current timestamp
[component_container_mt-1] [WARN] [1785816088.931702070] [sensing.lidar.concatenate_data]: transformed_raw_points[/sensing/lidar/right/pointcloud_before_sync] is nullptr, skipping pointcloud publish.
[component_container_mt-1] [WARN] [1785816088.931747317] [sensing.lidar.concatenate_data]: transformed_raw_points[/sensing/lidar/left/pointcloud_before_sync] is nullptr, skipping pointcloud publish.
[autoware_ndt_scan_matcher_node-24] [INFO] [1785816088.932269727] [localization.pose_estimator.ndt_scan_matcher]: Mismatch between pose timestamp and current timestamp
[component_container_mt-1] [WARN] [1785816089.031866298] [sensing.lidar.concatenate_data]: transformed_raw_points[/sensing/lidar/right/pointcloud_before_sync] is nullptr, skipping pointcloud publish.
[component_container_mt-1] [WARN] [1785816089.031922486] [sensing.lidar.concatenate_data]: transformed_raw_points[/sensing/lidar/left/pointcloud_before_sync] is nullptr, skipping pointcloud publish.
[autoware_ndt_scan_matcher_node-24] [INFO] [1785816089.032382689] [localization.pose_estimator.ndt_scan_matcher]: Mismatch between pose timestamp and current timestamp
[autoware_mrm_handler_node-13] [INFO] [1785816089.081441120] [system.mrm_handler]: MRM State changed: NORMAL -> MRM_OPERATING
[autoware_mrm_handler_node-13] [WARN] [1785816089.082475767] [system.mrm_handler]: EMERGENCY_STOP is operated.
[component_container_mt-1] [WARN] [1785816089.131885115] [sensing.lidar.concatenate_data]: transformed_raw_points[/sensing/lidar/right/pointcloud_before_sync] is nullptr, skipping pointcloud publish.
[component_container_mt-1] [WARN] [1785816089.131933661] [sensing.lidar.concatenate_data]: transformed_raw_points[/sensing/lidar/left/pointcloud_before_sync] is nullptr, skipping pointcloud publish.
[component_container_mt-47] [WARN] [1785816089.131958392] [control.vehicle_cmd_gate]: Emergency!
[autoware_ndt_scan_matcher_node-24] [INFO] [1785816089.132502676] [localization.pose_estimator.ndt_scan_matcher]: Mismatch between pose timestamp and current timestamp
[autoware_mrm_handler_node-13] [INFO] [1785816089.181393356] [system.mrm_handler]: MRM State changed: MRM_OPERATING -> NORMAL
[autoware_mrm_handler_node-13] [WARN] [1785816089.182291151] [system.mrm_handler]: EMERGENCY_STOP is canceled.
[component_container_mt-1] [WARN] [1785816089.231306504] [sensing.lidar.concatenate_data]: transformed_raw_points[/sensing/lidar/right/pointcloud_before_sync] is nullptr, skipping pointcloud publish.
[component_container_mt-1] [WARN] [1785816089.231351632] [sensing.lidar.concatenate_data]: transformed_raw_points[/sensing/lidar/left/pointcloud_before_sync] is nullptr, skipping pointcloud publish.
[autoware_ndt_scan_matcher_node-24] [INFO] [1785816089.231774177] [localization.pose_estimator.ndt_scan_matcher]: Mismatch between pose timestamp and current timestamp
[component_container_mt-1] [WARN] [1785816089.331438659] [sensing.lidar.concatenate_data]: transformed_raw_points[/sensing/lidar/right/pointcloud_before_sync] is nullptr, skipping pointcloud publish.
[component_container_mt-1] [WARN] [1785816089.331484899] [sensing.lidar.concatenate_data]: transformed_raw_points[/sensing/lidar/left/pointcloud_before_sync] is nullptr, skipping pointcloud publish.
[autoware_ndt_scan_matcher_node-24] [INFO] [1785816089.332025725] [localization.pose_estimator.ndt_scan_matcher]: Mismatch between pose timestamp and current timestamp
[component_container_mt-1] [WARN] [1785816089.431181889] [sensing.lidar.concatenate_data]: transformed_raw_points[/sensing/lidar/right/pointcloud_before_sync] is nullptr, skipping pointcloud publish.
[component_container_mt-1] [WARN] [1785816089.431223222] [sensing.lidar.concatenate_data]: transformed_raw_points[/sensing/lidar/left/pointcloud_before_sync] is nullptr, skipping pointcloud publish.
[autoware_ndt_scan_matcher_node-24] [INFO] [1785816089.431709421] [localization.pose_estimator.ndt_scan_matcher]: Mismatch between pose timestamp and current timestamp
[component_container_mt-1] [WARN] [1785816089.531884564] [sensing.lidar.concatenate_data]: transformed_raw_points[/sensing/lidar/right/pointcloud_before_sync] is nullptr, skipping pointcloud publish.
[component_container_mt-1] [WARN] [1785816089.531935614] [sensing.lidar.concatenate_data]: transformed_raw_points[/sensing/lidar/left/pointcloud_before_sync] is nullptr, skipping pointcloud publish.
[autoware_ndt_scan_matcher_node-24] [INFO] [1785816089.532364175] [localization.pose_estimator.ndt_scan_matcher]: Mismatch between pose timestamp and current timestamp
[component_container_mt-1] [WARN] [1785816089.631236034] [sensing.lidar.concatenate_data]: transformed_raw_points[/sensing/lidar/right/pointcloud_before_sync] is nullptr, skipping pointcloud publish.
[component_container_mt-1] [WARN] [1785816089.631284569] [sensing.lidar.concatenate_data]: transformed_raw_points[/sensing/lidar/left/pointcloud_before_sync] is nullptr, skipping pointcloud publish.
[autoware_ndt_scan_matcher_node-24] [INFO] [1785816089.631765820] [localization.pose_estimator.ndt_scan_matcher]: Mismatch between pose timestamp and current timestamp
[component_container_mt-47] [INFO] [1785816089.682086558] [control.trajectory_follower.controller_node_exe]: Waiting for trajectory data
[component_container_mt-47] [INFO] [1785816089.682134709] [control.trajectory_follower.controller_node_exe]: Control is skipped since input data is not ready.
[component_container_mt-1] [WARN] [1785816089.732207309] [sensing.lidar.concatenate_data]: transformed_raw_points[/sensing/lidar/right/pointcloud_before_sync] is nullptr, skipping pointcloud publish.
[component_container_mt-1] [WARN] [1785816089.732250189] [sensing.lidar.concatenate_data]: transformed_raw_points[/sensing/lidar/left/pointcloud_before_sync] is nullptr, skipping pointcloud publish.
[autoware_ndt_scan_matcher_node-24] [INFO] [1785816089.733124240] [localization.pose_estimator.ndt_scan_matcher]: Mismatch between pose timestamp and current timestamp
[component_container-7] [WARN] [1785816089.782251576] [system.topic_state_monitor_control_command_control_cmd]: /control/command/control_cmd topic rate has dropped to the warning level. Set WARN in diagnostics.
[component_container_mt-1] [WARN] [1785816089.833296613] [sensing.lidar.concatenate_data]: transformed_raw_points[/sensing/lidar/right/pointcloud_before_sync] is nullptr, skipping pointcloud publish.
[component_container_mt-1] [WARN] [1785816089.833341807] [sensing.lidar.concatenate_data]: transformed_raw_points[/sensing/lidar/left/pointcloud_before_sync] is nullptr, skipping pointcloud publish.
[autoware_ndt_scan_matcher_node-24] [INFO] [1785816089.834810081] [localization.pose_estimator.ndt_scan_matcher]: Mismatch between pose timestamp and current timestamp
[component_container_mt-1] [WARN] [1785816089.931991798] [sensing.lidar.concatenate_data]: transformed_raw_points[/sensing/lidar/right/pointcloud_before_sync] is nullptr, skipping pointcloud publish.
[component_container_mt-1] [WARN] [1785816089.932040099] [sensing.lidar.concatenate_data]: transformed_raw_points[/sensing/lidar/left/pointcloud_before_sync] is nullptr, skipping pointcloud publish.
[autoware_ndt_scan_matcher_node-24] [INFO] [1785816089.933440182] [localization.pose_estimator.ndt_scan_matcher]: Mismatch between pose timestamp and current timestamp
[component_container_mt-40] [INFO] [1785816090.032229954] [planning.scenario_planning.lane_driving.behavior_planning.behavior_path_planner]: waiting for scenario_topic
[component_container_mt-1] [WARN] [1785816090.032346916] [sensing.lidar.concatenate_data]: transformed_raw_points[/sensing/lidar/right/pointcloud_before_sync] is nullptr, skipping pointcloud publish.
[component_container_mt-1] [WARN] [1785816090.032382662] [sensing.lidar.concatenate_data]: transformed_raw_points[/sensing/lidar/left/pointcloud_before_sync] is nullptr, skipping pointcloud publish.
[autoware_ndt_scan_matcher_node-24] [INFO] [1785816090.032980431] [localization.pose_estimator.ndt_scan_matcher]: Mismatch between pose timestamp and current timestamp
[autoware_mrm_handler_node-13] [INFO] [1785816090.082061719] [system.mrm_handler]: MRM State changed: NORMAL -> MRM_OPERATING
[autoware_mrm_handler_node-13] [WARN] [1785816090.082226496] [system.mrm_handler]: EMERGENCY_STOP is operated.
[component_container_mt-1] [WARN] [1785816090.132362842] [sensing.lidar.concatenate_data]: transformed_raw_points[/sensing/lidar/right/pointcloud_before_sync] is nullptr, skipping pointcloud publish.
[component_container_mt-1] [WARN] [1785816090.132411768] [sensing.lidar.concatenate_data]: transformed_raw_points[/sensing/lidar/left/pointcloud_before_sync] is nullptr, skipping pointcloud publish.
[component_container_mt-47] [WARN] [1785816090.132874923] [control.vehicle_cmd_gate]: Emergency!
[autoware_ndt_scan_matcher_node-24] [INFO] [1785816090.132993872] [localization.pose_estimator.ndt_scan_matcher]: Mismatch between pose timestamp and current timestamp
[component_container-18] [WARN] [1785816090.138897278] [sensing.lidar.top.crop_box_filter_self]: Invalid PointCloud: is_dense is false. The point cloud should be organized (dense) and contain only valid points. This will be an ERROR starting in 2026 JulyFrame: 'velodyne_top', Stamp: 95.172813658
[autoware_mrm_handler_node-13] [INFO] [1785816090.182938834] [system.mrm_handler]: MRM State changed: MRM_OPERATING -> NORMAL
[autoware_mrm_handler_node-13] [WARN] [1785816090.183060292] [system.mrm_handler]: EMERGENCY_STOP is canceled.
[component_container_mt-1] [WARN] [1785816090.231924867] [sensing.lidar.concatenate_data]: transformed_raw_points[/sensing/lidar/right/pointcloud_before_sync] is nullptr, skipping pointcloud publish.
[component_container_mt-1] [WARN] [1785816090.231970617] [sensing.lidar.concatenate_data]: transformed_raw_points[/sensing/lidar/left/pointcloud_before_sync] is nullptr, skipping pointcloud publish.
[autoware_ndt_scan_matcher_node-24] [INFO] [1785816090.232654976] [localization.pose_estimator.ndt_scan_matcher]: Mismatch between pose timestamp and current timestamp
[component_container_mt-1] [WARN] [1785816090.331646750] [sensing.lidar.concatenate_data]: transformed_raw_points[/sensing/lidar/right/pointcloud_before_sync] is nullptr, skipping pointcloud publish.
[component_container_mt-1] [WARN] [1785816090.331695050] [sensing.lidar.concatenate_data]: transformed_raw_points[/sensing/lidar/left/pointcloud_before_sync] is nullptr, skipping pointcloud publish.
[autoware_ndt_scan_matcher_node-24] [INFO] [1785816090.332804439] [localization.pose_estimator.ndt_scan_matcher]: Mismatch between pose timestamp and current timestamp
[component_container_mt-1] [WARN] [1785816090.432437314] [sensing.lidar.concatenate_data]: transformed_raw_points[/sensing/lidar/right/pointcloud_before_sync] is nullptr, skipping pointcloud publish.
[component_container_mt-1] [WARN] [1785816090.432476096] [sensing.lidar.concatenate_data]: transformed_raw_points[/sensing/lidar/left/pointcloud_before_sync] is nullptr, skipping pointcloud publish.
[autoware_ndt_scan_matcher_node-24] [INFO] [1785816090.432948085] [localization.pose_estimator.ndt_scan_matcher]: Mismatch between pose timestamp and current timestamp
[component_container_mt-1] [WARN] [1785816090.532232436] [sensing.lidar.concatenate_data]: transformed_raw_points[/sensing/lidar/right/pointcloud_before_sync] is nullptr, skipping pointcloud publish.
[component_container_mt-1] [WARN] [1785816090.532284302] [sensing.lidar.concatenate_data]: transformed_raw_points[/sensing/lidar/left/pointcloud_before_sync] is nullptr, skipping pointcloud publish.
[component_container_mt-48] [INFO] [1785816090.532327868] [control.autonomous_emergency_braking]: [AEB] waiting for control predicted trajectory
[autoware_ndt_scan_matcher_node-24] [INFO] [1785816090.532773152] [localization.pose_estimator.ndt_scan_matcher]: Mismatch between pose timestamp and current timestamp
[component_container_mt-1] [WARN] [1785816090.540263705] [localization.util.crop_box_filter_measurement_range]: Invalid PointCloud: row_step mismatch. Expected: 100048 (width 6253 * point_step 16), Got: 0. Frame: 'base_link', Stamp: 95.572813664 Please fill in the `cloud->row_step` field accordingly. This will be an ERROR starting in 2026 July
[component_container_mt-1] [WARN] [1785816090.632014248] [sensing.lidar.concatenate_data]: transformed_raw_points[/sensing/lidar/right/pointcloud_before_sync] is nullptr, skipping pointcloud publish.
[component_container_mt-1] [WARN] [1785816090.632062138] [sensing.lidar.concatenate_data]: transformed_raw_points[/sensing/lidar/left/pointcloud_before_sync] is nullptr, skipping pointcloud publish.
[autoware_ndt_scan_matcher_node-24] [INFO] [1785816090.632731355] [localization.pose_estimator.ndt_scan_matcher]: Mismatch between pose timestamp and current timestamp
[component_container_mt-1] [WARN] [1785816090.731884479] [sensing.lidar.concatenate_data]: transformed_raw_points[/sensing/lidar/right/pointcloud_before_sync] is nullptr, skipping pointcloud publish.
[component_container_mt-1] [WARN] [1785816090.731939084] [sensing.lidar.concatenate_data]: transformed_raw_points[/sensing/lidar/left/pointcloud_before_sync] is nullptr, skipping pointcloud publish.
[autoware_ndt_scan_matcher_node-24] [INFO] [1785816090.732463006] [localization.pose_estimator.ndt_scan_matcher]: Mismatch between pose timestamp and current timestamp
[component_container_mt-1] [WARN] [1785816090.832716369] [sensing.lidar.concatenate_data]: transformed_raw_points[/sensing/lidar/right/pointcloud_before_sync] is nullptr, skipping pointcloud publish.
[component_container_mt-1] [WARN] [1785816090.832760486] [sensing.lidar.concatenate_data]: transformed_raw_points[/sensing/lidar/left/pointcloud_before_sync] is nullptr, skipping pointcloud publish.
[autoware_ndt_scan_matcher_node-24] [INFO] [1785816090.833186002] [localization.pose_estimator.ndt_scan_matcher]: Mismatch between pose timestamp and current timestamp
[component_container_mt-47] [INFO] [1785816090.882432673] [control.vehicle_cmd_gate]: The operation mode is changed, but the GearCommand is not received yet:
[component_container_mt-1] [WARN] [1785816090.931956947] [sensing.lidar.concatenate_data]: transformed_raw_points[/sensing/lidar/right/pointcloud_before_sync] is nullptr, skipping pointcloud publish.
[component_container_mt-1] [WARN] [1785816090.932014966] [sensing.lidar.concatenate_data]: transformed_raw_points[/sensing/lidar/left/pointcloud_before_sync] is nullptr, skipping pointcloud publish.
[autoware_ndt_scan_matcher_node-24] [INFO] [1785816090.932688800] [localization.pose_estimator.ndt_scan_matcher]: Mismatch between pose timestamp and current timestamp
[component_container-18] [WARN] [1785816090.939620522] [sensing.lidar.top.distortion_corrector_node]: Twist time_stamp is too late. Could not interpolate.
[component_container-18] [WARN] [1785816090.939649002] [sensing.lidar.top.distortion_corrector_node]: IMU time_stamp is too late. Could not interpolate.
[component_container_mt-1] [WARN] [1785816091.031865994] [sensing.lidar.concatenate_data]: transformed_raw_points[/sensing/lidar/right/pointcloud_before_sync] is nullptr, skipping pointcloud publish.
[component_container_mt-1] [WARN] [1785816091.031920224] [sensing.lidar.concatenate_data]: transformed_raw_points[/sensing/lidar/left/pointcloud_before_sync] is nullptr, skipping pointcloud publish.
[autoware_ndt_scan_matcher_node-24] [INFO] [1785816091.032827003] [localization.pose_estimator.ndt_scan_matcher]: Mismatch between pose timestamp and current timestamp
[autoware_mrm_handler_node-13] [INFO] [1785816091.081395001] [system.mrm_handler]: MRM State changed: NORMAL -> MRM_OPERATING
[autoware_mrm_handler_node-13] [WARN] [1785816091.081879367] [system.mrm_handler]: EMERGENCY_STOP is operated.
[component_container_mt-47] [WARN] [1785816091.131915617] [control.vehicle_cmd_gate]: Emergency!
[component_container_mt-1] [WARN] [1785816091.132438529] [sensing.lidar.concatenate_data]: transformed_raw_points[/sensing/lidar/right/pointcloud_before_sync] is nullptr, skipping pointcloud publish.
[component_container_mt-1] [WARN] [1785816091.132487978] [sensing.lidar.concatenate_data]: transformed_raw_points[/sensing/lidar/left/pointcloud_before_sync] is nullptr, skipping pointcloud publish.
[autoware_ndt_scan_matcher_node-24] [INFO] [1785816091.132858366] [localization.pose_estimator.ndt_scan_matcher]: Mismatch between pose timestamp and current timestamp
[logging_node-14] [WARN] [1785816091.181549940] [logging_diag_graph]: The target mode is not available for the following reasons:
[logging_node-14] - /autoware/modes/autonomous ERROR
[logging_node-14]     - /autoware/planning ERROR
[logging_node-14]         - /autoware/planning/routing/state ERROR
[logging_node-14]         - [anonymous group] ERROR
[logging_node-14]             - /autoware/planning/topic_rate_check/route ERROR
[logging_node-14]             - /autoware/planning/topic_rate_check/trajectory ERROR
[logging_node-14]     - /autoware/perception ERROR
[logging_node-14]         - /autoware/perception/topic_rate_check/objects ERROR
[logging_node-14]         - /autoware/perception/topic_rate_check/pointcloud ERROR
[logging_node-14]     - /autoware/control ERROR
[logging_node-14]         - /autoware/control/topic_rate_check/trajectory_follower ERROR
[logging_node-14]         - /autoware/control/topic_rate_check/control_command WARN 
[logging_node-14] 
[autoware_mrm_handler_node-13] [INFO] [1785816091.181988525] [system.mrm_handler]: MRM State changed: MRM_OPERATING -> NORMAL
[autoware_mrm_handler_node-13] [WARN] [1785816091.182425988] [system.mrm_handler]: EMERGENCY_STOP is canceled.
[component_container_mt-1] [WARN] [1785816091.231785214] [sensing.lidar.concatenate_data]: transformed_raw_points[/sensing/lidar/right/pointcloud_before_sync] is nullptr, skipping pointcloud publish.
[component_container_mt-1] [WARN] [1785816091.231841041] [sensing.lidar.concatenate_data]: transformed_raw_points[/sensing/lidar/left/pointcloud_before_sync] is nullptr, skipping pointcloud publish.
[component_container-7] [INFO] [1785816091.232059635] [system.topic_state_monitor_scenario_planning_trajectory]: /planning/trajectory has not received. Set ERROR in diagnostics.
[autoware_ndt_scan_matcher_node-24] [INFO] [1785816091.232488517] [localization.pose_estimator.ndt_scan_matcher]: Mismatch between pose timestamp and current timestamp
[component_container_mt-1] [WARN] [1785816091.332231444] [sensing.lidar.concatenate_data]: transformed_raw_points[/sensing/lidar/right/pointcloud_before_sync] is nullptr, skipping pointcloud publish.
[component_container_mt-1] [WARN] [1785816091.332279751] [sensing.lidar.concatenate_data]: transformed_raw_points[/sensing/lidar/left/pointcloud_before_sync] is nullptr, skipping pointcloud publish.
[autoware_ndt_scan_matcher_node-24] [INFO] [1785816091.332987480] [localization.pose_estimator.ndt_scan_matcher]: Mismatch between pose timestamp and current timestamp
[component_container_mt-1] [WARN] [1785816091.431916424] [sensing.lidar.concatenate_data]: transformed_raw_points[/sensing/lidar/right/pointcloud_before_sync] is nullptr, skipping pointcloud publish.
[component_container_mt-1] [WARN] [1785816091.431970533] [sensing.lidar.concatenate_data]: transformed_raw_points[/sensing/lidar/left/pointcloud_before_sync] is nullptr, skipping pointcloud publish.
[autoware_ndt_scan_matcher_node-24] [INFO] [1785816091.432737353] [localization.pose_estimator.ndt_scan_matcher]: Mismatch between pose timestamp and current timestamp
[component_container_mt-1] [WARN] [1785816091.531840875] [sensing.lidar.concatenate_data]: transformed_raw_points[/sensing/lidar/right/pointcloud_before_sync] is nullptr, skipping pointcloud publish.
[component_container_mt-1] [WARN] [1785816091.531887348] [sensing.lidar.concatenate_data]: transformed_raw_points[/sensing/lidar/left/pointcloud_before_sync] is nullptr, skipping pointcloud publish.
[autoware_ndt_scan_matcher_node-24] [INFO] [1785816091.532804850] [localization.pose_estimator.ndt_scan_matcher]: Mismatch between pose timestamp and current timestamp
[component_container_mt-1] [WARN] [1785816091.631997694] [sensing.lidar.concatenate_data]: transformed_raw_points[/sensing/lidar/right/pointcloud_before_sync] is nullptr, skipping pointcloud publish.
[component_container_mt-1] [WARN] [1785816091.632040381] [sensing.lidar.concatenate_data]: transformed_raw_points[/sensing/lidar/left/pointcloud_before_sync] is nullptr, skipping pointcloud publish.
[autoware_ndt_scan_matcher_node-24] [INFO] [1785816091.632551047] [localization.pose_estimator.ndt_scan_matcher]: Mismatch between pose timestamp and current timestamp
[component_container_mt-1] [WARN] [1785816091.732077320] [sensing.lidar.concatenate_data]: transformed_raw_points[/sensing/lidar/right/pointcloud_before_sync] is nullptr, skipping pointcloud publish.
[component_container_mt-1] [WARN] [1785816091.732126949] [sensing.lidar.concatenate_data]: transformed_raw_points[/sensing/lidar/left/pointcloud_before_sync] is nullptr, skipping pointcloud publish.
[autoware_ndt_scan_matcher_node-24] [INFO] [1785816091.732637842] [localization.pose_estimator.ndt_scan_matcher]: Mismatch between pose timestamp and current timestamp
[component_container_mt-1] [WARN] [1785816091.831650702] [sensing.lidar.concatenate_data]: transformed_raw_points[/sensing/lidar/right/pointcloud_before_sync] is nullptr, skipping pointcloud publish.
[component_container_mt-1] [WARN] [1785816091.831695791] [sensing.lidar.concatenate_data]: transformed_raw_points[/sensing/lidar/left/pointcloud_before_sync] is nullptr, skipping pointcloud publish.
[autoware_ndt_scan_matcher_node-24] [INFO] [1785816091.832259802] [localization.pose_estimator.ndt_scan_matcher]: Mismatch between pose timestamp and current timestamp
[component_container_mt-1] [WARN] [1785816091.931849645] [sensing.lidar.concatenate_data]: transformed_raw_points[/sensing/lidar/right/pointcloud_before_sync] is nullptr, skipping pointcloud publish.
[component_container_mt-1] [WARN] [1785816091.932370945] [sensing.lidar.concatenate_data]: transformed_raw_points[/sensing/lidar/left/pointcloud_before_sync] is nullptr, skipping pointcloud publish.
[autoware_ndt_scan_matcher_node-24] [INFO] [1785816091.932980717] [localization.pose_estimator.ndt_scan_matcher]: Mismatch between pose timestamp and current timestamp
[component_container_mt-1] [WARN] [1785816092.031871191] [sensing.lidar.concatenate_data]: transformed_raw_points[/sensing/lidar/right/pointcloud_before_sync] is nullptr, skipping pointcloud publish.
[component_container_mt-1] [WARN] [1785816092.031926125] [sensing.lidar.concatenate_data]: transformed_raw_points[/sensing/lidar/left/pointcloud_before_sync] is nullptr, skipping pointcloud publish.
[autoware_ndt_scan_matcher_node-24] [INFO] [1785816092.033226360] [localization.pose_estimator.ndt_scan_matcher]: Mismatch between pose timestamp and current timestamp
[autoware_mrm_handler_node-13] [INFO] [1785816092.081732654] [system.mrm_handler]: MRM State changed: NORMAL -> MRM_OPERATING
[autoware_mrm_handler_node-13] [WARN] [1785816092.082476791] [system.mrm_handler]: EMERGENCY_STOP is operated.
[component_container_mt-47] [WARN] [1785816092.132076195] [control.vehicle_cmd_gate]: Emergency!
[component_container_mt-1] [WARN] [1785816092.132010193] [sensing.lidar.concatenate_data]: transformed_raw_points[/sensing/lidar/right/pointcloud_before_sync] is nullptr, skipping pointcloud publish.
[component_container_mt-1] [WARN] [1785816092.132288899] [sensing.lidar.concatenate_data]: transformed_raw_points[/sensing/lidar/left/pointcloud_before_sync] is nullptr, skipping pointcloud publish.
[component_container_mt-48] [INFO] [1785816092.132370686] [control.control_validator]: waiting for /planning/trajectory
[autoware_ndt_scan_matcher_node-24] [INFO] [1785816092.132944221] [localization.pose_estimator.ndt_scan_matcher]: Mismatch between pose timestamp and current timestamp
[autoware_mrm_handler_node-13] [INFO] [1785816092.182269614] [system.mrm_handler]: MRM State changed: MRM_OPERATING -> NORMAL
[autoware_mrm_handler_node-13] [WARN] [1785816092.182919662] [system.mrm_handler]: EMERGENCY_STOP is canceled.
[component_container_mt-1] [WARN] [1785816092.231935225] [sensing.lidar.concatenate_data]: transformed_raw_points[/sensing/lidar/right/pointcloud_before_sync] is nullptr, skipping pointcloud publish.
[component_container_mt-1] [WARN] [1785816092.231978290] [sensing.lidar.concatenate_data]: transformed_raw_points[/sensing/lidar/left/pointcloud_before_sync] is nullptr, skipping pointcloud publish.
[autoware_ndt_scan_matcher_node-24] [INFO] [1785816092.232408888] [localization.pose_estimator.ndt_scan_matcher]: Mismatch between pose timestamp and current timestamp
[autoware_scenario_selector_node-36] [INFO] [1785816092.281207982] [planning.scenario_planning.scenario_selector]: Waiting for route.
[component_container_mt-48] [INFO] [1785816092.281774354] [control.trajectory_follower.lane_departure_checker_node]: waiting for route msg...
[component_container_mt-1] [WARN] [1785816092.332145163] [sensing.lidar.concatenate_data]: transformed_raw_points[/sensing/lidar/right/pointcloud_before_sync] is nullptr, skipping pointcloud publish.
[component_container_mt-1] [WARN] [1785816092.332189415] [sensing.lidar.concatenate_data]: transformed_raw_points[/sensing/lidar/left/pointcloud_before_sync] is nullptr, skipping pointcloud publish.
[autoware_ndt_scan_matcher_node-24] [INFO] [1785816092.332887942] [localization.pose_estimator.ndt_scan_matcher]: Mismatch between pose timestamp and current timestamp
[component_container_mt-1] [WARN] [1785816092.432554980] [sensing.lidar.concatenate_data]: transformed_raw_points[/sensing/lidar/right/pointcloud_before_sync] is nullptr, skipping pointcloud publish.
[component_container_mt-1] [WARN] [1785816092.432620350] [sensing.lidar.concatenate_data]: transformed_raw_points[/sensing/lidar/left/pointcloud_before_sync] is nullptr, skipping pointcloud publish.
[autoware_ndt_scan_matcher_node-24] [INFO] [1785816092.433512007] [localization.pose_estimator.ndt_scan_matcher]: Mismatch between pose timestamp and current timestamp
[component_container_mt-1] [WARN] [1785816092.531986411] [sensing.lidar.concatenate_data]: transformed_raw_points[/sensing/lidar/right/pointcloud_before_sync] is nullptr, skipping pointcloud publish.
[component_container_mt-1] [WARN] [1785816092.532033143] [sensing.lidar.concatenate_data]: transformed_raw_points[/sensing/lidar/left/pointcloud_before_sync] is nullptr, skipping pointcloud publish.
[autoware_ndt_scan_matcher_node-24] [INFO] [1785816092.532581648] [localization.pose_estimator.ndt_scan_matcher]: Mismatch between pose timestamp and current timestamp
[component_container_mt-1] [WARN] [1785816092.631766039] [sensing.lidar.concatenate_data]: transformed_raw_points[/sensing/lidar/right/pointcloud_before_sync] is nullptr, skipping pointcloud publish.
[component_container_mt-1] [WARN] [1785816092.631822672] [sensing.lidar.concatenate_data]: transformed_raw_points[/sensing/lidar/left/pointcloud_before_sync] is nullptr, skipping pointcloud publish.
[autoware_ndt_scan_matcher_node-24] [INFO] [1785816092.632755327] [localization.pose_estimator.ndt_scan_matcher]: Mismatch between pose timestamp and current timestamp
[component_container_mt-1] [WARN] [1785816092.731788966] [sensing.lidar.concatenate_data]: transformed_raw_points[/sensing/lidar/right/pointcloud_before_sync] is nullptr, skipping pointcloud publish.
[autoware_ndt_scan_matcher_node-24] [INFO] [1785816092.732299432] [localization.pose_estimator.ndt_scan_matcher]: Mismatch between pose timestamp and current timestamp
[component_container_mt-1] [WARN] [1785816092.732351271] [sensing.lidar.concatenate_data]: transformed_raw_points[/sensing/lidar/left/pointcloud_before_sync] is nullptr, skipping pointcloud publish.
[component_container-7] [WARN] [1785816092.781884555] [system.topic_state_monitor_obstacle_segmentation_pointcloud]: /perception/obstacle_segmentation/pointcloud topic is timeout. Set ERROR in diagnostics.
[component_container_mt-1] [WARN] [1785816092.831680670] [sensing.lidar.concatenate_data]: transformed_raw_points[/sensing/lidar/right/pointcloud_before_sync] is nullptr, skipping pointcloud publish.
[component_container_mt-1] [WARN] [1785816092.831729415] [sensing.lidar.concatenate_data]: transformed_raw_points[/sensing/lidar/left/pointcloud_before_sync] is nullptr, skipping pointcloud publish.
[autoware_ndt_scan_matcher_node-24] [INFO] [1785816092.832841158] [localization.pose_estimator.ndt_scan_matcher]: Mismatch between pose timestamp and current timestamp
[component_container_mt-1] [WARN] [1785816092.931787406] [sensing.lidar.concatenate_data]: transformed_raw_points[/sensing/lidar/right/pointcloud_before_sync] is nullptr, skipping pointcloud publish.
[component_container_mt-1] [WARN] [1785816092.931832617] [sensing.lidar.concatenate_data]: transformed_raw_points[/sensing/lidar/left/pointcloud_before_sync] is nullptr, skipping pointcloud publish.
[autoware_ndt_scan_matcher_node-24] [INFO] [1785816092.932335917] [localization.pose_estimator.ndt_scan_matcher]: Mismatch between pose timestamp and current timestamp
[component_container_mt-1] [WARN] [1785816093.031697018] [sensing.lidar.concatenate_data]: transformed_raw_points[/sensing/lidar/right/pointcloud_before_sync] is nullptr, skipping pointcloud publish.
[component_container_mt-1] [WARN] [1785816093.031750363] [sensing.lidar.concatenate_data]: transformed_raw_points[/sensing/lidar/left/pointcloud_before_sync] is nullptr, skipping pointcloud publish.
[autoware_ndt_scan_matcher_node-24] [INFO] [1785816093.032179532] [localization.pose_estimator.ndt_scan_matcher]: Mismatch between pose timestamp and current timestamp
[autoware_mrm_handler_node-13] [INFO] [1785816093.082077849] [system.mrm_handler]: MRM State changed: NORMAL -> MRM_OPERATING
[autoware_mrm_handler_node-13] [WARN] [1785816093.082346943] [system.mrm_handler]: EMERGENCY_STOP is operated.
[component_container_mt-1] [WARN] [1785816093.131614087] [sensing.lidar.concatenate_data]: transformed_raw_points[/sensing/lidar/right/pointcloud_before_sync] is nullptr, skipping pointcloud publish.
[component_container_mt-1] [WARN] [1785816093.131664740] [sensing.lidar.concatenate_data]: transformed_raw_points[/sensing/lidar/left/pointcloud_before_sync] is nullptr, skipping pointcloud publish.
[component_container_mt-47] [WARN] [1785816093.131700489] [control.vehicle_cmd_gate]: Emergency!
[autoware_ndt_scan_matcher_node-24] [INFO] [1785816093.132311875] [localization.pose_estimator.ndt_scan_matcher]: Mismatch between pose timestamp and current timestamp
[autoware_mrm_handler_node-13] [INFO] [1785816093.181568846] [system.mrm_handler]: MRM State changed: MRM_OPERATING -> NORMAL
[autoware_mrm_handler_node-13] [WARN] [1785816093.182568276] [system.mrm_handler]: EMERGENCY_STOP is canceled.
[component_container_mt-1] [WARN] [1785816093.231702842] [sensing.lidar.concatenate_data]: transformed_raw_points[/sensing/lidar/right/pointcloud_before_sync] is nullptr, skipping pointcloud publish.
[component_container_mt-1] [WARN] [1785816093.231746650] [sensing.lidar.concatenate_data]: transformed_raw_points[/sensing/lidar/left/pointcloud_before_sync] is nullptr, skipping pointcloud publish.
[autoware_ndt_scan_matcher_node-24] [INFO] [1785816093.233294789] [localization.pose_estimator.ndt_scan_matcher]: Mismatch between pose timestamp and current timestamp
[component_container_mt-1] [WARN] [1785816093.331472146] [sensing.lidar.concatenate_data]: transformed_raw_points[/sensing/lidar/right/pointcloud_before_sync] is nullptr, skipping pointcloud publish.
[component_container_mt-1] [WARN] [1785816093.331519988] [sensing.lidar.concatenate_data]: transformed_raw_points[/sensing/lidar/left/pointcloud_before_sync] is nullptr, skipping pointcloud publish.
[autoware_ndt_scan_matcher_node-24] [INFO] [1785816093.332146303] [localization.pose_estimator.ndt_scan_matcher]: Mismatch between pose timestamp and current timestamp
[component_container_mt-1] [WARN] [1785816093.431737564] [sensing.lidar.concatenate_data]: transformed_raw_points[/sensing/lidar/right/pointcloud_before_sync] is nullptr, skipping pointcloud publish.
[component_container_mt-1] [WARN] [1785816093.431785803] [sensing.lidar.concatenate_data]: transformed_raw_points[/sensing/lidar/left/pointcloud_before_sync] is nullptr, skipping pointcloud publish.
[autoware_ndt_scan_matcher_node-24] [INFO] [1785816093.432861922] [localization.pose_estimator.ndt_scan_matcher]: Mismatch between pose timestamp and current timestamp
[component_container_mt-1] [WARN] [1785816093.532183126] [sensing.lidar.concatenate_data]: transformed_raw_points[/sensing/lidar/right/pointcloud_before_sync] is nullptr, skipping pointcloud publish.
[component_container_mt-1] [WARN] [1785816093.532220928] [sensing.lidar.concatenate_data]: transformed_raw_points[/sensing/lidar/left/pointcloud_before_sync] is nullptr, skipping pointcloud publish.
[autoware_ndt_scan_matcher_node-24] [INFO] [1785816093.532900962] [localization.pose_estimator.ndt_scan_matcher]: Mismatch between pose timestamp and current timestamp
[component_container_mt-1] [WARN] [1785816093.631919256] [sensing.lidar.concatenate_data]: transformed_raw_points[/sensing/lidar/right/pointcloud_before_sync] is nullptr, skipping pointcloud publish.
[component_container_mt-1] [WARN] [1785816093.631959791] [sensing.lidar.concatenate_data]: transformed_raw_points[/sensing/lidar/left/pointcloud_before_sync] is nullptr, skipping pointcloud publish.
[autoware_ndt_scan_matcher_node-24] [INFO] [1785816093.632444395] [localization.pose_estimator.ndt_scan_matcher]: Mismatch between pose timestamp and current timestamp
[component_container_mt-1] [WARN] [1785816093.732147059] [sensing.lidar.concatenate_data]: transformed_raw_points[/sensing/lidar/right/pointcloud_before_sync] is nullptr, skipping pointcloud publish.
[component_container_mt-1] [WARN] [1785816093.732192728] [sensing.lidar.concatenate_data]: transformed_raw_points[/sensing/lidar/left/pointcloud_before_sync] is nullptr, skipping pointcloud publish.
[autoware_ndt_scan_matcher_node-24] [INFO] [1785816093.733055242] [localization.pose_estimator.ndt_scan_matcher]: Mismatch between pose timestamp and current timestamp
[component_container_mt-1] [WARN] [1785816093.831853261] [sensing.lidar.concatenate_data]: transformed_raw_points[/sensing/lidar/right/pointcloud_before_sync] is nullptr, skipping pointcloud publish.
[component_container_mt-1] [WARN] [1785816093.831915716] [sensing.lidar.concatenate_data]: transformed_raw_points[/sensing/lidar/left/pointcloud_before_sync] is nullptr, skipping pointcloud publish.
[autoware_ndt_scan_matcher_node-24] [INFO] [1785816093.832535491] [localization.pose_estimator.ndt_scan_matcher]: Mismatch between pose timestamp and current timestamp
[component_container_mt-1] [WARN] [1785816093.932025128] [sensing.lidar.concatenate_data]: transformed_raw_points[/sensing/lidar/right/pointcloud_before_sync] is nullptr, skipping pointcloud publish.
[component_container_mt-1] [WARN] [1785816093.932077061] [sensing.lidar.concatenate_data]: transformed_raw_points[/sensing/lidar/left/pointcloud_before_sync] is nullptr, skipping pointcloud publish.
[autoware_ndt_scan_matcher_node-24] [INFO] [1785816093.932789299] [localization.pose_estimator.ndt_scan_matcher]: Mismatch between pose timestamp and current timestamp
[component_container_mt-1] [WARN] [1785816094.032615455] [sensing.lidar.concatenate_data]: transformed_raw_points[/sensing/lidar/right/pointcloud_before_sync] is nullptr, skipping pointcloud publish.
[component_container_mt-1] [WARN] [1785816094.032662841] [sensing.lidar.concatenate_data]: transformed_raw_points[/sensing/lidar/left/pointcloud_before_sync] is nullptr, skipping pointcloud publish.
[autoware_ndt_scan_matcher_node-24] [INFO] [1785816094.033149091] [localization.pose_estimator.ndt_scan_matcher]: Mismatch between pose timestamp and current timestamp
[autoware_mrm_handler_node-13] [INFO] [1785816094.081558711] [system.mrm_handler]: MRM State changed: NORMAL -> MRM_OPERATING
[autoware_mrm_handler_node-13] [WARN] [1785816094.081931079] [system.mrm_handler]: EMERGENCY_STOP is operated.
[component_container_mt-1] [WARN] [1785816094.131419748] [sensing.lidar.concatenate_data]: transformed_raw_points[/sensing/lidar/right/pointcloud_before_sync] is nullptr, skipping pointcloud publish.
[component_container_mt-1] [WARN] [1785816094.131468474] [sensing.lidar.concatenate_data]: transformed_raw_points[/sensing/lidar/left/pointcloud_before_sync] is nullptr, skipping pointcloud publish.
[component_container_mt-47] [WARN] [1785816094.131926853] [control.vehicle_cmd_gate]: Emergency!
[autoware_ndt_scan_matcher_node-24] [INFO] [1785816094.132763806] [localization.pose_estimator.ndt_scan_matcher]: Mismatch between pose timestamp and current timestamp
[autoware_mrm_handler_node-13] [INFO] [1785816094.181276982] [system.mrm_handler]: MRM State changed: MRM_OPERATING -> NORMAL
[autoware_mrm_handler_node-13] [WARN] [1785816094.181481098] [system.mrm_handler]: EMERGENCY_STOP is canceled.
[logging_node-14] [WARN] [1785816094.181787014] [logging_diag_graph]: The target mode is not available for the following reasons:
[logging_node-14] - /autoware/modes/autonomous ERROR
[logging_node-14]     - /autoware/planning ERROR
[logging_node-14]         - /autoware/planning/routing/state ERROR
[logging_node-14]         - [anonymous group] ERROR
[logging_node-14]             - /autoware/planning/topic_rate_check/route ERROR
[logging_node-14]             - /autoware/planning/topic_rate_check/trajectory ERROR
[logging_node-14]     - /autoware/perception ERROR
[logging_node-14]         - /autoware/perception/topic_rate_check/objects ERROR
[logging_node-14]         - /autoware/perception/topic_rate_check/pointcloud ERROR
[logging_node-14]     - /autoware/control ERROR
[logging_node-14]         - /autoware/control/topic_rate_check/trajectory_follower ERROR
[logging_node-14]         - /autoware/control/topic_rate_check/control_command WARN 
[logging_node-14] 
[component_container-7] [INFO] [1785816094.231564273] [system.topic_state_monitor_scenario_planning_trajectory]: /planning/trajectory has not received. Set ERROR in diagnostics.
[component_container_mt-1] [WARN] [1785816094.231601584] [sensing.lidar.concatenate_data]: transformed_raw_points[/sensing/lidar/right/pointcloud_before_sync] is nullptr, skipping pointcloud publish.
[component_container_mt-1] [WARN] [1785816094.231637758] [sensing.lidar.concatenate_data]: transformed_raw_points[/sensing/lidar/left/pointcloud_before_sync] is nullptr, skipping pointcloud publish.
[autoware_ndt_scan_matcher_node-24] [INFO] [1785816094.232245806] [localization.pose_estimator.ndt_scan_matcher]: Mismatch between pose timestamp and current timestamp
[component_container_mt-1] [WARN] [1785816094.331607245] [sensing.lidar.concatenate_data]: transformed_raw_points[/sensing/lidar/right/pointcloud_before_sync] is nullptr, skipping pointcloud publish.
[component_container_mt-1] [WARN] [1785816094.331656032] [sensing.lidar.concatenate_data]: transformed_raw_points[/sensing/lidar/left/pointcloud_before_sync] is nullptr, skipping pointcloud publish.
[autoware_ndt_scan_matcher_node-24] [INFO] [1785816094.333046630] [localization.pose_estimator.ndt_scan_matcher]: Mismatch between pose timestamp and current timestamp
[component_container_mt-1] [WARN] [1785816094.431971913] [sensing.lidar.concatenate_data]: transformed_raw_points[/sensing/lidar/right/pointcloud_before_sync] is nullptr, skipping pointcloud publish.
[component_container_mt-1] [WARN] [1785816094.432013395] [sensing.lidar.concatenate_data]: transformed_raw_points[/sensing/lidar/left/pointcloud_before_sync] is nullptr, skipping pointcloud publish.
[autoware_ndt_scan_matcher_node-24] [INFO] [1785816094.433007564] [localization.pose_estimator.ndt_scan_matcher]: Mismatch between pose timestamp and current timestamp
[component_container_mt-1] [WARN] [1785816094.531717529] [sensing.lidar.concatenate_data]: transformed_raw_points[/sensing/lidar/right/pointcloud_before_sync] is nullptr, skipping pointcloud publish.
[component_container_mt-1] [WARN] [1785816094.531758740] [sensing.lidar.concatenate_data]: transformed_raw_points[/sensing/lidar/left/pointcloud_before_sync] is nullptr, skipping pointcloud publish.
[autoware_ndt_scan_matcher_node-24] [INFO] [1785816094.533641734] [localization.pose_estimator.ndt_scan_matcher]: Mismatch between pose timestamp and current timestamp
[component_container_mt-1] [WARN] [1785816094.631761850] [sensing.lidar.concatenate_data]: transformed_raw_points[/sensing/lidar/right/pointcloud_before_sync] is nullptr, skipping pointcloud publish.
[component_container_mt-1] [WARN] [1785816094.631803975] [sensing.lidar.concatenate_data]: transformed_raw_points[/sensing/lidar/left/pointcloud_before_sync] is nullptr, skipping pointcloud publish.
[gyro_bias_estimator_node-22] [ERROR] [1785816094.633216941] [sensing.imu.gyro_bias_scale_validator]: DT_pose is zero
[component_container_mt-47] [INFO] [1785816094.681777033] [control.trajectory_follower.controller_node_exe]: Waiting for trajectory data
[component_container_mt-47] [INFO] [1785816094.681859255] [control.trajectory_follower.controller_node_exe]: Control is skipped since input data is not ready.
[component_container_mt-1] [WARN] [1785816094.731661628] [sensing.lidar.concatenate_data]: transformed_raw_points[/sensing/lidar/right/pointcloud_before_sync] is nullptr, skipping pointcloud publish.
[component_container_mt-1] [WARN] [1785816094.731707448] [sensing.lidar.concatenate_data]: transformed_raw_points[/sensing/lidar/left/pointcloud_before_sync] is nullptr, skipping pointcloud publish.
[component_container_mt-1] [WARN] [1785816094.831819347] [sensing.lidar.concatenate_data]: transformed_raw_points[/sensing/lidar/right/pointcloud_before_sync] is nullptr, skipping pointcloud publish.
[component_container_mt-1] [WARN] [1785816094.831865213] [sensing.lidar.concatenate_data]: transformed_raw_points[/sensing/lidar/left/pointcloud_before_sync] is nullptr, skipping pointcloud publish.
[component_container_mt-1] [WARN] [1785816094.931731465] [sensing.lidar.concatenate_data]: transformed_raw_points[/sensing/lidar/right/pointcloud_before_sync] is nullptr, skipping pointcloud publish.
[component_container_mt-1] [WARN] [1785816094.931779497] [sensing.lidar.concatenate_data]: transformed_raw_points[/sensing/lidar/left/pointcloud_before_sync] is nullptr, skipping pointcloud publish.
[component_container_mt-40] [INFO] [1785816095.031775228] [planning.scenario_planning.lane_driving.behavior_planning.behavior_path_planner]: waiting for scenario_topic
[component_container_mt-1] [WARN] [1785816095.031969070] [sensing.lidar.concatenate_data]: transformed_raw_points[/sensing/lidar/right/pointcloud_before_sync] is nullptr, skipping pointcloud publish.
[component_container_mt-1] [WARN] [1785816095.032003889] [sensing.lidar.concatenate_data]: transformed_raw_points[/sensing/lidar/left/pointcloud_before_sync] is nullptr, skipping pointcloud publish.
[autoware_mrm_handler_node-13] [INFO] [1785816095.082093865] [system.mrm_handler]: MRM State changed: NORMAL -> MRM_OPERATING
[autoware_mrm_handler_node-13] [WARN] [1785816095.082266203] [system.mrm_handler]: EMERGENCY_STOP is operated.
[component_container_mt-1] [WARN] [1785816095.131899833] [sensing.lidar.concatenate_data]: transformed_raw_points[/sensing/lidar/right/pointcloud_before_sync] is nullptr, skipping pointcloud publish.
[component_container_mt-1] [WARN] [1785816095.131948273] [sensing.lidar.concatenate_data]: transformed_raw_points[/sensing/lidar/left/pointcloud_before_sync] is nullptr, skipping pointcloud publish.
[component_container_mt-47] [WARN] [1785816095.132079466] [control.vehicle_cmd_gate]: Emergency!
[component_container-18] [WARN] [1785816095.139552927] [sensing.lidar.top.crop_box_filter_self]: Invalid PointCloud: is_dense is false. The point cloud should be organized (dense) and contain only valid points. This will be an ERROR starting in 2026 JulyFrame: 'velodyne_top', Stamp: 100.172813733
[autoware_mrm_handler_node-13] [INFO] [1785816095.181866327] [system.mrm_handler]: MRM State changed: MRM_OPERATING -> NORMAL
[autoware_mrm_handler_node-13] [WARN] [1785816095.182193154] [system.mrm_handler]: EMERGENCY_STOP is canceled.
[component_container_mt-1] [WARN] [1785816095.231916522] [sensing.lidar.concatenate_data]: transformed_raw_points[/sensing/lidar/right/pointcloud_before_sync] is nullptr, skipping pointcloud publish.
[component_container_mt-1] [WARN] [1785816095.231962655] [sensing.lidar.concatenate_data]: transformed_raw_points[/sensing/lidar/left/pointcloud_before_sync] is nullptr, skipping pointcloud publish.
[component_container_mt-1] [WARN] [1785816095.331298570] [sensing.lidar.concatenate_data]: transformed_raw_points[/sensing/lidar/right/pointcloud_before_sync] is nullptr, skipping pointcloud publish.
[component_container_mt-1] [WARN] [1785816095.331346649] [sensing.lidar.concatenate_data]: transformed_raw_points[/sensing/lidar/left/pointcloud_before_sync] is nullptr, skipping pointcloud publish.
[component_container_mt-1] [WARN] [1785816095.431959140] [sensing.lidar.concatenate_data]: transformed_raw_points[/sensing/lidar/right/pointcloud_before_sync] is nullptr, skipping pointcloud publish.
[component_container_mt-1] [WARN] [1785816095.432006124] [sensing.lidar.concatenate_data]: transformed_raw_points[/sensing/lidar/left/pointcloud_before_sync] is nullptr, skipping pointcloud publish.
[component_container_mt-1] [WARN] [1785816095.531602790] [sensing.lidar.concatenate_data]: transformed_raw_points[/sensing/lidar/right/pointcloud_before_sync] is nullptr, skipping pointcloud publish.
[component_container_mt-1] [WARN] [1785816095.531649143] [sensing.lidar.concatenate_data]: transformed_raw_points[/sensing/lidar/left/pointcloud_before_sync] is nullptr, skipping pointcloud publish.
[component_container_mt-48] [INFO] [1785816095.531760763] [control.autonomous_emergency_braking]: [AEB] waiting for control predicted trajectory
[component_container_mt-1] [WARN] [1785816095.631937221] [sensing.lidar.concatenate_data]: transformed_raw_points[/sensing/lidar/right/pointcloud_before_sync] is nullptr, skipping pointcloud publish.
[component_container_mt-1] [WARN] [1785816095.631983431] [sensing.lidar.concatenate_data]: transformed_raw_points[/sensing/lidar/left/pointcloud_before_sync] is nullptr, skipping pointcloud publish.
[component_container_mt-1] [WARN] [1785816095.731903471] [sensing.lidar.concatenate_data]: transformed_raw_points[/sensing/lidar/right/pointcloud_before_sync] is nullptr, skipping pointcloud publish.
[component_container_mt-1] [WARN] [1785816095.731950498] [sensing.lidar.concatenate_data]: transformed_raw_points[/sensing/lidar/left/pointcloud_before_sync] is nullptr, skipping pointcloud publish.
[component_container-7] [WARN] [1785816095.782068768] [system.topic_state_monitor_object_recognition_objects]: /perception/object_recognition/objects topic is timeout. Set ERROR in diagnostics.
[component_container_mt-1] [WARN] [1785816095.831941662] [sensing.lidar.concatenate_data]: transformed_raw_points[/sensing/lidar/right/pointcloud_before_sync] is nullptr, skipping pointcloud publish.
[component_container_mt-1] [WARN] [1785816095.831995838] [sensing.lidar.concatenate_data]: transformed_raw_points[/sensing/lidar/left/pointcloud_before_sync] is nullptr, skipping pointcloud publish.
[component_container_mt-47] [INFO] [1785816095.881790057] [control.vehicle_cmd_gate]: The operation mode is changed, but the GearCommand is not received yet:
[component_container_mt-1] [WARN] [1785816095.931738452] [sensing.lidar.concatenate_data]: transformed_raw_points[/sensing/lidar/right/pointcloud_before_sync] is nullptr, skipping pointcloud publish.
[component_container_mt-1] [WARN] [1785816095.931784397] [sensing.lidar.concatenate_data]: transformed_raw_points[/sensing/lidar/left/pointcloud_before_sync] is nullptr, skipping pointcloud publish.
[component_container_mt-1] [WARN] [1785816096.032093116] [sensing.lidar.concatenate_data]: transformed_raw_points[/sensing/lidar/right/pointcloud_before_sync] is nullptr, skipping pointcloud publish.
[component_container_mt-1] [WARN] [1785816096.032141345] [sensing.lidar.concatenate_data]: transformed_raw_points[/sensing/lidar/left/pointcloud_before_sync] is nullptr, skipping pointcloud publish.
[autoware_mrm_handler_node-13] [INFO] [1785816096.081350334] [system.mrm_handler]: MRM State changed: NORMAL -> MRM_OPERATING
[autoware_mrm_handler_node-13] [WARN] [1785816096.081666002] [system.mrm_handler]: EMERGENCY_STOP is operated.
[component_container_mt-47] [WARN] [1785816096.131870359] [control.vehicle_cmd_gate]: Emergency!
[component_container_mt-1] [WARN] [1785816096.132094319] [sensing.lidar.concatenate_data]: transformed_raw_points[/sensing/lidar/right/pointcloud_before_sync] is nullptr, skipping pointcloud publish.
[component_container_mt-1] [WARN] [1785816096.132126352] [sensing.lidar.concatenate_data]: transformed_raw_points[/sensing/lidar/left/pointcloud_before_sync] is nullptr, skipping pointcloud publish.
[autoware_mrm_handler_node-13] [INFO] [1785816096.181532367] [system.mrm_handler]: MRM State changed: MRM_OPERATING -> NORMAL
[autoware_mrm_handler_node-13] [WARN] [1785816096.182587380] [system.mrm_handler]: EMERGENCY_STOP is canceled.
[component_container_mt-1] [WARN] [1785816096.232466707] [sensing.lidar.concatenate_data]: transformed_raw_points[/sensing/lidar/right/pointcloud_before_sync] is nullptr, skipping pointcloud publish.
[component_container_mt-1] [WARN] [1785816096.232510610] [sensing.lidar.concatenate_data]: transformed_raw_points[/sensing/lidar/left/pointcloud_before_sync] is nullptr, skipping pointcloud publish.
[component_container_mt-1] [WARN] [1785816096.332100395] [sensing.lidar.concatenate_data]: transformed_raw_points[/sensing/lidar/right/pointcloud_before_sync] is nullptr, skipping pointcloud publish.
[component_container_mt-1] [WARN] [1785816096.332145925] [sensing.lidar.concatenate_data]: transformed_raw_points[/sensing/lidar/left/pointcloud_before_sync] is nullptr, skipping pointcloud publish.
[component_container_mt-1] [WARN] [1785816096.432277935] [sensing.lidar.concatenate_data]: transformed_raw_points[/sensing/lidar/right/pointcloud_before_sync] is nullptr, skipping pointcloud publish.
[component_container_mt-1] [WARN] [1785816096.432313702] [sensing.lidar.concatenate_data]: transformed_raw_points[/sensing/lidar/left/pointcloud_before_sync] is nullptr, skipping pointcloud publish.
[component_container_mt-1] [WARN] [1785816096.532105422] [sensing.lidar.concatenate_data]: transformed_raw_points[/sensing/lidar/right/pointcloud_before_sync] is nullptr, skipping pointcloud publish.
[component_container_mt-1] [WARN] [1785816096.532147902] [sensing.lidar.concatenate_data]: transformed_raw_points[/sensing/lidar/left/pointcloud_before_sync] is nullptr, skipping pointcloud publish.
[component_container_mt-1] [WARN] [1785816096.631783246] [sensing.lidar.concatenate_data]: transformed_raw_points[/sensing/lidar/right/pointcloud_before_sync] is nullptr, skipping pointcloud publish.
[component_container_mt-1] [WARN] [1785816096.631832756] [sensing.lidar.concatenate_data]: transformed_raw_points[/sensing/lidar/left/pointcloud_before_sync] is nullptr, skipping pointcloud publish.
[component_container_mt-1] [WARN] [1785816096.731687574] [sensing.lidar.concatenate_data]: transformed_raw_points[/sensing/lidar/right/pointcloud_before_sync] is nullptr, skipping pointcloud publish.
[component_container_mt-1] [WARN] [1785816096.731732063] [sensing.lidar.concatenate_data]: transformed_raw_points[/sensing/lidar/left/pointcloud_before_sync] is nullptr, skipping pointcloud publish.
[component_container_mt-1] [WARN] [1785816096.831822698] [sensing.lidar.concatenate_data]: transformed_raw_points[/sensing/lidar/right/pointcloud_before_sync] is nullptr, skipping pointcloud publish.
[component_container_mt-1] [WARN] [1785816096.831869870] [sensing.lidar.concatenate_data]: transformed_raw_points[/sensing/lidar/left/pointcloud_before_sync] is nullptr, skipping pointcloud publish.
[component_container_mt-1] [WARN] [1785816096.932129441] [sensing.lidar.concatenate_data]: transformed_raw_points[/sensing/lidar/right/pointcloud_before_sync] is nullptr, skipping pointcloud publish.
[component_container_mt-1] [WARN] [1785816096.932173282] [sensing.lidar.concatenate_data]: transformed_raw_points[/sensing/lidar/left/pointcloud_before_sync] is nullptr, skipping pointcloud publish.
[component_container_mt-1] [WARN] [1785816097.031959844] [sensing.lidar.concatenate_data]: transformed_raw_points[/sensing/lidar/right/pointcloud_before_sync] is nullptr, skipping pointcloud publish.
[component_container_mt-1] [WARN] [1785816097.032007460] [sensing.lidar.concatenate_data]: transformed_raw_points[/sensing/lidar/left/pointcloud_before_sync] is nullptr, skipping pointcloud publish.
[autoware_mrm_handler_node-13] [INFO] [1785816097.081455388] [system.mrm_handler]: MRM State changed: NORMAL -> MRM_OPERATING
[autoware_mrm_handler_node-13] [WARN] [1785816097.081714479] [system.mrm_handler]: EMERGENCY_STOP is operated.
[component_container_mt-1] [WARN] [1785816097.131304396] [sensing.lidar.concatenate_data]: transformed_raw_points[/sensing/lidar/right/pointcloud_before_sync] is nullptr, skipping pointcloud publish.
[component_container_mt-1] [WARN] [1785816097.131350809] [sensing.lidar.concatenate_data]: transformed_raw_points[/sensing/lidar/left/pointcloud_before_sync] is nullptr, skipping pointcloud publish.
[component_container_mt-47] [WARN] [1785816097.131507519] [control.vehicle_cmd_gate]: Emergency!
[component_container_mt-48] [INFO] [1785816097.131653759] [control.control_validator]: waiting for /planning/trajectory
[logging_node-14] [WARN] [1785816097.181467294] [logging_diag_graph]: The target mode is not available for the following reasons:
[logging_node-14] - /autoware/modes/autonomous ERROR
[logging_node-14]     - /autoware/planning ERROR
[logging_node-14]         - /autoware/planning/routing/state ERROR
[logging_node-14]         - [anonymous group] ERROR
[logging_node-14]             - /autoware/planning/topic_rate_check/route ERROR
[logging_node-14]             - /autoware/planning/topic_rate_check/trajectory ERROR
[logging_node-14]     - /autoware/perception ERROR
[logging_node-14]         - /autoware/perception/topic_rate_check/objects ERROR
[logging_node-14]         - /autoware/perception/topic_rate_check/pointcloud ERROR
[logging_node-14]     - /autoware/control ERROR
[logging_node-14]         - /autoware/control/topic_rate_check/trajectory_follower ERROR
[logging_node-14]         - /autoware/control/topic_rate_check/control_command WARN 
[logging_node-14] 
[autoware_mrm_handler_node-13] [INFO] [1785816097.181525408] [system.mrm_handler]: MRM State changed: MRM_OPERATING -> NORMAL
[autoware_mrm_handler_node-13] [WARN] [1785816097.182574495] [system.mrm_handler]: EMERGENCY_STOP is canceled.
[component_container-7] [INFO] [1785816097.231406744] [system.topic_state_monitor_scenario_planning_trajectory]: /planning/trajectory has not received. Set ERROR in diagnostics.
[component_container_mt-1] [WARN] [1785816097.231826560] [sensing.lidar.concatenate_data]: transformed_raw_points[/sensing/lidar/right/pointcloud_before_sync] is nullptr, skipping pointcloud publish.
[component_container_mt-1] [WARN] [1785816097.231859087] [sensing.lidar.concatenate_data]: transformed_raw_points[/sensing/lidar/left/pointcloud_before_sync] is nullptr, skipping pointcloud publish.
[component_container_mt-48] [INFO] [1785816097.281423913] [control.trajectory_follower.lane_departure_checker_node]: waiting for route msg...
[autoware_scenario_selector_node-36] [INFO] [1785816097.281556569] [planning.scenario_planning.scenario_selector]: Waiting for route.
[component_container_mt-1] [WARN] [1785816097.331686501] [sensing.lidar.concatenate_data]: transformed_raw_points[/sensing/lidar/right/pointcloud_before_sync] is nullptr, skipping pointcloud publish.
[component_container_mt-1] [WARN] [1785816097.331730025] [sensing.lidar.concatenate_data]: transformed_raw_points[/sensing/lidar/left/pointcloud_before_sync] is nullptr, skipping pointcloud publish.
[component_container_mt-1] [WARN] [1785816097.431844643] [sensing.lidar.concatenate_data]: transformed_raw_points[/sensing/lidar/right/pointcloud_before_sync] is nullptr, skipping pointcloud publish.
[component_container_mt-1] [WARN] [1785816097.431895137] [sensing.lidar.concatenate_data]: transformed_raw_points[/sensing/lidar/left/pointcloud_before_sync] is nullptr, skipping pointcloud publish.
[component_container_mt-1] [WARN] [1785816097.531511609] [sensing.lidar.concatenate_data]: transformed_raw_points[/sensing/lidar/right/pointcloud_before_sync] is nullptr, skipping pointcloud publish.
[component_container_mt-1] [WARN] [1785816097.531561138] [sensing.lidar.concatenate_data]: transformed_raw_points[/sensing/lidar/left/pointcloud_before_sync] is nullptr, skipping pointcloud publish.
[component_container_mt-1] [WARN] [1785816097.632091715] [sensing.lidar.concatenate_data]: transformed_raw_points[/sensing/lidar/right/pointcloud_before_sync] is nullptr, skipping pointcloud publish.
[component_container_mt-1] [WARN] [1785816097.632134438] [sensing.lidar.concatenate_data]: transformed_raw_points[/sensing/lidar/left/pointcloud_before_sync] is nullptr, skipping pointcloud publish.
[component_container_mt-1] [WARN] [1785816097.731917163] [sensing.lidar.concatenate_data]: transformed_raw_points[/sensing/lidar/right/pointcloud_before_sync] is nullptr, skipping pointcloud publish.
[component_container_mt-1] [WARN] [1785816097.731966959] [sensing.lidar.concatenate_data]: transformed_raw_points[/sensing/lidar/left/pointcloud_before_sync] is nullptr, skipping pointcloud publish.
[component_container_mt-1] [WARN] [1785816097.831847750] [sensing.lidar.concatenate_data]: transformed_raw_points[/sensing/lidar/right/pointcloud_before_sync] is nullptr, skipping pointcloud publish.
[component_container_mt-1] [WARN] [1785816097.831899004] [sensing.lidar.concatenate_data]: transformed_raw_points[/sensing/lidar/left/pointcloud_before_sync] is nullptr, skipping pointcloud publish.
[component_container_mt-1] [WARN] [1785816097.932181719] [sensing.lidar.concatenate_data]: transformed_raw_points[/sensing/lidar/right/pointcloud_before_sync] is nullptr, skipping pointcloud publish.
[component_container_mt-1] [WARN] [1785816097.932224404] [sensing.lidar.concatenate_data]: transformed_raw_points[/sensing/lidar/left/pointcloud_before_sync] is nullptr, skipping pointcloud publish.
[component_container_mt-1] [WARN] [1785816098.032243962] [sensing.lidar.concatenate_data]: transformed_raw_points[/sensing/lidar/right/pointcloud_before_sync] is nullptr, skipping pointcloud publish.
[component_container_mt-1] [WARN] [1785816098.032284749] [sensing.lidar.concatenate_data]: transformed_raw_points[/sensing/lidar/left/pointcloud_before_sync] is nullptr, skipping pointcloud publish.
[autoware_mrm_handler_node-13] [INFO] [1785816098.082095328] [system.mrm_handler]: MRM State changed: NORMAL -> MRM_OPERATING
[autoware_mrm_handler_node-13] [WARN] [1785816098.082920955] [system.mrm_handler]: EMERGENCY_STOP is operated.
[component_container_mt-1] [WARN] [1785816098.131847600] [sensing.lidar.concatenate_data]: transformed_raw_points[/sensing/lidar/right/pointcloud_before_sync] is nullptr, skipping pointcloud publish.
[component_container_mt-1] [WARN] [1785816098.131902073] [sensing.lidar.concatenate_data]: transformed_raw_points[/sensing/lidar/left/pointcloud_before_sync] is nullptr, skipping pointcloud publish.
[autoware_mrm_handler_node-13] [INFO] [1785816098.181399175] [system.mrm_handler]: MRM State changed: MRM_OPERATING -> NORMAL
[autoware_mrm_handler_node-13] [WARN] [1785816098.181862482] [system.mrm_handler]: EMERGENCY_STOP is canceled.
[component_container_mt-1] [WARN] [1785816098.231538829] [sensing.lidar.concatenate_data]: transformed_raw_points[/sensing/lidar/right/pointcloud_before_sync] is nullptr, skipping pointcloud publish.
[component_container_mt-1] [WARN] [1785816098.231585280] [sensing.lidar.concatenate_data]: transformed_raw_points[/sensing/lidar/left/pointcloud_before_sync] is nullptr, skipping pointcloud publish.
[component_container_mt-1] [WARN] [1785816098.331600275] [sensing.lidar.concatenate_data]: transformed_raw_points[/sensing/lidar/right/pointcloud_before_sync] is nullptr, skipping pointcloud publish.
[component_container_mt-1] [WARN] [1785816098.331645311] [sensing.lidar.concatenate_data]: transformed_raw_points[/sensing/lidar/left/pointcloud_before_sync] is nullptr, skipping pointcloud publish.
[component_container_mt-1] [WARN] [1785816098.431709846] [sensing.lidar.concatenate_data]: transformed_raw_points[/sensing/lidar/right/pointcloud_before_sync] is nullptr, skipping pointcloud publish.
[component_container_mt-1] [WARN] [1785816098.431757250] [sensing.lidar.concatenate_data]: transformed_raw_points[/sensing/lidar/left/pointcloud_before_sync] is nullptr, skipping pointcloud publish.
[component_container_mt-1] [WARN] [1785816098.531676374] [sensing.lidar.concatenate_data]: transformed_raw_points[/sensing/lidar/right/pointcloud_before_sync] is nullptr, skipping pointcloud publish.
[component_container_mt-1] [WARN] [1785816098.531726973] [sensing.lidar.concatenate_data]: transformed_raw_points[/sensing/lidar/left/pointcloud_before_sync] is nullptr, skipping pointcloud publish.
[component_container_mt-1] [WARN] [1785816098.631842408] [sensing.lidar.concatenate_data]: transformed_raw_points[/sensing/lidar/right/pointcloud_before_sync] is nullptr, skipping pointcloud publish.
[component_container_mt-1] [WARN] [1785816098.631887033] [sensing.lidar.concatenate_data]: transformed_raw_points[/sensing/lidar/left/pointcloud_before_sync] is nullptr, skipping pointcloud publish.
[component_container_mt-1] [WARN] [1785816098.732433542] [sensing.lidar.concatenate_data]: transformed_raw_points[/sensing/lidar/right/pointcloud_before_sync] is nullptr, skipping pointcloud publish.
[component_container_mt-1] [WARN] [1785816098.732498176] [sensing.lidar.concatenate_data]: transformed_raw_points[/sensing/lidar/left/pointcloud_before_sync] is nullptr, skipping pointcloud publish.
[component_container-7] [WARN] [1785816098.781677652] [system.topic_state_monitor_obstacle_segmentation_pointcloud]: /perception/obstacle_segmentation/pointcloud topic is timeout. Set ERROR in diagnostics.
[component_container_mt-1] [WARN] [1785816098.831936720] [sensing.lidar.concatenate_data]: transformed_raw_points[/sensing/lidar/right/pointcloud_before_sync] is nullptr, skipping pointcloud publish.
[component_container_mt-1] [WARN] [1785816098.832030005] [sensing.lidar.concatenate_data]: transformed_raw_points[/sensing/lidar/left/pointcloud_before_sync] is nullptr, skipping pointcloud publish.
[component_container_mt-1] [WARN] [1785816098.931979798] [sensing.lidar.concatenate_data]: transformed_raw_points[/sensing/lidar/right/pointcloud_before_sync] is nullptr, skipping pointcloud publish.
[component_container_mt-1] [WARN] [1785816098.932022080] [sensing.lidar.concatenate_data]: transformed_raw_points[/sensing/lidar/left/pointcloud_before_sync] is nullptr, skipping pointcloud publish.
[component_container_mt-1] [WARN] [1785816099.031528091] [sensing.lidar.concatenate_data]: transformed_raw_points[/sensing/lidar/right/pointcloud_before_sync] is nullptr, skipping pointcloud publish.
[component_container_mt-1] [WARN] [1785816099.031595974] [sensing.lidar.concatenate_data]: transformed_raw_points[/sensing/lidar/left/pointcloud_before_sync] is nullptr, skipping pointcloud publish.
[autoware_mrm_handler_node-13] [INFO] [1785816099.081469194] [system.mrm_handler]: MRM State changed: NORMAL -> MRM_OPERATING
[autoware_mrm_handler_node-13] [WARN] [1785816099.081956291] [system.mrm_handler]: EMERGENCY_STOP is operated.
[component_container_mt-1] [WARN] [1785816099.131720125] [sensing.lidar.concatenate_data]: transformed_raw_points[/sensing/lidar/right/pointcloud_before_sync] is nullptr, skipping pointcloud publish.
[component_container_mt-1] [WARN] [1785816099.131769752] [sensing.lidar.concatenate_data]: transformed_raw_points[/sensing/lidar/left/pointcloud_before_sync] is nullptr, skipping pointcloud publish.
[component_container_mt-47] [WARN] [1785816099.131986705] [control.vehicle_cmd_gate]: Emergency!
[autoware_mrm_handler_node-13] [INFO] [1785816099.181457332] [system.mrm_handler]: MRM State changed: MRM_OPERATING -> NORMAL
[autoware_mrm_handler_node-13] [WARN] [1785816099.181681898] [system.mrm_handler]: EMERGENCY_STOP is canceled.
[component_container_mt-1] [WARN] [1785816099.231315033] [sensing.lidar.concatenate_data]: transformed_raw_points[/sensing/lidar/right/pointcloud_before_sync] is nullptr, skipping pointcloud publish.
[component_container_mt-1] [WARN] [1785816099.231364132] [sensing.lidar.concatenate_data]: transformed_raw_points[/sensing/lidar/left/pointcloud_before_sync] is nullptr, skipping pointcloud publish.
[component_container_mt-1] [WARN] [1785816099.331400056] [sensing.lidar.concatenate_data]: transformed_raw_points[/sensing/lidar/right/pointcloud_before_sync] is nullptr, skipping pointcloud publish.
[component_container_mt-1] [WARN] [1785816099.331449419] [sensing.lidar.concatenate_data]: transformed_raw_points[/sensing/lidar/left/pointcloud_before_sync] is nullptr, skipping pointcloud publish.
[component_container_mt-1] [WARN] [1785816099.431659386] [sensing.lidar.concatenate_data]: transformed_raw_points[/sensing/lidar/right/pointcloud_before_sync] is nullptr, skipping pointcloud publish.
[component_container_mt-1] [WARN] [1785816099.431706724] [sensing.lidar.concatenate_data]: transformed_raw_points[/sensing/lidar/left/pointcloud_before_sync] is nullptr, skipping pointcloud publish.
[component_container_mt-1] [WARN] [1785816099.531639244] [sensing.lidar.concatenate_data]: transformed_raw_points[/sensing/lidar/right/pointcloud_before_sync] is nullptr, skipping pointcloud publish.
[component_container_mt-1] [WARN] [1785816099.531684865] [sensing.lidar.concatenate_data]: transformed_raw_points[/sensing/lidar/left/pointcloud_before_sync] is nullptr, skipping pointcloud publish.
[component_container_mt-1] [WARN] [1785816099.631580423] [sensing.lidar.concatenate_data]: transformed_raw_points[/sensing/lidar/right/pointcloud_before_sync] is nullptr, skipping pointcloud publish.
[component_container_mt-1] [WARN] [1785816099.631631628] [sensing.lidar.concatenate_data]: transformed_raw_points[/sensing/lidar/left/pointcloud_before_sync] is nullptr, skipping pointcloud publish.
[component_container_mt-47] [INFO] [1785816099.681804909] [control.trajectory_follower.controller_node_exe]: Waiting for trajectory data
[component_container_mt-47] [INFO] [1785816099.681851985] [control.trajectory_follower.controller_node_exe]: Control is skipped since input data is not ready.
[component_container_mt-1] [WARN] [1785816099.732314828] [sensing.lidar.concatenate_data]: transformed_raw_points[/sensing/lidar/right/pointcloud_before_sync] is nullptr, skipping pointcloud publish.
[component_container_mt-1] [WARN] [1785816099.732351219] [sensing.lidar.concatenate_data]: transformed_raw_points[/sensing/lidar/left/pointcloud_before_sync] is nullptr, skipping pointcloud publish.
[component_container_mt-1] [WARN] [1785816099.831762633] [sensing.lidar.concatenate_data]: transformed_raw_points[/sensing/lidar/right/pointcloud_before_sync] is nullptr, skipping pointcloud publish.
[component_container_mt-1] [WARN] [1785816099.831806384] [sensing.lidar.concatenate_data]: transformed_raw_points[/sensing/lidar/left/pointcloud_before_sync] is nullptr, skipping pointcloud publish.
[component_container_mt-1] [WARN] [1785816099.932198420] [sensing.lidar.concatenate_data]: transformed_raw_points[/sensing/lidar/right/pointcloud_before_sync] is nullptr, skipping pointcloud publish.
[component_container_mt-1] [WARN] [1785816099.932236621] [sensing.lidar.concatenate_data]: transformed_raw_points[/sensing/lidar/left/pointcloud_before_sync] is nullptr, skipping pointcloud publish.
[component_container_mt-40] [INFO] [1785816100.031924203] [planning.scenario_planning.lane_driving.behavior_planning.behavior_path_planner]: waiting for scenario_topic
[component_container_mt-1] [WARN] [1785816100.032347649] [sensing.lidar.concatenate_data]: transformed_raw_points[/sensing/lidar/right/pointcloud_before_sync] is nullptr, skipping pointcloud publish.
[component_container_mt-1] [WARN] [1785816100.032381125] [sensing.lidar.concatenate_data]: transformed_raw_points[/sensing/lidar/left/pointcloud_before_sync] is nullptr, skipping pointcloud publish.
[component_container_mt-47] [INFO] [1785816100.077784386] [rclcpp]: signal_handler(SIGINT/SIGTERM)
[control_evaluator-49] [INFO] [1785816100.077794248] [rclcpp]: signal_handler(SIGINT/SIGTERM)
[routing_adaptor_node-52] [INFO] [1785816100.077817146] [rclcpp]: signal_handler(SIGINT/SIGTERM)
[component_container_mt-1] [INFO] [1785816100.077826676] [rclcpp]: signal_handler(SIGINT/SIGTERM)
[component_container_mt-48] [INFO] [1785816100.077833059] [rclcpp]: signal_handler(SIGINT/SIGTERM)
[autoware_pipeline_latency_monitor_node-5] [INFO] [1785816100.077890135] [rclcpp]: signal_handler(SIGINT/SIGTERM)
[aggregator_node-10] [INFO] [1785816100.077890040] [rclcpp]: signal_handler(SIGINT/SIGTERM)
[component_container_mt-42] [INFO] [1785816100.077913814] [rclcpp]: signal_handler(SIGINT/SIGTERM)
[robot_state_publisher-2] [INFO] [1785816100.077917295] [rclcpp]: signal_handler(SIGINT/SIGTERM)
[planning_evaluator-44] [INFO] [1785816100.077914585] [rclcpp]: signal_handler(SIGINT/SIGTERM)
[component_container_mt-50] [INFO] [1785816100.077920100] [rclcpp]: signal_handler(SIGINT/SIGTERM)
[autoware_remaining_distance_time_calculator_node-45] [INFO] [1785816100.077922673] [rclcpp]: signal_handler(SIGINT/SIGTERM)
[external_velocity_limit_selector-37] [INFO] [1785816100.077921008] [rclcpp]: signal_handler(SIGINT/SIGTERM)
[imu_corrector_node-21] [INFO] [1785816100.077977261] [rclcpp]: signal_handler(SIGINT/SIGTERM)
[component_container-38] [INFO] [1785816100.078089272] [rclcpp]: signal_handler(SIGINT/SIGTERM)
[component_container-9] [INFO] [1785816100.078162314] [rclcpp]: signal_handler(SIGINT/SIGTERM)
[processing_time_checker_node-4] [INFO] [1785816100.078200527] [rclcpp]: signal_handler(SIGINT/SIGTERM)
[relay-46] [INFO] [1785816100.078206886] [rclcpp]: signal_handler(SIGINT/SIGTERM)
[autoware_ekf_localizer_node-28] [INFO] [1785816100.078235842] [rclcpp]: signal_handler(SIGINT/SIGTERM)
[initial_pose_adaptor_node-51] [INFO] [1785816100.078224325] [rclcpp]: signal_handler(SIGINT/SIGTERM)
[component_container_mt-43] [INFO] [1785816100.078238620] [rclcpp]: signal_handler(SIGINT/SIGTERM)
[autoware_scenario_selector_node-36] [INFO] [1785816100.078273823] [rclcpp]: signal_handler(SIGINT/SIGTERM)
[component_container_mt-41] [INFO] [1785816100.078402482] [rclcpp]: signal_handler(SIGINT/SIGTERM)
[component_container-8] [INFO] [1785816100.078553473] [rclcpp]: signal_handler(SIGINT/SIGTERM)
[map_hash_generator-16] Traceback (most recent call last):
[map_hash_generator-16]   File "/opt/autoware/lib/autoware_map_loader/map_hash_generator", line 109, in <module>
[map_hash_generator-16]     main()
[map_hash_generator-16]   File "/opt/autoware/lib/autoware_map_loader/map_hash_generator", line 103, in main
[map_hash_generator-16]     rclpy.spin(node)
[map_hash_generator-16]   File "/opt/ros/humble/local/lib/python3.10/dist-packages/rclpy/__init__.py", line 229, in spin
[map_hash_generator-16]     executor.spin_once()
[map_hash_generator-16]   File "/opt/ros/humble/local/lib/python3.10/dist-packages/rclpy/executors.py", line 808, in spin_once
[autoware_hazard_lights_selector_node-39] [INFO] [1785816100.078600911] [rclcpp]: signal_handler(SIGINT/SIGTERM)
[autoware_automatic_pose_initializer_node-27] [INFO] [1785816100.078679292] [rclcpp]: signal_handler(SIGINT/SIGTERM)
[goal_pose_visualizer-35] [INFO] [1785816100.078701636] [rclcpp]: signal_handler(SIGINT/SIGTERM)
[map_hash_generator-16]     self._spin_once_impl(timeout_sec)
[map_hash_generator-16]   File "/opt/ros/humble/local/lib/python3.10/dist-packages/rclpy/executors.py", line 797, in _spin_once_impl
[map_hash_generator-16]     handler, entity, node = self.wait_for_ready_callbacks(timeout_sec=timeout_sec)
[map_hash_generator-16]   File "/opt/ros/humble/local/lib/python3.10/dist-packages/rclpy/executors.py", line 780, in wait_for_ready_callbacks
[map_hash_generator-16]     return next(self._cb_iter)
[map_hash_generator-16]   File "/opt/ros/humble/local/lib/python3.10/dist-packages/rclpy/executors.py", line 681, in _wait_for_ready_callbacks
[map_hash_generator-16]     raise ExternalShutdownException()
[map_hash_generator-16] rclpy.executors.ExternalShutdownException
[autoware_pose_initializer_node-26] [INFO] [1785816100.078918499] [rclcpp]: signal_handler(SIGINT/SIGTERM)
[INFO] [goal_pose_visualizer-35]: process has finished cleanly [pid 898]
[component_container-20] [INFO] [1785816100.078959943] [rclcpp]: signal_handler(SIGINT/SIGTERM)
[autoware_mrm_handler_node-13] [INFO] [1785816100.079238002] [rclcpp]: signal_handler(SIGINT/SIGTERM)
[autoware_map_projection_loader_node-17] [INFO] [1785816100.079275465] [rclcpp]: signal_handler(SIGINT/SIGTERM)
[autoware_manual_lane_change_handler_node-33] [INFO] [1785816100.079284550] [rclcpp]: signal_handler(SIGINT/SIGTERM)
[autoware_ndt_scan_matcher_node-24] [INFO] [1785816100.079314765] [rclcpp]: signal_handler(SIGINT/SIGTERM)
[component_container_mt-40] [INFO] [1785816100.079328890] [rclcpp]: signal_handler(SIGINT/SIGTERM)
[component_container_mt-34] [INFO] [1785816100.079333911] [rclcpp]: signal_handler(SIGINT/SIGTERM)
[autoware_localization_error_monitor_node-32] [INFO] [1785816100.079465061] [rclcpp]: signal_handler(SIGINT/SIGTERM)
[autoware_gyro_odometer_node-25] [INFO] [1785816100.079526545] [rclcpp]: signal_handler(SIGINT/SIGTERM)
[autoware_duplicated_node_checker_node-3] [INFO] [1785816100.079629927] [rclcpp]: signal_handler(SIGINT/SIGTERM)
[component_container-19] [INFO] [1785816100.079772694] [rclcpp]: signal_handler(SIGINT/SIGTERM)
[component_container_mt-15] [INFO] [1785816100.079830357] [rclcpp]: signal_handler(SIGINT/SIGTERM)
[component_container-18] [INFO] [1785816100.079905116] [rclcpp]: signal_handler(SIGINT/SIGTERM)
[autoware_stop_filter_node-29] [INFO] [1785816100.079970862] [rclcpp]: signal_handler(SIGINT/SIGTERM)
[converter_node-11] [INFO] [1785816100.080066575] [rclcpp]: signal_handler(SIGINT/SIGTERM)
[gyro_bias_estimator_node-22] [INFO] [1785816100.080460064] [rclcpp]: signal_handler(SIGINT/SIGTERM)
[autoware_vehicle_velocity_converter_node-23] [INFO] [1785816100.081005793] [rclcpp]: signal_handler(SIGINT/SIGTERM)
[autoware_twist2accel_node-30] [INFO] [1785816100.081420465] [rclcpp]: signal_handler(SIGINT/SIGTERM)
[service_log_checker_node-6] [INFO] [1785816100.083193340] [rclcpp]: signal_handler(SIGINT/SIGTERM)
[component_container-7] [INFO] [1785816100.083507021] [rclcpp]: signal_handler(SIGINT/SIGTERM)
[logging_node-14] [INFO] [1785816100.090058407] [rclcpp]: signal_handler(SIGINT/SIGTERM)
[autoware_hazard_status_converter_node-12] [INFO] [1785816100.099079898] [rclcpp]: signal_handler(SIGINT/SIGTERM)
[INFO] [component_container-8]: process has finished cleanly [pid 513]
[INFO] [autoware_map_projection_loader_node-17]: process has finished cleanly [pid 742]
[INFO] [autoware_pipeline_latency_monitor_node-5]: process has finished cleanly [pid 507]
[INFO] [autoware_scenario_selector_node-36]: process has finished cleanly [pid 915]
[INFO] [autoware_manual_lane_change_handler_node-33]: process has finished cleanly [pid 879]
[INFO] [autoware_duplicated_node_checker_node-3]: process has finished cleanly [pid 503]
[component_container_mt-34] *** Aborted at 1785816100 (unix time) try "date -d @1785816100" if you are using GNU date ***
[component_container_mt-34] PC: @                0x0 (unknown)
[component_container_mt-34] *** SIGSEGV (@0x71d7706a0de0) received by PID 889 (TID 0x71d7999f6f40) from PID 1885998560; stack trace: ***
[component_container_mt-34]     @     0x71d79452d4d6 google::(anonymous namespace)::FailureSignalHandler()
[component_container_mt-34]     @     0x71d799cf7520 (unknown)
[INFO] [autoware_automatic_pose_initializer_node-27]: process has finished cleanly [pid 829]
[INFO] [service_log_checker_node-6]: process has finished cleanly [pid 509]
[component_container_mt-34]     @     0x71d79a23ab31 rclcpp::CallbackGroup::~CallbackGroup()
[component_container_mt-34]     @     0x71d79a235d3a (unknown)
[component_container_mt-34]     @     0x71d79a264001 rclcpp::node_interfaces::NodeBase::~NodeBase()
[component_container_mt-34]     @     0x71d79a2640ba (unknown)
[INFO] [autoware_hazard_status_converter_node-12]: process has finished cleanly [pid 521]
[component_container_mt-34]     @     0x71d79a235d3a (unknown)
[component_container_mt-34]     @     0x71d79a25ab2f rclcpp::Node::~Node()
[ERROR] [map_hash_generator-16]: process has died [pid 740, exit code 1, cmd '/opt/autoware/lib/autoware_map_loader/map_hash_generator --ros-args -r __node:=map_hash_generator -r __ns:=/map -p use_sim_time:=True -p wheel_radius:=0.383 -p wheel_width:=0.235 -p wheel_base:=2.79 -p wheel_tread:=1.64 -p front_overhang:=1.0 -p rear_overhang:=1.1 -p left_overhang:=0.128 -p right_overhang:=0.128 -p vehicle_height:=2.5 -p max_steer_angle:=0.7 -p use_sim_time:=True -p use_sim_time:=True --params-file /tmp/launch_params_3rc226c6 --params-file /tmp/launch_params_q41sylbh'].
[INFO] [autoware_remaining_distance_time_calculator_node-45]: process has finished cleanly [pid 1051]
[component_container_mt-34]     @     0x71d79a37110a (unknown)
[component_container_mt-34]     @     0x71d79a3716a8 rclcpp_components::ComponentManager::~ComponentManager()
[component_container_mt-34]     @     0x62a9512e7bf4 (unknown)
[component_container_mt-34]     @     0x62a9512e76b9 (unknown)
[component_container_mt-34]     @     0x71d799cded90 (unknown)
[component_container_mt-34]     @     0x71d799cdee40 __libc_start_main
[component_container_mt-34]     @     0x62a9512e7975 (unknown)
[ERROR] [component_container_mt-1]: process has died [pid 499, exit code -11, cmd '/opt/ros/humble/lib/rclcpp_components/component_container_mt --ros-args -r __node:=pointcloud_container -r __ns:=/ -p use_sim_time:=True -p wheel_radius:=0.383 -p wheel_width:=0.235 -p wheel_base:=2.79 -p wheel_tread:=1.64 -p front_overhang:=1.0 -p rear_overhang:=1.1 -p left_overhang:=0.128 -p right_overhang:=0.128 -p vehicle_height:=2.5 -p max_steer_angle:=0.7'].
[ERROR] [component_container_mt-34]: process has died [pid 889, exit code -11, cmd '/opt/ros/humble/lib/rclcpp_components/component_container_mt --ros-args -r __node:=mission_planner_container -r __ns:=/planning/mission_planning -p use_sim_time:=True -p wheel_radius:=0.383 -p wheel_width:=0.235 -p wheel_base:=2.79 -p wheel_tread:=1.64 -p front_overhang:=1.0 -p rear_overhang:=1.1 -p left_overhang:=0.128 -p right_overhang:=0.128 -p vehicle_height:=2.5 -p max_steer_angle:=0.7 -p use_sim_time:=True -p use_sim_time:=True -p use_sim_time:=True -p wheel_radius:=0.383 -p wheel_width:=0.235 -p wheel_base:=2.79 -p wheel_tread:=1.64 -p front_overhang:=1.0 -p rear_overhang:=1.1 -p left_overhang:=0.128 -p right_overhang:=0.128 -p vehicle_height:=2.5 -p max_steer_angle:=0.7 -p use_sim_time:=True -p wheel_radius:=0.383 -p wheel_width:=0.235 -p wheel_base:=2.79 -p wheel_tread:=1.64 -p front_overhang:=1.0 -p rear_overhang:=1.1 -p left_overhang:=0.128 -p right_overhang:=0.128 -p vehicle_height:=2.5 -p max_steer_angle:=0.7 -p use_sim_time:=True -p wheel_radius:=0.383 -p wheel_width:=0.235 -p wheel_base:=2.79 -p wheel_tread:=1.64 -p front_overhang:=1.0 -p rear_overhang:=1.1 -p left_overhang:=0.128 -p right_overhang:=0.128 -p vehicle_height:=2.5 -p max_steer_angle:=0.7'].
[component_container_mt-41] *** Aborted at 1785816100 (unix time) try "date -d @1785816100" if you are using GNU date ***
[component_container_mt-41] PC: @                0x0 (unknown)
[component_container_mt-41] *** SIGSEGV (@0x72456cfde5e8) received by PID 1015 (TID 0x7245c6067f40) from PID 1828578792; stack trace: ***
[component_container_mt-41]     @     0x72455556c4d6 google::(anonymous namespace)::FailureSignalHandler()
[component_container_mt-41]     @     0x7245c6368520 (unknown)
[component_container_mt-41]     @     0x7245c68abb31 rclcpp::CallbackGroup::~CallbackGroup()
[component_container_mt-41]     @     0x7245c68a6d3a (unknown)
[component_container_mt-40] Warning: class_loader.ClassLoader: SEVERE WARNING!!! Attempting to unload library while objects created by this loader exist in the heap! You should delete your objects before attempting to unload the library or destroying the ClassLoader. The library will NOT be unloaded.
[component_container_mt-40]          at line 127 in ./src/class_loader.cpp
[component_container_mt-40] Warning: class_loader.ClassLoader: SEVERE WARNING!!! Attempting to unload library while objects created by this loader exist in the heap! You should delete your objects before attempting to unload the library or destroying the ClassLoader. The library will NOT be unloaded.
[component_container_mt-40]          at line 127 in ./src/class_loader.cpp
[component_container_mt-40] Warning: class_loader.ClassLoader: SEVERE WARNING!!! Attempting to unload library while objects created by this loader exist in the heap! You should delete your objects before attempting to unload the library or destroying the ClassLoader. The library will NOT be unloaded.
[component_container_mt-40]          at line 127 in ./src/class_loader.cpp
[component_container_mt-40] Warning: class_loader.ClassLoader: SEVERE WARNING!!! Attempting to unload library while objects created by this loader exist in the heap! You should delete your objects before attempting to unload the library or destroying the ClassLoader. The library will NOT be unloaded.
[component_container_mt-40]          at line 127 in ./src/class_loader.cpp
[component_container_mt-40] Warning: class_loader.ClassLoader: SEVERE WARNING!!! Attempting to unload library while objects created by this loader exist in the heap! You should delete your objects before attempting to unload the library or destroying the ClassLoader. The library will NOT be unloaded.
[component_container_mt-40]          at line 127 in ./src/class_loader.cpp
[component_container_mt-40] Warning: class_loader.ClassLoader: SEVERE WARNING!!! Attempting to unload library while objects created by this loader exist in the heap! You should delete your objects before attempting to unload the library or destroying the ClassLoader. The library will NOT be unloaded.
[component_container_mt-40]          at line 127 in ./src/class_loader.cpp
[component_container_mt-40] Warning: class_loader.ClassLoader: SEVERE WARNING!!! Attempting to unload library while objects created by this loader exist in the heap! You should delete your objects before attempting to unload the library or destroying the ClassLoader. The library will NOT be unloaded.
[component_container_mt-40]          at line 127 in ./src/class_loader.cpp
[component_container_mt-41]     @     0x7245c68d5001 rclcpp::node_interfaces::NodeBase::~NodeBase()
[component_container_mt-41]     @     0x7245c68d50ba (unknown)
[component_container_mt-41]     @     0x7245c68a6d3a (unknown)
[component_container_mt-41]     @     0x7245c68cbb2f rclcpp::Node::~Node()
[component_container_mt-41]     @     0x7245c69e210a (unknown)
[component_container_mt-41]     @     0x7245c69e26a8 rclcpp_components::ComponentManager::~ComponentManager()
[component_container_mt-41]     @     0x57fcab6ebbf4 (unknown)
[component_container_mt-41]     @     0x57fcab6eb6b9 (unknown)
[component_container_mt-41]     @     0x7245c634fd90 (unknown)
[component_container_mt-41]     @     0x7245c634fe40 __libc_start_main
[component_container_mt-41]     @     0x57fcab6eb975 (unknown)
[ERROR] [component_container_mt-41]: process has died [pid 1015, exit code -11, cmd '/opt/ros/humble/lib/rclcpp_components/component_container_mt --ros-args -r __node:=motion_planning_container -r __ns:=/planning/scenario_planning/lane_driving/motion_planning -p use_sim_time:=True -p wheel_radius:=0.383 -p wheel_width:=0.235 -p wheel_base:=2.79 -p wheel_tread:=1.64 -p front_overhang:=1.0 -p rear_overhang:=1.1 -p left_overhang:=0.128 -p right_overhang:=0.128 -p vehicle_height:=2.5 -p max_steer_angle:=0.7 -p use_sim_time:=True -p use_sim_time:=True -p use_sim_time:=True -p wheel_radius:=0.383 -p wheel_width:=0.235 -p wheel_base:=2.79 -p wheel_tread:=1.64 -p front_overhang:=1.0 -p rear_overhang:=1.1 -p left_overhang:=0.128 -p right_overhang:=0.128 -p vehicle_height:=2.5 -p max_steer_angle:=0.7 -p use_sim_time:=True -p wheel_radius:=0.383 -p wheel_width:=0.235 -p wheel_base:=2.79 -p wheel_tread:=1.64 -p front_overhang:=1.0 -p rear_overhang:=1.1 -p left_overhang:=0.128 -p right_overhang:=0.128 -p vehicle_height:=2.5 -p max_steer_angle:=0.7 -p use_sim_time:=True -p wheel_radius:=0.383 -p wheel_width:=0.235 -p wheel_base:=2.79 -p wheel_tread:=1.64 -p front_overhang:=1.0 -p rear_overhang:=1.1 -p left_overhang:=0.128 -p right_overhang:=0.128 -p vehicle_height:=2.5 -p max_steer_angle:=0.7'].
[INFO] [autoware_hazard_lights_selector_node-39]: process has finished cleanly [pid 1010]
[INFO] [logging_node-14]: process has finished cleanly [pid 525]
[INFO] [relay-46]: process has finished cleanly [pid 1053]
[INFO] [control_evaluator-49]: process has finished cleanly [pid 1118]
[INFO] [gyro_bias_estimator_node-22]: process has finished cleanly [pid 786]
[INFO] [aggregator_node-10]: process has finished cleanly [pid 517]
[INFO] [converter_node-11]: process has finished cleanly [pid 519]
[INFO] [component_container_mt-42]: process has finished cleanly [pid 1026]
[INFO] [external_velocity_limit_selector-37]: process has finished cleanly [pid 1000]
[INFO] [autoware_pose_initializer_node-26]: process has finished cleanly [pid 826]
[INFO] [autoware_vehicle_velocity_converter_node-23]: process has finished cleanly [pid 788]
[INFO] [processing_time_checker_node-4]: process has finished cleanly [pid 505]
[INFO] [component_container_mt-43]: process has finished cleanly [pid 1044]
[INFO] [autoware_mrm_handler_node-13]: process has finished cleanly [pid 523]
[INFO] [autoware_ekf_localizer_node-28]: process has finished cleanly [pid 840]
[INFO] [autoware_twist2accel_node-30]: process has finished cleanly [pid 854]
[INFO] [autoware_stop_filter_node-29]: process has finished cleanly [pid 842]
[INFO] [autoware_localization_error_monitor_node-32]: process has finished cleanly [pid 873]
[INFO] [routing_adaptor_node-52]: process has finished cleanly [pid 1133]
[INFO] [initial_pose_adaptor_node-51]: process has finished cleanly [pid 1125]
[INFO] [autoware_gyro_odometer_node-25]: process has finished cleanly [pid 816]
[INFO] [robot_state_publisher-2]: process has finished cleanly [pid 501]
[INFO] [component_container-9]: process has finished cleanly [pid 515]
[INFO] [planning_evaluator-44]: process has finished cleanly [pid 1049]
[INFO] [component_container_mt-15]: process has finished cleanly [pid 531]
[INFO] [imu_corrector_node-21]: process has finished cleanly [pid 784]
[INFO] [autoware_ndt_scan_matcher_node-24]: process has finished cleanly [pid 794]
[INFO] [component_container-18]: process has finished cleanly [pid 744]
[INFO] [component_container-38]: process has finished cleanly [pid 1006]
[INFO] [component_container-19]: process has finished cleanly [pid 746]
[INFO] [component_container-20]: process has finished cleanly [pid 781]
[INFO] [component_container_mt-48]: process has finished cleanly [pid 1069]
[INFO] [component_container_mt-47]: process has finished cleanly [pid 1055]
[INFO] [component_container-7]: process has finished cleanly [pid 511]
[INFO] [component_container_mt-40]: process has finished cleanly [pid 1013]
[INFO] [component_container_mt-50]: process has finished cleanly [pid 1120]
