[INFO] [launch]: All log files can be found below /root/.ros/log/2026-08-01-13-45-09-991997-youtalk-desktop-119
[INFO] [launch]: Default logging verbosity is set to INFO
[INFO] [component_container_mt-1]: process started with pid [426]
[INFO] [robot_state_publisher-2]: process started with pid [428]
[INFO] [autoware_duplicated_node_checker_node-3]: process started with pid [430]
[INFO] [processing_time_checker_node-4]: process started with pid [432]
[INFO] [autoware_pipeline_latency_monitor_node-5]: process started with pid [434]
[INFO] [service_log_checker_node-6]: process started with pid [436]
[INFO] [component_container-7]: process started with pid [438]
[INFO] [component_container-8]: process started with pid [440]
[INFO] [component_container-9]: process started with pid [442]
[INFO] [aggregator_node-10]: process started with pid [444]
[INFO] [converter_node-11]: process started with pid [485]
[INFO] [autoware_hazard_status_converter_node-12]: process started with pid [487]
[INFO] [autoware_mrm_handler_node-13]: process started with pid [489]
[INFO] [logging_node-14]: process started with pid [491]
[INFO] [component_container_mt-15]: process started with pid [510]
[INFO] [map_hash_generator-16]: process started with pid [516]
[INFO] [autoware_map_projection_loader_node-17]: process started with pid [518]
[INFO] [component_container-18]: process started with pid [520]
[INFO] [component_container-19]: process started with pid [522]
[INFO] [component_container-20]: process started with pid [524]
[INFO] [imu_corrector_node-21]: process started with pid [530]
[INFO] [gyro_bias_estimator_node-22]: process started with pid [548]
[INFO] [autoware_vehicle_velocity_converter_node-23]: process started with pid [572]
[INFO] [autoware_ndt_scan_matcher_node-24]: process started with pid [596]
[INFO] [autoware_gyro_odometer_node-25]: process started with pid [612]
[INFO] [autoware_pose_initializer_node-26]: process started with pid [625]
[INFO] [autoware_automatic_pose_initializer_node-27]: process started with pid [639]
[INFO] [autoware_ekf_localizer_node-28]: process started with pid [645]
[INFO] [autoware_stop_filter_node-29]: process started with pid [656]
[INFO] [autoware_twist2accel_node-30]: process started with pid [660]
[INFO] [autoware_pose_instability_detector_node-31]: process started with pid [668]
[INFO] [autoware_localization_error_monitor_node-32]: process started with pid [734]
[INFO] [autoware_manual_lane_change_handler_node-33]: process started with pid [747]
[INFO] [component_container_mt-34]: process started with pid [756]
[INFO] [goal_pose_visualizer-35]: process started with pid [758]
[INFO] [autoware_scenario_selector_node-36]: process started with pid [765]
[INFO] [external_velocity_limit_selector-37]: process started with pid [770]
[INFO] [component_container-38]: process started with pid [788]
[INFO] [autoware_hazard_lights_selector_node-39]: process started with pid [796]
[INFO] [component_container_mt-40]: process started with pid [801]
[INFO] [component_container_mt-41]: process started with pid [806]
[INFO] [component_container_mt-42]: process started with pid [808]
[INFO] [component_container_mt-43]: process started with pid [813]
[INFO] [planning_evaluator-44]: process started with pid [825]
[INFO] [autoware_remaining_distance_time_calculator_node-45]: process started with pid [830]
[INFO] [relay-46]: process started with pid [836]
[INFO] [component_container_mt-47]: process started with pid [850]
[INFO] [component_container_mt-48]: process started with pid [856]
[INFO] [control_evaluator-49]: process started with pid [861]
[INFO] [component_container_mt-50]: process started with pid [874]
[INFO] [initial_pose_adaptor_node-51]: process started with pid [906]
[INFO] [routing_adaptor_node-52]: process started with pid [916]
[autoware_map_projection_loader_node-17] Load /autoware_map/town10-regen/map_projector_info.yaml
[component_container_mt-1] [INFO] [1785591917.690174896] [pointcloud_container]: Load Library: /opt/autoware/lib/libautoware_glog_component.so
[component_container_mt-1] [INFO] [1785591917.699892341] [pointcloud_container]: Found class: rclcpp_components::NodeFactoryTemplate<autoware::glog_component::GlogComponent>
[component_container_mt-1] [INFO] [1785591917.700102305] [pointcloud_container]: Instantiate class: rclcpp_components::NodeFactoryTemplate<autoware::glog_component::GlogComponent>
[robot_state_publisher-2] [INFO] [1785591917.635663651] [robot_state_publisher]: got segment base_link
[robot_state_publisher-2] [INFO] [1785591917.637839234] [robot_state_publisher]: got segment camera0/camera_link
[robot_state_publisher-2] [INFO] [1785591917.637929066] [robot_state_publisher]: got segment camera0/camera_optical_link
[robot_state_publisher-2] [INFO] [1785591917.638109806] [robot_state_publisher]: got segment camera1/camera_link
[robot_state_publisher-2] [INFO] [1785591917.638127117] [robot_state_publisher]: got segment camera1/camera_optical_link
[robot_state_publisher-2] [INFO] [1785591917.638131346] [robot_state_publisher]: got segment camera2/camera_link
[robot_state_publisher-2] [INFO] [1785591917.638135157] [robot_state_publisher]: got segment camera2/camera_optical_link
[robot_state_publisher-2] [INFO] [1785591917.638139108] [robot_state_publisher]: got segment camera3/camera_link
[robot_state_publisher-2] [INFO] [1785591917.638143225] [robot_state_publisher]: got segment camera3/camera_optical_link
[robot_state_publisher-2] [INFO] [1785591917.638146754] [robot_state_publisher]: got segment camera4/camera_link
[robot_state_publisher-2] [INFO] [1785591917.638150358] [robot_state_publisher]: got segment camera4/camera_optical_link
[robot_state_publisher-2] [INFO] [1785591917.638153815] [robot_state_publisher]: got segment camera5/camera_link
[robot_state_publisher-2] [INFO] [1785591917.638157528] [robot_state_publisher]: got segment camera5/camera_optical_link
[robot_state_publisher-2] [INFO] [1785591917.638227257] [robot_state_publisher]: got segment gnss_link
[robot_state_publisher-2] [INFO] [1785591917.638231105] [robot_state_publisher]: got segment sensor_kit_base_link
[robot_state_publisher-2] [INFO] [1785591917.638261212] [robot_state_publisher]: got segment tamagawa/imu_link
[robot_state_publisher-2] [INFO] [1785591917.638265406] [robot_state_publisher]: got segment traffic_light_left_camera/camera_link
[robot_state_publisher-2] [INFO] [1785591917.638269445] [robot_state_publisher]: got segment traffic_light_left_camera/camera_optical_link
[robot_state_publisher-2] [INFO] [1785591917.638273402] [robot_state_publisher]: got segment traffic_light_right_camera/camera_link
[robot_state_publisher-2] [INFO] [1785591917.638276978] [robot_state_publisher]: got segment traffic_light_right_camera/camera_optical_link
[robot_state_publisher-2] [INFO] [1785591917.638280839] [robot_state_publisher]: got segment velodyne_left
[robot_state_publisher-2] [INFO] [1785591917.638387262] [robot_state_publisher]: got segment velodyne_left_base_link
[robot_state_publisher-2] [INFO] [1785591917.638392033] [robot_state_publisher]: got segment velodyne_rear
[robot_state_publisher-2] [INFO] [1785591917.638429681] [robot_state_publisher]: got segment velodyne_rear_base_link
[robot_state_publisher-2] [INFO] [1785591917.638433939] [robot_state_publisher]: got segment velodyne_right
[robot_state_publisher-2] [INFO] [1785591917.638437449] [robot_state_publisher]: got segment velodyne_right_base_link
[robot_state_publisher-2] [INFO] [1785591917.638441194] [robot_state_publisher]: got segment velodyne_top
[robot_state_publisher-2] [INFO] [1785591917.638444980] [robot_state_publisher]: got segment velodyne_top_base_link
[autoware_pipeline_latency_monitor_node-5] [INFO] [1785591917.678056067] [system.pipeline_latency_monitor]: PipelineLatencyMonitorNode initialized
[imu_corrector_node-21] [INFO] [1785591917.686489023] [sensing.imu.imu_corrector]: correct_for_static_bias: true
[imu_corrector_node-21] [INFO] [1785591917.686627287] [sensing.imu.imu_corrector]: correct_for_dynamic_bias: false
[imu_corrector_node-21] [INFO] [1785591917.686635323] [sensing.imu.imu_corrector]: correct_for_scale: false
[autoware_mrm_handler_node-13] [INFO] [1785591917.833133231] [system.mrm_handler]: waiting for operation_mode_availability msg...
[gyro_bias_estimator_node-22] [WARN] [1785591917.863768637] [sensing.imu.gyro_bias_scale_validator]: failed to get transform from tamagawa/imu_link to base_link: "tamagawa/imu_link" passed to lookupTransform argument target_frame does not exist. 
[gyro_bias_estimator_node-22] [ERROR] [1785591917.863986176] [sensing.imu.gyro_bias_scale_validator]: Please publish TF base_link to tamagawa/imu_link
[component_container_mt-1] [WARN] [1785591918.222607295] [pointcloud_container.rclcpp]: failed to send response to /pointcloud_container/_container/load_node (timeout): client will not receive response, at ./src/rmw_response.cpp:154, at ./src/rcl/service.c:314
[autoware_ekf_localizer_node-28] [WARN] [1785591918.637774444] [localization.pose_twist_fusion_filter.ekf_localizer]: The node is not activated. Provide initial pose to pose_initializer
[autoware_scenario_selector_node-36] [INFO] [1785591918.682659201] [planning.scenario_planning.scenario_selector]: Waiting for current pose.
[component_container-8] [INFO] [1785591918.877946220] [system.mrm_comfortable_stop_operator.mrm_comfortable_stop_operator_container]: Load Library: /opt/autoware/lib/libautoware_mrm_comfortable_stop_operator_component.so
[component_container-8] [INFO] [1785591918.880350981] [system.mrm_comfortable_stop_operator.mrm_comfortable_stop_operator_container]: Found class: rclcpp_components::NodeFactoryTemplate<autoware::mrm_comfortable_stop_operator::MrmComfortableStopOperator>
[component_container-8] [INFO] [1785591918.880383997] [system.mrm_comfortable_stop_operator.mrm_comfortable_stop_operator_container]: Instantiate class: rclcpp_components::NodeFactoryTemplate<autoware::mrm_comfortable_stop_operator::MrmComfortableStopOperator>
[component_container_mt-15] [INFO] [1785591918.918673639] [map.map_container]: Load Library: /opt/autoware/lib/libpointcloud_map_loader_node.so
[component_container-19] [INFO] [1785591919.095054418] [sensing.lidar.left.pointcloud_preprocessor.pointcloud_container]: Load Library: /opt/autoware/lib/libautoware_glog_component.so
[component_container-19] [INFO] [1785591919.106481789] [sensing.lidar.left.pointcloud_preprocessor.pointcloud_container]: Found class: rclcpp_components::NodeFactoryTemplate<autoware::glog_component::GlogComponent>
[component_container-19] [INFO] [1785591919.108032165] [sensing.lidar.left.pointcloud_preprocessor.pointcloud_container]: Instantiate class: rclcpp_components::NodeFactoryTemplate<autoware::glog_component::GlogComponent>
[component_container_mt-15] [INFO] [1785591919.115494584] [map.map_container]: Found class: rclcpp_components::NodeFactoryTemplate<autoware::map_loader::PointCloudMapLoaderNode>
[component_container_mt-15] [INFO] [1785591919.115540283] [map.map_container]: Instantiate class: rclcpp_components::NodeFactoryTemplate<autoware::map_loader::PointCloudMapLoaderNode>
[INFO] [launch_ros.actions.load_composable_nodes]: Loaded node '/system/mrm_comfortable_stop_operator' in container '/system/mrm_comfortable_stop_operator/mrm_comfortable_stop_operator_container'
[component_container_mt-40] [INFO] [1785591919.149550153] [planning.scenario_planning.lane_driving.behavior_planning.behavior_planning_container]: Load Library: /opt/autoware/lib/libautoware_behavior_path_planner_lib.so
[component_container_mt-40] [INFO] [1785591919.194260264] [planning.scenario_planning.lane_driving.behavior_planning.behavior_planning_container]: Found class: rclcpp_components::NodeFactoryTemplate<autoware::behavior_path_planner::BehaviorPathPlannerNode>
[component_container_mt-40] [INFO] [1785591919.194320366] [planning.scenario_planning.lane_driving.behavior_planning.behavior_planning_container]: Instantiate class: rclcpp_components::NodeFactoryTemplate<autoware::behavior_path_planner::BehaviorPathPlannerNode>
[component_container-18] [INFO] [1785591919.238160834] [sensing.lidar.top.pointcloud_preprocessor.pointcloud_container]: Load Library: /opt/autoware/lib/libautoware_glog_component.so
[component_container-18] [INFO] [1785591919.238897346] [sensing.lidar.top.pointcloud_preprocessor.pointcloud_container]: Found class: rclcpp_components::NodeFactoryTemplate<autoware::glog_component::GlogComponent>
[component_container-18] [INFO] [1785591919.238913068] [sensing.lidar.top.pointcloud_preprocessor.pointcloud_container]: Instantiate class: rclcpp_components::NodeFactoryTemplate<autoware::glog_component::GlogComponent>
[INFO] [launch_ros.actions.load_composable_nodes]: Loaded node '/sensing/lidar/left/glog_component' in container '/sensing/lidar/left/pointcloud_preprocessor/pointcloud_container'
[component_container-7] [INFO] [1785591919.257635454] [system.component_state_monitor.container]: Load Library: /opt/autoware/lib/libautoware_topic_state_monitor.so
[component_container-9] [INFO] [1785591919.257840040] [system.mrm_emergency_stop_operator.mrm_emergency_stop_operator_container]: Load Library: /opt/autoware/lib/libautoware_mrm_emergency_stop_operator_component.so
[component_container-9] [INFO] [1785591919.260447856] [system.mrm_emergency_stop_operator.mrm_emergency_stop_operator_container]: Found class: rclcpp_components::NodeFactoryTemplate<autoware::mrm_emergency_stop_operator::MrmEmergencyStopOperator>
[component_container-9] [INFO] [1785591919.260483472] [system.mrm_emergency_stop_operator.mrm_emergency_stop_operator_container]: Instantiate class: rclcpp_components::NodeFactoryTemplate<autoware::mrm_emergency_stop_operator::MrmEmergencyStopOperator>
[component_container-7] [INFO] [1785591919.260624877] [system.component_state_monitor.container]: Found class: rclcpp_components::NodeFactoryTemplate<autoware::topic_state_monitor::TopicStateMonitorNode>
[component_container-7] [INFO] [1785591919.260655607] [system.component_state_monitor.container]: Instantiate class: rclcpp_components::NodeFactoryTemplate<autoware::topic_state_monitor::TopicStateMonitorNode>
[component_container-20] [INFO] [1785591919.264689237] [sensing.lidar.right.pointcloud_preprocessor.pointcloud_container]: Load Library: /opt/autoware/lib/libautoware_glog_component.so
[component_container-20] [INFO] [1785591919.265415268] [sensing.lidar.right.pointcloud_preprocessor.pointcloud_container]: Found class: rclcpp_components::NodeFactoryTemplate<autoware::glog_component::GlogComponent>
[component_container-20] [INFO] [1785591919.265429355] [sensing.lidar.right.pointcloud_preprocessor.pointcloud_container]: Instantiate class: rclcpp_components::NodeFactoryTemplate<autoware::glog_component::GlogComponent>
[component_container_mt-34] [INFO] [1785591919.264795630] [planning.mission_planning.mission_planner_container]: Load Library: /opt/autoware/lib/libautoware_mission_planner_universe_component.so
[component_container_mt-34] [INFO] [1785591919.290119161] [planning.mission_planning.mission_planner_container]: Found class: rclcpp_components::NodeFactoryTemplate<autoware::mission_planner_universe::MissionPlanner>
[component_container_mt-34] [INFO] [1785591919.290172049] [planning.mission_planning.mission_planner_container]: Instantiate class: rclcpp_components::NodeFactoryTemplate<autoware::mission_planner_universe::MissionPlanner>
[INFO] [launch_ros.actions.load_composable_nodes]: Loaded node '/sensing/lidar/right/glog_component' in container '/sensing/lidar/right/pointcloud_preprocessor/pointcloud_container'
[INFO] [launch_ros.actions.load_composable_nodes]: Loaded node '/sensing/lidar/top/glog_component' in container '/sensing/lidar/top/pointcloud_preprocessor/pointcloud_container'
[INFO] [launch_ros.actions.load_composable_nodes]: Loaded node '/system/topic_state_monitor_vector_map' in container '/system/component_state_monitor/container'
[component_container-7] [INFO] [1785591919.345173327] [system.component_state_monitor.container]: Load Library: /opt/autoware/lib/libautoware_component_state_monitor.so
[component_container-7] [INFO] [1785591919.347495364] [system.component_state_monitor.container]: Found class: rclcpp_components::NodeFactoryTemplate<autoware::component_state_monitor::StateMonitor>
[component_container-7] [INFO] [1785591919.347533470] [system.component_state_monitor.container]: Instantiate class: rclcpp_components::NodeFactoryTemplate<autoware::component_state_monitor::StateMonitor>
[INFO] [launch_ros.actions.load_composable_nodes]: Loaded node '/map/pointcloud_map_loader' in container '/map/map_container'
[INFO] [launch_ros.actions.load_composable_nodes]: Loaded node '/system/mrm_emergency_stop_operator' in container '/system/mrm_emergency_stop_operator/mrm_emergency_stop_operator_container'
[component_container_mt-42] [INFO] [1785591919.362321922] [planning.scenario_planning.parking.parking_container]: Load Library: /opt/autoware/lib/libcostmap_generator_node.so
[component_container_mt-43] [INFO] [1785591919.365378859] [planning.planning_validator_container]: Load Library: /opt/autoware/lib/libautoware_glog_component.so
[component_container_mt-43] [INFO] [1785591919.368508123] [planning.planning_validator_container]: Found class: rclcpp_components::NodeFactoryTemplate<autoware::glog_component::GlogComponent>
[component_container_mt-43] [INFO] [1785591919.368554219] [planning.planning_validator_container]: Instantiate class: rclcpp_components::NodeFactoryTemplate<autoware::glog_component::GlogComponent>
[component_container_mt-1] [INFO] [1785591919.374072151] [pointcloud_container]: Load Library: /opt/autoware/lib/libpointcloud_preprocessor_filter.so
[component_container-38] [INFO] [1785591919.374195391] [planning.scenario_planning.velocity_smoother_container]: Load Library: /opt/autoware/lib/libautoware_velocity_smoother_node.so
[autoware_mrm_handler_node-13] [INFO] [1785591919.382366919] [system.mrm_handler]: waiting for mrm comfortable stop to become available...
[component_container-38] [INFO] [1785591919.383943620] [planning.scenario_planning.velocity_smoother_container]: Found class: rclcpp_components::NodeFactoryTemplate<autoware::velocity_smoother::VelocitySmootherNode>
[component_container-38] [INFO] [1785591919.383983799] [planning.scenario_planning.velocity_smoother_container]: Instantiate class: rclcpp_components::NodeFactoryTemplate<autoware::velocity_smoother::VelocitySmootherNode>
[INFO] [launch_ros.actions.load_composable_nodes]: Loaded node '/planning/glog_component' in container '/planning/planning_validator_container'
[component_container_mt-47] [INFO] [1785591919.424372605] [control.control_container]: Load Library: /opt/autoware/lib/libautoware_glog_component.so
[component_container_mt-47] [INFO] [1785591919.425275060] [control.control_container]: Found class: rclcpp_components::NodeFactoryTemplate<autoware::glog_component::GlogComponent>
[component_container_mt-47] [INFO] [1785591919.425301719] [control.control_container]: Instantiate class: rclcpp_components::NodeFactoryTemplate<autoware::glog_component::GlogComponent>
[component_container_mt-42] [INFO] [1785591919.433493262] [planning.scenario_planning.parking.parking_container]: Found class: rclcpp_components::NodeFactoryTemplate<autoware::costmap_generator::CostmapGenerator>
[component_container_mt-42] [INFO] [1785591919.433553074] [planning.scenario_planning.parking.parking_container]: Instantiate class: rclcpp_components::NodeFactoryTemplate<autoware::costmap_generator::CostmapGenerator>
[component_container-7] [INFO] [1785591919.450273624] [system.topic_state_monitor_vector_map]: /map/vector_map has not received. Set ERROR in diagnostics.
[INFO] [launch_ros.actions.load_composable_nodes]: Loaded node '/system/component_state_monitor/component' in container '/system/component_state_monitor/container'
[component_container-7] [INFO] [1785591919.450963686] [system.component_state_monitor.container]: Found class: rclcpp_components::NodeFactoryTemplate<autoware::topic_state_monitor::TopicStateMonitorNode>
[component_container-7] [INFO] [1785591919.450987704] [system.component_state_monitor.container]: Instantiate class: rclcpp_components::NodeFactoryTemplate<autoware::topic_state_monitor::TopicStateMonitorNode>
[INFO] [launch_ros.actions.load_composable_nodes]: Loaded node '/planning/mission_planning/mission_planner' in container '/planning/mission_planning/mission_planner_container'
[component_container_mt-1] [INFO] [1785591919.473623188] [pointcloud_container]: Found class: rclcpp_components::NodeFactoryTemplate<autoware::pointcloud_preprocessor::ApproximateDownsampleFilterComponent>
[component_container_mt-1] [INFO] [1785591919.473669680] [pointcloud_container]: Found class: rclcpp_components::NodeFactoryTemplate<autoware::pointcloud_preprocessor::BlockageDiagComponent>
[component_container_mt-1] [INFO] [1785591919.473675600] [pointcloud_container]: Found class: rclcpp_components::NodeFactoryTemplate<autoware::pointcloud_preprocessor::CropBoxFilterComponent>
[component_container_mt-1] [INFO] [1785591919.473679582] [pointcloud_container]: Instantiate class: rclcpp_components::NodeFactoryTemplate<autoware::pointcloud_preprocessor::CropBoxFilterComponent>
[INFO] [launch_ros.actions.load_composable_nodes]: Loaded node '/control/glog_control_container_component' in container '/control/control_container'
[component_container_mt-47] [INFO] [1785591919.478738139] [control.control_container]: Load Library: /opt/autoware/lib/libcontroller_node.so
[component_container_mt-47] [INFO] [1785591919.488364038] [control.control_container]: Found class: rclcpp_components::NodeFactoryTemplate<autoware::motion::control::trajectory_follower_node::Controller>
[component_container_mt-47] [INFO] [1785591919.488409201] [control.control_container]: Instantiate class: rclcpp_components::NodeFactoryTemplate<autoware::motion::control::trajectory_follower_node::Controller>
[component_container-7] [INFO] [1785591919.509270594] [system.component_state_monitor.container]: Found class: rclcpp_components::NodeFactoryTemplate<autoware::topic_state_monitor::TopicStateMonitorNode>
[component_container-7] [INFO] [1785591919.509319617] [system.component_state_monitor.container]: Instantiate class: rclcpp_components::NodeFactoryTemplate<autoware::topic_state_monitor::TopicStateMonitorNode>
[INFO] [launch_ros.actions.load_composable_nodes]: Loaded node '/system/topic_state_monitor_pointcloud_map' in container '/system/component_state_monitor/container'
[component_container_mt-48] [INFO] [1785591919.514442855] [control.control_check_container]: Load Library: /opt/autoware/lib/libautoware_glog_component.so
[component_container_mt-48] [INFO] [1785591919.515386450] [control.control_check_container]: Found class: rclcpp_components::NodeFactoryTemplate<autoware::glog_component::GlogComponent>
[component_container_mt-48] [INFO] [1785591919.515413635] [control.control_check_container]: Instantiate class: rclcpp_components::NodeFactoryTemplate<autoware::glog_component::GlogComponent>
[INFO] [launch_ros.actions.load_composable_nodes]: Loaded node '/planning/scenario_planning/parking/costmap_generator' in container '/planning/scenario_planning/parking/parking_container'
[component_container_mt-34] [INFO] [1785591919.533342970] [planning.mission_planning.mission_planner]: waiting lanelet map... Route API is not ready.
[INFO] [launch_ros.actions.load_composable_nodes]: Loaded node '/planning/scenario_planning/velocity_smoother' in container '/planning/scenario_planning/velocity_smoother_container'
[INFO] [launch_ros.actions.load_composable_nodes]: Loaded node '/localization/util/crop_box_filter_measurement_range' in container '/pointcloud_container'
[component_container_mt-1] [INFO] [1785591919.543371935] [pointcloud_container]: Found class: rclcpp_components::NodeFactoryTemplate<autoware::pointcloud_preprocessor::ApproximateDownsampleFilterComponent>
[component_container_mt-1] [INFO] [1785591919.543426453] [pointcloud_container]: Found class: rclcpp_components::NodeFactoryTemplate<autoware::pointcloud_preprocessor::BlockageDiagComponent>
[component_container_mt-1] [INFO] [1785591919.543432299] [pointcloud_container]: Found class: rclcpp_components::NodeFactoryTemplate<autoware::pointcloud_preprocessor::CropBoxFilterComponent>
[component_container_mt-1] [INFO] [1785591919.543436156] [pointcloud_container]: Found class: rclcpp_components::NodeFactoryTemplate<autoware::pointcloud_preprocessor::DistortionCorrectorComponent>
[component_container_mt-1] [INFO] [1785591919.543440115] [pointcloud_container]: Found class: rclcpp_components::NodeFactoryTemplate<autoware::pointcloud_preprocessor::DualReturnOutlierFilterComponent>
[component_container_mt-1] [INFO] [1785591919.543443886] [pointcloud_container]: Found class: rclcpp_components::NodeFactoryTemplate<autoware::pointcloud_preprocessor::Lanelet2MapFilterComponent>
[component_container_mt-1] [INFO] [1785591919.543447415] [pointcloud_container]: Found class: rclcpp_components::NodeFactoryTemplate<autoware::pointcloud_preprocessor::PassThroughFilterComponent>
[component_container_mt-1] [INFO] [1785591919.543450869] [pointcloud_container]: Found class: rclcpp_components::NodeFactoryTemplate<autoware::pointcloud_preprocessor::PassThroughFilterUInt16Component>
[component_container_mt-1] [INFO] [1785591919.543454233] [pointcloud_container]: Found class: rclcpp_components::NodeFactoryTemplate<autoware::pointcloud_preprocessor::PickupBasedVoxelGridDownsampleFilterComponent>
[component_container_mt-1] [INFO] [1785591919.543457959] [pointcloud_container]: Found class: rclcpp_components::NodeFactoryTemplate<autoware::pointcloud_preprocessor::PointCloudConcatenateDataSynchronizerComponent>
[component_container_mt-1] [INFO] [1785591919.543461567] [pointcloud_container]: Instantiate class: rclcpp_components::NodeFactoryTemplate<autoware::pointcloud_preprocessor::PointCloudConcatenateDataSynchronizerComponent>
[component_container_mt-48] [INFO] [1785591919.564351674] [control.control_check_container]: Load Library: /opt/autoware/lib/libautoware_lane_departure_checker.so
[INFO] [launch_ros.actions.load_composable_nodes]: Loaded node '/control/glog_control_check_container_component' in container '/control/control_check_container'
[component_container-7] [INFO] [1785591919.574849231] [system.component_state_monitor.container]: Found class: rclcpp_components::NodeFactoryTemplate<autoware::topic_state_monitor::TopicStateMonitorNode>
[component_container-7] [INFO] [1785591919.574894313] [system.component_state_monitor.container]: Instantiate class: rclcpp_components::NodeFactoryTemplate<autoware::topic_state_monitor::TopicStateMonitorNode>
[INFO] [launch_ros.actions.load_composable_nodes]: Loaded node '/system/topic_state_monitor_obstacle_segmentation_pointcloud' in container '/system/component_state_monitor/container'
[component_container_mt-48] [INFO] [1785591919.576935990] [control.control_check_container]: Found class: rclcpp_components::NodeFactoryTemplate<autoware::lane_departure_checker::LaneDepartureCheckerNode>
[component_container_mt-48] [INFO] [1785591919.576978999] [control.control_check_container]: Instantiate class: rclcpp_components::NodeFactoryTemplate<autoware::lane_departure_checker::LaneDepartureCheckerNode>
[component_container_mt-42] [ERROR] [1785591919.583115249] [planning.scenario_planning.parking.costmap_generator]: "map" passed to lookupTransform argument target_frame does not exist. 
[logging_node-14] [WARN] [1785591919.583397629] [logging_diag_graph]: The target mode is not available for the following reasons:
[logging_node-14] - /autoware/modes/autonomous ERROR
[logging_node-14]     - /autoware/map ERROR
[logging_node-14]         - /autoware/map/topic_rate_check/vector_map ERROR
[logging_node-14]         - /autoware/map/topic_rate_check/pointcloud_map STALE
[logging_node-14]     - /autoware/localization ERROR
[logging_node-14]         - /autoware/localization/state STALE
[logging_node-14]         - [anonymous group] ERROR
[logging_node-14]             - /autoware/localization/topic_rate_check/transform STALE
[logging_node-14]             - /autoware/localization/topic_rate_check/pose_twist_fusion STALE
[logging_node-14]             - /autoware/localization/scan_matching_status STALE
[logging_node-14]             - /autoware/localization/accuracy STALE
[logging_node-14]             - /autoware/localization/sensor_fusion_status WARN 
[logging_node-14]     - /autoware/planning ERROR
[logging_node-14]         - /autoware/planning/routing/state STALE
[logging_node-14]         - [anonymous group] ERROR
[logging_node-14]             - /autoware/planning/topic_rate_check/route STALE
[logging_node-14]             - /autoware/planning/topic_rate_check/trajectory STALE
[logging_node-14]             - /autoware/planning/trajectory_validation ERROR
[logging_node-14]     - /autoware/perception ERROR
[logging_node-14]         - /autoware/perception/topic_rate_check/objects STALE
[logging_node-14]         - /autoware/perception/topic_rate_check/pointcloud STALE
[logging_node-14]     - /autoware/control ERROR
[logging_node-14]         - /autoware/control/topic_rate_check/trajectory_follower STALE
[logging_node-14]         - /autoware/control/topic_rate_check/control_command STALE
[logging_node-14]         - /autoware/control/node_alive_monitoring/command_gate ERROR
[logging_node-14]             - /autoware/control/node_alive_monitoring/vehicle_cmd_gate STALE
[logging_node-14]             - /autoware/control/node_alive_monitoring/control_command_gate STALE
[logging_node-14]         - /autoware/control/emergency_braking STALE
[logging_node-14]         - /autoware/control/performance_monitoring/lane_departure STALE
[logging_node-14]         - /autoware/control/performance_monitoring/control_state STALE
[logging_node-14]     - /autoware/vehicle ERROR
[logging_node-14]         - /autoware/vehicle/topic_rate_check/velocity STALE
[logging_node-14]         - /autoware/vehicle/topic_rate_check/steering STALE
[logging_node-14]     - /autoware/system ERROR
[logging_node-14]         - /autoware/system/topic_rate_check/emergency_control_command STALE
[logging_node-14]         - /autoware/system/emergency_stop_operation ERROR
[logging_node-14]             - /autoware/system/emergency_stop_operation/vehicle_cmd_gate STALE
[logging_node-14]             - /autoware/system/emergency_stop_operation/control_command_gate STALE
[logging_node-14]     - /adapi/mrm_request/delegate STALE
[logging_node-14] 
[component_container_mt-1] [INFO] [1785591919.613662628] [sensing.lidar.concatenate_data]: Utilize advanced matching strategy
[INFO] [launch_ros.actions.load_composable_nodes]: Loaded node '/adapi/node/interface' in container '/adapi/container'
[component_container-19] [INFO] [1785591919.673040134] [sensing.lidar.left.pointcloud_preprocessor.pointcloud_container]: Load Library: /opt/autoware/lib/libpointcloud_preprocessor_filter.so
[autoware_mrm_handler_node-13] [INFO] [1785591919.683063218] [system.mrm_handler]: waiting for mrm emergency stop to become available...
[INFO] [launch_ros.actions.load_composable_nodes]: Loaded node '/sensing/lidar/concatenate_data' in container 'pointcloud_container'
[component_container-20] [INFO] [1785591919.688886510] [sensing.lidar.right.pointcloud_preprocessor.pointcloud_container]: Load Library: /opt/autoware/lib/libpointcloud_preprocessor_filter.so
[INFO] [launch_ros.actions.load_composable_nodes]: Loaded node '/control/trajectory_follower/lane_departure_checker_node' in container '/control/control_check_container'
[component_container_mt-48] [INFO] [1785591919.709098341] [control.control_check_container]: Load Library: /opt/autoware/lib/libautoware_control_validator_component.so
[component_container_mt-48] [INFO] [1785591919.715264589] [control.control_check_container]: Found class: rclcpp_components::NodeFactoryTemplate<autoware::control_validator::ControlValidator>
[component_container_mt-48] [INFO] [1785591919.715312399] [control.control_check_container]: Instantiate class: rclcpp_components::NodeFactoryTemplate<autoware::control_validator::ControlValidator>
[component_container-18] [INFO] [1785591919.716664277] [sensing.lidar.top.pointcloud_preprocessor.pointcloud_container]: Load Library: /opt/autoware/lib/libpointcloud_preprocessor_filter.so
[INFO] [launch_ros.actions.load_composable_nodes]: Loaded node '/control/trajectory_follower/controller_node_exe' in container '/control/control_container'
[component_container_mt-47] [INFO] [1785591919.724345664] [control.control_container]: Load Library: /opt/autoware/lib/libautoware_external_cmd_selector_node.so
[component_container_mt-15] [INFO] [1785591919.726620465] [map.map_container]: Load Library: /opt/autoware/lib/liblanelet2_map_loader_node.so
[component_container_mt-47] [INFO] [1785591919.729521707] [control.control_container]: Found class: rclcpp_components::NodeFactoryTemplate<autoware::external_cmd_selector::ExternalCmdSelector>
[component_container_mt-47] [INFO] [1785591919.729572106] [control.control_container]: Instantiate class: rclcpp_components::NodeFactoryTemplate<autoware::external_cmd_selector::ExternalCmdSelector>
[component_container_mt-47] [INFO] [1785591919.732643952] [control.trajectory_follower.controller_node_exe]: Waiting for acceleration data
[component_container_mt-47] [INFO] [1785591919.737278479] [control.trajectory_follower.controller_node_exe]: Control is skipped since input data is not ready.
[component_container_mt-15] [INFO] [1785591919.737203381] [map.map_container]: Found class: rclcpp_components::NodeFactoryTemplate<autoware::map_loader::Lanelet2MapLoaderNode>
[component_container_mt-15] [INFO] [1785591919.737240746] [map.map_container]: Instantiate class: rclcpp_components::NodeFactoryTemplate<autoware::map_loader::Lanelet2MapLoaderNode>
[component_container-19] [INFO] [1785591919.775798580] [sensing.lidar.left.pointcloud_preprocessor.pointcloud_container]: Found class: rclcpp_components::NodeFactoryTemplate<autoware::pointcloud_preprocessor::ApproximateDownsampleFilterComponent>
[component_container-19] [INFO] [1785591919.775855881] [sensing.lidar.left.pointcloud_preprocessor.pointcloud_container]: Found class: rclcpp_components::NodeFactoryTemplate<autoware::pointcloud_preprocessor::BlockageDiagComponent>
[component_container-19] [INFO] [1785591919.775861915] [sensing.lidar.left.pointcloud_preprocessor.pointcloud_container]: Found class: rclcpp_components::NodeFactoryTemplate<autoware::pointcloud_preprocessor::CropBoxFilterComponent>
[component_container-19] [INFO] [1785591919.775866501] [sensing.lidar.left.pointcloud_preprocessor.pointcloud_container]: Instantiate class: rclcpp_components::NodeFactoryTemplate<autoware::pointcloud_preprocessor::CropBoxFilterComponent>
[component_container-20] [INFO] [1785591919.781953765] [sensing.lidar.right.pointcloud_preprocessor.pointcloud_container]: Found class: rclcpp_components::NodeFactoryTemplate<autoware::pointcloud_preprocessor::ApproximateDownsampleFilterComponent>
[component_container-20] [INFO] [1785591919.782004443] [sensing.lidar.right.pointcloud_preprocessor.pointcloud_container]: Found class: rclcpp_components::NodeFactoryTemplate<autoware::pointcloud_preprocessor::BlockageDiagComponent>
[component_container-20] [INFO] [1785591919.782010565] [sensing.lidar.right.pointcloud_preprocessor.pointcloud_container]: Found class: rclcpp_components::NodeFactoryTemplate<autoware::pointcloud_preprocessor::CropBoxFilterComponent>
[component_container-20] [INFO] [1785591919.782015249] [sensing.lidar.right.pointcloud_preprocessor.pointcloud_container]: Instantiate class: rclcpp_components::NodeFactoryTemplate<autoware::pointcloud_preprocessor::CropBoxFilterComponent>
[component_container_mt-48] [INFO] [1785591919.782722391] [control.trajectory_follower.lane_departure_checker_node]: waiting for current_twist msg...
[autoware_mrm_handler_node-13] [INFO] [1785591919.785100180] [system.mrm_handler]: MRM State changed: NORMAL -> MRM_OPERATING
[autoware_mrm_handler_node-13] [WARN] [1785591919.785144810] [system.mrm_handler]: no mrm operation available: operate emergency_stop
[autoware_mrm_handler_node-13] [WARN] [1785591919.786404649] [system.mrm_handler]: EMERGENCY_STOP is operated.
[component_container-18] [INFO] [1785591919.803537517] [sensing.lidar.top.pointcloud_preprocessor.pointcloud_container]: Found class: rclcpp_components::NodeFactoryTemplate<autoware::pointcloud_preprocessor::ApproximateDownsampleFilterComponent>
[component_container-18] [INFO] [1785591919.803586456] [sensing.lidar.top.pointcloud_preprocessor.pointcloud_container]: Found class: rclcpp_components::NodeFactoryTemplate<autoware::pointcloud_preprocessor::BlockageDiagComponent>
[component_container-18] [INFO] [1785591919.803594362] [sensing.lidar.top.pointcloud_preprocessor.pointcloud_container]: Found class: rclcpp_components::NodeFactoryTemplate<autoware::pointcloud_preprocessor::CropBoxFilterComponent>
[component_container-18] [INFO] [1785591919.803599156] [sensing.lidar.top.pointcloud_preprocessor.pointcloud_container]: Instantiate class: rclcpp_components::NodeFactoryTemplate<autoware::pointcloud_preprocessor::CropBoxFilterComponent>
[component_container-7] [INFO] [1785591919.805073292] [system.component_state_monitor.container]: Found class: rclcpp_components::NodeFactoryTemplate<autoware::topic_state_monitor::TopicStateMonitorNode>
[component_container-7] [INFO] [1785591919.805106092] [system.component_state_monitor.container]: Instantiate class: rclcpp_components::NodeFactoryTemplate<autoware::topic_state_monitor::TopicStateMonitorNode>
[INFO] [launch_ros.actions.load_composable_nodes]: Loaded node '/system/topic_state_monitor_object_recognition_objects' in container '/system/component_state_monitor/container'
[component_container_mt-43] [INFO] [1785591919.809449439] [planning.planning_validator_container]: Load Library: /opt/autoware/lib/libautoware_planning_validator_component.so
[INFO] [launch_ros.actions.load_composable_nodes]: Loaded node '/map/lanelet2_map_loader' in container '/map/map_container'
[component_container_mt-34] [INFO] [1785591919.816109121] [planning.mission_planning.mission_planner_container]: Found class: rclcpp_components::NodeFactoryTemplate<autoware::mission_planner_universe::MissionPlanner>
[component_container_mt-34] [INFO] [1785591919.816152111] [planning.mission_planning.mission_planner_container]: Found class: rclcpp_components::NodeFactoryTemplate<autoware::mission_planner_universe::RouteSelector>
[component_container_mt-34] [INFO] [1785591919.816166825] [planning.mission_planning.mission_planner_container]: Instantiate class: rclcpp_components::NodeFactoryTemplate<autoware::mission_planner_universe::RouteSelector>
[component_container_mt-43] [INFO] [1785591919.829206754] [planning.planning_validator_container]: Found class: rclcpp_components::NodeFactoryTemplate<autoware::planning_validator::PlanningValidatorNode>
[component_container_mt-43] [INFO] [1785591919.829253863] [planning.planning_validator_container]: Instantiate class: rclcpp_components::NodeFactoryTemplate<autoware::planning_validator::PlanningValidatorNode>
[component_container_mt-41] [INFO] [1785591919.835133393] [planning.scenario_planning.lane_driving.motion_planning.motion_planning_container]: Load Library: /opt/autoware/lib/libautoware_path_smoother.so
[component_container_mt-41] [INFO] [1785591919.841813389] [planning.scenario_planning.lane_driving.motion_planning.motion_planning_container]: Found class: rclcpp_components::NodeFactoryTemplate<autoware::path_smoother::ElasticBandSmoother>
[component_container_mt-41] [INFO] [1785591919.841861015] [planning.scenario_planning.lane_driving.motion_planning.motion_planning_container]: Instantiate class: rclcpp_components::NodeFactoryTemplate<autoware::path_smoother::ElasticBandSmoother>
[INFO] [launch_ros.actions.load_composable_nodes]: Loaded node '/control/control_validator' in container '/control/control_check_container'
[component_container_mt-48] [INFO] [1785591919.848679307] [control.control_check_container]: Load Library: /opt/autoware/lib/libautoware_autonomous_emergency_braking_node.so
[component_container_mt-15] [WARN] [1785591919.857704376] [map.lanelet2_map_loader]: /autoware_map/town10-regen/lanelet2_map.osm has no format_version(null) or non semver-style format_version(null) information
[component_container_mt-15] [INFO] [1785591919.857758665] [map.lanelet2_map_loader]: Loaded map format_version: null
[INFO] [launch_ros.actions.load_composable_nodes]: Loaded node '/sensing/lidar/left/crop_box_filter_self' in container '/sensing/lidar/left/pointcloud_preprocessor/pointcloud_container'
[component_container_mt-42] [INFO] [1785591919.874669092] [planning.scenario_planning.parking.parking_container]: Load Library: /opt/autoware/lib/libfreespace_planner_node.so
[component_container_mt-15] [INFO] [1785591919.877293213] [map.lanelet2_map_loader]: Succeeded to load lanelet2_map. Map is published.
[component_container_mt-42] [INFO] [1785591919.880366583] [planning.scenario_planning.parking.parking_container]: Found class: rclcpp_components::NodeFactoryTemplate<autoware::freespace_planner::FreespacePlannerNode>
[component_container_mt-42] [INFO] [1785591919.880412606] [planning.scenario_planning.parking.parking_container]: Instantiate class: rclcpp_components::NodeFactoryTemplate<autoware::freespace_planner::FreespacePlannerNode>
[autoware_mrm_handler_node-13] [WARN] [1785591919.882183088] [system.mrm_handler]: no mrm operation available: operate emergency_stop
[INFO] [launch_ros.actions.load_composable_nodes]: Loaded node '/sensing/lidar/right/crop_box_filter_self' in container '/sensing/lidar/right/pointcloud_preprocessor/pointcloud_container'
[component_container-38] [INFO] [1785591919.887264025] [planning.scenario_planning.velocity_smoother_container]: Load Library: /opt/autoware/lib/libautoware_glog_component.so
[component_container-38] [INFO] [1785591919.889698006] [planning.scenario_planning.velocity_smoother_container]: Found class: rclcpp_components::NodeFactoryTemplate<autoware::glog_component::GlogComponent>
[component_container-38] [INFO] [1785591919.889738236] [planning.scenario_planning.velocity_smoother_container]: Instantiate class: rclcpp_components::NodeFactoryTemplate<autoware::glog_component::GlogComponent>
[INFO] [launch_ros.actions.load_composable_nodes]: Loaded node '/sensing/lidar/top/crop_box_filter_self' in container '/sensing/lidar/top/pointcloud_preprocessor/pointcloud_container'
[component_container_mt-1] [INFO] [1785591919.919071893] [pointcloud_container]: Found class: rclcpp_components::NodeFactoryTemplate<autoware::pointcloud_preprocessor::ApproximateDownsampleFilterComponent>
[component_container_mt-1] [INFO] [1785591919.919132120] [pointcloud_container]: Found class: rclcpp_components::NodeFactoryTemplate<autoware::pointcloud_preprocessor::BlockageDiagComponent>
[component_container_mt-1] [INFO] [1785591919.919138662] [pointcloud_container]: Found class: rclcpp_components::NodeFactoryTemplate<autoware::pointcloud_preprocessor::CropBoxFilterComponent>
[component_container_mt-1] [INFO] [1785591919.919142942] [pointcloud_container]: Found class: rclcpp_components::NodeFactoryTemplate<autoware::pointcloud_preprocessor::DistortionCorrectorComponent>
[component_container_mt-1] [INFO] [1785591919.919189055] [pointcloud_container]: Found class: rclcpp_components::NodeFactoryTemplate<autoware::pointcloud_preprocessor::DualReturnOutlierFilterComponent>
[component_container_mt-1] [INFO] [1785591919.919194437] [pointcloud_container]: Found class: rclcpp_components::NodeFactoryTemplate<autoware::pointcloud_preprocessor::Lanelet2MapFilterComponent>
[component_container_mt-1] [INFO] [1785591919.919198281] [pointcloud_container]: Found class: rclcpp_components::NodeFactoryTemplate<autoware::pointcloud_preprocessor::PassThroughFilterComponent>
[component_container_mt-1] [INFO] [1785591919.919202284] [pointcloud_container]: Found class: rclcpp_components::NodeFactoryTemplate<autoware::pointcloud_preprocessor::PassThroughFilterUInt16Component>
[component_container_mt-1] [INFO] [1785591919.919206146] [pointcloud_container]: Found class: rclcpp_components::NodeFactoryTemplate<autoware::pointcloud_preprocessor::PickupBasedVoxelGridDownsampleFilterComponent>
[component_container_mt-1] [INFO] [1785591919.919210124] [pointcloud_container]: Found class: rclcpp_components::NodeFactoryTemplate<autoware::pointcloud_preprocessor::PointCloudConcatenateDataSynchronizerComponent>
[component_container_mt-1] [INFO] [1785591919.919213912] [pointcloud_container]: Found class: rclcpp_components::NodeFactoryTemplate<autoware::pointcloud_preprocessor::PointCloudConcatenationComponent>
[component_container_mt-1] [INFO] [1785591919.919217571] [pointcloud_container]: Found class: rclcpp_components::NodeFactoryTemplate<autoware::pointcloud_preprocessor::PointCloudDataSynchronizerComponent>
[component_container_mt-1] [INFO] [1785591919.919220989] [pointcloud_container]: Found class: rclcpp_components::NodeFactoryTemplate<autoware::pointcloud_preprocessor::PointCloudDensifierNode>
[component_container_mt-1] [INFO] [1785591919.919224458] [pointcloud_container]: Found class: rclcpp_components::NodeFactoryTemplate<autoware::pointcloud_preprocessor::PointcloudAccumulatorComponent>
[component_container_mt-1] [INFO] [1785591919.919228022] [pointcloud_container]: Found class: rclcpp_components::NodeFactoryTemplate<autoware::pointcloud_preprocessor::PolarVoxelOutlierFilterComponent>
[component_container_mt-1] [INFO] [1785591919.919231839] [pointcloud_container]: Found class: rclcpp_components::NodeFactoryTemplate<autoware::pointcloud_preprocessor::PolygonRemoverComponent>
[component_container_mt-1] [INFO] [1785591919.919235669] [pointcloud_container]: Found class: rclcpp_components::NodeFactoryTemplate<autoware::pointcloud_preprocessor::RadiusSearch2DOutlierFilterComponent>
[component_container_mt-1] [INFO] [1785591919.919239450] [pointcloud_container]: Found class: rclcpp_components::NodeFactoryTemplate<autoware::pointcloud_preprocessor::RandomDownsampleFilterComponent>
[component_container_mt-1] [INFO] [1785591919.919243030] [pointcloud_container]: Found class: rclcpp_components::NodeFactoryTemplate<autoware::pointcloud_preprocessor::RingOutlierFilterComponent>
[component_container_mt-1] [INFO] [1785591919.919246601] [pointcloud_container]: Found class: rclcpp_components::NodeFactoryTemplate<autoware::pointcloud_preprocessor::VectorMapInsideAreaFilterComponent>
[component_container_mt-1] [INFO] [1785591919.919250227] [pointcloud_container]: Found class: rclcpp_components::NodeFactoryTemplate<autoware::pointcloud_preprocessor::VoxelGridDownsampleFilterComponent>
[component_container_mt-1] [INFO] [1785591919.919253889] [pointcloud_container]: Instantiate class: rclcpp_components::NodeFactoryTemplate<autoware::pointcloud_preprocessor::VoxelGridDownsampleFilterComponent>
[INFO] [launch_ros.actions.load_composable_nodes]: Loaded node '/system/topic_state_monitor_pose_twist_fusion_filter_pose' in container '/system/component_state_monitor/container'
[component_container-7] [INFO] [1785591919.954814501] [system.component_state_monitor.container]: Found class: rclcpp_components::NodeFactoryTemplate<autoware::topic_state_monitor::TopicStateMonitorNode>
[component_container-7] [INFO] [1785591919.954849944] [system.component_state_monitor.container]: Instantiate class: rclcpp_components::NodeFactoryTemplate<autoware::topic_state_monitor::TopicStateMonitorNode>
[component_container-18] [WARN] [1785591919.954980894] [sensing.lidar.top.crop_box_filter_self]: Invalid PointCloud: is_dense is false. The point cloud should be organized (dense) and contain only valid points. This will be an ERROR starting in 2026 JulyFrame: 'velodyne_top', Stamp: 17.054059331
[component_container_mt-48] [INFO] [1785591919.962276752] [control.control_check_container]: Found class: rclcpp_components::NodeFactoryTemplate<autoware::motion::control::autonomous_emergency_braking::AEB>
[component_container_mt-48] [INFO] [1785591919.962332856] [control.control_check_container]: Instantiate class: rclcpp_components::NodeFactoryTemplate<autoware::motion::control::autonomous_emergency_braking::AEB>
[autoware_manual_lane_change_handler_node-33] [WARN] [1785591919.976803463] [route_handler]: setMap() for invalid version map: 
[INFO] [launch_ros.actions.load_composable_nodes]: Loaded node '/control/external_cmd_selector' in container '/control/control_container'
[component_container_mt-47] [INFO] [1785591919.983075709] [control.control_container]: Load Library: /opt/autoware/lib/libautoware_external_cmd_converter.so
[autoware_mrm_handler_node-13] [WARN] [1785591919.983291328] [system.mrm_handler]: no mrm operation available: operate emergency_stop
[component_container_mt-15] [INFO] [1785591919.985141187] [map.map_container]: Load Library: /opt/autoware/lib/liblanelet2_map_visualization_node.so
[component_container_mt-15] [INFO] [1785591919.986705660] [map.map_container]: Found class: rclcpp_components::NodeFactoryTemplate<autoware::lanelet2_map_visualizer::Lanelet2MapVisualizationNode>
[component_container_mt-15] [INFO] [1785591919.986731988] [map.map_container]: Instantiate class: rclcpp_components::NodeFactoryTemplate<autoware::lanelet2_map_visualizer::Lanelet2MapVisualizationNode>
[autoware_scenario_selector_node-36] [WARN] [1785591919.991552803] [route_handler]: setMap() for invalid version map: 
[component_container_mt-47] [INFO] [1785591919.992483561] [control.control_container]: Found class: rclcpp_components::NodeFactoryTemplate<autoware::external_cmd_converter::ExternalCmdConverterNode>
[component_container_mt-47] [INFO] [1785591919.992563049] [control.control_container]: Instantiate class: rclcpp_components::NodeFactoryTemplate<autoware::external_cmd_converter::ExternalCmdConverterNode>
[INFO] [launch_ros.actions.load_composable_nodes]: Loaded node '/planning/scenario_planning/lane_driving/motion_planning/elastic_band_smoother' in container '/planning/scenario_planning/lane_driving/motion_planning/motion_planning_container'
[component_container_mt-41] [INFO] [1785591920.005193749] [planning.scenario_planning.lane_driving.motion_planning.motion_planning_container]: Load Library: /opt/autoware/lib/libautoware_path_optimizer.so
[component_container-19] [INFO] [1785591920.008446846] [sensing.lidar.left.pointcloud_preprocessor.pointcloud_container]: Found class: rclcpp_components::NodeFactoryTemplate<autoware::pointcloud_preprocessor::ApproximateDownsampleFilterComponent>
[component_container-19] [INFO] [1785591920.008501844] [sensing.lidar.left.pointcloud_preprocessor.pointcloud_container]: Found class: rclcpp_components::NodeFactoryTemplate<autoware::pointcloud_preprocessor::BlockageDiagComponent>
[component_container-19] [INFO] [1785591920.008508736] [sensing.lidar.left.pointcloud_preprocessor.pointcloud_container]: Found class: rclcpp_components::NodeFactoryTemplate<autoware::pointcloud_preprocessor::CropBoxFilterComponent>
[component_container-19] [INFO] [1785591920.008513376] [sensing.lidar.left.pointcloud_preprocessor.pointcloud_container]: Instantiate class: rclcpp_components::NodeFactoryTemplate<autoware::pointcloud_preprocessor::CropBoxFilterComponent>
[component_container_mt-41] [INFO] [1785591920.009774509] [planning.scenario_planning.lane_driving.motion_planning.motion_planning_container]: Found class: rclcpp_components::NodeFactoryTemplate<autoware::path_optimizer::PathOptimizer>
[component_container_mt-41] [INFO] [1785591920.009809540] [planning.scenario_planning.lane_driving.motion_planning.motion_planning_container]: Instantiate class: rclcpp_components::NodeFactoryTemplate<autoware::path_optimizer::PathOptimizer>
[INFO] [launch_ros.actions.load_composable_nodes]: Loaded node '/planning/mission_planning/route_selector' in container '/planning/mission_planning/mission_planner_container'
[component_container-20] [INFO] [1785591920.019704335] [sensing.lidar.right.pointcloud_preprocessor.pointcloud_container]: Found class: rclcpp_components::NodeFactoryTemplate<autoware::pointcloud_preprocessor::ApproximateDownsampleFilterComponent>
[component_container-20] [INFO] [1785591920.019747459] [sensing.lidar.right.pointcloud_preprocessor.pointcloud_container]: Found class: rclcpp_components::NodeFactoryTemplate<autoware::pointcloud_preprocessor::BlockageDiagComponent>
[component_container-20] [INFO] [1785591920.019752781] [sensing.lidar.right.pointcloud_preprocessor.pointcloud_container]: Found class: rclcpp_components::NodeFactoryTemplate<autoware::pointcloud_preprocessor::CropBoxFilterComponent>
[component_container-20] [INFO] [1785591920.019756208] [sensing.lidar.right.pointcloud_preprocessor.pointcloud_container]: Instantiate class: rclcpp_components::NodeFactoryTemplate<autoware::pointcloud_preprocessor::CropBoxFilterComponent>
[component_container_mt-34] [WARN] [1785591920.030174080] [route_handler]: setMap() for invalid version map: 
[INFO] [launch_ros.actions.load_composable_nodes]: Loaded node '/planning/scenario_planning/glog_component' in container '/planning/scenario_planning/velocity_smoother_container'
[component_container_mt-42] [INFO] [1785591920.043756572] [planning.scenario_planning.parking.freespace_planner]: initialize planning algorithm: astar
[INFO] [launch_ros.actions.load_composable_nodes]: Loaded node '/localization/util/voxel_grid_downsample_filter' in container '/pointcloud_container'
[component_container-18] [INFO] [1785591920.052806338] [sensing.lidar.top.pointcloud_preprocessor.pointcloud_container]: Found class: rclcpp_components::NodeFactoryTemplate<autoware::pointcloud_preprocessor::ApproximateDownsampleFilterComponent>
[component_container-18] [INFO] [1785591920.052850025] [sensing.lidar.top.pointcloud_preprocessor.pointcloud_container]: Found class: rclcpp_components::NodeFactoryTemplate<autoware::pointcloud_preprocessor::BlockageDiagComponent>
[component_container-18] [INFO] [1785591920.052856467] [sensing.lidar.top.pointcloud_preprocessor.pointcloud_container]: Found class: rclcpp_components::NodeFactoryTemplate<autoware::pointcloud_preprocessor::CropBoxFilterComponent>
[component_container-18] [INFO] [1785591920.052861190] [sensing.lidar.top.pointcloud_preprocessor.pointcloud_container]: Instantiate class: rclcpp_components::NodeFactoryTemplate<autoware::pointcloud_preprocessor::CropBoxFilterComponent>
[component_container_mt-34] [INFO] [1785591920.055927654] [planning.mission_planning.mission_planner_container]: Load Library: /opt/autoware/lib/libautoware_glog_component.so
[component_container_mt-34] [INFO] [1785591920.057481995] [planning.mission_planning.mission_planner_container]: Found class: rclcpp_components::NodeFactoryTemplate<autoware::glog_component::GlogComponent>
[component_container_mt-34] [INFO] [1785591920.057628586] [planning.mission_planning.mission_planner_container]: Instantiate class: rclcpp_components::NodeFactoryTemplate<autoware::glog_component::GlogComponent>
[autoware_mrm_handler_node-13] [WARN] [1785591920.083005169] [system.mrm_handler]: no mrm operation available: operate emergency_stop
[INFO] [launch_ros.actions.load_composable_nodes]: Loaded node '/system/topic_state_monitor_mission_planning_route' in container '/system/component_state_monitor/container'
[component_container-7] [INFO] [1785591920.083603821] [system.component_state_monitor.container]: Found class: rclcpp_components::NodeFactoryTemplate<autoware::topic_state_monitor::TopicStateMonitorNode>
[component_container-7] [INFO] [1785591920.083637570] [system.component_state_monitor.container]: Instantiate class: rclcpp_components::NodeFactoryTemplate<autoware::topic_state_monitor::TopicStateMonitorNode>
[component_container_mt-34] [INFO] [1785591920.087155696] [planning.mission_planning.mission_planner]: waiting odometry... Route API is not ready.
[component_container_mt-1] [INFO] [1785591920.090730061] [pointcloud_container]: Found class: rclcpp_components::NodeFactoryTemplate<autoware::pointcloud_preprocessor::ApproximateDownsampleFilterComponent>
[component_container_mt-1] [INFO] [1785591920.091223352] [pointcloud_container]: Found class: rclcpp_components::NodeFactoryTemplate<autoware::pointcloud_preprocessor::BlockageDiagComponent>
[component_container_mt-1] [INFO] [1785591920.091231536] [pointcloud_container]: Found class: rclcpp_components::NodeFactoryTemplate<autoware::pointcloud_preprocessor::CropBoxFilterComponent>
[component_container_mt-1] [INFO] [1785591920.091235835] [pointcloud_container]: Found class: rclcpp_components::NodeFactoryTemplate<autoware::pointcloud_preprocessor::DistortionCorrectorComponent>
[component_container_mt-1] [INFO] [1785591920.091239514] [pointcloud_container]: Found class: rclcpp_components::NodeFactoryTemplate<autoware::pointcloud_preprocessor::DualReturnOutlierFilterComponent>
[component_container_mt-1] [INFO] [1785591920.091243411] [pointcloud_container]: Found class: rclcpp_components::NodeFactoryTemplate<autoware::pointcloud_preprocessor::Lanelet2MapFilterComponent>
[component_container_mt-1] [INFO] [1785591920.091278916] [pointcloud_container]: Found class: rclcpp_components::NodeFactoryTemplate<autoware::pointcloud_preprocessor::PassThroughFilterComponent>
[component_container_mt-1] [INFO] [1785591920.091284473] [pointcloud_container]: Found class: rclcpp_components::NodeFactoryTemplate<autoware::pointcloud_preprocessor::PassThroughFilterUInt16Component>
[component_container_mt-1] [INFO] [1785591920.091288238] [pointcloud_container]: Found class: rclcpp_components::NodeFactoryTemplate<autoware::pointcloud_preprocessor::PickupBasedVoxelGridDownsampleFilterComponent>
[component_container_mt-1] [INFO] [1785591920.091292287] [pointcloud_container]: Found class: rclcpp_components::NodeFactoryTemplate<autoware::pointcloud_preprocessor::PointCloudConcatenateDataSynchronizerComponent>
[component_container_mt-1] [INFO] [1785591920.091296452] [pointcloud_container]: Found class: rclcpp_components::NodeFactoryTemplate<autoware::pointcloud_preprocessor::PointCloudConcatenationComponent>
[component_container_mt-1] [INFO] [1785591920.091300562] [pointcloud_container]: Found class: rclcpp_components::NodeFactoryTemplate<autoware::pointcloud_preprocessor::PointCloudDataSynchronizerComponent>
[component_container_mt-1] [INFO] [1785591920.091309468] [pointcloud_container]: Found class: rclcpp_components::NodeFactoryTemplate<autoware::pointcloud_preprocessor::PointCloudDensifierNode>
[component_container_mt-1] [INFO] [1785591920.091314142] [pointcloud_container]: Found class: rclcpp_components::NodeFactoryTemplate<autoware::pointcloud_preprocessor::PointcloudAccumulatorComponent>
[component_container_mt-1] [INFO] [1785591920.091318395] [pointcloud_container]: Found class: rclcpp_components::NodeFactoryTemplate<autoware::pointcloud_preprocessor::PolarVoxelOutlierFilterComponent>
[component_container_mt-1] [INFO] [1785591920.091324787] [pointcloud_container]: Found class: rclcpp_components::NodeFactoryTemplate<autoware::pointcloud_preprocessor::PolygonRemoverComponent>
[component_container_mt-1] [INFO] [1785591920.091328667] [pointcloud_container]: Found class: rclcpp_components::NodeFactoryTemplate<autoware::pointcloud_preprocessor::RadiusSearch2DOutlierFilterComponent>
[component_container_mt-1] [INFO] [1785591920.091332648] [pointcloud_container]: Found class: rclcpp_components::NodeFactoryTemplate<autoware::pointcloud_preprocessor::RandomDownsampleFilterComponent>
[component_container_mt-1] [INFO] [1785591920.091336592] [pointcloud_container]: Instantiate class: rclcpp_components::NodeFactoryTemplate<autoware::pointcloud_preprocessor::RandomDownsampleFilterComponent>
[INFO] [launch_ros.actions.load_composable_nodes]: Loaded node '/map/lanelet2_map_visualization' in container '/map/map_container'
[component_container_mt-15] [INFO] [1785591920.118218428] [map.map_container]: Load Library: /opt/autoware/lib/libvector_map_tf_generator_node.so
[component_container_mt-15] [INFO] [1785591920.121228411] [map.map_container]: Found class: rclcpp_components::NodeFactoryTemplate<autoware::map_tf_generator::VectorMapTFGeneratorNode>
[component_container_mt-15] [INFO] [1785591920.121267109] [map.map_container]: Instantiate class: rclcpp_components::NodeFactoryTemplate<autoware::map_tf_generator::VectorMapTFGeneratorNode>
[INFO] [launch_ros.actions.load_composable_nodes]: Loaded node '/planning/scenario_planning/parking/freespace_planner' in container '/planning/scenario_planning/parking/parking_container'
[component_container_mt-42] [INFO] [1785591920.134654609] [planning.scenario_planning.parking.parking_container]: Load Library: /opt/autoware/lib/libautoware_glog_component.so
[component_container_mt-42] [INFO] [1785591920.136917036] [planning.scenario_planning.parking.parking_container]: Found class: rclcpp_components::NodeFactoryTemplate<autoware::glog_component::GlogComponent>
[component_container_mt-42] [INFO] [1785591920.136958674] [planning.scenario_planning.parking.parking_container]: Instantiate class: rclcpp_components::NodeFactoryTemplate<autoware::glog_component::GlogComponent>
[component_container_mt-15] [INFO] [1785591920.139747594] [map.lanelet2_map_visualization]: Map is loaded
[INFO] [launch_ros.actions.load_composable_nodes]: Loaded node '/sensing/lidar/left/crop_box_filter_mirror' in container '/sensing/lidar/left/pointcloud_preprocessor/pointcloud_container'
[component_container_mt-15] 
[INFO] [launch_ros.actions.load_composable_nodes]: Loaded node '/adapi/node/localization' in container '/adapi/container'
[component_container-19] [INFO] [1785591920.149279134] [sensing.lidar.left.pointcloud_preprocessor.pointcloud_container]: Found class: rclcpp_components::NodeFactoryTemplate<autoware::pointcloud_preprocessor::ApproximateDownsampleFilterComponent>
[component_container-19] [INFO] [1785591920.149391626] [sensing.lidar.left.pointcloud_preprocessor.pointcloud_container]: Found class: rclcpp_components::NodeFactoryTemplate<autoware::pointcloud_preprocessor::BlockageDiagComponent>
[component_container-19] [INFO] [1785591920.149399387] [sensing.lidar.left.pointcloud_preprocessor.pointcloud_container]: Found class: rclcpp_components::NodeFactoryTemplate<autoware::pointcloud_preprocessor::CropBoxFilterComponent>
[component_container-19] [INFO] [1785591920.149404072] [sensing.lidar.left.pointcloud_preprocessor.pointcloud_container]: Found class: rclcpp_components::NodeFactoryTemplate<autoware::pointcloud_preprocessor::DistortionCorrectorComponent>
[component_container-19] [INFO] [1785591920.149408447] [sensing.lidar.left.pointcloud_preprocessor.pointcloud_container]: Instantiate class: rclcpp_components::NodeFactoryTemplate<autoware::pointcloud_preprocessor::DistortionCorrectorComponent>
[component_container_mt-15] [1;33mCould not find valid vertex for ear clipping triangulation. Triangulation result might be invalid[0m
[component_container_mt-15] [1;33mCould not find valid vertex for ear clipping triangulation. Triangulation result might be invalid[0m
[INFO] [launch_ros.actions.load_composable_nodes]: Loaded node '/planning/mission_planning/glog_component' in container '/planning/mission_planning/mission_planner_container'
[component_container_mt-15] [1;33mCould not find valid vertex for ear clipping triangulation. Triangulation result might be invalid[0m
[INFO] [launch_ros.actions.load_composable_nodes]: Loaded node '/sensing/lidar/right/crop_box_filter_mirror' in container '/sensing/lidar/right/pointcloud_preprocessor/pointcloud_container'
[component_container_mt-15] [1;33mCould not find valid vertex for ear clipping triangulation. Triangulation result might be invalid[0m
[INFO] [launch_ros.actions.load_composable_nodes]: Loaded node '/sensing/lidar/top/crop_box_filter_mirror' in container '/sensing/lidar/top/pointcloud_preprocessor/pointcloud_container'
[autoware_mrm_handler_node-13] [WARN] [1785591920.183097751] [system.mrm_handler]: no mrm operation available: operate emergency_stop
[component_container-18] [INFO] [1785591920.188632267] [sensing.lidar.top.pointcloud_preprocessor.pointcloud_container]: Found class: rclcpp_components::NodeFactoryTemplate<autoware::pointcloud_preprocessor::ApproximateDownsampleFilterComponent>
[component_container-18] [INFO] [1785591920.188674303] [sensing.lidar.top.pointcloud_preprocessor.pointcloud_container]: Found class: rclcpp_components::NodeFactoryTemplate<autoware::pointcloud_preprocessor::BlockageDiagComponent>
[component_container-18] [INFO] [1785591920.188680639] [sensing.lidar.top.pointcloud_preprocessor.pointcloud_container]: Found class: rclcpp_components::NodeFactoryTemplate<autoware::pointcloud_preprocessor::CropBoxFilterComponent>
[component_container-18] [INFO] [1785591920.188685080] [sensing.lidar.top.pointcloud_preprocessor.pointcloud_container]: Found class: rclcpp_components::NodeFactoryTemplate<autoware::pointcloud_preprocessor::DistortionCorrectorComponent>
[component_container-18] [INFO] [1785591920.188689465] [sensing.lidar.top.pointcloud_preprocessor.pointcloud_container]: Instantiate class: rclcpp_components::NodeFactoryTemplate<autoware::pointcloud_preprocessor::DistortionCorrectorComponent>
[component_container-7] [INFO] [1785591920.200362551] [system.component_state_monitor.container]: Found class: rclcpp_components::NodeFactoryTemplate<autoware::topic_state_monitor::TopicStateMonitorNode>
[component_container-7] [INFO] [1785591920.200402007] [system.component_state_monitor.container]: Instantiate class: rclcpp_components::NodeFactoryTemplate<autoware::topic_state_monitor::TopicStateMonitorNode>
[INFO] [launch_ros.actions.load_composable_nodes]: Loaded node '/system/topic_state_monitor_traffic_light_recognition_traffic_signals' in container '/system/component_state_monitor/container'
[INFO] [launch_ros.actions.load_composable_nodes]: Loaded node '/localization/util/random_downsample_filter' in container '/pointcloud_container'
[INFO] [launch_ros.actions.load_composable_nodes]: Loaded node '/control/external_cmd_converter' in container '/control/control_container'
[component_container_mt-47] [INFO] [1785591920.247983754] [control.control_container]: Load Library: /opt/autoware/lib/libautoware_shift_decider_node.so
[component_container_mt-47] [INFO] [1785591920.250276068] [control.control_container]: Found class: rclcpp_components::NodeFactoryTemplate<autoware::shift_decider::ShiftDecider>
[component_container_mt-47] [INFO] [1785591920.250317146] [control.control_container]: Instantiate class: rclcpp_components::NodeFactoryTemplate<autoware::shift_decider::ShiftDecider>
[INFO] [launch_ros.actions.load_composable_nodes]: Loaded node '/planning/scenario_planning/parking/glog_component' in container '/planning/scenario_planning/parking/parking_container'
[INFO] [launch_ros.actions.load_composable_nodes]: Loaded node '/map/vector_map_tf_generator' in container '/map/map_container'
[autoware_mrm_handler_node-13] [WARN] [1785591920.282299442] [system.mrm_handler]: no mrm operation available: operate emergency_stop
[INFO] [launch_ros.actions.load_composable_nodes]: Loaded node '/planning/scenario_planning/lane_driving/motion_planning/path_optimizer' in container '/planning/scenario_planning/lane_driving/motion_planning/motion_planning_container'
[component_container_mt-41] [INFO] [1785591920.286158580] [planning.scenario_planning.lane_driving.motion_planning.motion_planning_container]: Load Library: /opt/autoware/lib/libautoware_motion_velocity_planner_lib.so
[INFO] [launch_ros.actions.load_composable_nodes]: Loaded node '/sensing/lidar/left/distortion_corrector_node' in container '/sensing/lidar/left/pointcloud_preprocessor/pointcloud_container'
[component_container_mt-15] [INFO] [1785591920.292297970] [map.vector_map_tf_generator]: broadcast static tf. map_frame:map, viewer_frame:viewer, x:-9.0952, y:-32.2807, z:0
[component_container-19] [INFO] [1785591920.295717106] [sensing.lidar.left.pointcloud_preprocessor.pointcloud_container]: Found class: rclcpp_components::NodeFactoryTemplate<autoware::pointcloud_preprocessor::ApproximateDownsampleFilterComponent>
[component_container-19] [INFO] [1785591920.295761995] [sensing.lidar.left.pointcloud_preprocessor.pointcloud_container]: Found class: rclcpp_components::NodeFactoryTemplate<autoware::pointcloud_preprocessor::BlockageDiagComponent>
[component_container-19] [INFO] [1785591920.295785125] [sensing.lidar.left.pointcloud_preprocessor.pointcloud_container]: Found class: rclcpp_components::NodeFactoryTemplate<autoware::pointcloud_preprocessor::CropBoxFilterComponent>
[component_container-19] [INFO] [1785591920.295821534] [sensing.lidar.left.pointcloud_preprocessor.pointcloud_container]: Found class: rclcpp_components::NodeFactoryTemplate<autoware::pointcloud_preprocessor::DistortionCorrectorComponent>
[component_container-19] [INFO] [1785591920.295826257] [sensing.lidar.left.pointcloud_preprocessor.pointcloud_container]: Found class: rclcpp_components::NodeFactoryTemplate<autoware::pointcloud_preprocessor::DualReturnOutlierFilterComponent>
[component_container-19] [INFO] [1785591920.295830292] [sensing.lidar.left.pointcloud_preprocessor.pointcloud_container]: Found class: rclcpp_components::NodeFactoryTemplate<autoware::pointcloud_preprocessor::Lanelet2MapFilterComponent>
[component_container-19] [INFO] [1785591920.295834238] [sensing.lidar.left.pointcloud_preprocessor.pointcloud_container]: Found class: rclcpp_components::NodeFactoryTemplate<autoware::pointcloud_preprocessor::PassThroughFilterComponent>
[component_container-19] [INFO] [1785591920.295837878] [sensing.lidar.left.pointcloud_preprocessor.pointcloud_container]: Found class: rclcpp_components::NodeFactoryTemplate<autoware::pointcloud_preprocessor::PassThroughFilterUInt16Component>
[component_container-19] [INFO] [1785591920.295841330] [sensing.lidar.left.pointcloud_preprocessor.pointcloud_container]: Found class: rclcpp_components::NodeFactoryTemplate<autoware::pointcloud_preprocessor::PickupBasedVoxelGridDownsampleFilterComponent>
[component_container-19] [INFO] [1785591920.295844794] [sensing.lidar.left.pointcloud_preprocessor.pointcloud_container]: Found class: rclcpp_components::NodeFactoryTemplate<autoware::pointcloud_preprocessor::PointCloudConcatenateDataSynchronizerComponent>
[component_container-19] [INFO] [1785591920.295848423] [sensing.lidar.left.pointcloud_preprocessor.pointcloud_container]: Found class: rclcpp_components::NodeFactoryTemplate<autoware::pointcloud_preprocessor::PointCloudConcatenationComponent>
[component_container-19] [INFO] [1785591920.295851762] [sensing.lidar.left.pointcloud_preprocessor.pointcloud_container]: Found class: rclcpp_components::NodeFactoryTemplate<autoware::pointcloud_preprocessor::PointCloudDataSynchronizerComponent>
[component_container-19] [INFO] [1785591920.295855001] [sensing.lidar.left.pointcloud_preprocessor.pointcloud_container]: Found class: rclcpp_components::NodeFactoryTemplate<autoware::pointcloud_preprocessor::PointCloudDensifierNode>
[component_container-19] [INFO] [1785591920.295858378] [sensing.lidar.left.pointcloud_preprocessor.pointcloud_container]: Found class: rclcpp_components::NodeFactoryTemplate<autoware::pointcloud_preprocessor::PointcloudAccumulatorComponent>
[component_container-19] [INFO] [1785591920.295861799] [sensing.lidar.left.pointcloud_preprocessor.pointcloud_container]: Found class: rclcpp_components::NodeFactoryTemplate<autoware::pointcloud_preprocessor::PolarVoxelOutlierFilterComponent>
[component_container-19] [INFO] [1785591920.295865214] [sensing.lidar.left.pointcloud_preprocessor.pointcloud_container]: Found class: rclcpp_components::NodeFactoryTemplate<autoware::pointcloud_preprocessor::PolygonRemoverComponent>
[component_container-19] [INFO] [1785591920.295868525] [sensing.lidar.left.pointcloud_preprocessor.pointcloud_container]: Found class: rclcpp_components::NodeFactoryTemplate<autoware::pointcloud_preprocessor::RadiusSearch2DOutlierFilterComponent>
[component_container-19] [INFO] [1785591920.295871745] [sensing.lidar.left.pointcloud_preprocessor.pointcloud_container]: Found class: rclcpp_components::NodeFactoryTemplate<autoware::pointcloud_preprocessor::RandomDownsampleFilterComponent>
[component_container-19] [INFO] [1785591920.295875073] [sensing.lidar.left.pointcloud_preprocessor.pointcloud_container]: Found class: rclcpp_components::NodeFactoryTemplate<autoware::pointcloud_preprocessor::RingOutlierFilterComponent>
[component_container-19] [INFO] [1785591920.295878407] [sensing.lidar.left.pointcloud_preprocessor.pointcloud_container]: Instantiate class: rclcpp_components::NodeFactoryTemplate<autoware::pointcloud_preprocessor::RingOutlierFilterComponent>
[INFO] [launch_ros.actions.load_composable_nodes]: Loaded node '/system/topic_state_monitor_initialpose3d' in container '/system/component_state_monitor/container'
[component_container-7] [INFO] [1785591920.334225115] [system.component_state_monitor.container]: Found class: rclcpp_components::NodeFactoryTemplate<autoware::topic_state_monitor::TopicStateMonitorNode>
[component_container-7] [INFO] [1785591920.334269797] [system.component_state_monitor.container]: Instantiate class: rclcpp_components::NodeFactoryTemplate<autoware::topic_state_monitor::TopicStateMonitorNode>
[INFO] [launch_ros.actions.load_composable_nodes]: Loaded node '/sensing/lidar/top/distortion_corrector_node' in container '/sensing/lidar/top/pointcloud_preprocessor/pointcloud_container'
[component_container_mt-41] [INFO] [1785591920.344525673] [planning.scenario_planning.lane_driving.motion_planning.motion_planning_container]: Found class: rclcpp_components::NodeFactoryTemplate<autoware::motion_velocity_planner::MotionVelocityPlannerNode>
[component_container_mt-41] [INFO] [1785591920.344567839] [planning.scenario_planning.lane_driving.motion_planning.motion_planning_container]: Instantiate class: rclcpp_components::NodeFactoryTemplate<autoware::motion_velocity_planner::MotionVelocityPlannerNode>
[component_container-18] [INFO] [1785591920.346286524] [sensing.lidar.top.pointcloud_preprocessor.pointcloud_container]: Found class: rclcpp_components::NodeFactoryTemplate<autoware::pointcloud_preprocessor::ApproximateDownsampleFilterComponent>
[component_container-18] [INFO] [1785591920.346344302] [sensing.lidar.top.pointcloud_preprocessor.pointcloud_container]: Found class: rclcpp_components::NodeFactoryTemplate<autoware::pointcloud_preprocessor::BlockageDiagComponent>
[component_container-18] [INFO] [1785591920.346385440] [sensing.lidar.top.pointcloud_preprocessor.pointcloud_container]: Found class: rclcpp_components::NodeFactoryTemplate<autoware::pointcloud_preprocessor::CropBoxFilterComponent>
[component_container-18] [INFO] [1785591920.346392318] [sensing.lidar.top.pointcloud_preprocessor.pointcloud_container]: Found class: rclcpp_components::NodeFactoryTemplate<autoware::pointcloud_preprocessor::DistortionCorrectorComponent>
[component_container-18] [INFO] [1785591920.346397132] [sensing.lidar.top.pointcloud_preprocessor.pointcloud_container]: Found class: rclcpp_components::NodeFactoryTemplate<autoware::pointcloud_preprocessor::DualReturnOutlierFilterComponent>
[component_container-18] [INFO] [1785591920.346401532] [sensing.lidar.top.pointcloud_preprocessor.pointcloud_container]: Found class: rclcpp_components::NodeFactoryTemplate<autoware::pointcloud_preprocessor::Lanelet2MapFilterComponent>
[component_container-18] [INFO] [1785591920.346406057] [sensing.lidar.top.pointcloud_preprocessor.pointcloud_container]: Found class: rclcpp_components::NodeFactoryTemplate<autoware::pointcloud_preprocessor::PassThroughFilterComponent>
[component_container-18] [INFO] [1785591920.346410257] [sensing.lidar.top.pointcloud_preprocessor.pointcloud_container]: Found class: rclcpp_components::NodeFactoryTemplate<autoware::pointcloud_preprocessor::PassThroughFilterUInt16Component>
[component_container-18] [INFO] [1785591920.346414411] [sensing.lidar.top.pointcloud_preprocessor.pointcloud_container]: Found class: rclcpp_components::NodeFactoryTemplate<autoware::pointcloud_preprocessor::PickupBasedVoxelGridDownsampleFilterComponent>
[component_container-18] [INFO] [1785591920.346419001] [sensing.lidar.top.pointcloud_preprocessor.pointcloud_container]: Found class: rclcpp_components::NodeFactoryTemplate<autoware::pointcloud_preprocessor::PointCloudConcatenateDataSynchronizerComponent>
[component_container-18] [INFO] [1785591920.346423044] [sensing.lidar.top.pointcloud_preprocessor.pointcloud_container]: Found class: rclcpp_components::NodeFactoryTemplate<autoware::pointcloud_preprocessor::PointCloudConcatenationComponent>
[component_container-18] [INFO] [1785591920.346427358] [sensing.lidar.top.pointcloud_preprocessor.pointcloud_container]: Found class: rclcpp_components::NodeFactoryTemplate<autoware::pointcloud_preprocessor::PointCloudDataSynchronizerComponent>
[component_container-18] [INFO] [1785591920.346431445] [sensing.lidar.top.pointcloud_preprocessor.pointcloud_container]: Found class: rclcpp_components::NodeFactoryTemplate<autoware::pointcloud_preprocessor::PointCloudDensifierNode>
[component_container-18] [INFO] [1785591920.346435704] [sensing.lidar.top.pointcloud_preprocessor.pointcloud_container]: Found class: rclcpp_components::NodeFactoryTemplate<autoware::pointcloud_preprocessor::PointcloudAccumulatorComponent>
[component_container-18] [INFO] [1785591920.346439815] [sensing.lidar.top.pointcloud_preprocessor.pointcloud_container]: Found class: rclcpp_components::NodeFactoryTemplate<autoware::pointcloud_preprocessor::PolarVoxelOutlierFilterComponent>
[component_container-18] [INFO] [1785591920.346443926] [sensing.lidar.top.pointcloud_preprocessor.pointcloud_container]: Found class: rclcpp_components::NodeFactoryTemplate<autoware::pointcloud_preprocessor::PolygonRemoverComponent>
[component_container-18] [INFO] [1785591920.346448583] [sensing.lidar.top.pointcloud_preprocessor.pointcloud_container]: Found class: rclcpp_components::NodeFactoryTemplate<autoware::pointcloud_preprocessor::RadiusSearch2DOutlierFilterComponent>
[component_container-18] [INFO] [1785591920.346452705] [sensing.lidar.top.pointcloud_preprocessor.pointcloud_container]: Found class: rclcpp_components::NodeFactoryTemplate<autoware::pointcloud_preprocessor::RandomDownsampleFilterComponent>
[component_container-18] [INFO] [1785591920.346456754] [sensing.lidar.top.pointcloud_preprocessor.pointcloud_container]: Found class: rclcpp_components::NodeFactoryTemplate<autoware::pointcloud_preprocessor::RingOutlierFilterComponent>
[component_container-18] [INFO] [1785591920.346462315] [sensing.lidar.top.pointcloud_preprocessor.pointcloud_container]: Instantiate class: rclcpp_components::NodeFactoryTemplate<autoware::pointcloud_preprocessor::RingOutlierFilterComponent>
[INFO] [launch_ros.actions.load_composable_nodes]: Loaded node '/adapi/node/routing' in container '/adapi/container'
[autoware_mrm_handler_node-13] [WARN] [1785591920.383244121] [system.mrm_handler]: no mrm operation available: operate emergency_stop
[INFO] [launch_ros.actions.load_composable_nodes]: Loaded node '/planning/planning_validator' in container '/planning/planning_validator_container'
[INFO] [launch_ros.actions.load_composable_nodes]: Loaded node '/control/autoware_shift_decider' in container '/control/control_container'
[component_container_mt-47] [INFO] [1785591920.410418034] [control.control_container]: Load Library: /opt/autoware/lib/libvehicle_cmd_gate_node.so
[component_container_mt-47] [INFO] [1785591920.423191825] [control.control_container]: Found class: rclcpp_components::NodeFactoryTemplate<autoware::vehicle_cmd_gate::VehicleCmdGate>
[component_container_mt-47] [INFO] [1785591920.423243976] [control.control_container]: Instantiate class: rclcpp_components::NodeFactoryTemplate<autoware::vehicle_cmd_gate::VehicleCmdGate>
[INFO] [launch_ros.actions.load_composable_nodes]: Loaded node '/control/autonomous_emergency_braking' in container '/control/control_check_container'
[component_container_mt-48] [INFO] [1785591920.442476633] [control.control_check_container]: Load Library: /opt/autoware/lib/libautoware_collision_detector.so
[component_container-7] [INFO] [1785591920.442675102] [system.component_state_monitor.container]: Found class: rclcpp_components::NodeFactoryTemplate<autoware::topic_state_monitor::TopicStateMonitorNode>
[component_container-7] [INFO] [1785591920.442736792] [system.component_state_monitor.container]: Instantiate class: rclcpp_components::NodeFactoryTemplate<autoware::topic_state_monitor::TopicStateMonitorNode>
[INFO] [launch_ros.actions.load_composable_nodes]: Loaded node '/system/topic_state_monitor_trajectory_follower_control_cmd' in container '/system/component_state_monitor/container'
[component_container_mt-48] [INFO] [1785591920.448174150] [control.control_check_container]: Found class: rclcpp_components::NodeFactoryTemplate<autoware::collision_detector::CollisionDetectorNode>
[component_container_mt-48] [INFO] [1785591920.448218680] [control.control_check_container]: Instantiate class: rclcpp_components::NodeFactoryTemplate<autoware::collision_detector::CollisionDetectorNode>
[INFO] [launch_ros.actions.load_composable_nodes]: Loaded node '/sensing/lidar/left/ring_outlier_filter' in container '/sensing/lidar/left/pointcloud_preprocessor/pointcloud_container'
[autoware_mrm_handler_node-13] [WARN] [1785591920.481790716] [system.mrm_handler]: no mrm operation available: operate emergency_stop
[INFO] [launch_ros.actions.load_composable_nodes]: Loaded node '/sensing/lidar/top/ring_outlier_filter' in container '/sensing/lidar/top/pointcloud_preprocessor/pointcloud_container'
[INFO] [launch_ros.actions.load_composable_nodes]: Loaded node '/system/topic_state_monitor_scenario_planning_trajectory' in container '/system/component_state_monitor/container'
[component_container-7] [INFO] [1785591920.563652716] [system.component_state_monitor.container]: Found class: rclcpp_components::NodeFactoryTemplate<autoware::topic_state_monitor::TopicStateMonitorNode>
[component_container-7] [INFO] [1785591920.563698451] [system.component_state_monitor.container]: Instantiate class: rclcpp_components::NodeFactoryTemplate<autoware::topic_state_monitor::TopicStateMonitorNode>
[INFO] [launch_ros.actions.load_composable_nodes]: Loaded node '/adapi/node/autoware_state' in container '/adapi/container'
[autoware_mrm_handler_node-13] [WARN] [1785591920.582409075] [system.mrm_handler]: no mrm operation available: operate emergency_stop
[autoware_ekf_localizer_node-28] [WARN] [1785591920.632129184] [localization.pose_twist_fusion_filter.ekf_localizer]: The node is not activated. Provide initial pose to pose_initializer
[autoware_mrm_handler_node-13] [WARN] [1785591920.684802659] [system.mrm_handler]: no mrm operation available: operate emergency_stop
[INFO] [launch_ros.actions.load_composable_nodes]: Loaded node '/adapi/node/diagnostics' in container '/adapi/container'
[autoware_mrm_handler_node-13] [WARN] [1785591920.782017541] [system.mrm_handler]: no mrm operation available: operate emergency_stop
[component_container-7] [INFO] [1785591920.822195434] [system.component_state_monitor.container]: Found class: rclcpp_components::NodeFactoryTemplate<autoware::topic_state_monitor::TopicStateMonitorNode>
[component_container-7] [INFO] [1785591920.822231997] [system.component_state_monitor.container]: Instantiate class: rclcpp_components::NodeFactoryTemplate<autoware::topic_state_monitor::TopicStateMonitorNode>
[INFO] [launch_ros.actions.load_composable_nodes]: Loaded node '/system/topic_state_monitor_control_command_control_cmd' in container '/system/component_state_monitor/container'
[INFO] [launch_ros.actions.load_composable_nodes]: Loaded node '/control/collision_detector' in container '/control/control_check_container'
[autoware_mrm_handler_node-13] [WARN] [1785591920.881958391] [system.mrm_handler]: no mrm operation available: operate emergency_stop
[autoware_mrm_handler_node-13] [WARN] [1785591920.982942104] [system.mrm_handler]: no mrm operation available: operate emergency_stop
[INFO] [launch_ros.actions.load_composable_nodes]: Loaded node '/adapi/node/fail_safe' in container '/adapi/container'
[autoware_mrm_handler_node-13] [WARN] [1785591921.083351159] [system.mrm_handler]: no mrm operation available: operate emergency_stop
[INFO] [launch_ros.actions.load_composable_nodes]: Loaded node '/system/topic_state_monitor_vehicle_status_velocity_status' in container '/system/component_state_monitor/container'
[component_container_mt-48] [INFO] [1785591921.085265047] [control.collision_detector]: waiting for current odometry...
[component_container-7] [INFO] [1785591921.088002245] [system.component_state_monitor.container]: Found class: rclcpp_components::NodeFactoryTemplate<autoware::topic_state_monitor::TopicStateMonitorNode>
[component_container-7] [INFO] [1785591921.088049966] [system.component_state_monitor.container]: Instantiate class: rclcpp_components::NodeFactoryTemplate<autoware::topic_state_monitor::TopicStateMonitorNode>
[autoware_mrm_handler_node-13] [WARN] [1785591921.181859017] [system.mrm_handler]: no mrm operation available: operate emergency_stop
[autoware_mrm_handler_node-13] [WARN] [1785591921.282219087] [system.mrm_handler]: no mrm operation available: operate emergency_stop
[autoware_mrm_handler_node-13] [WARN] [1785591921.385732816] [system.mrm_handler]: no mrm operation available: operate emergency_stop
[INFO] [launch_ros.actions.load_composable_nodes]: Loaded node '/control/vehicle_cmd_gate' in container '/control/control_container'
[component_container_mt-47] [WARN] [1785591921.426787049] [control.vehicle_cmd_gate]: emergency_state_heartbeat_received_time_ is false
[component_container_mt-47] [INFO] [1785591921.426849515] [control.vehicle_cmd_gate]: waiting topics...
[component_container_mt-47] [WARN] [1785591921.428369849] [control.vehicle_cmd_gate]: Emergency!
[autoware_mrm_handler_node-13] [WARN] [1785591921.482658917] [system.mrm_handler]: no mrm operation available: operate emergency_stop
[component_container-18] [WARN] [1785591921.534091375] [sensing.lidar.top.distortion_corrector_node]: Twist time_stamp is too late. Could not interpolate.
[autoware_mrm_handler_node-13] [WARN] [1785591921.581932125] [system.mrm_handler]: no mrm operation available: operate emergency_stop
[autoware_mrm_handler_node-13] [WARN] [1785591921.682525861] [system.mrm_handler]: no mrm operation available: operate emergency_stop
[INFO] [launch_ros.actions.load_composable_nodes]: Loaded node '/system/topic_state_monitor_vehicle_status_steering_status' in container '/system/component_state_monitor/container'
[component_container-7] [INFO] [1785591921.719198398] [system.component_state_monitor.container]: Found class: rclcpp_components::NodeFactoryTemplate<autoware::topic_state_monitor::TopicStateMonitorNode>
[component_container-7] [INFO] [1785591921.719237130] [system.component_state_monitor.container]: Instantiate class: rclcpp_components::NodeFactoryTemplate<autoware::topic_state_monitor::TopicStateMonitorNode>
[component_container-20] [INFO] [1785591921.759651287] [sensing.lidar.right.pointcloud_preprocessor.pointcloud_container]: Found class: rclcpp_components::NodeFactoryTemplate<autoware::pointcloud_preprocessor::ApproximateDownsampleFilterComponent>
[component_container-20] [INFO] [1785591921.759842641] [sensing.lidar.right.pointcloud_preprocessor.pointcloud_container]: Found class: rclcpp_components::NodeFactoryTemplate<autoware::pointcloud_preprocessor::BlockageDiagComponent>
[component_container-20] [INFO] [1785591921.759850042] [sensing.lidar.right.pointcloud_preprocessor.pointcloud_container]: Found class: rclcpp_components::NodeFactoryTemplate<autoware::pointcloud_preprocessor::CropBoxFilterComponent>
[component_container-20] [INFO] [1785591921.759854755] [sensing.lidar.right.pointcloud_preprocessor.pointcloud_container]: Found class: rclcpp_components::NodeFactoryTemplate<autoware::pointcloud_preprocessor::DistortionCorrectorComponent>
[component_container-20] [INFO] [1785591921.759859089] [sensing.lidar.right.pointcloud_preprocessor.pointcloud_container]: Instantiate class: rclcpp_components::NodeFactoryTemplate<autoware::pointcloud_preprocessor::DistortionCorrectorComponent>
[autoware_mrm_handler_node-13] [WARN] [1785591921.782152293] [system.mrm_handler]: no mrm operation available: operate emergency_stop
[INFO] [launch_ros.actions.load_composable_nodes]: Loaded node '/sensing/lidar/right/distortion_corrector_node' in container '/sensing/lidar/right/pointcloud_preprocessor/pointcloud_container'
[component_container-20] [INFO] [1785591921.862344292] [sensing.lidar.right.pointcloud_preprocessor.pointcloud_container]: Found class: rclcpp_components::NodeFactoryTemplate<autoware::pointcloud_preprocessor::ApproximateDownsampleFilterComponent>
[component_container-20] [INFO] [1785591921.862399796] [sensing.lidar.right.pointcloud_preprocessor.pointcloud_container]: Found class: rclcpp_components::NodeFactoryTemplate<autoware::pointcloud_preprocessor::BlockageDiagComponent>
[component_container-20] [INFO] [1785591921.862406117] [sensing.lidar.right.pointcloud_preprocessor.pointcloud_container]: Found class: rclcpp_components::NodeFactoryTemplate<autoware::pointcloud_preprocessor::CropBoxFilterComponent>
[component_container-20] [INFO] [1785591921.862456323] [sensing.lidar.right.pointcloud_preprocessor.pointcloud_container]: Found class: rclcpp_components::NodeFactoryTemplate<autoware::pointcloud_preprocessor::DistortionCorrectorComponent>
[component_container-20] [INFO] [1785591921.862462442] [sensing.lidar.right.pointcloud_preprocessor.pointcloud_container]: Found class: rclcpp_components::NodeFactoryTemplate<autoware::pointcloud_preprocessor::DualReturnOutlierFilterComponent>
[component_container-20] [INFO] [1785591921.862466844] [sensing.lidar.right.pointcloud_preprocessor.pointcloud_container]: Found class: rclcpp_components::NodeFactoryTemplate<autoware::pointcloud_preprocessor::Lanelet2MapFilterComponent>
[component_container-20] [INFO] [1785591921.862471168] [sensing.lidar.right.pointcloud_preprocessor.pointcloud_container]: Found class: rclcpp_components::NodeFactoryTemplate<autoware::pointcloud_preprocessor::PassThroughFilterComponent>
[component_container-20] [INFO] [1785591921.862475209] [sensing.lidar.right.pointcloud_preprocessor.pointcloud_container]: Found class: rclcpp_components::NodeFactoryTemplate<autoware::pointcloud_preprocessor::PassThroughFilterUInt16Component>
[component_container-20] [INFO] [1785591921.862479331] [sensing.lidar.right.pointcloud_preprocessor.pointcloud_container]: Found class: rclcpp_components::NodeFactoryTemplate<autoware::pointcloud_preprocessor::PickupBasedVoxelGridDownsampleFilterComponent>
[component_container-20] [INFO] [1785591921.862483845] [sensing.lidar.right.pointcloud_preprocessor.pointcloud_container]: Found class: rclcpp_components::NodeFactoryTemplate<autoware::pointcloud_preprocessor::PointCloudConcatenateDataSynchronizerComponent>
[component_container-20] [INFO] [1785591921.862487903] [sensing.lidar.right.pointcloud_preprocessor.pointcloud_container]: Found class: rclcpp_components::NodeFactoryTemplate<autoware::pointcloud_preprocessor::PointCloudConcatenationComponent>
[component_container-20] [INFO] [1785591921.862491994] [sensing.lidar.right.pointcloud_preprocessor.pointcloud_container]: Found class: rclcpp_components::NodeFactoryTemplate<autoware::pointcloud_preprocessor::PointCloudDataSynchronizerComponent>
[component_container-20] [INFO] [1785591921.862496272] [sensing.lidar.right.pointcloud_preprocessor.pointcloud_container]: Found class: rclcpp_components::NodeFactoryTemplate<autoware::pointcloud_preprocessor::PointCloudDensifierNode>
[component_container-20] [INFO] [1785591921.862500463] [sensing.lidar.right.pointcloud_preprocessor.pointcloud_container]: Found class: rclcpp_components::NodeFactoryTemplate<autoware::pointcloud_preprocessor::PointcloudAccumulatorComponent>
[component_container-20] [INFO] [1785591921.862504522] [sensing.lidar.right.pointcloud_preprocessor.pointcloud_container]: Found class: rclcpp_components::NodeFactoryTemplate<autoware::pointcloud_preprocessor::PolarVoxelOutlierFilterComponent>
[component_container-20] [INFO] [1785591921.862508704] [sensing.lidar.right.pointcloud_preprocessor.pointcloud_container]: Found class: rclcpp_components::NodeFactoryTemplate<autoware::pointcloud_preprocessor::PolygonRemoverComponent>
[component_container-20] [INFO] [1785591921.862512336] [sensing.lidar.right.pointcloud_preprocessor.pointcloud_container]: Found class: rclcpp_components::NodeFactoryTemplate<autoware::pointcloud_preprocessor::RadiusSearch2DOutlierFilterComponent>
[component_container-20] [INFO] [1785591921.862516074] [sensing.lidar.right.pointcloud_preprocessor.pointcloud_container]: Found class: rclcpp_components::NodeFactoryTemplate<autoware::pointcloud_preprocessor::RandomDownsampleFilterComponent>
[component_container-20] [INFO] [1785591921.862520079] [sensing.lidar.right.pointcloud_preprocessor.pointcloud_container]: Found class: rclcpp_components::NodeFactoryTemplate<autoware::pointcloud_preprocessor::RingOutlierFilterComponent>
[component_container-20] [INFO] [1785591921.862525812] [sensing.lidar.right.pointcloud_preprocessor.pointcloud_container]: Instantiate class: rclcpp_components::NodeFactoryTemplate<autoware::pointcloud_preprocessor::RingOutlierFilterComponent>
[INFO] [launch_ros.actions.load_composable_nodes]: Loaded node '/system/topic_state_monitor_transform_map_to_base_link' in container '/system/component_state_monitor/container'
[component_container-7] [INFO] [1785591921.868662807] [system.component_state_monitor.container]: Found class: rclcpp_components::NodeFactoryTemplate<autoware::topic_state_monitor::TopicStateMonitorNode>
[component_container-7] [INFO] [1785591921.868710214] [system.component_state_monitor.container]: Instantiate class: rclcpp_components::NodeFactoryTemplate<autoware::topic_state_monitor::TopicStateMonitorNode>
[autoware_mrm_handler_node-13] [WARN] [1785591921.882170722] [system.mrm_handler]: no mrm operation available: operate emergency_stop
[component_container_mt-47] [WARN] [1785591921.884738199] [control.vehicle_cmd_gate]: system_emergency heartbeat is timeout.
[INFO] [launch_ros.actions.load_composable_nodes]: Loaded node '/sensing/lidar/right/ring_outlier_filter' in container '/sensing/lidar/right/pointcloud_preprocessor/pointcloud_container'
[autoware_mrm_handler_node-13] [WARN] [1785591921.981968788] [system.mrm_handler]: no mrm operation available: operate emergency_stop
[INFO] [launch_ros.actions.load_composable_nodes]: Loaded node '/system/topic_state_monitor_system_emergency_control_cmd' in container '/system/component_state_monitor/container'
[component_container_mt-1] [WARN] [1785591922.051391772] [localization.util.crop_box_filter_measurement_range]: Invalid PointCloud: row_step mismatch. Expected: 100816 (width 6301 * point_step 16), Got: 0. Frame: 'base_link', Stamp: 19.154059363 Please fill in the `cloud->row_step` field accordingly. This will be an ERROR starting in 2026 July
[autoware_mrm_handler_node-13] [WARN] [1785591922.082573337] [system.mrm_handler]: no mrm operation available: operate emergency_stop
[autoware_mrm_handler_node-13] [WARN] [1785591922.182075089] [system.mrm_handler]: no mrm operation available: operate emergency_stop
[component_container_mt-1] [WARN] [1785591922.232048339] [sensing.lidar.concatenate_data]: transformed_raw_points[/sensing/lidar/right/pointcloud_before_sync] is nullptr, skipping pointcloud publish.
[component_container_mt-1] [WARN] [1785591922.232168032] [sensing.lidar.concatenate_data]: transformed_raw_points[/sensing/lidar/left/pointcloud_before_sync] is nullptr, skipping pointcloud publish.
[autoware_mrm_handler_node-13] [WARN] [1785591922.284408696] [system.mrm_handler]: no mrm operation available: operate emergency_stop
[autoware_mrm_handler_node-13] [WARN] [1785591922.382820513] [system.mrm_handler]: no mrm operation available: operate emergency_stop
[autoware_mrm_handler_node-13] [WARN] [1785591922.484687472] [system.mrm_handler]: no mrm operation available: operate emergency_stop
[component_container-7] [INFO] [1785591922.549126578] [system.topic_state_monitor_pointcloud_map]: /map/pointcloud_map has not received. Set ERROR in diagnostics.
[logging_node-14] [WARN] [1785591922.581955307] [logging_diag_graph]: The target mode is not available for the following reasons:
[logging_node-14] - /autoware/modes/autonomous ERROR
[logging_node-14]     - /autoware/map ERROR
[logging_node-14]         - /autoware/map/topic_rate_check/pointcloud_map ERROR
[logging_node-14]     - /autoware/localization ERROR
[logging_node-14]         - /autoware/localization/state ERROR
[logging_node-14]         - [anonymous group] ERROR
[logging_node-14]             - /autoware/localization/topic_rate_check/transform ERROR
[logging_node-14]             - /autoware/localization/topic_rate_check/pose_twist_fusion ERROR
[logging_node-14]             - /autoware/localization/scan_matching_status WARN 
[logging_node-14]             - /autoware/localization/accuracy STALE
[logging_node-14]             - /autoware/localization/sensor_fusion_status WARN 
[logging_node-14]     - /autoware/planning ERROR
[logging_node-14]         - /autoware/planning/routing/state ERROR
[logging_node-14]         - [anonymous group] ERROR
[logging_node-14]             - /autoware/planning/topic_rate_check/route ERROR
[logging_node-14]             - /autoware/planning/topic_rate_check/trajectory ERROR
[logging_node-14]     - /autoware/perception ERROR
[logging_node-14]         - /autoware/perception/topic_rate_check/objects ERROR
[logging_node-14]         - /autoware/perception/topic_rate_check/pointcloud ERROR
[logging_node-14]     - /autoware/control ERROR
[logging_node-14]         - /autoware/control/topic_rate_check/trajectory_follower ERROR
[logging_node-14]     - /adapi/mrm_request/delegate STALE
[logging_node-14] 
[component_container_mt-40] added a slot with 1 modules
[component_container_mt-40] external_request_lane_change_left registered in slot_configuration is not registered, skipping
[component_container_mt-40] external_request_lane_change_right registered in slot_configuration is not registered, skipping
[component_container_mt-40] added a slot with 6 modules
[component_container_mt-40] added a slot with 1 modules
[component_container_mt-40] dynamic_obstacle_avoidance registered in slot_configuration is not registered, skipping
[autoware_ekf_localizer_node-28] [WARN] [1785591922.634280260] [localization.pose_twist_fusion_filter.ekf_localizer]: The node is not activated. Provide initial pose to pose_initializer
[component_container-7] [WARN] [1785591922.701801395] [system.topic_state_monitor_control_command_control_cmd]: /control/command/control_cmd topic is timeout. Set ERROR in diagnostics.
[INFO] [launch_ros.actions.load_composable_nodes]: Loaded node '/planning/scenario_planning/lane_driving/behavior_planning/behavior_path_planner' in container '/planning/scenario_planning/lane_driving/behavior_planning/behavior_planning_container'
[component_container_mt-40] [INFO] [1785591922.858653892] [planning.scenario_planning.lane_driving.behavior_planning.behavior_planning_container]: Load Library: /opt/autoware/lib/libautoware_glog_component.so
[component_container_mt-40] [INFO] [1785591922.859641864] [planning.scenario_planning.lane_driving.behavior_planning.behavior_planning_container]: Found class: rclcpp_components::NodeFactoryTemplate<autoware::glog_component::GlogComponent>
[component_container_mt-40] [INFO] [1785591922.859669805] [planning.scenario_planning.lane_driving.behavior_planning.behavior_planning_container]: Instantiate class: rclcpp_components::NodeFactoryTemplate<autoware::glog_component::GlogComponent>
[INFO] [launch_ros.actions.load_composable_nodes]: Loaded node '/planning/scenario_planning/lane_driving/behavior_planning/glog_component' in container '/planning/scenario_planning/lane_driving/behavior_planning/behavior_planning_container'
[component_container_mt-47] [WARN] [1785591923.033491218] [control.vehicle_cmd_gate]: Emergency!
[component_container_mt-40] [INFO] [1785591923.047700753] [planning.scenario_planning.lane_driving.behavior_planning.behavior_planning_container]: Load Library: /opt/autoware/lib/libautoware_behavior_velocity_planner_lib.so
[component_container_mt-40] [INFO] [1785591923.059213787] [planning.scenario_planning.lane_driving.behavior_planning.behavior_planning_container]: Found class: rclcpp_components::NodeFactoryTemplate<autoware::behavior_velocity_planner::BehaviorVelocityPlannerNode>
[component_container_mt-40] [INFO] [1785591923.059273059] [planning.scenario_planning.lane_driving.behavior_planning.behavior_planning_container]: Found class: rclcpp_components::NodeFactoryTemplate<autoware::behavior_velocity_planner::experimental::BehaviorVelocityPlannerNode>
[component_container_mt-40] [INFO] [1785591923.059280013] [planning.scenario_planning.lane_driving.behavior_planning.behavior_planning_container]: Instantiate class: rclcpp_components::NodeFactoryTemplate<autoware::behavior_velocity_planner::experimental::BehaviorVelocityPlannerNode>
[component_container_mt-1] [WARN] [1785591923.131938527] [sensing.lidar.concatenate_data]: transformed_raw_points[/sensing/lidar/right/pointcloud_before_sync] is nullptr, skipping pointcloud publish.
[component_container_mt-1] [WARN] [1785591923.132006592] [sensing.lidar.concatenate_data]: transformed_raw_points[/sensing/lidar/left/pointcloud_before_sync] is nullptr, skipping pointcloud publish.
[component_container_mt-1] [WARN] [1785591923.232047435] [sensing.lidar.concatenate_data]: transformed_raw_points[/sensing/lidar/right/pointcloud_before_sync] is nullptr, skipping pointcloud publish.
[component_container_mt-1] [WARN] [1785591923.232123770] [sensing.lidar.concatenate_data]: transformed_raw_points[/sensing/lidar/left/pointcloud_before_sync] is nullptr, skipping pointcloud publish.
[component_container_mt-1] [WARN] [1785591923.635853619] [sensing.lidar.concatenate_data]: transformed_raw_points[/sensing/lidar/right/pointcloud_before_sync] is nullptr, skipping pointcloud publish.
[component_container_mt-1] [WARN] [1785591923.635925269] [sensing.lidar.concatenate_data]: transformed_raw_points[/sensing/lidar/left/pointcloud_before_sync] is nullptr, skipping pointcloud publish.
[component_container_mt-40] [INFO] [1785591923.676438543] [planning.scenario_planning.lane_driving.behavior_planning.behavior_velocity_planner]: The scene plugin 'autoware::behavior_velocity_planner::experimental::CrosswalkModulePlugin' is loaded.
[autoware_scenario_selector_node-36] [INFO] [1785591923.682350887] [planning.scenario_planning.scenario_selector]: Waiting for current pose.
[component_container_mt-40] [INFO] [1785591923.732334188] [planning.scenario_planning.lane_driving.behavior_planning.behavior_velocity_planner]: The scene plugin 'autoware::behavior_velocity_planner::experimental::WalkwayModulePlugin' is loaded.
[component_container_mt-47] [WARN] [1785591924.039996748] [control.vehicle_cmd_gate]: Emergency!
[autoware_pose_initializer_node-26] [INFO] [1785591924.105831871] [localization.util.pose_initializer]: EKF triggering service is available!
[autoware_pose_initializer_node-26] [INFO] [1785591924.117399895] [localization.util.pose_initializer]: EKF Deactivation succeeded
[autoware_pose_initializer_node-26] [INFO] [1785591924.117999149] [localization.util.pose_initializer]: NDT triggering service is available!
[autoware_pose_initializer_node-26] [INFO] [1785591924.122219390] [localization.util.pose_initializer]: NDT Deactivation succeeded
[autoware_pose_initializer_node-26] [INFO] [1785591924.122310325] [localization.util.pose_initializer]: fit_target: pointcloud_map, frame: map
[component_container_mt-40] [INFO] [1785591924.254636410] [planning.scenario_planning.lane_driving.behavior_planning.behavior_velocity_planner]: The scene plugin 'autoware::behavior_velocity_planner::experimental::TrafficLightModulePlugin' is loaded.
[component_container_mt-42] [ERROR] [1785591924.583208344] [planning.scenario_planning.parking.costmap_generator]: Could not find a connection between 'map' and 'base_link' because they are not part of the same tree.Tf has two or more unconnected trees.
[autoware_ekf_localizer_node-28] [WARN] [1785591924.634601177] [localization.pose_twist_fusion_filter.ekf_localizer]: The node is not activated. Provide initial pose to pose_initializer
[component_container_mt-47] [INFO] [1785591924.736286322] [control.trajectory_follower.controller_node_exe]: Waiting for acceleration data
[component_container_mt-47] [INFO] [1785591924.736602457] [control.trajectory_follower.controller_node_exe]: Control is skipped since input data is not ready.
[component_container_mt-48] [INFO] [1785591924.784977847] [control.trajectory_follower.lane_departure_checker_node]: waiting for current_twist msg...
[component_container_mt-1] [WARN] [1785591924.835804343] [sensing.lidar.concatenate_data]: transformed_raw_points[/sensing/lidar/right/pointcloud_before_sync] is nullptr, skipping pointcloud publish.
[component_container_mt-1] [WARN] [1785591924.835886470] [sensing.lidar.concatenate_data]: transformed_raw_points[/sensing/lidar/left/pointcloud_before_sync] is nullptr, skipping pointcloud publish.
[component_container-18] [WARN] [1785591924.942822094] [sensing.lidar.top.crop_box_filter_self]: Invalid PointCloud: is_dense is false. The point cloud should be organized (dense) and contain only valid points. This will be an ERROR starting in 2026 JulyFrame: 'velodyne_top', Stamp: 22.054059406
[component_container_mt-47] [WARN] [1785591925.032471921] [control.vehicle_cmd_gate]: Emergency!
[component_container_mt-40] [INFO] [1785591925.111918495] [planning.scenario_planning.lane_driving.behavior_planning.behavior_velocity_planner]: The scene plugin 'autoware::behavior_velocity_planner::experimental::IntersectionModulePlugin' is loaded.
[component_container_mt-1] [WARN] [1785591925.134147917] [sensing.lidar.concatenate_data]: transformed_raw_points[/sensing/lidar/right/pointcloud_before_sync] is nullptr, skipping pointcloud publish.
[component_container_mt-1] [WARN] [1785591925.135172409] [sensing.lidar.concatenate_data]: transformed_raw_points[/sensing/lidar/left/pointcloud_before_sync] is nullptr, skipping pointcloud publish.
[component_container_mt-34] [INFO] [1785591925.135445435] [planning.mission_planning.mission_planner]: waiting odometry... Route API is not ready.
[component_container_mt-47] [INFO] [1785591925.330616088] [control.control_container]: Load Library: /opt/autoware/lib/libautoware_operation_mode_transition_manager_node.so
[component_container_mt-47] [INFO] [1785591925.339053614] [control.control_container]: Found class: rclcpp_components::NodeFactoryTemplate<autoware::operation_mode_transition_manager::AutonomousModeTransitionFlagNode>
[component_container_mt-47] [INFO] [1785591925.339111866] [control.control_container]: Found class: rclcpp_components::NodeFactoryTemplate<autoware::operation_mode_transition_manager::OperationModeTransitionManager>
[component_container_mt-47] [INFO] [1785591925.339118206] [control.control_container]: Instantiate class: rclcpp_components::NodeFactoryTemplate<autoware::operation_mode_transition_manager::OperationModeTransitionManager>
[INFO] [launch_ros.actions.load_composable_nodes]: Loaded node '/adapi/node/heartbeat' in container '/adapi/container'
[component_container_mt-40] [INFO] [1785591925.509374622] [planning.scenario_planning.lane_driving.behavior_planning.behavior_velocity_planner]: The scene plugin 'autoware::behavior_velocity_planner::experimental::BlindSpotModulePlugin' is loaded.
[component_container-7] [INFO] [1785591925.534435866] [system.topic_state_monitor_mission_planning_route]: /planning/mission_planning/route has not received. Set ERROR in diagnostics.
[INFO] [launch_ros.actions.load_composable_nodes]: Loaded node '/control/autoware_operation_mode_transition_manager' in container '/control/control_container'
[INFO] [launch_ros.actions.load_composable_nodes]: Loaded node '/adapi/node/manual/local' in container '/adapi/container'
[component_container_mt-48] [INFO] [1785591925.583207931] [control.autonomous_emergency_braking]: [AEB] waiting for object pointcloud message
[INFO] [launch_ros.actions.load_composable_nodes]: Loaded node '/planning/scenario_planning/lane_driving/motion_planning/motion_velocity_planner' in container '/planning/scenario_planning/lane_driving/motion_planning/motion_planning_container'
[component_container_mt-41] [INFO] [1785591925.623717288] [planning.scenario_planning.lane_driving.motion_planning.motion_planning_container]: Load Library: /opt/autoware/lib/libautoware_glog_component.so
[component_container_mt-41] [INFO] [1785591925.624749392] [planning.scenario_planning.lane_driving.motion_planning.motion_planning_container]: Found class: rclcpp_components::NodeFactoryTemplate<autoware::glog_component::GlogComponent>
[component_container_mt-41] [INFO] [1785591925.624782056] [planning.scenario_planning.lane_driving.motion_planning.motion_planning_container]: Instantiate class: rclcpp_components::NodeFactoryTemplate<autoware::glog_component::GlogComponent>
[logging_node-14] [WARN] [1785591925.681976432] [logging_diag_graph]: The target mode is not available for the following reasons:
[logging_node-14] - /autoware/modes/autonomous ERROR
[logging_node-14]     - /autoware/map ERROR
[logging_node-14]         - /autoware/map/topic_rate_check/pointcloud_map ERROR
[logging_node-14]     - /autoware/localization ERROR
[logging_node-14]         - /autoware/localization/state ERROR
[logging_node-14]         - [anonymous group] ERROR
[logging_node-14]             - /autoware/localization/topic_rate_check/transform ERROR
[logging_node-14]             - /autoware/localization/topic_rate_check/pose_twist_fusion ERROR
[logging_node-14]             - /autoware/localization/scan_matching_status WARN 
[logging_node-14]             - /autoware/localization/accuracy STALE
[logging_node-14]             - /autoware/localization/sensor_fusion_status WARN 
[logging_node-14]     - /autoware/planning ERROR
[logging_node-14]         - /autoware/planning/routing/state ERROR
[logging_node-14]         - [anonymous group] ERROR
[logging_node-14]             - /autoware/planning/topic_rate_check/route ERROR
[logging_node-14]             - /autoware/planning/topic_rate_check/trajectory ERROR
[logging_node-14]     - /autoware/perception ERROR
[logging_node-14]         - /autoware/perception/topic_rate_check/objects ERROR
[logging_node-14]         - /autoware/perception/topic_rate_check/pointcloud ERROR
[logging_node-14]     - /autoware/control ERROR
[logging_node-14]         - /autoware/control/topic_rate_check/trajectory_follower ERROR
[logging_node-14]         - /autoware/control/performance_monitoring/control_state STALE
[logging_node-14]     - /adapi/mrm_request/delegate STALE
[logging_node-14] 
[INFO] [launch_ros.actions.load_composable_nodes]: Loaded node '/adapi/node/manual/remote' in container '/adapi/container'
[component_container_mt-40] [INFO] [1785591925.791045797] [planning.scenario_planning.lane_driving.behavior_planning.behavior_velocity_planner]: The scene plugin 'autoware::behavior_velocity_planner::experimental::DetectionAreaModulePlugin' is loaded.
[component_container_mt-1] [WARN] [1785591925.834408104] [sensing.lidar.concatenate_data]: transformed_raw_points[/sensing/lidar/right/pointcloud_before_sync] is nullptr, skipping pointcloud publish.
[component_container_mt-1] [WARN] [1785591925.834485343] [sensing.lidar.concatenate_data]: transformed_raw_points[/sensing/lidar/left/pointcloud_before_sync] is nullptr, skipping pointcloud publish.
[INFO] [launch_ros.actions.load_composable_nodes]: Loaded node '/adapi/node/motion' in container '/adapi/container'
[component_container_mt-40] [INFO] [1785591925.967845210] [planning.scenario_planning.lane_driving.behavior_planning.behavior_velocity_planner]: The scene plugin 'autoware::behavior_velocity_planner::experimental::VirtualTrafficLightModulePlugin' is loaded.
[INFO] [launch_ros.actions.load_composable_nodes]: Loaded node '/adapi/node/mrm_request' in container '/adapi/container'
[INFO] [launch_ros.actions.load_composable_nodes]: Loaded node '/planning/scenario_planning/lane_driving/motion_planning/glog_component' in container '/planning/scenario_planning/lane_driving/motion_planning/motion_planning_container'
[component_container_mt-47] [WARN] [1785591926.082296071] [control.vehicle_cmd_gate]: Emergency!
[component_container_mt-48] [INFO] [1785591926.133071600] [control.collision_detector]: waiting for current odometry...
[INFO] [launch_ros.actions.load_composable_nodes]: Loaded node '/adapi/node/operation_mode' in container '/adapi/container'
[autoware_mrm_handler_node-13] [INFO] [1785591926.284909952] [system.mrm_handler]: MRM State changed: MRM_OPERATING -> NORMAL
[autoware_mrm_handler_node-13] [WARN] [1785591926.287475315] [system.mrm_handler]: EMERGENCY_STOP is canceled.
[component_container_mt-40] [INFO] [1785591926.356429288] [planning.scenario_planning.lane_driving.behavior_planning.behavior_velocity_planner]: The scene plugin 'autoware::behavior_velocity_planner::experimental::NoStoppingAreaModulePlugin' is loaded.
[INFO] [launch_ros.actions.load_composable_nodes]: Loaded node '/adapi/node/perception' in container '/adapi/container'
[component_container_mt-40] [INFO] [1785591926.481987217] [planning.scenario_planning.lane_driving.behavior_planning.behavior_velocity_planner]: The scene plugin 'autoware::behavior_velocity_planner::experimental::StopLineModulePlugin' is loaded.
[INFO] [launch_ros.actions.load_composable_nodes]: Loaded node '/planning/scenario_planning/lane_driving/behavior_planning/behavior_velocity_planner' in container '/planning/scenario_planning/lane_driving/behavior_planning/behavior_planning_container'
[component_container_mt-48] [INFO] [1785591926.565267881] [control.control_validator]: waiting for /planning/trajectory
[autoware_ekf_localizer_node-28] [WARN] [1785591926.632624232] [localization.pose_twist_fusion_filter.ekf_localizer]: The node is not activated. Provide initial pose to pose_initializer
[component_container_mt-47] [INFO] [1785591926.683630851] [control.vehicle_cmd_gate]: The operation mode is changed, but the GearCommand is not received yet:
[component_container_mt-1] [WARN] [1785591926.789646807] [sensing.lidar.concatenate_data]: transformed_raw_points[/sensing/lidar/right/pointcloud_before_sync] is nullptr, skipping pointcloud publish.
[component_container_mt-1] [WARN] [1785591926.789721666] [sensing.lidar.concatenate_data]: transformed_raw_points[/sensing/lidar/left/pointcloud_before_sync] is nullptr, skipping pointcloud publish.
[INFO] [launch_ros.actions.load_composable_nodes]: Loaded node '/adapi/node/planning' in container '/adapi/container'
[component_container_mt-1] [WARN] [1785591926.834299317] [sensing.lidar.concatenate_data]: transformed_raw_points[/sensing/lidar/right/pointcloud_before_sync] is nullptr, skipping pointcloud publish.
[component_container_mt-1] [WARN] [1785591926.834366868] [sensing.lidar.concatenate_data]: transformed_raw_points[/sensing/lidar/left/pointcloud_before_sync] is nullptr, skipping pointcloud publish.
[INFO] [launch_ros.actions.load_composable_nodes]: Loaded node '/adapi/node/vehicle_status' in container '/adapi/container'
[component_container_mt-1] [WARN] [1785591927.032405378] [sensing.lidar.concatenate_data]: transformed_raw_points[/sensing/lidar/right/pointcloud_before_sync] is nullptr, skipping pointcloud publish.
[component_container_mt-1] [WARN] [1785591927.032490530] [sensing.lidar.concatenate_data]: transformed_raw_points[/sensing/lidar/left/pointcloud_before_sync] is nullptr, skipping pointcloud publish.
[autoware_mrm_handler_node-13] [INFO] [1785591927.082068507] [system.mrm_handler]: MRM State changed: NORMAL -> MRM_OPERATING
[autoware_mrm_handler_node-13] [WARN] [1785591927.086280189] [system.mrm_handler]: EMERGENCY_STOP is operated.
[component_container_mt-47] [WARN] [1785591927.095905094] [control.vehicle_cmd_gate]: system_emergency heartbeat is timeout.
[autoware_mrm_handler_node-13] [INFO] [1785591927.182039495] [system.mrm_handler]: MRM State changed: MRM_OPERATING -> NORMAL
[autoware_mrm_handler_node-13] [WARN] [1785591927.182343484] [system.mrm_handler]: EMERGENCY_STOP is canceled.
[INFO] [launch_ros.actions.load_composable_nodes]: Loaded node '/adapi/node/vehicle_command' in container '/adapi/container'
[component_container_mt-1] [WARN] [1785591927.231987536] [sensing.lidar.concatenate_data]: transformed_raw_points[/sensing/lidar/right/pointcloud_before_sync] is nullptr, skipping pointcloud publish.
[component_container_mt-1] [WARN] [1785591927.232060602] [sensing.lidar.concatenate_data]: transformed_raw_points[/sensing/lidar/left/pointcloud_before_sync] is nullptr, skipping pointcloud publish.
[component_container_mt-1] [WARN] [1785591927.333711466] [sensing.lidar.concatenate_data]: transformed_raw_points[/sensing/lidar/right/pointcloud_before_sync] is nullptr, skipping pointcloud publish.
[component_container_mt-1] [WARN] [1785591927.333786422] [sensing.lidar.concatenate_data]: transformed_raw_points[/sensing/lidar/left/pointcloud_before_sync] is nullptr, skipping pointcloud publish.
[INFO] [launch_ros.actions.load_composable_nodes]: Loaded node '/adapi/node/vehicle_metrics' in container '/adapi/container'
[autoware_pose_initializer_node-26] [INFO] [1785591927.399543515] [localization.util.pose_initializer]: Call align server.
[component_container_mt-1] [WARN] [1785591927.435251147] [sensing.lidar.concatenate_data]: transformed_raw_points[/sensing/lidar/right/pointcloud_before_sync] is nullptr, skipping pointcloud publish.
[component_container_mt-1] [WARN] [1785591927.435337446] [sensing.lidar.concatenate_data]: transformed_raw_points[/sensing/lidar/left/pointcloud_before_sync] is nullptr, skipping pointcloud publish.
[component_container-7] [WARN] [1785591927.483385687] [system.topic_state_monitor_control_command_control_cmd]: /control/command/control_cmd topic is timeout. Set ERROR in diagnostics.
[component_container_mt-1] [WARN] [1785591927.731915112] [sensing.lidar.concatenate_data]: transformed_raw_points[/sensing/lidar/right/pointcloud_before_sync] is nullptr, skipping pointcloud publish.
[component_container_mt-1] [WARN] [1785591927.732002310] [sensing.lidar.concatenate_data]: transformed_raw_points[/sensing/lidar/left/pointcloud_before_sync] is nullptr, skipping pointcloud publish.
[component_container_mt-1] [WARN] [1785591927.897743573] [localization.util.crop_box_filter_measurement_range]: Invalid PointCloud: row_step mismatch. Expected: 100352 (width 6272 * point_step 16), Got: 0. Frame: 'base_link', Stamp: 25.004059450 Please fill in the `cloud->row_step` field accordingly. This will be an ERROR starting in 2026 July
[component_container_mt-1] [WARN] [1785591927.932462345] [sensing.lidar.concatenate_data]: transformed_raw_points[/sensing/lidar/right/pointcloud_before_sync] is nullptr, skipping pointcloud publish.
[component_container_mt-1] [WARN] [1785591927.932527842] [sensing.lidar.concatenate_data]: transformed_raw_points[/sensing/lidar/left/pointcloud_before_sync] is nullptr, skipping pointcloud publish.
[autoware_mrm_handler_node-13] [INFO] [1785591928.082014852] [system.mrm_handler]: MRM State changed: NORMAL -> MRM_OPERATING
[component_container_mt-1] [WARN] [1785591928.082150588] [sensing.lidar.concatenate_data]: transformed_raw_points[/sensing/lidar/right/pointcloud_before_sync] is nullptr, skipping pointcloud publish.
[component_container_mt-1] [WARN] [1785591928.082217549] [sensing.lidar.concatenate_data]: transformed_raw_points[/sensing/lidar/left/pointcloud_before_sync] is nullptr, skipping pointcloud publish.
[autoware_mrm_handler_node-13] [WARN] [1785591928.086608080] [system.mrm_handler]: EMERGENCY_STOP is operated.
[autoware_mrm_handler_node-13] [INFO] [1785591928.184537305] [system.mrm_handler]: MRM State changed: MRM_OPERATING -> NORMAL
[autoware_mrm_handler_node-13] [WARN] [1785591928.187505233] [system.mrm_handler]: EMERGENCY_STOP is canceled.
[component_container_mt-1] [WARN] [1785591928.281969770] [sensing.lidar.concatenate_data]: transformed_raw_points[/sensing/lidar/right/pointcloud_before_sync] is nullptr, skipping pointcloud publish.
[component_container_mt-1] [WARN] [1785591928.282038399] [sensing.lidar.concatenate_data]: transformed_raw_points[/sensing/lidar/left/pointcloud_before_sync] is nullptr, skipping pointcloud publish.
[component_container_mt-40] [INFO] [1785591928.436348001] [planning.scenario_planning.lane_driving.behavior_planning.behavior_path_planner]: waiting for scenario_topic
[component_container_mt-1] [WARN] [1785591928.482070718] [sensing.lidar.concatenate_data]: transformed_raw_points[/sensing/lidar/right/pointcloud_before_sync] is nullptr, skipping pointcloud publish.
[component_container_mt-1] [WARN] [1785591928.482143475] [sensing.lidar.concatenate_data]: transformed_raw_points[/sensing/lidar/left/pointcloud_before_sync] is nullptr, skipping pointcloud publish.
[INFO] [launch_ros.actions.load_composable_nodes]: Loaded node '/adapi/node/vehicle_info' in container '/adapi/container'
[component_container-7] [INFO] [1785591928.533704811] [system.topic_state_monitor_mission_planning_route]: /planning/mission_planning/route has not received. Set ERROR in diagnostics.
[component_container_mt-1] [WARN] [1785591928.583374675] [sensing.lidar.concatenate_data]: transformed_raw_points[/sensing/lidar/right/pointcloud_before_sync] is nullptr, skipping pointcloud publish.
[component_container_mt-1] [WARN] [1785591928.583456083] [sensing.lidar.concatenate_data]: transformed_raw_points[/sensing/lidar/left/pointcloud_before_sync] is nullptr, skipping pointcloud publish.
[autoware_ekf_localizer_node-28] [WARN] [1785591928.635474920] [localization.pose_twist_fusion_filter.ekf_localizer]: The node is not activated. Provide initial pose to pose_initializer
[autoware_scenario_selector_node-36] [INFO] [1785591928.681903025] [planning.scenario_planning.scenario_selector]: Waiting for current pose.
[component_container_mt-1] [WARN] [1785591928.683633787] [sensing.lidar.concatenate_data]: transformed_raw_points[/sensing/lidar/right/pointcloud_before_sync] is nullptr, skipping pointcloud publish.
[component_container_mt-1] [WARN] [1785591928.683700447] [sensing.lidar.concatenate_data]: transformed_raw_points[/sensing/lidar/left/pointcloud_before_sync] is nullptr, skipping pointcloud publish.
[logging_node-14] [WARN] [1785591928.781912882] [logging_diag_graph]: The target mode is not available for the following reasons:
[logging_node-14] - /autoware/modes/autonomous ERROR
[logging_node-14]     - /autoware/map ERROR
[logging_node-14]         - /autoware/map/topic_rate_check/pointcloud_map ERROR
[logging_node-14]     - /autoware/localization ERROR
[logging_node-14]         - /autoware/localization/state ERROR
[logging_node-14]         - [anonymous group] ERROR
[logging_node-14]             - /autoware/localization/topic_rate_check/transform ERROR
[logging_node-14]             - /autoware/localization/topic_rate_check/pose_twist_fusion ERROR
[logging_node-14]             - /autoware/localization/scan_matching_status STALE
[logging_node-14]             - /autoware/localization/accuracy STALE
[logging_node-14]             - /autoware/localization/sensor_fusion_status WARN 
[logging_node-14]     - /autoware/planning ERROR
[logging_node-14]         - /autoware/planning/routing/state ERROR
[logging_node-14]         - [anonymous group] ERROR
[logging_node-14]             - /autoware/planning/topic_rate_check/route ERROR
[logging_node-14]             - /autoware/planning/topic_rate_check/trajectory ERROR
[logging_node-14]     - /autoware/perception ERROR
[logging_node-14]         - /autoware/perception/topic_rate_check/objects ERROR
[logging_node-14]         - /autoware/perception/topic_rate_check/pointcloud ERROR
[logging_node-14]     - /autoware/control ERROR
[logging_node-14]         - /autoware/control/topic_rate_check/trajectory_follower ERROR
[logging_node-14]         - /autoware/control/topic_rate_check/control_command ERROR
[logging_node-14]         - /autoware/control/performance_monitoring/lane_departure STALE
[logging_node-14] 
[component_container_mt-1] [WARN] [1785591928.781974457] [sensing.lidar.concatenate_data]: transformed_raw_points[/sensing/lidar/right/pointcloud_before_sync] is nullptr, skipping pointcloud publish.
[component_container_mt-1] [WARN] [1785591928.782038037] [sensing.lidar.concatenate_data]: transformed_raw_points[/sensing/lidar/left/pointcloud_before_sync] is nullptr, skipping pointcloud publish.
[INFO] [launch_ros.actions.load_composable_nodes]: Loaded node '/adapi/node/vehicle_door' in container '/adapi/container'
[autoware_pose_initializer_node-26] [INFO] [1785591928.950706541] [localization.util.pose_initializer]: align server succeeded.
[autoware_pose_initializer_node-26] [INFO] [1785591928.951486736] [localization.util.pose_initializer]: EKF triggering service is available!
[autoware_pose_initializer_node-26] [INFO] [1785591928.958619820] [localization.util.pose_initializer]: EKF Activation succeeded
[autoware_pose_initializer_node-26] [INFO] [1785591928.959256948] [localization.util.pose_initializer]: NDT triggering service is available!
[autoware_pose_initializer_node-26] [INFO] [1785591928.959782201] [localization.util.pose_initializer]: NDT Activation succeeded
[autoware_pose_initializer_node-26] [INFO] [1785591928.960170652] [localization.util.pose_initializer]: EKF triggering service is available!
[autoware_pose_initializer_node-26] [INFO] [1785591928.962389122] [localization.util.pose_initializer]: EKF Deactivation succeeded
[autoware_pose_initializer_node-26] [INFO] [1785591928.962701074] [localization.util.pose_initializer]: NDT triggering service is available!
[autoware_pose_initializer_node-26] [INFO] [1785591928.963324210] [localization.util.pose_initializer]: NDT Deactivation succeeded
[autoware_pose_initializer_node-26] [INFO] [1785591928.963691700] [localization.util.pose_initializer]: Call align server.
[component_container_mt-1] [WARN] [1785591928.981952562] [sensing.lidar.concatenate_data]: transformed_raw_points[/sensing/lidar/right/pointcloud_before_sync] is nullptr, skipping pointcloud publish.
[component_container_mt-1] [WARN] [1785591928.982051707] [sensing.lidar.concatenate_data]: transformed_raw_points[/sensing/lidar/left/pointcloud_before_sync] is nullptr, skipping pointcloud publish.
[autoware_mrm_handler_node-13] [INFO] [1785591929.082107571] [system.mrm_handler]: MRM State changed: NORMAL -> MRM_OPERATING
[autoware_mrm_handler_node-13] [WARN] [1785591929.083663701] [system.mrm_handler]: EMERGENCY_STOP is operated.
[component_container_mt-47] [WARN] [1785591929.085170426] [control.vehicle_cmd_gate]: Emergency!
[component_container_mt-1] [WARN] [1785591929.182662783] [sensing.lidar.concatenate_data]: transformed_raw_points[/sensing/lidar/right/pointcloud_before_sync] is nullptr, skipping pointcloud publish.
[component_container_mt-1] [WARN] [1785591929.182736105] [sensing.lidar.concatenate_data]: transformed_raw_points[/sensing/lidar/left/pointcloud_before_sync] is nullptr, skipping pointcloud publish.
[autoware_mrm_handler_node-13] [INFO] [1785591929.183934369] [system.mrm_handler]: MRM State changed: MRM_OPERATING -> NORMAL
[autoware_mrm_handler_node-13] [WARN] [1785591929.185317826] [system.mrm_handler]: EMERGENCY_STOP is canceled.
[component_container_mt-1] [WARN] [1785591929.386104098] [sensing.lidar.concatenate_data]: transformed_raw_points[/sensing/lidar/right/pointcloud_before_sync] is nullptr, skipping pointcloud publish.
[component_container_mt-1] [WARN] [1785591929.386227867] [sensing.lidar.concatenate_data]: transformed_raw_points[/sensing/lidar/left/pointcloud_before_sync] is nullptr, skipping pointcloud publish.
[component_container_mt-42] [ERROR] [1785591929.583814961] [planning.scenario_planning.parking.costmap_generator]: Could not find a connection between 'map' and 'base_link' because they are not part of the same tree.Tf has two or more unconnected trees.
[component_container_mt-47] [INFO] [1785591929.732256533] [control.trajectory_follower.controller_node_exe]: Waiting for acceleration data
[component_container_mt-47] [INFO] [1785591929.732324614] [control.trajectory_follower.controller_node_exe]: Control is skipped since input data is not ready.
[component_container_mt-48] [INFO] [1785591929.782271277] [control.trajectory_follower.lane_departure_checker_node]: waiting for current_twist msg...
[component_container-18] [WARN] [1785591929.996227535] [sensing.lidar.top.crop_box_filter_self]: Invalid PointCloud: is_dense is false. The point cloud should be organized (dense) and contain only valid points. This will be an ERROR starting in 2026 JulyFrame: 'velodyne_top', Stamp: 27.104059481
[autoware_pose_initializer_node-26] [INFO] [1785591930.046194645] [localization.util.pose_initializer]: align server succeeded.
[autoware_pose_initializer_node-26] [INFO] [1785591930.046871762] [localization.util.pose_initializer]: EKF triggering service is available!
[autoware_pose_initializer_node-26] [INFO] [1785591930.048189779] [localization.util.pose_initializer]: EKF Activation succeeded
[autoware_pose_initializer_node-26] [INFO] [1785591930.048826343] [localization.util.pose_initializer]: NDT triggering service is available!
[autoware_pose_initializer_node-26] [INFO] [1785591930.051114529] [localization.util.pose_initializer]: NDT Activation succeeded
[autoware_mrm_handler_node-13] [INFO] [1785591930.082135699] [system.mrm_handler]: MRM State changed: NORMAL -> MRM_OPERATING
[autoware_mrm_handler_node-13] [WARN] [1785591930.082889757] [system.mrm_handler]: EMERGENCY_STOP is operated.
[autoware_scenario_selector_node-36] [INFO] [1785591930.084577787] [planning.scenario_planning.scenario_selector]: Waiting for route.
[autoware_mrm_handler_node-13] [INFO] [1785591930.182227247] [system.mrm_handler]: MRM State changed: MRM_OPERATING -> NORMAL
[autoware_mrm_handler_node-13] [WARN] [1785591930.183660706] [system.mrm_handler]: EMERGENCY_STOP is canceled.
[component_container_mt-1] [WARN] [1785591930.183732382] [sensing.lidar.concatenate_data]: transformed_raw_points[/sensing/lidar/right/pointcloud_before_sync] is nullptr, skipping pointcloud publish.
[component_container_mt-1] [WARN] [1785591930.183794486] [sensing.lidar.concatenate_data]: transformed_raw_points[/sensing/lidar/left/pointcloud_before_sync] is nullptr, skipping pointcloud publish.
[autoware_ndt_scan_matcher_node-24] [INFO] [1785591930.186754528] [localization.pose_estimator.ndt_scan_matcher]: Mismatch between pose timestamp and current timestamp
[component_container_mt-47] [WARN] [1785591930.244686922] [control.vehicle_cmd_gate]: Emergency!
[planning_evaluator-44] [WARN] [1785591930.248345956] [route_handler]: setMap() for invalid version map: 
[control_evaluator-49] [WARN] [1785591930.255038339] [route_handler]: setMap() for invalid version map: 
[component_container_mt-1] [WARN] [1785591930.282439732] [sensing.lidar.concatenate_data]: transformed_raw_points[/sensing/lidar/right/pointcloud_before_sync] is nullptr, skipping pointcloud publish.
[component_container_mt-1] [WARN] [1785591930.282499804] [sensing.lidar.concatenate_data]: transformed_raw_points[/sensing/lidar/left/pointcloud_before_sync] is nullptr, skipping pointcloud publish.
[component_container_mt-48] [INFO] [1785591930.283173990] [control.trajectory_follower.lane_departure_checker_node]: waiting for route msg...
[component_container-7] [WARN] [1785591930.483658927] [system.topic_state_monitor_control_command_control_cmd]: /control/command/control_cmd topic rate has dropped to the warning level. Set WARN in diagnostics.
[component_container_mt-48] [INFO] [1785591930.582764710] [control.autonomous_emergency_braking]: [AEB] waiting for object pointcloud message
[component_container_mt-1] [WARN] [1785591930.583110119] [sensing.lidar.concatenate_data]: transformed_raw_points[/sensing/lidar/right/pointcloud_before_sync] is nullptr, skipping pointcloud publish.
[component_container_mt-1] [WARN] [1785591930.583174480] [sensing.lidar.concatenate_data]: transformed_raw_points[/sensing/lidar/left/pointcloud_before_sync] is nullptr, skipping pointcloud publish.
[autoware_ndt_scan_matcher_node-24] [INFO] [1785591930.585289335] [localization.pose_estimator.ndt_scan_matcher]: Mismatch between pose timestamp and current timestamp
[component_container_mt-1] [WARN] [1785591930.681857455] [sensing.lidar.concatenate_data]: transformed_raw_points[/sensing/lidar/right/pointcloud_before_sync] is nullptr, skipping pointcloud publish.
[component_container_mt-1] [WARN] [1785591930.682435023] [sensing.lidar.concatenate_data]: transformed_raw_points[/sensing/lidar/left/pointcloud_before_sync] is nullptr, skipping pointcloud publish.
[gyro_bias_estimator_node-22] [ERROR] [1785591930.689362484] [sensing.imu.gyro_bias_scale_validator]: DT_pose is zero
[component_container_mt-1] [WARN] [1785591930.882507130] [sensing.lidar.concatenate_data]: transformed_raw_points[/sensing/lidar/right/pointcloud_before_sync] is nullptr, skipping pointcloud publish.
[component_container_mt-1] [WARN] [1785591930.882584017] [sensing.lidar.concatenate_data]: transformed_raw_points[/sensing/lidar/left/pointcloud_before_sync] is nullptr, skipping pointcloud publish.
[component_container-18] [WARN] [1785591931.494278392] [sensing.lidar.top.distortion_corrector_node]: Twist time_stamp is too late. Could not interpolate.
[component_container-7] [INFO] [1785591931.532033663] [system.topic_state_monitor_pointcloud_map]: /map/pointcloud_map has not received. Set ERROR in diagnostics.
[component_container_mt-1] [WARN] [1785591931.682072630] [sensing.lidar.concatenate_data]: transformed_raw_points[/sensing/lidar/right/pointcloud_before_sync] is nullptr, skipping pointcloud publish.
[component_container_mt-1] [WARN] [1785591931.682151921] [sensing.lidar.concatenate_data]: transformed_raw_points[/sensing/lidar/left/pointcloud_before_sync] is nullptr, skipping pointcloud publish.
[component_container_mt-47] [INFO] [1785591931.683922695] [control.vehicle_cmd_gate]: The operation mode is changed, but the GearCommand is not received yet:
[logging_node-14] [WARN] [1785591931.781945027] [logging_diag_graph]: The target mode is not available for the following reasons:
[logging_node-14] - /autoware/modes/autonomous ERROR
[logging_node-14]     - /autoware/map ERROR
[logging_node-14]         - /autoware/map/topic_rate_check/pointcloud_map ERROR
[logging_node-14]     - /autoware/localization ERROR
[logging_node-14]         - /autoware/localization/state ERROR
[logging_node-14]         - [anonymous group] ERROR
[logging_node-14]             - /autoware/localization/topic_rate_check/transform ERROR
[logging_node-14]     - /autoware/planning ERROR
[logging_node-14]         - /autoware/planning/routing/state ERROR
[logging_node-14]         - [anonymous group] ERROR
[logging_node-14]             - /autoware/planning/topic_rate_check/route ERROR
[logging_node-14]             - /autoware/planning/topic_rate_check/trajectory ERROR
[logging_node-14]     - /autoware/perception ERROR
[logging_node-14]         - /autoware/perception/topic_rate_check/objects ERROR
[logging_node-14]         - /autoware/perception/topic_rate_check/pointcloud ERROR
[logging_node-14]     - /autoware/control ERROR
[logging_node-14]         - /autoware/control/topic_rate_check/trajectory_follower ERROR
[logging_node-14]         - /autoware/control/topic_rate_check/control_command ERROR
[logging_node-14]         - /autoware/control/performance_monitoring/lane_departure STALE
[logging_node-14]         - /autoware/control/performance_monitoring/control_state STALE
[logging_node-14] 
[autoware_mrm_handler_node-13] [INFO] [1785591932.082018874] [system.mrm_handler]: MRM State changed: NORMAL -> MRM_OPERATING
[autoware_mrm_handler_node-13] [WARN] [1785591932.082791658] [system.mrm_handler]: EMERGENCY_STOP is operated.
[component_container_mt-47] [WARN] [1785591932.134124715] [control.vehicle_cmd_gate]: Emergency!
[autoware_mrm_handler_node-13] [INFO] [1785591932.181979391] [system.mrm_handler]: MRM State changed: MRM_OPERATING -> NORMAL
[autoware_mrm_handler_node-13] [WARN] [1785591932.183420963] [system.mrm_handler]: EMERGENCY_STOP is canceled.
[component_container_mt-1] [WARN] [1785591932.184708684] [sensing.lidar.concatenate_data]: transformed_raw_points[/sensing/lidar/right/pointcloud_before_sync] is nullptr, skipping pointcloud publish.
[component_container_mt-1] [WARN] [1785591932.184981884] [sensing.lidar.concatenate_data]: transformed_raw_points[/sensing/lidar/left/pointcloud_before_sync] is nullptr, skipping pointcloud publish.
[component_container_mt-1] [WARN] [1785591932.582267264] [sensing.lidar.concatenate_data]: transformed_raw_points[/sensing/lidar/right/pointcloud_before_sync] is nullptr, skipping pointcloud publish.
[component_container_mt-1] [WARN] [1785591932.582348375] [sensing.lidar.concatenate_data]: transformed_raw_points[/sensing/lidar/left/pointcloud_before_sync] is nullptr, skipping pointcloud publish.
[autoware_mrm_handler_node-13] [INFO] [1785591933.082083871] [system.mrm_handler]: MRM State changed: NORMAL -> MRM_OPERATING
[autoware_mrm_handler_node-13] [WARN] [1785591933.086265456] [system.mrm_handler]: EMERGENCY_STOP is operated.
[autoware_mrm_handler_node-13] [INFO] [1785591933.183323155] [system.mrm_handler]: MRM State changed: MRM_OPERATING -> NORMAL
[autoware_mrm_handler_node-13] [WARN] [1785591933.183761495] [system.mrm_handler]: EMERGENCY_STOP is canceled.
[component_container_mt-1] [WARN] [1785591933.249978554] [localization.util.crop_box_filter_measurement_range]: Invalid PointCloud: row_step mismatch. Expected: 102128 (width 6383 * point_step 16), Got: 0. Frame: 'base_link', Stamp: 30.304059529 Please fill in the `cloud->row_step` field accordingly. This will be an ERROR starting in 2026 July
[component_container_mt-1] [WARN] [1785591933.382640936] [sensing.lidar.concatenate_data]: transformed_raw_points[/sensing/lidar/right/pointcloud_before_sync] is nullptr, skipping pointcloud publish.
[component_container_mt-1] [WARN] [1785591933.383128064] [sensing.lidar.concatenate_data]: transformed_raw_points[/sensing/lidar/left/pointcloud_before_sync] is nullptr, skipping pointcloud publish.
[component_container_mt-40] [INFO] [1785591933.486050896] [planning.scenario_planning.lane_driving.behavior_planning.behavior_path_planner]: waiting for scenario_topic
[component_container-7] [WARN] [1785591933.570273080] [system.topic_state_monitor_transform_map_to_base_link]: /tf topic is timeout. Set ERROR in diagnostics.
[component_container_mt-1] [WARN] [1785591933.785003568] [sensing.lidar.concatenate_data]: transformed_raw_points[/sensing/lidar/right/pointcloud_before_sync] is nullptr, skipping pointcloud publish.
[component_container_mt-1] [WARN] [1785591933.785074647] [sensing.lidar.concatenate_data]: transformed_raw_points[/sensing/lidar/left/pointcloud_before_sync] is nullptr, skipping pointcloud publish.
[autoware_mrm_handler_node-13] [INFO] [1785591934.082216397] [system.mrm_handler]: MRM State changed: NORMAL -> MRM_OPERATING
[autoware_mrm_handler_node-13] [WARN] [1785591934.082614506] [system.mrm_handler]: EMERGENCY_STOP is operated.
[component_container_mt-47] [WARN] [1785591934.132597352] [control.vehicle_cmd_gate]: Emergency!
[component_container_mt-48] [INFO] [1785591934.132844852] [control.control_validator]: waiting for /planning/trajectory
[autoware_mrm_handler_node-13] [INFO] [1785591934.182081983] [system.mrm_handler]: MRM State changed: MRM_OPERATING -> NORMAL
[autoware_mrm_handler_node-13] [WARN] [1785591934.187429133] [system.mrm_handler]: EMERGENCY_STOP is canceled.
[component_container_mt-1] [WARN] [1785591934.482536313] [sensing.lidar.concatenate_data]: transformed_raw_points[/sensing/lidar/right/pointcloud_before_sync] is nullptr, skipping pointcloud publish.
[component_container_mt-1] [WARN] [1785591934.482613006] [sensing.lidar.concatenate_data]: transformed_raw_points[/sensing/lidar/left/pointcloud_before_sync] is nullptr, skipping pointcloud publish.
[component_container-7] [INFO] [1785591934.586677488] [system.topic_state_monitor_pointcloud_map]: /map/pointcloud_map has not received. Set ERROR in diagnostics.
[component_container_mt-47] [INFO] [1785591934.739708489] [control.trajectory_follower.controller_node_exe]: Waiting for trajectory data
[component_container_mt-47] [INFO] [1785591934.739767648] [control.trajectory_follower.controller_node_exe]: Control is skipped since input data is not ready.
[logging_node-14] [WARN] [1785591934.883219897] [logging_diag_graph]: The target mode is not available for the following reasons:
[logging_node-14] - /autoware/modes/autonomous ERROR
[logging_node-14]     - /autoware/map ERROR
[logging_node-14]         - /autoware/map/topic_rate_check/pointcloud_map ERROR
[logging_node-14]     - /autoware/localization ERROR
[logging_node-14]         - [anonymous group] ERROR
[logging_node-14]             - /autoware/localization/topic_rate_check/transform ERROR
[logging_node-14]             - /autoware/localization/accuracy ERROR
[logging_node-14]             - /autoware/localization/sensor_fusion_status ERROR
[logging_node-14]     - /autoware/planning ERROR
[logging_node-14]         - /autoware/planning/routing/state ERROR
[logging_node-14]         - [anonymous group] ERROR
[logging_node-14]             - /autoware/planning/topic_rate_check/route ERROR
[logging_node-14]             - /autoware/planning/topic_rate_check/trajectory ERROR
[logging_node-14]     - /autoware/perception ERROR
[logging_node-14]         - /autoware/perception/topic_rate_check/objects ERROR
[logging_node-14]         - /autoware/perception/topic_rate_check/pointcloud ERROR
[logging_node-14]     - /autoware/control ERROR
[logging_node-14]         - /autoware/control/topic_rate_check/trajectory_follower ERROR
[logging_node-14]         - /autoware/control/topic_rate_check/control_command WARN 
[logging_node-14] 
[component_container_mt-1] [WARN] [1785591935.083641830] [sensing.lidar.concatenate_data]: transformed_raw_points[/sensing/lidar/right/pointcloud_before_sync] is nullptr, skipping pointcloud publish.
[autoware_scenario_selector_node-36] [INFO] [1785591935.084217316] [planning.scenario_planning.scenario_selector]: Waiting for route.
[component_container_mt-1] [WARN] [1785591935.084614342] [sensing.lidar.concatenate_data]: transformed_raw_points[/sensing/lidar/left/pointcloud_before_sync] is nullptr, skipping pointcloud publish.
[autoware_mrm_handler_node-13] [INFO] [1785591935.088866585] [system.mrm_handler]: MRM State changed: NORMAL -> MRM_OPERATING
[autoware_mrm_handler_node-13] [WARN] [1785591935.096912355] [system.mrm_handler]: EMERGENCY_STOP is operated.
[autoware_mrm_handler_node-13] [INFO] [1785591935.182457098] [system.mrm_handler]: MRM State changed: MRM_OPERATING -> MRM_SUCCEEDED
[component_container-18] [WARN] [1785591935.213170674] [sensing.lidar.top.crop_box_filter_self]: Invalid PointCloud: is_dense is false. The point cloud should be organized (dense) and contain only valid points. This will be an ERROR starting in 2026 JulyFrame: 'velodyne_top', Stamp: 32.304059558
[component_container_mt-47] [WARN] [1785591935.229954436] [control.vehicle_cmd_gate]: Emergency!
[autoware_mrm_handler_node-13] [INFO] [1785591935.283764421] [system.mrm_handler]: MRM State changed: MRM_SUCCEEDED -> NORMAL
[autoware_mrm_handler_node-13] [WARN] [1785591935.284658621] [system.mrm_handler]: EMERGENCY_STOP is canceled.
[component_container_mt-48] [INFO] [1785591935.285553982] [control.trajectory_follower.lane_departure_checker_node]: waiting for route msg...
[autoware_ekf_localizer_node-28] [WARN] [1785591935.333655687] [localization.pose_twist_fusion_filter.ekf_localizer]: EKF period may be too slow to finish pose smoothing!! (0.1000 sec)
[component_container_mt-48] [INFO] [1785591935.632834836] [control.autonomous_emergency_braking]: [AEB] waiting for object pointcloud message
[component_container_mt-1] [WARN] [1785591935.886915016] [sensing.lidar.concatenate_data]: transformed_raw_points[/sensing/lidar/right/pointcloud_before_sync] is nullptr, skipping pointcloud publish.
[component_container_mt-1] [WARN] [1785591935.886997493] [sensing.lidar.concatenate_data]: transformed_raw_points[/sensing/lidar/left/pointcloud_before_sync] is nullptr, skipping pointcloud publish.
[autoware_ndt_scan_matcher_node-24] [INFO] [1785591935.890528354] [localization.pose_estimator.ndt_scan_matcher]: Mismatch between pose timestamp and current timestamp
[component_container_mt-1] [WARN] [1785591936.082804854] [sensing.lidar.concatenate_data]: transformed_raw_points[/sensing/lidar/right/pointcloud_before_sync] is nullptr, skipping pointcloud publish.
[component_container_mt-1] [WARN] [1785591936.082873309] [sensing.lidar.concatenate_data]: transformed_raw_points[/sensing/lidar/left/pointcloud_before_sync] is nullptr, skipping pointcloud publish.
[component_container-7] [WARN] [1785591936.586813768] [system.topic_state_monitor_control_command_control_cmd]: /control/command/control_cmd topic is timeout. Set ERROR in diagnostics.
[component_container_mt-47] [INFO] [1785591936.690879663] [control.vehicle_cmd_gate]: The operation mode is changed, but the GearCommand is not received yet:
[autoware_mrm_handler_node-13] [INFO] [1785591937.082084548] [system.mrm_handler]: MRM State changed: NORMAL -> MRM_OPERATING
[autoware_mrm_handler_node-13] [WARN] [1785591937.084096764] [system.mrm_handler]: EMERGENCY_STOP is operated.
[autoware_mrm_handler_node-13] [INFO] [1785591937.182602763] [system.mrm_handler]: MRM State changed: MRM_OPERATING -> NORMAL
[autoware_mrm_handler_node-13] [WARN] [1785591937.183269774] [system.mrm_handler]: EMERGENCY_STOP is canceled.
[component_container_mt-47] [WARN] [1785591937.332173625] [control.vehicle_cmd_gate]: system_emergency heartbeat is timeout.
[component_container-7] [INFO] [1785591937.590678599] [system.topic_state_monitor_object_recognition_objects]: /perception/object_recognition/objects has not received. Set ERROR in diagnostics.
[logging_node-14] [WARN] [1785591937.983440950] [logging_diag_graph]: The target mode is not available for the following reasons:
[logging_node-14] - /autoware/modes/autonomous ERROR
[logging_node-14]     - /autoware/map ERROR
[logging_node-14]         - /autoware/map/topic_rate_check/pointcloud_map ERROR
[logging_node-14]     - /autoware/localization ERROR
[logging_node-14]         - [anonymous group] ERROR
[logging_node-14]             - /autoware/localization/topic_rate_check/transform ERROR
[logging_node-14]             - /autoware/localization/scan_matching_status STALE
[logging_node-14]             - /autoware/localization/accuracy ERROR
[logging_node-14]             - /autoware/localization/sensor_fusion_status ERROR
[logging_node-14]     - /autoware/planning ERROR
[logging_node-14]         - /autoware/planning/routing/state ERROR
[logging_node-14]         - [anonymous group] ERROR
[logging_node-14]             - /autoware/planning/topic_rate_check/route ERROR
[logging_node-14]             - /autoware/planning/topic_rate_check/trajectory ERROR
[logging_node-14]     - /autoware/perception ERROR
[logging_node-14]         - /autoware/perception/topic_rate_check/objects ERROR
[logging_node-14]         - /autoware/perception/topic_rate_check/pointcloud ERROR
[logging_node-14]     - /autoware/control ERROR
[logging_node-14]         - /autoware/control/topic_rate_check/trajectory_follower ERROR
[logging_node-14]         - /autoware/control/topic_rate_check/control_command WARN 
[logging_node-14]     - /adapi/mrm_request/delegate STALE
[logging_node-14] 
[component_container_mt-1] [WARN] [1785591937.983802844] [sensing.lidar.concatenate_data]: transformed_raw_points[/sensing/lidar/right/pointcloud_before_sync] is nullptr, skipping pointcloud publish.
[component_container_mt-1] [WARN] [1785591937.984470869] [sensing.lidar.concatenate_data]: transformed_raw_points[/sensing/lidar/left/pointcloud_before_sync] is nullptr, skipping pointcloud publish.
[autoware_mrm_handler_node-13] [INFO] [1785591938.083568561] [system.mrm_handler]: MRM State changed: NORMAL -> MRM_OPERATING
[autoware_mrm_handler_node-13] [WARN] [1785591938.083993354] [system.mrm_handler]: EMERGENCY_STOP is operated.
[autoware_mrm_handler_node-13] [INFO] [1785591938.181796523] [system.mrm_handler]: MRM State changed: MRM_OPERATING -> NORMAL
[component_container_mt-1] [WARN] [1785591938.182136524] [sensing.lidar.concatenate_data]: transformed_raw_points[/sensing/lidar/right/pointcloud_before_sync] is nullptr, skipping pointcloud publish.
[component_container_mt-1] [WARN] [1785591938.182182010] [sensing.lidar.concatenate_data]: transformed_raw_points[/sensing/lidar/left/pointcloud_before_sync] is nullptr, skipping pointcloud publish.
[autoware_mrm_handler_node-13] [WARN] [1785591938.182160768] [system.mrm_handler]: EMERGENCY_STOP is canceled.
[component_container_mt-1] [WARN] [1785591938.384095808] [sensing.lidar.concatenate_data]: transformed_raw_points[/sensing/lidar/right/pointcloud_before_sync] is nullptr, skipping pointcloud publish.
[component_container_mt-1] [WARN] [1785591938.384157894] [sensing.lidar.concatenate_data]: transformed_raw_points[/sensing/lidar/left/pointcloud_before_sync] is nullptr, skipping pointcloud publish.
[component_container_mt-1] [WARN] [1785591938.503654625] [localization.util.crop_box_filter_measurement_range]: Invalid PointCloud: row_step mismatch. Expected: 99184 (width 6199 * point_step 16), Got: 0. Frame: 'base_link', Stamp: 35.604059608 Please fill in the `cloud->row_step` field accordingly. This will be an ERROR starting in 2026 July
[component_container_mt-40] [INFO] [1785591938.593153318] [planning.scenario_planning.lane_driving.behavior_planning.behavior_path_planner]: waiting for scenario_topic
[component_container_mt-1] [WARN] [1785591938.687184731] [sensing.lidar.concatenate_data]: transformed_raw_points[/sensing/lidar/right/pointcloud_before_sync] is nullptr, skipping pointcloud publish.
[component_container_mt-1] [WARN] [1785591938.687257894] [sensing.lidar.concatenate_data]: transformed_raw_points[/sensing/lidar/left/pointcloud_before_sync] is nullptr, skipping pointcloud publish.
[autoware_ndt_scan_matcher_node-24] [INFO] [1785591938.688641250] [localization.pose_estimator.ndt_scan_matcher]: Mismatch between pose timestamp and current timestamp
[autoware_ekf_localizer_node-28] [WARN] [1785591938.734027477] [localization.pose_twist_fusion_filter.ekf_localizer]: EKF period may be too slow to finish pose smoothing!! (0.1000 sec)
[component_container_mt-1] [WARN] [1785591938.783158213] [sensing.lidar.concatenate_data]: transformed_raw_points[/sensing/lidar/right/pointcloud_before_sync] is nullptr, skipping pointcloud publish.
[component_container_mt-1] [WARN] [1785591938.783230257] [sensing.lidar.concatenate_data]: transformed_raw_points[/sensing/lidar/left/pointcloud_before_sync] is nullptr, skipping pointcloud publish.
[autoware_ndt_scan_matcher_node-24] [INFO] [1785591938.786656745] [localization.pose_estimator.ndt_scan_matcher]: pose_buffer_.size() < 2
[component_container_mt-1] [WARN] [1785591938.883622617] [sensing.lidar.concatenate_data]: transformed_raw_points[/sensing/lidar/right/pointcloud_before_sync] is nullptr, skipping pointcloud publish.
[component_container_mt-1] [WARN] [1785591938.883716584] [sensing.lidar.concatenate_data]: transformed_raw_points[/sensing/lidar/left/pointcloud_before_sync] is nullptr, skipping pointcloud publish.
[autoware_ndt_scan_matcher_node-24] [INFO] [1785591938.886828134] [localization.pose_estimator.ndt_scan_matcher]: Mismatch between pose timestamp and current timestamp
[component_container_mt-1] [WARN] [1785591938.985535550] [sensing.lidar.concatenate_data]: transformed_raw_points[/sensing/lidar/right/pointcloud_before_sync] is nullptr, skipping pointcloud publish.
[component_container_mt-1] [WARN] [1785591938.985608537] [sensing.lidar.concatenate_data]: transformed_raw_points[/sensing/lidar/left/pointcloud_before_sync] is nullptr, skipping pointcloud publish.
[autoware_mrm_handler_node-13] [INFO] [1785591939.084688461] [system.mrm_handler]: MRM State changed: NORMAL -> MRM_OPERATING
[autoware_mrm_handler_node-13] [WARN] [1785591939.085436366] [system.mrm_handler]: EMERGENCY_STOP is operated.
[component_container_mt-47] [WARN] [1785591939.142560543] [control.vehicle_cmd_gate]: Emergency!
[component_container_mt-48] [INFO] [1785591939.145709874] [control.control_validator]: waiting for /planning/trajectory
[autoware_mrm_handler_node-13] [INFO] [1785591939.183282723] [system.mrm_handler]: MRM State changed: MRM_OPERATING -> MRM_SUCCEEDED
[component_container_mt-1] [WARN] [1785591939.183938414] [sensing.lidar.concatenate_data]: transformed_raw_points[/sensing/lidar/right/pointcloud_before_sync] is nullptr, skipping pointcloud publish.
[component_container_mt-1] [WARN] [1785591939.183990171] [sensing.lidar.concatenate_data]: transformed_raw_points[/sensing/lidar/left/pointcloud_before_sync] is nullptr, skipping pointcloud publish.
[autoware_mrm_handler_node-13] [INFO] [1785591939.285455657] [system.mrm_handler]: MRM State changed: MRM_SUCCEEDED -> NORMAL
[autoware_mrm_handler_node-13] [WARN] [1785591939.286068024] [system.mrm_handler]: EMERGENCY_STOP is canceled.
[component_container-7] [WARN] [1785591939.638848503] [system.topic_state_monitor_control_command_control_cmd]: /control/command/control_cmd topic rate has dropped to the warning level. Set WARN in diagnostics.
[component_container_mt-47] [INFO] [1785591939.741921991] [control.trajectory_follower.controller_node_exe]: Waiting for trajectory data
[component_container_mt-47] [INFO] [1785591939.741986596] [control.trajectory_follower.controller_node_exe]: Control is skipped since input data is not ready.
[autoware_scenario_selector_node-36] [INFO] [1785591940.084584079] [planning.scenario_planning.scenario_selector]: Waiting for route.
[component_container-18] [WARN] [1785591940.200428695] [sensing.lidar.top.crop_box_filter_self]: Invalid PointCloud: is_dense is false. The point cloud should be organized (dense) and contain only valid points. This will be an ERROR starting in 2026 JulyFrame: 'velodyne_top', Stamp: 37.304059633
[component_container_mt-48] [INFO] [1785591940.284883759] [control.trajectory_follower.lane_departure_checker_node]: waiting for route msg...
[component_container_mt-1] [WARN] [1785591940.381876341] [sensing.lidar.concatenate_data]: transformed_raw_points[/sensing/lidar/right/pointcloud_before_sync] is nullptr, skipping pointcloud publish.
[component_container_mt-1] [WARN] [1785591940.382087280] [sensing.lidar.concatenate_data]: transformed_raw_points[/sensing/lidar/left/pointcloud_before_sync] is nullptr, skipping pointcloud publish.
[autoware_ndt_scan_matcher_node-24] [INFO] [1785591940.384369147] [localization.pose_estimator.ndt_scan_matcher]: Mismatch between pose timestamp and current timestamp
[component_container_mt-1] [WARN] [1785591940.484433043] [sensing.lidar.concatenate_data]: transformed_raw_points[/sensing/lidar/right/pointcloud_before_sync] is nullptr, skipping pointcloud publish.
[component_container_mt-1] [WARN] [1785591940.484503718] [sensing.lidar.concatenate_data]: transformed_raw_points[/sensing/lidar/left/pointcloud_before_sync] is nullptr, skipping pointcloud publish.
[component_container_mt-1] [WARN] [1785591940.583631602] [sensing.lidar.concatenate_data]: transformed_raw_points[/sensing/lidar/right/pointcloud_before_sync] is nullptr, skipping pointcloud publish.
[component_container_mt-1] [WARN] [1785591940.583706334] [sensing.lidar.concatenate_data]: transformed_raw_points[/sensing/lidar/left/pointcloud_before_sync] is nullptr, skipping pointcloud publish.
[component_container-7] [INFO] [1785591940.633634823] [system.topic_state_monitor_pointcloud_map]: /map/pointcloud_map has not received. Set ERROR in diagnostics.
[autoware_ekf_localizer_node-28] [WARN] [1785591940.933798195] [localization.pose_twist_fusion_filter.ekf_localizer]: EKF period may be too slow to finish pose smoothing!! (0.1000 sec)
[component_container_mt-1] [WARN] [1785591941.081986545] [sensing.lidar.concatenate_data]: transformed_raw_points[/sensing/lidar/right/pointcloud_before_sync] is nullptr, skipping pointcloud publish.
[component_container_mt-1] [WARN] [1785591941.082060795] [sensing.lidar.concatenate_data]: transformed_raw_points[/sensing/lidar/left/pointcloud_before_sync] is nullptr, skipping pointcloud publish.
[logging_node-14] [WARN] [1785591941.081997473] [logging_diag_graph]: The target mode is not available for the following reasons:
[logging_node-14] - /autoware/modes/autonomous ERROR
[logging_node-14]     - /autoware/map ERROR
[logging_node-14]         - /autoware/map/topic_rate_check/pointcloud_map ERROR
[logging_node-14]     - /autoware/localization ERROR
[logging_node-14]         - [anonymous group] ERROR
[logging_node-14]             - /autoware/localization/topic_rate_check/transform ERROR
[logging_node-14]             - /autoware/localization/accuracy ERROR
[logging_node-14]             - /autoware/localization/sensor_fusion_status ERROR
[logging_node-14]     - /autoware/planning ERROR
[logging_node-14]         - /autoware/planning/routing/state ERROR
[logging_node-14]         - [anonymous group] ERROR
[logging_node-14]             - /autoware/planning/topic_rate_check/route ERROR
[logging_node-14]             - /autoware/planning/topic_rate_check/trajectory ERROR
[logging_node-14]             - /autoware/planning/trajectory_validation ERROR
[logging_node-14]     - /autoware/perception WARN 
[logging_node-14]         - /autoware/perception/topic_rate_check/objects WARN 
[logging_node-14]     - /autoware/control ERROR
[logging_node-14]         - /autoware/control/topic_rate_check/trajectory_follower ERROR
[logging_node-14]         - /autoware/control/topic_rate_check/control_command ERROR
[logging_node-14] 
[autoware_ndt_scan_matcher_node-24] [INFO] [1785591941.083389303] [localization.pose_estimator.ndt_scan_matcher]: Mismatch between pose timestamp and current timestamp
[component_container_mt-1] [WARN] [1785591941.282150176] [sensing.lidar.concatenate_data]: transformed_raw_points[/sensing/lidar/right/pointcloud_before_sync] is nullptr, skipping pointcloud publish.
[component_container_mt-1] [WARN] [1785591941.282226084] [sensing.lidar.concatenate_data]: transformed_raw_points[/sensing/lidar/left/pointcloud_before_sync] is nullptr, skipping pointcloud publish.
[component_container_mt-1] [WARN] [1785591941.483288179] [sensing.lidar.concatenate_data]: transformed_raw_points[/sensing/lidar/right/pointcloud_before_sync] is nullptr, skipping pointcloud publish.
[component_container_mt-1] [WARN] [1785591941.483351184] [sensing.lidar.concatenate_data]: transformed_raw_points[/sensing/lidar/left/pointcloud_before_sync] is nullptr, skipping pointcloud publish.
[component_container-18] [WARN] [1785591941.605111359] [sensing.lidar.top.distortion_corrector_node]: Twist time_stamp is too late. Could not interpolate.
[component_container_mt-1] [WARN] [1785591941.784827310] [sensing.lidar.concatenate_data]: transformed_raw_points[/sensing/lidar/right/pointcloud_before_sync] is nullptr, skipping pointcloud publish.
[component_container_mt-1] [WARN] [1785591941.784898608] [sensing.lidar.concatenate_data]: transformed_raw_points[/sensing/lidar/left/pointcloud_before_sync] is nullptr, skipping pointcloud publish.
[component_container_mt-47] [INFO] [1785591941.832628165] [control.vehicle_cmd_gate]: The operation mode is changed, but the GearCommand is not received yet:
[component_container_mt-1] [WARN] [1785591941.985814828] [sensing.lidar.concatenate_data]: transformed_raw_points[/sensing/lidar/right/pointcloud_before_sync] is nullptr, skipping pointcloud publish.
[component_container_mt-1] [WARN] [1785591941.985892645] [sensing.lidar.concatenate_data]: transformed_raw_points[/sensing/lidar/left/pointcloud_before_sync] is nullptr, skipping pointcloud publish.
[component_container-7] [WARN] [1785591942.685936998] [system.topic_state_monitor_object_recognition_objects]: /perception/object_recognition/objects topic rate has dropped to the warning level. Set WARN in diagnostics.
[component_container_mt-1] [WARN] [1785591942.983773079] [sensing.lidar.concatenate_data]: transformed_raw_points[/sensing/lidar/right/pointcloud_before_sync] is nullptr, skipping pointcloud publish.
[component_container_mt-1] [WARN] [1785591942.985254987] [sensing.lidar.concatenate_data]: transformed_raw_points[/sensing/lidar/left/pointcloud_before_sync] is nullptr, skipping pointcloud publish.
[autoware_ekf_localizer_node-28] [WARN] [1785591943.290150459] [localization.pose_twist_fusion_filter.ekf_localizer]: EKF period may be too slow to finish pose smoothing!! (0.1500 sec)
[component_container-7] [INFO] [1785591943.682449306] [system.topic_state_monitor_pointcloud_map]: /map/pointcloud_map has not received. Set ERROR in diagnostics.
[component_container_mt-1] [WARN] [1785591943.904188962] [localization.util.crop_box_filter_measurement_range]: Invalid PointCloud: row_step mismatch. Expected: 100288 (width 6268 * point_step 16), Got: 0. Frame: 'base_link', Stamp: 41.004059688 Please fill in the `cloud->row_step` field accordingly. This will be an ERROR starting in 2026 July
[component_container_mt-40] [INFO] [1785591944.033205851] [planning.scenario_planning.lane_driving.behavior_planning.behavior_path_planner]: waiting for scenario_topic
[component_container_mt-1] [WARN] [1785591944.081953376] [sensing.lidar.concatenate_data]: transformed_raw_points[/sensing/lidar/right/pointcloud_before_sync] is nullptr, skipping pointcloud publish.
[component_container_mt-1] [WARN] [1785591944.082030117] [sensing.lidar.concatenate_data]: transformed_raw_points[/sensing/lidar/left/pointcloud_before_sync] is nullptr, skipping pointcloud publish.
[logging_node-14] [WARN] [1785591944.083032691] [logging_diag_graph]: The target mode is not available for the following reasons:
[logging_node-14] - /autoware/modes/autonomous ERROR
[logging_node-14]     - /autoware/map ERROR
[logging_node-14]         - /autoware/map/topic_rate_check/pointcloud_map ERROR
[logging_node-14]     - /autoware/localization ERROR
[logging_node-14]         - [anonymous group] ERROR
[logging_node-14]             - /autoware/localization/topic_rate_check/transform ERROR
[logging_node-14]             - /autoware/localization/sensor_fusion_status ERROR
[logging_node-14]     - /autoware/planning ERROR
[logging_node-14]         - /autoware/planning/routing/state ERROR
[logging_node-14]         - [anonymous group] ERROR
[logging_node-14]             - /autoware/planning/topic_rate_check/route ERROR
[logging_node-14]             - /autoware/planning/topic_rate_check/trajectory ERROR
[logging_node-14]             - /autoware/planning/trajectory_validation ERROR
[logging_node-14]     - /autoware/perception ERROR
[logging_node-14]         - /autoware/perception/topic_rate_check/objects ERROR
[logging_node-14]     - /autoware/control ERROR
[logging_node-14]         - /autoware/control/topic_rate_check/trajectory_follower ERROR
[logging_node-14]         - /autoware/control/topic_rate_check/control_command ERROR
[logging_node-14]     - /adapi/mrm_request/delegate STALE
[logging_node-14] 
[autoware_ndt_scan_matcher_node-24] [INFO] [1785591944.084616153] [localization.pose_estimator.ndt_scan_matcher]: Mismatch between pose timestamp and current timestamp
[component_container_mt-1] [WARN] [1785591944.184285965] [sensing.lidar.concatenate_data]: transformed_raw_points[/sensing/lidar/right/pointcloud_before_sync] is nullptr, skipping pointcloud publish.
[component_container_mt-1] [WARN] [1785591944.184368546] [sensing.lidar.concatenate_data]: transformed_raw_points[/sensing/lidar/left/pointcloud_before_sync] is nullptr, skipping pointcloud publish.
[component_container_mt-1] [WARN] [1785591944.332651213] [sensing.lidar.concatenate_data]: transformed_raw_points[/sensing/lidar/right/pointcloud_before_sync] is nullptr, skipping pointcloud publish.
[component_container_mt-1] [WARN] [1785591944.332741070] [sensing.lidar.concatenate_data]: transformed_raw_points[/sensing/lidar/left/pointcloud_before_sync] is nullptr, skipping pointcloud publish.
[component_container_mt-1] [WARN] [1785591944.584474034] [sensing.lidar.concatenate_data]: transformed_raw_points[/sensing/lidar/right/pointcloud_before_sync] is nullptr, skipping pointcloud publish.
[component_container_mt-1] [WARN] [1785591944.584543639] [sensing.lidar.concatenate_data]: transformed_raw_points[/sensing/lidar/left/pointcloud_before_sync] is nullptr, skipping pointcloud publish.
[component_container_mt-47] [WARN] [1785591944.684537525] [control.autoware_operation_mode_transition_manager]: Subscribed control_cmd is timed out.
[component_container_mt-47] [INFO] [1785591944.782381668] [control.trajectory_follower.controller_node_exe]: Waiting for trajectory data
[component_container_mt-47] [INFO] [1785591944.782431099] [control.trajectory_follower.controller_node_exe]: Control is skipped since input data is not ready.
[component_container_mt-1] [WARN] [1785591944.882870674] [sensing.lidar.concatenate_data]: transformed_raw_points[/sensing/lidar/right/pointcloud_before_sync] is nullptr, skipping pointcloud publish.
[component_container_mt-1] [WARN] [1785591944.882952365] [sensing.lidar.concatenate_data]: transformed_raw_points[/sensing/lidar/left/pointcloud_before_sync] is nullptr, skipping pointcloud publish.
[component_container_mt-48] [INFO] [1785591944.893506796] [control.autonomous_emergency_braking]: [AEB] waiting for imu message
[component_container_mt-48] [INFO] [1785591944.893576519] [control.autonomous_emergency_braking]: [AEB] waiting for control predicted trajectory
[component_container_mt-48] [INFO] [1785591944.893584089] [control.autonomous_emergency_braking]: [AEB] At least one path (IMU or predicted trajectory) is required for operation
[autoware_mrm_handler_node-13] [INFO] [1785591945.083345485] [system.mrm_handler]: MRM State changed: NORMAL -> MRM_OPERATING
[autoware_scenario_selector_node-36] [INFO] [1785591945.084416980] [planning.scenario_planning.scenario_selector]: Waiting for route.
[autoware_mrm_handler_node-13] [WARN] [1785591945.091384992] [system.mrm_handler]: EMERGENCY_STOP is operated.
[autoware_mrm_handler_node-13] [INFO] [1785591945.182195162] [system.mrm_handler]: MRM State changed: MRM_OPERATING -> MRM_SUCCEEDED
[component_container_mt-47] [WARN] [1785591945.182888238] [control.vehicle_cmd_gate]: Emergency!
[component_container_mt-48] [INFO] [1785591945.244932380] [control.control_validator]: waiting for /planning/trajectory
[autoware_mrm_handler_node-13] [INFO] [1785591945.281817354] [system.mrm_handler]: MRM State changed: MRM_SUCCEEDED -> NORMAL
[autoware_mrm_handler_node-13] [WARN] [1785591945.282911632] [system.mrm_handler]: EMERGENCY_STOP is canceled.
[component_container_mt-48] [INFO] [1785591945.391035783] [control.trajectory_follower.lane_departure_checker_node]: waiting for route msg...
[component_container-18] [WARN] [1785591945.393326366] [sensing.lidar.top.crop_box_filter_self]: Invalid PointCloud: is_dense is false. The point cloud should be organized (dense) and contain only valid points. This will be an ERROR starting in 2026 JulyFrame: 'velodyne_top', Stamp: 42.504059710
[component_container_mt-1] [WARN] [1785591945.592519236] [sensing.lidar.concatenate_data]: transformed_raw_points[/sensing/lidar/right/pointcloud_before_sync] is nullptr, skipping pointcloud publish.
[component_container_mt-1] [WARN] [1785591945.592592861] [sensing.lidar.concatenate_data]: transformed_raw_points[/sensing/lidar/left/pointcloud_before_sync] is nullptr, skipping pointcloud publish.
[autoware_ndt_scan_matcher_node-24] [INFO] [1785591945.593882394] [localization.pose_estimator.ndt_scan_matcher]: Mismatch between pose timestamp and current timestamp
[component_container_mt-1] [WARN] [1785591945.681983600] [sensing.lidar.concatenate_data]: transformed_raw_points[/sensing/lidar/right/pointcloud_before_sync] is nullptr, skipping pointcloud publish.
[component_container_mt-1] [WARN] [1785591945.682058476] [sensing.lidar.concatenate_data]: transformed_raw_points[/sensing/lidar/left/pointcloud_before_sync] is nullptr, skipping pointcloud publish.
[component_container-7] [WARN] [1785591945.734452999] [system.topic_state_monitor_object_recognition_objects]: /perception/object_recognition/objects topic rate has dropped to the warning level. Set WARN in diagnostics.
[component_container_mt-1] [WARN] [1785591945.781911563] [sensing.lidar.concatenate_data]: transformed_raw_points[/sensing/lidar/right/pointcloud_before_sync] is nullptr, skipping pointcloud publish.
[component_container_mt-1] [WARN] [1785591945.782001331] [sensing.lidar.concatenate_data]: transformed_raw_points[/sensing/lidar/left/pointcloud_before_sync] is nullptr, skipping pointcloud publish.
[autoware_ndt_scan_matcher_node-24] [INFO] [1785591945.783173190] [localization.pose_estimator.ndt_scan_matcher]: Mismatch between pose timestamp and current timestamp
[component_container_mt-1] [WARN] [1785591945.883419657] [sensing.lidar.concatenate_data]: transformed_raw_points[/sensing/lidar/right/pointcloud_before_sync] is nullptr, skipping pointcloud publish.
[component_container_mt-1] [WARN] [1785591945.883502555] [sensing.lidar.concatenate_data]: transformed_raw_points[/sensing/lidar/left/pointcloud_before_sync] is nullptr, skipping pointcloud publish.
[autoware_ndt_scan_matcher_node-24] [INFO] [1785591945.884282577] [localization.pose_estimator.ndt_scan_matcher]: Mismatch between pose timestamp and current timestamp
[component_container_mt-1] [WARN] [1785591945.983496052] [sensing.lidar.concatenate_data]: transformed_raw_points[/sensing/lidar/right/pointcloud_before_sync] is nullptr, skipping pointcloud publish.
[component_container_mt-1] [WARN] [1785591945.983564269] [sensing.lidar.concatenate_data]: transformed_raw_points[/sensing/lidar/left/pointcloud_before_sync] is nullptr, skipping pointcloud publish.
[autoware_ndt_scan_matcher_node-24] [INFO] [1785591945.984351770] [localization.pose_estimator.ndt_scan_matcher]: Mismatch between pose timestamp and current timestamp
[component_container_mt-1] [WARN] [1785591946.083112929] [sensing.lidar.concatenate_data]: transformed_raw_points[/sensing/lidar/right/pointcloud_before_sync] is nullptr, skipping pointcloud publish.
[component_container_mt-1] [WARN] [1785591946.083189345] [sensing.lidar.concatenate_data]: transformed_raw_points[/sensing/lidar/left/pointcloud_before_sync] is nullptr, skipping pointcloud publish.
[autoware_ndt_scan_matcher_node-24] [INFO] [1785591946.085743894] [localization.pose_estimator.ndt_scan_matcher]: Mismatch between pose timestamp and current timestamp
[component_container_mt-1] [WARN] [1785591946.182885790] [sensing.lidar.concatenate_data]: transformed_raw_points[/sensing/lidar/right/pointcloud_before_sync] is nullptr, skipping pointcloud publish.
[component_container_mt-1] [WARN] [1785591946.182958040] [sensing.lidar.concatenate_data]: transformed_raw_points[/sensing/lidar/left/pointcloud_before_sync] is nullptr, skipping pointcloud publish.
[component_container_mt-1] [WARN] [1785591946.284472849] [sensing.lidar.concatenate_data]: transformed_raw_points[/sensing/lidar/right/pointcloud_before_sync] is nullptr, skipping pointcloud publish.
[component_container_mt-1] [WARN] [1785591946.284531210] [sensing.lidar.concatenate_data]: transformed_raw_points[/sensing/lidar/left/pointcloud_before_sync] is nullptr, skipping pointcloud publish.
[autoware_ekf_localizer_node-28] [WARN] [1785591946.332446517] [localization.pose_twist_fusion_filter.ekf_localizer]: EKF period may be too slow to finish pose smoothing!! (0.1000 sec)
[component_container_mt-1] [WARN] [1785591946.482068496] [sensing.lidar.concatenate_data]: transformed_raw_points[/sensing/lidar/right/pointcloud_before_sync] is nullptr, skipping pointcloud publish.
[component_container_mt-1] [WARN] [1785591946.482141902] [sensing.lidar.concatenate_data]: transformed_raw_points[/sensing/lidar/left/pointcloud_before_sync] is nullptr, skipping pointcloud publish.
[autoware_ndt_scan_matcher_node-24] [INFO] [1785591946.483026781] [localization.pose_estimator.ndt_scan_matcher]: Mismatch between pose timestamp and current timestamp
[component_container-7] [INFO] [1785591946.692578798] [system.topic_state_monitor_trajectory_follower_control_cmd]: /control/trajectory_follower/control_cmd has not received. Set ERROR in diagnostics.
[component_container_mt-1] [WARN] [1785591946.882564036] [sensing.lidar.concatenate_data]: transformed_raw_points[/sensing/lidar/right/pointcloud_before_sync] is nullptr, skipping pointcloud publish.
[component_container_mt-1] [WARN] [1785591946.882636583] [sensing.lidar.concatenate_data]: transformed_raw_points[/sensing/lidar/left/pointcloud_before_sync] is nullptr, skipping pointcloud publish.
[autoware_ndt_scan_matcher_node-24] [INFO] [1785591946.883527823] [localization.pose_estimator.ndt_scan_matcher]: Mismatch between pose timestamp and current timestamp
[component_container_mt-47] [INFO] [1785591946.887061697] [control.vehicle_cmd_gate]: The operation mode is changed, but the GearCommand is not received yet:
[component_container_mt-1] [WARN] [1785591946.982674056] [sensing.lidar.concatenate_data]: transformed_raw_points[/sensing/lidar/right/pointcloud_before_sync] is nullptr, skipping pointcloud publish.
[component_container_mt-1] [WARN] [1785591946.983202540] [sensing.lidar.concatenate_data]: transformed_raw_points[/sensing/lidar/left/pointcloud_before_sync] is nullptr, skipping pointcloud publish.
[autoware_mrm_handler_node-13] [INFO] [1785591947.083162669] [system.mrm_handler]: MRM State changed: NORMAL -> MRM_OPERATING
[logging_node-14] [WARN] [1785591947.083406633] [logging_diag_graph]: The target mode is not available for the following reasons:
[logging_node-14] - /autoware/modes/autonomous ERROR
[logging_node-14]     - /autoware/map ERROR
[logging_node-14]         - /autoware/map/topic_rate_check/pointcloud_map ERROR
[logging_node-14]     - /autoware/localization ERROR
[logging_node-14]         - [anonymous group] ERROR
[logging_node-14]             - /autoware/localization/topic_rate_check/transform ERROR
[logging_node-14]             - /autoware/localization/scan_matching_status WARN 
[logging_node-14]             - /autoware/localization/accuracy ERROR
[logging_node-14]             - /autoware/localization/sensor_fusion_status ERROR
[logging_node-14]     - /autoware/planning ERROR
[logging_node-14]         - /autoware/planning/routing/state ERROR
[logging_node-14]         - [anonymous group] ERROR
[logging_node-14]             - /autoware/planning/topic_rate_check/route ERROR
[logging_node-14]             - /autoware/planning/topic_rate_check/trajectory ERROR
[logging_node-14]             - /autoware/planning/trajectory_validation ERROR
[logging_node-14]     - /autoware/perception WARN 
[logging_node-14]         - /autoware/perception/topic_rate_check/objects WARN 
[logging_node-14]     - /autoware/control ERROR
[logging_node-14]         - /autoware/control/topic_rate_check/trajectory_follower ERROR
[logging_node-14]         - /autoware/control/topic_rate_check/control_command ERROR
[logging_node-14]     - /adapi/mrm_request/delegate STALE
[logging_node-14] 
[autoware_mrm_handler_node-13] [WARN] [1785591947.087603177] [system.mrm_handler]: EMERGENCY_STOP is operated.
[component_container_mt-47] [WARN] [1785591947.134511750] [control.vehicle_cmd_gate]: Emergency!
[autoware_mrm_handler_node-13] [INFO] [1785591947.183661717] [system.mrm_handler]: MRM State changed: MRM_OPERATING -> NORMAL
[autoware_mrm_handler_node-13] [WARN] [1785591947.193790682] [system.mrm_handler]: EMERGENCY_STOP is canceled.
[component_container_mt-1] [WARN] [1785591947.285353749] [sensing.lidar.concatenate_data]: transformed_raw_points[/sensing/lidar/right/pointcloud_before_sync] is nullptr, skipping pointcloud publish.
[component_container_mt-1] [WARN] [1785591947.286921828] [sensing.lidar.concatenate_data]: transformed_raw_points[/sensing/lidar/left/pointcloud_before_sync] is nullptr, skipping pointcloud publish.
[component_container_mt-1] [WARN] [1785591947.634549945] [sensing.lidar.concatenate_data]: transformed_raw_points[/sensing/lidar/right/pointcloud_before_sync] is nullptr, skipping pointcloud publish.
[component_container_mt-1] [WARN] [1785591947.635083290] [sensing.lidar.concatenate_data]: transformed_raw_points[/sensing/lidar/left/pointcloud_before_sync] is nullptr, skipping pointcloud publish.
[autoware_ndt_scan_matcher_node-24] [INFO] [1785591947.647000470] [localization.pose_estimator.ndt_scan_matcher]: Mismatch between pose timestamp and current timestamp
[autoware_ekf_localizer_node-28] [WARN] [1785591948.732285538] [localization.pose_twist_fusion_filter.ekf_localizer]: EKF period may be too slow to finish pose smoothing!! (0.1000 sec)
[component_container-7] [WARN] [1785591948.786389208] [system.topic_state_monitor_transform_map_to_base_link]: /tf topic is timeout. Set ERROR in diagnostics.
[component_container_mt-1] [WARN] [1785591949.005496376] [localization.util.crop_box_filter_measurement_range]: Invalid PointCloud: row_step mismatch. Expected: 101280 (width 6330 * point_step 16), Got: 0. Frame: 'base_link', Stamp: 46.104059764 Please fill in the `cloud->row_step` field accordingly. This will be an ERROR starting in 2026 July
[autoware_mrm_handler_node-13] [INFO] [1785591949.084121771] [system.mrm_handler]: MRM State changed: NORMAL -> MRM_OPERATING
[autoware_mrm_handler_node-13] [WARN] [1785591949.086778585] [system.mrm_handler]: EMERGENCY_STOP is operated.
[autoware_mrm_handler_node-13] [INFO] [1785591949.186827605] [system.mrm_handler]: MRM State changed: MRM_OPERATING -> NORMAL
[autoware_mrm_handler_node-13] [WARN] [1785591949.187098819] [system.mrm_handler]: EMERGENCY_STOP is canceled.
[component_container_mt-40] [INFO] [1785591949.306491360] [planning.scenario_planning.lane_driving.behavior_planning.behavior_path_planner]: waiting for scenario_topic
[component_container_mt-1] [WARN] [1785591949.587068831] [sensing.lidar.concatenate_data]: transformed_raw_points[/sensing/lidar/right/pointcloud_before_sync] is nullptr, skipping pointcloud publish.
[component_container_mt-1] [WARN] [1785591949.587148737] [sensing.lidar.concatenate_data]: transformed_raw_points[/sensing/lidar/left/pointcloud_before_sync] is nullptr, skipping pointcloud publish.
[component_container-7] [INFO] [1785591949.683626379] [system.topic_state_monitor_scenario_planning_trajectory]: /planning/trajectory has not received. Set ERROR in diagnostics.
[component_container_mt-1] [WARN] [1785591949.788049545] [sensing.lidar.concatenate_data]: transformed_raw_points[/sensing/lidar/right/pointcloud_before_sync] is nullptr, skipping pointcloud publish.
[component_container_mt-1] [WARN] [1785591949.788135987] [sensing.lidar.concatenate_data]: transformed_raw_points[/sensing/lidar/left/pointcloud_before_sync] is nullptr, skipping pointcloud publish.
[autoware_ndt_scan_matcher_node-24] [INFO] [1785591949.789656422] [localization.pose_estimator.ndt_scan_matcher]: Mismatch between pose timestamp and current timestamp
[component_container_mt-47] [INFO] [1785591949.833221390] [control.trajectory_follower.controller_node_exe]: Waiting for trajectory data
[component_container_mt-47] [INFO] [1785591949.833295225] [control.trajectory_follower.controller_node_exe]: Control is skipped since input data is not ready.
[component_container_mt-1] [WARN] [1785591949.884593138] [sensing.lidar.concatenate_data]: transformed_raw_points[/sensing/lidar/right/pointcloud_before_sync] is nullptr, skipping pointcloud publish.
[component_container_mt-1] [WARN] [1785591949.884665898] [sensing.lidar.concatenate_data]: transformed_raw_points[/sensing/lidar/left/pointcloud_before_sync] is nullptr, skipping pointcloud publish.
[component_container_mt-48] [INFO] [1785591949.932450542] [control.autonomous_emergency_braking]: [AEB] waiting for imu message
[component_container_mt-48] [INFO] [1785591949.932505310] [control.autonomous_emergency_braking]: [AEB] waiting for control predicted trajectory
[component_container_mt-48] [INFO] [1785591949.932511267] [control.autonomous_emergency_braking]: [AEB] At least one path (IMU or predicted trajectory) is required for operation
[logging_node-14] [WARN] [1785591950.082154154] [logging_diag_graph]: The target mode is not available for the following reasons:
[logging_node-14] - /autoware/modes/autonomous ERROR
[logging_node-14]     - /autoware/localization ERROR
[logging_node-14]         - [anonymous group] ERROR
[logging_node-14]             - /autoware/localization/topic_rate_check/transform ERROR
[logging_node-14]             - /autoware/localization/accuracy ERROR
[logging_node-14]             - /autoware/localization/sensor_fusion_status ERROR
[logging_node-14]     - /autoware/planning ERROR
[logging_node-14]         - /autoware/planning/routing/state ERROR
[logging_node-14]         - [anonymous group] ERROR
[logging_node-14]             - /autoware/planning/topic_rate_check/route ERROR
[logging_node-14]             - /autoware/planning/topic_rate_check/trajectory ERROR
[logging_node-14]     - /autoware/control ERROR
[logging_node-14]         - /autoware/control/topic_rate_check/trajectory_follower ERROR
[logging_node-14]         - /autoware/control/topic_rate_check/control_command ERROR
[logging_node-14] 
[autoware_scenario_selector_node-36] [INFO] [1785591950.082483913] [planning.scenario_planning.scenario_selector]: Waiting for route.
[autoware_mrm_handler_node-13] [INFO] [1785591950.083332231] [system.mrm_handler]: MRM State changed: NORMAL -> MRM_OPERATING
[autoware_mrm_handler_node-13] [WARN] [1785591950.084142675] [system.mrm_handler]: EMERGENCY_STOP is operated.
[component_container_mt-47] [WARN] [1785591950.084255165] [control.vehicle_cmd_gate]: system_emergency heartbeat is timeout.
[autoware_mrm_handler_node-13] [INFO] [1785591950.182548619] [system.mrm_handler]: MRM State changed: MRM_OPERATING -> NORMAL
[autoware_mrm_handler_node-13] [WARN] [1785591950.183799166] [system.mrm_handler]: EMERGENCY_STOP is canceled.
[component_container_mt-48] [INFO] [1785591950.485335772] [control.trajectory_follower.lane_departure_checker_node]: waiting for route msg...
[component_container-18] [WARN] [1785591950.494420652] [sensing.lidar.top.crop_box_filter_self]: Invalid PointCloud: is_dense is false. The point cloud should be organized (dense) and contain only valid points. This will be an ERROR starting in 2026 JulyFrame: 'velodyne_top', Stamp: 47.604059786
[component_container_mt-1] [WARN] [1785591950.684026201] [sensing.lidar.concatenate_data]: transformed_raw_points[/sensing/lidar/right/pointcloud_before_sync] is nullptr, skipping pointcloud publish.
[component_container_mt-1] [WARN] [1785591950.684104476] [sensing.lidar.concatenate_data]: transformed_raw_points[/sensing/lidar/left/pointcloud_before_sync] is nullptr, skipping pointcloud publish.
[autoware_ekf_localizer_node-28] [WARN] [1785591950.785373373] [localization.pose_twist_fusion_filter.ekf_localizer]: EKF period may be too slow to finish pose smoothing!! (0.1000 sec)
[component_container_mt-1] [WARN] [1785591950.883711026] [sensing.lidar.concatenate_data]: transformed_raw_points[/sensing/lidar/right/pointcloud_before_sync] is nullptr, skipping pointcloud publish.
[component_container_mt-1] [WARN] [1785591950.883771650] [sensing.lidar.concatenate_data]: transformed_raw_points[/sensing/lidar/left/pointcloud_before_sync] is nullptr, skipping pointcloud publish.
[autoware_mrm_handler_node-13] [INFO] [1785591950.982654024] [system.mrm_handler]: MRM State changed: NORMAL -> MRM_OPERATING
[autoware_mrm_handler_node-13] [WARN] [1785591950.986507366] [system.mrm_handler]: EMERGENCY_STOP is operated.
[component_container_mt-47] [WARN] [1785591951.034950928] [control.vehicle_cmd_gate]: Emergency!
[component_container_mt-48] [INFO] [1785591951.038582488] [control.control_validator]: waiting for /planning/trajectory
[component_container_mt-1] [WARN] [1785591951.083245561] [sensing.lidar.concatenate_data]: transformed_raw_points[/sensing/lidar/right/pointcloud_before_sync] is nullptr, skipping pointcloud publish.
[component_container_mt-1] [WARN] [1785591951.083311921] [sensing.lidar.concatenate_data]: transformed_raw_points[/sensing/lidar/left/pointcloud_before_sync] is nullptr, skipping pointcloud publish.
[autoware_mrm_handler_node-13] [INFO] [1785591951.085724307] [system.mrm_handler]: MRM State changed: MRM_OPERATING -> MRM_SUCCEEDED
[autoware_mrm_handler_node-13] [INFO] [1785591951.181830453] [system.mrm_handler]: MRM State changed: MRM_SUCCEEDED -> NORMAL
[autoware_mrm_handler_node-13] [WARN] [1785591951.183238925] [system.mrm_handler]: EMERGENCY_STOP is canceled.
[component_container_mt-1] [WARN] [1785591951.282566859] [sensing.lidar.concatenate_data]: transformed_raw_points[/sensing/lidar/right/pointcloud_before_sync] is nullptr, skipping pointcloud publish.
[component_container_mt-1] [WARN] [1785591951.282630952] [sensing.lidar.concatenate_data]: transformed_raw_points[/sensing/lidar/left/pointcloud_before_sync] is nullptr, skipping pointcloud publish.
[autoware_ndt_scan_matcher_node-24] [INFO] [1785591951.286262609] [localization.pose_estimator.ndt_scan_matcher]: Mismatch between pose timestamp and current timestamp
[component_container_mt-1] [WARN] [1785591951.382918808] [sensing.lidar.concatenate_data]: transformed_raw_points[/sensing/lidar/right/pointcloud_before_sync] is nullptr, skipping pointcloud publish.
[component_container_mt-1] [WARN] [1785591951.383003816] [sensing.lidar.concatenate_data]: transformed_raw_points[/sensing/lidar/left/pointcloud_before_sync] is nullptr, skipping pointcloud publish.
[autoware_ndt_scan_matcher_node-24] [INFO] [1785591951.384774359] [localization.pose_estimator.ndt_scan_matcher]: Mismatch between pose timestamp and current timestamp
[component_container_mt-1] [WARN] [1785591951.482013017] [sensing.lidar.concatenate_data]: transformed_raw_points[/sensing/lidar/right/pointcloud_before_sync] is nullptr, skipping pointcloud publish.
[component_container_mt-1] [WARN] [1785591951.482068973] [sensing.lidar.concatenate_data]: transformed_raw_points[/sensing/lidar/left/pointcloud_before_sync] is nullptr, skipping pointcloud publish.
[component_container_mt-1] [WARN] [1785591951.585837373] [sensing.lidar.concatenate_data]: transformed_raw_points[/sensing/lidar/right/pointcloud_before_sync] is nullptr, skipping pointcloud publish.
[component_container_mt-1] [WARN] [1785591951.585908912] [sensing.lidar.concatenate_data]: transformed_raw_points[/sensing/lidar/left/pointcloud_before_sync] is nullptr, skipping pointcloud publish.
[component_container-18] [WARN] [1785591951.596689403] [sensing.lidar.top.distortion_corrector_node]: Twist time_stamp is too late. Could not interpolate.
[component_container_mt-1] [WARN] [1785591951.684622798] [sensing.lidar.concatenate_data]: transformed_raw_points[/sensing/lidar/right/pointcloud_before_sync] is nullptr, skipping pointcloud publish.
[component_container_mt-1] [WARN] [1785591951.684682073] [sensing.lidar.concatenate_data]: transformed_raw_points[/sensing/lidar/left/pointcloud_before_sync] is nullptr, skipping pointcloud publish.
[component_container_mt-47] [INFO] [1785591951.883549535] [control.vehicle_cmd_gate]: The operation mode is changed, but the GearCommand is not received yet:
[component_container-7] [WARN] [1785591951.887070042] [system.topic_state_monitor_control_command_control_cmd]: /control/command/control_cmd topic rate has dropped to the error level. Set ERROR in diagnostics.
[component_container_mt-1] [WARN] [1785591952.035986825] [sensing.lidar.concatenate_data]: transformed_raw_points[/sensing/lidar/right/pointcloud_before_sync] is nullptr, skipping pointcloud publish.
[component_container_mt-1] [WARN] [1785591952.036059710] [sensing.lidar.concatenate_data]: transformed_raw_points[/sensing/lidar/left/pointcloud_before_sync] is nullptr, skipping pointcloud publish.
[autoware_mrm_handler_node-13] [INFO] [1785591952.082164929] [system.mrm_handler]: MRM State changed: NORMAL -> MRM_OPERATING
[autoware_mrm_handler_node-13] [WARN] [1785591952.087491407] [system.mrm_handler]: EMERGENCY_STOP is operated.
[component_container_mt-47] [WARN] [1785591952.132956733] [control.vehicle_cmd_gate]: Emergency!
[autoware_mrm_handler_node-13] [INFO] [1785591952.181790744] [system.mrm_handler]: MRM State changed: MRM_OPERATING -> NORMAL
[autoware_mrm_handler_node-13] [WARN] [1785591952.182820397] [system.mrm_handler]: EMERGENCY_STOP is canceled.
[component_container_mt-1] [WARN] [1785591952.433089091] [sensing.lidar.concatenate_data]: transformed_raw_points[/sensing/lidar/right/pointcloud_before_sync] is nullptr, skipping pointcloud publish.
[component_container_mt-1] [WARN] [1785591952.433161334] [sensing.lidar.concatenate_data]: transformed_raw_points[/sensing/lidar/left/pointcloud_before_sync] is nullptr, skipping pointcloud publish.
[autoware_ndt_scan_matcher_node-24] [INFO] [1785591952.434671045] [localization.pose_estimator.ndt_scan_matcher]: Mismatch between pose timestamp and current timestamp
[component_container_mt-1] [WARN] [1785591952.682002698] [sensing.lidar.concatenate_data]: transformed_raw_points[/sensing/lidar/right/pointcloud_before_sync] is nullptr, skipping pointcloud publish.
[component_container_mt-1] [WARN] [1785591952.682072317] [sensing.lidar.concatenate_data]: transformed_raw_points[/sensing/lidar/left/pointcloud_before_sync] is nullptr, skipping pointcloud publish.
[component_container-7] [INFO] [1785591952.683059578] [system.topic_state_monitor_trajectory_follower_control_cmd]: /control/trajectory_follower/control_cmd has not received. Set ERROR in diagnostics.
[autoware_ndt_scan_matcher_node-24] [INFO] [1785591952.733779179] [localization.pose_estimator.ndt_scan_matcher]: Mismatch between pose timestamp and current timestamp
[component_container_mt-1] [WARN] [1785591952.782211648] [sensing.lidar.concatenate_data]: transformed_raw_points[/sensing/lidar/right/pointcloud_before_sync] is nullptr, skipping pointcloud publish.
[component_container_mt-1] [WARN] [1785591952.782284521] [sensing.lidar.concatenate_data]: transformed_raw_points[/sensing/lidar/left/pointcloud_before_sync] is nullptr, skipping pointcloud publish.
[autoware_ekf_localizer_node-28] [WARN] [1785591952.832134056] [localization.pose_twist_fusion_filter.ekf_localizer]: EKF period may be too slow to finish pose smoothing!! (0.1000 sec)
[logging_node-14] [WARN] [1785591953.083054007] [logging_diag_graph]: The target mode is not available for the following reasons:
[logging_node-14] - /autoware/modes/autonomous ERROR
[logging_node-14]     - /autoware/localization ERROR
[logging_node-14]         - [anonymous group] ERROR
[logging_node-14]             - /autoware/localization/topic_rate_check/transform WARN 
[logging_node-14]             - /autoware/localization/accuracy ERROR
[logging_node-14]             - /autoware/localization/sensor_fusion_status ERROR
[logging_node-14]     - /autoware/planning ERROR
[logging_node-14]         - /autoware/planning/routing/state ERROR
[logging_node-14]         - [anonymous group] ERROR
[logging_node-14]             - /autoware/planning/topic_rate_check/route ERROR
[logging_node-14]             - /autoware/planning/topic_rate_check/trajectory ERROR
[logging_node-14]             - /autoware/planning/trajectory_validation ERROR
[logging_node-14]     - /autoware/perception WARN 
[logging_node-14]         - /autoware/perception/topic_rate_check/objects WARN 
[logging_node-14]     - /autoware/control ERROR
[logging_node-14]         - /autoware/control/topic_rate_check/trajectory_follower ERROR
[logging_node-14]         - /autoware/control/topic_rate_check/control_command ERROR
[logging_node-14]     - /adapi/mrm_request/delegate STALE
[logging_node-14] 
[autoware_mrm_handler_node-13] [INFO] [1785591953.083121817] [system.mrm_handler]: MRM State changed: NORMAL -> MRM_OPERATING
[autoware_mrm_handler_node-13] [WARN] [1785591953.084096362] [system.mrm_handler]: EMERGENCY_STOP is operated.
[autoware_mrm_handler_node-13] [INFO] [1785591953.182033832] [system.mrm_handler]: MRM State changed: MRM_OPERATING -> NORMAL
[autoware_mrm_handler_node-13] [WARN] [1785591953.184560279] [system.mrm_handler]: EMERGENCY_STOP is canceled.
[component_container_mt-1] [WARN] [1785591953.934764294] [sensing.lidar.concatenate_data]: transformed_raw_points[/sensing/lidar/right/pointcloud_before_sync] is nullptr, skipping pointcloud publish.
[component_container_mt-1] [WARN] [1785591953.934827453] [sensing.lidar.concatenate_data]: transformed_raw_points[/sensing/lidar/left/pointcloud_before_sync] is nullptr, skipping pointcloud publish.
[autoware_mrm_handler_node-13] [INFO] [1785591954.081977364] [system.mrm_handler]: MRM State changed: NORMAL -> MRM_OPERATING
[autoware_mrm_handler_node-13] [WARN] [1785591954.083410687] [system.mrm_handler]: EMERGENCY_STOP is operated.
[component_container_mt-1] [WARN] [1785591954.132666458] [sensing.lidar.concatenate_data]: transformed_raw_points[/sensing/lidar/right/pointcloud_before_sync] is nullptr, skipping pointcloud publish.
[component_container_mt-1] [WARN] [1785591954.132833806] [sensing.lidar.concatenate_data]: transformed_raw_points[/sensing/lidar/left/pointcloud_before_sync] is nullptr, skipping pointcloud publish.
[autoware_mrm_handler_node-13] [INFO] [1785591954.181858026] [system.mrm_handler]: MRM State changed: MRM_OPERATING -> NORMAL
[autoware_mrm_handler_node-13] [WARN] [1785591954.182548840] [system.mrm_handler]: EMERGENCY_STOP is canceled.
[component_container_mt-1] [WARN] [1785591954.247748201] [localization.util.crop_box_filter_measurement_range]: Invalid PointCloud: row_step mismatch. Expected: 98560 (width 6160 * point_step 16), Got: 0. Frame: 'base_link', Stamp: 51.354059842 Please fill in the `cloud->row_step` field accordingly. This will be an ERROR starting in 2026 July
[component_container_mt-1] [WARN] [1785591954.432091071] [sensing.lidar.concatenate_data]: transformed_raw_points[/sensing/lidar/right/pointcloud_before_sync] is nullptr, skipping pointcloud publish.
[component_container_mt-1] [WARN] [1785591954.432151555] [sensing.lidar.concatenate_data]: transformed_raw_points[/sensing/lidar/left/pointcloud_before_sync] is nullptr, skipping pointcloud publish.
[autoware_ndt_scan_matcher_node-24] [INFO] [1785591954.433048871] [localization.pose_estimator.ndt_scan_matcher]: pose_buffer_.size() < 2
[autoware_ndt_scan_matcher_node-24] [INFO] [1785591954.459100668] [localization.pose_estimator.ndt_scan_matcher]: pose_buffer_.size() < 2
[component_container_mt-1] [WARN] [1785591954.533415596] [sensing.lidar.concatenate_data]: transformed_raw_points[/sensing/lidar/right/pointcloud_before_sync] is nullptr, skipping pointcloud publish.
[component_container_mt-1] [WARN] [1785591954.533486308] [sensing.lidar.concatenate_data]: transformed_raw_points[/sensing/lidar/left/pointcloud_before_sync] is nullptr, skipping pointcloud publish.
[component_container_mt-1] [WARN] [1785591954.632668388] [sensing.lidar.concatenate_data]: transformed_raw_points[/sensing/lidar/right/pointcloud_before_sync] is nullptr, skipping pointcloud publish.
[component_container_mt-1] [WARN] [1785591954.632740075] [sensing.lidar.concatenate_data]: transformed_raw_points[/sensing/lidar/left/pointcloud_before_sync] is nullptr, skipping pointcloud publish.
[component_container_mt-40] [INFO] [1785591954.691355018] [planning.scenario_planning.lane_driving.behavior_planning.behavior_path_planner]: waiting for scenario_topic
[component_container_mt-47] [INFO] [1785591954.836958873] [control.trajectory_follower.controller_node_exe]: Waiting for trajectory data
[component_container_mt-47] [INFO] [1785591954.837033407] [control.trajectory_follower.controller_node_exe]: Control is skipped since input data is not ready.
[component_container-7] [WARN] [1785591954.882811831] [system.topic_state_monitor_transform_map_to_base_link]: /tf topic is timeout. Set ERROR in diagnostics.
[component_container_mt-48] [INFO] [1785591954.932621163] [control.autonomous_emergency_braking]: [AEB] waiting for imu message
[component_container_mt-1] [WARN] [1785591954.932759326] [sensing.lidar.concatenate_data]: transformed_raw_points[/sensing/lidar/right/pointcloud_before_sync] is nullptr, skipping pointcloud publish.
[component_container_mt-1] [WARN] [1785591954.932827903] [sensing.lidar.concatenate_data]: transformed_raw_points[/sensing/lidar/left/pointcloud_before_sync] is nullptr, skipping pointcloud publish.
[component_container_mt-48] [INFO] [1785591954.934425155] [control.autonomous_emergency_braking]: [AEB] waiting for control predicted trajectory
[component_container_mt-48] [INFO] [1785591954.934438959] [control.autonomous_emergency_braking]: [AEB] At least one path (IMU or predicted trajectory) is required for operation
[autoware_mrm_handler_node-13] [INFO] [1785591955.082032359] [system.mrm_handler]: MRM State changed: NORMAL -> MRM_OPERATING
[autoware_mrm_handler_node-13] [WARN] [1785591955.085268291] [system.mrm_handler]: EMERGENCY_STOP is operated.
[autoware_scenario_selector_node-36] [INFO] [1785591955.082137592] [planning.scenario_planning.scenario_selector]: Waiting for route.
[component_container_mt-47] [WARN] [1785591955.090279112] [control.vehicle_cmd_gate]: system_emergency heartbeat is timeout.
[autoware_mrm_handler_node-13] [INFO] [1785591955.182180035] [system.mrm_handler]: MRM State changed: MRM_OPERATING -> NORMAL
[autoware_mrm_handler_node-13] [WARN] [1785591955.182782544] [system.mrm_handler]: EMERGENCY_STOP is canceled.
[component_container_mt-48] [INFO] [1785591955.486563182] [control.trajectory_follower.lane_departure_checker_node]: waiting for route msg...
[component_container_mt-1] [WARN] [1785591955.532289832] [sensing.lidar.concatenate_data]: transformed_raw_points[/sensing/lidar/right/pointcloud_before_sync] is nullptr, skipping pointcloud publish.
[component_container_mt-1] [WARN] [1785591955.532376400] [sensing.lidar.concatenate_data]: transformed_raw_points[/sensing/lidar/left/pointcloud_before_sync] is nullptr, skipping pointcloud publish.
[component_container-18] [WARN] [1785591955.543218466] [sensing.lidar.top.crop_box_filter_self]: Invalid PointCloud: is_dense is false. The point cloud should be organized (dense) and contain only valid points. This will be an ERROR starting in 2026 JulyFrame: 'velodyne_top', Stamp: 52.654059862
[component_container-7] [INFO] [1785591955.684638741] [system.topic_state_monitor_trajectory_follower_control_cmd]: /control/trajectory_follower/control_cmd has not received. Set ERROR in diagnostics.
[component_container_mt-1] [WARN] [1785591955.732224802] [sensing.lidar.concatenate_data]: transformed_raw_points[/sensing/lidar/right/pointcloud_before_sync] is nullptr, skipping pointcloud publish.
[component_container_mt-1] [WARN] [1785591955.732276805] [sensing.lidar.concatenate_data]: transformed_raw_points[/sensing/lidar/left/pointcloud_before_sync] is nullptr, skipping pointcloud publish.
[autoware_ndt_scan_matcher_node-24] [INFO] [1785591955.738963199] [localization.pose_estimator.ndt_scan_matcher]: Mismatch between pose timestamp and current timestamp
[component_container_mt-1] [WARN] [1785591955.832549171] [sensing.lidar.concatenate_data]: transformed_raw_points[/sensing/lidar/right/pointcloud_before_sync] is nullptr, skipping pointcloud publish.
[component_container_mt-1] [WARN] [1785591955.832603025] [sensing.lidar.concatenate_data]: transformed_raw_points[/sensing/lidar/left/pointcloud_before_sync] is nullptr, skipping pointcloud publish.
[autoware_ekf_localizer_node-28] [WARN] [1785591955.929582757] [localization.pose_twist_fusion_filter.ekf_localizer]: [EKF] Pose queue size (6) is exceeding max_queue_size (5). Consider increasing max_queue_size or reducing input frequency.
[logging_node-14] [WARN] [1785591956.082114653] [logging_diag_graph]: The target mode is not available for the following reasons:
[logging_node-14] - /autoware/modes/autonomous ERROR
[logging_node-14]     - /autoware/localization ERROR
[logging_node-14]         - [anonymous group] ERROR
[logging_node-14]             - /autoware/localization/topic_rate_check/transform ERROR
[logging_node-14]             - /autoware/localization/accuracy ERROR
[logging_node-14]             - /autoware/localization/sensor_fusion_status ERROR
[logging_node-14]     - /autoware/planning ERROR
[logging_node-14]         - /autoware/planning/routing/state ERROR
[logging_node-14]         - [anonymous group] ERROR
[logging_node-14]             - /autoware/planning/topic_rate_check/route ERROR
[logging_node-14]             - /autoware/planning/topic_rate_check/trajectory ERROR
[logging_node-14]             - /autoware/planning/trajectory_validation ERROR
[logging_node-14]     - /autoware/control ERROR
[logging_node-14]         - /autoware/control/topic_rate_check/trajectory_follower ERROR
[logging_node-14]         - /autoware/control/topic_rate_check/control_command ERROR
[logging_node-14]     - /adapi/mrm_request/delegate STALE
[logging_node-14] 
[autoware_mrm_handler_node-13] [INFO] [1785591956.084405274] [system.mrm_handler]: MRM State changed: NORMAL -> MRM_OPERATING
[autoware_mrm_handler_node-13] [WARN] [1785591956.090043724] [system.mrm_handler]: EMERGENCY_STOP is operated.
[component_container_mt-1] [WARN] [1785591956.132829198] [sensing.lidar.concatenate_data]: transformed_raw_points[/sensing/lidar/right/pointcloud_before_sync] is nullptr, skipping pointcloud publish.
[component_container_mt-1] [WARN] [1785591956.132986787] [sensing.lidar.concatenate_data]: transformed_raw_points[/sensing/lidar/left/pointcloud_before_sync] is nullptr, skipping pointcloud publish.
[component_container_mt-47] [WARN] [1785591956.141239222] [control.vehicle_cmd_gate]: Emergency!
[component_container_mt-48] [INFO] [1785591956.142774238] [control.control_validator]: waiting for /planning/trajectory
[autoware_mrm_handler_node-13] [INFO] [1785591956.182435572] [system.mrm_handler]: MRM State changed: MRM_OPERATING -> NORMAL
[autoware_mrm_handler_node-13] [WARN] [1785591956.183327622] [system.mrm_handler]: EMERGENCY_STOP is canceled.
[component_container_mt-1] [WARN] [1785591956.232936956] [sensing.lidar.concatenate_data]: transformed_raw_points[/sensing/lidar/right/pointcloud_before_sync] is nullptr, skipping pointcloud publish.
[component_container_mt-1] [WARN] [1785591956.233024104] [sensing.lidar.concatenate_data]: transformed_raw_points[/sensing/lidar/left/pointcloud_before_sync] is nullptr, skipping pointcloud publish.
[autoware_ndt_scan_matcher_node-24] [INFO] [1785591956.234727589] [localization.pose_estimator.ndt_scan_matcher]: Mismatch between pose timestamp and current timestamp
[component_container_mt-1] [WARN] [1785591956.333498733] [sensing.lidar.concatenate_data]: transformed_raw_points[/sensing/lidar/right/pointcloud_before_sync] is nullptr, skipping pointcloud publish.
[component_container_mt-1] [WARN] [1785591956.334550359] [sensing.lidar.concatenate_data]: transformed_raw_points[/sensing/lidar/left/pointcloud_before_sync] is nullptr, skipping pointcloud publish.
[component_container_mt-48] [ERROR] [1785591956.434619882] [control.collision_detector]: Failed to get transform from object frame to base_link
[component_container_mt-1] [WARN] [1785591956.931902131] [sensing.lidar.concatenate_data]: transformed_raw_points[/sensing/lidar/right/pointcloud_before_sync] is nullptr, skipping pointcloud publish.
[component_container_mt-47] [INFO] [1785591956.932340205] [control.vehicle_cmd_gate]: The operation mode is changed, but the GearCommand is not received yet:
[component_container_mt-1] [WARN] [1785591956.934548525] [sensing.lidar.concatenate_data]: transformed_raw_points[/sensing/lidar/left/pointcloud_before_sync] is nullptr, skipping pointcloud publish.
[autoware_mrm_handler_node-13] [INFO] [1785591957.081810719] [system.mrm_handler]: MRM State changed: NORMAL -> MRM_OPERATING
[autoware_mrm_handler_node-13] [WARN] [1785591957.082283960] [system.mrm_handler]: EMERGENCY_STOP is operated.
[component_container_mt-47] [WARN] [1785591957.082721140] [control.vehicle_cmd_gate]: Emergency!
[autoware_mrm_handler_node-13] [INFO] [1785591957.185140314] [system.mrm_handler]: MRM State changed: MRM_OPERATING -> NORMAL
[autoware_mrm_handler_node-13] [WARN] [1785591957.187895684] [system.mrm_handler]: EMERGENCY_STOP is canceled.
[component_container_mt-1] [WARN] [1785591957.234477713] [sensing.lidar.concatenate_data]: transformed_raw_points[/sensing/lidar/right/pointcloud_before_sync] is nullptr, skipping pointcloud publish.
[component_container_mt-1] [WARN] [1785591957.234536374] [sensing.lidar.concatenate_data]: transformed_raw_points[/sensing/lidar/left/pointcloud_before_sync] is nullptr, skipping pointcloud publish.
[component_container_mt-1] [WARN] [1785591957.432399088] [sensing.lidar.concatenate_data]: transformed_raw_points[/sensing/lidar/right/pointcloud_before_sync] is nullptr, skipping pointcloud publish.
[component_container_mt-1] [WARN] [1785591957.432474949] [sensing.lidar.concatenate_data]: transformed_raw_points[/sensing/lidar/left/pointcloud_before_sync] is nullptr, skipping pointcloud publish.
[component_container_mt-1] [WARN] [1785591957.536299840] [sensing.lidar.concatenate_data]: transformed_raw_points[/sensing/lidar/right/pointcloud_before_sync] is nullptr, skipping pointcloud publish.
[component_container_mt-1] [WARN] [1785591957.536382003] [sensing.lidar.concatenate_data]: transformed_raw_points[/sensing/lidar/left/pointcloud_before_sync] is nullptr, skipping pointcloud publish.
[autoware_ndt_scan_matcher_node-24] [INFO] [1785591957.537186695] [localization.pose_estimator.ndt_scan_matcher]: Mismatch between pose timestamp and current timestamp
[component_container_mt-1] [WARN] [1785591957.634166411] [sensing.lidar.concatenate_data]: transformed_raw_points[/sensing/lidar/right/pointcloud_before_sync] is nullptr, skipping pointcloud publish.
[component_container_mt-1] [WARN] [1785591957.634241269] [sensing.lidar.concatenate_data]: transformed_raw_points[/sensing/lidar/left/pointcloud_before_sync] is nullptr, skipping pointcloud publish.
[component_container_mt-1] [WARN] [1785591957.735708833] [sensing.lidar.concatenate_data]: transformed_raw_points[/sensing/lidar/right/pointcloud_before_sync] is nullptr, skipping pointcloud publish.
[component_container_mt-1] [WARN] [1785591957.735768400] [sensing.lidar.concatenate_data]: transformed_raw_points[/sensing/lidar/left/pointcloud_before_sync] is nullptr, skipping pointcloud publish.
[component_container_mt-1] [WARN] [1785591957.832686534] [sensing.lidar.concatenate_data]: transformed_raw_points[/sensing/lidar/right/pointcloud_before_sync] is nullptr, skipping pointcloud publish.
[component_container_mt-1] [WARN] [1785591957.832758229] [sensing.lidar.concatenate_data]: transformed_raw_points[/sensing/lidar/left/pointcloud_before_sync] is nullptr, skipping pointcloud publish.
[autoware_ndt_scan_matcher_node-24] [INFO] [1785591957.845457125] [localization.pose_estimator.ndt_scan_matcher]: Mismatch between pose timestamp and current timestamp
[component_container-7] [WARN] [1785591957.933638193] [system.topic_state_monitor_object_recognition_objects]: /perception/object_recognition/objects topic rate has dropped to the warning level. Set WARN in diagnostics.
[component_container_mt-1] [WARN] [1785591957.936764438] [sensing.lidar.concatenate_data]: transformed_raw_points[/sensing/lidar/right/pointcloud_before_sync] is nullptr, skipping pointcloud publish.
[component_container_mt-1] [WARN] [1785591957.936834976] [sensing.lidar.concatenate_data]: transformed_raw_points[/sensing/lidar/left/pointcloud_before_sync] is nullptr, skipping pointcloud publish.
[autoware_ndt_scan_matcher_node-24] [INFO] [1785591957.938007723] [localization.pose_estimator.ndt_scan_matcher]: Mismatch between pose timestamp and current timestamp
[autoware_mrm_handler_node-13] [INFO] [1785591957.984407935] [system.mrm_handler]: MRM State changed: NORMAL -> MRM_OPERATING
[autoware_mrm_handler_node-13] [WARN] [1785591957.984716842] [system.mrm_handler]: EMERGENCY_STOP is operated.
[component_container_mt-1] [WARN] [1785591958.034093578] [sensing.lidar.concatenate_data]: transformed_raw_points[/sensing/lidar/right/pointcloud_before_sync] is nullptr, skipping pointcloud publish.
[component_container_mt-1] [WARN] [1785591958.034153668] [sensing.lidar.concatenate_data]: transformed_raw_points[/sensing/lidar/left/pointcloud_before_sync] is nullptr, skipping pointcloud publish.
[autoware_mrm_handler_node-13] [INFO] [1785591958.084409951] [system.mrm_handler]: MRM State changed: MRM_OPERATING -> MRM_SUCCEEDED
[autoware_ekf_localizer_node-28] [WARN] [1785591958.084512959] [localization.pose_twist_fusion_filter.ekf_localizer]: EKF period may be too slow to finish pose smoothing!! (0.1000 sec)
[component_container_mt-47] [WARN] [1785591958.093867833] [control.vehicle_cmd_gate]: Emergency!
[autoware_mrm_handler_node-13] [INFO] [1785591958.182309302] [system.mrm_handler]: MRM State changed: MRM_SUCCEEDED -> NORMAL
[autoware_mrm_handler_node-13] [WARN] [1785591958.183463255] [system.mrm_handler]: EMERGENCY_STOP is canceled.
[component_container_mt-1] [WARN] [1785591958.337578622] [sensing.lidar.concatenate_data]: transformed_raw_points[/sensing/lidar/right/pointcloud_before_sync] is nullptr, skipping pointcloud publish.
[component_container_mt-1] [WARN] [1785591958.337653734] [sensing.lidar.concatenate_data]: transformed_raw_points[/sensing/lidar/left/pointcloud_before_sync] is nullptr, skipping pointcloud publish.
[component_container_mt-1] [WARN] [1785591958.533113427] [sensing.lidar.concatenate_data]: transformed_raw_points[/sensing/lidar/right/pointcloud_before_sync] is nullptr, skipping pointcloud publish.
[component_container_mt-1] [WARN] [1785591958.533170385] [sensing.lidar.concatenate_data]: transformed_raw_points[/sensing/lidar/left/pointcloud_before_sync] is nullptr, skipping pointcloud publish.
[component_container_mt-1] [WARN] [1785591958.634602689] [sensing.lidar.concatenate_data]: transformed_raw_points[/sensing/lidar/right/pointcloud_before_sync] is nullptr, skipping pointcloud publish.
[component_container_mt-1] [WARN] [1785591958.635443649] [sensing.lidar.concatenate_data]: transformed_raw_points[/sensing/lidar/left/pointcloud_before_sync] is nullptr, skipping pointcloud publish.
[autoware_ndt_scan_matcher_node-24] [INFO] [1785591958.644265725] [localization.pose_estimator.ndt_scan_matcher]: Mismatch between pose timestamp and current timestamp
[component_container-7] [INFO] [1785591958.683690991] [system.topic_state_monitor_trajectory_follower_control_cmd]: /control/trajectory_follower/control_cmd has not received. Set ERROR in diagnostics.
[component_container_mt-1] [WARN] [1785591958.732824753] [sensing.lidar.concatenate_data]: transformed_raw_points[/sensing/lidar/right/pointcloud_before_sync] is nullptr, skipping pointcloud publish.
[component_container_mt-1] [WARN] [1785591958.732882972] [sensing.lidar.concatenate_data]: transformed_raw_points[/sensing/lidar/left/pointcloud_before_sync] is nullptr, skipping pointcloud publish.
[component_container_mt-50] [INFO] [1785591958.832445637] [adapi.node.autoware_state]: AutowareState: Initializing => WaitingForRoute
[component_container_mt-1] [WARN] [1785591958.933407992] [sensing.lidar.concatenate_data]: transformed_raw_points[/sensing/lidar/right/pointcloud_before_sync] is nullptr, skipping pointcloud publish.
[component_container_mt-1] [WARN] [1785591958.933491581] [sensing.lidar.concatenate_data]: transformed_raw_points[/sensing/lidar/left/pointcloud_before_sync] is nullptr, skipping pointcloud publish.
[autoware_ndt_scan_matcher_node-24] [INFO] [1785591958.934932486] [localization.pose_estimator.ndt_scan_matcher]: Mismatch between pose timestamp and current timestamp
[autoware_mrm_handler_node-13] [INFO] [1785591958.983901396] [system.mrm_handler]: MRM State changed: NORMAL -> MRM_OPERATING
[autoware_mrm_handler_node-13] [WARN] [1785591958.986326385] [system.mrm_handler]: EMERGENCY_STOP is operated.
[component_container_mt-1] [WARN] [1785591959.032394983] [sensing.lidar.concatenate_data]: transformed_raw_points[/sensing/lidar/right/pointcloud_before_sync] is nullptr, skipping pointcloud publish.
[component_container_mt-1] [WARN] [1785591959.032463926] [sensing.lidar.concatenate_data]: transformed_raw_points[/sensing/lidar/left/pointcloud_before_sync] is nullptr, skipping pointcloud publish.
[autoware_mrm_handler_node-13] [INFO] [1785591959.081975653] [system.mrm_handler]: MRM State changed: MRM_OPERATING -> MRM_SUCCEEDED
[logging_node-14] [WARN] [1785591959.082239122] [logging_diag_graph]: The target mode is not available for the following reasons:
[logging_node-14] - /autoware/modes/autonomous ERROR
[logging_node-14]     - /autoware/localization ERROR
[logging_node-14]         - [anonymous group] ERROR
[logging_node-14]             - /autoware/localization/topic_rate_check/transform ERROR
[logging_node-14]             - /autoware/localization/scan_matching_status WARN 
[logging_node-14]             - /autoware/localization/accuracy ERROR
[logging_node-14]             - /autoware/localization/sensor_fusion_status ERROR
[logging_node-14]     - /autoware/planning ERROR
[logging_node-14]         - /autoware/planning/routing/state ERROR
[logging_node-14]         - [anonymous group] ERROR
[logging_node-14]             - /autoware/planning/topic_rate_check/route ERROR
[logging_node-14]             - /autoware/planning/topic_rate_check/trajectory ERROR
[logging_node-14]             - /autoware/planning/trajectory_validation ERROR
[logging_node-14]     - /autoware/perception WARN 
[logging_node-14]         - /autoware/perception/topic_rate_check/objects WARN 
[logging_node-14]     - /autoware/control ERROR
[logging_node-14]         - /autoware/control/topic_rate_check/trajectory_follower ERROR
[logging_node-14]         - /autoware/control/topic_rate_check/control_command WARN 
[logging_node-14]     - /adapi/mrm_request/delegate STALE
[logging_node-14] 
[component_container_mt-47] [WARN] [1785591959.083780133] [control.vehicle_cmd_gate]: Emergency!
[autoware_mrm_handler_node-13] [INFO] [1785591959.182236810] [system.mrm_handler]: MRM State changed: MRM_SUCCEEDED -> NORMAL
[autoware_mrm_handler_node-13] [WARN] [1785591959.184377668] [system.mrm_handler]: EMERGENCY_STOP is canceled.
[component_container_mt-1] [WARN] [1785591959.234409922] [sensing.lidar.concatenate_data]: transformed_raw_points[/sensing/lidar/right/pointcloud_before_sync] is nullptr, skipping pointcloud publish.
[component_container_mt-1] [WARN] [1785591959.234463992] [sensing.lidar.concatenate_data]: transformed_raw_points[/sensing/lidar/left/pointcloud_before_sync] is nullptr, skipping pointcloud publish.
[component_container_mt-1] [WARN] [1785591959.347510884] [localization.util.crop_box_filter_measurement_range]: Invalid PointCloud: row_step mismatch. Expected: 99552 (width 6222 * point_step 16), Got: 0. Frame: 'base_link', Stamp: 56.454059918 Please fill in the `cloud->row_step` field accordingly. This will be an ERROR starting in 2026 July
[component_container_mt-1] [WARN] [1785591959.435117041] [sensing.lidar.concatenate_data]: transformed_raw_points[/sensing/lidar/right/pointcloud_before_sync] is nullptr, skipping pointcloud publish.
[component_container_mt-1] [WARN] [1785591959.436091872] [sensing.lidar.concatenate_data]: transformed_raw_points[/sensing/lidar/left/pointcloud_before_sync] is nullptr, skipping pointcloud publish.
[autoware_ndt_scan_matcher_node-24] [INFO] [1785591959.442652023] [localization.pose_estimator.ndt_scan_matcher]: Mismatch between pose timestamp and current timestamp
[component_container_mt-1] [WARN] [1785591959.533028231] [sensing.lidar.concatenate_data]: transformed_raw_points[/sensing/lidar/right/pointcloud_before_sync] is nullptr, skipping pointcloud publish.
[component_container_mt-1] [WARN] [1785591959.533091402] [sensing.lidar.concatenate_data]: transformed_raw_points[/sensing/lidar/left/pointcloud_before_sync] is nullptr, skipping pointcloud publish.
[autoware_ndt_scan_matcher_node-24] [INFO] [1785591959.585437017] [localization.pose_estimator.ndt_scan_matcher]: Mismatch between pose timestamp and current timestamp
[component_container_mt-1] [WARN] [1785591959.632054461] [sensing.lidar.concatenate_data]: transformed_raw_points[/sensing/lidar/right/pointcloud_before_sync] is nullptr, skipping pointcloud publish.
[component_container_mt-1] [WARN] [1785591959.632115028] [sensing.lidar.concatenate_data]: transformed_raw_points[/sensing/lidar/left/pointcloud_before_sync] is nullptr, skipping pointcloud publish.
[component_container_mt-1] [WARN] [1785591959.932041637] [sensing.lidar.concatenate_data]: transformed_raw_points[/sensing/lidar/right/pointcloud_before_sync] is nullptr, skipping pointcloud publish.
[component_container_mt-1] [WARN] [1785591959.932138622] [sensing.lidar.concatenate_data]: transformed_raw_points[/sensing/lidar/left/pointcloud_before_sync] is nullptr, skipping pointcloud publish.
[autoware_ndt_scan_matcher_node-24] [INFO] [1785591959.933967529] [localization.pose_estimator.ndt_scan_matcher]: Mismatch between pose timestamp and current timestamp
[component_container_mt-47] [INFO] [1785591959.938225860] [control.trajectory_follower.controller_node_exe]: Waiting for trajectory data
[component_container_mt-47] [INFO] [1785591959.938294804] [control.trajectory_follower.controller_node_exe]: Control is skipped since input data is not ready.
[component_container_mt-48] [INFO] [1785591959.982135042] [control.autonomous_emergency_braking]: [AEB] waiting for imu message
[component_container_mt-48] [INFO] [1785591959.982185169] [control.autonomous_emergency_braking]: [AEB] waiting for control predicted trajectory
[component_container_mt-48] [INFO] [1785591959.982191820] [control.autonomous_emergency_braking]: [AEB] At least one path (IMU or predicted trajectory) is required for operation
[component_container_mt-40] [INFO] [1785591959.982436749] [planning.scenario_planning.lane_driving.behavior_planning.behavior_path_planner]: waiting for scenario_topic
[component_container_mt-1] [WARN] [1785591960.031993475] [sensing.lidar.concatenate_data]: transformed_raw_points[/sensing/lidar/right/pointcloud_before_sync] is nullptr, skipping pointcloud publish.
[component_container_mt-1] [WARN] [1785591960.032054852] [sensing.lidar.concatenate_data]: transformed_raw_points[/sensing/lidar/left/pointcloud_before_sync] is nullptr, skipping pointcloud publish.
[autoware_scenario_selector_node-36] [INFO] [1785591960.082217247] [planning.scenario_planning.scenario_selector]: Waiting for route.
[autoware_ekf_localizer_node-28] [WARN] [1785591960.336816405] [localization.pose_twist_fusion_filter.ekf_localizer]: EKF period may be too slow to finish pose smoothing!! (0.1000 sec)
[component_container_mt-1] [WARN] [1785591960.432112430] [sensing.lidar.concatenate_data]: transformed_raw_points[/sensing/lidar/right/pointcloud_before_sync] is nullptr, skipping pointcloud publish.
[component_container_mt-1] [WARN] [1785591960.432183959] [sensing.lidar.concatenate_data]: transformed_raw_points[/sensing/lidar/left/pointcloud_before_sync] is nullptr, skipping pointcloud publish.
[component_container_mt-48] [INFO] [1785591960.482133174] [control.trajectory_follower.lane_departure_checker_node]: waiting for route msg...
[component_container-18] [WARN] [1785591960.546542340] [sensing.lidar.top.crop_box_filter_self]: Invalid PointCloud: is_dense is false. The point cloud should be organized (dense) and contain only valid points. This will be an ERROR starting in 2026 JulyFrame: 'velodyne_top', Stamp: 57.654059936
[component_container_mt-1] [WARN] [1785591960.732563786] [sensing.lidar.concatenate_data]: transformed_raw_points[/sensing/lidar/right/pointcloud_before_sync] is nullptr, skipping pointcloud publish.
[component_container_mt-1] [WARN] [1785591960.732636961] [sensing.lidar.concatenate_data]: transformed_raw_points[/sensing/lidar/left/pointcloud_before_sync] is nullptr, skipping pointcloud publish.
[autoware_mrm_handler_node-13] [INFO] [1785591960.984029870] [system.mrm_handler]: MRM State changed: NORMAL -> MRM_OPERATING
[autoware_mrm_handler_node-13] [WARN] [1785591960.984432111] [system.mrm_handler]: EMERGENCY_STOP is operated.
[component_container-7] [WARN] [1785591960.986812532] [system.topic_state_monitor_transform_map_to_base_link]: /tf topic rate has dropped to the error level. Set ERROR in diagnostics.
[component_container_mt-1] [WARN] [1785591961.032031540] [sensing.lidar.concatenate_data]: transformed_raw_points[/sensing/lidar/right/pointcloud_before_sync] is nullptr, skipping pointcloud publish.
[component_container_mt-1] [WARN] [1785591961.032096301] [sensing.lidar.concatenate_data]: transformed_raw_points[/sensing/lidar/left/pointcloud_before_sync] is nullptr, skipping pointcloud publish.
[component_container_mt-47] [WARN] [1785591961.036523911] [control.vehicle_cmd_gate]: Emergency!
[autoware_mrm_handler_node-13] [INFO] [1785591961.084661053] [system.mrm_handler]: MRM State changed: MRM_OPERATING -> MRM_SUCCEEDED
[autoware_mrm_handler_node-13] [INFO] [1785591961.182065353] [system.mrm_handler]: MRM State changed: MRM_SUCCEEDED -> NORMAL
[autoware_mrm_handler_node-13] [WARN] [1785591961.182910213] [system.mrm_handler]: EMERGENCY_STOP is canceled.
[component_container_mt-48] [INFO] [1785591961.189909190] [control.control_validator]: waiting for /planning/trajectory
[component_container_mt-1] [WARN] [1785591961.432265427] [sensing.lidar.concatenate_data]: transformed_raw_points[/sensing/lidar/right/pointcloud_before_sync] is nullptr, skipping pointcloud publish.
[component_container_mt-1] [WARN] [1785591961.433210316] [sensing.lidar.concatenate_data]: transformed_raw_points[/sensing/lidar/left/pointcloud_before_sync] is nullptr, skipping pointcloud publish.
[autoware_ndt_scan_matcher_node-24] [INFO] [1785591961.433111662] [localization.pose_estimator.ndt_scan_matcher]: pose_buffer_.size() < 2
[component_container_mt-1] [WARN] [1785591961.532138002] [sensing.lidar.concatenate_data]: transformed_raw_points[/sensing/lidar/right/pointcloud_before_sync] is nullptr, skipping pointcloud publish.
[component_container_mt-1] [WARN] [1785591961.532198530] [sensing.lidar.concatenate_data]: transformed_raw_points[/sensing/lidar/left/pointcloud_before_sync] is nullptr, skipping pointcloud publish.
[autoware_ndt_scan_matcher_node-24] [INFO] [1785591961.532666133] [localization.pose_estimator.ndt_scan_matcher]: Mismatch between pose timestamp and current timestamp
[component_container-7] [INFO] [1785591961.682938628] [system.topic_state_monitor_trajectory_follower_control_cmd]: /control/trajectory_follower/control_cmd has not received. Set ERROR in diagnostics.
[component_container-18] [WARN] [1785591961.744424807] [sensing.lidar.top.distortion_corrector_node]: Twist time_stamp is too late. Could not interpolate.
[component_container_mt-1] [WARN] [1785591961.931994416] [sensing.lidar.concatenate_data]: transformed_raw_points[/sensing/lidar/right/pointcloud_before_sync] is nullptr, skipping pointcloud publish.
[component_container_mt-1] [WARN] [1785591961.932066603] [sensing.lidar.concatenate_data]: transformed_raw_points[/sensing/lidar/left/pointcloud_before_sync] is nullptr, skipping pointcloud publish.
[component_container_mt-47] [INFO] [1785591961.982903420] [control.vehicle_cmd_gate]: The operation mode is changed, but the GearCommand is not received yet:
[logging_node-14] [WARN] [1785591962.082873423] [logging_diag_graph]: The target mode is not available for the following reasons:
[logging_node-14] - /autoware/modes/autonomous ERROR
[logging_node-14]     - /autoware/localization ERROR
[logging_node-14]         - [anonymous group] ERROR
[logging_node-14]             - /autoware/localization/topic_rate_check/transform ERROR
[logging_node-14]             - /autoware/localization/accuracy ERROR
[logging_node-14]             - /autoware/localization/sensor_fusion_status ERROR
[logging_node-14]     - /autoware/planning ERROR
[logging_node-14]         - /autoware/planning/routing/state ERROR
[logging_node-14]         - [anonymous group] ERROR
[logging_node-14]             - /autoware/planning/topic_rate_check/route ERROR
[logging_node-14]             - /autoware/planning/topic_rate_check/trajectory ERROR
[logging_node-14]             - /autoware/planning/trajectory_validation ERROR
[logging_node-14]     - /autoware/perception WARN 
[logging_node-14]         - /autoware/perception/topic_rate_check/objects WARN 
[logging_node-14]         - /autoware/perception/topic_rate_check/pointcloud WARN 
[logging_node-14]     - /autoware/control ERROR
[logging_node-14]         - /autoware/control/topic_rate_check/trajectory_follower ERROR
[logging_node-14]         - /autoware/control/topic_rate_check/control_command ERROR
[logging_node-14]     - /adapi/mrm_request/delegate STALE
[logging_node-14] 
[autoware_mrm_handler_node-13] [INFO] [1785591962.083891907] [system.mrm_handler]: MRM State changed: NORMAL -> MRM_OPERATING
[autoware_mrm_handler_node-13] [WARN] [1785591962.084182835] [system.mrm_handler]: EMERGENCY_STOP is operated.
[component_container_mt-1] [WARN] [1785591962.132960817] [sensing.lidar.concatenate_data]: transformed_raw_points[/sensing/lidar/right/pointcloud_before_sync] is nullptr, skipping pointcloud publish.
[component_container_mt-1] [WARN] [1785591962.133037569] [sensing.lidar.concatenate_data]: transformed_raw_points[/sensing/lidar/left/pointcloud_before_sync] is nullptr, skipping pointcloud publish.
[autoware_ndt_scan_matcher_node-24] [INFO] [1785591962.135004243] [localization.pose_estimator.ndt_scan_matcher]: Mismatch between pose timestamp and current timestamp
[autoware_mrm_handler_node-13] [INFO] [1785591962.184327658] [system.mrm_handler]: MRM State changed: MRM_OPERATING -> NORMAL
[autoware_mrm_handler_node-13] [WARN] [1785591962.185968228] [system.mrm_handler]: EMERGENCY_STOP is canceled.
[component_container_mt-1] [WARN] [1785591962.232664658] [sensing.lidar.concatenate_data]: transformed_raw_points[/sensing/lidar/right/pointcloud_before_sync] is nullptr, skipping pointcloud publish.
[component_container_mt-1] [WARN] [1785591962.232735537] [sensing.lidar.concatenate_data]: transformed_raw_points[/sensing/lidar/left/pointcloud_before_sync] is nullptr, skipping pointcloud publish.
[autoware_ekf_localizer_node-28] [WARN] [1785591962.431997507] [localization.pose_twist_fusion_filter.ekf_localizer]: EKF period may be too slow to finish pose smoothing!! (0.1000 sec)
[component_container_mt-1] [WARN] [1785591962.437179501] [sensing.lidar.concatenate_data]: transformed_raw_points[/sensing/lidar/right/pointcloud_before_sync] is nullptr, skipping pointcloud publish.
[component_container_mt-1] [WARN] [1785591962.437245375] [sensing.lidar.concatenate_data]: transformed_raw_points[/sensing/lidar/left/pointcloud_before_sync] is nullptr, skipping pointcloud publish.
[component_container_mt-1] [WARN] [1785591962.631938559] [sensing.lidar.concatenate_data]: transformed_raw_points[/sensing/lidar/right/pointcloud_before_sync] is nullptr, skipping pointcloud publish.
[component_container_mt-1] [WARN] [1785591962.632012214] [sensing.lidar.concatenate_data]: transformed_raw_points[/sensing/lidar/left/pointcloud_before_sync] is nullptr, skipping pointcloud publish.
[autoware_ndt_scan_matcher_node-24] [INFO] [1785591962.633179325] [localization.pose_estimator.ndt_scan_matcher]: Mismatch between pose timestamp and current timestamp
[autoware_mrm_handler_node-13] [INFO] [1785591963.082367208] [system.mrm_handler]: MRM State changed: NORMAL -> MRM_OPERATING
[autoware_mrm_handler_node-13] [WARN] [1785591963.082724268] [system.mrm_handler]: EMERGENCY_STOP is operated.
[component_container_mt-47] [WARN] [1785591963.143702345] [control.vehicle_cmd_gate]: Emergency!
[autoware_mrm_handler_node-13] [INFO] [1785591963.182054965] [system.mrm_handler]: MRM State changed: MRM_OPERATING -> NORMAL
[autoware_mrm_handler_node-13] [WARN] [1785591963.182999955] [system.mrm_handler]: EMERGENCY_STOP is canceled.
[component_container_mt-1] [WARN] [1785591963.186744824] [sensing.lidar.concatenate_data]: transformed_raw_points[/sensing/lidar/right/pointcloud_before_sync] is nullptr, skipping pointcloud publish.
[component_container_mt-1] [WARN] [1785591963.186827879] [sensing.lidar.concatenate_data]: transformed_raw_points[/sensing/lidar/left/pointcloud_before_sync] is nullptr, skipping pointcloud publish.
[component_container_mt-1] [WARN] [1785591963.238271746] [sensing.lidar.concatenate_data]: transformed_raw_points[/sensing/lidar/right/pointcloud_before_sync] is nullptr, skipping pointcloud publish.
[component_container_mt-1] [WARN] [1785591963.238348491] [sensing.lidar.concatenate_data]: transformed_raw_points[/sensing/lidar/left/pointcloud_before_sync] is nullptr, skipping pointcloud publish.
[component_container-7] [WARN] [1785591964.032577424] [system.topic_state_monitor_object_recognition_objects]: /perception/object_recognition/objects topic rate has dropped to the warning level. Set WARN in diagnostics.
[component_container_mt-1] [WARN] [1785591964.033331517] [sensing.lidar.concatenate_data]: transformed_raw_points[/sensing/lidar/right/pointcloud_before_sync] is nullptr, skipping pointcloud publish.
[component_container_mt-1] [WARN] [1785591964.033395631] [sensing.lidar.concatenate_data]: transformed_raw_points[/sensing/lidar/left/pointcloud_before_sync] is nullptr, skipping pointcloud publish.
[autoware_mrm_handler_node-13] [INFO] [1785591964.083647658] [system.mrm_handler]: MRM State changed: NORMAL -> MRM_OPERATING
[autoware_mrm_handler_node-13] [WARN] [1785591964.086231135] [system.mrm_handler]: EMERGENCY_STOP is operated.
[component_container_mt-1] [WARN] [1785591964.132038880] [sensing.lidar.concatenate_data]: transformed_raw_points[/sensing/lidar/right/pointcloud_before_sync] is nullptr, skipping pointcloud publish.
[component_container_mt-1] [WARN] [1785591964.132100560] [sensing.lidar.concatenate_data]: transformed_raw_points[/sensing/lidar/left/pointcloud_before_sync] is nullptr, skipping pointcloud publish.
[component_container_mt-47] [WARN] [1785591964.141163489] [control.vehicle_cmd_gate]: Emergency!
[autoware_mrm_handler_node-13] [INFO] [1785591964.182354003] [system.mrm_handler]: MRM State changed: MRM_OPERATING -> NORMAL
[autoware_mrm_handler_node-13] [WARN] [1785591964.183248174] [system.mrm_handler]: EMERGENCY_STOP is canceled.
[component_container-7] [INFO] [1785591964.683570953] [system.topic_state_monitor_mission_planning_route]: /planning/mission_planning/route has not received. Set ERROR in diagnostics.
[component_container_mt-1] [WARN] [1785591964.744917009] [localization.util.crop_box_filter_measurement_range]: Invalid PointCloud: row_step mismatch. Expected: 99696 (width 6231 * point_step 16), Got: 0. Frame: 'base_link', Stamp: 61.854059999 Please fill in the `cloud->row_step` field accordingly. This will be an ERROR starting in 2026 July
[component_container_mt-1] [WARN] [1785591964.931964076] [sensing.lidar.concatenate_data]: transformed_raw_points[/sensing/lidar/right/pointcloud_before_sync] is nullptr, skipping pointcloud publish.
[component_container_mt-1] [WARN] [1785591964.932043769] [sensing.lidar.concatenate_data]: transformed_raw_points[/sensing/lidar/left/pointcloud_before_sync] is nullptr, skipping pointcloud publish.
[component_container_mt-47] [INFO] [1785591964.940934583] [control.trajectory_follower.controller_node_exe]: Waiting for trajectory data
[component_container_mt-47] [INFO] [1785591964.940993755] [control.trajectory_follower.controller_node_exe]: Control is skipped since input data is not ready.
[autoware_ekf_localizer_node-28] [WARN] [1785591964.982473574] [localization.pose_twist_fusion_filter.ekf_localizer]: Pose delay exceeds the compensation limit, ignored. delay: 2.950[s], limit: 2.700[s]
[component_container_mt-48] [INFO] [1785591964.983288502] [control.autonomous_emergency_braking]: [AEB] waiting for imu message
[component_container_mt-48] [INFO] [1785591964.983333968] [control.autonomous_emergency_braking]: [AEB] waiting for control predicted trajectory
[component_container_mt-48] [INFO] [1785591964.983340573] [control.autonomous_emergency_braking]: [AEB] At least one path (IMU or predicted trajectory) is required for operation
[component_container_mt-1] [WARN] [1785591965.032491254] [sensing.lidar.concatenate_data]: transformed_raw_points[/sensing/lidar/right/pointcloud_before_sync] is nullptr, skipping pointcloud publish.
[component_container_mt-1] [WARN] [1785591965.032554648] [sensing.lidar.concatenate_data]: transformed_raw_points[/sensing/lidar/left/pointcloud_before_sync] is nullptr, skipping pointcloud publish.
[autoware_ndt_scan_matcher_node-24] [INFO] [1785591965.033600272] [localization.pose_estimator.ndt_scan_matcher]: Mismatch between pose timestamp and current timestamp
[component_container_mt-40] [INFO] [1785591965.057295396] [planning.scenario_planning.lane_driving.behavior_planning.behavior_path_planner]: waiting for scenario_topic
[autoware_mrm_handler_node-13] [INFO] [1785591965.081939372] [system.mrm_handler]: MRM State changed: NORMAL -> MRM_OPERATING
[autoware_scenario_selector_node-36] [INFO] [1785591965.082044370] [planning.scenario_planning.scenario_selector]: Waiting for route.
[autoware_mrm_handler_node-13] [WARN] [1785591965.082922088] [system.mrm_handler]: EMERGENCY_STOP is operated.
[logging_node-14] [WARN] [1785591965.084362295] [logging_diag_graph]: The target mode is not available for the following reasons:
[logging_node-14] - /autoware/modes/autonomous ERROR
[logging_node-14]     - /autoware/localization ERROR
[logging_node-14]         - /autoware/localization/state STALE
[logging_node-14]         - [anonymous group] ERROR
[logging_node-14]             - /autoware/localization/topic_rate_check/transform ERROR
[logging_node-14]             - /autoware/localization/scan_matching_status WARN 
[logging_node-14]             - /autoware/localization/accuracy ERROR
[logging_node-14]             - /autoware/localization/sensor_fusion_status ERROR
[logging_node-14]     - /autoware/planning ERROR
[logging_node-14]         - /autoware/planning/routing/state ERROR
[logging_node-14]         - [anonymous group] ERROR
[logging_node-14]             - /autoware/planning/topic_rate_check/route ERROR
[logging_node-14]             - /autoware/planning/topic_rate_check/trajectory ERROR
[logging_node-14]     - /autoware/perception WARN 
[logging_node-14]         - /autoware/perception/topic_rate_check/objects WARN 
[logging_node-14]     - /autoware/control ERROR
[logging_node-14]         - /autoware/control/topic_rate_check/trajectory_follower ERROR
[logging_node-14]         - /autoware/control/topic_rate_check/control_command ERROR
[logging_node-14] 
[component_container_mt-1] [WARN] [1785591965.132413124] [sensing.lidar.concatenate_data]: transformed_raw_points[/sensing/lidar/right/pointcloud_before_sync] is nullptr, skipping pointcloud publish.
[component_container_mt-1] [WARN] [1785591965.132478869] [sensing.lidar.concatenate_data]: transformed_raw_points[/sensing/lidar/left/pointcloud_before_sync] is nullptr, skipping pointcloud publish.
[autoware_mrm_handler_node-13] [INFO] [1785591965.181953844] [system.mrm_handler]: MRM State changed: MRM_OPERATING -> NORMAL
[autoware_mrm_handler_node-13] [WARN] [1785591965.183855731] [system.mrm_handler]: EMERGENCY_STOP is canceled.
[component_container_mt-1] [WARN] [1785591965.235316080] [sensing.lidar.concatenate_data]: transformed_raw_points[/sensing/lidar/right/pointcloud_before_sync] is nullptr, skipping pointcloud publish.
[component_container_mt-1] [WARN] [1785591965.235380140] [sensing.lidar.concatenate_data]: transformed_raw_points[/sensing/lidar/left/pointcloud_before_sync] is nullptr, skipping pointcloud publish.
[component_container_mt-48] [INFO] [1785591965.532220790] [control.trajectory_follower.lane_departure_checker_node]: waiting for route msg...
[component_container_mt-1] [WARN] [1785591965.535040665] [sensing.lidar.concatenate_data]: transformed_raw_points[/sensing/lidar/right/pointcloud_before_sync] is nullptr, skipping pointcloud publish.
[component_container_mt-1] [WARN] [1785591965.535932398] [sensing.lidar.concatenate_data]: transformed_raw_points[/sensing/lidar/left/pointcloud_before_sync] is nullptr, skipping pointcloud publish.
[component_container-18] [WARN] [1785591965.743086290] [sensing.lidar.top.crop_box_filter_self]: Invalid PointCloud: is_dense is false. The point cloud should be organized (dense) and contain only valid points. This will be an ERROR starting in 2026 JulyFrame: 'velodyne_top', Stamp: 62.854060014
[component_container_mt-1] [WARN] [1785591965.940692862] [sensing.lidar.concatenate_data]: transformed_raw_points[/sensing/lidar/right/pointcloud_before_sync] is nullptr, skipping pointcloud publish.
[component_container_mt-1] [WARN] [1785591965.940780909] [sensing.lidar.concatenate_data]: transformed_raw_points[/sensing/lidar/left/pointcloud_before_sync] is nullptr, skipping pointcloud publish.
[autoware_mrm_handler_node-13] [INFO] [1785591966.081870234] [system.mrm_handler]: MRM State changed: NORMAL -> MRM_OPERATING
[autoware_mrm_handler_node-13] [WARN] [1785591966.082355755] [system.mrm_handler]: EMERGENCY_STOP is operated.
[autoware_mrm_handler_node-13] [INFO] [1785591966.181891196] [system.mrm_handler]: MRM State changed: MRM_OPERATING -> NORMAL
[autoware_mrm_handler_node-13] [WARN] [1785591966.182205592] [system.mrm_handler]: EMERGENCY_STOP is canceled.
[component_container_mt-1] [WARN] [1785591966.941588018] [sensing.lidar.concatenate_data]: transformed_raw_points[/sensing/lidar/right/pointcloud_before_sync] is nullptr, skipping pointcloud publish.
[component_container_mt-1] [WARN] [1785591966.941666736] [sensing.lidar.concatenate_data]: transformed_raw_points[/sensing/lidar/left/pointcloud_before_sync] is nullptr, skipping pointcloud publish.
[component_container_mt-47] [INFO] [1785591966.986791081] [control.vehicle_cmd_gate]: The operation mode is changed, but the GearCommand is not received yet:
[component_container-7] [WARN] [1785591967.033202800] [system.topic_state_monitor_object_recognition_objects]: /perception/object_recognition/objects topic rate has dropped to the warning level. Set WARN in diagnostics.
[component_container_mt-1] [WARN] [1785591967.133588825] [sensing.lidar.concatenate_data]: transformed_raw_points[/sensing/lidar/right/pointcloud_before_sync] is nullptr, skipping pointcloud publish.
[component_container_mt-1] [WARN] [1785591967.133653675] [sensing.lidar.concatenate_data]: transformed_raw_points[/sensing/lidar/left/pointcloud_before_sync] is nullptr, skipping pointcloud publish.
[component_container_mt-47] [WARN] [1785591967.150248809] [control.autoware_operation_mode_transition_manager]: Subscribed control_cmd is timed out.
[autoware_ekf_localizer_node-28] [WARN] [1785591967.181940736] [localization.pose_twist_fusion_filter.ekf_localizer]: EKF period may be too slow to finish pose smoothing!! (0.1000 sec)
[component_container_mt-1] [WARN] [1785591967.237338322] [sensing.lidar.concatenate_data]: transformed_raw_points[/sensing/lidar/right/pointcloud_before_sync] is nullptr, skipping pointcloud publish.
[component_container_mt-1] [WARN] [1785591967.237395710] [sensing.lidar.concatenate_data]: transformed_raw_points[/sensing/lidar/left/pointcloud_before_sync] is nullptr, skipping pointcloud publish.
[component_container_mt-1] [WARN] [1785591967.434993838] [sensing.lidar.concatenate_data]: transformed_raw_points[/sensing/lidar/right/pointcloud_before_sync] is nullptr, skipping pointcloud publish.
[component_container_mt-1] [WARN] [1785591967.435054515] [sensing.lidar.concatenate_data]: transformed_raw_points[/sensing/lidar/left/pointcloud_before_sync] is nullptr, skipping pointcloud publish.
[component_container_mt-47] [WARN] [1785591967.542983497] [control.vehicle_cmd_gate]: system_emergency heartbeat is timeout.
[component_container_mt-48] [INFO] [1785591967.543929420] [control.control_validator]: waiting for /planning/trajectory
[component_container-7] [INFO] [1785591967.787182092] [system.topic_state_monitor_trajectory_follower_control_cmd]: /control/trajectory_follower/control_cmd has not received. Set ERROR in diagnostics.
[component_container_mt-1] [WARN] [1785591967.831887008] [sensing.lidar.concatenate_data]: transformed_raw_points[/sensing/lidar/right/pointcloud_before_sync] is nullptr, skipping pointcloud publish.
[component_container_mt-1] [WARN] [1785591967.831965797] [sensing.lidar.concatenate_data]: transformed_raw_points[/sensing/lidar/left/pointcloud_before_sync] is nullptr, skipping pointcloud publish.
[component_container_mt-1] [WARN] [1785591968.033080055] [sensing.lidar.concatenate_data]: transformed_raw_points[/sensing/lidar/right/pointcloud_before_sync] is nullptr, skipping pointcloud publish.
[component_container_mt-1] [WARN] [1785591968.033149976] [sensing.lidar.concatenate_data]: transformed_raw_points[/sensing/lidar/left/pointcloud_before_sync] is nullptr, skipping pointcloud publish.
[autoware_mrm_handler_node-13] [INFO] [1785591968.082654553] [system.mrm_handler]: MRM State changed: NORMAL -> MRM_OPERATING
[autoware_mrm_handler_node-13] [WARN] [1785591968.083429942] [system.mrm_handler]: EMERGENCY_STOP is operated.
[logging_node-14] [WARN] [1785591968.084198498] [logging_diag_graph]: The target mode is not available for the following reasons:
[logging_node-14] - /autoware/modes/autonomous ERROR
[logging_node-14]     - /autoware/localization ERROR
[logging_node-14]         - [anonymous group] ERROR
[logging_node-14]             - /autoware/localization/topic_rate_check/transform ERROR
[logging_node-14]             - /autoware/localization/accuracy ERROR
[logging_node-14]             - /autoware/localization/sensor_fusion_status ERROR
[logging_node-14]     - /autoware/planning ERROR
[logging_node-14]         - /autoware/planning/routing/state ERROR
[logging_node-14]         - [anonymous group] ERROR
[logging_node-14]             - /autoware/planning/topic_rate_check/route ERROR
[logging_node-14]             - /autoware/planning/topic_rate_check/trajectory ERROR
[logging_node-14]     - /autoware/control ERROR
[logging_node-14]         - /autoware/control/topic_rate_check/trajectory_follower ERROR
[logging_node-14]         - /autoware/control/topic_rate_check/control_command ERROR
[logging_node-14]     - /adapi/mrm_request/delegate STALE
[logging_node-14] 
[component_container_mt-47] [WARN] [1785591968.086369804] [control.vehicle_cmd_gate]: Emergency!
[autoware_mrm_handler_node-13] [INFO] [1785591968.181807732] [system.mrm_handler]: MRM State changed: MRM_OPERATING -> NORMAL
[autoware_mrm_handler_node-13] [WARN] [1785591968.182798138] [system.mrm_handler]: EMERGENCY_STOP is canceled.
[component_container_mt-1] [WARN] [1785591968.232061442] [sensing.lidar.concatenate_data]: transformed_raw_points[/sensing/lidar/right/pointcloud_before_sync] is nullptr, skipping pointcloud publish.
[component_container_mt-1] [WARN] [1785591968.232126553] [sensing.lidar.concatenate_data]: transformed_raw_points[/sensing/lidar/left/pointcloud_before_sync] is nullptr, skipping pointcloud publish.
[component_container-18] [WARN] [1785591969.042576163] [sensing.lidar.top.distortion_corrector_node]: IMU time_stamp is too late. Could not interpolate.
[autoware_ekf_localizer_node-28] [WARN] [1785591969.232105714] [localization.pose_twist_fusion_filter.ekf_localizer]: EKF period may be too slow to finish pose smoothing!! (0.1000 sec)
[component_container_mt-1] [WARN] [1785591969.233048295] [sensing.lidar.concatenate_data]: transformed_raw_points[/sensing/lidar/right/pointcloud_before_sync] is nullptr, skipping pointcloud publish.
[component_container_mt-1] [WARN] [1785591969.233796710] [sensing.lidar.concatenate_data]: transformed_raw_points[/sensing/lidar/left/pointcloud_before_sync] is nullptr, skipping pointcloud publish.
[component_container_mt-1] [WARN] [1785591969.736538015] [sensing.lidar.concatenate_data]: transformed_raw_points[/sensing/lidar/right/pointcloud_before_sync] is nullptr, skipping pointcloud publish.
[component_container_mt-1] [WARN] [1785591969.736619583] [sensing.lidar.concatenate_data]: transformed_raw_points[/sensing/lidar/left/pointcloud_before_sync] is nullptr, skipping pointcloud publish.
[component_container_mt-1] [WARN] [1785591969.932157992] [sensing.lidar.concatenate_data]: transformed_raw_points[/sensing/lidar/right/pointcloud_before_sync] is nullptr, skipping pointcloud publish.
[component_container_mt-1] [WARN] [1785591969.932231250] [sensing.lidar.concatenate_data]: transformed_raw_points[/sensing/lidar/left/pointcloud_before_sync] is nullptr, skipping pointcloud publish.
[component_container_mt-47] [INFO] [1785591969.934493288] [control.trajectory_follower.controller_node_exe]: Waiting for trajectory data
[component_container_mt-47] [INFO] [1785591969.934550972] [control.trajectory_follower.controller_node_exe]: Control is skipped since input data is not ready.
[component_container_mt-1] [WARN] [1785591969.944104156] [localization.util.crop_box_filter_measurement_range]: Invalid PointCloud: row_step mismatch. Expected: 98912 (width 6182 * point_step 16), Got: 0. Frame: 'base_link', Stamp: 67.054060076 Please fill in the `cloud->row_step` field accordingly. This will be an ERROR starting in 2026 July
[component_container-7] [WARN] [1785591970.037281406] [system.topic_state_monitor_control_command_control_cmd]: /control/command/control_cmd topic rate has dropped to the error level. Set ERROR in diagnostics.
[component_container_mt-1] [WARN] [1785591970.038261510] [sensing.lidar.concatenate_data]: transformed_raw_points[/sensing/lidar/right/pointcloud_before_sync] is nullptr, skipping pointcloud publish.
[component_container_mt-1] [WARN] [1785591970.038333213] [sensing.lidar.concatenate_data]: transformed_raw_points[/sensing/lidar/left/pointcloud_before_sync] is nullptr, skipping pointcloud publish.
[autoware_ndt_scan_matcher_node-24] [INFO] [1785591970.039962979] [localization.pose_estimator.ndt_scan_matcher]: Mismatch between pose timestamp and current timestamp
[autoware_scenario_selector_node-36] [INFO] [1785591970.081914588] [planning.scenario_planning.scenario_selector]: Waiting for route.
[autoware_mrm_handler_node-13] [INFO] [1785591970.082671178] [system.mrm_handler]: MRM State changed: NORMAL -> MRM_OPERATING
[autoware_mrm_handler_node-13] [WARN] [1785591970.083160322] [system.mrm_handler]: EMERGENCY_STOP is operated.
[component_container_mt-47] [WARN] [1785591970.090167570] [control.vehicle_cmd_gate]: Emergency!
[component_container_mt-1] [WARN] [1785591970.132286593] [sensing.lidar.concatenate_data]: transformed_raw_points[/sensing/lidar/right/pointcloud_before_sync] is nullptr, skipping pointcloud publish.
[component_container_mt-1] [WARN] [1785591970.132377423] [sensing.lidar.concatenate_data]: transformed_raw_points[/sensing/lidar/left/pointcloud_before_sync] is nullptr, skipping pointcloud publish.
[component_container_mt-40] [INFO] [1785591970.133173961] [planning.scenario_planning.lane_driving.behavior_planning.behavior_path_planner]: waiting for scenario_topic
[autoware_ndt_scan_matcher_node-24] [INFO] [1785591970.133429498] [localization.pose_estimator.ndt_scan_matcher]: Mismatch between pose timestamp and current timestamp
[component_container_mt-48] [INFO] [1785591970.145025649] [control.autonomous_emergency_braking]: [AEB] waiting for control predicted trajectory
[autoware_mrm_handler_node-13] [INFO] [1785591970.182781099] [system.mrm_handler]: MRM State changed: MRM_OPERATING -> NORMAL
[autoware_mrm_handler_node-13] [WARN] [1785591970.183563748] [system.mrm_handler]: EMERGENCY_STOP is canceled.
[component_container_mt-1] [WARN] [1785591970.234103922] [sensing.lidar.concatenate_data]: transformed_raw_points[/sensing/lidar/right/pointcloud_before_sync] is nullptr, skipping pointcloud publish.
[component_container_mt-1] [WARN] [1785591970.234189739] [sensing.lidar.concatenate_data]: transformed_raw_points[/sensing/lidar/left/pointcloud_before_sync] is nullptr, skipping pointcloud publish.
[autoware_ndt_scan_matcher_node-24] [INFO] [1785591970.237383946] [localization.pose_estimator.ndt_scan_matcher]: Mismatch between pose timestamp and current timestamp
[component_container_mt-1] [WARN] [1785591970.334827230] [sensing.lidar.concatenate_data]: transformed_raw_points[/sensing/lidar/right/pointcloud_before_sync] is nullptr, skipping pointcloud publish.
[component_container_mt-1] [WARN] [1785591970.334887048] [sensing.lidar.concatenate_data]: transformed_raw_points[/sensing/lidar/left/pointcloud_before_sync] is nullptr, skipping pointcloud publish.
[component_container_mt-48] [INFO] [1785591970.591337622] [control.trajectory_follower.lane_departure_checker_node]: waiting for route msg...
[component_container_mt-1] [WARN] [1785591970.731954344] [sensing.lidar.concatenate_data]: transformed_raw_points[/sensing/lidar/right/pointcloud_before_sync] is nullptr, skipping pointcloud publish.
[component_container_mt-1] [WARN] [1785591970.732016544] [sensing.lidar.concatenate_data]: transformed_raw_points[/sensing/lidar/left/pointcloud_before_sync] is nullptr, skipping pointcloud publish.
[component_container-18] [WARN] [1785591970.744715030] [sensing.lidar.top.crop_box_filter_self]: Invalid PointCloud: is_dense is false. The point cloud should be organized (dense) and contain only valid points. This will be an ERROR starting in 2026 JulyFrame: 'velodyne_top', Stamp: 67.854060088
[component_container-7] [INFO] [1785591970.833217433] [system.topic_state_monitor_mission_planning_route]: /planning/mission_planning/route has not received. Set ERROR in diagnostics.
[component_container_mt-1] [WARN] [1785591970.936053168] [sensing.lidar.concatenate_data]: transformed_raw_points[/sensing/lidar/right/pointcloud_before_sync] is nullptr, skipping pointcloud publish.
[component_container_mt-1] [WARN] [1785591970.936119629] [sensing.lidar.concatenate_data]: transformed_raw_points[/sensing/lidar/left/pointcloud_before_sync] is nullptr, skipping pointcloud publish.
[autoware_ndt_scan_matcher_node-24] [INFO] [1785591970.937316275] [localization.pose_estimator.ndt_scan_matcher]: Mismatch between pose timestamp and current timestamp
[component_container_mt-1] [WARN] [1785591971.033960181] [sensing.lidar.concatenate_data]: transformed_raw_points[/sensing/lidar/right/pointcloud_before_sync] is nullptr, skipping pointcloud publish.
[component_container_mt-1] [WARN] [1785591971.034039469] [sensing.lidar.concatenate_data]: transformed_raw_points[/sensing/lidar/left/pointcloud_before_sync] is nullptr, skipping pointcloud publish.
[logging_node-14] [WARN] [1785591971.081903721] [logging_diag_graph]: The target mode is not available for the following reasons:
[logging_node-14] - /autoware/modes/autonomous ERROR
[logging_node-14]     - /autoware/localization ERROR
[logging_node-14]         - [anonymous group] ERROR
[logging_node-14]             - /autoware/localization/topic_rate_check/transform ERROR
[logging_node-14]             - /autoware/localization/scan_matching_status WARN 
[logging_node-14]             - /autoware/localization/accuracy ERROR
[logging_node-14]             - /autoware/localization/sensor_fusion_status ERROR
[logging_node-14]     - /autoware/planning ERROR
[logging_node-14]         - /autoware/planning/routing/state ERROR
[logging_node-14]         - [anonymous group] ERROR
[logging_node-14]             - /autoware/planning/topic_rate_check/route ERROR
[logging_node-14]             - /autoware/planning/topic_rate_check/trajectory ERROR
[logging_node-14]             - /autoware/planning/trajectory_validation ERROR
[logging_node-14]     - /autoware/perception WARN 
[logging_node-14]         - /autoware/perception/topic_rate_check/objects WARN 
[logging_node-14]     - /autoware/control ERROR
[logging_node-14]         - /autoware/control/topic_rate_check/trajectory_follower ERROR
[logging_node-14]         - /autoware/control/topic_rate_check/control_command WARN 
[logging_node-14]     - /adapi/mrm_request/delegate STALE
[logging_node-14] 
[autoware_mrm_handler_node-13] [INFO] [1785591971.082487162] [system.mrm_handler]: MRM State changed: NORMAL -> MRM_OPERATING
[autoware_mrm_handler_node-13] [WARN] [1785591971.084751401] [system.mrm_handler]: EMERGENCY_STOP is operated.
[autoware_mrm_handler_node-13] [INFO] [1785591971.182153783] [system.mrm_handler]: MRM State changed: MRM_OPERATING -> NORMAL
[autoware_mrm_handler_node-13] [WARN] [1785591971.182586446] [system.mrm_handler]: EMERGENCY_STOP is canceled.
[component_container_mt-1] [WARN] [1785591971.235266493] [sensing.lidar.concatenate_data]: transformed_raw_points[/sensing/lidar/right/pointcloud_before_sync] is nullptr, skipping pointcloud publish.
[component_container_mt-1] [WARN] [1785591971.235357577] [sensing.lidar.concatenate_data]: transformed_raw_points[/sensing/lidar/left/pointcloud_before_sync] is nullptr, skipping pointcloud publish.
[autoware_ndt_scan_matcher_node-24] [INFO] [1785591971.238909738] [localization.pose_estimator.ndt_scan_matcher]: Mismatch between pose timestamp and current timestamp
[component_container_mt-1] [WARN] [1785591971.332205703] [sensing.lidar.concatenate_data]: transformed_raw_points[/sensing/lidar/right/pointcloud_before_sync] is nullptr, skipping pointcloud publish.
[component_container_mt-1] [WARN] [1785591971.332274022] [sensing.lidar.concatenate_data]: transformed_raw_points[/sensing/lidar/left/pointcloud_before_sync] is nullptr, skipping pointcloud publish.
[autoware_ekf_localizer_node-28] [WARN] [1785591971.333043801] [localization.pose_twist_fusion_filter.ekf_localizer]: EKF period may be too slow to finish pose smoothing!! (0.1000 sec)
[component_container_mt-1] [WARN] [1785591971.632156840] [sensing.lidar.concatenate_data]: transformed_raw_points[/sensing/lidar/right/pointcloud_before_sync] is nullptr, skipping pointcloud publish.
[component_container_mt-1] [WARN] [1785591971.632239145] [sensing.lidar.concatenate_data]: transformed_raw_points[/sensing/lidar/left/pointcloud_before_sync] is nullptr, skipping pointcloud publish.
[component_container-18] [WARN] [1785591971.850911407] [sensing.lidar.top.distortion_corrector_node]: Twist time_stamp is too late. Could not interpolate.
[component_container_mt-47] [INFO] [1785591971.991579089] [control.vehicle_cmd_gate]: The operation mode is changed, but the GearCommand is not received yet:
[component_container_mt-1] [WARN] [1785591972.031867510] [sensing.lidar.concatenate_data]: transformed_raw_points[/sensing/lidar/right/pointcloud_before_sync] is nullptr, skipping pointcloud publish.
[component_container_mt-1] [WARN] [1785591972.031949883] [sensing.lidar.concatenate_data]: transformed_raw_points[/sensing/lidar/left/pointcloud_before_sync] is nullptr, skipping pointcloud publish.
[autoware_ndt_scan_matcher_node-24] [INFO] [1785591972.035993556] [localization.pose_estimator.ndt_scan_matcher]: Mismatch between pose timestamp and current timestamp
[component_container_mt-1] [WARN] [1785591972.131829865] [sensing.lidar.concatenate_data]: transformed_raw_points[/sensing/lidar/right/pointcloud_before_sync] is nullptr, skipping pointcloud publish.
[component_container_mt-1] [WARN] [1785591972.132937059] [sensing.lidar.concatenate_data]: transformed_raw_points[/sensing/lidar/left/pointcloud_before_sync] is nullptr, skipping pointcloud publish.
[component_container_mt-1] [WARN] [1785591972.332044444] [sensing.lidar.concatenate_data]: transformed_raw_points[/sensing/lidar/right/pointcloud_before_sync] is nullptr, skipping pointcloud publish.
[component_container_mt-1] [WARN] [1785591972.332123781] [sensing.lidar.concatenate_data]: transformed_raw_points[/sensing/lidar/left/pointcloud_before_sync] is nullptr, skipping pointcloud publish.
[autoware_ndt_scan_matcher_node-24] [INFO] [1785591972.337378596] [localization.pose_estimator.ndt_scan_matcher]: Mismatch between pose timestamp and current timestamp
[component_container_mt-1] [WARN] [1785591972.635846038] [sensing.lidar.concatenate_data]: transformed_raw_points[/sensing/lidar/right/pointcloud_before_sync] is nullptr, skipping pointcloud publish.
[component_container_mt-1] [WARN] [1785591972.635925946] [sensing.lidar.concatenate_data]: transformed_raw_points[/sensing/lidar/left/pointcloud_before_sync] is nullptr, skipping pointcloud publish.
[autoware_ndt_scan_matcher_node-24] [INFO] [1785591972.639406899] [localization.pose_estimator.ndt_scan_matcher]: Mismatch between pose timestamp and current timestamp
[component_container_mt-1] [WARN] [1785591972.734082258] [sensing.lidar.concatenate_data]: transformed_raw_points[/sensing/lidar/right/pointcloud_before_sync] is nullptr, skipping pointcloud publish.
[component_container_mt-1] [WARN] [1785591972.734141108] [sensing.lidar.concatenate_data]: transformed_raw_points[/sensing/lidar/left/pointcloud_before_sync] is nullptr, skipping pointcloud publish.
[autoware_ndt_scan_matcher_node-24] [INFO] [1785591972.744361925] [localization.pose_estimator.ndt_scan_matcher]: Mismatch between pose timestamp and current timestamp
[component_container_mt-1] [WARN] [1785591972.836371818] [sensing.lidar.concatenate_data]: transformed_raw_points[/sensing/lidar/right/pointcloud_before_sync] is nullptr, skipping pointcloud publish.
[component_container_mt-1] [WARN] [1785591972.836450238] [sensing.lidar.concatenate_data]: transformed_raw_points[/sensing/lidar/left/pointcloud_before_sync] is nullptr, skipping pointcloud publish.
[component_container_mt-1] [WARN] [1785591972.932391910] [sensing.lidar.concatenate_data]: transformed_raw_points[/sensing/lidar/right/pointcloud_before_sync] is nullptr, skipping pointcloud publish.
[component_container_mt-1] [WARN] [1785591972.932473306] [sensing.lidar.concatenate_data]: transformed_raw_points[/sensing/lidar/left/pointcloud_before_sync] is nullptr, skipping pointcloud publish.
[autoware_mrm_handler_node-13] [INFO] [1785591973.082009048] [system.mrm_handler]: MRM State changed: NORMAL -> MRM_OPERATING
[autoware_mrm_handler_node-13] [WARN] [1785591973.084147461] [system.mrm_handler]: EMERGENCY_STOP is operated.
[component_container-7] [WARN] [1785591973.087691691] [system.topic_state_monitor_control_command_control_cmd]: /control/command/control_cmd topic rate has dropped to the error level. Set ERROR in diagnostics.
[component_container_mt-1] [WARN] [1785591973.134522593] [sensing.lidar.concatenate_data]: transformed_raw_points[/sensing/lidar/right/pointcloud_before_sync] is nullptr, skipping pointcloud publish.
[component_container_mt-1] [WARN] [1785591973.134582119] [sensing.lidar.concatenate_data]: transformed_raw_points[/sensing/lidar/left/pointcloud_before_sync] is nullptr, skipping pointcloud publish.
[autoware_ndt_scan_matcher_node-24] [INFO] [1785591973.137218778] [localization.pose_estimator.ndt_scan_matcher]: Mismatch between pose timestamp and current timestamp
[autoware_mrm_handler_node-13] [INFO] [1785591973.182028690] [system.mrm_handler]: MRM State changed: MRM_OPERATING -> NORMAL
[autoware_mrm_handler_node-13] [WARN] [1785591973.182664010] [system.mrm_handler]: EMERGENCY_STOP is canceled.
[component_container_mt-1] [WARN] [1785591973.231946676] [sensing.lidar.concatenate_data]: transformed_raw_points[/sensing/lidar/right/pointcloud_before_sync] is nullptr, skipping pointcloud publish.
[component_container_mt-1] [WARN] [1785591973.232025178] [sensing.lidar.concatenate_data]: transformed_raw_points[/sensing/lidar/left/pointcloud_before_sync] is nullptr, skipping pointcloud publish.
[autoware_ndt_scan_matcher_node-24] [INFO] [1785591973.237562807] [localization.pose_estimator.ndt_scan_matcher]: Mismatch between pose timestamp and current timestamp
[component_container_mt-47] [WARN] [1785591973.288366352] [control.autoware_operation_mode_transition_manager]: Subscribed control_cmd is timed out.
[component_container_mt-1] [WARN] [1785591973.332228701] [sensing.lidar.concatenate_data]: transformed_raw_points[/sensing/lidar/right/pointcloud_before_sync] is nullptr, skipping pointcloud publish.
[component_container_mt-1] [WARN] [1785591973.332291911] [sensing.lidar.concatenate_data]: transformed_raw_points[/sensing/lidar/left/pointcloud_before_sync] is nullptr, skipping pointcloud publish.
[autoware_ekf_localizer_node-28] [WARN] [1785591973.332671711] [localization.pose_twist_fusion_filter.ekf_localizer]: EKF period may be too slow to finish pose smoothing!! (0.1000 sec)
[component_container_mt-1] [WARN] [1785591973.440975064] [sensing.lidar.concatenate_data]: transformed_raw_points[/sensing/lidar/right/pointcloud_before_sync] is nullptr, skipping pointcloud publish.
[component_container_mt-1] [WARN] [1785591973.441054424] [sensing.lidar.concatenate_data]: transformed_raw_points[/sensing/lidar/left/pointcloud_before_sync] is nullptr, skipping pointcloud publish.
[component_container_mt-1] [WARN] [1785591973.732462352] [sensing.lidar.concatenate_data]: transformed_raw_points[/sensing/lidar/right/pointcloud_before_sync] is nullptr, skipping pointcloud publish.
[component_container_mt-1] [WARN] [1785591973.732539602] [sensing.lidar.concatenate_data]: transformed_raw_points[/sensing/lidar/left/pointcloud_before_sync] is nullptr, skipping pointcloud publish.
[component_container-7] [INFO] [1785591973.837710739] [system.topic_state_monitor_mission_planning_route]: /planning/mission_planning/route has not received. Set ERROR in diagnostics.
[component_container_mt-1] [WARN] [1785591973.931856994] [sensing.lidar.concatenate_data]: transformed_raw_points[/sensing/lidar/right/pointcloud_before_sync] is nullptr, skipping pointcloud publish.
[component_container_mt-1] [WARN] [1785591973.931941505] [sensing.lidar.concatenate_data]: transformed_raw_points[/sensing/lidar/left/pointcloud_before_sync] is nullptr, skipping pointcloud publish.
[autoware_ndt_scan_matcher_node-24] [INFO] [1785591973.933396717] [localization.pose_estimator.ndt_scan_matcher]: Mismatch between pose timestamp and current timestamp
[component_container_mt-1] [WARN] [1785591974.035815374] [sensing.lidar.concatenate_data]: transformed_raw_points[/sensing/lidar/right/pointcloud_before_sync] is nullptr, skipping pointcloud publish.
[component_container_mt-1] [WARN] [1785591974.035894624] [sensing.lidar.concatenate_data]: transformed_raw_points[/sensing/lidar/left/pointcloud_before_sync] is nullptr, skipping pointcloud publish.
[logging_node-14] [WARN] [1785591974.082399744] [logging_diag_graph]: The target mode is not available for the following reasons:
[logging_node-14] - /autoware/modes/autonomous ERROR
[logging_node-14]     - /autoware/localization ERROR
[logging_node-14]         - [anonymous group] ERROR
[logging_node-14]             - /autoware/localization/topic_rate_check/transform ERROR
[logging_node-14]             - /autoware/localization/scan_matching_status WARN 
[logging_node-14]             - /autoware/localization/accuracy ERROR
[logging_node-14]             - /autoware/localization/sensor_fusion_status ERROR
[logging_node-14]     - /autoware/planning ERROR
[logging_node-14]         - /autoware/planning/routing/state ERROR
[logging_node-14]         - [anonymous group] ERROR
[logging_node-14]             - /autoware/planning/topic_rate_check/route ERROR
[logging_node-14]             - /autoware/planning/topic_rate_check/trajectory ERROR
[logging_node-14]             - /autoware/planning/trajectory_validation ERROR
[logging_node-14]     - /autoware/perception WARN 
[logging_node-14]         - /autoware/perception/topic_rate_check/objects WARN 
[logging_node-14]     - /autoware/control ERROR
[logging_node-14]         - /autoware/control/topic_rate_check/trajectory_follower ERROR
[logging_node-14]         - /autoware/control/topic_rate_check/control_command ERROR
[logging_node-14]     - /adapi/mrm_request/delegate STALE
[logging_node-14] 
[autoware_mrm_handler_node-13] [INFO] [1785591974.082736024] [system.mrm_handler]: MRM State changed: NORMAL -> MRM_OPERATING
[autoware_mrm_handler_node-13] [WARN] [1785591974.083220186] [system.mrm_handler]: EMERGENCY_STOP is operated.
[component_container_mt-47] [WARN] [1785591974.095954702] [control.vehicle_cmd_gate]: Emergency!
[component_container_mt-48] [INFO] [1785591974.111438789] [control.control_validator]: waiting for /planning/trajectory
[autoware_mrm_handler_node-13] [INFO] [1785591974.181873439] [system.mrm_handler]: MRM State changed: MRM_OPERATING -> NORMAL
[autoware_mrm_handler_node-13] [WARN] [1785591974.182422803] [system.mrm_handler]: EMERGENCY_STOP is canceled.
[autoware_ndt_scan_matcher_node-24] [INFO] [1785591974.244486533] [localization.pose_estimator.ndt_scan_matcher]: pose_buffer_.size() < 2
[component_container_mt-1] [WARN] [1785591974.337827496] [sensing.lidar.concatenate_data]: transformed_raw_points[/sensing/lidar/right/pointcloud_before_sync] is nullptr, skipping pointcloud publish.
[component_container_mt-1] [WARN] [1785591974.337910091] [sensing.lidar.concatenate_data]: transformed_raw_points[/sensing/lidar/left/pointcloud_before_sync] is nullptr, skipping pointcloud publish.
[autoware_ndt_scan_matcher_node-24] [INFO] [1785591974.341497933] [localization.pose_estimator.ndt_scan_matcher]: Mismatch between pose timestamp and current timestamp
[component_container_mt-1] [WARN] [1785591974.434618226] [sensing.lidar.concatenate_data]: transformed_raw_points[/sensing/lidar/right/pointcloud_before_sync] is nullptr, skipping pointcloud publish.
[component_container_mt-1] [WARN] [1785591974.434666551] [sensing.lidar.concatenate_data]: transformed_raw_points[/sensing/lidar/left/pointcloud_before_sync] is nullptr, skipping pointcloud publish.
[component_container_mt-1] [WARN] [1785591974.532366949] [sensing.lidar.concatenate_data]: transformed_raw_points[/sensing/lidar/right/pointcloud_before_sync] is nullptr, skipping pointcloud publish.
[component_container_mt-1] [WARN] [1785591974.532418625] [sensing.lidar.concatenate_data]: transformed_raw_points[/sensing/lidar/left/pointcloud_before_sync] is nullptr, skipping pointcloud publish.
[component_container_mt-1] [WARN] [1785591974.732124579] [sensing.lidar.concatenate_data]: transformed_raw_points[/sensing/lidar/right/pointcloud_before_sync] is nullptr, skipping pointcloud publish.
[component_container_mt-1] [WARN] [1785591974.732209534] [sensing.lidar.concatenate_data]: transformed_raw_points[/sensing/lidar/left/pointcloud_before_sync] is nullptr, skipping pointcloud publish.
[component_container_mt-47] [INFO] [1785591974.932033036] [control.trajectory_follower.controller_node_exe]: Waiting for trajectory data
[component_container_mt-47] [INFO] [1785591974.932090275] [control.trajectory_follower.controller_node_exe]: Control is skipped since input data is not ready.
[autoware_scenario_selector_node-36] [INFO] [1785591975.082428604] [planning.scenario_planning.scenario_selector]: Waiting for route.
[autoware_mrm_handler_node-13] [INFO] [1785591975.082569529] [system.mrm_handler]: MRM State changed: NORMAL -> MRM_OPERATING
[autoware_mrm_handler_node-13] [WARN] [1785591975.083874179] [system.mrm_handler]: EMERGENCY_STOP is operated.
[component_container_mt-47] [WARN] [1785591975.135858674] [control.vehicle_cmd_gate]: Emergency!
[autoware_mrm_handler_node-13] [INFO] [1785591975.182043379] [system.mrm_handler]: MRM State changed: MRM_OPERATING -> NORMAL
[component_container_mt-48] [INFO] [1785591975.182527483] [control.autonomous_emergency_braking]: [AEB] waiting for control predicted trajectory
[autoware_mrm_handler_node-13] [WARN] [1785591975.185065613] [system.mrm_handler]: EMERGENCY_STOP is canceled.
[component_container_mt-1] [WARN] [1785591975.231896205] [sensing.lidar.concatenate_data]: transformed_raw_points[/sensing/lidar/right/pointcloud_before_sync] is nullptr, skipping pointcloud publish.
[component_container_mt-1] [WARN] [1785591975.231979270] [sensing.lidar.concatenate_data]: transformed_raw_points[/sensing/lidar/left/pointcloud_before_sync] is nullptr, skipping pointcloud publish.
[component_container_mt-40] [INFO] [1785591975.242234778] [planning.scenario_planning.lane_driving.behavior_planning.behavior_path_planner]: waiting for scenario_topic
[component_container_mt-48] [INFO] [1785591975.582498388] [control.trajectory_follower.lane_departure_checker_node]: waiting for route msg...
[component_container_mt-1] [WARN] [1785591975.646556142] [localization.util.crop_box_filter_measurement_range]: Invalid PointCloud: row_step mismatch. Expected: 99888 (width 6243 * point_step 16), Got: 0. Frame: 'base_link', Stamp: 72.754060161 Please fill in the `cloud->row_step` field accordingly. This will be an ERROR starting in 2026 July
[component_container_mt-1] [WARN] [1785591975.732569778] [sensing.lidar.concatenate_data]: transformed_raw_points[/sensing/lidar/right/pointcloud_before_sync] is nullptr, skipping pointcloud publish.
[component_container_mt-1] [WARN] [1785591975.732643194] [sensing.lidar.concatenate_data]: transformed_raw_points[/sensing/lidar/left/pointcloud_before_sync] is nullptr, skipping pointcloud publish.
[component_container_mt-1] [WARN] [1785591975.831902707] [sensing.lidar.concatenate_data]: transformed_raw_points[/sensing/lidar/right/pointcloud_before_sync] is nullptr, skipping pointcloud publish.
[component_container_mt-1] [WARN] [1785591975.831988980] [sensing.lidar.concatenate_data]: transformed_raw_points[/sensing/lidar/left/pointcloud_before_sync] is nullptr, skipping pointcloud publish.
[component_container-18] [WARN] [1785591976.047115323] [sensing.lidar.top.crop_box_filter_self]: Invalid PointCloud: is_dense is false. The point cloud should be organized (dense) and contain only valid points. This will be an ERROR starting in 2026 JulyFrame: 'velodyne_top', Stamp: 73.154060167
[component_container-7] [WARN] [1785591976.082448839] [system.topic_state_monitor_transform_map_to_base_link]: /tf topic is timeout. Set ERROR in diagnostics.
[autoware_mrm_handler_node-13] [INFO] [1785591976.083463838] [system.mrm_handler]: MRM State changed: NORMAL -> MRM_OPERATING
[autoware_mrm_handler_node-13] [WARN] [1785591976.084743497] [system.mrm_handler]: EMERGENCY_STOP is operated.
[autoware_mrm_handler_node-13] [INFO] [1785591976.182091546] [system.mrm_handler]: MRM State changed: MRM_OPERATING -> NORMAL
[autoware_mrm_handler_node-13] [WARN] [1785591976.184116795] [system.mrm_handler]: EMERGENCY_STOP is canceled.
[component_container_mt-1] [WARN] [1785591976.236930443] [sensing.lidar.concatenate_data]: transformed_raw_points[/sensing/lidar/right/pointcloud_before_sync] is nullptr, skipping pointcloud publish.
[component_container_mt-1] [WARN] [1785591976.236997005] [sensing.lidar.concatenate_data]: transformed_raw_points[/sensing/lidar/left/pointcloud_before_sync] is nullptr, skipping pointcloud publish.
[autoware_ekf_localizer_node-28] [WARN] [1785591976.334867604] [localization.pose_twist_fusion_filter.ekf_localizer]: EKF period may be too slow to finish pose smoothing!! (0.1000 sec)
[component_container_mt-1] [WARN] [1785591976.532144064] [sensing.lidar.concatenate_data]: transformed_raw_points[/sensing/lidar/right/pointcloud_before_sync] is nullptr, skipping pointcloud publish.
[component_container_mt-1] [WARN] [1785591976.532354369] [sensing.lidar.concatenate_data]: transformed_raw_points[/sensing/lidar/left/pointcloud_before_sync] is nullptr, skipping pointcloud publish.
[component_container_mt-1] [WARN] [1785591976.733759566] [sensing.lidar.concatenate_data]: transformed_raw_points[/sensing/lidar/right/pointcloud_before_sync] is nullptr, skipping pointcloud publish.
[component_container_mt-1] [WARN] [1785591976.733820450] [sensing.lidar.concatenate_data]: transformed_raw_points[/sensing/lidar/left/pointcloud_before_sync] is nullptr, skipping pointcloud publish.
[component_container-7] [INFO] [1785591976.832660188] [system.topic_state_monitor_mission_planning_route]: /planning/mission_planning/route has not received. Set ERROR in diagnostics.
[component_container_mt-47] [INFO] [1785591976.991247362] [control.vehicle_cmd_gate]: The operation mode is changed, but the GearCommand is not received yet:
[logging_node-14] [WARN] [1785591977.085564157] [logging_diag_graph]: The target mode is not available for the following reasons:
[logging_node-14] - /autoware/modes/autonomous ERROR
[logging_node-14]     - /autoware/localization ERROR
[logging_node-14]         - [anonymous group] ERROR
[logging_node-14]             - /autoware/localization/topic_rate_check/transform ERROR
[logging_node-14]             - /autoware/localization/accuracy ERROR
[logging_node-14]             - /autoware/localization/sensor_fusion_status ERROR
[logging_node-14]     - /autoware/planning ERROR
[logging_node-14]         - /autoware/planning/routing/state ERROR
[logging_node-14]         - [anonymous group] ERROR
[logging_node-14]             - /autoware/planning/topic_rate_check/route ERROR
[logging_node-14]             - /autoware/planning/topic_rate_check/trajectory ERROR
[logging_node-14]             - /autoware/planning/trajectory_validation ERROR
[logging_node-14]     - /autoware/perception WARN 
[logging_node-14]         - /autoware/perception/topic_rate_check/objects WARN 
[logging_node-14]     - /autoware/control ERROR
[logging_node-14]         - /autoware/control/topic_rate_check/trajectory_follower ERROR
[logging_node-14]         - /autoware/control/topic_rate_check/control_command ERROR
[logging_node-14]     - /adapi/mrm_request/delegate STALE
[logging_node-14] 
[component_container_mt-1] [WARN] [1785591977.132544585] [sensing.lidar.concatenate_data]: transformed_raw_points[/sensing/lidar/right/pointcloud_before_sync] is nullptr, skipping pointcloud publish.
[component_container_mt-1] [WARN] [1785591977.132620150] [sensing.lidar.concatenate_data]: transformed_raw_points[/sensing/lidar/left/pointcloud_before_sync] is nullptr, skipping pointcloud publish.
[component_container_mt-1] [WARN] [1785591977.581821700] [sensing.lidar.concatenate_data]: transformed_raw_points[/sensing/lidar/right/pointcloud_before_sync] is nullptr, skipping pointcloud publish.
[component_container_mt-1] [WARN] [1785591977.581897062] [sensing.lidar.concatenate_data]: transformed_raw_points[/sensing/lidar/left/pointcloud_before_sync] is nullptr, skipping pointcloud publish.
[autoware_ndt_scan_matcher_node-24] [INFO] [1785591977.585025413] [localization.pose_estimator.ndt_scan_matcher]: Mismatch between pose timestamp and current timestamp
[component_container_mt-1] [WARN] [1785591977.683617252] [sensing.lidar.concatenate_data]: transformed_raw_points[/sensing/lidar/right/pointcloud_before_sync] is nullptr, skipping pointcloud publish.
[component_container_mt-1] [WARN] [1785591977.683691872] [sensing.lidar.concatenate_data]: transformed_raw_points[/sensing/lidar/left/pointcloud_before_sync] is nullptr, skipping pointcloud publish.
[component_container_mt-1] [WARN] [1785591978.134489775] [sensing.lidar.concatenate_data]: transformed_raw_points[/sensing/lidar/right/pointcloud_before_sync] is nullptr, skipping pointcloud publish.
[component_container_mt-1] [WARN] [1785591978.134569941] [sensing.lidar.concatenate_data]: transformed_raw_points[/sensing/lidar/left/pointcloud_before_sync] is nullptr, skipping pointcloud publish.
[autoware_ndt_scan_matcher_node-24] [INFO] [1785591978.136083097] [localization.pose_estimator.ndt_scan_matcher]: Mismatch between pose timestamp and current timestamp
[component_container_mt-47] [WARN] [1785591978.183162954] [control.autoware_operation_mode_transition_manager]: Subscribed control_cmd is timed out.
[component_container_mt-1] [WARN] [1785591978.233455991] [sensing.lidar.concatenate_data]: transformed_raw_points[/sensing/lidar/right/pointcloud_before_sync] is nullptr, skipping pointcloud publish.
[component_container_mt-1] [WARN] [1785591978.233537434] [sensing.lidar.concatenate_data]: transformed_raw_points[/sensing/lidar/left/pointcloud_before_sync] is nullptr, skipping pointcloud publish.
[autoware_ekf_localizer_node-28] [WARN] [1785591978.332281097] [localization.pose_twist_fusion_filter.ekf_localizer]: EKF period may be too slow to finish pose smoothing!! (0.1000 sec)
[component_container_mt-1] [WARN] [1785591978.381833782] [sensing.lidar.concatenate_data]: transformed_raw_points[/sensing/lidar/right/pointcloud_before_sync] is nullptr, skipping pointcloud publish.
[component_container_mt-1] [WARN] [1785591978.381911528] [sensing.lidar.concatenate_data]: transformed_raw_points[/sensing/lidar/left/pointcloud_before_sync] is nullptr, skipping pointcloud publish.
[component_container_mt-1] [WARN] [1785591978.734704292] [sensing.lidar.concatenate_data]: transformed_raw_points[/sensing/lidar/right/pointcloud_before_sync] is nullptr, skipping pointcloud publish.
[component_container_mt-1] [WARN] [1785591978.734765743] [sensing.lidar.concatenate_data]: transformed_raw_points[/sensing/lidar/left/pointcloud_before_sync] is nullptr, skipping pointcloud publish.
[component_container_mt-1] [WARN] [1785591979.037140341] [sensing.lidar.concatenate_data]: transformed_raw_points[/sensing/lidar/right/pointcloud_before_sync] is nullptr, skipping pointcloud publish.
[component_container_mt-1] [WARN] [1785591979.037205991] [sensing.lidar.concatenate_data]: transformed_raw_points[/sensing/lidar/left/pointcloud_before_sync] is nullptr, skipping pointcloud publish.
[autoware_mrm_handler_node-13] [INFO] [1785591979.082004235] [system.mrm_handler]: MRM State changed: NORMAL -> MRM_OPERATING
[autoware_mrm_handler_node-13] [WARN] [1785591979.082642218] [system.mrm_handler]: EMERGENCY_STOP is operated.
[component_container-7] [WARN] [1785591979.133869514] [system.topic_state_monitor_control_command_control_cmd]: /control/command/control_cmd topic is timeout. Set ERROR in diagnostics.
[component_container-18] [WARN] [1785591979.146723513] [sensing.lidar.top.distortion_corrector_node]: IMU time_stamp is too late. Could not interpolate.
[autoware_mrm_handler_node-13] [INFO] [1785591979.182107760] [system.mrm_handler]: MRM State changed: MRM_OPERATING -> NORMAL
[autoware_mrm_handler_node-13] [WARN] [1785591979.182874042] [system.mrm_handler]: EMERGENCY_STOP is canceled.
[autoware_ndt_scan_matcher_node-24] [INFO] [1785591979.252662803] [localization.pose_estimator.ndt_scan_matcher]: pose_buffer_.size() < 2
[component_container_mt-1] [WARN] [1785591979.331904240] [sensing.lidar.concatenate_data]: transformed_raw_points[/sensing/lidar/right/pointcloud_before_sync] is nullptr, skipping pointcloud publish.
[component_container_mt-1] [WARN] [1785591979.331982583] [sensing.lidar.concatenate_data]: transformed_raw_points[/sensing/lidar/left/pointcloud_before_sync] is nullptr, skipping pointcloud publish.
[autoware_ndt_scan_matcher_node-24] [INFO] [1785591979.332689686] [localization.pose_estimator.ndt_scan_matcher]: pose_buffer_.size() < 2
[component_container_mt-1] [WARN] [1785591979.432499840] [sensing.lidar.concatenate_data]: transformed_raw_points[/sensing/lidar/right/pointcloud_before_sync] is nullptr, skipping pointcloud publish.
[component_container_mt-1] [WARN] [1785591979.432576778] [sensing.lidar.concatenate_data]: transformed_raw_points[/sensing/lidar/left/pointcloud_before_sync] is nullptr, skipping pointcloud publish.
[component_container_mt-1] [WARN] [1785591979.731907009] [sensing.lidar.concatenate_data]: transformed_raw_points[/sensing/lidar/right/pointcloud_before_sync] is nullptr, skipping pointcloud publish.
[component_container_mt-1] [WARN] [1785591979.731975009] [sensing.lidar.concatenate_data]: transformed_raw_points[/sensing/lidar/left/pointcloud_before_sync] is nullptr, skipping pointcloud publish.
[autoware_ndt_scan_matcher_node-24] [INFO] [1785591979.733199360] [localization.pose_estimator.ndt_scan_matcher]: Mismatch between pose timestamp and current timestamp
[component_container_mt-1] [WARN] [1785591979.831977282] [sensing.lidar.concatenate_data]: transformed_raw_points[/sensing/lidar/right/pointcloud_before_sync] is nullptr, skipping pointcloud publish.
[component_container_mt-1] [WARN] [1785591979.832068873] [sensing.lidar.concatenate_data]: transformed_raw_points[/sensing/lidar/left/pointcloud_before_sync] is nullptr, skipping pointcloud publish.
[component_container-7] [INFO] [1785591979.833139423] [system.topic_state_monitor_mission_planning_route]: /planning/mission_planning/route has not received. Set ERROR in diagnostics.
[component_container_mt-47] [INFO] [1785591979.992437946] [control.trajectory_follower.controller_node_exe]: Waiting for trajectory data
[component_container_mt-47] [INFO] [1785591979.992508222] [control.trajectory_follower.controller_node_exe]: Control is skipped since input data is not ready.
[autoware_mrm_handler_node-13] [INFO] [1785591980.081746395] [system.mrm_handler]: MRM State changed: NORMAL -> MRM_OPERATING
[autoware_scenario_selector_node-36] [INFO] [1785591980.082104538] [planning.scenario_planning.scenario_selector]: Waiting for route.
[autoware_mrm_handler_node-13] [WARN] [1785591980.084882692] [system.mrm_handler]: EMERGENCY_STOP is operated.
[component_container_mt-47] [WARN] [1785591980.085735707] [control.vehicle_cmd_gate]: Emergency!
[component_container_mt-48] [INFO] [1785591980.088802686] [control.control_validator]: waiting for /planning/trajectory
[autoware_mrm_handler_node-13] [INFO] [1785591980.181936802] [system.mrm_handler]: MRM State changed: MRM_OPERATING -> NORMAL
[logging_node-14] [WARN] [1785591980.181990028] [logging_diag_graph]: The target mode is not available for the following reasons:
[logging_node-14] - /autoware/modes/autonomous ERROR
[logging_node-14]     - /autoware/localization ERROR
[logging_node-14]         - /autoware/localization/state STALE
[logging_node-14]         - [anonymous group] ERROR
[logging_node-14]             - /autoware/localization/topic_rate_check/transform ERROR
[logging_node-14]             - /autoware/localization/scan_matching_status WARN 
[logging_node-14]             - /autoware/localization/accuracy ERROR
[logging_node-14]             - /autoware/localization/sensor_fusion_status ERROR
[logging_node-14]     - /autoware/planning ERROR
[logging_node-14]         - /autoware/planning/routing/state ERROR
[logging_node-14]         - [anonymous group] ERROR
[logging_node-14]             - /autoware/planning/topic_rate_check/route ERROR
[logging_node-14]             - /autoware/planning/topic_rate_check/trajectory ERROR
[logging_node-14]     - /autoware/perception WARN 
[logging_node-14]         - /autoware/perception/topic_rate_check/objects WARN 
[logging_node-14]     - /autoware/control ERROR
[logging_node-14]         - /autoware/control/topic_rate_check/trajectory_follower ERROR
[logging_node-14]         - /autoware/control/topic_rate_check/control_command ERROR
[logging_node-14] 
[component_container_mt-48] [INFO] [1785591980.182768038] [control.autonomous_emergency_braking]: [AEB] waiting for control predicted trajectory
[autoware_mrm_handler_node-13] [WARN] [1785591980.183407717] [system.mrm_handler]: EMERGENCY_STOP is canceled.
[component_container_mt-40] [INFO] [1785591980.200888594] [planning.scenario_planning.lane_driving.behavior_planning.behavior_path_planner]: waiting for scenario_topic
[component_container_mt-1] [WARN] [1785591980.333920363] [sensing.lidar.concatenate_data]: transformed_raw_points[/sensing/lidar/right/pointcloud_before_sync] is nullptr, skipping pointcloud publish.
[component_container_mt-1] [WARN] [1785591980.334000463] [sensing.lidar.concatenate_data]: transformed_raw_points[/sensing/lidar/left/pointcloud_before_sync] is nullptr, skipping pointcloud publish.
[component_container_mt-1] [WARN] [1785591980.437255733] [sensing.lidar.concatenate_data]: transformed_raw_points[/sensing/lidar/right/pointcloud_before_sync] is nullptr, skipping pointcloud publish.
[component_container_mt-1] [WARN] [1785591980.437345448] [sensing.lidar.concatenate_data]: transformed_raw_points[/sensing/lidar/left/pointcloud_before_sync] is nullptr, skipping pointcloud publish.
[component_container_mt-1] [WARN] [1785591980.532399331] [sensing.lidar.concatenate_data]: transformed_raw_points[/sensing/lidar/right/pointcloud_before_sync] is nullptr, skipping pointcloud publish.
[component_container_mt-1] [WARN] [1785591980.533226714] [sensing.lidar.concatenate_data]: transformed_raw_points[/sensing/lidar/left/pointcloud_before_sync] is nullptr, skipping pointcloud publish.
[component_container_mt-47] [WARN] [1785591980.582790388] [control.vehicle_cmd_gate]: system_emergency heartbeat is timeout.
[component_container_mt-48] [INFO] [1785591980.593861452] [control.trajectory_follower.lane_departure_checker_node]: waiting for route msg...
[autoware_mrm_handler_node-13] [INFO] [1785591981.082103978] [system.mrm_handler]: MRM State changed: NORMAL -> MRM_OPERATING
[autoware_mrm_handler_node-13] [WARN] [1785591981.082523606] [system.mrm_handler]: EMERGENCY_STOP is operated.
[component_container_mt-47] [WARN] [1785591981.139125129] [control.vehicle_cmd_gate]: Emergency!
[autoware_mrm_handler_node-13] [INFO] [1785591981.184094287] [system.mrm_handler]: MRM State changed: MRM_OPERATING -> NORMAL
[autoware_mrm_handler_node-13] [WARN] [1785591981.184599990] [system.mrm_handler]: EMERGENCY_STOP is canceled.
[component_container-18] [WARN] [1785591981.242650935] [sensing.lidar.top.crop_box_filter_self]: Invalid PointCloud: is_dense is false. The point cloud should be organized (dense) and contain only valid points. This will be an ERROR starting in 2026 JulyFrame: 'velodyne_top', Stamp: 78.354060245
[autoware_ekf_localizer_node-28] [WARN] [1785591981.332401407] [localization.pose_twist_fusion_filter.ekf_localizer]: EKF period may be too slow to finish pose smoothing!! (0.1000 sec)
[component_container_mt-1] [WARN] [1785591981.432079254] [sensing.lidar.concatenate_data]: transformed_raw_points[/sensing/lidar/right/pointcloud_before_sync] is nullptr, skipping pointcloud publish.
[component_container_mt-1] [WARN] [1785591981.432157137] [sensing.lidar.concatenate_data]: transformed_raw_points[/sensing/lidar/left/pointcloud_before_sync] is nullptr, skipping pointcloud publish.
[component_container_mt-1] [WARN] [1785591981.552805732] [localization.util.crop_box_filter_measurement_range]: Invalid PointCloud: row_step mismatch. Expected: 99696 (width 6231 * point_step 16), Got: 0. Frame: 'base_link', Stamp: 78.654060249 Please fill in the `cloud->row_step` field accordingly. This will be an ERROR starting in 2026 July
[component_container_mt-1] [WARN] [1785591981.732913525] [sensing.lidar.concatenate_data]: transformed_raw_points[/sensing/lidar/right/pointcloud_before_sync] is nullptr, skipping pointcloud publish.
[component_container_mt-1] [WARN] [1785591981.732971109] [sensing.lidar.concatenate_data]: transformed_raw_points[/sensing/lidar/left/pointcloud_before_sync] is nullptr, skipping pointcloud publish.
[autoware_ndt_scan_matcher_node-24] [INFO] [1785591981.742049709] [localization.pose_estimator.ndt_scan_matcher]: Mismatch between pose timestamp and current timestamp
[component_container_mt-1] [WARN] [1785591981.837229469] [sensing.lidar.concatenate_data]: transformed_raw_points[/sensing/lidar/right/pointcloud_before_sync] is nullptr, skipping pointcloud publish.
[component_container_mt-1] [WARN] [1785591981.837316431] [sensing.lidar.concatenate_data]: transformed_raw_points[/sensing/lidar/left/pointcloud_before_sync] is nullptr, skipping pointcloud publish.
[component_container-18] [WARN] [1785591981.844249752] [sensing.lidar.top.distortion_corrector_node]: Twist time_stamp is too late. Could not interpolate.
[component_container_mt-47] [INFO] [1785591982.033180276] [control.vehicle_cmd_gate]: The operation mode is changed, but the GearCommand is not received yet:
[autoware_mrm_handler_node-13] [INFO] [1785591982.082096227] [system.mrm_handler]: MRM State changed: NORMAL -> MRM_OPERATING
[autoware_mrm_handler_node-13] [WARN] [1785591982.083782428] [system.mrm_handler]: EMERGENCY_STOP is operated.
[component_container_mt-47] [WARN] [1785591982.141792185] [control.vehicle_cmd_gate]: Emergency!
[autoware_mrm_handler_node-13] [INFO] [1785591982.182835120] [system.mrm_handler]: MRM State changed: MRM_OPERATING -> NORMAL
[autoware_mrm_handler_node-13] [WARN] [1785591982.184386425] [system.mrm_handler]: EMERGENCY_STOP is canceled.
[component_container-7] [WARN] [1785591982.282397138] [system.topic_state_monitor_object_recognition_objects]: /perception/object_recognition/objects topic rate has dropped to the warning level. Set WARN in diagnostics.
[component_container_mt-1] [WARN] [1785591982.285263744] [sensing.lidar.concatenate_data]: transformed_raw_points[/sensing/lidar/right/pointcloud_before_sync] is nullptr, skipping pointcloud publish.
[component_container_mt-1] [WARN] [1785591982.285349719] [sensing.lidar.concatenate_data]: transformed_raw_points[/sensing/lidar/left/pointcloud_before_sync] is nullptr, skipping pointcloud publish.
[autoware_ndt_scan_matcher_node-24] [INFO] [1785591982.289488655] [localization.pose_estimator.ndt_scan_matcher]: pose_buffer_.size() < 2
[component_container_mt-1] [WARN] [1785591982.381973451] [sensing.lidar.concatenate_data]: transformed_raw_points[/sensing/lidar/right/pointcloud_before_sync] is nullptr, skipping pointcloud publish.
[component_container_mt-1] [WARN] [1785591982.382019019] [sensing.lidar.concatenate_data]: transformed_raw_points[/sensing/lidar/left/pointcloud_before_sync] is nullptr, skipping pointcloud publish.
[component_container_mt-1] [WARN] [1785591982.731837971] [sensing.lidar.concatenate_data]: transformed_raw_points[/sensing/lidar/right/pointcloud_before_sync] is nullptr, skipping pointcloud publish.
[component_container_mt-1] [WARN] [1785591982.731915238] [sensing.lidar.concatenate_data]: transformed_raw_points[/sensing/lidar/left/pointcloud_before_sync] is nullptr, skipping pointcloud publish.
[component_container-7] [INFO] [1785591982.832732397] [system.topic_state_monitor_mission_planning_route]: /planning/mission_planning/route has not received. Set ERROR in diagnostics.
[component_container_mt-1] [WARN] [1785591982.836410349] [sensing.lidar.concatenate_data]: transformed_raw_points[/sensing/lidar/right/pointcloud_before_sync] is nullptr, skipping pointcloud publish.
[component_container_mt-1] [WARN] [1785591982.836458675] [sensing.lidar.concatenate_data]: transformed_raw_points[/sensing/lidar/left/pointcloud_before_sync] is nullptr, skipping pointcloud publish.
[autoware_mrm_handler_node-13] [INFO] [1785591983.082132548] [system.mrm_handler]: MRM State changed: NORMAL -> MRM_OPERATING
[autoware_mrm_handler_node-13] [WARN] [1785591983.083573653] [system.mrm_handler]: EMERGENCY_STOP is operated.
[component_container_mt-47] [WARN] [1785591983.132610046] [control.vehicle_cmd_gate]: Emergency!
[component_container_mt-1] [WARN] [1785591983.139330415] [sensing.lidar.concatenate_data]: transformed_raw_points[/sensing/lidar/right/pointcloud_before_sync] is nullptr, skipping pointcloud publish.
[component_container_mt-1] [WARN] [1785591983.139393845] [sensing.lidar.concatenate_data]: transformed_raw_points[/sensing/lidar/left/pointcloud_before_sync] is nullptr, skipping pointcloud publish.
[logging_node-14] [WARN] [1785591983.181755125] [logging_diag_graph]: The target mode is not available for the following reasons:
[logging_node-14] - /autoware/modes/autonomous ERROR
[logging_node-14]     - /autoware/localization ERROR
[logging_node-14]         - [anonymous group] ERROR
[logging_node-14]             - /autoware/localization/topic_rate_check/transform ERROR
[logging_node-14]             - /autoware/localization/accuracy ERROR
[logging_node-14]             - /autoware/localization/sensor_fusion_status ERROR
[logging_node-14]     - /autoware/planning ERROR
[logging_node-14]         - /autoware/planning/routing/state ERROR
[logging_node-14]         - [anonymous group] ERROR
[logging_node-14]             - /autoware/planning/topic_rate_check/route ERROR
[logging_node-14]             - /autoware/planning/topic_rate_check/trajectory ERROR
[logging_node-14]     - /autoware/perception WARN 
[logging_node-14]         - /autoware/perception/topic_rate_check/objects WARN 
[logging_node-14]     - /autoware/control ERROR
[logging_node-14]         - /autoware/control/topic_rate_check/trajectory_follower ERROR
[logging_node-14]         - /autoware/control/topic_rate_check/control_command ERROR
[logging_node-14] 
[autoware_mrm_handler_node-13] [INFO] [1785591983.182274688] [system.mrm_handler]: MRM State changed: MRM_OPERATING -> NORMAL
[autoware_mrm_handler_node-13] [WARN] [1785591983.183889824] [system.mrm_handler]: EMERGENCY_STOP is canceled.
[component_container_mt-1] [WARN] [1785591983.386007161] [sensing.lidar.concatenate_data]: transformed_raw_points[/sensing/lidar/right/pointcloud_before_sync] is nullptr, skipping pointcloud publish.
[component_container_mt-1] [WARN] [1785591983.386089907] [sensing.lidar.concatenate_data]: transformed_raw_points[/sensing/lidar/left/pointcloud_before_sync] is nullptr, skipping pointcloud publish.
[autoware_ndt_scan_matcher_node-24] [INFO] [1785591983.392439343] [localization.pose_estimator.ndt_scan_matcher]: Mismatch between pose timestamp and current timestamp
[autoware_ekf_localizer_node-28] [WARN] [1785591983.432659137] [localization.pose_twist_fusion_filter.ekf_localizer]: EKF period may be too slow to finish pose smoothing!! (0.1000 sec)
[component_container_mt-1] [WARN] [1785591983.432942310] [sensing.lidar.concatenate_data]: transformed_raw_points[/sensing/lidar/right/pointcloud_before_sync] is nullptr, skipping pointcloud publish.
[component_container_mt-1] [WARN] [1785591983.433004164] [sensing.lidar.concatenate_data]: transformed_raw_points[/sensing/lidar/left/pointcloud_before_sync] is nullptr, skipping pointcloud publish.
[autoware_mrm_handler_node-13] [INFO] [1785591984.083024142] [system.mrm_handler]: MRM State changed: NORMAL -> MRM_OPERATING
[autoware_mrm_handler_node-13] [WARN] [1785591984.084123311] [system.mrm_handler]: EMERGENCY_STOP is operated.
[autoware_mrm_handler_node-13] [INFO] [1785591984.182117904] [system.mrm_handler]: MRM State changed: MRM_OPERATING -> NORMAL
[autoware_mrm_handler_node-13] [WARN] [1785591984.182578663] [system.mrm_handler]: EMERGENCY_STOP is canceled.
[component_container_mt-1] [WARN] [1785591984.336834679] [sensing.lidar.concatenate_data]: transformed_raw_points[/sensing/lidar/right/pointcloud_before_sync] is nullptr, skipping pointcloud publish.
[component_container_mt-1] [WARN] [1785591984.336901843] [sensing.lidar.concatenate_data]: transformed_raw_points[/sensing/lidar/left/pointcloud_before_sync] is nullptr, skipping pointcloud publish.
[component_container_mt-47] [INFO] [1785591984.982810835] [control.trajectory_follower.controller_node_exe]: Waiting for trajectory data
[component_container_mt-47] [INFO] [1785591984.982874826] [control.trajectory_follower.controller_node_exe]: Control is skipped since input data is not ready.
[autoware_mrm_handler_node-13] [INFO] [1785591985.081880549] [system.mrm_handler]: MRM State changed: NORMAL -> MRM_OPERATING
[autoware_scenario_selector_node-36] [INFO] [1785591985.082282230] [planning.scenario_planning.scenario_selector]: Waiting for route.
[autoware_mrm_handler_node-13] [WARN] [1785591985.084590393] [system.mrm_handler]: EMERGENCY_STOP is operated.
[component_container_mt-47] [WARN] [1785591985.132454388] [control.vehicle_cmd_gate]: Emergency!
[autoware_mrm_handler_node-13] [INFO] [1785591985.182017922] [system.mrm_handler]: MRM State changed: MRM_OPERATING -> NORMAL
[autoware_mrm_handler_node-13] [WARN] [1785591985.182650858] [system.mrm_handler]: EMERGENCY_STOP is canceled.
[component_container_mt-48] [INFO] [1785591985.189130965] [control.autonomous_emergency_braking]: [AEB] waiting for control predicted trajectory
[component_container-7] [WARN] [1785591985.333055345] [system.topic_state_monitor_control_command_control_cmd]: /control/command/control_cmd topic rate has dropped to the error level. Set ERROR in diagnostics.
[component_container_mt-40] [INFO] [1785591985.333341516] [planning.scenario_planning.lane_driving.behavior_planning.behavior_path_planner]: waiting for scenario_topic
[component_container_mt-1] [WARN] [1785591985.431961436] [sensing.lidar.concatenate_data]: transformed_raw_points[/sensing/lidar/right/pointcloud_before_sync] is nullptr, skipping pointcloud publish.
[component_container_mt-1] [WARN] [1785591985.432040876] [sensing.lidar.concatenate_data]: transformed_raw_points[/sensing/lidar/left/pointcloud_before_sync] is nullptr, skipping pointcloud publish.
[component_container_mt-48] [INFO] [1785591985.583147426] [control.trajectory_follower.lane_departure_checker_node]: waiting for route msg...
[component_container_mt-1] [WARN] [1785591985.632114804] [sensing.lidar.concatenate_data]: transformed_raw_points[/sensing/lidar/right/pointcloud_before_sync] is nullptr, skipping pointcloud publish.
[component_container_mt-1] [WARN] [1785591985.632188493] [sensing.lidar.concatenate_data]: transformed_raw_points[/sensing/lidar/left/pointcloud_before_sync] is nullptr, skipping pointcloud publish.
[component_container-7] [INFO] [1785591985.833798742] [system.topic_state_monitor_trajectory_follower_control_cmd]: /control/trajectory_follower/control_cmd has not received. Set ERROR in diagnostics.
[autoware_ekf_localizer_node-28] [WARN] [1785591985.882116225] [localization.pose_twist_fusion_filter.ekf_localizer]: Pose delay exceeds the compensation limit, ignored. delay: 2.950[s], limit: 2.650[s]
[component_container_mt-1] [WARN] [1785591985.932269272] [sensing.lidar.concatenate_data]: transformed_raw_points[/sensing/lidar/right/pointcloud_before_sync] is nullptr, skipping pointcloud publish.
[component_container_mt-1] [WARN] [1785591985.932350470] [sensing.lidar.concatenate_data]: transformed_raw_points[/sensing/lidar/left/pointcloud_before_sync] is nullptr, skipping pointcloud publish.
[autoware_ndt_scan_matcher_node-24] [INFO] [1785591985.933143905] [localization.pose_estimator.ndt_scan_matcher]: Mismatch between pose timestamp and current timestamp
[component_container_mt-1] [WARN] [1785591986.031953755] [sensing.lidar.concatenate_data]: transformed_raw_points[/sensing/lidar/right/pointcloud_before_sync] is nullptr, skipping pointcloud publish.
[component_container_mt-1] [WARN] [1785591986.032031451] [sensing.lidar.concatenate_data]: transformed_raw_points[/sensing/lidar/left/pointcloud_before_sync] is nullptr, skipping pointcloud publish.
[autoware_ndt_scan_matcher_node-24] [INFO] [1785591986.032659397] [localization.pose_estimator.ndt_scan_matcher]: Mismatch between pose timestamp and current timestamp
[autoware_mrm_handler_node-13] [INFO] [1785591986.082043234] [system.mrm_handler]: MRM State changed: NORMAL -> MRM_OPERATING
[autoware_mrm_handler_node-13] [WARN] [1785591986.083782614] [system.mrm_handler]: EMERGENCY_STOP is operated.
[component_container_mt-48] [INFO] [1785591986.085213669] [control.control_validator]: waiting for /planning/trajectory
[component_container_mt-1] [WARN] [1785591986.132556047] [sensing.lidar.concatenate_data]: transformed_raw_points[/sensing/lidar/right/pointcloud_before_sync] is nullptr, skipping pointcloud publish.
[component_container_mt-1] [WARN] [1785591986.132631631] [sensing.lidar.concatenate_data]: transformed_raw_points[/sensing/lidar/left/pointcloud_before_sync] is nullptr, skipping pointcloud publish.
[autoware_mrm_handler_node-13] [INFO] [1785591986.182113426] [system.mrm_handler]: MRM State changed: MRM_OPERATING -> NORMAL
[component_container_mt-47] [WARN] [1785591986.184671816] [control.vehicle_cmd_gate]: Emergency!
[autoware_mrm_handler_node-13] [WARN] [1785591986.184704572] [system.mrm_handler]: EMERGENCY_STOP is canceled.
[logging_node-14] [WARN] [1785591986.281914613] [logging_diag_graph]: The target mode is not available for the following reasons:
[logging_node-14] - /autoware/modes/autonomous ERROR
[logging_node-14]     - /autoware/localization ERROR
[logging_node-14]         - [anonymous group] ERROR
[logging_node-14]             - /autoware/localization/topic_rate_check/transform ERROR
[logging_node-14]             - /autoware/localization/accuracy ERROR
[logging_node-14]             - /autoware/localization/sensor_fusion_status ERROR
[logging_node-14]     - /autoware/planning ERROR
[logging_node-14]         - /autoware/planning/routing/state ERROR
[logging_node-14]         - [anonymous group] ERROR
[logging_node-14]             - /autoware/planning/topic_rate_check/route ERROR
[logging_node-14]             - /autoware/planning/topic_rate_check/trajectory ERROR
[logging_node-14]     - /autoware/perception WARN 
[logging_node-14]         - /autoware/perception/topic_rate_check/objects WARN 
[logging_node-14]     - /autoware/control ERROR
[logging_node-14]         - /autoware/control/topic_rate_check/trajectory_follower ERROR
[logging_node-14]         - /autoware/control/topic_rate_check/control_command ERROR
[logging_node-14] 
[component_container-18] [WARN] [1785591986.344501833] [sensing.lidar.top.crop_box_filter_self]: Invalid PointCloud: is_dense is false. The point cloud should be organized (dense) and contain only valid points. This will be an ERROR starting in 2026 JulyFrame: 'velodyne_top', Stamp: 83.454060321
[component_container_mt-1] [WARN] [1785591986.534583006] [sensing.lidar.concatenate_data]: transformed_raw_points[/sensing/lidar/right/pointcloud_before_sync] is nullptr, skipping pointcloud publish.
[component_container_mt-1] [WARN] [1785591986.534654743] [sensing.lidar.concatenate_data]: transformed_raw_points[/sensing/lidar/left/pointcloud_before_sync] is nullptr, skipping pointcloud publish.
[component_container_mt-1] [WARN] [1785591986.747434976] [localization.util.crop_box_filter_measurement_range]: Invalid PointCloud: row_step mismatch. Expected: 98368 (width 6148 * point_step 16), Got: 0. Frame: 'base_link', Stamp: 83.854060327 Please fill in the `cloud->row_step` field accordingly. This will be an ERROR starting in 2026 July
[component_container_mt-1] [WARN] [1785591986.934142377] [sensing.lidar.concatenate_data]: transformed_raw_points[/sensing/lidar/right/pointcloud_before_sync] is nullptr, skipping pointcloud publish.
[component_container_mt-1] [WARN] [1785591986.934217124] [sensing.lidar.concatenate_data]: transformed_raw_points[/sensing/lidar/left/pointcloud_before_sync] is nullptr, skipping pointcloud publish.
[autoware_mrm_handler_node-13] [INFO] [1785591987.082923287] [system.mrm_handler]: MRM State changed: NORMAL -> MRM_OPERATING
[autoware_mrm_handler_node-13] [WARN] [1785591987.084130414] [system.mrm_handler]: EMERGENCY_STOP is operated.
[component_container_mt-47] [INFO] [1785591987.141009256] [control.vehicle_cmd_gate]: The operation mode is changed, but the GearCommand is not received yet:
[autoware_mrm_handler_node-13] [INFO] [1785591987.182054560] [system.mrm_handler]: MRM State changed: MRM_OPERATING -> NORMAL
[autoware_mrm_handler_node-13] [WARN] [1785591987.185085711] [system.mrm_handler]: EMERGENCY_STOP is canceled.
[component_container_mt-1] [WARN] [1785591987.532150269] [sensing.lidar.concatenate_data]: transformed_raw_points[/sensing/lidar/right/pointcloud_before_sync] is nullptr, skipping pointcloud publish.
[component_container_mt-1] [WARN] [1785591987.532216512] [sensing.lidar.concatenate_data]: transformed_raw_points[/sensing/lidar/left/pointcloud_before_sync] is nullptr, skipping pointcloud publish.
[component_container_mt-1] [WARN] [1785591987.631901345] [sensing.lidar.concatenate_data]: transformed_raw_points[/sensing/lidar/right/pointcloud_before_sync] is nullptr, skipping pointcloud publish.
[component_container_mt-1] [WARN] [1785591987.631958019] [sensing.lidar.concatenate_data]: transformed_raw_points[/sensing/lidar/left/pointcloud_before_sync] is nullptr, skipping pointcloud publish.
[autoware_ndt_scan_matcher_node-24] [INFO] [1785591987.637178795] [localization.pose_estimator.ndt_scan_matcher]: Mismatch between pose timestamp and current timestamp
[component_container_mt-1] [WARN] [1785591987.732951269] [sensing.lidar.concatenate_data]: transformed_raw_points[/sensing/lidar/right/pointcloud_before_sync] is nullptr, skipping pointcloud publish.
[component_container_mt-1] [WARN] [1785591987.733174588] [sensing.lidar.concatenate_data]: transformed_raw_points[/sensing/lidar/left/pointcloud_before_sync] is nullptr, skipping pointcloud publish.
[autoware_ndt_scan_matcher_node-24] [INFO] [1785591987.735157501] [localization.pose_estimator.ndt_scan_matcher]: Mismatch between pose timestamp and current timestamp
[component_container_mt-1] [WARN] [1785591987.832116958] [sensing.lidar.concatenate_data]: transformed_raw_points[/sensing/lidar/right/pointcloud_before_sync] is nullptr, skipping pointcloud publish.
[component_container_mt-1] [WARN] [1785591987.832175183] [sensing.lidar.concatenate_data]: transformed_raw_points[/sensing/lidar/left/pointcloud_before_sync] is nullptr, skipping pointcloud publish.
[autoware_mrm_handler_node-13] [INFO] [1785591988.082179272] [system.mrm_handler]: MRM State changed: NORMAL -> MRM_OPERATING
[autoware_mrm_handler_node-13] [WARN] [1785591988.082981595] [system.mrm_handler]: EMERGENCY_STOP is operated.
[component_container_mt-47] [WARN] [1785591988.140977588] [control.vehicle_cmd_gate]: Emergency!
[autoware_mrm_handler_node-13] [INFO] [1785591988.181950924] [system.mrm_handler]: MRM State changed: MRM_OPERATING -> NORMAL
[autoware_mrm_handler_node-13] [WARN] [1785591988.182254940] [system.mrm_handler]: EMERGENCY_STOP is canceled.
[component_container_mt-1] [WARN] [1785591988.236325369] [sensing.lidar.concatenate_data]: transformed_raw_points[/sensing/lidar/right/pointcloud_before_sync] is nullptr, skipping pointcloud publish.
[component_container_mt-1] [WARN] [1785591988.236374009] [sensing.lidar.concatenate_data]: transformed_raw_points[/sensing/lidar/left/pointcloud_before_sync] is nullptr, skipping pointcloud publish.
[autoware_ndt_scan_matcher_node-24] [INFO] [1785591988.237959859] [localization.pose_estimator.ndt_scan_matcher]: Mismatch between pose timestamp and current timestamp
[component_container_mt-1] [WARN] [1785591988.332386621] [sensing.lidar.concatenate_data]: transformed_raw_points[/sensing/lidar/right/pointcloud_before_sync] is nullptr, skipping pointcloud publish.
[component_container_mt-1] [WARN] [1785591988.332459968] [sensing.lidar.concatenate_data]: transformed_raw_points[/sensing/lidar/left/pointcloud_before_sync] is nullptr, skipping pointcloud publish.
[component_container-7] [WARN] [1785591988.333276177] [system.topic_state_monitor_object_recognition_objects]: /perception/object_recognition/objects topic rate has dropped to the warning level. Set WARN in diagnostics.
[component_container_mt-1] [WARN] [1785591988.432539640] [sensing.lidar.concatenate_data]: transformed_raw_points[/sensing/lidar/right/pointcloud_before_sync] is nullptr, skipping pointcloud publish.
[component_container_mt-1] [WARN] [1785591988.432612079] [sensing.lidar.concatenate_data]: transformed_raw_points[/sensing/lidar/left/pointcloud_before_sync] is nullptr, skipping pointcloud publish.
[autoware_ndt_scan_matcher_node-24] [INFO] [1785591988.434277049] [localization.pose_estimator.ndt_scan_matcher]: Mismatch between pose timestamp and current timestamp
[component_container_mt-1] [WARN] [1785591988.532200317] [sensing.lidar.concatenate_data]: transformed_raw_points[/sensing/lidar/right/pointcloud_before_sync] is nullptr, skipping pointcloud publish.
[component_container_mt-1] [WARN] [1785591988.532260192] [sensing.lidar.concatenate_data]: transformed_raw_points[/sensing/lidar/left/pointcloud_before_sync] is nullptr, skipping pointcloud publish.
[autoware_ekf_localizer_node-28] [WARN] [1785591988.734009244] [localization.pose_twist_fusion_filter.ekf_localizer]: EKF period may be too slow to finish pose smoothing!! (0.1000 sec)
[component_container_mt-1] [WARN] [1785591988.834397820] [sensing.lidar.concatenate_data]: transformed_raw_points[/sensing/lidar/right/pointcloud_before_sync] is nullptr, skipping pointcloud publish.
[component_container_mt-1] [WARN] [1785591988.835483199] [sensing.lidar.concatenate_data]: transformed_raw_points[/sensing/lidar/left/pointcloud_before_sync] is nullptr, skipping pointcloud publish.
[autoware_ndt_scan_matcher_node-24] [INFO] [1785591988.836340740] [localization.pose_estimator.ndt_scan_matcher]: Mismatch between pose timestamp and current timestamp
[component_container-7] [INFO] [1785591988.883697013] [system.topic_state_monitor_trajectory_follower_control_cmd]: /control/trajectory_follower/control_cmd has not received. Set ERROR in diagnostics.
[component_container_mt-1] [WARN] [1785591988.932131165] [sensing.lidar.concatenate_data]: transformed_raw_points[/sensing/lidar/right/pointcloud_before_sync] is nullptr, skipping pointcloud publish.
[component_container_mt-1] [WARN] [1785591988.932194344] [sensing.lidar.concatenate_data]: transformed_raw_points[/sensing/lidar/left/pointcloud_before_sync] is nullptr, skipping pointcloud publish.
[autoware_ndt_scan_matcher_node-24] [INFO] [1785591988.932979191] [localization.pose_estimator.ndt_scan_matcher]: Mismatch between pose timestamp and current timestamp
[component_container_mt-1] [WARN] [1785591989.033547905] [sensing.lidar.concatenate_data]: transformed_raw_points[/sensing/lidar/right/pointcloud_before_sync] is nullptr, skipping pointcloud publish.
[component_container_mt-1] [WARN] [1785591989.033626804] [sensing.lidar.concatenate_data]: transformed_raw_points[/sensing/lidar/left/pointcloud_before_sync] is nullptr, skipping pointcloud publish.
[autoware_ndt_scan_matcher_node-24] [INFO] [1785591989.037623728] [localization.pose_estimator.ndt_scan_matcher]: Mismatch between pose timestamp and current timestamp
[autoware_mrm_handler_node-13] [INFO] [1785591989.082015107] [system.mrm_handler]: MRM State changed: NORMAL -> MRM_OPERATING
[autoware_mrm_handler_node-13] [WARN] [1785591989.085916023] [system.mrm_handler]: EMERGENCY_STOP is operated.
[component_container_mt-1] [WARN] [1785591989.134889354] [sensing.lidar.concatenate_data]: transformed_raw_points[/sensing/lidar/right/pointcloud_before_sync] is nullptr, skipping pointcloud publish.
[component_container_mt-1] [WARN] [1785591989.134958798] [sensing.lidar.concatenate_data]: transformed_raw_points[/sensing/lidar/left/pointcloud_before_sync] is nullptr, skipping pointcloud publish.
[autoware_ndt_scan_matcher_node-24] [INFO] [1785591989.136536693] [localization.pose_estimator.ndt_scan_matcher]: Mismatch between pose timestamp and current timestamp
[component_container_mt-47] [WARN] [1785591989.139605817] [control.vehicle_cmd_gate]: Emergency!
[component_container-18] [WARN] [1785591989.147781857] [sensing.lidar.top.distortion_corrector_node]: IMU time_stamp is too late. Could not interpolate.
[autoware_mrm_handler_node-13] [INFO] [1785591989.182146666] [system.mrm_handler]: MRM State changed: MRM_OPERATING -> NORMAL
[autoware_mrm_handler_node-13] [WARN] [1785591989.186765940] [system.mrm_handler]: EMERGENCY_STOP is canceled.
[component_container_mt-1] [WARN] [1785591989.233201228] [sensing.lidar.concatenate_data]: transformed_raw_points[/sensing/lidar/right/pointcloud_before_sync] is nullptr, skipping pointcloud publish.
[component_container_mt-1] [WARN] [1785591989.233282590] [sensing.lidar.concatenate_data]: transformed_raw_points[/sensing/lidar/left/pointcloud_before_sync] is nullptr, skipping pointcloud publish.
[logging_node-14] [WARN] [1785591989.282021805] [logging_diag_graph]: The target mode is not available for the following reasons:
[logging_node-14] - /autoware/modes/autonomous ERROR
[logging_node-14]     - /autoware/localization ERROR
[logging_node-14]         - [anonymous group] ERROR
[logging_node-14]             - /autoware/localization/topic_rate_check/transform ERROR
[logging_node-14]             - /autoware/localization/accuracy ERROR
[logging_node-14]             - /autoware/localization/sensor_fusion_status ERROR
[logging_node-14]     - /autoware/planning ERROR
[logging_node-14]         - /autoware/planning/routing/state ERROR
[logging_node-14]         - [anonymous group] ERROR
[logging_node-14]             - /autoware/planning/topic_rate_check/route ERROR
[logging_node-14]             - /autoware/planning/topic_rate_check/trajectory ERROR
[logging_node-14]     - /autoware/perception WARN 
[logging_node-14]         - /autoware/perception/topic_rate_check/objects WARN 
[logging_node-14]     - /autoware/control ERROR
[logging_node-14]         - /autoware/control/topic_rate_check/trajectory_follower ERROR
[logging_node-14]         - /autoware/control/topic_rate_check/control_command WARN 
[logging_node-14] 
[component_container_mt-1] [WARN] [1785591989.341382652] [sensing.lidar.concatenate_data]: transformed_raw_points[/sensing/lidar/right/pointcloud_before_sync] is nullptr, skipping pointcloud publish.
[component_container_mt-1] [WARN] [1785591989.341460959] [sensing.lidar.concatenate_data]: transformed_raw_points[/sensing/lidar/left/pointcloud_before_sync] is nullptr, skipping pointcloud publish.
[autoware_ndt_scan_matcher_node-24] [INFO] [1785591989.651145056] [localization.pose_estimator.ndt_scan_matcher]: pose_buffer_.size() < 2
[component_container_mt-1] [WARN] [1785591989.740564641] [sensing.lidar.concatenate_data]: transformed_raw_points[/sensing/lidar/right/pointcloud_before_sync] is nullptr, skipping pointcloud publish.
[component_container_mt-1] [WARN] [1785591989.740632618] [sensing.lidar.concatenate_data]: transformed_raw_points[/sensing/lidar/left/pointcloud_before_sync] is nullptr, skipping pointcloud publish.
[autoware_ndt_scan_matcher_node-24] [INFO] [1785591989.741314006] [localization.pose_estimator.ndt_scan_matcher]: Mismatch between pose timestamp and current timestamp
[component_container_mt-1] [WARN] [1785591989.832471996] [sensing.lidar.concatenate_data]: transformed_raw_points[/sensing/lidar/right/pointcloud_before_sync] is nullptr, skipping pointcloud publish.
[component_container_mt-1] [WARN] [1785591989.832547042] [sensing.lidar.concatenate_data]: transformed_raw_points[/sensing/lidar/left/pointcloud_before_sync] is nullptr, skipping pointcloud publish.
[component_container_mt-47] [INFO] [1785591990.033095577] [control.trajectory_follower.controller_node_exe]: Waiting for trajectory data
[component_container_mt-47] [INFO] [1785591990.033146124] [control.trajectory_follower.controller_node_exe]: Control is skipped since input data is not ready.
[autoware_mrm_handler_node-13] [INFO] [1785591990.081743279] [system.mrm_handler]: MRM State changed: NORMAL -> MRM_OPERATING
[autoware_scenario_selector_node-36] [INFO] [1785591990.082544916] [planning.scenario_planning.scenario_selector]: Waiting for route.
[autoware_mrm_handler_node-13] [WARN] [1785591990.085169643] [system.mrm_handler]: EMERGENCY_STOP is operated.
[autoware_mrm_handler_node-13] [INFO] [1785591990.182463658] [system.mrm_handler]: MRM State changed: MRM_OPERATING -> MRM_SUCCEEDED
[component_container_mt-48] [INFO] [1785591990.182917372] [control.autonomous_emergency_braking]: [AEB] waiting for control predicted trajectory
[component_container_mt-47] [WARN] [1785591990.193723570] [control.vehicle_cmd_gate]: Emergency!
[autoware_mrm_handler_node-13] [INFO] [1785591990.282192532] [system.mrm_handler]: MRM State changed: MRM_SUCCEEDED -> NORMAL
[autoware_mrm_handler_node-13] [WARN] [1785591990.284156612] [system.mrm_handler]: EMERGENCY_STOP is canceled.
[component_container_mt-1] [WARN] [1785591990.432580940] [sensing.lidar.concatenate_data]: transformed_raw_points[/sensing/lidar/right/pointcloud_before_sync] is nullptr, skipping pointcloud publish.
[component_container_mt-1] [WARN] [1785591990.432658658] [sensing.lidar.concatenate_data]: transformed_raw_points[/sensing/lidar/left/pointcloud_before_sync] is nullptr, skipping pointcloud publish.
[component_container_mt-48] [INFO] [1785591990.585764986] [control.trajectory_follower.lane_departure_checker_node]: waiting for route msg...
[autoware_ekf_localizer_node-28] [WARN] [1785591990.733115420] [localization.pose_twist_fusion_filter.ekf_localizer]: EKF period may be too slow to finish pose smoothing!! (0.1000 sec)
[component_container_mt-40] [INFO] [1785591990.758370772] [planning.scenario_planning.lane_driving.behavior_planning.behavior_path_planner]: waiting for scenario_topic
[component_container_mt-1] [WARN] [1785591990.832000262] [sensing.lidar.concatenate_data]: transformed_raw_points[/sensing/lidar/right/pointcloud_before_sync] is nullptr, skipping pointcloud publish.
[component_container_mt-1] [WARN] [1785591990.832066759] [sensing.lidar.concatenate_data]: transformed_raw_points[/sensing/lidar/left/pointcloud_before_sync] is nullptr, skipping pointcloud publish.
[autoware_ndt_scan_matcher_node-24] [INFO] [1785591990.832988341] [localization.pose_estimator.ndt_scan_matcher]: Mismatch between pose timestamp and current timestamp
[component_container_mt-1] [WARN] [1785591990.931876741] [sensing.lidar.concatenate_data]: transformed_raw_points[/sensing/lidar/right/pointcloud_before_sync] is nullptr, skipping pointcloud publish.
[component_container_mt-1] [WARN] [1785591990.931954927] [sensing.lidar.concatenate_data]: transformed_raw_points[/sensing/lidar/left/pointcloud_before_sync] is nullptr, skipping pointcloud publish.
[component_container-7] [WARN] [1785591991.383259255] [system.topic_state_monitor_control_command_control_cmd]: /control/command/control_cmd topic rate has dropped to the warning level. Set WARN in diagnostics.
[component_container_mt-1] [WARN] [1785591991.432001511] [sensing.lidar.concatenate_data]: transformed_raw_points[/sensing/lidar/right/pointcloud_before_sync] is nullptr, skipping pointcloud publish.
[component_container_mt-1] [WARN] [1785591991.432078611] [sensing.lidar.concatenate_data]: transformed_raw_points[/sensing/lidar/left/pointcloud_before_sync] is nullptr, skipping pointcloud publish.
[component_container-18] [WARN] [1785591991.452121824] [sensing.lidar.top.crop_box_filter_self]: Invalid PointCloud: is_dense is false. The point cloud should be organized (dense) and contain only valid points. This will be an ERROR starting in 2026 JulyFrame: 'velodyne_top', Stamp: 88.554060397
[component_container_mt-1] [WARN] [1785591991.631820312] [sensing.lidar.concatenate_data]: transformed_raw_points[/sensing/lidar/right/pointcloud_before_sync] is nullptr, skipping pointcloud publish.
[component_container_mt-1] [WARN] [1785591991.631878712] [sensing.lidar.concatenate_data]: transformed_raw_points[/sensing/lidar/left/pointcloud_before_sync] is nullptr, skipping pointcloud publish.
[component_container_mt-1] [WARN] [1785591991.750882738] [localization.util.crop_box_filter_measurement_range]: Invalid PointCloud: row_step mismatch. Expected: 99632 (width 6227 * point_step 16), Got: 0. Frame: 'base_link', Stamp: 88.854060401 Please fill in the `cloud->row_step` field accordingly. This will be an ERROR starting in 2026 July
[component_container_mt-1] [WARN] [1785591991.832063145] [sensing.lidar.concatenate_data]: transformed_raw_points[/sensing/lidar/right/pointcloud_before_sync] is nullptr, skipping pointcloud publish.
[component_container_mt-1] [WARN] [1785591991.832117025] [sensing.lidar.concatenate_data]: transformed_raw_points[/sensing/lidar/left/pointcloud_before_sync] is nullptr, skipping pointcloud publish.
[component_container-7] [INFO] [1785591991.886843555] [system.topic_state_monitor_scenario_planning_trajectory]: /planning/trajectory has not received. Set ERROR in diagnostics.
[component_container_mt-1] [WARN] [1785591991.932615715] [sensing.lidar.concatenate_data]: transformed_raw_points[/sensing/lidar/right/pointcloud_before_sync] is nullptr, skipping pointcloud publish.
[component_container_mt-1] [WARN] [1785591991.932693798] [sensing.lidar.concatenate_data]: transformed_raw_points[/sensing/lidar/left/pointcloud_before_sync] is nullptr, skipping pointcloud publish.
[component_container-18] [WARN] [1785591991.943027874] [sensing.lidar.top.distortion_corrector_node]: Twist time_stamp is too late. Could not interpolate.
[autoware_mrm_handler_node-13] [INFO] [1785591992.081803982] [system.mrm_handler]: MRM State changed: NORMAL -> MRM_OPERATING
[autoware_mrm_handler_node-13] [WARN] [1785591992.082316000] [system.mrm_handler]: EMERGENCY_STOP is operated.
[component_container_mt-47] [WARN] [1785591992.089438497] [control.vehicle_cmd_gate]: Emergency!
[component_container_mt-48] [INFO] [1785591992.089918755] [control.control_validator]: waiting for /planning/trajectory
[component_container_mt-1] [WARN] [1785591992.133882453] [sensing.lidar.concatenate_data]: transformed_raw_points[/sensing/lidar/right/pointcloud_before_sync] is nullptr, skipping pointcloud publish.
[component_container_mt-1] [WARN] [1785591992.133945078] [sensing.lidar.concatenate_data]: transformed_raw_points[/sensing/lidar/left/pointcloud_before_sync] is nullptr, skipping pointcloud publish.
[autoware_mrm_handler_node-13] [INFO] [1785591992.181879455] [system.mrm_handler]: MRM State changed: MRM_OPERATING -> NORMAL
[autoware_mrm_handler_node-13] [WARN] [1785591992.184111726] [system.mrm_handler]: EMERGENCY_STOP is canceled.
[logging_node-14] [WARN] [1785591992.282006179] [logging_diag_graph]: The target mode is not available for the following reasons:
[logging_node-14] - /autoware/modes/autonomous ERROR
[logging_node-14]     - /autoware/localization ERROR
[logging_node-14]         - [anonymous group] ERROR
[logging_node-14]             - /autoware/localization/topic_rate_check/transform ERROR
[logging_node-14]             - /autoware/localization/accuracy ERROR
[logging_node-14]             - /autoware/localization/sensor_fusion_status ERROR
[logging_node-14]     - /autoware/planning ERROR
[logging_node-14]         - /autoware/planning/routing/state ERROR
[logging_node-14]         - [anonymous group] ERROR
[logging_node-14]             - /autoware/planning/topic_rate_check/route ERROR
[logging_node-14]             - /autoware/planning/topic_rate_check/trajectory ERROR
[logging_node-14]     - /autoware/control ERROR
[logging_node-14]         - /autoware/control/topic_rate_check/trajectory_follower ERROR
[logging_node-14]         - /autoware/control/topic_rate_check/control_command WARN 
[logging_node-14] 
[component_container_mt-47] [INFO] [1785591992.291930170] [control.vehicle_cmd_gate]: The operation mode is changed, but the GearCommand is not received yet:
[component_container_mt-1] [WARN] [1785591992.331919290] [sensing.lidar.concatenate_data]: transformed_raw_points[/sensing/lidar/right/pointcloud_before_sync] is nullptr, skipping pointcloud publish.
[component_container_mt-1] [WARN] [1785591992.331988861] [sensing.lidar.concatenate_data]: transformed_raw_points[/sensing/lidar/left/pointcloud_before_sync] is nullptr, skipping pointcloud publish.
[autoware_ndt_scan_matcher_node-24] [INFO] [1785591992.333176613] [localization.pose_estimator.ndt_scan_matcher]: Mismatch between pose timestamp and current timestamp
[component_container_mt-1] [WARN] [1785591992.434263052] [sensing.lidar.concatenate_data]: transformed_raw_points[/sensing/lidar/right/pointcloud_before_sync] is nullptr, skipping pointcloud publish.
[component_container_mt-1] [WARN] [1785591992.434789453] [sensing.lidar.concatenate_data]: transformed_raw_points[/sensing/lidar/left/pointcloud_before_sync] is nullptr, skipping pointcloud publish.
[autoware_ekf_localizer_node-28] [WARN] [1785591992.934993244] [localization.pose_twist_fusion_filter.ekf_localizer]: EKF period may be too slow to finish pose smoothing!! (0.1000 sec)
[autoware_mrm_handler_node-13] [INFO] [1785591993.081876732] [system.mrm_handler]: MRM State changed: NORMAL -> MRM_OPERATING
[autoware_mrm_handler_node-13] [WARN] [1785591993.085123450] [system.mrm_handler]: EMERGENCY_STOP is operated.
[component_container_mt-47] [WARN] [1785591993.133596711] [control.vehicle_cmd_gate]: Emergency!
[autoware_mrm_handler_node-13] [INFO] [1785591993.182071153] [system.mrm_handler]: MRM State changed: MRM_OPERATING -> NORMAL
[autoware_mrm_handler_node-13] [WARN] [1785591993.183970431] [system.mrm_handler]: EMERGENCY_STOP is canceled.
[component_container_mt-1] [WARN] [1785591993.236021994] [sensing.lidar.concatenate_data]: transformed_raw_points[/sensing/lidar/right/pointcloud_before_sync] is nullptr, skipping pointcloud publish.
[component_container_mt-1] [WARN] [1785591993.236096604] [sensing.lidar.concatenate_data]: transformed_raw_points[/sensing/lidar/left/pointcloud_before_sync] is nullptr, skipping pointcloud publish.
[autoware_ndt_scan_matcher_node-24] [INFO] [1785591993.237812280] [localization.pose_estimator.ndt_scan_matcher]: Mismatch between pose timestamp and current timestamp
[component_container_mt-1] [WARN] [1785591993.431818137] [sensing.lidar.concatenate_data]: transformed_raw_points[/sensing/lidar/right/pointcloud_before_sync] is nullptr, skipping pointcloud publish.
[component_container_mt-1] [WARN] [1785591993.431883462] [sensing.lidar.concatenate_data]: transformed_raw_points[/sensing/lidar/left/pointcloud_before_sync] is nullptr, skipping pointcloud publish.
[autoware_ndt_scan_matcher_node-24] [INFO] [1785591993.432828397] [localization.pose_estimator.ndt_scan_matcher]: pose_buffer_.size() < 2
[autoware_ndt_scan_matcher_node-24] [INFO] [1785591993.444577650] [localization.pose_estimator.ndt_scan_matcher]: pose_buffer_.size() < 2
[component_container_mt-1] [WARN] [1785591993.531845325] [sensing.lidar.concatenate_data]: transformed_raw_points[/sensing/lidar/right/pointcloud_before_sync] is nullptr, skipping pointcloud publish.
[component_container_mt-1] [WARN] [1785591993.531919175] [sensing.lidar.concatenate_data]: transformed_raw_points[/sensing/lidar/left/pointcloud_before_sync] is nullptr, skipping pointcloud publish.
[autoware_ndt_scan_matcher_node-24] [INFO] [1785591993.534269078] [localization.pose_estimator.ndt_scan_matcher]: pose_buffer_.size() < 2
[component_container_mt-1] [WARN] [1785591993.631942536] [sensing.lidar.concatenate_data]: transformed_raw_points[/sensing/lidar/right/pointcloud_before_sync] is nullptr, skipping pointcloud publish.
[component_container_mt-1] [WARN] [1785591993.632018702] [sensing.lidar.concatenate_data]: transformed_raw_points[/sensing/lidar/left/pointcloud_before_sync] is nullptr, skipping pointcloud publish.
[component_container_mt-1] [WARN] [1785591993.832952212] [sensing.lidar.concatenate_data]: transformed_raw_points[/sensing/lidar/right/pointcloud_before_sync] is nullptr, skipping pointcloud publish.
[component_container_mt-1] [WARN] [1785591993.833025538] [sensing.lidar.concatenate_data]: transformed_raw_points[/sensing/lidar/left/pointcloud_before_sync] is nullptr, skipping pointcloud publish.
[component_container_mt-1] [WARN] [1785591993.932495740] [sensing.lidar.concatenate_data]: transformed_raw_points[/sensing/lidar/right/pointcloud_before_sync] is nullptr, skipping pointcloud publish.
[component_container_mt-1] [WARN] [1785591993.932569901] [sensing.lidar.concatenate_data]: transformed_raw_points[/sensing/lidar/left/pointcloud_before_sync] is nullptr, skipping pointcloud publish.
[autoware_mrm_handler_node-13] [INFO] [1785591994.082550195] [system.mrm_handler]: MRM State changed: NORMAL -> MRM_OPERATING
[autoware_mrm_handler_node-13] [WARN] [1785591994.083625651] [system.mrm_handler]: EMERGENCY_STOP is operated.
[component_container_mt-1] [WARN] [1785591994.134357532] [sensing.lidar.concatenate_data]: transformed_raw_points[/sensing/lidar/right/pointcloud_before_sync] is nullptr, skipping pointcloud publish.
[component_container_mt-1] [WARN] [1785591994.134437270] [sensing.lidar.concatenate_data]: transformed_raw_points[/sensing/lidar/left/pointcloud_before_sync] is nullptr, skipping pointcloud publish.
[autoware_mrm_handler_node-13] [INFO] [1785591994.181778478] [system.mrm_handler]: MRM State changed: MRM_OPERATING -> NORMAL
[component_container_mt-47] [WARN] [1785591994.183206175] [control.vehicle_cmd_gate]: Emergency!
[autoware_mrm_handler_node-13] [WARN] [1785591994.183842177] [system.mrm_handler]: EMERGENCY_STOP is canceled.
[component_container-7] [WARN] [1785591994.383926104] [system.topic_state_monitor_object_recognition_objects]: /perception/object_recognition/objects topic rate has dropped to the warning level. Set WARN in diagnostics.
[component_container_mt-1] [WARN] [1785591994.635212343] [sensing.lidar.concatenate_data]: transformed_raw_points[/sensing/lidar/right/pointcloud_before_sync] is nullptr, skipping pointcloud publish.
[component_container_mt-1] [WARN] [1785591994.635293105] [sensing.lidar.concatenate_data]: transformed_raw_points[/sensing/lidar/left/pointcloud_before_sync] is nullptr, skipping pointcloud publish.
[component_container-7] [INFO] [1785591994.883675834] [system.topic_state_monitor_trajectory_follower_control_cmd]: /control/trajectory_follower/control_cmd has not received. Set ERROR in diagnostics.
[autoware_ekf_localizer_node-28] [WARN] [1785591994.989398966] [localization.pose_twist_fusion_filter.ekf_localizer]: EKF period may be too slow to finish pose smoothing!! (0.1000 sec)
[autoware_mrm_handler_node-13] [INFO] [1785591995.082006137] [system.mrm_handler]: MRM State changed: NORMAL -> MRM_OPERATING
[autoware_scenario_selector_node-36] [INFO] [1785591995.082130585] [planning.scenario_planning.scenario_selector]: Waiting for route.
[autoware_mrm_handler_node-13] [WARN] [1785591995.082360289] [system.mrm_handler]: EMERGENCY_STOP is operated.
[component_container_mt-47] [INFO] [1785591995.084389407] [control.trajectory_follower.controller_node_exe]: Waiting for trajectory data
[component_container_mt-47] [INFO] [1785591995.084453105] [control.trajectory_follower.controller_node_exe]: Control is skipped since input data is not ready.
[component_container_mt-1] [WARN] [1785591995.132287718] [sensing.lidar.concatenate_data]: transformed_raw_points[/sensing/lidar/right/pointcloud_before_sync] is nullptr, skipping pointcloud publish.
[component_container_mt-1] [WARN] [1785591995.132846216] [sensing.lidar.concatenate_data]: transformed_raw_points[/sensing/lidar/left/pointcloud_before_sync] is nullptr, skipping pointcloud publish.
[autoware_mrm_handler_node-13] [INFO] [1785591995.182059501] [system.mrm_handler]: MRM State changed: MRM_OPERATING -> NORMAL
[autoware_mrm_handler_node-13] [WARN] [1785591995.182595480] [system.mrm_handler]: EMERGENCY_STOP is canceled.
[component_container_mt-48] [INFO] [1785591995.183427543] [control.autonomous_emergency_braking]: [AEB] waiting for control predicted trajectory
[logging_node-14] [WARN] [1785591995.283041271] [logging_diag_graph]: The target mode is not available for the following reasons:
[logging_node-14] - /autoware/modes/autonomous ERROR
[logging_node-14]     - /autoware/localization ERROR
[logging_node-14]         - [anonymous group] ERROR
[logging_node-14]             - /autoware/localization/topic_rate_check/transform ERROR
[logging_node-14]             - /autoware/localization/accuracy ERROR
[logging_node-14]             - /autoware/localization/sensor_fusion_status ERROR
[logging_node-14]     - /autoware/planning ERROR
[logging_node-14]         - /autoware/planning/routing/state ERROR
[logging_node-14]         - [anonymous group] ERROR
[logging_node-14]             - /autoware/planning/topic_rate_check/route ERROR
[logging_node-14]             - /autoware/planning/topic_rate_check/trajectory ERROR
[logging_node-14]     - /autoware/perception WARN 
[logging_node-14]         - /autoware/perception/topic_rate_check/objects WARN 
[logging_node-14]     - /autoware/control ERROR
[logging_node-14]         - /autoware/control/topic_rate_check/trajectory_follower ERROR
[logging_node-14]         - /autoware/control/topic_rate_check/control_command WARN 
[logging_node-14] 
[component_container_mt-1] [WARN] [1785591995.634279469] [sensing.lidar.concatenate_data]: transformed_raw_points[/sensing/lidar/right/pointcloud_before_sync] is nullptr, skipping pointcloud publish.
[component_container_mt-1] [WARN] [1785591995.634362302] [sensing.lidar.concatenate_data]: transformed_raw_points[/sensing/lidar/left/pointcloud_before_sync] is nullptr, skipping pointcloud publish.
[component_container_mt-40] [INFO] [1785591995.683296840] [planning.scenario_planning.lane_driving.behavior_planning.behavior_path_planner]: waiting for scenario_topic
[component_container_mt-1] [WARN] [1785591995.832769612] [sensing.lidar.concatenate_data]: transformed_raw_points[/sensing/lidar/right/pointcloud_before_sync] is nullptr, skipping pointcloud publish.
[component_container_mt-1] [WARN] [1785591995.832844814] [sensing.lidar.concatenate_data]: transformed_raw_points[/sensing/lidar/left/pointcloud_before_sync] is nullptr, skipping pointcloud publish.
[component_container_mt-48] [INFO] [1785591995.836761901] [control.trajectory_follower.lane_departure_checker_node]: waiting for route msg...
[component_container_mt-1] [WARN] [1785591995.932049239] [sensing.lidar.concatenate_data]: transformed_raw_points[/sensing/lidar/right/pointcloud_before_sync] is nullptr, skipping pointcloud publish.
[component_container_mt-1] [WARN] [1785591995.932125978] [sensing.lidar.concatenate_data]: transformed_raw_points[/sensing/lidar/left/pointcloud_before_sync] is nullptr, skipping pointcloud publish.
[autoware_mrm_handler_node-13] [INFO] [1785591996.082112805] [system.mrm_handler]: MRM State changed: NORMAL -> MRM_OPERATING
[component_container_mt-1] [WARN] [1785591996.084013462] [sensing.lidar.concatenate_data]: transformed_raw_points[/sensing/lidar/right/pointcloud_before_sync] is nullptr, skipping pointcloud publish.
[component_container_mt-1] [WARN] [1785591996.084096535] [sensing.lidar.concatenate_data]: transformed_raw_points[/sensing/lidar/left/pointcloud_before_sync] is nullptr, skipping pointcloud publish.
[autoware_mrm_handler_node-13] [WARN] [1785591996.084633612] [system.mrm_handler]: EMERGENCY_STOP is operated.
[autoware_mrm_handler_node-13] [INFO] [1785591996.183463993] [system.mrm_handler]: MRM State changed: MRM_OPERATING -> NORMAL
[autoware_mrm_handler_node-13] [WARN] [1785591996.186576603] [system.mrm_handler]: EMERGENCY_STOP is canceled.
[component_container_mt-1] [WARN] [1785591996.539241421] [sensing.lidar.concatenate_data]: transformed_raw_points[/sensing/lidar/right/pointcloud_before_sync] is nullptr, skipping pointcloud publish.
[component_container_mt-1] [WARN] [1785591996.539325562] [sensing.lidar.concatenate_data]: transformed_raw_points[/sensing/lidar/left/pointcloud_before_sync] is nullptr, skipping pointcloud publish.
[component_container-18] [WARN] [1785591996.545057061] [sensing.lidar.top.crop_box_filter_self]: Invalid PointCloud: is_dense is false. The point cloud should be organized (dense) and contain only valid points. This will be an ERROR starting in 2026 JulyFrame: 'velodyne_top', Stamp: 93.654060473
[component_container_mt-1] [WARN] [1785591996.736336199] [sensing.lidar.concatenate_data]: transformed_raw_points[/sensing/lidar/right/pointcloud_before_sync] is nullptr, skipping pointcloud publish.
[component_container_mt-1] [WARN] [1785591996.736406767] [sensing.lidar.concatenate_data]: transformed_raw_points[/sensing/lidar/left/pointcloud_before_sync] is nullptr, skipping pointcloud publish.
[component_container_mt-1] [WARN] [1785591996.737173126] [sensing.lidar.concatenate_data]: transformed_raw_points[/sensing/lidar/right/pointcloud_before_sync] is nullptr, skipping pointcloud publish.
[component_container_mt-1] [WARN] [1785591996.737191886] [sensing.lidar.concatenate_data]: transformed_raw_points[/sensing/lidar/left/pointcloud_before_sync] is nullptr, skipping pointcloud publish.
[component_container_mt-1] [WARN] [1785591996.854739696] [localization.util.crop_box_filter_measurement_range]: Invalid PointCloud: row_step mismatch. Expected: 99152 (width 6197 * point_step 16), Got: 0. Frame: 'base_link', Stamp: 93.954060477 Please fill in the `cloud->row_step` field accordingly. This will be an ERROR starting in 2026 July
[component_container_mt-1] [WARN] [1785591996.931899381] [sensing.lidar.concatenate_data]: transformed_raw_points[/sensing/lidar/right/pointcloud_before_sync] is nullptr, skipping pointcloud publish.
[component_container_mt-1] [WARN] [1785591996.931980634] [sensing.lidar.concatenate_data]: transformed_raw_points[/sensing/lidar/left/pointcloud_before_sync] is nullptr, skipping pointcloud publish.
[autoware_ndt_scan_matcher_node-24] [INFO] [1785591996.933400094] [localization.pose_estimator.ndt_scan_matcher]: Mismatch between pose timestamp and current timestamp
[component_container_mt-1] [WARN] [1785591997.031939746] [sensing.lidar.concatenate_data]: transformed_raw_points[/sensing/lidar/right/pointcloud_before_sync] is nullptr, skipping pointcloud publish.
[component_container_mt-1] [WARN] [1785591997.032012702] [sensing.lidar.concatenate_data]: transformed_raw_points[/sensing/lidar/left/pointcloud_before_sync] is nullptr, skipping pointcloud publish.
[autoware_mrm_handler_node-13] [INFO] [1785591997.082026825] [system.mrm_handler]: MRM State changed: NORMAL -> MRM_OPERATING
[autoware_mrm_handler_node-13] [WARN] [1785591997.082538524] [system.mrm_handler]: EMERGENCY_STOP is operated.
[autoware_mrm_handler_node-13] [INFO] [1785591997.182289760] [system.mrm_handler]: MRM State changed: MRM_OPERATING -> NORMAL
[autoware_mrm_handler_node-13] [WARN] [1785591997.183516277] [system.mrm_handler]: EMERGENCY_STOP is canceled.
[component_container_mt-1] [WARN] [1785591997.231935337] [sensing.lidar.concatenate_data]: transformed_raw_points[/sensing/lidar/right/pointcloud_before_sync] is nullptr, skipping pointcloud publish.
[component_container_mt-1] [WARN] [1785591997.232013683] [sensing.lidar.concatenate_data]: transformed_raw_points[/sensing/lidar/left/pointcloud_before_sync] is nullptr, skipping pointcloud publish.
[component_container_mt-47] [WARN] [1785591997.232231606] [control.autoware_operation_mode_transition_manager]: Subscribed control_cmd is timed out.
[component_container_mt-47] [INFO] [1785591997.290584642] [control.vehicle_cmd_gate]: The operation mode is changed, but the GearCommand is not received yet:
[component_container-7] [WARN] [1785591997.387214221] [system.topic_state_monitor_object_recognition_objects]: /perception/object_recognition/objects topic rate has dropped to the warning level. Set WARN in diagnostics.
[autoware_ekf_localizer_node-28] [WARN] [1785591997.483095261] [localization.pose_twist_fusion_filter.ekf_localizer]: EKF period may be too slow to finish pose smoothing!! (0.1000 sec)
[component_container_mt-1] [WARN] [1785591997.637606693] [sensing.lidar.concatenate_data]: transformed_raw_points[/sensing/lidar/right/pointcloud_before_sync] is nullptr, skipping pointcloud publish.
[component_container_mt-1] [WARN] [1785591997.637669290] [sensing.lidar.concatenate_data]: transformed_raw_points[/sensing/lidar/left/pointcloud_before_sync] is nullptr, skipping pointcloud publish.
[autoware_ndt_scan_matcher_node-24] [INFO] [1785591997.638666833] [localization.pose_estimator.ndt_scan_matcher]: Mismatch between pose timestamp and current timestamp
[component_container_mt-48] [ERROR] [1785591997.695227910] [control.collision_detector]: Failed to get transform from object frame to base_link
[component_container_mt-1] [WARN] [1785591997.734815198] [sensing.lidar.concatenate_data]: transformed_raw_points[/sensing/lidar/right/pointcloud_before_sync] is nullptr, skipping pointcloud publish.
[component_container_mt-1] [WARN] [1785591997.734893362] [sensing.lidar.concatenate_data]: transformed_raw_points[/sensing/lidar/left/pointcloud_before_sync] is nullptr, skipping pointcloud publish.
[autoware_ndt_scan_matcher_node-24] [INFO] [1785591997.740758230] [localization.pose_estimator.ndt_scan_matcher]: Mismatch between pose timestamp and current timestamp
[component_container_mt-1] [WARN] [1785591997.832378031] [sensing.lidar.concatenate_data]: transformed_raw_points[/sensing/lidar/right/pointcloud_before_sync] is nullptr, skipping pointcloud publish.
[component_container_mt-1] [WARN] [1785591997.832452111] [sensing.lidar.concatenate_data]: transformed_raw_points[/sensing/lidar/left/pointcloud_before_sync] is nullptr, skipping pointcloud publish.
[autoware_ndt_scan_matcher_node-24] [INFO] [1785591997.833000219] [localization.pose_estimator.ndt_scan_matcher]: Mismatch between pose timestamp and current timestamp
[component_container-7] [INFO] [1785591997.883951961] [system.topic_state_monitor_trajectory_follower_control_cmd]: /control/trajectory_follower/control_cmd has not received. Set ERROR in diagnostics.
[component_container_mt-1] [WARN] [1785591997.933130875] [sensing.lidar.concatenate_data]: transformed_raw_points[/sensing/lidar/right/pointcloud_before_sync] is nullptr, skipping pointcloud publish.
[component_container_mt-1] [WARN] [1785591997.933208360] [sensing.lidar.concatenate_data]: transformed_raw_points[/sensing/lidar/left/pointcloud_before_sync] is nullptr, skipping pointcloud publish.
[autoware_ndt_scan_matcher_node-24] [INFO] [1785591997.934031630] [localization.pose_estimator.ndt_scan_matcher]: Mismatch between pose timestamp and current timestamp
[component_container_mt-1] [WARN] [1785591998.031821731] [sensing.lidar.concatenate_data]: transformed_raw_points[/sensing/lidar/right/pointcloud_before_sync] is nullptr, skipping pointcloud publish.
[component_container_mt-1] [WARN] [1785591998.031895809] [sensing.lidar.concatenate_data]: transformed_raw_points[/sensing/lidar/left/pointcloud_before_sync] is nullptr, skipping pointcloud publish.
[component_container_mt-1] [WARN] [1785591998.134115315] [sensing.lidar.concatenate_data]: transformed_raw_points[/sensing/lidar/right/pointcloud_before_sync] is nullptr, skipping pointcloud publish.
[component_container_mt-1] [WARN] [1785591998.134176876] [sensing.lidar.concatenate_data]: transformed_raw_points[/sensing/lidar/left/pointcloud_before_sync] is nullptr, skipping pointcloud publish.
[component_container_mt-48] [ERROR] [1785591998.290151452] [control.collision_detector]: Failed to get transform from object frame to base_link
[component_container_mt-1] [WARN] [1785591998.335450393] [sensing.lidar.concatenate_data]: transformed_raw_points[/sensing/lidar/right/pointcloud_before_sync] is nullptr, skipping pointcloud publish.
[component_container_mt-1] [WARN] [1785591998.335515080] [sensing.lidar.concatenate_data]: transformed_raw_points[/sensing/lidar/left/pointcloud_before_sync] is nullptr, skipping pointcloud publish.
[logging_node-14] [WARN] [1785591998.781746548] [logging_diag_graph]: The target mode is not available for the following reasons:
[logging_node-14] - /autoware/modes/autonomous ERROR
[logging_node-14]     - /autoware/localization ERROR
[logging_node-14]         - [anonymous group] ERROR
[logging_node-14]             - /autoware/localization/topic_rate_check/transform ERROR
[logging_node-14]             - /autoware/localization/accuracy ERROR
[logging_node-14]             - /autoware/localization/sensor_fusion_status ERROR
[logging_node-14]     - /autoware/planning ERROR
[logging_node-14]         - /autoware/planning/routing/state ERROR
[logging_node-14]         - [anonymous group] ERROR
[logging_node-14]             - /autoware/planning/topic_rate_check/route ERROR
[logging_node-14]             - /autoware/planning/topic_rate_check/trajectory ERROR
[logging_node-14]     - /autoware/perception WARN 
[logging_node-14]         - /autoware/perception/topic_rate_check/objects WARN 
[logging_node-14]     - /autoware/control ERROR
[logging_node-14]         - /autoware/control/topic_rate_check/trajectory_follower ERROR
[logging_node-14]         - /autoware/control/topic_rate_check/control_command ERROR
[logging_node-14]         - /autoware/control/performance_monitoring/lane_departure STALE
[logging_node-14] 
[autoware_mrm_handler_node-13] [INFO] [1785591999.081902677] [system.mrm_handler]: MRM State changed: NORMAL -> MRM_OPERATING
[autoware_mrm_handler_node-13] [WARN] [1785591999.082749746] [system.mrm_handler]: EMERGENCY_STOP is operated.
[component_container_mt-47] [WARN] [1785591999.136341504] [control.vehicle_cmd_gate]: Emergency!
[component_container-18] [WARN] [1785591999.160878609] [sensing.lidar.top.distortion_corrector_node]: IMU time_stamp is too late. Could not interpolate.
[autoware_mrm_handler_node-13] [INFO] [1785591999.182339123] [system.mrm_handler]: MRM State changed: MRM_OPERATING -> NORMAL
[autoware_mrm_handler_node-13] [WARN] [1785591999.184014259] [system.mrm_handler]: EMERGENCY_STOP is canceled.
[component_container_mt-1] [WARN] [1785591999.384879301] [sensing.lidar.concatenate_data]: transformed_raw_points[/sensing/lidar/right/pointcloud_before_sync] is nullptr, skipping pointcloud publish.
[component_container_mt-1] [WARN] [1785591999.384958865] [sensing.lidar.concatenate_data]: transformed_raw_points[/sensing/lidar/left/pointcloud_before_sync] is nullptr, skipping pointcloud publish.
[autoware_ndt_scan_matcher_node-24] [INFO] [1785591999.388406350] [localization.pose_estimator.ndt_scan_matcher]: pose_buffer_.size() < 2
[component_container_mt-1] [WARN] [1785591999.432317943] [sensing.lidar.concatenate_data]: transformed_raw_points[/sensing/lidar/right/pointcloud_before_sync] is nullptr, skipping pointcloud publish.
[component_container_mt-1] [WARN] [1785591999.432400909] [sensing.lidar.concatenate_data]: transformed_raw_points[/sensing/lidar/left/pointcloud_before_sync] is nullptr, skipping pointcloud publish.
[autoware_ndt_scan_matcher_node-24] [INFO] [1785591999.434353440] [localization.pose_estimator.ndt_scan_matcher]: pose_buffer_.size() < 2
[component_container_mt-1] [WARN] [1785591999.483735973] [sensing.lidar.concatenate_data]: transformed_raw_points[/sensing/lidar/right/pointcloud_before_sync] is nullptr, skipping pointcloud publish.
[component_container_mt-1] [WARN] [1785591999.483799633] [sensing.lidar.concatenate_data]: transformed_raw_points[/sensing/lidar/left/pointcloud_before_sync] is nullptr, skipping pointcloud publish.
[autoware_ndt_scan_matcher_node-24] [INFO] [1785591999.484557206] [localization.pose_estimator.ndt_scan_matcher]: pose_buffer_.size() < 2
[component_container_mt-48] [INFO] [1785591999.520755307] [control.control_validator]: waiting for /planning/trajectory
[autoware_ekf_localizer_node-28] [WARN] [1785591999.533229015] [localization.pose_twist_fusion_filter.ekf_localizer]: EKF period may be too slow to finish pose smoothing!! (0.1000 sec)
[autoware_ndt_scan_matcher_node-24] [INFO] [1785591999.548237191] [localization.pose_estimator.ndt_scan_matcher]: pose_buffer_.size() < 2
[component_container_mt-1] [WARN] [1785591999.733847591] [sensing.lidar.concatenate_data]: transformed_raw_points[/sensing/lidar/right/pointcloud_before_sync] is nullptr, skipping pointcloud publish.
[component_container_mt-1] [WARN] [1785591999.733922940] [sensing.lidar.concatenate_data]: transformed_raw_points[/sensing/lidar/left/pointcloud_before_sync] is nullptr, skipping pointcloud publish.
[autoware_ndt_scan_matcher_node-24] [INFO] [1785591999.740041177] [localization.pose_estimator.ndt_scan_matcher]: Mismatch between pose timestamp and current timestamp
[component_container_mt-1] [WARN] [1785591999.832021316] [sensing.lidar.concatenate_data]: transformed_raw_points[/sensing/lidar/right/pointcloud_before_sync] is nullptr, skipping pointcloud publish.
[component_container_mt-1] [WARN] [1785591999.832095470] [sensing.lidar.concatenate_data]: transformed_raw_points[/sensing/lidar/left/pointcloud_before_sync] is nullptr, skipping pointcloud publish.
[component_container_mt-1] [WARN] [1785592000.031967381] [sensing.lidar.concatenate_data]: transformed_raw_points[/sensing/lidar/right/pointcloud_before_sync] is nullptr, skipping pointcloud publish.
[component_container_mt-1] [WARN] [1785592000.032032571] [sensing.lidar.concatenate_data]: transformed_raw_points[/sensing/lidar/left/pointcloud_before_sync] is nullptr, skipping pointcloud publish.
[autoware_mrm_handler_node-13] [INFO] [1785592000.081903067] [system.mrm_handler]: MRM State changed: NORMAL -> MRM_OPERATING
[component_container_mt-47] [INFO] [1785592000.082283990] [control.trajectory_follower.controller_node_exe]: Waiting for trajectory data
[component_container_mt-47] [INFO] [1785592000.082334481] [control.trajectory_follower.controller_node_exe]: Control is skipped since input data is not ready.
[autoware_scenario_selector_node-36] [INFO] [1785592000.082340996] [planning.scenario_planning.scenario_selector]: Waiting for route.
[autoware_mrm_handler_node-13] [WARN] [1785592000.084020400] [system.mrm_handler]: EMERGENCY_STOP is operated.
[component_container_mt-47] [WARN] [1785592000.133087542] [control.vehicle_cmd_gate]: Emergency!
[autoware_mrm_handler_node-13] [INFO] [1785592000.182027898] [system.mrm_handler]: MRM State changed: MRM_OPERATING -> NORMAL
[autoware_mrm_handler_node-13] [WARN] [1785592000.182500639] [system.mrm_handler]: EMERGENCY_STOP is canceled.
[component_container_mt-48] [INFO] [1785592000.183032052] [control.autonomous_emergency_braking]: [AEB] waiting for control predicted trajectory
[component_container_mt-1] [WARN] [1785592000.336682097] [sensing.lidar.concatenate_data]: transformed_raw_points[/sensing/lidar/right/pointcloud_before_sync] is nullptr, skipping pointcloud publish.
[component_container_mt-1] [WARN] [1785592000.336750087] [sensing.lidar.concatenate_data]: transformed_raw_points[/sensing/lidar/left/pointcloud_before_sync] is nullptr, skipping pointcloud publish.
[autoware_ndt_scan_matcher_node-24] [INFO] [1785592000.338041026] [localization.pose_estimator.ndt_scan_matcher]: Mismatch between pose timestamp and current timestamp
[component_container-7] [WARN] [1785592000.386565111] [system.topic_state_monitor_control_command_control_cmd]: /control/command/control_cmd topic rate has dropped to the error level. Set ERROR in diagnostics.
[component_container_mt-1] [WARN] [1785592000.438396177] [sensing.lidar.concatenate_data]: transformed_raw_points[/sensing/lidar/right/pointcloud_before_sync] is nullptr, skipping pointcloud publish.
[component_container_mt-1] [WARN] [1785592000.438459571] [sensing.lidar.concatenate_data]: transformed_raw_points[/sensing/lidar/left/pointcloud_before_sync] is nullptr, skipping pointcloud publish.
[component_container_mt-1] [WARN] [1785592000.634516349] [sensing.lidar.concatenate_data]: transformed_raw_points[/sensing/lidar/right/pointcloud_before_sync] is nullptr, skipping pointcloud publish.
[component_container_mt-1] [WARN] [1785592000.634603059] [sensing.lidar.concatenate_data]: transformed_raw_points[/sensing/lidar/left/pointcloud_before_sync] is nullptr, skipping pointcloud publish.
[autoware_ndt_scan_matcher_node-24] [INFO] [1785592000.637078284] [localization.pose_estimator.ndt_scan_matcher]: Mismatch between pose timestamp and current timestamp
[component_container_mt-1] [WARN] [1785592000.732001602] [sensing.lidar.concatenate_data]: transformed_raw_points[/sensing/lidar/right/pointcloud_before_sync] is nullptr, skipping pointcloud publish.
[component_container_mt-1] [WARN] [1785592000.732225236] [sensing.lidar.concatenate_data]: transformed_raw_points[/sensing/lidar/left/pointcloud_before_sync] is nullptr, skipping pointcloud publish.
[component_container_mt-1] [WARN] [1785592000.832552732] [sensing.lidar.concatenate_data]: transformed_raw_points[/sensing/lidar/right/pointcloud_before_sync] is nullptr, skipping pointcloud publish.
[component_container_mt-1] [WARN] [1785592000.832633907] [sensing.lidar.concatenate_data]: transformed_raw_points[/sensing/lidar/left/pointcloud_before_sync] is nullptr, skipping pointcloud publish.
[autoware_ndt_scan_matcher_node-24] [INFO] [1785592000.834585034] [localization.pose_estimator.ndt_scan_matcher]: Mismatch between pose timestamp and current timestamp
[component_container_mt-48] [INFO] [1785592000.882296676] [control.trajectory_follower.lane_departure_checker_node]: waiting for route msg...
[component_container-7] [INFO] [1785592000.882789748] [system.topic_state_monitor_trajectory_follower_control_cmd]: /control/trajectory_follower/control_cmd has not received. Set ERROR in diagnostics.
[component_container_mt-1] [WARN] [1785592000.940383915] [sensing.lidar.concatenate_data]: transformed_raw_points[/sensing/lidar/right/pointcloud_before_sync] is nullptr, skipping pointcloud publish.
[component_container_mt-1] [WARN] [1785592000.940465113] [sensing.lidar.concatenate_data]: transformed_raw_points[/sensing/lidar/left/pointcloud_before_sync] is nullptr, skipping pointcloud publish.
[autoware_ndt_scan_matcher_node-24] [INFO] [1785592000.941435031] [localization.pose_estimator.ndt_scan_matcher]: Mismatch between pose timestamp and current timestamp
[component_container_mt-1] [WARN] [1785592001.032365807] [sensing.lidar.concatenate_data]: transformed_raw_points[/sensing/lidar/right/pointcloud_before_sync] is nullptr, skipping pointcloud publish.
[component_container_mt-1] [WARN] [1785592001.032427774] [sensing.lidar.concatenate_data]: transformed_raw_points[/sensing/lidar/left/pointcloud_before_sync] is nullptr, skipping pointcloud publish.
[autoware_mrm_handler_node-13] [INFO] [1785592001.082266457] [system.mrm_handler]: MRM State changed: NORMAL -> MRM_OPERATING
[autoware_mrm_handler_node-13] [WARN] [1785592001.083391921] [system.mrm_handler]: EMERGENCY_STOP is operated.
[component_container_mt-40] [INFO] [1785592001.084945363] [planning.scenario_planning.lane_driving.behavior_planning.behavior_path_planner]: waiting for scenario_topic
[component_container_mt-1] [WARN] [1785592001.133890581] [sensing.lidar.concatenate_data]: transformed_raw_points[/sensing/lidar/right/pointcloud_before_sync] is nullptr, skipping pointcloud publish.
[component_container_mt-1] [WARN] [1785592001.133968536] [sensing.lidar.concatenate_data]: transformed_raw_points[/sensing/lidar/left/pointcloud_before_sync] is nullptr, skipping pointcloud publish.
[autoware_mrm_handler_node-13] [INFO] [1785592001.181898656] [system.mrm_handler]: MRM State changed: MRM_OPERATING -> NORMAL
[autoware_mrm_handler_node-13] [WARN] [1785592001.183121237] [system.mrm_handler]: EMERGENCY_STOP is canceled.
[component_container_mt-47] [WARN] [1785592001.187095147] [control.vehicle_cmd_gate]: Emergency!
[component_container_mt-1] [WARN] [1785592001.232292552] [sensing.lidar.concatenate_data]: transformed_raw_points[/sensing/lidar/right/pointcloud_before_sync] is nullptr, skipping pointcloud publish.
[component_container_mt-1] [WARN] [1785592001.232359685] [sensing.lidar.concatenate_data]: transformed_raw_points[/sensing/lidar/left/pointcloud_before_sync] is nullptr, skipping pointcloud publish.
[component_container_mt-1] [WARN] [1785592001.337654136] [sensing.lidar.concatenate_data]: transformed_raw_points[/sensing/lidar/right/pointcloud_before_sync] is nullptr, skipping pointcloud publish.
[component_container_mt-1] [WARN] [1785592001.337733602] [sensing.lidar.concatenate_data]: transformed_raw_points[/sensing/lidar/left/pointcloud_before_sync] is nullptr, skipping pointcloud publish.
[component_container_mt-1] [WARN] [1785592001.431974183] [sensing.lidar.concatenate_data]: transformed_raw_points[/sensing/lidar/right/pointcloud_before_sync] is nullptr, skipping pointcloud publish.
[component_container_mt-1] [WARN] [1785592001.432050122] [sensing.lidar.concatenate_data]: transformed_raw_points[/sensing/lidar/left/pointcloud_before_sync] is nullptr, skipping pointcloud publish.
[component_container_mt-1] [WARN] [1785592001.531960582] [sensing.lidar.concatenate_data]: transformed_raw_points[/sensing/lidar/right/pointcloud_before_sync] is nullptr, skipping pointcloud publish.
[component_container_mt-1] [WARN] [1785592001.532029651] [sensing.lidar.concatenate_data]: transformed_raw_points[/sensing/lidar/left/pointcloud_before_sync] is nullptr, skipping pointcloud publish.
[autoware_ndt_scan_matcher_node-24] [INFO] [1785592001.532701506] [localization.pose_estimator.ndt_scan_matcher]: Mismatch between pose timestamp and current timestamp
[component_container-18] [WARN] [1785592001.545660476] [sensing.lidar.top.crop_box_filter_self]: Invalid PointCloud: is_dense is false. The point cloud should be organized (dense) and contain only valid points. This will be an ERROR starting in 2026 JulyFrame: 'velodyne_top', Stamp: 98.654060547
[component_container_mt-1] [WARN] [1785592001.733117844] [sensing.lidar.concatenate_data]: transformed_raw_points[/sensing/lidar/right/pointcloud_before_sync] is nullptr, skipping pointcloud publish.
[component_container_mt-1] [WARN] [1785592001.733196896] [sensing.lidar.concatenate_data]: transformed_raw_points[/sensing/lidar/left/pointcloud_before_sync] is nullptr, skipping pointcloud publish.
[autoware_ndt_scan_matcher_node-24] [INFO] [1785592001.734303168] [localization.pose_estimator.ndt_scan_matcher]: pose_buffer_.size() < 2
[logging_node-14] [WARN] [1785592001.783060316] [logging_diag_graph]: The target mode is not available for the following reasons:
[logging_node-14] - /autoware/modes/autonomous ERROR
[logging_node-14]     - /autoware/localization ERROR
[logging_node-14]         - [anonymous group] ERROR
[logging_node-14]             - /autoware/localization/topic_rate_check/transform ERROR
[logging_node-14]             - /autoware/localization/scan_matching_status WARN 
[logging_node-14]             - /autoware/localization/accuracy ERROR
[logging_node-14]             - /autoware/localization/sensor_fusion_status ERROR
[logging_node-14]     - /autoware/planning ERROR
[logging_node-14]         - /autoware/planning/routing/state ERROR
[logging_node-14]         - [anonymous group] ERROR
[logging_node-14]             - /autoware/planning/topic_rate_check/route ERROR
[logging_node-14]             - /autoware/planning/topic_rate_check/trajectory ERROR
[logging_node-14]     - /autoware/perception WARN 
[logging_node-14]         - /autoware/perception/topic_rate_check/objects WARN 
[logging_node-14]     - /autoware/control ERROR
[logging_node-14]         - /autoware/control/topic_rate_check/trajectory_follower ERROR
[logging_node-14]         - /autoware/control/topic_rate_check/control_command ERROR
[logging_node-14] 
[component_container_mt-1] [WARN] [1785592001.885531113] [sensing.lidar.concatenate_data]: transformed_raw_points[/sensing/lidar/right/pointcloud_before_sync] is nullptr, skipping pointcloud publish.
[component_container_mt-1] [WARN] [1785592001.885598745] [sensing.lidar.concatenate_data]: transformed_raw_points[/sensing/lidar/left/pointcloud_before_sync] is nullptr, skipping pointcloud publish.
[autoware_ndt_scan_matcher_node-24] [INFO] [1785592001.887409236] [localization.pose_estimator.ndt_scan_matcher]: Mismatch between pose timestamp and current timestamp
[component_container-18] [WARN] [1785592001.946995497] [sensing.lidar.top.distortion_corrector_node]: Twist time_stamp is too late. Could not interpolate.
[component_container_mt-1] [WARN] [1785592001.947785386] [localization.util.crop_box_filter_measurement_range]: Invalid PointCloud: row_step mismatch. Expected: 100816 (width 6301 * point_step 16), Got: 0. Frame: 'base_link', Stamp: 99.054060553 Please fill in the `cloud->row_step` field accordingly. This will be an ERROR starting in 2026 July
[autoware_ekf_localizer_node-28] [WARN] [1785592002.084405876] [localization.pose_twist_fusion_filter.ekf_localizer]: EKF period may be too slow to finish pose smoothing!! (0.1000 sec)
[component_container_mt-1] [WARN] [1785592002.136621660] [sensing.lidar.concatenate_data]: transformed_raw_points[/sensing/lidar/right/pointcloud_before_sync] is nullptr, skipping pointcloud publish.
[component_container_mt-1] [WARN] [1785592002.139884755] [sensing.lidar.concatenate_data]: transformed_raw_points[/sensing/lidar/left/pointcloud_before_sync] is nullptr, skipping pointcloud publish.
[component_container_mt-47] [INFO] [1785592002.388757363] [control.vehicle_cmd_gate]: The operation mode is changed, but the GearCommand is not received yet:
[component_container_mt-1] [WARN] [1785592002.534619858] [sensing.lidar.concatenate_data]: transformed_raw_points[/sensing/lidar/right/pointcloud_before_sync] is nullptr, skipping pointcloud publish.
[component_container_mt-1] [WARN] [1785592002.535489711] [sensing.lidar.concatenate_data]: transformed_raw_points[/sensing/lidar/left/pointcloud_before_sync] is nullptr, skipping pointcloud publish.
[component_container_mt-1] [WARN] [1785592002.831880721] [sensing.lidar.concatenate_data]: transformed_raw_points[/sensing/lidar/right/pointcloud_before_sync] is nullptr, skipping pointcloud publish.
[component_container_mt-1] [WARN] [1785592002.831958734] [sensing.lidar.concatenate_data]: transformed_raw_points[/sensing/lidar/left/pointcloud_before_sync] is nullptr, skipping pointcloud publish.
[component_container_mt-1] [WARN] [1785592003.034930790] [sensing.lidar.concatenate_data]: transformed_raw_points[/sensing/lidar/right/pointcloud_before_sync] is nullptr, skipping pointcloud publish.
[component_container_mt-1] [WARN] [1785592003.035011970] [sensing.lidar.concatenate_data]: transformed_raw_points[/sensing/lidar/left/pointcloud_before_sync] is nullptr, skipping pointcloud publish.
[autoware_ndt_scan_matcher_node-24] [INFO] [1785592003.036532385] [localization.pose_estimator.ndt_scan_matcher]: pose_buffer_.size() < 2
[component_container_mt-1] [WARN] [1785592003.132516429] [sensing.lidar.concatenate_data]: transformed_raw_points[/sensing/lidar/right/pointcloud_before_sync] is nullptr, skipping pointcloud publish.
[component_container_mt-1] [WARN] [1785592003.132596385] [sensing.lidar.concatenate_data]: transformed_raw_points[/sensing/lidar/left/pointcloud_before_sync] is nullptr, skipping pointcloud publish.
[autoware_ndt_scan_matcher_node-24] [INFO] [1785592003.134484337] [localization.pose_estimator.ndt_scan_matcher]: Mismatch between pose timestamp and current timestamp
[component_container-7] [WARN] [1785592003.391911941] [system.topic_state_monitor_traffic_light_recognition_traffic_signals]: /perception/traffic_light_recognition/traffic_signals topic rate has dropped to the warning level. Set WARN in diagnostics.
[component_container_mt-1] [WARN] [1785592003.631863528] [sensing.lidar.concatenate_data]: transformed_raw_points[/sensing/lidar/right/pointcloud_before_sync] is nullptr, skipping pointcloud publish.
[component_container_mt-1] [WARN] [1785592003.631936332] [sensing.lidar.concatenate_data]: transformed_raw_points[/sensing/lidar/left/pointcloud_before_sync] is nullptr, skipping pointcloud publish.
[component_container-7] [INFO] [1785592003.889692377] [system.topic_state_monitor_trajectory_follower_control_cmd]: /control/trajectory_follower/control_cmd has not received. Set ERROR in diagnostics.
[component_container_mt-1] [WARN] [1785592003.932296556] [sensing.lidar.concatenate_data]: transformed_raw_points[/sensing/lidar/right/pointcloud_before_sync] is nullptr, skipping pointcloud publish.
[component_container_mt-1] [WARN] [1785592003.932379849] [sensing.lidar.concatenate_data]: transformed_raw_points[/sensing/lidar/left/pointcloud_before_sync] is nullptr, skipping pointcloud publish.
[autoware_mrm_handler_node-13] [INFO] [1785592004.082301849] [system.mrm_handler]: MRM State changed: NORMAL -> MRM_OPERATING
[autoware_mrm_handler_node-13] [WARN] [1785592004.082870942] [system.mrm_handler]: EMERGENCY_STOP is operated.
[component_container_mt-47] [WARN] [1785592004.083486941] [control.vehicle_cmd_gate]: Emergency!
[component_container_mt-1] [WARN] [1785592004.132190709] [sensing.lidar.concatenate_data]: transformed_raw_points[/sensing/lidar/right/pointcloud_before_sync] is nullptr, skipping pointcloud publish.
[component_container_mt-1] [WARN] [1785592004.132266917] [sensing.lidar.concatenate_data]: transformed_raw_points[/sensing/lidar/left/pointcloud_before_sync] is nullptr, skipping pointcloud publish.
[autoware_mrm_handler_node-13] [INFO] [1785592004.184524747] [system.mrm_handler]: MRM State changed: MRM_OPERATING -> NORMAL
[autoware_mrm_handler_node-13] [WARN] [1785592004.186641627] [system.mrm_handler]: EMERGENCY_STOP is canceled.
[autoware_ekf_localizer_node-28] [WARN] [1785592004.333413515] [localization.pose_twist_fusion_filter.ekf_localizer]: EKF period may be too slow to finish pose smoothing!! (0.1000 sec)
[component_container_mt-1] [WARN] [1785592004.535237327] [sensing.lidar.concatenate_data]: transformed_raw_points[/sensing/lidar/right/pointcloud_before_sync] is nullptr, skipping pointcloud publish.
[component_container_mt-1] [WARN] [1785592004.535321958] [sensing.lidar.concatenate_data]: transformed_raw_points[/sensing/lidar/left/pointcloud_before_sync] is nullptr, skipping pointcloud publish.
[autoware_ndt_scan_matcher_node-24] [INFO] [1785592004.538458274] [localization.pose_estimator.ndt_scan_matcher]: Mismatch between pose timestamp and current timestamp
[component_container_mt-1] [WARN] [1785592004.636180275] [sensing.lidar.concatenate_data]: transformed_raw_points[/sensing/lidar/right/pointcloud_before_sync] is nullptr, skipping pointcloud publish.
[component_container_mt-1] [WARN] [1785592004.636556550] [sensing.lidar.concatenate_data]: transformed_raw_points[/sensing/lidar/left/pointcloud_before_sync] is nullptr, skipping pointcloud publish.
[logging_node-14] [WARN] [1785592004.781850255] [logging_diag_graph]: The target mode is not available for the following reasons:
[logging_node-14] - /autoware/modes/autonomous ERROR
[logging_node-14]     - /autoware/localization ERROR
[logging_node-14]         - [anonymous group] ERROR
[logging_node-14]             - /autoware/localization/topic_rate_check/transform ERROR
[logging_node-14]             - /autoware/localization/accuracy ERROR
[logging_node-14]             - /autoware/localization/sensor_fusion_status ERROR
[logging_node-14]     - /autoware/planning ERROR
[logging_node-14]         - /autoware/planning/routing/state ERROR
[logging_node-14]         - [anonymous group] ERROR
[logging_node-14]             - /autoware/planning/topic_rate_check/route ERROR
[logging_node-14]             - /autoware/planning/topic_rate_check/trajectory ERROR
[logging_node-14]     - /autoware/perception WARN 
[logging_node-14]         - /autoware/perception/topic_rate_check/objects WARN 
[logging_node-14]     - /autoware/control ERROR
[logging_node-14]         - /autoware/control/topic_rate_check/trajectory_follower ERROR
[logging_node-14]         - /autoware/control/topic_rate_check/control_command ERROR
[logging_node-14]         - /autoware/control/performance_monitoring/lane_departure STALE
[logging_node-14] 
[autoware_mrm_handler_node-13] [INFO] [1785592005.081978918] [system.mrm_handler]: MRM State changed: NORMAL -> MRM_OPERATING
[autoware_scenario_selector_node-36] [INFO] [1785592005.082469919] [planning.scenario_planning.scenario_selector]: Waiting for route.
[autoware_mrm_handler_node-13] [WARN] [1785592005.082824265] [system.mrm_handler]: EMERGENCY_STOP is operated.
[component_container_mt-47] [INFO] [1785592005.141368094] [control.trajectory_follower.controller_node_exe]: Waiting for trajectory data
[component_container_mt-47] [INFO] [1785592005.141422842] [control.trajectory_follower.controller_node_exe]: Control is skipped since input data is not ready.
[component_container_mt-47] [WARN] [1785592005.142007073] [control.vehicle_cmd_gate]: Emergency!
[component_container_mt-48] [INFO] [1785592005.142971560] [control.control_validator]: waiting for /planning/trajectory
[autoware_mrm_handler_node-13] [INFO] [1785592005.182405784] [system.mrm_handler]: MRM State changed: MRM_OPERATING -> NORMAL
[autoware_mrm_handler_node-13] [WARN] [1785592005.183129074] [system.mrm_handler]: EMERGENCY_STOP is canceled.
[component_container_mt-48] [INFO] [1785592005.192127202] [control.autonomous_emergency_braking]: [AEB] waiting for control predicted trajectory
[component_container_mt-1] [WARN] [1785592005.282389939] [sensing.lidar.concatenate_data]: transformed_raw_points[/sensing/lidar/right/pointcloud_before_sync] is nullptr, skipping pointcloud publish.
[component_container_mt-1] [WARN] [1785592005.282462679] [sensing.lidar.concatenate_data]: transformed_raw_points[/sensing/lidar/left/pointcloud_before_sync] is nullptr, skipping pointcloud publish.
[component_container_mt-1] [WARN] [1785592005.534899796] [sensing.lidar.concatenate_data]: transformed_raw_points[/sensing/lidar/right/pointcloud_before_sync] is nullptr, skipping pointcloud publish.
[component_container_mt-1] [WARN] [1785592005.534974388] [sensing.lidar.concatenate_data]: transformed_raw_points[/sensing/lidar/left/pointcloud_before_sync] is nullptr, skipping pointcloud publish.
[component_container_mt-48] [INFO] [1785592005.882635064] [control.trajectory_follower.lane_departure_checker_node]: waiting for route msg...
[component_container_mt-1] [WARN] [1785592006.034352158] [sensing.lidar.concatenate_data]: transformed_raw_points[/sensing/lidar/right/pointcloud_before_sync] is nullptr, skipping pointcloud publish.
[component_container_mt-1] [WARN] [1785592006.034424132] [sensing.lidar.concatenate_data]: transformed_raw_points[/sensing/lidar/left/pointcloud_before_sync] is nullptr, skipping pointcloud publish.
[autoware_mrm_handler_node-13] [INFO] [1785592006.081825102] [system.mrm_handler]: MRM State changed: NORMAL -> MRM_OPERATING
[autoware_mrm_handler_node-13] [WARN] [1785592006.082895879] [system.mrm_handler]: EMERGENCY_STOP is operated.
[component_container_mt-40] [INFO] [1785592006.132108818] [planning.scenario_planning.lane_driving.behavior_planning.behavior_path_planner]: waiting for scenario_topic
[autoware_mrm_handler_node-13] [INFO] [1785592006.181988976] [system.mrm_handler]: MRM State changed: MRM_OPERATING -> NORMAL
[autoware_mrm_handler_node-13] [WARN] [1785592006.184536373] [system.mrm_handler]: EMERGENCY_STOP is canceled.
[autoware_ekf_localizer_node-28] [WARN] [1785592006.331930598] [localization.pose_twist_fusion_filter.ekf_localizer]: EKF period may be too slow to finish pose smoothing!! (0.2000 sec)
[component_container-7] [WARN] [1785592006.444517557] [system.topic_state_monitor_object_recognition_objects]: /perception/object_recognition/objects topic rate has dropped to the warning level. Set WARN in diagnostics.
[component_container_mt-1] [WARN] [1785592006.482218114] [sensing.lidar.concatenate_data]: transformed_raw_points[/sensing/lidar/right/pointcloud_before_sync] is nullptr, skipping pointcloud publish.
[component_container_mt-1] [WARN] [1785592006.482287498] [sensing.lidar.concatenate_data]: transformed_raw_points[/sensing/lidar/left/pointcloud_before_sync] is nullptr, skipping pointcloud publish.
[component_container_mt-1] [WARN] [1785592006.537361811] [sensing.lidar.concatenate_data]: transformed_raw_points[/sensing/lidar/right/pointcloud_before_sync] is nullptr, skipping pointcloud publish.
[component_container_mt-1] [WARN] [1785592006.537440474] [sensing.lidar.concatenate_data]: transformed_raw_points[/sensing/lidar/left/pointcloud_before_sync] is nullptr, skipping pointcloud publish.
[component_container-18] [WARN] [1785592006.747212845] [sensing.lidar.top.crop_box_filter_self]: Invalid PointCloud: is_dense is false. The point cloud should be organized (dense) and contain only valid points. This will be an ERROR starting in 2026 JulyFrame: 'velodyne_top', Stamp: 103.854060625
[component_container-7] [INFO] [1785592006.891206199] [system.topic_state_monitor_trajectory_follower_control_cmd]: /control/trajectory_follower/control_cmd has not received. Set ERROR in diagnostics.
[component_container_mt-1] [WARN] [1785592006.931964589] [sensing.lidar.concatenate_data]: transformed_raw_points[/sensing/lidar/right/pointcloud_before_sync] is nullptr, skipping pointcloud publish.
[component_container_mt-1] [WARN] [1785592006.932031446] [sensing.lidar.concatenate_data]: transformed_raw_points[/sensing/lidar/left/pointcloud_before_sync] is nullptr, skipping pointcloud publish.
[autoware_ndt_scan_matcher_node-24] [INFO] [1785592006.934530842] [localization.pose_estimator.ndt_scan_matcher]: Mismatch between pose timestamp and current timestamp
[component_container_mt-1] [WARN] [1785592007.032170884] [sensing.lidar.concatenate_data]: transformed_raw_points[/sensing/lidar/right/pointcloud_before_sync] is nullptr, skipping pointcloud publish.
[component_container_mt-1] [WARN] [1785592007.032249132] [sensing.lidar.concatenate_data]: transformed_raw_points[/sensing/lidar/left/pointcloud_before_sync] is nullptr, skipping pointcloud publish.
[autoware_mrm_handler_node-13] [INFO] [1785592007.082064311] [system.mrm_handler]: MRM State changed: NORMAL -> MRM_OPERATING
[autoware_mrm_handler_node-13] [WARN] [1785592007.082853148] [system.mrm_handler]: EMERGENCY_STOP is operated.
[component_container_mt-47] [WARN] [1785592007.140595306] [control.vehicle_cmd_gate]: Emergency!
[component_container_mt-1] [WARN] [1785592007.150258871] [localization.util.crop_box_filter_measurement_range]: Invalid PointCloud: row_step mismatch. Expected: 100304 (width 6269 * point_step 16), Got: 0. Frame: 'base_link', Stamp: 104.254060631 Please fill in the `cloud->row_step` field accordingly. This will be an ERROR starting in 2026 July
[autoware_mrm_handler_node-13] [INFO] [1785592007.181861490] [system.mrm_handler]: MRM State changed: MRM_OPERATING -> MRM_SUCCEEDED
[autoware_mrm_handler_node-13] [INFO] [1785592007.283656064] [system.mrm_handler]: MRM State changed: MRM_SUCCEEDED -> NORMAL
[autoware_mrm_handler_node-13] [WARN] [1785592007.284715872] [system.mrm_handler]: EMERGENCY_STOP is canceled.
[component_container_mt-1] [WARN] [1785592007.334536956] [sensing.lidar.concatenate_data]: transformed_raw_points[/sensing/lidar/right/pointcloud_before_sync] is nullptr, skipping pointcloud publish.
[component_container_mt-1] [WARN] [1785592007.334603256] [sensing.lidar.concatenate_data]: transformed_raw_points[/sensing/lidar/left/pointcloud_before_sync] is nullptr, skipping pointcloud publish.
[component_container_mt-47] [INFO] [1785592007.383780722] [control.vehicle_cmd_gate]: The operation mode is changed, but the GearCommand is not received yet:
[component_container_mt-1] [WARN] [1785592007.732010331] [sensing.lidar.concatenate_data]: transformed_raw_points[/sensing/lidar/right/pointcloud_before_sync] is nullptr, skipping pointcloud publish.
[component_container_mt-1] [WARN] [1785592007.732072275] [sensing.lidar.concatenate_data]: transformed_raw_points[/sensing/lidar/left/pointcloud_before_sync] is nullptr, skipping pointcloud publish.
[logging_node-14] [WARN] [1785592007.781652519] [logging_diag_graph]: The target mode is not available for the following reasons:
[logging_node-14] - /autoware/modes/autonomous ERROR
[logging_node-14]     - /autoware/localization ERROR
[logging_node-14]         - [anonymous group] ERROR
[logging_node-14]             - /autoware/localization/topic_rate_check/transform ERROR
[logging_node-14]             - /autoware/localization/accuracy ERROR
[logging_node-14]             - /autoware/localization/sensor_fusion_status ERROR
[logging_node-14]     - /autoware/planning ERROR
[logging_node-14]         - /autoware/planning/routing/state ERROR
[logging_node-14]         - [anonymous group] ERROR
[logging_node-14]             - /autoware/planning/topic_rate_check/route ERROR
[logging_node-14]             - /autoware/planning/topic_rate_check/trajectory ERROR
[logging_node-14]     - /autoware/perception WARN 
[logging_node-14]         - /autoware/perception/topic_rate_check/objects WARN 
[logging_node-14]     - /autoware/control ERROR
[logging_node-14]         - /autoware/control/topic_rate_check/trajectory_follower ERROR
[logging_node-14]         - /autoware/control/topic_rate_check/control_command ERROR
[logging_node-14] 
[component_container_mt-1] [WARN] [1785592008.137645733] [sensing.lidar.concatenate_data]: transformed_raw_points[/sensing/lidar/right/pointcloud_before_sync] is nullptr, skipping pointcloud publish.
[component_container_mt-1] [WARN] [1785592008.137727479] [sensing.lidar.concatenate_data]: transformed_raw_points[/sensing/lidar/left/pointcloud_before_sync] is nullptr, skipping pointcloud publish.
[autoware_ekf_localizer_node-28] [WARN] [1785592008.682842199] [localization.pose_twist_fusion_filter.ekf_localizer]: EKF period may be too slow to finish pose smoothing!! (0.1000 sec)
[component_container_mt-1] [WARN] [1785592008.732239292] [sensing.lidar.concatenate_data]: transformed_raw_points[/sensing/lidar/right/pointcloud_before_sync] is nullptr, skipping pointcloud publish.
[component_container_mt-1] [WARN] [1785592008.732303243] [sensing.lidar.concatenate_data]: transformed_raw_points[/sensing/lidar/left/pointcloud_before_sync] is nullptr, skipping pointcloud publish.
[component_container_mt-1] [WARN] [1785592009.033569424] [sensing.lidar.concatenate_data]: transformed_raw_points[/sensing/lidar/right/pointcloud_before_sync] is nullptr, skipping pointcloud publish.
[component_container_mt-1] [WARN] [1785592009.033658270] [sensing.lidar.concatenate_data]: transformed_raw_points[/sensing/lidar/left/pointcloud_before_sync] is nullptr, skipping pointcloud publish.
[autoware_mrm_handler_node-13] [INFO] [1785592009.087103554] [system.mrm_handler]: MRM State changed: NORMAL -> MRM_OPERATING
[autoware_mrm_handler_node-13] [WARN] [1785592009.087866308] [system.mrm_handler]: EMERGENCY_STOP is operated.
[component_container_mt-47] [WARN] [1785592009.133132998] [control.vehicle_cmd_gate]: Emergency!
[component_container-18] [WARN] [1785592009.147488425] [sensing.lidar.top.distortion_corrector_node]: IMU time_stamp is too late. Could not interpolate.
[autoware_mrm_handler_node-13] [INFO] [1785592009.182226471] [system.mrm_handler]: MRM State changed: MRM_OPERATING -> NORMAL
[autoware_mrm_handler_node-13] [WARN] [1785592009.183256791] [system.mrm_handler]: EMERGENCY_STOP is canceled.
[component_container_mt-1] [WARN] [1785592009.334475460] [sensing.lidar.concatenate_data]: transformed_raw_points[/sensing/lidar/right/pointcloud_before_sync] is nullptr, skipping pointcloud publish.
[component_container_mt-1] [WARN] [1785592009.334558117] [sensing.lidar.concatenate_data]: transformed_raw_points[/sensing/lidar/left/pointcloud_before_sync] is nullptr, skipping pointcloud publish.
[component_container-7] [WARN] [1785592009.483011666] [system.topic_state_monitor_obstacle_segmentation_pointcloud]: /perception/obstacle_segmentation/pointcloud topic is timeout. Set ERROR in diagnostics.
[component_container_mt-1] [WARN] [1785592009.532091188] [sensing.lidar.concatenate_data]: transformed_raw_points[/sensing/lidar/right/pointcloud_before_sync] is nullptr, skipping pointcloud publish.
[component_container_mt-1] [WARN] [1785592009.532151415] [sensing.lidar.concatenate_data]: transformed_raw_points[/sensing/lidar/left/pointcloud_before_sync] is nullptr, skipping pointcloud publish.
[component_container_mt-1] [WARN] [1785592009.633991857] [sensing.lidar.concatenate_data]: transformed_raw_points[/sensing/lidar/right/pointcloud_before_sync] is nullptr, skipping pointcloud publish.
[component_container_mt-1] [WARN] [1785592009.634076360] [sensing.lidar.concatenate_data]: transformed_raw_points[/sensing/lidar/left/pointcloud_before_sync] is nullptr, skipping pointcloud publish.
[component_container_mt-1] [WARN] [1785592009.832998424] [sensing.lidar.concatenate_data]: transformed_raw_points[/sensing/lidar/right/pointcloud_before_sync] is nullptr, skipping pointcloud publish.
[component_container_mt-1] [WARN] [1785592009.833073456] [sensing.lidar.concatenate_data]: transformed_raw_points[/sensing/lidar/left/pointcloud_before_sync] is nullptr, skipping pointcloud publish.
[component_container-7] [INFO] [1785592009.886717664] [system.topic_state_monitor_mission_planning_route]: /planning/mission_planning/route has not received. Set ERROR in diagnostics.
[autoware_mrm_handler_node-13] [INFO] [1785592010.084158637] [system.mrm_handler]: MRM State changed: NORMAL -> MRM_OPERATING
[autoware_scenario_selector_node-36] [INFO] [1785592010.084383568] [planning.scenario_planning.scenario_selector]: Waiting for route.
[autoware_mrm_handler_node-13] [WARN] [1785592010.085376261] [system.mrm_handler]: EMERGENCY_STOP is operated.
[component_container_mt-47] [INFO] [1785592010.133997873] [control.trajectory_follower.controller_node_exe]: Waiting for trajectory data
[component_container_mt-47] [INFO] [1785592010.134055334] [control.trajectory_follower.controller_node_exe]: Control is skipped since input data is not ready.
[component_container_mt-47] [WARN] [1785592010.134079050] [control.vehicle_cmd_gate]: Emergency!
[component_container_mt-48] [INFO] [1785592010.134341921] [control.control_validator]: waiting for /planning/trajectory
[autoware_mrm_handler_node-13] [INFO] [1785592010.182175217] [system.mrm_handler]: MRM State changed: MRM_OPERATING -> NORMAL
[autoware_mrm_handler_node-13] [WARN] [1785592010.182810064] [system.mrm_handler]: EMERGENCY_STOP is canceled.
[component_container_mt-48] [INFO] [1785592010.244498995] [control.autonomous_emergency_braking]: [AEB] waiting for control predicted trajectory
[autoware_ekf_localizer_node-28] [WARN] [1785592010.682386622] [localization.pose_twist_fusion_filter.ekf_localizer]: EKF period may be too slow to finish pose smoothing!! (0.1000 sec)
[logging_node-14] [WARN] [1785592010.781883104] [logging_diag_graph]: The target mode is not available for the following reasons:
[logging_node-14] - /autoware/modes/autonomous ERROR
[logging_node-14]     - /autoware/localization ERROR
[logging_node-14]         - [anonymous group] ERROR
[logging_node-14]             - /autoware/localization/topic_rate_check/transform ERROR
[logging_node-14]             - /autoware/localization/scan_matching_status STALE
[logging_node-14]             - /autoware/localization/accuracy ERROR
[logging_node-14]             - /autoware/localization/sensor_fusion_status ERROR
[logging_node-14]     - /autoware/planning ERROR
[logging_node-14]         - /autoware/planning/routing/state ERROR
[logging_node-14]         - [anonymous group] ERROR
[logging_node-14]             - /autoware/planning/topic_rate_check/route ERROR
[logging_node-14]             - /autoware/planning/topic_rate_check/trajectory ERROR
[logging_node-14]     - /autoware/perception ERROR
[logging_node-14]         - /autoware/perception/topic_rate_check/objects ERROR
[logging_node-14]         - /autoware/perception/topic_rate_check/pointcloud ERROR
[logging_node-14]     - /autoware/control ERROR
[logging_node-14]         - /autoware/control/topic_rate_check/trajectory_follower ERROR
[logging_node-14]         - /autoware/control/topic_rate_check/control_command ERROR
[logging_node-14]         - /autoware/control/performance_monitoring/lane_departure STALE
[logging_node-14] 
[component_container_mt-48] [INFO] [1785592010.881925913] [control.trajectory_follower.lane_departure_checker_node]: waiting for route msg...
[component_container_mt-40] [INFO] [1785592011.183945745] [planning.scenario_planning.lane_driving.behavior_planning.behavior_path_planner]: waiting for scenario_topic
[component_container_mt-1] [WARN] [1785592011.731828586] [sensing.lidar.concatenate_data]: transformed_raw_points[/sensing/lidar/right/pointcloud_before_sync] is nullptr, skipping pointcloud publish.
[component_container_mt-1] [WARN] [1785592011.731909266] [sensing.lidar.concatenate_data]: transformed_raw_points[/sensing/lidar/left/pointcloud_before_sync] is nullptr, skipping pointcloud publish.
[autoware_ndt_scan_matcher_node-24] [INFO] [1785592011.735368893] [localization.pose_estimator.ndt_scan_matcher]: Mismatch between pose timestamp and current timestamp
[component_container_mt-1] [WARN] [1785592011.833406755] [sensing.lidar.concatenate_data]: transformed_raw_points[/sensing/lidar/right/pointcloud_before_sync] is nullptr, skipping pointcloud publish.
[component_container_mt-1] [WARN] [1785592011.833497375] [sensing.lidar.concatenate_data]: transformed_raw_points[/sensing/lidar/left/pointcloud_before_sync] is nullptr, skipping pointcloud publish.
[component_container-18] [WARN] [1785592011.845033885] [sensing.lidar.top.crop_box_filter_self]: Invalid PointCloud: is_dense is false. The point cloud should be organized (dense) and contain only valid points. This will be an ERROR starting in 2026 JulyFrame: 'velodyne_top', Stamp: 108.954060701
[component_container-18] [WARN] [1785592011.945417144] [sensing.lidar.top.distortion_corrector_node]: Twist time_stamp is too late. Could not interpolate.
[component_container_mt-1] [WARN] [1785592012.032678671] [sensing.lidar.concatenate_data]: transformed_raw_points[/sensing/lidar/right/pointcloud_before_sync] is nullptr, skipping pointcloud publish.
[component_container_mt-1] [WARN] [1785592012.032755712] [sensing.lidar.concatenate_data]: transformed_raw_points[/sensing/lidar/left/pointcloud_before_sync] is nullptr, skipping pointcloud publish.
[autoware_ndt_scan_matcher_node-24] [INFO] [1785592012.038779374] [localization.pose_estimator.ndt_scan_matcher]: Mismatch between pose timestamp and current timestamp
[component_container_mt-1] [WARN] [1785592012.131940854] [sensing.lidar.concatenate_data]: transformed_raw_points[/sensing/lidar/right/pointcloud_before_sync] is nullptr, skipping pointcloud publish.
[component_container_mt-1] [WARN] [1785592012.132021152] [sensing.lidar.concatenate_data]: transformed_raw_points[/sensing/lidar/left/pointcloud_before_sync] is nullptr, skipping pointcloud publish.
[component_container_mt-1] [WARN] [1785592012.144584243] [localization.util.crop_box_filter_measurement_range]: Invalid PointCloud: row_step mismatch. Expected: 100176 (width 6261 * point_step 16), Got: 0. Frame: 'base_link', Stamp: 109.254060705 Please fill in the `cloud->row_step` field accordingly. This will be an ERROR starting in 2026 July
[component_container_mt-1] [WARN] [1785592012.332194705] [sensing.lidar.concatenate_data]: transformed_raw_points[/sensing/lidar/right/pointcloud_before_sync] is nullptr, skipping pointcloud publish.
[component_container_mt-1] [WARN] [1785592012.332275967] [sensing.lidar.concatenate_data]: transformed_raw_points[/sensing/lidar/left/pointcloud_before_sync] is nullptr, skipping pointcloud publish.
[component_container_mt-47] [INFO] [1785592012.390889564] [control.vehicle_cmd_gate]: The operation mode is changed, but the GearCommand is not received yet:
[component_container-7] [WARN] [1785592012.482653545] [system.topic_state_monitor_obstacle_segmentation_pointcloud]: /perception/obstacle_segmentation/pointcloud topic is timeout. Set ERROR in diagnostics.
[component_container_mt-1] [WARN] [1785592012.532050030] [sensing.lidar.concatenate_data]: transformed_raw_points[/sensing/lidar/right/pointcloud_before_sync] is nullptr, skipping pointcloud publish.
[component_container_mt-1] [WARN] [1785592012.532131110] [sensing.lidar.concatenate_data]: transformed_raw_points[/sensing/lidar/left/pointcloud_before_sync] is nullptr, skipping pointcloud publish.
[component_container_mt-1] [WARN] [1785592012.832051257] [sensing.lidar.concatenate_data]: transformed_raw_points[/sensing/lidar/right/pointcloud_before_sync] is nullptr, skipping pointcloud publish.
[component_container_mt-1] [WARN] [1785592012.833298213] [sensing.lidar.concatenate_data]: transformed_raw_points[/sensing/lidar/left/pointcloud_before_sync] is nullptr, skipping pointcloud publish.
[component_container-7] [INFO] [1785592012.882612567] [system.topic_state_monitor_trajectory_follower_control_cmd]: /control/trajectory_follower/control_cmd has not received. Set ERROR in diagnostics.
[component_container_mt-1] [WARN] [1785592013.031853417] [sensing.lidar.concatenate_data]: transformed_raw_points[/sensing/lidar/right/pointcloud_before_sync] is nullptr, skipping pointcloud publish.
[component_container_mt-1] [WARN] [1785592013.031938441] [sensing.lidar.concatenate_data]: transformed_raw_points[/sensing/lidar/left/pointcloud_before_sync] is nullptr, skipping pointcloud publish.
[autoware_mrm_handler_node-13] [INFO] [1785592013.181945538] [system.mrm_handler]: MRM State changed: NORMAL -> MRM_OPERATING
[autoware_mrm_handler_node-13] [WARN] [1785592013.183793436] [system.mrm_handler]: EMERGENCY_STOP is operated.
[component_container_mt-47] [WARN] [1785592013.190205920] [control.autoware_operation_mode_transition_manager]: Subscribed control_cmd is timed out.
[autoware_mrm_handler_node-13] [INFO] [1785592013.281991253] [system.mrm_handler]: MRM State changed: MRM_OPERATING -> NORMAL
[autoware_mrm_handler_node-13] [WARN] [1785592013.282393705] [system.mrm_handler]: EMERGENCY_STOP is canceled.
[autoware_ekf_localizer_node-28] [WARN] [1785592013.382169232] [localization.pose_twist_fusion_filter.ekf_localizer]: EKF period may be too slow to finish pose smoothing!! (0.1000 sec)
[component_container_mt-1] [WARN] [1785592013.732942368] [sensing.lidar.concatenate_data]: transformed_raw_points[/sensing/lidar/right/pointcloud_before_sync] is nullptr, skipping pointcloud publish.
[component_container_mt-1] [WARN] [1785592013.733020170] [sensing.lidar.concatenate_data]: transformed_raw_points[/sensing/lidar/left/pointcloud_before_sync] is nullptr, skipping pointcloud publish.
[component_container_mt-1] [WARN] [1785592013.835386823] [sensing.lidar.concatenate_data]: transformed_raw_points[/sensing/lidar/right/pointcloud_before_sync] is nullptr, skipping pointcloud publish.
[component_container_mt-1] [WARN] [1785592013.835471896] [sensing.lidar.concatenate_data]: transformed_raw_points[/sensing/lidar/left/pointcloud_before_sync] is nullptr, skipping pointcloud publish.
[component_container_mt-1] [WARN] [1785592013.934659650] [sensing.lidar.concatenate_data]: transformed_raw_points[/sensing/lidar/right/pointcloud_before_sync] is nullptr, skipping pointcloud publish.
[component_container_mt-1] [WARN] [1785592013.934750272] [sensing.lidar.concatenate_data]: transformed_raw_points[/sensing/lidar/left/pointcloud_before_sync] is nullptr, skipping pointcloud publish.
[component_container_mt-1] [WARN] [1785592014.031797375] [sensing.lidar.concatenate_data]: transformed_raw_points[/sensing/lidar/right/pointcloud_before_sync] is nullptr, skipping pointcloud publish.
[component_container_mt-1] [WARN] [1785592014.031891899] [sensing.lidar.concatenate_data]: transformed_raw_points[/sensing/lidar/left/pointcloud_before_sync] is nullptr, skipping pointcloud publish.
[component_container_mt-1] [WARN] [1785592014.132920888] [sensing.lidar.concatenate_data]: transformed_raw_points[/sensing/lidar/right/pointcloud_before_sync] is nullptr, skipping pointcloud publish.
[component_container_mt-1] [WARN] [1785592014.132995274] [sensing.lidar.concatenate_data]: transformed_raw_points[/sensing/lidar/left/pointcloud_before_sync] is nullptr, skipping pointcloud publish.
[component_container_mt-1] [WARN] [1785592014.231926357] [sensing.lidar.concatenate_data]: transformed_raw_points[/sensing/lidar/right/pointcloud_before_sync] is nullptr, skipping pointcloud publish.
[component_container_mt-1] [WARN] [1785592014.232005663] [sensing.lidar.concatenate_data]: transformed_raw_points[/sensing/lidar/left/pointcloud_before_sync] is nullptr, skipping pointcloud publish.
[component_container_mt-1] [WARN] [1785592014.332524174] [sensing.lidar.concatenate_data]: transformed_raw_points[/sensing/lidar/right/pointcloud_before_sync] is nullptr, skipping pointcloud publish.
[component_container_mt-1] [WARN] [1785592014.332586428] [sensing.lidar.concatenate_data]: transformed_raw_points[/sensing/lidar/left/pointcloud_before_sync] is nullptr, skipping pointcloud publish.
[logging_node-14] [WARN] [1785592014.382395531] [logging_diag_graph]: The target mode is not available for the following reasons:
[logging_node-14] - /autoware/modes/autonomous ERROR
[logging_node-14]     - /autoware/localization ERROR
[logging_node-14]         - [anonymous group] ERROR
[logging_node-14]             - /autoware/localization/topic_rate_check/transform ERROR
[logging_node-14]             - /autoware/localization/accuracy ERROR
[logging_node-14]             - /autoware/localization/sensor_fusion_status ERROR
[logging_node-14]     - /autoware/planning ERROR
[logging_node-14]         - /autoware/planning/routing/state STALE
[logging_node-14]         - [anonymous group] ERROR
[logging_node-14]             - /autoware/planning/topic_rate_check/route ERROR
[logging_node-14]             - /autoware/planning/topic_rate_check/trajectory ERROR
[logging_node-14]     - /autoware/perception ERROR
[logging_node-14]         - /autoware/perception/topic_rate_check/objects ERROR
[logging_node-14]         - /autoware/perception/topic_rate_check/pointcloud ERROR
[logging_node-14]     - /autoware/control ERROR
[logging_node-14]         - /autoware/control/topic_rate_check/trajectory_follower ERROR
[logging_node-14]         - /autoware/control/topic_rate_check/control_command ERROR
[logging_node-14] 
[component_container_mt-1] [WARN] [1785592014.431976355] [sensing.lidar.concatenate_data]: transformed_raw_points[/sensing/lidar/right/pointcloud_before_sync] is nullptr, skipping pointcloud publish.
[component_container_mt-1] [WARN] [1785592014.432057740] [sensing.lidar.concatenate_data]: transformed_raw_points[/sensing/lidar/left/pointcloud_before_sync] is nullptr, skipping pointcloud publish.
[component_container_mt-1] [WARN] [1785592014.532477870] [sensing.lidar.concatenate_data]: transformed_raw_points[/sensing/lidar/right/pointcloud_before_sync] is nullptr, skipping pointcloud publish.
[component_container_mt-1] [WARN] [1785592014.533433736] [sensing.lidar.concatenate_data]: transformed_raw_points[/sensing/lidar/left/pointcloud_before_sync] is nullptr, skipping pointcloud publish.
[component_container_mt-1] [WARN] [1785592014.631904884] [sensing.lidar.concatenate_data]: transformed_raw_points[/sensing/lidar/right/pointcloud_before_sync] is nullptr, skipping pointcloud publish.
[component_container_mt-1] [WARN] [1785592014.631994440] [sensing.lidar.concatenate_data]: transformed_raw_points[/sensing/lidar/left/pointcloud_before_sync] is nullptr, skipping pointcloud publish.
[component_container_mt-1] [WARN] [1785592014.731812424] [sensing.lidar.concatenate_data]: transformed_raw_points[/sensing/lidar/right/pointcloud_before_sync] is nullptr, skipping pointcloud publish.
[component_container_mt-1] [WARN] [1785592014.731898288] [sensing.lidar.concatenate_data]: transformed_raw_points[/sensing/lidar/left/pointcloud_before_sync] is nullptr, skipping pointcloud publish.
[component_container_mt-1] [WARN] [1785592014.832319356] [sensing.lidar.concatenate_data]: transformed_raw_points[/sensing/lidar/right/pointcloud_before_sync] is nullptr, skipping pointcloud publish.
[component_container_mt-1] [WARN] [1785592014.832392731] [sensing.lidar.concatenate_data]: transformed_raw_points[/sensing/lidar/left/pointcloud_before_sync] is nullptr, skipping pointcloud publish.
[component_container_mt-1] [WARN] [1785592014.935123081] [sensing.lidar.concatenate_data]: transformed_raw_points[/sensing/lidar/right/pointcloud_before_sync] is nullptr, skipping pointcloud publish.
[component_container_mt-1] [WARN] [1785592014.935181800] [sensing.lidar.concatenate_data]: transformed_raw_points[/sensing/lidar/left/pointcloud_before_sync] is nullptr, skipping pointcloud publish.
[component_container_mt-1] [WARN] [1785592015.032367761] [sensing.lidar.concatenate_data]: transformed_raw_points[/sensing/lidar/right/pointcloud_before_sync] is nullptr, skipping pointcloud publish.
[component_container_mt-1] [WARN] [1785592015.032450427] [sensing.lidar.concatenate_data]: transformed_raw_points[/sensing/lidar/left/pointcloud_before_sync] is nullptr, skipping pointcloud publish.
[autoware_mrm_handler_node-13] [INFO] [1785592015.081729138] [system.mrm_handler]: MRM State changed: NORMAL -> MRM_OPERATING
[autoware_scenario_selector_node-36] [INFO] [1785592015.081888313] [planning.scenario_planning.scenario_selector]: Waiting for route.
[autoware_mrm_handler_node-13] [WARN] [1785592015.082066869] [system.mrm_handler]: EMERGENCY_STOP is operated.
[component_container_mt-47] [WARN] [1785592015.082836597] [control.vehicle_cmd_gate]: Emergency!
[component_container_mt-1] [WARN] [1785592015.132112104] [sensing.lidar.concatenate_data]: transformed_raw_points[/sensing/lidar/right/pointcloud_before_sync] is nullptr, skipping pointcloud publish.
[component_container_mt-1] [WARN] [1785592015.132351034] [sensing.lidar.concatenate_data]: transformed_raw_points[/sensing/lidar/left/pointcloud_before_sync] is nullptr, skipping pointcloud publish.
[component_container_mt-47] [INFO] [1785592015.139413467] [control.trajectory_follower.controller_node_exe]: Waiting for trajectory data
[component_container_mt-47] [INFO] [1785592015.139484096] [control.trajectory_follower.controller_node_exe]: Control is skipped since input data is not ready.
[autoware_mrm_handler_node-13] [INFO] [1785592015.182137225] [system.mrm_handler]: MRM State changed: MRM_OPERATING -> NORMAL
[autoware_mrm_handler_node-13] [WARN] [1785592015.183278036] [system.mrm_handler]: EMERGENCY_STOP is canceled.
[component_container_mt-1] [WARN] [1785592015.232518777] [sensing.lidar.concatenate_data]: transformed_raw_points[/sensing/lidar/right/pointcloud_before_sync] is nullptr, skipping pointcloud publish.
[component_container_mt-1] [WARN] [1785592015.232588689] [sensing.lidar.concatenate_data]: transformed_raw_points[/sensing/lidar/left/pointcloud_before_sync] is nullptr, skipping pointcloud publish.
[component_container_mt-48] [INFO] [1785592015.241781577] [control.control_validator]: waiting for /planning/trajectory
[component_container_mt-48] [INFO] [1785592015.290761694] [control.autonomous_emergency_braking]: [AEB] waiting for control predicted trajectory
[component_container_mt-1] [WARN] [1785592015.332161787] [sensing.lidar.concatenate_data]: transformed_raw_points[/sensing/lidar/right/pointcloud_before_sync] is nullptr, skipping pointcloud publish.
[component_container_mt-1] [WARN] [1785592015.332241153] [sensing.lidar.concatenate_data]: transformed_raw_points[/sensing/lidar/left/pointcloud_before_sync] is nullptr, skipping pointcloud publish.
[component_container_mt-1] [WARN] [1785592015.435247604] [sensing.lidar.concatenate_data]: transformed_raw_points[/sensing/lidar/right/pointcloud_before_sync] is nullptr, skipping pointcloud publish.
[component_container_mt-1] [WARN] [1785592015.435332056] [sensing.lidar.concatenate_data]: transformed_raw_points[/sensing/lidar/left/pointcloud_before_sync] is nullptr, skipping pointcloud publish.
[autoware_ekf_localizer_node-28] [WARN] [1785592015.484435862] [localization.pose_twist_fusion_filter.ekf_localizer]: EKF period may be too slow to finish pose smoothing!! (0.1000 sec)
[component_container_mt-1] [WARN] [1785592015.532187348] [sensing.lidar.concatenate_data]: transformed_raw_points[/sensing/lidar/right/pointcloud_before_sync] is nullptr, skipping pointcloud publish.
[component_container_mt-1] [WARN] [1785592015.532261822] [sensing.lidar.concatenate_data]: transformed_raw_points[/sensing/lidar/left/pointcloud_before_sync] is nullptr, skipping pointcloud publish.
[component_container-7] [WARN] [1785592015.532957644] [system.topic_state_monitor_obstacle_segmentation_pointcloud]: /perception/obstacle_segmentation/pointcloud topic is timeout. Set ERROR in diagnostics.
[component_container_mt-47] [WARN] [1785592015.588896131] [control.vehicle_cmd_gate]: system_emergency heartbeat is timeout.
[component_container_mt-1] [WARN] [1785592015.632086871] [sensing.lidar.concatenate_data]: transformed_raw_points[/sensing/lidar/right/pointcloud_before_sync] is nullptr, skipping pointcloud publish.
[component_container_mt-1] [WARN] [1785592015.632143600] [sensing.lidar.concatenate_data]: transformed_raw_points[/sensing/lidar/left/pointcloud_before_sync] is nullptr, skipping pointcloud publish.
[component_container_mt-1] [WARN] [1785592015.832703398] [sensing.lidar.concatenate_data]: transformed_raw_points[/sensing/lidar/right/pointcloud_before_sync] is nullptr, skipping pointcloud publish.
[component_container_mt-1] [WARN] [1785592015.832782465] [sensing.lidar.concatenate_data]: transformed_raw_points[/sensing/lidar/left/pointcloud_before_sync] is nullptr, skipping pointcloud publish.
[component_container-7] [INFO] [1785592015.883839539] [system.topic_state_monitor_scenario_planning_trajectory]: /planning/trajectory has not received. Set ERROR in diagnostics.
[component_container_mt-1] [WARN] [1785592015.931934434] [sensing.lidar.concatenate_data]: transformed_raw_points[/sensing/lidar/right/pointcloud_before_sync] is nullptr, skipping pointcloud publish.
[component_container_mt-1] [WARN] [1785592015.933036540] [sensing.lidar.concatenate_data]: transformed_raw_points[/sensing/lidar/left/pointcloud_before_sync] is nullptr, skipping pointcloud publish.
[component_container_mt-48] [INFO] [1785592015.951853897] [control.trajectory_follower.lane_departure_checker_node]: waiting for route msg...
[component_container_mt-1] [WARN] [1785592016.035194213] [sensing.lidar.concatenate_data]: transformed_raw_points[/sensing/lidar/right/pointcloud_before_sync] is nullptr, skipping pointcloud publish.
[component_container_mt-1] [WARN] [1785592016.035282493] [sensing.lidar.concatenate_data]: transformed_raw_points[/sensing/lidar/left/pointcloud_before_sync] is nullptr, skipping pointcloud publish.
[autoware_mrm_handler_node-13] [INFO] [1785592016.081879647] [system.mrm_handler]: MRM State changed: NORMAL -> MRM_OPERATING
[autoware_mrm_handler_node-13] [WARN] [1785592016.083094592] [system.mrm_handler]: EMERGENCY_STOP is operated.
[component_container_mt-1] [WARN] [1785592016.131949921] [sensing.lidar.concatenate_data]: transformed_raw_points[/sensing/lidar/right/pointcloud_before_sync] is nullptr, skipping pointcloud publish.
[component_container_mt-1] [WARN] [1785592016.132023403] [sensing.lidar.concatenate_data]: transformed_raw_points[/sensing/lidar/left/pointcloud_before_sync] is nullptr, skipping pointcloud publish.
[autoware_mrm_handler_node-13] [INFO] [1785592016.182427322] [system.mrm_handler]: MRM State changed: MRM_OPERATING -> NORMAL
[autoware_mrm_handler_node-13] [WARN] [1785592016.182842262] [system.mrm_handler]: EMERGENCY_STOP is canceled.
[component_container_mt-1] [WARN] [1785592016.232036192] [sensing.lidar.concatenate_data]: transformed_raw_points[/sensing/lidar/right/pointcloud_before_sync] is nullptr, skipping pointcloud publish.
[component_container_mt-1] [WARN] [1785592016.232100333] [sensing.lidar.concatenate_data]: transformed_raw_points[/sensing/lidar/left/pointcloud_before_sync] is nullptr, skipping pointcloud publish.
[component_container_mt-40] [INFO] [1785592016.250985586] [planning.scenario_planning.lane_driving.behavior_planning.behavior_path_planner]: waiting for scenario_topic
[component_container_mt-1] [WARN] [1785592016.637878122] [sensing.lidar.concatenate_data]: transformed_raw_points[/sensing/lidar/right/pointcloud_before_sync] is nullptr, skipping pointcloud publish.
[component_container_mt-1] [WARN] [1785592016.637953663] [sensing.lidar.concatenate_data]: transformed_raw_points[/sensing/lidar/left/pointcloud_before_sync] is nullptr, skipping pointcloud publish.
[autoware_mrm_handler_node-13] [INFO] [1785592017.081962270] [system.mrm_handler]: MRM State changed: NORMAL -> MRM_OPERATING
[autoware_mrm_handler_node-13] [WARN] [1785592017.085311114] [system.mrm_handler]: EMERGENCY_STOP is operated.
[component_container_mt-47] [WARN] [1785592017.138384718] [control.vehicle_cmd_gate]: Emergency!
[component_container-18] [WARN] [1785592017.149527529] [sensing.lidar.top.crop_box_filter_self]: Invalid PointCloud: is_dense is false. The point cloud should be organized (dense) and contain only valid points. This will be an ERROR starting in 2026 JulyFrame: 'velodyne_top', Stamp: 114.254060780
[autoware_mrm_handler_node-13] [INFO] [1785592017.181852533] [system.mrm_handler]: MRM State changed: MRM_OPERATING -> NORMAL
[autoware_mrm_handler_node-13] [WARN] [1785592017.183431043] [system.mrm_handler]: EMERGENCY_STOP is canceled.
[component_container_mt-1] [WARN] [1785592017.337786950] [sensing.lidar.concatenate_data]: transformed_raw_points[/sensing/lidar/right/pointcloud_before_sync] is nullptr, skipping pointcloud publish.
[component_container_mt-1] [WARN] [1785592017.337865821] [sensing.lidar.concatenate_data]: transformed_raw_points[/sensing/lidar/left/pointcloud_before_sync] is nullptr, skipping pointcloud publish.
[component_container_mt-47] [INFO] [1785592017.389922623] [control.vehicle_cmd_gate]: The operation mode is changed, but the GearCommand is not received yet:
[autoware_ekf_localizer_node-28] [WARN] [1785592017.532374998] [localization.pose_twist_fusion_filter.ekf_localizer]: EKF period may be too slow to finish pose smoothing!! (0.1000 sec)
[component_container_mt-1] [WARN] [1785592017.633053623] [sensing.lidar.concatenate_data]: transformed_raw_points[/sensing/lidar/right/pointcloud_before_sync] is nullptr, skipping pointcloud publish.
[component_container_mt-1] [WARN] [1785592017.633131369] [sensing.lidar.concatenate_data]: transformed_raw_points[/sensing/lidar/left/pointcloud_before_sync] is nullptr, skipping pointcloud publish.
[component_container_mt-1] [WARN] [1785592017.838161996] [sensing.lidar.concatenate_data]: transformed_raw_points[/sensing/lidar/right/pointcloud_before_sync] is nullptr, skipping pointcloud publish.
[component_container_mt-1] [WARN] [1785592017.838229273] [sensing.lidar.concatenate_data]: transformed_raw_points[/sensing/lidar/left/pointcloud_before_sync] is nullptr, skipping pointcloud publish.
[component_container_mt-1] [WARN] [1785592017.986971944] [sensing.lidar.concatenate_data]: transformed_raw_points[/sensing/lidar/right/pointcloud_before_sync] is nullptr, skipping pointcloud publish.
[component_container_mt-1] [WARN] [1785592017.987037266] [sensing.lidar.concatenate_data]: transformed_raw_points[/sensing/lidar/left/pointcloud_before_sync] is nullptr, skipping pointcloud publish.
[component_container_mt-1] [WARN] [1785592018.032751770] [sensing.lidar.concatenate_data]: transformed_raw_points[/sensing/lidar/right/pointcloud_before_sync] is nullptr, skipping pointcloud publish.
[component_container_mt-1] [WARN] [1785592018.032829437] [sensing.lidar.concatenate_data]: transformed_raw_points[/sensing/lidar/left/pointcloud_before_sync] is nullptr, skipping pointcloud publish.
[logging_node-14] [WARN] [1785592018.081952026] [logging_diag_graph]: The target mode is not available for the following reasons:
[logging_node-14] - /autoware/modes/autonomous ERROR
[logging_node-14]     - /autoware/localization ERROR
[logging_node-14]         - [anonymous group] ERROR
[logging_node-14]             - /autoware/localization/topic_rate_check/transform ERROR
[logging_node-14]             - /autoware/localization/accuracy ERROR
[logging_node-14]             - /autoware/localization/sensor_fusion_status ERROR
[logging_node-14]     - /autoware/planning ERROR
[logging_node-14]         - /autoware/planning/routing/state ERROR
[logging_node-14]         - [anonymous group] ERROR
[logging_node-14]             - /autoware/planning/topic_rate_check/route ERROR
[logging_node-14]             - /autoware/planning/topic_rate_check/trajectory ERROR
[logging_node-14]             - /autoware/planning/trajectory_validation ERROR
[logging_node-14]     - /autoware/perception ERROR
[logging_node-14]         - /autoware/perception/topic_rate_check/objects ERROR
[logging_node-14]         - /autoware/perception/topic_rate_check/pointcloud ERROR
[logging_node-14]     - /autoware/control ERROR
[logging_node-14]         - /autoware/control/topic_rate_check/trajectory_follower ERROR
[logging_node-14]         - /autoware/control/topic_rate_check/control_command ERROR
[logging_node-14]     - /adapi/mrm_request/delegate STALE
[logging_node-14] 
[component_container_mt-1] [WARN] [1785592018.082025771] [sensing.lidar.concatenate_data]: transformed_raw_points[/sensing/lidar/right/pointcloud_before_sync] is nullptr, skipping pointcloud publish.
[component_container_mt-1] [WARN] [1785592018.082083310] [sensing.lidar.concatenate_data]: transformed_raw_points[/sensing/lidar/left/pointcloud_before_sync] is nullptr, skipping pointcloud publish.
[autoware_mrm_handler_node-13] [INFO] [1785592018.082399208] [system.mrm_handler]: MRM State changed: NORMAL -> MRM_OPERATING
[autoware_mrm_handler_node-13] [WARN] [1785592018.083006249] [system.mrm_handler]: EMERGENCY_STOP is operated.
[component_container_mt-47] [WARN] [1785592018.133824773] [control.vehicle_cmd_gate]: Emergency!
[autoware_mrm_handler_node-13] [INFO] [1785592018.182478038] [system.mrm_handler]: MRM State changed: MRM_OPERATING -> NORMAL
[autoware_mrm_handler_node-13] [WARN] [1785592018.182922131] [system.mrm_handler]: EMERGENCY_STOP is canceled.
[component_container_mt-1] [WARN] [1785592018.235870117] [sensing.lidar.concatenate_data]: transformed_raw_points[/sensing/lidar/right/pointcloud_before_sync] is nullptr, skipping pointcloud publish.
[component_container_mt-1] [WARN] [1785592018.235959680] [sensing.lidar.concatenate_data]: transformed_raw_points[/sensing/lidar/left/pointcloud_before_sync] is nullptr, skipping pointcloud publish.
[component_container_mt-1] [WARN] [1785592018.334453677] [sensing.lidar.concatenate_data]: transformed_raw_points[/sensing/lidar/right/pointcloud_before_sync] is nullptr, skipping pointcloud publish.
[component_container_mt-1] [WARN] [1785592018.334542521] [sensing.lidar.concatenate_data]: transformed_raw_points[/sensing/lidar/left/pointcloud_before_sync] is nullptr, skipping pointcloud publish.
[autoware_duplicated_node_checker_node-3] [INFO] [1785592018.377090168] [rclcpp]: signal_handler(SIGINT/SIGTERM)
[component_container_mt-1] [INFO] [1785592018.377089203] [rclcpp]: signal_handler(SIGINT/SIGTERM)
[component_container-8] [INFO] [1785592018.377202634] [rclcpp]: signal_handler(SIGINT/SIGTERM)
[INFO] [goal_pose_visualizer-35]: process has finished cleanly [pid 758]
[logging_node-14] [INFO] [1785592018.377220180] [rclcpp]: signal_handler(SIGINT/SIGTERM)
[autoware_pose_initializer_node-26] [INFO] [1785592018.377316159] [rclcpp]: signal_handler(SIGINT/SIGTERM)
[aggregator_node-10] [INFO] [1785592018.377218363] [rclcpp]: signal_handler(SIGINT/SIGTERM)
[component_container-9] [INFO] [1785592018.377337993] [rclcpp]: signal_handler(SIGINT/SIGTERM)
[component_container_mt-15] [INFO] [1785592018.377424008] [rclcpp]: signal_handler(SIGINT/SIGTERM)
[component_container-38] [INFO] [1785592018.377418275] [rclcpp]: signal_handler(SIGINT/SIGTERM)
[component_container_mt-43] [INFO] [1785592018.377453680] [rclcpp]: signal_handler(SIGINT/SIGTERM)
[component_container-18] [INFO] [1785592018.377543604] [rclcpp]: signal_handler(SIGINT/SIGTERM)
[gyro_bias_estimator_node-22] [INFO] [1785592018.377554264] [rclcpp]: signal_handler(SIGINT/SIGTERM)
[component_container_mt-34] [INFO] [1785592018.377625746] [rclcpp]: signal_handler(SIGINT/SIGTERM)
[autoware_remaining_distance_time_calculator_node-45] [INFO] [1785592018.377636573] [rclcpp]: signal_handler(SIGINT/SIGTERM)
[autoware_pose_instability_detector_node-31] [INFO] [1785592018.377660909] [rclcpp]: signal_handler(SIGINT/SIGTERM)
[robot_state_publisher-2] [INFO] [1785592018.377743346] [rclcpp]: signal_handler(SIGINT/SIGTERM)
[autoware_ndt_scan_matcher_node-24] [INFO] [1785592018.378061074] [rclcpp]: signal_handler(SIGINT/SIGTERM)
[autoware_automatic_pose_initializer_node-27] [INFO] [1785592018.378089224] [rclcpp]: signal_handler(SIGINT/SIGTERM)
[processing_time_checker_node-4] [INFO] [1785592018.378210342] [rclcpp]: signal_handler(SIGINT/SIGTERM)
[goal_pose_visualizer-35] [INFO] [1785592018.378264944] [rclcpp]: signal_handler(SIGINT/SIGTERM)
[service_log_checker_node-6] [INFO] [1785592018.378262527] [rclcpp]: signal_handler(SIGINT/SIGTERM)
[autoware_gyro_odometer_node-25] [INFO] [1785592018.378275984] [rclcpp]: signal_handler(SIGINT/SIGTERM)
[component_container-20] [INFO] [1785592018.378381101] [rclcpp]: signal_handler(SIGINT/SIGTERM)
[component_container_mt-40] [INFO] [1785592018.378391933] [rclcpp]: signal_handler(SIGINT/SIGTERM)
[component_container_mt-41] [INFO] [1785592018.378424947] [rclcpp]: signal_handler(SIGINT/SIGTERM)
[planning_evaluator-44] [INFO] [1785592018.377486191] [rclcpp]: signal_handler(SIGINT/SIGTERM)
[autoware_pipeline_latency_monitor_node-5] [INFO] [1785592018.378476376] [rclcpp]: signal_handler(SIGINT/SIGTERM)
[autoware_hazard_lights_selector_node-39] [INFO] [1785592018.378473518] [rclcpp]: signal_handler(SIGINT/SIGTERM)
[component_container-19] [INFO] [1785592018.378531231] [rclcpp]: signal_handler(SIGINT/SIGTERM)
[autoware_ekf_localizer_node-28] [INFO] [1785592018.378707041] [rclcpp]: signal_handler(SIGINT/SIGTERM)
[component_container_mt-42] [INFO] [1785592018.378748330] [rclcpp]: signal_handler(SIGINT/SIGTERM)
[external_velocity_limit_selector-37] [INFO] [1785592018.379131646] [rclcpp]: signal_handler(SIGINT/SIGTERM)
[autoware_hazard_status_converter_node-12] [INFO] [1785592018.379222098] [rclcpp]: signal_handler(SIGINT/SIGTERM)
[autoware_localization_error_monitor_node-32] [INFO] [1785592018.379396427] [rclcpp]: signal_handler(SIGINT/SIGTERM)
[map_hash_generator-16] Traceback (most recent call last):
[map_hash_generator-16]   File "/opt/autoware/lib/autoware_map_loader/map_hash_generator", line 109, in <module>
[map_hash_generator-16]     main()
[map_hash_generator-16]   File "/opt/autoware/lib/autoware_map_loader/map_hash_generator", line 103, in main
[map_hash_generator-16]     rclpy.spin(node)
[map_hash_generator-16]   File "/opt/ros/humble/local/lib/python3.10/dist-packages/rclpy/__init__.py", line 229, in spin
[map_hash_generator-16]     executor.spin_once()
[map_hash_generator-16]   File "/opt/ros/humble/local/lib/python3.10/dist-packages/rclpy/executors.py", line 808, in spin_once
[map_hash_generator-16]     self._spin_once_impl(timeout_sec)
[map_hash_generator-16]   File "/opt/ros/humble/local/lib/python3.10/dist-packages/rclpy/executors.py", line 797, in _spin_once_impl
[map_hash_generator-16]     handler, entity, node = self.wait_for_ready_callbacks(timeout_sec=timeout_sec)
[map_hash_generator-16]   File "/opt/ros/humble/local/lib/python3.10/dist-packages/rclpy/executors.py", line 780, in wait_for_ready_callbacks
[map_hash_generator-16]     return next(self._cb_iter)
[map_hash_generator-16]   File "/opt/ros/humble/local/lib/python3.10/dist-packages/rclpy/executors.py", line 681, in _wait_for_ready_callbacks
[map_hash_generator-16]     raise ExternalShutdownException()
[map_hash_generator-16] rclpy.executors.ExternalShutdownException
[imu_corrector_node-21] [INFO] [1785592018.379812943] [rclcpp]: signal_handler(SIGINT/SIGTERM)
[autoware_manual_lane_change_handler_node-33] [INFO] [1785592018.379946928] [rclcpp]: signal_handler(SIGINT/SIGTERM)
[autoware_vehicle_velocity_converter_node-23] [INFO] [1785592018.379975099] [rclcpp]: signal_handler(SIGINT/SIGTERM)
[autoware_scenario_selector_node-36] [INFO] [1785592018.378154824] [rclcpp]: signal_handler(SIGINT/SIGTERM)
[autoware_mrm_handler_node-13] [INFO] [1785592018.380935944] [rclcpp]: signal_handler(SIGINT/SIGTERM)
[autoware_stop_filter_node-29] [INFO] [1785592018.381062879] [rclcpp]: signal_handler(SIGINT/SIGTERM)
[autoware_map_projection_loader_node-17] [INFO] [1785592018.381495543] [rclcpp]: signal_handler(SIGINT/SIGTERM)
[component_container-7] [INFO] [1785592018.381619874] [rclcpp]: signal_handler(SIGINT/SIGTERM)
[autoware_twist2accel_node-30] [INFO] [1785592018.381930853] [rclcpp]: signal_handler(SIGINT/SIGTERM)
[initial_pose_adaptor_node-51] [INFO] [1785592018.382001433] [rclcpp]: signal_handler(SIGINT/SIGTERM)
[converter_node-11] [INFO] [1785592018.382361765] [rclcpp]: signal_handler(SIGINT/SIGTERM)
[routing_adaptor_node-52] [INFO] [1785592018.382839702] [rclcpp]: signal_handler(SIGINT/SIGTERM)
[component_container_mt-47] [INFO] [1785592018.383683121] [rclcpp]: signal_handler(SIGINT/SIGTERM)
[relay-46] [INFO] [1785592018.384776110] [rclcpp]: signal_handler(SIGINT/SIGTERM)
[component_container_mt-50] [INFO] [1785592018.384949150] [rclcpp]: signal_handler(SIGINT/SIGTERM)
[component_container_mt-48] [INFO] [1785592018.385044176] [rclcpp]: signal_handler(SIGINT/SIGTERM)
[control_evaluator-49] [INFO] [1785592018.385538403] [rclcpp]: signal_handler(SIGINT/SIGTERM)
[INFO] [converter_node-11]: process has finished cleanly [pid 485]
[INFO] [autoware_localization_error_monitor_node-32]: process has finished cleanly [pid 734]
[INFO] [external_velocity_limit_selector-37]: process has finished cleanly [pid 770]
[INFO] [autoware_twist2accel_node-30]: process has finished cleanly [pid 660]
[INFO] [relay-46]: process has finished cleanly [pid 836]
[INFO] [robot_state_publisher-2]: process has finished cleanly [pid 428]
[INFO] [autoware_pose_instability_detector_node-31]: process has finished cleanly [pid 668]
[INFO] [service_log_checker_node-6]: process has finished cleanly [pid 436]
[INFO] [logging_node-14]: process has finished cleanly [pid 491]
[INFO] [autoware_vehicle_velocity_converter_node-23]: process has finished cleanly [pid 572]
[INFO] [autoware_hazard_lights_selector_node-39]: process has finished cleanly [pid 796]
[INFO] [autoware_duplicated_node_checker_node-3]: process has finished cleanly [pid 430]
[INFO] [autoware_map_projection_loader_node-17]: process has finished cleanly [pid 518]
[INFO] [routing_adaptor_node-52]: process has finished cleanly [pid 916]
[INFO] [autoware_gyro_odometer_node-25]: process has finished cleanly [pid 612]
[INFO] [imu_corrector_node-21]: process has finished cleanly [pid 530]
[INFO] [autoware_automatic_pose_initializer_node-27]: process has finished cleanly [pid 639]
[INFO] [autoware_stop_filter_node-29]: process has finished cleanly [pid 656]
[INFO] [aggregator_node-10]: process has finished cleanly [pid 444]
[INFO] [gyro_bias_estimator_node-22]: process has finished cleanly [pid 548]
[INFO] [autoware_pipeline_latency_monitor_node-5]: process has finished cleanly [pid 434]
[ERROR] [map_hash_generator-16]: process has died [pid 516, exit code 1, cmd '/opt/autoware/lib/autoware_map_loader/map_hash_generator --ros-args -r __node:=map_hash_generator -r __ns:=/map -p use_sim_time:=True -p wheel_radius:=0.383 -p wheel_width:=0.235 -p wheel_base:=2.79 -p wheel_tread:=1.64 -p front_overhang:=1.0 -p rear_overhang:=1.1 -p left_overhang:=0.128 -p right_overhang:=0.128 -p vehicle_height:=2.5 -p max_steer_angle:=0.7 -p use_sim_time:=True -p use_sim_time:=True --params-file /tmp/launch_params_yk8r9q74 --params-file /tmp/launch_params_60ypw2l0'].
[INFO] [autoware_hazard_status_converter_node-12]: process has finished cleanly [pid 487]
[INFO] [component_container-9]: process has finished cleanly [pid 442]
[INFO] [autoware_remaining_distance_time_calculator_node-45]: process has finished cleanly [pid 830]
[INFO] [autoware_scenario_selector_node-36]: process has finished cleanly [pid 765]
[INFO] [autoware_pose_initializer_node-26]: process has finished cleanly [pid 625]
[INFO] [component_container-8]: process has finished cleanly [pid 440]
[INFO] [autoware_mrm_handler_node-13]: process has finished cleanly [pid 489]
[INFO] [control_evaluator-49]: process has finished cleanly [pid 861]
[INFO] [autoware_manual_lane_change_handler_node-33]: process has finished cleanly [pid 747]
[component_container_mt-34] *** Aborted at 1785592018 (unix time) try "date -d @1785592018" if you are using GNU date ***
[component_container_mt-34] PC: @                0x0 (unknown)
[component_container_mt-34] *** SIGSEGV (@0x7cfa484b1de0) received by PID 756 (TID 0x7cfa6fc58f40) from PID 1212882400; stack trace: ***
[component_container_mt-34]     @     0x7cfa480764d6 google::(anonymous namespace)::FailureSignalHandler()
[component_container_mt-34]     @     0x7cfa6ff59520 (unknown)
[component_container_mt-34]     @     0x7cfa7049cb31 rclcpp::CallbackGroup::~CallbackGroup()
[INFO] [autoware_ekf_localizer_node-28]: process has finished cleanly [pid 645]
[component_container_mt-34]     @     0x7cfa70497d3a (unknown)
[component_container_mt-34]     @     0x7cfa704c6001 rclcpp::node_interfaces::NodeBase::~NodeBase()
[component_container_mt-34]     @     0x7cfa704c60ba (unknown)
[component_container_mt-34]     @     0x7cfa70497d3a (unknown)
[component_container_mt-34]     @     0x7cfa704bcb2f rclcpp::Node::~Node()
[component_container_mt-34]     @     0x7cfa705d310a (unknown)
[component_container_mt-34]     @     0x7cfa705d36a8 rclcpp_components::ComponentManager::~ComponentManager()
[component_container_mt-34]     @     0x63d3de073bf4 (unknown)
[component_container_mt-34]     @     0x63d3de0736b9 (unknown)
[component_container_mt-34]     @     0x7cfa6ff40d90 (unknown)
[component_container_mt-34]     @     0x7cfa6ff40e40 __libc_start_main
[component_container_mt-34]     @     0x63d3de073975 (unknown)
[INFO] [initial_pose_adaptor_node-51]: process has finished cleanly [pid 906]
[INFO] [processing_time_checker_node-4]: process has finished cleanly [pid 432]
[INFO] [autoware_ndt_scan_matcher_node-24]: process has finished cleanly [pid 596]
[INFO] [component_container-38]: process has finished cleanly [pid 788]
[INFO] [planning_evaluator-44]: process has finished cleanly [pid 825]
[ERROR] [component_container_mt-34]: process has died [pid 756, exit code -11, cmd '/opt/ros/humble/lib/rclcpp_components/component_container_mt --ros-args -r __node:=mission_planner_container -r __ns:=/planning/mission_planning -p use_sim_time:=True -p wheel_radius:=0.383 -p wheel_width:=0.235 -p wheel_base:=2.79 -p wheel_tread:=1.64 -p front_overhang:=1.0 -p rear_overhang:=1.1 -p left_overhang:=0.128 -p right_overhang:=0.128 -p vehicle_height:=2.5 -p max_steer_angle:=0.7 -p use_sim_time:=True -p use_sim_time:=True -p use_sim_time:=True -p wheel_radius:=0.383 -p wheel_width:=0.235 -p wheel_base:=2.79 -p wheel_tread:=1.64 -p front_overhang:=1.0 -p rear_overhang:=1.1 -p left_overhang:=0.128 -p right_overhang:=0.128 -p vehicle_height:=2.5 -p max_steer_angle:=0.7 -p use_sim_time:=True -p wheel_radius:=0.383 -p wheel_width:=0.235 -p wheel_base:=2.79 -p wheel_tread:=1.64 -p front_overhang:=1.0 -p rear_overhang:=1.1 -p left_overhang:=0.128 -p right_overhang:=0.128 -p vehicle_height:=2.5 -p max_steer_angle:=0.7 -p use_sim_time:=True -p wheel_radius:=0.383 -p wheel_width:=0.235 -p wheel_base:=2.79 -p wheel_tread:=1.64 -p front_overhang:=1.0 -p rear_overhang:=1.1 -p left_overhang:=0.128 -p right_overhang:=0.128 -p vehicle_height:=2.5 -p max_steer_angle:=0.7'].
[INFO] [component_container_mt-43]: process has finished cleanly [pid 813]
[INFO] [component_container_mt-15]: process has finished cleanly [pid 510]
[INFO] [component_container_mt-42]: process has finished cleanly [pid 808]
[INFO] [component_container_mt-1]: process has finished cleanly [pid 426]
[INFO] [component_container-19]: process has finished cleanly [pid 522]
[component_container_mt-40] Warning: class_loader.ClassLoader: SEVERE WARNING!!! Attempting to unload library while objects created by this loader exist in the heap! You should delete your objects before attempting to unload the library or destroying the ClassLoader. The library will NOT be unloaded.
[component_container_mt-40]          at line 127 in ./src/class_loader.cpp
[component_container_mt-40] Warning: class_loader.ClassLoader: SEVERE WARNING!!! Attempting to unload library while objects created by this loader exist in the heap! You should delete your objects before attempting to unload the library or destroying the ClassLoader. The library will NOT be unloaded.
[component_container_mt-40]          at line 127 in ./src/class_loader.cpp
[component_container_mt-40] Warning: class_loader.ClassLoader: SEVERE WARNING!!! Attempting to unload library while objects created by this loader exist in the heap! You should delete your objects before attempting to unload the library or destroying the ClassLoader. The library will NOT be unloaded.
[component_container_mt-40]          at line 127 in ./src/class_loader.cpp
[component_container_mt-40] Warning: class_loader.ClassLoader: SEVERE WARNING!!! Attempting to unload library while objects created by this loader exist in the heap! You should delete your objects before attempting to unload the library or destroying the ClassLoader. The library will NOT be unloaded.
[component_container_mt-40]          at line 127 in ./src/class_loader.cpp
[component_container_mt-40] Warning: class_loader.ClassLoader: SEVERE WARNING!!! Attempting to unload library while objects created by this loader exist in the heap! You should delete your objects before attempting to unload the library or destroying the ClassLoader. The library will NOT be unloaded.
[component_container_mt-40]          at line 127 in ./src/class_loader.cpp
[component_container_mt-40] Warning: class_loader.ClassLoader: SEVERE WARNING!!! Attempting to unload library while objects created by this loader exist in the heap! You should delete your objects before attempting to unload the library or destroying the ClassLoader. The library will NOT be unloaded.
[component_container_mt-40]          at line 127 in ./src/class_loader.cpp
[component_container_mt-40] Warning: class_loader.ClassLoader: SEVERE WARNING!!! Attempting to unload library while objects created by this loader exist in the heap! You should delete your objects before attempting to unload the library or destroying the ClassLoader. The library will NOT be unloaded.
[component_container_mt-40]          at line 127 in ./src/class_loader.cpp
[component_container_mt-41] *** Aborted at 1785592018 (unix time) try "date -d @1785592018" if you are using GNU date ***
[component_container_mt-41] PC: @                0x0 (unknown)
[component_container_mt-41] *** SIGSEGV (@0x7639ec37c5e8) received by PID 806 (TID 0x763a7d4fdf40) from PID 18446744073377662440; stack trace: ***
[component_container_mt-41]     @     0x7639d02db4d6 google::(anonymous namespace)::FailureSignalHandler()
[component_container_mt-41]     @     0x763a7d7fe520 (unknown)
[component_container_mt-41]     @     0x763a7dd41b31 rclcpp::CallbackGroup::~CallbackGroup()
[component_container_mt-41]     @     0x763a7dd3cd3a (unknown)
[component_container_mt-41]     @     0x763a7dd6b001 rclcpp::node_interfaces::NodeBase::~NodeBase()
[component_container_mt-41]     @     0x763a7dd6b0ba (unknown)
[component_container_mt-41]     @     0x763a7dd3cd3a (unknown)
[component_container_mt-41]     @     0x763a7dd61b2f rclcpp::Node::~Node()
[component_container_mt-41]     @     0x763a7de7810a (unknown)
[component_container_mt-41]     @     0x763a7de869f7 (unknown)
[component_container_mt-41]     @     0x763a7de7867f rclcpp_components::ComponentManager::~ComponentManager()
[component_container_mt-41]     @     0x5c602a5d4bf4 (unknown)
[component_container_mt-41]     @     0x5c602a5d46b9 (unknown)
[component_container_mt-41]     @     0x763a7d7e5d90 (unknown)
[component_container_mt-41]     @     0x763a7d7e5e40 __libc_start_main
[component_container_mt-41]     @     0x5c602a5d4975 (unknown)
[INFO] [component_container-20]: process has finished cleanly [pid 524]
[ERROR] [component_container_mt-41]: process has died [pid 806, exit code -11, cmd '/opt/ros/humble/lib/rclcpp_components/component_container_mt --ros-args -r __node:=motion_planning_container -r __ns:=/planning/scenario_planning/lane_driving/motion_planning -p use_sim_time:=True -p wheel_radius:=0.383 -p wheel_width:=0.235 -p wheel_base:=2.79 -p wheel_tread:=1.64 -p front_overhang:=1.0 -p rear_overhang:=1.1 -p left_overhang:=0.128 -p right_overhang:=0.128 -p vehicle_height:=2.5 -p max_steer_angle:=0.7 -p use_sim_time:=True -p use_sim_time:=True -p use_sim_time:=True -p wheel_radius:=0.383 -p wheel_width:=0.235 -p wheel_base:=2.79 -p wheel_tread:=1.64 -p front_overhang:=1.0 -p rear_overhang:=1.1 -p left_overhang:=0.128 -p right_overhang:=0.128 -p vehicle_height:=2.5 -p max_steer_angle:=0.7 -p use_sim_time:=True -p wheel_radius:=0.383 -p wheel_width:=0.235 -p wheel_base:=2.79 -p wheel_tread:=1.64 -p front_overhang:=1.0 -p rear_overhang:=1.1 -p left_overhang:=0.128 -p right_overhang:=0.128 -p vehicle_height:=2.5 -p max_steer_angle:=0.7 -p use_sim_time:=True -p wheel_radius:=0.383 -p wheel_width:=0.235 -p wheel_base:=2.79 -p wheel_tread:=1.64 -p front_overhang:=1.0 -p rear_overhang:=1.1 -p left_overhang:=0.128 -p right_overhang:=0.128 -p vehicle_height:=2.5 -p max_steer_angle:=0.7'].
[INFO] [component_container-18]: process has finished cleanly [pid 520]
[INFO] [component_container_mt-48]: process has finished cleanly [pid 856]
[INFO] [component_container_mt-47]: process has finished cleanly [pid 850]
[INFO] [component_container_mt-40]: process has finished cleanly [pid 801]
[INFO] [component_container-7]: process has finished cleanly [pid 438]
[INFO] [component_container_mt-50]: process has finished cleanly [pid 874]
